artist_id	name	genres	years_on_charts	num_hits	num_collab_hits
3TVXtAsR1Inumwj472S9r4	Drake	['canadian hip hop', 'canadian pop', 'hip hop', 'rap', 'toronto rap']	[2017, 2018, 2019, 2020, 2021, 2022]	233	118
1RyvyyTE3xzB2ZywiAwp0i	Future	['atl hip hop', 'hip hop', 'rap', 'southern hip hop', 'trap']	[2017, 2018, 2019, 2020, 2021, 2022]	200	134
06HL4z0CvFAxyc27GXpf02	Taylor Swift	['pop']	[2017, 2018, 2019, 2020, 2021, 2022]	179	27
4MCBfE4596Uoi2O4DtmEMz	Juice WRLD	['chicago rap', 'melodic rap', 'rap']	[2018, 2019, 2020, 2021, 2022]	150	67
50co4Is1HCEo8bhOyUWKpn	Young Thug	['atl hip hop', 'atl trap', 'gangster rap', 'melodic rap', 'rap', 'trap']	[2017, 2018, 2019, 2020, 2021, 2022]	146	134
5f7VJjfbwm532GiveGC0ZK	Lil Baby	['atl hip hop', 'atl trap', 'rap', 'trap']	[2018, 2019, 2020, 2021, 2022]	142	116
0Y5tJX1MQlPlqiwlOH1tJY	Travis Scott	['hip hop', 'rap', 'slap house']	[2017, 2018, 2019, 2020, 2021, 2022]	141	116
2jku7tDXc6XoB6MO2hFuqg	Tory Lanez	['canadian hip hop', 'canadian trap', 'melodic rap', 'r&b', 'rap', 'toronto rap', 'trap']	[2017, 2018, 2019, 2020, 2021, 2022]	141	74
2hlmm7s2ICUX0LVIhVFlZQ	Gunna	['atl hip hop', 'melodic rap', 'rap', 'trap']	[2018, 2019, 2020, 2021, 2022]	136	99
4O15NlyKLIASxsJ0PrXPfz	Lil Uzi Vert	['melodic rap', 'philly rap', 'rage rap', 'rap', 'trap']	[2017, 2018, 2019, 2020, 2021, 2022]	128	83
1Xyo4u8uXC1ZmMpatF05PJ	The Weeknd	['canadian contemporary r&b', 'canadian pop', 'pop']	[2017, 2018, 2019, 2020, 2021, 2022]	124	56
7rkW85dBwwrJtlHRDkJDAC	NAV	['canadian hip hop', 'canadian trap', 'melodic rap', 'rap', 'toronto rap', 'trap']	[2017, 2018, 2019, 2020, 2021, 2022]	119	78
1URnnhqYAYcrqrcwql10ft	21 Savage	['atl hip hop', 'hip hop', 'rap', 'trap']	[2017, 2018, 2019, 2020, 2021, 2022]	108	81
6oMuImdp5ZcFhWP0ESe6mG	Migos	['atl hip hop', 'hip hop', 'rap', 'trap']	[2017, 2018, 2019, 2020, 2021]	106	58
7dGJo4pcD2V6oG8kP0tJRR	Eminem	['detroit hip hop', 'hip hop', 'rap']	[2017, 2018, 2019, 2020, 2021, 2022]	105	56
246dkjvS1zLTtiykXe5h60	Post Malone	['dfw rap', 'melodic rap', 'pop', 'rap']	[2017, 2018, 2019, 2020, 2021, 2022]	102	55
4xRYI6VqpkE3UwrDrAZL8L	Logic	['conscious hip hop', 'hip hop', 'pop rap', 'rap']	[2017, 2018, 2019, 2020, 2021]	101	43
1uNFoZAHBGtllmzznpCI3s	Justin Bieber	['canadian pop', 'pop']	[2017, 2018, 2019, 2020, 2021, 2022]	101	69
6Xgp2XMz1fhVYe7i6yNAax	Trippie Redd	['melodic rap', 'rap', 'trap']	[2017, 2018, 2019, 2020, 2021, 2022]	99	61
0hCNtLu0JehylgoiP8L4Gh	Nicki Minaj	['hip pop', 'pop', 'queens hip hop', 'rap']	[2017, 2018, 2019, 2020, 2021, 2022]	98	82
66CXWjxzNUsdJxJ2JdwvnR	Ariana Grande	['pop']	[2017, 2018, 2019, 2020, 2021, 2022]	95	43
3Nrfpe0tUJi4K4DXYWgMUX	BTS	['k-pop', 'k-pop boy group', 'pop']	[2017, 2018, 2019, 2020, 2021, 2022]	94	19
5K4W6rqBFWDnAN6FQUkS6x	Kanye West	['chicago rap', 'hip hop', 'rap']	[2017, 2018, 2019, 2020, 2021, 2022]	92	38
0VRj0yCOv2FXJNP47XQnx5	Quavo	['atl hip hop', 'melodic rap', 'rap', 'trap']	[2017, 2018, 2019, 2020, 2021]	90	80
0iEtIxbK0KxaSlF7G42ZOp	Metro Boomin	['rap']	[2017, 2018, 2019, 2020, 2021, 2022]	89	89
31W5EY0aAly4Qieq6OFu6I	A Boogie Wit da Hoodie	['melodic rap', 'rap', 'trap']	[2017, 2018, 2019, 2020, 2021, 2022]	87	54
6eUKZXaKkcviH0Ku9w2n3V	Ed Sheeran	['pop', 'singer-songwriter pop', 'uk pop']	[2017, 2018, 2019, 2020, 2021, 2022]	87	43
4r63FhuTkUYltbVAg5TQnk	DaBaby	['hip hop', 'north carolina hip hop', 'rap', 'trap']	[2019, 2020, 2021, 2022]	81	55
55Aa2cqylxrFIXC767Z865	Lil Wayne	['hip hop', 'new orleans rap', 'pop rap', 'rap', 'trap']	[2017, 2018, 2019, 2020, 2021, 2022]	80	63
6LuN9FCkKOj5PcnpouEgny	Khalid	['pop', 'pop r&b']	[2017, 2018, 2019, 2020, 2021, 2022]	78	47
15UsOTVnJzReFVN1VCnxy4	XXXTENTACION	['emo rap', 'miami hip hop']	[2017, 2018, 2019, 2020, 2021, 2022]	75	27
4DdkRBBYG6Yk9Ka8tdJ9BW	Offset	['atl hip hop', 'rap', 'trap']	[2017, 2018, 2019, 2020, 2021, 2022]	70	63
6AgTAQt8XS6jRWi4sX7w49	Polo G	['chicago rap', 'rap']	[2019, 2020, 2021, 2022]	70	45
7c0XG5cIJTrrAgEC3ULPiq	Ty Dolla $ign	['hip hop', 'pop rap', 'r&b', 'southern hip hop', 'trap', 'trap soul']	[2017, 2018, 2019, 2020, 2021]	69	69
0eDvMgVFoNV3TpwtrVCoTj	Pop Smoke	['brooklyn drill', 'rap']	[2019, 2020, 2021, 2022]	69	47
3hcs9uc56yIGFCSy9leWe7	Lil Durk	['chicago drill', 'chicago rap', 'drill', 'hip hop', 'rap', 'trap']	[2018, 2019, 2020, 2021, 2022]	68	57
0c173mlxpT3dSFRgMO8XPh	Big Sean	['detroit hip hop', 'hip hop', 'pop rap', 'r&b', 'rap', 'southern hip hop', 'trap']	[2017, 2018, 2019, 2020, 2021]	65	51
6l3HvQ5sa6mXTsMTB19rO5	J. Cole	['conscious hip hop', 'hip hop', 'north carolina hip hop', 'rap']	[2017, 2018, 2019, 2020, 2021, 2022]	65	32
13y7CgLHjMVRMDqxdx0Xdo	Gucci Mane	['atl hip hop', 'dirty south rap', 'hip hop', 'pop rap', 'rap', 'southern hip hop', 'trap']	[2017, 2018, 2019, 2020, 2022]	60	59
0QHgL1lAIqAw0HtD7YldmP	DJ Khaled	['hip hop', 'miami hip hop', 'pop rap', 'rap']	[2017, 2018, 2019, 2020, 2021]	59	59
6jGMq4yGs7aQzuGsMgVgZR	Lil Tjay	['brooklyn drill', 'melodic rap', 'nyc rap', 'rap']	[2019, 2020, 2021, 2022]	59	33
2YZyLoL8N0Wb9xBt1NhZWg	Kendrick Lamar	['conscious hip hop', 'hip hop', 'rap', 'west coast rap']	[2017, 2018, 2019, 2020, 2021, 2022]	58	42
13ubrt8QOOCPljQ2FL1Kca	A$AP Rocky	['east coast hip hop', 'hip hop', 'rap', 'trap']	[2017, 2018, 2019, 2020, 2021, 2022]	57	44
4kYSro6naA4h99UJvo89HB	Cardi B	['pop', 'rap']	[2017, 2018, 2019, 2020, 2021, 2022]	57	44
4oUHIQIBe0LHzYfvXNW4QM	Morgan Wallen	['contemporary country']	[2018, 2019, 2020, 2021, 2022]	57	10
20sxb77xiYeusSH8cVdatc	Meek Mill	['hip hop', 'philly rap', 'pop rap', 'rap', 'southern hip hop', 'trap']	[2017, 2018, 2019, 2020, 2021]	56	45
69GGBxA162lTqCwzJG5jLp	The Chainsmokers	['electropop', 'pop']	[2017, 2018, 2019, 2020, 2021, 2022]	56	38
6qqNVTkY8uBg9cP3Jd7DAH	Billie Eilish	['art pop', 'electropop', 'pop']	[2018, 2019, 2020, 2021, 2022]	56	5
7n2wHs1TKAczGzO7Dd2rGr	Shawn Mendes	['canadian pop', 'pop', 'viral pop']	[2017, 2018, 2019, 2020, 2021, 2022]	55	15
26VFTg2z8YR0cCuwLzESi2	Halsey	['electropop', 'etherpop', 'indie poptimism', 'pop']	[2017, 2018, 2019, 2020, 2021]	52	21
757aE44tKEUQEqRuT6GnEB	Roddy Ricch	['melodic rap', 'rap', 'trap']	[2018, 2019, 2020, 2021, 2022]	49	37
699OTQXzgjhIYAHMy9RyPD	Playboi Carti	['atl hip hop', 'plugg', 'pluggnb', 'rage rap', 'rap']	[2017, 2018, 2019, 2020, 2021, 2022]	49	30
4Ga1P7PMIsmqEZqhYZQgDo	Lil Tecca	['melodic rap', 'pluggnb', 'rap']	[2019, 2020, 2021, 2022]	49	18
6TIYQ3jFPwQSRmorSezPxX	Machine Gun Kelly	['ohio hip hop', 'pop rap']	[2017, 2018, 2019, 2020, 2021, 2022]	48	34
17lzZA2AlOHwCwFALHttmp	2 Chainz	['atl hip hop', 'hip hop', 'pop rap', 'rap', 'southern hip hop', 'trap']	[2017, 2018, 2019, 2020, 2022]	47	46
4nDoRrQiYLoBzwC5BhVJzF	Camila Cabello	['dance pop', 'pop']	[2017, 2018, 2019, 2020, 2021, 2022]	47	24
4V8LLVI7PbaPR0K2TGSxFF	Tyler, The Creator	['hip hop', 'rap']	[2017, 2018, 2019, 2020, 2021, 2022]	47	25
2HPaUgqeutzr3jx5a9WyDV	PARTYNEXTDOOR	['r&b', 'rap', 'toronto rap', 'urban contemporary']	[2017, 2018, 2019, 2020, 2021, 2022]	46	22
6icQOAFXDZKsumw3YXyusw	Lil Yachty	['atl hip hop', 'melodic rap', 'rap', 'trap']	[2017, 2018, 2019, 2020]	45	42
23fqKkggKUBHNkbKtXEls4	Kygo	['edm', 'pop', 'pop dance', 'tropical house']	[2017, 2018, 2019, 2020, 2021, 2022]	45	45
0C8ZW7ezQVs4URX5aX7Kqx	Selena Gomez	['pop', 'post-teen pop']	[2017, 2018, 2019, 2020, 2021]	45	22
7gZfnEnfiaHzxARJ2LeXrf	6ix9ine	['emo rap']	[2017, 2018, 2019, 2020]	44	24
1zNqQNIdeOUZHb8zbZRFMX	Swae Lee	['melodic rap', 'rap', 'trap']	[2017, 2018, 2019, 2020, 2021, 2022]	44	40
46SHBwWsqBkxI7EeeBEQG7	Kodak Black	['florida drill', 'florida rap', 'melodic rap', 'miami hip hop', 'rap', 'trap', 'trap latino']	[2017, 2018, 2019, 2020, 2021, 2022]	44	30
5LHRHt1k9lMyONurDHEdrp	Tyga	['hip hop', 'pop rap', 'rap', 'trap']	[2017, 2018, 2019, 2020, 2021, 2022]	44	40
00FQb4jTyendYWaN8pK0wa	Lana Del Rey	['art pop', 'pop']	[2017, 2018, 2019, 2020, 2021, 2022]	44	11
53XhwfbYqKCa1cC15pYq2q	Imagine Dragons	['modern rock', 'pop', 'rock']	[2017, 2018, 2019, 2020, 2021, 2022]	43	6
57LYzLEk2LcFghVwuWbcuS	Summer Walker	['r&b']	[2019, 2020, 2021, 2022]	43	25
2EMAnMvWE2eb56ToJVfCWs	Bryson Tiller	['kentucky hip hop', 'r&b', 'rap']	[2017, 2018, 2019, 2020, 2021]	42	11
6M2wZ9GZgrQXHCFfjv46we	Dua Lipa	['dance pop', 'pop', 'uk pop']	[2017, 2018, 2019, 2020, 2021, 2022]	41	20
4LLpKhyESsyAXpc4laK94U	Mac Miller	['hip hop', 'pittsburgh rap', 'rap']	[2018, 2019, 2020, 2021, 2022]	41	6
7bXgB6jMjp9ATFy66eO08Z	Chris Brown	['r&b', 'rap']	[2017, 2018, 2019, 2020, 2021, 2022]	41	35
7jVv8c5Fj3E9VhNjxT4snq	Lil Nas X	['lgbtq+ hip hop']	[2019, 2020, 2021, 2022]	41	17
6vWDO969PvNqNYHIOW5v0m	Beyoncé	['pop', 'r&b']	[2017, 2018, 2019, 2020, 2021, 2022]	40	21
5JZ7CnR6gTvEMKX4g70Amv	Lauv	['pop']	[2017, 2018, 2019, 2020]	40	21
5YGY8feqx7naU7z4HrwZM6	Miley Cyrus	['pop']	[2017, 2018, 2019, 2020, 2021, 2022]	39	14
2wY79sveU1sp5g7SokKOiI	Sam Smith	['pop', 'uk pop']	[2017, 2018, 2019, 2020, 2021]	39	6
0fA0VVWsXO9YnASrzqfmYu	Kid Cudi	['hip hop', 'ohio hip hop', 'pop rap', 'rap']	[2017, 2018, 2019, 2020, 2021, 2022]	38	19
718COspgdWOnwOFpJHRZHS	Luke Combs	['contemporary country', 'country']	[2017, 2018, 2019, 2020, 2021, 2022]	38	6
02kJSzxNuaWGqwubyUba0Z	G-Eazy	['indie pop rap', 'oakland hip hop', 'pop rap', 'rap']	[2017, 2018, 2019, 2020, 2021]	38	35
6ZjFtWeHP9XN7FeKSUe80S	Bing Crosby	['adult standards', 'easy listening', 'lounge']	[2017, 2018, 2019, 2020, 2021]	37	10
1anyVhU62p31KFi8MEzkbf	Chance the Rapper	['chicago rap', 'conscious hip hop', 'hip hop', 'pop rap', 'rap']	[2017, 2018, 2019, 2020, 2021]	37	32
4Gso3d4CscCijv0lmajZWs	Don Toliver	['rap', 'trap']	[2019, 2020, 2021, 2022]	37	20
1pPmIToKXyGdsCF6LmqLmI	Rich The Kid	['atl hip hop', 'melodic rap', 'plugg', 'rap', 'trap']	[2017, 2018, 2019, 2020, 2021]	36	26
3wyVrVrFCkukjdVIdirGVY	Lil Pump	['emo rap', 'miami hip hop', 'pop rap', 'rap', 'trap']	[2017, 2018, 2019]	36	18
5cj0lLjcoR7YOSnhnX0Po5	Doja Cat	['dance pop', 'pop']	[2019, 2020, 2021, 2022]	36	20
64KEffDW9EtZ1y2vBYgq8T	Marshmello	['brostep', 'edm', 'pop', 'progressive electro house']	[2017, 2018, 2019, 2020, 2021, 2022]	35	32
1vyhD5VmyZ7KMfW5gqLgo5	J Balvin	['reggaeton', 'reggaeton colombiano', 'trap latino', 'urbano latino']	[2017, 2018, 2019, 2020, 2021, 2022]	34	32
0YMeriqrS3zgsX24nfY0F0	The Tragically Hip	['canadian rock', 'kingston on indie', 'ontario indie', 'rock']	[2017, 2018, 2019, 2020, 2021]	34	0
3MZsBdqDrRTJihTHQrO6Dq	Joji	['viral pop']	[2018, 2019, 2020]	33	12
4IVAbR2w4JJNJDDRFP3E83	6LACK	['atl hip hop', 'melodic rap', 'r&b', 'rap', 'trap']	[2017, 2018, 2019, 2020, 2021, 2022]	33	16
7tYKF4w9nC0nq9CsPZTHyP	SZA	['pop', 'r&b', 'rap']	[2017, 2018, 2019, 2020, 2021, 2022]	33	31
0cGUm45nv7Z6M6qdXYQGTX	Kehlani	['pop', 'r&b']	[2017, 2018, 2019, 2020, 2021]	32	20
163tK9Wjr9P9DmM0AVK7lm	Lorde	['art pop', 'metropopolis', 'nz pop', 'pop']	[2017, 2018, 2021]	32	3
7wlFDEWiM5OoIAt8RSli8b	YoungBoy Never Broke Again	['baton rouge rap', 'rap']	[2017, 2018, 2019, 2020, 2021, 2022]	32	21
4dpARuHxo51G3z768sgnrY	Adele	['british soul', 'pop', 'pop soul', 'uk pop']	[2017, 2018, 2019, 2021, 2022]	32	0
2tIP7SsRs7vjIcLrU85W8J	The Kid LAROI	['australian hip hop']	[2020, 2021, 2022]	32	20
7CajNmpbOovFoOoasH2HaY	Calvin Harris	['dance pop', 'edm', 'electro house', 'house', 'pop', 'progressive house', 'uk dance']	[2017, 2018, 2019, 2020, 2021, 2022]	31	27
6vXTefBL93Dj5IqAWq6OTv	French Montana	['hip hop', 'pop rap', 'rap', 'southern hip hop', 'trap']	[2017, 2018, 2019, 2020]	30	30
0A0FS04o6zMoto8OKPsDwY	YG	['cali rap', 'hip hop', 'pop rap', 'rap', 'southern hip hop', 'trap']	[2017, 2018, 2019, 2020, 2022]	30	26
3jK9MiCrA42lLAdMGUZpwa	Anderson .Paak	['escape room', 'hip hop', 'indie soul', 'neo soul']	[2018, 2019, 2020, 2021, 2022]	30	27
181bsRPaVXVlUKXrxwZfHK	Megan Thee Stallion	['houston rap', 'pop', 'rap', 'trap queen']	[2019, 2020, 2021, 2022]	30	22
1vCWHaC5f2uS3yhpwWbIA6	Avicii	['edm', 'pop', 'pop dance']	[2017, 2018, 2019, 2020, 2021, 2022]	29	15
1Bl6wpkWCQ4KVgnASpvzzA	BROCKHAMPTON	['boy band', 'rap']	[2017, 2018, 2019, 2020, 2021]	29	6
1HY2Jd0NmPuamShAr6KMms	Lady Gaga	['art pop', 'dance pop', 'pop']	[2017, 2018, 2019, 2020, 2021, 2022]	29	8
04gDigrS5kc9YWfZHwBETP	Maroon 5	['pop']	[2017, 2018, 2019, 2020, 2021, 2022]	29	21
0ZED1XzwlLHW4ZaG4lOT6m	Julia Michaels	['pop']	[2017, 2018, 2019, 2020, 2021, 2022]	29	18
5WUlDfRSoLAfcVSX1WnrxN	Sia	['australian dance', 'australian pop', 'pop']	[2017, 2018, 2019, 2020, 2021]	28	18
5fMUXHkw8R8eOP2RNVYEZX	Diplo	['edm', 'electro house', 'moombahton', 'pop dance']	[2017, 2018, 2019, 2020, 2022]	28	28
6x2LnllRG5uGarZMsD4iO8	Thomas Rhett	['contemporary country', 'country', 'country road', 'modern country rock']	[2017, 2018, 2019, 2020, 2021]	28	8
6KImCVD70vtIoJWnq6nGn3	Harry Styles	['pop']	[2017, 2019, 2020, 2021, 2022]	28	0
6XyY86QOPPrYVGvF9ch6wz	Linkin Park	['alternative metal', 'nu metal', 'post-grunge', 'rap metal', 'rock']	[2017]	27	3
1GxkXlMwML1oSg5eLPiAz3	Michael Bublé	['adult standards', 'canadian pop', 'jazz pop', 'lounge']	[2017, 2018, 2019, 2020, 2021, 2022]	26	9
1Cs0zKBU1kc0i8ypK3B9ai	David Guetta	['big room', 'dance pop', 'edm', 'pop', 'pop dance']	[2017, 2018, 2019, 2020, 2021]	26	24
0du5cEVh5yTK9QJze8zA0C	Bruno Mars	['dance pop', 'pop']	[2017, 2018, 2019, 2020, 2021, 2022]	26	21
3YQKmKGau1PzlVlkL1iodx	Twenty One Pilots	['modern rock', 'pop', 'pov: indie', 'rock']	[2017, 2018, 2019, 2020, 2021]	25	0
6S2OmqARrzebs0tKUEyXyp	Demi Lovato	['pop', 'post-teen pop']	[2017, 2018, 2019, 2020, 2021]	25	11
1xr2G8Hlx4QWmT9HaUbmoO	Young Stoner Life	['pop rap']	[2018, 2020, 2021]	25	25
6fOMl44jA4Sp5b9PpYCkzz	NF	['hip hop', 'pop rap']	[2017, 2018, 2019, 2020, 2021]	25	4
3b8QkneNDz4JHKKKlLgYZg	Florida Georgia Line	['contemporary country', 'country', 'country pop', 'country road', 'modern country rock']	[2017, 2018, 2019, 2020, 2021, 2022]	24	13
6jJ0s89eD6GaHleKKya26X	Katy Perry	['pop']	[2017, 2018, 2019, 2020, 2021, 2022]	24	12
2cFrymmkijnjDg9SS92EPM	blackbear	['pop']	[2017, 2018, 2019, 2020, 2021, 2022]	24	13
5IcR3N7QB1j6KBL8eImZ8m	ScHoolboy Q	['gangster rap', 'hip hop', 'pop rap', 'rap', 'southern hip hop', 'trap']	[2017, 2018, 2019, 2021]	23	14
2RdwBSPQiwcmiDo9kixcl8	Pharrell Williams	['dance pop', 'pop']	[2017, 2018, 2019, 2020, 2021, 2022]	23	21
64M6ah0SkkRsnPGtGiRAbb	Bebe Rexha	['dance pop', 'pop']	[2017, 2018, 2019, 2020, 2021]	22	18
5zctI4wO9XSKS8XwcnqEHk	Lil Mosey	['melodic rap', 'rap conscient']	[2018, 2019, 2020, 2021]	22	10
7d3WFRME3vBY2cgoP38RDo	Lil Skies	['melodic rap']	[2018, 2019, 2020, 2021]	22	15
1sBkRIssrMs1AbVkOJbc7a	Rick Ross	['dirty south rap', 'gangster rap', 'hip hop', 'rap', 'southern hip hop', 'trap']	[2017, 2018, 2019, 2020, 2021]	22	22
0ErzCpIMyLcjPiwT4elrtZ	NLE Choppa	['memphis hip hop', 'rap']	[2019, 2020, 2021, 2022]	22	16
1G0YV9WooUBjrwDq0Q7EFK	Charlotte Cardin	['canadian pop', 'indie quebecois']	[2017, 2019, 2020, 2021]	22	1
0gCGZZ1Ibo5QsOnll977PD	KILLY	['canadian hip hop', 'canadian trap', 'melodic rap', 'toronto rap']	[2017, 2018, 2019, 2020]	21	2
21WS9wngs9AqFckK7yYJPM	PnB Rock	['melodic rap', 'rap', 'trap']	[2017, 2018, 2019, 2020]	21	20
31TPClRtHm23RisEBtV3X7	Justin Timberlake	['dance pop', 'pop']	[2017, 2018, 2020, 2021]	21	7
4q3ewBCX7sLwd24euuV69X	Bad Bunny	['reggaeton', 'trap latino', 'urbano latino']	[2018, 2019, 2020, 2021, 2022]	21	15
3nFkdlSjzX9mRTtwJOzDYB	JAY-Z	['east coast hip hop', 'gangster rap', 'hip hop', 'pop rap', 'rap']	[2017, 2018, 2019, 2020, 2021, 2022]	21	21
738wLrAtLtCtFOLvQBXOXp	Major Lazer	['dance pop', 'edm', 'electro house', 'moombahton', 'pop', 'pop dance']	[2017, 2018, 2019, 2020, 2021]	21	21
5pKCCKE2ajJHZ9KAiaK11H	Rihanna	['barbadian pop', 'pop', 'urban contemporary']	[2017, 2018, 2019, 2020, 2021, 2022]	21	17
41MozSoPIsD1dJM0CLPjZF	BLACKPINK	['k-pop', 'k-pop girl group', 'pop']	[2018, 2019, 2020]	21	6
1z7b1Pr1rSlvWRzsW3HOrS	Russ	['hawaiian hip hop']	[2017, 2018, 2019, 2020, 2021, 2022]	21	9
2rhFzFmezpnW82MNqEKVry	Ski Mask The Slump God	['hip hop', 'miami hip hop', 'pop rap', 'rap', 'trap', 'underground hip hop']	[2018, 2019, 2020, 2021]	20	8
5Rl15oVamLq7FbSb0NNBNy	5 Seconds of Summer	['boy band', 'pop']	[2018, 2019, 2020, 2021]	20	7
0hEurMDQu99nJRq8pTxO14	John Mayer	['neo mellow', 'singer-songwriter']	[2017, 2018, 2019, 2020, 2021]	20	3
6extd4B6hl8VTmnlhpl2bY	Huncho Jack	['melodic rap', 'trap']	[2017, 2018]	20	20
4GvEc3ANtPPjt1ZJllr5Zl	Bazzi	['pop']	[2018, 2019, 2020, 2021]	20	3
137W8MRPWKqSmrBGDBFSop	Wiz Khalifa	['hip hop', 'pittsburgh rap', 'pop rap', 'rap', 'southern hip hop', 'trap']	[2017, 2018, 2019, 2020, 2021, 2022]	20	16
2wUjUUtkb5lvLKcGKsKqsR	Alessia Cara	['canadian contemporary r&b', 'canadian pop', 'pop']	[2017, 2018, 2019, 2020, 2021]	20	8
6ASri4ePR7RlsvIQgWPJpS	iann dior	['melodic rap']	[2019, 2020, 2021, 2022]	20	17
5SXuuuRpukkTvsLuUknva1	Baby Keem	['hip hop', 'rap']	[2019, 2020, 2021, 2022]	20	8
60d24wfXkVzDSfLS6hyCjZ	Martin Garrix	['dutch edm', 'edm', 'pop', 'pop dance', 'progressive house']	[2017, 2018, 2019, 2020, 2021]	19	19
6VuMaDnrHyPL1p4EHjYLi7	Charlie Puth	['pop', 'viral pop']	[2017, 2018, 2019, 2020, 2022]	19	9
1Hsdzj7Dlq2I7tHP7501T4	Niall Horan	['pop']	[2017, 2018, 2019, 2020, 2021, 2022]	19	4
7gOdHgIoIKoe4i9Tta6qdD	Jonas Brothers	['boy band', 'pop']	[2019, 2020, 2021, 2022]	19	3
6t1gpxYbY8OlLA7D2RiikQ	Loud Luxury	['edm', 'pop dance']	[2018, 2019, 2020, 2021]	18	13
1zNqDE7qDGCsyzJwohVaoX	Anne-Marie	['pop']	[2017, 2018, 2019, 2020, 2021]	18	13
1i8SpTcr7yvPOmcqrbnVXY	Ozuna	['puerto rican pop', 'reggaeton', 'trap latino', 'urbano latino']	[2017, 2018, 2019, 2020, 2021]	18	17
2feDdbD5araYcm6JhFHHw7	Labrinth	['indie poptimism', 'pop']	[2017, 2018, 2019, 2020, 2021, 2022]	18	12
2kCcBybjl3SAtIcwdWpUe3	Lil Peep	['cloud rap', 'emo rap', 'lgbtq+ hip hop']	[2017, 2018, 2019, 2020, 2021, 2022]	18	4
2h93pZq0e7k5yf4dywlkpM	Frank Ocean	['lgbtq+ hip hop', 'neo soul']	[2017, 2018, 2019, 2020, 2022]	18	9
5Pwc4xIPtQLFEnJriah9YJ	OneRepublic	['piano rock', 'pop']	[2017, 2018, 2019, 2020, 2021, 2022]	17	6
20wkVLutqVOYrc0kxFs7rA	Daniel Caesar	['canadian contemporary r&b']	[2017, 2018, 2019, 2021, 2022]	17	10
3EW0kQ1skZiK1NHg3Spt9J	Takeoff	['atl hip hop', 'rap', 'trap']	[2017, 2018, 2020, 2021]	17	7
7iZtZyCzp3LItcw1wtPI3D	Rae Sremmurd	['melodic rap', 'mississippi hip hop', 'rap', 'trap']	[2017, 2018, 2019]	17	13
5y2Xq6xcjJb2jVM54GHK3t	John Legend	['neo soul', 'pop', 'pop soul', 'urban contemporary']	[2017, 2018, 2019, 2020, 2021, 2022]	17	9
4gzpq5DPGxSnKTe4SA8HAU	Coldplay	['permanent wave', 'pop']	[2017, 2018, 2019, 2020, 2021, 2022]	17	6
5ZsFI1h6hIdQRw2ti0hz81	ZAYN	['pop', 'uk pop']	[2017, 2018, 2019, 2020, 2021]	17	8
3WGpXCj9YhhfX11TToZcXP	Troye Sivan	['australian pop', 'pop', 'viral pop']	[2017, 2018, 2019, 2020, 2021]	17	11
6MPCFvOQv5cIGfw3jODMF0	Internet Money	['pop rap']	[2019, 2020, 2021, 2022]	17	17
2LIk90788K0zvyj2JJVwkJ	Jack Harlow	['deep underground hip hop', 'kentucky hip hop', 'pop rap', 'rap']	[2020, 2021, 2022]	17	12
1iNqsUDUraNWrj00bqssQG	Dreamville	['hip hop', 'pop rap', 'rap', 'underground hip hop']	[2019]	17	17
5dHt1vcEm9qb8fCyLcB3HL	A$AP Ferg	['hip hop', 'pop rap', 'rap', 'southern hip hop', 'trap']	[2017, 2018, 2019, 2020, 2021]	16	13
6WY7D3jk8zTrHtmkqqo5GI	Maren Morris	['classic texas country', 'contemporary country']	[2017, 2018, 2019, 2020, 2021, 2022]	16	13
1KCSPY1glIKqW2TotWuXOR	P!nk	['dance pop', 'pop']	[2017, 2018, 2019, 2020, 2021, 2022]	16	6
5ZS223C6JyBfXasXxrRqOk	Jhené Aiko	['r&b']	[2017, 2018, 2019, 2020]	16	14
6fWVd57NKTalqvmjRd2t8Z	24kGoldn	['cali rap']	[2019, 2020, 2021, 2022]	16	10
3oSJ7TBVCWMDMiYjXNiCKE	Kane Brown	['black americana', 'contemporary country', 'country', 'country road']	[2017, 2018, 2019, 2020, 2021, 2022]	15	8
07YZf4WDAMNwqr4jfgOZ8y	Jason Derulo	['dance pop', 'pop']	[2017, 2018, 2019, 2020, 2021, 2022]	15	12
1cZQSpDsxgKIX2yW5OR9Ot	Lennon Stella	['alt z', 'canadian pop', 'uk pop']	[2018, 2019, 2020, 2021]	15	7
5p7f24Rk5HkUZsaS3BLG5F	Hailee Steinfeld	['pop']	[2017, 2018, 2019, 2020]	15	12
5DXzQwj6Kgr5kBjVlYdSHo	Loud	['hip hop quebecois', 'pop quebecois', 'rap conscient', 'rap montrealais']	[2018, 2019]	15	3
1HBjj22wzbscIZ9sEb5dyf	Jonas Blue	['pop', 'pop dance', 'tropical house', 'uk dance']	[2017, 2018, 2019]	15	15
540vIaP2JwjQb9dm3aArA4	DJ Snake	['edm', 'electronic trap', 'pop', 'pop dance']	[2017, 2018, 2019, 2020, 2021]	15	15
73sIBHcqh3Z3NyqHKZ7FOL	Childish Gambino	['atl hip hop', 'hip hop', 'rap']	[2017, 2018, 2019, 2020, 2021, 2022]	15	5
1cNDP5yjU5vjeR8qMf4grg	YNW Melly	['melodic rap', 'rap']	[2019, 2020, 2021]	15	11
16oZKvXb6WkQlVAjwo2Wbg	The Lumineers	['folk-pop', 'modern rock', 'neo mellow', 'stomp and holler']	[2017, 2019, 2020, 2021, 2022]	15	0
1McMsnEElThX1knmY4oliG	Olivia Rodrigo	['pop']	[2020, 2021, 2022]	15	1
3PhoLpVuITZKcymswpck5b	Elton John	['glam rock', 'mellow gold', 'piano rock', 'rock']	[2017, 2018, 2019, 2020, 2021, 2022]	14	8
4npEfmQ6YuiwW1GpUmaq3F	Ava Max	['pop']	[2018, 2019, 2020, 2021, 2022]	14	3
0ONHkAv9pCAFxb0zJwDNTy	Pusha T	['gangster rap', 'hip hop', 'rap', 'southern hip hop', 'trap', 'virginia hip hop']	[2017, 2018, 2021, 2022]	14	8
6LqNN22kT3074XbTVUrhzX	Kesha	['dance pop', 'pop']	[2017, 2018, 2020, 2021, 2022]	14	5
20qISvAhX20dpIbOOzGK3q	Nas	['conscious hip hop', 'east coast hip hop', 'gangster rap', 'hardcore hip hop', 'hip hop', 'queens hip hop', 'rap']	[2017, 2018, 2020, 2021]	14	11
5pUo3fmmHT8bhCyHE52hA6	Liam Payne	['pop']	[2017, 2018, 2019, 2020, 2021]	14	10
14CHVeJGrR5xgUGQFV5BVM	Fivio Foreign	['brooklyn drill', 'new york drill', 'trap']	[2020, 2021, 2022]	14	14
2hPgGN4uhvXAxiXQBIXOmE	KIDS SEE GHOSTS	['rap']	[2018]	13	5
2IDLDx25HU1nQMKde4n61a	Rich Brian	['indonesian hip hop']	[2017, 2018, 2021, 2022]	13	9
3tVQdUvClmAT7URs9V3rsp	Wizkid	['afrobeats', 'afropop', 'azonto', 'azontobeats', 'nigerian hip hop', 'nigerian pop']	[2017, 2018, 2019, 2020, 2021, 2022]	13	13
5CCwRZC6euC8Odo6y9X8jr	Rita Ora	['dance pop', 'pop', 'uk pop']	[2017, 2018, 2019, 2021]	13	8
3JhNCzhSMTxs9WLGJJxWOY	Macklemore	['pop rap', 'seattle hip hop']	[2017, 2018, 2019, 2020, 2021, 2022]	13	13
7hJcb9fa4alzcOq3EaNPoG	Snoop Dogg	['g funk', 'gangster rap', 'hip hop', 'pop rap', 'rap', 'west coast rap']	[2017, 2018, 2019, 2021, 2022]	13	13
2kucQ9jQwuD8jWdtR9Ef38	Sam Hunt	['contemporary country', 'country', 'country pop']	[2017, 2018, 2019, 2020, 2021]	13	2
6Ha4aES39QiVjR0L2lwuwq	Yo Gotti	['dirty south rap', 'gangster rap', 'memphis hip hop', 'rap', 'southern hip hop', 'tennessee hip hop', 'trap']	[2017, 2018, 2019, 2020]	13	13
6C1ohJrd5VydigQtaGy5Wa	Joyner Lucas	['boston hip hop', 'hip hop', 'pop rap', 'rap']	[2018, 2019, 2020, 2021]	13	7
2P5sC9cVZDToPxyomzF1UH	Joey Bada$$	['conscious hip hop', 'hip hop', 'rap']	[2017, 2018, 2020]	13	5
56oDRnqbIiwx4mymNEv7dS	Lizzo	['escape room', 'minnesota hip hop', 'pop', 'trap queen']	[2019, 2020, 2021, 2022]	13	3
5INjqkS1o8h1imAzPqGZBb	Tame Impala	['australian psych', 'modern rock', 'neo-psychedelic', 'rock']	[2019, 2020, 2022]	13	0
45dkTj5sMRSjrmBSBeiHym	Tate McRae	['alt z', 'pop']	[2020, 2021, 2022]	13	4
3tJoFztHeIJkJWMrx0td2f	Moneybagg Yo	['memphis hip hop', 'rap', 'southern hip hop', 'tennessee hip hop', 'trap']	[2019, 2020, 2021, 2022]	13	11
3Fl1V19tmjt57oBdxXKAjJ	Blueface	['cali rap', 'rap']	[2019, 2020, 2021]	13	11
6PvvGcCY2XtUcSRld1Wilr	Silk Sonic	['neo soul']	[2021, 2022]	13	13
2qxJFvFYMEDqd7ui6kSAcq	Zedd	['complextro', 'edm', 'german techno', 'pop', 'pop dance']	[2017, 2018, 2019, 2020, 2021]	12	12
3KedxarmBCyFBevnqQHy3P	Jessie Reyez	['canadian contemporary r&b', 'canadian pop']	[2017, 2018, 2019, 2020]	12	9
0NWbwDZY1VkRqFafuQm6wk	Mike WiLL Made-It	['atl hip hop', 'rap', 'southern hip hop', 'trap']	[2017, 2018, 2019, 2020]	12	12
21dooacK2WGBB5amYvKyfM	Smokepurpp	['melodic rap', 'miami hip hop', 'trap', 'underground hip hop']	[2017, 2018, 2019]	12	12
1dfeR4HaWDbWqFHLkxsg1d	Queen	['classic rock', 'glam rock', 'rock']	[2017, 2018, 2019, 2020, 2021, 2022]	12	1
5CiGnKThu5ctn9pBxv7DGa	benny blanco	['pop']	[2018, 2019, 2020, 2021]	12	12
7z5WFjZAIYejWy0NI5lv4T	Dan + Shay	['contemporary country', 'country', 'country road']	[2018, 2019, 2020, 2021]	12	2
3AA28KZvwAUcZuOKwyblJQ	Gorillaz	['alternative hip hop', 'modern rock', 'rock']	[2017, 2018]	12	11
6i392l38cR3uBPF0DbNs7S	Quality Control	['melodic rap', 'trap']	[2017, 2018, 2019, 2020]	12	12
4exLIFE8sISLr28sqG1qNX	Travis Barker	['rap rock']	[2018, 2019, 2020, 2021, 2022]	12	12
5X4LWwbUFNzPkEas04uU82	DVBBS	['canadian electronic', 'dutch house', 'edm', 'electro house', 'pop dance', 'progressive electro house', 'slap house']	[2017, 2018, 2019, 2020, 2021, 2022]	12	11
1Xylc3o4UrD53lo9CvFvVg	Zara Larsson	['pop', 'scandipop', 'swedish electropop', 'swedish pop']	[2017, 2018, 2019, 2020]	12	6
6U3ybJ9UHNKEdsH7ktGBZ7	JID	['hip hop', 'rap', 'underground hip hop']	[2018, 2019, 2021, 2022]	12	12
0EeQBlQJFiAfJeVN2vT9s0	Nipsey Hussle	['conscious hip hop', 'gangster rap', 'hip hop', 'pop rap', 'rap', 'southern hip hop', 'trap']	[2019, 2020, 2021]	12	10
45eNHdiiabvmbp4erw26rg	ILLENIUM	['edm', 'melodic dubstep', 'pop dance']	[2017, 2019, 2020, 2021]	12	12
4A0TivfinfALCAMJqqjZIk	Funk Wav	[]	[2017, 2018]	11	11
4IWBUUAFIplrNtaOHcJPRM	James Arthur	['pop', 'talent show', 'uk pop']	[2017, 2018, 2019, 2020, 2021, 2022]	11	5
1r4hJ1h58CWwUQe3MxPuau	Maluma	['latin pop', 'reggaeton', 'reggaeton colombiano', 'urbano latino']	[2017, 2018, 2019, 2020, 2021, 2022]	11	8
3Y7RZ31TRPVadSFVy1o8os	H.E.R.	['r&b', 'rap']	[2017, 2018, 2019, 2020, 2021, 2022]	11	11
4YLtscXsxbVgi031ovDDdh	Chris Stapleton	['contemporary country', 'outlaw country']	[2018, 2019, 2020, 2021, 2022]	11	6
7v4imS0moSyGdXyLgVTIV7	Nat King Cole	['adult standards', 'lounge', 'soul', 'swing', 'vocal jazz']	[2017, 2018, 2019, 2020, 2021]	11	0
7EEiVZvj6RCEtVX2F2pyxu	Slim Jxmmi	['trap']	[2017, 2018, 2019]	11	11
2cWZOOzeOm4WmBJRnD5R7I	Normani	['pop', 'r&b']	[2018, 2019, 2020, 2021]	11	10
3gGUMEwIX6XodWsYEvKSal	YBN Nahmir	['alabama rap', 'rap', 'trap']	[2017, 2018, 2020, 2021]	11	5
2FXC3k01G6Gw61bmprjgqS	Hozier	['irish singer-songwriter', 'modern rock', 'pop', 'pov: indie']	[2017, 2018, 2019, 2021, 2022]	11	3
10exVja0key0uqUkk6LJRT	Vance Joy	['folk-pop', 'modern rock']	[2017, 2018, 2019, 2020, 2021, 2022]	11	1
4VMYDCV2IEDYJArk749S6m	Daddy Yankee	['latin hip hop', 'reggaeton', 'trap latino', 'urbano latino']	[2017, 2018, 2019, 2020]	11	10
6cK3NBO6uP7hh0oyuVELFl	Saweetie	['cali rap', 'trap queen']	[2018, 2019, 2020, 2021, 2022]	11	9
7e1ICztHM2Sc4JNLxeMXYl	dvsn	['canadian contemporary r&b', 'r&b']	[2017, 2019, 2020, 2021]	11	7
6QtgPSJPSzcnn7dPZ4VINp	King Von	['chicago rap']	[2020, 2021, 2022]	11	9
33tFkBLsl6f8TjKkV0uF0C	Lovejoy	['pixel', 'pov: indie']	[2021]	11	0
2o5jDhtHVPhrJdv3cEQ99Z	Tiësto	['big room', 'brostep', 'dutch edm', 'edm', 'house', 'pop dance', 'slap house', 'trance']	[2017, 2018, 2019, 2020, 2021, 2022]	10	9
4tX2TplrkIP4v05BNC903e	Tom Petty and the Heartbreakers	['album rock', 'classic rock', 'hard rock', 'heartland rock', 'mellow gold', 'rock', 'singer-songwriter', 'soft rock']	[2017, 2018, 2019, 2020, 2021]	10	0
7vk5e3vY1uw9plTHJAMwjN	Alan Walker	['electro house']	[2017, 2018, 2019, 2020, 2021]	10	8
5gCRApTajqwbnHHPbr2Fpi	Juicy J	['crunk', 'memphis hip hop', 'pop rap', 'rap', 'southern hip hop', 'trap']	[2017, 2018, 2019, 2021, 2022]	10	10
7DMveApC7UnC2NPfPvlHSU	Cheat Codes	['edm', 'pop', 'pop dance']	[2017, 2018]	10	10
4HzKw8XcD0piJmDrrPRCYk	Majid Jordan	['canadian contemporary r&b']	[2017, 2018, 2019, 2021]	10	4
3CbYyyd8wH3RT6t0jwpdzC	Murda Beatz	['canadian hip hop', 'canadian trap']	[2018, 2019, 2020]	10	10
7pFeBzX627ff0VnN6bxPR4	Desiigner	['pop rap', 'rap', 'southern hip hop', 'trap', 'viral trap']	[2017, 2018]	10	4
0p4nmQO2msCgU4IF37Wi3j	Avril Lavigne	['canadian pop', 'candy pop', 'pop']	[2018, 2019, 2020, 2021, 2022]	10	6
3Gm5F95VdRxW3mqCn8RPBJ	Aminé	['pop rap', 'portland hip hop', 'rap', 'underground hip hop']	[2017, 2018, 2019, 2020, 2021]	10	2
70gP6Ry4Uo0Yx6uzPIdaiJ	Bas	['queens hip hop', 'rap', 'sudanese hip hop', 'sudanese pop', 'underground hip hop']	[2018, 2019, 2021]	10	10
2N4EYkIlG1kv25g6Wv8LGI	Killer Mike	['alternative hip hop', 'atl hip hop', 'conscious hip hop', 'hip hop', 'old school atlanta hip hop', 'political hip hop', 'southern hip hop']	[2017, 2020]	10	9
1yxSLGMDHlW21z4YXirZDS	Black Eyed Peas	['dance pop', 'pop', 'pop rap']	[2019, 2020, 2021, 2022]	10	9
41X1TR6hrK8Q2ZCpp2EqCz	bbno$	['canadian hip hop', 'dark trap', 'meme rap']	[2019, 2020, 2021, 2022]	10	10
7n2Ycct7Beij7Dj7meI4X0	TWICE	['k-pop', 'k-pop girl group', 'pop']	[2019, 2020, 2021]	10	0
45gHcnDnMC15sgx3VL7ROG	42 Dugg	['detroit trap', 'trap']	[2020, 2021, 2022]	10	10
4rTv3Ejc7hKMtmoBOK1B4T	Ali Gatie	['canadian hip hop']	[2019, 2020, 2021]	10	4
2yEwvVSSSUkcLeSTNyHKh8	TOOL	['alternative metal', 'art rock', 'nu metal', 'progressive metal', 'progressive rock', 'rock']	[2019]	10	0
3fMbdgg4jU18AjLCKBhRSm	Michael Jackson	['r&b', 'soul']	[2017, 2018, 2019, 2020, 2021, 2022]	9	3
0FOWNUFHPnMy0vOw1siGqi	Belly	['canadian hip hop', 'canadian trap']	[2017, 2018, 2019, 2021]	9	9
68kEuyFKyqrdQQLLsmiatm	Vince Staples	['conscious hip hop', 'hip hop', 'rap', 'underground hip hop']	[2017, 2018, 2019, 2021]	9	4
7guDJrEfX3qb6FEbdPA5qi	Stevie Wonder	['motown', 'soul']	[2017, 2018, 2019, 2020, 2021, 2022]	9	0
3BmGtnKgCSGYIUhmivXKWX	Kelly Clarkson	['dance pop', 'pop', 'talent show']	[2017, 2018, 2019, 2020, 2021]	9	4
0xOeVMOz2fVg5BJY3N6akT	Jaden	['pop rap', 'rap']	[2017, 2018, 2019, 2020]	9	8
360IAlyVv4PCEVjgyMZrxK	Miguel	['r&b']	[2017, 2018, 2019, 2020, 2021, 2022]	9	9
5V0MlUE1Bft0mbLlND7FJz	Ella Fitzgerald	['adult standards', 'jazz', 'jazz blues', 'soul', 'swing', 'vocal jazz']	[2017, 2018, 2019, 2020, 2021]	9	1
2I9SLklAOG0vdMiUUMNxRl	88GLAM	['canadian hip hop', 'canadian trap', 'melodic rap', 'toronto rap']	[2017, 2018, 2019, 2020]	9	5
6Shas1ACrMl25XHgTrzxeo	Hedley	['canadian pop', 'canadian rock', 'pop quebecois']	[2017, 2018]	9	0
6MDME20pz9RveH9rEXvrOM	Clean Bandit	['pop', 'uk dance', 'uk funky']	[2017, 2018, 2019, 2020, 2021]	9	9
7Ln80lUS6He07XvHI8qqHH	Arctic Monkeys	['garage rock', 'modern rock', 'permanent wave', 'rock', 'sheffield indie']	[2017, 2018, 2020, 2021, 2022]	9	0
7mDU6nMUJnOSY2Hkjz5oqM	Roy Woods	['canadian contemporary r&b', 'canadian hip hop', 'trap soul']	[2017, 2018, 2019, 2020, 2021]	9	2
5he5w2lnU9x7JFhnwcekXX	Skrillex	['brostep', 'complextro', 'edm', 'electro', 'pop dance']	[2017, 2018, 2019, 2020, 2021]	9	9
25uiPmTg16RbhZWAqwLBy5	Charli XCX	['art pop', 'candy pop', 'metropopolis', 'pop', 'uk pop']	[2017, 2018, 2019, 2021, 2022]	9	7
0H39MdGGX6dbnnQPt6NQkZ	SAINt JHN	['melodic rap', 'slap house']	[2019, 2020, 2021, 2022]	9	9
4Uc8Dsxct0oMqx0P6i60ea	Conan Gray	['bedroom pop', 'pop', 'pov: indie']	[2019, 2020, 2021, 2022]	9	1
0YinUQ50QDB7ZxSCLyQ40k	Mustard	['cali rap', 'pop rap', 'rap', 'southern hip hop', 'trap']	[2017, 2019, 2020, 2021]	9	9
2Waw2sSbqvAwK8NwACNjVo	Bo Burnham	['comic', 'pov: indie']	[2021]	9	0
1HwM5zlC5qNWhJtM00yXzG	DMX	['east coast hip hop', 'gangster rap', 'hardcore hip hop', 'hip hop', 'rap']	[2017, 2021]	9	3
391oLRVmoTkumiN79HkTWu	Darlene Love	[]	[2017, 2018, 2019, 2020, 2021]	8	0
4tZwfgrHOc3mvqYlEYSvVi	Daft Punk	['electro', 'filter house', 'rock']	[2017, 2018, 2019, 2020, 2021, 2022]	8	5
6AUl0ykLLpvTktob97x9hO	Tee Grizzley	['detroit hip hop', 'detroit trap', 'rap', 'southern hip hop', 'trap']	[2018, 2019, 2020]	8	7
20JZFwl6HVl6yg8a4H3ZqK	Panic! At The Disco	['pop']	[2018, 2019, 2020, 2022]	8	2
3RqBeV12Tt7A8xH3zBDDUF	Kelsea Ballerini	['contemporary country', 'country']	[2018, 2019, 2020, 2021]	8	7
4u5smJBskI6Adzv08PuiUP	Kiiara	['alt z', 'electropop']	[2017, 2018, 2021]	8	6
4iHNK0tOyZPYnBU7nGAgpQ	Mariah Carey	['dance pop', 'pop', 'urban contemporary']	[2017, 2018, 2019, 2020, 2021]	8	3
6DPYiyq5kWVQS4RGwxzPC7	Dr. Dre	['g funk', 'gangster rap', 'hip hop', 'rap', 'west coast rap']	[2018, 2020, 2022]	8	8
2kRfqPViCqYdSGhYSM9R0Q	Madison Beer	['pop']	[2018, 2019, 2020, 2021]	8	3
1nzgtKYFckznkcVMR3Gg4z	KSI	['uk hip hop']	[2019, 2020, 2021]	8	7
5QdEbQJ3ylBnc3gsIASAT5	G Herbo	['chicago drill', 'chicago rap', 'drill', 'rap', 'trap']	[2020, 2021, 2022]	8	8
4fxd5Ee7UefO4CUXgwJ7IP	Giveon	['r&b']	[2020, 2021, 2022]	8	4
5rGrDvrLOV2VV8SCFVGWlj	Imanbek	['electro house', 'pop dance', 'slap house']	[2019, 2020, 2021, 2022]	8	8
0huGjMyP507tBCARyzSkrv	Cordae	['hip hop', 'pop rap', 'rap', 'trap', 'underground hip hop']	[2019, 2020, 2021, 2022]	8	6
3wcj11K77LjEY1PkEazffa	Burna Boy	['afrobeats', 'dancehall', 'nigerian hip hop', 'nigerian pop']	[2019, 2020, 2021]	8	8
7ltDVBr6mKbRvohxheJ9h1	ROSALÍA	['pop', 'r&b en espanol']	[2019, 2020, 2021]	8	8
7pbDxGE6nQSZVfiFdq9lOL	Rex Orange County	['bedroom pop', 'pov: indie']	[2017, 2019, 2022]	8	4
1U1el3k54VvEUzo3ybLPlM	Kali Uchis	['colombian pop']	[2017, 2021, 2022]	8	7
2NCGI6dLTxLdI9XHdv7QfM	The Andrews Sisters	['adult standards', 'swing', 'torch song', 'vocal harmony group']	[2017, 2018, 2019, 2020, 2021]	7	7
6s22t5Y3prQHyaHWUN1R1C	AJR	['pov: indie']	[2017, 2018, 2020, 2021]	7	1
6PXS4YHDkKvl1wkIl4V8DL	Fetty Wap	['new jersey rap', 'pop rap', 'rap', 'southern hip hop', 'trap']	[2017, 2018]	7	6
2iE18Oxc8YSumAU232n4rW	The Jackson 5	['motown', 'soul']	[2017, 2018, 2019, 2020, 2021]	7	0
77AiFEVeAVj2ORpC85QVJs	Steve Aoki	['edm', 'electro house', 'pop dance']	[2017, 2018, 2020]	7	7
3NPpFNZtSTHheNBaWC82rB	X Ambassadors	['modern alternative rock', 'modern rock', 'stomp pop']	[2017, 2018, 2019, 2021]	7	6
26dSoYclwsYLMAKD3tpOr4	Britney Spears	['dance pop', 'pop']	[2017, 2018, 2019, 2020, 2021, 2022]	7	1
6cEuCEZu7PAE9ZSzLLc2oQ	R3HAB	['dutch house', 'edm', 'electro house', 'pop dance', 'progressive electro house', 'slap house']	[2017, 2018, 2019]	7	7
0BvkDsjIUla7X0k6CSWh1I	Luke Bryan	['contemporary country', 'country', 'country road']	[2018, 2019, 2020, 2021, 2022]	7	1
3KV3p5EY4AvKxOlhGHORLg	Jeremih	['chicago rap', 'pop rap', 'r&b', 'southern hip hop', 'trap', 'urban contemporary']	[2017, 2018, 2019, 2021]	7	7
711MCceyCBcFnzjGY4Q7Un	AC/DC	['australian rock', 'hard rock', 'rock']	[2017, 2018, 2019, 2020, 2021, 2022]	7	0
0bdfiayQAKewqEvaU6rXCv	MØ	['danish pop', 'electropop', 'pop', 'pop dance']	[2017, 2018, 2020, 2021]	7	5
0EmeFodog0BfCgMzAIvKQp	Shakira	['colombian pop', 'dance pop', 'latin pop', 'pop']	[2017, 2018, 2020, 2021, 2022]	7	6
6JL8zeS1NmiOftqZTRgdTz	Meghan Trainor	['hip pop', 'pop']	[2017, 2018, 2019, 2020, 2021]	7	3
1W3FSF1BLpY3hlVIgvenLz	The-Dream	['dirty south rap', 'hip pop', 'r&b', 'southern hip hop', 'trap', 'urban contemporary']	[2017, 2018, 2019, 2021]	7	7
1gPhS1zisyXr5dHTYZyiMe	Kevin Gates	['baton rouge rap', 'rap', 'trap']	[2017, 2018, 2019, 2020, 2021, 2022]	7	4
2jnIB6XdLvnJUeNTy5A0J2	Why Don't We	['boy band', 'pop']	[2018, 2019, 2020]	7	1
7CyeXFnOrfC1N6z4naIpgo	The Ronettes	['brill building pop', 'classic girl group', 'motown', 'rock-and-roll']	[2017, 2018, 2019, 2020, 2021]	7	0
67nwj3Y5sZQLl72VNUHEYE	Wale	['pop rap', 'r&b', 'rap', 'southern hip hop', 'trap']	[2017, 2018, 2020, 2021]	7	7
6fxyWrfmjcbj5d12gXeiNV	Denzel Curry	['dark trap', 'drill', 'hip hop', 'miami hip hop', 'rap', 'trap', 'underground hip hop']	[2018, 2019]	7	3
4GNC7GD6oZMSxPGyXy4MNB	Lewis Capaldi	['pop', 'uk pop']	[2018, 2019, 2020, 2021, 2022]	7	0
6y8XlgIV8BLlIg1tT1R10i	Old Dominion	['contemporary country', 'country', 'country road', 'modern country rock']	[2017, 2018, 2019, 2020, 2021]	7	0
2NjfBq1NflQcKSeiDooVjY	Tones And I	['australian pop']	[2019, 2020, 2021, 2022]	7	0
790FomKkXshlbRYZFtlgla	KAROL G	['reggaeton', 'reggaeton colombiano', 'trap latino', 'urbano latino']	[2019, 2020, 2021, 2022]	7	7
4RnBFZRiMLRyZy0AzzTg2C	Run The Jewels	['alternative hip hop', 'escape room', 'hip hop', 'political hip hop']	[2020]	7	7
57UnSUpae3SbRekxNa5Kgl	El-P	['abstract hip hop', 'alternative hip hop', 'east coast hip hop', 'experimental hip hop']	[2020]	7	7
45TgXXqMDdF8BkjA83OM7z	Rod Wave	['florida rap']	[2020, 2021]	7	5
5ph9A8j6xyDlLNZTqYgNV1	Alicia Moffet	['canadian electropop', 'pop quebecois']	[2019, 2020, 2022]	7	2
6Ad91Jof8Niiw0lGLLi3NW	YUNGBLUD	['british indie rock', 'modern rock', 'pov: indie', 'rock']	[2019, 2020, 2021]	7	7
2SrSdSvpminqmStGELCSNd	Stormzy	['grime', 'uk hip hop']	[2017, 2019, 2020, 2021]	7	7
5KKpBU5eC2tJDzf0wmlRp2	RAYE	['uk contemporary r&b', 'uk pop']	[2017, 2019, 2020, 2021]	7	7
2UZMlIwnkgAEDBsw1Rejkn	Tom Petty	['album rock', 'classic rock', 'hard rock', 'heartland rock', 'mellow gold', 'rock', 'singer-songwriter', 'soft rock']	[2017, 2019, 2020, 2021]	7	0
3tlXnStJ1fFhdScmQeLpuG	Brent Faiyaz	['r&b', 'rap']	[2019, 2020, 2021]	7	5
6Ip8FS7vWT1uKkJSweANQK	Dave	['uk hip hop']	[2017, 2019, 2021, 2022]	7	5
7jy3rLJdDQY21OgRLCZ9sD	Foo Fighters	['alternative metal', 'alternative rock', 'modern rock', 'permanent wave', 'post-grunge', 'rock']	[2017, 2021]	7	0
7yO4IdJjCEPz7YgZMe25iS	A$AP Mob	['hip hop', 'rap', 'southern hip hop', 'trap']	[2017]	7	7
1l8Fu6IkuTP0U5QetQJ5Xt	Fifth Harmony	['girl group', 'pop', 'talent show']	[2017]	7	3
0qSX3s5pJnAlSsgsCne8Cz	Brett Eldredge	['contemporary country', 'country', 'country road', 'modern country rock']	[2017, 2018, 2019, 2020, 2021]	6	3
2R21vXR83lH98kGeO99Y66	Anuel AA	['reggaeton', 'reggaeton flow', 'trap boricua', 'trap latino', 'urbano latino']	[2018, 2019]	6	6
3FfvYsEGaIb52QPXhg4DcH	Jason Aldean	['contemporary country', 'country', 'country road', 'modern country rock']	[2018, 2019, 2020, 2021]	6	3
55fhWPvDiMpLnE4ZzNXZyW	Noah Cyrus	['alt z', 'pop']	[2017, 2018, 2019, 2020, 2021]	6	4
6IZ4ctovY9dl7bgHClAvKJ	LSD	[]	[2018, 2019]	6	6
3gd8FJtBJtkRxdfbTu19U2	Mumford & Sons	['modern folk rock', 'modern rock', 'neo mellow', 'stomp and holler', 'uk americana']	[2017, 2018]	6	0
7t0rwkOPGlDPEhaOcVtOt9	The Cranberries	['irish rock', 'pop rock', 'rock']	[2017, 2018, 2019, 2020, 2021]	6	0
3hv9jJF3adDNsBSIQDqcjp	Mark Ronson	['pop soul']	[2018, 2019, 2020]	6	6
6roDXEmZ6AARdOUv6x5U2v	Felix Cartal	['canadian electronic', 'electro house', 'pop dance', 'pop edm']	[2017, 2018, 2019, 2021]	6	4
0X2BH1fck6amBIoJhDVmmJ	Ellie Goulding	['indietronica', 'metropopolis', 'pop', 'uk pop']	[2017, 2018, 2019, 2020]	6	4
1okJ4NC308qbtY9LyHn6DO	BloodPop®	['electropop']	[2017, 2018]	6	6
5rSXSAkZ67PYJSvpUpkOr7	Backstreet Boys	['boy band', 'dance pop', 'pop']	[2017, 2018, 2019, 2020, 2021]	6	1
1eEfMU2AhEo7XnKgL7c304	Carpenters	['adult standards', 'mellow gold', 'soft rock']	[2017, 2018, 2019, 2020, 2021]	6	0
1oKdM70mJD8VvDOTKeS8t1	Emily Warren	['alt z', 'nyc pop']	[2017, 2018]	6	6
1Mxqyy3pSjf8kZZL4QVxS0	Frank Sinatra	['adult standards', 'easy listening', 'lounge']	[2017, 2018, 2019, 2020, 2021]	6	2
4AVFqumd2ogHFlRbKIjp1t	Alesso	['dance pop', 'edm', 'electro house', 'pop', 'pop dance', 'progressive electro house']	[2017, 2018, 2019, 2021, 2022]	6	5
3t5xRXzsuZmMDkQzgOX35S	Robin Schulz	['deep euro house', 'deep house', 'edm', 'german dance', 'pop dance', 'tropical house']	[2017, 2018, 2019]	6	5
3e7awlrlDSwF3iM0WBjGMp	Little Mix	['girl group', 'pop', 'talent show', 'uk pop']	[2017, 2018, 2021]	6	5
5v8jlSmAQfrkTjAlpUfWtu	Perry Como	['adult standards', 'easy listening']	[2017, 2018, 2019, 2020, 2021]	6	2
3q7HBObVc0L8jNeTe5Gofh	50 Cent	['east coast hip hop', 'gangster rap', 'hip hop', 'pop rap', 'queens hip hop', 'rap']	[2018, 2019, 2020, 2021, 2022]	6	5
47mIJdHORyRerp4os813jD	League of Legends	['speedrun', 'video game music']	[2018, 2019, 2020, 2021, 2022]	6	6
53KwLdlmrlCelAZMaLVZqU	James Blake	['art pop', 'indie soul', 'indietronica', 'neo soul', 'uk alternative pop']	[2018, 2019, 2020]	6	6
2ZRQcIgzPCVaT9XKhXZIzh	Gryffin	['edm', 'pop dance']	[2017, 2018, 2019, 2020]	6	6
4V8Sr092TqfHkfAA5fXXqG	Luis Fonsi	['latin pop', 'puerto rican pop']	[2017, 2018, 2019, 2020]	6	6
4utLUGcTvOJFr6aqIJtYWV	Skylar Grey	['piano rock', 'viral pop']	[2017, 2018, 2020, 2021]	6	6
6sFIWsNpZYqfjUpaCgueju	Carly Rae Jepsen	['canadian pop', 'dance pop', 'pop']	[2017, 2018, 2019, 2020]	6	1
2LZDXcxJWgsJfKXZv9a5eG	Cashmere Cat	['downtempo', 'electropop', 'shiver pop']	[2017, 2018]	6	6
25u4wHJWxCA9vO0CzxAbK7	Lukas Graham	['danish pop', 'scandipop']	[2017, 2018, 2019, 2020]	6	1
1vSN1fsvrzpbttOYGsliDr	Tori Kelly	['pop', 'post-teen pop']	[2017, 2018, 2020, 2021]	6	6
3DiDSECUqqY1AuBP8qtaIa	Alicia Keys	['neo soul', 'pop', 'r&b']	[2017, 2018, 2019, 2020, 2022]	6	5
23zg3TcAtWQy7J6upgbUnj	Usher	['atl hip hop', 'contemporary r&b', 'dance pop', 'pop', 'r&b', 'rap', 'south carolina hip hop', 'urban contemporary']	[2017, 2018, 2019, 2020, 2021, 2022]	6	6
2cnMpRsOVqtPMfq7YiFE6K	Van Halen	['album rock', 'classic rock', 'hard rock', 'rock']	[2018, 2020]	6	0
74KM79TiuVKeVCqs8QtB0B	Sabrina Carpenter	['pop']	[2017, 2018, 2019, 2021]	6	3
44IvvHRk2XF243QLA2VOa8	Stunna 4 Vegas	['north carolina hip hop', 'trap']	[2019, 2020]	6	6
0xRXCcSX89eobfrshSVdyu	MEDUZA	['pop dance', 'pop house', 'uk dance']	[2019, 2020, 2021, 2022]	6	6
0GM7qgcRCORpGnfcN2tCiB	Tainy	['pop reggaeton', 'reggaeton', 'trap latino', 'urbano latino']	[2019, 2020, 2021]	6	6
1uU7g3DNSbsu0QjSEqZtEd	Masked Wolf	['australian hip hop']	[2021, 2022]	6	1
06Qf6vq8AVIpE9XIw8LAsY	Lil Duke	['atl trap']	[2019, 2021]	6	6
5MbNzCW3qokGyoo9giHA3V	EARTHGANG	['atl hip hop', 'hip hop', 'psychedelic hip hop', 'rap', 'underground hip hop']	[2019]	6	6
5xUf6j4upBrXZPg6AI4MRK	Soundgarden	['alternative metal', 'alternative rock', 'classic rock', 'grunge', 'hard rock', 'nu metal', 'rock']	[2017]	6	0
0WOxhx4hikIsyF3CRPLC8W	Famous Dex	['chicago rap', 'drill', 'rap', 'trap']	[2017, 2018, 2019]	5	3
6Av6GMCOznZIlHuNcBWgf4	Jay Critch	['nyc rap', 'trap']	[2018, 2019, 2020]	5	5
4S9EykWXhStSc15wEx8QFK	Céline Dion	['canadian pop']	[2018, 2019, 2020, 2021]	5	0
3gIRvgZssIb9aiirIg0nI3	Jeremy Zucker	['alt z', 'electropop', 'pop']	[2018, 2019, 2020, 2021]	5	3
4LEiUm1SRbFMgfqnQTwUbQ	Bon Iver	['chamber pop', 'eau claire indie', 'indie folk', 'melancholia', 'modern rock']	[2017, 2018, 2019, 2020, 2021, 2022]	5	2
4ytkhMSAnrDP8XzRNlw9FS	Vince Guaraldi Trio	['jazz trio']	[2017, 2018, 2019, 2020, 2021]	5	0
3qBKjEOanahMxlRojwCzhI	Zacari	[]	[2017, 2018, 2022]	5	3
3QSQFmccmX81fWCUSPTS7y	Dean Lewis	['australian pop', 'singer-songwriter pop']	[2018, 2019, 2020, 2021]	5	1
1AhjOkOLkbHUfcHDSErXQs	88rising	['asian american hip hop']	[2018, 2019]	5	5
7nwUJBm0HE4ZxD3f5cy5ok	Aretha Franklin	['classic soul', 'jazz blues', 'memphis soul', 'soul', 'southern soul', 'vocal jazz']	[2017, 2018, 2019]	5	0
5Nf5yishRW9Ye174sJISkg	London On Da Track	['atl hip hop']	[2017, 2018, 2019, 2020]	5	5
3mIj9lX2MWuHmhNCA7LSCW	The 1975	['modern alternative rock', 'modern rock', 'pop', 'pov: indie', 'rock']	[2018, 2020]	5	0
49e4v89VmlDcFCMyDv9wQ9	Dean Martin	['adult standards', 'easy listening', 'lounge', 'vocal jazz']	[2017, 2018, 2019, 2020, 2021]	5	0
0YWxKQj2Go9CGHCp77UOyy	Fabolous	['gangster rap', 'hip hop', 'pop rap', 'rap', 'trap', 'urban contemporary']	[2018, 2019, 2020]	5	5
6DVipHzYsPlIoA0DW8Gmns	"Royce Da 5'9"""	['detroit hip hop', 'gangster rap', 'hardcore hip hop', 'hip hop']	[2018, 2020]	5	5
4qBgvVog0wzW75IQ48mU7v	KYLE	['deep underground hip hop', 'indie pop rap', 'pop rap', 'viral trap']	[2017, 2018, 2019]	5	5
5jAMCwdNHWr7JThxtMuEyy	NOTD	['electropop', 'pop dance', 'pop edm']	[2017, 2018, 2019]	5	5
1o2NpYGqHiCq7FoiYdyd1x	Bea Miller	['alt z', 'pop', 'talent show']	[2018, 2019, 2020]	5	4
4Q6nIcaBED8qUel8bBx6Cr	Jax Jones	['dance pop', 'edm', 'house', 'pop dance', 'uk dance', 'uk pop']	[2017, 2018, 2021, 2022]	5	5
5IH6FPUwQTxPSXurCrcIov	Alec Benjamin	['alt z', 'pop', 'pov: indie']	[2018, 2019, 2020, 2021]	5	1
0C0XlULifJtAgn6ZNCW2eu	The Killers	['alternative rock', 'dance rock', 'modern rock', 'permanent wave', 'rock']	[2017, 2018, 2019, 2020, 2021, 2022]	5	0
2p1fiYHYiXz9qi0JJyxBzN	Skepta	['birmingham grime', 'grime', 'instrumental grime', 'uk hip hop']	[2018, 2019, 2020, 2021]	5	5
09OSlbN2DUUOG9cbRWdWuT	Mansa	[]	[2018, 2020]	5	5
5olrQpDroHT7sjmYWMLivy	Pressa	['canadian hip hop', 'melodic rap', 'rap montrealais', 'toronto rap']	[2017, 2018, 2020, 2021]	5	4
0u2FHSq3ln94y5Q57xazwf	Keith Urban	['australian country', 'australian pop', 'contemporary country', 'country', 'country road']	[2017, 2018, 2020, 2021]	5	2
68abRTdO4meYReMWHvBYb0	Chris Lane	['contemporary country', 'country', 'country road', 'modern country rock']	[2017, 2018, 2020]	5	5
4EzkuveR9pLvDVFNx6foYD	James Bay	['neo mellow', 'pop', 'uk pop']	[2017, 2018, 2019, 2021]	5	2
4TEJudQY2pXxVHPE3gD2EU	BlocBoy JB	['memphis hip hop', 'rap', 'tennessee hip hop', 'trap']	[2018, 2019]	5	5
4lDBihdpMlOalxy1jkUbPl	Grey	[]	[2017, 2018, 2019, 2020, 2021]	5	5
77kULmXAQ6vWer7IIHdGzI	Jordan Davis	['contemporary country', 'country road']	[2018, 2019, 2021, 2022]	5	1
7HkdQ0gt53LP4zmHsL0nap	Ella Mai	['r&b', 'rap', 'uk contemporary r&b']	[2018, 2019]	5	2
6sCbFbEjbYepqswM1vWjjs	Zendaya	['pop', 'post-teen pop']	[2018, 2019, 2022]	5	5
0ECwFtbIWEVNwjlrfc6xoL	Eagles	['album rock', 'classic rock', 'heartland rock', 'mellow gold', 'rock', 'soft rock', 'yacht rock']	[2017, 2018, 2019, 2020, 2021, 2022]	5	0
4sj6D0zlMOl25nprDJBiU9	Andy Williams	['adult standards', 'easy listening']	[2017, 2018, 2019, 2020, 2021]	5	0
2iojnBLj0qIMiKPvVhLnsH	Trey Songz	['dance pop', 'r&b', 'southern hip hop', 'trap', 'urban contemporary']	[2017, 2018, 2019]	5	5
4Rxn7Im3LGfyRkY2FlHhWi	Nick Jonas	['dance pop', 'pop']	[2017, 2018, 2021]	5	3
1dID9zgn0OV0Y8ud7Mh2tS	Dustin Lynch	['contemporary country', 'country', 'country road', 'modern country rock']	[2017, 2018, 2021]	5	1
6Dd3NScHWwnW6obMFbl1BH	Daya	['pop']	[2017, 2018, 2019]	5	2
1UTPBmNbXNTittyMJrNkvw	Blake Shelton	['classic oklahoma country', 'contemporary country', 'country', 'country road']	[2018, 2019, 2020, 2021]	5	3
4NHQUGzhtTLFvgF5SZesLK	Tove Lo	['metropopolis', 'pop', 'swedish electropop', 'swedish pop', 'swedish synthpop']	[2017, 2018, 2021]	5	5
6EPlBSH2RSiettczlz7ihV	Sleepy Hallow	['brooklyn drill', 'nyc rap']	[2020, 2021, 2022]	5	4
66W9LaWS0DPdL7Sz8iYGYe	JP Saxe	['alt z', 'canadian contemporary r&b', 'singer-songwriter pop']	[2019, 2020, 2021]	5	5
4xnihxcoXWK3UqryOSnbw5	Sasha Alex Sloan	['alt z']	[2017, 2020, 2021]	5	5
4tw2Lmn9tTPUv7Gy7mVPI4	Kenny Rogers	['classic country pop', 'country', 'nashville sound']	[2020]	5	2
6LXRvV2OAtXF7685fzh3mj	Rowdy Rebel	['nyc rap']	[2020, 2021]	5	5
5JMLG56F1X5mFmWNmS0iAp	Chelsea Cutler	['alt z']	[2017, 2019, 2020, 2021]	5	5
7A8S43ryYdbWpJKeHRZRcq	JACKBOYS	['pop rap']	[2019, 2020]	5	4
0KuF7reCTOZwV7YJnHQqgr	The Neptunes	[]	[2020, 2021]	5	5
5XmuuM2C6t4HSPa3FSuU3h	WanMor	[]	[2020]	5	5
6USv9qhCn6zfxlBQIYJ9qs	Dominic Fike	['alternative pop rock', 'pov: indie']	[2019, 2020, 2021, 2022]	5	3
4UXqAaa6dQYAk18Lv7PEgX	Fall Out Boy	['emo', 'modern rock', 'pop', 'pop punk', 'rock']	[2017, 2019, 2020]	5	3
19eLuQmk9aCobbVDHc6eek	Louis Armstrong	['adult standards', 'dixieland', 'harlem renaissance', 'jazz trumpet', 'new orleans jazz', 'soul', 'swing', 'vocal jazz']	[2020, 2021]	5	5
2YOYua8FpudSEiB9s88IgQ	Yung Gravy	['meme rap', 'minnesota hip hop']	[2019, 2020, 2021]	5	4
5yPzzu25VzEk8qrGTLIrE1	Young Nudy	['pluggnb', 'rap', 'trap']	[2019, 2020]	5	5
60rpJ9SgigSd16DOAG7GSa	Billy Ray Cyrus	['country rock']	[2019, 2020, 2021]	5	5
37hAfseJWi0G3Scife12Il	City Girls	['scam rap', 'trap queen']	[2019, 2020, 2021]	5	4
70kkdajctXSbqSMJbQO424	Kacey Musgraves	['classic texas country', 'contemporary country', 'country dawn']	[2019, 2020, 2021]	5	2
6q3p11nP1p80Ey6LrOOSed	Hit-Boy	['drumless hip hop']	[2019, 2020, 2021]	5	5
49tQo2QULno7gxHutgccqF	LANY	['la pop']	[2017, 2019, 2020, 2021]	5	4
15iVAtD3s3FsQR4w1v6M0P	Chief Keef	['chicago bop', 'chicago drill', 'chicago rap', 'drill', 'hip hop', 'rap', 'trap']	[2017, 2020, 2021, 2022]	5	3
5PYToRCsrnvikZg3yl2JMr	Stephanie Beatriz	['hollywood', 'movie tunes']	[2021, 2022]	5	4
7dnB1wSxbYa8CejeVg98hz	Meat Loaf	['album rock']	[2022]	5	0
5j4HeCoUlzhfWtjAfM1acR	Stromae	['belgian pop', 'g-house']	[2021, 2022]	5	0
0TnOYISbd1XYRBk9myaseg	Pitbull	['dance pop', 'miami hip hop', 'pop']	[2017, 2021, 2022]	5	5
1vaQ6v3pOFxAIrFoPrAcom	Ari Lennox	['alternative r&b']	[2019, 2021]	5	5
05fG473iIaoy82BF1aGhL8	Slipknot	['alternative metal', 'nu metal', 'rap metal', 'rock']	[2019, 2021]	5	0
0id62QV2SZZfvBn9xpmuCl	Aloe Blacc	['pop soul', 'r&b']	[2017, 2019]	5	5
0LyfQWJT6nXafLPZqxe9Of	Various Artists	[]	[2017]	5	0
0QJIPDAEDILuo8AIq3pMuU	M.I.A.	['escape room', 'indietronica', 'new rave']	[2017, 2018, 2019, 2020, 2021]	4	3
4RSyJzf7ef6Iu2rnLdabNq	Willy William	[]	[2017, 2018]	4	4
3hteYQFiMFbJY7wS0xDymP	Gesaffelstein	['dark clubbing']	[2018, 2019, 2021, 2022]	4	4
2RDOrhPqAM4jzTRCEb19qX	Sheck Wes	['pop rap', 'rap', 'trap']	[2018, 2019, 2020]	4	2
34Y0ldeyUv7jBvukWOGASO	Bobby Shmurda	['nyc rap', 'rap', 'trap']	[2018, 2021]	4	2
76yeOnINtQSXyoEHbkYmtY	Drew Love	[]	[2017, 2018]	4	4
1CoZyIx7UvdxT5c8UkMzHd	Jorja Smith	['r&b', 'uk contemporary r&b']	[2017, 2018, 2019]	4	3
0MHgLfmQdutffmvWe5XBTN	Burl Ives	['adult standards', 'american folk revival']	[2017, 2018, 2019, 2020, 2021]	4	0
1SupJlEpv7RS2tPNRaHViT	Nicky Jam	['latin hip hop', 'reggaeton', 'trap latino', 'urbano latino']	[2017, 2018]	4	3
4MVyzYMgTwdP7Z49wAZHx0	Lynyrd Skynyrd	['album rock', 'classic rock', 'hard rock', 'rock', 'southern rock']	[2017, 2018, 2019, 2020, 2021, 2022]	4	0
04ei5kNgmDuNAydFhhIHnD	Landon Cube	['pop rap']	[2018, 2019]	4	4
77tT1kLj6mCWtFNqiOmP9H	Daryl Hall & John Oates	['album rock', 'classic rock', 'heartland rock', 'mellow gold', 'rock', 'singer-songwriter', 'soft rock', 'yacht rock']	[2017, 2018, 2019, 2020, 2021, 2022]	4	0
4cPHsZM98sKzmV26wlwD2W	Brenda Lee	['adult standards', 'easy listening', 'lounge', 'rockabilly']	[2017, 2018, 2019, 2020, 2021]	4	0
0NIIxcxNHmOoyBx03SfTCD	Tinashe	['alternative r&b', 'dance pop', 'metropopolis', 'pop', 'r&b', 'urban contemporary']	[2017, 2018]	4	4
6eYFryfcEu3QSq59D62wZQ	Brendon Urie	[]	[2018, 2019, 2020]	4	4
26AHtbjWKiwYzsoGoUZq53	Pentatonix	['a cappella', 'viral pop']	[2017, 2018, 2019, 2020, 2021]	4	0
0JOxt5QOwq0czoJxvSc5hS	GASHI	[]	[2017, 2018, 2019, 2021]	4	3
4obzFoKoKRHIphyHzJ35G3	Becky G	['latin pop', 'latin viral pop', 'rap latina', 'reggaeton', 'urbano latino']	[2018, 2019, 2022]	4	4
5vBrKGOjN10BMwB0cJADj4	bülow	['alt z', 'indietronica']	[2018, 2019, 2021]	4	1
5wPoxI5si3eJsYYwyXV4Wi	N.E.R.D	['hip hop', 'virginia hip hop']	[2017, 2018]	4	4
2XnBwblw31dfGnspMIwgWz	Axwell /\ Ingrosso	['edm', 'pop dance', 'progressive electro house']	[2017, 2018]	4	0
5iNrZmtVMtYev5M9yoWpEq	Seeb	['pop dance']	[2017, 2018]	4	4
3Isy6kedDrgPYoTS1dazA9	Sean Paul	['dance pop', 'dancehall', 'pop', 'pop rap']	[2017, 2018, 2021]	4	4
5JYo7gm2dkyLLlWHjxS7Dy	Sandro Cavazza	['swedish pop']	[2017, 2018, 2019, 2020]	4	4
3ShGiAyhxI6Rq3TknZ3gfk	Arkells	['canadian indie', 'canadian rock', 'hamilton on indie']	[2017, 2018, 2021]	4	1
2lolQgalUvZDfp5vvVtTYV	Tony Bennett	['adult standards', 'easy listening', 'lounge', 'vocal jazz']	[2017, 2018, 2019, 2020, 2021]	4	0
3J0BpFVUc9LeOIVeN5uNhU	Lauren Jauregui	['r&b']	[2017, 2018]	4	4
3FUY2gzHeIiaesXtOAdB7A	Train	['dance pop', 'neo mellow', 'pop', 'pop rock']	[2018, 2019, 2020, 2021]	4	0
4QQgXkCYTt3BlENzhyNETg	Earth, Wind & Fire	['disco', 'funk', 'jazz funk', 'soul']	[2017, 2018, 2019, 2020, 2021, 2022]	4	1
22bE4uQ6baNwSHPVcDxLCe	The Rolling Stones	['album rock', 'british invasion', 'classic rock', 'rock']	[2017, 2018, 2019, 2020, 2021]	4	0
7LnaAXbDVIL75IVPnndf7w	Jamie Foxx	['contemporary r&b', 'hip pop', 'r&b', 'southern hip hop', 'trap', 'urban contemporary']	[2017, 2018, 2019, 2020, 2021]	4	4
4yiQZ8tQPux8cPriYMWUFP	Gwen Stefani	['dance pop', 'pop']	[2017, 2018, 2019, 2020, 2021]	4	4
6nB0iY1cjSY1KyhYyuIIKH	FKA twigs	['afrofuturism', 'alternative r&b', 'art pop', 'escape room', 'experimental r&b', 'trip hop']	[2018, 2019, 2020, 2021, 2022]	4	4
3KwmxIhSe9UTSEF37kwngR	SHAED	['electropop']	[2018, 2019, 2020]	4	3
1ShZZUjkbXCjhwrb18BA8I	Bryce Vine	['indie pop rap']	[2018, 2019, 2020]	4	3
0ebNdVaOfp6N0oZ1guIxM8	SUGA	['k-pop']	[2019, 2020, 2021, 2022]	4	4
6nS5roXSAGhTGr34W6n7Et	Disclosure	['edm', 'house', 'indietronica', 'uk dance']	[2019, 2020]	4	4
687cZJR45JO7jhk1LHIbgq	Tems	['afro r&b', 'afrobeats', 'alte', 'nigerian pop']	[2020, 2021]	4	4
1ThoqLcyIYvZn7iWbj8fsj	Bill Withers	['funk', 'quiet storm', 'soul']	[2020, 2021]	4	1
1OB278sOZVSFx5vXqYha83	J. Rey Soul	[]	[2020, 2021]	4	4
1MIVXf74SZHmTIp4V4paH4	Mabel	['pop', 'uk pop']	[2019, 2020]	4	2
5pdyjBIaY5o1yOyexGIUc6	Lights	['canadian folk', 'canadian pop', 'electropop']	[2017, 2019, 2020]	4	2
08GQAI4eElDnROBrJRGE0X	Fleetwood Mac	['album rock', 'classic rock', 'rock', 'soft rock', 'yacht rock']	[2019, 2020, 2021, 2022]	4	0
04yB9kBsaEQgT8hFfcsQik	Mustard	[]	[2019, 2020, 2021]	4	4
77ziqFxp5gaInVrF2lj4ht	Sech	['panamanian pop', 'reggaeton', 'trap latino', 'urbano latino']	[2019, 2020, 2021]	4	4
6eVWXmKBW7Iltub01D9R1c	Valerie Broussard	['bossbeat', 'modern alternative pop']	[2019, 2020, 2021]	4	4
2Ruhhm5oH4pxgsEUVZcaHm	Houdini	['canadian hip hop', 'toronto rap']	[2020]	4	3
3VrWSWV74xyECVDt2zBy4T	The Commanders	[]	[2020, 2021]	4	4
1XLWox9w1Yvbodui0SRhUQ	StaySolidRocky	['melodic rap']	[2020, 2021]	4	2
6DgP9otnZw5z6daOntINxp	Joel Corry	['dance pop', 'pop dance', 'uk dance']	[2020, 2021, 2022]	4	4
6ZLTlhejhndI4Rh53vYhrY	Ozzy Osbourne	['album rock', 'alternative metal', 'birmingham metal', 'classic rock', 'glam metal', 'hard rock', 'metal', 'nu metal', 'rock']	[2019, 2020]	4	4
3PyJHH2wyfQK3WZrk9rpmP	Ashnikko	['alt z', 'escape room']	[2019, 2020, 2021]	4	2
3ipn9JLAPI5GUEo4y4jcoi	Ludacris	['atl hip hop', 'dance pop', 'dirty south rap', 'hip hop', 'old school atlanta hip hop', 'pop rap', 'rap', 'southern hip hop', 'trap']	[2019, 2020, 2021, 2022]	4	4
6veh5zbFpm31XsPdjBgPER	BIA	['rap latina', 'trap queen']	[2019, 2020, 2021]	4	3
2IvkS5MXK0vPGnwyJsrEyV	Eric Church	['contemporary country', 'country', 'country road']	[2019, 2020, 2021]	4	2
0WK3H9OErSn5zKOkOV5egm	DDG	['pop rap']	[2020, 2021, 2022]	4	4
2auiVi8sUZo17dLy1HwrTU	Solange	['afrofuturism', 'alternative r&b', 'r&b', 'urban contemporary']	[2019, 2020]	4	1
1fctva4kpRbg2k3v7kwRuS	Rvssian	['reggaeton', 'trap latino', 'urbano latino']	[2019, 2020]	4	4
5KNNVgR6LBIABRIomyCwKJ	Dermot Kennedy	['folk-pop', 'irish pop', 'uk pop']	[2019, 2020, 2021]	4	1
3qiHUAX7zY4Qnjx8TNUzVx	Yeat	['pluggnb', 'rage rap']	[2022]	4	2
3rWZHrfrsPBxVy692yAIxF	WILLOW	['afrofuturism', 'pop', 'post-teen pop', 'pov: indie']	[2021, 2022]	4	4
0LcJLqbBmaGUft1e9Mm8HV	ABBA	['europop', 'swedish pop']	[2021, 2022]	4	0
5IbEL2xjRtKsunfmsahLuO	$NOT	['aesthetic rap', 'cloud rap', 'florida rap', 'underground hip hop']	[2021, 2022]	4	4
6olE6TJLqED3rqDCT0FyPh	Nirvana	['grunge', 'permanent wave', 'rock']	[2021, 2022]	4	0
329e4yvIujISKGKz1BZZbO	Farruko	['reggaeton', 'trap latino', 'urbano latino']	[2019, 2021, 2022]	4	2
0Njy6yR9LykNKYg9yE23QN	Nardo Wick	['florida drill', 'florida rap']	[2021, 2022]	4	4
4sTQVOfp9vEMCemLw50sbu	Galantis	['dance pop', 'edm', 'pop', 'pop dance']	[2017, 2019, 2021, 2022]	4	4
1ybINI1qPiFbwDXamRtwxD	Smino	['alternative r&b']	[2019, 2021]	4	4
6LEG9Ld1aLImEFEVHdWNSB	AP Dhillon	['desi hip hop', 'desi pop', 'punjabi hip hop', 'punjabi pop']	[2021]	4	4
1ooV8YZC1KbpEcrmI8WH0F	Yebba	['pop soul']	[2017, 2019, 2021]	4	4
1mcTU81TzQhprhouKaTkpq	Rauw Alejandro	['puerto rican pop', 'reggaeton', 'trap latino', 'urbano latino']	[2021]	4	2
6PDLwWvgYNMfBRLqC1h5cJ	Buddy	['alternative r&b', 'cali rap']	[2019]	4	4
4ryoUS0W8qXokfMxrlJt6O	Skip Marley	['modern reggae']	[2017, 2019]	4	4
4ehtJnVumNf6xzSCDk8aLB	Martin Jensen	['danish electronic', 'edm', 'pop dance']	[2017, 2019]	4	3
00TKPo9MxwZ0j4ooveIxWZ	Loote	['alt z', 'nyc pop']	[2017, 2019]	4	3
3kjuyTCjPG1WMFCiyc5IuB	Arcade Fire	['alternative rock', 'baroque pop', 'canadian indie', 'chamber pop', 'indie rock', 'indietronica', 'modern rock', 'permanent wave', 'quebec indie', 'rock']	[2017]	4	0
5G1ozOoTwFiVTKjYMj1HAJ	Big Lenbo	[]	[2017, 2018]	3	3
0bdJZl7TDeiymDYzMJnVh2	Preme	['canadian hip hop', 'canadian trap', 'toronto rap']	[2017, 2018, 2019, 2020]	3	2
2LgklPXmvWVOQfzPVkuChg	Scott Helman	['canadian folk', 'folk-pop']	[2017, 2018]	3	0
28ExwzUQsvgJooOI0X1mr3	Jay Rock	['conscious hip hop', 'hip hop', 'rap', 'southern hip hop', 'trap']	[2018, 2020, 2022]	3	3
5fyDppLDl1juIu1BcUT5zh	Digital Farm Animals	['uk dance']	[2017, 2018]	3	3
4VIvfOurcf0vuLRxLkGnIG	Bradley Cooper	['hollywood']	[2018, 2019, 2020, 2021, 2022]	3	3
5KEG7G8LDYlHgFDqZyEEs2	Chris Rea	['soft rock', 'sophisti-pop']	[2017, 2018, 2019, 2020, 2021]	3	0
5Y5TRrQiqgUO4S36tzjIRZ	Timbaland	['dance pop', 'pop', 'pop rap']	[2018, 2020, 2021, 2022]	3	3
3koiLjNrgRTNbOwViDipeA	Marvin Gaye	['classic soul', 'motown', 'neo soul', 'northern soul', 'quiet storm', 'soul']	[2017, 2018, 2019, 2021]	3	3
75jNCko3SnEMI5gwGqrbb8	Tammi Terrell	['classic soul', 'motown', 'soul', 'southern soul']	[2017, 2018, 2019, 2021]	3	3
5EvFsr3kj42KNv97ZEnqij	Shaggy	['dance pop', 'pop rap', 'reggae fusion']	[2017, 2018, 2019, 2020]	3	3
7rpf45DdbpweG51Acze45i	Kay Starr	['torch song']	[2017, 2018, 2019, 2020, 2021]	3	0
0Y3agQaa6g2r0YmHPOO9rh	Davido	['afrobeats', 'afropop', 'azontobeats', 'ghanaian hip hop', 'nigerian pop']	[2018, 2020]	3	3
43ZHCT0cAZBISjO8DG9PnE	Elvis Presley	['rock-and-roll', 'rockabilly']	[2017, 2018, 2019, 2020, 2021]	3	0
0FTrIsp2Mg7Bkf8eXQrISa	PHresher	['nyc rap']	[2017, 2018]	3	3
3EXdLajEO02ziZ90P90bSW	Lil Xan	['cloud rap']	[2017, 2018]	3	1
7eCmccnRwPmRnWPw61x6jM	shy martin	['alt z', 'swedish electropop']	[2017, 2018]	3	2
4STHEaNw4mPZ2tzheohgXB	Paul McCartney	['beatlesque', 'classic rock', 'rock']	[2017, 2018, 2019, 2020, 2021]	3	0
6ltzsmQQbmdoHHbLZ4ZN25	Lord Huron	['indie folk', 'modern rock', 'stomp and holler']	[2017, 2018, 2019, 2021, 2022]	3	0
1l7ZsJRRS8wlW3WfJfPfNS	Christina Aguilera	['dance pop', 'pop']	[2017, 2018, 2019, 2020, 2021]	3	1
2ySHS7UojGu20XfUPaBlyu	Devin Dawson	['contemporary country', 'country road', 'modern country rock']	[2018, 2019, 2020]	3	1
59wfkuBoNyhDMQGCljbUbA	Diddy	['dance pop', 'east coast hip hop', 'hip hop', 'hip pop', 'pop rap', 'rap']	[2018, 2020, 2021]	3	3
12Zk1DFhCbHY6v3xep2ZjI	070 Shake	['new jersey rap']	[2018, 2019]	3	3
1moxjboGR7GNWYIMWsRjgG	Florence + The Machine	['baroque pop', 'modern rock', 'neo mellow', 'uk alternative pop']	[2018, 2022]	3	0
6G1yTgvoYsuVb2Ja8cVVJ2	anders	['canadian contemporary r&b', 'canadian hip hop', 'toronto rap', 'trap soul']	[2018, 2019]	3	3
3Z02hBLubJxuFJfhacLSDc	Bryan Adams	['canadian pop', 'canadian singer-songwriter', 'classic canadian rock', 'heartland rock', 'mellow gold', 'soft rock']	[2017, 2018, 2019, 2020, 2021]	3	1
5SyGEPymt1G2uto47tVWvZ	MadeinTYO	['atl hip hop', 'melodic rap', 'trap']	[2018, 2019, 2020]	3	3
4WN5naL3ofxrVBgFpguzKo	Rudimental	['pop dance', 'uk dance', 'uk funky']	[2017, 2018]	3	3
4OBJLual30L7gRl5UkeRcT	T.I.	['atl hip hop', 'dirty south rap', 'gangster rap', 'hip hop', 'pop rap', 'rap', 'southern hip hop', 'trap']	[2017, 2018, 2019]	3	3
2VYQTNDsvvKN9wmU5W7xpj	Marilyn Manson	['alternative metal', 'hard rock', 'industrial', 'industrial metal', 'industrial rock', 'nu metal', 'post-grunge', 'rock']	[2018, 2020]	3	0
0UARksVKrwd1Gwdeq3Mes1	Elijah Woods x Jamie Fine	['canadian electropop', 'canadian pop']	[2017, 2018]	3	0
4olE3I5QU0dvSR7LIpqTXc	WATT	['modern alternative rock']	[2017, 2018, 2019, 2021]	3	3
6HhsbprrJmKeaH8SgSlGge	Kin$oul	[]	[2018, 2019]	3	3
3JXpwnHbLvXxY99EuXqFPX	Poo Bear	['pop r&b']	[2017, 2018]	3	3
68EB3QvNdVLkC7SAgDbHIR	Marianas Trench	['canadian rock', 'neon pop punk', 'pixie']	[2017, 2018, 2019]	3	0
7EK1bQADBoqbYXnT4Cqv9w	John Denver	['classic country pop', 'folk', 'folk rock', 'mellow gold', 'singer-songwriter', 'soft rock']	[2017, 2018, 2020, 2021]	3	2
38EmEgXkgK51MT2tPY0EoC	Bobby Helms	[]	[2017, 2018, 2019, 2020, 2021]	3	0
4gOc8TsQed9eqnqJct2c5v	K/DA	['k-pop girl group']	[2018, 2020]	3	3
2AfmfGFbe0A0WsTYm0SDTx	(G)I-DLE	['k-pop', 'k-pop girl group']	[2018, 2020]	3	3
3IYUhFvPQItj6xySrBmZkd	Creedence Clearwater Revival	['classic rock', 'country rock', 'rock', 'southern rock', 'swamp rock']	[2018, 2019, 2020, 2021]	3	0
67MNhiAICFY6Pwc2YxCO0K	Elley Duhé	['alt z']	[2018, 2022]	3	2
5cIc3SBFuBLVxJz58W2tU9	Oh Wonder	['electropop', 'indie poptimism', 'pov: indie']	[2017, 2018, 2020]	3	3
4LcUpNlXFEleaLlelmkv2R	Kris Kross Amsterdam	['dutch house', 'dutch pop']	[2017, 2018]	3	3
6mU8ucezzms5I2kNH6HNlu	Conor Maynard	['post-teen pop', 'uk pop', 'viral pop']	[2017, 2018]	3	3
5rkVyNGXEgeUqKkB5ccK83	Ashanti	['dance pop', 'hip pop', 'r&b', 'urban contemporary']	[2018, 2019, 2020]	3	3
7CCjtD0hCK005Bvg2WG1a7	Carnage	['edm', 'electro house', 'electronic trap', 'viral trap']	[2018, 2020, 2021]	3	3
0uGk2czvcpWQA383Im6ajf	Maggie Lindemann	['alt z', 'dark pop', 'pop']	[2017, 2018]	3	3
33JQK4UoS2aMPYBfdB5Ftt	Ryan Riback	['melbourne bounce']	[2017, 2018]	3	3
2cADQgiLMjNhbsfeN52Bf3	Swizz Beatz	['battle rap', 'dirty south rap', 'southern hip hop', 'trap']	[2018, 2019, 2020]	3	3
0hItVPjwJLVZrFqOyIsxPf	Judy Garland	['adult standards', 'torch song', 'vocal jazz']	[2017, 2018, 2019, 2020, 2021]	3	0
1LZEQNv7sE11VDY3SdxQeN	Bee Gees	['disco', 'mellow gold', 'soft rock']	[2017, 2018, 2019, 2021]	3	0
6xvpfMjWTougrRRtK7iikz	Mason Ramsey	['contemporary country', 'country']	[2018, 2019, 2022]	3	1
73Np75Wv2tju61Eo9Zw4IR	Idina Menzel	['hollywood', 'movie tunes', 'show tunes']	[2017, 2018, 2019, 2020, 2021]	3	3
2HUwZ0kumzCSlhFcjFZfpp	Flipp Dinero	['melodic rap', 'trap']	[2018, 2019, 2020]	3	1
0sc5zYshOdiFD4ayqMrJbJ	Jazz Cartier	['canadian hip hop', 'canadian trap', 'toronto rap', 'underground hip hop']	[2017, 2018]	3	1
18SBju6wBZGpevPcsWMAM3	Rockwell	[]	[2017, 2018, 2019, 2020, 2021]	3	0
7Io0XduXk7aOHFHA7sLru2	Bonn	['swedish pop']	[2018, 2019]	3	3
5exS0bytCYdixgv02DaCm3	William Singe	[]	[2017, 2018]	3	3
164hs3x1Tsp3FgJWNHee1r	The Citizens of Halloween	['halloween']	[2017, 2018, 2019, 2020]	3	0
0NyzfcGDZZ6GM25EBG9BYK	Ray Parker Jr.	[]	[2017, 2018, 2019, 2020, 2021]	3	0
2uvY5pgdD9t1CZ5zMNw1rl	Lucy Rose	['ambient folk', 'british singer-songwriter']	[2017, 2018]	3	3
6XpaIBNiVzIetEPCWDvAFP	Whitney Houston	['dance pop']	[2018, 2019, 2020, 2021, 2022]	3	2
0wi4yTYlGtEnbGo4ltZTib	Shakin' Stevens	['classic uk pop', 'rockabilly']	[2017, 2018, 2019, 2020, 2021]	3	0
6tbjWDEIzxoDsBA1FuhfPW	Madonna	['dance pop', 'pop']	[2018, 2019, 2020]	3	2
6Ff53KvcvAj5U7Z1vojB5o	*NSYNC	['boy band', 'dance pop', 'pop']	[2017, 2018, 2019, 2020, 2021]	3	0
6ydoSd3N2mwgwBHtF6K7eX	Calum Scott	['pop']	[2018, 2020, 2021, 2022]	3	1
1tqhsYv8yBBdwANFNzHtcr	Lil Dicky	['comedy rap', 'indie pop rap', 'pop rap']	[2018, 2019, 2020]	3	2
4bL2B6hmLlMWnUEZnorEtG	Felix Jaehn	['edm', 'german dance', 'pop dance', 'tropical house']	[2017, 2018, 2019, 2020]	3	3
7uaIm6Pw7xplS8Dy06V6pT	Trevor Daniel	['melodic rap']	[2019, 2020, 2021]	3	1
62DmErcU7dqZbJaDqwsqzR	Popcaan	['dancehall', 'jamaican hip hop', 'reggae fusion', 'traphall']	[2017, 2020]	3	3
6trIghKwHRUyxwvm66HLHH	Fousheé	['indie r&b']	[2020, 2021]	3	2
7ba7eFah7fB6SbgnSufYBJ	La Bottine Souriante	['canadian celtic', 'trad quebecois']	[2019, 2020, 2021, 2022]	3	0
4AK6F7OLvEQ5QYCBNiQWHq	One Direction	['boy band', 'pop', 'post-teen pop', 'talent show']	[2020]	3	0
6rcE30MaP92XafelMNZ2Sq	Frank Walker	[]	[2020, 2021]	3	3
5Zq7R5qmi58ByYyBQTlNuk	Lee Brice	['contemporary country', 'country', 'country road', 'modern country rock']	[2020, 2021]	3	1
3fyhhXHbGVLuSHFk2SYx4I	Popp Hunna	['philly rap', 'viral rap']	[2020, 2021]	3	2
3MdXrJWsbVzdn6fe5JYkSQ	Latto	['trap queen']	[2020, 2022]	3	2
1tG7s7S4sq2eFFW0QZyLbm	Sheff G	['brooklyn drill', 'new york drill', 'nyc rap']	[2020, 2021]	3	3
2CIMQHirSU0MQqyYHq0eOx	deadmau5	['canadian electronic', 'complextro', 'edm', 'electro house', 'pop dance', 'progressive house']	[2020, 2021, 2022]	3	3
56mfhUDKa1vec6rSLZV5Eg	Jawsh 685	['nz pop']	[2020, 2021]	3	3
2JbE7jUIGtpXSzytnyMg6U	Curtis Waters	[]	[2020]	3	3
44rJuOJLavqhY6qGgpQW4U	Harm Franklin	['alberta hip hop']	[2020]	3	3
2UwqpfQtNuhBwviIC0f2ie	Damso	['belgian hip hop', 'french hip hop', 'pop urbaine', 'r&b francais', 'rap belge', 'rap conscient']	[2020]	3	1
4ETSs924pXMzjIeD6E9b4u	Surfaces	['bedroom soul']	[2020, 2021]	3	1
4MoAOfV4ROWofLG3a3hhBN	Jon Pardi	['contemporary country', 'country', 'country road', 'modern country rock']	[2019, 2020]	3	2
32vWCbZh0xZ4o9gkz4PsEU	Dolly Parton	['classic country pop', 'country', 'country dawn']	[2020, 2021]	3	3
2nm38smINjms1LtczR0Cei	Goodboys	['pop dance', 'uk dance']	[2019, 2020]	3	3
3Rx4PJ7SP6unkOk5elPUK7	Money Man	['memphis hip hop', 'trap']	[2020, 2021]	3	2
7FNnA9vBm6EKceENgCGRMb	Anitta	['funk pop', 'funk rj', 'pagode baiano', 'pop', 'pop nacional']	[2017, 2019, 2020]	3	3
7iK8PXO48WeuP03g8YR51W	Myke Towers	['reggaeton', 'trap latino', 'urbano latino']	[2020, 2021]	3	3
3yzRiNMZdTsSUgplcyYZ4i	Blanco Brown	['black americana', 'country rap']	[2019, 2020]	3	1
4ofCBoyEiGSePFAG500xev	Regard	['pop dance', 'pop edm', 'slap house', 'uk dance']	[2019, 2020, 2021]	3	2
0dvFTsuG02c4cRbcSQ8zE6	Yak Gotti	['atl trap']	[2020, 2021]	3	3
1MXZ0hsGic96dWRDKwAwdr	Tyla Yaweh	['cali rap', 'melodic rap']	[2020]	3	3
77SW9BnxLY8rJ0RciFqkHh	The Neighbourhood	['modern alternative rock', 'modern rock', 'pop', 'pov: indie']	[2020, 2021, 2022]	3	0
0NbfKEOTQCcwd6o7wSDOHI	The Game	['gangster rap', 'hip hop', 'pop rap', 'rap', 'southern hip hop', 'trap']	[2019, 2020, 2022]	3	3
5yy76ufVriyvidNSvXlRU1	Clever	['alabama rap']	[2019, 2020, 2021]	3	3
6Iz3eq2aQGFf7TbGT2iahL	Gabby Barrett	['contemporary country']	[2020, 2021]	3	0
6nVcHLIgY5pE2YCl8ubca1	Jhayco	['reggaeton', 'trap latino', 'urbano latino']	[2020, 2021]	3	3
51Blml2LZPmy7TTiAg47vQ	U2	['irish rock', 'permanent wave', 'rock']	[2017, 2019, 2020]	3	1
6yJCxee7QumYr820xdIsjo	Zac Brown Band	['contemporary country', 'country', 'country road', 'modern country rock']	[2019, 2020, 2021]	3	0
7arQA31aZVS8yS6zUveWzb	CJ	['nyc rap']	[2020, 2021]	3	0
1r1uxoy19fzMxunt3ONAkG	Phoebe Bridgers	['indie pop', 'la indie', 'pov: indie']	[2020, 2021]	3	3
2TL8gYTNgD6nXkyuUdDrMg	Jasmine Thompson	['viral pop']	[2017, 2020]	3	3
4wLAjfeqAsV66AocWNcowA	Buju Banton	['dancehall', 'reggae fusion']	[2019, 2020]	3	3
1bqxdqvUtPWZri43cKHac8	MAX	['viral pop']	[2017, 2019, 2020]	3	2
1ZwdS5xdxEREPySFridCfh	2Pac	['g funk', 'gangster rap', 'hip hop', 'rap', 'west coast rap']	[2020, 2022]	3	2
3uJx5SnOM59Li7lCxA3b29	Lil Keed	['melodic rap', 'trap']	[2020, 2021]	3	3
6aX6KqXgEcARRHwvWxHcFW	Johnny Orlando	['boy pop', 'canadian pop', 'singer-songwriter pop', 'social media pop']	[2020, 2021]	3	2
7blkMNJv8n9ceP9zlA4W2U	Shawn Hook	['canadian pop']	[2017, 2020]	3	3
6jEiUoyyJNPHzSR0Nib6HX	Walk off the Earth	['canadian rock', 'pop rock']	[2017, 2020]	3	1
4NgNsOXSwIzXlUIJcpnNUp	Sarah McLachlan	['canadian pop', 'canadian singer-songwriter', 'ectofolk', 'lilith', 'permanent wave', 'pop rock']	[2017, 2020]	3	2
7okSU80WTrn4LXlyXYbX3P	Clinton Kane	['alt z', 'gen z singer-songwriter']	[2020, 2021, 2022]	3	1
6DJEUXZm0e2rAohdoZ5Voo	Black Thought	['alternative hip hop', 'east coast hip hop']	[2017, 2020]	3	3
0vRvGUQVUjytro0xpb26bs	Arizona Zervas	['pop rap', 'rhode island rap']	[2019, 2020, 2021]	3	0
7crPfGd2k81ekOoSqQKWWz	Stevie Nicks	['heartland rock']	[2017, 2020, 2021]	3	2
4ZhFCxPekpmV12n2xMeF2z	Ink	[]	[2019, 2020]	3	3
0HkcYmcjrBR3SCw9Ld5VZk	Calboy	['chicago rap', 'melodic rap']	[2019, 2020]	3	1
7yntSJ6uojO3z6GFUVwhAW	CORPSE	['pov: indie']	[2020, 2021]	3	3
3xLU748QxpTmIVaiNXXg0P	Encanto - Cast	['movie tunes']	[2021, 2022]	3	3
0lAWpj5szCSwM4rUMHYmrr	Måneskin	['indie rock italiano', 'italian pop', 'pop']	[2021, 2022]	3	0
5L1lO4eRHmJ7a0Q6csE5cT	LISA	['k-pop']	[2021, 2022]	3	1
7sKxqpSqbIzphAKAhrqvlf	Walker Hayes	['contemporary country', 'country', 'country road', 'modern country rock']	[2021, 2022]	3	0
048LktY5zMnakWq7PTtFrz	CKay	['afro r&b', 'afrobeats']	[2021, 2022]	3	1
6T5tfhQCknKG4UnH90qGnz	DNCE	['dance pop', 'pop']	[2017, 2022]	3	1
78rUTD7y6Cy67W1RVzYs7t	PinkPantheress	['bedroom pop']	[2021, 2022]	3	1
0SwO7SWeDHJijQ3XNS7xEE	MGMT	['alternative rock', 'indie rock', 'indietronica', 'modern rock', 'rock']	[2017, 2021, 2022]	3	1
2uYWxilOVlUdk4oV9DvwqK	Mitski	['brooklyn indie', 'pov: indie']	[2021, 2022]	3	0
1Cd373x8qzC7SNUg5IToqp	BoyWithUke	['sad rap']	[2021, 2022]	3	0
6V3F8MZrOKdT9fU686ybE9	Mark Morrison	['british soul']	[2017, 2021, 2022]	3	2
0jnsk9HBra6NMjO2oANoPY	Flo Rida	['dance pop', 'miami hip hop', 'pop', 'pop rap']	[2017, 2021, 2022]	3	2
3aQeKQSyrW4qWr35idm0cy	T-Pain	['dance pop', 'gangster rap', 'hip hop', 'pop rap', 'r&b', 'rap', 'southern hip hop', 'trap', 'urban contemporary']	[2019, 2021, 2022]	3	3
57vWImR43h4CaDao012Ofp	Steve Lacy	['afrofuturism']	[2017, 2021, 2022]	3	2
3IJ21966TwNZI24MwZHMu4	Baby Tate	['trap queen']	[2019, 2022]	3	3
73jBynjsVtofjRpdpRAJGk	Dimitri Vegas & Like Mike	['belgian dance', 'belgian edm', 'big room', 'dutch house', 'edm', 'electro house', 'pop dance', 'progressive electro house']	[2017, 2019, 2021]	3	3
6aaMZ3fcfLv4tEbmY7bjRM	Isaiah Rashad	['hip hop', 'indie hip hop', 'rap', 'tennessee hip hop', 'underground hip hop']	[2021]	3	2
5F1aAS1duwlzExnPs3l2Xe	Pooh Shiesty	['memphis hip hop', 'tennessee hip hop', 'trap']	[2021]	3	3
2SJhf6rTOU53g8yBdAjPby	SoFaygo	['glitchcore', 'plugg', 'rage rap']	[2021]	3	2
0ghlgldX5Dd6720Q3qFyQB	TOMORROW X TOGETHER	['k-pop', 'k-pop boy group']	[2019, 2021]	3	1
14qypx78D3Jd1mm7c2BqQb	T-Shyne	['atl trap']	[2021]	3	3
46MWeeHNVMYRIIofQBEX98	BEAM	['trap soul']	[2021]	3	3
2WInxWtfee6mRhUQUmIRAH	Strick	['atl trap']	[2021]	3	3
5DHi2MeoRgAwPE0A0qwRMl	Gurinder Gill	['punjabi hip hop']	[2021]	3	3
26T3LtbuGT1Fu9m0eRq5X3	Cage The Elephant	['modern alternative rock', 'modern rock', 'pov: indie', 'punk blues', 'rock']	[2021]	3	0
7aA592KWirLsnfb5ulGWvU	Danny Brown	['alternative hip hop', 'detroit hip hop', 'escape room', 'hip hop', 'underground hip hop']	[2017, 2021]	3	3
6LArUyIoMiHmDvvOAsE2cd	Dream	['pixel', 'pov: indie']	[2021]	3	2
2KsP6tYLJlTBvSUxnwlVWa	Mike Posner	['dance pop', 'pop', 'pop rap']	[2017, 2021]	3	2
4iDroUFo89Y7YBsdDTBmTD	Sueco	['cali rap']	[2019, 2021]	3	1
0NcPKaSNIHAM2RfioH9vMT	Guapdad 4000	['cali rap', 'oakland hip hop', 'scam rap', 'underground hip hop']	[2019]	3	3
2fVW2ix4ANKiofDZIsy1XR	Vargas & Lagola	['swedish pop']	[2019]	3	3
2ExGrw6XpbtUAJHTLtUXUD	Stefflon Don	['dancehall', 'dancehall queen', 'uk dancehall', 'uk hip hop']	[2017, 2019]	3	3
5oFkj1qSlyBUmV5d6Edgtq	Cozz	['underground hip hop']	[2019]	3	3
72T7x96EAqN2UWvAgobYfv	Sizzla	['dancehall', 'reggae', 'reggae fusion']	[2017, 2019]	3	3
7hOGhpa8RMSuDOWntGIAJt	A R I Z O N A	['electropop', 'indie poptimism']	[2017, 2019]	3	2
0O1cTzccAEKaEFShgzAK9V	Bass Santana	['miami hip hop', 'underground hip hop']	[2019]	3	3
2tMOCIpxj6jwM9e6pmwGiP	KEY!	['underground hip hop']	[2017, 2019]	3	3
3v9wPA58IVrX2dg6AjSPgi	Virginia To Vegas	['canadian pop']	[2017]	3	1
5JSXWmQO8csVUy6hSRu8TA	Maty Noyes	['alt z']	[2017]	3	2
6d47Z08T4snK50HgTEHo5Z	Sage The Gemini	['hyphy', 'pop rap', 'southern hip hop', 'trap']	[2017]	3	1
50JJSqHUf2RQ9xsHs0KMHg	Jon Bellion	['indie pop rap']	[2017]	3	2
0tPjSrb43a58uznKru1k2P	A$AP Twelvyy	['underground hip hop']	[2017]	3	3
1uLYUm2A6kpFYAECfAFoH1	A$AP NAST	['harlem hip hop']	[2017]	3	3
7gAppWoH7pcYmphCVTXkzs	The Vamps	['boy band', 'pop']	[2017]	3	3
6nxWCVXbOlEVRexSbLsTer	Flume	['australian dance', 'australian electropop', 'australian indie', 'downtempo', 'edm', 'indietronica']	[2017]	3	3
0q4NrXqJnc367PieejuROJ	Vice	['chicano rap']	[2017]	3	3
6okAv2ACUPrUrwux2B17Rc	Alyssa Reid	['canadian pop']	[2017]	3	2
4DTbdShHu2RPYEEMUp2XWV	Anjulie	['canadian pop']	[2017]	3	3
4kYGAK2zu9EAomwj3hXkXy	JP Cooper	['uk pop']	[2017]	3	2
7KUri7klyLaIFXLcuuOMCd	Stargate	['norwegian pop']	[2017]	3	3
5M0lbkGluOPXLeFjApw8r8	DRAM	['pop rap', 'trap', 'underground hip hop', 'viral trap', 'virginia hip hop']	[2017]	3	3
2ziB7fzrXBoh1HUPS6sVFn	Audioslave	['alternative metal', 'alternative rock', 'grunge', 'hard rock', 'nu metal', 'permanent wave', 'post-grunge', 'rock', 'supergroup']	[2017]	3	0
3iOvXCl6edW5Um0fXEBRXy	The xx	['downtempo', 'dream pop', 'indietronica']	[2017]	3	0
57WHJIHrjOE3iAxpihhMnp	Louis Tomlinson	['pop']	[2017]	3	2
1Oa0bMld0A3u5OTYfMzp5h	Nate Dogg	['g funk', 'gangster rap', 'hardcore hip hop', 'hip hop', 'west coast rap']	[2017, 2018, 2019, 2020, 2021, 2022]	2	2
5lKZWd6HiSCLfnDGrq9RAm	Leona Lewis	['british soul', 'dance pop', 'pop', 'talent show']	[2017, 2018, 2019, 2020, 2021]	2	0
37Qsf5KCKljH7mL134xp4k	Saudi	['south african hip hop']	[2018]	2	2
5uEeqYFuIChoWKy34jp8xE	Brando	['dance pop', 'pop dance']	[2018, 2019, 2020]	2	2
5vQfv3s2Z2SRdPZKr82ABw	Dzeko	['canadian electronic', 'dutch house', 'edm', 'electro house', 'pop dance', 'progressive electro house']	[2018, 2019]	2	2
3WrFJ7ztbogyGnTHbHJFl2	The Beatles	['beatlesque', 'british invasion', 'classic rock', 'merseybeat', 'psychedelic rock', 'rock']	[2017, 2018, 2019, 2020, 2021]	2	0
77DAFfvm3O9zT5dIoG0eIO	Kyla	['uk funky']	[2017, 2018, 2019, 2020, 2021, 2022]	2	2
4ScCswdRlyA23odg9thgIO	Jess Glynne	['pop', 'uk pop']	[2018]	2	1
0SCbttzoZTnLFebDYmAWCm	Glee Cast	['glee club', 'post-teen pop']	[2017, 2018, 2019]	2	1
2ysnwxxNtSgbb9t1m2Ur4j	George Ezra	['folk-pop', 'neo-singer-songwriter']	[2017, 2018, 2019, 2020]	2	0
52lBOxCxbJg0ttXEW9CQpW	Louis Prima	['adult standards', 'jump blues', 'lounge', 'swing', 'tin pan alley']	[2018]	2	2
4gvkdged3Xw3ImXFm3jiay	Juliander	['swedish pop']	[2017, 2018]	2	2
5me0Irg2ANcsgc93uaYrpb	The Notorious B.I.G.	['east coast hip hop', 'gangster rap', 'hardcore hip hop', 'hip hop', 'rap']	[2017, 2018, 2021, 2022]	2	0
67wCYxOq4A1ohAs7jWYaOJ	Rik Rok	['reggae fusion']	[2017, 2018, 2019]	2	2
2JLqTvFXmC87BksiCsBezV	Matt Terry	['talent show']	[2017, 2018]	2	0
3pbi8H08p95NUZ7m6ybxUV	Static Major	[]	[2018]	2	2
1TtXnWcUs0FCkaZDPGYHdf	Darell	['latin hip hop', 'reggaeton', 'trap latino', 'urbano latino']	[2018, 2019]	2	2
0701LAQrkY5Il5vt06uNnC	Trouble	['atl hip hop', 'memphis hip hop', 'trap']	[2017, 2018]	2	2
4AA474G2hRfrHyGrfyDseO	Mozzy	['cali rap', 'sacramento hip hop']	[2018, 2021]	2	2
6XpXnnKHIhCOUbOLOJGe6o	REASON	['indie hip hop', 'underground hip hop']	[2018, 2019]	2	2
3kv1Edgn5HlEWCuEKr1Y9x	Yugen Blakrok	['south african hip hop', 'spiritual hip hop']	[2018]	2	2
2lRH2dgU5Kk4Bc5phmII4T	LANCO	['contemporary country', 'country road', 'modern country rock']	[2017, 2018]	2	0
07ZhipyrvoyNoJejeyM0PQ	Higher Brothers	['chinese hip hop']	[2018]	2	2
2iB8eFB6flwQculkUrRssi	AUGUST 08	['la pop', 'r&b']	[2018]	2	2
5UjifI1TYefXWn9GdqDOHl	Social House	[]	[2018, 2019, 2020]	2	2
3OsRAKCvk37zwYcnzRf5XF	Moby	['downtempo', 'electronica']	[2018]	2	2
3yvCFkK57FXH7JIwZQ5CmU	Baka Not Nice	['canadian hip hop', 'melodic rap', 'toronto rap']	[2017, 2018]	2	0
4VZY0nxYMSNotbS7WjNVQy	Nyla	[]	[2017, 2018]	2	2
2cGwlqi3k18jFpUyTrsR84	The Verve	['britpop', 'permanent wave', 'rock', 'shoegaze']	[2018]	2	0
35S20clEkkSNUo23ViaslZ	Band Aid	['musical advocacy']	[2017, 2018, 2019, 2020, 2021]	2	0
5ChF3i92IPZHduM7jN3dpg	Nicky Romero	['big room', 'dutch edm', 'dutch house', 'edm', 'electro house', 'pop dance', 'progressive electro house']	[2017, 2018]	2	2
0Vu4A064M7J86SoMA0nrJH	Dan Talevski	['canadian pop']	[2018, 2019]	2	0
3jfVtv9mWfW0c5b3Fx440e	Babes Wodumo	['afro soul', 'gqom', 'south african pop']	[2018]	2	2
0eI3X5rAzHRZVe5FPk4MN1	Bad Wolves	['alternative metal', 'metal', 'post-grunge']	[2018]	2	0
4TAoP0f9OuWZUesao43xUW	Mr Eazi	['afrobeats', 'afropop', 'azontobeats', 'ghanaian hip hop', 'nigerian pop', 'swedish dancehall']	[2018, 2020]	2	2
3dRfiJ2650SZu6GbydcHNb	John Williams	['orchestral soundtrack', 'soundtrack']	[2017, 2018, 2019, 2020, 2021]	2	2
3QLIkT4rD2FMusaqmkepbq	Rachel Platten	['post-teen pop', 'viral pop']	[2017, 2018]	2	0
0JXiS2FrAg3wQYJHcmZdrc	B. Swanson Quartet	[]	[2017, 2018, 2019, 2020, 2021]	2	2
42MRYPhQfcEXqb18dl5ERX	"Bobby ""Boris"" Pickett"	['halloween', 'novelty']	[2017, 2018, 2019, 2020, 2021]	2	1
6jsjhAEteAlY0vCiLvMLBA	ROZES	['alt z', 'indie poptimism']	[2017, 2018, 2019, 2020]	2	1
2wIVse2owClT7go1WT98tk	Missy Elliott	['dance pop', 'hip hop', 'hip pop', 'neo soul', 'pop rap', 'r&b', 'rap', 'urban contemporary', 'virginia hip hop']	[2018, 2020]	2	2
3y24n3XhZ96wgwRXjvS17T	Coolio	['g funk', 'gangster rap', 'hip hop', 'west coast rap']	[2018, 2021, 2022]	2	2
2LhsePRtgCo4THVKULQBL7	L.V.	[]	[2018, 2021, 2022]	2	2
1p6CdzJRoicjRcSdWoB9Qc	Mitchell Tenpenny	['contemporary country', 'country road', 'heartland rock', 'modern country rock']	[2018, 2019]	2	0
1Y8cdNmUJH7yBTd9yOvr5i	Destiny's Child	['dance pop', 'girl group', 'pop', 'r&b', 'urban contemporary']	[2017, 2018, 2019, 2020]	2	0
1GDbiv3spRmZ1XdM1jQbT7	NATTI NATASHA	['latin pop', 'rap latina', 'reggaeton', 'urbano latino']	[2018, 2019]	2	2
4fpTMHe34LC5t3h5ztK8qu	The Carters	['r&b']	[2018]	2	0
0haZhu4fFKt0Ag94kZDiz2	Sofía Reyes	['latin pop', 'latin viral pop', 'mexican pop', 'reggaeton']	[2018, 2019]	2	2
67vv9AdRksCdxgcB40wKxF	Davo	[]	[2018]	2	2
3H91WvXn7klxNAxzQ9CqVK	Paloma Ford	['pop r&b']	[2018]	2	2
0TkqXdyWLsssJH7okthMPQ	Jay Electronica	['alternative hip hop', 'conscious hip hop', 'drumless hip hop', 'hip hop', 'psychedelic hip hop']	[2018]	2	2
4N8BwYTEC6XqykGvXXlmfv	George Benson	['jazz funk', 'jazz guitar', 'smooth jazz', 'soul jazz', 'yacht rock']	[2018]	2	2
1INuLZXjjVbcJRyWvD1iSq	Jack & Jack	['pop', 'teen pop']	[2018, 2019]	2	2
3grHWM9bx2E9vwJCdlRv9O	Kenny Chesney	['contemporary country', 'country', 'country road']	[2018]	2	0
0tRFWXqKBBQcu5oFVOgVzX	Jaira Burns	['alt z']	[2018, 2020]	2	2
0g9vAlRPK9Gt3FKCekk4TW	Ab-Soul	['conscious hip hop', 'hip hop', 'rap']	[2018]	2	2
4we5S2VLjgY9KzIzApL1KI	Ryan Tedder	[]	[2018]	2	2
6CwfuxIqcltXDGjfZsMd9A	MARINA	['metropopolis', 'pop', 'pov: indie', 'uk alternative pop']	[2018, 2021]	2	1
6FD0unjzGQhX3b6eMccMJe	Ghostface Killah	['east coast hip hop', 'hardcore hip hop']	[2018, 2019]	2	2
1v3tdpIdBSW14rHUfiEVOv	Lauren Alaina	['contemporary country', 'country', 'country dawn', 'country road']	[2017, 2018, 2020]	2	2
2hgP9Ap2tc10R5jrQaEpMT	Charles Aznavour	['chanson']	[2018]	2	0
4BYxqVkZyFjtik7crYLg5Q	Chris Young	['contemporary country', 'country', 'country road']	[2017, 2018, 2021]	2	1
21451j1KhjAiaYKflxBjr1	Zion & Lennox	['reggaeton', 'urbano latino']	[2017, 2018]	2	2
2DaxqgrOhkeH0fpeiQq2f4	Oasis	['beatlesque', 'britpop', 'madchester', 'permanent wave', 'rock']	[2017, 2018, 2019, 2021]	2	0
7KMqksf0UMdyA0UCf4R3ux	James Blunt	['neo mellow', 'pop rock']	[2017, 2018]	2	1
0CEK8AzyeD5ZUdUloB6yQV	CADE	['pop edm']	[2017, 2018]	2	2
60df5JBRRPcnSpsIMxxwQm	Otis Redding	['classic soul', 'memphis soul', 'soul', 'soul blues', 'southern soul', 'vocal jazz']	[2018, 2019, 2020, 2021]	2	0
4j5KBTO4tk7up54ZirNGvK	NERVO	['australian dance', 'dutch house', 'edm', 'electra', 'electro house', 'house', 'pop dance', 'progressive electro house', 'progressive house']	[2017, 2018]	2	1
02A3cEvlLLCbIMVDrK2GHV	Starley	['aussietronica']	[2017, 2018]	2	2
07V3atNq2TyPNDYmzp6Dyy	Reese LAFLARE	['atl trap']	[2018, 2019]	2	2
602DnpaSXJB4b9DZrvxbDc	Peggy Lee	['adult standards', 'torch song', 'vocal jazz']	[2017, 2018, 2019, 2020, 2021]	2	0
7K78lVZ8XzkjfRSI7570FF	José Feliciano	['latin pop', 'puerto rican pop']	[2017, 2018, 2019, 2020, 2021]	2	0
0pt7PX4Hftlg8mV1ySU84Q	CVBZ	['dark r&b']	[2017, 2018]	2	1
3GBPw9NK25X1Wt2OUvOwY3	Jack Johnson	['neo mellow']	[2017, 2018]	2	0
7EQ0qTo7fWT7DPxmxtSYEc	Bastille	['metropopolis', 'modern rock', 'pop']	[2018, 2019, 2020, 2021]	2	2
3EWxytcxaM0tksU6v3je2Q	kiLL edward	[]	[2018]	2	2
4CDXbURs9NxZWRLVZ2HHto	Sheffield	[]	[2018, 2019]	2	0
5H1nN1SzW0qNeUEZvuXjAj	Danny Ocean	['pop venezolano', 'reggaeton', 'trap latino', 'urbano latino']	[2017, 2018]	2	0
4cmA2QDPdzh8W2ytpyUGes	Young Scooter	['atl trap', 'drill', 'trap']	[2018]	2	2
5ixB75BQR3ADoWQkcHQJTs	Gene Autry	['classic oklahoma country', 'cowboy western', 'traditional country', 'western swing', 'yodeling']	[2017, 2018, 2019, 2020, 2021]	2	0
1CO6e7WRJvSFenmQO8n64C	Zhavia	['post-teen pop']	[2018, 2019]	2	2
6sqZoZxe9BQwk7Zxh6STfF	Kadhja Bonet	['alternative r&b', 'indie soul', 'psychedelic soul']	[2018, 2020]	2	2
7dbKeVkihtOifdiu7f3rUg	Lou Monte	['novelty']	[2017, 2018, 2019, 2020]	2	1
5BcAKTbp20cv7tC5VqPFoC	Macklemore & Ryan Lewis	['pop rap', 'seattle hip hop']	[2017, 2018, 2019, 2020, 2021, 2022]	2	2
4myTppRgh0rojLxx8RycOp	Ryan Lewis	['pop rap']	[2017, 2018, 2019, 2020, 2021, 2022]	2	2
4e0nWw2r4BoQSKPQ2zpU13	Ray Dalton	[]	[2017, 2018, 2019, 2020, 2021, 2022]	2	2
4phGZZrJZRo4ElhRtViYdl	Jason Mraz	['acoustic pop', 'dance pop', 'neo mellow', 'pop']	[2018, 2019]	2	0
4x1nvY2FN8jxqAFA0DA02H	John Lennon	['beatlesque', 'classic rock', 'rock']	[2017, 2018, 2019, 2020, 2021]	2	2
2s4tjL6W3qrblOe0raIzwJ	Yoko Ono	['experimental', 'experimental pop']	[2017, 2018, 2019, 2020, 2021]	2	2
4mHAu7NX2UNsnGXjviBD9e	Brooks	['dutch house', 'edm', 'electro house', 'future house', 'pop dance', 'pop edm', 'progressive electro house']	[2018, 2019]	2	2
0cTSCsVx04SSht9V6cpKN0	Mavis Staples	['black americana', 'soul', 'southern soul', 'spirituals']	[2017, 2018]	2	2
7aBzpmFXB4WWpPl2F7RjBe	Wyclef Jean	['rap kreyol']	[2017, 2018, 2020, 2021, 2022]	2	1
3EOEK57CV77D4ovYVcmiyt	Dennis Lloyd	['israeli pop']	[2018, 2019]	2	0
2DlGxzQSjYe5N6G9nkYghR	Jennifer Lopez	['dance pop', 'pop', 'urban contemporary']	[2018, 2020]	2	2
0hYxQe3AK5jBPCr5MumLHD	Sugarland	['contemporary country', 'country', 'country dawn', 'country road']	[2018]	2	2
1svaANJTE5KrG16fTGDqOs	The Puppini Sisters	['easy listening', 'swing', 'swing revival']	[2017, 2018, 2019, 2020, 2021]	2	2
27w1NoOLMX7tJMYqcetPyG	VIC MENSA	['canadian hip hop', 'chicago rap', 'conscious hip hop', 'rap', 'underground hip hop']	[2018, 2020]	2	1
3oDbviiivRWhXwIE8hxkVV	The Beach Boys	['baroque pop', 'classic rock', 'folk rock', 'mellow gold', 'psychedelic rock', 'rock', 'sunshine pop']	[2017, 2018, 2019, 2020, 2021]	2	0
1LOB7jTeEV14pHai6EXSzF	Cash Cash	['dance pop', 'edm', 'electro house', 'electropowerpop', 'pop dance']	[2017, 2018]	2	2
0L8ExT028jH3ddEcZwqJJ5	Red Hot Chili Peppers	['alternative rock', 'funk metal', 'funk rock', 'permanent wave', 'rock']	[2017, 2018, 2021, 2022]	2	0
66TrUkUZ3RM29dqeDQRgyA	Ella Eyre	['dance pop', 'talent show', 'uk dance', 'uk pop']	[2017, 2018]	2	2
5e4Dhzv426EvQe3aDb64jL	Shania Twain	['canadian country', 'canadian pop', 'contemporary country', 'country', 'country dawn']	[2017, 2018, 2019, 2020, 2021]	2	1
5vBSrE1xujD2FXYRarbAXc	Years & Years	['gauze pop', 'pop', 'uk pop']	[2018]	2	0
1hzfo8twXdOegF3xireCYs	Milky Chance	['german pop', 'modern rock']	[2017, 2018, 2021, 2022]	2	0
7H55rcKCfwqkyDFH9wpKM6	Christina Perri	['pop']	[2017, 2018, 2019, 2021, 2022]	2	0
7DuTB6wdzqFJGFLSH17k8e	Bhad Bhabie	['trap queen', 'viral rap']	[2018, 2019]	2	2
0gg11prPP6OqtUvBcKnPpq	Rylo Rodriguez	['alabama rap', 'atl trap', 'memphis hip hop', 'tennessee hip hop']	[2018, 2020]	2	2
40LHVA5BTQp9RxHOQ9JPYj	Lauren Daigle	['ccm', 'christian alternative rock', 'christian music']	[2018, 2019]	2	0
12Chz98pHFMPJEknJQMWvI	Muse	['modern rock', 'permanent wave', 'rock']	[2017, 2018]	2	0
6Jrxnp0JgqmeUX1veU591p	Santigold	['alternative dance', 'indietronica', 'neo-synthpop']	[2018, 2019]	2	2
1G9G7WwrXka3Z1r7aIDjI7	Outkast	['atl hip hop', 'dirty south rap', 'hip hop', 'old school atlanta hip hop', 'rap', 'southern hip hop']	[2017, 2018, 2019, 2020, 2021, 2022]	2	0
6ueGR6SWhUJfvEhqkvMsVs	Janelle Monáe	['afrofuturism', 'alternative r&b', 'atl hip hop', 'neo soul', 'r&b']	[2018, 2021, 2022]	2	1
1Ml4OuStDoympbREURAM15	The Fontane Sisters	['deep adult standards', 'vocal harmony group']	[2017, 2018, 2019, 2020, 2021]	2	2
0HS96tPggl2nwiz3gNWWI5	Mitchell Ayres & His Orchestra	"[""man's orchestra""]"	[2017, 2018, 2019, 2020, 2021]	2	2
54R6Y0I7jGUCveDTtI21nb	Boney M.	['europop']	[2017, 2018, 2019, 2020, 2021, 2022]	2	1
5Gejwv3xz2DpLcxVpMD6hL	Thurl Ravenscroft	['movie tunes']	[2017, 2018, 2019, 2020, 2021]	2	0
3Fdm9TFJQCLmC3AWMuGExi	Ugly God	['rap', 'trap', 'underground hip hop']	[2017, 2018]	2	1
0z4gvV4rjIZ9wHck67ucSV	Akon	['dance pop']	[2020, 2021]	2	2
25IG9fa7cbdmCIy3OnuH57	The Chicks	['contemporary country', 'country', 'country dawn']	[2019, 2020]	2	1
0Cp8WN4V8Tu4QJQwCN5Md4	BENEE	['alt z', 'nz pop']	[2020]	2	2
6Gk5hoM7eW8NSCYhICMDHw	Zak Abel	['uk contemporary r&b']	[2020]	2	2
7LvoDJUNGnOrPdGRzVtOJ9	Young M.A	['alternative r&b', 'lgbtq+ hip hop', 'nyc rap', 'rap', 'trap']	[2017, 2020]	2	1
6dn6x1XOng3LOAnfTjUn77	AJ Mitchell	['alt z', 'pop']	[2020]	2	2
0u6GtibW46tFX7koQ6uNJZ	Topic	['german dance', 'pop dance', 'pop edm', 'uk dance']	[2020, 2021]	2	2
5Wg2b4Mp42gicxEeDNawf7	A7S	['pop dance', 'scandipop', 'uk dance']	[2020, 2021]	2	2
7MPGCB854Qo4alYMOPkBka	Ritt Momney	['bedroom pop']	[2020, 2021]	2	0
6USMTwO0MNDnKte5a5h0xx	Y2K	['pop rap', 'viral rap']	[2019, 2020]	2	2
0ceH34CATvfgphxnLRWFkm	9lokknine	['florida drill', 'florida rap']	[2019, 2020]	2	2
5KYEMMz9O9iLIESifKAEOp	WhoHeem	['viral rap']	[2020]	2	0
5WWSL6rElJeUk3Uc1S2RyD	Dead Or Alive	['hi-nrg', 'new romantic', 'new wave pop', 'synthpop']	[2019, 2020, 2021]	2	0
3jk39CGeaaSO3FPKNx1RUx	Syd	['alternative r&b', 'lgbtq+ hip hop']	[2017, 2020]	2	2
5yN0nwLpUCaZ2gr67bndCN	Amanda Shires	['alternative country', 'folk', 'new americana']	[2020]	2	2
3O5HD95HTEPgoPFOjAb7yV	DripReport	['viral rap']	[2020]	2	0
5RmQ8k4l3HZ8JoPb4mNsML	Agust D	['k-rap']	[2020]	2	0
1WsYCXdezMjn0KoIrLvMmC	Ed Sheeran & Justin Bieber	[]	[2019, 2020, 2021]	2	2
0Yr4BBpK2dkCp2UsrJ9LZN	Bankrol Hayden	['melodic rap']	[2020]	2	1
0DO5d7KMv6Gn1mIbDhlyUf	Nechie	['atl trap']	[2020, 2022]	2	2
5pyVHz7lcfqKoV9BflFYwN	Jameson Rodgers	['contemporary country', 'country pop', 'modern country pop', 'modern country rock']	[2020, 2021]	2	1
46VgqDxDEn45y1t0zBS7Do	BABY GRAVY	[]	[2020]	2	2
3l0CmX0FuQjFxr8SK7Vqag	Clairo	['bedroom pop', 'indie pop', 'pop', 'pov: indie']	[2020, 2021]	2	1
3IMC79WXhjXUkDHhpsSN8n	FouKi	['hip hop quebecois']	[2020, 2021]	2	2
3KNIG74xSTc3dj0TRy7pGX	Yung Bleu	['alabama rap', 'trap']	[2020, 2021, 2022]	2	2
2gBjLmx6zQnFGQJCAQpRgw	Nelly	['dance pop', 'gangster rap', 'hip hop', 'pop rap', 'rap', 'st louis rap', 'urban contemporary']	[2020, 2021, 2022]	2	2
0czJqnJDu3vWrLHmsbLunu	The Muppets	"['cartoon', ""children's music""]"	[2020, 2021]	2	2
7uMh23xWiuR7zsNkuNcm2G	MNEK	['house', 'pop dance', 'uk contemporary r&b', 'uk dance', 'uk pop']	[2017, 2020, 2021, 2022]	2	2
7iDeMFJKjI1ak40N3hoYOZ	Lil Xxel	['pop r&b', 'viral rap']	[2020]	2	1
2e7a6ZMxkwltCzbxHq8b3t	NextYoungin	['viral rap']	[2020]	2	2
2u1aL8XADqj0nJFHMKRjNw	ppcocaine	['viral rap']	[2020]	2	2
1kwi1Q7X4jPTkHTgayxKhS	Alonestar	[]	[2020]	2	2
1WgXqy2Dd70QQOU7Ay074N	AURORA	['art pop', 'norwegian pop']	[2019, 2020, 2021]	2	1
3ApUX1o6oSz321MMECyIYd	Quinn XCII	['indie pop rap']	[2019, 2020, 2021]	2	2
2JSwnwAT1BupAQkhqcRCUw	Sada Baby	['detroit trap', 'scam rap']	[2020]	2	2
5fmvGUlMVgmnCn45f1he7d	Andrew Gold	['underground power pop']	[2020, 2021]	2	0
2eqoJbzUGDwys5ENUkbT3h	J.I the Prince of N.Y	['nyc rap']	[2020]	2	2
6cXMpsP9x0SH4kFfMyVezF	Josh Groban	['operatic pop']	[2017, 2020, 2021]	2	1
5TM9R6dNoJSMq23yZQD6Ee	Don Q	['nyc rap']	[2020]	2	2
5eAWCfyUhZtHHtBdNk56l1	System Of A Down	['alternative metal', 'nu metal', 'rap metal', 'rock']	[2020]	2	0
0e86yPdC41PGRkLp2Q1Bph	Mother Mother	['pov: indie', 'vancouver indie']	[2020, 2021, 2022]	2	0
0SNzlwOGBLhCMZPN2ZKzna	Trap Manny	['new york drill']	[2020]	2	2
2jw70GZXlAI8QzWeY2bgRc	Nelly Furtado	['canadian latin', 'canadian pop', 'dance pop', 'pop']	[2020, 2021, 2022]	2	1
0ZUvK7zGdXLd78mQr3t1Tw	Ricky Montgomery	['la indie', 'pop', 'pov: indie']	[2020, 2021]	2	0
20gsENnposVs2I4rQ5kvrf	Sam Feldt	['edm', 'pop dance', 'tropical house']	[2019, 2020]	2	2
3SYnDj7btg9gFY7ps8m5d5	RANI	['dutch pop']	[2019, 2020]	2	2
3u579Gdap91lMptBSdXTpf	Kash Doll	['detroit hip hop', 'trap queen']	[2017, 2020]	2	2
0kErUwb6xgWfkdn0RyZWHZ	Annika Wells	['la pop']	[2017, 2020]	2	2
0nJUwPwC9Ti4vvuJ0q3MfT	John Prine	['folk', 'new americana', 'roots rock', 'singer-songwriter']	[2020]	2	1
7giUHu5pv6YTZgSkxxCcgh	Edward Sharpe & The Magnetic Zeros	['la indie', 'stomp and holler']	[2017, 2020, 2021]	2	0
6L1XC7NrmgWRlwAeLJvVtA	Sam Fischer	['australian pop', 'singer-songwriter pop']	[2020, 2021]	2	1
4frXpPxQQZwbCu3eTGnZEw	Thundercat	['afrofuturism', 'indie soul']	[2020, 2021]	2	2
6GEykX11lQqp92UVOQQCC7	DJ Premier	['east coast hip hop', 'instrumental hip hop', 'jazz boom bap', 'turntablism']	[2020]	2	2
66lH4jAE7pqPlOlzUKbwA0	Miranda Lambert	['contemporary country', 'country', 'country dawn', 'country road']	[2020, 2021]	2	1
6I3M904Y9IwgDjrQ9pANiB	Kenny G	['smooth jazz', 'smooth saxophone']	[2019, 2020]	2	2
3DKkhRCGOG4e8IUPYFPfWs	Dixie	['social media pop']	[2020, 2021]	2	1
6Y64EaNqpqcZYTgs4c76gF	jxdn	['pop punk']	[2020, 2021]	2	1
2o08sCWF5yyo2G4DCiT7T9	HVME	['slap house']	[2020, 2021, 2022]	2	1
79KQgTCu4wV38ECYKn62DZ	White Gold	[]	[2020]	2	2
3jERgGiTwNAPxNmDasAb31	Tyler Shaw	['pop quebecois']	[2020, 2022]	2	1
4WXIF211lYZfYEn0d13Ac0	Ryland James	['singer-songwriter pop']	[2019, 2020]	2	1
4jpsw9CQS439N0B7SecMgf	Ant Saunders	['chill r&b', 'viral rap']	[2019, 2020]	2	0
0esldOhgJb5AkjUre9EgLk	6ixbuzz	['canadian hip hop', 'toronto rap']	[2020]	2	2
41qil2VaGbD194gaEcmmyx	Will Smith	['hip hop', 'pop rap']	[2019, 2020]	2	2
6n28c9qs9hNGriNa72b26u	PNAU	['alternative dance', 'aussietronica', 'australian dance', 'australian electropop']	[2021, 2022]	2	2
2Go6wC0GsnkVeRoVwh8rqX	Olga Merediz	[]	[2021, 2022]	2	2
2VSHKHBTiXWplO8lxcnUC9	GAYLE	['modern alternative pop']	[2021, 2022]	2	0
1QfpRUtH14JLoY6F6AYmwt	The Rare Occasions	['la indie']	[2021, 2022]	2	0
1Z25ZlGHqqlr3o1UGQOfNn	JNR CHOI	['gambian hip hop']	[2022]	2	1
4vdAAzZBUKbsrvHi6UR7B7	Jessica Darrow	['movie tunes']	[2021, 2022]	2	0
18MFcGBHtyW0mU3ufcm0X1	Diane Guerrero	['movie tunes']	[2021, 2022]	2	2
2yLzlEFtIS0Q9UkyBZdQA7	Jessie Murph	['alt z', 'singer-songwriter pop']	[2021, 2022]	2	0
5H6xmHXjsq98NLbEjuE29f	NEIKED	['scandipop']	[2017, 2021, 2022]	2	2
2WzaAvm2bBCf4pEhyuDgCY	Ruth B.	['alt z', 'canadian contemporary r&b', 'canadian pop', 'pop']	[2017, 2021, 2022]	2	0
79AyR6ATpj2LTPxfb6FX50	Lauren Spencer Smith	['alt z', 'gen z singer-songwriter']	[2022]	2	0
1gl0S9pS0Zw0qfa14rDD3D	Surf Curse	['dreamo', 'indie surf', 'pov: indie', 'surf punk', 'vegas indie']	[2021, 2022]	2	0
1Ffb6ejR6Fe5IamqA5oRUF	Bring Me The Horizon	['melodic metalcore', 'metalcore', 'modern rock', 'pop punk', 'rock', 'uk metalcore']	[2021, 2022]	2	1
21E3waRsmPlU7jZsS13rcj	Ne-Yo	['dance pop', 'pop', 'r&b', 'urban contemporary']	[2021, 2022]	2	2
21UPYSRWFKwtqvSAnFnSvS	Amaarae	['afro r&b', 'afrobeats', 'alternative r&b', 'ghanaian alternative', 'ghanaian pop']	[2021, 2022]	2	2
2hVWBpjLW4Q7fboYz2pVYK	Moliy	['ghanaian alternative']	[2021, 2022]	2	2
7cYEt1pqMgXJdq00hAwVpT	Chase Atlantic	['alternative r&b']	[2021, 2022]	2	0
2kCO8LXN1usaOPL3iEE28I	Tai Verdes	['modern indie pop', 'singer-songwriter pop']	[2021, 2022]	2	0
4D75GcNG95ebPtNvoNVXhz	AFROJACK	['big room', 'dance pop', 'dutch house', 'edm', 'electro house', 'pop dance', 'progressive electro house']	[2017, 2022]	2	2
027TpXKGwdXP7iwbjUSpV8	The Walters	['chicago indie', 'pov: indie']	[2021, 2022]	2	0
2rAnv6brcXaglLZBB4XXEn	Nigo	[]	[2022]	2	2
57nPqD7z62gDdq37US9XJR	Arcane	[]	[2021, 2022]	2	2
3pc0bOVB5whxmD50W79wwO	keshi	['chill r&b']	[2021, 2022]	2	0
1W4itxt3vwhmrgLEBuVHJ6	Vundabar	['boston indie', 'indie garage rock', 'pov: indie']	[2021, 2022]	2	0
72kqSqk124Vnl1wtT6q9Fh	Adassa	['movie tunes']	[2021, 2022]	2	2
1FtBEIWAwvw5ymBen5GICR	Chlöe	[]	[2021, 2022]	2	1
33NVpKoXjItPwUJTMZIOiY	David Kushner	['gen z singer-songwriter']	[2022]	2	0
7oPxPZSk7y5q0fhzpmX5Gi	SEB	[]	[2021]	2	0
26cMerAxjx9GedFt0lMDjm	Bella Poarch	['modern alternative pop']	[2021]	2	1
6Tw1ktF4xMmzaLLbe98I2z	Harry Belafonte	['calypso']	[2021]	2	0
4xFUf1FHVy696Q1JQZMTRj	Carrie Underwood	['classic oklahoma country', 'contemporary country', 'country', 'country dawn', 'dance pop']	[2021]	2	2
4VdV2qRAYBLINR6uU72V1J	Joshua Bassett	['singer-songwriter pop']	[2021]	2	0
7EWU4FhUJM1sZQgQKdENeT	Hopsin	['conscious hip hop']	[2021]	2	2
6UBA15slIuadJ8h2lPRPos	Tech N9ne	['kansas city hip hop']	[2021]	2	2
6DdbeAeBlrYj8bNToZv4TY	JESSIA	['alt z']	[2021]	2	0
2pAWfrd7WFF3XhVt9GooDL	MF DOOM	['alternative hip hop', 'east coast hip hop', 'hip hop', 'instrumental hip hop']	[2021]	2	2
1VPmR4DJC1PlOtd0IADAO0	$uicideboy$	['cloud rap', 'dark trap', 'new orleans rap', 'underground hip hop']	[2021]	2	0
35R1B97CfrqKFFI3QBkTDx	RealestK	[]	[2021]	2	0
3E6xrwgnVfYCrCs0ePERDz	Wisin	['reggaeton', 'urbano latino']	[2017, 2021]	2	2
28gNT5KBp7IjEOQoevXf9N	Camilo	['colombian pop', 'latin pop', 'reggaeton colombiano']	[2021]	2	2
7pwufEBGfggjoI8twqlsmQ	Nessa Barrett	['social media pop']	[2021]	2	1
3eVa5w3URK5duf6eyVDbu9	ROSÉ	['k-pop']	[2021]	2	0
5NGO30tJxFlKixkPSgXcFE	The Police	['album rock', 'classic rock', 'permanent wave', 'rock']	[2019, 2021]	2	0
7lDVEkjIURPMyUYwoQRrpw	Ryan Hurd	['contemporary country', 'country road', 'modern country rock']	[2021]	2	2
7b79bQFziJFedJb75k6hFt	Tion Wayne	['london rap', 'uk hip hop']	[2021]	2	2
3FoFW2AoUGRHBacC6i4x4p	Russ Millions	['melodic drill', 'uk drill']	[2021]	2	2
0gAILSEru1PKMwP0tAqNLS	Willow Sage Hart	['show tunes']	[2021]	2	2
59HbaJ5E8ud7FNLGqUN1KH	Capella Grey	['pop rap']	[2021]	2	2
3bhu7P5PfngueRHiB9hjcx	Elle King	['modern blues rock']	[2017, 2021]	2	2
2KC9Qb60EaY0kW4eH68vr3	ITZY	['k-pop', 'k-pop girl group']	[2021]	2	0
2SXhbucehn00OBVKhzxDyM	Erica Banks	['trap queen']	[2021]	2	0
0OO76E5lRfeyBI3fkA73Dr	siouxxie sixxsta	['glitchcore', 'hyperpop', 'sped up']	[2021]	2	0
39af15p0feaAOdL9DTRj3m	JT	[]	[2021]	2	2
6wlk4iqaEgEvADMVG6QMd8	James Gillespie	['indie anthem-folk']	[2021]	2	2
4b19vuzlDcNdU4quI7L6sW	ElyOtto	['hyperpop', 'weirdcore']	[2021]	2	0
5ooSG9S0glqP5ZrqqaHBvT	James Fauntleroy	[]	[2019, 2021]	2	2
0iOVhN3tnSvgDbcg25JoJb	Etta James	['jazz blues', 'soul', 'soul blues', 'torch song', 'vocal jazz']	[2019, 2021]	2	0
74V3dE1a51skRkdII8y2C6	André 3000	['atl hip hop', 'dirty south rap', 'hip hop', 'southern hip hop']	[2019, 2021]	2	2
2EnD37GNRe2REqHBKqMnZQ	Bslime	['atl trap']	[2021]	2	2
1igl9M102nuD96lo3ZoW5d	Thutmose	[]	[2019, 2021]	2	2
56OjNTX2bkrdGcB0staUOV	A-Wall	['bedroom pop']	[2021]	2	0
3TaUSUXn41GixL7zbvrIDt	A-Trak	['canadian electronic', 'edm', 'electro house', 'electronic trap', 'turntablism']	[2017, 2021]	2	2
7meyrw7Or5DwteYxDJrkCM	YK Osiris	['melodic rap', 'trap']	[2019]	2	1
6aLoJJxz7MV2iZ423S8tJC	Doe Boy	['atl hip hop', 'atl trap', 'memphis hip hop', 'ohio hip hop']	[2019]	2	2
3bnpcWBcvlfq4hPFJjNPbz	SAFE	['canadian hip hop']	[2019]	2	2
5j1BNsC9xeWGfBVCzzg6fc	Omen	['chicago rap']	[2019]	2	2
2oX42qP5ineK3hrhBECLmj	Andy Grammer	['neo mellow', 'post-teen pop']	[2017, 2019]	2	0
3NH8t45zOTqzlZgBvZRjvB	PNL	['french hip hop', 'pop urbaine']	[2019]	2	0
0eezS9KmhdjGN436RdTIXu	Mavado	['dancehall', 'jamaican dancehall', 'reggae fusion']	[2019]	2	2
6FBDaR13swtiWwGhX1WQsP	blink-182	['alternative metal', 'modern rock', 'pop punk', 'punk', 'rock', 'socal pop punk']	[2019]	2	0
75WcpJKWXBV3o3cfluWapK	Lute	['indie hip hop', 'north carolina hip hop', 'underground hip hop']	[2019]	2	2
30C5wgn4celhRP3Tytv7R6	Mez	['north carolina hip hop']	[2019]	2	2
7Hjbimq43OgxaBRpFXic4x	Saba	['alternative r&b', 'chicago rap']	[2017, 2019]	2	2
028lPW2NdWHdSPCkRkcyhd	Ant Clemons	[]	[2019]	2	2
3uZFBSsMiooimnprFL9jD1	Snow	['canadian old school hip hop', 'reggae fusion']	[2019]	2	2
1dHfOiwJsDtNzIIrsQgXtX	Lary Kidd	['hip hop quebecois']	[2019]	2	2
0h9smro0z3HqUbD94jotU8	Smokey Robinson	['classic soul', 'disco', 'funk', 'motown', 'quiet storm', 'soul']	[2019]	2	2
2HkAI0YrEcgoR8QdaURqhO	Dimitri Vegas	['belgian edm']	[2017, 2019]	2	2
5bWUlnPx9OYKsLiUJrhCA1	Jon Z	['reggaeton', 'trap latino', 'urbano latino']	[2019]	2	2
6SsTlCsuCYleNza6xGwynu	Agnes	['swedish electropop', 'swedish idol pop', 'swedish pop']	[2019]	2	2
4f9iBmdUOhQWeP7dcAn1pf	Rag'n'Bone Man	['neo soul']	[2017, 2019]	2	1
3HiuzBlSW7pGDXlSFMhO2g	Young Dolph	['memphis hip hop', 'rap', 'southern hip hop', 'tennessee hip hop', 'trap']	[2017, 2019]	2	2
22JdJVovP3pV9XkGTih01c	Game of Thrones	[]	[2019]	2	2
49O0SPoCoTiK2Nn2tOaHyU	Knox Fortune	['chicago indie']	[2017, 2019]	2	2
5DK8eK7fjvRsziXzyr3sFA	Moon Taxi	['modern alternative rock']	[2017]	2	0
78DWNk8gFHU30TGITAgbM7	CMC$	['pop edm', 'vapor twitch']	[2017]	2	2
1JfH8gevkDviqs50A5NO0L	Chuck D	['conscious hip hop', 'east coast hip hop', 'old school hip hop']	[2017]	2	2
4TNLCgKNImRbj2bb7g52wH	No ID	['golden age hip hop']	[2017]	2	2
4LFgxG38Y0l4Fo1gdQelay	The Dap-Kings Horns	[]	[2017]	2	2
0wnYgCeP013HkKoOyC5V32	Allie X	['alt z', 'canadian electropop', 'canadian pop', 'dark pop', 'electropop', 'metropopolis']	[2017]	2	0
6DpWtzfwV8fcwP6fXckDVu	Starrah	['hyperpop francais']	[2017]	2	2
1yFie7615gesdLbvVVpYU5	Zoe Nash	['la pop']	[2017]	2	2
25tMQOrIU4LlUo6Sv8v5SE	Gavin James	['irish pop']	[2017]	2	2
1V3VTM7VspiQjcmRhC010n	Quintino	['dutch edm', 'dutch house', 'edm', 'electro house', 'pop dance', 'progressive electro house', 'slap house']	[2017]	2	2
6kXm2YCtdUOpRYNKeKhfue	Ryan Gosling	['hollywood']	[2017]	2	1
2ODbg2404zUzTi02qIPEjB	Tay-K	['cali rap', 'dfw rap', 'rap', 'trap']	[2017]	2	0
0NGAZxHanS9e0iNHpR8f2W	Alok	['electro house', 'pop nacional', 'sertanejo universitario', 'slap house']	[2017]	2	2
5veVxxPm1vzgi6pO2iVA8L	Bruno Martini	['pop nacional']	[2017]	2	2
7qPLO2XOUaRrRxkvLZ3AEK	Zeeba	[]	[2017]	2	2
4YXycRbyyAE0wozTk7QMEq	Matoma	['pop dance', 'tropical house']	[2017]	2	2
0DdDnziut7wOo6cAYWVZC5	KREAM	['pop dance']	[2017]	2	2
6RHKEd9dpzQ4c09x8Zdaxu	Clara Mae	['alt z', 'swedish pop']	[2017]	2	2
787bCXOIvGeBw0Bc4kEjhD	Luke Christopher	['indie pop rap']	[2017]	2	0
3tQx1LPXbsYjE9VwN1Peaa	Marc E. Bassy	['indie pop rap']	[2017]	2	1
3hyEbRtp617pNCuuQjyOmc	Lost Kings	['pop dance', 'pop edm']	[2017]	2	2
79QO0Xmn1dZhvaLicS2Yrs	The Night Game	['modern alternative rock']	[2017]	2	2
7iymigONRODGl6XJIprcuF	Jocelyn Alice	['canadian electropop']	[2017]	2	1
2zzpznMuhKlKlqh1ma7Sms	Dakota	[]	[2017]	2	2
62ggJuZV87VvP3sAHM0V3K	Jonathan Roy	['canadian folk']	[2017]	2	0
7x8nK0m0cP2ksQf0mjWdPS	Dierks Bentley	['contemporary country', 'country', 'country road']	[2017]	2	1
5qElg3REYcoPscmGLy0NmU	Madalen Duke	['canadian electropop', 'dark r&b']	[2017]	2	0
1X6dfPmF8f5C5EW3WIGfvm	SJUR	['scandipop']	[2017]	2	1
3q9nybxzbSHsesDBHUlP4c	Coleman Hell	['canadian pop', 'indie poptimism']	[2017]	2	1
5nkYRuiIHg2xXHFC8bfosJ	ItaloBrothers	['hands up', 'italo dance']	[2017]	2	0
6gK1Uct5FEdaUWRWpU4Cl2	Petit Biscuit	['new french touch']	[2017]	2	1
6G9bygHlCyPgNGxK2l3YdE	Vanessa Hudgens	['dance pop', 'pop', 'post-teen pop']	[2017]	2	2
3S0tlB4fE7ChxI2pWz8Xip	Giggs	['grime', 'london rap', 'uk hip hop']	[2017]	2	2
6lB8vOoI4DRrrVxXwuV19c	Mike Perry	['pop dance', 'swedish tropical house']	[2017]	2	2
74XFHRwlV6OrjEM0A2NCMF	Paramore	['candy pop', 'modern rock', 'pixie', 'pop', 'pop emo', 'pop punk', 'rock']	[2017]	2	0
59mjRp0i1B8oWSSMmGWJlJ	Ansel Elgort	['post-teen pop', 'teen pop']	[2017]	2	2
6egsr1iL4cI2dpAcXsdcaG	Sydney Lauren	[]	[2017]	2	0
1Fr6agZ6iSM5Ynn2k4C8sc	VÉRITÉ	['alt z', 'brooklyn indie', 'dark pop', 'electropop', 'indie poptimism', 'metropopolis', 'nyc pop', 'vapor pop']	[2017]	2	1
7F1l2kTBvOPGd8sF8nBEtv	Eurielle	['fantasy']	[2017]	2	2
5FNHfTn3yzVpqdUyWwej0v	Jimmy Durante	['adult standards', 'lounge']	[2017]	2	0
14Tg9FvbNismPR1PJHxRau	Sultan + Shepard	['canadian electronic', 'progressive house']	[2017]	2	2
1C60viSZv6BoYtrnkZ44g5	Nadia Ali	['vocal trance']	[2017]	2	2
3TNpNnN7Y8QhtJJnQ08YeF	iRO	[]	[2017]	2	2
1UtjNYOT0U3YDs1XLBoSxG	Kajo	[]	[2018]	1	1
170nDXTLNnkC0TZyd0R496	Slaydro	[]	[2018]	1	1
1n2pb9Tsfe4SwAjmUac6YT	Jake Owen	['contemporary country', 'country', 'country road']	[2018]	1	0
7pDNT9t9TSWL2W9hGz9xpA	Josh Jips	[]	[2018]	1	0
6beUvFUlKliUYJdLOXNj9C	King Princess	['alt z', 'indie pop', 'nyc pop']	[2018, 2019]	1	0
0w7HLMvZOHatWVbAKee1zF	Redbone	['native american', 'native american contemporary']	[2017, 2018, 2019]	1	0
6hnWRPzGGKiapVX1UCdEAC	Sam Cooke	['classic soul', 'soul', 'vocal jazz']	[2018]	1	0
1qSJaftSab2kTTsj7fLxvM	DJ SpinKing	['slow game']	[2018]	1	1
1B0Rp4SWGnFgGCPU5Pju6E	Nego do Borel	['funk carioca', 'funk das antigas', 'funk ostentacao', 'funk pop', 'sertanejo universitario']	[2017, 2018]	1	1
1TlOcOaTgKTolKfAUeMHgM	16yrold	['pluggnb']	[2017, 2018]	1	1
7iLc4hrjOjQPfg1E3cCHg1	Tim Berg	['edm', 'electro house', 'pop dance', 'progressive electro house']	[2018]	1	1
2d3VHzlOEwXvmBdS4pzOPL	LeAnn Rimes	['contemporary country', 'country', 'country dawn', 'country road']	[2018]	1	0
2mxe0TnaNL039ysAj51xPQ	R. Kelly	[]	[2017, 2018]	1	0
4kI8Ie27vjvonwaB2ePh8T	Portugal. The Man	['indie rock', 'indietronica', 'modern alternative rock', 'modern rock']	[2017, 2018, 2019, 2020, 2021]	1	0
4QTVePrFu1xuGM9K0kNXkk	Dexys Midnight Runners	['new romantic', 'new wave', 'new wave pop']	[2017, 2018, 2019]	1	0
6wUL6C3zRBBf4N0QwYdws4	Bob Crosby & His Orchestra	"['big band', ""man's orchestra""]"	[2018]	1	1
1iJdyDcY98X3GMnUesl7tf	Comethazine	['trap', 'underground hip hop']	[2018, 2019]	1	0
1QDrz3DMMaz3TB1cm0PGDu	Justin Jesso	['singer-songwriter pop']	[2017, 2018]	1	1
5hdhHgpxyniooUiQVaPxQ0	Nio Garcia	['reggaeton', 'trap latino', 'urbano latino']	[2018]	1	1
1fux65HMCBvfJHqlBc4Nno	Casper Magico	['reggaeton', 'reggaeton flow', 'trap latino', 'urbano latino']	[2018]	1	1
1E2AEtxaFaJtH0lO7kgNKw	Russell Dickerson	['contemporary country', 'country', 'country road', 'modern country rock']	[2018]	1	0
5JUYSPkis2Mk6HUbmMqk1m	Sean Ono Lennon	['beatlesque']	[2018]	1	1
2eRNMtoi82UZUuaL6naDjA	Cœur De Pirate	['french pop', 'nouvelle chanson francaise']	[2018]	1	1
29QbBR0oTzA7A0kiOzrbbr	Jamie Scott	['uk pop']	[2017, 2018]	1	1
5gWzmnHTLNXz5CjOc0wAuK	Romy Dya	['dutch pop']	[2017, 2018]	1	1
2wzMOQwNT6ZvVB4amvhFAH	The Pogues	['celtic punk', 'celtic rock', 'folk punk', 'punk']	[2017, 2018, 2019, 2020, 2021]	1	1
6UlNIFEuWlBqb4TvlVCekq	Kirsty MacColl	['new wave pop']	[2017, 2018, 2019, 2020, 2021]	1	1
7JngWflkjFnNJSz07XLV2w	Emani 22	[]	[2018]	1	1
4KJ6jujcNPzOyhdNoiNftp	lovelytheband	['modern alternative rock', 'modern rock', 'pov: indie']	[2018, 2019]	1	0
4RfOLIFy2xEmlWzXEVmLJn	Sjava	['afro soul', 'south african pop']	[2018]	1	1
0G74PWccc2UbEEHNKVVaKB	Andreas Weise	['melodipop']	[2018, 2019]	1	0
2M3vnW1p5w4uPRkLYTbvdB	Rusted Root	['jam band', 'pittsburgh rock']	[2017, 2018, 2019]	1	0
3mLdH6xxrscTf2poCN9Kzy	Rio Santana	[]	[2018]	1	1
2V0DROfM2ieFSOcA3SHJLD	Judah	[]	[2018]	1	1
4DROs1Ye9DiLY3X8L7xvl8	Andrez Babii	['rap romantico']	[2018]	1	1
2J6pigOrBmKQgqJUY5UM7r	Matt OX	['melodic rap', 'plugg', 'rage rap']	[2018]	1	1
69UfPJgUmFFAVT740qGVZi	Ken Darby Singers	[]	[2017, 2018, 2019, 2020, 2021]	1	1
735L650pvygCZZlPMyHqsN	John Scott Trotter & His Orchestra	['light music']	[2017, 2018, 2019, 2020, 2021]	1	1
1g1yxsNVPhMUl9GrMjEb2o	Plain White T's	['modern rock', 'neo mellow', 'neon pop punk', 'pop punk', 'pop rock']	[2017, 2018, 2019]	1	0
3Bj81IbILbuj2uEwWXMdXI	Sosamann	['atl trap', 'houston rap', 'memphis hip hop']	[2018]	1	1
5schNIzWdI9gJ1QRK8SBnc	Ben Howard	['british singer-songwriter', 'folk-pop']	[2017, 2018]	1	0
4GaA53bqvMoSs2WzEFGiLe	Lia Marie Johnson	['teen pop']	[2018]	1	1
374sWpAJsbZckf98df2jJJ	Fuse ODG	['afrobeats', 'azonto']	[2017, 2018]	1	1
6TTVdg5UOUHsyiYPHgxLaq	The WRLDFMS Tony Williams	['psychedelic hip hop']	[2018]	1	1
7MFJyevu6jq0shwDuVLymu	Justin Mylo	['dutch house', 'electro house', 'pop dance', 'pop edm', 'progressive electro house']	[2018]	1	1
1E1W3to8HhGSkkIEUMwEjd	Dewain Whitmore	[]	[2018]	1	1
213WFYdlgojElnXhDyhwke	Little Nell	['novelty']	[2018, 2019, 2020, 2021]	1	1
7Akz0poR4eUgNM0ciCWqIs	Patricia Quinn	[]	[2018, 2019, 2020, 2021]	1	1
0aIOdrjH5s3hJqxmKoAEUg	Richard O'Brien	['hollywood']	[2018, 2019, 2020, 2021]	1	1
2FjkZT851ez950cyPjeYid	Bobby McFerrin	['a cappella']	[2018, 2019]	1	0
3CQIn7N5CuRDP8wEI7FiDA	Run–D.M.C.	['east coast hip hop', 'golden age hip hop', 'hip hop', 'old school hip hop', 'queens hip hop', 'rap']	[2017, 2018, 2019, 2020, 2021]	1	0
7pLntWGInZPQxc4kXxzzjB	Liz Gillies	[]	[2018, 2019, 2020, 2021]	1	1
7wg1qvie3KqDNQbAkTdbX0	Louis The Child	['edm', 'electropop']	[2018]	1	1
0FL2d6iFFNAV3yBUbXjZ1U	Wafia	['australian pop', 'indie electropop']	[2018]	1	1
15Dh5PvHQj909E0RgAe0aN	Nivea	['atl hip hop', 'contemporary r&b', 'hip pop', 'r&b', 'urban contemporary']	[2018]	1	1
7cAlvWK5rgMmJ37j7woN8l	Christian Rich	[]	[2018]	1	1
44NX2ffIYHr6D4n7RaZF7A	Van Morrison	['classic rock', 'folk', 'folk rock', 'heartland rock', 'mellow gold', 'rock', 'singer-songwriter', 'soft rock']	[2017, 2018, 2019, 2020, 2021, 2022]	1	0
3Y3xIwWyq5wnNHPp5gPjOW	Kenny Loggins	['album rock', 'classic rock', 'heartland rock', 'mellow gold', 'new wave pop', 'singer-songwriter', 'soft rock', 'yacht rock']	[2018]	1	0
66jpZDjMcxF3SfDfwK7GXe	Reginae Carter	[]	[2018]	1	1
6lBN3Tzt61u8i9AJoAhKzF	Mykola Dmytrovych Leontovych	['post-romantic era', 'ukrainian classical']	[2017, 2018, 2019, 2020, 2021]	1	1
1MHslxKWxauC559dXYEX1C	DJ Durel	[]	[2018]	1	1
4frDtYgwXXKkbyQzjOmJG5	The Crypt-Kickers	[]	[2017, 2018, 2019, 2020, 2021]	1	1
6f9bmfkqiYbhCtdAZsv7KI	Keith Ape	['korean trap', 'underground hip hop']	[2017, 2018]	1	1
0gadJ2b9A4SKsB1RFkBb66	Passenger	['folk-pop', 'neo mellow']	[2017, 2018, 2020, 2021]	1	0
2WxjxdeF7GGdcCK276qViY	Natalie Taylor	[]	[2018, 2019, 2020]	1	0
6tt0iYnpHERj05WATWRiom	Bantu	['zimdancehall']	[2018, 2019]	1	1
0zPILh9oEH0fDagpkHTQQ8	Killstation	['cloud rap', 'dark trap']	[2018]	1	1
3EiLUeyEcA6fbRPSHkG5kb	De La Ghetto	['reggaeton', 'reggaeton flow', 'trap latino', 'urbano latino']	[2018]	1	1
7hssUdpvtY5oiARaUDgFZ3	Ina Wroldsen	['norwegian pop']	[2018]	1	1
2P3cjUru4H3fhSXXNxE9kA	Blackstreet	['boy band', 'contemporary r&b', 'new jack swing', 'r&b', 'urban contemporary']	[2018]	1	1
0VbIlorLz3I5SEtIsc5vAr	Queen Pen	['contemporary r&b', 'hip pop', 'lgbtq+ hip hop']	[2018]	1	1
2U3FuHYvL3vhkbDAXm24Ep	Dan Caplen	['neo soul', 'uk contemporary r&b']	[2018]	1	1
6TV0LZ3BaEun0OQEh96elP	Jordan Smith	['deep talent show', 'idol']	[2018, 2019, 2020]	1	0
31UNxhT1AIkN3sSSeSvFX4	Rube Claws	[]	[2018]	1	0
23wEWD21D4TPYiJugoXmYb	Thalia	['latin pop', 'mexican pop']	[2017, 2018, 2019, 2021]	1	1
5zLbjnuArhVlVklkT5GoQD	Nel-Denarro	[]	[2018]	1	1
6KWcxMWVNVIYbdOQyJtsSy	The Platters	['adult standards', 'easy listening', 'rock-and-roll', 'rockabilly']	[2017, 2018, 2020]	1	0
7Ey4PD4MYsKc5I2dolUwbH	Aerosmith	['album rock', 'classic rock', 'hard rock', 'rock']	[2018]	1	0
0oSGxfWSnnOXhD2fKuz2Gy	David Bowie	['art rock', 'classic rock', 'glam rock', 'permanent wave', 'rock']	[2018, 2019, 2021]	1	1
2yQf6b8hxahZaT5dHlWaB1	Raekwon	['east coast hip hop', 'hardcore hip hop']	[2018]	1	1
4iCwCMnqsNZ6atvRiADgtn	RZA	['east coast hip hop', 'hardcore hip hop']	[2018]	1	1
4VmEWwd8y9MCLwexFMdpwt	Method Man	['east coast hip hop', 'hardcore hip hop', 'hip hop']	[2018]	1	1
4OBbOrkD4geIjOLrICN3wO	Inspectah Deck	['east coast hip hop', 'hardcore hip hop']	[2018]	1	1
0dS5xeDefwoUNasLUHnCjR	Cappadonna	['east coast hip hop']	[2018]	1	1
09XH5qagU5qcWhYXcQYsjX	Jackpot Scotty Wotty	[]	[2018]	1	1
0G070wUUUBptmqGEKAAUVx	U-God	['hardcore hip hop', 'hip hop']	[2018]	1	1
0ME1RawvWt3qOJnYnxVqeh	Masta Killa	['east coast hip hop']	[2018]	1	1
6ns6XAOsw4B0nDUIovAOUO	GZA	['east coast hip hop', 'hardcore hip hop']	[2018]	1	1
2l2o6ibYa7h1w4HwaS1uZV	Jay 305	['west coast trap']	[2018]	1	1
0HU0U9kdXEHZVxUNbuQe8S	Donny Hathaway	['chicago soul', 'classic soul', 'funk', 'neo soul', 'quiet storm', 'soul', 'southern soul']	[2018, 2019, 2020, 2021]	1	0
4QfOh8rJ0OddhhXHD5QyWs	The Boy Next Door	['basshall']	[2018]	1	1
2oQJQUIpJFFnfKvHJA0xBu	The City of Prague Philharmonic Orchestra	['orchestra', 'scorecore', 'symfonicky orchestr', 'theme']	[2018]	1	1
5z1FDKqosEGwr8HrgzNa0q	Crouch End Festival Chorus	['british choir']	[2018]	1	1
02O1TOTMkLrMCAE2fRNkKJ	Nic Raine	[]	[2018]	1	1
18AOdS1Qw4XXnQSiPJQr1B	Mack Maine	[]	[2018]	1	1
4jZA2jnUB8cz6EgOto9sMS	Yes Mccan	['hip hop quebecois']	[2018]	1	1
7tZSgCNyyOgOdu6RvF0yAf	Cape Tula	[]	[2018]	1	1
3RNcfewLEd1Y5n8WtcoJXG	Yen Dough	[]	[2018]	1	1
6c1pBXHYjFcGQQNO5MMsdd	Keys N Krates	['brostep', 'edm', 'electro house', 'electronic trap', 'livetronica']	[2018]	1	1
7ao5uJZUsPeVpWlNkkjWyx	DJ A1	[]	[2018]	1	1
5vSQUyT33qxr1xAX2Tkf3A	Clams Casino	['cloud rap', 'experimental hip hop', 'instrumental hip hop', 'psychedelic hip hop', 'wonky']	[2018]	1	1
586uxXMyD5ObPuzjtrzO1Q	Sofi Tukker	['edm']	[2018]	1	1
2x7EATekOPhFGRx3syMGEC	The Knocks	['alternative dance', 'indie poptimism', 'nu disco']	[2018]	1	1
0WuYfDB2hAYzybfAd75fvb	ALISA UENO	[]	[2018]	1	1
6Paz0vXJJ9bCPf0fEm3qzg	Dagny	['norwegian pop']	[2018]	1	1
0PFtn5NtBbbUNbU9EAmIWF	TOTO	['album rock', 'classic rock', 'hard rock', 'mellow gold', 'rock', 'soft rock', 'yacht rock']	[2018, 2019, 2020, 2021]	1	0
4K9aclpXgCPNFGEqRlFPal	Peter Manos	[]	[2018, 2019]	1	0
3A5tHz1SfngyOZM2gItYKu	Earl Sweatshirt	['drumless hip hop', 'experimental hip hop', 'hip hop', 'rap', 'underground hip hop']	[2018]	1	0
7AzjETXRUKNRSJHMW9GIqd	Nina Nesbitt	['alt z', 'neo-singer-songwriter', 'uk pop']	[2018, 2019, 2020]	1	0
4lxfqrEsLX6N1N4OCSkILp	Phil Collins	['rock drums', 'soft rock']	[2018]	1	0
6O74knDqdv3XaWtkII7Xjp	Boyz II Men	['boy band', 'contemporary r&b', 'new jack swing', 'r&b', 'urban contemporary']	[2018]	1	1
5aSBbBUbArJfyNKDg4KS1I	Tyron Hapi	['melbourne bounce', 'sky room']	[2017, 2018]	1	1
22tB2wbnB3pexB04xtncrG	Mimoza	[]	[2017, 2018]	1	1
7w9jdhcgHNdiPeNPUoFSlx	Dropkick Murphys	['boston punk', 'boston rock', 'celtic punk', 'celtic rock', 'punk']	[2018, 2019, 2021]	1	0
0hxQtmgWiPtEsDPeIuKxXq	John Carpenter	['horror synth']	[2018, 2019, 2020, 2021]	1	0
5aMmmNxw4vgpc5XC6hK0zp	The Calling	['neo mellow', 'pop rock', 'post-grunge']	[2018]	1	0
1Qp56T7n950O3EGMsSl81D	Ghost	['hard rock', 'metal']	[2018]	1	0
2Kx7MNY7cI1ENniW7vT30N	Norah Jones	['contemporary vocal jazz', 'jazz pop', 'vocal jazz']	[2017, 2018, 2019, 2020, 2021]	1	0
3rIZMv9rysU7JkLzEaC5Jp	Snow Patrol	['irish rock', 'modern rock', 'neo mellow', 'permanent wave', 'pop rock']	[2018, 2019]	1	0
3OpnoUqoRIHWbsFs4Nw0NQ	Nat King Cole Trio	['adult standards', 'lounge', 'swing', 'vocal jazz']	[2017, 2018, 2019, 2020, 2021]	1	0
62FaS5AarFCrus8LxSVKKW	teddy<3	['la pop', 'transpop']	[2018]	1	1
0uq5PttqEjj3IH1bzwcrXF	Spice Girls	['dance pop', 'girl group', 'pop']	[2018]	1	0
1CUeN4GnHAGUk9nAXPorF4	Kodie Shane	['atl hip hop', 'trap queen']	[2018]	1	1
6r2niOTnexy9xss5g8GWXH	Yasiin Bey	[]	[2018]	1	1
4as3khXWaPjfkFdCA0JWMo	Jesse®	['modern alternative pop']	[2018]	1	1
5a2EaR3hamoenG9rDuVn8j	Prince	['funk', 'funk rock', 'minneapolis sound', 'rock', 'synth funk']	[2018]	1	0
6U1dBXJhC8gXFjamvFTmHg	Zac Efron	['hollywood', 'movie tunes', 'post-teen pop']	[2018]	1	1
1iBGuNBYRKnNdKxm0kKNM0	Young Sinatra	[]	[2018]	1	1
5lpH0xAS4fVfLkACg9DAuM	Wham!	['new romantic', 'new wave', 'new wave pop', 'soft rock']	[2017, 2018, 2019, 2020, 2021]	1	0
3eqjTLE0HfPfh78zjh6TqT	Bruce Springsteen	['heartland rock', 'mellow gold', 'permanent wave', 'rock', 'singer-songwriter']	[2017, 2018, 2019, 2020, 2021]	1	0
00tVTdpEhQQw1bqdu8RCx2	Blue Öyster Cult	['album rock', 'classic rock', 'glam metal', 'hard rock', 'progressive rock', 'rock']	[2017, 2018, 2019, 2020, 2021]	1	0
7mnAzEmgquhrVtGob81SmO	Big Shaq	['london rap']	[2017, 2018]	1	0
5QuBVnBPEzwYvFrgBbwpmU	Empress Of	['art pop', 'electropop', 'escape room', 'etherpop', 'shiver pop']	[2018, 2019]	1	1
2JyWXPbkqI5ZJa3gwqVa0c	Craig David	['british soul']	[2018]	1	1
1AAkLbJ7D3CeGAqga0GbnL	Kindler Shah	[]	[2018]	1	0
3mY9Ii0cL5SQxpOTAm8SHx	Warren Zevon	['country rock', 'folk', 'folk rock', 'heartland rock', 'piano rock', 'roots rock', 'singer-songwriter']	[2017, 2018, 2019, 2020, 2021]	1	0
6WkUZyqghQei2G809wMKuZ	Yung Bans	['cloud rap', 'plugg', 'trap', 'underground hip hop']	[2018]	1	1
3HVdAiMNjYrQIKlOGxoGh5	Rob Zombie	['alternative metal', 'hard rock', 'industrial metal', 'industrial rock', 'nu metal', 'post-grunge', 'rock']	[2018]	1	0
3XC57xz74X3xUi1hv4mge1	Winona Oak	['swedish pop']	[2018, 2019]	1	1
61qMnYXa1GxSBoV3IiYKjZ	Yung Pinch	['melodic rap', 'oc rap']	[2018]	1	1
3cWGilyM7pw2Q1bGbTXuBr	TrifeDrew	[]	[2018]	1	1
67hb7towEyKvt5Z8Bx306c	Empire of the Sun	['australian dance', 'australian electropop', 'dance rock', 'indietronica', 'neo-synthpop']	[2018]	1	0
3nViOFa3kZW8OMSNOzwr98	Queen Naija	['r&b']	[2018, 2019]	1	1
2gsggkzM5R49q6jpPvazou	Jessie J	['dance pop', 'pop']	[2018, 2019, 2020, 2021]	1	0
21LGsW7bziR4Ledx7WZ1Wf	Johnny Mathis	['adult standards', 'easy listening']	[2018]	1	1
24DQLSng7bKZD4GXLIaQbv	Percy Faith & His Orchestra	"['easy listening', ""man's orchestra""]"	[2018]	1	1
4RVnAU35WRWra6OZ3CbbMA	Kylie Minogue	['australian dance', 'australian pop', 'dance pop', 'eurodance', 'new wave pop']	[2017, 2018, 2019, 2020, 2021]	1	0
2iEvnFsWxR0Syqu2JNopAd	Smash Mouth	['pop rock', 'post-grunge']	[2017, 2018]	1	0
0vEsuISMWAKNctLlUAhSZC	Counting Crows	['neo mellow', 'pop rock', 'post-grunge', 'rock']	[2018]	1	0
10bRsziCCdq9Ht20lVVrRf	Station Wagon P	[]	[2018]	1	1
41klVmDluQZmGGqoidNfbe	Blac Youngsta	['memphis hip hop', 'southern hip hop', 'trap']	[2018]	1	1
7gP3bB2nilZXLfPHJhMdvc	Foster The People	['indietronica', 'modern alternative rock', 'modern rock', 'rock']	[2017, 2018, 2019, 2020, 2021]	1	0
0vneleczrRRNPF1vj0x0vy	The Harlem Community Choir	[]	[2017, 2018, 2019]	1	1
4m2kfAHEnK7Z7qLGxeWtro	The Plastic Ono Band	['beatlesque', 'experimental rock']	[2017, 2018, 2019]	1	1
5gw5ANPCVcxU0maLiGRzzP	Billy Raffoul	['canadian pop']	[2018]	1	1
53QzNeFpzAaXYnrDBbDrIp	The Isley Brothers	['classic soul', 'funk', 'motown', 'quiet storm', 'soul']	[2018]	1	0
0tmwSHipWxN12fsoLcFU3B	Manuel Turizo	['colombian pop', 'reggaeton', 'reggaeton colombiano', 'trap latino', 'urbano latino']	[2018]	1	1
2X97ZAqRKRMYFIDqtvGgGc	Silk City	['edm']	[2018, 2019]	1	1
1eMmoIprPDWeFdB1FxU6ZV	Au/Ra	['alt z', 'deep pop edm']	[2018]	1	1
6064pL9Hu3Wx2bwJMeOx6o	Tomine Harket	[]	[2018]	1	1
597u4DRndwoUDP5uJNOJ0L	KTOE	['canadian hip hop', 'toronto rap']	[2018]	1	1
2ei3ToTz5SL3pVp17X0Vkd	John Lindahl	[]	[2018]	1	1
0lZoBs4Pzo7R89JM9lxwoT	Duran Duran	['album rock', 'dance rock', 'new romantic', 'new wave', 'new wave pop', 'rock', 'soft rock', 'synthpop']	[2018, 2019, 2020, 2021]	1	0
0B3N0ZINFWvizfa8bKiz4v	James TW	['british singer-songwriter']	[2018, 2019, 2020]	1	0
05kWC05qQmocVoC5Udgl6D	Supa Bwe	['pop rap', 'underground hip hop']	[2018]	1	1
0yWuhITiYSrjzBrgT4NKsb	Forever Band	[]	[2018]	1	1
3Ll0OyHvpoQmGP9TMQAhKV	The RattPack	[]	[2018]	1	1
0ECSmon1BUiFnB33X24eLI	Baby Goth	[]	[2018]	1	1
14rP13jdQNgQvuPA2AkBgm	Glades	['indie electropop', 'indie poptimism', 'metropopolis']	[2018]	1	0
3RGLhK1IP9jnYFH4BRFJBS	The Clash	['alternative rock', 'permanent wave', 'punk', 'rock']	[2017, 2018]	1	0
2HFuviZiAYhouKgvRX0y45	Chantel Jeffries	['kentucky hip hop', 'la pop']	[2018]	1	1
0GeeIVcvGA8GSlWsoY1dkG	Vory	['kentucky hip hop', 'trap soul']	[2018]	1	1
6bwVWdQfr6ttzrGLboVkjg	Paul Rosenberg	[]	[2018]	1	0
4GITZM5LCR2KcdlgEOrNLD	The Foundations	['bubblegum pop']	[2018]	1	0
5B08rGb3FZKEEhNdsyQV8T	Norelle	[]	[2018]	1	1
5XnIjshjqYVE2eDVgSt9Ro	Mel & Kim	[]	[2018, 2019]	1	0
7bp2lSdh12wcA8LyB1srfJ	Sofia Carson	['pop']	[2018]	1	1
4X5U7EjHMofqX4mUAkJm23	NEW CITY	['canadian electropop']	[2018]	1	0
0zOcE3mg9nS6l3yxt1Y0bK	The Fray	['neo mellow', 'piano rock', 'pop', 'pop rock']	[2017, 2018]	1	0
5Y8eJDj37KhaEeqbVO7Ag1	PRETTYMUCH	['boy band', 'pop']	[2018]	1	0
63MQldklfxkjYDoUE4Tppz	M83	['french shoegaze', 'french synthpop', 'indietronica', 'metropopolis', 'neo-synthpop']	[2017, 2018, 2019, 2020, 2021]	1	0
1mG23iQeR29Ojhq89D5gbh	DJ Jazzy Jeff & The Fresh Prince	['golden age hip hop', 'old school hip hop', 'philly rap']	[2017, 2018, 2019, 2020, 2021]	1	0
293zczrfYafIItmnmM3coR	Chuck Berry	['blues', 'blues rock', 'classic rock', 'rock', 'rock-and-roll', 'rockabilly', 'soul']	[2017, 2018, 2019, 2020, 2021]	1	0
1wvlC6NwleHt1iRD6d5X2C	Foxy Brown	['contemporary r&b', 'east coast hip hop', 'hip pop', 'r&b']	[2018]	1	1
4U6sGpoCZvYkwmwB3VtRTW	Elliott Trent	['pop r&b', 'trap soul']	[2018]	1	1
2sil8z5kiy4r76CRTXxBCA	The Goo Goo Dolls	['neo mellow', 'permanent wave', 'pop rock', 'post-grunge']	[2017, 2018, 2019, 2021]	1	0
1jIVEaq8GmqMYb8nFNAZgb	Seezyn	['cincinnati rap']	[2018, 2019]	1	1
3QUOtWgmuxFyae4C0Q0thd	ABIR	[]	[2018]	1	1
2uFC1dAj5b0YU7vulKNZ0p	Banx & Ranx	['basshall']	[2018]	1	1
5AbLpsnTQVNB3OEadYiVrK	Yxng Bane	['afroswing', 'grime', 'uk dancehall', 'uk hip hop']	[2018]	1	1
0TImkz4nPqjegtVSMZnMRq	TLC	['atl hip hop', 'contemporary r&b', 'dance pop', 'girl group', 'hip pop', 'r&b', 'urban contemporary']	[2018]	1	0
3qm84nBOXUEQ2vnTfUTTFC	Guns N' Roses	['glam metal', 'hard rock', 'rock']	[2017, 2018, 2019]	1	0
3v6Ji4uoWtKRkhuDUaxi9n	Dynoro	['edm']	[2018, 2019]	1	1
1OAjDaKgg00KCUYqDe68un	Gigi D'Agostino	['eurodance', 'italo dance']	[2018, 2019]	1	1
7oNtf1MwhHcyXRsYXE1WsG	Aazar	['electro house', 'electronic trap']	[2018]	1	1
6SvFyXN6qzhw95Bj4HoevV	China Anne McClain	['movie tunes', 'post-teen pop']	[2018, 2020]	1	0
7HV2RI2qNug4EcQqLbCAKS	Keala Settle	['broadway', 'hollywood', 'show tunes']	[2018]	1	1
63nv0hWWDob56Rk8GlNpN8	The Greatest Showman Ensemble	['movie tunes']	[2018]	1	1
3cSTuOCq6sJ8Xhmw3rit7j	Leoni Jut	[]	[2018]	1	0
3x3jSlhyv5CiCZDZlaTq0M	Pi’erre Bourne	['melodic rap']	[2018]	1	1
2jzc5TC5TVFLXQlBNiIUzE	a-ha	['new romantic', 'new wave', 'new wave pop', 'permanent wave', 'synthpop']	[2018, 2019]	1	0
5FxshnB3eJ2YDn8xN8zDKq	Hannah Kerr	['anthem worship', 'ccm']	[2018, 2019, 2020, 2021]	1	0
5ndkK3dpZLKtBklKjxNQwT	B.o.B	['atl hip hop', 'dance pop', 'pop rap', 'rap', 'southern hip hop']	[2018]	1	1
6Rx1JKzBrSzoKQtmbVmBnM	Hayley Williams	['art pop']	[2018]	1	1
1AwO9pWEBSBoWdEZu28XDC	Eartha Kitt	['torch song', 'vocal jazz']	[2017, 2018, 2019, 2020, 2021]	1	1
0oK8UXKZbQezeRhE0KeBAV	Henri René and His Orchestra	"[""man's orchestra""]"	[2017, 2018, 2019, 2020, 2021]	1	1
3mPc8WGusz2XF3Tvs3AKCR	Carlie Hanson	['alt z']	[2018]	1	0
3Ayl7mCk0nScecqOzvNp6s	Jimmy Eat World	['alternative metal', 'emo', 'modern power pop', 'modern rock', 'neon pop punk', 'pop punk', 'pop rock', 'post-grunge', 'punk', 'rock']	[2018]	1	0
3MHaV05u0io8fQbZ2XPtlC	Prince Royce	['bachata', 'latin hip hop', 'latin pop', 'urbano latino']	[2018]	1	1
2T1aUibqR2QC2sINIDQOAK	Mambo Kingz	['reggaeton', 'reggaeton flow', 'trap latino', 'urbano latino']	[2018]	1	1
64aJYyrXljOodnUG6jvhRD	DJ Luian	['reggaeton', 'reggaeton flow', 'trap latino', 'urbano latino']	[2018]	1	1
0rvjqX7ttXeg3mTy8Xscbt	Journey	['album rock', 'classic rock', 'hard rock', 'heartland rock', 'mellow gold', 'rock', 'soft rock']	[2017, 2018, 2019, 2020, 2021, 2022]	1	0
4LAz9VRX8Nat9kvIzgkg2v	Rivers Cuomo	['alternative rock']	[2018]	1	1
0rlKkLkpsCnJbZethGBfAk	Captain Cuts	['pop edm']	[2018, 2019]	1	1
5mYakBbBzPMQTfkVMIgiDM	Georgia Ku	['uk pop']	[2018, 2019]	1	1
7trxpXo6hVUnoB22sbCkEd	K$upreme	['atl trap', 'trap']	[2018]	1	1
2cFCoDyEaPrw8QVnrDlPKU	Stan Kenton	[]	[2018]	1	0
3dkbV4qihUeMsqN4vBGg93	Al Green	['classic soul', 'funk', 'memphis soul', 'soul', 'soul blues', 'southern soul']	[2018]	1	0
5obQFNrkFoWB51hm1JTHMw	Jamie Principle	['chicago house', 'classic house']	[2018]	1	1
250b0Wlc5Vk0CoUsaCY84M	JENNIE	['k-pop']	[2018, 2019]	1	0
2TImI3DW7o5MdRXJs4D37h	SOB X RBE	['cali rap']	[2018]	1	0
0GByy3DcfbQwDvXGCWmzv9	Pretenders	['album rock', 'classic rock', 'mellow gold', 'new romantic', 'new wave', 'new wave pop', 'permanent wave', 'rock', 'soft rock']	[2019, 2020, 2021]	1	0
6sFHvCyqklnJpXC9Nh1aag	Alexander 23	['alt z', 'singer-songwriter pop']	[2020, 2021]	1	0
6tKJaNOY6oNVWcegnMMEtt	Zac Brown	[]	[2020]	1	1
3HqSLMAZ3g3d5poNaI7GOU	IU	['k-pop', 'pop']	[2020]	1	1
4YBWD4ZziOxY11hhcRwKuh	Mikey.Otx	[]	[2019, 2020]	1	0
3sDbKMebVH2VYcRSl7u1VC	for KING & COUNTRY	['ccm', 'christian alternative rock', 'christian indie', 'christian music', 'world worship']	[2020]	1	0
2x9SpqnPi8rlE9pjHBwmSC	Talking Heads	['alternative rock', 'art punk', 'dance rock', 'funk rock', 'new wave', 'permanent wave', 'post-punk', 'rock', 'zolo']	[2020, 2021]	1	0
6kACVPfCOnqzgfEF5ryl0x	Johnny Cash	['arkansas country', 'outlaw country', 'rock']	[2019, 2020]	1	0
7s47glsDg6fwq9KXNTsTpa	Gudda Gudda	[]	[2020]	1	1
13lxs5lLGCBMyGLfmtfLEK	Hoodybaby	[]	[2020]	1	1
1yqxFtPHKcGcv6SXZNdyT9	MK	['house', 'pop dance']	[2020]	1	1
5D9NYfOaGxFKCalJIeia1N	Atlantic Holiday	[]	[2020]	1	1
6yb7iR9KSHvoITAvoxz3ia	Stevie Mackey	[]	[2020]	1	1
59u9R3yNVw4PWC3Rg1JZhk	THE ELEVEN	[]	[2020]	1	1
4WhPS2kQ4vN8mcOkbSD8ZR	MYTH	[]	[2020]	1	1
4sIl4BTo9l9KqEi0Y3RE72	Carly Pearce	['contemporary country', 'country', 'country road']	[2020]	1	1
0oAK0DvKNnuXm1TQdhDEOv	Khlaw	['slowed and reverb']	[2020]	1	0
7avo0PmlW8O1YLEt9DnWQT	Studio Killers	[]	[2020]	1	0
1BSN9DEw6oke4psFxIJXVj	Dreamlab	[]	[2020]	1	1
0ndx5h8ixiRvi2YmWlfbxH	The 7 Dimensions	[]	[2019, 2020]	1	0
1f2Bnuuv7FxEx2x8iiEBzR	Eric Reprid	['asian american hip hop', 'bc underground hip hop']	[2020]	1	0
1A9o3Ljt67pFZ89YtPPL5X	Snoh Aalegra	['alternative r&b', 'scandinavian r&b', 'swedish soul']	[2020]	1	1
7LzTBVNarOeaDXFdzOugAI	Sly Pyper	[]	[2020]	1	1
1gRNBaI4yn6wCCTvRhGWh8	Don McLean	['classic rock', 'folk', 'folk rock', 'heartland rock', 'mellow gold', 'singer-songwriter', 'soft rock']	[2020, 2021]	1	0
2UyyBkpzN5w3hzZBZGvRZb	Sosa Geek	['brooklyn drill']	[2020]	1	1
4lPl9gqgox3JDiaJ1yklKh	Tierra Whack	['alternative r&b']	[2020]	1	1
38KfCZGlEjHIJDKDwH132d	Curtis Roach	['lo-fi rap']	[2020]	1	1
6S0dmVVn4udvppDhZIWxCr	Sean Kingston	['dance pop', 'miami hip hop', 'pop']	[2020]	1	1
1jKpNUjiz4KXgaAZD5FI9S	Zack De La Rocha	['industrial hip hop', 'political hip hop']	[2020]	1	1
7MzHPIXAqIOCnvK0sVY72W	Helene Fischer	['schlager']	[2020]	1	0
0f2YkMXwFNJNSX7MymevKE	Kaash Paige	[]	[2020]	1	1
3QJUFtGBGL05vo0kCJZsmT	salem ilese	['alt z', 'modern indie pop']	[2020]	1	0
3wVXTWabe3viT0jF7DfjOL	Vedo	['pop r&b']	[2020]	1	0
1YfEcTuGvBQ8xSD1f53UnK	Busta Rhymes	['east coast hip hop', 'hardcore hip hop', 'hip hop', 'pop rap', 'rap']	[2020]	1	1
1zuJe6b1roixEKMOtyrEak	Tina Turner	['soft rock']	[2020]	1	1
1U5zgr455OGyIkLNXvDdrf	Traditional	['christmas instrumental', 'gregorian chant', 'puirt-a-beul', 'sleep']	[2019, 2020]	1	1
3LVYHgfHgCTy3QSRt5kKQg	Rasster	[]	[2020]	1	1
5vPqlDBYNZiF5SrHGS6Cyt	Erin Bloomer	['alt z']	[2020]	1	1
5pnHmnSlN4hJqjG3VWtdYJ	Kinneret	['sped up', 'weirdcore']	[2020]	1	0
0NIPkIjTV8mB795yEIiPYL	Wallows	['pov: indie']	[2020]	1	1
19FsxZm98evcrjWFFhHnC4	Lil Monet	[]	[2020]	1	0
4XRSNOy4w4E4euNeu3aIfr	Mikayla Sippel	[]	[2020]	1	1
6bwp9ObI8FWvMPCIWVBmhl	Red Velvet - IRENE & SEULGI	['k-pop']	[2020]	1	0
7823Dim2TzjiQQ9wRQxyi9	Wizzard	['glam rock']	[2020, 2021]	1	0
6GI52t8N5F02MxU0g5U69P	Santana	['blues rock', 'classic rock', 'mexican classic rock']	[2020, 2021]	1	0
15tTVhFpH8EFXeDgO9xkRO	Trey Lewis	['modern country pop']	[2020]	1	0
7qd6KGoABHifvXKeFNe2Yb	Wolftyla	['trap queen']	[2020]	1	1
2JjzeyE4vsgw2KLE6ZLvqz	Dafi Woo	[]	[2020]	1	1
4Ywiqc8KxAECFoOWWAYry4	Lil Adrei	[]	[2020]	1	0
6VuyrmclG2XOdkqz0AeGcs	Rick Live	[]	[2020]	1	1
0bBz5bRBkExaej2HxtVfCw	347aidan	['sad rap']	[2020, 2021]	1	0
7bmYpVgQub656uNTu6qGNQ	Hwa Sa	['k-pop', 'korean talent show']	[2020]	1	1
0imE3buPhAowREqCrr4CYe	Peach Tree Rascals	['pov: indie']	[2020]	1	0
3Inrg8cs8oc4q8oPES4a6S	The Five Stairsteps	['chicago soul', 'classic soul', 'motown']	[2020]	1	0
7GaxyUddsPok8BuhxN6OUW	James Brown	['funk', 'soul']	[2020]	1	0
6P5NO5hzJbuOqSdyPB7SJM	Ashe	['alt z']	[2020]	1	0
63yrD80RY3RNEM2YDpUpO8	Melanie Martinez	['alt z', 'electropop', 'pop']	[2020]	1	0
25NQNriVT2YbSW80ILRWJa	Faith Hill	['contemporary country', 'country', 'country dawn', 'country road']	[2020, 2021]	1	1
3bYcjbVAN3rAuU3TMzw2mB	Marcus Mumford	['british singer-songwriter']	[2020]	1	1
24WdRSLiIlFrqK2FqxGLVm	Yoko Gold	[]	[2020]	1	1
71jSVPQ6yskfyvWeiwvT5s	S1mba	['afroswing']	[2020]	1	1
6kZWqUZqptyxb8Ki5DyBAg	DTG	['afroswing']	[2020]	1	1
4ZgQDCtRqZlhLswVS6MHN4	grandson	['modern alternative rock', 'modern rock', 'pov: indie', 'rock']	[2020]	1	0
1KP6TWI40m7p3QBTU6u2xo	BØRNS	['indie poptimism', 'indietronica', 'modern alternative rock', 'modern rock', 'pov: indie']	[2020, 2021, 2022]	1	0
0NKDgy9j66h3DLnN8qu1bB	Eurythmics	['dance rock', 'new romantic', 'new wave', 'new wave pop', 'soft rock', 'sophisti-pop', 'synthpop']	[2020, 2021]	1	1
5MspMQqdVbdwP6ax3GXqum	Annie Lennox	['new romantic', 'new wave', 'new wave pop', 'singer-songwriter', 'soft rock', 'synthpop']	[2020, 2021]	1	1
7gcCQIlkkfbul5Mt0jBQkg	Dave Stewart	['new wave pop', 'rock keyboard']	[2020, 2021]	1	1
6UCQYrcJ6wab6gnQ89OJFh	Headie One	['uk hip hop']	[2020]	1	1
3ycxRkcZ67ALN3GQJ57Vig	Masego	['alternative r&b', 'indie soul']	[2020]	1	1
35GL8Cu2GKTcHzKGi75xl5	Jennifer Hudson	['dance pop', 'r&b', 'urban contemporary']	[2020, 2021]	1	1
4TshyQDihSYXSWqvclXl3I	Parmalee	['contemporary country', 'country road', 'modern country rock', 'modern uplift']	[2020]	1	1
7FY5V3XMwlNBPitEjXowHQ	Darius Rucker	['black americana', 'contemporary country', 'country', 'country road']	[2020, 2021]	1	0
7lzordPuZEXxwt9aoVZYmG	Billy Idol	['album rock', 'classic rock', 'dance rock', 'hard rock', 'new romantic', 'new wave', 'new wave pop', 'rock', 'soft rock']	[2020]	1	1
3V0ZQW0dNuVaFtbVYgSI24	Claire Rosinkranz	['alt z', 'modern indie pop']	[2020]	1	0
2l35CQqtYRh3d8ZIiBep4v	MKTO	['pop', 'post-teen pop']	[2020, 2021, 2022]	1	0
41I5xI04kixwmonDBl0Sda	King Combs	['cali rap']	[2020]	1	1
2Iv9xUxQZyMxknah773Sdw	Ed Ivory	[]	[2020, 2021]	1	1
5AAomuiyEWayklKG3qLv6U	Ken Page	['cabaret']	[2020, 2021]	1	1
5QNm7E7RU2m64l6Gliu8Oy	HARDY	['contemporary country', 'modern country pop']	[2020]	1	1
2XzXLjXRSeFtsic4ieyLJy	Wilbur Soot	['pixel', 'pov: indie']	[2020]	1	0
6X8WdFjrNhXATMDSs26aCc	Curren$y	['dirty south rap', 'new orleans rap', 'rap', 'southern hip hop']	[2020]	1	1
0399oiMcmbOzzsYQDNYqxn	Problem	['hyphy', 'trap', 'west coast trap']	[2020]	1	1
34nVLWMJTjaMh2aSMOQHei	King Pharaoh	[]	[2020]	1	1
1lEXbUjKjHQ7uc9jFfEViJ	TGT	['pop r&b']	[2020]	1	1
7Lk9V7E1u5gqSHmtcKlOqH	Sara Kays	['alt z', 'gen z singer-songwriter', 'modern indie pop']	[2020, 2021]	1	0
5FKchcZpQOkqFvXBj1aCvb	Excision	['brostep', 'canadian electronic']	[2020]	1	1
3Uobr6LgQpBbk6k4QGAb3V	I Prevail	['alternative metal', 'nu-metalcore']	[2020]	1	1
6bmlMHgSheBauioMgKv2tn	Powfu	['sad lo-fi', 'sad rap']	[2020, 2021]	1	1
35l9BRT7MXmM8bv2WDQiyB	beabadoobee	['bedroom pop', 'bubblegrunge', 'indie pop', 'pov: indie']	[2020, 2021]	1	1
5dcOK4stT4JDkP6Dqhbz5s	Sheena Easton	['mellow gold', 'minneapolis sound', 'new romantic', 'new wave pop', 'soft rock']	[2020]	1	1
7MnzlETJZuQb3EcK8mugEQ	Earlly Mac	[]	[2020]	1	1
2FsZnS8gQ8jG1HGnPYNlm9	Jamie N Commons	['modern blues rock']	[2020]	1	1
6fs2or0cKLEM2xohWq8SoX	Lexie Liu	['chinese electropop']	[2020]	1	1
4TqlcgMFDryY96KWcvrhTv	Seraphine	[]	[2020]	1	1
7nqlScm2smydSRl13eaP8E	Nea	['scandipop']	[2020]	1	1
26qmuJTgE3g67pPClBQ3Iu	Cash Kidd	['detroit trap']	[2020]	1	1
6q2peHL8h2vUGvWNbsIjii	Payroll Giovanni	['detroit trap']	[2020]	1	1
4fpwOzxFRMVGfd197dKIdY	Boldy James	['alternative hip hop', 'boom bap', 'drumless hip hop']	[2020]	1	1
79y9wOe73QinG3vsi3vLqK	Drego	['detroit hip hop', 'detroit trap']	[2020]	1	1
1lmU3giNF3CSbkVSQmLpHQ	Surf Mesa	[]	[2020, 2021]	1	1
4ArPQ1Opcksbbf3CPwEjWE	Emilee	['social media pop']	[2020, 2021]	1	1
7nDsS0l5ZAzMedVRKPP8F1	Ella Henderson	['dance pop', 'talent show', 'uk pop']	[2020]	1	1
5hW4L92KnC6dX9t7tYM4Ve	Joni Mitchell	['canadian singer-songwriter', 'folk', 'folk rock', 'singer-songwriter']	[2019, 2020]	1	0
3NPZs8XgXtaWslUcnIw6rY	Iris DeMent	['arkansas country', 'folk', 'singer-songwriter']	[2020]	1	1
6ZXm3DzqsaTZSNQrNseQYG	Dread Woo	['brooklyn drill']	[2020]	1	1
16Nc36xAtNyQ7BMBcDsaLv	Likybo	['cali rap']	[2020]	1	0
5gs4Sm2WQUkcGeikMcVHbh	Hamza	['belgian hip hop', 'cloud rap francais', 'french hip hop', 'pop urbaine', 'rap belge', 'rap francais']	[2020]	1	1
6DXnx0ReU1wnf4RpMIIK3B	DJ Diddy	[]	[2020]	1	1
3i94wxAKQqlJyiPLDmjNdH	St. Lundi	['uk pop']	[2020]	1	1
4kAyoGhVlC6PFg0FvMqmFB	Morgan St. Jean	['la pop', 'singer-songwriter pop']	[2020]	1	1
4N7IToHBlPXqlrXiv1Nij6	rei brown	[]	[2020]	1	1
30hteLyFTmiRraerHJBoba	HerbertSkillz	[]	[2020]	1	1
0UcXjTpzt0DmIwPSNwlJfF	jetsonmade	[]	[2020]	1	1
3xvaSlT4xsyk6lY1ESOspO	Disney	"[""children's music"", 'movie tunes']"	[2020, 2021]	1	1
11QdxwAGVKkoLuarCX7L3N	Greg Nice	[]	[2020]	1	1
0C86lmpnwiyLDUiyo4d0P1	BRELAND	['black americana', 'modern country pop']	[2020]	1	0
3Xt3RrJMFv5SZkCfUE8C1J	Kim Petras	['alt z', 'pop', 'transpop']	[2020]	1	1
4yvcSjfu4PC0CYQyLy4wSq	Glass Animals	['gauze pop', 'indietronica', 'modern rock', 'pov: indie', 'shiver pop']	[2020, 2021, 2022]	1	0
7AcV1lk8Zrgo1691PDWEle	Freshlyground	['african rock', 'afropop', 'south african jazz', 'south african pop', 'south african pop dance']	[2020]	1	1
00oL7zWxmWveTsKF7DnIRd	Kyle Dixon & Michael Stein	['horror synth', 'soundtrack']	[2019, 2020]	1	0
7IziQIyiq8TGse0Mc1laYi	K4mo	[]	[2020]	1	1
5FxD8fkQZ6KcsSYupDVoSO	Omar Apollo	['bedroom pop', 'bedroom soul']	[2020]	1	1
4TvhRzxIL1le2PWCeUqxQw	The Blessed Madonna	[]	[2020]	1	1
07d5etnpjriczFBB8pxmRe	BJ The Chicago Kid	['alternative r&b', 'chicago rap']	[2020]	1	1
0BBwlSQvHHtahgYpLj1wJE	Shaun Frank	['canadian electronic', 'electro house', 'pop edm']	[2020]	1	1
6M6XXCcO5gI68XpIlrUL3Z	Young T & Bugsey	['afroswing', 'grime', 'nottingham hip hop', 'uk hip hop']	[2020]	1	1
5yw4tA8D5uG7tT3NaDvq10	Stellar	['social media pop']	[2020]	1	0
2cdnxq3gRcJudFLmWhDTQp	Beau Dommage	['chanson quebecois', 'prog quebec']	[2020, 2021]	1	0
2cCUtGK9sDU2EoElnk0GNB	The National	['chamber pop', 'indie folk', 'indie rock', 'indietronica', 'modern rock', 'stomp and holler']	[2020, 2021]	1	1
1sxzn6d0We1Q0RKxPE2BCu	J Neat	['canadian hip hop']	[2020]	1	1
5TbLOwv8BNnik3f03NZJlt	TOKYO’S REVENGE	['meme rap', 'viral rap']	[2019, 2020]	1	0
7vPGzgDg3qGUY5bWtrO3K4	Conkarah	['jawaiian']	[2020]	1	1
2fZcYu4ltOFdwsnDmLQ9jl	DJ Fle	[]	[2020]	1	1
2FKWNmZWDBZR4dE5KX4plR	Diljit Dosanjh	['desi pop', 'filmi', 'modern bollywood']	[2020]	1	0
34bhyY8jfKez7uKakMfy4y	Maddie & Tae	['contemporary country', 'country', 'country road']	[2020]	1	0
3QVolfxko2UyCOtexhVTli	Angèle	['belgian pop', 'french pop', 'variete francaise']	[2020]	1	1
6B72wjgAkhvxTVCL6xS6mC	Stephen Puth	[]	[2020, 2021]	1	1
3qnGvpP8Yth1AqSBMqON5x	Leon Bridges	['modern blues', 'neo soul', 'soul']	[2020]	1	1
3aVoqlJOYx31lH1gibGDt3	Babyface	['contemporary r&b', 'r&b', 'urban contemporary']	[2020, 2021]	1	1
5bgfj5zUoWpyeVatGDjn6H	K CAMP	['atl hip hop', 'melodic rap', 'southern hip hop', 'trap']	[2020]	1	0
3VBpsrUi2vV7Uj87ONHu7Z	Screamin' Jay Hawkins	[]	[2020, 2021]	1	0
3ppQEG71r7jVpI8RudzycF	OHGEESY	['cali rap']	[2020]	1	1
2k6fdnEIyk7t8Mfg6SoRg1	MAJ	[]	[2020]	1	1
5wugb0kaq0J6nyQ5Xgd17i	Aly & AJ	['dance pop', 'girl group', 'post-teen pop']	[2020]	1	0
6sHCvZe1PHrOAuYlwTLNH4	Gus Dapperton	['bedroom pop', 'indie poptimism', 'pov: indie']	[2020]	1	1
4EPJlUEBy49EX1wuFOvtjK	Becky Hill	['pop dance', 'pop house', 'uk dance', 'uk pop']	[2019, 2020]	1	1
0mzTssRDPIQVH5wSNzOdFZ	Fefe Dobson	['canadian pop', 'candy pop']	[2020]	1	1
7ayksoJ16I0E4Riftzvfaz	BAD CHILD	[]	[2020]	1	1
7a9gjtMIZFHN1NB1Dndyed	Command Sisters	[]	[2020]	1	1
6BifD1GWsFMGLZnfYw0uVE	Dan Kanter	[]	[2020]	1	1
3FKDrJjdEpzGNFgwVkzagd	Desiire	[]	[2020]	1	1
4SOtk3HtPYKqxnVuxNBMti	Donovan Woods	['canadian singer-songwriter', 'indie folk']	[2020]	1	1
5lemlzREG6FOAergTgPi9B	Josh Ramsay	[]	[2020]	1	1
7K5b86z7l451wp57waF0Py	Jules Halpern	[]	[2020]	1	1
1BmW7gk5sNUff7U3JEWqxa	Marie-Mai	['auteur-compositeur-interprete quebecois', 'pop quebecois']	[2020]	1	1
7542b5kIvrKX0Zvp5iNpl9	Olivia Lunny	['manitoba indie']	[2020]	1	1
3jmxkI8Jhv8bHOd2qSiU9j	Serena Ryder	['canadian indie', 'canadian pop', 'canadian singer-songwriter', 'ontario indie', 'pop quebecois']	[2020]	1	1
0IuE3Ne32K4i3BZBbr610a	The Tenors	['operatic pop']	[2020]	1	1
7rBEyjzKmTmWrrhSOhxspU	TiKA	['canadian contemporary r&b']	[2020]	1	1
5exO2eW84QucBhrRhcK76x	Buffy Sainte-Marie	['american folk revival', 'canadian indigenous', 'canadian singer-songwriter', 'folk', 'folk rock', 'native american contemporary']	[2020]	1	1
1mVhi0LYM9U7DEZNrKyC0l	Geddy Lee	[]	[2020]	1	1
1aftUCES5zD5xXI7O9ZF9F	Jann Arden	['canadian singer-songwriter', 'ectofolk', 'lilith']	[2020]	1	1
2eogQKWWoohI3BSnoG7E2U	Donna Summer	['adult standards', 'disco', 'hi-nrg', 'new wave pop', 'soft rock']	[2020]	1	1
7sfl4Xt5KmfyDs2T3SVSMK	Lil Jon	['atl hip hop', 'crunk', 'dance pop', 'dirty south rap', 'old school atlanta hip hop', 'pop rap', 'southern hip hop', 'trap']	[2020, 2021, 2022]	1	1
3ADyFy1orEwODaiHmRRMQp	Puri	['basshall']	[2020]	1	1
3aAX2y0amckZ7WcWoz2f2o	Jhorrmountain	['dutch hip hop']	[2020]	1	1
3ZotbHeyVQKxQCPDJuQ4SU	Q-Tip	['east coast hip hop', 'queens hip hop']	[2020]	1	1
1WjexdTcXHgvlVIPCE8D1Q	Denaun	[]	[2020]	1	1
54lUDwCk35ihJuK3yJCqHA	James Barker Band	['canadian contemporary country', 'canadian country', 'contemporary country']	[2020]	1	0
6yP3ZB6Fy3U4IBlHjcLS4Q	DaHeala	[]	[2020]	1	1
4Ui2kfOqGujY81UcPrb5KE	HAIM	['indietronica', 'metropopolis']	[2020, 2021]	1	1
1XynjLPAyPi8SZAx8LHN0Z	Nuka	[]	[2020, 2021]	1	1
05YVYeV4HxYp5rrWalvuE1	Grover Washington, Jr.	[]	[2020, 2021]	1	1
2Hkut4rAAyrQxRdof7FVJq	Rush	['album rock', 'canadian metal', 'classic canadian rock', 'classic rock', 'hard rock', 'progressive rock', 'rock']	[2020]	1	0
1Fmb52lZ6Jv7FMWXXTPO3K	Joan Jett & the Blackhearts	['glam punk', 'rock']	[2020]	1	1
6tUwA7Nt6EoMLy48nNVrgq	David Campbell	['australian pop']	[2020]	1	0
0epOFNiUfyON9EYx7Tpr6V	The Strokes	['alternative rock', 'garage rock', 'modern rock', 'permanent wave', 'rock']	[2020]	1	0
5zfEatKLDdRkgbw6sdLBAQ	Octavian	['afroswing', 'london rap', 'uk hip hop']	[2020]	1	1
0rpUnzu4JIoRkKkGvdcm7b	Lil Eazzyy	['chicago rap']	[2020]	1	0
2auikkNYqigWStoHWK1Grq	John Martin	['pop edm']	[2020]	1	1
4qIVPF0s71ZYW3qzhu5GkF	Kina	['sad lo-fi']	[2019, 2020]	1	1
5fSVkkuijRIpxuvSqysYiP	Snøw	['sad lo-fi', 'sad rap']	[2019, 2020]	1	1
0x7qiZJaal6j8qS7yCydFk	Savage Ga$p	['aesthetic rap']	[2020, 2021]	1	1
1nGRqM8VNcQOcFsOnhpInD	ATR Son Son	[]	[2020]	1	1
6GpcBKNmZDIrRzYkPJu7Wd	flora cash	['indie pop', 'scandipop', 'swedish indie folk']	[2020]	1	0
33ScadVnbm2X8kkUqOkC6Z	Don Omar	['latin hip hop', 'puerto rican pop', 'reggaeton', 'trap latino', 'urbano latino']	[2020, 2021, 2022]	1	1
5bv5RplEOwdCvhq0EILh9E	Lucenzo	['reggaeton']	[2020, 2021, 2022]	1	1
6aeuDb3tA4S9lTin8TvHWu	Yung Anime	[]	[2020]	1	1
0EYtRAnAXxVITPKoEDf2OB	LILMozart	[]	[2020]	1	1
5Vuvs6Py2JRU7WiFDVsI7J	Lucky Daye	['alternative r&b', 'r&b']	[2020]	1	1
3bmFPbLMiLxtR9tFrTcKcP	Matthew Wilder	['new wave pop']	[2020]	1	0
2PaZWGu5T5nHjY2xxAkFsT	THE SCOTTS	['viral rap']	[2020, 2021]	1	1
6fFfnKGVI6X3lkCr8Qw1g1	KXNG Crooked	['cali rap', 'detroit hip hop']	[2020]	1	1
1q13yHC6Syg5Y8iPLrRnCq	Joell Ortiz	['battle rap']	[2020]	1	1
3XxxEq6BREC57nCWXbQZ7o	Jamie Cullum	['contemporary vocal jazz', 'jazz pop', 'neo mellow']	[2020]	1	0
6v8FB84lnmJs434UJf2Mrm	Neil Young	['canadian singer-songwriter', 'classic canadian rock', 'classic rock', 'folk rock', 'mellow gold', 'permanent wave', 'rock', 'roots rock', 'singer-songwriter']	[2022]	1	0
22wbnEMDvgVIAGdFeek6ET	Benson Boone	['singer-songwriter pop']	[2021, 2022]	1	0
6TLwD7HPWuiOzvXEa3oCNe	Oliver Tree	['alternative hip hop']	[2021, 2022]	1	0
6FaLegXtqjGZBH5VFrOlwG	Ktlyn	[]	[2022]	1	1
3RwQ26hR2tJtA8F9p2n7jG	The Temptations	['memphis soul', 'motown', 'soul']	[2021, 2022]	1	0
7bPs6jf983f0bjRAt1yxDM	Patrick Watson	['indie folk', 'indie quebecois']	[2021, 2022]	1	0
4XqfpACObRB5AsBcUYjL8X	MC Eiht	['g funk', 'west coast rap']	[2017, 2022]	1	1
4GGfAshSkqoxpZdoaHm7ky	ERNEST	['modern country pop']	[2021, 2022]	1	1
1NRzxuPpdGushT8YmF5NAa	Edison Lighthouse	[]	[2021, 2022]	1	0
71szvmFWd7TUa7b6XmXj9k	Emmy Meli	[]	[2021, 2022]	1	0
6rIaHuCIUu32uj2CjlEBN3	Mike Dimes	[]	[2022]	1	0
23xqmJEN3oVxwzqtNIyR5m	AnnenMayKantereit	['cologne indie', 'german singer-songwriter']	[2022]	1	1
5wD0owYApRtYmjPWavWKvb	Giant Rooks	[]	[2022]	1	1
0hDjKSKjl1DC7ovYTDJHe8	Bruno Major	['singer-songwriter pop']	[2021, 2022]	1	0
1XkoF8ryArs86LZvFOkbyr	Mary J. Blige	['dance pop', 'neo soul', 'r&b', 'urban contemporary']	[2022]	1	0
4F84IBURUo98rz4r61KF70	The White Stripes	['alternative rock', 'blues rock', 'detroit rock', 'garage rock', 'modern blues rock', 'permanent wave', 'punk blues', 'rock']	[2022]	1	0
2BM933ADIluGGrPBOhPgIt	SiM	['japanese metalcore', 'japanese screamo']	[2022]	1	0
6QrQ7OrISRYIfS5mtacaw2	Jaymes Young	['indie poptimism']	[2021, 2022]	1	0
7iTLGcddv1bOPirdYJjKVy	Dj Yo!	[]	[2021, 2022]	1	1
5fUXK5m3BNwoRgTyKq8tnz	AX'EL	[]	[2021, 2022]	1	1
64H8UqGLbJFHwKtGxiV8OP	THE ANXIETY	['modern alternative pop']	[2021, 2022]	1	1
1xoxekeb8jUVHKJB7m6bfg	Tyler Cole	['bedroom soul']	[2021, 2022]	1	1
46HzS7yz0c9udVwtbHk1sx	Cochise	['plugg', 'pluggnb', 'rage rap']	[2021, 2022]	1	1
7jLpPyJ5gQxCvwiBsUfFu6	4*TOWN (From Disney and Pixar’s Turning Red)	['movie tunes']	[2022]	1	1
60wslYioiBcxSTInM4nIy2	Jordan Fisher	['movie tunes', 'post-teen pop']	[2022]	1	1
7hCuNVmOMT7ntattMgmL96	Finneas O'Connell	[]	[2022]	1	1
10WKlp1bjWxC1IWbpX4Q6l	Topher Ngo	['movie tunes']	[2022]	1	1
0wSCwQI0t7XUj0zdGO25PZ	Grayson Villanueva	['movie tunes']	[2022]	1	1
6NvsNA4Ea62yJh7ePTS8gz	Josh Levi	['dark r&b']	[2022]	1	1
5Matrg5du62bXwer29cU5T	Benny The Butcher	['alternative hip hop', 'boom bap', 'buffalo hip hop', 'hip hop', 'upstate ny rap']	[2022]	1	1
5Q81rlcTFh3k6DQJXPdsot	Mura Masa	['channel islands indie', 'hyperpop', 'indie soul', 'vapor soul']	[2022]	1	1
3M3wTTCDwicRubwMyHyEDy	Shygirl	['alternative r&b', 'art pop', 'electra', 'escape room', 'grimewave', 'hyperpop']	[2022]	1	1
5Jz9kKRnCRLTodCH58MyB4	Daz Dillinger	['g funk', 'west coast rap']	[2022]	1	1
3Mcii5XWf6E0lrY3Uky4cA	Ice Cube	['conscious hip hop', 'g funk', 'gangster rap', 'hip hop', 'rap', 'west coast rap']	[2022]	1	0
57dN52uHvrHOxijzpIgu3E	Ratatat	['indietronica']	[2021, 2022]	1	1
4vhNDa5ycK0ST968ek7kRr	Carlos Vives	['colombian pop', 'latin pop', 'vallenato']	[2022]	1	0
053q0ukIDRgzwTr4vNSwab	Grimes	['art pop', 'canadian electropop', 'grave wave', 'indietronica', 'metropopolis', 'neo-synthpop']	[2022]	1	0
7hf5PZjVOqTQ2id3PF7I5Y	B-Lovee	['bronx drill', 'new york drill']	[2022]	1	1
4FJvChnzwDxBkD1jzSjNPq	Fat Max Gsus	[]	[2022]	1	1
06vEAqcicwoSBw85e8biJx	Rêve	[]	[2021, 2022]	1	0
13GA8qxVLDZs0oh1zZ872C	GoldSkull	[]	[2021, 2022]	1	0
1BEUkE2CSUgHTLSBMZdnFB	Mae Muller	['uk contemporary r&b', 'uk pop']	[2021, 2022]	1	1
2txHhyCwHjUEpJjWrEyqyX	Tom Odell	['chill pop']	[2021, 2022]	1	0
5nCi3BB41mBaMH9gfr6Su0	fun.	['baroque pop', 'metropopolis']	[2021, 2022]	1	1
7tjbDPvrdvDshcpEMXKRVb	Gerry Rafferty	['art rock', 'classic rock', 'folk rock', 'mellow gold', 'soft rock']	[2022]	1	0
5yOvAmpIR7hVxiS6Ls5DPO	Omah Lay	['afrobeats', 'nigerian pop']	[2022]	1	1
2avRYQUWQpIkzJOEkf0MdY	Kx5	[]	[2022]	1	1
6TQj5BFPooTa08A7pk8AQ1	Kaskade	['edm', 'electro house', 'pop dance', 'progressive electro house', 'progressive house', 'vocal house']	[2022]	1	1
4yX6mpMyBGf9UfvBB8JJrc	Hayla	[]	[2022]	1	1
7o2ZQYM7nTsaVdkXY38UAA	Em Beihold	['alt z', 'gen z singer-songwriter']	[2022]	1	0
4pnp4w9g30yLfVIAFnZMRd	ACRAZE	['pop dance', 'tech house']	[2021, 2022]	1	1
1c70yCa8sRgIiQxl3HOEFo	Cherish	['atl hip hop', 'girl group', 'hip pop', 'r&b', 'southern hip hop', 'urban contemporary']	[2021, 2022]	1	1
7f5Zgnp2spUuuzKplmRkt7	Lost Frequencies	['belgian edm', 'edm', 'pop dance', 'tropical house']	[2021, 2022]	1	1
56ZTgzPBDge0OvCGgMO3OY	Beach House	['art pop', 'baltimore indie', 'dream pop', 'dreamo', 'indie pop', 'indie rock', 'indietronica', 'modern dream pop', 'pov: indie']	[2021, 2022]	1	0
6QMABvTzixnxzsLYyhqRxI	Majestic	['uk dance']	[2021, 2022]	1	1
08yf5A2nS4XEeNvabDXqyg	Billy Talent	['canadian punk']	[2022]	1	0
2W8yFh0Ga6Yf3jiayVxwkE	Dove Cameron	['pop']	[2022]	1	0
1r29dFdSenwksTQdkH7r6I	lil Shordie Scott	['meme']	[2022]	1	0
4sIuoDOzSlBqeiNJl631zX	The 502s	[]	[2022]	1	0
7tjVFCxJdwT4NdrTmjyjQ6	Muni Long	['indie r&b']	[2022]	1	0
6vVztIuqdDHvYWxOEXCzjN	SALES	['indie pop', 'orlando indie']	[2021, 2022]	1	0
1ruutHJcECI7cos2n5TqpO	Nayer	['deep dance pop']	[2022]	1	1
1lE6SEy8f84Zhjvp7r8yTD	Syleena Johnson	['contemporary r&b', 'neo soul', 'r&b', 'urban contemporary']	[2022]	1	1
1h6Cn3P4NGzXbaXidqURXs	Swedish House Mafia	['edm', 'pop dance', 'progressive electro house']	[2021, 2022]	1	1
7mEIug7XUlQHikrFxjTWes	Neil Diamond	['adult standards', 'brill building pop', 'folk rock', 'heartland rock', 'mellow gold', 'singer-songwriter', 'soft rock', 'yacht rock']	[2019, 2021, 2022]	1	0
08Ld63UgKrJ0nZnCkzHtzc	Project Pat	['crunk', 'dirty south rap', 'gangster rap', 'memphis hip hop', 'trap']	[2021, 2022]	1	1
67lytN32YpUxiSeWlKfHJ3	Yung Lean	['cloud rap', 'psychedelic hip hop', 'underground hip hop']	[2022]	1	0
7i9j813KFoSBMldGqlh2Z1	Riton	['house', 'pop dance', 'uk dance']	[2021, 2022]	1	1
1gALaWbNDnwS2ECV09sn2A	Nightcrawlers	['disco house', 'hip house', 'uk dance', 'vocal house']	[2021, 2022]	1	1
4L2dV3zY7RmkeiNO035Fi0	Mufasa & Hypeman	[]	[2021, 2022]	1	1
3Edve4VIATi0OZngclQlkN	Dopamine	[]	[2021, 2022]	1	1
6HaGTQPmzraVmaVxvz6EUc	Jung Kook	['k-pop']	[2022]	1	0
2hhrhr69afMzZohdvlofit	Karim Ouellet	['canadian pop', 'pop quebecois']	[2022]	1	0
0E9Cff6GTVY5SoIYxvy5Zg	FelixThe1st	[]	[2021, 2022]	1	1
03AVZyE7WnmLY4rTL1s0RP	Dréya Mac	[]	[2021, 2022]	1	1
5lup4fypQIoHxiE67ue1yi	Finch Fetti	[]	[2021, 2022]	1	1
2KEqzdPS7M5YwGmiuPTdr5	Rina Sawayama	['art pop', 'electropop', 'indie pop']	[2022]	1	1
2mpeljBig2IXLXRAFO9AAs	Dido	['dance pop', 'europop', 'lilith', 'neo mellow', 'pop rock']	[2022]	1	1
75VKfyoBlkmrJFDqo1o2VY	Fireboy DML	['afrobeats', 'nigerian pop']	[2021, 2022]	1	1
04uu8U3I1h26Fp2NBkPTRZ	Sam Tompkins	['singer-songwriter pop']	[2022]	1	1
2jp3Fk52x0HbymU0lNYbSC	Outlawz	['detroit hip hop', 'gangster rap']	[2022]	1	1
29PgYEggDV3cDP9QYTogwv	Carolina Gaitán - La Gaita	['movie tunes']	[2021, 2022]	1	1
36CUTsdtNgCwMq6zKD1l8I	Mauro Castillo	['modern salsa', 'movie tunes', 'salsa colombiana']	[2021, 2022]	1	1
2as15AH2BTrPk8v4gyElmr	Rhenzy Feliz	[]	[2021, 2022]	1	1
164Uj4eKjl6zTBKfJLFKKK	JVKE	['modern indie pop', 'pov: indie', 'singer-songwriter pop']	[2022]	1	0
3GMoVpWJy4smKuxFuFTwXC	Roger	['funk', 'new jack swing', 'p funk', 'post-disco', 'quiet storm']	[2022]	1	1
6MF9fzBmfXghAz953czmBC	Taio Cruz	['dance pop', 'pop', 'pop rap']	[2022]	1	0
0sMAHzxguan2KpnKFZPW2d	Sadie Jean	['alt z', 'singer-songwriter pop']	[2021, 2022]	1	0
26nStRV6Waedt17W4Uhx6l	John Leguizamo	['latino comedy']	[2022]	1	1
2kxP07DLgs4xlWz8YHlvfh	NIKI	['indonesian r&b']	[2022]	1	0
07YUOmWljBTXwIseAUd9TW	Sebastian Yatra	['colombian pop', 'latin pop', 'reggaeton', 'reggaeton colombiano', 'urbano latino']	[2022]	1	0
4hz8tIajF2INpgM0qzPJz2	Rainbow Kitten Surprise	['pov: indie']	[2021, 2022]	1	0
3mMSaohBdsQgDKFmsJ5n2d	Jx.Zero	[]	[2022]	1	0
79Xp2rRN7wdsaTJgttdX3K	Cody Simpson	['australian pop', 'pop', 'post-teen pop']	[2022]	1	1
2hiq2iBnUik3mrOfEgRSpB	carolesdaughter	['alt z', 'pov: indie']	[2021]	1	0
6nXco5Q3cJJ0ZutnBOsSpq	MacKenzie Porter	['alberta country', 'canadian contemporary country', 'canadian country', 'contemporary country']	[2021]	1	1
6vHBuUxrcpn1do5UaEJ7g6	Domo Genesis	['alternative hip hop', 'underground hip hop']	[2021]	1	1
7FBcuc1gsnv6Y1nwFtNRCb	My Chemical Romance	['emo', 'modern rock', 'pop punk', 'pov: indie', 'rock']	[2021]	1	0
2nvKpWcP8etYTq4JrRiUiy	Cliff Richard	['adult standards', 'rock-and-roll']	[2021]	1	0
4FlG0V0jhLO4qGpayFOphj	EST Gee	['kentucky hip hop', 'memphis hip hop']	[2021]	1	1
085pc2PYOi8bGKj0PNjekA	will.i.am	['dance pop', 'pop']	[2021]	1	1
24zj84GShUIcBQYq6VpOYW	Duke Deuce	['memphis hip hop']	[2021]	1	1
5FkUhnHQ0KC63549LHHtst	Skillibeng	['dancehall', 'jamaican dancehall', 'traphall', 'trinibad']	[2021]	1	1
4uKEP0JYfpFtngWlgViewd	Lil Double 0	['memphis hip hop']	[2021]	1	1
1A8NEJYo3VW9aIZ6l55Dgu	Joey Cool	['kansas city hip hop']	[2021]	1	1
7vTyZmNA6LC0WRDg7V6yle	King Iso	[]	[2021]	1	1
1T8S48bD91THNKBByWBDyn	Dwayne Johnson	['meme']	[2021]	1	1
4yJHrytMK7mqtKsXVGaBNg	Fana Hues	['alternative r&b', 'indie r&b']	[2021]	1	1
0oouuXi8tdasgUgk520Jy6	Will Paquin	['weirdcore']	[2021]	1	0
1ic0FHNGIjXZAWH6O6Reif	Ship Wrek	['stutter house']	[2021]	1	1
3fCQnw6VSudXBTN5d2QP2z	Gary Lightbody	['british singer-songwriter']	[2021]	1	1
2WgfkM8S11vg4kxLgDY3F5	StarBoi3	['viral rap']	[2021]	1	1
4B3aifxHtpcKHuNi12lmSt	WATTS	[]	[2021]	1	1
7jZM5w05mGhw6wTB1okhD9	ATB	['german dance', 'german techno', 'german trance', 'trance']	[2021]	1	1
5Dl3HXZjG6ZOWT5cV375lk	Yo-Yo Ma	['chamber ensemble', 'classical cello', 'classical performance']	[2021]	1	1
3rROvEsUJJ9y55g1PLaA16	Robert Trujillo	[]	[2021]	1	1
4DW34vji6G9GgGY0k2mic7	Chad Smith	['rock drums']	[2021]	1	1
6qgnBH6iDM91ipVXv28OMu	KAYTRANADA	['alternative r&b', 'escape room', 'indie soul', 'lgbtq+ hip hop']	[2021]	1	1
0NFlmEJpgyF2sO4mtlwFfl	The Backyardigans	"['cartoon', ""children's music""]"	[2021]	1	0
0FrpdcVlJQqibaz5HfBUrL	Rick James	['disco', 'funk', 'motown', 'quiet storm', 'soul', 'synth funk']	[2021]	1	0
6zlR5ttMfMNmwf2lecU9Cc	Sam Fender	['modern rock', 'north east england indie']	[2021]	1	0
4NqH3V7GS0Igs1VyGMXEi8	Mooski	['alabama rap']	[2021]	1	0
5NhgsV7qPWHZqYEMKzbYvo	Faouzia	['alt z', 'canadian pop']	[2021]	1	0
7AQJ6lwVCcej6eKZXQZus4	Pebbles The Invisible Girl	[]	[2021]	1	1
44vREmJC0OlVZjZaGLqVEd	Morray	['pop rap']	[2021]	1	1
0n6sKrG0xKAf8xmdqeNGke	Los Legendarios	[]	[2021]	1	1
7J0hrNYCO5DgAx0XaRJqkh	Yung Kayo	['rage rap']	[2021]	1	1
2xtmoxSauQs0TQFUoHmbfy	Crawlers	['pov: indie', 'warrington indie']	[2021]	1	0
6Xiuj9T13YmHkjZ70VWerK	PTAF	[]	[2021]	1	1
72Nhcx7prNk2ZCxhx0Y5es	Amy Grant	['christian music']	[2021]	1	0
03d2mJXSMtuPI0nIvLnhoS	Zoe Wees	['german pop']	[2021]	1	1
6lay1nwbE6hTx1jivysUAL	Princess Nokia	['alternative r&b', 'escape room', 'lgbtq+ hip hop', 'trap queen']	[2021]	1	1
4np9Zzw0SEYQLcGv28P51q	TRAVI	[]	[2021]	1	1
53rBi3LpNcMJUTSANS6uYT	DAISY WORLD	[]	[2021]	1	1
4aKdmOXdUKX07HVd3sGgzw	Rezz	['brostep', 'canadian electronic', 'edm', 'electra', 'electro house']	[2021]	1	1
3M9XAM57a4qFz3v6Lq27t2	Kellin Quinn	[]	[2021]	1	1
0X3nsc84A9qlFilmlWNwQb	Scorey	['upstate ny rap']	[2021]	1	1
0fGcIStdT1OpFFhOC7Wp36	Teezo Touchdown	['chill abstract hip hop', 'indie hip hop']	[2021]	1	1
4bYPcJP5jwMhSivRcqie2n	Adam Levine	['deep talent show']	[2021]	1	1
0tvpihdAsKiNnP6sWS3jUI	TroyBoi	['bass trap', 'electronic trap']	[2021]	1	1
4XquDVA8pkg5Lx91No1JxB	Brittany Howard	['black americana', 'modern blues rock', 'neo soul']	[2021]	1	1
0pCNk4D3E2xtszsm6hMsWr	K.Flay	['escape room', 'hip pop', 'modern alternative rock']	[2021]	1	1
6BH1xcDkwbbyrLMUKECsW1	Toosii	['north carolina hip hop']	[2021]	1	1
2J2V1PxHVZ1ANtT8Y2UdTS	Like	[]	[2021]	1	1
6833GgqHOy9y9Dqnsxko1u	Amari	[]	[2021]	1	1
2AMeiDbfU2vonrTkpXDKUu	Kay Flock	['bronx drill', 'melodic drill', 'new york drill']	[2021]	1	1
7pnTkKShdYS8BnmTHhcEaa	Ben Burgess	['texas country']	[2021]	1	1
5k979N1TnPncUyqlXlaRSv	The Longest Johns	['shanty']	[2021]	1	0
2f6hqWBFjqS1EUHMS1JOFB	Unfoonk	['atl trap']	[2021]	1	1
5SHxzwjek1Pipl1Yk11UHv	Tom Grennan	['uk pop']	[2021]	1	1
6i3DxIlAqnDkwELLw4aVrx	Lele Pons	['latin pop', 'latin viral pop', 'viral pop']	[2021]	1	1
6aZyMrc4doVtZyKNilOmwu	Colbie Caillat	['dance pop', 'neo mellow', 'pop']	[2021]	1	1
2QWIScpFDNxmS6ZEMIUvgm	Julieta Venegas	['latin alternative', 'latin pop', 'latin rock', 'rock en espanol']	[2021]	1	1
3klZnJvYGIbWritVwQD434	Duncan Laurence	['dutch pop']	[2021]	1	0
7m0BsF0t3K9WQFgKoPejfk	ArrDee	['uk hip hop']	[2021]	1	1
63ebc5zUpJ36aoTDQJHa9B	E1 (3x3)	[]	[2021]	1	1
2uIRmVaCVpHQjaVgph5clS	ZT (3x3)	[]	[2021]	1	1
4Dokdwa3WB7ilQ2c2qvIBL	Bugzy Malone	['grime', 'manchester hip hop', 'uk hip hop']	[2021]	1	1
5AiY4bxeXerLXx03JADdQv	Buni	['uk drill']	[2021]	1	1
4QSTyDpxsKmv3UfavVUImR	Darkoo	['afrobeats', 'afroswing', 'london rap', 'uk hip hop']	[2021]	1	1
4FcZfItjVIsfO9TynErl7X	Jubël	['swedish pop']	[2021]	1	1
71Dhj822M1LGpuryPIV2KO	NEIMY	['scandipop', 'tropical house']	[2021]	1	1
22hWz22JAmIhIEp0u1X01L	DUSTY LOCANE	['new york drill']	[2021]	1	0
6W32hq7OVgrNXNCEU4RgfD	Tamae	[]	[2021]	1	1
3jeXY6LJU0ZiKhXoXa9rRw	PmBata	['indie hip hop', 'pixel']	[2021]	1	1
0jPnVIasXzBYjrlpO5irii	Ingrid Andress	['contemporary country']	[2021]	1	1
59TV2OX3lSIlALY4zlFPh4	SoGone SoFlexy	[]	[2021]	1	1
3Oim8XBPbznAa8Jj8QzNc8	Cults	['experimental pop', 'indie surf']	[2021]	1	1
4vpGVGgxSDcCTmqYbsOnsn	Amber Coffman	['art pop']	[2021]	1	1
52K4ArhA4OgMO7AsyEgqCT	Bow Wow Wow	['new romantic', 'new wave', 'new wave pop']	[2021]	1	0
4xdLHkMBGSEsQq2VVftnWa	WAV3POP	[]	[2021]	1	1
7jEEE187pVG6InOxn03oA5	Benjamin Ingrosso	['swedish pop']	[2021]	1	1
1KMHmX2PgvEl1nFzFmEdcZ	Kaïn	['country quebecois', 'rock quebecois']	[2021]	1	0
523y9KSneKh6APd1hKxLuF	Master KG	['bolobedu house', 'south african house']	[2021]	1	1
3zpKjsMg2gw1St5WcWoUJN	EPMD	['east coast hip hop', 'golden age hip hop', 'hip hop', 'old school hip hop']	[2021]	1	1
1FqqOl9itIUpXr4jZPIVoT	The Drifters	['adult standards', 'doo-wop', 'rock-and-roll', 'rockabilly', 'soul']	[2021]	1	0
1EH4lsraLQb7WNDW5h4sKi	Mindflip	[]	[2021]	1	0
7gXb99Sf9nNmpNYeAgIQFG	Sub Urban	['modern indie pop']	[2021]	1	1
1SCWcYnoEh1978ycTDhZoW	Alvin & The Chipmunks	"[""children's music""]"	[2021]	1	1
4NI5R1DbX27ODY5JTqnv2l	David Seville	['novelty']	[2021]	1	1
3xs0LEzcPXtgNfMNcHzLIP	Rockwell	[]	[2021]	1	0
0f5nVCcR06GX8Qikz0COtT	Omarion	['dance pop', 'hip pop', 'r&b', 'rap', 'southern hip hop', 'trap', 'urban contemporary']	[2021]	1	1
5oNgAs7j5XcBMzWv3HAnHG	DJ Drama	['dirty south rap', 'philly rap', 'southern hip hop', 'trap']	[2021]	1	1
3Vl9fyKMIdLMswk8ai3mm9	Rebecca Black	['teen pop']	[2021]	1	1
7s3eCGNZMrwUQraXlocCBv	Bizzy Banks	['brooklyn drill', 'new york drill']	[2021]	1	1
2ye2Wgw4gimLv2eAKyk1NB	Metallica	['hard rock', 'metal', 'old school thrash', 'rock', 'thrash metal']	[2021]	1	0
7zDPvKo7b0I7OPefCwqrsE	Mr Fantastik	[]	[2021]	1	1
3jAZsSIIA8HLjxR99biJyx	Cico P	['pop rap']	[2021]	1	0
6dO0RkhFhjMwLtLQqNgL8r	Issam Alnajjar	['indonesian viral pop']	[2021]	1	1
2Xoi1HPP0Wa6nyNSYyHxgI	Les Trois Accords	['pop quebecois', 'rock quebecois']	[2021]	1	0
5nGIFgo0shDenQYSE0Sn7c	Evanescence	['alternative metal']	[2021]	1	0
4FeLiFUPdxVfFo8oOfA4BH	Rah Swish	['brooklyn drill', 'new york drill', 'nyc rap']	[2021]	1	1
757FXqX0Osk2pqtgv4E5v4	NURKO	['melodic dubstep', 'pop edm']	[2021]	1	1
0urTpYCsixqZwgNTkPJOJ4	Aaliyah	['contemporary r&b', 'dance pop', 'hip pop', 'r&b', 'urban contemporary']	[2021]	1	1
769D3IwCDrdPospAd3Hlpi	Naturally 7	['a cappella']	[2021]	1	1
6jeg7JBX9J9097esK752iR	Smiley	['canadian hip hop', 'toronto rap']	[2021]	1	1
3NbMf2TTL0tcjISP5AFgzf	Culture Jam	[]	[2021]	1	1
1PKErrAhYFdfrDymGHRQRo	Nathan Evans	[]	[2021]	1	1
4Euia7UzdRshy1DJOSMTcs	220 KID	['uk dance']	[2021]	1	1
0aKS1m1pFD0WwcYo6P02HU	YungLiV	['philly drill']	[2021]	1	1
2vnB6tuQMaQpORiRdvXF9H	Beach Bunny	['bubblegrunge', 'chicago indie', 'indie pop', 'pov: indie']	[2021]	1	0
6aQfrWHwAcuY8IYItbChZh	Shinda Kahlon	[]	[2021]	1	1
4vvW590Gq8dNWsP5BM9FkS	Gminxr	[]	[2021]	1	1
3G9XTWY09egHqHlbRcP5cx	Jay Scøtt	['hip hop quebecois']	[2021]	1	1
4wP1kxjUsc9IR4Iy2smL7o	Trinidad Cardona	['sped up']	[2021]	1	0
4ExEi8SBEd3QRgwbGw2nHC	Lilyisthatyou	['alt z']	[2021]	1	0
1hZV95OfyaTHN7iHaJXCCW	Les Colocs	['rock quebecois']	[2021]	1	0
12j6dJrPXanCBwY599pZxf	Matt Maltese	['indie anthem-folk', 'indie pop', 'pov: indie']	[2021]	1	0
0m2Wc2gfNUWaAuBK7URPIJ	Bono	['hollywood']	[2021]	1	1
1X8wFHJFucBUmBc7spQ4jP	The Edge	[]	[2021]	1	1
5BozIJTTNCufaZpjhy2der	DJ Dahi	[]	[2021]	1	1
4wxSKb9ur3AbGRCv81xFAd	Jean Leloup	['auteur-compositeur-interprete quebecois', 'canadian folk', 'indie quebecois', 'pop quebecois', 'rock quebecois']	[2021]	1	0
2bWTIIQP9zaVc55RaMGu7e	Seori	['korean r&b']	[2021]	1	1
3MKCzCnpzw3TjUYs2v7vDA	Pyotr Ilyich Tchaikovsky	['classical', 'classical drill', 'late romantic era', 'russian romanticism']	[2021]	1	1
1W3sZMluDmealiI6B5awE9	Russian National Orchestra	['orchestra', 'russian orchestra']	[2021]	1	1
2YdRnOqBXCl9g8xCLcGh8C	Mikhail Pletnev	['classical performance', 'russian classical piano']	[2021]	1	1
2J4wmwS5YSjQKzEEM7AiJh	Taliban Glizzy	[]	[2021]	1	1
3Y2MLcrD3ZQXRXmtn4fZQx	SpotemGottem	['florida drill', 'florida rap']	[2021]	1	1
6aq8T2RcspxVOGgMrTzjWc	Soft Cell	['new romantic', 'new wave', 'new wave pop', 'synthpop']	[2021]	1	0
2y246nnP9pQT0E6v3ZMMOO	Night Lovell	['aesthetic rap', 'canadian hip hop', 'canadian trap', 'cloud rap', 'dark trap', 'ottawa rap']	[2021]	1	1
2EzNKTHTCUaHUkKaNFUH8d	NorthSideBenji	['canadian hip hop', 'toronto rap']	[2021]	1	0
1bqJuNMz1iBqWo9B0BdIiM	FN DaDealer	['atl trap']	[2021]	1	1
73KwqWuob0R53I14Vs56p9	Jesy Nelson	[]	[2021]	1	1
0Im4XjInyfMuA2lVkalOGK	Carol Richards	[]	[2021]	1	1
1suIIDedjFJRuu8k7b55hZ	Gayla Peevey	['novelty']	[2021]	1	0
5K0rbdBrs2tNXe5LeWMATT	Bootsy Collins	['funk', 'p funk', 'soul']	[2021]	1	1
3PlRvQnVE3XAbtHUNc4nic	GATTÜSO	['pop edm']	[2021]	1	1
1kiq2kUV0cbLUhJsr7cpW0	Alida	['norwegian pop']	[2021]	1	1
2NdeV5rLm47xAvogXrYhJX	Ciara	['dance pop', 'hip pop', 'pop', 'r&b', 'urban contemporary']	[2021]	1	1
6x9QLdzo6eBZxJ1bHsDkjg	Sisqo	['contemporary r&b', 'dirty south rap', 'hip pop', 'r&b', 'urban contemporary']	[2021]	1	1
46gyXjRIvN1NL1eCB8GBxo	All Time Low	['modern rock', 'neon pop punk', 'pop punk']	[2021]	1	0
0p4ViyfJUTW0IT4SCBLexf	Drakeo the Ruler	['cali rap']	[2021]	1	1
7gXy60xRcwYujBFoYHnR2O	Big Red Machine	['eau claire indie', 'folktronica']	[2021]	1	1
4qXC0i02bSFstECuXP2ZpL	Blxst	['pop rap', 'westcoast flow']	[2021]	1	1
61GrWHOtJOXpqQjibezT8i	HVN	['rage rap']	[2021]	1	1
7zkwepHPyac6tCYl0fL0co	ASTN	['bedroom soul']	[2021]	1	0
5PHYg0IcnpyZJ1y9euAx4i	YTB Trench	[]	[2021]	1	1
6utdPEv71mR0DnGp74cJIz	Disney Characters	['movie tunes']	[2021]	1	0
5OSQDUNmll299ldFIF1Dau	Trans-Siberian Orchestra	['neo classical metal', 'progressive metal']	[2021]	1	0
220xv2aB3dsGxaJI1gGs7l	Hotboii	['florida drill', 'florida rap']	[2021]	1	1
7y70dch6JuuuNnwlsOQvwW	Nitty Gritty Dirt Band	['country rock', 'heartland rock']	[2021]	1	0
49YbNTLaaAbZHLtDI2aPGL	Tesher	[]	[2021]	1	1
36KsCCwgI0Dep97yVJWmkK	Monsieur Periné	['colombian pop', 'gypsy jazz', 'latin alternative']	[2021]	1	1
2Otnykd696YidQYfEGVmNq	Vicente Garcia	['bachata', 'dominican pop', 'reggae en espanol']	[2021]	1	1
3uwAm6vQy7kWPS2bciKWx9	girl in red	['alt z', 'bedroom pop', 'indie pop', 'norwegian indie', 'pop', 'pov: indie']	[2021]	1	0
3TNt4aUIxgfy9aoaft5Jj2	Yeah Yeah Yeahs	['alternative dance', 'alternative rock', 'art pop', 'dance-punk', 'garage rock', 'indie rock', 'modern rock', 'neo-synthpop', 'new rave']	[2021]	1	1
2TcGJdSOiOvITBzhvfX8XB	Shouse	['aussietronica']	[2021]	1	0
1rAv1GhTQ2rmG94p9lU3rB	Julian Casablancas	['indie rock']	[2021]	1	1
6RY7kT6PGGzAA3TG3s4Qmp	Karlae	['trap queen']	[2021]	1	1
6AMd49uBDJfhf30Ak2QR5s	Coi Leray	['new jersey underground rap', 'trap queen']	[2021]	1	1
4PcesEvU9iICf7dwNt5B3l	Justus Bennetts	['gen z singer-songwriter']	[2021]	1	0
15ZjD8Gus20Miqw3fdOaXX	Stunna Gambino	['nyc rap']	[2021]	1	1
70NcAr4ZtA3FAqU16iQZSb	dhruv	['nyc pop']	[2021]	1	0
4gvjmrtzydbMpyJaXUtwvP	Addison Rae	[]	[2021]	1	0
3cqIsBnzV3BabbPWKz8Txf	Mud	['glam rock']	[2021]	1	0
4IJczjB0fJ04gs4uvP0Fli	Gym Class Heroes	['dance pop', 'pop rap']	[2021]	1	0
3yDIp0kaq9EFKe07X1X2rz	Nile Rodgers	['disco']	[2021]	1	1
4pzAvicKWenQtv9zIQim47	Rock Mafia	[]	[2021]	1	1
1qto4hHid1P71emI6Fd8xi	Aventura	['bachata', 'bachata dominicana', 'latin hip hop', 'latin pop', 'tropical', 'urbano latino']	[2021]	1	1
47cHAE0NFwzGOlc3L4oszT	Enima	['hip hop quebecois', 'rap montrealais']	[2021]	1	0
22282KfMxDo2PMjnBc82I4	Biz Markie	['east coast hip hop', 'golden age hip hop', 'old school hip hop']	[2021]	1	0
6yJ6QQ3Y5l0s0tn7b0arrO	JPEGMAFIA	['alternative hip hop', 'experimental hip hop', 'industrial hip hop', 'underground hip hop']	[2021]	1	1
3k0HFz1mMtmsaWYsX75MiW	Daniel Bélanger	['auteur-compositeur-interprete quebecois', 'indie quebecois']	[2021]	1	0
2PsjBHyb950JI7BHXY10TD	Cool & Dre	[]	[2021]	1	1
1DxLCyH42yaHKGK3cl5bvG	Maria Becerra	['pop argentino']	[2021]	1	1
3BbPRvYQ0M9SFmhkHXozLm	Ambjaay	['cali rap', 'viral rap']	[2019]	1	0
4NZvixzsSefsNiIqXn0NDe	Maggie Rogers	['indie pop']	[2019]	1	0
5cMgGlA1xGyeAB2ctYlRdZ	Gang Starr	['alternative hip hop', 'conscious hip hop', 'east coast hip hop', 'hardcore hip hop', 'hip hop']	[2019]	1	1
0MsXN56oNCyqorqEPViWgQ	Carlos Santana	[]	[2019]	1	1
142TY556WknD1ZRV8XilJQ	Joe Janiak	[]	[2019]	1	1
3aGFCoR8xGN6DKwvdzeSja	ILOVEMAKONNEN	['atl hip hop', 'lgbtq+ hip hop', 'trap']	[2019]	1	1
4QVBYiagIaa6ZGSPMbybpy	Pedro Capó	['latin pop', 'puerto rican pop']	[2019]	1	1
05oH07COxkXKIMt6mIPRee	Brandy	['contemporary r&b', 'dance pop', 'hip pop', 'r&b', 'urban contemporary']	[2019]	1	1
1oMiDFyAgmIzw9ZBQYHOJI	El Guincho	['deep latin alternative', 'musica canaria']	[2019]	1	1
1z4g3DjTBBZKhvAroFlhOM	Red Velvet	['k-pop', 'k-pop girl group']	[2019]	1	0
7mnBLXK823vNxN3UWB7Gfz	The Black Keys	['alternative rock', 'blues rock', 'garage rock', 'indie rock', 'indietronica', 'modern blues rock', 'modern rock', 'punk blues', 'rock', 'roots rock']	[2019]	1	0
5sCKWuakYloVbUIhqo5ZCa	DB Omerta	['atl hip hop', 'atl trap']	[2019]	1	1
6S0IvKlvPMX1RtAYtVpUV8	Drax Project	['nz pop']	[2019]	1	1
63XBtGSEZINSyXylZxEUbv	Victoria Monét	['alternative r&b']	[2019]	1	1
0cc6vw3VN8YlIcvr1v7tBL	Mötley Crüe	['album rock', 'alternative metal', 'glam metal', 'hard rock', 'metal', 'rock', 'sleaze rock']	[2019]	1	0
2OaHYHb2XcFPvqL3VsyPzU	Rico Nasty	['alternative r&b', 'trap queen']	[2019]	1	1
5fikk4h5qbEebqK2Fc6e48	En Vogue	['contemporary r&b', 'girl group', 'hip pop', 'new jack swing', 'r&b', 'urban contemporary']	[2019]	1	1
4x3CdMQ3YjnPn4Evhyni5y	Kierra Sheard	['gospel', 'gospel r&b']	[2019]	1	1
0sHIsJteyLhBYwKgF3Vfg2	Skye	[]	[2019]	1	1
14scxEoUN7Dcx1m4EQ7oHe	Ashley O	[]	[2019]	1	0
4rojTfP5nRkmYpdSbWQgV4	Death Stranding: Timefall	['video game music']	[2019]	1	1
3CjlHNtplJyTf9npxaPl5w	CHVRCHES	['indietronica', 'metropopolis', 'neo-synthpop', 'shimmer pop']	[2019]	1	1
2c9O21YLFy4tFI9zCVhbFg	Sunday Service Choir	[]	[2019]	1	1
3QTDHixorJelOLxoxcjqGx	SiR	['alternative r&b', 'la pop']	[2019]	1	1
47MpMsUfWtgyIIBEFOr4FE	Lunay	['reggaeton', 'reggaeton flow', 'trap latino', 'urbano latino']	[2019]	1	1
39uOfkRb9XnAEW9zs3JCbb	Big Rube	['atl hip hop']	[2019]	1	1
1XTGADISSMRf8B4TcVGYUC	Ky-Mani Marley	['reggae', 'reggae fusion']	[2019]	1	1
2NUz5P42WqkxilbI8ocN76	Vybz Kartel	['dancehall', 'jamaican dancehall', 'reggae fusion']	[2019]	1	1
7gWumE1wMALHXANLSIt054	Dreezy	['chicago rap', 'drill', 'trap queen']	[2019]	1	1
4bMNzAopkqYTwkBLwMKsF1	Childish Major	['trap soul', 'underground hip hop']	[2019]	1	1
1OHw2r7Diz2rc9JktaFV6N	Erika Sirola	['finnish pop']	[2019]	1	1
2elBjNSdBE2Y3f0j1mjrql	Jay Chou	['c-pop', 'mandopop', 'taiwan pop', 'zhongguo feng']	[2019]	1	1
6H93wOohK6r1MwGh41Z4Nb	Ashin Chen	['taiwan pop']	[2019]	1	1
2a0uxJgbvvIRI4GX8pYfcr	J Hus	['afroswing', 'grime', 'uk hip hop']	[2019]	1	1
2J257euzcjnDLipsyJH3F2	Clipse	['alternative hip hop', 'hardcore hip hop', 'hip hop', 'southern hip hop', 'virginia hip hop']	[2019]	1	1
0JYmighF3zbuA81Di54CZN	S-X	['instrumental grime']	[2019]	1	1
3jOstUTkEu2JkjvRdBA5Gu	Weezer	['alternative rock', 'modern power pop', 'modern rock', 'permanent wave', 'rock']	[2019]	1	0
0kQVtbYXplOdbRNlQ3RBOE	DaVionne	[]	[2019]	1	1
6u11Qbko2N2hP4lTBYjX86	Peter Bjorn and John	['alternative dance', 'baroque pop', 'dance-punk', 'indie rock', 'modern rock', 'new rave', 'swedish alternative rock', 'swedish indie pop']	[2019]	1	1
7xX15v6ahAkcT14kHfB9wB	True Damage	['k-rap']	[2019]	1	1
2YFBOR9KIxC6WqHclkj9Yq	Keke Palmer	['pop r&b', 'post-teen pop', 'r&b']	[2019]	1	1
6Xg22wJOAcnvPUfk5WvODH	JEON SOYEON	['k-pop']	[2019]	1	1
6I3MElirhT5t6Kf7p0hGk9	Duckwrth	['alternative r&b']	[2019]	1	1
4yBK75WVCQXej1p04GWqxH	Jeezy	['atl hip hop', 'crunk', 'dirty south rap', 'gangster rap', 'old school atlanta hip hop', 'rap', 'southern hip hop', 'trap']	[2019]	1	1
6Z4JcgqrqgysyHIPRtDIHo	Baby Rose	['alternative r&b']	[2019]	1	1
1aQwKFn00nswXRDUDipm0K	Gaullin	['lithuanian edm', 'lithuanian electronic']	[2019]	1	0
3XV0lFzNs8BCTwhJTcMiBr	Blue Ivy	[]	[2019]	1	1
3vQ0GE3mI0dAaxIMYe5g7z	Paulo Londra	['argentine hip hop', 'trap argentino', 'trap latino', 'urbano latino']	[2019]	1	1
6fcTRFpz0yH79qSKfof7lp	Seven Lions	['brostep', 'complextro', 'dubstep', 'edm', 'electro house', 'melodic dubstep', 'pop dance', 'progressive house', 'progressive trance']	[2019]	1	1
2RQXRUsr4IW1f3mKyKsy4B	Noah Kahan	['pov: indie', 'singer-songwriter pop']	[2019]	1	1
2auC28zjQyVTsiZKNgPRGs	RM	['k-rap']	[2019]	1	1
5huyg7SMILhRUxe3KHoJiA	Nyce	[]	[2019]	1	1
33nrND6ODgesoa1Qmr5DbD	Slim	[]	[2019]	1	1
1W7FNibLa0O0b572tB2w7t	Pink Sweat$	['bedroom soul']	[2019]	1	0
5wTdspmxzb8V4ZjvDodpBo	A Touch Of Class	['europop']	[2019]	1	1
0FVsUxcFSlxwIM7Qs31s6J	Billy Eichner	['movie tunes']	[2019]	1	1
7xX39IyguhWsTIg4eU2reH	Seth Rogen	['movie tunes']	[2019]	1	1
1kfWoWgCugPkyxQP8lkRlY	Jackson Wang	['k-pop']	[2019]	1	1
2oQX8QiMXOyuqbcZEFsZfm	El Alfa	['dembow', 'rap dominicano', 'reggaeton', 'trap latino', 'urbano latino']	[2019]	1	1
3wtMPMvPtiFylbnNXF6CAj	Afro Bros	['basshall', 'dutch hip hop', 'dutch house']	[2019]	1	1
4pwXiI7Z5ZStkgKowZyoKi	Like Mike	['belgian edm']	[2019]	1	1
0XKOBt59crntr7HQXXO8Yz	Brooks & Dunn	['contemporary country', 'country', 'country road']	[2019]	1	1
6CqjoQyGZlnhnq5gAUz92c	Taylor Bennett	['chicago rap', 'drill', 'lgbtq+ hip hop']	[2019]	1	1
05fo024EFotg9songSENOZ	CocoRosie	['art pop', 'folktronica', 'freak folk', 'new weird america']	[2019]	1	1
6lHL3ubAMgSasKjNqKb8HF	Mýa	['contemporary r&b', 'hip pop', 'r&b', 'urban contemporary']	[2019]	1	1
3MyB0MyKec3Jq0AH2llk7v	Evan Rachel Wood	['hollywood', 'movie tunes']	[2019]	1	1
5hn4bbaAkdXOwk8160xTpj	Lewis Grant	['hyperpop']	[2019]	1	1
1Xfmvd48oOhEWkscWyEbh9	Lloyd	['r&b', 'southern hip hop', 'trap', 'urban contemporary']	[2019]	1	1
7Aq8lpLMSt1Zxu56pe9bmp	Jagged Edge	['atl hip hop', 'contemporary r&b', 'r&b', 'urban contemporary']	[2019]	1	1
6nfYGe7IIuuP5bMY1jkJP6	Jermaine Dupri	['atl hip hop', 'contemporary r&b', 'dirty south rap', 'hip pop', 'r&b', 'southern hip hop', 'urban contemporary']	[2019]	1	1
65CKKZilbcSKkAPC9a5Mvh	Oumou Sangaré	['afropop', 'malian blues', 'mande pop', 'wassoulou', 'world']	[2019]	1	1
6kYViCeiqcUZXgPVdCIKBi	Flyboy Tarantino	[]	[2019]	1	1
57SA5Qv24Vydwd6bJnV8fI	Kid Trunks	['asian american hip hop', 'dark trap', 'underground hip hop']	[2019]	1	1
2ndyVAdV9UqF1XjyTJt484	Fred Hammond	['gospel']	[2019]	1	1
7vXDAI8JwjW531ouMGbfcp	TINI	['latin pop', 'pop argentino']	[2019]	1	1
1bj5GrcLom5gZFF5t949Xl	Martin Solveig	['disco house', 'edm', 'electro house', 'filter house', 'house', 'pop dance', 'vocal house']	[2019]	1	1
4NiJW4q9ichVqL1aUsgGAN	A Day To Remember	['alternative metal', 'metalcore', 'pop punk', 'screamo']	[2019]	1	1
71sg3tAkpnG5jjfNWFX8zo	Reddz	[]	[2019]	1	1
6RedK3o51NbUJuJxXlT4kj	88-Keys	['alternative hip hop']	[2019]	1	1
20s0P9QLxGqKuCsGwFsp7w	Mario	['dance pop', 'r&b', 'southern hip hop', 'urban contemporary']	[2019]	1	1
4FZ3j1oH43e7cukCALsCwf	Jack White	['alternative rock', 'blues rock', 'garage rock', 'garage rock revival', 'indie rock', 'modern blues rock', 'modern rock', 'punk blues', 'rock']	[2019]	1	1
0yq6uHIfFks9yOURUuCITV	Stacy Barthe	['pop soul']	[2019]	1	1
5OrB6Jhhrl9y2PK0pSV4VP	Young Money	['dirty south rap', 'pop rap', 'rap', 'southern hip hop', 'trap']	[2019]	1	1
0vaKiuLwFJLVU664A8GTjE	Jace	['deep underground hip hop']	[2019]	1	1
2pxenjHc63XgnQwqFJGN5u	Yeezys Activist	[]	[2019]	1	0
46VWDbmWmzvPBTmkSr25gM	Marsha Ambrosius	['british soul', 'contemporary r&b', 'hip pop', 'neo soul', 'r&b', 'urban contemporary']	[2019]	1	1
53RsXctnNmj9oKXvcbvzI2	Alexisonfire	['canadian post-hardcore', 'canadian rock', 'post-hardcore', 'screamo']	[2019]	1	0
7z2avKuuiMAT4XZJFv8Rvh	Tom Walker	['indie anthem-folk', 'uk pop']	[2019]	1	0
6eKWqnckwdIlSnjaYgIyxv	Eli Young Band	['classic texas country', 'contemporary country', 'country', 'country road', 'heartland rock']	[2019]	1	0
5xkFVS6IwwgHEAaRzXc9U3	Tay Keith	['memphis hip hop']	[2019]	1	1
3OBsADexDJ29wg3OGVoAji	Zoink Gang	[]	[2019]	1	1
6xS5PpBWaVYraexEkEjjXv	Maxo Kream	['houston rap', 'melodic rap', 'trap', 'underground hip hop']	[2019]	1	1
1vfezMIyCr4XUdYRaKIKi3	Keyshia Cole	['hip pop', 'r&b', 'urban contemporary']	[2019]	1	1
0izKfMblL8LX6Bv2wG3Cy7	Lena Leon	[]	[2019]	1	1
3s8alQfNnY0roAHaJh7Xxt	Dom Kennedy	['soul flow', 'underground hip hop']	[2019]	1	1
5qa31A9HySw3T7MKWI9bGg	FLETCHER	['alt z', 'pop']	[2019]	1	0
0YrtvWJMgSdVrk3SfNjTbx	Death Cab for Cutie	['alternative rock', 'chamber pop', 'indie rock', 'indietronica', 'modern rock', 'seattle indie', 'washington indie']	[2019]	1	1
23EA28263XvtIrXuySX6oI	Francis and the Lights	['art pop']	[2019]	1	1
5dtbsNKCK6Q9yZzdhZpaqW	Sean Leon	['canadian hip hop', 'toronto rap']	[2019]	1	1
0QWrMNukfcVOmgEU0FEDyD	Jacob Collier	['uk alternative pop']	[2019]	1	1
5nLYd9ST4Cnwy6NHaCxbj8	CeeLo Green	['atl hip hop']	[2019]	1	1
6t9tbRO9Lv6Oq6xtVwfdrn	Theresa Rex	['scandipop']	[2019]	1	1
6lEhBhAv6HOopjXssi09cq	TisaKorean	['houston rap', 'viral rap']	[2019]	1	1
4IhzPEztIBatEdS4DaB0Id	My Dad	[]	[2019]	1	1
2SdOKxC1sSxEyv8JYERaNe	RuPaul	['diva house', 'strut']	[2019]	1	1
3k3gbUT7bF0jYmFmAKBQtU	Dan Reynolds	[]	[2019]	1	1
3hPPNy5OBzCU1icQO7Nrok	99 Percent	[]	[2017]	1	1
2LY0E3xg8svCVYXVNTze5T	Vanic	['bass trap', 'pop edm']	[2017]	1	1
23apFYuBTpFemqLDn8ViLW	Cisco Adler	['indie pop rap']	[2017]	1	1
7wjeXCtRND2ZdKfMJFu6JC	Louane	['french pop']	[2017]	1	1
5mnS9jJdKQQcRSqFu5YPVe	Auli'i Cravalho	['movie tunes']	[2017]	1	0
1Dn88PoQjnQgLTOaokePFz	Bright Sparks	[]	[2017]	1	1
0iHb0mCbqZTYeb4y9Pirrd	Temple Of The Dog	['alternative metal', 'alternative rock', 'grunge', 'hard rock', 'nu metal', 'rock', 'supergroup']	[2017]	1	0
5X9N1eM5gI3riDXDdk4GPC	Hazers	['uk dance']	[2017]	1	0
71WExccCBN2mw0klSzfYzz	Gia Koka	[]	[2017]	1	1
5338fdSzGNOFD4cxAxDTeq	Aaron Carter	['post-teen pop']	[2017]	1	0
7licaqhcEBQUzz9FownRaJ	Miquela	['ai', 'la pop']	[2017]	1	0
2J0JN7EFN10G1Tty6hX0AN	DJ ESCO	['atl hip hop', 'trap']	[2017]	1	1
3wjsrpfO6odEphTZWx45RQ	Hearts & Colors	[]	[2017]	1	1
5M2y5A6d5QZjw9JeKClagC	Andrelli	['swedish pop']	[2017]	1	1
3jHBxvZ9gbBkZ17wKUqVsO	Kent Jones	['miami hip hop', 'viral trap']	[2017]	1	0
45m1IiS45uD1HcPlYkNWKj	A$AP ANT	['baltimore hip hop', 'drill', 'underground hip hop']	[2017]	1	1
0fiWOxhsBsQQvFDtxUQWo0	Brett Young	['contemporary country', 'country', 'country road']	[2017]	1	0
5psTfOBPmc8UquYcnS22KE	Pink	[]	[2017]	1	1
1qskAseW7apRxJBpYAO9Yk	Felix Snow	[]	[2017]	1	1
09BrKhoBYOu5vHVkBZ5U5X	The Flint Chozen Choir	[]	[2017]	1	1
6g8AmloI8egfrr3dm3SnUL	TWENTY88	[]	[2017]	1	1
1XLjkBxFokuDTlHt0mQkRe	Thomas Gold	['big room', 'dutch house', 'edm', 'electro house', 'german techno', 'pop dance', 'progressive electro house', 'progressive house']	[2017]	1	1
6ctgu4FFlnNhMgrKiIzCxp	Jillian Edwards	['acoustic pop', 'indiecoustica']	[2017]	1	1
7qG3b048QCHVRO5Pv1T5lw	Enrique Iglesias	['dance pop', 'latin pop', 'mexican pop']	[2017]	1	1
5luyt0SUvGkDMY4ILP6Qhl	Descemer Bueno	['cubaton']	[2017]	1	1
68Uwx1d3EbjDJhYsLjqvIq	Emma Stone	['hollywood']	[2017]	1	1
7keGfmQR4X5w0two1xKZ7d	Kungs	['edm', 'pop dance']	[2017]	1	1
726MxZBpkxnnoKl6aN7mmj	Cookin' On 3 Burners	['bboy', 'instrumental funk']	[2017]	1	1
0v2oB2xMS64U3lcU5DFuCY	Peven Everett	['broken beat', 'chicago house', 'deep house']	[2017]	1	1
5lXfVoQxVgC5fpjkVqvNYn	Isaiah Firebrace	['australian pop']	[2017]	1	0
15NtJjjHRFybdNSMyM9smT	Nevada	[]	[2017]	1	1
49Lr11sLVHieIia3VkVE8G	DJ Lucci	[]	[2017]	1	1
0lzV2CiahHRiGd6qpADtPS	James Hersey	[]	[2017]	1	0
4isewEHTP7Az2QheDdBQ6J	24hrs	['trap soul']	[2017]	1	1
4dwdTW1Lfiq0cM8nBAqIIz	Of Monsters and Men	['folk-pop', 'metropopolis', 'modern rock', 'stomp and holler']	[2017]	1	0
6e64nPdtxyICfh90RJukpg	Chicago Children's Choir	"['american choir', ""children's choir""]"	[2017]	1	1
4d3yvTptO48nOYTPBcPFZC	Eve	['contemporary r&b', 'dance pop', 'hip pop', 'philly rap', 'r&b', 'urban contemporary']	[2017]	1	1
3Zif00eSvBUECxu8grzURU	Oskar Flood	[]	[2017]	1	1
6dC0rIJNLSFZwqckLgXJ8p	Timeflies	['indie pop rap']	[2017]	1	1
7f35VZGDpomj11PXdNn5D9	Max B	[]	[2017]	1	1
0MGJHTThvyAyqKuEAgPqDr	phem	['alt z']	[2017]	1	1
0Jzbm3ifxDNLxxS8M4BS51	Massari	['canadian pop', 'lebanese pop']	[2017]	1	1
1U0sIzpRtDkvu1hXXzxh60	Kelela	['afrofuturism', 'alternative r&b', 'escape room', 'experimental r&b']	[2017]	1	1
6roFdX1y5BYSbp60OTJWMd	Tim McGraw	['contemporary country', 'country', 'country road']	[2017]	1	1
5M60ox9b9C4RSPOYYQLTae	Saya	[]	[2017]	1	0
04XggbrM51GcFPTxBYtRXT	Rostam	['art pop']	[2017]	1	0
07Y8trtAhW1FFUPqZYTosy	NexXthursday	['nyc rap', 'viral trap']	[2017]	1	1
1buzCmyYZE4kcdLRudsb8V	Mikky Ekko	['nashville indie']	[2017]	1	1
3btzEQD6sugImIHPMRgkwV	Wolf Alice	['indie rock', 'modern alternative rock', 'modern rock']	[2017]	1	0
3eFo5fMv53RYZBYlvT5Z6a	Chris Botti	['jazz trumpet', 'smooth jazz']	[2017]	1	1
1kjO72M26jZkv0aaGxJaov	Eric Benét	['contemporary r&b', 'neo soul', 'new jack swing', 'r&b', 'urban contemporary']	[2017]	1	1
1t3q4yCKBosDZgAopecCLw	Nazo Bravo	['armenian hip hop']	[2017]	1	1
7vMpNua6oKT52WWHNUJ1No	Jonn Hart	['pop r&b', 'slow game', 'west coast trap']	[2017]	1	1
4SRrbYd7KBkGdOCAekSnY1	Vox Rea	['indie poptimism']	[2017]	1	0
5MTA3InnrZ0KDClijT8B4t	Galloway	[]	[2017]	1	1
27mFvqQj8KpjmdKIqcw1mG	Ayo & Teo	['trap', 'viral trap']	[2017]	1	0
2yVFtJ9InVnN9Pf8G2J2DY	Likewise	[]	[2017]	1	1
1tv0GoDAXe0eLXX6PsfcqJ	Cassow	['portland hip hop']	[2017]	1	0
2s0yxtiHiyGe6CY4mbDYFi	Remy Boyz	[]	[2017]	1	1
6V4HZPgtKDGTLPJs6k3km7	Dylan Diamond	[]	[2017]	1	0
5pnbUBPifNnlusY8kTBivi	Jadakiss	['battle rap', 'east coast hip hop', 'hardcore hip hop', 'trap']	[2017]	1	1
375zxMmh2cSgUzFFnva0O7	Wynton Marsalis	['classical trumpet', 'contemporary post-bop', 'jazz', 'jazz trumpet', 'new orleans jazz', 'straight-ahead jazz']	[2017]	1	1
2CSZMV16BjcsK0LttyHTky	Walter Blanding	[]	[2017]	1	1
6Si0CmXgqAj1HVQB8HE7XJ	Adam Birnbaum	[]	[2017]	1	1
2IZLjkTpDvr514Y8RBrpQT	Russell Hall	[]	[2017]	1	1
5aGlq3NRCllIcpHKNgBcwZ	Evan Sherman	[]	[2017]	1	1
2d5thy7UtdxmWayRXsymyb	Oni Marsalis	[]	[2017]	1	1
1aVH8BgQhW8TT5hgNGwLc7	Karl Wolf	['canadian pop', 'pop quebecois']	[2017]	1	1
2JX4h8xm0hNxCB0aNBWzyi	Gyptian	['conscious hip hop', 'dancehall', 'reggae fusion']	[2017]	1	1
0XHiH53dHrvbwfjYM7en7I	Chris Cornell	['alternative metal', 'alternative rock', 'grunge', 'hard rock', 'nu metal', 'post-grunge', 'rock']	[2017]	1	0
4GrH6djlMelZDucxke8WAk	Chris Crone	[]	[2017]	1	1
3iri9nBFs9e4wN7PLIetAw	gnash	['alt z', 'pop']	[2017]	1	1
1QRj3hoop9Mv5VvHQkwPEp	Olivia O'Brien	['alt z', 'pop']	[2017]	1	1
33W1pnW9zScZtYTnAoWnOT	Mr. Probz	[]	[2017]	1	0
5X1JzPIIonP3u9lA580pPT	Francesco Yates	['canadian pop']	[2017]	1	1
3nQ59hkeciYoR6RreQL4Rv	Darren Criss	['wrock']	[2017]	1	1
5T0MSzX9RC5NA6gAI6irSn	Estelle	['neo soul', 'r&b']	[2017]	1	1
5ShkaitLUorYdZgJMqTF5E	Lucky Rose	['pop edm']	[2017]	1	1
7MlotYZhHjOlXcvmwrITj8	Tep No	['deep tropical house', 'tropical house']	[2017]	1	1
1ZyUXvaBXUsIZ3JD6jYGkt	Nyck Caution	['indie hip hop', 'underground hip hop']	[2017]	1	1
1nSpOxq3pcgomrfpXudQuq	Kirk Knight	['underground hip hop']	[2017]	1	1
5QRlmTynCos8JyojtmgNq6	Meechy Darko	[]	[2017]	1	1
4PVn1b2WnnXdq80C7uaZLZ	Nause	[]	[2017]	1	1
4bvWFV51SAEocM22uiDOza	Pretty Sister	['la pop']	[2017]	1	1
29JlvmcJaB2Iv1dQZ8Jd8F	TRXD	['norwegian pop']	[2017]	1	1
2t72CNJ7uXNS0Elu3QbB7s	Emilie Adams	[]	[2017]	1	1
1aSwrSGBNGMLn9ymttfRkk	Lido	['norwegian pop', 'vapor twitch']	[2017]	1	1
0vbEs3DgphJ2RGZqh4qFLT	Anita Kerr Singers	['easy listening']	[2017]	1	0
1Q9KyQkc3vODeRt9OfItxl	Katie Pearlman	['gen z singer-songwriter']	[2017]	1	1
7xEFii6utZmQ61kX59HmLH	FRENSHIP	['electropop', 'indie poptimism', 'la pop']	[2017]	1	1
7oPftvlwr6VrsViSDV7fJY	Green Day	['modern rock', 'permanent wave', 'punk', 'rock']	[2017]	1	0
0fD5BX3LMVhizfqa5K7znw	Rytmeklubben	['norwegian pop']	[2017]	1	0
0eecdvMrqBftK0M1VKhaF4	CNCO	['boy band', 'latin pop', 'reggaeton', 'urbano latino']	[2017]	1	1
2FwJwEswyIUAljqgjNSHgP	Snakehips	['electropop']	[2017]	1	1
1xHQO9GJIW9OXHxGBISYc5	Marian Hill	['electropop']	[2017]	1	0
6wMr4zKPrrR0UVz08WtUWc	Black Coffee	['south african house', 'south african pop', 'south african pop dance']	[2017]	1	1
3zrUX1hQrUB9aXcOiyQLmN	Stanaj	[]	[2017]	1	1
7kFfY4UjNdNyaeUgLIEbIF	DeJ Loaf	['detroit hip hop', 'r&b', 'rap', 'southern hip hop', 'trap', 'trap queen']	[2017]	1	0
1l2ekx5skC4gJH8djERwh1	Don Diablo	['dutch house', 'edm', 'electro house', 'future house', 'pop dance', 'progressive electro house', 'progressive house']	[2017]	1	1
05o1zW8b6PV6rEquXr74sB	State of Sound	['swedish tropical house']	[2017]	1	0
6ioOEWNNGK40H8xrGj6XPW	XYLØ	['alt z', 'indie poptimism', 'la pop']	[2017]	1	1
1IueXOQyABrMOprrzwQJWN	Sigala	['dance pop', 'edm', 'pop dance', 'uk dance', 'uk pop']	[2017]	1	1
4L1YBxxAxQx0HG8lgPcFcJ	Damian Lemar Hudson	[]	[2017]	1	1
36jaGQtMj5UWD0eO1fCVdD	Joel Adams	['australian pop', 'pop soul', 'teen pop']	[2017]	1	0
3zDRCqOhJXJfS2YWOEwGMC	Christopher	['danish pop']	[2017]	1	0
2zY0g18VpVG1dpJJyW1biE	Bob Pressner	[]	[2017]	1	0
1LKo6ZA3RNvKtLa6zDu32S	Kranium	['basshall', 'dancehall']	[2017]	1	1
0RqtSIYZmd4fiBKVFqyIqD	Thirty Seconds To Mars	['modern rock', 'post-grunge']	[2017]	1	0
6xHUXzrfhFgnIv86EBR3Ml	kai	[]	[2017]	1	1
521qvhdobR0GzhvU6TFw76	Tritonal	['edm', 'electro house', 'pop dance', 'pop edm', 'progressive electro house', 'progressive house', 'progressive trance']	[2017]	1	1
69Pm1OWlxk1tbYphlkcKHR	Laurell	['canadian pop']	[2017]	1	1
4H1PNuHElBLVok0lnYMrRb	Dyo	['alte']	[2017]	1	1
0CjWKoS55T7DOt0HJuwF1H	Bipolar Sunshine	['gauze pop']	[2017]	1	1
4yLuE0l9rK7fqijTb7BPh9	Sound M.O.B.	[]	[2017]	1	1
2hWs22BmQkK4czFtDLnar2	Rob $tone	['san diego rap', 'viral trap']	[2017]	1	1
1rs3y69kDwkIdGJcOYngQt	J. Davi$	[]	[2017]	1	1
36Tn5h23ysORlLKc42UXfe	J Spooks	[]	[2017]	1	1
3IpvVrP3VLhruTmnququq7	Mike Williams	['big room', 'dutch house', 'edm', 'electro house', 'future house', 'pop dance', 'progressive electro house']	[2017]	1	1
0AJUYWKztkg5dnrHDIBv47	MiC LOWRY	[]	[2017]	1	0
0ckyh9j60j9NvpBOc0qiFa	Happy Sometimes	[]	[2017]	1	1
2EwZTE4cjewxoigHD5Y3UF	Steven A. Clark	['experimental r&b', 'neo r&b', 'synth funk']	[2017]	1	1
4HJnsUVBubdKJ2aV0sr48u	Ape Drums	[]	[2017]	1	1
5Bcvq9L6VlpAv5LX7Q5Y3r	MC Ty	[]	[2017]	1	0
1FQIQrgG9sgl9WK2WnNOS9	Em Rossi	[]	[2017]	1	0
5fWn9g8ERHtGKWdkAuomBx	Tessa Odden	[]	[2017]	1	1
5z1VAFwT35EVvCp1XlZZuL	Diana Krall	['contemporary vocal jazz', 'jazz pop', 'vocal jazz']	[2017]	1	1
3BDNDjVtAxrIqFDIO5cUgy	Clayton-Hamilton Jazz Orchestra	['jazz orchestra']	[2017]	1	1
1Z8ODXyhEBi3WynYw0Rya6	De La Soul	['east coast hip hop', 'golden age hip hop', 'hip hop', 'jazz rap']	[2017]	1	1
0Qpk1IGiZeB6rRhfK4FVDT	Kelvin Mercer	[]	[2017]	1	1
2lbUjuMzHkT4qIECvk2f3L	Kris Wu	['chinese hip hop', 'chinese idol pop']	[2017]	1	1
1mSJCvDX0W7Dn7S9C6vmvI	Anna of the North	['electropop', 'vapor pop']	[2017]	1	1
6O2zJ0tId7g07yzHtX0yap	Mobb Deep	['east coast hip hop', 'hardcore hip hop', 'hip hop', 'queens hip hop']	[2017]	1	0
3Xq2UDTRsQqQnfR3FIGoFG	DOLF	['dutch edm', 'pop edm', 'speed house']	[2017]	1	1
47z7ZrgFoBvVpCnElCE3Zh	Yellow Claw	['edm', 'electro house', 'pop dance']	[2017]	1	1
0cZPTEmf3mlwj5kjVXR4po	Caroline Pennell	['indie poptimism']	[2017]	1	1
2Tg0aF5cbZktYFzgR1iAKv	Julie Bergan	['norwegian pop']	[2017]	1	0
6pbMPfkngqZJAUa7pG4oam	The Heist	[]	[2017]	1	0
7bhcf6U7Lu1Ra9u0oWLM5x	DiRTY RADiO	['canadian electronic']	[2017]	1	0
7nKeLE1toRtW4M279iS26h	Zay Hilfigerrr	['viral trap']	[2017]	1	1
5AsWcQXw4RJFRWBbwa0ti0	Zayion McCall	[]	[2017]	1	1
5CdJjUi9f0cVgo9nFuJrFa	Adventure Club	['brostep', 'canadian electronic', 'complextro', 'edm', 'electro house', 'filthstep', 'pop dance']	[2017]	1	1
06ZVnBRVWngP7hMjnJsWRq	Ben Stevenson	['canadian contemporary r&b']	[2017]	1	1
0fs8oBR1rx7JIXZi75h7Uu	Bahari	['alt z', 'la pop']	[2017]	1	1
1v3r802Az10JtIzSPawWzw	Neil deGrasse Tyson	[]	[2017]	1	1
6FB9Zw1TSMrw3LIzIvlNGG	Nathaniel Alford	[]	[2017]	1	1
1WdM0BAEXN9RpUdPOzEZdx	Twice As Nice	[]	[2017]	1	1
6T70tWxqyIpdVbsFvPzqM3	La La Land Cast	[]	[2017]	1	0
6c0mTNAxJxlp9HpKTUZwA8	ALMA	[]	[2017]	1	1
4grgK6n5E4Xf2hGzwTjUz6	iDubbbz	['meme rap']	[2017]	1	1
7kfzadZaOgR90Tp8OYH5gM	Boyinaband	['antiviral pop', 'otacore', 'pixel']	[2017]	1	1
49m0B4E59KYnTHckGDleUv	Christian Hudson	['canadian folk']	[2017]	1	1
2jtKAJdZ3S7mtcFaOGYae2	Klowds	[]	[2017]	1	1
188VINPQh5dyNfLUkevKqf	Olivia Holt	['alt z', 'post-teen pop']	[2017]	1	0
00Z3UDoAQwzvGu13HoAM7J	Skizzy Mars	['indie pop rap']	[2017]	1	1
3NoeRIxHApi6qe4yan2Vnn	Eric Nally	[]	[2017]	1	1
2qkfMoOIz3BqLD91C1B09a	Joe Reisman's Orchestra and Chorus	[]	[2017]	1	1
7x8MuRMbm9XIldHSJOtoNo	22 Savage	['baton rouge rap']	[2017]	1	0
0jNDKefhfSbLR9sFvcPLHo	San Holo	['brostep', 'edm', 'electro house', 'electronic trap', 'future bass', 'pop dance']	[2017]	1	0
4mrBetqy378Jf1y6NLszlx	VINAI	['dutch house', 'edm', 'electro house', 'melbourne bounce international', 'pop dance', 'progressive electro house', 'slap house']	[2017]	1	1
2MoxYOhy9ooC8KRcdgIFif	Leroy Styles	['dutch edm']	[2017]	1	1
1FmrdSfTqWOzQoEoaS7MWb	Anevo	['deep uplifting trance']	[2017]	1	1
0ZXXi9wCxbPap3QVDxxIYb	Kayla Diamond	['canadian pop']	[2017]	1	1
2WoVwexZuODvclzULjPQtm	Sampha	['alternative r&b', 'indie soul']	[2017]	1	1
1b4DN8Vj0dnj5cceMFsRYN	Dante Klein	['deep tropical house', 'dutch house', 'pop edm']	[2017]	1	1
1JV42BPeocUJ0EyQh8ug6V	smle	['future bass']	[2017]	1	1
3EA9hVIzKfFiQI0Kikz2wo	Andrea Bocelli	['classical tenor', 'italian tenor', 'operatic pop']	[2017]	1	1
2OlZK0VIzr7wQYSrj9bOvF	SonReal	['bc underground hip hop', 'canadian hip hop', 'canadian old school hip hop', 'indie pop rap']	[2017]	1	0
64BQ6x1jZCxSJ0GVwQzo2F	Bek Phillips	[]	[2017]	1	0
3YdT8QvV4QvY4DfVJhxdcZ	Grace VanderWaal	['post-teen pop']	[2017]	1	0
4N874uPqBka1QiCvnCVOtr	Phoebe Ryan	['alt z', 'indie poptimism']	[2017]	1	1
3ScY9CQxNLQei8Umvpx5g6	Fat Joe	['bronx hip hop', 'dirty south rap', 'east coast hip hop', 'gangster rap', 'hardcore hip hop', 'hip hop', 'pop rap', 'rap', 'trap']	[2017]	1	1
39mHYiNmLR7p8PXNG8Wll6	Remy Ma	['alternative r&b', 'bronx hip hop', 'contemporary r&b', 'dirty south rap', 'hip pop', 'r&b', 'southern hip hop', 'trap queen', 'urban contemporary']	[2017]	1	1
4R529xQ7WQfRpSEXaHFbRg	InfaRed	[]	[2017]	1	1
23sYU61n9f1CzYi8NJhAXS	Towkio	['chicago rap']	[2017]	1	1
3QJzdZJYIAcoET1GcfpNGi	Damian Marley	['reggae', 'reggae fusion']	[2017]	1	1
0dEvJpkqhrcn64d3oI8v79	Barenaked Ladies	['canadian pop', 'canadian rock', 'pop rock', 'post-grunge']	[2017]	1	1
1fPc13ccCnGx3gdESGBhYQ	Laurence Nerbonne	['hip hop quebecois', 'indie quebecois', 'pop quebecois']	[2017]	1	0
3AVfmawzu83sp94QW7CEGm	Astrid S	['alt z', 'norwegian pop', 'pop', 'uk pop']	[2017]	1	0
2x8KDZdSONA3872CnhaAlX	Styles P	['battle rap', 'dirty south rap', 'east coast hip hop', 'hardcore hip hop']	[2017]	1	1
27a4fLT1dhOT5esAfqQmBe	Divine Bars	[]	[2017]	1	1
02uYdhMhCgdB49hZlYRm9o	Eagles Of Death Metal	['garage rock', 'garage rock revival', 'modern blues rock', 'palm desert scene']	[2017]	1	1
4JNaaEI1eZDROCcQwb6L59	some chick	[]	[2017]	1	1
2f9ZiYA2ic1r1voObUimdd	Grace Jones	['art pop']	[2017]	1	1
4BzCdhJTyTS3gumq9xmymb	ayokay	['electropop', 'indie electropop']	[2017]	1	1
