artist_1	artist_2	count	song_ids
Kinderliedjes	Sinterklaasliedjes	20	['07b0CsNki8iWsQgcr7CMku', '7na6NzEOSFweIabpEiIrtT', '5jG0OA9Cbfga0y92qU9h7y', '3r75mNrTu04huEfaaEA7jm', '6rwn79zLG5hkHk2ws5nktS', '6elvabnBVIEpPIZpIhWcxA', '7v4GnQaqzIM68oFPHnidaS', '0oU3zJ7d5pVD7mPdNuVqVe', '2lBJOScxICcs8n655D8rVa', '5Wg47QFXFVhcYk6rQ4VxFw', '6qgpxrjSEEcidZItf3l53z', '1blaRZGtUXHxAsjTd5oL1G', '5HjeXRrC1BoeOU2nYTkH6X', '4c4mMt00rEOTzz7PIlbgxd', '7otwlxShY9OIVJLCLGTdU6', '6QJ1Dmbj3IESWNdJZ3OQCL', '2M53SrmOt9tgfLEBrsqjN1', '6oSQ4r25E7gNj8hxODZf8G', '3TKZ1WIvUj4A6wxhTRM7YF', '0GReysBXCLYvxuGgLRxq3H']
Bokoesam	Jacin Trill	15	['54QCg4AwX6YdykuFYqD1ge', '0CPHMY4GaZjwu4IHMjjqWK', '26BRCveQqqjm6nNO77ye92', '006Q8ORZ9zPjf3IiO5evwX', '2q7YXqDuLVbmNqfDYbvBF0', '7lhT5wBuwXmmH1kxD4KXZ3', '3nubz9cSLIpP2GkczD9ngg', '3WH2L6j0aYNfmMG8tvIOxY', '7HlubbsHjrrpDwadBo2ecd', '7hGwtoaHgfYhKIEPtUAWRl', '2SFsXnrOstDVkUZJErcGby', '4fiTrqxdLdMgoD9F7OeWao', '2P9pWs3FxbOFHXbBYvX1pP', '6LeUNrHyH9nGxjOZSpg2Af', '4ryZ2ApCmlLJBTpaI1ZRu5']
Diquenza	Frenna	11	['3AkhtRarPRwQ2lAzvnH64n', '5VjqFNoLNl0xvG50diCuwx', '6bNzyAWKpKRl7A6U2iorzU', '1tBVALexQfNj6nObwuHfkn', '0TSXMqkkZy7yV7jno8Nv4a', '1k18FcU8nC4Bs0SSLbeslg', '5zB2dXUEuz1PQZ2DWYJ5Tu', '79TeMvi549XpZT2r5ZhdnU', '2fNtjdfgf6mwmihzKrnxuy', '1xNJnMZPZxw3Uuh8Es7kvV', '4OKYWw0ZjWu9rUebVtL87w']
Josylvio	Moeman	10	['6LBdELUZQw9yK8bu7dXlIr', '4hJiA2Y8XH55ffiIZVW3oq', '4nQnGxDEOBy5PUihTPSdIZ', '1CiBQ0iEJrV4QtH2gTa6IG', '101490yFvZRBJNbAkr1xKW', '2gH2J6QSrkpzsHu0ZUalz1', '4WzSIyaECvZRKWce4RioND', '2gwW4tFY5WkyxtfQXHHtsn', '1s4yL3qIAAxaX0MyuE75Pa', '3sEwzhkrXeMqLVeIyTFHU7']
Bizzey	Kraantje Pappie	9	['68qTD5PAoqFgrkw5W2DHL5', '7shAADk9RbPvnwCSkjctFJ', '1YQ3SYZoB4X6EfWhpkirVc', '6k6bQGKTMazxhXmzakPb5Q', '5es8kaTPXX5ikcBchdHbtV', '26rVJH5zUQ7Yihz6c850Sn', '0GK7kYqFyPfwkWQhaYR4cY', '5dTXWGmCg3hQ9SmHBJdcIr', '2z4b4AQOpfUX1ywADCPbgK']
Bizzey	Josylvio	7	['4uFilJdTcMu9A7R4pVIKoF', '3dCqj3wmSuYvWnoqSJukal', '4n0NUuMnbAOJMLJMGHeVQZ', '33WwBBS0kVcHBvb3iuVRY0', '3Ri4BMe03irzuJQQdXAh7U', '3TUafDwB2Oygi8lyZlLyQt', '0s9jg4u18rVQz6NhllTVkK']
Frsh	Geechi	7	['24WU6nEcya71DI1PvuOof4', '3nxWnthjk02prEUZO7I8VF', '3DzLiWHgmvrtHT5ZAF1NEn', '6ikurqCCOvt9y6yNXgRypr', '5bjbuOFX1rCRarFKGdNGtj', '6RUKIgCC3JqwBvPBrf0Tp0', '5cPlvM2o5HfJGvIiCGozi8']
Bizzey	Yung Felix	7	['4uFilJdTcMu9A7R4pVIKoF', '33WwBBS0kVcHBvb3iuVRY0', '5fNMMDMnBIhKUUdxmyElKb', '1YQ3SYZoB4X6EfWhpkirVc', '0s9jg4u18rVQz6NhllTVkK', '6k6bQGKTMazxhXmzakPb5Q', '5es8kaTPXX5ikcBchdHbtV']
808milli	Jacin Trill	7	['54QCg4AwX6YdykuFYqD1ge', '0yWNpCRmPlS7ZEviTOStuv', '5ZYjTuBytye8n24ESvfy4J', '45D0Bjd8zEXCI9IrkKPdS3', '5TmUGtXYssKCXtGlD5eYfl', '5z2GNOXmSCXcWtnAYwEQEQ', '4Ao7qwvM7z9XRPE5dWEvWK']
Josylvio	Kevin	6	['19MZwQ3hXSz5uhDFVourgh', '5jw7CHu3akrckulGRavNOt', '6uUSmhfdiOR7gYeTN430kA', '7Hc6fRqRl41e5PM5M2YamF', '64l897E7XwF6sWe7veyH0J', '0CXVIyKlxuhw0s8CgnZc6I']
3robi	Mula B	6	['455Otrqftwj4wa1YLnV2q0', '6p9be3JVl3ofGWUEo5zW4D', '7pnDwqm8sdzXtpgYO0FzKH', '5Thqaj7W2YgpWNixvUclH6', '0LVHnPkTgNsUMmYbVaDzZH', '6anjzIBM1yDp7PnvRbXLZM']
LouiVos	Mula B	6	['49ki3MZuU60Pd6ZuoX1nWr', '4wHsXu8TDuHgejprJup6wT', '2CHHdFvOaAlrwt5a0vp7ex', '5APk8dXNf2EN1bc34Tv46C', '5MLzKPCMUW5lupoCIINTcj', '6anjzIBM1yDp7PnvRbXLZM']
Hef	Kevin	6	['48C9pg8yAnDz3epobmWxq3', '4Kj24PuzbD6vrDDTExQ7nz', '2gxU9QlFGmjfBl4eUewgPw', '7Hc6fRqRl41e5PM5M2YamF', '1rc76gLUoczSiZIXEd9Tuc', '0TEPuv1UzRzrkQyJ9A6HbQ']
Bartofso	Mula B	6	['4xXaV9BxYUHVsGYJzJf0uD', '6p9be3JVl3ofGWUEo5zW4D', '1n0gTWB5VkIJK1qLxWTD6s', '5Thqaj7W2YgpWNixvUclH6', '05WJRodpFFDvHQ083sOkgj', '0LVHnPkTgNsUMmYbVaDzZH']
Ismo	Riffi	6	['5IVAmSvrMJO97rYFibgDRp', '0agP9JaHhSmdlwvGa4QVGj', '4ej2PTHK0fBikPHwyTqqzQ', '0ttFZzhaNLM97d2UDFW8hA', '5LaNMPhXyDfsDQjFZi3H7p', '3cP4ESQPcVLcYJg5wM0LH0']
Josylvio	Sevn Alias	6	['19MZwQ3hXSz5uhDFVourgh', '6jvcVeIza84syUEXlTP8mz', '4Lr20YfLsncv5fTSlbWrkV', '5t9G3TwQmd82h8WWZMsbmD', '2n7fkh5vi033U3ZIxyqXGx', '6OpKBghxyHSJ9lqqJ4EkJu']
Idaly	Jonna Fraser	5	['1nYj5Hv2ON80QokibDMvOE', '1SdUIrPh4jjTlulO0s7EOA', '052B4Xlu9LKhmxKl2zW24P', '4NThQxccneyM6IkCsXxmu5', '1xTg1mI0gOMLmPFkgg5di7']
Eves Laurent	Jayh	5	['7Ej91V9TL0vPAaUwB64Yk4', '7aSdE47tGMNtk59ao7Hjiy', '61jOKwltSmB052rWcyRvz9', '73Gu1VUFsL48Cv9obvbfCH', '28XA313Sa1TPyVBwM8rO8C']
Ariana Grande	Nicki Minaj	5	['0sdbFOyfgAhAhWq8DpzkaW', '1ZEm9cJC05rawV2tptNfTS', '5iZ4hcpCgFVijq5OOjBTKZ', '4ZUfbHQOBeEOyf6EArWXA3', '3L4GsGLgxpHieVQH86H8bv']
3robi	Josylvio	5	['4uFilJdTcMu9A7R4pVIKoF', '0wICbVaSxcCAzjcic6UDJ8', '2gObiLcpHmoQ5SFF1W62tp', '54zAwFcolRooRk6xDXQOJA', '6qN7yPBgF9t6x2T6ltUZMv']
$hirak	Jacin Trill	5	['1VnCCyTSh0EGqEiD5aUhPb', '3yN0eOKfPjUhB9EKgzlwt9', '7FjbZ6ty6gYg5lT8WGxgBM', '6Lz9hVw8UbvS9wvxdT1S4L', '7JWLw9dHvYVZMZ1WR5fqxc']
Bizzey	Mula B	5	['2CHHdFvOaAlrwt5a0vp7ex', '5APk8dXNf2EN1bc34Tv46C', '4MM5Z2MbZ4Q4zAxd1WqsS2', '5oL2shDhnyIuE1qe89qmfS', '2EInjnv0uxfPX67XxK6ERT']
Adje	Josylvio	5	['3IjjddhWjK1WHqfeMOojTm', '3Sq9HVzqyeOD3gbKqm7J66', '2gH2J6QSrkpzsHu0ZUalz1', '54zAwFcolRooRk6xDXQOJA', '6rTHRJKYeVF1DaSpmncE1i']
Hef	Josylvio	5	['3IjjddhWjK1WHqfeMOojTm', '2gH2J6QSrkpzsHu0ZUalz1', '7Hc6fRqRl41e5PM5M2YamF', '1s4yL3qIAAxaX0MyuE75Pa', '3sEwzhkrXeMqLVeIyTFHU7']
Adje	Architrackz	5	['1e9xG6ljUd3Z1CRWWTh5ej', '3Sq9HVzqyeOD3gbKqm7J66', '5AU6xSHlrYpc6RYOyHl7WZ', '4oDer1o7e64X0jMPe21Qsx', '4iCztl4pAtdvgMd5VHdLU6']
Bizzey	Chivv	5	['2zW8y5ry4YudAPnLmagr1c', '1YQ3SYZoB4X6EfWhpkirVc', '6k6bQGKTMazxhXmzakPb5Q', '0DLDQ7ipGwbNmUDIvZL1x4', '5es8kaTPXX5ikcBchdHbtV']
Boef	Frenna	5	['1CAH2VFYoQNTEZBCkDxd4C', '1IJ2kXcVKw9Of3weornLMo', '33lRqBuJadiYa1Z3p1Zrc3', '5kvzEqShooIhg1D3KMBa7U', '3dxSO8Ta8e1E8P6BHLeNdf']
Bizzey	Dopebwoy	5	['71kezebzgjsCRMFCwhz4Ga', '0X46CPFsAMAPobzEgEhQAm', '1lk1wos4pESrn6AF5IJLw9', '4MM5Z2MbZ4Q4zAxd1WqsS2', '5oL2shDhnyIuE1qe89qmfS']
Esko	Young Ellens	4	['7hoLeekYiRNZDquQ69PJv2', '7Cqxi2Aceeeint77OyL2gd', '0UMaqPntFC8dFOc7p3Iefj', '5tyKjCpbeWHXEfXH6bMz0C']
Ali B	Lijpe	4	['3wfcnKnFN0YANH7FvM27Un', '7y1v8iaytOstydxjWP7rWk', '7oUgt1FlDitaf2rhuTfdah', '2N5yaVi4DGGRweQmvUxqN3']
Ismo	Lijpe	4	['3wfcnKnFN0YANH7FvM27Un', '7LREvrRu9h5rJxXHFTweYU', '7oUgt1FlDitaf2rhuTfdah', '3cP4ESQPcVLcYJg5wM0LH0']
Kevin	Sevn Alias	4	['33AmMEURs4mufM5raPSihK', '19MZwQ3hXSz5uhDFVourgh', '2nyG0kwZqHhkRrokCKdQTk', '4Kj24PuzbD6vrDDTExQ7nz']
D-Double	Kevin	4	['19MZwQ3hXSz5uhDFVourgh', '6z6ZrBYsYWhaMFI0Ce6v0x', '1MtXpQ0388TBmBXXOv48Fr', '0TEPuv1UzRzrkQyJ9A6HbQ']
6ix9ine	A Boogie Wit da Hoodie	4	['7q1ikCoQLytPP5TTzDy7JK', '2riK2ngTJvk4gk71b3Hem4', '0zl3PdjIl320fK0pxBGWNR', '6o79O9qBP3OAkWOXajAQIS']
Bizzey	Broertje	4	['3Ri4BMe03irzuJQQdXAh7U', '3TUafDwB2Oygi8lyZlLyQt', '4toUDnkOP1eTK2FVx9kAOs', '4n0NUuMnbAOJMLJMGHeVQZ']
Broertje	Hansie	4	['3Ri4BMe03irzuJQQdXAh7U', '3TUafDwB2Oygi8lyZlLyQt', '4cUnxYHW39rYboN7TAvdVc', '4n0NUuMnbAOJMLJMGHeVQZ']
Broertje	Josylvio	4	['3Ri4BMe03irzuJQQdXAh7U', '3TUafDwB2Oygi8lyZlLyQt', '0JrICQtDkevyFIvzvqqXyV', '4n0NUuMnbAOJMLJMGHeVQZ']
Hansie	Josylvio	4	['3Ri4BMe03irzuJQQdXAh7U', '3TUafDwB2Oygi8lyZlLyQt', '4n0NUuMnbAOJMLJMGHeVQZ', '1c7Kh2uMMxG7k4QqNjjg95']
Frenna	Jonna Fraser	4	['0gH8MrEnV16R2YGzTHJpCZ', '1nYj5Hv2ON80QokibDMvOE', '1E9YnqIDTEQbOwUAuV5NRn', '3UPsdBBqs9vnVF0fYTGA8n']
3robi	LouiVos	4	['4eS2tH1yxAKvGPRlANyV5l', '2UMPNNnKfqNHz2TNv91ACh', '6anjzIBM1yDp7PnvRbXLZM', '4pRdaFablbE2sadvp6w8dB']
Rae Sremmurd	Swae Lee	4	['2yUbCEiaolfSMluDo9RMmG', '6sTDhYVVXU3HSDuG7mBLRU', '0TCnOEVeLQMXOUrpPlM7uY', '07VJGBnywGutMZ72kRyEop']
Donnie	Joost	4	['0t1jyNtNC5tKYZh6rCIRKZ', '4pHaft5iymL4elqKkA3Qxb', '41zdH95o0ciAv0Oa7FcuHC', '5hTrqGxtpB2WdnDmMCxpKg']
Josylvio	Mario Cash	4	['4NhvDfbBq5iXoIKZRTF8ff', '15QQ9OXxD83ulMxMcKaHXx', '61jOKwltSmB052rWcyRvz9', '75BN6GIQOelESgNxsZbHZC']
Eves Laurent	Geechi	4	['7aSdE47tGMNtk59ao7Hjiy', '28XA313Sa1TPyVBwM8rO8C', '1WhF2ySRLRQKT10hwgSBVf', '5JHz4T9qW6Xtqq3aKXhEWJ']
Daddy Yankee	Luis Fonsi	4	['5aQJCkum26QGYUxnEgUwXx', '7CUYHcu0RnbOnMz4RuN07w', '5CtI0qwDJkDQGwXD1H1cLb', '4aWmUDTfIPGksMNLV2rQP2']
David Guetta	Martin Garrix	4	['0OlnLZY4cmQzT6ZGttvWBM', '4aBYzs8RxZMuqyOanNlf8I', '6RnkFd8Fqqgk1Uni8RgqCQ', '1jLlIo8HA1KdhGiaYaC4j9']
BKO	Young Ellens	4	['6uUSmhfdiOR7gYeTN430kA', '0DBbJTZEnlZQxsPvR2HpCE', '0Z9pQtRABvj0BagLGMzn13', '64l897E7XwF6sWe7veyH0J']
21 Savage	Post Malone	4	['0e7ipj03S05BNilyu5bRzt', '7wGoVu4Dady5GV0Sv4UIsx', '2U7Hu2RaNQNRi7izoJyZaX', '1OmcAT5Y8eg5bUPv9qJT4R']
Ronnie Flex	SFB	4	['6yCcR2dLHJF11tJtOJv2pU', '1SveOxUxAxhrCWBhdfbjQu', '5P7ZFSQVLc5Uom7bq8UJZ1', '65ExBcuMthmxRVnPVvWCe3']
Boef	DJ Madam Julie	4	['1IJ2kXcVKw9Of3weornLMo', '33lRqBuJadiYa1Z3p1Zrc3', '3dxSO8Ta8e1E8P6BHLeNdf', '1CAH2VFYoQNTEZBCkDxd4C']
Boef	Kaeh	4	['1IJ2kXcVKw9Of3weornLMo', '33lRqBuJadiYa1Z3p1Zrc3', '3dxSO8Ta8e1E8P6BHLeNdf', '1CAH2VFYoQNTEZBCkDxd4C']
DJ Madam Julie	Frenna	4	['1IJ2kXcVKw9Of3weornLMo', '33lRqBuJadiYa1Z3p1Zrc3', '3dxSO8Ta8e1E8P6BHLeNdf', '1CAH2VFYoQNTEZBCkDxd4C']
DJ Madam Julie	Kaeh	4	['1IJ2kXcVKw9Of3weornLMo', '33lRqBuJadiYa1Z3p1Zrc3', '3dxSO8Ta8e1E8P6BHLeNdf', '1CAH2VFYoQNTEZBCkDxd4C']
Frenna	Kaeh	4	['1IJ2kXcVKw9Of3weornLMo', '33lRqBuJadiYa1Z3p1Zrc3', '3dxSO8Ta8e1E8P6BHLeNdf', '1CAH2VFYoQNTEZBCkDxd4C']
Boef	Sevn Alias	4	['3PiDnD8RhPrlmzMpAgF9xK', '036HGg6Bs7n15m99zcnPwZ', '4tNpAeDH7S7cJGEo28Ogi4', '2YeKWxs3kfBFt7UduCEXub']
Emily Warren	The Chainsmokers	4	['5hrXLJJrnKraxRQntH0Vv9', '4TbA9zUfQLenNshTO9la6X', '3OtQmFLS5b3pTgIf44GQFJ', '5yNEdBlZMxpcVtGKz5NFk5']
Kendrick Lamar	SZA	4	['2Imq77E6CEJR5TPUxlJvTY', '66kQ7wr4d2LwwSjr7HXcyr', '3GCdLUSnKSMJhs4Tj6CV3s', '12SJpYZEdj4kzWZ8FPFg4Y']
Jayh	Zefanio	4	['3Rh37TcJ5FfP0zNZgDlglI', '1YZBRQw08cnUh2EYkEm6BP', '7tYiw53WblmJMII6V7BLmo', '6C5iwEarMNTiiVo79nLULc']
Boef	Ronnie Flex	4	['77wz2VtAwxAwYOGTJrZBKT', '0bWzmIbEKh0xFRb1pTSQAw', '52pYYuXAin5eK1vrrpVtYg', '1htgKxYpMdfRuGalVUc055']
Lil Kleine	SBMG	4	['3lfrBNAXuQfWIYVSXj1wRL', '2GmVap1TUXocIewXZRaRo7', '1NSDVfGBHK7wk9aXpnCaqB', '77wz2VtAwxAwYOGTJrZBKT']
Glades	Lijpe	4	['3GaIRIw3eBvT1gUBgFjblH', '7y1v8iaytOstydxjWP7rWk', '7oUgt1FlDitaf2rhuTfdah', '2N5yaVi4DGGRweQmvUxqN3']
Dopebwoy	Mula B	4	['4eLhKlJiNVpelrBX66ouIn', '4MM5Z2MbZ4Q4zAxd1WqsS2', '5oL2shDhnyIuE1qe89qmfS', '5jOD14ccmGx0ZHGlaupfxS']
Bizzey	Jozo	4	['7shAADk9RbPvnwCSkjctFJ', '5fNMMDMnBIhKUUdxmyElKb', '30VPSHQuH0HpaqPuWA5O8x', '26rVJH5zUQ7Yihz6c850Sn']
Esko	Josylvio	4	['4hJiA2Y8XH55ffiIZVW3oq', '5xjmVT7UAi7n6x3t1c0W7k', '5t9G3TwQmd82h8WWZMsbmD', '1c7Kh2uMMxG7k4QqNjjg95']
Bizzey	Jonna Fraser	4	['3bKw74Us6ynRW1QA00cN1d', '5dTXWGmCg3hQ9SmHBJdcIr', '4TvPBQjYPScaQKYm5ekfCq', '2z4b4AQOpfUX1ywADCPbgK']
Idaly	Ronnie Flex	4	['3kYFbz3gJnZzf8VxoTAm8R', '4sfdFMNDcc0Aw9DuwEksAn', '1SveOxUxAxhrCWBhdfbjQu', '0MZsrJ0PYQGxc7pj6L9pfs']
Ali B	Ismo	3	['3wfcnKnFN0YANH7FvM27Un', '4vSJZLqg98Iq2qTib5NBJJ', '7oUgt1FlDitaf2rhuTfdah']
Frenna	Spanker	3	['6tvEDjTRcYG0MXwdWGRs3L', '5xgo5sVonlCz7M2CTZgqZA', '0HupLl9x9lSTsv9nVBoOnt']
Jandro	Spanker	3	['6tvEDjTRcYG0MXwdWGRs3L', '0HupLl9x9lSTsv9nVBoOnt', '3ric0kUwtfuFVHwSNp7iOj']
D-Double	SBMG	3	['1FvJocsURpbBHBRcm8ISsF', '7K7QOMD7G1ktNH5Vsvaobb', '2zmB6vEzvXFXf38k39KhE7']
6ix9ine	Tory Lanez	3	['0d2vY2TqqmWPuXUm1vcwa5', '6Gy7rXB6Ku5vIWC7WGWsl3', '1Y500yrabUJY2mIQS3RDt4']
D-Double	Lijpe	3	['7b2fgSJjS8ui5p88HY1zzw', '6z6ZrBYsYWhaMFI0Ce6v0x', '1MtXpQ0388TBmBXXOv48Fr']
6ix9ine	Fetty Wap	3	['7q1ikCoQLytPP5TTzDy7JK', '2riK2ngTJvk4gk71b3Hem4', '0zl3PdjIl320fK0pxBGWNR']
A Boogie Wit da Hoodie	Fetty Wap	3	['7q1ikCoQLytPP5TTzDy7JK', '2riK2ngTJvk4gk71b3Hem4', '0zl3PdjIl320fK0pxBGWNR']
Bokoesam	Yung Felix	3	['3JRjubRw6TzEfWos7sXFZV', '1TB3jqXrBIzc5z4H5gf0hq', '0MZsrJ0PYQGxc7pj6L9pfs']
Bizzey	Hansie	3	['3Ri4BMe03irzuJQQdXAh7U', '3TUafDwB2Oygi8lyZlLyQt', '4n0NUuMnbAOJMLJMGHeVQZ']
Bizzey	The Partysquad	3	['3Ri4BMe03irzuJQQdXAh7U', '3TUafDwB2Oygi8lyZlLyQt', '4n0NUuMnbAOJMLJMGHeVQZ']
Broertje	The Partysquad	3	['3Ri4BMe03irzuJQQdXAh7U', '3TUafDwB2Oygi8lyZlLyQt', '4n0NUuMnbAOJMLJMGHeVQZ']
Hansie	The Partysquad	3	['3Ri4BMe03irzuJQQdXAh7U', '3TUafDwB2Oygi8lyZlLyQt', '4n0NUuMnbAOJMLJMGHeVQZ']
Josylvio	The Partysquad	3	['3Ri4BMe03irzuJQQdXAh7U', '3TUafDwB2Oygi8lyZlLyQt', '4n0NUuMnbAOJMLJMGHeVQZ']
Brasco	Frsh	3	['6RUKIgCC3JqwBvPBrf0Tp0', '6ikurqCCOvt9y6yNXgRypr', '0V40uvyx4ECHqrZcLApxJn']
Emms	Frenna	3	['3AkhtRarPRwQ2lAzvnH64n', '1nYj5Hv2ON80QokibDMvOE', '4OKYWw0ZjWu9rUebVtL87w']
JoeyAK	Sevn Alias	3	['036HGg6Bs7n15m99zcnPwZ', '24R6vXchJmvoLsg6RTgsY9', '3XWaDqGdmEiePVxjmYMIsz']
Rae Sremmurd	Slim Jxmmi	3	['2yUbCEiaolfSMluDo9RMmG', '6sTDhYVVXU3HSDuG7mBLRU', '0TCnOEVeLQMXOUrpPlM7uY']
Slim Jxmmi	Swae Lee	3	['2yUbCEiaolfSMluDo9RMmG', '6sTDhYVVXU3HSDuG7mBLRU', '0TCnOEVeLQMXOUrpPlM7uY']
Famke Louise	Ronnie Flex	3	['4sfdFMNDcc0Aw9DuwEksAn', '4tcdEtudRV8K5xSE219QBl', '49G1QitwJ7FLFqUS8b9Onp']
Bizzey	Ramiks	3	['1k18FcU8nC4Bs0SSLbeslg', '3hHHaTr65mG7bpApRW5CZQ', '442ctQ3OBBk8aMo3Ma3wRX']
3robi	Esko	3	['5tyKjCpbeWHXEfXH6bMz0C', '0LVHnPkTgNsUMmYbVaDzZH', '6p9be3JVl3ofGWUEo5zW4D']
Esko	Mula B	3	['0LVHnPkTgNsUMmYbVaDzZH', '3qAGVjbRtMh58DogGWGGsB', '6p9be3JVl3ofGWUEo5zW4D']
Diplo	LSD	3	['7boPPE857KEqCIHNwFkDop', '73F87Sqh6jQWucOOvz1WFx', '5a8RPWgKSmcGBGcffmIrUi']
Diplo	Labrinth	3	['7boPPE857KEqCIHNwFkDop', '73F87Sqh6jQWucOOvz1WFx', '5a8RPWgKSmcGBGcffmIrUi']
Diplo	Sia	3	['7boPPE857KEqCIHNwFkDop', '73F87Sqh6jQWucOOvz1WFx', '5a8RPWgKSmcGBGcffmIrUi']
LSD	Labrinth	3	['7boPPE857KEqCIHNwFkDop', '73F87Sqh6jQWucOOvz1WFx', '5a8RPWgKSmcGBGcffmIrUi']
LSD	Sia	3	['7boPPE857KEqCIHNwFkDop', '73F87Sqh6jQWucOOvz1WFx', '5a8RPWgKSmcGBGcffmIrUi']
Labrinth	Sia	3	['7boPPE857KEqCIHNwFkDop', '73F87Sqh6jQWucOOvz1WFx', '5a8RPWgKSmcGBGcffmIrUi']
3robi	Lijpe	3	['6qN7yPBgF9t6x2T6ltUZMv', '3GaIRIw3eBvT1gUBgFjblH', '2gObiLcpHmoQ5SFF1W62tp']
Josylvio	Lijpe	3	['6qN7yPBgF9t6x2T6ltUZMv', '18CkDfMW10KhueHaqAFgWK', '2gObiLcpHmoQ5SFF1W62tp']
Josylvio	Spanker	3	['6qN7yPBgF9t6x2T6ltUZMv', '3ric0kUwtfuFVHwSNp7iOj', '2gObiLcpHmoQ5SFF1W62tp']
Sevn Alias	Spanker	3	['1bUcg6eQcf94i1aOfx9xuV', '76rw0u7xCJ14rwnMjFDDEX', '47NKiq0hnSzEpLFisoiMpi']
Josylvio	Vic9	3	['0W45XmA05WhqVxO9XTqLvG', '0NCF2ekH3weZEw0DqcGEMG', '61jOKwltSmB052rWcyRvz9']
Frenna	Josylvio	3	['2IK7cxq9ntsElLVZ10dKlh', '5NcCNp9DU4FenhmUTw6wwa', '58T9kXiPjzyGEp4SmjszGC']
Equalz	Mula B	3	['32KaEzzoNXtjTyMT55ZT7y', '1tlsYSUB7DBGezOpIDCPOn', '2O0Tk0qsfH0OXFR6vaXxod']
Cardi B	Migos	3	['4wFjTWCunQFKtukqrNijEt', '2qcG0nZ6S3zZV0UrkY5nFo', '3g9Mi3kTzzmjBUXN7wnGjI']
3robi	Bartofso	3	['0LVHnPkTgNsUMmYbVaDzZH', '5Thqaj7W2YgpWNixvUclH6', '6p9be3JVl3ofGWUEo5zW4D']
Drake	Lil Baby	3	['1wsf1YFQSYND45y0GzJmf7', '6vN77lE9LK6HP2DewaN6HZ', '6wWaVoUOzLQJHd3bWAUpdZ']
Gunna	Lil Baby	3	['78QR3Wp35dqAhFEc2qAGjE', '6wWaVoUOzLQJHd3bWAUpdZ', '1BxkZE73h9BN3qwuA15TA3']
Joshua Nolet	Kraantje Pappie	3	['3xbLeZAtP6yVnsgP3EGlie', '0jRdDTDXuDEwTQ78svtNDH', '2A5bn4VNEw2xWGWk2SQeaO']
Leafs	Ramiks	3	['3gk7NrlzHgyJNsBbg3J7se', '5jzMqRWDHvKUV7XHouExvU', '5vHoK2rfXUTECtP7YHoEOu']
Esko	JoeyAK	3	['4YHUQw0i3O5YTu8sqyl3XB', '0UMaqPntFC8dFOc7p3Iefj', '4LXuslkMUmef9vJOk36kiH']
Frenna	Priceless	3	['19CB086TjdU7dRi3JN9SzY', '3Xhja7VmQSQyFrXaXIMJuc', '5H6uaK8A2ZvUAOSCUCfyV3']
$hirak	Ronnie Flex	3	['6Lz9hVw8UbvS9wvxdT1S4L', '6F3KVKjrgcxsSsZyUNuRAA', '77wz2VtAwxAwYOGTJrZBKT']
Chivv	Kraantje Pappie	3	['6k6bQGKTMazxhXmzakPb5Q', '5es8kaTPXX5ikcBchdHbtV', '1YQ3SYZoB4X6EfWhpkirVc']
Chivv	Yung Felix	3	['6k6bQGKTMazxhXmzakPb5Q', '5es8kaTPXX5ikcBchdHbtV', '1YQ3SYZoB4X6EfWhpkirVc']
Kraantje Pappie	Yung Felix	3	['6k6bQGKTMazxhXmzakPb5Q', '5es8kaTPXX5ikcBchdHbtV', '1YQ3SYZoB4X6EfWhpkirVc']
Jonna Fraser	Maan	3	['68gqyfOViOCnm9L2Mv2V3P', '1Hh8NGpjEtsvSsItUMG2JB', '3xsYFUOntlouoiMcn9AA52']
Frenna	Young Ellens	3	['6Nv9IGoIAicTW0lWvCRx8k', '43qXDpfNpWel9AtE8PwwO0', '2gLxCTT5bbo2EkTNeTAsBe']
Idaly	Yade Lauren	3	['4NThQxccneyM6IkCsXxmu5', '1SdUIrPh4jjTlulO0s7EOA', '052B4Xlu9LKhmxKl2zW24P']
Jonna Fraser	Yade Lauren	3	['4NThQxccneyM6IkCsXxmu5', '1SdUIrPh4jjTlulO0s7EOA', '052B4Xlu9LKhmxKl2zW24P']
Equalz	The Partysquad	3	['3q53X8ieRcKb7BPLejQcVe', '0dQvacDaTyrYsRaetoCLaN', '2QWPb6jDxCIDBBllquNCWx']
Anitta	J Balvin	3	['3Ga6eKrUFf12ouh9Yw3v2D', '4vKltMFviBKMdhYu3FDLY0', '6MNGxu8MprKGkchUchkJsy']
Architrackz	Chivv	3	['4oV8xfNjlyl61owJxlYaMM', '5U49Pyxl8yyTphS0bp18WB', '1nwopZ6GjSCFB7wjgfuQ4t']
Architrackz	Shanee	3	['4oV8xfNjlyl61owJxlYaMM', '5U49Pyxl8yyTphS0bp18WB', '1nwopZ6GjSCFB7wjgfuQ4t']
Chivv	Shanee	3	['4oV8xfNjlyl61owJxlYaMM', '5U49Pyxl8yyTphS0bp18WB', '1nwopZ6GjSCFB7wjgfuQ4t']
Julia Michaels	Noah Kahan	3	['026IC4Vj88QjLlnIPDExhz', '7vA2Y79Q4bBqdzBCfHeGEe', '7apizLyhMRutg3ccXvr2qv']
Bizzey	LouiVos	3	['1kgp4ZFCvSqkD4pnD6AlwH', '2CHHdFvOaAlrwt5a0vp7ex', '5APk8dXNf2EN1bc34Tv46C']
Drechter	JoeyAK	3	['36BqkgMwelAnF8EOWNQYkV', '2x5OYvyHD5i6lUl3mG3xZI', '3tfLQSFhKwgl2UHSw3LuHd']
Ali B	Boef	3	['6h8Vwpox9ARTx8DIxn5PD6', '52pYYuXAin5eK1vrrpVtYg', '1htgKxYpMdfRuGalVUc055']
Ali B	Ronnie Flex	3	['2gRJDJb8aAjAOzSrv1EPMe', '52pYYuXAin5eK1vrrpVtYg', '1htgKxYpMdfRuGalVUc055']
De Fellas	Geechi	3	['5oxUt6pagkd5LvaB2ATLWX', '5cPlvM2o5HfJGvIiCGozi8', '5bjbuOFX1rCRarFKGdNGtj']
Chivv	Lil Kleine	3	['1wcxPF6j5cFYKZbJFm3PQp', '2zW8y5ry4YudAPnLmagr1c', '5ncYmvTAX7RbJSvoFGrSkv']
Boef	Lil Kleine	3	['1X8py2jInjgIQ9Y9roDQZC', '4tNpAeDH7S7cJGEo28Ogi4', '77wz2VtAwxAwYOGTJrZBKT']
Jonna Fraser	Sevn Alias	3	['1bUcg6eQcf94i1aOfx9xuV', '2PEYEFRPnGzPTdtQxUXf9P', '3UPsdBBqs9vnVF0fYTGA8n']
Post Malone	Ty Dolla $ign	3	['65NwOZqoXny4JxqAPlfxRF', '7wrDRQgHlvDnimrRHfQZxt', '3swc6WTsr7rl9DqQKQA55C']
Josylvio	Yung Felix	3	['4uFilJdTcMu9A7R4pVIKoF', '0s9jg4u18rVQz6NhllTVkK', '33WwBBS0kVcHBvb3iuVRY0']
CHO	Equalz	3	['32KaEzzoNXtjTyMT55ZT7y', '7D973n9XquEXreSZOvAhOs', '2O0Tk0qsfH0OXFR6vaXxod']
Bokoesam	Ronnie Flex	3	['0MZsrJ0PYQGxc7pj6L9pfs', '5q5YLRG3vCf0i2dTwP9e4m', '62clKutKYiOrjlWWMrbas9']
Bizzey	Jayh	3	['328C7jF3eXYYGvlPDZu2I9', '4MM5Z2MbZ4Q4zAxd1WqsS2', '5oL2shDhnyIuE1qe89qmfS']
Dopebwoy	Jayh	3	['4MM5Z2MbZ4Q4zAxd1WqsS2', '5oL2shDhnyIuE1qe89qmfS', '6C5iwEarMNTiiVo79nLULc']
Jonna Fraser	SBMG	3	['53e2SpRXJ0ecSYA5EXbAvd', '2tE91SF5e1xY20syeIaKBh', '2c5sqTX6jCEzmLsAsPMmT7']
Emms	Kevin	3	['0EpNQXAtOJNXaTK68f4dNg', '2gxU9QlFGmjfBl4eUewgPw', '4E2XoWfrQt04Cs08fm0a6Y']
David Guetta	Sia	3	['33IOhptvC2Qoy2UhjiHXLV', '66BjcDhhwWCcQIBxHMpKXh', '2ludbmtPoyCPe2K08fAlFl']
Eves Laurent	Frsh	3	['40ZrExEr7OFES5EpAoq7Sc', '04BTOumRrSOB0Msok8Mgip', '06OwvHYzlNG5KPjvwPMc4x']
Bokoesam	Nnelg	3	['1nnwkz3ys30jARrBiL1Xpj', '2SFsXnrOstDVkUZJErcGby', '4ryZ2ApCmlLJBTpaI1ZRu5']
Bokoesam	Jonna Fraser	3	['629xRQtXhUVxBoxQEIYOaA', '6elY1sqA5lTD7I4kMBQdwj', '79XDZ5UlQI8wSfWX04JQXp']
Bokoesam	KM	3	['629xRQtXhUVxBoxQEIYOaA', '6elY1sqA5lTD7I4kMBQdwj', '79XDZ5UlQI8wSfWX04JQXp']
Jonna Fraser	KM	3	['629xRQtXhUVxBoxQEIYOaA', '6elY1sqA5lTD7I4kMBQdwj', '79XDZ5UlQI8wSfWX04JQXp']
D-Double	Josylvio	3	['4iRtYUwztOwhqsokfzxtM2', '19MZwQ3hXSz5uhDFVourgh', '2zmB6vEzvXFXf38k39KhE7']
D-Double	Kempi	3	['4jA62V736dvIA8sg2DedMZ', '19MZwQ3hXSz5uhDFVourgh', '0TEPuv1UzRzrkQyJ9A6HbQ']
Kempi	Sevn Alias	3	['1bUcg6eQcf94i1aOfx9xuV', '19MZwQ3hXSz5uhDFVourgh', '6OpKBghxyHSJ9lqqJ4EkJu']
Post Malone	Swae Lee	3	['5VuxWXbt7XENQCtE9TzpTv', '1A6OTy97kk0mMdm78rHsm8', '3KkXRkHbMCARz0aVfEt68P']
Eves Laurent	Vic9	3	['7aSdE47tGMNtk59ao7Hjiy', '28XA313Sa1TPyVBwM8rO8C', '61jOKwltSmB052rWcyRvz9']
Jayh	Vic9	3	['7aSdE47tGMNtk59ao7Hjiy', '28XA313Sa1TPyVBwM8rO8C', '61jOKwltSmB052rWcyRvz9']
Hef	Moeman	3	['2gH2J6QSrkpzsHu0ZUalz1', '3sEwzhkrXeMqLVeIyTFHU7', '1s4yL3qIAAxaX0MyuE75Pa']
Sevn Alias	Vic9	3	['4nnW0IqcUw4O4pW09aMjTa', '2Ib6lmqKtgHHjCZVYVQ2hI', '24R6vXchJmvoLsg6RTgsY9']
Ali B	Glades	3	['7y1v8iaytOstydxjWP7rWk', '7oUgt1FlDitaf2rhuTfdah', '2N5yaVi4DGGRweQmvUxqN3']
Lil Kleine	Ronnie Flex	3	['0JdKB06zZsPXmfvQVeJS35', '260azNxQzQIloG7OpjQtTC', '77wz2VtAwxAwYOGTJrZBKT']
Frenna	Lil Kleine	3	['7qkqUFKET2tAjVHLxlLYOe', '3tg0lgN3MB2xXUQeLAcrHe', '4kuexchmxuc5NXmokfo1WH']
Jonna Fraser	Yung Felix	2	['5kHMdJLmN364FvFfky3AXI', '1xTRBBczIpKiqgFBrXZ6JY']
JoeyAK	Yung Felix	2	['0kTrhRSJcskjcDDvrYBuxz', '6x6iWbKTUuLElkoZvLpOHV']
Frenna	Jandro	2	['6tvEDjTRcYG0MXwdWGRs3L', '0HupLl9x9lSTsv9nVBoOnt']
2 Chainz	Saudi	2	['4iEpZuwhEuoilKaZjXQPbF', '4LmAnpjlhWTahvRkYR8xJa']
2 Chainz	ScHoolboy Q	2	['4iEpZuwhEuoilKaZjXQPbF', '4LmAnpjlhWTahvRkYR8xJa']
Saudi	ScHoolboy Q	2	['4iEpZuwhEuoilKaZjXQPbF', '4LmAnpjlhWTahvRkYR8xJa']
Brando	Loud Luxury	2	['7K7MUBCnzgBAvMVW2RTWNs', '43V1z6QToNNWNldV4FEG6r']
Lijpe	Mula B	2	['7y1v8iaytOstydxjWP7rWk', '7J55j5I6XOMB2aG52hrvtg']
Bokoesam	Famke Louise	2	['1JVBWi7RXdqEjIy3vKTXgG', '3lO5USjdP5URIogo7CZSH7']
6ix9ine	Anuel AA	2	['0LQ1J0BCzA2qnAgp9MkkNE', '7ATATJztoWLcqDAcVVof0C']
Eves Laurent	Spens	2	['1UweLSKaFJexy0LOgKYJhF', '4jp8WYgFmZJEqiQJUOJMIw']
Calvin Harris	Funk Wav	2	['7tr2za8SQg2CI8EDgrdtNl', '5bcTCxgc7xVfSaMV3RuVke']
Anne-Marie	David Guetta	2	['2lYTJK94hb0fd1LQtb6Dhk', '2zy9TMoZlYGuCNY4TLqG24']
Jason Derulo	Nicki Minaj	2	['6kex4EBAj0WHXDKZMEJaaF', '5Xn4IyTtW6FUGIUyWjbUHG']
Logic	OneRepublic	2	['5DR5ROdgm8iSxhZKLXEIbi', '1Nj2oBISdFDSF8eDuXcALz']
Boef	JoeyAK	2	['036HGg6Bs7n15m99zcnPwZ', '543fUGxve06ncOLtWRSxoO']
Dopebwoy	Leafs	2	['2gE0b1VtUXi6BV5FcnpkUI', '7ulH79Yk90PkLsEjYjVyif']
Dopebwoy	SFB	2	['2gE0b1VtUXi6BV5FcnpkUI', '7ulH79Yk90PkLsEjYjVyif']
Leafs	SFB	2	['2gE0b1VtUXi6BV5FcnpkUI', '7ulH79Yk90PkLsEjYjVyif']
Khalid	Swae Lee	2	['5jyyPsIGM2yqkZN9R3TmvN', '3pf6HWXtEalIWoZcPTFbc6']
Kevin	Lijpe	2	['6z6ZrBYsYWhaMFI0Ce6v0x', '1MtXpQ0388TBmBXXOv48Fr']
Gesaffelstein	The Weeknd	2	['56d6kYZhfhzpoC3s1dRU2V', '13wNEvWmBsWaWVtiLPRIW5']
Chris Stapleton	Justin Timberlake	2	['1LhMopPAallLeaeNutqbgS', '09ts3GnICqYEU5PkQCpJK3']
Drake	Kyla	2	['1zi7xx7UVEFkmKfv06H8x0', '1xznGGDReH1oQq0xzbwXa3']
Drake	Wizkid	2	['1zi7xx7UVEFkmKfv06H8x0', '1xznGGDReH1oQq0xzbwXa3']
Kyla	Wizkid	2	['1zi7xx7UVEFkmKfv06H8x0', '1xznGGDReH1oQq0xzbwXa3']
Jacin Trill	Ronnie Flex	2	['6Lz9hVw8UbvS9wvxdT1S4L', '3DdwVor6LVg1jnjqnMksoJ']
Migos	Post Malone	2	['07W9fL0ee9LsqD9c3kNrdo', '3OnOomd79OjqSYHchCQ6ht']
Poppe	Winne	2	['2rLwuzk26ztIaVQVtZkHc9', '3qdnqDvZQkfa1tNTlcr6zW']
Alan Walker	Digital Farm Animals	2	['0UBLhedidy1DjSF4ncF5zL', '5yFSF6qQA1rcLsQRnBsZgb']
Alan Walker	Juliander	2	['0UBLhedidy1DjSF4ncF5zL', '5yFSF6qQA1rcLsQRnBsZgb']
Alan Walker	Noah Cyrus	2	['0UBLhedidy1DjSF4ncF5zL', '5yFSF6qQA1rcLsQRnBsZgb']
Digital Farm Animals	Juliander	2	['0UBLhedidy1DjSF4ncF5zL', '5yFSF6qQA1rcLsQRnBsZgb']
Digital Farm Animals	Noah Cyrus	2	['0UBLhedidy1DjSF4ncF5zL', '5yFSF6qQA1rcLsQRnBsZgb']
Juliander	Noah Cyrus	2	['0UBLhedidy1DjSF4ncF5zL', '5yFSF6qQA1rcLsQRnBsZgb']
Mula B	Sevn Alias	2	['79FGX4BCXh5fcJ6Nc8meGb', '1dQrmIderFf4DoIqrIzDWR']
Bradley Cooper	Lady Gaga	2	['2VxeLyX666F8uXCJ0dZF8B', '5lK18Pt33xNudq4qYDxIm8']
Boef	L'Algérino	2	['0rBVYSVsq3O9PA4gomReUp', '6aT5ROJFLj5SxuLMoNzGoq']
Ed Sheeran	Eminem	2	['1cS0TgbR263ey9jn0MwD2s', '5UEnHoDYpsxlfzWLZIc7LD']
Bizzey	Frenna	2	['1k18FcU8nC4Bs0SSLbeslg', '442ctQ3OBBk8aMo3Ma3wRX']
Frenna	Ramiks	2	['1k18FcU8nC4Bs0SSLbeslg', '442ctQ3OBBk8aMo3Ma3wRX']
Billie Eilish	Khalid	2	['0u2P5u6lvoDfwTYjAADbn4', '1NJcg626wLln4pGHpiV7mf']
Bizzey	Mr. Polska	2	['3fwn2pq9iTfDIoYAaUOHGy', '2KVrwHeHDnB3nVpB1b902y']
Jayh	Josylvio	2	['2Hph4H5txBui25pV5HRUy4', '61jOKwltSmB052rWcyRvz9']
Armin van Buuren	Sam Martin	2	['2QmDHtlLW3alx8iBNfu2YR', '5dRlU4dgX4t0K1wQuFLPsN']
Esko	Mouad Locos	2	['0UMaqPntFC8dFOc7p3Iefj', '3qAGVjbRtMh58DogGWGGsB']
Esko	The Blockparty	2	['0UMaqPntFC8dFOc7p3Iefj', '3qAGVjbRtMh58DogGWGGsB']
Mouad Locos	The Blockparty	2	['0UMaqPntFC8dFOc7p3Iefj', '3qAGVjbRtMh58DogGWGGsB']
AFROJACK	David Guetta	2	['0tPQPaOKM32WgMSbPCYyRH', '2ludbmtPoyCPe2K08fAlFl']
Nicky Jam	Ozuna	2	['3V8UKqhEK5zBkBb6d6ub8i', '6JjPBQfI2Y8nIjnm65X6Pw']
Frenna	KM	2	['0sPZ8vNyMNHeO6cQAc7G16', '442ctQ3OBBk8aMo3Ma3wRX']
3robi	Spanker	2	['6qN7yPBgF9t6x2T6ltUZMv', '2gObiLcpHmoQ5SFF1W62tp']
Lijpe	Spanker	2	['6qN7yPBgF9t6x2T6ltUZMv', '2gObiLcpHmoQ5SFF1W62tp']
MocroManiac	Sevn Alias	2	['2PEYEFRPnGzPTdtQxUXf9P', '47NKiq0hnSzEpLFisoiMpi']
Logic	Marshmello	2	['6zOhgKfbMiQWToE6K13s2s', '4EAV2cKiqKP5UPZmY6dejk']
Drake	Migos	2	['6n4U3TlzUGhdSFbUUhTvLP', '1jr1BnpXymcf2i97mTR8tJ']
Lijpe	Stijco	2	['3GpH5Vdf5AOjkkf9Uo7kvd', '4XSBMFkF968P8qFYk9ZDsw']
Mark Ronson	Miley Cyrus	2	['27rdGxbavYJeBphck5MZAF', '5KHzV8Gf3aweIMImliFAOs']
$hirak	SBMG	2	['3KbEjgh1xjxhK4qSAAz5FZ', '77wz2VtAwxAwYOGTJrZBKT']
Bizzey	Idaly	2	['4sfdFMNDcc0Aw9DuwEksAn', '2EInjnv0uxfPX67XxK6ERT']
David Guetta	Jamie Scott	2	['0OlnLZY4cmQzT6ZGttvWBM', '1jLlIo8HA1KdhGiaYaC4j9']
David Guetta	Romy Dya	2	['0OlnLZY4cmQzT6ZGttvWBM', '1jLlIo8HA1KdhGiaYaC4j9']
Jamie Scott	Martin Garrix	2	['0OlnLZY4cmQzT6ZGttvWBM', '1jLlIo8HA1KdhGiaYaC4j9']
Jamie Scott	Romy Dya	2	['0OlnLZY4cmQzT6ZGttvWBM', '1jLlIo8HA1KdhGiaYaC4j9']
Martin Garrix	Romy Dya	2	['0OlnLZY4cmQzT6ZGttvWBM', '1jLlIo8HA1KdhGiaYaC4j9']
Halsey	Khalid	2	['7FGq80cy8juXBCD2nrqdWU', '0d2iYfpKoM0QCKvcLCkBao']
Halsey	benny blanco	2	['7FGq80cy8juXBCD2nrqdWU', '0d2iYfpKoM0QCKvcLCkBao']
Khalid	benny blanco	2	['7FGq80cy8juXBCD2nrqdWU', '0d2iYfpKoM0QCKvcLCkBao']
Bokoesam	Lil Kleine	2	['2SdXCB4OPo6J6Yc7V249pS', '7fwWB6u2BAVKdrTudi5MZt']
6ix9ine	Kanye West	2	['0EwS8XJQspgrj1zSUXhFkl', '1oJ8EDr2pv94IvSd6ZmDgo']
Chivv	Dopebwoy	2	['4b9SuUqaAdSrRexMXtt06w', '18B3AG7KK2hSjL0UY6EjUB']
Cardi B	Nicki Minaj	2	['4wFjTWCunQFKtukqrNijEt', '3g9Mi3kTzzmjBUXN7wnGjI']
Migos	Nicki Minaj	2	['4wFjTWCunQFKtukqrNijEt', '3g9Mi3kTzzmjBUXN7wnGjI']
Alan Walker	Au/Ra	2	['6SRWhUJcD2YKahCwHavz3X', '1snWlbcbgQpJfknoI30DWG']
Alan Walker	Tomine Harket	2	['6SRWhUJcD2YKahCwHavz3X', '1snWlbcbgQpJfknoI30DWG']
Au/Ra	Tomine Harket	2	['6SRWhUJcD2YKahCwHavz3X', '1snWlbcbgQpJfknoI30DWG']
Bokoesam	Jandro	2	['3ric0kUwtfuFVHwSNp7iOj', '0MZsrJ0PYQGxc7pj6L9pfs']
Bokoesam	Josylvio	2	['3ric0kUwtfuFVHwSNp7iOj', '3IjjddhWjK1WHqfeMOojTm']
Bokoesam	Spanker	2	['3ric0kUwtfuFVHwSNp7iOj', '79XDZ5UlQI8wSfWX04JQXp']
Brasco	Chivv	2	['6RUKIgCC3JqwBvPBrf0Tp0', '6ikurqCCOvt9y6yNXgRypr']
Brasco	Geechi	2	['6RUKIgCC3JqwBvPBrf0Tp0', '6ikurqCCOvt9y6yNXgRypr']
Chivv	Frsh	2	['6RUKIgCC3JqwBvPBrf0Tp0', '6ikurqCCOvt9y6yNXgRypr']
Chivv	Geechi	2	['6RUKIgCC3JqwBvPBrf0Tp0', '6ikurqCCOvt9y6yNXgRypr']
Adje	Hef	2	['3IjjddhWjK1WHqfeMOojTm', '2gH2J6QSrkpzsHu0ZUalz1']
Josylvio	Momi	2	['0W45XmA05WhqVxO9XTqLvG', '2MpMTupx2EEb2yEQvGeLxh']
Jebroer	Paul Elstak	2	['4tM13V5qVHM6nKTx7aMWVj', '5ZgA4F6aJ3nxKKYZq6KWco']
Bartofso	Esko	2	['0LVHnPkTgNsUMmYbVaDzZH', '6p9be3JVl3ofGWUEo5zW4D']
BloodPop®	Hailee Steinfeld	2	['3towKHKVOXCCcL1fHv6xFO', '2bllegdYt2WoYdbRZyJ730']
BKO	Josylvio	2	['6uUSmhfdiOR7gYeTN430kA', '64l897E7XwF6sWe7veyH0J']
BKO	Kevin	2	['6uUSmhfdiOR7gYeTN430kA', '64l897E7XwF6sWe7veyH0J']
Josylvio	Young Ellens	2	['6uUSmhfdiOR7gYeTN430kA', '64l897E7XwF6sWe7veyH0J']
Kevin	Young Ellens	2	['6uUSmhfdiOR7gYeTN430kA', '64l897E7XwF6sWe7veyH0J']
Anbu	Bokoesam	2	['7hGwtoaHgfYhKIEPtUAWRl', '3nubz9cSLIpP2GkczD9ngg']
Anbu	Jacin Trill	2	['7hGwtoaHgfYhKIEPtUAWRl', '3nubz9cSLIpP2GkczD9ngg']
Anbu	Jiri11	2	['7hGwtoaHgfYhKIEPtUAWRl', '3nubz9cSLIpP2GkczD9ngg']
Bokoesam	Jiri11	2	['7hGwtoaHgfYhKIEPtUAWRl', '3nubz9cSLIpP2GkczD9ngg']
Jacin Trill	Jiri11	2	['7hGwtoaHgfYhKIEPtUAWRl', '3nubz9cSLIpP2GkczD9ngg']
3robi	Idaly	2	['2UMPNNnKfqNHz2TNv91ACh', '4pRdaFablbE2sadvp6w8dB']
Idaly	LouiVos	2	['2UMPNNnKfqNHz2TNv91ACh', '4pRdaFablbE2sadvp6w8dB']
Demi Lovato	Luis Fonsi	2	['1zsG4eaZmkA1dvjDDsAGLK', '2hl6q70unbviGo3g1R7uFx']
Murda	SFB	2	['4JgJ1zHXV0I3IPgkN9XE7P', '5e7W7nBD5KG2KHCnazm1Hz']
DJ DYLVN	Zefanio	2	['6GrNyiRDjQIvYsMmhgkMF2', '1YZBRQw08cnUh2EYkEm6BP']
Camila Cabello	Young Thug	2	['1rfofaqEpACxVEHIZBJe6W', '0ofbQMrRDsUaVKq2mGLEAb']
A$AP Rocky	Moby	2	['1YmF9PvLhIISIANoMLIYGq', '3oHkMCVJyOcjg5FhfLc2Rq']
21 Savage	Metro Boomin	2	['1m6lqaLvUTxPjOo98fJH8U', '43lYaovU2FoeuBMNusVVVW']
Dr Phunk	Paul Elstak	2	['5ZgA4F6aJ3nxKKYZq6KWco', '5o0RoCEFMDrQg0xy0i6t20']
Chivv	JoeyAK	2	['0UMaqPntFC8dFOc7p3Iefj', '5xwv3ROqFwTWNPx7zNUODZ']
JoeyAK	Young Ellens	2	['036HGg6Bs7n15m99zcnPwZ', '0UMaqPntFC8dFOc7p3Iefj']
J Balvin	Nicky Jam	2	['39N9RPD9MRb5WmoLzNzPeA', '6JjPBQfI2Y8nIjnm65X6Pw']
Esko	Sevn Alias	2	['5t9G3TwQmd82h8WWZMsbmD', '6DegfbdqIagSCr8NmtGslD']
Sidney Samson	Sjaak	2	['2FJGSiyMdwf9pfa2HSowrQ', '0r6Z3rpHvZJCGP7EVEzsoN']
Lil Peep	XXXTENTACION	2	['0Dn40gxVCMo5TkgS8Ik18Q', '4jvjzW7Hm0yK4LvvE0Paz9']
Lost Frequencies	Zonderling	2	['2hqy4QmpvMeVz6zeolDeLQ', '1ZtEZjYb4e0V0gqwRYeeAY']
$hirak	Bizzey	2	['6F3KVKjrgcxsSsZyUNuRAA', '0X46CPFsAMAPobzEgEhQAm']
Bizzey	Ronnie Flex	2	['4sfdFMNDcc0Aw9DuwEksAn', '6F3KVKjrgcxsSsZyUNuRAA']
Jonas Blue	Lennon Stella	2	['6XqvFyJGdUD5IWee02ARKU', '1wsLHgXJ4SKIfd5ePSX1hD']
Jonas Blue	Liam Payne	2	['6XqvFyJGdUD5IWee02ARKU', '1wsLHgXJ4SKIfd5ePSX1hD']
Lennon Stella	Liam Payne	2	['6XqvFyJGdUD5IWee02ARKU', '1wsLHgXJ4SKIfd5ePSX1hD']
CHO	Esko	2	['4YHUQw0i3O5YTu8sqyl3XB', '4LXuslkMUmef9vJOk36kiH']
CHO	JoeyAK	2	['4YHUQw0i3O5YTu8sqyl3XB', '4LXuslkMUmef9vJOk36kiH']
CHO	MocroManiac	2	['4YHUQw0i3O5YTu8sqyl3XB', '4LXuslkMUmef9vJOk36kiH']
Esko	MocroManiac	2	['4YHUQw0i3O5YTu8sqyl3XB', '4LXuslkMUmef9vJOk36kiH']
JoeyAK	MocroManiac	2	['4YHUQw0i3O5YTu8sqyl3XB', '4LXuslkMUmef9vJOk36kiH']
Drake	Michael Jackson	2	['6G8kHiVZ1jW7vHMPVRNZU0', '36ONiya0OANYknz0GgJmwB']
Kendrick Lamar	The Weeknd	2	['6ZNo7Vi0TE9ul1fhKd4S1M', '4ofvoCdXq99vpMZO4Cfp8x']
Anitta	Jeon	2	['6MNGxu8MprKGkchUchkJsy', '4vKltMFviBKMdhYu3FDLY0']
J Balvin	Jeon	2	['6MNGxu8MprKGkchUchkJsy', '4vKltMFviBKMdhYu3FDLY0']
JoeyAK	Josylvio	2	['6mBfGRIGzWPWRr2vTB5Oum', '2gH2J6QSrkpzsHu0ZUalz1']
JoeyAK	Vic9	2	['51G9SVykXKYPuEq8JsBaw2', '24R6vXchJmvoLsg6RTgsY9']
Becky G	David Guetta	2	['3soOPBuMK8YMdWnV7xpEyf', '4dSoDnmR9opAQ8KxUc9SbC']
Becky G	Sean Paul	2	['3soOPBuMK8YMdWnV7xpEyf', '4dSoDnmR9opAQ8KxUc9SbC']
David Guetta	Sean Paul	2	['3soOPBuMK8YMdWnV7xpEyf', '4dSoDnmR9opAQ8KxUc9SbC']
Boef	SBMG	2	['76OfzNtY3nG5hCnh5COSjt', '77wz2VtAwxAwYOGTJrZBKT']
Dopebwoy	Jonna Fraser	2	['12t7jQn5lyASeB3w9VuRSh', '6C5iwEarMNTiiVo79nLULc']
Diquenza	Latifah	2	['6bNzyAWKpKRl7A6U2iorzU', '5zB2dXUEuz1PQZ2DWYJ5Tu']
Frenna	Latifah	2	['6bNzyAWKpKRl7A6U2iorzU', '5zB2dXUEuz1PQZ2DWYJ5Tu']
CNCO	Little Mix	2	['5PB8zB1MOZASboLquvinMF', '58gqyeFXhOttZW3yetJGPN']
Kempi	Vic9	2	['4vSJZLqg98Iq2qTib5NBJJ', '0TEPuv1UzRzrkQyJ9A6HbQ']
Donnie	Mr. Polska	2	['0t1jyNtNC5tKYZh6rCIRKZ', '3m10VCxCIRFkFbe2NACLos']
Beyoncé	JAY-Z	2	['1W6wxOOYyJyyok8fqYSZ3m', '0WqIKmW4BTrj3eJFmnCKMv']
Clean Bandit	Julia Michaels	2	['2HfKpWYPx4Os46z1K7yE4k', '2xmrfQpmS2iJExTlklLoAL']
Drechter	Jboy	2	['2x5OYvyHD5i6lUl3mG3xZI', '3tfLQSFhKwgl2UHSw3LuHd']
Jboy	JoeyAK	2	['2x5OYvyHD5i6lUl3mG3xZI', '3tfLQSFhKwgl2UHSw3LuHd']
Ed Sheeran	Tori Kelly	2	['4XbQLaWyFkXTwPK33kxWQJ', '3vOmmLuvEUgGaVuRsCs2QF']
Bizzey	Bokoesam	2	['41zdH95o0ciAv0Oa7FcuHC', '0X46CPFsAMAPobzEgEhQAm']
6ix9ine	Young Thug	2	['0d2vY2TqqmWPuXUm1vcwa5', '1Y500yrabUJY2mIQS3RDt4']
Tory Lanez	Young Thug	2	['0d2vY2TqqmWPuXUm1vcwa5', '1Y500yrabUJY2mIQS3RDt4']
De Fellas	Frsh	2	['5cPlvM2o5HfJGvIiCGozi8', '5bjbuOFX1rCRarFKGdNGtj']
Hef	Nafthaly Ramona	2	['4NUgjW9bM2c21LzUvrvUPc', '3hHHaTr65mG7bpApRW5CZQ']
Frenna	Ronnie Flex	2	['1riPE3NCV1OBmSXqpYiMJY', '40Jfl936Y8gYHU0klKu3SN']
6ix9ine	Nicki Minaj	2	['2E124GmJRnBJuXbTb4cPUB', '1oJ8EDr2pv94IvSd6ZmDgo']
CHO	Idaly	2	['556MEGDs31JciHLLJuWFUM', '75So2hrGBlTF06xtn7ZTho']
CHO	Latifah	2	['556MEGDs31JciHLLJuWFUM', '75So2hrGBlTF06xtn7ZTho']
CHO	Spanker	2	['556MEGDs31JciHLLJuWFUM', '75So2hrGBlTF06xtn7ZTho']
Idaly	Latifah	2	['556MEGDs31JciHLLJuWFUM', '75So2hrGBlTF06xtn7ZTho']
Idaly	Spanker	2	['556MEGDs31JciHLLJuWFUM', '75So2hrGBlTF06xtn7ZTho']
Latifah	Spanker	2	['556MEGDs31JciHLLJuWFUM', '75So2hrGBlTF06xtn7ZTho']
F1rstman	Philly Moré	2	['4EjvTCcY0KUinBhh8iPToi', '0WuY11hkyujNJDiNvwVjzW']
F1rstman	SFB	2	['4EjvTCcY0KUinBhh8iPToi', '0WuY11hkyujNJDiNvwVjzW']
Philly Moré	SFB	2	['4EjvTCcY0KUinBhh8iPToi', '0WuY11hkyujNJDiNvwVjzW']
Dr Phunk	Jebroer	2	['5ZgA4F6aJ3nxKKYZq6KWco', '57G2C1TvEUbyiMhaPJc3v2']
Fmg	Johnny 500	2	['2BDKkJrVhq8ZaJNXuHOh4l', '4GYAyxGETbdonxYkFwKZzm']
Fmg	Stepherd	2	['2BDKkJrVhq8ZaJNXuHOh4l', '4GYAyxGETbdonxYkFwKZzm']
Johnny 500	Stepherd	2	['2BDKkJrVhq8ZaJNXuHOh4l', '4GYAyxGETbdonxYkFwKZzm']
Kanye West	PARTYNEXTDOOR	2	['6Bg7MznA9X0dIhlAsLyBYj', '3dG6tjetoR4GMmUGZUprLt']
F1rstman	Hef	2	['6jUUk5ApmAchBUWSjDjS09', '3PbO7Npw09Azumolxw2Hgv']
Ali B	Mula B	2	['4eLhKlJiNVpelrBX66ouIn', '7y1v8iaytOstydxjWP7rWk']
LouiVos	Scarface	2	['7navYQqZUnnvVT5tqmLya3', '7BxEzlvQmt2S72wjOAQzs1']
Ali B	Soufiane Eddyani	2	['5BeZqWCMXG0zROm4zqhmLh', '4wszsRzYmEcVCcCmbYHynZ']
Dj Punish	Lil Kleine	2	['3G4pcNQo3XLQHxJDgllgEl', '4qJeU1KjKcWq4YXJX9r7YA']
Dj Punish	Sticks	2	['3G4pcNQo3XLQHxJDgllgEl', '4qJeU1KjKcWq4YXJX9r7YA']
Dj Punish	The Partysquad	2	['3G4pcNQo3XLQHxJDgllgEl', '4qJeU1KjKcWq4YXJX9r7YA']
Lil Kleine	Sticks	2	['3G4pcNQo3XLQHxJDgllgEl', '4qJeU1KjKcWq4YXJX9r7YA']
Lil Kleine	The Partysquad	2	['3G4pcNQo3XLQHxJDgllgEl', '4qJeU1KjKcWq4YXJX9r7YA']
Sticks	The Partysquad	2	['3G4pcNQo3XLQHxJDgllgEl', '4qJeU1KjKcWq4YXJX9r7YA']
Ella Eyre	Sigala	2	['0v3BMLcwUmAwyqJaf5997o', '3kGfazcbVvVkuZunzlLgTD']
Clean Bandit	Demi Lovato	2	['6kPJZM97LwdG9QIsT7khp6', '3NuK5xMlSlB6K2Qp16zf3h']
Brooks	David Guetta	2	['4aBYzs8RxZMuqyOanNlf8I', '6RnkFd8Fqqgk1Uni8RgqCQ']
Brooks	Martin Garrix	2	['4aBYzs8RxZMuqyOanNlf8I', '6RnkFd8Fqqgk1Uni8RgqCQ']
Jay Electronica	Justin Bieber	2	['3XBMJF4N7ZdZrK30oGCxpN', '0sPJELXHyWpFgkxlzvvRFI']
Jay Electronica	Poo Bear	2	['3XBMJF4N7ZdZrK30oGCxpN', '0sPJELXHyWpFgkxlzvvRFI']
Justin Bieber	Poo Bear	2	['3XBMJF4N7ZdZrK30oGCxpN', '0sPJELXHyWpFgkxlzvvRFI']
George Benson	Gorillaz	2	['3NeiYiBn3rQBgurfVk92Zm', '5fGWdNGGnvKrrHL6U7c1Vp']
Jhorrmountain	Johnny 500	2	['4cILqcIz2jHssNtE9OtMZB', '1HxeewbSlhZcoWEIrVPMTx']
Little Mix	Nicki Minaj	2	['6rrTr2HEAzlpC4KWZxF3S1', '222B3aljXx6fFwKmFjuBED']
Ali B	Numidia	2	['7KRU3BkjlsTR58R8M7apkO', '2gRJDJb8aAjAOzSrv1EPMe']
Jack & Jack	Jonas Blue	2	['3KLygy1YWhmrQx0GRs7IOx', '3u1S1OmAUhx5DRlLrXqyp3']
Fmg	Kalibwoy	2	['68nCMhvH0cg9yj8XLpjIrl', '3kZfJffOYbu7LCku8Cg9gI']
DJ D-Train	JoeyAK	2	['0i8oihUZ9sthOF6GVONc6o', '2TiRgfuuKzXJzhtwqYbPn6']
DJ D-Train	Massief	2	['0i8oihUZ9sthOF6GVONc6o', '2TiRgfuuKzXJzhtwqYbPn6']
JoeyAK	Massief	2	['0i8oihUZ9sthOF6GVONc6o', '2TiRgfuuKzXJzhtwqYbPn6']
Josylvio	Zefanio	2	['4I9YFbl7wBxgFsRfrV0RLS', '3afNzUwSt9dXBAXDPxlFHj']
Diquenza	Emms	2	['3AkhtRarPRwQ2lAzvnH64n', '4OKYWw0ZjWu9rUebVtL87w']
Jozo	Kraantje Pappie	2	['7shAADk9RbPvnwCSkjctFJ', '26rVJH5zUQ7Yihz6c850Sn']
Jake Reese	Regi	2	['2NPiBHafyMwJXvSemJ2S0F', '0vJFpxm8SDKAzqtJyVNXFw']
Esko	Jacin Trill	2	['5TmUGtXYssKCXtGlD5eYfl', '4XzcGuODGCJxv0SxZS33sp']
KA	Moeman	2	['4hJiA2Y8XH55ffiIZVW3oq', '0iEeNlFbTMB40GicIOLCdH']
Eves Laurent	Zefanio	2	['7t6DUHTN8wq4ncZpUqPMzn', '06OwvHYzlNG5KPjvwPMc4x']
Ashafar	Josylvio	2	['2gH2J6QSrkpzsHu0ZUalz1', '4NhvDfbBq5iXoIKZRTF8ff']
3robi	Yung Felix	2	['4uFilJdTcMu9A7R4pVIKoF', '7pnDwqm8sdzXtpgYO0FzKH']
Davina Michelle	Tino Martin	2	['5fNrm4tC6DyhfbkzQIDiDd', '1gVkQo9V1l9eBRd2BE5BCX']
Architrackz	CHO	2	['32KaEzzoNXtjTyMT55ZT7y', '2O0Tk0qsfH0OXFR6vaXxod']
Architrackz	Equalz	2	['32KaEzzoNXtjTyMT55ZT7y', '2O0Tk0qsfH0OXFR6vaXxod']
Architrackz	Mula B	2	['32KaEzzoNXtjTyMT55ZT7y', '2O0Tk0qsfH0OXFR6vaXxod']
CHO	Mula B	2	['32KaEzzoNXtjTyMT55ZT7y', '2O0Tk0qsfH0OXFR6vaXxod']
$hirak	Frenna	2	['0gH8MrEnV16R2YGzTHJpCZ', '1E9YnqIDTEQbOwUAuV5NRn']
$hirak	Jonna Fraser	2	['0gH8MrEnV16R2YGzTHJpCZ', '1E9YnqIDTEQbOwUAuV5NRn']
Future	Juice WRLD	2	['2OsDoAzo5SGq10qwmKSQBv', '5274I4mUMnYczyeXkGDWZN']
Frenna	Paul Sinha	2	['6x5c86HQubT1wfuYkxjjpd', '2sQ1EEA4ROj9uqt1Dc9MdB']
Jayh	Mula B	2	['4MM5Z2MbZ4Q4zAxd1WqsS2', '5oL2shDhnyIuE1qe89qmfS']
Cardi B	Maroon 5	2	['7fa9MBXhVfQ8P8Df9OEbD8', '6FRLCMO5TUHTexlWo8ym1W']
Jayh	Pyramids	2	['1UWVRppNt3tlbOCgOrxVkg', '0ht8WhfnGlR3QQ0hZ8ZWul']
Broederliefde	Jayh	2	['73vLhceixnBZDefGbdTrnI', '5kinRwIDWsqfHRwBpMGgLi']
MHD	Wizkid	2	['0SJRHDAStlsrXIXeFZZStK', '0O4XHiuVt3dBaOzSI49BtF']
Chance the Rapper	DJ Khaled	2	['3DXncPQOG4VBw3QHh3S817', '5WvAo7DNuPRmk4APhdPzi8']
Chance the Rapper	Justin Bieber	2	['3DXncPQOG4VBw3QHh3S817', '5WvAo7DNuPRmk4APhdPzi8']
Chance the Rapper	Quavo	2	['3DXncPQOG4VBw3QHh3S817', '5WvAo7DNuPRmk4APhdPzi8']
DJ Khaled	Justin Bieber	2	['3DXncPQOG4VBw3QHh3S817', '5WvAo7DNuPRmk4APhdPzi8']
DJ Khaled	Quavo	2	['3DXncPQOG4VBw3QHh3S817', '5WvAo7DNuPRmk4APhdPzi8']
Justin Bieber	Quavo	2	['3DXncPQOG4VBw3QHh3S817', '5WvAo7DNuPRmk4APhdPzi8']
CHO	Sevn Alias	2	['5ZisPxI95QDhu1BOtvUmcw', '5g11rzDKxlideQci43DGaH']
Jayh	Sevn Alias	2	['1bUcg6eQcf94i1aOfx9xuV', '5g11rzDKxlideQci43DGaH']
Imagine Dragons	Kygo	2	['0kHyKhJMukHEPfeh8s7rdM', '4M3FO0ji6Lc8vwD1sgf1nc']
D-Double	Hef	2	['0TEPuv1UzRzrkQyJ9A6HbQ', '2BEzeyp0odTNrWfrxucN5v']
Jonna Fraser	Kraantje Pappie	2	['5dTXWGmCg3hQ9SmHBJdcIr', '2z4b4AQOpfUX1ywADCPbgK']
Jayh	Tabitha	2	['2hlwSQ076EEDOTUI55ZqGZ', '22vOs7uv9EnkD0uBKZ7vYB']
Khalid	Shawn Mendes	2	['3Wf2YGdYT8xVdNsQSoRKk9', '5SwEgzUFDHwpWHKrbnP32Z']
Hardwell	KSHMR	2	['4CVOUJki8YUWol3jhLphgs', '0MtQg28qLhEyBuTT7z7dpo']
Esko	Jonna Fraser	2	['23aMUcHK5P1xmr8BAV9qnH', '4XzcGuODGCJxv0SxZS33sp']
Jonna Fraser	Ronnie Flex	2	['5bznfV59JXjzobL625Da2v', '40fX9XWjnChCRvsi9lUQgW']
Esko	Woenzelaar	2	['6q7NZtLvI5cuVm6LDt4Jd4', '23aMUcHK5P1xmr8BAV9qnH']
Travis Barker	XXXTENTACION	2	['0T6RSXxFhW8dRTWHI604ld', '4zI04ezdmrN0lT2pHykYrd']
Grey	Maren Morris	2	['2ARqIya5NAuvFVHSN3bL0m', '09IStsImFySgyp0pIQdqAc']
Grey	Zedd	2	['2ARqIya5NAuvFVHSN3bL0m', '09IStsImFySgyp0pIQdqAc']
Maren Morris	Zedd	2	['2ARqIya5NAuvFVHSN3bL0m', '09IStsImFySgyp0pIQdqAc']
J. Cole	kiLL edward	2	['6onwlDmIVKE8bBgyBRSuS0', '3rFF7kSm5qBOOPs6ljFgPp']
D-Double	Sevn Alias	2	['19MZwQ3hXSz5uhDFVourgh', '2Ib6lmqKtgHHjCZVYVQ2hI']
Josylvio	Kempi	2	['19MZwQ3hXSz5uhDFVourgh', '6OpKBghxyHSJ9lqqJ4EkJu']
Kempi	Kevin	2	['19MZwQ3hXSz5uhDFVourgh', '0TEPuv1UzRzrkQyJ9A6HbQ']
Henkie T	Latifah	2	['3H2f2E4k3je9njtiMPpLLP', '1v3fyyGJRlblbobabiXxIs']
Lijpe	Riffi	2	['4PHKGIJZ3LxrHiZgd3kLdJ', '3cP4ESQPcVLcYJg5wM0LH0']
Avicii	Sandro Cavazza	2	['6WbADFqMvR8N5u0BvtsWQE', '6Pgkp4qUoTmJIPn7ReaGxL']
J Balvin	Willy William	2	['2rb5MvYT7ZIxbKW5hfcHx8', '7COfe3P7KgfwDwIRB8LIDw']
Esko	Flow de Wolf	2	['6q7NZtLvI5cuVm6LDt4Jd4', '6rUF1pACORbYjt3KemsG4d']
Eminem	Jessie Reyez	2	['09FfQO3PqHO4HIJL511Ksi', '4g32MdRoqwGKQd3NXIRhpU']
BKO	Jairzinho	2	['0Z9pQtRABvj0BagLGMzn13', '2YeKWxs3kfBFt7UduCEXub']
BKO	Sevn Alias	2	['5ZisPxI95QDhu1BOtvUmcw', '2YeKWxs3kfBFt7UduCEXub']
Het Sinterklaas Meezingboek	Maan	2	['7dVeDvUom0xPIECc7lwnq0', '7MSXadoH71DHxROwS6RpjB']
Bebe Rexha	Florida Georgia Line	2	['7iDa6hUg2VgEL1o1HjmfBn', '4e4fqjx0Izh4svvTef1z7e']
Emms	Winne	2	['5foxqMF6Cm68xpoUUcwPaL', '5FosaY6IOaHVLkhEfgPU93']
Geechi	Jayh	2	['7aSdE47tGMNtk59ao7Hjiy', '28XA313Sa1TPyVBwM8rO8C']
Geechi	Vic9	2	['7aSdE47tGMNtk59ao7Hjiy', '28XA313Sa1TPyVBwM8rO8C']
KYLE	Kehlani	2	['43cFjTTCD9Cni4aSL0sORz', '4F1yvJfQ7gJkrcgFJQDjOr']
Gucci Mane	Sevenn	2	['6iC7vapdKp0XlKhxOkp8QJ', '7i5sdKCjFIYlD9idhZBijJ']
Gucci Mane	Tiësto	2	['6iC7vapdKp0XlKhxOkp8QJ', '7i5sdKCjFIYlD9idhZBijJ']
Sevenn	Tiësto	2	['6iC7vapdKp0XlKhxOkp8QJ', '7i5sdKCjFIYlD9idhZBijJ']
Elliven	SBMG	2	['1cra3xaObREFnWE3vA2s9j', '4Ohl82DeiqWFlQy29gB1FX']
Sevn Alias	Young Ellens	2	['036HGg6Bs7n15m99zcnPwZ', '2PEYEFRPnGzPTdtQxUXf9P']
Bizzey	YOUNGBAEKANSIE	2	['5fNMMDMnBIhKUUdxmyElKb', '30VPSHQuH0HpaqPuWA5O8x']
Jozo	YOUNGBAEKANSIE	2	['5fNMMDMnBIhKUUdxmyElKb', '30VPSHQuH0HpaqPuWA5O8x']
Bokoesam	CHO	2	['6ks0YJUKLYI6pypXz0hbj2', '4WE7YVE5l9eYJ6VVfKKzXc']
Dopebwoy	Zefanio	2	['06OwvHYzlNG5KPjvwPMc4x', '6C5iwEarMNTiiVo79nLULc']
Jayh	Jonna Fraser	2	['1bUcg6eQcf94i1aOfx9xuV', '6C5iwEarMNTiiVo79nLULc']
Jonna Fraser	Spanker	2	['1bUcg6eQcf94i1aOfx9xuV', '79XDZ5UlQI8wSfWX04JQXp']
Glades	Ismo	2	['7oUgt1FlDitaf2rhuTfdah', '5IVAmSvrMJO97rYFibgDRp']
Broederliefde	Frenna	2	['2a01mRS1QctP7EvmMFoPee', '5vJxmMmw4fJX0hNxH6fVHV']
Josylvio	MocroManiac	2	['59d2CbwAKLsQHl1QXHaEHf', '2zmB6vEzvXFXf38k39KhE7']
Liam Payne	Rita Ora	2	['4ESIYCrLnFoUd1mVbISDot', '5hM6sP0Gh1jD57drszNueC']
Lucass	Sevn Alias	2	['4RBaMIwTChxFvNAWOAlW7s', '11PUjNPduwAYVyVOQN91Tm']
Jandro	Jayh	2	['6sSXSeIfq6vvjq1lYIHDCi', '1YZBRQw08cnUh2EYkEm6BP']
JoeyAK	lucass	2	['2EQHObRF5cv8LlGMiWPXk8', '4vploRf9RgP9rTKdUymSfq']
D-Double	Vic9	2	['2Ib6lmqKtgHHjCZVYVQ2hI', '0TEPuv1UzRzrkQyJ9A6HbQ']
Chivv	Kevin	2	['1wcxPF6j5cFYKZbJFm3PQp', '5ncYmvTAX7RbJSvoFGrSkv']
Kevin	Lil Kleine	2	['1wcxPF6j5cFYKZbJFm3PQp', '5ncYmvTAX7RbJSvoFGrSkv']
Diztortion	Lijpe	2	['2gYYze1TI73pR07gKmbPXj', '3ZJOP16Vydp5TbBo7Rev2O']
Diztortion	The Partysquad	2	['2gYYze1TI73pR07gKmbPXj', '3ZJOP16Vydp5TbBo7Rev2O']
Lijpe	The Partysquad	2	['2gYYze1TI73pR07gKmbPXj', '3ZJOP16Vydp5TbBo7Rev2O']
Beste Zangers	Davina Michelle	2	['2rzZ0IGxgrGUAPwrWn80z7', '1CVg5y9maMjmdRsy9tAuKd']
Jacin Trill	Nnelg	2	['2SFsXnrOstDVkUZJErcGby', '4ryZ2ApCmlLJBTpaI1ZRu5']
Drummakid	Makkie	2	['0v3mjnuzHKFbNGuzG4UFgN', '5jOD14ccmGx0ZHGlaupfxS']
Idaly	Jandro	2	['7tfGTae1zHLGhzoHTilClh', '0MZsrJ0PYQGxc7pj6L9pfs']
Kodak Black	Offset	2	['0FZ4Dmg8jJJAPJnvBIzD9z', '7l3E7lcozEodtVsSTCkcaA']
Kodak Black	Travis Scott	2	['0FZ4Dmg8jJJAPJnvBIzD9z', '7l3E7lcozEodtVsSTCkcaA']
Offset	Travis Scott	2	['0FZ4Dmg8jJJAPJnvBIzD9z', '7l3E7lcozEodtVsSTCkcaA']
Jermaine Niffer	Josylvio	2	['5xjmVT7UAi7n6x3t1c0W7k', '4iRtYUwztOwhqsokfzxtM2']
Major Lazer	Tove Lo	2	['3nVPr3wSy56cc5LeNHJm9K', '1wcYgcBH8WW1kXNezuFBqU']
Post Malone	Quavo	1	['3a1lNhkSLSkpJE4MSHpDu9']
David Benjamin	SRNO	1	['58FDKxg4uUVEOV0lSRHnQf']
Shawn Mendes	Zedd	1	['575NJxNUVDqwJGdzBrlLbv']
Black Coffee	David Guetta	1	['6X7PK2UQMUU36ux9pynSkV']
Black Coffee	Delilah Montagu	1	['6X7PK2UQMUU36ux9pynSkV']
David Guetta	Delilah Montagu	1	['6X7PK2UQMUU36ux9pynSkV']
Kygo	Selena Gomez	1	['3eR23VReFzcdmS7TYCrhCe']
Bokoesam	Esko	1	['3lO5USjdP5URIogo7CZSH7']
Esko	Famke Louise	1	['3lO5USjdP5URIogo7CZSH7']
Dzeko	Post Malone	1	['4kWO6O1BUXcZmaxitpVUwp']
Dzeko	Preme	1	['4kWO6O1BUXcZmaxitpVUwp']
Dzeko	Tiësto	1	['4kWO6O1BUXcZmaxitpVUwp']
Post Malone	Preme	1	['4kWO6O1BUXcZmaxitpVUwp']
Post Malone	Tiësto	1	['4kWO6O1BUXcZmaxitpVUwp']
Preme	Tiësto	1	['4kWO6O1BUXcZmaxitpVUwp']
Paloma Faith	Sigala	1	['5xzCzOAOfRi4DOttSzvznR']
Fresku	Janne Schra	1	['0VgoO6qlVgAgcmZUipzkzE']
DYSTINCT	Zefanio	1	['3oWRWGWIcxjWaPWVGwI5nq']
Henkie T	KM	1	['6uVWvaQpKJgep9YuA5xxR7']
Beyoncé	Destiny's Child	1	['1A5xG6UPdPCSrz4SDb96vc']
Eves Laurent	Teflon	1	['4jp8WYgFmZJEqiQJUOJMIw']
Spens	Teflon	1	['4jp8WYgFmZJEqiQJUOJMIw']
Big Sean	Calvin Harris	1	['5bcTCxgc7xVfSaMV3RuVke']
Big Sean	Funk Wav	1	['5bcTCxgc7xVfSaMV3RuVke']
Big Sean	Katy Perry	1	['5bcTCxgc7xVfSaMV3RuVke']
Big Sean	Pharrell Williams	1	['5bcTCxgc7xVfSaMV3RuVke']
Calvin Harris	Katy Perry	1	['5bcTCxgc7xVfSaMV3RuVke']
Calvin Harris	Pharrell Williams	1	['5bcTCxgc7xVfSaMV3RuVke']
Funk Wav	Katy Perry	1	['5bcTCxgc7xVfSaMV3RuVke']
Funk Wav	Pharrell Williams	1	['5bcTCxgc7xVfSaMV3RuVke']
Katy Perry	Pharrell Williams	1	['5bcTCxgc7xVfSaMV3RuVke']
Leafs	Rich The Kid	1	['4IpDytR9x1L4BlWZP5DokS']
Kevin	Momi	1	['0CH8nEx9WaxfpW74z1cqRe']
Kendrick Lamar	Lil Wayne	1	['0dbTQYW3Ad1FTzIA9t90E8']
David Guetta	Jason Derulo	1	['5Xn4IyTtW6FUGIUyWjbUHG']
David Guetta	Nicki Minaj	1	['5Xn4IyTtW6FUGIUyWjbUHG']
David Guetta	Willy William	1	['5Xn4IyTtW6FUGIUyWjbUHG']
Jason Derulo	Willy William	1	['5Xn4IyTtW6FUGIUyWjbUHG']
Nicki Minaj	Willy William	1	['5Xn4IyTtW6FUGIUyWjbUHG']
21 Savage	Migos	1	['4BHzHISX21PYwGXiBEUQ70']
Boef	Idaly	1	['543fUGxve06ncOLtWRSxoO']
Idaly	JoeyAK	1	['543fUGxve06ncOLtWRSxoO']
Anne-Marie	James Arthur	1	['6mQLN3zRtAp6ovjusyYKrV']
Josylvio	Yade Lauren	1	['5jw7CHu3akrckulGRavNOt']
Kevin	Yade Lauren	1	['5jw7CHu3akrckulGRavNOt']
6ix9ine	DJ SpinKing	1	['6kp0inxIexxSiDJfWqq0ZL']
Snakehips	St Rulez	1	['0O5wJ7mY1Lr90DiRT7eSCX']
Maluma	Nego do Borel	1	['4lESS6vuruP6a79KWRaQou']
Ir Sais	Yung Felix	1	['6A7E3kp8GA1mjwF4HA9JmO']
Ir Sais	Zefanio	1	['6A7E3kp8GA1mjwF4HA9JmO']
Yung Felix	Zefanio	1	['6A7E3kp8GA1mjwF4HA9JmO']
Bartofso	Bokoesam	1	['3JRjubRw6TzEfWos7sXFZV']
Bartofso	Yung Felix	1	['3JRjubRw6TzEfWos7sXFZV']
Avicii	Tim Berg	1	['6J7ZSdEEYo3ns4gnHdwRL0']
Big2	Lijpe	1	['1QNLHbCUy6LTWLu5nWV4TJ']
6LACK	Khalid	1	['6Hgh47WXVKtXN5zGOu0hjI']
6LACK	Ty Dolla $ign	1	['6Hgh47WXVKtXN5zGOu0hjI']
Khalid	Ty Dolla $ign	1	['6Hgh47WXVKtXN5zGOu0hjI']
Don Diablo	Emeli Sandé	1	['0ZK4SbP0mgjTlvLiSBbhsd']
Don Diablo	Gucci Mane	1	['0ZK4SbP0mgjTlvLiSBbhsd']
Emeli Sandé	Gucci Mane	1	['0ZK4SbP0mgjTlvLiSBbhsd']
French Montana	Swae Lee	1	['3B54sVLJ402zGa6Xm4YGNe']
Broederliefde	Ronnie Flex	1	['6qPHdoNjqsWflm2TFC3OED']
Brasco	Mugeez	1	['0V40uvyx4ECHqrZcLApxJn']
Frsh	Mugeez	1	['0V40uvyx4ECHqrZcLApxJn']
Emms	Idaly	1	['1nYj5Hv2ON80QokibDMvOE']
Emms	Jonna Fraser	1	['1nYj5Hv2ON80QokibDMvOE']
Frenna	Idaly	1	['1nYj5Hv2ON80QokibDMvOE']
Rene Karst	Stef Ekkel	1	['1pLuLSngbXW9ftvgeSge6E']
Bad Bunny	Drake	1	['116H0KvKr2Zl4RPuVBruDO']
David Guetta	Justin Bieber	1	['3A7qX2QjDlPnazUsRk5y0M']
Diplo	MØ	1	['5vsRm2aCBl5T2qdpvwtrf6']
Logic	Sam Smith	1	['3n3b5WNEohHP7Ou4ndBo6b']
KIDS SEE GHOSTS	Louis Prima	1	['6JyEh4kl9DLwmSAoNDRn5b']
F1rstman	Keizer	1	['5NbSYlkXUXBUrNmGcX45sA']
6ix9ine	Bobby Shmurda	1	['1jQvUmf16VE9WQCPuK2e8K']
Drew Love	The Chainsmokers	1	['3pWcj8hxj3fsb9TDAcMpEl']
Juicy J	Rae Sremmurd	1	['2yUbCEiaolfSMluDo9RMmG']
Juicy J	Slim Jxmmi	1	['2yUbCEiaolfSMluDo9RMmG']
Juicy J	Swae Lee	1	['2yUbCEiaolfSMluDo9RMmG']
James Blunt	Robin Schulz	1	['3bWAqKDWg6u1davspr5IkS']
Cardi B	Meek Mill	1	['3DnZfpfe8wLeJgzc00gKeW']
Frank Sinatra	Seal	1	['3izBQhKOGofHcyILP6iTPs']
Bizzey	Diquenza	1	['1k18FcU8nC4Bs0SSLbeslg']
Bizzey	Dovgh	1	['1k18FcU8nC4Bs0SSLbeslg']
Diquenza	Dovgh	1	['1k18FcU8nC4Bs0SSLbeslg']
Diquenza	Ramiks	1	['1k18FcU8nC4Bs0SSLbeslg']
Dovgh	Frenna	1	['1k18FcU8nC4Bs0SSLbeslg']
Dovgh	Ramiks	1	['1k18FcU8nC4Bs0SSLbeslg']
3robi	Young Ellens	1	['5tyKjCpbeWHXEfXH6bMz0C']
Nicki Minaj	Post Malone	1	['6IaieqiCVvsNvEt6Y7yOFa']
Beenie Man	Sevn Alias	1	['7k1oe3rthNfvGLUOXnRGQn']
Justin Jesso	Kygo	1	['0Zbbxnx4SGGHoIow4PpISP']
Drake	Static Major	1	['4IvenHmD0spfFDOKphoUDp']
Drake	Ty Dolla $ign	1	['4IvenHmD0spfFDOKphoUDp']
Static Major	Ty Dolla $ign	1	['4IvenHmD0spfFDOKphoUDp']
Badd Dimes	Famke Louise	1	['4kFL3f0dCZS6iLETSu4apY']
Badd Dimes	Jayh	1	['4kFL3f0dCZS6iLETSu4apY']
Famke Louise	Jayh	1	['4kFL3f0dCZS6iLETSu4apY']
A Great Big World	Christina Aguilera	1	['5TvE3pk05pyFIGdSY9j4DJ']
Boef	Bokoesam	1	['0X2KIeCmqAhBdkl3pwu9QO']
Mouad Locos	Mula B	1	['3qAGVjbRtMh58DogGWGGsB']
Mula B	The Blockparty	1	['3qAGVjbRtMh58DogGWGGsB']
Ozuna	Reik	1	['6jA8JUuPCGYjFcgw0AoM5T']
Ozuna	Wisin	1	['6jA8JUuPCGYjFcgw0AoM5T']
Reik	Wisin	1	['6jA8JUuPCGYjFcgw0AoM5T']
AFROJACK	Charli XCX	1	['0tPQPaOKM32WgMSbPCYyRH']
AFROJACK	French Montana	1	['0tPQPaOKM32WgMSbPCYyRH']
Charli XCX	David Guetta	1	['0tPQPaOKM32WgMSbPCYyRH']
Charli XCX	French Montana	1	['0tPQPaOKM32WgMSbPCYyRH']
David Guetta	French Montana	1	['0tPQPaOKM32WgMSbPCYyRH']
Bizzey	Kris Kross Amsterdam	1	['6716bTJI7qiHJFFSR0Ethe']
Bizzey	Maan	1	['6716bTJI7qiHJFFSR0Ethe']
Bizzey	Tabitha	1	['6716bTJI7qiHJFFSR0Ethe']
Kris Kross Amsterdam	Maan	1	['6716bTJI7qiHJFFSR0Ethe']
Kris Kross Amsterdam	Tabitha	1	['6716bTJI7qiHJFFSR0Ethe']
Maan	Tabitha	1	['6716bTJI7qiHJFFSR0Ethe']
Bad Bunny	Casper Magico	1	['3V8UKqhEK5zBkBb6d6ub8i']
Bad Bunny	Darell	1	['3V8UKqhEK5zBkBb6d6ub8i']
Bad Bunny	Nicky Jam	1	['3V8UKqhEK5zBkBb6d6ub8i']
Bad Bunny	Nio Garcia	1	['3V8UKqhEK5zBkBb6d6ub8i']
Bad Bunny	Ozuna	1	['3V8UKqhEK5zBkBb6d6ub8i']
Casper Magico	Darell	1	['3V8UKqhEK5zBkBb6d6ub8i']
Casper Magico	Nicky Jam	1	['3V8UKqhEK5zBkBb6d6ub8i']
Casper Magico	Nio Garcia	1	['3V8UKqhEK5zBkBb6d6ub8i']
Casper Magico	Ozuna	1	['3V8UKqhEK5zBkBb6d6ub8i']
Darell	Nicky Jam	1	['3V8UKqhEK5zBkBb6d6ub8i']
Darell	Nio Garcia	1	['3V8UKqhEK5zBkBb6d6ub8i']
Darell	Ozuna	1	['3V8UKqhEK5zBkBb6d6ub8i']
Nicky Jam	Nio Garcia	1	['3V8UKqhEK5zBkBb6d6ub8i']
Nio Garcia	Ozuna	1	['3V8UKqhEK5zBkBb6d6ub8i']
Bigiedagoe	Bright	1	['50cQNAz5EQG2HUgUPdM9JV']
Bigiedagoe	J-Boy	1	['50cQNAz5EQG2HUgUPdM9JV']
Bigiedagoe	JayKoppig	1	['50cQNAz5EQG2HUgUPdM9JV']
Bigiedagoe	JoeyAK	1	['50cQNAz5EQG2HUgUPdM9JV']
Bigiedagoe	Lucc	1	['50cQNAz5EQG2HUgUPdM9JV']
Bright	J-Boy	1	['50cQNAz5EQG2HUgUPdM9JV']
Bright	JayKoppig	1	['50cQNAz5EQG2HUgUPdM9JV']
Bright	JoeyAK	1	['50cQNAz5EQG2HUgUPdM9JV']
Bright	Lucc	1	['50cQNAz5EQG2HUgUPdM9JV']
J-Boy	JayKoppig	1	['50cQNAz5EQG2HUgUPdM9JV']
J-Boy	JoeyAK	1	['50cQNAz5EQG2HUgUPdM9JV']
J-Boy	Lucc	1	['50cQNAz5EQG2HUgUPdM9JV']
JayKoppig	JoeyAK	1	['50cQNAz5EQG2HUgUPdM9JV']
JayKoppig	Lucc	1	['50cQNAz5EQG2HUgUPdM9JV']
JoeyAK	Lucc	1	['50cQNAz5EQG2HUgUPdM9JV']
Idaly	Josylvio	1	['3aMI0cu9YaZfyJTJMS89Ey']
Bizzey	KM	1	['442ctQ3OBBk8aMo3Ma3wRX']
KM	Ramiks	1	['442ctQ3OBBk8aMo3Ma3wRX']
Martin Garrix	Mike Shinoda	1	['5Gi8lLH3edcexP99srU1Nl']
Martin Garrix	Pierce Fulton	1	['5Gi8lLH3edcexP99srU1Nl']
Mike Shinoda	Pierce Fulton	1	['5Gi8lLH3edcexP99srU1Nl']
Henkie T	Zefanio	1	['2ZykMuQaBJznWfwuxhUiZS']
MocroManiac	Spanker	1	['47NKiq0hnSzEpLFisoiMpi']
MocroManiac	Sticks	1	['47NKiq0hnSzEpLFisoiMpi']
Sevn Alias	Sticks	1	['47NKiq0hnSzEpLFisoiMpi']
Spanker	Sticks	1	['47NKiq0hnSzEpLFisoiMpi']
LouiVos	Spanker	1	['5MLzKPCMUW5lupoCIINTcj']
Mula B	Spanker	1	['5MLzKPCMUW5lupoCIINTcj']
Bad Bunny	Cardi B	1	['58q2HKrzhC3ozto2nDdN4z']
Bad Bunny	J Balvin	1	['58q2HKrzhC3ozto2nDdN4z']
Cardi B	J Balvin	1	['58q2HKrzhC3ozto2nDdN4z']
Eves Laurent	SBMG	1	['5JHz4T9qW6Xtqq3aKXhEWJ']
Geechi	SBMG	1	['5JHz4T9qW6Xtqq3aKXhEWJ']
Josylvio	Roets	1	['0NCF2ekH3weZEw0DqcGEMG']
Josylvio	Winne	1	['0NCF2ekH3weZEw0DqcGEMG']
Roets	Vic9	1	['0NCF2ekH3weZEw0DqcGEMG']
Roets	Winne	1	['0NCF2ekH3weZEw0DqcGEMG']
Vic9	Winne	1	['0NCF2ekH3weZEw0DqcGEMG']
Dopebwoy	Jermaine Niffer	1	['22WvRabMlCVrtOUr38vZtq']
Dopebwoy	Jozo	1	['22WvRabMlCVrtOUr38vZtq']
Jermaine Niffer	Jozo	1	['22WvRabMlCVrtOUr38vZtq']
Mark Ronson	Sean Ono Lennon	1	['5KHzV8Gf3aweIMImliFAOs']
Miley Cyrus	Sean Ono Lennon	1	['5KHzV8Gf3aweIMImliFAOs']
Melisa Imani	SBMG	1	['4b2foVvdxZ8OhrsevMmiRl']
DJ DYLVN	Hansie	1	['0g8FVJPtUXIB1kKQCtBT16']
DJ DYLVN	Tabitha	1	['0g8FVJPtUXIB1kKQCtBT16']
Hansie	Tabitha	1	['0g8FVJPtUXIB1kKQCtBT16']
Idaly	Mula B	1	['2EInjnv0uxfPX67XxK6ERT']
MHD	Stefflon Don	1	['7xbC2ckCDoJfkVmjCdpMjB']
Jerrod Niemann	The Henningsens	1	['42dbPJAyOplvZErnbFUby4']
Kirsty MacColl	The Pogues	1	['3VTNVsTTu05dmTsVFrmGpK']
Avicii	Otto Knows	1	['78W8wiUIlQ2SnWY9TVowKZ']
Moksi	Yade Lauren	1	['682vrW6IbyVRpVZ1XWhrlp']
Moksi	Yellow Claw	1	['682vrW6IbyVRpVZ1XWhrlp']
Yade Lauren	Yellow Claw	1	['682vrW6IbyVRpVZ1XWhrlp']
NATTI NATASHA	Ozuna	1	['6Za3190Sbw39BBC77WSS1C']
Bebe Rexha	Machine Gun Kelly	1	['0OI7AFifLSoGzpb8bdBLLV']
Bebe Rexha	X Ambassadors	1	['0OI7AFifLSoGzpb8bdBLLV']
Machine Gun Kelly	X Ambassadors	1	['0OI7AFifLSoGzpb8bdBLLV']
Mozzy	REASON	1	['35cOyocq8Gb6UcT0NWeTwn']
Mozzy	Sjava	1	['35cOyocq8Gb6UcT0NWeTwn']
REASON	Sjava	1	['35cOyocq8Gb6UcT0NWeTwn']
Candy Dulfer	Sevn Alias	1	['2KxIjyw0qrQ2u2TclurJC8']
AFROJACK	Broederliefde	1	['4zMgIrU1gVG1dHYmRdRVSZ']
3robi	Chivv	1	['18B3AG7KK2hSjL0UY6EjUB']
3robi	Dopebwoy	1	['18B3AG7KK2hSjL0UY6EjUB']
Ali B	Lexxxus	1	['4iiUZrbIY96vXcQpT3p2Bc']
Ali B	Stiekz	1	['4iiUZrbIY96vXcQpT3p2Bc']
Lexxxus	Stiekz	1	['4iiUZrbIY96vXcQpT3p2Bc']
Adje	NAVI	1	['7xty1Yo1BbBGotKb7XMdr3']
Jandro	Josylvio	1	['3ric0kUwtfuFVHwSNp7iOj']
Andrez Babii	Judah	1	['14boA065HMHWvqyPPEeN4y']
Andrez Babii	Rio Santana	1	['14boA065HMHWvqyPPEeN4y']
Andrez Babii	XXXTENTACION	1	['14boA065HMHWvqyPPEeN4y']
Judah	Rio Santana	1	['14boA065HMHWvqyPPEeN4y']
Judah	XXXTENTACION	1	['14boA065HMHWvqyPPEeN4y']
Rio Santana	XXXTENTACION	1	['14boA065HMHWvqyPPEeN4y']
Adje	Bokoesam	1	['3IjjddhWjK1WHqfeMOojTm']
Adje	Framez	1	['3IjjddhWjK1WHqfeMOojTm']
Adje	Kalibwoy	1	['3IjjddhWjK1WHqfeMOojTm']
Adje	Lil Saint	1	['3IjjddhWjK1WHqfeMOojTm']
Adje	Matarr	1	['3IjjddhWjK1WHqfeMOojTm']
Bokoesam	Framez	1	['3IjjddhWjK1WHqfeMOojTm']
Bokoesam	Hef	1	['3IjjddhWjK1WHqfeMOojTm']
Bokoesam	Kalibwoy	1	['3IjjddhWjK1WHqfeMOojTm']
Bokoesam	Lil Saint	1	['3IjjddhWjK1WHqfeMOojTm']
Bokoesam	Matarr	1	['3IjjddhWjK1WHqfeMOojTm']
Framez	Hef	1	['3IjjddhWjK1WHqfeMOojTm']
Framez	Josylvio	1	['3IjjddhWjK1WHqfeMOojTm']
Framez	Kalibwoy	1	['3IjjddhWjK1WHqfeMOojTm']
Framez	Lil Saint	1	['3IjjddhWjK1WHqfeMOojTm']
Framez	Matarr	1	['3IjjddhWjK1WHqfeMOojTm']
Hef	Kalibwoy	1	['3IjjddhWjK1WHqfeMOojTm']
Hef	Lil Saint	1	['3IjjddhWjK1WHqfeMOojTm']
Hef	Matarr	1	['3IjjddhWjK1WHqfeMOojTm']
Josylvio	Kalibwoy	1	['3IjjddhWjK1WHqfeMOojTm']
Josylvio	Lil Saint	1	['3IjjddhWjK1WHqfeMOojTm']
Josylvio	Matarr	1	['3IjjddhWjK1WHqfeMOojTm']
Kalibwoy	Lil Saint	1	['3IjjddhWjK1WHqfeMOojTm']
Kalibwoy	Matarr	1	['3IjjddhWjK1WHqfeMOojTm']
Lil Saint	Matarr	1	['3IjjddhWjK1WHqfeMOojTm']
Appa	Josylvio	1	['2MpMTupx2EEb2yEQvGeLxh']
Appa	Momi	1	['2MpMTupx2EEb2yEQvGeLxh']
Hef	Jayboogz	1	['48C9pg8yAnDz3epobmWxq3']
Jayboogz	Kevin	1	['48C9pg8yAnDz3epobmWxq3']
Broertje	Jermaine Niffer	1	['4cUnxYHW39rYboN7TAvdVc']
Hansie	Jermaine Niffer	1	['4cUnxYHW39rYboN7TAvdVc']
OneRepublic	Seeb	1	['7aF09WaavZAmAWuUeYxlYD']
Killer Kamal	Pietju Bell	1	['1iyrsJVbYzvRvyNdSegCJr']
JAY-Z	Meek Mill	1	['4iQ5gmTAzWfK8JyFC2LBox']
JAY-Z	Rick Ross	1	['4iQ5gmTAzWfK8JyFC2LBox']
Meek Mill	Rick Ross	1	['4iQ5gmTAzWfK8JyFC2LBox']
Drake	Gunna	1	['6wWaVoUOzLQJHd3bWAUpdZ']
Jayboogz	Sevn Alias	1	['0uP5agaPEauPu5fzAJWmAu']
Afro Bros	Darr3n	1	['36ZvuWCG8TAHL3MLPDiKfi']
Afro Bros	Finest Sno	1	['36ZvuWCG8TAHL3MLPDiKfi']
Afro Bros	Kalibwoy	1	['36ZvuWCG8TAHL3MLPDiKfi']
Darr3n	Finest Sno	1	['36ZvuWCG8TAHL3MLPDiKfi']
Darr3n	Kalibwoy	1	['36ZvuWCG8TAHL3MLPDiKfi']
Finest Sno	Kalibwoy	1	['36ZvuWCG8TAHL3MLPDiKfi']
Anouk	Kempi	1	['1e10sWJFAhArHE8XeBvHb7']
BKO	Murda	1	['64l897E7XwF6sWe7veyH0J']
Josylvio	Murda	1	['64l897E7XwF6sWe7veyH0J']
Kevin	Murda	1	['64l897E7XwF6sWe7veyH0J']
Murda	Young Ellens	1	['64l897E7XwF6sWe7veyH0J']
Matt OX	XXXTENTACION	1	['65u1dHQyQyE4y4aN2eDmMF']
Bing Crosby	John Scott Trotter & His Orchestra	1	['4so0Wek9Ig1p6CRCHuINwW']
Bing Crosby	Ken Darby Singers	1	['4so0Wek9Ig1p6CRCHuINwW']
John Scott Trotter & His Orchestra	Ken Darby Singers	1	['4so0Wek9Ig1p6CRCHuINwW']
Caza	DJ DYLVN	1	['6GrNyiRDjQIvYsMmhgkMF2']
Caza	Defano Holwijn	1	['6GrNyiRDjQIvYsMmhgkMF2']
Caza	Zefanio	1	['6GrNyiRDjQIvYsMmhgkMF2']
DJ DYLVN	Defano Holwijn	1	['6GrNyiRDjQIvYsMmhgkMF2']
Defano Holwijn	Zefanio	1	['6GrNyiRDjQIvYsMmhgkMF2']
Felix Riebl	Martha Wainwright	1	['4bAGyoGIkQjroPMi06Lif6']
Lil Kleine	Mr. Polska	1	['2WM1QOmbn4TP0ZFcNOsj2x']
Lil Wayne	Sosamann	1	['3JX0dOCIAiaR8MP3ryXWuM']
Kesha	Macklemore	1	['2Za1AlJNvksouPPWbXpR2X']
Dr Phunk	Joel Beukers	1	['5o0RoCEFMDrQg0xy0i6t20']
Joel Beukers	Paul Elstak	1	['5o0RoCEFMDrQg0xy0i6t20']
Bizzey	Sterre	1	['55eqtnNKBCQxxnWSRPYmbD']
Aluna	Avicii	1	['6mzTuMlbCgEtoCitsszlqP']
Chivv	Esko	1	['0UMaqPntFC8dFOc7p3Iefj']
Chivv	Mouad Locos	1	['0UMaqPntFC8dFOc7p3Iefj']
Chivv	The Blockparty	1	['0UMaqPntFC8dFOc7p3Iefj']
Chivv	Young Ellens	1	['0UMaqPntFC8dFOc7p3Iefj']
JoeyAK	Mouad Locos	1	['0UMaqPntFC8dFOc7p3Iefj']
JoeyAK	The Blockparty	1	['0UMaqPntFC8dFOc7p3Iefj']
Mouad Locos	Young Ellens	1	['0UMaqPntFC8dFOc7p3Iefj']
The Blockparty	Young Ellens	1	['0UMaqPntFC8dFOc7p3Iefj']
J Balvin	Maluma	1	['6JjPBQfI2Y8nIjnm65X6Pw']
J Balvin	Ozuna	1	['6JjPBQfI2Y8nIjnm65X6Pw']
Maluma	Nicky Jam	1	['6JjPBQfI2Y8nIjnm65X6Pw']
Maluma	Ozuna	1	['6JjPBQfI2Y8nIjnm65X6Pw']
Esko	Latifah	1	['6DegfbdqIagSCr8NmtGslD']
Latifah	Sevn Alias	1	['6DegfbdqIagSCr8NmtGslD']
Bartofso	Pietju Bell	1	['5WtZkxaydevBBVRgwttynQ']
Lil Kleine	Sidney Samson	1	['0r6Z3rpHvZJCGP7EVEzsoN']
Lil Kleine	Sjaak	1	['0r6Z3rpHvZJCGP7EVEzsoN']
Avicii	Lenny Kravitz	1	['0kXJNqmYdjwb31QLWGkNb7']
Beyoncé	Ed Sheeran	1	['1bhUWB0zJMIKr9yVPrkEuI']
Adje	Crooks	1	['1e9xG6ljUd3Z1CRWWTh5ej']
Architrackz	Crooks	1	['1e9xG6ljUd3Z1CRWWTh5ej']
Delany	Zefanio	1	['3RYmvW3WRMxWn72O7YI61z']
Rass King	Winne	1	['4eU0d2rrmarMZCNIsaTbMN']
Ismo	Latifah	1	['1lNghUdT3jLVL3oER6n939']
Bizzey	D-Double	1	['4toUDnkOP1eTK2FVx9kAOs']
Broertje	D-Double	1	['4toUDnkOP1eTK2FVx9kAOs']
Anuel AA	Fabolous	1	['2tnlNVAhuQGgoFJxALVeXx']
Anuel AA	Meek Mill	1	['2tnlNVAhuQGgoFJxALVeXx']
Fabolous	Meek Mill	1	['2tnlNVAhuQGgoFJxALVeXx']
Afro Bros	Supergaande	1	['2m48yiSsTndDs8P2GgIHdJ']
Anderson .Paak	Kendrick Lamar	1	['1gnwGVoG7V08vMX3hyr90x']
Chivv	Henkie T	1	['1WiwLDTqjHQQ7OeMJwhR5I']
Boef	Mario Cash	1	['2Bx8FuDraCfTfAeUNvMUWt']
Cheat Codes	Kiiara	1	['2zLIP4R6Yt3afkyh7uhmar']
Dewain Whitmore	Justin Mylo	1	['7IWTIkiWGWNQyYfOLdMrGD']
Dewain Whitmore	Martin Garrix	1	['7IWTIkiWGWNQyYfOLdMrGD']
Justin Mylo	Martin Garrix	1	['7IWTIkiWGWNQyYfOLdMrGD']
070 Shake	Diddy	1	['5FYu8uBB6E11mepU601601']
070 Shake	Nas	1	['5FYu8uBB6E11mepU601601']
Diddy	Nas	1	['5FYu8uBB6E11mepU601601']
Dua Lipa	Martin Garrix	1	['3ebXMykcMXOcLeJ9xZ17XH']
Mr. Probz	Sevn Alias	1	['3CtSIUUF5SuMGimoNfGw4k']
KIDS SEE GHOSTS	Ty Dolla $ign	1	['7GRTrWsP3yo2Fx8umJfA1X']
Ariana Grande	Liz Gillies	1	['6YJdPrH3i2POzu7hdHIRrb']
6LACK	J. Cole	1	['4at3d5QWnlibMVN75ECDrp']
Avicii	Nicky Romero	1	['2bNrvWD9d5Zn9tS8XvcaMk']
Cheat Codes	Demi Lovato	1	['1louJpMmzEicAn7lzDalPW']
Frenna	Jayh	1	['6AFGwlVI9rq9JmOfnHe9AJ']
BLØF	Geike Arnaert	1	['1dCaSvUR92UgJZwmNxnqZV']
Equalz	SBMG	1	['3deiVmpBZY5Bn3EI0N8dc6']
Metro Boomin	Travis Scott	1	['2mYDDUkBcgFNBqkWctyyuc']
3robi	Jonna Fraser	1	['0NX8cMeomTWcpMoFu6IXEz']
Cardi B	DJ Snake	1	['4w8niZpiMy6qz1mntFA5uM']
Cardi B	Ozuna	1	['4w8niZpiMy6qz1mntFA5uM']
Cardi B	Selena Gomez	1	['4w8niZpiMy6qz1mntFA5uM']
DJ Snake	Ozuna	1	['4w8niZpiMy6qz1mntFA5uM']
DJ Snake	Selena Gomez	1	['4w8niZpiMy6qz1mntFA5uM']
Ozuna	Selena Gomez	1	['4w8niZpiMy6qz1mntFA5uM']
Loud Luxury	anders	1	['15fZrZhdK0g1BS9sDeW6sD']
ChildsPlay	Eves Laurent	1	['2YYEVQyUw5eH9uSojWEYlC']
ChildsPlay	Jonna Fraser	1	['2YYEVQyUw5eH9uSojWEYlC']
Eves Laurent	Jonna Fraser	1	['2YYEVQyUw5eH9uSojWEYlC']
Kempi	Winne	1	['584gJ6yqtfSQJrRHXNmyG5']
Biwai	DJ Nassi	1	['0agP9JaHhSmdlwvGa4QVGj']
Biwai	Ismo	1	['0agP9JaHhSmdlwvGa4QVGj']
Biwai	Mr. Crazy	1	['0agP9JaHhSmdlwvGa4QVGj']
Biwai	Riffi	1	['0agP9JaHhSmdlwvGa4QVGj']
Biwai	YONII	1	['0agP9JaHhSmdlwvGa4QVGj']
DJ Nassi	Ismo	1	['0agP9JaHhSmdlwvGa4QVGj']
DJ Nassi	Mr. Crazy	1	['0agP9JaHhSmdlwvGa4QVGj']
DJ Nassi	Riffi	1	['0agP9JaHhSmdlwvGa4QVGj']
DJ Nassi	YONII	1	['0agP9JaHhSmdlwvGa4QVGj']
Ismo	Mr. Crazy	1	['0agP9JaHhSmdlwvGa4QVGj']
Ismo	YONII	1	['0agP9JaHhSmdlwvGa4QVGj']
Mr. Crazy	Riffi	1	['0agP9JaHhSmdlwvGa4QVGj']
Mr. Crazy	YONII	1	['0agP9JaHhSmdlwvGa4QVGj']
Riffi	YONII	1	['0agP9JaHhSmdlwvGa4QVGj']
Candy Dulfer	Trijntje Oosterhuis	1	['1jBJLXad9QdLEAh95COyP2']
Hef	Ismo	1	['47quUnyfMhzUB0ORRBVvng']
Hef	LouiVos	1	['47quUnyfMhzUB0ORRBVvng']
Ismo	LouiVos	1	['47quUnyfMhzUB0ORRBVvng']
Avicii	Rita Ora	1	['2OALaHcDdKkjYEpAr0Qzab']
Kevin	Sigourney K	1	['4gZD4q9gni74mpIvlG2tHz']
MocroManiac	Vic9	1	['3xQ5Ict6c5PSDXRdDm1KwV']
Amg Domina	BKO	1	['1FqYlofB7TNIBql0qpqnX0']
Jayboogz	Jayh	1	['6XvjW77rkGzfPo54PY0taV']
Babes Wodumo	Zacari	1	['4YMHk2VRIQpRv4aFtRzH12']
Alessia Cara	Khalid	1	['5tz69p7tJuGPeMGwNTxYuV']
Alessia Cara	Logic	1	['5tz69p7tJuGPeMGwNTxYuV']
Khalid	Logic	1	['5tz69p7tJuGPeMGwNTxYuV']
Foster The People	Stereotypes	1	['4v0CuFW0bEMBQ1gRn2mB3X']
Calvin Harris	PARTYNEXTDOOR	1	['2rYyq0b3XWwmWl0k727OVG']
Kojo Funds	SBMG	1	['2LE2cr8WKM5mHyXRNCAfz2']
Ali B	Kempi	1	['4vSJZLqg98Iq2qTib5NBJJ']
Ali B	Vic9	1	['4vSJZLqg98Iq2qTib5NBJJ']
Ismo	Kempi	1	['4vSJZLqg98Iq2qTib5NBJJ']
Ismo	Vic9	1	['4vSJZLqg98Iq2qTib5NBJJ']
Max Brodie	Tom Rosenthal	1	['7ksUuRAALPLYjhlpwTcDCH']
Anne-Marie	Major Lazer	1	['3D1rlKmZdpYUeMtRRLNawc']
Anne-Marie	Mr Eazi	1	['3D1rlKmZdpYUeMtRRLNawc']
Anne-Marie	Rudimental	1	['3D1rlKmZdpYUeMtRRLNawc']
Major Lazer	Mr Eazi	1	['3D1rlKmZdpYUeMtRRLNawc']
Major Lazer	Rudimental	1	['3D1rlKmZdpYUeMtRRLNawc']
Mr Eazi	Rudimental	1	['3D1rlKmZdpYUeMtRRLNawc']
Lil Wayne	Snoop Dogg	1	['2AwyHlbA6f641SEkizD5JG']
Piso 21	Robin Schulz	1	['2xw9PXlt8IaCWZjfpJ2HPL']
Bad Bunny	Enrique Iglesias	1	['2vvdTrdryjsl8DmPIMDWZU']
Sia	ZAYN	1	['1j4kHkkpqZRBwE0A4CN4Yv']
Hansie	Jhorrmountain	1	['7lgqChf0oLbjrvvkzrdrGr']
Hansie	Lauwtje	1	['7lgqChf0oLbjrvvkzrdrGr']
Jhorrmountain	Lauwtje	1	['7lgqChf0oLbjrvvkzrdrGr']
Eminem	"Royce Da 5'9"""	1	['28FGV3ORH14MYORd7s5dlU']
John Williams	Mykola Dmytrovych Leontovych	1	['4tHqQMWSqmL6YjXwsqthDI']
B. Swanson Quartet	Frank Sinatra	1	['7inXu0Eaeg02VsM8kHNvzM']
Bruno Mars	Cardi B	1	['3Vo4wInECJQuz9BIBMOu8i']
Aliyah	SBMG	1	['2xuLzhAVVWSepnmafSYwkp']
Jonna Fraser	Kevin	1	['4UtZWtGURmZwMD1BOiTl0X']
$hirak	Bokoesam	1	['0X46CPFsAMAPobzEgEhQAm']
$hirak	Dopebwoy	1	['0X46CPFsAMAPobzEgEhQAm']
Bokoesam	Dopebwoy	1	['0X46CPFsAMAPobzEgEhQAm']
DJ Snake	French Montana	1	['1MUL6DO2gVimj2YrVedubd']
DJ Snake	GASHI	1	['1MUL6DO2gVimj2YrVedubd']
French Montana	GASHI	1	['1MUL6DO2gVimj2YrVedubd']
Ali B	Dimitri Vegas & Like Mike	1	['52pYYuXAin5eK1vrrpVtYg']
Ali B	I am Aisha	1	['52pYYuXAin5eK1vrrpVtYg']
Ali B	Quintino	1	['52pYYuXAin5eK1vrrpVtYg']
Boef	Dimitri Vegas & Like Mike	1	['52pYYuXAin5eK1vrrpVtYg']
Boef	I am Aisha	1	['52pYYuXAin5eK1vrrpVtYg']
Boef	Quintino	1	['52pYYuXAin5eK1vrrpVtYg']
Dimitri Vegas & Like Mike	I am Aisha	1	['52pYYuXAin5eK1vrrpVtYg']
Dimitri Vegas & Like Mike	Quintino	1	['52pYYuXAin5eK1vrrpVtYg']
Dimitri Vegas & Like Mike	Ronnie Flex	1	['52pYYuXAin5eK1vrrpVtYg']
I am Aisha	Quintino	1	['52pYYuXAin5eK1vrrpVtYg']
I am Aisha	Ronnie Flex	1	['52pYYuXAin5eK1vrrpVtYg']
Quintino	Ronnie Flex	1	['52pYYuXAin5eK1vrrpVtYg']
LouiVos	Mario Cash	1	['7ACTnuaqfmP81ZPjnIB0qg']
Ariana Grande	Missy Elliott	1	['4b7mLZQWsy0rLnrMtPA9fQ']
De Fellas	Getit	1	['5bjbuOFX1rCRarFKGdNGtj']
Frsh	Getit	1	['5bjbuOFX1rCRarFKGdNGtj']
Geechi	Getit	1	['5bjbuOFX1rCRarFKGdNGtj']
Rabby Racks	SFB	1	['6ZJsuD4jUkk7gbFzK5qwvw']
Khalid	Marshmello	1	['7vGuf3Y35N4wmASOKLUVVU']
Calvin Harris	Jessie Reyez	1	['5N5k9nd479b1xpDZ4usjrg']
Calvin Harris	Sam Smith	1	['5N5k9nd479b1xpDZ4usjrg']
Jessie Reyez	Sam Smith	1	['5N5k9nd479b1xpDZ4usjrg']
A$AP Rocky	Kid Cudi	1	['3oHkMCVJyOcjg5FhfLc2Rq']
A$AP Rocky	T.I.	1	['3oHkMCVJyOcjg5FhfLc2Rq']
Kid Cudi	Moby	1	['3oHkMCVJyOcjg5FhfLc2Rq']
Kid Cudi	T.I.	1	['3oHkMCVJyOcjg5FhfLc2Rq']
Moby	T.I.	1	['3oHkMCVJyOcjg5FhfLc2Rq']
Hef	ValsBezig	1	['4NUgjW9bM2c21LzUvrvUPc']
Nafthaly Ramona	ValsBezig	1	['4NUgjW9bM2c21LzUvrvUPc']
Jairzinho	Snelle	1	['6h039vgWxRfwj0SOs43pnF']
Lil Kleine	Stijco	1	['2GmVap1TUXocIewXZRaRo7']
SBMG	Stijco	1	['2GmVap1TUXocIewXZRaRo7']
Broederliefde	Josylvio	1	['5NrsvF1zo9wuyZoWWwqZI3']
Dyna	Frenna	1	['40Jfl936Y8gYHU0klKu3SN']
Dyna	Ronnie Flex	1	['40Jfl936Y8gYHU0klKu3SN']
Leafs	Murda	1	['5DaGayfo5TloxZCvOQ8Z6k']
Leafs	Spanker	1	['5DaGayfo5TloxZCvOQ8Z6k']
Murda	Spanker	1	['5DaGayfo5TloxZCvOQ8Z6k']
Jayh	Winne	1	['69Y1HcsqHaqEWLQwbWwgXW']
Kanye West	Nicki Minaj	1	['1oJ8EDr2pv94IvSd6ZmDgo']
3robi	Glades	1	['3GaIRIw3eBvT1gUBgFjblH']
Sevn Alias	Sigourney K	1	['2CZSfmIHHtJqNKEBZcJRda']
Ronnie Flex	Tabitha	1	['0fsmTJldWyMkaCWTWt68yq']
6ix9ine	Rarri	1	['5VCp8VnOrGOPHPbgZFQgXY']
BLØF	Ronnie Flex	1	['1lWBPQBghFHdpLbE6UnNc6']
Armin van Buuren	Josh Cumbee	1	['6cHYdlHO65h3Dtt2pPKmBF']
Maroon 5	SZA	1	['3hBBKuWJfxlIlnd9QFoC8k']
Bartofso	Jozo	1	['40D2Jzu4M3xNbZSmGAG49o']
F1rstman	Poke	1	['6jUUk5ApmAchBUWSjDjS09']
F1rstman	Pyramids	1	['6jUUk5ApmAchBUWSjDjS09']
Hef	Poke	1	['6jUUk5ApmAchBUWSjDjS09']
Hef	Pyramids	1	['6jUUk5ApmAchBUWSjDjS09']
Poke	Pyramids	1	['6jUUk5ApmAchBUWSjDjS09']
D-Love	Ronnie Flex	1	['4KGFEwSoqhTCRJWY4KHOrn']
Fresku	Winne	1	['4MQGJk8p8rLCd6okwmEeyD']
Erika Sirola	Robin Schulz	1	['1rCcsYnmqbMYdkG7kS9GC5']
Ali B	Dopebwoy	1	['4eLhKlJiNVpelrBX66ouIn']
SFB	Zefanio	1	['2iwqxH9o1ErH56XeYq720h']
Murda	Vic9	1	['66KsHM97CeeOKDZDg6YRco']
Murda	Yawenthoo	1	['66KsHM97CeeOKDZDg6YRco']
Vic9	Yawenthoo	1	['66KsHM97CeeOKDZDg6YRco']
Kav Verhouzer	Sjaak	1	['11kUvSPQThp2rjB3tAs3W9']
808milli	Suigeneris	1	['45D0Bjd8zEXCI9IrkKPdS3']
Jacin Trill	Suigeneris	1	['45D0Bjd8zEXCI9IrkKPdS3']
Becky G	NATTI NATASHA	1	['2ijef6ni2amuunRoKTlgww']
Anuel AA	Bantu	1	['4Uy3kNxW2kB8AEoXljEcth']
Anuel AA	Nicki Minaj	1	['4Uy3kNxW2kB8AEoXljEcth']
Bantu	Nicki Minaj	1	['4Uy3kNxW2kB8AEoXljEcth']
Ali B	Chawki	1	['5BeZqWCMXG0zROm4zqhmLh']
Chawki	Soufiane Eddyani	1	['5BeZqWCMXG0zROm4zqhmLh']
Beyoncé	DJ Khaled	1	['1W6wxOOYyJyyok8fqYSZ3m']
Beyoncé	Future	1	['1W6wxOOYyJyyok8fqYSZ3m']
DJ Khaled	Future	1	['1W6wxOOYyJyyok8fqYSZ3m']
DJ Khaled	JAY-Z	1	['1W6wxOOYyJyyok8fqYSZ3m']
Future	JAY-Z	1	['1W6wxOOYyJyyok8fqYSZ3m']
Big Tobz	Jonna Fraser	1	['1hRYvRpAOIyOy1AXdtknMd']
Ariana Grande	Troye Sivan	1	['1NbGcdgwRHZ5rbPIT9hdR3']
Famke Louise	LouiVos	1	['1lxYvafUcQ43E8bsQcNAvg']
De La Ghetto	Jason Derulo	1	['4QtiVmuA88tPQiCOHZuQ5b']
De La Ghetto	Sofía Reyes	1	['4QtiVmuA88tPQiCOHZuQ5b']
Jason Derulo	Sofía Reyes	1	['4QtiVmuA88tPQiCOHZuQ5b']
Ella Eyre	French Montana	1	['0v3BMLcwUmAwyqJaf5997o']
Ella Eyre	Meghan Trainor	1	['0v3BMLcwUmAwyqJaf5997o']
French Montana	Meghan Trainor	1	['0v3BMLcwUmAwyqJaf5997o']
French Montana	Sigala	1	['0v3BMLcwUmAwyqJaf5997o']
Meghan Trainor	Sigala	1	['0v3BMLcwUmAwyqJaf5997o']
Kraantje Pappie	Sevn Alias	1	['5VmuNAdMTkXjz0bizMoR6v']
Hansie	Young Ellens	1	['4dDWUShR4mSzdu4Jo4eUwy']
Duke Dumont	Ebenezer	1	['2ahZ2CL8ygJ9dEele0eM5E']
Bokoesam	Chivv	1	['5W8OFf4lhZO0feWHR0Q7UG']
Charles Aznavour	Eddie Louiss	1	['2OxkfL5jW8bvYTCNDLlRSY']
Charles Aznavour	Richard Galliano	1	['2OxkfL5jW8bvYTCNDLlRSY']
Eddie Louiss	Richard Galliano	1	['2OxkfL5jW8bvYTCNDLlRSY']
Era Istrefi	Nicky Jam	1	['4DnHUy01jEA4b5ydC3HgsT']
Era Istrefi	Will Smith	1	['4DnHUy01jEA4b5ydC3HgsT']
Nicky Jam	Will Smith	1	['4DnHUy01jEA4b5ydC3HgsT']
Ali B	Cheb Rayan	1	['7KRU3BkjlsTR58R8M7apkO']
Ali B	R3HAB	1	['7KRU3BkjlsTR58R8M7apkO']
Cheb Rayan	Numidia	1	['7KRU3BkjlsTR58R8M7apkO']
Cheb Rayan	R3HAB	1	['7KRU3BkjlsTR58R8M7apkO']
Numidia	R3HAB	1	['7KRU3BkjlsTR58R8M7apkO']
Ina Wroldsen	Jax Jones	1	['6tvQzeCPwOytDlBYCIOY0n']
Jacin Trill	Kid de Blits	1	['36SmOEGpFtVQgsJNzCIOiz']
Bizzey	Hef	1	['3hHHaTr65mG7bpApRW5CZQ']
Bizzey	Nafthaly Ramona	1	['3hHHaTr65mG7bpApRW5CZQ']
Hef	Ramiks	1	['3hHHaTr65mG7bpApRW5CZQ']
Nafthaly Ramona	Ramiks	1	['3hHHaTr65mG7bpApRW5CZQ']
Metro Boomin	Offset	1	['7sO5G9EABYOXQKNPNiE9NR']
Taylor Swift	ZAYN	1	['3NdDpSvN911VPGivFlV5d0']
BTS	Steve Aoki	1	['2r1T6xGTVaNAqBoPH4lZEE']
Boef	Lijpe	1	['3ELaEOpbAaXnahwApLkUvR']
$hirak	Mula B	1	['3WuxdowliYuP3XgSFCpYju']
Famke Louise	Memru	1	['44y5V7yJBfS1BesnUd3Xdd']
Famke Louise	Yung Felix	1	['44y5V7yJBfS1BesnUd3Xdd']
Memru	Yung Felix	1	['44y5V7yJBfS1BesnUd3Xdd']
Bizzey	Hardwell	1	['2zW8y5ry4YudAPnLmagr1c']
Bizzey	Lil Kleine	1	['2zW8y5ry4YudAPnLmagr1c']
Chivv	Hardwell	1	['2zW8y5ry4YudAPnLmagr1c']
Hardwell	Lil Kleine	1	['2zW8y5ry4YudAPnLmagr1c']
Bracket	Ismo	1	['4WM9Gf4Qnx7fdAng9d7EJK']
Momi	Vic9	1	['0W45XmA05WhqVxO9XTqLvG']
808milli	Esko	1	['5TmUGtXYssKCXtGlD5eYfl']
Mike Williams	R3HAB	1	['0DhkTGjEaIHaSxTfC14BFm']
Bruno Mars	Gucci Mane	1	['0QIjsbm2fh1cJ45XO9eGqq']
Bruno Mars	Kodak Black	1	['0QIjsbm2fh1cJ45XO9eGqq']
Gucci Mane	Kodak Black	1	['0QIjsbm2fh1cJ45XO9eGqq']
Latifah	Tabitha	1	['5fpTIIkao9OkzE0EYLqBqQ']
Blow	Frsh	1	['5rTp6hFPOZ2YkCJBLVbk2I']
D-Double	Lauwtje	1	['3ljdtOaBMDSdA9byDBdG4X']
DJ Maurice	Snollebollekes	1	['4yNWjj9RdKVQ8L4AFMbhPP']
Vic9	Zefanio	1	['6ZM5HJmx6YnNQttjz4gyai']
Dan Caplen	Jess Glynne	1	['5CLGzJsGqhCEECcpnFQA8x']
Dan Caplen	Macklemore	1	['5CLGzJsGqhCEECcpnFQA8x']
Dan Caplen	Rudimental	1	['5CLGzJsGqhCEECcpnFQA8x']
Jess Glynne	Macklemore	1	['5CLGzJsGqhCEECcpnFQA8x']
Jess Glynne	Rudimental	1	['5CLGzJsGqhCEECcpnFQA8x']
Macklemore	Rudimental	1	['5CLGzJsGqhCEECcpnFQA8x']
Kelsea Ballerini	The Chainsmokers	1	['15kQGEy89K8deJcZVFEn0N']
Crooks	Hef	1	['0xU1FOnoHwTjcXSQL0ACXC']
Crooks	Lijpe	1	['0xU1FOnoHwTjcXSQL0ACXC']
Hef	Lijpe	1	['0xU1FOnoHwTjcXSQL0ACXC']
Julian Jordan	Martin Garrix	1	['47knrBbYhqtrggWYSkU6h1']
Frenna	Sevn Alias	1	['3UPsdBBqs9vnVF0fYTGA8n']
Offset	Tyga	1	['5IaHrVsrferBYDm0bDyABy']
DJ Jerome	Lawineboys	1	['1TD5Z9V208btoYDiKPJwVC']
Feis	Kevin	1	['6fqE73LvJdZTXqNw3qpxwJ']
Feis	Winne	1	['6fqE73LvJdZTXqNw3qpxwJ']
Kevin	Winne	1	['6fqE73LvJdZTXqNw3qpxwJ']
Esko	KA	1	['4hJiA2Y8XH55ffiIZVW3oq']
Esko	Moeman	1	['4hJiA2Y8XH55ffiIZVW3oq']
Josylvio	KA	1	['4hJiA2Y8XH55ffiIZVW3oq']
Kanye West	Nas	1	['1vi9adPJiD4d22ybGp25hy']
Eves Laurent	Shanee	1	['7t6DUHTN8wq4ncZpUqPMzn']
Shanee	Zefanio	1	['7t6DUHTN8wq4ncZpUqPMzn']
Ashafar	Mario Cash	1	['4NhvDfbBq5iXoIKZRTF8ff']
Michael Bublé	Thalia	1	['0kmrXYtFI8cgxsShrJpThx']
3robi	Bizzey	1	['4uFilJdTcMu9A7R4pVIKoF']
Clean Bandit	Luis Fonsi	1	['1fLhGF1JfGQYj6EZLndD86']
Clean Bandit	MARINA	1	['1fLhGF1JfGQYj6EZLndD86']
Luis Fonsi	MARINA	1	['1fLhGF1JfGQYj6EZLndD86']
Camila Cabello	Major Lazer	1	['3Ytr1SUCUi6J3L9dRFx5iH']
Camila Cabello	Quavo	1	['3Ytr1SUCUi6J3L9dRFx5iH']
Camila Cabello	Travis Scott	1	['3Ytr1SUCUi6J3L9dRFx5iH']
Major Lazer	Quavo	1	['3Ytr1SUCUi6J3L9dRFx5iH']
Major Lazer	Travis Scott	1	['3Ytr1SUCUi6J3L9dRFx5iH']
Quavo	Travis Scott	1	['3Ytr1SUCUi6J3L9dRFx5iH']
Trippie Redd	XXXTENTACION	1	['7AQim7LbvFVZJE3O8TYgf2']
808milli	Cry	1	['4Ao7qwvM7z9XRPE5dWEvWK']
Cry	Jacin Trill	1	['4Ao7qwvM7z9XRPE5dWEvWK']
Drake	N.E.R.D	1	['739vCwA3EpBSkk3uDsI2wB']
Drake	Rihanna	1	['739vCwA3EpBSkk3uDsI2wB']
N.E.R.D	Rihanna	1	['739vCwA3EpBSkk3uDsI2wB']
David Bowie	Queen	1	['2fuCquhmrzHpu5xcA1ci9x']
Broederliefde	Broertje	1	['5nCh1ndK8yigIS1HnygeDg']
Macklemore	Skylar Grey	1	['0CokSRCu5hZgPxcZBaEzVE']
Kendrick Lamar	Travis Scott	1	['5cXg9IQS34FzLVdHhp7hu7']
Kanye West	Lil Uzi Vert	1	['3DoBTwfr8yi2LN08SBpFkN']
Kanye West	Travis Scott	1	['3DoBTwfr8yi2LN08SBpFkN']
Lil Uzi Vert	Travis Scott	1	['3DoBTwfr8yi2LN08SBpFkN']
Beyoncé	Eminem	1	['5PIBgH1cUFwu5IiUk9tnN9']
Josylvio	Kraantje Pappie	1	['3KC9rbu897EGBpFsiAWGYJ']
Leafs	Sevn Alias	1	['7AmiKXVuYP8Kf3OP6rHi9D']
Martin Garrix	Mike Yung	1	['0wUxh6XMc698xPCfgBaPRV']
Vince Staples	Yugen Blakrok	1	['0Pw6Gg8QChw5iSRRSrcWXP']
KIDS SEE GHOSTS	Pusha T	1	['3aUFrxO1B8EW63QchEl3wX']
Bokoesam	Djahboy	1	['5q5YLRG3vCf0i2dTwP9e4m']
Djahboy	Ronnie Flex	1	['5q5YLRG3vCf0i2dTwP9e4m']
Kanye West	Lil Pump	1	['4S8d14HvHb70ImctNgVzQQ']
BTS	Nicki Minaj	1	['03iCbZaM4OkRR4We6wIzvx']
Bebe Rexha	Kid Ink	1	['3icbmPGKTsKAa0IinkizCM']
Bebe Rexha	Nico & Vinz	1	['3icbmPGKTsKAa0IinkizCM']
Kid Ink	Nico & Vinz	1	['3icbmPGKTsKAa0IinkizCM']
3robi	7liwa	1	['40kCuwvYw5SCX7njHnKfhe']
Conor Maynard	Kris Kross Amsterdam	1	['3DGar7krWlmrXRFHBcQF6z']
Conor Maynard	The Boy Next Door	1	['3DGar7krWlmrXRFHBcQF6z']
Kris Kross Amsterdam	The Boy Next Door	1	['3DGar7krWlmrXRFHBcQF6z']
Gers Pardoel	Jebroer	1	['2wIpWVHE130xN7gfpanKE5']
Chivv	Frenna	1	['5xgo5sVonlCz7M2CTZgqZA']
Chivv	Spanker	1	['5xgo5sVonlCz7M2CTZgqZA']
Maan	Sevn Alias	1	['4QXLXEcGPl18ghSz4cSEzP']
Sevn Alias	Woenzelaar	1	['1SS0eMdPQDG4z6DvYiO0RP']
6ix9ine	Lil Baby	1	['4m5Cd9kAbIxg6t9sMrQWtk']
$hirak	3robi	1	['54zAwFcolRooRk6xDXQOJA']
$hirak	Adje	1	['54zAwFcolRooRk6xDXQOJA']
$hirak	Josylvio	1	['54zAwFcolRooRk6xDXQOJA']
3robi	Adje	1	['54zAwFcolRooRk6xDXQOJA']
André Hazes Jr.	Diggy Dex	1	['0IxwxCj6BbwXkbjxpEBdvw']
André Hazes Jr.	Jeroen van Koningsbrugge	1	['0IxwxCj6BbwXkbjxpEBdvw']
André Hazes Jr.	Marco Borsato	1	['0IxwxCj6BbwXkbjxpEBdvw']
André Hazes Jr.	Nick & Simon	1	['0IxwxCj6BbwXkbjxpEBdvw']
André Hazes Jr.	VanVelzen	1	['0IxwxCj6BbwXkbjxpEBdvw']
André Hazes Jr.	Xander de Buisonjé	1	['0IxwxCj6BbwXkbjxpEBdvw']
Diggy Dex	Jeroen van Koningsbrugge	1	['0IxwxCj6BbwXkbjxpEBdvw']
Diggy Dex	Marco Borsato	1	['0IxwxCj6BbwXkbjxpEBdvw']
Diggy Dex	Nick & Simon	1	['0IxwxCj6BbwXkbjxpEBdvw']
Diggy Dex	VanVelzen	1	['0IxwxCj6BbwXkbjxpEBdvw']
Diggy Dex	Xander de Buisonjé	1	['0IxwxCj6BbwXkbjxpEBdvw']
Jeroen van Koningsbrugge	Marco Borsato	1	['0IxwxCj6BbwXkbjxpEBdvw']
Jeroen van Koningsbrugge	Nick & Simon	1	['0IxwxCj6BbwXkbjxpEBdvw']
Jeroen van Koningsbrugge	VanVelzen	1	['0IxwxCj6BbwXkbjxpEBdvw']
Jeroen van Koningsbrugge	Xander de Buisonjé	1	['0IxwxCj6BbwXkbjxpEBdvw']
Marco Borsato	Nick & Simon	1	['0IxwxCj6BbwXkbjxpEBdvw']
Marco Borsato	VanVelzen	1	['0IxwxCj6BbwXkbjxpEBdvw']
Marco Borsato	Xander de Buisonjé	1	['0IxwxCj6BbwXkbjxpEBdvw']
Nick & Simon	VanVelzen	1	['0IxwxCj6BbwXkbjxpEBdvw']
Nick & Simon	Xander de Buisonjé	1	['0IxwxCj6BbwXkbjxpEBdvw']
VanVelzen	Xander de Buisonjé	1	['0IxwxCj6BbwXkbjxpEBdvw']
F1rstman	RUGGED	1	['0d8CCyqNvwlLvdlfaMZ2v3']
Kodak Black	XXXTENTACION	1	['40oKW22ZNNkEdZLJTScaQI']
D-Double	Djaga Djaga	1	['2pTWbPxKwbyplRXBkHRIdY']
Cashmere Cat	Major Lazer	1	['0as7lPxkBPctZ7uVmchRNM']
Cashmere Cat	Tory Lanez	1	['0as7lPxkBPctZ7uVmchRNM']
Major Lazer	Tory Lanez	1	['0as7lPxkBPctZ7uVmchRNM']
Adje	Jordan Miles	1	['0nMFCBAtzogxWTpCDuA2RV']
Adje	Lijpe	1	['0nMFCBAtzogxWTpCDuA2RV']
Jordan Miles	Lijpe	1	['0nMFCBAtzogxWTpCDuA2RV']
Maluma	Shakira	1	['7DrluKkTviBwCc8AV3VGmf']
Chivv	Djaga Djaga	1	['6BcLewMN4eaxJJvncvl0Mh']
Alan Walker	Sorana	1	['0lG6QM1jjbbX5UUn3DPmrZ']
Adje	Frsh	1	['3nxWnthjk02prEUZO7I8VF']
Adje	Geechi	1	['3nxWnthjk02prEUZO7I8VF']
Adje	roselilah	1	['3nxWnthjk02prEUZO7I8VF']
Frsh	roselilah	1	['3nxWnthjk02prEUZO7I8VF']
Geechi	roselilah	1	['3nxWnthjk02prEUZO7I8VF']
Boef	Kevin	1	['4rP7nGxV1OmPiLP15ui91z']
Leafs	Ronnie Flex	1	['7z2Z7umksOctXzjfHWODQI']
Ali B	RedOne	1	['6h8Vwpox9ARTx8DIxn5PD6']
Ali B	Rolf Sanchez	1	['6h8Vwpox9ARTx8DIxn5PD6']
Boef	RedOne	1	['6h8Vwpox9ARTx8DIxn5PD6']
Boef	Rolf Sanchez	1	['6h8Vwpox9ARTx8DIxn5PD6']
RedOne	Rolf Sanchez	1	['6h8Vwpox9ARTx8DIxn5PD6']
21 Savage	Quavo	1	['3edzl4zvKFi0D3iuF6cs2f']
Poo Bear	Skrillex	1	['57p8CBvPOxrvyCbn6ttl5r']
Rita Ora	Rudimental	1	['3E8yzIYqrSqJam7GXSjw10']
Liam Payne	Quavo	1	['6EpRaXYhGOB3fj4V2uDkMJ']
CADE	Cheat Codes	1	['1NDxZ7cFAo481dtYWdrUnR']
CADE	Maggie Lindemann	1	['1NDxZ7cFAo481dtYWdrUnR']
Cheat Codes	Maggie Lindemann	1	['1NDxZ7cFAo481dtYWdrUnR']
Caza	Famke Louise	1	['0cvgns9yWdycXStdjLzoZT']
KONO	Pietju Bell	1	['2VAl0ghCzYZWv6ZsaZPh5b']
JoeyAK	Rev	1	['5prZBl6RDYQzpMPFaq21v0']
JoeyAK	Mario Cash	1	['2g2oaZc6jjSmo65T4aRU4B']
Anu-D	Yes-R	1	['5AdQMuVF7kEEQw2R3MUU0z']
CHO	Jayh	1	['5g11rzDKxlideQci43DGaH']
CHO	Murda	1	['5g11rzDKxlideQci43DGaH']
Jayh	Murda	1	['5g11rzDKxlideQci43DGaH']
Murda	Sevn Alias	1	['5g11rzDKxlideQci43DGaH']
BKO	Jerra	1	['2izuJU8G36CsjBHl0GhF6O']
Lil Wayne	Swizz Beatz	1	['3wScL5W8H40zzCKN0atfBk']
6ix9ine	Murda Beatz	1	['2E124GmJRnBJuXbTb4cPUB']
Murda Beatz	Nicki Minaj	1	['2E124GmJRnBJuXbTb4cPUB']
Lil Wayne	Travis Scott	1	['0CBQ0m3mufWH75LTYB3s6h']
Candy Dulfer	Winne	1	['6HmFT7HQAZRr5qcIuZeoBu']
Bazzi	Camila Cabello	1	['4VUwkH455At9kENOfzTqmF']
Ella	Jayboogz	1	['30nxarLxWtMKX8pOq5DJkg']
Coldplay	The Chainsmokers	1	['6RUKPb4LETWmmr3iAEQktW']
Gucci Mane	Migos	1	['35ffVv9x4mtzBh5rF1K9sP']
Kraantje Pappie	Mick Spek	1	['5Ks65QPLs8UbpizCwNPSyE']
Hansie	Jayh	1	['5obmv1Jq1DnSiZKfYZ9vdQ']
Annie Lennox	Dave Stewart	1	['1TfqLAPs4K3s2rJMoCokcS']
Annie Lennox	Eurythmics	1	['1TfqLAPs4K3s2rJMoCokcS']
Dave Stewart	Eurythmics	1	['1TfqLAPs4K3s2rJMoCokcS']
Future	James Blake	1	['51rXHuKN8Loc4sUlKPODgH']
Future	Jay Rock	1	['51rXHuKN8Loc4sUlKPODgH']
Future	Kendrick Lamar	1	['51rXHuKN8Loc4sUlKPODgH']
James Blake	Jay Rock	1	['51rXHuKN8Loc4sUlKPODgH']
James Blake	Kendrick Lamar	1	['51rXHuKN8Loc4sUlKPODgH']
Jay Rock	Kendrick Lamar	1	['51rXHuKN8Loc4sUlKPODgH']
AFROJACK	Sia	1	['2ludbmtPoyCPe2K08fAlFl']
Djaga Djaga	F.I.	1	['73iqID7tM66IIAmAz6COyw']
Djaga Djaga	Mario Cash	1	['73iqID7tM66IIAmAz6COyw']
Djaga Djaga	Xony	1	['73iqID7tM66IIAmAz6COyw']
F.I.	Mario Cash	1	['73iqID7tM66IIAmAz6COyw']
F.I.	Xony	1	['73iqID7tM66IIAmAz6COyw']
Mario Cash	Xony	1	['73iqID7tM66IIAmAz6COyw']
Kraantje Pappie	S10	1	['5rEVKREHm3Bgaf5Rl73vCz']
Diplo	Lil Xan	1	['7thTA3hqO2MgOlzo0rPInX']
Ariana Grande	Nathan Sykes	1	['26h6qDR3KtieqIWgnveqmC']
Boyz II Men	Charlie Puth	1	['2iLGgm4O5Hia8aSfSzXS3H']
Emms	Esko	1	['2gxU9QlFGmjfBl4eUewgPw']
Emms	Hef	1	['2gxU9QlFGmjfBl4eUewgPw']
Esko	Hef	1	['2gxU9QlFGmjfBl4eUewgPw']
Esko	Kevin	1	['2gxU9QlFGmjfBl4eUewgPw']
Alesso	Florida Georgia Line	1	['5AEtlRudpgdT5FtNiuly6Y']
Alesso	Hailee Steinfeld	1	['5AEtlRudpgdT5FtNiuly6Y']
Alesso	WATT	1	['5AEtlRudpgdT5FtNiuly6Y']
Florida Georgia Line	Hailee Steinfeld	1	['5AEtlRudpgdT5FtNiuly6Y']
Florida Georgia Line	WATT	1	['5AEtlRudpgdT5FtNiuly6Y']
Hailee Steinfeld	WATT	1	['5AEtlRudpgdT5FtNiuly6Y']
Julia Michaels	Lauv	1	['2hnxrRNzF74mdDzpQZQukQ']
A$AP Rocky	Cardi B	1	['2DQ1ITjI0YoLFzuADN1ZBW']
A$AP Rocky	G-Eazy	1	['2DQ1ITjI0YoLFzuADN1ZBW']
Cardi B	G-Eazy	1	['2DQ1ITjI0YoLFzuADN1ZBW']
Gunna	Metro Boomin	1	['5gub2bpJRgJP4m4MliqtdV']
Lil Pump	Maluma	1	['2LskIZrCeLxRvCiGP8gxlh']
Lil Pump	Swae Lee	1	['2LskIZrCeLxRvCiGP8gxlh']
Lil Pump	XXXTENTACION	1	['2LskIZrCeLxRvCiGP8gxlh']
Maluma	Swae Lee	1	['2LskIZrCeLxRvCiGP8gxlh']
Maluma	XXXTENTACION	1	['2LskIZrCeLxRvCiGP8gxlh']
Swae Lee	XXXTENTACION	1	['2LskIZrCeLxRvCiGP8gxlh']
Mula B	Yung Felix	1	['7pnDwqm8sdzXtpgYO0FzKH']
CJaye	Frenchie B	1	['5ECJTfqFaDPMIPi1lA5cpT']
CJaye	Kwaaivines	1	['5ECJTfqFaDPMIPi1lA5cpT']
Frenchie B	Kwaaivines	1	['5ECJTfqFaDPMIPi1lA5cpT']
Jacin Trill	Jonna Fraser	1	['4XzcGuODGCJxv0SxZS33sp']
Architrackz	Josylvio	1	['3Sq9HVzqyeOD3gbKqm7J66']
Aretha Franklin	George Michael	1	['2XgDgIsVUOt9Lov5G4Wruy']
El Pro	F1rstman	1	['3PbO7Npw09Azumolxw2Hgv']
El Pro	Hef	1	['3PbO7Npw09Azumolxw2Hgv']
El Pro	Spanker	1	['3PbO7Npw09Azumolxw2Hgv']
F1rstman	Spanker	1	['3PbO7Npw09Azumolxw2Hgv']
Hef	Spanker	1	['3PbO7Npw09Azumolxw2Hgv']
Cheat Codes	Little Mix	1	['54l9GJGQ1UCFKe2tzt1Vxt']
Alessia Cara	Sebastian Kole	1	['0b3qOB5v3kqL1obw0hrfFo']
Jorja Smith	Stormzy	1	['2tpYmda4mM7XFvpbhOfERH']
Future	J Balvin	1	['4zWO4gvuFtw6EJZC5FFGlr']
Future	Juan Magán	1	['4zWO4gvuFtw6EJZC5FFGlr']
Future	MC Fioti	1	['4zWO4gvuFtw6EJZC5FFGlr']
Future	Stefflon Don	1	['4zWO4gvuFtw6EJZC5FFGlr']
J Balvin	Juan Magán	1	['4zWO4gvuFtw6EJZC5FFGlr']
J Balvin	MC Fioti	1	['4zWO4gvuFtw6EJZC5FFGlr']
J Balvin	Stefflon Don	1	['4zWO4gvuFtw6EJZC5FFGlr']
Juan Magán	MC Fioti	1	['4zWO4gvuFtw6EJZC5FFGlr']
Juan Magán	Stefflon Don	1	['4zWO4gvuFtw6EJZC5FFGlr']
MC Fioti	Stefflon Don	1	['4zWO4gvuFtw6EJZC5FFGlr']
Birdy	RHODES	1	['5MzXUNfn8AAcz4Z6j2KgTK']
Kempi	Salut!	1	['2PDH5aY8t3HIsWCow9YMR5']
Lijpe	Seffelinie	1	['3McFQeExdvXqgaI6K1m2gd']
Charlie Puth	G-Eazy	1	['3qk4wRMDlaeagZGjSYbsOV']
DJ DYLVN	Jonna Fraser	1	['40fX9XWjnChCRvsi9lUQgW']
DJ DYLVN	Ronnie Flex	1	['40fX9XWjnChCRvsi9lUQgW']
Adje	Esko	1	['23aMUcHK5P1xmr8BAV9qnH']
Adje	Jonna Fraser	1	['23aMUcHK5P1xmr8BAV9qnH']
Adje	Keizer	1	['23aMUcHK5P1xmr8BAV9qnH']
Adje	Woenzelaar	1	['23aMUcHK5P1xmr8BAV9qnH']
Esko	Keizer	1	['23aMUcHK5P1xmr8BAV9qnH']
Jonna Fraser	Keizer	1	['23aMUcHK5P1xmr8BAV9qnH']
Jonna Fraser	Woenzelaar	1	['23aMUcHK5P1xmr8BAV9qnH']
Keizer	Woenzelaar	1	['23aMUcHK5P1xmr8BAV9qnH']
Bruno Martini	Mayra	1	['2CeliCutQfJUlZXPQWSDc9']
Bruno Martini	Sunnery James & Ryan Marciano	1	['2CeliCutQfJUlZXPQWSDc9']
Mayra	Sunnery James & Ryan Marciano	1	['2CeliCutQfJUlZXPQWSDc9']
BLACKPINK	Dua Lipa	1	['13hvHEstJ4sNbzdroPrPI3']
Bizzey	DJEZJA	1	['3fwn2pq9iTfDIoYAaUOHGy']
DJEZJA	Mr. Polska	1	['3fwn2pq9iTfDIoYAaUOHGy']
Khalid	Normani	1	['45Egmo7icyopuzJN0oMEdk']
Broederliefde	Jonna Fraser	1	['3TzN97oYFtGzkvFACcv4lN']
Esko	Idaly	1	['3kYFbz3gJnZzf8VxoTAm8R']
Esko	Ronnie Flex	1	['3kYFbz3gJnZzf8VxoTAm8R']
Calvin Harris	Normani	1	['5xesHO6GLWTrjsKOjAXRmf']
Calvin Harris	Wizkid	1	['5xesHO6GLWTrjsKOjAXRmf']
Normani	Wizkid	1	['5xesHO6GLWTrjsKOjAXRmf']
Lil Wayne	Nicki Minaj	1	['5IvdLxVB8gwwcgnEkXSSW2']
KIDS SEE GHOSTS	Yasiin Bey	1	['2I3dW2dCBZAJGj5X21E53k']
Kanye West	Travis Barker	1	['0T6RSXxFhW8dRTWHI604ld']
Kanye West	XXXTENTACION	1	['0T6RSXxFhW8dRTWHI604ld']
Bebe Rexha	David Guetta	1	['0YammaEkYSeo9vQYZ1OwS6']
Bebe Rexha	J Balvin	1	['0YammaEkYSeo9vQYZ1OwS6']
David Guetta	J Balvin	1	['0YammaEkYSeo9vQYZ1OwS6']
BlocBoy JB	Drake	1	['4qKcDkK6siZ7Jp1Jb4m0aL']
Djaga Djaga	Lange	1	['3xB1ilcfXMxGpF8VrSVxoO']
Djaga Djaga	Murda	1	['3xB1ilcfXMxGpF8VrSVxoO']
Lange	Murda	1	['3xB1ilcfXMxGpF8VrSVxoO']
Djaga Djaga	Jonna Fraser	1	['3p5kUOC0DoWEYvMmtffpP8']
Logic	Ryan Tedder	1	['6e2PtJYcltVk76nLwxBzRn']
Eves Laurent	LouiVos	1	['1WhF2ySRLRQKT10hwgSBVf']
Geechi	LouiVos	1	['1WhF2ySRLRQKT10hwgSBVf']
Bastille	Marshmello	1	['2dpaYNEQHiRxtZbfNsse99']
Kodak Black	Lil Wayne	1	['4DTpngLjoHj5gFxEZFeD3J']
French Montana	Liam Payne	1	['63MtMwfhxUvM2cyUNb5Iux']
LouiVos	Pietju Bell	1	['6i0PjgnA4aSlG5R1u4eX2C']
Dopebwoy	Keizer	1	['279ltcrJ15IZFI5UUG49PG']
Henkie T	MocroManiac	1	['3H2f2E4k3je9njtiMPpLLP']
Latifah	MocroManiac	1	['3H2f2E4k3je9njtiMPpLLP']
Ismo	Zack Ink	1	['7LREvrRu9h5rJxXHFTweYU']
Lijpe	Zack Ink	1	['7LREvrRu9h5rJxXHFTweYU']
DYSTINCT	Oualid	1	['2g4XdbZ1SdfCvwEId5DVEB']
Zac Efron	Zendaya	1	['630sXRhIcfwr2e4RdNtjKN']
ChildsPlay	Jozo	1	['3esim5iFgmdrLXyxN1H8YU']
ChildsPlay	Kempi	1	['3esim5iFgmdrLXyxN1H8YU']
Jozo	Kempi	1	['3esim5iFgmdrLXyxN1H8YU']
Shermanology	Tom Hangs	1	['7vfdTcZFt3BYxdKT6GB9Kn']
Charlie Puth	Kehlani	1	['76S09sHj7GGMJAtOLjmVQ2']
Diquenza	R2Bees	1	['1xNJnMZPZxw3Uuh8Es7kvV']
Frenna	R2Bees	1	['1xNJnMZPZxw3Uuh8Es7kvV']
Eves Laurent	Frenna	1	['0sPZ8vNyMNHeO6cQAc7G16']
Eves Laurent	KM	1	['0sPZ8vNyMNHeO6cQAc7G16']
David Guetta	Dimitri Vegas	1	['1Sl3njkhhz8nrSPZroDQ82']
David Guetta	Dimitri Vegas & Like Mike	1	['1Sl3njkhhz8nrSPZroDQ82']
David Guetta	Kiiara	1	['1Sl3njkhhz8nrSPZroDQ82']
Dimitri Vegas	Dimitri Vegas & Like Mike	1	['1Sl3njkhhz8nrSPZroDQ82']
Dimitri Vegas	Kiiara	1	['1Sl3njkhhz8nrSPZroDQ82']
Dimitri Vegas & Like Mike	Kiiara	1	['1Sl3njkhhz8nrSPZroDQ82']
Josylvio	The Blockparty	1	['6OpKBghxyHSJ9lqqJ4EkJu']
Kempi	The Blockparty	1	['6OpKBghxyHSJ9lqqJ4EkJu']
Sevn Alias	The Blockparty	1	['6OpKBghxyHSJ9lqqJ4EkJu']
Monsif	SBMG	1	['64beYF3smsdBEaoQ0XvTT3']
Diztortion	Jonna Fraser	1	['45lL0dfpKJiu3rjxEihzKP']
Empress Of	Khalid	1	['4AhSkRYioEIfGvCV19peYN']
Bizzey	Boef	1	['7iQKG3ZjRF4EEhUulo514R']
Bartofso	Webb	1	['2wIJB4ROf8joJmD2CIcIoo']
Eminem	Joyner Lucas	1	['60SdxE8apGAxMiRrpbmLY0']
Avicii	Leona Lewis	1	['3bxtgzAeAZPdRtKoPL5GG2']
A$AP Rocky	Kodak Black	1	['1wGYcpJZ59rePkNu4zHmLu']
Alicia Keys	Justin Timberlake	1	['3KnLHwhRhJGuQM822JVSoI']
Esko	Hansie	1	['1c7Kh2uMMxG7k4QqNjjg95']
Joey Bada$$	XXXTENTACION	1	['7J2gyNghNTzl4EsLhXp01Q']
6ix9ine	Gunna	1	['26jYPsHHSOxCTz4cLt6SbQ']
Joost	Mr. Polska	1	['0t1jyNtNC5tKYZh6rCIRKZ']
Ronnie Flex	Vic9	1	['1bh7gzZI3zD3dXNRB6xR1D']
Lijpe	LouiVos	1	['7sdBR0E0ivA2xBJSVcNrQ5']
ICE	Murda	1	['46fVp2ZClbiHaxjShc9OE8']
ICE	Yung Felix	1	['46fVp2ZClbiHaxjShc9OE8']
Murda	Yung Felix	1	['46fVp2ZClbiHaxjShc9OE8']
Henkie T	NAVI	1	['1v3fyyGJRlblbobabiXxIs']
Latifah	NAVI	1	['1v3fyyGJRlblbobabiXxIs']
Adje	Djaga Djaga	1	['6rTHRJKYeVF1DaSpmncE1i']
Djaga Djaga	Josylvio	1	['6rTHRJKYeVF1DaSpmncE1i']
Bebe Rexha	Cardi B	1	['1YNQscOx6OqBQjxgJVhEeW']
Bebe Rexha	Charli XCX	1	['1YNQscOx6OqBQjxgJVhEeW']
Bebe Rexha	Rita Ora	1	['1YNQscOx6OqBQjxgJVhEeW']
Cardi B	Charli XCX	1	['1YNQscOx6OqBQjxgJVhEeW']
Cardi B	Rita Ora	1	['1YNQscOx6OqBQjxgJVhEeW']
Charli XCX	Rita Ora	1	['1YNQscOx6OqBQjxgJVhEeW']
BKO	Boef	1	['2YeKWxs3kfBFt7UduCEXub']
Boef	Jairzinho	1	['2YeKWxs3kfBFt7UduCEXub']
Jairzinho	Sevn Alias	1	['2YeKWxs3kfBFt7UduCEXub']
Frenna	SBMG	1	['29PCyohUCVaRNUK5NaVr8v']
Hef	Jayh	1	['28yYqpiyjwxBuNQCSRgVFh']
D-Rashid	Hef	1	['1rc76gLUoczSiZIXEd9Tuc']
D-Rashid	Kevin	1	['1rc76gLUoczSiZIXEd9Tuc']
Julia Michaels	Shawn Mendes	1	['5QskYLFPX9y7pLU0VEMNbr']
BKO	D-Rashid	1	['0Z9pQtRABvj0BagLGMzn13']
D-Rashid	Jairzinho	1	['0Z9pQtRABvj0BagLGMzn13']
D-Rashid	Young Ellens	1	['0Z9pQtRABvj0BagLGMzn13']
Jairzinho	Young Ellens	1	['0Z9pQtRABvj0BagLGMzn13']
Coen	Sander	1	['6bofscpX3549D3T3gVvyiE']
Coen	Snollebollekes	1	['6bofscpX3549D3T3gVvyiE']
Sander	Snollebollekes	1	['6bofscpX3549D3T3gVvyiE']
Future	Young Scooter	1	['2OsDoAzo5SGq10qwmKSQBv']
Juice WRLD	Young Scooter	1	['2OsDoAzo5SGq10qwmKSQBv']
Brandy	Lucas & Steve	1	['7BF5rE2EVDmWNXc0uoP8Bz']
3robi	Kevin	1	['4cpXDXsEuYAUlrVAVp44iI']
Diquenza	SBMG	1	['2ar7h324zj4zNLHQa3Dipm']
Kenn Colt	Michael McCrae	1	['1eYY6nY4KiKXAT7QIQKyl5']
Nicki Minaj	ZAYN	1	['49ATdDBSasXb6wsHdrB2xQ']
The Chainsmokers	Winona Oak	1	['4BiiOzZCrXEzHRLYcYFiD5']
Kendrick Lamar	Zacari	1	['6PGoSes0D9eUDeeAafB2As']
Jonna Fraser	LouiVos	1	['7defQX5HuX1Y9mLo5sJPAr']
Adje	Jhorrmountain	1	['7tXCV0UwFwBxqum6i25you']
Adje	Puri	1	['7tXCV0UwFwBxqum6i25you']
Jhorrmountain	Puri	1	['7tXCV0UwFwBxqum6i25you']
Ali B	D-Double	1	['0WdFcyeb3wetIK66E6LK8L']
Ali B	Dyna	1	['0WdFcyeb3wetIK66E6LK8L']
Ali B	Latifah	1	['0WdFcyeb3wetIK66E6LK8L']
D-Double	Dyna	1	['0WdFcyeb3wetIK66E6LK8L']
D-Double	Latifah	1	['0WdFcyeb3wetIK66E6LK8L']
Dyna	Latifah	1	['0WdFcyeb3wetIK66E6LK8L']
Adje	Ashafar	1	['2gH2J6QSrkpzsHu0ZUalz1']
Adje	JoeyAK	1	['2gH2J6QSrkpzsHu0ZUalz1']
Adje	LaFunky	1	['2gH2J6QSrkpzsHu0ZUalz1']
Adje	Moeman	1	['2gH2J6QSrkpzsHu0ZUalz1']
Ashafar	Hef	1	['2gH2J6QSrkpzsHu0ZUalz1']
Ashafar	JoeyAK	1	['2gH2J6QSrkpzsHu0ZUalz1']
Ashafar	LaFunky	1	['2gH2J6QSrkpzsHu0ZUalz1']
Ashafar	Moeman	1	['2gH2J6QSrkpzsHu0ZUalz1']
Hef	JoeyAK	1	['2gH2J6QSrkpzsHu0ZUalz1']
Hef	LaFunky	1	['2gH2J6QSrkpzsHu0ZUalz1']
JoeyAK	LaFunky	1	['2gH2J6QSrkpzsHu0ZUalz1']
JoeyAK	Moeman	1	['2gH2J6QSrkpzsHu0ZUalz1']
Josylvio	LaFunky	1	['2gH2J6QSrkpzsHu0ZUalz1']
LaFunky	Moeman	1	['2gH2J6QSrkpzsHu0ZUalz1']
Jonna Fraser	MocroManiac	1	['2PEYEFRPnGzPTdtQxUXf9P']
Jonna Fraser	Young Ellens	1	['2PEYEFRPnGzPTdtQxUXf9P']
MocroManiac	Young Ellens	1	['2PEYEFRPnGzPTdtQxUXf9P']
D Double	JoeyAK	1	['24R6vXchJmvoLsg6RTgsY9']
D Double	Sevn Alias	1	['24R6vXchJmvoLsg6RTgsY9']
D Double	Vic9	1	['24R6vXchJmvoLsg6RTgsY9']
6ix9ine	TrifeDrew	1	['3uPuEFKEzGTn628CCQZUCF']
BloodPop®	Justin Bieber	1	['7nZmah2llfvLDiUjm0kiyz']
Clandistino	Latifah	1	['51PcB5453BMTM18V0hru79']
Macklemore	Macklemore & Ryan Lewis	1	['3bidbhpOYeV4knp8AIu8Xn']
Macklemore	Ray Dalton	1	['3bidbhpOYeV4knp8AIu8Xn']
Macklemore	Ryan Lewis	1	['3bidbhpOYeV4knp8AIu8Xn']
Macklemore & Ryan Lewis	Ray Dalton	1	['3bidbhpOYeV4knp8AIu8Xn']
Macklemore & Ryan Lewis	Ryan Lewis	1	['3bidbhpOYeV4knp8AIu8Xn']
Ray Dalton	Ryan Lewis	1	['3bidbhpOYeV4knp8AIu8Xn']
Jonna Fraser	Zefanio	1	['6C5iwEarMNTiiVo79nLULc']
3robi	Vic9	1	['18Zsi8BzbXkyNc6IkeHPQa']
BKO	CHO	1	['5ZisPxI95QDhu1BOtvUmcw']
BKO	Jandro	1	['5ZisPxI95QDhu1BOtvUmcw']
CHO	Jandro	1	['5ZisPxI95QDhu1BOtvUmcw']
Jandro	Sevn Alias	1	['5ZisPxI95QDhu1BOtvUmcw']
Jayh	Kempi	1	['1bUcg6eQcf94i1aOfx9xuV']
Jayh	Spanker	1	['1bUcg6eQcf94i1aOfx9xuV']
Jonna Fraser	Kempi	1	['1bUcg6eQcf94i1aOfx9xuV']
Kempi	Spanker	1	['1bUcg6eQcf94i1aOfx9xuV']
Ellie Goulding	Kygo	1	['2Gl0FzuLxflY6nPifJp5Dr']
Alta Gracia	BKO	1	['5LCrB8Pf9k3ZGRjK8I60uT']
Alrima	Josylvio	1	['74VRp53pecyDZveTuzNYmw']
Big2	Glen Faria	1	['3IksY6N8e5wofEAU5HX1SU']
3robi	Lacrim	1	['5eh1BfAR2X7jpqaJ9YzTCM']
Johnny Mathis	Percy Faith & His Orchestra	1	['6XAdcAseYtijN0QUnQFsH2']
Glades	Riffi	1	['5IVAmSvrMJO97rYFibgDRp']
Mula B	Skiezo	1	['6tOwG3IFSbbuqmiWcqOFug']
Bizzey	Rockywhereyoubeen	1	['33WwBBS0kVcHBvb3iuVRY0']
Josylvio	Rockywhereyoubeen	1	['33WwBBS0kVcHBvb3iuVRY0']
Rockywhereyoubeen	Yung Felix	1	['33WwBBS0kVcHBvb3iuVRY0']
Clandistino	Oualid	1	['31M2p45Vue2z5k0JFEuwWt']
Clandistino	Soufiane Eddyani	1	['31M2p45Vue2z5k0JFEuwWt']
Oualid	Soufiane Eddyani	1	['31M2p45Vue2z5k0JFEuwWt']
Drake	Quavo	1	['1rlIrbWboTRGeKfHhgbJRZ']
KM	Spanker	1	['79XDZ5UlQI8wSfWX04JQXp']
J Balvin	Liam Payne	1	['0Y4hwUppbGc8aIBmiTz30A']
Bonn	Martin Garrix	1	['4ut5G4rgB1ClpMTMfjoIuy']
Camila Cabello	Pharrell Williams	1	['6XlSyYFTU1nodeWwwzVgTV']
Jonas Blue	William Singe	1	['0NiXXAI876aGImAd6rTj8w']
Bea Miller	NOTD	1	['18W92Zm1KjLCbUIszOhpkD']
ALMA	Tove Styrke	1	['1OS1168YlC3rDPBpEF5GLp']
Djaga Djaga	Lijpe	1	['10no4DqPt5nYevs5qIL3fM']
Lil Kleine	Sevn Alias	1	['4tNpAeDH7S7cJGEo28Ogi4']
John Lennon	The Harlem Community Choir	1	['3zJw3rugfpVrmBeDDnUYzy']
John Lennon	The Plastic Ono Band	1	['3zJw3rugfpVrmBeDDnUYzy']
John Lennon	Yoko Ono	1	['3zJw3rugfpVrmBeDDnUYzy']
The Harlem Community Choir	The Plastic Ono Band	1	['3zJw3rugfpVrmBeDDnUYzy']
The Harlem Community Choir	Yoko Ono	1	['3zJw3rugfpVrmBeDDnUYzy']
The Plastic Ono Band	Yoko Ono	1	['3zJw3rugfpVrmBeDDnUYzy']
BKO	Seffelinie	1	['0n5idnqqyeUil0It2gbgbx']
Glades	Mula B	1	['7y1v8iaytOstydxjWP7rWk']
Bizzey	Donnie	1	['41zdH95o0ciAv0Oa7FcuHC']
Bizzey	Joel Beukers	1	['41zdH95o0ciAv0Oa7FcuHC']
Bizzey	Joost	1	['41zdH95o0ciAv0Oa7FcuHC']
Bizzey	Lange Frans	1	['41zdH95o0ciAv0Oa7FcuHC']
Bizzey	Leipe Dennis	1	['41zdH95o0ciAv0Oa7FcuHC']
Bokoesam	Donnie	1	['41zdH95o0ciAv0Oa7FcuHC']
Bokoesam	Joel Beukers	1	['41zdH95o0ciAv0Oa7FcuHC']
Bokoesam	Joost	1	['41zdH95o0ciAv0Oa7FcuHC']
Bokoesam	Lange Frans	1	['41zdH95o0ciAv0Oa7FcuHC']
Bokoesam	Leipe Dennis	1	['41zdH95o0ciAv0Oa7FcuHC']
Donnie	Joel Beukers	1	['41zdH95o0ciAv0Oa7FcuHC']
Donnie	Lange Frans	1	['41zdH95o0ciAv0Oa7FcuHC']
Donnie	Leipe Dennis	1	['41zdH95o0ciAv0Oa7FcuHC']
Joel Beukers	Joost	1	['41zdH95o0ciAv0Oa7FcuHC']
Joel Beukers	Lange Frans	1	['41zdH95o0ciAv0Oa7FcuHC']
Joel Beukers	Leipe Dennis	1	['41zdH95o0ciAv0Oa7FcuHC']
Joost	Lange Frans	1	['41zdH95o0ciAv0Oa7FcuHC']
Joost	Leipe Dennis	1	['41zdH95o0ciAv0Oa7FcuHC']
Lange Frans	Leipe Dennis	1	['41zdH95o0ciAv0Oa7FcuHC']
Juice WRLD	Kodak Black	1	['4KX8vXbouybtUptEyYxtIk']
Bollebof	Clandistino	1	['4cILqcIz2jHssNtE9OtMZB']
Bollebof	Jhorrmountain	1	['4cILqcIz2jHssNtE9OtMZB']
Bollebof	Johnny 500	1	['4cILqcIz2jHssNtE9OtMZB']
Clandistino	Jhorrmountain	1	['4cILqcIz2jHssNtE9OtMZB']
Clandistino	Johnny 500	1	['4cILqcIz2jHssNtE9OtMZB']
Justin Bieber	Usher	1	['3eYnKe0LhQA1B5HEkQaRTP']
Elley Duhé	Zedd	1	['4keoy2fqgwGnbWlm3ZVZFa']
Avicii	Billy Raffoul	1	['12ip0ceCeszDTDFxDY1AXJ']
Maan	Ronnie Flex	1	['7EyvmcYx7WzeBi2cY9RmIi']
Dezz	Henkie T	1	['3Q50YiHQVSudUfsQRONqF2']
Diplo	Dua Lipa	1	['5N4erncE7kuUccm7zEmwzk']
Diplo	Mark Ronson	1	['5N4erncE7kuUccm7zEmwzk']
Diplo	Silk City	1	['5N4erncE7kuUccm7zEmwzk']
Dua Lipa	Mark Ronson	1	['5N4erncE7kuUccm7zEmwzk']
Dua Lipa	Silk City	1	['5N4erncE7kuUccm7zEmwzk']
Mark Ronson	Silk City	1	['5N4erncE7kuUccm7zEmwzk']
Kygo	Sandro Cavazza	1	['14sOS5L36385FJ3OL8hew4']
Eves Laurent	Josylvio	1	['61jOKwltSmB052rWcyRvz9']
Eves Laurent	Mario Cash	1	['61jOKwltSmB052rWcyRvz9']
Jayh	Mario Cash	1	['61jOKwltSmB052rWcyRvz9']
Mario Cash	Vic9	1	['61jOKwltSmB052rWcyRvz9']
Jason Derulo	Ty Dolla $ign	1	['6kex4EBAj0WHXDKZMEJaaF']
Nicki Minaj	Ty Dolla $ign	1	['6kex4EBAj0WHXDKZMEJaaF']
D-Double	Riffi	1	['4m6o47jmrlX3TmyvIDKOdE']
Kygo	Miguel	1	['6xTU6B6nFwKKTSZ9ySXS80']
Caro Emerald	Metropole Orkest	1	['2jx2HvRep6h3GqxRbX2qpJ']
D-Double	MocroManiac	1	['2zmB6vEzvXFXf38k39KhE7']
Josylvio	SBMG	1	['2zmB6vEzvXFXf38k39KhE7']
MocroManiac	SBMG	1	['2zmB6vEzvXFXf38k39KhE7']
Bizzey	Caza	1	['5dVXY5359o7XBmfoNCBMxg']
Bokoesam	Priceless	1	['62clKutKYiOrjlWWMrbas9']
Priceless	Ronnie Flex	1	['62clKutKYiOrjlWWMrbas9']
Bizzey	Famke Louise	1	['4sfdFMNDcc0Aw9DuwEksAn']
Famke Louise	Idaly	1	['4sfdFMNDcc0Aw9DuwEksAn']
3robi	Drechter	1	['36BqkgMwelAnF8EOWNQYkV']
3robi	JoeyAK	1	['36BqkgMwelAnF8EOWNQYkV']
David Guetta	Showtek	1	['0tgbSxoFjZ20MjfoKwWevV']
Bruno Mars	Mark Ronson	1	['32OlwWuMpZ6b0aN2RZOeMS']
Cháyenne	Hansie	1	['1YOzmgmkf24jBZLVOwdMMR']
A$AP Rocky	Skepta	1	['7ycWLEP1GsNjVvcjawXz3z']
Shakira	Wyclef Jean	1	['3ZFTkvIE7kyPt6Nu3PEa7V']
Adje	Bizzey	1	['5fNMMDMnBIhKUUdxmyElKb']
Adje	Jozo	1	['5fNMMDMnBIhKUUdxmyElKb']
Adje	YOUNGBAEKANSIE	1	['5fNMMDMnBIhKUUdxmyElKb']
Adje	Yung Felix	1	['5fNMMDMnBIhKUUdxmyElKb']
Jozo	Yung Felix	1	['5fNMMDMnBIhKUUdxmyElKb']
YOUNGBAEKANSIE	Yung Felix	1	['5fNMMDMnBIhKUUdxmyElKb']
Bartofso	Jermaine Niffer	1	['359BzaVfbmqzwl2mMQ4bfF']
Bartofso	Mario Cash	1	['359BzaVfbmqzwl2mMQ4bfF']
Jermaine Niffer	Mario Cash	1	['359BzaVfbmqzwl2mMQ4bfF']
PnB Rock	XXXTENTACION	1	['6rAGFgcGtlIdYxlhDizXNo']
DJ DYLVN	I am Aisha	1	['1YZBRQw08cnUh2EYkEm6BP']
DJ DYLVN	Jandro	1	['1YZBRQw08cnUh2EYkEm6BP']
DJ DYLVN	Jayh	1	['1YZBRQw08cnUh2EYkEm6BP']
I am Aisha	Jandro	1	['1YZBRQw08cnUh2EYkEm6BP']
I am Aisha	Jayh	1	['1YZBRQw08cnUh2EYkEm6BP']
I am Aisha	Zefanio	1	['1YZBRQw08cnUh2EYkEm6BP']
Jandro	Zefanio	1	['1YZBRQw08cnUh2EYkEm6BP']
Diquenza	Mugeez	1	['1tBVALexQfNj6nObwuHfkn']
Diquenza	SFB	1	['1tBVALexQfNj6nObwuHfkn']
Frenna	Mugeez	1	['1tBVALexQfNj6nObwuHfkn']
Frenna	SFB	1	['1tBVALexQfNj6nObwuHfkn']
Mugeez	SFB	1	['1tBVALexQfNj6nObwuHfkn']
Jermaine Niffer	Tabitha	1	['3QYFKyfwyTaISlxpJRqpkf']
Enrique Iglesias	Pitbull	1	['1BuTNbYxxFYezD1tT8AJR9']
Mula B	Sticks	1	['32Ry9dlvLNNwegRRbPz8Rm']
Jiri11	Young Ellens	1	['3xDttd8yCvMLE4CrtXv7zi']
Broederliefde	Nelson Freitas	1	['1gZ83gooEktkgI1W46rqvu']
F1rstman	Zefanio	1	['1iYBnABW7QOh5JQCRpc03j']
Bryson Tiller	DJ Khaled	1	['1OAh8uOEOvTDqkKFsKksCi']
Bryson Tiller	Rihanna	1	['1OAh8uOEOvTDqkKFsKksCi']
DJ Khaled	Rihanna	1	['1OAh8uOEOvTDqkKFsKksCi']
Ella Mai	Meek Mill	1	['6irE4Fbjbry3czv7mTxVSB']
Armin van Buuren	James Newman	1	['7yN5w9qB7Km1Fqx96ZnG5W']
Eves Laurent	F1rstman	1	['7HUw5ZSDRRoMqyw9XX4qxN']
808milli	Bokoesam	1	['54QCg4AwX6YdykuFYqD1ge']
Jebroer	Outsiders	1	['3OpwMh5yYfVaqHfPjfpacG']
Andy VDM	Tur-G	1	['0FqPIBPWL2x2XxAiR4Paqf']
Daddy Yankee	Justin Bieber	1	['5CtI0qwDJkDQGwXD1H1cLb']
Justin Bieber	Luis Fonsi	1	['5CtI0qwDJkDQGwXD1H1cLb']
JoeyAK	JohnDo	1	['2LZzA0amGUz2mfKjgXAvyr']
JoeyAK	Kwaamoody	1	['2EQHObRF5cv8LlGMiWPXk8']
Kwaamoody	lucass	1	['2EQHObRF5cv8LlGMiWPXk8']
Bebe Rexha	Digital Farm Animals	1	['7F9vK8hNFMml4GtHsaXui6']
Bebe Rexha	Louis Tomlinson	1	['7F9vK8hNFMml4GtHsaXui6']
Digital Farm Animals	Louis Tomlinson	1	['7F9vK8hNFMml4GtHsaXui6']
BLØF	Giraff	1	['3YuI4nBAhbbLiJsDxwjhnT']
Little Mix	Sharaya J	1	['6XkEw1h2Hq4fGnSm0JuSIs']
BloodPop®	John Legend	1	['7gevvAspxft2qQmcvJjNBH']
The Georgia Mass Choir	Whitney Houston	1	['0sKAxwRubZuqKadRspVY96']
PartyfrieX	Schorre Chef	1	['72lQhFytmSrEVWBiYUWkcR']
Hef	Kempi	1	['0TEPuv1UzRzrkQyJ9A6HbQ']
Hef	Vic9	1	['0TEPuv1UzRzrkQyJ9A6HbQ']
Kevin	Vic9	1	['0TEPuv1UzRzrkQyJ9A6HbQ']
Calvin Harris	benny blanco	1	['5sdb5pMhcK44SSLsj1moUh']
Jonna Fraser	Latifah	1	['14vX2txN0XGH1xLJFhjgom']
Jhorrmountain	Nafthaly Ramona	1	['2sCSoE8LzvpAillGR46ER7']
Jhorrmountain	Poke	1	['2sCSoE8LzvpAillGR46ER7']
Nafthaly Ramona	Poke	1	['2sCSoE8LzvpAillGR46ER7']
Eves Laurent	Sevn Alias	1	['4X8fVhpacoP0k9hH94FMkQ']
Michael Bublé	The Puppini Sisters	1	['4qBejt9FeqLI9blHI1Nq1x']
Clean Bandit	Ellie Goulding	1	['3WDIhWoRWVcaHdRwMEHkkS']
Jayh	SBMG	1	['3Rh37TcJ5FfP0zNZgDlglI']
SBMG	Zefanio	1	['3Rh37TcJ5FfP0zNZgDlglI']
Djaga Djaga	Kempi	1	['2FpTM4Z5ZT4L576m7dBNRH']
Lykke Li	The Magician	1	['6UAgnw2w3AVwLg1p7sE7v4']
Diplo	Ellie Goulding	1	['5JEx7HbmvHQQswJCsoo9rA']
Diplo	Swae Lee	1	['5JEx7HbmvHQQswJCsoo9rA']
Ellie Goulding	Swae Lee	1	['5JEx7HbmvHQQswJCsoo9rA']
G-Eazy	Halsey	1	['5k38wzpLb15YgncyWdTZE4']
Broederliefde	Glennis Grace	1	['1qmVKrckgWr4dGOy2XK3dh']
Murda	Tabitha	1	['7eeJt8TYy7G2HOfH1D9P7g']
Kosso	Soufiane Eddyani	1	['1JKWcK9BIz3PuGeAeGoxKe']
Numidia	Ronnie Flex	1	['2gRJDJb8aAjAOzSrv1EPMe']
Ali B	DJEZJA	1	['3cFGrDFBlae13hK1eQ11k7']
Ali B	MocroManiac	1	['3cFGrDFBlae13hK1eQ11k7']
Ali B	Oualid	1	['3cFGrDFBlae13hK1eQ11k7']
DJEZJA	MocroManiac	1	['3cFGrDFBlae13hK1eQ11k7']
DJEZJA	Oualid	1	['3cFGrDFBlae13hK1eQ11k7']
MocroManiac	Oualid	1	['3cFGrDFBlae13hK1eQ11k7']
Esko	SBMG	1	['6fMNefFjoZQs6LMNfNOlZR']
R3HAB	Sofia Carson	1	['4hIhoGN4UTZdNpHn5PbvoC']
Bizzey	Prince Ehis	1	['0SSYAmvRt6eukQvmrWvsYI']
Marshmello	Selena Gomez	1	['7EmGUiUaOSGDnUUQUDrOXC']
MocroManiac	Poke	1	['3Hww8CLfspuopHZxE4GUGV']
Frsh	SBMG	1	['53CyjSQwNlKPO4IhlqC1ZL']
Equalz	Frenna	1	['3Ap4gurnSKvitE1TXMlrID']
Joost	Stefano Keizers	1	['2TV1IfBNbGwL859kdcfGwJ']
Adje	CHO	1	['7D973n9XquEXreSZOvAhOs']
Adje	Equalz	1	['7D973n9XquEXreSZOvAhOs']
Lil Wayne	XXXTENTACION	1	['5BQrp63SHCVf4bzCzJePne']
Jon D	Julia Sheer	1	['1ulDt6ySVbMbzZCBO6hSfb']
Jandro	Jonna Fraser	1	['2TULNzEMKY2qnqOa1P7bk8']
Alessia Cara	Zedd	1	['0I20rLT2MJDhcF96AjbNYo']
Poke	Sjaak	1	['55Zm2QZXksb6WKCgMPUi2c']
Poke	Team Rush Hour	1	['55Zm2QZXksb6WKCgMPUi2c']
Sjaak	Team Rush Hour	1	['55Zm2QZXksb6WKCgMPUi2c']
Bartofso	Josylvio	1	['2fV8o0DlIWEGrMtjyfHISM']
Calvin Harris	Frank Ocean	1	['7tr2za8SQg2CI8EDgrdtNl']
Calvin Harris	Migos	1	['7tr2za8SQg2CI8EDgrdtNl']
Frank Ocean	Funk Wav	1	['7tr2za8SQg2CI8EDgrdtNl']
Frank Ocean	Migos	1	['7tr2za8SQg2CI8EDgrdtNl']
Funk Wav	Migos	1	['7tr2za8SQg2CI8EDgrdtNl']
Calvin Harris	Dua Lipa	1	['7ef4DlsgrMEH11cDZd32M6']
Cello	Frsh	1	['3SFD5l0xUCQOVI7rQbJtby']
Dopebwoy	Drummakid	1	['5jOD14ccmGx0ZHGlaupfxS']
Dopebwoy	Makkie	1	['5jOD14ccmGx0ZHGlaupfxS']
Drummakid	Mula B	1	['5jOD14ccmGx0ZHGlaupfxS']
Makkie	Mula B	1	['5jOD14ccmGx0ZHGlaupfxS']
Anne-Marie	Clean Bandit	1	['5knuzwU65gJK7IF5yJsuaW']
Anne-Marie	Sean Paul	1	['5knuzwU65gJK7IF5yJsuaW']
Clean Bandit	Sean Paul	1	['5knuzwU65gJK7IF5yJsuaW']
Drake	JAY-Z	1	['3Yw09dj3cTXsAzlLjgBfIP']
Logic	Wiz Khalifa	1	['0jqBo5RYn008f4ZY8kPewW']
Ariana Grande	Pharrell Williams	1	['4mLkiFppf8Xvem6BSY34qw']
Bokoesam	Idaly	1	['0MZsrJ0PYQGxc7pj6L9pfs']
Idaly	Yung Felix	1	['0MZsrJ0PYQGxc7pj6L9pfs']
Jandro	Ronnie Flex	1	['0MZsrJ0PYQGxc7pj6L9pfs']
Jandro	Yung Felix	1	['0MZsrJ0PYQGxc7pj6L9pfs']
Ronnie Flex	Yung Felix	1	['0MZsrJ0PYQGxc7pj6L9pfs']
French Montana	Jason Derulo	1	['2z4pcBLQXF2BXKFvd0BuB6']
Dylan Dos Santos	Dyna	1	['0Znv6JZK4a2iVEEdxMe21f']
Dylan Dos Santos	The Partysquad	1	['0Znv6JZK4a2iVEEdxMe21f']
Dyna	The Partysquad	1	['0Znv6JZK4a2iVEEdxMe21f']
Charli XCX	Troye Sivan	1	['05mAIVLkIWc2d1UBYZBCp8']
DJ Maurice	Feestteam	1	['7ht8qSQ4ftbfM4LapPsHrw']
Josylvio	SFB	1	['7oTiv5A9mIDae7K9hnv3I1']
Chivv	MocroManiac	1	['1ZVPUI0UcibAsKJvAXEImm']
Banx & Ranx	Ella Eyre	1	['1HagMz5nWk1HmevNCBOxF3']
Banx & Ranx	Yxng Bane	1	['1HagMz5nWk1HmevNCBOxF3']
Ella Eyre	Yxng Bane	1	['1HagMz5nWk1HmevNCBOxF3']
D-Double	Jermaine Niffer	1	['4iRtYUwztOwhqsokfzxtM2']
D-Double	Woenzelaar	1	['4iRtYUwztOwhqsokfzxtM2']
Jermaine Niffer	Woenzelaar	1	['4iRtYUwztOwhqsokfzxtM2']
Josylvio	Woenzelaar	1	['4iRtYUwztOwhqsokfzxtM2']
DJ Snake	Lauv	1	['0Wv5wuenRLI3BcwgT3HPIP']
Broederliefde	Royki	1	['53BIJlxZPlWRPoXVRdpxZ6']
D-Double	Pietju Bell	1	['5XNq3pJu1ByZa9pfgL1Xkh']
Qucee	Tabitha	1	['5JKI2BLEkNzDNJ1XuuFCRe']
Kid de Blits	STUK	1	['415EE9FcuVKkNPetJsxor3']
Chivv	Ronnie Flex	1	['5xwv3ROqFwTWNPx7zNUODZ']
JoeyAK	Ronnie Flex	1	['5xwv3ROqFwTWNPx7zNUODZ']
Jonna Fraser	SFB	1	['0YzWKlZhC0hg53gtGSiOSK']
21 Savage	Cardi B	1	['75FDPwaULRdYDn4StFN2rT']
Michael Bublé	Shania Twain	1	['2gbCG4Rt9984UZ7Tc0dIFd']
Jozzy	Los Unidades	1	['3eydp9rHJAskzOevEBK267']
Jozzy	Pharrell Williams	1	['3eydp9rHJAskzOevEBK267']
Los Unidades	Pharrell Williams	1	['3eydp9rHJAskzOevEBK267']
Drummakid	Jacin Trill	1	['0v3mjnuzHKFbNGuzG4UFgN']
Jacin Trill	Makkie	1	['0v3mjnuzHKFbNGuzG4UFgN']
BLØF	Geike	1	['7MOX3ibncypw3xGb4HZVFA']
Douwe Bob	Jacqueline Govaert	1	['0yjctZVyO19HA16gT0g35s']
Broertje	Djaga Djaga	1	['3tyNbqjCv21ucwGP3QE3mY']
Broertje	Emms	1	['3tyNbqjCv21ucwGP3QE3mY']
Djaga Djaga	Emms	1	['3tyNbqjCv21ucwGP3QE3mY']
Boef	Young Ellens	1	['036HGg6Bs7n15m99zcnPwZ']
Jordan Rakei	Tom Misch	1	['2eGFixlUmSK3Yei80riTVe']
BLØF	Frenna	1	['46V1YQy4dwmVG9zB5PkawO']
Drake	French Montana	1	['04MLEeAMuV9IlHEsD8vF6A']
Frenna	Murda	1	['6jRhJTZ321bW4rnF09uD9M']
Frenna	Philly Moré	1	['6jRhJTZ321bW4rnF09uD9M']
Murda	Philly Moré	1	['6jRhJTZ321bW4rnF09uD9M']
Dynoro	Gigi D'Agostino	1	['0E9ZjEAyAwOXZ7wJC0PD33']
Gers Pardoel	Mennoboomin	1	['2kjWXIFx7GY6qjIRHuYnXE']
Mosta Man	Mula B	1	['03IS2iOegM0fawq6wid44m']
Dopebwoy	Eves Laurent	1	['06OwvHYzlNG5KPjvwPMc4x']
Dopebwoy	Frsh	1	['06OwvHYzlNG5KPjvwPMc4x']
Frsh	Zefanio	1	['06OwvHYzlNG5KPjvwPMc4x']
Bryan Mg	LouiVos	1	['4j3gCQNtI3AQ2Kqhd5owKS']
Bryan Mg	WAWA	1	['4j3gCQNtI3AQ2Kqhd5owKS']
LouiVos	WAWA	1	['4j3gCQNtI3AQ2Kqhd5owKS']
Frsh	Spens	1	['6rn05HJRAMxlG5hAulKQZB']
Vani	Zack Ink	1	['6OgVvmsngETFGLAEQci6NU']
Idaly	SFB	1	['1SveOxUxAxhrCWBhdfbjQu']
Bizzey	Jiri11	1	['3bKw74Us6ynRW1QA00cN1d']
Jiri11	Jonna Fraser	1	['3bKw74Us6ynRW1QA00cN1d']
Fatah	Lijpe	1	['0rkH09nZFXWyFmSwLsPEtm']
Jonna Fraser	Mael	1	['3qJwumpWTk8lerbvmGTxRE']
Keala Settle	The Greatest Showman Ensemble	1	['2xGjteMU3E1tkEPVFBO08U']
Drake	Meek Mill	1	['2IRZnDFmlqMuOrYOLnZZyc']
Blake Shelton	Gwen Stefani	1	['2OQ6a4CfUeYskpTTgyawyJ']
Julia Michaels	Trippie Redd	1	['2OvV4NjEBRE9v8Oo7QeUCq']
Bollebof	F1rstman	1	['18CkDfMW10KhueHaqAFgWK']
Bollebof	Josylvio	1	['18CkDfMW10KhueHaqAFgWK']
Bollebof	Lijpe	1	['18CkDfMW10KhueHaqAFgWK']
F1rstman	Josylvio	1	['18CkDfMW10KhueHaqAFgWK']
F1rstman	Lijpe	1	['18CkDfMW10KhueHaqAFgWK']
Chris Brown	Lil Dicky	1	['10Igtw8bSDyyFs7KIsKngZ']
Chivv	Mario Cash	1	['4b9SuUqaAdSrRexMXtt06w']
Dopebwoy	Mario Cash	1	['4b9SuUqaAdSrRexMXtt06w']
Alec Petrus	James Francis	1	['5iQ0YiTAHeUUkNYIo0NGqy']
Alec Petrus	Ronnie Flex	1	['5iQ0YiTAHeUUkNYIo0NGqy']
James Francis	Ronnie Flex	1	['5iQ0YiTAHeUUkNYIo0NGqy']
Anne-Marie	Marshmello	1	['08bNPGLD8AhKpnnERrAc6G']
Armoo	Joey Bravo	1	['3r9S8Qsjwtt8dWLXXjiHWO']
Jermaine Niffer	Latifah	1	['3fUp51zV0ZL0ZAM7JXd7CT']
Broertje	Ismo	1	['0ttFZzhaNLM97d2UDFW8hA']
Broertje	Riffi	1	['0ttFZzhaNLM97d2UDFW8hA']
Broertje	Sevirio	1	['0ttFZzhaNLM97d2UDFW8hA']
Ismo	Sevirio	1	['0ttFZzhaNLM97d2UDFW8hA']
Riffi	Sevirio	1	['0ttFZzhaNLM97d2UDFW8hA']
Khalid	Martin Garrix	1	['3nc420PXjTdBV5TN0gCFkS']
Clean Bandit	Zara Larsson	1	['1x5sYLZiu9r5E43kMlt9f8']
Ab-Soul	Anderson .Paak	1	['0YOXGfOvoxzAl9XkxH8eEK']
Ab-Soul	James Blake	1	['0YOXGfOvoxzAl9XkxH8eEK']
Anderson .Paak	James Blake	1	['0YOXGfOvoxzAl9XkxH8eEK']
Boef	Paramocro	1	['0MQkNS1KVLBIdGW8KYzO1T']
Dopebwoy	Poke	1	['0DCxNJg7yquzAHORClrP3e']
Dopebwoy	Yung Felix	1	['0DCxNJg7yquzAHORClrP3e']
Poke	Yung Felix	1	['0DCxNJg7yquzAHORClrP3e']
IliassOpDeBeat	Mula B	1	['1zd3M9ByJkQIokwOiOU3hh']
Bartofso	Lijpe	1	['1VWNeQWEVlOasBWux2G3vM']
Frsh	Vic9	1	['6tlnzy111ydFxO1fPbnkyJ']
REVV	WOLKM3N	1	['5nFzFqFA3fXdvyJLP5dZDq']
Hef	Sevn Alias	1	['4Kj24PuzbD6vrDDTExQ7nz']
Fmg	KM	1	['0sQUIkZzTmNz7atLxfGGI6']
Bollebof	Frsh	1	['5bZyRef0ciYKrzU6r4DWUP']
Ed Sheeran	Future	1	['2x0WlnmfG39ZuDmstl9xfX']
Ed Sheeran	Taylor Swift	1	['2x0WlnmfG39ZuDmstl9xfX']
Future	Taylor Swift	1	['2x0WlnmfG39ZuDmstl9xfX']
Delany	Hansie	1	['1htiTRFICVGPkn7JkRrSRa']
Chance the Rapper	Lil Wayne	1	['3DXncPQOG4VBw3QHh3S817']
DJ Khaled	Lil Wayne	1	['3DXncPQOG4VBw3QHh3S817']
Justin Bieber	Lil Wayne	1	['3DXncPQOG4VBw3QHh3S817']
Lil Wayne	Quavo	1	['3DXncPQOG4VBw3QHh3S817']
Eartha Kitt	Henri René and His Orchestra	1	['1foCxQtxBweJtZmdxhEHVO']
Esko	The Partysquad	1	['6q7NZtLvI5cuVm6LDt4Jd4']
Esko	Willie Wartaal	1	['6q7NZtLvI5cuVm6LDt4Jd4']
Flow de Wolf	The Partysquad	1	['6q7NZtLvI5cuVm6LDt4Jd4']
Flow de Wolf	Willie Wartaal	1	['6q7NZtLvI5cuVm6LDt4Jd4']
Flow de Wolf	Woenzelaar	1	['6q7NZtLvI5cuVm6LDt4Jd4']
The Partysquad	Willie Wartaal	1	['6q7NZtLvI5cuVm6LDt4Jd4']
The Partysquad	Woenzelaar	1	['6q7NZtLvI5cuVm6LDt4Jd4']
Willie Wartaal	Woenzelaar	1	['6q7NZtLvI5cuVm6LDt4Jd4']
CHO	Zefanio	1	['6G2OYDVz95ApFXUvJxo57C']
Abigail Johnson	CHO	1	['4hROih7i7NXFqmtANhL3fX']
Architrackz	Broertje	1	['3Xxkk6NiJLl6HnQW8dN4YR']
Architrackz	JoeyAK	1	['3Xxkk6NiJLl6HnQW8dN4YR']
Broertje	JoeyAK	1	['3Xxkk6NiJLl6HnQW8dN4YR']
Brett Eldredge	Meghan Trainor	1	['5Q2P43CJra0uRAogjHyJDK']
A$AP Rocky	FKA twigs	1	['1AqemxWsT0iGg5Lvkm16Bt']
Big Sean	Migos	1	['2KokOIKdw4zZutDil85Ugh']
Big Sean	Travis Scott	1	['2KokOIKdw4zZutDil85Ugh']
Big Sean	Ty Dolla $ign	1	['2KokOIKdw4zZutDil85Ugh']
Migos	Travis Scott	1	['2KokOIKdw4zZutDil85Ugh']
Migos	Ty Dolla $ign	1	['2KokOIKdw4zZutDil85Ugh']
Travis Scott	Ty Dolla $ign	1	['2KokOIKdw4zZutDil85Ugh']
Jacin Trill	Ugly God	1	['5lpOycSXqVTxmpTU4nQuKU']
Martin Garrix	Troye Sivan	1	['6jA8HL9i4QGzsj6fjoxp8Y']
Mitchell Ayres & His Orchestra	Perry Como	1	['2pXpURmn6zC5ZYDMms6fwa']
Mitchell Ayres & His Orchestra	The Fontane Sisters	1	['2pXpURmn6zC5ZYDMms6fwa']
Perry Como	The Fontane Sisters	1	['2pXpURmn6zC5ZYDMms6fwa']
DJEZJA	Yung Felix	1	['45e88wdmnzQeFdZfA5X4Xi']
G-Eazy	Post Malone	1	['688QpQAwqsLdBR6lr13wK1']
G-Eazy	YG	1	['688QpQAwqsLdBR6lr13wK1']
Post Malone	YG	1	['688QpQAwqsLdBR6lr13wK1']
3robi	Sidney Samson	1	['2FJGSiyMdwf9pfa2HSowrQ']
3robi	Sjaak	1	['2FJGSiyMdwf9pfa2HSowrQ']
Esko	Jermaine Niffer	1	['5xjmVT7UAi7n6x3t1c0W7k']
Esko	Lauwtje	1	['5xjmVT7UAi7n6x3t1c0W7k']
Jermaine Niffer	Lauwtje	1	['5xjmVT7UAi7n6x3t1c0W7k']
Josylvio	Lauwtje	1	['5xjmVT7UAi7n6x3t1c0W7k']
Armin van Buuren	Conrad Sewell	1	['6o6vq3IrtXqvbQnrtTwtKc']
Felix Jaehn	OMI	1	['7vFoFDWqTX0mHzLfrF1Cfy']
Dave Roelvink	Fmg	1	['5CbZFK4IsoQEsx0dtHVkwH']
Chivv	Latifah	1	['0vxDTprbctBuXuAKIOo4bP']
Memphis Depay	Nana Fofie	1	['6ihSvb4conbQTMxQNI8zGx']
Memphis Depay	Winne	1	['6ihSvb4conbQTMxQNI8zGx']
Nana Fofie	Winne	1	['6ihSvb4conbQTMxQNI8zGx']
$hirak	Boef	1	['77wz2VtAwxAwYOGTJrZBKT']
$hirak	Lil Kleine	1	['77wz2VtAwxAwYOGTJrZBKT']
Ronnie Flex	SBMG	1	['77wz2VtAwxAwYOGTJrZBKT']
Iliass	LouiVos	1	['2jof7z51dXL6ywbF9f7Qbs']
Jonna Fraser	YOUNGBAEKANSIE	1	['7jEJBKrajTlxVEocRIfYK3']
Ronnie Flex	Winne	1	['4dBmbuWzJ7WMOvxOR9Sxii']
