artist_id	name	genres	years_on_charts	num_hits	num_collab_hits
0HDMwoCS316xhKCZlJPBnc	Sevn Alias	['antilliaanse rap', 'dutch hip hop']	[2017, 2018, 2019, 2020, 2021, 2022]	249	166
1wFoE1RwBMWoWkXcFrCgsx	Josylvio	['dutch hip hop']	[2017, 2018, 2019, 2020, 2021, 2022]	232	181
6m1LYS5NQonxjOcQFPQOb5	Frenna	['dutch hip hop', 'dutch rap pop']	[2017, 2018, 2019, 2020, 2021, 2022]	221	180
5adKMaYrGOMyOfnbiLPuHg	Jonna Fraser	['dutch hip hop', 'dutch rap pop']	[2017, 2018, 2019, 2020, 2021, 2022]	205	168
6INEFmHKLhMIJAQzHUBAMd	Lijpe	['dutch hip hop']	[2017, 2018, 2019, 2020, 2021, 2022]	202	111
0IxgA9wO4Op3CSnPlhfwV1	Kevin	['dutch hip hop']	[2017, 2018, 2019, 2020, 2021, 2022]	181	137
6zEaCvF0CqEHs7kFyBkLHi	Mula B	['dutch hip hop']	[2017, 2018, 2019, 2020, 2021, 2022]	165	121
7ge3QfYPMTjDbMoVLuuIuJ	Hef	['dutch hip hop']	[2017, 2018, 2019, 2020, 2021, 2022]	152	110
3TVXtAsR1Inumwj472S9r4	Drake	['canadian hip hop', 'canadian pop', 'hip hop', 'rap', 'toronto rap']	[2017, 2018, 2019, 2020, 2021]	145	72
5eir5zFJpES4j7gsymbVyl	Ronnie Flex	['dutch hip hop', 'dutch rap pop']	[2017, 2018, 2019, 2020, 2021, 2022]	145	119
51MxI9mWmRMPLK9eNlyQ7o	3robi	['dutch hip hop', 'rap belge']	[2017, 2018, 2019, 2020, 2021, 2022]	143	126
3AlRiyjMywTVNzTcHbf9QT	Lil Kleine	['dutch hip hop', 'dutch rap pop']	[2017, 2018, 2019, 2020, 2021, 2022]	142	67
0Jsk5iYMr5aNjHury7blm1	Boef	['dutch hip hop']	[2017, 2018, 2019, 2020, 2021, 2022]	129	86
2hBfmHHnM4dS4pJgEJENCg	Chivv	['dutch hip hop', 'dutch rap pop']	[2017, 2018, 2019, 2020, 2021, 2022]	128	106
5GIcOzVFTNnzArytjmTkW8	Bizzey	['dutch hip hop', 'dutch rap pop']	[2017, 2018, 2019, 2020, 2021, 2022]	121	112
5GvMLzUp6tMBpaCbr903RN	Broederliefde	['dutch hip hop', 'dutch rap pop']	[2017, 2018, 2019, 2020, 2021, 2022]	117	61
0lzYw5xI9jgMg8O5i4bTre	LouiVos	['dutch hip hop', 'ritmo kombina']	[2017, 2018, 2019, 2020, 2021, 2022]	117	94
1EYdbYpGAuJy6uZo4sVMoM	Idaly	['dutch hip hop', 'dutch rap pop']	[2017, 2018, 2019, 2020, 2021, 2022]	106	84
6OQggpm01CmAB717TKtDCr	Dopebwoy	['dutch hip hop', 'dutch rap pop']	[2017, 2018, 2019, 2020, 2021, 2022]	98	80
3n51Vz9Zb9aFmoXmXZ50El	Henkie T	['dutch hip hop', 'dutch rap pop']	[2017, 2018, 2019, 2020, 2021, 2022]	96	87
438nTuoZFCZCyBl33jE9dU	Ashafar	['dutch hip hop']	[2017, 2018, 2019, 2020, 2021, 2022]	96	58
4iCzh7b2cLbHVsPOwhr8W0	JoeyAK	['dutch hip hop']	[2017, 2018, 2019, 2020, 2021, 2022]	90	71
6eUKZXaKkcviH0Ku9w2n3V	Ed Sheeran	['pop', 'singer-songwriter pop', 'uk pop']	[2017, 2018, 2019, 2020, 2021, 2022]	88	42
2vRJ1xr5DT4PdBnM63DBJZ	Ismo	['dutch hip hop']	[2017, 2018, 2019, 2020, 2021, 2022]	87	47
1uNFoZAHBGtllmzznpCI3s	Justin Bieber	['canadian pop', 'pop']	[2017, 2018, 2019, 2020, 2021, 2022]	87	56
66CXWjxzNUsdJxJ2JdwvnR	Ariana Grande	['pop']	[2017, 2018, 2019, 2020, 2021, 2022]	84	36
3E31HqA00iCX9nRhesw6LD	Snelle	['dutch hip hop', 'dutch pop']	[2018, 2019, 2020, 2021, 2022]	83	42
246dkjvS1zLTtiykXe5h60	Post Malone	['dfw rap', 'melodic rap', 'pop', 'rap']	[2017, 2018, 2019, 2020, 2021, 2022]	82	40
4MCBfE4596Uoi2O4DtmEMz	Juice WRLD	['chicago rap', 'melodic rap', 'rap']	[2018, 2019, 2020, 2021, 2022]	82	29
1Xyo4u8uXC1ZmMpatF05PJ	The Weeknd	['canadian contemporary r&b', 'canadian pop', 'pop']	[2017, 2018, 2019, 2020, 2021, 2022]	78	32
7dGJo4pcD2V6oG8kP0tJRR	Eminem	['detroit hip hop', 'hip hop', 'rap']	[2017, 2018, 2019, 2020, 2021, 2022]	77	37
7iBY1RLWDV5zX9NDNQxurm	Tabitha	['dutch pop']	[2017, 2018, 2019, 2020, 2021, 2022]	77	33
0Y5tJX1MQlPlqiwlOH1tJY	Travis Scott	['hip hop', 'rap', 'slap house']	[2017, 2018, 2019, 2020, 2021]	72	49
19CxlXaWOlZh2pqZrJlHxN	Frsh	['dutch hip hop', 'dutch rap pop']	[2017, 2018, 2019, 2020, 2021, 2022]	72	70
0YPIovtLh5msFPFuCcn30R	CHO	['dutch hip hop', 'dutch rap pop']	[2017, 2018, 2019, 2020, 2021, 2022]	68	49
7CIYYEGtuTl0sjwEY8ihGh	Jack	['dutch hip hop']	[2019, 2020, 2021, 2022]	66	38
5erZiBCKPxe9FaTiXHO00m	Adje	['dutch hip hop']	[2017, 2018, 2019, 2020, 2021, 2022]	65	64
0ltU5V1lbLkZlgXrnCeGjx	Qlas & Blacka	['dutch drill', 'dutch hip hop', 'dutch rap pop']	[2019, 2020, 2021, 2022]	64	41
4hKoG9QvxsFDLIntc6tZ0g	Jacin Trill	['dutch hip hop']	[2017, 2018, 2019, 2020, 2021]	63	45
06HL4z0CvFAxyc27GXpf02	Taylor Swift	['pop']	[2017, 2018, 2019, 2020, 2021, 2022]	62	13
1eLxAzPSnsl03ajNNihddF	Jayh	['dutch hip hop', 'dutch pop', 'dutch rap pop']	[2017, 2018, 2019, 2020, 2021]	61	51
5K4W6rqBFWDnAN6FQUkS6x	Kanye West	['chicago rap', 'hip hop', 'rap']	[2017, 2018, 2019, 2020, 2021, 2022]	61	20
1PyToLP6F2rzV0ZSR71lgl	Bryan Mg	['dutch hip hop', 'dutch rap pop']	[2018, 2019, 2020, 2021, 2022]	61	57
2NFWbreVmIEJG0iqIvLDOI	Bokoesam	['dutch hip hop', 'dutch rap pop', 'nederreggae']	[2017, 2018, 2019, 2020, 2021, 2022]	59	53
2y1VzMKAa5nmfXKtJL9jnj	Murda	['basshall', 'turkish hip hop', 'turkish trap']	[2017, 2018, 2019, 2020, 2021, 2022]	59	57
6LuN9FCkKOj5PcnpouEgny	Khalid	['pop', 'pop r&b']	[2017, 2018, 2019, 2020, 2021, 2022]	58	36
0SuC1Z51R9kleDO1pj3Gub	Young Ellens	['dutch hip hop', 'dutch rap pop']	[2018, 2019, 2020, 2021, 2022]	57	45
77IW5ZK1smDQYYKDCQugXh	Suzan & Freek	['dutch pop']	[2018, 2019, 2020, 2021, 2022]	57	4
53XhwfbYqKCa1cC15pYq2q	Imagine Dragons	['modern rock', 'pop', 'rock']	[2017, 2018, 2019, 2020, 2021, 2022]	56	6
7n2wHs1TKAczGzO7Dd2rGr	Shawn Mendes	['canadian pop', 'pop', 'viral pop']	[2017, 2018, 2019, 2020, 2021, 2022]	55	12
2ieZVeLSXjusHvAKJCQ1NC	Sinterklaasliedjes	['christmas product']	[2017, 2018, 2019, 2020, 2021]	55	45
0eDvMgVFoNV3TpwtrVCoTj	Pop Smoke	['brooklyn drill', 'rap']	[2019, 2020, 2021]	54	36
4mg1S6eUvRL9IZKzEShYB8	Djaga Djaga	['dutch hip hop']	[2017, 2018, 2019, 2020, 2021, 2022]	53	35
50mdotNCJ2PcoZiAgsh8dY	SFB	['dutch hip hop', 'dutch rap pop']	[2017, 2018, 2019, 2020, 2022]	53	38
6qqNVTkY8uBg9cP3Jd7DAH	Billie Eilish	['art pop', 'electropop', 'pop']	[2018, 2019, 2020, 2021, 2022]	51	4
0FWWBkIJD4tvlDzB4O8XT7	Kempi	['dutch hip hop']	[2017, 2018, 2019, 2020, 2021, 2022]	51	45
5QWQYxfuoNq7iJBlbIAYRS	Eves Laurent	['dutch hip hop']	[2017, 2018, 2019, 2020, 2021, 2022]	50	34
15UsOTVnJzReFVN1VCnxy4	XXXTENTACION	['emo rap', 'miami hip hop']	[2017, 2018, 2019, 2020, 2021, 2022]	50	12
5yDkaiPTFbHGWCMXAEBt5Q	Kraantje Pappie	['dutch hip hop']	[2017, 2018, 2019, 2020, 2021, 2022]	48	34
6J2bFI9tQDWfPHjoKHKrOu	Yung Felix	['dutch hip hop', 'dutch rap pop']	[2017, 2018, 2019, 2020, 2021, 2022]	47	47
7sgdV8Ka9ILeZdzSqjzItk	D-Double	['dutch hip hop', 'dutch trap']	[2017, 2018, 2019, 2020, 2021, 2022]	47	43
3HL2hJ9MmM9eazDokIndkr	SBMG	['dutch hip hop', 'dutch rap pop']	[2017, 2018, 2019]	47	39
1Cs0zKBU1kc0i8ypK3B9ai	David Guetta	['big room', 'dance pop', 'edm', 'pop', 'pop dance']	[2017, 2018, 2019, 2020, 2021, 2022]	47	44
7DpYMZzVNrjqw1geHziUEd	KA	['dutch hip hop']	[2018, 2019, 2020, 2021, 2022]	47	30
7FGPqGAnNztJ6mQniyFLt9	Vic9	['dutch hip hop', 'dutch trap']	[2017, 2018, 2019, 2020, 2021, 2022]	47	42
1a4DIEh9pp70HzDHgyjioB	Latifah	['dutch hip hop', 'dutch rap pop']	[2017, 2018, 2019, 2020, 2021, 2022]	47	33
69GGBxA162lTqCwzJG5jLp	The Chainsmokers	['electropop', 'pop']	[2017, 2018, 2019, 2020, 2022]	45	29
1vCWHaC5f2uS3yhpwWbIA6	Avicii	['edm', 'pop', 'pop dance']	[2017, 2018, 2019, 2020, 2021, 2022]	45	29
4owt1GWUqAh4gsXT13roop	Jairzinho	['dutch hip hop', 'dutch rap pop']	[2017, 2018, 2019, 2020, 2021]	45	31
6M2wZ9GZgrQXHCFfjv46we	Dua Lipa	['dance pop', 'pop', 'uk pop']	[2017, 2018, 2019, 2020, 2021, 2022]	45	22
0rQ69yrbz7CeUmXUn1beIj	Esko	['dutch hip hop']	[2017, 2018, 2019, 2020, 2021]	44	39
5vmwWgrlwCfHm1P0vdDFbU	Maan	['dutch pop', 'nederreggae']	[2017, 2018, 2019, 2020, 2021, 2022]	44	17
1URnnhqYAYcrqrcwql10ft	21 Savage	['atl hip hop', 'hip hop', 'rap', 'trap']	[2017, 2018, 2019, 2020, 2021, 2022]	44	37
0hgX6slgQFj1QpjpKHbcK1	Poke	['dutch hip hop', 'dutch rap pop']	[2017, 2018, 2019, 2020, 2021, 2022]	43	41
7rWuImrIbAa8XxwWVFWNoZ	Riffi	['dutch hip hop']	[2017, 2018, 2019, 2020, 2021]	42	18
6j2HGKxQpvoTFC5UCDq5mb	Kosso	['dutch hip hop']	[2017, 2018, 2019, 2020, 2021]	42	30
0MSYpagcvnSP2o91Ji2OCw	KM	['dutch hip hop', 'dutch rap pop']	[2017, 2018, 2019, 2020, 2021]	41	40
57RYqNhEvaNiafuP1X73GS	Equalz	['dutch hip hop', 'dutch rap pop']	[2017, 2018, 2019, 2020, 2021]	41	28
5YqXgMhzkUnyjYQGgoIvoq	Architrackz	['dutch hip hop', 'dutch rap pop', 'maluku pop']	[2017, 2018, 2019, 2020, 2021, 2022]	41	40
6bJ0SXA2VXkqXpJBR2SQkf	DJEZJA	['dutch hip hop']	[2017, 2018, 2019, 2020, 2021, 2022]	40	26
23fqKkggKUBHNkbKtXEls4	Kygo	['edm', 'pop', 'pop dance', 'tropical house']	[2017, 2018, 2019, 2020, 2021, 2022]	38	38
6Ul16nbSefjbgfpDz2k9il	Leafs	['dutch hip hop']	[2017, 2018, 2019, 2020]	38	26
2wY79sveU1sp5g7SokKOiI	Sam Smith	['pop', 'uk pop']	[2017, 2018, 2019, 2020, 2021]	38	6
1RyvyyTE3xzB2ZywiAwp0i	Future	['atl hip hop', 'hip hop', 'rap', 'southern hip hop', 'trap']	[2017, 2018, 2019, 2020, 2021, 2022]	38	32
5quv5QEyL2XAloebaau69m	Ali B	['dutch hip hop', 'dutch pop']	[2017, 2018, 2019, 2020, 2021, 2022]	37	36
6oMuImdp5ZcFhWP0ESe6mG	Migos	['atl hip hop', 'hip hop', 'rap', 'trap']	[2017, 2018, 2019, 2020, 2021]	37	23
0hCNtLu0JehylgoiP8L4Gh	Nicki Minaj	['hip pop', 'pop', 'queens hip hop', 'rap']	[2017, 2018, 2019, 2020, 2021, 2022]	37	34
5EBNHekbDwV3Q9POxvSMBI	Bartofso	['dutch hip hop']	[2017, 2018, 2019, 2020, 2021, 2022]	37	32
1uUuCEXmWpKN2YLl5xSoT2	$hirak	['dutch hip hop', 'dutch rap pop']	[2018, 2019, 2020, 2021, 2022]	37	37
0o1hCS1PDOc1UtVrcXB9s8	Yssi SB	['dutch hip hop', 'dutch rap pop']	[2020, 2021, 2022]	37	29
60d24wfXkVzDSfLS6hyCjZ	Martin Garrix	['dutch edm', 'edm', 'pop', 'pop dance', 'progressive house']	[2017, 2018, 2019, 2020, 2021, 2022]	36	35
4gzpq5DPGxSnKTe4SA8HAU	Coldplay	['permanent wave', 'pop']	[2017, 2018, 2019, 2020, 2021, 2022]	36	7
1vyhD5VmyZ7KMfW5gqLgo5	J Balvin	['reggaeton', 'reggaeton colombiano', 'trap latino', 'urbano latino']	[2017, 2018, 2019, 2020, 2021]	36	34
2YZyLoL8N0Wb9xBt1NhZWg	Kendrick Lamar	['conscious hip hop', 'hip hop', 'rap', 'west coast rap']	[2017, 2018, 2019, 2020, 2021]	35	20
6l3HvQ5sa6mXTsMTB19rO5	J. Cole	['conscious hip hop', 'hip hop', 'north carolina hip hop', 'rap']	[2018, 2019, 2020, 2021]	35	12
4nDoRrQiYLoBzwC5BhVJzF	Camila Cabello	['dance pop', 'pop']	[2017, 2018, 2019, 2020, 2021, 2022]	35	15
4O15NlyKLIASxsJ0PrXPfz	Lil Uzi Vert	['melodic rap', 'philly rap', 'rage rap', 'rap', 'trap']	[2017, 2018, 2019, 2020, 2021]	35	16
0Kwf0zcciIFGLCKiqNcO6Q	SRNO	['dutch rap pop']	[2017, 2018, 2019, 2020, 2021, 2022]	34	34
3Nrfpe0tUJi4K4DXYWgMUX	BTS	['k-pop', 'k-pop boy group', 'pop']	[2017, 2018, 2019, 2020, 2021, 2022]	34	10
4dpARuHxo51G3z768sgnrY	Adele	['british soul', 'pop', 'pop soul', 'uk pop']	[2017, 2018, 2019, 2021, 2022]	34	0
2YkP9pfIZ6hJKeuppuz8qT	Yade Lauren	['dutch rap pop']	[2017, 2018, 2019, 2020, 2021, 2022]	33	28
4kYSro6naA4h99UJvo89HB	Cardi B	['pop', 'rap']	[2017, 2018, 2019, 2020, 2021]	33	26
50co4Is1HCEo8bhOyUWKpn	Young Thug	['atl hip hop', 'atl trap', 'gangster rap', 'melodic rap', 'rap', 'trap']	[2017, 2018, 2019, 2020, 2021, 2022]	33	33
66wqVYADY665LeMxs8nlk3	Cor	['dutch hip hop']	[2020, 2021, 2022]	33	28
6wMnkPepu5AcV3w9rtIw09	Spanker	['dutch hip hop', 'dutch rap pop']	[2017, 2018, 2020, 2021]	32	32
30TCJAB49OXPfotwqvvB8W	Geechi	['dutch hip hop']	[2017, 2018, 2019, 2020, 2021]	32	31
3ZZlaq6tv1IcMjNtrZpsLd	BKO	['dutch hip hop', 'dutch rap pop']	[2017, 2018, 2019, 2020, 2021]	32	28
5qeFPM2PZUCzcpkY4e4RC8	ADF Samski	['dutch hip hop']	[2019, 2020, 2021, 2022]	32	25
7gZfnEnfiaHzxARJ2LeXrf	6ix9ine	['emo rap']	[2018, 2019, 2020]	31	21
5WUlDfRSoLAfcVSX1WnrxN	Sia	['australian dance', 'australian pop', 'pop']	[2017, 2018, 2019, 2020, 2021]	31	19
4Dm1MX4VPbtLssAQeBhHFo	Famke Louise	['dutch hip hop']	[2017, 2018, 2019, 2020, 2021]	30	20
6vWDO969PvNqNYHIOW5v0m	Beyoncé	['pop', 'r&b']	[2017, 2018, 2019, 2020, 2021]	30	17
0hEurMDQu99nJRq8pTxO14	John Mayer	['neo mellow', 'singer-songwriter']	[2017, 2018, 2019, 2020, 2021]	30	2
6AgTAQt8XS6jRWi4sX7w49	Polo G	['chicago rap', 'rap']	[2019, 2020, 2021, 2022]	30	19
2AkaK2DXdBUWYjpwOHoKs2	Emms	['dutch hip hop', 'dutch rap pop']	[2017, 2018, 2019, 2020, 2021, 2022]	29	29
0IA4SdCS8HBDX6oBoOlgaf	F1rstman	['basshall', 'desi pop', 'dutch hip hop', 'dutch rap pop']	[2017, 2018, 2019, 2020]	29	23
0SfsnGyD8FpIN4U4WCkBZ5	Armin van Buuren	['dutch house', 'dutch trance', 'edm', 'pop dance', 'progressive house', 'trance']	[2017, 2018, 2019, 2020, 2021, 2022]	29	25
2Muef9e20frSc14ocV9TQU	Pierrii	['dutch hip hop']	[2017, 2019, 2020, 2021, 2022]	29	13
0LyfQWJT6nXafLPZqxe9Of	Various Artists	[]	[2017]	29	21
0C8ZW7ezQVs4URX5aX7Kqx	Selena Gomez	['pop', 'post-teen pop']	[2017, 2018, 2019, 2020, 2021]	28	15
7KcUsF4LyLu0SIhmwvNSmM	Zefanio	['dutch rap pop']	[2017, 2018, 2019, 2020, 2021, 2022]	28	28
2ylIKKdMukkuprCgY4ZDFE	Donnie	['dutch hip hop']	[2017, 2018, 2019, 2020, 2021, 2022]	28	26
6KImCVD70vtIoJWnq6nGn3	Harry Styles	['pop']	[2017, 2018, 2019, 2020, 2021, 2022]	28	0
3Xvu1Rur46ZO8HiE9hBuxl	Hansie	['dutch hip hop', 'dutch rap pop']	[2017, 2018, 2019, 2020, 2021]	27	27
3DIhZ8xOvMa1KpXPV6BZXV	Diquenza	['dutch rap pop']	[2017, 2018, 2019, 2020, 2021, 2022]	27	27
2hlmm7s2ICUX0LVIhVFlZQ	Gunna	['atl hip hop', 'melodic rap', 'rap', 'trap']	[2018, 2019, 2020, 2021, 2022]	27	25
2TgfGXSqjJI3Neg2lNeptE	De Fellas	['dutch hip hop']	[2017, 2018, 2019]	27	26
7jVv8c5Fj3E9VhNjxT4snq	Lil Nas X	['lgbtq+ hip hop']	[2019, 2020, 2021, 2022]	27	11
0VRj0yCOv2FXJNP47XQnx5	Quavo	['atl hip hop', 'melodic rap', 'rap', 'trap']	[2017, 2018, 2019, 2020, 2021]	26	26
0iEtIxbK0KxaSlF7G42ZOp	Metro Boomin	['rap']	[2017, 2018, 2019, 2020]	26	26
7hofCdl9njgv82JjU0HPwI	Jandro	['dutch hip hop', 'dutch rap pop']	[2017, 2018, 2019, 2020, 2021, 2022]	25	25
1GxkXlMwML1oSg5eLPiAz3	Michael Bublé	['adult standards', 'canadian pop', 'jazz pop', 'lounge']	[2017, 2018, 2019, 2020, 2021]	25	7
0du5cEVh5yTK9QJze8zA0C	Bruno Mars	['dance pop', 'pop']	[2017, 2018, 2019, 2020, 2021, 2022]	25	19
4V8LLVI7PbaPR0K2TGSxFF	Tyler, The Creator	['hip hop', 'rap']	[2019, 2021, 2022]	25	11
5wV3FoaNbDB6X9INuQvs1K	Bilal Wahib	['dutch hip hop']	[2019, 2020, 2021, 2022]	25	15
55Aa2cqylxrFIXC767Z865	Lil Wayne	['hip hop', 'new orleans rap', 'pop rap', 'rap', 'trap']	[2017, 2018, 2019, 2020, 2021, 2022]	24	20
1n34ZpZX4OCwbuyo9mnfU8	MocroManiac	['dutch hip hop']	[2017, 2018, 2019, 2020, 2021]	24	21
26VFTg2z8YR0cCuwLzESi2	Halsey	['electropop', 'etherpop', 'indie poptimism', 'pop']	[2017, 2018, 2019, 2020]	24	12
2408j875K0AESndCiOw5UO	Priceless	['dutch hip hop', 'dutch rap pop']	[2017, 2018, 2019, 2020, 2021]	24	24
0UJGBMWuG3d1ACpzVfvD0k	Crooks	['dutch hip hop']	[2017, 2018, 2019, 2020, 2021, 2022]	24	24
7tYKF4w9nC0nq9CsPZTHyP	SZA	['pop', 'r&b', 'rap']	[2017, 2018, 2019, 2020, 2021, 2022]	24	22
7bXgB6jMjp9ATFy66eO08Z	Chris Brown	['r&b', 'rap']	[2017, 2018, 2019, 2020, 2021, 2022]	24	18
0LcJLqbBmaGUft1e9Mm8HV	ABBA	['europop', 'swedish pop']	[2017, 2018, 2019, 2020, 2021, 2022]	24	0
1Hsdzj7Dlq2I7tHP7501T4	Niall Horan	['pop']	[2017, 2018, 2019, 2020, 2021]	24	5
6mo0UbyIvIePdXNyLwQlk5	Milow	['belgian pop', 'belgian rock', 'belgian singer-songwriter']	[2017, 2018, 2020, 2021]	24	4
7c0XG5cIJTrrAgEC3ULPiq	Ty Dolla $ign	['hip hop', 'pop rap', 'r&b', 'southern hip hop', 'trap', 'trap soul']	[2017, 2018, 2019, 2020, 2021]	23	23
5f7VJjfbwm532GiveGC0ZK	Lil Baby	['atl hip hop', 'atl trap', 'rap', 'trap']	[2018, 2019, 2020, 2021, 2022]	23	21
5wwneIFdawNgQ7GvKK29Z3	Lucas & Steve	['dutch house', 'edm', 'electro house', 'pop dance', 'progressive electro house']	[2017, 2018, 2019, 2020, 2021, 2022]	23	17
6OG9fZ1LKXyL0hShRmmnq1	Davina Michelle	['dutch pop']	[2018, 2019, 2020, 2021, 2022]	23	10
4tGJvDWhLFxzKRi94gc4a4	ValsBezig	['dutch rap pop']	[2017, 2018, 2019, 2020]	22	7
134sCDSe1w2zPnfCG4hT0f	Wulf	['dutch pop']	[2017, 2018, 2019, 2020, 2021]	22	2
5cMMheSnLhCt0YdwFkp3R9	Winne	['dutch hip hop']	[2018, 2019, 2020]	22	20
64M6ah0SkkRsnPGtGiRAbb	Bebe Rexha	['dance pop', 'pop']	[2017, 2018, 2019, 2020, 2021]	22	15
04gDigrS5kc9YWfZHwBETP	Maroon 5	['pop']	[2017, 2018, 2019, 2020, 2021]	22	16
3D2GUXbtlL3r2d5HJEnsFD	Marco Borsato	['dutch cabaret', 'dutch pop', 'dutch rock']	[2017, 2018, 2019, 2020, 2021, 2022]	22	6
5tzrNHhl5pR4ljkkaz4DHN	Fatah	['dutch hip hop']	[2018, 2019, 2020, 2021]	22	17
2vmQP2rkDh9bcyzhP1YVKU	Nass	['dutch hip hop']	[2020, 2021, 2022]	22	7
5Rl15oVamLq7FbSb0NNBNy	5 Seconds of Summer	['boy band', 'pop']	[2018, 2019, 2020, 2022]	21	4
5YGY8feqx7naU7z4HrwZM6	Miley Cyrus	['pop']	[2017, 2018, 2019, 2020, 2021]	21	8
7CajNmpbOovFoOoasH2HaY	Calvin Harris	['dance pop', 'edm', 'electro house', 'house', 'pop', 'progressive house', 'uk dance']	[2017, 2018, 2019, 2020, 2021]	21	19
0JsGs5vw0BLS9x3dT79REB	Ramiks	['dutch rap pop']	[2017, 2018, 2019, 2020]	21	21
1i8SpTcr7yvPOmcqrbnVXY	Ozuna	['puerto rican pop', 'reggaeton', 'trap latino', 'urbano latino']	[2017, 2018, 2019, 2020, 2021]	21	17
64KEffDW9EtZ1y2vBYgq8T	Marshmello	['brostep', 'edm', 'pop', 'progressive electro house']	[2017, 2018, 2019, 2020, 2021, 2022]	21	20
7yOobv5U0tQXYJaow5MN9P	Noord-Hollands Kinderkoor	['muziek voor kinderen']	[2017, 2018, 2019, 2020, 2021]	21	0
0ZED1XzwlLHW4ZaG4lOT6m	Julia Michaels	['pop']	[2017, 2018, 2019, 2020, 2021]	21	14
1HBjj22wzbscIZ9sEb5dyf	Jonas Blue	['pop', 'pop dance', 'tropical house', 'uk dance']	[2017, 2018, 2019, 2020, 2021, 2022]	21	21
5hHcAWKNV84BEbkRnbQ6A7	Kensington	['dutch indie rock', 'dutch pop', 'dutch rock']	[2017, 2018, 2019, 2020, 2021, 2022]	21	0
6rNu1h2bZtfgDuZC5FWGel	ChildsPlay	['basshall', 'dutch hip hop', 'dutch rap pop']	[2017, 2018, 2019, 2020, 2021]	21	21
3e7awlrlDSwF3iM0WBjGMp	Little Mix	['girl group', 'pop', 'talent show', 'uk pop']	[2017, 2018, 2019, 2020, 2021]	21	10
4r63FhuTkUYltbVAg5TQnk	DaBaby	['hip hop', 'north carolina hip hop', 'rap', 'trap']	[2019, 2020, 2021, 2022]	21	15
4BMNa7OwCq14ikdVluvUP5	Dorentina	[]	[2019, 2020, 2021]	21	21
4xRYI6VqpkE3UwrDrAZL8L	Logic	['conscious hip hop', 'hip hop', 'pop rap', 'rap']	[2017, 2018, 2019]	20	13
1zNqQNIdeOUZHb8zbZRFMX	Swae Lee	['melodic rap', 'rap', 'trap']	[2017, 2018, 2019, 2020, 2021]	20	20
5NIQNYb3j3WtX4ZKnLNajy	Kinderliedjes	['muziek voor kinderen']	[2017, 2018, 2019, 2020, 2021]	20	20
7uaikZmOtxXTNe5kPWv5t6	Zack Ink	['dutch hip hop', 'dutch trap']	[2017, 2018, 2019, 2020, 2021]	20	12
6S2OmqARrzebs0tKUEyXyp	Demi Lovato	['pop', 'post-teen pop']	[2017, 2018, 2019, 2020, 2021]	20	12
7jp5R1aY7kmwBYX3jIu9yk	Jebroer	['nederlandse hardstyle', 'tekk']	[2017, 2018, 2019, 2020, 2021, 2022]	20	18
4LLpKhyESsyAXpc4laK94U	Mac Miller	['hip hop', 'pittsburgh rap', 'rap']	[2018, 2019, 2020]	20	1
738wLrAtLtCtFOLvQBXOXp	Major Lazer	['dance pop', 'edm', 'electro house', 'moombahton', 'pop', 'pop dance']	[2017, 2018, 2019, 2020, 2021]	20	20
0Q73wiY36HDHHvxE9fAI95	DODO	['dutch hip hop']	[2019, 2020, 2021]	20	9
5cj0lLjcoR7YOSnhnX0Po5	Doja Cat	['dance pop', 'pop']	[2019, 2020, 2021, 2022]	20	11
07DX1ovPdfcA492wXjR5yd	Alles Kids	[]	[2020, 2021]	20	20
6zmlIW9JjRUAsOGOaUmR3i	Sinterklaasliedjes Alles Kids	[]	[2020, 2021]	20	20
2o5jDhtHVPhrJdv3cEQ99Z	Tiësto	['big room', 'brostep', 'dutch edm', 'edm', 'house', 'pop dance', 'slap house', 'trance']	[2017, 2018, 2019, 2020, 2021, 2022]	19	18
1zNqDE7qDGCsyzJwohVaoX	Anne-Marie	['pop']	[2017, 2018, 2019, 2020, 2021]	19	13
5Pwc4xIPtQLFEnJriah9YJ	OneRepublic	['piano rock', 'pop']	[2017, 2018, 2019, 2020, 2021, 2022]	19	7
1oF9VGP4yn9vVu1sPDLAyr	Brasco	[]	[2017, 2018, 2019, 2021]	19	19
6s5ubAp65wXoTZefE01RNR	Joost	[]	[2017, 2018, 2019, 2020]	19	10
2DbTbUZFWbi3U3QzgJqU0V	Snollebollekes	['carnaval', 'kermis', 'nederlandse hardstyle']	[2017, 2018, 2019, 2020, 2021, 2022]	19	5
0wCD0zZxxhHU91kYZolMnu	Moeman	['dutch hip hop']	[2017, 2018, 2019, 2020, 2021]	19	19
3jK9MiCrA42lLAdMGUZpwa	Anderson .Paak	['escape room', 'hip hop', 'indie soul', 'neo soul']	[2017, 2018, 2019, 2020, 2021, 2022]	19	19
30mNTnmvPn3HwXA5dW1Iza	Racoon	['dutch pop', 'dutch rock']	[2017, 2018, 2019, 2020, 2021, 2022]	19	0
3GL6hDzc8ltMMIl6gOTWIT	Philly Moré	['dutch hip hop', 'dutch rap pop']	[2017, 2018, 2019, 2020, 2021, 2022]	19	18
0MBLQbpbPvJ4oXM0Cj4aKR	Trobi	['dutch edm', 'dutch hip hop', 'pop edm']	[2019, 2020, 2021, 2022]	19	19
1d6XcWMNZgvbgs123LlFgJ	Kingsize	['dutch hip hop']	[2017, 2019]	19	18
3YQKmKGau1PzlVlkL1iodx	Twenty One Pilots	['modern rock', 'pop', 'pov: indie', 'rock']	[2017, 2018, 2020, 2021]	18	0
7aJ3XiEqaKGFJKSpCzZPQu	Spens	['bulgarian hip hop']	[2017, 2018, 2019, 2020, 2021]	18	18
6jJ0s89eD6GaHleKKya26X	Katy Perry	['pop']	[2017, 2018, 2019, 2020, 2022]	18	10
31TPClRtHm23RisEBtV3X7	Justin Timberlake	['dance pop', 'pop']	[2017, 2018, 2020, 2021]	18	5
0906u9DO6IhSeFljQ7AXHZ	Broertje	['dutch hip hop']	[2017, 2018, 2019, 2020]	18	17
4XQhU3S4TyPkiPIsSu2hmA	Diggy Dex	['dutch hip hop', 'dutch pop', 'dutch rock', 'nederreggae']	[2018, 2019, 2020, 2021, 2022]	18	6
0QHgL1lAIqAw0HtD7YldmP	DJ Khaled	['hip hop', 'miami hip hop', 'pop rap', 'rap']	[2017, 2018, 2019, 2020, 2021]	18	18
6cEuCEZu7PAE9ZSzLLc2oQ	R3HAB	['dutch house', 'edm', 'electro house', 'pop dance', 'progressive electro house', 'slap house']	[2017, 2018, 2019, 2020, 2021, 2022]	18	18
2gnD9CeLx3IlYO2zz0DEqH	Chip Charlez	['dutch hip hop', 'dutch rap pop']	[2017, 2019, 2020]	18	13
1u7uShzlA1tXJeox3jMFPq	De Jeugd Van Tegenwoordig	['dutch hip hop', 'dutch pop', 'dutch rock']	[2017, 2018, 2019, 2020, 2021, 2022]	17	0
2jku7tDXc6XoB6MO2hFuqg	Tory Lanez	['canadian hip hop', 'canadian trap', 'melodic rap', 'r&b', 'rap', 'toronto rap', 'trap']	[2017, 2018, 2019, 2020]	17	12
5fMUXHkw8R8eOP2RNVYEZX	Diplo	['edm', 'electro house', 'moombahton', 'pop dance']	[2017, 2018, 2019, 2020, 2021]	17	17
1HY2Jd0NmPuamShAr6KMms	Lady Gaga	['art pop', 'dance pop', 'pop']	[2017, 2018, 2019, 2020, 2021, 2022]	17	6
5CCwRZC6euC8Odo6y9X8jr	Rita Ora	['dance pop', 'pop', 'uk pop']	[2017, 2018, 2019, 2020, 2021, 2022]	17	12
4LcUpNlXFEleaLlelmkv2R	Kris Kross Amsterdam	['dutch house', 'dutch pop']	[2017, 2018, 2019, 2020, 2021, 2022]	17	17
0KQX2wRHV2VLjuscfJFNxB	BLØF	['dutch pop', 'dutch rock']	[2017, 2018, 2019, 2020, 2021, 2022]	17	7
5ZsFI1h6hIdQRw2ti0hz81	ZAYN	['pop', 'uk pop']	[2017, 2018, 2019, 2020, 2021]	17	11
3g6GiVVg4ynji0D8f93bHZ	Soufiane Eddyani	['belgian hip hop', 'dutch hip hop']	[2017, 2018, 2019, 2020]	17	11
6eFyS3cm4ANCbAuxQNl7ap	OCS	['dutch hip hop', 'dutch rap pop']	[2020, 2021, 2022]	17	17
6Xgp2XMz1fhVYe7i6yNAax	Trippie Redd	['melodic rap', 'rap', 'trap']	[2017, 2018, 2019, 2020, 2021]	16	11
2Vd0bXoPtbTy5T1T2aa5hY	Momi	['dutch hip hop']	[2017, 2018, 2019, 2020, 2021]	16	11
2dQgOfBP52UwjegY8FwJAY	The Partysquad	['dutch hip hop', 'moombahton']	[2017, 2018, 2019, 2020, 2021, 2022]	16	16
7vk5e3vY1uw9plTHJAMwjN	Alan Walker	['electro house']	[2017, 2018, 2019, 2020, 2021, 2022]	16	14
06eTdzI1FA6c2cPQAeVHY2	Miss Montreal	['dutch pop', 'dutch rock']	[2017, 2018, 2019, 2020, 2021, 2022]	16	3
5LHRHt1k9lMyONurDHEdrp	Tyga	['hip hop', 'pop rap', 'rap', 'trap']	[2018, 2019, 2020, 2021]	16	14
3R6VoMjUANEP9wb7fRNXws	Rolf Sanchez	['dutch pop']	[2017, 2018, 2019, 2020, 2021, 2022]	16	11
7bbzOJyYWRp0cef7NpIClP	Nnelg	['dutch hip hop']	[2017, 2018, 2019, 2020, 2021]	16	14
2lijXumljJXXrdagON1wtM	ICE	['dutch hip hop']	[2018, 2019, 2020, 2021]	16	10
1KCSPY1glIKqW2TotWuXOR	P!nk	['dance pop', 'pop']	[2017, 2018, 2019, 2020, 2021]	16	8
36WPIJMvnC1lSvjwMHrGAR	LA$$A	['dutch hip hop', 'dutch rap pop']	[2019, 2020, 2021, 2022]	16	16
70SvhGqakpocD7GxVYnnBC	Mensa	['dutch drill', 'dutch hip hop', 'dutch rap pop']	[2019, 2020, 2021, 2022]	16	12
60gg31QLbNuGwl12YPBAUK	Jordymone9	['dutch hip hop']	[2019, 2020, 2021, 2022]	16	12
5j4HeCoUlzhfWtjAfM1acR	Stromae	['belgian pop', 'g-house']	[2021, 2022]	16	0
2tIP7SsRs7vjIcLrU85W8J	The Kid LAROI	['australian hip hop']	[2020, 2021, 2022]	16	10
4Rw9pvzG1NLs1RbB8cxBfW	Stef Bos	['dutch pop', 'dutch rock']	[2020]	16	1
3t5xRXzsuZmMDkQzgOX35S	Robin Schulz	['deep euro house', 'deep house', 'edm', 'german dance', 'pop dance', 'tropical house']	[2017, 2018, 2019, 2020, 2021, 2022]	15	15
1NmZEnCbCyf1O1bkTXZhDB	Mario Cash	['dutch hip hop', 'dutch trap']	[2017, 2018, 2019, 2021, 2022]	15	14
4npEfmQ6YuiwW1GpUmaq3F	Ava Max	['pop']	[2018, 2019, 2020, 2021, 2022]	15	3
45eUXWgwkv92uAk1KQFI6D	Jozo	['dutch hip hop']	[2017, 2018, 2019, 2020, 2021, 2022]	15	12
5tTHX8CPiN6VMR8YEWecSS	Jayboogz	['dutch hip hop', 'dutch rap pop']	[2017, 2018, 2019, 2020]	15	12
540vIaP2JwjQb9dm3aArA4	DJ Snake	['edm', 'electronic trap', 'pop', 'pop dance']	[2017, 2018, 2019, 2020, 2021]	15	14
3Isy6kedDrgPYoTS1dazA9	Sean Paul	['dance pop', 'dancehall', 'pop', 'pop rap']	[2017, 2018, 2019, 2021]	15	15
2IrIxkfver7SZcOsFC0l6Q	Glades	['dutch hip hop', 'dutch rap pop']	[2017, 2018, 2019, 2020, 2021]	15	15
2cZwVNd4sK0CCJ6BqY7U9H	Fmg	['dutch hip hop', 'dutch rap pop']	[2017, 2018, 2019, 2020]	15	14
08tVNJseE5WyRIxjZA7KCW	Blow	['dutch hip hop']	[2017, 2018, 2019, 2020, 2021]	15	15
0iVHnv2bQN5iee8J6iCVO4	Tino Martin	['dutch pop']	[2018, 2019, 2020, 2021, 2022]	15	6
4kYGAK2zu9EAomwj3hXkXy	JP Cooper	['uk pop']	[2017, 2018, 2019, 2020, 2021]	15	3
3wcj11K77LjEY1PkEazffa	Burna Boy	['afrobeats', 'dancehall', 'nigerian hip hop', 'nigerian pop']	[2019, 2020, 2021]	15	10
1McMsnEElThX1knmY4oliG	Olivia Rodrigo	['pop']	[2020, 2021, 2022]	15	1
3ntCqkZSUQ27Wa24HoHwF1	Ageeth De Haan	['muziek voor kinderen']	[2020, 2021]	15	0
07YZf4WDAMNwqr4jfgOZ8y	Jason Derulo	['dance pop', 'pop']	[2017, 2018, 2019, 2020, 2021, 2022]	14	10
1r4hJ1h58CWwUQe3MxPuau	Maluma	['latin pop', 'reggaeton', 'reggaeton colombiano', 'urbano latino']	[2017, 2018, 2019, 2020, 2021]	14	12
3tVQdUvClmAT7URs9V3rsp	Wizkid	['afrobeats', 'afropop', 'azonto', 'azontobeats', 'nigerian hip hop', 'nigerian pop']	[2017, 2018, 2019, 2020, 2021]	14	14
5y2Xq6xcjJb2jVM54GHK3t	John Legend	['neo soul', 'pop', 'pop soul', 'urban contemporary']	[2017, 2018, 2019, 2020, 2021, 2022]	14	6
1A6HQzOvtGaCYihOuIKjE6	Mr. Polska	['polish hip hop', 'polish trap']	[2017, 2018, 2019, 2020, 2022]	14	13
5pGeI9pmfUEoHGn9w3NjqM	Defano Holwijn	['dutch hip hop', 'dutch rap pop']	[2017, 2018, 2019, 2020, 2021]	14	13
7EQ0qTo7fWT7DPxmxtSYEc	Bastille	['metropopolis', 'modern rock', 'pop']	[2017, 2018, 2019, 2020, 2021, 2022]	14	3
5pUo3fmmHT8bhCyHE52hA6	Liam Payne	['pop']	[2017, 2018, 2019, 2020]	14	11
4Q6nIcaBED8qUel8bBx6Cr	Jax Jones	['dance pop', 'edm', 'house', 'pop dance', 'uk dance', 'uk pop']	[2017, 2018, 2019, 2021, 2022]	14	14
7IlRNXHjoOCgEAWN5qYksg	Aya Nakamura	['basshall', 'pop urbaine', 'r&b francais']	[2018, 2019, 2020, 2021, 2022]	14	3
02kJSzxNuaWGqwubyUba0Z	G-Eazy	['indie pop rap', 'oakland hip hop', 'pop rap', 'rap']	[2017, 2018, 2019, 2020, 2021]	14	14
2SrSdSvpminqmStGELCSNd	Stormzy	['grime', 'uk hip hop']	[2017, 2018, 2019, 2020, 2021]	14	11
3898xesz6JuQkpz7Kiu4uM	Emma Heesters	['channel pop', 'dutch pop']	[2019, 2020, 2021, 2022]	14	11
20gsENnposVs2I4rQ5kvrf	Sam Feldt	['edm', 'pop dance', 'tropical house']	[2017, 2019, 2020, 2021, 2022]	14	14
6jGMq4yGs7aQzuGsMgVgZR	Lil Tjay	['brooklyn drill', 'melodic rap', 'nyc rap', 'rap']	[2019, 2020, 2021]	14	12
20sxb77xiYeusSH8cVdatc	Meek Mill	['hip hop', 'philly rap', 'pop rap', 'rap', 'southern hip hop', 'trap']	[2018, 2019, 2020, 2021]	13	10
2RdwBSPQiwcmiDo9kixcl8	Pharrell Williams	['dance pop', 'pop']	[2017, 2018, 2021, 2022]	13	12
6vXTefBL93Dj5IqAWq6OTv	French Montana	['hip hop', 'pop rap', 'rap', 'southern hip hop', 'trap']	[2017, 2018, 2019]	13	13
13ubrt8QOOCPljQ2FL1Kca	A$AP Rocky	['east coast hip hop', 'hip hop', 'rap', 'trap']	[2017, 2018, 2019]	13	9
5m5Fh8zrb0uHM85qwkIkVT	Nielson	['dutch pop', 'dutch rock']	[2017, 2018, 2019, 2020, 2021]	13	5
7AJmdVvoXRjl6WUlwrMlex	Lijpe x Ismo	['dutch hip hop']	[2018]	13	0
1dfeR4HaWDbWqFHLkxsg1d	Queen	['classic rock', 'glam rock', 'rock']	[2017, 2018, 2019, 2020, 2021, 2022]	13	1
4WnAHZz1pgl8hus8hidIRV	MHD	['french hip hop', 'pop urbaine', 'r&b francais']	[2017, 2018, 2019, 2021]	13	4
30WLe30YBfDFoIkJS0Tml9	Ares	['dutch hip hop']	[2017, 2018, 2019, 2020, 2021]	13	3
4DdkRBBYG6Yk9Ka8tdJ9BW	Offset	['atl hip hop', 'rap', 'trap']	[2017, 2018, 2019, 2021]	13	13
6wWVKhxIU2cEi0K81v7HvP	Rammstein	['german metal', 'industrial', 'industrial metal', 'industrial rock', 'neue deutsche harte']	[2019, 2022]	13	0
757aE44tKEUQEqRuT6GnEB	Roddy Ricch	['melodic rap', 'rap', 'trap']	[2019, 2020, 2021]	13	11
6PvvGcCY2XtUcSRld1Wilr	Silk Sonic	['neo soul']	[2021, 2022]	13	13
7IiSLreTg1of8dDwxwiPw3	Chef'Special	['dutch indie', 'dutch pop', 'dutch rock', 'folk-pop', 'nederreggae']	[2017, 2018, 2019, 2020, 2021, 2022]	12	1
31W5EY0aAly4Qieq6OFu6I	A Boogie Wit da Hoodie	['melodic rap', 'rap', 'trap']	[2018, 2019, 2020, 2021]	12	10
4q3ewBCX7sLwd24euuV69X	Bad Bunny	['reggaeton', 'trap latino', 'urbano latino']	[2017, 2018, 2019, 2020, 2021]	12	11
2feDdbD5araYcm6JhFHHw7	Labrinth	['indie poptimism', 'pop']	[2017, 2018, 2019, 2020, 2021, 2022]	12	9
2kN7bQzdCZkSBYhzF6k5lY	Jermaine Niffer	['dutch hip hop', 'dutch rap pop']	[2017, 2018, 2019, 2020]	12	12
7guDJrEfX3qb6FEbdPA5qi	Stevie Wonder	['motown', 'soul']	[2017, 2018, 2019, 2020, 2021]	12	2
3JhNCzhSMTxs9WLGJJxWOY	Macklemore	['pop rap', 'seattle hip hop']	[2017, 2018, 2019, 2020, 2021, 2022]	12	12
6VuMaDnrHyPL1p4EHjYLi7	Charlie Puth	['pop', 'viral pop']	[2017, 2018, 2020, 2022]	12	6
5JZ7CnR6gTvEMKX4g70Amv	Lauv	['pop']	[2017, 2018, 2019, 2020]	12	7
1yWjbmwKNd1q0PI1V1BuQ7	Lauwtje	['dutch hip hop', 'dutch rap pop']	[2018, 2019, 2020, 2021]	12	11
7evlWm7RyagYqxSQN5E6UN	Kinderen voor Kinderen	"[""children's choir""]"	[2017, 2018, 2019, 2020, 2021, 2022]	12	0
5pKCCKE2ajJHZ9KAiaK11H	Rihanna	['barbadian pop', 'pop', 'urban contemporary']	[2017, 2018, 2020]	12	9
1yxSLGMDHlW21z4YXirZDS	Black Eyed Peas	['dance pop', 'pop', 'pop rap']	[2018, 2019, 2020, 2021, 2022]	12	10
0cGUm45nv7Z6M6qdXYQGTX	Kehlani	['pop', 'r&b']	[2017, 2018, 2019, 2020]	12	12
72qVrKXRp9GeFQOesj0Pmv	Guus Meeuwis	['dutch pop', 'dutch rock', 'kermis']	[2017, 2018, 2019, 2020, 2021, 2022]	12	5
1Xylc3o4UrD53lo9CvFvVg	Zara Larsson	['pop', 'scandipop', 'swedish electropop', 'swedish pop']	[2017, 2018, 2019, 2020]	12	4
7gOdHgIoIKoe4i9Tta6qdD	Jonas Brothers	['boy band', 'pop']	[2019, 2020, 2021, 2022]	12	3
6wcT500uQzB1eQ0XhAnnGv	BangBros	['dutch hip hop']	[2017]	12	12
6XyY86QOPPrYVGvF9ch6wz	Linkin Park	['alternative metal', 'nu metal', 'post-grunge', 'rap metal', 'rock']	[2017]	12	3
5sBoNBXFMzoZjgHLbQueeG	Antoon	['lustrum']	[2021, 2022]	12	7
5H4yInM5zmHqpKIoMNAx4r	Central Cee	['melodic drill']	[2021, 2022]	12	2
0lAWpj5szCSwM4rUMHYmrr	Måneskin	['indie rock italiano', 'italian pop', 'pop']	[2021, 2022]	12	0
7Ln80lUS6He07XvHI8qqHH	Arctic Monkeys	['garage rock', 'modern rock', 'permanent wave', 'rock', 'sheffield indie']	[2018]	11	0
13y7CgLHjMVRMDqxdx0Xdo	Gucci Mane	['atl hip hop', 'dirty south rap', 'hip hop', 'pop rap', 'rap', 'southern hip hop', 'trap']	[2017, 2018]	11	11
0DnbOatBnP7UDkeiQACgxd	Sticks	['dutch hip hop']	[2017, 2018, 2019, 2020, 2021]	11	11
4VMYDCV2IEDYJArk749S6m	Daddy Yankee	['latin hip hop', 'reggaeton', 'trap latino', 'urbano latino']	[2017, 2018, 2019, 2020]	11	9
6ltVunYjAAD70YtVO6rxvX	Anouk	['dutch pop', 'dutch rock']	[2017, 2018, 2019]	11	1
5DCwmxnCqNVMljhthee6ti	NAVI	['dutch hip hop', 'dutch rap pop']	[2017, 2018, 2019, 2020, 2021]	11	9
7dIDQEphDdlOMuXkw6IGrF	Killer Kamal	['dutch hip hop']	[2017, 2018, 2019, 2020, 2021]	11	4
1ImONfzw8LUXK6mxn2BDT9	Caza	['dutch hip hop', 'dutch rap pop']	[2017, 2018, 2019, 2020]	11	10
1XTd9ZCFzkRPUoO9yHQAYP	Delany	['dutch rap pop']	[2018, 2019, 2020]	11	9
3aAX2y0amckZ7WcWoz2f2o	Jhorrmountain	['dutch hip hop']	[2017, 2018, 2019, 2020, 2021]	11	10
1fTPAgBH6gCQZU9bBWVaOf	I am Aisha	['dutch hip hop', 'dutch rap pop']	[2017, 2018, 2019, 2020]	11	10
3OMZaRPVE5OI1IkDbZFBFU	Numidia	[]	[2018, 2019, 2020, 2021]	11	11
6fOMl44jA4Sp5b9PpYCkzz	NF	['hip hop', 'pop rap']	[2017, 2018, 2019, 2021]	11	1
5q3cyUYQTJUOSZ6Sciduxv	Woenzelaar	['dutch hip hop']	[2018, 2019]	11	7
0O0Hr8JCTPqXyPLdN6kzdC	Glen Faria	['dutch pop']	[2017, 2018, 2019, 2020, 2021]	11	9
3AQRLZ9PuTAozP28Skbq8V	The Script	['celtic rock', 'pop']	[2017, 2018, 2019, 2020, 2021]	11	0
00FQb4jTyendYWaN8pK0wa	Lana Del Rey	['art pop', 'pop']	[2017, 2018, 2019, 2020, 2021]	11	3
1MIVXf74SZHmTIp4V4paH4	Mabel	['pop', 'uk pop']	[2018, 2019, 2020, 2021, 2022]	11	3
4Gso3d4CscCijv0lmajZWs	Don Toliver	['rap', 'trap']	[2019, 2020, 2021]	11	9
742XDtXqGyHQR4D5wJCfmB	Bokke8	['dutch drill', 'dutch hip hop']	[2019, 2020, 2021]	11	6
2qxJFvFYMEDqd7ui6kSAcq	Zedd	['complextro', 'edm', 'german techno', 'pop', 'pop dance']	[2017, 2018, 2019]	10	10
1Mxqyy3pSjf8kZZL4QVxS0	Frank Sinatra	['adult standards', 'easy listening', 'lounge']	[2017, 2018, 2019, 2020, 2021]	10	5
5l2Xy4aUoJDRSpsYHyOumD	André Hazes Jr.	['dutch pop', 'dutch rock']	[2017, 2018, 2019, 2020, 2021, 2022]	10	3
4D75GcNG95ebPtNvoNVXhz	AFROJACK	['big room', 'dance pop', 'dutch house', 'edm', 'electro house', 'pop dance', 'progressive electro house']	[2017, 2018, 2021, 2022]	10	10
4V8Sr092TqfHkfAA5fXXqG	Luis Fonsi	['latin pop', 'puerto rican pop']	[2017, 2018, 2019, 2021]	10	10
3xhksfxjNLUAyxUdijvk4x	Kalibwoy	['dutch rap pop']	[2017, 2018, 2019, 2020, 2021]	10	10
1u93ZA92GfXqLgNv4x8uJv	Pietju Bell	['dutch hip hop']	[2017, 2018]	10	7
7nwUJBm0HE4ZxD3f5cy5ok	Aretha Franklin	['classic soul', 'jazz blues', 'memphis soul', 'soul', 'southern soul', 'vocal jazz']	[2017, 2018, 2019, 2020, 2021]	10	1
2YjydjpJfm9VAtiV0XRmkm	Sjaak	['dutch hip hop']	[2017, 2018, 2019, 2020, 2021, 2022]	10	9
7f5Zgnp2spUuuzKplmRkt7	Lost Frequencies	['belgian edm', 'edm', 'pop dance', 'tropical house']	[2017, 2018, 2019, 2020, 2021, 2022]	10	8
2wUjUUtkb5lvLKcGKsKqsR	Alessia Cara	['canadian contemporary r&b', 'canadian pop', 'pop']	[2017, 2018, 2019, 2020, 2021]	10	7
6MDME20pz9RveH9rEXvrOM	Clean Bandit	['pop', 'uk dance', 'uk funky']	[2017, 2018, 2019, 2020, 2021]	10	10
0fA0VVWsXO9YnASrzqfmYu	Kid Cudi	['hip hop', 'ohio hip hop', 'pop rap', 'rap']	[2018, 2020, 2021, 2022]	10	8
41MozSoPIsD1dJM0CLPjZF	BLACKPINK	['k-pop', 'k-pop girl group', 'pop']	[2018, 2019, 2020]	10	5
35vjmhmFFVoYLg4gPJBvEV	Diztortion	[]	[2018, 2020, 2021]	10	10
7qeVrTexvzAscQpRbwTItg	YOUNGBAEKANSIE	['dutch hip hop', 'dutch rap pop']	[2017, 2018, 2019]	10	10
04MtOUkmIDC4LAxDDBjrOY	Andre Hazes	['dutch rock', 'kermis', 'levenslied']	[2017, 2018, 2019, 2020, 2021, 2022]	10	1
0aKXalHKVzkLJ6aeUY3HMf	Outsiders	['nederlandse hardstyle']	[2017, 2018, 2019, 2020, 2021]	10	10
3PhoLpVuITZKcymswpck5b	Elton John	['glam rock', 'mellow gold', 'piano rock', 'rock']	[2018, 2019, 2020, 2021, 2022]	10	6
51Blml2LZPmy7TTiAg47vQ	U2	['irish rock', 'permanent wave', 'rock']	[2017, 2021]	10	1
181bsRPaVXVlUKXrxwZfHK	Megan Thee Stallion	['houston rap', 'pop', 'rap', 'trap queen']	[2020, 2021, 2022]	10	9
1Xnnpe8GdQNEF6Rf1wUFeX	Telekids Musicalschool	['muziek voor kinderen']	[2020, 2021]	10	10
6mTfi6iXyEiuRE6uFnJIXf	Sinterklaasmuziek	[]	[2020, 2021]	10	10
1YxX0GETglQQ6wdUYj49No	Sinterklaas	['christmas product']	[2020, 2021]	10	10
1cKyknhftNKXCjMBd2hDrG	DYSTINCT	['belgian hip hop', 'rap belge']	[2017, 2018, 2019, 2020, 2021]	9	7
0c173mlxpT3dSFRgMO8XPh	Big Sean	['detroit hip hop', 'hip hop', 'pop rap', 'r&b', 'rap', 'southern hip hop', 'trap']	[2017, 2018, 2020]	9	7
3B1Z5CuKo6kA4NzitgWwWV	Big2	['dutch hip hop']	[2017, 2018, 2019, 2021, 2022]	9	9
2CiOpBO55td0YHJVZYT2KW	Keizer	['dutch hip hop', 'dutch rap pop']	[2017, 2018]	9	8
1SupJlEpv7RS2tPNRaHViT	Nicky Jam	['latin hip hop', 'reggaeton', 'trap latino', 'urbano latino']	[2017, 2018, 2019, 2020]	9	8
0UW6JJvOT28AEOnu9H9d5l	DJ DYLVN	['dutch rap pop']	[2017, 2018, 2019, 2020, 2022]	9	9
2ExGrw6XpbtUAJHTLtUXUD	Stefflon Don	['dancehall', 'dancehall queen', 'uk dancehall', 'uk hip hop']	[2017, 2018, 2019, 2021]	9	9
5CiGnKThu5ctn9pBxv7DGa	benny blanco	['pop']	[2018, 2019, 2020, 2021]	9	9
6RxMqY900Xpza3Kh9j86Mn	Jiri11	['dutch hip hop', 'maluku pop']	[2017, 2018, 2019]	9	8
7DMveApC7UnC2NPfPvlHSU	Cheat Codes	['edm', 'pop', 'pop dance']	[2017, 2018]	9	9
4fpTMHe34LC5t3h5ztK8qu	The Carters	['r&b']	[2018]	9	0
2XnBwblw31dfGnspMIwgWz	Axwell /\ Ingrosso	['edm', 'pop dance', 'progressive electro house']	[2017, 2018]	9	3
53phw2rwTqJEtpZ1LgsPgj	Johnny 500	['basshall', 'dutch hip hop', 'dutch rap pop']	[2017, 2018, 2019, 2020]	9	9
3WGpXCj9YhhfX11TToZcXP	Troye Sivan	['australian pop', 'pop', 'viral pop']	[2017, 2018, 2019, 2020, 2021]	9	6
4iHNK0tOyZPYnBU7nGAgpQ	Mariah Carey	['dance pop', 'pop', 'urban contemporary']	[2017, 2018, 2019, 2020, 2021]	9	4
46SHBwWsqBkxI7EeeBEQG7	Kodak Black	['florida drill', 'florida rap', 'melodic rap', 'miami hip hop', 'rap', 'trap', 'trap latino']	[2017, 2018, 2019, 2021]	9	8
1zT9SWCzN45r7oVhy0VYLK	S10	['dutch pop']	[2018, 2019, 2020, 2021, 2022]	9	7
4EPJlUEBy49EX1wuFOvtjK	Becky Hill	['pop dance', 'pop house', 'uk dance', 'uk pop']	[2018, 2019, 2020, 2021, 2022]	9	7
6efCQuDQBuyuv2Mx3OExdV	Bollebof	['dutch hip hop', 'dutch rap pop']	[2017, 2018, 2019]	9	9
2jnIB6XdLvnJUeNTy5A0J2	Why Don't We	['boy band', 'pop']	[2018, 2019, 2020, 2021, 2022]	9	2
4GNC7GD6oZMSxPGyXy4MNB	Lewis Capaldi	['pop', 'uk pop']	[2019, 2020, 2021, 2022]	9	0
0y4l7r6TBlGR78AVAXdMuI	Madina	[]	[2019, 2020, 2021]	9	8
0ZLfGbfO9xjpfna1pN8BeX	Krezip	['dutch pop', 'dutch rock']	[2019, 2020, 2021, 2022]	9	1
2ovH0tGdgfnM3OwsuJykd0	KNALLER	['dutch drill', 'dutch hip hop', 'dutch trap']	[2019, 2020, 2021]	9	7
3klZnJvYGIbWritVwQD434	Duncan Laurence	['dutch pop']	[2019, 2020, 2021]	9	1
3Ptyea6E1lJgg6W64f0OQa	Yxng Le	['dutch hip hop', 'dutch rap pop']	[2019, 2020, 2021]	9	9
6Ip8FS7vWT1uKkJSweANQK	Dave	['uk hip hop']	[2019, 2021, 2022]	9	5
0INETKNJYPVfrzAnOuo9H4	Johnny Sellah	['dutch hip hop', 'dutch trap']	[2017]	9	7
163tK9Wjr9P9DmM0AVK7lm	Lorde	['art pop', 'metropopolis', 'nz pop', 'pop']	[2017, 2021]	9	3
2WBJQGf1bT1kxuoqziH5g4	Purple Disco Machine	['deep house', 'house']	[2021, 2022]	9	9
2LIk90788K0zvyj2JJVwkJ	Jack Harlow	['deep underground hip hop', 'kentucky hip hop', 'pop rap', 'rap']	[2020, 2021, 2022]	9	4
14CHVeJGrR5xgUGQFV5BVM	Fivio Foreign	['brooklyn drill', 'new york drill', 'trap']	[2020, 2021, 2022]	9	9
3hcs9uc56yIGFCSy9leWe7	Lil Durk	['chicago drill', 'chicago rap', 'drill', 'hip hop', 'rap', 'trap']	[2020, 2021]	9	9
5xI2wCNNCEJClRVASUysAh	Sam J'taime	['dutch hip hop']	[2020, 2021]	9	9
5m1cLmgZIfEYPLejhLFR10	Fresku	['dutch hip hop']	[2017, 2018, 2020, 2021]	8	4
4IWBUUAFIplrNtaOHcJPRM	James Arthur	['pop', 'talent show', 'uk pop']	[2017, 2018, 2019, 2020, 2021, 2022]	8	1
0X2BH1fck6amBIoJhDVmmJ	Ellie Goulding	['indietronica', 'metropopolis', 'pop', 'uk pop']	[2017, 2018, 2019, 2020]	8	5
123hDJRbi4KtCdBaaKNHW6	Paul Elstak	['happy hardcore', 'hardcore techno', 'nederlandse hardstyle', 'nu gabber']	[2017, 2018, 2019, 2020, 2021, 2022]	8	6
3nFkdlSjzX9mRTtwJOzDYB	JAY-Z	['east coast hip hop', 'gangster rap', 'hip hop', 'pop rap', 'rap']	[2017, 2018, 2019, 2021]	8	8
1sBkRIssrMs1AbVkOJbc7a	Rick Ross	['dirty south rap', 'gangster rap', 'hip hop', 'rap', 'southern hip hop', 'trap']	[2017, 2018, 2019, 2020, 2021]	8	8
3wtMPMvPtiFylbnNXF6CAj	Afro Bros	['basshall', 'dutch hip hop', 'dutch house']	[2017, 2018, 2019, 2020]	8	8
65Tmt9uAPTYGl1ZhsOeEJ6	HAEVN	['dutch pop']	[2018, 2019, 2020, 2022]	8	1
2urF8dgLVfDjunO0pcHUEe	Alvaro Soler	['latin pop']	[2018, 2019]	8	0
2HPaUgqeutzr3jx5a9WyDV	PARTYNEXTDOOR	['r&b', 'rap', 'toronto rap', 'urban contemporary']	[2017, 2018, 2019, 2020]	8	8
1g0fXhQMHAxlRyIBkCbuE7	Matt Simons	['neo-singer-songwriter']	[2017, 2018, 2019, 2020, 2021, 2022]	8	3
25u4wHJWxCA9vO0CzxAbK7	Lukas Graham	['danish pop', 'scandipop']	[2017, 2018, 2019, 2020, 2021]	8	1
3vioxUBsBBi7pmXx4KG5Vg	SXTEEN	['dutch rap pop']	[2018, 2019]	8	6
7jlzu3WivGk7tszA2QUSxw	IliassOpDeBeat	['dutch trap']	[2017, 2018, 2019, 2020]	8	8
5KKpBU5eC2tJDzf0wmlRp2	RAYE	['uk contemporary r&b', 'uk pop']	[2017, 2019, 2020, 2021]	8	8
5INjqkS1o8h1imAzPqGZBb	Tame Impala	['australian psych', 'modern rock', 'neo-psychedelic', 'rock']	[2019, 2020]	8	0
5rGrDvrLOV2VV8SCFVGWlj	Imanbek	['electro house', 'pop dance', 'slap house']	[2019, 2020, 2021]	8	8
4B4ON3QQ4AoObbF1jGOzJK	Reverse	[]	[2021, 2022]	8	8
5N0oMOcqrh2ycDSKCo3raQ	Saaff	['dutch drill', 'dutch hip hop']	[2020, 2021, 2022]	8	6
1sBuaNJSSSQgG1cseKY7Hk	YassineBeats	[]	[2020, 2021, 2022]	8	8
3zR5ehEa2HIlUB9oRGF0lz	Hakmadafack	['dutch hip hop']	[2020, 2021, 2022]	8	8
4ScCswdRlyA23odg9thgIO	Jess Glynne	['pop', 'uk pop']	[2018, 2019]	7	3
1CoZyIx7UvdxT5c8UkMzHd	Jorja Smith	['r&b', 'uk contemporary r&b']	[2017, 2018, 2019, 2020]	7	5
6ZjFtWeHP9XN7FeKSUe80S	Bing Crosby	['adult standards', 'easy listening', 'lounge']	[2017, 2018, 2019, 2020, 2021]	7	2
25uiPmTg16RbhZWAqwLBy5	Charli XCX	['art pop', 'candy pop', 'metropopolis', 'pop', 'uk pop']	[2017, 2018, 2019, 2021, 2022]	7	6
47z7ZrgFoBvVpCnElCE3Zh	Yellow Claw	['edm', 'electro house', 'pop dance']	[2017, 2018]	7	7
6TIYQ3jFPwQSRmorSezPxX	Machine Gun Kelly	['ohio hip hop', 'pop rap']	[2017, 2018, 2019, 2022]	7	6
5p7f24Rk5HkUZsaS3BLG5F	Hailee Steinfeld	['pop']	[2017, 2018]	7	6
6LqNN22kT3074XbTVUrhzX	Kesha	['dance pop', 'pop']	[2017, 2018, 2021]	7	3
1ZhwEGHgNZCnEFPrlWFTMM	Supergaande	['dutch hip hop']	[2017, 2018, 2019]	7	3
79hrYiudVcFyyxyJW0ipTy	The Paper Kites	['acoustic pop', 'australian indie folk', 'indie folk', 'stomp and holler']	[2017, 2018, 2019, 2020, 2021]	7	2
50nLC9Fz8niPnQ0eBmeuUe	808milli	[]	[2018]	7	7
1oKdM70mJD8VvDOTKeS8t1	Emily Warren	['alt z', 'nyc pop']	[2017, 2018]	7	7
5rAvD7H6mxJut208JT5KI4	Nienke Plas	['dutch pop']	[2018, 2019, 2020]	7	1
3AA28KZvwAUcZuOKwyblJQ	Gorillaz	['alternative hip hop', 'modern rock', 'rock']	[2017, 2018]	7	6
3wyVrVrFCkukjdVIdirGVY	Lil Pump	['emo rap', 'miami hip hop', 'pop rap', 'rap', 'trap']	[2017, 2018, 2019]	7	3
1anyVhU62p31KFi8MEzkbf	Chance the Rapper	['chicago rap', 'conscious hip hop', 'hip hop', 'pop rap', 'rap']	[2017, 2018, 2019, 2020, 2021]	7	7
4AVFqumd2ogHFlRbKIjp1t	Alesso	['dance pop', 'edm', 'electro house', 'pop', 'pop dance', 'progressive electro house']	[2017, 2018, 2019, 2020, 2021, 2022]	7	6
4EzkuveR9pLvDVFNx6foYD	James Bay	['neo mellow', 'pop', 'uk pop']	[2017, 2018, 2019, 2020, 2021]	7	2
7Io0XduXk7aOHFHA7sLru2	Bonn	['swedish pop']	[2018, 2019]	7	7
5I2d294l90n7EMWVNUZczE	Lange Frans	['dutch hip hop']	[2017, 2018, 2019, 2020]	7	6
3BmGtnKgCSGYIUhmivXKWX	Kelly Clarkson	['dance pop', 'pop', 'talent show']	[2017, 2018, 2019, 2020, 2021]	7	3
4bL2B6hmLlMWnUEZnorEtG	Felix Jaehn	['edm', 'german dance', 'pop dance', 'tropical house']	[2017, 2018, 2019, 2020, 2021]	7	7
2odjh53kLQBRUy7hi97EZL	Iliass	['dutch hip hop']	[2017, 2018, 2019]	7	7
4Ga1P7PMIsmqEZqhYZQgDo	Lil Tecca	['melodic rap', 'pluggnb', 'rap']	[2019, 2020, 2021]	7	2
6UCQYrcJ6wab6gnQ89OJFh	Headie One	['uk hip hop']	[2019, 2020]	7	7
4sTQVOfp9vEMCemLw50sbu	Galantis	['dance pop', 'edm', 'pop', 'pop dance']	[2017, 2019, 2020, 2021, 2022]	7	5
1g9nyCbUH0kbNgXAsw7tUB	Bankzitters	['nederlandse hardstyle']	[2019, 2020, 2021, 2022]	7	0
5V9JsrZb5RjuvbzvJsA5gp	Sarita Lorena	['dutch rap pop']	[2019, 2020, 2021]	7	5
3sQYZrIBmLAuNc7tsLtkka	ROLLÀN	['dutch hip hop', 'dutch rap pop']	[2017]	7	4
3iOvXCl6edW5Um0fXEBRXy	The xx	['downtempo', 'dream pop', 'indietronica']	[2017]	7	0
1nzgtKYFckznkcVMR3Gg4z	KSI	['uk hip hop']	[2020, 2021]	7	6
2n4Ly3WB76aVYBJ2c97y0E	ADF Ricky	[]	[2020]	7	7
12Chz98pHFMPJEknJQMWvI	Muse	['modern rock', 'permanent wave', 'rock']	[2017, 2018, 2022]	6	0
1IueXOQyABrMOprrzwQJWN	Sigala	['dance pop', 'edm', 'pop dance', 'uk dance', 'uk pop']	[2017, 2018, 2021, 2022]	6	4
0qSX3s5pJnAlSsgsCne8Cz	Brett Eldredge	['contemporary country', 'country', 'country road', 'modern country rock']	[2018, 2019, 2020, 2021]	6	3
2R21vXR83lH98kGeO99Y66	Anuel AA	['reggaeton', 'reggaeton flow', 'trap boricua', 'trap latino', 'urbano latino']	[2018, 2019]	6	6
2hPgGN4uhvXAxiXQBIXOmE	KIDS SEE GHOSTS	['rap']	[2018]	6	4
2iE18Oxc8YSumAU232n4rW	The Jackson 5	['motown', 'soul']	[2017, 2018, 2019, 2020, 2021]	6	0
0bdfiayQAKewqEvaU6rXCv	MØ	['danish pop', 'electropop', 'pop', 'pop dance']	[2017, 2018]	6	4
2ysnwxxNtSgbb9t1m2Ur4j	George Ezra	['folk-pop', 'neo-singer-songwriter']	[2017, 2018, 2019, 2020, 2021, 2022]	6	0
7iZtZyCzp3LItcw1wtPI3D	Rae Sremmurd	['melodic rap', 'mississippi hip hop', 'rap', 'trap']	[2017, 2018]	6	5
1zmmIiBBODh2QxbdUqYbdU	The Blockparty	['dutch rap pop']	[2017, 2018, 2019, 2020]	6	6
49KrGmOPR5UXLRr6k4fqhZ	Stijco	[]	[2017, 2018, 2019, 2021]	6	6
3hv9jJF3adDNsBSIQDqcjp	Mark Ronson	['pop soul']	[2018, 2019, 2020, 2021, 2022]	6	6
6VxCmtR7S3yz4vnzsJqhSV	Sheppard	['australian indie', 'folk-pop']	[2018, 2020, 2021]	6	0
1cZQSpDsxgKIX2yW5OR9Ot	Lennon Stella	['alt z', 'canadian pop', 'uk pop']	[2018, 2019, 2020]	6	6
33W1pnW9zScZtYTnAoWnOT	Mr. Probz	[]	[2017, 2018]	6	2
3fMbdgg4jU18AjLCKBhRSm	Michael Jackson	['r&b', 'soul']	[2017, 2018, 2020, 2021, 2022]	6	2
7FNnA9vBm6EKceENgCGRMb	Anitta	['funk pop', 'funk rj', 'pagode baiano', 'pop', 'pop nacional']	[2017, 2018, 2019, 2020]	6	6
73jBynjsVtofjRpdpRAJGk	Dimitri Vegas & Like Mike	['belgian dance', 'belgian edm', 'big room', 'dutch house', 'edm', 'electro house', 'pop dance', 'progressive electro house']	[2017, 2018, 2019, 2020]	6	6
5Yc3rkj4Fs4slH5uGZaG8I	Getit	[]	[2017, 2018, 2019]	6	6
0icP5fTpaY52Ll9QHNRrFT	Dyna	['dutch hip hop', 'dutch rap pop', 'surinamese pop']	[2017, 2018, 2020]	6	6
6JL8zeS1NmiOftqZTRgdTz	Meghan Trainor	['hip pop', 'pop']	[2017, 2018, 2019, 2020, 2021]	6	3
7EiPZFDrVMi9MjYXP4l8Jc	Feis	['dutch hip hop']	[2017, 2018, 2019]	6	6
4utLUGcTvOJFr6aqIJtYWV	Skylar Grey	['piano rock', 'viral pop']	[2017, 2018, 2020, 2021]	6	6
42Lgl2myla33QoKueaTxmA	Feestteam	['carnaval', 'levenslied']	[2017, 2018, 2019, 2020, 2021, 2022]	6	3
0EmeFodog0BfCgMzAIvKQp	Shakira	['colombian pop', 'dance pop', 'latin pop', 'pop']	[2017, 2018, 2020, 2021]	6	6
5he5w2lnU9x7JFhnwcekXX	Skrillex	['brostep', 'complextro', 'edm', 'electro', 'pop dance']	[2017, 2018, 2019, 2020, 2021]	6	6
73sIBHcqh3Z3NyqHKZ7FOL	Childish Gambino	['atl hip hop', 'hip hop', 'rap']	[2017, 2018, 2019, 2020]	6	2
4GvEc3ANtPPjt1ZJllr5Zl	Bazzi	['pop']	[2018, 2019]	6	1
7IDm2GGfPn28vd5x1wiKbI	F.I.	['dutch hip hop']	[2018, 2019, 2021]	6	6
4exLIFE8sISLr28sqG1qNX	Travis Barker	['rap rock']	[2018, 2019, 2021]	6	6
5JYo7gm2dkyLLlWHjxS7Dy	Sandro Cavazza	['swedish pop']	[2017, 2018, 2019, 2020]	6	6
2zGNNkuDbxiDVcIdt5fUUk	Monsif	['dutch rap pop']	[2018, 2019, 2021]	6	5
3DiDSECUqqY1AuBP8qtaIa	Alicia Keys	['neo soul', 'pop', 'r&b']	[2017, 2018, 2019, 2020, 2022]	6	4
3FTKP1k9VbOng3m1rgnsqx	Ilse DeLange	['dutch americana', 'dutch pop', 'dutch rock']	[2018, 2019, 2020]	6	0
5tOJq6eS9TQEya6rxFvfEa	Beste Zangers	['dutch pop']	[2018, 2019, 2020, 2021, 2022]	6	6
6U5q52OFnYBPAB4NQZDhCR	Armoo	[]	[2017, 2018]	6	5
0xRXCcSX89eobfrshSVdyu	MEDUZA	['pop dance', 'pop house', 'uk dance']	[2019, 2020, 2021, 2022]	6	6
329e4yvIujISKGKz1BZZbO	Farruko	['reggaeton', 'trap latino', 'urbano latino']	[2019, 2021, 2022]	6	4
1Ph1cqOn7flTxltVNis2l9	MRD	['dutch hip hop', 'dutch trap']	[2019, 2020, 2021, 2022]	6	6
56oDRnqbIiwx4mymNEv7dS	Lizzo	['escape room', 'minnesota hip hop', 'pop', 'trap queen']	[2019, 2020, 2021]	6	3
2fVW2ix4ANKiofDZIsy1XR	Vargas & Lagola	['swedish pop']	[2017, 2019]	6	6
1cNDP5yjU5vjeR8qMf4grg	YNW Melly	['melodic rap', 'rap']	[2019, 2020]	6	4
790FomKkXshlbRYZFtlgla	KAROL G	['reggaeton', 'reggaeton colombiano', 'trap latino', 'urbano latino']	[2019, 2020, 2021, 2022]	6	6
1bObiFZkYu7IfzxVlAVj5x	Danny Vera	['dutch americana', 'dutch pop', 'dutch rock', 'dutch singer-songwriter']	[2019, 2020, 2021, 2022]	6	1
4f9iBmdUOhQWeP7dcAn1pf	Rag'n'Bone Man	['neo soul']	[2017, 2019, 2021]	6	3
2NjfBq1NflQcKSeiDooVjY	Tones And I	['australian pop']	[2019, 2020, 2021, 2022]	6	0
2gLZZdgHD8ZbSAB2qQkr3P	GLOWINTHEDARK	['dutch house', 'dutch rap pop']	[2017, 2022]	6	6
1l8Fu6IkuTP0U5QetQJ5Xt	Fifth Harmony	['girl group', 'pop', 'talent show']	[2017]	6	3
45dkTj5sMRSjrmBSBeiHym	Tate McRae	['alt z', 'pop']	[2020, 2021, 2022]	6	2
6fWVd57NKTalqvmjRd2t8Z	24kGoldn	['cali rap']	[2020, 2021]	6	5
75TcM0uB8Oxfv6CyDzySDa	Chardy	['belgian hip hop', 'dutch hip hop']	[2020]	6	6
17lzZA2AlOHwCwFALHttmp	2 Chainz	['atl hip hop', 'hip hop', 'pop rap', 'rap', 'southern hip hop', 'trap']	[2017, 2018, 2019, 2020]	5	5
4A0TivfinfALCAMJqqjZIk	Funk Wav	[]	[2017, 2018]	5	5
391oLRVmoTkumiN79HkTWu	Darlene Love	[]	[2017, 2018, 2019, 2020, 2021]	5	0
6PXS4YHDkKvl1wkIl4V8DL	Fetty Wap	['new jersey rap', 'pop rap', 'rap', 'southern hip hop', 'trap']	[2017, 2018]	5	5
4IVAbR2w4JJNJDDRFP3E83	6LACK	['atl hip hop', 'melodic rap', 'r&b', 'rap', 'trap']	[2018, 2021]	5	5
3upXQVqKZlTKRES3LQ9VjO	Rene Karst	['carnaval', 'kermis', 'levenslied']	[2017, 2018, 2019, 2020, 2021, 2022]	5	3
6uQiTAaIF0UBTED52UMcZp	JayKoppig	['dutch drill', 'dutch hip hop']	[2018, 2021, 2022]	5	5
4TLDHOLA3A4HcoHDykVze3	Geechi	[]	[2018, 2019]	5	5
3gd8FJtBJtkRxdfbTu19U2	Mumford & Sons	['modern folk rock', 'modern rock', 'neo mellow', 'stomp and holler', 'uk americana']	[2018]	5	0
0B3N0ZINFWvizfa8bKiz4v	James TW	['british singer-songwriter']	[2017, 2018, 2019, 2020]	5	0
3NPpFNZtSTHheNBaWC82rB	X Ambassadors	['modern alternative rock', 'modern rock', 'stomp pop']	[2017, 2018, 2021]	5	5
287jMoxHzjERgHI6ja8TKa	Candy Dulfer	['smooth jazz']	[2017, 2018, 2019, 2021]	5	5
3QSQFmccmX81fWCUSPTS7y	Dean Lewis	['australian pop', 'singer-songwriter pop']	[2018, 2019, 2020, 2021, 2022]	5	1
5iNrZmtVMtYev5M9yoWpEq	Seeb	['pop dance']	[2017, 2018, 2019]	5	5
20JZFwl6HVl6yg8a4H3ZqK	Panic! At The Disco	['pop']	[2018, 2019, 2020]	5	2
1okJ4NC308qbtY9LyHn6DO	BloodPop®	['electropop']	[2017, 2018]	5	5
3AVfmawzu83sp94QW7CEGm	Astrid S	['alt z', 'norwegian pop', 'pop', 'uk pop']	[2017, 2018, 2019, 2020]	5	0
1naX4fxuRaDFlj9tGfIUZk	Dr Phunk	['big room', 'jumpstyle']	[2017, 2018, 2019]	5	5
5V0MlUE1Bft0mbLlND7FJz	Ella Fitzgerald	['adult standards', 'jazz', 'jazz blues', 'soul', 'swing', 'vocal jazz']	[2017, 2018, 2019, 2020, 2021]	5	0
5zctI4wO9XSKS8XwcnqEHk	Lil Mosey	['melodic rap', 'rap conscient']	[2018, 2019, 2020, 2021]	5	1
0JgazfmeUqlV0HSXvs7kvj	Sigourney K	['dutch r&b']	[2018, 2019, 2021, 2022]	5	5
4obzFoKoKRHIphyHzJ35G3	Becky G	['latin pop', 'latin viral pop', 'rap latina', 'reggaeton', 'urbano latino']	[2017, 2018, 2022]	5	5
0eecdvMrqBftK0M1VKhaF4	CNCO	['boy band', 'latin pop', 'reggaeton', 'urbano latino']	[2017, 2018]	5	3
5HU2bzuycGkCc5CNvwm8wV	Shanee	['dutch pop', 'dutch rap pop']	[2017, 2018, 2019]	5	5
4WN5naL3ofxrVBgFpguzKo	Rudimental	['pop dance', 'uk dance', 'uk funky']	[2017, 2018, 2019]	5	5
7qG3b048QCHVRO5Pv1T5lw	Enrique Iglesias	['dance pop', 'latin pop', 'mexican pop']	[2017, 2018, 2021]	5	5
7z2avKuuiMAT4XZJFv8Rvh	Tom Walker	['indie anthem-folk', 'uk pop']	[2018, 2019, 2020, 2021]	5	0
0gadJ2b9A4SKsB1RFkBb66	Passenger	['folk-pop', 'neo mellow']	[2017, 2018, 2020, 2021, 2022]	5	0
25tMQOrIU4LlUo6Sv8v5SE	Gavin James	['irish pop']	[2017, 2018, 2019, 2020]	5	1
5Z6zCBwvMUJ15UAOsSBKHY	Pyramids	[]	[2017, 2018, 2019]	5	5
6BrvowZBreEkXzJQMpL174	Hardwell	['big room', 'dutch house', 'edm', 'electro house', 'pop dance', 'progressive electro house', 'progressive house']	[2017, 2018, 2019]	5	5
4tvKz56Tr39bkhcQUTO0Xr	Angus & Julia Stone	['australian indie folk', 'indie folk']	[2017, 2018, 2019, 2020]	5	0
0ONHkAv9pCAFxb0zJwDNTy	Pusha T	['gangster rap', 'hip hop', 'rap', 'southern hip hop', 'trap', 'virginia hip hop']	[2017, 2018, 2021]	5	4
0Uev3WqwkRc17NqfsvVv4K	Paul Sinha	['dutch pop']	[2018, 2019, 2020, 2021, 2022]	5	5
2ZyAiHtAnET9VY5LsnhUrr	roselilah	['dutch trap']	[2018, 2019]	5	5
3b8QkneNDz4JHKKKlLgYZg	Florida Georgia Line	['contemporary country', 'country', 'country pop', 'country road', 'modern country rock']	[2017, 2018, 2019]	5	5
26dSoYclwsYLMAKD3tpOr4	Britney Spears	['dance pop', 'pop']	[2017, 2018, 2019, 2020, 2021]	5	0
2cWZOOzeOm4WmBJRnD5R7I	Normani	['pop', 'r&b']	[2018, 2019]	5	4
6WY7D3jk8zTrHtmkqqo5GI	Maren Morris	['classic texas country', 'contemporary country']	[2017, 2018, 2019, 2021]	5	5
7HkdQ0gt53LP4zmHsL0nap	Ella Mai	['r&b', 'rap', 'uk contemporary r&b']	[2018, 2019]	5	2
26AHtbjWKiwYzsoGoUZq53	Pentatonix	['a cappella', 'viral pop']	[2017, 2018, 2019, 2020, 2021]	5	2
2FXC3k01G6Gw61bmprjgqS	Hozier	['irish singer-songwriter', 'modern rock', 'pop', 'pov: indie']	[2017, 2018, 2019, 2021, 2022]	5	1
7CyeXFnOrfC1N6z4naIpgo	The Ronettes	['brill building pop', 'classic girl group', 'motown', 'rock-and-roll']	[2017, 2018, 2019, 2020, 2021]	5	0
5RuNabPFwXm2ClPWsZdJqu	Elliven	[]	[2018, 2019, 2020, 2022]	5	5
3ADyFy1orEwODaiHmRRMQp	Puri	['basshall']	[2017, 2018, 2019, 2020]	5	5
2EMAnMvWE2eb56ToJVfCWs	Bryson Tiller	['kentucky hip hop', 'r&b', 'rap']	[2017, 2018, 2019, 2020, 2021]	5	4
3ront3zvcdInux0rUVQLF2	Tur-G	['dutch hip hop', 'dutch rap pop']	[2017, 2018, 2020]	5	3
2h93pZq0e7k5yf4dywlkpM	Frank Ocean	['lgbtq+ hip hop', 'neo soul']	[2017, 2018, 2019, 2022]	5	2
5hBg0IBoDtkqR9mjsiyFni	Lucass	['dutch hip hop']	[2018, 2019]	5	5
5AbLpsnTQVNB3OEadYiVrK	Yxng Bane	['afroswing', 'grime', 'uk dancehall', 'uk hip hop']	[2018, 2019, 2020]	5	5
0MnM8NE69iw1cVc7GVIZ41	STUK	['nederlandse hardstyle']	[2017, 2018, 2020, 2021]	5	5
71IGD79X5laXW6cmqehskJ	WAWA	['belgian hip hop', 'dutch drill', 'dutch hip hop', 'dutch rap pop']	[2018, 2019, 2020, 2021]	5	5
2kRfqPViCqYdSGhYSM9R0Q	Madison Beer	['pop']	[2018, 2019, 2020]	5	3
4usBxmpmHRVy92QbcWk0M7	Willie Wartaal	[]	[2017, 2018, 2019, 2021]	5	5
1bj5GrcLom5gZFF5t949Xl	Martin Solveig	['disco house', 'edm', 'electro house', 'filter house', 'house', 'pop dance', 'vocal house']	[2017, 2019]	5	5
6nS5roXSAGhTGr34W6n7Et	Disclosure	['edm', 'house', 'indietronica', 'uk dance']	[2019, 2020]	5	5
6hvXZu4rNdT54j1UmE0Fpw	JayMoreLife	[]	[2019, 2020, 2021]	5	5
0H39MdGGX6dbnnQPt6NQkZ	SAINt JHN	['melodic rap', 'slap house']	[2019, 2020, 2021]	5	5
7A8S43ryYdbWpJKeHRZRcq	JACKBOYS	['pop rap']	[2019, 2020]	5	4
3wXHGhqfSgSKzhTyLf5oRB	Shennumbanine	['dutch drill']	[2019, 2020]	5	5
6Ad91Jof8Niiw0lGLLi3NW	YUNGBLUD	['british indie rock', 'modern rock', 'pov: indie', 'rock']	[2019, 2021]	5	5
0GM7qgcRCORpGnfcN2tCiB	Tainy	['pop reggaeton', 'reggaeton', 'trap latino', 'urbano latino']	[2019, 2020, 2021]	5	5
7iR5h6yGnTiswjsmj624Rq	Jan Smit	['dutch pop', 'dutch rock', 'kermis', 'levenslied']	[2017, 2019, 2020, 2021]	5	3
7ltDVBr6mKbRvohxheJ9h1	ROSALÍA	['pop', 'r&b en espanol']	[2019, 2020, 2021]	5	5
2Np3tBLhkFCcJPun4KhrDQ	Dio	['dutch hip hop']	[2017]	5	5
4tZwfgrHOc3mvqYlEYSvVi	Daft Punk	['electro', 'filter house', 'rock']	[2017, 2021, 2022]	5	4
7jy3rLJdDQY21OgRLCZ9sD	Foo Fighters	['alternative metal', 'alternative rock', 'modern rock', 'permanent wave', 'post-grunge', 'rock']	[2017, 2021]	5	0
6icQOAFXDZKsumw3YXyusw	Lil Yachty	['atl hip hop', 'melodic rap', 'rap', 'trap']	[2017, 2020]	5	5
2eHZ1Vns5972fZNdhnjopG	Brace	['dutch hip hop', 'dutch pop']	[2017, 2020, 2021]	5	5
267wBt3XfmW3kdOC0JCtcO	sor	['dutch hip hop']	[2020, 2022]	5	2
048LktY5zMnakWq7PTtFrz	CKay	['afro r&b', 'afrobeats']	[2021, 2022]	5	3
6DgP9otnZw5z6daOntINxp	Joel Corry	['dance pop', 'pop dance', 'uk dance']	[2020, 2021, 2022]	5	5
6jhluGyF1XVIlfPol7oXqa	Mart Hoogkamer	['carnaval', 'kermis']	[2021, 2022]	5	2
0uBVyPbLZRDNEBiA4fZUlp	Froukje	['dutch pop', 'lustrum']	[2021, 2022]	5	0
3VVxpV5qfkhLkLZjXB274t	Frans Duijts	['dutch pop', 'kermis', 'levenslied']	[2021, 2022]	5	4
6YsruNrEt7IYqK70kLIbY5	Pietenkidz	['muziek voor kinderen']	[2021]	5	5
5aUOzCdTNq5gmrCOQfPgsZ	Jochem van Gelder	['muziek voor kinderen']	[2021]	5	5
1kiq2kUV0cbLUhJsr7cpW0	Alida	['norwegian pop']	[2020, 2021]	5	5
6MPCFvOQv5cIGfw3jODMF0	Internet Money	['pop rap']	[2020, 2021]	5	5
2gLdG0pJEOmwWf6eDrbtyg	Selma Omari	[]	[2020, 2021]	5	1
3LIf7xkBp0kqBy9P5vUkFC	Bigidagoe	['dutch drill', 'dutch hip hop']	[2020, 2021]	5	5
4tIKaxUmpXzshok2yCnwdf	King Promise	['afrobeats', 'ghanaian alternative', 'ghanaian pop']	[2020, 2021]	5	5
5jDbkgSchoGGi1XlKMnv2p	KABOOGAZOO	['muziek voor kinderen']	[2020]	5	5
5IcR3N7QB1j6KBL8eImZ8m	ScHoolboy Q	['gangster rap', 'hip hop', 'pop rap', 'rap', 'southern hip hop', 'trap']	[2018, 2019]	4	4
4RSyJzf7ef6Iu2rnLdabNq	Willy William	[]	[2017, 2018, 2019]	4	4
4NEThNYJ3WyNcJWcmpjq88	Ir Sais	['basshall', 'ritmo kombina']	[2018, 2019, 2020, 2021]	4	3
3hteYQFiMFbJY7wS0xDymP	Gesaffelstein	['dark clubbing']	[2018, 2019, 2021, 2022]	4	4
4YLtscXsxbVgi031ovDDdh	Chris Stapleton	['contemporary country', 'outlaw country']	[2018, 2019]	4	4
1l2ekx5skC4gJH8djERwh1	Don Diablo	['dutch house', 'edm', 'electro house', 'future house', 'pop dance', 'progressive electro house', 'progressive house']	[2017, 2018, 2019, 2021]	4	3
2xU6IU13MYie8RcM54Ovt0	Mugeez	['ghanaian pop']	[2017, 2018]	4	4
1cUsaZWQDILKpljyM7FWXm	Stef Ekkel	['kermis', 'levenslied']	[2017, 2018, 2020, 2021, 2022]	4	3
55fhWPvDiMpLnE4ZzNXZyW	Noah Cyrus	['alt z', 'pop']	[2017, 2018, 2020]	4	3
5fyDppLDl1juIu1BcUT5zh	Digital Farm Animals	['uk dance']	[2017, 2018, 2021]	4	4
4QQgXkCYTt3BlENzhyNETg	Earth, Wind & Fire	['disco', 'funk', 'jazz funk', 'soul']	[2017, 2018, 2019, 2020, 2021, 2022]	4	1
6IZ4ctovY9dl7bgHClAvKJ	LSD	[]	[2018, 2019]	4	4
4STHEaNw4mPZ2tzheohgXB	Paul McCartney	['beatlesque', 'classic rock', 'rock']	[2017, 2018, 2019, 2020, 2021]	4	1
0bMKf3lIYR9GaNTdFKkTOr	Zonderling	['dutch house', 'electro house', 'progressive house']	[2017, 2018, 2020]	4	4
7v4imS0moSyGdXyLgVTIV7	Nat King Cole	['adult standards', 'lounge', 'soul', 'swing', 'vocal jazz']	[2017, 2018, 2019, 2020, 2021]	4	0
5rSXSAkZ67PYJSvpUpkOr7	Backstreet Boys	['boy band', 'dance pop', 'pop']	[2018, 2019, 2020, 2021]	4	0
4u5smJBskI6Adzv08PuiUP	Kiiara	['alt z', 'electropop']	[2017, 2018]	4	4
39OsGk5DvHyZ1DA7ApDKHh	DJ Madam Julie	[]	[2018, 2019]	4	4
57LrSRUxhQm9hQ1hdhW27D	Kaeh	[]	[2018, 2019]	4	4
7hJcb9fa4alzcOq3EaNPoG	Snoop Dogg	['g funk', 'gangster rap', 'hip hop', 'pop rap', 'rap', 'west coast rap']	[2018, 2019, 2022]	4	4
6DVipHzYsPlIoA0DW8Gmns	"Royce Da 5'9"""	['detroit hip hop', 'gangster rap', 'hardcore hip hop', 'hip hop']	[2018, 2020]	4	4
0yZtrEIjvzoZSNoSNrY5Gj	Drechter	[]	[2018, 2019, 2020]	4	4
7E7VmEW6CxpkGNipjVQywD	Aliyah	['dutch rap pop']	[2018, 2019, 2020]	4	4
7LSenG6ZaZyQGNNQSIRNTf	Nafthaly Ramona	['dutch rap pop']	[2017, 2018, 2019]	4	4
0haZhu4fFKt0Ag94kZDiz2	Sofía Reyes	['latin pop', 'latin viral pop', 'mexican pop', 'reggaeton']	[2018, 2019, 2020, 2021]	4	4
3JXpwnHbLvXxY99EuXqFPX	Poo Bear	['pop r&b']	[2017, 2018, 2021]	4	4
2hgP9Ap2tc10R5jrQaEpMT	Charles Aznavour	['chanson']	[2018]	4	1
0eBOZ74PcpQb3SisNPgaRQ	Jake Reese	['dutch pop']	[2017, 2018, 2020]	4	4
0qadSnl99IzsHDlG1BEwcb	DJ Maurice	['carnaval', 'nederlandse hardstyle']	[2018, 2019, 2020, 2021, 2022]	4	4
7J41Q5hdwuBgyVo7zGhPhO	MEROL	['dutch pop']	[2018, 2019, 2020]	4	2
6KZDXtSj0SzGOV705nNeh3	Kid Ink	['pop rap', 'rap', 'southern hip hop', 'trap']	[2017, 2018]	4	4
6mU8ucezzms5I2kNH6HNlu	Conor Maynard	['post-teen pop', 'uk pop', 'viral pop']	[2017, 2018, 2019, 2021, 2022]	4	4
0QuIRxRWYAl4oRHSQYCYds	Willem	['dutch hip hop']	[2018, 2020, 2021, 2022]	4	3
2LZDXcxJWgsJfKXZv9a5eG	Cashmere Cat	['downtempo', 'electropop', 'shiver pop']	[2017, 2018]	4	4
0d3APB2jngaBHrA0DZHJYp	Anu-D	['dutch hip hop']	[2017, 2018]	4	2
5vBSrE1xujD2FXYRarbAXc	Years & Years	['gauze pop', 'pop', 'uk pop']	[2017, 2018, 2019]	4	0
11X2JfCZ9k1u9xMKTGkpdK	Kalvijn	['dutch hip hop']	[2017, 2018, 2019, 2020]	4	1
2WX2uTcsvV5OnS0inACecP	Birdy	['neo mellow', 'uk pop']	[2017, 2018, 2019, 2022]	4	2
2rYxEnHjY4kAGMy2muATL0	Seffelinie	['dutch hip hop']	[2017, 2018]	4	4
7kABWMhjA5GIl9PBEasBPt	Sunnery James & Ryan Marciano	['circuit', 'dutch house', 'electro house', 'progressive electro house']	[2017, 2018, 2019, 2020]	4	4
7jkzng6gCWYCHJKwy2F1n7	Lange	[]	[2018, 2020]	4	4
60tsxRkHtGIlk3IW8U8O2y	Oualid	['dutch hip hop', 'moroccan pop']	[2018, 2019]	4	4
6sCbFbEjbYepqswM1vWjjs	Zendaya	['pop', 'post-teen pop']	[2018, 2022]	4	4
2HkAI0YrEcgoR8QdaURqhO	Dimitri Vegas	['belgian edm']	[2017, 2018, 2019, 2020]	4	4
0HiavH73VhiAkavoAAOLUD	Webb	['dutch hip hop']	[2017, 2018, 2019]	4	4
5lKZWd6HiSCLfnDGrq9RAm	Leona Lewis	['british soul', 'dance pop', 'pop', 'talent show']	[2017, 2018, 2019, 2020, 2021]	4	2
2qAPnua41tsOE6o2L2tl5p	John De Bever	['carnaval', 'levenslied']	[2017, 2018, 2019, 2021, 2022]	4	2
6jS6JOoUxuUrEKDDrciQzm	Clandistino	['dutch rap pop']	[2018, 2019]	4	4
5pieMKHiTXhVZEmlMT0ij7	Rockywhereyoubeen	['dutch hip hop']	[2018, 2019, 2021]	4	4
5exS0bytCYdixgv02DaCm3	William Singe	[]	[2017, 2018]	4	4
43ZHCT0cAZBISjO8DG9PnE	Elvis Presley	['rock-and-roll', 'rockabilly']	[2017, 2018, 2019, 2020, 2021]	4	0
57WHJIHrjOE3iAxpihhMnp	Louis Tomlinson	['pop']	[2017, 2018]	4	2
6XpaIBNiVzIetEPCWDvAFP	Whitney Houston	['dance pop']	[2017, 2018, 2019, 2020, 2021, 2022]	4	3
2HcwFjNelS49kFbfvMxQYw	Robbie Williams	['dance rock', 'europop']	[2018, 2020, 2021]	4	2
7LTI9KZLhnMbrDojlJK7Li	Jacqueline Govaert	['dutch pop', 'dutch rock']	[2017, 2018]	4	1
3ZwM56IXFGMIsUFK0GEygo	Makkie	['dutch hip hop', 'dutch rap pop']	[2018, 2019, 2020]	4	4
0WwSkZ7LtFUFjGjMZBMt6T	Dire Straits	['album rock', 'classic rock', 'mellow gold', 'rock']	[2017, 2018, 2019, 2020, 2021, 2022]	4	0
4NHQUGzhtTLFvgF5SZesLK	Tove Lo	['metropopolis', 'pop', 'swedish electropop', 'swedish pop', 'swedish synthpop']	[2017, 2018, 2021]	4	3
5tbip8eYCoZuXO0A8HV94h	Stefan en Sean	['nederlandse hardstyle']	[2019, 2020, 2021]	4	4
5B4zg4qSXc3znw9xUbh7mk	Bram Krikke	[]	[2019, 2020, 2021]	4	4
6StTE02qIwbcJjGEDSZgg5	AVIAN GRAYS	[]	[2019]	4	4
6Z8vLeI1ZMj2kzTNWVOBXr	Jordan Shaw	[]	[2019, 2021]	4	4
1ooV8YZC1KbpEcrmI8WH0F	Yebba	['pop soul']	[2017, 2019, 2021]	4	4
5KNNVgR6LBIABRIomyCwKJ	Dermot Kennedy	['folk-pop', 'irish pop', 'uk pop']	[2019, 2020, 2021, 2022]	4	1
2nm38smINjms1LtczR0Cei	Goodboys	['pop dance', 'uk dance']	[2019, 2020, 2021]	4	3
2QMCcKIPHnjQaPPgoEst88	Matisse & Sadko	['dutch house', 'edm', 'electro house', 'pop dance', 'progressive electro house', 'progressive house', 'russian edm', 'sky room']	[2017, 2019, 2021, 2022]	4	4
4ryoUS0W8qXokfMxrlJt6O	Skip Marley	['modern reggae']	[2017, 2019]	4	4
2sGGaKKex7GgNlH1DRXZSa	Inez	[]	[2019, 2020]	4	0
5IH6FPUwQTxPSXurCrcIov	Alec Benjamin	['alt z', 'pop', 'pov: indie']	[2019, 2020, 2021]	4	1
0V7K6XaL7jDs1oUWUvgXNs	James Watss	['dutch hip hop', 'dutch rap pop']	[2017, 2019]	4	4
01A9NNgL6Z6baBggCixh83	Blacka	[]	[2019, 2020, 2021]	4	4
3KwmxIhSe9UTSEF37kwngR	SHAED	['electropop']	[2019, 2020]	4	3
1wLKrslSkMPt0GjK2PFQng	Opgeblazen	['carnaval']	[2019, 2020, 2021, 2022]	4	4
29ERE79ETWvm8bbINAW7Ix	Wilbert Pigmans	['carnaval']	[2019, 2020, 2021, 2022]	4	4
0id62QV2SZZfvBn9xpmuCl	Aloe Blacc	['pop soul', 'r&b']	[2017, 2019, 2020]	4	4
4ofCBoyEiGSePFAG500xev	Regard	['pop dance', 'pop edm', 'slap house', 'uk dance']	[2019, 2020, 2021]	4	3
2onmCslqboJDdDoCo7ZPd2	Django Wagner	['carnaval', 'kermis', 'levenslied']	[2019, 2020, 2021, 2022]	4	3
6EG4aueDmBQiVMPfTDku3v	Rasskulz	['dutch hip hop', 'dutch rap pop', 'dutch trap']	[2017, 2019]	4	4
1cwOthlzLBwN8Imbq7P71H	Dotan	['folk-pop']	[2017, 2019, 2021]	4	0
16mR35QsbHY5CUlzRHMFnG	John Ewbank	[]	[2019, 2020, 2021]	4	4
2PJEagPIxaBugeMjIyKVXF	Aitch	['manchester hip hop', 'uk hip hop']	[2019, 2020, 2022]	4	4
57LYzLEk2LcFghVwuWbcuS	Summer Walker	['r&b']	[2019, 2020, 2021]	4	4
6USv9qhCn6zfxlBQIYJ9qs	Dominic Fike	['alternative pop rock', 'pov: indie']	[2019, 2020, 2021]	4	2
6extd4B6hl8VTmnlhpl2bY	Huncho Jack	['melodic rap', 'trap']	[2017]	4	4
6ak4Dte1ZVVz6iGqv7jTrS	Quincy Promes	[]	[2017, 2020, 2021]	4	4
4AKwRarlmsUlLjIwt38NLw	Ofenbach	['pop dance']	[2017, 2020, 2021, 2022]	4	3
2PJOtFMkYPaqPSSQtdA9Yi	Rambo	['dutch hip hop']	[2017]	4	1
0N9SvWNJmb5id2UmjWu1X0	Minitrapper	['dutch hip hop', 'dutch trap']	[2017]	4	1
6kBlEsdNeNW2qnmW56xDhx	Typhoon	['dutch hip hop', 'dutch indie', 'dutch pop']	[2017, 2020, 2021, 2022]	4	3
0J7caGdH7TLSHYJ38ogaip	Louis	[]	[2017]	4	4
0u6GtibW46tFX7koQ6uNJZ	Topic	['german dance', 'pop dance', 'pop edm', 'uk dance']	[2017, 2020, 2021, 2022]	4	3
699OTQXzgjhIYAHMy9RyPD	Playboi Carti	['atl hip hop', 'plugg', 'pluggnb', 'rage rap', 'rap']	[2017, 2020, 2021]	4	3
29ntaqCLHlZZ4X6KiW7mLm	Bully	[]	[2021, 2022]	4	2
4FrXHrpbDLNyO3pbVv8RmF	Sophie and the Giants	['sheffield indie']	[2021, 2022]	4	4
5MvyMusqNikgVgkKHLc3pb	Rene Froger	['dutch pop', 'dutch rock', 'levenslied']	[2021, 2022]	4	4
0YLlTW9rW7ZCy2cA2u3RYk	FLEMMING	[]	[2021, 2022]	4	0
50o63K3IrY47g46E8R071Y	Thomas Acda	['dutch cabaret', 'dutch pop']	[2020, 2021, 2022]	4	4
5WxnXxSCyhDSyi6elhBZd4	Jaap Reesema	['dutch pop']	[2020, 2021, 2022]	4	1
4fxd5Ee7UefO4CUXgwJ7IP	Giveon	['r&b']	[2020, 2021, 2022]	4	3
7m0BsF0t3K9WQFgKoPejfk	ArrDee	['uk hip hop']	[2021, 2022]	4	2
3u4qXYRgHgU7YtjZt9sduX	Eyelar	['uk pop']	[2021, 2022]	4	4
1ThoqLcyIYvZn7iWbj8fsj	Bill Withers	['funk', 'quiet storm', 'soul']	[2020, 2021, 2022]	4	1
1uU7g3DNSbsu0QjSEqZtEd	Masked Wolf	['australian hip hop']	[2021]	4	0
1OB278sOZVSFx5vXqYha83	J. Rey Soul	[]	[2020, 2021]	4	4
70gP6Ry4Uo0Yx6uzPIdaiJ	Bas	['queens hip hop', 'rap', 'sudanese hip hop', 'sudanese pop', 'underground hip hop']	[2021]	4	4
7rkW85dBwwrJtlHRDkJDAC	NAV	['canadian hip hop', 'canadian trap', 'melodic rap', 'rap', 'toronto rap', 'trap']	[2020, 2021]	4	4
687cZJR45JO7jhk1LHIbgq	Tems	['afro r&b', 'afrobeats', 'alte', 'nigerian pop']	[2020, 2021]	4	4
5aR7M98Z0H5SzbGOIfkIQt	Dior	['dutch hip hop', 'dutch rap pop']	[2020, 2021]	4	4
7xlnyZup76ill9vijj5a2q	Sinterklaasliedjes van nu	[]	[2021]	4	4
6ASri4ePR7RlsvIQgWPJpS	iann dior	['melodic rap']	[2020, 2021]	4	4
4QSTyDpxsKmv3UfavVUImR	Darkoo	['afrobeats', 'afroswing', 'london rap', 'uk hip hop']	[2020, 2021]	4	4
32vWCbZh0xZ4o9gkz4PsEU	Dolly Parton	['classic country pop', 'country', 'country dawn']	[2020, 2021]	4	3
1mcTU81TzQhprhouKaTkpq	Rauw Alejandro	['puerto rican pop', 'reggaeton', 'trap latino', 'urbano latino']	[2020, 2021]	4	2
1W4O1UxWetSz00CiAu01zf	RBDjan	['dutch hip hop']	[2020]	4	4
0oU4JPyGHFpmq8oNyfkrk7	MELL	['dutch rap pop']	[2020]	4	4
1XLWox9w1Yvbodui0SRhUQ	StaySolidRocky	['melodic rap']	[2020]	4	2
5XmuuM2C6t4HSPa3FSuU3h	WanMor	[]	[2020]	4	4
2NEeqYen2FsMivq7JBIJiv	Fay Lovsky	['dutch singer-songwriter']	[2017, 2018, 2019, 2020, 2021]	3	0
6t1gpxYbY8OlLA7D2RiikQ	Loud Luxury	['edm', 'pop dance']	[2018, 2019]	3	3
7IGk0iXhaPjqvQF4Zi2R2K	Janne Schra	['dutch indie', 'dutch pop']	[2018]	3	1
1Y8cdNmUJH7yBTd9yOvr5i	Destiny's Child	['dance pop', 'girl group', 'pop', 'r&b', 'urban contemporary']	[2017, 2018, 2019, 2020, 2021]	3	1
1pPmIToKXyGdsCF6LmqLmI	Rich The Kid	['atl hip hop', 'melodic rap', 'plugg', 'rap', 'trap']	[2018]	3	1
5qeSCSYs40ft9m5FCOXZL0	Lijpe & Ismo	[]	[2018]	3	0
2FwJwEswyIUAljqgjNSHgP	Snakehips	['electropop']	[2017, 2018]	3	3
77DAFfvm3O9zT5dIoG0eIO	Kyla	['uk funky']	[2017, 2018]	3	3
4S9EykWXhStSc15wEx8QFK	Céline Dion	['canadian pop']	[2017, 2018, 2019, 2020, 2021]	3	0
2RDOrhPqAM4jzTRCEb19qX	Sheck Wes	['pop rap', 'rap', 'trap']	[2018, 2019]	3	1
5KEG7G8LDYlHgFDqZyEEs2	Chris Rea	['soft rock', 'sophisti-pop']	[2017, 2018, 2019, 2020, 2021]	3	0
7EEiVZvj6RCEtVX2F2pyxu	Slim Jxmmi	['trap']	[2018]	3	3
7KMqksf0UMdyA0UCf4R3ux	James Blunt	['neo mellow', 'pop rock']	[2017, 2018]	3	2
1l7ZsJRRS8wlW3WfJfPfNS	Christina Aguilera	['dance pop', 'pop']	[2017, 2018, 2019, 2020, 2021]	3	1
3WrFJ7ztbogyGnTHbHJFl2	The Beatles	['beatlesque', 'british invasion', 'classic rock', 'merseybeat', 'psychedelic rock', 'rock']	[2017, 2018, 2019, 2020, 2021]	3	0
3K0u138EjCuhbWEwUnGwmu	Roets	['dutch hip hop']	[2018, 2019]	3	3
6VSZeMeJlVPGoR2nfB6UxD	Douwe Bob	['dutch americana', 'dutch indie', 'dutch pop', 'dutch rock']	[2018, 2019]	3	1
1GDbiv3spRmZ1XdM1jQbT7	NATTI NATASHA	['latin pop', 'rap latina', 'reggaeton', 'urbano latino']	[2017, 2018, 2019, 2020]	3	3
2jZdMwF6R1JW2QPNLwMcSz	Finest Sno	['basshall', 'dutch rap pop']	[2017, 2018]	3	3
2DJWNlGHpzlTwdIpVkjRBV	Joshua Nolet	[]	[2018, 2019]	3	3
4kRCRlh1eQG31dr3fGTHKF	Joel Beukers	['nederlandse hardstyle']	[2018, 2019, 2020]	3	3
4ZLmieiEnIF2soZHECSOl9	Sterre	[]	[2018, 2019, 2021, 2022]	3	3
2kCcBybjl3SAtIcwdWpUe3	Lil Peep	['cloud rap', 'emo rap', 'lgbtq+ hip hop']	[2018]	3	2
6AyATGg7mDgBlZ4N5uNog0	SYML	['modern indie pop']	[2017, 2018, 2019, 2020, 2021]	3	0
20qISvAhX20dpIbOOzGK3q	Nas	['conscious hip hop', 'east coast hip hop', 'gangster rap', 'hardcore hip hop', 'hip hop', 'queens hip hop', 'rap']	[2018, 2021]	3	3
10n5lhNDoSMUHWLlnST1yw	Slade	['glam rock']	[2017, 2018, 2019, 2020, 2021]	3	0
49e4v89VmlDcFCMyDv9wQ9	Dean Martin	['adult standards', 'easy listening', 'lounge', 'vocal jazz']	[2018, 2019, 2020, 2021]	3	0
7nJtdgCxkhZFvFMPTsHavb	Trijntje Oosterhuis	['dutch pop', 'dutch rock']	[2017, 2018, 2020]	3	2
3qBKjEOanahMxlRojwCzhI	Zacari	[]	[2017, 2018]	3	2
4TAoP0f9OuWZUesao43xUW	Mr Eazi	['afrobeats', 'afropop', 'azontobeats', 'ghanaian hip hop', 'nigerian pop', 'swedish dancehall']	[2018, 2020, 2021]	3	3
2RQXRUsr4IW1f3mKyKsy4B	Noah Kahan	['pov: indie', 'singer-songwriter pop']	[2018, 2019]	3	3
1vSN1fsvrzpbttOYGsliDr	Tori Kelly	['pop', 'post-teen pop']	[2017, 2018, 2019, 2020, 2021]	3	3
6ydoSd3N2mwgwBHtF6K7eX	Calum Scott	['pop']	[2017, 2018, 2021, 2022]	3	1
3KedxarmBCyFBevnqQHy3P	Jessie Reyez	['canadian contemporary r&b', 'canadian pop']	[2018, 2019]	3	3
4P2n49979tST2XdOxYcM6h	Rarri	[]	[2018, 2019]	3	2
6V6WCgi7waF55bJmylC4H5	Gloria Gaynor	['disco', 'soft rock']	[2018, 2019, 2020, 2021]	3	0
66TrUkUZ3RM29dqeDQRgyA	Ella Eyre	['dance pop', 'talent show', 'uk dance', 'uk pop']	[2017, 2018]	3	3
4mHAu7NX2UNsnGXjviBD9e	Brooks	['dutch house', 'edm', 'electro house', 'future house', 'pop dance', 'pop edm', 'progressive electro house']	[2018, 2019]	3	3
1INuLZXjjVbcJRyWvD1iSq	Jack & Jack	['pop', 'teen pop']	[2018, 2019]	3	3
5geBneZf2rfQaLDUVkQBFn	Kid de Blits	['dutch hip hop']	[2018, 2021]	3	3
4N3P2bplLFWWlnVDRvMrJH	Massief	['dutch hip hop']	[2018, 2019]	3	3
3PiYQOpQ27ZQA4xRQqB7tE	Nesim Najih	['dutch hip hop']	[2017, 2018]	3	1
3nohf4qILMr5aUSOsolwxB	Jona Lewie	['new wave pop']	[2017, 2018, 2019, 2020, 2021]	3	0
38EmEgXkgK51MT2tPY0EoC	Bobby Helms	[]	[2017, 2018, 2019, 2020, 2021]	3	0
4y6ycmATEW4V7Ce0Dv0Hs4	Lawineboys	['carnaval', 'levenslied']	[2018, 2019, 2020, 2021]	3	1
5a2EaR3hamoenG9rDuVn8j	Prince	['funk', 'funk rock', 'minneapolis sound', 'rock', 'synth funk']	[2017, 2018, 2019, 2020, 2021, 2022]	3	0
3Z02hBLubJxuFJfhacLSDc	Bryan Adams	['canadian pop', 'canadian singer-songwriter', 'classic canadian rock', 'heartland rock', 'mellow gold', 'soft rock']	[2018, 2019, 2020, 2021, 2022]	3	0
5wPoxI5si3eJsYYwyXV4Wi	N.E.R.D	['hip hop', 'virginia hip hop']	[2017, 2018]	3	3
0oSGxfWSnnOXhD2fKuz2Gy	David Bowie	['art rock', 'classic rock', 'glam rock', 'permanent wave', 'rock']	[2018, 2019, 2020, 2021]	3	1
10exVja0key0uqUkk6LJRT	Vance Joy	['folk-pop', 'modern rock']	[2018, 2021, 2022]	3	1
7t0rwkOPGlDPEhaOcVtOt9	The Cranberries	['irish rock', 'pop rock', 'rock']	[2018]	3	0
4QfOh8rJ0OddhhXHD5QyWs	The Boy Next Door	['basshall']	[2017, 2018, 2019]	3	3
5AvkVClT6JuPL4LFy7liYN	Gers Pardoel	['dutch hip hop', 'dutch pop']	[2018, 2019, 2020]	3	3
4ehtJnVumNf6xzSCDk8aLB	Martin Jensen	['danish electronic', 'edm', 'pop dance']	[2017, 2018, 2020]	3	2
26W6sq5yZeIhzfO6d8g9NJ	Yes-R	['dutch hip hop']	[2018, 2019, 2020, 2021, 2022]	3	3
53KwLdlmrlCelAZMaLVZqU	James Blake	['art pop', 'indie soul', 'indietronica', 'neo soul', 'uk alternative pop']	[2018, 2019]	3	3
4olE3I5QU0dvSR7LIpqTXc	WATT	['modern alternative rock']	[2017, 2018, 2021]	3	3
2wX6xSig4Rig5kZU6ePlWe	KSHMR	['big room', 'dutch house', 'edm', 'electro house', 'indian edm', 'pop dance', 'progressive electro house', 'slap house']	[2017, 2018]	3	3
6Jc18GpeJVDe3HWhfrQ0Bu	Vinchenzo	['dutch pop']	[2017, 2018]	3	0
1k6UJX3fICUUXA9W5vnnDD	CJaye	['dutch drill']	[2017, 2018]	3	3
0m9MAAgz9T6xxgVvtDxsNv	Kwaaivines	[]	[2017, 2018]	3	2
4lDBihdpMlOalxy1jkUbPl	Grey	[]	[2017, 2018, 2019]	3	3
6C1ohJrd5VydigQtaGy5Wa	Joyner Lucas	['boston hip hop', 'hip hop', 'pop rap', 'rap']	[2018, 2019, 2021]	3	3
5w6mMj1qwSILG0pcylfchp	FÄIS	['dutch pop']	[2017, 2018]	3	1
4qBgvVog0wzW75IQ48mU7v	KYLE	['deep underground hip hop', 'indie pop rap', 'pop rap', 'viral trap']	[2017, 2018]	3	3
1kDGbuxWknIKx4FlgWxiSp	Nothing But Thieves	['alternative pop rock', 'modern alternative rock', 'modern rock']	[2017, 2018, 2020]	3	0
0ECwFtbIWEVNwjlrfc6xoL	Eagles	['album rock', 'classic rock', 'heartland rock', 'mellow gold', 'rock', 'soft rock', 'yacht rock']	[2017, 2018, 2019, 2020, 2021, 2022]	3	0
7DUTsWY3RBd64vh8UtgtYA	Lacrim	['arabic hip hop', 'french hip hop', 'pop urbaine', 'rap francais']	[2018, 2019]	3	3
6vHeztszLzqchlxlfUnwAo	Memphis Depay	[]	[2018, 2019]	3	2
4RVnAU35WRWra6OZ3CbbMA	Kylie Minogue	['australian dance', 'australian pop', 'dance pop', 'eurodance', 'new wave pop']	[2017, 2018, 2019, 2020, 2021]	3	1
2lolQgalUvZDfp5vvVtTYV	Tony Bennett	['adult standards', 'easy listening', 'lounge', 'vocal jazz']	[2017, 2018, 2019, 2020, 2021]	3	0
5jAMCwdNHWr7JThxtMuEyy	NOTD	['electropop', 'pop dance', 'pop edm']	[2017, 2018, 2019]	3	3
6c0mTNAxJxlp9HpKTUZwA8	ALMA	[]	[2017, 2018]	3	2
360IAlyVv4PCEVjgyMZrxK	Miguel	['r&b']	[2017, 2018, 2019]	3	3
2p1fiYHYiXz9qi0JJyxBzN	Skepta	['birmingham grime', 'grime', 'instrumental grime', 'uk hip hop']	[2018, 2020]	3	3
3GBPw9NK25X1Wt2OUvOwY3	Jack Johnson	['neo mellow']	[2017, 2018, 2020]	3	0
21WS9wngs9AqFckK7yYJPM	PnB Rock	['melodic rap', 'rap', 'trap']	[2018, 2019]	3	3
0TnOYISbd1XYRBk9myaseg	Pitbull	['dance pop', 'miami hip hop', 'pop']	[2017, 2018]	3	3
37i2jOekpyKc0wGILqRuKJ	Andy VDM	['dutch rap pop', 'dutch trap']	[2017, 2018, 2020]	3	3
5KZPlP5jQGBF3Z1kUq2ZUP	Youp van 't Hek	['dutch cabaret']	[2017, 2018, 2019, 2020, 2021]	3	0
1QXZ1BMJKU2dl2q6rDn1pB	PartyfrieX	['carnaval', 'nederlandse hardstyle']	[2018, 2019, 2020, 2021, 2022]	3	3
1Zy7C797uIkBklSqLqdckw	Schorre Chef	['carnaval']	[2018, 2019, 2020, 2021, 2022]	3	3
6zFYqv1mOsgBRQbae3JJ9e	Billy Joel	['album rock', 'classic rock', 'heartland rock', 'mellow gold', 'piano rock', 'rock', 'singer-songwriter', 'soft rock']	[2017, 2018, 2019, 2020, 2021, 2022]	3	0
0wi4yTYlGtEnbGo4ltZTib	Shakin' Stevens	['classic uk pop', 'rockabilly']	[2017, 2018, 2019, 2020, 2021]	3	0
3GV34zJlfaSxsr8YZ1zEbP	Team Rush Hour	['basshall', 'dutch rap pop', 'moombahton']	[2017, 2018, 2019]	3	3
137W8MRPWKqSmrBGDBFSop	Wiz Khalifa	['hip hop', 'pittsburgh rap', 'pop rap', 'rap', 'southern hip hop', 'trap']	[2017, 2018, 2020, 2021]	3	3
2txHhyCwHjUEpJjWrEyqyX	Tom Odell	['chill pop']	[2017, 2018, 2020, 2021, 2022]	3	0
48vBSuFP0e3sObT3huTdur	Qucee	['dutch hip hop']	[2017, 2018, 2021]	3	1
3VNITwohbvU5Wuy5PC6dsI	Kool & The Gang	['disco', 'funk', 'motown', 'soul']	[2018, 2019, 2020, 2021]	3	0
1tqhsYv8yBBdwANFNzHtcr	Lil Dicky	['comedy rap', 'indie pop rap', 'pop rap']	[2018, 2019, 2020]	3	2
2POj5DK9ZiqcLkeTeTjH7b	Paramocro	['dutch hip hop']	[2017, 2018, 2020]	3	3
5v8jlSmAQfrkTjAlpUfWtu	Perry Como	['adult standards', 'easy listening']	[2017, 2018, 2019, 2020, 2021]	3	2
0A0FS04o6zMoto8OKPsDwY	YG	['cali rap', 'hip hop', 'pop rap', 'rap', 'southern hip hop', 'trap']	[2017, 2018, 2019]	3	3
0awqQLsNMZU3cFOVYKzFoe	Dave Roelvink	[]	[2018, 2019]	3	3
2NlKrNMdpYxGjt3Pvw87rC	Europa	['uk dance']	[2019]	3	3
41X1TR6hrK8Q2ZCpp2EqCz	bbno$	['canadian hip hop', 'dark trap', 'meme rap']	[2019, 2020]	3	3
3MyFDtqB80WZvbtCZRsekM	Bakermat	['minimal tech house', 'tropical house']	[2017, 2019, 2020]	3	1
6q7SnYRWQncKrWYoZj4ILg	Roxy Rosa	['dutch rap pop']	[2019, 2020]	3	3
0EeQBlQJFiAfJeVN2vT9s0	Nipsey Hussle	['conscious hip hop', 'gangster rap', 'hip hop', 'pop rap', 'rap', 'southern hip hop', 'trap']	[2019]	3	3
0ZkablvylQ1mDxoPtsou2E	Broski	[]	[2017, 2019]	3	3
19HFRWmRCl27kTk6LeqAO8	MORTEN	['danish electronic', 'scandipop']	[2019, 2020, 2021]	3	3
45eNHdiiabvmbp4erw26rg	ILLENIUM	['edm', 'melodic dubstep', 'pop dance']	[2019, 2020]	3	3
4hETqBWNpTXRQuSSLEekuQ	SillySJK	['dutch drill']	[2019, 2021]	3	3
3rbtPd0NcvhO2AzMfzx90z	Fredo	['grime', 'uk hip hop']	[2019, 2021]	3	3
6SsTlCsuCYleNza6xGwynu	Agnes	['swedish electropop', 'swedish idol pop', 'swedish pop']	[2019]	3	3
60rpJ9SgigSd16DOAG7GSa	Billy Ray Cyrus	['country rock']	[2019, 2020]	3	3
2cFrymmkijnjDg9SS92EPM	blackbear	['pop']	[2019, 2020]	3	1
0YinUQ50QDB7ZxSCLyQ40k	Mustard	['cali rap', 'pop rap', 'rap', 'southern hip hop', 'trap']	[2019, 2020, 2021]	3	3
7hOGhpa8RMSuDOWntGIAJt	A R I Z O N A	['electropop', 'indie poptimism']	[2017, 2019]	3	1
70L69iQT0zNtMicwQSgqqb	Scarface	[]	[2019]	3	3
4rTv3Ejc7hKMtmoBOK1B4T	Ali Gatie	['canadian hip hop']	[2019, 2020]	3	0
0vRvGUQVUjytro0xpb26bs	Arizona Zervas	['pop rap', 'rhode island rap']	[2019, 2020]	3	0
7H3fIfNkiIdCYlI5pPwuXy	Tony Tony	['dutch hip hop', 'dutch trap']	[2019, 2020]	3	3
6ZLTlhejhndI4Rh53vYhrY	Ozzy Osbourne	['album rock', 'alternative metal', 'birmingham metal', 'classic rock', 'glam metal', 'hard rock', 'metal', 'nu metal', 'rock']	[2019]	3	3
7wlFDEWiM5OoIAt8RSli8b	YoungBoy Never Broke Again	['baton rouge rap', 'rap']	[2019, 2020, 2021]	3	3
1V748CEB0J563vCjbIz62B	Rafello	['dutch hip hop']	[2017, 2019]	3	3
5wyWp867LWGjFmYZXVSFnZ	MERO	['german hip hop']	[2019, 2020, 2021]	3	1
6eYFryfcEu3QSq59D62wZQ	Brendon Urie	[]	[2019]	3	3
66ko2UINS5X1TRK48kdsyh	Joe Buck	['dutch pop', 'dutch rock']	[2019, 2020, 2021]	3	0
2UYP8NXUoN2bFx7sylWQ14	Baas B	[]	[2019]	3	3
6uRCP6vPABt2mY7ZGHr7nJ	Quatro Vision	['dutch hip hop', 'dutch rap pop', 'dutch trap']	[2019, 2021, 2022]	3	2
4H7wgwp6mSTcg5Op2R8XW2	Dongo	['antilliaanse rap']	[2019, 2021]	3	3
3heGIV1KV0B4c4MW7H2mey	Kevcody	['dutch hip hop', 'dutch rap pop']	[2017, 2019, 2020]	3	3
7kpbKPdmy6jHnsfTHdZmU7	Figo Gang	['dutch hip hop', 'dutch rap pop']	[2019, 2020]	3	2
2NX52zvQRp4AxVzhp2cMiP	Kenny B	['dutch pop', 'surinamese pop']	[2017, 2019]	3	2
5VadK1havLhK1OpKYsXv9y	D-Block Europe	['melodic drill', 'uk hip hop']	[2019, 2020, 2021, 2022]	3	3
3q7HBObVc0L8jNeTe5Gofh	50 Cent	['east coast hip hop', 'gangster rap', 'hip hop', 'pop rap', 'queens hip hop', 'rap']	[2019, 2020, 2021, 2022]	3	2
6eVWXmKBW7Iltub01D9R1c	Valerie Broussard	['bossbeat', 'modern alternative pop']	[2019, 2020]	3	3
0jnsk9HBra6NMjO2oANoPY	Flo Rida	['dance pop', 'miami hip hop', 'pop', 'pop rap']	[2017, 2021]	3	3
5EvFsr3kj42KNv97ZEnqij	Shaggy	['dance pop', 'pop rap', 'reggae fusion']	[2017, 2020, 2021, 2022]	3	3
2TL8gYTNgD6nXkyuUdDrMg	Jasmine Thompson	['viral pop']	[2017]	3	1
1ro61E5pefGH9UPC9X4L4J	Abira	[]	[2017]	3	3
2VINftEho961QpPR74Ftbb	Nate	['dutch rap pop']	[2017]	3	3
4Rxn7Im3LGfyRkY2FlHhWi	Nick Jonas	['dance pop', 'pop']	[2017]	3	2
2UZMlIwnkgAEDBsw1Rejkn	Tom Petty	['album rock', 'classic rock', 'hard rock', 'heartland rock', 'mellow gold', 'rock', 'singer-songwriter', 'soft rock']	[2017]	3	0
6T5tfhQCknKG4UnH90qGnz	DNCE	['dance pop', 'pop']	[2017, 2022]	3	1
0z4gvV4rjIZ9wHck67ucSV	Akon	['dance pop']	[2017, 2020, 2021]	3	3
0SCbttzoZTnLFebDYmAWCm	Glee Cast	['glee club', 'post-teen pop']	[2017, 2020, 2021]	3	2
4CmM2vhgDYnUmcmwBfVi0R	Mo Temsamani	['moroccan pop', 'rif']	[2017]	3	3
14VHCbKz3ITlGgh8Ozni2L	Vieze Jack	['carnaval', 'nederlandse hardstyle']	[2017, 2020, 2021]	3	1
3RssOArRCjUYU7hI5hws7q	Rocks	['dutch hip hop']	[2017, 2020]	3	3
0qZWRrQj38rwkxeRQ3HowZ	Ruben Annink	['dutch pop', 'dutch singer-songwriter']	[2017, 2020, 2022]	3	1
3aERYLqcdKbyI7pjmOgIpU	Wolter Kroes	['dutch pop', 'kermis', 'levenslied']	[2017, 2021]	3	2
7bTUZU8QavxiW0GtvEVP0M	Kleine John	[]	[2021, 2022]	3	3
46hfNL2Bni5Ux8hCDMAjIN	Chavanté	['dutch rap pop']	[2021, 2022]	3	3
2auikkNYqigWStoHWK1Grq	John Martin	['pop edm']	[2020, 2021, 2022]	3	3
20bXifvyaank813LMJGw5G	Brysa	[]	[2021, 2022]	3	3
5SHxzwjek1Pipl1Yk11UHv	Tom Grennan	['uk pop']	[2021, 2022]	3	1
1WO1hFAkFbeo9tV3uVX7Dy	A1 x J1	['chill drill', 'melodic drill']	[2021, 2022]	3	2
7b79bQFziJFedJb75k6hFt	Tion Wayne	['london rap', 'uk hip hop']	[2021, 2022]	3	3
1uBw9o9xJfe2H3geRocQq4	Cristian D	['dutch hip hop']	[2021, 2022]	3	3
3rWZHrfrsPBxVy692yAIxF	WILLOW	['afrofuturism', 'pop', 'post-teen pop', 'pov: indie']	[2021, 2022]	3	3
4TvhRzxIL1le2PWCeUqxQw	The Blessed Madonna	[]	[2020, 2021, 2022]	3	3
1HFg9B0Jvwqzqiuqg9cASk	Paul de Munnik	['dutch pop']	[2021, 2022]	3	3
0CbeG1224FS58EUx4tPevZ	Timmy Trumpet	['australian dance', 'big room', 'melbourne bounce', 'melbourne bounce international']	[2020, 2021, 2022]	3	3
3VTVxM9FFSMMrnO3nOh9Si	Lamme Frans	['carnaval']	[2020, 2021, 2022]	3	1
6cK3NBO6uP7hh0oyuVELFl	Saweetie	['cali rap', 'trap queen']	[2021, 2022]	3	3
2F3Mdh2idBVOiMTxXoxc10	MEAU	['dutch pop']	[2021, 2022]	3	1
3FoFW2AoUGRHBacC6i4x4p	Russ Millions	['melodic drill', 'uk drill']	[2021, 2022]	3	3
5pXe6yFchq1oyYK3rq2A8i	KIDDO	['scandipop']	[2020, 2021, 2022]	3	3
20cmhoGvN0eyzhmsHJH1Mg	Luude	['aussietronica']	[2022]	3	3
5mxB08ktCukEhGMg2YZeEv	Colin Hay	['solo wave']	[2022]	3	3
3Fqp4iKgoCzmPLWXqv46KO	Oathmademedoit	['dutch rap pop', 'surinamese hip hop']	[2021, 2022]	3	3
0KpEX9Hb9jJaxSEgDRMLbM	Veul Gère	['carnaval']	[2020, 2021, 2022]	3	2
7okSU80WTrn4LXlyXYbX3P	Clinton Kane	['alt z', 'gen z singer-songwriter']	[2020, 2021, 2022]	3	1
0d1nFNO90pwRmCeeqjOx2Q	DI-RECT	['dutch pop', 'dutch rock']	[2020, 2021, 2022]	3	0
0KI6HIuDsZdmZ65lpnZHpt	Kinderliedjes Om Mee Te Zingen	['muziek voor kinderen']	[2020, 2021]	3	3
4GaAzGCRu6rYPmVDn3iEJ1	De Club Van Sinterklaas	['christmas product', 'muziek voor kinderen']	[2020, 2021]	3	3
1xr2G8Hlx4QWmT9HaUbmoO	Young Stoner Life	['pop rap']	[2021]	3	3
6idunrSGiChqlZG6MJVhHM	Frank Van Etten	['carnaval', 'levenslied']	[2021]	3	1
5SXuuuRpukkTvsLuUknva1	Baby Keem	['hip hop', 'rap']	[2021]	3	3
1HwM5zlC5qNWhJtM00yXzG	DMX	['east coast hip hop', 'gangster rap', 'hardcore hip hop', 'hip hop', 'rap']	[2021]	3	0
5yuxqGyvuCkRY8X53yVy5u	Nobu	[]	[2021]	3	0
3tlXnStJ1fFhdScmQeLpuG	Brent Faiyaz	['r&b', 'rap']	[2021]	3	3
6lZ9MW0eEVePXdpa87Wag4	DIKKE	['dutch hip hop']	[2021]	3	3
46MWeeHNVMYRIIofQBEX98	BEAM	['trap soul']	[2021]	3	3
7JEKwHEyxkl7GMIZmTVllb	Rich2Gether	['dutch rap pop']	[2020, 2021]	3	3
7fKO99ryLDo8VocdtVvwZW	Yemi Alade	['afrobeats', 'afropop', 'azontobeats', 'nigerian pop']	[2020, 2021]	3	3
4xnihxcoXWK3UqryOSnbw5	Sasha Alex Sloan	['alt z']	[2020, 2021]	3	3
4az97MtWmBQ5Db3GfDh9j9	Morad	['drill espanol', 'urbano espanol']	[2020, 2021]	3	3
1U1el3k54VvEUzo3ybLPlM	Kali Uchis	['colombian pop']	[2021]	3	2
7arQA31aZVS8yS6zUveWzb	CJ	['nyc rap']	[2020, 2021]	3	0
523y9KSneKh6APd1hKxLuF	Master KG	['bolobedu house', 'south african house']	[2020, 2021]	3	3
396eHybVCEUr0PcED4yFga	Young Adz	['uk hip hop']	[2021]	3	3
6L1XC7NrmgWRlwAeLJvVtA	Sam Fischer	['australian pop', 'singer-songwriter pop']	[2020, 2021]	3	2
6EPlBSH2RSiettczlz7ihV	Sleepy Hallow	['brooklyn drill', 'nyc rap']	[2020, 2021]	3	2
3t9HafA5eFHM992s4GZ0Gr	Jeangu Macrooy	['dutch indie', 'dutch pop']	[2020, 2021]	3	1
4Ptte3Co29nu4q1aqlLu6p	Twin n Twice	['rif']	[2020]	3	0
6trIghKwHRUyxwvm66HLHH	Fousheé	['indie r&b']	[2020]	3	2
4AK6F7OLvEQ5QYCBNiQWHq	One Direction	['boy band', 'pop', 'post-teen pop', 'talent show']	[2020]	3	0
4Xi6LSfFqv26XgP9NKN26U	AJ Tracey	['grime', 'uk hip hop', 'ukg revival']	[2020]	3	3
4tw2Lmn9tTPUv7Gy7mVPI4	Kenny Rogers	['classic country pop', 'country', 'nashville sound']	[2020]	3	2
6eicEDObV8SW2XnXDvDVwy	p.APE	[]	[2020]	3	3
5eTeHyszhixBkqm4L9xrjW	David Benjamin	['dutch singer-songwriter']	[2017, 2018, 2019, 2020, 2021]	2	1
37Qsf5KCKljH7mL134xp4k	Saudi	['south african hip hop']	[2018]	2	2
5uEeqYFuIChoWKy34jp8xE	Brando	['dance pop', 'pop dance']	[2018, 2019]	2	2
6wMr4zKPrrR0UVz08WtUWc	Black Coffee	['south african house', 'south african pop', 'south african pop dance']	[2017, 2018]	2	2
3IKV7o6WPphDB7cCWXaG3E	Isaac Hayes	['classic soul', 'disco', 'funk', 'memphis soul', 'quiet storm', 'soul', 'southern soul']	[2017, 2018]	2	0
4fwuXg6XQHfdlOdmw36OHa	Paloma Faith	['british soul', 'talent show']	[2018, 2021, 2022]	2	1
6s22t5Y3prQHyaHWUN1R1C	AJR	['pov: indie']	[2017, 2018]	2	0
6LGGdQnaYJCOHLjKmOHMmx	Teflon	['dutch hip hop']	[2018, 2019]	2	2
1VJ0briNOlXRtJUAzoUJdt	FISHER	['australian house', 'house']	[2018, 2019, 2020, 2021]	2	0
7rMTGOF2vqBUcsh1cH64bC	Poppe	['surinamese pop']	[2018]	2	2
4yiQZ8tQPux8cPriYMWUFP	Gwen Stefani	['dance pop', 'pop']	[2017, 2018, 2019, 2020, 2021]	2	1
4gvkdged3Xw3ImXFm3jiay	Juliander	['swedish pop']	[2017, 2018]	2	2
4VIvfOurcf0vuLRxLkGnIG	Bradley Cooper	['hollywood']	[2018, 2019, 2020, 2021, 2022]	2	2
3gMaNLQm7D9MornNILzdSl	Lionel Richie	['soft rock']	[2018, 2020, 2021]	2	0
7kyIBL1EYouLqC8vw7IOui	L'Algérino	['french hip hop', 'pop urbaine', 'rap algerien', 'rap marseille']	[2018]	2	2
5GtMEZEeFFsuHY8ad4kOxv	Seal	['british soul']	[2017, 2018, 2019, 2020, 2021]	2	2
5schNIzWdI9gJ1QRK8SBnc	Ben Howard	['british singer-songwriter', 'folk-pop']	[2017, 2018, 2019]	2	0
6aY4DPJSuVzfnQ8He38wmz	Dovgh	[]	[2017, 2018]	2	2
5iwR7L3O96vO8rVXXuLf5K	Tim Knol	['dutch americana', 'dutch indie', 'dutch indie rock']	[2018]	2	0
66AE89GQTx88zLYhXn1wFK	Sam Martin	[]	[2018, 2019]	2	2
0MHgLfmQdutffmvWe5XBTN	Burl Ives	['adult standards', 'american folk revival']	[2017, 2018, 2019, 2020, 2021]	2	0
0FwFGRp5bp9KWyPiCI1CYX	Mouad Locos	[]	[2018, 2019]	2	2
0vR2qb8m9WHeZ5ByCbimq2	Reik	['latin arena pop', 'latin pop', 'mexican pop', 'reggaeton']	[2018, 2020]	2	2
3E6xrwgnVfYCrCs0ePERDz	Wisin	['reggaeton', 'urbano latino']	[2017, 2018]	2	2
1TtXnWcUs0FCkaZDPGYHdf	Darell	['latin hip hop', 'reggaeton', 'trap latino', 'urbano latino']	[2018, 2019]	2	2
39E15l8zeCDYpSZwFNX4G2	Eleni Foureira	['greek pop', 'laiko']	[2018]	2	0
5c3GLXai8YOMid29ZEuR9y	Nick Drake	['british folk', 'folk', 'melancholia', 'singer-songwriter']	[2018]	2	0
4MVyzYMgTwdP7Z49wAZHx0	Lynyrd Skynyrd	['album rock', 'classic rock', 'hard rock', 'rock', 'southern rock']	[2017, 2018]	2	0
3LLNDXrxL4uxXtnUJS5XWM	Alexander Rybak	[]	[2018, 2021]	2	0
29QbBR0oTzA7A0kiOzrbbr	Jamie Scott	['uk pop']	[2017, 2018]	2	2
5gWzmnHTLNXz5CjOc0wAuK	Romy Dya	['dutch pop']	[2017, 2018]	2	2
5jm3x1qIibWdKSEMw2G011	Moksi	['bass house', 'dutch edm', 'electro house', 'electronic trap']	[2017, 2018]	2	2
4AA474G2hRfrHyGrfyDseO	Mozzy	['cali rap', 'sacramento hip hop']	[2018, 2021]	2	2
1eMmoIprPDWeFdB1FxU6ZV	Au/Ra	['alt z', 'deep pop edm']	[2018, 2019]	2	2
6064pL9Hu3Wx2bwJMeOx6o	Tomine Harket	[]	[2018, 2019]	2	2
4gipJ3AAsA0h5T4Gwaxaji	Bartofso	[]	[2018]	2	2
6twIAGnYuIT1pncMAsXnEm	Commodores	['adult standards', 'disco', 'funk', 'mellow gold', 'motown', 'quiet storm', 'soft rock', 'soul']	[2018, 2019, 2020, 2021]	2	0
1NnCQBhIXGClPIkH3v104f	Anbu	['dutch hip hop']	[2018]	2	2
5lXfVoQxVgC5fpjkVqvNYn	Isaiah Firebrace	['australian pop']	[2017, 2018]	2	0
3OsRAKCvk37zwYcnzRf5XF	Moby	['downtempo', 'electronica']	[2018]	2	2
4cPHsZM98sKzmV26wlwD2W	Brenda Lee	['adult standards', 'easy listening', 'lounge', 'rockabilly']	[2017, 2018, 2019, 2020, 2021]	2	0
3fUb97KMK2mirr4PQrYKVX	Vinzzent	['carnaval', 'levenslied']	[2018, 2019, 2020, 2021, 2022]	2	0
4SqTiwOEdYrNayaGMkc7ia	LÉON	['indie poptimism', 'metropopolis']	[2017, 2018, 2019]	2	0
3XonXgjEAAXVl0WKLF1Z4g	Sidney Samson	['dutch house', 'electro house', 'melbourne bounce', 'progressive electro house']	[2018]	2	2
0YWxKQj2Go9CGHCp77UOyy	Fabolous	['gangster rap', 'hip hop', 'pop rap', 'rap', 'trap', 'urban contemporary']	[2018, 2020]	2	2
7MFJyevu6jq0shwDuVLymu	Justin Mylo	['dutch house', 'electro house', 'pop dance', 'pop edm', 'progressive electro house']	[2018, 2020]	2	2
59wfkuBoNyhDMQGCljbUbA	Diddy	['dance pop', 'east coast hip hop', 'hip hop', 'hip pop', 'pop rap', 'rap']	[2018, 2020]	2	2
14mErTJ0ubFVjx2zBAwjkE	Brandyn Burnette	[]	[2017, 2018]	2	0
35S20clEkkSNUo23ViaslZ	Band Aid	['musical advocacy']	[2017, 2018, 2019, 2020, 2021]	2	0
5ChF3i92IPZHduM7jN3dpg	Nicky Romero	['big room', 'dutch edm', 'dutch house', 'edm', 'electro house', 'pop dance', 'progressive electro house']	[2018, 2020]	2	2
3ECsaSd1fom8coUUkkFzqt	Jeon	['ritmo kombina']	[2018]	2	2
7gP3bB2nilZXLfPHJhMdvc	Foster The People	['indietronica', 'modern alternative rock', 'modern rock', 'rock']	[2017, 2018]	2	1
2o9hRZ3xI27UQpHT61A4Mm	Kojo Funds	['afroswing', 'grime', 'uk dancehall', 'uk hip hop']	[2018, 2020]	2	2
4gnrUR8Vc4nUDD4uot0jx2	Jboy	['dutch drill']	[2018]	2	2
0JXiS2FrAg3wQYJHcmZdrc	B. Swanson Quartet	[]	[2017, 2018, 2019, 2020, 2021]	2	2
0JOxt5QOwq0czoJxvSc5hS	GASHI	[]	[2018, 2020]	2	2
5Mq7iqCWBzofK39FBqblNc	Jessie Ware	['british soul', 'electropop', 'neo soul', 'pop soul', 'uk pop']	[2017, 2018, 2019]	2	0
1V3VTM7VspiQjcmRhC010n	Quintino	['dutch edm', 'dutch house', 'edm', 'electro house', 'pop dance', 'progressive electro house', 'slap house']	[2017, 2018]	2	2
2wIVse2owClT7go1WT98tk	Missy Elliott	['dance pop', 'hip hop', 'hip pop', 'neo soul', 'pop rap', 'r&b', 'rap', 'urban contemporary', 'virginia hip hop']	[2018, 2020]	2	2
1OFra6RZi6tAQLx4nqvz8q	Rabby Racks	['dutch hip hop', 'dutch rap pop']	[2017, 2018]	2	2
4OBJLual30L7gRl5UkeRcT	T.I.	['atl hip hop', 'dirty south rap', 'gangster rap', 'hip hop', 'pop rap', 'rap', 'southern hip hop', 'trap']	[2018, 2021]	2	2
7pryKhNYemTWyd5gtHL1yf	Stepherd	['dutch hip hop']	[2018, 2019]	2	2
5deoijipwIdBiA27rEj14E	Josh Cumbee	[]	[2017, 2018, 2019]	2	2
2WzaAvm2bBCf4pEhyuDgCY	Ruth B.	['alt z', 'canadian contemporary r&b', 'canadian pop', 'pop']	[2017, 2018, 2019, 2020, 2021, 2022]	2	0
1jhdZdzOd4TJLAHqQdkUND	Jamie Lawson	['devon indie', 'indie anthem-folk']	[2017, 2018, 2019, 2020]	2	0
1yYBD4cVxCxXQXi4QGZfSo	Kav Verhouzer	['deep tropical house']	[2017, 2018, 2019]	2	2
4fXrEwvnylZFaWImwhkiMj	Dj Punish	[]	[2018]	2	2
3EiLUeyEcA6fbRPSHkG5kb	De La Ghetto	['reggaeton', 'reggaeton flow', 'trap latino', 'urbano latino']	[2018, 2020]	2	2
0TkqXdyWLsssJH7okthMPQ	Jay Electronica	['alternative hip hop', 'conscious hip hop', 'drumless hip hop', 'hip hop', 'psychedelic hip hop']	[2018]	2	2
4N8BwYTEC6XqykGvXXlmfv	George Benson	['jazz funk', 'jazz guitar', 'smooth jazz', 'soul jazz', 'yacht rock']	[2018]	2	2
7hssUdpvtY5oiARaUDgFZ3	Ina Wroldsen	['norwegian pop']	[2017, 2018]	2	2
5wUm5dmOSmUE7349HnN9is	DJ D-Train	['dutch drill']	[2018]	2	2
77AiFEVeAVj2ORpC85QVJs	Steve Aoki	['edm', 'electro house', 'pop dance']	[2017, 2018]	2	2
77ehFS1P2bU6Bfcs1qu6Jd	Regi	['belgian dance', 'belgian edm']	[2018]	2	2
3IpvVrP3VLhruTmnququq7	Mike Williams	['big room', 'dutch house', 'edm', 'electro house', 'future house', 'pop dance', 'progressive electro house']	[2018, 2021]	2	2
2U3FuHYvL3vhkbDAXm24Ep	Dan Caplen	['neo soul', 'uk contemporary r&b']	[2018, 2019]	2	2
6TV0LZ3BaEun0OQEh96elP	Jordan Smith	['deep talent show', 'idol']	[2017, 2018, 2019]	2	0
2vUCVkeZjzDcaoX4gagHdV	Julian Jordan	['dutch edm', 'dutch house', 'edm', 'electro house', 'pop dance', 'progressive electro house', 'progressive house']	[2018, 2021]	2	2
6x2LnllRG5uGarZMsD4iO8	Thomas Rhett	['contemporary country', 'country', 'country road', 'modern country rock']	[2017, 2018, 2019]	2	0
7JpwpdfiNgDmnmQYCETrIH	DJ Jerome	[]	[2017, 2018, 2020, 2021]	2	2
23wEWD21D4TPYiJugoXmYb	Thalia	['latin pop', 'mexican pop']	[2017, 2018, 2019, 2020, 2021]	2	2
3rRYsUdlQYCdUp2l0ReFZs	Bano	[]	[2018, 2019]	2	0
68kEuyFKyqrdQQLLsmiatm	Vince Staples	['conscious hip hop', 'hip hop', 'rap', 'underground hip hop']	[2017, 2018]	2	2
5spLlQY0WWMHkhJRkNAEOi	Djahboy	[]	[2018, 2021]	2	2
0awl5piYwO0CDTHEkCjUhn	Nico & Vinz	[]	[2017, 2018]	2	1
0AKfGRIDWDiLB8EHORfP8J	Scarface	['antilliaanse rap', 'dutch hip hop']	[2018, 2019]	2	2
4Z4afeDmHFxPmJorIwupbZ	Netta	['israeli pop']	[2018]	2	0
7fmcLXdUj5tVr806b7Uzt3	7liwa	['arabic hip hop', 'rap maroc']	[2018, 2019]	2	2
3jBNLmJDEBWEoidTT7l1Jn	Nick & Simon	['dutch pop', 'dutch rock', 'kermis']	[2018, 2020]	2	1
7HVtSgsv5Ye0Y6ntC97jbW	RUGGED	[]	[2018, 2019]	2	2
0uGk2czvcpWQA383Im6ajf	Maggie Lindemann	['alt z', 'dark pop', 'pop']	[2017, 2018]	2	2
0CEK8AzyeD5ZUdUloB6yQV	CADE	['pop edm']	[2017, 2018]	2	2
2cADQgiLMjNhbsfeN52Bf3	Swizz Beatz	['battle rap', 'dirty south rap', 'southern hip hop', 'trap']	[2018, 2020]	2	2
4U9nsRTH2mr9L4UXEWqG5e	Bente	['dutch pop']	[2017, 2018, 2021, 2022]	2	1
7jEEE187pVG6InOxn03oA5	Benjamin Ingrosso	['swedish pop']	[2018, 2021]	2	1
23mbvDIZJjSK4y4KhwlnHi	Mick Spek	['dutch hip hop']	[2018, 2019]	2	2
1LZEQNv7sE11VDY3SdxQeN	Bee Gees	['disco', 'mellow gold', 'soft rock']	[2017, 2018]	2	0
7K78lVZ8XzkjfRSI7570FF	José Feliciano	['latin pop', 'puerto rican pop']	[2017, 2018, 2019, 2020, 2021]	2	0
5iuXjsXsTXs8lwmqzsF6dZ	Waylon	['dutch americana', 'dutch pop', 'dutch rock']	[2018]	2	0
2PCUhxD40qlMqsKHjTZD2e	Parachute	['acoustic pop', 'charlottesville indie', 'neo mellow', 'neon pop punk', 'pop rock', 'viral pop']	[2017, 2018]	2	0
7EK1bQADBoqbYXnT4Cqv9w	John Denver	['classic country pop', 'folk', 'folk rock', 'mellow gold', 'singer-songwriter', 'soft rock']	[2017, 2018, 2020, 2021]	2	0
5veVxxPm1vzgi6pO2iVA8L	Bruno Martini	['pop nacional']	[2017, 2018]	2	2
5aGfasfrnULFuSZ3ElXkHb	Nona	['dutch pop']	[2018, 2019, 2020, 2021]	2	0
3EWxytcxaM0tksU6v3je2Q	kiLL edward	[]	[2018]	2	2
3rIZMv9rysU7JkLzEaC5Jp	Snow Patrol	['irish rock', 'modern rock', 'neo mellow', 'permanent wave', 'pop rock']	[2017, 2018]	2	0
3eqjTLE0HfPfh78zjh6TqT	Bruce Springsteen	['heartland rock', 'mellow gold', 'permanent wave', 'rock', 'singer-songwriter']	[2017, 2018, 2019, 2020, 2021]	2	0
5zViDsu1QEY5DZ4QefVjjD	Zware Jongens	['carnaval', 'levenslied']	[2018, 2021]	2	0
2uM40Budgpqii5vjKUnldc	Flow de Wolf	[]	[2018]	2	2
2P5sC9cVZDToPxyomzF1UH	Joey Bada$$	['conscious hip hop', 'hip hop', 'rap']	[2017, 2018]	2	2
1bZDq4po4dMIpN74Zendm0	Janieck	['dutch pop']	[2018, 2019, 2020]	2	1
5H1nN1SzW0qNeUEZvuXjAj	Danny Ocean	['pop venezolano', 'reggaeton', 'trap latino', 'urbano latino']	[2017, 2018]	2	0
1hAc89sWTJfQqwkq9NPCq9	Het Sinterklaas Meezingboek	['christmas product', 'muziek voor kinderen']	[2018]	2	2
3BAbtGcpq9F6a7TJyw9krT	D-Rashid	['dutch house']	[2018]	2	2
7bNqXqIrIfwJnipx7oGeU4	Sevenn	['brazilian edm']	[2018]	2	2
5BcAKTbp20cv7tC5VqPFoC	Macklemore & Ryan Lewis	['pop rap', 'seattle hip hop']	[2017, 2018, 2019, 2020, 2021, 2022]	2	2
4myTppRgh0rojLxx8RycOp	Ryan Lewis	['pop rap']	[2017, 2018, 2019, 2020, 2021, 2022]	2	2
4e0nWw2r4BoQSKPQ2zpU13	Ray Dalton	[]	[2017, 2018, 2019, 2020, 2021, 2022]	2	2
2gsggkzM5R49q6jpPvazou	Jessie J	['dance pop', 'pop']	[2017, 2018, 2019, 2020]	2	0
21LGsW7bziR4Ledx7WZ1Wf	Johnny Mathis	['adult standards', 'easy listening']	[2017, 2018]	2	2
0XHM5ZNJDU8e4CfbWMeSzC	Roo Panes	['british singer-songwriter', 'indie anthem-folk', 'indie folk', 'stomp and holler']	[2017, 2018]	2	0
5VL1Dsii72aph9qChrkuJC	Skiezo	['dutch hip hop']	[2018, 2019]	2	2
4sj6D0zlMOl25nprDJBiU9	Andy Williams	['adult standards', 'easy listening']	[2017, 2018, 2019, 2020, 2021]	2	0
4phGZZrJZRo4ElhRtViYdl	Jason Mraz	['acoustic pop', 'dance pop', 'neo mellow', 'pop']	[2017, 2018, 2019]	2	0
4x1nvY2FN8jxqAFA0DA02H	John Lennon	['beatlesque', 'classic rock', 'rock']	[2017, 2018, 2019, 2020, 2021]	2	2
2s4tjL6W3qrblOe0raIzwJ	Yoko Ono	['experimental', 'experimental pop']	[2017, 2018, 2019, 2020, 2021]	2	2
23zg3TcAtWQy7J6upgbUnj	Usher	['atl hip hop', 'contemporary r&b', 'dance pop', 'pop', 'r&b', 'rap', 'south carolina hip hop', 'urban contemporary']	[2018, 2019, 2020, 2021]	2	2
67MNhiAICFY6Pwc2YxCO0K	Elley Duhé	['alt z']	[2018, 2019, 2022]	2	1
492hDmhPyuIjP3MgTcIqgm	Caro Emerald	['dutch pop', 'electro swing']	[2017, 2018]	2	2
7JYdpWAsiqzrmMB3qxkEbI	Metropole Orkest	['baithak gana', 'dutch jazz']	[2017, 2018]	2	2
3gk0OYeLFWYupGFRHqLSR7	Showtek	['classic hardstyle', 'dutch house', 'edm', 'electro house', 'euphoric hardstyle', 'pop dance', 'progressive electro house']	[2017, 2018]	2	2
1dBKe7HabNnrGm5qJjHEzO	Cháyenne	[]	[2018, 2019]	2	2
3EOEK57CV77D4ovYVcmiyt	Dennis Lloyd	['israeli pop']	[2018, 2019, 2021, 2022]	2	1
4iaTgZRy5aVnImDyRJn61n	James Newman	[]	[2018, 2021]	2	1
3Vs39oZR2skLu0rj2pHo3r	lucass	[]	[2018]	2	2
3cqIsBnzV3BabbPWKz8Txf	Mud	['glam rock']	[2017, 2018, 2019, 2020, 2021]	2	0
7CjnYXSrc2CkcgptzVsxDm	Jim van der Zee	['dutch singer-songwriter']	[2018]	2	0
293zczrfYafIItmnmM3coR	Chuck Berry	['blues', 'blues rock', 'classic rock', 'rock', 'rock-and-roll', 'rockabilly', 'soul']	[2017, 2018, 2019, 2020, 2021]	2	0
1aeGU82zQacdkJrztnB7yF	Drummakid	[]	[2018]	2	2
6Ff53KvcvAj5U7Z1vojB5o	*NSYNC	['boy band', 'dance pop', 'pop']	[2017, 2018, 2019, 2020, 2021]	2	0
3ydwrOmRBy5TtHpTDaauOQ	Jack and the Weatherman	['dutch pop']	[2017, 2018, 2019, 2020, 2021]	2	0
0C1qkv78R9GMPtSUt0rZb2	Sevirio	[]	[2017, 2018]	2	2
7APavhkAeI6Zae9kQWFtww	Abigail Johnson	[]	[2018, 2019]	2	2
0EzrGrgoaRfFelIQgRBIt7	Octave Lissner	[]	[2017, 2018, 2019, 2020, 2021]	2	0
6nB0iY1cjSY1KyhYyuIIKH	FKA twigs	['afrofuturism', 'alternative r&b', 'art pop', 'escape room', 'experimental r&b', 'trip hop']	[2018, 2020]	2	2
7GaxyUddsPok8BuhxN6OUW	James Brown	['funk', 'soul']	[2017, 2018, 2020]	2	0
1Ml4OuStDoympbREURAM15	The Fontane Sisters	['deep adult standards', 'vocal harmony group']	[2017, 2018, 2019, 2020, 2021]	2	2
0HS96tPggl2nwiz3gNWWI5	Mitchell Ayres & His Orchestra	"[""man's orchestra""]"	[2017, 2018, 2019, 2020, 2021]	2	2
54R6Y0I7jGUCveDTtI21nb	Boney M.	['europop']	[2017, 2018, 2019, 2020, 2021, 2022]	2	1
3FUY2gzHeIiaesXtOAdB7A	Train	['dance pop', 'neo mellow', 'pop', 'pop rock']	[2017, 2018, 2019, 2020, 2021]	2	0
4m6VmvHDXWmVdIw6EJGQ86	Frances	['indie anthem-folk', 'neo-singer-songwriter']	[2017, 2018, 2019]	2	0
6FGZPlL2dhssxgQlpb7I7W	Diaz & Bruno	['basshall', 'dutch rap pop']	[2017, 2019]	2	2
1GWpddfwL9bVovOzCtNQN6	Roxeanne Hazes	['dutch pop']	[2019, 2020]	2	1
77ziqFxp5gaInVrF2lj4ht	Sech	['panamanian pop', 'reggaeton', 'trap latino', 'urbano latino']	[2019, 2021]	2	2
1tC6NRB6c1mVgV4xrqrOgy	Gianski	['dutch rap pop']	[2019, 2021]	2	2
142TY556WknD1ZRV8XilJQ	Joe Janiak	[]	[2019]	2	2
7i9j813KFoSBMldGqlh2Z1	Riton	['house', 'pop dance', 'uk dance']	[2019, 2020, 2021, 2022]	2	2
5nki7yRhxgM509M5ADlN1p	Oliver Heldens	['dutch house', 'edm', 'electro house', 'future house', 'house', 'pop dance', 'progressive electro house', 'progressive house']	[2017, 2019, 2020]	2	1
6kqRxRkxCNCG4COBkwx56g	Lesje	[]	[2019, 2020]	2	2
6USMTwO0MNDnKte5a5h0xx	Y2K	['pop rap', 'viral rap']	[2019, 2020]	2	2
2QsynagSdAqZj3U9HgDzjD	Bob Marley & The Wailers	['reggae', 'roots reggae']	[2017, 2019, 2020, 2021]	2	0
6Uk3Zz2HjBpOYQOgyzmnNS	Nijo	['dutch hip hop']	[2017, 2019]	2	2
0S19RorEJ6KAg48DNRDGrV	Tellem	[]	[2019, 2020]	2	2
6HQ6vf4AloXyVNdyJhrX1J	GAMPER & DADONI	['deep tropical house', 'german dance', 'tropical house']	[2019, 2021]	2	2
3Y7RZ31TRPVadSFVy1o8os	H.E.R.	['r&b', 'rap']	[2019, 2021]	2	2
5zEUGwAdlfTQqKplCJJuua	Jeroen Van Der Boom	['dutch pop', 'dutch rock']	[2019, 2020]	2	0
1igVsxmGxt1VTKPulM0EuA	Jungleboi	[]	[2019, 2020]	2	2
2ZNTJ9Bu9QMJwBboMSpQgJ	Floor Jansen	['hel']	[2019]	2	2
74KM79TiuVKeVCqs8QtB0B	Sabrina Carpenter	['pop']	[2019, 2021]	2	1
1EZhPZUiU6c52gOAZLIcR2	Dylisa	['dutch rap pop']	[2019, 2020]	2	0
4UXqAaa6dQYAk18Lv7PEgX	Fall Out Boy	['emo', 'modern rock', 'pop', 'pop punk', 'rock']	[2019]	2	2
1WsYCXdezMjn0KoIrLvMmC	Ed Sheeran & Justin Bieber	[]	[2019, 2020, 2021]	2	2
5r3fI2q1YU3QyVP7oncOQ9	The Plug	['uk hip hop']	[2019, 2021]	2	2
08GQAI4eElDnROBrJRGE0X	Fleetwood Mac	['album rock', 'classic rock', 'rock', 'soft rock', 'yacht rock']	[2019, 2020, 2021, 2022]	2	0
21E3waRsmPlU7jZsS13rcj	Ne-Yo	['dance pop', 'pop', 'r&b', 'urban contemporary']	[2019, 2021]	2	2
6Lison90Nuv6paiGTrTqRl	Rich Kalashh	['antilliaanse rap', 'ritmo kombina']	[2019, 2021]	2	2
0x3PXj1WnuW7YsBxQK57xM	Ruben	['norwegian pop']	[2019, 2020]	2	1
3SYnDj7btg9gFY7ps8m5d5	RANI	['dutch pop']	[2019, 2020]	2	2
217j97zjNxym24pro7QJxM	Bryce	['dutch drill']	[2019]	2	0
6LnJKrtFnTEGdbWQ2riWCL	Ezhel	['turkish hip hop', 'turkish trap']	[2019, 2020]	2	2
60df5JBRRPcnSpsIMxxwQm	Otis Redding	['classic soul', 'memphis soul', 'soul', 'soul blues', 'southern soul', 'vocal jazz']	[2019, 2020, 2021]	2	0
27jSPkCZ3t64t52TwqNoYT	RiCh	['antilliaanse rap', 'dutch trap']	[2017, 2019]	2	2
028lPW2NdWHdSPCkRkcyhd	Ant Clemons	[]	[2019]	2	2
3SvtTg5cUQ4XDX3AP4c6Tv	Delivio Reavon	[]	[2017, 2019]	2	2
5aP2E8K4LY86fUERVzZlnX	Garibay	[]	[2017, 2019]	2	2
0gP5wSp6he2gUcPa5gunV8	Mell & Vintage Future	['dutch pop', 'dutch r&b']	[2019, 2020]	2	0
0VF99ihK36GXSlQs0mzL0S	Tice	[]	[2019, 2020]	2	2
491U1PrV1EoQuhM0aUCn9r	M Huncho	['uk hip hop']	[2019, 2020]	2	2
119M7XQ8yohqLeHrIik6vi	Henk Poort	[]	[2019]	2	2
7uaIm6Pw7xplS8Dy06V6pT	Trevor Daniel	['melodic rap']	[2019, 2020]	2	0
6eSYjiVkHcfFiHz8tBlSOz	Saffeh	['dutch rap pop']	[2019]	2	2
4ZhFCxPekpmV12n2xMeF2z	Ink	[]	[2019]	2	2
4jpsw9CQS439N0B7SecMgf	Ant Saunders	['chill r&b', 'viral rap']	[2019, 2020]	2	0
4k1ELeJKT1ISyDv8JivPpB	The Prodigy	['big beat', 'breakbeat', 'dance rock', 'hardcore techno', 'rave']	[2019]	2	0
6tbjWDEIzxoDsBA1FuhfPW	Madonna	['dance pop', 'pop']	[2019, 2020]	2	2
4AD3pq7Rxp3tKxr0yGp0DS	Ayden	['dutch r&b']	[2019, 2020]	2	2
3GxCjxM4YUabJgybJq06XT	Lange Frans & Baas B	['dutch hip hop']	[2019]	2	2
5NGO30tJxFlKixkPSgXcFE	The Police	['album rock', 'classic rock', 'permanent wave', 'rock']	[2017, 2019, 2021]	2	0
1IwfNeww1PWZVOM3yg6o10	Jonna Fraser	[]	[2019, 2020]	2	2
06nvjg4wBANK6DCHjqtPNd	Mahmood	['italian adult pop', 'italian pop']	[2019, 2022]	2	1
3Ij56hbjOTHq8RgutQwfxC	Radical Redemption	['classic hardstyle', 'rawstyle']	[2019, 2021]	2	0
7sQECgfT3RtfL0RZWK63Wg	Do	['dutch pop', 'dutch rock']	[2019, 2020, 2021]	2	2
5sXROBdCYLZ26gvHtpj4gd	Flashy	[]	[2019, 2021]	2	2
5kSZCNGitlAbOo7uxeabB5	Blacka	['belgian hip hop']	[2019, 2020]	2	2
22JdJVovP3pV9XkGTih01c	Game of Thrones	[]	[2019]	2	2
6sCttVBqXoWYIXC1w6IsU1	Ta Joela	[]	[2019, 2021]	2	1
0TImkz4nPqjegtVSMZnMRq	TLC	['atl hip hop', 'contemporary r&b', 'dance pop', 'girl group', 'hip pop', 'r&b', 'urban contemporary']	[2019, 2020, 2021]	2	0
16oZKvXb6WkQlVAjwo2Wbg	The Lumineers	['folk-pop', 'modern rock', 'neo mellow', 'stomp and holler']	[2017, 2019]	2	0
00TKPo9MxwZ0j4ooveIxWZ	Loote	['alt z', 'nyc pop']	[2017, 2019]	2	2
3B4UCLYCwiQTr6bmtpGnIa	Justice Toch	['dutch hip hop', 'dutch rap pop']	[2017, 2019]	2	2
6tE3YSDrBq015UZTxh9Zki	Haris	[]	[2019, 2020]	2	2
4tX2TplrkIP4v05BNC903e	Tom Petty and the Heartbreakers	['album rock', 'classic rock', 'hard rock', 'heartland rock', 'mellow gold', 'rock', 'singer-songwriter', 'soft rock']	[2017]	2	0
6d47Z08T4snK50HgTEHo5Z	Sage The Gemini	['hyphy', 'pop rap', 'southern hip hop', 'trap']	[2017]	2	0
6UeUHpQSkLnBJYtKF2EbKb	Joyba	[]	[2017]	2	2
71WExccCBN2mw0klSzfYzz	Gia Koka	[]	[2017, 2020]	2	2
50JJSqHUf2RQ9xsHs0KMHg	Jon Bellion	['indie pop rap']	[2017]	2	1
3koiLjNrgRTNbOwViDipeA	Marvin Gaye	['classic soul', 'motown', 'neo soul', 'northern soul', 'quiet storm', 'soul']	[2017]	2	1
0wsgCjwVTvQdGAI5YfJiAT	Slimm	['dutch hip hop']	[2017]	2	2
3EW0kQ1skZiK1NHg3Spt9J	Takeoff	['atl hip hop', 'rap', 'trap']	[2017, 2021]	2	2
0q4NrXqJnc367PieejuROJ	Vice	['chicano rap']	[2017]	2	2
62DmErcU7dqZbJaDqwsqzR	Popcaan	['dancehall', 'jamaican hip hop', 'reggae fusion', 'traphall']	[2017]	2	2
21451j1KhjAiaYKflxBjr1	Zion & Lennox	['reggaeton', 'urbano latino']	[2017, 2020]	2	2
0ZrpamOxcZybMHGg1AYtHP	Robin Thicke	['dance pop', 'neo soul', 'pop rap', 'r&b', 'urban contemporary']	[2017, 2021]	2	1
7keGfmQR4X5w0two1xKZ7d	Kungs	['edm', 'pop dance']	[2017, 2021, 2022]	2	1
0cmWgDlu9CwTgxPhf403hb	Bonobo	['downtempo', 'electronica', 'indietronica', 'instrumental hip hop', 'jazztronica', 'nu jazz', 'trip hop']	[2017]	2	1
0QHed4AjWDRonljqAa92EF	Matthy	[]	[2017, 2020]	2	1
0v2Y5jwtcv8LiWNTRls1KM	Ester Dean	[]	[2017]	2	2
374sWpAJsbZckf98df2jJJ	Fuse ODG	['afrobeats', 'azonto']	[2017]	2	2
0NGAZxHanS9e0iNHpR8f2W	Alok	['electro house', 'pop nacional', 'sertanejo universitario', 'slap house']	[2017, 2022]	2	2
6V3F8MZrOKdT9fU686ybE9	Mark Morrison	['british soul']	[2017, 2021]	2	2
6m9HyOTTtMQ8fFrLeJyuNV	B-Brave	['dutch pop']	[2017, 2021]	2	2
7gAppWoH7pcYmphCVTXkzs	The Vamps	['boy band', 'pop']	[2017]	2	2
4YXycRbyyAE0wozTk7QMEq	Matoma	['pop dance', 'tropical house']	[2017]	2	2
4VZY0nxYMSNotbS7WjNVQy	Nyla	[]	[2017]	2	2
3HkALpr3ln6WmymYiD7WKW	Gimmz	[]	[2017]	2	2
6AiABQVLpWNCWDhBmYbRqG	Fresh Coast	[]	[2017]	2	2
7oKJmnPaABXLPkw3gT7rIa	Jody Bernal	[]	[2017]	2	2
787bCXOIvGeBw0Bc4kEjhD	Luke Christopher	['indie pop rap']	[2017]	2	0
5DKfH8yCVyfYdQz9Bwh7jo	Jandino	['latin viral pop']	[2017]	2	2
6b5YOgXIliAozdo49vUCJQ	Izzy Bizu	['british soul']	[2017]	2	1
5JoatGOLXYnVYfHA3WUfSI	Rob Dekay	['dutch pop']	[2017, 2021]	2	0
0KbxWTWxxOTbm3eiCAEYVV	Two Crooks	[]	[2017]	2	2
7KUri7klyLaIFXLcuuOMCd	Stargate	['norwegian pop']	[2017]	2	2
79QO0Xmn1dZhvaLicS2Yrs	The Night Game	['modern alternative rock']	[2017]	2	2
4ON1ruy5ijE7ZPQthbrkgI	Burak Yeter	['electro house']	[2017]	2	2
7Dz9goFmVZZqvJxZoKg7pF	Danelle Sandoval	['nyc pop']	[2017]	2	2
67nwj3Y5sZQLl72VNUHEYE	Wale	['pop rap', 'r&b', 'rap', 'southern hip hop', 'trap']	[2017, 2020]	2	2
3iN9k8uvm4WrgdlOigOH8D	Hook N Sling	['australian dance', 'progressive electro house']	[2017]	2	2
3tQx1LPXbsYjE9VwN1Peaa	Marc E. Bassy	['indie pop rap']	[2017]	2	2
2KsP6tYLJlTBvSUxnwlVWa	Mike Posner	['dance pop', 'pop', 'pop rap']	[2017]	2	2
6RHKEd9dpzQ4c09x8Zdaxu	Clara Mae	['alt z', 'swedish pop']	[2017]	2	2
3nQ59hkeciYoR6RreQL4Rv	Darren Criss	['wrock']	[2017, 2020, 2021]	2	2
02A3cEvlLLCbIMVDrK2GHV	Starley	['aussietronica']	[2017]	2	2
33JQK4UoS2aMPYBfdB5Ftt	Ryan Riback	['melbourne bounce']	[2017]	2	2
3E4OJ0ZqhQJti8OiSxfxUN	Zondag Met Lubach	[]	[2017, 2020]	2	1
5xYkzaXdWgACWtHIsCvfx2	Chillouh	[]	[2017, 2020]	2	2
55RKbZHb1yAXuvEHTIyaxJ	Rochelle	['dutch r&b']	[2017]	2	1
0FTrIsp2Mg7Bkf8eXQrISa	PHresher	['nyc rap']	[2017]	2	2
3c55dzx6W0ZFs0frtEgIsm	Sunstroke Project	['moldovan pop']	[2017]	2	0
5DfAmTDpY9atls7sejWX5x	Darryl	['dutch hip hop']	[2017]	2	2
74LL8Gmgn7Agh3YF1h3aBD	101Barz	[]	[2017]	2	2
3S0tlB4fE7ChxI2pWz8Xip	Giggs	['grime', 'london rap', 'uk hip hop']	[2017]	2	2
6DwzHek5dCcuLoa9HGotoG	Rico	[]	[2017]	2	2
5H6xmHXjsq98NLbEjuE29f	NEIKED	['scandipop']	[2017, 2021, 2022]	2	2
2CvCyf1gEVhI0mX6aFXmVI	Paul Simon	['classic rock', 'folk', 'folk rock', 'mellow gold', 'permanent wave', 'rock', 'singer-songwriter', 'soft rock']	[2017]	2	0
34v5MVKeQnIo0CWYMbbrPf	John Newman	['dance pop']	[2017, 2021]	2	2
4pADjHPWyrlAF0FA7joK2H	Jay Sean	['dance pop', 'pop', 'pop rap']	[2017]	2	1
3KV3p5EY4AvKxOlhGHORLg	Jeremih	['chicago rap', 'pop rap', 'r&b', 'southern hip hop', 'trap', 'urban contemporary']	[2017]	2	2
6c4sUNBgdonFJz8Kx2VsGz	Madcon	['norwegian hip hop']	[2017, 2021]	2	0
4dWykE6p7FVtaFiUUYlPAy	Def Major	['dutch hip hop']	[2017]	2	2
4hj9dun9KpnBukLv7Hgfkr	RONDÉ	['dutch indie', 'dutch pop']	[2017, 2021, 2022]	2	0
6Dd3NScHWwnW6obMFbl1BH	Daya	['pop']	[2017]	2	1
4X8QFzZ1HqwPfwDfyjtwXC	Mel Tormé	['adult standards', 'easy listening', 'lounge', 'swing', 'vocal jazz']	[2017, 2021]	2	0
5fg02ZNJViLdPyxJnRdcsi	Zoë Tauran	[]	[2017, 2021]	2	2
3XxxEq6BREC57nCWXbQZ7o	Jamie Cullum	['contemporary vocal jazz', 'jazz pop', 'neo mellow']	[2017, 2020, 2021]	2	1
51XrH5fQP2oIQynuKxSWcW	Sky Rompiendo	['urbano latino']	[2017, 2020]	2	2
4fwqMEjaDoOZXWFpZAFwXf	Woody	[]	[2021, 2022]	2	1
3GxKJzJK4LpsYGXQrw77wz	Mimi Webb	['alt z', 'gen z singer-songwriter', 'uk pop']	[2021, 2022]	2	0
4oLeXFyACqeem2VImYeBFe	Fred again..	['edm', 'house', 'stutter house']	[2021, 2022]	2	2
6n28c9qs9hNGriNa72b26u	PNAU	['alternative dance', 'aussietronica', 'australian dance', 'australian electropop']	[2021, 2022]	2	2
5PYToRCsrnvikZg3yl2JMr	Stephanie Beatriz	['hollywood', 'movie tunes']	[2021, 2022]	2	2
3xLU748QxpTmIVaiNXXg0P	Encanto - Cast	['movie tunes']	[2021, 2022]	2	2
2VSHKHBTiXWplO8lxcnUC9	GAYLE	['modern alternative pop']	[2021, 2022]	2	0
46pWGuE3dSwY3bMMXGBvVS	Rema	['afrobeats', 'nigerian pop']	[2021, 2022]	2	0
0wrXBaqXLjMAraipqAbPVY	Avedon	[]	[2021, 2022]	2	2
5ENS85nZShljwNgg4wFD7D	Gabry Ponte	['eurodance', 'italo dance', 'slap house']	[2021, 2022]	2	2
52kkq3LdnSafdKRWjNqKBw	Rotjoch	['dutch hip hop']	[2022]	2	2
0L8ExT028jH3ddEcZwqJJ5	Red Hot Chili Peppers	['alternative rock', 'funk metal', 'funk rock', 'permanent wave', 'rock']	[2022]	2	0
6mzs66iVW15C5iLt0JLt41	ILIRA	['albanian pop']	[2020, 2022]	2	2
6QrQ7OrISRYIfS5mtacaw2	Jaymes Young	['indie poptimism']	[2020, 2021, 2022]	2	0
7iTLGcddv1bOPirdYJjKVy	Dj Yo!	[]	[2021, 2022]	2	2
5fUXK5m3BNwoRgTyKq8tnz	AX'EL	[]	[2021, 2022]	2	2
1Z25ZlGHqqlr3o1UGQOfNn	JNR CHOI	['gambian hip hop']	[2021, 2022]	2	1
3HplK5nx2MVxmtMReCJkEL	Trustt	[]	[2021, 2022]	2	1
4vdAAzZBUKbsrvHi6UR7B7	Jessica Darrow	['movie tunes']	[2022]	2	0
1eZrOVQ8ady3sDTNdG9E4D	K3	['belgian pop', 'vlaamse kinderliedje']	[2021, 2022]	2	0
2yLzlEFtIS0Q9UkyBZdQA7	Jessie Murph	['alt z', 'singer-songwriter pop']	[2021, 2022]	2	0
7uMh23xWiuR7zsNkuNcm2G	MNEK	['house', 'pop dance', 'uk contemporary r&b', 'uk dance', 'uk pop']	[2020, 2021, 2022]	2	2
3Anj5rCWtYTgRvV7pdq6GE	SERA	[]	[2021, 2022]	2	0
5AiY4bxeXerLXx03JADdQv	Buni	['uk drill']	[2021, 2022]	2	2
3XINWZaloea97SIRiyTJxX	DubVision	['big room', 'dutch house', 'edm', 'electro house', 'pop dance', 'progressive electro house', 'progressive house']	[2021, 2022]	2	2
79AyR6ATpj2LTPxfb6FX50	Lauren Spencer Smith	['alt z', 'gen z singer-songwriter']	[2022]	2	0
3zGV7t4BDmYZBLVA24487b	Pommelien Thijs	[]	[2020, 2021, 2022]	2	2
6DPYiyq5kWVQS4RGwxzPC7	Dr. Dre	['g funk', 'gangster rap', 'hip hop', 'rap', 'west coast rap']	[2022]	2	2
7dnB1wSxbYa8CejeVg98hz	Meat Loaf	['album rock']	[2022]	2	0
6olE6TJLqED3rqDCT0FyPh	Nirvana	['grunge', 'permanent wave', 'rock']	[2020, 2021, 2022]	2	0
3L4wiBOSDLkJ18OISXZDA8	Barbara Pravi	['french pop', 'nouvelle chanson francaise']	[2021, 2022]	2	0
3kfX8UOxjmAxIgxtPov6eH	Rene Schuurmans	['levenslied']	[2021, 2022]	2	0
75VKfyoBlkmrJFDqo1o2VY	Fireboy DML	['afrobeats', 'nigerian pop']	[2021, 2022]	2	2
1w5Kfo2jwwIPruYS2UWh56	Pearl Jam	['alternative metal', 'alternative rock', 'classic rock', 'grunge', 'permanent wave', 'rock']	[2020, 2021, 2022]	2	0
77SW9BnxLY8rJ0RciFqkHh	The Neighbourhood	['modern alternative rock', 'modern rock', 'pop', 'pov: indie']	[2020, 2021, 2022]	2	0
4qWnlmXWuGv2TtuxtIWlJX	BANNERS	['indie poptimism']	[2020, 2021, 2022]	2	0
1PKErrAhYFdfrDymGHRQRo	Nathan Evans	[]	[2021, 2022]	2	1
6U3ybJ9UHNKEdsH7ktGBZ7	JID	['hip hop', 'rap', 'underground hip hop']	[2021, 2022]	2	2
57nPqD7z62gDdq37US9XJR	Arcane	[]	[2021, 2022]	2	2
47mIJdHORyRerp4os813jD	League of Legends	['speedrun', 'video game music']	[2021, 2022]	2	2
7nDsS0l5ZAzMedVRKPP8F1	Ella Henderson	['dance pop', 'talent show', 'uk pop']	[2020, 2021, 2022]	2	2
0NbfKEOTQCcwd6o7wSDOHI	The Game	['gangster rap', 'hip hop', 'pop rap', 'rap', 'southern hip hop', 'trap']	[2020, 2022]	2	2
3jrZXTzqSuTBdfJeoSts1n	Anas	['r&b francais']	[2020, 2022]	2	2
2TcGJdSOiOvITBzhvfX8XB	Shouse	['aussietronica']	[2021, 2022]	2	1
33NVpKoXjItPwUJTMZIOiY	David Kushner	['gen z singer-songwriter']	[2022]	2	0
0l9QR9crgovNqP3wU3QtUP	Luan Bellinga	[]	[2020, 2021]	2	2
3Hb64DQZIhDCgyHKrzBXOL	Daði Freyr	['icelandic pop', 'sunnlensk tonlist']	[2021]	2	0
3tXUeiWOSod3mSQ2lOautf	Wes	['cameroonian pop']	[2020, 2021]	2	2
0KuF7reCTOZwV7YJnHQqgr	The Neptunes	[]	[2021]	2	2
5Wg2b4Mp42gicxEeDNawf7	A7S	['pop dance', 'scandipop', 'uk dance']	[2020, 2021]	2	2
24UwzhsMtaOjBOL6483Jr6	Pitstop Boys	[]	[2021]	2	0
2yqHVMUJy2Wxl7HVsp4Se5	remme	[]	[2020, 2021]	2	0
3HphLd0XiELTvIPYf55dYC	Dance Fruits Music	['lo-fi product']	[2021]	2	2
0U3b0BjITtQHwjwBVtiGcO	DMNDS	[]	[2021]	2	2
5I6WLC9Auo6aeTRHPQbdOv	Fallen Roses	['lo-fi latino']	[2021]	2	2
5QCGlnijOcNxsXXNzZkcWL	Lujavo	['mexican edm']	[2021]	2	2
7hdCH3dJ27WvUbo00gAMwE	Metejoor	['kleinkunst']	[2021]	2	2
5EmEZjq8eHEC6qFnT63Lza	Tinlicker	['progressive house']	[2021]	2	2
6dC41opH96WjFwWhhAxBsS	Helsloot	[]	[2021]	2	2
5L1lO4eRHmJ7a0Q6csE5cT	LISA	['k-pop']	[2021]	2	1
1QzPGHpQBgC1dw3K5l2VrN	AllesGelekt	[]	[2021]	2	1
4TgsxeFPNtkZ5lneq9AceU	Elena Tsagrinou	['greek pop']	[2021]	2	0
5YFcz84nSevOKWJUlZvHnU	Chladda	[]	[2021]	2	2
03d2mJXSMtuPI0nIvLnhoS	Zoe Wees	['german pop']	[2020, 2021]	2	1
31Ua7zSTJxegjyd49ujbSA	NSG	['afrobeats', 'afroswing', 'uk dancehall', 'uk hip hop']	[2021]	2	2
7HHVKYQo7uk2347GOmPoPD	Hans Teeuwen	['dutch cabaret']	[2021]	2	2
5czbzNZZfWpyFgZyfT3Mkk	SIDEPIECE	['edm', 'tech house']	[2020, 2021]	2	2
6vwz7HydONQujdnKzrsSUf	Koen	[]	[2020, 2021]	2	1
2o08sCWF5yyo2G4DCiT7T9	HVME	['slap house']	[2020, 2021]	2	1
6LArUyIoMiHmDvvOAsE2cd	Dream	['pixel', 'pov: indie']	[2021]	2	1
2NpPlwwDVYR5dIj0F31EcC	Leony	[]	[2020, 2021]	2	1
4Uc8Dsxct0oMqx0P6i60ea	Conan Gray	['bedroom pop', 'pop', 'pov: indie']	[2020, 2021]	2	0
0gAILSEru1PKMwP0tAqNLS	Willow Sage Hart	['show tunes']	[2021]	2	2
2TAqN8fwfaKauvviN4pOsv	JC Stewart	['uk pop']	[2020, 2021]	2	0
2jHp7gQArCQrlMvdrIVFCg	Anson Seabra	['alt z', 'gen z singer-songwriter']	[2020, 2021]	2	0
0anbJdkjXYmreS2hXmisVG	Kruzo	['nederlandse hardstyle']	[2021]	2	2
6WTbF37PMzLOtx9yllkyDq	Nour	[]	[2021]	2	2
3lC07j0oFDXJflpeAjo9eZ	BENR	['dutch pop']	[2021]	2	0
71jSVPQ6yskfyvWeiwvT5s	S1mba	['afroswing']	[2020, 2021]	2	2
09agIJMxCD2k87ys9Al0f0	VIZE	['german dance', 'slap house']	[2020, 2021]	2	2
0FOWNUFHPnMy0vOw1siGqi	Belly	['canadian hip hop', 'canadian trap']	[2021]	2	2
0GgY7hjMoGDsX8ZDe2mwds	Soolking	['french hip hop', 'pop urbaine', 'r&b francais', 'rap algerien']	[2020, 2021]	2	2
12iyh851ZpgQQ0iPIKefFJ	73 De Pijp	['dutch drill', 'dutch hip hop']	[2020, 2021]	2	2
21UPYSRWFKwtqvSAnFnSvS	Amaarae	['afro r&b', 'afrobeats', 'alternative r&b', 'ghanaian alternative', 'ghanaian pop']	[2021]	2	2
2hVWBpjLW4Q7fboYz2pVYK	Moliy	['ghanaian alternative']	[2021]	2	2
7MPGCB854Qo4alYMOPkBka	Ritt Momney	['bedroom pop']	[2020, 2021]	2	0
7nqlScm2smydSRl13eaP8E	Nea	['scandipop']	[2020, 2021]	2	1
49CE2ffZ6Z3zeYSDauSKck	Tungevaag	['big room', 'nordic house']	[2021]	2	2
6P5NO5hzJbuOqSdyPB7SJM	Ashe	['alt z']	[2020, 2021]	2	1
5JETTAtrcvmmrrGCYINb5i	Sleazy Stereo	['dutch moombahton']	[2021]	2	1
4b19vuzlDcNdU4quI7L6sW	ElyOtto	['hyperpop', 'weirdcore']	[2021]	2	0
4cfKtwkefMW3aiXtxfw8w6	Nomcebo Zikode	['afro soul', 'south african pop']	[2020, 2021]	2	2
6nVcHLIgY5pE2YCl8ubca1	Jhayco	['reggaeton', 'trap latino', 'urbano latino']	[2020, 2021]	2	2
6bh228LGC3eAzbplPWV02r	Declan J Donovan	['uk pop']	[2020, 2021]	2	0
0OIxmRMatwUCQi70K5xGDb	Boechi	['antilliaanse rap']	[2020, 2021]	2	2
2uvY5pgdD9t1CZ5zMNw1rl	Lucy Rose	['ambient folk', 'british singer-songwriter']	[2020, 2021]	2	2
3DvGSDNONfFBcGBlmHrWth	BerryR	[]	[2020, 2021]	2	2
3XcCT5MPlQPWFTJyzXbfuX	Maejor	['detroit hip hop', 'pop r&b']	[2020, 2021]	2	2
3QJUFtGBGL05vo0kCJZsmT	salem ilese	['alt z', 'modern indie pop']	[2020, 2021]	2	1
0wr85NuJuAYZsRzP1lJgiV	Wildstylez	['classic hardstyle', 'euphoric hardstyle']	[2020, 2021]	2	2
7D22FhEGzT4jxbjWryB63l	Niels Geusebroek	['dutch pop', 'dutch rock']	[2020, 2021]	2	2
45gHcnDnMC15sgx3VL7ROG	42 Dugg	['detroit trap', 'trap']	[2021]	2	2
5V2zReaoPvB7EsZ4160uLG	Gerard Joling	['dutch pop', 'kermis', 'levenslied']	[2020, 2021]	2	2
1XynjLPAyPi8SZAx8LHN0Z	Nuka	[]	[2020, 2021]	2	2
1s3i7nR3SaBR77Oia1kbfW	Party Piet Pablo	['muziek voor kinderen']	[2020, 2021]	2	0
4eYnorQRhVHT2KBl2UyHHd	Vegedream	['french hip hop', 'pop urbaine', 'r&b francais']	[2020, 2021]	2	1
7I72FghxoyKD5eV2VvyBFS	Bandoo	['dutch drill']	[2020]	2	2
0nC1zkioNJaPntz8XAeLx9	Zanger Kafke	['carnaval', 'nederlandse hardstyle']	[2020]	2	1
6Gk5hoM7eW8NSCYhICMDHw	Zak Abel	['uk contemporary r&b']	[2020]	2	2
49HlOY4gkHqsYG9GCuhkcc	Celeste	['british soul']	[2020]	2	0
4LEiUm1SRbFMgfqnQTwUbQ	Bon Iver	['chamber pop', 'eau claire indie', 'indie folk', 'melancholia', 'modern rock']	[2020]	2	2
6LXRvV2OAtXF7685fzh3mj	Rowdy Rebel	['nyc rap']	[2020]	2	2
0VVcNn1Z28Dah2fHQVO95W	GIDEONITE	[]	[2020]	2	2
5KYEMMz9O9iLIESifKAEOp	WhoHeem	['viral rap']	[2020]	2	0
7LwVMrjRZ1NfAtrgSH9dwo	Jack	[]	[2020]	2	2
3YwqjMyrRfuixi2pbgTGCE	Heuss L'enfoiré	['french hip hop', 'pop urbaine', 'rap francais']	[2020]	2	2
3O5HD95HTEPgoPFOjAb7yV	DripReport	['viral rap']	[2020]	2	0
6lNP6HiSpWcr1NpO3MLcXj	Ayoub Maach	['dutch idol pop']	[2020]	2	2
1lMqPztKuO3DBB64uGJGr0	Kes	[]	[2020]	2	2
2cnMpRsOVqtPMfq7YiFE6K	Van Halen	['album rock', 'classic rock', 'hard rock', 'rock']	[2020]	2	0
5yN58547DVsrlFEIuAiL78	Buikje	['dutch hip hop']	[2020]	2	2
1dKdAwhgxyjb9NpjfMIckJ	Frozen Fire	[]	[2020]	2	0
2t1vHqFELDwweQWM6JYxHG	Kelvin Jones	['uk pop']	[2020]	2	2
6M6XXCcO5gI68XpIlrUL3Z	Young T & Bugsey	['afroswing', 'grime', 'nottingham hip hop', 'uk hip hop']	[2020]	2	2
0GByy3DcfbQwDvXGCWmzv9	Pretenders	['album rock', 'classic rock', 'mellow gold', 'new romantic', 'new wave', 'new wave pop', 'permanent wave', 'rock', 'soft rock']	[2017, 2018, 2019, 2020, 2021]	1	0
3WtrH1zNpzoPSz6XpwCh6y	Delilah Montagu	['british singer-songwriter']	[2018]	1	1
6beUvFUlKliUYJdLOXNj9C	King Princess	['alt z', 'indie pop', 'nyc pop']	[2018]	1	0
5vQfv3s2Z2SRdPZKr82ABw	Dzeko	['canadian electronic', 'dutch house', 'edm', 'electro house', 'pop dance', 'progressive electro house']	[2018, 2019]	1	1
0bdJZl7TDeiymDYzMJnVh2	Preme	['canadian hip hop', 'canadian trap', 'toronto rap']	[2018, 2019]	1	1
2pIrwmjdK6XMWK8ylTHtAA	Idaly	[]	[2018]	1	1
1l48rGyg7MMLBbmP8MyFj3	Causes	['dutch indie', 'dutch pop']	[2017, 2018, 2019]	1	0
1qSJaftSab2kTTsj7fLxvM	DJ SpinKing	['slow game']	[2018]	1	1
70bsx8RkyEWcK4i8wr1uZB	St Rulez	[]	[2018]	1	1
1B0Rp4SWGnFgGCPU5Pju6E	Nego do Borel	['funk carioca', 'funk das antigas', 'funk ostentacao', 'funk pop', 'sertanejo universitario']	[2017, 2018]	1	1
7iLc4hrjOjQPfg1E3cCHg1	Tim Berg	['edm', 'electro house', 'pop dance', 'progressive electro house']	[2018]	1	1
7sfgqEdoeBTjd8lQsPT3Cy	Emeli Sandé	['r&b', 'talent show']	[2018]	1	1
6kACVPfCOnqzgfEF5ryl0x	Johnny Cash	['arkansas country', 'outlaw country', 'rock']	[2017, 2018, 2019, 2020]	1	0
52lBOxCxbJg0ttXEW9CQpW	Louis Prima	['adult standards', 'jump blues', 'lounge', 'swing', 'tin pan alley']	[2018]	1	1
4kI8Ie27vjvonwaB2ePh8T	Portugal. The Man	['indie rock', 'indietronica', 'modern alternative rock', 'modern rock']	[2017, 2018, 2019]	1	0
34Y0ldeyUv7jBvukWOGASO	Bobby Shmurda	['nyc rap', 'rap', 'trap']	[2018]	1	1
76yeOnINtQSXyoEHbkYmtY	Drew Love	[]	[2018]	1	1
5gCRApTajqwbnHHPbr2Fpi	Juicy J	['crunk', 'memphis hip hop', 'pop rap', 'rap', 'southern hip hop', 'trap']	[2018]	1	1
5zeCSgiRyezbfLiGOpKAsR	Tyrone Wells	['acoustic pop', 'neo mellow']	[2017, 2018, 2019]	1	0
4L3GTE04bW5N7azA9QPhjA	Beenie Man	['dancehall', 'jamaican dancehall', 'reggae fusion', 'soca']	[2018]	1	1
0gusqTJKxtU1UTmNRMHZcv	Dizzee Rascal	['grime', 'instrumental grime']	[2018]	1	0
1QDrz3DMMaz3TB1cm0PGDu	Justin Jesso	['singer-songwriter pop']	[2017, 2018]	1	1
3pbi8H08p95NUZ7m6ybxUV	Static Major	[]	[2018]	1	1
4ddhmWe0fgEqOyb2kihLWB	Badd Dimes	['dutch house', 'progressive electro house', 'sky room']	[2018, 2019]	1	1
5xKp3UyavIBUsGy3DQdXeF	A Great Big World	['neo mellow', 'piano rock', 'pop rock', 'viral pop']	[2018]	1	1
7o95ZoZt5ZYn31e9z1Hc0a	Natasha Bedingfield	['dance pop', 'pop', 'post-teen pop']	[2017, 2018, 2020, 2021]	1	0
3LpLGlgRS1IKPPwElnpW35	James Morrison	['neo mellow']	[2017, 2018, 2019]	1	0
4Q23rm8jYyd2ft6Cm1MhwJ	Quessswho	['dutch rap pop']	[2018]	1	0
5hdhHgpxyniooUiQVaPxQ0	Nio Garcia	['reggaeton', 'trap latino', 'urbano latino']	[2018]	1	1
1fux65HMCBvfJHqlBc4Nno	Casper Magico	['reggaeton', 'reggaeton flow', 'trap latino', 'urbano latino']	[2018]	1	1
7D5oTJSXSHf51auG0106CQ	Benjamin Francis Leftwich	['acoustic pop', 'indie anthem-folk', 'indie folk', 'stomp and holler', 'york indie']	[2017, 2018, 2019]	1	0
5Tx33KxzeDUCiJmJaaiVUY	Bright	[]	[2018]	1	1
5Y6i2BGTpT4utAQF3L72rS	Lucc	[]	[2018]	1	1
0MbvVdTPf7DeKc1DIC9Sav	Bigiedagoe	[]	[2018]	1	1
2MsSx2rD8ZrRQ5ShTnLE22	J-Boy	[]	[2018]	1	1
5p0zkKpBuRguKebwRe0RI2	Pierce Fulton	['complextro', 'pop edm', 'progressive electro house']	[2018]	1	1
6xBZgSMsnKVmaAxzWEwMSD	Mike Shinoda	['alternative hip hop']	[2018]	1	1
5uCXJWo3WoXgqv3T1RlAbh	Katie Melua	['uk pop']	[2018]	1	0
5JUYSPkis2Mk6HUbmMqk1m	Sean Ono Lennon	['beatlesque']	[2018]	1	1
7dohdcCGn1V9tieoC7ndRy	The Mulligan Brothers	['alabama indie']	[2017, 2018]	1	0
3H8Q3cujlnHJ6ZAuxt0CQR	Melisa Imani	[]	[2017, 2018]	1	1
5I94i3AXDxFsSCyRuSn7fN	The Henningsens	['country dawn', 'modern country rock']	[2017, 2018]	1	1
0RKP52f5PNDCRZ9Luq2Sr7	Jerrod Niemann	['contemporary country', 'country road']	[2017, 2018]	1	1
2wzMOQwNT6ZvVB4amvhFAH	The Pogues	['celtic punk', 'celtic rock', 'folk punk', 'punk']	[2017, 2018, 2019, 2020, 2021]	1	1
6UlNIFEuWlBqb4TvlVCekq	Kirsty MacColl	['new wave pop']	[2017, 2018, 2019, 2020, 2021]	1	1
5fahUm8t5c0GIdeTq0ZaG8	Otto Knows	['dutch house', 'edm', 'electro house', 'pop dance', 'progressive electro house', 'progressive house']	[2018]	1	1
040Fqhc0l7a4MPeDx6cneh	Acda en de Munnik	['dutch cabaret', 'dutch pop', 'dutch rock']	[2018, 2019, 2020, 2021, 2022]	1	0
711MCceyCBcFnzjGY4Q7Un	AC/DC	['australian rock', 'hard rock', 'rock']	[2018, 2019, 2020, 2021, 2022]	1	0
4RfOLIFy2xEmlWzXEVmLJn	Sjava	['afro soul', 'south african pop']	[2018]	1	1
6XpXnnKHIhCOUbOLOJGe6o	REASON	['indie hip hop', 'underground hip hop']	[2018]	1	1
0G74PWccc2UbEEHNKVVaKB	Andreas Weise	['melodipop']	[2018]	1	0
0hZmXje9OuBJjFTwOI0zNM	Lexxxus	[]	[2018]	1	1
4rUyoXMYnuqiPeYhFSAjF2	Stiekz	['dutch moombahton']	[2018]	1	1
3mLdH6xxrscTf2poCN9Kzy	Rio Santana	[]	[2018]	1	1
2V0DROfM2ieFSOcA3SHJLD	Judah	[]	[2018]	1	1
4DROs1Ye9DiLY3X8L7xvl8	Andrez Babii	['rap romantico']	[2018]	1	1
0xrxIZJ63x6f8CYzV7pcVW	Framez	[]	[2018]	1	1
32nKrlbSIPvgVTcd4LKJor	Lil Saint	['dutch trap']	[2018]	1	1
73objEnuVYK9Kr3e3f6ciZ	Matarr	['dutch hip hop']	[2018]	1	1
3E14vOxwqV6NWCeaLa9GtJ	Appa	['dutch hip hop']	[2018]	1	1
77tT1kLj6mCWtFNqiOmP9H	Daryl Hall & John Oates	['album rock', 'classic rock', 'heartland rock', 'mellow gold', 'rock', 'singer-songwriter', 'soft rock', 'yacht rock']	[2017, 2018, 2019, 2020, 2021]	1	0
4nlqDmbzFzbNITaqjJv7D7	The Sundays	['dream pop', 'lilith']	[2018]	1	0
5SHY5JnjhOGnfmlO8yAxxB	Darr3n	[]	[2018]	1	1
2J6pigOrBmKQgqJUY5UM7r	Matt OX	['melodic rap', 'plugg', 'rage rap']	[2018]	1	1
69UfPJgUmFFAVT740qGVZi	Ken Darby Singers	[]	[2017, 2018, 2019, 2020, 2021]	1	1
735L650pvygCZZlPMyHqsN	John Scott Trotter & His Orchestra	['light music']	[2017, 2018, 2019, 2020, 2021]	1	1
0wmlHdnduAWTeHkzx4dX9O	Felix Riebl	[]	[2017, 2018]	1	1
67pQ8Yr09zDDzzwWw3EG9R	Martha Wainwright	['singer-songwriter']	[2017, 2018]	1	1
3Bj81IbILbuj2uEwWXMdXI	Sosamann	['atl trap', 'houston rap', 'memphis hip hop']	[2018]	1	1
7z9elkTKjBRE3wlJOYh86K	Rapper Sjors	[]	[2018]	1	0
5ITI6SEoUZMIXXkzCfr4oE	Aluna	['dance pop']	[2018]	1	1
2ySHS7UojGu20XfUPaBlyu	Devin Dawson	['contemporary country', 'country road', 'modern country rock']	[2018, 2020]	1	0
3U4YeD9p381pXkebifD865	Cesar Sampson	[]	[2018]	1	0
5gznATMVO85ZcLTkE9ULU7	Lenny Kravitz	['permanent wave', 'rock']	[2018]	1	1
3ahvYXT5RI9eosJulrTPVi	Rass King	[]	[2018]	1	1
0Xf8oDAJYd2D0k3NLI19OV	CHIC	['disco', 'funk', 'motown', 'soul']	[2018, 2019]	1	0
1E1W3to8HhGSkkIEUMwEjd	Dewain Whitmore	[]	[2018]	1	1
12Zk1DFhCbHY6v3xep2ZjI	070 Shake	['new jersey rap']	[2018]	1	1
7pLntWGInZPQxc4kXxzzjB	Liz Gillies	[]	[2018, 2019, 2020, 2021]	1	1
1moxjboGR7GNWYIMWsRjgG	Florence + The Machine	['baroque pop', 'modern rock', 'neo mellow', 'uk alternative pop']	[2018]	1	0
2ovvfw7LL1RAhlqyGLlvGC	Geike Arnaert	[]	[2018]	1	1
47zz7sob9NUcODy0BTDvKx	Sade	['british soul', 'sophisti-pop']	[2018]	1	0
6G1yTgvoYsuVb2Ja8cVVJ2	anders	['canadian contemporary r&b', 'canadian hip hop', 'toronto rap', 'trap soul']	[2018]	1	1
36QJpDe2go2KgaRleHCDTp	Led Zeppelin	['album rock', 'classic rock', 'hard rock', 'rock']	[2017, 2018, 2019, 2020, 2021, 2022]	1	0
1n1nyLAQ9eefBtU7w7zl3C	Biwai	[]	[2018]	1	1
7H3TyvM3dpW78cru0Oaui9	YONII	['german hip hop']	[2018]	1	1
3T0mKZYTDmRODhPJYsQNoz	Mr. Crazy	['rap maroc']	[2018]	1	1
2TtnulP4jv9mCgNgaIfi9Y	DJ Nassi	[]	[2018]	1	1
7oOEvDBDkVhd1wKmcQYkRW	Amg Domina	['dutch hip hop', 'dutch rap pop']	[2018]	1	1
3jfVtv9mWfW0c5b3Fx440e	Babes Wodumo	['afro soul', 'gqom', 'south african pop']	[2018]	1	1
7MzHPIXAqIOCnvK0sVY72W	Helene Fischer	['schlager']	[2018, 2020, 2021, 2022]	1	0
6RqG6OjPJVHi1RAcXTxglq	Stereotypes	[]	[2018]	1	1
08Fba5XNvK4sXAbH68DYPf	Max Brodie	[]	[2017, 2018, 2019]	1	1
1AgxgADPuRIW1wyaA4OKcB	Tom Rosenthal	['british singer-songwriter']	[2017, 2018, 2019]	1	1
4bw2Am3p9ji3mYsXNXtQcd	Piso 21	['colombian pop', 'latin pop', 'reggaeton', 'reggaeton colombiano', 'trap latino', 'urbano latino']	[2018]	1	1
3r2qdoM2Ryp8aBb3S3qIG1	Novastar	['belgian rock']	[2018, 2019]	1	0
6lBN3Tzt61u8i9AJoAhKzF	Mykola Dmytrovych Leontovych	['post-romantic era', 'ukrainian classical']	[2017, 2018, 2019, 2021]	1	1
3dRfiJ2650SZu6GbydcHNb	John Williams	['orchestral soundtrack', 'soundtrack']	[2017, 2018, 2019, 2021]	1	1
0bzfPKdbXL5ezYW2z3UGQj	Michael Kiwanuka	['british soul', 'neo soul', 'psychedelic soul', 'soul']	[2018, 2019]	1	0
6jsjhAEteAlY0vCiLvMLBA	ROZES	['alt z', 'indie poptimism']	[2018]	1	0
6e9wIFWhBPHLE9bXK8gtBI	Editors	['indie rock', 'modern rock']	[2018]	1	0
1Vqre8yaocL9a4c1QFIN2T	D-Love	[]	[2018]	1	1
1OHw2r7Diz2rc9JktaFV6N	Erika Sirola	['finnish pop']	[2018, 2019]	1	1
4XiQeJFmHuA2HbuPBtEHLZ	Yawenthoo	[]	[2018]	1	1
19KwjzvIL92r29IINtlPNP	Scarface	['conscious hip hop', 'dirty south rap', 'gangster rap', 'hardcore hip hop']	[2018]	1	1
0SGZfHICh9e4oEXS8zGOXt	Bianca Ryan	[]	[2017, 2018, 2019, 2020, 2021]	1	0
4Y9WLkcmY5hFef5bFV8gNf	Suigeneris	['dream plugg']	[2018]	1	1
6tt0iYnpHERj05WATWRiom	Bantu	['zimdancehall']	[2018]	1	1
5pdyjBIaY5o1yOyexGIUc6	Lights	['canadian folk', 'canadian pop', 'electropop']	[2017, 2018]	1	0
79b2ipSR68Uf9EzA438KZt	Chawki	['moroccan pop']	[2018]	1	1
5mJzAPLj72Ifm4MdYS08uK	Big Tobz	['afroswing', 'grime', 'uk hip hop']	[2018]	1	1
0vn7UBvSQECKJm2817Yf1P	James Taylor	['classic rock', 'folk', 'folk rock', 'heartland rock', 'mellow gold', 'singer-songwriter', 'soft rock']	[2017, 2018]	1	0
61lyPtntblHJvA7FMMhi7E	Duke Dumont	['edm', 'house', 'pop dance', 'progressive house', 'uk dance']	[2018]	1	1
2vik8lyw8WiALKMJK7C3hn	Ebenezer	['uk hip hop']	[2018]	1	1
6yXri0y0q95UDiAyLzTM1y	Richard Galliano	['accordion', 'bandoneon', 'classical accordion', 'french jazz', 'italian contemporary jazz', 'jazz accordion']	[2018]	1	1
0Z7cUaHzuRp2moYQtVDBFp	Eddie Louiss	[]	[2018]	1	1
3h6rezLYXc5QU08SCKZtyO	Boudewijn de Groot	['dutch rock', 'nederpop']	[2018, 2019, 2020, 2021, 2022]	1	0
41qil2VaGbD194gaEcmmyx	Will Smith	['hip hop', 'pop rap']	[2018]	1	1
4poL7YCSkG7kMnWjAdDU91	Era Istrefi	['albanian hip hop', 'albanian pop', 'kosovan pop']	[2018]	1	1
2vHzXwfwVDsP4iKN8SezRR	Cheb Rayan	['deep rai', 'moroccan pop', 'rai', 'rif']	[2018]	1	1
5yQFaz2Dtr12ak59wJlVLe	Memru	[]	[2018]	1	1
0k17h0D3J5VfsdmQ1iZtE9	Pink Floyd	['album rock', 'art rock', 'classic rock', 'progressive rock', 'psychedelic rock', 'rock', 'symphonic rock']	[2018, 2019]	1	0
0XJtqdTK6M0WY4ZM5rFhf5	Bracket	[]	[2017, 2018]	1	1
3RqBeV12Tt7A8xH3zBDDUF	Kelsea Ballerini	['contemporary country', 'country']	[2018]	1	1
7eacKV5WqetV2IZTDrwKhi	Krystl	['dutch pop', 'dutch rock']	[2017, 2018, 2019]	1	0
02uBraNVAgl8ue5bG8B87m	Michael Prins	['dutch americana', 'dutch singer-songwriter']	[2017, 2018, 2019]	1	0
4KWTAlx2RvbpseOGMEmROg	R.E.M.	['alternative rock', 'athens indie', 'permanent wave', 'rock']	[2018]	1	0
6lf4yfLkm4Fqo7Sbrrloh1	Esko	[]	[2018]	1	1
0zw3J96iSXfCYLTOhW4x7G	Shanee	[]	[2018]	1	1
6CwfuxIqcltXDGjfZsMd9A	MARINA	['metropopolis', 'pop', 'pov: indie', 'uk alternative pop']	[2018]	1	1
6OYSnS0zxUX6XIAWKhJGnl	Cazz Major	['dutch hip hop']	[2018]	1	0
3kPJcvGPY8OLT0W554sF9P	Cry	['dutch hip hop']	[2018]	1	1
2mIOimqNnPGF7Jce7kUbvX	Shock Elias	['dutch drill']	[2018]	1	0
4tWoA7JxH2OmNjkvhI7Z3t	Rasmussen	[]	[2018]	1	0
1bqxdqvUtPWZri43cKHac8	MAX	['viral pop']	[2017, 2018, 2019, 2020]	1	0
355SqtHY4qKt2wIXrWku0c	CLOVES	['australian alternative pop']	[2017, 2018]	1	0
0HU0U9kdXEHZVxUNbuQe8S	Donny Hathaway	['chicago soul', 'classic soul', 'funk', 'neo soul', 'quiet storm', 'soul', 'southern soul']	[2017, 2018, 2019, 2020, 2021]	1	0
4UffC3o3JiLSg7pa5DpQbp	Mike Yung	['pop soul']	[2018]	1	1
3kv1Edgn5HlEWCuEKr1Y9x	Yugen Blakrok	['south african hip hop', 'spiritual hip hop']	[2018]	1	1
3Lq6Tb3SbS4n6dVuCx0Zzi	VanVelzen	['dutch pop', 'dutch rock']	[2018]	1	1
1UlDLNnYZHKZJZC5Sb4GiX	Jeroen van Koningsbrugge	['dutch pop']	[2018]	1	1
0VuP43Q70c5QRXrdgVNQXP	Xander de Buisonjé	['dutch pop', 'dutch rock']	[2018]	1	1
0yfHF9pPGN9GnjtJOpKF0g	Jordan Miles	[]	[2018]	1	1
2DaxqgrOhkeH0fpeiQq2f4	Oasis	['beatlesque', 'britpop', 'madchester', 'permanent wave', 'rock']	[2017, 2018]	1	0
1PnnRNGfichOAfPOn5mVyx	Sorana	['romanian pop']	[2018]	1	1
5hAhrnb0Ch4ODwWu4tsbpi	Yo La Tengo	['alternative rock', 'art pop', 'dream pop', 'indie rock', 'indietronica', 'lo-fi', 'new jersey indie', 'noise pop', 'permanent wave', 'shoegaze']	[2018, 2019]	1	0
6O9WquDfQTxGRZqZUXVEQx	RedOne	['moroccan pop']	[2017, 2018]	1	1
7ItZtoe666YNPLyUx1AqIo	KONO	['scandipop']	[2018]	1	1
1tpnPG0BWaNTUC3b0u7CHm	Rev	[]	[2018]	1	1
3mIj9lX2MWuHmhNCA7LSCW	The 1975	['modern alternative rock', 'modern rock', 'pop', 'pov: indie', 'rock']	[2018]	1	0
0PFtn5NtBbbUNbU9EAmIWF	TOTO	['album rock', 'classic rock', 'hard rock', 'mellow gold', 'rock', 'soft rock', 'yacht rock']	[2017, 2018, 2019, 2020, 2021, 2022]	1	0
0fRvb5TzYdVo4qEUMWPaFu	Jerra	['dutch hip hop']	[2018]	1	1
3CbYyyd8wH3RT6t0jwpdzC	Murda Beatz	['canadian hip hop', 'canadian trap']	[2018]	1	1
0HlKoI39VcPeJwXbL82Dc9	Ella	[]	[2018]	1	1
4YYFbWfMM8Gr55Hddzkcrl	Jake Troth	[]	[2018, 2019]	1	0
7AzjETXRUKNRSJHMW9GIqd	Nina Nesbitt	['alt z', 'neo-singer-songwriter', 'uk pop']	[2018, 2019]	1	0
0NKDgy9j66h3DLnN8qu1bB	Eurythmics	['dance rock', 'new romantic', 'new wave', 'new wave pop', 'soft rock', 'sophisti-pop', 'synthpop']	[2017, 2018, 2020]	1	1
5MspMQqdVbdwP6ax3GXqum	Annie Lennox	['new romantic', 'new wave', 'new wave pop', 'singer-songwriter', 'soft rock', 'synthpop']	[2017, 2018, 2020]	1	1
7gcCQIlkkfbul5Mt0jBQkg	Dave Stewart	['new wave pop', 'rock keyboard']	[2017, 2018, 2020]	1	1
28ExwzUQsvgJooOI0X1mr3	Jay Rock	['conscious hip hop', 'hip hop', 'rap', 'southern hip hop', 'trap']	[2018]	1	1
2TYvNDX2PVJJrpdTnujxyw	Xony	[]	[2018]	1	1
3EXdLajEO02ziZ90P90bSW	Lil Xan	['cloud rap']	[2018]	1	1
2Rf4X6m0oayCJhaJ5K63GQ	Nathan Sykes	['post-teen pop', 'talent show', 'teen pop']	[2017, 2018, 2019]	1	1
6O74knDqdv3XaWtkII7Xjp	Boyz II Men	['boy band', 'contemporary r&b', 'new jack swing', 'r&b', 'urban contemporary']	[2018]	1	1
0WbAxASsYdodSlqwserDAW	Gunz For Hire	['classic hardstyle', 'euphoric hardstyle', 'rawstyle']	[2018]	1	0
06nevPmNVfWUXyZkccahL8	Gregory Porter	['contemporary vocal jazz', 'jazz pop', 'vocal jazz']	[2017, 2018, 2019, 2020]	1	0
4AapPt7H6bGH4i7chTulpI	Ben Rector	['acoustic pop', 'indiecoustica', 'lds youth', 'neo mellow', 'piano rock']	[2017, 2018]	1	0
3C7ypUuikwDoJSZslAlohX	Frenchie B	['dutch hip hop']	[2018]	1	1
4jZgb7ktwlvOA56nlmbaFH	Abel	['dutch rock']	[2018]	1	0
5UoVLCWzOKMIJ9iioof9OD	CeCe Peniston	['diva house']	[2018]	1	0
2Kx7MNY7cI1ENniW7vT30N	Norah Jones	['contemporary vocal jazz', 'jazz pop', 'vocal jazz']	[2018]	1	0
19ra5tSw0tWufvUp8GotLo	George Michael	['new wave pop']	[2018]	1	1
2MjOmiZJcHvJB1PIlQIyc5	El Pro	[]	[2018]	1	1
2Ve76xf8WEVRRfanpQHgLs	Sebastian Kole	[]	[2017, 2018]	1	1
2W6kbe0nm96COrHzNmfLLd	MC Fioti	['funk carioca', 'funk ostentacao', 'funk paulista']	[2018]	1	1
1ackd5XprZEkH3McKbQD51	Juan Magán	['electro latino', 'spanish pop']	[2018]	1	1
07FfkbljNIdl45Ijlh1aXS	RHODES	['indie anthem-folk', 'uk pop']	[2017, 2018, 2019]	1	1
2IxWXEgu76Dsxsb1w8w4my	Salut!	[]	[2018]	1	1
3XSWVsSggcTo6Bv8pcDqnt	Mayra	['pop nacional']	[2018]	1	1
21aa4pj9BvbFB2iT8kRpnq	Michael Schulte	['german pop', 'talentschau']	[2018, 2019]	1	0
6r2niOTnexy9xss5g8GWXH	Yasiin Bey	[]	[2018]	1	1
4TEJudQY2pXxVHPE3gD2EU	BlocBoy JB	['memphis hip hop', 'rap', 'tennessee hip hop', 'trap']	[2018]	1	1
2WvLeseDGPX1slhmxI59G3	Robin S	['diva house']	[2018, 2019, 2020, 2021]	1	0
5PrHzxc3kFm4hIrGNmelpX	Rodríguez	['folk', 'folk rock']	[2018]	1	0
2RP4pPHTXlQpDnO9LvR7Yt	Lianne La Havas	['alternative r&b', 'british soul', 'indie soul', 'neo soul', 'pop soul', 'soul']	[2017, 2018, 2019]	1	0
4we5S2VLjgY9KzIzApL1KI	Ryan Tedder	[]	[2018]	1	1
4Sld5LOPbAm1QSq9U32fFV	John Hiatt	['country rock', 'folk', 'heartland rock', 'roots rock', 'singer-songwriter']	[2018]	1	0
6U1dBXJhC8gXFjamvFTmHg	Zac Efron	['hollywood', 'movie tunes', 'post-teen pop']	[2018]	1	1
6rLWD5vrN1ZaNU0peuEH7t	Tom Hangs	[]	[2018]	1	1
4Siyzg8kWayQfPQsPSl6JI	Shermanology	['dutch house']	[2018]	1	1
5lpH0xAS4fVfLkACg9DAuM	Wham!	['new romantic', 'new wave', 'new wave pop', 'soft rock']	[2017, 2018, 2019, 2020, 2021]	1	0
0LFsP7WPfu5inz9a1amcE4	R2Bees	['afrobeats', 'ghanaian hip hop', 'ghanaian pop']	[2018]	1	1
2hPtxFv2Ftb7xGRdU76bOd	Sonny Tennet	['uk contemporary r&b']	[2018]	1	0
7mnAzEmgquhrVtGob81SmO	Big Shaq	['london rap']	[2017, 2018]	1	0
4CDXbURs9NxZWRLVZ2HHto	Sheffield	[]	[2018]	1	0
5QuBVnBPEzwYvFrgBbwpmU	Empress Of	['art pop', 'electropop', 'escape room', 'etherpop', 'shiver pop']	[2018]	1	1
0pqqYQN8PXwtyn9bQMxRaG	Hello August	[]	[2018]	1	0
0WOxhx4hikIsyF3CRPLC8W	Famous Dex	['chicago rap', 'drill', 'rap', 'trap']	[2018]	1	0
0IIPgITtEO4JJfipw57KGv	Kris Berry	['dutch pop']	[2017, 2018, 2019]	1	0
2c4Zr9Js1nQpMJzlwdueMZ	Coen	[]	[2018, 2019]	1	1
6Ej91ARpZmcnXv2SONYIld	Sander	[]	[2018, 2019]	1	1
4cmA2QDPdzh8W2ytpyUGes	Young Scooter	['atl trap', 'drill', 'trap']	[2018]	1	1
0BLtgRpARRInhUuj2RnpBJ	Stevie Ann	['dutch americana', 'dutch pop', 'dutch singer-songwriter']	[2017, 2018]	1	0
05oH07COxkXKIMt6mIPRee	Brandy	['contemporary r&b', 'dance pop', 'hip pop', 'r&b', 'urban contemporary']	[2018]	1	1
1R6Hx1tJ2VOUyodEpC12xM	Jim Croce	['classic rock', 'country rock', 'folk', 'folk rock', 'heartland rock', 'mellow gold', 'singer-songwriter', 'soft rock']	[2018, 2019]	1	0
0vSNFAo2h20zd3HOBcM8BX	Kenn Colt	['belgian edm']	[2018]	1	1
7LuydnF4MvKtvUMLfkH9Gd	Michael McCrae	[]	[2018]	1	1
3XC57xz74X3xUi1hv4mge1	Winona Oak	['swedish pop']	[2018, 2019]	1	1
6JnaYvoKbQ0Lt30Qkuyi8F	LaFunky	[]	[2018]	1	1
3LkHXaM6drZflw8qWCDKJ9	Vic9	[]	[2018]	1	1
4A1l5kCHGsVtqGblYLxCgB	D Double	[]	[2018]	1	1
3cWGilyM7pw2Q1bGbTXuBr	TrifeDrew	[]	[2018]	1	1
51WveHy70ZoLyFjZVgM9bn	Rukhsana Merrise	['indie anthem-folk']	[2018]	1	0
14yCXkLSKlrnNcp0cadiZa	Alta Gracia	[]	[2018]	1	1
2XyVj5qsjy87RPXk1O5if3	Alrima	['french hip hop', 'pop urbaine']	[2018]	1	1
24DQLSng7bKZD4GXLIaQbv	Percy Faith & His Orchestra	"['easy listening', ""man's orchestra""]"	[2018]	1	1
48sLioddyaXkuhyHXSkpsB	Parson James	['pop soul']	[2017, 2018]	1	0
1o2NpYGqHiCq7FoiYdyd1x	Bea Miller	['alt z', 'pop', 'talent show']	[2018]	1	1
2QSPrJfYeRXaltEEiriXN9	Tove Styrke	['electropop', 'swedish electropop', 'swedish pop', 'swedish synthpop']	[2018]	1	1
0vneleczrRRNPF1vj0x0vy	The Harlem Community Choir	[]	[2017, 2018, 2019]	1	1
4m2kfAHEnK7Z7qLGxeWtro	The Plastic Ono Band	['beatlesque', 'experimental rock']	[2017, 2018, 2019]	1	1
1nQnJVMfEghc2DQNONizuc	Leipe Dennis	[]	[2018]	1	1
5gw5ANPCVcxU0maLiGRzzP	Billy Raffoul	['canadian pop']	[2017, 2018]	1	1
0LYSViMkI78r31ER85Vxxh	Dezz	['antilliaanse rap']	[2018]	1	1
2X97ZAqRKRMYFIDqtvGgGc	Silk City	['edm']	[2018, 2019]	1	1
3MXwHgXTLymeCniKY1H3aM	Bridde Boys	['dutch hip hop']	[2018]	1	0
08cpwYrPWo8Xkxl9qdiDP2	Ed Struijlaart	['dutch pop', 'dutch singer-songwriter']	[2018, 2019, 2020, 2021]	1	0
1WTa5icYcSs52O3VQS7bX2	Lucass	[]	[2018]	1	1
7aBzpmFXB4WWpPl2F7RjBe	Wyclef Jean	['rap kreyol']	[2018, 2020, 2021]	1	1
0J7U24vlOOIeMpuaO6Q85A	LP	"['la pop', ""women's music""]"	[2017, 2018, 2019, 2020, 2021]	1	0
6yWyIM8jA96kl3jlCXpabB	Nelson Freitas	['kizomba', 'kizomba antigas', 'kizomba cabo-verdiana']	[2018, 2019]	1	1
7adu8fQmtoTq8O8BXQIq9L	Smith & Burrows	[]	[2017, 2018, 2019]	1	0
5wGY8QCD4Fp8s8jB9YYcdX	JohnDo	['dutch drill']	[2018]	1	1
1vyUdnQl0XmrHSH6CyMMDb	Kwaamoody	[]	[2018]	1	1
33eW3ULEPL4p746042gC8b	Giraff	[]	[2018]	1	1
6Z4puj0KYgtcxJrVXKmvBX	Sharaya J	['jersey club', 'new jersey rap']	[2018]	1	1
1CdyK67jEL4DXXsmp8vFfN	The Georgia Mass Choir	['gospel', 'praise']	[2017, 2018, 2019, 2020, 2021]	1	1
6Kz7MXIUFMtp5Ts91lagtR	Mikolas Josef	['czech pop']	[2018]	1	0
1svaANJTE5KrG16fTGDqOs	The Puppini Sisters	['easy listening', 'swing', 'swing revival']	[2017, 2018, 2019, 2020, 2021]	1	1
6oBm8HB0yfrIc9IHbxs6in	Lykke Li	['art pop', 'electropop', 'indietronica', 'neo-synthpop', 'swedish electropop', 'swedish indie pop', 'swedish pop']	[2018]	1	1
4WUGQykLBGFfsl0Qjl6TDM	The Magician	['belgian edm', 'house', 'nu disco']	[2018]	1	1
3J85lWF7GZWWWLyBPMMX7h	Glennis Grace	['dutch pop', 'dutch rock']	[2018]	1	1
6bwVWdQfr6ttzrGLboVkjg	Paul Rosenberg	[]	[2018]	1	0
5XnIjshjqYVE2eDVgSt9Ro	Mel & Kim	[]	[2018, 2019]	1	0
7bp2lSdh12wcA8LyB1srfJ	Sofia Carson	['pop']	[2018]	1	1
6XMUsKrSGEWb0LlL30m9UB	Prince Ehis	[]	[2018]	1	1
7sF6m3PpW6G6m6J2gzzmzM	U.S.A. For Africa	['musical advocacy']	[2018, 2019, 2020, 2021]	1	0
4LOrm1TBDqZLEb087GKZTm	Stefano Keizers	[]	[2018]	1	1
4jHWpUyRI2rzJVimtasEBF	Julia Sheer	['viral pop']	[2018]	1	1
5HCypjplgh5uQezvBpOfXN	Jon D	['channel pop']	[2018]	1	1
4FG1eGySAGKqMWk2HiVyAq	Vonneke Bonneke	[]	[2018]	1	0
7AP8hY4QJcu4zHEhTjjHNh	Cello	['ethereal gothic']	[2018]	1	1
2VKlXKHIyGgF3TU5aoZ24m	Dylan Dos Santos	[]	[2018]	1	1
7ohlPA8dRBtCf92zaZCaaB	Crowded House	['australian rock', 'permanent wave']	[2018, 2019]	1	0
11kBu957KTYoAltZHDm8gW	Buena Vista Social Club	['latin jazz', 'musica tradicional cubana', 'world']	[2018]	1	0
2uFC1dAj5b0YU7vulKNZ0p	Banx & Ranx	['basshall']	[2018]	1	1
51bR2YWCdTfh055AcMRU5A	Royki	[]	[2018]	1	1
5e4Dhzv426EvQe3aDb64jL	Shania Twain	['canadian country', 'canadian pop', 'contemporary country', 'country', 'country dawn']	[2017, 2018, 2019, 2020, 2021]	1	1
6VoRokuki5Bj7BEB2gZ3BF	Los Unidades	[]	[2018]	1	1
6Ja6zFB5d7XRihhfMo6KzY	Jozzy	[]	[2018]	1	1
3qIZg3GhHlbuCkPYwa7h95	Jacin Trill	[]	[2018]	1	1
5mkzx9Hq5mYTx1LZ0CUGiP	Geike	['belgian pop']	[2018, 2019, 2020, 2021, 2022]	1	1
1uiEZYehlNivdK3iQyAbye	Tom Misch	['indie soul', 'jazz pop']	[2017, 2018]	1	1
24icoQNJSEWNu3XvqKBR68	Jordan Rakei	['indie soul', 'neo r&b']	[2017, 2018]	1	1
3v6Ji4uoWtKRkhuDUaxi9n	Dynoro	['edm']	[2018, 2019]	1	1
1OAjDaKgg00KCUYqDe68un	Gigi D'Agostino	['eurodance', 'italo dance']	[2018, 2019]	1	1
1QjCCzq5Lq9bb5NaPxiZ5e	Mennoboomin	[]	[2018]	1	1
2PGjtFV1GlVW6P5XXWpc6Y	Mosta Man	['antilliaanse rap']	[2018]	1	1
4DrCrfFVwLbg8ZSvblp9Sf	Vani	[]	[2018]	1	1
3jTFwkFtPm70r8cAIVFsT7	Mael	['dutch rap pop']	[2018]	1	1
7HV2RI2qNug4EcQqLbCAKS	Keala Settle	['broadway', 'hollywood', 'show tunes']	[2018]	1	1
63nv0hWWDob56Rk8GlNpN8	The Greatest Showman Ensemble	['movie tunes']	[2018]	1	1
1UTPBmNbXNTittyMJrNkvw	Blake Shelton	['classic oklahoma country', 'contemporary country', 'country', 'country road']	[2018, 2019, 2020, 2021]	1	1
61TtyqXua7lLv4FkuynjbV	Scooby072	['dutch hip hop']	[2018]	1	0
4lvWwzlEM98mFG0Uakl5qb	Gebroeders Rossig	['carnaval', 'levenslied']	[2018]	1	0
0JiTjLmtWcCosekkIJS5VA	James Francis	[]	[2018]	1	1
6QochW69vuSPAL5q1RT90l	Alec Petrus	[]	[2018]	1	1
05m1GiqwjwAkauc1oVMDIo	Joey Bravo	[]	[2018]	1	1
0g9vAlRPK9Gt3FKCekk4TW	Ab-Soul	['conscious hip hop', 'hip hop', 'rap']	[2018]	1	1
1c4rxrxy8eDLvMVL1DTiBe	Andra Day	['r&b']	[2018]	1	0
2NmkvuFHeyUG6tWSLK7AfI	REVV	['dutch drill']	[2018]	1	1
0VzcWXDuaTX1ELoyXmVNoH	WOLKM3N	[]	[2018]	1	1
5FxshnB3eJ2YDn8xN8zDKq	Hannah Kerr	['anthem worship', 'ccm']	[2018, 2019]	1	0
1G9G7WwrXka3Z1r7aIDjI7	Outkast	['atl hip hop', 'dirty south rap', 'hip hop', 'old school atlanta hip hop', 'rap', 'southern hip hop']	[2017, 2018]	1	0
1HvcqyRLS9nF8hAbTWOqpr	Dan Hartman	['disco', 'new wave pop']	[2018, 2021]	1	0
1AwO9pWEBSBoWdEZu28XDC	Eartha Kitt	['torch song', 'vocal jazz']	[2017, 2018, 2019, 2020, 2021]	1	1
0oK8UXKZbQezeRhE0KeBAV	Henri René and His Orchestra	"[""man's orchestra""]"	[2017, 2018, 2019, 2020, 2021]	1	1
5SbkVQYYzlw1kte75QIabH	Gnarls Barkley	['atl hip hop', 'neo soul']	[2018]	1	0
3Fdm9TFJQCLmC3AWMuGExi	Ugly God	['rap', 'trap', 'underground hip hop']	[2018]	1	1
0rvjqX7ttXeg3mTy8Xscbt	Journey	['album rock', 'classic rock', 'hard rock', 'heartland rock', 'mellow gold', 'rock', 'soft rock']	[2018, 2019, 2020, 2021, 2022]	1	0
2cFCoDyEaPrw8QVnrDlPKU	Stan Kenton	[]	[2018]	1	0
1rw8ZTLnDHd74TWDDukjVi	Conrad Sewell	['australian pop']	[2018]	1	1
5MouCg6ta7zAxsfMEbc1uh	OMI	['reggae fusion']	[2018, 2021]	1	1
4VUZyzya1v8H9StAeuKYXW	Nana Fofie	['afro r&b', 'dutch pop']	[2018]	1	1
2QFy07GCrxvtIc9Cfi5NIF	Mosterd Na De Maaltijd	['carnaval']	[2018]	1	0
2TImI3DW7o5MdRXJs4D37h	SOB X RBE	['cali rap']	[2018]	1	0
4gTsaC1OX5plDemue2uZHn	DJ Wale	['dutch rap pop']	[2019]	1	1
5Cd6yDDRckU2zVyAzAMbLl	AMY MIYÚ	[]	[2019]	1	1
2jFnPm8VeSO19i6B8blXB5	Abou Debeing	['french hip hop', 'pop urbaine', 'r&b francais']	[2019]	1	1
5T8zbK3dic52T9bFu0aY8z	Sophia Somajo	['swedish electropop']	[2019]	1	1
3rNj6jraJdEelasrpoOZqD	Sam Hoogland	[]	[2019, 2020]	1	1
5JMLG56F1X5mFmWNmS0iAp	Chelsea Cutler	['alt z']	[2019]	1	1
1fctva4kpRbg2k3v7kwRuS	Rvssian	['reggaeton', 'trap latino', 'urbano latino']	[2019]	1	1
3oSJ7TBVCWMDMiYjXNiCKE	Kane Brown	['black americana', 'contemporary country', 'country', 'country road']	[2019]	1	1
5FxsPS1K61fHEVB3FNZw6Y	Blanco	['london rap', 'uk drill', 'uk hip hop']	[2019]	1	1
6PvcxssrQ0QaJVaBWHD07l	Lp2loose	[]	[2019]	1	1
7KLLdikljdD8LyxmWUcI5y	DoeMaarDave	[]	[2019, 2020]	1	0
1NbmG1Fj64qykEcJt1d43a	JRM	[]	[2019]	1	1
2mhQjvqnRV83cj1G1b8ToN	Rhema & Bethel	['dutch rap pop']	[2019, 2020]	1	1
4QVBYiagIaa6ZGSPMbybpy	Pedro Capó	['latin pop', 'puerto rican pop']	[2019]	1	1
6YqhcZlSE8ugUcmoHLw9gz	Vula	[]	[2019, 2020]	1	1
28yeTvbYqUViJiZcdnnNP6	Zoë-Jadha	['dutch hip hop', 'dutch rap pop']	[2019]	1	1
0chh7dlaUzEreDTulHiOlm	KEiiNO	['norwegian pop', 'sami']	[2019]	1	0
5vBrKGOjN10BMwB0cJADj4	bülow	['alt z', 'indietronica']	[2019]	1	1
1YyIIzRWYsa0kIJpqoSTRZ	Nina June	['dutch pop', 'dutch singer-songwriter']	[2019]	1	0
7mnBLXK823vNxN3UWB7Gfz	The Black Keys	['alternative rock', 'blues rock', 'garage rock', 'indie rock', 'indietronica', 'modern blues rock', 'modern rock', 'punk blues', 'rock', 'roots rock']	[2019]	1	0
7J7YzKnvAyEmHCg7LGWW0G	Alex Aris	[]	[2019]	1	1
2hahtdJusGYC77DKod4qfB	Miki Núñez	['latin talent show', 'reggae catala']	[2019]	1	0
6kUglM25Mvn6Uy7EDXsT1n	Thomas Dybdahl	['norwegian singer-songwriter']	[2019]	1	1
2iul6etLF5hjjpxo43rzz7	Lera Lynn	['alternative country', 'new americana']	[2019]	1	1
0t3QQl52F463sxGXb1ckhB	Betty Who	['australian dance', 'dance pop', 'electropop', 'metropopolis']	[2019]	1	1
2auiVi8sUZo17dLy1HwrTU	Solange	['afrofuturism', 'alternative r&b', 'r&b', 'urban contemporary']	[2019]	1	0
63XBtGSEZINSyXylZxEUbv	Victoria Monét	['alternative r&b']	[2019]	1	1
7lHRwzjvgU0niLhq7YwWEg	Gjigant	[]	[2019]	1	1
5TfpwNDNvEPPjWk65OrtmV	Sugar MMFK	['german hip hop']	[2019]	1	1
66Ok6bgC570sHkw08N20pZ	OBOY	['french hip hop', 'pop urbaine', 'rap francais']	[2019]	1	1
3i31y6LSpJEgV5ny8fw66d	JW Roy	['dutch americana', 'dutch blues', 'streektaal']	[2019, 2020, 2021, 2022]	1	1
3RBqLTttwN1orqQozYfmJo	Emily Roberts	['german pop']	[2019]	1	1
5UjifI1TYefXWn9GdqDOHl	Social House	[]	[2019]	1	1
6PMr6l8zDjt7enAIND9wU7	Hosai	[]	[2019]	1	1
68tIJ2KGC2bUs1cmIhJ9mW	Alain Clark	['dutch pop', 'dutch rock']	[2019]	1	0
1mdYzJv7Z90aiNlfBvoI9u	Tim Akkerman	['dutch pop', 'dutch rock']	[2019]	1	1
1Typw0HezT717bgUtWbH43	Tamara Todevska	['macedonian pop']	[2019]	1	0
7oxbsutyoA1cEtMLgawZL3	April Alice	[]	[2019]	1	1
3yzRiNMZdTsSUgplcyYZ4i	Blanco Brown	['black americana', 'country rap']	[2019]	1	0
14scxEoUN7Dcx1m4EQ7oHe	Ashley O	[]	[2019]	1	0
0naTQvwxUUgqjEFILkmRSd	Beertje	[]	[2019]	1	1
0SiA0xtHw1lnSXRf1S7jjw	Michel Zitron	[]	[2019]	1	1
4rojTfP5nRkmYpdSbWQgV4	Death Stranding: Timefall	['video game music']	[2019]	1	1
3CjlHNtplJyTf9npxaPl5w	CHVRCHES	['indietronica', 'metropopolis', 'neo-synthpop', 'shimmer pop']	[2019]	1	1
4DU38NOGY58kM2QOeHwEm0	Milo M	[]	[2019]	1	1
5G7dHgXpwcfbnv3dpOArNy	Jones Cruipy	['belgian hip hop', 'rap belge']	[2019]	1	1
6JR8IimYxFBxcUwdRP1Jsz	Kris Salvathore	[]	[2019]	1	1
2c9O21YLFy4tFI9zCVhbFg	Sunday Service Choir	[]	[2019]	1	1
2H0j2bWQRjJWzcGIjnl7nX	Lirical	['dutch moombahton']	[2019]	1	0
3pdwiFNGlqj3619qdhQ9tN	Daan Koens	[]	[2019]	1	1
47MpMsUfWtgyIIBEFOr4FE	Lunay	['reggaeton', 'reggaeton flow', 'trap latino', 'urbano latino']	[2019]	1	1
1CO6e7WRJvSFenmQO8n64C	Zhavia	['post-teen pop']	[2019]	1	1
60jlCXQyQIOeQgYch6S8wo	Eljero Elia	[]	[2019]	1	1
6XjnchaeDQbejzOglxevCr	Cashcity	[]	[2019]	1	1
7kMrn0ZW1VN7YG3xRYt81O	J3rr	[]	[2019]	1	1
3bnpcWBcvlfq4hPFJjNPbz	SAFE	['canadian hip hop']	[2019]	1	1
1F7cw9SOzZ72TSO98QQwBR	Jordan Shaw	[]	[2019]	1	1
6dNKDewI4Se56a3E2LXFqW	Franky B.	['carnaval']	[2019]	1	1
1Ug8ZLn5mOsP5yOkvURT4T	Cooldown	['carnaval']	[2019]	1	1
46GsASZ8dwV3PUIfZ3gvWw	SuriBeats	[]	[2019]	1	0
1vIuPjtFhqIPE2n9W2ePgO	Noonie Bao	['swedish indie pop']	[2019]	1	1
7iaCgRA3CGV9JYloUW4to6	Michael Jalink	[]	[2019]	1	1
2jKndvg84LqMjBGFFKaWLC	Dana	[]	[2019, 2020, 2021]	1	0
1Fg19vpUJpAAPFjnKaVYVW	Reynmen	['turkish hip hop', 'turkish pop']	[2019]	1	0
4YJo8C4fQjZXRewIuH6rnc	Shary-An	['dutch pop']	[2019]	1	1
7823Dim2TzjiQQ9wRQxyi9	Wizzard	['glam rock']	[2019, 2020, 2021]	1	0
2a0uxJgbvvIRI4GX8pYfcr	J Hus	['afroswing', 'grime', 'uk hip hop']	[2019]	1	1
2J257euzcjnDLipsyJH3F2	Clipse	['alternative hip hop', 'hardcore hip hop', 'hip hop', 'southern hip hop', 'virginia hip hop']	[2019]	1	1
6I3M904Y9IwgDjrQ9pANiB	Kenny G	['smooth jazz', 'smooth saxophone']	[2019]	1	1
0xRKD3rHnDMIqgLKp6yfCN	Achie Touf	[]	[2019]	1	1
2ijKD0kaRNti7albwlSeOe	Josbros	['dutch hip hop']	[2019]	1	0
3hJv5p2HwekJysNB2NDnEC	André Rieu	['easy listening', 'operatic pop', 'pop violin']	[2019]	1	1
4x4kcTmYv6tVv7rpezXYHY	Jack Van Gelder	[]	[2019]	1	1
07YUOmWljBTXwIseAUd9TW	Sebastian Yatra	['colombian pop', 'latin pop', 'reggaeton', 'reggaeton colombiano', 'urbano latino']	[2019]	1	1
7z5WFjZAIYejWy0NI5lv4T	Dan + Shay	['contemporary country', 'country', 'country road']	[2019, 2020]	1	1
0Ec58H5553S8d058NpuDK3	Dongo	[]	[2019]	1	1
7yDVZa5lcYoxdpSUxPrOfO	Cinco	[]	[2019]	1	1
5JbALDn35ZrLwVAle4xVqZ	Luca Hänni	['german pop']	[2019]	1	0
5fmvGUlMVgmnCn45f1he7d	Andrew Gold	['underground power pop']	[2019, 2020]	1	1
31P1IMaJH0mI1pvB9jATHB	Alyssa Bonagura	[]	[2019, 2020]	1	1
3XV0lFzNs8BCTwhJTcMiBr	Blue Ivy	[]	[2019]	1	1
1OF0F1v6sDAmUj6aMFeoTt	ENVR	[]	[2019]	1	1
3vQ0GE3mI0dAaxIMYe5g7z	Paulo Londra	['argentine hip hop', 'trap argentino', 'trap latino', 'urbano latino']	[2019]	1	1
6sfUgwUTFjy1SNF2uWOcPp	Kate Miller-Heidke	['australian pop', 'australian singer-songwriter', 'lilith', 'piano rock']	[2019]	1	0
40LHVA5BTQp9RxHOQ9JPYj	Lauren Daigle	['ccm', 'christian alternative rock', 'christian music']	[2019, 2020]	1	0
2auC28zjQyVTsiZKNgPRGs	RM	['k-rap']	[2019]	1	1
3aO2Q4cXKGxsh87bX4Oavo	KILATE TESLA	[]	[2019]	1	1
3aQeKQSyrW4qWr35idm0cy	T-Pain	['dance pop', 'gangster rap', 'hip hop', 'pop rap', 'r&b', 'rap', 'southern hip hop', 'trap', 'urban contemporary']	[2019]	1	1
6qhuEc7lNRA37lUpbvAzZA	Mr.Ontspannen	[]	[2019]	1	1
0BdZi6qH5GIysWupr5kTdo	AG BLAXX	[]	[2019]	1	1
0YvFvwtv758gmIrkPoAnRO	zalagasper	[]	[2019]	1	0
0prmTItCO5sEXarWXHdwZ4	Boegie	[]	[2019]	1	1
6UDXmcPywcqjbCOWdY0bln	Aylek$	[]	[2019]	1	1
5wTdspmxzb8V4ZjvDodpBo	A Touch Of Class	['europop']	[2019, 2020]	1	1
67ghKnycRX6VM1xfqJSMlH	YouNotUs	['german dance']	[2019, 2020]	1	1
2n0Qz7ZvKS6kwjPuj9sW4H	Senex	[]	[2019, 2020]	1	1
4jyJnVVczG7UdzUYoG4xVj	Philly	['dutch hip hop']	[2019]	1	1
3ywMYRcLXJiqbgUfcJZVbU	Souff	[]	[2019]	1	0
0FVsUxcFSlxwIM7Qs31s6J	Billy Eichner	['movie tunes']	[2019]	1	1
7xX39IyguhWsTIg4eU2reH	Seth Rogen	['movie tunes']	[2019]	1	1
0h9smro0z3HqUbD94jotU8	Smokey Robinson	['classic soul', 'disco', 'funk', 'motown', 'quiet storm', 'soul']	[2019]	1	1
1usmBbXRC0bMPPUaaebBVw	Jayboogz x NAVI	[]	[2019]	1	0
2oQX8QiMXOyuqbcZEFsZfm	El Alfa	['dembow', 'rap dominicano', 'reggaeton', 'trap latino', 'urbano latino']	[2019]	1	1
73Np75Wv2tju61Eo9Zw4IR	Idina Menzel	['hollywood', 'movie tunes', 'show tunes']	[2017, 2019, 2020, 2021]	1	1
4pwXiI7Z5ZStkgKowZyoKi	Like Mike	['belgian edm']	[2019, 2020]	1	1
74V3dE1a51skRkdII8y2C6	André 3000	['atl hip hop', 'dirty south rap', 'hip hop', 'southern hip hop']	[2019]	1	1
19mGvdSo2IfLvZdeXLN4R1	Yanno	[]	[2019]	1	1
2HUwZ0kumzCSlhFcjFZfpp	Flipp Dinero	['melodic rap', 'trap']	[2019]	1	0
7d3WFRME3vBY2cgoP38RDo	Lil Skies	['melodic rap']	[2019]	1	0
0zcvdNaCV5BhEfpULJ9QVl	Lena	['dutch rap pop']	[2019]	1	0
70kkdajctXSbqSMJbQO424	Kacey Musgraves	['classic texas country', 'contemporary country', 'country dawn']	[2019, 2020]	1	1
04yB9kBsaEQgT8hFfcsQik	Mustard	[]	[2019, 2020]	1	1
3kw9wqwYyvRCI6Q2rqsfNS	Dopebwoy	[]	[2019, 2020]	1	1
0VGybH10ziMPo99SYOwMoQ	Tamta	['greek pop', 'laiko']	[2019]	1	0
65CKKZilbcSKkAPC9a5Mvh	Oumou Sangaré	['afropop', 'malian blues', 'mande pop', 'wassoulou', 'world']	[2019]	1	1
49tQo2QULno7gxHutgccqF	LANY	['la pop']	[2019]	1	1
3qiQUUvazYmo7tBgQeb2rf	Moonkey	['drill espanol', 'urbano espanol']	[2019]	1	1
2ndyVAdV9UqF1XjyTJt484	Fred Hammond	['gospel']	[2019]	1	1
3IW7ScrzXmPvZhB27hmfgy	Jul	['french hip hop', 'pop urbaine', 'rap marseille']	[2019]	1	1
1xoWYqTvsYArxO1Xge3TG4	Michela	['maltese pop']	[2019]	1	0
4yxeyorUKkW9fOOBeguEC9	Flynn	['irish pop']	[2019]	1	1
6DfhGX8oFOYnIgCswlVzOL	Ballin30	['dutch drill']	[2019]	1	1
4UXTIkBW9t9Lcx3xtlaifs	Lake Malawi	['czech pop']	[2019]	1	0
0iOVhN3tnSvgDbcg25JoJb	Etta James	['jazz blues', 'soul', 'soul blues', 'torch song', 'vocal jazz']	[2019, 2021]	1	0
69GGH3fqk8waBkpDJ5C2mK	Sergey Lazarev	['russian pop']	[2019]	1	0
5baF1hEHkXQ8Bt5NWccRW7	Broski	[]	[2019]	1	1
66W9LaWS0DPdL7Sz8iYGYe	JP Saxe	['alt z', 'canadian contemporary r&b', 'singer-songwriter pop']	[2019, 2020, 2021]	1	1
0ceH34CATvfgphxnLRWFkm	9lokknine	['florida drill', 'florida rap']	[2019]	1	1
0uGApGjjFXKwUOAqYBeX7B	Deepend	['deep house', 'deep tropical house', 'tropical house']	[2019]	1	1
0W1rMsEiQt1BdmVfh1HgDb	Le' max	[]	[2019]	1	1
6RedK3o51NbUJuJxXlT4kj	88-Keys	['alternative hip hop']	[2019]	1	1
1LOB7jTeEV14pHai6EXSzF	Cash Cash	['dance pop', 'edm', 'electro house', 'electropowerpop', 'pop dance']	[2019]	1	1
6CA2eS7cImKROD1MxahLgU	Fabiola	[]	[2019]	1	0
3dkbV4qihUeMsqN4vBGg93	Al Green	['classic soul', 'funk', 'memphis soul', 'soul', 'soul blues', 'southern soul']	[2019]	1	0
7dtJROxWQe3fxxF5t7o67N	Bonnie McKee	['candy pop']	[2019]	1	1
4FZ3j1oH43e7cukCALsCwf	Jack White	['alternative rock', 'blues rock', 'garage rock', 'garage rock revival', 'indie rock', 'modern blues rock', 'modern rock', 'punk blues', 'rock']	[2019]	1	1
11LbPHLi2sCqOVjknt0jmW	John Lundvik	['swedish pop']	[2019]	1	0
3O1XPxomgFYrgT5wXjDUVo	Kaylin	[]	[2019]	1	1
3JCfgXnyQBwjAp61EctbQP	Perle Lama	['zouk', 'zouk riddim']	[2019]	1	1
6q3p11nP1p80Ey6LrOOSed	Hit-Boy	['drumless hip hop']	[2019]	1	1
6joB7YFSDem47RTcFptKKD	Lia Bijster	[]	[2019]	1	1
5bWUlnPx9OYKsLiUJrhCA1	Jon Z	['reggaeton', 'trap latino', 'urbano latino']	[2019]	1	1
6HCUfgQJQ5AvjxX3coDJsT	Chingiz	[]	[2019]	1	0
7wPy6YZoLBYA5dBDpXEkqG	Nol Havens	[]	[2019]	1	1
6bvQsgkkfaVQ5IljDVC5hk	Mesy	['dutch hip hop']	[2019]	1	1
1eoyu9uAivE7Jwak40J1MW	Bilal Hassani	['french pop', 'variete francaise']	[2019]	1	0
1sFgBsBreFyC40aJNWg2QX	LU BACH	['lustrum']	[2019]	1	0
5oNWzcU0mYK1zDUxBGHIaG	Hannah Mae	['dutch pop']	[2019, 2020, 2021]	1	0
7HQH1SJokcVMdstilKJ2S8	The Brian Setzer Orchestra	['heartland rock', 'rockabilly', 'swing', 'swing revival']	[2019]	1	0
7k9T7lZlHjRAM1bb0r9Rm3	Wiley	['grime', 'uk dancehall', 'uk hip hop']	[2019]	1	1
0Dc2rdPzleezxhvQhQbXuS	Idris Elba	['uk tech house']	[2019]	1	1
5PjekOABtfU2Kwo0AHVmci	Guy Sebastian	['australian pop', 'australian talent show']	[2019]	1	0
1FrJF7ob2Mov0nd7Kv7Lz2	Wesley Klein	['carnaval', 'levenslied']	[2019]	1	1
3uZFBSsMiooimnprFL9jD1	Snow	['canadian old school hip hop', 'reggae fusion']	[2019, 2020]	1	1
1U3m2ZaxxYMDuF5AMf84bD	Serhat	[]	[2019]	1	0
3Fl1V19tmjt57oBdxXKAjJ	Blueface	['cali rap', 'rap']	[2019]	1	0
4czBYH5Cx0BFCXixmMsgyU	Giorgio Sanches	[]	[2019]	1	1
6EYEbuEhF2WMVU47iUJNBS	Gio	['dutch hip hop', 'dutch pop', 'dutch rap pop']	[2019]	1	1
2bPh6UXbS7wZ7tyN35kFEG	Artistic Raw	['dutch house']	[2019]	1	1
0Cv2NCGTe2jq3bnpNopwup	Elias Chainboy	[]	[2019]	1	1
6t9tbRO9Lv6Oq6xtVwfdrn	Theresa Rex	['scandipop']	[2019]	1	1
6TlWqqdj65mppNUHZVkjaq	Victor Crone	['melodipop', 'swedish pop']	[2019]	1	0
0r0RFyxSpdl13hE2e0W0Qx	Daniël Busser	['belgian hip hop']	[2019]	1	1
4uoA55AcDfXP6BqttlThF2	Kater Karma	['surinamese hip hop', 'surinamese pop']	[2019]	1	1
6iyadmF41vqU7NnBaVabfL	HARLOE	['la pop']	[2019]	1	1
6lJgqdHpRFMsxeqyrSUYMR	Leonora	[]	[2019]	1	0
13saZpZnCDWOI9D4IJhp1f	Lily Allen	['dance pop', 'electropop']	[2019]	1	0
0pOruKWwgyqSLZhn4Xovs9	Ardian Bujupi	['albanian hip hop', 'albanian pop', 'german hip hop', 'kosovan pop', 'turbo folk']	[2019]	1	1
3JzbTeeULg9qMHXiEMYfpY	NabilTime	[]	[2019]	1	0
3npPYptNMjkBRFqZmLVeV9	Alannah	[]	[2019]	1	1
3NH8t45zOTqzlZgBvZRjvB	PNL	['french hip hop', 'pop urbaine']	[2019]	1	0
0rlKkLkpsCnJbZethGBfAk	Captain Cuts	['pop edm']	[2019]	1	1
5mYakBbBzPMQTfkVMIgiDM	Georgia Ku	['uk pop']	[2019]	1	1
28y6CyJNkGNjJQKrlx4AmN	HRVY	['pop']	[2019]	1	1
3k3gbUT7bF0jYmFmAKBQtU	Dan Reynolds	[]	[2019]	1	1
0GOx72r5AAEKRGQFn3xqXK	GIMS	['french hip hop', 'french pop', 'r&b francais', 'rap conscient']	[2017]	1	1
2zTuJejwDNORTLRCkQPbHy	Dany Synthé	[]	[2017]	1	1
09M7zqUroSleD8V1Yifl4a	SoFLY & Nius	[]	[2017]	1	1
3hPPNy5OBzCU1icQO7Nrok	99 Percent	[]	[2017]	1	1
112bztuuAoEGVa7eXYOyGc	Gio	[]	[2017]	1	1
1xYRrfmh7NjIUY6XuJhvVm	Pápai Joci	['hungarian pop']	[2017]	1	0
5xUf6j4upBrXZPg6AI4MRK	Soundgarden	['alternative metal', 'alternative rock', 'classic rock', 'grunge', 'hard rock', 'nu metal', 'rock']	[2017]	1	0
3hACKYs8FPF33SDB7cACtd	Wolfgang	[]	[2017]	1	1
2nZkaOjtLcVpKRZURO2eV6	Howard D	['basshall']	[2017]	1	1
3PPt34K5KPUX17cpuQWD5D	Memphis	[]	[2017]	1	1
1VBflYyxBhnDc9uVib98rw	Icona Pop	['candy pop', 'dance pop', 'electropop', 'metropopolis', 'swedish electropop', 'swedish synthpop']	[2017]	1	0
7wjeXCtRND2ZdKfMJFu6JC	Louane	['french pop']	[2017]	1	1
1Dn88PoQjnQgLTOaokePFz	Bright Sparks	[]	[2017]	1	1
26vgmDQj9sciypmPvShds8	Beckie	[]	[2017]	1	1
2jiwQXGANb2H6O6TATlm0L	Gamemeneer	[]	[2017]	1	0
16GFcI0Sl34ETwdcVuM0Mj	Langesjaak	[]	[2017]	1	1
5X4LWwbUFNzPkEas04uU82	DVBBS	['canadian electronic', 'dutch house', 'edm', 'electro house', 'pop dance', 'progressive electro house', 'slap house']	[2017]	1	1
78DWNk8gFHU30TGITAgbM7	CMC$	['pop edm', 'vapor twitch']	[2017]	1	1
5338fdSzGNOFD4cxAxDTeq	Aaron Carter	['post-teen pop']	[2017]	1	0
4zxvC7CRGvggq9EWXOpwAo	Kiesza	['electropop', 'pop edm']	[2017]	1	1
1m2yJ9mrcBaW7wjjUjxwFR	E	[]	[2017]	1	1
7b7fZRv3EYhFgWYJR3yjXn	Mark McCabe	['irish pop']	[2017]	1	1
3wjsrpfO6odEphTZWx45RQ	Hearts & Colors	[]	[2017]	1	1
5M2y5A6d5QZjw9JeKClagC	Andrelli	['swedish pop']	[2017]	1	1
1JjIKP5IOuEDXQVZsbUiB2	Kristian Kostov	[]	[2017]	1	0
1vlR56ECqMAOA2mUTcTgPV	Emma Bale	['belgian pop']	[2017]	1	1
6g0mn3tzAds6aVeUYRsryU	The War On Drugs	['chamber pop', 'indie rock', 'modern rock', 'philly indie']	[2017]	1	0
5Tz4zMiRWqiQVAymWZz99a	Zebra Katz	['escape room', 'lgbtq+ hip hop', 'vogue']	[2017]	1	1
0CkbPVBpOwwz9NPPglFKyq	RAY BLK	['alternative r&b', 'electra', 'uk contemporary r&b']	[2017]	1	1
75jNCko3SnEMI5gwGqrbb8	Tammi Terrell	['classic soul', 'motown', 'soul', 'southern soul']	[2017]	1	1
67wCYxOq4A1ohAs7jWYaOJ	Rik Rok	['reggae fusion']	[2017]	1	1
5CXvT1JutlWVLJN8YEOf1h	Nathan Goshen	['israeli pop']	[2017]	1	1
70s3IS6gQEe8f9l08yYdpJ	KVR	['dutch edm']	[2017]	1	1
7rpf45DdbpweG51Acze45i	Kay Starr	['torch song']	[2017]	1	0
6A7gHMcSscO6NgtMXu9b56	Cello	[]	[2017]	1	1
5psTfOBPmc8UquYcnS22KE	Pink	[]	[2017]	1	1
1qskAseW7apRxJBpYAO9Yk	Felix Snow	[]	[2017]	1	1
2kGBy2WHvF0VdZyqiVCkDT	Father John Misty	['art pop', 'chamber pop', 'indie rock', 'indietronica', 'singer-songwriter', 'stomp and holler']	[2017]	1	0
6ONLlwhivAvgyPHwi2cO0p	Jacky Van Dam	['voetbal']	[2017]	1	0
6EdZGq8O62UJBtWLlstKLa	Louivoss	[]	[2017]	1	1
3kcwSBHk3lMgHMHuxjJLNZ	Bazart	['belgian indie', 'belgian pop', 'kleinkunst']	[2017]	1	0
5JSXWmQO8csVUy6hSRu8TA	Maty Noyes	['alt z']	[2017]	1	0
2QLV9knhcxEmAdkdg6KRDa	Raymond van Barneveld	[]	[2017]	1	1
1bT7m67vi78r2oqvxrP3X5	Naughty Boy	['uk contemporary r&b']	[2017]	1	1
5luyt0SUvGkDMY4ILP6Qhl	Descemer Bueno	['cubaton']	[2017]	1	1
3Gm5F95VdRxW3mqCn8RPBJ	Aminé	['pop rap', 'portland hip hop', 'rap', 'underground hip hop']	[2017]	1	0
726MxZBpkxnnoKl6aN7mmj	Cookin' On 3 Burners	['bboy', 'instrumental funk']	[2017]	1	1
0v2oB2xMS64U3lcU5DFuCY	Peven Everett	['broken beat', 'chicago house', 'deep house']	[2017]	1	1
7qPLO2XOUaRrRxkvLZ3AEK	Zeeba	[]	[2017]	1	1
5ZS223C6JyBfXasXxrRqOk	Jhené Aiko	['r&b']	[2017]	1	1
15NtJjjHRFybdNSMyM9smT	Nevada	[]	[2017]	1	1
4xTiWBThjZgo1uZn1WpZm3	DJ Hamida	['rif']	[2017]	1	1
7x3eTVPlBiPjXHn3qotY86	KeBlack	['french hip hop', 'pop urbaine', 'r&b francais']	[2017]	1	1
7xNYY1Zkb1vks5m9ATlJok	Naza	['french hip hop', 'pop urbaine', 'r&b francais', 'rap francais']	[2017]	1	1
2deAwJr19wfxpqJ5duZyk1	Jiggy Djé	['dutch hip hop']	[2017]	1	1
0lzV2CiahHRiGd6qpADtPS	James Hersey	[]	[2017]	1	0
1xmSglNQzcUbDOue8983HI	Deynowel	[]	[2017]	1	1
0bniLa0yucAhlTzZZTXBJ1	Clandistino	[]	[2017]	1	1
3QqlKdJRY4IqUry390xfvJ	MICAR	['german dance']	[2017]	1	0
4qkALl4SykX5W9kMih6sdK	Mokadrumz	['moombahton']	[2017]	1	1
2CU1lH3DaaajH9Cm2S2tPk	Freddy Moreira	['basshall', 'dutch rap pop']	[2017]	1	1
2svfe1pMwteF5HCoBP4Q9a	Capital Candy	['basshall']	[2017]	1	1
2bB07fyWpuljWVXHOIV9gf	Patexx	['riddim']	[2017]	1	1
4LFgxG38Y0l4Fo1gdQelay	The Dap-Kings Horns	[]	[2017]	1	1
7vrimn274EqHxeJmY7Lcu9	Jason Futuristic	[]	[2017]	1	1
4a6Mj4eC35rrNSdbNWiQcV	Maximilli	['dutch hip hop']	[2017]	1	1
7dd60k1aNeBKWKshC7icGq	Curtis Alto	[]	[2017]	1	1
4YbA8YM7T2NUh4ixVaW14A	Sunbathers	['baltimore indie', 'hopebeat']	[2017]	1	1
3plJVWt88EqjvtuB4ZDRV3	Ben E. King	['rock-and-roll', 'soul']	[2017, 2020]	1	0
7gdCmaw8usPH2U6jrqPCtE	Bravs	['dutch rap pop']	[2017]	1	1
7nEbC6B6SmZTjZtxaa1exp	Gino Stacksz	['dutch drill']	[2017]	1	1
4YddQ3n18iC5QPZQBJMmAM	TAVV	['dutch hip hop', 'dutch rap pop']	[2017]	1	1
7lrnF1aktlHJVgq0lOMxg5	Priceless	[]	[2017]	1	1
690mPoMpKiVj9Noa8IUiDE	Innecent	['dutch hip hop']	[2017]	1	1
0TF2NxkJZPQoX1H53rEFM1	Gladys Knight & The Pips	['classic soul', 'disco', 'funk', 'motown', 'quiet storm', 'soul']	[2017]	1	1
20mCdWSz6PqFQof9gFFJ1r	Alvaro	['dutch house', 'edm', 'electro house', 'melbourne bounce', 'progressive electro house', 'sky room']	[2017]	1	1
6jPriOYMyUL9kNonBI1CNd	Faustix	['dakke dak', 'danish pop']	[2017]	1	1
4x7gxsrTH3gThvSKZPPwaQ	Chuckie	['dutch house', 'edm', 'electro house', 'melbourne bounce', 'progressive electro house']	[2017]	1	1
19y5MFBH7gohEdGwKM7QsP	Luther Vandross	['quiet storm', 'soul']	[2017]	1	0
7HJJZW3pcWU0prxsDy90BN	SEVN	[]	[2017]	1	1
4doI7TR51c6DTaveTwpIkg	Emilie-Claire Barlow	['contemporary vocal jazz', 'vocal jazz']	[2017]	1	0
44NX2ffIYHr6D4n7RaZF7A	Van Morrison	['classic rock', 'folk', 'folk rock', 'heartland rock', 'mellow gold', 'rock', 'singer-songwriter', 'soft rock']	[2017]	1	0
7f35VZGDpomj11PXdNn5D9	Max B	[]	[2017]	1	1
5mwcMzXAn2fReGFjXeGGsJ	PLEUN	['dutch pop']	[2017]	1	0
0fUzzFMn9TbQ5blbQDMuwP	Damier	[]	[2017]	1	1
1SiCF4gVjnR5iAIwk1nkXo	OG3NE	['dutch pop']	[2017]	1	0
0KLk4G8rBLlkbmmlbIqTqL	Faya	[]	[2017]	1	1
602DnpaSXJB4b9DZrvxbDc	Peggy Lee	['adult standards', 'torch song', 'vocal jazz']	[2017]	1	0
19jYIUigXsuCaRrl6VyYLs	HEF	[]	[2017]	1	1
3famqI9bxiwLcAjRq3HuYl	Riverdale Cast	[]	[2017]	1	1
1KFcbdF1lM9FGM0pMzfoqF	KJ Apa	[]	[2017]	1	1
0fCpd1gWP1kObFnctwl9r6	Camila Mendes	[]	[2017]	1	1
3tIuDX97G6mxs19z9UjedI	Lili Reinhart	[]	[2017]	1	1
5p4DnnsAWnZtb0tETWM3cV	Kevin	[]	[2017]	1	1
61QvEH9Rei0nuhI0vZ5m5V	Teske	['dutch pop']	[2017]	1	0
6EpQlDjY8ubHu3EpwYzGwO	i$si	[]	[2017]	1	1
2Zvn8gcaucDuMsjgw9o7SY	Tavi Castro	['moombahton']	[2017]	1	1
3aTMDZLtkFlYQfQL7bzccp	Ryan Leslie	[]	[2017]	1	1
6fXEqmGQEt6ONuqVmwrN46	Bag Raiders	['alternative dance', 'australian dance', 'indietronica']	[2017]	1	0
6keKHh1fCVJCv2DSP5UVZB	Joop Leeuwendaal	['kermis', 'voetbal']	[2017]	1	1
7tRV3aBMX1jlR6GgRRFo2b	De Ajax Marsch	[]	[2017]	1	1
5xdg8RYJt4wu2zaz9uY5CD	Rich	[]	[2017]	1	1
17UkABEasVRlCcIFZ3wHb7	Steps	['diva house', 'europop', 'talent show']	[2017]	1	0
74eY8wbrhhVD7pACbBHwHw	Imany	['french indie pop']	[2017]	1	1
5NW2uPFatEKjZQ5gpWD8HO	Filatov & Karas	['russian dance', 'russian edm', 'russian pop']	[2017]	1	1
2Dh0kFL1Dosd9G17HwrkKc	Djamila	[]	[2017]	1	0
5M0lbkGluOPXLeFjApw8r8	DRAM	['pop rap', 'trap', 'underground hip hop', 'viral trap', 'virginia hip hop']	[2017]	1	1
34SBu2kvAUh84umN8Pi0iI	Hight	['uk dance']	[2017]	1	1
5KPJMJR9PCfMWSfco8i4W4	Alex Aiono	['teen pop']	[2017]	1	1
0H4lEdOgBhMO4iLjh5eWRp	Falco Van Den Aker	[]	[2017]	1	1
0IaGKdJMLQv0vLHc1Bzz6u	Bob Van Ratingen	[]	[2017]	1	1
7Fb4bPwUT0mrtDXt2qmJEp	Olaf Blackwood	[]	[2017]	1	1
7yNfjZY3QJpm4cUj1i0fWD	Kaptan	['hopebeat', 'indie poptimism']	[2017]	1	0
6U4uEoS3ISgppqupG6GJoZ	Nathan Trent	[]	[2017]	1	0
7xhR4wM8X8SeGTKKPujotA	Anita Doth	[]	[2017]	1	1
0MygqrqdFzBBCzBx8VpK2m	Milo	[]	[2017]	1	1
27mFvqQj8KpjmdKIqcw1mG	Ayo & Teo	['trap', 'viral trap']	[2017]	1	0
1bgyxtWjZwA5PQlDsvs9b8	Sarah Vaughan	['jazz', 'torch song', 'vocal jazz']	[2017]	1	0
2VY0tBQrNd2J2ZLZsjToB9	AmsterdamSoundSystem	[]	[2017]	1	1
7slfeZO9LsJbWgpkIoXBUJ	Ricky Martin	['latin pop', 'mexican pop', 'puerto rican pop']	[2017]	1	1
6FhF4CThrHldCUxYWbloJP	Brooks	[]	[2017]	1	1
2zzpznMuhKlKlqh1ma7Sms	Dakota	[]	[2017]	1	1
5SogMTbffh5SFsPZXpTAsj	Marianne Weber	['levenslied']	[2017]	1	1
6u17YlWtW4oqFF5Hn9UU79	Harry Connick, Jr.	['adult standards', 'contemporary vocal jazz', 'lounge', 'vocal jazz']	[2017]	1	0
6mctsJBrfcWvWH7S8h716D	Moelogo	['afrobeats', 'nigerian pop']	[2017]	1	1
1dY2wspDKspUrcUwPvxZBL	DTim	[]	[2017]	1	1
0IM2U8lSEY76qJdiWymLxi	Delly Kavalli	[]	[2017]	1	1
4P2TDo73Vez6AX1MVnKodM	Juandisi	[]	[2017]	1	1
1X6dfPmF8f5C5EW3WIGfvm	SJUR	['scandipop']	[2017]	1	1
4GrH6djlMelZDucxke8WAk	Chris Crone	[]	[2017]	1	1
3iri9nBFs9e4wN7PLIetAw	gnash	['alt z', 'pop']	[2017]	1	1
1QRj3hoop9Mv5VvHQkwPEp	Olivia O'Brien	['alt z', 'pop']	[2017]	1	1
5QoIGCglgbY92IISiw3xk4	Lange Ritch	[]	[2017]	1	1
3G7PajK9VMPrdWRgZL0Ol6	Louis	['sevdah']	[2017]	1	1
4NZvixzsSefsNiIqXn0NDe	Maggie Rogers	['indie pop']	[2017]	1	0
2tFN9ubMXEhdAQvdQxcsma	Jessica Simpson	['dance pop', 'post-teen pop']	[2017]	1	0
2AQjGvtT0pFYfxR3neFcvz	Jordin Sparks	['dance pop', 'pop', 'post-teen pop']	[2017]	1	0
4PVn1b2WnnXdq80C7uaZLZ	Nause	[]	[2017]	1	1
4bvWFV51SAEocM22uiDOza	Pretty Sister	['la pop']	[2017]	1	1
0JeTRYMH7FoBiMcLXg1n8g	Full Crate	['armenian hip hop', 'dutch r&b', 'indie r&b']	[2017]	1	0
5lbM4g6bhxjNX7R5QHP2nD	Xavier Rudd	['australian indie folk', 'australian reggae fusion']	[2017]	1	0
6gB1LKGgfiV7oWtpx8nRzI	Laksida	['dutch hip hop']	[2017]	1	1
0vbEs3DgphJ2RGZqh4qFLT	Anita Kerr Singers	['easy listening']	[2017]	1	0
4aOOnr90lZUhyGcEgmtgcl	Rynn	['indie electropop']	[2017]	1	1
6kEsKkXuE4olX7m3mNLZkS	Art Garfunkel	['folk', 'folk rock', 'mellow gold', 'soft rock']	[2017]	1	0
4ojW02xqgfGF86tfD0geu7	Mavy	[]	[2017]	1	1
58MLl9nC29IXbE4nEtuoP2	Alex & Sierra	['pop', 'post-teen pop']	[2017]	1	0
1hzfo8twXdOegF3xireCYs	Milky Chance	['german pop', 'modern rock']	[2017]	1	1
7xEFii6utZmQ61kX59HmLH	FRENSHIP	['electropop', 'indie poptimism', 'la pop']	[2017]	1	1
3Lu9zTGOtzT2MZpfxdaHJv	The Darkraver	['gabber']	[2017]	1	1
3gaJXImk9SFqNBDBSXA7DN	The Champ	['voetbal']	[2017]	1	1
70IqPt5DpdEqAvvUxwYt63	MC F	[]	[2017]	1	1
3zrUX1hQrUB9aXcOiyQLmN	Stanaj	[]	[2017]	1	1
2DlGxzQSjYe5N6G9nkYghR	Jennifer Lopez	['dance pop', 'pop', 'urban contemporary']	[2017]	1	1
0UN8vGMxWEBKNNu8NtyF96	Lush & Simon	['dutch house', 'electro house', 'progressive electro house', 'sky room']	[2017]	1	1
2w9zwq3AktTeYYMuhMjju8	INNA	['dance pop', 'romanian house', 'romanian pop']	[2017]	1	1
05o1zW8b6PV6rEquXr74sB	State of Sound	['swedish tropical house']	[2017]	1	0
2YrmJv4kRZkbOe7sJxeT8i	Rick Versace	[]	[2017]	1	1
4ULGa4Z5VEXmc1XGd5fdWE	iNoah	[]	[2017]	1	1
6ioOEWNNGK40H8xrGj6XPW	XYLØ	['alt z', 'indie poptimism', 'la pop']	[2017]	1	1
7oDLqKNhDy6c3ab4eSvAuf	Milo	[]	[2017]	1	1
7blkMNJv8n9ceP9zlA4W2U	Shawn Hook	['canadian pop']	[2017]	1	1
6G9bygHlCyPgNGxK2l3YdE	Vanessa Hudgens	['dance pop', 'pop', 'post-teen pop']	[2017]	1	1
7mnW5kGy25fVnkzxDMa9Gr	BKO	[]	[2017]	1	1
2vNrup3eae3aXEKex5YJBv	Opa Norma	[]	[2017]	1	1
0pt7PX4Hftlg8mV1ySU84Q	CVBZ	['dark r&b']	[2017]	1	1
7r2uG6BlFXKcwmh9ItqlII	Wrabel	['alt z']	[2017]	1	1
3kjuyTCjPG1WMFCiyc5IuB	Arcade Fire	['alternative rock', 'baroque pop', 'canadian indie', 'chamber pop', 'indie rock', 'indietronica', 'modern rock', 'permanent wave', 'quebec indie', 'rock']	[2017]	1	0
3qMyym6ov558YgVuOOscEm	Blanche	[]	[2017]	1	0
134GdR5tUtxJrf8cpsfpyY	Elliphant	['electropop', 'swedish indie pop']	[2017]	1	1
7AOCUMe3rKW4o3uADBNwVy	Sophie Simmons	['la pop']	[2017]	1	1
36jaGQtMj5UWD0eO1fCVdD	Joel Adams	['australian pop', 'pop soul', 'teen pop']	[2017]	1	0
6lB8vOoI4DRrrVxXwuV19c	Mike Perry	['pop dance', 'swedish tropical house']	[2017]	1	1
7eCmccnRwPmRnWPw61x6jM	shy martin	['alt z', 'swedish electropop']	[2017]	1	1
1LKo6ZA3RNvKtLa6zDu32S	Kranium	['basshall', 'dancehall']	[2017]	1	1
3jVMgT4X7YeuYE4aludcmE	Phil Spector	['brill building pop']	[2017]	1	0
6gK1Uct5FEdaUWRWpU4Cl2	Petit Biscuit	['new french touch']	[2017]	1	0
2sToAiUPRk2HFyIWwfTcnv	Sligg	['dutch hip hop']	[2017]	1	1
23WXCQnpDGRXlR4Yc3t5H1	LeeTowers	['voetbal']	[2017]	1	0
6ltzsmQQbmdoHHbLZ4ZN25	Lord Huron	['indie folk', 'modern rock', 'stomp and holler']	[2017]	1	0
2JyWXPbkqI5ZJa3gwqVa0c	Craig David	['british soul']	[2017]	1	1
4H1PNuHElBLVok0lnYMrRb	Dyo	['alte']	[2017]	1	1
3JafMJaTnC0LXuK3pEkaHi	Eves	[]	[2017]	1	1
5OReTeTBZ578sj07hDS0x7	Alex Schulz	['deep house', 'deep tropical house', 'pop dance']	[2017]	1	1
5cIc3SBFuBLVxJz58W2tU9	Oh Wonder	['electropop', 'indie poptimism', 'pov: indie']	[2017]	1	1
38OeIb2MV8ggjHpCZ4TVSY	Hiewi	['dutch hip hop']	[2017]	1	1
5EehXjjMktLuJmbRsM7YfB	Disciples	['house', 'pop dance', 'uk dance']	[2017]	1	0
5Yh3qHDUeUiyQqn1jmNhT1	Talay Riley	[]	[2017]	1	1
0AepkoQhYvkjEzzwIcGxdV	Jacob Banks	['uk contemporary r&b']	[2017]	1	1
7pFeBzX627ff0VnN6bxPR4	Desiigner	['pop rap', 'rap', 'southern hip hop', 'trap', 'viral trap']	[2017]	1	0
0AJUYWKztkg5dnrHDIBv47	MiC LOWRY	[]	[2017]	1	0
1Q0kuvgP9fC9Y5OCP1mzOV	Angelo King	['dutch rap pop', 'slow game']	[2017]	1	1
1fVUzi8EF2oGNzPuP7g7EG	Babel-Ish	['basshall', 'dutch rap pop']	[2017]	1	1
6XGj8QCc5uKv4dt6pkdCKS	Jerry Williams	['portsmouth indie']	[2017]	1	0
736HGQRGr9rjG4VmmSpkz8	Naaz	['dutch pop']	[2017]	1	0
6dC0rIJNLSFZwqckLgXJ8p	Timeflies	['indie pop rap']	[2017]	1	0
0vr6C9PMmAbLj86vuQA4pS	Rotjoch United	['dutch hip hop']	[2017]	1	1
3Bd1cgCjtCI32PYvDC3ynO	London Grammar	['metropopolis', 'nottingham indie']	[2017]	1	0
6tUJpYN2aYiXbzAcg0pIOo	Sinéad Harnett	['alternative r&b', 'gauze pop', 'uk contemporary r&b']	[2017]	1	0
5TgQ66WuWkoQ2xYxaSTnVP	Netsky	['belgian edm', 'dancefloor dnb', 'drum and bass']	[2017]	1	1
6S3KljEiIOWoLMUyZrkQUc	Marnik	['dutch house']	[2017]	1	1
2m0y0cDl1US03sYgxv9r6s	JOWST	['norwegian pop']	[2017]	1	0
6VD4UEUPvtsemqD3mmTqCR	Deorro	['dutch house', 'edm', 'electro house', 'melbourne bounce', 'melbourne bounce international', 'pop dance', 'progressive electro house']	[2017]	1	1
1c22GXH30ijlOfXhfLz9Df	Elvis Crespo	['latin pop', 'salsa', 'tropical']	[2017]	1	1
5SUayoTlPtTW5FXoPFueTD	Yangfashiongados	['dutch hip hop']	[2017]	1	1
1k5APScmfM5QAggVntAY7h	Blauwe Uil	[]	[2017]	1	1
5VGhS6nHpXPbXGhku9RRB0	Sef	['dutch hip hop']	[2017]	1	1
04abdnqPQe2N4fjztDea6z	Austin Mahone	['pop', 'post-teen pop']	[2017]	1	1
5h9eZmjvBmuptaX8uW6FmI	DJ Moortje	[]	[2017]	1	1
4zcmNZjI5wlMxDXMLbJF83	MC Pester	[]	[2017]	1	1
7nKeLE1toRtW4M279iS26h	Zay Hilfigerrr	['viral trap']	[2017]	1	1
5AsWcQXw4RJFRWBbwa0ti0	Zayion McCall	[]	[2017]	1	1
5XJrUCFOtE3nNu5sLYOD1k	Ali B	[]	[2017]	1	1
10rtYx82dLgxlD5PlWXsXA	Sharon Doorson	['dutch pop']	[2017]	1	0
5DP8uQLYvY07JGJvtVklwV	DJ Youss-F	[]	[2017]	1	1
1HvCWUrKX1xKeT3yQXjPeI	Walter Martin	[]	[2017]	1	1
6WxegST7d2jCYjq7SR8Bds	Kat Edmonson	['contemporary vocal jazz', 'jazz pop']	[2017]	1	1
47iD2jNe2wZuyr7mvOHQyu	Jandino Asporaat	['dutch cabaret']	[2017]	1	1
5ed6V9Y0zJ86tgeKvgDRKo	Heinek'n	[]	[2017]	1	1
2AcUPzkVWo81vumdzeLLRN	Rhye	['art pop', 'downtempo', 'indie soul', 'indietronica', 'shimmer pop']	[2017]	1	1
0GfYO21pue5u0sVEYk9HZO	Salvador Sobral	['portuguese pop']	[2017]	1	0
3QPrW2AxSYf8F6cSqPceLZ	Milan Knol	[]	[2017]	1	0
0DdDnziut7wOo6cAYWVZC5	KREAM	['pop dance']	[2017]	1	1
64PgkSM1uDD9BJEg0UkMMM	Ilinca	[]	[2017]	1	1
7LCXh4MTN5bnfptYe17e66	Alex Florea	[]	[2017]	1	1
3XPMjw33K4qDCpjJrVXDVE	11	[]	[2017]	1	1
188VINPQh5dyNfLUkevKqf	Olivia Holt	['alt z', 'post-teen pop']	[2017]	1	0
00Z3UDoAQwzvGu13HoAM7J	Skizzy Mars	['indie pop rap']	[2017]	1	1
7x8NAk8hz9zl6lFwJLvDDL	GRGY	['dutch hip hop']	[2017]	1	1
10y3Udpl226PFOTdmgEcXP	Tads Thots	['dutch hip hop']	[2017]	1	1
2g5i0SaoVyYRKC3fKJ8hcl	Modd	[]	[2017]	1	1
4bpz1DmU9tB2FDq2tPgAFC	Lilo	[]	[2017]	1	1
2VAnyOxzJuSAj7XIuEOT38	AlunaGeorge	['electropop', 'house', 'uk dance']	[2017]	1	0
3NoeRIxHApi6qe4yan2Vnn	Eric Nally	[]	[2017]	1	1
0jNDKefhfSbLR9sFvcPLHo	San Holo	['brostep', 'edm', 'electro house', 'electronic trap', 'future bass', 'pop dance']	[2017]	1	0
1fnqrUzStcFzRdTybhaOdT	Room Eleven	['dutch pop']	[2017]	1	0
1AAfkmCFRTSDg18GQ3itgl	DJ Katch	['basshall']	[2017]	1	1
4yX6mpMyBGf9UfvBB8JJrc	Hayla	[]	[2017]	1	1
2OJ9q6gAsEHOdqOTIzqnXx	DJ Stijco	[]	[2017]	1	1
1YzCsTRb22dQkh9lghPIrp	Billie Holiday	['adult standards', 'harlem renaissance', 'jazz', 'jazz blues', 'soul', 'swing', 'torch song', 'vocal jazz']	[2017]	1	0
2WoVwexZuODvclzULjPQtm	Sampha	['alternative r&b', 'indie soul']	[2017]	1	1
481x6ihs3FRKpzHBK5SH51	Hef	[]	[2017]	1	1
3ESG6pj6a0LvUKklENalT6	Doris Day	['adult standards', 'easy listening', 'lounge', 'vocal jazz']	[2017]	1	0
1b4DN8Vj0dnj5cceMFsRYN	Dante Klein	['deep tropical house', 'dutch house', 'pop edm']	[2017]	1	1
1I7oHjCjMrMUz66v67yJJu	Joshua Hyslop	['acoustic pop', 'indiecoustica']	[2017]	1	0
3vvjmN7sqoO42Wsusz4wBS	AfroTura	[]	[2017, 2021]	1	1
2oX42qP5ineK3hrhBECLmj	Andy Grammer	['neo mellow', 'post-teen pop']	[2017]	1	0
3EA9hVIzKfFiQI0Kikz2wo	Andrea Bocelli	['classical tenor', 'italian tenor', 'operatic pop']	[2017]	1	1
3qm84nBOXUEQ2vnTfUTTFC	Guns N' Roses	['glam metal', 'hard rock', 'rock']	[2017, 2021]	1	0
53YSn9tHwGJ6bq5P0gGoYo	Firebeatz	['dutch edm', 'dutch house', 'edm', 'electro house', 'pop dance', 'progressive electro house', 'progressive house']	[2017]	1	1
37X06XsrLg91pJf5y9kb8A	Little Giants	[]	[2017]	1	1
4N874uPqBka1QiCvnCVOtr	Phoebe Ryan	['alt z', 'indie poptimism']	[2017]	1	1
23HG5wQ67P2pMksEMTbkur	L.A. Salami	['london indie']	[2017]	1	0
5lzqFxifzjxYHGJxuwQqtR	Francesco Gabbani	['italian adult pop', 'italian pop']	[2017]	1	0
5dHt1vcEm9qb8fCyLcB3HL	A$AP Ferg	['hip hop', 'pop rap', 'rap', 'southern hip hop', 'trap']	[2017]	1	0
5LuLeXlnT2jFxbx7Cg7j88	Ady Suleiman	['uk contemporary r&b']	[2017]	1	0
5nkYRuiIHg2xXHFC8bfosJ	ItaloBrothers	['hands up', 'italo dance']	[2017]	1	0
3RP50pmG8Wz1mhNCidQj68	RITUAL	['indie electropop', 'vapor soul']	[2017]	1	1
1CQLPgGkfHrxNMqrXt5oWS	Robin Bengtsson	['swedish idol pop', 'swedish pop']	[2017]	1	0
7c9WM30zb0xUuHWUZU8pte	Chillouh	[]	[2017]	1	1
7hbH1qupmU6HxVBjWJItlq	Dave Barnes	['acoustic pop', 'neo mellow']	[2017]	1	1
4rFRV55H2i5ewtgU254dri	Hillary Scott	[]	[2017]	1	1
2NCGI6dLTxLdI9XHdv7QfM	The Andrews Sisters	['adult standards', 'swing', 'torch song', 'vocal harmony group']	[2017]	1	1
6veh5zbFpm31XsPdjBgPER	BIA	['rap latina', 'trap queen']	[2017]	1	1
5PlfkPxwCpRRWQJBxCa0By	HUGEL	['deep house']	[2017]	1	1
4pejUc4iciQfgdX6OKulQn	Queens of the Stone Age	['alternative metal', 'alternative rock', 'grunge', 'modern rock', 'nu metal', 'palm desert scene', 'rock', 'stoner metal', 'stoner rock']	[2017]	1	0
2L3kwZFd16zjHz9a5kEPAm	Ane Brun	['melancholia', 'norwegian singer-songwriter']	[2017]	1	0
3kH0MXsr8tprp65VGOuMTY	Barry Fest	['carnaval', 'nederlandse hardstyle']	[2022]	1	1
1QW14VwiXvCTlCqqbnOSpG	Tim Schalkx	['carnaval', 'levenslied']	[2022]	1	1
22wbnEMDvgVIAGdFeek6ET	Benson Boone	['singer-songwriter pop']	[2021, 2022]	1	0
2Go6wC0GsnkVeRoVwh8rqX	Olga Merediz	[]	[2022]	1	1
1iSUoJSoYDqjIO5P1CdPfM	Giniio	[]	[2022]	1	1
7bPs6jf983f0bjRAt1yxDM	Patrick Watson	['indie folk', 'indie quebecois']	[2021, 2022]	1	0
2UwqpfQtNuhBwviIC0f2ie	Damso	['belgian hip hop', 'french hip hop', 'pop urbaine', 'r&b francais', 'rap belge', 'rap conscient']	[2022]	1	1
6WFDpw4u23uSpon4BHvFRn	Cat Burns	['uk pop']	[2022]	1	0
6qqRfVXPotai8VXd2Umpyc	Young Dylan	[]	[2022]	1	1
4mvRC0jh335Ag3J5hh1Xps	MC Jiggy Djé	[]	[2022]	1	1
1NRzxuPpdGushT8YmF5NAa	Edison Lighthouse	[]	[2022]	1	0
5S6oIGDWxfQbUDPCcQgUzC	Coen & Sander	[]	[2022]	1	1
1A96iePIMNFBjLrjXEl718	Emma Louise	['australian indie', 'brisbane indie']	[2022]	1	0
0TKFPt9w0AAEnhB9bd0pLy	LUM!X	['melbourne bounce international', 'slap house']	[2021, 2022]	1	1
3iMzbvXlgNUpoFccD60bvr	Prezioso	['italo dance']	[2021, 2022]	1	1
71szvmFWd7TUa7b6XmXj9k	Emmy Meli	[]	[2021, 2022]	1	0
4BFLElxtBEdsdwGA1kHTsx	ElGrandeToto	['arabic hip hop', 'rap maroc']	[2021, 2022]	1	1
1QfpRUtH14JLoY6F6AYmwt	The Rare Occasions	['la indie']	[2022]	1	0
5lTjv8Ag00qHSGhvK4JbeF	Justin Wellington	['melanesian pop', 'pacific islands pop', 'png pop']	[2021, 2022]	1	1
6c8akjSeJQw2NYemV6qVT8	Small Jam	['solomon islands pop']	[2021, 2022]	1	1
2yi9c8OXkt7PrwbBFOMgjP	Simon Ward	[]	[2022]	1	1
1Oa0bMld0A3u5OTYfMzp5h	Nate Dogg	['g funk', 'gangster rap', 'hardcore hip hop', 'hip hop', 'west coast rap']	[2022]	1	1
20wkVLutqVOYrc0kxFs7rA	Daniel Caesar	['canadian contemporary r&b']	[2021, 2022]	1	1
5tpgFRfpJK8repcO08c2cw	JPaid	[]	[2022]	1	1
4ZZaPbicmQeuSRcPlbv4o6	MeoKidd	['dutch drill']	[2022]	1	1
7f9oQiICipkyl9KuNHszHa	SKEEKS	[]	[2022]	1	1
1Cd373x8qzC7SNUg5IToqp	BoyWithUke	['sad rap']	[2021, 2022]	1	0
1iTlOqIrZy8DlvCPJY2sjS	Golden Earring	['album rock', 'dutch prog', 'dutch rock', 'nederpop']	[2021, 2022]	1	0
2ye2Wgw4gimLv2eAKyk1NB	Metallica	['hard rock', 'metal', 'old school thrash', 'rock', 'thrash metal']	[2020, 2021, 2022]	1	0
5A7HNCq6t0xNDOjZIUZDRk	YV	[]	[2022]	1	1
13GA8qxVLDZs0oh1zZ872C	GoldSkull	[]	[2021, 2022]	1	0
4u4FCKbVpmElVrIlqpBSjm	IMMO	['ritmo kombina']	[2022]	1	1
1BEUkE2CSUgHTLSBMZdnFB	Mae Muller	['uk contemporary r&b', 'uk pop']	[2021, 2022]	1	1
7j6DKwmjbxvpQO8h914uEz	Ryan Castro	['reggaeton', 'trap colombiano', 'trap latino', 'urbano latino']	[2022]	1	0
2ZywabPnRCoHjfPJfQavrA	Vagant	[]	[2020, 2022]	1	1
37czgDRfGMvgRiUKHvnnhj	Öwnboss	['brazilian edm']	[2022]	1	1
0aOIluXr131XqrXFwFCFGT	Sevek	[]	[2022]	1	1
6gFuwMAaoJDU6M3c8UHcAj	Alessio	[]	[2022]	1	1
29pELPV4yKMAQND6m6Cz08	Rami	[]	[2022]	1	1
7Hr9muVs27WNIcEqGVQGcm	Siggy & D1ns	['dutch hip hop']	[2022]	1	0
1Ffb6ejR6Fe5IamqA5oRUF	Bring Me The Horizon	['melodic metalcore', 'metalcore', 'modern rock', 'pop punk', 'rock', 'uk metalcore']	[2022]	1	1
3y24n3XhZ96wgwRXjvS17T	Coolio	['g funk', 'gangster rap', 'hip hop', 'west coast rap']	[2022]	1	1
2LhsePRtgCo4THVKULQBL7	L.V.	[]	[2022]	1	1
5yOvAmpIR7hVxiS6Ls5DPO	Omah Lay	['afrobeats', 'nigerian pop']	[2022]	1	1
0fJJXAAxGeDwdS7HCUVkbs	Jan Biggel	['carnaval', 'nederlandse hardstyle']	[2021, 2022]	1	0
6Xz6ZnGZZ1KKct4jTyKKZv	SwitchOTR	['chill drill', 'melodic drill']	[2021, 2022]	1	1
7o2ZQYM7nTsaVdkXY38UAA	Em Beihold	['alt z', 'gen z singer-songwriter']	[2022]	1	0
6dlzQ6fiPna40trq1Ek6cb	1da Banton	['afrobeats', 'nigerian pop']	[2021, 2022]	1	0
4pnp4w9g30yLfVIAFnZMRd	ACRAZE	['pop dance', 'tech house']	[2021, 2022]	1	1
1c70yCa8sRgIiQxl3HOEFo	Cherish	['atl hip hop', 'girl group', 'hip pop', 'r&b', 'southern hip hop', 'urban contemporary']	[2021, 2022]	1	1
6QMABvTzixnxzsLYyhqRxI	Majestic	['uk dance']	[2021, 2022]	1	1
7pfmlAOn0pAPxoReDorkxA	OBZ	['nederlandse hardstyle']	[2021, 2022]	1	0
2W8yFh0Ga6Yf3jiayVxwkE	Dove Cameron	['pop']	[2022]	1	0
23951Pg9PiLB8Uza3k12g6	The Opposites	['dutch hip hop']	[2021, 2022]	1	0
7tjVFCxJdwT4NdrTmjyjQ6	Muni Long	['indie r&b']	[2022]	1	0
3lBprtcFnGwCleIsqDvpOD	bjorn & mieke	['carnaval limburg']	[2022]	1	0
2T8o1YNgbgsE41xb62AlRY	Rain Radio	[]	[2021, 2022]	1	1
0koQ34MqfcfCFCiMGEY400	DJ Craig Gorman	[]	[2021, 2022]	1	1
5rkVyNGXEgeUqKkB5ccK83	Ashanti	['dance pop', 'hip pop', 'r&b', 'urban contemporary']	[2022]	1	1
4Euia7UzdRshy1DJOSMTcs	220 KID	['uk dance']	[2021, 2022]	1	1
1h6Cn3P4NGzXbaXidqURXs	Swedish House Mafia	['edm', 'pop dance', 'progressive electro house']	[2021, 2022]	1	1
027TpXKGwdXP7iwbjUSpV8	The Walters	['chicago indie', 'pov: indie']	[2022]	1	0
7mEIug7XUlQHikrFxjTWes	Neil Diamond	['adult standards', 'brill building pop', 'folk rock', 'heartland rock', 'mellow gold', 'singer-songwriter', 'soft rock', 'yacht rock']	[2020, 2021, 2022]	1	0
67lytN32YpUxiSeWlKfHJ3	Yung Lean	['cloud rap', 'psychedelic hip hop', 'underground hip hop']	[2022]	1	0
0GbqW5TJr7n4is453VOY4C	Procol Harum	['album rock', 'art rock', 'blues rock', 'british blues', 'british invasion', 'classic rock', 'folk rock', 'mellow gold', 'progressive rock', 'psychedelic rock', 'singer-songwriter', 'symphonic rock']	[2021, 2022]	1	0
7LK9Y1esYppZ5ag5BFWooi	Yurmaine	[]	[2022]	1	1
4ypQkCZ84GYsc6QRgorYuX	CAPSLOCKED	[]	[2022]	1	1
4yvcSjfu4PC0CYQyLy4wSq	Glass Animals	['gauze pop', 'indietronica', 'modern rock', 'pov: indie', 'shiver pop']	[2021, 2022]	1	0
4d2NUjh9ZrzG1ZZdhpSDKH	Ewan McVicar	['scottish techno']	[2021, 2022]	1	0
1gALaWbNDnwS2ECV09sn2A	Nightcrawlers	['disco house', 'hip house', 'uk dance', 'vocal house']	[2021, 2022]	1	1
4L2dV3zY7RmkeiNO035Fi0	Mufasa & Hypeman	[]	[2021, 2022]	1	1
3Edve4VIATi0OZngclQlkN	Dopamine	[]	[2021, 2022]	1	1
2uFUBdaVGtyMqckSeCl0Qj	Ludovico Einaudi	['bow pop', 'compositional ambient', 'neo-classical']	[2021, 2022]	1	1
59r5UU2HOytn9V5uMZ5Vur	Daniel Hope	['violin']	[2021, 2022]	1	1
1k1AM2ESRQseVAj6rvBdtx	I Virtuosi Italiani	['chamber orchestra', 'classical performance', 'string orchestra']	[2021, 2022]	1	1
2VKfXEWzhUi9siHBDTI02Y	Joep Beving	['compositional ambient', 'neo-classical']	[2022]	1	1
040XEmu1tD1ex6FCv5EJew	Partij Voor De Vrijdag	[]	[2022]	1	1
2mpeljBig2IXLXRAFO9AAs	Dido	['dance pop', 'europop', 'lilith', 'neo mellow', 'pop rock']	[2022]	1	1
66FZq0wsY6770bc4O9Dlig	Vieze Asbak	['meme']	[2022]	1	1
53HTjUR55iusgWemW2YL4A	Rarri Jackson	[]	[2022]	1	1
3TOqt5oJwL9BE2NG9MEwDa	Disturbed	['alternative metal', 'nu metal', 'rap metal', 'rock']	[2020, 2021, 2022]	1	0
0vMVgeMxck5F8aUExad9GW	Party Animals	['gabber', 'happy hardcore']	[2022]	1	1
1zgESwuTW49TiHoMgfgq6d	Flamman & Abraxas	['gabber', 'happy hardcore']	[2022]	1	1
04uu8U3I1h26Fp2NBkPTRZ	Sam Tompkins	['singer-songwriter pop']	[2022]	1	1
05YVYeV4HxYp5rrWalvuE1	Grover Washington, Jr.	[]	[2020, 2021, 2022]	1	1
29PgYEggDV3cDP9QYTogwv	Carolina Gaitán - La Gaita	['movie tunes']	[2021, 2022]	1	1
36CUTsdtNgCwMq6zKD1l8I	Mauro Castillo	['modern salsa', 'movie tunes', 'salsa colombiana']	[2021, 2022]	1	1
72kqSqk124Vnl1wtT6q9Fh	Adassa	['movie tunes']	[2021, 2022]	1	1
2as15AH2BTrPk8v4gyElmr	Rhenzy Feliz	[]	[2021, 2022]	1	1
18MFcGBHtyW0mU3ufcm0X1	Diane Guerrero	['movie tunes']	[2021, 2022]	1	1
7gU9VyFRN3JWPJ5oHOil60	Tayc	['pop urbaine', 'r&b francais']	[2022]	1	0
0KoZYmcvOpzgV0xJHmBTsH	poofi.	['slowed and reverb']	[2022]	1	0
1MRiIeZbc0cRuxOafDUCtH	BLANCO	['italian hip hop', 'italian pop']	[2022]	1	1
3yDIp0kaq9EFKe07X1X2rz	Nile Rodgers	['disco']	[2021, 2022]	1	1
33ScadVnbm2X8kkUqOkC6Z	Don Omar	['latin hip hop', 'puerto rican pop', 'reggaeton', 'trap latino', 'urbano latino']	[2020, 2021, 2022]	1	1
5bv5RplEOwdCvhq0EILh9E	Lucenzo	['reggaeton']	[2020, 2021, 2022]	1	1
7DOOGHZ6CXsF8bvNrnDE6W	Turfy Gang	['lustrum']	[2021, 2022]	1	0
7EuzcvdfScUqksgKfyN7J0	Fyr Og Flamme	['danish pop']	[2021]	1	0
6ado6OQHT11e73WVhbAo4c	The Dean	[]	[2021]	1	1
5y4vEhbvfvMF7dwkJLbNUg	Nori	[]	[2021]	1	1
26cMerAxjx9GedFt0lMDjm	Bella Poarch	['modern alternative pop']	[2021]	1	0
2Waw2sSbqvAwK8NwACNjVo	Bo Burnham	['comic', 'pov: indie']	[2021]	1	0
6vHBuUxrcpn1do5UaEJ7g6	Domo Genesis	['alternative hip hop', 'underground hip hop']	[2021]	1	1
2nvKpWcP8etYTq4JrRiUiy	Cliff Richard	['adult standards', 'rock-and-roll']	[2020, 2021]	1	0
1ng2cH6hJIOSYxQMk6pEux	Woodie Smalls	['belgian hip hop']	[2021]	1	1
6TLwD7HPWuiOzvXEa3oCNe	Oliver Tree	['alternative hip hop']	[2021]	1	0
5NhgsV7qPWHZqYEMKzbYvo	Faouzia	['alt z', 'canadian pop']	[2021]	1	1
1IxP1g9VrPzJqXFCsuyHKe	Måns Zelmerlöw	['swedish idol pop', 'swedish pop']	[2021]	1	0
1tfhFc2Y8iplDKCteuXjCY	El Cherry Scom	['dembow']	[2021]	1	1
2rTo8KIkBTFjQS7VvaKYQ4	W&W	['big room', 'dutch house', 'dutch trance', 'edm', 'electro house', 'pop dance', 'progressive electro house', 'progressive house']	[2021]	1	1
1D6ueetjwqW491iboMI3NT	Destiny	['maltese pop']	[2021]	1	0
3L58J6a7f0jyy2p6f3MSAs	Blind Channel	['oulu metal', 'trancecore']	[2021]	1	0
224G27DUJ00ddLjId4mg68	RBVLN	[]	[2021]	1	1
3WNTqH4npFMy6faS8ILdlQ	Frank & Frank	[]	[2021]	1	0
6KRiktIvEommt5qfwLOxBz	Shadi	[]	[2021]	1	1
7EWU4FhUJM1sZQgQKdENeT	Hopsin	['conscious hip hop']	[2021]	1	1
0kmyGm8XFYQyoysy0dpuVx	Hefner	['dutch drill', 'dutch hip hop']	[2021]	1	1
0tAl0sGxLq4qkokhuFMLC7	Bens	[]	[2021]	1	0
4yJHrytMK7mqtKsXVGaBNg	Fana Hues	['alternative r&b', 'indie r&b']	[2021]	1	1
70cRZdQywnSFp9pnc2WTCE	Simon & Garfunkel	['classic rock', 'folk', 'folk rock', 'melancholia', 'mellow gold', 'rock', 'soft rock']	[2021]	1	0
1X6cBGnXpEpN7CmflLKmLV	Kizz Daniel	['afrobeats', 'afropop', 'azontobeats', 'nigerian pop']	[2021]	1	1
4f2Osmfrp1z54Y2d7Nf8vf	Philkeyz	[]	[2021]	1	1
10Tmpcwo1bS6hnYOBI1Gip	Oomto	['dutch drill', 'surinamese hip hop']	[2021]	1	1
4smN6GD01MlqPFo98dVNe6	Yit	[]	[2021]	1	1
0FLsBETXwqVDWucyMT7E4j	MVP	[]	[2021]	1	1
1to7dXHmId58rAocEUckaX	Barttelini	[]	[2021]	1	1
6yvEBh5vkbdPAeZKlswZTl	Coole Piet	['muziek voor kinderen']	[2020, 2021]	1	1
7jZM5w05mGhw6wTB1okhD9	ATB	['german dance', 'german techno', 'german trance', 'trance']	[2021]	1	1
5Dl3HXZjG6ZOWT5cV375lk	Yo-Yo Ma	['chamber ensemble', 'classical cello', 'classical performance']	[2021]	1	1
3rROvEsUJJ9y55g1PLaA16	Robert Trujillo	[]	[2021]	1	1
4DW34vji6G9GgGY0k2mic7	Chad Smith	['rock drums']	[2021]	1	1
1YjaVTeHBlVRRxbk7H30HN	Lunis	[]	[2021]	1	1
5CBNhusqki2s2jp4Lo6i2L	JLV	['chill house', 'pop edm']	[2021]	1	1
73eAAfRkS2Vi4hx68oTJJE	John K	['singer-songwriter pop']	[2021]	1	1
6zlR5ttMfMNmwf2lecU9Cc	Sam Fender	['modern rock', 'north east england indie']	[2021]	1	0
4xXCRXOfQKQ2gjWxNhNzYW	Air Supply	['soft rock']	[2021]	1	0
21rgoGGMOSvl9RD6zeuOnq	VICTORIA	[]	[2021]	1	0
5bepW5vcdRzheNc0F8lHJ5	Esperanza Spalding	['electric bass', 'jazz', 'jazz pop', 'vocal jazz']	[2020, 2021]	1	1
6EQLccuGwNd5J4mIeFR7hc	ZeroDix	['dutch moombahton']	[2021]	1	1
2zFCfEAzoehIt2BcOOwL7M	Bofplace	['dutch drill']	[2021]	1	1
7oPgCQqMMXEXrNau5vxYZP	Tracy Chapman	"['folk', 'lilith', 'singer-songwriter', ""women's music""]"	[2021]	1	0
7LfRnzGM0wRSyS5mmAwJbv	Ray Conniff	['easy listening']	[2021]	1	0
1pkRaEsDK0f573GZFTDW7O	Benny Cristo	[]	[2021]	1	0
44vREmJC0OlVZjZaGLqVEd	Morray	['pop rap']	[2021]	1	1
35R1B97CfrqKFFI3QBkTDx	RealestK	[]	[2021]	1	0
3d8u5GVopjyTpSDW3v534V	Sem van Dijk	[]	[2021]	1	0
6YHEMoNPbcheiWS2haGzkn	Michael Bolton	['soft rock']	[2021]	1	0
3ihQuU7gvb99xM54jIHoZm	Faela	[]	[2021]	1	0
6CawoDDP1IZUSGl4wSJGC9	TIX	['norwegian pop', 'russelater']	[2021]	1	0
4ukBIpYtjftGdlgAnc1E5V	Ladron	[]	[2021]	1	1
72Nhcx7prNk2ZCxhx0Y5es	Amy Grant	['christian music']	[2021]	1	0
6dKYo2aegt1Cpez6tyd2ai	Lorenz Büffel	['discofox', 'partyschlager']	[2021]	1	0
64H8UqGLbJFHwKtGxiV8OP	THE ANXIETY	['modern alternative pop']	[2021]	1	1
1xoxekeb8jUVHKJB7m6bfg	Tyler Cole	['bedroom soul']	[2021]	1	1
0Tob4H0FLtEONHU1MjpUEp	Tinie Tempah	['dance pop', 'grime', 'pop rap']	[2021]	1	1
5Cnh1rfIQCdkffBZQALheU	Niet Altijd Rozengeur	['carnaval']	[2021]	1	1
3krhP6kILH0q9AzqRX1GHR	Sjpringlaevend	['carnaval limburg']	[2021]	1	1
3M5iN0BKY3bPXEvfjm7UgC	De Deurzakkers	['carnaval', 'levenslied']	[2021]	1	1
513HKfoXzJv9CuXCuVurcX	Ferry Van De Zaande	['carnaval']	[2021]	1	1
2LIIPVgbol9VWXMjSED1um	Niek & Danny	[]	[2021]	1	1
4np9Zzw0SEYQLcGv28P51q	TRAVI	[]	[2021]	1	1
6MXEJwFpBlBNxM0IcgeQYj	Seek	[]	[2021]	1	1
4kvCU3MzggM2piZCqvxj0x	Go_A	['ukrainian viral pop']	[2021]	1	0
34G31kGbSQmemVlI0G784o	THE ROOP	['lithuanian rock']	[2021]	1	0
0DR4z5jMA1eqx0CmHBUpkr	DJ Ötzi	['classic schlager', 'oktoberfest', 'schlager']	[2021]	1	0
53rBi3LpNcMJUTSANS6uYT	DAISY WORLD	[]	[2021]	1	1
6WtQIrE4QtO7sceTzeasnn	De Nachtbrakers	['nederlandse hardstyle']	[2021]	1	1
1aCXrk9aUVgcLRqQQjfKba	Haha Bier Jongen	[]	[2021]	1	1
7IeovKzVkfcG9mIJGNzTcT	Ran-D	['classic hardstyle', 'rawstyle', 'tekk']	[2021]	1	1
7E6DrjKJieOdJKO8mbwCMO	D-Sturb	['classic hardstyle', 'frenchcore', 'rawstyle', 'xtra raw']	[2021]	1	1
3vH8Rv37KXuUZzSHICjTnm	XCEPTION	[]	[2021]	1	1
1Unwe9Xco0JDlTTwpDVrcK	Jack Curley	['uk pop']	[2021]	1	0
0fGcIStdT1OpFFhOC7Wp36	Teezo Touchdown	['chill abstract hip hop', 'indie hip hop']	[2021]	1	1
4bYPcJP5jwMhSivRcqie2n	Adam Levine	['deep talent show']	[2021]	1	1
4PCeJ2EIn3YtzYYRsHHWyy	GRM Daily	['uk hip hop']	[2021]	1	1
1wuQQfTDZhgNb4GJyhThUs	Warface	['rawstyle', 'xtra raw']	[2021]	1	1
19a4917FBnuYz90ezDrKv4	EZG	[]	[2021]	1	1
0tvpihdAsKiNnP6sWS3jUI	TroyBoi	['bass trap', 'electronic trap']	[2021]	1	1
2Q94VIGMp0vhZetkOae27U	Natalia Gordienko	['moldovan pop']	[2021]	1	0
3UYgneqZCePK5PhrHE8E9U	Ray Fuego	['dutch hip hop']	[2021]	1	1
20EGKg0XsxPJ0GRHxfb9LX	Kylie Cantrall	['movie tunes']	[2021]	1	1
5ubTLvtpORseymsgTVxk45	TIEKS	['deep groove house', 'house', 'uk dance']	[2021]	1	1
5xeGJm9dgg2x5luZLEYtMx	Dan Harkna	[]	[2021]	1	1
0u2FHSq3ln94y5Q57xazwf	Keith Urban	['australian country', 'australian pop', 'contemporary country', 'country', 'country road']	[2020, 2021]	1	1
2AMeiDbfU2vonrTkpXDKUu	Kay Flock	['bronx drill', 'melodic drill', 'new york drill']	[2021]	1	1
28gNT5KBp7IjEOQoevXf9N	Camilo	['colombian pop', 'latin pop', 'reggaeton colombiano']	[2021]	1	1
1gNkL43OfyaGHUThYKYvMy	John West	['carnaval', 'kermis', 'levenslied']	[2021]	1	0
1Y53ZUhXBydAzILo4Qa0s1	Manizha	['russian alt pop', 'russian synthpop']	[2021]	1	0
4ojMy0HhGugUN4z5wz5O1B	sevn alias redd	[]	[2021]	1	0
2WyypmYjOdaXg0bXDP67j7	Blaiz Fayah	['shatta']	[2021]	1	1
7fr6F0dEvfSoZW3fJ5fvUD	Tribal Kush	['dutch moombahton']	[2021]	1	1
33KABng8GO42ojFJVcABxQ	Eefje de Visser	['dutch indie']	[2021]	1	0
010ZclHHy7BrTO5AQ0xGgn	Hekje31	['dutch drill', 'dutch hip hop']	[2021]	1	1
3VRyybsQu0MDG0F2LBxnv7	Noizu	['bass house', 'house', 'tech house', 'uk dance']	[2021]	1	0
1W3FSF1BLpY3hlVIgvenLz	The-Dream	['dirty south rap', 'hip pop', 'r&b', 'southern hip hop', 'trap', 'urban contemporary']	[2021]	1	1
2MuFzH1J5I6gGFYo2qhZmX	Ryn Weaver	['electropop', 'indie poptimism']	[2021]	1	0
63ebc5zUpJ36aoTDQJHa9B	E1 (3x3)	[]	[2021]	1	1
2uIRmVaCVpHQjaVgph5clS	ZT (3x3)	[]	[2021]	1	1
4Dokdwa3WB7ilQ2c2qvIBL	Bugzy Malone	['grime', 'manchester hip hop', 'uk hip hop']	[2021]	1	1
1gl0S9pS0Zw0qfa14rDD3D	Surf Curse	['dreamo', 'indie surf', 'pov: indie', 'surf punk', 'vegas indie']	[2021]	1	0
4rVKn7aMWtaSMWkhm73wkR	DrillNL	['dutch drill']	[2021]	1	1
7uW1yOfJDGinbQOr0uv7AS	Blacka	[]	[2021]	1	1
3E7T8t0FwjEVxg9jufWZQG	Eden Alene	[]	[2021]	1	0
6kZWqUZqptyxb8Ki5DyBAg	DTG	['afroswing']	[2020, 2021]	1	1
6nStjcAtMWhraEtrTrePkl	DaChoyce	[]	[2021]	1	1
6XNz9WBY0eqg95kZxbHnJZ	Ancora	[]	[2021]	1	0
20DZAfCuP1TKZl5KcY7z3Q	SLANDER	['brostep', 'dubstep']	[2021]	1	1
6d0ZjIp5L7Ygy2l02HskRX	Dylan Matthew	['singer-songwriter pop']	[2021]	1	1
1ZcnsSFqWusWlRK01vKE6b	Montaigne	['australian indie', 'australian pop']	[2021]	1	0
2ZulgXPozVBLNaJPXR8MnV	3JS	['dutch pop', 'dutch rock', 'kermis']	[2021]	1	0
35GL8Cu2GKTcHzKGi75xl5	Jennifer Hudson	['dance pop', 'r&b', 'urban contemporary']	[2020, 2021]	1	1
2h6hAChW74hB9HvrNoK1RY	Quarterhead	['tech house']	[2020, 2021]	1	1
2fsk4VlJdNF6G8cCMDrrzB	Norma Jean Martine	['nyc pop']	[2020, 2021]	1	1
7p1rrHdKESuF36QaqDSAtd	Albina	[]	[2021]	1	0
1hKEBSwDGhKmshGFWiWm7S	Lesley Roy	['candy pop']	[2021]	1	0
5GLFbwgiU1YyAoQD8C4nvC	Charly Lownoise & Mental Theo	['bubble trance', 'happy hardcore', 'hardcore techno']	[2021]	1	1
23Uo7jJGqKzrIwrtkvRk2m	Wesley Sneijder	[]	[2021]	1	1
2WLCp8EhZaB1f0Ljv5lzVK	Zwieberr	[]	[2021]	1	0
56mfhUDKa1vec6rSLZV5Eg	Jawsh 685	['nz pop']	[2020, 2021]	1	1
2Zx5UnYsOJTrLB7EerhsJh	Babet	[]	[2021]	1	1
6cNWiizYLCClZdnIvqU968	AriBeatz	[]	[2021]	1	1
4kZg1xYJZOlOz4ssU4kQmB	T.y	['dutch drill']	[2021]	1	1
0ua6wTu1hZ9yCFbxwPRXII	Karma K	['dutch drill']	[2021]	1	1
4ZfZ9troLXZsAVxcvXKXnV	Esmée Denters	['dutch r&b', 'talent show', 'viral pop']	[2021]	1	1
2l35CQqtYRh3d8ZIiBep4v	MKTO	['pop', 'post-teen pop']	[2021]	1	0
4k93TM9rMTGkzdNFNkI6UX	Thomas van der Vlugt	[]	[2021]	1	0
4KkrryLOEp23xrIS0Bmp1C	Pietje Fernando	['muziek voor kinderen']	[2021]	1	1
33tFkBLsl6f8TjKkV0uF0C	Lovejoy	['pixel', 'pov: indie']	[2021]	1	0
46wEUZyujVrFSrdCnTKQmV	Marwa Loud	['french hip hop', 'pop urbaine', 'r&b francais']	[2021]	1	0
5vrokKN2t4ZiVZNCe8bnkd	IS IT SUNDAY?	[]	[2021]	1	0
5DfaMudUwkoz6TAPYifqkJ	Naira Marley	['afrobeats', 'afroswing', 'nigerian pop']	[2021]	1	1
5oNgAs7j5XcBMzWv3HAnHG	DJ Drama	['dirty south rap', 'philly rap', 'southern hip hop', 'trap']	[2021]	1	1
7Lk9V7E1u5gqSHmtcKlOqH	Sara Kays	['alt z', 'gen z singer-songwriter', 'modern indie pop']	[2020, 2021]	1	0
7s3eCGNZMrwUQraXlocCBv	Bizzy Banks	['brooklyn drill', 'new york drill']	[2021]	1	1
6wlk4iqaEgEvADMVG6QMd8	James Gillespie	['indie anthem-folk']	[2021]	1	1
6bmlMHgSheBauioMgKv2tn	Powfu	['sad lo-fi', 'sad rap']	[2020, 2021]	1	1
35l9BRT7MXmM8bv2WDQiyB	beabadoobee	['bedroom pop', 'bubblegrunge', 'indie pop', 'pov: indie']	[2020, 2021]	1	1
2P3cjUru4H3fhSXXNxE9kA	Blackstreet	['boy band', 'contemporary r&b', 'new jack swing', 'r&b', 'urban contemporary']	[2021]	1	1
3qi5fhSI6aUecvRN0XqIJ2	MistaJam	[]	[2021]	1	1
5iRcRxedpJSXesgoIyV9pL	The Partyjocks	['carnaval']	[2021]	1	0
6vVztIuqdDHvYWxOEXCzjN	SALES	['indie pop', 'orlando indie']	[2021]	1	0
0XqFDQJjqW5PfhfBCb53LR	Sick Individuals	['big room', 'dutch house', 'edm', 'electro house', 'pop dance', 'progressive electro house']	[2021]	1	1
6y1eDna5tYFgcvKyGhLCy7	MARF	[]	[2021]	1	1
1lmU3giNF3CSbkVSQmLpHQ	Surf Mesa	[]	[2020, 2021]	1	1
4ArPQ1Opcksbbf3CPwEjWE	Emilee	['social media pop']	[2020, 2021]	1	1
3X458ddYA2YcVWuVIGGOYe	Toni Braxton	['contemporary r&b', 'dance pop', 'r&b', 'urban contemporary']	[2021]	1	0
5icZHFQjI6SRsvXNOKUXZ1	Rowwen Hèze	['dutch rock', 'nederpop', 'streektaal']	[2021]	1	0
4FeLiFUPdxVfFo8oOfA4BH	Rah Swish	['brooklyn drill', 'new york drill', 'nyc rap']	[2021]	1	1
79GiwayvvpyZVErpH6BLsY	Nito-Onna	['covertronica']	[2021]	1	1
58E6TLHwF0cHdkrLd5iNRh	Jendrik	[]	[2021]	1	0
5EP020iZcwBqHRnJftibXX	Hooverphonic	['downtempo', 'electronica', 'trip hop']	[2021]	1	0
37M5pPGs6V1fchFJSgCguX	FINNEAS	['alt z', 'la indie', 'pop', 'pov: indie']	[2021]	1	1
7jUHzlUQxkrsszeYAIqHCY	Kanoé	['rap francais']	[2021]	1	1
6jeg7JBX9J9097esK752iR	Smiley	['canadian hip hop', 'toronto rap']	[2021]	1	1
7GGgxLSNIydPOKgmijBy5U	Veldhuis & Kemper	['dutch cabaret', 'dutch pop', 'dutch rock']	[2021]	1	0
1eEfMU2AhEo7XnKgL7c304	Carpenters	['adult standards', 'mellow gold', 'soft rock']	[2021]	1	0
3f56dbtoRz7bucWJUeofzK	Almklausi	['discofox', 'oktoberfest', 'partyschlager']	[2021]	1	1
1ErIf1pAAaw5upKsCbqhzz	Specktakel	['discofox', 'partyschlager']	[2021]	1	1
2huzXUiBGRUJ8iRFD4NHc7	The Black Mamba	['portuguese rock']	[2021]	1	0
2Sqr0DXoaYABbjBo9HaMkM	Sara Bareilles	['acoustic pop', 'lilith', 'neo mellow', 'pop rock', 'post-teen pop']	[2021]	1	0
0HZUhj5PZHzHMWSI4s8rOQ	Stefania	['greek pop']	[2021]	1	0
3xvaSlT4xsyk6lY1ESOspO	Disney	"[""children's music"", 'movie tunes']"	[2020, 2021]	1	1
08Ld63UgKrJ0nZnCkzHtzc	Project Pat	['crunk', 'dirty south rap', 'gangster rap', 'memphis hip hop', 'trap']	[2021]	1	1
3qt7yUEE6loq4FEGM7aw3M	Parla & Pardoux	['nederlandse hardstyle']	[2021]	1	1
0caJEGgVuXuSHhhrMCmlkI	Sefa	['frenchcore', 'tekk', 'uptempo hardcore']	[2021]	1	1
4wP1kxjUsc9IR4Iy2smL7o	Trinidad Cardona	['sped up']	[2021]	1	0
6dO0RkhFhjMwLtLQqNgL8r	Issam Alnajjar	['indonesian viral pop']	[2021]	1	0
4xvB67czbtvemGVXGa81oK	La Pegatina	['rumba catalana', 'spanish rock']	[2021]	1	1
55VC7UDCmceodks4rbHgHe	Tim Dawn	['dutch pop']	[2020, 2021]	1	0
7AcV1lk8Zrgo1691PDWEle	Freshlyground	['african rock', 'afropop', 'south african jazz', 'south african pop', 'south african pop dance']	[2021]	1	1
1BwDWgdDJe3TJXLZkBkpsI	Tusse	['swedish pop']	[2021]	1	0
1bSn5aMcE83TXLlLDU9rTy	Jah Cure	['reggae fusion']	[2021]	1	1
0Mw807WhdUetNZImyG6vQx	De Alpenzusjes	['carnaval', 'levenslied']	[2021]	1	0
0m2Wc2gfNUWaAuBK7URPIJ	Bono	['hollywood']	[2021]	1	1
1X8wFHJFucBUmBc7spQ4jP	The Edge	[]	[2021]	1	1
5BozIJTTNCufaZpjhy2der	DJ Dahi	[]	[2021]	1	1
22shUi37uDfZmZQ8H6YuWr	Paskal Jakobsen	[]	[2020, 2021]	1	1
3tJoFztHeIJkJWMrx0td2f	Moneybagg Yo	['memphis hip hop', 'rap', 'southern hip hop', 'tennessee hip hop', 'trap']	[2021]	1	1
4TWOviIGJMWH79dyovGkaX	Goya Menor	[]	[2021]	1	1
4n7aqhk0RIdeWKkBxvhN72	Nektunez	[]	[2021]	1	1
76FwN3u5L3LhNTqpF2gdh9	Uku Suviste	['estonian pop']	[2021]	1	0
4akybxRTGHJZ1DXjLhJ1qu	Kirk Franklin	['gospel', 'gospel r&b']	[2021]	1	1
0S4csapUphUclXufkVVrG5	Milou	[]	[2021]	1	1
52KZuPCKgBFM3ZgBiQ6XaF	Bjørgen	[]	[2021]	1	1
2u6jNcpusijFS6ZzuWRwMv	Moss Kena	['uk contemporary r&b']	[2021]	1	1
2x7EATekOPhFGRx3syMGEC	The Knocks	['alternative dance', 'indie poptimism', 'nu disco']	[2021]	1	1
1kIanYuEXT2fojrZmrLLNp	Jeffrey Heesen	['carnaval', 'levenslied']	[2020, 2021]	1	1
3K2zB87GZv1krx031en5VA	La Roux	['alternative dance', 'electropop', 'neo-synthpop']	[2021]	1	1
69VkQLf4DH7GJ68BCDOPKL	Campsite Dream	['deep tropical house']	[2021]	1	0
4frXpPxQQZwbCu3eTGnZEw	Thundercat	['afrofuturism', 'indie soul']	[2021]	1	1
5K0rbdBrs2tNXe5LeWMATT	Bootsy Collins	['funk', 'p funk', 'soul']	[2021]	1	1
4mrBetqy378Jf1y6NLszlx	VINAI	['dutch house', 'edm', 'electro house', 'melbourne bounce international', 'pop dance', 'progressive electro house', 'slap house']	[2021]	1	1
74GrV01oFcjJdLHCF9MWhr	VAMERO	[]	[2021]	1	1
4oe1qp9xGSFxMYH4X9AXtl	Efendi	[]	[2021]	1	0
2s7Oijd4mFGgEkhYJtf3sJ	Shane Codd	['uk dance']	[2021]	1	0
4W6fwRbqEy1dfEoE6OCyZu	Mathieu Koss	['new french touch']	[2020, 2021]	1	1
4qXC0i02bSFstECuXP2ZpL	Blxst	['pop rap', 'westcoast flow']	[2021]	1	1
3jU0uVi2Njx9HZ59lSk3H1	Zarfani	['dutch hip hop']	[2021]	1	0
00SMMqx16Zxt7osuqbv3aW	DJ Flash	[]	[2021]	1	1
3dH7pcBScIJQboDyMzUzez	GLK	['french hip hop', 'pop urbaine', 'rap francais']	[2021]	1	1
1PbtWtrN7jZpd4toqxrjm2	Lagique	[]	[2021]	1	1
76YIoWHp3Ri3q1ocOPtFzp	AREA21	[]	[2021]	1	1
7CoztuqPHzV1Ijf4bmCYVj	The Frog Chorus	[]	[2021]	1	1
4BThBqcTzRGFRvbddMykk7	Karma Child	[]	[2020, 2021]	1	1
49YbNTLaaAbZHLtDI2aPGL	Tesher	[]	[2021]	1	1
1WgXqy2Dd70QQOU7Ay074N	AURORA	['art pop', 'norwegian pop']	[2021]	1	0
36KsCCwgI0Dep97yVJWmkK	Monsieur Periné	['colombian pop', 'gypsy jazz', 'latin alternative']	[2021]	1	1
2Otnykd696YidQYfEGVmNq	Vicente Garcia	['bachata', 'dominican pop', 'reggae en espanol']	[2021]	1	1
4DCi3ihpMPqe9l3D9sGbJI	Oli Yayo	[]	[2021]	1	1
3pL9xHcOsBvafCQcPhw5V5	SLYZZ	['dutch drill']	[2021]	1	1
6zkpuJV6PiDsOxE1DtslYD	E11EVEN	[]	[2021]	1	1
6KCxe5mJlHDJlKEXbNFLsP	Roxen	['romanian pop']	[2021]	1	0
2XnY6NZ6rENbLMYabjkRey	Toby Romeo	[]	[2021]	1	1
49T8i1paijMAK9rYtjO4lu	FAULHABER	[]	[2021]	1	1
76M2Ekj8bG8W7X2nbx2CpF	NGHTMRE	['brostep', 'edm', 'electro house']	[2020, 2021]	1	1
75aiMKKxzFHGFRxyLwvL2d	Liam O'Donnell	[]	[2020, 2021]	1	1
2MCk3BEEbEX4OAdyHjuqdB	NOELL3	[]	[2021]	1	1
15ZjD8Gus20Miqw3fdOaXX	Stunna Gambino	['nyc rap']	[2021]	1	1
1hV3gbtU77osxNgFEuKq9h	Anxhela Peristeri	['albanian pop']	[2021]	1	0
7ggM69yllqpMykcU8Tror4	Inkonnu	['arabic hip hop', 'rap maroc']	[2021]	1	1
7KpyU32bL0qN4pY9wNSu7E	YAM	[]	[2021]	1	1
14XrltnrH3Ye9ONeOYJ6zP	Jack	[]	[2021]	1	1
0kgOnYSaZeTf3ZnErgwkGT	Senhit	[]	[2021]	1	1
3IJtdFn9IKbFvNvZqOJA46	Blas Cantó	['spanish pop']	[2021]	1	0
4IJczjB0fJ04gs4uvP0Fli	Gym Class Heroes	['dance pop', 'pop rap']	[2021]	1	0
0ebNdVaOfp6N0oZ1guIxM8	SUGA	['k-pop']	[2021]	1	1
2jzc5TC5TVFLXQlBNiIUzE	a-ha	['new romantic', 'new wave', 'new wave pop', 'permanent wave', 'synthpop']	[2021]	1	0
1qto4hHid1P71emI6Fd8xi	Aventura	['bachata', 'bachata dominicana', 'latin hip hop', 'latin pop', 'tropical', 'urbano latino']	[2021]	1	1
6vChB94kuUcUATWQBQGTdz	Youngboss	['surinamese hip hop']	[2021]	1	1
0RIwEP1SaALlxn9jOVqHfA	Gjon's Tears	[]	[2021]	1	0
6mJqqz8Dra13cr75NGhC7f	Dwight Dissels	['dutch idol pop', 'dutch pop']	[2021]	1	1
2XxoalhYJxXjU56POu1q7V	Yung Internet	['dutch hip hop']	[2021]	1	0
3GBBxBdoolb0B5YizZq9bF	Eno	['german drill', 'german hip hop']	[2020]	1	1
6sFHvCyqklnJpXC9Nh1aag	Alexander 23	['alt z', 'singer-songwriter pop']	[2020]	1	0
5ZS3e1UtuO8Cfu9zN6mgcO	Aim	['drill espanol', 'dutch drill']	[2020]	1	1
5Fj0r4TgtwdppZWzMiDzVE	Gio Swikker	[]	[2020]	1	0
1ZwdS5xdxEREPySFridCfh	2Pac	['g funk', 'gangster rap', 'hip hop', 'rap', 'west coast rap']	[2020]	1	1
33JfM2NgTRFT9wMoQvcv6T	Talent	[]	[2020]	1	1
0ErzCpIMyLcjPiwT4elrtZ	NLE Choppa	['memphis hip hop', 'rap']	[2020]	1	1
6l9nyiFQEfr0V9NevD7Kru	Psycho	['surinamese pop']	[2020]	1	1
2A6yonaTDHib4Ny8dZtFSk	Jairzinho Rozenstruik	[]	[2020]	1	1
6Rmg5JiRphFMlhkwGNl9Fu	Tom Gregory	['uk pop']	[2020]	1	1
0Y3agQaa6g2r0YmHPOO9rh	Davido	['afrobeats', 'afropop', 'azontobeats', 'ghanaian hip hop', 'nigerian pop']	[2020]	1	1
1yqxFtPHKcGcv6SXZNdyT9	MK	['house', 'pop dance']	[2020]	1	1
5D9NYfOaGxFKCalJIeia1N	Atlantic Holiday	[]	[2020]	1	1
1wA8oP2wKhSpq5X3igjJT1	Revie	[]	[2020]	1	1
3cAWgw5dy6A1OheKZx0uZX	Asiah	[]	[2020]	1	1
520qA5VGL9iI0SbmEnTVNg	Maleek Berry	['afrobeats', 'afropop', 'azontobeats', 'nigerian pop', 'swedish dancehall', 'uk dancehall']	[2020]	1	1
7LvoDJUNGnOrPdGRzVtOJ9	Young M.A	['alternative r&b', 'lgbtq+ hip hop', 'nyc rap', 'rap', 'trap']	[2020]	1	1
1Bl6wpkWCQ4KVgnASpvzzA	BROCKHAMPTON	['boy band', 'rap']	[2020]	1	0
290ir8cKuHtrCPYcOHikLF	David Neres	[]	[2020]	1	1
5r5q98RgyYVJWy6XI7By8l	Danilo	[]	[2020]	1	1
7avo0PmlW8O1YLEt9DnWQT	Studio Killers	[]	[2020]	1	0
6Rn7LCnJD92BFnm7JlMuEJ	Jazz Orchestra of the Concertgebouw	['dutch jazz', 'jazz orchestra', 'modern big band']	[2020]	1	1
3UmBeGyNwr4iDWi1vTxWi8	Gerry & The Pacemakers	['british invasion', 'merseybeat', 'rock-and-roll']	[2020]	1	0
0RViEWnZO2VhmY4oI0PhF9	Mesto	['dutch edm', 'dutch house', 'future house', 'pop dance', 'pop edm', 'progressive electro house']	[2020]	1	1
2UyyBkpzN5w3hzZBZGvRZb	Sosa Geek	['brooklyn drill']	[2020]	1	1
6Z6GWcZniHVuVjmCq3kIh1	Leon Benesty	[]	[2020]	1	1
1q7T9rFQ2a2ukA1PU51fo3	Koba LaD	['french hip hop', 'pop urbaine', 'rap francais']	[2020]	1	1
5yviYTy79A8vuWF8iR6nPS	Sky	[]	[2020]	1	1
719CmRVV0LwuKZsgjcIttd	DJDiamondMind	[]	[2020]	1	1
2BUgX7eRP3uXnAWFHy8rnO	RomeoSkittlesCuh	[]	[2020]	1	1
5QuCo4B3bIsdtAxjjedrL3	ADF Lucky	['dutch drill']	[2020]	1	1
0q9MAcHOLgQWV2jnT32VBK	ADF Rocco	[]	[2020]	1	1
6S0dmVVn4udvppDhZIWxCr	Sean Kingston	['dance pop', 'miami hip hop', 'pop']	[2020]	1	1
0xTHDDgrTLK87pC4blqD6j	Christian Cambas	['greek house', 'greek techno']	[2020]	1	1
5FgLkieOqGXPn01dnbJp9Z	T78	['dark techno', 'german dark minimal techno', 'italian techno', 'raw techno']	[2020]	1	1
7MW9uAUmWgmvSsv41dg7J0	Jjakoveertien	['dutch drill']	[2020]	1	0
3wVXTWabe3viT0jF7DfjOL	Vedo	['pop r&b']	[2020]	1	0
4sbXXFzEWJY2zsZjelerjX	Dadju	['french hip hop', 'pop urbaine', 'r&b francais']	[2020]	1	1
475ysTPd5Bci0mElQUcYak	Ifimay	[]	[2020]	1	1
1zuJe6b1roixEKMOtyrEak	Tina Turner	['soft rock']	[2020]	1	1
502gR6LabOy5scZcE8OWed	SN	[]	[2020]	1	1
24hv4TvAMymHuQnxwwzYbV	BRAVAS	[]	[2020]	1	1
6gYNHOJgGijmZUjpcEGCEB	Hmizo	['dutch drill']	[2020]	1	1
2JbE7jUIGtpXSzytnyMg6U	Curtis Waters	[]	[2020]	1	1
44rJuOJLavqhY6qGgpQW4U	Harm Franklin	['alberta hip hop']	[2020]	1	1
0huGjMyP507tBCARyzSkrv	Cordae	['hip hop', 'pop rap', 'rap', 'trap', 'underground hip hop']	[2020]	1	1
5qTx6amAEpOiXxb6KQjquZ	Ytram	['dutch edm']	[2020]	1	1
2vf4pRsEY6LpL5tKmqWb64	Elderbrook	[]	[2020]	1	1
4ETSs924pXMzjIeD6E9b4u	Surfaces	['bedroom soul']	[2020]	1	0
3krHIfEy37pVe0zjdisDBk	Goldkimono	[]	[2020]	1	0
7w4cOzDZ5rfomlKHfunmbV	Lehmber Hussainpuri	['classic bhangra', 'punjabi pop']	[2020]	1	0
7rOlQwf8OuFLFQp4aydjBt	Paloma Mami	['latin pop', 'reggaeton chileno', 'trap chileno']	[2020]	1	1
06efa29IzFrUObavILb1wo	Tyson Fury	[]	[2020]	1	1
3PyJHH2wyfQK3WZrk9rpmP	Ashnikko	['alt z', 'escape room']	[2020]	1	0
7iDeMFJKjI1ak40N3hoYOZ	Lil Xxel	['pop r&b', 'viral rap']	[2020]	1	0
7iK8PXO48WeuP03g8YR51W	Myke Towers	['reggaeton', 'trap latino', 'urbano latino']	[2020]	1	1
31REX4WGmuDvtihynSCvly	Akwasi	['dutch hip hop']	[2020]	1	1
1kwi1Q7X4jPTkHTgayxKhS	Alonestar	[]	[2020]	1	1
6VuyrmclG2XOdkqz0AeGcs	Rick Live	[]	[2020]	1	1
6F3vLfyutkUhpM50G84eMt	Endor	['deep groove house', 'house', 'scottish rock']	[2020]	1	0
7bmYpVgQub656uNTu6qGNQ	Hwa Sa	['k-pop', 'korean talent show']	[2020]	1	1
5Oc4knEQaid8K7AFqO5lHu	Selah Sue	['belgian pop', 'neo soul']	[2020]	1	0
0imE3buPhAowREqCrr4CYe	Peach Tree Rascals	['pov: indie']	[2020]	1	0
5pUX4FpriGXvWLiOdcugUH	Immer Hansi	['carnaval', 'nederlandse hardstyle']	[2020]	1	0
4FcZfItjVIsfO9TynErl7X	Jubël	['swedish pop']	[2020]	1	1
71Dhj822M1LGpuryPIV2KO	NEIMY	['scandipop', 'tropical house']	[2020]	1	1
17esEoE9uEHFKuzkar2UL0	Tony Junior	['big room', 'dutch house', 'electro house', 'progressive electro house', 'slap house']	[2020]	1	1
0fDxf2giZpkRe87YzM0hIR	Sinterklaas Muziek	[]	[2020]	1	1
0v4CvkMzWBQ1wZIMl2BqQW	Frans Bauer	['levenslied']	[2020]	1	1
6ZIYpxKYeshS5Iu95klvTK	Gangstamillio	['antilliaanse rap', 'ritmo kombina']	[2020]	1	1
174892JAQH1U4CjnGNHYLT	Nick Vall	[]	[2020]	1	1
0QJIPDAEDILuo8AIq3pMuU	M.I.A.	['escape room', 'indietronica', 'new rave']	[2020]	1	1
63yrD80RY3RNEM2YDpUpO8	Melanie Martinez	['alt z', 'electropop', 'pop']	[2020]	1	0
0ugLySQOBIlvWTodx22Wao	DinDin	['dutch hip hop']	[2020]	1	1
3bYcjbVAN3rAuU3TMzw2mB	Marcus Mumford	['british singer-songwriter']	[2020]	1	1
696x5uEm1nV6xucEZNAbzH	Emily Zeck	[]	[2020]	1	1
6L7a6wPGpvLtTwOsMLnF1z	D-Block & S-te-Fan	['classic hardstyle', 'euphoric hardstyle', 'rawstyle']	[2020]	1	0
7oMRcCu0OYSCtCyS3P37iC	Afro B	['afrobeats', 'afroswing', 'dancehall', 'uk dancehall', 'uk hip hop']	[2020]	1	1
0gRFVzEkjFmFifMlqVlTta	Pjotr	[]	[2020]	1	1
62eGoLRCLKqObqDkLfYDVP	Okke Punt	['pop folk']	[2020]	1	1
4ZgQDCtRqZlhLswVS6MHN4	grandson	['modern alternative rock', 'modern rock', 'pov: indie', 'rock']	[2020]	1	0
1KP6TWI40m7p3QBTU6u2xo	BØRNS	['indie poptimism', 'indietronica', 'modern alternative rock', 'modern rock', 'pov: indie']	[2020]	1	0
2eSebrxznYmpfRSr5wGM8H	Judeska	[]	[2020]	1	1
1MXZ0hsGic96dWRDKwAwdr	Tyla Yaweh	['cali rap', 'melodic rap']	[2020]	1	1
5kGU4SsIURP34e0AraFpQ2	The Analogues	[]	[2020]	1	0
1YUQBcslZbEeShc171Z5UR	The voice of Holland	['dutch idol pop', 'dutch pop']	[2020]	1	1
01pKrlgPJhm5dB4lneYAqS	Sigma	['dancefloor dnb', 'house', 'pop dance', 'uk dance']	[2020]	1	1
7on1NP7h7wh2Onwvkff1pj	Michelle David & The True-tones	[]	[2020]	1	0
5yPzzu25VzEk8qrGTLIrE1	Young Nudy	['pluggnb', 'rap', 'trap']	[2020]	1	1
0ukgrNYk51TkMQr0f2Br4Q	Maverick Sabre	['irish hip hop']	[2020]	1	1
28uJnu5EsrGml2tBd7y8ts	Vintage Culture	['brazilian edm']	[2020]	1	1
6jmHuLfbWlq34KedQ7mA5I	Slow Motion	['relaxative']	[2020]	1	1
5ee4yhrWOxaxvL77BoVpVR	Lucky Luke	['lithuanian electronic']	[2020]	1	0
41I5xI04kixwmonDBl0Sda	King Combs	['cali rap']	[2020]	1	1
6bxLZGH8gi1a808hCIZIBB	Ka	[]	[2020]	1	1
6Ha4aES39QiVjR0L2lwuwq	Yo Gotti	['dirty south rap', 'gangster rap', 'memphis hip hop', 'rap', 'southern hip hop', 'tennessee hip hop', 'trap']	[2020]	1	1
6X8WdFjrNhXATMDSs26aCc	Curren$y	['dirty south rap', 'new orleans rap', 'rap', 'southern hip hop']	[2020]	1	1
0399oiMcmbOzzsYQDNYqxn	Problem	['hyphy', 'trap', 'west coast trap']	[2020]	1	1
34nVLWMJTjaMh2aSMOQHei	King Pharaoh	[]	[2020]	1	1
1lEXbUjKjHQ7uc9jFfEViJ	TGT	['pop r&b']	[2020]	1	1
56TuyDjYJfwFFxxnnjZYAF	Fous	['dutch hip hop']	[2020]	1	1
22bE4uQ6baNwSHPVcDxLCe	The Rolling Stones	['album rock', 'british invasion', 'classic rock', 'rock']	[2020]	1	0
3aesfhhikiCS2eMPubwiMe	73depijp	['dutch drill']	[2020]	1	1
5dcOK4stT4JDkP6Dqhbz5s	Sheena Easton	['mellow gold', 'minneapolis sound', 'new romantic', 'new wave pop', 'soft rock']	[2020]	1	1
6ywXRaHY7m2DJ0dd7CsLAB	Ramz	['afroswing', 'london rap', 'uk hip hop']	[2020]	1	0
29zsVzEH33dD5QqxeL8dvy	Vini Vici	['progressive uplifting trance']	[2020]	1	1
0C13c2Cym8uGelpb0yWKRR	Kleine B	[]	[2020]	1	0
2x6sY93TIZrBvPjW2K7Stm	Towards Distortion	[]	[2020]	1	0
1IiTy72Esd2mIfGuvsvdQB	Ay Em	['london rap', 'uk hip hop']	[2020]	1	1
769D3IwCDrdPospAd3Hlpi	Naturally 7	['a cappella']	[2020]	1	1
1mpOD8ZwHnbsryIuXWq0R1	Zeynep Bastık	['turkish pop']	[2020]	1	1
5yy76ufVriyvidNSvXlRU1	Clever	['alabama rap']	[2020]	1	1
4MgUht9kRLFmS5uNiycgeC	Dv	['dutch drill', 'dutch hip hop']	[2020]	1	0
6gVw7sj444868peBFpH0O4	FRNKIE	['polish hip hop']	[2020]	1	1
0nzaebKwaLRFXNwKLrXBRe	Jaïr Faria	[]	[2020]	1	1
35EByCqBoI2ze5Gf1cqdQu	Brent	[]	[2020]	1	0
0UcXjTpzt0DmIwPSNwlJfF	jetsonmade	[]	[2020]	1	1
5qMHOzLlXeOEjOncWYtRfZ	Stevie Appleton	[]	[2020]	1	1
51Nxj8BRMYRcisN5FVFbXd	Los Baby One	[]	[2020]	1	0
0ptDk5cDferFRAlx5mpGjv	Felicia Tavares	[]	[2020]	1	1
0LQoZQIV0mIs0y0XQb0Sw2	Chris Martin	[]	[2020]	1	1
3Xt3RrJMFv5SZkCfUE8C1J	Kim Petras	['alt z', 'pop', 'transpop']	[2020]	1	1
7IziQIyiq8TGse0Mc1laYi	K4mo	[]	[2020]	1	1
3MZsBdqDrRTJihTHQrO6Dq	Joji	['viral pop']	[2020]	1	0
3DKkhRCGOG4e8IUPYFPfWs	Dixie	['social media pop']	[2020]	1	1
1XpF3aOUDMb8do0KONMT1w	Niaggi	[]	[2020]	1	1
2cCUtGK9sDU2EoElnk0GNB	The National	['chamber pop', 'indie folk', 'indie rock', 'indietronica', 'modern rock', 'stomp and holler']	[2020]	1	1
0daugAjUgbJSqdlyYNwIbT	Vicetone	['edm', 'electro house', 'pop dance', 'progressive electro house']	[2020]	1	1
2jpQ0ywffgVHhZFQNWaWYW	Tony Igy	['russian dance']	[2020]	1	1
7vPGzgDg3qGUY5bWtrO3K4	Conkarah	['jawaiian']	[2020]	1	1
2fZcYu4ltOFdwsnDmLQ9jl	DJ Fle	[]	[2020]	1	1
6EN9iGovybDcQZ2NtsqMFd	Sigurd Barrett	['danish pop rock']	[2020]	1	0
7MmIC8lbUdmL6c05M63KF6	The Rossman Ensemble	[]	[2020]	1	0
2lzeV1nxm8MB7z85L53JV2	Gordon	['dutch pop', 'dutch rock']	[2020]	1	1
4cMHdEuQdGzHoaPDZqZPEl	Richard Groenendijk	['dutch cabaret']	[2020]	1	1
5SZWpkmVZQYAfKq0o8i7Hj	Jopie Parlevliet	[]	[2020]	1	1
3QVolfxko2UyCOtexhVTli	Angèle	['belgian pop', 'french pop', 'variete francaise']	[2020]	1	1
79KQgTCu4wV38ECYKn62DZ	White Gold	[]	[2020]	1	1
743ycsW3cdZWCek1YdLV0E	Souhaila	['dutch pop']	[2020]	1	1
4545qVmfWJPCXCsBVNItN5	Sandman	[]	[2020]	1	0
3qnGvpP8Yth1AqSBMqON5x	Leon Bridges	['modern blues', 'neo soul', 'soul']	[2020]	1	1
5QySqc6yAFDx9m7fedFZmC	Brennan Heart	['classic hardstyle', 'euphoric hardstyle', 'rawstyle']	[2020]	1	1
5kW2ng5av985BfqrOMRpk0	Andreas Moe	['swedish indie pop', 'swedish singer-songwriter']	[2020]	1	1
3jgQcqGSKmE4uD8lPIDVnq	Yarri	['dutch drill']	[2020]	1	1
0Grfv3ZO8gzibBBh0ada1e	Guy	['dutch drill']	[2020]	1	1
21QtlSXlOQBG3PNtDfaCbA	KV Savage	['dutch drill']	[2020]	1	1
0Cp8WN4V8Tu4QJQwCN5Md4	BENEE	['alt z', 'nz pop']	[2020]	1	1
6sHCvZe1PHrOAuYlwTLNH4	Gus Dapperton	['bedroom pop', 'indie poptimism', 'pov: indie']	[2020]	1	1
2eogQKWWoohI3BSnoG7E2U	Donna Summer	['adult standards', 'disco', 'hi-nrg', 'new wave pop', 'soft rock']	[2020]	1	1
7sfl4Xt5KmfyDs2T3SVSMK	Lil Jon	['atl hip hop', 'crunk', 'dance pop', 'dirty south rap', 'old school atlanta hip hop', 'pop rap', 'southern hip hop', 'trap']	[2020]	1	1
3ipn9JLAPI5GUEo4y4jcoi	Ludacris	['atl hip hop', 'dance pop', 'dirty south rap', 'hip hop', 'old school atlanta hip hop', 'pop rap', 'rap', 'southern hip hop', 'trap']	[2020]	1	1
2TzHIUhVpeeDxyJPpQfnV3	Katrina & The Waves	['new wave pop']	[2020]	1	0
6DJEUXZm0e2rAohdoZ5Voo	Black Thought	['alternative hip hop', 'east coast hip hop']	[2020]	1	1
3ZotbHeyVQKxQCPDJuQ4SU	Q-Tip	['east coast hip hop', 'queens hip hop']	[2020]	1	1
1WjexdTcXHgvlVIPCE8D1Q	Denaun	[]	[2020]	1	1
7E6Z9IP0Z5ItLZT9XeSSHB	Seven Kevin	[]	[2020]	1	0
5Nf5yishRW9Ye174sJISkg	London On Da Track	['atl hip hop']	[2020]	1	1
5PVmCxx4fccpZFqlkL4Rdb	AVALON MUSIC	[]	[2020]	1	1
5OW09AsibJEEuonDjFCfTq	Era	['dutch hip hop', 'dutch trap']	[2020]	1	1
5IgZF4eJh64ab2JlMcolq8	Tarik	['dutch hip hop', 'dutch trap']	[2020]	1	1
4Ui2kfOqGujY81UcPrb5KE	HAIM	['indietronica', 'metropopolis']	[2020]	1	1
5nSAh3wlH7VaqpnkiMjzDs	WSTRN	['afroswing', 'grime', 'uk hip hop']	[2020]	1	1
52f9xu2VBr99vFO7bzxiLP	Robbie	[]	[2020]	1	1
74cdAYaF3KVLFvpjhkTYVm	FCRoelie	[]	[2020]	1	1
5ScZJsl84jOTvyc9yJqV56	Bassistent	[]	[2020]	1	1
7npsZTNqKhqDcK54oOTb5W	KA	[]	[2020]	1	1
1SC5xEGaKhAEcAdySslbS9	Mula B	[]	[2020]	1	1
365Q4cNnnlsQErzPsUzyXY	HUMAN(X)	[]	[2020]	1	1
2bxxlINUlcMQQb39K7IopR	Abraham Mateo	['latin arena pop', 'latin pop', 'latin viral pop', 'reggaeton', 'spanish pop']	[2020]	1	1
0tmwSHipWxN12fsoLcFU3B	Manuel Turizo	['colombian pop', 'reggaeton', 'reggaeton colombiano', 'trap latino', 'urbano latino']	[2020]	1	1
1GAymyGBvB4gQy5Z5LZ1Wj	Lalo Ebratt	['colombian hip hop', 'reggaeton', 'reggaeton colombiano', 'trap latino', 'urbano latino']	[2020]	1	1
5xkFVS6IwwgHEAaRzXc9U3	Tay Keith	['memphis hip hop']	[2020]	1	1
0YqeL4iGLLNiwRXZvew1TM	Larry	['french hip hop', 'pop urbaine', 'rap francais']	[2020]	1	1
6LfIVTnSSc9zNqjpfVPs1w	Brainpower	['dutch hip hop', 'old school nederhop']	[2020]	1	1
5Y35hxCbhuDsV4hjRpAa20	Dicecream	['dutch hip hop']	[2020]	1	1
46lnlnlU0dXTDpoAUmH6Qx	Lou Bega	['latin pop']	[2020]	1	0
5zfEatKLDdRkgbw6sdLBAQ	Octavian	['afroswing', 'london rap', 'uk hip hop']	[2020]	1	1
2Sm4rGKWBnOQhdqDy4JJh0	Zwangere Guy	['belgian hip hop']	[2020]	1	1
5fOzKeaM5PmZ2BcKKAtFeq	8D Tunes	['8d']	[2020]	1	0
15iVAtD3s3FsQR4w1v6M0P	Chief Keef	['chicago bop', 'chicago drill', 'chicago rap', 'drill', 'hip hop', 'rap', 'trap']	[2020]	1	1
3jk39CGeaaSO3FPKNx1RUx	Syd	['alternative r&b', 'lgbtq+ hip hop']	[2020]	1	1
3fqoYDVKecfs5Q99XN9wf7	DJ Nazil	[]	[2020]	1	0
4Fx9JQTrRogacwiF4Drhoy	Ginton	[]	[2020]	1	1
3bmFPbLMiLxtR9tFrTcKcP	Matthew Wilder	['new wave pop']	[2020]	1	0
7vXDAI8JwjW531ouMGbfcp	TINI	['latin pop', 'pop argentino']	[2020]	1	1
2PaZWGu5T5nHjY2xxAkFsT	THE SCOTTS	['viral rap']	[2020]	1	1
586uxXMyD5ObPuzjtrzO1Q	Sofi Tukker	['edm']	[2020]	1	1
4VNQWV2y1E97Eqo2D5UTjx	Gorgon City	['future garage', 'house', 'pop dance', 'uk dance']	[2020]	1	1
6fFfnKGVI6X3lkCr8Qw1g1	KXNG Crooked	['cali rap', 'detroit hip hop']	[2020]	1	1
1q13yHC6Syg5Y8iPLrRnCq	Joell Ortiz	['battle rap']	[2020]	1	1
5XQ0aNr3aINifZ93L4FUYI	Kevin Ice	[]	[2020]	1	1
