artist_id	name	genres	years_on_charts	num_hits	num_collab_hits
1RyvyyTE3xzB2ZywiAwp0i	Future	['atl hip hop', 'hip hop', 'rap', 'southern hip hop', 'trap']	[2017, 2018, 2019, 2020, 2021, 2022]	241	151
3TVXtAsR1Inumwj472S9r4	Drake	['canadian hip hop', 'canadian pop', 'hip hop', 'rap', 'toronto rap']	[2017, 2018, 2019, 2020, 2021, 2022]	229	116
06HL4z0CvFAxyc27GXpf02	Taylor Swift	['pop']	[2017, 2018, 2019, 2020, 2021, 2022]	207	28
50co4Is1HCEo8bhOyUWKpn	Young Thug	['atl hip hop', 'atl trap', 'gangster rap', 'melodic rap', 'rap', 'trap']	[2017, 2018, 2019, 2020, 2021, 2022]	183	165
4MCBfE4596Uoi2O4DtmEMz	Juice WRLD	['chicago rap', 'melodic rap', 'rap']	[2018, 2019, 2020, 2021, 2022]	175	72
6Xgp2XMz1fhVYe7i6yNAax	Trippie Redd	['melodic rap', 'rap', 'trap']	[2017, 2018, 2019, 2020, 2021, 2022]	164	94
5f7VJjfbwm532GiveGC0ZK	Lil Baby	['atl hip hop', 'atl trap', 'rap', 'trap']	[2017, 2018, 2019, 2020, 2021, 2022]	160	128
2hlmm7s2ICUX0LVIhVFlZQ	Gunna	['atl hip hop', 'melodic rap', 'rap', 'trap']	[2017, 2018, 2019, 2020, 2021, 2022]	151	110
0Y5tJX1MQlPlqiwlOH1tJY	Travis Scott	['hip hop', 'rap', 'slap house']	[2017, 2018, 2019, 2020, 2021, 2022]	141	116
4O15NlyKLIASxsJ0PrXPfz	Lil Uzi Vert	['melodic rap', 'philly rap', 'rage rap', 'rap', 'trap']	[2017, 2018, 2019, 2020, 2021, 2022]	139	92
4xRYI6VqpkE3UwrDrAZL8L	Logic	['conscious hip hop', 'hip hop', 'pop rap', 'rap']	[2017, 2018, 2019, 2020, 2021]	127	54
1Xyo4u8uXC1ZmMpatF05PJ	The Weeknd	['canadian contemporary r&b', 'canadian pop', 'pop']	[2017, 2018, 2019, 2020, 2021, 2022]	121	54
1URnnhqYAYcrqrcwql10ft	21 Savage	['atl hip hop', 'hip hop', 'rap', 'trap']	[2017, 2018, 2019, 2020, 2021, 2022]	117	83
7wlFDEWiM5OoIAt8RSli8b	YoungBoy Never Broke Again	['baton rouge rap', 'rap']	[2017, 2018, 2019, 2020, 2021, 2022]	114	37
55Aa2cqylxrFIXC767Z865	Lil Wayne	['hip hop', 'new orleans rap', 'pop rap', 'rap', 'trap']	[2017, 2018, 2019, 2020, 2021, 2022]	112	81
0hCNtLu0JehylgoiP8L4Gh	Nicki Minaj	['hip pop', 'pop', 'queens hip hop', 'rap']	[2017, 2018, 2019, 2020, 2021, 2022]	110	92
6oMuImdp5ZcFhWP0ESe6mG	Migos	['atl hip hop', 'hip hop', 'rap', 'trap']	[2017, 2018, 2019, 2020, 2021]	109	58
246dkjvS1zLTtiykXe5h60	Post Malone	['dfw rap', 'melodic rap', 'pop', 'rap']	[2017, 2018, 2019, 2020, 2021, 2022]	101	55
7dGJo4pcD2V6oG8kP0tJRR	Eminem	['detroit hip hop', 'hip hop', 'rap']	[2017, 2018, 2019, 2020, 2021, 2022]	100	53
66CXWjxzNUsdJxJ2JdwvnR	Ariana Grande	['pop']	[2017, 2018, 2019, 2020, 2021, 2022]	100	46
0VRj0yCOv2FXJNP47XQnx5	Quavo	['atl hip hop', 'melodic rap', 'rap', 'trap']	[2017, 2018, 2019, 2020, 2021]	99	87
5K4W6rqBFWDnAN6FQUkS6x	Kanye West	['chicago rap', 'hip hop', 'rap']	[2017, 2018, 2019, 2020, 2021, 2022]	96	38
3Nrfpe0tUJi4K4DXYWgMUX	BTS	['k-pop', 'k-pop boy group', 'pop']	[2017, 2018, 2019, 2020, 2021, 2022]	95	20
15UsOTVnJzReFVN1VCnxy4	XXXTENTACION	['emo rap', 'miami hip hop']	[2017, 2018, 2019, 2020, 2021, 2022]	94	41
1uNFoZAHBGtllmzznpCI3s	Justin Bieber	['canadian pop', 'pop']	[2017, 2018, 2019, 2020, 2021, 2022]	94	64
4q3ewBCX7sLwd24euuV69X	Bad Bunny	['reggaeton', 'trap latino', 'urbano latino']	[2017, 2018, 2019, 2020, 2021, 2022]	94	54
4r63FhuTkUYltbVAg5TQnk	DaBaby	['hip hop', 'north carolina hip hop', 'rap', 'trap']	[2019, 2020, 2021, 2022]	93	65
31W5EY0aAly4Qieq6OFu6I	A Boogie Wit da Hoodie	['melodic rap', 'rap', 'trap']	[2017, 2018, 2019, 2020, 2021, 2022]	92	55
13y7CgLHjMVRMDqxdx0Xdo	Gucci Mane	['atl hip hop', 'dirty south rap', 'hip hop', 'pop rap', 'rap', 'southern hip hop', 'trap']	[2017, 2018, 2019, 2020, 2021, 2022]	88	77
0c173mlxpT3dSFRgMO8XPh	Big Sean	['detroit hip hop', 'hip hop', 'pop rap', 'r&b', 'rap', 'southern hip hop', 'trap']	[2017, 2018, 2019, 2020, 2021]	84	66
6LuN9FCkKOj5PcnpouEgny	Khalid	['pop', 'pop r&b']	[2017, 2018, 2019, 2020, 2021, 2022]	84	50
6l3HvQ5sa6mXTsMTB19rO5	J. Cole	['conscious hip hop', 'hip hop', 'north carolina hip hop', 'rap']	[2017, 2018, 2019, 2020, 2021, 2022]	81	39
7rkW85dBwwrJtlHRDkJDAC	NAV	['canadian hip hop', 'canadian trap', 'melodic rap', 'rap', 'toronto rap', 'trap']	[2017, 2018, 2019, 2020, 2021, 2022]	80	47
3hcs9uc56yIGFCSy9leWe7	Lil Durk	['chicago drill', 'chicago rap', 'drill', 'hip hop', 'rap', 'trap']	[2018, 2019, 2020, 2021, 2022]	80	69
20sxb77xiYeusSH8cVdatc	Meek Mill	['hip hop', 'philly rap', 'pop rap', 'rap', 'southern hip hop', 'trap']	[2017, 2018, 2019, 2020, 2021]	78	58
6icQOAFXDZKsumw3YXyusw	Lil Yachty	['atl hip hop', 'melodic rap', 'rap', 'trap']	[2017, 2018, 2019, 2020, 2021]	78	60
6eUKZXaKkcviH0Ku9w2n3V	Ed Sheeran	['pop', 'singer-songwriter pop', 'uk pop']	[2017, 2018, 2019, 2020, 2021, 2022]	76	36
6AgTAQt8XS6jRWi4sX7w49	Polo G	['chicago rap', 'rap']	[2019, 2020, 2021, 2022]	76	45
7c0XG5cIJTrrAgEC3ULPiq	Ty Dolla $ign	['hip hop', 'pop rap', 'r&b', 'southern hip hop', 'trap', 'trap soul']	[2017, 2018, 2019, 2020, 2021]	75	75
26VFTg2z8YR0cCuwLzESi2	Halsey	['electropop', 'etherpop', 'indie poptimism', 'pop']	[2017, 2018, 2019, 2020, 2021]	74	26
4DdkRBBYG6Yk9Ka8tdJ9BW	Offset	['atl hip hop', 'rap', 'trap']	[2017, 2018, 2019, 2020, 2021, 2022]	74	66
2jku7tDXc6XoB6MO2hFuqg	Tory Lanez	['canadian hip hop', 'canadian trap', 'melodic rap', 'r&b', 'rap', 'toronto rap', 'trap']	[2017, 2018, 2019, 2020, 2021, 2022]	70	37
699OTQXzgjhIYAHMy9RyPD	Playboi Carti	['atl hip hop', 'plugg', 'pluggnb', 'rage rap', 'rap']	[2017, 2018, 2019, 2020, 2021, 2022]	70	40
13ubrt8QOOCPljQ2FL1Kca	A$AP Rocky	['east coast hip hop', 'hip hop', 'rap', 'trap']	[2017, 2018, 2019, 2020, 2021, 2022]	70	56
0iEtIxbK0KxaSlF7G42ZOp	Metro Boomin	['rap']	[2017, 2018, 2019, 2020, 2021, 2022]	70	70
46SHBwWsqBkxI7EeeBEQG7	Kodak Black	['florida drill', 'florida rap', 'melodic rap', 'miami hip hop', 'rap', 'trap', 'trap latino']	[2017, 2018, 2019, 2020, 2021, 2022]	69	33
17lzZA2AlOHwCwFALHttmp	2 Chainz	['atl hip hop', 'hip hop', 'pop rap', 'rap', 'southern hip hop', 'trap']	[2017, 2018, 2019, 2020, 2022]	68	60
00FQb4jTyendYWaN8pK0wa	Lana Del Rey	['art pop', 'pop']	[2017, 2018, 2019, 2020, 2021, 2022]	64	18
1vyhD5VmyZ7KMfW5gqLgo5	J Balvin	['reggaeton', 'reggaeton colombiano', 'trap latino', 'urbano latino']	[2017, 2018, 2019, 2020, 2021, 2022]	64	52
4oUHIQIBe0LHzYfvXNW4QM	Morgan Wallen	['contemporary country']	[2017, 2018, 2019, 2020, 2021, 2022]	64	13
4LLpKhyESsyAXpc4laK94U	Mac Miller	['hip hop', 'pittsburgh rap', 'rap']	[2018, 2019, 2020, 2021, 2022]	63	12
2YZyLoL8N0Wb9xBt1NhZWg	Kendrick Lamar	['conscious hip hop', 'hip hop', 'rap', 'west coast rap']	[2017, 2018, 2019, 2020, 2021, 2022]	62	44
1anyVhU62p31KFi8MEzkbf	Chance the Rapper	['chicago rap', 'conscious hip hop', 'hip hop', 'pop rap', 'rap']	[2017, 2018, 2019, 2020, 2021]	61	50
0QHgL1lAIqAw0HtD7YldmP	DJ Khaled	['hip hop', 'miami hip hop', 'pop rap', 'rap']	[2017, 2018, 2019, 2020, 2021]	60	60
6qqNVTkY8uBg9cP3Jd7DAH	Billie Eilish	['art pop', 'electropop', 'pop']	[2018, 2019, 2020, 2021, 2022]	60	5
4kYSro6naA4h99UJvo89HB	Cardi B	['pop', 'rap']	[2017, 2018, 2019, 2020, 2021, 2022]	58	45
0eDvMgVFoNV3TpwtrVCoTj	Pop Smoke	['brooklyn drill', 'rap']	[2019, 2020, 2021, 2022]	58	39
1zNqQNIdeOUZHb8zbZRFMX	Swae Lee	['melodic rap', 'rap', 'trap']	[2017, 2018, 2019, 2020, 2021, 2022]	53	49
4V8LLVI7PbaPR0K2TGSxFF	Tyler, The Creator	['hip hop', 'rap']	[2017, 2018, 2019, 2020, 2021, 2022]	53	28
0A0FS04o6zMoto8OKPsDwY	YG	['cali rap', 'hip hop', 'pop rap', 'rap', 'southern hip hop', 'trap']	[2017, 2018, 2019, 2020, 2022]	53	40
718COspgdWOnwOFpJHRZHS	Luke Combs	['contemporary country', 'country']	[2017, 2018, 2019, 2020, 2021, 2022]	53	8
757aE44tKEUQEqRuT6GnEB	Roddy Ricch	['melodic rap', 'rap', 'trap']	[2018, 2019, 2020, 2021, 2022]	53	38
57LYzLEk2LcFghVwuWbcuS	Summer Walker	['r&b']	[2019, 2020, 2021, 2022]	52	29
7n2wHs1TKAczGzO7Dd2rGr	Shawn Mendes	['canadian pop', 'pop', 'viral pop']	[2017, 2018, 2019, 2020, 2021, 2022]	51	14
7bXgB6jMjp9ATFy66eO08Z	Chris Brown	['r&b', 'rap']	[2017, 2018, 2019, 2020, 2021, 2022]	49	40
6TIYQ3jFPwQSRmorSezPxX	Machine Gun Kelly	['ohio hip hop', 'pop rap']	[2017, 2018, 2019, 2020, 2021, 2022]	49	33
1pPmIToKXyGdsCF6LmqLmI	Rich The Kid	['atl hip hop', 'melodic rap', 'plugg', 'rap', 'trap']	[2017, 2018, 2019, 2020, 2021]	48	37
181bsRPaVXVlUKXrxwZfHK	Megan Thee Stallion	['houston rap', 'pop', 'rap', 'trap queen']	[2019, 2020, 2021, 2022]	48	30
4Ga1P7PMIsmqEZqhYZQgDo	Lil Tecca	['melodic rap', 'pluggnb', 'rap']	[2019, 2020, 2021, 2022]	48	19
3wyVrVrFCkukjdVIdirGVY	Lil Pump	['emo rap', 'miami hip hop', 'pop rap', 'rap', 'trap']	[2017, 2018, 2019, 2020]	47	25
4nDoRrQiYLoBzwC5BhVJzF	Camila Cabello	['dance pop', 'pop']	[2017, 2018, 2019, 2020, 2021, 2022]	47	24
7gZfnEnfiaHzxARJ2LeXrf	6ix9ine	['emo rap']	[2017, 2018, 2019, 2020]	47	27
53XhwfbYqKCa1cC15pYq2q	Imagine Dragons	['modern rock', 'pop', 'rock']	[2017, 2018, 2019, 2021, 2022]	46	6
0cGUm45nv7Z6M6qdXYQGTX	Kehlani	['pop', 'r&b']	[2017, 2018, 2019, 2020, 2021]	46	25
02kJSzxNuaWGqwubyUba0Z	G-Eazy	['indie pop rap', 'oakland hip hop', 'pop rap', 'rap']	[2017, 2018, 2019, 2020, 2021]	46	39
69GGBxA162lTqCwzJG5jLp	The Chainsmokers	['electropop', 'pop']	[2017, 2018, 2019, 2020, 2021, 2022]	45	29
137W8MRPWKqSmrBGDBFSop	Wiz Khalifa	['hip hop', 'pittsburgh rap', 'pop rap', 'rap', 'southern hip hop', 'trap']	[2017, 2018, 2019, 2020, 2021, 2022]	45	30
2EMAnMvWE2eb56ToJVfCWs	Bryson Tiller	['kentucky hip hop', 'r&b', 'rap']	[2017, 2018, 2019, 2020, 2021, 2022]	45	11
3MZsBdqDrRTJihTHQrO6Dq	Joji	['viral pop']	[2017, 2018, 2019, 2020, 2021, 2022]	44	15
7jVv8c5Fj3E9VhNjxT4snq	Lil Nas X	['lgbtq+ hip hop']	[2019, 2020, 2021, 2022]	44	17
6x2LnllRG5uGarZMsD4iO8	Thomas Rhett	['contemporary country', 'country', 'country road', 'modern country rock']	[2017, 2018, 2019, 2020, 2021]	43	9
6M2wZ9GZgrQXHCFfjv46we	Dua Lipa	['dance pop', 'pop', 'uk pop']	[2017, 2018, 2019, 2020, 2021, 2022]	43	22
5cj0lLjcoR7YOSnhnX0Po5	Doja Cat	['dance pop', 'pop']	[2019, 2020, 2021, 2022]	43	24
0C8ZW7ezQVs4URX5aX7Kqx	Selena Gomez	['pop', 'post-teen pop']	[2017, 2018, 2019, 2020, 2021]	42	20
5LHRHt1k9lMyONurDHEdrp	Tyga	['hip hop', 'pop rap', 'rap', 'trap']	[2017, 2018, 2019, 2020, 2021, 2022]	42	38
6jGMq4yGs7aQzuGsMgVgZR	Lil Tjay	['brooklyn drill', 'melodic rap', 'nyc rap', 'rap']	[2019, 2020, 2021, 2022]	42	24
6vWDO969PvNqNYHIOW5v0m	Beyoncé	['pop', 'r&b']	[2017, 2018, 2019, 2020, 2021]	41	22
4Gso3d4CscCijv0lmajZWs	Don Toliver	['rap', 'trap']	[2019, 2020, 2021, 2022]	41	20
2wY79sveU1sp5g7SokKOiI	Sam Smith	['pop', 'uk pop']	[2017, 2018, 2019, 2020, 2021]	40	6
5YGY8feqx7naU7z4HrwZM6	Miley Cyrus	['pop']	[2017, 2018, 2019, 2020, 2021, 2022]	40	15
64KEffDW9EtZ1y2vBYgq8T	Marshmello	['brostep', 'edm', 'pop', 'progressive electro house']	[2017, 2018, 2019, 2020, 2021, 2022]	40	35
2cFrymmkijnjDg9SS92EPM	blackbear	['pop']	[2017, 2018, 2019, 2020, 2021, 2022]	40	21
7tYKF4w9nC0nq9CsPZTHyP	SZA	['pop', 'r&b', 'rap']	[2017, 2018, 2019, 2020, 2021, 2022]	40	34
0fA0VVWsXO9YnASrzqfmYu	Kid Cudi	['hip hop', 'ohio hip hop', 'pop rap', 'rap']	[2017, 2018, 2019, 2020, 2021, 2022]	39	19
1i8SpTcr7yvPOmcqrbnVXY	Ozuna	['puerto rican pop', 'reggaeton', 'trap latino', 'urbano latino']	[2017, 2018, 2019, 2020, 2021]	39	29
6fOMl44jA4Sp5b9PpYCkzz	NF	['hip hop', 'pop rap']	[2017, 2018, 2019, 2020, 2021]	39	6
3jK9MiCrA42lLAdMGUZpwa	Anderson .Paak	['escape room', 'hip hop', 'indie soul', 'neo soul']	[2018, 2019, 2020, 2021, 2022]	39	33
2tIP7SsRs7vjIcLrU85W8J	The Kid LAROI	['australian hip hop']	[2020, 2021, 2022]	39	21
1sBkRIssrMs1AbVkOJbc7a	Rick Ross	['dirty south rap', 'gangster rap', 'hip hop', 'rap', 'southern hip hop', 'trap']	[2017, 2018, 2019, 2020, 2021]	38	37
2R21vXR83lH98kGeO99Y66	Anuel AA	['reggaeton', 'reggaeton flow', 'trap boricua', 'trap latino', 'urbano latino']	[2018, 2019, 2020, 2021]	38	32
23fqKkggKUBHNkbKtXEls4	Kygo	['edm', 'pop', 'pop dance', 'tropical house']	[2017, 2018, 2019, 2020, 2021, 2022]	37	37
1Bl6wpkWCQ4KVgnASpvzzA	BROCKHAMPTON	['boy band', 'rap']	[2017, 2018, 2019, 2020, 2021]	37	7
2rhFzFmezpnW82MNqEKVry	Ski Mask The Slump God	['hip hop', 'miami hip hop', 'pop rap', 'rap', 'trap', 'underground hip hop']	[2018, 2019, 2020, 2021]	37	16
1z7b1Pr1rSlvWRzsW3HOrS	Russ	['hawaiian hip hop']	[2017, 2018, 2019, 2020, 2021, 2022]	36	12
5JZ7CnR6gTvEMKX4g70Amv	Lauv	['pop']	[2017, 2018, 2019, 2020, 2022]	36	15
3YQKmKGau1PzlVlkL1iodx	Twenty One Pilots	['modern rock', 'pop', 'pov: indie', 'rock']	[2017, 2018, 2019, 2020, 2021]	35	0
1HY2Jd0NmPuamShAr6KMms	Lady Gaga	['art pop', 'dance pop', 'pop']	[2017, 2018, 2019, 2020, 2021]	35	11
4IVAbR2w4JJNJDDRFP3E83	6LACK	['atl hip hop', 'melodic rap', 'r&b', 'rap', 'trap']	[2017, 2018, 2019, 2020, 2021, 2022]	35	16
0ErzCpIMyLcjPiwT4elrtZ	NLE Choppa	['memphis hip hop', 'rap']	[2019, 2020, 2021, 2022]	35	18
45TgXXqMDdF8BkjA83OM7z	Rod Wave	['florida rap']	[2019, 2020, 2021, 2022]	35	6
6ZjFtWeHP9XN7FeKSUe80S	Bing Crosby	['adult standards', 'easy listening', 'lounge']	[2017, 2018, 2019, 2020, 2021]	34	9
163tK9Wjr9P9DmM0AVK7lm	Lorde	['art pop', 'metropopolis', 'nz pop', 'pop']	[2017, 2021]	34	3
2HPaUgqeutzr3jx5a9WyDV	PARTYNEXTDOOR	['r&b', 'rap', 'toronto rap', 'urban contemporary']	[2017, 2018, 2019, 2020]	32	19
5ZS223C6JyBfXasXxrRqOk	Jhené Aiko	['r&b']	[2017, 2018, 2019, 2020]	32	21
5fMUXHkw8R8eOP2RNVYEZX	Diplo	['edm', 'electro house', 'moombahton', 'pop dance']	[2017, 2018, 2019, 2020, 2021]	32	32
4dpARuHxo51G3z768sgnrY	Adele	['british soul', 'pop', 'pop soul', 'uk pop']	[2017, 2018, 2019, 2021, 2022]	31	0
1xr2G8Hlx4QWmT9HaUbmoO	Young Stoner Life	['pop rap']	[2017, 2018, 2020, 2021]	31	31
3tJoFztHeIJkJWMrx0td2f	Moneybagg Yo	['memphis hip hop', 'rap', 'southern hip hop', 'tennessee hip hop', 'trap']	[2017, 2018, 2019, 2020, 2021, 2022]	30	23
7gOdHgIoIKoe4i9Tta6qdD	Jonas Brothers	['boy band', 'pop']	[2019, 2020, 2021]	30	4
7CajNmpbOovFoOoasH2HaY	Calvin Harris	['dance pop', 'edm', 'electro house', 'house', 'pop', 'progressive house', 'uk dance']	[2017, 2018, 2019, 2020, 2021]	29	26
6XyY86QOPPrYVGvF9ch6wz	Linkin Park	['alternative metal', 'nu metal', 'post-grunge', 'rap metal', 'rock']	[2017]	29	3
1vCWHaC5f2uS3yhpwWbIA6	Avicii	['edm', 'pop', 'pop dance']	[2017, 2018, 2019, 2020, 2021]	29	15
7d3WFRME3vBY2cgoP38RDo	Lil Skies	['melodic rap']	[2017, 2018, 2019, 2020, 2021]	29	15
3b8QkneNDz4JHKKKlLgYZg	Florida Georgia Line	['contemporary country', 'country', 'country pop', 'country road', 'modern country rock']	[2017, 2018, 2019, 2020, 2021]	28	16
2kCcBybjl3SAtIcwdWpUe3	Lil Peep	['cloud rap', 'emo rap', 'lgbtq+ hip hop']	[2017, 2018, 2019, 2020, 2021, 2022]	28	6
6KImCVD70vtIoJWnq6nGn3	Harry Styles	['pop']	[2017, 2019, 2020, 2021, 2022]	28	0
5IcR3N7QB1j6KBL8eImZ8m	ScHoolboy Q	['gangster rap', 'hip hop', 'pop rap', 'rap', 'southern hip hop', 'trap']	[2017, 2018, 2019, 2020, 2021, 2022]	28	18
7iZtZyCzp3LItcw1wtPI3D	Rae Sremmurd	['melodic rap', 'mississippi hip hop', 'rap', 'trap']	[2017, 2018, 2019]	27	21
0hEurMDQu99nJRq8pTxO14	John Mayer	['neo mellow', 'singer-songwriter']	[2017, 2018, 2019, 2020, 2021]	27	3
6S2OmqARrzebs0tKUEyXyp	Demi Lovato	['pop', 'post-teen pop']	[2017, 2018, 2019, 2020, 2021]	27	11
6jJ0s89eD6GaHleKKya26X	Katy Perry	['pop']	[2017, 2019, 2020, 2021, 2022]	26	10
31TPClRtHm23RisEBtV3X7	Justin Timberlake	['dance pop', 'pop']	[2017, 2018, 2020, 2021]	26	7
5dHt1vcEm9qb8fCyLcB3HL	A$AP Ferg	['hip hop', 'pop rap', 'rap', 'southern hip hop', 'trap']	[2017, 2018, 2019, 2020, 2021]	26	23
04gDigrS5kc9YWfZHwBETP	Maroon 5	['pop']	[2017, 2018, 2019, 2020, 2021]	26	18
73sIBHcqh3Z3NyqHKZ7FOL	Childish Gambino	['atl hip hop', 'hip hop', 'rap']	[2017, 2018, 2019, 2020, 2021, 2022]	26	8
0du5cEVh5yTK9QJze8zA0C	Bruno Mars	['dance pop', 'pop']	[2017, 2018, 2019, 2021, 2022]	26	21
5WUlDfRSoLAfcVSX1WnrxN	Sia	['australian dance', 'australian pop', 'pop']	[2017, 2018, 2019, 2020, 2021]	25	18
2RdwBSPQiwcmiDo9kixcl8	Pharrell Williams	['dance pop', 'pop']	[2017, 2018, 2019, 2020, 2021, 2022]	25	24
21WS9wngs9AqFckK7yYJPM	PnB Rock	['melodic rap', 'rap', 'trap']	[2017, 2018, 2019]	25	22
5Rl15oVamLq7FbSb0NNBNy	5 Seconds of Summer	['boy band', 'pop']	[2018, 2019, 2020, 2021, 2022]	25	4
1VPmR4DJC1PlOtd0IADAO0	$uicideboy$	['cloud rap', 'dark trap', 'new orleans rap', 'underground hip hop']	[2018, 2020, 2021, 2022]	25	0
4GvEc3ANtPPjt1ZJllr5Zl	Bazzi	['pop']	[2018, 2019, 2020, 2021]	25	3
6ASri4ePR7RlsvIQgWPJpS	iann dior	['melodic rap']	[2019, 2020, 2021, 2022]	25	21
2LIk90788K0zvyj2JJVwkJ	Jack Harlow	['deep underground hip hop', 'kentucky hip hop', 'pop rap', 'rap']	[2020, 2021, 2022]	25	16
64M6ah0SkkRsnPGtGiRAbb	Bebe Rexha	['dance pop', 'pop']	[2017, 2018, 2019, 2020, 2021]	24	16
3AA28KZvwAUcZuOKwyblJQ	Gorillaz	['alternative hip hop', 'modern rock', 'rock']	[2017, 2018, 2020]	23	19
3mIj9lX2MWuHmhNCA7LSCW	The 1975	['modern alternative rock', 'modern rock', 'pop', 'pov: indie', 'rock']	[2018, 2019, 2020, 2021]	23	1
6vXTefBL93Dj5IqAWq6OTv	French Montana	['hip hop', 'pop rap', 'rap', 'southern hip hop', 'trap']	[2017, 2018, 2019, 2020]	22	22
6VuMaDnrHyPL1p4EHjYLi7	Charlie Puth	['pop', 'viral pop']	[2017, 2018, 2019, 2020, 2022]	22	9
0ZED1XzwlLHW4ZaG4lOT6m	Julia Michaels	['pop']	[2017, 2018, 2019, 2020, 2021]	22	12
5SXuuuRpukkTvsLuUknva1	Baby Keem	['hip hop', 'rap']	[2019, 2020, 2021, 2022]	22	8
3WGpXCj9YhhfX11TToZcXP	Troye Sivan	['australian pop', 'pop', 'viral pop']	[2017, 2018, 2019, 2020, 2021]	21	9
1iNqsUDUraNWrj00bqssQG	Dreamville	['hip hop', 'pop rap', 'rap', 'underground hip hop']	[2019, 2020]	21	21
70kkdajctXSbqSMJbQO424	Kacey Musgraves	['classic texas country', 'contemporary country', 'country dawn']	[2019, 2020, 2021]	21	2
20qISvAhX20dpIbOOzGK3q	Nas	['conscious hip hop', 'east coast hip hop', 'gangster rap', 'hardcore hip hop', 'hip hop', 'queens hip hop', 'rap']	[2017, 2018, 2020, 2021]	20	15
1Cs0zKBU1kc0i8ypK3B9ai	David Guetta	['big room', 'dance pop', 'edm', 'pop', 'pop dance']	[2017, 2018, 2019, 2020, 2021]	20	19
21dooacK2WGBB5amYvKyfM	Smokepurpp	['melodic rap', 'miami hip hop', 'trap', 'underground hip hop']	[2017, 2018, 2019]	20	16
6extd4B6hl8VTmnlhpl2bY	Huncho Jack	['melodic rap', 'trap']	[2017, 2018]	20	20
1Hsdzj7Dlq2I7tHP7501T4	Niall Horan	['pop']	[2017, 2018, 2019, 2020, 2021]	20	4
3Gm5F95VdRxW3mqCn8RPBJ	Aminé	['pop rap', 'portland hip hop', 'rap', 'underground hip hop']	[2017, 2018, 2019, 2020, 2021]	20	6
20JZFwl6HVl6yg8a4H3ZqK	Panic! At The Disco	['pop']	[2017, 2018, 2019, 2020, 2022]	20	2
16oZKvXb6WkQlVAjwo2Wbg	The Lumineers	['folk-pop', 'modern rock', 'neo mellow', 'stomp and holler']	[2017, 2019, 2020, 2021, 2022]	20	0
1r4hJ1h58CWwUQe3MxPuau	Maluma	['latin pop', 'reggaeton', 'reggaeton colombiano', 'urbano latino']	[2017, 2018, 2019, 2020, 2021, 2022]	19	11
2N4EYkIlG1kv25g6Wv8LGI	Killer Mike	['alternative hip hop', 'atl hip hop', 'conscious hip hop', 'hip hop', 'old school atlanta hip hop', 'political hip hop', 'southern hip hop']	[2017, 2020]	19	18
2h93pZq0e7k5yf4dywlkpM	Frank Ocean	['lgbtq+ hip hop', 'neo soul']	[2017, 2018, 2019, 2020, 2021, 2022]	19	10
3nFkdlSjzX9mRTtwJOzDYB	JAY-Z	['east coast hip hop', 'gangster rap', 'hip hop', 'pop rap', 'rap']	[2017, 2018, 2019, 2020, 2021, 2022]	19	19
4VMYDCV2IEDYJArk749S6m	Daddy Yankee	['latin hip hop', 'reggaeton', 'trap latino', 'urbano latino']	[2017, 2018, 2019, 2020]	19	17
3EW0kQ1skZiK1NHg3Spt9J	Takeoff	['atl hip hop', 'rap', 'trap']	[2017, 2018, 2020, 2021]	19	6
6WY7D3jk8zTrHtmkqqo5GI	Maren Morris	['classic texas country', 'contemporary country']	[2017, 2018, 2019, 2020, 2021, 2022]	19	12
5ZsFI1h6hIdQRw2ti0hz81	ZAYN	['pop', 'uk pop']	[2017, 2018, 2019, 2020, 2021]	19	9
3oSJ7TBVCWMDMiYjXNiCKE	Kane Brown	['black americana', 'contemporary country', 'country', 'country road']	[2017, 2018, 2019, 2020, 2021, 2022]	19	9
5zctI4wO9XSKS8XwcnqEHk	Lil Mosey	['melodic rap', 'rap conscient']	[2018, 2019, 2020, 2021]	19	9
0huGjMyP507tBCARyzSkrv	Cordae	['hip hop', 'pop rap', 'rap', 'trap', 'underground hip hop']	[2018, 2019, 2020, 2021, 2022]	19	11
6U3ybJ9UHNKEdsH7ktGBZ7	JID	['hip hop', 'rap', 'underground hip hop']	[2018, 2019, 2020, 2021, 2022]	19	17
5INjqkS1o8h1imAzPqGZBb	Tame Impala	['australian psych', 'modern rock', 'neo-psychedelic', 'rock']	[2019, 2020, 2021, 2022]	19	0
6LqNN22kT3074XbTVUrhzX	Kesha	['dance pop', 'pop']	[2017, 2018, 2019, 2020, 2021, 2022]	18	5
6Ha4aES39QiVjR0L2lwuwq	Yo Gotti	['dirty south rap', 'gangster rap', 'memphis hip hop', 'rap', 'southern hip hop', 'tennessee hip hop', 'trap']	[2017, 2018, 2019, 2020, 2021]	18	18
4gzpq5DPGxSnKTe4SA8HAU	Coldplay	['permanent wave', 'pop']	[2017, 2018, 2019, 2020, 2021, 2022]	18	6
5Pwc4xIPtQLFEnJriah9YJ	OneRepublic	['piano rock', 'pop']	[2017, 2018, 2019, 2020, 2021, 2022]	18	8
5y2Xq6xcjJb2jVM54GHK3t	John Legend	['neo soul', 'pop', 'pop soul', 'urban contemporary']	[2017, 2018, 2019, 2020, 2021, 2022]	18	9
7hJcb9fa4alzcOq3EaNPoG	Snoop Dogg	['g funk', 'gangster rap', 'hip hop', 'pop rap', 'rap', 'west coast rap']	[2017, 2018, 2019, 2020, 2021, 2022]	18	18
7pbDxGE6nQSZVfiFdq9lOL	Rex Orange County	['bedroom pop', 'pov: indie']	[2017, 2019, 2022]	18	5
2feDdbD5araYcm6JhFHHw7	Labrinth	['indie poptimism', 'pop']	[2017, 2018, 2019, 2020, 2022]	18	13
5JMLG56F1X5mFmWNmS0iAp	Chelsea Cutler	['alt z']	[2018, 2019, 2020, 2021, 2022]	18	14
0EeQBlQJFiAfJeVN2vT9s0	Nipsey Hussle	['conscious hip hop', 'gangster rap', 'hip hop', 'pop rap', 'rap', 'southern hip hop', 'trap']	[2018, 2019, 2020, 2021]	18	14
1cNDP5yjU5vjeR8qMf4grg	YNW Melly	['melodic rap', 'rap']	[2018, 2019, 2020, 2021]	18	11
3Fl1V19tmjt57oBdxXKAjJ	Blueface	['cali rap', 'rap']	[2019, 2020, 2021]	18	16
6aaMZ3fcfLv4tEbmY7bjRM	Isaiah Rashad	['hip hop', 'indie hip hop', 'rap', 'tennessee hip hop', 'underground hip hop']	[2021]	18	10
4UXqAaa6dQYAk18Lv7PEgX	Fall Out Boy	['emo', 'modern rock', 'pop', 'pop punk', 'rock']	[2017, 2018, 2019, 2020]	17	4
2P5sC9cVZDToPxyomzF1UH	Joey Bada$$	['conscious hip hop', 'hip hop', 'rap']	[2017, 2018, 2020, 2021, 2022]	17	8
60d24wfXkVzDSfLS6hyCjZ	Martin Garrix	['dutch edm', 'edm', 'pop', 'pop dance', 'progressive house']	[2017, 2018, 2019, 2020, 2021]	17	17
5p7f24Rk5HkUZsaS3BLG5F	Hailee Steinfeld	['pop']	[2017, 2018, 2019, 2020]	17	11
7EEiVZvj6RCEtVX2F2pyxu	Slim Jxmmi	['trap']	[2017, 2018, 2019]	17	17
3Y7RZ31TRPVadSFVy1o8os	H.E.R.	['r&b', 'rap']	[2018, 2019, 2020, 2021, 2022]	17	15
41MozSoPIsD1dJM0CLPjZF	BLACKPINK	['k-pop', 'k-pop girl group', 'pop']	[2018, 2019, 2020]	17	6
6C1ohJrd5VydigQtaGy5Wa	Joyner Lucas	['boston hip hop', 'hip hop', 'pop rap', 'rap']	[2018, 2019, 2020, 2021]	17	11
4AK6F7OLvEQ5QYCBNiQWHq	One Direction	['boy band', 'pop', 'post-teen pop', 'talent show']	[2020]	17	0
6MPCFvOQv5cIGfw3jODMF0	Internet Money	['pop rap']	[2019, 2020, 2021, 2022]	17	17
56oDRnqbIiwx4mymNEv7dS	Lizzo	['escape room', 'minnesota hip hop', 'pop', 'trap queen']	[2019, 2020, 2021]	17	7
2Waw2sSbqvAwK8NwACNjVo	Bo Burnham	['comic', 'pov: indie']	[2021]	17	0
4tX2TplrkIP4v05BNC903e	Tom Petty and the Heartbreakers	['album rock', 'classic rock', 'hard rock', 'heartland rock', 'mellow gold', 'rock', 'singer-songwriter', 'soft rock']	[2017, 2019, 2020, 2021]	16	1
0ONHkAv9pCAFxb0zJwDNTy	Pusha T	['gangster rap', 'hip hop', 'rap', 'southern hip hop', 'trap', 'virginia hip hop']	[2017, 2018, 2019, 2020, 2021, 2022]	16	10
0NWbwDZY1VkRqFafuQm6wk	Mike WiLL Made-It	['atl hip hop', 'rap', 'southern hip hop', 'trap']	[2017, 2018, 2019, 2020]	16	16
5pKCCKE2ajJHZ9KAiaK11H	Rihanna	['barbadian pop', 'pop', 'urban contemporary']	[2017, 2018, 2019, 2020, 2021]	16	12
2kucQ9jQwuD8jWdtR9Ef38	Sam Hunt	['contemporary country', 'country', 'country pop']	[2017, 2018, 2019, 2020, 2021]	16	2
2wUjUUtkb5lvLKcGKsKqsR	Alessia Cara	['canadian contemporary r&b', 'canadian pop', 'pop']	[2017, 2018, 2019, 2020, 2021]	16	9
4YLtscXsxbVgi031ovDDdh	Chris Stapleton	['contemporary country', 'outlaw country']	[2017, 2018, 2019, 2020, 2021, 2022]	16	6
45eNHdiiabvmbp4erw26rg	ILLENIUM	['edm', 'melodic dubstep', 'pop dance']	[2017, 2019, 2020, 2021, 2022]	16	16
3A5tHz1SfngyOZM2gItYKu	Earl Sweatshirt	['drumless hip hop', 'experimental hip hop', 'hip hop', 'rap', 'underground hip hop']	[2018, 2019, 2021, 2022]	16	5
7z5WFjZAIYejWy0NI5lv4T	Dan + Shay	['contemporary country', 'country', 'country road']	[2018, 2019, 2020, 2021]	16	3
4exLIFE8sISLr28sqG1qNX	Travis Barker	['rap rock']	[2018, 2019, 2020, 2021, 2022]	16	16
57UnSUpae3SbRekxNa5Kgl	El-P	['abstract hip hop', 'alternative hip hop', 'east coast hip hop', 'experimental hip hop']	[2020]	16	16
4RnBFZRiMLRyZy0AzzTg2C	Run The Jewels	['alternative hip hop', 'escape room', 'hip hop', 'political hip hop']	[2020]	16	16
6QtgPSJPSzcnn7dPZ4VINp	King Von	['chicago rap']	[2020, 2021, 2022]	16	12
25uiPmTg16RbhZWAqwLBy5	Charli XCX	['art pop', 'candy pop', 'metropopolis', 'pop', 'uk pop']	[2017, 2018, 2019, 2020, 2021, 2022]	15	12
738wLrAtLtCtFOLvQBXOXp	Major Lazer	['dance pop', 'edm', 'electro house', 'moombahton', 'pop', 'pop dance']	[2017, 2018, 2019, 2020]	15	15
49tQo2QULno7gxHutgccqF	LANY	['la pop']	[2017, 2018, 2019, 2020, 2021]	15	5
1gPhS1zisyXr5dHTYZyiMe	Kevin Gates	['baton rouge rap', 'rap', 'trap']	[2017, 2018, 2019, 2021, 2022]	15	7
3ApUX1o6oSz321MMECyIYd	Quinn XCII	['indie pop rap']	[2018, 2019, 2020, 2021]	15	11
5QdEbQJ3ylBnc3gsIASAT5	G Herbo	['chicago drill', 'chicago rap', 'drill', 'rap', 'trap']	[2018, 2020, 2021, 2022]	15	14
790FomKkXshlbRYZFtlgla	KAROL G	['reggaeton', 'reggaeton colombiano', 'trap latino', 'urbano latino']	[2019, 2020, 2021, 2022]	15	11
1McMsnEElThX1knmY4oliG	Olivia Rodrigo	['pop']	[2019, 2020, 2021, 2022]	15	1
2uYWxilOVlUdk4oV9DvwqK	Mitski	['brooklyn indie', 'pov: indie']	[2021, 2022]	15	0
2yEwvVSSSUkcLeSTNyHKh8	TOOL	['alternative metal', 'art rock', 'nu metal', 'progressive metal', 'progressive rock', 'rock']	[2019]	15	0
67nwj3Y5sZQLl72VNUHEYE	Wale	['pop rap', 'r&b', 'rap', 'southern hip hop', 'trap']	[2017, 2018, 2019, 2020, 2021, 2022]	14	14
7yO4IdJjCEPz7YgZMe25iS	A$AP Mob	['hip hop', 'rap', 'southern hip hop', 'trap']	[2017]	14	14
360IAlyVv4PCEVjgyMZrxK	Miguel	['r&b']	[2017, 2018, 2019, 2020, 2021]	14	11
540vIaP2JwjQb9dm3aArA4	DJ Snake	['edm', 'electronic trap', 'pop', 'pop dance']	[2017, 2018, 2019, 2021]	14	14
3gGUMEwIX6XodWsYEvKSal	YBN Nahmir	['alabama rap', 'rap', 'trap']	[2017, 2018, 2019, 2020, 2021]	14	5
1GxkXlMwML1oSg5eLPiAz3	Michael Bublé	['adult standards', 'canadian pop', 'jazz pop', 'lounge']	[2017, 2018, 2019, 2020, 2021]	14	4
2IDLDx25HU1nQMKde4n61a	Rich Brian	['indonesian hip hop']	[2017, 2018, 2019, 2021]	14	8
2FXC3k01G6Gw61bmprjgqS	Hozier	['irish singer-songwriter', 'modern rock', 'pop', 'pov: indie']	[2017, 2018, 2019, 2021]	14	2
3HiuzBlSW7pGDXlSFMhO2g	Young Dolph	['memphis hip hop', 'rap', 'southern hip hop', 'tennessee hip hop', 'trap']	[2017, 2018, 2019, 2021, 2022]	14	12
3PhoLpVuITZKcymswpck5b	Elton John	['glam rock', 'mellow gold', 'piano rock', 'rock']	[2017, 2018, 2019, 2020, 2021, 2022]	14	9
1zNqDE7qDGCsyzJwohVaoX	Anne-Marie	['pop']	[2017, 2018, 2019, 2020, 2021]	14	10
6fxyWrfmjcbj5d12gXeiNV	Denzel Curry	['dark trap', 'drill', 'hip hop', 'miami hip hop', 'rap', 'trap', 'underground hip hop']	[2018, 2019, 2020]	14	8
37hAfseJWi0G3Scife12Il	City Girls	['scam rap', 'trap queen']	[2018, 2019, 2020, 2021]	14	10
50JJSqHUf2RQ9xsHs0KMHg	Jon Bellion	['indie pop rap']	[2017, 2018, 2019, 2021]	13	5
3KV3p5EY4AvKxOlhGHORLg	Jeremih	['chicago rap', 'pop rap', 'r&b', 'southern hip hop', 'trap', 'urban contemporary']	[2017, 2018, 2019, 2021]	13	12
2qxJFvFYMEDqd7ui6kSAcq	Zedd	['complextro', 'edm', 'german techno', 'pop', 'pop dance']	[2017, 2018, 2019, 2020, 2021]	13	13
68kEuyFKyqrdQQLLsmiatm	Vince Staples	['conscious hip hop', 'hip hop', 'rap', 'underground hip hop']	[2017, 2018, 2019, 2020, 2021]	13	5
07YZf4WDAMNwqr4jfgOZ8y	Jason Derulo	['dance pop', 'pop']	[2017, 2018, 2019, 2020, 2021]	13	10
2hPgGN4uhvXAxiXQBIXOmE	KIDS SEE GHOSTS	['rap']	[2018]	13	5
3gIRvgZssIb9aiirIg0nI3	Jeremy Zucker	['alt z', 'electropop', 'pop']	[2018, 2019, 2020, 2021]	13	6
63yrD80RY3RNEM2YDpUpO8	Melanie Martinez	['alt z', 'electropop', 'pop']	[2019, 2020]	13	0
6PvvGcCY2XtUcSRld1Wilr	Silk Sonic	['neo soul']	[2021, 2022]	13	13
0X2BH1fck6amBIoJhDVmmJ	Ellie Goulding	['indietronica', 'metropopolis', 'pop', 'uk pop']	[2017, 2018, 2019, 2020, 2021]	12	7
5gCRApTajqwbnHHPbr2Fpi	Juicy J	['crunk', 'memphis hip hop', 'pop rap', 'rap', 'southern hip hop', 'trap']	[2017, 2018, 2019, 2021, 2022]	12	12
6AUl0ykLLpvTktob97x9hO	Tee Grizzley	['detroit hip hop', 'detroit trap', 'rap', 'southern hip hop', 'trap']	[2017, 2018, 2019, 2020, 2021]	12	10
5CCwRZC6euC8Odo6y9X8jr	Rita Ora	['dance pop', 'pop', 'uk pop']	[2017, 2018, 2019]	12	7
3tlXnStJ1fFhdScmQeLpuG	Brent Faiyaz	['r&b', 'rap']	[2017, 2018, 2019, 2020, 2021]	12	8
5pUo3fmmHT8bhCyHE52hA6	Liam Payne	['pop']	[2017, 2018, 2019, 2020]	12	9
1KCSPY1glIKqW2TotWuXOR	P!nk	['dance pop', 'pop']	[2017, 2018, 2019, 2020, 2021]	12	3
6i392l38cR3uBPF0DbNs7S	Quality Control	['melodic rap', 'trap']	[2017, 2018, 2019, 2020]	12	12
1HwM5zlC5qNWhJtM00yXzG	DMX	['east coast hip hop', 'gangster rap', 'hardcore hip hop', 'hip hop', 'rap']	[2017, 2021]	12	4
4npEfmQ6YuiwW1GpUmaq3F	Ava Max	['pop']	[2018, 2019, 2020, 2021, 2022]	12	3
5CiGnKThu5ctn9pBxv7DGa	benny blanco	['pop']	[2018, 2019, 2020, 2021]	12	12
70gP6Ry4Uo0Yx6uzPIdaiJ	Bas	['queens hip hop', 'rap', 'sudanese hip hop', 'sudanese pop', 'underground hip hop']	[2018, 2019, 2021]	12	12
14CHVeJGrR5xgUGQFV5BVM	Fivio Foreign	['brooklyn drill', 'new york drill', 'trap']	[2020, 2021, 2022]	12	12
6s22t5Y3prQHyaHWUN1R1C	AJR	['pov: indie']	[2017, 2018, 2019, 2020, 2021]	11	1
4A0TivfinfALCAMJqqjZIk	Funk Wav	[]	[2017, 2018]	11	11
7v4imS0moSyGdXyLgVTIV7	Nat King Cole	['adult standards', 'lounge', 'soul', 'swing', 'vocal jazz']	[2017, 2018, 2019, 2020, 2021]	11	0
3JhNCzhSMTxs9WLGJJxWOY	Macklemore	['pop rap', 'seattle hip hop']	[2017, 2018, 2019, 2020, 2021, 2022]	11	11
1Xylc3o4UrD53lo9CvFvVg	Zara Larsson	['pop', 'scandipop', 'swedish electropop', 'swedish pop']	[2017, 2018, 2019, 2020, 2021]	11	6
1dfeR4HaWDbWqFHLkxsg1d	Queen	['classic rock', 'glam rock', 'rock']	[2017, 2018, 2019, 2020, 2021, 2022]	11	1
3RqBeV12Tt7A8xH3zBDDUF	Kelsea Ballerini	['contemporary country', 'country']	[2017, 2018, 2019, 2020, 2021]	11	8
0YinUQ50QDB7ZxSCLyQ40k	Mustard	['cali rap', 'pop rap', 'rap', 'southern hip hop', 'trap']	[2017, 2019, 2020, 2021]	11	11
20wkVLutqVOYrc0kxFs7rA	Daniel Caesar	['canadian contemporary r&b']	[2017, 2018, 2019, 2020, 2021, 2022]	11	7
3CbYyyd8wH3RT6t0jwpdzC	Murda Beatz	['canadian hip hop', 'canadian trap']	[2018, 2019, 2020]	11	11
4yvcSjfu4PC0CYQyLy4wSq	Glass Animals	['gauze pop', 'indietronica', 'modern rock', 'pov: indie', 'shiver pop']	[2019, 2020, 2021, 2022]	11	2
4Uc8Dsxct0oMqx0P6i60ea	Conan Gray	['bedroom pop', 'pop', 'pov: indie']	[2019, 2020, 2021, 2022]	11	1
7ltDVBr6mKbRvohxheJ9h1	ROSALÍA	['pop', 'r&b en espanol']	[2019, 2020, 2021, 2022]	11	10
6fWVd57NKTalqvmjRd2t8Z	24kGoldn	['cali rap']	[2019, 2020, 2021, 2022]	11	7
45gHcnDnMC15sgx3VL7ROG	42 Dugg	['detroit trap', 'trap']	[2020, 2021, 2022]	11	11
2auiVi8sUZo17dLy1HwrTU	Solange	['afrofuturism', 'alternative r&b', 'r&b', 'urban contemporary']	[2019, 2020]	11	1
33tFkBLsl6f8TjKkV0uF0C	Lovejoy	['pixel', 'pov: indie']	[2021]	11	0
5BvJzeQpmsdsFp4HGUYUEx	Vampire Weekend	['baroque pop', 'chamber pop', 'garage rock', 'indie rock', 'indietronica', 'modern rock', 'stomp and holler']	[2019]	11	1
4u5smJBskI6Adzv08PuiUP	Kiiara	['alt z', 'electropop']	[2017, 2018]	10	7
0xOeVMOz2fVg5BJY3N6akT	Jaden	['pop rap', 'rap']	[2017, 2018, 2019, 2020]	10	9
4qBgvVog0wzW75IQ48mU7v	KYLE	['deep underground hip hop', 'indie pop rap', 'pop rap', 'viral trap']	[2017, 2018, 2019, 2020]	10	10
1U1el3k54VvEUzo3ybLPlM	Kali Uchis	['colombian pop']	[2017, 2018, 2019, 2021, 2022]	10	9
7guDJrEfX3qb6FEbdPA5qi	Stevie Wonder	['motown', 'soul']	[2017, 2018, 2019, 2020, 2021]	10	0
3hv9jJF3adDNsBSIQDqcjp	Mark Ronson	['pop soul']	[2017, 2018, 2019, 2020, 2021]	10	10
3tVQdUvClmAT7URs9V3rsp	Wizkid	['afrobeats', 'afropop', 'azonto', 'azontobeats', 'nigerian hip hop', 'nigerian pop']	[2017, 2018, 2019, 2020, 2021, 2022]	10	10
2cWZOOzeOm4WmBJRnD5R7I	Normani	['pop', 'r&b']	[2018, 2019, 2020, 2021]	10	9
7Ln80lUS6He07XvHI8qqHH	Arctic Monkeys	['garage rock', 'modern rock', 'permanent wave', 'rock', 'sheffield indie']	[2018, 2020, 2021, 2022]	10	0
6cK3NBO6uP7hh0oyuVELFl	Saweetie	['cali rap', 'trap queen']	[2018, 2019, 2020, 2021, 2022]	10	7
0XeEobZplHxzM9QzFQWLiR	Eslabon Armado	['corrido', 'corridos tumbados', 'nueva musica mexicana', 'sad sierreno', 'sierreno']	[2020, 2021, 2022]	10	1
77ziqFxp5gaInVrF2lj4ht	Sech	['panamanian pop', 'reggaeton', 'trap latino', 'urbano latino']	[2019, 2020, 2021]	10	9
7pFeBzX627ff0VnN6bxPR4	Desiigner	['pop rap', 'rap', 'southern hip hop', 'trap', 'viral trap']	[2017, 2018]	9	3
3Fdm9TFJQCLmC3AWMuGExi	Ugly God	['rap', 'trap', 'underground hip hop']	[2017, 2018]	9	2
5SyGEPymt1G2uto47tVWvZ	MadeinTYO	['atl hip hop', 'melodic rap', 'trap']	[2017, 2018, 2019, 2020]	9	7
0EmeFodog0BfCgMzAIvKQp	Shakira	['colombian pop', 'dance pop', 'latin pop', 'pop']	[2017, 2018, 2020, 2021]	9	7
4LEiUm1SRbFMgfqnQTwUbQ	Bon Iver	['chamber pop', 'eau claire indie', 'indie folk', 'melancholia', 'modern rock']	[2017, 2019, 2020, 2021]	9	2
0qSX3s5pJnAlSsgsCne8Cz	Brett Eldredge	['contemporary country', 'country', 'country road', 'modern country rock']	[2017, 2018, 2019, 2020, 2021]	9	3
74XFHRwlV6OrjEM0A2NCMF	Paramore	['candy pop', 'modern rock', 'pixie', 'pop', 'pop emo', 'pop punk', 'rock']	[2017, 2021, 2022]	9	0
5he5w2lnU9x7JFhnwcekXX	Skrillex	['brostep', 'complextro', 'edm', 'electro', 'pop dance']	[2017, 2018, 2019, 2020, 2021]	9	9
329e4yvIujISKGKz1BZZbO	Farruko	['reggaeton', 'trap latino', 'urbano latino']	[2017, 2018, 2019, 2020, 2021, 2022]	9	7
2ZRQcIgzPCVaT9XKhXZIzh	Gryffin	['edm', 'pop dance']	[2017, 2018, 2019, 2020, 2021]	9	9
7HkdQ0gt53LP4zmHsL0nap	Ella Mai	['r&b', 'rap', 'uk contemporary r&b']	[2018, 2019, 2020]	9	5
0H39MdGGX6dbnnQPt6NQkZ	SAINt JHN	['melodic rap', 'slap house']	[2019, 2020, 2021]	9	9
5RmQ8k4l3HZ8JoPb4mNsML	Agust D	['k-rap']	[2020]	9	3
2cnMpRsOVqtPMfq7YiFE6K	Van Halen	['album rock', 'classic rock', 'hard rock', 'rock']	[2020]	9	0
7iK8PXO48WeuP03g8YR51W	Myke Towers	['reggaeton', 'trap latino', 'urbano latino']	[2020, 2021]	9	9
1HBjj22wzbscIZ9sEb5dyf	Jonas Blue	['pop', 'pop dance', 'tropical house', 'uk dance']	[2017, 2018, 2019]	8	8
3BmGtnKgCSGYIUhmivXKWX	Kelly Clarkson	['dance pop', 'pop', 'talent show']	[2017, 2018, 2019, 2020, 2021]	8	4
4tZwfgrHOc3mvqYlEYSvVi	Daft Punk	['electro', 'filter house', 'rock']	[2017, 2018, 2019, 2020, 2021]	8	5
28ExwzUQsvgJooOI0X1mr3	Jay Rock	['conscious hip hop', 'hip hop', 'rap', 'southern hip hop', 'trap']	[2017, 2018, 2020, 2021, 2022]	8	6
2UZMlIwnkgAEDBsw1Rejkn	Tom Petty	['album rock', 'classic rock', 'hard rock', 'heartland rock', 'mellow gold', 'rock', 'singer-songwriter', 'soft rock']	[2017, 2019, 2020, 2021]	8	0
4ytkhMSAnrDP8XzRNlw9FS	Vince Guaraldi Trio	['jazz trio']	[2017, 2018, 2019, 2020, 2021]	8	0
6DPYiyq5kWVQS4RGwxzPC7	Dr. Dre	['g funk', 'gangster rap', 'hip hop', 'rap', 'west coast rap']	[2017, 2020, 2022]	8	8
3NPpFNZtSTHheNBaWC82rB	X Ambassadors	['modern alternative rock', 'modern rock', 'stomp pop']	[2017, 2018, 2019, 2021]	8	6
4IWBUUAFIplrNtaOHcJPRM	James Arthur	['pop', 'talent show', 'uk pop']	[2017, 2018, 2019, 2020, 2021]	8	3
6PXS4YHDkKvl1wkIl4V8DL	Fetty Wap	['new jersey rap', 'pop rap', 'rap', 'southern hip hop', 'trap']	[2017, 2018]	8	7
1W3FSF1BLpY3hlVIgvenLz	The-Dream	['dirty south rap', 'hip pop', 'r&b', 'southern hip hop', 'trap', 'urban contemporary']	[2017, 2018, 2020, 2021]	8	8
4AVFqumd2ogHFlRbKIjp1t	Alesso	['dance pop', 'edm', 'electro house', 'pop', 'pop dance', 'progressive electro house']	[2017, 2018, 2019, 2020, 2021, 2022]	8	7
15iVAtD3s3FsQR4w1v6M0P	Chief Keef	['chicago bop', 'chicago drill', 'chicago rap', 'drill', 'hip hop', 'rap', 'trap']	[2017, 2018, 2020, 2021, 2022]	8	6
4xnihxcoXWK3UqryOSnbw5	Sasha Alex Sloan	['alt z']	[2017, 2019, 2020, 2021]	8	8
10exVja0key0uqUkk6LJRT	Vance Joy	['folk-pop', 'modern rock']	[2017, 2018, 2020, 2021, 2022]	8	1
1SupJlEpv7RS2tPNRaHViT	Nicky Jam	['latin hip hop', 'reggaeton', 'trap latino', 'urbano latino']	[2017, 2018, 2019, 2020]	8	7
6IZ4ctovY9dl7bgHClAvKJ	LSD	[]	[2018, 2019]	8	8
5yPzzu25VzEk8qrGTLIrE1	Young Nudy	['pluggnb', 'rap', 'trap']	[2018, 2019, 2020]	8	8
3UUJfRbrA2nTbcg4i0MOwu	Original Broadway Cast of Hamilton	['broadway', 'show tunes']	[2020]	8	8
4fxd5Ee7UefO4CUXgwJ7IP	Giveon	['r&b']	[2020, 2021, 2022]	8	3
45dkTj5sMRSjrmBSBeiHym	Tate McRae	['alt z', 'pop']	[2020, 2021, 2022]	8	4
0GM7qgcRCORpGnfcN2tCiB	Tainy	['pop reggaeton', 'reggaeton', 'trap latino', 'urbano latino']	[2019, 2020, 2021, 2022]	8	8
44IvvHRk2XF243QLA2VOa8	Stunna 4 Vegas	['north carolina hip hop', 'trap']	[2019, 2020]	8	8
1Ffb6ejR6Fe5IamqA5oRUF	Bring Me The Horizon	['melodic metalcore', 'metalcore', 'modern rock', 'pop punk', 'rock', 'uk metalcore']	[2019, 2020, 2021, 2022]	8	2
78rUTD7y6Cy67W1RVzYs7t	PinkPantheress	['bedroom pop']	[2021, 2022]	8	1
6FBDaR13swtiWwGhX1WQsP	blink-182	['alternative metal', 'modern rock', 'pop punk', 'punk', 'rock', 'socal pop punk']	[2019]	8	0
3fMbdgg4jU18AjLCKBhRSm	Michael Jackson	['r&b', 'soul']	[2017, 2018, 2019, 2020, 2021]	7	2
5xUf6j4upBrXZPg6AI4MRK	Soundgarden	['alternative metal', 'alternative rock', 'classic rock', 'grunge', 'hard rock', 'nu metal', 'rock']	[2017]	7	0
3FfvYsEGaIb52QPXhg4DcH	Jason Aldean	['contemporary country', 'country', 'country road', 'modern country rock']	[2017, 2018, 2019, 2020, 2021]	7	3
4Ui2kfOqGujY81UcPrb5KE	HAIM	['indietronica', 'metropopolis']	[2017, 2019, 2020, 2021]	7	3
4obzFoKoKRHIphyHzJ35G3	Becky G	['latin pop', 'latin viral pop', 'rap latina', 'reggaeton', 'urbano latino']	[2017, 2018, 2019, 2022]	7	7
5M0lbkGluOPXLeFjApw8r8	DRAM	['pop rap', 'trap', 'underground hip hop', 'viral trap', 'virginia hip hop']	[2017, 2018]	7	6
7nwUJBm0HE4ZxD3f5cy5ok	Aretha Franklin	['classic soul', 'jazz blues', 'memphis soul', 'soul', 'southern soul', 'vocal jazz']	[2017, 2018]	7	0
3DiDSECUqqY1AuBP8qtaIa	Alicia Keys	['neo soul', 'pop', 'r&b']	[2017, 2018, 2019, 2020, 2022]	7	6
391oLRVmoTkumiN79HkTWu	Darlene Love	[]	[2017, 2018, 2019, 2020, 2021]	7	0
7DMveApC7UnC2NPfPvlHSU	Cheat Codes	['edm', 'pop', 'pop dance']	[2017, 2018]	7	7
1Mxqyy3pSjf8kZZL4QVxS0	Frank Sinatra	['adult standards', 'easy listening', 'lounge']	[2017, 2018, 2019, 2020, 2021]	7	2
2iE18Oxc8YSumAU232n4rW	The Jackson 5	['motown', 'soul']	[2017, 2018, 2019, 2020, 2021]	7	0
6y8XlgIV8BLlIg1tT1R10i	Old Dominion	['contemporary country', 'country', 'country road', 'modern country rock']	[2017, 2018, 2019, 2020, 2021]	7	0
23zg3TcAtWQy7J6upgbUnj	Usher	['atl hip hop', 'contemporary r&b', 'dance pop', 'pop', 'r&b', 'rap', 'south carolina hip hop', 'urban contemporary']	[2017, 2018, 2019, 2020, 2021, 2022]	7	6
6sCbFbEjbYepqswM1vWjjs	Zendaya	['pop', 'post-teen pop']	[2017, 2018, 2019, 2022]	7	7
6JL8zeS1NmiOftqZTRgdTz	Meghan Trainor	['hip pop', 'pop']	[2017, 2018, 2019, 2020, 2021]	7	3
7hOGhpa8RMSuDOWntGIAJt	A R I Z O N A	['electropop', 'indie poptimism']	[2017, 2018, 2019, 2021]	7	3
7CyeXFnOrfC1N6z4naIpgo	The Ronettes	['brill building pop', 'classic girl group', 'motown', 'rock-and-roll']	[2017, 2018, 2019, 2020, 2021]	7	0
77AiFEVeAVj2ORpC85QVJs	Steve Aoki	['edm', 'electro house', 'pop dance']	[2017, 2018]	7	7
0FOWNUFHPnMy0vOw1siGqi	Belly	['canadian hip hop', 'canadian trap']	[2018, 2019, 2021]	7	7
1moxjboGR7GNWYIMWsRjgG	Florence + The Machine	['baroque pop', 'modern rock', 'neo mellow', 'uk alternative pop']	[2018, 2022]	7	0
4fpTMHe34LC5t3h5ztK8qu	The Carters	['r&b']	[2018]	7	0
2kRfqPViCqYdSGhYSM9R0Q	Madison Beer	['pop']	[2018, 2019, 2020, 2021]	7	3
53KwLdlmrlCelAZMaLVZqU	James Blake	['art pop', 'indie soul', 'indietronica', 'neo soul', 'uk alternative pop']	[2018, 2019, 2020, 2021]	7	7
0RESbWvOMyua0yuyVrztJ5	Key Glock	['memphis hip hop', 'tennessee hip hop', 'trap']	[2018, 2021, 2022]	7	5
2jnIB6XdLvnJUeNTy5A0J2	Why Don't We	['boy band', 'pop']	[2018, 2019, 2020]	7	1
0epOFNiUfyON9EYx7Tpr6V	The Strokes	['alternative rock', 'garage rock', 'modern rock', 'permanent wave', 'rock']	[2020]	7	0
5MbNzCW3qokGyoo9giHA3V	EARTHGANG	['atl hip hop', 'hip hop', 'psychedelic hip hop', 'rap', 'underground hip hop']	[2019, 2020]	7	7
1yxSLGMDHlW21z4YXirZDS	Black Eyed Peas	['dance pop', 'pop', 'pop rap']	[2019, 2020, 2021, 2022]	7	6
3MdXrJWsbVzdn6fe5JYkSQ	Latto	['trap queen']	[2020, 2021, 2022]	7	6
6Ad91Jof8Niiw0lGLLi3NW	YUNGBLUD	['british indie rock', 'modern rock', 'pov: indie', 'rock']	[2019, 2020]	7	7
6USv9qhCn6zfxlBQIYJ9qs	Dominic Fike	['alternative pop rock', 'pov: indie']	[2019, 2020, 2021, 2022]	7	4
6nVcHLIgY5pE2YCl8ubca1	Jhayco	['reggaeton', 'trap latino', 'urbano latino']	[2019, 2020, 2021, 2022]	7	6
5F1aAS1duwlzExnPs3l2Xe	Pooh Shiesty	['memphis hip hop', 'tennessee hip hop', 'trap']	[2021, 2022]	7	7
06Qf6vq8AVIpE9XIw8LAsY	Lil Duke	['atl trap']	[2019, 2021]	7	7
3qiHUAX7zY4Qnjx8TNUzVx	Yeat	['pluggnb', 'rage rap']	[2022]	7	2
2o5jDhtHVPhrJdv3cEQ99Z	Tiësto	['big room', 'brostep', 'dutch edm', 'edm', 'house', 'pop dance', 'slap house', 'trance']	[2017, 2018, 2019, 2021, 2022]	6	5
26AHtbjWKiwYzsoGoUZq53	Pentatonix	['a cappella', 'viral pop']	[2017, 2018, 2019, 2020, 2021]	6	1
55fhWPvDiMpLnE4ZzNXZyW	Noah Cyrus	['alt z', 'pop']	[2017, 2018, 2019, 2020, 2021]	6	4
1okJ4NC308qbtY9LyHn6DO	BloodPop®	['electropop']	[2017, 2018]	6	6
4utLUGcTvOJFr6aqIJtYWV	Skylar Grey	['piano rock', 'viral pop']	[2017, 2018, 2020, 2021]	6	6
6nxWCVXbOlEVRexSbLsTer	Flume	['australian dance', 'australian electropop', 'australian indie', 'downtempo', 'edm', 'indietronica']	[2017, 2019, 2020]	6	6
4V8Sr092TqfHkfAA5fXXqG	Luis Fonsi	['latin pop', 'puerto rican pop']	[2017, 2018, 2019, 2020]	6	6
6cEuCEZu7PAE9ZSzLLc2oQ	R3HAB	['dutch house', 'edm', 'electro house', 'pop dance', 'progressive electro house', 'slap house']	[2017, 2018, 2019]	6	6
0LyfQWJT6nXafLPZqxe9Of	Various Artists	[]	[2017]	6	0
4lDBihdpMlOalxy1jkUbPl	Grey	[]	[2017, 2018, 2019, 2020, 2021]	6	6
3iOvXCl6edW5Um0fXEBRXy	The xx	['downtempo', 'dream pop', 'indietronica']	[2017]	6	0
1eEfMU2AhEo7XnKgL7c304	Carpenters	['adult standards', 'mellow gold', 'soft rock']	[2017, 2018, 2019, 2020, 2021]	6	0
1l8Fu6IkuTP0U5QetQJ5Xt	Fifth Harmony	['girl group', 'pop', 'talent show']	[2017]	6	3
2KsP6tYLJlTBvSUxnwlVWa	Mike Posner	['dance pop', 'pop', 'pop rap']	[2017, 2018, 2019, 2021]	6	3
5F1aoppMtU3OMiltO8ymJ2	Hugh Jackman	['hollywood', 'show tunes']	[2017, 2018]	6	6
4OBJLual30L7gRl5UkeRcT	T.I.	['atl hip hop', 'dirty south rap', 'gangster rap', 'hip hop', 'pop rap', 'rap', 'southern hip hop', 'trap']	[2017, 2018, 2019, 2020]	6	6
74KM79TiuVKeVCqs8QtB0B	Sabrina Carpenter	['pop']	[2017, 2018, 2019, 2021]	6	3
4Rxn7Im3LGfyRkY2FlHhWi	Nick Jonas	['dance pop', 'pop']	[2017, 2018, 2021]	6	3
5v8jlSmAQfrkTjAlpUfWtu	Perry Como	['adult standards', 'easy listening']	[2017, 2018, 2019, 2020, 2021]	6	2
2LZDXcxJWgsJfKXZv9a5eG	Cashmere Cat	['downtempo', 'electropop', 'shiver pop']	[2017, 2018]	6	6
7FNnA9vBm6EKceENgCGRMb	Anitta	['funk pop', 'funk rj', 'pagode baiano', 'pop', 'pop nacional']	[2017, 2018, 2019, 2020]	6	6
0C0XlULifJtAgn6ZNCW2eu	The Killers	['alternative rock', 'dance rock', 'modern rock', 'permanent wave', 'rock']	[2017, 2018, 2019, 2020, 2021, 2022]	6	0
21mKp7DqtSNHhCAU2ugvUw	ODESZA	['chillwave', 'edm', 'indietronica']	[2017, 2018, 2020, 2022]	6	5
1bqxdqvUtPWZri43cKHac8	MAX	['viral pop']	[2017, 2018, 2019, 2020]	6	5
3e7awlrlDSwF3iM0WBjGMp	Little Mix	['girl group', 'pop', 'talent show', 'uk pop']	[2017, 2018, 2021]	6	5
6MDME20pz9RveH9rEXvrOM	Clean Bandit	['pop', 'uk dance', 'uk funky']	[2017, 2018, 2019, 2021]	6	6
1UTPBmNbXNTittyMJrNkvw	Blake Shelton	['classic oklahoma country', 'contemporary country', 'country', 'country road']	[2017, 2018, 2019, 2020, 2021]	6	2
5Nf5yishRW9Ye174sJISkg	London On Da Track	['atl hip hop']	[2017, 2018, 2019, 2020]	6	6
4xFUf1FHVy696Q1JQZMTRj	Carrie Underwood	['classic oklahoma country', 'contemporary country', 'country', 'country dawn', 'dance pop']	[2017, 2018, 2021]	6	5
0BvkDsjIUla7X0k6CSWh1I	Luke Bryan	['contemporary country', 'country', 'country road']	[2017, 2018, 2019, 2020, 2021, 2022]	6	1
2NCGI6dLTxLdI9XHdv7QfM	The Andrews Sisters	['adult standards', 'swing', 'torch song', 'vocal harmony group']	[2017, 2018, 2019, 2020, 2021]	6	6
26dSoYclwsYLMAKD3tpOr4	Britney Spears	['dance pop', 'pop']	[2017, 2018, 2019, 2020, 2021, 2022]	6	0
7wg1qvie3KqDNQbAkTdbX0	Louis The Child	['edm', 'electropop']	[2018, 2020, 2021]	6	6
5V0MlUE1Bft0mbLlND7FJz	Ella Fitzgerald	['adult standards', 'jazz', 'jazz blues', 'soul', 'swing', 'vocal jazz']	[2018, 2019, 2020, 2021]	6	1
2wIVse2owClT7go1WT98tk	Missy Elliott	['dance pop', 'hip hop', 'hip pop', 'neo soul', 'pop rap', 'r&b', 'rap', 'urban contemporary', 'virginia hip hop']	[2018, 2019, 2020]	6	5
6HhsbprrJmKeaH8SgSlGge	Kin$oul	[]	[2018, 2019]	6	6
0O1cTzccAEKaEFShgzAK9V	Bass Santana	['miami hip hop', 'underground hip hop']	[2018, 2019]	6	6
3cR4rhS2hBWqI7rJEBacvN	Leslie Odom Jr.	['broadway', 'show tunes', 'vocal jazz']	[2020]	6	6
3g2kUQ6tHLLbmkV7T4GPtL	Fiona Apple	['art pop', 'chamber pop', 'dark pop', 'lilith', 'permanent wave', 'piano rock', 'singer-songwriter']	[2020]	6	0
6q3p11nP1p80Ey6LrOOSed	Hit-Boy	['drumless hip hop']	[2019, 2020, 2021]	6	6
7n2Ycct7Beij7Dj7meI4X0	TWICE	['k-pop', 'k-pop girl group', 'pop']	[2019, 2020, 2021]	6	0
4GNC7GD6oZMSxPGyXy4MNB	Lewis Capaldi	['pop', 'uk pop']	[2019, 2020, 2021, 2022]	6	0
4rTv3Ejc7hKMtmoBOK1B4T	Ali Gatie	['canadian hip hop']	[2019, 2020]	6	2
6TLwD7HPWuiOzvXEa3oCNe	Oliver Tree	['alternative hip hop']	[2019, 2020, 2021, 2022]	6	1
1vaQ6v3pOFxAIrFoPrAcom	Ari Lennox	['alternative r&b']	[2019, 2021]	6	6
1mcTU81TzQhprhouKaTkpq	Rauw Alejandro	['puerto rican pop', 'reggaeton', 'trap latino', 'urbano latino']	[2021, 2022]	6	4
05fG473iIaoy82BF1aGhL8	Slipknot	['alternative metal', 'nu metal', 'rap metal', 'rock']	[2019, 2021]	6	0
5rSXSAkZ67PYJSvpUpkOr7	Backstreet Boys	['boy band', 'dance pop', 'pop']	[2017, 2018, 2019, 2021]	5	1
4sTQVOfp9vEMCemLw50sbu	Galantis	['dance pop', 'edm', 'pop', 'pop dance']	[2017, 2019, 2021]	5	4
22bE4uQ6baNwSHPVcDxLCe	The Rolling Stones	['album rock', 'british invasion', 'classic rock', 'rock']	[2017, 2018, 2019, 2020]	5	0
0tPjSrb43a58uznKru1k2P	A$AP Twelvyy	['underground hip hop']	[2017]	5	5
45m1IiS45uD1HcPlYkNWKj	A$AP ANT	['baltimore hip hop', 'drill', 'underground hip hop']	[2017]	5	5
1uLYUm2A6kpFYAECfAFoH1	A$AP NAST	['harlem hip hop']	[2017]	5	5
3J0BpFVUc9LeOIVeN5uNhU	Lauren Jauregui	['r&b']	[2017, 2019]	5	4
3EXdLajEO02ziZ90P90bSW	Lil Xan	['cloud rap']	[2017, 2018]	5	2
2tMOCIpxj6jwM9e6pmwGiP	KEY!	['underground hip hop']	[2017, 2019]	5	5
3aQeKQSyrW4qWr35idm0cy	T-Pain	['dance pop', 'gangster rap', 'hip hop', 'pop rap', 'r&b', 'rap', 'southern hip hop', 'trap', 'urban contemporary']	[2017, 2019, 2020]	5	5
4aXXDj9aZnlshx7mzj3W1N	Lin-Manuel Miranda	['broadway', 'show tunes']	[2017, 2018, 2020]	5	5
0bdfiayQAKewqEvaU6rXCv	MØ	['danish pop', 'electropop', 'pop', 'pop dance']	[2017]	5	3
6sFIWsNpZYqfjUpaCgueju	Carly Rae Jepsen	['canadian pop', 'dance pop', 'pop']	[2017, 2018, 2019, 2020]	5	1
2iojnBLj0qIMiKPvVhLnsH	Trey Songz	['dance pop', 'r&b', 'southern hip hop', 'trap', 'urban contemporary']	[2017, 2018, 2019]	5	3
7EK1bQADBoqbYXnT4Cqv9w	John Denver	['classic country pop', 'folk', 'folk rock', 'mellow gold', 'singer-songwriter', 'soft rock']	[2017, 2018, 2019, 2020, 2021]	5	2
1oKdM70mJD8VvDOTKeS8t1	Emily Warren	['alt z', 'nyc pop']	[2017, 2018]	5	5
04ei5kNgmDuNAydFhhIHnD	Landon Cube	['pop rap']	[2017, 2018, 2019]	5	5
1dID9zgn0OV0Y8ud7Mh2tS	Dustin Lynch	['contemporary country', 'country', 'country road', 'modern country rock']	[2017, 2018, 2021]	5	1
4iHNK0tOyZPYnBU7nGAgpQ	Mariah Carey	['dance pop', 'pop', 'urban contemporary']	[2017, 2018, 2019, 2020, 2021]	5	1
1fctva4kpRbg2k3v7kwRuS	Rvssian	['reggaeton', 'trap latino', 'urbano latino']	[2017, 2019, 2020]	5	5
5wPoxI5si3eJsYYwyXV4Wi	N.E.R.D	['hip hop', 'virginia hip hop']	[2017, 2018]	5	5
3qBKjEOanahMxlRojwCzhI	Zacari	[]	[2017, 2018, 2019, 2021, 2022]	5	3
6Dd3NScHWwnW6obMFbl1BH	Daya	['pop']	[2017, 2018, 2019]	5	2
4sj6D0zlMOl25nprDJBiU9	Andy Williams	['adult standards', 'easy listening']	[2017, 2018, 2019, 2020, 2021]	5	0
4SsVbpTthjScTS7U2hmr1X	Arcángel	['latin hip hop', 'reggaeton', 'trap latino', 'urbano latino']	[2017, 2018, 2020, 2021]	5	5
0WOxhx4hikIsyF3CRPLC8W	Famous Dex	['chicago rap', 'drill', 'rap', 'trap']	[2017, 2018, 2019]	5	3
3KedxarmBCyFBevnqQHy3P	Jessie Reyez	['canadian contemporary r&b', 'canadian pop']	[2017, 2018, 2019]	5	5
3E6xrwgnVfYCrCs0ePERDz	Wisin	['reggaeton', 'urbano latino']	[2017, 2018, 2021]	5	5
3ipn9JLAPI5GUEo4y4jcoi	Ludacris	['atl hip hop', 'dance pop', 'dirty south rap', 'hip hop', 'old school atlanta hip hop', 'pop rap', 'rap', 'southern hip hop', 'trap']	[2018, 2020, 2021, 2022]	5	5
2RDOrhPqAM4jzTRCEb19qX	Sheck Wes	['pop rap', 'rap', 'trap']	[2018, 2019, 2020]	5	3
5hdhHgpxyniooUiQVaPxQ0	Nio Garcia	['reggaeton', 'trap latino', 'urbano latino']	[2018, 2019, 2020, 2021]	5	5
7t0rwkOPGlDPEhaOcVtOt9	The Cranberries	['irish rock', 'pop rock', 'rock']	[2018, 2019, 2020, 2021]	5	0
3QSQFmccmX81fWCUSPTS7y	Dean Lewis	['australian pop', 'singer-songwriter pop']	[2018, 2019, 2020]	5	1
59wfkuBoNyhDMQGCljbUbA	Diddy	['dance pop', 'east coast hip hop', 'hip hop', 'hip pop', 'pop rap', 'rap']	[2018, 2019, 2020, 2021]	5	5
6DVipHzYsPlIoA0DW8Gmns	"Royce Da 5'9"""	['detroit hip hop', 'gangster rap', 'hardcore hip hop', 'hip hop']	[2018, 2020]	5	5
5IH6FPUwQTxPSXurCrcIov	Alec Benjamin	['alt z', 'pop', 'pov: indie']	[2018, 2019, 2020, 2021]	5	1
47mIJdHORyRerp4os813jD	League of Legends	['speedrun', 'video game music']	[2018, 2020, 2021, 2022]	5	5
3q7HBObVc0L8jNeTe5Gofh	50 Cent	['east coast hip hop', 'gangster rap', 'hip hop', 'pop rap', 'queens hip hop', 'rap']	[2018, 2019, 2020, 2021, 2022]	5	4
4TEJudQY2pXxVHPE3gD2EU	BlocBoy JB	['memphis hip hop', 'rap', 'tennessee hip hop', 'trap']	[2018, 2019]	5	5
14qypx78D3Jd1mm7c2BqQb	T-Shyne	['atl trap']	[2018, 2021]	5	5
0p4nmQO2msCgU4IF37Wi3j	Avril Lavigne	['canadian pop', 'candy pop', 'pop']	[2018, 2019, 2021, 2022]	5	3
77kULmXAQ6vWer7IIHdGzI	Jordan Davis	['contemporary country', 'country road']	[2018, 2020, 2021, 2022]	5	1
6nB0iY1cjSY1KyhYyuIIKH	FKA twigs	['afrofuturism', 'alternative r&b', 'art pop', 'escape room', 'experimental r&b', 'trip hop']	[2018, 2019, 2020, 2021]	5	4
0ebNdVaOfp6N0oZ1guIxM8	SUGA	['k-pop']	[2019, 2020, 2021, 2022]	5	5
5rGrDvrLOV2VV8SCFVGWlj	Imanbek	['electro house', 'pop dance', 'slap house']	[2020, 2021]	5	5
7A8S43ryYdbWpJKeHRZRcq	JACKBOYS	['pop rap']	[2019, 2020]	5	4
5XmuuM2C6t4HSPa3FSuU3h	WanMor	[]	[2020]	5	5
19eLuQmk9aCobbVDHc6eek	Louis Armstrong	['adult standards', 'dixieland', 'harlem renaissance', 'jazz trumpet', 'new orleans jazz', 'soul', 'swing', 'vocal jazz']	[2020, 2021]	5	5
3l0CmX0FuQjFxr8SK7Vqag	Clairo	['bedroom pop', 'indie pop', 'pop', 'pov: indie']	[2019, 2020, 2021]	5	1
4ETSs924pXMzjIeD6E9b4u	Surfaces	['bedroom soul']	[2020, 2021]	5	2
6aLoJJxz7MV2iZ423S8tJC	Doe Boy	['atl hip hop', 'atl trap', 'memphis hip hop', 'ohio hip hop']	[2019, 2020, 2021]	5	5
3wcj11K77LjEY1PkEazffa	Burna Boy	['afrobeats', 'dancehall', 'nigerian hip hop', 'nigerian pop']	[2019, 2020, 2021]	5	5
3uJx5SnOM59Li7lCxA3b29	Lil Keed	['melodic rap', 'trap']	[2019, 2020, 2021]	5	5
3rWZHrfrsPBxVy692yAIxF	WILLOW	['afrofuturism', 'pop', 'post-teen pop', 'pov: indie']	[2019, 2020, 2021, 2022]	5	4
0xRXCcSX89eobfrshSVdyu	MEDUZA	['pop dance', 'pop house', 'uk dance']	[2019, 2020, 2021]	5	5
1uU7g3DNSbsu0QjSEqZtEd	Masked Wolf	['australian hip hop']	[2021, 2022]	5	0
5PYToRCsrnvikZg3yl2JMr	Stephanie Beatriz	['hollywood', 'movie tunes']	[2021, 2022]	5	4
1ybINI1qPiFbwDXamRtwxD	Smino	['alternative r&b']	[2019, 2021]	5	5
2pAWfrd7WFF3XhVt9GooDL	MF DOOM	['alternative hip hop', 'east coast hip hop', 'hip hop', 'instrumental hip hop']	[2021]	5	5
3IJ21966TwNZI24MwZHMu4	Baby Tate	['trap queen']	[2019, 2021, 2022]	5	5
6PDLwWvgYNMfBRLqC1h5cJ	Buddy	['alternative r&b', 'cali rap']	[2019]	5	5
6kYViCeiqcUZXgPVdCIKBi	Flyboy Tarantino	[]	[2019]	5	5
3koiLjNrgRTNbOwViDipeA	Marvin Gaye	['classic soul', 'motown', 'neo soul', 'northern soul', 'quiet storm', 'soul']	[2017, 2018, 2019, 2020, 2021]	4	4
75jNCko3SnEMI5gwGqrbb8	Tammi Terrell	['classic soul', 'motown', 'soul', 'southern soul']	[2017, 2018, 2019, 2020, 2021]	4	4
0fiWOxhsBsQQvFDtxUQWo0	Brett Young	['contemporary country', 'country', 'country road']	[2017, 2018, 2020]	4	0
0MHgLfmQdutffmvWe5XBTN	Burl Ives	['adult standards', 'american folk revival']	[2017, 2018, 2019, 2020, 2021]	4	0
4NHQUGzhtTLFvgF5SZesLK	Tove Lo	['metropopolis', 'pop', 'swedish electropop', 'swedish pop', 'swedish synthpop']	[2017, 2019, 2021]	4	2
1ZwdS5xdxEREPySFridCfh	2Pac	['g funk', 'gangster rap', 'hip hop', 'rap', 'west coast rap']	[2017, 2020, 2022]	4	2
1GDbiv3spRmZ1XdM1jQbT7	NATTI NATASHA	['latin pop', 'rap latina', 'reggaeton', 'urbano latino']	[2017, 2018, 2019]	4	4
0q4NrXqJnc367PieejuROJ	Vice	['chicano rap']	[2017, 2018]	4	4
5iNrZmtVMtYev5M9yoWpEq	Seeb	['pop dance']	[2017, 2018]	4	4
5Berubt6ysOy2LCMyqhmXP	YFN Lucci	['arkansas hip hop', 'atl hip hop', 'melodic rap', 'southern hip hop', 'trap']	[2017]	4	4
6Av6GMCOznZIlHuNcBWgf4	Jay Critch	['nyc rap', 'trap']	[2017, 2018, 2019]	4	3
660YptcR0hNHJ8iEr1qcse	Anthony Ramos	['show tunes']	[2017, 2020]	4	4
49e4v89VmlDcFCMyDv9wQ9	Dean Martin	['adult standards', 'easy listening', 'lounge', 'vocal jazz']	[2017, 2018, 2019, 2020, 2021]	4	0
1ooV8YZC1KbpEcrmI8WH0F	Yebba	['pop soul']	[2017, 2019, 2021]	4	4
2HO2kO7O5gEnM91dhobllP	Smooky MarGielaa	['melodic rap', 'nyc rap']	[2017]	4	4
0u2FHSq3ln94y5Q57xazwf	Keith Urban	['australian country', 'australian pop', 'contemporary country', 'country', 'country road']	[2017, 2020, 2021]	4	3
7crPfGd2k81ekOoSqQKWWz	Stevie Nicks	['heartland rock']	[2017, 2020, 2021]	4	3
6yJCxee7QumYr820xdIsjo	Zac Brown Band	['contemporary country', 'country', 'country road', 'modern country rock']	[2017, 2018, 2019, 2020, 2021]	4	1
4yBK75WVCQXej1p04GWqxH	Jeezy	['atl hip hop', 'crunk', 'dirty south rap', 'gangster rap', 'old school atlanta hip hop', 'rap', 'southern hip hop', 'trap']	[2017, 2019]	4	4
7sKxqpSqbIzphAKAhrqvlf	Walker Hayes	['contemporary country', 'country', 'country road', 'modern country rock']	[2017, 2018, 2021, 2022]	4	0
3tQx1LPXbsYjE9VwN1Peaa	Marc E. Bassy	['indie pop rap']	[2017, 2020]	4	4
63nv0hWWDob56Rk8GlNpN8	The Greatest Showman Ensemble	['movie tunes']	[2017, 2018]	4	4
08GQAI4eElDnROBrJRGE0X	Fleetwood Mac	['album rock', 'classic rock', 'rock', 'soft rock', 'yacht rock']	[2017, 2020, 2021, 2022]	4	0
2ExGrw6XpbtUAJHTLtUXUD	Stefflon Don	['dancehall', 'dancehall queen', 'uk dancehall', 'uk hip hop']	[2017, 2018, 2019]	4	4
4RSyJzf7ef6Iu2rnLdabNq	Willy William	[]	[2017, 2018]	4	4
5jAMCwdNHWr7JThxtMuEyy	NOTD	['electropop', 'pop dance', 'pop edm']	[2017, 2018, 2019]	4	4
3eqjTLE0HfPfh78zjh6TqT	Bruce Springsteen	['heartland rock', 'mellow gold', 'permanent wave', 'rock', 'singer-songwriter']	[2017, 2018, 2019, 2020, 2021]	4	0
6ltzsmQQbmdoHHbLZ4ZN25	Lord Huron	['indie folk', 'modern rock', 'stomp and holler']	[2017, 2018, 2019, 2021, 2022]	4	0
23EA28263XvtIrXuySX6oI	Francis and the Lights	['art pop']	[2017, 2018, 2019]	4	3
4MoAOfV4ROWofLG3a3hhBN	Jon Pardi	['contemporary country', 'country', 'country road', 'modern country rock']	[2017, 2018, 2019, 2020]	4	1
2lolQgalUvZDfp5vvVtTYV	Tony Bennett	['adult standards', 'easy listening', 'lounge', 'vocal jazz']	[2017, 2018, 2019, 2020, 2021]	4	0
0QJIPDAEDILuo8AIq3pMuU	M.I.A.	['escape room', 'indietronica', 'new rave']	[2017, 2018, 2020, 2021]	4	3
7CCjtD0hCK005Bvg2WG1a7	Carnage	['edm', 'electro house', 'electronic trap', 'viral trap']	[2017, 2018, 2019, 2021]	4	4
1LZEQNv7sE11VDY3SdxQeN	Bee Gees	['disco', 'mellow gold', 'soft rock']	[2017, 2018, 2021]	4	0
1l7ZsJRRS8wlW3WfJfPfNS	Christina Aguilera	['dance pop', 'pop']	[2017, 2018, 2019, 2021]	4	2
3hteYQFiMFbJY7wS0xDymP	Gesaffelstein	['dark clubbing']	[2018, 2019, 2021, 2022]	4	4
34Y0ldeyUv7jBvukWOGASO	Bobby Shmurda	['nyc rap', 'rap', 'trap']	[2018, 2021]	4	2
4VIvfOurcf0vuLRxLkGnIG	Bradley Cooper	['hollywood']	[2018, 2019, 2020]	4	3
1TtXnWcUs0FCkaZDPGYHdf	Darell	['latin hip hop', 'reggaeton', 'trap latino', 'urbano latino']	[2018, 2019]	4	4
3gd8FJtBJtkRxdfbTu19U2	Mumford & Sons	['modern folk rock', 'modern rock', 'neo mellow', 'stomp and holler', 'uk americana']	[2018]	4	0
1AhjOkOLkbHUfcHDSErXQs	88rising	['asian american hip hop']	[2018, 2019]	4	4
2ySHS7UojGu20XfUPaBlyu	Devin Dawson	['contemporary country', 'country road', 'modern country rock']	[2018, 2020]	4	1
6pBNfggcZZDCmb0p92OnGn	Chase Rice	['contemporary country', 'country', 'country road', 'modern country rock']	[2018, 2019, 2020, 2021]	4	2
0YWxKQj2Go9CGHCp77UOyy	Fabolous	['gangster rap', 'hip hop', 'pop rap', 'rap', 'trap', 'urban contemporary']	[2018, 2020]	4	4
6eYFryfcEu3QSq59D62wZQ	Brendon Urie	[]	[2018, 2019]	4	4
1p6CdzJRoicjRcSdWoB9Qc	Mitchell Tenpenny	['contemporary country', 'country road', 'heartland rock', 'modern country rock']	[2018, 2019, 2021]	4	1
0HkcYmcjrBR3SCw9Ld5VZk	Calboy	['chicago rap', 'melodic rap']	[2018, 2019, 2020]	4	1
0zPILh9oEH0fDagpkHTQQ8	Killstation	['cloud rap', 'dark trap']	[2018, 2019]	4	4
1o2NpYGqHiCq7FoiYdyd1x	Bea Miller	['alt z', 'pop', 'talent show']	[2018, 2020]	4	3
3grHWM9bx2E9vwJCdlRv9O	Kenny Chesney	['contemporary country', 'country', 'country road']	[2018, 2020, 2021]	4	0
2p1fiYHYiXz9qi0JJyxBzN	Skepta	['birmingham grime', 'grime', 'instrumental grime', 'uk hip hop']	[2018, 2019, 2020, 2021]	4	4
2cADQgiLMjNhbsfeN52Bf3	Swizz Beatz	['battle rap', 'dirty south rap', 'southern hip hop', 'trap']	[2018, 2019, 2020]	4	4
3x3jSlhyv5CiCZDZlaTq0M	Pi’erre Bourne	['melodic rap']	[2018, 2019, 2021]	4	4
3KwmxIhSe9UTSEF37kwngR	SHAED	['electropop']	[2018, 2019, 2020]	4	3
0ZUvK7zGdXLd78mQr3t1Tw	Ricky Montgomery	['la indie', 'pop', 'pov: indie']	[2020, 2021]	4	0
3twuAojvYNrlWZpMkxLm3P	Daveed Diggs	['alternative hip hop', 'show tunes']	[2020]	4	4
1ThoqLcyIYvZn7iWbj8fsj	Bill Withers	['funk', 'quiet storm', 'soul']	[2020, 2021]	4	1
1OB278sOZVSFx5vXqYha83	J. Rey Soul	[]	[2020]	4	4
6LXRvV2OAtXF7685fzh3mj	Rowdy Rebel	['nyc rap']	[2020, 2021]	4	4
5Zq7R5qmi58ByYyBQTlNuk	Lee Brice	['contemporary country', 'country', 'country road', 'modern country rock']	[2019, 2020, 2021]	4	1
41X1TR6hrK8Q2ZCpp2EqCz	bbno$	['canadian hip hop', 'dark trap', 'meme rap']	[2019, 2020, 2021]	4	4
0Y4inQK6OespitzD6ijMwb	Freddie Gibbs	['alternative hip hop', 'hip hop', 'indiana hip hop', 'rap', 'underground hip hop']	[2020, 2021]	4	4
04yB9kBsaEQgT8hFfcsQik	Mustard	[]	[2019, 2020, 2021]	4	4
6eVWXmKBW7Iltub01D9R1c	Valerie Broussard	['bossbeat', 'modern alternative pop']	[2019, 2020, 2021]	4	4
3VrWSWV74xyECVDt2zBy4T	The Commanders	[]	[2020, 2021]	4	4
1XLWox9w1Yvbodui0SRhUQ	StaySolidRocky	['melodic rap']	[2020, 2021]	4	2
6ZLTlhejhndI4Rh53vYhrY	Ozzy Osbourne	['album rock', 'alternative metal', 'birmingham metal', 'classic rock', 'glam metal', 'hard rock', 'metal', 'nu metal', 'rock']	[2019, 2020]	4	4
3PyJHH2wyfQK3WZrk9rpmP	Ashnikko	['alt z', 'escape room']	[2019, 2020, 2021]	4	2
73Np75Wv2tju61Eo9Zw4IR	Idina Menzel	['hollywood', 'movie tunes', 'show tunes']	[2019, 2020, 2021]	4	4
2JSwnwAT1BupAQkhqcRCUw	Sada Baby	['detroit trap', 'scam rap']	[2020, 2021]	4	3
0dvFTsuG02c4cRbcSQ8zE6	Yak Gotti	['atl trap']	[2020, 2021]	4	4
6nS5roXSAGhTGr34W6n7Et	Disclosure	['edm', 'house', 'indietronica', 'uk dance']	[2019, 2020]	4	4
77SW9BnxLY8rJ0RciFqkHh	The Neighbourhood	['modern alternative rock', 'modern rock', 'pop', 'pov: indie']	[2020, 2021, 2022]	4	0
60rpJ9SgigSd16DOAG7GSa	Billy Ray Cyrus	['country rock']	[2019, 2020]	4	4
6veh5zbFpm31XsPdjBgPER	BIA	['rap latina', 'trap queen']	[2019, 2020, 2021]	4	3
2IvkS5MXK0vPGnwyJsrEyV	Eric Church	['contemporary country', 'country', 'country road']	[2019, 2020, 2021]	4	2
1cZQSpDsxgKIX2yW5OR9Ot	Lennon Stella	['alt z', 'canadian pop', 'uk pop']	[2019, 2020]	4	3
7okSU80WTrn4LXlyXYbX3P	Clinton Kane	['alt z', 'gen z singer-songwriter']	[2020, 2021]	4	1
3uwAm6vQy7kWPS2bciKWx9	girl in red	['alt z', 'bedroom pop', 'indie pop', 'norwegian indie', 'pop', 'pov: indie']	[2020, 2021, 2022]	4	0
0KuF7reCTOZwV7YJnHQqgr	The Neptunes	[]	[2020, 2021]	4	4
7yntSJ6uojO3z6GFUVwhAW	CORPSE	['pov: indie']	[2020, 2021]	4	3
4PPoI9LuYeFX8V674Z1R6l	Vicente Fernández	['mariachi', 'ranchera']	[2021]	4	0
687cZJR45JO7jhk1LHIbgq	Tems	['afro r&b', 'afrobeats', 'alte', 'nigerian pop']	[2021]	4	4
6olE6TJLqED3rqDCT0FyPh	Nirvana	['grunge', 'permanent wave', 'rock']	[2021, 2022]	4	0
4nZmMrwH6LxHnCzQv4IFUE	BIG30	['memphis hip hop']	[2021]	4	4
5IbEL2xjRtKsunfmsahLuO	$NOT	['aesthetic rap', 'cloud rap', 'florida rap', 'underground hip hop']	[2021, 2022]	4	4
26T3LtbuGT1Fu9m0eRq5X3	Cage The Elephant	['modern alternative rock', 'modern rock', 'pov: indie', 'punk blues', 'rock']	[2019, 2021, 2022]	4	1
0Njy6yR9LykNKYg9yE23QN	Nardo Wick	['florida drill', 'florida rap']	[2021, 2022]	4	4
0NcPKaSNIHAM2RfioH9vMT	Guapdad 4000	['cali rap', 'oakland hip hop', 'scam rap', 'underground hip hop']	[2019]	4	4
5j1BNsC9xeWGfBVCzzg6fc	Omen	['chicago rap']	[2019]	4	4
7dnB1wSxbYa8CejeVg98hz	Meat Loaf	['album rock']	[2022]	4	0
5exS0bytCYdixgv02DaCm3	William Singe	[]	[2017]	3	3
6T5tfhQCknKG4UnH90qGnz	DNCE	['dance pop', 'pop']	[2017, 2022]	3	2
0cTSCsVx04SSht9V6cpKN0	Mavis Staples	['black americana', 'soul', 'southern soul', 'spirituals']	[2017, 2018, 2020]	3	3
2XnBwblw31dfGnspMIwgWz	Axwell /\ Ingrosso	['edm', 'pop dance', 'progressive electro house']	[2017]	3	1
5me0Irg2ANcsgc93uaYrpb	The Notorious B.I.G.	['east coast hip hop', 'gangster rap', 'hardcore hip hop', 'hip hop', 'rap']	[2017, 2022]	3	0
3WrFJ7ztbogyGnTHbHJFl2	The Beatles	['beatlesque', 'british invasion', 'classic rock', 'merseybeat', 'psychedelic rock', 'rock']	[2017, 2018, 2020, 2021]	3	0
0c2FPgHaY20scmp44dhPXg	Chad Focus	[]	[2017]	3	2
3jOstUTkEu2JkjvRdBA5Gu	Weezer	['alternative rock', 'modern power pop', 'modern rock', 'permanent wave', 'rock']	[2017, 2018, 2019]	3	0
6DJEUXZm0e2rAohdoZ5Voo	Black Thought	['alternative hip hop', 'east coast hip hop']	[2017, 2020]	3	3
5G1ozOoTwFiVTKjYMj1HAJ	Big Lenbo	[]	[2017, 2018]	3	3
7vk5e3vY1uw9plTHJAMwjN	Alan Walker	['electro house']	[2017, 2018, 2019]	3	3
3t5xRXzsuZmMDkQzgOX35S	Robin Schulz	['deep euro house', 'deep house', 'edm', 'german dance', 'pop dance', 'tropical house']	[2017, 2018]	3	3
7rpf45DdbpweG51Acze45i	Kay Starr	['torch song']	[2017, 2018, 2019, 2020, 2021]	3	0
4STHEaNw4mPZ2tzheohgXB	Paul McCartney	['beatlesque', 'classic rock', 'rock']	[2017, 2018, 2019, 2020, 2021]	3	0
0701LAQrkY5Il5vt06uNnC	Trouble	['atl hip hop', 'memphis hip hop', 'trap']	[2017, 2018]	3	3
43ZHCT0cAZBISjO8DG9PnE	Elvis Presley	['rock-and-roll', 'rockabilly']	[2017, 2018, 2019, 2020, 2021]	3	0
5KEG7G8LDYlHgFDqZyEEs2	Chris Rea	['soft rock', 'sophisti-pop']	[2017, 2018, 2019, 2020, 2021]	3	0
5BcAKTbp20cv7tC5VqPFoC	Macklemore & Ryan Lewis	['pop rap', 'seattle hip hop']	[2017, 2018, 2019, 2020, 2021, 2022]	3	3
4cPHsZM98sKzmV26wlwD2W	Brenda Lee	['adult standards', 'easy listening', 'lounge', 'rockabilly']	[2017, 2018, 2019, 2020, 2021]	3	0
7qG3b048QCHVRO5Pv1T5lw	Enrique Iglesias	['dance pop', 'latin pop', 'mexican pop']	[2017, 2018, 2020]	3	3
21451j1KhjAiaYKflxBjr1	Zion & Lennox	['reggaeton', 'urbano latino']	[2017, 2018, 2020]	3	3
3aGFCoR8xGN6DKwvdzeSja	ILOVEMAKONNEN	['atl hip hop', 'lgbtq+ hip hop', 'trap']	[2017, 2018, 2019]	3	3
77tT1kLj6mCWtFNqiOmP9H	Daryl Hall & John Oates	['album rock', 'classic rock', 'heartland rock', 'mellow gold', 'rock', 'singer-songwriter', 'soft rock', 'yacht rock']	[2017, 2018, 2019, 2020, 2021]	3	0
4ryoUS0W8qXokfMxrlJt6O	Skip Marley	['modern reggae']	[2017, 2019]	3	3
6jsjhAEteAlY0vCiLvMLBA	ROZES	['alt z', 'indie poptimism']	[2017, 2020]	3	2
7gP3bB2nilZXLfPHJhMdvc	Foster The People	['indietronica', 'modern alternative rock', 'modern rock', 'rock']	[2017, 2018, 2019, 2020, 2021]	3	1
2lRH2dgU5Kk4Bc5phmII4T	LANCO	['contemporary country', 'country road', 'modern country rock']	[2017, 2018]	3	0
7aA592KWirLsnfb5ulGWvU	Danny Brown	['alternative hip hop', 'detroit hip hop', 'escape room', 'hip hop', 'underground hip hop']	[2017, 2021]	3	3
4olE3I5QU0dvSR7LIpqTXc	WATT	['modern alternative rock']	[2017, 2018, 2019, 2021]	3	3
3crnzLy8R4lVwaigKEOz7V	E-40	['cali rap', 'gangster rap', 'hyphy', 'oakland hip hop', 'west coast rap']	[2017, 2019]	3	3
57vWImR43h4CaDao012Ofp	Steve Lacy	['afrofuturism']	[2017, 2021, 2022]	3	2
5XenQ7XfcvQdfIbpLEFaKQ	GoldLink	['alternative r&b']	[2017, 2018, 2019]	3	3
38EmEgXkgK51MT2tPY0EoC	Bobby Helms	[]	[2017, 2018, 2019, 2020, 2021]	3	0
57WHJIHrjOE3iAxpihhMnp	Louis Tomlinson	['pop']	[2017]	3	2
32vWCbZh0xZ4o9gkz4PsEU	Dolly Parton	['classic country pop', 'country', 'country dawn']	[2017, 2020]	3	3
7LvoDJUNGnOrPdGRzVtOJ9	Young M.A	['alternative r&b', 'lgbtq+ hip hop', 'nyc rap', 'rap', 'trap']	[2017, 2019, 2020]	3	1
2ziB7fzrXBoh1HUPS6sVFn	Audioslave	['alternative metal', 'alternative rock', 'grunge', 'hard rock', 'nu metal', 'permanent wave', 'post-grunge', 'rock', 'supergroup']	[2017]	3	0
7x8nK0m0cP2ksQf0mjWdPS	Dierks Bentley	['contemporary country', 'country', 'country road']	[2017, 2018]	3	1
5KKpBU5eC2tJDzf0wmlRp2	RAYE	['uk contemporary r&b', 'uk pop']	[2017, 2019]	3	3
7HV2RI2qNug4EcQqLbCAKS	Keala Settle	['broadway', 'hollywood', 'show tunes']	[2017, 2018]	3	3
6U1dBXJhC8gXFjamvFTmHg	Zac Efron	['hollywood', 'movie tunes', 'post-teen pop']	[2017, 2018]	3	3
6ueGR6SWhUJfvEhqkvMsVs	Janelle Monáe	['afrofuturism', 'alternative r&b', 'atl hip hop', 'neo soul', 'r&b']	[2017, 2018, 2020]	3	2
4BYxqVkZyFjtik7crYLg5Q	Chris Young	['contemporary country', 'country', 'country road']	[2017, 2018, 2021]	3	2
60df5JBRRPcnSpsIMxxwQm	Otis Redding	['classic soul', 'memphis soul', 'soul', 'soul blues', 'southern soul', 'vocal jazz']	[2017, 2020, 2021]	3	0
0FTrIsp2Mg7Bkf8eXQrISa	PHresher	['nyc rap']	[2017, 2018]	3	3
0hItVPjwJLVZrFqOyIsxPf	Judy Garland	['adult standards', 'torch song', 'vocal jazz']	[2017, 2018, 2019, 2020, 2021]	3	0
1CoZyIx7UvdxT5c8UkMzHd	Jorja Smith	['r&b', 'uk contemporary r&b']	[2017, 2018, 2019]	3	2
4NZvixzsSefsNiIqXn0NDe	Maggie Rogers	['indie pop']	[2017, 2019]	3	0
164hs3x1Tsp3FgJWNHee1r	The Citizens of Halloween	['halloween']	[2017, 2018, 2019, 2020]	3	0
4Q6nIcaBED8qUel8bBx6Cr	Jax Jones	['dance pop', 'edm', 'house', 'pop dance', 'uk dance', 'uk pop']	[2017, 2018]	3	3
3S0tlB4fE7ChxI2pWz8Xip	Giggs	['grime', 'london rap', 'uk hip hop']	[2017, 2020]	3	3
4EzkuveR9pLvDVFNx6foYD	James Bay	['neo mellow', 'pop', 'uk pop']	[2017, 2018, 2021]	3	1
3TaUSUXn41GixL7zbvrIDt	A-Trak	['canadian electronic', 'edm', 'electro house', 'electronic trap', 'turntablism']	[2017, 2021]	3	3
0RqtSIYZmd4fiBKVFqyIqD	Thirty Seconds To Mars	['modern rock', 'post-grunge']	[2017, 2018, 2021]	3	2
5JYo7gm2dkyLLlWHjxS7Dy	Sandro Cavazza	['swedish pop']	[2017, 2018, 2019, 2020]	3	3
2SrSdSvpminqmStGELCSNd	Stormzy	['grime', 'uk hip hop']	[2017, 2019]	3	3
18SBju6wBZGpevPcsWMAM3	Rockwell	[]	[2017, 2018, 2019, 2020, 2021]	3	0
3RwQ26hR2tJtA8F9p2n7jG	The Temptations	['memphis soul', 'motown', 'soul']	[2017, 2018, 2020, 2021, 2022]	3	0
2uvY5pgdD9t1CZ5zMNw1rl	Lucy Rose	['ambient folk', 'british singer-songwriter']	[2017, 2018]	3	3
4HzKw8XcD0piJmDrrPRCYk	Majid Jordan	['canadian contemporary r&b']	[2017, 2019, 2021]	3	2
4QQgXkCYTt3BlENzhyNETg	Earth, Wind & Fire	['disco', 'funk', 'jazz funk', 'soul']	[2017, 2018, 2019, 2020, 2021]	3	1
3Isy6kedDrgPYoTS1dazA9	Sean Paul	['dance pop', 'dancehall', 'pop', 'pop rap']	[2017, 2018, 2019]	3	3
1n2pb9Tsfe4SwAjmUac6YT	Jake Owen	['contemporary country', 'country', 'country road']	[2018, 2020, 2021]	3	0
5lwmRuXgjX8xIwlnauTZIP	Romeo Santos	['bachata', 'latin hip hop', 'latin pop', 'urbano latino']	[2018, 2019]	3	3
5Y5TRrQiqgUO4S36tzjIRZ	Timbaland	['dance pop', 'pop', 'pop rap']	[2018, 2020, 2021, 2022]	3	3
1iJdyDcY98X3GMnUesl7tf	Comethazine	['trap', 'underground hip hop']	[2018, 2019]	3	1
4AA474G2hRfrHyGrfyDseO	Mozzy	['cali rap', 'sacramento hip hop']	[2018, 2021]	3	3
5UjifI1TYefXWn9GdqDOHl	Social House	[]	[2018, 2019, 2020]	3	3
12Zk1DFhCbHY6v3xep2ZjI	070 Shake	['new jersey rap']	[2018, 2019, 2021]	3	3
4IprNlQiJZUUJhDl0fL2SL	Quando Rondo	['melodic rap', 'trap']	[2018, 2020]	3	3
66lH4jAE7pqPlOlzUKbwA0	Miranda Lambert	['contemporary country', 'country', 'country dawn', 'country road']	[2018, 2020, 2021]	3	2
4gOc8TsQed9eqnqJct2c5v	K/DA	['k-pop girl group']	[2018, 2020]	3	3
2AfmfGFbe0A0WsTYm0SDTx	(G)I-DLE	['k-pop', 'k-pop girl group']	[2018, 2020]	3	3
0g9vAlRPK9Gt3FKCekk4TW	Ab-Soul	['conscious hip hop', 'hip hop', 'rap']	[2018, 2020]	3	3
67MNhiAICFY6Pwc2YxCO0K	Elley Duhé	['alt z']	[2018, 2022]	3	2
5rkVyNGXEgeUqKkB5ccK83	Ashanti	['dance pop', 'hip pop', 'r&b', 'urban contemporary']	[2018, 2020, 2021]	3	3
07V3atNq2TyPNDYmzp6Dyy	Reese LAFLARE	['atl trap']	[2018, 2019]	3	3
68abRTdO4meYReMWHvBYb0	Chris Lane	['contemporary country', 'country', 'country road', 'modern country rock']	[2018, 2019, 2020]	3	2
1vSN1fsvrzpbttOYGsliDr	Tori Kelly	['pop', 'post-teen pop']	[2018, 2020, 2021]	3	3
6xvpfMjWTougrRRtK7iikz	Mason Ramsey	['contemporary country', 'country']	[2018, 2019, 2022]	3	1
3CjlHNtplJyTf9npxaPl5w	CHVRCHES	['indietronica', 'metropopolis', 'neo-synthpop', 'shimmer pop']	[2018, 2019]	3	2
2HUwZ0kumzCSlhFcjFZfpp	Flipp Dinero	['melodic rap', 'trap']	[2018, 2019, 2020]	3	1
5vBSrE1xujD2FXYRarbAXc	Years & Years	['gauze pop', 'pop', 'uk pop']	[2018]	3	0
27w1NoOLMX7tJMYqcetPyG	VIC MENSA	['canadian hip hop', 'chicago rap', 'conscious hip hop', 'rap', 'underground hip hop']	[2018, 2019, 2020]	3	2
0wi4yTYlGtEnbGo4ltZTib	Shakin' Stevens	['classic uk pop', 'rockabilly']	[2018, 2019, 2020, 2021]	3	0
6tbjWDEIzxoDsBA1FuhfPW	Madonna	['dance pop', 'pop']	[2018, 2019, 2020]	3	3
19uEVh7y7Y9RfjMphMamXc	Cooliecut	[]	[2018, 2019]	3	3
4yiQZ8tQPux8cPriYMWUFP	Gwen Stefani	['dance pop', 'pop']	[2018, 2019, 2020, 2021]	3	3
1tqhsYv8yBBdwANFNzHtcr	Lil Dicky	['comedy rap', 'indie pop rap', 'pop rap']	[2018, 2019, 2020]	3	2
1ShZZUjkbXCjhwrb18BA8I	Bryce Vine	['indie pop rap']	[2018, 2019]	3	2
7uaIm6Pw7xplS8Dy06V6pT	Trevor Daniel	['melodic rap']	[2019, 2020, 2021]	3	1
559V02g5LCKroVdQg1zq71	Keyliu	[]	[2020]	3	1
6sFHvCyqklnJpXC9Nh1aag	Alexander 23	['alt z', 'singer-songwriter pop']	[2019, 2020, 2021]	3	2
2NjfBq1NflQcKSeiDooVjY	Tones And I	['australian pop']	[2019, 2020, 2021]	3	0
6EPlBSH2RSiettczlz7ihV	Sleepy Hallow	['brooklyn drill', 'nyc rap']	[2020, 2021, 2022]	3	2
6trIghKwHRUyxwvm66HLHH	Fousheé	['indie r&b']	[2020]	3	2
6G3sPhnj4JBCsBVBGvZnkk	Okieriete Onaodowan	['show tunes']	[2020]	3	3
4FlG0V0jhLO4qGpayFOphj	EST Gee	['kentucky hip hop', 'memphis hip hop']	[2020, 2021]	3	3
56mfhUDKa1vec6rSLZV5Eg	Jawsh 685	['nz pop']	[2020, 2021]	3	3
7u6LfVyYpEzMpHLL7jTyvU	Dwele	['neo soul']	[2020, 2021, 2022]	3	3
3qnGvpP8Yth1AqSBMqON5x	Leon Bridges	['modern blues', 'neo soul', 'soul']	[2020, 2021]	3	1
0AsThoR4KZSVktALiNcQwW	Chloe x Halle	['r&b']	[2020]	3	1
0f2YkMXwFNJNSX7MymevKE	Kaash Paige	[]	[2019, 2020]	3	1
0Yr4BBpK2dkCp2UsrJ9LZN	Bankrol Hayden	['melodic rap']	[2020]	3	2
0ECwFtbIWEVNwjlrfc6xoL	Eagles	['album rock', 'classic rock', 'heartland rock', 'mellow gold', 'rock', 'soft rock', 'yacht rock']	[2020, 2021]	3	0
2JbE7jUIGtpXSzytnyMg6U	Curtis Waters	[]	[2020]	3	3
44rJuOJLavqhY6qGgpQW4U	Harm Franklin	['alberta hip hop']	[2020]	3	3
6XpaIBNiVzIetEPCWDvAFP	Whitney Houston	['dance pop']	[2019, 2020, 2021, 2022]	3	2
4bYPcJP5jwMhSivRcqie2n	Adam Levine	['deep talent show']	[2020, 2021]	3	3
3Rx4PJ7SP6unkOk5elPUK7	Money Man	['memphis hip hop', 'trap']	[2020, 2021]	3	2
1MXZ0hsGic96dWRDKwAwdr	Tyla Yaweh	['cali rap', 'melodic rap']	[2020]	3	3
0e86yPdC41PGRkLp2Q1Bph	Mother Mother	['pov: indie', 'vancouver indie']	[2020, 2021, 2022]	3	0
2OEGI2wrCVmvavKEOMlccy	Phillipa Soo	['broadway', 'show tunes']	[2020]	3	3
3fyhhXHbGVLuSHFk2SYx4I	Popp Hunna	['philly rap', 'viral rap']	[2020, 2021]	3	3
0NbfKEOTQCcwd6o7wSDOHI	The Game	['gangster rap', 'hip hop', 'pop rap', 'rap', 'southern hip hop', 'trap']	[2019, 2020, 2022]	3	3
5yy76ufVriyvidNSvXlRU1	Clever	['alabama rap']	[2019, 2020, 2021]	3	3
4TAoP0f9OuWZUesao43xUW	Mr Eazi	['afrobeats', 'afropop', 'azontobeats', 'ghanaian hip hop', 'nigerian pop', 'swedish dancehall']	[2019, 2020]	3	3
6Iz3eq2aQGFf7TbGT2iahL	Gabby Barrett	['contemporary country']	[2020, 2021]	3	0
0nJUwPwC9Ti4vvuJ0q3MfT	John Prine	['folk', 'new americana', 'roots rock', 'singer-songwriter']	[2020]	3	1
0rpUnzu4JIoRkKkGvdcm7b	Lil Eazzyy	['chicago rap']	[2020, 2021]	3	1
7arQA31aZVS8yS6zUveWzb	CJ	['nyc rap']	[2020, 2021]	3	0
0WK3H9OErSn5zKOkOV5egm	DDG	['pop rap']	[2020, 2021, 2022]	3	3
1r1uxoy19fzMxunt3ONAkG	Phoebe Bridgers	['indie pop', 'la indie', 'pov: indie']	[2020, 2021]	3	3
0XKOBt59crntr7HQXXO8Yz	Brooks & Dunn	['contemporary country', 'country', 'country road']	[2019, 2020]	3	3
7KkqUt65v6LMtR369OQ6FB	Jonathan Groff	['broadway', 'hollywood', 'movie tunes', 'show tunes']	[2019, 2020]	3	2
2nm38smINjms1LtczR0Cei	Goodboys	['pop dance', 'uk dance']	[2019, 2020]	3	3
0vRvGUQVUjytro0xpb26bs	Arizona Zervas	['pop rap', 'rhode island rap']	[2019, 2020, 2021]	3	0
4ZhFCxPekpmV12n2xMeF2z	Ink	[]	[2019, 2020]	3	3
5KNNVgR6LBIABRIomyCwKJ	Dermot Kennedy	['folk-pop', 'irish pop', 'uk pop']	[2019, 2020, 2021]	3	1
2kCO8LXN1usaOPL3iEE28I	Tai Verdes	['modern indie pop', 'singer-songwriter pop']	[2021, 2022]	3	1
3xLU748QxpTmIVaiNXXg0P	Encanto - Cast	['movie tunes']	[2021, 2022]	3	3
4XquDVA8pkg5Lx91No1JxB	Brittany Howard	['black americana', 'modern blues rock', 'neo soul']	[2021]	3	3
4VdV2qRAYBLINR6uU72V1J	Joshua Bassett	['singer-songwriter pop']	[2021]	3	0
2SJhf6rTOU53g8yBdAjPby	SoFaygo	['glitchcore', 'plugg', 'rage rap']	[2021]	3	2
0lAWpj5szCSwM4rUMHYmrr	Måneskin	['indie rock italiano', 'italian pop', 'pop']	[2021, 2022]	3	0
5L1lO4eRHmJ7a0Q6csE5cT	LISA	['k-pop']	[2021, 2022]	3	1
0ghlgldX5Dd6720Q3qFyQB	TOMORROW X TOGETHER	['k-pop', 'k-pop boy group']	[2019, 2021]	3	1
46MWeeHNVMYRIIofQBEX98	BEAM	['trap soul']	[2021]	3	3
2WInxWtfee6mRhUQUmIRAH	Strick	['atl trap']	[2021]	3	3
3XxNRirzbjfLdDli06zMaB	Eyedress	['noise pop']	[2021, 2022]	3	0
07YUOmWljBTXwIseAUd9TW	Sebastian Yatra	['colombian pop', 'latin pop', 'reggaeton', 'reggaeton colombiano', 'urbano latino']	[2019, 2021, 2022]	3	2
6LArUyIoMiHmDvvOAsE2cd	Dream	['pixel', 'pov: indie']	[2021]	3	2
42mwjz0NeVdpzDzT3XMZdE	Blvckengineer	[]	[2021]	3	1
39af15p0feaAOdL9DTRj3m	JT	[]	[2019, 2021]	3	3
4iDroUFo89Y7YBsdDTBmTD	Sueco	['cali rap']	[2021, 2022]	3	0
6AMd49uBDJfhf30Ak2QR5s	Coi Leray	['new jersey underground rap', 'trap queen']	[2019, 2021]	3	3
7meyrw7Or5DwteYxDJrkCM	YK Osiris	['melodic rap', 'trap']	[2019]	3	1
7mnBLXK823vNxN3UWB7Gfz	The Black Keys	['alternative rock', 'blues rock', 'garage rock', 'indie rock', 'indietronica', 'modern blues rock', 'modern rock', 'punk blues', 'rock', 'roots rock']	[2019]	3	0
5bCwYvvFvWOEXtO9W7p0Iv	Craig Xen	['cloud rap', 'dark trap']	[2019]	3	3
57SA5Qv24Vydwd6bJnV8fI	Kid Trunks	['asian american hip hop', 'dark trap', 'underground hip hop']	[2019]	3	3
2fVW2ix4ANKiofDZIsy1XR	Vargas & Lagola	['swedish pop']	[2019]	3	3
0h9smro0z3HqUbD94jotU8	Smokey Robinson	['classic soul', 'disco', 'funk', 'motown', 'quiet storm', 'soul']	[2019]	3	3
47MpMsUfWtgyIIBEFOr4FE	Lunay	['reggaeton', 'reggaeton flow', 'trap latino', 'urbano latino']	[2019]	3	3
5oFkj1qSlyBUmV5d6Edgtq	Cozz	['underground hip hop']	[2019]	3	3
30C5wgn4celhRP3Tytv7R6	Mez	['north carolina hip hop']	[2019]	3	3
0id62QV2SZZfvBn9xpmuCl	Aloe Blacc	['pop soul', 'r&b']	[2019]	3	3
3Sz7ZnJQBIHsXLUSo0OQtM	Mac DeMarco	['edmonton indie', 'lo-fi indie', 'pov: indie']	[2022]	3	0
0jnsk9HBra6NMjO2oANoPY	Flo Rida	['dance pop', 'miami hip hop', 'pop', 'pop rap']	[2017]	2	1
1Oa0bMld0A3u5OTYfMzp5h	Nate Dogg	['g funk', 'gangster rap', 'hardcore hip hop', 'hip hop', 'west coast rap']	[2017, 2018, 2021, 2022]	2	2
5ixB75BQR3ADoWQkcHQJTs	Gene Autry	['classic oklahoma country', 'cowboy western', 'traditional country', 'western swing', 'yodeling']	[2017, 2018, 2019, 2020, 2021]	2	0
6d47Z08T4snK50HgTEHo5Z	Sage The Gemini	['hyphy', 'pop rap', 'southern hip hop', 'trap']	[2017]	2	0
6hnWRPzGGKiapVX1UCdEAC	Sam Cooke	['classic soul', 'soul', 'vocal jazz']	[2017, 2020]	2	0
0cwqF34ABef3DB1xPHGr2Z	Troyse	[]	[2017]	2	2
3ja3Namds4HYC1fmpsj46l	CITO G	[]	[2017]	2	2
5DK8eK7fjvRsziXzyr3sFA	Moon Taxi	['modern alternative rock']	[2017]	2	0
1JfH8gevkDviqs50A5NO0L	Chuck D	['conscious hip hop', 'east coast hip hop', 'old school hip hop']	[2017]	2	2
4TNLCgKNImRbj2bb7g52wH	No ID	['golden age hip hop']	[2017]	2	2
0SCbttzoZTnLFebDYmAWCm	Glee Cast	['glee club', 'post-teen pop']	[2017]	2	1
2J0JN7EFN10G1Tty6hX0AN	DJ ESCO	['atl hip hop', 'trap']	[2017, 2018]	2	2
5fyDppLDl1juIu1BcUT5zh	Digital Farm Animals	['uk dance']	[2017, 2018]	2	2
4LFgxG38Y0l4Fo1gdQelay	The Dap-Kings Horns	[]	[2017]	2	2
4f9iBmdUOhQWeP7dcAn1pf	Rag'n'Bone Man	['neo soul']	[2017, 2019]	2	2
5Tz4zMiRWqiQVAymWZz99a	Zebra Katz	['escape room', 'lgbtq+ hip hop', 'vogue']	[2017]	2	2
4IMAo2UQchVFyPH24PAjUs	Jowell & Randy	['reggaeton', 'urbano latino']	[2017, 2020]	2	2
5EvFsr3kj42KNv97ZEnqij	Shaggy	['dance pop', 'pop rap', 'reggae fusion']	[2017, 2018, 2019]	2	2
67wCYxOq4A1ohAs7jWYaOJ	Rik Rok	['reggae fusion']	[2017, 2018, 2019]	2	2
1qSJaftSab2kTTsj7fLxvM	DJ SpinKing	['slow game']	[2017, 2018]	2	2
1E2AEtxaFaJtH0lO7kgNKw	Russell Dickerson	['contemporary country', 'country', 'country road', 'modern country rock']	[2017, 2018]	2	0
2ysnwxxNtSgbb9t1m2Ur4j	George Ezra	['folk-pop', 'neo-singer-songwriter']	[2017, 2018, 2019, 2020]	2	0
1yFie7615gesdLbvVVpYU5	Zoe Nash	['la pop']	[2017]	2	2
3GMoVpWJy4smKuxFuFTwXC	Roger	['funk', 'new jack swing', 'p funk', 'post-disco', 'quiet storm']	[2017, 2022]	2	2
6g8AmloI8egfrr3dm3SnUL	TWENTY88	[]	[2017, 2020]	2	1
4MVyzYMgTwdP7Z49wAZHx0	Lynyrd Skynyrd	['album rock', 'classic rock', 'hard rock', 'rock', 'southern rock']	[2017, 2018, 2019, 2020, 2021]	2	0
68Uwx1d3EbjDJhYsLjqvIq	Emma Stone	['hollywood']	[2017]	2	1
1MHslxKWxauC559dXYEX1C	DJ Durel	[]	[2017, 2018]	2	2
0JOxt5QOwq0czoJxvSc5hS	GASHI	[]	[2017, 2018]	2	1
2ODbg2404zUzTi02qIPEjB	Tay-K	['cali rap', 'dfw rap', 'rap', 'trap']	[2017, 2018]	2	0
6V3F8MZrOKdT9fU686ybE9	Mark Morrison	['british soul']	[2017, 2021]	2	2
5WWSL6rElJeUk3Uc1S2RyD	Dead Or Alive	['hi-nrg', 'new romantic', 'new wave pop', 'synthpop']	[2017, 2020, 2021]	2	0
1q13yHC6Syg5Y8iPLrRnCq	Joell Ortiz	['battle rap']	[2017, 2020]	2	2
26nStRV6Waedt17W4Uhx6l	John Leguizamo	['latino comedy']	[2017, 2022]	2	2
4QVBYiagIaa6ZGSPMbybpy	Pedro Capó	['latin pop', 'puerto rican pop']	[2017, 2018, 2019]	2	2
7gAppWoH7pcYmphCVTXkzs	The Vamps	['boy band', 'pop']	[2017]	2	2
4YXycRbyyAE0wozTk7QMEq	Matoma	['pop dance', 'tropical house']	[2017]	2	2
4VZY0nxYMSNotbS7WjNVQy	Nyla	[]	[2017]	2	2
3vbKDsSS70ZX9D2OcvbZmS	Beck	['alternative rock', 'anti-folk', 'permanent wave', 'rock']	[2017, 2019]	2	1
787bCXOIvGeBw0Bc4kEjhD	Luke Christopher	['indie pop rap']	[2017]	2	0
5a2EaR3hamoenG9rDuVn8j	Prince	['funk', 'funk rock', 'minneapolis sound', 'rock', 'synth funk']	[2017]	2	0
711MCceyCBcFnzjGY4Q7Un	AC/DC	['australian rock', 'hard rock', 'rock']	[2017, 2018, 2019, 2020, 2021]	2	0
2LAqcqAQ8KPTsl1HBgBrqM	Michelle Williams	['hollywood']	[2017, 2018]	2	1
0JXiS2FrAg3wQYJHcmZdrc	B. Swanson Quartet	[]	[2017, 2018, 2019, 2020, 2021]	2	2
42MRYPhQfcEXqb18dl5ERX	"Bobby ""Boris"" Pickett"	['halloween', 'novelty']	[2017, 2018, 2019, 2020, 2021]	2	1
3u579Gdap91lMptBSdXTpf	Kash Doll	['detroit hip hop', 'trap queen']	[2017, 2018, 2020]	2	2
3CygdxquGHurS7f9LjNLkv	Little Big Town	['contemporary country', 'country', 'country dawn', 'country road']	[2017, 2021]	2	0
4L1YBxxAxQx0HG8lgPcFcJ	Damian Lemar Hudson	[]	[2017]	2	2
1DvtabXAjfrMihPP6JQdHs	Shy Glizzy	['drill', 'memphis hip hop', 'trap']	[2017, 2018]	2	2
3hyEbRtp617pNCuuQjyOmc	Lost Kings	['pop dance', 'pop edm']	[2017, 2019]	2	2
79QO0Xmn1dZhvaLicS2Yrs	The Night Game	['modern alternative rock']	[2017]	2	2
78YqeIji3mgAS2K1Maca6x	Dylan Scott	['contemporary country', 'country', 'country road', 'modern country rock']	[2017, 2021]	2	0
7DuTB6wdzqFJGFLSH17k8e	Bhad Bhabie	['trap queen', 'viral rap']	[2017, 2018]	2	1
1LOB7jTeEV14pHai6EXSzF	Cash Cash	['dance pop', 'edm', 'electro house', 'electropowerpop', 'pop dance']	[2017, 2018]	2	2
6mU8ucezzms5I2kNH6HNlu	Conor Maynard	['post-teen pop', 'uk pop', 'viral pop']	[2017, 2018]	2	2
3IYUhFvPQItj6xySrBmZkd	Creedence Clearwater Revival	['classic rock', 'country rock', 'rock', 'southern rock', 'swamp rock']	[2017, 2018, 2019, 2020, 2021]	2	0
76yeOnINtQSXyoEHbkYmtY	Drew Love	[]	[2017, 2018]	2	2
5cIc3SBFuBLVxJz58W2tU9	Oh Wonder	['electropop', 'indie poptimism', 'pov: indie']	[2017, 2018, 2019, 2020, 2021, 2022]	2	2
1v3tdpIdBSW14rHUfiEVOv	Lauren Alaina	['contemporary country', 'country', 'country dawn', 'country road']	[2017, 2018, 2020]	2	2
1Ml4OuStDoympbREURAM15	The Fontane Sisters	['deep adult standards', 'vocal harmony group']	[2017, 2018, 2019, 2020, 2021]	2	2
0HS96tPggl2nwiz3gNWWI5	Mitchell Ayres & His Orchestra	"[""man's orchestra""]"	[2017, 2018, 2019, 2020, 2021]	2	2
02A3cEvlLLCbIMVDrK2GHV	Starley	['aussietronica']	[2017]	2	2
33JQK4UoS2aMPYBfdB5Ftt	Ryan Riback	['melbourne bounce']	[2017]	2	2
6z0JR0pFTeC8mTfrRm4iXo	Evander Griiim	['el paso indie']	[2017]	2	2
0uGk2czvcpWQA383Im6ajf	Maggie Lindemann	['alt z', 'dark pop', 'pop']	[2017]	2	2
0CEK8AzyeD5ZUdUloB6yQV	CADE	['pop edm']	[2017]	2	2
7vCtweS8UVAXTyau2j0rDT	Josh Turner	['contemporary country', 'country', 'country road']	[2017, 2021]	2	0
49O0SPoCoTiK2Nn2tOaHyU	Knox Fortune	['chicago indie']	[2017, 2019]	2	2
2FwJwEswyIUAljqgjNSHgP	Snakehips	['electropop']	[2017]	2	2
602DnpaSXJB4b9DZrvxbDc	Peggy Lee	['adult standards', 'torch song', 'vocal jazz']	[2017, 2018, 2019, 2020, 2021]	2	0
35S20clEkkSNUo23ViaslZ	Band Aid	['musical advocacy']	[2017, 2018, 2019, 2020, 2021]	2	0
25u4wHJWxCA9vO0CzxAbK7	Lukas Graham	['danish pop', 'scandipop']	[2017, 2020]	2	1
7K78lVZ8XzkjfRSI7570FF	José Feliciano	['latin pop', 'puerto rican pop']	[2017, 2018, 2019, 2020, 2021]	2	0
7blkMNJv8n9ceP9zlA4W2U	Shawn Hook	['canadian pop']	[2017]	2	2
6G9bygHlCyPgNGxK2l3YdE	Vanessa Hudgens	['dance pop', 'pop', 'post-teen pop']	[2017]	2	2
72T7x96EAqN2UWvAgobYfv	Sizzla	['dancehall', 'reggae', 'reggae fusion']	[2017, 2019]	2	2
2CvCyf1gEVhI0mX6aFXmVI	Paul Simon	['classic rock', 'folk', 'folk rock', 'mellow gold', 'permanent wave', 'rock', 'singer-songwriter', 'soft rock']	[2017, 2018]	2	0
5JUYSPkis2Mk6HUbmMqk1m	Sean Ono Lennon	['beatlesque']	[2017, 2018]	2	2
7jy3rLJdDQY21OgRLCZ9sD	Foo Fighters	['alternative metal', 'alternative rock', 'modern rock', 'permanent wave', 'post-grunge', 'rock']	[2017, 2021]	2	0
62DmErcU7dqZbJaDqwsqzR	Popcaan	['dancehall', 'jamaican hip hop', 'reggae fusion', 'traphall']	[2017, 2020]	2	2
0EdvGhlC1FkGItLOWQzG4J	Sublime	['rap rock', 'reggae fusion', 'ska mexicano', 'ska punk']	[2017, 2018]	2	0
59mjRp0i1B8oWSSMmGWJlJ	Ansel Elgort	['post-teen pop', 'teen pop']	[2017]	2	2
4myTppRgh0rojLxx8RycOp	Ryan Lewis	['pop rap']	[2017, 2018, 2019, 2020, 2021, 2022]	2	2
4e0nWw2r4BoQSKPQ2zpU13	Ray Dalton	[]	[2017, 2018, 2019, 2020, 2021, 2022]	2	2
7Hjbimq43OgxaBRpFXic4x	Saba	['alternative r&b', 'chicago rap']	[2017, 2019]	2	2
1mSJCvDX0W7Dn7S9C6vmvI	Anna of the North	['electropop', 'vapor pop']	[2017]	2	2
5lCY3tqdQxbeg5igSlObaT	Nebu Kiniza	['melodic rap', 'plugg']	[2017, 2020]	2	1
4x1nvY2FN8jxqAFA0DA02H	John Lennon	['beatlesque', 'classic rock', 'rock']	[2017, 2018, 2019, 2020, 2021]	2	2
2s4tjL6W3qrblOe0raIzwJ	Yoko Ono	['experimental', 'experimental pop']	[2017, 2018, 2019, 2020, 2021]	2	2
1v3r802Az10JtIzSPawWzw	Neil deGrasse Tyson	[]	[2017]	2	2
5QuBVnBPEzwYvFrgBbwpmU	Empress Of	['art pop', 'electropop', 'escape room', 'etherpop', 'shiver pop']	[2017, 2018]	2	2
0NyzfcGDZZ6GM25EBG9BYK	Ray Parker Jr.	[]	[2017, 2018, 2019, 2020, 2021]	2	0
2TL8gYTNgD6nXkyuUdDrMg	Jasmine Thompson	['viral pop']	[2017, 2020]	2	2
7dbKeVkihtOifdiu7f3rUg	Lou Monte	['novelty']	[2017, 2018, 2019, 2020]	2	1
293zczrfYafIItmnmM3coR	Chuck Berry	['blues', 'blues rock', 'classic rock', 'rock', 'rock-and-roll', 'rockabilly', 'soul']	[2017, 2018, 2019, 2020, 2021]	2	0
3oDbviiivRWhXwIE8hxkVV	The Beach Boys	['baroque pop', 'classic rock', 'folk rock', 'mellow gold', 'psychedelic rock', 'rock', 'sunshine pop']	[2017, 2018, 2019, 2020, 2021]	2	0
4Wjf8diP59VmPG7fi4y724	Cedric Gervais	['dutch house', 'edm', 'electro house', 'pop dance', 'progressive electro house', 'progressive house']	[2017, 2018]	2	2
6Ff53KvcvAj5U7Z1vojB5o	*NSYNC	['boy band', 'dance pop', 'pop']	[2017, 2018, 2019, 2020, 2021]	2	0
0L8ExT028jH3ddEcZwqJJ5	Red Hot Chili Peppers	['alternative rock', 'funk metal', 'funk rock', 'permanent wave', 'rock']	[2017, 2022]	2	0
7LnaAXbDVIL75IVPnndf7w	Jamie Foxx	['contemporary r&b', 'hip pop', 'r&b', 'southern hip hop', 'trap', 'urban contemporary']	[2017, 2021]	2	2
00TKPo9MxwZ0j4ooveIxWZ	Loote	['alt z', 'nyc pop']	[2017, 2019]	2	1
1G9G7WwrXka3Z1r7aIDjI7	Outkast	['atl hip hop', 'dirty south rap', 'hip hop', 'old school atlanta hip hop', 'rap', 'southern hip hop']	[2017, 2018, 2019, 2020, 2021, 2022]	2	0
2T1aUibqR2QC2sINIDQOAK	Mambo Kingz	['reggaeton', 'reggaeton flow', 'trap latino', 'urbano latino']	[2017, 2018, 2019]	2	2
64aJYyrXljOodnUG6jvhRD	DJ Luian	['reggaeton', 'reggaeton flow', 'trap latino', 'urbano latino']	[2017, 2018, 2019]	2	2
5Gejwv3xz2DpLcxVpMD6hL	Thurl Ravenscroft	['movie tunes']	[2017, 2018, 2019, 2020, 2021]	2	0
5obQFNrkFoWB51hm1JTHMw	Jamie Principle	['chicago house', 'classic house']	[2017, 2018]	2	2
77DAFfvm3O9zT5dIoG0eIO	Kyla	['uk funky']	[2017, 2018, 2019, 2020, 2021, 2022]	2	2
0qTZZWLzuD59Un5r1speHm	Chris Jedi	['reggaeton', 'trap latino', 'urbano latino']	[2017, 2018]	2	2
37Qsf5KCKljH7mL134xp4k	Saudi	['south african hip hop']	[2018]	2	2
6t1gpxYbY8OlLA7D2RiikQ	Loud Luxury	['edm', 'pop dance']	[2018, 2019]	2	2
5uEeqYFuIChoWKy34jp8xE	Brando	['dance pop', 'pop dance']	[2018, 2019]	2	2
6beUvFUlKliUYJdLOXNj9C	King Princess	['alt z', 'indie pop', 'nyc pop']	[2018, 2019]	2	1
0bdJZl7TDeiymDYzMJnVh2	Preme	['canadian hip hop', 'canadian trap', 'toronto rap']	[2018, 2019]	2	2
0399oiMcmbOzzsYQDNYqxn	Problem	['hyphy', 'trap', 'west coast trap']	[2018, 2020]	2	2
4ScCswdRlyA23odg9thgIO	Jess Glynne	['pop', 'uk pop']	[2018]	2	1
4S9EykWXhStSc15wEx8QFK	Céline Dion	['canadian pop']	[2018, 2019]	2	0
52lBOxCxbJg0ttXEW9CQpW	Louis Prima	['adult standards', 'jump blues', 'lounge', 'swing', 'tin pan alley']	[2018]	2	2
3pbi8H08p95NUZ7m6ybxUV	Static Major	[]	[2018]	2	2
7JngWflkjFnNJSz07XLV2w	Emani 22	[]	[2018]	2	2
6XpXnnKHIhCOUbOLOJGe6o	REASON	['indie hip hop', 'underground hip hop']	[2018, 2019]	2	2
3kv1Edgn5HlEWCuEKr1Y9x	Yugen Blakrok	['south african hip hop', 'spiritual hip hop']	[2018]	2	2
07ZhipyrvoyNoJejeyM0PQ	Higher Brothers	['chinese hip hop']	[2018]	2	2
2iB8eFB6flwQculkUrRssi	AUGUST 08	['la pop', 'r&b']	[2018]	2	2
3OsRAKCvk37zwYcnzRf5XF	Moby	['downtempo', 'electronica']	[2018]	2	2
1KP6TWI40m7p3QBTU6u2xo	BØRNS	['indie poptimism', 'indietronica', 'modern alternative rock', 'modern rock', 'pov: indie']	[2018, 2020, 2021, 2022]	2	1
5ChF3i92IPZHduM7jN3dpg	Nicky Romero	['big room', 'dutch edm', 'dutch house', 'edm', 'electro house', 'pop dance', 'progressive electro house']	[2018]	2	2
6X8WdFjrNhXATMDSs26aCc	Curren$y	['dirty south rap', 'new orleans rap', 'rap', 'southern hip hop']	[2018, 2020]	2	2
3jfVtv9mWfW0c5b3Fx440e	Babes Wodumo	['afro soul', 'gqom', 'south african pop']	[2018]	2	2
0tmwSHipWxN12fsoLcFU3B	Manuel Turizo	['colombian pop', 'reggaeton', 'reggaeton colombiano', 'trap latino', 'urbano latino']	[2018]	2	2
2VYQTNDsvvKN9wmU5W7xpj	Marilyn Manson	['alternative metal', 'hard rock', 'industrial', 'industrial metal', 'industrial rock', 'nu metal', 'post-grunge', 'rock']	[2018, 2019, 2020]	2	0
0haZhu4fFKt0Ag94kZDiz2	Sofía Reyes	['latin pop', 'latin viral pop', 'mexican pop', 'reggaeton']	[2018, 2019]	2	2
4N8BwYTEC6XqykGvXXlmfv	George Benson	['jazz funk', 'jazz guitar', 'smooth jazz', 'soul jazz', 'yacht rock']	[2018]	2	2
0eHQ9o50hj6ZDNBt6Ys1sD	Yandel	['latin hip hop', 'reggaeton', 'trap latino', 'urbano latino']	[2018, 2020]	2	2
0tRFWXqKBBQcu5oFVOgVzX	Jaira Burns	['alt z']	[2018, 2020]	2	2
4we5S2VLjgY9KzIzApL1KI	Ryan Tedder	[]	[2018]	2	2
6FD0unjzGQhX3b6eMccMJe	Ghostface Killah	['east coast hip hop', 'hardcore hip hop']	[2018, 2019]	2	2
5vSQUyT33qxr1xAX2Tkf3A	Clams Casino	['cloud rap', 'experimental hip hop', 'instrumental hip hop', 'psychedelic hip hop', 'wonky']	[2018]	2	2
7EQ0qTo7fWT7DPxmxtSYEc	Bastille	['metropopolis', 'modern rock', 'pop']	[2018, 2019, 2020, 2021]	2	1
3EWxytcxaM0tksU6v3je2Q	kiLL edward	[]	[2018]	2	2
5G0rFFvPHNS5lZ7abaxNXT	Duke	[]	[2018]	2	2
6RY7kT6PGGzAA3TG3s4Qmp	Karlae	['trap queen']	[2018, 2021]	2	2
6WkUZyqghQei2G809wMKuZ	Yung Bans	['cloud rap', 'plugg', 'trap', 'underground hip hop']	[2018]	2	2
4cmA2QDPdzh8W2ytpyUGes	Young Scooter	['atl trap', 'drill', 'trap']	[2018]	2	2
1CO6e7WRJvSFenmQO8n64C	Zhavia	['post-teen pop']	[2018, 2019]	2	2
6sqZoZxe9BQwk7Zxh6STfF	Kadhja Bonet	['alternative r&b', 'indie soul', 'psychedelic soul']	[2018, 2020]	2	2
2oQX8QiMXOyuqbcZEFsZfm	El Alfa	['dembow', 'rap dominicano', 'reggaeton', 'trap latino', 'urbano latino']	[2018, 2019]	2	2
3nViOFa3kZW8OMSNOzwr98	Queen Naija	['r&b']	[2018]	2	1
7Io0XduXk7aOHFHA7sLru2	Bonn	['swedish pop']	[2018, 2019]	2	2
2X97ZAqRKRMYFIDqtvGgGc	Silk City	['edm']	[2018, 2021]	2	2
4mHAu7NX2UNsnGXjviBD9e	Brooks	['dutch house', 'edm', 'electro house', 'future house', 'pop dance', 'pop edm', 'progressive electro house']	[2018, 2019]	2	2
23DYJsw4uSCguIqiTIDtcN	Southside	['atl hip hop', 'atl trap']	[2018, 2020]	2	2
3EOEK57CV77D4ovYVcmiyt	Dennis Lloyd	['israeli pop']	[2018, 2019]	2	0
0hYxQe3AK5jBPCr5MumLHD	Sugarland	['contemporary country', 'country', 'country dawn', 'country road']	[2018]	2	2
0YrtvWJMgSdVrk3SfNjTbx	Death Cab for Cutie	['alternative rock', 'chamber pop', 'indie rock', 'indietronica', 'modern rock', 'seattle indie', 'washington indie']	[2018, 2019]	2	1
1jIVEaq8GmqMYb8nFNAZgb	Seezyn	['cincinnati rap']	[2018, 2019]	2	2
0gg11prPP6OqtUvBcKnPpq	Rylo Rodriguez	['alabama rap', 'atl trap', 'memphis hip hop', 'tennessee hip hop']	[2018, 2020]	2	2
40LHVA5BTQp9RxHOQ9JPYj	Lauren Daigle	['ccm', 'christian alternative rock', 'christian music']	[2018, 2019]	2	0
4bL2B6hmLlMWnUEZnorEtG	Felix Jaehn	['edm', 'german dance', 'pop dance', 'tropical house']	[2018, 2019]	2	2
1WMwuNKzEFtU6pPkdtryYS	Kendo Kaponi	[]	[2020]	2	2
13ZEDW6vyBF12HYcZRr4EV	Tyler Childers	['kentucky indie', 'kentucky roots', 'outlaw country']	[2019, 2020]	2	0
25IG9fa7cbdmCIy3OnuH57	The Chicks	['contemporary country', 'country', 'country dawn']	[2019, 2020]	2	1
1jKpNUjiz4KXgaAZD5FI9S	Zack De La Rocha	['industrial hip hop', 'political hip hop']	[2020]	2	2
3QTDHixorJelOLxoxcjqGx	SiR	['alternative r&b', 'la pop']	[2019, 2020]	2	2
0KKUc4amZyvswV2YL6WTar	Mariah Angeliq	['rap latina', 'trap latino', 'urbano latino']	[2020, 2021]	2	2
0Cp8WN4V8Tu4QJQwCN5Md4	BENEE	['alt z', 'nz pop']	[2020]	2	2
6Gk5hoM7eW8NSCYhICMDHw	Zak Abel	['uk contemporary r&b']	[2020]	2	2
1thbOfXak53dM1Xabq3pmb	Delacey	['modern alternative pop']	[2020]	2	2
3lPQ2Fk5JOwGWAF3ORFCqH	John Mellencamp	['album rock', 'classic rock', 'country rock', 'folk rock', 'hard rock', 'heartland rock', 'mellow gold', 'rock', 'singer-songwriter', 'soft rock']	[2019, 2020, 2021]	2	0
28AyklUmMECPwdfo8NEsV0	Jimmy Buffett	['trop rock']	[2020, 2021]	2	1
7MPGCB854Qo4alYMOPkBka	Ritt Momney	['bedroom pop']	[2020, 2021]	2	0
6USMTwO0MNDnKte5a5h0xx	Y2K	['pop rap', 'viral rap']	[2019, 2020]	2	2
0ceH34CATvfgphxnLRWFkm	9lokknine	['florida drill', 'florida rap']	[2019, 2020]	2	2
2eqoJbzUGDwys5ENUkbT3h	J.I the Prince of N.Y	['nyc rap']	[2020]	2	1
2auC28zjQyVTsiZKNgPRGs	RM	['k-rap']	[2019, 2020]	2	2
0ffoIkovMbaG01Y6U2jyAS	Andrew Andraos	[]	[2020]	2	1
5KYEMMz9O9iLIESifKAEOp	WhoHeem	['viral rap']	[2020]	2	0
5VJN4jB6PqqEg4kJiAj6Eu	Renée Elise Goldsberry	['broadway', 'show tunes']	[2020]	2	2
5kmRNFOl1XO1JHS76Zoe7j	NO1-NOAH	['trap soul']	[2020]	2	2
3jk39CGeaaSO3FPKNx1RUx	Syd	['alternative r&b', 'lgbtq+ hip hop']	[2020]	2	2
12vb80Km0Ew53ABfJOepVz	Ñengo Flow	['reggaeton', 'trap latino', 'urbano latino']	[2020]	2	2
4tw2Lmn9tTPUv7Gy7mVPI4	Kenny Rogers	['classic country pop', 'country', 'nashville sound']	[2020]	2	1
5yN0nwLpUCaZ2gr67bndCN	Amanda Shires	['alternative country', 'folk', 'new americana']	[2020]	2	2
3O5HD95HTEPgoPFOjAb7yV	DripReport	['viral rap']	[2020]	2	0
0TkqXdyWLsssJH7okthMPQ	Jay Electronica	['alternative hip hop', 'conscious hip hop', 'drumless hip hop', 'hip hop', 'psychedelic hip hop']	[2020]	2	1
4iMO20EPodreIaEl8qW66y	Still Woozy	['bedroom pop', 'oakland indie', 'pov: indie']	[2020, 2021]	2	0
1YfEcTuGvBQ8xSD1f53UnK	Busta Rhymes	['east coast hip hop', 'hardcore hip hop', 'hip hop', 'pop rap', 'rap']	[2020]	2	2
1WsYCXdezMjn0KoIrLvMmC	Ed Sheeran & Justin Bieber	[]	[2019, 2020, 2021]	2	2
1GKIlPFdcewHtpDVCQ8zmJ	Brray	['reggaeton', 'reggaeton flow', 'trap latino', 'urbano latino']	[2020]	2	2
3Wb38LDP3N4tkobValgE9D	Juanka	['reggaeton', 'reggaeton flow', 'trap latino', 'urbano latino']	[2020]	2	2
0DO5d7KMv6Gn1mIbDhlyUf	Nechie	['atl trap']	[2020, 2022]	2	2
5pyVHz7lcfqKoV9BflFYwN	Jameson Rodgers	['contemporary country', 'country pop', 'modern country pop', 'modern country rock']	[2020]	2	1
5jJjvmEwRr8epuGZq4eUUa	BRS Kash	['viral rap']	[2020, 2021]	2	1
3KNIG74xSTc3dj0TRy7pGX	Yung Bleu	['alabama rap', 'trap']	[2020, 2021, 2022]	2	2
2gBjLmx6zQnFGQJCAQpRgw	Nelly	['dance pop', 'gangster rap', 'hip hop', 'pop rap', 'rap', 'st louis rap', 'urban contemporary']	[2020, 2021]	2	2
0czJqnJDu3vWrLHmsbLunu	The Muppets	"['cartoon', ""children's music""]"	[2019, 2020, 2021]	2	2
1EpyA68dKpjf7jXmQL88Hy	Noname	['alternative r&b', 'chicago rap']	[2019, 2020]	2	1
3hW32KeOLuIyDVnucuLhpR	Prxxy	[]	[2020]	2	0
2e7a6ZMxkwltCzbxHq8b3t	NextYoungin	['viral rap']	[2020]	2	2
2u1aL8XADqj0nJFHMKRjNw	ppcocaine	['viral rap']	[2020]	2	2
3r1XkJ7vCs8kHBSzGvPLdP	slowthai	['uk alternative hip hop', 'uk hip hop']	[2020]	2	2
75WcpJKWXBV3o3cfluWapK	Lute	['indie hip hop', 'north carolina hip hop', 'underground hip hop']	[2019, 2020]	2	2
0bBz5bRBkExaej2HxtVfCw	347aidan	['sad rap']	[2020]	2	0
1WgXqy2Dd70QQOU7Ay074N	AURORA	['art pop', 'norwegian pop']	[2019, 2020, 2021]	2	1
5fmvGUlMVgmnCn45f1he7d	Andrew Gold	['underground power pop']	[2020, 2021]	2	0
6P5NO5hzJbuOqSdyPB7SJM	Ashe	['alt z']	[2020, 2021]	2	1
0Q8NcsJwoCbZOHHW63su5S	Mora	['trap latino', 'urbano latino']	[2020, 2021]	2	2
25NQNriVT2YbSW80ILRWJa	Faith Hill	['contemporary country', 'country', 'country dawn', 'country road']	[2020, 2021]	2	1
5TM9R6dNoJSMq23yZQD6Ee	Don Q	['nyc rap']	[2020]	2	2
3IaKn0ExWTMPqa0mscUYw3	Only The Family	['chicago rap']	[2020, 2021]	2	2
0UcXjTpzt0DmIwPSNwlJfF	jetsonmade	[]	[2020]	2	2
5eAWCfyUhZtHHtBdNk56l1	System Of A Down	['alternative metal', 'nu metal', 'rap metal', 'rock']	[2020]	2	0
0SNzlwOGBLhCMZPN2ZKzna	Trap Manny	['new york drill']	[2020]	2	2
2jw70GZXlAI8QzWeY2bgRc	Nelly Furtado	['canadian latin', 'canadian pop', 'dance pop', 'pop']	[2020, 2021, 2022]	2	1
5Matrg5du62bXwer29cU5T	Benny The Butcher	['alternative hip hop', 'boom bap', 'buffalo hip hop', 'hip hop', 'upstate ny rap']	[2020, 2022]	2	2
46HzS7yz0c9udVwtbHk1sx	Cochise	['plugg', 'pluggnb', 'rage rap']	[2020, 2021, 2022]	2	1
6L1XC7NrmgWRlwAeLJvVtA	Sam Fischer	['australian pop', 'singer-songwriter pop']	[2020, 2021]	2	1
4frXpPxQQZwbCu3eTGnZEw	Thundercat	['afrofuturism', 'indie soul']	[2020, 2021]	2	2
6GEykX11lQqp92UVOQQCC7	DJ Premier	['east coast hip hop', 'instrumental hip hop', 'jazz boom bap', 'turntablism']	[2020]	2	2
4TvhRzxIL1le2PWCeUqxQw	The Blessed Madonna	[]	[2020]	2	2
6I3M904Y9IwgDjrQ9pANiB	Kenny G	['smooth jazz', 'smooth saxophone']	[2019, 2020]	2	2
07d5etnpjriczFBB8pxmRe	BJ The Chicago Kid	['alternative r&b', 'chicago rap']	[2019, 2020]	2	2
3DKkhRCGOG4e8IUPYFPfWs	Dixie	['social media pop']	[2020]	2	1
6CxZzQFUTM6AzgluGwtq5w	Charlie Wilson	['contemporary r&b', 'r&b', 'urban contemporary']	[2020, 2021]	2	2
6Y64EaNqpqcZYTgs4c76gF	jxdn	['pop punk']	[2020, 2021]	2	1
2o08sCWF5yyo2G4DCiT7T9	HVME	['slap house']	[2020, 2021]	2	1
79KQgTCu4wV38ECYKn62DZ	White Gold	[]	[2020]	2	2
4ULO7IGI3M2bo0Ap7B9h8a	Teyana Taylor	['alternative r&b', 'hip pop', 'r&b', 'urban contemporary']	[2019, 2020]	2	2
5bgfj5zUoWpyeVatGDjn6H	K CAMP	['atl hip hop', 'melodic rap', 'southern hip hop', 'trap']	[2020]	2	1
4jpsw9CQS439N0B7SecMgf	Ant Saunders	['chill r&b', 'viral rap']	[2019, 2020]	2	0
41qil2VaGbD194gaEcmmyx	Will Smith	['hip hop', 'pop rap']	[2019, 2020]	2	2
1QfpRUtH14JLoY6F6AYmwt	The Rare Occasions	['la indie']	[2021, 2022]	2	0
7oPxPZSk7y5q0fhzpmX5Gi	SEB	[]	[2021]	2	0
4U42VXNV8JxPv4ukX34RkA	townhall	[]	[2021]	2	0
027TpXKGwdXP7iwbjUSpV8	The Walters	['chicago indie', 'pov: indie']	[2021, 2022]	2	0
26cMerAxjx9GedFt0lMDjm	Bella Poarch	['modern alternative pop']	[2021]	2	1
6n28c9qs9hNGriNa72b26u	PNAU	['alternative dance', 'aussietronica', 'australian dance', 'australian electropop']	[2021, 2022]	2	2
2Go6wC0GsnkVeRoVwh8rqX	Olga Merediz	[]	[2021, 2022]	2	2
24zj84GShUIcBQYq6VpOYW	Duke Deuce	['memphis hip hop']	[2021]	2	2
2VSHKHBTiXWplO8lxcnUC9	GAYLE	['modern alternative pop']	[2021, 2022]	2	0
7EWU4FhUJM1sZQgQKdENeT	Hopsin	['conscious hip hop']	[2021]	2	2
6UBA15slIuadJ8h2lPRPos	Tech N9ne	['kansas city hip hop']	[2021]	2	2
3jAZsSIIA8HLjxR99biJyx	Cico P	['pop rap']	[2021]	2	0
4GGfAshSkqoxpZdoaHm7ky	ERNEST	['modern country pop']	[2021, 2022]	2	2
1h6Cn3P4NGzXbaXidqURXs	Swedish House Mafia	['edm', 'pop dance', 'progressive electro house']	[2021, 2022]	2	2
1es66fgd1orsO07SSH5VNx	DJ Many	[]	[2021]	2	2
5ZEAzHE2TzAwUcOj6jMIgf	Donny Osmond	['bubblegum pop', 'movie tunes']	[2021]	2	2
4E2rKHVDssGJm2SCDOMMJB	Doechii	['alternative r&b']	[2021]	2	2
2TYRz7cFNZNPLUWRijsJNL	Kal Banx	[]	[2021]	2	2
7gSjFKpVmDgC2MMsnN8CYq	Jazmine Sullivan	['neo soul', 'r&b', 'urban contemporary']	[2021]	2	2
1DxLCyH42yaHKGK3cl5bvG	Maria Becerra	['pop argentino']	[2021]	2	2
2aoFQUeHD1U7pL098lRsDU	Madvillain	['abstract hip hop', 'alternative hip hop', 'hip hop', 'psychedelic hip hop']	[2021]	2	2
5LhTec3c7dcqBvpLRWbMcf	Madlib	['abstract hip hop', 'alternative hip hop', 'hip hop', 'instrumental hip hop', 'psychedelic hip hop']	[2021]	2	2
072QZuLtCqlAesYnOGY7lN	Tiny Meat Gang	['meme rap']	[2019, 2021]	2	2
35R1B97CfrqKFFI3QBkTDx	RealestK	[]	[2021]	2	0
0n6sKrG0xKAf8xmdqeNGke	Los Legendarios	[]	[2021]	2	2
28gNT5KBp7IjEOQoevXf9N	Camilo	['colombian pop', 'latin pop', 'reggaeton colombiano']	[2021]	2	2
7e1ICztHM2Sc4JNLxeMXYl	dvsn	['canadian contemporary r&b', 'r&b']	[2021]	2	2
048LktY5zMnakWq7PTtFrz	CKay	['afro r&b', 'afrobeats']	[2021, 2022]	2	1
7pwufEBGfggjoI8twqlsmQ	Nessa Barrett	['social media pop']	[2021]	2	1
4vdAAzZBUKbsrvHi6UR7B7	Jessica Darrow	['movie tunes']	[2021, 2022]	2	0
18MFcGBHtyW0mU3ufcm0X1	Diane Guerrero	['movie tunes']	[2021, 2022]	2	2
0SwO7SWeDHJijQ3XNS7xEE	MGMT	['alternative rock', 'indie rock', 'indietronica', 'modern rock', 'rock']	[2021, 2022]	2	1
3eVa5w3URK5duf6eyVDbu9	ROSÉ	['k-pop']	[2021]	2	0
6FugQjLquBF4JzATRN70bR	Yot Club	['bedroom pop']	[2021, 2022]	2	0
7cYEt1pqMgXJdq00hAwVpT	Chase Atlantic	['alternative r&b']	[2021, 2022]	2	0
2Mu5NfyYm8n5iTomuKAEHl	Ms. Lauryn Hill	['alternative r&b', 'conscious hip hop', 'hip hop', 'neo soul', 'new jersey rap', 'r&b', 'soul']	[2019, 2021]	2	2
7lDVEkjIURPMyUYwoQRrpw	Ryan Hurd	['contemporary country', 'country road', 'modern country rock']	[2021]	2	2
4jCIAMb0zEArF3GYEYzoDk	Joy Again	['indie garage rock', 'pov: indie']	[2021, 2022]	2	0
1W4itxt3vwhmrgLEBuVHJ6	Vundabar	['boston indie', 'indie garage rock', 'pov: indie']	[2021, 2022]	2	0
08PvCOlef4xdOr20jFSTPd	Flo Milli	['viral rap']	[2021]	2	2
1gl0S9pS0Zw0qfa14rDD3D	Surf Curse	['dreamo', 'indie surf', 'pov: indie', 'surf punk', 'vegas indie']	[2021, 2022]	2	0
2SXhbucehn00OBVKhzxDyM	Erica Banks	['trap queen']	[2021]	2	0
3kft86DbqCNr7rjq3pEj0G	Sarah Cothran	['gen z singer-songwriter']	[2021]	2	0
0OO76E5lRfeyBI3fkA73Dr	siouxxie sixxsta	['glitchcore', 'hyperpop', 'sped up']	[2021]	2	0
1FtBEIWAwvw5ymBen5GICR	Chlöe	[]	[2021, 2022]	2	1
21UPYSRWFKwtqvSAnFnSvS	Amaarae	['afro r&b', 'afrobeats', 'alternative r&b', 'ghanaian alternative', 'ghanaian pop']	[2021, 2022]	2	2
2hVWBpjLW4Q7fboYz2pVYK	Moliy	['ghanaian alternative']	[2021, 2022]	2	2
04vj3iPUiVh5melWr0w3xT	Christine and the Queens	['art pop', 'electro-pop francais', 'metropopolis', 'shimmer pop']	[2019, 2021]	2	2
2yLzlEFtIS0Q9UkyBZdQA7	Jessie Murph	['alt z', 'singer-songwriter pop']	[2021, 2022]	2	0
4b19vuzlDcNdU4quI7L6sW	ElyOtto	['hyperpop', 'weirdcore']	[2021]	2	0
5ooSG9S0glqP5ZrqqaHBvT	James Fauntleroy	[]	[2019, 2021]	2	2
12j6dJrPXanCBwY599pZxf	Matt Maltese	['indie anthem-folk', 'indie pop', 'pov: indie']	[2021]	2	0
5OSQDUNmll299ldFIF1Dau	Trans-Siberian Orchestra	['neo classical metal', 'progressive metal']	[2021]	2	0
0Y6dVaC9DZtPNH4591M42W	TV Girl	['pov: indie']	[2021, 2022]	2	0
3Y2MLcrD3ZQXRXmtn4fZQx	SpotemGottem	['florida drill', 'florida rap']	[2021]	2	2
74V3dE1a51skRkdII8y2C6	André 3000	['atl hip hop', 'dirty south rap', 'hip hop', 'southern hip hop']	[2019, 2021]	2	2
2EnD37GNRe2REqHBKqMnZQ	Bslime	['atl trap']	[2021]	2	2
2NdeV5rLm47xAvogXrYhJX	Ciara	['dance pop', 'hip pop', 'pop', 'r&b', 'urban contemporary']	[2021]	2	2
4ofCBoyEiGSePFAG500xev	Regard	['pop dance', 'pop edm', 'slap house', 'uk dance']	[2019, 2021]	2	1
57nPqD7z62gDdq37US9XJR	Arcane	[]	[2021, 2022]	2	2
56OjNTX2bkrdGcB0staUOV	A-Wall	['bedroom pop']	[2021]	2	0
72kqSqk124Vnl1wtT6q9Fh	Adassa	['movie tunes']	[2021, 2022]	2	2
1qto4hHid1P71emI6Fd8xi	Aventura	['bachata', 'bachata dominicana', 'latin hip hop', 'latin pop', 'tropical', 'urbano latino']	[2019, 2021, 2022]	2	1
4dSQICBjdUIp5iK6RRU2bY	Josh Gad	['movie tunes', 'show tunes']	[2019]	2	1
05oH07COxkXKIMt6mIPRee	Brandy	['contemporary r&b', 'dance pop', 'hip pop', 'r&b', 'urban contemporary']	[2019]	2	2
1MIVXf74SZHmTIp4V4paH4	Mabel	['pop', 'uk pop']	[2019]	2	0
3yzRiNMZdTsSUgplcyYZ4i	Blanco Brown	['black americana', 'country rap']	[2019]	2	0
3bnpcWBcvlfq4hPFJjNPbz	SAFE	['canadian hip hop']	[2019]	2	2
7gWumE1wMALHXANLSIt054	Dreezy	['chicago rap', 'drill', 'trap queen']	[2019]	2	2
5am174Lmun3hIziU9H2p7H	Chris King	[]	[2019]	2	2
5mYakBbBzPMQTfkVMIgiDM	Georgia Ku	['uk pop']	[2019]	2	2
20gsENnposVs2I4rQ5kvrf	Sam Feldt	['edm', 'pop dance', 'tropical house']	[2019]	2	2
3SYnDj7btg9gFY7ps8m5d5	RANI	['dutch pop']	[2019]	2	2
3vQ0GE3mI0dAaxIMYe5g7z	Paulo Londra	['argentine hip hop', 'trap argentino', 'trap latino', 'urbano latino']	[2019]	2	1
028lPW2NdWHdSPCkRkcyhd	Ant Clemons	[]	[2019]	2	2
0vaKiuLwFJLVU664A8GTjE	Jace	['deep underground hip hop']	[2019]	2	2
4NiJW4q9ichVqL1aUsgGAN	A Day To Remember	['alternative metal', 'metalcore', 'pop punk', 'screamo']	[2019]	2	2
5bWUlnPx9OYKsLiUJrhCA1	Jon Z	['reggaeton', 'trap latino', 'urbano latino']	[2019]	2	2
6SsTlCsuCYleNza6xGwynu	Agnes	['swedish electropop', 'swedish idol pop', 'swedish pop']	[2019]	2	2
22JdJVovP3pV9XkGTih01c	Game of Thrones	[]	[2019]	2	2
3s8alQfNnY0roAHaJh7Xxt	Dom Kennedy	['soul flow', 'underground hip hop']	[2019]	2	2
2BM933ADIluGGrPBOhPgIt	SiM	['japanese metalcore', 'japanese screamo']	[2022]	2	0
1Z25ZlGHqqlr3o1UGQOfNn	JNR CHOI	['gambian hip hop']	[2022]	2	1
79AyR6ATpj2LTPxfb6FX50	Lauren Spencer Smith	['alt z', 'gen z singer-songwriter']	[2022]	2	0
2rAnv6brcXaglLZBB4XXEn	Nigo	[]	[2022]	2	2
3hPPNy5OBzCU1icQO7Nrok	99 Percent	[]	[2017]	1	1
6KZDXtSj0SzGOV705nNeh3	Kid Ink	['pop rap', 'rap', 'southern hip hop', 'trap']	[2017]	1	1
7wjeXCtRND2ZdKfMJFu6JC	Louane	['french pop']	[2017]	1	1
5mnS9jJdKQQcRSqFu5YPVe	Auli'i Cravalho	['movie tunes']	[2017]	1	0
1Dn88PoQjnQgLTOaokePFz	Bright Sparks	[]	[2017]	1	1
0iHb0mCbqZTYeb4y9Pirrd	Temple Of The Dog	['alternative metal', 'alternative rock', 'grunge', 'hard rock', 'nu metal', 'rock', 'supergroup']	[2017]	1	0
5X9N1eM5gI3riDXDdk4GPC	Hazers	['uk dance']	[2017]	1	0
7C3Cbtr2PkH2l4tOGhtCsk	Shallou	['electropop', 'indie electropop']	[2017]	1	1
3IxDETkXytMePFoyf7PYWQ	Wales	['vapor pop']	[2017]	1	1
274Zv9BvaCEoGmrosqHTDF	Flames	['greek metal', 'old school thrash']	[2017]	1	1
1B0Rp4SWGnFgGCPU5Pju6E	Nego do Borel	['funk carioca', 'funk das antigas', 'funk ostentacao', 'funk pop', 'sertanejo universitario']	[2017, 2018]	1	1
36eSjIksD6fehqxyDUHDA3	Chris Rock	['black comedy', 'comedy']	[2017]	1	1
5X4LWwbUFNzPkEas04uU82	DVBBS	['canadian electronic', 'dutch house', 'edm', 'electro house', 'pop dance', 'progressive electro house', 'slap house']	[2017]	1	1
78DWNk8gFHU30TGITAgbM7	CMC$	['pop edm', 'vapor twitch']	[2017]	1	1
71WExccCBN2mw0klSzfYzz	Gia Koka	[]	[2017]	1	1
19Fi1Rj7kk8kyiwxpXy3yM	August Alsina	['pop rap', 'r&b', 'southern hip hop', 'trap', 'urban contemporary']	[2017]	1	0
5338fdSzGNOFD4cxAxDTeq	Aaron Carter	['post-teen pop']	[2017]	1	0
2mxe0TnaNL039ysAj51xPQ	R. Kelly	[]	[2017, 2018]	1	0
1PbBg2aYjWLKRk84zJK15x	Echosmith	['electropop', 'indie poptimism', 'viral pop']	[2017]	1	0
1VKWlHqcqwmU9CGKkJR09R	Nedarb	['cloud rap']	[2017]	1	1
4kI8Ie27vjvonwaB2ePh8T	Portugal. The Man	['indie rock', 'indietronica', 'modern alternative rock', 'modern rock']	[2017, 2018, 2019, 2020, 2021]	1	0
4gvkdged3Xw3ImXFm3jiay	Juliander	['swedish pop']	[2017, 2018]	1	1
7jefIIksOi1EazgRTfW2Pk	Electric Light Orchestra	['album rock', 'art rock', 'beatlesque', 'classic rock', 'glam rock', 'mellow gold', 'rock', 'soft rock', 'symphonic rock']	[2017]	1	0
3wjsrpfO6odEphTZWx45RQ	Hearts & Colors	[]	[2017]	1	1
5M2y5A6d5QZjw9JeKClagC	Andrelli	['swedish pop']	[2017]	1	1
7mDU6nMUJnOSY2Hkjz5oqM	Roy Woods	['canadian contemporary r&b', 'canadian hip hop', 'trap soul']	[2017]	1	1
4qivGtDBIkQFLCeduRpi24	Rhett Akins	['contemporary country', 'country', 'country road']	[2017]	1	1
0CkbPVBpOwwz9NPPglFKyq	RAY BLK	['alternative r&b', 'electra', 'uk contemporary r&b']	[2017]	1	1
7KMqksf0UMdyA0UCf4R3ux	James Blunt	['neo mellow', 'pop rock']	[2017]	1	1
4TrraAsitQKl821DQY42cZ	Sigrid	['norwegian pop']	[2017]	1	0
3eXSznGfQxOSL8TGWUiV08	Friyie	['canadian hip hop']	[2017]	1	0
4XqfpACObRB5AsBcUYjL8X	MC Eiht	['g funk', 'west coast rap']	[2017, 2022]	1	1
1QDrz3DMMaz3TB1cm0PGDu	Justin Jesso	['singer-songwriter pop']	[2017, 2018]	1	1
4D75GcNG95ebPtNvoNVXhz	AFROJACK	['big room', 'dance pop', 'dutch house', 'edm', 'electro house', 'pop dance', 'progressive electro house']	[2017]	1	1
5psTfOBPmc8UquYcnS22KE	Pink	[]	[2017]	1	1
1qskAseW7apRxJBpYAO9Yk	Felix Snow	[]	[2017]	1	1
09BrKhoBYOu5vHVkBZ5U5X	The Flint Chozen Choir	[]	[2017]	1	1
6DpWtzfwV8fcwP6fXckDVu	Starrah	['hyperpop francais']	[2017]	1	1
2QSPrJfYeRXaltEEiriXN9	Tove Styrke	['electropop', 'swedish electropop', 'swedish pop', 'swedish synthpop']	[2017]	1	0
29QbBR0oTzA7A0kiOzrbbr	Jamie Scott	['uk pop']	[2017, 2018]	1	1
5gWzmnHTLNXz5CjOc0wAuK	Romy Dya	['dutch pop']	[2017, 2018]	1	1
2wzMOQwNT6ZvVB4amvhFAH	The Pogues	['celtic punk', 'celtic rock', 'folk punk', 'punk']	[2017, 2018, 2019, 2020, 2021]	1	1
6UlNIFEuWlBqb4TvlVCekq	Kirsty MacColl	['new wave pop']	[2017, 2018, 2019, 2020, 2021]	1	1
1XLjkBxFokuDTlHt0mQkRe	Thomas Gold	['big room', 'dutch house', 'edm', 'electro house', 'german techno', 'pop dance', 'progressive electro house', 'progressive house']	[2017]	1	1
6ctgu4FFlnNhMgrKiIzCxp	Jillian Edwards	['acoustic pop', 'indiecoustica']	[2017]	1	1
56xTxG4nQMAs1GW9kvn0uA	Wanz	[]	[2017]	1	1
1V3VTM7VspiQjcmRhC010n	Quintino	['dutch edm', 'dutch house', 'edm', 'electro house', 'pop dance', 'progressive electro house', 'slap house']	[2017]	1	1
716ZwtZBmwROBXcFmCzfdM	Andrew McMahon in the Wilderness	['hopebeat', 'indie poptimism', 'piano rock']	[2017]	1	0
5luyt0SUvGkDMY4ILP6Qhl	Descemer Bueno	['cubaton']	[2017]	1	1
6kXm2YCtdUOpRYNKeKhfue	Ryan Gosling	['hollywood']	[2017]	1	1
23LbwefIODbyGdRbAz3urj	Yung Joc	['atl hip hop', 'crunk', 'dirty south rap', 'southern hip hop', 'trap']	[2017]	1	1
0v2oB2xMS64U3lcU5DFuCY	Peven Everett	['broken beat', 'chicago house', 'deep house']	[2017]	1	1
69UfPJgUmFFAVT740qGVZi	Ken Darby Singers	[]	[2017, 2018, 2019, 2020, 2021]	1	1
735L650pvygCZZlPMyHqsN	John Scott Trotter & His Orchestra	['light music']	[2017, 2018, 2019, 2020, 2021]	1	1
5lXfVoQxVgC5fpjkVqvNYn	Isaiah Firebrace	['australian pop']	[2017]	1	0
0NGAZxHanS9e0iNHpR8f2W	Alok	['electro house', 'pop nacional', 'sertanejo universitario', 'slap house']	[2017]	1	1
5veVxxPm1vzgi6pO2iVA8L	Bruno Martini	['pop nacional']	[2017]	1	1
7qPLO2XOUaRrRxkvLZ3AEK	Zeeba	[]	[2017]	1	1
5schNIzWdI9gJ1QRK8SBnc	Ben Howard	['british singer-songwriter', 'folk-pop']	[2017]	1	0
15NtJjjHRFybdNSMyM9smT	Nevada	[]	[2017]	1	1
0EgUow5z0SXVA9lunNSB1q	Verse Simmonds	['pop r&b']	[2017]	1	1
5TLQArskPwpPQULjjE2tsW	Alex Lacamoire	[]	[2017]	1	1
5lVYBJYVtzSu6YH7vlMuhU	Ana Villafañe	[]	[2017]	1	1
4cS0IGoIwn4vOj3uzkiOrK	Artists for Puerto Rico	[]	[2017]	1	1
2CQAfzpwwaMxj3YNlb4Gbj	Dessa	['abstract hip hop', 'hip pop', 'minnesota hip hop']	[2017]	1	1
1Lvrnoz3ZKzzrBuZ446e6P	Ednita Nazario	['latin arena pop', 'latin pop', 'puerto rican pop']	[2017]	1	1
3ScY9CQxNLQei8Umvpx5g6	Fat Joe	['bronx hip hop', 'dirty south rap', 'east coast hip hop', 'gangster rap', 'hardcore hip hop', 'hip hop', 'pop rap', 'rap', 'trap']	[2017]	1	1
27vNK840zYq6IfDijHPsv1	Gilberto Santa Rosa	['salsa', 'salsa puertorriquena', 'tropical']	[2017]	1	1
5oC6sik8OGWHW5k4cdnEca	Gina Rodriguez	[]	[2017]	1	1
5IFCkqu9J6xdWeYMk5I889	Gloria Estefan	['new wave pop']	[2017]	1	1
2DlGxzQSjYe5N6G9nkYghR	Jennifer Lopez	['dance pop', 'pop', 'urban contemporary']	[2017]	1	1
3nlpTZci9O5W8RsNoNH559	Juan Luis Guerra 4.40	['bachata', 'latin pop', 'tropical']	[2017]	1	1
4wLXwxDeWQ8mtUIRPxGiD6	Marc Anthony	['latin pop', 'modern salsa', 'salsa', 'tropical']	[2017]	1	1
0AdjzZxHJ4MfbImx2rD0Df	Pj Sin Suela	['puerto rican rock', 'reggae en espanol']	[2017]	1	1
0o8VXZhF492Z1bKBRFA9Q2	Rita Moreno	[]	[2017]	1	1
5BwMgvRwlq61SmknvsVIQj	Rubén Blades	['latin jazz', 'salsa', 'tipico', 'tropical']	[2017]	1	1
264nbMzGPSkDZqTY8nXwCG	Tommy Torres	['latin pop', 'puerto rican pop']	[2017]	1	1
0lzV2CiahHRiGd6qpADtPS	James Hersey	[]	[2017]	1	0
4isewEHTP7Az2QheDdBQ6J	24hrs	['trap soul']	[2017]	1	1
374sWpAJsbZckf98df2jJJ	Fuse ODG	['afrobeats', 'azonto']	[2017]	1	1
2FjkZT851ez950cyPjeYid	Bobby McFerrin	['a cappella']	[2017]	1	0
6e64nPdtxyICfh90RJukpg	Chicago Children's Choir	"['american choir', ""children's choir""]"	[2017]	1	1
3XRvpMCFnLf5pF3uiiuLfY	A$AP TyY	['nyc rap']	[2017]	1	1
1By9QBFnjZAoI83BZppHlt	Billy Currington	['contemporary country', 'country', 'country road']	[2017, 2018]	1	0
4UodukR17NIQfNu5uaqm9B	Jamila Woods	['afrofuturism', 'alternative r&b']	[2017]	1	1
44NX2ffIYHr6D4n7RaZF7A	Van Morrison	['classic rock', 'folk', 'folk rock', 'heartland rock', 'mellow gold', 'rock', 'singer-songwriter', 'soft rock']	[2017, 2018, 2019, 2020, 2021]	1	0
6dC0rIJNLSFZwqckLgXJ8p	Timeflies	['indie pop rap']	[2017]	1	1
7eCmccnRwPmRnWPw61x6jM	shy martin	['alt z', 'swedish electropop']	[2017]	1	1
7f35VZGDpomj11PXdNn5D9	Max B	[]	[2017]	1	1
2cQr2KbzdRtIFlfbHGnNsL	Ziv Zaifman	['show tunes']	[2017, 2018]	1	1
6lBN3Tzt61u8i9AJoAhKzF	Mykola Dmytrovych Leontovych	['post-romantic era', 'ukrainian classical']	[2017, 2018, 2019, 2020, 2021]	1	1
3dRfiJ2650SZu6GbydcHNb	John Williams	['orchestral soundtrack', 'soundtrack']	[2017, 2018, 2019, 2020, 2021]	1	1
6g0Wah2YFtb1rFgKhUktlo	Raphael Saadiq	['funk', 'neo soul', 'soul']	[2017]	1	1
4frDtYgwXXKkbyQzjOmJG5	The Crypt-Kickers	[]	[2017, 2018, 2019, 2020, 2021]	1	1
6f9bmfkqiYbhCtdAZsv7KI	Keith Ape	['korean trap', 'underground hip hop']	[2017, 2018]	1	1
1U0sIzpRtDkvu1hXXzxh60	Kelela	['afrofuturism', 'alternative r&b', 'escape room', 'experimental r&b']	[2017]	1	1
6roFdX1y5BYSbp60OTJWMd	Tim McGraw	['contemporary country', 'country', 'country road']	[2017]	1	1
0gadJ2b9A4SKsB1RFkBb66	Passenger	['folk-pop', 'neo mellow']	[2017]	1	0
07Y8trtAhW1FFUPqZYTosy	NexXthursday	['nyc rap', 'viral trap']	[2017]	1	1
27mFvqQj8KpjmdKIqcw1mG	Ayo & Teo	['trap', 'viral trap']	[2017]	1	0
2s0yxtiHiyGe6CY4mbDYFi	Remy Boyz	[]	[2017]	1	1
6roDXEmZ6AARdOUv6x5U2v	Felix Cartal	['canadian electronic', 'electro house', 'pop dance', 'pop edm']	[2017]	1	1
2WOMBqEsllg2ICn7D2L8ta	Jehnny Beth	[]	[2017]	1	1
5pnbUBPifNnlusY8kTBivi	Jadakiss	['battle rap', 'east coast hip hop', 'hardcore hip hop', 'trap']	[2017]	1	1
6KWcxMWVNVIYbdOQyJtsSy	The Platters	['adult standards', 'easy listening', 'rock-and-roll', 'rockabilly']	[2017, 2018, 2019, 2020]	1	0
0XHiH53dHrvbwfjYM7en7I	Chris Cornell	['alternative metal', 'alternative rock', 'grunge', 'hard rock', 'nu metal', 'post-grunge', 'rock']	[2017]	1	0
3iri9nBFs9e4wN7PLIetAw	gnash	['alt z', 'pop']	[2017]	1	1
1QRj3hoop9Mv5VvHQkwPEp	Olivia O'Brien	['alt z', 'pop']	[2017]	1	1
1xU878Z1QtBldR7ru9owdU	Phoenix	['alternative dance', 'indie rock', 'modern rock', 'new rave', 'rock independant francais']	[2017]	1	0
0uFc6StTmJBvdHPZFDkdJy	Casey Veggies	['underground hip hop']	[2017]	1	1
0rlS0SzVFk8BoiAW0fGBbN	Salaam Remi	['hip hop']	[2017]	1	1
3nQ59hkeciYoR6RreQL4Rv	Darren Criss	['wrock']	[2017]	1	1
5T0MSzX9RC5NA6gAI6irSn	Estelle	['neo soul', 'r&b']	[2017]	1	1
4ehtJnVumNf6xzSCDk8aLB	Martin Jensen	['danish electronic', 'edm', 'pop dance']	[2017]	1	0
1ZyUXvaBXUsIZ3JD6jYGkt	Nyck Caution	['indie hip hop', 'underground hip hop']	[2017]	1	1
1nSpOxq3pcgomrfpXudQuq	Kirk Knight	['underground hip hop']	[2017]	1	1
5QRlmTynCos8JyojtmgNq6	Meechy Darko	[]	[2017]	1	1
5nCi3BB41mBaMH9gfr6Su0	fun.	['baroque pop', 'metropopolis']	[2017, 2020]	1	1
4PVn1b2WnnXdq80C7uaZLZ	Nause	[]	[2017]	1	1
4bvWFV51SAEocM22uiDOza	Pretty Sister	['la pop']	[2017]	1	1
2DaxqgrOhkeH0fpeiQq2f4	Oasis	['beatlesque', 'britpop', 'madchester', 'permanent wave', 'rock']	[2017]	1	0
2GEcMpeGIad5O23WxDRFMn	Rico Love	['pop r&b']	[2017]	1	1
1ilX5fJcOqJfo7l8HNxgmN	Chris Bosh	[]	[2017]	1	1
3JXpwnHbLvXxY99EuXqFPX	Poo Bear	['pop r&b']	[2017]	1	1
0vbEs3DgphJ2RGZqh4qFLT	Anita Kerr Singers	['easy listening']	[2017]	1	0
7xEFii6utZmQ61kX59HmLH	FRENSHIP	['electropop', 'indie poptimism', 'la pop']	[2017]	1	1
4lxfqrEsLX6N1N4OCSkILp	Phil Collins	['rock drums', 'soft rock']	[2017]	1	0
0eecdvMrqBftK0M1VKhaF4	CNCO	['boy band', 'latin pop', 'reggaeton', 'urbano latino']	[2017]	1	1
1xHQO9GJIW9OXHxGBISYc5	Marian Hill	['electropop']	[2017]	1	0
6wMr4zKPrrR0UVz08WtUWc	Black Coffee	['south african house', 'south african pop', 'south african pop dance']	[2017]	1	1
7w9jdhcgHNdiPeNPUoFSlx	Dropkick Murphys	['boston punk', 'boston rock', 'celtic punk', 'celtic rock', 'punk']	[2017, 2018, 2019, 2021]	1	0
3zrUX1hQrUB9aXcOiyQLmN	Stanaj	[]	[2017]	1	1
7kFfY4UjNdNyaeUgLIEbIF	DeJ Loaf	['detroit hip hop', 'r&b', 'rap', 'southern hip hop', 'trap', 'trap queen']	[2017]	1	0
3OpnoUqoRIHWbsFs4Nw0NQ	Nat King Cole Trio	['adult standards', 'lounge', 'swing', 'vocal jazz']	[2017, 2018, 2019, 2020, 2021]	1	0
05o1zW8b6PV6rEquXr74sB	State of Sound	['swedish tropical house']	[2017]	1	0
6ioOEWNNGK40H8xrGj6XPW	XYLØ	['alt z', 'indie poptimism', 'la pop']	[2017]	1	1
0fLTK12xF2IMaNmKMSue6g	Khrebto	['russian edm']	[2017]	1	1
2bA6fzP0lMAQ4kz6CF61w8	Toby Keith	['classic oklahoma country', 'contemporary country', 'country', 'country road']	[2017, 2018, 2019, 2020, 2021]	1	0
0pt7PX4Hftlg8mV1ySU84Q	CVBZ	['dark r&b']	[2017]	1	1
3GBPw9NK25X1Wt2OUvOwY3	Jack Johnson	['neo mellow']	[2017, 2020, 2021]	1	0
47z7ZrgFoBvVpCnElCE3Zh	Yellow Claw	['edm', 'electro house', 'pop dance']	[2017]	1	1
134GdR5tUtxJrf8cpsfpyY	Elliphant	['electropop', 'swedish indie pop']	[2017]	1	1
2o8lOQRjzsSC8UdbNN88HN	mansionz	['indie pop rap']	[2017]	1	1
28MAlskHukBSm7mnqXpL0A	Dennis Rodman	[]	[2017]	1	1
1LKo6ZA3RNvKtLa6zDu32S	Kranium	['basshall', 'dancehall']	[2017]	1	1
5lpH0xAS4fVfLkACg9DAuM	Wham!	['new romantic', 'new wave', 'new wave pop', 'soft rock']	[2017, 2018, 2019, 2020, 2021]	1	0
6gK1Uct5FEdaUWRWpU4Cl2	Petit Biscuit	['new french touch']	[2017]	1	0
6xHUXzrfhFgnIv86EBR3Ml	kai	[]	[2017]	1	1
00tVTdpEhQQw1bqdu8RCx2	Blue Öyster Cult	['album rock', 'classic rock', 'glam metal', 'hard rock', 'progressive rock', 'rock']	[2017, 2018, 2019, 2020, 2021]	1	0
73jBynjsVtofjRpdpRAJGk	Dimitri Vegas & Like Mike	['belgian dance', 'belgian edm', 'big room', 'dutch house', 'edm', 'electro house', 'pop dance', 'progressive electro house']	[2017]	1	1
2HkAI0YrEcgoR8QdaURqhO	Dimitri Vegas	['belgian edm']	[2017]	1	1
7mnAzEmgquhrVtGob81SmO	Big Shaq	['london rap']	[2017, 2018]	1	0
51Blml2LZPmy7TTiAg47vQ	U2	['irish rock', 'permanent wave', 'rock']	[2017]	1	1
5tIkXJTex4JY7cv9mmgAZx	Ruelle	['metropopolis']	[2017]	1	1
34v5MVKeQnIo0CWYMbbrPf	John Newman	['dance pop']	[2017]	1	1
3vAaWhdBR38Q02ohXqaNHT	The All-American Rejects	['alternative metal', 'modern rock', 'neo mellow', 'neon pop punk', 'pop punk', 'pop rock', 'post-grunge']	[2017]	1	0
3mY9Ii0cL5SQxpOTAm8SHx	Warren Zevon	['country rock', 'folk', 'folk rock', 'heartland rock', 'piano rock', 'roots rock', 'singer-songwriter']	[2017, 2018, 2019, 2020, 2021]	1	0
0CjWKoS55T7DOt0HJuwF1H	Bipolar Sunshine	['gauze pop']	[2017]	1	1
5H1nN1SzW0qNeUEZvuXjAj	Danny Ocean	['pop venezolano', 'reggaeton', 'trap latino', 'urbano latino']	[2017, 2018]	1	0
4yLuE0l9rK7fqijTb7BPh9	Sound M.O.B.	[]	[2017]	1	1
2hWs22BmQkK4czFtDLnar2	Rob $tone	['san diego rap', 'viral trap']	[2017]	1	1
1rs3y69kDwkIdGJcOYngQt	J. Davi$	[]	[2017]	1	1
36Tn5h23ysORlLKc42UXfe	J Spooks	[]	[2017]	1	1
2oZcMYiKpjaA2Et5mU3RPP	Chronixx	['dancehall', 'modern reggae']	[2017]	1	1
0AJUYWKztkg5dnrHDIBv47	MiC LOWRY	[]	[2017]	1	0
3eSQPLy8hktGQTGSVB51lD	Millie Go Lightly	['uk contemporary r&b']	[2017]	1	1
4QAp87iZerUP9PKxtLhmW1	Oliver Nelson	['scandipop']	[2017]	1	1
7dtJROxWQe3fxxF5t7o67N	Bonnie McKee	['candy pop']	[2017]	1	1
0I5HubncQ8E1MFZOlPDY4J	Trinidad James	['atl hip hop', 'dirty south rap', 'trap']	[2017]	1	1
3IhWQSrLj8EJjdvjFTpCyo	Vince Gill	['classic oklahoma country', 'country', 'country road']	[2017]	1	1
21E3waRsmPlU7jZsS13rcj	Ne-Yo	['dance pop', 'pop', 'r&b', 'urban contemporary']	[2017]	1	1
5Bcvq9L6VlpAv5LX7Q5Y3r	MC Ty	[]	[2017]	1	0
1Z8ODXyhEBi3WynYw0Rya6	De La Soul	['east coast hip hop', 'golden age hip hop', 'hip hop', 'jazz rap']	[2017]	1	1
0Qpk1IGiZeB6rRhfK4FVDT	Kelvin Mercer	[]	[2017]	1	1
2lbUjuMzHkT4qIECvk2f3L	Kris Wu	['chinese hip hop', 'chinese idol pop']	[2017]	1	1
1HcAkAeL4xf02wzAnl7mIV	Michaël Brun	['raboday']	[2017]	1	1
4kYGAK2zu9EAomwj3hXkXy	JP Cooper	['uk pop']	[2017]	1	0
6e4aHkdDUcsaXPTQdF6Qhn	Life of Dillon	['uk pop']	[2017]	1	0
1mfDfLsMxYcOOZkzBxvSVW	Cole Swindell	['contemporary country', 'country', 'country road', 'modern country rock']	[2017]	1	1
6O2zJ0tId7g07yzHtX0yap	Mobb Deep	['east coast hip hop', 'hardcore hip hop', 'hip hop', 'queens hip hop']	[2017]	1	0
00oL7zWxmWveTsKF7DnIRd	Kyle Dixon & Michael Stein	['horror synth', 'soundtrack']	[2017, 2019, 2020]	1	0
0vneleczrRRNPF1vj0x0vy	The Harlem Community Choir	[]	[2017, 2018, 2019]	1	1
4m2kfAHEnK7Z7qLGxeWtro	The Plastic Ono Band	['beatlesque', 'experimental rock']	[2017, 2018, 2019]	1	1
1Fr6agZ6iSM5Ynn2k4C8sc	VÉRITÉ	['alt z', 'brooklyn indie', 'dark pop', 'electropop', 'indie poptimism', 'metropopolis', 'nyc pop', 'vapor pop']	[2017]	1	0
7nKeLE1toRtW4M279iS26h	Zay Hilfigerrr	['viral trap']	[2017]	1	1
5AsWcQXw4RJFRWBbwa0ti0	Zayion McCall	[]	[2017]	1	1
5pkJj3IFFJBgzNYJsGR57Y	Chucho Flash	[]	[2017]	1	1
0orEyXhG0KnPEDVgpctNJI	DJDS	['la pop']	[2017]	1	1
0fs8oBR1rx7JIXZi75h7Uu	Bahari	['alt z', 'la pop']	[2017]	1	1
7KUri7klyLaIFXLcuuOMCd	Stargate	['norwegian pop']	[2017]	1	1
0NIIxcxNHmOoyBx03SfTCD	Tinashe	['alternative r&b', 'dance pop', 'metropopolis', 'pop', 'r&b', 'urban contemporary']	[2017]	1	1
6FB9Zw1TSMrw3LIzIvlNGG	Nathaniel Alford	[]	[2017]	1	1
1WdM0BAEXN9RpUdPOzEZdx	Twice As Nice	[]	[2017]	1	1
6T70tWxqyIpdVbsFvPzqM3	La La Land Cast	[]	[2017]	1	0
6DIS6PRrLS3wbnZsf7vYic	WALK THE MOON	['dance rock', 'modern rock', 'pop']	[2017]	1	0
3CoW2DhcuWKs93YEjEY5Eq	Tiffany Evans	['hip pop', 'r&b', 'urban contemporary']	[2017]	1	1
0DdDnziut7wOo6cAYWVZC5	KREAM	['pop dance']	[2017]	1	1
6RHKEd9dpzQ4c09x8Zdaxu	Clara Mae	['alt z', 'swedish pop']	[2017]	1	1
0SD4eZCN4Kr0wQk56hCdh2	Bonnie Tyler	['europop', 'new wave pop', 'soft rock']	[2017]	1	0
7pMqgUModTCyS7hpa5n2Lc	FRND	['pop edm']	[2017]	1	1
3RGLhK1IP9jnYFH4BRFJBS	The Clash	['alternative rock', 'permanent wave', 'punk', 'rock']	[2017, 2018]	1	0
1svaANJTE5KrG16fTGDqOs	The Puppini Sisters	['easy listening', 'swing', 'swing revival']	[2017, 2018, 2019, 2020, 2021]	1	1
188VINPQh5dyNfLUkevKqf	Olivia Holt	['alt z', 'post-teen pop']	[2017]	1	0
00Z3UDoAQwzvGu13HoAM7J	Skizzy Mars	['indie pop rap']	[2017]	1	1
7fObcBw9VM3x7ntWKCYl0z	Colby O'Donis	[]	[2017]	1	1
7MtZPIh0gpnInKFnXGcYDS	WYNNE	['la pop']	[2017]	1	1
4qOzMSukiZoiSjPQw8Zs7s	Mansionair	['aussietronica', 'indietronica']	[2017]	1	1
2DzRMyWgjuMbYvt5BLbpCo	Anthony Hamilton	['contemporary r&b', 'neo soul', 'new jack swing', 'r&b', 'urban contemporary']	[2017]	1	1
5q8HGNo0BjLWaTAhRtbwxa	Brantley Gilbert	['contemporary country', 'country', 'country road', 'modern country rock']	[2017]	1	0
1Zatb2YN4erBOoSivOXc0o	O.T. Genasis	['southern hip hop', 'trap']	[2017]	1	1
2qkfMoOIz3BqLD91C1B09a	Joe Reisman's Orchestra and Chorus	[]	[2017]	1	1
7x8MuRMbm9XIldHSJOtoNo	22 Savage	['baton rouge rap']	[2017]	1	0
28j8lBWDdDSHSSt5oPlsX2	ZHU	['edm', 'electro house']	[2017]	1	1
4uRYpUQZrNrY5t8tAv3XrD	NERO	['complextro', 'edm', 'electro house', 'melodic dubstep']	[2017]	1	1
0jNDKefhfSbLR9sFvcPLHo	San Holo	['brostep', 'edm', 'electro house', 'electronic trap', 'future bass', 'pop dance']	[2017]	1	0
1mG23iQeR29Ojhq89D5gbh	DJ Jazzy Jeff & The Fresh Prince	['golden age hip hop', 'old school hip hop', 'philly rap']	[2017, 2018, 2019, 2020, 2021]	1	0
2sil8z5kiy4r76CRTXxBCA	The Goo Goo Dolls	['neo mellow', 'permanent wave', 'pop rock', 'post-grunge']	[2017]	1	0
2WoVwexZuODvclzULjPQtm	Sampha	['alternative r&b', 'indie soul']	[2017]	1	1
3yvCFkK57FXH7JIwZQ5CmU	Baka Not Nice	['canadian hip hop', 'melodic rap', 'toronto rap']	[2017]	1	0
0LyOADBjj28cbvJWTXUEGA	Loren Allred	['deep talent show', 'hollywood', 'movie tunes']	[2017, 2018]	1	0
5e4Dhzv426EvQe3aDb64jL	Shania Twain	['canadian country', 'canadian pop', 'contemporary country', 'country', 'country dawn']	[2017, 2018, 2019, 2020, 2021]	1	1
0TImkz4nPqjegtVSMZnMRq	TLC	['atl hip hop', 'contemporary r&b', 'dance pop', 'girl group', 'hip pop', 'r&b', 'urban contemporary']	[2017]	1	0
3qm84nBOXUEQ2vnTfUTTFC	Guns N' Roses	['glam metal', 'hard rock', 'rock']	[2017]	1	0
4N874uPqBka1QiCvnCVOtr	Phoebe Ryan	['alt z', 'indie poptimism']	[2017]	1	1
23sYU61n9f1CzYi8NJhAXS	Towkio	['chicago rap']	[2017]	1	1
7H55rcKCfwqkyDFH9wpKM6	Christina Perri	['pop']	[2017]	1	0
3QJzdZJYIAcoET1GcfpNGi	Damian Marley	['reggae', 'reggae fusion']	[2017]	1	1
2x8KDZdSONA3872CnhaAlX	Styles P	['battle rap', 'dirty south rap', 'east coast hip hop', 'hardcore hip hop']	[2017]	1	1
1AwO9pWEBSBoWdEZu28XDC	Eartha Kitt	['torch song', 'vocal jazz']	[2017, 2018, 2019, 2020, 2021]	1	1
0oK8UXKZbQezeRhE0KeBAV	Henri René and His Orchestra	"[""man's orchestra""]"	[2017, 2018, 2019, 2020, 2021]	1	1
27a4fLT1dhOT5esAfqQmBe	Divine Bars	[]	[2017]	1	1
5U8vD29RTtGkTfnEHPAMBR	Flames	[]	[2017]	1	1
5h3b0XMNunL3ehSknsBINs	lil aaron	[]	[2017]	1	1
3MHaV05u0io8fQbZ2XPtlC	Prince Royce	['bachata', 'latin hip hop', 'latin pop', 'urbano latino']	[2017, 2018]	1	1
0rvjqX7ttXeg3mTy8Xscbt	Journey	['album rock', 'classic rock', 'hard rock', 'heartland rock', 'mellow gold', 'rock', 'soft rock']	[2017, 2018, 2019, 2020, 2021, 2022]	1	0
7iMvwE8qANp3aIfAGKEAwS	Cam’ron	['battle rap', 'east coast hip hop', 'harlem hip hop', 'southern hip hop']	[2017]	1	1
3XHO7cRUPCLOr6jwp8vsx5	alt-J	['indie rock', 'indietronica', 'modern alternative rock', 'modern rock', 'rock']	[2017]	1	0
02uYdhMhCgdB49hZlYRm9o	Eagles Of Death Metal	['garage rock', 'garage rock revival', 'modern blues rock', 'palm desert scene']	[2017]	1	1
7F1l2kTBvOPGd8sF8nBEtv	Eurielle	['fantasy']	[2017]	1	1
2f9ZiYA2ic1r1voObUimdd	Grace Jones	['art pop']	[2017]	1	1
1UtjNYOT0U3YDs1XLBoSxG	Kajo	[]	[2018]	1	1
170nDXTLNnkC0TZyd0R496	Slaydro	[]	[2018]	1	1
4udfTw7V8jI4AHi7PEfJfj	Melii	['rap latina', 'trap queen']	[2018]	1	1
5vQfv3s2Z2SRdPZKr82ABw	Dzeko	['canadian electronic', 'dutch house', 'edm', 'electro house', 'pop dance', 'progressive electro house']	[2018, 2019]	1	1
0w7HLMvZOHatWVbAKee1zF	Redbone	['native american', 'native american contemporary']	[2018]	1	0
7iLc4hrjOjQPfg1E3cCHg1	Tim Berg	['edm', 'electro house', 'pop dance', 'progressive electro house']	[2018]	1	1
2tYwhzzfvvDr29BbBFcHhB	Arthur Hanlon	[]	[2018]	1	1
4QTVePrFu1xuGM9K0kNXkk	Dexys Midnight Runners	['new romantic', 'new wave', 'new wave pop']	[2018]	1	0
6wUL6C3zRBBf4N0QwYdws4	Bob Crosby & His Orchestra	"['big band', ""man's orchestra""]"	[2018]	1	1
3gTZHK9u10mTyoEoT9tJaE	Lean Trap	[]	[2018]	1	0
2JLqTvFXmC87BksiCsBezV	Matt Terry	['talent show']	[2018]	1	0
1qDDkysTxJvFandHwP9CMx	Noah Schnacky	[]	[2018]	1	0
0vR2qb8m9WHeZ5ByCbimq2	Reik	['latin arena pop', 'latin pop', 'mexican pop', 'reggaeton']	[2018]	1	1
1fux65HMCBvfJHqlBc4Nno	Casper Magico	['reggaeton', 'reggaeton flow', 'trap latino', 'urbano latino']	[2018, 2019]	1	1
0Y3agQaa6g2r0YmHPOO9rh	Davido	['afrobeats', 'afropop', 'azontobeats', 'ghanaian hip hop', 'nigerian pop']	[2018]	1	1
4KJ6jujcNPzOyhdNoiNftp	lovelytheband	['modern alternative rock', 'modern rock', 'pov: indie']	[2018]	1	0
4RfOLIFy2xEmlWzXEVmLJn	Sjava	['afro soul', 'south african pop']	[2018]	1	1
2M3vnW1p5w4uPRkLYTbvdB	Rusted Root	['jam band', 'pittsburgh rock']	[2018]	1	0
3mLdH6xxrscTf2poCN9Kzy	Rio Santana	[]	[2018]	1	1
2V0DROfM2ieFSOcA3SHJLD	Judah	[]	[2018]	1	1
4DROs1Ye9DiLY3X8L7xvl8	Andrez Babii	['rap romantico']	[2018]	1	1
2J6pigOrBmKQgqJUY5UM7r	Matt OX	['melodic rap', 'plugg', 'rage rap']	[2018]	1	1
3Bj81IbILbuj2uEwWXMdXI	Sosamann	['atl trap', 'houston rap', 'memphis hip hop']	[2018]	1	1
4GaA53bqvMoSs2WzEFGiLe	Lia Marie Johnson	['teen pop']	[2018]	1	1
6TTVdg5UOUHsyiYPHgxLaq	The WRLDFMS Tony Williams	['psychedelic hip hop']	[2018]	1	1
7pLntWGInZPQxc4kXxzzjB	Liz Gillies	[]	[2018, 2019, 2020, 2021]	1	1
5yD3wA48IGUoCVboe0LdHx	Standing On The Corner	['collage pop', 'experimental hip hop', 'hypnagogic pop']	[2018]	1	1
7crF48BmAnNaoNU8QPVld0	THEMXXNLIGHT	['dark r&b', 'trap soul']	[2018]	1	1
3eu4XaXUnk055bWtkKkK3W	Jimmy Wopo	['pittsburgh rap']	[2018]	1	1
3ohrdimoWGwbjGMOnTDoUJ	Hardo	['pittsburgh rap']	[2018]	1	1
3ECsaSd1fom8coUUkkFzqt	Jeon	['ritmo kombina']	[2018]	1	1
0FL2d6iFFNAV3yBUbXjZ1U	Wafia	['australian pop', 'indie electropop']	[2018]	1	1
15Dh5PvHQj909E0RgAe0aN	Nivea	['atl hip hop', 'contemporary r&b', 'hip pop', 'r&b', 'urban contemporary']	[2018]	1	1
6RqG6OjPJVHi1RAcXTxglq	Stereotypes	[]	[2018]	1	1
7cAlvWK5rgMmJ37j7woN8l	Christian Rich	[]	[2018]	1	1
66jpZDjMcxF3SfDfwK7GXe	Reginae Carter	[]	[2018]	1	1
00VnRQuhdfjkeaXeDu5dlW	Anuel	[]	[2018]	1	1
6tt0iYnpHERj05WATWRiom	Bantu	['zimdancehall']	[2018, 2019]	1	1
5eKqhPrKad0J9xGAtq3rW7	BURNS	['la pop', 'uk dance']	[2018]	1	1
3EiLUeyEcA6fbRPSHkG5kb	De La Ghetto	['reggaeton', 'reggaeton flow', 'trap latino', 'urbano latino']	[2018]	1	1
3DiSC0nSNNWpPy5ZK3mcrz	Nef The Pharaoh	['cali rap']	[2018]	1	1
2QLM9IFaHBtB16b8ZDaA3A	P-Lo	['asian american hip hop', 'cali rap']	[2018]	1	1
4PNHuWkk4ee6R8WEhFVPf5	NoCap	['alabama rap', 'atl trap']	[2018]	1	1
7hssUdpvtY5oiARaUDgFZ3	Ina Wroldsen	['norwegian pop']	[2018]	1	1
2qgvmDsc4jrqbAbjq1HGM2	Rodney Atkins	['contemporary country', 'country', 'country road']	[2018]	1	1
0UGSKGxAJfltNONQ4AtETL	The Fisk Jubilee Singers	['spirituals', 'vintage gospel', 'vocal harmony group']	[2018]	1	1
4WN5naL3ofxrVBgFpguzKo	Rudimental	['pop dance', 'uk dance', 'uk funky']	[2018]	1	1
2U3FuHYvL3vhkbDAXm24Ep	Dan Caplen	['neo soul', 'uk contemporary r&b']	[2018]	1	1
6TV0LZ3BaEun0OQEh96elP	Jordan Smith	['deep talent show', 'idol']	[2018, 2019, 2020]	1	0
4U6245OE6dlqMEOjDpWJzn	Jban$2Turnt	['atl trap']	[2018]	1	1
5zLbjnuArhVlVklkT5GoQD	Nel-Denarro	[]	[2018]	1	1
0oSGxfWSnnOXhD2fKuz2Gy	David Bowie	['art rock', 'classic rock', 'glam rock', 'permanent wave', 'rock']	[2018, 2019]	1	1
0nyc9SZGLITSOJASmTZsnZ	LEN	['canadian rock']	[2018]	1	0
2yQf6b8hxahZaT5dHlWaB1	Raekwon	['east coast hip hop', 'hardcore hip hop']	[2018]	1	1
4iCwCMnqsNZ6atvRiADgtn	RZA	['east coast hip hop', 'hardcore hip hop']	[2018]	1	1
4VmEWwd8y9MCLwexFMdpwt	Method Man	['east coast hip hop', 'hardcore hip hop', 'hip hop']	[2018]	1	1
4OBbOrkD4geIjOLrICN3wO	Inspectah Deck	['east coast hip hop', 'hardcore hip hop']	[2018]	1	1
0dS5xeDefwoUNasLUHnCjR	Cappadonna	['east coast hip hop']	[2018]	1	1
09XH5qagU5qcWhYXcQYsjX	Jackpot Scotty Wotty	[]	[2018]	1	1
0G070wUUUBptmqGEKAAUVx	U-God	['hardcore hip hop', 'hip hop']	[2018]	1	1
0ME1RawvWt3qOJnYnxVqeh	Masta Killa	['east coast hip hop']	[2018]	1	1
6ns6XAOsw4B0nDUIovAOUO	GZA	['east coast hip hop', 'hardcore hip hop']	[2018]	1	1
6jpOOrGFSWdHx6leHfU54n	The Last Artful, Dodgr	['portland hip hop']	[2018]	1	1
3TKCdsX8yNNoiC1gesn6or	RONNY J	['melodic rap', 'miami hip hop']	[2018]	1	1
2l2o6ibYa7h1w4HwaS1uZV	Jay 305	['west coast trap']	[2018]	1	1
0HU0U9kdXEHZVxUNbuQe8S	Donny Hathaway	['chicago soul', 'classic soul', 'funk', 'neo soul', 'quiet storm', 'soul', 'southern soul']	[2018, 2019, 2020, 2021]	1	0
4UffC3o3JiLSg7pa5DpQbp	Mike Yung	['pop soul']	[2018]	1	1
6hSbppor1AmH9RGzyxOcGT	Chevy Woods	['pittsburgh rap']	[2018]	1	1
14w9cCpmdbQVQUCvVWFKdT	Darrius Willrich	['neo soul-jazz']	[2018]	1	1
0mZbFsWo9tHccJsYkrIczQ	Good Gas	['atl trap']	[2018]	1	1
53ixqKNKVTgtSx3m3DGMA2	FKi 1st	['atl trap']	[2018]	1	1
4LcUpNlXFEleaLlelmkv2R	Kris Kross Amsterdam	['dutch house', 'dutch pop']	[2018]	1	1
4QfOh8rJ0OddhhXHD5QyWs	The Boy Next Door	['basshall']	[2018]	1	1
18AOdS1Qw4XXnQSiPJQr1B	Mack Maine	[]	[2018]	1	1
6c1pBXHYjFcGQQNO5MMsdd	Keys N Krates	['brostep', 'edm', 'electro house', 'electronic trap', 'livetronica']	[2018]	1	1
7ao5uJZUsPeVpWlNkkjWyx	DJ A1	[]	[2018]	1	1
6qGkLCMQkNGOJ079iEcC5k	Ben Platt	['broadway', 'show tunes']	[2018]	1	1
586uxXMyD5ObPuzjtrzO1Q	Sofi Tukker	['edm']	[2018]	1	1
4j5KBTO4tk7up54ZirNGvK	NERVO	['australian dance', 'dutch house', 'edm', 'electra', 'electro house', 'house', 'pop dance', 'progressive electro house', 'progressive house']	[2018]	1	1
2x7EATekOPhFGRx3syMGEC	The Knocks	['alternative dance', 'indie poptimism', 'nu disco']	[2018]	1	1
0WuYfDB2hAYzybfAd75fvb	ALISA UENO	[]	[2018]	1	1
6Paz0vXJJ9bCPf0fEm3qzg	Dagny	['norwegian pop']	[2018]	1	1
0PFtn5NtBbbUNbU9EAmIWF	TOTO	['album rock', 'classic rock', 'hard rock', 'mellow gold', 'rock', 'soft rock', 'yacht rock']	[2018, 2019, 2020]	1	0
4K9aclpXgCPNFGEqRlFPal	Peter Manos	[]	[2018, 2019]	1	0
7AzjETXRUKNRSJHMW9GIqd	Nina Nesbitt	['alt z', 'neo-singer-songwriter', 'uk pop']	[2018, 2019, 2020]	1	0
6O74knDqdv3XaWtkII7Xjp	Boyz II Men	['boy band', 'contemporary r&b', 'new jack swing', 'r&b', 'urban contemporary']	[2018]	1	1
0hxQtmgWiPtEsDPeIuKxXq	John Carpenter	['horror synth']	[2018, 2019, 2020, 2021]	1	0
70G9SSr9b5ymitJipY6sbX	Austin Lam	['trap soul']	[2018]	1	1
2Kx7MNY7cI1ENniW7vT30N	Norah Jones	['contemporary vocal jazz', 'jazz pop', 'vocal jazz']	[2018, 2020]	1	0
27jRNjIvlUcGN7FBRDnqhp	Matt Berninger	[]	[2018]	1	1
0KEExJc1NKwmzJxQHbbkts	Leah Culver	['pop edm']	[2018]	1	1
62FaS5AarFCrus8LxSVKKW	teddy<3	['la pop', 'transpop']	[2018]	1	1
71le7jtjw9hq389Fnvi6XM	Soleima	['danish electropop', 'danish pop']	[2018]	1	0
1CUeN4GnHAGUk9nAXPorF4	Kodie Shane	['atl hip hop', 'trap queen']	[2018]	1	1
6r2niOTnexy9xss5g8GWXH	Yasiin Bey	[]	[2018]	1	1
5eIbEEQnDM8yuDVB0bimSP	RL Grime	['brostep', 'edm', 'electro house', 'electronic trap']	[2018]	1	1
5tTsrGPwQRWUsHR2Xf7Ke9	Natalie Cole	['adult standards', 'disco', 'quiet storm', 'soul', 'vocal jazz']	[2018, 2020]	1	0
4as3khXWaPjfkFdCA0JWMo	Jesse®	['modern alternative pop']	[2018]	1	1
1iBGuNBYRKnNdKxm0kKNM0	Young Sinatra	[]	[2018]	1	1
0awl5piYwO0CDTHEkCjUhn	Nico & Vinz	[]	[2018]	1	0
28y6CyJNkGNjJQKrlx4AmN	HRVY	['pop']	[2018]	1	0
3XC57xz74X3xUi1hv4mge1	Winona Oak	['swedish pop']	[2018, 2019]	1	1
61qMnYXa1GxSBoV3IiYKjZ	Yung Pinch	['melodic rap', 'oc rap']	[2018]	1	1
5qRbfEf4Ooo19aRXKQzvUV	Navy Blue	['alternative hip hop', 'chill abstract hip hop', 'drumless hip hop', 'jazz rap']	[2018]	1	1
3cWGilyM7pw2Q1bGbTXuBr	TrifeDrew	[]	[2018]	1	1
2gsggkzM5R49q6jpPvazou	Jessie J	['dance pop', 'pop']	[2018, 2019, 2020, 2021]	1	0
21LGsW7bziR4Ledx7WZ1Wf	Johnny Mathis	['adult standards', 'easy listening']	[2018]	1	1
24DQLSng7bKZD4GXLIaQbv	Percy Faith & His Orchestra	"['easy listening', ""man's orchestra""]"	[2018]	1	1
4RVnAU35WRWra6OZ3CbbMA	Kylie Minogue	['australian dance', 'australian pop', 'dance pop', 'eurodance', 'new wave pop']	[2018, 2019, 2020, 2021]	1	0
3LjhVl7GzYsza1biQjTpaN	Hayley Kiyoko	['alt z', 'indie poptimism', 'pop']	[2018]	1	1
10bRsziCCdq9Ht20lVVrRf	Station Wagon P	[]	[2018]	1	1
41klVmDluQZmGGqoidNfbe	Blac Youngsta	['memphis hip hop', 'southern hip hop', 'trap']	[2018]	1	1
5gw5ANPCVcxU0maLiGRzzP	Billy Raffoul	['canadian pop']	[2018]	1	1
1eMmoIprPDWeFdB1FxU6ZV	Au/Ra	['alt z', 'deep pop edm']	[2018]	1	1
6064pL9Hu3Wx2bwJMeOx6o	Tomine Harket	[]	[2018]	1	1
2ei3ToTz5SL3pVp17X0Vkd	John Lindahl	[]	[2018]	1	1
0lZoBs4Pzo7R89JM9lxwoT	Duran Duran	['album rock', 'dance rock', 'new romantic', 'new wave', 'new wave pop', 'rock', 'soft rock', 'synthpop']	[2018, 2019, 2020, 2021]	1	0
1z4g3DjTBBZKhvAroFlhOM	Red Velvet	['k-pop', 'k-pop girl group']	[2018]	1	0
6UE7nl9mha6s8z0wFQFIZ2	Robyn	['dance pop', 'electropop', 'neo-synthpop', 'scandipop', 'swedish electropop', 'swedish pop']	[2018]	1	0
2Rimf9z3oYDBeszSXFACRR	Daniel Everidge	['show tunes']	[2018]	1	1
0vqJkZ0RpLZixt3lTmD8vP	Whethan	['electropop', 'hyperpop', 'rage rap']	[2018]	1	1
05kWC05qQmocVoC5Udgl6D	Supa Bwe	['pop rap', 'underground hip hop']	[2018]	1	1
0yWuhITiYSrjzBrgT4NKsb	Forever Band	[]	[2018]	1	1
3Ll0OyHvpoQmGP9TMQAhKV	The RattPack	[]	[2018]	1	1
6Y20PijIkUoCtuvtkz37dO	Austyn Johnson	['show tunes']	[2018]	1	1
0nFUCMGlkx1lMZnHL6ArVJ	Cameron Seely	['movie tunes']	[2018]	1	1
0ECSmon1BUiFnB33X24eLI	Baby Goth	[]	[2018]	1	1
14rP13jdQNgQvuPA2AkBgm	Glades	['indie electropop', 'indie poptimism', 'metropopolis']	[2018]	1	0
2HFuviZiAYhouKgvRX0y45	Chantel Jeffries	['kentucky hip hop', 'la pop']	[2018]	1	1
0GeeIVcvGA8GSlWsoY1dkG	Vory	['kentucky hip hop', 'trap soul']	[2018]	1	1
1ewyVtTZBqFYWIcepopRhp	Joey Purp	['chicago rap', 'indie hip hop', 'underground hip hop']	[2018]	1	1
6bwVWdQfr6ttzrGLboVkjg	Paul Rosenberg	[]	[2018]	1	0
5B08rGb3FZKEEhNdsyQV8T	Norelle	[]	[2018]	1	1
63MQldklfxkjYDoUE4Tppz	M83	['french shoegaze', 'french synthpop', 'indietronica', 'metropopolis', 'neo-synthpop']	[2018, 2019, 2020, 2021]	1	0
7Gkyjs2OYQpJdOvvmwIz2Z	Pardison Fontaine	['upstate ny rap']	[2018]	1	1
4ORGLIaI1piqzCpthayo9B	Red Coldhearted	[]	[2018]	1	1
1wvlC6NwleHt1iRD6d5X2C	Foxy Brown	['contemporary r&b', 'east coast hip hop', 'hip pop', 'r&b']	[2018]	1	1
4U6sGpoCZvYkwmwB3VtRTW	Elliott Trent	['pop r&b', 'trap soul']	[2018]	1	1
1DcWHZmzu1JT5IYWDDwHDU	Tracy T	['atl hip hop', 'atl trap']	[2018]	1	1
3QUOtWgmuxFyae4C0Q0thd	ABIR	[]	[2018]	1	1
1INuLZXjjVbcJRyWvD1iSq	Jack & Jack	['pop', 'teen pop']	[2018]	1	1
3v6Ji4uoWtKRkhuDUaxi9n	Dynoro	['edm']	[2018]	1	1
1OAjDaKgg00KCUYqDe68un	Gigi D'Agostino	['eurodance', 'italo dance']	[2018]	1	1
7BAaznGSsqcksud4R5ou5z	Cory Gunz	['nyc rap']	[2018]	1	1
7oNtf1MwhHcyXRsYXE1WsG	Aazar	['electro house', 'electronic trap']	[2018]	1	1
6ydoSd3N2mwgwBHtF6K7eX	Calum Scott	['pop']	[2018]	1	0
6DIUUnQRMBTkigLlsAxblR	D33J	['abstract beats']	[2018]	1	1
6y80I9YZi4DOpbaSUlL725	Shlohmo	['downtempo', 'electronica', 'future garage', 'glitch', 'instrumental hip hop', 'wonky']	[2018]	1	1
12Chz98pHFMPJEknJQMWvI	Muse	['modern rock', 'permanent wave', 'rock']	[2018]	1	0
5FxshnB3eJ2YDn8xN8zDKq	Hannah Kerr	['anthem worship', 'ccm']	[2018, 2019, 2020]	1	0
5lKZWd6HiSCLfnDGrq9RAm	Leona Lewis	['british soul', 'dance pop', 'pop', 'talent show']	[2018, 2019, 2020, 2021]	1	0
6Jrxnp0JgqmeUX1veU591p	Santigold	['alternative dance', 'indietronica', 'neo-synthpop']	[2018]	1	1
3mPc8WGusz2XF3Tvs3AKCR	Carlie Hanson	['alt z']	[2018]	1	0
4YURkxOtE9WWvMcYrmsVRg	HiDoraah	[]	[2018]	1	1
4LAz9VRX8Nat9kvIzgkg2v	Rivers Cuomo	['alternative rock']	[2018]	1	1
1J7FJ24Zv99uUQqhYhwHFc	at Wendys	['meme rap']	[2018]	1	0
3FUY2gzHeIiaesXtOAdB7A	Train	['dance pop', 'neo mellow', 'pop', 'pop rock']	[2018, 2019, 2021]	1	0
7trxpXo6hVUnoB22sbCkEd	K$upreme	['atl trap', 'trap']	[2018]	1	1
2cFCoDyEaPrw8QVnrDlPKU	Stan Kenton	[]	[2018]	1	0
5MouCg6ta7zAxsfMEbc1uh	OMI	['reggae fusion']	[2018]	1	1
250b0Wlc5Vk0CoUsaCY84M	JENNIE	['k-pop']	[2018]	1	0
2TImI3DW7o5MdRXJs4D37h	SOB X RBE	['cali rap']	[2018]	1	0
0GByy3DcfbQwDvXGCWmzv9	Pretenders	['album rock', 'classic rock', 'mellow gold', 'new romantic', 'new wave', 'new wave pop', 'permanent wave', 'rock', 'soft rock']	[2020, 2021]	1	0
0hpOLJzbj9VnKOTzDIDj5P	Andrej Lazarevic Andy	[]	[2020]	1	1
3HqSLMAZ3g3d5poNaI7GOU	IU	['k-pop', 'pop']	[2020]	1	1
4yqWKyP76kYC7K6RHKxjrQ	Chan Se Park	[]	[2020]	1	0
0z4gvV4rjIZ9wHck67ucSV	Akon	['dance pop']	[2020]	1	1
3sDbKMebVH2VYcRSl7u1VC	for KING & COUNTRY	['ccm', 'christian alternative rock', 'christian indie', 'christian music', 'world worship']	[2020]	1	0
4njwwcumLelgJjjlQB4eYl	Key Wane	['nashville hip hop']	[2020]	1	1
23rK0hajv5ix2yPM4IIgOo	D Smoke	['conscious hip hop']	[2020]	1	1
2x9SpqnPi8rlE9pjHBwmSC	Talking Heads	['alternative rock', 'art punk', 'dance rock', 'funk rock', 'new wave', 'permanent wave', 'post-punk', 'rock', 'zolo']	[2020, 2021]	1	0
7s47glsDg6fwq9KXNTsTpa	Gudda Gudda	[]	[2020]	1	1
13lxs5lLGCBMyGLfmtfLEK	Hoodybaby	[]	[2020]	1	1
0Y30TbA4p8SAfCzy2AFBa8	Yaviah	['latin hip hop', 'reggaeton']	[2020]	1	1
7gQNLR8mykA1KjGClbPYHe	MNDR	['indietronica', 'metropopolis']	[2020]	1	1
4fLF7NyMYLaMxUmZCSp5ex	Johnny Yukon	['trap soul']	[2020]	1	1
6PfSUFtkMVoDkx4MQkzOi3	100 gecs	['bubblegum bass', 'hyperpop', 'proto-hyperpop', 'scenecore']	[2020]	1	1
5aYf0AInMznHfXGaemKEBv	Craig Owens	[]	[2020]	1	1
0MfC3pip8rY8OFLJVVNvBO	Nicole Dollanganger	['canadian singer-songwriter']	[2020]	1	1
1yqxFtPHKcGcv6SXZNdyT9	MK	['house', 'pop dance']	[2020]	1	1
5D9NYfOaGxFKCalJIeia1N	Atlantic Holiday	[]	[2020]	1	1
4AICNSyoGIBBcRhuZsPX5L	Draft Day	['drumless hip hop']	[2020]	1	1
2auikkNYqigWStoHWK1Grq	John Martin	['pop edm']	[2020]	1	1
1mzhxfOtUZ9nNUqSEiZfTK	Joseph Yap	[]	[2020]	1	0
3SUT1jjM5hzZj9TLfLZGIP	Tego Calderón	['latin hip hop', 'rap boricua', 'reggaeton', 'trap latino', 'urbano latino']	[2020]	1	1
0u6GtibW46tFX7koQ6uNJZ	Topic	['german dance', 'pop dance', 'pop edm', 'uk dance']	[2020]	1	1
5Wg2b4Mp42gicxEeDNawf7	A7S	['pop dance', 'scandipop', 'uk dance']	[2020]	1	1
4sIl4BTo9l9KqEi0Y3RE72	Carly Pearce	['contemporary country', 'country', 'country road']	[2020]	1	1
6EmYrvwNj5HqzWVQfMMkQP	Mariami	['georgian pop']	[2020]	1	0
1ZEqGVxGNeiNyssm83CeKP	Hot Girl Meg	[]	[2020]	1	1
3JDG63cSaK3xgDnB2H55Xp	Audrey Mika	['modern indie pop']	[2020]	1	1
0ndx5h8ixiRvi2YmWlfbxH	The 7 Dimensions	[]	[2020]	1	0
3tEWysDnxoUDsBi1rUruzj	Esprit Ange Andraos	[]	[2020]	1	1
6twIAGnYuIT1pncMAsXnEm	Commodores	['adult standards', 'disco', 'funk', 'mellow gold', 'motown', 'quiet storm', 'soft rock', 'soul']	[2020, 2021]	1	0
7LzTBVNarOeaDXFdzOugAI	Sly Pyper	[]	[2020]	1	1
1gRNBaI4yn6wCCTvRhGWh8	Don McLean	['classic rock', 'folk', 'folk rock', 'heartland rock', 'mellow gold', 'singer-songwriter', 'soft rock']	[2019, 2020, 2021]	1	0
2UyyBkpzN5w3hzZBZGvRZb	Sosa Geek	['brooklyn drill']	[2020]	1	1
4lPl9gqgox3JDiaJ1yklKh	Tierra Whack	['alternative r&b']	[2020]	1	1
5RJFJWYgtgWktosLrUDzff	Griff	['uk pop']	[2020]	1	1
6S0dmVVn4udvppDhZIWxCr	Sean Kingston	['dance pop', 'miami hip hop', 'pop']	[2020]	1	1
229HpjJ0mDMcH3PXuj85O2	Sherhonda Gaulden	[]	[2020]	1	1
213WFYdlgojElnXhDyhwke	Little Nell	['novelty']	[2019, 2020, 2021]	1	1
7Akz0poR4eUgNM0ciCWqIs	Patricia Quinn	[]	[2019, 2020, 2021]	1	1
0aIOdrjH5s3hJqxmKoAEUg	Richard O'Brien	['hollywood']	[2019, 2020, 2021]	1	1
3QJUFtGBGL05vo0kCJZsmT	salem ilese	['alt z', 'modern indie pop']	[2020]	1	0
3wVXTWabe3viT0jF7DfjOL	Vedo	['pop r&b']	[2020]	1	0
1zuJe6b1roixEKMOtyrEak	Tina Turner	['soft rock']	[2020]	1	1
5pnHmnSlN4hJqjG3VWtdYJ	Kinneret	['sped up', 'weirdcore']	[2020]	1	0
0NIPkIjTV8mB795yEIiPYL	Wallows	['pov: indie']	[2020, 2021]	1	1
1R9tplJO3vGxyjQPbGXMuN	Seaside Resort	[]	[2020]	1	0
19FsxZm98evcrjWFFhHnC4	Lil Monet	[]	[2020]	1	0
4XRSNOy4w4E4euNeu3aIfr	Mikayla Sippel	[]	[2020]	1	1
2u01kCKA5wDvvztuH8lyT0	SVDDEN DEATH	['deathstep', 'dubstep', 'riddim dubstep']	[2020]	1	1
6DgP9otnZw5z6daOntINxp	Joel Corry	['dance pop', 'pop dance', 'uk dance']	[2020, 2021]	1	1
7uMh23xWiuR7zsNkuNcm2G	MNEK	['house', 'pop dance', 'uk contemporary r&b', 'uk dance', 'uk pop']	[2020, 2021]	1	1
6GI52t8N5F02MxU0g5U69P	Santana	['blues rock', 'classic rock', 'mexican classic rock']	[2020, 2021]	1	0
15tTVhFpH8EFXeDgO9xkRO	Trey Lewis	['modern country pop']	[2020]	1	0
6Rx1JKzBrSzoKQtmbVmBnM	Hayley Williams	['art pop']	[2020]	1	0
3K40SMapVhc8PxyYFofHff	Corbin	['cloud rap']	[2020]	1	1
7qd6KGoABHifvXKeFNe2Yb	Wolftyla	['trap queen']	[2020]	1	1
4NEThNYJ3WyNcJWcmpjq88	Ir Sais	['basshall', 'ritmo kombina']	[2020]	1	0
4Ywiqc8KxAECFoOWWAYry4	Lil Adrei	[]	[2020]	1	0
3xByNj8XW17oW0wsJhgzYL	SOFT PLAY	['english indie rock', 'kent indie', 'modern alternative rock']	[2020]	1	1
7bmYpVgQub656uNTu6qGNQ	Hwa Sa	['k-pop', 'korean talent show']	[2020]	1	1
5h7oZ7t5CU9lst1mIrjp3R	Tom DeLonge	['san diego indie']	[2020]	1	1
7xklw3WodFZiNNmQt3DIgp	Angels & Airwaves	['pop punk', 'socal pop punk']	[2020]	1	1
1OY65G9NJJHsSt1lGLZU6q	NiiHWA	[]	[2020]	1	1
0imE3buPhAowREqCrr4CYe	Peach Tree Rascals	['pov: indie']	[2020]	1	0
3Inrg8cs8oc4q8oPES4a6S	The Five Stairsteps	['chicago soul', 'classic soul', 'motown']	[2020]	1	0
7GaxyUddsPok8BuhxN6OUW	James Brown	['funk', 'soul']	[2020]	1	0
2OqS9MwE6gIKMsMbTRuP9Q	Missing Seoul	[]	[2020]	1	0
3NhCLsIR8nOpw7xoCqkwUD	JoeLew	[]	[2020]	1	0
6cXMpsP9x0SH4kFfMyVezF	Josh Groban	['operatic pop']	[2020]	1	1
3bYcjbVAN3rAuU3TMzw2mB	Marcus Mumford	['british singer-songwriter']	[2020]	1	1
7dOBabd5O4CvKrg4iriHTM	Kid Rock	['nu metal']	[2020, 2021]	1	0
2pQ12PjB3rUjsYzfXZQRD4	Mayar Jenisk	[]	[2020]	1	0
4ZgQDCtRqZlhLswVS6MHN4	grandson	['modern alternative rock', 'modern rock', 'pov: indie', 'rock']	[2020]	1	0
0BuexLKvWB7paK9LCWv1eF	Oda Kirkwood	[]	[2020]	1	0
4H3e5t5utgPvj6Nsuda5QF	Jasmine Cephas-Jones	['show tunes']	[2020]	1	1
0eVyjRhzZKke2KFYTcDkeu	The Alchemist	['alternative hip hop', 'drumless hip hop', 'hip hop', 'instrumental hip hop', 'west coast rap']	[2020]	1	1
0NKDgy9j66h3DLnN8qu1bB	Eurythmics	['dance rock', 'new romantic', 'new wave', 'new wave pop', 'soft rock', 'sophisti-pop', 'synthpop']	[2020, 2021]	1	1
5MspMQqdVbdwP6ax3GXqum	Annie Lennox	['new romantic', 'new wave', 'new wave pop', 'singer-songwriter', 'soft rock', 'synthpop']	[2020, 2021]	1	1
7gcCQIlkkfbul5Mt0jBQkg	Dave Stewart	['new wave pop', 'rock keyboard']	[2020, 2021]	1	1
564gvOqSRcQoYAhaBpTiK2	Lil Twist	['dfw rap']	[2020]	1	1
6UCQYrcJ6wab6gnQ89OJFh	Headie One	['uk hip hop']	[2020]	1	1
6iBt8wcMyamaUp2LFLNoyn	Yung LB	['polynesian hip hop']	[2020]	1	1
5QFu7bsYZ6puR2MrScjNI7	Myiah Lynnae	[]	[2020]	1	1
3ycxRkcZ67ALN3GQJ57Vig	Masego	['alternative r&b', 'indie soul']	[2020]	1	1
35GL8Cu2GKTcHzKGi75xl5	Jennifer Hudson	['dance pop', 'r&b', 'urban contemporary']	[2020, 2021]	1	1
7FY5V3XMwlNBPitEjXowHQ	Darius Rucker	['black americana', 'contemporary country', 'country', 'country road']	[2020, 2021]	1	0
7lzordPuZEXxwt9aoVZYmG	Billy Idol	['album rock', 'classic rock', 'dance rock', 'hard rock', 'new romantic', 'new wave', 'new wave pop', 'rock', 'soft rock']	[2020]	1	1
3V0ZQW0dNuVaFtbVYgSI24	Claire Rosinkranz	['alt z', 'modern indie pop']	[2020]	1	0
41I5xI04kixwmonDBl0Sda	King Combs	['cali rap']	[2020]	1	1
6O4EGCCb6DoIiR6B1QCQgp	Toro y Moi	['chillwave', 'hypnagogic pop', 'indie soul', 'indietronica']	[2020]	1	1
7yE0pgnhHPnPk4GZVuEpZM	Peter Hook	['madchester']	[2020]	1	1
06knYh538h5SI7OAEF8ek3	Georgia	['uk alternative pop']	[2020]	1	1
5QNm7E7RU2m64l6Gliu8Oy	HARDY	['contemporary country', 'modern country pop']	[2020]	1	1
67hb7towEyKvt5Z8Bx306c	Empire of the Sun	['australian dance', 'australian electropop', 'dance rock', 'indietronica', 'neo-synthpop']	[2020]	1	1
2XzXLjXRSeFtsic4ieyLJy	Wilbur Soot	['pixel', 'pov: indie']	[2020, 2021]	1	0
34nVLWMJTjaMh2aSMOQHei	King Pharaoh	[]	[2020]	1	1
1lEXbUjKjHQ7uc9jFfEViJ	TGT	['pop r&b']	[2020]	1	1
5FKchcZpQOkqFvXBj1aCvb	Excision	['brostep', 'canadian electronic']	[2020]	1	1
3Uobr6LgQpBbk6k4QGAb3V	I Prevail	['alternative metal', 'nu-metalcore']	[2020]	1	1
6bmlMHgSheBauioMgKv2tn	Powfu	['sad lo-fi', 'sad rap']	[2020, 2021]	1	1
35l9BRT7MXmM8bv2WDQiyB	beabadoobee	['bedroom pop', 'bubblegrunge', 'indie pop', 'pov: indie']	[2020, 2021]	1	1
60yfafz0P3gqaUaOUIddae	BRONSON	['vapor twitch']	[2020]	1	1
2SrWifjYv7b5tR8EzEmn1x	Golden Features	['industrial pop']	[2020]	1	1
3uOdNUjwD6hhOh1z2dQEIn	lau.ra	[]	[2020]	1	1
5TphiK6LsT4X5NOZxq3NJB	Trio Vegabajeño	['musica jibara', 'puerto rican folk']	[2020]	1	0
7MnzlETJZuQb3EcK8mugEQ	Earlly Mac	[]	[2020]	1	1
2FsZnS8gQ8jG1HGnPYNlm9	Jamie N Commons	['modern blues rock']	[2020]	1	1
6fs2or0cKLEM2xohWq8SoX	Lexie Liu	['chinese electropop']	[2020]	1	1
4TqlcgMFDryY96KWcvrhTv	Seraphine	[]	[2020]	1	1
5qrzeukNCU5ixZH3LhQi2j	Jay Gwuapo	['brooklyn drill', 'nyc rap']	[2020]	1	1
26qmuJTgE3g67pPClBQ3Iu	Cash Kidd	['detroit trap']	[2020]	1	1
6q2peHL8h2vUGvWNbsIjii	Payroll Giovanni	['detroit trap']	[2020]	1	1
4fpwOzxFRMVGfd197dKIdY	Boldy James	['alternative hip hop', 'boom bap', 'drumless hip hop']	[2020]	1	1
79y9wOe73QinG3vsi3vLqK	Drego	['detroit hip hop', 'detroit trap']	[2020]	1	1
1lmU3giNF3CSbkVSQmLpHQ	Surf Mesa	[]	[2020]	1	1
4ArPQ1Opcksbbf3CPwEjWE	Emilee	['social media pop']	[2020]	1	1
6ogn9necmbUdCppmNnGOdi	Alanis Morissette	['canadian pop', 'canadian singer-songwriter', 'lilith', 'neo mellow', 'pop rock', 'singer-songwriter']	[2020]	1	1
7cothdI1W9TGQXdnzyqXmH	Mike Smiff	['miami hip hop']	[2020]	1	1
4p8ivLWn8hpHM5uLhYiMix	WizDaWizard	['florida drill', 'florida rap']	[2020]	1	1
5hW4L92KnC6dX9t7tYM4Ve	Joni Mitchell	['canadian singer-songwriter', 'folk', 'folk rock', 'singer-songwriter']	[2019, 2020]	1	0
4qWnlmXWuGv2TtuxtIWlJX	BANNERS	['indie poptimism']	[2020]	1	0
0kErUwb6xgWfkdn0RyZWHZ	Annika Wells	['la pop']	[2020]	1	1
03xb2BUdIFzuRQ6o88yfCB	Josh Homme	[]	[2020]	1	1
3NPZs8XgXtaWslUcnIw6rY	Iris DeMent	['arkansas country', 'folk', 'singer-songwriter']	[2020]	1	1
16Nc36xAtNyQ7BMBcDsaLv	Likybo	['cali rap']	[2020]	1	0
6DXnx0ReU1wnf4RpMIIK3B	DJ Diddy	[]	[2020]	1	1
7iDeMFJKjI1ak40N3hoYOZ	Lil Xxel	['pop r&b', 'viral rap']	[2020]	1	1
4N7IToHBlPXqlrXiv1Nij6	rei brown	[]	[2020]	1	1
7giUHu5pv6YTZgSkxxCcgh	Edward Sharpe & The Magnetic Zeros	['la indie', 'stomp and holler']	[2020, 2021]	1	0
3xvaSlT4xsyk6lY1ESOspO	Disney	"[""children's music"", 'movie tunes']"	[2019, 2020, 2021]	1	1
6d4jrmreCmsenscuieJERc	The Band CAMINO	['hopebeat', 'pov: indie']	[2020]	1	1
11QdxwAGVKkoLuarCX7L3N	Greg Nice	[]	[2020]	1	1
3kVUvbeRdcrqQ3oHk5hPdx	GROUPLOVE	['indie rock', 'la indie', 'modern alternative rock', 'modern rock', 'pov: indie']	[2020, 2021]	1	0
3Xt3RrJMFv5SZkCfUE8C1J	Kim Petras	['alt z', 'pop', 'transpop']	[2020]	1	1
7AcV1lk8Zrgo1691PDWEle	Freshlyground	['african rock', 'afropop', 'south african jazz', 'south african pop', 'south african pop dance']	[2020]	1	1
7IziQIyiq8TGse0Mc1laYi	K4mo	[]	[2020]	1	1
5FxD8fkQZ6KcsSYupDVoSO	Omar Apollo	['bedroom pop', 'bedroom soul']	[2020]	1	1
66W9LaWS0DPdL7Sz8iYGYe	JP Saxe	['alt z', 'canadian contemporary r&b', 'singer-songwriter pop']	[2019, 2020, 2021]	1	1
1A8aoDrchH5aefQYBCfpLv	Gabriela	[]	[2020]	1	1
002HSjuWsGMinkXTa7JcRp	Turbo	[]	[2020]	1	1
51XrH5fQP2oIQynuKxSWcW	Sky Rompiendo	['urbano latino']	[2020]	1	1
2C6i0I5RiGzDKN9IAF8reh	Banda MS de Sergio Lizárraga	['banda', 'musica mexicana', 'norteno']	[2020]	1	1
4ohRzp7ZzPQi3PzCiBrDAm	Porky Slim	[]	[2020]	1	0
7aBzpmFXB4WWpPl2F7RjBe	Wyclef Jean	['rap kreyol']	[2020]	1	1
2cCUtGK9sDU2EoElnk0GNB	The National	['chamber pop', 'indie folk', 'indie rock', 'indietronica', 'modern rock', 'stomp and holler']	[2020, 2021]	1	1
5TbLOwv8BNnik3f03NZJlt	TOKYO’S REVENGE	['meme rap', 'viral rap']	[2019, 2020]	1	0
2a9I0BKX0ldqknmeZW0Css	Dantès	[]	[2020]	1	0
34bhyY8jfKez7uKakMfy4y	Maddie & Tae	['contemporary country', 'country', 'country road']	[2020]	1	0
3QVolfxko2UyCOtexhVTli	Angèle	['belgian pop', 'french pop', 'variete francaise']	[2020]	1	1
5ypXEfpGZT9INBzsIdLQWP	TW3LVE	[]	[2020]	1	0
3XUSSPMccIhcVTQ2kOHJPn	D3szn	[]	[2020]	1	1
33ScadVnbm2X8kkUqOkC6Z	Don Omar	['latin hip hop', 'puerto rican pop', 'reggaeton', 'trap latino', 'urbano latino']	[2020]	1	1
0qu422H5MOoQxGjd4IzHbS	Yves Tumor	['art pop', 'escape room', 'experimental pop', 'experimental r&b', 'hypnagogic pop']	[2020]	1	1
3aVoqlJOYx31lH1gibGDt3	Babyface	['contemporary r&b', 'r&b', 'urban contemporary']	[2020]	1	1
1bAftSH8umNcGZ0uyV7LMg	Duki	['argentine hip hop', 'trap argentino', 'trap latino', 'trap triste', 'urbano latino']	[2020]	1	1
2XcZshqzPKm3iZcmt73R8D	Pablo Chill-E	['trap chileno', 'urbano chileno', 'urbano latino']	[2020]	1	1
3VBpsrUi2vV7Uj87ONHu7Z	Screamin' Jay Hawkins	[]	[2019, 2020, 2021]	1	0
2k6fdnEIyk7t8Mfg6SoRg1	MAJ	[]	[2020]	1	1
5wugb0kaq0J6nyQ5Xgd17i	Aly & AJ	['dance pop', 'girl group', 'post-teen pop']	[2020, 2021]	1	0
6sHCvZe1PHrOAuYlwTLNH4	Gus Dapperton	['bedroom pop', 'indie poptimism', 'pov: indie']	[2020]	1	1
4EPJlUEBy49EX1wuFOvtjK	Becky Hill	['pop dance', 'pop house', 'uk dance', 'uk pop']	[2020]	1	1
3ZJxEmjYZd5VOqZ8o3aXiL	ABRA	['alternative r&b']	[2020]	1	1
2eogQKWWoohI3BSnoG7E2U	Donna Summer	['adult standards', 'disco', 'hi-nrg', 'new wave pop', 'soft rock']	[2020]	1	1
6hfwwpXqZPRC9CsKI7qtv1	Alina Baraz	['etherpop']	[2020]	1	1
7sfl4Xt5KmfyDs2T3SVSMK	Lil Jon	['atl hip hop', 'crunk', 'dance pop', 'dirty south rap', 'old school atlanta hip hop', 'pop rap', 'southern hip hop', 'trap']	[2020, 2022]	1	1
3ZotbHeyVQKxQCPDJuQ4SU	Q-Tip	['east coast hip hop', 'queens hip hop']	[2020]	1	1
1WjexdTcXHgvlVIPCE8D1Q	Denaun	[]	[2020]	1	1
02sp94ivWaP4d19xhQvIXC	Dr. Chill	[]	[2020]	1	1
2ipbBHbU59PKSeDXAgMpkd	Marvin Divine	['russelater']	[2020]	1	0
1vfezMIyCr4XUdYRaKIKi3	Keyshia Cole	['hip pop', 'r&b', 'urban contemporary']	[2019, 2020]	1	1
6yP3ZB6Fy3U4IBlHjcLS4Q	DaHeala	[]	[2020]	1	1
73xaomfZbyaznJ1GC7c5Np	E.T.	[]	[2020]	1	0
1rHOtdmGNr5vcYNw5v7QGC	Kenny Beats	['indie hip hop', 'trap', 'underground hip hop']	[2020]	1	1
05YVYeV4HxYp5rrWalvuE1	Grover Washington, Jr.	[]	[2020, 2021]	1	1
2Hkut4rAAyrQxRdof7FVJq	Rush	['album rock', 'canadian metal', 'classic canadian rock', 'classic rock', 'hard rock', 'progressive rock', 'rock']	[2020]	1	0
09OSlbN2DUUOG9cbRWdWuT	Mansa	[]	[2020]	1	1
2BJ1U2lQ3XLZLmEHcMPCZ0	Micahfonecheck	[]	[2020]	1	1
1Fmb52lZ6Jv7FMWXXTPO3K	Joan Jett & the Blackhearts	['glam punk', 'rock']	[2020]	1	1
6SvFyXN6qzhw95Bj4HoevV	China Anne McClain	['movie tunes', 'post-teen pop']	[2020]	1	0
6sLwRSXSUF5JTUnQaFenyj	Christopher Jackson	['broadway', 'movie tunes', 'show tunes']	[2020]	1	1
3g229vTyhsdwm9SO2p1FPL	Lee Greenwood	['classic country pop']	[2020, 2021]	1	0
7fckWKJxb1IWV3T9516PLh	WAVYVIBE	[]	[2020]	1	0
1pgDilWYDWLoOgGjf1iHNu	Zion	['reggaeton', 'urbano latino']	[2020]	1	1
0Z8XVUAOBPM4x12wKnFHEQ	Parker McCollum	['classic texas country', 'texas country']	[2020, 2021]	1	0
24eFLbe9I5Cf7NdzhyDuYV	Jennifer Ormond	[]	[2020]	1	0
4qIVPF0s71ZYW3qzhu5GkF	Kina	['sad lo-fi']	[2019, 2020]	1	1
5fSVkkuijRIpxuvSqysYiP	Snøw	['sad lo-fi', 'sad rap']	[2019, 2020]	1	1
0x7qiZJaal6j8qS7yCydFk	Savage Ga$p	['aesthetic rap']	[2020, 2021]	1	1
1nGRqM8VNcQOcFsOnhpInD	ATR Son Son	[]	[2020]	1	1
6aeuDb3tA4S9lTin8TvHWu	Yung Anime	[]	[2020]	1	1
0EYtRAnAXxVITPKoEDf2OB	LILMozart	[]	[2020]	1	1
5Vuvs6Py2JRU7WiFDVsI7J	Lucky Daye	['alternative r&b', 'r&b']	[2020]	1	1
3bmFPbLMiLxtR9tFrTcKcP	Matthew Wilder	['new wave pop']	[2020]	1	0
7fIvjotigTGWqjIz6EP1i4	Four Tops	['classic soul', 'disco', 'motown', 'quiet storm', 'soul']	[2020]	1	0
2PaZWGu5T5nHjY2xxAkFsT	THE SCOTTS	['viral rap']	[2020, 2021]	1	1
6fFfnKGVI6X3lkCr8Qw1g1	KXNG Crooked	['cali rap', 'detroit hip hop']	[2020]	1	1
0z6E0RuLZVUttUNWPfyGLp	Itzyungbaby	[]	[2020]	1	0
3dz0NnIZhtKKeXZxLOxCam	Porter Robinson	['complextro', 'edm', 'electro house', 'pop dance', 'progressive electro house']	[2020]	1	0
482w6SuAShFPgge3PuRmO3	Jaudy	['bachata']	[2021]	1	1
5lrDYtb3YO3DyPhLEpTGB0	Pakitin El Verdadero	[]	[2021]	1	1
2hiq2iBnUik3mrOfEgRSpB	carolesdaughter	['alt z', 'pov: indie']	[2021]	1	0
6nXco5Q3cJJ0ZutnBOsSpq	MacKenzie Porter	['alberta country', 'canadian contemporary country', 'canadian country', 'contemporary country']	[2021]	1	1
6vHBuUxrcpn1do5UaEJ7g6	Domo Genesis	['alternative hip hop', 'underground hip hop']	[2021]	1	1
7FBcuc1gsnv6Y1nwFtNRCb	My Chemical Romance	['emo', 'modern rock', 'pop punk', 'pov: indie', 'rock']	[2021, 2022]	1	0
22wbnEMDvgVIAGdFeek6ET	Benson Boone	['singer-songwriter pop']	[2021]	1	0
0wHeZY93Ede0g1jXaWsiFS	LPB Poody	['florida drill', 'florida rap']	[2021]	1	0
6KXLwLV4VV36g0ueE6p7t5	Rap Nation	[]	[2021]	1	0
2hejA1Dkf8v8R0koF44FvW	Gera MX	['mexican hip hop', 'rap conciencia']	[2021]	1	1
0XwVARXT135rw8lyw1EeWP	Christian Nodal	['mariachi', 'musica mexicana', 'nueva musica mexicana', 'ranchera']	[2021]	1	1
1XlLhtgJjC4ROQZilBZAvw	Nic D	['singer-songwriter pop']	[2021]	1	0
0jL5A3JBu46MsYrr5JMPuT	Kayla Nicole	['trap queen']	[2021]	1	1
2CCqizWr7RQhtABnxW9epA	Taylor Girlz	['trap queen']	[2021]	1	1
6zLBxLdl60ekBLpawtT63I	Cody Johnson	['classic texas country', 'contemporary country']	[2021, 2022]	1	0
2F3zBRfrDfm2FyNT0YKyAx	Sir Michael Rocks	['soul flow', 'underground hip hop']	[2021]	1	1
5YY8PNdQCBdSrn78aEOOvN	Slicktor Victor	[]	[2021]	1	1
4b83ojUooG5apI2ElgGCyZ	MiiaDiiviine	[]	[2021]	1	1
5FkUhnHQ0KC63549LHHtst	Skillibeng	['dancehall', 'jamaican dancehall', 'traphall', 'trinibad']	[2021]	1	1
4uKEP0JYfpFtngWlgViewd	Lil Double 0	['memphis hip hop']	[2021]	1	1
1Y8cdNmUJH7yBTd9yOvr5i	Destiny's Child	['dance pop', 'girl group', 'pop', 'r&b', 'urban contemporary']	[2021]	1	0
1A8NEJYo3VW9aIZ6l55Dgu	Joey Cool	['kansas city hip hop']	[2021]	1	1
7vTyZmNA6LC0WRDg7V6yle	King Iso	[]	[2021]	1	1
1T8S48bD91THNKBByWBDyn	Dwayne Johnson	['meme']	[2021]	1	1
2AsusXITU8P25dlRNhcAbG	Gotye	['australian pop']	[2021]	1	1
6hk7Yq1DU9QcCCrz9uc0Ti	Kimbra	['bergen indie', 'electropop', 'nz pop']	[2021]	1	1
6Tw1ktF4xMmzaLLbe98I2z	Harry Belafonte	['calypso']	[2021]	1	0
4yJHrytMK7mqtKsXVGaBNg	Fana Hues	['alternative r&b', 'indie r&b']	[2021]	1	1
2XnnxQzxFZG8qEPjakokPM	Obie Trice	['detroit hip hop', 'gangster rap']	[2021]	1	1
4BcaSzDAf4EcraWJAGNkTl	MHS	[]	[2021]	1	0
1tG7s7S4sq2eFFW0QZyLbm	Sheff G	['brooklyn drill', 'new york drill', 'nyc rap']	[2021]	1	1
0oouuXi8tdasgUgk520Jy6	Will Paquin	['weirdcore']	[2021]	1	0
2fmAUYDODPfZav0wlyGnNb	Karinah	['pagode novo']	[2021]	1	1
7hLjkyL9Pz9xtQNahzJZki	Belo	['pagode']	[2021]	1	1
4pQxRQ2bUyVpk89wzztCLw	Los Del Limit	['corrido', 'corridos tumbados', 'sad sierreno', 'sierreno']	[2021]	1	0
1NRzxuPpdGushT8YmF5NAa	Edison Lighthouse	[]	[2021, 2022]	1	0
3fCQnw6VSudXBTN5d2QP2z	Gary Lightbody	['british singer-songwriter']	[2021]	1	1
2WgfkM8S11vg4kxLgDY3F5	StarBoi3	['viral rap']	[2021]	1	1
4B3aifxHtpcKHuNi12lmSt	WATTS	[]	[2021]	1	1
5Dl3HXZjG6ZOWT5cV375lk	Yo-Yo Ma	['chamber ensemble', 'classical cello', 'classical performance']	[2021]	1	1
3rROvEsUJJ9y55g1PLaA16	Robert Trujillo	[]	[2021]	1	1
4DW34vji6G9GgGY0k2mic7	Chad Smith	['rock drums']	[2021]	1	1
6qgnBH6iDM91ipVXv28OMu	KAYTRANADA	['alternative r&b', 'escape room', 'indie soul', 'lgbtq+ hip hop']	[2021]	1	1
0NFlmEJpgyF2sO4mtlwFfl	The Backyardigans	"['cartoon', ""children's music""]"	[2021]	1	0
2kWeFaiHBskk8oqky3KHcR	Nikki Lane	['alternative country', 'new americana', 'outlaw country']	[2021]	1	1
0FrpdcVlJQqibaz5HfBUrL	Rick James	['disco', 'funk', 'motown', 'quiet storm', 'soul', 'synth funk']	[2021]	1	0
4NqH3V7GS0Igs1VyGMXEi8	Mooski	['alabama rap']	[2021]	1	0
71szvmFWd7TUa7b6XmXj9k	Emmy Meli	[]	[2021, 2022]	1	0
46UMQ0cW8ToR8egkBRwAxZ	Cynthia Erivo	['pop soul']	[2021]	1	1
30orN5PtRhj9fN2Myr8HKV	Harry Simeone Chorale	[]	[2021]	1	0
1hzMVbytLyyHMTOSDpIl6i	Donyay	[]	[2021]	1	0
1nzgtKYFckznkcVMR3Gg4z	KSI	['uk hip hop']	[2021]	1	1
3k8ZeZhoXIF7aP3p5Hgja3	Maryli Morett	[]	[2021]	1	0
3IwO7IAIsQn4UHafxRHESo	ZeXzy	[]	[2021]	1	0
0hDjKSKjl1DC7ovYTDJHe8	Bruno Major	['singer-songwriter pop']	[2021]	1	0
7AQJ6lwVCcej6eKZXQZus4	Pebbles The Invisible Girl	[]	[2021]	1	1
44vREmJC0OlVZjZaGLqVEd	Morray	['pop rap']	[2021]	1	1
7J0hrNYCO5DgAx0XaRJqkh	Yung Kayo	['rage rap']	[2021]	1	1
3CQIn7N5CuRDP8wEI7FiDA	Run–D.M.C.	['east coast hip hop', 'golden age hip hop', 'hip hop', 'old school hip hop', 'queens hip hop', 'rap']	[2021]	1	0
6QrQ7OrISRYIfS5mtacaw2	Jaymes Young	['indie poptimism']	[2021, 2022]	1	0
0RpddSzUHfncUWNJXKOsjy	Neon Trees	['modern rock', 'neo mellow', 'pop rock', 'pov: indie']	[2021, 2022]	1	0
6Xiuj9T13YmHkjZ70VWerK	PTAF	[]	[2021]	1	1
7iTLGcddv1bOPirdYJjKVy	Dj Yo!	[]	[2021]	1	1
5fUXK5m3BNwoRgTyKq8tnz	AX'EL	[]	[2021]	1	1
72Nhcx7prNk2ZCxhx0Y5es	Amy Grant	['christian music']	[2021]	1	0
6auWB5YAlcKaHyrbTH66nd	No Rome	['indietronica']	[2021]	1	1
6PsGqL0PFwxHuUNhbLVpEi	No Name No Fame	[]	[2021]	1	0
64H8UqGLbJFHwKtGxiV8OP	THE ANXIETY	['modern alternative pop']	[2021, 2022]	1	1
1xoxekeb8jUVHKJB7m6bfg	Tyler Cole	['bedroom soul']	[2021, 2022]	1	1
03d2mJXSMtuPI0nIvLnhoS	Zoe Wees	['german pop']	[2021]	1	1
6lay1nwbE6hTx1jivysUAL	Princess Nokia	['alternative r&b', 'escape room', 'lgbtq+ hip hop', 'trap queen']	[2021]	1	1
4np9Zzw0SEYQLcGv28P51q	TRAVI	[]	[2021]	1	1
5delTPpDAtBDsjk60f5xnt	Autumn!	['emoplugg', 'glitchcore', 'plugg', 'pluggnb']	[2021]	1	0
4bthk9UfsYUYdcFyqxmSUU	Tears For Fears	['new romantic', 'new wave', 'new wave pop', 'permanent wave', 'rock', 'sophisti-pop', 'synthpop']	[2021]	1	0
53rBi3LpNcMJUTSANS6uYT	DAISY WORLD	[]	[2021]	1	1
3M9XAM57a4qFz3v6Lq27t2	Kellin Quinn	[]	[2021]	1	1
4yu2MuSk8aug2mviKZCLCU	Ellie Nelson	[]	[2021]	1	0
0X3nsc84A9qlFilmlWNwQb	Scorey	['upstate ny rap']	[2021]	1	1
0fGcIStdT1OpFFhOC7Wp36	Teezo Touchdown	['chill abstract hip hop', 'indie hip hop']	[2021]	1	1
57dN52uHvrHOxijzpIgu3E	Ratatat	['indietronica']	[2021, 2022]	1	1
0tvpihdAsKiNnP6sWS3jUI	TroyBoi	['bass trap', 'electronic trap']	[2021]	1	1
4U44HqrUwzfE2GEx9NXllw	Louie Ray	['detroit hip hop', 'flint hip hop']	[2021]	1	1
4Euia7UzdRshy1DJOSMTcs	220 KID	['uk dance']	[2021]	1	1
0I6yADrmeyvw66g7yjkqIF	The Living Tombstone	['otacore', 'pixel', 'pov: indie']	[2021]	1	0
2J2V1PxHVZ1ANtT8Y2UdTS	Like	[]	[2021]	1	1
2AMeiDbfU2vonrTkpXDKUu	Kay Flock	['bronx drill', 'melodic drill', 'new york drill']	[2021]	1	1
7pnTkKShdYS8BnmTHhcEaa	Ben Burgess	['texas country']	[2021]	1	1
37BIBvfliXJpSgn10yQUJM	Mr. Naisgai	[]	[2021]	1	1
1Cd373x8qzC7SNUg5IToqp	BoyWithUke	['sad rap']	[2021, 2022]	1	0
6bS1ddLkqrK5Jl6GyKK4j2	Og Bobby Billions	[]	[2021]	1	1
19ra5tSw0tWufvUp8GotLo	George Michael	['new wave pop']	[2021]	1	0
5k979N1TnPncUyqlXlaRSv	The Longest Johns	['shanty']	[2021]	1	0
2f6hqWBFjqS1EUHMS1JOFB	Unfoonk	['atl trap']	[2021]	1	1
5SHxzwjek1Pipl1Yk11UHv	Tom Grennan	['uk pop']	[2021]	1	1
5rOkxO8Va1CnXhF7nrHMrU	YGTUT	['indie hip hop', 'tennessee hip hop', 'underground hip hop']	[2021]	1	1
2eam0iDomRHGBypaDQLwWI	Bleachers	['indie pop', 'modern rock', 'pov: indie']	[2021]	1	1
6aZyMrc4doVtZyKNilOmwu	Colbie Caillat	['dance pop', 'neo mellow', 'pop']	[2021]	1	1
2hl0xAkS2AIRAu23TVMBG1	Kansas	['album rock', 'classic rock', 'hard rock', 'heartland rock', 'mellow gold', 'progressive rock', 'rock', 'soft rock']	[2021]	1	0
3Z02hBLubJxuFJfhacLSDc	Bryan Adams	['canadian pop', 'canadian singer-songwriter', 'classic canadian rock', 'heartland rock', 'mellow gold', 'soft rock']	[2021]	1	0
2QWIScpFDNxmS6ZEMIUvgm	Julieta Venegas	['latin alternative', 'latin pop', 'latin rock', 'rock en espanol']	[2021, 2022]	1	1
2YOYua8FpudSEiB9s88IgQ	Yung Gravy	['meme rap', 'minnesota hip hop']	[2021]	1	0
00CMSJdbf36zOzKB3z8JrR	Victor Cardenas	[]	[2021]	1	1
3JfbHWZ07sSBjbojTU2hAt	Dj Adoni	['dembow dominicano']	[2021]	1	1
3klZnJvYGIbWritVwQD434	Duncan Laurence	['dutch pop']	[2021]	1	0
7b79bQFziJFedJb75k6hFt	Tion Wayne	['london rap', 'uk hip hop']	[2021]	1	1
3FoFW2AoUGRHBacC6i4x4p	Russ Millions	['melodic drill', 'uk drill']	[2021]	1	1
7m0BsF0t3K9WQFgKoPejfk	ArrDee	['uk hip hop']	[2021]	1	1
63ebc5zUpJ36aoTDQJHa9B	E1 (3x3)	[]	[2021]	1	1
2uIRmVaCVpHQjaVgph5clS	ZT (3x3)	[]	[2021]	1	1
4Dokdwa3WB7ilQ2c2qvIBL	Bugzy Malone	['grime', 'manchester hip hop', 'uk hip hop']	[2021]	1	1
5AiY4bxeXerLXx03JADdQv	Buni	['uk drill']	[2021]	1	1
4QSTyDpxsKmv3UfavVUImR	Darkoo	['afrobeats', 'afroswing', 'london rap', 'uk hip hop']	[2021]	1	1
6hj2p7pzusn5Fcdi35Yedr	$ilkMoney	['drumless hip hop']	[2021]	1	0
5H6xmHXjsq98NLbEjuE29f	NEIKED	['scandipop']	[2021, 2022]	1	1
1BEUkE2CSUgHTLSBMZdnFB	Mae Muller	['uk contemporary r&b', 'uk pop']	[2021, 2022]	1	1
22hWz22JAmIhIEp0u1X01L	DUSTY LOCANE	['new york drill']	[2021]	1	0
6W32hq7OVgrNXNCEU4RgfD	Tamae	[]	[2021]	1	1
59HbaJ5E8ud7FNLGqUN1KH	Capella Grey	['pop rap']	[2021]	1	1
6wwBv5Rq6Ev2USsDsIZO1o	DJ Cucumber Slice	[]	[2021]	1	1
6TsHQClbheVZTyc97g5Nc4	No More Heroes	[]	[2021]	1	1
5XUnUX8kk3l0a8WDHsWQ9B	Ast3p	[]	[2021]	1	0
3jeXY6LJU0ZiKhXoXa9rRw	PmBata	['indie hip hop', 'pixel']	[2021]	1	1
0jPnVIasXzBYjrlpO5irii	Ingrid Andress	['contemporary country']	[2021]	1	1
59TV2OX3lSIlALY4zlFPh4	SoGone SoFlexy	[]	[2021]	1	1
335TWGWGFan4vaacJzSiU8	A. G. Cook	['bubblegum bass', 'escape room', 'hyperpop', 'proto-hyperpop']	[2021]	1	1
3Oim8XBPbznAa8Jj8QzNc8	Cults	['experimental pop', 'indie surf']	[2021, 2022]	1	1
4vpGVGgxSDcCTmqYbsOnsn	Amber Coffman	['art pop']	[2021, 2022]	1	1
52K4ArhA4OgMO7AsyEgqCT	Bow Wow Wow	['new romantic', 'new wave', 'new wave pop']	[2021]	1	0
674vzBAaikJS08izx3A7Qb	MohandBadz	[]	[2021]	1	0
6xKZIV7sBoUHmRRHjuMtu3	Slade Da Monsta	[]	[2021]	1	1
3bhu7P5PfngueRHiB9hjcx	Elle King	['modern blues rock']	[2021]	1	1
4axKuDPr6WKcDCyh8vueTY	Luar La L	['trap latino', 'urbano latino']	[2021]	1	1
3TmVOBZL0RYrAAF3f2QSGq	Kossisko	['cali rap']	[2021]	1	1
1ZbmerOthZbxz5eR3c9Mn1	Icewear Vezzo	['detroit hip hop', 'detroit trap', 'florida drill', 'memphis hip hop']	[2021]	1	1
3zZ88AwlTwfCJkowsFCvLA	Babyface Ray	['detroit hip hop', 'detroit trap']	[2021]	1	1
31yqUKDLuRIRp6WrGHijf9	Taurus	[]	[2021]	1	1
40eKSsnN2YOIEIBvbzGHdu	Asuking	[]	[2021]	1	0
5sWHDYs0csV6RS48xBl0tH	Two Feet	['indie poptimism', 'modern rock']	[2021]	1	1
3okdBzP0MXH16NNNq8reTf	HSM	[]	[2021]	1	0
29M3C4IzWXrztUr4cV2umC	King Los	['battle rap']	[2021]	1	1
3zpKjsMg2gw1St5WcWoUJN	EPMD	['east coast hip hop', 'golden age hip hop', 'hip hop', 'old school hip hop']	[2021]	1	1
4pnp4w9g30yLfVIAFnZMRd	ACRAZE	['pop dance', 'tech house']	[2021, 2022]	1	1
1c70yCa8sRgIiQxl3HOEFo	Cherish	['atl hip hop', 'girl group', 'hip pop', 'r&b', 'southern hip hop', 'urban contemporary']	[2021, 2022]	1	1
56ZTgzPBDge0OvCGgMO3OY	Beach House	['art pop', 'baltimore indie', 'dream pop', 'dreamo', 'indie pop', 'indie rock', 'indietronica', 'modern dream pop', 'pov: indie']	[2021, 2022]	1	0
7gXb99Sf9nNmpNYeAgIQFG	Sub Urban	['modern indie pop']	[2021]	1	1
5KNSP4rDNmHNaRlHS8sAZp	Supreme Cartel Fye	[]	[2021]	1	1
2qcol27WpwcScUnNr5BbIJ	Michael J Supreme	[]	[2021]	1	1
2l35CQqtYRh3d8ZIiBep4v	MKTO	['pop', 'post-teen pop']	[2021, 2022]	1	0
2Iv9xUxQZyMxknah773Sdw	Ed Ivory	[]	[2021]	1	1
5AAomuiyEWayklKG3qLv6U	Ken Page	['cabaret']	[2021]	1	1
1SCWcYnoEh1978ycTDhZoW	Alvin & The Chipmunks	"[""children's music""]"	[2021]	1	1
4NI5R1DbX27ODY5JTqnv2l	David Seville	['novelty']	[2021]	1	1
3xs0LEzcPXtgNfMNcHzLIP	Rockwell	[]	[2021]	1	0
0f5nVCcR06GX8Qikz0COtT	Omarion	['dance pop', 'hip pop', 'r&b', 'rap', 'southern hip hop', 'trap', 'urban contemporary']	[2021]	1	1
3DgcBA7P0ji5co7Z1Gfp2Q	Kristin Chenoweth	['broadway', 'show tunes']	[2021]	1	0
1xQIR56DxgWYZPUvOLRIua	Amindi	['alternative r&b', 'dancehall']	[2021]	1	1
7pBXdJN9S9N9nNifjPixET	Tohi	['persian pop']	[2021]	1	1
5CEosSs2y4M9THNGI6mej8	Amir Tataloo	['persian pop']	[2021]	1	1
49HlOY4gkHqsYG9GCuhkcc	Celeste	['british soul']	[2021]	1	0
5oNgAs7j5XcBMzWv3HAnHG	DJ Drama	['dirty south rap', 'philly rap', 'southern hip hop', 'trap']	[2021]	1	1
7Lk9V7E1u5gqSHmtcKlOqH	Sara Kays	['alt z', 'gen z singer-songwriter', 'modern indie pop']	[2021]	1	0
7s3eCGNZMrwUQraXlocCBv	Bizzy Banks	['brooklyn drill', 'new york drill']	[2021]	1	1
6wlk4iqaEgEvADMVG6QMd8	James Gillespie	['indie anthem-folk']	[2021]	1	1
4AcHt3JxKy59IX7JNNlZn4	Fitz and The Tantrums	['la indie', 'modern alternative rock', 'modern rock', 'pop rock', 'pov: indie']	[2021, 2022]	1	0
4Ge8xMJNwt6EEXOzVXju9a	Caroline Polachek	['art pop', 'escape room', 'indie pop', 'indietronica']	[2021]	1	1
3nYYI90ObxhjLjdxaoXGSa	Catie Turner	['alt z', 'gen z singer-songwriter']	[2021]	1	0
7zDPvKo7b0I7OPefCwqrsE	Mr Fantastik	[]	[2021]	1	1
6vVztIuqdDHvYWxOEXCzjN	SALES	['indie pop', 'orlando indie']	[2021, 2022]	1	0
0t4OC45mZTJBIjcIJmu4xw	Shotgun Shane	['country rap', 'redneck']	[2021]	1	1
4pr7J7wzgObkE3DD3Izi7q	Young Buck	['crunk', 'dirty south rap', 'nashville hip hop']	[2021]	1	1
3RPYHNSwe3w0mtfJwKIN9P	Bubba Sparxxx	['atl hip hop', 'country rap', 'dirty south rap', 'redneck', 'southern hip hop']	[2021]	1	1
0WjSAbrLXrBIpfWSrZIRi2	XoMusic	[]	[2021]	1	0
5nGIFgo0shDenQYSE0Sn7c	Evanescence	['alternative metal']	[2021]	1	0
4FeLiFUPdxVfFo8oOfA4BH	Rah Swish	['brooklyn drill', 'new york drill', 'nyc rap']	[2021]	1	1
37M5pPGs6V1fchFJSgCguX	FINNEAS	['alt z', 'la indie', 'pop', 'pov: indie']	[2021]	1	1
757FXqX0Osk2pqtgv4E5v4	NURKO	['melodic dubstep', 'pop edm']	[2021]	1	1
0urTpYCsixqZwgNTkPJOJ4	Aaliyah	['contemporary r&b', 'dance pop', 'hip pop', 'r&b', 'urban contemporary']	[2021]	1	1
7gHscNMDI8FF8pcgrV8eIn	Matt Maeson	['pov: indie']	[2021]	1	1
6jeg7JBX9J9097esK752iR	Smiley	['canadian hip hop', 'toronto rap']	[2021]	1	1
3Q5An7JZqgdAu2oHDzwMyE	JORDY23	[]	[2021]	1	0
7dIpKWlEeAljA20vFJ82RD	Roar	['pov: indie', 'weirdcore']	[2021, 2022]	1	0
7mEIug7XUlQHikrFxjTWes	Neil Diamond	['adult standards', 'brill building pop', 'folk rock', 'heartland rock', 'mellow gold', 'singer-songwriter', 'soft rock', 'yacht rock']	[2021]	1	0
57t5Fxg8oWwrk9SaTaWE18	Jordi Rivera	['dutch edm', 'future house']	[2021]	1	1
3M6DDMNuxoccVfUSPgbupI	Sonny Bass	['dutch edm', 'future house']	[2021]	1	1
0aKS1m1pFD0WwcYo6P02HU	YungLiV	['philly drill']	[2021]	1	1
1G79HjKLqjevxhllvfICNl	Solkatt	[]	[2021]	1	0
6WjcaQanKJEUjx4NUm47eX	Mir0sama	[]	[2021]	1	0
2vnB6tuQMaQpORiRdvXF9H	Beach Bunny	['bubblegrunge', 'chicago indie', 'indie pop', 'pov: indie']	[2021]	1	0
2QMsj4XJ7ne2hojxt6v5eb	Riley Green	['contemporary country', 'country road', 'modern country rock']	[2021]	1	0
08Ld63UgKrJ0nZnCkzHtzc	Project Pat	['crunk', 'dirty south rap', 'gangster rap', 'memphis hip hop', 'trap']	[2021, 2022]	1	1
3LGDeDdWxFwVXfZf7jvdZe	Ajdaguru	[]	[2021]	1	0
4wP1kxjUsc9IR4Iy2smL7o	Trinidad Cardona	['sped up']	[2021]	1	0
7jDblfQQLFAZCKXFfoGZ9Q	Jay Worthy	['drumless hip hop']	[2021]	1	1
7i9j813KFoSBMldGqlh2Z1	Riton	['house', 'pop dance', 'uk dance']	[2021, 2022]	1	1
1gALaWbNDnwS2ECV09sn2A	Nightcrawlers	['disco house', 'hip house', 'uk dance', 'vocal house']	[2021, 2022]	1	1
4L2dV3zY7RmkeiNO035Fi0	Mufasa & Hypeman	[]	[2021, 2022]	1	1
3Edve4VIATi0OZngclQlkN	Dopamine	[]	[2021, 2022]	1	1
0m2Wc2gfNUWaAuBK7URPIJ	Bono	['hollywood']	[2021]	1	1
1X8wFHJFucBUmBc7spQ4jP	The Edge	[]	[2021]	1	1
5BozIJTTNCufaZpjhy2der	DJ Dahi	[]	[2021]	1	1
3TQ9JTBI2n2hfo7aRONEYV	Sir Mix-A-Lot	['old school hip hop']	[2021]	1	1
2oT7xd9iTO2ejLsNGIMa5f	Flow La Movie	['reggaeton']	[2021]	1	1
5rDXcEIODl8TgGTgrntnjX	Rexx Life Raj	['cali rap']	[2021]	1	1
2bWTIIQP9zaVc55RaMGu7e	Seori	['korean r&b']	[2021]	1	1
3MKCzCnpzw3TjUYs2v7vDA	Pyotr Ilyich Tchaikovsky	['classical', 'classical drill', 'late romantic era', 'russian romanticism']	[2021]	1	1
1W3sZMluDmealiI6B5awE9	Russian National Orchestra	['orchestra', 'russian orchestra']	[2021]	1	1
2YdRnOqBXCl9g8xCLcGh8C	Mikhail Pletnev	['classical performance', 'russian classical piano']	[2021]	1	1
4akybxRTGHJZ1DXjLhJ1qu	Kirk Franklin	['gospel', 'gospel r&b']	[2021]	1	1
6aq8T2RcspxVOGgMrTzjWc	Soft Cell	['new romantic', 'new wave', 'new wave pop', 'synthpop']	[2021]	1	0
2y246nnP9pQT0E6v3ZMMOO	Night Lovell	['aesthetic rap', 'canadian hip hop', 'canadian trap', 'cloud rap', 'dark trap', 'ottawa rap']	[2021]	1	1
1bqJuNMz1iBqWo9B0BdIiM	FN DaDealer	['atl trap']	[2021]	1	1
73KwqWuob0R53I14Vs56p9	Jesy Nelson	[]	[2021]	1	1
0Im4XjInyfMuA2lVkalOGK	Carol Richards	[]	[2021]	1	1
4u4pwiLSggTeMrJ45Q1ZS2	Brandon Shinin	[]	[2021]	1	0
1suIIDedjFJRuu8k7b55hZ	Gayla Peevey	['novelty']	[2021]	1	0
5K0rbdBrs2tNXe5LeWMATT	Bootsy Collins	['funk', 'p funk', 'soul']	[2021]	1	1
4nm6Hgpmf0JvvzqZWa9oO3	André Aires	[]	[2021]	1	0
3kbZktWDmZap1BaRYW86Uo	KJoke	[]	[2021]	1	1
1kkm5EA8ZgbWmCqzMdV1z8	RAOK	[]	[2021]	1	1
0qsmlfFM2dqOw9T7TcwrLi	RamaBao$	[]	[2021]	1	1
3W7Y1wQkEmMPXodMc767Pm	LILmackMIni	[]	[2021]	1	1
25tUP0bzIoLQTi4lGfxlg7	Millie	[]	[2021]	1	1
6x9QLdzo6eBZxJ1bHsDkjg	Sisqo	['contemporary r&b', 'dirty south rap', 'hip pop', 'r&b', 'urban contemporary']	[2021]	1	1
46gyXjRIvN1NL1eCB8GBxo	All Time Low	['modern rock', 'neon pop punk', 'pop punk']	[2021]	1	0
2LmcxBak1alK1bf7d1beTr	Juhn	['reggaeton', 'reggaeton flow', 'trap latino', 'urbano latino']	[2021]	1	1
6PH3FLQAxtqYy46Zv08bpV	Ivan Cornejo	['sad sierreno']	[2021]	1	0
0p4ViyfJUTW0IT4SCBLexf	Drakeo the Ruler	['cali rap']	[2021]	1	1
7gXy60xRcwYujBFoYHnR2O	Big Red Machine	['eau claire indie', 'folktronica']	[2021]	1	1
4qXC0i02bSFstECuXP2ZpL	Blxst	['pop rap', 'westcoast flow']	[2021]	1	1
61GrWHOtJOXpqQjibezT8i	HVN	['rage rap']	[2021]	1	1
5PHYg0IcnpyZJ1y9euAx4i	YTB Trench	[]	[2021]	1	1
6utdPEv71mR0DnGp74cJIz	Disney Characters	['movie tunes']	[2021]	1	0
0LcJLqbBmaGUft1e9Mm8HV	ABBA	['europop', 'swedish pop']	[2021]	1	0
220xv2aB3dsGxaJI1gGs7l	Hotboii	['florida drill', 'florida rap']	[2021]	1	1
7y70dch6JuuuNnwlsOQvwW	Nitty Gritty Dirt Band	['country rock', 'heartland rock']	[2021]	1	0
0iOVhN3tnSvgDbcg25JoJb	Etta James	['jazz blues', 'soul', 'soul blues', 'torch song', 'vocal jazz']	[2021]	1	0
4lDiJcOJ2GLCK6p9q5BgfK	Kontra K	['christlicher rap', 'german hip hop']	[2021]	1	1
6DFLc5QqAw2mxhMEoLXIdj	BACI	['cologne hip hop']	[2021]	1	1
36KsCCwgI0Dep97yVJWmkK	Monsieur Periné	['colombian pop', 'gypsy jazz', 'latin alternative']	[2021]	1	1
2Otnykd696YidQYfEGVmNq	Vicente Garcia	['bachata', 'dominican pop', 'reggae en espanol']	[2021]	1	1
6f4XkbvYlXMH0QgVRzW0sM	Waka Flocka Flame	['atl hip hop', 'dirty south rap', 'rap', 'southern hip hop', 'trap']	[2021, 2022]	1	1
0bfX8pF8kuHNCs57Ms4jZb	Roscoe Dash	['atl hip hop', 'dirty south rap', 'futuristic swag', 'southern hip hop', 'trap']	[2021, 2022]	1	1
75VKfyoBlkmrJFDqo1o2VY	Fireboy DML	['afrobeats', 'nigerian pop']	[2021]	1	1
6ElqtIfQsAkEYypgfJIjeK	DannyLux	['sad sierreno', 'sierreno']	[2021, 2022]	1	1
1m7LSAMIB1BErIHYSOn32W	DJ Scheme	['viral rap']	[2021]	1	1
3TNt4aUIxgfy9aoaft5Jj2	Yeah Yeah Yeahs	['alternative dance', 'alternative rock', 'art pop', 'dance-punk', 'garage rock', 'indie rock', 'modern rock', 'neo-synthpop', 'new rave']	[2021]	1	1
1rAv1GhTQ2rmG94p9lU3rB	Julian Casablancas	['indie rock']	[2021]	1	1
6CwfuxIqcltXDGjfZsMd9A	MARINA	['metropopolis', 'pop', 'pov: indie', 'uk alternative pop']	[2021]	1	0
29PgYEggDV3cDP9QYTogwv	Carolina Gaitán - La Gaita	['movie tunes']	[2021, 2022]	1	1
36CUTsdtNgCwMq6zKD1l8I	Mauro Castillo	['modern salsa', 'movie tunes', 'salsa colombiana']	[2021, 2022]	1	1
2as15AH2BTrPk8v4gyElmr	Rhenzy Feliz	[]	[2021, 2022]	1	1
0sMAHzxguan2KpnKFZPW2d	Sadie Jean	['alt z', 'singer-songwriter pop']	[2021]	1	0
15ZjD8Gus20Miqw3fdOaXX	Stunna Gambino	['nyc rap']	[2021]	1	1
6Rw7DRa1dzChBvxGPCpOxU	Niko Moon	[]	[2021]	1	0
4gvjmrtzydbMpyJaXUtwvP	Addison Rae	[]	[2021]	1	0
4IJczjB0fJ04gs4uvP0Fli	Gym Class Heroes	['dance pop', 'pop rap']	[2021]	1	0
3yDIp0kaq9EFKe07X1X2rz	Nile Rodgers	['disco']	[2021]	1	1
4hz8tIajF2INpgM0qzPJz2	Rainbow Kitten Surprise	['pov: indie']	[2021, 2022]	1	0
4pzAvicKWenQtv9zIQim47	Rock Mafia	[]	[2021]	1	1
22282KfMxDo2PMjnBc82I4	Biz Markie	['east coast hip hop', 'golden age hip hop', 'old school hip hop']	[2021]	1	0
6yJ6QQ3Y5l0s0tn7b0arrO	JPEGMAFIA	['alternative hip hop', 'experimental hip hop', 'industrial hip hop', 'underground hip hop']	[2021]	1	1
2PsjBHyb950JI7BHXY10TD	Cool & Dre	[]	[2021]	1	1
6p2HnfM955TI1bX34dkLnI	The Backseat Lovers	['pov: indie', 'slc indie']	[2021, 2022]	1	0
4E8aaBZP7bBvxFpIlXPEmb	Baxuz	[]	[2021]	1	0
2kHxkdiKCSnHMkhIgFBZaI	Kristen Bell	['movie tunes']	[2019]	1	1
0PYSU1xJn8ay3ckZYsumdH	Cast of Frozen 2	[]	[2019]	1	1
6HOYSQk7Npiuuy5KDdJQ3o	Kiddo Marv	['miami hip hop']	[2019]	1	1
5ujrA1eZLDHR7yQ6FZa2qA	Vera Blue	['australian indie', 'australian pop']	[2019]	1	1
3BbPRvYQ0M9SFmhkHXozLm	Ambjaay	['cali rap', 'viral rap']	[2019]	1	0
0YCL71Clky5els6NireSBP	Liv.e	['alternative r&b', 'experimental hip hop', 'hypnagogic pop']	[2019]	1	1
7cvtOrIEaUrqbGmYA9Kj34	Gunplay	['gangster rap', 'miami hip hop', 'trap']	[2019]	1	1
3Bd1cgCjtCI32PYvDC3ynO	London Grammar	['metropopolis', 'nottingham indie']	[2019]	1	1
4tMm1dU6Gn04VAZ9ClHcIZ	Jacquees	['atl hip hop', 'pop r&b', 'r&b', 'rap', 'trap']	[2019]	1	1
5cMgGlA1xGyeAB2ctYlRdZ	Gang Starr	['alternative hip hop', 'conscious hip hop', 'east coast hip hop', 'hardcore hip hop', 'hip hop']	[2019]	1	1
7HO5fOXE4gh3lzZn64tX2E	Mariah the Scientist	['alternative r&b']	[2019]	1	1
0MsXN56oNCyqorqEPViWgQ	Carlos Santana	[]	[2019]	1	1
0uNEy4544VZq2KOl7BsLuo	Lalah Hathaway	['contemporary r&b', 'neo soul', 'quiet storm', 'r&b', 'urban contemporary']	[2019]	1	1
142TY556WknD1ZRV8XilJQ	Joe Janiak	[]	[2019]	1	1
1oMiDFyAgmIzw9ZBQYHOJI	El Guincho	['deep latin alternative', 'musica canaria']	[2019]	1	1
5vBrKGOjN10BMwB0cJADj4	bülow	['alt z', 'indietronica']	[2019]	1	1
5sCKWuakYloVbUIhqo5ZCa	DB Omerta	['atl hip hop', 'atl trap']	[2019]	1	1
63XBtGSEZINSyXylZxEUbv	Victoria Monét	['alternative r&b']	[2019]	1	1
2ums0zsrtQqsI77ol2KIRt	Dwn2earth	['trap soul']	[2019]	1	1
0IVapwlnM3dEOiMsHXsghT	Nosaj Thing	['chillwave', 'electronica', 'future garage', 'glitch hop', 'indietronica', 'intelligent dance music', 'wonky']	[2019]	1	1
2OaHYHb2XcFPvqL3VsyPzU	Rico Nasty	['alternative r&b', 'trap queen']	[2019]	1	1
7xDiCwbxPFkL5mFgjirxpV	Nate Fox	[]	[2019]	1	1
5fikk4h5qbEebqK2Fc6e48	En Vogue	['contemporary r&b', 'girl group', 'hip pop', 'new jack swing', 'r&b', 'urban contemporary']	[2019]	1	1
4x3CdMQ3YjnPn4Evhyni5y	Kierra Sheard	['gospel', 'gospel r&b']	[2019]	1	1
7KduBCxhfAMiQlhMOHL3IZ	Robb Bank$	['cloud rap', 'dark trap', 'miami hip hop', 'underground hip hop']	[2019]	1	1
2gyv1akuIB9fQvXoGSPaJr	Big Freedia	['bounce', 'escape room', 'lgbtq+ hip hop', 'new orleans rap', 'trap queen']	[2019]	1	1
1igVsxmGxt1VTKPulM0EuA	Jungleboi	[]	[2019]	1	1
07EcmJpfAday8xGkslfanE	Kevin Abstract	['afrofuturism', 'lgbtq+ hip hop']	[2019]	1	0
0b1sIQumIAsNbqAoIClSpy	j-hope	['k-pop', 'k-rap']	[2019]	1	1
3o6TKTQIu0lCYcNtSO3i1G	Prinze George	['etherpop', 'vapor pop']	[2019]	1	1
14scxEoUN7Dcx1m4EQ7oHe	Ashley O	[]	[2019]	1	0
4rojTfP5nRkmYpdSbWQgV4	Death Stranding: Timefall	['video game music']	[2019]	1	1
2c9O21YLFy4tFI9zCVhbFg	Sunday Service Choir	[]	[2019]	1	1
5usbqiU7sjvszjWecANDL6	WESTSIDE BOOGIE	['indie hip hop', 'underground hip hop']	[2019]	1	1
39uOfkRb9XnAEW9zs3JCbb	Big Rube	['atl hip hop']	[2019]	1	1
1cutd8e41XvxXnFPOFIxMD	ALLBLACK	['cali rap']	[2019]	1	1
1XTGADISSMRf8B4TcVGYUC	Ky-Mani Marley	['reggae', 'reggae fusion']	[2019]	1	1
2NUz5P42WqkxilbI8ocN76	Vybz Kartel	['dancehall', 'jamaican dancehall', 'reggae fusion']	[2019]	1	1
4bMNzAopkqYTwkBLwMKsF1	Childish Major	['trap soul', 'underground hip hop']	[2019]	1	1
2oX42qP5ineK3hrhBECLmj	Andy Grammer	['neo mellow', 'post-teen pop']	[2019]	1	0
2txTOM1PXeT6aMDnEtSbn1	Juto	['indie hip hop']	[2019]	1	1
2a0uxJgbvvIRI4GX8pYfcr	J Hus	['afroswing', 'grime', 'uk hip hop']	[2019]	1	1
2J257euzcjnDLipsyJH3F2	Clipse	['alternative hip hop', 'hardcore hip hop', 'hip hop', 'southern hip hop', 'virginia hip hop']	[2019]	1	1
0kQVtbYXplOdbRNlQ3RBOE	DaVionne	[]	[2019]	1	1
7vIKNKDEh3HF9LbBVq3IP3	Tankhead	['dark trap']	[2019]	1	1
1xydRZbuoNd2yasgg5BKpA	Ikabod Veins	[]	[2019]	1	1
6u11Qbko2N2hP4lTBYjX86	Peter Bjorn and John	['alternative dance', 'baroque pop', 'dance-punk', 'indie rock', 'modern rock', 'new rave', 'swedish alternative rock', 'swedish indie pop']	[2019]	1	1
4tYSBptyGeVyZsk8JC4JHZ	Shoreline Mafia	['cali rap']	[2019]	1	1
2gGtD7OGXbNZAY3oCZvZqA	Rob Vicious	['cali rap']	[2019]	1	1
3ppQEG71r7jVpI8RudzycF	OHGEESY	['cali rap']	[2019]	1	1
63GIj2yhFvX1Bzphb9JgVb	Fenix Flexin	['cali rap']	[2019]	1	1
6pb2Dl1FHK081UKW6aUqgF	Master Kato	[]	[2019]	1	1
6Z4JcgqrqgysyHIPRtDIHo	Baby Rose	['alternative r&b']	[2019]	1	1
3XV0lFzNs8BCTwhJTcMiBr	Blue Ivy	[]	[2019]	1	1
6Ip8FS7vWT1uKkJSweANQK	Dave	['uk hip hop']	[2019]	1	1
6fcTRFpz0yH79qSKfof7lp	Seven Lions	['brostep', 'complextro', 'dubstep', 'edm', 'electro house', 'melodic dubstep', 'pop dance', 'progressive house', 'progressive trance']	[2019]	1	1
2RQXRUsr4IW1f3mKyKsy4B	Noah Kahan	['pov: indie', 'singer-songwriter pop']	[2019]	1	1
3UVRliakQfa1pMWIsNuiZ8	Musiq Soulchild	['contemporary r&b', 'neo soul', 'new jack swing', 'r&b', 'urban contemporary']	[2019]	1	1
7AguDSkWdr8NzTOvpTID4W	Lili K	[]	[2019]	1	1
294lNTPZfdqyzt8qnxmFiL	Mereba	['alternative r&b']	[2019]	1	1
5REHfa3YDopGOzrxwTsPvH	Deante' Hitchcock	['atl hip hop', 'underground hip hop']	[2019]	1	1
4j5EnP4t2lSKolLuQh1xvn	St. Beauty	['alternative r&b']	[2019]	1	1
61677A13kBwbTfqECI65p8	DIXSON	['indie r&b']	[2019]	1	1
3HQyFCFFfJO3KKBlUfZsyW	Randy Newman	['movie tunes', 'singer-songwriter']	[2019]	1	1
5wTdspmxzb8V4ZjvDodpBo	A Touch Of Class	['europop']	[2019]	1	1
0FVsUxcFSlxwIM7Qs31s6J	Billy Eichner	['movie tunes']	[2019]	1	1
7xX39IyguhWsTIg4eU2reH	Seth Rogen	['movie tunes']	[2019]	1	1
1kfWoWgCugPkyxQP8lkRlY	Jackson Wang	['k-pop']	[2019]	1	1
6CqjoQyGZlnhnq5gAUz92c	Taylor Bennett	['chicago rap', 'drill', 'lgbtq+ hip hop']	[2019]	1	1
05fo024EFotg9songSENOZ	CocoRosie	['art pop', 'folktronica', 'freak folk', 'new weird america']	[2019]	1	1
3MyB0MyKec3Jq0AH2llk7v	Evan Rachel Wood	['hollywood', 'movie tunes']	[2019]	1	1
5P3mgWx3KvnURMhlVm5pMS	Youv Dee	['french hip hop', 'rap francais']	[2019]	1	1
2NmK5FyrQ18HOPXq1UBzqa	SWV	['contemporary r&b', 'girl group', 'hip pop', 'new jack swing', 'r&b', 'urban contemporary']	[2019]	1	1
1XSB3sCl9cFQhmzaXIZQRd	Pretty Vee	[]	[2019]	1	1
7Aq8lpLMSt1Zxu56pe9bmp	Jagged Edge	['atl hip hop', 'contemporary r&b', 'r&b', 'urban contemporary']	[2019]	1	1
6nfYGe7IIuuP5bMY1jkJP6	Jermaine Dupri	['atl hip hop', 'contemporary r&b', 'dirty south rap', 'hip pop', 'r&b', 'southern hip hop', 'urban contemporary']	[2019]	1	1
6vbY3hOaCAhC7VjucswgdS	Twista	['chicago rap', 'dirty south rap', 'gangster rap', 'trap']	[2019]	1	1
65CKKZilbcSKkAPC9a5Mvh	Oumou Sangaré	['afropop', 'malian blues', 'mande pop', 'wassoulou', 'world']	[2019]	1	1
08v1r0jqDyvSo2LtSqHxcy	Reo Cragun	['canadian hip hop', 'trap soul']	[2019]	1	1
2ndyVAdV9UqF1XjyTJt484	Fred Hammond	['gospel']	[2019]	1	1
4596e2d3KmYzAeVenjCxfj	Free Nationals	['alternative r&b', 'indie soul']	[2019]	1	1
7vXDAI8JwjW531ouMGbfcp	TINI	['latin pop', 'pop argentino']	[2019]	1	1
1bj5GrcLom5gZFF5t949Xl	Martin Solveig	['disco house', 'edm', 'electro house', 'filter house', 'house', 'pop dance', 'vocal house']	[2019]	1	1
3UsKuHTLGkO916MrS3medi	Kidway	[]	[2019]	1	1
2F4vlQrJakgfJhEW93DFcZ	Mally Mall	['slow game', 'west coast trap']	[2019]	1	1
0Dlbufr3A5qPlynEzYg3jI	Corey	[]	[2019]	1	0
5TgQ66WuWkoQ2xYxaSTnVP	Netsky	['belgian edm', 'dancefloor dnb', 'drum and bass']	[2019]	1	1
71sg3tAkpnG5jjfNWFX8zo	Reddz	[]	[2019]	1	1
6RedK3o51NbUJuJxXlT4kj	88-Keys	['alternative hip hop']	[2019]	1	1
4FZ3j1oH43e7cukCALsCwf	Jack White	['alternative rock', 'blues rock', 'garage rock', 'garage rock revival', 'indie rock', 'modern blues rock', 'modern rock', 'punk blues', 'rock']	[2019]	1	1
5EBlHXi71tDXnFtroEh7Rg	Naomi Wild	['indie electropop']	[2019]	1	1
0yq6uHIfFks9yOURUuCITV	Stacy Barthe	['pop soul']	[2019]	1	1
46VWDbmWmzvPBTmkSr25gM	Marsha Ambrosius	['british soul', 'contemporary r&b', 'hip pop', 'neo soul', 'r&b', 'urban contemporary']	[2019]	1	1
5fyvTyetDr7gvLafBsEEhU	Shordie Shordie	['baltimore hip hop', 'cali rap']	[2019]	1	0
5qQFXHDOeYjiZVrCUO56Pk	Maia Wright	['vocal trance']	[2019]	1	1
7z2avKuuiMAT4XZJFv8Rvh	Tom Walker	['indie anthem-folk', 'uk pop']	[2019]	1	0
6eKWqnckwdIlSnjaYgIyxv	Eli Young Band	['classic texas country', 'contemporary country', 'country', 'country road', 'heartland rock']	[2019]	1	0
00XhexlJEXQstHimpZN910	Brytiago	['reggaeton', 'trap latino', 'urbano latino']	[2019]	1	1
3VEfffCnIsuupIrnkgmVtu	Lil Wop	['atl trap', 'underground hip hop']	[2019]	1	1
5xkFVS6IwwgHEAaRzXc9U3	Tay Keith	['memphis hip hop']	[2019]	1	1
3OBsADexDJ29wg3OGVoAji	Zoink Gang	[]	[2019]	1	1
6xS5PpBWaVYraexEkEjjXv	Maxo Kream	['houston rap', 'melodic rap', 'trap', 'underground hip hop']	[2019]	1	1
1i374WEVqp1BCoCLmehog9	Danielle Haim	[]	[2019]	1	1
31JFnMfmvwzZGdEnXaKGek	Herve Pagez	['musique guadeloupe']	[2019]	1	1
5qa31A9HySw3T7MKWI9bGg	FLETCHER	['alt z', 'pop']	[2019]	1	0
3uZFBSsMiooimnprFL9jD1	Snow	['canadian old school hip hop', 'reggae fusion']	[2019]	1	1
5dtbsNKCK6Q9yZzdhZpaqW	Sean Leon	['canadian hip hop', 'toronto rap']	[2019]	1	1
0QWrMNukfcVOmgEU0FEDyD	Jacob Collier	['uk alternative pop']	[2019]	1	1
5nLYd9ST4Cnwy6NHaCxbj8	CeeLo Green	['atl hip hop']	[2019]	1	1
6t9tbRO9Lv6Oq6xtVwfdrn	Theresa Rex	['scandipop']	[2019]	1	1
5QzDzXfXC5lepOBeQXBiVO	Marciano Cantero	[]	[2019]	1	1
6lEhBhAv6HOopjXssi09cq	TisaKorean	['houston rap', 'viral rap']	[2019]	1	1
053q0ukIDRgzwTr4vNSwab	Grimes	['art pop', 'canadian electropop', 'grave wave', 'indietronica', 'metropopolis', 'neo-synthpop']	[2019]	1	1
0y42IQBDFigO5mmEd1bGQG	i_o	['electro house']	[2019]	1	1
2kuTXO1yl1horIqmc9JQnI	Quan'ta	[]	[2019]	1	1
4IhzPEztIBatEdS4DaB0Id	My Dad	[]	[2019]	1	1
4wLAjfeqAsV66AocWNcowA	Buju Banton	['dancehall', 'reggae fusion']	[2019]	1	1
0eezS9KmhdjGN436RdTIXu	Mavado	['dancehall', 'jamaican dancehall', 'reggae fusion']	[2019]	1	1
0rlKkLkpsCnJbZethGBfAk	Captain Cuts	['pop edm']	[2019]	1	1
2SdOKxC1sSxEyv8JYERaNe	RuPaul	['diva house', 'strut']	[2019]	1	1
3k3gbUT7bF0jYmFmAKBQtU	Dan Reynolds	[]	[2019]	1	1
4LZ4De2MoO3lP6QaNCfvcu	Said The Sky	['melodic dubstep', 'pop edm']	[2022]	1	1
6FaLegXtqjGZBH5VFrOlwG	Ktlyn	[]	[2022]	1	1
6rIaHuCIUu32uj2CjlEBN3	Mike Dimes	[]	[2022]	1	0
23xqmJEN3oVxwzqtNIyR5m	AnnenMayKantereit	['cologne indie', 'german singer-songwriter']	[2022]	1	1
5wD0owYApRtYmjPWavWKvb	Giant Rooks	[]	[2022]	1	1
1XkoF8ryArs86LZvFOkbyr	Mary J. Blige	['dance pop', 'neo soul', 'r&b', 'urban contemporary']	[2022]	1	0
5Q81rlcTFh3k6DQJXPdsot	Mura Masa	['channel islands indie', 'hyperpop', 'indie soul', 'vapor soul']	[2022]	1	1
3M3wTTCDwicRubwMyHyEDy	Shygirl	['alternative r&b', 'art pop', 'electra', 'escape room', 'grimewave', 'hyperpop']	[2022]	1	1
5Jz9kKRnCRLTodCH58MyB4	Daz Dillinger	['g funk', 'west coast rap']	[2022]	1	1
3Mcii5XWf6E0lrY3Uky4cA	Ice Cube	['conscious hip hop', 'g funk', 'gangster rap', 'hip hop', 'rap', 'west coast rap']	[2022]	1	0
4vhNDa5ycK0ST968ek7kRr	Carlos Vives	['colombian pop', 'latin pop', 'vallenato']	[2022]	1	0
65smG2lgnRmrDB8g7z1hG0	Paper Route EMPIRE	['memphis hip hop']	[2022]	1	1
4FJvChnzwDxBkD1jzSjNPq	Fat Max Gsus	[]	[2022]	1	1
2WzaAvm2bBCf4pEhyuDgCY	Ruth B.	['alt z', 'canadian contemporary r&b', 'canadian pop', 'pop']	[2022]	1	0
7tjbDPvrdvDshcpEMXKRVb	Gerry Rafferty	['art rock', 'classic rock', 'folk rock', 'mellow gold', 'soft rock']	[2022]	1	0
5yOvAmpIR7hVxiS6Ls5DPO	Omah Lay	['afrobeats', 'nigerian pop']	[2022]	1	1
55U998XxmxjicLMKDSz6R3	Bettye LaVette	['soul blues']	[2022]	1	1
7o2ZQYM7nTsaVdkXY38UAA	Em Beihold	['alt z', 'gen z singer-songwriter']	[2022]	1	0
2W8yFh0Ga6Yf3jiayVxwkE	Dove Cameron	['pop']	[2022]	1	0
1r29dFdSenwksTQdkH7r6I	lil Shordie Scott	['meme']	[2022]	1	0
7tjVFCxJdwT4NdrTmjyjQ6	Muni Long	['indie r&b']	[2022]	1	0
5L8p9kDnX2cgoI8VLUL2p4	BeatKing	['houston rap']	[2022]	1	1
1lE6SEy8f84Zhjvp7r8yTD	Syleena Johnson	['contemporary r&b', 'neo soul', 'r&b', 'urban contemporary']	[2022]	1	1
67lytN32YpUxiSeWlKfHJ3	Yung Lean	['cloud rap', 'psychedelic hip hop', 'underground hip hop']	[2022]	1	0
0U7iI0Dk4Ojvi17nZboNO4	Vacations	['newcastle nsw indie']	[2022]	1	0
3sklFG9fuDAq3vbIZlkNH6	Laura Les	['glitchcore', 'hyperpop', 'proto-hyperpop', 'transpop']	[2022]	1	0
6HaGTQPmzraVmaVxvz6EUc	Jung Kook	['k-pop']	[2022]	1	0
2KEqzdPS7M5YwGmiuPTdr5	Rina Sawayama	['art pop', 'electropop', 'indie pop']	[2022]	1	1
37230BxxYs9ksS7OkZw3IU	Chencho Corleone	['reggaeton flow', 'trap latino', 'urbano latino']	[2022]	1	1
5j93hwFBNo29RJMsWvtzj8	Zelooperz	['alternative hip hop', 'chill abstract hip hop', 'detroit hip hop', 'indie hip hop', 'underground hip hop']	[2022]	1	1
2mpeljBig2IXLXRAFO9AAs	Dido	['dance pop', 'europop', 'lilith', 'neo mellow', 'pop rock']	[2022]	1	1
1xFQto1y20ZS5Q0mSK15wI	pixelbobby	[]	[2022]	1	0
04uu8U3I1h26Fp2NBkPTRZ	Sam Tompkins	['singer-songwriter pop']	[2022]	1	1
164Uj4eKjl6zTBKfJLFKKK	JVKE	['modern indie pop', 'pov: indie', 'singer-songwriter pop']	[2022]	1	0
40ZNYROS4zLfyyBSs2PGe2	Zach Bryan	['classic oklahoma country', 'modern country pop']	[2022]	1	0
33NVpKoXjItPwUJTMZIOiY	David Kushner	['gen z singer-songwriter']	[2022]	1	0
