artist_id	name	genres	years_on_charts	num_hits	num_collab_hits
06HL4z0CvFAxyc27GXpf02	Taylor Swift	['pop']	[2017, 2018, 2019, 2020, 2021, 2022]	190	25
3Nrfpe0tUJi4K4DXYWgMUX	BTS	['k-pop', 'k-pop boy group', 'pop']	[2017, 2018, 2019, 2020, 2021, 2022]	161	27
3TVXtAsR1Inumwj472S9r4	Drake	['canadian hip hop', 'canadian pop', 'hip hop', 'rap', 'toronto rap']	[2017, 2018, 2019, 2020, 2021]	105	50
66CXWjxzNUsdJxJ2JdwvnR	Ariana Grande	['pop']	[2017, 2018, 2019, 2020, 2021, 2022]	92	41
1uNFoZAHBGtllmzznpCI3s	Justin Bieber	['canadian pop', 'pop']	[2017, 2018, 2019, 2020, 2021, 2022]	81	50
5JZ7CnR6gTvEMKX4g70Amv	Lauv	['pop']	[2017, 2018, 2019, 2020, 2021, 2022]	81	26
7n2Ycct7Beij7Dj7meI4X0	TWICE	['k-pop', 'k-pop girl group', 'pop']	[2018, 2019, 2020, 2021, 2022]	79	2
1Xyo4u8uXC1ZmMpatF05PJ	The Weeknd	['canadian contemporary r&b', 'canadian pop', 'pop']	[2017, 2018, 2019, 2020, 2021, 2022]	77	26
246dkjvS1zLTtiykXe5h60	Post Malone	['dfw rap', 'melodic rap', 'pop', 'rap']	[2017, 2018, 2019, 2020, 2021, 2022]	73	39
6eUKZXaKkcviH0Ku9w2n3V	Ed Sheeran	['pop', 'singer-songwriter pop', 'uk pop']	[2017, 2018, 2019, 2020, 2021, 2022]	71	38
6LuN9FCkKOj5PcnpouEgny	Khalid	['pop', 'pop r&b']	[2017, 2018, 2019, 2020, 2021, 2022]	64	40
69GGBxA162lTqCwzJG5jLp	The Chainsmokers	['electropop', 'pop']	[2017, 2018, 2019, 2020, 2021, 2022]	58	38
0Y5tJX1MQlPlqiwlOH1tJY	Travis Scott	['hip hop', 'rap', 'slap house']	[2017, 2018, 2019, 2020, 2021]	57	36
6qqNVTkY8uBg9cP3Jd7DAH	Billie Eilish	['art pop', 'electropop', 'pop']	[2018, 2019, 2020, 2021, 2022]	53	4
41MozSoPIsD1dJM0CLPjZF	BLACKPINK	['k-pop', 'k-pop girl group', 'pop']	[2017, 2018, 2019, 2020, 2021, 2022]	52	7
6XyY86QOPPrYVGvF9ch6wz	Linkin Park	['alternative metal', 'nu metal', 'post-grunge', 'rap metal', 'rock']	[2017]	52	6
0ghlgldX5Dd6720Q3qFyQB	TOMORROW X TOGETHER	['k-pop', 'k-pop boy group']	[2019, 2020, 2021, 2022]	51	3
5K4W6rqBFWDnAN6FQUkS6x	Kanye West	['chicago rap', 'hip hop', 'rap']	[2017, 2018, 2019, 2020, 2021]	46	11
3cjEqqelV9zb4BYE3qDQ4O	EXO	['k-pop', 'k-pop boy group']	[2017, 2018, 2019, 2020, 2021]	46	0
7n2wHs1TKAczGzO7Dd2rGr	Shawn Mendes	['canadian pop', 'pop', 'viral pop']	[2017, 2018, 2019, 2020, 2021, 2022]	46	12
4nDoRrQiYLoBzwC5BhVJzF	Camila Cabello	['dance pop', 'pop']	[2017, 2018, 2019, 2020, 2021, 2022]	45	22
2wY79sveU1sp5g7SokKOiI	Sam Smith	['pop', 'uk pop']	[2017, 2018, 2019, 2020, 2021, 2022]	44	8
3MZsBdqDrRTJihTHQrO6Dq	Joji	['viral pop']	[2017, 2018, 2019, 2020, 2021, 2022]	43	17
6M2wZ9GZgrQXHCFfjv46we	Dua Lipa	['dance pop', 'pop', 'uk pop']	[2017, 2018, 2019, 2020, 2021, 2022]	41	19
0C8ZW7ezQVs4URX5aX7Kqx	Selena Gomez	['pop', 'post-teen pop']	[2017, 2018, 2019, 2020, 2021, 2022]	40	19
49tQo2QULno7gxHutgccqF	LANY	['la pop']	[2017, 2018, 2019, 2020, 2021]	39	7
26VFTg2z8YR0cCuwLzESi2	Halsey	['electropop', 'etherpop', 'indie poptimism', 'pop']	[2017, 2018, 2019, 2020, 2021, 2022]	37	19
04gDigrS5kc9YWfZHwBETP	Maroon 5	['pop']	[2017, 2018, 2019, 2020, 2021, 2022]	37	24
3qNVuliS40BLgXGxhdBdqu	TAEYEON	['k-pop']	[2017, 2018, 2019, 2020, 2021, 2022]	37	2
5ZsFI1h6hIdQRw2ti0hz81	ZAYN	['pop', 'uk pop']	[2017, 2018, 2019, 2020, 2021]	35	14
2dIgFjalVxs4ThymZ67YCE	Stray Kids	['k-pop', 'k-pop boy group', 'pop']	[2018, 2019, 2020, 2021, 2022]	35	1
7nqOGRxlXj7N2JYbgNEjYH	SEVENTEEN	['k-pop', 'k-pop boy group']	[2017, 2018, 2019, 2020, 2021, 2022]	35	1
7dGJo4pcD2V6oG8kP0tJRR	Eminem	['detroit hip hop', 'hip hop', 'rap']	[2017, 2018, 2019, 2020, 2021]	35	19
0hCNtLu0JehylgoiP8L4Gh	Nicki Minaj	['hip pop', 'pop', 'queens hip hop', 'rap']	[2017, 2018, 2019, 2020]	35	32
53XhwfbYqKCa1cC15pYq2q	Imagine Dragons	['modern rock', 'pop', 'rock']	[2017, 2018, 2019, 2020, 2021, 2022]	33	6
2IDLDx25HU1nQMKde4n61a	Rich Brian	['indonesian hip hop']	[2017, 2018, 2019, 2020, 2021, 2022]	32	19
4dpARuHxo51G3z768sgnrY	Adele	['british soul', 'pop', 'pop soul', 'uk pop']	[2017, 2018, 2019, 2020, 2021, 2022]	31	0
4MCBfE4596Uoi2O4DtmEMz	Juice WRLD	['chicago rap', 'melodic rap', 'rap']	[2018, 2019, 2020, 2021, 2022]	31	17
3WGpXCj9YhhfX11TToZcXP	Troye Sivan	['australian pop', 'pop', 'viral pop']	[2017, 2018, 2019, 2020, 2021, 2022]	31	13
4gzpq5DPGxSnKTe4SA8HAU	Coldplay	['permanent wave', 'pop']	[2017, 2018, 2019, 2020, 2021, 2022]	30	9
7vk5e3vY1uw9plTHJAMwjN	Alan Walker	['electro house']	[2017, 2018, 2019, 2020, 2021, 2022]	30	24
7f4ignuCJhLXfZ9giKT7rH	NCT 127	['k-pop', 'k-pop boy group']	[2017, 2018, 2019, 2020, 2021, 2022]	29	1
4kYSro6naA4h99UJvo89HB	Cardi B	['pop', 'rap']	[2017, 2018, 2019, 2020, 2021]	29	23
5WUlDfRSoLAfcVSX1WnrxN	Sia	['australian dance', 'australian pop', 'pop']	[2017, 2018, 2019, 2020, 2021, 2022]	29	19
2jnIB6XdLvnJUeNTy5A0J2	Why Don't We	['boy band', 'pop']	[2017, 2018, 2019, 2020, 2021, 2022]	28	2
3HqSLMAZ3g3d5poNaI7GOU	IU	['k-pop', 'pop']	[2017, 2018, 2019, 2020, 2021, 2022]	28	6
1HY2Jd0NmPuamShAr6KMms	Lady Gaga	['art pop', 'dance pop', 'pop']	[2017, 2018, 2019, 2020, 2021]	28	9
0ZED1XzwlLHW4ZaG4lOT6m	Julia Michaels	['pop']	[2017, 2018, 2019, 2020, 2021, 2022]	28	17
7tYKF4w9nC0nq9CsPZTHyP	SZA	['pop', 'r&b', 'rap']	[2017, 2018, 2019, 2020, 2021, 2022]	28	26
2YZyLoL8N0Wb9xBt1NhZWg	Kendrick Lamar	['conscious hip hop', 'hip hop', 'rap', 'west coast rap']	[2017, 2018, 2019, 2020, 2021]	28	17
1vCWHaC5f2uS3yhpwWbIA6	Avicii	['edm', 'pop', 'pop dance']	[2017, 2018, 2019, 2020, 2021, 2022]	28	15
1zNqDE7qDGCsyzJwohVaoX	Anne-Marie	['pop']	[2017, 2018, 2019, 2020, 2021, 2022]	27	17
6KImCVD70vtIoJWnq6nGn3	Harry Styles	['pop']	[2017, 2018, 2019, 2020, 2021, 2022]	27	0
0du5cEVh5yTK9QJze8zA0C	Bruno Mars	['dance pop', 'pop']	[2017, 2018, 2019, 2020, 2021, 2022]	26	14
64M6ah0SkkRsnPGtGiRAbb	Bebe Rexha	['dance pop', 'pop']	[2017, 2018, 2019, 2020, 2021]	26	17
15UsOTVnJzReFVN1VCnxy4	XXXTENTACION	['emo rap', 'miami hip hop']	[2017, 2018, 2019]	26	7
5Rl15oVamLq7FbSb0NNBNy	5 Seconds of Summer	['boy band', 'pop']	[2017, 2018, 2019, 2020]	26	10
5cj0lLjcoR7YOSnhnX0Po5	Doja Cat	['dance pop', 'pop']	[2019, 2020, 2021, 2022]	25	16
1gBUSTR3TyDdTVFIaQnc02	NCT DREAM	['k-pop', 'k-pop boy group']	[2017, 2018, 2019, 2020, 2021]	25	2
4GvEc3ANtPPjt1ZJllr5Zl	Bazzi	['pop']	[2018, 2019, 2020, 2021, 2022]	25	3
64KEffDW9EtZ1y2vBYgq8T	Marshmello	['brostep', 'edm', 'pop', 'progressive electro house']	[2017, 2018, 2019, 2020, 2021, 2022]	25	22
6S2OmqARrzebs0tKUEyXyp	Demi Lovato	['pop', 'post-teen pop']	[2017, 2018, 2019, 2020, 2021, 2022]	24	10
6VuMaDnrHyPL1p4EHjYLi7	Charlie Puth	['pop', 'viral pop']	[2017, 2018, 2019, 2021, 2022]	23	11
7jVv8c5Fj3E9VhNjxT4snq	Lil Nas X	['lgbtq+ hip hop']	[2019, 2020, 2021, 2022]	23	10
1RyvyyTE3xzB2ZywiAwp0i	Future	['atl hip hop', 'hip hop', 'rap', 'southern hip hop', 'trap']	[2017, 2018, 2019, 2020, 2021, 2022]	23	22
50co4Is1HCEo8bhOyUWKpn	Young Thug	['atl hip hop', 'atl trap', 'gangster rap', 'melodic rap', 'rap', 'trap']	[2017, 2018, 2019, 2020, 2021, 2022]	23	23
7CajNmpbOovFoOoasH2HaY	Calvin Harris	['dance pop', 'edm', 'electro house', 'house', 'pop', 'progressive house', 'uk dance']	[2017, 2018, 2019, 2020]	23	22
1z4g3DjTBBZKhvAroFlhOM	Red Velvet	['k-pop', 'k-pop girl group']	[2017, 2018, 2019, 2020, 2021, 2022]	22	1
6l3HvQ5sa6mXTsMTB19rO5	J. Cole	['conscious hip hop', 'hip hop', 'north carolina hip hop', 'rap']	[2018, 2019, 2020, 2021]	21	7
4ufh0WuMZh6y4Dmdnklvdl	BAEKHYUN	['k-pop']	[2017, 2019, 2020, 2021]	21	3
1Cs0zKBU1kc0i8ypK3B9ai	David Guetta	['big room', 'dance pop', 'edm', 'pop', 'pop dance']	[2017, 2018, 2019, 2021]	21	20
23fqKkggKUBHNkbKtXEls4	Kygo	['edm', 'pop', 'pop dance', 'tropical house']	[2017, 2018, 2019, 2020]	21	21
6jJ0s89eD6GaHleKKya26X	Katy Perry	['pop']	[2017, 2018, 2019, 2020, 2021, 2022]	20	9
7c0XG5cIJTrrAgEC3ULPiq	Ty Dolla $ign	['hip hop', 'pop rap', 'r&b', 'southern hip hop', 'trap', 'trap soul']	[2017, 2018, 2019, 2020, 2021]	20	20
3e7awlrlDSwF3iM0WBjGMp	Little Mix	['girl group', 'pop', 'talent show', 'uk pop']	[2017, 2018, 2019, 2020, 2021, 2022]	20	10
1HBjj22wzbscIZ9sEb5dyf	Jonas Blue	['pop', 'pop dance', 'tropical house', 'uk dance']	[2017, 2018, 2019]	20	20
60d24wfXkVzDSfLS6hyCjZ	Martin Garrix	['dutch edm', 'edm', 'pop', 'pop dance', 'progressive house']	[2017, 2018, 2019, 2020]	20	19
3gIRvgZssIb9aiirIg0nI3	Jeremy Zucker	['alt z', 'electropop', 'pop']	[2018, 2019, 2020, 2021, 2022]	19	9
5t5FqBwTcgKTaWmfEbwQY9	ENHYPEN	['anime', 'k-pop boy group']	[2020, 2021, 2022]	19	1
2KC9Qb60EaY0kW4eH68vr3	ITZY	['k-pop', 'k-pop girl group']	[2019, 2020, 2021, 2022]	19	0
4V8LLVI7PbaPR0K2TGSxFF	Tyler, The Creator	['hip hop', 'rap']	[2019, 2021, 2022]	19	8
3kHVioJpVxlazAAKQ64pC1	Yuna	['malaysian pop']	[2017, 2019, 2020, 2021, 2022]	19	12
1AhjOkOLkbHUfcHDSErXQs	88rising	['asian american hip hop']	[2018, 2019, 2020, 2021]	19	19
00FQb4jTyendYWaN8pK0wa	Lana Del Rey	['art pop', 'pop']	[2017, 2018, 2019]	19	9
5fMUXHkw8R8eOP2RNVYEZX	Diplo	['edm', 'electro house', 'moombahton', 'pop dance']	[2017, 2018, 2019, 2020]	19	19
1Hsdzj7Dlq2I7tHP7501T4	Niall Horan	['pop']	[2017, 2018, 2019, 2020, 2021]	18	5
3paGCCtX1Xr4Gx53mSeZuQ	NCT U	['k-pop', 'k-pop boy group']	[2018, 2020, 2021, 2022]	18	2
3KonOYiLsU53m4yT7gNotP	TREASURE	['k-pop', 'k-pop boy group']	[2020, 2021, 2022]	18	0
1URnnhqYAYcrqrcwql10ft	21 Savage	['atl hip hop', 'hip hop', 'rap', 'trap']	[2017, 2018, 2019, 2020, 2021]	18	14
1zNqQNIdeOUZHb8zbZRFMX	Swae Lee	['melodic rap', 'rap', 'trap']	[2017, 2018, 2019, 2020, 2021, 2022]	18	18
5Pwc4xIPtQLFEnJriah9YJ	OneRepublic	['piano rock', 'pop']	[2017, 2018, 2019, 2020, 2021]	18	7
5qRSs6mvI17zrkJpOHkCoM	iKON	['k-pop', 'k-pop boy group']	[2017, 2018, 2019, 2020, 2021]	18	0
7gAppWoH7pcYmphCVTXkzs	The Vamps	['boy band', 'pop']	[2017, 2018, 2021, 2022]	18	15
5p7f24Rk5HkUZsaS3BLG5F	Hailee Steinfeld	['pop']	[2017, 2018, 2019, 2020]	18	13
1nzgtKYFckznkcVMR3Gg4z	KSI	['uk hip hop']	[2019, 2020, 2021]	17	11
4npEfmQ6YuiwW1GpUmaq3F	Ava Max	['pop']	[2018, 2019, 2020, 2021, 2022]	17	4
0CIHy5rV9yWHNaYa8U3KLk	Faizal Tahir	['malaysian pop']	[2017, 2018, 2019, 2020, 2021]	17	8
4rTv3Ejc7hKMtmoBOK1B4T	Ali Gatie	['canadian hip hop']	[2019, 2020, 2021, 2022]	17	1
13rJ1RvOkiAEQnvbt9SlXR	Yonnyboii	['malay rap']	[2020, 2021, 2022]	16	10
5d0bxRte3J74ZXyEGRL8uU	Dato' Sri Siti Nurhaliza	['classic malaysian pop', 'malaysian pop']	[2017, 2018, 2019, 2020, 2021]	16	2
5YGY8feqx7naU7z4HrwZM6	Miley Cyrus	['pop']	[2017, 2018, 2019, 2020, 2021]	16	7
6oMuImdp5ZcFhWP0ESe6mG	Migos	['atl hip hop', 'hip hop', 'rap', 'trap']	[2017, 2018, 2020]	16	12
1McMsnEElThX1knmY4oliG	Olivia Rodrigo	['pop']	[2021, 2022]	15	1
55Aa2cqylxrFIXC767Z865	Lil Wayne	['hip hop', 'new orleans rap', 'pop rap', 'rap', 'trap']	[2017, 2018, 2020, 2021, 2022]	15	15
1vyhD5VmyZ7KMfW5gqLgo5	J Balvin	['reggaeton', 'reggaeton colombiano', 'trap latino', 'urbano latino']	[2017, 2018, 2019, 2020, 2021]	15	15
7Dx7RhX0mFuXhCOUgB01uM	JJ Lin	['mandopop', 'singaporean mandopop', 'singaporean pop']	[2017, 2018, 2019, 2020, 2021, 2022]	15	4
4O15NlyKLIASxsJ0PrXPfz	Lil Uzi Vert	['melodic rap', 'philly rap', 'rage rap', 'rap', 'trap']	[2017, 2018, 2019, 2020, 2021]	15	8
02kJSzxNuaWGqwubyUba0Z	G-Eazy	['indie pop rap', 'oakland hip hop', 'pop rap', 'rap']	[2017, 2018, 2019, 2020]	15	15
6vWDO969PvNqNYHIOW5v0m	Beyoncé	['pop', 'r&b']	[2017, 2018, 2019, 2020]	15	10
4xRYI6VqpkE3UwrDrAZL8L	Logic	['conscious hip hop', 'hip hop', 'pop rap', 'rap']	[2017, 2018, 2019]	15	12
2feDdbD5araYcm6JhFHHw7	Labrinth	['indie poptimism', 'pop']	[2017, 2018, 2019, 2020, 2022]	15	14
181bsRPaVXVlUKXrxwZfHK	Megan Thee Stallion	['houston rap', 'pop', 'rap', 'trap queen']	[2019, 2020, 2021, 2022]	14	12
2wUjUUtkb5lvLKcGKsKqsR	Alessia Cara	['canadian contemporary r&b', 'canadian pop', 'pop']	[2017, 2018, 2019, 2020, 2021]	14	7
163tK9Wjr9P9DmM0AVK7lm	Lorde	['art pop', 'metropopolis', 'nz pop', 'pop']	[2017, 2018, 2021]	14	4
0VRj0yCOv2FXJNP47XQnx5	Quavo	['atl hip hop', 'melodic rap', 'rap', 'trap']	[2017, 2018, 2019, 2020, 2021]	14	14
2AfmfGFbe0A0WsTYm0SDTx	(G)I-DLE	['k-pop', 'k-pop girl group']	[2018, 2019, 2020, 2021]	14	3
6TIYQ3jFPwQSRmorSezPxX	Machine Gun Kelly	['ohio hip hop', 'pop rap']	[2017, 2018, 2019]	14	12
5pUo3fmmHT8bhCyHE52hA6	Liam Payne	['pop']	[2017, 2018, 2019, 2020]	14	11
4IWBUUAFIplrNtaOHcJPRM	James Arthur	['pop', 'talent show', 'uk pop']	[2017, 2018, 2019, 2020, 2021, 2022]	13	4
20wkVLutqVOYrc0kxFs7rA	Daniel Caesar	['canadian contemporary r&b']	[2018, 2019, 2020, 2021, 2022]	13	7
2auC28zjQyVTsiZKNgPRGs	RM	['k-rap']	[2017, 2018, 2019, 2020, 2021]	13	8
540vIaP2JwjQb9dm3aArA4	DJ Snake	['edm', 'electronic trap', 'pop', 'pop dance']	[2017, 2018, 2019, 2021, 2022]	13	13
4r63FhuTkUYltbVAg5TQnk	DaBaby	['hip hop', 'north carolina hip hop', 'rap', 'trap']	[2019, 2020, 2021, 2022]	13	11
0cGUm45nv7Z6M6qdXYQGTX	Kehlani	['pop', 'r&b']	[2017, 2018, 2019, 2020, 2021]	13	12
0QHgL1lAIqAw0HtD7YldmP	DJ Khaled	['hip hop', 'miami hip hop', 'pop rap', 'rap']	[2017, 2018, 2019, 2020, 2021]	13	13
74KM79TiuVKeVCqs8QtB0B	Sabrina Carpenter	['pop']	[2017, 2018, 2019, 2020, 2021]	13	8
5pKCCKE2ajJHZ9KAiaK11H	Rihanna	['barbadian pop', 'pop', 'urban contemporary']	[2017, 2018, 2019, 2020]	13	9
1Xylc3o4UrD53lo9CvFvVg	Zara Larsson	['pop', 'scandipop', 'swedish electropop', 'swedish pop']	[2017, 2018, 2019, 2020]	13	5
3mIj9lX2MWuHmhNCA7LSCW	The 1975	['modern alternative rock', 'modern rock', 'pop', 'pov: indie', 'rock']	[2018, 2020]	13	1
5CiGnKThu5ctn9pBxv7DGa	benny blanco	['pop']	[2018, 2019, 2020, 2021, 2022]	12	12
68KmkJeZGfwe1OUaivBa2L	ATEEZ	['k-pop', 'k-pop boy group']	[2020, 2021]	12	0
1GxkXlMwML1oSg5eLPiAz3	Michael Bublé	['adult standards', 'canadian pop', 'jazz pop', 'lounge']	[2017, 2018, 2019, 2020, 2021]	12	3
0J1gUosYaFbrSG6FkbE4c7	Haqiem Rusli	['malaysian pop']	[2017, 2018, 2019, 2020, 2021, 2022]	12	2
2cFrymmkijnjDg9SS92EPM	blackbear	['pop']	[2017, 2018, 2019, 2020, 2021]	12	6
6iVo62B0bdTknRcrktCmak	KAI	['k-pop']	[2020, 2021]	12	0
6nfDaffa50mKtEOwR8g4df	GOT7	['k-pop', 'k-pop boy group']	[2018, 2019, 2020, 2021]	12	0
7bXgB6jMjp9ATFy66eO08Z	Chris Brown	['r&b', 'rap']	[2017, 2018, 2019, 2020, 2021]	12	10
5fEQLwq1BWWQNR8GzhOIvi	Eric Chou	['mandopop']	[2017, 2018, 2019, 2020, 2021, 2022]	12	0
1FIUUafdGtfqLIP8pmPymL	Hael Husaini	['malaysian pop']	[2017, 2018, 2019, 2020, 2021]	12	6
7qM9nMv6HFHFUpiN034R3z	SonaOne	['malaysian hip hop', 'malaysian pop']	[2017, 2018, 2019, 2020, 2021]	12	10
6vXTefBL93Dj5IqAWq6OTv	French Montana	['hip hop', 'pop rap', 'rap', 'southern hip hop', 'trap']	[2017, 2018, 2019]	12	12
2elBjNSdBE2Y3f0j1mjrql	Jay Chou	['c-pop', 'mandopop', 'taiwan pop', 'zhongguo feng']	[2017, 2018, 2019, 2020]	12	4
5DuzBeOgFwViFcv00Q5PFb	WINNER	['k-pop', 'k-pop boy group']	[2017, 2018, 2019, 2020]	12	0
6cEuCEZu7PAE9ZSzLLc2oQ	R3HAB	['dutch house', 'edm', 'electro house', 'pop dance', 'progressive electro house', 'slap house']	[2017, 2018, 2019, 2020]	12	12
738wLrAtLtCtFOLvQBXOXp	Major Lazer	['dance pop', 'edm', 'electro house', 'moombahton', 'pop', 'pop dance']	[2017, 2018, 2019]	12	12
5CCwRZC6euC8Odo6y9X8jr	Rita Ora	['dance pop', 'pop', 'uk pop']	[2017, 2018, 2019]	12	7
13ubrt8QOOCPljQ2FL1Kca	A$AP Rocky	['east coast hip hop', 'hip hop', 'rap', 'trap']	[2017, 2018, 2019]	12	11
7Ln80lUS6He07XvHI8qqHH	Arctic Monkeys	['garage rock', 'modern rock', 'permanent wave', 'rock', 'sheffield indie']	[2018, 2022]	12	0
5f7VJjfbwm532GiveGC0ZK	Lil Baby	['atl hip hop', 'atl trap', 'rap', 'trap']	[2018, 2019, 2020, 2021]	11	11
6MoXcK2GyGg7FIyxPU5yW6	SUNMI	['k-pop']	[2017, 2018, 2019, 2020, 2021, 2022]	11	1
5JMLG56F1X5mFmWNmS0iAp	Chelsea Cutler	['alt z']	[2017, 2018, 2019, 2020, 2021, 2022]	11	8
3pc0bOVB5whxmD50W79wwO	keshi	['chill r&b']	[2020, 2021, 2022]	11	0
6ydoSd3N2mwgwBHtF6K7eX	Calum Scott	['pop']	[2017, 2018, 2019, 2020, 2021, 2022]	11	3
07YZf4WDAMNwqr4jfgOZ8y	Jason Derulo	['dance pop', 'pop']	[2017, 2018, 2019, 2020, 2021, 2022]	11	8
77AiFEVeAVj2ORpC85QVJs	Steve Aoki	['edm', 'electro house', 'pop dance']	[2017, 2018, 2019, 2021]	11	11
5snNHNlYT2UrtZo5HCJkiw	Epik High	['k-pop', 'k-rap', 'korean old school hip hop']	[2019, 2021]	11	7
0hEurMDQu99nJRq8pTxO14	John Mayer	['neo mellow', 'singer-songwriter']	[2017, 2018, 2019, 2021]	11	2
1dfeR4HaWDbWqFHLkxsg1d	Queen	['classic rock', 'glam rock', 'rock']	[2018, 2019, 2021]	11	1
2CvaqAMMsX576VBehaJ0Wx	Wanna One	['k-pop', 'k-pop boy group']	[2017, 2018]	11	0
2qxJFvFYMEDqd7ui6kSAcq	Zedd	['complextro', 'edm', 'german techno', 'pop', 'pop dance']	[2017, 2018, 2019, 2020]	11	11
6MDME20pz9RveH9rEXvrOM	Clean Bandit	['pop', 'uk dance', 'uk funky']	[2017, 2018, 2019]	11	11
6JL8zeS1NmiOftqZTRgdTz	Meghan Trainor	['hip pop', 'pop']	[2017, 2018, 2019, 2020, 2021, 2022]	10	5
0UntV1Bw2hk3fbRrm9eMP6	B.I	['k-pop']	[2019, 2021]	10	5
1anyVhU62p31KFi8MEzkbf	Chance the Rapper	['chicago rap', 'conscious hip hop', 'hip hop', 'pop rap', 'rap']	[2017, 2018, 2019, 2020, 2021]	10	10
7gOdHgIoIKoe4i9Tta6qdD	Jonas Brothers	['boy band', 'pop']	[2019, 2020, 2021, 2022]	10	2
7cVZApDoQZpS447nHTsNqu	LeeHi	['k-pop']	[2017, 2018, 2019, 2020, 2021, 2022]	10	6
2RdwBSPQiwcmiDo9kixcl8	Pharrell Williams	['dance pop', 'pop']	[2017, 2018, 2019, 2020, 2021]	10	9
0XATRDCYuuGhk0oE7C0o5G	MAMAMOO	['k-pop', 'k-pop girl group']	[2017, 2018, 2019, 2020, 2021]	10	0
5RmQ8k4l3HZ8JoPb4mNsML	Agust D	['k-rap']	[2020, 2021]	10	4
3qeuv2ijwaAcbX3KVMJfuj	ALYPH	['malaysian hip hop', 'malaysian pop', 'singaporean hip hop']	[2018, 2019, 2020, 2021]	10	9
2kxP07DLgs4xlWz8YHlvfh	NIKI	['indonesian r&b']	[2019, 2020, 2021, 2022]	10	6
4AK6F7OLvEQ5QYCBNiQWHq	One Direction	['boy band', 'pop', 'post-teen pop', 'talent show']	[2020, 2021, 2022]	10	0
4u5smJBskI6Adzv08PuiUP	Kiiara	['alt z', 'electropop']	[2017, 2018]	10	7
13y7CgLHjMVRMDqxdx0Xdo	Gucci Mane	['atl hip hop', 'dirty south rap', 'hip hop', 'pop rap', 'rap', 'southern hip hop', 'trap']	[2017, 2018, 2019, 2020]	10	10
25uiPmTg16RbhZWAqwLBy5	Charli XCX	['art pop', 'candy pop', 'metropopolis', 'pop', 'uk pop']	[2017, 2018, 2019]	10	8
0X2BH1fck6amBIoJhDVmmJ	Ellie Goulding	['indietronica', 'metropopolis', 'pop', 'uk pop']	[2017, 2018, 2019, 2020]	10	6
7DMveApC7UnC2NPfPvlHSU	Cheat Codes	['edm', 'pop', 'pop dance']	[2017, 2018, 2019]	10	10
6IZ4ctovY9dl7bgHClAvKJ	LSD	[]	[2018, 2019, 2020]	10	10
2CQZr2RPZmrcvDnaod1ldC	D.O.	['k-pop']	[2019, 2021]	9	1
6YVMFz59CuY7ngCxTxjpxE	aespa	['k-pop', 'k-pop girl group']	[2020, 2021, 2022]	9	0
5y2Xq6xcjJb2jVM54GHK3t	John Legend	['neo soul', 'pop', 'pop soul', 'urban contemporary']	[2017, 2018, 2019, 2020, 2021, 2022]	9	6
45dkTj5sMRSjrmBSBeiHym	Tate McRae	['alt z', 'pop']	[2020, 2021, 2022]	9	4
1kfWoWgCugPkyxQP8lkRlY	Jackson Wang	['k-pop']	[2019, 2020, 2021]	9	7
7bmFi3dRcpOeOPbSlxIjlZ	MY ASTRO	['chinese new year']	[2021, 2022]	9	0
2PSJ6YriU7JsFucxACpU7Y	CHUNG HA	['k-pop']	[2019, 2020, 2021]	9	4
3YQKmKGau1PzlVlkL1iodx	Twenty One Pilots	['modern rock', 'pop', 'pov: indie', 'rock']	[2017, 2018, 2020, 2021]	9	0
5TnQc2N1iKlFjYD7CPGvFc	DAY6	['k-pop', 'k-pop boy group']	[2018, 2020, 2021]	9	0
31TPClRtHm23RisEBtV3X7	Justin Timberlake	['dance pop', 'pop']	[2017, 2018, 2020, 2021]	9	3
0LyfQWJT6nXafLPZqxe9Of	Various Artists	[]	[2017, 2018, 2019, 2020, 2021]	9	0
4A0TivfinfALCAMJqqjZIk	Funk Wav	[]	[2017, 2018]	9	9
6lB8vOoI4DRrrVxXwuV19c	Mike Perry	['pop dance', 'swedish tropical house']	[2017, 2018]	9	9
3AQRLZ9PuTAozP28Skbq8V	The Script	['celtic rock', 'pop']	[2017, 2018, 2019]	9	1
4Kxlr1PRlDKEB0ekOCyHgX	BIGBANG	['k-pop', 'k-pop boy group']	[2017, 2018]	9	0
4DdkRBBYG6Yk9Ka8tdJ9BW	Offset	['atl hip hop', 'rap', 'trap']	[2017, 2018, 2019, 2020]	9	9
0bdfiayQAKewqEvaU6rXCv	MØ	['danish pop', 'electropop', 'pop', 'pop dance']	[2017, 2018]	9	7
5rSXSAkZ67PYJSvpUpkOr7	Backstreet Boys	['boy band', 'dance pop', 'pop']	[2017, 2018, 2019, 2020]	9	0
5LHRHt1k9lMyONurDHEdrp	Tyga	['hip hop', 'pop rap', 'rap', 'trap']	[2018, 2019, 2020, 2022]	9	7
4Gso3d4CscCijv0lmajZWs	Don Toliver	['rap', 'trap']	[2019, 2020, 2021]	8	5
4Uc8Dsxct0oMqx0P6i60ea	Conan Gray	['bedroom pop', 'pop', 'pov: indie']	[2019, 2020, 2021, 2022]	8	1
5IH6FPUwQTxPSXurCrcIov	Alec Benjamin	['alt z', 'pop', 'pov: indie']	[2018, 2019, 2020, 2021, 2022]	8	2
1W7FNibLa0O0b572tB2w7t	Pink Sweat$	['bedroom soul']	[2019, 2020, 2021, 2022]	8	3
28JPqJh7jsUuxus33Kfwe7	Joe Flizzow	['malaysian hip hop', 'malaysian pop', 'singaporean hip hop']	[2017, 2018, 2019, 2020, 2021]	8	7
47mIJdHORyRerp4os813jD	League of Legends	['speedrun', 'video game music']	[2018, 2019, 2020, 2021, 2022]	8	8
4UXqAaa6dQYAk18Lv7PEgX	Fall Out Boy	['emo', 'modern rock', 'pop', 'pop punk', 'rock']	[2017, 2019]	8	4
4ehtJnVumNf6xzSCDk8aLB	Martin Jensen	['danish electronic', 'edm', 'pop dance']	[2017, 2018, 2019]	8	7
6LqNN22kT3074XbTVUrhzX	Kesha	['dance pop', 'pop']	[2017, 2018]	8	2
17lzZA2AlOHwCwFALHttmp	2 Chainz	['atl hip hop', 'hip hop', 'pop rap', 'rap', 'southern hip hop', 'trap']	[2017, 2018, 2019]	8	8
2JhAlkmukNvarUpGhTFXUQ	KARD	['k-pop']	[2017, 2018, 2019, 2020]	8	1
3JhNCzhSMTxs9WLGJJxWOY	Macklemore	['pop rap', 'seattle hip hop']	[2017, 2018, 2019]	8	8
6Dd3NScHWwnW6obMFbl1BH	Daya	['pop']	[2017, 2018, 2019]	8	2
1KCSPY1glIKqW2TotWuXOR	P!nk	['dance pop', 'pop']	[2017, 2018, 2019]	8	3
0Vw76uk7P8yVtTClWyOhac	HONNE	['uk pop']	[2018, 2019, 2020]	8	3
0b1sIQumIAsNbqAoIClSpy	j-hope	['k-pop', 'k-rap']	[2018, 2019]	8	2
20JZFwl6HVl6yg8a4H3ZqK	Panic! At The Disco	['pop']	[2018, 2019, 2020]	8	2
7t0rwkOPGlDPEhaOcVtOt9	The Cranberries	['irish rock', 'pop rock', 'rock']	[2018]	8	0
3jK9MiCrA42lLAdMGUZpwa	Anderson .Paak	['escape room', 'hip hop', 'indie soul', 'neo soul']	[2021, 2022]	7	7
6PvvGcCY2XtUcSRld1Wilr	Silk Sonic	['neo soul']	[2021, 2022]	7	7
3Cs5QQYz6pMhbEKaBNCtfi	Zynakal	['malay rap']	[2020, 2021, 2022]	7	7
2tIP7SsRs7vjIcLrU85W8J	The Kid LAROI	['australian hip hop']	[2020, 2021, 2022]	7	6
7zYj9S9SdIunYCfSm7vzAR	JEON SOMI	['k-pop']	[2019, 2020, 2021, 2022]	7	0
2o5jDhtHVPhrJdv3cEQ99Z	Tiësto	['big room', 'brostep', 'dutch edm', 'edm', 'house', 'pop dance', 'slap house', 'trance']	[2017, 2018, 2019, 2021, 2022]	7	6
06RrXcTszCm5il0HKCD3Dh	K-Clique	['lagu sabahan']	[2019, 2020, 2021]	7	2
5Plk4JdCzMxhAHSRTEsxJp	Ernie Zakri	['malaysian pop']	[2018, 2019, 2020, 2021]	7	3
6WY7D3jk8zTrHtmkqqo5GI	Maren Morris	['classic texas country', 'contemporary country']	[2017, 2018, 2019, 2021]	7	6
00TKPo9MxwZ0j4ooveIxWZ	Loote	['alt z', 'nyc pop']	[2017, 2018, 2019]	7	4
1l8Fu6IkuTP0U5QetQJ5Xt	Fifth Harmony	['girl group', 'pop', 'talent show']	[2017]	7	4
55fhWPvDiMpLnE4ZzNXZyW	Noah Cyrus	['alt z', 'pop']	[2017, 2018, 2019]	7	7
2h93pZq0e7k5yf4dywlkpM	Frank Ocean	['lgbtq+ hip hop', 'neo soul']	[2017, 2018, 2019, 2020, 2022]	7	2
63Ns0cyE751e5RlTCS2lpO	Ismail Izzani	['malaysian pop']	[2017, 2018, 2019, 2020]	7	3
2HPaUgqeutzr3jx5a9WyDV	PARTYNEXTDOOR	['r&b', 'rap', 'toronto rap', 'urban contemporary']	[2017, 2018, 2020]	7	7
3AVfmawzu83sp94QW7CEGm	Astrid S	['alt z', 'norwegian pop', 'pop', 'uk pop']	[2017, 2021, 2022]	6	0
0ebNdVaOfp6N0oZ1guIxM8	SUGA	['k-pop']	[2019, 2020, 2021, 2022]	6	6
4tZwfgrHOc3mvqYlEYSvVi	Daft Punk	['electro', 'filter house', 'rock']	[2017, 2018, 2021]	6	5
3PhoLpVuITZKcymswpck5b	Elton John	['glam rock', 'mellow gold', 'piano rock', 'rock']	[2018, 2020, 2021, 2022]	6	4
5fyDppLDl1juIu1BcUT5zh	Digital Farm Animals	['uk dance']	[2017, 2018, 2019, 2021]	6	6
5PCDJjJ5dx6Py83CvfvRIO	Naim Daniel	['malaysian pop']	[2019, 2020, 2021, 2022]	6	4
2hlmm7s2ICUX0LVIhVFlZQ	Gunna	['atl hip hop', 'melodic rap', 'rap', 'trap']	[2019, 2020, 2021, 2022]	6	6
6AgTAQt8XS6jRWi4sX7w49	Polo G	['chicago rap', 'rap']	[2021, 2022]	6	4
1HvVjPpCzFFgIo2XrDxM2x	Dato' Sudirman	['classic malaysian pop']	[2017, 2018, 2019, 2020, 2021]	6	1
6IDsZZ4IHgs9VblBgQQSmt	Andmesh	['indonesian pop']	[2019, 2020, 2021]	6	0
4fxd5Ee7UefO4CUXgwJ7IP	Giveon	['r&b']	[2020, 2021, 2022]	6	3
6H857CtcaYMSxOB4jvSIZf	Armada	['indonesian pop', 'indonesian pop rock']	[2017, 2018, 2019, 2021, 2022]	6	0
6Xgp2XMz1fhVYe7i6yNAax	Trippie Redd	['melodic rap', 'rap', 'trap']	[2017, 2018, 2020, 2021]	6	6
3BmGtnKgCSGYIUhmivXKWX	Kelly Clarkson	['dance pop', 'pop', 'talent show']	[2017, 2018, 2019, 2020, 2021]	6	1
5q14poHz6Y4vBPQuoIpW4P	萧慧敏	['chinese new year']	[2021, 2022]	6	6
4mKXYwZubZTtohXeXQKOU9	邱诗凌	[]	[2019, 2021, 2022]	6	6
25u4wHJWxCA9vO0CzxAbK7	Lukas Graham	['danish pop', 'scandipop']	[2017, 2018, 2019, 2020, 2021]	6	0
6sCbFbEjbYepqswM1vWjjs	Zendaya	['pop', 'post-teen pop']	[2017, 2018, 2019, 2020, 2021, 2022]	6	6
4q3ewBCX7sLwd24euuV69X	Bad Bunny	['reggaeton', 'trap latino', 'urbano latino']	[2018, 2019, 2020, 2021]	6	5
1LOB7jTeEV14pHai6EXSzF	Cash Cash	['dance pop', 'edm', 'electro house', 'electropowerpop', 'pop dance']	[2017, 2018, 2021]	6	6
4GNC7GD6oZMSxPGyXy4MNB	Lewis Capaldi	['pop', 'uk pop']	[2018, 2019, 2020, 2021, 2022]	6	0
2kRfqPViCqYdSGhYSM9R0Q	Madison Beer	['pop']	[2018, 2019, 2020, 2021, 2022]	6	4
4AVFqumd2ogHFlRbKIjp1t	Alesso	['dance pop', 'edm', 'electro house', 'pop', 'pop dance', 'progressive electro house']	[2017, 2018, 2019, 2021]	6	4
1i8SpTcr7yvPOmcqrbnVXY	Ozuna	['puerto rican pop', 'reggaeton', 'trap latino', 'urbano latino']	[2018, 2019, 2020, 2021, 2022]	6	6
5K7M6xiKbPlcekc5fjqbgx	Syamel	['malaysian pop']	[2017, 2018, 2019, 2021]	6	3
5lKZWd6HiSCLfnDGrq9RAm	Leona Lewis	['british soul', 'dance pop', 'pop', 'talent show']	[2017, 2018, 2019, 2020, 2021]	6	4
2MqhkhX4npxDZ62ObR5ELO	Hoobastank	['alternative metal', 'funk metal', 'nu metal', 'pop rock', 'post-grunge']	[2017, 2018, 2019]	6	0
4V8Sr092TqfHkfAA5fXXqG	Luis Fonsi	['latin pop', 'puerto rican pop']	[2017, 2018]	6	6
4VMYDCV2IEDYJArk749S6m	Daddy Yankee	['latin hip hop', 'reggaeton', 'trap latino', 'urbano latino']	[2017, 2018, 2019]	6	5
6KEEEdAqmCL7PYOrjZCnEa	Sufian Suhaimi	['malaysian pop']	[2017, 2018, 2019, 2020]	6	0
4NHQUGzhtTLFvgF5SZesLK	Tove Lo	['metropopolis', 'pop', 'swedish electropop', 'swedish pop', 'swedish synthpop']	[2017, 2018]	6	4
30b9WulBM8sFuBo17nNq9c	G-DRAGON	['k-pop', 'k-rap']	[2017]	6	1
4YXycRbyyAE0wozTk7QMEq	Matoma	['pop dance', 'tropical house']	[2017]	6	6
4lDBihdpMlOalxy1jkUbPl	Grey	[]	[2017, 2018, 2019]	6	6
1E5aZPein8p4Jf9zkPpBsV	Dayang Nurfaizah	['malaysian pop']	[2017, 2018, 2019, 2020]	6	5
6fOMl44jA4Sp5b9PpYCkzz	NF	['hip hop', 'pop rap']	[2017, 2018, 2019]	6	0
5F1aoppMtU3OMiltO8ymJ2	Hugh Jackman	['hollywood', 'show tunes']	[2017, 2018]	6	6
2XnBwblw31dfGnspMIwgWz	Axwell /\ Ingrosso	['edm', 'pop dance', 'progressive electro house']	[2017, 2018]	6	0
0PBXOGA0xgHq709dXGvbP1	Wany Hasrita	['malaysian pop']	[2017, 2018, 2019, 2020]	6	2
2LZDXcxJWgsJfKXZv9a5eG	Cashmere Cat	['downtempo', 'electropop', 'shiver pop']	[2017, 2018]	6	6
73sIBHcqh3Z3NyqHKZ7FOL	Childish Gambino	['atl hip hop', 'hip hop', 'rap']	[2017, 2018, 2019, 2020]	6	2
0UEP2XBR9aC5NBKcAKnBIq	CHEN	['k-pop']	[2017, 2019, 2020]	6	1
3qzktAIByIWbxVB5XjxpqL	Midnight Fusic	['malaysian indie']	[2018, 2019]	6	1
2cWZOOzeOm4WmBJRnD5R7I	Normani	['pop', 'r&b']	[2018, 2019, 2020]	6	5
1cZQSpDsxgKIX2yW5OR9Ot	Lennon Stella	['alt z', 'canadian pop', 'uk pop']	[2018, 2019, 2020]	6	6
46SHBwWsqBkxI7EeeBEQG7	Kodak Black	['florida drill', 'florida rap', 'melodic rap', 'miami hip hop', 'rap', 'trap', 'trap latino']	[2018, 2019]	6	6
5BHFSMEjfLVx1JwRWjAOsE	SuperM	['k-pop']	[2019, 2020]	6	0
4cp5lD2rybf8yNVDEKy7Nh	Sarah Suhairi	['malaysian pop']	[2018, 2019, 2020, 2021]	5	3
1uU7g3DNSbsu0QjSEqZtEd	Masked Wolf	['australian hip hop']	[2021]	5	0
5Lkw0KglUt6nhFGw4kO09D	Mothership.Sg	[]	[2021]	5	0
7bmYpVgQub656uNTu6qGNQ	Hwa Sa	['k-pop', 'korean talent show']	[2019, 2020, 2021]	5	1
0EAfDSxGzS4bal72IMoHHQ	Datuk Sharifah Aini	['classic malaysian pop']	[2017, 2018, 2019, 2020, 2021]	5	0
3RqBeV12Tt7A8xH3zBDDUF	Kelsea Ballerini	['contemporary country', 'country']	[2018, 2019, 2020, 2021]	5	5
6f4srX54JFrLNK4aTJe2Sc	Ren Ran	['mainland chinese pop']	[2020, 2021, 2022]	5	0
4IVAbR2w4JJNJDDRFP3E83	6LACK	['atl hip hop', 'melodic rap', 'r&b', 'rap', 'trap']	[2018, 2020, 2021]	5	5
70NcAr4ZtA3FAqU16iQZSb	dhruv	['nyc pop']	[2021, 2022]	5	0
3ZZzT0naD25RhY2uZvIKkJ	EVERGLOW	['k-pop', 'k-pop girl group']	[2019, 2020, 2021]	5	0
3pTnpQxoPsO7pptxSxA7yG	Luca Sickta	['malay rap']	[2018, 2019, 2020, 2021]	5	5
43ZXvAH7c6jRsqNIRWft4P	Kmy Kmo	['malay rap', 'malaysian hip hop', 'singaporean hip hop']	[2018, 2019, 2020, 2021]	5	5
3NNC2X9tLFyL0nHfJuWKJ9	Andi Bernadee	['malaysian pop']	[2018, 2019, 2020, 2021]	5	1
3nFkdlSjzX9mRTtwJOzDYB	JAY-Z	['east coast hip hop', 'gangster rap', 'hip hop', 'pop rap', 'rap']	[2017, 2018, 2019, 2021]	5	5
6mU8ucezzms5I2kNH6HNlu	Conor Maynard	['post-teen pop', 'uk pop', 'viral pop']	[2017, 2018, 2019, 2020, 2021]	5	4
20gsENnposVs2I4rQ5kvrf	Sam Feldt	['edm', 'pop dance', 'tropical house']	[2017, 2018, 2019, 2020, 2021]	5	5
6Ad91Jof8Niiw0lGLLi3NW	YUNGBLUD	['british indie rock', 'modern rock', 'pov: indie', 'rock']	[2019, 2021]	5	5
5r1tUTxVSgvBHnoDuDODPH	IZ*ONE	['k-pop', 'k-pop girl group']	[2018, 2019, 2020, 2021]	5	0
0qlWcS66ohOIi0M8JZwPft	GFRIEND	['k-pop', 'k-pop girl group']	[2017, 2019, 2020, 2021]	5	0
1Mxqyy3pSjf8kZZL4QVxS0	Frank Sinatra	['adult standards', 'easy listening', 'lounge']	[2017, 2018, 2019, 2020, 2021]	5	2
3uSnvyMAFJTm7XkZJFo0xP	Insomniacks	[]	[2018, 2019, 2020, 2021, 2022]	5	0
3QSQFmccmX81fWCUSPTS7y	Dean Lewis	['australian pop', 'singer-songwriter pop']	[2018, 2019, 2020, 2021, 2022]	5	1
4phGZZrJZRo4ElhRtViYdl	Jason Mraz	['acoustic pop', 'dance pop', 'neo mellow', 'pop']	[2017, 2018, 2019, 2020, 2021]	5	2
6gzXCdfYfFe5XKhPKkYqxV	SUPER JUNIOR	['k-pop', 'k-pop boy group']	[2017, 2018, 2021]	5	2
3jNp263VZXVLzuznuLgghq	Khai Bahar	['malaysian pop']	[2017, 2018, 2019, 2020, 2021]	5	3
757aE44tKEUQEqRuT6GnEB	Roddy Ricch	['melodic rap', 'rap', 'trap']	[2018, 2019, 2020, 2021]	5	4
4sTQVOfp9vEMCemLw50sbu	Galantis	['dance pop', 'edm', 'pop', 'pop dance']	[2017, 2019, 2020, 2021]	5	4
1bqxdqvUtPWZri43cKHac8	MAX	['viral pop']	[2017, 2018, 2020, 2021]	5	4
2ZRQcIgzPCVaT9XKhXZIzh	Gryffin	['edm', 'pop dance']	[2017, 2018, 2021]	5	5
37M5pPGs6V1fchFJSgCguX	FINNEAS	['alt z', 'la indie', 'pop', 'pov: indie']	[2020, 2021]	5	0
4YLtscXsxbVgi031ovDDdh	Chris Stapleton	['contemporary country', 'outlaw country']	[2018, 2019, 2021]	5	5
5exS0bytCYdixgv02DaCm3	William Singe	[]	[2017, 2018]	5	5
6T5tfhQCknKG4UnH90qGnz	DNCE	['dance pop', 'pop']	[2017, 2018]	5	2
3t5xRXzsuZmMDkQzgOX35S	Robin Schulz	['deep euro house', 'deep house', 'edm', 'german dance', 'pop dance', 'tropical house']	[2017, 2018]	5	5
4TrraAsitQKl821DQY42cZ	Sigrid	['norwegian pop']	[2017]	5	0
4QwvHvUlOSlPvxH7ldeEvD	Floor 88	['malaysian pop']	[2017, 2018, 2019, 2020]	5	1
5iNrZmtVMtYev5M9yoWpEq	Seeb	['pop dance']	[2017, 2018, 2019]	5	5
45eNHdiiabvmbp4erw26rg	ILLENIUM	['edm', 'melodic dubstep', 'pop dance']	[2017, 2019, 2020]	5	5
7aRC4L63dBn3CiLDuWaLSI	G.E.M.	['mandopop']	[2017, 2018, 2019, 2020]	5	0
0xuL8l2qakTAyURbZb1gtc	Ara Johari	['malaysian pop']	[2017, 2018, 2019, 2020]	5	2
4kYGAK2zu9EAomwj3hXkXy	JP Cooper	['uk pop']	[2017]	5	2
3b8QkneNDz4JHKKKlLgYZg	Florida Georgia Line	['contemporary country', 'country', 'country pop', 'country road', 'modern country rock']	[2017, 2018, 2019]	5	5
4qBgvVog0wzW75IQ48mU7v	KYLE	['deep underground hip hop', 'indie pop rap', 'pop rap', 'viral trap']	[2017, 2018, 2019]	5	5
6icQOAFXDZKsumw3YXyusw	Lil Yachty	['atl hip hop', 'melodic rap', 'rap', 'trap']	[2017, 2020]	5	5
0id62QV2SZZfvBn9xpmuCl	Aloe Blacc	['pop soul', 'r&b']	[2017, 2018, 2019]	5	5
57WHJIHrjOE3iAxpihhMnp	Louis Tomlinson	['pop']	[2017, 2018, 2019]	5	2
1oKdM70mJD8VvDOTKeS8t1	Emily Warren	['alt z', 'nyc pop']	[2017, 2018]	5	5
4utLUGcTvOJFr6aqIJtYWV	Skylar Grey	['piano rock', 'viral pop']	[2017, 2018, 2019, 2020]	5	3
5KKpBU5eC2tJDzf0wmlRp2	RAYE	['uk contemporary r&b', 'uk pop']	[2017, 2018, 2019]	5	5
1yxSLGMDHlW21z4YXirZDS	Black Eyed Peas	['dance pop', 'pop', 'pop rap']	[2017, 2018, 2019, 2020]	5	3
74XFHRwlV6OrjEM0A2NCMF	Paramore	['candy pop', 'modern rock', 'pixie', 'pop', 'pop emo', 'pop punk', 'rock']	[2017]	5	0
4Ulybpn8rpXfcOLNJM6544	Altimet	['malaysian hip hop', 'malaysian pop', 'singaporean hip hop']	[2017, 2018, 2019, 2020]	5	3
1okJ4NC308qbtY9LyHn6DO	BloodPop®	['electropop']	[2017, 2018, 2019]	5	5
4wkxDp8esk6g2W9Fw7IQGY	Talitha.	['malaysian indie']	[2017, 2018, 2019, 2020]	5	3
2SrSdSvpminqmStGELCSNd	Stormzy	['grime', 'uk hip hop']	[2017, 2019]	5	5
1l7ZsJRRS8wlW3WfJfPfNS	Christina Aguilera	['dance pop', 'pop']	[2017, 2018, 2020]	5	2
360IAlyVv4PCEVjgyMZrxK	Miguel	['r&b']	[2017, 2018, 2019]	5	5
3hv9jJF3adDNsBSIQDqcjp	Mark Ronson	['pop soul']	[2018, 2019]	5	5
1o2NpYGqHiCq7FoiYdyd1x	Bea Miller	['alt z', 'pop', 'talent show']	[2018, 2019, 2020]	5	4
7A8S43ryYdbWpJKeHRZRcq	JACKBOYS	['pop rap']	[2019, 2020]	5	4
31W5EY0aAly4Qieq6OFu6I	A Boogie Wit da Hoodie	['melodic rap', 'rap', 'trap']	[2018, 2019]	5	4
7gZfnEnfiaHzxARJ2LeXrf	6ix9ine	['emo rap']	[2018, 2019, 2020]	5	4
4gOc8TsQed9eqnqJct2c5v	K/DA	['k-pop girl group']	[2018, 2019, 2020]	5	5
5Z1CCuBsyhEHngq3U5IraY	Westlife	['boy band']	[2019]	5	0
6x8oQWq0xiL4aIJTXCUx7u	Kuizz	['malaysian indie']	[2018, 2019]	5	2
2uWcrwgWmZcQc3IPBs3tfU	Apink	['k-pop', 'k-pop girl group']	[2018, 2019, 2020, 2022]	5	0
6bwp9ObI8FWvMPCIWVBmhl	Red Velvet - IRENE & SEULGI	['k-pop']	[2020]	5	0
30qVSJGhPhrZLKG0H9DMA9	Bunga Citra Lestari	['indonesian pop']	[2020]	5	0
3081y1bGPVy4mULL5Td9cJ	David Sarah UuI	[]	[2020]	5	0
1r4hJ1h58CWwUQe3MxPuau	Maluma	['latin pop', 'reggaeton', 'reggaeton colombiano', 'urbano latino']	[2017, 2018, 2019, 2020, 2021]	4	4
5he5w2lnU9x7JFhnwcekXX	Skrillex	['brostep', 'complextro', 'edm', 'electro', 'pop dance']	[2017, 2019, 2021]	4	4
64k5e9kV9MdukXjFrR5R37	Jessi	['k-pop']	[2020, 2021, 2022]	4	1
2LkkwxA19J8C52wPQl5bG6	Jamie Miller	['pop soul', 'singer-songwriter pop']	[2021, 2022]	4	2
3QJUFtGBGL05vo0kCJZsmT	salem ilese	['alt z', 'modern indie pop']	[2020, 2021, 2022]	4	3
0AuICTYmANWThRroYVxJrT	ASYRAF NASIR	['malay rap']	[2021, 2022]	4	4
1sBkRIssrMs1AbVkOJbc7a	Rick Ross	['dirty south rap', 'gangster rap', 'hip hop', 'rap', 'southern hip hop', 'trap']	[2019, 2021]	4	4
63PZAg9EDmsVpftrqz1uih	LOCA B	['malaysian pop']	[2020, 2021]	4	4
6ZjFtWeHP9XN7FeKSUe80S	Bing Crosby	['adult standards', 'easy listening', 'lounge']	[2017, 2018, 2019, 2020, 2021]	4	2
7tbUHCaiBX4cXHQkII3CVH	Siti Nordiana	['malaysian pop']	[2017, 2018, 2021]	4	1
49e4v89VmlDcFCMyDv9wQ9	Dean Martin	['adult standards', 'easy listening', 'lounge', 'vocal jazz']	[2017, 2018, 2019, 2020, 2021]	4	0
329e4yvIujISKGKz1BZZbO	Farruko	['reggaeton', 'trap latino', 'urbano latino']	[2019, 2020, 2021]	4	3
0eDvMgVFoNV3TpwtrVCoTj	Pop Smoke	['brooklyn drill', 'rap']	[2019, 2020, 2021]	4	3
0tzSBCPJZmHTdOA3ZV2mN3	CL	['k-pop']	[2019, 2020, 2021]	4	1
4XpUIb8uuNlIWVKmgKZXC0	ZICO	['k-pop', 'korean r&b']	[2018, 2020, 2021]	4	3
4VIvfOurcf0vuLRxLkGnIG	Bradley Cooper	['hollywood']	[2018, 2019, 2020, 2021]	4	4
6jV25rzTKQ2zMgrqHha1V5	CHANYEOL	['k-pop']	[2017, 2018, 2020, 2021]	4	4
3Y7RZ31TRPVadSFVy1o8os	H.E.R.	['r&b', 'rap']	[2018, 2019, 2020, 2021, 2022]	4	4
7vgBEzAtjH9f1IbbqeRnwi	Tan Sri P. Ramlee	[]	[2017, 2018, 2019, 2020, 2021]	4	0
699OTQXzgjhIYAHMy9RyPD	Playboi Carti	['atl hip hop', 'plugg', 'pluggnb', 'rage rap', 'rap']	[2017, 2020, 2021]	4	3
0qme0QUpU1XxC8Fa5sIVeb	Nicole Lai	['malaysian mandopop', 'singaporean mandopop']	[2019, 2021, 2022]	4	4
18HCdXExJ9OWwtB7FlC45i	程玲	[]	[2021, 2022]	4	4
6aZyMrc4doVtZyKNilOmwu	Colbie Caillat	['dance pop', 'neo mellow', 'pop']	[2017, 2018, 2019, 2020, 2021]	4	2
4xnihxcoXWK3UqryOSnbw5	Sasha Alex Sloan	['alt z']	[2018, 2019, 2020, 2021, 2022]	4	1
7IbirpOtEB8tSt1J92hQgm	颜江瀚	[]	[2021, 2022]	4	4
4s2peokY3WrwOhO3qEhDnW	叶朝明	[]	[2021, 2022]	4	4
3IynDDZJQtqPTaIgrohZHQ	吴家润	[]	[2021, 2022]	4	4
2WzaAvm2bBCf4pEhyuDgCY	Ruth B.	['alt z', 'canadian contemporary r&b', 'canadian pop', 'pop']	[2017, 2018, 2021, 2022]	4	1
1U1el3k54VvEUzo3ybLPlM	Kali Uchis	['colombian pop']	[2018, 2019, 2021, 2022]	4	3
3JsHnjpbhX4SnySpvpa9DK	V	['j-division', 'korean ost']	[2017, 2020, 2021, 2022]	4	1
4iHNK0tOyZPYnBU7nGAgpQ	Mariah Carey	['dance pop', 'pop', 'urban contemporary']	[2017, 2018, 2019, 2020, 2021]	4	1
1ooV8YZC1KbpEcrmI8WH0F	Yebba	['pop soul']	[2017, 2019, 2021]	4	4
3wcj11K77LjEY1PkEazffa	Burna Boy	['afrobeats', 'dancehall', 'nigerian hip hop', 'nigerian pop']	[2019, 2020, 2021]	4	4
1mcTU81TzQhprhouKaTkpq	Rauw Alejandro	['puerto rican pop', 'reggaeton', 'trap latino', 'urbano latino']	[2021]	4	2
0fA0VVWsXO9YnASrzqfmYu	Kid Cudi	['hip hop', 'ohio hip hop', 'pop rap', 'rap']	[2020, 2021, 2022]	4	4
48FNCGA8dKjcsfTO3TMcAV	Aina Abdul	['malaysian pop']	[2020, 2021, 2022]	4	1
2LIk90788K0zvyj2JJVwkJ	Jack Harlow	['deep underground hip hop', 'kentucky hip hop', 'pop rap', 'rap']	[2020, 2021, 2022]	4	3
67MNhiAICFY6Pwc2YxCO0K	Elley Duhé	['alt z']	[2018, 2019, 2021, 2022]	4	3
26dSoYclwsYLMAKD3tpOr4	Britney Spears	['dance pop', 'pop']	[2017, 2018, 2019, 2020, 2021]	4	0
3SRXsr6dPMvVGSSpccDWjO	DOLLA	[]	[2020, 2021, 2022]	4	0
5dCvSnVduaFleCnyy98JMo	HEIZE	['k-pop', 'korean pop', 'korean r&b']	[2017, 2019, 2021]	4	3
56oDRnqbIiwx4mymNEv7dS	Lizzo	['escape room', 'minnesota hip hop', 'pop', 'trap queen']	[2019, 2020, 2021]	4	2
3iri9nBFs9e4wN7PLIetAw	gnash	['alt z', 'pop']	[2017, 2018, 2019]	4	2
0c173mlxpT3dSFRgMO8XPh	Big Sean	['detroit hip hop', 'hip hop', 'pop rap', 'r&b', 'rap', 'southern hip hop', 'trap']	[2017, 2018]	4	3
4D75GcNG95ebPtNvoNVXhz	AFROJACK	['big room', 'dance pop', 'dutch house', 'edm', 'electro house', 'pop dance', 'progressive electro house']	[2017, 2018]	4	4
0uGk2czvcpWQA383Im6ajf	Maggie Lindemann	['alt z', 'dark pop', 'pop']	[2017, 2018]	4	3
3J0BpFVUc9LeOIVeN5uNhU	Lauren Jauregui	['r&b']	[2017]	4	4
6Rn72M0IKflDApCt0UMhfR	Ayda Jebat	['malaysian pop']	[2017, 2018, 2019]	4	1
0kXDB5aeESWj5BD9TCLkMu	Alextbh	['chill r&b']	[2017, 2019, 2020]	4	1
68Uwx1d3EbjDJhYsLjqvIq	Emma Stone	['hollywood']	[2017]	4	3
17bFKNQu8Ov9bwgUzMygRH	Elizabeth Tan	['malaysian pop']	[2017, 2018, 2019, 2020]	4	1
1XrmJDoaVBEx2g7uKWa89a	Aiman Tino	['malaysian pop']	[2017, 2018]	4	0
6lrBGrd0TJMQxfzSdPAn3X	Shila Amzah	['malaysian pop']	[2017, 2019, 2020, 2022]	4	2
6udveWUgX4vu75FF0DTrXV	TAEYANG	['k-pop', 'korean r&b']	[2017, 2018]	4	0
7iMjAugk2BtmWvhG5cI40L	Projector Band	['malaysian pop', 'rock kapak']	[2017, 2018, 2019]	4	0
3Isy6kedDrgPYoTS1dazA9	Sean Paul	['dance pop', 'dancehall', 'pop', 'pop rap']	[2017, 2018, 2019]	4	4
4WN5naL3ofxrVBgFpguzKo	Rudimental	['pop dance', 'uk dance', 'uk funky']	[2017, 2018, 2019]	4	4
7eCmccnRwPmRnWPw61x6jM	shy martin	['alt z', 'swedish electropop']	[2017, 2018]	4	2
0zo8fkOQyrawuBfIhy99jb	Hyper Act	['malaysian pop']	[2017, 2018]	4	0
4Rxn7Im3LGfyRkY2FlHhWi	Nick Jonas	['dance pop', 'pop']	[2017, 2018]	4	3
5M0lbkGluOPXLeFjApw8r8	DRAM	['pop rap', 'trap', 'underground hip hop', 'viral trap', 'virginia hip hop']	[2017]	4	4
6g7i9qhTwxhEuxNUhU1mCg	IamNeeta	['malaysian pop']	[2017, 2018, 2019, 2020]	4	1
76yeOnINtQSXyoEHbkYmtY	Drew Love	[]	[2017, 2018]	4	4
0p4nmQO2msCgU4IF37Wi3j	Avril Lavigne	['canadian pop', 'candy pop', 'pop']	[2017, 2018, 2019]	4	1
3tQx1LPXbsYjE9VwN1Peaa	Marc E. Bassy	['indie pop rap']	[2017, 2018]	4	4
63nv0hWWDob56Rk8GlNpN8	The Greatest Showman Ensemble	['movie tunes']	[2017, 2018, 2019]	4	4
6zn0ihyAApAYV51zpXxdEp	10cm	['korean pop']	[2017, 2020]	4	2
4Q6nIcaBED8qUel8bBx6Cr	Jax Jones	['dance pop', 'edm', 'house', 'pop dance', 'uk dance', 'uk pop']	[2017, 2018, 2019]	4	4
1IueXOQyABrMOprrzwQJWN	Sigala	['dance pop', 'edm', 'pop dance', 'uk dance', 'uk pop']	[2017, 2018]	4	4
4EzkuveR9pLvDVFNx6foYD	James Bay	['neo mellow', 'pop', 'uk pop']	[2017, 2018, 2019]	4	1
5JYo7gm2dkyLLlWHjxS7Dy	Sandro Cavazza	['swedish pop']	[2017, 2018, 2019, 2020]	4	4
4P0JsOTEOJEAGLAGo3R1Yf	Fazura	['malaysian pop']	[2017, 2019, 2020]	4	2
3yyigIEvkU9FNjdVP23Le4	Alif Satar	['malaysian pop']	[2017, 2018, 2019, 2020]	4	2
2jku7tDXc6XoB6MO2hFuqg	Tory Lanez	['canadian hip hop', 'canadian trap', 'melodic rap', 'r&b', 'rap', 'toronto rap', 'trap']	[2017, 2018, 2020]	4	4
6c0mTNAxJxlp9HpKTUZwA8	ALMA	[]	[2017, 2018]	4	4
3wyVrVrFCkukjdVIdirGVY	Lil Pump	['emo rap', 'miami hip hop', 'pop rap', 'rap', 'trap']	[2017, 2018, 2019]	4	3
5PokPZn11xzZXyXSfnvIM3	Lifehouse	['neo mellow', 'pop rock', 'post-grunge']	[2017, 2018, 2019]	4	0
5ChF3i92IPZHduM7jN3dpg	Nicky Romero	['big room', 'dutch edm', 'dutch house', 'edm', 'electro house', 'pop dance', 'progressive electro house']	[2017, 2018]	4	4
6aLdhHUqgdKE86xbtNmY8g	Crush	['k-pop', 'korean r&b']	[2017, 2019, 2020]	4	1
73Np75Wv2tju61Eo9Zw4IR	Idina Menzel	['hollywood', 'movie tunes', 'show tunes']	[2019, 2020]	4	4
20sxb77xiYeusSH8cVdatc	Meek Mill	['hip hop', 'philly rap', 'pop rap', 'rap', 'southern hip hop', 'trap']	[2018, 2019]	4	4
3KwmxIhSe9UTSEF37kwngR	SHAED	['electropop']	[2018, 2019, 2020]	4	3
60rpJ9SgigSd16DOAG7GSa	Billy Ray Cyrus	['country rock']	[2019, 2020]	4	4
5RR0MLwcjc87wjSw2JYdwx	MOMOLAND	['k-pop', 'k-pop girl group']	[2018, 2019]	4	0
4ScCswdRlyA23odg9thgIO	Jess Glynne	['pop', 'uk pop']	[2018, 2019]	4	1
2Zi3RrdQqk63Xj0914STkS	Naomi Scott	['movie tunes', 'post-teen pop', 'vapor pop']	[2019]	4	1
1z7b1Pr1rSlvWRzsW3HOrS	Russ	['hawaiian hip hop']	[2019]	4	0
6pWcSL9wSJZQ9ne0TnhdWr	K-391	['nordic house']	[2018, 2019, 2020]	4	4
7pbDxGE6nQSZVfiFdq9lOL	Rex Orange County	['bedroom pop', 'pov: indie']	[2019, 2022]	4	0
6eYFryfcEu3QSq59D62wZQ	Brendon Urie	[]	[2018, 2019, 2020]	4	4
07ZhipyrvoyNoJejeyM0PQ	Higher Brothers	['chinese hip hop']	[2018, 2019]	4	3
2KU7pJgPoJC3uwJRZPYQ8G	BATE	['malaysian indie']	[2018, 2020]	4	4
1XLWox9w1Yvbodui0SRhUQ	StaySolidRocky	['melodic rap']	[2020]	4	2
48eO052eSDcn8aTxiv6QaG	NCT	['k-pop', 'k-pop boy group']	[2018]	4	4
28ot3wh4oNmoFOdVajibBl	NMIXX	['k-pop', 'k-pop girl group']	[2022]	4	0
29vPfjqj8X5ri4AJRt8wVM	Peterpan	['dangdut koplo']	[2018, 2019, 2020, 2021]	3	0
01XYiBYaoMJcNhPokrg0l0	STAYC	['k-pop', 'k-pop girl group']	[2021, 2022]	3	0
5R3bXZA74wEH9GGKWBHd0v	Tajul	['malaysian pop']	[2017, 2021, 2022]	3	2
70gP6Ry4Uo0Yx6uzPIdaiJ	Bas	['queens hip hop', 'rap', 'sudanese hip hop', 'sudanese pop', 'underground hip hop']	[2021]	3	3
0ZLlXP2F6EWO0CkFz1Teky	Sarah	['malaysian pop']	[2021]	3	0
4qIVPF0s71ZYW3qzhu5GkF	Kina	['sad lo-fi']	[2019, 2020, 2021]	3	3
5DR3x1kevrEtZGk2FSSsB7	Datuk Ahmad Jais	['classic malaysian pop']	[2017, 2018, 2019, 2020, 2021]	3	0
3V0ZQW0dNuVaFtbVYgSI24	Claire Rosinkranz	['alt z', 'modern indie pop']	[2020, 2021]	3	1
66NmU5epI0ONGmdCRbLpmW	Feby Putri	['indonesian pop']	[2021, 2022]	3	2
6MPCFvOQv5cIGfw3jODMF0	Internet Money	['pop rap']	[2020, 2021]	3	3
7rkW85dBwwrJtlHRDkJDAC	NAV	['canadian hip hop', 'canadian trap', 'melodic rap', 'rap', 'toronto rap', 'trap']	[2020, 2021]	3	3
6OwKE9Ez6ALxpTaKcT5ayv	AKMU	['k-pop']	[2019, 2020, 2021]	3	1
6wV3VcxKYg6ynYZOdjbwL9	Danny Koo	[]	[2021, 2022]	3	3
6jGMq4yGs7aQzuGsMgVgZR	Lil Tjay	['brooklyn drill', 'melodic rap', 'nyc rap', 'rap']	[2020, 2021]	3	3
6USv9qhCn6zfxlBQIYJ9qs	Dominic Fike	['alternative pop rock', 'pov: indie']	[2019, 2021]	3	2
0wWm1rOeaLQ4jkLpn8tmTt	Raihan	['nasheed', 'nasyid', 'sholawat']	[2019, 2021]	3	3
56mfhUDKa1vec6rSLZV5Eg	Jawsh 685	['nz pop']	[2020, 2021]	3	3
5L1lO4eRHmJ7a0Q6csE5cT	LISA	['k-pop']	[2021, 2022]	3	1
5euTSdDookRvAEl8yOXhHh	Fariz Jabba	['malay rap', 'singaporean hip hop']	[2018, 2019, 2021]	3	1
6fWVd57NKTalqvmjRd2t8Z	24kGoldn	['cali rap']	[2020, 2021, 2022]	3	3
6ASri4ePR7RlsvIQgWPJpS	iann dior	['melodic rap']	[2020, 2021, 2022]	3	3
7v4imS0moSyGdXyLgVTIV7	Nat King Cole	['adult standards', 'lounge', 'soul', 'swing', 'vocal jazz']	[2017, 2018, 2019, 2020, 2021]	3	0
1Jvj122gN1QiaYUrNhn3Fq	Iman Troye	['malaysian pop']	[2020, 2021]	3	0
35R1B97CfrqKFFI3QBkTDx	RealestK	[]	[2021, 2022]	3	0
08nApps9ThD6cZD2jXC4vW	Hafiz Suip	['malaysian pop']	[2017, 2019, 2020, 2021]	3	2
28DdkLhrzQNizZ0ExQpyku	Rizky Febian	['indonesian pop']	[2021, 2022]	3	1
3hcs9uc56yIGFCSy9leWe7	Lil Durk	['chicago drill', 'chicago rap', 'drill', 'hip hop', 'rap', 'trap']	[2020, 2021]	3	3
7uaIm6Pw7xplS8Dy06V6pT	Trevor Daniel	['melodic rap']	[2019, 2020, 2021]	3	1
41X1TR6hrK8Q2ZCpp2EqCz	bbno$	['canadian hip hop', 'dark trap', 'meme rap']	[2019, 2020, 2021, 2022]	3	3
2FgZrgTMX6Sk0VNcOsEPmm	Punch	[]	[2017, 2018, 2020, 2021, 2022]	3	3
4STHEaNw4mPZ2tzheohgXB	Paul McCartney	['beatlesque', 'classic rock', 'rock']	[2017, 2018, 2019, 2020, 2021]	3	0
7fzsFvgrM5JTfh1wlYbCIp	Munif Ahmad	['nasyid']	[2020, 2021]	3	0
2iE18Oxc8YSumAU232n4rW	The Jackson 5	['motown', 'soul']	[2018, 2019, 2020, 2021]	3	0
38EmEgXkgK51MT2tPY0EoC	Bobby Helms	[]	[2017, 2018, 2019, 2020, 2021]	3	0
3OhGgq6XTlkr8Q99UA12Mh	Luqman Podolski	['malay rap']	[2019, 2020, 2021, 2022]	3	0
5H6xmHXjsq98NLbEjuE29f	NEIKED	['scandipop']	[2017, 2021, 2022]	3	3
45PMqwQZGLb9yfHc1shbYx	黄毓敏	[]	[2021, 2022]	3	3
4599ok3KEZqZkt4yGQ2Ygs	陈薇芝	[]	[2021, 2022]	3	3
38FhlcWmtKu50ZHtUBaH9X	白琳	[]	[2021, 2022]	3	3
2DCEZJND6Hp7p0XxiuJTu4	陈建宏	[]	[2019, 2021, 2022]	3	3
0H39MdGGX6dbnnQPt6NQkZ	SAINt JHN	['melodic rap', 'slap house']	[2020, 2021]	3	3
5rGrDvrLOV2VV8SCFVGWlj	Imanbek	['electro house', 'pop dance', 'slap house']	[2020, 2021]	3	3
2KsP6tYLJlTBvSUxnwlVWa	Mike Posner	['dance pop', 'pop', 'pop rap']	[2017, 2021]	3	2
77SW9BnxLY8rJ0RciFqkHh	The Neighbourhood	['modern alternative rock', 'modern rock', 'pop', 'pov: indie']	[2018, 2020, 2021, 2022]	3	0
6U1dBXJhC8gXFjamvFTmHg	Zac Efron	['hollywood', 'movie tunes', 'post-teen pop']	[2017, 2018, 2019, 2020, 2021]	3	3
7k73EtZwoPs516ZxE72KsO	ONE OK ROCK	['j-pop', 'j-rock', 'japanese emo']	[2017, 2018, 2021]	3	1
4k5fFEYgkWYrYvtOK3zVBl	BOL4	['k-pop']	[2020, 2021, 2022]	3	1
2r1WoyhX1FSc7AmcF8rkoO	Masdo	['malaysian indie']	[2018, 2021, 2022]	3	0
5zctI4wO9XSKS8XwcnqEHk	Lil Mosey	['melodic rap', 'rap conscient']	[2018, 2020, 2021]	3	0
5vV3bFXnN6D6N3Nj4xRvaV	JIN	['k-pop']	[2017, 2021, 2022]	3	1
0blbVefuxOGltDBa00dspv	LiSA	['anime', 'anime rock', 'j-pixie', 'j-pop']	[2020, 2021]	3	0
0GM7qgcRCORpGnfcN2tCiB	Tainy	['pop reggaeton', 'reggaeton', 'trap latino', 'urbano latino']	[2019, 2020, 2021]	3	3
2NjfBq1NflQcKSeiDooVjY	Tones And I	['australian pop']	[2019, 2020, 2021]	3	0
2yWleHZF4HaaNjmiU8snKO	Nabila Razali	['malaysian pop']	[2017, 2018, 2020, 2021]	3	1
1TcbdifqhtxLz77unBYJ7z	CORSAK	['chinese electropop']	[2018, 2019, 2021]	3	3
3eCd0TZrBPm2n9cDG6yWfF	DEAN	['k-pop', 'korean r&b']	[2017, 2018, 2021]	3	2
5V0MlUE1Bft0mbLlND7FJz	Ella Fitzgerald	['adult standards', 'jazz', 'jazz blues', 'soul', 'swing', 'vocal jazz']	[2017, 2020, 2021]	3	0
5KEG7G8LDYlHgFDqZyEEs2	Chris Rea	['soft rock', 'sophisti-pop']	[2017, 2018, 2019, 2020, 2021]	3	0
0wi4yTYlGtEnbGo4ltZTib	Shakin' Stevens	['classic uk pop', 'rockabilly']	[2018, 2019, 2020, 2021]	3	0
7CyeXFnOrfC1N6z4naIpgo	The Ronettes	['brill building pop', 'classic girl group', 'motown', 'rock-and-roll']	[2017, 2018, 2019, 2020, 2021]	3	0
7ltDVBr6mKbRvohxheJ9h1	ROSALÍA	['pop', 'r&b en espanol']	[2019, 2020, 2021]	3	3
137W8MRPWKqSmrBGDBFSop	Wiz Khalifa	['hip hop', 'pittsburgh rap', 'pop rap', 'rap', 'southern hip hop', 'trap']	[2017, 2021, 2022]	3	3
0vRvGUQVUjytro0xpb26bs	Arizona Zervas	['pop rap', 'rhode island rap']	[2019, 2020, 2021]	3	0
4XDi67ZENZcbfKnvMnTYsI	Jay Park	['k-pop', 'k-rap', 'korean r&b']	[2019, 2021, 2022]	3	3
3DiDSECUqqY1AuBP8qtaIa	Alicia Keys	['neo soul', 'pop', 'r&b']	[2017, 2018, 2019]	3	1
4BxCuXFJrSWGi1KHcVqaU4	Kodaline	['irish pop', 'modern rock']	[2017, 2018, 2019]	3	0
50JJSqHUf2RQ9xsHs0KMHg	Jon Bellion	['indie pop rap']	[2017]	3	2
4gvkdged3Xw3ImXFm3jiay	Juliander	['swedish pop']	[2017, 2018, 2019]	3	3
1xs6WFotNQSXweo0GXrS0O	EXID	['k-pop', 'k-pop girl group']	[2017, 2018, 2019]	3	0
0rta3MVas6tCa5pnQhQb2u	Hez Hazmi	['malaysian pop']	[2017, 2018]	3	0
0q4NrXqJnc367PieejuROJ	Vice	['chicano rap']	[2017]	3	3
6kXm2YCtdUOpRYNKeKhfue	Ryan Gosling	['hollywood']	[2017]	3	2
4ryoUS0W8qXokfMxrlJt6O	Skip Marley	['modern reggae']	[2017]	3	3
7jy3rLJdDQY21OgRLCZ9sD	Foo Fighters	['alternative metal', 'alternative rock', 'modern rock', 'permanent wave', 'post-grunge', 'rock']	[2017]	3	0
787bCXOIvGeBw0Bc4kEjhD	Luke Christopher	['indie pop rap']	[2017]	3	0
5cpxHc2y6L3Jn3FWY3z94Q	Misha Omar	['malaysian pop']	[2017, 2018, 2019, 2020]	3	1
6gK1Uct5FEdaUWRWpU4Cl2	Petit Biscuit	['new french touch']	[2017, 2018]	3	1
4DTbdShHu2RPYEEMUp2XWV	Anjulie	['canadian pop']	[2017]	3	3
21WS9wngs9AqFckK7yYJPM	PnB Rock	['melodic rap', 'rap', 'trap']	[2017, 2019]	3	3
0iEtIxbK0KxaSlF7G42ZOp	Metro Boomin	['rap']	[2017, 2018, 2020]	3	3
7KUri7klyLaIFXLcuuOMCd	Stargate	['norwegian pop']	[2017, 2018]	3	3
3QLIkT4rD2FMusaqmkepbq	Rachel Platten	['post-teen pop', 'viral pop']	[2017]	3	0
7JH3Oqfoa7PwVSbxi0p69L	Akim And The Majistret	['malaysian pop']	[2017, 2018, 2019, 2020]	3	0
7HV2RI2qNug4EcQqLbCAKS	Keala Settle	['broadway', 'hollywood', 'show tunes']	[2017, 2018, 2019]	3	3
6CwfuxIqcltXDGjfZsMd9A	MARINA	['metropopolis', 'pop', 'pov: indie', 'uk alternative pop']	[2017, 2018]	3	3
3JXpwnHbLvXxY99EuXqFPX	Poo Bear	['pop r&b']	[2017, 2018, 2022]	3	3
0CEK8AzyeD5ZUdUloB6yQV	CADE	['pop edm']	[2017, 2018]	3	3
4RSyJzf7ef6Iu2rnLdabNq	Willy William	[]	[2017, 2018]	3	3
25tMQOrIU4LlUo6Sv8v5SE	Gavin James	['irish pop']	[2017, 2018]	3	1
1CoZyIx7UvdxT5c8UkMzHd	Jorja Smith	['r&b', 'uk contemporary r&b']	[2017, 2018]	3	1
5jAMCwdNHWr7JThxtMuEyy	NOTD	['electropop', 'pop dance', 'pop edm']	[2017, 2018]	3	3
4tXGHWIchjVRSmjszOty8x	Ruffedge	['malaysian hip hop', 'malaysian pop', 'rock kapak']	[2017, 2018]	3	2
4yJ33lTnKh4Kiwrk2e64HH	Fattah Amin	['malaysian pop']	[2017, 2020]	3	2
5IcR3N7QB1j6KBL8eImZ8m	ScHoolboy Q	['gangster rap', 'hip hop', 'pop rap', 'rap', 'southern hip hop', 'trap']	[2017, 2018]	3	3
0LyOADBjj28cbvJWTXUEGA	Loren Allred	['deep talent show', 'hollywood', 'movie tunes']	[2017, 2018]	3	0
5PWVTaSK4hMtsF15AwAcKQ	Sufi Rashid	['malaysian pop']	[2017, 2018, 2020]	3	2
5uuA00QFo3PFnc16RVZwwt	Najwa Latif	['malaysian pop']	[2017, 2020]	3	1
7GkUskIBOKpJRyzpE7WQBD	Zizan Razak	['malaysian hip hop', 'malaysian pop']	[2017, 2018, 2019, 2020]	3	2
5Kmvlg4fSgle8RJU9LVbn4	Chaleeda	[]	[2017, 2018, 2019]	3	0
6noxsCszBEEK04kCehugOp	A-Mei Chang	['mandopop']	[2017, 2018]	3	1
2oX42qP5ineK3hrhBECLmj	Andy Grammer	['neo mellow', 'post-teen pop']	[2017, 2019]	3	0
6Ff53KvcvAj5U7Z1vojB5o	*NSYNC	['boy band', 'dance pop', 'pop']	[2017, 2018, 2019]	3	0
3FUY2gzHeIiaesXtOAdB7A	Train	['dance pop', 'neo mellow', 'pop', 'pop rock']	[2017, 2018]	3	0
7gbmX8SsfjEjxDMzBi1ZOL	Joe Jonas	['pop', 'post-teen pop']	[2017, 2018]	3	3
68kEuyFKyqrdQQLLsmiatm	Vince Staples	['conscious hip hop', 'hip hop', 'rap', 'underground hip hop']	[2017, 2018]	3	3
6i6xQR652uL4FpGmUqZHOC	Lunadira	['malaysian indie']	[2018, 2019]	3	2
0HS00NN7MAfF59aJnfcxSO	Stephanie Poetri	['indonesian pop']	[2019, 2020]	3	1
6nS5roXSAGhTGr34W6n7Et	Disclosure	['edm', 'house', 'indietronica', 'uk dance']	[2019, 2020]	3	3
2kCcBybjl3SAtIcwdWpUe3	Lil Peep	['cloud rap', 'emo rap', 'lgbtq+ hip hop']	[2018, 2019]	3	3
41qil2VaGbD194gaEcmmyx	Will Smith	['hip hop', 'pop rap']	[2018, 2019]	3	1
2ZDEFZjcNiDOiCgQpixGBI	Ariff Bahran	['malaysian pop']	[2018, 2019, 2020]	3	2
0A0FS04o6zMoto8OKPsDwY	YG	['cali rap', 'hip hop', 'pop rap', 'rap', 'southern hip hop', 'trap']	[2018, 2019]	3	3
4Ga1P7PMIsmqEZqhYZQgDo	Lil Tecca	['melodic rap', 'pluggnb', 'rap']	[2019]	3	0
4obzFoKoKRHIphyHzJ35G3	Becky G	['latin pop', 'latin viral pop', 'rap latina', 'reggaeton', 'urbano latino']	[2018, 2019]	3	3
3KedxarmBCyFBevnqQHy3P	Jessie Reyez	['canadian contemporary r&b', 'canadian pop']	[2018, 2019]	3	3
1tqhsYv8yBBdwANFNzHtcr	Lil Dicky	['comedy rap', 'indie pop rap', 'pop rap']	[2018, 2019, 2020]	3	2
6ZLTlhejhndI4Rh53vYhrY	Ozzy Osbourne	['album rock', 'alternative metal', 'birmingham metal', 'classic rock', 'glam metal', 'hard rock', 'metal', 'nu metal', 'rock']	[2019]	3	3
5fS7aONqrIhiw6YzgKVOsd	Judika	['indonesian pop']	[2019, 2020, 2022]	3	1
2AQjGvtT0pFYfxR3neFcvz	Jordin Sparks	['dance pop', 'pop', 'post-teen pop']	[2018, 2019]	3	2
2iB8eFB6flwQculkUrRssi	AUGUST 08	['la pop', 'r&b']	[2018, 2019]	3	3
4VyJgkmyclZOaiKFmqX9jR	MFMF.	[]	[2019, 2020]	3	3
3hteYQFiMFbJY7wS0xDymP	Gesaffelstein	['dark clubbing']	[2018, 2019]	3	3
1mYsTxnqsietFxj1OgoGbG	A.R. Rahman	['filmi']	[2018, 2019]	3	2
2w3pEU3DbPptoLrT45usqN	Achey	['malaysian pop']	[2018, 2019, 2020]	3	0
47CEoM1Y6RQxukwBGO9l0X	Usop	['malaysian pop']	[2019, 2020]	3	2
7bp2lSdh12wcA8LyB1srfJ	Sofia Carson	['pop']	[2018, 2019]	3	3
0Cp8WN4V8Tu4QJQwCN5Md4	BENEE	['alt z', 'nz pop']	[2020]	3	3
6741jcSlgsv0M3B4ruIPS5	EXO-SC	['k-pop', 'k-pop boy group']	[2020]	3	3
5zkf2Na8DKKJmtWX5Xrx3m	SUHO	['k-pop']	[2020]	3	0
4LLpKhyESsyAXpc4laK94U	Mac Miller	['hip hop', 'pittsburgh rap', 'rap']	[2018, 2020]	3	0
1wKpMkucynaTfG8lyPprYV	PENTAGON	['k-pop', 'k-pop boy group']	[2018, 2020, 2022]	3	0
6t1gpxYbY8OlLA7D2RiikQ	Loud Luxury	['edm', 'pop dance']	[2018]	3	3
7wLyGTO9vUS7ndlq4BvBGe	Blake Rose	['australian electropop', 'singer-songwriter pop']	[2018]	3	3
5vBSrE1xujD2FXYRarbAXc	Years & Years	['gauze pop', 'pop', 'uk pop']	[2018]	3	0
4GxWcui9BlMJH9VOOK5wav	Higuchi Ai	['japanese alternative pop']	[2022]	3	0
4qwGe91Bz9K2T8jXTZ815W	Janet Jackson	['dance pop', 'r&b', 'urban contemporary']	[2022]	3	0
1QfpRUtH14JLoY6F6AYmwt	The Rare Occasions	['la indie']	[2021, 2022]	2	0
6sFHvCyqklnJpXC9Nh1aag	Alexander 23	['alt z', 'singer-songwriter pop']	[2020, 2021]	2	0
027TpXKGwdXP7iwbjUSpV8	The Walters	['chicago indie', 'pov: indie']	[2021, 2022]	2	0
26cMerAxjx9GedFt0lMDjm	Bella Poarch	['modern alternative pop']	[2021]	2	1
18veyTkB9uyo37bqh2YGTm	Azlan & The Typewriter	['malaysian hip hop', 'malaysian pop', 'rock kapak']	[2020, 2021]	2	1
7IUkoUN4DEm9OOKTgH5Oim	Unic	['nasyid']	[2021]	2	2
0iWci7CLoNACalgmKDtMAT	Ustaz Syed	[]	[2021]	2	2
6WoHngPb7WOTB0vSFxTMAe	Abdul Kadir	[]	[2021]	2	2
3uGyB9Kn7MZnJiurjTFZfZ	AlJoofre	[]	[2021]	2	2
5nt5PMtj7QLGY7T50JqyZc	Astro本地圈艺人	['chinese new year']	[2020, 2021]	2	1
6n28c9qs9hNGriNa72b26u	PNAU	['alternative dance', 'aussietronica', 'australian dance', 'australian electropop']	[2021, 2022]	2	2
7K78lVZ8XzkjfRSI7570FF	José Feliciano	['latin pop', 'puerto rican pop']	[2017, 2018, 2019, 2020, 2021]	2	0
6cK3NBO6uP7hh0oyuVELFl	Saweetie	['cali rap', 'trap queen']	[2021]	2	2
5HPs9rzylVQBZ2nw7wqH4A	Ideal Sisters	[]	[2020, 2021]	2	0
7KHA7OOevgTDFhlym0oEyP	Adriana Proenza	['spanish indie pop']	[2019, 2020, 2021]	2	2
3u4VRULomA2rso0lBPV5VQ	Alan D	['malay rap']	[2019, 2020, 2021]	2	2
4a6rcjvQs6YOwK5sVlybKV	Kaka Azraff	['malaysian hip hop', 'malaysian pop']	[2021]	2	2
0lAWpj5szCSwM4rUMHYmrr	Måneskin	['indie rock italiano', 'italian pop', 'pop']	[2021, 2022]	2	0
0Yir7DRr5YnhM9bk0Lfmd4	Nowseeheart	['nasyid']	[2021]	2	2
4cPHsZM98sKzmV26wlwD2W	Brenda Lee	['adult standards', 'easy listening', 'lounge', 'rockabilly']	[2017, 2018, 2019, 2020, 2021]	2	0
06QVnTCdjs4jPKO0487EGV	Fiersa Besari	['bandung indie', 'indonesian folk pop', 'indonesian indie', 'indonesian pop', 'indonesian pop punk']	[2021, 2022]	2	2
3HgrsNDURBPYS1KlN7LgnE	Zizi Kirana	['malaysian pop', 'singaporean hip hop']	[2018, 2020, 2021]	2	2
3rVDrFp6ni8VwaCGj5h395	Jamal Abdillah	['classic malaysian pop', 'malaysian pop']	[2017, 2018, 2020, 2021]	2	1
4LEiUm1SRbFMgfqnQTwUbQ	Bon Iver	['chamber pop', 'eau claire indie', 'indie folk', 'melancholia', 'modern rock']	[2020, 2021, 2022]	2	2
35S20clEkkSNUo23ViaslZ	Band Aid	['musical advocacy']	[2017, 2018, 2019, 2020, 2021]	2	0
048LktY5zMnakWq7PTtFrz	CKay	['afro r&b', 'afrobeats']	[2021, 2022]	2	1
1WsYCXdezMjn0KoIrLvMmC	Ed Sheeran & Justin Bieber	[]	[2019, 2020, 2021]	2	2
1lHG5Nh4kVcBViogIek98t	Bunga	['malay rap', 'malaysian hip hop', 'malaysian pop']	[2021, 2022]	2	2
10exVja0key0uqUkk6LJRT	Vance Joy	['folk-pop', 'modern rock']	[2018, 2021]	2	1
3rqxPmyI5kzTad4OAEiGC1	Siti Sarah	['malaysian pop']	[2021]	2	1
4cgBCGxtlfap2g6jveB7du	Afgan	['indonesian pop', 'malaysian pop']	[2021]	2	1
78rUTD7y6Cy67W1RVzYs7t	PinkPantheress	['bedroom pop']	[2021]	2	0
1Cd373x8qzC7SNUg5IToqp	BoyWithUke	['sad rap']	[2021, 2022]	2	0
5Vo1hnCRmCM6M4thZCInCj	OFFICIAL HIGE DANDISM	['anime', 'anime rock', 'j-pop']	[2021]	2	0
7IrDIIq3j04exsiF3Z7CPg	Beenzino	['k-rap', 'korean r&b']	[2019, 2021, 2022]	2	2
7z5WFjZAIYejWy0NI5lv4T	Dan + Shay	['contemporary country', 'country', 'country road']	[2019, 2020, 2021, 2022]	2	2
4BBN286rBKyCWsSPq2cxYO	Sam Kim	['k-pop', 'korean r&b']	[2017, 2021]	2	0
57uWnv67tvDbc2QIXt1L62	Sanisah Huri	['classic malaysian pop']	[2017, 2018, 2019, 2020, 2021]	2	0
4sj6D0zlMOl25nprDJBiU9	Andy Williams	['adult standards', 'easy listening']	[2017, 2018, 2019, 2020, 2021]	2	0
66W9LaWS0DPdL7Sz8iYGYe	JP Saxe	['alt z', 'canadian contemporary r&b', 'singer-songwriter pop']	[2019, 2020, 2021, 2022]	2	2
72nLe76yBFSlP6VBzME358	SHAUN	['k-pop']	[2018, 2019, 2020, 2021]	2	1
3eVa5w3URK5duf6eyVDbu9	ROSÉ	['k-pop']	[2021, 2022]	2	0
3PyJHH2wyfQK3WZrk9rpmP	Ashnikko	['alt z', 'escape room']	[2020, 2021]	2	0
2o08sCWF5yyo2G4DCiT7T9	HVME	['slap house']	[2021]	2	1
46MWeeHNVMYRIIofQBEX98	BEAM	['trap soul']	[2021]	2	2
7wlFDEWiM5OoIAt8RSli8b	YoungBoy Never Broke Again	['baton rouge rap', 'rap']	[2019, 2021]	2	2
3QBn8OqO0pQ1krPFHgc682	Ziana Zain	['classic malaysian pop', 'malaysian pop']	[2017, 2018, 2019, 2020, 2021]	2	1
1Do4bSzfUl0KWL9r1fITu0	Yoon Mirae	['k-pop', 'korean ost', 'korean pop', 'korean r&b']	[2020, 2021]	2	1
6pZzHAdfBLIEkQVRUhB8ps	Cakra Khan	['indonesian pop']	[2017, 2020, 2021]	2	1
7cYEt1pqMgXJdq00hAwVpT	Chase Atlantic	['alternative r&b']	[2021, 2022]	2	0
0FRUZvZNPzM3YJMABJxf2K	WENDY	['k-pop', 'korean pop']	[2021]	2	0
2O8MDsUKNHTgwoodOefHYD	M. Nasir	['classic malaysian pop', 'keroncong', 'rock kapak']	[2017, 2018, 2019, 2020, 2021]	2	0
6dO0RkhFhjMwLtLQqNgL8r	Issam Alnajjar	['indonesian viral pop']	[2021]	2	0
5Qn6C3lmU5DQnij4FgkEo8	大宝	[]	[2021, 2022]	2	2
72GOQ6Xwd8xZitGWouZgye	阿晨	[]	[2021, 2022]	2	2
5Rrp226cpzyJAmEawCggq7	刘广艺	[]	[2021, 2022]	2	2
3ZSbXArE6mxOleJnsumK4u	eAeon	['k-indie', 'korean electropop']	[2018, 2021]	2	2
2WxjxdeF7GGdcCK276qViY	Natalie Taylor	[]	[2020, 2021]	2	0
6uA98wUGp8HJMZwIIPp4GE	Mirwana	['nasyid']	[2021]	2	2
7arQA31aZVS8yS6zUveWzb	CJ	['nyc rap']	[2020, 2021]	2	0
0JXiS2FrAg3wQYJHcmZdrc	B. Swanson Quartet	[]	[2017, 2018, 2019, 2020, 2021]	2	2
391oLRVmoTkumiN79HkTWu	Darlene Love	[]	[2019, 2020, 2021]	2	0
3kft86DbqCNr7rjq3pEj0G	Sarah Cothran	['gen z singer-songwriter']	[2021]	2	0
5uUb3J6HqLhBWwzuh84LUZ	Seventeen	['indonesian pop rock']	[2018, 2019, 2021, 2022]	2	0
21UPYSRWFKwtqvSAnFnSvS	Amaarae	['afro r&b', 'afrobeats', 'alternative r&b', 'ghanaian alternative', 'ghanaian pop']	[2021, 2022]	2	2
2hVWBpjLW4Q7fboYz2pVYK	Moliy	['ghanaian alternative']	[2021, 2022]	2	2
78ED3zmePoZzEzeBUg0evm	Jaz	['bruneian pop', 'indonesian pop']	[2017, 2021]	2	1
0sYpJ0nCC8AlDrZFeAA7ub	JOY	['k-pop']	[2021]	2	0
3uGFTJ7JMllvhgGpumieHF	AILEE	['k-pop']	[2017, 2021]	2	0
1QAJqy2dA3ihHBFIHRphZj	Cigarettes After Sex	['ambient pop', 'dream pop', 'el paso indie', 'shoegaze']	[2021, 2022]	2	0
7FxVB5xQi2szfC6Us1ag9A	Hujan	['malaysian indie', 'malaysian punk']	[2020, 2021]	2	0
58oPVy7oihAEXE0Ott6JOf	Eve	['anime', 'anime rock']	[2020, 2021]	2	0
3l0CmX0FuQjFxr8SK7Vqag	Clairo	['bedroom pop', 'indie pop', 'pop', 'pov: indie']	[2020, 2021, 2022]	2	1
2019zR22qK2RBvCqtudBaI	OH MY GIRL	['k-pop', 'k-pop girl group']	[2020, 2021]	2	0
4b19vuzlDcNdU4quI7L6sW	ElyOtto	['hyperpop', 'weirdcore']	[2021]	2	0
4O2Gfcx2x2dIrFdFrrf0PY	Airliftz	['malaysian hip hop', 'malaysian indie']	[2018, 2021]	2	2
6nVcHLIgY5pE2YCl8ubca1	Jhayco	['reggaeton', 'trap latino', 'urbano latino']	[2020, 2021]	2	2
1QRj3hoop9Mv5VvHQkwPEp	Olivia O'Brien	['alt z', 'pop']	[2017, 2018, 2019, 2020, 2021]	2	1
5ElXLkDzZPQA9fBzBjA9TJ	David Ling Jr	[]	[2017, 2021]	2	2
6L1XC7NrmgWRlwAeLJvVtA	Sam Fischer	['australian pop', 'singer-songwriter pop']	[2020, 2021]	2	1
5V1qsQHdXNm4ZEZHWvFnqQ	Dreamcatcher	['k-pop', 'k-pop girl group']	[2021]	2	0
12j6dJrPXanCBwY599pZxf	Matt Maltese	['indie anthem-folk', 'indie pop', 'pov: indie']	[2021]	2	0
7H55rcKCfwqkyDFH9wpKM6	Christina Perri	['pop']	[2017, 2018, 2019, 2020, 2021, 2022]	2	1
51yFVX4bDGD1me2jOFKTmw	Uji Rashid	['classic malaysian pop', 'rock kapak']	[2017, 2018, 2019, 2020, 2021]	2	1
64tJ2EAv1R6UaZqc4iOCyj	YOASOBI	['j-pop', 'japanese teen pop']	[2021, 2022]	2	0
6gezkje7GoJlQbHBgLXHuu	Destiny Rogers	[]	[2021]	2	1
4ofCBoyEiGSePFAG500xev	Regard	['pop dance', 'pop edm', 'slap house', 'uk dance']	[2019, 2020, 2021]	2	1
52zMTJCKluDlFwMQWmccY7	LOONA	['k-pop', 'k-pop girl group']	[2020, 2021]	2	0
1eizIry8svwmH0cSjLUEYy	Aisha Retno	[]	[2020, 2021, 2022]	2	0
6U3ybJ9UHNKEdsH7ktGBZ7	JID	['hip hop', 'rap', 'underground hip hop']	[2021, 2022]	2	2
57nPqD7z62gDdq37US9XJR	Arcane	[]	[2021, 2022]	2	2
1WgXqy2Dd70QQOU7Ay074N	AURORA	['art pop', 'norwegian pop']	[2019, 2020, 2021]	2	1
0MHgLfmQdutffmvWe5XBTN	Burl Ives	['adult standards', 'american folk revival']	[2017, 2018, 2019, 2020, 2021]	2	0
4x1nvY2FN8jxqAFA0DA02H	John Lennon	['beatlesque', 'classic rock', 'rock']	[2017, 2018, 2019, 2020, 2021]	2	2
2s4tjL6W3qrblOe0raIzwJ	Yoko Ono	['experimental', 'experimental pop']	[2017, 2018, 2019, 2020, 2021]	2	2
7okSU80WTrn4LXlyXYbX3P	Clinton Kane	['alt z', 'gen z singer-songwriter']	[2020, 2021, 2022]	2	1
56OjNTX2bkrdGcB0staUOV	A-Wall	['bedroom pop']	[2021]	2	0
4Ui2kfOqGujY81UcPrb5KE	HAIM	['indietronica', 'metropopolis']	[2017, 2020, 2021]	2	1
0wKBxTlgjMQvntR1t7JhZR	Amylea	['malaysian pop']	[2018, 2019, 2021]	2	1
6uAlmplr9znkwaYj3ysgLd	DAY6 (Even of Day)	[]	[2020, 2021]	2	0
3BwdkvUUHLP8pZj9hN4FiF	Adira Suhaimi	['malaysian pop']	[2019, 2020, 2021]	2	1
5v8jlSmAQfrkTjAlpUfWtu	Perry Como	['adult standards', 'easy listening']	[2017, 2018, 2019, 2020, 2021]	2	2
1Ml4OuStDoympbREURAM15	The Fontane Sisters	['deep adult standards', 'vocal harmony group']	[2017, 2018, 2019, 2020, 2021]	2	2
0HS96tPggl2nwiz3gNWWI5	Mitchell Ayres & His Orchestra	"[""man's orchestra""]"	[2017, 2018, 2019, 2020, 2021]	2	2
3hvinNZRzTLoREmqFiKr1b	CHANGMO	['k-rap', 'korean r&b']	[2020, 2021]	2	2
0JYmighF3zbuA81Di54CZN	S-X	['instrumental grime']	[2019, 2021]	2	2
6s22t5Y3prQHyaHWUN1R1C	AJR	['pov: indie']	[2017]	2	0
6d47Z08T4snK50HgTEHo5Z	Sage The Gemini	['hyphy', 'pop rap', 'southern hip hop', 'trap']	[2017]	2	0
2pXyE80rHLNcLvx6doOfDA	Atmosfera	['lagu sabahan', 'malaysian pop']	[2017, 2018]	2	0
2TL8gYTNgD6nXkyuUdDrMg	Jasmine Thompson	['viral pop']	[2017]	2	2
5DK8eK7fjvRsziXzyr3sFA	Moon Taxi	['modern alternative rock']	[2017]	2	0
5X4LWwbUFNzPkEas04uU82	DVBBS	['canadian electronic', 'dutch house', 'edm', 'electro house', 'pop dance', 'progressive electro house', 'slap house']	[2017, 2018]	2	2
0SCbttzoZTnLFebDYmAWCm	Glee Cast	['glee club', 'post-teen pop']	[2017]	2	1
6VxCmtR7S3yz4vnzsJqhSV	Sheppard	['australian indie', 'folk-pop']	[2017]	2	0
7KMqksf0UMdyA0UCf4R3ux	James Blunt	['neo mellow', 'pop rock']	[2017, 2018, 2019]	2	1
2FwJwEswyIUAljqgjNSHgP	Snakehips	['electropop']	[2017]	2	2
0NIIxcxNHmOoyBx03SfTCD	Tinashe	['alternative r&b', 'dance pop', 'metropopolis', 'pop', 'r&b', 'urban contemporary']	[2017]	2	1
4c4TlVWGSvRk1mBfZdYsnX	Gamma1	['indonesian pop rock']	[2017]	2	0
4bYPcJP5jwMhSivRcqie2n	Adam Levine	['deep talent show']	[2017, 2018]	2	0
1cg0bYpP5e2DNG0RgK2CMN	Joker Xue	['mandopop']	[2017, 2018]	2	0
5JSXWmQO8csVUy6hSRu8TA	Maty Noyes	['alt z']	[2017]	2	1
29QbBR0oTzA7A0kiOzrbbr	Jamie Scott	['uk pop']	[2017, 2018]	2	2
5gWzmnHTLNXz5CjOc0wAuK	Romy Dya	['dutch pop']	[2017, 2018]	2	2
0EmeFodog0BfCgMzAIvKQp	Shakira	['colombian pop', 'dance pop', 'latin pop', 'pop']	[2017, 2018]	2	2
3NPpFNZtSTHheNBaWC82rB	X Ambassadors	['modern alternative rock', 'modern rock', 'stomp pop']	[2017, 2018]	2	2
1sVSMPPNMMSZ7cQNfbvMOe	Eddy Kim	['k-pop', 'korean pop', 'korean singer-songwriter']	[2017]	2	0
6nxWCVXbOlEVRexSbLsTer	Flume	['australian dance', 'australian electropop', 'australian indie', 'downtempo', 'edm', 'indietronica']	[2017]	2	2
374sWpAJsbZckf98df2jJJ	Fuse ODG	['afrobeats', 'azonto']	[2017]	2	2
5aSBbBUbArJfyNKDg4KS1I	Tyron Hapi	['melbourne bounce', 'sky room']	[2017]	2	2
22tB2wbnB3pexB04xtncrG	Mimoza	[]	[2017]	2	2
5lXfVoQxVgC5fpjkVqvNYn	Isaiah Firebrace	['australian pop']	[2017, 2018]	2	0
2fVW2ix4ANKiofDZIsy1XR	Vargas & Lagola	['swedish pop']	[2017, 2019]	2	2
6PXS4YHDkKvl1wkIl4V8DL	Fetty Wap	['new jersey rap', 'pop rap', 'rap', 'southern hip hop', 'trap']	[2017, 2018]	2	2
0mXXLFHmd5bUHxkzaC9ujw	The Sam Willows	['singaporean pop']	[2017]	2	0
6eouuqqGggqDlYRV63cgPo	Secondhand Serenade	['neon pop punk', 'piano rock', 'pixie', 'pop punk']	[2017, 2018, 2019, 2020]	2	0
35CFI6iSFTyM0scQKBu8eE	Kim Kyung Hee	['korean ost']	[2017]	2	0
4VZY0nxYMSNotbS7WjNVQy	Nyla	[]	[2017]	2	2
5jKjGIfQbctItoit4X95XI	Hazama	['malaysian pop']	[2017, 2020]	2	0
4S9EykWXhStSc15wEx8QFK	Céline Dion	['canadian pop']	[2017, 2018]	2	0
6tWZW3i1byYPxPNW7EZmr9	Bil Musa	['malaysian indie']	[2017, 2019]	2	1
2LAqcqAQ8KPTsl1HBgBrqM	Michelle Williams	['hollywood']	[2017, 2018]	2	1
0k30WyXe7aXAIgFKgUVAtP	Irfan Haris	['malaysian pop']	[2017, 2018]	2	0
2MoxYOhy9ooC8KRcdgIFif	Leroy Styles	['dutch edm']	[2017]	2	2
4olE3I5QU0dvSR7LIpqTXc	WATT	['modern alternative rock']	[2017, 2018, 2019]	2	2
3hyEbRtp617pNCuuQjyOmc	Lost Kings	['pop dance', 'pop edm']	[2017, 2018]	2	2
79QO0Xmn1dZhvaLicS2Yrs	The Night Game	['modern alternative rock']	[2017]	2	2
6RHKEd9dpzQ4c09x8Zdaxu	Clara Mae	['alt z', 'swedish pop']	[2017, 2018]	2	1
0dtmYDbYpwcdHPBI1OJatT	Hugh Grant	['hollywood']	[2017, 2018]	2	2
74tNiaBNZ0L0B4bu0lF6r1	Haley Bennett	[]	[2017, 2018]	2	2
4bL2B6hmLlMWnUEZnorEtG	Felix Jaehn	['edm', 'german dance', 'pop dance', 'tropical house']	[2017, 2018]	2	2
5H2UABtAOvtW7dh7iK54uQ	Mawi	['malaysian hip hop', 'malaysian pop', 'rock kapak']	[2017]	2	2
2A9ODN5C62Y7HB4wGGHeFr	Syamsul Yusof	['malaysian hip hop', 'malaysian pop']	[2017]	2	2
6jsjhAEteAlY0vCiLvMLBA	ROZES	['alt z', 'indie poptimism']	[2017]	2	2
3rfU84bKif9yqYS0UPLHKn	Khalifah	['grenada soca', 'malaysian pop', 'rock kapak']	[2017]	2	0
3QKm0ZXXUBD9Gc3PUo2mor	Han Suji	[]	[2017]	2	1
2dd5mrQZvg6SmahdgVKDzh	PSY	['k-rap', 'korean old school hip hop']	[2017]	2	0
7FNnA9vBm6EKceENgCGRMb	Anitta	['funk pop', 'funk rj', 'pagode baiano', 'pop', 'pop nacional']	[2017, 2019]	2	2
2snm3HmsnDUDxbIChdl2Oj	Justin Hurwitz	['hollywood', 'movie tunes', 'soundtrack']	[2017]	2	0
0Sadg1vgvaPqGTOjxu0N6c	Girls' Generation	['k-pop', 'k-pop girl group']	[2017]	2	0
6wPhSqRtPu1UhRCDX5yaDJ	The Pussycat Dolls	['dance pop', 'girl group', 'pop']	[2017, 2018]	2	0
02A3cEvlLLCbIMVDrK2GHV	Starley	['aussietronica']	[2017]	2	2
33JQK4UoS2aMPYBfdB5Ftt	Ryan Riback	['melbourne bounce']	[2017]	2	2
3iOvXCl6edW5Um0fXEBRXy	The xx	['downtempo', 'dream pop', 'indietronica']	[2017]	2	0
0eecdvMrqBftK0M1VKhaF4	CNCO	['boy band', 'latin pop', 'reggaeton', 'urbano latino']	[2017, 2019]	2	2
3zrUX1hQrUB9aXcOiyQLmN	Stanaj	[]	[2017, 2018]	2	2
24jrxG0tKcwgAzsLuPzyMi	Namewee	['malaysian mandopop', 'mandopop']	[2017, 2018, 2020]	2	2
7wg1qvie3KqDNQbAkTdbX0	Louis The Child	['edm', 'electropop']	[2017, 2018]	2	2
7blkMNJv8n9ceP9zlA4W2U	Shawn Hook	['canadian pop']	[2017]	2	2
6G9bygHlCyPgNGxK2l3YdE	Vanessa Hudgens	['dance pop', 'pop', 'post-teen pop']	[2017]	2	2
40dtFU4zt74Rcpuga0Bvg3	V.E.	['classic malaysian pop', 'malaysian hip hop', 'malaysian pop', 'rock kapak']	[2017, 2018]	2	2
66TrUkUZ3RM29dqeDQRgyA	Ella Eyre	['dance pop', 'talent show', 'uk dance', 'uk pop']	[2017, 2018]	2	2
21E3waRsmPlU7jZsS13rcj	Ne-Yo	['dance pop', 'pop', 'r&b', 'urban contemporary']	[2017, 2018]	2	0
47z7ZrgFoBvVpCnElCE3Zh	Yellow Claw	['edm', 'electro house', 'pop dance']	[2017, 2018]	2	2
134GdR5tUtxJrf8cpsfpyY	Elliphant	['electropop', 'swedish indie pop']	[2017, 2018]	2	2
51Blml2LZPmy7TTiAg47vQ	U2	['irish rock', 'permanent wave', 'rock']	[2017]	2	1
3AA28KZvwAUcZuOKwyblJQ	Gorillaz	['alternative hip hop', 'modern rock', 'rock']	[2017]	2	2
7hOGhpa8RMSuDOWntGIAJt	A R I Z O N A	['electropop', 'indie poptimism']	[2017, 2019]	2	1
5cIc3SBFuBLVxJz58W2tU9	Oh Wonder	['electropop', 'indie poptimism', 'pov: indie']	[2017]	2	1
7pFeBzX627ff0VnN6bxPR4	Desiigner	['pop rap', 'rap', 'southern hip hop', 'trap', 'viral trap']	[2017, 2018]	2	1
5rGgflnIpRNizTCozbYBuY	JONGHYUN	['k-pop']	[2017, 2018]	2	1
4MHFCJ8NF67BZ2jl8gF7FX	Ramlah Ram	['classic malaysian pop', 'rock kapak']	[2017, 2018]	2	0
2sS4H2xFvWaxaixeVZC4Vu	Aizat Amdan	['malaysian pop']	[2017, 2018, 2019]	2	0
5wPoxI5si3eJsYYwyXV4Wi	N.E.R.D	['hip hop', 'virginia hip hop']	[2017, 2018]	2	2
3qBKjEOanahMxlRojwCzhI	Zacari	[]	[2017, 2018]	2	2
4bAgr9zaF0bpzVGHdHuf0f	Virgoun	['indonesian pop', 'malaysian pop']	[2017, 2018, 2019]	2	0
2lbUjuMzHkT4qIECvk2f3L	Kris Wu	['chinese hip hop', 'chinese idol pop']	[2017, 2018]	2	2
1dmuM6bG5J8sDFyp26x9Nf	Aziz Harun	['bruneian pop', 'malaysian pop']	[2017, 2018, 2019, 2020]	2	0
1Fr6agZ6iSM5Ynn2k4C8sc	VÉRITÉ	['alt z', 'brooklyn indie', 'dark pop', 'electropop', 'indie poptimism', 'metropopolis', 'nyc pop', 'vapor pop']	[2017]	2	0
009SHiJ9rvFm3vNwL4SjZx	NYK	['malaysian hip hop']	[2017, 2018]	2	1
1PbBg2aYjWLKRk84zJK15x	Echosmith	['electropop', 'indie poptimism', 'viral pop']	[2017, 2018]	2	0
7iZtZyCzp3LItcw1wtPI3D	Rae Sremmurd	['melodic rap', 'mississippi hip hop', 'rap', 'trap']	[2017, 2018]	2	2
5ILrArfIV0tMURcHJN8Q07	Vanessa Carlton	['lilith', 'neo mellow', 'piano rock', 'pop rock', 'post-teen pop']	[2017, 2018]	2	0
7xinmBXv4DpvMvitZt2maL	Kayee Tam	['cantopop']	[2017, 2019]	2	0
3tVQdUvClmAT7URs9V3rsp	Wizkid	['afrobeats', 'afropop', 'azonto', 'azontobeats', 'nigerian hip hop', 'nigerian pop']	[2017, 2018]	2	2
2kHxkdiKCSnHMkhIgFBZaI	Kristen Bell	['movie tunes']	[2019]	2	1
4dSQICBjdUIp5iK6RRU2bY	Josh Gad	['movie tunes', 'show tunes']	[2019]	2	1
7KkqUt65v6LMtR369OQ6FB	Jonathan Groff	['broadway', 'hollywood', 'movie tunes', 'show tunes']	[2019]	2	1
7EQ0qTo7fWT7DPxmxtSYEc	Bastille	['metropopolis', 'modern rock', 'pop']	[2018, 2019, 2020]	2	2
3oSJ7TBVCWMDMiYjXNiCKE	Kane Brown	['black americana', 'contemporary country', 'country', 'country road']	[2019, 2020]	2	2
6eXZu6O7nAUA5z6vLV8NKI	Little Simz	['alternative r&b', 'escape room', 'trap queen']	[2019]	2	2
5xkAtLTf309LAGZTbvULBn	Ruel	['alt z', 'australian alternative pop', 'pop']	[2019, 2020]	2	0
1ClmHgLorY9RUCIvsTdT7A	BEKA	['uk pop']	[2018, 2019]	2	2
1MIVXf74SZHmTIp4V4paH4	Mabel	['pop', 'uk pop']	[2019]	2	0
2nvJsAEdxvSquFlHdYrhTq	Yewy	[]	[2019, 2020]	2	2
1eMmoIprPDWeFdB1FxU6ZV	Au/Ra	['alt z', 'deep pop edm']	[2018, 2019]	2	2
6064pL9Hu3Wx2bwJMeOx6o	Tomine Harket	[]	[2018, 2019]	2	2
3Fl1V19tmjt57oBdxXKAjJ	Blueface	['cali rap', 'rap']	[2019]	2	1
0Qnx1MPnHYt3jJCYrRFVwX	Greyson Chance	['post-teen pop', 'viral pop']	[2019]	2	0
1igVsxmGxt1VTKPulM0EuA	Jungleboi	[]	[2019]	2	2
6aS7ThC5gaYqSm37ewW3Qk	MeerFly	['malay rap', 'malaysian hip hop']	[2019, 2020]	2	2
70TopZU1SljLn9o3Q1vQxM	MK K-Clique	[]	[2019, 2020]	2	2
3CjlHNtplJyTf9npxaPl5w	CHVRCHES	['indietronica', 'metropopolis', 'neo-synthpop', 'shimmer pop']	[2018, 2019, 2020]	2	1
5lQ4rxm8spSJpJHY1Wt5sZ	Ippo Hafiz	['malaysian pop']	[2019, 2020]	2	1
1Z32ApTAXZ8bYhsnsYHLT6	Sheryl Shazwanie	['malaysian pop']	[2018, 2019]	2	1
7Io0XduXk7aOHFHA7sLru2	Bonn	['swedish pop']	[2018, 2019]	2	2
0rTP0x4vRFSDbhtqcCqc8K	Ronghao Li	['chinese singer-songwriter', 'mainland chinese pop', 'mandopop']	[2018, 2019, 2020]	2	0
4exLIFE8sISLr28sqG1qNX	Travis Barker	['rap rock']	[2019]	2	2
7HkdQ0gt53LP4zmHsL0nap	Ella Mai	['r&b', 'rap', 'uk contemporary r&b']	[2018, 2019]	2	1
2n2CsW5gqx05t3FhCsOtXF	Don Krez	[]	[2019]	2	2
1CO6e7WRJvSFenmQO8n64C	Zhavia	['post-teen pop']	[2018, 2019, 2020]	2	2
6H93wOohK6r1MwGh41Z4Nb	Ashin Chen	['taiwan pop']	[2019, 2020]	2	2
2R21vXR83lH98kGeO99Y66	Anuel AA	['reggaeton', 'reggaeton flow', 'trap boricua', 'trap latino', 'urbano latino']	[2018, 2019]	2	2
57LYzLEk2LcFghVwuWbcuS	Summer Walker	['r&b']	[2019]	2	2
28gf2piFx6cAKOMIwcky5a	A-Lin	['mandopop']	[2018, 2019, 2020]	2	0
1INuLZXjjVbcJRyWvD1iSq	Jack & Jack	['pop', 'teen pop']	[2018, 2019]	2	2
3SYnDj7btg9gFY7ps8m5d5	RANI	['dutch pop']	[2019]	2	2
0tRFWXqKBBQcu5oFVOgVzX	Jaira Burns	['alt z']	[2018, 2019, 2020]	2	2
790FomKkXshlbRYZFtlgla	KAROL G	['reggaeton', 'reggaeton colombiano', 'trap latino', 'urbano latino']	[2019, 2020]	2	2
6Xg22wJOAcnvPUfk5WvODH	JEON SOYEON	['k-pop']	[2019, 2020]	2	2
2RDOrhPqAM4jzTRCEb19qX	Sheck Wes	['pop rap', 'rap', 'trap']	[2018, 2019]	2	1
7Gui07OSDQGktpwL3oH8yt	Kameron	[]	[2019]	2	2
5vSQUyT33qxr1xAX2Tkf3A	Clams Casino	['cloud rap', 'experimental hip hop', 'instrumental hip hop', 'psychedelic hip hop', 'wonky']	[2018, 2019]	2	2
028lPW2NdWHdSPCkRkcyhd	Ant Clemons	[]	[2019]	2	2
70kkdajctXSbqSMJbQO424	Kacey Musgraves	['classic texas country', 'contemporary country', 'country dawn']	[2019, 2020]	2	1
4zCH9qm4R2DADamUHMCa6O	Anirudh Ravichander	['desi hip hop', 'filmi', 'tamil hip hop']	[2019, 2022]	2	2
6resosXRi1aFJlFxPU6lX9	Dato' M. Nasir	['classic malaysian pop']	[2018, 2019, 2020]	2	1
3Pf2rSt1t81WmltXWgJU6v	庄靖毅	[]	[2019, 2022]	2	2
6QyO41KctzGc70mVaVnXQO	CLC	['k-pop', 'k-pop girl group', 'korean city pop']	[2019, 2020]	2	0
3MyB0MyKec3Jq0AH2llk7v	Evan Rachel Wood	['hollywood', 'movie tunes']	[2019, 2020]	2	1
4dKMCu1a6EUhmxHUMZiI2K	Tuju	[]	[2019, 2020]	2	2
4jpsw9CQS439N0B7SecMgf	Ant Saunders	['chill r&b', 'viral rap']	[2019, 2020]	2	0
5lAYp2nF7qQU1kAUoE8bKV	Spuds	[]	[2019]	2	2
4VWnuR2hpj6DZNfcpe4e3M	Bekon	['la pop']	[2019]	2	2
4fbvNLpGvqBWKt7pVGzdV8	Shirley Chen	['mainland chinese pop']	[2019, 2020]	2	0
28y6CyJNkGNjJQKrlx4AmN	HRVY	['pop']	[2018, 2019]	2	1
22JdJVovP3pV9XkGTih01c	Game of Thrones	[]	[2019]	2	2
4mHAu7NX2UNsnGXjviBD9e	Brooks	['dutch house', 'edm', 'electro house', 'future house', 'pop dance', 'pop edm', 'progressive electro house']	[2018, 2019]	2	2
3zDRCqOhJXJfS2YWOEwGMC	Christopher	['danish pop']	[2018, 2019]	2	0
6C1ohJrd5VydigQtaGy5Wa	Joyner Lucas	['boston hip hop', 'hip hop', 'pop rap', 'rap']	[2018, 2019]	2	2
6xvpfMjWTougrRRtK7iikz	Mason Ramsey	['contemporary country', 'country']	[2018, 2019]	2	1
1OB278sOZVSFx5vXqYha83	J. Rey Soul	[]	[2020]	2	2
68GrUSLjB1nY8Iri2lcvHx	GARD WUZGUT	['malay rap']	[2020]	2	2
3O5HD95HTEPgoPFOjAb7yV	DripReport	['viral rap']	[2020]	2	0
3yQiG5YvFU7JraUrqVHVuL	Harith Zazman	[]	[2020]	2	2
2JbE7jUIGtpXSzytnyMg6U	Curtis Waters	[]	[2020]	2	2
44rJuOJLavqhY6qGgpQW4U	Harm Franklin	['alberta hip hop']	[2020]	2	2
4kVy1sDTGmCWzxmzY6soNZ	Alien Huang	['mandopop', 'taiwan pop']	[2020]	2	0
3ybZTNrlK0QhL4rBxfLHOc	Gaho	['k-pop']	[2020]	2	0
7uMh23xWiuR7zsNkuNcm2G	MNEK	['house', 'pop dance', 'uk contemporary r&b', 'uk dance', 'uk pop']	[2018, 2020]	2	2
4rUYk0fV0Z4pOtwVbEAyK9	Glenn Fredly	['indonesian jazz', 'indonesian pop']	[2020]	2	0
7GaxyUddsPok8BuhxN6OUW	James Brown	['funk', 'soul']	[2020]	2	0
3ytV7vc4ZuwGgwaOuWvkk8	MINO	['k-pop']	[2018, 2020]	2	0
1KP6TWI40m7p3QBTU6u2xo	BØRNS	['indie poptimism', 'indietronica', 'modern alternative rock', 'modern rock', 'pov: indie']	[2018, 2020]	2	1
6sHCvZe1PHrOAuYlwTLNH4	Gus Dapperton	['bedroom pop', 'indie poptimism', 'pov: indie']	[2020]	2	2
6M6XXCcO5gI68XpIlrUL3Z	Young T & Bugsey	['afroswing', 'grime', 'nottingham hip hop', 'uk hip hop']	[2020]	2	2
6UCQYrcJ6wab6gnQ89OJFh	Headie One	['uk hip hop']	[2020]	2	2
6DVipHzYsPlIoA0DW8Gmns	"Royce Da 5'9"""	['detroit hip hop', 'gangster rap', 'hardcore hip hop', 'hip hop']	[2018, 2020]	2	2
2p1fiYHYiXz9qi0JJyxBzN	Skepta	['birmingham grime', 'grime', 'instrumental grime', 'uk hip hop']	[2018, 2020]	2	2
37Qsf5KCKljH7mL134xp4k	Saudi	['south african hip hop']	[2018]	2	2
5uEeqYFuIChoWKy34jp8xE	Brando	['dance pop', 'pop dance']	[2018]	2	2
4fwuXg6XQHfdlOdmw36OHa	Paloma Faith	['british soul', 'talent show']	[2018, 2022]	2	1
5T8zbK3dic52T9bFu0aY8z	Sophia Somajo	['swedish electropop']	[2018]	2	2
5gCRApTajqwbnHHPbr2Fpi	Juicy J	['crunk', 'memphis hip hop', 'pop rap', 'rap', 'southern hip hop', 'trap']	[2018]	2	2
6jlz5QSUqbKE4vnzo2qfP1	Karen Mok	['mandopop']	[2018]	2	0
70B8WzgEFajrIE820yi08H	Bunkface	['malaysian indie', 'malaysian pop', 'malaysian punk']	[2018]	2	0
3kv1Edgn5HlEWCuEKr1Y9x	Yugen Blakrok	['south african hip hop', 'spiritual hip hop']	[2018]	2	2
2QSPrJfYeRXaltEEiriXN9	Tove Styrke	['electropop', 'swedish electropop', 'swedish pop', 'swedish synthpop']	[2018]	2	1
7C3Cbtr2PkH2l4tOGhtCsk	Shallou	['electropop', 'indie electropop']	[2018]	2	2
1ikID9RZZMvkuBGDWrqajq	Kasbo	['future bass', 'pop edm', 'swedish electropop', 'vapor twitch']	[2018]	2	2
7fWrZ2q4fGZAnuCPfgSU52	Cody Lovaas	['la pop']	[2018]	2	2
3fMbdgg4jU18AjLCKBhRSm	Michael Jackson	['r&b', 'soul']	[2018]	2	2
0TkqXdyWLsssJH7okthMPQ	Jay Electronica	['alternative hip hop', 'conscious hip hop', 'drumless hip hop', 'hip hop', 'psychedelic hip hop']	[2018, 2022]	2	2
0vn7UBvSQECKJm2817Yf1P	James Taylor	['classic rock', 'folk', 'folk rock', 'heartland rock', 'mellow gold', 'singer-songwriter', 'soft rock']	[2018]	2	2
1SupJlEpv7RS2tPNRaHViT	Nicky Jam	['latin hip hop', 'reggaeton', 'trap latino', 'urbano latino']	[2018]	2	2
1pPmIToKXyGdsCF6LmqLmI	Rich The Kid	['atl hip hop', 'melodic rap', 'plugg', 'rap', 'trap']	[2018]	2	0
3W1715uFRerp7Qyl7tK49F	Radio 3000	[]	[2018]	2	2
4rZurml1Hq4rtwISdABqbd	Yazid Izaham	['malaysian pop']	[2018]	2	0
4TEJudQY2pXxVHPE3gD2EU	BlocBoy JB	['memphis hip hop', 'rap', 'tennessee hip hop', 'trap']	[2018]	2	2
4as3khXWaPjfkFdCA0JWMo	Jesse®	['modern alternative pop']	[2018]	2	2
0xq3ysl29SzPlROwjoJ0Fa	林德荣	[]	[2022]	2	2
5BrTrsV0XTDyGDbfMYI3wO	颜薇恩	[]	[2022]	2	2
4w8k8lC57cuGQaZ5UvxiEY	曽耀祖	[]	[2022]	2	2
1taywszKCOByNRndihMKu3	凯心	[]	[2022]	2	2
7JqV001XBrSr1Iyt66VPGk	Raffa Affar	[]	[2022]	2	0
4vdAAzZBUKbsrvHi6UR7B7	Jessica Darrow	['movie tunes']	[2022]	2	0
4FSeGTolOH6STKczPVvtSI	庄文杰	[]	[2022]	2	2
7E3MrvPLlCGdkAaZ6E8oc3	林震前	['chinese new year']	[2022]	2	2
79AyR6ATpj2LTPxfb6FX50	Lauren Spencer Smith	['alt z', 'gen z singer-songwriter']	[2022]	2	0
4SpsVETdnMLwPHyOW0FlQz	队长	['chinese viral pop']	[2022]	2	1
2iDVt6mFbtbDEZG5ax0dTi	Tulus	['indonesian jazz', 'indonesian pop', 'indonesian singer-songwriter']	[2022]	2	0
4EWTiE61XKSdCi3DwW8fee	Sofaz	['malaysian pop', 'rock kapak']	[2017, 2018, 2019, 2020, 2021]	1	0
3D4uyEk5z3Ko3kwREUNsUt	Dayangku Intan	['classic malaysian pop', 'rock kapak']	[2017, 2018, 2019, 2020, 2021]	1	0
22wbnEMDvgVIAGdFeek6ET	Benson Boone	['singer-songwriter pop']	[2021]	1	0
4oCjaJOG9XG6RYV66uQXxh	Neeta	['malaysian pop']	[2020, 2021]	1	0
6TLwD7HPWuiOzvXEa3oCNe	Oliver Tree	['alternative hip hop']	[2021, 2022]	1	0
3lloFpVUBpkj43QDDjaN2l	Aepul Roza	['malaysian pop']	[2020, 2021]	1	1
5NhgsV7qPWHZqYEMKzbYvo	Faouzia	['alt z', 'canadian pop']	[2021]	1	1
51sob9QZyfLff9XqvYluN5	Sezairi	['singaporean pop', 'singaporean singer-songwriter']	[2021, 2022]	1	0
6dcMIBW9nvLYwNjigIDuS2	Azlina Aziz	['classic malaysian pop']	[2017, 2018, 2019, 2020, 2021]	1	0
4sbcrENSiVe3Yn9ftToC4b	Stevan Pasaribu	['indonesian pop']	[2021, 2022]	1	0
29LWzRDuZ4ABF8fA3flIz8	Afieq Shazwan	[]	[2021, 2022]	1	1
6oM1PyiV3LidEUIHKubg3W	Melly Goeslaw	['indonesian idol pop', 'indonesian pop']	[2021]	1	0
2VSHKHBTiXWplO8lxcnUC9	GAYLE	['modern alternative pop']	[2021, 2022]	1	0
1tM4ox3QsSpl3R2VwLjJ47	Larissa Lambert	['chill r&b']	[2021]	1	0
6SKusTjOAPsTZ6kareKQdm	TAEYONG	['k-pop']	[2021, 2022]	1	1
3DZrLuJOQFKqV2sjMsKb1V	JENO	[]	[2021, 2022]	1	1
5wrZ59w1ndSBlPeUj2f6Fs	HENDERY	[]	[2021, 2022]	1	1
5yyf4YDCKGaa71SC7KRw2L	YANGYANG	[]	[2021, 2022]	1	1
2P1id80CMwR5R5cwcyIIAi	GISELLE	[]	[2021, 2022]	1	1
3tlXnStJ1fFhdScmQeLpuG	Brent Faiyaz	['r&b', 'rap']	[2021]	1	1
4yJHrytMK7mqtKsXVGaBNg	Fana Hues	['alternative r&b', 'indie r&b']	[2021]	1	1
2WuKU0SYZOQyY3MmE4vtez	New Hope Club	['boy band']	[2021, 2022]	1	1
5xSx2FM8mQnrfgM1QsHniB	Danna Paola	['latin pop', 'latin viral pop', 'mexican pop']	[2021, 2022]	1	1
7nKA1c1Qn6nI0XA8yburf3	程響	['chinese viral pop', 'mainland chinese pop']	[2021]	1	0
3fCQnw6VSudXBTN5d2QP2z	Gary Lightbody	['british singer-songwriter']	[2021]	1	1
5zwOFEgl0YcJG2RXJTwFdS	Khairil Johari Johar	['classic malaysian pop']	[2017, 2018, 2019, 2020, 2021]	1	0
2WgfkM8S11vg4kxLgDY3F5	StarBoi3	['viral rap']	[2021]	1	1
1dPSMH55yhvjYIwqCP4iDj	Luke Chiang	['bedroom r&b', 'chill r&b']	[2021, 2022]	1	0
3O7w6MOsgE4B0oAUcE9RlE	Noki	[]	[2021]	1	1
4bIUSP8HNYL26piJkHQgmc	Astro 全体艺人	[]	[2021]	1	0
687cZJR45JO7jhk1LHIbgq	Tems	['afro r&b', 'afrobeats', 'alte', 'nigerian pop']	[2021]	1	1
0K8XIKoIq5fIuLnvGsgbOx	常勇	[]	[2021]	1	1
6JK92VNDFMirP8kRUOvV9a	舒森	[]	[2021]	1	1
4I2OrOpXlgOqOBmYvakfYE	蔡常樂	[]	[2021]	1	1
6EeG5PBrEBzEy64XA8Yl0Z	陳培永	[]	[2021]	1	1
77tT1kLj6mCWtFNqiOmP9H	Daryl Hall & John Oates	['album rock', 'classic rock', 'heartland rock', 'mellow gold', 'rock', 'singer-songwriter', 'soft rock', 'yacht rock']	[2018, 2019, 2020, 2021]	1	0
69UfPJgUmFFAVT740qGVZi	Ken Darby Singers	[]	[2017, 2018, 2019, 2020, 2021]	1	1
735L650pvygCZZlPMyHqsN	John Scott Trotter & His Orchestra	['light music']	[2017, 2018, 2019, 2020, 2021]	1	1
416Vi1qJmv5LqqAbz5hiJA	Ustaz Haji Mohammad Rozie	['zikir']	[2021]	1	0
5UjifI1TYefXWn9GdqDOHl	Social House	[]	[2019, 2020, 2021]	1	1
6HpIVA13SPof8sYuXRUfxj	Leyla Blue	['alt z']	[2021]	1	0
5ENS85nZShljwNgg4wFD7D	Gabry Ponte	['eurodance', 'italo dance', 'slap house']	[2021]	1	1
0TKFPt9w0AAEnhB9bd0pLy	LUM!X	['melbourne bounce international', 'slap house']	[2021]	1	1
3iMzbvXlgNUpoFccD60bvr	Prezioso	['italo dance']	[2021]	1	1
0MeOKtKKNYUBM075fR930L	Sunjae	['korean ost']	[2021]	1	0
71szvmFWd7TUa7b6XmXj9k	Emmy Meli	[]	[2021, 2022]	1	0
6tyWHsrN1ximnTg5SmQgYr	OmarKENOBI	[]	[2021]	1	1
16Bu8Tl5T3n6QxlkQEmmmg	Junainah	['classic malaysian pop']	[2017, 2018, 2019, 2020, 2021]	1	0
0hDjKSKjl1DC7ovYTDJHe8	Bruno Major	['singer-songwriter pop']	[2021, 2022]	1	0
1XxkGZrMNFgpiuo1We3j3j	Elly Mazlein	['classic malaysian pop', 'malaysian pop', 'rock kapak']	[2020, 2021]	1	1
44vREmJC0OlVZjZaGLqVEd	Morray	['pop rap']	[2021]	1	1
0zceqpBQTndQrTQiTnxZB9	Nidza Afham	[]	[2021]	1	0
78cnu3oGbd1UmKccVLLBvc	Zaleha Hamid	['classic malaysian pop', 'rock kapak']	[2019, 2020, 2021]	1	1
0tB33cNAVw1H2enMHpgFiP	Arvian Dwi	['indonesian pop']	[2021, 2022]	1	0
1gm1katIowFM22Ldqcw6DK	Ricky Rich	['swedish hip hop', 'swedish trap pop']	[2021, 2022]	1	1
3pjq2pDV9RR6VY55wBjVnp	Dardan	['albanian hip hop', 'german hip hop']	[2021, 2022]	1	1
2otUckChxWf2cp6UP2cD6e	Zuna	['albanian hip hop', 'german hip hop']	[2021, 2022]	1	1
7pLntWGInZPQxc4kXxzzjB	Liz Gillies	[]	[2018, 2019, 2020, 2021]	1	1
6QrQ7OrISRYIfS5mtacaw2	Jaymes Young	['indie poptimism']	[2021, 2022]	1	0
5o615XColiSVMPDWlslKSk	Wonstein	[]	[2021]	1	1
3Q5Qep7ytrjVleNnMnntgQ	TEN	['k-pop']	[2021]	1	0
6HncOqfHXSGpGwlaBr6h9x	MELODYFM全體DJ	['chinese new year']	[2021]	1	0
7iTLGcddv1bOPirdYJjKVy	Dj Yo!	[]	[2021]	1	1
5fUXK5m3BNwoRgTyKq8tnz	AX'EL	[]	[2021]	1	1
72Nhcx7prNk2ZCxhx0Y5es	Amy Grant	['christian music']	[2021]	1	0
64H8UqGLbJFHwKtGxiV8OP	THE ANXIETY	['modern alternative pop']	[2021, 2022]	1	1
3rWZHrfrsPBxVy692yAIxF	WILLOW	['afrofuturism', 'pop', 'post-teen pop', 'pov: indie']	[2021, 2022]	1	1
1xoxekeb8jUVHKJB7m6bfg	Tyler Cole	['bedroom soul']	[2021, 2022]	1	1
5GcHlX35KE7BMgZzvb78CX	Nyanyian Ramai	[]	[2017, 2018, 2019, 2020, 2021]	1	0
3wVXTWabe3viT0jF7DfjOL	Vedo	['pop r&b']	[2020, 2021]	1	0
3kQyzPSSQbfzs01LnzFaSc	Hijjaz	['nasyid']	[2021]	1	0
1qBsABYUrxg9afpMtyoFKz	WayV	['chinese idol pop', 'k-pop']	[2021]	1	0
5mWOlN9AGvPkeA5sOFWQrV	Noraniza Idris	['classic malaysian pop', 'malaysian pop']	[2021]	1	1
5iRPbkcPmqAFFwDUj6ywVS	2PM	['k-pop', 'k-pop boy group']	[2021]	1	0
6FdgwOhDP1kPWChJQqKGA4	REM	[]	[2021]	1	1
1mms4GLaDr9K3H1ujMlMxN	Ajai	['classic malaysian pop', 'malaysian pop', 'rock kapak']	[2021]	1	1
4l1q0z9xeJcJw73Gxc6gCB	Mark Tuan	[]	[2021]	1	1
6qjhYs5KNSoSU6fNJqDGIo	Sanjoy	['desi pop']	[2021]	1	1
4hUmsYcvD8C5zuVSP93jb1	Miki Matsubara	['classic city pop']	[2020, 2021]	1	0
6Uy7SghxvXi95U1caVnl8m	Abubakarxli	['malay rap']	[2021]	1	1
3maegwK4uhnMtviZHYwLfo	Siqma	['malay rap']	[2021]	1	1
5NUVwRESNqYBUTRbiATjy7	BE'O	['k-rap']	[2021, 2022]	1	1
58L8OvnHTDYi9bZVRSw5DC	Cenderawasih	['classic malaysian pop']	[2017, 2018, 2019, 2020, 2021]	1	0
34EI8CYCNN88KL4ILMUQu8	Warner Music Malaysia All Star	[]	[2019, 2020, 2021]	1	0
7l8rOFwZFQ3G0sgZ7gjGng	Jung Seung Hwan	['korean pop']	[2020, 2021]	1	0
0tvpihdAsKiNnP6sWS3jUI	TroyBoi	['bass trap', 'electronic trap']	[2021]	1	1
1qM11R4ylJyQiPJ0DffE9z	Lilas Ikuta	['j-pop', 'japanese teen pop']	[2021]	1	1
3rHcBT06Vb1XGVUWhDALZt	WONWOO	[]	[2021]	1	1
5gUpo0BRmo6EOTbyU3z5Ay	MINGYU	[]	[2021]	1	1
3rJbSZv98yyWLNOvD6MsAV	7!!	['anime rock', 'j-pixie', 'okinawan pop']	[2021]	1	0
22d6nqxq33gYU50eC0YV37	Aj	[]	[2020, 2021]	1	1
3TtgOeQcNkf9WVDA4xPBJM	831	['mandopop', 'taiwan idol pop']	[2020, 2021]	1	0
2JBUyLiFvpFPWdZGqIGYLD	Crowd Lu	['mandopop', 'taiwan indie', 'taiwan singer-songwriter']	[2020, 2021]	1	0
6JTCN21ovvrR3iPViZTXz4	HyunA&DAWN	['k-pop']	[2021]	1	0
1r1uxoy19fzMxunt3ONAkG	Phoebe Bridgers	['indie pop', 'la indie', 'pov: indie']	[2021]	1	1
6LArUyIoMiHmDvvOAsE2cd	Dream	['pixel', 'pov: indie']	[2021]	1	1
2NJLAUSe3Ifk9MiHbddRAi	大籽	['chinese viral pop']	[2021]	1	0
7y3HnWCFEvWj4KM9GFSkiX	WeiBird	['chinese r&b', 'mandopop', 'taiwan singer-songwriter']	[2021, 2022]	1	0
7c1HgFDe8ogy5NOZ1ANCJQ	Car, the garden	['k-indie', 'korean pop']	[2021]	1	0
0imE3buPhAowREqCrr4CYe	Peach Tree Rascals	['pov: indie']	[2020, 2021]	1	0
3klZnJvYGIbWritVwQD434	Duncan Laurence	['dutch pop']	[2020, 2021, 2022]	1	0
7b79bQFziJFedJb75k6hFt	Tion Wayne	['london rap', 'uk hip hop']	[2021]	1	1
3FoFW2AoUGRHBacC6i4x4p	Russ Millions	['melodic drill', 'uk drill']	[2021]	1	1
7m0BsF0t3K9WQFgKoPejfk	ArrDee	['uk hip hop']	[2021]	1	1
63ebc5zUpJ36aoTDQJHa9B	E1 (3x3)	[]	[2021]	1	1
2uIRmVaCVpHQjaVgph5clS	ZT (3x3)	[]	[2021]	1	1
4Dokdwa3WB7ilQ2c2qvIBL	Bugzy Malone	['grime', 'manchester hip hop', 'uk hip hop']	[2021]	1	1
5AiY4bxeXerLXx03JADdQv	Buni	['uk drill']	[2021]	1	1
14CHVeJGrR5xgUGQFV5BVM	Fivio Foreign	['brooklyn drill', 'new york drill', 'trap']	[2021]	1	1
4QSTyDpxsKmv3UfavVUImR	Darkoo	['afrobeats', 'afroswing', 'london rap', 'uk hip hop']	[2021]	1	1
1BEUkE2CSUgHTLSBMZdnFB	Mae Muller	['uk contemporary r&b', 'uk pop']	[2021, 2022]	1	1
3jk39CGeaaSO3FPKNx1RUx	Syd	['alternative r&b', 'lgbtq+ hip hop']	[2021]	1	1
4rLkBI8sdayXhNaGmfW3nC	Tri Suaka	['indonesian folk pop']	[2021, 2022]	1	0
63yrD80RY3RNEM2YDpUpO8	Melanie Martinez	['alt z', 'electropop', 'pop']	[2020, 2021]	1	0
0BqRGrwqndrtNkojXiqIzL	Whee In	['k-pop', 'korean ost']	[2021]	1	0
5Z8yiejmAmYXUosqttr2my	童童欢乐园主持人	['chinese new year']	[2021]	1	0
5ghnxpW47ojtLHHyTLdxdY	Witt Lowry	['indie pop rap']	[2021]	1	1
1gl0S9pS0Zw0qfa14rDD3D	Surf Curse	['dreamo', 'indie surf', 'pov: indie', 'surf punk', 'vegas indie']	[2021]	1	0
3WskbYlYe2qJrMtYnkIvKk	Ai.Z	[]	[2021]	1	0
6LOlfo8JBHjgw8P0vKKH2D	Naqiu	['malaysian pop']	[2021]	1	1
3ClWG1ei6mt02XaSzpuSYa	Vanessa Reynauld	[]	[2021]	1	1
6RHTUrRF63xao58xh9FXYJ	IVE	['k-pop girl group']	[2021, 2022]	1	0
1khChLj7REGqjM043PlYyn	Xdinary Heroes	['k-pop', 'k-pop boy group']	[2021]	1	0
3J2OSq7G34UlfnNB6YuZCF	Nova	['hyperpop']	[2021]	1	0
1EsGSU1T8erJCcsxrndQWP	Saleem	['rock kapak']	[2017, 2018, 2020, 2021]	1	1
3wrFoI9EVjWg6m8xXeWr5t	VALORANT	['video game music']	[2021]	1	1
4fv1OFJywZ7DHCz3mVQQ45	Grabbitz	['brostep']	[2021]	1	1
20DZAfCuP1TKZl5KcY7z3Q	SLANDER	['brostep', 'dubstep']	[2020, 2021, 2022]	1	1
6d0ZjIp5L7Ygy2l02HskRX	Dylan Matthew	['singer-songwriter pop']	[2020, 2021, 2022]	1	1
77YvCBWe0tTLygpgSJsdOH	Dhee	['filmi', 'tamil pop']	[2021]	1	1
7rVV9d6vc4FLT752uRuk71	Arivu	['desi hip hop', 'tamil pop']	[2021]	1	1
5FVBduYaeVBb6JIghza7v6	Santhosh Narayanan	['filmi', 'tamil pop']	[2021]	1	1
4D3e1gNcNkycsMtOSo8Z2J	Amir Masdi	['malaysian pop']	[2021]	1	0
58MLl9nC29IXbE4nEtuoP2	Alex & Sierra	['pop', 'post-teen pop']	[2017, 2018, 2019, 2020, 2021]	1	0
5Za3d8fOzNa1aYojLj6fSh	Aman Shah	['classic malaysian pop', 'rock kapak']	[2017, 2018, 2019, 2020, 2021]	1	0
35GL8Cu2GKTcHzKGi75xl5	Jennifer Hudson	['dance pop', 'r&b', 'urban contemporary']	[2020, 2021]	1	1
3sMsWkApnc6yPyMUsNHQlb	Kaleb J	['indonesian pop']	[2021]	1	0
0CmvFWTX9zmMNCUi6fHtAx	THE BOYZ	['k-pop', 'k-pop boy group']	[2021]	1	0
1FtBEIWAwvw5ymBen5GICR	Chlöe	[]	[2021]	1	0
1DuEl1a7U6Um8hYvNW1OiY	Firdaus Rahmat	[]	[2021]	1	0
4pnp4w9g30yLfVIAFnZMRd	ACRAZE	['pop dance', 'tech house']	[2021, 2022]	1	1
1c70yCa8sRgIiQxl3HOEFo	Cherish	['atl hip hop', 'girl group', 'hip pop', 'r&b', 'southern hip hop', 'urban contemporary']	[2021, 2022]	1	1
7gXb99Sf9nNmpNYeAgIQFG	Sub Urban	['modern indie pop']	[2021]	1	1
5fR4xhDybxRY7SwyUwQy34	The Stereotypes	[]	[2021]	1	1
4QCyDTsIxeeMEIuYAndqkw	Amy Mastura	['classic malaysian pop', 'malaysian pop']	[2021]	1	0
01QTIT5P1pFP3QnnFSdsJf	Lupe Fiasco	['chicago rap', 'conscious hip hop', 'hip hop', 'political hip hop', 'pop rap', 'rap', 'southern hip hop']	[2021]	1	1
5PjekOABtfU2Kwo0AHVmci	Guy Sebastian	['australian pop', 'australian talent show']	[2021]	1	1
4YSKGMF40IgP6ouU5jbhnb	Aishah	['classic malaysian pop', 'malaysian pop', 'rock kapak', 'zikir']	[2017, 2018, 2019, 2020, 2021]	1	0
7MPGCB854Qo4alYMOPkBka	Ritt Momney	['bedroom pop']	[2020, 2021]	1	0
5oNgAs7j5XcBMzWv3HAnHG	DJ Drama	['dirty south rap', 'philly rap', 'southern hip hop', 'trap']	[2021]	1	1
73B9bjqS2Z5KLXNGqXf64m	Weeekly	['k-pop']	[2021, 2022]	1	0
4w9Ukwue8Yj5zmMGPd1jok	Reedzwann	[]	[2021]	1	0
6bmlMHgSheBauioMgKv2tn	Powfu	['sad lo-fi', 'sad rap']	[2020, 2021]	1	1
35l9BRT7MXmM8bv2WDQiyB	beabadoobee	['bedroom pop', 'bubblegrunge', 'indie pop', 'pov: indie']	[2020, 2021]	1	1
5lpH0xAS4fVfLkACg9DAuM	Wham!	['new romantic', 'new wave', 'new wave pop', 'soft rock']	[2017, 2018, 2019, 2020, 2021]	1	0
6RhtPXXQGPfHrVrbw6srzL	Puan Sri Saloma	['classic malaysian pop']	[2017, 2018, 2019, 2020, 2021]	1	0
0K87f3owemzI8NUCoEIXOB	vaultboy	['singer-songwriter pop']	[2021]	1	0
6XXKPxRX2WWPPtfodzpc2v	KEY	['k-pop']	[2021]	1	1
6qvVoPGEqNCyYSjYCgfV1v	Choi Yuree	['korean singer-songwriter']	[2021]	1	0
6vVztIuqdDHvYWxOEXCzjN	SALES	['indie pop', 'orlando indie']	[2021, 2022]	1	0
5dLfdoRqimRnbTC19bdbRD	Gustixa	['indonesian viral pop']	[2021]	1	1
4qAgGlLYLDFK1wc9Ny4fx7	Bulan	[]	[2021]	1	1
4Dxs6WepdnXGJWAC4vgmPp	Lia Aziz	[]	[2021]	1	0
2hRQKC0gqlZGPrmUKbcchR	SHINee	['k-pop', 'k-pop boy group']	[2021]	1	0
7pUvDeRGoUPXDN5q3i8e1n	A. Nayaka	['indonesian hip hop', 'indonesian trap']	[2021]	1	1
51BliGAyfekzswIpIiH2Bo	YHB Sleepsalot	['malay rap', 'singaporean hip hop']	[2021]	1	1
0rW7V7HZoluUNdKnHK2lTl	SYA	[]	[2021]	1	1
7y7JSh3skPdhrkXziDTTyL	SENNA	['malay rap']	[2021]	1	1
1h6Cn3P4NGzXbaXidqURXs	Swedish House Mafia	['edm', 'pop dance', 'progressive electro house']	[2021, 2022]	1	1
7d86ERlvO5UG44j7Va0Y0C	Pamungkas	['indonesian pop', 'indonesian singer-songwriter']	[2021, 2022]	1	0
7rxRHujzUzobMEbtoE297s	George Lam	['c-pop', 'cantopop', 'classic cantopop']	[2021]	1	1
6CexlJ1wj79N50NMxRBfUa	David Lui	['c-pop', 'classic cantopop', 'classic mandopop']	[2021]	1	1
7Bx0SBZoIX73eywmBcdqFb	Sally Yeh	['c-pop', 'cantopop', 'classic cantopop', 'classic mandopop']	[2021]	1	1
4Do8LbyzJkI0t6c4H4DNrP	Alex To	['classic mandopop', 'mandopop']	[2021]	1	1
2n3uDrupL8UtFSeZhY38MS	Andy Lau	['c-pop', 'cantopop', 'classic mandopop']	[2021]	1	1
3de8fL3wVnfUEtOlGIoFy5	張衛健	[]	[2021]	1	1
5OZXWMwDhlYBRvoOfcX0sk	Raisa	['indonesian pop', 'indonesian r&b', 'indonesian singer-songwriter']	[2021]	1	1
1SrWbIDP84JcSDr0oTBAQw	Matthaios	['opm', 'pinoy hip hop']	[2021]	1	1
0sfCNfNJnqVgcPHcO9htcy	SPRITE	['thai pop rap']	[2021]	1	1
3xvaSlT4xsyk6lY1ESOspO	Disney	"[""children's music"", 'movie tunes']"	[2021]	1	1
6HHje5tfmzWK8PsSaoJ9Xp	SAMSONS	['indonesian pop', 'indonesian pop rock']	[2019, 2020, 2021, 2022]	1	0
2vnB6tuQMaQpORiRdvXF9H	Beach Bunny	['bubblegrunge', 'chicago indie', 'indie pop', 'pov: indie']	[2021]	1	0
5SXuuuRpukkTvsLuUknva1	Baby Keem	['hip hop', 'rap']	[2021]	1	1
2LgQQ0AwWzl3XoXKWVhFEV	ForceParkBois	['malay rap']	[2021, 2022]	1	0
08Ld63UgKrJ0nZnCkzHtzc	Project Pat	['crunk', 'dirty south rap', 'gangster rap', 'memphis hip hop', 'trap']	[2021]	1	1
4wP1kxjUsc9IR4Iy2smL7o	Trinidad Cardona	['sped up']	[2021]	1	0
4RVnAU35WRWra6OZ3CbbMA	Kylie Minogue	['australian dance', 'australian pop', 'dance pop', 'eurodance', 'new wave pop']	[2018, 2019, 2020, 2021]	1	0
179XJA4Q2PPPkPbjPvSRt7	Ning Baizura	['classic malaysian pop', 'malaysian pop', 'rock kapak']	[2017, 2018, 2019, 2020, 2021]	1	0
4yvcSjfu4PC0CYQyLy4wSq	Glass Animals	['gauze pop', 'indietronica', 'modern rock', 'pov: indie', 'shiver pop']	[2021, 2022]	1	0
2nNQ7m7Q9NKESHPjOUeSSG	Jay Jay	['classic malaysian pop', 'rock kapak']	[2021]	1	0
5Qnl3RAtzne7J1dxRv1UBc	NCT 2021	[]	[2021, 2022]	1	0
3UwlejyX2b458azZ7eCnHb	HyunA	['k-pop']	[2021]	1	0
3lrh60OfdaOmmHPQ15wHx8	CHA NI (SF9)	['korean ost']	[2021]	1	0
0BKx4UjPvXVGY15u0xFbbi	JAY1	['uk hip hop']	[2021]	1	1
58ICshZ0AgBMNJiLHK3U8l	Deno	['uk hip hop']	[2021]	1	1
410YI3blyJAcoux9KUdiO1	DJ	[]	[2020, 2021]	1	1
6w7JZrwA9u6IBUP65k7K3j	Hail Amir	['classic malaysian pop', 'rock kapak']	[2017, 2018, 2019, 2020, 2021]	1	1
2o6qbelGsoA3HmW02e7tND	Fazidah Joned	['classic malaysian pop']	[2017, 2018, 2019, 2020, 2021]	1	0
2bWTIIQP9zaVc55RaMGu7e	Seori	['korean r&b']	[2021]	1	1
0QGDb8TBWIT06W4BoyAggg	Finding Hope	['chill r&b']	[2021]	1	0
2UHBgxDvOBaIY7hQ8CEAmW	Anneth	['indonesian pop']	[2021, 2022]	1	0
2wZWkw5jo8P4NVonVanxYd	Ziva Magnolya	['indonesian pop']	[2021, 2022]	1	1
42daDEQTdYaqtHG5sH5HMD	Celina Sharma	[]	[2021]	1	1
58LXBTOy629nyAjqX8iUTE	Harris J.	['nasheed']	[2021]	1	1
6dJeKm76NjfXBNTpHmOhfO	Selena Gomez & The Scene	['pop']	[2021]	1	0
6RwVCUG6anzF4HiiIKMFWV	Imran Ajmain	['malaysian pop']	[2021, 2022]	1	0
3wslVXoDHRqbIs1pio9GSp	Shuib	[]	[2021]	1	1
6fOqdhRNsMQqtwRwgo3NUv	Firdhaus	['malaysian mandopop']	[2020, 2021]	1	0
4cc8MC7czXxH1AIoOPfPgG	Noorkumalasari	['classic malaysian pop', 'rock kapak']	[2017, 2018, 2019, 2020, 2021]	1	0
5KN9rEUWrzshrf0FU2n3Iz	Opick	['nasyid', 'sholawat']	[2021]	1	0
13rF01aOogvnkuQXOlgTW8	TAEMIN	['k-pop']	[2021]	1	0
3pTRm5nZTXy5t6JY4m4HX7	MK (K CLIQUE)	[]	[2020, 2021]	1	1
3SDiNzzzX6i660bxil2I3M	Anuar & Ellina	['classic malaysian pop']	[2017, 2018, 2019, 2020, 2021]	1	0
2z7gjLiiNNN2pQnEWIKDRw	Othman Hamzah	['classic malaysian pop', 'rock kapak']	[2021]	1	0
7gXy60xRcwYujBFoYHnR2O	Big Red Machine	['eau claire indie', 'folktronica']	[2021]	1	1
7IlRNXHjoOCgEAWN5qYksg	Aya Nakamura	['basshall', 'pop urbaine', 'r&b francais']	[2021]	1	0
7zkwepHPyac6tCYl0fL0co	ASTN	['bedroom soul']	[2021, 2022]	1	0
6C4Prk8bokz0g2UiDb5DY2	Dato' DJ Dave	['classic malaysian pop', 'rock kapak']	[2017, 2018, 2019, 2020, 2021]	1	0
57vWImR43h4CaDao012Ofp	Steve Lacy	['afrofuturism']	[2021]	1	0
4qcKNkdxUidhvUByB2eQ6g	Warren Hue	['bedroom r&b']	[2021]	1	1
5WHKBKrvTBMPoQX3v3Bq8J	Leah Nobel	['nashville singer-songwriter']	[2021]	1	0
1MXZ0hsGic96dWRDKwAwdr	Tyla Yaweh	['cali rap', 'melodic rap']	[2021]	1	1
3OBkZ9NG8F0Fn4oNpg0yuU	HA SUNG WOON	[]	[2021]	1	0
4NnBbi48c3iFGh39L4jELO	Rafeah Buang	['classic malaysian pop']	[2017, 2018, 2019, 2020, 2021]	1	0
08J6v4qHZz06ua0qAicWmE	Kim Sawol	['k-indie', 'korean indie folk', 'korean singer-songwriter']	[2021]	1	1
6qyiycpnMgFJgMb1AAxhCS	The New Boyz	['rock kapak']	[2018, 2019, 2020, 2021]	1	0
4Ws4Jicjsn8gsG40NALncZ	Mamat	['rock kapak']	[2017, 2018, 2019, 2020, 2021]	1	0
2zfuD25YsNhu8FTa07Rtzy	ForUToC	['malaysian hip hop']	[2021]	1	0
45gHcnDnMC15sgx3VL7ROG	42 Dugg	['detroit trap', 'trap']	[2021]	1	1
3uwAm6vQy7kWPS2bciKWx9	girl in red	['alt z', 'bedroom pop', 'indie pop', 'norwegian indie', 'pop', 'pov: indie']	[2021, 2022]	1	0
0u2FHSq3ln94y5Q57xazwf	Keith Urban	['australian country', 'australian pop', 'contemporary country', 'country', 'country road']	[2021]	1	1
4pfy05cNNTacuOQ6SiSu4v	Lyn Lapid	['gen z singer-songwriter']	[2021, 2022]	1	0
4HHdjvdn30koo54zQ6QeF5	Ungu	['indonesian pop']	[2021]	1	0
7t5H3uQv0Zw6cQUnSTF5BB	Brave Girls	['k-pop', 'k-pop girl group']	[2021]	1	0
1rAv1GhTQ2rmG94p9lU3rB	Julian Casablancas	['indie rock']	[2021]	1	1
2J7Y71FYEeL9Ksv2e5sdkf	Black Dog Bone	['rock kapak']	[2017, 2018, 2019, 2020, 2021]	1	0
7xegqEOtukVFMdHyWnYkta	Daiyan Trisha	['malaysian pop']	[2021]	1	0
29PgYEggDV3cDP9QYTogwv	Carolina Gaitán - La Gaita	['movie tunes']	[2021, 2022]	1	1
36CUTsdtNgCwMq6zKD1l8I	Mauro Castillo	['modern salsa', 'movie tunes', 'salsa colombiana']	[2021, 2022]	1	1
72kqSqk124Vnl1wtT6q9Fh	Adassa	['movie tunes']	[2021, 2022]	1	1
2as15AH2BTrPk8v4gyElmr	Rhenzy Feliz	[]	[2021, 2022]	1	1
18MFcGBHtyW0mU3ufcm0X1	Diane Guerrero	['movie tunes']	[2021, 2022]	1	1
5PYToRCsrnvikZg3yl2JMr	Stephanie Beatriz	['hollywood', 'movie tunes']	[2021, 2022]	1	1
3xLU748QxpTmIVaiNXXg0P	Encanto - Cast	['movie tunes']	[2021, 2022]	1	1
60glra0QYcARAJr4OeJVNP	blondette	[]	[2021]	1	1
7cOjsQCBOubFpm77Wh7pan	sweet planet	[]	[2021]	1	1
0vTetVoy09JHDMYGBgnwuQ	Jalil Hamid	['classic malaysian pop', 'rock kapak']	[2020, 2021]	1	0
0FOWNUFHPnMy0vOw1siGqi	Belly	['canadian hip hop', 'canadian trap']	[2021]	1	1
15ZjD8Gus20Miqw3fdOaXX	Stunna Gambino	['nyc rap']	[2021]	1	1
07awnhGXYkpxqcPQal0dh8	Man Keedal	[]	[2020, 2021]	1	1
4jGPdu95icCKVF31CcFKbS	Gentle Bones	['singaporean pop']	[2021]	1	1
4yiQZ8tQPux8cPriYMWUFP	Gwen Stefani	['dance pop', 'pop']	[2018, 2019, 2020, 2021]	1	1
1UTPBmNbXNTittyMJrNkvw	Blake Shelton	['classic oklahoma country', 'contemporary country', 'country', 'country road']	[2018, 2019, 2020, 2021]	1	1
76ea6HHCvHlTqhF9I0jtHU	Cha Eun-Woo	['korean ost']	[2021]	1	0
3yDIp0kaq9EFKe07X1X2rz	Nile Rodgers	['disco']	[2021]	1	1
7H2gOfWDAVINu72BGZctLn	Rahimah Rahim	['classic malaysian pop', 'rock kapak']	[2017, 2018, 2019, 2020, 2021]	1	0
5fSVkkuijRIpxuvSqysYiP	Snøw	['sad lo-fi', 'sad rap']	[2019, 2020, 2021]	1	1
0qSX3s5pJnAlSsgsCne8Cz	Brett Eldredge	['contemporary country', 'country', 'country road', 'modern country rock']	[2018, 2019, 2020, 2021]	1	1
2Mo2yHjmrDRZW7yRuJwR2w	YEONJUN	[]	[2021]	1	1
4YXNoMVTHRt01jYaKXTumJ	Raiden	['korean electronic']	[2020, 2021]	1	1
250b0Wlc5Vk0CoUsaCY84M	JENNIE	['k-pop']	[2018, 2019, 2020, 2021]	1	0
5JbqpFKdKkvLtnhGLhKsJb	Rosemaria	['classic malaysian pop']	[2017, 2019, 2020, 2021]	1	0
71RG91mSEdCtLwPATIlPvQ	MK K-Clique	[]	[2021]	1	1
0jnsk9HBra6NMjO2oANoPY	Flo Rida	['dance pop', 'miami hip hop', 'pop', 'pop rap']	[2017]	1	1
3hPPNy5OBzCU1icQO7Nrok	99 Percent	[]	[2017]	1	1
6qkHwRSKMQZny8lNxwodc5	Dr Sam	[]	[2017]	1	1
7HrsdCWObvipmXm9FRczRW	Musafir	['rajasthani folk', 'rajasthani pop']	[2017]	1	1
7wjeXCtRND2ZdKfMJFu6JC	Louane	['french pop']	[2017]	1	1
5mnS9jJdKQQcRSqFu5YPVe	Auli'i Cravalho	['movie tunes']	[2017]	1	0
757epCpvbpqyBoMMzbIC3g	JC 陳詠桐	['cantopop', 'mandopop']	[2017, 2018, 2019]	1	0
1Dn88PoQjnQgLTOaokePFz	Bright Sparks	[]	[2017]	1	1
31Eea8xaK1xAMyJy2iWE0z	Eden Prince	['dance pop', 'deep groove house', 'uk dance']	[2017]	1	1
0DCRUk25XIiRFiNtiuR8OR	Olivia Sebastianelli	[]	[2017, 2018]	1	1
78DWNk8gFHU30TGITAgbM7	CMC$	['pop edm', 'vapor twitch']	[2017]	1	1
71WExccCBN2mw0klSzfYzz	Gia Koka	[]	[2017]	1	1
5338fdSzGNOFD4cxAxDTeq	Aaron Carter	['post-teen pop']	[2017]	1	0
0ekbDNE2eOq8QiaXM34wer	Howie Day	['acoustic pop', 'neo mellow', 'pop rock']	[2017, 2018]	1	0
4kI8Ie27vjvonwaB2ePh8T	Portugal. The Man	['indie rock', 'indietronica', 'modern alternative rock', 'modern rock']	[2017, 2018]	1	0
7jefIIksOi1EazgRTfW2Pk	Electric Light Orchestra	['album rock', 'art rock', 'beatlesque', 'classic rock', 'glam rock', 'mellow gold', 'rock', 'soft rock', 'symphonic rock']	[2017]	1	0
3wjsrpfO6odEphTZWx45RQ	Hearts & Colors	[]	[2017]	1	1
5M2y5A6d5QZjw9JeKClagC	Andrelli	['swedish pop']	[2017]	1	1
5CXvT1JutlWVLJN8YEOf1h	Nathan Goshen	['israeli pop']	[2017]	1	1
70s3IS6gQEe8f9l08yYdpJ	KVR	['dutch edm']	[2017]	1	1
2JLqTvFXmC87BksiCsBezV	Matt Terry	['talent show']	[2017, 2018]	1	0
1QDrz3DMMaz3TB1cm0PGDu	Justin Jesso	['singer-songwriter pop']	[2017, 2018]	1	1
6KZDXtSj0SzGOV705nNeh3	Kid Ink	['pop rap', 'rap', 'southern hip hop', 'trap']	[2017]	1	1
5yG7ZAZafVaAlMTeBybKAL	Iggy Azalea	['australian hip hop', 'dance pop', 'pop']	[2017]	1	0
1qskAseW7apRxJBpYAO9Yk	Felix Snow	[]	[2017]	1	1
2DHOfbcNCXqMF3uYeIuKuJ	Rozella	['malaysian indie']	[2017]	1	0
4ytkhMSAnrDP8XzRNlw9FS	Vince Guaraldi Trio	['jazz trio']	[2017]	1	0
2xNpeMJT0QrDfs4CFHygYi	Sons of People	['k-pop reality show']	[2017]	1	0
3EXdLajEO02ziZ90P90bSW	Lil Xan	['cloud rap']	[2017]	1	0
2Ooa3TrmlskyBftzenv6xQ	Payung Teduh	['indonesian folk', 'indonesian indie', 'indonesian pop', 'indonesian singer-songwriter']	[2017]	1	0
2wzMOQwNT6ZvVB4amvhFAH	The Pogues	['celtic punk', 'celtic rock', 'folk punk', 'punk']	[2017, 2018]	1	1
6UlNIFEuWlBqb4TvlVCekq	Kirsty MacColl	['new wave pop']	[2017, 2018]	1	1
1XLjkBxFokuDTlHt0mQkRe	Thomas Gold	['big room', 'dutch house', 'edm', 'electro house', 'german techno', 'pop dance', 'progressive electro house', 'progressive house']	[2017]	1	1
6ctgu4FFlnNhMgrKiIzCxp	Jillian Edwards	['acoustic pop', 'indiecoustica']	[2017]	1	1
6OgklJh1e1Z9S1Q2IQsHgy	Imad Royal	[]	[2017]	1	1
4N3cNXg5phUzRzuJYYxQlV	Emma Watson	['movie tunes']	[2017]	1	1
0MO42HJhUFrv078qALxpPQ	Luke Evans	['movie tunes']	[2017]	1	1
530a0roPLtawMxdCfI2zrR	Ensemble - Beauty and the Beast	[]	[2017]	1	1
1V3VTM7VspiQjcmRhC010n	Quintino	['dutch edm', 'dutch house', 'edm', 'electro house', 'pop dance', 'progressive electro house', 'slap house']	[2017, 2018]	1	1
7qG3b048QCHVRO5Pv1T5lw	Enrique Iglesias	['dance pop', 'latin pop', 'mexican pop']	[2017]	1	1
5luyt0SUvGkDMY4ILP6Qhl	Descemer Bueno	['cubaton']	[2017]	1	1
21451j1KhjAiaYKflxBjr1	Zion & Lennox	['reggaeton', 'urbano latino']	[2017]	1	1
3GFO1X5LAHduvR314sXnqI	Sam Rui	['singaporean pop']	[2017]	1	1
3VVLqeEqQQqTgT8YhfY9Z6	Emmit Fenn	['chill house']	[2017]	1	1
5xvnRMqWxcOC0Pvx9rLBHx	Rabbani	['nasyid']	[2017, 2020]	1	0
3Gm5F95VdRxW3mqCn8RPBJ	Aminé	['pop rap', 'portland hip hop', 'rap', 'underground hip hop']	[2017]	1	0
7keGfmQR4X5w0two1xKZ7d	Kungs	['edm', 'pop dance']	[2017]	1	1
726MxZBpkxnnoKl6aN7mmj	Cookin' On 3 Burners	['bboy', 'instrumental funk']	[2017]	1	1
7hJcb9fa4alzcOq3EaNPoG	Snoop Dogg	['g funk', 'gangster rap', 'hip hop', 'pop rap', 'rap', 'west coast rap']	[2017]	1	1
3EW0kQ1skZiK1NHg3Spt9J	Takeoff	['atl hip hop', 'rap', 'trap']	[2017]	1	1
2xU6IU13MYie8RcM54Ovt0	Mugeez	['ghanaian pop']	[2017]	1	1
6AdeLhoCeXiWz2btJw5BmJ	Dadilia Band	['malaysian pop']	[2017]	1	0
6mPZJXtFVaakznkRxdgWtC	Throttle	[]	[2017]	1	1
0NGAZxHanS9e0iNHpR8f2W	Alok	['electro house', 'pop nacional', 'sertanejo universitario', 'slap house']	[2017]	1	1
5veVxxPm1vzgi6pO2iVA8L	Bruno Martini	['pop nacional']	[2017]	1	1
7qPLO2XOUaRrRxkvLZ3AEK	Zeeba	[]	[2017]	1	1
5ZS223C6JyBfXasXxrRqOk	Jhené Aiko	['r&b']	[2017]	1	1
5UScGHz6ZvT9UgLJ9t95DR	Laudya Cynthia Bella	[]	[2017]	1	1
6J6fUkKbsAOXIwhcHFWutV	Wafda	[]	[2017]	1	1
15NtJjjHRFybdNSMyM9smT	Nevada	[]	[2017]	1	1
6V3F8MZrOKdT9fU686ybE9	Mark Morrison	['british soul']	[2017]	1	1
5ITI6SEoUZMIXXkzCfr4oE	Aluna	['dance pop']	[2017, 2018]	1	1
3hIhVzZ8ETgLcisWBxRMe4	Dhany Katahati	['malaysian pop']	[2017]	1	0
4LFgxG38Y0l4Fo1gdQelay	The Dap-Kings Horns	[]	[2017]	1	1
0v2Y5jwtcv8LiWNTRls1KM	Ester Dean	[]	[2017]	1	1
3F2ZiUrIYrAbrzEnXaCYyx	ROTI	['malay rap', 'malaysian hip hop']	[2017]	1	0
2dhnFfsPxve8lzhwfXVFpS	JOONIL JUNG	['k-indie', 'korean ost', 'korean pop']	[2017]	1	0
3W9UldYu0xJcaOAw2SUTDI	Panama	['australian indie', 'indietronica', 'nu disco', 'shimmer pop']	[2017]	1	1
3WOOglGBDGvr6c2WBeMAWn	Urban Cone	['swedish indie pop']	[2017]	1	0
3Zif00eSvBUECxu8grzURU	Oskar Flood	[]	[2017]	1	1
6dC0rIJNLSFZwqckLgXJ8p	Timeflies	['indie pop rap']	[2017]	1	1
4fP8gIS9c2DDH41XpYAJh5	Amelina	['classic malaysian pop', 'dangdut', 'malaysian pop', 'rock kapak']	[2017, 2018]	1	0
2cQr2KbzdRtIFlfbHGnNsL	Ziv Zaifman	['show tunes']	[2017, 2018]	1	1
1sjw4xq2pAWy5Vdgba5QAt	HENRY	['k-pop']	[2017]	1	0
4vSylnUisC4OtiNGWqx7Zm	XPOSE	['malaysian pop']	[2017, 2018]	1	0
6lBN3Tzt61u8i9AJoAhKzF	Mykola Dmytrovych Leontovych	['post-romantic era', 'ukrainian classical']	[2017]	1	1
3dRfiJ2650SZu6GbydcHNb	John Williams	['orchestral soundtrack', 'soundtrack']	[2017]	1	1
1vSN1fsvrzpbttOYGsliDr	Tori Kelly	['pop', 'post-teen pop']	[2017]	1	1
7oPftvlwr6VrsViSDV7fJY	Green Day	['modern rock', 'permanent wave', 'punk', 'rock']	[2017]	1	0
0xHANYVyAfbp6GmjPKcOad	Harris Baba	['malaysian pop']	[2017]	1	0
7bFuEkk1929rDOdLywT3rn	Imani Williams	[]	[2017]	1	1
6f9bmfkqiYbhCtdAZsv7KI	Keith Ape	['korean trap', 'underground hip hop']	[2017]	1	1
6fXEqmGQEt6ONuqVmwrN46	Bag Raiders	['alternative dance', 'australian dance', 'indietronica']	[2017]	1	0
0gadJ2b9A4SKsB1RFkBb66	Passenger	['folk-pop', 'neo mellow']	[2017, 2018, 2019]	1	0
3r17AfJCCUqC9Lf0OAc73G	Fergie	['dance pop', 'pop']	[2017]	1	1
7crPfGd2k81ekOoSqQKWWz	Stevie Nicks	['heartland rock']	[2017]	1	1
34SBu2kvAUh84umN8Pi0iI	Hight	['uk dance']	[2017]	1	1
5KPJMJR9PCfMWSfco8i4W4	Alex Aiono	['teen pop']	[2017]	1	1
4GCwfakdZdo3KkBNtzU5vn	MIMI	[]	[2017]	1	1
5PlfkPxwCpRRWQJBxCa0By	HUGEL	['deep house']	[2017]	1	1
6sFIWsNpZYqfjUpaCgueju	Carly Rae Jepsen	['canadian pop', 'dance pop', 'pop']	[2017]	1	0
5a2w2tgpLwv26BYJf2qYwu	SOPHIE	['art pop', 'bubblegum bass', 'deconstructed club', 'escape room', 'hyperpop', 'proto-hyperpop', 'transpop']	[2017]	1	1
6AV6IkyeHw74Dw7STTfY27	Nastia	['malaysian indie', 'malaysian pop']	[2017, 2018]	1	0
3ErHVJMsxTq2lLSmnONBm9	Roy Kim	['k-pop', 'korean pop']	[2017]	1	1
5WJOZ5N4iegy9XdltTo8os	EZ Kim	['korean pop']	[2017]	1	1
4FH1qQ5KcTtomryu4O5pgX	Basenji	['australian electropop']	[2017]	1	1
1kMPdZQVdUhMDKDWOJM5iK	Tkay Maidza	['alternative r&b', 'australian hip hop']	[2017]	1	1
5uM1Et50auro2hTS6ZLcmT	SEOHYUN	['k-pop']	[2017]	1	0
2zzpznMuhKlKlqh1ma7Sms	Dakota	[]	[2017]	1	1
7r8xR0LmnaAM623MmRDn1V	Max Frost	['austindie']	[2017]	1	1
05CRzFTp7TouOXPuH6Tapu	Isyana Sarasvati	['indonesian pop', 'indonesian r&b']	[2017]	1	0
6mctsJBrfcWvWH7S8h716D	Moelogo	['afrobeats', 'nigerian pop']	[2017, 2018]	1	1
0DxeaLnv6SyYk2DOqkLO8c	MAGIC!	['pop', 'reggae fusion']	[2017]	1	1
5X1JzPIIonP3u9lA580pPT	Francesco Yates	['canadian pop']	[2017]	1	1
1l0mKo96Jh9HVYONcRl3Yp	2NE1	['dance pop', 'k-pop', 'k-pop girl group']	[2017]	1	0
6ccyDNcfDQR2yDbF3JV0xl	Sheila Majid	['classic malaysian pop', 'indonesian city pop']	[2017, 2020]	1	0
5HenzRvMtSrgtvU16XAoby	Zion.T	['k-pop', 'k-rap', 'korean r&b']	[2017]	1	0
3PyWEKLWI0vHPmoNrIX0QE	Rakim	['east coast hip hop']	[2017]	1	1
3nQ59hkeciYoR6RreQL4Rv	Darren Criss	['wrock']	[2017]	1	1
1dOMFM5wDNsENQQW0nl0K8	Urban Zakapa	['korean pop']	[2017]	1	0
4PVn1b2WnnXdq80C7uaZLZ	Nause	[]	[2017]	1	1
4bvWFV51SAEocM22uiDOza	Pretty Sister	['la pop']	[2017]	1	1
5lsnCehMgZLY9UfQa7STMy	Aliff Aziz	['malaysian pop']	[2017]	1	1
4npsCxKnQSL1cyW2g2rvJM	Mira Filzah	[]	[2017]	1	1
085pc2PYOi8bGKj0PNjekA	will.i.am	['dance pop', 'pop']	[2017]	1	1
13kKxNPnxPeeWQaAaZwvCP	Callie Hernandez	[]	[2017]	1	1
4FFGJ9ERSX06Sl8hD7GRVv	Sonoya Mizuno	[]	[2017]	1	1
21yiGQIpkiP8edfxDipQaW	Jessica Rothe	[]	[2017]	1	1
0vbEs3DgphJ2RGZqh4qFLT	Anita Kerr Singers	['easy listening']	[2017]	1	0
1Q9KyQkc3vODeRt9OfItxl	Katie Pearlman	['gen z singer-songwriter']	[2017, 2018]	1	1
0hItVPjwJLVZrFqOyIsxPf	Judy Garland	['adult standards', 'torch song', 'vocal jazz']	[2017, 2018]	1	0
4ZsSCvTFG2Krx3AyQ6vHzk	Malique	['malaysian hip hop']	[2017]	1	1
6X9aYHnQ75YI8o08aoa0iS	Boyzone	['boy band']	[2017, 2018]	1	0
7xEFii6utZmQ61kX59HmLH	FRENSHIP	['electropop', 'indie poptimism', 'la pop']	[2017]	1	1
1xHQO9GJIW9OXHxGBISYc5	Marian Hill	['electropop']	[2017]	1	0
6wMr4zKPrrR0UVz08WtUWc	Black Coffee	['south african house', 'south african pop', 'south african pop dance']	[2017]	1	1
5aMmmNxw4vgpc5XC6hK0zp	The Calling	['neo mellow', 'pop rock', 'post-grunge']	[2017, 2018, 2019]	1	0
5N0Y2jMirjocizWBWJBXu3	Darren Ashley	[]	[2017]	1	1
2F5W6Rsxwzg0plQ0w8dSyt	Leehom Wang	['mandopop', 'taiwan pop']	[2017, 2018]	1	1
3rIZMv9rysU7JkLzEaC5Jp	Snow Patrol	['irish rock', 'modern rock', 'neo mellow', 'permanent wave', 'pop rock']	[2017, 2018, 2019]	1	0
3OpnoUqoRIHWbsFs4Nw0NQ	Nat King Cole Trio	['adult standards', 'lounge', 'swing', 'vocal jazz']	[2017]	1	0
0UN8vGMxWEBKNNu8NtyF96	Lush & Simon	['dutch house', 'electro house', 'progressive electro house', 'sky room']	[2017]	1	1
2w9zwq3AktTeYYMuhMjju8	INNA	['dance pop', 'romanian house', 'romanian pop']	[2017]	1	1
05o1zW8b6PV6rEquXr74sB	State of Sound	['swedish tropical house']	[2017]	1	0
6ioOEWNNGK40H8xrGj6XPW	XYLØ	['alt z', 'indie poptimism', 'la pop']	[2017]	1	1
0JWCunuoONu5hea71f2a2H	Caroline Ailin	[]	[2017, 2018]	1	1
67nwj3Y5sZQLl72VNUHEYE	Wale	['pop rap', 'r&b', 'rap', 'southern hip hop', 'trap']	[2017]	1	1
3GtCKJA4SkOxN65MWjm82R	Hot Shade	[]	[2017]	1	1
5vDzBrDtN19TnbCN1LvDma	Too Phat	['malaysian hip hop', 'malaysian indie']	[2017]	1	1
2rcRcfzOWMvNbRPKg5SBjr	Kru	['classic malaysian pop', 'malaysian hip hop', 'malaysian pop', 'rock kapak']	[2017]	1	1
0JrgLEtbHU0w4WEzY1F8Y3	Shazzy	[]	[2017]	1	1
29purdzHrmGLdlD5mxebC8	Phlowtron	['malaysian hip hop']	[2017]	1	1
2ZQY8HKMtEjGdxgcuW2574	Ella	['rock kapak']	[2017]	1	1
0pt7PX4Hftlg8mV1ySU84Q	CVBZ	['dark r&b']	[2017, 2018]	1	1
747TU2nFyT5kS1O8hS9bD3	Sakura Band	['malaysian pop']	[2017]	1	0
4SoF1XBWjLKLBGe6j1hhBo	Trouze	['singaporean pop']	[2017]	1	1
1lOH9oyfmlRcBOjndOQWQT	El Jova	[]	[2017]	1	1
36jaGQtMj5UWD0eO1fCVdD	Joel Adams	['australian pop', 'pop soul', 'teen pop']	[2017]	1	0
1LKo6ZA3RNvKtLa6zDu32S	Kranium	['basshall', 'dancehall']	[2017]	1	1
0RqtSIYZmd4fiBKVFqyIqD	Thirty Seconds To Mars	['modern rock', 'post-grunge']	[2017]	1	0
6w7j5wQ5AI5OQYlcM15s2L	Extreme	['funk metal', 'glam metal', 'hard rock']	[2017, 2018, 2019]	1	0
6xHUXzrfhFgnIv86EBR3Ml	kai	[]	[2017]	1	1
73jBynjsVtofjRpdpRAJGk	Dimitri Vegas & Like Mike	['belgian dance', 'belgian edm', 'big room', 'dutch house', 'edm', 'electro house', 'pop dance', 'progressive electro house']	[2017]	1	1
2HkAI0YrEcgoR8QdaURqhO	Dimitri Vegas	['belgian edm']	[2017]	1	1
7mnAzEmgquhrVtGob81SmO	Big Shaq	['london rap']	[2017, 2018]	1	0
23zg3TcAtWQy7J6upgbUnj	Usher	['atl hip hop', 'contemporary r&b', 'dance pop', 'pop', 'r&b', 'rap', 'south carolina hip hop', 'urban contemporary']	[2017]	1	1
6ltzsmQQbmdoHHbLZ4ZN25	Lord Huron	['indie folk', 'modern rock', 'stomp and holler']	[2017, 2019]	1	0
0ONHkAv9pCAFxb0zJwDNTy	Pusha T	['gangster rap', 'hip hop', 'rap', 'southern hip hop', 'trap', 'virginia hip hop']	[2017]	1	1
4H1PNuHElBLVok0lnYMrRb	Dyo	['alte']	[2017]	1	1
34v5MVKeQnIo0CWYMbbrPf	John Newman	['dance pop']	[2017]	1	1
1ibFtPHzpqHJKA0PdAC8TH	Exists	['rock kapak']	[2017]	1	0
5t0Js3X9t4wpgXGlaiTFe6	XIUMIN	['k-pop']	[2017]	1	1
0CjWKoS55T7DOt0HJuwF1H	Bipolar Sunshine	['gauze pop']	[2017]	1	1
2QMCcKIPHnjQaPPgoEst88	Matisse & Sadko	['dutch house', 'edm', 'electro house', 'pop dance', 'progressive electro house', 'progressive house', 'russian edm', 'sky room']	[2017]	1	1
0AJUYWKztkg5dnrHDIBv47	MiC LOWRY	[]	[2017]	1	0
7wFDo161xYdeaiLz3KIHoM	Gallant	['alternative r&b']	[2017]	1	1
3NdOtTPPaXrCyC7Lpmzyhv	Tablo	['k-pop', 'k-rap', 'korean r&b']	[2017]	1	1
2FLqlgckDKdmpBrvLAT5BM	Eric Nam	['k-pop']	[2017]	1	1
5Q81rlcTFh3k6DQJXPdsot	Mura Masa	['channel islands indie', 'hyperpop', 'indie soul', 'vapor soul']	[2017]	1	1
2y8Jo9CKhJvtfeKOsYzRdT	Rod Stewart	['mellow gold', 'soft rock']	[2017]	1	1
5ixB75BQR3ADoWQkcHQJTs	Gene Autry	['classic oklahoma country', 'cowboy western', 'traditional country', 'western swing', 'yodeling']	[2017]	1	0
2XpEZIV9uuJY6pdhKAbuBh	Missy & Blonde	['channel pop', 'viral pop']	[2017]	1	1
6fOD5mThYrqHe1cyTrKcyu	Julia Ross	['acoustic chill']	[2017]	1	1
36QJpDe2go2KgaRleHCDTp	Led Zeppelin	['album rock', 'classic rock', 'hard rock', 'rock']	[2017]	1	0
3C4t1usFGoKHCSRdujm2GN	Ryan Cabrera	['idol', 'neo mellow']	[2017]	1	0
5fWn9g8ERHtGKWdkAuomBx	Tessa Odden	[]	[2017]	1	1
1HQGhla3VNj1dBmKTtVT2t	Ookay	['brostep', 'dubstep', 'edm', 'electro house', 'electronic trap']	[2017]	1	1
6DpWtzfwV8fcwP6fXckDVu	Starrah	['hyperpop francais']	[2017]	1	1
7uMSsrbX9MJzf161IcY7KU	Logan Paul	['social media pop']	[2017]	1	1
312w29rqto67W0NTxD91gz	Awie	['rock kapak']	[2017, 2018, 2019, 2020]	1	1
12Chz98pHFMPJEknJQMWvI	Muse	['modern rock', 'permanent wave', 'rock']	[2017]	1	0
0vneleczrRRNPF1vj0x0vy	The Harlem Community Choir	[]	[2017, 2018, 2019]	1	1
4m2kfAHEnK7Z7qLGxeWtro	The Plastic Ono Band	['beatlesque', 'experimental rock']	[2017, 2018, 2019]	1	1
2nZ18B9RTjJH56v2NTnNAI	Leanne & Naara	['pinoy city pop', 'pinoy indie']	[2017]	1	0
5gw5ANPCVcxU0maLiGRzzP	Billy Raffoul	['canadian pop']	[2017, 2018]	1	1
3KV3p5EY4AvKxOlhGHORLg	Jeremih	['chicago rap', 'pop rap', 'r&b', 'southern hip hop', 'trap', 'urban contemporary']	[2017]	1	1
1IELhvOMg5VQlU7syRm6CS	CAZZETTE	['complextro', 'edm', 'electro house', 'pop dance', 'progressive electro house', 'progressive house']	[2017]	1	1
6Mn5HNY6bJSqK31cRa0uiv	JONES	['uk contemporary r&b']	[2017]	1	1
4ERtgeBbWRkFzIz6LaFCeY	Dashboard Confessional	['emo', 'neon pop punk', 'pop punk', 'pop rock']	[2017]	1	1
7nKeLE1toRtW4M279iS26h	Zay Hilfigerrr	['viral trap']	[2017]	1	1
5AsWcQXw4RJFRWBbwa0ti0	Zayion McCall	[]	[2017]	1	1
2e4G04F77jxVuDYo44TCSm	Loco	['k-pop', 'k-rap', 'korean r&b']	[2017, 2022]	1	1
16s0YTFcyjP4kgFwt7ktrY	Mayday	['mandopop', 'taiwan pop']	[2017, 2018]	1	0
0fs8oBR1rx7JIXZi75h7Uu	Bahari	['alt z', 'la pop']	[2017]	1	1
2Rimf9z3oYDBeszSXFACRR	Daniel Everidge	['show tunes']	[2017, 2018]	1	1
7xTcuBOIAAIGDOSvwYFPzk	Daniel Powter	['canadian pop', 'neo mellow', 'pop rock']	[2017, 2018]	1	0
4K49jbUZ1mf1vaA6S88YOk	Mimie Haris	[]	[2017]	1	1
4Du4XSeOI3UEIhy7Jx96dB	Deanna Hussin	[]	[2017]	1	1
0Cd6nHYwecCNM1sVEXKlYr	Krewella	['edm', 'electra', 'electro house', 'pop dance', 'progressive electro house']	[2017, 2018]	1	1
6T70tWxqyIpdVbsFvPzqM3	La La Land Cast	[]	[2017]	1	0
2EMAnMvWE2eb56ToJVfCWs	Bryson Tiller	['kentucky hip hop', 'r&b', 'rap']	[2017]	1	1
3S0tlB4fE7ChxI2pWz8Xip	Giggs	['grime', 'london rap', 'uk hip hop']	[2017]	1	1
6DIS6PRrLS3wbnZsf7vYic	WALK THE MOON	['dance rock', 'modern rock', 'pop']	[2017]	1	0
6Y20PijIkUoCtuvtkz37dO	Austyn Johnson	['show tunes']	[2017, 2018]	1	1
0nFUCMGlkx1lMZnHL6ArVJ	Cameron Seely	['movie tunes']	[2017, 2018]	1	1
0DdDnziut7wOo6cAYWVZC5	KREAM	['pop dance']	[2017]	1	1
2kucQ9jQwuD8jWdtR9Ef38	Sam Hunt	['contemporary country', 'country', 'country pop']	[2017]	1	0
2OrCYFzQYE1TmevdYARnU1	Yoyo Sham	['cantopop', 'hong kong indie']	[2017, 2018]	1	0
2wTLheTmMcFCA4hdY8hZJP	SISTAR	['k-pop', 'k-pop girl group']	[2017]	1	0
1svaANJTE5KrG16fTGDqOs	The Puppini Sisters	['easy listening', 'swing', 'swing revival']	[2017]	1	1
188VINPQh5dyNfLUkevKqf	Olivia Holt	['alt z', 'post-teen pop']	[2017]	1	0
79fzvw4ktnxmEbZxtWi88P	As'ad Motawh	['malaysian pop']	[2017]	1	0
4ehBGotbRDOgqcrUomjJyd	Lasse Lindh	['swedish indie pop']	[2017]	1	0
00Z3UDoAQwzvGu13HoAM7J	Skizzy Mars	['indie pop rap']	[2017]	1	1
1bj5GrcLom5gZFF5t949Xl	Martin Solveig	['disco house', 'edm', 'electro house', 'filter house', 'house', 'pop dance', 'vocal house']	[2017]	1	1
0FUmt6iMoB9sJpxZuWkOI5	HUR YOUNG JI	[]	[2017]	1	1
4jseSNWUg2haVIdUZS8R1a	Anuar Zain	['classic malaysian pop', 'malaysian pop']	[2017]	1	0
2gsggkzM5R49q6jpPvazou	Jessie J	['dance pop', 'pop']	[2017]	1	0
37KElXv2uiEQIAyatQIPqw	Black	['malaysian hip hop', 'malaysian pop']	[2017]	1	0
6en0fgNdzRrJ22yM7Hl1zi	Adi Priyo	[]	[2017, 2018]	1	1
3TaUSUXn41GixL7zbvrIDt	A-Trak	['canadian electronic', 'edm', 'electro house', 'electronic trap', 'turntablism']	[2017]	1	1
0zOcE3mg9nS6l3yxt1Y0bK	The Fray	['neo mellow', 'piano rock', 'pop', 'pop rock']	[2017, 2018]	1	0
0jNDKefhfSbLR9sFvcPLHo	San Holo	['brostep', 'edm', 'electro house', 'electronic trap', 'future bass', 'pop dance']	[2017]	1	0
0fLTK12xF2IMaNmKMSue6g	Khrebto	['russian edm']	[2017]	1	1
1SnFcgaLa1l0bV8ZOEL3Cg	Kenny Bee	['c-pop', 'classic cantopop']	[2017]	1	1
3ZCIwlsAdItKVQk6V68Ho7	Jimmy Lin	[]	[2017]	1	1
293zczrfYafIItmnmM3coR	Chuck Berry	['blues', 'blues rock', 'classic rock', 'rock', 'rock-and-roll', 'rockabilly', 'soul']	[2017, 2018, 2020]	1	0
0TnOYISbd1XYRBk9myaseg	Pitbull	['dance pop', 'miami hip hop', 'pop']	[2017]	1	1
2sil8z5kiy4r76CRTXxBCA	The Goo Goo Dolls	['neo mellow', 'permanent wave', 'pop rock', 'post-grunge']	[2017, 2018, 2019]	1	0
4U80LJd8sG6U9YTFP5izka	Suzy	['k-pop']	[2017]	1	0
44EUYqE8Fu6HNVbNFlCbn3	Shaa	[]	[2017]	1	0
05ZQSxZWyBpbD1uVgp4c0m	Putera Band	['malaysian pop']	[2017]	1	0
2WoVwexZuODvclzULjPQtm	Sampha	['alternative r&b', 'indie soul']	[2017]	1	1
6KGWY3YSxi1rBESkloCZTo	Ezad Lazim	['malaysian pop']	[2017]	1	0
2Hjj68yyUPiC0HKEOigcEp	Jesse McCartney	['dance pop', 'pop', 'post-teen pop']	[2017, 2018]	1	0
1b4DN8Vj0dnj5cceMFsRYN	Dante Klein	['deep tropical house', 'dutch house', 'pop edm']	[2017]	1	1
5e4Dhzv426EvQe3aDb64jL	Shania Twain	['canadian country', 'canadian pop', 'contemporary country', 'country', 'country dawn']	[2017, 2018, 2019]	1	1
6uD7fMzRa46LcvRCACEd2G	SAARA	[]	[2017]	1	0
0cNL0rBLHK5qIViN1EYM6h	STORi	[]	[2017, 2018]	1	1
3EA9hVIzKfFiQI0Kikz2wo	Andrea Bocelli	['classical tenor', 'italian tenor', 'operatic pop']	[2017]	1	1
43ZHCT0cAZBISjO8DG9PnE	Elvis Presley	['rock-and-roll', 'rockabilly']	[2017, 2018, 2019, 2020]	1	0
0blRDAOPbLkWYRbcbsLSS4	Fara Hezel	['malaysian pop']	[2017, 2018]	1	0
3dz0NnIZhtKKeXZxLOxCam	Porter Robinson	['complextro', 'edm', 'electro house', 'pop dance', 'progressive electro house']	[2017]	1	1
4pb4rqWSoGUgxm63xmJ8xc	Madeon	['complextro', 'edm', 'electro house', 'electropop', 'filter house', 'nantes indie', 'pop dance']	[2017]	1	1
1bT7m67vi78r2oqvxrP3X5	Naughty Boy	['uk contemporary r&b']	[2017]	1	1
4N874uPqBka1QiCvnCVOtr	Phoebe Ryan	['alt z', 'indie poptimism']	[2017]	1	1
3b4kLCI0ZJW47TFsNRqgCb	SOYOU	['k-pop']	[2017]	1	0
23sYU61n9f1CzYi8NJhAXS	Towkio	['chicago rap']	[2017]	1	1
5dHt1vcEm9qb8fCyLcB3HL	A$AP Ferg	['hip hop', 'pop rap', 'rap', 'southern hip hop', 'trap']	[2017]	1	0
2JyWXPbkqI5ZJa3gwqVa0c	Craig David	['british soul']	[2017]	1	0
5nkYRuiIHg2xXHFC8bfosJ	ItaloBrothers	['hands up', 'italo dance']	[2017]	1	0
3PI2UCRk6X5prLnFr05QQK	Li Yugang	['mainland chinese pop', 'mandopop']	[2017, 2018]	1	0
1AwO9pWEBSBoWdEZu28XDC	Eartha Kitt	['torch song', 'vocal jazz']	[2017, 2018]	1	1
0oK8UXKZbQezeRhE0KeBAV	Henri René and His Orchestra	"[""man's orchestra""]"	[2017, 2018]	1	1
4t9qznV8cazZTuiaaCq5IU	Mel Ramlan	[]	[2017]	1	0
2NCGI6dLTxLdI9XHdv7QfM	The Andrews Sisters	['adult standards', 'swing', 'torch song', 'vocal harmony group']	[2017]	1	1
2SOrfXWlb17EoCqupfGX4u	Aska Yang	['mandopop']	[2017]	1	1
7n6JzP9GxGVVzXG0t0gLu3	Zhang Bichen	['mainland chinese pop', 'mandopop']	[2017]	1	1
77DAFfvm3O9zT5dIoG0eIO	Kyla	['uk funky']	[2017]	1	1
0PYSU1xJn8ay3ckZYsumdH	Cast of Frozen 2	[]	[2019]	1	1
6beUvFUlKliUYJdLOXNj9C	King Princess	['alt z', 'indie pop', 'nyc pop']	[2018, 2019]	1	0
5INjqkS1o8h1imAzPqGZBb	Tame Impala	['australian psych', 'modern rock', 'neo-psychedelic', 'rock']	[2019]	1	0
2MtHuR0W2idZdF7x4wddqq	GIRIBOY	['k-rap', 'korean r&b']	[2019]	1	1
1fctva4kpRbg2k3v7kwRuS	Rvssian	['reggaeton', 'trap latino', 'urbano latino']	[2019]	1	1
1NbmG1Fj64qykEcJt1d43a	JRM	[]	[2019]	1	1
387YZVajWRq3ZPiCxiX07b	lost spaces	['chill r&b']	[2019]	1	0
3aGFCoR8xGN6DKwvdzeSja	ILOVEMAKONNEN	['atl hip hop', 'lgbtq+ hip hop', 'trap']	[2019]	1	1
4QVBYiagIaa6ZGSPMbybpy	Pedro Capó	['latin pop', 'puerto rican pop']	[2019]	1	1
05oH07COxkXKIMt6mIPRee	Brandy	['contemporary r&b', 'dance pop', 'hip pop', 'r&b', 'urban contemporary']	[2019]	1	1
5vBrKGOjN10BMwB0cJADj4	bülow	['alt z', 'indietronica']	[2019]	1	1
7FBcuc1gsnv6Y1nwFtNRCb	My Chemical Romance	['emo', 'modern rock', 'pop punk', 'pov: indie', 'rock']	[2019]	1	0
6USMTwO0MNDnKte5a5h0xx	Y2K	['pop rap', 'viral rap']	[2019, 2020]	1	1
3risOBDAx6GGVaCcBuhswz	Jasmine Sokko	['singaporean pop', 'singaporean singer-songwriter']	[2019]	1	0
4TnGh5PKbSjpYqpIdlW5nz	MONSTA X	['k-pop', 'k-pop boy group']	[2019]	1	1
3uHb6dRazmcaT15bMexUtt	Park Bom	['k-pop']	[2019]	1	1
3LKVw6XQYcot0OZMFmf4IP	Sandara Park	[]	[2019]	1	1
6S0IvKlvPMX1RtAYtVpUV8	Drax Project	['nz pop']	[2019]	1	1
63XBtGSEZINSyXylZxEUbv	Victoria Monét	['alternative r&b']	[2019]	1	1
2ZhUfT19cZKRi7sayQcEZH	Luqman Faiz	['malaysian pop']	[2018, 2019, 2020]	1	0
5096722poThuBwBW5jgY2i	Azarra Band	['malaysian pop']	[2019]	1	0
521uA5nxi1L31JgK6yd2lA	Mugen Rao	['malaysian tamil pop', 'tamil pop']	[2019]	1	0
7iZSxV3wq8YPpfUtoIIOIM	Cuurley	[]	[2019]	1	1
7xjgUr0YUei3SqQ3hoGDbe	Kayda	[]	[2019]	1	1
2auiVi8sUZo17dLy1HwrTU	Solange	['afrofuturism', 'alternative r&b', 'r&b', 'urban contemporary']	[2019]	1	0
3PpIzdLny8HwTnKp9joXdj	Tiger Hu	['mainland chinese pop', 'mandopop']	[2019]	1	0
14scxEoUN7Dcx1m4EQ7oHe	Ashley O	[]	[2019]	1	0
0Lu69YvIcUDh5DEAbALY9z	Kidd Santhe	['malay rap', 'malaysian hip hop', 'malaysian tamil pop']	[2019, 2020]	1	1
4rojTfP5nRkmYpdSbWQgV4	Death Stranding: Timefall	['video game music']	[2019]	1	1
42Fi9dpzwjgV0yKkJZdjiT	Harry	[]	[2019, 2020]	1	0
2c9O21YLFy4tFI9zCVhbFg	Sunday Service Choir	[]	[2019]	1	1
2I9SLklAOG0vdMiUUMNxRl	88GLAM	['canadian hip hop', 'canadian trap', 'melodic rap', 'toronto rap']	[2019, 2020]	1	0
6C4irZ60X8G7UimMRQiCcg	X1	['k-pop']	[2019]	1	0
3bnpcWBcvlfq4hPFJjNPbz	SAFE	['canadian hip hop']	[2019]	1	1
7lbSsjYACZHn1MSDXPxNF2	Hikaru Utada	['anime', 'classic j-pop', 'j-pop', 'japanese singer-songwriter']	[2019]	1	1
6tt0iYnpHERj05WATWRiom	Bantu	['zimdancehall']	[2018, 2019]	1	1
2a0uxJgbvvIRI4GX8pYfcr	J Hus	['afroswing', 'grime', 'uk hip hop']	[2019]	1	1
2J257euzcjnDLipsyJH3F2	Clipse	['alternative hip hop', 'hardcore hip hop', 'hip hop', 'southern hip hop', 'virginia hip hop']	[2019]	1	1
6I3M904Y9IwgDjrQ9pANiB	Kenny G	['smooth jazz', 'smooth saxophone']	[2019]	1	1
6XpaIBNiVzIetEPCWDvAFP	Whitney Houston	['dance pop']	[2019]	1	1
04L3elxyr0XFua2Ek3domW	Sunwoojunga	['k-indie', 'korean pop']	[2019]	1	1
7qjJw7ZM2ekDSahLXPjIlN	Sid Sriram	['filmi']	[2019]	1	1
6ivte6aFersdzMprXpVDiO	Dhruv Vikram	['tamil pop']	[2019]	1	1
3bYGK3QTL74pMUVbcgkIza	Banita Sandhu	[]	[2019]	1	1
2U3FuHYvL3vhkbDAXm24Ep	Dan Caplen	['neo soul', 'uk contemporary r&b']	[2018, 2019]	1	1
0hnTIvm3LAFvXKCs5HhcGj	DAPHNE D調	[]	[2019]	1	0
1jSD4QWACN76zckZySJWVA	Fieya Julia	['malaysian pop']	[2018, 2019, 2020]	1	0
01YmHxZRGiIYkpie1oyB5b	One Avenue Band	[]	[2018, 2019]	1	0
7xX15v6ahAkcT14kHfB9wB	True Damage	['k-rap']	[2019]	1	1
2YFBOR9KIxC6WqHclkj9Yq	Keke Palmer	['pop r&b', 'post-teen pop', 'r&b']	[2019]	1	1
6I3MElirhT5t6Kf7p0hGk9	Duckwrth	['alternative r&b']	[2019]	1	1
1igl9M102nuD96lo3ZoW5d	Thutmose	[]	[2019]	1	1
49CE2ffZ6Z3zeYSDauSKck	Tungevaag	['big room', 'nordic house']	[2019]	1	1
6ObeGN1qTsep95QRNOfNc3	Mangoo	['swedish eurodance']	[2019]	1	1
0FjkX0cEz2wb80YOZbrZeD	Amylea X Megat	['malaysian pop']	[2019]	1	0
3vQ0GE3mI0dAaxIMYe5g7z	Paulo Londra	['argentine hip hop', 'trap argentino', 'trap latino', 'urbano latino']	[2019]	1	1
6Ip8FS7vWT1uKkJSweANQK	Dave	['uk hip hop']	[2019]	1	1
61pvU6ZLOF3bl0IOtbmME7	Emelie Hollow	['norwegian pop']	[2019, 2020]	1	1
1PnnRNGfichOAfPOn5mVyx	Sorana	['romanian pop']	[2018, 2019]	1	1
4K9aclpXgCPNFGEqRlFPal	Peter Manos	[]	[2018, 2019]	1	0
1uiEZYehlNivdK3iQyAbye	Tom Misch	['indie soul', 'jazz pop']	[2019]	1	1
5fTrXgpGtbd2G1Xs30KiA7	Wahyu Selow	['indonesian pop rock']	[2018, 2019]	1	1
7I0aZDVF624WWnFTBR2AyL	Coki	[]	[2018, 2019]	1	1
14bJhryXGk6H6qlGzwj3W5	Hebe Tien	['mandopop']	[2019]	1	0
0eEtC2qqBc20Y6atz1N1kI	Fatin Husna	[]	[2018, 2019]	1	1
2ae6PxICSOZHvjqiCcgon8	S. P. Balasubrahmanyam	['filmi']	[2019]	1	1
5wTdspmxzb8V4ZjvDodpBo	A Touch Of Class	['europop']	[2019]	1	1
0FVsUxcFSlxwIM7Qs31s6J	Billy Eichner	['movie tunes']	[2019]	1	1
7xX39IyguhWsTIg4eU2reH	Seth Rogen	['movie tunes']	[2019]	1	1
4vxaQs6vK54nK89J1VtLex	PUBLIC	['indie rockism']	[2019, 2020]	1	0
5jlg8UpUwpw9ybThQDO5oK	Eza Edmond	['lagu sabahan', 'malaysian pop']	[2019]	1	0
25IG9fa7cbdmCIy3OnuH57	The Chicks	['contemporary country', 'country', 'country dawn']	[2019]	1	1
3ol0TsR352pJHczI7bAtcb	Geraldine Gan	[]	[2019]	1	1
5jSVLmsy6qY87JIaqWTGY0	张紫豪	['chinese viral pop', 'mainland chinese pop']	[2019]	1	0
2Zz2hKRQMU2UWLu7dVQKG7	Ushera	[]	[2019]	1	0
3eqjTLE0HfPfh78zjh6TqT	Bruce Springsteen	['heartland rock', 'mellow gold', 'permanent wave', 'rock', 'singer-songwriter']	[2018, 2019]	1	0
5a2vcuaYIAtPQ7KyNZhbTZ	Anuar Roslan	['malaysian hip hop']	[2019]	1	1
0haZhu4fFKt0Ag94kZDiz2	Sofía Reyes	['latin pop', 'latin viral pop', 'mexican pop', 'reggaeton']	[2019]	1	1
4BGk8nswKSAE0bSuxA1uTP	Han Byul	[]	[2019]	1	0
65CKKZilbcSKkAPC9a5Mvh	Oumou Sangaré	['afropop', 'malian blues', 'mande pop', 'wassoulou', 'world']	[2019]	1	1
3XC57xz74X3xUi1hv4mge1	Winona Oak	['swedish pop']	[2018, 2019]	1	1
2ndyVAdV9UqF1XjyTJt484	Fred Hammond	['gospel']	[2019]	1	1
1EowJ1WwkMzkCkRomFhui7	RADWIMPS	['j-pop', 'j-rock', 'japanese emo', 'visual kei']	[2019]	1	1
5nyjJRg5OdmKDdG2s9qljE	Toko Miura	['japanese electropop']	[2019]	1	1
2lolQgalUvZDfp5vvVtTYV	Tony Bennett	['adult standards', 'easy listening', 'lounge', 'vocal jazz']	[2018, 2019, 2020]	1	0
7vXDAI8JwjW531ouMGbfcp	TINI	['latin pop', 'pop argentino']	[2019]	1	1
4HzKw8XcD0piJmDrrPRCYk	Majid Jordan	['canadian contemporary r&b']	[2019]	1	1
4f9iBmdUOhQWeP7dcAn1pf	Rag'n'Bone Man	['neo soul']	[2019]	1	1
3dI4Io8XE33J2o04ZwjR0Y	LaLa Hsu	['mandopop', 'taiwan singer-songwriter']	[2019, 2020]	1	0
38t0Qk7AJg7YdrXmOC6TH1	Pakho Chau	['cantopop']	[2019, 2020]	1	0
4iFznCrxI2nlVer46cgvWG	Gary Yang	['taiwan pop']	[2018, 2019]	1	1
6OPGYD3Cz0UCffp09wFa4B	Lil J	['malay rap']	[2019, 2020]	1	1
3YBpatQ59rAPqnwMkx4R2h	MK	[]	[2019, 2020]	1	1
4rdSHzO4enUlVxdQeHPGTp	Rachel Liang	['mandopop']	[2019, 2020]	1	0
5cKlE8f6b26h61Ml7m052Q	Haley Reinhart	['idol']	[2019]	1	0
5bWUlnPx9OYKsLiUJrhCA1	Jon Z	['reggaeton', 'trap latino', 'urbano latino']	[2019]	1	1
40JlNF1w2OiSOyj1nC4y0I	Joseph Vincent	['viral pop']	[2018, 2019]	1	0
2LGU3PxihjIK5SUeCVcdFl	ISÁK	['sami']	[2019]	1	1
7z2avKuuiMAT4XZJFv8Rvh	Tom Walker	['indie anthem-folk', 'uk pop']	[2019]	1	0
6SsTlCsuCYleNza6xGwynu	Agnes	['swedish electropop', 'swedish idol pop', 'swedish pop']	[2019]	1	1
4iCwCMnqsNZ6atvRiADgtn	RZA	['east coast hip hop', 'hardcore hip hop']	[2019]	1	1
0fhunuOz2OuOEr3YK5ctSm	Thalapathy Vijay	[]	[2019]	1	1
5R56NYbLCC2HpOwlYBnmeN	Kelly Yu	['mainland chinese pop', 'mandopop']	[2018, 2019]	1	0
4ZhFCxPekpmV12n2xMeF2z	Ink	[]	[2019]	1	1
6JZIgN9gEgNSS8lY5pmwbx	音阙诗听	['chinese viral pop', 'mainland chinese pop', 'zhongguo feng']	[2019, 2020]	1	1
4P2x3pFDSDXPLOKWSqUire	赵方婧	['chinese viral pop']	[2019, 2020]	1	1
5qa31A9HySw3T7MKWI9bGg	FLETCHER	['alt z', 'pop']	[2019]	1	0
2Qq9xKJKNbWzXQpO9ueKwc	Ilir7	['dangdut', 'indonesian pop rock']	[2019]	1	0
3uZFBSsMiooimnprFL9jD1	Snow	['canadian old school hip hop', 'reggae fusion']	[2019]	1	1
5dtbsNKCK6Q9yZzdhZpaqW	Sean Leon	['canadian hip hop', 'toronto rap']	[2019]	1	1
0QWrMNukfcVOmgEU0FEDyD	Jacob Collier	['uk alternative pop']	[2019]	1	1
1S1X1TLXVIaLlTARUhgu2m	MYAstro Artist & DJ	[]	[2019]	1	0
6t9tbRO9Lv6Oq6xtVwfdrn	Theresa Rex	['scandipop']	[2019]	1	1
0C8kbAJOGo7CHx8jDTyTfR	Mena Massoud	['movie tunes', 'show tunes']	[2019]	1	1
5mqguTgtaoCMNMZD6txCh6	Phum Viphurit	['bedroom pop']	[2019]	1	1
4Bu1m3sghjg9h15BfnvDuy	Kaer	[]	[2018, 2019]	1	1
55qfBBt4qoSvv6bTDBBLQN	SoMean	[]	[2019]	1	1
62uyNybVhfAYEi3ANs3Nsv	Isma Sane	['malaysian pop']	[2018, 2019]	1	0
0eK60XV9Prh7naXVKJt1XE	Julia Duclos	[]	[2018, 2019]	1	0
3q7HBObVc0L8jNeTe5Gofh	50 Cent	['east coast hip hop', 'gangster rap', 'hip hop', 'pop rap', 'queens hip hop', 'rap']	[2019]	1	1
5XenQ7XfcvQdfIbpLEFaKQ	GoldLink	['alternative r&b']	[2019]	1	1
7xp8UBjF67f53oktb7F9XP	Wani	['malaysian hip hop', 'malaysian pop']	[2018, 2019]	1	1
30qXGJPzFQrbUictr7MUn4	W.A.R.I.S	['malaysian hip hop', 'malaysian pop']	[2018, 2019]	1	1
6eVWXmKBW7Iltub01D9R1c	Valerie Broussard	['bossbeat', 'modern alternative pop']	[2019]	1	1
4m8URcWW3beNdxt4DnihgK	De Fam	['malaysian hip hop', 'malaysian pop']	[2020]	1	0
5NWfEZx5XGbVCAQTjhSxlR	Drama Band	['malaysian pop', 'rock kapak']	[2020]	1	0
5cYcI546S8Lf97m4mNdYLD	Solar	['k-pop']	[2020]	1	0
3dTgjg7lzUGiD3NwcGCK1n	阿冗	['chinese viral pop', 'mainland chinese pop']	[2020]	1	0
3IniCa6EijyZ3bsY0eTG3C	NCT 2020	['k-pop']	[2020]	1	0
6dhfy4ByARPJdPtMyrUYJK	Yerin Baek	['korean pop']	[2020]	1	0
4V3ZO3RnRFdpS10jbUTJaT	In-Team	['nasyid']	[2020]	1	1
7LvoDJUNGnOrPdGRzVtOJ9	Young M.A	['alternative r&b', 'lgbtq+ hip hop', 'nyc rap', 'rap', 'trap']	[2020]	1	1
0u6GtibW46tFX7koQ6uNJZ	Topic	['german dance', 'pop dance', 'pop edm', 'uk dance']	[2020]	1	1
5Wg2b4Mp42gicxEeDNawf7	A7S	['pop dance', 'scandipop', 'uk dance']	[2020]	1	1
1Bl6wpkWCQ4KVgnASpvzzA	BROCKHAMPTON	['boy band', 'rap']	[2020]	1	0
3P6nMEGXn0hzBlMndKfLQH	Simon Webbe	['british soul', 'talent show']	[2020]	1	1
6GwM5CHqhWXzG3l5kzRSAS	Younha	['korean pop']	[2020]	1	1
3YgGrjfQLzSPepN23vT5Gz	Wuzgut	['malay rap']	[2020]	1	1
1YeerhN60nteXqkUo06htu	Gard	['malay rap']	[2020]	1	1
0NcPKaSNIHAM2RfioH9vMT	Guapdad 4000	['cali rap', 'oakland hip hop', 'scam rap', 'underground hip hop']	[2020]	1	1
7cSbcJTJBBSXDjRNR2qD61	Sista Prod	['sad lo-fi']	[2020]	1	1
0NVy1xEsz4i8pX33Scv75n	Subvrbs	[]	[2020]	1	1
4EPYWwU4c8eG2GzD7MenUA	Kim Feel	['korean pop']	[2020]	1	0
6S0dmVVn4udvppDhZIWxCr	Sean Kingston	['dance pop', 'miami hip hop', 'pop']	[2020]	1	1
0AQ5aBNg651rlW5GS07Zt2	黃秋生	['hong kong indie', 'hong kong rock']	[2020]	1	1
2XSkJRHmtC3SzHchT6Qwl3	TUJULOCA	['malay rap']	[2020]	1	1
1slszTGbkp1uNnI6G5uD0X	BANG YE DAM	[]	[2020]	1	0
0NIPkIjTV8mB795yEIiPYL	Wallows	['pov: indie']	[2020]	1	1
260LldmHBR0r2wtWtjzNxL	Bekuh Boom	[]	[2020]	1	1
0kErUwb6xgWfkdn0RyZWHZ	Annika Wells	['la pop']	[2020]	1	1
0xOeVMOz2fVg5BJY3N6akT	Jaden	['pop rap', 'rap']	[2020]	1	1
5B4kCOhcqTywB9YwXPfFtJ	Weird Genius	['indonesian edm']	[2020]	1	1
5YwqDzUzArjMlfxI6sQRgP	Sara Fajira	[]	[2020]	1	1
4ETSs924pXMzjIeD6E9b4u	Surfaces	['bedroom soul']	[2020]	1	0
6DgP9otnZw5z6daOntINxp	Joel Corry	['dance pop', 'pop dance', 'uk dance']	[2020]	1	1
6Rx1JKzBrSzoKQtmbVmBnM	Hayley Williams	['art pop']	[2020]	1	0
7qd6KGoABHifvXKeFNe2Yb	Wolftyla	['trap queen']	[2020]	1	1
1cNDP5yjU5vjeR8qMf4grg	YNW Melly	['melodic rap', 'rap']	[2020]	1	0
1OY65G9NJJHsSt1lGLZU6q	NiiHWA	[]	[2020]	1	1
6P5NO5hzJbuOqSdyPB7SJM	Ashe	['alt z']	[2020]	1	0
0QJIPDAEDILuo8AIq3pMuU	M.I.A.	['escape room', 'indietronica', 'new rave']	[2020]	1	1
6dn6x1XOng3LOAnfTjUn77	AJ Mitchell	['alt z', 'pop']	[2020]	1	1
3wkgUQe1MTMFJp6bv3YGcK	B-Heart	['malay rap', 'malaysian hip hop']	[2020]	1	1
6sGzLUKd2Er4uTZ8m2izVj	Firwan Johan	['singaporean hip hop']	[2020]	1	1
1j0rVR6oQJN1A0BkVWkmbV	BANG YE DAM of TREASURE	[]	[2020]	1	0
32UL2dRIFoeUL3ViLatNGv	STARLYTE	['gaming edm']	[2020]	1	1
15edqA39JeSpGB7skxqcNz	Sophia Fredskild	[]	[2020]	1	1
3U7bOaJLuFkrmDQ1C1OqKl	HYO	['k-pop']	[2020]	1	1
3l9s67pOK4Stw9yW1wr0Bg	Loopy	['k-rap']	[2020]	1	1
4IxmmmPHd8EQdY3dNt2mAU	Akhdan	[]	[2020]	1	0
2EYYkKx3dOBxFnx75HDNuf	Dato Jamal Abdillah	['malaysian pop']	[2020]	1	1
6fs2or0cKLEM2xohWq8SoX	Lexie Liu	['chinese electropop']	[2020]	1	1
4TqlcgMFDryY96KWcvrhTv	Seraphine	[]	[2020]	1	1
22JbAaWA5Abf5esf6N4PHY	Nana Ou-Yang	['taiwan classical performance']	[2020]	1	0
7ksQJtsXSRSrI5306UwIgH	Kim Jong Wan of NELL	['korean ost', 'korean pop']	[2020]	1	1
1lmU3giNF3CSbkVSQmLpHQ	Surf Mesa	[]	[2020]	1	1
4ArPQ1Opcksbbf3CPwEjWE	Emilee	['social media pop']	[2020]	1	1
5yy76ufVriyvidNSvXlRU1	Clever	['alabama rap']	[2020]	1	1
4N7IToHBlPXqlrXiv1Nij6	rei brown	[]	[2020]	1	1
7hZ2iNOTXVCfauatDOrUFz	Jalil River	[]	[2020]	1	1
144bztZE6ImAnYLiYuVdEU	Airinna Namara	[]	[2020]	1	1
5L4EafeXwZ0stGuPtGr5Tz	Rain	['classic k-pop']	[2020]	1	1
7iNkzIKfY3iDyyFxlbPT9U	Aman RA	['malaysian hip hop', 'malaysian pop']	[2020]	1	0
5FxD8fkQZ6KcsSYupDVoSO	Omar Apollo	['bedroom pop', 'bedroom soul']	[2020]	1	1
6trIghKwHRUyxwvm66HLHH	Fousheé	['indie r&b']	[2020]	1	0
3DKkhRCGOG4e8IUPYFPfWs	Dixie	['social media pop']	[2020]	1	1
0B3N0ZINFWvizfa8bKiz4v	James TW	['british singer-songwriter']	[2020]	1	0
2cCUtGK9sDU2EoElnk0GNB	The National	['chamber pop', 'indie folk', 'indie rock', 'indietronica', 'modern rock', 'stomp and holler']	[2020]	1	1
0daugAjUgbJSqdlyYNwIbT	Vicetone	['edm', 'electro house', 'pop dance', 'progressive electro house']	[2020]	1	1
2jpQ0ywffgVHhZFQNWaWYW	Tony Igy	['russian dance']	[2020]	1	1
79KQgTCu4wV38ECYKn62DZ	White Gold	[]	[2020]	1	1
2e3lW79sSCTJmE9U5AcYFE	Khodi	[]	[2020]	1	0
36MQil20hjOpG5f52NQ4du	Moon Sujin	['korean r&b']	[2020]	1	1
0qu422H5MOoQxGjd4IzHbS	Yves Tumor	['art pop', 'escape room', 'experimental pop', 'experimental r&b', 'hypnagogic pop']	[2020]	1	1
0x3PXj1WnuW7YsBxQK57xM	Ruben	['norwegian pop']	[2020]	1	1
4z6yrDz5GfKXkeQZjOaZdq	DAVICHI	['k-pop', 'korean pop']	[2020]	1	0
5XmuuM2C6t4HSPa3FSuU3h	WanMor	[]	[2020]	1	1
1JCb1gHthSPkIRGACs0P5I	Orkes A Hizadin	['malaysian indie']	[2020]	1	1
6XZCBTR3aMC8tCIjpAEH1F	Ainina Hasnul	[]	[2020]	1	1
61VZakASLH5PweMQzF7R8r	The Macarons Project	['indonesian lo-fi pop']	[2020]	1	0
5OsaAs9EI08gtz5EAeoxJm	Trio Manja	[]	[2020]	1	1
3MLGxUOkBbbIFXwL2nQ4nR	Halil Chik	['classic malaysian pop', 'rock kapak']	[2020]	1	1
2kMik83gC0wBeF9wTimQ1P	Dinda Permata	['dangdut', 'dangdut remix']	[2020]	1	0
0xRXCcSX89eobfrshSVdyu	MEDUZA	['pop dance', 'pop house', 'uk dance']	[2020]	1	1
4EPJlUEBy49EX1wuFOvtjK	Becky Hill	['pop dance', 'pop house', 'uk dance', 'uk pop']	[2020]	1	1
2nm38smINjms1LtczR0Cei	Goodboys	['pop dance', 'uk dance']	[2020]	1	1
4TcOznbEZBqev21LzAH4KE	高爾宣 OSN	['mandopop', 'taiwan hip hop', 'taiwan pop']	[2020]	1	0
4SDci2HQRJmOCnKW3AEHie	S. Jibeng	['classic malaysian pop', 'rock kapak']	[2018, 2020]	1	0
6b8ra1rFH1RtPCHWYEkaA5	Baby Shima	['malaysian pop']	[2020]	1	1
5zfEatKLDdRkgbw6sdLBAQ	Octavian	['afroswing', 'london rap', 'uk hip hop']	[2020]	1	1
0AsThoR4KZSVktALiNcQwW	Chloe x Halle	['r&b']	[2020]	1	0
6tXkE3c9P6eh3NcixwV7I8	Al Jawaher	['classic malaysian pop']	[2018, 2020]	1	0
0KuF7reCTOZwV7YJnHQqgr	The Neptunes	[]	[2020]	1	1
28Nk9B0LudPoufVThERUDi	REFUND SISTERS	['k-pop girl group']	[2020]	1	0
3DpduguWUTtn3NQ1PFr2Kd	Tuju	['malay rap']	[2020]	1	1
1SZdTuxme3mOk0D9pUFrET	En	['chinese viral pop']	[2020]	1	0
5OGS2vlS1VZnXGbI1ujKqf	Qiff	[]	[2020]	1	0
0ouAMP6saB49aU48vqNr6c	Gard	[]	[2020]	1	1
5HaLF3P7Nj3R8J9HLXAa8P	Offgrid	['malay rap']	[2020]	1	1
1lfrxpB7ux5BPLlsstW8v8	Wuzgut	[]	[2020]	1	1
0YinUQ50QDB7ZxSCLyQ40k	Mustard	['cali rap', 'pop rap', 'rap', 'southern hip hop', 'trap']	[2020]	1	1
7guDJrEfX3qb6FEbdPA5qi	Stevie Wonder	['motown', 'soul']	[2018, 2020]	1	0
1fR6UkLJvhpxphXkV96e70	Chubb-E	[]	[2020]	1	0
2PaZWGu5T5nHjY2xxAkFsT	THE SCOTTS	['viral rap']	[2020]	1	1
3Xt3RrJMFv5SZkCfUE8C1J	Kim Petras	['alt z', 'pop', 'transpop']	[2020]	1	1
5vQfv3s2Z2SRdPZKr82ABw	Dzeko	['canadian electronic', 'dutch house', 'edm', 'electro house', 'pop dance', 'progressive electro house']	[2018]	1	1
0bdJZl7TDeiymDYzMJnVh2	Preme	['canadian hip hop', 'canadian trap', 'toronto rap']	[2018]	1	1
7iLc4hrjOjQPfg1E3cCHg1	Tim Berg	['edm', 'electro house', 'pop dance', 'progressive electro house']	[2018]	1	1
1IsHfx3tpJaUzDNRbMULzU	Mayssa Karaa	[]	[2018]	1	1
6UZh26X3rn1LVK5lLn4FoG	Thoughtsfornow	[]	[2018]	1	1
75EZuo5MHV2572NRpMWotC	Crystal Fighters	[]	[2018]	1	0
2P5sC9cVZDToPxyomzF1UH	Joey Bada$$	['conscious hip hop', 'hip hop', 'rap']	[2018]	1	1
7EEiVZvj6RCEtVX2F2pyxu	Slim Jxmmi	['trap']	[2018]	1	1
777g4Own3oQ7TXgAG5dyh4	Aman Aziz	['malaysian pop']	[2018]	1	0
3pbi8H08p95NUZ7m6ybxUV	Static Major	[]	[2018]	1	1
55mpRKnylTTZ3N1cNNM7zh	DIMA	[]	[2018]	1	1
5JUYSPkis2Mk6HUbmMqk1m	Sean Ono Lennon	['beatlesque']	[2018]	1	1
7wzaSKTsjE9HnuDuZTX452	Arlissa	['uk pop']	[2018]	1	1
4o7tWrzQOqarDtTMWD2HV9	LAY	['chinese electropop', 'chinese idol pop', 'k-pop']	[2018]	1	1
6BeO1KuAWBqFriL1mLHtNc	Leslie Grace	['bachata', 'latin viral pop']	[2018]	1	1
7MP4jhYmFEgb0AtiOkw55s	Play-N-Skillz	['chicano rap']	[2018]	1	1
1OjcBoc71FwlzD5cJGx7xk	SULLI	['k-pop']	[2018]	1	1
6UdKtISMXYKSR8jcgtFePo	Rad Museum	['korean r&b']	[2018]	1	1
5y3G1B8cpCTaoq0uDgjwzH	Danny Avila	[]	[2018]	1	1
1XoYv8r7rCgzBSgMWCsnzR	Benzooloo	['malay rap']	[2018]	1	1
28OJMqTSED3IMtVOxzunZb	Sandra Dianne	[]	[2018]	1	1
209sIim9nK6irs3h0E97Db	Radio3000	[]	[2018]	1	1
7nwUJBm0HE4ZxD3f5cy5ok	Aretha Franklin	['classic soul', 'jazz blues', 'memphis soul', 'soul', 'southern soul', 'vocal jazz']	[2018]	1	0
3Bj81IbILbuj2uEwWXMdXI	Sosamann	['atl trap', 'houston rap', 'memphis hip hop']	[2018]	1	1
20j1uz7iDOtIvIzCr5S8nx	SEUNGRI	['k-pop']	[2018]	1	0
1klFdLh3pak3eOtJP0styY	Triple H	['k-pop']	[2018]	1	0
4GaA53bqvMoSs2WzEFGiLe	Lia Marie Johnson	['teen pop']	[2018]	1	1
7MFJyevu6jq0shwDuVLymu	Justin Mylo	['dutch house', 'electro house', 'pop dance', 'pop edm', 'progressive electro house']	[2018]	1	1
1E1W3to8HhGSkkIEUMwEjd	Dewain Whitmore	[]	[2018]	1	1
1moxjboGR7GNWYIMWsRjgG	Florence + The Machine	['baroque pop', 'modern rock', 'neo mellow', 'uk alternative pop']	[2018]	1	0
6G1yTgvoYsuVb2Ja8cVVJ2	anders	['canadian contemporary r&b', 'canadian hip hop', 'toronto rap', 'trap soul']	[2018]	1	1
4zTNiArZgV1SKWATSFshVI	PRISTIN V	['k-pop', 'k-pop girl group']	[2018]	1	0
2yEkZBBjhzKzt6LF5XMaFi	Blue	['boy band']	[2018]	1	0
2ZuweXv0TkfsidZOLZZoM2	HEDEGAARD	['danish electronic', 'scandipop']	[2018]	1	1
1xrvnT8IPYpS6iOkAq8tLt	Hayley Warner	[]	[2018]	1	1
0FL2d6iFFNAV3yBUbXjZ1U	Wafia	['australian pop', 'indie electropop']	[2018]	1	1
4TAoP0f9OuWZUesao43xUW	Mr Eazi	['afrobeats', 'afropop', 'azontobeats', 'ghanaian hip hop', 'nigerian pop', 'swedish dancehall']	[2018]	1	1
1hcdI2N1023RvSwLzTtdsp	Natalia Lafourcade	['latin alternative', 'latin pop', 'mexican pop', 'rock en espanol', 'veracruz indie']	[2018]	1	1
0JOxt5QOwq0czoJxvSc5hS	GASHI	[]	[2018]	1	1
7DWSfLX0stZ7Fm4JssbiN6	Santesh	['malaysian tamil pop', 'tamil pop']	[2018]	1	0
2wIVse2owClT7go1WT98tk	Missy Elliott	['dance pop', 'hip hop', 'hip pop', 'neo soul', 'pop rap', 'r&b', 'rap', 'urban contemporary', 'virginia hip hop']	[2018]	1	1
2lWShxOL8iTlI0pmtVKvEh	S.H.E	['c-pop girl group', 'mandopop', 'taiwan idol pop', 'taiwan pop']	[2018]	1	0
5YyGLejM00snCF1RJKlocJ	Nikki Vianna	['nyc pop']	[2018]	1	1
2gBjLmx6zQnFGQJCAQpRgw	Nelly	['dance pop', 'gangster rap', 'hip hop', 'pop rap', 'rap', 'st louis rap', 'urban contemporary']	[2018]	1	1
3AuMNF8rQAKOzjYppFNAoB	Kelly Rowland	['atl hip hop', 'dance pop', 'hip pop', 'r&b', 'urban contemporary']	[2018]	1	1
0vR2qb8m9WHeZ5ByCbimq2	Reik	['latin arena pop', 'latin pop', 'mexican pop', 'reggaeton']	[2018]	1	1
4fpTMHe34LC5t3h5ztK8qu	The Carters	['r&b']	[2018]	1	0
12kEQTCYPhSoW54jJ0Pngm	Ben Ladin	['malaysian hip hop']	[2018]	1	0
5WY88tCMFA6J6vqSN3MmDZ	NELL	['k-rock', 'korean pop']	[2018]	1	1
0BBwlSQvHHtahgYpLj1wJE	Shaun Frank	['canadian electronic', 'electro house', 'pop edm']	[2018]	1	1
4GLJPBj5Cdr9AgLKvLWM4n	Dragonette	['canadian electropop', 'canadian pop', 'dance rock', 'electropop', 'metropopolis', 'neo-synthpop']	[2018]	1	1
5Da7t8Pkm0A4IwD8AEe22r	TreeHill	[]	[2018]	1	0
4poL7YCSkG7kMnWjAdDU91	Era Istrefi	['albanian hip hop', 'albanian pop', 'kosovan pop']	[2018]	1	1
63gbXCha1jpkrJJ9K5gGpR	ELI	['german pop']	[2018]	1	0
4xXCRXOfQKQ2gjWxNhNzYW	Air Supply	['soft rock']	[2018]	1	0
7hssUdpvtY5oiARaUDgFZ3	Ina Wroldsen	['norwegian pop']	[2018]	1	1
21mKp7DqtSNHhCAU2ugvUw	ODESZA	['chillwave', 'edm', 'indietronica']	[2018]	1	1
7kdIgG6b9e3DZVmroWzu9w	Madelyn Grant	[]	[2018]	1	1
1foL9hLC9M6U94dINtOYfb	Girls' Generation-Oh!GG	['k-pop', 'k-pop girl group']	[2018]	1	0
3IpvVrP3VLhruTmnququq7	Mike Williams	['big room', 'dutch house', 'edm', 'electro house', 'future house', 'pop dance', 'progressive electro house']	[2018]	1	1
0oSGxfWSnnOXhD2fKuz2Gy	David Bowie	['art rock', 'classic rock', 'glam rock', 'permanent wave', 'rock']	[2018]	1	1
54gWVQFHf8IIqbjxAoOarN	AOA	['k-pop', 'k-pop girl group']	[2018]	1	0
4UffC3o3JiLSg7pa5DpQbp	Mike Yung	['pop soul']	[2018]	1	1
2ExGrw6XpbtUAJHTLtUXUD	Stefflon Don	['dancehall', 'dancehall queen', 'uk dancehall', 'uk hip hop']	[2018]	1	1
4LcUpNlXFEleaLlelmkv2R	Kris Kross Amsterdam	['dutch house', 'dutch pop']	[2018]	1	1
4QfOh8rJ0OddhhXHD5QyWs	The Boy Next Door	['basshall']	[2018]	1	1
3jfVtv9mWfW0c5b3Fx440e	Babes Wodumo	['afro soul', 'gqom', 'south african pop']	[2018]	1	1
6Paz0vXJJ9bCPf0fEm3qzg	Dagny	['norwegian pop']	[2018]	1	1
3CbYyyd8wH3RT6t0jwpdzC	Murda Beatz	['canadian hip hop', 'canadian trap']	[2018]	1	1
28ExwzUQsvgJooOI0X1mr3	Jay Rock	['conscious hip hop', 'hip hop', 'rap', 'southern hip hop', 'trap']	[2018]	1	1
53KwLdlmrlCelAZMaLVZqU	James Blake	['art pop', 'indie soul', 'indietronica', 'neo soul', 'uk alternative pop']	[2018]	1	1
6O74knDqdv3XaWtkII7Xjp	Boyz II Men	['boy band', 'contemporary r&b', 'new jack swing', 'r&b', 'urban contemporary']	[2018]	1	1
1i9rIRFuGt0ZDPIh2FzrF8	Shiyu	['chinese viral pop']	[2018]	1	0
0KEExJc1NKwmzJxQHbbkts	Leah Culver	['pop edm']	[2018]	1	1
1VBflYyxBhnDc9uVib98rw	Icona Pop	['candy pop', 'dance pop', 'electropop', 'metropopolis', 'swedish electropop', 'swedish synthpop']	[2018]	1	1
4we5S2VLjgY9KzIzApL1KI	Ryan Tedder	[]	[2018]	1	1
31s5WlyPC6fwjO56yCwors	Matteo	['romanian pop']	[2018]	1	0
7uFoXSuGpa1zjda9SgmqFk	Siti Badriah	['dangdut', 'dangdut koplo', 'dangdut remix']	[2018]	1	0
5QuBVnBPEzwYvFrgBbwpmU	Empress Of	['art pop', 'electropop', 'escape room', 'etherpop', 'shiver pop']	[2018]	1	1
0WOxhx4hikIsyF3CRPLC8W	Famous Dex	['chicago rap', 'drill', 'rap', 'trap']	[2018]	1	0
0mIwHAnTvHsfd3055G7gaQ	Cherpen	['malaysian pop']	[2018, 2022]	1	0
26AHtbjWKiwYzsoGoUZq53	Pentatonix	['a cappella', 'viral pop']	[2018]	1	0
2FXC3k01G6Gw61bmprjgqS	Hozier	['irish singer-songwriter', 'modern rock', 'pop', 'pov: indie']	[2018]	1	0
2jzc5TC5TVFLXQlBNiIUzE	a-ha	['new romantic', 'new wave', 'new wave pop', 'permanent wave', 'synthpop']	[2018]	1	0
7h4j9YTJJuAHzLCc3KCvYu	Kina Grannis	['acoustic pop', 'viral pop']	[2018]	1	0
6auWB5YAlcKaHyrbTH66nd	No Rome	['indietronica']	[2018]	1	1
5Lle63cJEwBcQF28xSTIGO	Asfan Shah	['malaysian pop']	[2018]	1	0
2X97ZAqRKRMYFIDqtvGgGc	Silk City	['edm']	[2018]	1	1
2ojEZEmcQVC3vLNpcoo9rJ	Noah Neiman	['progressive uplifting trance', 'sky room']	[2018]	1	1
3LU5ho1MrktZxpRBGYPISK	Miranda Glory	[]	[2018]	1	1
2hPgGN4uhvXAxiXQBIXOmE	KIDS SEE GHOSTS	['rap']	[2018]	1	0
2RQXRUsr4IW1f3mKyKsy4B	Noah Kahan	['pov: indie', 'singer-songwriter pop']	[2018]	1	0
3EOEK57CV77D4ovYVcmiyt	Dennis Lloyd	['israeli pop']	[2018]	1	0
0vqJkZ0RpLZixt3lTmD8vP	Whethan	['electropop', 'hyperpop', 'rage rap']	[2018]	1	1
2QcZxAgcs2I1q7CtCkl6MI	Eason Chan	['c-pop', 'cantopop', 'mandopop']	[2018]	1	0
3rjHIPFed2qITXAWvArRtp	Iselin	['norwegian pop']	[2018]	1	1
6Z4puj0KYgtcxJrVXKmvBX	Sharaya J	['jersey club', 'new jersey rap']	[2018]	1	1
6bwVWdQfr6ttzrGLboVkjg	Paul Rosenberg	[]	[2018]	1	0
1frSJ3BwjRHE9jgMRQV5wC	Zookeepers	['bass trap']	[2018]	1	0
25fqWEebq6PoiGQIHIrdtv	Baauer	['edm', 'electro house', 'electronic trap']	[2018]	1	1
5Y8eJDj37KhaEeqbVO7Ag1	PRETTYMUCH	['boy band', 'pop']	[2018]	1	0
3Lz3vEN23Fw0hIelrYEzUD	EXO-CBX	['k-pop', 'k-pop boy group']	[2018]	1	0
1eEfMU2AhEo7XnKgL7c304	Carpenters	['adult standards', 'mellow gold', 'soft rock']	[2018]	1	0
3QUOtWgmuxFyae4C0Q0thd	ABIR	[]	[2018]	1	1
79R17q4kiPsimHDtdOlN2L	SEHUN	[]	[2018]	1	1
75fIuwXxhZ1atNzWLMrgF0	Tyler Bates	['orchestral soundtrack', 'soundtrack']	[2018]	1	0
4jopjL0eIg8ECX5yRqlGZF	Flybaits	['rock kapak']	[2018]	1	0
3v6Ji4uoWtKRkhuDUaxi9n	Dynoro	['edm']	[2018]	1	1
1OAjDaKgg00KCUYqDe68un	Gigi D'Agostino	['eurodance', 'italo dance']	[2018]	1	1
1oSwHHz78oTezxBZC8QOBV	Safiey Illias	[]	[2018]	1	0
6sBiS0iWcCyMMgiYrEOxbt	Supreme Boi	[]	[2018]	1	1
2XjmzdpCTEdJPI2KGwdeHy	Katherine Ho	[]	[2018]	1	0
33W1pnW9zScZtYTnAoWnOT	Mr. Probz	[]	[2018]	1	0
5Y5TRrQiqgUO4S36tzjIRZ	Timbaland	['dance pop', 'pop', 'pop rap']	[2018]	1	1
0lJlKQvuM2Sd9DPPyUXcHg	Sixpence None The Richer	['lilith', 'pop rock']	[2018]	1	0
6ueGR6SWhUJfvEhqkvMsVs	Janelle Monáe	['afrofuturism', 'alternative r&b', 'atl hip hop', 'neo soul', 'r&b']	[2018]	1	0
38CvLGTsjtoloDgv3OKQp8	Robinson	['alt z', 'nz pop']	[2018]	1	0
2TImI3DW7o5MdRXJs4D37h	SOB X RBE	['cali rap']	[2018]	1	0
47T14gc4KnTM8ewH4gPlbA	Janna Nick	['malaysian pop']	[2022]	1	0
4nd1IvFkUoQinjvYdUmOBI	GANGGA	['indonesian lo-fi pop', 'indonesian pop', 'indonesian singer-songwriter']	[2022]	1	0
7Lq3yAtwi0Z7zpxEwbQQNZ	VIVIZ	['k-pop']	[2022]	1	0
2FRfJyV85zb19tO6uiXBGl	sped up + slowed	['sped up']	[2022]	1	1
0JSCWkJNFGt7o4YbYcplQ7	slater	[]	[2022]	1	1
5bhdOjQURwcmzyHtlVQ6f3	陈丽媚	[]	[2022]	1	1
0z4gvV4rjIZ9wHck67ucSV	Akon	['dance pop']	[2022]	1	0
2BM933ADIluGGrPBOhPgIt	SiM	['japanese metalcore', 'japanese screamo']	[2022]	1	0
0bAsR2unSRpn6BQPEnNlZm	Aimer	['anime', 'anime rock', 'j-pixie', 'j-pop', 'j-poprock']	[2022]	1	0
3wOsYKZM0zcKNasi3I7fP4	Mahalini	['indonesian pop']	[2022]	1	0
5R7AMwDeroq6Ls0COQYpS4	Kep1er	['k-pop']	[2022]	1	0
0azPQZGt11gedg5Le9hjC2	Amigdala	['indonesian folk pop']	[2022]	1	0
6ofZ3MNiuNNGPKEbOaWEY8	Amsyar Leee	[]	[2022]	1	1
00sCATpEvwH48ays7PlQFU	Jonita Gandhi	['desi pop', 'filmi', 'modern bollywood']	[2022]	1	1
6uNxlIP5lzPFf0BHuELOuX	GOT the beat	['k-pop']	[2022]	1	0
0lsic3ZlNuapuwzbmD4imv	Sekumpulan Orang Gila	['malaysian indie']	[2022]	1	1
4TdiASPlU3QdZvGQBothcQ	WOOZI	[]	[2022]	1	0
7tvLVH9DBiCZxcvyXfcWm7	Papinka	['indonesian pop rock']	[2022]	1	0
3B16VU8kHheR4TqVeNoF5x	颜慧萍	['malaysian mandopop']	[2022]	1	1
4D6kw88swod7GE2mPvgyXd	William Tan	[]	[2022]	1	1
7o2ZQYM7nTsaVdkXY38UAA	Em Beihold	['alt z', 'gen z singer-songwriter']	[2022]	1	0
67IN4cLJ7798gUapyZlmac	Zack Tabudlo	['acoustic opm', 'opm', 'p-pop']	[2022]	1	0
00DEBan2V3CbrMDfj4zUT5	Tasha Manshahar	['malaysian pop']	[2022]	1	0
3VTDEKywxLJxC3WXJIGVGu	黃禮格	['chinese melodic rap']	[2022]	1	1
2W8yFh0Ga6Yf3jiayVxwkE	Dove Cameron	['pop']	[2022]	1	0
53A0W3U0s8diEn9RhXQhVz	Keane	['neo mellow', 'piano rock', 'pop rock']	[2022]	1	0
70DFixYAFPv4Pf9kgSfR9O	MARK	[]	[2022]	1	0
7tjVFCxJdwT4NdrTmjyjQ6	Muni Long	['indie r&b']	[2022]	1	0
6FTLayBxjkQeanFdUusk1I	Fabio Asher	['indonesian pop']	[2022]	1	0
6olE6TJLqED3rqDCT0FyPh	Nirvana	['grunge', 'permanent wave', 'rock']	[2022]	1	0
6HaGTQPmzraVmaVxvz6EUc	Jung Kook	['k-pop']	[2022]	1	0
0ZUvK7zGdXLd78mQr3t1Tw	Ricky Montgomery	['la indie', 'pop', 'pov: indie']	[2022]	1	0
0kPb52ySN2k9P6wEZPTUzm	Tiara Andini	['indonesian pop']	[2022]	1	0
1EauZTwWoWAgah4DxiW6Eu	Astro Artiste	['chinese new year']	[2022]	1	0
77zw4xc9xODvVb6K3lmriC	Els Warouw	[]	[2022]	1	0
318pGzlr5IiN6UAAL8KHTD	Marsha Milan	['lagu sabahan', 'malaysian pop']	[2022]	1	0
6kBjAFKyd0he7LiA5GQ3Gz	Aqua	['bubblegum dance', 'dance pop', 'eurodance', 'europop']	[2022]	1	0
0LrRU8pQ9MjBzuFBViE0vW	Nabila Maharani	['indonesian folk pop']	[2022]	1	0
0qQI2kmsvSe2ex9k94T5vu	JAEHYUN	[]	[2022]	1	1
0WzStLpjrpXOXFeK4QE8ns	d.ear	[]	[2022]	1	1
4WP3qggU1YDsK3y5dEqgvu	云镁鑫	[]	[2022]	1	1
3N1Rw4p8WIfMqdD4e06NKp	黄一飞	[]	[2022]	1	1
0APkL8C2znVcXyUFt1Vvyd	陈昭伶	[]	[2022]	1	1
00smYlvPBZgXHH10iCDFTa	梁宝仪	[]	[2022]	1	1
2or2s3Vw0pJPbu2MH0RsOs	李玉钦	[]	[2022]	1	1
1Qlq38YJPSdLcPNzuI3cq0	JieYing Tha	['malaysian mandopop']	[2022]	1	1
164Uj4eKjl6zTBKfJLFKKK	JVKE	['modern indie pop', 'pov: indie', 'singer-songwriter pop']	[2022]	1	0
3NSGCBkfj6hEhXQhytRg4D	3P	[]	[2022]	1	0
35UUUH8eyqBKGB8iS2eXz2	Jestinna Kuan	[]	[2022]	1	1
2WEeVvBz7MuOGoMrpm55FK	Mskuan	[]	[2022]	1	1
6cTvfjoGBDGWta3T6GRoNo	Perry K	[]	[2022]	1	1
2qnQOnL1oLKtH779qZ6iuR	Ylona Garcia	['opm']	[2022]	1	0
1pHMYguhayIoXmPjoOUyu3	HAECHAN	[]	[2022]	1	0
3CcBDFJm71gThvy9rrtrel	YourKid ANDY	[]	[2022]	1	1
5kjFzBMHeoAx9xksFSwfUW	yuji	[]	[2022]	1	1
3Fw8q9sZ1t7diLxoQFS8hW	Hanin Dhiya	['indonesian pop']	[2022]	1	1
2TSeIynP2u22bqZOgKkbZm	Ahmad Dhani	['indonesian pop rock']	[2022]	1	1
