artist_id	name	genres	years_on_charts	num_hits	num_collab_hits
3TVXtAsR1Inumwj472S9r4	Drake	['canadian hip hop', 'canadian pop', 'hip hop', 'rap', 'toronto rap']	[2017, 2018, 2019, 2020, 2021, 2022]	136	72
3tNPDodRNuLdezJnTsYOqy	Dree Low	['swedish drill', 'swedish gangsta rap', 'swedish hip hop', 'swedish trap', 'swedish trap pop']	[2017, 2018, 2019, 2020, 2021, 2022]	107	66
6eUKZXaKkcviH0Ku9w2n3V	Ed Sheeran	['pop', 'singer-songwriter pop', 'uk pop']	[2017, 2018, 2019, 2020, 2021, 2022]	100	53
3PtEOX0PJSh7ndOL4tP0NR	Z.E	['swedish drill', 'swedish gangsta rap', 'swedish hip hop', 'swedish trap', 'swedish trap pop']	[2017, 2018, 2019, 2020, 2021]	100	44
0kKygNaCQjqVLrImIftRDJ	Einár	['swedish gangsta rap', 'swedish hip hop', 'swedish trap', 'swedish trap pop']	[2019, 2020, 2021, 2022]	96	64
1uNFoZAHBGtllmzznpCI3s	Justin Bieber	['canadian pop', 'pop']	[2017, 2018, 2019, 2020, 2021, 2022]	91	61
246dkjvS1zLTtiykXe5h60	Post Malone	['dfw rap', 'melodic rap', 'pop', 'rap']	[2017, 2018, 2019, 2020, 2021, 2022]	90	46
2EWsHDexsSInArfFkhA2i6	Jireel	['swedish drill', 'swedish hip hop', 'swedish reggae', 'swedish trap', 'swedish trap pop']	[2017, 2018, 2019, 2020, 2021, 2022]	88	51
7dGJo4pcD2V6oG8kP0tJRR	Eminem	['detroit hip hop', 'hip hop', 'rap']	[2017, 2018, 2019, 2020, 2021, 2022]	87	42
1Xyo4u8uXC1ZmMpatF05PJ	The Weeknd	['canadian contemporary r&b', 'canadian pop', 'pop']	[2017, 2018, 2019, 2020, 2021, 2022]	87	37
1vCWHaC5f2uS3yhpwWbIA6	Avicii	['edm', 'pop', 'pop dance']	[2017, 2018, 2019, 2020, 2021, 2022]	80	39
68dW5BU6sdVNf099EylxEt	Hov1	['fotbollslatar', 'swedish idol pop', 'swedish pop', 'swedish pop rap']	[2017, 2018, 2019, 2020, 2021, 2022]	79	10
66CXWjxzNUsdJxJ2JdwvnR	Ariana Grande	['pop']	[2017, 2018, 2019, 2020, 2021, 2022]	79	35
1Cs0zKBU1kc0i8ypK3B9ai	David Guetta	['big room', 'dance pop', 'edm', 'pop', 'pop dance']	[2017, 2018, 2019, 2020, 2021, 2022]	78	75
51TXQniEQkYh89tfLjiuSy	Ant Wan	['swedish drill', 'swedish gangsta rap', 'swedish hip hop', 'swedish trap', 'swedish trap pop']	[2018, 2019, 2020, 2021, 2022]	78	5
3M1eBsR4rSTcDAzYopumeG	Asme	['swedish gangsta rap', 'swedish hip hop', 'swedish trap', 'swedish trap pop']	[2017, 2018, 2019, 2020, 2021, 2022]	76	49
4MCBfE4596Uoi2O4DtmEMz	Juice WRLD	['chicago rap', 'melodic rap', 'rap']	[2018, 2019, 2020, 2021, 2022]	75	31
0Y5tJX1MQlPlqiwlOH1tJY	Travis Scott	['hip hop', 'rap', 'slap house']	[2017, 2018, 2019, 2020, 2021, 2022]	68	45
7jEEE187pVG6InOxn03oA5	Benjamin Ingrosso	['swedish pop']	[2017, 2018, 2019, 2020, 2021, 2022]	68	11
3vHwJg9XHrACvX9ZlwV8pT	Adel	['swedish gangsta rap', 'swedish hip hop', 'swedish trap', 'swedish trap pop']	[2017, 2018, 2019, 2020, 2021, 2022]	67	39
06HL4z0CvFAxyc27GXpf02	Taylor Swift	['pop']	[2017, 2018, 2019, 2020, 2021, 2022]	66	16
5K4W6rqBFWDnAN6FQUkS6x	Kanye West	['chicago rap', 'hip hop', 'rap']	[2017, 2018, 2019, 2020, 2021, 2022]	66	22
6rYEqmajzlhGVaayOJ2bpJ	Yasin	['swedish gangsta rap', 'swedish hip hop', 'swedish trap', 'swedish trap pop']	[2017, 2018, 2019, 2020, 2021, 2022]	64	22
6LuN9FCkKOj5PcnpouEgny	Khalid	['pop', 'pop r&b']	[2017, 2018, 2019, 2020, 2021, 2022]	63	41
23fqKkggKUBHNkbKtXEls4	Kygo	['edm', 'pop', 'pop dance', 'tropical house']	[2017, 2018, 2019, 2020, 2021, 2022]	58	58
0NRMzT05nsc8mTm4iUvuHY	Molly Sandén	['swedish idol pop', 'swedish pop']	[2017, 2018, 2019, 2020, 2021, 2022]	58	16
1gm1katIowFM22Ldqcw6DK	Ricky Rich	['swedish hip hop', 'swedish trap pop']	[2017, 2018, 2019, 2020, 2021, 2022]	56	44
5WUlDfRSoLAfcVSX1WnrxN	Sia	['australian dance', 'australian pop', 'pop']	[2017, 2018, 2019, 2020, 2021, 2022]	56	33
1Xylc3o4UrD53lo9CvFvVg	Zara Larsson	['pop', 'scandipop', 'swedish electropop', 'swedish pop']	[2017, 2018, 2019, 2020, 2021, 2022]	56	18
5ILMkt5lW4KAyTXMNYWaGF	Dani M	['swedish gangsta rap', 'swedish hip hop', 'swedish reggae', 'swedish trap pop']	[2017, 2018, 2019, 2020, 2021, 2022]	55	44
7vk5e3vY1uw9plTHJAMwjN	Alan Walker	['electro house']	[2017, 2018, 2019, 2020, 2021, 2022]	54	48
5uvOG0MwnD2ANrxNBUPtNr	1.Cuz	['swedish drill', 'swedish gangsta rap', 'swedish hip hop', 'swedish trap', 'swedish trap pop']	[2018, 2019, 2020, 2021, 2022]	54	31
5wXRHaEx8AvtUv0gyZHGf6	Newkid	['swedish idol pop', 'swedish pop']	[2017, 2018, 2019, 2020, 2021, 2022]	52	16
2wY79sveU1sp5g7SokKOiI	Sam Smith	['pop', 'uk pop']	[2017, 2018, 2019, 2020, 2021]	52	14
4DC3zLbfVrTZo2WmvjMMls	Aden	['swedish gangsta rap', 'swedish hip hop', 'swedish trap', 'swedish trap pop']	[2017, 2018, 2019, 2020, 2021, 2022]	52	38
53XhwfbYqKCa1cC15pYq2q	Imagine Dragons	['modern rock', 'pop', 'rock']	[2017, 2018, 2019, 2020, 2021, 2022]	51	8
6qqNVTkY8uBg9cP3Jd7DAH	Billie Eilish	['art pop', 'electropop', 'pop']	[2018, 2019, 2020, 2021, 2022]	51	4
15UsOTVnJzReFVN1VCnxy4	XXXTENTACION	['emo rap', 'miami hip hop']	[2017, 2018, 2019, 2020, 2021, 2022]	50	14
7zLm9op6LgPqKL62d1FzhO	ADAAM	['swedish hip hop', 'swedish trap pop']	[2018, 2019, 2020, 2021, 2022]	50	33
0hCNtLu0JehylgoiP8L4Gh	Nicki Minaj	['hip pop', 'pop', 'queens hip hop', 'rap']	[2017, 2018, 2019, 2020, 2021, 2022]	49	46
69GGBxA162lTqCwzJG5jLp	The Chainsmokers	['electropop', 'pop']	[2017, 2018, 2019, 2020, 2022]	49	30
6cEuCEZu7PAE9ZSzLLc2oQ	R3HAB	['dutch house', 'edm', 'electro house', 'pop dance', 'progressive electro house', 'slap house']	[2017, 2018, 2019, 2020, 2021, 2022]	47	45
2zd9YxlsQvA5mkZ1NarYVQ	Miriam Bryant	['classic swedish pop', 'swedish idol pop', 'swedish pop', 'swedish pop rap']	[2017, 2018, 2019, 2020, 2021, 2022]	45	22
295SPRt7YTtIPdYoMkkF7K	ODZ	['swedish drill', 'swedish hip hop']	[2017, 2018, 2019, 2020, 2021, 2022]	45	42
7c0XG5cIJTrrAgEC3ULPiq	Ty Dolla $ign	['hip hop', 'pop rap', 'r&b', 'southern hip hop', 'trap', 'trap soul']	[2017, 2018, 2019, 2020, 2021]	45	44
2DWNa2o3BbsIHeBq7Iu6E7	Thomas Stenström	['swedish pop']	[2017, 2018, 2019, 2020, 2021, 2022]	45	8
7n2wHs1TKAczGzO7Dd2rGr	Shawn Mendes	['canadian pop', 'pop', 'viral pop']	[2017, 2018, 2019, 2020, 2021, 2022]	42	14
3H7Ez7cwaYw4L3ELy4v3Lc	Håkan Hellström	['classic swedish pop', 'gothenburg indie', 'swedish indie rock', 'swedish pop']	[2017, 2018, 2019, 2020, 2021, 2022]	42	5
00FQb4jTyendYWaN8pK0wa	Lana Del Rey	['art pop', 'pop']	[2017, 2018, 2019, 2020, 2021, 2022]	42	10
2YZyLoL8N0Wb9xBt1NhZWg	Kendrick Lamar	['conscious hip hop', 'hip hop', 'rap', 'west coast rap']	[2017, 2018, 2019, 2020, 2021]	41	26
2OIWxN9xUhgUHkeUCWCaNs	Veronica Maggio	['swedish pop']	[2017, 2018, 2019, 2020, 2021, 2022]	40	5
6M2wZ9GZgrQXHCFfjv46we	Dua Lipa	['dance pop', 'pop', 'uk pop']	[2017, 2018, 2019, 2020, 2021, 2022]	40	23
59E9dYtwLTUAGuAppwFKAW	Cherrie	['scandinavian r&b', 'swedish dancehall', 'swedish drill', 'swedish hip hop', 'swedish pop', 'swedish trap pop']	[2017, 2018, 2019, 2020, 2021, 2022]	39	22
1RyvyyTE3xzB2ZywiAwp0i	Future	['atl hip hop', 'hip hop', 'rap', 'southern hip hop', 'trap']	[2017, 2018, 2019, 2020, 2021, 2022]	39	34
0LyfQWJT6nXafLPZqxe9Of	Various Artists	[]	[2017, 2018, 2019, 2020, 2021, 2022]	38	1
6l3HvQ5sa6mXTsMTB19rO5	J. Cole	['conscious hip hop', 'hip hop', 'north carolina hip hop', 'rap']	[2017, 2018, 2019, 2020, 2021]	38	12
0eDvMgVFoNV3TpwtrVCoTj	Pop Smoke	['brooklyn drill', 'rap']	[2019, 2020, 2021]	38	23
3loTvAld5Tpk5aSNbboGpj	Rasmus Gozzi	['russelater', 'swedish eurodance']	[2019, 2020, 2021, 2022]	38	24
4gzpq5DPGxSnKTe4SA8HAU	Coldplay	['permanent wave', 'pop']	[2017, 2018, 2019, 2020, 2021, 2022]	37	9
6lB8vOoI4DRrrVxXwuV19c	Mike Perry	['pop dance', 'swedish tropical house']	[2017, 2018, 2019, 2020, 2021]	36	31
1HY2Jd0NmPuamShAr6KMms	Lady Gaga	['art pop', 'dance pop', 'pop']	[2017, 2018, 2019, 2020, 2021, 2022]	36	15
1eX2QZGKv4RFxpDKUGxgm0	Aden x Asme	['gothenburg hip hop', 'swedish gangsta rap', 'swedish hip hop', 'swedish trap', 'swedish trap pop']	[2018, 2019, 2020, 2021]	36	26
1Qp56T7n950O3EGMsSl81D	Ghost	['hard rock', 'metal']	[2018, 2019, 2021, 2022]	35	0
5A0Bu9azuFEnud3q7t0V2r	Petter	['classic swedish pop', 'swedish hip hop', 'swedish pop', 'swedish pop rap']	[2017, 2018, 2019, 2020, 2021, 2022]	35	28
4nDoRrQiYLoBzwC5BhVJzF	Camila Cabello	['dance pop', 'pop']	[2017, 2018, 2019, 2020, 2021, 2022]	35	20
6vWDO969PvNqNYHIOW5v0m	Beyoncé	['pop', 'r&b']	[2017, 2018, 2019, 2020, 2021]	35	17
5nRkPBCDIqxGB82fj0Pj7V	K27	['swedish gangsta rap', 'swedish hip hop', 'swedish trap pop']	[2018, 2019, 2020, 2021]	35	23
0LcJLqbBmaGUft1e9Mm8HV	ABBA	['europop', 'swedish pop']	[2017, 2018, 2019, 2020, 2021, 2022]	35	0
4sTQVOfp9vEMCemLw50sbu	Galantis	['dance pop', 'edm', 'pop', 'pop dance']	[2017, 2018, 2019, 2020, 2021, 2022]	34	27
60d24wfXkVzDSfLS6hyCjZ	Martin Garrix	['dutch edm', 'edm', 'pop', 'pop dance', 'progressive house']	[2017, 2018, 2019, 2020, 2021]	34	32
33zLgL7tT1vg7eRpWYX5uI	Lars Winnerbäck	['classic swedish pop', 'swedish pop', 'swedish singer-songwriter']	[2017, 2018, 2019, 2020, 2021, 2022]	34	2
04HqRx07Bv9gh7rsrMTqs7	Miss Li	['classic swedish pop', 'swedish pop']	[2017, 2018, 2019, 2020, 2021, 2022]	34	6
4TNb6OInXahdseLnzAY1eL	Ringnes-Ronny	['fotbollslatar', 'russelater']	[2019, 2020, 2021, 2022]	34	11
6oMuImdp5ZcFhWP0ESe6mG	Migos	['atl hip hop', 'hip hop', 'rap', 'trap']	[2017, 2018, 2019, 2020, 2021]	33	22
0XDfNJsQy7B3q0GfsMHSkp	Tjuvjakt	['swedish pop', 'swedish pop rap']	[2017, 2018, 2019, 2020, 2021, 2022]	33	11
4dpARuHxo51G3z768sgnrY	Adele	['british soul', 'pop', 'pop soul', 'uk pop']	[2017, 2018, 2019, 2020, 2021, 2022]	33	0
3QQwosodozp54DdCKrlAry	Lamix	['swedish hip hop', 'swedish trap pop']	[2017, 2018, 2019, 2020, 2021, 2022]	32	17
3Nrfpe0tUJi4K4DXYWgMUX	BTS	['k-pop', 'k-pop boy group', 'pop']	[2017, 2018, 2019, 2020, 2021, 2022]	32	11
7CajNmpbOovFoOoasH2HaY	Calvin Harris	['dance pop', 'edm', 'electro house', 'house', 'pop', 'progressive house', 'uk dance']	[2017, 2018, 2019, 2020, 2021, 2022]	31	28
50co4Is1HCEo8bhOyUWKpn	Young Thug	['atl hip hop', 'atl trap', 'gangster rap', 'melodic rap', 'rap', 'trap']	[2017, 2018, 2019, 2020, 2021, 2022]	31	31
4kYSro6naA4h99UJvo89HB	Cardi B	['pop', 'rap']	[2017, 2018, 2019, 2020, 2021]	31	24
0ahIOvoOixJ6reWSvAsshX	Mwuana	['swedish dancehall', 'swedish hip hop', 'swedish trap pop']	[2017, 2018, 2019, 2020, 2021]	31	18
5JZ7CnR6gTvEMKX4g70Amv	Lauv	['pop']	[2017, 2018, 2019, 2020, 2022]	31	11
1AdKbbV5v6ifuJertEjNeK	Albin Lee Meldau	['swedish pop', 'swedish singer-songwriter']	[2017, 2018, 2019, 2020, 2021, 2022]	30	1
7gZfnEnfiaHzxARJ2LeXrf	6ix9ine	['emo rap']	[2018, 2019, 2020]	30	21
6UE7nl9mha6s8z0wFQFIZ2	Robyn	['dance pop', 'electropop', 'neo-synthpop', 'scandipop', 'swedish electropop', 'swedish pop']	[2017, 2018, 2019, 2020, 2021, 2022]	30	4
1vyhD5VmyZ7KMfW5gqLgo5	J Balvin	['reggaeton', 'reggaeton colombiano', 'trap latino', 'urbano latino']	[2017, 2018, 2019, 2020, 2021]	30	27
4NHQUGzhtTLFvgF5SZesLK	Tove Lo	['metropopolis', 'pop', 'swedish electropop', 'swedish pop', 'swedish synthpop']	[2017, 2018, 2019, 2020, 2021, 2022]	29	15
0C8ZW7ezQVs4URX5aX7Kqx	Selena Gomez	['pop', 'post-teen pop']	[2017, 2018, 2019, 2020, 2021]	28	15
4xRYI6VqpkE3UwrDrAZL8L	Logic	['conscious hip hop', 'hip hop', 'pop rap', 'rap']	[2017, 2018, 2019]	28	16
64M6ah0SkkRsnPGtGiRAbb	Bebe Rexha	['dance pop', 'pop']	[2017, 2018, 2019, 2020, 2021]	28	19
64KEffDW9EtZ1y2vBYgq8T	Marshmello	['brostep', 'edm', 'pop', 'progressive electro house']	[2017, 2018, 2019, 2020, 2021, 2022]	28	26
1HBjj22wzbscIZ9sEb5dyf	Jonas Blue	['pop', 'pop dance', 'tropical house', 'uk dance']	[2017, 2018, 2019, 2020, 2021, 2022]	28	28
0ZED1XzwlLHW4ZaG4lOT6m	Julia Michaels	['pop']	[2017, 2018, 2019, 2020, 2021]	28	16
7tYKF4w9nC0nq9CsPZTHyP	SZA	['pop', 'r&b', 'rap']	[2017, 2018, 2019, 2020, 2021, 2022]	28	26
738wLrAtLtCtFOLvQBXOXp	Major Lazer	['dance pop', 'edm', 'electro house', 'moombahton', 'pop', 'pop dance']	[2017, 2018, 2019, 2020, 2021]	28	28
3eqjTLE0HfPfh78zjh6TqT	Bruce Springsteen	['heartland rock', 'mellow gold', 'permanent wave', 'rock', 'singer-songwriter']	[2017, 2018, 2019, 2020, 2021]	28	1
0I0zS0aiq9JeGMBT45x6d8	Greekazo	['swedish gangsta rap', 'swedish hip hop', 'swedish trap pop']	[2019, 2020, 2021, 2022]	28	23
3o2dn2O0FCVsWDFSh8qxgG	Sabaton	['power metal', 'swedish metal', 'swedish power metal']	[2019, 2021, 2022]	28	1
1URnnhqYAYcrqrcwql10ft	21 Savage	['atl hip hop', 'hip hop', 'rap', 'trap']	[2017, 2018, 2019, 2020, 2021]	27	23
3IsULVZIf4iGp9ExB7yJVq	Linnea Henriksson	['classic swedish pop', 'swedish pop']	[2017, 2018, 2019, 2020, 2021]	27	7
5fMUXHkw8R8eOP2RNVYEZX	Diplo	['edm', 'electro house', 'moombahton', 'pop dance']	[2017, 2018, 2019, 2020, 2022]	27	27
26VFTg2z8YR0cCuwLzESi2	Halsey	['electropop', 'etherpop', 'indie poptimism', 'pop']	[2017, 2018, 2019, 2020, 2021]	27	15
2Mp409M6EpFr3kGdQ1mwjS	Sabina Ddumba	['swedish idol pop', 'swedish pop']	[2017, 2018, 2019, 2020, 2021]	27	8
6RJXSfbIkEMoCJ8GAg2dVO	Victor Leksell	['swedish idol pop', 'swedish pop']	[2018, 2019, 2020, 2021, 2022]	27	10
7jVv8c5Fj3E9VhNjxT4snq	Lil Nas X	['lgbtq+ hip hop']	[2019, 2020, 2021, 2022]	27	13
3E8Mx37sikkaFoX5DRecLi	Oskar Linnros	['swedish pop', 'swedish soul']	[2017, 2018, 2019, 2020, 2021, 2022]	26	6
55Aa2cqylxrFIXC767Z865	Lil Wayne	['hip hop', 'new orleans rap', 'pop rap', 'rap', 'trap']	[2017, 2018, 2019, 2020, 2021, 2022]	26	24
3AVfmawzu83sp94QW7CEGm	Astrid S	['alt z', 'norwegian pop', 'pop', 'uk pop']	[2017, 2018, 2019, 2020, 2021]	26	8
4npEfmQ6YuiwW1GpUmaq3F	Ava Max	['pop']	[2018, 2019, 2020, 2021, 2022]	26	7
6S2OmqARrzebs0tKUEyXyp	Demi Lovato	['pop', 'post-teen pop']	[2017, 2018, 2019, 2020, 2021]	26	14
2Dor6diK1zw9BEluKBOdoA	23	['swedish drill', 'swedish hip hop', 'swedish trap pop']	[2021, 2022]	26	15
2o5jDhtHVPhrJdv3cEQ99Z	Tiësto	['big room', 'brostep', 'dutch edm', 'edm', 'house', 'pop dance', 'slap house', 'trance']	[2017, 2018, 2019, 2020, 2021, 2022]	25	23
4IWBUUAFIplrNtaOHcJPRM	James Arthur	['pop', 'talent show', 'uk pop']	[2017, 2018, 2019, 2020, 2021, 2022]	25	7
1zNqQNIdeOUZHb8zbZRFMX	Swae Lee	['melodic rap', 'rap', 'trap']	[2017, 2018, 2019, 2020, 2021]	25	25
2u8P7EawurNYoIzRtr5Knk	Norlie & KKV	['swedish idol pop', 'swedish pop']	[2017, 2018, 2019, 2020, 2021, 2022]	25	3
30j6YCWLSp59jLF7yIYZWq	Magnus Uggla	['classic swedish pop', 'swedish pop']	[2017, 2018, 2019, 2020, 2021]	25	0
2fVW2ix4ANKiofDZIsy1XR	Vargas & Lagola	['swedish pop']	[2017, 2018, 2019, 2020, 2021]	25	10
21egYD1eInY6bGFcniCRT1	First Aid Kit	['swedish americana', 'swedish country']	[2017, 2018, 2020, 2021, 2022]	25	5
4bZ30evEi5vMG1A3xdW8U2	Fricky	['norrlandsk hip hop', 'swedish hip hop', 'swedish pop', 'swedish pop rap']	[2018, 2019, 2020, 2021]	25	14
6KImCVD70vtIoJWnq6nGn3	Harry Styles	['pop']	[2017, 2018, 2019, 2020, 2021]	25	0
6Xln2zf2OkGDhFKUQcw1yB	JB	['swedish drill', 'swedish gangsta rap', 'swedish hip hop', 'swedish trap', 'swedish trap pop']	[2020, 2021, 2022]	25	10
4TdxMK2fOY7eOBvgtDwbVC	Mares	['swedish idol pop', 'swedish pop', 'uppsala indie']	[2017, 2018, 2019, 2020, 2021, 2022]	24	0
3P6ePaE5unCm7vjccfcBAe	Markus Krunegård	['swedish pop', 'swedish singer-songwriter']	[2018, 2019, 2020, 2021]	24	4
6iNTGd6T0cxg1H8IIaZTlt	Thrife	['swedish gangsta rap', 'swedish hip hop', 'swedish trap', 'swedish trap pop']	[2018, 2019, 2020, 2021, 2022]	24	15
62QZPjYQMoo5g56FP9Webq	Laleh	['swedish pop']	[2017, 2018, 2019, 2020, 2021, 2022]	24	0
5YGY8feqx7naU7z4HrwZM6	Miley Cyrus	['pop']	[2017, 2018, 2019, 2020, 2021]	24	10
04gDigrS5kc9YWfZHwBETP	Maroon 5	['pop']	[2017, 2018, 2019, 2020, 2021]	24	18
4O15NlyKLIASxsJ0PrXPfz	Lil Uzi Vert	['melodic rap', 'philly rap', 'rage rap', 'rap', 'trap']	[2017, 2018, 2019, 2020, 2021]	24	12
1iAQ8OLfuXk1oOhZWUkvOR	Rami	['swedish gangsta rap', 'swedish hip hop', 'swedish trap pop']	[2018, 2019, 2020, 2021, 2022]	24	18
2feDdbD5araYcm6JhFHHw7	Labrinth	['indie poptimism', 'pop']	[2017, 2018, 2019, 2020, 2021, 2022]	23	16
1VBflYyxBhnDc9uVib98rw	Icona Pop	['candy pop', 'dance pop', 'electropop', 'metropopolis', 'swedish electropop', 'swedish synthpop']	[2017, 2018, 2019, 2020, 2021, 2022]	23	11
4tSx9oXscGCVaVXEhH86qp	Blizzy	['swedish gangsta rap', 'swedish hip hop', 'swedish trap pop']	[2017, 2018, 2019, 2020, 2021, 2022]	23	16
25uiPmTg16RbhZWAqwLBy5	Charli XCX	['art pop', 'candy pop', 'metropopolis', 'pop', 'uk pop']	[2017, 2018, 2019, 2021, 2022]	23	18
6NEj7qdWpQXSeiST36X7ES	Simon Superti	['swedish hip hop', 'swedish trap', 'swedish trap pop']	[2018, 2019, 2020, 2021, 2022]	23	23
25u4wHJWxCA9vO0CzxAbK7	Lukas Graham	['danish pop', 'scandipop']	[2017, 2018, 2019, 2020, 2021]	23	9
1KCSPY1glIKqW2TotWuXOR	P!nk	['dance pop', 'pop']	[2017, 2018, 2019, 2020, 2021, 2022]	23	9
6eWjyO1r0QlvsIuIIcgGxI	C.Gambino	['swedish gangsta rap', 'swedish hip hop', 'swedish trap pop']	[2019, 2020, 2021, 2022]	23	3
5CCwRZC6euC8Odo6y9X8jr	Rita Ora	['dance pop', 'pop', 'uk pop']	[2017, 2018, 2019, 2020, 2021]	22	14
6jJ0s89eD6GaHleKKya26X	Katy Perry	['pop']	[2017, 2018, 2019, 2020, 2021, 2022]	22	10
1zNqDE7qDGCsyzJwohVaoX	Anne-Marie	['pop']	[2017, 2018, 2019, 2020, 2021]	22	14
5JYo7gm2dkyLLlWHjxS7Dy	Sandro Cavazza	['swedish pop']	[2017, 2018, 2019, 2020, 2021, 2022]	22	14
5Pwc4xIPtQLFEnJriah9YJ	OneRepublic	['piano rock', 'pop']	[2017, 2018, 2019, 2020, 2021, 2022]	22	7
5ZsFI1h6hIdQRw2ti0hz81	ZAYN	['pop', 'uk pop']	[2017, 2018, 2019, 2020, 2021]	22	10
3tLYpanVDomWAZqF82NPds	Vigiland	['deep pop edm', 'electronic trap']	[2017, 2018, 2019, 2020]	22	13
2QSPrJfYeRXaltEEiriXN9	Tove Styrke	['electropop', 'swedish electropop', 'swedish pop', 'swedish synthpop']	[2017, 2018, 2019, 2020, 2021, 2022]	22	7
0uuwZ3aC3dhl9e7J66Ag13	B.Baby	['swedish gangsta rap', 'swedish hip hop', 'swedish trap', 'swedish trap pop']	[2020, 2021, 2022]	22	11
4SqTiwOEdYrNayaGMkc7ia	LÉON	['indie poptimism', 'metropopolis']	[2017, 2018, 2019, 2020, 2021, 2022]	21	3
0VRj0yCOv2FXJNP47XQnx5	Quavo	['atl hip hop', 'melodic rap', 'rap', 'trap']	[2017, 2018, 2019, 2020]	21	21
4LyMWxYfZfeNcAl6vbEmQ3	ARAM Mafia	['swedish trap pop']	[2017, 2018, 2019, 2020, 2021, 2022]	21	21
5iNrZmtVMtYev5M9yoWpEq	Seeb	['pop dance']	[2017, 2018, 2019, 2020, 2021]	21	21
07YZf4WDAMNwqr4jfgOZ8y	Jason Derulo	['dance pop', 'pop']	[2017, 2018, 2019, 2020, 2021, 2022]	21	16
3WnmyxLdTHKN83h75tcb8P	Anis Don Demina	['fotbollslatar', 'swedish pop', 'swedish pop rap']	[2017, 2018, 2019, 2020, 2021]	21	15
3D0rwfKngK6Rr80niHDLP7	Denz	['swedish gangsta rap', 'swedish hip hop', 'swedish trap', 'swedish trap pop']	[2017, 2018, 2019, 2020, 2021]	21	13
3e7awlrlDSwF3iM0WBjGMp	Little Mix	['girl group', 'pop', 'talent show', 'uk pop']	[2017, 2018, 2019, 2020, 2021, 2022]	21	9
4XW87HXcsYTkdK7IhSy2Kt	HAVAL	['swedish gangsta rap', 'swedish hip hop', 'swedish trap', 'swedish trap pop']	[2018, 2019, 2020, 2021, 2022]	21	18
7bXgB6jMjp9ATFy66eO08Z	Chris Brown	['r&b', 'rap']	[2017, 2018, 2019, 2020, 2021]	21	16
3fA5zBQWEa0uzYo43SvXaj	Peter Jöback	['classic swedish pop', 'swedish pop']	[2017, 2018, 2019, 2020, 2021]	21	0
5cj0lLjcoR7YOSnhnX0Po5	Doja Cat	['dance pop', 'pop']	[2019, 2020, 2021, 2022]	21	10
6AgTAQt8XS6jRWi4sX7w49	Polo G	['chicago rap', 'rap']	[2019, 2020, 2021]	21	14
0Q5gLNKbp5mpfEvquAaHCl	Owen	['swedish gangsta rap', 'swedish hip hop', 'swedish trap', 'swedish trap pop']	[2019, 2020, 2021, 2022]	21	6
3t5xRXzsuZmMDkQzgOX35S	Robin Schulz	['deep euro house', 'deep house', 'edm', 'german dance', 'pop dance', 'tropical house']	[2017, 2018, 2019, 2020, 2021, 2022]	20	20
31KGMx2XwpugdUpJzeZOv1	Naod	['swedish drill', 'swedish hip hop', 'swedish trap pop']	[2017, 2018, 2019, 2020, 2021, 2022]	20	7
5f7VJjfbwm532GiveGC0ZK	Lil Baby	['atl hip hop', 'atl trap', 'rap', 'trap']	[2018, 2019, 2020, 2021, 2022]	20	20
2M6dCv6FDYMum9nPnNB5Vy	FELIX SANDMAN	['swedish idol pop', 'swedish pop']	[2018, 2019, 2020, 2021]	20	6
02kJSzxNuaWGqwubyUba0Z	G-Eazy	['indie pop rap', 'oakland hip hop', 'pop rap', 'rap']	[2017, 2018, 2019, 2020, 2021]	20	19
6VuMaDnrHyPL1p4EHjYLi7	Charlie Puth	['pop', 'viral pop']	[2017, 2018, 2019, 2020, 2021, 2022]	20	9
7iW0o1suit8xY24m9M5L0u	De Vet Du	['fotbollslatar', 'swedish eurodance', 'swedish pop']	[2017, 2018, 2019, 2020, 2021]	20	4
0du5cEVh5yTK9QJze8zA0C	Bruno Mars	['dance pop', 'pop']	[2017, 2018, 2019, 2020, 2021]	20	16
0QHgL1lAIqAw0HtD7YldmP	DJ Khaled	['hip hop', 'miami hip hop', 'pop rap', 'rap']	[2017, 2018, 2019, 2020, 2021]	20	20
5tVyieWwN9j09jXUovK2zN	Danny Saucedo	['classic swedish pop', 'swedish idol pop', 'swedish pop']	[2017, 2018, 2019, 2020, 2021]	20	8
1Mw40k757jZuiL0NIJpdO5	GULEED	['swedish drill', 'swedish gangsta rap', 'swedish hip hop', 'swedish trap', 'swedish trap pop']	[2018, 2019, 2020, 2021, 2022]	20	6
2PBhJmRqee1QAyQU2kBu1H	Thåström	['classic swedish pop', 'swedish americana', 'swedish punk']	[2017, 2021]	20	2
4QcudLddRQCbX8wrs6i2Gt	A36	['swedish hip hop', 'swedish trap pop']	[2020, 2021, 2022]	20	10
6HYjkczJfUdGcwIGPOq5P2	Myra Granberg	['swedish idol pop', 'swedish pop']	[2019, 2020, 2021, 2022]	20	7
0tOdy7SqogILIjzGU2hSr5	Melissa Horn	['classic swedish pop', 'swedish pop']	[2019, 2021, 2022]	20	3
2Osj5g9VkHReOlZgfoEQao	estraden	['swedish pop']	[2018, 2019, 2020, 2021, 2022]	19	8
6vXTefBL93Dj5IqAWq6OTv	French Montana	['hip hop', 'pop rap', 'rap', 'southern hip hop', 'trap']	[2017, 2018, 2019]	19	19
5y2Xq6xcjJb2jVM54GHK3t	John Legend	['neo soul', 'pop', 'pop soul', 'urban contemporary']	[2017, 2018, 2019, 2020, 2021, 2022]	19	12
1rKFeRryEci6cxNkdvHzNr	Darin	['classic swedish pop', 'swedish idol pop', 'swedish pop']	[2017, 2018, 2019, 2020, 2021, 2022]	19	0
0qeei9KQnptjwb8MgkqEoy	Linda Pira	['swedish hip hop', 'swedish trap pop']	[2017, 2018, 2019, 2020]	19	13
13ubrt8QOOCPljQ2FL1Kca	A$AP Rocky	['east coast hip hop', 'hip hop', 'rap', 'trap']	[2017, 2018, 2019, 2021]	19	15
1OHba9a2SK2KcJmJgkGQZO	JUNG	['swedish pop']	[2018, 2019, 2020, 2021, 2022]	19	4
7DMveApC7UnC2NPfPvlHSU	Cheat Codes	['edm', 'pop', 'pop dance']	[2017, 2018, 2019, 2021, 2022]	19	18
3TVjdmhfFoYJLgBEkkZTBm	John De Sohn	['deep pop edm', 'pop dance', 'swedish tropical house']	[2017, 2018, 2019, 2020, 2021]	19	10
3fpHdW8mp95bOCzRLcauZm	Emil Assergård	['danspunk', 'swedish eurodance', 'swedish pop']	[2017, 2018, 2019, 2020, 2021, 2022]	19	0
2vduakOON9BipyWkPSBo4S	Manny Flaco	['swedish hip hop', 'swedish trap pop']	[2020, 2021]	19	19
0XNvr6bnNywV946ZKaJtr0	Joakim Lundell	['swedish pop']	[2017, 2018, 2019, 2020]	18	13
4X0v8sFoDZ6rIfkeOeVm2i	Seinabo Sey	['swedish electropop', 'swedish soul']	[2017, 2018, 2019, 2020, 2021]	18	9
3PhoLpVuITZKcymswpck5b	Elton John	['glam rock', 'mellow gold', 'piano rock', 'rock']	[2017, 2018, 2019, 2020, 2021, 2022]	18	13
2wUjUUtkb5lvLKcGKsKqsR	Alessia Cara	['canadian contemporary r&b', 'canadian pop', 'pop']	[2017, 2018, 2019, 2020, 2021]	18	7
7jy3rLJdDQY21OgRLCZ9sD	Foo Fighters	['alternative metal', 'alternative rock', 'modern rock', 'permanent wave', 'post-grunge', 'rock']	[2017, 2018, 2020, 2021]	18	0
2kCcBybjl3SAtIcwdWpUe3	Lil Peep	['cloud rap', 'emo rap', 'lgbtq+ hip hop']	[2017, 2018, 2019]	18	4
2hlmm7s2ICUX0LVIhVFlZQ	Gunna	['atl hip hop', 'melodic rap', 'rap', 'trap']	[2018, 2019, 2020, 2021, 2022]	18	18
7yptUupX4aIIkXwXhggAgk	Macky	['swedish gangsta rap', 'swedish hip hop', 'swedish trap', 'swedish trap pop']	[2018, 2019, 2020, 2021]	18	8
3uFum0NCM1PtmCO0MwsOAt	Carola	['classic swedish pop', 'swedish pop']	[2017, 2018, 2019, 2020, 2021, 2022]	18	2
4Lw6zDFtDp7WVblSAXcQdW	Ana Diaz	['swedish pop']	[2017, 2018, 2019, 2020, 2021]	18	2
2XnBwblw31dfGnspMIwgWz	Axwell /\ Ingrosso	['edm', 'pop dance', 'progressive electro house']	[2017, 2018, 2019]	18	7
7uFKjNp91YjtXbNQTdNQlW	Barnens favoriter	['barnmusik']	[2018, 2020, 2021]	18	18
02qYOFsU9H00j1hfxWxCNU	Barnmusik	['barnmusik']	[2018, 2020, 2021]	18	18
4q0YUXFZsix1A9WACG7tfj	Svenska barnsånger	['barnmusik']	[2018, 2020, 2021]	18	18
5LHRHt1k9lMyONurDHEdrp	Tyga	['hip hop', 'pop rap', 'rap', 'trap']	[2017, 2018, 2019, 2020, 2021]	18	16
49CE2ffZ6Z3zeYSDauSKck	Tungevaag	['big room', 'nordic house']	[2017, 2018, 2019, 2020, 2021]	18	16
2kSCHFK5uErN4BO7IkTrHK	Lov1	[]	[2019, 2020, 2021, 2022]	18	1
4r63FhuTkUYltbVAg5TQnk	DaBaby	['hip hop', 'north carolina hip hop', 'rap', 'trap']	[2019, 2020, 2021, 2022]	18	14
6IfZesOI3vKCZy8pjzVknj	Albin Johnsén	['swedish idol pop', 'swedish pop', 'swedish pop rap']	[2017, 2018, 2019, 2020, 2021]	17	6
0SfsnGyD8FpIN4U4WCkBZ5	Armin van Buuren	['dutch house', 'dutch trance', 'edm', 'pop dance', 'progressive house', 'trance']	[2018, 2019, 2020, 2021, 2022]	17	13
0B3N0ZINFWvizfa8bKiz4v	James TW	['british singer-songwriter']	[2017, 2018, 2019, 2020, 2021]	17	0
711MCceyCBcFnzjGY4Q7Un	AC/DC	['australian rock', 'hard rock', 'rock']	[2017, 2018, 2020, 2021]	17	0
6TIYQ3jFPwQSRmorSezPxX	Machine Gun Kelly	['ohio hip hop', 'pop rap']	[2017, 2018, 2019, 2020, 2021, 2022]	17	14
2Tg0aF5cbZktYFzgR1iAKv	Julie Bergan	['norwegian pop']	[2017, 2018, 2019, 2020, 2021]	17	10
4ehtJnVumNf6xzSCDk8aLB	Martin Jensen	['danish electronic', 'edm', 'pop dance']	[2017, 2018, 2019, 2020, 2021]	17	14
6MDME20pz9RveH9rEXvrOM	Clean Bandit	['pop', 'uk dance', 'uk funky']	[2017, 2018, 2019, 2020, 2021, 2022]	17	17
3pvc2tagjnl9pGIi6BBfIS	SINAN	['swedish gangsta rap', 'swedish hip hop', 'swedish trap pop']	[2018, 2019, 2020, 2021]	17	6
5wOlRsRt9ggoBDjjmhaF7x	Albatraoz	['danspunk', 'swedish eurodance', 'swedish pop rap']	[2020, 2021, 2022]	17	7
74terC9ol9zMo8rfzhSOiG	Jakob Hellman	['classic swedish pop', 'norrbotten indie']	[2020, 2021]	17	0
4bOG1sx3QHFbOUVLNmMpPe	Timbuktu	['classic swedish pop', 'skansk musik', 'swedish hip hop', 'swedish pop', 'swedish pop rap']	[2019, 2020, 2021]	17	8
00PLVqZ4oaOmbI4lacLUBO	Stiftelsen	['classic swedish pop', 'swedish pop']	[2017, 2018, 2019, 2020, 2021, 2022]	16	1
13y7CgLHjMVRMDqxdx0Xdo	Gucci Mane	['atl hip hop', 'dirty south rap', 'hip hop', 'pop rap', 'rap', 'southern hip hop', 'trap']	[2017, 2018, 2019]	16	16
1i8SpTcr7yvPOmcqrbnVXY	Ozuna	['puerto rican pop', 'reggaeton', 'trap latino', 'urbano latino']	[2017, 2018, 2019, 2020, 2021]	16	15
14vNE9iqS5eGAL6OogiN8g	Silvana Imam	['swedish hip hop', 'swedish pop']	[2017, 2018, 2019, 2020]	16	8
5pKCCKE2ajJHZ9KAiaK11H	Rihanna	['barbadian pop', 'pop', 'urban contemporary']	[2017, 2018, 2020]	16	11
2lLqHBjAnD1QyH24pOPoH6	Peg Parnevik	['swedish pop']	[2017, 2018, 2019, 2020, 2021]	16	2
6IuS73qKuYfrYqA5g5iq0h	Imenella	['swedish dancehall', 'swedish hip hop', 'swedish trap pop']	[2018, 2019, 2020, 2021, 2022]	16	10
07uDVtXpkJl9IIqMRCwrOf	Young Earth Sauce	['norrlandsk hip hop']	[2018, 2019, 2020, 2021]	16	16
4Q6nIcaBED8qUel8bBx6Cr	Jax Jones	['dance pop', 'edm', 'house', 'pop dance', 'uk dance', 'uk pop']	[2017, 2018, 2019, 2020, 2021, 2022]	16	16
1ZrBGJWLL8NiAjgNifCy90	Smith & Thell	['swedish pop']	[2018, 2019, 2020, 2021, 2022]	16	5
4AVFqumd2ogHFlRbKIjp1t	Alesso	['dance pop', 'edm', 'electro house', 'pop', 'pop dance', 'progressive electro house']	[2017, 2018, 2019, 2020, 2021, 2022]	16	12
0NGAZxHanS9e0iNHpR8f2W	Alok	['electro house', 'pop nacional', 'sertanejo universitario', 'slap house']	[2017, 2018, 2019, 2020, 2021, 2022]	16	16
4bL2B6hmLlMWnUEZnorEtG	Felix Jaehn	['edm', 'german dance', 'pop dance', 'tropical house']	[2017, 2018, 2019, 2020, 2021]	16	16
4C86wrjOUfXQDlt6A4oJOC	Daniel Adams-Ray	['swedish pop']	[2017, 2018, 2019, 2020, 2021, 2022]	16	3
0L5fC7Ogm2YwgqVCRcF1bT	Volbeat	['danish metal', 'danish rock']	[2017, 2019, 2021]	16	4
54tAGj0D5DRj7wKZdgALnq	Yei Gonzalez	['swedish hip hop', 'swedish trap pop']	[2019, 2020, 2021, 2022]	16	15
7lKk7yXNockkDjhb1GCeOy	Dizzy	['swedish drill', 'swedish gangsta rap', 'swedish hip hop', 'swedish trap', 'swedish trap pop']	[2019, 2020, 2021, 2022]	16	11
3oJjZweJo9yqNFnKBTlgm0	Gee Dixon	['swedish gangsta rap', 'swedish hip hop', 'swedish trap pop']	[2017, 2018, 2019, 2020]	15	8
2RdwBSPQiwcmiDo9kixcl8	Pharrell Williams	['dance pop', 'pop']	[2017, 2018, 2020, 2021, 2022]	15	13
65OPXmm2nfPvaX1fjHo8kR	Uno Svenningsson	['classic swedish pop', 'swedish pop']	[2017, 2018, 2019, 2020, 2021, 2022]	15	3
6SsTlCsuCYleNza6xGwynu	Agnes	['swedish electropop', 'swedish idol pop', 'swedish pop']	[2017, 2018, 2019, 2020, 2021, 2022]	15	6
3B2Q6VDxVx3WMP620Nk4GH	Frej Larsson	['fotbollslatar', 'swedish hip hop', 'swedish pop rap']	[2017, 2018, 2019, 2020, 2021]	15	15
0GYJScAPulF6GTFYJOpHVr	SAMI	['swedish hip hop', 'swedish trap pop']	[2017, 2018, 2019, 2020, 2021, 2022]	15	13
0X2BH1fck6amBIoJhDVmmJ	Ellie Goulding	['indietronica', 'metropopolis', 'pop', 'uk pop']	[2017, 2018, 2019, 2020, 2021]	15	7
5KKpBU5eC2tJDzf0wmlRp2	RAYE	['uk contemporary r&b', 'uk pop']	[2017, 2018, 2019, 2020, 2021]	15	13
540vIaP2JwjQb9dm3aArA4	DJ Snake	['edm', 'electronic trap', 'pop', 'pop dance']	[2017, 2018, 2019, 2020, 2021]	15	14
0rJEJ9T9JwC6ajdnMeqREY	Kaliffa	['swedish dancehall', 'swedish hip hop', 'swedish reggae', 'swedish trap pop']	[2017, 2018, 2019, 2020, 2021]	15	5
4YXycRbyyAE0wozTk7QMEq	Matoma	['pop dance', 'tropical house']	[2017, 2018, 2019, 2020, 2021]	15	15
1IxP1g9VrPzJqXFCsuyHKe	Måns Zelmerlöw	['swedish idol pop', 'swedish pop']	[2017, 2018, 2019, 2020, 2021]	15	5
1qC3LsWlbrRCPVRooOX81u	Arvingarna	['classic swedish pop', 'dansband', 'swedish pop']	[2017, 2018, 2019, 2020, 2021, 2022]	15	0
19HFRWmRCl27kTk6LeqAO8	MORTEN	['danish electronic', 'scandipop']	[2017, 2019, 2020, 2021, 2022]	15	15
4V8LLVI7PbaPR0K2TGSxFF	Tyler, The Creator	['hip hop', 'rap']	[2017, 2019, 2021, 2022]	15	5
6icQOAFXDZKsumw3YXyusw	Lil Yachty	['atl hip hop', 'melodic rap', 'rap', 'trap']	[2017, 2018, 2020]	14	14
1GxkXlMwML1oSg5eLPiAz3	Michael Bublé	['adult standards', 'canadian pop', 'jazz pop', 'lounge']	[2017, 2018, 2019, 2020, 2021]	14	2
5Rl15oVamLq7FbSb0NNBNy	5 Seconds of Summer	['boy band', 'pop']	[2018, 2019, 2020]	14	3
6ZjFtWeHP9XN7FeKSUe80S	Bing Crosby	['adult standards', 'easy listening', 'lounge']	[2017, 2018, 2019, 2020, 2021]	14	4
3N4FiTxpPQRsrihmTMN349	Marcus & Martinus	['mgpjr', 'norwegian pop']	[2017, 2018]	14	5
4SR9oxWziAoPR4kTrekBi6	Samir & Viktor	['swedish pop']	[2017, 2018, 2019, 2020, 2021]	14	4
5t28BP42x2axFnqOOMg3CM	Five Finger Death Punch	['alternative metal', 'groove metal', 'nu metal']	[2018, 2020]	14	0
3GtCKJA4SkOxN65MWjm82R	Hot Shade	[]	[2017, 2018, 2019, 2021]	14	13
7eCmccnRwPmRnWPw61x6jM	shy martin	['alt z', 'swedish electropop']	[2017, 2018, 2019, 2020, 2021]	14	6
3JhNCzhSMTxs9WLGJJxWOY	Macklemore	['pop rap', 'seattle hip hop']	[2017, 2018, 2019, 2020, 2021, 2022]	14	14
5jAMCwdNHWr7JThxtMuEyy	NOTD	['electropop', 'pop dance', 'pop edm']	[2017, 2018, 2019, 2020]	14	14
4kYGAK2zu9EAomwj3hXkXy	JP Cooper	['uk pop']	[2017, 2018, 2019, 2020, 2021]	14	5
20gsENnposVs2I4rQ5kvrf	Sam Feldt	['edm', 'pop dance', 'tropical house']	[2017, 2018, 2019, 2020, 2021]	14	14
1MIVXf74SZHmTIp4V4paH4	Mabel	['pop', 'uk pop']	[2018, 2019, 2020, 2021]	14	6
3wyVrVrFCkukjdVIdirGVY	Lil Pump	['emo rap', 'miami hip hop', 'pop rap', 'rap', 'trap']	[2017, 2018, 2019]	14	7
4zGH6gaO4NohcfCXZ31bQG	Eric Saade	['swedish idol pop', 'swedish pop']	[2017, 2018, 2019, 2020, 2021]	14	1
4KXp3xtaz1wWXnu5u34eVX	kent	['classic swedish pop', 'swedish alternative rock', 'swedish indie rock', 'swedish pop']	[2017, 2018, 2019, 2020, 2021, 2022]	14	0
1Hsdzj7Dlq2I7tHP7501T4	Niall Horan	['pop']	[2017, 2018, 2019, 2020, 2021]	14	2
4kKkAIpkNWG3XpUIl9yENt	24K	['swedish drill', 'swedish gangsta rap', 'swedish hip hop', 'swedish trap', 'swedish trap pop']	[2018, 2019, 2020, 2021]	14	8
4wsqTX9xCVoObzRPvjoV4H	DnoteOnDaBeat	['swedish hip hop', 'swedish trap pop']	[2019, 2020, 2021, 2022]	14	14
1McMsnEElThX1knmY4oliG	Olivia Rodrigo	['pop']	[2020, 2021, 2022]	14	1
2tIP7SsRs7vjIcLrU85W8J	The Kid LAROI	['australian hip hop']	[2020, 2021, 2022]	14	10
2NjfBq1NflQcKSeiDooVjY	Tones And I	['australian pop']	[2019, 2020, 2021, 2022]	14	0
6wWVKhxIU2cEi0K81v7HvP	Rammstein	['german metal', 'industrial', 'industrial metal', 'industrial rock', 'neue deutsche harte']	[2019, 2022]	14	0
1IueXOQyABrMOprrzwQJWN	Sigala	['dance pop', 'edm', 'pop dance', 'uk dance', 'uk pop']	[2017, 2018, 2019, 2020, 2021, 2022]	13	12
6zpub6jbY6CdrcqQsDq8P4	Ted Gärdestad	['classic swedish pop', 'swedish pop']	[2017, 2018, 2019, 2020, 2021]	13	0
31TPClRtHm23RisEBtV3X7	Justin Timberlake	['dance pop', 'pop']	[2017, 2018, 2019, 2020]	13	5
55fhWPvDiMpLnE4ZzNXZyW	Noah Cyrus	['alt z', 'pop']	[2017, 2018, 2019, 2020]	13	9
25tMQOrIU4LlUo6Sv8v5SE	Gavin James	['irish pop']	[2017, 2018, 2020]	13	5
7gAppWoH7pcYmphCVTXkzs	The Vamps	['boy band', 'pop']	[2017, 2018, 2019]	13	13
5p7f24Rk5HkUZsaS3BLG5F	Hailee Steinfeld	['pop']	[2017, 2018, 2019]	13	11
3jK9MiCrA42lLAdMGUZpwa	Anderson .Paak	['escape room', 'hip hop', 'indie soul', 'neo soul']	[2017, 2018, 2020, 2021]	13	13
5pUo3fmmHT8bhCyHE52hA6	Liam Payne	['pop']	[2017, 2018, 2019, 2020, 2021]	13	10
3YQKmKGau1PzlVlkL1iodx	Twenty One Pilots	['modern rock', 'pop', 'pov: indie', 'rock']	[2017, 2018, 2020, 2021]	13	0
3ldCASdD4QRyfTt6lpPn6y	Parham	['gothenburg hip hop', 'swedish hip hop', 'swedish pop rap']	[2017, 2018, 2019, 2020, 2021]	13	4
0cGUm45nv7Z6M6qdXYQGTX	Kehlani	['pop', 'r&b']	[2017, 2018, 2019, 2020]	13	13
2SrSdSvpminqmStGELCSNd	Stormzy	['grime', 'uk hip hop']	[2017, 2018, 2019, 2020, 2021]	13	11
5pXe6yFchq1oyYK3rq2A8i	KIDDO	['scandipop']	[2017, 2018, 2019, 2020, 2021, 2022]	13	10
5rGrDvrLOV2VV8SCFVGWlj	Imanbek	['electro house', 'pop dance', 'slap house']	[2019, 2020, 2021, 2022]	13	13
1l2NYhptmHjo64MDOcej1x	LOVA	['swedish pop']	[2019, 2020, 2021, 2022]	13	3
2qxJFvFYMEDqd7ui6kSAcq	Zedd	['complextro', 'edm', 'german techno', 'pop', 'pop dance']	[2017, 2018, 2019, 2020]	12	12
1tR8hI9nP55dVOK0DBvWbU	Nineb Youk	['swedish hip hop', 'swedish trap pop']	[2018, 2019, 2020, 2021]	12	9
1r4hJ1h58CWwUQe3MxPuau	Maluma	['latin pop', 'reggaeton', 'reggaeton colombiano', 'urbano latino']	[2017, 2018, 2019, 2020]	12	10
4vmyAixlpiovF3wJ5MSxfJ	Jiggz	['swedish gangsta rap', 'swedish hip hop', 'swedish trap pop']	[2018, 2019, 2020, 2021]	12	10
0bdfiayQAKewqEvaU6rXCv	MØ	['danish pop', 'electropop', 'pop', 'pop dance']	[2017, 2018]	12	7
5V0MlUE1Bft0mbLlND7FJz	Ella Fitzgerald	['adult standards', 'jazz', 'jazz blues', 'soul', 'swing', 'vocal jazz']	[2017, 2018, 2019, 2020, 2021]	12	2
6oBm8HB0yfrIc9IHbxs6in	Lykke Li	['art pop', 'electropop', 'indietronica', 'neo-synthpop', 'swedish electropop', 'swedish indie pop', 'swedish pop']	[2018, 2019, 2020]	12	4
5dSnbLNmUdguVNTAV5Ctk1	Chris Kläfford	[]	[2017, 2018, 2019, 2020]	12	0
0hEurMDQu99nJRq8pTxO14	John Mayer	['neo mellow', 'singer-songwriter']	[2017, 2018, 2019, 2021]	12	1
5CiGnKThu5ctn9pBxv7DGa	benny blanco	['pop']	[2018, 2019, 2020, 2021]	12	12
0NyrvUybTePmsuED5vZi4G	Den svenska björnstammen	['swedish electropop', 'swedish pop']	[2017, 2018, 2019, 2020, 2021, 2022]	12	1
6RHKEd9dpzQ4c09x8Zdaxu	Clara Mae	['alt z', 'swedish pop']	[2017, 2018, 2019, 2020, 2021]	12	8
3Isy6kedDrgPYoTS1dazA9	Sean Paul	['dance pop', 'dancehall', 'pop', 'pop rap']	[2017, 2018, 2019, 2020, 2021]	12	12
4XLISC9SzRTcR34fosyMtw	STOR	['swedish gangsta rap', 'swedish hip hop']	[2017, 2018, 2019, 2020, 2021, 2022]	12	9
1Mxqyy3pSjf8kZZL4QVxS0	Frank Sinatra	['adult standards', 'easy listening', 'lounge']	[2017, 2018, 2019, 2020, 2021]	12	2
6JL8zeS1NmiOftqZTRgdTz	Meghan Trainor	['hip pop', 'pop']	[2017, 2018, 2019, 2020, 2021]	12	4
77AiFEVeAVj2ORpC85QVJs	Steve Aoki	['edm', 'electro house', 'pop dance']	[2017, 2018, 2019, 2020, 2021]	12	12
0TnOYISbd1XYRBk9myaseg	Pitbull	['dance pop', 'miami hip hop', 'pop']	[2017, 2018, 2019, 2020, 2021]	12	11
42TbHQxJ8d94CD93vAoDgl	Oscar Zia	['swedish idol pop', 'swedish pop']	[2018, 2019, 2020, 2021]	12	3
5CPsScBTPYY11Lv4Eb7k4t	Dotter	['swedish pop']	[2017, 2018, 2019, 2020, 2021, 2022]	12	4
4YZ9Me6cB52GpYwzaC2MQN	Masse	['swedish hip hop', 'swedish trap pop', 'swedish underground rap']	[2018, 2019, 2020, 2021, 2022]	12	12
5QcMPl2wzC4KqivjfcyBIU	VC Barre	['swedish hip hop', 'swedish trap pop']	[2020, 2021, 2022]	12	9
6fWVd57NKTalqvmjRd2t8Z	24kGoldn	['cali rap']	[2019, 2020, 2021, 2022]	12	8
3O6DpqAKwn7L1KS9s9x0w5	GAMMAL	['swedish pop']	[2019, 2020, 2021, 2022]	12	2
7EQ0qTo7fWT7DPxmxtSYEc	Bastille	['metropopolis', 'modern rock', 'pop']	[2017, 2018, 2019, 2020, 2021, 2022]	11	4
4ScCswdRlyA23odg9thgIO	Jess Glynne	['pop', 'uk pop']	[2017, 2018, 2019]	11	4
31W5EY0aAly4Qieq6OFu6I	A Boogie Wit da Hoodie	['melodic rap', 'rap', 'trap']	[2018, 2019, 2020, 2021]	11	10
2QDnY1LY2mnzeeKGZLHoc7	Lorentz	['swedish hip hop', 'swedish pop rap']	[2017, 2018, 2020]	11	5
4V8Sr092TqfHkfAA5fXXqG	Luis Fonsi	['latin pop', 'puerto rican pop']	[2017, 2018, 2019, 2021]	11	11
4VMYDCV2IEDYJArk749S6m	Daddy Yankee	['latin hip hop', 'reggaeton', 'trap latino', 'urbano latino']	[2017, 2018, 2019]	11	9
0cAOG10Gh3ORpBRZ9c7Zam	Markoolio	['fotbollslatar', 'swedish eurodance', 'swedish pop']	[2017, 2018, 2019, 2020, 2021]	11	0
4GvEc3ANtPPjt1ZJllr5Zl	Bazzi	['pop']	[2018, 2019]	11	2
3Rjud126EhtcSDte9lORR7	Movits!	['norrlandsk hip hop', 'swedish pop rap']	[2018, 2019, 2021]	11	7
4QvI3PrYRXq9A2UbeQAKH6	Elias Abbas	['swedish hip hop', 'swedish trap pop']	[2017, 2018, 2019, 2020]	11	8
6Pm0evhKSUGTGYDxzpGGKf	Sarah Klang	['swedish americana', 'swedish indie pop', 'swedish pop']	[2018, 2019, 2020, 2021]	11	1
6R21HSNyo7HVac8pyqY3T2	Tommy Körberg	['classic swedish pop']	[2017, 2018, 2019, 2020, 2021, 2022]	11	4
1SU2pMMSbU1hqWyFXp97Br	LIAMOO	['swedish idol pop', 'swedish pop']	[2017, 2018, 2019, 2021, 2022]	11	5
3WGpXCj9YhhfX11TToZcXP	Troye Sivan	['australian pop', 'pop', 'viral pop']	[2017, 2018, 2019, 2020, 2021]	11	5
4FcZfItjVIsfO9TynErl7X	Jubël	['swedish pop']	[2018, 2019, 2020, 2021]	11	3
6c0mTNAxJxlp9HpKTUZwA8	ALMA	[]	[2017, 2018, 2019]	11	10
2ExGrw6XpbtUAJHTLtUXUD	Stefflon Don	['dancehall', 'dancehall queen', 'uk dancehall', 'uk hip hop']	[2017, 2018, 2019]	11	11
5ie2SvXgvXlTpyqkwLtSd7	Isak Danielson	['swedish singer-songwriter']	[2018, 2019, 2020, 2021]	11	1
2aaGbpl5Y2ykZsNFZM6ofw	Jill Johnson	['classic swedish pop', 'skansk musik', 'swedish country', 'swedish pop']	[2017, 2018, 2019, 2020]	11	2
163tK9Wjr9P9DmM0AVK7lm	Lorde	['art pop', 'metropopolis', 'nz pop', 'pop']	[2017, 2021]	11	2
4GeZOI31ZG8C6PvdAk8Lbw	Lelo	['swedish gangsta rap', 'swedish hip hop', 'swedish trap pop']	[2020, 2021, 2022]	11	2
4Gso3d4CscCijv0lmajZWs	Don Toliver	['rap', 'trap']	[2019, 2020, 2021]	11	9
45dkTj5sMRSjrmBSBeiHym	Tate McRae	['alt z', 'pop']	[2020, 2021, 2022]	11	3
6Xgp2XMz1fhVYe7i6yNAax	Trippie Redd	['melodic rap', 'rap', 'trap']	[2017, 2018, 2020, 2021]	10	8
4q3ewBCX7sLwd24euuV69X	Bad Bunny	['reggaeton', 'trap latino', 'urbano latino']	[2018, 2019, 2020, 2021]	10	9
5fyDppLDl1juIu1BcUT5zh	Digital Farm Animals	['uk dance']	[2017, 2018, 2019, 2021]	10	10
0FINyNBXqnTlRC4dvpSeSb	Gyllene Tider	['classic swedish pop', 'swedish pop']	[2017, 2018, 2019, 2020, 2021]	10	1
3gd8FJtBJtkRxdfbTu19U2	Mumford & Sons	['modern folk rock', 'modern rock', 'neo mellow', 'stomp and holler', 'uk americana']	[2018, 2019]	10	0
1dfeR4HaWDbWqFHLkxsg1d	Queen	['classic rock', 'glam rock', 'rock']	[2017, 2018, 2019, 2020, 2021, 2022]	10	1
3NPpFNZtSTHheNBaWC82rB	X Ambassadors	['modern alternative rock', 'modern rock', 'stomp pop']	[2017, 2018, 2021]	10	6
7guDJrEfX3qb6FEbdPA5qi	Stevie Wonder	['motown', 'soul']	[2017, 2018, 2019, 2020, 2021]	10	4
5H6xmHXjsq98NLbEjuE29f	NEIKED	['scandipop']	[2017, 2018, 2019, 2020, 2021]	10	10
2j8XNrT8TQH4JMeyEMJYfL	Tomas Andersson Wij	['classic swedish pop', 'swedish pop', 'swedish singer-songwriter']	[2017, 2018]	10	0
4u5smJBskI6Adzv08PuiUP	Kiiara	['alt z', 'electropop']	[2017, 2018, 2021]	10	10
6cQVcprcYDxGM79YmyCkcQ	VAX	[]	[2017, 2018, 2019, 2020, 2021, 2022]	10	8
5vBSrE1xujD2FXYRarbAXc	Years & Years	['gauze pop', 'pop', 'uk pop']	[2018, 2021, 2022]	10	3
4LLpKhyESsyAXpc4laK94U	Mac Miller	['hip hop', 'pittsburgh rap', 'rap']	[2018, 2020, 2021]	10	1
7f5Zgnp2spUuuzKplmRkt7	Lost Frequencies	['belgian edm', 'edm', 'pop dance', 'tropical house']	[2017, 2018, 2019, 2020, 2021, 2022]	10	9
1CQLPgGkfHrxNMqrXt5oWS	Robin Bengtsson	['swedish idol pop', 'swedish pop']	[2017, 2018, 2019, 2020, 2022]	10	1
3nFkdlSjzX9mRTtwJOzDYB	JAY-Z	['east coast hip hop', 'gangster rap', 'hip hop', 'pop rap', 'rap']	[2017, 2018, 2019, 2020, 2021]	10	10
0iEtIxbK0KxaSlF7G42ZOp	Metro Boomin	['rap']	[2017, 2018, 2019, 2020]	10	10
0LdzDrRc2RESpGqwyhbE3t	Madi Banja	['swedish hip hop']	[2017, 2018, 2019, 2020]	10	8
4D75GcNG95ebPtNvoNVXhz	AFROJACK	['big room', 'dance pop', 'dutch house', 'edm', 'electro house', 'pop dance', 'progressive electro house']	[2017, 2018, 2019, 2020, 2021]	10	10
4cSYNpczcvTUpnPMFDLsIc	Raaban	['deep pop edm', 'nordic house']	[2017, 2018, 2019]	10	10
41MozSoPIsD1dJM0CLPjZF	BLACKPINK	['k-pop', 'k-pop girl group', 'pop']	[2018, 2019, 2020]	10	5
4GNC7GD6oZMSxPGyXy4MNB	Lewis Capaldi	['pop', 'uk pop']	[2018, 2019, 2020, 2021, 2022]	10	0
3wcj11K77LjEY1PkEazffa	Burna Boy	['afrobeats', 'dancehall', 'nigerian hip hop', 'nigerian pop']	[2018, 2019, 2020, 2021]	10	10
2h93pZq0e7k5yf4dywlkpM	Frank Ocean	['lgbtq+ hip hop', 'neo soul']	[2017, 2018, 2019, 2020, 2022]	10	3
2xQUbkvQFCU8DpdBFbMfLq	Hanna Ferm	['swedish idol pop', 'swedish pop']	[2018, 2019, 2020, 2021, 2022]	10	4
74KM79TiuVKeVCqs8QtB0B	Sabrina Carpenter	['pop']	[2017, 2018, 2019, 2021]	10	6
1h6Cn3P4NGzXbaXidqURXs	Swedish House Mafia	['edm', 'pop dance', 'progressive electro house']	[2017, 2018, 2019, 2021, 2022]	10	6
5I4eibDkC7gg0hmczTZuND	Mando Diao	['dalarna indie', 'swedish garage rock', 'swedish indie rock']	[2017, 2019, 2020, 2021]	10	0
6XyY86QOPPrYVGvF9ch6wz	Linkin Park	['alternative metal', 'nu metal', 'post-grunge', 'rap metal', 'rock']	[2017]	10	3
2cFrymmkijnjDg9SS92EPM	blackbear	['pop']	[2017, 2019, 2020, 2022]	10	8
4Ga1P7PMIsmqEZqhYZQgDo	Lil Tecca	['melodic rap', 'pluggnb', 'rap']	[2019, 2020, 2021]	10	3
2XFGtS2h7MOHTjxZA1zg7H	Mackan	['swedish hip hop', 'swedish trap pop']	[2021, 2022]	10	10
7nqlScm2smydSRl13eaP8E	Nea	['scandipop']	[2019, 2020, 2021]	10	6
6RjsbK9T7d1UQD1PFEYYGt	FRÖKEN SNUSK	['epa dunk', 'swedish eurodance']	[2021, 2022]	10	10
26SfC2rUkcGiSpZfLtla29	P.J	['swedish gangsta rap', 'swedish hip hop', 'swedish trap', 'swedish trap pop']	[2019, 2020, 2021, 2022]	10	7
1nzgtKYFckznkcVMR3Gg4z	KSI	['uk hip hop']	[2019, 2020, 2021]	10	8
2vJo3bWY09MoK1QrRZD1wf	Stress	['swedish gangsta rap', 'swedish hip hop', 'swedish trap pop']	[2020, 2021]	10	10
7gOdHgIoIKoe4i9Tta6qdD	Jonas Brothers	['boy band', 'pop']	[2019, 2020, 2021, 2022]	10	3
55ZGFvikpNjQHvtTWS5aZF	Bolaget	[]	[2019, 2020, 2021, 2022]	10	1
2LIk90788K0zvyj2JJVwkJ	Jack Harlow	['deep underground hip hop', 'kentucky hip hop', 'pop rap', 'rap']	[2020, 2021, 2022]	10	6
6ZLTlhejhndI4Rh53vYhrY	Ozzy Osbourne	['album rock', 'alternative metal', 'birmingham metal', 'classic rock', 'glam metal', 'hard rock', 'metal', 'nu metal', 'rock']	[2019, 2020]	10	6
2jku7tDXc6XoB6MO2hFuqg	Tory Lanez	['canadian hip hop', 'canadian trap', 'melodic rap', 'r&b', 'rap', 'toronto rap', 'trap']	[2017, 2018, 2019, 2020]	9	7
4A0TivfinfALCAMJqqjZIk	Funk Wav	[]	[2017, 2018]	9	9
5nkYRuiIHg2xXHFC8bfosJ	ItaloBrothers	['hands up', 'italo dance']	[2017, 2018, 2019, 2020, 2021]	9	1
4iHNK0tOyZPYnBU7nGAgpQ	Mariah Carey	['dance pop', 'pop', 'urban contemporary']	[2017, 2018, 2019, 2020, 2021]	9	4
7v4imS0moSyGdXyLgVTIV7	Nat King Cole	['adult standards', 'lounge', 'soul', 'swing', 'vocal jazz']	[2017, 2018, 2019, 2020, 2021]	9	0
73jBynjsVtofjRpdpRAJGk	Dimitri Vegas & Like Mike	['belgian dance', 'belgian edm', 'big room', 'dutch house', 'edm', 'electro house', 'pop dance', 'progressive electro house']	[2017, 2018, 2019, 2020, 2021, 2022]	9	9
1SupJlEpv7RS2tPNRaHViT	Nicky Jam	['latin hip hop', 'reggaeton', 'trap latino', 'urbano latino']	[2017, 2018, 2019]	9	9
0jnsk9HBra6NMjO2oANoPY	Flo Rida	['dance pop', 'miami hip hop', 'pop', 'pop rap']	[2017, 2018, 2021]	9	7
5QYBoZAoupoPPuFB1KHfx0	Little Jinder	['swedish electropop', 'swedish pop', 'swedish synthpop']	[2017, 2018, 2019, 2020, 2021]	9	4
4G2UDRhQLUDq0f93giGYwA	Kapten Röd	['swedish dancehall', 'swedish hip hop', 'swedish reggae']	[2017, 2018, 2020, 2021, 2022]	9	4
60BNhPmsrBop6PQv3QnZH0	Adolf Fredriks Musikklasser	['barnmusik']	[2017, 2018, 2019, 2020, 2021]	9	8
1okJ4NC308qbtY9LyHn6DO	BloodPop®	['electropop']	[2017, 2018]	9	9
7nwUJBm0HE4ZxD3f5cy5ok	Aretha Franklin	['classic soul', 'jazz blues', 'memphis soul', 'soul', 'southern soul', 'vocal jazz']	[2017, 2018]	9	1
45hO5u8evtwIpSYefQHW8P	Lani Mo	['gothenburg hip hop', 'swedish hip hop', 'swedish trap pop']	[2017, 2018, 2019, 2021]	9	6
1nYKikHu8WWMKYVTcNyyzs	Sven-Ingvars	['classic swedish pop', 'dansband', 'varmland rock']	[2017, 2018, 2019, 2020, 2021]	9	0
0id62QV2SZZfvBn9xpmuCl	Aloe Blacc	['pop soul', 'r&b']	[2017, 2018, 2019, 2020, 2021]	9	5
1uKR3ihZmv8a93heLPYKQ8	Janice	['scandinavian r&b']	[2017, 2018, 2019, 2021, 2022]	9	3
58RMTlPJKbmpmVk1AmRK3h	Abidaz	['swedish gangsta rap', 'swedish hip hop', 'swedish trap', 'swedish trap pop']	[2017, 2018, 2019, 2020]	9	9
4EPJlUEBy49EX1wuFOvtjK	Becky Hill	['pop dance', 'pop house', 'uk dance', 'uk pop']	[2017, 2018, 2019, 2020, 2021, 2022]	9	8
2HPaUgqeutzr3jx5a9WyDV	PARTYNEXTDOOR	['r&b', 'rap', 'toronto rap', 'urban contemporary']	[2017, 2018, 2019, 2020]	9	9
4DdkRBBYG6Yk9Ka8tdJ9BW	Offset	['atl hip hop', 'rap', 'trap']	[2017, 2018, 2019]	9	9
0dCSPVQ30JS4cRaCTtbEmp	Erik Lundin	['swedish hip hop']	[2017, 2018, 2019, 2020, 2021]	9	6
6pWcSL9wSJZQ9ne0TnhdWr	K-391	['nordic house']	[2017, 2018, 2019, 2020, 2021]	9	9
137W8MRPWKqSmrBGDBFSop	Wiz Khalifa	['hip hop', 'pittsburgh rap', 'pop rap', 'rap', 'southern hip hop', 'trap']	[2017, 2018, 2020, 2021, 2022]	9	9
5Wg2b4Mp42gicxEeDNawf7	A7S	['pop dance', 'scandipop', 'uk dance']	[2018, 2019, 2020, 2021, 2022]	9	8
3iOvXCl6edW5Um0fXEBRXy	The xx	['downtempo', 'dream pop', 'indietronica']	[2017]	9	0
55kZLdVX3Iumv0m42sMnDA	Henrik Berggren	['swedish indie rock']	[2017]	9	0
7hOGhpa8RMSuDOWntGIAJt	A R I Z O N A	['electropop', 'indie poptimism']	[2017, 2019]	9	5
5HUGPIHRwh79LbffYIUJeJ	The Mamas	['swedish pop']	[2019, 2020, 2021]	9	1
0lAWpj5szCSwM4rUMHYmrr	Måneskin	['indie rock italiano', 'italian pop', 'pop']	[2021, 2022]	9	0
6jGMq4yGs7aQzuGsMgVgZR	Lil Tjay	['brooklyn drill', 'melodic rap', 'nyc rap', 'rap']	[2019, 2020, 2021]	9	8
181bsRPaVXVlUKXrxwZfHK	Megan Thee Stallion	['houston rap', 'pop', 'rap', 'trap queen']	[2020, 2021, 2022]	9	8
1J0C99LuAwjCC6IQOmJEDE	Alex Järvi	['swedish idol pop', 'swedish pop']	[2020, 2021]	9	1
4mh3iy6yf2oZYSiy2fdccM	Molly Hammar	['swedish idol pop', 'swedish pop']	[2019, 2020, 2021, 2022]	9	4
3jmh6dena7pZQpjUnlKcrD	Ivory	['gothenburg hip hop', 'swedish drill', 'swedish gangsta rap', 'swedish hip hop', 'swedish trap', 'swedish trap pop']	[2020, 2021, 2022]	9	9
3koiLjNrgRTNbOwViDipeA	Marvin Gaye	['classic soul', 'motown', 'neo soul', 'northern soul', 'quiet storm', 'soul']	[2017, 2018, 2019, 2020]	8	3
6t1gpxYbY8OlLA7D2RiikQ	Loud Luxury	['edm', 'pop dance']	[2017, 2018, 2019]	8	8
0c173mlxpT3dSFRgMO8XPh	Big Sean	['detroit hip hop', 'hip hop', 'pop rap', 'r&b', 'rap', 'southern hip hop', 'trap']	[2017, 2018, 2020]	8	6
6mU8ucezzms5I2kNH6HNlu	Conor Maynard	['post-teen pop', 'uk pop', 'viral pop']	[2017, 2018, 2019, 2021]	8	7
7hJcb9fa4alzcOq3EaNPoG	Snoop Dogg	['g funk', 'gangster rap', 'hip hop', 'pop rap', 'rap', 'west coast rap']	[2017, 2018, 2021, 2022]	8	8
3tVQdUvClmAT7URs9V3rsp	Wizkid	['afrobeats', 'afropop', 'azonto', 'azontobeats', 'nigerian hip hop', 'nigerian pop']	[2017, 2018, 2019, 2021]	8	8
6IZ4ctovY9dl7bgHClAvKJ	LSD	[]	[2018, 2019]	8	8
1fhvwCr1HKEZgZYOrfsHyk	Ison & Fille	['swedish hip hop']	[2018, 2019, 2021]	8	8
4VIvfOurcf0vuLRxLkGnIG	Bradley Cooper	['hollywood']	[2018, 2019, 2020, 2021, 2022]	8	7
7iZtZyCzp3LItcw1wtPI3D	Rae Sremmurd	['melodic rap', 'mississippi hip hop', 'rap', 'trap']	[2017, 2018]	8	7
3qzw8zce3NwedmWnD1vx8V	Jeano	['swedish hip hop', 'swedish pop rap', 'swedish trap pop']	[2018, 2019, 2020]	8	6
5fahUm8t5c0GIdeTq0ZaG8	Otto Knows	['dutch house', 'edm', 'electro house', 'pop dance', 'progressive electro house', 'progressive house']	[2017, 2018, 2019, 2020, 2021]	8	3
2yIT3M6w5A00AfUoM7uAE0	Stockholms Musikgymnasium	[]	[2017, 2018, 2019, 2020, 2021]	8	8
3gbaHBYDy62irTs0ZsHNmi	Wiktoria	['melodipop', 'swedish pop']	[2017, 2018, 2019, 2020, 2021]	8	0
7MhHajFmXXfVGy9DqdyLdM	DON V	['swedish hip hop', 'swedish trap pop']	[2018, 2019, 2020]	8	3
6LqNN22kT3074XbTVUrhzX	Kesha	['dance pop', 'pop']	[2017, 2018, 2019, 2020, 2021]	8	3
2u9ZIMtCrLs7ya2HfIpLKZ	Jelassi	['swedish hip hop', 'swedish trap pop']	[2018, 2019, 2021, 2022]	8	6
5ChF3i92IPZHduM7jN3dpg	Nicky Romero	['big room', 'dutch edm', 'dutch house', 'edm', 'electro house', 'pop dance', 'progressive electro house']	[2017, 2018, 2019, 2021]	8	8
4WN5naL3ofxrVBgFpguzKo	Rudimental	['pop dance', 'uk dance', 'uk funky']	[2017, 2018, 2019]	8	8
3qm84nBOXUEQ2vnTfUTTFC	Guns N' Roses	['glam metal', 'hard rock', 'rock']	[2017, 2018, 2021]	8	0
0fA0VVWsXO9YnASrzqfmYu	Kid Cudi	['hip hop', 'ohio hip hop', 'pop rap', 'rap']	[2018, 2020, 2021]	8	7
5FjiYgLczmrP2j1gijAGWp	Paul Rey	['swedish pop']	[2017, 2018, 2019, 2020, 2021]	8	0
0x3PXj1WnuW7YsBxQK57xM	Ruben	['norwegian pop']	[2017, 2018, 2019, 2020, 2021]	8	2
2ZRQcIgzPCVaT9XKhXZIzh	Gryffin	['edm', 'pop dance']	[2017, 2018, 2019, 2020, 2021]	8	8
6O6kWwVAL4xK4G8SBcsNJR	Moneybrother	['classic swedish pop', 'swedish indie rock']	[2017, 2018]	8	0
5LaRXB9yoFyBoTNwmXyl6W	Alex Ceesay	['swedish gangsta rap', 'swedish hip hop']	[2017, 2018, 2019, 2020, 2022]	8	4
53KwLdlmrlCelAZMaLVZqU	James Blake	['art pop', 'indie soul', 'indietronica', 'neo soul', 'uk alternative pop']	[2017, 2018, 2019, 2020, 2021]	8	5
5yMkHmsdRZA4OVeCylF4xU	Rhys	['swedish pop']	[2017, 2018, 2020]	8	2
77FK5F2AWebXG5IiEnoHLv	AKI	['swedish hip hop', 'swedish reggae', 'swedish trap pop']	[2017, 2018, 2019, 2020, 2021, 2022]	8	6
4XtfY4CBieEfqF3CSiPrRx	SVEA	['swedish pop']	[2018, 2019, 2020]	8	3
4qSaLWsra4abvHVVijKwlx	Matte Caliste	['swedish gangsta rap', 'swedish hip hop', 'swedish trap', 'swedish trap pop']	[2018, 2019, 2020, 2021]	8	8
4tX2TplrkIP4v05BNC903e	Tom Petty and the Heartbreakers	['album rock', 'classic rock', 'hard rock', 'heartland rock', 'mellow gold', 'rock', 'singer-songwriter', 'soft rock']	[2017]	8	0
49aaHxvAJ0tCh0F15OnwIl	Loreen	['europop', 'swedish pop']	[2017, 2020, 2021]	8	1
6DgP9otnZw5z6daOntINxp	Joel Corry	['dance pop', 'pop dance', 'uk dance']	[2020, 2021, 2022]	8	8
6PvvGcCY2XtUcSRld1Wilr	Silk Sonic	['neo soul']	[2021]	8	8
6ASri4ePR7RlsvIQgWPJpS	iann dior	['melodic rap']	[2020, 2021, 2022]	8	8
0u6GtibW46tFX7koQ6uNJZ	Topic	['german dance', 'pop dance', 'pop edm', 'uk dance']	[2019, 2020, 2021, 2022]	8	8
68QvqbdqwqqjW39YpUJHdG	Lisa Nilsson	['classic swedish pop', 'swedish pop', 'swedish soul']	[2019, 2020, 2021]	8	1
2zrzhtWVPEcj1btFiRDQlF	Awave	['swedish hip hop', 'swedish trap pop']	[2019, 2020, 2021, 2022]	8	7
4ErLqbv0gQ49ED1AKtvrBr	HON	['swedish pop']	[2020, 2021]	8	2
09agIJMxCD2k87ys9Al0f0	VIZE	['german dance', 'slap house']	[2019, 2020, 2021]	8	8
2SHhfs4BiDxGQ3oxqf0UHY	Roxette	['europop', 'swedish pop', 'synthpop']	[2019, 2020]	8	0
05o1zW8b6PV6rEquXr74sB	State of Sound	['swedish tropical house']	[2017, 2018]	7	3
5KNNVgR6LBIABRIomyCwKJ	Dermot Kennedy	['folk-pop', 'irish pop', 'uk pop']	[2018, 2019, 2020, 2021]	7	2
4IVAbR2w4JJNJDDRFP3E83	6LACK	['atl hip hop', 'melodic rap', 'r&b', 'rap', 'trap']	[2018, 2019, 2021]	7	7
7zJdWmVoGsqxaEl09XOvM5	ISON	[]	[2018, 2019, 2021]	7	7
5oWrOLZfLDGgpeD3crSRa3	Fille Danza	['swedish hip hop']	[2018, 2019, 2021]	7	7
5zctI4wO9XSKS8XwcnqEHk	Lil Mosey	['melodic rap', 'rap conscient']	[2018, 2019, 2020, 2021]	7	2
2lolQgalUvZDfp5vvVtTYV	Tony Bennett	['adult standards', 'easy listening', 'lounge', 'vocal jazz']	[2017, 2018, 2019, 2020, 2021]	7	2
6sge2FzdYxWSjWc5sBjmoy	Arrhult	['melodipop', 'scandipop']	[2017, 2018]	7	7
3hv9jJF3adDNsBSIQDqcjp	Mark Ronson	['pop soul']	[2017, 2018, 2019, 2020, 2021]	7	7
3QSQFmccmX81fWCUSPTS7y	Dean Lewis	['australian pop', 'singer-songwriter pop']	[2018, 2019, 2020, 2021]	7	1
1yxSLGMDHlW21z4YXirZDS	Black Eyed Peas	['dance pop', 'pop', 'pop rap']	[2018, 2019, 2020, 2021, 2022]	7	6
6ydoSd3N2mwgwBHtF6K7eX	Calum Scott	['pop']	[2017, 2018, 2019, 2020, 2021, 2022]	7	2
00TKPo9MxwZ0j4ooveIxWZ	Loote	['alt z', 'nyc pop']	[2017, 2018, 2019]	7	5
0fyeRmbc7XdKio5Fm13LPB	Reyn	['swedish hip hop', 'swedish trap pop']	[2018, 2019, 2020, 2021, 2022]	7	3
6rgEPiKjowlMKZC1DF6W75	Rebecca & Fiona	['swedish electropop']	[2017, 2018, 2019, 2020]	7	3
3E33tPtYu9wX1t1cp8ELAW	Takida	['classic swedish pop', 'swedish alternative rock', 'swedish pop']	[2017, 2018, 2019, 2021]	7	0
7hssUdpvtY5oiARaUDgFZ3	Ina Wroldsen	['norwegian pop']	[2017, 2018, 2019]	7	6
790FomKkXshlbRYZFtlgla	KAROL G	['reggaeton', 'reggaeton colombiano', 'trap latino', 'urbano latino']	[2018, 2019, 2020, 2021]	7	7
3ktAhWMnoYiz6UpBEKfv5i	Kikki Danielsson	['classic swedish pop', 'dansband', 'swedish country']	[2017, 2018]	7	0
5nIPWm5XA6Cy6zVYkjpCe2	Kuselofte	['russelater']	[2018, 2019, 2020, 2021, 2022]	7	4
1anyVhU62p31KFi8MEzkbf	Chance the Rapper	['chicago rap', 'conscious hip hop', 'hip hop', 'pop rap', 'rap']	[2017, 2018, 2019, 2020, 2021]	7	7
7AzjETXRUKNRSJHMW9GIqd	Nina Nesbitt	['alt z', 'neo-singer-songwriter', 'uk pop']	[2018, 2019, 2020, 2021]	7	5
5im4dgusFQfg3u2UGPYvEF	Saliboy	['swedish hip hop', 'swedish trap pop']	[2018, 2019, 2020]	7	5
26dSoYclwsYLMAKD3tpOr4	Britney Spears	['dance pop', 'pop']	[2017, 2018, 2019, 2020, 2021]	7	1
4EzkuveR9pLvDVFNx6foYD	James Bay	['neo mellow', 'pop', 'uk pop']	[2017, 2018, 2019, 2021]	7	2
4exLIFE8sISLr28sqG1qNX	Travis Barker	['rap rock']	[2018, 2019, 2021, 2022]	7	7
4lDBihdpMlOalxy1jkUbPl	Grey	[]	[2017, 2018, 2019]	7	7
699OTQXzgjhIYAHMy9RyPD	Playboi Carti	['atl hip hop', 'plugg', 'pluggnb', 'rage rap', 'rap']	[2017, 2018, 2020, 2021]	7	6
2UZMlIwnkgAEDBsw1Rejkn	Tom Petty	['album rock', 'classic rock', 'hard rock', 'heartland rock', 'mellow gold', 'rock', 'singer-songwriter', 'soft rock']	[2017]	7	0
46kV0QPO6PgUjtP69hvbfI	Sebastian Stakset	['swedish hip hop', 'swedish trap pop']	[2017, 2019, 2020, 2021]	7	6
6f3he2xOHHHSZ0JVhTRIVj	Weeping Willows	['classic swedish pop', 'swedish country', 'swedish pop']	[2017, 2019, 2020, 2021]	7	1
757aE44tKEUQEqRuT6GnEB	Roddy Ricch	['melodic rap', 'rap', 'trap']	[2019, 2020, 2021]	7	5
5U2TzkbKD84n8gHhZtL3Ui	Daniela Rathana	['swedish pop', 'swedish pop rap']	[2020, 2021]	7	3
2QQcLziAzX1VdysI6Mvsl0	Moewgli	['swedish gangsta rap', 'swedish hip hop', 'swedish trap pop']	[2020, 2021, 2022]	7	7
1sBkRIssrMs1AbVkOJbc7a	Rick Ross	['dirty south rap', 'gangster rap', 'hip hop', 'rap', 'southern hip hop', 'trap']	[2019, 2020, 2021]	7	7
6MPCFvOQv5cIGfw3jODMF0	Internet Money	['pop rap']	[2020, 2021, 2022]	7	7
4rTv3Ejc7hKMtmoBOK1B4T	Ali Gatie	['canadian hip hop']	[2019, 2020, 2021]	7	3
6mdiAmATAx73kdxrNrnlao	Iron Maiden	['hard rock', 'metal', 'nwobhm', 'rock']	[2021]	7	0
4YkPXMsmFf3K2XFHPddqFU	Marie Fredriksson	['classic swedish pop', 'swedish jazz']	[2019, 2020, 2021]	7	0
7ltDVBr6mKbRvohxheJ9h1	ROSALÍA	['pop', 'r&b en espanol']	[2019, 2020, 2021]	7	7
23z00NPQmiYxmpZSiDlQAE	Louise Andersson Bodin	['danspunk', 'swedish eurodance']	[2019, 2020, 2021, 2022]	7	7
57ylwQTnFnIhJh4nu4rxCs	In Flames	['alternative metal', 'gothenburg metal', 'melodic death metal', 'melodic metalcore', 'metal', 'nu metal', 'swedish alternative rock', 'swedish death metal', 'swedish melodeath', 'swedish metal']	[2019]	7	0
5s77Nldm0GrOQkMIElogdo	Labyrint	['swedish dancehall', 'swedish gangsta rap', 'swedish hip hop', 'swedish reggae', 'swedish trap pop']	[2017, 2018, 2019]	6	0
17lzZA2AlOHwCwFALHttmp	2 Chainz	['atl hip hop', 'hip hop', 'pop rap', 'rap', 'southern hip hop', 'trap']	[2017, 2018, 2019, 2020]	6	6
6uRXUjochRDA9d5Sq2tZZd	Omar Rudberg	['swedish idol pop']	[2018, 2019, 2020, 2022]	6	1
2iE18Oxc8YSumAU232n4rW	The Jackson 5	['motown', 'soul']	[2017, 2018, 2019, 2020, 2021]	6	0
4wT8HegeM2lfzDDquSXIRF	Sigrid Bernson	['melodipop', 'swedish pop']	[2017, 2018, 2019]	6	1
4S9EykWXhStSc15wEx8QFK	Céline Dion	['canadian pop']	[2017, 2018, 2019, 2020, 2021]	6	3
5wwneIFdawNgQ7GvKK29Z3	Lucas & Steve	['dutch house', 'edm', 'electro house', 'pop dance', 'progressive electro house']	[2018, 2019, 2021]	6	4
3nEiRzdQNmkUgoknNt9IRu	Niklas Strömstedt	['classic swedish pop', 'swedish pop']	[2017, 2018, 2019, 2020, 2021]	6	1
6SkVKlAmIWVD0LQvCGQqSj	GRANT	['swedish pop']	[2017, 2018, 2019, 2020, 2021]	6	3
1moxjboGR7GNWYIMWsRjgG	Florence + The Machine	['baroque pop', 'modern rock', 'neo mellow', 'uk alternative pop']	[2018, 2019]	6	0
7uMh23xWiuR7zsNkuNcm2G	MNEK	['house', 'pop dance', 'uk contemporary r&b', 'uk dance', 'uk pop']	[2017, 2018, 2019, 2020, 2021, 2022]	6	5
3LzHaN3Y3gT35BudaFqVyy	Kamferdrops	['swedish pop']	[2017, 2018, 2019]	6	1
1kiq2kUV0cbLUhJsr7cpW0	Alida	['norwegian pop']	[2017, 2018, 2020, 2021]	6	4
4ryoUS0W8qXokfMxrlJt6O	Skip Marley	['modern reggae']	[2017, 2018, 2019]	6	6
5U7pOnB9QgH7YFDWQ84Qnu	Ben Mitkus	['melodipop']	[2017, 2018]	6	1
7FNnA9vBm6EKceENgCGRMb	Anitta	['funk pop', 'funk rj', 'pagode baiano', 'pop', 'pop nacional']	[2017, 2018, 2019]	6	6
3JXpwnHbLvXxY99EuXqFPX	Poo Bear	['pop r&b']	[2017, 2018, 2021]	6	6
2FXC3k01G6Gw61bmprjgqS	Hozier	['irish singer-songwriter', 'modern rock', 'pop', 'pov: indie']	[2017, 2018, 2019, 2021, 2022]	6	1
4f9iBmdUOhQWeP7dcAn1pf	Rag'n'Bone Man	['neo soul']	[2017, 2018, 2019, 2021]	6	3
11LbPHLi2sCqOVjknt0jmW	John Lundvik	['swedish pop']	[2018, 2019, 2020, 2022]	6	0
6fJM13619LsYtyPqHvsf6A	Orup	['classic swedish pop', 'swedish pop', 'swedish soul']	[2017, 2018, 2019, 2020, 2021]	6	0
7qG3b048QCHVRO5Pv1T5lw	Enrique Iglesias	['dance pop', 'latin pop', 'mexican pop']	[2017, 2018]	6	6
4TuGR5xkIry198WmY7hax2	Sarah Dawn Finer	['classic swedish pop', 'swedish pop']	[2017, 2018, 2019, 2020, 2021]	6	2
1D2o9Wb1d9ZhhPSRREJgwX	Leslie Tay	['swedish hip hop']	[2018]	6	5
6fOMl44jA4Sp5b9PpYCkzz	NF	['hip hop', 'pop rap']	[2017, 2018, 2019, 2021]	6	1
4AKwRarlmsUlLjIwt38NLw	Ofenbach	['pop dance']	[2017, 2018, 2019, 2020, 2021]	6	5
2kRfqPViCqYdSGhYSM9R0Q	Madison Beer	['pop']	[2018, 2019, 2020]	6	4
73sIBHcqh3Z3NyqHKZ7FOL	Childish Gambino	['atl hip hop', 'hip hop', 'rap']	[2017, 2018, 2019, 2020]	6	3
3wjsrpfO6odEphTZWx45RQ	Hearts & Colors	[]	[2017, 2018]	6	2
1L9i6qZYIGQedgM9QLSyzb	Klingande	['deep house', 'pop dance', 'tropical house']	[2017, 2018, 2019]	6	4
4LcUpNlXFEleaLlelmkv2R	Kris Kross Amsterdam	['dutch house', 'dutch pop']	[2017, 2018, 2019]	6	6
0NIIxcxNHmOoyBx03SfTCD	Tinashe	['alternative r&b', 'dance pop', 'metropopolis', 'pop', 'r&b', 'urban contemporary']	[2017, 2018]	6	5
4PVn1b2WnnXdq80C7uaZLZ	Nause	[]	[2017, 2018, 2019, 2021, 2022]	6	6
3b8QkneNDz4JHKKKlLgYZg	Florida Georgia Line	['contemporary country', 'country', 'country pop', 'country road', 'modern country rock']	[2017, 2018, 2019]	6	6
6ndU5g0BhZSHF1OjYsftlX	Adolf Fredriks Ungdomskör	['swedish choir']	[2017, 2018, 2019, 2020, 2021]	6	2
2cWZOOzeOm4WmBJRnD5R7I	Normani	['pop', 'r&b']	[2018, 2019, 2020]	6	5
4UXqAaa6dQYAk18Lv7PEgX	Fall Out Boy	['emo', 'modern rock', 'pop', 'pop punk', 'rock']	[2017, 2018, 2019]	6	3
20sxb77xiYeusSH8cVdatc	Meek Mill	['hip hop', 'philly rap', 'pop rap', 'rap', 'southern hip hop', 'trap']	[2018, 2019, 2021]	6	6
2iUVnGKQclQfYjdHGSZcX0	LBSB	['swedish eurodance']	[2017, 2018, 2021]	6	0
5pFJ8lLOUnyEaNrrf7D1KK	Per Gessle	['classic swedish pop', 'swedish pop']	[2017, 2018, 2019, 2020, 2021, 2022]	6	2
7Io0XduXk7aOHFHA7sLru2	Bonn	['swedish pop']	[2018, 2019]	6	6
360IAlyVv4PCEVjgyMZrxK	Miguel	['r&b']	[2017, 2018, 2019, 2022]	6	6
2EMAnMvWE2eb56ToJVfCWs	Bryson Tiller	['kentucky hip hop', 'r&b', 'rap']	[2017, 2018, 2020, 2021]	6	3
1LOB7jTeEV14pHai6EXSzF	Cash Cash	['dance pop', 'edm', 'electro house', 'electropowerpop', 'pop dance']	[2017, 2018, 2019, 2020, 2021]	6	6
0ad44tn7cZ2YGWOXyy51gR	Mehmet	[]	[2018, 2019, 2020]	6	0
34v5MVKeQnIo0CWYMbbrPf	John Newman	['dance pop']	[2017, 2018, 2019, 2021]	6	5
6M5pgjMS5dVG0hGRh5xADx	Helen Sjöholm	['classic swedish pop']	[2017, 2018, 2019, 2020, 2021]	6	3
5M2y5A6d5QZjw9JeKClagC	Andrelli	['swedish pop']	[2017, 2021]	6	5
67lytN32YpUxiSeWlKfHJ3	Yung Lean	['cloud rap', 'psychedelic hip hop', 'underground hip hop']	[2017, 2020, 2021, 2022]	6	1
3FfnFeTonanbog4rEvYXns	Maxida Märak	['norrbotten indie', 'sami', 'swedish hip hop', 'swedish pop']	[2017, 2021, 2022]	6	2
5he5w2lnU9x7JFhnwcekXX	Skrillex	['brostep', 'complextro', 'edm', 'electro', 'pop dance']	[2017, 2019, 2020, 2021]	6	6
3HphLd0XiELTvIPYf55dYC	Dance Fruits Music	['lo-fi product']	[2021]	6	6
0U3b0BjITtQHwjwBVtiGcO	DMNDS	[]	[2021]	6	6
4EeCKtQAywZzC578wwGp1n	Moonica Mac	['swedish pop', 'swedish singer-songwriter']	[2021, 2022]	6	2
5bEjof3z83fLcU9U56ceXp	2.clock	['swedish gangsta rap', 'swedish hip hop', 'swedish trap pop']	[2020, 2021, 2022]	6	5
56hM6Y3Cw2g8xZOfZrHBuS	5iftyy	['swedish gangsta rap', 'swedish hip hop', 'swedish trap pop']	[2020, 2021]	6	6
3ntW47aiIFFvi4glmmP8a1	Kayen	['swedish trap pop']	[2020, 2021, 2022]	6	6
03d2mJXSMtuPI0nIvLnhoS	Zoe Wees	['german pop']	[2020, 2021, 2022]	6	3
28Yka7aPiP0TcDk7TYH14h	Robbz x Brookz	['swedish drill', 'swedish hip hop', 'swedish trap pop']	[2019, 2020, 2021, 2022]	6	6
54CixfaGAPcjkP7Dx5PjvV	El Papi	['russelater']	[2020, 2021]	6	1
71BhXa24Zf5zcikUb00l2N	Juice	['swedish drill', 'swedish hip hop', 'swedish trap', 'swedish trap pop']	[2019, 2020, 2021]	6	3
62oPQvptWCPp2UCsqYwcIf	L1NA	['swedish hip hop', 'swedish trap', 'swedish trap pop']	[2019, 2020, 2021, 2022]	6	5
0H39MdGGX6dbnnQPt6NQkZ	SAINt JHN	['melodic rap', 'slap house']	[2019, 2020, 2021]	6	6
0xRXCcSX89eobfrshSVdyu	MEDUZA	['pop dance', 'pop house', 'uk dance']	[2019, 2020, 2021]	6	6
5R42oko4xV2U7uqlZXbzqk	Simeon	['scandinavian r&b', 'swedish trap pop']	[2019, 2020, 2021]	6	5
6XmbeFgAh0itkfnnLXza1J	Ozz6y	['swedish gangsta rap', 'swedish hip hop', 'swedish trap pop']	[2019]	6	4
6tbjWDEIzxoDsBA1FuhfPW	Madonna	['dance pop', 'pop']	[2019, 2020, 2022]	6	5
7dnB1wSxbYa8CejeVg98hz	Meat Loaf	['album rock']	[2022]	6	1
2cnMpRsOVqtPMfq7YiFE6K	Van Halen	['album rock', 'classic rock', 'hard rock', 'rock']	[2020]	6	0
5IcR3N7QB1j6KBL8eImZ8m	ScHoolboy Q	['gangster rap', 'hip hop', 'pop rap', 'rap', 'southern hip hop', 'trap']	[2017, 2018, 2019]	5	4
5uEeqYFuIChoWKy34jp8xE	Brando	['dance pop', 'pop dance']	[2017, 2018, 2019, 2020]	5	4
2R21vXR83lH98kGeO99Y66	Anuel AA	['reggaeton', 'reggaeton flow', 'trap boricua', 'trap latino', 'urbano latino']	[2018, 2019]	5	5
2hPgGN4uhvXAxiXQBIXOmE	KIDS SEE GHOSTS	['rap']	[2018]	5	3
4RSyJzf7ef6Iu2rnLdabNq	Willy William	[]	[2017, 2018, 2019]	5	5
6PXS4YHDkKvl1wkIl4V8DL	Fetty Wap	['new jersey rap', 'pop rap', 'rap', 'southern hip hop', 'trap']	[2017, 2018]	5	5
0e52F3Q1maTGPgsEa1hDJM	Jessica Andersson	['classic swedish pop', 'swedish pop']	[2017, 2018, 2019, 2021]	5	0
2ysnwxxNtSgbb9t1m2Ur4j	George Ezra	['folk-pop', 'neo-singer-songwriter']	[2018, 2019, 2020, 2022]	5	0
4gvkdged3Xw3ImXFm3jiay	Juliander	['swedish pop']	[2017, 2018, 2019]	5	3
1l7ZsJRRS8wlW3WfJfPfNS	Christina Aguilera	['dance pop', 'pop']	[2017, 2018, 2019]	5	3
05fG473iIaoy82BF1aGhL8	Slipknot	['alternative metal', 'nu metal', 'rap metal', 'rock']	[2018, 2019]	5	0
1eMmoIprPDWeFdB1FxU6ZV	Au/Ra	['alt z', 'deep pop edm']	[2017, 2018, 2019, 2020]	5	4
20JZFwl6HVl6yg8a4H3ZqK	Panic! At The Disco	['pop']	[2018, 2019, 2020, 2021]	5	2
6baWjwY7WiVPCZcW7pqqhz	Mapei	['swedish soul']	[2018, 2019, 2020, 2021]	5	4
49e4v89VmlDcFCMyDv9wQ9	Dean Martin	['adult standards', 'easy listening', 'lounge', 'vocal jazz']	[2017, 2018, 2019, 2020, 2021]	5	0
5ZrrJ5bj8IS5HLZxnZ4khM	Black Moose	['swedish hip hop', 'swedish trap pop']	[2017, 2018, 2019]	5	5
1cZQSpDsxgKIX2yW5OR9Ot	Lennon Stella	['alt z', 'canadian pop', 'uk pop']	[2018, 2019, 2020]	5	4
4xnihxcoXWK3UqryOSnbw5	Sasha Alex Sloan	['alt z']	[2017, 2018, 2020, 2021]	5	5
3zDRCqOhJXJfS2YWOEwGMC	Christopher	['danish pop']	[2017, 2018, 2019, 2021]	5	2
0q4NrXqJnc367PieejuROJ	Vice	['chicano rap']	[2017, 2018]	5	5
518rTAIFPwQjLUSi4Pdzzn	Tomas Ledin	['classic swedish pop', 'swedish pop']	[2017, 2018, 2019, 2020, 2021]	5	0
3fMbdgg4jU18AjLCKBhRSm	Michael Jackson	['r&b', 'soul']	[2017, 2018, 2019, 2020, 2021, 2022]	5	2
7z2avKuuiMAT4XZJFv8Rvh	Tom Walker	['indie anthem-folk', 'uk pop']	[2018, 2019]	5	2
3KedxarmBCyFBevnqQHy3P	Jessie Reyez	['canadian contemporary r&b', 'canadian pop']	[2017, 2018, 2019]	5	4
1PJOXqvEZQjdDAV1R5rS07	Jerry Williams	['classic swedish pop', 'dansband']	[2018]	5	1
66TrUkUZ3RM29dqeDQRgyA	Ella Eyre	['dance pop', 'talent show', 'uk dance', 'uk pop']	[2017, 2018]	5	4
1oKdM70mJD8VvDOTKeS8t1	Emily Warren	['alt z', 'nyc pop']	[2017, 2018]	5	5
3Z02hBLubJxuFJfhacLSDc	Bryan Adams	['canadian pop', 'canadian singer-songwriter', 'classic canadian rock', 'heartland rock', 'mellow gold', 'soft rock']	[2017, 2018, 2019, 2020, 2021]	5	1
46SHBwWsqBkxI7EeeBEQG7	Kodak Black	['florida drill', 'florida rap', 'melodic rap', 'miami hip hop', 'rap', 'trap', 'trap latino']	[2017, 2018, 2019]	5	4
599aGczoZFptUe5tbS43LT	Swedish Jam Factory	[]	[2018, 2019, 2020]	5	5
6kI0ZZ0yjJ3Bf5JjEgUJLC	Alexander Tidebrink	['scandipop', 'swedish pop']	[2018, 2019]	5	5
2RQXRUsr4IW1f3mKyKsy4B	Noah Kahan	['pov: indie', 'singer-songwriter pop']	[2017, 2018]	5	3
4utLUGcTvOJFr6aqIJtYWV	Skylar Grey	['piano rock', 'viral pop']	[2017, 2018, 2020, 2021]	5	5
10exVja0key0uqUkk6LJRT	Vance Joy	['folk-pop', 'modern rock']	[2017, 2018, 2021, 2022]	5	1
0EmeFodog0BfCgMzAIvKQp	Shakira	['colombian pop', 'dance pop', 'latin pop', 'pop']	[2017, 2018, 2020, 2021]	5	5
6aGmKxXoKrSdovRUn8MBhZ	Margaret	['polish pop']	[2017, 2018, 2019]	5	1
02A3cEvlLLCbIMVDrK2GHV	Starley	['aussietronica']	[2017, 2018]	5	3
1AIEHTv6we8ULBARv1572n	JLC	['fotbollslatar', 'swedish idol pop']	[2017, 2018, 2019, 2020, 2021]	5	1
6cK3NBO6uP7hh0oyuVELFl	Saweetie	['cali rap', 'trap queen']	[2018, 2020, 2021]	5	5
721T2PETMLaAkijbYu05VD	Junge Junge	['tropical house']	[2017, 2018, 2019]	5	4
6sCbFbEjbYepqswM1vWjjs	Zendaya	['pop', 'post-teen pop']	[2018, 2019, 2022]	5	5
6T5tfhQCknKG4UnH90qGnz	DNCE	['dance pop', 'pop']	[2017, 2018, 2022]	5	3
2QMCcKIPHnjQaPPgoEst88	Matisse & Sadko	['dutch house', 'edm', 'electro house', 'pop dance', 'progressive electro house', 'progressive house', 'russian edm', 'sky room']	[2017, 2018, 2019, 2021]	5	5
7CyeXFnOrfC1N6z4naIpgo	The Ronettes	['brill building pop', 'classic girl group', 'motown', 'rock-and-roll']	[2017, 2018, 2019, 2020, 2021]	5	0
15k33gArN2NU6cEYyQC3xZ	Lisa Ajax	['melodipop', 'swedish idol pop', 'swedish pop']	[2017, 2018, 2019, 2022]	5	2
37GUqxafAvAKGMZbXCUnmr	Mohombi	[]	[2018, 2019, 2020]	5	1
0bOSgUryDiUCvVbJUjM3y5	Adrijana	['swedish hip hop', 'swedish trap pop']	[2017, 2018, 2019, 2021, 2022]	5	4
3EOEK57CV77D4ovYVcmiyt	Dennis Lloyd	['israeli pop']	[2018, 2019, 2021]	5	2
3KV3p5EY4AvKxOlhGHORLg	Jeremih	['chicago rap', 'pop rap', 'r&b', 'southern hip hop', 'trap', 'urban contemporary']	[2017, 2018, 2019]	5	5
6aNouxfdfQCKjiZG0LJcjx	Säkert!	['swedish indie pop']	[2017, 2018]	5	0
2QLxag7UehMTlparZcbQn9	Anna Bergendahl	['classic swedish pop', 'swedish pop']	[2018, 2019, 2020, 2021, 2022]	5	0
7bp2lSdh12wcA8LyB1srfJ	Sofia Carson	['pop']	[2017, 2018, 2019]	5	5
3iN9k8uvm4WrgdlOigOH8D	Hook N Sling	['australian dance', 'progressive electro house']	[2017, 2018, 2020, 2021]	5	5
4tZwfgrHOc3mvqYlEYSvVi	Daft Punk	['electro', 'filter house', 'rock']	[2017, 2018, 2021, 2022]	5	4
28y6CyJNkGNjJQKrlx4AmN	HRVY	['pop']	[2018, 2019, 2020]	5	5
33W1pnW9zScZtYTnAoWnOT	Mr. Probz	[]	[2017, 2018, 2019]	5	2
1Ek3VdZ8EPmcvgRIqnHlrF	Björn Skifs	['classic swedish pop']	[2017, 2018, 2019, 2020, 2021]	5	0
5mYakBbBzPMQTfkVMIgiDM	Georgia Ku	['uk pop']	[2018, 2021]	5	5
6gdAPG9asL0TA3Q7VMRnAc	BeatBoyBenji	[]	[2018, 2019, 2020]	5	5
329e4yvIujISKGKz1BZZbO	Farruko	['reggaeton', 'trap latino', 'urbano latino']	[2018, 2019, 2021, 2022]	5	3
2auikkNYqigWStoHWK1Grq	John Martin	['pop edm']	[2017, 2018, 2019, 2020, 2021]	5	5
6Dd3NScHWwnW6obMFbl1BH	Daya	['pop']	[2017, 2018, 2019, 2020]	5	3
0IfFGR3deyYYoBzXsz3dWN	Canto	['swedish hip hop']	[2017]	5	5
51Blml2LZPmy7TTiAg47vQ	U2	['irish rock', 'permanent wave', 'rock']	[2017]	5	2
0z4gvV4rjIZ9wHck67ucSV	Akon	['dance pop']	[2017, 2020, 2021]	5	5
57WHJIHrjOE3iAxpihhMnp	Louis Tomlinson	['pop']	[2017, 2019]	5	2
4GCwfakdZdo3KkBNtzU5vn	MIMI	[]	[2017, 2020]	5	5
10hGPIDZi33LRaYRIq3Bh4	Dimitri Vangelis & Wyman	['dutch house', 'edm', 'electro house', 'pop dance', 'progressive electro house']	[2017, 2019, 2020, 2021]	5	4
45eNHdiiabvmbp4erw26rg	ILLENIUM	['edm', 'melodic dubstep', 'pop dance']	[2017, 2019, 2021]	5	5
5qQFXHDOeYjiZVrCUO56Pk	Maia Wright	['vocal trance']	[2017, 2019, 2021]	5	3
5SHxzwjek1Pipl1Yk11UHv	Tom Grennan	['uk pop']	[2021]	5	1
5ZVHfahjeu8Z81RYyhcLDH	Euroo	['swedish hip hop', 'swedish trap pop']	[2020, 2021]	5	4
087cmrx63FD1wMFuYBN9gt	Mona Masrour	['swedish trap pop']	[2020, 2021, 2022]	5	5
7wgjhOBlEERCRSA6iloMvt	Gustaf & Viktor Norén	['dalarna indie', 'swedish pop']	[2020, 2021]	5	1
1BwDWgdDJe3TJXLZkBkpsI	Tusse	['swedish pop']	[2019, 2020, 2021, 2022]	5	0
7rkW85dBwwrJtlHRDkJDAC	NAV	['canadian hip hop', 'canadian trap', 'melodic rap', 'rap', 'toronto rap', 'trap']	[2019, 2020, 2021]	5	5
4FDWCNuP44LnLUfHHQGdRH	Tsino	[]	[2021]	5	5
3Jy86CVPHDVN858HitaK1N	Junie	['swedish pop']	[2020, 2021]	5	2
3hcs9uc56yIGFCSy9leWe7	Lil Durk	['chicago drill', 'chicago rap', 'drill', 'hip hop', 'rap', 'trap']	[2020, 2021]	5	5
4fxd5Ee7UefO4CUXgwJ7IP	Giveon	['r&b']	[2020, 2021]	5	3
7KXt61GtLmrIizwZkpZa5C	Maximus	['swedish pop rap']	[2019, 2020, 2021]	5	1
6Ip8FS7vWT1uKkJSweANQK	Dave	['uk hip hop']	[2019, 2021, 2022]	5	4
7KV5PbIYtOc7F3bzH0v8dK	Lurifaks	['epa dunk']	[2021, 2022]	5	5
3GxKJzJK4LpsYGXQrw77wz	Mimi Webb	['alt z', 'gen z singer-songwriter', 'uk pop']	[2021, 2022]	5	0
26a4tbq9f4QZCHArsoQkWn	My Marianne	[]	[2020, 2021]	5	5
52xiNtpaYcZ5jRQ2fqmPI6	Klara Hammarström	['swedish pop']	[2019, 2020, 2021, 2022]	5	1
6Ad91Jof8Niiw0lGLLi3NW	YUNGBLUD	['british indie rock', 'modern rock', 'pov: indie', 'rock']	[2019, 2021]	5	5
4kUfJdASJDMPLuo1t1N2zi	Sarettii	['swedish hip hop', 'swedish trap pop']	[2021, 2022]	5	2
6yAKbgaSH283c7eAZVgk3P	LOAM	[]	[2021, 2022]	5	1
4ofCBoyEiGSePFAG500xev	Regard	['pop dance', 'pop edm', 'slap house', 'uk dance']	[2019, 2020, 2021, 2022]	5	4
56oDRnqbIiwx4mymNEv7dS	Lizzo	['escape room', 'minnesota hip hop', 'pop', 'trap queen']	[2019, 2020, 2021]	5	4
4LEiUm1SRbFMgfqnQTwUbQ	Bon Iver	['chamber pop', 'eau claire indie', 'indie folk', 'melancholia', 'modern rock']	[2019, 2020]	5	2
7A8S43ryYdbWpJKeHRZRcq	JACKBOYS	['pop rap']	[2019]	5	4
6eVWXmKBW7Iltub01D9R1c	Valerie Broussard	['bossbeat', 'modern alternative pop']	[2019, 2020]	5	5
7iLbRJb6dj3iKikgCmapXn	KD	['swedish hip hop', 'swedish trap pop']	[2020, 2022]	5	2
21WS9wngs9AqFckK7yYJPM	PnB Rock	['melodic rap', 'rap', 'trap']	[2018, 2019, 2021]	4	4
3hteYQFiMFbJY7wS0xDymP	Gesaffelstein	['dark clubbing']	[2018, 2019, 2021, 2022]	4	4
4FqPRilb0Ja0TKG3RS3y4s	Steve Angello	['dutch house', 'edm', 'electro house', 'house', 'pop dance', 'progressive electro house', 'progressive house']	[2017, 2018]	4	4
4YLtscXsxbVgi031ovDDdh	Chris Stapleton	['contemporary country', 'outlaw country']	[2018, 2019]	4	4
5aSBbBUbArJfyNKDg4KS1I	Tyron Hapi	['melbourne bounce', 'sky room']	[2017, 2018]	4	4
7IK2JpZglDYTrso4ILEKE0	Eva Dahlgren	['classic swedish pop']	[2017, 2018, 2020]	4	4
7EEiVZvj6RCEtVX2F2pyxu	Slim Jxmmi	['trap']	[2018]	4	4
1CoZyIx7UvdxT5c8UkMzHd	Jorja Smith	['r&b', 'uk contemporary r&b']	[2017, 2018, 2019]	4	3
7KMqksf0UMdyA0UCf4R3ux	James Blunt	['neo mellow', 'pop rock']	[2017, 2018]	4	3
1QDrz3DMMaz3TB1cm0PGDu	Justin Jesso	['singer-songwriter pop']	[2017, 2018, 2019]	4	3
2urF8dgLVfDjunO0pcHUEe	Alvaro Soler	['latin pop']	[2018]	4	1
55mpRKnylTTZ3N1cNNM7zh	DIMA	[]	[2017, 2018]	4	4
7t0rwkOPGlDPEhaOcVtOt9	The Cranberries	['irish rock', 'pop rock', 'rock']	[2018]	4	0
3qYiG2OKLj2WAKQVdIbigB	Samir Badran	['swedish idol pop']	[2017, 2018, 2019]	4	3
0G74PWccc2UbEEHNKVVaKB	Andreas Weise	['melodipop']	[2017, 2018, 2019, 2020, 2021]	4	0
3hyEbRtp617pNCuuQjyOmc	Lost Kings	['pop dance', 'pop edm']	[2017, 2018]	4	4
2VE6Ge0qFHrqDC6KG6ECJn	Bo Kaspers Orkester	['classic swedish pop', 'swedish jazz', 'swedish soul']	[2017, 2018, 2019, 2021]	4	0
46XcyK8FnyCJJlvYCUwVZH	Hkeem	['norwegian pop', 'norwegian pop rap', 'swedish reggae']	[2017, 2018]	4	4
5IH6FPUwQTxPSXurCrcIov	Alec Benjamin	['alt z', 'pop', 'pov: indie']	[2018, 2019, 2020, 2021]	4	1
6eYFryfcEu3QSq59D62wZQ	Brendon Urie	[]	[2018, 2019]	4	4
3IpvVrP3VLhruTmnququq7	Mike Williams	['big room', 'dutch house', 'edm', 'electro house', 'future house', 'pop dance', 'progressive electro house']	[2017, 2018, 2019]	4	4
4TAoP0f9OuWZUesao43xUW	Mr Eazi	['afrobeats', 'afropop', 'azontobeats', 'ghanaian hip hop', 'nigerian pop', 'swedish dancehall']	[2018, 2019, 2020]	4	4
374sWpAJsbZckf98df2jJJ	Fuse ODG	['afrobeats', 'azonto']	[2017, 2018]	4	3
7rZYHhxGKbe1XepzlpDlKm	Lena Philipsson	['classic swedish pop', 'swedish pop']	[2017, 2018, 2019, 2020]	4	0
6DVipHzYsPlIoA0DW8Gmns	"Royce Da 5'9"""	['detroit hip hop', 'gangster rap', 'hardcore hip hop', 'hip hop']	[2018, 2020]	4	4
61ipISvUVa5LkJlKZnm3Oo	Alle Farben	['deep euro house', 'german dance']	[2018, 2020, 2021]	4	4
3aD9K1zaLQ3G7yp9XV5E4D	Isac Elliot	['finnish pop']	[2017, 2018]	4	2
4obzFoKoKRHIphyHzJ35G3	Becky G	['latin pop', 'latin viral pop', 'rap latina', 'reggaeton', 'urbano latino']	[2018, 2019]	4	4
0haZhu4fFKt0Ag94kZDiz2	Sofía Reyes	['latin pop', 'latin viral pop', 'mexican pop', 'reggaeton']	[2018, 2019, 2020]	4	4
4mHAu7NX2UNsnGXjviBD9e	Brooks	['dutch house', 'edm', 'electro house', 'future house', 'pop dance', 'pop edm', 'progressive electro house']	[2018, 2019]	4	4
4DQ2t0Ir2VbuQBSyuSzloL	Kids Of Revolution	[]	[2018, 2019, 2020]	4	4
1o2NpYGqHiCq7FoiYdyd1x	Bea Miller	['alt z', 'pop', 'talent show']	[2017, 2018, 2020]	4	2
1INuLZXjjVbcJRyWvD1iSq	Jack & Jack	['pop', 'teen pop']	[2018, 2019]	4	3
03UTtO2Zq2GKk4gQRY9zq6	Lou Elliotte	['scandipop']	[2018, 2019, 2020, 2021]	4	1
1YlYLkI3GlVDFSQGjMXWbt	Lill-Babs	['classic swedish pop', 'vintage swedish pop']	[2018, 2021]	4	0
1pPmIToKXyGdsCF6LmqLmI	Rich The Kid	['atl hip hop', 'melodic rap', 'plugg', 'rap', 'trap']	[2018, 2019]	4	2
3HbP7OfT7PCV0BrR0ReUkC	Medina	['swedish dancehall', 'swedish eurodance', 'swedish hip hop', 'swedish pop']	[2018, 2022]	4	0
71Dhj822M1LGpuryPIV2KO	NEIMY	['scandipop', 'tropical house']	[2018, 2019, 2020]	4	4
0ONHkAv9pCAFxb0zJwDNTy	Pusha T	['gangster rap', 'hip hop', 'rap', 'southern hip hop', 'trap', 'virginia hip hop']	[2017, 2018, 2021]	4	4
1iFBAUJba6rHRgFNOJYUDD	Biggie Juke	['swedish gangsta rap', 'swedish hip hop', 'swedish trap pop']	[2018, 2019, 2020]	4	3
6KZDXtSj0SzGOV705nNeh3	Kid Ink	['pop rap', 'rap', 'southern hip hop', 'trap']	[2017, 2018]	4	4
0uGk2czvcpWQA383Im6ajf	Maggie Lindemann	['alt z', 'dark pop', 'pop']	[2017, 2018]	4	3
6Paz0vXJJ9bCPf0fEm3qzg	Dagny	['norwegian pop']	[2017, 2018, 2021]	4	3
7aBzpmFXB4WWpPl2F7RjBe	Wyclef Jean	['rap kreyol']	[2017, 2018, 2020]	4	4
6D0UYqXOF2HFQOet85VDKd	Teddy Sky	[]	[2017, 2018]	4	4
3PvEhkL4pgu9glR6yOlYKK	Sanna Nielsen	['classic swedish pop', 'swedish pop']	[2017, 2018, 2019, 2020, 2021]	4	0
1U2bZ21h2oMgOQrrGhvD3d	Frasse King	[]	[2018, 2019, 2020]	4	1
0RqtSIYZmd4fiBKVFqyIqD	Thirty Seconds To Mars	['modern rock', 'post-grunge']	[2017, 2018]	4	2
0DdDnziut7wOo6cAYWVZC5	KREAM	['pop dance']	[2017, 2018]	4	4
5kFHS4mQd9W0r7qDp8ec9A	Ulf Lundell	['classic swedish pop']	[2017, 2018, 2019, 2020, 2021]	4	0
5vCOdeiQt9LyzdI87kt5Sh	AronChupa	['swedish pop']	[2017, 2018, 2020, 2021]	4	4
1KYt3TMGpa1LtVi0m2A0F9	Little Sis Nora	[]	[2017, 2018, 2020, 2021]	4	4
2DlGxzQSjYe5N6G9nkYghR	Jennifer Lopez	['dance pop', 'pop', 'urban contemporary']	[2017, 2018]	4	3
3XC57xz74X3xUi1hv4mge1	Winona Oak	['swedish pop']	[2018, 2019, 2020, 2021]	4	4
4AK6F7OLvEQ5QYCBNiQWHq	One Direction	['boy band', 'pop', 'post-teen pop', 'talent show']	[2017, 2018, 2020]	4	0
0uGApGjjFXKwUOAqYBeX7B	Deepend	['deep house', 'deep tropical house', 'tropical house']	[2017, 2018]	4	4
5exS0bytCYdixgv02DaCm3	William Singe	[]	[2017, 2018]	4	4
391oLRVmoTkumiN79HkTWu	Darlene Love	[]	[2018, 2019, 2020, 2021]	4	0
2HAShHcL0dMLf1iNzmxTi3	Freddy Kalas	['norwegian pop']	[2017, 2018, 2019, 2020, 2021]	4	0
2ZX1rncu0C7WOuSFC1aEbh	Petra Marklund	['classic swedish pop', 'swedish electropop', 'swedish pop']	[2017, 2018, 2019, 2020, 2021, 2022]	4	0
43ZHCT0cAZBISjO8DG9PnE	Elvis Presley	['rock-and-roll', 'rockabilly']	[2017, 2018, 2019, 2020, 2021]	4	1
1LZEQNv7sE11VDY3SdxQeN	Bee Gees	['disco', 'mellow gold', 'soft rock']	[2017, 2018, 2019, 2020]	4	0
2wTNL2DgYACRKqxGb9oKO1	Jakob Karlberg	['swedish idol pop', 'swedish pop']	[2017, 2018, 2019, 2020, 2021]	4	0
50JJSqHUf2RQ9xsHs0KMHg	Jon Bellion	['indie pop rap']	[2017, 2018]	4	2
4TrraAsitQKl821DQY42cZ	Sigrid	['norwegian pop']	[2017, 2018, 2019]	4	0
4Rxn7Im3LGfyRkY2FlHhWi	Nick Jonas	['dance pop', 'pop']	[2017, 2018]	4	3
5vBoU7A2kwbTXyUPZK5Gq1	Theoz	['swedish idol pop', 'swedish pop']	[2018, 2019, 2022]	4	0
3v6Ji4uoWtKRkhuDUaxi9n	Dynoro	['edm']	[2018, 2019, 2020]	4	4
1y5T3Prq30eW5RkpaUWNOQ	Frans	['swedish idol pop']	[2017, 2018, 2019]	4	1
3YqFSZLBUbSMeBM749iW7M	BACALL	['deep pop edm']	[2017, 2018]	4	3
32vWCbZh0xZ4o9gkz4PsEU	Dolly Parton	['classic country pop', 'country', 'country dawn']	[2018, 2019, 2020, 2021]	4	3
6L1XC7NrmgWRlwAeLJvVtA	Sam Fischer	['australian pop', 'singer-songwriter pop']	[2018, 2020, 2021]	4	2
6d47Z08T4snK50HgTEHo5Z	Sage The Gemini	['hyphy', 'pop rap', 'southern hip hop', 'trap']	[2017]	4	2
7ypOZKaKGrCf3V6pOuaXiM	Alexander Oscar	['danish pop']	[2017, 2019, 2020]	4	4
5EvFsr3kj42KNv97ZEnqij	Shaggy	['dance pop', 'pop rap', 'reggae fusion']	[2017, 2020]	4	4
4Ui2kfOqGujY81UcPrb5KE	HAIM	['indietronica', 'metropopolis']	[2017, 2019, 2020]	4	4
586uxXMyD5ObPuzjtrzO1Q	Sofi Tukker	['edm']	[2017, 2019, 2020, 2021]	4	2
1ooV8YZC1KbpEcrmI8WH0F	Yebba	['pop soul']	[2017, 2019, 2021]	4	4
3DiDSECUqqY1AuBP8qtaIa	Alicia Keys	['neo soul', 'pop', 'r&b']	[2017, 2019, 2020, 2022]	4	4
48Z0MG7G6UQeWYibHpXgQe	Nano	['melodipop']	[2017, 2019]	4	0
5PldDs8KtXMy0KZ6due44x	FO&O	['swedish idol pop']	[2017]	4	0
2KsP6tYLJlTBvSUxnwlVWa	Mike Posner	['dance pop', 'pop', 'pop rap']	[2017, 2019]	4	3
5M0lbkGluOPXLeFjApw8r8	DRAM	['pop rap', 'trap', 'underground hip hop', 'viral trap', 'virginia hip hop']	[2017]	4	4
4zJlp9X6E6IpfUrIzwrg7S	Näääk	['swedish hip hop']	[2017, 2019]	4	4
1l2ekx5skC4gJH8djERwh1	Don Diablo	['dutch house', 'edm', 'electro house', 'future house', 'pop dance', 'progressive electro house', 'progressive house']	[2017, 2019, 2021]	4	4
7LbuenKfQNLPKzvi1rKPBG	Madden	['norwegian pop']	[2017, 2019]	4	3
2HkAI0YrEcgoR8QdaURqhO	Dimitri Vegas	['belgian edm']	[2017, 2019, 2020]	4	4
6TlWqqdj65mppNUHZVkjaq	Victor Crone	['melodipop', 'swedish pop']	[2017, 2019, 2020]	4	2
2oX42qP5ineK3hrhBECLmj	Andy Grammer	['neo mellow', 'post-teen pop']	[2017, 2019, 2020, 2021]	4	3
6QrQ7OrISRYIfS5mtacaw2	Jaymes Young	['indie poptimism']	[2017, 2020, 2021, 2022]	4	0
6XpaIBNiVzIetEPCWDvAFP	Whitney Houston	['dance pop']	[2019, 2020, 2021, 2022]	4	3
2HcwFjNelS49kFbfvMxQYw	Robbie Williams	['dance rock', 'europop']	[2019, 2020, 2021]	4	3
5WYsyPCS4zOpvqAtBgrGqg	Shenzi Beats	['swedish hip hop', 'swedish trap pop']	[2021]	4	4
3SRes7eoE3xRodLopFKXWb	Rozh	['swedish drill', 'swedish gangsta rap', 'swedish hip hop', 'swedish trap', 'swedish trap pop']	[2019, 2020, 2021]	4	0
14CHVeJGrR5xgUGQFV5BVM	Fivio Foreign	['brooklyn drill', 'new york drill', 'trap']	[2021, 2022]	4	4
0CbeG1224FS58EUx4tPevZ	Timmy Trumpet	['australian dance', 'big room', 'melbourne bounce', 'melbourne bounce international']	[2021, 2022]	4	4
1HwM5zlC5qNWhJtM00yXzG	DMX	['east coast hip hop', 'gangster rap', 'hardcore hip hop', 'hip hop', 'rap']	[2021]	4	0
2r9JAY6ISvp0VvZsT6cBJo	Shiro	['swedish hip hop', 'swedish trap pop']	[2020, 2021, 2022]	4	3
2s5enJCtVBAAdWD94jOIbM	Titiyo	['classic swedish pop', 'scandinavian r&b', 'swedish pop', 'swedish soul']	[2019, 2021]	4	2
5I6WLC9Auo6aeTRHPQbdOv	Fallen Roses	['lo-fi latino']	[2021]	4	4
5QCGlnijOcNxsXXNzZkcWL	Lujavo	['mexican edm']	[2021]	4	4
6USv9qhCn6zfxlBQIYJ9qs	Dominic Fike	['alternative pop rock', 'pov: indie']	[2019, 2021, 2022]	4	3
0C0XlULifJtAgn6ZNCW2eu	The Killers	['alternative rock', 'dance rock', 'modern rock', 'permanent wave', 'rock']	[2020, 2021]	4	1
048LktY5zMnakWq7PTtFrz	CKay	['afro r&b', 'afrobeats']	[2021, 2022]	4	2
6CawoDDP1IZUSGl4wSJGC9	TIX	['norwegian pop', 'russelater']	[2020, 2021]	4	3
46MWeeHNVMYRIIofQBEX98	BEAM	['trap soul']	[2021]	4	4
5Z3qZD6rDNxloqapoa1QUC	Joakim Berg	['swedish pop']	[2020, 2021, 2022]	4	4
7wQmimE5XlaosL5GLSM4Yx	JeppsoN	['epa dunk']	[2021, 2022]	4	4
3A0bILim1KH4gOhxr7O51k	Elvis	[]	[2020, 2021, 2022]	4	0
3qi5fhSI6aUecvRN0XqIJ2	MistaJam	[]	[2021, 2022]	4	4
16U51AjPH40zvPxDA8FjVT	takenoelz	['swedish trap pop']	[2021, 2022]	4	4
3klZnJvYGIbWritVwQD434	Duncan Laurence	['dutch pop']	[2019, 2020, 2021]	4	1
7b79bQFziJFedJb75k6hFt	Tion Wayne	['london rap', 'uk hip hop']	[2020, 2021]	4	4
3FoFW2AoUGRHBacC6i4x4p	Russ Millions	['melodic drill', 'uk drill']	[2021, 2022]	4	4
4qyhURA0g9oibogcNPMZaP	Dolores	[]	[2020, 2021]	4	0
7uaIm6Pw7xplS8Dy06V6pT	Trevor Daniel	['melodic rap']	[2019, 2020, 2021]	4	2
3MPhQdwcGDArJTh3SvU9nj	lovad	['swedish pop']	[2020, 2021]	4	1
56mfhUDKa1vec6rSLZV5Eg	Jawsh 685	['nz pop']	[2020, 2021]	4	3
0HW2OAV5XOPQgKoFx2Q6uJ	Mats Paulson	['classic swedish pop', 'vintage swedish pop']	[2020, 2021]	4	2
3i0VvjFfLzfX8TgDhgNWfe	Jonathan Johansson	['swedish electropop', 'swedish indie pop']	[2019, 2020, 2021, 2022]	4	1
7a1xK8q1C7Gx4n7f9bU5jF	Judit	['barnmusik']	[2020, 2021]	4	1
7h3jPDAAlfXOhid0q360Hh	William Segerdahl	['swedish idol pop', 'swedish pop']	[2019, 2020, 2021]	4	2
0GM7qgcRCORpGnfcN2tCiB	Tainy	['pop reggaeton', 'reggaeton', 'trap latino', 'urbano latino']	[2019, 2020, 2021]	4	4
4qIVPF0s71ZYW3qzhu5GkF	Kina	['sad lo-fi']	[2019, 2020, 2021]	4	4
6nS5roXSAGhTGr34W6n7Et	Disclosure	['edm', 'house', 'indietronica', 'uk dance']	[2019, 2020]	4	4
4vPryUsOzD7R9daRuvKwFz	Blacky	['swedish drill', 'swedish gangsta rap', 'swedish hip hop', 'swedish trap', 'swedish trap pop']	[2019, 2020]	4	2
2jnIB6XdLvnJUeNTy5A0J2	Why Don't We	['boy band', 'pop']	[2019, 2022]	4	2
1cNDP5yjU5vjeR8qMf4grg	YNW Melly	['melodic rap', 'rap']	[2019, 2020]	4	2
70Pq7N5g2i37OP54Uwj42T	Malou Prytz	['swedish idol pop', 'swedish pop']	[2019, 2020, 2022]	4	0
7cYZ8F0N2jby95FsxU9hh4	Cornelia Jakobs	['swedish pop']	[2022]	4	0
22nh3odnqoCNzVGwEzXILk	Plura	['classic swedish pop']	[2020]	4	0
1XLWox9w1Yvbodui0SRhUQ	StaySolidRocky	['melodic rap']	[2020]	4	2
7mvvG63CNSY93JWAJ37rnD	Monica Zetterlund	['classic swedish pop', 'swedish jazz']	[2017, 2018, 2019, 2020, 2021]	3	0
76Dn4GvguIMU4Gbcx155dg	E.M.D.	['swedish pop']	[2017, 2018, 2019, 2020, 2021]	3	1
4fwuXg6XQHfdlOdmw36OHa	Paloma Faith	['british soul', 'talent show']	[2018, 2020, 2021, 2022]	3	2
2NCGI6dLTxLdI9XHdv7QfM	The Andrews Sisters	['adult standards', 'swing', 'torch song', 'vocal harmony group']	[2017, 2018, 2020]	3	3
6BrvowZBreEkXzJQMpL174	Hardwell	['big room', 'dutch house', 'edm', 'electro house', 'pop dance', 'progressive electro house', 'progressive house']	[2017, 2018, 2019]	3	3
6cYpGRwsphKMAdkYw2KuXS	Rolandz	['classic swedish pop', 'dansband', 'danspunk']	[2018]	3	0
787bCXOIvGeBw0Bc4kEjhD	Luke Christopher	['indie pop rap']	[2017, 2018]	3	0
69Pm1OWlxk1tbYphlkcKHR	Laurell	['canadian pop']	[2018]	3	3
75jNCko3SnEMI5gwGqrbb8	Tammi Terrell	['classic soul', 'motown', 'soul', 'southern soul']	[2017, 2018, 2019, 2020]	3	3
66W9LaWS0DPdL7Sz8iYGYe	JP Saxe	['alt z', 'canadian contemporary r&b', 'singer-songwriter pop']	[2018, 2019, 2020, 2021]	3	2
126TYnp3S2nOpqyaeF2YBh	Robin Stjernberg	['swedish pop']	[2017, 2018, 2020]	3	1
5DK8eK7fjvRsziXzyr3sFA	Moon Taxi	['modern alternative rock']	[2017, 2018]	3	0
5KEG7G8LDYlHgFDqZyEEs2	Chris Rea	['soft rock', 'sophisti-pop']	[2017, 2018, 2019, 2020, 2021]	3	0
0RxWnw4aoWwxXsC2cdCj4c	Maja Francis	['swedish pop']	[2018, 2019, 2020]	3	1
0XgxgYnzpP0KwA4BMliFlq	JOY	[]	[2017, 2018]	3	2
66AE89GQTx88zLYhXn1wFK	Sam Martin	[]	[2018]	3	3
3EXdLajEO02ziZ90P90bSW	Lil Xan	['cloud rap']	[2017, 2018]	3	2
1GDbiv3spRmZ1XdM1jQbT7	NATTI NATASHA	['latin pop', 'rap latina', 'reggaeton', 'urbano latino']	[2017, 2018, 2019]	3	3
0eecdvMrqBftK0M1VKhaF4	CNCO	['boy band', 'latin pop', 'reggaeton', 'urbano latino']	[2017, 2018]	3	2
4cPHsZM98sKzmV26wlwD2W	Brenda Lee	['adult standards', 'easy listening', 'lounge', 'rockabilly']	[2017, 2018, 2019, 2020, 2021]	3	0
5lKZWd6HiSCLfnDGrq9RAm	Leona Lewis	['british soul', 'dance pop', 'pop', 'talent show']	[2018, 2019, 2020, 2021]	3	2
5z9PI0y6MRnL9BCHOI5ilL	Mendez	['pop chileno']	[2018, 2020]	3	1
0IQrfexpeCXMmHFX2jnT1Q	Michel Dida	['swedish hip hop', 'swedish trap']	[2018, 2021]	3	3
78DWNk8gFHU30TGITAgbM7	CMC$	['pop edm', 'vapor twitch']	[2017, 2018]	3	2
76nW12AUcUVEiC8fwFoAns	Mariette	['melodipop', 'swedish pop']	[2017, 2018, 2020]	3	0
1X5aTyyXc90P2xJXowsW95	Edward Blom	[]	[2017, 2018]	3	1
3UaEtP4pJGDhyEzy47AMzl	Malte Ebert	['danish pop', 'scandipop']	[2018, 2019]	3	2
0PnNyzP7CgoDXZHr6cWOyq	Tommy Nilsson	['classic swedish pop']	[2017, 2018, 2019, 2020, 2021]	3	1
2qDTb1Hj9x4Ic97w87xfkg	Academics	['norrlandsk hip hop', 'swedish hip hop']	[2018, 2019]	3	3
6mzs66iVW15C5iLt0JLt41	ILIRA	['albanian pop']	[2018, 2020, 2021]	3	3
0JOxt5QOwq0czoJxvSc5hS	GASHI	[]	[2018, 2019, 2020]	3	3
0Tob4H0FLtEONHU1MjpUEp	Tinie Tempah	['dance pop', 'grime', 'pop rap']	[2017, 2018, 2021]	3	3
4nCGXtpUnKRfIrzkMbXbhn	Yoel905	[]	[2018, 2019]	3	3
4K9OTkRXEFL6NDXFTqVmq9	Elina	['alt z']	[2018, 2019]	3	0
1X6dfPmF8f5C5EW3WIGfvm	SJUR	['scandipop']	[2017, 2018]	3	2
2WzaAvm2bBCf4pEhyuDgCY	Ruth B.	['alt z', 'canadian contemporary r&b', 'canadian pop', 'pop']	[2017, 2018, 2022]	3	0
0gadJ2b9A4SKsB1RFkBb66	Passenger	['folk-pop', 'neo mellow']	[2017, 2018, 2019, 2020, 2021, 2022]	3	0
4cJKxS7uOPhwb5UQ70sYpN	Amason	['swedish jazz']	[2018, 2019, 2021]	3	1
4fpTMHe34LC5t3h5ztK8qu	The Carters	['r&b']	[2018]	3	0
3AA28KZvwAUcZuOKwyblJQ	Gorillaz	['alternative hip hop', 'modern rock', 'rock']	[2017, 2018]	3	3
5NnyV6RNHKNEqZcS4tZl4Y	Eye N'I	['swedish underground rap']	[2018, 2019]	3	3
4poL7YCSkG7kMnWjAdDU91	Era Istrefi	['albanian hip hop', 'albanian pop', 'kosovan pop']	[2017, 2018, 2019]	3	3
2QlwnS23KrBeshXFyK5U6M	LVNDSCAPE	['deep tropical house', 'pop dance', 'pop edm']	[2017, 2018]	3	3
3RqBeV12Tt7A8xH3zBDDUF	Kelsea Ballerini	['contemporary country', 'country']	[2018]	3	3
38EmEgXkgK51MT2tPY0EoC	Bobby Helms	[]	[2017, 2018, 2019, 2020, 2021]	3	0
47mIJdHORyRerp4os813jD	League of Legends	['speedrun', 'video game music']	[2018, 2021, 2022]	3	3
4MvZ0qFh21x4rJ8lqMh5qZ	Kadiatou	['swedish pop']	[2018, 2019, 2020, 2021]	3	0
67MNhiAICFY6Pwc2YxCO0K	Elley Duhé	['alt z']	[2018, 2021, 2022]	3	2
4QfOh8rJ0OddhhXHD5QyWs	The Boy Next Door	['basshall']	[2017, 2018, 2019]	3	3
5xmgC1jISe31QZSp8gqKUJ	Peps Persson	['classic swedish pop', 'skansk musik', 'svensk progg', 'swedish blues', 'swedish reggae']	[2017, 2018, 2019, 2020, 2021]	3	0
4OovmAu23KrDlDQI2UbneL	Gabrielle	['norwegian pop']	[2017, 2018]	3	0
3EA9hVIzKfFiQI0Kikz2wo	Andrea Bocelli	['classical tenor', 'italian tenor', 'operatic pop']	[2017, 2018, 2019, 2020]	3	3
2LZDXcxJWgsJfKXZv9a5eG	Cashmere Cat	['downtempo', 'electropop', 'shiver pop']	[2017, 2018]	3	3
1PnnRNGfichOAfPOn5mVyx	Sorana	['romanian pop']	[2018, 2019, 2022]	3	3
7IlRNXHjoOCgEAWN5qYksg	Aya Nakamura	['basshall', 'pop urbaine', 'r&b francais']	[2018, 2019]	3	1
5j4HeCoUlzhfWtjAfM1acR	Stromae	['belgian pop', 'g-house']	[2017, 2018, 2021, 2022]	3	0
0CEK8AzyeD5ZUdUloB6yQV	CADE	['pop edm']	[2017, 2018]	3	3
3CbYyyd8wH3RT6t0jwpdzC	Murda Beatz	['canadian hip hop', 'canadian trap']	[2018, 2019, 2020]	3	3
6DIS6PRrLS3wbnZsf7vYic	WALK THE MOON	['dance rock', 'modern rock', 'pop']	[2017, 2018]	3	0
018YUkd5Ngrv9NtywGnPpr	Södra Station	['swedish pop']	[2017, 2018]	3	0
0hItVPjwJLVZrFqOyIsxPf	Judy Garland	['adult standards', 'torch song', 'vocal jazz']	[2018, 2019, 2020, 2021]	3	0
3grHvNkL8268yY1aAIxiLf	Salle	['viral afropop']	[2017, 2018, 2019]	3	3
6Gk5hoM7eW8NSCYhICMDHw	Zak Abel	['uk contemporary r&b']	[2018, 2020]	3	3
5CKhp4ovgbSd7PdVIza7cC	Andreas Johnson	[]	[2018, 2019, 2020]	3	1
4olE3I5QU0dvSR7LIpqTXc	WATT	['modern alternative rock']	[2017, 2018, 2021]	3	3
6TXM1kV4L8DsDAkAfbOPYk	Ally Brooke	['post-teen pop']	[2017, 2018, 2020]	3	3
134GdR5tUtxJrf8cpsfpyY	Elliphant	['electropop', 'swedish indie pop']	[2017, 2018]	3	3
6WY7D3jk8zTrHtmkqqo5GI	Maren Morris	['classic texas country', 'contemporary country']	[2018, 2019, 2021]	3	3
7kdGjv0IIQJcU2bth1yoqY	Lasse Berghagen	['classic swedish pop', 'dansband']	[2017, 2018, 2019, 2020, 2021]	3	0
7DXjp1eSv6Xf759gmCiApa	Panetoz	['swedish eurodance', 'swedish pop']	[2017, 2018, 2019, 2020]	3	0
188VINPQh5dyNfLUkevKqf	Olivia Holt	['alt z', 'post-teen pop']	[2017, 2018]	3	2
0SiKXP7Ak60VxFUEcLFz8R	BENNETT	['gothenburg hip hop', 'swedish hip hop']	[2018, 2020]	3	3
6IBNZlx6x6TbLUIJhXT4xV	Linda Bengtzing	['classic swedish pop', 'swedish pop']	[2017, 2018, 2020, 2022]	3	0
2y8Jo9CKhJvtfeKOsYzRdT	Rod Stewart	['mellow gold', 'soft rock']	[2017, 2018, 2019]	3	3
7hAv3tHK1LACkemYPFR6wu	Troll	[]	[2017, 2018, 2019, 2020, 2021]	3	0
5H1nN1SzW0qNeUEZvuXjAj	Danny Ocean	['pop venezolano', 'reggaeton', 'trap latino', 'urbano latino']	[2017, 2018, 2019]	3	1
26AHtbjWKiwYzsoGoUZq53	Pentatonix	['a cappella', 'viral pop']	[2017, 2018, 2019, 2020, 2021]	3	0
0FPUIdSdUKHXXOAqNMJ976	Herbert Munkhammar	['swedish hip hop', 'swedish pop rap']	[2018, 2019]	3	1
5bepW5vcdRzheNc0F8lHJ5	Esperanza Spalding	['electric bass', 'jazz', 'jazz pop', 'vocal jazz']	[2018, 2019, 2020, 2021]	3	3
4qBgvVog0wzW75IQ48mU7v	KYLE	['deep underground hip hop', 'indie pop rap', 'pop rap', 'viral trap']	[2017, 2018]	3	3
7bNqXqIrIfwJnipx7oGeU4	Sevenn	['brazilian edm']	[2017, 2018]	3	3
5fd1olImQGqWTqg1r0zqMW	Karim Alger	['swedish trap pop']	[2018, 2020, 2021]	3	3
4TH4BHy0LdBi3dpBW4P2UX	R. City	['reggae fusion', 'virgin islands reggae']	[2017, 2018]	3	3
4sj6D0zlMOl25nprDJBiU9	Andy Williams	['adult standards', 'easy listening']	[2017, 2018, 2019, 2020, 2021]	3	0
39Waq6UmqYCBEuyv8M8kjl	Charlotte Perrelli	['classic swedish pop', 'swedish pop']	[2017, 2018, 2021]	3	0
5gw5ANPCVcxU0maLiGRzzP	Billy Raffoul	['canadian pop']	[2017, 2018, 2019]	3	1
1TMa2M8BSbJP1rqX83wALz	Steerner	['deep pop edm', 'progressive electro house']	[2018, 2019]	3	1
6JoW2Fa1FjiFeH29OVVdfB	Hasti B	['swedish trap pop']	[2017, 2018, 2019]	3	3
3BmGtnKgCSGYIUhmivXKWX	Kelly Clarkson	['dance pop', 'pop', 'talent show']	[2017, 2018, 2019, 2020, 2021]	3	1
4wp7fk3zvD1Nr688kd4VSc	Junior Brielle	['swedish indie rock', 'swedish synth']	[2018, 2019, 2020]	3	0
6MKNzi38fPQCFRdWOtHqTJ	Erik Hassle	[]	[2017, 2018]	3	1
2p1fiYHYiXz9qi0JJyxBzN	Skepta	['birmingham grime', 'grime', 'instrumental grime', 'uk hip hop']	[2017, 2018, 2019, 2020]	3	3
5rSXSAkZ67PYJSvpUpkOr7	Backstreet Boys	['boy band', 'dance pop', 'pop']	[2018, 2019, 2021]	3	1
7gbmX8SsfjEjxDMzBi1ZOL	Joe Jonas	['pop', 'post-teen pop']	[2017, 2018]	3	3
5MouCg6ta7zAxsfMEbc1uh	OMI	['reggae fusion']	[2017, 2018]	3	3
513t0jZUP0K98C4h7KHtEb	NONONO	['shimmer pop', 'swedish alternative rock', 'swedish indie pop']	[2017, 2018]	3	0
2msPoIYdnKVeuOOM960FC2	Sofia Karlberg	['viral pop']	[2017, 2018]	3	0
5B38ZGYpd0msq1LKOyz2r9	Cornelis Vreeswijk	['classic swedish pop', 'folkmusik', 'svensk progg', 'visor']	[2017, 2018, 2019, 2020, 2021]	3	0
1TcbdifqhtxLz77unBYJ7z	CORSAK	['chinese electropop']	[2018, 2019, 2021]	3	3
2ZuweXv0TkfsidZOLZZoM2	HEDEGAARD	['danish electronic', 'scandipop']	[2017, 2018]	3	1
0wi4yTYlGtEnbGo4ltZTib	Shakin' Stevens	['classic uk pop', 'rockabilly']	[2017, 2018, 2019, 2020, 2021]	3	0
32WkQRZEVKSzVAAYqukAEA	Lady A	['contemporary country', 'country', 'country dawn', 'country pop', 'country road']	[2017, 2018, 2019]	3	0
1aA5OGASCVhznQYm71BMYg	Babblarna	['barnmusik']	[2018, 2019, 2020, 2021, 2022]	3	0
2eo54qMMNjVgFIxwhKfijG	Roger Pontare	['classic swedish pop', 'swedish pop']	[2017, 2018, 2021]	3	0
1U8lN2i4lHmZqDerkVNKWk	Jacco	['swedish hip hop', 'swedish reggae', 'swedish trap pop']	[2017, 2018, 2022]	3	3
3Fv735VHm9CTIHUClsVIcR	Malo	[]	[2017, 2018]	3	3
5dHt1vcEm9qb8fCyLcB3HL	A$AP Ferg	['hip hop', 'pop rap', 'rap', 'southern hip hop', 'trap']	[2017, 2018, 2020]	3	2
1tqhsYv8yBBdwANFNzHtcr	Lil Dicky	['comedy rap', 'indie pop rap', 'pop rap']	[2018, 2019, 2020]	3	2
5Y5TRrQiqgUO4S36tzjIRZ	Timbaland	['dance pop', 'pop', 'pop rap']	[2017, 2018]	3	3
6nB0iY1cjSY1KyhYyuIIKH	FKA twigs	['afrofuturism', 'alternative r&b', 'art pop', 'escape room', 'experimental r&b', 'trip hop']	[2018, 2020, 2021]	3	3
54R6Y0I7jGUCveDTtI21nb	Boney M.	['europop']	[2017, 2018, 2019, 2020, 2021, 2022]	3	1
2zmrsXMHxagFz6vI2cD7r6	Ella Vos	['alt z', 'electropop', 'indie electropop', 'indie poptimism', 'la pop']	[2017, 2019]	3	2
1ctBrsnF3RpAspMBNDYe6V	Karin Winther	[]	[2017]	3	3
1k1790K389slNnpkrPQBHs	Taby Church Chamber Choir	[]	[2017]	3	3
3AQRLZ9PuTAozP28Skbq8V	The Script	['celtic rock', 'pop']	[2017]	3	0
7pFeBzX627ff0VnN6bxPR4	Desiigner	['pop rap', 'rap', 'southern hip hop', 'trap', 'viral trap']	[2017]	3	1
5veVxxPm1vzgi6pO2iVA8L	Bruno Martini	['pop nacional']	[2017]	3	3
1l8Fu6IkuTP0U5QetQJ5Xt	Fifth Harmony	['girl group', 'pop', 'talent show']	[2017]	3	2
4W6fwRbqEy1dfEoE6OCyZu	Mathieu Koss	['new french touch']	[2017, 2020]	3	3
4Ag5mrJhXH238pExZYJcaM	Magnus Carlson	['classic swedish pop']	[2017, 2019, 2020]	3	1
1lzoEy8yiIBiHOuaO4h5Wj	Beatrice Eli	['metropopolis', 'swedish electropop']	[2017]	3	0
1PqkzV8bXUf9ZBPC6OJo7o	Kongsted	['dakke dak', 'danish electronic', 'danish hip hop', 'danish pop']	[2017]	3	2
0Oomam5yjtfqVPnscjx8GT	Axel Schylström	['melodipop', 'swedish pop']	[2017, 2019, 2021]	3	1
6xRxLNPuTgJ56RyCRk1dB7	Blen	['swedish trap pop']	[2017, 2019, 2021]	3	3
0zKX6nlK1A4ZmztnFPOKGs	Aleks	['swedish hip hop', 'swedish soul']	[2017, 2019, 2021]	3	2
2TL8gYTNgD6nXkyuUdDrMg	Jasmine Thompson	['viral pop']	[2017, 2020]	3	3
6xSTQT32ZxLQPe37QIC308	Anna Ternheim	['classic swedish pop', 'swedish pop', 'swedish singer-songwriter']	[2017]	3	0
3TNpNnN7Y8QhtJJnQ08YeF	iRO	[]	[2017, 2019]	3	3
1bj5GrcLom5gZFF5t949Xl	Martin Solveig	['disco house', 'edm', 'electro house', 'filter house', 'house', 'pop dance', 'vocal house']	[2017, 2019]	3	3
6GFNszjoVtonHtwNFGUABT	Jaqe	['swedish hip hop', 'swedish trap']	[2017, 2021]	3	3
20vdU8J0ShYJ6B0QVJRjWT	Anton Hagman	['melodipop', 'swedish pop']	[2017, 2019]	3	0
5ENS85nZShljwNgg4wFD7D	Gabry Ponte	['eurodance', 'italo dance', 'slap house']	[2017, 2021, 2022]	3	3
7nDsS0l5ZAzMedVRKPP8F1	Ella Henderson	['dance pop', 'talent show', 'uk pop']	[2017, 2019, 2020]	3	2
3Hb64DQZIhDCgyHKrzBXOL	Daði Freyr	['icelandic pop', 'sunnlensk tonlist']	[2020, 2021]	3	0
4Vff2nZMDC6c3GBrVL2y8n	Andreas Mattsson	['norrbotten indie', 'swedish indie pop']	[2021]	3	0
5H4yInM5zmHqpKIoMNAx4r	Central Cee	['melodic drill']	[2021]	3	0
1uU7g3DNSbsu0QjSEqZtEd	Masked Wolf	['australian hip hop']	[2021]	3	0
12A83CWwFiyXy90ScLWPIe	LIZOT	['big room', 'german dance', 'slap house']	[2020, 2021]	3	3
3q7HBObVc0L8jNeTe5Gofh	50 Cent	['east coast hip hop', 'gangster rap', 'hip hop', 'pop rap', 'queens hip hop', 'rap']	[2019, 2020, 2021, 2022]	3	2
1IGRQu82NfAeaa1mOkE56S	Yumi	[]	[2021]	3	3
2PSNiYTMk39ciMgPoP0WnJ	Tomu	[]	[2021]	3	3
70gP6Ry4Uo0Yx6uzPIdaiJ	Bas	['queens hip hop', 'rap', 'sudanese hip hop', 'sudanese pop', 'underground hip hop']	[2021]	3	3
08GQAI4eElDnROBrJRGE0X	Fleetwood Mac	['album rock', 'classic rock', 'rock', 'soft rock', 'yacht rock']	[2020, 2021]	3	0
2VSHKHBTiXWplO8lxcnUC9	GAYLE	['modern alternative pop']	[2021, 2022]	3	0
0KuF7reCTOZwV7YJnHQqgr	The Neptunes	[]	[2020, 2021]	3	3
6sEAVGBp27sLnlaBMGbBTi	GRIND GANG	['swedish trap pop']	[2021, 2022]	3	3
6F3EsjY0PgMI4SXkQWXF3y	Albin Myers	['electro house', 'progressive electro house']	[2020, 2021, 2022]	3	3
79GiwayvvpyZVErpH6BLsY	Nito-Onna	['covertronica']	[2021]	3	3
27WO1VhW0pLHmp3wvmlyur	S:t Nikolaus Körensemble	[]	[2021]	3	1
687cZJR45JO7jhk1LHIbgq	Tems	['afro r&b', 'afrobeats', 'alte', 'nigerian pop']	[2020, 2021]	3	3
1A9o3Ljt67pFZ89YtPPL5X	Snoh Aalegra	['alternative r&b', 'scandinavian r&b', 'swedish soul']	[2020, 2021]	3	2
2mDX5SCZQKUZvvMCwqst3r	Kåren	['epa dunk']	[2021, 2022]	3	3
4juMqlCDk4p6TrM7JXfSw2	Robin Kadir	['swedish hip hop', 'swedish trap pop']	[2019, 2021]	3	3
2kCO8LXN1usaOPL3iEE28I	Tai Verdes	['modern indie pop', 'singer-songwriter pop']	[2021, 2022]	3	1
1YwMnnHvnG64fJxYSVwmN6	Branco	['danish hip hop', 'danish pop']	[2021]	3	2
3XcCT5MPlQPWFTJyzXbfuX	Maejor	['detroit hip hop', 'pop r&b']	[2020, 2021]	3	3
1kwi1Q7X4jPTkHTgayxKhS	Alonestar	[]	[2020, 2021]	3	3
0xu4jAQQv7ZAqvFGdc9HgP	Boy In Space	['alt z']	[2020, 2021]	3	2
7wlFDEWiM5OoIAt8RSli8b	YoungBoy Never Broke Again	['baton rouge rap', 'rap']	[2019, 2020, 2021]	3	3
7m0BsF0t3K9WQFgKoPejfk	ArrDee	['uk hip hop']	[2021, 2022]	3	2
3oKLD3PuOc20nNDoSCKDY7	Niello	['swedish idol pop', 'swedish pop', 'swedish pop rap']	[2020, 2021, 2022]	3	3
1U1el3k54VvEUzo3ybLPlM	Kali Uchis	['colombian pop']	[2021]	3	2
21fClS8OEQ4cTa868Q8INi	E4an	['swedish hip hop', 'swedish trap pop']	[2020, 2021]	3	3
7arQA31aZVS8yS6zUveWzb	CJ	['nyc rap']	[2020, 2021]	3	0
7HNexSRBLdVWgYldSK1EN4	Aj B	['swedish hip hop', 'swedish trap', 'swedish trap pop']	[2019, 2020, 2021]	3	3
3uwAm6vQy7kWPS2bciKWx9	girl in red	['alt z', 'bedroom pop', 'indie pop', 'norwegian indie', 'pop', 'pov: indie']	[2020, 2021]	3	0
5s21IKPvmxRf9WxpO8H5UB	Hogland	['deep pop edm', 'swedish tropical house']	[2019, 2021]	3	3
2xE7TMnsr4hxdQW5F3urtq	Rasmus Hagen	['swedish singer-songwriter']	[2019, 2020, 2021]	3	3
1GOGNYD5gumMX6VHfZGXuJ	Grannen Måns	[]	[2019, 2020, 2021]	3	0
7xF6Psrf6yNOBkB9jpMRa0	Will Ferrell	[]	[2020, 2021]	3	3
57LYzLEk2LcFghVwuWbcuS	Summer Walker	['r&b']	[2019, 2021]	3	3
1mcTU81TzQhprhouKaTkpq	Rauw Alejandro	['puerto rican pop', 'reggaeton', 'trap latino', 'urbano latino']	[2021]	3	1
7yntSJ6uojO3z6GFUVwhAW	CORPSE	['pov: indie']	[2020, 2021]	3	3
7yf7WsRvoRDq5va1SKGgBa	Malin Christin	['swedish pop']	[2020, 2021, 2022]	3	2
23yPgzwt35lJyA3f8ayMfW	Philippe	[]	[2021, 2022]	3	3
2uX5jeXMEK3YNrL1bwVWd1	Fu3go	[]	[2021, 2022]	3	3
3QJUFtGBGL05vo0kCJZsmT	salem ilese	['alt z', 'modern indie pop']	[2020, 2021, 2022]	3	2
75VKfyoBlkmrJFDqo1o2VY	Fireboy DML	['afrobeats', 'nigerian pop']	[2021, 2022]	3	3
3xLU748QxpTmIVaiNXXg0P	Encanto - Cast	['movie tunes']	[2021, 2022]	3	3
6RYT3r4anXD8WAGOw6T8El	Alvaro Estrella	['melodipop', 'swedish pop']	[2020, 2021, 2022]	3	1
6XFNM3VxPM64ATHs1EYJn9	Klockrent!	['swedish pop']	[2019, 2021]	3	2
5INjqkS1o8h1imAzPqGZBb	Tame Impala	['australian psych', 'modern rock', 'neo-psychedelic', 'rock']	[2019, 2020]	3	0
2nm38smINjms1LtczR0Cei	Goodboys	['pop dance', 'uk dance']	[2019, 2020]	3	3
3oSJ7TBVCWMDMiYjXNiCKE	Kane Brown	['black americana', 'contemporary country', 'country', 'country road']	[2019, 2020]	3	3
4Xi6LSfFqv26XgP9NKN26U	AJ Tracey	['grime', 'uk hip hop', 'ukg revival']	[2019, 2020]	3	3
75wlxltp4lLk2HGVZll725	Robbz	['swedish trap pop']	[2019, 2020]	3	3
1cjddO4yaU13OzgomZYDA7	Brookz	['swedish drill', 'swedish trap pop']	[2019, 2020]	3	3
0nBco1iBK1g1CJVrJWQUlp	DAN	[]	[2019, 2020, 2022]	3	3
60rpJ9SgigSd16DOAG7GSa	Billy Ray Cyrus	['country rock']	[2019, 2020]	3	3
6UCQYrcJ6wab6gnQ89OJFh	Headie One	['uk hip hop']	[2019, 2020]	3	3
2ye2Wgw4gimLv2eAKyk1NB	Metallica	['hard rock', 'metal', 'old school thrash', 'rock', 'thrash metal']	[2019]	3	0
1Bl6wpkWCQ4KVgnASpvzzA	BROCKHAMPTON	['boy band', 'rap']	[2019, 2020]	3	1
3OuJ9P2uw7g1Xx1aixQSCl	BENIM	[]	[2019, 2020]	3	1
0whAheccvr5O5qbQjNk4gi	Nanne	['classic swedish pop', 'dansband', 'swedish pop']	[2019, 2020]	3	0
6DPYiyq5kWVQS4RGwxzPC7	Dr. Dre	['g funk', 'gangster rap', 'hip hop', 'rap', 'west coast rap']	[2022]	3	3
0gQ38ZwplqsXARPDmNIL9c	2M	['swedish drill', 'swedish gangsta rap', 'swedish hip hop', 'swedish trap pop']	[2020, 2022]	3	1
6EgpIGGBsDihJL6JucBT17	Rymdpojken	['swedish pop']	[2020, 2022]	3	2
1OB278sOZVSFx5vXqYha83	J. Rey Soul	[]	[2020]	3	3
2NpPlwwDVYR5dIj0F31EcC	Leony	[]	[2020]	3	3
3MZsBdqDrRTJihTHQrO6Dq	Joji	['viral pop']	[2020]	3	1
1iQU1h00vZTEnTiqL15gVv	Seedy	['swedish hip hop', 'swedish trap pop']	[2020]	3	3
6NqM8bhosIvBTh9LnEVIst	Buddha Vybez	[]	[2020]	3	3
70AxvzheOXDQyTyWn3wdIV	BL	['swedish hip hop', 'swedish trap pop']	[2020]	3	3
1Oa0bMld0A3u5OTYfMzp5h	Nate Dogg	['g funk', 'gangster rap', 'hardcore hip hop', 'hip hop', 'west coast rap']	[2017, 2018, 2019, 2021, 2022]	2	2
4lOUnrEGOtfRt4HNPCBnjV	Blue Street Players	[]	[2018]	2	0
37Qsf5KCKljH7mL134xp4k	Saudi	['south african hip hop']	[2018]	2	2
6wMr4zKPrrR0UVz08WtUWc	Black Coffee	['south african house', 'south african pop', 'south african pop dance']	[2017, 2018]	2	2
6beUvFUlKliUYJdLOXNj9C	King Princess	['alt z', 'indie pop', 'nyc pop']	[2018]	2	0
5vQfv3s2Z2SRdPZKr82ABw	Dzeko	['canadian electronic', 'dutch house', 'edm', 'electro house', 'pop dance', 'progressive electro house']	[2018, 2019]	2	2
2PVHjhJWIKgb2yfBTmQerg	Delara	['norwegian pop']	[2018, 2021]	2	1
0jZCd5FFBIaaiXlIJX6I9h	Azide	[]	[2018]	2	2
5T8zbK3dic52T9bFu0aY8z	Sophia Somajo	['swedish electropop']	[2018, 2019]	2	2
0e7UgnX6ObqqX5EcMeuA0E	Gasolin'	[]	[2018]	2	0
3VHLPOgvmAqwM3zXS9JYqJ	Wood Star Lane	[]	[2018]	2	0
4YNxH9hXMuqlvG7rLTtLa1	Badpojken	[]	[2017, 2018]	2	1
1ZRgSgUcrIJQOzhiDNrUVL	Frida Green	[]	[2018, 2021]	2	1
0t3yoCFCow8O6LiUloM9cq	Paul Meany	[]	[2017, 2018]	2	2
77DAFfvm3O9zT5dIoG0eIO	Kyla	['uk funky']	[2017, 2018]	2	2
26GKAYYuyr424SdSkr8xlQ	Halloran & Kate	['channel pop']	[2018]	2	2
0NQJm4Wlz3rrDJGlQ28L81	Sophie Francis	['dutch house']	[2018]	2	0
1bqxdqvUtPWZri43cKHac8	MAX	['viral pop']	[2018]	2	2
5gCRApTajqwbnHHPbr2Fpi	Juicy J	['crunk', 'memphis hip hop', 'pop rap', 'rap', 'southern hip hop', 'trap']	[2018]	2	2
71o1oWpLHVDNbfw7TwXKDg	jens	['scandipop']	[2018, 2019]	2	0
7MTotDfi3oohb0PBdlFsA5	Snowstorm	['classic swedish pop', 'danspunk']	[2017, 2018, 2019, 2020, 2021]	2	0
6NEekR0i3JC1r4BntSjskE	Call Me Loop	['alt z', 'uk pop']	[2018]	2	1
7zdfnAJZnKAaL27zyxCdGl	Bolat Nurimov	['kazakh pop']	[2018]	2	0
0MHgLfmQdutffmvWe5XBTN	Burl Ives	['adult standards', 'american folk revival']	[2018, 2019, 2020, 2021]	2	0
5hdhHgpxyniooUiQVaPxQ0	Nio Garcia	['reggaeton', 'trap latino', 'urbano latino']	[2018, 2020]	2	2
1TtXnWcUs0FCkaZDPGYHdf	Darell	['latin hip hop', 'reggaeton', 'trap latino', 'urbano latino']	[2018, 2019]	2	2
39E15l8zeCDYpSZwFNX4G2	Eleni Foureira	['greek pop', 'laiko']	[2018]	2	0
2kHbs6arBtyzIgY5l86m3K	Nomi	[]	[2018, 2019]	2	2
7vXDAI8JwjW531ouMGbfcp	TINI	['latin pop', 'pop argentino']	[2018, 2019]	2	2
76M2Ekj8bG8W7X2nbx2CpF	NGHTMRE	['brostep', 'edm', 'electro house']	[2018, 2020]	2	2
3LLNDXrxL4uxXtnUJS5XWM	Alexander Rybak	[]	[2018, 2021]	2	0
6064pL9Hu3Wx2bwJMeOx6o	Tomine Harket	[]	[2018, 2019]	2	2
5y3G1B8cpCTaoq0uDgjwzH	Danny Avila	[]	[2017, 2018]	2	2
4STHEaNw4mPZ2tzheohgXB	Paul McCartney	['beatlesque', 'classic rock', 'rock']	[2018, 2019, 2020, 2021]	2	0
4Q6zYbQ2MrKiEWTGB3yrPv	Jesper Jenset	['norwegian pop']	[2018]	2	1
1NDYAcgpsX4ony5CD0QIxW	Kalle Moraeus	['classic swedish pop', 'folkmusik', 'swedish fiddle']	[2017, 2018]	2	2
2BpAc5eK7Rz5GAwSp9UYXa	The Tallest Man On Earth	['chamber pop', 'indie folk', 'stomp and holler', 'swedish americana', 'swedish singer-songwriter']	[2018]	2	0
2o9hRZ3xI27UQpHT61A4Mm	Kojo Funds	['afroswing', 'grime', 'uk dancehall', 'uk hip hop']	[2018, 2019]	2	2
2WjMknfXoWEZL4X5QbGd3z	Perikles	['dansband', 'skansk musik']	[2018, 2019, 2020, 2021]	2	0
7xS4HWHJv4AKkOhzehHjSs	MagnusTheMagnus	[]	[2018]	2	2
77tT1kLj6mCWtFNqiOmP9H	Daryl Hall & John Oates	['album rock', 'classic rock', 'heartland rock', 'mellow gold', 'rock', 'singer-songwriter', 'soft rock', 'yacht rock']	[2017, 2018, 2019, 2020, 2021]	2	0
5lXfVoQxVgC5fpjkVqvNYn	Isaiah Firebrace	['australian pop']	[2017, 2018, 2019]	2	0
3OsRAKCvk37zwYcnzRf5XF	Moby	['downtempo', 'electronica']	[2018]	2	2
1W7FNibLa0O0b572tB2w7t	Pink Sweat$	['bedroom soul']	[2018, 2020]	2	1
3mIj9lX2MWuHmhNCA7LSCW	The 1975	['modern alternative rock', 'modern rock', 'pop', 'pov: indie', 'rock']	[2018, 2020]	2	0
3ECsaSd1fom8coUUkkFzqt	Jeon	['ritmo kombina']	[2018]	2	2
5Mq7iqCWBzofK39FBqblNc	Jessie Ware	['british soul', 'electropop', 'neo soul', 'pop soul', 'uk pop']	[2017, 2018]	2	0
42qq1SQuTH1AT2daN3fLMt	Four of Diamonds	['uk pop']	[2018, 2019]	2	0
1jBFgqfCh0pz5eNIWFvJGQ	Familjen	['swedish electropop', 'swedish indie rock']	[2018, 2021]	2	0
6xAuCvQ56HHJazssRDSLy3	Sophie Elise	['norwegian pop']	[2017, 2018]	2	1
7MFJyevu6jq0shwDuVLymu	Justin Mylo	['dutch house', 'electro house', 'pop dance', 'pop edm', 'progressive electro house']	[2018, 2020]	2	2
1KP6TWI40m7p3QBTU6u2xo	BØRNS	['indie poptimism', 'indietronica', 'modern alternative rock', 'modern rock', 'pov: indie']	[2018, 2020]	2	1
35S20clEkkSNUo23ViaslZ	Band Aid	['musical advocacy']	[2017, 2018, 2019, 2020, 2021]	2	0
7HkdQ0gt53LP4zmHsL0nap	Ella Mai	['r&b', 'rap', 'uk contemporary r&b']	[2018, 2019]	2	2
0HU0U9kdXEHZVxUNbuQe8S	Donny Hathaway	['chicago soul', 'classic soul', 'funk', 'neo soul', 'quiet storm', 'soul', 'southern soul']	[2017, 2018, 2019, 2021]	2	0
6G1yTgvoYsuVb2Ja8cVVJ2	anders	['canadian contemporary r&b', 'canadian hip hop', 'toronto rap', 'trap soul']	[2018]	2	2
3ngKsDXZAssmljeXCvEgOe	Eagle-Eye Cherry	['pop rock']	[2017, 2018]	2	0
3WOOglGBDGvr6c2WBeMAWn	Urban Cone	['swedish indie pop']	[2017, 2018]	2	0
3qBKjEOanahMxlRojwCzhI	Zacari	[]	[2017, 2018]	2	2
3jfVtv9mWfW0c5b3Fx440e	Babes Wodumo	['afro soul', 'gqom', 'south african pop']	[2018]	2	2
0eI3X5rAzHRZVe5FPk4MN1	Bad Wolves	['alternative metal', 'metal', 'post-grunge']	[2018]	2	0
5NhgsV7qPWHZqYEMKzbYvo	Faouzia	['alt z', 'canadian pop']	[2018, 2020]	2	2
1yqxFtPHKcGcv6SXZNdyT9	MK	['house', 'pop dance']	[2018, 2020]	2	2
3jHBxvZ9gbBkZ17wKUqVsO	Kent Jones	['miami hip hop', 'viral trap']	[2018]	2	1
0JXiS2FrAg3wQYJHcmZdrc	B. Swanson Quartet	[]	[2017, 2018, 2019, 2020, 2021]	2	2
7slfeZO9LsJbWgpkIoXBUJ	Ricky Martin	['latin pop', 'mexican pop', 'puerto rican pop']	[2017, 2018]	2	1
2wIVse2owClT7go1WT98tk	Missy Elliott	['dance pop', 'hip hop', 'hip pop', 'neo soul', 'pop rap', 'r&b', 'rap', 'urban contemporary', 'virginia hip hop']	[2018, 2020]	2	2
7gWjOPetXNCBqlVe6axl8K	Lily James	['hollywood', 'movie tunes']	[2018]	2	2
4OBJLual30L7gRl5UkeRcT	T.I.	['atl hip hop', 'dirty south rap', 'gangster rap', 'hip hop', 'pop rap', 'rap', 'southern hip hop', 'trap']	[2017, 2018]	2	2
0muluUHym4N0wB62sD0MPo	Malena Ernman	['operatic pop']	[2017, 2018, 2019]	2	2
09OnYkvpmVXXKqr2yHAIuL	Sofia Källgren	['classic swedish pop']	[2017, 2018, 2019, 2020, 2021]	2	0
16EmDsIYHYtxgSNfjEYPf8	Bjørnskov	['danish pop']	[2018, 2019]	2	2
2PGhx95sJF2XfZyOyrDFo0	Adolphson & Falk	['classic swedish pop', 'fotbollslatar']	[2017, 2018, 2019, 2020, 2021]	2	0
0NANKIINMQ9u4DYD5YqM0L	Eric Gadd	['classic swedish pop', 'swedish soul']	[2018]	2	1
1OHw2r7Diz2rc9JktaFV6N	Erika Sirola	['finnish pop']	[2018, 2019]	2	2
3EiLUeyEcA6fbRPSHkG5kb	De La Ghetto	['reggaeton', 'reggaeton flow', 'trap latino', 'urbano latino']	[2018, 2020]	2	2
79QO0Xmn1dZhvaLicS2Yrs	The Night Game	['modern alternative rock']	[2017, 2018]	2	2
6nVppoLxZQC587nnLTQcKx	Sebastian Walldén	['swedish pop']	[2018, 2019, 2021]	2	0
0TkqXdyWLsssJH7okthMPQ	Jay Electronica	['alternative hip hop', 'conscious hip hop', 'drumless hip hop', 'hip hop', 'psychedelic hip hop']	[2018]	2	2
01UbHi56W0paf624zfVtYa	Sad Eye	['scandipop']	[2018]	2	2
6fT9phXpEYVm2zB0QzGqDJ	Swedish Red Elephant	['swedish tropical house']	[2018]	2	2
5fWn9g8ERHtGKWdkAuomBx	Tessa Odden	[]	[2017, 2018]	2	2
4ON1ruy5ijE7ZPQthbrkgI	Burak Yeter	['electro house']	[2017, 2018]	2	2
7Dz9goFmVZZqvJxZoKg7pF	Danelle Sandoval	['nyc pop']	[2017, 2018]	2	2
3836OTICMPjhTMMcpPw4EC	Broiler	['nordic house', 'norwegian pop', 'russelater']	[2017, 2018]	2	1
2vI70V5Tc6jB3d2uzb2UEA	Zhala	['swedish indie pop']	[2018]	2	2
7oMRcCu0OYSCtCyS3P37iC	Afro B	['afrobeats', 'afroswing', 'dancehall', 'uk dancehall', 'uk hip hop']	[2018, 2020]	2	2
7xDHTY5TFdVXbIt961koTh	Attack	[]	[2018, 2020, 2021]	2	0
2U3FuHYvL3vhkbDAXm24Ep	Dan Caplen	['neo soul', 'uk contemporary r&b']	[2018, 2019]	2	2
3Gm5F95VdRxW3mqCn8RPBJ	Aminé	['pop rap', 'portland hip hop', 'rap', 'underground hip hop']	[2017, 2018]	2	1
11PpNNR6WoXGTEDLiTjdfe	Fakkboiz	['fotbollslatar']	[2018, 2019]	2	2
2ykUp1K8tRaOUFd8vvcwXl	B3nte	['melbourne bounce international']	[2018, 2019]	2	2
0gjoWt9fRKf09gYem1xjn6	Nathan K	['swedish hip hop', 'swedish trap pop']	[2017, 2018]	2	2
3TOqt5oJwL9BE2NG9MEwDa	Disturbed	['alternative metal', 'nu metal', 'rap metal', 'rock']	[2017, 2018]	2	0
3nwYsifpwrKmCIpw4i0HDW	Konshens	['dancehall', 'traphall']	[2017, 2018]	2	2
4Z4afeDmHFxPmJorIwupbZ	Netta	['israeli pop']	[2018]	2	0
0NRCBhMWztpOQkRkrepakm	BlackJack	['classic swedish pop', 'dansband']	[2017, 2018, 2019, 2020, 2021]	2	0
3zxcIxs8CwOEJaPYDKDtTE	Christer Sjögren	['classic swedish pop', 'dansband']	[2017, 2018, 2019, 2020, 2021]	2	1
1FbsmLXvj5CccZj6JLk46Z	Kim Cesarion	['swedish pop', 'swedish soul']	[2018, 2019]	2	1
0VNgTklamUX0j9Cpc2vzuQ	Jan Malmsjö	['classic swedish pop']	[2017, 2018, 2019, 2020, 2021]	2	0
0aUxoZsg6WRGyEbfPoQlk3	Christmas Jazz Trio	[]	[2018]	2	0
72luDUYRlE8N8lPSgyhiwo	John Gibbons	['uk dance']	[2017, 2018]	2	0
33JQK4UoS2aMPYBfdB5Ftt	Ryan Riback	['melbourne bounce']	[2017, 2018]	2	2
2cADQgiLMjNhbsfeN52Bf3	Swizz Beatz	['battle rap', 'dirty south rap', 'southern hip hop', 'trap']	[2018, 2020]	2	2
5QCf1Qb08Q4E3EPnyo8mw1	Patrik Jean	['scandipop']	[2018, 2021]	2	0
1vo8zHmO1KzkuU9Xxh6J7W	MOTi	['dutch house', 'edm', 'electro house', 'pop dance', 'progressive electro house', 'progressive house']	[2018]	2	2
1qGohIp3a4kh1Euymx0pyL	Ocean Park Standoff	['la pop']	[2018]	2	2
5pyF7nerLdGc4ZV3U72tdQ	Ronny & Ragge	['classic swedish pop', 'danspunk']	[2017, 2018, 2020, 2021]	2	0
6nSyvCv3zRnxU9Q3QUNBrZ	Roman	[]	[2018, 2019]	2	2
7K78lVZ8XzkjfRSI7570FF	José Feliciano	['latin pop', 'puerto rican pop']	[2017, 2018, 2019, 2020, 2021]	2	0
3XyHsKlvXenLURpECPEQOJ	Sonja Aldén	['classic swedish pop', 'swedish pop']	[2017, 2018, 2019, 2020]	2	0
19ra5tSw0tWufvUp8GotLo	George Michael	['new wave pop']	[2017, 2018]	2	1
4b8dLpJgJpNQYzu4AtXLt3	RØMANS	['uk pop']	[2018]	2	2
0qSX3s5pJnAlSsgsCne8Cz	Brett Eldredge	['contemporary country', 'country', 'country road', 'modern country rock']	[2018, 2019, 2020]	2	1
4TEJudQY2pXxVHPE3gD2EU	BlocBoy JB	['memphis hip hop', 'rap', 'tennessee hip hop', 'trap']	[2018]	2	2
21LGsW7bziR4Ledx7WZ1Wf	Johnny Mathis	['adult standards', 'easy listening']	[2017, 2018]	2	2
3EWxytcxaM0tksU6v3je2Q	kiLL edward	[]	[2018]	2	2
4VZY0nxYMSNotbS7WjNVQy	Nyla	[]	[2017, 2018]	2	2
1LKo6ZA3RNvKtLa6zDu32S	Kranium	['basshall', 'dancehall']	[2017, 2018]	2	2
12Chz98pHFMPJEknJQMWvI	Muse	['modern rock', 'permanent wave', 'rock']	[2018, 2022]	2	0
7pGZdOM50pcsszbv0kGc8b	Jacco	['swedish gangsta rap', 'swedish hip hop']	[2018, 2019]	2	2
4jaTFsCTmYIMLy645JIemX	N	['swedish gangsta rap', 'swedish hip hop', 'swedish trap pop']	[2017, 2018]	2	2
2wX6xSig4Rig5kZU6ePlWe	KSHMR	['big room', 'dutch house', 'edm', 'electro house', 'indian edm', 'pop dance', 'progressive electro house', 'slap house']	[2018, 2021]	2	2
6ltzsmQQbmdoHHbLZ4ZN25	Lord Huron	['indie folk', 'modern rock', 'stomp and holler']	[2017, 2018, 2020, 2021, 2022]	2	0
6oSTtYd3B3OJubFU8mVhHQ	JHart	['uk pop']	[2017, 2018]	2	2
6C1ohJrd5VydigQtaGy5Wa	Joyner Lucas	['boston hip hop', 'hip hop', 'pop rap', 'rap']	[2018, 2019]	2	2
2P5sC9cVZDToPxyomzF1UH	Joey Bada$$	['conscious hip hop', 'hip hop', 'rap']	[2017, 2018]	2	2
3mPc8WGusz2XF3Tvs3AKCR	Carlie Hanson	['alt z']	[2018]	2	0
3eFo5fMv53RYZBYlvT5Z6a	Chris Botti	['jazz trumpet', 'smooth jazz']	[2017, 2018, 2019]	2	2
6ueGR6SWhUJfvEhqkvMsVs	Janelle Monáe	['afrofuturism', 'alternative r&b', 'atl hip hop', 'neo soul', 'r&b']	[2018]	2	1
3zrUX1hQrUB9aXcOiyQLmN	Stanaj	[]	[2017, 2018]	2	2
7Ln80lUS6He07XvHI8qqHH	Arctic Monkeys	['garage rock', 'modern rock', 'permanent wave', 'rock', 'sheffield indie']	[2018]	2	0
2RDOrhPqAM4jzTRCEb19qX	Sheck Wes	['pop rap', 'rap', 'trap']	[2018, 2019]	2	1
3gk0OYeLFWYupGFRHqLSR7	Showtek	['classic hardstyle', 'dutch house', 'edm', 'electro house', 'euphoric hardstyle', 'pop dance', 'progressive electro house']	[2018]	2	2
18zO6eeR1PG505akCHt9yB	Glenmark Eriksson Strömstedt	['classic swedish pop']	[2017, 2018, 2019, 2020, 2021]	2	0
7kMyDVBst44rpdogfXhUrk	Karlyn	['dutch pop']	[2018, 2019]	2	2
20j1uz7iDOtIvIzCr5S8nx	SEUNGRI	['k-pop']	[2018, 2019]	2	2
1CO6e7WRJvSFenmQO8n64C	Zhavia	['post-teen pop']	[2018, 2019]	2	2
3CjlHNtplJyTf9npxaPl5w	CHVRCHES	['indietronica', 'metropopolis', 'neo-synthpop', 'shimmer pop']	[2018, 2019]	2	1
6VX2R9L0O0d6qPvqGuIH7b	September	['swedish electropop', 'swedish pop']	[2017, 2018, 2019, 2020, 2021]	2	0
1Fy4Vnoq3HspYLrgEs9VNc	XO Cupid	[]	[2018, 2019, 2020]	2	2
64msO0RZHKEtUsVvNtOrS4	Maya Avedis	[]	[2018, 2019, 2020]	2	2
5BcAKTbp20cv7tC5VqPFoC	Macklemore & Ryan Lewis	['pop rap', 'seattle hip hop']	[2017, 2018, 2019, 2020, 2021, 2022]	2	2
4myTppRgh0rojLxx8RycOp	Ryan Lewis	['pop rap']	[2017, 2018, 2019, 2020, 2021, 2022]	2	2
4e0nWw2r4BoQSKPQ2zpU13	Ray Dalton	[]	[2017, 2018, 2019, 2020, 2021, 2022]	2	2
0xZvYTiM5QT94j1abOm0nC	Davai	['norwegian pop']	[2017, 2018]	2	2
5ZQZv5H3Y0o5poG0Din676	Busungarna	[]	[2017, 2018, 2019, 2020, 2021]	2	0
2txHhyCwHjUEpJjWrEyqyX	Tom Odell	['chill pop']	[2017, 2018, 2021, 2022]	2	0
3tQx1LPXbsYjE9VwN1Peaa	Marc E. Bassy	['indie pop rap']	[2017, 2018]	2	2
4PcgIWHeqqLmAi7kCGiNet	Finess	['swedish hip hop', 'swedish pop rap', 'swedish trap pop']	[2018, 2020]	2	2
4RVnAU35WRWra6OZ3CbbMA	Kylie Minogue	['australian dance', 'australian pop', 'dance pop', 'eurodance', 'new wave pop']	[2018, 2019, 2020, 2021]	2	0
67ghKnycRX6VM1xfqJSMlH	YouNotUs	['german dance']	[2018]	2	2
46WkN3HXolXQ0uLeZZ8Xym	Martin Gallop	[]	[2018]	2	2
4x1nvY2FN8jxqAFA0DA02H	John Lennon	['beatlesque', 'classic rock', 'rock']	[2017, 2018, 2019, 2020, 2021]	2	2
2s4tjL6W3qrblOe0raIzwJ	Yoko Ono	['experimental', 'experimental pop']	[2017, 2018, 2019, 2020, 2021]	2	2
7AtQFHvLsVPNUuvi10QnjT	Adolf Fredriks Flickkör	['swedish choir']	[2017, 2018, 2019, 2020, 2021]	2	2
0AepkoQhYvkjEzzwIcGxdV	Jacob Banks	['uk contemporary r&b']	[2017, 2018]	2	2
20RYWcdxVryQ6rcjxnsEtc	Space Primates	[]	[2018, 2019]	2	2
4xlA0Bz40SuaMYlEwGC0lM	Joakim Molitor	['swedish tropical house']	[2017, 2018]	2	1
0NyzfcGDZZ6GM25EBG9BYK	Ray Parker Jr.	[]	[2017, 2018, 2020, 2021]	2	0
5dkIWtbRmQoX1YLilwg4KJ	Style	['classic swedish pop']	[2018, 2020, 2021]	2	0
3uxLcVF5TlzYlknTnZRlHD	Vlad Reiser	[]	[2018, 2019]	2	0
1rw8ZTLnDHd74TWDDukjVi	Conrad Sewell	['australian pop']	[2018, 2019, 2020, 2021]	2	2
7zuXCL8sL9HjbjyZaXkY1F	Tom Noah	[]	[2018, 2019]	2	2
0qC4DawW3xCirhuq5cvaKV	Mauro Scocco	['classic swedish pop', 'swedish pop', 'swedish singer-songwriter', 'swedish soul']	[2017, 2018]	2	0
5aP2E8K4LY86fUERVzZlnX	Garibay	[]	[2018, 2019]	2	2
3ADyFy1orEwODaiHmRRMQp	Puri	['basshall']	[2018, 2020]	2	2
1vu5vqo8KfwCUGVs7uX24r	Mika Zibanejad	['swedish pop']	[2018, 2019]	2	2
4QQgXkCYTt3BlENzhyNETg	Earth, Wind & Fire	['disco', 'funk', 'jazz funk', 'soul']	[2017, 2018, 2019, 2020, 2021]	2	0
5XnIjshjqYVE2eDVgSt9Ro	Mel & Kim	[]	[2017, 2018, 2019, 2020, 2021]	2	0
58lV9VcRSjABbAbfWS6skp	Bon Jovi	['glam metal', 'rock']	[2018, 2019]	2	0
1NbmG1Fj64qykEcJt1d43a	JRM	[]	[2018, 2019]	2	2
2yPprAQlrIQWu60g09B9MZ	Swarmz	['uk hip hop']	[2018, 2020]	2	2
293zczrfYafIItmnmM3coR	Chuck Berry	['blues', 'blues rock', 'classic rock', 'rock', 'rock-and-roll', 'rockabilly', 'soul']	[2017, 2018, 2019, 2020, 2021]	2	0
6ywXRaHY7m2DJ0dd7CsLAB	Ramz	['afroswing', 'london rap', 'uk hip hop']	[2018, 2021]	2	1
5SSD0QKd5eTn5pnNInsipO	Tomas Blank	['barnmusik']	[2018, 2019]	2	1
4nl9UTIL3ppsexgT6bAMuk	Göteborgs Symfonietta	['barnmusik']	[2018, 2020, 2021]	2	1
3iri9nBFs9e4wN7PLIetAw	gnash	['alt z', 'pop']	[2017, 2018]	2	1
7mkDHzjImR7tnMVJ1QKeFv	Parana	['swedish trap pop']	[2018, 2020]	2	2
1JOdUvDAzNy3L37rZ4Nigr	pewdiepie	['antiviral pop']	[2018, 2019]	2	2
13BXjgYUjBzIvo5KgVoDPb	Endre Nordvik	['norwegian pop', 'norwegian singer-songwriter']	[2017, 2018]	2	0
6MF9fzBmfXghAz953czmBC	Taio Cruz	['dance pop', 'pop', 'pop rap']	[2017, 2018]	2	1
7oNtf1MwhHcyXRsYXE1WsG	Aazar	['electro house', 'electronic trap']	[2018, 2019]	2	2
1UTPBmNbXNTittyMJrNkvw	Blake Shelton	['classic oklahoma country', 'contemporary country', 'country', 'country road']	[2018, 2019, 2021]	2	2
3whuHq0yGx60atvA2RCVRW	Olly Murs	['dance pop', 'pop', 'talent show']	[2017, 2018]	2	2
1eEfMU2AhEo7XnKgL7c304	Carpenters	['adult standards', 'mellow gold', 'soft rock']	[2017, 2018, 2020]	2	0
5v8jlSmAQfrkTjAlpUfWtu	Perry Como	['adult standards', 'easy listening']	[2017, 2018, 2019, 2020, 2021]	2	2
1Ml4OuStDoympbREURAM15	The Fontane Sisters	['deep adult standards', 'vocal harmony group']	[2017, 2018, 2019, 2020, 2021]	2	2
0HS96tPggl2nwiz3gNWWI5	Mitchell Ayres & His Orchestra	"[""man's orchestra""]"	[2017, 2018, 2019, 2020, 2021]	2	2
4rje1ago7T6xEn8SABCTIY	HUMAN	[]	[2017, 2018]	2	0
0A0FS04o6zMoto8OKPsDwY	YG	['cali rap', 'hip hop', 'pop rap', 'rap', 'southern hip hop', 'trap']	[2018, 2019]	2	2
0rlKkLkpsCnJbZethGBfAk	Captain Cuts	['pop edm']	[2018, 2019]	2	2
5Ff6s9LLb8kI7YvK4qQPIw	Ozz6y	[]	[2018, 2020]	2	2
5KcJSAFLAEtpCkK5EI0KLS	Benny Anderssons Orkester	['classic swedish pop']	[2017, 2018, 2019, 2020, 2021]	2	2
7yNfjZY3QJpm4cUj1i0fWD	Kaptan	['hopebeat', 'indie poptimism']	[2017]	2	2
5JSXWmQO8csVUy6hSRu8TA	Maty Noyes	['alt z']	[2017]	2	2
1U5zgr455OGyIkLNXvDdrf	Traditional	['christmas instrumental', 'gregorian chant', 'puirt-a-beul', 'sleep']	[2017, 2020]	2	2
6s22t5Y3prQHyaHWUN1R1C	AJR	['pov: indie']	[2017]	2	0
5Z3wNT3CwCujFCgY7xs9Yu	Death Team	[]	[2017]	2	0
1IELhvOMg5VQlU7syRm6CS	CAZZETTE	['complextro', 'edm', 'electro house', 'pop dance', 'progressive electro house', 'progressive house']	[2017]	2	2
5X4LWwbUFNzPkEas04uU82	DVBBS	['canadian electronic', 'dutch house', 'edm', 'electro house', 'pop dance', 'progressive electro house', 'slap house']	[2017, 2022]	2	2
5KPJMJR9PCfMWSfco8i4W4	Alex Aiono	['teen pop']	[2017]	2	1
5338fdSzGNOFD4cxAxDTeq	Aaron Carter	['post-teen pop']	[2017]	2	0
6EzLWsqvWr22J1Xqfb725F	Thomas Sekelius	['melodipop']	[2017]	2	0
7b7fZRv3EYhFgWYJR3yjXn	Mark McCabe	['irish pop']	[2017]	2	2
47z7ZrgFoBvVpCnElCE3Zh	Yellow Claw	['edm', 'electro house', 'pop dance']	[2017]	2	2
3aQeKQSyrW4qWr35idm0cy	T-Pain	['dance pop', 'gangster rap', 'hip hop', 'pop rap', 'r&b', 'rap', 'southern hip hop', 'trap', 'urban contemporary']	[2017]	2	2
5gcvW6H0e7pudeOGevacuw	Owe Thörnqvist	['classic swedish pop', 'folkmusik', 'swedish rock-and-roll', 'vintage swedish pop']	[2017]	2	0
1qskAseW7apRxJBpYAO9Yk	Felix Snow	[]	[2017]	2	2
3XBxSfCwYIMBzWmJL7ZJ4U	Jason Walker	['viral pop']	[2017]	2	2
4Z0M6MArj4zX4E6S9qDnSi	Sikai	[]	[2017]	2	2
4SQdUpG4f7UbkJG3cJ2Iyj	Arca	['ai', 'art pop', 'deconstructed club', 'escape room', 'experimental pop', 'fluxwork']	[2017, 2021]	2	2
3Bd1cgCjtCI32PYvDC3ynO	London Grammar	['metropopolis', 'nottingham indie']	[2017]	2	0
21451j1KhjAiaYKflxBjr1	Zion & Lennox	['reggaeton', 'urbano latino']	[2017, 2020]	2	2
0KsaydjSf7VoSj7XNTCcpc	Pato Pooh	['swedish hip hop']	[2017]	2	2
7keGfmQR4X5w0two1xKZ7d	Kungs	['edm', 'pop dance']	[2017]	2	2
3aGFCoR8xGN6DKwvdzeSja	ILOVEMAKONNEN	['atl hip hop', 'lgbtq+ hip hop', 'trap']	[2017, 2019]	2	2
7F4HcalxCMC4DctguvnoFY	Ace Wilder	['melodipop', 'swedish pop']	[2017]	2	0
3EW0kQ1skZiK1NHg3Spt9J	Takeoff	['atl hip hop', 'rap', 'trap']	[2017, 2021]	2	2
26T6b8maqEVltcmE4kSDUl	Corona	['diva house', 'eurodance', 'europop', 'hip house']	[2017, 2019, 2021]	2	2
6DpWtzfwV8fcwP6fXckDVu	Starrah	['hyperpop francais']	[2017]	2	2
7qPLO2XOUaRrRxkvLZ3AEK	Zeeba	[]	[2017]	2	2
3GulSpXnCkqwVDg45tyly4	Mack Beats	['swedish hip hop', 'swedish trap pop']	[2017, 2019]	2	2
6V3F8MZrOKdT9fU686ybE9	Mark Morrison	['british soul']	[2017, 2021]	2	2
6jsjhAEteAlY0vCiLvMLBA	ROZES	['alt z', 'indie poptimism']	[2017]	2	2
3AHSrxsL95EsOq42TzZYiA	Martin Masarov	[]	[2017]	2	1
2zzpznMuhKlKlqh1ma7Sms	Dakota	[]	[2017]	2	2
6extd4B6hl8VTmnlhpl2bY	Huncho Jack	['melodic rap', 'trap']	[2017]	2	2
6AiABQVLpWNCWDhBmYbRqG	Fresh Coast	[]	[2017]	2	2
7oKJmnPaABXLPkw3gT7rIa	Jody Bernal	[]	[2017]	2	2
3blngRQf0p4vJgSXtIPXWO	Emil Berg	['swedish idol pop']	[2017]	2	0
1OKyf1iS27lqvUFebKrbee	Cazzi Opeia	[]	[2017, 2022]	2	0
3wLF9BqfbAd67GNKJlqq9o	Champion J.R	[]	[2017]	2	2
0K6fzyWWBati6Zlr6qveA8	Erik Emanuel	[]	[2017]	2	2
6O9WquDfQTxGRZqZUXVEQx	RedOne	['moroccan pop']	[2017]	2	2
3NRGCiqHMO9EKmepIghMmF	Clueless Swede	[]	[2017]	2	2
5nRpThqM28nrzaCdE5kInp	Emilush	['swedish eurodance']	[2017]	2	2
2A20TKm6kTD78J4asJU76w	Anjo	[]	[2017]	2	2
48oiQgxmwNRw1wPpYq9g1E	Spirello	[]	[2017]	2	2
7KUri7klyLaIFXLcuuOMCd	Stargate	['norwegian pop']	[2017]	2	2
2EBLZoR071bKhHfe4TNKPi	Nimo	['swedish hip hop', 'swedish reggae']	[2017]	2	2
5PlfkPxwCpRRWQJBxCa0By	HUGEL	['deep house']	[2017, 2020, 2021, 2022]	2	2
3kklzjWziqW7RX5jQjsRnb	Kartellen	['swedish gangsta rap', 'swedish hip hop', 'swedish reggae', 'swedish trap pop']	[2017, 2021, 2022]	2	2
2PQ0dKMMDle5scqjI1XOPK	Sebbe Staxx	['swedish hip hop']	[2017, 2021, 2022]	2	2
2iUReUXJaxvslFuCQzWTNU	Storkyrkans Kör	['swedish choir']	[2017]	2	0
24DQLSng7bKZD4GXLIaQbv	Percy Faith & His Orchestra	"['easy listening', ""man's orchestra""]"	[2017]	2	2
5OVpyVxzb6h64yLFIS5WTH	Ansiktet	['swedish pop', 'swedish soul']	[2017]	2	0
0UOrN3LNaKApiOSdvJiETl	Shout Out Louds	['swedish alternative rock', 'swedish indie rock']	[2017]	2	0
6c4sUNBgdonFJz8Kx2VsGz	Madcon	['norwegian hip hop']	[2017]	2	1
1QRj3hoop9Mv5VvHQkwPEp	Olivia O'Brien	['alt z', 'pop']	[2017, 2019]	2	2
0k5NrYJAazGYrIhzrDslcT	Johnossi	['swedish alternative rock', 'swedish indie rock']	[2017]	2	0
409nAcccg5ZbLtXMwrZRwf	Elin Bergman	['swedish idol pop']	[2017]	2	0
09AdawDC7B5zcphs18nRB7	Shirley Clamp	['classic swedish pop', 'swedish pop']	[2017, 2022]	2	0
5TgQ66WuWkoQ2xYxaSTnVP	Netsky	['belgian edm', 'dancefloor dnb', 'drum and bass']	[2017, 2019]	2	2
34482S5nfxR441wcnVfrHi	Noah Gundersen	['acoustic pop', 'alternative roots rock', 'indie folk', 'stomp and holler']	[2017]	2	0
762310PdDnwsDxAQxzQkfX	Depeche Mode	['dance rock', 'new romantic', 'new wave', 'permanent wave', 'rock', 'synthpop']	[2017]	2	0
3glG6M6Sm7Zgvms4dFZKbN	Casso	[]	[2017]	2	2
1W3FSF1BLpY3hlVIgvenLz	The-Dream	['dirty south rap', 'hip pop', 'r&b', 'southern hip hop', 'trap', 'urban contemporary']	[2017, 2021]	2	2
0FTrIsp2Mg7Bkf8eXQrISa	PHresher	['nyc rap']	[2017]	2	2
2FwJwEswyIUAljqgjNSHgP	Snakehips	['electropop']	[2017]	2	2
3v426XiIO0zeNmnDYZWCZO	Erik Rapp	['melodipop']	[2017]	2	1
3c55dzx6W0ZFs0frtEgIsm	Sunstroke Project	['moldovan pop']	[2017]	2	0
2vUCVkeZjzDcaoX4gagHdV	Julian Jordan	['dutch edm', 'dutch house', 'edm', 'electro house', 'pop dance', 'progressive electro house', 'progressive house']	[2017, 2021]	2	2
7blkMNJv8n9ceP9zlA4W2U	Shawn Hook	['canadian pop']	[2017]	2	2
6G9bygHlCyPgNGxK2l3YdE	Vanessa Hudgens	['dance pop', 'pop', 'post-teen pop']	[2017]	2	2
3S0tlB4fE7ChxI2pWz8Xip	Giggs	['grime', 'london rap', 'uk hip hop']	[2017]	2	2
63Dir7MyAhpGcHU3rOh3uF	Chris Holsten	['norwegian pop']	[2017]	2	2
6J7biCazzYhU3gM9j1wfid	Jamiroquai	['dance pop']	[2017]	2	0
7Bcr2Bs6phLymt6kdqNNez	Greg Holden	['british singer-songwriter']	[2017]	2	2
6gK1Uct5FEdaUWRWpU4Cl2	Petit Biscuit	['new french touch']	[2017, 2019]	2	0
2vPuwRAvVfadq3wlTgLOvt	Temur	['norwegian pop rap']	[2017]	2	2
0xz4qcJAttwdoIDkWrzuqm	Dennis Doff	['swedish dancehall', 'swedish trap pop']	[2017, 2020]	2	1
2JyWXPbkqI5ZJa3gwqVa0c	Craig David	['british soul']	[2017]	2	1
7ig8pUnno95YNA9MclOveH	Mustasch	['stoner metal', 'swedish alternative rock']	[2017, 2021]	2	0
5wPoxI5si3eJsYYwyXV4Wi	N.E.R.D	['hip hop', 'virginia hip hop']	[2017]	2	2
6UUoOFrzfmGZ50AP9SY97H	Alma	[]	[2017]	2	0
2bxxlINUlcMQQb39K7IopR	Abraham Mateo	['latin arena pop', 'latin pop', 'latin viral pop', 'reggaeton', 'spanish pop']	[2017, 2020]	2	2
38SWPOPO1YqxUPnT4AAoID	The Mayries	['acoustic cover', 'acoustic pop']	[2017, 2019]	2	0
5J0dXmqEYctfFsmcakqZFH	Lisa Miskovsky	['classic swedish pop', 'swedish pop']	[2017, 2022]	2	1
5rr0CMtvn1p9Be8ICfkTc3	Charming Horses	['deep tropical house', 'german dance']	[2017]	2	2
7kfzadZaOgR90Tp8OYH5gM	Boyinaband	['antiviral pop', 'otacore', 'pixel']	[2017, 2019]	2	2
14Tg9FvbNismPR1PJHxRau	Sultan + Shepard	['canadian electronic', 'progressive house']	[2017]	2	2
1C60viSZv6BoYtrnkZ44g5	Nadia Ali	['vocal trance']	[2017]	2	2
6YHEMoNPbcheiWS2haGzkn	Michael Bolton	['soft rock']	[2017, 2020]	2	1
47EbO9KG9g9bIa3ZXn0pwk	Hechmann	['pop edm']	[2017, 2019]	2	1
0bMKf3lIYR9GaNTdFKkTOr	Zonderling	['dutch house', 'electro house', 'progressive house']	[2017, 2020]	2	2
3ipn9JLAPI5GUEo4y4jcoi	Ludacris	['atl hip hop', 'dance pop', 'dirty south rap', 'hip hop', 'old school atlanta hip hop', 'pop rap', 'rap', 'southern hip hop', 'trap']	[2017, 2021]	2	2
4IJczjB0fJ04gs4uvP0Fli	Gym Class Heroes	['dance pop', 'pop rap']	[2017, 2021]	2	1
4bYPcJP5jwMhSivRcqie2n	Adam Levine	['deep talent show']	[2017, 2021]	2	2
6uD7fMzRa46LcvRCACEd2G	SAARA	[]	[2017]	2	1
3FUY2gzHeIiaesXtOAdB7A	Train	['dance pop', 'neo mellow', 'pop', 'pop rock']	[2017, 2019]	2	0
5kW2ng5av985BfqrOMRpk0	Andreas Moe	['swedish indie pop', 'swedish singer-songwriter']	[2017, 2020]	2	1
65lCLhmmyUwnPBD2Bq7FQx	Jon Henrik Fjällgren	['sami', 'swedish pop']	[2017, 2019]	2	1
3RP50pmG8Wz1mhNCidQj68	RITUAL	['indie electropop', 'vapor soul']	[2017, 2019]	2	2
1MPDGl1VzA7muXZSIZ2Zc0	Pablo Paz	[]	[2017, 2022]	2	2
67nwj3Y5sZQLl72VNUHEYE	Wale	['pop rap', 'r&b', 'rap', 'southern hip hop', 'trap']	[2017, 2020]	2	2
73GFzdRqBvOfiuJEjSeERB	Zeana	['swedish pop']	[2017, 2019]	2	2
5n7PIY3yS7npRtQuI5qgjF	KOYSINA	[]	[2021]	2	2
2Waw2sSbqvAwK8NwACNjVo	Bo Burnham	['comic', 'pov: indie']	[2021]	2	0
6n28c9qs9hNGriNa72b26u	PNAU	['alternative dance', 'aussietronica', 'australian dance', 'australian electropop']	[2021, 2022]	2	2
1WO1hFAkFbeo9tV3uVX7Dy	A1 x J1	['chill drill', 'melodic drill']	[2021, 2022]	2	1
3SwHW7YiRPiqokx3zCpyit	Efraim Leo	[]	[2021]	2	0
1PKErrAhYFdfrDymGHRQRo	Nathan Evans	[]	[2021, 2022]	2	1
3tlXnStJ1fFhdScmQeLpuG	Brent Faiyaz	['r&b', 'rap']	[2021]	2	2
4Eoddnw0pOewmCHQYofuwh	Fancy Inc	['brazilian bass', 'brazilian edm']	[2020, 2021]	2	2
4OGlp2UdUQGPJVbvJ82Cz5	Roland Clark	['garage house']	[2021]	2	2
6DdbeAeBlrYj8bNToZv4TY	JESSIA	['alt z']	[2021]	2	0
6Rr1cWqaDnXGUHGTMAh8nN	Evert Mob	[]	[2021]	2	0
2t1vHqFELDwweQWM6JYxHG	Kelvin Jones	['uk pop']	[2020, 2021]	2	2
1Ffb6ejR6Fe5IamqA5oRUF	Bring Me The Horizon	['melodic metalcore', 'metalcore', 'modern rock', 'pop punk', 'rock', 'uk metalcore']	[2021, 2022]	2	1
3KdFzFHhUFCRdbllsQ1lZd	Felicia Takman	['swedish pop']	[2021]	2	0
2qk9voo8llSGYcZ6xrBzKx	Kings of Leon	['modern rock', 'rock']	[2021]	2	0
3iMzbvXlgNUpoFccD60bvr	Prezioso	['italo dance']	[2021, 2022]	2	2
5L1lO4eRHmJ7a0Q6csE5cT	LISA	['k-pop']	[2021]	2	1
4TgsxeFPNtkZ5lneq9AceU	Elena Tsagrinou	['greek pop']	[2021]	2	0
1hY6WSJRQy3FPTnmprOBVh	Ellen Krauss	['swedish pop']	[2019, 2020, 2021]	2	0
05KDKIpxshxrB9BMewaCBW	Love Regenerator	[]	[2021, 2022]	2	2
3rWZHrfrsPBxVy692yAIxF	WILLOW	['afrofuturism', 'pop', 'post-teen pop', 'pov: indie']	[2021, 2022]	2	2
5K6cIE6i4ZIWFlrpzi2T5u	Mr. P	['epa dunk']	[2021]	2	2
3Wis8lYSGuybe6pMwUT7Ug	Jofa	['epa dunk']	[2021]	2	2
1WsYCXdezMjn0KoIrLvMmC	Ed Sheeran & Justin Bieber	[]	[2019, 2020, 2021]	2	2
4vdAAzZBUKbsrvHi6UR7B7	Jessica Darrow	['movie tunes']	[2021, 2022]	2	0
34uGMERnU9XHnmQDnK03Gj	Lillasyster	['danspunk', 'swedish alternative rock']	[2021, 2022]	2	0
1Cd373x8qzC7SNUg5IToqp	BoyWithUke	['sad rap']	[2021, 2022]	2	0
76YIoWHp3Ri3q1ocOPtFzp	AREA21	[]	[2021]	2	2
6SQ1V0fuKnQGrLYE37Q1n3	MIGI	['swedish hip hop', 'swedish trap pop']	[2021]	2	1
369T15zvlCiF4zAzdZNhQL	Arz	['chill drill', 'melodic drill']	[2021]	2	0
031ZXIjZuiaU6ESOFNpGkm	Marti	['swedish gangsta rap', 'swedish trap pop']	[2020, 2021]	2	2
0254wvnQss59PncB9qm8qp	Alba August	['swedish pop']	[2021]	2	0
2LGU3PxihjIK5SUeCVcdFl	ISÁK	['sami']	[2019, 2021]	2	2
3Y7RZ31TRPVadSFVy1o8os	H.E.R.	['r&b', 'rap']	[2019, 2021]	2	2
6HKV18fbiZPLNSoTUnTALb	Anton Ewald	['melodipop', 'swedish idol pop', 'swedish pop']	[2021]	2	0
2o08sCWF5yyo2G4DCiT7T9	HVME	['slap house']	[2020, 2021, 2022]	2	1
2w9zwq3AktTeYYMuhMjju8	INNA	['dance pop', 'romanian house', 'romanian pop']	[2021]	2	2
3ml6MvdCLzBBhK2zT9AhOl	Micky Skeel	['danish pop']	[2020, 2021]	2	0
6LArUyIoMiHmDvvOAsE2cd	Dream	['pixel', 'pov: indie']	[2021]	2	1
2VWX6ZalDVTp1KMGN6JDSl	Siw Malmkvist	['classic swedish pop', 'vintage swedish pop']	[2021]	2	0
0dR988NNn8lrFhXTOxyJfZ	AWA	['swedish idol pop']	[2020, 2021]	2	2
4Hyy3uZ9Y3RyNQKSBOdNFl	Sickan	['swedish hip hop', 'swedish trap pop']	[2021, 2022]	2	0
4Uc8Dsxct0oMqx0P6i60ea	Conan Gray	['bedroom pop', 'pop', 'pov: indie']	[2020, 2021]	2	1
5AiY4bxeXerLXx03JADdQv	Buni	['uk drill']	[2021, 2022]	2	2
0gAILSEru1PKMwP0tAqNLS	Willow Sage Hart	['show tunes']	[2021, 2022]	2	2
1g9S6C1WRQYwddKiR3Kwcv	Oberg	['epa dunk']	[2020, 2021]	2	0
0ZAsOmIHoBCsm7wINZfuTn	Jamzey	[]	[2019, 2021]	2	2
5SXuuuRpukkTvsLuUknva1	Baby Keem	['hip hop', 'rap']	[2021]	2	2
23zg3TcAtWQy7J6upgbUnj	Usher	['atl hip hop', 'contemporary r&b', 'dance pop', 'pop', 'r&b', 'rap', 'south carolina hip hop', 'urban contemporary']	[2020, 2021]	2	2
4klH9sjw1BjPGzibWyZaIj	Montana	['swedish trap pop']	[2021, 2022]	2	2
4mzjimF31WZY4ufszXpq3I	Adis	['swedish trap pop']	[2021, 2022]	2	2
0FOWNUFHPnMy0vOw1siGqi	Belly	['canadian hip hop', 'canadian trap']	[2021]	2	2
20qISvAhX20dpIbOOzGK3q	Nas	['conscious hip hop', 'east coast hip hop', 'gangster rap', 'hardcore hip hop', 'hip hop', 'queens hip hop', 'rap']	[2020, 2021]	2	2
523y9KSneKh6APd1hKxLuF	Master KG	['bolobedu house', 'south african house']	[2020, 2021]	2	2
35GL8Cu2GKTcHzKGi75xl5	Jennifer Hudson	['dance pop', 'r&b', 'urban contemporary']	[2020, 2021]	2	2
21UPYSRWFKwtqvSAnFnSvS	Amaarae	['afro r&b', 'afrobeats', 'alternative r&b', 'ghanaian alternative', 'ghanaian pop']	[2021]	2	2
2hVWBpjLW4Q7fboYz2pVYK	Moliy	['ghanaian alternative']	[2021]	2	2
10n5lhNDoSMUHWLlnST1yw	Slade	['glam rock']	[2019, 2020, 2021]	2	0
3WR4aQtPax6XwTi9L0L3DJ	Ellen Bergelin	['swedish pop']	[2020, 2021]	2	2
7MPGCB854Qo4alYMOPkBka	Ritt Momney	['bedroom pop']	[2020, 2021]	2	0
6wlk4iqaEgEvADMVG6QMd8	James Gillespie	['indie anthem-folk']	[2021]	2	2
04UWvFdSYUV4wv6UJ0mARE	2 Blyga Läppar	['danspunk', 'kalmar indie']	[2019, 2021]	2	0
4EukF0aMNL8Cc5kUSNsXPZ	Mohelá	['swedish hip hop', 'swedish trap pop']	[2021, 2022]	2	1
2yLzlEFtIS0Q9UkyBZdQA7	Jessie Murph	['alt z', 'singer-songwriter pop']	[2021, 2022]	2	0
77SW9BnxLY8rJ0RciFqkHh	The Neighbourhood	['modern alternative rock', 'modern rock', 'pop', 'pov: indie']	[2020, 2021, 2022]	2	0
4b19vuzlDcNdU4quI7L6sW	ElyOtto	['hyperpop', 'weirdcore']	[2021]	2	0
6nVcHLIgY5pE2YCl8ubca1	Jhayco	['reggaeton', 'trap latino', 'urbano latino']	[2020, 2021]	2	2
22bE4uQ6baNwSHPVcDxLCe	The Rolling Stones	['album rock', 'british invasion', 'classic rock', 'rock']	[2020, 2021]	2	0
0qpUea90ifRlk1spr5hFbY	Ture Brute	[]	[2020, 2021]	2	2
4yvcSjfu4PC0CYQyLy4wSq	Glass Animals	['gauze pop', 'indietronica', 'modern rock', 'pov: indie', 'shiver pop']	[2021, 2022]	2	0
3tl4Gc5RItD9lE6MJZGhLg	Clara Klingenström	['gotlandsk musik', 'swedish pop']	[2021, 2022]	2	0
7LiVklVR1325BIOqD9kykr	CLMD	['norwegian pop']	[2019, 2020, 2021]	2	2
7mWMzxN6IAIQ1tfFFtAiQv	Bryn Christopher	['british soul']	[2020, 2021]	2	2
1esNGCDFDiy6sKEqPhlLb4	Augustine	['swedish indie pop']	[2020, 2021]	2	0
5WwVhFK3J7CWQn30hZ8GPb	Twelve	[]	[2020, 2021]	2	1
6olE6TJLqED3rqDCT0FyPh	Nirvana	['grunge', 'permanent wave', 'rock']	[2021, 2022]	2	0
6U3ybJ9UHNKEdsH7ktGBZ7	JID	['hip hop', 'rap', 'underground hip hop']	[2021, 2022]	2	2
57nPqD7z62gDdq37US9XJR	Arcane	[]	[2021, 2022]	2	2
1WgXqy2Dd70QQOU7Ay074N	AURORA	['art pop', 'norwegian pop']	[2020, 2021]	2	1
157ntmMB3KJcSN5GetlzJk	Lunds Studentsångare	['swedish choir']	[2020, 2021]	2	2
5HfK3VuVDpr1eCeYgE6h7Z	Mats Olin	[]	[2019, 2020, 2021]	2	0
0HwoxRrJuqhgbbjhUiBh9P	10an	['swedish gangsta rap', 'swedish hip hop', 'swedish trap', 'swedish trap pop']	[2020, 2021]	2	2
7okSU80WTrn4LXlyXYbX3P	Clinton Kane	['alt z', 'gen z singer-songwriter']	[2020, 2021, 2022]	2	1
20nKo8C8M0JpIznby9Dv5p	Östen Med Resten	['classic swedish pop', 'swedish pop', 'vintage swedish pop']	[2019, 2020, 2021]	2	0
2TcGJdSOiOvITBzhvfX8XB	Shouse	['aussietronica']	[2021]	2	1
1ThoqLcyIYvZn7iWbj8fsj	Bill Withers	['funk', 'quiet storm', 'soul']	[2020, 2021]	2	1
7xt4XwzlemR8yD2e3M26Wj	råsa	[]	[2020, 2021]	2	1
1bnxdcJP0Kn0EP2sBfd8Sn	Zikai	[]	[2020, 2021]	2	1
20T8LnGddV02rGVPDxsOml	Luk G	[]	[2019]	2	2
1fctva4kpRbg2k3v7kwRuS	Rvssian	['reggaeton', 'trap latino', 'urbano latino']	[2019]	2	2
6hSnbFV44BMzWgP9alWsTc	Joel Alme	['swedish indie pop']	[2019, 2020]	2	1
142TY556WknD1ZRV8XilJQ	Joe Janiak	[]	[2019]	2	2
0D00AEI0IWmoBtdIH75zXs	Dolly Style	['swedish pop']	[2019, 2020]	2	0
0chh7dlaUzEreDTulHiOlm	KEiiNO	['norwegian pop', 'sami']	[2019]	2	0
1AXqKV1nhx3eMcHzD5pNVx	Jamkid	['swedish dancehall', 'swedish trap pop']	[2019, 2020]	2	2
541TCRllUeWDv5v81aNi8G	Ikhana	['scandinavian r&b', 'swedish hip hop']	[2019]	2	2
6M3rUPqXzEcBsKFl0f9q8c	Lance & Linton	[]	[2019, 2020]	2	2
4mmCU7zVOOUa384vOn7aKT	NC Carson	[]	[2019, 2020]	2	2
0D7xlQDyHU73mrurTwo0Fu	Adouli	['swedish trap pop']	[2019, 2020]	2	0
1igVsxmGxt1VTKPulM0EuA	Jungleboi	[]	[2019, 2020]	2	2
2tP82Obc3GVQTpFJkjUabp	Sarek	['classic swedish pop', 'folkmusik', 'swedish pop']	[2019, 2020, 2022]	2	0
3NccRg2H1XTSVekaTZZ3Xd	TEN TIMES	[]	[2019]	2	2
3zdcGIxMZCtOpFDPuP5rmM	The Companions	[]	[2019]	2	2
4rojTfP5nRkmYpdSbWQgV4	Death Stranding: Timefall	['video game music']	[2019]	2	2
5Z9W23mX5gDSgLmmR2iUqh	Ibbe	['swedish hip hop', 'swedish trap pop']	[2019]	2	2
1ShZZUjkbXCjhwrb18BA8I	Bryce Vine	['indie pop rap']	[2019]	2	2
7KHA7OOevgTDFhlym0oEyP	Adriana Proenza	['spanish indie pop']	[2019, 2020]	2	2
3KwmxIhSe9UTSEF37kwngR	SHAED	['electropop']	[2019, 2020]	2	2
2a0uxJgbvvIRI4GX8pYfcr	J Hus	['afroswing', 'grime', 'uk hip hop']	[2019, 2020]	2	2
0svmVqwlzmbBfwofH6uGbk	Lovespeake	['norwegian pop']	[2019, 2020]	2	2
0YinUQ50QDB7ZxSCLyQ40k	Mustard	['cali rap', 'pop rap', 'rap', 'southern hip hop', 'trap']	[2019, 2020]	2	2
7uubu7R9BJ9dZ5cgQIZQ7U	Unga Scener	['swedish drill', 'swedish hip hop', 'swedish trap pop']	[2019, 2020]	2	2
5wTdspmxzb8V4ZjvDodpBo	A Touch Of Class	['europop']	[2019]	2	2
3SYnDj7btg9gFY7ps8m5d5	RANI	['dutch pop']	[2019]	2	2
0vRvGUQVUjytro0xpb26bs	Arizona Zervas	['pop rap', 'rhode island rap']	[2019, 2020]	2	0
5qMHOzLlXeOEjOncWYtRfZ	Stevie Appleton	[]	[2019]	2	2
6ObeGN1qTsep95QRNOfNc3	Mangoo	['swedish eurodance']	[2019, 2020]	2	2
028lPW2NdWHdSPCkRkcyhd	Ant Clemons	[]	[2019]	2	2
49tQo2QULno7gxHutgccqF	LANY	['la pop']	[2019]	2	2
1rfH6kxUn8tYlzejKr3894	Oscar Enestad	['swedish pop']	[2019]	2	0
1nXKebLP3LjQqDhWvXH3Pf	Nigma	['swedish drill', 'swedish hip hop', 'swedish trap pop']	[2019, 2020]	2	2
7MzHPIXAqIOCnvK0sVY72W	Helene Fischer	['schlager']	[2019, 2020]	2	1
0p4nmQO2msCgU4IF37Wi3j	Avril Lavigne	['canadian pop', 'candy pop', 'pop']	[2019, 2022]	2	2
4ZhFCxPekpmV12n2xMeF2z	Ink	[]	[2019]	2	2
4jpsw9CQS439N0B7SecMgf	Ant Saunders	['chill r&b', 'viral rap']	[2019, 2020]	2	0
7lBuetx6JmB7FIvFqOkpJT	Gary Holt	[]	[2019]	2	2
1bbQonthjOgjcUc1vyy1XZ	Ebbot Lundberg	['swedish alternative rock']	[2019]	2	0
0QJIPDAEDILuo8AIq3pMuU	M.I.A.	['escape room', 'indietronica', 'new rave']	[2019, 2020]	2	1
4nljnlPiswjFIoVpLGn8Wc	MishCatt	['indie tico', 'pop costarricense']	[2019, 2020]	2	1
22JdJVovP3pV9XkGTih01c	Game of Thrones	[]	[2019]	2	2
05AgKaCjWDb1UNg7yPOFEs	Robin Yaas	[]	[2019, 2020]	2	2
4uAXlCewJdAu44uAHehKfd	Elov & Beny	['danspunk', 'swedish eurodance']	[2019, 2020]	2	0
3nc8VYKBqtooEzkV1S1orW	Danne Stråhed	['dansband', 'skansk musik']	[2022]	2	0
1Z25ZlGHqqlr3o1UGQOfNn	JNR CHOI	['gambian hip hop']	[2022]	2	1
7aW31nDOJIcYe95ZM8udyD	Sandra Kassman	[]	[2022]	2	2
79AyR6ATpj2LTPxfb6FX50	Lauren Spencer Smith	['alt z', 'gen z singer-songwriter']	[2022]	2	0
7uyCbr8t8wRzRgPoADaHvl	Faith Kakembo	[]	[2020, 2022]	2	0
0NbfKEOTQCcwd6o7wSDOHI	The Game	['gangster rap', 'hip hop', 'pop rap', 'rap', 'southern hip hop', 'trap']	[2020, 2022]	2	2
3A9B6c1CrSPauiOblw7pWz	Nico Santos	['german pop']	[2020, 2022]	2	2
33NVpKoXjItPwUJTMZIOiY	David Kushner	['gen z singer-songwriter']	[2022]	2	0
6Rmg5JiRphFMlhkwGNl9Fu	Tom Gregory	['uk pop']	[2020]	2	1
3RYYha3CC7js2PHbcBHewt	ICEKIID	['danish hip hop', 'danish pop']	[2020]	2	2
5mJaAw5lTHiVY6mxfCtz2X	4yye	['swedish hip hop', 'swedish trap', 'swedish trap pop']	[2020]	2	2
5KYEMMz9O9iLIESifKAEOp	WhoHeem	['viral rap']	[2020]	2	0
4tw2Lmn9tTPUv7Gy7mVPI4	Kenny Rogers	['classic country pop', 'country', 'nashville sound']	[2020]	2	1
6rcE30MaP92XafelMNZ2Sq	Frank Walker	[]	[2020]	2	2
3O5HD95HTEPgoPFOjAb7yV	DripReport	['viral rap']	[2020]	2	0
6dW62vIwebEJmO2f6cTLGK	Nassim Al Fakir	['barnmusik']	[2020]	2	1
1qid2RAqbRe7NvZ8tCxbOS	DANO	['swedish hip hop', 'swedish trap pop']	[2020]	2	0
7r2uG6BlFXKcwmh9ItqlII	Wrabel	['alt z']	[2020]	2	2
05GSra7vTwr8o54Brzp2nA	Helion	['melbourne bounce international']	[2020]	2	2
0ijmTKTGsjqOXfL5mWgUXC	Mike Emilio	['melbourne bounce international', 'russelater']	[2020]	2	2
7ecUintnJKHsDyZT1qOPYZ	SUD	['covertronica']	[2020]	2	2
7rkCNsGJmoXH4OY2keNjsq	Inglewood Public Church Gospel Choir	[]	[2020]	2	2
3oXpnVT7kg367PfwhfwSvK	Lili & Susie	['classic swedish pop', 'swedish pop']	[2020]	2	0
12mbpzyxvmv9X0hEascBqo	Fungz	['swedish dancehall', 'swedish hip hop', 'swedish trap pop']	[2020]	2	2
1MXZ0hsGic96dWRDKwAwdr	Tyla Yaweh	['cali rap', 'melodic rap']	[2020]	2	2
71jSVPQ6yskfyvWeiwvT5s	S1mba	['afroswing']	[2020]	2	2
3i94wxAKQqlJyiPLDmjNdH	St. Lundi	['uk pop']	[2020]	2	2
5gBb4inMl5EJFcQxEWpQJ7	Annika Herlitz	['melodipop']	[2020]	2	2
3Rlyt6ToRQB1h1w59K1jpz	The Alley	[]	[2017, 2018]	1	0
7sJxjRbP3iGqQJmQIW671e	Made Of Snow	[]	[2018]	1	1
7z9m1sy0FnEgIuwOhrtn7C	Jason Dering	[]	[2018]	1	1
0IcwumPFXL1XWQ0Z9CCuCV	Broder Daniel	['gothenburg indie', 'swedish indie rock']	[2018]	1	0
66se5dgU4TBgWvHtXrYrz0	Fred Åkerström	['classic swedish pop', 'visor']	[2017, 2018, 2019, 2020, 2021]	1	0
3WtrH1zNpzoPSz6XpwCh6y	Delilah Montagu	['british singer-songwriter']	[2018]	1	1
0bdJZl7TDeiymDYzMJnVh2	Preme	['canadian hip hop', 'canadian trap', 'toronto rap']	[2018, 2019]	1	1
3VFkFQHH2uYlTAc3m0ofIG	Joel Ighe	[]	[2018]	1	0
48XeauxB5rhLPXPtACuuUR	Katastrofe	['norwegian hip hop', 'norwegian pop', 'russelater']	[2017, 2018]	1	1
4OOpr3GpdupraAdP9XBROY	Kikko	['swedish trap pop']	[2018]	1	1
5UoVu1GLlLIrD1sNod6xsm	MPL	['swedish trap pop']	[2018]	1	1
6kveFlWW2CZY1bfiX51UnW	Lxandra	['indie electropop']	[2018]	1	0
1qSJaftSab2kTTsj7fLxvM	DJ SpinKing	['slow game']	[2018]	1	1
1B0Rp4SWGnFgGCPU5Pju6E	Nego do Borel	['funk carioca', 'funk das antigas', 'funk ostentacao', 'funk pop', 'sertanejo universitario']	[2017, 2018]	1	1
2UOx6w3eHpPKc3RBnNV3Rl	Safri Duo	['eurodance']	[2018]	1	0
7iLc4hrjOjQPfg1E3cCHg1	Tim Berg	['edm', 'electro house', 'pop dance', 'progressive electro house']	[2018]	1	1
1tQn5gWbo3ee6n2Z52ogY5	Madame Monsieur	['french pop']	[2018]	1	0
3cMEiDsx9VpGvF71hUGswS	Eddie Meduza	['dansband', 'danspunk']	[2017, 2018, 2019, 2020, 2021]	1	0
6kACVPfCOnqzgfEF5ryl0x	Johnny Cash	['arkansas country', 'outlaw country', 'rock']	[2017, 2018, 2020]	1	0
4Lj9IwyjADyWsk9eEtQUbY	AMWIN	[]	[2018]	1	0
1RQ3ZwCNI7KniEKIN5kkio	MATTN	['belgian edm', 'sky room']	[2018]	1	1
0wqZ6mvk4DfOvtQUVniOCX	HIDDN	['belgian edm']	[2018]	1	1
0oT12Br0BVmBsLXE0Xg9Aa	Kaitie Forbes	[]	[2018]	1	1
75EZuo5MHV2572NRpMWotC	Crystal Fighters	[]	[2018]	1	0
52lBOxCxbJg0ttXEW9CQpW	Louis Prima	['adult standards', 'jump blues', 'lounge', 'swing', 'tin pan alley']	[2018]	1	1
4kI8Ie27vjvonwaB2ePh8T	Portugal. The Man	['indie rock', 'indietronica', 'modern alternative rock', 'modern rock']	[2017, 2018, 2019, 2020]	1	0
5Fd7uQWqAWTmcOidyOUhDo	K E M A L	[]	[2018, 2019]	1	0
5i09Vd9N18qRJl2RcXODOp	Cathrine Lassen	[]	[2018]	1	1
34Y0ldeyUv7jBvukWOGASO	Bobby Shmurda	['nyc rap', 'rap', 'trap']	[2018]	1	1
4FmkyL0ggkDBUUoPzBlo80	Amanda Bergman	['swedish americana', 'swedish indie folk', 'swedish indie pop']	[2018]	1	1
76yeOnINtQSXyoEHbkYmtY	Drew Love	[]	[2018]	1	1
4QTVePrFu1xuGM9K0kNXkk	Dexys Midnight Runners	['new romantic', 'new wave', 'new wave pop']	[2018]	1	0
79tTZzeIjEwOE6JMHG5eBS	Snook	['swedish hip hop']	[2017, 2018]	1	0
0xrdmIUHfV2UfaHVZ1u4Nv	Brooklyn Jazz Quartet	[]	[2018]	1	0
2JLqTvFXmC87BksiCsBezV	Matt Terry	['talent show']	[2018]	1	0
2Q5xMO7xxS59W7ipdDQMQe	Ida Redig	['swedish pop']	[2018]	1	0
3pbi8H08p95NUZ7m6ybxUV	Static Major	[]	[2018]	1	1
5xKp3UyavIBUsGy3DQdXeF	A Great Big World	['neo mellow', 'piano rock', 'pop rock', 'viral pop']	[2018]	1	1
1fux65HMCBvfJHqlBc4Nno	Casper Magico	['reggaeton', 'reggaeton flow', 'trap latino', 'urbano latino']	[2018]	1	1
7Gl6zw4YYJQ1CAgs7oEBPY	Sven-Bertil Taube	['classic swedish pop', 'folkmusik', 'visor']	[2017, 2018, 2019, 2020, 2021]	1	0
1iwseab2dozTUHoF5taAdf	Jarami	['scandipop']	[2018]	1	0
4FuonFF3VstySELPvJpBk6	Hector	[]	[2017, 2018]	1	1
7hiP4TJKuSnvZfERnXm6N3	DoReDoS	['moldovan pop']	[2018]	1	0
3qnGvpP8Yth1AqSBMqON5x	Leon Bridges	['modern blues', 'neo soul', 'soul']	[2018]	1	0
1ey5VhgKiBdbcAZtZWDgY8	Adoo	['gothenburg hip hop', 'swedish hip hop', 'swedish pop rap', 'swedish trap pop']	[2017, 2018, 2019, 2020, 2021]	1	1
0U8nIveJcnzHmhs0lI5YSM	Baba Moe	['swedish trap pop']	[2017, 2018, 2019, 2020, 2021]	1	1
79XSzUC0yAPPoxiuss55qC	Patrik Isaksson	['classic swedish pop', 'swedish pop']	[2017, 2018]	1	0
5JUYSPkis2Mk6HUbmMqk1m	Sean Ono Lennon	['beatlesque']	[2018, 2019, 2020, 2021]	1	1
3M208gr0Cbai9J2HyVCLMp	Goodito Frito	[]	[2018]	1	1
7wzaSKTsjE9HnuDuZTX452	Arlissa	['uk pop']	[2018]	1	1
29QbBR0oTzA7A0kiOzrbbr	Jamie Scott	['uk pop']	[2017, 2018]	1	1
5gWzmnHTLNXz5CjOc0wAuK	Romy Dya	['dutch pop']	[2017, 2018]	1	1
2wzMOQwNT6ZvVB4amvhFAH	The Pogues	['celtic punk', 'celtic rock', 'folk punk', 'punk']	[2017, 2018, 2019, 2020, 2021]	1	1
6UlNIFEuWlBqb4TvlVCekq	Kirsty MacColl	['new wave pop']	[2017, 2018, 2019, 2020, 2021]	1	1
0e4vnHBYwY6LQqrhutIcnj	Sean Christopher	['pop folk']	[2018]	1	0
6Q7UV9Oa87GypGTKiuOh6f	Equinox	[]	[2018]	1	0
5haVwjDd8z1dsR0uQewwoP	Hurula	['norrbotten indie', 'swedish punk']	[2018]	1	0
3mLdH6xxrscTf2poCN9Kzy	Rio Santana	[]	[2018]	1	1
2V0DROfM2ieFSOcA3SHJLD	Judah	[]	[2018]	1	1
4DROs1Ye9DiLY3X8L7xvl8	Andrez Babii	['rap romantico']	[2018]	1	1
5p3OgFVHTqd8MAGGxlOYl3	Svante Thuresson	['classic swedish pop', 'swedish jazz']	[2017, 2018, 2021]	1	0
65c5si0ePAwkOCn4M35Ho7	Sérgio Mendes	['bossa nova', 'brazilian jazz', 'samba']	[2018]	1	1
2XmqtWcNsjq5XxlE6p5WrT	Orsa Spelmän	['swedish fiddle']	[2018]	1	1
1RPkmmQvK1fU7Mm5EnF3tT	Achee Flips	['swedish hip hop', 'swedish pop rap', 'swedish reggae', 'swedish trap pop']	[2018, 2019]	1	1
2KYfeQ6dGw7LRwDfIZnQls	Omar X	['swedish dancehall']	[2018, 2019]	1	1
6AyATGg7mDgBlZ4N5uNog0	SYML	['modern indie pop']	[2018]	1	0
2J6pigOrBmKQgqJUY5UM7r	Matt OX	['melodic rap', 'plugg', 'rage rap']	[2018]	1	1
65Tmt9uAPTYGl1ZhsOeEJ6	HAEVN	['dutch pop']	[2018]	1	0
69UfPJgUmFFAVT740qGVZi	Ken Darby Singers	[]	[2017, 2018, 2019, 2020, 2021]	1	1
735L650pvygCZZlPMyHqsN	John Scott Trotter & His Orchestra	['light music']	[2017, 2018, 2019, 2020, 2021]	1	1
7t0pGCMWKASEO5EMqfM1ZJ	Sanja Ilic & Balkanika	[]	[2018]	1	0
1QNQUlR0uLW0ovRuVRjYir	Josef Bamba	['scandipop']	[2018]	1	0
7IVoEUsdtoKVbab3dwvWpQ	Lea Sirk	['slovenian pop']	[2018]	1	0
7mqvAMLRLuuThMgNMJ94uT	Matt Herrero	['acoustic chill']	[2018]	1	0
3Bj81IbILbuj2uEwWXMdXI	Sosamann	['atl trap', 'houston rap', 'memphis hip hop']	[2018]	1	1
150wwSpzxl67b7uF1dCKS7	Camp Sweden	['fotbollslatar']	[2018]	1	1
0SI31W55XNtC1fkDMpjWGN	Ola Lustig	['swedish eurodance']	[2018]	1	1
5ITI6SEoUZMIXXkzCfr4oE	Aluna	['dance pop']	[2017, 2018]	1	1
3U4YeD9p381pXkebifD865	Cesar Sampson	[]	[2018]	1	0
4GaA53bqvMoSs2WzEFGiLe	Lia Marie Johnson	['teen pop']	[2018]	1	1
2qSEpijpT3YSXgxcXac1ly	Chris Willis	[]	[2018]	1	1
1KnHjTHixdc2LUAao2idXo	Mad Kings	[]	[2018]	1	1
23TFHmajVfBtlRx5MXqgoz	Sfera Ebbasta	['italian hip hop', 'italian pop', 'trap italiana', 'trap latino']	[2018]	1	1
2W6kbe0nm96COrHzNmfLLd	MC Fioti	['funk carioca', 'funk ostentacao', 'funk paulista']	[2018]	1	1
1bAftSH8umNcGZ0uyV7LMg	Duki	['argentine hip hop', 'trap argentino', 'trap latino', 'trap triste', 'urbano latino']	[2018]	1	1
6dmoJs6zxK4lhx1C2Su5ZX	Ozzy	[]	[2018]	1	1
5gznATMVO85ZcLTkE9ULU7	Lenny Kravitz	['permanent wave', 'rock']	[2018]	1	1
3WktPSTNlu4rZAr3k9ojLt	Idde Schultz	['classic swedish pop']	[2018]	1	0
643bvSrCzawnfdDySi1mry	Lionman	[]	[2018]	1	0
1E1W3to8HhGSkkIEUMwEjd	Dewain Whitmore	[]	[2018]	1	1
2WjEkeX1y6MEjtIfvwrme1	Bruno Wintzell	[]	[2017, 2018, 2019]	1	0
0yrxhO4ZqOCw2c41xhOuid	Suncat	[]	[2018]	1	1
2xgAJkalFHfceCNGETOkyM	GRX	[]	[2018]	1	1
7pLntWGInZPQxc4kXxzzjB	Liz Gillies	[]	[2018, 2019]	1	1
00CLyjzrPw7J4MYF3csaD4	The Seasonals	[]	[2018]	1	1
4m7aXQRoYdAlr4o5slvLm7	Dinah Smith	[]	[2018]	1	1
2QNMXD0LQQi0rtuFjXcMr1	Benislav	['hard bass']	[2018]	1	0
3MYalQJJxaayEUG1duS3ci	Beri	[]	[2018, 2019]	1	1
58XdW0XyGukvmGatf7NC2R	Frida Hyvönen	['swedish singer-songwriter']	[2018, 2019]	1	1
1I7oHjCjMrMUz66v67yJJu	Joshua Hyslop	['acoustic pop', 'indiecoustica']	[2018]	1	0
7cTXfwpe9peK0UE1bZyIWZ	Pinkfong	"['cartoon', ""children's music"", 'dong-yo']"	[2018]	1	0
1sDVuztNhGcetCLChkleDA	Michel Teló	['sertanejo', 'sertanejo universitario']	[2018]	1	0
5Il27M5JXuQLgwDgVrQMgo	Dimitri From Paris	['deep house', 'disco house', 'shibuya-kei']	[2018]	1	1
3eiiqLHGYxQlhgvyuteRHy	Tonsatt	[]	[2017, 2018]	1	1
77soHKyCS72fG4mKe1jLH2	Nor	[]	[2018]	1	1
5w78E7ncWx8w99ACGdcqkt	Stiko Per Larsson	['dalarna indie']	[2018]	1	0
7ipEnB9F8J0yMsm9dX9R6o	Balsam Boys	[]	[2017, 2018, 2019, 2020, 2021]	1	0
0u9vzjsKphHVnO9h8hJeX1	Tove Burman	[]	[2018]	1	1
1qAuetfG6mhtDgsVIffWQc	Susan Boyle	['operatic pop']	[2017, 2018, 2019, 2020, 2021]	1	0
71Q2gPB29qmkDICBn5V9qz	Enes	[]	[2018]	1	1
4bw2Am3p9ji3mYsXNXtQcd	Piso 21	['colombian pop', 'latin pop', 'reggaeton', 'reggaeton colombiano', 'trap latino', 'urbano latino']	[2018]	1	1
7ItZtoe666YNPLyUx1AqIo	KONO	['scandipop']	[2018]	1	1
0CRSh7BVlQExWiqzoogJga	The Fireflies	[]	[2018]	1	1
6lBN3Tzt61u8i9AJoAhKzF	Mykola Dmytrovych Leontovych	['post-romantic era', 'ukrainian classical']	[2018, 2019, 2020, 2021]	1	1
3dRfiJ2650SZu6GbydcHNb	John Williams	['orchestral soundtrack', 'soundtrack']	[2018, 2019, 2020, 2021]	1	1
1Gtx7uxcwFWqBHt9OeESgj	Lokal	['swedish hip hop', 'swedish pop rap', 'swedish trap pop']	[2018]	1	1
79JTEMLzQSqwCjtoxjTy8D	Shirin	[]	[2018]	1	0
4mgrIhoYnm5QMXkDHhPaDJ	Cláudia Pascoal	['portuguese pop']	[2018]	1	1
2oiBFya19iAwi0SCaltq1F	Isaura	['portuguese indie']	[2018]	1	1
3nFkvH82eVm8wLghoXuw0o	Dog Collective	[]	[2018]	1	1
6pIZVoyzbaWsH6e2PGqjeA	MPH	[]	[2018]	1	1
1zMg0ur2T1UsRYtW9VNsLv	D50	['swedish trap pop']	[2018, 2019]	1	1
7e1BNCygl2Gf7CX8LrByPv	Ummet Ozcan	['big room', 'dutch house', 'edm', 'electro house', 'pop dance', 'progressive electro house']	[2018]	1	1
19hJMUXMcS8gYrClV2rDj1	Pelle Almgren	[]	[2017, 2018, 2019, 2020, 2021]	1	1
6Q7Oqf72uotLysWia2B4WX	Wow Liksom	[]	[2017, 2018, 2019, 2020, 2021]	1	1
7ebKsKSwksnZw4p89jqpon	Nic & The Family	['swedish eurodance']	[2017, 2018]	1	0
6fJIdgIr67mX3lLEBjIMac	Josh Dylan	['hollywood', 'movie tunes']	[2018]	1	1
46sPwUO4mwBrA1wnSK83tl	Hugh Skinner	['hollywood', 'movie tunes']	[2018]	1	1
5xxkw4ElO0WX3v4i1W5kAQ	Ryan O'Shaughnessy	['irish singer-songwriter']	[2018]	1	0
3MyFDtqB80WZvbtCZRsekM	Bakermat	['minimal tech house', 'tropical house']	[2018]	1	1
5Tf4EH8tDvznnjULcFxkIl	Alex Clare	['modern alternative rock']	[2018]	1	1
2s6lxOYvvCvzpHtd3VyuMj	Uffie	['dance-punk', 'electro-pop francais', 'electroclash', 'electrofox', 'new rave']	[2018]	1	1
0gxyHStUsqpMadRV0Di1Qt	Rick Astley	['new romantic', 'new wave pop', 'soft rock', 'sophisti-pop', 'synthpop']	[2017, 2018]	1	0
3ot6fEzKvRrCnWy5BWlnxU	Vita	[]	[2018]	1	1
0aeRagbqQCOKkVURrvcMrn	Cliff Edwards	['movie tunes']	[2018]	1	0
3GrBqSjQjzwavLDJkmAtxd	Marcy Chin	['dancehall queen']	[2018]	1	1
26deOFc7Oj2gu2pqzPo9O8	Lotta Engberg	['classic swedish pop', 'dansband']	[2017, 2018, 2019, 2020, 2021]	1	0
5yuHwiLMl8Mz5onBhn5HII	Peter Lundblad	['classic swedish pop']	[2017, 2018, 2019, 2020, 2021]	1	0
6she1IFNmNdO7ZTfjXest0	Osman	[]	[2018]	1	0
6tt0iYnpHERj05WATWRiom	Bantu	['zimdancehall']	[2018]	1	1
1vLVhyvTemQZ6bd5oY1Fql	The Boppers	['classic swedish pop', 'dansband', 'danspunk']	[2018]	1	1
2jaOpr7Go1avixlg1lfJOb	Sissel	['classic norwegian pop', 'operatic pop']	[2017, 2018, 2019, 2020, 2021]	1	1
1buzCmyYZE4kcdLRudsb8V	Mikky Ekko	['nashville indie']	[2017, 2018]	1	1
5U2zidY0OdTB6P5axinwOZ	Jessica Keenan Wynn	[]	[2018]	1	1
30o4QIjXJukHg0IGC93AV1	Alexa Davies	['show tunes']	[2018]	1	1
0ueWjtogcQO8bHxAskyxDY	Celia Imrie	['movie tunes']	[2018]	1	1
22Wo43V44RtrpJZsjeI9EA	Pugh Rogefeldt	['classic swedish pop', 'svensk progg']	[2017, 2018, 2019, 2020, 2021]	1	0
74eY8wbrhhVD7pACbBHwHw	Imany	['french indie pop']	[2017, 2018]	1	1
5NW2uPFatEKjZQ5gpWD8HO	Filatov & Karas	['russian dance', 'russian edm', 'russian pop']	[2017, 2018]	1	1
4N8BwYTEC6XqykGvXXlmfv	George Benson	['jazz funk', 'jazz guitar', 'smooth jazz', 'soul jazz', 'yacht rock']	[2018]	1	1
1nJYcSH06guDcRrpENM2Oa	Sanna, Shirley & Sonja	[]	[2017, 2018, 2019, 2020, 2021]	1	0
0vn7UBvSQECKJm2817Yf1P	James Taylor	['classic rock', 'folk', 'folk rock', 'heartland rock', 'mellow gold', 'singer-songwriter', 'soft rock']	[2018]	1	1
3OqTvcWgb0xaainosGVvuZ	Gala	['eurodance', 'italo dance']	[2018]	1	0
7amcWVAeY8e6YwgV9bXlKH	Thomas Rusiak	['swedish hip hop']	[2018]	1	1
1DBs5OPBD5sSenZiky8GWd	PeeWee	[]	[2018]	1	1
4yZwjMvsxpzl8qkWhkLUfr	Chris Kilroy	[]	[2018]	1	1
0DRf6JJDQnRnz0Yp209CmH	Stadiumx	['dutch house', 'edm', 'electro house', 'pop dance', 'progressive electro house', 'progressive house', 'sky room']	[2018]	1	1
5CieAewiroqzWWxdsWuoNu	Matluck	[]	[2018]	1	1
41qil2VaGbD194gaEcmmyx	Will Smith	['hip hop', 'pop rap']	[2018]	1	1
3NKKngINK1tP6BFy0WOyWk	Max Styler	['brostep', 'tech house']	[2018]	1	0
5qCokIiCCFpFk1E4k7TvGN	Barbi Escobar	[]	[2018]	1	0
71UZaAOfewFyTqIb0Kji9h	Laura V	[]	[2018]	1	1
7jzDkV54gHUBIffc4vRvBA	Lazee	['swedish eurodance', 'swedish hip hop']	[2018]	1	1
2LXsMBPri2LoZyo4ENWtzN	Miinou	[]	[2018]	1	1
4MTYEubODrxzURN1kCZWGF	Triad	[]	[2017, 2018, 2019, 2020, 2021]	1	0
78D8GHzW7QisjfTwhk9PM2	Trap City	['bass trap']	[2018]	1	0
5wWvcn0hJXPhCw9eYUody0	Derek Pope	[]	[2018]	1	1
2mVVjNmdjXZZDvhgQWiakk	Khruangbin	['indie soul', 'neo-psychedelic']	[2018, 2019]	1	0
62NHTtSAx53zVd4ZFWDt41	Walmart Yodel Kid	[]	[2018]	1	0
44pWZb5cKs7MHIMPwQNcZc	Olivia Eliasson	[]	[2018]	1	0
0u18Cq5stIQLUoIaULzDmA	DROELOE	['bass trap', 'future bass', 'pop edm', 'vapor twitch']	[2018]	1	0
6iSZjc4kOoKZKiBXK5HbwD	El Chombo	['panamanian pop']	[2018]	1	1
4qDGDPGMIJuIvPfUGe0Ngg	Cutty Ranks	['lovers rock', 'old school dancehall', 'roots reggae']	[2018]	1	1
7ELjk8iRPbhLku2XB6t6kS	Melody Club	['swedish indie pop', 'swedish synthpop']	[2018]	1	0
2JX4h8xm0hNxCB0aNBWzyi	Gyptian	['conscious hip hop', 'dancehall', 'reggae fusion']	[2018]	1	0
4gOc8TsQed9eqnqJct2c5v	K/DA	['k-pop girl group']	[2018]	1	1
2AfmfGFbe0A0WsTYm0SDTx	(G)I-DLE	['k-pop', 'k-pop girl group']	[2018]	1	1
0tRFWXqKBBQcu5oFVOgVzX	Jaira Burns	['alt z']	[2018]	1	1
10GRqg0xzOzJI8yOgs5DbS	KOPS	['danish electropop']	[2018]	1	0
0NWbwDZY1VkRqFafuQm6wk	Mike WiLL Made-It	['atl hip hop', 'rap', 'southern hip hop', 'trap']	[2018]	1	1
3lPFbddh3n0k4CJTdkX5VI	EKI	['orebro indie']	[2018]	1	1
4Ti87O4moismQt9R7nzbIf	Soulmates	['orebro indie']	[2018]	1	1
3mlNO7nX9wkXiB3kw7oExM	Ulrik Munther	['swedish idol pop', 'swedish pop']	[2018]	1	0
7wy9Plp8SD5l3LDuJubTcv	Jimilian	['danish hip hop', 'danish pop']	[2018]	1	1
1HcAkAeL4xf02wzAnl7mIV	Michaël Brun	['raboday']	[2018]	1	1
6CwfuxIqcltXDGjfZsMd9A	MARINA	['metropopolis', 'pop', 'pov: indie', 'uk alternative pop']	[2018]	1	1
4Yf5RPE8EmVwSdc5H7tzKC	Harvey Miller Band	[]	[2018]	1	0
0oSGxfWSnnOXhD2fKuz2Gy	David Bowie	['art rock', 'classic rock', 'glam rock', 'permanent wave', 'rock']	[2018, 2019]	1	1
4GrH6djlMelZDucxke8WAk	Chris Crone	[]	[2017, 2018]	1	1
4tWoA7JxH2OmNjkvhI7Z3t	Rasmussen	[]	[2018]	1	0
2Q4l7xGX0Y3u1f0m4V7kG2	Mikael Rickfors	['classic swedish pop']	[2017, 2018, 2019, 2020]	1	0
4UffC3o3JiLSg7pa5DpQbp	Mike Yung	['pop soul']	[2018]	1	1
4RejC27ZYVf1l48buiDkpS	Pidde P	[]	[2018]	1	1
5z6lREJNyXymRje6EjHIBA	Landslagsbarnen	[]	[2018]	1	1
68kEuyFKyqrdQQLLsmiatm	Vince Staples	['conscious hip hop', 'hip hop', 'rap', 'underground hip hop']	[2018]	1	1
3kv1Edgn5HlEWCuEKr1Y9x	Yugen Blakrok	['south african hip hop', 'spiritual hip hop']	[2018]	1	1
79D4dipwR6scV8AN3dm7gW	Seth MacFarlane	[]	[2017, 2018]	1	1
2Sqr0DXoaYABbjBo9HaMkM	Sara Bareilles	['acoustic pop', 'lilith', 'neo mellow', 'pop rock', 'post-teen pop']	[2017, 2018]	1	1
2I5ZkGFj7RYeIBjV4dFlWn	AWS	['hungarian metal', 'hungarian rock', 'magyar alternative']	[2018]	1	0
20twLKFb2Nhd8duUH0k2DJ	Jake Gosling	[]	[2018]	1	1
2Oz9WXdk6nsT64jTEn9pVu	KDL	[]	[2018]	1	1
1GZrKwVL73MyDEr4bR9sRk	Tore	[]	[2017, 2018]	1	0
4bvWFV51SAEocM22uiDOza	Pretty Sister	['la pop']	[2017, 2018]	1	1
5abrQugiw9ysKSuemQW7K9	Amanda Jenssen	['classic swedish pop', 'lund indie', 'swedish pop']	[2017, 2018, 2019, 2020, 2021]	1	0
05JNHlwtdHqPJ6wcW7Mil5	Robert Broberg	['classic swedish pop']	[2017, 2018, 2019, 2020, 2021]	1	0
2oRTLExi1ct74cVtfAwfhV	Gromee	['polish pop']	[2018]	1	1
1UCXsW8FAxf9DQYpfJaRg6	Lukas Meijer	[]	[2018]	1	1
7pGyQZx9thVa8GxMBeXscB	K'NAAN	['reggae fusion']	[2018]	1	0
2KU7pJgPoJC3uwJRZPYQ8G	BATE	['malaysian indie']	[2018]	1	1
7wLyGTO9vUS7ndlq4BvBGe	Blake Rose	['australian electropop', 'singer-songwriter pop']	[2018]	1	1
3W1715uFRerp7Qyl7tK49F	Radio 3000	[]	[2018]	1	1
6DgIKnRByKIGunZf00T5pu	Khan-ji	[]	[2018]	1	1
2VPvWVAiP9GICmwh4bLUuE	Sahara Hotnights	['power-pop punk', 'swedish indie rock']	[2018]	1	0
0XAzqhdQM4Oa2uzORPlqCt	Fox Blanco	['scandipop']	[2018]	1	0
08JjzDgK2ltxMBWlez1YyH	Hasse Andersson	['classic swedish pop', 'dansband', 'skansk musik', 'swedish country']	[2017, 2018, 2019, 2020, 2021]	1	0
0PFtn5NtBbbUNbU9EAmIWF	TOTO	['album rock', 'classic rock', 'hard rock', 'mellow gold', 'rock', 'soft rock', 'yacht rock']	[2017, 2018, 2019, 2020, 2021]	1	0
19eLuQmk9aCobbVDHc6eek	Louis Armstrong	['adult standards', 'dixieland', 'harlem renaissance', 'jazz trumpet', 'new orleans jazz', 'soul', 'swing', 'vocal jazz']	[2017, 2018, 2019, 2020, 2021]	1	0
21E3waRsmPlU7jZsS13rcj	Ne-Yo	['dance pop', 'pop', 'r&b', 'urban contemporary']	[2017, 2018, 2021]	1	1
7mZEi87Lf4Bxy4XQwIyOEK	Maja Ivarsson	[]	[2018]	1	0
0NKDgy9j66h3DLnN8qu1bB	Eurythmics	['dance rock', 'new romantic', 'new wave', 'new wave pop', 'soft rock', 'sophisti-pop', 'synthpop']	[2017, 2018]	1	1
5MspMQqdVbdwP6ax3GXqum	Annie Lennox	['new romantic', 'new wave', 'new wave pop', 'singer-songwriter', 'soft rock', 'synthpop']	[2017, 2018]	1	1
7gcCQIlkkfbul5Mt0jBQkg	Dave Stewart	['new wave pop', 'rock keyboard']	[2017, 2018]	1	1
5N122ipJuHRgvvFmbNU6iz	Ant Wan	[]	[2018, 2019]	1	1
6jGTQUbpPzVMd963Rbuns9	Black Ghost	[]	[2018, 2019]	1	1
28ExwzUQsvgJooOI0X1mr3	Jay Rock	['conscious hip hop', 'hip hop', 'rap', 'southern hip hop', 'trap']	[2018]	1	1
3HqQXlVVvoBiSiYRmyi1qV	Willemijn May	[]	[2018]	1	1
3aT2GOh9Iy2WJmDhE6PorP	Luana Kiara	[]	[2018]	1	1
7H0dyws9JvjtecZazKLNpM	Kevin Faye	['swedish tropical house']	[2018]	1	1
6MRg4YTaVBD0ITyA94ekhj	Johnny Edlind	['scandipop']	[2018]	1	1
1g0fXhQMHAxlRyIBkCbuE7	Matt Simons	['neo-singer-songwriter']	[2018]	1	0
2V5xArcB3BGAHmwsK46tyU	Vladimir Cauchemar	[]	[2018]	1	1
5JAuEHFIUj9FqnQRrsmISo	Jonas Gardell	[]	[2018]	1	0
6O74knDqdv3XaWtkII7Xjp	Boyz II Men	['boy band', 'contemporary r&b', 'new jack swing', 'r&b', 'urban contemporary']	[2018]	1	1
0S2dfczvN0sOxEw559snHT	Tiggs Da Author	['uk hip hop', 'uk pop']	[2018]	1	1
2TNijh48oKtoXSp0imx7t5	P3GI-13	[]	[2018, 2019]	1	1
0tR60pwxQ5WKjPxQcKoCQ7	Messiah	['trap dominicano', 'trap latino']	[2018]	1	1
6xvpfMjWTougrRRtK7iikz	Mason Ramsey	['contemporary country', 'country']	[2018]	1	0
0N0d3kjwdY2h7UVuTdJGfp	Cascada	['eurodance', 'europop', 'german techno', 'melbourne bounce international']	[2018]	1	0
2WnWBVe8DzF0qpstAxddn2	Redward Martin	[]	[2018]	1	1
2l35CQqtYRh3d8ZIiBep4v	MKTO	['pop', 'post-teen pop']	[2017, 2018, 2021]	1	0
0KEExJc1NKwmzJxQHbbkts	Leah Culver	['pop edm']	[2018]	1	1
6XQ970Rahv4ZqURkFb1bgk	Malaka	[]	[2018]	1	0
4EIXOUTnf8Gtbk2kq4LYNK	The Real Group	['a cappella']	[2017, 2018, 2019, 2020]	1	0
62FaS5AarFCrus8LxSVKKW	teddy<3	['la pop', 'transpop']	[2018]	1	1
71le7jtjw9hq389Fnvi6XM	Soleima	['danish electropop', 'danish pop']	[2018]	1	0
5GG0pdHtmalM60Fzer1Yei	Louise Hoffsten	['classic swedish pop', 'swedish blues']	[2018]	1	0
21aa4pj9BvbFB2iT8kRpnq	Michael Schulte	['german pop', 'talentschau']	[2018]	1	0
0pt7PX4Hftlg8mV1ySU84Q	CVBZ	['dark r&b']	[2017, 2018]	1	1
5gdO1cvqTN17AuyLUvC2hD	Julia Bergwall	['gotlandsk musik']	[2018]	1	0
7vb7VLDqpLTlAy1ctTMR5d	Alex Gaudino	['disco house', 'vocal house']	[2017, 2018]	1	1
2sd9Q3r0Jhqpe3w9WVuG43	Crystal Waters	['diva house']	[2017, 2018]	1	1
4as3khXWaPjfkFdCA0JWMo	Jesse®	['modern alternative pop']	[2018]	1	1
27eEve8Mu7Zv8DGDIz4peE	Hugo Helmig	['danish pop']	[2018]	1	0
0BxbGJtwQaMOuQpui3WUnC	Rob Bourne	['swedish trap pop']	[2018, 2019]	1	1
36jaGQtMj5UWD0eO1fCVdD	Joel Adams	['australian pop', 'pop soul', 'teen pop']	[2017, 2018]	1	0
4we5S2VLjgY9KzIzApL1KI	Ryan Tedder	[]	[2018]	1	1
4XWTdNlsP8jqo5BDn5hgmd	Ermal Meta	['italian adult pop']	[2018]	1	1
3ebOqZZsLCDAkLS6QdI8cc	Fabrizio Moro	['italian adult pop']	[2018]	1	1
6L1yXwZajCFJsGZcCIRuTc	Moncho	['swedish trap pop']	[2018]	1	0
2Hn9fch2OLB5jZuEAVjTCe	Count Basie Orchestra	['bebop', 'big band', 'jazz', 'swing']	[2018]	1	1
7giUHu5pv6YTZgSkxxCcgh	Edward Sharpe & The Magnetic Zeros	['la indie', 'stomp and holler']	[2018]	1	0
4EyhwDFo0iKdv2nMUM4m1Q	Sean Banan	['barnmusik', 'swedish eurodance', 'swedish pop']	[2017, 2018, 2019, 2020, 2021]	1	0
6U1dBXJhC8gXFjamvFTmHg	Zac Efron	['hollywood', 'movie tunes', 'post-teen pop']	[2018]	1	1
1iBGuNBYRKnNdKxm0kKNM0	Young Sinatra	[]	[2018]	1	1
6rLWD5vrN1ZaNU0peuEH7t	Tom Hangs	[]	[2018]	1	1
4Siyzg8kWayQfPQsPSl6JI	Shermanology	['dutch house']	[2018]	1	1
5lpH0xAS4fVfLkACg9DAuM	Wham!	['new romantic', 'new wave', 'new wave pop', 'soft rock']	[2017, 2018, 2019, 2020, 2021]	1	0
1HUUKt5Ms3fG0VO6JJGicO	Krishane	[]	[2018]	1	1
7mnAzEmgquhrVtGob81SmO	Big Shaq	['london rap']	[2017, 2018]	1	0
4ufOssbJqddb9FzTewwXal	SuRie	[]	[2018]	1	0
0eBOZ74PcpQb3SisNPgaRQ	Jake Reese	['dutch pop']	[2018]	1	1
5iuXjsXsTXs8lwmqzsF6dZ	Waylon	['dutch americana', 'dutch pop', 'dutch rock']	[2018]	1	0
5QuBVnBPEzwYvFrgBbwpmU	Empress Of	['art pop', 'electropop', 'escape room', 'etherpop', 'shiver pop']	[2018]	1	1
6B3ZWSop1mrJd71rwFozVP	Nils Landgren	['contemporary vocal jazz', 'german jazz', 'jazz pop', 'swedish jazz']	[2018]	1	1
2awA1B7HXmbpuyMEJQkEyr	Johan Norberg	[]	[2018]	1	1
4epZWwhakogZTfyKbGpvQa	Jonas Knutsson	['swedish jazz']	[2018]	1	1
0cwmNvclzPd8mQnoHuIksj	Vengaboys	['eurodance', 'europop']	[2017, 2018]	1	0
2CvCyf1gEVhI0mX6aFXmVI	Paul Simon	['classic rock', 'folk', 'folk rock', 'mellow gold', 'permanent wave', 'rock', 'singer-songwriter', 'soft rock']	[2018, 2021]	1	0
3HK7vcHoVWQ7jgWz2sHvOY	Big Fox	['swedish indie pop']	[2018]	1	0
0WOxhx4hikIsyF3CRPLC8W	Famous Dex	['chicago rap', 'drill', 'rap', 'trap']	[2018]	1	0
6eAgLH03d9tz233IAj1VuD	Ludvig Taninger	[]	[2018]	1	1
0vVRCx8Sot4aZXUxE9nuPa	Hjalmar Serenius	[]	[2018]	1	1
2YYAp30sXeDAKiTLMfKGTT	The NGHBRS	['la pop']	[2018]	1	1
4cdyqaBREB68H77QKCrKP1	Dubdogz	['brazilian bass', 'brazilian edm']	[2018]	1	1
29bg2tYJCCyiuZdbsc9mFh	Jetlag Music	['brazilian edm']	[2018]	1	1
4ngmXjzqqHfeZeYnAav41E	Duckhandz	[]	[2018]	1	1
406q6sgfZrGpzt9WBluljV	Fotbollshuliganen	['fotbollslatar']	[2018]	1	0
4NgNsOXSwIzXlUIJcpnNUp	Sarah McLachlan	['canadian pop', 'canadian singer-songwriter', 'ectofolk', 'lilith', 'permanent wave', 'pop rock']	[2017, 2018]	1	0
7IH0t5xw6fSnciwzyblOU3	Språk för alla	['fotbollslatar', 'swedish idol pop']	[2018]	1	1
4l4iEpkx8TjjtfLr12nANh	Toni Prince	[]	[2018]	1	1
01pKrlgPJhm5dB4lneYAqS	Sigma	['dancefloor dnb', 'house', 'pop dance', 'uk dance']	[2018]	1	1
4XY7BEqVPyIqRve1CWHTqr	Louis III	['uk contemporary r&b']	[2018]	1	1
2OjoIDVPQKT9B7loZbPEfp	Claudia Leitte	['axe', 'pagode', 'pop nacional', 'sertanejo', 'sertanejo universitario']	[2018]	1	1
2fTfS7krIHHUCF6dRQmbkG	ORKID	[]	[2018]	1	0
6J3RPKUwZlKMzh3vWa9wPc	Skott	['indie electropop']	[2018]	1	0
4cmA2QDPdzh8W2ytpyUGes	Young Scooter	['atl trap', 'drill', 'trap']	[2018]	1	1
1TlTz1l8LzQ7AiXjBO77Ep	Contiez	['melbourne bounce', 'melbourne bounce international', 'progressive electro house']	[2017, 2018]	1	1
2vz513fFOvrrkuISQd1CYG	Treyy G	['melbourne bounce', 'melbourne bounce international']	[2017, 2018]	1	1
40NRiKuuhj1pgGYppptlBO	Not3s	['afroswing', 'grime', 'uk hip hop']	[2018]	1	1
6jyr8jHac3RvXIltjYqVJi	Yianna Terzi	['greek pop']	[2018]	1	0
1D953gELvYO8pd1hxk5swV	The Waked	['scandipop']	[2018]	1	0
1KTqjrxuvcfUeCrCaNOa5L	Moms	['swedish hip hop']	[2018, 2019]	1	1
085pc2PYOi8bGKj0PNjekA	will.i.am	['dance pop', 'pop']	[2017, 2018]	1	1
3cWGilyM7pw2Q1bGbTXuBr	TrifeDrew	[]	[2018]	1	1
7iymigONRODGl6XJIprcuF	Jocelyn Alice	['canadian electropop']	[2018]	1	1
1Ix7HXvYniFdqONR5YeFEy	Anders Ekborg	['classic swedish pop']	[2017, 2018, 2019]	1	0
53I4RAzuXWvaO1vzrCBJbD	E-Type	['eurodance', 'swedish eurodance']	[2018, 2021]	1	0
1zA1SXPOHRh3RMsvRScrfv	Meron	['swedish hip hop', 'swedish trap pop']	[2017, 2018]	1	1
7ddmLYyJBZga3el9ZLzXOU	Donyanah	[]	[2017, 2018]	1	1
6rHWAH6F4mr2AViSxMV673	Jessica Mauboy	['australian indigenous', 'australian pop', 'australian talent show']	[2018]	1	0
7iURZ6msGELD5SZqMqKa7G	Martin Almgren	['melodipop', 'orebro indie']	[2018]	1	0
1ZDET5tZjBIjNBb7WIqGTw	Richard Smitt	[]	[2018, 2019]	1	1
2zBTTG88cyMow2iY5hk4pP	Just D	[]	[2017, 2018, 2019, 2020, 2021]	1	0
2xSkGZBEbUVJ8z1E0d0pzB	Taranchyla	['riddim']	[2018]	1	1
712InoSIIy6pB9rCV2R5id	Bori	[]	[2018]	1	1
4khtDyqMsFLSV24T9g07Np	Renaida	['swedish idol pop', 'swedish pop']	[2018]	1	0
3HX0wFvwBn3wbxrtHuEUus	Bailey Jehl	['acoustic chill']	[2018, 2019, 2020]	1	0
7AcV1lk8Zrgo1691PDWEle	Freshlyground	['african rock', 'afropop', 'south african jazz', 'south african pop', 'south african pop dance']	[2018, 2021]	1	1
5vzatckTArMry6nN8LD4fF	Emmi Christensson	[]	[2018]	1	0
4phGZZrJZRo4ElhRtViYdl	Jason Mraz	['acoustic pop', 'dance pop', 'neo mellow', 'pop']	[2017, 2018]	1	0
0vneleczrRRNPF1vj0x0vy	The Harlem Community Choir	[]	[2017, 2018, 2019]	1	1
4m2kfAHEnK7Z7qLGxeWtro	The Plastic Ono Band	['beatlesque', 'experimental rock']	[2017, 2018, 2019]	1	1
2KbikmQKGiUPR2ARs1h0sq	Gilli	['danish hip hop', 'danish pop']	[2018]	1	1
4nym9MDEPnWmPfuWwsyKeL	MÉLOVIN	['ukrainian pop']	[2018]	1	0
6TzmAsjutcZoBvt0wLvqbK	ZLATAN	[]	[2018]	1	1
0MPZGh0Za7JsWOUTABeDE4	Day	[]	[2018]	1	1
7bSq8V5IGFa89VPDIvzehw	CIRE	[]	[2017, 2018]	1	1
5GqCeOjQkrkxxvFSLFPfui	Werner & Werner	[]	[2017, 2018, 2019, 2020, 2021]	1	0
2X97ZAqRKRMYFIDqtvGgGc	Silk City	['edm']	[2018]	1	1
5ZHdPTW1cR0FD0HMBY0Zd3	Andreas Aleman	['deep soft rock']	[2017, 2018]	1	1
7H0ovPvT9huVeoQOpO1gRZ	Cooper Phillip	[]	[2017, 2018]	1	1
7HIwOaRr44aOCBZHJSVhLD	Christian Walz	['swedish soul']	[2018]	1	1
2xDZ8qyyE2Ti4wL1Ob1T7V	Hanne Mjøen	['melodipop']	[2018]	1	0
0LJ84eGN5V4Av9rj4xzLSS	Ieva Zasimauskaitė	['lithuanian pop']	[2018]	1	0
07FfkbljNIdl45Ijlh1aXS	RHODES	['indie anthem-folk', 'uk pop']	[2018]	1	1
35LrJOOCGCqEjzrtyG4bkC	Benislav & Denkov	['hard bass']	[2018]	1	0
4I2QW85rkIhCRRZt1kuBqS	GoldFord	[]	[2018]	1	1
0lHsjYcb3lGjkJQQqC6HVt	Sebastien Drums	['progressive electro house']	[2018]	1	1
3eii93RK8M9F3wEJDe7YJG	Decco	[]	[2018]	1	1
0vqJkZ0RpLZixt3lTmD8vP	Whethan	['electropop', 'hyperpop', 'rage rap']	[2018]	1	1
0CQ5U8MznUppkvKGHmXznz	Remi Young	[]	[2018]	1	1
1X6cBGnXpEpN7CmflLKmLV	Kizz Daniel	['afrobeats', 'afropop', 'azontobeats', 'nigerian pop']	[2018]	1	1
7fGejcqwbdfn47UP7NcdUt	Freestyle	[]	[2017, 2018, 2019, 2020, 2021]	1	0
71c9ORC5hHt0J1TGCa5nxN	Nordman	['classic swedish pop', 'folkmusik', 'swedish pop']	[2017, 2018]	1	0
3NDd4Jte97ZCYqZBEQbs23	Theron Theron	[]	[2018]	1	1
3rjHIPFed2qITXAWvArRtp	Iselin	['norwegian pop']	[2018]	1	1
5pDjmC5mRl7vDJhsjVwNfk	Freya Ridings	['uk pop']	[2017, 2018]	1	0
3sEqETeMb1urfCoVUhdjUv	Tham Sway	[]	[2017, 2018]	1	1
6Z4puj0KYgtcxJrVXKmvBX	Sharaya J	['jersey club', 'new jersey rap']	[2018]	1	1
6Kz7MXIUFMtp5Ts91lagtR	Mikolas Josef	['czech pop']	[2018]	1	0
5cuIDrzlgb5jGwLlRWYnAc	Erlando	['swedish tropical house', 'tropical house']	[2018]	1	1
4pbDqb4qTvdtUTeJViSQ0k	Natali Noor	[]	[2018]	1	1
6lARILK6EdOzI2VN5ozube	OBEY	[]	[2018]	1	1
2MQPFMMvClOozd5UKDRGFV	DON V	[]	[2018]	1	1
1UtBjqMZBAmqIPlDrKu7Tr	Andrew Rayel	['edm', 'moldovan pop', 'pop dance', 'progressive house', 'trance']	[2018]	1	1
6nm4djgpdFFLFs9QvU7cqq	Jake Torrey	[]	[2018]	1	1
1svaANJTE5KrG16fTGDqOs	The Puppini Sisters	['easy listening', 'swing', 'swing revival']	[2017, 2018, 2019, 2021]	1	1
6hL8IlB7tKuRiqChLyEJGr	HOFFMAESTRO	['swedish reggae']	[2017, 2018]	1	0
6C9L2BmC9z74gjfp0iIqw0	Armin	[]	[2018]	1	1
3aO2Q4cXKGxsh87bX4Oavo	KILATE TESLA	[]	[2018]	1	1
3xhksfxjNLUAyxUdijvk4x	Kalibwoy	['dutch rap pop']	[2018]	1	1
7n4yZSvg16XY22sxvZzKfw	Simon Samaeng	['acoustic chill']	[2018]	1	1
45oM1jn6eqwgYndWpBIeYM	Oktav	[]	[2018]	1	1
6bwVWdQfr6ttzrGLboVkjg	Paul Rosenberg	[]	[2018]	1	0
6LwvSdL2UhxsNvIyvYqoql	Felicia Olsson	['melodipop']	[2018]	1	0
7CAcmPN2c4Tw70JQScmdwC	Lill Lindfors	['classic swedish pop']	[2018, 2020, 2021]	1	0
6lQbKezHkug0aJSkAjYYO5	Hallman	['beach house', 'swedish tropical house']	[2018]	1	0
5ghnxpW47ojtLHHyTLdxdY	Witt Lowry	['indie pop rap']	[2018]	1	1
1Q9KyQkc3vODeRt9OfItxl	Katie Pearlman	['gen z singer-songwriter']	[2018]	1	1
1TBqlc2KwgI8pEkTdkTwGH	Farida	['scandinavian r&b']	[2018]	1	0
6nboHpRsZBI6pPX9lSBvgT	Donel	[]	[2018]	1	1
3b9QV6S2I6oaHYlgE8dv4g	Matinbum	[]	[2018]	1	0
7FjElQ2FxgAbDGSrcE7K6O	Angel	[]	[2017, 2018, 2019, 2020, 2021]	1	0
5pSxRT0z1CuAGQNo4KMSYg	buller	['gothenburg hip hop']	[2018]	1	1
53FcnpGvG0Og4LGlWai6do	GLOBBY	[]	[2018]	1	1
7JC0696Iw2EKPiHEaftMU8	El Chilli	[]	[2018]	1	1
5aZco5HxpgwlkQjuRyWxvx	Gray	[]	[2018]	1	1
6xeFne1rkxMhKSW3ipvkdV	Toploader	['british alternative rock']	[2017, 2018, 2019, 2020, 2021]	1	0
1AAfkmCFRTSDg18GQ3itgl	DJ Katch	['basshall']	[2017, 2018]	1	1
4yX6mpMyBGf9UfvBB8JJrc	Hayla	[]	[2017, 2018]	1	1
6nBujjA6fus37LVZEqEULp	Cosmos & Creature	['la pop']	[2018]	1	0
6Ff53KvcvAj5U7Z1vojB5o	*NSYNC	['boy band', 'dance pop', 'pop']	[2018]	1	0
3QUOtWgmuxFyae4C0Q0thd	ABIR	[]	[2018]	1	1
0UCLbPGOhtnYf29U7qbfLf	Elias	[]	[2018]	1	0
2uFC1dAj5b0YU7vulKNZ0p	Banx & Ranx	['basshall']	[2018]	1	1
5AbLpsnTQVNB3OEadYiVrK	Yxng Bane	['afroswing', 'grime', 'uk dancehall', 'uk hip hop']	[2018]	1	1
1ackd5XprZEkH3McKbQD51	Juan Magán	['electro latino', 'spanish pop']	[2018]	1	1
5e4Dhzv426EvQe3aDb64jL	Shania Twain	['canadian country', 'canadian pop', 'contemporary country', 'country', 'country dawn']	[2017, 2018, 2019, 2020, 2021]	1	1
1RDRqPYnN9dTo41jhKth2F	Max George	[]	[2018]	1	0
7MGdiIKFdjEY56X1xpXroI	Valentine	[]	[2018]	1	1
7sc53ILf25bAriqrCMgYTt	Ahdam	['swedish gangsta rap', 'swedish hip hop', 'swedish trap', 'swedish trap pop']	[2018]	1	1
7vGkwxpdjmp2UoWRIfqrVc	Party in Backyard	['social media pop']	[2018]	1	1
1OAjDaKgg00KCUYqDe68un	Gigi D'Agostino	['eurodance', 'italo dance']	[2018, 2019]	1	1
3HYuDfDJCzvtSVHWpNndWD	Mimi Werner	['melodipop', 'swedish country', 'swedish pop']	[2018]	1	0
7C5LeG2YnjpSOYGMlXSprN	Ted Nights	['deep pop edm']	[2018]	1	1
14O6pFhZXj9B1JFcAZ3OSs	Voices of Winter	[]	[2018]	1	0
3E51y3Ff8aURnyOkaxDXKS	Davay	['hard bass']	[2018]	1	0
46lnlnlU0dXTDpoAUmH6Qx	Lou Bega	['latin pop']	[2018, 2020, 2021]	1	0
7HV2RI2qNug4EcQqLbCAKS	Keala Settle	['broadway', 'hollywood', 'show tunes']	[2018, 2019]	1	1
63nv0hWWDob56Rk8GlNpN8	The Greatest Showman Ensemble	['movie tunes']	[2018, 2019]	1	1
78CiW0UJbHspFaVuVexOK6	Charlie Cunningham	['british singer-songwriter', 'indie anthem-folk', 'indie folk']	[2018]	1	0
4yiQZ8tQPux8cPriYMWUFP	Gwen Stefani	['dance pop', 'pop']	[2018, 2021]	1	1
67Lz9CWEfBpcH7myXeRb0b	Brolle	['classic swedish pop', 'swedish pop']	[2017, 2018]	1	0
2uCmngYSlTEELzZXl1z1dV	Chris Medina	[]	[2018]	1	0
2OsS8RgsvMnTgDsbWVzzPn	Saara Aalto	['finnish idol pop']	[2018]	1	0
4F84IBURUo98rz4r61KF70	The White Stripes	['alternative rock', 'blues rock', 'detroit rock', 'garage rock', 'modern blues rock', 'permanent wave', 'punk blues', 'rock']	[2018]	1	0
3wrdNgjTSLLQZ382sPyoA5	Dan Owen	['indie anthem-folk', 'uk pop']	[2018]	1	0
40LHVA5BTQp9RxHOQ9JPYj	Lauren Daigle	['ccm', 'christian alternative rock', 'christian music']	[2018]	1	0
2sG4zTOLvjKG1PSoOyf5Ej	Brandi Carlile	['acoustic pop', 'ectofolk', 'folk', 'indie folk', 'lilith', 'modern folk rock', 'new americana']	[2018]	1	1
4eYnorQRhVHT2KBl2UyHHd	Vegedream	['french hip hop', 'pop urbaine', 'r&b francais']	[2018, 2021, 2022]	1	0
0g9vAlRPK9Gt3FKCekk4TW	Ab-Soul	['conscious hip hop', 'hip hop', 'rap']	[2018]	1	1
2jzc5TC5TVFLXQlBNiIUzE	a-ha	['new romantic', 'new wave', 'new wave pop', 'permanent wave', 'synthpop']	[2018]	1	0
3FNauFXOs09Shm47H71Nsg	Elina Nechayeva	[]	[2018]	1	0
0LtICwkx09q0oc4VjuwJTT	ANYA	['danish pop']	[2018]	1	0
3Eo78i1MPfle0XVjMvia8A	Dario G	['dream trance', 'eurodance']	[2018]	1	0
6ngF3kF5I0prOoapltjAps	René Miller	[]	[2018, 2019]	1	1
1AqQ7buD0q6SRbQtYQUnou	Alex Mattson	['finnish dance pop']	[2018]	1	1
0rOulsYQeYMeP38oG3ADag	RØRY	[]	[2018]	1	1
6Jrxnp0JgqmeUX1veU591p	Santigold	['alternative dance', 'indietronica', 'neo-synthpop']	[2018]	1	1
1G9G7WwrXka3Z1r7aIDjI7	Outkast	['atl hip hop', 'dirty south rap', 'hip hop', 'old school atlanta hip hop', 'rap', 'southern hip hop']	[2017, 2018, 2019, 2020, 2021]	1	0
1AwO9pWEBSBoWdEZu28XDC	Eartha Kitt	['torch song', 'vocal jazz']	[2017, 2018, 2019, 2020, 2021]	1	1
0oK8UXKZbQezeRhE0KeBAV	Henri René and His Orchestra	"[""man's orchestra""]"	[2017, 2018, 2019, 2020, 2021]	1	1
1WLEfsQjvgtFSGkrHonzFX	Amaia	['latin talent show', 'tontipop']	[2018]	1	1
0CQgFG7XHyXRpSi24kl0cx	Alfred García	['latin talent show', 'spanish pop']	[2018]	1	1
5SbkVQYYzlw1kte75QIabH	Gnarls Barkley	['atl hip hop', 'neo soul']	[2017, 2018]	1	0
33ScadVnbm2X8kkUqOkC6Z	Don Omar	['latin hip hop', 'puerto rican pop', 'reggaeton', 'trap latino', 'urbano latino']	[2017, 2018, 2019, 2020, 2021]	1	1
5bv5RplEOwdCvhq0EILh9E	Lucenzo	['reggaeton']	[2017, 2018, 2019, 2020, 2021]	1	1
0QvtEuDIDAsKpfuOe2a237	Joe Killington	[]	[2018]	1	1
3ihh3Z0unnE69FutqGWM5d	Raymond & Maria	['swedish indie pop', 'swedish pop']	[2017, 2018]	1	0
0rvjqX7ttXeg3mTy8Xscbt	Journey	['album rock', 'classic rock', 'hard rock', 'heartland rock', 'mellow gold', 'rock', 'soft rock']	[2017, 2018, 2019, 2020, 2021, 2022]	1	0
1bZDq4po4dMIpN74Zendm0	Janieck	['dutch pop']	[2018]	1	1
2CpLIMBoE2ZzyY3ZBCRZ7j	BUNT.	['stutter house']	[2018]	1	1
3L8e5UKusJgynEkrT60rlT	David Jassy	[]	[2018]	1	1
7dc6hUwyuIhrZdh80eaCEE	Fedde Le Grand	['dutch house', 'edm', 'electro house', 'house', 'pop dance', 'progressive electro house', 'progressive house']	[2018]	1	1
6U9Xz6BOxbkbQpkSHvquzz	Funk Machine	[]	[2018]	1	1
2bHgAaZ7qbGbMMXwAQm48I	General Levy	['ragga jungle', 'uk reggae']	[2018]	1	1
2cFCoDyEaPrw8QVnrDlPKU	Stan Kenton	[]	[2018]	1	0
0OdUWJ0sBjDrqHygGUXeCF	Band of Horses	['chamber pop', 'indie folk', 'indie rock', 'indietronica', 'modern rock', 'stomp and holler']	[2018]	1	0
09VxnBvEC5lDFLmMkEYOmr	Jaimee Paul	['contemporary vocal jazz']	[2018]	1	0
39B7ChWwrWDs7zXlsu3MoP	Sonny Fodera	['house', 'tech house', 'uk dance']	[2018]	1	1
2TImI3DW7o5MdRXJs4D37h	SOB X RBE	['cali rap']	[2018]	1	0
3hPPNy5OBzCU1icQO7Nrok	99 Percent	[]	[2017]	1	1
2LY0E3xg8svCVYXVNTze5T	Vanic	['bass trap', 'pop edm']	[2017]	1	1
65rDIPdQD7ijLSOq32cMXo	TK Kravitz	['pop r&b']	[2017]	1	1
19vvefoXzxLcivAk5dmLzq	Voli	['soul flow']	[2017]	1	1
5ixB75BQR3ADoWQkcHQJTs	Gene Autry	['classic oklahoma country', 'cowboy western', 'traditional country', 'western swing', 'yodeling']	[2017]	1	0
1xYRrfmh7NjIUY6XuJhvVm	Pápai Joci	['hungarian pop']	[2017]	1	0
5xUf6j4upBrXZPg6AI4MRK	Soundgarden	['alternative metal', 'alternative rock', 'classic rock', 'grunge', 'hard rock', 'nu metal', 'rock']	[2017]	1	0
68klHWrqL5uWq2Qjqaz46j	Paul Potts	['operatic pop']	[2017]	1	1
3erQjT40DqIIeAyRrERa9P	Bill Ross	[]	[2017]	1	1
7J55T9GZaS6FiBGHB5fl7d	Barnens önskejul artister	[]	[2017]	1	0
1XgFuvRd7r5g0h844A5ZUQ	Take That	['boy band', 'europop', 'talent show']	[2017]	1	0
0w7HLMvZOHatWVbAKee1zF	Redbone	['native american', 'native american contemporary']	[2017]	1	0
6jPriOYMyUL9kNonBI1CNd	Faustix	['dakke dak', 'danish pop']	[2017]	1	1
7wjeXCtRND2ZdKfMJFu6JC	Louane	['french pop']	[2017]	1	1
3WrFJ7ztbogyGnTHbHJFl2	The Beatles	['beatlesque', 'british invasion', 'classic rock', 'merseybeat', 'psychedelic rock', 'rock']	[2017]	1	0
1Dn88PoQjnQgLTOaokePFz	Bright Sparks	[]	[2017]	1	1
0UWbfGuDeh6MaNCN3xIZ6S	Mo	['swedish trap pop']	[2017]	1	1
0JDkhL4rjiPNEp92jAgJnS	Roy Orbison	['adult standards', 'classic rock', 'folk rock', 'mellow gold', 'rock-and-roll', 'rockabilly', 'singer-songwriter']	[2017]	1	0
78JRZ7S8obuhstD79Jmu8L	Off Bloom	['danish electropop']	[2017]	1	0
0Bm5cFUEv8FGx1wEekHj0D	Jeffrey James	[]	[2017]	1	1
40ip5fLaAm6psgM7bUiSGb	Becca Adams	['melodipop']	[2017]	1	0
37fzXndf2fxVrk7qarhyo0	Leo Stannard	['indie anthem-folk']	[2017]	1	1
1KqafyS2BWave8BIQtkDH5	Mälarkören	[]	[2017]	1	0
71WExccCBN2mw0klSzfYzz	Gia Koka	[]	[2017]	1	1
2vVNxGBvKRQMWwI5c8KmYh	Tujamo	['dutch house', 'edm', 'electro house', 'pop dance', 'progressive electro house']	[2017]	1	1
5rL1bpxszSXKHmVPXR5ZGs	Amanda Fondell	['swedish pop']	[2017]	1	0
22bukBZvUppuwQwmDz75Gz	Sander van Doorn	['dutch house', 'dutch trance', 'edm', 'electro house', 'pop dance', 'progressive electro house', 'progressive house']	[2017]	1	0
1JjIKP5IOuEDXQVZsbUiB2	Kristian Kostov	[]	[2017]	1	0
76ViH9hMBGfdwkmp1wYay5	Syster Sol	['swedish dancehall', 'swedish reggae']	[2017]	1	0
4vIrE5KbF2Lcugzy4bfdsh	Moms	[]	[2017]	1	1
67wCYxOq4A1ohAs7jWYaOJ	Rik Rok	['reggae fusion']	[2017]	1	1
7juKTDFlPesGeWQ1GmjmOv	Silentó	['chicago bop', 'pinoy hip hop']	[2017]	1	1
2l9yw8Eb7B9bziBHtOmUVC	Mavrick	['deep pop edm']	[2017]	1	0
3IfjzLJe109UiT5EXAhjV1	Ola Salo	['swedish pop']	[2017]	1	0
0o6ViwBypGcKx0wAphlgXy	Jana Burčeska	[]	[2017]	1	0
5RSplWKaHB1rliCI4CNSQO	Andrew Jackson	[]	[2017]	1	1
6qDAseNQcBQiKVv35eitem	Fancy Cars	['pop edm', 'progressive electro house']	[2017]	1	1
4zTLrRqcBmj7ZDuLUrKBL1	Yashua	['r&b en espanol']	[2017]	1	1
0HqwdcJfwWJ8AfCvUUlMVW	Skander	[]	[2017]	1	1
5psTfOBPmc8UquYcnS22KE	Pink	[]	[2017]	1	1
36iiHfBQwMbT4UNrxesTjU	Lucie Jones	['talent show']	[2017]	1	0
1povXYaqgcf11DYd9efe7a	Elisabeth Ødegård Widmer	[]	[2017]	1	1
334KoYTHF0XSiR89A7OEyF	Dr Kärlek	[]	[2017]	1	0
0ajPdDPUlMW1LPKrG1vTK3	Sara Varga	[]	[2017]	1	1
1InQhy0kR40Vxn0XnQ0tKr	Juha Mulari	[]	[2017]	1	1
03oWHkoyY0FiH2IggqwhlW	BEK & Wallin	['melbourne bounce international', 'russelater']	[2017]	1	1
0l8OJzLFIV1OqbU4OhcZLu	Moberg	['russelater']	[2017]	1	1
488v7rQzthLNK22r0UvMie	La Bouche	['diva house', 'eurodance', 'europop', 'german techno']	[2017]	1	0
7w29UYBi0qsHi5RTcv3lmA	Björk	['art pop', 'electronica', 'experimental pop', 'experimental vocal', 'icelandic experimental', 'icelandic pop', 'icelandic singer-songwriter', 'metropopolis', 'permanent wave', 'trip hop']	[2017]	1	1
3Ve0nNvD1nvaULnhDpVyRS	Rigo	[]	[2017]	1	1
4R1pOyZpNdd6tlYd9CVFho	Aki	[]	[2017]	1	1
1rfv0XP5VgjyeKwQeKzmBb	Jacco	[]	[2017]	1	1
0UZ1nu3kcdNlCoiKRjmSSY	Peking Duk	['aussietronica', 'australian electropop', 'edm']	[2017]	1	1
28tcoa9MS8oFkpPB34Gyjl	Habz	[]	[2017]	1	1
1SwDFc5jX708XR3XtzLrRs	Cleo	['swedish hip hop']	[2017]	1	1
2bhXhHd607n9Ax6GhaNbPD	Ayla	['norrlandsk hip hop']	[2017]	1	1
5luyt0SUvGkDMY4ILP6Qhl	Descemer Bueno	['cubaton']	[2017]	1	1
5gvL41nwlMueXU2k8yK9wh	Showit	[]	[2017]	1	1
6BUWDIxZED9ka2CRioDENa	Dunisco	[]	[2017]	1	0
726MxZBpkxnnoKl6aN7mmj	Cookin' On 3 Burners	['bboy', 'instrumental funk']	[2017]	1	1
0Z1nKfR8WO3qdRBlIF2cY4	SödraSidan	['swedish hip hop']	[2017]	1	0
3n8D5eloeKNVJkkHWsdkIu	Lee Marrow	['italian disco', 'new italo disco']	[2017]	1	1
2xU6IU13MYie8RcM54Ovt0	Mugeez	['ghanaian pop']	[2017]	1	1
3IYNUniWKkMmHKUHssC392	Palm Trees	['dutch pop']	[2017]	1	1
0Tags4oElQqYRXkUyzGPzg	Sophia Ayana	[]	[2017]	1	1
5NicAFYgte9L3jKbAGuKhw	Samantha J	['jamaican dancehall']	[2017]	1	1
6mPZJXtFVaakznkRxdgWtC	Throttle	[]	[2017]	1	1
5ZS223C6JyBfXasXxrRqOk	Jhené Aiko	['r&b']	[2017]	1	1
7iL5mYnDruJbcp1eSq961R	Grillat & Grändy	['swedish hip hop']	[2017]	1	1
2e7ujHEEu6FCr0BwZ6YDTO	Gina Dirawi	[]	[2017]	1	1
15NtJjjHRFybdNSMyM9smT	Nevada	[]	[2017]	1	1
12muvykhaMY3RlVrJQ2ApM	Demy	['greek pop', 'laiko']	[2017]	1	0
0TjAAwE04BeoSeOpJIakYH	Little May	['indie anthem-folk', 'indie folk']	[2017]	1	0
77TAWWVgQs8TvBxqlwqCm3	Nicoline	['melodipop']	[2017]	1	1
5pK858DFAWCmE2tM4jZxYC	Alex Ross	[]	[2017]	1	1
0xAGU1Vxk813KEBMGTZkVD	Bella & Filippa	['melodipop']	[2017]	1	0
08q88xtMhq9a6ZJVAQXGMP	Les Gordons	['orebro indie']	[2017]	1	0
4isewEHTP7Az2QheDdBQ6J	24hrs	['trap soul']	[2017]	1	1
7Hq6EHWg4kFI4BtsRx1MpO	David Whistle	[]	[2017]	1	1
4LFgxG38Y0l4Fo1gdQelay	The Dap-Kings Horns	[]	[2017]	1	1
2NiYFFLYWPZPKa9xPGlRVu	Oliver Ingrosso	[]	[2017]	1	1
4SOneLeW7iUw2iJPxuQxi1	Adam Avant	[]	[2017]	1	1
6EzGm3fYBR8QcdIZ0xvHsl	Basic Tape	['new french touch']	[2017]	1	0
0v2Y5jwtcv8LiWNTRls1KM	Ester Dean	[]	[2017]	1	1
1hzfo8twXdOegF3xireCYs	Milky Chance	['german pop', 'modern rock']	[2017]	1	0
5WUm8pP5PRs8GWdeJRHl7N	Sid Rosco	[]	[2017]	1	1
3ZmFADbNrWQvkouwpbCCeT	Kevin Walker	['swedish idol pop', 'swedish pop']	[2017]	1	0
5a2EaR3hamoenG9rDuVn8j	Prince	['funk', 'funk rock', 'minneapolis sound', 'rock', 'synth funk']	[2017]	1	0
44NX2ffIYHr6D4n7RaZF7A	Van Morrison	['classic rock', 'folk', 'folk rock', 'heartland rock', 'mellow gold', 'rock', 'singer-songwriter', 'soft rock']	[2017]	1	0
26XxGE8hLV1t9IYa8872lQ	Gianluca Vacchi	[]	[2017]	1	0
1e5T955wZa6GSsBXgm4hlR	Kyle Pearce	[]	[2017]	1	1
6dC0rIJNLSFZwqckLgXJ8p	Timeflies	['indie pop rap']	[2017]	1	1
7f35VZGDpomj11PXdNn5D9	Max B	[]	[2017]	1	1
0V7uVrIYr4FwFvUN9S4kYr	Nick Waterhouse	['chicago indie', 'funk']	[2017]	1	1
1SiCF4gVjnR5iAIwk1nkXo	OG3NE	['dutch pop']	[2017]	1	0
0UACE2nWl5uUyJRo1kIYQO	Donkeyboy	['norwegian pop']	[2017]	1	0
53oE0nOoC4lJeqbG5Pjc5u	Näääk & Nimo	['swedish hip hop', 'swedish trap pop']	[2017]	1	1
7CsSec3NzFx2UipwF1APhu	Galavant	['deep pop edm', 'progressive electro house']	[2017]	1	0
5GDuUaYx3PW3Wa64KxAAAO	Lao Ra	['colombian indie']	[2017]	1	1
59KQTERLpPa7M0F25fRH6V	Dinah Jane	['post-teen pop']	[2017]	1	1
6H5QDosLV4NryZYPQXciSz	Kevin	[]	[2017]	1	1
4S8NmgM7oJ188sKp1waZpy	MÖWE	['deep tropical house']	[2017]	1	0
0MGJHTThvyAyqKuEAgPqDr	phem	['alt z']	[2017]	1	1
30I99Rrr7vPR38I9Wx8oQ9	May Raya	['acoustic chill']	[2017]	1	0
7bFuEkk1929rDOdLywT3rn	Imani Williams	[]	[2017]	1	1
5NDMothbpdpq2xHqSjrrWn	Faith Evans	['contemporary r&b', 'hip pop', 'r&b', 'urban contemporary']	[2017]	1	1
5me0Irg2ANcsgc93uaYrpb	The Notorious B.I.G.	['east coast hip hop', 'gangster rap', 'hardcore hip hop', 'hip hop', 'rap']	[2017]	1	1
3MYThwi25FgjmKbZFlC8dP	Xmas Classics	[]	[2017]	1	0
0RMaSuJZWIWjOVom7cdngq	Tibblekören	[]	[2017]	1	0
5sWHDYs0csV6RS48xBl0tH	Two Feet	['indie poptimism', 'modern rock']	[2017]	1	0
3bhu7P5PfngueRHiB9hjcx	Elle King	['modern blues rock']	[2017]	1	1
4KkHjCe8ouh8C2P9LPoD4F	Yolanda Be Cool	['australian dance', 'australian house', 'bass house']	[2017]	1	1
6OkVmXCnj1BPjTf5aihiwt	DCup	[]	[2017]	1	1
3Cg6FMCFpcMHugD262Ynrl	Julia Adams	['swedish pop']	[2017]	1	0
34SBu2kvAUh84umN8Pi0iI	Hight	['uk dance']	[2017]	1	1
70s3IS6gQEe8f9l08yYdpJ	KVR	['dutch edm']	[2017]	1	1
60UaxwR5eEqYt5tIutV85u	Kaíva	[]	[2017]	1	1
1WyfdPnJcL6JS5s0TAq7Fa	IDA KUDO	[]	[2017]	1	1
7GmgIztm5lnP5w3pefyYF1	Peaceful James	[]	[2017]	1	1
6kVaTeWC1mzu7IHvQqcSmE	AO	['slow game']	[2017]	1	1
6U4uEoS3ISgppqupG6GJoZ	Nathan Trent	[]	[2017]	1	0
1xRQGg0aM0GeNZ5ThGLUep	Hovig	['cypriot pop']	[2017]	1	0
2JPHexLGEM1hT0Jli8rztQ	Manel Navarro	[]	[2017]	1	0
75FnCoo4FBxH5K1Rrx0k5A	The Band Perry	['contemporary country', 'country', 'country dawn', 'country road']	[2017]	1	0
6FhF4CThrHldCUxYWbloJP	Brooks	[]	[2017]	1	1
00FaHSRJeGv1dbHhnqhHqz	Teemu	[]	[2017]	1	1
6OVkHZQP8QoBYqr1ejCGDv	Seasick Steve	['alternative roots rock', 'country blues', 'modern blues', 'texas blues']	[2017]	1	0
77u50Xwgm9in74FEVcYYro	Dihaj	['azeri traditional']	[2017]	1	0
2ziB7fzrXBoh1HUPS6sVFn	Audioslave	['alternative metal', 'alternative rock', 'grunge', 'hard rock', 'nu metal', 'permanent wave', 'post-grunge', 'rock', 'supergroup']	[2017]	1	0
4hbnUamwrCHpv4wQTwvCIc	Sondr	['pop edm']	[2017]	1	1
5noCHaZ4YGlS6K11VB6FYH	Freda'	['classic swedish pop']	[2017]	1	1
0NkyXWGxE3WTFixDSJ39PK	Rosemary Clooney	['adult standards', 'easy listening', 'torch song', 'vocal jazz']	[2017]	1	1
6AkOKJrWF8gbAw87VJGphH	OMVR	['scandinavian r&b']	[2017]	1	1
4kwCLM6VuDfkyWAyn9xFlq	The Springfields	[]	[2017]	1	0
4PIW6aNu2AfeKQqkMGWVmS	Laura	['estonian pop']	[2017]	1	1
5eRi1IKofAOO9rEGHCgOGc	KOIT TOOME	['estonian pop']	[2017]	1	1
0BmLNz4nSLfoWYW1cYsElL	Alexandra Stan	['romanian pop']	[2017]	1	0
4FLA7MpTdP5nNUQfiaA3WM	ARY	['norwegian indie', 'norwegian pop']	[2017]	1	0
6mctsJBrfcWvWH7S8h716D	Moelogo	['afrobeats', 'nigerian pop']	[2017]	1	1
06uOhrqOy9c8Nh4hjogrJl	Adolf Fredriks kyrkas kammarkör	['swedish choir']	[2017, 2020]	1	1
7MIGT4xYafzi8vQXOuxhSR	Karin Backstrom	[]	[2017, 2020]	1	1
7p2aOXY5bfHyjujI3fCWTu	Brandon Beal	['danish pop']	[2017]	1	1
0DxeaLnv6SyYk2DOqkLO8c	MAGIC!	['pop', 'reggae fusion']	[2017]	1	1
6nXmnBpdFvzImqLQb3HBa9	Adam Trigger	[]	[2017]	1	1
2mPL4g4v9DS55zi6QctLbP	Teresa Brewer	['deep adult standards']	[2017]	1	0
66WYQJ4ZIAXQ8ZDy6RjttW	Göteborgs Gosskör	['swedish choir']	[2017]	1	0
53cQZtWDwDJwVCNZlfJ6Qk	Laidback Luke	['big room', 'dutch edm', 'dutch house', 'edm', 'electro house', 'house', 'pop dance', 'progressive electro house', 'progressive house']	[2017]	1	1
1NtMiyzk7AhY2SGkdPkafX	Ralvero	['dutch house', 'electro house', 'melbourne bounce', 'progressive electro house', 'sky room']	[2017]	1	1
6U0qpV1jByBImJl8oRFnlQ	Ina	['finnish pop']	[2017]	1	1
2tAOabOdb8uzkBH5Lu6Lxs	Luke Potter	['uk dance']	[2017]	1	1
65oocmSeB6z75kHwrZo1le	Mitch James	['nz pop']	[2017]	1	0
1muQ9itiu5KB1WiqehGoSy	Pernilla Andersson	['classic swedish pop']	[2017]	1	1
01GDk8XueTrPk5iEWQ1rVJ	Artsvik	[]	[2017]	1	0
63rhGWq6693cO64rsB3jxP	Cappella Snöstorp	[]	[2017]	1	0
0a6rCwqcO5k3S6nHJFCRyn	Tone Norum	['classic swedish pop', 'swedish melodic rock']	[2017]	1	1
4weeCf9AotK7ovljqidJnG	Milwin	['deep pop edm']	[2017]	1	1
5U5HXq66SPzbmcnrPl7vts	Sha	['turbo folk']	[2017]	1	1
5hE6NCoobhyEu6TRSbjOJY	Fever Ray	['alternative dance', 'art pop', 'dark pop', 'electronica', 'neo-synthpop', 'swedish electropop', 'swedish synth', 'swedish synthpop']	[2017]	1	0
3w4VAlllkAWI6m0AV0Gn6a	Hurts	['metropopolis', 'neo-synthpop']	[2017]	1	0
2gzWmhOZhDN6gXL49JW9qj	Nasty C	['south african hip hop', 'south african trap']	[2017]	1	1
1sSt1DqqqFLkPwfrqafVyn	Ice Prince	['afrobeats', 'afropop', 'nigerian hip hop', 'nigerian pop']	[2017]	1	1
2hKQc001G7ggs3ZyxMdkGq	Patoranking	['afrobeats', 'afropop', 'azontobeats', 'nigerian pop']	[2017]	1	1
4TsHKU8l8Wq7n7OPVikirn	Jidenna	['ghanaian hip hop', 'viral trap']	[2017]	1	1
0mMqD2uqwvCjFvlzo6ayGi	DJ Maphorisa	['amapiano']	[2017]	1	1
60JUOTnRuDTetm7Hiwonev	Dickie Valentine	[]	[2017]	1	0
2cX9VMGZP8ftd5LsGf55MB	Dismissed	['screamocore']	[2017]	1	0
6ly2Z6h9dOerORbK1l2N8D	Coucheron	['nordic house']	[2017]	1	1
4F7wGFfIXuQUBFoxiZ9WFp	Matilda	['norwegian pop']	[2017]	1	1
2RVvqRBon9NgaGXKfywDSs	Maisie Peters	['alt z', 'uk pop']	[2017]	1	0
2hCU6EhDEmPjpqe8cAHAcm	Birgir	['icelandic indie']	[2017]	1	0
29JlvmcJaB2Iv1dQZ8Jd8F	TRXD	['norwegian pop']	[2017]	1	1
2t72CNJ7uXNS0Elu3QbB7s	Emilie Adams	[]	[2017]	1	1
6JLwyyc3LBwRXEODjugQ4D	TAL	['french pop']	[2017]	1	0
3UtTKOuKlWMQPSCyIvCDl6	Jonny P	['retro soul']	[2017]	1	0
6AcDPIcQjF8vRpqIFVgsIR	Gontevas	[]	[2017]	1	1
0vbEs3DgphJ2RGZqh4qFLT	Anita Kerr Singers	['easy listening']	[2017]	1	0
4aOOnr90lZUhyGcEgmtgcl	Rynn	['indie electropop']	[2017]	1	1
7vXVpxnqu4GYer1u9eNvLw	Brendan Murray	[]	[2017]	1	0
6jC3we42hI3esAWszUkf6r	Patti Labelle & The Bluebelles	[]	[2017]	1	0
3XNYAscVt30VsW8dJiWQsl	Mange Schmidt	['swedish hip hop']	[2017]	1	0
1jhdZdzOd4TJLAHqQdkUND	Jamie Lawson	['devon indie', 'indie anthem-folk']	[2017]	1	0
58MLl9nC29IXbE4nEtuoP2	Alex & Sierra	['pop', 'post-teen pop']	[2017]	1	0
7xEFii6utZmQ61kX59HmLH	FRENSHIP	['electropop', 'indie poptimism', 'la pop']	[2017]	1	1
0SWdzEo0WG8A0CsBiJMuJS	IMRI	[]	[2017]	1	0
5WdqBAQhGFCrZvBKXiPIu7	The Him	['big room', 'deep tropical house', 'pop dance', 'pop edm']	[2017]	1	1
6aAestjbtEbALwyIYPg8Na	LissA	['indie electropop']	[2017]	1	1
6XwwFnewNgWp81MYMK8zLq	Edward Maya	['romanian house', 'romanian pop']	[2017]	1	1
34dZRjYum6vVBGslgYaBtB	Vika Jigulina	['moldovan pop']	[2017]	1	1
0EodhzA6yW1bIdD5B4tcmJ	Bobby Darin	['adult standards', 'easy listening', 'lounge', 'rock-and-roll', 'vocal jazz']	[2017]	1	0
7sfgqEdoeBTjd8lQsPT3Cy	Emeli Sandé	['r&b', 'talent show']	[2017]	1	0
22tB2wbnB3pexB04xtncrG	Mimoza	[]	[2017]	1	1
4MdKFOCJr5H73OOhf2h1Ay	Hot Ice	[]	[2017]	1	0
16iB35jaW8fuKzq3iTIYQe	Viktor Norén	[]	[2017]	1	1
1zR67M6RSKhUxeHfjZ1TWf	Gustaf Norén	[]	[2017]	1	1
70Mtqx9XHaV0BQppBCnnjB	Intim	['melodipop', 'swedish eurodance']	[2017]	1	0
5ZYidw4RKqIwucn0hQzYz8	CHOCO	[]	[2017]	1	1
2ZRKwx9FEiXHfn3knbhULs	Oscars Kyrkokör	[]	[2017]	1	1
6kVVGcdYWiCCafJGxE8UWo	Oscars Stämmor	[]	[2017]	1	1
1Q18jVl6V126YyyiMPT2cW	Solna Brass	[]	[2017]	1	1
65C6N0wSGt5lkBkIWanah3	Pär Olofsson	[]	[2017]	1	1
6gTPRzws4u4gYphFc55gT8	Oscars Motettkör	[]	[2017]	1	1
1szy3HDLELemhAgwjVhS6K	Oscars Oratoriekör	[]	[2017]	1	1
3C55PeZgSTfsXmSyc56sJr	Erik Bostrom	[]	[2017]	1	1
0uq5PttqEjj3IH1bzwcrXF	Spice Girls	['dance pop', 'girl group', 'pop']	[2017]	1	0
4CTKqs11Zgsv8EZTVzx764	Lemaitre	['norwegian pop']	[2017]	1	1
2bx0ckgYnvvFPzDlGpupN2	Jennie A.	[]	[2017]	1	1
3qMyym6ov558YgVuOOscEm	Blanche	[]	[2017]	1	0
7HqEmV7FeCi16bQyHMpIrF	VASSY	['australian dance']	[2017]	1	1
7vagk7eVMUVivPLTnZelj9	Oliver Rosa	['pop edm']	[2017]	1	1
4lDXfIznmGueBgTjI3qGUX	Møme	['new french touch', 'nice indie']	[2017]	1	1
6PwHyGcUfjwdjT9cdsaVWT	Merryn Jeann	[]	[2017]	1	1
3YGhjqvLaubUOc5KuqNRQs	Jacques Houdek	['croatian pop']	[2017]	1	0
76ptJV8617638xrpeoUtzl	The Rasmus	['finnish alternative rock', 'funk metal']	[2017]	1	0
61pvU6ZLOF3bl0IOtbmME7	Emelie Hollow	['norwegian pop']	[2017]	1	0
3P9Fc9AmQyNFIu2WJdeWoN	Jesper Lindell	['swedish americana']	[2017]	1	0
74XFHRwlV6OrjEM0A2NCMF	Paramore	['candy pop', 'modern rock', 'pixie', 'pop', 'pop emo', 'pop punk', 'rock']	[2017]	1	0
0Suv0tRrNrUlRzAy8aXjma	Haddaway	['eurodance', 'europop']	[2017]	1	0
6szSMqKKwkFqJoK3MxK3Hk	Thomas Daniel	['acoustic cover']	[2017]	1	0
4H1PNuHElBLVok0lnYMrRb	Dyo	['alte']	[2017]	1	1
6Tw1ktF4xMmzaLLbe98I2z	Harry Belafonte	['calypso']	[2017, 2020]	1	0
70HnUvWHnAflfKyVtxhqoR	Olov	[]	[2017]	1	1
4WFtYn5RyU8VGPpPyW9Pxw	M-22	['house', 'pop dance']	[2017]	1	1
5cIc3SBFuBLVxJz58W2tU9	Oh Wonder	['electropop', 'indie poptimism', 'pov: indie']	[2017]	1	1
6bOYtKnpLPQSfMpS2ilotK	Bobby Vinton	['adult standards', 'bubblegum pop', 'doo-wop', 'easy listening', 'rock-and-roll', 'rockabilly']	[2017]	1	0
3Tnxq9ayZ2JD2OljIK6PXt	Jamilla Idris	[]	[2017]	1	1
2zHHEU3t9cutZFyG0fHdOR	Sonny Alven	['norwegian house', 'norwegian pop']	[2017]	1	1
4iFfQpzvTJDhqmSi28EhYu	Olivera	[]	[2017]	1	1
5EehXjjMktLuJmbRsM7YfB	Disciples	['house', 'pop dance', 'uk dance']	[2017]	1	0
2hWs22BmQkK4czFtDLnar2	Rob $tone	['san diego rap', 'viral trap']	[2017]	1	1
1rs3y69kDwkIdGJcOYngQt	J. Davi$	[]	[2017]	1	1
36Tn5h23ysORlLKc42UXfe	J Spooks	[]	[2017]	1	1
1NyxTiCivDmzgFWYD1V01m	Justin Caruso	['pop edm']	[2017]	1	1
3lPtB78D5puSWQ7ltAafQw	James Droll	[]	[2017]	1	1
74ZvOmqVvjNVb2U9boDcfE	Prince Osito	['spanish reggae']	[2017]	1	1
74IKkGRwf30Ab2wIBQOq76	Marcus Österdahls Kör & Orkester	[]	[2017]	1	1
6WnB2vN4ANcgI7VjEApmnJ	Lena Eriksson	[]	[2017]	1	1
7HqABfgtkZqAK6LAJqYScs	Vilda Väsby	[]	[2017]	1	1
62DmErcU7dqZbJaDqwsqzR	Popcaan	['dancehall', 'jamaican hip hop', 'reggae fusion', 'traphall']	[2017]	1	1
4pADjHPWyrlAF0FA7joK2H	Jay Sean	['dance pop', 'pop', 'pop rap']	[2017]	1	0
5Q81rlcTFh3k6DQJXPdsot	Mura Masa	['channel islands indie', 'hyperpop', 'indie soul', 'vapor soul']	[2017]	1	1
63wjoROpeh5f11Qm93UiJ1	Keri Hilson	['dance pop', 'hip pop', 'r&b', 'urban contemporary']	[2017]	1	1
4TLCPR1sMYoNU1jA7O4uww	D.O.E.	[]	[2017]	1	1
4DJBzPgrGYBZSY3uCv8HMJ	Boris René	['melodipop', 'swedish pop']	[2017]	1	0
1FQIQrgG9sgl9WK2WnNOS9	Em Rossi	[]	[2017]	1	0
75axmxcpFNiQiMTZFWGMWn	Kilian & Jo	[]	[2017]	1	1
2jBa39W2cucJozDpEBtCXu	Lennox	[]	[2017]	1	1
1pgDilWYDWLoOgGjf1iHNu	Zion	['reggaeton', 'urbano latino']	[2017]	1	1
1RTAxeIlQqWBYZoJVHJJvQ	1987	['swedish indie pop']	[2017]	1	0
2WX2uTcsvV5OnS0inACecP	Birdy	['neo mellow', 'uk pop']	[2017]	1	0
6e4aHkdDUcsaXPTQdF6Qhn	Life of Dillon	['uk pop']	[2017]	1	0
3s0UVSOteSobqMb4YbXMIo	JCY	[]	[2017]	1	1
6x9QLdzo6eBZxJ1bHsDkjg	Sisqo	['contemporary r&b', 'dirty south rap', 'hip pop', 'r&b', 'urban contemporary']	[2017]	1	1
6S3KljEiIOWoLMUyZrkQUc	Marnik	['dutch house']	[2017]	1	1
0CIwCGmQMqHqiblnZlFia1	Stephen Marley	['reggae', 'roots reggae']	[2017]	1	1
2m0y0cDl1US03sYgxv9r6s	JOWST	['norwegian pop']	[2017]	1	0
4CHiVarfTsFhkFOk5vHS77	Marc Scibilia	['indiecoustica']	[2017]	1	1
7MP9yuVs3FKrcnkwAYddu1	Alice	[]	[2017]	1	0
6RqG6OjPJVHi1RAcXTxglq	Stereotypes	[]	[2017]	1	1
3crnzLy8R4lVwaigKEOz7V	E-40	['cali rap', 'gangster rap', 'hyphy', 'oakland hip hop', 'west coast rap']	[2017]	1	1
32LHRiof0sa4taYew9i3Fa	Dinah Washington	['jazz blues', 'soul', 'vocal jazz']	[2017]	1	0
0ZrpamOxcZybMHGg1AYtHP	Robin Thicke	['dance pop', 'neo soul', 'pop rap', 'r&b', 'urban contemporary']	[2017]	1	1
7gP3bB2nilZXLfPHJhMdvc	Foster The People	['indietronica', 'modern alternative rock', 'modern rock', 'rock']	[2017]	1	0
07XSN3sPlIlB2L2XNcTwJw	KISS	['glam rock', 'hard rock', 'rock']	[2017]	1	0
7LkNpfFX2XpGAO0Amhtfhl	Elle Winter	[]	[2017]	1	1
04abdnqPQe2N4fjztDea6z	Austin Mahone	['pop', 'post-teen pop']	[2017]	1	1
6Mn5HNY6bJSqK31cRa0uiv	JONES	['uk contemporary r&b']	[2017]	1	1
5Pcez7u1H2Po6e2LmMdF3f	Allyawan	['gothenburg hip hop', 'swedish dancehall', 'swedish hip hop', 'swedish reggae']	[2017]	1	0
18S8lZ1VmSpKJkRlXP1nFy	Slavko Kalezić	['montenegrin pop']	[2017]	1	0
2gn19OAsopaOKSrDw9ma08	BC Unidos	[]	[2017]	1	1
1zC5fndU0aEvINmBra2M3T	Shungudzo	['la pop']	[2017]	1	1
7nKeLE1toRtW4M279iS26h	Zay Hilfigerrr	['viral trap']	[2017]	1	1
5AsWcQXw4RJFRWBbwa0ti0	Zayion McCall	[]	[2017]	1	1
1rsfJb1udp1uOyUDKbxwsl	Maja Amcoff	['orebro indie']	[2017]	1	0
0fs8oBR1rx7JIXZi75h7Uu	Bahari	['alt z', 'la pop']	[2017]	1	1
6xqpdCiMM646Q6nAD5n3vO	The Beach	['indie anthem-folk']	[2017]	1	0
3J0BpFVUc9LeOIVeN5uNhU	Lauren Jauregui	['r&b']	[2017]	1	1
1pbHrVayIcVpHI9z97u4bK	Bingo Players	['big room', 'dutch house', 'edm', 'electro house', 'melbourne bounce', 'pop dance', 'progressive electro house', 'progressive house']	[2017]	1	1
698hF4vcwHwPy8ltmXermq	Far East Movement	['asian american hip hop', 'dance pop', 'pop rap']	[2017]	1	1
42tdviCwescCx3ZE8ihsJ3	Conor Darvid	[]	[2017]	1	1
1XCk5imG5zSvwFl3N7yUo8	Dinah Nah	['melodipop', 'swedish pop']	[2017]	1	0
0Cd6nHYwecCNM1sVEXKlYr	Krewella	['edm', 'electra', 'electro house', 'pop dance', 'progressive electro house']	[2017]	1	1
6o7RJSQNRyx5ChgbgoTx22	Kasia Moś	[]	[2017]	1	0
3RwQ26hR2tJtA8F9p2n7jG	The Temptations	['memphis soul', 'motown', 'soul']	[2017]	1	0
0J7U24vlOOIeMpuaO6Q85A	LP	"['la pop', ""women's music""]"	[2017]	1	0
0pCNk4D3E2xtszsm6hMsWr	K.Flay	['escape room', 'hip pop', 'modern alternative rock']	[2017]	1	1
6nOi5ExevYdmV1VcLiGnkV	Marwo	[]	[2017]	1	1
14hbYquxWHsucJsovNJqGq	GC	[]	[2017]	1	1
10nRSxUktKW346kbHFd2a2	Roshi	[]	[2017]	1	1
0iWvROUiKMBkvZoPQCSenQ	HV71	[]	[2017]	1	0
1umTeYMbiCSj1nl2fqXVcZ	The Main Level	['scandipop']	[2017]	1	1
36SvDHIiV7VNyLLmChI1H6	Blvck O	['norwegian pop rap']	[2017]	1	1
4BxCuXFJrSWGi1KHcVqaU4	Kodaline	['irish pop', 'modern rock']	[2017]	1	1
4grgK6n5E4Xf2hGzwTjUz6	iDubbbz	['meme rap']	[2017]	1	1
3uRMAHVorxFa4QgqpdEZbX	Go Royal	[]	[2017]	1	0
1mrrvBvbrm28iYaPlJ9mG5	Alex Adair	['house', 'tropical house']	[2017]	1	0
0GfYO21pue5u0sVEYk9HZO	Salvador Sobral	['portuguese pop']	[2017]	1	0
3RTklnRcfHgkQJwFpgOq3t	Nevve	['pop edm']	[2017]	1	1
2nuKjZLgc7II6FO4Rxjt5e	Blonde	['house', 'uk dance']	[2017]	1	1
64PgkSM1uDD9BJEg0UkMMM	Ilinca	[]	[2017]	1	1
7LCXh4MTN5bnfptYe17e66	Alex Florea	[]	[2017]	1	1
1V3VTM7VspiQjcmRhC010n	Quintino	['dutch edm', 'dutch house', 'edm', 'electro house', 'pop dance', 'progressive electro house', 'slap house']	[2017]	1	1
3RGLhK1IP9jnYFH4BRFJBS	The Clash	['alternative rock', 'permanent wave', 'punk', 'rock']	[2017]	1	0
6KWcxMWVNVIYbdOQyJtsSy	The Platters	['adult standards', 'easy listening', 'rock-and-roll', 'rockabilly']	[2017]	1	0
72twmO380DyQvrioHSeacz	Frank Pierce	[]	[2017]	1	1
5hXPnS34O3Kq3O8dkaE9FM	Famba	['halifax indie']	[2017]	1	1
3WPenKiDkTuV9fHEVYslj9	Emily Bonabon	[]	[2017]	1	1
26bcq2nyj5GB7uRr558iQg	Survivor	['album rock', 'glam metal', 'hard rock', 'soft rock']	[2017]	1	0
6pUYaWjHnY2HdN6RC6ELml	Total Ape	[]	[2017]	1	1
3ZIqLohQAXcTTbMaCBUBW9	Soleil Camara	[]	[2017]	1	1
5tCPpDoXfTKy5yTongtDAT	TOOMANYLEFTHANDS	['danish electronic', 'scandipop']	[2017]	1	1
3N3R2mEESjTYM3W6ye2bod	Serayah	['pop r&b']	[2017]	1	1
00Z3UDoAQwzvGu13HoAM7J	Skizzy Mars	['indie pop rap']	[2017]	1	1
0kO8xM63TaZM13XlV7yQXk	Solen	['swedish indie pop']	[2017]	1	0
08p782h5VznNEQMM4wAEp9	Boehm	['deep tropical house']	[2017]	1	0
3iYvxketuV7AAPCJuWSDH2	Johan Olsen	[]	[2017, 2019]	1	1
72SkQdeqBKSXcmvrRBXpa1	LYSA	[]	[2017]	1	0
3NoeRIxHApi6qe4yan2Vnn	Eric Nally	[]	[2017]	1	1
13NMzn27VInG00ibGr91Z4	Kristofer Greczula	['swedish pop']	[2017]	1	0
3TaUSUXn41GixL7zbvrIDt	A-Trak	['canadian electronic', 'edm', 'electro house', 'electronic trap', 'turntablism']	[2017]	1	1
5vuIOnOp6NI06rjLgTpYiY	Frida Sundemo	['indie singer-songwriter', 'swedish synthpop']	[2017]	1	0
0fLTK12xF2IMaNmKMSue6g	Khrebto	['russian edm']	[2017]	1	1
15mR9E7xTmVPmKeHcPByzD	Isadora	['pop nacional']	[2017]	1	1
5sm0jQ1mq0dusiLtDJ2b4R	Eric Prydz	['edm', 'electro house', 'house', 'pop dance', 'progressive electro house', 'progressive house']	[2017]	1	0
2sil8z5kiy4r76CRTXxBCA	The Goo Goo Dolls	['neo mellow', 'permanent wave', 'pop rock', 'post-grunge']	[2017]	1	0
0LSjb1pZ3uHwuvIaVzhdyT	Daye Jack	['escape room']	[2017]	1	1
2WoVwexZuODvclzULjPQtm	Sampha	['alternative r&b', 'indie soul']	[2017]	1	1
1b4DN8Vj0dnj5cceMFsRYN	Dante Klein	['deep tropical house', 'dutch house', 'pop edm']	[2017]	1	1
6KzFpoFDDvmlin4ij5zgMj	Jasmine Kara	['orebro indie']	[2017]	1	0
03G8Pg0lRcOECBs5vkU5Us	Tijana Bogicevic	[]	[2017]	1	0
6u17YlWtW4oqFF5Hn9UU79	Harry Connick, Jr.	['adult standards', 'contemporary vocal jazz', 'lounge', 'vocal jazz']	[2017]	1	0
2o8lOQRjzsSC8UdbNN88HN	mansionz	['indie pop rap']	[2017]	1	1
0JXPiLgbGX4n86jsocSkG6	Spark Master Tape	[]	[2017]	1	1
5bqU2hCGu9WZW4HfKiNH39	Krista Siegfrids	['finnish pop', 'melodipop']	[2017]	1	0
0RLWJI1UwVofxre5k3py4a	Malcolm B	['swedish hip hop']	[2017]	1	1
71VUVLmoTKKYfIugkavMeS	Adolphe Adam	['early romantic era', 'french opera', 'french romanticism']	[2017]	1	1
4FNjPnaiiXYeG2qOhVtd8A	Jussi Björling	['classical tenor', 'komedi', 'opera']	[2017]	1	1
3hb22ElUuJP98KqPc1EqUf	Nils Grevillius	[]	[2017]	1	1
3SOKB94YDCh1IdTvKvKAuB	Unidentified Orchestra	[]	[2017]	1	1
1bT7m67vi78r2oqvxrP3X5	Naughty Boy	['uk contemporary r&b']	[2017]	1	1
64rxQRJsLgZwHHyWKB8fiF	Eiffel 65	['eurodance', 'europop', 'italian adult pop', 'italo dance']	[2017]	1	1
2rd4gPVTRgvoI6H4xZiNZH	Svala	['icelandic pop']	[2017]	1	0
7wrulS1dfanckBnoxxEuS6	Scarlet Pleasure	['danish pop']	[2017]	1	0
2DzbXUAn0DiYqcgu2wDfaf	Coely	['belgian hip hop', 'belgian rock']	[2017]	1	1
4N874uPqBka1QiCvnCVOtr	Phoebe Ryan	['alt z', 'indie poptimism']	[2017]	1	1
0B2LZuvmiyOwx7usDrtZdk	Aninia	[]	[2017]	1	1
3QJzdZJYIAcoET1GcfpNGi	Damian Marley	['reggae', 'reggae fusion']	[2017]	1	1
3t6I4YrxnwewdkKxNb2FMF	6AM	[]	[2017]	1	1
5lzqFxifzjxYHGJxuwQqtR	Francesco Gabbani	['italian adult pop', 'italian pop']	[2017]	1	0
3E6xrwgnVfYCrCs0ePERDz	Wisin	['reggaeton', 'urbano latino']	[2017]	1	1
4uFxymnU41sM7ytUCjuYTN	Callum Beattie	['scottish singer-songwriter']	[2017]	1	0
6QBUIuGCAJSAtefEY1EEdB	Mahalia Jackson	['gospel', 'spirituals']	[2017]	1	0
6KjtX8ZPAoeLFnuv36UBpQ	Anja Nissen	['australian pop', 'australian talent show']	[2017]	1	0
2cy1zPcrFcXAJTP0APWewL	Gente De Zona	['cubaton', 'electro latino', 'latin hip hop', 'latin pop']	[2017]	1	1
7290H8m1Dwt8G7jm1y9CQx	Chris Isaak	['mellow gold']	[2017]	1	0
6QczmxkjIUtne6NCTlq1g9	Rocky Wellstack	[]	[2017]	1	1
0IeB4swNmNetlaZUgdHqBX	Nicole Bus	['dutch pop', 'dutch r&b']	[2017]	1	1
3VzhWnDmLnpiorehG2ea5a	Barnkammarkören	[]	[2017]	1	0
6vW5qwWVSTErBV1HovumXm	Jillionaire	[]	[2017]	1	1
7jmTilWYlKOuavFfmQAcu6	Barbra Streisand	['adult standards', 'operatic pop']	[2017]	1	0
3QLIkT4rD2FMusaqmkepbq	Rachel Platten	['post-teen pop', 'viral pop']	[2017]	1	0
7h1qPpXJKE83O6OHgzza2B	Alexander Wilde	[]	[2017]	1	0
6SOCt3ro1bHvjDxcE7UCH9	Etzia	['gothenburg hip hop', 'swedish reggae']	[2017]	1	0
0YQmcNgfnoqxBMJ8dcw3Eh	Initial Talk	[]	[2017]	1	1
5mM9eNte0aWttOiMhPb2dM	My Little Pony	['cartoon', 'otacore']	[2017]	1	1
652eUkxKIP934rtatRgJWq	Clairmont	[]	[2017]	1	1
3KRCoMtReqUVKI38p5aWHw	Mugisho	['scandinavian r&b']	[2017]	1	1
2EvQiUi0HitHb3tYc6rKu2	Felicia Aveklew	[]	[2017]	1	1
34KMlxLEGfFNfWoxfCbDgH	Ms. Williams	[]	[2017]	1	0
3s73tswJycj6HTBNNN393z	John Ryan	[]	[2020, 2021]	1	1
12nEr6QOfSKkiTXjEp8tBB	MELON	['slap house']	[2021]	1	1
7EuzcvdfScUqksgKfyN7J0	Fyr Og Flamme	['danish pop']	[2021]	1	0
3XxxEq6BREC57nCWXbQZ7o	Jamie Cullum	['contemporary vocal jazz', 'jazz pop', 'neo mellow']	[2019, 2020, 2021]	1	1
26cMerAxjx9GedFt0lMDjm	Bella Poarch	['modern alternative pop']	[2021]	1	0
01FFlOpQoTLXIBTp0p9MEc	Eah Jé	['swedish pop']	[2021]	1	1
1lsXuaLnHnfL7GoJXKkUtH	The Hellacopters	"['action rock', ""punk 'n' roll"", 'swedish garage rock']"	[2021]	1	0
2nvKpWcP8etYTq4JrRiUiy	Cliff Richard	['adult standards', 'rock-and-roll']	[2020, 2021]	1	0
22wbnEMDvgVIAGdFeek6ET	Benson Boone	['singer-songwriter pop']	[2021, 2022]	1	0
6TLwD7HPWuiOzvXEa3oCNe	Oliver Tree	['alternative hip hop']	[2021]	1	0
6oLsu8ooAijUGwF0Ed4fob	Oscar Ahlgren	['swedish pop', 'swedish pop rap']	[2020, 2021]	1	1
51fbFSdDRO2j9qwBSA1Xuq	Julia Lov	['swedish pop']	[2020, 2021]	1	1
6nmR8KccL37IGwr2uMxpR2	Teddy Failure	[]	[2021]	1	0
2rTo8KIkBTFjQS7VvaKYQ4	W&W	['big room', 'dutch house', 'dutch trance', 'edm', 'electro house', 'pop dance', 'progressive electro house', 'progressive house']	[2021]	1	1
1D6ueetjwqW491iboMI3NT	Destiny	['maltese pop']	[2021]	1	0
3h4mC2mtKfxToywPSrVPcC	Mange Makers	['swedish eurodance']	[2021]	1	0
3L58J6a7f0jyy2p6f3MSAs	Blind Channel	['oulu metal', 'trancecore']	[2021]	1	0
4F8TuY4EW1EtXMpRRl8r6o	Sugarplum Fairy	['swedish indie rock']	[2021]	1	0
1miuiUk8Xya3zRHZzqAYAW	Mokke	['swedish drill', 'swedish hip hop', 'swedish trap pop']	[2021]	1	0
0kegLHgjdILMMhITTyenhi	Bosse Larsson	[]	[2021]	1	0
1bNpDaQnJ7DMIYe3KJXaa7	TpKiezzy	['swedish dancehall']	[2021]	1	1
4GcW03232y77FiMhneVmKd	Julia Alfrida	[]	[2021]	1	0
7EWU4FhUJM1sZQgQKdENeT	Hopsin	['conscious hip hop']	[2021]	1	1
0qUCR9pTeRAxEQO1Kcqjqp	Hampus Nessvold	[]	[2021]	1	1
3VhdRFPzyb8huDuJkxpLFa	Bianca Ingrosso	['swedish pop']	[2021, 2022]	1	0
3DJVDo0kd19fZXpTabasOX	Zafrir	['big room', 'slap house']	[2021]	1	1
4bXUaTjc7TQTvLqqCAlfYt	Jack Back	[]	[2021]	1	1
0gWa2AiDlbvF24aqoLT2c1	LadBaby	[]	[2021]	1	1
5tDnwIxYT1LAYH37yBqg4Z	WAHL	[]	[2021]	1	1
4iPkqclIFrMh42rUVgT1zR	Tess Merkel	[]	[2021]	1	0
5xSx2FM8mQnrfgM1QsHniB	Danna Paola	['latin pop', 'latin viral pop', 'mexican pop']	[2021]	1	1
1NRzxuPpdGushT8YmF5NAa	Edison Lighthouse	[]	[2021, 2022]	1	0
7avo0PmlW8O1YLEt9DnWQT	Studio Killers	[]	[2020, 2021]	1	0
12Zk1DFhCbHY6v3xep2ZjI	070 Shake	['new jersey rap']	[2021]	1	1
7ueqvvSgQyHZBviPbNifSH	GET UP Soul Choir	[]	[2021]	1	1
4B3aifxHtpcKHuNi12lmSt	WATTS	[]	[2021]	1	1
7jZM5w05mGhw6wTB1okhD9	ATB	['german dance', 'german techno', 'german trance', 'trance']	[2021]	1	1
5Dl3HXZjG6ZOWT5cV375lk	Yo-Yo Ma	['chamber ensemble', 'classical cello', 'classical performance']	[2021]	1	1
3rROvEsUJJ9y55g1PLaA16	Robert Trujillo	[]	[2021]	1	1
4DW34vji6G9GgGY0k2mic7	Chad Smith	['rock drums']	[2021]	1	1
1YjaVTeHBlVRRxbk7H30HN	Lunis	[]	[2021]	1	1
6ZvwUYAvbACmP7YTavyVV0	Olivia Lobato	['swedish pop']	[2021]	1	0
6zlR5ttMfMNmwf2lecU9Cc	Sam Fender	['modern rock', 'north east england indie']	[2021]	1	0
21rgoGGMOSvl9RD6zeuOnq	VICTORIA	[]	[2021]	1	0
2iTFeBMAYqy49eDBOScnCi	Marie Nilsson-Lind	[]	[2021]	1	0
1XLfrNXY6mop59F8cQOMQ4	O Dawg	[]	[2021, 2022]	1	1
0TKFPt9w0AAEnhB9bd0pLy	LUM!X	['melbourne bounce international', 'slap house']	[2021, 2022]	1	1
71szvmFWd7TUa7b6XmXj9k	Emmy Meli	[]	[2021, 2022]	1	0
7ig7r3UikvL9qJe7pQvCBn	waterbaby	[]	[2021]	1	1
4BFLElxtBEdsdwGA1kHTsx	ElGrandeToto	['arabic hip hop', 'rap maroc']	[2021]	1	1
3RHR0RmiXBuc3BBJOrHBj8	Luwapp	[]	[2021]	1	1
5bWgLmSpWnixX3inugtAVY	Hannes	[]	[2021]	1	1
44vREmJC0OlVZjZaGLqVEd	Morray	['pop rap']	[2021]	1	1
6tTI20dSq7pg481D7Mkcak	Prilla Generalen	[]	[2021]	1	0
3pjq2pDV9RR6VY55wBjVnp	Dardan	['albanian hip hop', 'german hip hop']	[2021]	1	1
2otUckChxWf2cp6UP2cD6e	Zuna	['albanian hip hop', 'german hip hop']	[2021]	1	1
5lVNSw2GPci8kebrAQpZqU	Eli Brown	['house', 'tech house', 'uk dance']	[2021]	1	1
7iTLGcddv1bOPirdYJjKVy	Dj Yo!	[]	[2021]	1	1
5fUXK5m3BNwoRgTyKq8tnz	AX'EL	[]	[2021]	1	1
72Nhcx7prNk2ZCxhx0Y5es	Amy Grant	['christian music']	[2021]	1	0
0GOx72r5AAEKRGQFn3xqXK	GIMS	['french hip hop', 'french pop', 'r&b francais', 'rap conscient']	[2021]	1	1
64H8UqGLbJFHwKtGxiV8OP	THE ANXIETY	['modern alternative pop']	[2021, 2022]	1	1
1xoxekeb8jUVHKJB7m6bfg	Tyler Cole	['bedroom soul']	[2021, 2022]	1	1
1gK6bR7fr8AfgfdZfGPyB0	Sebastian Lara	[]	[2021]	1	0
4Ny2ysC72ccnLmUgauWy7F	JÁNA	[]	[2021]	1	0
4np9Zzw0SEYQLcGv28P51q	TRAVI	[]	[2021]	1	1
4AA474G2hRfrHyGrfyDseO	Mozzy	['cali rap', 'sacramento hip hop']	[2021]	1	1
4kvCU3MzggM2piZCqvxj0x	Go_A	['ukrainian viral pop']	[2021]	1	0
5lTjv8Ag00qHSGhvK4JbeF	Justin Wellington	['melanesian pop', 'pacific islands pop', 'png pop']	[2021, 2022]	1	1
6c8akjSeJQw2NYemV6qVT8	Small Jam	['solomon islands pop']	[2021, 2022]	1	1
2BTZIqw0ntH9MvilQ3ewNY	Cyndi Lauper	['dance pop', 'new wave pop', 'permanent wave', 'soft rock']	[2021]	1	0
34G31kGbSQmemVlI0G784o	THE ROOP	['lithuanian rock']	[2021]	1	0
3mtBkhDY1zfMwTeUJxLRZj	LaStreet	['swedish hip hop', 'swedish trap pop']	[2021]	1	0
1zuJe6b1roixEKMOtyrEak	Tina Turner	['soft rock']	[2020, 2021]	1	1
7EJcUkbBsR4kN822bEa0ZS	Jamaika	['danish hip hop', 'danish pop']	[2021]	1	1
3fUWKywZQbkzjqydZH15fT	Evert Taube	['classic swedish pop', 'folkmusik', 'visor']	[2020, 2021]	1	0
3M9XAM57a4qFz3v6Lq27t2	Kellin Quinn	[]	[2021]	1	1
13NpuESz6tlK819yBs0PuS	Azteck	[]	[2021]	1	1
3q5DAsSH8efMqNxjxbdpGx	Angemi	[]	[2021]	1	1
4akybxRTGHJZ1DXjLhJ1qu	Kirk Franklin	['gospel', 'gospel r&b']	[2021]	1	1
5zVg22LmsI9H7BRzgmT9nv	Martin René	[]	[2021]	1	1
1ehbJ6ob0exKXppmDcfhm8	Miklo	['danish hip hop']	[2021]	1	1
2zgFYHwSEYOc1KnldGsBXK	Oxia	['french tech house', 'minimal techno']	[2021]	1	1
0dPldh0GoO1NGOUwRu7WSr	Leontine	[]	[2019, 2020, 2021]	1	0
3y24n3XhZ96wgwRXjvS17T	Coolio	['g funk', 'gangster rap', 'hip hop', 'west coast rap']	[2021]	1	1
2LhsePRtgCo4THVKULQBL7	L.V.	[]	[2021]	1	1
1LtnBJnmEj8gmEQothcCVp	K.A.D	['charva']	[2021]	1	1
0tvpihdAsKiNnP6sWS3jUI	TroyBoi	['bass trap', 'electronic trap']	[2021]	1	1
249X7nXjC7z2dC9y6jFOli	Mila Josef	[]	[2021]	1	1
164Uj4eKjl6zTBKfJLFKKK	JVKE	['modern indie pop', 'pov: indie', 'singer-songwriter pop']	[2021]	1	1
2Q94VIGMp0vhZetkOae27U	Natalia Gordienko	['moldovan pop']	[2021]	1	0
20wkVLutqVOYrc0kxFs7rA	Daniel Caesar	['canadian contemporary r&b']	[2021]	1	1
20EGKg0XsxPJ0GRHxfb9LX	Kylie Cantrall	['movie tunes']	[2021]	1	1
59WNMskn4tSvgnWKXHXj61	Kamelen	['norwegian hip hop', 'norwegian pop rap', 'norwegian trap']	[2021]	1	1
5P2rwRBgIN450RaJxdjYdA	Kardinal Offishall	['canadian old school hip hop', 'toronto rap']	[2021]	1	1
2zS32fWywZvJCB21xAqctW	Aslak Trude	[]	[2021]	1	0
6F1Ynxvudm3avEoQ1sdWq2	Enzo Ingrosso	[]	[2019, 2020, 2021]	1	1
7aINZ0jMALt5sIthAoPu9L	Yas1n	[]	[2021]	1	0
7823Dim2TzjiQQ9wRQxyi9	Wizzard	['glam rock']	[2020, 2021]	1	0
7mTV1xDo95GO6Bc7ttBFm8	Sannex	['dansband', 'skansk musik']	[2021]	1	0
5bgVMXG2OsJuKvkD9VMpZ6	Musti	['norwegian indie', 'norwegian pop', 'norwegian pop rap']	[2021]	1	1
0F1ctf2KXhKhtcHzWdonJr	GABIFUEGO	[]	[2021]	1	1
4ODUdqz93vJsCMMdJ0R30e	IMAN	[]	[2021]	1	1
7dKyMx9hAhSNKiDKFdWFJ7	Smile	['psychedelic pop']	[2021]	1	1
0FhMAWqE8BTiyzE4jVeqZ8	Gorablanca	[]	[2021]	1	0
1Y53ZUhXBydAzILo4Qa0s1	Manizha	['russian alt pop', 'russian synthpop']	[2021]	1	0
78rUTD7y6Cy67W1RVzYs7t	PinkPantheress	['bedroom pop']	[2021]	1	0
6i3DxIlAqnDkwELLw4aVrx	Lele Pons	['latin pop', 'latin viral pop', 'viral pop']	[2021]	1	1
7vCtweS8UVAXTyau2j0rDT	Josh Turner	['contemporary country', 'country', 'country road']	[2021]	1	0
4YYD7uQHp8hN2qp3ALyJny	Pistvakt	['danspunk']	[2021]	1	0
2uS8ryCr9KuXzh7Y4xowle	Herreys	['classic swedish pop']	[2020, 2021]	1	0
3L4wiBOSDLkJ18OISXZDA8	Barbara Pravi	['french pop', 'nouvelle chanson francaise']	[2021]	1	0
2t7THYoDAV1wXEmsp7HNH1	AMADEUS	[]	[2021]	1	0
6OG9fZ1LKXyL0hShRmmnq1	Davina Michelle	['dutch pop']	[2021]	1	1
5V4dYAavPYxUjwVjZm45RZ	Hoosam	['swedish hip hop', 'swedish underground rap']	[2021]	1	1
2efiY9RRTfchAvXGHkVzMv	Sabo	['moombahton']	[2021]	1	1
4nu1h45niRUoPEoeXnHH7p	Sigtuna Sångensemble	[]	[2021]	1	0
2gTcdmBwgyh3EORKIXCzlw	El Profesor	['house']	[2020, 2021, 2022]	1	1
2kreKea2n96dXjcyAU9j5N	The Pointer Sisters	['disco', 'girl group', 'hi-nrg', 'motown', 'new wave pop', 'soft rock']	[2021]	1	0
63ebc5zUpJ36aoTDQJHa9B	E1 (3x3)	[]	[2021]	1	1
2uIRmVaCVpHQjaVgph5clS	ZT (3x3)	[]	[2021]	1	1
4Dokdwa3WB7ilQ2c2qvIBL	Bugzy Malone	['grime', 'manchester hip hop', 'uk hip hop']	[2021]	1	1
4QSTyDpxsKmv3UfavVUImR	Darkoo	['afrobeats', 'afroswing', 'london rap', 'uk hip hop']	[2021]	1	1
1BEUkE2CSUgHTLSBMZdnFB	Mae Muller	['uk contemporary r&b', 'uk pop']	[2021]	1	1
1vhshb6p5AJSSgAj2LLnpA	Hurricane	['turbo folk']	[2021]	1	0
6HsEXxUSqMXmIwbYVW6zdt	Harpo	['classic swedish pop', 'classic uk pop']	[2021]	1	0
3ZAgwDEUIwIyQ7sG3SZ4BQ	Selim Salabim	[]	[2021]	1	1
0tdhoSLJPM9ZsECHNFxXAT	bünny	[]	[2021]	1	1
42SZWoHp8GLbTAFCF8xOIy	General Knas	['skansk musik', 'swedish dancehall', 'swedish reggae']	[2021]	1	1
0EiSiPzO4jKxXh9tTSJIJN	Kenta Kofot	[]	[2021]	1	1
5T4UKHhr4HGIC0VzdZQtAE	Faithless	['big beat', 'downtempo', 'electronica', 'trip hop']	[2021]	1	1
3Oim8XBPbznAa8Jj8QzNc8	Cults	['experimental pop', 'indie surf']	[2021]	1	1
4vpGVGgxSDcCTmqYbsOnsn	Amber Coffman	['art pop']	[2021]	1	1
03SBMfoHX3EUENFwFoLN5i	Soppgirobygget	['russelater']	[2021]	1	1
49Ig1fdepIMRJ5JUIr7Ppg	Lullabies	[]	[2021]	1	1
2hpvX1nsGt5B6NvDFYqwhI	Basse	[]	[2021]	1	1
1iiYaAy3yGWZlDPPL6Ke3Q	Sajmon	[]	[2021]	1	1
2KYr0si0Yy1c8kdzUDBzIj	3LLA	[]	[2021]	1	1
2Ev0e8GUIX4u7d9etNLTXg	Jim Reeves	['nashville sound']	[2021]	1	0
3E7T8t0FwjEVxg9jufWZQG	Eden Alene	[]	[2021]	1	0
7ekQSEOZHUS6bUkOqBTDwh	Radions Underhallningsorkester	[]	[2021]	1	0
6QRV4iTMBVKyGEjmer3xoE	Artie	['swedish trap pop']	[2021]	1	1
0PAAsgLKmFX9PFn3HMb7pW	SYLVE	[]	[2020, 2021]	1	0
1ZcnsSFqWusWlRK01vKE6b	Montaigne	['australian indie', 'australian pop']	[2021]	1	0
1xyGVJFEvENupHZdAkYcHd	Rami Bazi	['swedish trap pop']	[2021]	1	1
6onlMsHiL5KuuYtnwsu8xN	ALAWIE	['swedish hip hop', 'swedish trap pop']	[2021]	1	1
3TSLK8NFrFC8KqFwZlM58D	Romeo	['swedish trap pop']	[2021, 2022]	1	1
68I0yRCEpICs1hLsnUSMgC	Allertz	[]	[2021, 2022]	1	1
4lxfqrEsLX6N1N4OCSkILp	Phil Collins	['rock drums', 'soft rock']	[2021]	1	0
34mQpvCjyifYcrScoIlcmW	Vilma Flood	['swedish americana']	[2021, 2022]	1	1
3QKspYZWuPR8sJ6WW1zAdw	Sara Parkman	['folkmusik']	[2021, 2022]	1	1
2h6hAChW74hB9HvrNoK1RY	Quarterhead	['tech house']	[2020, 2021]	1	1
2fsk4VlJdNF6G8cCMDrrzB	Norma Jean Martine	['nyc pop']	[2020, 2021]	1	1
6Xz6ZnGZZ1KKct4jTyKKZv	SwitchOTR	['chill drill', 'melodic drill']	[2021, 2022]	1	1
12n8WUOyeP6V8jwgC4G97e	Charlie South	[]	[2021]	1	1
7p1rrHdKESuF36QaqDSAtd	Albina	[]	[2021]	1	0
4WXYemaE9nfL2Gb4Uz3Xbs	Rio	['swedish trap pop']	[2021, 2022]	1	0
1hKEBSwDGhKmshGFWiWm7S	Lesley Roy	['candy pop']	[2021]	1	0
5NvitpLfouTH18FjaKGh7S	Uvaag	['russelater']	[2021]	1	1
4pnp4w9g30yLfVIAFnZMRd	ACRAZE	['pop dance', 'tech house']	[2021, 2022]	1	1
1c70yCa8sRgIiQxl3HOEFo	Cherish	['atl hip hop', 'girl group', 'hip pop', 'r&b', 'southern hip hop', 'urban contemporary']	[2021, 2022]	1	1
46T4yCHjQfVxokuATj1SiV	Tina Guo	['cello']	[2021]	1	1
6QMABvTzixnxzsLYyhqRxI	Majestic	['uk dance']	[2021, 2022]	1	1
428NWvJtmUtdxSWImz3ysv	Willow	['swedish hip hop']	[2021]	1	1
46wEUZyujVrFSrdCnTKQmV	Marwa Loud	['french hip hop', 'pop urbaine', 'r&b francais']	[2020, 2021]	1	0
7Lk9V7E1u5gqSHmtcKlOqH	Sara Kays	['alt z', 'gen z singer-songwriter', 'modern indie pop']	[2021]	1	0
7s3eCGNZMrwUQraXlocCBv	Bizzy Banks	['brooklyn drill', 'new york drill']	[2021]	1	1
4L2LwkxA0Qxs9Kmo1vqO8N	Eva Rydberg	['skansk musik']	[2021]	1	1
22NflAPD6Ndyxj4p8ynYPX	Ewa Roos	['vintage swedish pop']	[2021]	1	1
6bmlMHgSheBauioMgKv2tn	Powfu	['sad lo-fi', 'sad rap']	[2020, 2021]	1	1
35l9BRT7MXmM8bv2WDQiyB	beabadoobee	['bedroom pop', 'bubblegrunge', 'indie pop', 'pov: indie']	[2020, 2021]	1	1
04vj3iPUiVh5melWr0w3xT	Christine and the Queens	['art pop', 'electro-pop francais', 'metropopolis', 'shimmer pop']	[2021]	1	1
4Ge8xMJNwt6EEXOzVXju9a	Caroline Polachek	['art pop', 'escape room', 'indie pop', 'indietronica']	[2021]	1	1
6EokhXVfuwkt5542gzakJ9	Plumbo	['norwegian country', 'norwegian folk rock']	[2021]	1	1
6vVztIuqdDHvYWxOEXCzjN	SALES	['indie pop', 'orlando indie']	[2021]	1	0
6vCIRD06VaQwwaZS0TqiCz	Foster	['sad lo-fi', 'sad rap']	[2020, 2021]	1	1
01y8iBZYk8aeNfPsuTVrAt	Sody	['alt z']	[2020, 2021]	1	1
1bq8rqNnfrojn0OSAfeNXJ	Sarcastic Sounds	['lo-fi chill', 'sad lo-fi']	[2020, 2021]	1	1
3L0guCaIo8WSeLTgBJHRsc	Moa Michaeli	[]	[2021]	1	1
4FeLiFUPdxVfFo8oOfA4BH	Rah Swish	['brooklyn drill', 'new york drill', 'nyc rap']	[2021]	1	1
15jrieCvf3EklAScnD9kKl	Sak Noel	[]	[2021]	1	1
09M87xFMTKdsWJxpEWaiat	Salvi	[]	[2021]	1	1
6lWfCJxyX6jAQVQbhLLOPY	Franklin Dam	[]	[2021]	1	1
1xr2G8Hlx4QWmT9HaUbmoO	Young Stoner Life	['pop rap']	[2021]	1	1
58E6TLHwF0cHdkrLd5iNRh	Jendrik	[]	[2021]	1	0
5EP020iZcwBqHRnJftibXX	Hooverphonic	['downtempo', 'electronica', 'trip hop']	[2021]	1	0
5xUacP1mVGfiY7Zr9RskmS	Sean Finn	['german dance']	[2019, 2021]	1	1
6jeg7JBX9J9097esK752iR	Smiley	['canadian hip hop', 'toronto rap']	[2021]	1	1
4qWnlmXWuGv2TtuxtIWlJX	BANNERS	['indie poptimism']	[2020, 2021]	1	0
73nQT8Arf05XV666SlvrVQ	Humlan Djojj	['barnmusik', 'barnsagor']	[2021, 2022]	1	1
42OtrLDsfIE3pD915uvaju	Josefine Götestam	['barnmusik']	[2021, 2022]	1	1
3LtYMPncqtiugGwOuuLq3h	Baddiel, Skinner & Lightning Seeds	['football']	[2021]	1	0
4Euia7UzdRshy1DJOSMTcs	220 KID	['uk dance']	[2021, 2022]	1	1
4fa39DDfkx8Z3gupRvfD78	Barnens jul	[]	[2020, 2021]	1	1
1yDN7vHPBnAbYFpS25DTWV	Vlade Kay	[]	[2021]	1	1
461fWLhyGb1giJaTUEPpWt	Jonth	['speedrun']	[2021]	1	1
4Q8IIlsZsXY1BgPzaz4DYq	Skinny Days	['pop edm']	[2021]	1	1
4cfKtwkefMW3aiXtxfw8w6	Nomcebo Zikode	['afro soul', 'south african pop']	[2020, 2021]	1	1
6qGkLCMQkNGOJ079iEcC5k	Ben Platt	['broadway', 'show tunes']	[2021]	1	1
2huzXUiBGRUJ8iRFD4NHc7	The Black Mamba	['portuguese rock']	[2021]	1	0
0HZUhj5PZHzHMWSI4s8rOQ	Stefania	['greek pop']	[2021]	1	0
3xvaSlT4xsyk6lY1ESOspO	Disney	"[""children's music"", 'movie tunes']"	[2020, 2021]	1	1
46UMQ0cW8ToR8egkBRwAxZ	Cynthia Erivo	['pop soul']	[2021]	1	0
08Ld63UgKrJ0nZnCkzHtzc	Project Pat	['crunk', 'dirty south rap', 'gangster rap', 'memphis hip hop', 'trap']	[2021]	1	1
4wP1kxjUsc9IR4Iy2smL7o	Trinidad Cardona	['sped up']	[2021]	1	0
6dO0RkhFhjMwLtLQqNgL8r	Issam Alnajjar	['indonesian viral pop']	[2021]	1	0
2hv0L18ihMvjk0dPrWM1WR	Inyang Bassey	['tropical house']	[2021]	1	1
7i9j813KFoSBMldGqlh2Z1	Riton	['house', 'pop dance', 'uk dance']	[2021, 2022]	1	1
1gALaWbNDnwS2ECV09sn2A	Nightcrawlers	['disco house', 'hip house', 'uk dance', 'vocal house']	[2021, 2022]	1	1
4L2dV3zY7RmkeiNO035Fi0	Mufasa & Hypeman	[]	[2021, 2022]	1	1
3Edve4VIATi0OZngclQlkN	Dopamine	[]	[2021, 2022]	1	1
0m2Wc2gfNUWaAuBK7URPIJ	Bono	['hollywood']	[2021]	1	1
1X8wFHJFucBUmBc7spQ4jP	The Edge	[]	[2021]	1	1
5BozIJTTNCufaZpjhy2der	DJ Dahi	[]	[2021]	1	1
73kWcRbUOA5MqXZDvzZEeX	Dinah Yonas Manna	[]	[2020, 2021]	1	1
3CygdxquGHurS7f9LjNLkv	Little Big Town	['contemporary country', 'country', 'country dawn', 'country road']	[2021]	1	1
4ktBrNjagCGftyuBLJkATq	Wes Nelson	[]	[2021]	1	1
3oZa8Xs6IjlIUGLAhVyK4G	Irene Cara	['disco', 'new romantic', 'new wave pop', 'soft rock']	[2021]	1	0
7e1ICztHM2Sc4JNLxeMXYl	dvsn	['canadian contemporary r&b', 'r&b']	[2021]	1	1
76FwN3u5L3LhNTqpF2gdh9	Uku Suviste	['estonian pop']	[2021]	1	0
0huGjMyP507tBCARyzSkrv	Cordae	['hip hop', 'pop rap', 'rap', 'trap', 'underground hip hop']	[2021]	1	1
1c9W4FJpTKvklYHfyNzAPl	Nathalie Brydolf	[]	[2021]	1	0
74V3dE1a51skRkdII8y2C6	André 3000	['atl hip hop', 'dirty south rap', 'hip hop', 'southern hip hop']	[2021]	1	1
5e1ekj5rPqXgSRF4gZw7cO	Karen	[]	[2020, 2021, 2022]	1	1
2y246nnP9pQT0E6v3ZMMOO	Night Lovell	['aesthetic rap', 'canadian hip hop', 'canadian trap', 'cloud rap', 'dark trap', 'ottawa rap']	[2021]	1	1
4iaTgZRy5aVnImDyRJn61n	James Newman	[]	[2021]	1	0
5NxuYq2W1QB6qpPxNYVumI	GG	[]	[2021]	1	1
2GcR5Ff169CmiWCa9JdwO7	Leandro	[]	[2021]	1	1
73KwqWuob0R53I14Vs56p9	Jesy Nelson	[]	[2021]	1	1
0ntVZReCfBFQctUiiaTaeu	Lasse Stefanz	['classic swedish pop', 'dansband', 'skansk musik', 'swedish country']	[2021, 2022]	1	1
0RF3teBjUzbf1SDpnuR8Ro	N!NE	['epa dunk']	[2021, 2022]	1	1
229RQG4IQ1BFiS1FJvww5N	bby	[]	[2020, 2021]	1	0
4oe1qp9xGSFxMYH4X9AXtl	Efendi	[]	[2021]	1	0
1rxRotylejS3RfFQa2Wd1G	Antique	['laiko']	[2020, 2021]	1	0
74e6I2mEw224Rzo1VadSMY	01an	['swedish hip hop', 'swedish trap pop']	[2021]	1	1
1QOHbhVRpDoNtRkz79si6b	Karen Harding	['house', 'pop dance', 'uk dance']	[2021]	1	1
6bh228LGC3eAzbplPWV02r	Declan J Donovan	['uk pop']	[2020, 2021]	1	0
1DBMeLdSpnCWz8dbDMk8ea	Birkir Blær	['icelandic singer-songwriter']	[2021, 2022]	1	0
7gXy60xRcwYujBFoYHnR2O	Big Red Machine	['eau claire indie', 'folktronica']	[2021]	1	1
3Pdait6yo2LXvw2CwnagZr	Polina Gagarina	['russian pop']	[2021]	1	1
4qXC0i02bSFstECuXP2ZpL	Blxst	['pop rap', 'westcoast flow']	[2021]	1	1
6utdPEv71mR0DnGp74cJIz	Disney Characters	['movie tunes']	[2021]	1	0
13wroZC00C9ix8fUR0JvaY	The Stickmen Project	[]	[2021]	1	1
2LkkwxA19J8C52wPQl5bG6	Jamie Miller	['pop soul', 'singer-songwriter pop']	[2021]	1	1
1PbtWtrN7jZpd4toqxrjm2	Lagique	[]	[2021]	1	1
57vWImR43h4CaDao012Ofp	Steve Lacy	['afrofuturism']	[2021]	1	0
0Wa1boCnzntZzMJqfdwx7l	Elisa Lindström	['dansband', 'melodipop']	[2021]	1	0
2eogQKWWoohI3BSnoG7E2U	Donna Summer	['adult standards', 'disco', 'hi-nrg', 'new wave pop', 'soft rock']	[2020, 2021]	1	1
3OymXdFdLhADhLIDEb964s	Klara Söderberg	[]	[2021]	1	1
49YbNTLaaAbZHLtDI2aPGL	Tesher	[]	[2021]	1	1
6jKAdoVMP3GqdlSETWtb4F	Vittorio Grasso	[]	[2021]	1	1
2iFKcghd6GTtAKEe4eWPP6	Otto Jonas Lindblad	[]	[2020, 2021]	1	1
3PETJ5cSHSkkVpWwYqIwlO	Dajanko	[]	[2021]	1	1
6KCxe5mJlHDJlKEXbNFLsP	Roxen	['romanian pop']	[2021]	1	0
6DZhVexktMVoYvr3p7OlcV	Gonza-Ra	['norrlandsk hip hop', 'swedish hip hop']	[2021]	1	1
2XnY6NZ6rENbLMYabjkRey	Toby Romeo	[]	[2021]	1	1
49T8i1paijMAK9rYtjO4lu	FAULHABER	[]	[2021]	1	1
1XynjLPAyPi8SZAx8LHN0Z	Nuka	[]	[2020, 2021]	1	1
05YVYeV4HxYp5rrWalvuE1	Grover Washington, Jr.	[]	[2020, 2021]	1	1
4i6VLJAtySJ3Vxf9R1me6p	Fronda	['swedish hip hop']	[2020, 2021]	1	0
29PgYEggDV3cDP9QYTogwv	Carolina Gaitán - La Gaita	['movie tunes']	[2021, 2022]	1	1
36CUTsdtNgCwMq6zKD1l8I	Mauro Castillo	['modern salsa', 'movie tunes', 'salsa colombiana']	[2021, 2022]	1	1
72kqSqk124Vnl1wtT6q9Fh	Adassa	['movie tunes']	[2021, 2022]	1	1
2as15AH2BTrPk8v4gyElmr	Rhenzy Feliz	[]	[2021, 2022]	1	1
18MFcGBHtyW0mU3ufcm0X1	Diane Guerrero	['movie tunes']	[2021, 2022]	1	1
5PYToRCsrnvikZg3yl2JMr	Stephanie Beatriz	['hollywood', 'movie tunes']	[2021, 2022]	1	1
7Js6Lde8thlIHXggv2SCBz	Europe	['album rock', 'glam metal', 'hard rock', 'rock', 'swedish hard rock', 'swedish melodic rock']	[2019, 2020, 2021]	1	0
46gyXjRIvN1NL1eCB8GBxo	All Time Low	['modern rock', 'neon pop punk', 'pop punk']	[2021]	1	1
6EPlBSH2RSiettczlz7ihV	Sleepy Hallow	['brooklyn drill', 'nyc rap']	[2021]	1	0
4PcesEvU9iICf7dwNt5B3l	Justus Bennetts	['gen z singer-songwriter']	[2021]	1	0
0MBLQbpbPvJ4oXM0Cj4aKR	Trobi	['dutch edm', 'dutch hip hop', 'pop edm']	[2021, 2022]	1	1
1uKLkEiZpQPgLZz8WcaTOq	Abaz	['swedish drill', 'swedish trap pop']	[2021]	1	0
4etuCZVdP8yiNPn4xf0ie5	Julio Iglesias	['latin pop']	[2021]	1	0
364nwDA1paIChosKjuNMV3	MIA	[]	[2021]	1	0
15ZjD8Gus20Miqw3fdOaXX	Stunna Gambino	['nyc rap']	[2021]	1	1
1hV3gbtU77osxNgFEuKq9h	Anxhela Peristeri	['albanian pop']	[2021]	1	0
15xSyYUeEIQphb7lnNojQs	Anna Stadling	[]	[2021]	1	1
4gvjmrtzydbMpyJaXUtwvP	Addison Rae	[]	[2021]	1	0
0kgOnYSaZeTf3ZnErgwkGT	Senhit	[]	[2021]	1	1
3IJtdFn9IKbFvNvZqOJA46	Blas Cantó	['spanish pop']	[2021]	1	0
0ebNdVaOfp6N0oZ1guIxM8	SUGA	['k-pop']	[2021]	1	1
4pooXkYjBxl4t18gUeTQxa	Next to Neon	['swedish synthpop']	[2021]	1	1
5kgwb87hriOMQstPRdvInn	Pelago	[]	[2019, 2021]	1	1
3yDIp0kaq9EFKe07X1X2rz	Nile Rodgers	['disco']	[2021, 2022]	1	1
6gkWznnJkdkwRPVcmnrays	Sister Sledge	['disco', 'funk', 'philly soul', 'quiet storm', 'soul']	[2021]	1	0
3t9HafA5eFHM992s4GZ0Gr	Jeangu Macrooy	['dutch indie', 'dutch pop']	[2021]	1	0
2Dpj2Fts5HbgdsjZ12khbp	Ella Tiritiello	[]	[2021]	1	1
5dyKtXKwZmYhlyh9c6UcB0	Royal Stockholm Philharmonic Orchestra	['nordic orchestra', 'orchestra']	[2021]	1	1
5fmvGUlMVgmnCn45f1he7d	Andrew Gold	['underground power pop']	[2021]	1	0
1qto4hHid1P71emI6Fd8xi	Aventura	['bachata', 'bachata dominicana', 'latin hip hop', 'latin pop', 'tropical', 'urbano latino']	[2021]	1	1
6PjYWhr7QIanuAn334qpnS	Tutto Balutto	['fotbollslatar']	[2021]	1	0
6xrCU6zdcSTsG2hLrojpmI	José González	['chamber pop', 'gothenburg indie', 'indie folk', 'stomp and holler', 'swedish indie folk', 'swedish indie pop', 'swedish singer-songwriter']	[2021]	1	0
5KsRA81UaMVKvLNiwDySfp	Jonah Kagen	['singer-songwriter pop']	[2021]	1	1
3pqmSK0CTIQ5RGfGLm2d9y	Dag Tolstoy	[]	[2021]	1	0
45gHcnDnMC15sgx3VL7ROG	42 Dugg	['detroit trap', 'trap']	[2021]	1	1
6xQvQwZQQuq9R3TdPNbcR8	Bassjackers	['dutch house', 'edm', 'electro house', 'pop dance', 'progressive electro house']	[2021]	1	1
0RIwEP1SaALlxn9jOVqHfA	Gjon's Tears	[]	[2021]	1	0
2TAqN8fwfaKauvviN4pOsv	JC Stewart	['uk pop']	[2021]	1	1
7iK8PXO48WeuP03g8YR51W	Myke Towers	['reggaeton', 'trap latino', 'urbano latino']	[2021]	1	1
1ZHk8dteZz6Vi2HFp4hGoM	Abra Cadabra	['uk drill', 'uk hip hop']	[2021]	1	0
5nFrP7P3n5fP5PVFTP4hoz	Thorleifs	['dansband']	[2021]	1	0
6owH8F2INpb18PhnISiVh2	Vantage	['future funk']	[2021]	1	1
72pJ6h8ZR3sS8S1vzv1SQE	Amfree	[]	[2020, 2021]	1	1
7sn4p2ENk9UcN3QdnXAsN2	Ampris	[]	[2020, 2021]	1	1
6K6JhPFZbq6tq35IOH4WBg	Kaah	['scandinavian r&b', 'swedish soul']	[2019]	1	1
7d3vMJRZUY5JtX9UElKBBN	Skylike	[]	[2019, 2020]	1	1
4QKGlPUIuL7IzE4vsVwIu6	Ekko	[]	[2019, 2020]	1	1
3nmaO18tcMzfrrR7sdJHnH	Drenchill	['pop edm']	[2019]	1	1
6oHCxanXnGoT4ntOtXwsWX	Indiiana	[]	[2019]	1	1
20DZAfCuP1TKZl5KcY7z3Q	SLANDER	['brostep', 'dubstep']	[2019]	1	1
2QeNM65b7IWvK4Ofcqz8cm	Calle Lehmann	[]	[2019]	1	1
5BVlxiGhYLEp0EtVLkAZc5	Nobel	[]	[2019]	1	1
5JMLG56F1X5mFmWNmS0iAp	Chelsea Cutler	['alt z']	[2019]	1	1
4o7tWrzQOqarDtTMWD2HV9	LAY	['chinese electropop', 'chinese idol pop', 'k-pop']	[2019]	1	1
7f4ignuCJhLXfZ9giKT7rH	NCT 127	['k-pop', 'k-pop boy group']	[2019]	1	1
3OITAuZNhf2Z9DySHJsCKD	Klahr	['sky room']	[2019]	1	1
6rx8WDggPTg8dIwn8TMuE4	Edda Magnason	['swedish singer-songwriter']	[2019]	1	0
5bNd6egMeDRrRr7L3xRdvP	Sonic Avenue	[]	[2019]	1	1
53gBJot4NtKHSCLTuUdTYR	Mikayla	['deep pop edm', 'tropical house']	[2019]	1	1
1hII0FUxBvpT7bnuS7TQ6q	Philip Strand	['deep pop edm', 'tropical house']	[2019]	1	1
4QVBYiagIaa6ZGSPMbybpy	Pedro Capó	['latin pop', 'puerto rican pop']	[2019]	1	1
0CkbPVBpOwwz9NPPglFKyq	RAY BLK	['alternative r&b', 'electra', 'uk contemporary r&b']	[2019]	1	1
5vBrKGOjN10BMwB0cJADj4	bülow	['alt z', 'indietronica']	[2019]	1	1
7J7YzKnvAyEmHCg7LGWW0G	Alex Aris	[]	[2019]	1	1
2hahtdJusGYC77DKod4qfB	Miki Núñez	['latin talent show', 'reggae catala']	[2019]	1	0
6USMTwO0MNDnKte5a5h0xx	Y2K	['pop rap', 'viral rap']	[2019]	1	1
41X1TR6hrK8Q2ZCpp2EqCz	bbno$	['canadian hip hop', 'dark trap', 'meme rap']	[2019]	1	1
6S0IvKlvPMX1RtAYtVpUV8	Drax Project	['nz pop']	[2019]	1	1
7eoFSuG70jwEpxd1LdKNxK	Arja Saijonmaa	['classic swedish pop']	[2019]	1	0
4Nd6R1oljERR3D2893MpJf	Jan Johansen	['classic swedish pop', 'swedish pop']	[2019]	1	0
63XBtGSEZINSyXylZxEUbv	Victoria Monét	['alternative r&b']	[2019]	1	1
1QIoedC1hO9QOSfQfFuLeI	Arvid Lundquist	['gothenburg hip hop']	[2019]	1	0
0cc6vw3VN8YlIcvr1v7tBL	Mötley Crüe	['album rock', 'alternative metal', 'glam metal', 'hard rock', 'metal', 'rock', 'sleaze rock']	[2019]	1	0
2ScWWtrV7DOYYeb4vO0rG8	Cimón	[]	[2019]	1	0
6HQ6vf4AloXyVNdyJhrX1J	GAMPER & DADONI	['deep tropical house', 'german dance', 'tropical house']	[2019]	1	1
3RBqLTttwN1orqQozYfmJo	Emily Roberts	['german pop']	[2019]	1	1
5UjifI1TYefXWn9GdqDOHl	Social House	[]	[2019]	1	1
7qm0LNllRXF6zYHC2wjd4e	DJ FITTE	['epa dunk', 'russelater']	[2019, 2020]	1	1
5awQWdBpLqN2KFVRN8w56T	Highasakite	['norwegian indie', 'norwegian pop']	[2019]	1	1
2qvhjqOTtoehpiNEJN7jWA	Anthony E	[]	[2019]	1	1
14QSHGFAnTDhmXsjz7SrCn	Freddie	['orebro indie']	[2019]	1	0
6n8YeBP1XoyyzdXhw0pGzK	Wild-Boy	[]	[2019]	1	1
1Typw0HezT717bgUtWbH43	Tamara Todevska	['macedonian pop']	[2019]	1	0
5deoijipwIdBiA27rEj14E	Josh Cumbee	[]	[2019]	1	1
47BEc2RoW53owMyxacXWdV	Yves V	['belgian edm', 'dutch house', 'edm', 'electro house', 'pop dance', 'progressive electro house', 'progressive house', 'slap house']	[2019]	1	1
3yzRiNMZdTsSUgplcyYZ4i	Blanco Brown	['black americana', 'country rap']	[2019]	1	0
14scxEoUN7Dcx1m4EQ7oHe	Ashley O	[]	[2019]	1	0
0SiA0xtHw1lnSXRf1S7jjw	Michel Zitron	[]	[2019]	1	1
4bkmsIjrznXB4Eg19UATWt	Ainbusk	['classic swedish pop', 'gotlandsk musik', 'nordic folk']	[2019]	1	0
7hsdPMApV4JTkBUUL4ZWMk	Winati	[]	[2019]	1	1
3t66HrWji19Ey3uJE2DSyC	Moonshine	['slap house']	[2019]	1	1
7GVF8DDjYLdmf5Y4oJHsaC	BELLMAN	[]	[2019]	1	1
0dn1gA4vEmgPxarhdWcLCM	Louise CS	[]	[2019]	1	1
5j1B9Zghau7e3BPr9vXjZZ	ANNICA	[]	[2019]	1	0
3kBI5OLTQlKaS0HeTvvnu6	S9ine	['swedish trap', 'swedish trap pop']	[2019]	1	1
2c9O21YLFy4tFI9zCVhbFg	Sunday Service Choir	[]	[2019]	1	1
3QTDHixorJelOLxoxcjqGx	SiR	['alternative r&b', 'la pop']	[2019]	1	1
2NlKrNMdpYxGjt3Pvw87rC	Europa	['uk dance']	[2019]	1	1
6OPsyrpJLYcCZUEhWIEsep	Pagan Fury	['nordic folk metal']	[2019]	1	1
75N2nC2KNgaQ1e6bGs0wyc	Paradox Interactive	['video game music']	[2019]	1	1
1ckqP1gYFcLjOabZvR7o1E	Eliot	[]	[2019]	1	0
3bnpcWBcvlfq4hPFJjNPbz	SAFE	['canadian hip hop']	[2019]	1	1
1vIuPjtFhqIPE2n9W2ePgO	Noonie Bao	['swedish indie pop']	[2019]	1	1
6t9ucCmbp0yzfgKpSLl7XL	UNDRESSD	['orebro indie']	[2019]	1	1
4PoDl8ZLsbbdeNBrEC1eSH	Ellie May	[]	[2019]	1	1
5KHDZuaKZOP6cJWRtSHWe8	Sarah McTernan	[]	[2019]	1	0
2J257euzcjnDLipsyJH3F2	Clipse	['alternative hip hop', 'hardcore hip hop', 'hip hop', 'southern hip hop', 'virginia hip hop']	[2019]	1	1
6I3M904Y9IwgDjrQ9pANiB	Kenny G	['smooth jazz', 'smooth saxophone']	[2019]	1	1
1PvBXGOTvO3zrbDtL5mKEB	Neil Fallon	[]	[2019]	1	1
0JYmighF3zbuA81Di54CZN	S-X	['instrumental grime']	[2019]	1	1
7f4HimNNpPUrIy44E6PeZb	Ann-Louise Hanson	['classic swedish pop', 'dansband', 'swedish country', 'vintage swedish pop']	[2019]	1	0
77ziqFxp5gaInVrF2lj4ht	Sech	['panamanian pop', 'reggaeton', 'trap latino', 'urbano latino']	[2019]	1	1
2gsggkzM5R49q6jpPvazou	Jessie J	['dance pop', 'pop']	[2019]	1	1
0PEfbjTw85CAN5G0lz9n3p	Pete Konemann	[]	[2019]	1	1
7z5WFjZAIYejWy0NI5lv4T	Dan + Shay	['contemporary country', 'country', 'country road']	[2019, 2020]	1	1
2HFuviZiAYhouKgvRX0y45	Chantel Jeffries	['kentucky hip hop', 'la pop']	[2019]	1	1
2yEwvVSSSUkcLeSTNyHKh8	TOOL	['alternative metal', 'art rock', 'nu metal', 'progressive metal', 'progressive rock', 'rock']	[2019]	1	0
7qSCidF75d5rOsImAFid1z	Filip Dikmen	[]	[2019]	1	0
2MBqaU2lG767imCNMriTyE	Yacine Laghmari	[]	[2019]	1	0
5JbALDn35ZrLwVAle4xVqZ	Luca Hänni	['german pop']	[2019]	1	0
7sdNw5xCqLmklPwCGrM0tw	Jurijus	['lithuanian pop']	[2019]	1	0
3yX8kCojnUAJJ1eWGZT38j	Hatari	['icelandic electronic', 'icelandic post-punk', 'icelandic punk', 'icelandic rock']	[2019]	1	0
1aQwKFn00nswXRDUDipm0K	Gaullin	['lithuanian edm', 'lithuanian electronic']	[2019]	1	0
2gLZZdgHD8ZbSAB2qQkr3P	GLOWINTHEDARK	['dutch house', 'dutch rap pop']	[2019]	1	1
3XV0lFzNs8BCTwhJTcMiBr	Blue Ivy	[]	[2019]	1	1
3vQ0GE3mI0dAaxIMYe5g7z	Paulo Londra	['argentine hip hop', 'trap argentino', 'trap latino', 'urbano latino']	[2019]	1	1
6sfUgwUTFjy1SNF2uWOcPp	Kate Miller-Heidke	['australian pop', 'australian singer-songwriter', 'lilith', 'piano rock']	[2019]	1	0
2auC28zjQyVTsiZKNgPRGs	RM	['k-rap']	[2019]	1	1
52wHLsSLdkVMLYo2ZXP8y6	GIDDE	['swedish gangsta rap', 'swedish hip hop', 'swedish trap pop']	[2019]	1	1
2FovgCfOwN9iqbkCBlKFdT	Ellise	['alt z', 'electropop']	[2019]	1	1
6TDGOKhXvRivQwwWIDWNfE	ZENA	[]	[2019]	1	0
7Gui07OSDQGktpwL3oH8yt	Kameron	[]	[2019]	1	1
3ti6KzYwDK7GTraIlnLUdu	Roomie	['antiviral pop']	[2019]	1	1
2fep3LmJVy12i4PLmuTiLa	Rocka Sockorna	[]	[2019]	1	0
3N7PAaiIBEDfL6y6Rwso48	Martin Stenmarck	['classic swedish pop', 'swedish pop']	[2019]	1	0
0YvFvwtv758gmIrkPoAnRO	zalagasper	[]	[2019]	1	0
4bgAwdGd0zZ2U42GkdRS1b	Ayda	[]	[2019]	1	1
0ISkgZ0y3iY60jiG3SQgvN	Lina Hedlund	['swedish pop']	[2019]	1	0
0FVsUxcFSlxwIM7Qs31s6J	Billy Eichner	['movie tunes']	[2019]	1	1
7xX39IyguhWsTIg4eU2reH	Seth Rogen	['movie tunes']	[2019]	1	1
7Gz6VlTVwlNtBNMYV4OI3w	Shotgun Willy	['meme rap']	[2019]	1	1
1V2sJvNlPQYSO4Kf6GC3if	Yung Craka	['meme rap']	[2019]	1	1
2ycHOY6p6VLnes239HaWRc	TILI	[]	[2019]	1	1
2oQX8QiMXOyuqbcZEFsZfm	El Alfa	['dembow', 'rap dominicano', 'reggaeton', 'trap latino', 'urbano latino']	[2019]	1	1
3TYKn2aA1lPWWQFHufLkjl	MILK	[]	[2019]	1	1
4pnv4aFLlpcvAcMpZrbnKB	C&N Project	[]	[2019]	1	1
3wtMPMvPtiFylbnNXF6CAj	Afro Bros	['basshall', 'dutch hip hop', 'dutch house']	[2019]	1	1
4pwXiI7Z5ZStkgKowZyoKi	Like Mike	['belgian edm']	[2019]	1	1
2XRjIwgD0UiJXtx7Xzfy7w	Charlotte Haining	['uk dnb']	[2019]	1	1
0keJuhsaIXm08OuJkPM1la	Nilo	['swedish trap pop']	[2019]	1	1
2HUwZ0kumzCSlhFcjFZfpp	Flipp Dinero	['melodic rap', 'trap']	[2019]	1	0
0pOruKWwgyqSLZhn4Xovs9	Ardian Bujupi	['albanian hip hop', 'albanian pop', 'german hip hop', 'kosovan pop', 'turbo folk']	[2019]	1	1
4a95izyFgvXS2JYqL8rANq	SHOTTY HORROH	['battle rap', 'irish hip hop', 'manchester hip hop']	[2019]	1	1
0VGybH10ziMPo99SYOwMoQ	Tamta	['greek pop', 'laiko']	[2019]	1	0
65CKKZilbcSKkAPC9a5Mvh	Oumou Sangaré	['afropop', 'malian blues', 'mande pop', 'wassoulou', 'world']	[2019]	1	1
0HkcYmcjrBR3SCw9Ld5VZk	Calboy	['chicago rap', 'melodic rap']	[2019]	1	0
2ahBaSt0robMqzpOdoCLr1	Carl-Bertil Agnestig	[]	[2019]	1	1
7wswVTJkiyAaVuXf7zLNF7	Nacka Girls Choir	[]	[2019]	1	1
0zLZ96UoqhllNeLk5D1U6l	Nacka Music Class	[]	[2019]	1	1
4gXoprttD6M0HwTqQNsxOY	Ji Nilsson	['swedish pop']	[2019]	1	1
6geC8EbDc3ifaSAbx3RESQ	Tape Machines	['scandipop']	[2019]	1	1
7cPHWzJNSiVkCenk3nxQdJ	Vicki Vox	[]	[2019]	1	1
6YbvyuBTs8JbVj7iyurrJe	teamwork.	['la pop']	[2019]	1	1
6dn6x1XOng3LOAnfTjUn77	AJ Mitchell	['alt z', 'pop']	[2019]	1	1
16MsIlrZeMWpSAk1RlULB6	Daniel Gidlund	[]	[2019]	1	1
06nvjg4wBANK6DCHjqtPNd	Mahmood	['italian adult pop', 'italian pop']	[2019]	1	0
2ndyVAdV9UqF1XjyTJt484	Fred Hammond	['gospel']	[2019]	1	1
5eQqcPbXB8aHmLxOTBT6Sc	Rebecka Karlsson	['melodipop', 'swedish pop']	[2019]	1	0
1xoWYqTvsYArxO1Xge3TG4	Michela	['maltese pop']	[2019]	1	0
4yxeyorUKkW9fOOBeguEC9	Flynn	['irish pop']	[2019]	1	1
16oZKvXb6WkQlVAjwo2Wbg	The Lumineers	['folk-pop', 'modern rock', 'neo mellow', 'stomp and holler']	[2019, 2020]	1	0
144Tyea4hIcFCEzCezzyID	Sista Boss1en	[]	[2019]	1	1
5Z1CCuBsyhEHngq3U5IraY	Westlife	['boy band']	[2019]	1	0
1TWfYWNywX3nKCYfdgVHfr	Ainbusk Singers	['classic swedish pop', 'gotlandsk musik']	[2019]	1	0
4UXTIkBW9t9Lcx3xtlaifs	Lake Malawi	['czech pop']	[2019]	1	0
69GGH3fqk8waBkpDJ5C2mK	Sergey Lazarev	['russian pop']	[2019]	1	0
40tNdcLMkz7RoHcykLSNwB	Katerine Duska	['greek indie']	[2019]	1	0
7FY5V3XMwlNBPitEjXowHQ	Darius Rucker	['black americana', 'contemporary country', 'country', 'country road']	[2019]	1	1
4xFUf1FHVy696Q1JQZMTRj	Carrie Underwood	['classic oklahoma country', 'contemporary country', 'country', 'country dawn', 'dance pop']	[2019]	1	1
23EA28263XvtIrXuySX6oI	Francis and the Lights	['art pop']	[2019]	1	1
6StTE02qIwbcJjGEDSZgg5	AVIAN GRAYS	[]	[2019]	1	1
6Z8vLeI1ZMj2kzTNWVOBXr	Jordan Shaw	[]	[2019]	1	1
0ceH34CATvfgphxnLRWFkm	9lokknine	['florida drill', 'florida rap']	[2019]	1	1
4FZ3j1oH43e7cukCALsCwf	Jack White	['alternative rock', 'blues rock', 'garage rock', 'garage rock revival', 'indie rock', 'modern blues rock', 'modern rock', 'punk blues', 'rock']	[2019]	1	1
40xbWSB4JPdOkRyuTDy1oP	Nicole Scherzinger	['dance pop', 'pop', 'post-teen pop']	[2019]	1	1
1m7tgi2gXk1x4dxllqj53X	High15	['swedish pop']	[2019]	1	0
5bWUlnPx9OYKsLiUJrhCA1	Jon Z	['reggaeton', 'trap latino', 'urbano latino']	[2019]	1	1
6HCUfgQJQ5AvjxX3coDJsT	Chingiz	[]	[2019]	1	0
0PC5R4grFIhR1v2Gstn7ph	The Lovers Of Valdaro	['swedish pop']	[2019]	1	0
73Np75Wv2tju61Eo9Zw4IR	Idina Menzel	['hollywood', 'movie tunes', 'show tunes']	[2019]	1	0
5a2XvSPLGmmVwXNCqPj2x9	Srbuk	['armenian pop']	[2019]	1	0
1eoyu9uAivE7Jwak40J1MW	Bilal Hassani	['french pop', 'variete francaise']	[2019]	1	0
0tU5A3tDcOew6YeqCkBgEw	S!sters	[]	[2019]	1	0
3Z6WVJzHQ12kzNjhzDkIYP	Timo Räisänen	['gothenburg indie']	[2019]	1	1
0OsDQRnrYee3O812DQtMu2	Göteborg Wind Orchestra	[]	[2019]	1	1
7D7k550IB6EszWmzVVCJSK	Helena Paparizou	['greek pop', 'laiko']	[2019]	1	0
0FWDPRCjH6e0oDkBiHVlBH	Stockholms Gosskör	['swedish choir']	[2019]	1	0
1s08lsfz12cC55p6MB5XMf	SHRN	[]	[2019]	1	1
4kyXgKmaqyXCLW5e0sxqMj	Ismael	[]	[2019]	1	1
4RGFdV2ItsupGtOJLS5G7n	Fatmax Gsus	[]	[2019]	1	1
34sO9UijGp60fLHOADXJ0w	Iccyy	['swedish trap']	[2019]	1	0
5QclwTG2aoAwoeBBphkegt	Michael Rice	[]	[2019]	1	0
0LyOADBjj28cbvJWTXUEGA	Loren Allred	['deep talent show', 'hollywood', 'movie tunes']	[2019]	1	0
5YyGLejM00snCF1RJKlocJ	Nikki Vianna	['nyc pop']	[2019]	1	1
31JFnMfmvwzZGdEnXaKGek	Herve Pagez	['musique guadeloupe']	[2019]	1	1
0izKfMblL8LX6Bv2wG3Cy7	Lena Leon	[]	[2019]	1	1
3uZFBSsMiooimnprFL9jD1	Snow	['canadian old school hip hop', 'reggae fusion']	[2019]	1	1
0aV6DOiouImYTqrR5YlIqx	Alpis	['swedish gangsta rap', 'swedish hip hop']	[2019]	1	1
1U3m2ZaxxYMDuF5AMf84bD	Serhat	[]	[2019]	1	0
3Fl1V19tmjt57oBdxXKAjJ	Blueface	['cali rap', 'rap']	[2019]	1	0
1s2NADRmVmkEjLZlE6vHvE	Dea Norberg	[]	[2019]	1	1
6t9tbRO9Lv6Oq6xtVwfdrn	Theresa Rex	['scandipop']	[2019]	1	1
1B4yu7LuLM9Y5YislMFPwo	Jamie Hartman	[]	[2019]	1	1
4RECZF8w334BdFUPUdQJMy	Amarill	[]	[2019]	1	1
2t43iMXUM5eFBAYH498put	24SJU	['gothenburg hip hop', 'swedish hip hop', 'swedish trap pop']	[2019, 2020]	1	1
6iyadmF41vqU7NnBaVabfL	HARLOE	['la pop']	[2019]	1	1
5fSVkkuijRIpxuvSqysYiP	Snøw	['sad lo-fi', 'sad rap']	[2019, 2020]	1	1
6lJgqdHpRFMsxeqyrSUYMR	Leonora	[]	[2019]	1	0
5cCUKOmusNsru0nszbcFJ4	Bishara	['swedish pop']	[2019]	1	0
63q3l3pKBpvqEjUM5Vf1TG	Erik Segerstedt	['swedish pop']	[2019, 2020]	1	1
0gFk1Wd2yws9WIB6dqaO4b	Mattias Andréasson	[]	[2019, 2020]	1	1
6JslHlPlHkqjXjJruueAzp	Hagop Wanisian	['assyrian pop']	[2019]	1	1
3k3gbUT7bF0jYmFmAKBQtU	Dan Reynolds	[]	[2019]	1	1
4GUTpgvf1FMbkI9SIv3Tap	Lancelot	['swedish pop']	[2022]	1	0
7bPs6jf983f0bjRAt1yxDM	Patrick Watson	['indie folk', 'indie quebecois']	[2022]	1	0
6WFDpw4u23uSpon4BHvFRn	Cat Burns	['uk pop']	[2022]	1	0
5qr9oJEKhqbjVAFxyYIKKy	Örnen	['epa dunk']	[2022]	1	1
6kxzjvqTwQHtqzObBTJHh6	Mozby	['epa dunk']	[2022]	1	1
5Y3Y1CiblRM9kggjDwTEU8	PABI	[]	[2022]	1	1
72OaDtakiy6yFqkt4TsiFt	Cher	['dance pop', 'pop']	[2022]	1	1
0L8ExT028jH3ddEcZwqJJ5	Red Hot Chili Peppers	['alternative rock', 'funk metal', 'funk rock', 'permanent wave', 'rock']	[2022]	1	0
4y6IXL3FLmSLs4CCgpq5i2	INOMI	[]	[2022]	1	0
2yi9c8OXkt7PrwbBFOMgjP	Simon Ward	[]	[2022]	1	1
4ppoX6F1mJJLdi9R6ycLdq	My & Mats	['barnmusik']	[2022]	1	0
1tEXFmmdbxUEdDlh5jI3m3	Daniela Sörensen	[]	[2022]	1	0
4sW5R5XKTge9Vwv44p9p18	Sam Gray	['uk dance']	[2022]	1	1
1793RNBnWXkl6iRbT196Nk	KDDK	[]	[2022]	1	1
6gpY6HHTGZp0sTLsxsSNqo	Torine	[]	[2022]	1	1
7MgeBZ2pgnnkISLd8wsn0T	Anders Bagge	[]	[2022]	1	0
5A7HNCq6t0xNDOjZIUZDRk	YV	[]	[2022]	1	1
3NR7hAacOhmcztWvD7vJfS	Sickick	['bass trap']	[2022]	1	1
27Hd2l3rnMm3JL9hm31RE7	Tribe Friday	['orebro indie', 'swedish garage rock']	[2022]	1	0
2PJEagPIxaBugeMjIyKVXF	Aitch	['manchester hip hop', 'uk hip hop']	[2022]	1	1
0Ty63ceoRnnJKVEYP0VQpk	Sting	['permanent wave', 'soft rock', 'sophisti-pop']	[2022]	1	1
0SvOUnxBINpTUwVLjBD8sS	Astrid Assefa	[]	[2022]	1	1
4FVS2fGhv66N8QLEj77EEP	Elias Hurtig	['swedish pop rap']	[2022]	1	1
5f5mH9BDkeyXmDbzevu38d	Alfons	['melbourne bounce international']	[2022]	1	1
3kdwcdgnO8ocKNeFr31F9v	Samira Manners	[]	[2022]	1	0
3Qbh5GCdbcDITjUIBt43M6	Tenori	[]	[2022]	1	0
2MnEe6M7ibhg3RAG0Ydtp4	BELL	[]	[2022]	1	0
60ocUh2KF1ZOSqjkxyt6jl	Tone Sekelius	[]	[2022]	1	0
5yOvAmpIR7hVxiS6Ls5DPO	Omah Lay	['afrobeats', 'nigerian pop']	[2022]	1	1
4rC8J4M4aOqsQSCP4yoyJI	Felix Da Housecat	['acid house', 'alternative dance', 'chicago house', 'electroclash', 'filter house', 'new rave']	[2022]	1	1
3QhNv79NoIvarU6N57GBzL	Miss Kittin	['alternative dance', 'electra', 'electroclash', 'electronica', 'french techno']	[2022]	1	1
7o2ZQYM7nTsaVdkXY38UAA	Em Beihold	['alt z', 'gen z singer-songwriter']	[2022]	1	0
061CokvjfVqrXQcurI244R	Slowface	['gaming dubstep']	[2022]	1	1
58ENnwqOR5abhgrvdUvquj	FI:VO	[]	[2022]	1	1
2W8yFh0Ga6Yf3jiayVxwkE	Dove Cameron	['pop']	[2022]	1	0
0n4qD1LR233g1LdGBp1BEE	Georgios Barbanos	['swedish drill']	[2022]	1	0
4aK9sNftDZEcieWnzCk2Ed	Robin Nazari	['swedish hip hop', 'swedish trap pop']	[2022]	1	1
4rSe5VVdZX6GOPCcMYT7ZM	RAHIMIC	['swedish trap pop']	[2022]	1	1
027TpXKGwdXP7iwbjUSpV8	The Walters	['chicago indie', 'pov: indie']	[2022]	1	0
0LVDX2sdKpfXwVmy52HLAc	25	[]	[2022]	1	0
0ghlgldX5Dd6720Q3qFyQB	TOMORROW X TOGETHER	['k-pop', 'k-pop boy group']	[2022]	1	1
2KEqzdPS7M5YwGmiuPTdr5	Rina Sawayama	['art pop', 'electropop', 'indie pop']	[2022]	1	1
4ryoVY6Gmwve1PXyNtbDSC	Browsing Collection	[]	[2022]	1	0
6EukzZB91A7PNphXSLEgZH	EMIL HENROHN	[]	[2022]	1	0
7pbDxGE6nQSZVfiFdq9lOL	Rex Orange County	['bedroom pop', 'pov: indie']	[2022]	1	0
2mpeljBig2IXLXRAFO9AAs	Dido	['dance pop', 'europop', 'lilith', 'neo mellow', 'pop rock']	[2022]	1	1
3PI9Zv8cDF0Fh0UlqohJir	Angelino	[]	[2022]	1	0
7wU1naftD3lNq7rNsiDvOR	Paul van Dyk	['german techno', 'trance', 'uplifting trance']	[2022]	1	1
5RaTuqY7SJHvh6MNzMagut	D1MA	['danish hip hop', 'danish pop']	[2022]	1	1
20cmhoGvN0eyzhmsHJH1Mg	Luude	['aussietronica']	[2022]	1	1
5mxB08ktCukEhGMg2YZeEv	Colin Hay	['solo wave']	[2022]	1	1
1TRFAJu3Cw64APToZaGk9D	Riva Starr	['deep house', 'house', 'tech house']	[2022]	1	1
6RGxLsQUoGk5PLyMVwb3yE	Sananda Maitreya	['new romantic', 'new wave pop']	[2022]	1	1
7AQhu7Rj1yyBPk8LqYaRdE	G1ocatore	['swedish trap pop']	[2022]	1	0
04uu8U3I1h26Fp2NBkPTRZ	Sam Tompkins	['singer-songwriter pop']	[2022]	1	1
1IyxRn0N23zPoQNCp2Keap	Kev1n	['swedish trap', 'swedish trap pop']	[2022]	1	1
79Xp2rRN7wdsaTJgttdX3K	Cody Simpson	['australian pop', 'pop', 'post-teen pop']	[2022]	1	1
4dNOj2smSK7guw4JeUW1uW	Anna Sahlene	[]	[2022]	1	1
3xSJ0Pm5A9FhdEBbA5iHge	Camilo Ge Bresky	[]	[2022]	1	1
5olVxcsCHtvsIIIAPqlxhP	Hilda Henze	[]	[2022]	1	1
3nkn1PImVnBJNqXeZKQwYI	Tousin Chiza	[]	[2022]	1	1
0avOeKRwC1A774kiDtOuEg	Stran Cetin	[]	[2022]	1	1
3It8IfrTebhF9YGjR3JpNu	KLARA	[]	[2020]	1	1
3XINWZaloea97SIRiyTJxX	DubVision	['big room', 'dutch house', 'edm', 'electro house', 'pop dance', 'progressive electro house', 'progressive house']	[2020]	1	1
7aFk8z1XCcKt2y9Z5PC17s	Pontifexx	['brazilian edm']	[2020]	1	1
6sFHvCyqklnJpXC9Nh1aag	Alexander 23	['alt z', 'singer-songwriter pop']	[2020]	1	0
1ZwdS5xdxEREPySFridCfh	2Pac	['g funk', 'gangster rap', 'hip hop', 'rap', 'west coast rap']	[2020]	1	1
33JfM2NgTRFT9wMoQvcv6T	Talent	[]	[2020]	1	1
4HUyn4KZwjD66czjxk8SxN	DANJAL	[]	[2020]	1	0
0DdLVenoiihCsaSUBIlBRZ	Thorsten Flinck	['classic swedish pop']	[2020]	1	0
0ErzCpIMyLcjPiwT4elrtZ	NLE Choppa	['memphis hip hop', 'rap']	[2020]	1	1
0Y3agQaa6g2r0YmHPOO9rh	Davido	['afrobeats', 'afropop', 'azontobeats', 'ghanaian hip hop', 'nigerian pop']	[2020]	1	1
21Zp3J1UXwxoYJB4hPMEhx	Mert Ünal	[]	[2020]	1	0
7LvoDJUNGnOrPdGRzVtOJ9	Young M.A	['alternative r&b', 'lgbtq+ hip hop', 'nyc rap', 'rap', 'trap']	[2020]	1	1
7ACEUD7UsmmXrnj4OLt8f9	twocolors	['edm', 'pop edm']	[2020]	1	0
3PlRvQnVE3XAbtHUNc4nic	GATTÜSO	['pop edm']	[2020]	1	1
6LXRvV2OAtXF7685fzh3mj	Rowdy Rebel	['nyc rap']	[2020]	1	1
325L7kby6bkG5qSXXAFEWM	Joker Bra	['german hip hop']	[2020]	1	1
2Hrl9oDvoPNRsKmRVREFWz	Lil Gemi	[]	[2020]	1	0
0QAkm7atdiO4zIMNQDKkua	Hagsätra Sport	[]	[2020]	1	1
3iuDJzaIhy7gDPgmUW2ujw	Fumaratto	['guaracha']	[2020]	1	1
0d64A7pOh6TsS23VK4XXsH	Bobo & Gileus	[]	[2020]	1	1
097u8n1F4JjTzmOR9VUVEK	Edward Artemyev	[]	[2020]	1	1
0fiWOxhsBsQQvFDtxUQWo0	Brett Young	['contemporary country', 'country', 'country road']	[2020]	1	1
1BSN9DEw6oke4psFxIJXVj	Dreamlab	[]	[2020]	1	1
3JDG63cSaK3xgDnB2H55Xp	Audrey Mika	['modern indie pop']	[2020]	1	1
0pAV5GaO9ak8wk1NnF37Cl	Marlene	['swedish electropop']	[2020]	1	1
0RViEWnZO2VhmY4oI0PhF9	Mesto	['dutch edm', 'dutch house', 'future house', 'pop dance', 'pop edm', 'progressive electro house']	[2020]	1	1
5UECxOkeFG2n9ESNADgASX	BEN & TAN	[]	[2020]	1	0
5RJFJWYgtgWktosLrUDzff	Griff	['uk pop']	[2020]	1	1
7oPftvlwr6VrsViSDV7fJY	Green Day	['modern rock', 'permanent wave', 'punk', 'rock']	[2020]	1	0
2DtpGpXxwiS2CZ10a09fp6	Nikotinhora	['epa dunk']	[2020]	1	0
6S0dmVVn4udvppDhZIWxCr	Sean Kingston	['dance pop', 'miami hip hop', 'pop']	[2020]	1	1
2kVWsK53009cpZqfuA3TMf	David Ritschard	['swedish country']	[2020]	1	1
3zfA6tKVX2RurEMPeJ5cDt	Linda Olsson	[]	[2020]	1	0
2HEAdsUVqQO9KqF1wKmHOO	Lothepus	['norwegian country']	[2020]	1	1
0ksnusx0OEpak0OQZhrNzD	hekkan	[]	[2020]	1	1
662Igp1YSnkjdj96dqfEZ8	Wanja Janeva	[]	[2020]	1	1
1YfEcTuGvBQ8xSD1f53UnK	Busta Rhymes	['east coast hip hop', 'hardcore hip hop', 'hip hop', 'pop rap', 'rap']	[2020]	1	1
3GIadM69XShFZNB3gP67Td	Emma Steinbakken	['norwegian pop', 'scandipop']	[2020]	1	1
3LVYHgfHgCTy3QSRt5kKQg	Rasster	[]	[2020]	1	1
5vPqlDBYNZiF5SrHGS6Cyt	Erin Bloomer	['alt z']	[2020]	1	1
1ic0FHNGIjXZAWH6O6Reif	Ship Wrek	['stutter house']	[2020]	1	1
4QAp87iZerUP9PKxtLhmW1	Oliver Nelson	['scandipop']	[2020]	1	1
1Npk8vLZ90rEDoL11q82GK	Millennium Magnet	[]	[2020]	1	0
1pBol2ATUI6hXWOzZQnrcP	La Rosy	['swedish gangsta rap', 'swedish hip hop', 'swedish trap pop']	[2020]	1	1
3POjAYvvEzzCFAWm4uHEza	Esther	[]	[2020]	1	1
75yAQVNzI69zqTDpVCrNwR	Matrize	['swedish pop rap']	[2020]	1	0
5qTx6amAEpOiXxb6KQjquZ	Ytram	['dutch edm']	[2020]	1	1
2vf4pRsEY6LpL5tKmqWb64	Elderbrook	[]	[2020]	1	1
4ETSs924pXMzjIeD6E9b4u	Surfaces	['bedroom soul']	[2020]	1	0
0u2FHSq3ln94y5Q57xazwf	Keith Urban	['australian country', 'australian pop', 'contemporary country', 'country', 'country road']	[2020]	1	1
6PUFh0Oa8MkLlpkfovzKnC	Hr. Troels	[]	[2020]	1	1
0YpW5IBgyiQVWG7VpiyI62	Manos	[]	[2020]	1	1
5SyGEPymt1G2uto47tVWvZ	MadeinTYO	['atl hip hop', 'melodic rap', 'trap']	[2020]	1	1
3PyJHH2wyfQK3WZrk9rpmP	Ashnikko	['alt z', 'escape room']	[2020]	1	0
1cwOthlzLBwN8Imbq7P71H	Dotan	['folk-pop']	[2020]	1	1
2hRvedA9zoAUee7DvkVZoQ	Greta Tuborg	['epa dunk']	[2020]	1	1
2dzdtFxXRM7DB1YyDhL7Yr	Nils-Pontus	[]	[2020]	1	1
2MT1u0GqGp2d8XLjY3F8ln	433	[]	[2020]	1	1
5NGO30tJxFlKixkPSgXcFE	The Police	['album rock', 'classic rock', 'permanent wave', 'rock']	[2020]	1	0
6VuyrmclG2XOdkqz0AeGcs	Rick Live	[]	[2020]	1	1
0YC192cP3KPCRWx8zr8MfZ	Hans Zimmer	['german soundtrack', 'orchestral soundtrack', 'soundtrack']	[2020]	1	1
61colh5ssNlVYwuzlQyB1u	Gitte Hænning	['classic danish pop', 'dansktop']	[2020]	1	0
6x2LnllRG5uGarZMsD4iO8	Thomas Rhett	['contemporary country', 'country', 'country road', 'modern country rock']	[2020]	1	1
7bmYpVgQub656uNTu6qGNQ	Hwa Sa	['k-pop', 'korean talent show']	[2020]	1	1
0pnd3MP2rxAzljR9AqXUJB	Little Big	['hard bass', 'russian rave']	[2020]	1	0
2dViR9WphpDpMB3oUiDblq	Staysman & Lazz	['norwegian hip hop', 'norwegian pop', 'russelater']	[2020]	1	1
5J10DHSs5nFktP4DNYncwj	Staysman	['russelater']	[2020]	1	1
5XaSJ31xSudkraouWqtXZ4	Radoz	[]	[2020]	1	1
7GaxyUddsPok8BuhxN6OUW	James Brown	['funk', 'soul']	[2020]	1	0
6P5NO5hzJbuOqSdyPB7SJM	Ashe	['alt z']	[2020]	1	0
61Da4fqVMgPoo9mYY0R3k6	Leila K	['eurodance', 'hip house']	[2020]	1	1
3LpFNC9X6KX4aUmGaWaeGP	Jobe	['swedish pop']	[2020]	1	0
63yrD80RY3RNEM2YDpUpO8	Melanie Martinez	['alt z', 'electropop', 'pop']	[2020]	1	0
7e10JUMF7MJmmwYpnTSMI5	Dave East	['harlem hip hop', 'nyc rap', 'trap']	[2020]	1	1
3bYcjbVAN3rAuU3TMzw2mB	Marcus Mumford	['british singer-songwriter']	[2020]	1	1
35j3Bv3gRKUHbiFSxVjjIf	Stig Brenner	['norwegian pop', 'norwegian pop rap']	[2020]	1	1
3Fe3yv5ZGCwcaMnlBltuT2	Unge Ferrari	['norwegian hip hop', 'norwegian pop', 'norwegian pop rap', 'scandinavian r&b']	[2020]	1	1
3Y4HJjadvnOdR6g6xRHnYV	Wafi	[]	[2020]	1	1
6kZWqUZqptyxb8Ki5DyBAg	DTG	['afroswing']	[2020]	1	1
5eAWCfyUhZtHHtBdNk56l1	System Of A Down	['alternative metal', 'nu metal', 'rap metal', 'rock']	[2020]	1	0
45gOHPHLjMbZsqRHfprXwK	Karo x Parana	['swedish trap pop']	[2020]	1	1
7K67uuKIIDug4EpB7wcG6j	Karo	['swedish gangsta rap']	[2020]	1	1
29QsRvznF9E1oeAZFrhTfq	Frida Öhrn	['swedish electropop', 'swedish folk pop']	[2020]	1	0
0Q7lBZA5qBXAvkSVS4Ytt7	JIM OUMA	[]	[2020]	1	1
3GirAKCKHJtegnUMeRYAWB	SONJA	[]	[2020]	1	0
2V431yZGG08uroH2CZAgur	Sarah de Warren	['indie electropop']	[2020]	1	1
6lPJV4RlngIEnb6OzcwMDL	Elena Temnikova	['europop', 'russian pop']	[2020]	1	1
69ZOZoebEshyscvb3HktEf	Oskar Häggström	['swedish idol pop', 'swedish pop']	[2020]	1	0
164hs3x1Tsp3FgJWNHee1r	The Citizens of Halloween	['halloween']	[2020]	1	0
6QInNMi7i4R5ANjGdRYDJQ	Suzi P	['swedish trap pop']	[2020]	1	0
4JInluJdBG8DMZ9Ijdsh2j	Marzena	[]	[2020]	1	1
7ypkjNMMhaVKtgVsBPUfeu	Amanda Aasa	[]	[2020]	1	0
59wfkuBoNyhDMQGCljbUbA	Diddy	['dance pop', 'east coast hip hop', 'hip hop', 'hip pop', 'pop rap', 'rap']	[2020]	1	1
0YWxKQj2Go9CGHCp77UOyy	Fabolous	['gangster rap', 'hip hop', 'pop rap', 'rap', 'trap', 'urban contemporary']	[2020]	1	1
6Ha4aES39QiVjR0L2lwuwq	Yo Gotti	['dirty south rap', 'gangster rap', 'memphis hip hop', 'rap', 'southern hip hop', 'tennessee hip hop', 'trap']	[2020]	1	1
6X8WdFjrNhXATMDSs26aCc	Curren$y	['dirty south rap', 'new orleans rap', 'rap', 'southern hip hop']	[2020]	1	1
0399oiMcmbOzzsYQDNYqxn	Problem	['hyphy', 'trap', 'west coast trap']	[2020]	1	1
34nVLWMJTjaMh2aSMOQHei	King Pharaoh	[]	[2020]	1	1
1lEXbUjKjHQ7uc9jFfEViJ	TGT	['pop r&b']	[2020]	1	1
2mmqhYDTD0weseyXUf1QJ5	7 Skies	['uplifting trance']	[2020]	1	1
1DNFG0VEHD2Vk5ESUEPuOM	RebMoe	[]	[2020]	1	1
2FsZnS8gQ8jG1HGnPYNlm9	Jamie N Commons	['modern blues rock']	[2020]	1	1
4FEOZMbo7XIdGHVrrioAP6	Brother Leo	['scandipop']	[2020]	1	1
1lmU3giNF3CSbkVSQmLpHQ	Surf Mesa	[]	[2020]	1	1
4ArPQ1Opcksbbf3CPwEjWE	Emilee	['social media pop']	[2020]	1	1
2dkyZHLWCFi08dA86UDu1A	Stefan Nilsson	[]	[2020]	1	1
4Vy0AbsAmU5l3ZWOxhilzr	Toulouse	[]	[2020]	1	1
4yQErJsj6jRRfwvTiNa9FX	Martina Persic	[]	[2020]	1	1
3l0CmX0FuQjFxr8SK7Vqag	Clairo	['bedroom pop', 'indie pop', 'pop', 'pov: indie']	[2020]	1	0
0hxW1uZPEjt4wuu9wNDF2y	Matt Nash	['progressive electro house', 'sky room']	[2020]	1	0
2pKGHbm0UKKTMOaiMMGtPM	Lellow	['swedish trap pop']	[2020]	1	1
0MLwIno5USEwinDOqmafdw	OVÖ	['swedish trap pop']	[2020]	1	0
5yy76ufVriyvidNSvXlRU1	Clever	['alabama rap']	[2020]	1	1
04yB9kBsaEQgT8hFfcsQik	Mustard	[]	[2020]	1	1
16Nc36xAtNyQ7BMBcDsaLv	Likybo	['cali rap']	[2020]	1	0
30hteLyFTmiRraerHJBoba	HerbertSkillz	[]	[2020]	1	1
0sbkGGlLYmgOzcxRqd257O	Emelie Cyréus	[]	[2020]	1	1
0W1c3yyZNy1KtX7SRF3VNe	Forgét Mej	[]	[2020]	1	1
60k9ZPN87OMsrz3h5lUGuL	mha	[]	[2020]	1	1
3IXfNkd6BwjYA48aNCPDI8	Ellen Benediktson	['melodipop', 'swedish pop']	[2020]	1	1
1M1rncv0gHNN5FUtVgRCQs	Simon Peyron	[]	[2020]	1	1
3Xt3RrJMFv5SZkCfUE8C1J	Kim Petras	['alt z', 'pop', 'transpop']	[2020]	1	1
7IziQIyiq8TGse0Mc1laYi	K4mo	[]	[2020]	1	1
4oUHIQIBe0LHzYfvXNW4QM	Morgan Wallen	['contemporary country']	[2020]	1	1
0CvHpfvZWCgQthojnHatrp	Wilda	[]	[2020]	1	0
6trIghKwHRUyxwvm66HLHH	Fousheé	['indie r&b']	[2020]	1	0
4TvhRzxIL1le2PWCeUqxQw	The Blessed Madonna	[]	[2020]	1	1
28uJnu5EsrGml2tBd7y8ts	Vintage Culture	['brazilian edm']	[2020]	1	1
7HxyLgEfLQQnzrgMvUGVI5	Dante	[]	[2020]	1	1
2cCUtGK9sDU2EoElnk0GNB	The National	['chamber pop', 'indie folk', 'indie rock', 'indietronica', 'modern rock', 'stomp and holler']	[2020]	1	1
0daugAjUgbJSqdlyYNwIbT	Vicetone	['edm', 'electro house', 'pop dance', 'progressive electro house']	[2020]	1	1
2jpQ0ywffgVHhZFQNWaWYW	Tony Igy	['russian dance']	[2020]	1	1
7vPGzgDg3qGUY5bWtrO3K4	Conkarah	['jawaiian']	[2020]	1	1
2fZcYu4ltOFdwsnDmLQ9jl	DJ Fle	[]	[2020]	1	1
6EN9iGovybDcQZ2NtsqMFd	Sigurd Barrett	['danish pop rock']	[2020]	1	0
1hNaHKp2Za5YdOAG0WnRbc	Tiwa Savage	['afrobeats', 'afropop', 'azonto', 'azontobeats', 'nigerian pop']	[2020]	1	1
3QVolfxko2UyCOtexhVTli	Angèle	['belgian pop', 'french pop', 'variete francaise']	[2020]	1	1
79KQgTCu4wV38ECYKn62DZ	White Gold	[]	[2020]	1	1
7eexx2SeF7KlgQpao7sQXW	Velocet	[]	[2020]	1	1
5xDae0zB3YLr6lYvlMdpbR	William Stridh	['swedish pop']	[2020]	1	0
2HwptwPQ4lvpYimzOJcYoY	Drängarna	['classic swedish pop', 'dansband', 'danspunk']	[2020]	1	0
2kV7Zyi6jklCzshUVwGeO1	A. Jahnke	[]	[2020]	1	1
2g29HKXP3EDEP0mFMw1HTw	Blizzy	[]	[2020]	1	1
5XmuuM2C6t4HSPa3FSuU3h	WanMor	[]	[2020]	1	1
5QySqc6yAFDx9m7fedFZmC	Brennan Heart	['classic hardstyle', 'euphoric hardstyle', 'rawstyle']	[2020]	1	1
0GG2cWaonE4JPrjcCCQ1EG	SG Lewis	['indie soul', 'uk dance', 'vapor soul']	[2020]	1	1
4cUkGQyhLFqKHBtL58HYVp	Channel Tres	['indie soul', 'la pop']	[2020]	1	1
0Cp8WN4V8Tu4QJQwCN5Md4	BENEE	['alt z', 'nz pop']	[2020]	1	1
6sHCvZe1PHrOAuYlwTLNH4	Gus Dapperton	['bedroom pop', 'indie poptimism', 'pov: indie']	[2020]	1	1
5deLgmgAEgy8UHOfJ9Dj8w	Ilkay Sencan	['turkish deep house', 'turkish edm']	[2020]	1	1
0Pv1zES3REvZ4OuYrW2tGc	Duvchi	['swedish indie pop', 'swedish soul']	[2020]	1	1
4BThBqcTzRGFRvbddMykk7	Karma Child	[]	[2020]	1	1
7iBY1RLWDV5zX9NDNQxurm	Tabitha	['dutch pop']	[2020]	1	1
3aAX2y0amckZ7WcWoz2f2o	Jhorrmountain	['dutch hip hop']	[2020]	1	1
6DJEUXZm0e2rAohdoZ5Voo	Black Thought	['alternative hip hop', 'east coast hip hop']	[2020]	1	1
3ZotbHeyVQKxQCPDJuQ4SU	Q-Tip	['east coast hip hop', 'queens hip hop']	[2020]	1	1
1WjexdTcXHgvlVIPCE8D1Q	Denaun	[]	[2020]	1	1
5OdVywqKqyCWwfE2fZb7IX	Chico Rose	['slap house']	[2020]	1	1
7rYojRyXBLPrX6UWfnAkaC	71 Digits	[]	[2020]	1	1
3cR4rhS2hBWqI7rJEBacvN	Leslie Odom Jr.	['broadway', 'show tunes', 'vocal jazz']	[2020]	1	1
1Zfvu3KDmISwHwOuU8eXH5	Orange Villa	[]	[2020]	1	1
7gHscNMDI8FF8pcgrV8eIn	Matt Maeson	['pov: indie']	[2020]	1	1
75aiMKKxzFHGFRxyLwvL2d	Liam O'Donnell	[]	[2020]	1	1
5lhCycgJCjQIMpWNk4DycY	Lanie Gardner	[]	[2020]	1	1
365Q4cNnnlsQErzPsUzyXY	HUMAN(X)	[]	[2020]	1	1
0tmwSHipWxN12fsoLcFU3B	Manuel Turizo	['colombian pop', 'reggaeton', 'reggaeton colombiano', 'trap latino', 'urbano latino']	[2020]	1	1
1GAymyGBvB4gQy5Z5LZ1Wj	Lalo Ebratt	['colombian hip hop', 'reggaeton', 'reggaeton colombiano', 'trap latino', 'urbano latino']	[2020]	1	1
23wEWD21D4TPYiJugoXmYb	Thalia	['latin pop', 'mexican pop']	[2020]	1	1
3OXidOhUVXLVG7je2ISGv0	Mimmi Sandén	[]	[2020]	1	1
6vE1kb6Uxx9f7J4d6wFIOx	Sebastian Karlsson	[]	[2020]	1	1
0nxsQaWm2hFlC0tvB9xY8m	Kor - Frost 2	[]	[2020]	1	1
2arQ0lfcNGLrJOHoJksWOw	Ivi Adamou	['cypriot pop', 'greek pop', 'laiko']	[2020]	1	0
6xHcaF74pS4vWsMUJ8J58c	Simon Ljungman	['swedish folk pop']	[2020]	1	1
3oeBP7YFwkOVlWlmsfhKoS	Oblx	[]	[2020]	1	1
5997IALokFdMdLd1cPxzAD	S.T	['swedish trap pop']	[2020]	1	1
6GlDgNfbKJgosoqVtDZlF0	Nadja Holm	[]	[2020]	1	0
0x7qiZJaal6j8qS7yCydFk	Savage Ga$p	['aesthetic rap']	[2020]	1	1
6GpcBKNmZDIrRzYkPJu7Wd	flora cash	['indie pop', 'scandipop', 'swedish indie folk']	[2020]	1	0
3bmFPbLMiLxtR9tFrTcKcP	Matthew Wilder	['new wave pop']	[2020]	1	0
5nRAkyjdF8sOFfl5W5khiE	Simon Weidersjö	[]	[2020]	1	1
6TLywjDgcz3M1rTrX7ht5k	Eldkvarn	['classic swedish pop', 'svensk progg']	[2020]	1	0
46LKHFkYj0igJUGVXLPAQW	BLM STHLM	[]	[2020]	1	1
08EFn0J5faHvrhhS02GpJD	Chelsea Muco	['burundian pop']	[2020]	1	1
45yt3NwgKt04uGndESTUfM	Oliviah	[]	[2020]	1	1
696zQFO96oCTBWlLqXuqQ0	REZ	['swedish underground rap']	[2020]	1	1
1MGYmDDLQSk3hMaS1Aql4j	WINTINA	[]	[2020]	1	1
2PaZWGu5T5nHjY2xxAkFsT	THE SCOTTS	['viral rap']	[2020]	1	1
7LImGq5KnzQobZciDJpeJb	Charlotte Lawrence	['alt z']	[2020]	1	1
6fFfnKGVI6X3lkCr8Qw1g1	KXNG Crooked	['cali rap', 'detroit hip hop']	[2020]	1	1
1q13yHC6Syg5Y8iPLrRnCq	Joell Ortiz	['battle rap']	[2020]	1	1
0kXCdaJ7C5MD27jXxzvHsa	Ahrix	['gaming edm']	[2020]	1	1
2QsynagSdAqZj3U9HgDzjD	Bob Marley & The Wailers	['reggae', 'roots reggae']	[2020]	1	1
