artist_id	name	genres	years_on_charts	num_hits	num_collab_hits
3Nrfpe0tUJi4K4DXYWgMUX	BTS	['k-pop', 'k-pop boy group', 'pop']	[2017, 2018, 2019, 2020, 2021, 2022]	126	21
06HL4z0CvFAxyc27GXpf02	Taylor Swift	['pop']	[2017, 2018, 2019, 2020, 2021, 2022]	119	21
66CXWjxzNUsdJxJ2JdwvnR	Ariana Grande	['pop']	[2017, 2018, 2019, 2020, 2021, 2022]	91	45
6eUKZXaKkcviH0Ku9w2n3V	Ed Sheeran	['pop', 'singer-songwriter pop', 'uk pop']	[2017, 2018, 2019, 2020, 2021, 2022]	80	37
16s0YTFcyjP4kgFwt7ktrY	Mayday	['mandopop', 'taiwan pop']	[2017, 2018, 2019, 2020, 2021, 2022]	80	5
7n2Ycct7Beij7Dj7meI4X0	TWICE	['k-pop', 'k-pop girl group', 'pop']	[2017, 2018, 2019, 2020, 2021, 2022]	79	0
5JZ7CnR6gTvEMKX4g70Amv	Lauv	['pop']	[2017, 2018, 2019, 2020, 2021, 2022]	78	31
3TVXtAsR1Inumwj472S9r4	Drake	['canadian hip hop', 'canadian pop', 'hip hop', 'rap', 'toronto rap']	[2017, 2018, 2019, 2020, 2021]	75	36
1uNFoZAHBGtllmzznpCI3s	Justin Bieber	['canadian pop', 'pop']	[2017, 2018, 2019, 2020, 2021, 2022]	74	52
3qNVuliS40BLgXGxhdBdqu	TAEYEON	['k-pop']	[2017, 2018, 2019, 2020, 2021, 2022]	65	3
69GGBxA162lTqCwzJG5jLp	The Chainsmokers	['electropop', 'pop']	[2017, 2018, 2019, 2020, 2021, 2022]	64	42
4gzpq5DPGxSnKTe4SA8HAU	Coldplay	['permanent wave', 'pop']	[2017, 2018, 2019, 2020, 2021, 2022]	63	9
1vCWHaC5f2uS3yhpwWbIA6	Avicii	['edm', 'pop', 'pop dance']	[2017, 2018, 2019, 2020]	60	33
7Dx7RhX0mFuXhCOUgB01uM	JJ Lin	['mandopop', 'singaporean mandopop', 'singaporean pop']	[2017, 2018, 2019, 2020, 2021, 2022]	56	13
246dkjvS1zLTtiykXe5h60	Post Malone	['dfw rap', 'melodic rap', 'pop', 'rap']	[2017, 2018, 2019, 2020, 2021, 2022]	56	34
04gDigrS5kc9YWfZHwBETP	Maroon 5	['pop']	[2017, 2018, 2019, 2020, 2021, 2022]	56	33
7aRC4L63dBn3CiLDuWaLSI	G.E.M.	['mandopop']	[2017, 2018, 2019, 2020, 2021, 2022]	55	3
190bkHbFrRvEhcB7Zpuv3y	Waa Wei	['chinese indie', 'mandopop', 'taiwan indie', 'taiwan pop', 'taiwan singer-songwriter']	[2017, 2018, 2019, 2020, 2021, 2022]	54	16
6LuN9FCkKOj5PcnpouEgny	Khalid	['pop', 'pop r&b']	[2017, 2018, 2019, 2020, 2021, 2022]	54	38
3dI4Io8XE33J2o04ZwjR0Y	LaLa Hsu	['mandopop', 'taiwan singer-songwriter']	[2017, 2018, 2019, 2020, 2021, 2022]	53	5
7vk5e3vY1uw9plTHJAMwjN	Alan Walker	['electro house']	[2017, 2018, 2019, 2020, 2021, 2022]	52	43
28gf2piFx6cAKOMIwcky5a	A-Lin	['mandopop']	[2017, 2018, 2019, 2020, 2021, 2022]	51	8
6XyY86QOPPrYVGvF9ch6wz	Linkin Park	['alternative metal', 'nu metal', 'post-grunge', 'rap metal', 'rock']	[2017]	51	6
1Xyo4u8uXC1ZmMpatF05PJ	The Weeknd	['canadian contemporary r&b', 'canadian pop', 'pop']	[2017, 2018, 2019, 2020, 2021, 2022]	50	28
2QcZxAgcs2I1q7CtCkl6MI	Eason Chan	['c-pop', 'cantopop', 'mandopop']	[2017, 2018, 2019, 2020, 2021, 2022]	49	5
7n2wHs1TKAczGzO7Dd2rGr	Shawn Mendes	['canadian pop', 'pop', 'viral pop']	[2017, 2018, 2019, 2020, 2021, 2022]	48	13
1HY2Jd0NmPuamShAr6KMms	Lady Gaga	['art pop', 'dance pop', 'pop']	[2017, 2018, 2019, 2020, 2021]	48	14
6M2wZ9GZgrQXHCFfjv46we	Dua Lipa	['dance pop', 'pop', 'uk pop']	[2017, 2018, 2019, 2020, 2021, 2022]	47	18
0rTP0x4vRFSDbhtqcCqc8K	Ronghao Li	['chinese singer-songwriter', 'mainland chinese pop', 'mandopop']	[2017, 2018, 2019, 2020, 2021, 2022]	47	2
2wY79sveU1sp5g7SokKOiI	Sam Smith	['pop', 'uk pop']	[2017, 2018, 2019, 2020, 2021]	47	11
4nDoRrQiYLoBzwC5BhVJzF	Camila Cabello	['dance pop', 'pop']	[2017, 2018, 2019, 2020, 2021, 2022]	46	23
3HqSLMAZ3g3d5poNaI7GOU	IU	['k-pop', 'pop']	[2017, 2018, 2019, 2020, 2021, 2022]	45	10
0hCNtLu0JehylgoiP8L4Gh	Nicki Minaj	['hip pop', 'pop', 'queens hip hop', 'rap']	[2017, 2018, 2019, 2020, 2022]	43	39
6VuMaDnrHyPL1p4EHjYLi7	Charlie Puth	['pop', 'viral pop']	[2017, 2018, 2019, 2020, 2021, 2022]	43	21
6noxsCszBEEK04kCehugOp	A-Mei Chang	['mandopop']	[2017, 2018, 2019, 2020, 2021, 2022]	43	9
5WUlDfRSoLAfcVSX1WnrxN	Sia	['australian dance', 'australian pop', 'pop']	[2017, 2018, 2019, 2020, 2021]	43	24
6cEuCEZu7PAE9ZSzLLc2oQ	R3HAB	['dutch house', 'edm', 'electro house', 'pop dance', 'progressive electro house', 'slap house']	[2017, 2018, 2019, 2020, 2021]	43	42
41MozSoPIsD1dJM0CLPjZF	BLACKPINK	['k-pop', 'k-pop girl group', 'pop']	[2017, 2018, 2019, 2020, 2021, 2022]	42	6
53XhwfbYqKCa1cC15pYq2q	Imagine Dragons	['modern rock', 'pop', 'rock']	[2017, 2018, 2019, 2021, 2022]	42	8
2qXGNIlmY3JrYkxOWyXZsd	瘦子E.SO	['chinese r&b', 'mandopop', 'taiwan hip hop']	[2020, 2021, 2022]	41	6
6qqNVTkY8uBg9cP3Jd7DAH	Billie Eilish	['art pop', 'electropop', 'pop']	[2017, 2018, 2019, 2020, 2021]	41	4
7pSH4sO2lXAxFKF6MkwORv	Julia Wu	['chinese electropop', 'mandopop']	[2017, 2018, 2019, 2020, 2021, 2022]	40	14
4AJcTAMOLkRl3vf4syay8Q	Jam Hsiao	['mandopop']	[2017, 2018, 2019, 2020, 2021, 2022]	40	9
14bJhryXGk6H6qlGzwj3W5	Hebe Tien	['mandopop']	[2018, 2019, 2020, 2021, 2022]	39	1
1r9DuPTHiQ7hnRRZ99B8nL	Jolin Tsai	['mandopop']	[2017, 2018, 2019, 2020, 2021]	38	11
26VFTg2z8YR0cCuwLzESi2	Halsey	['electropop', 'etherpop', 'indie poptimism', 'pop']	[2017, 2018, 2019, 2020, 2021, 2022]	37	20
0du5cEVh5yTK9QJze8zA0C	Bruno Mars	['dance pop', 'pop']	[2017, 2018, 2019, 2021, 2022]	37	19
1Cs0zKBU1kc0i8ypK3B9ai	David Guetta	['big room', 'dance pop', 'edm', 'pop', 'pop dance']	[2017, 2018, 2019, 2021]	37	36
23fqKkggKUBHNkbKtXEls4	Kygo	['edm', 'pop', 'pop dance', 'tropical house']	[2017, 2018, 2019, 2020, 2021]	37	37
5fEQLwq1BWWQNR8GzhOIvi	Eric Chou	['mandopop']	[2017, 2018, 2019, 2020, 2021, 2022]	36	4
0Y5tJX1MQlPlqiwlOH1tJY	Travis Scott	['hip hop', 'rap', 'slap house']	[2017, 2018, 2019, 2020, 2021]	36	29
6g641431O1Xkl7HAs2yFEg	EggPlantEgg	['mandopop', 'taiwan indie', 'taiwanese indie']	[2017, 2018, 2019, 2020, 2021, 2022]	35	4
5fMUXHkw8R8eOP2RNVYEZX	Diplo	['edm', 'electro house', 'moombahton', 'pop dance']	[2017, 2018, 2019, 2020, 2021]	35	35
3WGpXCj9YhhfX11TToZcXP	Troye Sivan	['australian pop', 'pop', 'viral pop']	[2017, 2018, 2019, 2020, 2021, 2022]	34	16
4TcOznbEZBqev21LzAH4KE	高爾宣 OSN	['mandopop', 'taiwan hip hop', 'taiwan pop']	[2019, 2020, 2021, 2022]	34	11
7Icsejk4pdIhkq2KO5A0jD	ØZI	['mandopop', 'taiwan hip hop']	[2017, 2018, 2019, 2020, 2021, 2022]	33	11
0SIXZXJCAhNU8sxK0qm7hn	Stefanie Sun	['mandopop', 'singaporean mandopop', 'singaporean pop', 'singaporean singer-songwriter']	[2017, 2018, 2019, 2020, 2021, 2022]	33	2
0C8ZW7ezQVs4URX5aX7Kqx	Selena Gomez	['pop', 'post-teen pop']	[2017, 2018, 2019, 2020, 2021, 2022]	33	18
64M6ah0SkkRsnPGtGiRAbb	Bebe Rexha	['dance pop', 'pop']	[2017, 2018, 2019, 2020, 2021]	33	19
4MCBfE4596Uoi2O4DtmEMz	Juice WRLD	['chicago rap', 'melodic rap', 'rap']	[2018, 2019, 2020, 2021, 2022]	32	20
6eLpNMX3ZygSrUuxAlIWIx	Eve Ai	['mandopop', 'taiwan singer-songwriter']	[2017, 2018, 2019, 2020, 2021, 2022]	32	6
1cg0bYpP5e2DNG0RgK2CMN	Joker Xue	['mandopop']	[2017, 2018, 2019, 2020, 2021, 2022]	32	3
60d24wfXkVzDSfLS6hyCjZ	Martin Garrix	['dutch edm', 'edm', 'pop', 'pop dance', 'progressive house']	[2017, 2018, 2019, 2020, 2021]	32	31
2YZyLoL8N0Wb9xBt1NhZWg	Kendrick Lamar	['conscious hip hop', 'hip hop', 'rap', 'west coast rap']	[2017, 2018, 2019, 2020]	32	21
0ZED1XzwlLHW4ZaG4lOT6m	Julia Michaels	['pop']	[2017, 2018, 2019, 2020, 2021]	32	20
1zNqDE7qDGCsyzJwohVaoX	Anne-Marie	['pop']	[2017, 2018, 2019, 2020, 2021, 2022]	31	20
5Pwc4xIPtQLFEnJriah9YJ	OneRepublic	['piano rock', 'pop']	[2017, 2018, 2019, 2020, 2021, 2022]	31	8
4kYSro6naA4h99UJvo89HB	Cardi B	['pop', 'rap']	[2017, 2018, 2019, 2020, 2021]	31	24
6S2OmqARrzebs0tKUEyXyp	Demi Lovato	['pop', 'post-teen pop']	[2017, 2018, 2019, 2020, 2021]	30	15
2elBjNSdBE2Y3f0j1mjrql	Jay Chou	['c-pop', 'mandopop', 'taiwan pop', 'zhongguo feng']	[2018, 2019, 2020, 2021, 2022]	29	7
2F5W6Rsxwzg0plQ0w8dSyt	Leehom Wang	['mandopop', 'taiwan pop']	[2017, 2018, 2019, 2020, 2021, 2022]	29	5
5a5vu4RzsAHdKN0aYyblZ8	吳青峰	['mandopop', 'taiwan singer-songwriter']	[2018, 2019, 2020, 2021, 2022]	29	5
64KEffDW9EtZ1y2vBYgq8T	Marshmello	['brostep', 'edm', 'pop', 'progressive electro house']	[2017, 2018, 2019, 2020, 2021]	29	26
77AiFEVeAVj2ORpC85QVJs	Steve Aoki	['edm', 'electro house', 'pop dance']	[2017, 2018, 2019, 2021]	29	29
49tQo2QULno7gxHutgccqF	LANY	['la pop']	[2017, 2018, 2019, 2020, 2021]	29	8
0MEchSWR9pJvw1S5CV3Kuk	Rainie Yang	['mandopop']	[2017, 2018, 2019, 2020, 2021, 2022]	28	2
2JBUyLiFvpFPWdZGqIGYLD	Crowd Lu	['mandopop', 'taiwan indie', 'taiwan singer-songwriter']	[2017, 2018, 2019, 2020, 2021, 2022]	28	1
64tJ2EAv1R6UaZqc4iOCyj	YOASOBI	['j-pop', 'japanese teen pop']	[2020, 2021, 2022]	28	2
4PjY2961rc0MHE9zHYWEnH	9m88	['chinese r&b', 'mandopop', 'taiwan pop']	[2017, 2018, 2019, 2020, 2021, 2022]	28	11
2jnIB6XdLvnJUeNTy5A0J2	Why Don't We	['boy band', 'pop']	[2017, 2018, 2019, 2020, 2021, 2022]	28	2
6jlz5QSUqbKE4vnzo2qfP1	Karen Mok	['mandopop']	[2017, 2018, 2019, 2020, 2021]	28	3
7tYKF4w9nC0nq9CsPZTHyP	SZA	['pop', 'r&b', 'rap']	[2017, 2018, 2019, 2020, 2021, 2022]	27	25
7c0XG5cIJTrrAgEC3ULPiq	Ty Dolla $ign	['hip hop', 'pop rap', 'r&b', 'southern hip hop', 'trap', 'trap soul']	[2017, 2018, 2019, 2020, 2021]	27	27
5ZsFI1h6hIdQRw2ti0hz81	ZAYN	['pop', 'uk pop']	[2017, 2018, 2019, 2020, 2021]	27	12
7CajNmpbOovFoOoasH2HaY	Calvin Harris	['dance pop', 'edm', 'electro house', 'house', 'pop', 'progressive house', 'uk dance']	[2017, 2018, 2019, 2020, 2021]	27	26
6xErgeZYatiaQ36SB5bvi8	告五人	['mandopop', 'taiwan indie']	[2018, 2019, 2020, 2021, 2022]	26	2
3aIDSTKS9yH745GUQBxDcS	Fish Leong	['malaysian mandopop', 'mandopop']	[2017, 2018, 2019, 2020, 2021, 2022]	26	4
6jJ0s89eD6GaHleKKya26X	Katy Perry	['pop']	[2017, 2018, 2019, 2020, 2021, 2022]	26	11
4dpARuHxo51G3z768sgnrY	Adele	['british soul', 'pop', 'pop soul', 'uk pop']	[2017, 2018, 2019, 2021, 2022]	26	0
1HBjj22wzbscIZ9sEb5dyf	Jonas Blue	['pop', 'pop dance', 'tropical house', 'uk dance']	[2017, 2018, 2019, 2020, 2022]	26	26
4m0xrEWYU0yCUFMaga015T	Cheer Chen	['mandopop', 'taiwan singer-songwriter']	[2017, 2018, 2019]	26	2
7dGJo4pcD2V6oG8kP0tJRR	Eminem	['detroit hip hop', 'hip hop', 'rap']	[2017, 2018, 2019, 2020, 2021]	26	15
0XATRDCYuuGhk0oE7C0o5G	MAMAMOO	['k-pop', 'k-pop girl group']	[2018, 2019, 2020, 2021]	26	0
376pcuw4IgWBMOUwCr8kIm	Tanya Chua	['mandopop', 'singaporean mandopop', 'singaporean pop', 'singaporean singer-songwriter', 'taiwan singer-songwriter']	[2017, 2018, 2019, 2020, 2021, 2022]	25	1
1KCSPY1glIKqW2TotWuXOR	P!nk	['dance pop', 'pop']	[2017, 2018, 2019, 2021]	25	5
5qUYuf6cIHU241KxPyDMBp	Jia Jia	['mandopop']	[2017, 2018, 2019, 2020, 2021, 2022]	24	6
00FQb4jTyendYWaN8pK0wa	Lana Del Rey	['art pop', 'pop']	[2017, 2018, 2019, 2020, 2021]	24	12
1vyhD5VmyZ7KMfW5gqLgo5	J Balvin	['reggaeton', 'reggaeton colombiano', 'trap latino', 'urbano latino']	[2017, 2018, 2019, 2020]	23	23
70ht8hGTKjvbPJ37xVO9cW	Victor Wong	['malaysian mandopop', 'mandopop']	[2017, 2018, 2019]	23	1
3e7awlrlDSwF3iM0WBjGMp	Little Mix	['girl group', 'pop', 'talent show', 'uk pop']	[2017, 2018, 2019, 2020, 2021]	23	10
1RyvyyTE3xzB2ZywiAwp0i	Future	['atl hip hop', 'hip hop', 'rap', 'southern hip hop', 'trap']	[2017, 2018, 2019, 2020, 2021, 2022]	22	19
2wUjUUtkb5lvLKcGKsKqsR	Alessia Cara	['canadian contemporary r&b', 'canadian pop', 'pop']	[2017, 2018, 2019, 2020]	22	9
4DEItwf281SHmTnS8q3Mn9	J.Sheon	['mandopop', 'taiwan singer-songwriter']	[2017, 2018, 2019, 2020, 2021, 2022]	21	8
1zNqQNIdeOUZHb8zbZRFMX	Swae Lee	['melodic rap', 'rap', 'trap']	[2017, 2018, 2019, 2020]	21	21
5CCwRZC6euC8Odo6y9X8jr	Rita Ora	['dance pop', 'pop', 'uk pop']	[2017, 2018, 2019, 2020, 2021]	21	12
25uiPmTg16RbhZWAqwLBy5	Charli XCX	['art pop', 'candy pop', 'metropopolis', 'pop', 'uk pop']	[2017, 2018, 2019]	21	17
7nqOGRxlXj7N2JYbgNEjYH	SEVENTEEN	['k-pop', 'k-pop boy group']	[2017, 2018, 2019, 2020, 2021]	21	0
0cGUm45nv7Z6M6qdXYQGTX	Kehlani	['pop', 'r&b']	[2017, 2018, 2019, 2020]	21	16
6TIYQ3jFPwQSRmorSezPxX	Machine Gun Kelly	['ohio hip hop', 'pop rap']	[2017, 2018, 2019, 2020, 2022]	20	18
75CM5fojYdKYD0xYSFh22Z	Yisa Yu	['mainland chinese pop', 'mandopop']	[2017, 2018, 2019, 2020, 2021, 2022]	20	4
7jVv8c5Fj3E9VhNjxT4snq	Lil Nas X	['lgbtq+ hip hop']	[2019, 2020, 2021, 2022]	20	9
4npEfmQ6YuiwW1GpUmaq3F	Ava Max	['pop']	[2018, 2019, 2020, 2021, 2022]	20	4
7k73EtZwoPs516ZxE72KsO	ONE OK ROCK	['j-pop', 'j-rock', 'japanese emo']	[2017, 2018, 2019, 2021]	20	1
5Rl15oVamLq7FbSb0NNBNy	5 Seconds of Summer	['boy band', 'pop']	[2018, 2019, 2020]	20	8
2AfmfGFbe0A0WsTYm0SDTx	(G)I-DLE	['k-pop', 'k-pop girl group']	[2018, 2019, 2020, 2021]	20	3
1YrtUPrWcPfgdl9BaD9nhd	Khalil Fong	['chinese r&b', 'mandopop']	[2017, 2018, 2019, 2020, 2021]	20	5
7sEIHkZXRzGa3OBUCCxzU5	Evangeline Wong	['mandopop']	[2017, 2018, 2019, 2020, 2021]	20	4
0E6oEhZZtQvj811iXQFLrB	Ricky Hsiao	['mandopop', 'taiwan singer-songwriter']	[2017, 2018, 2019, 2021]	20	6
6vWDO969PvNqNYHIOW5v0m	Beyoncé	['pop', 'r&b']	[2017, 2018, 2019, 2020]	20	14
13y7CgLHjMVRMDqxdx0Xdo	Gucci Mane	['atl hip hop', 'dirty south rap', 'hip hop', 'pop rap', 'rap', 'southern hip hop', 'trap']	[2017, 2018, 2019]	20	20
7y3HnWCFEvWj4KM9GFSkiX	WeiBird	['chinese r&b', 'mandopop', 'taiwan singer-songwriter']	[2018, 2019, 2020, 2021, 2022]	19	3
6cMRDBCHMYjyCH2D0s6uzr	Chih Siou	['mandopop', 'taiwan indie', 'taiwan pop', 'taiwan singer-songwriter']	[2020, 2021, 2022]	19	0
50co4Is1HCEo8bhOyUWKpn	Young Thug	['atl hip hop', 'atl trap', 'gangster rap', 'melodic rap', 'rap', 'trap']	[2017, 2018, 2019, 2020, 2021, 2022]	19	19
5cj0lLjcoR7YOSnhnX0Po5	Doja Cat	['dance pop', 'pop']	[2020, 2021, 2022]	19	12
01u3qI3xMGFvktXyRSMGRZ	Vicky Chen	['mandopop', 'taiwan singer-songwriter']	[2018, 2019, 2020, 2021, 2022]	19	8
4IWBUUAFIplrNtaOHcJPRM	James Arthur	['pop', 'talent show', 'uk pop']	[2017, 2018, 2019, 2020, 2021]	19	8
7fCFxj1GCRqwFZEP4iJRw0	Will Pan	['mandopop']	[2017, 2018, 2019, 2020, 2021]	19	5
1MgybycH8k36NX0Ifzlddb	Kenji Wu	['mandopop', 'taiwan singer-songwriter']	[2017, 2018, 2019, 2020]	19	1
5p7f24Rk5HkUZsaS3BLG5F	Hailee Steinfeld	['pop']	[2017, 2018, 2019, 2020]	19	12
738wLrAtLtCtFOLvQBXOXp	Major Lazer	['dance pop', 'edm', 'electro house', 'moombahton', 'pop', 'pop dance']	[2017, 2018, 2019, 2020]	19	19
15UsOTVnJzReFVN1VCnxy4	XXXTENTACION	['emo rap', 'miami hip hop']	[2017, 2018, 2019]	19	8
540vIaP2JwjQb9dm3aArA4	DJ Snake	['edm', 'electronic trap', 'pop', 'pop dance']	[2017, 2018, 2019, 2021]	19	18
4VIvfOurcf0vuLRxLkGnIG	Bradley Cooper	['hollywood']	[2018, 2019, 2020, 2021]	19	9
3cjEqqelV9zb4BYE3qDQ4O	EXO	['k-pop', 'k-pop boy group']	[2017, 2018, 2019, 2021]	19	0
7gAppWoH7pcYmphCVTXkzs	The Vamps	['boy band', 'pop']	[2017, 2018, 2019]	19	14
3AroL2oDPiAnMpTmIQv3KP	Cyndi Wang	['mandopop']	[2017, 2018, 2019, 2020, 2021, 2022]	18	4
1EUq1MC4vfYYxcVK9aJnXf	Della	['mandopop']	[2017, 2018, 2019, 2020, 2021, 2022]	18	2
1GPoTgvXd5OqZMF1akOsV2	Yoga Lin	['chinese r&b', 'mandopop']	[2018, 2019, 2020, 2021, 2022]	18	4
74KM79TiuVKeVCqs8QtB0B	Sabrina Carpenter	['pop']	[2017, 2018, 2019, 2020, 2021]	18	9
1Hsdzj7Dlq2I7tHP7501T4	Niall Horan	['pop']	[2017, 2018, 2019, 2020, 2021]	18	5
6vXTefBL93Dj5IqAWq6OTv	French Montana	['hip hop', 'pop rap', 'rap', 'southern hip hop', 'trap']	[2017, 2018, 2019]	18	18
4phGZZrJZRo4ElhRtViYdl	Jason Mraz	['acoustic pop', 'dance pop', 'neo mellow', 'pop']	[2018, 2019]	18	3
5DuzBeOgFwViFcv00Q5PFb	WINNER	['k-pop', 'k-pop boy group']	[2017, 2018, 2019, 2020]	18	0
1z4g3DjTBBZKhvAroFlhOM	Red Velvet	['k-pop', 'k-pop girl group']	[2017, 2018, 2019, 2020, 2021]	18	1
4GvEc3ANtPPjt1ZJllr5Zl	Bazzi	['pop']	[2018, 2019, 2020, 2021]	18	2
1Xylc3o4UrD53lo9CvFvVg	Zara Larsson	['pop', 'scandipop', 'swedish electropop', 'swedish pop']	[2017, 2018, 2019, 2020, 2021]	18	6
4xRYI6VqpkE3UwrDrAZL8L	Logic	['conscious hip hop', 'hip hop', 'pop rap', 'rap']	[2017, 2018, 2019]	18	11
3HXSUfI76zVZk71UMAeVfp	No Party For Cao Dong	['mandopop', 'taiwan indie', 'taiwan punk']	[2017, 2018, 2019, 2020, 2021]	18	0
5oqLnVZzJJXE3YnzzZfRKu	F.I.R.	['mandopop']	[2017, 2018, 2019, 2020, 2021]	18	3
6JL8zeS1NmiOftqZTRgdTz	Meghan Trainor	['hip pop', 'pop']	[2017, 2018, 2019, 2020]	18	7
7DZtdN4x13Amjw87cjdffb	壞特 ?te	['taiwan pop']	[2020, 2021]	18	6
1dVbVQZjRGDjQmHD8oiS8k	Kimberley Chen	['mandopop']	[2017, 2018, 2019, 2020, 2021, 2022]	17	9
6lB8vOoI4DRrrVxXwuV19c	Mike Perry	['pop dance', 'swedish tropical house']	[2017, 2018, 2019, 2020]	17	17
0QHgL1lAIqAw0HtD7YldmP	DJ Khaled	['hip hop', 'miami hip hop', 'pop rap', 'rap']	[2017, 2018, 2019, 2020, 2021]	17	17
5IH6FPUwQTxPSXurCrcIov	Alec Benjamin	['alt z', 'pop', 'pov: indie']	[2018, 2019, 2020, 2021]	17	1
3iRqbMhzyOyoCkmmMRxLWR	Hu Xia	['mainland chinese pop', 'mandopop']	[2017, 2018, 2019, 2020, 2021]	17	2
7DMveApC7UnC2NPfPvlHSU	Cheat Codes	['edm', 'pop', 'pop dance']	[2017, 2018, 2019]	17	16
5YGY8feqx7naU7z4HrwZM6	Miley Cyrus	['pop']	[2017, 2018, 2019, 2020, 2021]	17	6
5K4W6rqBFWDnAN6FQUkS6x	Kanye West	['chicago rap', 'hip hop', 'rap']	[2017, 2018, 2019, 2020, 2021]	17	5
1BZg1ebq8ftAkalzJoGq7u	Maggie Chiang	['mandopop', 'taiwan pop']	[2017, 2018, 2019, 2021]	17	0
24C7uNrWX2Iidb6X63vTGz	A-do	['mandopop', 'singaporean mandopop', 'singaporean pop']	[2017, 2018, 2020, 2021]	17	0
4MMQmzYiUiuD8VwjrJu3v6	Nine Chen	['mandopop', 'taiwan singer-songwriter']	[2019, 2020, 2021, 2022]	16	8
5H8TJITZE1sPjVR2ACzXNS	Wu Bai	['mandopop', 'taiwan singer-songwriter']	[2017, 2018, 2019, 2020, 2021, 2022]	16	5
5AhK8gDgOZT7lE1UlbyF1c	Andrew Tan	['malaysian mandopop', 'mandopop']	[2017, 2018, 2019, 2020, 2021, 2022]	16	1
4XKp9GFAQfsh2NflSRnHQi	Shi Shi	['mandopop', 'taiwan pop']	[2018, 2019, 2020, 2021, 2022]	16	5
7aMQdNM05rPkcHS1ethHUx	頑童Mj116	['mandopop', 'taiwan hip hop']	[2018, 2019, 2020, 2021, 2022]	16	4
0Awqm7GXGiBp8fJNGvywra	理想混蛋	['mandopop', 'taiwan indie']	[2018, 2019, 2020, 2021, 2022]	16	2
2cFrymmkijnjDg9SS92EPM	blackbear	['pop']	[2017, 2018, 2019, 2020, 2021, 2022]	16	11
4rdSHzO4enUlVxdQeHPGTp	Rachel Liang	['mandopop']	[2017, 2018, 2019, 2020, 2021]	16	3
5pUo3fmmHT8bhCyHE52hA6	Liam Payne	['pop']	[2017, 2018, 2019, 2020]	16	14
0VRj0yCOv2FXJNP47XQnx5	Quavo	['atl hip hop', 'melodic rap', 'rap', 'trap']	[2017, 2018, 2020, 2021]	16	16
3AQRLZ9PuTAozP28Skbq8V	The Script	['celtic rock', 'pop']	[2017, 2018]	16	2
55Aa2cqylxrFIXC767Z865	Lil Wayne	['hip hop', 'new orleans rap', 'pop rap', 'rap', 'trap']	[2017, 2018, 2019, 2020, 2022]	15	15
5LHRHt1k9lMyONurDHEdrp	Tyga	['hip hop', 'pop rap', 'rap', 'trap']	[2018, 2019, 2020, 2022]	15	13
4kVy1sDTGmCWzxmzY6soNZ	Alien Huang	['mandopop', 'taiwan pop']	[2020, 2021, 2022]	15	3
5R56NYbLCC2HpOwlYBnmeN	Kelly Yu	['mainland chinese pop', 'mandopop']	[2018, 2019, 2020, 2021, 2022]	15	0
0tNjyz75Px29Yuf1sjs25G	Cosmos People	['mandopop', 'taiwan pop']	[2017, 2018, 2019, 2020, 2021, 2022]	15	1
2feDdbD5araYcm6JhFHHw7	Labrinth	['indie poptimism', 'pop']	[2017, 2018, 2019]	15	15
3gIRvgZssIb9aiirIg0nI3	Jeremy Zucker	['alt z', 'electropop', 'pop']	[2018, 2019, 2020, 2021]	15	6
13ubrt8QOOCPljQ2FL1Kca	A$AP Rocky	['east coast hip hop', 'hip hop', 'rap', 'trap']	[2017, 2018, 2019]	15	14
5Zn94mKQQYVZUvhiIXeXdP	Leo王	['mandopop', 'taiwan hip hop', 'taiwan pop', 'taiwan singer-songwriter']	[2017, 2018, 2019, 2021]	15	7
70paW48PtCtUjtndElrjrL	TIA RAY	['chinese jazz', 'mainland chinese pop']	[2018, 2019, 2020, 2021]	15	7
2qxJFvFYMEDqd7ui6kSAcq	Zedd	['complextro', 'edm', 'german techno', 'pop', 'pop dance']	[2017, 2018, 2019, 2020, 2021]	15	15
0iW8EYj3iP2gpO5eU2Pvta	Valen Hsu	['classic mandopop', 'mandopop']	[2017, 2018, 2019]	15	0
1URnnhqYAYcrqrcwql10ft	21 Savage	['atl hip hop', 'hip hop', 'rap', 'trap']	[2017, 2018, 2019, 2021]	15	10
6MDME20pz9RveH9rEXvrOM	Clean Bandit	['pop', 'uk dance', 'uk funky']	[2017, 2018, 2019, 2020, 2021]	15	15
7qBIgabdHdcr6NLujDxWAU	Fire EX.	['mandopop', 'taiwan indie', 'taiwan pop', 'taiwan punk']	[2017, 2018, 2019, 2020, 2021]	15	0
7BqRcZsHYYQeqMAOp7e532	落日飛車 Sunset Rollercoaster	['taiwan indie']	[2019, 2020, 2021]	15	4
02kJSzxNuaWGqwubyUba0Z	G-Eazy	['indie pop rap', 'oakland hip hop', 'pop rap', 'rap']	[2017, 2018, 2019, 2020, 2021]	15	15
2Z7qQ1slMaPjLOCXBqshct	Fan Yi Chen	['mandopop']	[2017, 2018]	15	2
0bdfiayQAKewqEvaU6rXCv	MØ	['danish pop', 'electropop', 'pop', 'pop dance']	[2017, 2018]	15	10
163tK9Wjr9P9DmM0AVK7lm	Lorde	['art pop', 'metropopolis', 'nz pop', 'pop']	[2017, 2018, 2021]	15	3
0p4nmQO2msCgU4IF37Wi3j	Avril Lavigne	['canadian pop', 'candy pop', 'pop']	[2018, 2019, 2021, 2022]	14	3
1fHw35wWkpOw05sswFSl70	NICKTHEREAL	['mandopop', 'taiwan hip hop']	[2017, 2018, 2019, 2020, 2021, 2022]	14	3
02Cz717BTulFiQXUuIXH6n	Jess Lee	['malaysian mandopop', 'mandopop']	[2017, 2018, 2019, 2020]	14	1
7gOdHgIoIKoe4i9Tta6qdD	Jonas Brothers	['boy band', 'pop']	[2019, 2020, 2021]	14	5
0X2BH1fck6amBIoJhDVmmJ	Ellie Goulding	['indietronica', 'metropopolis', 'pop', 'uk pop']	[2017, 2018, 2019, 2020, 2021]	14	9
5CiGnKThu5ctn9pBxv7DGa	benny blanco	['pop']	[2018, 2019, 2020, 2021]	14	14
4sTQVOfp9vEMCemLw50sbu	Galantis	['dance pop', 'edm', 'pop', 'pop dance']	[2017, 2018, 2019, 2020, 2021]	14	8
7bXgB6jMjp9ATFy66eO08Z	Chris Brown	['r&b', 'rap']	[2017, 2018, 2019, 2020, 2021]	14	11
47z7ZrgFoBvVpCnElCE3Zh	Yellow Claw	['edm', 'electro house', 'pop dance']	[2017, 2018, 2019]	14	13
71l6Wfk7PaTVPAOH7ln56V	Princess Ai	['mandopop']	[2017, 2018, 2019, 2021]	14	1
6f4srX54JFrLNK4aTJe2Sc	Ren Ran	['mainland chinese pop']	[2019, 2020, 2021, 2022]	13	0
3w8fdvgPp2aKgy125EBgVg	玖壹壹	['mandopop', 'taiwan hip hop']	[2017, 2018, 2019, 2020, 2021, 2022]	13	6
4AVFqumd2ogHFlRbKIjp1t	Alesso	['dance pop', 'edm', 'electro house', 'pop', 'pop dance', 'progressive electro house']	[2017, 2018, 2019, 2020, 2021, 2022]	13	10
2CvaqAMMsX576VBehaJ0Wx	Wanna One	['k-pop', 'k-pop boy group']	[2017, 2018, 2022]	13	0
4r63FhuTkUYltbVAg5TQnk	DaBaby	['hip hop', 'north carolina hip hop', 'rap', 'trap']	[2019, 2020, 2021, 2022]	13	10
6IZ4ctovY9dl7bgHClAvKJ	LSD	[]	[2018, 2019]	13	13
7EQ0qTo7fWT7DPxmxtSYEc	Bastille	['metropopolis', 'modern rock', 'pop']	[2017, 2018, 2019]	13	4
2PSJ6YriU7JsFucxACpU7Y	CHUNG HA	['k-pop']	[2018, 2019, 2020, 2021]	13	5
3PpIzdLny8HwTnKp9joXdj	Tiger Hu	['mainland chinese pop', 'mandopop']	[2017, 2018, 2019, 2020, 2021]	13	1
4O15NlyKLIASxsJ0PrXPfz	Lil Uzi Vert	['melodic rap', 'philly rap', 'rage rap', 'rap', 'trap']	[2017, 2018, 2019, 2020]	13	7
4V8Sr092TqfHkfAA5fXXqG	Luis Fonsi	['latin pop', 'puerto rican pop']	[2017, 2018, 2019]	13	11
4iHNK0tOyZPYnBU7nGAgpQ	Mariah Carey	['dance pop', 'pop', 'urban contemporary']	[2017, 2018, 2019, 2020, 2021]	13	4
4VP44ZwK51R0y7ZbjJLHJR	DJ Didilong	['taiwan hip hop', 'taiwan pop']	[2017, 2018, 2019, 2020]	13	7
2met7Idcy1Ze7hnoUtpPmX	Nicholas Teo	['malaysian mandopop', 'mandopop']	[2017, 2018, 2019]	13	0
1bqxdqvUtPWZri43cKHac8	MAX	['viral pop']	[2017, 2018, 2019, 2020, 2021]	13	11
3iOvXCl6edW5Um0fXEBRXy	The xx	['downtempo', 'dream pop', 'indietronica']	[2017, 2018]	13	0
24jrxG0tKcwgAzsLuPzyMi	Namewee	['malaysian mandopop', 'mandopop']	[2017, 2018, 2019, 2020, 2021, 2022]	12	8
181bsRPaVXVlUKXrxwZfHK	Megan Thee Stallion	['houston rap', 'pop', 'rap', 'trap queen']	[2019, 2020, 2021, 2022]	12	11
6qMCbcnBinopCiiCrKQlF3	Diana Wang	['mandopop']	[2017, 2018, 2020, 2021, 2022]	12	3
1kfWoWgCugPkyxQP8lkRlY	Jackson Wang	['k-pop']	[2018, 2019, 2020, 2021, 2022]	12	7
6QYehwA9q6UQEMs1Vak0uy	Feng Ze	['singaporean mandopop', 'singaporean singer-songwriter', 'taiwan pop']	[2019, 2020, 2021, 2022]	12	7
0hEurMDQu99nJRq8pTxO14	John Mayer	['neo mellow', 'singer-songwriter']	[2017, 2018, 2019, 2021]	12	1
0qmPs7q4bykvrS8NMZk7ud	Penny Tai	['malaysian mandopop', 'mandopop', 'taiwan singer-songwriter']	[2017, 2018, 2019, 2020]	12	0
3n16EAnJtz6SZGx2zJssrI	Amazing Show	['mandopop', 'taiwan indie', 'taiwan pop', 'taiwan punk']	[2018, 2019, 2020, 2021]	12	1
4q3ewBCX7sLwd24euuV69X	Bad Bunny	['reggaeton', 'trap latino', 'urbano latino']	[2017, 2018, 2019, 2020, 2021]	12	8
5y2Xq6xcjJb2jVM54GHK3t	John Legend	['neo soul', 'pop', 'pop soul', 'urban contemporary']	[2017, 2018, 2019]	12	8
6KImCVD70vtIoJWnq6nGn3	Harry Styles	['pop']	[2017, 2018, 2019, 2020, 2021]	12	0
5XkrVVn0lQIVPkH55nbTgZ	R-chord	['mandopop', 'taiwan singer-songwriter']	[2017, 2018, 2019, 2020]	12	7
7bmYpVgQub656uNTu6qGNQ	Hwa Sa	['k-pop', 'korean talent show']	[2017, 2019, 2020, 2021]	12	3
6mU8ucezzms5I2kNH6HNlu	Conor Maynard	['post-teen pop', 'uk pop', 'viral pop']	[2017, 2018, 2019, 2020, 2021]	12	10
20gsENnposVs2I4rQ5kvrf	Sam Feldt	['edm', 'pop dance', 'tropical house']	[2017, 2018, 2019, 2020, 2021]	12	12
3mIj9lX2MWuHmhNCA7LSCW	The 1975	['modern alternative rock', 'modern rock', 'pop', 'pov: indie', 'rock']	[2017, 2018, 2019]	12	1
0Vw76uk7P8yVtTClWyOhac	HONNE	['uk pop']	[2017, 2018, 2019, 2020, 2021]	12	6
55fhWPvDiMpLnE4ZzNXZyW	Noah Cyrus	['alt z', 'pop']	[2017, 2018, 2019]	12	11
3sHU5vwszRfnJNhvcYNZdS	Abin Fang	['malaysian mandopop', 'mandopop']	[2017, 2018, 2019]	12	1
6oMuImdp5ZcFhWP0ESe6mG	Migos	['atl hip hop', 'hip hop', 'rap', 'trap']	[2017, 2018]	12	9
3WYT2b8pOLsLsqSaoWYr7U	Sodagreen	['mandopop']	[2017, 2018, 2019, 2020, 2021, 2022]	11	2
3TtgOeQcNkf9WVDA4xPBJM	831	['mandopop', 'taiwan idol pop']	[2019, 2020, 2021, 2022]	11	6
2KC9Qb60EaY0kW4eH68vr3	ITZY	['k-pop', 'k-pop girl group']	[2019, 2020, 2021, 2022]	11	0
1snhtMLeb2DYoMOcVbb8iB	Kenshi Yonezu	['anime', 'j-pop']	[2017, 2018, 2019, 2020, 2021, 2022]	11	2
0ghlgldX5Dd6720Q3qFyQB	TOMORROW X TOGETHER	['k-pop', 'k-pop boy group']	[2019, 2020, 2021, 2022]	11	2
6MoXcK2GyGg7FIyxPU5yW6	SUNMI	['k-pop']	[2017, 2018, 2019, 2020, 2021, 2022]	11	1
7In8YZ3XHuwSNUTEyIO0HA	Xiao Yu	['mainland chinese pop', 'mandopop', 'taiwan singer-songwriter']	[2017, 2018, 2019, 2020, 2021, 2022]	11	3
2o5jDhtHVPhrJdv3cEQ99Z	Tiësto	['big room', 'brostep', 'dutch edm', 'edm', 'house', 'pop dance', 'slap house', 'trance']	[2017, 2018, 2019, 2021, 2022]	11	10
4NHQUGzhtTLFvgF5SZesLK	Tove Lo	['metropopolis', 'pop', 'swedish electropop', 'swedish pop', 'swedish synthpop']	[2017, 2018, 2019, 2021]	11	9
4UXqAaa6dQYAk18Lv7PEgX	Fall Out Boy	['emo', 'modern rock', 'pop', 'pop punk', 'rock']	[2017, 2018, 2019]	11	4
17lzZA2AlOHwCwFALHttmp	2 Chainz	['atl hip hop', 'hip hop', 'pop rap', 'rap', 'southern hip hop', 'trap']	[2017, 2018, 2019]	11	11
1g5sjKXQTGiui8u0iK4SeV	Eli Hsieh	['mandopop', 'taiwan pop', 'taiwan singer-songwriter']	[2017, 2018, 2019]	11	1
0rG7yyjd15xAQ3Z9SK4FU3	Koala Liu	['mainland chinese pop', 'mandopop']	[2017, 2018, 2019]	11	0
1i8SpTcr7yvPOmcqrbnVXY	Ozuna	['puerto rican pop', 'reggaeton', 'trap latino', 'urbano latino']	[2017, 2018, 2019, 2020, 2021]	11	10
3MZsBdqDrRTJihTHQrO6Dq	Joji	['viral pop']	[2018, 2019, 2020]	11	5
5snNHNlYT2UrtZo5HCJkiw	Epik High	['k-pop', 'k-rap', 'korean old school hip hop']	[2017, 2018, 2019, 2021]	11	10
137W8MRPWKqSmrBGDBFSop	Wiz Khalifa	['hip hop', 'pittsburgh rap', 'pop rap', 'rap', 'southern hip hop', 'trap']	[2017, 2018, 2019, 2020]	11	10
2auC28zjQyVTsiZKNgPRGs	RM	['k-rap']	[2017, 2018, 2019, 2020]	11	6
1r4hJ1h58CWwUQe3MxPuau	Maluma	['latin pop', 'reggaeton', 'reggaeton colombiano', 'urbano latino']	[2017, 2018, 2019, 2020]	11	9
1Hu58yHg2CXNfDhlPd7Tdd	Jacky Cheung	['c-pop', 'classic mandopop']	[2017, 2018, 2019]	11	2
4u5smJBskI6Adzv08PuiUP	Kiiara	['alt z', 'electropop']	[2017, 2018, 2019]	11	6
3BmGtnKgCSGYIUhmivXKWX	Kelly Clarkson	['dance pop', 'pop', 'talent show']	[2017, 2018, 2019, 2020, 2021]	11	2
31TPClRtHm23RisEBtV3X7	Justin Timberlake	['dance pop', 'pop']	[2017, 2018, 2020]	11	4
6LqNN22kT3074XbTVUrhzX	Kesha	['dance pop', 'pop']	[2017, 2018, 2020]	11	2
07YZf4WDAMNwqr4jfgOZ8y	Jason Derulo	['dance pop', 'pop']	[2017, 2018, 2020, 2021]	11	8
5pKCCKE2ajJHZ9KAiaK11H	Rihanna	['barbadian pop', 'pop', 'urban contemporary']	[2017, 2018, 2020]	11	9
2RdwBSPQiwcmiDo9kixcl8	Pharrell Williams	['dance pop', 'pop']	[2017, 2018, 2020, 2021]	11	9
4A0TivfinfALCAMJqqjZIk	Funk Wav	[]	[2017, 2018]	11	11
7t0rwkOPGlDPEhaOcVtOt9	The Cranberries	['irish rock', 'pop rock', 'rock']	[2018]	11	0
1LGJHpsAhfP1QX26plFrFn	Rose Liu	['mandopop']	[2017, 2018, 2021]	11	2
4YXycRbyyAE0wozTk7QMEq	Matoma	['pop dance', 'tropical house']	[2017, 2018]	11	11
5PNcqs6EtD6gSXgUiiJIUU	颜人中	['chinese viral pop', 'taiwan singer-songwriter']	[2020, 2021, 2022]	10	0
7lbSsjYACZHn1MSDXPxNF2	Hikaru Utada	['anime', 'classic j-pop', 'j-pop', 'japanese singer-songwriter']	[2018, 2019, 2020, 2021, 2022]	10	2
3Xp3DA50zRP4TYOtNR7k1T	Soft Lipa	['mandopop', 'taiwan hip hop', 'taiwan pop', 'taiwan singer-songwriter']	[2017, 2018, 2019, 2021, 2022]	10	5
7hJcb9fa4alzcOq3EaNPoG	Snoop Dogg	['g funk', 'gangster rap', 'hip hop', 'pop rap', 'rap', 'west coast rap']	[2017, 2018, 2021, 2022]	10	10
5DdhWWd83hbrWLXIVx129X	Kumachan	['mandopop', 'taiwan hip hop']	[2017, 2018, 2019, 2020, 2021, 2022]	10	9
3r5bFY2H54Y0YGIDzAo1xp	Janice Yan	['mandopop']	[2018, 2019, 2020, 2021, 2022]	10	3
5iNrZmtVMtYev5M9yoWpEq	Seeb	['pop dance']	[2017, 2018, 2019]	10	10
757epCpvbpqyBoMMzbIC3g	JC 陳詠桐	['cantopop', 'mandopop']	[2017, 2018, 2019, 2020, 2021]	10	0
3hv9jJF3adDNsBSIQDqcjp	Mark Ronson	['pop soul']	[2018, 2019, 2020, 2021]	10	10
6nfDaffa50mKtEOwR8g4df	GOT7	['k-pop', 'k-pop boy group']	[2018, 2019, 2020, 2021]	10	0
2CBuGdj5Nmgx1VfrgLnGoJ	Xian Zi	['mainland chinese pop', 'mandopop']	[2017, 2018, 2019, 2020, 2021]	10	2
4kYGAK2zu9EAomwj3hXkXy	JP Cooper	['uk pop']	[2017, 2018, 2019]	10	7
3zDRCqOhJXJfS2YWOEwGMC	Christopher	['danish pop']	[2017, 2018, 2019, 2020]	10	3
6DuHQk8gJbyVlhajer8IuF	Nicky Lee	['mandopop']	[2017, 2018, 2019]	10	2
7brWAbUcLVhV9o1w1dLcsx	Z.TAO	['chinese electropop', 'chinese idol pop', 'k-pop', 'mandopop']	[2017, 2018, 2019, 2020]	10	2
2ZRQcIgzPCVaT9XKhXZIzh	Gryffin	['edm', 'pop dance']	[2017, 2018, 2019]	10	10
1GxkXlMwML1oSg5eLPiAz3	Michael Bublé	['adult standards', 'canadian pop', 'jazz pop', 'lounge']	[2017, 2018, 2019, 2020, 2021]	10	3
40tNK2YedBV2jRFAHxpifB	David Tao	['chinese r&b', 'mandopop', 'taiwan pop', 'taiwan singer-songwriter']	[2017, 2018, 2019]	10	0
50DjkxUjr341CAWEf6mEXS	Sandee Chan	['chinese indie', 'mandopop', 'taiwan indie', 'taiwan pop', 'taiwan singer-songwriter']	[2017, 2018, 2019, 2020]	10	2
4EzkuveR9pLvDVFNx6foYD	James Bay	['neo mellow', 'pop', 'uk pop']	[2018, 2019, 2021]	10	3
4VMYDCV2IEDYJArk749S6m	Daddy Yankee	['latin hip hop', 'reggaeton', 'trap latino', 'urbano latino']	[2017, 2018, 2019]	10	9
4DdkRBBYG6Yk9Ka8tdJ9BW	Offset	['atl hip hop', 'rap', 'trap']	[2017, 2018, 2019]	10	10
5r0Fhn5JfkbhPG8wXRu0iY	小球(莊鵑瑛)	['taiwan pop', 'taiwan singer-songwriter']	[2017, 2018, 2019]	10	0
0PdNEiQ3MsJGCEgE13Tz60	Silence Wang	['chinese singer-songwriter', 'mainland chinese pop', 'mandopop']	[2017, 2018, 2020, 2021]	10	3
5RmQ8k4l3HZ8JoPb4mNsML	Agust D	['k-rap']	[2020]	10	4
2aFNEQB9JnQ171stH9Ljh5	Grady Guan	['chinese singer-songwriter', 'mainland chinese pop', 'mandopop']	[2017, 2018, 2021]	10	1
6icQOAFXDZKsumw3YXyusw	Lil Yachty	['atl hip hop', 'melodic rap', 'rap', 'trap']	[2017, 2018]	10	10
2XnBwblw31dfGnspMIwgWz	Axwell /\ Ingrosso	['edm', 'pop dance', 'progressive electro house']	[2017, 2018]	10	4
5Xcbv83o11Ez2XPHa1n8Pf	AmPm	['japanese dance pop']	[2017, 2018]	10	10
6T5tfhQCknKG4UnH90qGnz	DNCE	['dance pop', 'pop']	[2017, 2018]	10	6
0LyfQWJT6nXafLPZqxe9Of	Various Artists	[]	[2017, 2021]	10	0
1YtYHaWLV0IU7SwhvG6Luk	珂拉琪	['taiwan indie']	[2021, 2022]	9	0
3PhoLpVuITZKcymswpck5b	Elton John	['glam rock', 'mellow gold', 'piano rock', 'rock']	[2017, 2020, 2021, 2022]	9	7
5f7VJjfbwm532GiveGC0ZK	Lil Baby	['atl hip hop', 'atl trap', 'rap', 'trap']	[2018, 2019, 2020, 2021, 2022]	9	9
1D2LuIU6rgg0MGa0l8wYJh	Yo Lee	['mandopop', 'taiwan pop', 'taiwan singer-songwriter']	[2019, 2020, 2021, 2022]	9	3
2hlmm7s2ICUX0LVIhVFlZQ	Gunna	['atl hip hop', 'melodic rap', 'rap', 'trap']	[2018, 2019, 2020, 2021, 2022]	9	9
7DlOy5eGnazhGg7iDvCCCX	Shadya Lan	['mandopop', 'taiwan singer-songwriter']	[2017, 2018, 2021, 2022]	9	0
3jK9MiCrA42lLAdMGUZpwa	Anderson .Paak	['escape room', 'hip hop', 'indie soul', 'neo soul']	[2018, 2019, 2021, 2022]	9	8
0NGAZxHanS9e0iNHpR8f2W	Alok	['electro house', 'pop nacional', 'sertanejo universitario', 'slap house']	[2017, 2018, 2019, 2022]	9	9
5JMLG56F1X5mFmWNmS0iAp	Chelsea Cutler	['alt z']	[2018, 2019, 2021]	9	6
6Dd3NScHWwnW6obMFbl1BH	Daya	['pop']	[2017, 2018, 2019]	9	3
56oDRnqbIiwx4mymNEv7dS	Lizzo	['escape room', 'minnesota hip hop', 'pop', 'trap queen']	[2019, 2020, 2021]	9	3
0mVEQWHpQc30NdVqwtj8WJ	Enno Cheng	['taiwan indie', 'taiwan pop', 'taiwan singer-songwriter']	[2018, 2019, 2020, 2021]	9	3
2Vl4kZKeQslEl4P0ATWuue	Naiwen Yang	['mandopop', 'taiwan pop', 'taiwan singer-songwriter']	[2017, 2018, 2019]	9	0
1l7ZsJRRS8wlW3WfJfPfNS	Christina Aguilera	['dance pop', 'pop']	[2017, 2018, 2019]	9	5
4xnihxcoXWK3UqryOSnbw5	Sasha Alex Sloan	['alt z']	[2018, 2019, 2020, 2021]	9	4
7cVZApDoQZpS447nHTsNqu	LeeHi	['k-pop']	[2017, 2018, 2019, 2020, 2021]	9	7
31W5EY0aAly4Qieq6OFu6I	A Boogie Wit da Hoodie	['melodic rap', 'rap', 'trap']	[2017, 2018, 2019, 2021]	9	8
6l3HvQ5sa6mXTsMTB19rO5	J. Cole	['conscious hip hop', 'hip hop', 'north carolina hip hop', 'rap']	[2018, 2019, 2020, 2021]	9	2
3t5xRXzsuZmMDkQzgOX35S	Robin Schulz	['deep euro house', 'deep house', 'edm', 'german dance', 'pop dance', 'tropical house']	[2017, 2018, 2019]	9	9
6BrvowZBreEkXzJQMpL174	Hardwell	['big room', 'dutch house', 'edm', 'electro house', 'pop dance', 'progressive electro house', 'progressive house']	[2017, 2018, 2019]	9	9
1l2ekx5skC4gJH8djERwh1	Don Diablo	['dutch house', 'edm', 'electro house', 'future house', 'pop dance', 'progressive electro house', 'progressive house']	[2017, 2018, 2019]	9	7
5rG61ghWZ2R4TDvCO7d0jw	Z-Chen	['chinese r&b', 'malaysian mandopop', 'mandopop']	[2017, 2018, 2019]	9	1
7aoSiqJj23B6at0hTVobbg	Joi Chua	['mandopop', 'singaporean mandopop', 'singaporean singer-songwriter']	[2017, 2018, 2019]	9	1
7wlDjszaVnIH1DpZaJcJHX	Frandé	['taiwan indie', 'taiwan pop']	[2017, 2018, 2019]	9	3
2hJxcuFTgP89GdmCVXfXyi	Kelly Pan	['mandopop', 'singaporean mandopop']	[2017, 2018, 2020, 2021]	9	1
4D75GcNG95ebPtNvoNVXhz	AFROJACK	['big room', 'dance pop', 'dutch house', 'edm', 'electro house', 'pop dance', 'progressive electro house']	[2017, 2018, 2020]	9	9
1IueXOQyABrMOprrzwQJWN	Sigala	['dance pop', 'edm', 'pop dance', 'uk dance', 'uk pop']	[2017, 2018, 2021]	9	9
1oKdM70mJD8VvDOTKeS8t1	Emily Warren	['alt z', 'nyc pop']	[2017, 2018]	9	7
4WN5naL3ofxrVBgFpguzKo	Rudimental	['pop dance', 'uk dance', 'uk funky']	[2017, 2018]	9	9
7B4GBM2vQJvwyghdsvEV77	Julia Peng	['classic mandopop', 'mandopop']	[2017, 2018, 2021]	9	1
0TnOYISbd1XYRBk9myaseg	Pitbull	['dance pop', 'miami hip hop', 'pop']	[2017, 2018]	9	8
45dkTj5sMRSjrmBSBeiHym	Tate McRae	['alt z', 'pop']	[2020, 2021, 2022]	8	4
1McMsnEElThX1knmY4oliG	Olivia Rodrigo	['pop']	[2021, 2022]	8	0
1DNci4XjJlglg629j3yO5n	Ella Chen	['mandopop']	[2017, 2018, 2019, 2020, 2021, 2022]	8	7
3KZMUYrA5eIfgZdIFRmNe4	TRASH	['taiwan indie', 'taiwan pop', 'taiwan rock']	[2017, 2018, 2019, 2020, 2021, 2022]	8	0
6gzXCdfYfFe5XKhPKkYqxV	SUPER JUNIOR	['k-pop', 'k-pop boy group']	[2017, 2018, 2020, 2021, 2022]	8	2
4VgfrD5wuAoN428fBZNSyW	Lara Liang	['mandopop']	[2017, 2018, 2019, 2020, 2021, 2022]	8	2
2OrCYFzQYE1TmevdYARnU1	Yoyo Sham	['cantopop', 'hong kong indie']	[2017, 2018, 2019, 2020, 2021, 2022]	8	1
4maR8o69pil8CrclOiFVVW	MC HotDog	['mandopop', 'taiwan hip hop']	[2019, 2020]	8	3
5r1tUTxVSgvBHnoDuDODPH	IZ*ONE	['k-pop', 'k-pop girl group']	[2018, 2019, 2020, 2021]	8	2
1AIrEsIWKWiJJ6lfkLmtWK	Bii	['mandopop']	[2018, 2019, 2020, 2021]	8	2
1xCrrnnj9xif5G0y3ie5dM	Patrick Brasca	['chinese r&b']	[2019, 2020, 2021]	8	5
4TnGh5PKbSjpYqpIdlW5nz	MONSTA X	['k-pop', 'k-pop boy group']	[2017, 2018, 2019, 2020]	8	3
6WY7D3jk8zTrHtmkqqo5GI	Maren Morris	['classic texas country', 'contemporary country']	[2017, 2018, 2019, 2021]	8	7
26dSoYclwsYLMAKD3tpOr4	Britney Spears	['dance pop', 'pop']	[2017, 2018, 2019, 2020, 2021]	8	1
5rSXSAkZ67PYJSvpUpkOr7	Backstreet Boys	['boy band', 'dance pop', 'pop']	[2018, 2019]	8	1
1cZQSpDsxgKIX2yW5OR9Ot	Lennon Stella	['alt z', 'canadian pop', 'uk pop']	[2018, 2019, 2020]	8	7
6PWJWwEm8BSBFAIAUWlwe4	Boon Hui Lu	['mandopop', 'singaporean mandopop', 'singaporean pop', 'singaporean singer-songwriter']	[2018, 2019, 2020, 2021]	8	3
0b1sIQumIAsNbqAoIClSpy	j-hope	['k-pop', 'k-rap']	[2018, 2019]	8	2
3JhNCzhSMTxs9WLGJJxWOY	Macklemore	['pop rap', 'seattle hip hop']	[2017, 2018, 2019]	8	8
4Q6nIcaBED8qUel8bBx6Cr	Jax Jones	['dance pop', 'edm', 'house', 'pop dance', 'uk dance', 'uk pop']	[2017, 2018, 2019]	8	8
3Isy6kedDrgPYoTS1dazA9	Sean Paul	['dance pop', 'dancehall', 'pop', 'pop rap']	[2017, 2018, 2019]	8	8
2jku7tDXc6XoB6MO2hFuqg	Tory Lanez	['canadian hip hop', 'canadian trap', 'melodic rap', 'r&b', 'rap', 'toronto rap', 'trap']	[2017, 2018, 2019, 2020]	8	8
5qRSs6mvI17zrkJpOHkCoM	iKON	['k-pop', 'k-pop boy group']	[2018, 2019, 2020, 2021]	8	0
3AVfmawzu83sp94QW7CEGm	Astrid S	['alt z', 'norwegian pop', 'pop', 'uk pop']	[2017, 2019]	8	1
1gBUSTR3TyDdTVFIaQnc02	NCT DREAM	['k-pop', 'k-pop boy group']	[2017, 2019, 2020, 2021]	8	2
4bL2B6hmLlMWnUEZnorEtG	Felix Jaehn	['edm', 'german dance', 'pop dance', 'tropical house']	[2017, 2018, 2019]	8	8
6pWcSL9wSJZQ9ne0TnhdWr	K-391	['nordic house']	[2018, 2019, 2020, 2021]	8	8
2SrSdSvpminqmStGELCSNd	Stormzy	['grime', 'uk hip hop']	[2017, 2018, 2019]	8	8
7KMqksf0UMdyA0UCf4R3ux	James Blunt	['neo mellow', 'pop rock']	[2017, 2018, 2019]	8	3
73jBynjsVtofjRpdpRAJGk	Dimitri Vegas & Like Mike	['belgian dance', 'belgian edm', 'big room', 'dutch house', 'edm', 'electro house', 'pop dance', 'progressive electro house']	[2017, 2018, 2019]	8	8
2vRNbO0y4DgqQOEEhRSqdI	Bae Lin	['mandopop', 'taiwan pop']	[2017, 2018, 2019]	8	2
4e4wVXnFUIJ5EbcW9GtL2n	Soo Wincci	['malaysian hip hop', 'malaysian mandopop', 'mandopop']	[2017, 2018, 2019]	8	0
1LOB7jTeEV14pHai6EXSzF	Cash Cash	['dance pop', 'edm', 'electro house', 'electropowerpop', 'pop dance']	[2017, 2018, 2019]	8	8
2SOrfXWlb17EoCqupfGX4u	Aska Yang	['mandopop']	[2017, 2018, 2019, 2021]	8	1
2dIgFjalVxs4ThymZ67YCE	Stray Kids	['k-pop', 'k-pop boy group', 'pop']	[2018, 2019, 2020, 2021]	8	1
4ScCswdRlyA23odg9thgIO	Jess Glynne	['pop', 'uk pop']	[2018, 2019]	8	2
1aGVe9rnzjBX8HOgOvF1UV	ABAO	['taiwan pop', 'taiwanese indigenous']	[2017, 2020]	8	2
4ntvojSPscU3PxselAEeY2	万能青年旅店	['chinese indie', 'chinese indie rock']	[2020]	8	0
2MVfNjocvNrE03cQuxpsWK	Hins Cheung	['cantopop']	[2017, 2018, 2020, 2021]	8	1
3fS78kAWd9dVFyaPQ363YO	Lu Han	['chinese electropop', 'chinese idol pop', 'k-pop', 'mainland chinese pop', 'mandopop']	[2017, 2018, 2020]	8	4
3YQKmKGau1PzlVlkL1iodx	Twenty One Pilots	['modern rock', 'pop', 'pov: indie', 'rock']	[2017, 2018, 2020, 2021]	8	0
2wX6xSig4Rig5kZU6ePlWe	KSHMR	['big room', 'dutch house', 'edm', 'electro house', 'indian edm', 'pop dance', 'progressive electro house', 'slap house']	[2017, 2018]	8	8
3AA28KZvwAUcZuOKwyblJQ	Gorillaz	['alternative hip hop', 'modern rock', 'rock']	[2017, 2018]	8	6
6hkP84fpANIA89Nv3T9JSm	Jocie Guo	['mandopop', 'singaporean mandopop']	[2017, 2018]	8	0
2dw80Uni5l7wd9zZFn7Ltu	Jeff Chang	['classic mandopop', 'mandopop']	[2017, 2018]	8	0
4Rxn7Im3LGfyRkY2FlHhWi	Nick Jonas	['dance pop', 'pop']	[2017, 2018, 2021]	8	3
4tZwfgrHOc3mvqYlEYSvVi	Daft Punk	['electro', 'filter house', 'rock']	[2017, 2021]	8	5
2snm3HmsnDUDxbIChdl2Oj	Justin Hurwitz	['hollywood', 'movie tunes', 'soundtrack']	[2017]	8	1
4MRQK5pLyNbcOW493n55iT	老王樂隊	['mandopop', 'taiwan indie', 'taiwan pop']	[2017, 2018, 2019, 2020, 2021, 2022]	7	0
4XBG26mgvzGqT09eopG4d9	Marz23	['mandopop', 'taiwan hip hop']	[2020, 2021, 2022]	7	4
6H93wOohK6r1MwGh41Z4Nb	Ashin Chen	['taiwan pop']	[2018, 2019, 2020, 2021, 2022]	7	3
6zCAdMK7SVxKyGMnAc26Cy	Power Station	['c-pop', 'mandopop']	[2017, 2018, 2019, 2021, 2022]	7	2
3KdU8KfkDy7xHmQS00B5wd	柯智棠	['taiwan indie', 'taiwan pop', 'taiwan singer-songwriter']	[2018, 2019, 2022]	7	1
6PvvGcCY2XtUcSRld1Wilr	Silk Sonic	['neo soul']	[2021, 2022]	7	7
4jGPdu95icCKVF31CcFKbS	Gentle Bones	['singaporean pop']	[2017, 2018, 2020, 2021, 2022]	7	6
2tIP7SsRs7vjIcLrU85W8J	The Kid LAROI	['australian hip hop']	[2020, 2021, 2022]	7	6
5KKpBU5eC2tJDzf0wmlRp2	RAYE	['uk contemporary r&b', 'uk pop']	[2017, 2018, 2019, 2021]	7	7
4exLIFE8sISLr28sqG1qNX	Travis Barker	['rap rock']	[2017, 2018, 2019]	7	7
33ApZ6LzfimooQNIKqf4jo	Show Luo	['mandopop']	[2017, 2018, 2019]	7	0
57WHJIHrjOE3iAxpihhMnp	Louis Tomlinson	['pop']	[2017, 2018, 2019]	7	2
48Smhc0ISwYYRSad1uXSns	Nan Quan Mama	['mandopop']	[2017, 2018, 2019]	7	0
1MIVXf74SZHmTIp4V4paH4	Mabel	['pop', 'uk pop']	[2018, 2019, 2020]	7	3
4L4ArdVJzY6Uxbd82fJjqu	Gordon	['taiwan hip hop', 'taiwan pop']	[2018, 2019, 2020, 2021]	7	1
4Ui2kfOqGujY81UcPrb5KE	HAIM	['indietronica', 'metropopolis']	[2017, 2019, 2020, 2021]	7	4
0id62QV2SZZfvBn9xpmuCl	Aloe Blacc	['pop soul', 'r&b']	[2017, 2019]	7	7
3RqBeV12Tt7A8xH3zBDDUF	Kelsea Ballerini	['contemporary country', 'country']	[2018, 2019, 2020, 2021]	7	6
3QSQFmccmX81fWCUSPTS7y	Dean Lewis	['australian pop', 'singer-songwriter pop']	[2018, 2019]	7	1
1okJ4NC308qbtY9LyHn6DO	BloodPop®	['electropop']	[2017, 2018, 2019]	7	7
1AhjOkOLkbHUfcHDSErXQs	88rising	['asian american hip hop']	[2018, 2019, 2021]	7	7
1apmSb6aeHZyr9zUsy1Z9q	VaVa	['chinese hip hop']	[2017, 2018, 2019, 2020, 2021]	7	6
7kaq0LysuRSgBZSorlZ7Vj	Yida Huang	['mandopop', 'singaporean mandopop']	[2017, 2018, 2019, 2020]	7	0
0qlWcS66ohOIi0M8JZwPft	GFRIEND	['k-pop', 'k-pop girl group']	[2017, 2018, 2019, 2020]	7	0
757aE44tKEUQEqRuT6GnEB	Roddy Ricch	['melodic rap', 'rap', 'trap']	[2018, 2019, 2020, 2021]	7	5
7FNnA9vBm6EKceENgCGRMb	Anitta	['funk pop', 'funk rj', 'pagode baiano', 'pop', 'pop nacional']	[2017, 2018, 2019, 2020]	7	7
3PaGbJTBNMBBp6RCW3ZiDM	Don Chu	['mainland chinese pop']	[2019, 2020, 2021]	7	1
3wyVrVrFCkukjdVIdirGVY	Lil Pump	['emo rap', 'miami hip hop', 'pop rap', 'rap', 'trap']	[2017, 2018, 2019]	7	5
0Ej4GfzIcW3dWP0rC5d4x1	蕭秉治	['mandopop']	[2018, 2019]	7	2
6cP65fCRmCJQejKYSnVb47	Vivian Hsu	['mandopop', 'taiwan singer-songwriter']	[2017, 2019, 2020, 2021]	7	2
1TcbdifqhtxLz77unBYJ7z	CORSAK	['chinese electropop']	[2018, 2019, 2021]	7	7
2gsggkzM5R49q6jpPvazou	Jessie J	['dance pop', 'pop']	[2017, 2018, 2019]	7	3
6fs2or0cKLEM2xohWq8SoX	Lexie Liu	['chinese electropop']	[2018, 2019, 2020]	7	3
6ydoSd3N2mwgwBHtF6K7eX	Calum Scott	['pop']	[2017, 2018, 2019, 2021]	7	2
7JY6f7uRdLtKSHbHlQXduV	Evan Yo	['mandopop', 'taiwan singer-songwriter']	[2017, 2019, 2020]	7	2
2Tg0aF5cbZktYFzgR1iAKv	Julie Bergan	['norwegian pop']	[2017, 2018, 2019]	7	5
25u4wHJWxCA9vO0CzxAbK7	Lukas Graham	['danish pop', 'scandipop']	[2017, 2018, 2019, 2020]	7	2
4ehtJnVumNf6xzSCDk8aLB	Martin Jensen	['danish electronic', 'edm', 'pop dance']	[2017, 2019]	7	6
2ROVqegXm2PNhexwBonDxw	LION	['mandopop', 'taiwan pop']	[2017, 2018, 2019]	7	0
4lDBihdpMlOalxy1jkUbPl	Grey	[]	[2017, 2018, 2019]	7	7
4LLpKhyESsyAXpc4laK94U	Mac Miller	['hip hop', 'pittsburgh rap', 'rap']	[2018, 2019, 2020]	7	1
1anyVhU62p31KFi8MEzkbf	Chance the Rapper	['chicago rap', 'conscious hip hop', 'hip hop', 'pop rap', 'rap']	[2017, 2018, 2019, 2020, 2021]	7	7
39LWbzZB6lcrRviPzrAVdZ	TANK 呂建忠	['mandopop', 'taiwan pop']	[2019, 2020, 2021]	7	1
4ufh0WuMZh6y4Dmdnklvdl	BAEKHYUN	['k-pop']	[2017, 2019, 2020, 2021]	7	3
6gK1Uct5FEdaUWRWpU4Cl2	Petit Biscuit	['new french touch']	[2017, 2018, 2019]	7	5
6c0mTNAxJxlp9HpKTUZwA8	ALMA	[]	[2017, 2018, 2019]	7	7
2DWVv9ET0trhdmdFYROQaJ	A/DA 阿達	['chinese hip hop', 'chinese r&b']	[2017, 2020]	7	4
3DOs7Bsr9x4eJHqv6ViPvR	BY2	['mandopop', 'singaporean mandopop', 'singaporean pop']	[2017, 2020, 2021]	7	2
5dS7yN8gXQcQNxuuVOABIk	Ariel Tsai	['mandopop']	[2017, 2018, 2020, 2021]	7	0
48l8jtSyFSYXH3vYW7Tmog	Yvonne	['mandopop', 'taiwan pop']	[2017, 2018]	7	0
468BFRg8N0wGREo2L4TXZp	Wanfang	['classic mandopop', 'mandopop']	[2017, 2018, 2021]	7	2
5ChF3i92IPZHduM7jN3dpg	Nicky Romero	['big room', 'dutch edm', 'dutch house', 'edm', 'electro house', 'pop dance', 'progressive electro house']	[2017, 2018]	7	7
2zzKlxMsKTPMsZacZCPRNA	Joey Yung	['cantopop']	[2017, 2018]	7	1
0gadJ2b9A4SKsB1RFkBb66	Passenger	['folk-pop', 'neo mellow']	[2017, 2018]	7	0
4pBZPaKdm0u7Joe6oAea6V	The Bellas	['movie tunes']	[2018]	7	1
25tMQOrIU4LlUo6Sv8v5SE	Gavin James	['irish pop']	[2017, 2018]	7	3
5X4LWwbUFNzPkEas04uU82	DVBBS	['canadian electronic', 'dutch house', 'edm', 'electro house', 'pop dance', 'progressive electro house', 'slap house']	[2017, 2018]	7	7
1l8Fu6IkuTP0U5QetQJ5Xt	Fifth Harmony	['girl group', 'pop', 'talent show']	[2017]	7	4
6zn0ihyAApAYV51zpXxdEp	10cm	['korean pop']	[2017, 2020, 2022]	6	2
40sntfyZsRwGfDgSJnxYuX	婁峻碩	['mandopop', 'taiwan hip hop']	[2020, 2021, 2022]	6	3
2uWcrwgWmZcQc3IPBs3tfU	Apink	['k-pop', 'k-pop girl group']	[2017, 2018, 2019, 2020, 2022]	6	0
4TGQEYGf6Pu4tpMNGQ4tOR	魚丁糸	['chinese indie']	[2021, 2022]	6	0
4obzFoKoKRHIphyHzJ35G3	Becky G	['latin pop', 'latin viral pop', 'rap latina', 'reggaeton', 'urbano latino']	[2018, 2019, 2022]	6	6
4yamiVzQPYBb02ceSu0jaI	A Si	['chinese minyao', 'taiwan indie', 'taiwan pop']	[2017, 2019, 2020, 2021, 2022]	6	4
3hhUgkTf3fFYGogFMbV5Wv	許光漢	[]	[2020, 2021, 2022]	6	0
1CqvjaECUkhe4BMeYz4Ihh	郭顶	['taiwan indie', 'taiwan singer-songwriter']	[2017, 2018, 2019, 2020, 2021, 2022]	6	0
3pc0bOVB5whxmD50W79wwO	keshi	['chill r&b']	[2019, 2020, 2021, 2022]	6	0
3iGNpRQH6ei188rHVvwytb	李千娜	[]	[2017, 2018, 2019, 2020, 2021, 2022]	6	0
7JRMSnpii2F9B7JlqRGiYR	九澤CP	['taiwan idol pop']	[2020, 2021, 2022]	6	0
1W7FNibLa0O0b572tB2w7t	Pink Sweat$	['bedroom soul']	[2019, 2020, 2021, 2022]	6	2
3PTsVPijj4pjIol9yML0rK	Astro Bunny	['chinese electropop', 'mandopop', 'taiwan indie', 'taiwan pop']	[2018, 2019, 2021, 2022]	6	0
5ejbZdon0riCxa7GyJNEAx	OHMYMEITING	['singaporean mandopop', 'taiwan pop']	[2018, 2020, 2021, 2022]	6	1
47mIJdHORyRerp4os813jD	League of Legends	['speedrun', 'video game music']	[2018, 2019, 2020, 2021, 2022]	6	6
0BqRGrwqndrtNkojXiqIzL	Whee In	['k-pop', 'korean ost']	[2019, 2021, 2022]	6	3
4GNC7GD6oZMSxPGyXy4MNB	Lewis Capaldi	['pop', 'uk pop']	[2017, 2019, 2020, 2021, 2022]	6	0
78IEFKJN8gQgJM1WOvt2Tl	TroutFresh	['mandopop', 'taiwan hip hop']	[2017, 2018, 2019, 2021]	6	4
6fOMl44jA4Sp5b9PpYCkzz	NF	['hip hop', 'pop rap']	[2017, 2018, 2019]	6	0
6VbRanWSU3pdDhJnhSfGmY	Harlem Yu	['classic mandopop', 'mandopop']	[2017, 2018, 2019]	6	0
2cWZOOzeOm4WmBJRnD5R7I	Normani	['pop', 'r&b']	[2018, 2019, 2020, 2021]	6	5
6aLdhHUqgdKE86xbtNmY8g	Crush	['k-pop', 'korean r&b']	[2017, 2018, 2019, 2020]	6	4
1yxSLGMDHlW21z4YXirZDS	Black Eyed Peas	['dance pop', 'pop', 'pop rap']	[2018, 2019, 2020]	6	5
6yTAPw3o7oDH7lhj34jvbH	Elva Hsiao	['mandopop']	[2017, 2018, 2019, 2020, 2021]	6	0
0x1cerphBlEKCJL8Mqs6y3	Quarterback	['mandopop', 'taiwan indie', 'taiwan pop']	[2018, 2019]	6	0
5jAMCwdNHWr7JThxtMuEyy	NOTD	['electropop', 'pop dance', 'pop edm']	[2017, 2018, 2019]	6	6
4utLUGcTvOJFr6aqIJtYWV	Skylar Grey	['piano rock', 'viral pop']	[2017, 2018, 2019, 2021]	6	4
2fVW2ix4ANKiofDZIsy1XR	Vargas & Lagola	['swedish pop']	[2017, 2018, 2019]	6	6
1vhgWOwfVcKVTGTsfHmoBx	HAOR	['taiwan pop']	[2017, 2018, 2019]	6	2
45eNHdiiabvmbp4erw26rg	ILLENIUM	['edm', 'melodic dubstep', 'pop dance']	[2017, 2018, 2019, 2020]	6	5
3fzkQF4hAwDkHQhzp5G2uC	Ellen Loo	['cantopop', 'chinese indie', 'hong kong indie']	[2017, 2018, 2019]	6	1
2kRfqPViCqYdSGhYSM9R0Q	Madison Beer	['pop']	[2018, 2019, 2020, 2021]	6	5
3b8QkneNDz4JHKKKlLgYZg	Florida Georgia Line	['contemporary country', 'country', 'country pop', 'country road', 'modern country rock']	[2017, 2018, 2019]	6	5
20JZFwl6HVl6yg8a4H3ZqK	Panic! At The Disco	['pop']	[2018, 2019, 2020]	6	2
7gZfnEnfiaHzxARJ2LeXrf	6ix9ine	['emo rap']	[2018, 2019, 2020]	6	5
30b9WulBM8sFuBo17nNq9c	G-DRAGON	['k-pop', 'k-rap']	[2017, 2018, 2019]	6	1
1INuLZXjjVbcJRyWvD1iSq	Jack & Jack	['pop', 'teen pop']	[2017, 2018, 2019]	6	3
1he19XnDUahODrmRwKlC8w	Pets Tseng	['mandopop']	[2018, 2019, 2021]	6	0
7hOGhpa8RMSuDOWntGIAJt	A R I Z O N A	['electropop', 'indie poptimism']	[2017, 2018, 2019]	6	2
1VBflYyxBhnDc9uVib98rw	Icona Pop	['candy pop', 'dance pop', 'electropop', 'metropopolis', 'swedish electropop', 'swedish synthpop']	[2017, 2018, 2019]	6	4
2Zi3RrdQqk63Xj0914STkS	Naomi Scott	['movie tunes', 'post-teen pop', 'vapor pop']	[2019]	6	1
3whuHq0yGx60atvA2RCVRW	Olly Murs	['dance pop', 'pop', 'talent show']	[2017, 2018, 2019]	6	4
360IAlyVv4PCEVjgyMZrxK	Miguel	['r&b']	[2017, 2018, 2019]	6	6
2NjfBq1NflQcKSeiDooVjY	Tones And I	['australian pop']	[2019, 2020, 2021]	6	0
13rF01aOogvnkuQXOlgTW8	TAEMIN	['k-pop']	[2017, 2019, 2020, 2021]	6	0
7zYj9S9SdIunYCfSm7vzAR	JEON SOMI	['k-pop']	[2017, 2019, 2020, 2021]	6	1
5fyDppLDl1juIu1BcUT5zh	Digital Farm Animals	['uk dance']	[2017, 2018, 2019]	6	6
73sIBHcqh3Z3NyqHKZ7FOL	Childish Gambino	['atl hip hop', 'hip hop', 'rap']	[2017, 2018, 2019, 2020]	6	2
68Uwx1d3EbjDJhYsLjqvIq	Emma Stone	['hollywood']	[2017, 2019]	6	5
4txug0T3vYc9p20tuhfCUa	Angela Chang	['mandopop']	[2017, 2018, 2019]	6	0
1dfeR4HaWDbWqFHLkxsg1d	Queen	['classic rock', 'glam rock', 'rock']	[2018, 2019]	6	1
4h50ekU1ax70sX6deaIli9	RPG	['hong kong hip hop', 'taiwan hip hop']	[2017, 2018, 2019, 2020]	6	4
3nFkdlSjzX9mRTtwJOzDYB	JAY-Z	['east coast hip hop', 'gangster rap', 'hip hop', 'pop rap', 'rap']	[2017, 2018, 2019]	6	6
3yMtvgD2LCo6Ws4Z08fTFj	Landy Wen	['mandopop']	[2017, 2018, 2019]	6	1
4qBgvVog0wzW75IQ48mU7v	KYLE	['deep underground hip hop', 'indie pop rap', 'pop rap', 'viral trap']	[2017, 2018, 2019]	6	6
4f9iBmdUOhQWeP7dcAn1pf	Rag'n'Bone Man	['neo soul']	[2017, 2018, 2019]	6	2
3XCnp5UV5wnNw49Xuka9qH	Sammi Cheng	['c-pop', 'cantopop']	[2017, 2018, 2019]	6	0
0RqtSIYZmd4fiBKVFqyIqD	Thirty Seconds To Mars	['modern rock', 'post-grunge']	[2017, 2018, 2019]	6	3
46SHBwWsqBkxI7EeeBEQG7	Kodak Black	['florida drill', 'florida rap', 'melodic rap', 'miami hip hop', 'rap', 'trap', 'trap latino']	[2017, 2018, 2019]	6	6
1QAJqy2dA3ihHBFIHRphZj	Cigarettes After Sex	['ambient pop', 'dream pop', 'el paso indie', 'shoegaze']	[2017, 2018, 2019]	6	0
2JhAlkmukNvarUpGhTFXUQ	KARD	['k-pop']	[2017, 2018, 2019, 2020]	6	0
1qCOBZplMcXhK9wxsg7QMY	潘裕文	['mandopop', 'taiwan pop']	[2017, 2018, 2019]	6	0
4Uc8Dsxct0oMqx0P6i60ea	Conan Gray	['bedroom pop', 'pop', 'pov: indie']	[2020, 2021]	6	1
5Mx85GBWB3PbMOhZAVxXkR	HUSH	['taiwan indie', 'taiwan pop', 'taiwan singer-songwriter']	[2018, 2020, 2021]	6	2
6RHKEd9dpzQ4c09x8Zdaxu	Clara Mae	['alt z', 'swedish pop']	[2017, 2018, 2020]	6	4
1D4GTYNzBKdUrK1wyzTmyt	Sharon Kwan	['mandopop', 'taiwan pop']	[2017, 2020]	6	2
7f4ignuCJhLXfZ9giKT7rH	NCT 127	['k-pop', 'k-pop boy group']	[2017, 2018, 2020, 2021]	6	1
2TL8gYTNgD6nXkyuUdDrMg	Jasmine Thompson	['viral pop']	[2017, 2020, 2021]	6	4
7hmSHY9HVVQKejpGbPbo16	詹雯婷	['taiwan singer-songwriter']	[2017, 2018, 2020]	6	0
2HPaUgqeutzr3jx5a9WyDV	PARTYNEXTDOOR	['r&b', 'rap', 'toronto rap', 'urban contemporary']	[2017, 2018, 2020]	6	6
2QOj4jFuDei3DWSkDHfWTm	GBOYSWAG	['chinese electropop', 'taiwan pop']	[2017, 2018, 2020, 2021]	6	3
2FLqlgckDKdmpBrvLAT5BM	Eric Nam	['k-pop']	[2017, 2018, 2020]	6	2
0c173mlxpT3dSFRgMO8XPh	Big Sean	['detroit hip hop', 'hip hop', 'pop rap', 'r&b', 'rap', 'southern hip hop', 'trap']	[2017, 2018]	6	5
5zxmrXIwrLuSfIJM3Dz6y1	楊培安	['mandopop', 'taiwan pop']	[2017, 2018]	6	2
0DxeaLnv6SyYk2DOqkLO8c	MAGIC!	['pop', 'reggae fusion']	[2017, 2018]	6	2
5sOVNhUf8T3jiPhvFA6T7L	Kit Chan	['c-pop', 'classic mandopop', 'singaporean mandopop', 'singaporean pop', 'xinyao']	[2017, 2018]	6	0
3bnBRciC7Gz8urBu9gEQAw	Katncandix2	['mandopop', 'taiwan pop']	[2017, 2018, 2021]	6	0
1Qneon4tYZ7srVOU91bTsO	Steve Chou	['classic mandopop', 'mandopop']	[2017, 2018]	6	0
650ZvsETuttSbMAgAodNTv	吴亦凡	[]	[2018]	6	0
5vBSrE1xujD2FXYRarbAXc	Years & Years	['gauze pop', 'pop', 'uk pop']	[2018]	6	1
5F1aoppMtU3OMiltO8ymJ2	Hugh Jackman	['hollywood', 'show tunes']	[2017, 2018]	6	6
4Kxlr1PRlDKEB0ekOCyHgX	BIGBANG	['k-pop', 'k-pop boy group']	[2017, 2018]	6	0
5yG7ZAZafVaAlMTeBybKAL	Iggy Azalea	['australian hip hop', 'dance pop', 'pop']	[2017, 2018]	6	4
7gP3bB2nilZXLfPHJhMdvc	Foster The People	['indietronica', 'modern alternative rock', 'modern rock', 'rock']	[2017, 2018]	6	1
2LZDXcxJWgsJfKXZv9a5eG	Cashmere Cat	['downtempo', 'electropop', 'shiver pop']	[2017, 2018]	6	6
0jNDKefhfSbLR9sFvcPLHo	San Holo	['brostep', 'edm', 'electro house', 'electronic trap', 'future bass', 'pop dance']	[2017, 2018]	6	4
3iri9nBFs9e4wN7PLIetAw	gnash	['alt z', 'pop']	[2017, 2018]	6	4
4x5ldH1RO3ezKX4ZVd3CUo	Amber Kuo	['mandopop']	[2017, 2018]	6	0
3tQx1LPXbsYjE9VwN1Peaa	Marc E. Bassy	['indie pop rap']	[2017, 2018]	6	6
5rEuIFwgGGp7t4b3t8ShJw	Dizzy Dizzo	['taiwan hip hop']	[2021]	6	5
0Sadg1vgvaPqGTOjxu0N6c	Girls' Generation	['k-pop', 'k-pop girl group']	[2017]	6	0
51Blml2LZPmy7TTiAg47vQ	U2	['irish rock', 'permanent wave', 'rock']	[2017]	6	2
4wbipbaGeTXkuF5paNuJqB	陳嫺靜	['taiwan indie', 'taiwan pop']	[2019, 2020, 2021, 2022]	5	4
76SMu2cqA4QklNxJIHlzE7	國泰世華銀行	[]	[2022]	5	0
5SIsztzgW9ErZcWRnp2hdS	Pika Chiu	['taiwan pop', 'taiwan singer-songwriter']	[2017, 2018, 2019, 2020, 2021, 2022]	5	0
790FomKkXshlbRYZFtlgla	KAROL G	['reggaeton', 'reggaeton colombiano', 'trap latino', 'urbano latino']	[2018, 2019, 2020, 2022]	5	5
4XDi67ZENZcbfKnvMnTYsI	Jay Park	['k-pop', 'k-rap', 'korean r&b']	[2017, 2018, 2019, 2021, 2022]	5	5
2DIegoHjgAlIc6HYGGbu4h	Sophie Chen	['taiwan pop', 'taiwan singer-songwriter']	[2021, 2022]	5	2
7hJBfmab67blVoqZBIAx13	鄧福如 AFÜ	['mandopop', 'taiwan singer-songwriter']	[2018, 2020, 2022]	5	0
3vt8C5pqh2fk4KaXpfSvxk	張若凡RuoFan	['mandopop', 'taiwan pop']	[2019, 2020, 2022]	5	0
2UqJqFqLbXtMZKN5QAfing	Matzka	['chinese reggae', 'mandopop', 'taiwan pop', 'taiwanese indigenous']	[2018, 2020, 2021, 2022]	5	3
5wbF4yfjaOjTSkrnucKA77	deca joins	['chinese indie', 'taiwan indie']	[2020, 2021, 2022]	5	2
0RaC2hXyniYsju0mCSNz90	艾薇	['mandopop']	[2020, 2021, 2022]	5	0
3ZlBKjbfPWDT0RUWTpWzwv	Anni Hung	['taiwan pop']	[2017, 2018, 2019, 2020, 2021, 2022]	5	1
0ebNdVaOfp6N0oZ1guIxM8	SUGA	['k-pop']	[2019, 2020, 2021, 2022]	5	5
20sxb77xiYeusSH8cVdatc	Meek Mill	['hip hop', 'philly rap', 'pop rap', 'rap', 'southern hip hop', 'trap']	[2018, 2019, 2020]	5	5
2GluLnUHh09d9sUXwpoMJu	Fang Wu	['mandopop', 'taiwan singer-songwriter']	[2018, 2019, 2021]	5	0
1ooV8YZC1KbpEcrmI8WH0F	Yebba	['pop soul']	[2017, 2018, 2019]	5	4
1kvvEkC7PQfgfqtCi9YQau	Gigi Leung	['mandopop']	[2017, 2018, 2019]	5	0
5zctI4wO9XSKS8XwcnqEHk	Lil Mosey	['melodic rap', 'rap conscient']	[2018, 2019, 2020]	5	2
2kCcBybjl3SAtIcwdWpUe3	Lil Peep	['cloud rap', 'emo rap', 'lgbtq+ hip hop']	[2018, 2019]	5	4
3GtCKJA4SkOxN65MWjm82R	Hot Shade	[]	[2017, 2018, 2019]	5	5
1EowJ1WwkMzkCkRomFhui7	RADWIMPS	['j-pop', 'j-rock', 'japanese emo', 'visual kei']	[2019]	5	2
41qil2VaGbD194gaEcmmyx	Will Smith	['hip hop', 'pop rap']	[2018, 2019]	5	2
4Ga1P7PMIsmqEZqhYZQgDo	Lil Tecca	['melodic rap', 'pluggnb', 'rap']	[2019]	5	0
1n9MS5jDsiVS3x3ArntcnW	Lin Hsin Yi	['mandopop']	[2017, 2018, 2019, 2020]	5	0
0A0FS04o6zMoto8OKPsDwY	YG	['cali rap', 'hip hop', 'pop rap', 'rap', 'southern hip hop', 'trap']	[2017, 2018, 2019]	5	5
4ryoUS0W8qXokfMxrlJt6O	Skip Marley	['modern reggae']	[2017, 2019]	5	5
2KsP6tYLJlTBvSUxnwlVWa	Mike Posner	['dance pop', 'pop', 'pop rap']	[2017, 2019]	5	2
3Y7RZ31TRPVadSFVy1o8os	H.E.R.	['r&b', 'rap']	[2017, 2018, 2019, 2021]	5	5
3HaT9rfQpizr9UDea5vYCV	187INC	['taiwan hip hop']	[2018, 2019]	5	1
2kxP07DLgs4xlWz8YHlvfh	NIKI	['indonesian r&b']	[2017, 2019, 2021]	5	3
3K2hOAx9MPhduvDf2qguro	Sandy Lam	['c-pop', 'mandopop']	[2017, 2018, 2019]	5	0
3ZZzT0naD25RhY2uZvIKkJ	EVERGLOW	['k-pop', 'k-pop girl group']	[2019, 2020, 2021]	5	0
6Xgp2XMz1fhVYe7i6yNAax	Trippie Redd	['melodic rap', 'rap', 'trap']	[2017, 2018, 2019, 2020, 2021]	5	5
7Io0XduXk7aOHFHA7sLru2	Bonn	['swedish pop']	[2018, 2019]	5	5
6ytn3LGlsoOgU3YGF9T42s	Ann Bai	['mandopop']	[2018, 2019, 2021]	5	0
5w6Yg2OtwEtizrNsLs6iFF	Shin	['mandopop', 'taiwan pop']	[2017, 2018, 2019]	5	0
6PNEi9i2MxUgRufqYr76Xt	Zhang Zhen Yue	['classic mandopop', 'mandopop', 'taiwan pop', 'taiwan singer-songwriter']	[2019, 2020, 2021]	5	4
1xs6WFotNQSXweo0GXrS0O	EXID	['k-pop', 'k-pop girl group']	[2017, 2018, 2019]	5	0
2lWShxOL8iTlI0pmtVKvEh	S.H.E	['c-pop girl group', 'mandopop', 'taiwan idol pop', 'taiwan pop']	[2018, 2019]	5	0
5he5w2lnU9x7JFhnwcekXX	Skrillex	['brostep', 'complextro', 'edm', 'electro', 'pop dance']	[2017, 2019, 2021]	5	5
4bYPcJP5jwMhSivRcqie2n	Adam Levine	['deep talent show']	[2017, 2018, 2019, 2021]	5	3
0b59cVa1STVENq3i7wkcHV	End of the World	[]	[2017, 2018, 2019]	5	4
4rTv3Ejc7hKMtmoBOK1B4T	Ali Gatie	['canadian hip hop']	[2019, 2020, 2021]	5	2
3hyEbRtp617pNCuuQjyOmc	Lost Kings	['pop dance', 'pop edm']	[2017, 2018, 2019]	5	4
6tbjWDEIzxoDsBA1FuhfPW	Madonna	['dance pop', 'pop']	[2019, 2020]	5	3
05PoS1s7QgQDp202WsZ8SP	邵雨薇	['taiwan pop']	[2018, 2019]	5	0
4LcUpNlXFEleaLlelmkv2R	Kris Kross Amsterdam	['dutch house', 'dutch pop']	[2017, 2018, 2019]	5	5
3C8yUWotyLh2Kjkood3xYN	Dadado Huang	['taiwan indie', 'taiwan pop', 'taiwan singer-songwriter']	[2017, 2018, 2019]	5	0
40LaLWRnuCBSSdpwsC42jb	馬念先	['taiwan pop']	[2017, 2019, 2021]	5	3
6OwKE9Ez6ALxpTaKcT5ayv	AKMU	['k-pop']	[2017, 2019, 2020, 2021]	5	1
6jsjhAEteAlY0vCiLvMLBA	ROZES	['alt z', 'indie poptimism']	[2017, 2018, 2019]	5	5
5JYo7gm2dkyLLlWHjxS7Dy	Sandro Cavazza	['swedish pop']	[2017, 2018, 2019, 2020]	5	5
28y6CyJNkGNjJQKrlx4AmN	HRVY	['pop']	[2018, 2019]	5	3
6v6qfXRvTRGGsmGfDvtMIK	Karencici	['chinese electropop', 'chinese r&b']	[2019, 2020, 2021]	5	3
7z2avKuuiMAT4XZJFv8Rvh	Tom Walker	['indie anthem-folk', 'uk pop']	[2017, 2018, 2019]	5	2
3ytV7vc4ZuwGgwaOuWvkk8	MINO	['k-pop']	[2017, 2018, 2019, 2020, 2021]	5	3
00TKPo9MxwZ0j4ooveIxWZ	Loote	['alt z', 'nyc pop']	[2017, 2018, 2019]	5	4
66FF9LF0uO3W1zxEN0m8uN	Ronald Cheng	['cantopop']	[2017, 2019]	5	2
06KOetaeFEz0gabCnqvCxz	Miu Chu	['mandopop']	[2017, 2018, 2019]	5	0
7H6h9MXX9ms8IV2QGLrQSp	五堅情WOLF(S) (邱鋒澤、陳零九、黃偉晉、賴晏駒、婁峻碩)	['chinese r&b', 'mandopop', 'taiwan idol pop']	[2020, 2021]	5	0
7uMh23xWiuR7zsNkuNcm2G	MNEK	['house', 'pop dance', 'uk contemporary r&b', 'uk dance', 'uk pop']	[2018, 2020]	5	3
1YmWActCNjKmuIz1TSgSRx	林凡	['mandopop']	[2018, 2020, 2021]	5	0
4N9mUjAWoNCkLN0kCxzaL5	小男孩樂團	['mandopop', 'taiwan indie', 'taiwan pop']	[2017, 2018, 2020, 2021]	5	1
2pZzvphS66rCxKBiJCrO9y	The Freshman	['singaporean mandopop']	[2017, 2018, 2020]	5	0
46OJt1hMEeXtny1BebzNMF	劉惜君	['mainland chinese pop']	[2017, 2018, 2020]	5	1
2hRQKC0gqlZGPrmUKbcchR	SHINee	['k-pop', 'k-pop boy group']	[2018, 2021]	5	0
71iI1RVOqjaZfqJYk2sEzb	肖懿航	['mainland chinese pop']	[2018]	5	0
7v9Il42LvvTeSfmf1bwfNx	Deserts Chang	['mandopop', 'taiwan indie', 'taiwan pop', 'taiwan singer-songwriter']	[2017, 2018]	5	0
2IDLDx25HU1nQMKde4n61a	Rich Brian	['indonesian hip hop']	[2017, 2018, 2021]	5	4
1gXHZj0trsTHSU9jIcKyzC	Under Lover	['chinese hip hop']	[2017, 2018]	5	0
0q4NrXqJnc367PieejuROJ	Vice	['chicano rap']	[2017, 2018]	5	5
521qvhdobR0GzhvU6TFw76	Tritonal	['edm', 'electro house', 'pop dance', 'pop edm', 'progressive electro house', 'progressive house', 'progressive trance']	[2017, 2018]	5	4
12Chz98pHFMPJEknJQMWvI	Muse	['modern rock', 'permanent wave', 'rock']	[2017, 2018]	5	0
6JQ21JTWuZpfT06VAQObFy	WONFU	['lo star', 'mandopop', 'taiwan pop', 'taiwanese indie']	[2018]	5	0
2HYZy1ndUbE1sJw9zfOaEB	呂薔Amuyi	['chinese electropop', 'taiwan pop']	[2018]	5	0
2DlGxzQSjYe5N6G9nkYghR	Jennifer Lopez	['dance pop', 'pop', 'urban contemporary']	[2017, 2018]	5	3
0jnsk9HBra6NMjO2oANoPY	Flo Rida	['dance pop', 'miami hip hop', 'pop', 'pop rap']	[2017, 2018]	5	3
5wwneIFdawNgQ7GvKK29Z3	Lucas & Steve	['dutch house', 'edm', 'electro house', 'pop dance', 'progressive electro house']	[2017, 2018]	5	3
5aO2E9iJy5nYJ0u1L58YNM	Dongye Song	['chinese indie', 'chinese minyao', 'taiwan pop']	[2017, 2018]	5	0
0SfsnGyD8FpIN4U4WCkBZ5	Armin van Buuren	['dutch house', 'dutch trance', 'edm', 'pop dance', 'progressive house', 'trance']	[2017, 2018]	5	5
2h93pZq0e7k5yf4dywlkpM	Frank Ocean	['lgbtq+ hip hop', 'neo soul']	[2017, 2018]	5	2
6d47Z08T4snK50HgTEHo5Z	Sage The Gemini	['hyphy', 'pop rap', 'southern hip hop', 'trap']	[2017, 2018]	5	3
37hd0oa4Vj5yMkbZsdQ4Xe	張三李四	['taiwan indie', 'taiwan pop', 'taiwanese indie']	[2017, 2021]	5	1
4pWDJ1CIEJGf6AzU1HIDgM	大淵 MUTA	['taiwan hip hop']	[2021]	5	3
6KCusBln9NTESgcuI0DlUz	黃小琥	['classic mandopop', 'mandopop']	[2017, 2021]	5	0
3r17AfJCCUqC9Lf0OAc73G	Fergie	['dance pop', 'pop']	[2017]	5	3
7w29UYBi0qsHi5RTcv3lmA	Björk	['art pop', 'electronica', 'experimental pop', 'experimental vocal', 'icelandic experimental', 'icelandic pop', 'icelandic singer-songwriter', 'metropopolis', 'permanent wave', 'trip hop']	[2017]	5	4
6x2LnllRG5uGarZMsD4iO8	Thomas Rhett	['contemporary country', 'country', 'country road', 'modern country rock']	[2017]	5	1
0C0XlULifJtAgn6ZNCW2eu	The Killers	['alternative rock', 'dance rock', 'modern rock', 'permanent wave', 'rock']	[2017]	5	0
3jV6Ro12GySf82kJiksE7D	Suming	['taiwan indie', 'taiwan pop', 'taiwan singer-songwriter', 'taiwanese indigenous']	[2017]	5	3
6YVMFz59CuY7ngCxTxjpxE	aespa	['k-pop', 'k-pop girl group']	[2020, 2021, 2022]	4	0
3dTgjg7lzUGiD3NwcGCK1n	阿冗	['chinese viral pop', 'mainland chinese pop']	[2020, 2021, 2022]	4	0
4AWa6pcQK9J9aSAN67cLHv	Mixer	['mandopop', 'taiwan indie', 'taiwan pop']	[2019, 2020, 2021, 2022]	4	2
0bAsR2unSRpn6BQPEnNlZm	Aimer	['anime', 'anime rock', 'j-pixie', 'j-pop', 'j-poprock']	[2021, 2022]	4	1
4xlAHgZnzzPHtoKnev0gwJ	Good Band	['mandopop']	[2017, 2018, 2019, 2020, 2021, 2022]	4	1
2hcsKca6hCfFMwwdbFvenJ	BTOB	['k-pop', 'k-pop boy group']	[2017, 2018, 2022]	4	0
3sKeaby6GMSJWgYueZaSjE	Mokita	['chill pop', 'singer-songwriter pop']	[2018, 2021, 2022]	4	1
20wkVLutqVOYrc0kxFs7rA	Daniel Caesar	['canadian contemporary r&b']	[2017, 2018, 2019, 2021, 2022]	4	4
0Nu7uGMynoaIdKnfLRgxJ8	阿涵	['chinese viral pop', 'mainland chinese pop', 'mandopop']	[2019, 2020, 2021, 2022]	4	1
4ecBfM4xa6ZLDr7P8lsyTV	王ADEN	['chinese r&b']	[2022]	4	3
5AO5nzx14PfLNfVgYVd0rw	Crispy脆樂團	['taiwan indie', 'taiwan pop']	[2017, 2018, 2021, 2022]	4	0
5PeVQEj4Yr0TB9CuG83dPB	W.M.L	['chinese hip hop']	[2018, 2019, 2020, 2021, 2022]	4	4
4xu7XEr8It4loGPeZnJcqZ	Jocelyn 9.4.0	['chinese r&b']	[2021, 2022]	4	1
2LIk90788K0zvyj2JJVwkJ	Jack Harlow	['deep underground hip hop', 'kentucky hip hop', 'pop rap', 'rap']	[2020, 2021, 2022]	4	3
4ieCG6ylz8VnMkGMkiWpbd	Jin Wenqi	['chinese singer-songwriter', 'mainland chinese pop']	[2017, 2018, 2022]	4	0
73Np75Wv2tju61Eo9Zw4IR	Idina Menzel	['hollywood', 'movie tunes', 'show tunes']	[2017, 2019, 2020]	4	4
29Ukw6Kx8IyOABZFklKpaX	Supper Moment	['cantopop']	[2018, 2019]	4	0
5vGoWnZO65NBgiZYBmi3iW	KANGDANIEL	['k-pop']	[2019, 2020, 2021]	4	1
6ioOEWNNGK40H8xrGj6XPW	XYLØ	['alt z', 'indie poptimism', 'la pop']	[2017, 2018, 2019]	4	1
5dCvSnVduaFleCnyy98JMo	HEIZE	['k-pop', 'korean pop', 'korean r&b']	[2017, 2019]	4	2
0xRXCcSX89eobfrshSVdyu	MEDUZA	['pop dance', 'pop house', 'uk dance']	[2019, 2020, 2021]	4	4
6nS5roXSAGhTGr34W6n7Et	Disclosure	['edm', 'house', 'indietronica', 'uk dance']	[2017, 2019, 2020]	4	4
329e4yvIujISKGKz1BZZbO	Farruko	['reggaeton', 'trap latino', 'urbano latino']	[2019, 2020, 2021]	4	3
1o2NpYGqHiCq7FoiYdyd1x	Bea Miller	['alt z', 'pop', 'talent show']	[2018, 2019, 2020]	4	4
3hteYQFiMFbJY7wS0xDymP	Gesaffelstein	['dark clubbing']	[2018, 2019]	4	4
6sShbaFnqvxmlnWOJsZoI9	Maggie Fu	['cantopop', 'mandopop']	[2017, 2018, 2019, 2020]	4	0
6XXKPxRX2WWPPtfodzpc2v	KEY	['k-pop']	[2018, 2019, 2021]	4	4
4VhiuMC32Qj7pVW3e6Nlms	Chyi Chin	['c-pop', 'classic mandopop', 'taiwan campus folk']	[2017, 2019]	4	2
7bp2lSdh12wcA8LyB1srfJ	Sofia Carson	['pop']	[2018, 2019]	4	4
2FgZrgTMX6Sk0VNcOsEPmm	Punch	[]	[2017, 2018, 2019]	4	3
4jC2S13tMZQ19PBlAJTmeY	Meeia Foo	['malaysian mandopop', 'mandopop', 'taiwan pop']	[2017, 2018, 2019]	4	0
787bCXOIvGeBw0Bc4kEjhD	Luke Christopher	['indie pop rap']	[2017, 2019]	4	0
6Ad91Jof8Niiw0lGLLi3NW	YUNGBLUD	['british indie rock', 'modern rock', 'pov: indie', 'rock']	[2019]	4	4
7HkdQ0gt53LP4zmHsL0nap	Ella Mai	['r&b', 'rap', 'uk contemporary r&b']	[2018, 2019]	4	1
4YLtscXsxbVgi031ovDDdh	Chris Stapleton	['contemporary country', 'outlaw country']	[2018, 2019]	4	4
3KedxarmBCyFBevnqQHy3P	Jessie Reyez	['canadian contemporary r&b', 'canadian pop']	[2017, 2018, 2019]	4	4
3LWW3ckEsnRJAzt4dEkyWm	Luantan Ascent	['taiwan pop']	[2017, 2019]	4	1
0GM7qgcRCORpGnfcN2tCiB	Tainy	['pop reggaeton', 'reggaeton', 'trap latino', 'urbano latino']	[2019, 2020, 2021]	4	4
3KwmxIhSe9UTSEF37kwngR	SHAED	['electropop']	[2018, 2019, 2020]	4	3
60rpJ9SgigSd16DOAG7GSa	Billy Ray Cyrus	['country rock']	[2019]	4	4
2oX42qP5ineK3hrhBECLmj	Andy Grammer	['neo mellow', 'post-teen pop']	[2017, 2019]	4	1
0tzSBCPJZmHTdOA3ZV2mN3	CL	['k-pop']	[2019, 2021]	4	1
78jxyYvMuOpbEmC3gvj0H4	BCW	['taiwan hip hop']	[2017, 2018, 2019]	4	3
0haZhu4fFKt0Ag94kZDiz2	Sofía Reyes	['latin pop', 'latin viral pop', 'mexican pop', 'reggaeton']	[2018, 2019]	4	4
4RSyJzf7ef6Iu2rnLdabNq	Willy William	[]	[2017, 2018, 2019]	4	4
5LMhxSaCGkm8ZuY0cRb19O	黃奕儒Ezu	['taiwan pop', 'taiwan singer-songwriter']	[2018, 2019]	4	3
4IVAbR2w4JJNJDDRFP3E83	6LACK	['atl hip hop', 'melodic rap', 'r&b', 'rap', 'trap']	[2018, 2019, 2021]	4	4
5Y8eJDj37KhaEeqbVO7Ag1	PRETTYMUCH	['boy band', 'pop']	[2017, 2018, 2019]	4	1
3tVQdUvClmAT7URs9V3rsp	Wizkid	['afrobeats', 'afropop', 'azonto', 'azontobeats', 'nigerian hip hop', 'nigerian pop']	[2017, 2018, 2019, 2021]	4	4
1mfzcypCggFwpCJ1gmi8BK	Gary Chaw	['malaysian mandopop', 'mandopop']	[2017, 2018, 2019]	4	1
1CoZyIx7UvdxT5c8UkMzHd	Jorja Smith	['r&b', 'uk contemporary r&b']	[2017, 2018, 2019]	4	2
45YS6WTdex4FqRvjWHhDho	同恩	['mandopop', 'taiwan pop']	[2017, 2018, 2019]	4	0
70kkdajctXSbqSMJbQO424	Kacey Musgraves	['classic texas country', 'contemporary country', 'country dawn']	[2018, 2019, 2020]	4	1
6kXm2YCtdUOpRYNKeKhfue	Ryan Gosling	['hollywood']	[2017, 2019]	4	3
6AgTAQt8XS6jRWi4sX7w49	Polo G	['chicago rap', 'rap']	[2019, 2021]	4	3
6eYFryfcEu3QSq59D62wZQ	Brendon Urie	[]	[2018, 2019, 2020]	4	4
3df3XLKuqTQ6iOSmi0K3Wp	Faye Wong	['c-pop']	[2017, 2018, 2019]	4	3
550OPGAeMz9GF9mkZRL6d3	Dawen Wang	['mandopop', 'taiwan pop']	[2018, 2019]	4	0
2NdeV5rLm47xAvogXrYhJX	Ciara	['dance pop', 'hip pop', 'pop', 'r&b', 'urban contemporary']	[2018, 2019]	4	1
6sFIWsNpZYqfjUpaCgueju	Carly Rae Jepsen	['canadian pop', 'dance pop', 'pop']	[2017, 2018, 2019]	4	1
3NPpFNZtSTHheNBaWC82rB	X Ambassadors	['modern alternative rock', 'modern rock', 'stomp pop']	[2017, 2018, 2019]	4	2
7f5Zgnp2spUuuzKplmRkt7	Lost Frequencies	['belgian edm', 'edm', 'pop dance', 'tropical house']	[2017, 2018, 2019]	4	4
1qma7XhwZotCAucL7NHVLY	Mr.Children	['classic j-pop', 'j-pop', 'j-rock']	[2018, 2019]	4	0
4fbvNLpGvqBWKt7pVGzdV8	Shirley Chen	['mainland chinese pop']	[2019, 2020, 2021]	4	0
21WS9wngs9AqFckK7yYJPM	PnB Rock	['melodic rap', 'rap', 'trap']	[2017, 2019]	4	4
5BHFSMEjfLVx1JwRWjAOsE	SuperM	['k-pop']	[2019, 2020]	4	0
4SXx5pMoj7uGi1WPcZhvXA	大支	['taiwan hip hop']	[2017, 2018, 2019, 2020, 2021]	4	3
5IcR3N7QB1j6KBL8eImZ8m	ScHoolboy Q	['gangster rap', 'hip hop', 'pop rap', 'rap', 'southern hip hop', 'trap']	[2017, 2018, 2019]	4	4
5RR0MLwcjc87wjSw2JYdwx	MOMOLAND	['k-pop', 'k-pop girl group']	[2018, 2019]	4	0
1km0aro5NJuoX5dE0Mub5C	Joanna Wang	['chinese audiophile', 'chinese jazz', 'mandopop', 'taiwan singer-songwriter']	[2018, 2019, 2020]	4	0
0blbVefuxOGltDBa00dspv	LiSA	['anime', 'anime rock', 'j-pixie', 'j-pop']	[2019, 2020, 2021]	4	0
1z3k20gEtPm6SKPGPvokDg	Kelly Cheng	['taiwan pop', 'taiwan singer-songwriter']	[2019, 2020, 2021]	4	1
4EefQ1H6Qg9W5Gv7eVLC9U	Jordan Chan	['cantopop', 'mandopop']	[2017, 2018, 2019]	4	0
6741jcSlgsv0M3B4ruIPS5	EXO-SC	['k-pop', 'k-pop boy group']	[2019, 2020]	4	3
3PI2UCRk6X5prLnFr05QQK	Li Yugang	['mainland chinese pop', 'mandopop']	[2017, 2018, 2019]	4	1
1V3VTM7VspiQjcmRhC010n	Quintino	['dutch edm', 'dutch house', 'edm', 'electro house', 'pop dance', 'progressive electro house', 'slap house']	[2017, 2019]	4	3
68TCVp5t1Dxi2TvNuYoYK0	OHHYUK	['korean pop']	[2017, 2020, 2021]	4	4
5rGrDvrLOV2VV8SCFVGWlj	Imanbek	['electro house', 'pop dance', 'slap house']	[2020, 2021]	4	4
1OB278sOZVSFx5vXqYha83	J. Rey Soul	[]	[2020]	4	4
6fWVd57NKTalqvmjRd2t8Z	24kGoldn	['cali rap']	[2020, 2021]	4	4
57okaLdCtv3nVBSn5otJkp	HYUKOH	['korean indie folk', 'korean r&b']	[2017, 2018, 2020]	4	1
4Gso3d4CscCijv0lmajZWs	Don Toliver	['rap', 'trap']	[2020, 2021]	4	3
6ASri4ePR7RlsvIQgWPJpS	iann dior	['melodic rap']	[2020, 2021]	4	4
699OTQXzgjhIYAHMy9RyPD	Playboi Carti	['atl hip hop', 'plugg', 'pluggnb', 'rage rap', 'rap']	[2017, 2020, 2021]	4	3
57W9ikVc6O2wLDtmclSjvN	Simon Dominic	['k-pop', 'k-rap', 'korean r&b']	[2017, 2020, 2021]	4	3
6bwp9ObI8FWvMPCIWVBmhl	Red Velvet - IRENE & SEULGI	['k-pop']	[2020]	4	0
6dFAfLOS24nVuzvap8tnN0	林生祥	['hakkapop', 'taiwan indie', 'taiwan singer-songwriter', 'taiwanese indigenous']	[2017, 2018, 2020]	4	1
7n6JzP9GxGVVzXG0t0gLu3	Zhang Bichen	['mainland chinese pop', 'mandopop']	[2017, 2020, 2021]	4	1
3PWY4Z5OjA9aABPh5ipDk8	張語噥	['taiwan pop']	[2020, 2021]	4	2
4o7tWrzQOqarDtTMWD2HV9	LAY	['chinese electropop', 'chinese idol pop', 'k-pop']	[2018, 2020]	4	1
4XpUIb8uuNlIWVKmgKZXC0	ZICO	['k-pop', 'korean r&b']	[2018, 2020, 2021]	4	3
1HqyRvEnqddArUHn00V1db	張傑	['taiwan pop']	[2017, 2020]	4	0
4RVnAU35WRWra6OZ3CbbMA	Kylie Minogue	['australian dance', 'australian pop', 'dance pop', 'eurodance', 'new wave pop']	[2017, 2018, 2020, 2021]	4	1
3Xt3RrJMFv5SZkCfUE8C1J	Kim Petras	['alt z', 'pop', 'transpop']	[2017, 2018, 2020]	4	3
2cCUtGK9sDU2EoElnk0GNB	The National	['chamber pop', 'indie folk', 'indie rock', 'indietronica', 'modern rock', 'stomp and holler']	[2017, 2020]	4	1
4fwuXg6XQHfdlOdmw36OHa	Paloma Faith	['british soul', 'talent show']	[2017, 2018, 2020]	4	2
3EfnKIG9827OXkcQQT7HEI	SUPER JUNIOR-D&E	['k-pop', 'k-pop boy group']	[2017, 2018, 2020]	4	0
1PbBg2aYjWLKRk84zJK15x	Echosmith	['electropop', 'indie poptimism', 'viral pop']	[2017, 2018]	4	0
3YZU8HQWGJEAlNIhTK6UKT	陶晶瑩	['classic mandopop', 'mandopop', 'taiwan pop']	[2017, 2018]	4	0
4CrDEHL7ysNabeYvL3xjUX	Skytech	['big room']	[2018]	4	4
76yeOnINtQSXyoEHbkYmtY	Drew Love	[]	[2018]	4	4
2ExGrw6XpbtUAJHTLtUXUD	Stefflon Don	['dancehall', 'dancehall queen', 'uk dancehall', 'uk hip hop']	[2017, 2018]	4	4
64k5e9kV9MdukXjFrR5R37	Jessi	['k-pop']	[2018, 2021]	4	1
1vo8zHmO1KzkuU9Xxh6J7W	MOTi	['dutch house', 'edm', 'electro house', 'pop dance', 'progressive electro house', 'progressive house']	[2018]	4	4
20j1uz7iDOtIvIzCr5S8nx	SEUNGRI	['k-pop']	[2018]	4	3
1SupJlEpv7RS2tPNRaHViT	Nicky Jam	['latin hip hop', 'reggaeton', 'trap latino', 'urbano latino']	[2018]	4	4
3JXpwnHbLvXxY99EuXqFPX	Poo Bear	['pop r&b']	[2017, 2018]	4	4
4nJSlwFDAtGvoNW8cmvacD	Hsiao Hung-Jen	['mandopop', 'taiwan pop']	[2017, 2018]	4	0
26AHtbjWKiwYzsoGoUZq53	Pentatonix	['a cappella', 'viral pop']	[2017, 2018]	4	0
6hplUv2g0ESNAP5riPM7Ti	陳嘉唯	['chinese hip hop', 'taiwan pop']	[2017, 2018]	4	2
3fMbdgg4jU18AjLCKBhRSm	Michael Jackson	['r&b', 'soul']	[2017, 2018]	4	2
2X97ZAqRKRMYFIDqtvGgGc	Silk City	['edm']	[2018, 2021]	4	4
5XenQ7XfcvQdfIbpLEFaKQ	GoldLink	['alternative r&b']	[2017, 2018]	4	4
27WDr8Ky1j0LtgY82Ttk5S	Ivana Wong	['cantopop', 'chinese audiophile']	[2017, 2018]	4	1
35ig3ZjuqVyGeovLsj4xNm	那英	['classic mandopop', 'mainland chinese pop', 'mandopop']	[2018]	4	0
66TrUkUZ3RM29dqeDQRgyA	Ella Eyre	['dance pop', 'talent show', 'uk dance', 'uk pop']	[2017, 2018]	4	4
5QpiOYuxf2oqst8hILxnHM	Daniel Chan	['cantopop', 'classic cantopop', 'classic mandopop', 'mandopop']	[2017, 2018]	4	0
2OC4lXfGEKZkbmRCcf2vTq	Wanting	['mandopop']	[2017, 2018, 2021]	4	3
6DWn9cu2UVLQ61pjyBHjuL	許慧欣	['mandopop']	[2017, 2018]	4	0
0CEK8AzyeD5ZUdUloB6yQV	CADE	['pop edm']	[2017, 2018]	4	3
2JyWXPbkqI5ZJa3gwqVa0c	Craig David	['british soul']	[2017, 2018]	4	2
5wPoxI5si3eJsYYwyXV4Wi	N.E.R.D	['hip hop', 'virginia hip hop']	[2017, 2018]	4	4
63nv0hWWDob56Rk8GlNpN8	The Greatest Showman Ensemble	['movie tunes']	[2017, 2018]	4	4
3zrUX1hQrUB9aXcOiyQLmN	Stanaj	[]	[2017, 2018]	4	3
0uGk2czvcpWQA383Im6ajf	Maggie Lindemann	['alt z', 'dark pop', 'pop']	[2017, 2018]	4	3
3b4kLCI0ZJW47TFsNRqgCb	SOYOU	['k-pop']	[2017, 2018, 2021]	4	3
6s22t5Y3prQHyaHWUN1R1C	AJR	['pov: indie']	[2017, 2018]	4	1
1Qx9W9TY2vPox7BS9urTlK	Lulu Huang Lu Zi Yin	['mandopop', 'taiwan pop']	[2017, 2018]	4	1
1qskAseW7apRxJBpYAO9Yk	Felix Snow	[]	[2017, 2018]	4	3
02A3cEvlLLCbIMVDrK2GHV	Starley	['aussietronica']	[2017, 2018]	4	3
5v5S1It3qh2HHacQj24HO2	林宇中	['malaysian mandopop', 'mandopop']	[2017, 2018]	4	0
5exS0bytCYdixgv02DaCm3	William Singe	[]	[2017, 2018]	4	4
5ecXGNDkVKndKd0lvODR89	Daniel Lo	['classic mandopop']	[2017, 2018]	4	0
7qJmFr579WC8MMGj4PiWdu	Jane Zhang	['mainland chinese pop']	[2018, 2021]	4	3
3vbKDsSS70ZX9D2OcvbZmS	Beck	['alternative rock', 'anti-folk', 'permanent wave', 'rock']	[2017, 2018]	4	0
36a3BbcVBJMiBGeHzpAxHb	Michael Kaneko	['japanese r&b']	[2017, 2018]	4	3
4BxCuXFJrSWGi1KHcVqaU4	Kodaline	['irish pop', 'modern rock']	[2017, 2018]	4	0
10exVja0key0uqUkk6LJRT	Vance Joy	['folk-pop', 'modern rock']	[2017, 2018, 2021]	4	1
0NIIxcxNHmOoyBx03SfTCD	Tinashe	['alternative r&b', 'dance pop', 'metropopolis', 'pop', 'r&b', 'urban contemporary']	[2017, 2018]	4	2
7jy3rLJdDQY21OgRLCZ9sD	Foo Fighters	['alternative metal', 'alternative rock', 'modern rock', 'permanent wave', 'post-grunge', 'rock']	[2017, 2018]	4	0
3T0fMfxYBU3q9oAUAdPIsr	HIGHLIGHT	['k-pop', 'k-pop boy group']	[2017, 2018, 2021]	4	0
1TOyuUHtQJLEmkDQTJL42I	JS	['taiwan pop']	[2017, 2018]	4	0
3UwlejyX2b458azZ7eCnHb	HyunA	['k-pop']	[2017, 2021]	4	0
0zXp1zis13q1a2uCJgN9nq	ALEX CHOU	['chinese r&b']	[2017, 2021]	4	0
5CqbTtX7bCx1A5wn5xMWvh	GJ	['chinese r&b', 'taiwan pop']	[2021]	4	1
3mtw7Fkg8wdXJdub6ZIkJb	PANTHEPACK	['chinese melodic rap']	[2021]	4	0
1mcTU81TzQhprhouKaTkpq	Rauw Alejandro	['puerto rican pop', 'reggaeton', 'trap latino', 'urbano latino']	[2021]	4	2
3GBPw9NK25X1Wt2OUvOwY3	Jack Johnson	['neo mellow']	[2017]	4	0
6llw8XIxsVzsgC0IJorLLo	Nico & Kim	['taiwan pop']	[2017]	4	1
50JJSqHUf2RQ9xsHs0KMHg	Jon Bellion	['indie pop rap']	[2017]	4	3
33JQK4UoS2aMPYBfdB5Ftt	Ryan Riback	['melbourne bounce']	[2017]	4	4
3J0BpFVUc9LeOIVeN5uNhU	Lauren Jauregui	['r&b']	[2017]	4	4
3kjuyTCjPG1WMFCiyc5IuB	Arcade Fire	['alternative rock', 'baroque pop', 'canadian indie', 'chamber pop', 'indie rock', 'indietronica', 'modern rock', 'permanent wave', 'quebec indie', 'rock']	[2017]	4	0
4SQdUpG4f7UbkJG3cJ2Iyj	Arca	['ai', 'art pop', 'deconstructed club', 'escape room', 'experimental pop', 'fluxwork']	[2017]	4	4
1xU878Z1QtBldR7ru9owdU	Phoenix	['alternative dance', 'indie rock', 'modern rock', 'new rave', 'rock independant francais']	[2017]	4	0
5M0lbkGluOPXLeFjApw8r8	DRAM	['pop rap', 'trap', 'underground hip hop', 'viral trap', 'virginia hip hop']	[2017]	4	4
04abdnqPQe2N4fjztDea6z	Austin Mahone	['pop', 'post-teen pop']	[2017]	4	3
35CFI6iSFTyM0scQKBu8eE	Kim Kyung Hee	['korean ost']	[2017, 2022]	3	0
4GxWcui9BlMJH9VOOK5wav	Higuchi Ai	['japanese alternative pop']	[2022]	3	0
7Ec6c9lhFbsTfuwmIkhZa9	守夜人	['taiwan indie', 'taiwan pop']	[2020, 2021, 2022]	3	0
6UbmqUEgjLA6jAcXwbM1Z9	BIBI	['k-pop', 'korean r&b']	[2021, 2022]	3	2
5L1lO4eRHmJ7a0Q6csE5cT	LISA	['k-pop']	[2021, 2022]	3	1
6wxfx1yhyqjCPYwwxJktR2	King Gnu	['j-pop', 'j-rock']	[2022]	3	0
4BBN286rBKyCWsSPq2cxYO	Sam Kim	['k-pop', 'korean r&b']	[2017, 2021, 2022]	3	0
26OkmynS2y6LiuUWz3yeqT	LINION	['chinese r&b', 'mandopop', 'taiwan pop', 'taiwan singer-songwriter']	[2020, 2021, 2022]	3	1
2yN7qnZbV8krGJEB16nUOe	莫宰羊	['taiwan hip hop']	[2020, 2021, 2022]	3	2
5dneY5jm0VI7GBg0pqXTrL	小玄子	[]	[2021, 2022]	3	0
58oPVy7oihAEXE0Ott6JOf	Eve	['anime', 'anime rock']	[2020, 2021, 2022]	3	0
5t5FqBwTcgKTaWmfEbwQY9	ENHYPEN	['anime', 'k-pop boy group']	[2021, 2022]	3	0
6U3ybJ9UHNKEdsH7ktGBZ7	JID	['hip hop', 'rap', 'underground hip hop']	[2019, 2021, 2022]	3	3
0zFBdI3ErhNDcIPAKiGoL0	蔡恩雨 Priscilla Abby	['malaysian mandopop']	[2017, 2018, 2021, 2022]	3	1
3QJUFtGBGL05vo0kCJZsmT	salem ilese	['alt z', 'modern indie pop']	[2020, 2021, 2022]	3	2
5WdyavkKCvFR3g9BFkjDwk	小春Kenzy	['taiwan hip hop']	[2020, 2021, 2022]	3	3
2KZp9cq9DQ9unz17ohWTlL	KIRE	['chinese r&b']	[2021, 2022]	3	2
0xftsXB7VnOwibMhupkamE	司南	['chinese viral pop', 'zhongguo feng']	[2021, 2022]	3	0
0GVoNfTDWNN9TUXc4mx1FX	卓義峯	['taiwan pop']	[2019, 2020, 2021, 2022]	3	0
31o2LJ3ZpFgb4WMZzC1gOR	Queen Wei	['mandopop']	[2017, 2019, 2021, 2022]	3	1
7rXM91kSsqGzvYANukdQJD	單依純	[]	[2021, 2022]	3	1
6VI0p0xTjBKKxQN8i8vGpD	Zooey Wonder	['chinese electropop', 'chinese indie', 'taiwan indie', 'taiwan pop']	[2018, 2020, 2022]	3	2
52WyK89jMCAFcNVLKjREFM	Ben Wu	['chinese electropop', 'taiwan pop']	[2018, 2021, 2022]	3	1
1M9G5HbEeGkueCTaHNsGUN	Morrison 馬仕釗	[]	[2018, 2019, 2020, 2021]	3	1
17A2Gl9tJVquOhJWhpFJLW	Rae Xie	['chinese minyao']	[2018, 2019]	3	0
2nm38smINjms1LtczR0Cei	Goodboys	['pop dance', 'uk dance']	[2019, 2020]	3	3
3oSJ7TBVCWMDMiYjXNiCKE	Kane Brown	['black americana', 'contemporary country', 'country', 'country road']	[2018, 2019, 2020]	3	3
38EmEgXkgK51MT2tPY0EoC	Bobby Helms	[]	[2017, 2018, 2019, 2020, 2021]	3	0
5Uru7pLzT6nfOmJfTyZsAu	屁孩 Ryan	['taiwan hip hop']	[2019, 2020]	3	2
0HhDpqSgbrM6Nf6x596xYl	阿沁	[]	[2018, 2019]	3	0
2TXF68WgfTZlipUvLBsQre	Jonathan Lee	['classic mandopop', 'mandopop', 'taiwan singer-songwriter']	[2018, 2019]	3	0
6Xg22wJOAcnvPUfk5WvODH	JEON SOYEON	['k-pop']	[2018, 2019]	3	3
0iEtIxbK0KxaSlF7G42ZOp	Metro Boomin	['rap']	[2017, 2018, 2019]	3	3
448XOK57P1RpvGyLuMUwep	采子	['chinese r&b', 'taiwan pop']	[2019, 2020]	3	3
2CQZr2RPZmrcvDnaod1ldC	D.O.	['k-pop']	[2019, 2021]	3	1
2QMCcKIPHnjQaPPgoEst88	Matisse & Sadko	['dutch house', 'edm', 'electro house', 'pop dance', 'progressive electro house', 'progressive house', 'russian edm', 'sky room']	[2017, 2019, 2020]	3	3
6oBm8HB0yfrIc9IHbxs6in	Lykke Li	['art pop', 'electropop', 'indietronica', 'neo-synthpop', 'swedish electropop', 'swedish indie pop', 'swedish pop']	[2018, 2019]	3	2
1eMmoIprPDWeFdB1FxU6ZV	Au/Ra	['alt z', 'deep pop edm']	[2018, 2019]	3	3
2frQ74368SuSVnXGJCCgqU	殷悅	['taiwan pop']	[2017, 2018, 2019]	3	0
4STHEaNw4mPZ2tzheohgXB	Paul McCartney	['beatlesque', 'classic rock', 'rock']	[2018, 2019, 2020, 2021]	3	0
0UEP2XBR9aC5NBKcAKnBIq	CHEN	['k-pop']	[2017, 2019]	3	1
5UjifI1TYefXWn9GdqDOHl	Social House	[]	[2018, 2019]	3	3
0EeQBlQJFiAfJeVN2vT9s0	Nipsey Hussle	['conscious hip hop', 'gangster rap', 'hip hop', 'pop rap', 'rap', 'southern hip hop', 'trap']	[2019]	3	3
6aZyMrc4doVtZyKNilOmwu	Colbie Caillat	['dance pop', 'neo mellow', 'pop']	[2017, 2018, 2019]	3	1
6INLZbPHXGj6ERrjFGPYD6	Di Ma	['chinese indie', 'chinese minyao', 'chinese singer-songwriter', 'taiwan pop']	[2017, 2018, 2019, 2020]	3	3
0JvihWUI0PyC4sEJGVwrAg	Da Zhuang	['chinese viral pop', 'mainland chinese pop']	[2019]	3	0
5XHBjJm3bCgQCjpnInCxfT	卓文萱	['mandopop']	[2019, 2020]	3	1
5R3Hr2cnCCjt220Jmt2xLf	Dillon Francis	['brostep', 'edm', 'electro house', 'moombahton', 'pop dance', 'progressive electro house', 'slap house']	[2018, 2019]	3	3
6SsTlCsuCYleNza6xGwynu	Agnes	['swedish electropop', 'swedish idol pop', 'swedish pop']	[2019]	3	3
1bj5GrcLom5gZFF5t949Xl	Martin Solveig	['disco house', 'edm', 'electro house', 'filter house', 'house', 'pop dance', 'vocal house']	[2017, 2019]	3	3
0B3N0ZINFWvizfa8bKiz4v	James TW	['british singer-songwriter']	[2018, 2019]	3	0
43aTla1ZVfTG1AUNhhbqsv	繆以欣	['taiwan singer-songwriter']	[2017, 2018, 2019]	3	0
1pPmIToKXyGdsCF6LmqLmI	Rich The Kid	['atl hip hop', 'melodic rap', 'plugg', 'rap', 'trap']	[2018, 2019]	3	1
2R21vXR83lH98kGeO99Y66	Anuel AA	['reggaeton', 'reggaeton flow', 'trap boricua', 'trap latino', 'urbano latino']	[2018, 2019]	3	3
1tqhsYv8yBBdwANFNzHtcr	Lil Dicky	['comedy rap', 'indie pop rap', 'pop rap']	[2018, 2019, 2020]	3	2
6ecCKgLAz7k8XXStl7QIet	深白色2人組	['taiwan pop']	[2017, 2018, 2019]	3	0
38CvLGTsjtoloDgv3OKQp8	Robinson	['alt z', 'nz pop']	[2018, 2019]	3	1
57LYzLEk2LcFghVwuWbcuS	Summer Walker	['r&b']	[2019, 2021]	3	3
72nLe76yBFSlP6VBzME358	SHAUN	['k-pop']	[2018, 2019, 2020, 2021]	3	1
4mpD7eRd38R1tUcheDWrxQ	劉瑞琦	['mainland chinese pop']	[2017, 2018, 2019]	3	0
3ioHf138TiMxYRCWmC8yJX	CoCo Lee	['mandopop', 'taiwan pop']	[2017, 2018, 2019]	3	1
6x54KUi323MNLZ0gbGL8UW	宋楚琳	['taiwan pop', 'taiwan singer-songwriter']	[2018, 2019]	3	1
4gOc8TsQed9eqnqJct2c5v	K/DA	['k-pop girl group']	[2018, 2019, 2020]	3	3
6TXM1kV4L8DsDAkAfbOPYk	Ally Brooke	['post-teen pop']	[2019, 2020]	3	2
0SueX3F8oyrlVY4i8JB6Lb	Ruth Kueo	['singaporean mandopop']	[2019, 2020, 2021]	3	0
0H39MdGGX6dbnnQPt6NQkZ	SAINt JHN	['melodic rap', 'slap house']	[2019, 2020]	3	3
3Njp7uhQShnPMdKarS6Vsu	Tangerine Wong	['malaysian mandopop', 'mandopop']	[2017, 2018, 2019]	3	1
6dn6x1XOng3LOAnfTjUn77	AJ Mitchell	['alt z', 'pop']	[2018, 2019]	3	1
4wFuWGEWjHjTmZOtBp8cnW	Tifa Chen	['mainland chinese pop']	[2018, 2019, 2021]	3	1
4gvkdged3Xw3ImXFm3jiay	Juliander	['swedish pop']	[2017, 2018, 2019]	3	3
6qzfo7jiO4OrhxrvPFPlWX	Rene Liu	['mandopop', 'taiwan singer-songwriter']	[2017, 2019, 2021]	3	0
6jGMq4yGs7aQzuGsMgVgZR	Lil Tjay	['brooklyn drill', 'melodic rap', 'nyc rap', 'rap']	[2019, 2021]	3	3
7uaIm6Pw7xplS8Dy06V6pT	Trevor Daniel	['melodic rap']	[2019, 2020]	3	1
2HkAI0YrEcgoR8QdaURqhO	Dimitri Vegas	['belgian edm']	[2017, 2018, 2019]	3	3
729dP9xMzcc7pmcBmPtZWC	eason and the duo band	['cantopop']	[2018, 2019]	3	3
7ruJU7jtsDqbgA23BL3VFQ	Peggy Hsu	['mandopop', 'taiwan pop', 'taiwan singer-songwriter']	[2017, 2018, 2019]	3	0
3TJJleBc519oLve6D4bgqQ	路嘉欣	['mandopop', 'taiwan pop']	[2019]	3	0
34v5MVKeQnIo0CWYMbbrPf	John Newman	['dance pop']	[2017, 2019]	3	2
6cK3NBO6uP7hh0oyuVELFl	Saweetie	['cali rap', 'trap queen']	[2019, 2021]	3	3
22JbAaWA5Abf5esf6N4PHY	Nana Ou-Yang	['taiwan classical performance']	[2018, 2019, 2020]	3	2
2RDOrhPqAM4jzTRCEb19qX	Sheck Wes	['pop rap', 'rap', 'trap']	[2018, 2019]	3	1
5yJoQpFGFAG9gGq5ncIZWe	陳珮茹	['taiwan singer-songwriter']	[2018, 2019]	3	0
67MNhiAICFY6Pwc2YxCO0K	Elley Duhé	['alt z']	[2018, 2019]	3	2
4poL7YCSkG7kMnWjAdDU91	Era Istrefi	['albanian hip hop', 'albanian pop', 'kosovan pop']	[2018, 2019]	3	3
6iUs0Aijnu60VAAf8Aj2YM	YELLOW黃宣	['chinese r&b', 'taiwan indie', 'taiwan pop']	[2019, 2020, 2021]	3	1
2LGU3PxihjIK5SUeCVcdFl	ISÁK	['sami']	[2018, 2019, 2021]	3	3
76VXzM3ZwArGLOJhqWUDP4	Shio	['malaysian mandopop']	[2017, 2018, 2019]	3	0
5KPJMJR9PCfMWSfco8i4W4	Alex Aiono	['teen pop']	[2017, 2019]	3	2
7ltDVBr6mKbRvohxheJ9h1	ROSALÍA	['pop', 'r&b en espanol']	[2019, 2020, 2021]	3	3
4mHAu7NX2UNsnGXjviBD9e	Brooks	['dutch house', 'edm', 'electro house', 'future house', 'pop dance', 'pop edm', 'progressive electro house']	[2018, 2019]	3	3
4yiQZ8tQPux8cPriYMWUFP	Gwen Stefani	['dance pop', 'pop']	[2017, 2018, 2019, 2021]	3	2
54X296HPEBGKumudEbWLRd	Jocelyn Chan	['hong kong indie']	[2017, 2019, 2020]	3	2
6AcLxs14V2VO3gr1peXGrA	李玉璽	['mandopop', 'taiwan pop']	[2019, 2021]	3	3
5lKZWd6HiSCLfnDGrq9RAm	Leona Lewis	['british soul', 'dance pop', 'pop', 'talent show']	[2017, 2018, 2019]	3	2
7oMkAwPOEfk2ETm9HX9Ruo	羅文裕	['hakkapop', 'taiwan singer-songwriter']	[2017, 2019]	3	0
1HUW0M5URzPg6PrNZSzHXq	A-Sun	['taiwan singer-songwriter']	[2018, 2019]	3	0
5TnQc2N1iKlFjYD7CPGvFc	DAY6	['k-pop', 'k-pop boy group']	[2018, 2020, 2021]	3	0
1LfGS4Ko1gqgvZ8f1hAG7D	黃偉晉	['chinese r&b']	[2020]	3	3
3VrQh6QZDpQxT4FjeSC6pK	Bo Wen	[]	[2018, 2020]	3	0
0NzcQo5gooNhYRtnx4YTQ7	江靜 Jiang Jing	[]	[2020]	3	3
6MPCFvOQv5cIGfw3jODMF0	Internet Money	['pop rap']	[2020, 2021]	3	3
7rkW85dBwwrJtlHRDkJDAC	NAV	['canadian hip hop', 'canadian trap', 'melodic rap', 'rap', 'toronto rap', 'trap']	[2020, 2021]	3	3
3paGCCtX1Xr4Gx53mSeZuQ	NCT U	['k-pop', 'k-pop boy group']	[2020, 2021]	3	0
5zawO99pOdAzrwyJSSu5qE	鄭興	['mandopop', 'taiwan pop', 'taiwan singer-songwriter']	[2018, 2020]	3	0
56mfhUDKa1vec6rSLZV5Eg	Jawsh 685	['nz pop']	[2020]	3	3
5xRZqaqEy9SX8GrmtXoSGT	G22	['taiwan hip hop']	[2020, 2021]	3	2
1XLWox9w1Yvbodui0SRhUQ	StaySolidRocky	['melodic rap']	[2020]	3	2
2u7CP5T30c8ctenzXgEV1W	pH-1	['k-rap', 'korean r&b']	[2020, 2021]	3	3
7sxOGIcUrfCGeTe79YYutH	李佳歡	['malaysian mandopop', 'mandopop', 'taiwan pop', 'taiwan singer-songwriter']	[2020, 2021]	3	1
2pYLo2RugZpdhYRub5nKcV	Phil Lam	['cantopop']	[2017, 2020]	3	1
4DAcJXcjX0zlQAZAPAx4Zb	Ben&Ben	['opm']	[2020, 2021]	3	2
0xVahyOCatwKqHyKLfeXwN	Derrick Hoh	['mandopop', 'singaporean mandopop']	[2017, 2018, 2020]	3	1
0daugAjUgbJSqdlyYNwIbT	Vicetone	['edm', 'electro house', 'pop dance', 'progressive electro house']	[2017, 2018, 2020]	3	1
2019zR22qK2RBvCqtudBaI	OH MY GIRL	['k-pop', 'k-pop girl group']	[2018, 2020, 2021]	3	0
0MU0Hxwaz1daT4FVqx3Smz	CHO JUNG SEOK	['korean ost']	[2020, 2021]	3	0
77OTgmAxSb4RXkL2SyWF73	廖文強	['taiwan indie', 'taiwan pop']	[2017, 2020]	3	1
3LyN3dzJjv35T1XcDysnZG	Alan Kuo	['mandopop', 'taiwan pop']	[2017, 2020, 2021]	3	3
1Do4bSzfUl0KWL9r1fITu0	Yoon Mirae	['k-pop', 'korean ost', 'korean pop', 'korean r&b']	[2020, 2021]	3	1
5KEG7G8LDYlHgFDqZyEEs2	Chris Rea	['soft rock', 'sophisti-pop']	[2017, 2018, 2020, 2021]	3	0
2lbUjuMzHkT4qIECvk2f3L	Kris Wu	['chinese hip hop', 'chinese idol pop']	[2017, 2020]	3	2
6VOX2zlsFiZDHICYEy3oRD	陳思函	['taiwan singer-songwriter']	[2017, 2018]	3	0
6t1gpxYbY8OlLA7D2RiikQ	Loud Luxury	['edm', 'pop dance']	[2017, 2018]	3	3
6TQj5BFPooTa08A7pk8AQ1	Kaskade	['edm', 'electro house', 'pop dance', 'progressive electro house', 'progressive house', 'vocal house']	[2017, 2018]	3	3
1YfpT6Dl8tJDmYQKWRoxjn	信樂團	['mandopop', 'taiwan pop']	[2017, 2018]	3	0
2P5sC9cVZDToPxyomzF1UH	Joey Bada$$	['conscious hip hop', 'hip hop', 'rap']	[2017, 2018]	3	2
7iZtZyCzp3LItcw1wtPI3D	Rae Sremmurd	['melodic rap', 'mississippi hip hop', 'rap', 'trap']	[2017, 2018]	3	3
21E3waRsmPlU7jZsS13rcj	Ne-Yo	['dance pop', 'pop', 'r&b', 'urban contemporary']	[2017, 2018]	3	2
6yhD1KjhLxIETFF7vIRf8B	Against The Current	['neon pop punk', 'pixie', 'pop punk']	[2018]	3	0
1r0vOsQYMTyq1qkDv7p9QD	Starr Chen	['chinese electropop', 'taiwan hip hop']	[2017, 2018]	3	3
6xBZgSMsnKVmaAxzWEwMSD	Mike Shinoda	['alternative hip hop']	[2018]	3	2
7eCmccnRwPmRnWPw61x6jM	shy martin	['alt z', 'swedish electropop']	[2017, 2018]	3	1
7tuWI2luTp61HHGmviWid8	羅大佑	['classic mandopop', 'taiwan campus folk', 'taiwan singer-songwriter']	[2017, 2018]	3	0
0UtZ0DRiE8usRg9GyjCPCr	Dipha Barus	['indonesian pop']	[2017, 2018]	3	3
3eCd0TZrBPm2n9cDG6yWfF	DEAN	['k-pop', 'korean r&b']	[2017, 2018, 2021]	3	2
7lcIiKfgKb19JCpm16acIQ	C.T.O	['chinese idol pop']	[2018]	3	0
0t3QQl52F463sxGXb1ckhB	Betty Who	['australian dance', 'dance pop', 'electropop', 'metropopolis']	[2017, 2018]	3	0
42l9R70OWvywz9JN9DCVOM	Ada Zhuang	['chinese singer-songwriter', 'mainland chinese pop', 'mandopop']	[2017, 2018]	3	0
2FXC3k01G6Gw61bmprjgqS	Hozier	['irish singer-songwriter', 'modern rock', 'pop', 'pov: indie']	[2018]	3	1
78DWNk8gFHU30TGITAgbM7	CMC$	['pop edm', 'vapor twitch']	[2017, 2018]	3	3
5kORvL4jV50HCP83zPJvEf	唐一嘉	['chinese r&b']	[2018]	3	0
1yT2iH2SiZikkUAgTBwEIb	Seven Qi	['chinese minyao']	[2017, 2018]	3	0
7pFeBzX627ff0VnN6bxPR4	Desiigner	['pop rap', 'rap', 'southern hip hop', 'trap', 'viral trap']	[2017, 2018]	3	2
2BXth1dnMzlCfJP9EiCLnv	MXM	['k-pop', 'k-pop boy group']	[2017, 2018]	3	0
374sWpAJsbZckf98df2jJJ	Fuse ODG	['afrobeats', 'azonto']	[2017, 2018]	3	3
7C3Cbtr2PkH2l4tOGhtCsk	Shallou	['electropop', 'indie electropop']	[2017, 2018]	3	1
7ya3wFqG9X35S7L7XSrE2i	Sam Lee	['mandopop']	[2017, 2018]	3	0
5pivVtnHiM5CUInXsqKmfy	Jianqing Li	['mainland chinese pop']	[2017, 2018]	3	0
6kxCoNfY6U1eP0Yc88phvk	B.A.P	['k-pop', 'k-pop boy group']	[2017, 2018]	3	0
5CieAewiroqzWWxdsWuoNu	Matluck	[]	[2017, 2018]	3	3
38bswUJ000KFpX1vVL9MLU	二珂	['mainland chinese pop']	[2017, 2018]	3	0
6CwfuxIqcltXDGjfZsMd9A	MARINA	['metropopolis', 'pop', 'pov: indie', 'uk alternative pop']	[2017, 2018]	3	3
79QO0Xmn1dZhvaLicS2Yrs	The Night Game	['modern alternative rock']	[2017, 2018]	3	3
1IELhvOMg5VQlU7syRm6CS	CAZZETTE	['complextro', 'edm', 'electro house', 'pop dance', 'progressive electro house', 'progressive house']	[2017, 2018]	3	3
7HV2RI2qNug4EcQqLbCAKS	Keala Settle	['broadway', 'hollywood', 'show tunes']	[2017, 2018]	3	3
6U1dBXJhC8gXFjamvFTmHg	Zac Efron	['hollywood', 'movie tunes', 'post-teen pop']	[2017, 2018]	3	3
6sCbFbEjbYepqswM1vWjjs	Zendaya	['pop', 'post-teen pop']	[2017, 2018]	3	3
0EmeFodog0BfCgMzAIvKQp	Shakira	['colombian pop', 'dance pop', 'latin pop', 'pop']	[2017, 2018]	3	2
6Rv0ndBVPEQJ7KagPDtC5H	Tizzy Bac	['taiwan indie', 'taiwan pop']	[2017, 2018]	3	0
5BBBDm18Y0TCRXZggaOnZG	Fabian Mazur	['bass trap', 'danish electronic', 'electronic trap', 'traprun']	[2018]	3	3
6udveWUgX4vu75FF0DTrXV	TAEYANG	['k-pop', 'korean r&b']	[2017, 2018]	3	0
4qsJVo9DrBRnCzp3itrjdg	Miss Ko	['taiwan hip hop', 'taiwan pop']	[2017, 2018]	3	1
7gbmX8SsfjEjxDMzBi1ZOL	Joe Jonas	['pop', 'post-teen pop']	[2017, 2018]	3	3
2n3uDrupL8UtFSeZhY38MS	Andy Lau	['c-pop', 'cantopop', 'classic mandopop']	[2017, 2018]	3	0
0FRUZvZNPzM3YJMABJxf2K	WENDY	['k-pop', 'korean pop']	[2018, 2021]	3	1
4N874uPqBka1QiCvnCVOtr	Phoebe Ryan	['alt z', 'indie poptimism']	[2017, 2018]	3	2
0FOWNUFHPnMy0vOw1siGqi	Belly	['canadian hip hop', 'canadian trap']	[2017, 2018, 2021]	3	3
188VINPQh5dyNfLUkevKqf	Olivia Holt	['alt z', 'post-teen pop']	[2017, 2018]	3	1
2ARMyGCQMOW3cYhfdjefwX	管罄	[]	[2017, 2018]	3	1
6x8oQWq0xiL4aIJTXCUx7u	Kuizz	['malaysian indie']	[2018]	3	1
4j5KBTO4tk7up54ZirNGvK	NERVO	['australian dance', 'dutch house', 'edm', 'electra', 'electro house', 'house', 'pop dance', 'progressive electro house', 'progressive house']	[2017, 2018]	3	2
55WwHAHZZasWq8QM0LF5JR	好妹妹	['chinese minyao']	[2017, 2018]	3	0
4TrraAsitQKl821DQY42cZ	Sigrid	['norwegian pop']	[2017, 2018]	3	0
0gdWU9IX6LIiuPvXh95pas	NU'EST W	['k-pop', 'k-pop boy group']	[2017, 2018]	3	0
7wFDo161xYdeaiLz3KIHoM	Gallant	['alternative r&b']	[2017, 2018]	3	3
4NZvixzsSefsNiIqXn0NDe	Maggie Rogers	['indie pop']	[2017, 2018]	3	0
0zjNCSqeDIxn63crtDx7G2	Richie Jen	['classic mandopop', 'mandopop']	[2017, 2018, 2021]	3	1
4S9EykWXhStSc15wEx8QFK	Céline Dion	['canadian pop']	[2017, 2018]	3	0
0wK3rMwogVowmeXArZN29T	金莎	['mainland chinese pop', 'mandopop']	[2017, 2018]	3	0
3wjsrpfO6odEphTZWx45RQ	Hearts & Colors	[]	[2017, 2018]	3	1
0uGApGjjFXKwUOAqYBeX7B	Deepend	['deep house', 'deep tropical house', 'tropical house']	[2017, 2018]	3	3
16pYhA34aOlZiUDVQU0ht4	木曜4超玩	[]	[2021]	3	0
23zg3TcAtWQy7J6upgbUnj	Usher	['atl hip hop', 'contemporary r&b', 'dance pop', 'pop', 'r&b', 'rap', 'south carolina hip hop', 'urban contemporary']	[2017, 2021]	3	3
6zhAP0FoDccL9kuETOC20q	Jung Yong Hwa	['korean pop']	[2021]	3	1
03TjpiMEGAvMzsprcxBL6f	MinChen	['malaysian mandopop']	[2017]	3	0
4Z8W4fKeB5YxbusRsdQVPb	Radiohead	['alternative rock', 'art rock', 'melancholia', 'oxford indie', 'permanent wave', 'rock']	[2017]	3	0
3jOstUTkEu2JkjvRdBA5Gu	Weezer	['alternative rock', 'modern power pop', 'modern rock', 'permanent wave', 'rock']	[2017]	3	1
3aQeKQSyrW4qWr35idm0cy	T-Pain	['dance pop', 'gangster rap', 'hip hop', 'pop rap', 'r&b', 'rap', 'southern hip hop', 'trap', 'urban contemporary']	[2017]	3	3
6S3KljEiIOWoLMUyZrkQUc	Marnik	['dutch house']	[2017]	3	3
24W0pv8YiyTtTckhVm0QPq	思衛	['taiwan singer-songwriter']	[2017]	3	1
0DdDnziut7wOo6cAYWVZC5	KREAM	['pop dance']	[2017]	3	3
6nxWCVXbOlEVRexSbLsTer	Flume	['australian dance', 'australian electropop', 'australian indie', 'downtempo', 'edm', 'indietronica']	[2017]	3	3
5veVxxPm1vzgi6pO2iVA8L	Bruno Martini	['pop nacional']	[2017]	3	3
2FwDTncULUnmANIh7qKa5z	FKJ	['filter house', 'indie soul']	[2017]	3	0
1sjw4xq2pAWy5Vdgba5QAt	HENRY	['k-pop']	[2017]	3	0
3Bd1cgCjtCI32PYvDC3ynO	London Grammar	['metropopolis', 'nottingham indie']	[2017]	3	0
7Lh8D1E21IWaXjwlfoKDQ6	Zhong Yu Lin	[]	[2017]	3	2
5H6xmHXjsq98NLbEjuE29f	NEIKED	['scandipop']	[2017]	3	3
4H9VA7rBX71lDkmODcb5u3	張芸京	['mandopop']	[2017]	3	1
3qNCURtuUn92qrNgZhdpLy	ANNA	['chinese hip hop']	[2017]	3	0
74XFHRwlV6OrjEM0A2NCMF	Paramore	['candy pop', 'modern rock', 'pixie', 'pop', 'pop emo', 'pop punk', 'rock']	[2017]	3	0
2WoVwexZuODvclzULjPQtm	Sampha	['alternative r&b', 'indie soul']	[2017]	3	1
3XHO7cRUPCLOr6jwp8vsx5	alt-J	['indie rock', 'indietronica', 'modern alternative rock', 'modern rock', 'rock']	[2017]	3	0
0tqxh7MvZ301BVW4e0p3Sa	Fiona Sit	['cantopop']	[2017]	3	1
1Fr6agZ6iSM5Ynn2k4C8sc	VÉRITÉ	['alt z', 'brooklyn indie', 'dark pop', 'electropop', 'indie poptimism', 'metropopolis', 'nyc pop', 'vapor pop']	[2017]	3	1
348ClvzEm6fr680BJOeYcE	HowZ	['taiwan hip hop']	[2021, 2022]	2	1
6n28c9qs9hNGriNa72b26u	PNAU	['alternative dance', 'aussietronica', 'australian dance', 'australian electropop']	[2021, 2022]	2	2
2BM933ADIluGGrPBOhPgIt	SiM	['japanese metalcore', 'japanese screamo']	[2022]	2	0
7g65zUBhUAbiu4pAcoyWRd	Phil Chang	['classic mandopop', 'mandopop']	[2017, 2022]	2	0
5NUVwRESNqYBUTRbiATjy7	BE'O	['k-rap']	[2021, 2022]	2	2
7z5WFjZAIYejWy0NI5lv4T	Dan + Shay	['contemporary country', 'country', 'country road']	[2019, 2020, 2021, 2022]	2	2
01XYiBYaoMJcNhPokrg0l0	STAYC	['k-pop', 'k-pop girl group']	[2021, 2022]	2	0
4fxd5Ee7UefO4CUXgwJ7IP	Giveon	['r&b']	[2021, 2022]	2	1
7EkkWNWPiWFQ0rA9IEmMXs	李浩瑋 Howard Lee	['chinese r&b', 'taiwan hip hop']	[2020, 2021, 2022]	2	1
2NJLAUSe3Ifk9MiHbddRAi	大籽	['chinese viral pop']	[2021, 2022]	2	0
7oBIFoqEP2zwnJa2HL6h0l	Dena	[]	[2018, 2022]	2	1
3JsHnjpbhX4SnySpvpa9DK	V	['j-division', 'korean ost']	[2020, 2021, 2022]	2	0
5gLzM47RVqMDkkFc2CaSon	理想混蛋 雞丁	[]	[2021, 2022]	2	0
4SpsVETdnMLwPHyOW0FlQz	队长	['chinese viral pop']	[2022]	2	1
28ot3wh4oNmoFOdVajibBl	NMIXX	['k-pop', 'k-pop girl group']	[2022]	2	0
57nPqD7z62gDdq37US9XJR	Arcane	[]	[2021, 2022]	2	2
3Z6L2EVQVQvet1oSZcBVno	高仰辰 Tipsy Kao	[]	[2021, 2022]	2	2
3KonOYiLsU53m4yT7gNotP	TREASURE	['k-pop', 'k-pop boy group']	[2021, 2022]	2	0
4tz3iHSl8lR9ry1BOiF0N8	井朧	['chinese viral pop']	[2021, 2022]	2	0
5JIZFQ7EMAp257CdzKemXO	魏嘉瑩 Arrow Wei	['taiwan pop', 'taiwan singer-songwriter']	[2018, 2022]	2	1
0fA0VVWsXO9YnASrzqfmYu	Kid Cudi	['hip hop', 'ohio hip hop', 'pop rap', 'rap']	[2020, 2021, 2022]	2	2
3asn0DBHRjY3cHdlbm5kuu	POPO J	['taiwan hip hop']	[2021, 2022]	2	2
2kHxkdiKCSnHMkhIgFBZaI	Kristen Bell	['movie tunes']	[2019]	2	1
4dSQICBjdUIp5iK6RRU2bY	Josh Gad	['movie tunes', 'show tunes']	[2019]	2	1
7KkqUt65v6LMtR369OQ6FB	Jonathan Groff	['broadway', 'hollywood', 'movie tunes', 'show tunes']	[2019]	2	1
0LWVgqTRkGQkN6Txprc6LF	Freckle	['chinese indie', 'taiwan indie']	[2017, 2019]	2	0
3YJXJABOwuadyp7MPN9wbi	龔詩嘉	['singaporean mandopop', 'singaporean pop']	[2018, 2019]	2	0
3EOEK57CV77D4ovYVcmiyt	Dennis Lloyd	['israeli pop']	[2018, 2019]	2	0
6beUvFUlKliUYJdLOXNj9C	King Princess	['alt z', 'indie pop', 'nyc pop']	[2018, 2019]	2	1
5T8zbK3dic52T9bFu0aY8z	Sophia Somajo	['swedish electropop']	[2018, 2019]	2	2
7oNtf1MwhHcyXRsYXE1WsG	Aazar	['electro house', 'electronic trap']	[2018, 2019]	2	2
1fctva4kpRbg2k3v7kwRuS	Rvssian	['reggaeton', 'trap latino', 'urbano latino']	[2019]	2	2
142TY556WknD1ZRV8XilJQ	Joe Janiak	[]	[2019]	2	2
3aGFCoR8xGN6DKwvdzeSja	ILOVEMAKONNEN	['atl hip hop', 'lgbtq+ hip hop', 'trap']	[2017, 2019]	2	2
05oH07COxkXKIMt6mIPRee	Brandy	['contemporary r&b', 'dance pop', 'hip pop', 'r&b', 'urban contemporary']	[2018, 2019]	2	2
1XYuC1vxinTjHCNd5clB8C	ARASHI	['j-pop']	[2019, 2020]	2	0
53KwLdlmrlCelAZMaLVZqU	James Blake	['art pop', 'indie soul', 'indietronica', 'neo soul', 'uk alternative pop']	[2018, 2019]	2	2
41X1TR6hrK8Q2ZCpp2EqCz	bbno$	['canadian hip hop', 'dark trap', 'meme rap']	[2019, 2021]	2	2
3w6zswp5THsSKYLICUbDTZ	Gabrielle Aplin	['acoustic pop', 'neo-singer-songwriter', 'uk pop', 'viral pop']	[2019, 2020]	2	1
3uHb6dRazmcaT15bMexUtt	Park Bom	['k-pop']	[2019]	2	2
6064pL9Hu3Wx2bwJMeOx6o	Tomine Harket	[]	[2018, 2019]	2	2
0uAzttC80C43KjtN8HAYLQ	王笠人	['mandopop']	[2019, 2020]	2	0
3Fl1V19tmjt57oBdxXKAjJ	Blueface	['cali rap', 'rap']	[2019]	2	1
6ZjFtWeHP9XN7FeKSUe80S	Bing Crosby	['adult standards', 'easy listening', 'lounge']	[2017, 2018, 2019, 2020, 2021]	2	1
4cPHsZM98sKzmV26wlwD2W	Brenda Lee	['adult standards', 'easy listening', 'lounge', 'rockabilly']	[2017, 2018, 2019, 2020, 2021]	2	0
04vj3iPUiVh5melWr0w3xT	Christine and the Queens	['art pop', 'electro-pop francais', 'metropopolis', 'shimmer pop']	[2017, 2019]	2	2
1igVsxmGxt1VTKPulM0EuA	Jungleboi	[]	[2019]	2	2
5cJtMOScK0sadiHY2XtIoS	Rain Lee	['chinese indie']	[2017, 2018, 2019]	2	0
35S20clEkkSNUo23ViaslZ	Band Aid	['musical advocacy']	[2017, 2018, 2019, 2020, 2021]	2	0
4rojTfP5nRkmYpdSbWQgV4	Death Stranding: Timefall	['video game music']	[2019]	2	2
3CjlHNtplJyTf9npxaPl5w	CHVRCHES	['indietronica', 'metropopolis', 'neo-synthpop', 'shimmer pop']	[2018, 2019]	2	1
4k5fFEYgkWYrYvtOK3zVBl	BOL4	['k-pop']	[2019, 2020]	2	1
4KJ6jujcNPzOyhdNoiNftp	lovelytheband	['modern alternative rock', 'modern rock', 'pov: indie']	[2018, 2019]	2	1
1WsYCXdezMjn0KoIrLvMmC	Ed Sheeran & Justin Bieber	[]	[2019, 2020, 2021]	2	2
3xAqf1dVTnMq6PRm3txE3f	許莉潔	['taiwan pop']	[2019, 2020]	2	1
07YUOmWljBTXwIseAUd9TW	Sebastian Yatra	['colombian pop', 'latin pop', 'reggaeton', 'reggaeton colombiano', 'urbano latino']	[2018, 2019]	2	2
4N2CbwZ7ekytt9Oi5dh4Vq	Flowsik	['k-rap']	[2017, 2019]	2	2
6OiFtK426XJWnOJ2HYlSbf	Claire Kuo	['mandopop']	[2018, 2019]	2	0
1q7sCl0vg0EcaFdRz0XDGg	Christine Fan	['mandopop']	[2018, 2019]	2	0
7jEEE187pVG6InOxn03oA5	Benjamin Ingrosso	['swedish pop']	[2019, 2021]	2	1
4iWbokr6sX6boUL1Jlxj28	草屯囝仔	['taiwan hip hop', 'taiwan pop']	[2019]	2	2
1CO6e7WRJvSFenmQO8n64C	Zhavia	['post-teen pop']	[2018, 2019]	2	2
0HT1FqSMdbL40XGpLcLnoF	蘇慧倫	['classic mandopop', 'mandopop']	[2019, 2021]	2	0
3bnpcWBcvlfq4hPFJjNPbz	SAFE	['canadian hip hop']	[2018, 2019]	2	2
4olE3I5QU0dvSR7LIpqTXc	WATT	['modern alternative rock']	[2017, 2018, 2019]	2	2
4sj6D0zlMOl25nprDJBiU9	Andy Williams	['adult standards', 'easy listening']	[2017, 2018, 2019, 2020, 2021]	2	0
6e7dvexws34pjXPu4sUmxc	五月天 怪獸	[]	[2019]	2	2
5bRZJZSEhNzO1F4EwEGrJj	黃莉	[]	[2019]	2	0
2gmrjqnmYgLobcr15nJR3O	Eetu Kalavainen	[]	[2018, 2019, 2020]	2	2
2a0uxJgbvvIRI4GX8pYfcr	J Hus	['afroswing', 'grime', 'uk hip hop']	[2018, 2019]	2	1
3mBFvlqINbTNsRB6htlJEY	CHTHONIC	['folk black metal', 'oriental metal', 'symphonic black metal', 'taiwan metal']	[2018, 2019]	2	0
3IpvVrP3VLhruTmnququq7	Mike Williams	['big room', 'dutch house', 'edm', 'electro house', 'future house', 'pop dance', 'progressive electro house']	[2018, 2019]	2	2
1Ey5wjTe3m8vyGzA4NI0kf	陳欣斈	[]	[2018, 2019]	2	0
0rVLyv4xouX9M4GCq3VuP5	王俊凱	['chinese idol pop', 'mainland chinese pop']	[2017, 2019]	2	1
3SYnDj7btg9gFY7ps8m5d5	RANI	['dutch pop']	[2019]	2	2
1c83P0MDXWVhh7k64xyMcK	水水Mizu98	['taiwan hip hop']	[2019, 2020]	2	2
0tRFWXqKBBQcu5oFVOgVzX	Jaira Burns	['alt z']	[2018, 2019, 2020]	2	2
6DHgvg8leMhBE7itUz8LgN	余佩真	['chinese indie', 'taiwan pop']	[2019]	2	1
4ofCBoyEiGSePFAG500xev	Regard	['pop dance', 'pop edm', 'slap house', 'uk dance']	[2019, 2020, 2021]	2	1
79Wf1EevXdLCxsLlwTda85	袁惟仁	['taiwan singer-songwriter']	[2017, 2019]	2	0
024BDzfA3D1P96UJ8jV0Cv	盧子杰 James Lu	['taiwan hip hop']	[2019, 2020]	2	1
0vRvGUQVUjytro0xpb26bs	Arizona Zervas	['pop rap', 'rhode island rap']	[2019, 2020]	2	0
2MgVvPbOvVEPWIjbgXl4fS	瑞瑪席丹Rima Zeidan	['taiwan pop']	[2019]	2	0
3vQ0GE3mI0dAaxIMYe5g7z	Paulo Londra	['argentine hip hop', 'trap argentino', 'trap latino', 'urbano latino']	[2019]	2	1
3epKmTu8QPqArqY6gEVfyS	Alfred Sim	['mandopop', 'singaporean mandopop']	[2018, 2019]	2	0
1PnnRNGfichOAfPOn5mVyx	Sorana	['romanian pop']	[2017, 2018, 2019]	2	2
3RWZ5FYjY00IPNftsmUJwu	K ONE	['taiwan idol pop', 'taiwan pop']	[2018, 2019]	2	0
5Z1CCuBsyhEHngq3U5IraY	Westlife	['boy band']	[2019]	2	0
3nQ59hkeciYoR6RreQL4Rv	Darren Criss	['wrock']	[2017, 2019]	2	2
3wcj11K77LjEY1PkEazffa	Burna Boy	['afrobeats', 'dancehall', 'nigerian hip hop', 'nigerian pop']	[2019, 2020]	2	2
1Mxqyy3pSjf8kZZL4QVxS0	Frank Sinatra	['adult standards', 'easy listening', 'lounge']	[2017, 2018, 2019, 2020, 2021]	2	2
0JXiS2FrAg3wQYJHcmZdrc	B. Swanson Quartet	[]	[2017, 2018, 2019, 2020, 2021]	2	2
0FQHLgDeg1QZGzkyRxAPRd	G5SH	['chinese electropop']	[2019, 2021]	2	1
6ZLTlhejhndI4Rh53vYhrY	Ozzy Osbourne	['album rock', 'alternative metal', 'birmingham metal', 'classic rock', 'glam metal', 'hard rock', 'metal', 'nu metal', 'rock']	[2019]	2	2
7K78lVZ8XzkjfRSI7570FF	José Feliciano	['latin pop', 'puerto rican pop']	[2018, 2019, 2020, 2021]	2	0
1GDbiv3spRmZ1XdM1jQbT7	NATTI NATASHA	['latin pop', 'rap latina', 'reggaeton', 'urbano latino']	[2018, 2019]	2	2
776DRmOzzYinklE43bWU1r	曾昱嘉	['taiwan pop']	[2017, 2019]	2	0
15zlhg87iwGzLW07SAXFMc	廖士賢	['taiwan pop', 'taiwanese pop']	[2019]	2	0
6QyO41KctzGc70mVaVnXQO	CLC	['k-pop', 'k-pop girl group', 'korean city pop']	[2019, 2020]	2	0
3MyB0MyKec3Jq0AH2llk7v	Evan Rachel Wood	['hollywood', 'movie tunes']	[2019, 2020]	2	1
4jpsw9CQS439N0B7SecMgf	Ant Saunders	['chill r&b', 'viral rap']	[2019]	2	0
4ccMWuTuYspEkm2gh7KrkO	黃立行	['mandopop', 'taiwan pop']	[2017, 2018, 2019]	2	0
0x3PXj1WnuW7YsBxQK57xM	Ruben	['norwegian pop']	[2019, 2020]	2	1
3XC57xz74X3xUi1hv4mge1	Winona Oak	['swedish pop']	[2018, 2019, 2021]	2	2
7xZK80IoGg8969VhEVBzKa	Austin Lee	['chinese r&b']	[2017, 2019]	2	0
2qwqnl8l8SIh0kyXMLlMwP	張與辰	['malaysian mandopop']	[2018, 2019]	2	0
5nyjJRg5OdmKDdG2s9qljE	Toko Miura	['japanese electropop']	[2019]	2	2
7vXDAI8JwjW531ouMGbfcp	TINI	['latin pop', 'pop argentino']	[2018, 2019]	2	2
1QRj3hoop9Mv5VvHQkwPEp	Olivia O'Brien	['alt z', 'pop']	[2017, 2019]	2	1
4x1nvY2FN8jxqAFA0DA02H	John Lennon	['beatlesque', 'classic rock', 'rock']	[2017, 2018, 2019, 2020, 2021]	2	2
2s4tjL6W3qrblOe0raIzwJ	Yoko Ono	['experimental', 'experimental pop']	[2017, 2018, 2019, 2020, 2021]	2	2
60eKkymyDkai3QisAnsGIW	展翼(ZAYIN)	['taiwan pop']	[2018, 2019]	2	0
66W9LaWS0DPdL7Sz8iYGYe	JP Saxe	['alt z', 'canadian contemporary r&b', 'singer-songwriter pop']	[2019, 2020, 2021]	2	2
5RkHWm6vOA31T32qyjQxgd	李治廷	[]	[2017, 2019]	2	2
3IXhSUXNXO7Z6GnYufgpKR	Cindy Yen	['mandopop']	[2019, 2020]	2	0
04HqRx07Bv9gh7rsrMTqs7	Miss Li	['classic swedish pop', 'swedish pop']	[2018, 2019]	2	2
6Paz0vXJJ9bCPf0fEm3qzg	Dagny	['norwegian pop']	[2018, 2019]	2	2
153IGWBrtnwq4YxIvg3zeO	Fran	['taiwan pop', 'taiwan singer-songwriter']	[2019, 2020]	2	0
5wtspqsX3OxPu1JTRQTqus	Yokez	['singaporean mandopop']	[2018, 2019]	2	0
3vxULhUP4OkN0NBj3JTEU6	張玉華	['singaporean mandopop']	[2017, 2018, 2019]	2	0
02VPWD8AZ7qSuug0dM4Hk1	Chris Lee	['mainland chinese pop']	[2019]	2	2
07ZhipyrvoyNoJejeyM0PQ	Higher Brothers	['chinese hip hop']	[2018, 2019]	2	2
3DiDSECUqqY1AuBP8qtaIa	Alicia Keys	['neo soul', 'pop', 'r&b']	[2019, 2020]	2	0
0JOxt5QOwq0czoJxvSc5hS	GASHI	[]	[2018, 2019]	2	2
4EPJlUEBy49EX1wuFOvtjK	Becky Hill	['pop dance', 'pop house', 'uk dance', 'uk pop']	[2019, 2020, 2021]	2	2
22JdJVovP3pV9XkGTih01c	Game of Thrones	[]	[2019]	2	2
20Ire8k6z7JX4iCFunLxxA	春艷	['chinese hip hop', 'taiwan pop']	[2018, 2019]	2	2
5xkAtLTf309LAGZTbvULBn	Ruel	['alt z', 'australian alternative pop', 'pop']	[2018, 2019]	2	0
3ApUX1o6oSz321MMECyIYd	Quinn XCII	['indie pop rap']	[2018, 2019]	2	2
7H55rcKCfwqkyDFH9wpKM6	Christina Perri	['pop']	[2017, 2018, 2019]	2	0
1UTPBmNbXNTittyMJrNkvw	Blake Shelton	['classic oklahoma country', 'contemporary country', 'country', 'country road']	[2017, 2018, 2019, 2021]	2	2
0eecdvMrqBftK0M1VKhaF4	CNCO	['boy band', 'latin pop', 'reggaeton', 'urbano latino']	[2017, 2019]	2	1
6t9tbRO9Lv6Oq6xtVwfdrn	Theresa Rex	['scandipop']	[2018, 2019]	2	1
1EcDMTgoFzDOhKDzirfYCM	陳彥允	['mandopop', 'taiwan pop']	[2019, 2021]	2	2
3kHVioJpVxlazAAKQ64pC1	Yuna	['malaysian pop']	[2017, 2019]	2	2
5mYakBbBzPMQTfkVMIgiDM	Georgia Ku	['uk pop']	[2018, 2019, 2021]	2	2
0rARfHZ4ZteUlzbAuxUwAs	Pei-Yu Hung	['chinese indie', 'mainland chinese pop', 'taiwan pop']	[2017, 2018, 2019]	2	1
6eVWXmKBW7Iltub01D9R1c	Valerie Broussard	['bossbeat', 'modern alternative pop']	[2019, 2020]	2	2
6xvpfMjWTougrRRtK7iikz	Mason Ramsey	['contemporary country', 'country']	[2018, 2019]	2	1
4HSNlnxUGI3Rev92Ja7Ol2	Jeric	['singaporean mandopop']	[2018, 2019]	2	0
6USv9qhCn6zfxlBQIYJ9qs	Dominic Fike	['alternative pop rock', 'pov: indie']	[2019, 2021]	2	1
4LEiUm1SRbFMgfqnQTwUbQ	Bon Iver	['chamber pop', 'eau claire indie', 'indie folk', 'melancholia', 'modern rock']	[2020]	2	2
2pbYXlBAJWfsAgtI6WL9gi	呆伯特	['chinese r&b']	[2020]	2	2
18VQ59noY7aOj59UNMozHp	Sondia	['korean ost', 'korean pop']	[2020]	2	0
3lBxyv4EPpiE80Ji1Eyfiq	Mido and Falasol	['korean ost']	[2020, 2021]	2	0
0eDvMgVFoNV3TpwtrVCoTj	Pop Smoke	['brooklyn drill', 'rap']	[2020, 2021]	2	1
2AXIg0cc8pzzVcNnE3sSI6	唐仲彣	['taiwan hip hop']	[2020, 2021]	2	2
07Qt0KlMf6vpPVXuY5Qrhj	Sunnee楊芸晴	[]	[2020, 2021]	2	1
08MxYfoyNQpx314MAppI8w	8lak	['chinese r&b']	[2020, 2021]	2	2
6PefeNwACgFmAXbcQmVknr	Jony J	['chinese hip hop']	[2018, 2020, 2021]	2	2
4ETSs924pXMzjIeD6E9b4u	Surfaces	['bedroom soul']	[2020]	2	1
6DgP9otnZw5z6daOntINxp	Joel Corry	['dance pop', 'pop dance', 'uk dance']	[2020, 2021]	2	2
6Gk5hoM7eW8NSCYhICMDHw	Zak Abel	['uk contemporary r&b']	[2017, 2020]	2	2
7GaxyUddsPok8BuhxN6OUW	James Brown	['funk', 'soul']	[2020]	2	0
1icD6XHYvJ381imDgXexLD	PiA	['taiwan pop']	[2018, 2020]	2	0
1wKpMkucynaTfG8lyPprYV	PENTAGON	['k-pop', 'k-pop boy group']	[2018, 2020]	2	0
51sob9QZyfLff9XqvYluN5	Sezairi	['singaporean pop', 'singaporean singer-songwriter']	[2017, 2020]	2	1
009SHiJ9rvFm3vNwL4SjZx	NYK	['malaysian hip hop']	[2017, 2020]	2	1
52zMTJCKluDlFwMQWmccY7	LOONA	['k-pop', 'k-pop girl group']	[2018, 2020]	2	0
7CEGCiUDMO8Xr257mqIJl2	Tay Kewei	['singaporean mandopop', 'singaporean pop', 'singaporean singer-songwriter']	[2018, 2020]	2	1
1lmU3giNF3CSbkVSQmLpHQ	Surf Mesa	[]	[2020, 2021]	2	2
3l0CmX0FuQjFxr8SK7Vqag	Clairo	['bedroom pop', 'indie pop', 'pop', 'pov: indie']	[2018, 2020]	2	1
1opXC6lrFxsiDks53X5d3Q	AGA	['cantopop']	[2018, 2020]	2	0
6nVcHLIgY5pE2YCl8ubca1	Jhayco	['reggaeton', 'trap latino', 'urbano latino']	[2020, 2021]	2	2
5L4EafeXwZ0stGuPtGr5Tz	Rain	['classic k-pop']	[2020, 2021]	2	1
2wIVse2owClT7go1WT98tk	Missy Elliott	['dance pop', 'hip hop', 'hip pop', 'neo soul', 'pop rap', 'r&b', 'rap', 'urban contemporary', 'virginia hip hop']	[2018, 2020]	2	2
7licaqhcEBQUzz9FownRaJ	Miquela	['ai', 'la pop']	[2018, 2020]	2	2
2jpQ0ywffgVHhZFQNWaWYW	Tony Igy	['russian dance']	[2018, 2020]	2	2
5cIc3SBFuBLVxJz58W2tU9	Oh Wonder	['electropop', 'indie poptimism', 'pov: indie']	[2017, 2020]	2	1
0iMFttJ05HMGTKWRPHlFOF	胡66	['chinese viral pop', 'mainland chinese pop']	[2020, 2021]	2	0
0DYcDpgiVTcXJszxcswVce	Dizparity	['chinese electropop', 'taiwan electronic']	[2020, 2021]	2	2
0ovewqNmkiEZaXqDawcZPM	竇智孔	[]	[2020, 2021]	2	2
4bLWxZKO7usMAXMUnJ5gr1	丘與樂	['taiwan indie']	[2018, 2020]	2	1
3hvinNZRzTLoREmqFiKr1b	CHANGMO	['k-rap', 'korean r&b']	[2020]	2	2
4F0XzHNcfvvA2I0rGqIwAQ	Leo Ku	['cantopop']	[2017, 2020]	2	0
7CyeXFnOrfC1N6z4naIpgo	The Ronettes	['brill building pop', 'classic girl group', 'motown', 'rock-and-roll']	[2017, 2018, 2020, 2021]	2	0
4YXNoMVTHRt01jYaKXTumJ	Raiden	['korean electronic']	[2017, 2020]	2	1
6jV25rzTKQ2zMgrqHha1V5	CHANYEOL	['k-pop']	[2017, 2018, 2020]	2	2
37Qsf5KCKljH7mL134xp4k	Saudi	['south african hip hop']	[2018]	2	2
2GFsWXpTIn6G1kRjW3RAQX	Ty.	['chinese hip hop']	[2017, 2018]	2	2
5uEeqYFuIChoWKy34jp8xE	Brando	['dance pop', 'pop dance']	[2017, 2018]	2	2
6wMr4zKPrrR0UVz08WtUWc	Black Coffee	['south african house', 'south african pop', 'south african pop dance']	[2017, 2018]	2	2
5vQfv3s2Z2SRdPZKr82ABw	Dzeko	['canadian electronic', 'dutch house', 'edm', 'electro house', 'pop dance', 'progressive electro house']	[2018]	2	2
2gWiiqMQFlfLjYp43IiQit	田亞霍	['mandopop', 'taiwan pop']	[2018]	2	1
6jEiUoyyJNPHzSR0Nib6HX	Walk off the Earth	['canadian rock', 'pop rock']	[2017, 2018]	2	1
4gwpcMTbLWtBUlOijbVpuu	Capital Cities	['metropopolis', 'modern rock']	[2017, 2018]	2	0
7xTcuBOIAAIGDOSvwYFPzk	Daniel Powter	['canadian pop', 'neo mellow', 'pop rock']	[2018]	2	0
3nwYsifpwrKmCIpw4i0HDW	Konshens	['dancehall', 'traphall']	[2018]	2	2
3ipn9JLAPI5GUEo4y4jcoi	Ludacris	['atl hip hop', 'dance pop', 'dirty south rap', 'hip hop', 'old school atlanta hip hop', 'pop rap', 'rap', 'southern hip hop', 'trap']	[2018, 2021]	2	2
3SyC3U06X0DjdWd2Jf6V8Q	陳粒	['chinese minyao', 'chinese singer-songwriter']	[2018, 2021]	2	1
3nMxdbExtqVcYG9HeZCThG	51(伍冠諺X易桀齊)	[]	[2018]	2	0
78UcIEW1VFh2WOgNk0E7mm	Sweet John	['taiwan indie', 'taiwan pop']	[2018, 2021]	2	0
7m3hJRouj4fFil1ksJDx0I	安溥	['chinese indie', 'taiwan pop', 'taiwan singer-songwriter']	[2018]	2	0
4kI8Ie27vjvonwaB2ePh8T	Portugal. The Man	['indie rock', 'indietronica', 'modern alternative rock', 'modern rock']	[2017, 2018]	2	0
5gCRApTajqwbnHHPbr2Fpi	Juicy J	['crunk', 'memphis hip hop', 'pop rap', 'rap', 'southern hip hop', 'trap']	[2018]	2	2
3nXYWqIdGkR8EwdXBaU7MQ	婁藝瀟	['mainland chinese pop']	[2018]	2	0
6ueGR6SWhUJfvEhqkvMsVs	Janelle Monáe	['afrofuturism', 'alternative r&b', 'atl hip hop', 'neo soul', 'r&b']	[2018]	2	0
5KnoVkIUGmK0PiDKMjz2LM	Feder	['new french touch']	[2017, 2018]	2	1
1ShZZUjkbXCjhwrb18BA8I	Bryce Vine	['indie pop rap']	[2018]	2	1
2U3FuHYvL3vhkbDAXm24Ep	Dan Caplen	['neo soul', 'uk contemporary r&b']	[2018]	2	2
0MHgLfmQdutffmvWe5XBTN	Burl Ives	['adult standards', 'american folk revival']	[2017, 2018, 2021]	2	0
1z7b1Pr1rSlvWRzsW3HOrS	Russ	['hawaiian hip hop']	[2018]	2	0
50Zu2bK9y5UAtD0jcqk5VX	OOHYO	['k-indie', 'korean electropop']	[2017, 2018]	2	0
18981CdiTmhOXgQ3h8mzZM	黃宇韶	[]	[2018]	2	0
0jOw6SG2UKaDU3veuZsR1w	李崗霖	['mandopop', 'taiwan pop']	[2017, 2018]	2	0
5icAICPWHiBMzTJl7nUPMP	Nicholas Tse	['cantopop']	[2017, 2018]	2	0
0svmVqwlzmbBfwofH6uGbk	Lovespeake	['norwegian pop']	[2017, 2018]	2	2
3EXdLajEO02ziZ90P90bSW	Lil Xan	['cloud rap']	[2017, 2018]	2	1
2deH7GtKAGqNAYCtsruIQ8	Zhao Chuan	['classic mandopop', 'mandopop', 'taiwan pop']	[2018]	2	0
29QbBR0oTzA7A0kiOzrbbr	Jamie Scott	['uk pop']	[2017, 2018]	2	2
5gWzmnHTLNXz5CjOc0wAuK	Romy Dya	['dutch pop']	[2017, 2018]	2	2
5fahUm8t5c0GIdeTq0ZaG8	Otto Knows	['dutch house', 'edm', 'electro house', 'pop dance', 'progressive electro house', 'progressive house']	[2017, 2018]	2	1
40LHVA5BTQp9RxHOQ9JPYj	Lauren Daigle	['ccm', 'christian alternative rock', 'christian music']	[2018]	2	0
4uz19Fx4VF6BHhzmTuSCOR	Monica Karina	['indonesian pop', 'indonesian r&b']	[2018]	2	2
7MP4jhYmFEgb0AtiOkw55s	Play-N-Skillz	['chicano rap']	[2018]	2	2
5y3G1B8cpCTaoq0uDgjwzH	Danny Avila	[]	[2017, 2018]	2	2
1foL9hLC9M6U94dINtOYfb	Girls' Generation-Oh!GG	['k-pop', 'k-pop girl group']	[2018]	2	0
0DWWSyvxMZsIyOTdcwHCPY	Y2j	['mandopop']	[2017, 2018]	2	0
5nLnIboxUroy6N5HBGRTMe	Huang Yali	[]	[2017, 2018]	2	0
422RLznpwUa5FsQgnTlgUH	Great Good Fine Ok	['hopebeat', 'indie poptimism', 'metropopolis', 'neo-synthpop', 'nyc pop']	[2017, 2018]	2	2
64NYWpxh4HgzMb1SwCCjMw	Before You Exit	['teen pop']	[2017, 2018]	2	2
7nwUJBm0HE4ZxD3f5cy5ok	Aretha Franklin	['classic soul', 'jazz blues', 'memphis soul', 'soul', 'southern soul', 'vocal jazz']	[2018]	2	0
2QSPrJfYeRXaltEEiriXN9	Tove Styrke	['electropop', 'swedish electropop', 'swedish pop', 'swedish synthpop']	[2018]	2	2
1c4rxrxy8eDLvMVL1DTiBe	Andra Day	['r&b']	[2017, 2018]	2	2
5ITI6SEoUZMIXXkzCfr4oE	Aluna	['dance pop']	[2017, 2018]	2	2
1Yepc7b6st3J0vy87qyJHk	熊仔 | BOWZ 豹子膽	[]	[2018]	2	0
7wg1qvie3KqDNQbAkTdbX0	Louis The Child	['edm', 'electropop']	[2018]	2	2
4muJrGMndyYWqZtfk8OWy4	BoA	['k-pop']	[2018]	2	0
2ZuweXv0TkfsidZOLZZoM2	HEDEGAARD	['danish electronic', 'scandipop']	[2017, 2018]	2	1
0FL2d6iFFNAV3yBUbXjZ1U	Wafia	['australian pop', 'indie electropop']	[2018]	2	1
4TAoP0f9OuWZUesao43xUW	Mr Eazi	['afrobeats', 'afropop', 'azontobeats', 'ghanaian hip hop', 'nigerian pop', 'swedish dancehall']	[2018]	2	2
0pt4nJkyLo7QGErUoqSREx	脫拉庫	['taiwan pop']	[2018]	2	0
0Rsu8bbOYUkrZQAd1c2KSr	自然捲	['chinese indie', 'taiwan pop']	[2017, 2018]	2	0
2LAqcqAQ8KPTsl1HBgBrqM	Michelle Williams	['hollywood']	[2017, 2018]	2	1
3EA9hVIzKfFiQI0Kikz2wo	Andrea Bocelli	['classical tenor', 'italian tenor', 'operatic pop']	[2017, 2018]	2	2
2vy0h2oTG1T57fpXDa4q3e	易桀齊	['malaysian mandopop']	[2018]	2	0
4Wjf8diP59VmPG7fi4y724	Cedric Gervais	['dutch house', 'edm', 'electro house', 'pop dance', 'progressive electro house', 'progressive house']	[2017, 2018]	2	2
2urF8dgLVfDjunO0pcHUEe	Alvaro Soler	['latin pop']	[2017, 2018]	2	0
5Tf4EH8tDvznnjULcFxkIl	Alex Clare	['modern alternative rock']	[2017, 2018]	2	2
5rGgflnIpRNizTCozbYBuY	JONGHYUN	['k-pop']	[2017, 2018]	2	1
3EiLUeyEcA6fbRPSHkG5kb	De La Ghetto	['reggaeton', 'reggaeton flow', 'trap latino', 'urbano latino']	[2018]	2	2
78sJswwVn4P8aEhkF4K6fQ	HYOLYN	['k-pop', 'korean r&b']	[2018]	2	1
0vn7UBvSQECKJm2817Yf1P	James Taylor	['classic rock', 'folk', 'folk rock', 'heartland rock', 'mellow gold', 'singer-songwriter', 'soft rock']	[2018]	2	2
7q287jy77NJXRUq9w3ScgB	徐澔韋 (澔志)	[]	[2018]	2	0
0pghUohLPptZWBasy2wmUx	THEY.	['trap soul']	[2017, 2018]	2	1
5fWn9g8ERHtGKWdkAuomBx	Tessa Odden	[]	[2017, 2018]	2	2
7hssUdpvtY5oiARaUDgFZ3	Ina Wroldsen	['norwegian pop']	[2018]	2	2
5ykR03rHnFJ4GLD6ilaWD6	Shel Bee	[]	[2017, 2018]	2	2
2y8Jo9CKhJvtfeKOsYzRdT	Rod Stewart	['mellow gold', 'soft rock']	[2017, 2018]	2	2
7guDJrEfX3qb6FEbdPA5qi	Stevie Wonder	['motown', 'soul']	[2018]	2	1
5H1nN1SzW0qNeUEZvuXjAj	Danny Ocean	['pop venezolano', 'reggaeton', 'trap latino', 'urbano latino']	[2017, 2018]	2	0
1q8BvOdpOtapWOIgO26sOn	Andy Hui	['c-pop', 'cantopop', 'classic cantopop']	[2017, 2018]	2	0
1lfMGY3PXMmj6qgwiPqp06	Sheryl Sheinafia	['indonesian pop', 'indonesian singer-songwriter']	[2018]	2	1
2mV8aJphiSHYJf43DxL7Gt	Chromeo	['alternative dance', 'dance rock', 'filter house', 'indietronica', 'neo-synthpop', 'nu disco']	[2018]	2	2
2x7EATekOPhFGRx3syMGEC	The Knocks	['alternative dance', 'indie poptimism', 'nu disco']	[2017, 2018]	2	2
3Gm5F95VdRxW3mqCn8RPBJ	Aminé	['pop rap', 'portland hip hop', 'rap', 'underground hip hop']	[2017, 2018]	2	1
43BxCL6t4c73BQnIJtry5v	James Hype	['deep groove house', 'pop dance', 'uk dance']	[2017, 2018]	2	2
5tsyYxrAHH054OcrZm8Nwm	許鈞	['chinese singer-songwriter']	[2017, 2018]	2	0
54gWVQFHf8IIqbjxAoOarN	AOA	['k-pop', 'k-pop girl group']	[2017, 2018]	2	0
6HiaU2gO4L3ATUDpmhdh9H	Paige Su	['taiwan indie']	[2017, 2018]	2	0
7LImGq5KnzQobZciDJpeJb	Charlotte Lawrence	['alt z']	[2018]	2	1
41DKMtAnhVo7aDeluAHDJg	MYRNE	['future bass', 'gaming edm', 'melodic dubstep', 'pop edm', 'singaporean electronic', 'singaporean pop', 'vapor twitch']	[2017, 2018]	2	2
5P5FTygHyx2G57oszR3Wot	Daughtry	['alternative metal', 'neo mellow', 'pop rock', 'post-grunge']	[2018]	2	0
4M5nCE77Qaxayuhp3fVn4V	Iron & Wine	['acoustic pop', 'chamber pop', 'indie folk', 'indie rock', 'stomp and holler']	[2018]	2	0
7qG3b048QCHVRO5Pv1T5lw	Enrique Iglesias	['dance pop', 'latin pop', 'mexican pop']	[2017, 2018]	2	2
5vhTlqgCUj3Z8IjxZCGvNO	夏寧杉	['taiwan singer-songwriter']	[2017, 2018]	2	0
7bW8KSa6v5oBJAjSO2xsmf	马吟吟	[]	[2018, 2021]	2	2
21451j1KhjAiaYKflxBjr1	Zion & Lennox	['reggaeton', 'urbano latino']	[2017, 2018]	2	2
54nb7VPvMgQEW6pC9Mz0an	Lourdiz	[]	[2018]	2	2
2cBh5lVMg222FFuRU7EfDE	Sophie Ellis-Bextor	['dance pop', 'europop', 'new wave pop']	[2018]	2	2
7slfeZO9LsJbWgpkIoXBUJ	Ricky Martin	['latin pop', 'mexican pop', 'puerto rican pop']	[2017, 2018]	2	2
3E6xrwgnVfYCrCs0ePERDz	Wisin	['reggaeton', 'urbano latino']	[2017, 2018]	2	2
0Qnx1MPnHYt3jJCYrRFVwX	Greyson Chance	['post-teen pop', 'viral pop']	[2017, 2018]	2	0
6O74knDqdv3XaWtkII7Xjp	Boyz II Men	['boy band', 'contemporary r&b', 'new jack swing', 'r&b', 'urban contemporary']	[2018]	2	2
13vV0TKkK0YP3599W0JwE5	Stanly Hsu	[]	[2017, 2018]	2	1
3uGFTJ7JMllvhgGpumieHF	AILEE	['k-pop']	[2017, 2018]	2	0
1Z7VMoFxsMu5ZbPJBq5zO8	嚴藝丹	['mainland chinese pop']	[2017, 2018]	2	0
2VAnyOxzJuSAj7XIuEOT38	AlunaGeorge	['electropop', 'house', 'uk dance']	[2017, 2018]	2	1
3rRfC7TqmIAjmSxLcadqe1	Aaron Yan	['mandopop', 'taiwan idol pop', 'taiwan pop']	[2018]	2	0
1xT5p0VBpnZDrvVSjX9sri	Dash Berlin	['big room', 'dutch trance', 'edm', 'pop dance', 'progressive house', 'trance', 'uplifting trance']	[2017, 2018]	2	2
6PXS4YHDkKvl1wkIl4V8DL	Fetty Wap	['new jersey rap', 'pop rap', 'rap', 'southern hip hop', 'trap']	[2017, 2018]	2	2
4njE1wi70wYuETLh4zTmp8	李德筠	[]	[2018]	2	0
134GdR5tUtxJrf8cpsfpyY	Elliphant	['electropop', 'swedish indie pop']	[2017, 2018]	2	2
4as3khXWaPjfkFdCA0JWMo	Jesse®	['modern alternative pop']	[2018]	2	2
2Hjj68yyUPiC0HKEOigcEp	Jesse McCartney	['dance pop', 'pop', 'post-teen pop']	[2017, 2018]	2	0
2smK8q9AK6F6GcbeeCnPo3	任贤齐	[]	[2017, 2018]	2	0
13saZpZnCDWOI9D4IJhp1f	Lily Allen	['dance pop', 'electropop']	[2017, 2018]	2	1
6oYvpkS6pM9ts4nbXRaINg	Vinida Weng	['chinese hip hop']	[2017, 2018]	2	0
6xQvQwZQQuq9R3TdPNbcR8	Bassjackers	['dutch house', 'edm', 'electro house', 'pop dance', 'progressive electro house']	[2017, 2018]	2	2
7LOmc7gyMVMOWF8qwEdn2X	SF9	['k-pop', 'k-pop boy group']	[2017, 2018]	2	0
3lwPzq3sT3tucaO1F6sDw7	Haneri	['singaporean pop']	[2017, 2018]	2	2
6741WxQXaxHj7uXDH7Y5IY	盧學叡	['mandopop', 'taiwan pop']	[2017, 2018]	2	0
3gk0OYeLFWYupGFRHqLSR7	Showtek	['classic hardstyle', 'dutch house', 'edm', 'electro house', 'euphoric hardstyle', 'pop dance', 'progressive electro house']	[2018]	2	2
7aBzpmFXB4WWpPl2F7RjBe	Wyclef Jean	['rap kreyol']	[2018]	2	2
0vZ1OdTf7bFwf6ptvksvtX	Evermoist	[]	[2018]	2	1
3UAk61T8PItbpgEi9u7ofY	Andrew Belle	['acoustic pop']	[2017, 2018]	2	0
1nhSLEYdoBHG6cJ8NDwoF1	Fickle Friends	['gauze pop', 'indie poptimism', 'metropopolis']	[2017, 2018]	2	0
6M3rM8BCMy3eJvb9CwUdc0	呂莘	[]	[2017, 2018]	2	0
4mbafvGlZ8jJzdc79D40x2	929	['taiwan indie', 'taiwan pop']	[2018]	2	0
0LyOADBjj28cbvJWTXUEGA	Loren Allred	['deep talent show', 'hollywood', 'movie tunes']	[2017, 2018]	2	0
7JM5mZKgSaGtDNvnJVuUc2	xumingming	['mainland chinese pop']	[2017, 2018]	2	0
3ZCIwlsAdItKVQk6V68Ho7	Jimmy Lin	[]	[2018]	2	0
0cTSCsVx04SSht9V6cpKN0	Mavis Staples	['black americana', 'soul', 'southern soul', 'spirituals']	[2017, 2018]	2	2
59KQTERLpPa7M0F25fRH6V	Dinah Jane	['post-teen pop']	[2017, 2018]	2	2
4xgFgBZ7CRtgtHcziClOwQ	MOGUAI	['dutch house', 'edm', 'electro house', 'german techno', 'pop dance', 'progressive electro house', 'progressive house']	[2017, 2018]	2	2
0bMKf3lIYR9GaNTdFKkTOr	Zonderling	['dutch house', 'electro house', 'progressive house']	[2017, 2018]	2	2
3BJAJVcwKlhMY94sZ4HGTI	Jing Bo Ran	['taiwan pop']	[2017, 2018]	2	1
2EMAnMvWE2eb56ToJVfCWs	Bryson Tiller	['kentucky hip hop', 'r&b', 'rap']	[2017, 2018]	2	2
1LKo6ZA3RNvKtLa6zDu32S	Kranium	['basshall', 'dancehall']	[2017, 2018]	2	2
4TzVVyHE0QPx5f8e4AQfZ8	依錚依靜	['taiwan indie']	[2018]	2	0
1rw8ZTLnDHd74TWDDukjVi	Conrad Sewell	['australian pop']	[2018]	2	2
0hYxQe3AK5jBPCr5MumLHD	Sugarland	['contemporary country', 'country', 'country dawn', 'country road']	[2018]	2	2
1lc8mnyGrCLtPhCoWjRxjM	Flight Facilities	['aussietronica', 'australian dance', 'australian indie', 'indietronica', 'nu disco']	[2017, 2018]	2	2
5gZhQ7HEtlkPQiWyE44tCA	Young Sparrow And DJ Dragon Nutz	[]	[2018]	2	1
6FgvbauqkRDLhAB6Jv8HWK	齊晨	[]	[2017, 2018]	2	0
2zzpznMuhKlKlqh1ma7Sms	Dakota	[]	[2017, 2018]	2	1
3WKrI3XoAOlmHlR9cl6M11	Sticky Rice	['taiwan indie', 'taiwan pop']	[2017, 2018]	2	0
0CjWKoS55T7DOt0HJuwF1H	Bipolar Sunshine	['gauze pop']	[2017, 2018]	2	2
4PVn1b2WnnXdq80C7uaZLZ	Nause	[]	[2017, 2018]	2	2
1vWImodgVqIgTUkekGEfR9	Dave Audé	[]	[2017, 2018]	2	2
2UeymAokvsL5OPl7bnIs7S	輕鬆玩樂團	['taiwan pop']	[2017, 2018]	2	0
5dHt1vcEm9qb8fCyLcB3HL	A$AP Ferg	['hip hop', 'pop rap', 'rap', 'southern hip hop', 'trap']	[2017, 2018]	2	1
4mncDFjVLUa3s025Tct3Ry	Claptone	['german house', 'german techno', 'progressive house']	[2018]	2	2
6MfYv3Zkj5zwMNbUfbAifz	Ben Duffy	[]	[2018]	2	2
3offPqpKAKmpQkIdWnjzkc	TEEN TOP	['k-pop', 'k-pop boy group']	[2018]	2	0
2Lcyl3luks1H4TDORlJIUW	Van Ness Wu	['taiwan idol pop', 'taiwan pop']	[2017, 2018]	2	0
7AzjETXRUKNRSJHMW9GIqd	Nina Nesbitt	['alt z', 'neo-singer-songwriter', 'uk pop']	[2018]	2	2
1ZfTuv9XlWT2CaIsIZPm52	Cast	[]	[2018]	2	0
3mCdK5iQjk98thTdx2UAUN	王錚亮	['mainland chinese pop']	[2017, 2018]	2	0
1XmumGa6Cu6YPXpPFkLNMm	Jerry Lin	[]	[2017, 2018]	2	2
3kPEBSt7qgVoRZSbIXMr7W	GRAY	['k-rap']	[2018, 2021]	2	2
28j8lBWDdDSHSSt5oPlsX2	ZHU	['edm', 'electro house']	[2017, 2018]	2	1
6roDXEmZ6AARdOUv6x5U2v	Felix Cartal	['canadian electronic', 'electro house', 'pop dance', 'pop edm']	[2017, 2018]	2	1
0t9JGWaRH72nt2UIWSE5CH	回音哥	['mainland chinese pop']	[2017, 2018]	2	0
6wcIBaOvA9XNGgPujYZZ7L	Wakin Chau	['c-pop', 'classic mandopop', 'mandopop']	[2017, 2018]	2	1
0E0uWMihe8T7CfDO37S3QU	慢慢說	['taiwan pop']	[2017, 2018]	2	0
25fqWEebq6PoiGQIHIrdtv	Baauer	['edm', 'electro house', 'electronic trap']	[2017, 2018]	2	2
0h7XZWgoxlY49uSUj7MVRY	gugudan	['k-pop', 'k-pop girl group']	[2017, 2018]	2	0
0Cd6nHYwecCNM1sVEXKlYr	Krewella	['edm', 'electra', 'electro house', 'pop dance', 'progressive electro house']	[2017, 2018]	2	2
3cuZA22vz0nToT0LAcecup	ERIKA	['taiwan pop']	[2017, 2021]	2	2
0RFpGSVvrZOh43m5WdZn8T	Jude Chiu	['chinese indie', 'chinese singer-songwriter']	[2021]	2	2
0aofxlD57j4ck2vT308qsb	沙寶亮	[]	[2021]	2	0
0lAWpj5szCSwM4rUMHYmrr	Måneskin	['indie rock italiano', 'italian pop', 'pop']	[2021]	2	0
2LkkwxA19J8C52wPQl5bG6	Jamie Miller	['pop soul', 'singer-songwriter pop']	[2021]	2	1
04L3elxyr0XFua2Ek3domW	Sunwoojunga	['k-indie', 'korean pop']	[2021]	2	1
7t5H3uQv0Zw6cQUnSTF5BB	Brave Girls	['k-pop', 'k-pop girl group']	[2021]	2	0
4oEXworvhegyK83rZwVyWL	GSoul	['korean r&b']	[2021]	2	2
1uU7g3DNSbsu0QjSEqZtEd	Masked Wolf	['australian hip hop']	[2021]	2	0
3y1b2eef2HLeYyqFJLtH4p	ミドリーズ	[]	[2021]	2	2
3eVa5w3URK5duf6eyVDbu9	ROSÉ	['k-pop']	[2021]	2	0
2o08sCWF5yyo2G4DCiT7T9	HVME	['slap house']	[2021]	2	1
5He0XzfmMAeiOLlWAdwgK2	予笙	[]	[2021]	2	0
6DZ6tvZTWTDO1vEBvUYfbP	溫室雜草	['taiwan pop']	[2021]	2	0
4GsjZQZJ3viOq4Uw8wZDbW	冰球樂團	['taiwan pop']	[2021]	2	1
4S2fK8EvpTnOLTfrMwBThz	曹雅雯	['hokkien pop']	[2021]	2	1
363CQz6rPzByyhhWS1zUQq	EyeballRay	['taiwan hip hop']	[2021]	2	2
0sYpJ0nCC8AlDrZFeAA7ub	JOY	['k-pop']	[2021]	2	0
6wlk4iqaEgEvADMVG6QMd8	James Gillespie	['indie anthem-folk']	[2021]	2	2
5V1qsQHdXNm4ZEZHWvFnqQ	Dreamcatcher	['k-pop', 'k-pop girl group']	[2021]	2	0
3D73KNJRMbV45N59E8IN0F	Mika Nakashima	['j-pop']	[2017, 2021]	2	0
3yDIp0kaq9EFKe07X1X2rz	Nile Rodgers	['disco']	[2017, 2021]	2	2
3hPPNy5OBzCU1icQO7Nrok	99 Percent	[]	[2017]	2	2
0ONHkAv9pCAFxb0zJwDNTy	Pusha T	['gangster rap', 'hip hop', 'rap', 'southern hip hop', 'trap', 'virginia hip hop']	[2017]	2	2
1xNmvlEiICkRlRGqlNFZ43	Axwell	['dutch house', 'edm', 'electro house', 'pop dance', 'progressive electro house', 'progressive house']	[2017]	2	2
2zXcyd0DsDOxZc1nSGepMb	Shunza	['classic mandopop', 'mainland chinese pop', 'mandopop']	[2017]	2	0
5DK8eK7fjvRsziXzyr3sFA	Moon Taxi	['modern alternative rock']	[2017]	2	0
356wTslfli2vo73H9MONsf	MOE	[]	[2017]	2	2
4VqBNQRr0nDN0trNUOn0co	WRLD	['complextro', 'future bass', 'gaming edm']	[2017]	2	2
3ErHVJMsxTq2lLSmnONBm9	Roy Kim	['k-pop', 'korean pop']	[2017]	2	1
61MMiylth1injW39oZBuYB	San E	['k-pop', 'k-rap']	[2017]	2	1
5Oe7RWhaAXrwGILVChIQZQ	Magic Power	['mandopop', 'taiwan idol pop']	[2017]	2	0
0NDjObI10zaSBEKl2wfKIy	劉虹嬅	[]	[2017]	2	0
6DIS6PRrLS3wbnZsf7vYic	WALK THE MOON	['dance rock', 'modern rock', 'pop']	[2017]	2	0
7h7z6jR3CDm6iU3JicyH3L	汪睿	[]	[2017]	2	0
6V03b3Y36lolYP2orXn8mV	98º	['boy band']	[2017]	2	0
5e4Dhzv426EvQe3aDb64jL	Shania Twain	['canadian country', 'canadian pop', 'contemporary country', 'country', 'country dawn']	[2017]	2	1
67m1W2rHlu20R2kyysa4hE	Yuzi Qin	['mainland chinese pop']	[2017]	2	0
0OZHXLUlvJWfHKrdlHhkFU	ALIUS	['pop edm']	[2017]	2	1
1sVSMPPNMMSZ7cQNfbvMOe	Eddy Kim	['k-pop', 'korean pop', 'korean singer-songwriter']	[2017]	2	0
0cmWgDlu9CwTgxPhf403hb	Bonobo	['downtempo', 'electronica', 'indietronica', 'instrumental hip hop', 'jazztronica', 'nu jazz', 'trip hop']	[2017]	2	1
48EIULOvHjC1Ir30TsnRPV	方雅賢	[]	[2017]	2	0
6JcD2YKEhgimweLpUI0NEw	KUČKA	['electra']	[2017]	2	2
0v2Y5jwtcv8LiWNTRls1KM	Ester Dean	[]	[2017]	2	2
7qPLO2XOUaRrRxkvLZ3AEK	Zeeba	[]	[2017]	2	2
61wH9nmcAEVVmQIJ6rATax	羅美玲	[]	[2017]	2	0
5Q81rlcTFh3k6DQJXPdsot	Mura Masa	['channel islands indie', 'hyperpop', 'indie soul', 'vapor soul']	[2017]	2	2
4pejUc4iciQfgdX6OKulQn	Queens of the Stone Age	['alternative metal', 'alternative rock', 'grunge', 'modern rock', 'nu metal', 'palm desert scene', 'rock', 'stoner metal', 'stoner rock']	[2017]	2	0
25UyYNRbWzdHYxRS7YytI0	黄靖伦	['mandopop', 'singaporean mandopop']	[2017]	2	0
4VZY0nxYMSNotbS7WjNVQy	Nyla	[]	[2017]	2	2
002mtcIh8E547fDvDHunSj	李蘋果	[]	[2017]	2	0
5KHQk8SnhUlBqPDxy8Gzsn	潘信維	[]	[2017]	2	2
6Rl7zirPQNYSOJtN6UYvGJ	Joshua Jin	[]	[2017]	2	0
3WOOglGBDGvr6c2WBeMAWn	Urban Cone	['swedish indie pop']	[2017]	2	0
536BYVgOnRky0xjsPT96zl	Two Door Cinema Club	['indie rock', 'indietronica', 'irish rock', 'modern alternative rock', 'modern rock', 'northern irish indie']	[2017]	2	1
5YI9bsfmia2mwz7shRlTlz	Chun Feng	[]	[2017]	2	2
4ZLx0ljnnwb3Unn9eVJcdI	Ming Wei Yang	[]	[2017]	2	2
4W6fwRbqEy1dfEoE6OCyZu	Mathieu Koss	['new french touch']	[2017]	2	2
49EORBm0y5F4dfepLOM0bW	JADE EYES	['chinese electropop', 'chinese indie', 'taiwan indie']	[2017]	2	0
3W9UldYu0xJcaOAw2SUTDI	Panama	['australian indie', 'indietronica', 'nu disco', 'shimmer pop']	[2017]	2	1
6QcXdCr7jsIu6hrX3oqJhT	Aggie Hsieh	[]	[2017]	2	0
6tWZW3i1byYPxPNW7EZmr9	Bil Musa	['malaysian indie']	[2017]	2	0
4TH4BHy0LdBi3dpBW4P2UX	R. City	['reggae fusion', 'virgin islands reggae']	[2017]	2	2
5KSQNJyPSHZ0FS5Qc9qUVz	陳惠婷	['taiwan indie']	[2017]	2	0
6P6fVBXZjnqdgq2z2b8WlO	FTampa	['complextro']	[2017]	2	1
7B373NGJ04af21lNmhEzfM	Juan Ying Zhuang	[]	[2017]	2	2
32WkQRZEVKSzVAAYqukAEA	Lady A	['contemporary country', 'country', 'country dawn', 'country pop', 'country road']	[2017]	2	0
2Fvg65UEXWSwDvbW4FET10	慶慶	[]	[2017]	2	0
7KUri7klyLaIFXLcuuOMCd	Stargate	['norwegian pop']	[2017]	2	2
0u0FqeMALEaiT19otJOm8C	簡弘亦	['mainland chinese pop']	[2017]	2	0
4AE9UvIgRMVyer36SZhs8S	侯湘婷	['classic mandopop', 'mandopop']	[2017]	2	0
0z4gvV4rjIZ9wHck67ucSV	Akon	['dance pop']	[2017]	2	2
4GCwfakdZdo3KkBNtzU5vn	MIMI	[]	[2017]	2	2
5PlfkPxwCpRRWQJBxCa0By	HUGEL	['deep house']	[2017]	2	2
6qgnBH6iDM91ipVXv28OMu	KAYTRANADA	['alternative r&b', 'escape room', 'indie soul', 'lgbtq+ hip hop']	[2017]	2	2
6FhF4CThrHldCUxYWbloJP	Brooks	[]	[2017]	2	2
3FUY2gzHeIiaesXtOAdB7A	Train	['dance pop', 'neo mellow', 'pop', 'pop rock']	[2017]	2	0
69P1UFKEnZf2kt5F07Kp1a	林隆璇	['classic mandopop', 'taiwan pop']	[2017]	2	1
3QKm0ZXXUBD9Gc3PUo2mor	Han Suji	[]	[2017]	2	1
4edEeX2pVhQjC8tzsBM3cJ	Double	[]	[2017]	2	2
7oPzsyx3TQUwy6dbkkgeWm	利綺	[]	[2017]	2	0
5HenzRvMtSrgtvU16XAoby	Zion.T	['k-pop', 'k-rap', 'korean r&b']	[2017]	2	1
0PPYpxyZGg1Dv9XGAH0esV	LOIS.C 陳洛	[]	[2017]	2	0
2FwJwEswyIUAljqgjNSHgP	Snakehips	['electropop']	[2017]	2	2
1bT7m67vi78r2oqvxrP3X5	Naughty Boy	['uk contemporary r&b']	[2017]	2	2
0fLTK12xF2IMaNmKMSue6g	Khrebto	['russian edm']	[2017]	2	2
7blkMNJv8n9ceP9zlA4W2U	Shawn Hook	['canadian pop']	[2017]	2	2
6G9bygHlCyPgNGxK2l3YdE	Vanessa Hudgens	['dance pop', 'pop', 'post-teen pop']	[2017]	2	2
0MQPEZ5NjO2EBjb6kyHecq	Mr Miss	['chinese indie', 'chinese jazz']	[2017]	2	0
3S0tlB4fE7ChxI2pWz8Xip	Giggs	['grime', 'london rap', 'uk hip hop']	[2017]	2	2
32IXja3Y6CPvnAtTHD2bWg	BLVK JVCK	[]	[2017]	2	2
6J7biCazzYhU3gM9j1wfid	Jamiroquai	['dance pop']	[2017]	2	0
4AcHt3JxKy59IX7JNNlZn4	Fitz and The Tantrums	['la indie', 'modern alternative rock', 'modern rock', 'pop rock', 'pov: indie']	[2017]	2	0
2vv8sJEVeMX2KJtqtxDReP	彭進成	[]	[2017]	2	0
6Ml6uLzxiGldIklaZ6nOpj	Twinko	[]	[2017]	2	0
0cZPTEmf3mlwj5kjVXR4po	Caroline Pennell	['indie poptimism']	[2017]	2	2
3KV3p5EY4AvKxOlhGHORLg	Jeremih	['chicago rap', 'pop rap', 'r&b', 'southern hip hop', 'trap', 'urban contemporary']	[2017]	2	2
3fjs4zbBFxEFFe8Wyojo0G	Elephante	['pop dance', 'pop edm']	[2017]	2	2
0lM8pgLaP7dAfY5E4jLNuj	Deb’s Daughter	[]	[2017]	2	2
1DgBVE3lCnC7Osg9zpAt6N	Charmaine Fong	['cantopop']	[2017]	2	0
25vtw3bkiKz9nbo7vl6qqY	多多 x 以捷	[]	[2021, 2022]	1	0
6gtUGnqU4qnJ2ZB2bvp5TZ	163 braces	[]	[2021, 2022]	1	0
5oKfnfz7zP2agtBy3DUl8S	美秀集團	[]	[2022]	1	0
7Lq3yAtwi0Z7zpxEwbQQNZ	VIVIZ	['k-pop']	[2022]	1	0
69HAncV59CvB16M51q77AI	晨悠 CHENYO	['chinese r&b']	[2022]	1	0
5MfPm7ai5Y5vRePZ4MC9XL	space x	['chinese viral pop']	[2021, 2022]	1	0
2VSHKHBTiXWplO8lxcnUC9	GAYLE	['modern alternative pop']	[2021, 2022]	1	0
2IUl3m1H1EQ7QfNbNWvgru	Vaundy	['j-pop', 'japanese soul']	[2022]	1	0
7tDLiRbNQalA5uvTpX2bKh	小阿七	[]	[2022]	1	0
78EWtfjj7daNa4FrTSPQsD	Ryan.B	['chinese hip hop']	[2021, 2022]	1	1
3rLCUhRjMFWYTJd1C4LkG0	effie	[]	[2021, 2022]	1	1
6QrQ7OrISRYIfS5mtacaw2	Jaymes Young	['indie poptimism']	[2021, 2022]	1	0
1Gv7r0FAYOhJF8Dzi6MebN	en	['chinese viral pop']	[2021, 2022]	1	0
6Y4Ur76H9vh8gw4QADaUKp	棉子	['chinese viral pop']	[2020, 2021, 2022]	1	0
3EiW2e93LzyelaCJzRlNl1	Sam Lin	['taiwan pop']	[2022]	1	0
3IvJqVgapy3AMUBmVGrvag	Clon	['classic k-pop']	[2022]	1	0
7IrDIIq3j04exsiF3Z7CPg	Beenzino	['k-rap', 'korean r&b']	[2021, 2022]	1	1
5R7AMwDeroq6Ls0COQYpS4	Kep1er	['k-pop']	[2022]	1	0
6UBMFaCTZnL1Hr1nTOEblM	Gordi	['australian electropop']	[2022]	1	1
6gpY6HHTGZp0sTLsxsSNqo	Torine	[]	[2022]	1	1
6taSlFSqCqAEUHOliFyHt7	梦然	['chinese viral pop', 'mainland chinese pop']	[2020, 2021, 2022]	1	0
5xhVZ42ABidt3DS9HJ5Uzm	Janet Suhh	['korean ost']	[2022]	1	0
3RZsYqWpNRBTPoJ8oqsAwW	Ayo97	['chinese viral pop']	[2021, 2022]	1	1
4FJvChnzwDxBkD1jzSjNPq	Fat Max Gsus	[]	[2022]	1	1
6uNxlIP5lzPFf0BHuELOuX	GOT the beat	['k-pop']	[2022]	1	0
12LXmUdAbhmRP9CCa7wGHn	Wen Wei	[]	[2022]	1	0
6RHTUrRF63xao58xh9FXYJ	IVE	['k-pop girl group']	[2021, 2022]	1	0
4vcc1VAbvzJjbMTsPYL6OU	黄霄雲	['chinese viral pop']	[2021, 2022]	1	0
5yOvAmpIR7hVxiS6Ls5DPO	Omah Lay	['afrobeats', 'nigerian pop']	[2022]	1	1
1eTft3tXynrKdo6XD7QHLL	Moon Byul	['k-pop']	[2022]	1	0
3VTDEKywxLJxC3WXJIGVGu	黃禮格	['chinese melodic rap']	[2022]	1	1
4pnp4w9g30yLfVIAFnZMRd	ACRAZE	['pop dance', 'tech house']	[2021, 2022]	1	1
1c70yCa8sRgIiQxl3HOEFo	Cherish	['atl hip hop', 'girl group', 'hip pop', 'r&b', 'southern hip hop', 'urban contemporary']	[2021, 2022]	1	1
2W8yFh0Ga6Yf3jiayVxwkE	Dove Cameron	['pop']	[2022]	1	0
53fzjsJnjEKkA6TdncuIM4	Jutes	['sad rap']	[2021, 2022]	1	1
70DFixYAFPv4Pf9kgSfR9O	MARK	[]	[2022]	1	0
5pXe6yFchq1oyYK3rq2A8i	KIDDO	['scandipop']	[2022]	1	1
2Xs6HmQzPV5EhAtqZ8xVzP	青井	['chinese r&b']	[2022]	1	0
2yMjXqAPoOehNikcWBRdfD	Gordon Flanders	['chinese r&b']	[2022]	1	0
45ft4DyTCEJfQwTBHXpdhM	milet	['j-pop']	[2021, 2022]	1	1
1qM11R4ylJyQiPJ0DffE9z	Lilas Ikuta	['j-pop', 'japanese teen pop']	[2021, 2022]	1	1
1sNBvC3ul9Xy0beVtEDPqV	Baozhai Mezhong	[]	[2022]	1	0
4yvcSjfu4PC0CYQyLy4wSq	Glass Animals	['gauze pop', 'indietronica', 'modern rock', 'pov: indie', 'shiver pop']	[2021, 2022]	1	0
3NvVbjPU6W2AOEWitAUqwe	FRαNKIE阿法	['taiwan hip hop']	[2022]	1	1
6HaGTQPmzraVmaVxvz6EUc	Jung Kook	['k-pop']	[2022]	1	0
2imhfeJHce0YEYv9msgqMC	桃子A1J	['chinese r&b']	[2021, 2022]	1	1
6opBMmpW2ODmI9iPF2btzD	LÜCY	['chinese indie']	[2022]	1	0
3PutidTQajzWO1gTetJReW	张远	['chinese viral pop']	[2021, 2022]	1	0
4dvmLXorXADxVq8EcySEWk	Kim Na Young	['korean pop']	[2022]	1	0
49muoiIu4uea4PO8vueUNN	YENA	[]	[2022]	1	1
61JBbdne26KjmyvOzjloSU	王忻辰	['chinese viral pop']	[2021, 2022]	1	1
19nBOLVLKxrijWEvjpXFI8	苏星婕	['chinese viral pop']	[2021, 2022]	1	1
4ATqdfAOYsKwaVVPEktade	Ben Hum	[]	[2022]	1	0
0kh5zrvVQJ1xnvemx66K0g	怕胖團 閃亮	[]	[2022]	1	1
3mgkHRW7Rgkbx2gJb5TPl7	Wayne's so Sad	['taiwan indie', 'taiwan punk']	[2022]	1	0
6DPYiyq5kWVQS4RGwxzPC7	Dr. Dre	['g funk', 'gangster rap', 'hip hop', 'rap', 'west coast rap']	[2022]	1	1
75VKfyoBlkmrJFDqo1o2VY	Fireboy DML	['afrobeats', 'nigerian pop']	[2021, 2022]	1	1
6JZIgN9gEgNSS8lY5pmwbx	音阙诗听	['chinese viral pop', 'mainland chinese pop', 'zhongguo feng']	[2019, 2020, 2021, 2022]	1	1
4P2x3pFDSDXPLOKWSqUire	赵方婧	['chinese viral pop']	[2019, 2020, 2021, 2022]	1	1
29PgYEggDV3cDP9QYTogwv	Carolina Gaitán - La Gaita	['movie tunes']	[2022]	1	1
36CUTsdtNgCwMq6zKD1l8I	Mauro Castillo	['modern salsa', 'movie tunes', 'salsa colombiana']	[2022]	1	1
72kqSqk124Vnl1wtT6q9Fh	Adassa	['movie tunes']	[2022]	1	1
2as15AH2BTrPk8v4gyElmr	Rhenzy Feliz	[]	[2022]	1	1
18MFcGBHtyW0mU3ufcm0X1	Diane Guerrero	['movie tunes']	[2022]	1	1
5PYToRCsrnvikZg3yl2JMr	Stephanie Beatriz	['hollywood', 'movie tunes']	[2022]	1	1
3xLU748QxpTmIVaiNXXg0P	Encanto - Cast	['movie tunes']	[2022]	1	1
1SZdTuxme3mOk0D9pUFrET	En	['chinese viral pop']	[2019, 2020, 2021, 2022]	1	0
6w62HSgZvXKJpsSHXNPp2l	Black MIC	['taiwan hip hop']	[2022]	1	1
28G5rtbvCmWsjyp5G6LwMe	Yappy	['taiwan hip hop']	[2022]	1	1
0DN5jjffBgjiDE1REvAzFR	楊紫	['mainland chinese pop']	[2019]	1	0
0PYSU1xJn8ay3ckZYsumdH	Cast of Frozen 2	[]	[2019]	1	1
40M4f8sw3jDeE5euFkeVnc	六甲樂團	[]	[2019]	1	1
5MmVJVhhYKQ86izuGHzJYA	MIKA	['pop rock']	[2019]	1	0
4Wpnsm27UgzPTAuoRgSJiE	黃旭	['chinese hip hop']	[2019]	1	1
21lRjL2vzHAsJKrRdFJuXn	肖恩恩	['chinese hip hop']	[2019]	1	1
5BqFDPMoIPllwEhPAOssrE	方玥	['chinese minyao']	[2019]	1	0
1lHfzEkKmmvdVDDDLKkcsd	CIX	['k-pop']	[2019]	1	0
2MtHuR0W2idZdF7x4wddqq	GIRIBOY	['k-rap', 'korean r&b']	[2019]	1	1
1sZ3B1drXSHwgTrL4h4yDZ	滴妹	[]	[2019]	1	1
2ysnwxxNtSgbb9t1m2Ur4j	George Ezra	['folk-pop', 'neo-singer-songwriter']	[2018, 2019]	1	0
1NbmG1Fj64qykEcJt1d43a	JRM	[]	[2019]	1	1
5bNd6egMeDRrRr7L3xRdvP	Sonic Avenue	[]	[2019]	1	1
53gBJot4NtKHSCLTuUdTYR	Mikayla	['deep pop edm', 'tropical house']	[2019]	1	1
4QVBYiagIaa6ZGSPMbybpy	Pedro Capó	['latin pop', 'puerto rican pop']	[2019]	1	1
5xnz0Uwx90USsDrdTkskup	徐靖玟	[]	[2019]	1	1
0bzVqWAANIcEyvwoR78szB	許瑋甯	[]	[2017, 2018, 2019]	1	1
5vBrKGOjN10BMwB0cJADj4	bülow	['alt z', 'indietronica']	[2019]	1	1
4T2k9bgIoC8bbqjqiEl9vZ	Rhys Lewis	['uk pop']	[2019]	1	0
7J7YzKnvAyEmHCg7LGWW0G	Alex Aris	[]	[2019]	1	1
0ifxzRj9tztRbo8Dvj1tg9	許孟哲	[]	[2019]	1	0
6USMTwO0MNDnKte5a5h0xx	Y2K	['pop rap', 'viral rap']	[2019]	1	1
3LKVw6XQYcot0OZMFmf4IP	Sandara Park	[]	[2019]	1	1
6S0IvKlvPMX1RtAYtVpUV8	Drax Project	['nz pop']	[2019]	1	1
63XBtGSEZINSyXylZxEUbv	Victoria Monét	['alternative r&b']	[2019]	1	1
3B16VU8kHheR4TqVeNoF5x	颜慧萍	['malaysian mandopop']	[2019]	1	0
4y0wFJ5jmCUNRLZfsw1I7g	AB6IX	['k-pop', 'k-pop boy group']	[2019]	1	0
7pyhre5oEEFMqcgMEvJY7q	Sky Ferreira	['candy pop', 'la indie', 'metropopolis', 'neo-synthpop']	[2019]	1	1
69UfPJgUmFFAVT740qGVZi	Ken Darby Singers	[]	[2017, 2018, 2019, 2020, 2021]	1	1
735L650pvygCZZlPMyHqsN	John Scott Trotter & His Orchestra	['light music']	[2017, 2018, 2019, 2020, 2021]	1	1
2q5HrJWKwU4iHaTTSKGZC4	吳霏	[]	[2019]	1	1
1q7gF9bMzxg1o1zpBrUEVV	楊碧琪	[]	[2019]	1	1
5tylFxoijAVcGbjYq8Qqa8	KENZY 小春	[]	[2019]	1	1
5y0UgktiUAhEU7YcZtnU5b	楊適維	['chinese soundtrack']	[2019]	1	0
7moEUZ6Zu2o5F8XQxQphRn	SOWUT	['taiwan hip hop']	[2019]	1	1
4oUHIQIBe0LHzYfvXNW4QM	Morgan Wallen	['contemporary country']	[2019]	1	1
2auiVi8sUZo17dLy1HwrTU	Solange	['afrofuturism', 'alternative r&b', 'r&b', 'urban contemporary']	[2019]	1	0
10hGPIDZi33LRaYRIq3Bh4	Dimitri Vangelis & Wyman	['dutch house', 'edm', 'electro house', 'pop dance', 'progressive electro house']	[2019]	1	1
3NccRg2H1XTSVekaTZZ3Xd	TEN TIMES	[]	[2019]	1	1
3zdcGIxMZCtOpFDPuP5rmM	The Companions	[]	[2019]	1	1
7pLntWGInZPQxc4kXxzzjB	Liz Gillies	[]	[2018, 2019, 2020]	1	1
2rr5h08uYJFbYAqNXQkylu	何夏	[]	[2019]	1	0
14scxEoUN7Dcx1m4EQ7oHe	Ashley O	[]	[2019]	1	0
0SiA0xtHw1lnSXRf1S7jjw	Michel Zitron	[]	[2019, 2020]	1	1
0UntV1Bw2hk3fbRrm9eMP6	B.I	['k-pop']	[2019]	1	1
7L0rAORDvmbD3cORYb8Nyz	李振源	['mainland chinese pop']	[2018, 2019]	1	0
6zlR5ttMfMNmwf2lecU9Cc	Sam Fender	['modern rock', 'north east england indie']	[2019]	1	0
2NlKrNMdpYxGjt3Pvw87rC	Europa	['uk dance']	[2019]	1	1
4ipeYuYd4x2t5GzrHrjFek	杜小喬	['chinese minyao']	[2019]	1	0
6C4irZ60X8G7UimMRQiCcg	X1	['k-pop']	[2019]	1	0
2n2CsW5gqx05t3FhCsOtXF	Don Krez	[]	[2019]	1	1
49e4v89VmlDcFCMyDv9wQ9	Dean Martin	['adult standards', 'easy listening', 'lounge', 'vocal jazz']	[2018, 2019, 2020, 2021]	1	0
39MtsEzNmicTixRJDQD8qY	玖壹壹 春風	[]	[2019]	1	1
7jZMxhsB8djyIbYmoiJSTs	Kiana Ledé	['r&b']	[2019]	1	0
4PQnqdTaKkIjsPTbIqNcub	Wang Jun Qi	['mainland chinese pop']	[2017, 2018, 2019]	1	0
1vIuPjtFhqIPE2n9W2ePgO	Noonie Bao	['swedish indie pop']	[2019]	1	1
3Vk4EK7koThXWd2K3Rqg3U	肖坤侖	[]	[2019]	1	0
1OHw2r7Diz2rc9JktaFV6N	Erika Sirola	['finnish pop']	[2019]	1	1
38e3dRuXJNEIlJLo2ux8pA	Kevin Liao	[]	[2018, 2019]	1	0
6tt0iYnpHERj05WATWRiom	Bantu	['zimdancehall']	[2018, 2019]	1	1
4fpTMHe34LC5t3h5ztK8qu	The Carters	['r&b']	[2018, 2019]	1	0
3t0zjFDl69EzHp3SGQya9l	賴慈泓	['taiwan pop']	[2019]	1	1
48ok10ikwXYpydM8yhx9Aa	臭屁嬰仔	['taiwan hip hop']	[2019]	1	1
0Uckp0xukOqf4ymLjeBCGP	艾文同學	['chinese hip hop']	[2019]	1	1
5PfvVf0cabIZ9sjMxnFdrX	張軒睿	[]	[2019]	1	1
6XpaIBNiVzIetEPCWDvAFP	Whitney Houston	['dance pop']	[2019]	1	1
6h9ZAJCdUCRqYQqXHHeWiM	楊大正	['taiwanese indie']	[2019]	1	1
7MCkNPs41dUMJXx6bDI9E7	家家JiaJia	[]	[2019]	1	1
1LRA33KHWT1pTbIQ2AjQFl	姚晨	['mainland chinese pop']	[2018, 2019]	1	0
6RpR3wsIX8DyYjpROUxDpE	Leo Wang	[]	[2019, 2020]	1	1
1Jv5DD2CVmDsMW9bJWHf9B	陳柯宇	['chinese singer-songwriter', 'mainland chinese pop']	[2019]	1	0
0lCnaAXCVtMY2wizkUfr3F	林文荪	['malaysian mandopop']	[2018, 2019]	1	0
1WgXqy2Dd70QQOU7Ay074N	AURORA	['art pop', 'norwegian pop']	[2019, 2020]	1	1
5GhwOMwt3cfHb5LX8cCf7j	莫非定律More Feel	['chinese indie']	[2019]	1	0
5k5iMDK1nWLbb0eqMnpuKl	摩登兄弟劉宇寧	['chinese viral pop', 'mainland chinese pop']	[2019]	1	1
7rrL3cuBnPUQyGIMCfyzpD	高爾宣	[]	[2018, 2019]	1	1
2pu04SDXMrNFw0DMgsrFMp	周星星	['chinese viral pop']	[2019]	1	0
2pcnX6eZfEvLT7ujjnqpjX	屁孩Ryan	[]	[2019, 2020]	1	1
3m5bGlNMh47sYMAhmhLsDG	柯政宏	[]	[2019, 2020]	1	1
0MlOPi3zIDMVrfA9R04Fe3	American Authors	['modern rock', 'pop rock']	[2019]	1	0
7xX15v6ahAkcT14kHfB9wB	True Damage	['k-rap']	[2019]	1	1
2YFBOR9KIxC6WqHclkj9Yq	Keke Palmer	['pop r&b', 'post-teen pop', 'r&b']	[2019]	1	1
6I3MElirhT5t6Kf7p0hGk9	Duckwrth	['alternative r&b']	[2019]	1	1
1igl9M102nuD96lo3ZoW5d	Thutmose	[]	[2019]	1	1
37mtx80nMDETlbsq2eFCzc	Fleur East	['talent show', 'uk pop']	[2019]	1	0
23LHkfDIeK89tCmRjHFuyn	許正泰	[]	[2019]	1	1
6VXvhOKlK6DCsF71dJ7Y5H	B. Howard	[]	[2019]	1	0
49CE2ffZ6Z3zeYSDauSKck	Tungevaag	['big room', 'nordic house']	[2019]	1	1
6ObeGN1qTsep95QRNOfNc3	Mangoo	['swedish eurodance']	[2019]	1	1
7b86tz9K3tvnswOCPt4n58	James Yang	[]	[2019]	1	0
3XV0lFzNs8BCTwhJTcMiBr	Blue Ivy	[]	[2019]	1	1
4RnzpVhMevUeU16FlV4e3e	Valentina Ploy	[]	[2019]	1	0
6Ip8FS7vWT1uKkJSweANQK	Dave	['uk hip hop']	[2019]	1	1
61pvU6ZLOF3bl0IOtbmME7	Emelie Hollow	['norwegian pop']	[2018, 2019]	1	1
322fcjb9quEAxAXtmWyNeJ	Selina	['chinese r&b', 'mandopop', 'taiwan pop']	[2019]	1	0
19HFRWmRCl27kTk6LeqAO8	MORTEN	['danish electronic', 'scandipop']	[2019]	1	1
0kMsIZH3fFyt7toTl92TRX	Melodia Kong	[]	[2019]	1	0
2ddxtfC0oS8LoktXUHE7YL	Ashley Tisdale	['dance pop', 'pop', 'post-teen pop']	[2019]	1	0
7Gui07OSDQGktpwL3oH8yt	Kameron	[]	[2019]	1	1
0R0FIRuMAJ12Lo5PUpN0Ew	豹子膽	[]	[2019]	1	1
7wlFDEWiM5OoIAt8RSli8b	YoungBoy Never Broke Again	['baton rouge rap', 'rap']	[2019]	1	1
4AIaNFcU4XU6k5QubOV7Gj	Wang Shun	[]	[2019]	1	1
7v4imS0moSyGdXyLgVTIV7	Nat King Cole	['adult standards', 'lounge', 'soul', 'swing', 'vocal jazz']	[2018, 2019, 2020, 2021]	1	0
47BNWfpngeFHYvBlPPyraM	Kate Ryan	['belgian pop', 'eurodance']	[2019]	1	1
1ub6Rv2EsrPwvePsebSVpt	李偲菘	[]	[2019]	1	1
5wTdspmxzb8V4ZjvDodpBo	A Touch Of Class	['europop']	[2019]	1	1
5vM5uXrXIJ7vEao4Zs6Dak	邱詩凌	['malaysian mandopop']	[2018, 2019]	1	0
0FVsUxcFSlxwIM7Qs31s6J	Billy Eichner	['movie tunes']	[2019]	1	1
7xX39IyguhWsTIg4eU2reH	Seth Rogen	['movie tunes']	[2019]	1	1
25IG9fa7cbdmCIy3OnuH57	The Chicks	['contemporary country', 'country', 'country dawn']	[2019]	1	1
3wtMPMvPtiFylbnNXF6CAj	Afro Bros	['basshall', 'dutch hip hop', 'dutch house']	[2019]	1	1
4pwXiI7Z5ZStkgKowZyoKi	Like Mike	['belgian edm']	[2019]	1	1
4F5TrtYYxsVM1PhbtISE5m	Beyond	['c-pop', 'cantopop', 'classic cantopop', 'hong kong rock']	[2019]	1	0
2XRjIwgD0UiJXtx7Xzfy7w	Charlotte Haining	['uk dnb']	[2019]	1	1
5jSVLmsy6qY87JIaqWTGY0	张紫豪	['chinese viral pop', 'mainland chinese pop']	[2018, 2019, 2020]	1	0
2EG2jvD344EpG8RrmwDvci	RED芮德	['taiwan pop']	[2019]	1	1
5lpH0xAS4fVfLkACg9DAuM	Wham!	['new romantic', 'new wave', 'new wave pop', 'soft rock']	[2017, 2018, 2019, 2020, 2021]	1	0
3LpLGlgRS1IKPPwElnpW35	James Morrison	['neo mellow']	[2019]	1	1
7bvcQXJHkFiN1ppIN3q4fi	Joss Stone	['british soul', 'neo soul']	[2019]	1	1
2GfjyOogkWae1MCVpasSfJ	Lu1	['chinese hip hop']	[2019]	1	1
78Uoo6dkYz71U4GCa5pl5e	CEE	[]	[2019]	1	1
4WcEoiKUE9DMIZff2iKL6a	陳綺貞	[]	[2019]	1	1
0UtXMxHMXhwQUI6G6TFDt1	Gin Lee	['cantopop', 'malaysian mandopop']	[2019]	1	1
5jkbds1sULXOeDCjQOajLm	鳥屎	['taiwan hip hop']	[2019]	1	1
1mr0oYq08XW7YiMbcicjQG	蔡昀熹	['chinese electropop']	[2019]	1	1
6yKqC3P9cr6woxqjVodS4G	阿樂	[]	[2019]	1	1
4a95izyFgvXS2JYqL8rANq	SHOTTY HORROH	['battle rap', 'irish hip hop', 'manchester hip hop']	[2019]	1	1
4CUCK4fVLH47CqabxLsECE	Uu (刘梦妤)	['chinese viral pop']	[2019]	1	0
3UgPzCEwBXURUMegiU2eIE	WHYNOT	['taiwan pop', 'taiwanese pop']	[2019]	1	0
6gA3JL1gRKUqp3ZiFRmR9U	劉芷融	['chinese soundtrack']	[2019]	1	0
47BEc2RoW53owMyxacXWdV	Yves V	['belgian edm', 'dutch house', 'edm', 'electro house', 'pop dance', 'progressive electro house', 'progressive house', 'slap house']	[2019]	1	1
65CKKZilbcSKkAPC9a5Mvh	Oumou Sangaré	['afropop', 'malian blues', 'mande pop', 'wassoulou', 'world']	[2019]	1	1
4l4Jumcsti2KoOMbr9V2na	流氓阿德	['taiwan pop', 'taiwanese indie', 'taiwanese pop']	[2019]	1	0
0kS1oLtVdBidgH2aKloRKR	PARK WOO JIN	['k-pop']	[2019]	1	1
5j4ZfrjfKJhMBbDgTFxIwB	LEE DAE HWI	[]	[2019]	1	1
4yxeyorUKkW9fOOBeguEC9	Flynn	['irish pop']	[2019]	1	1
0rOFGXlFK59NmUCHga8oZM	李千那	['mandopop']	[2019]	1	0
0vneleczrRRNPF1vj0x0vy	The Harlem Community Choir	[]	[2017, 2018, 2019]	1	1
4m2kfAHEnK7Z7qLGxeWtro	The Plastic Ono Band	['beatlesque', 'experimental rock']	[2017, 2018, 2019]	1	1
1sBkRIssrMs1AbVkOJbc7a	Rick Ross	['dirty south rap', 'gangster rap', 'hip hop', 'rap', 'southern hip hop', 'trap']	[2019]	1	1
4HzKw8XcD0piJmDrrPRCYk	Majid Jordan	['canadian contemporary r&b']	[2019]	1	1
745LWpqzCzNy04MJC431lP	Mary See the Future 先知瑪莉	['chinese indie', 'taiwan rock']	[2019]	1	0
3Xn9XFk38xAUpbSsOwq4WW	方鉑深	[]	[2019]	1	0
4S60pJTRGN6LLZsJb7f4Of	陳雪燃	['mainland chinese pop']	[2019]	1	0
6RedK3o51NbUJuJxXlT4kj	88-Keys	['alternative hip hop']	[2019]	1	1
7pbay7w0V7OdIr3jzSRkHj	Daniel Blume	['irish pop']	[2019]	1	1
0SP9Fw7JH12PcoWJqBDkLX	陈敏	[]	[2019]	1	0
09agIJMxCD2k87ys9Al0f0	VIZE	['german dance', 'slap house']	[2019]	1	1
4iFznCrxI2nlVer46cgvWG	Gary Yang	['taiwan pop']	[2018, 2019, 2020, 2021]	1	1
0gzwXezN4IUHAwLufA6YcX	Emma	['italian adult pop', 'italian pop']	[2019]	1	1
4gHpFEPM6XlHwfz6uoP8nu	康樹龍	['chinese minyao']	[2019]	1	0
6q3p11nP1p80Ey6LrOOSed	Hit-Boy	['drumless hip hop']	[2019]	1	1
01wQKqIHFEKjHdo32GlElV	房東的貓	['chinese minyao']	[2019]	1	1
1Y2za0XzyluvtDTYtkFwJ7	朱浩仁	[]	[2019]	1	1
1vojr2w7uMwvdG07FU89tr	黄明志	[]	[2019]	1	1
4V8LLVI7PbaPR0K2TGSxFF	Tyler, The Creator	['hip hop', 'rap']	[2019]	1	0
1Ffb6ejR6Fe5IamqA5oRUF	Bring Me The Horizon	['melodic metalcore', 'metalcore', 'modern rock', 'pop punk', 'rock', 'uk metalcore']	[2019]	1	0
6G8I4rDBsRyYXqgvhvNZIt	Barry	[]	[2017, 2018, 2019]	1	1
3xzTmABUFAhlFahOWkobfg	Ayal Komod	[]	[2019]	1	1
5bWUlnPx9OYKsLiUJrhCA1	Jon Z	['reggaeton', 'trap latino', 'urbano latino']	[2019]	1	1
24jJXZRz3aGvjVvZ4OoerD	Monday Kiz	['korean pop']	[2019]	1	1
1PU4kQGbRVMSyvawEYEjFp	Chris James	['singer-songwriter pop']	[2019]	1	1
1hLOgXKqcCmHmN3GCfYFu8	Kelly 家蓁	['taiwan pop']	[2018, 2019]	1	0
4YLQaW1UU3mrVetC8gNkg5	3LAU	['edm', 'electro house', 'mashup', 'pop dance', 'progressive electro house', 'progressive house']	[2019]	1	1
047WXnK2tIG3FGth7FyXaK	Carly Paige	['la pop']	[2019]	1	1
10lR6OAc74wnyP1P8Gfsct	JINU	[]	[2019]	1	1
4ZhFCxPekpmV12n2xMeF2z	Ink	[]	[2019]	1	1
1vfezMIyCr4XUdYRaKIKi3	Keyshia Cole	['hip pop', 'r&b', 'urban contemporary']	[2019, 2020]	1	1
5WRElKaZsn1tGnrgmJVAeO	Cam	['contemporary country', 'modern country rock']	[2019]	1	1
0aD7NQx7yauKlVDnqOxk6q	AI	['j-pop']	[2019]	1	1
31JFnMfmvwzZGdEnXaKGek	Herve Pagez	['musique guadeloupe']	[2019]	1	1
1ePKusBFWRSZ7ljw3e8P7S	安琥	['mainland chinese pop']	[2018, 2019]	1	0
5qa31A9HySw3T7MKWI9bGg	FLETCHER	['alt z', 'pop']	[2019]	1	0
3uZFBSsMiooimnprFL9jD1	Snow	['canadian old school hip hop', 'reggae fusion']	[2019]	1	1
37hAfseJWi0G3Scife12Il	City Girls	['scam rap', 'trap queen']	[2019]	1	1
7CPmN6xt4j0DrJrvLGhZpL	IPIS蟑螂	['taiwan pop']	[2018, 2019]	1	0
4SqTiwOEdYrNayaGMkc7ia	LÉON	['indie poptimism', 'metropopolis']	[2019]	1	1
2hIth62tdZbI64sz6U2Egb	瑪啡因	['taiwan indie']	[2019]	1	1
1AXBUAKorwcXfesS9xj5m5	陳威全	['malaysian mandopop', 'taiwan pop']	[2019]	1	0
1mQ2qm4xBo0bfl5NcaYdSk	Isaac Yong	['singaporean mandopop']	[2019]	1	0
5fAUJZA3XjSWr8dTnWBBqE	樊乃纲	[]	[2019]	1	1
7DE0HbAurohjwdHfFBXzeh	李夢尹	['chinese viral pop', 'mainland chinese pop']	[2019]	1	0
0C8kbAJOGo7CHx8jDTyTfR	Mena Massoud	['movie tunes', 'show tunes']	[2019]	1	1
34X4GbpoKv8sSXEAprHNwv	刘人语	['chinese drama ost', 'chinese singer-songwriter']	[2019]	1	0
0wfhCryEP22ac9SHdYZxGv	MC HotDog熱狗、ESO瘦子	['taiwan hip hop', 'taiwan pop']	[2019]	1	1
6WDDsCDmHfh2P9eQBjx3gw	瘦子	[]	[2019]	1	1
0gYt4XG9A0hyZW7rt745ZY	謝春花	['chinese minyao']	[2019]	1	0
3q7HBObVc0L8jNeTe5Gofh	50 Cent	['east coast hip hop', 'gangster rap', 'hip hop', 'pop rap', 'queens hip hop', 'rap']	[2019]	1	1
4kGgtktmsEB9GGNzo49nxx	PNC	[]	[2019]	1	1
1A8xiGywRrptx8atvxDqBZ	詹森淮	['taiwan indie', 'taiwan singer-songwriter']	[2019]	1	0
5FNhIfKlsVFMTU32VMgDbE	陳君豪	['taiwan electronic']	[2018, 2019]	1	1
0rlKkLkpsCnJbZethGBfAk	Captain Cuts	['pop edm']	[2018, 2019]	1	1
5klp9VmF0Os0ytBwXBy8Tf	Lindiwe Mkhize	['movie tunes']	[2019]	1	1
0zp9qNDSeYi3QEodhcKAAA	Lebo M.	['movie tunes']	[2019]	1	1
250b0Wlc5Vk0CoUsaCY84M	JENNIE	['k-pop']	[2018, 2019]	1	0
1Q67mZjXzxBuLSgvgFdtuG	Emily Blunt	['hollywood', 'movie tunes']	[2019]	1	0
33C4AU4c2IauaxKwEqyaEQ	音阙诗听, 赵方婧	[]	[2020, 2021]	1	0
0T1grpeZ4qvXm7ALeRPKno	Where Chou	['classic mandopop', 'mandopop']	[2020]	1	0
5bysmCOhvkQFNDDX9hpLJU	SMY	['chinese r&b']	[2020]	1	1
5cYcI546S8Lf97m4mNdYLD	Solar	['k-pop']	[2020]	1	0
1Nv875EklW8XLTduI6I3Js	fcj	[]	[2020]	1	1
7JGtDLeiMS8MXVZzbeDNCi	rosarrie	[]	[2020]	1	1
6dhfy4ByARPJdPtMyrUYJK	Yerin Baek	['korean pop']	[2020]	1	0
7LdZwtnhfB1GoC9SE9tvyb	KIM JAE HWAN	[]	[2020]	1	0
3PlRvQnVE3XAbtHUNc4nic	GATTÜSO	['pop edm']	[2020]	1	1
4jXYMn72aKQpJeYvZFcA3n	謝博安	[]	[2020]	1	0
0u6GtibW46tFX7koQ6uNJZ	Topic	['german dance', 'pop dance', 'pop edm', 'uk dance']	[2020]	1	1
5Wg2b4Mp42gicxEeDNawf7	A7S	['pop dance', 'scandipop', 'uk dance']	[2020]	1	1
1Bl6wpkWCQ4KVgnASpvzzA	BROCKHAMPTON	['boy band', 'rap']	[2020]	1	0
4ur1jCwyNlhgd0viJkOtcQ	YooA	[]	[2020]	1	0
6GwM5CHqhWXzG3l5kzRSAS	Younha	['korean pop']	[2020]	1	1
5NOUPpTUG8w2NRrYGSUsIf	張紫寧(Winnie)	['chinese drama ost']	[2020]	1	1
0Phkcppbtek8tJ9RwTeXkx	林愷倫	[]	[2020]	1	0
5RJFJWYgtgWktosLrUDzff	Griff	['uk pop']	[2020]	1	1
4EPYWwU4c8eG2GzD7MenUA	Kim Feel	['korean pop']	[2020]	1	0
6rcE30MaP92XafelMNZ2Sq	Frank Walker	[]	[2020]	1	1
2YXlVLKq3X3soXd2aXUtIT	JAMIE	['k-pop']	[2020]	1	1
3d7OS6FFgSCncu4jFQxDhi	陳紅鯉	[]	[2020]	1	1
5S4LgCDo6Im3fADQDXyWyP	劉以豪	['taiwan pop']	[2020]	1	0
1HAuPdrX1EKL7rtAdb1ZQY	Yojiro Noda	[]	[2020]	1	1
5EXYPAGnOxvyTstoykxKd3	Ha Hyun Woo	['korean ost']	[2020]	1	0
1slszTGbkp1uNnI6G5uD0X	BANG YE DAM	[]	[2020]	1	0
1zuJe6b1roixEKMOtyrEak	Tina Turner	['soft rock']	[2020]	1	1
698hF4vcwHwPy8ltmXermq	Far East Movement	['asian american hip hop', 'dance pop', 'pop rap']	[2020]	1	1
2DaxqgrOhkeH0fpeiQq2f4	Oasis	['beatlesque', 'britpop', 'madchester', 'permanent wave', 'rock']	[2020]	1	0
3f1kd48Kgqq5GW8zLiaf1h	Z.TAO黄子韬	[]	[2020]	1	1
3dayhmhJfL4I8w1PuL9MqQ	Tyson Yoshi	['hk-pop', 'hong kong hip hop']	[2020]	1	1
0wol98NPVvY4Q4wT6yZWGY	Hosea	['chinese melodic rap']	[2020]	1	1
7v7bP8NfcMYh4sDADEAy6Z	Hua Chen Yu	['chinese hip hop']	[2020, 2021]	1	0
4V32bkXmC8fXhRXL0Jpodh	VERIVERY	[]	[2020]	1	0
4JGm6vTwtCqjf0C3kxXx6y	老莫 ILL MO	['chinese hip hop']	[2020, 2021]	1	1
43ZtIy51lQ1J6MPKvXkezy	四堅情WOLF (邱鋒澤、陳零九、黃偉晉、賴晏駒)	['mandopop', 'taiwan idol pop']	[2020]	1	0
3ybZTNrlK0QhL4rBxfLHOc	Gaho	['k-pop']	[2020]	1	0
0siBQaURCli5wn2lqv8WZg	DPR LIVE	['korean r&b']	[2020]	1	1
4IB2TdHMteDOTMAA1UbbcE	Tomggg	['kawaii future bass']	[2020]	1	1
7HnmJNqxXx8INft6NFAEfY	六艾司 Lilice	['chinese r&b']	[2020]	1	1
4IuEkOrNCePRLpRYVWbUql	施語庭	[]	[2020]	1	1
7qd6KGoABHifvXKeFNe2Yb	Wolftyla	['trap queen']	[2020]	1	1
25ZQbXxYqrsopuFrlEQ3Km	鄭可強	[]	[2020]	1	0
3risOBDAx6GGVaCcBuhswz	Jasmine Sokko	['singaporean pop', 'singaporean singer-songwriter']	[2020]	1	1
7iK8PXO48WeuP03g8YR51W	Myke Towers	['reggaeton', 'trap latino', 'urbano latino']	[2020]	1	1
1cNDP5yjU5vjeR8qMf4grg	YNW Melly	['melodic rap', 'rap']	[2020]	1	0
1OY65G9NJJHsSt1lGLZU6q	NiiHWA	[]	[2020]	1	1
3kfCzPixYLIIizOd2fCXae	郭聰明	[]	[2020]	1	1
1Q50Y9cXWlkNEG6gJfUP1e	DEAMN	['pop edm']	[2020]	1	0
0QJIPDAEDILuo8AIq3pMuU	M.I.A.	['escape room', 'indietronica', 'new rave']	[2020]	1	1
63yrD80RY3RNEM2YDpUpO8	Melanie Martinez	['alt z', 'electropop', 'pop']	[2020]	1	0
3iBGBjRwfm8ZVpqHwhNVeW	Keanna Taiyh	[]	[2020]	1	1
1oSMSw5GwOI78e4KqBpG3c	雞二兄弟	[]	[2020]	1	1
3hcs9uc56yIGFCSy9leWe7	Lil Durk	['chicago drill', 'chicago rap', 'drill', 'hip hop', 'rap', 'trap']	[2020]	1	1
5t5zmsIdTDRqDeI17tilpd	Song Ga In	['trot']	[2020]	1	0
3P8fzwFoEZQxVovoy2xgkd	高偉勛	['chinese r&b']	[2020]	1	1
35GL8Cu2GKTcHzKGi75xl5	Jennifer Hudson	['dance pop', 'r&b', 'urban contemporary']	[2020, 2021]	1	1
0Ugkj4M3ycvwnCdTzwzuJA	Lee Chan Sol	[]	[2020]	1	0
5bDxJPbf1x9lOl5f17sb9e	許維芳	['taiwan graduation song', 'taiwan pop']	[2020]	1	1
3a5LC9P4JzYWSWo6npWQsw	Amber An	['mandopop']	[2020]	1	0
2Kym4g2CjFyRO3Hx3phNEM	Cath Wong	['cantopop', 'hk-pop', 'hong kong indie']	[2020]	1	1
4XniA4dwErLgEX0LmrWEgC	Haeil	[]	[2020]	1	1
1IDuSpntFl2Mutofvrrutc	Jason Chan	['cantopop']	[2020]	1	1
53GouHDfCfsBJIn1OjYmPO	Benjamin Kheng	['singaporean pop']	[2020]	1	1
3wwPhsiYLk7w68ZEE36kZ5	Narelle	['singaporean pop']	[2020]	1	1
0hWPa5etsuzHraxEq4xt6U	Hà Lê	['indie viet']	[2020]	1	1
3WQ25uq7gf44zKBb0ymo7r	Wafahish	[]	[2020]	1	1
4HeEXMr62GWTKpnqEiFOkC	Fatin	['indonesian pop', 'indonesian pop rock']	[2020]	1	1
1rOYBAgItVtkmD69PxVRbD	五月天, 李榮浩, 蕭敬騰 & 毛不易	[]	[2020]	1	0
6vypgNeJSC6ipU9mVO1J2Q	演唱：蘇打綠	['mandopop']	[2020]	1	0
75RFc0jpBzX4KI1IVCbW45	蔡黃汝	['mandopop', 'taiwan pop']	[2020]	1	0
6p2HEgiJp6Dr0DI9p5n7nr	April 2nd	[]	[2020]	1	0
7MPGCB854Qo4alYMOPkBka	Ritt Momney	['bedroom pop']	[2020]	1	0
45sDYsh1i1bXB3IRi04MTz	Barry Chen	['taiwan hip hop']	[2020]	1	1
5Hx1PRV6i7vQdc8gAGE8eq	SOPHY	['chinese electropop', 'chinese indie']	[2020]	1	1
5qfqrBBQBrFuQELIjT0hIo	Butterfly Chien	['chinese electropop', 'taiwan pop']	[2020]	1	1
6MKG8dGJOKNwS2a8qZwtKs	李芷婷	['chinese r&b', 'taiwan pop']	[2020]	1	0
3Z4vDqoYFL1kp6XkZ4nDHL	Jing Wen Tseng	['mandopop', 'taiwan pop', 'taiwan singer-songwriter']	[2020]	1	0
6bmlMHgSheBauioMgKv2tn	Powfu	['sad lo-fi', 'sad rap']	[2020]	1	1
35l9BRT7MXmM8bv2WDQiyB	beabadoobee	['bedroom pop', 'bubblegrunge', 'indie pop', 'pov: indie']	[2020]	1	1
4TqlcgMFDryY96KWcvrhTv	Seraphine	[]	[2020]	1	1
7ksQJtsXSRSrI5306UwIgH	Kim Jong Wan of NELL	['korean ost', 'korean pop']	[2020]	1	1
5YYRJB47PfTBqvb3tm2mwu	许光汉	[]	[2020]	1	1
4ArPQ1Opcksbbf3CPwEjWE	Emilee	['social media pop']	[2020]	1	1
1lFLniFTaPjYCtQZvDXpqu	KIMSEJEONG	['k-pop']	[2020]	1	0
5yy76ufVriyvidNSvXlRU1	Clever	['alabama rap']	[2020]	1	1
5Kdp1Iq26eCz7XbPxOgt7F	SUPER JUNIOR-K.R.Y.	['k-pop', 'k-pop boy group']	[2020]	1	0
1XAuuokcNcOWM6yRlEmyRn	谢可寅	[]	[2020]	1	1
5cwsfjgk6DOGznwODBzslY	唐禹哲	['mandopop', 'taiwan idol pop']	[2020]	1	1
7JTuBA82O88ziNWqJbnawy	郭一凡	['chinese singer-songwriter', 'mainland chinese pop']	[2020]	1	1
03bvsls9hsCdD0949sQwPB	CHING G SQUAD	['taiwan hip hop']	[2020]	1	0
4TvhRzxIL1le2PWCeUqxQw	The Blessed Madonna	[]	[2020]	1	1
0zH5akhP1A41eUk6VCQUNz	BECKA	['singaporean pop']	[2020]	1	1
3E3FwS2hE4Ec2fXZ41jiKU	Jesse	[]	[2020]	1	1
3DKkhRCGOG4e8IUPYFPfWs	Dixie	['social media pop']	[2020]	1	1
29cY2K49rS8htpEHUtn0Mj	Jyin Poh	['malaysian mandopop']	[2020]	1	0
5Vo1hnCRmCM6M4thZCInCj	OFFICIAL HIGE DANDISM	['anime', 'anime rock', 'j-pop']	[2020]	1	0
5DIi2JWfQPTKffaVBlIYRn	Sik-K	['k-rap', 'korean r&b']	[2020]	1	1
0hBYSjDjcAaAuSZcpN8jk9	JP THE WAVY	['j-rap', 'japanese trap']	[2020]	1	1
7tuUo4Kby0sTXYcctxdlYa	Young	['mainland chinese pop']	[2020]	1	0
36MQil20hjOpG5f52NQ4du	Moon Sujin	['korean r&b']	[2020]	1	1
4z6yrDz5GfKXkeQZjOaZdq	DAVICHI	['k-pop', 'korean pop']	[2020]	1	0
5XmuuM2C6t4HSPa3FSuU3h	WanMor	[]	[2020]	1	1
460u7AKt1ZvsPMB0zoXuAQ	Asiaboy 禁藥王 ＆ Lizi 栗子	['mandopop', 'taiwan hip hop']	[2020, 2021]	1	0
70nhxoqYSdKSpC5x76mg10	布兰地	[]	[2020]	1	1
0tEnJ6CmCDpUTw2d7X8bmD	于子育	[]	[2020]	1	0
4SfFh31iZGOER3ajjaeior	KUN	['chinese idol pop']	[2020]	1	0
0Cp8WN4V8Tu4QJQwCN5Md4	BENEE	['alt z', 'nz pop']	[2020]	1	1
6sHCvZe1PHrOAuYlwTLNH4	Gus Dapperton	['bedroom pop', 'indie poptimism', 'pov: indie']	[2020]	1	1
2vgNnUs9OVyhkEziYbvlwf	黄鸿升 (小鬼)	[]	[2020]	1	0
7okSU80WTrn4LXlyXYbX3P	Clinton Kane	['alt z', 'gen z singer-songwriter']	[2020]	1	1
2eogQKWWoohI3BSnoG7E2U	Donna Summer	['adult standards', 'disco', 'hi-nrg', 'new wave pop', 'soft rock']	[2020]	1	1
35kMWGEVOOesE5U0CdP3Zo	Ice Paper	['chinese hip hop']	[2020]	1	0
1EMVtU2X6lNkNNfALzCEuT	寺二	[]	[2020]	1	1
1Zfvu3KDmISwHwOuU8eXH5	Orange Villa	[]	[2020]	1	1
6X2LhFcrBlfOhjBcnHMWpF	DEN	['chinese r&b']	[2020]	1	1
48KbdQ2h1Qq2G0mr3hVsls	孙盛希	[]	[2020]	1	1
72gTE718El4jxR5AWIIsq4	藤原浩	[]	[2020]	1	1
4IlxI05VmVDx8ShdgKEnLK	The Chairs	['chinese indie']	[2020]	1	0
3caZxmZkahlga1xtnOtahu	陳昊森	[]	[2020]	1	0
5KNNVgR6LBIABRIomyCwKJ	Dermot Kennedy	['folk-pop', 'irish pop', 'uk pop']	[2020, 2021]	1	1
70JRokInD9QwMpE0LPgIHB	DJ Mykal a.k.a. 林哲儀	['taiwan electronic']	[2020]	1	1
2auikkNYqigWStoHWK1Grq	John Martin	['pop edm']	[2020]	1	1
5LHu1iF8m0XtRBEJbbwSoo	WOOSUNG	['k-pop', 'korean ost']	[2020]	1	0
0KuF7reCTOZwV7YJnHQqgr	The Neptunes	[]	[2020]	1	1
28Nk9B0LudPoufVThERUDi	REFUND SISTERS	['k-pop girl group']	[2020]	1	0
7K4cef9h3NvU7Xb3BH7Ade	Michael Seyer	['bedroom pop', 'hypnagogic pop']	[2020]	1	1
6jNRSV0cd0kL5Tfz6JPxZA	王貳浪	['chinese viral pop']	[2020]	1	0
0qSX3s5pJnAlSsgsCne8Cz	Brett Eldredge	['contemporary country', 'country', 'country road', 'modern country rock']	[2018, 2020]	1	1
0YinUQ50QDB7ZxSCLyQ40k	Mustard	['cali rap', 'pop rap', 'rap', 'southern hip hop', 'trap']	[2020]	1	1
2PaZWGu5T5nHjY2xxAkFsT	THE SCOTTS	['viral rap']	[2020]	1	1
0kXCdaJ7C5MD27jXxzvHsa	Ahrix	['gaming edm']	[2020]	1	1
5pVBiAVDLnwz5I388c0LIX	呂孝廷	['chinese r&b']	[2020]	1	0
5ghNwcHNesKq0Q3zfK39ic	So Soo Bin	['korean r&b']	[2020]	1	1
3mYdRRihv7Oj0g4a7viHOX	SOHEE	[]	[2020]	1	1
7LkCRVcvQaZor2rIsWiVDA	Rudy Mancuso	[]	[2018]	1	1
7yL7IexZsQ4uZy7YbX4wVN	Maia Mitchell	[]	[2018]	1	1
2eRjqXdTsssjpimRlz1i41	H.I.N.P (Hot Issue of Ntl. Producers)	['k-pop reality show']	[2018]	1	0
6gM8oO67eM4jmE4mrEFVZa	黎安萊姆絲	[]	[2018]	1	1
6JtFllJR7nhh8fa6oGefSj	Late Night Alumni	['disco house', 'downtempo']	[2018]	1	1
3WtrH1zNpzoPSz6XpwCh6y	Delilah Montagu	['british singer-songwriter']	[2018]	1	1
37MmapyTgG1yu06cqp4dLa	Donny Pangilinan	['opm']	[2018]	1	0
0bdJZl7TDeiymDYzMJnVh2	Preme	['canadian hip hop', 'canadian trap', 'toronto rap']	[2018]	1	1
1p0bZvMtjOMVjwY6iIhVYg	Vic Teo	[]	[2018]	1	0
0OAEZfwqeRjujNSal5utBS	洛客班	['mandopop']	[2018]	1	0
39PhMWg1aAuuZcph0OXGu6	Deniz Koyu	['dutch house', 'edm', 'electro house', 'german techno', 'pop dance', 'progressive electro house', 'progressive house']	[2018]	1	1
7wjeXCtRND2ZdKfMJFu6JC	Louane	['french pop']	[2017, 2018]	1	1
53M4Iv2RkzzxFFvW2B1jhC	Breathe Carolina	['electropowerpop', 'neon pop punk', 'trancecore']	[2018]	1	1
37obY6KAyQrGu95SqzKJlu	Sunstars	['sky room']	[2018]	1	1
1mSJCvDX0W7Dn7S9C6vmvI	Anna of the North	['electropop', 'vapor pop']	[2018]	1	1
7J59BD03maCvbOJKBlryQK	謝金燕	['chinese electropop', 'mandopop', 'taiwan pop']	[2018]	1	0
0Gwk81mxP1xqDfRDNMUmQ3	元衛覺醒	['mandopop', 'taiwan pop']	[2018]	1	0
5mqguTgtaoCMNMZD6txCh6	Phum Viphurit	['bedroom pop']	[2018]	1	0
5TQOmpHMC3dNvHmibo3NPN	林子良	[]	[2018]	1	0
55RKbZHb1yAXuvEHTIyaxJ	Rochelle	['dutch r&b']	[2018]	1	1
1B0Rp4SWGnFgGCPU5Pju6E	Nego do Borel	['funk carioca', 'funk das antigas', 'funk ostentacao', 'funk pop', 'sertanejo universitario']	[2017, 2018]	1	1
340tl79lbL3RqFssLtYj3B	周汤豪	['taiwan hip hop']	[2018]	1	0
7iLc4hrjOjQPfg1E3cCHg1	Tim Berg	['edm', 'electro house', 'pop dance', 'progressive electro house']	[2018]	1	1
26SQFo2qNNGOxh2PUAsTeO	Michael Wong	['malaysian mandopop', 'mandopop']	[2018]	1	0
7sfgqEdoeBTjd8lQsPT3Cy	Emeli Sandé	['r&b', 'talent show']	[2018]	1	1
4xFUf1FHVy696Q1JQZMTRj	Carrie Underwood	['classic oklahoma country', 'contemporary country', 'country', 'country dawn', 'dance pop']	[2018]	1	1
7jXoGtR69J2iYCefc58MZX	Twins	['cantopop']	[2018]	1	1
75EZuo5MHV2572NRpMWotC	Crystal Fighters	[]	[2018]	1	0
5oLxJrktO7kOEJANS6nkZB	Alex Lustig	['vapor twitch']	[2018]	1	1
4D9a1UPPFCoOm1kBtJfni5	Akacia	[]	[2018]	1	1
1oA59f4Muicrwf7QY5nDqV	Summer Lei	['chinese indie', 'taiwan pop', 'taiwan singer-songwriter']	[2018]	1	0
24ALZ3PLX0Ty3E3NnhdsXO	冬夏雨晴	[]	[2018]	1	0
5i09Vd9N18qRJl2RcXODOp	Cathrine Lassen	[]	[2018]	1	1
7rYFaJIhVwCyjwKUNeAiSs	阿桑	['taiwan pop']	[2018]	1	0
7EEiVZvj6RCEtVX2F2pyxu	Slim Jxmmi	['trap']	[2018]	1	1
6G94zxdItl2GgmKVfoAGI0	艾熱AIR	['chinese hip hop']	[2018]	1	1
25vEZS7WfjbOJqb0AKMAzR	大隸	[]	[2018]	1	1
4KXVmbCeWD1nQImsDAy1Cw	小小湯	[]	[2018]	1	1
0L0nbo7HXVCPYFzgSgT0GU	館長	[]	[2018]	1	1
2JLqTvFXmC87BksiCsBezV	Matt Terry	['talent show']	[2018]	1	0
2Fc5cGXai8xzLhGyltp4tT	Suboi	['vietnamese hip hop', 'vietnamese melodic rap']	[2018]	1	1
56YvXhxjnImPI8N5dvtjm7	EK	['k-rap']	[2018]	1	1
68ZyOBf2Yr7oarlnaIzPJq	XZT	[]	[2018]	1	1
4TvEx3QxTDbOBf5XgfNPiU	Moozlie	['south african hip hop', 'south african trap']	[2018]	1	1
29zsVzEH33dD5QqxeL8dvy	Vini Vici	['progressive uplifting trance']	[2018]	1	1
61LAVgfVbkRLgNHEDveOyh	Cherrymoon Trax	['belgian dance', 'hard trance', 'old school hard trance']	[2018]	1	1
1QDrz3DMMaz3TB1cm0PGDu	Justin Jesso	['singer-songwriter pop']	[2017, 2018]	1	1
3pbi8H08p95NUZ7m6ybxUV	Static Major	[]	[2018]	1	1
4oriboWHCltVVTzHHw5q6H	林樂偉	[]	[2018]	1	0
5p0zkKpBuRguKebwRe0RI2	Pierce Fulton	['complextro', 'pop edm', 'progressive electro house']	[2018]	1	1
27gtK7m9vYwCyJ04zz0kIb	Lane 8	['gauze pop', 'progressive house']	[2018]	1	1
1knBSeui5VhCJC1xHm47ya	J. F. July	[]	[2018]	1	1
4mXtC1DkxCaq3A6gdUR662	陳奕雯	[]	[2018]	1	1
5EoT9fTU737Wq6bmO4TlP8	龔淑均	[]	[2018]	1	1
4zydtaHyuMOVjw507ePyxe	CYR	[]	[2018]	1	1
76M2Ekj8bG8W7X2nbx2CpF	NGHTMRE	['brostep', 'edm', 'electro house']	[2018]	1	1
513t0jZUP0K98C4h7KHtEb	NONONO	['shimmer pop', 'swedish alternative rock', 'swedish indie pop']	[2018]	1	0
6Ur6METz02CC9zcJWDFicC	M.O	['afroswing', 'girl group']	[2018]	1	1
0tJCNteqwm7LmRZ6KWr8GT	Chip	['grime', 'instrumental grime', 'london rap', 'uk hip hop']	[2018]	1	1
0zkoIIaqJT7WP0rly4rOMk	Roisto	['finnish edm']	[2018]	1	1
4ubjjmdSgfPMuDTSTeBH67	PowerDress	[]	[2018]	1	1
4MGEh4IsSE7HGkznRKr5SL	張淦勛	[]	[2018]	1	0
39c76ZyxQcRwms0MGWJcsc	張思琪	[]	[2018]	1	0
3ao3jf5d70Tf4fPh2bnXVl	We The Kings	['neon pop punk', 'piano rock', 'pop punk']	[2018]	1	0
386sPcqFWFmTu2aJJmDCuT	吳心緹	[]	[2018]	1	1
3M208gr0Cbai9J2HyVCLMp	Goodito Frito	[]	[2018]	1	1
7wzaSKTsjE9HnuDuZTX452	Arlissa	['uk pop']	[2018]	1	1
4SoF1XBWjLKLBGe6j1hhBo	Trouze	['singaporean pop']	[2018]	1	1
2fsk4VlJdNF6G8cCMDrrzB	Norma Jean Martine	['nyc pop']	[2018]	1	1
5jm3x1qIibWdKSEMw2G011	Moksi	['bass house', 'dutch edm', 'electro house', 'electronic trap']	[2018]	1	1
2YkP9pfIZ6hJKeuppuz8qT	Yade Lauren	['dutch rap pop']	[2018]	1	1
5aIWqYAZHKywym00ilmWLH	陳妍元	[]	[2018]	1	0
7EY3xvBhvVnAGIN4hyGIUk	Tabitha Nauser	['singaporean pop']	[2018]	1	1
6BeO1KuAWBqFriL1mLHtNc	Leslie Grace	['bachata', 'latin viral pop']	[2018]	1	1
1OjcBoc71FwlzD5cJGx7xk	SULLI	['k-pop']	[2018]	1	1
6UdKtISMXYKSR8jcgtFePo	Rad Museum	['korean r&b']	[2018]	1	1
2iB8eFB6flwQculkUrRssi	AUGUST 08	['la pop', 'r&b']	[2018]	1	1
77tT1kLj6mCWtFNqiOmP9H	Daryl Hall & John Oates	['album rock', 'classic rock', 'heartland rock', 'mellow gold', 'rock', 'singer-songwriter', 'soft rock', 'yacht rock']	[2018, 2021]	1	0
6VJXRJvRRyLv99RZbXJ8RO	JBJ	['k-pop', 'k-pop boy group']	[2018]	1	0
37awA8DFCAnCCL7aqYbDnD	Blasterjaxx	['big room', 'dutch house', 'edm', 'electro house', 'pop dance', 'progressive electro house', 'slap house']	[2018]	1	1
4m5bANP6wwn3O6xmjYxhTm	Mitch Crown	[]	[2018]	1	1
2mmqhYDTD0weseyXUf1QJ5	7 Skies	['uplifting trance']	[2018]	1	1
3QbUqBENhP3J4FaM3xlSGY	Junkilla	[]	[2018]	1	1
5HdQpmNJARTfx4S4wCvboj	TONYB.	[]	[2018]	1	1
2nuKjZLgc7II6FO4Rxjt5e	Blonde	['house', 'uk dance']	[2018]	1	1
7mWMzxN6IAIQ1tfFFtAiQv	Bryn Christopher	['british soul']	[2018]	1	1
3Bj81IbILbuj2uEwWXMdXI	Sosamann	['atl trap', 'houston rap', 'memphis hip hop']	[2018]	1	1
0SbSDzM4X41hnlURed0fcV	Carter Burwell	['soundtrack']	[2018]	1	0
2GHclqNVjqGuiE5mA7BEoc	Common	['alternative hip hop', 'chicago rap', 'conscious hip hop', 'hardcore hip hop', 'hip hop', 'political hip hop']	[2018]	1	1
7syGPkGXynEPQxGw0Cm2fE	黃乙真	[]	[2018]	1	0
6CxdELIq62cyzYF3kGHP28	GONG	['chinese electropop']	[2018]	1	1
48eO052eSDcn8aTxiv6QaG	NCT	['k-pop', 'k-pop boy group']	[2018]	1	1
2QM5S4yO6xHgnNvF0nbZZq	SEULGI	['k-pop']	[2018]	1	1
0tZl5OAXf9jYXFmfRGejs2	SinB	['korean ost']	[2018]	1	1
33fgnFIjNPms9XyVAGwvkI	黃宥傑	[]	[2018]	1	0
1klFdLh3pak3eOtJP0styY	Triple H	['k-pop']	[2018]	1	0
4GaA53bqvMoSs2WzEFGiLe	Lia Marie Johnson	['teen pop']	[2018]	1	1
4hEojNVUgNvXDE8Aem4P7h	Trilane	['sky room']	[2018]	1	1
6Bb2R70eMBIIG6BFJhHv7f	Kokaholla	[]	[2018]	1	1
4t47pMNIyXO3lDZfzi8ENS	Quarterback	[]	[2018]	1	1
1no9ABTWrrjgqPVRadC6XA	新樂塵符-賀子玲	[]	[2018]	1	0
5gznATMVO85ZcLTkE9ULU7	Lenny Kravitz	['permanent wave', 'rock']	[2018]	1	1
5y5ci9MhupBHj8X5DpGEYC	柯文哲	['chinese hip hop']	[2018]	1	1
5Mq7iqCWBzofK39FBqblNc	Jessie Ware	['british soul', 'electropop', 'neo soul', 'pop soul', 'uk pop']	[2018]	1	0
3rse0xkCrTq4vDCYtOSGPU	The New Barden Bellas	[]	[2018]	1	0
0afEdGty8N3VzTdFwtPydj	Alina Cheng	['mandopop', 'taiwan pop']	[2018]	1	0
2xLeS5F1xogY0Y3DpvORCh	奇哥	['taiwan indie']	[2018]	1	0
7MFJyevu6jq0shwDuVLymu	Justin Mylo	['dutch house', 'electro house', 'pop dance', 'pop edm', 'progressive electro house']	[2018]	1	1
1E1W3to8HhGSkkIEUMwEjd	Dewain Whitmore	[]	[2018]	1	1
2xgAJkalFHfceCNGETOkyM	GRX	[]	[2018]	1	1
1KP6TWI40m7p3QBTU6u2xo	BØRNS	['indie poptimism', 'indietronica', 'modern alternative rock', 'modern rock', 'pov: indie']	[2018]	1	1
1moxjboGR7GNWYIMWsRjgG	Florence + The Machine	['baroque pop', 'modern rock', 'neo mellow', 'uk alternative pop']	[2018]	1	0
6gvSKE72vF6N20LfBqrDmm	Mao Buyi	['chinese minyao', 'chinese singer-songwriter', 'mainland chinese pop']	[2018]	1	1
2xbV452k0SC2JZJDtm7mqK	那吾克熱-NW	['chinese hip hop']	[2018]	1	0
4S8NmgM7oJ188sKp1waZpy	MÖWE	['deep tropical house']	[2018]	1	1
24CzPFC4y3bM4AkUnZfuAU	Karra	['la pop', 'pop edm']	[2018]	1	1
6NXVndo53WAgYiqCVxkKft	VAVA	['chinese hip hop']	[2018]	1	1
752OG1hjdaVGpIftjzucUI	KOZAY	[]	[2018]	1	1
67LxHHngWAoyQylON1g39B	DJ Aku Ash	['malaysian hip hop']	[2018]	1	1
4x2VUYOX7wMuZp7D9UcGje	Kilafairy	[]	[2018]	1	1
6S0dmVVn4udvppDhZIWxCr	Sean Kingston	['dance pop', 'miami hip hop', 'pop']	[2018]	1	1
6JsclVjagT70ARSEaKsrkP	張瑋琁	[]	[2018]	1	1
6G1yTgvoYsuVb2Ja8cVVJ2	anders	['canadian contemporary r&b', 'canadian hip hop', 'toronto rap', 'trap soul']	[2018]	1	1
5YMqwPmb7ViNXM63g1MUH5	BullySongs	[]	[2018]	1	1
4zTNiArZgV1SKWATSFshVI	PRISTIN V	['k-pop', 'k-pop girl group']	[2018]	1	0
2JzhQYGos3RqV7MT5fWeek	Porches	['art pop', 'chillwave', 'experimental pop', 'shimmer psych']	[2018]	1	0
1xrvnT8IPYpS6iOkAq8tLt	Hayley Warner	[]	[2018]	1	1
0touaoSr4QOLYxBJ9lmGgK	Karencitta	['pinoy edm', 'pinoy r&b', 'pinoy trap']	[2018]	1	1
4YHKzvqxptwrqZT9GyYHIg	Amaan Ali Bangash	['hindustani instrumental', 'indian classical', 'sarod']	[2018]	1	1
7ljpuNfOEA1vCZv3SHeKdG	Ayaan Ali Bangash	['sarod']	[2018]	1	1
3UaEtP4pJGDhyEzy47AMzl	Malte Ebert	['danish pop', 'scandipop']	[2018]	1	0
6ZIPwLHJoMG10KPGt4hNWW	孟鵬	[]	[2018]	1	0
0rZp7G3gIH6WkyeXbrZnGi	Novo Amor	['ambient folk', 'indie folk']	[2018]	1	0
7nLakaHt1koh5mP4OIVM0F	Jang Yi-jeong	[]	[2018]	1	1
4bw2Am3p9ji3mYsXNXtQcd	Piso 21	['colombian pop', 'latin pop', 'reggaeton', 'reggaeton colombiano', 'trap latino', 'urbano latino']	[2018]	1	1
1XkoF8ryArs86LZvFOkbyr	Mary J. Blige	['dance pop', 'neo soul', 'r&b', 'urban contemporary']	[2018]	1	0
2Bixmzp9TaAzXvQFTW5t3z	小s	[]	[2018]	1	1
3kBTda7vNOOAA2Tu5uD13Y	Sj	['pop edm']	[2018]	1	1
2cQr2KbzdRtIFlfbHGnNsL	Ziv Zaifman	['show tunes']	[2017, 2018]	1	1
1hcdI2N1023RvSwLzTtdsp	Natalia Lafourcade	['latin alternative', 'latin pop', 'mexican pop', 'rock en espanol', 'veracruz indie']	[2018]	1	1
3H4uKwNgNWoJwJgm4hJ9Ek	伍嘉成	[]	[2018]	1	1
3jHBxvZ9gbBkZ17wKUqVsO	Kent Jones	['miami hip hop', 'viral trap']	[2018]	1	1
6DVipHzYsPlIoA0DW8Gmns	"Royce Da 5'9"""	['detroit hip hop', 'gangster rap', 'hardcore hip hop', 'hip hop']	[2018]	1	1
5puur8AWnDOKudmjScQdjw	Jun Jin	[]	[2018]	1	0
4uTHiWdOkO9h0fCktdDbrF	陳予新	[]	[2018]	1	0
0PlwaM52QV4onKJ67RGRsL	aMEI	[]	[2018]	1	1
5B1AaSUIE8FWo6ERw95rLP	羅美玲	[]	[2018]	1	0
3XonXgjEAAXVl0WKLF1Z4g	Sidney Samson	['dutch house', 'electro house', 'melbourne bounce', 'progressive electro house']	[2018]	1	1
5EvFsr3kj42KNv97ZEnqij	Shaggy	['dance pop', 'pop rap', 'reggae fusion']	[2018]	1	1
21q5bZHKAuO3FXJfv7r5SO	Bobso Architect	[]	[2018]	1	1
6PMr6l8zDjt7enAIND9wU7	Hosai	[]	[2018]	1	1
0s1ec6aPpRZ4DCj15w1EFg	Dario Marianelli	['orchestral soundtrack', 'soundtrack']	[2018]	1	1
0iqgjl0OG3z53PZVIB7ZyD	Víkingur Ólafsson	['classical piano', 'nordic classical piano']	[2018]	1	1
6NXk2pLFocS2OkNdT7ncBt	Trevor Guthrie	['canadian pop']	[2018]	1	1
2s6lxOYvvCvzpHtd3VyuMj	Uffie	['dance-punk', 'electro-pop francais', 'electroclash', 'electrofox', 'new rave']	[2018]	1	1
5MGoZUcMHAwTKzcXKKofQ9	Riah	['indie electropop']	[2018]	1	1
03xIQs0Wl4OXkiiunwpkf0	leegof	['chinese indie pop']	[2018]	1	0
0Wkm45quqfx3NepJpXDvwE	Superorganism	['art pop']	[2018]	1	1
4MXUO7sVCaFgFjoTI5ox5c	Sufjan Stevens	['art pop', 'baroque pop', 'chamber pop', 'indie pop', 'indie rock', 'singer-songwriter']	[2018]	1	0
5YyGLejM00snCF1RJKlocJ	Nikki Vianna	['nyc pop']	[2018]	1	1
0vR2qb8m9WHeZ5ByCbimq2	Reik	['latin arena pop', 'latin pop', 'mexican pop', 'reggaeton']	[2018]	1	1
2vf4pRsEY6LpL5tKmqWb64	Elderbrook	[]	[2018]	1	0
5eKqhPrKad0J9xGAtq3rW7	BURNS	['la pop', 'uk dance']	[2018]	1	1
6FBHHds9fLvv41A3yxgvGM	是元介	[]	[2018]	1	0
5IIP34JBy1d8kBYlAGnRaW	Linying	['singaporean pop', 'singaporean singer-songwriter']	[2018]	1	0
24HNTbd7Y2qVOCyzIosYi9	Nana Rogues	['uk hip hop']	[2018]	1	1
0TkqXdyWLsssJH7okthMPQ	Jay Electronica	['alternative hip hop', 'conscious hip hop', 'drumless hip hop', 'hip hop', 'psychedelic hip hop']	[2018]	1	1
5WY88tCMFA6J6vqSN3MmDZ	NELL	['k-rock', 'korean pop']	[2018]	1	1
4N8BwYTEC6XqykGvXXlmfv	George Benson	['jazz funk', 'jazz guitar', 'smooth jazz', 'soul jazz', 'yacht rock']	[2018]	1	1
4FqPRilb0Ja0TKG3RS3y4s	Steve Angello	['dutch house', 'edm', 'electro house', 'house', 'pop dance', 'progressive electro house', 'progressive house']	[2018]	1	1
66AE89GQTx88zLYhXn1wFK	Sam Martin	[]	[2018]	1	1
0fers4ali7VDMgoLnUncip	金志遙	[]	[2018]	1	0
1kgxTtyF91VaqLD3J6Krd5	Hellberg	['complextro', 'gaming edm']	[2018]	1	1
6yQkMw2cRF9RstGdKlva32	Napa Cabbage	['chinese electropop']	[2018]	1	1
0DRf6JJDQnRnz0Yp209CmH	Stadiumx	['dutch house', 'edm', 'electro house', 'pop dance', 'progressive electro house', 'progressive house', 'sky room']	[2018]	1	1
63gbXCha1jpkrJJ9K5gGpR	ELI	['german pop']	[2018]	1	0
2QlwnS23KrBeshXFyK5U6M	LVNDSCAPE	['deep tropical house', 'pop dance', 'pop edm']	[2018]	1	1
7hxYyECW5s96Y5qgZm135o	王倩倩	[]	[2017, 2018]	1	1
5TgQ66WuWkoQ2xYxaSTnVP	Netsky	['belgian edm', 'dancefloor dnb', 'drum and bass']	[2018]	1	1
6VD4UEUPvtsemqD3mmTqCR	Deorro	['dutch house', 'edm', 'electro house', 'melbourne bounce', 'melbourne bounce international', 'pop dance', 'progressive electro house']	[2018]	1	1
3PtCud9dIdOv4exrzdZZ1C	MAKJ	['dutch house', 'edm', 'electro house', 'melbourne bounce', 'pop dance', 'progressive electro house', 'sky room']	[2018]	1	1
3NKKngINK1tP6BFy0WOyWk	Max Styler	['brostep', 'tech house']	[2018]	1	1
5RJ60X53PX6NgZCCsYZ91Z	Bridget Cady	[]	[2018]	1	1
7BFhldZR0Gpl3o5GrdWbUg	黄旭 | 艾熱	[]	[2018]	1	0
03qDXpYN8RyxRwdcYnGE6S	张希	[]	[2018]	1	0
1PFc84GHTYPL0G12JHh9Mc	Dannic	['dutch edm', 'dutch house', 'edm', 'electro house', 'pop dance', 'progressive electro house', 'progressive house', 'sky room']	[2018]	1	1
7DyGjIiaZiLrfyrdbIsDEP	Polina Griffith	['deep uplifting trance']	[2018]	1	1
4bazJLWIv8CuqmgxJRiGqo	Just Kiddin	['house', 'uk dance']	[2018]	1	0
2lkCfFklQDBPlQzS4tR3VP	Tiffany Young	['k-pop', 'korean r&b']	[2018]	1	0
44eNlYXYkIGob3NU82tgLq	Daniel Wilson	[]	[2018]	1	1
5ORE0ElD7HiONogJZzhKrS	PRODUCE 48	['k-pop', 'k-pop girl group', 'k-pop reality show']	[2018]	1	0
1ZfQ36mfcgCDLzgie1Rn4W	BASTIAN	[]	[2018]	1	1
2FF2nZHzYDwU1zlFCe8Id7	Veronika	[]	[2018]	1	1
3khg8RDB6nMuw34w1IHS6Y	Jónsi	['icelandic pop', 'post-rock']	[2018]	1	1
6iSZjc4kOoKZKiBXK5HbwD	El Chombo	['panamanian pop']	[2018]	1	1
4qDGDPGMIJuIvPfUGe0Ngg	Cutty Ranks	['lovers rock', 'old school dancehall', 'roots reggae']	[2018]	1	1
0b793YV9vVxAW2fyNOn71e	Young Juvenile Youth	['japanese alternative pop']	[2018]	1	0
28DdkLhrzQNizZ0ExQpyku	Rizky Febian	['indonesian pop']	[2018]	1	1
0EGFBbtWSqsqtoQIv5wGC0	Chandra Liow	['indonesian hip hop']	[2018]	1	1
1W3FSF1BLpY3hlVIgvenLz	The-Dream	['dirty south rap', 'hip pop', 'r&b', 'southern hip hop', 'trap', 'urban contemporary']	[2018]	1	1
64ywHynl1UIFcpwJP0f1yF	徐真真	['chinese hip hop']	[2018]	1	1
6cq8xunBaX6pr0wJJrPFhn	廖人帥	[]	[2018]	1	1
3KmgWrnClkfe5dMOZL7Hnq	Luji 黃莉	[]	[2018]	1	0
1mNalEbDGiL0rHTGwagfr1	Jean Castel	[]	[2018]	1	0
5TrkbV9x6OdTBlzWPJeBz5	Youngr	[]	[2018]	1	0
36nWYFJVxfbpEenzbQRPZr	黃小楨	['chinese indie', 'taiwan pop', 'taiwan singer-songwriter']	[2017, 2018]	1	0
5XphhGbDCcHKn3Pz7ZbmQP	988 DJs	['chinese new year']	[2018]	1	0
4m4Sfpmql8ARd1fMQtaYD9	高慧君	[]	[2018]	1	1
60sVnCJWU7WHTMSzK0HzPW	Danko	['slap house']	[2018]	1	1
1IdnRkPNhDMUx70WTftWUC	2Choice	[]	[2018]	1	1
0UH0bCsT31JLsbLjFbVAWe	Scene Writers	[]	[2018]	1	1
726MxZBpkxnnoKl6aN7mmj	Cookin' On 3 Burners	['bboy', 'instrumental funk']	[2018]	1	1
0NQJm4Wlz3rrDJGlQ28L81	Sophie Francis	['dutch house']	[2018]	1	0
0oSGxfWSnnOXhD2fKuz2Gy	David Bowie	['art rock', 'classic rock', 'glam rock', 'permanent wave', 'rock']	[2018]	1	1
0CxNT2689kPeISWh2eLMZO	孫楠	[]	[2018]	1	0
62gL3RAdJAPUmjrYudnVjy	Holly Brook	[]	[2017, 2018]	1	0
7GR7ORS6VzaG0i9ge3ZHSM	張涵真	[]	[2018]	1	0
3CBAfv5IxPSyPNilBTX4tP	Teamheadkick	['antiviral pop']	[2018]	1	0
68CDnBF8bbSvuDIhLy0Dgv	E-SO	[]	[2017, 2018]	1	1
3RIgMUtdfRx98Lm5bXM3GD	Wowkie Da	['chinese manyao']	[2018]	1	0
6XhtzO9007cwYPNcxd8Br2	Morgan Bosman	['nashville hip hop']	[2018]	1	1
2Zpr5JP4tgCdDQyxLkpSEu	汪定中	['taiwan singer-songwriter']	[2018]	1	0
4UffC3o3JiLSg7pa5DpQbp	Mike Yung	['pop soul']	[2018]	1	1
0ziR2zN0NFcB4x1G3P8cW3	VICTON	['k-pop', 'k-pop boy group']	[2018]	1	0
36we9Nvk05alC8v82ZP0Uf	Cecilia Kallin	[]	[2018]	1	0
3LaBw0YCv8D35w9AvePFtF	Aspyer	['russian dance']	[2018]	1	1
4QfOh8rJ0OddhhXHD5QyWs	The Boy Next Door	['basshall']	[2018]	1	1
20twLKFb2Nhd8duUH0k2DJ	Jake Gosling	[]	[2018]	1	1
7KX5TRDqUeACXTZ1l9qbnS	Waysons	['gaming edm', 'swiss techno']	[2018]	1	1
5GTkwiuc6ayldeGjQVAN4n	Marcus Chang	['taiwan pop', 'taiwan singer-songwriter']	[2018]	1	0
45Dc572GdbJ6Guc8X3UW24	Mali-Koa	[]	[2018]	1	1
4ea7xNjyK7siVnz3jU5cN2	張紋嘉	['cantopop']	[2018]	1	0
6aNXXIGCTxVP98Mp1lafGq	Moon Chew	['singaporean mandopop']	[2018]	1	0
66sjzM9FxtKdvvSnofiNbz	Scott Damn	[]	[2018]	1	1
3aKYNxHBFiIcw0yrv06R6W	Blewbird	['chill house']	[2018]	1	1
31hAyy3vaJnrYBCkWJdwHK	SLEO	[]	[2018]	1	1
16nw1SG2XbnRNjigfVcyfY	Nick Chung	['chinese new year']	[2018]	1	1
3BrG5EjjAeVzpHt5vT5Wk8	Stella Chung	['malaysian mandopop']	[2018]	1	1
5TEhoZNKgbQGWFiJUMAjSn	Chang Yong 常勇	[]	[2018]	1	1
3pervtv5Xlum5p1noOZgeJ	Chang Le 常乐	[]	[2018]	1	1
1dtB0f9ektQ8LqVtu5DK7A	Susan Wen 温舒森	[]	[2018]	1	1
1C9HV2OPfDYQwGr3zRtPxV	Benny	[]	[2018]	1	1
36e7UrIdURMIW9UyOXWEFh	Pei San 林佩姗	[]	[2018]	1	1
58O8UPrTdl4u2buM0skj94	Harrison	[]	[2018]	1	1
1KkuALrf8T61dUSezl80Y4	Bobby Chen	['classic mandopop', 'mandopop', 'taiwan singer-songwriter']	[2018]	1	0
0vrYME4FwiyjUglMw5bU9a	CMO樂團	['taiwanese indigenous']	[2018]	1	0
2PbU3CmXZmV6dPfzLONLIA	巴奈	['taiwan pop', 'taiwan singer-songwriter', 'taiwanese indigenous']	[2018]	1	0
2KU7pJgPoJC3uwJRZPYQ8G	BATE	['malaysian indie']	[2018]	1	1
7wLyGTO9vUS7ndlq4BvBGe	Blake Rose	['australian electropop', 'singer-songwriter pop']	[2018]	1	1
3W1715uFRerp7Qyl7tK49F	Radio 3000	[]	[2018]	1	1
2NqfVX6wBXzWKtZ6kWW4rc	蕭賀碩	['taiwanese pop']	[2018]	1	0
085pc2PYOi8bGKj0PNjekA	will.i.am	['dance pop', 'pop']	[2018]	1	1
2r7POU2f5jV6x3k4vsNwrM	Fiora	['vocal trance']	[2018]	1	1
5WHKBKrvTBMPoQX3v3Bq8J	Leah Nobel	['nashville singer-songwriter']	[2018]	1	0
50kceDjknh0CjwOko7kx7V	Jewelz & Sparks	['big room', 'dutch house', 'electro house', 'progressive electro house', 'sky room']	[2018]	1	1
0eHQ9o50hj6ZDNBt6Ys1sD	Yandel	['latin hip hop', 'reggaeton', 'trap latino', 'urbano latino']	[2018]	1	1
4K9aclpXgCPNFGEqRlFPal	Peter Manos	[]	[2018]	1	0
3CbYyyd8wH3RT6t0jwpdzC	Murda Beatz	['canadian hip hop', 'canadian trap']	[2018]	1	1
3XFcu2NnGWceLNdxRCfYH3	Taska Black	['bass trap', 'future bass', 'pop edm', 'vapor twitch']	[2018]	1	1
1Q9KyQkc3vODeRt9OfItxl	Katie Pearlman	['gen z singer-songwriter']	[2017, 2018]	1	1
7vWBZm3sQ8yQvfV4nXxHXK	Cris Cab	['indie pop rap']	[2018]	1	1
5ndkK3dpZLKtBklKjxNQwT	B.o.B	['atl hip hop', 'dance pop', 'pop rap', 'rap', 'southern hip hop']	[2018]	1	1
3oozCQCYqVbPY5OFD1xS9q	范玮琪	[]	[2018]	1	1
6G7OerKc3eBO9sVkRNopFC	Cat Power	['art pop', 'indie rock', 'melancholia', 'singer-songwriter', 'slowcore']	[2018]	1	1
28ExwzUQsvgJooOI0X1mr3	Jay Rock	['conscious hip hop', 'hip hop', 'rap', 'southern hip hop', 'trap']	[2018]	1	1
3HqQXlVVvoBiSiYRmyi1qV	Willemijn May	[]	[2018]	1	1
3FfbgiZhcCkoiI7IzOwXlI	Ben Abraham	['indie anthem-folk']	[2018]	1	1
7x9dgKNOqskk2exnmjOEKo	Hello Nico	['taiwan indie']	[2018]	1	0
1G3vilfBolaJG5yQVwUYx0	許魏洲	['mainland chinese pop']	[2018]	1	0
3WHsy1Rq4vPEdRyo9P3a48	Bibi Zhou	['mainland chinese pop']	[2018]	1	0
5PokPZn11xzZXyXSfnvIM3	Lifehouse	['neo mellow', 'pop rock', 'post-grunge']	[2018]	1	0
2VqYDDzXfAdXmkJBdnwLon	橙草	['taiwan pop', 'taiwan post-rock', 'taiwan rock']	[2018]	1	0
0S2dfczvN0sOxEw559snHT	Tiggs Da Author	['uk hip hop', 'uk pop']	[2018]	1	1
1rSGNXhhYuWoq9BEz5DZGO	ARTY	['big room', 'edm', 'electro house', 'pop dance', 'progressive electro house', 'progressive house', 'russian edm']	[2018]	1	0
5aMmmNxw4vgpc5XC6hK0zp	The Calling	['neo mellow', 'pop rock', 'post-grunge']	[2018]	1	0
5OLP6DfmnIg5itBG2UDNjd	Tan Weiwei	['mainland chinese pop']	[2018]	1	0
2WuKU0SYZOQyY3MmE4vtez	New Hope Club	['boy band']	[2018]	1	0
1uiEZYehlNivdK3iQyAbye	Tom Misch	['indie soul', 'jazz pop']	[2018]	1	1
4AD3pq7Rxp3tKxr0yGp0DS	Ayden	['dutch r&b']	[2018]	1	1
5Unr8JbXE0x6Ec8slgzSaG	永邦	['singaporean mandopop']	[2018]	1	0
4DNH6uc7RVIaceQrINfore	何潔	['mainland chinese pop']	[2018]	1	0
2KwZ9xnULczo0Z7Y7Bp57R	Zhao Lei	['chinese minyao']	[2018]	1	0
1bZDq4po4dMIpN74Zendm0	Janieck	['dutch pop']	[2018]	1	1
7wU2WGCJ8HxkekHHE2QLul	Fuego	['electro latino', 'rap dominicano', 'trap latino']	[2018]	1	1
7yJiVdKWCHfsNtT8i0oLxH	Midi Yang	['taiwan singer-songwriter']	[2018]	1	0
7fqDRFkiuwzFDde1K0taVs	Shakka	[]	[2018]	1	1
67nwj3Y5sZQLl72VNUHEYE	Wale	['pop rap', 'r&b', 'rap', 'southern hip hop', 'trap']	[2018]	1	1
0KEExJc1NKwmzJxQHbbkts	Leah Culver	['pop edm']	[2018]	1	1
1gPhS1zisyXr5dHTYZyiMe	Kevin Gates	['baton rouge rap', 'rap', 'trap']	[2018]	1	1
6uxDuPWsZwqC5tLhmoaAFZ	Joanna Dong	['jazz pop', 'singaporean mandopop', 'singaporean pop']	[2018]	1	0
7eotA2FjlKFkWO94ilJb8p	王寶強	[]	[2018]	1	1
6MXhu8pFqA61HG3j0MNpmq	劉昊然	[]	[2018]	1	1
3Et3pMSYx6EQqSwadO4t3j	肖央	[]	[2018]	1	1
0SRVbtvWMvpkgmSMv9aFjP	潘粵明	[]	[2018]	1	1
2q4RscS67IWO0OfT5RWtqf	小瀋陽	[]	[2018]	1	1
2IR8B5cVmFPB4DeYTtjPbe	張子楓	[]	[2018]	1	1
7oiYU5piZs5UFgTsz97N61	牛奶白	['taiwan singer-songwriter']	[2017, 2018]	1	0
62FaS5AarFCrus8LxSVKKW	teddy<3	['la pop', 'transpop']	[2018]	1	1
1Idp9q1i8l6kfJsTMPOqr7	Dbstf	['dutch house', 'progressive electro house', 'sky room']	[2018]	1	1
4ifktQAJDCwDBsEOi83LpU	Josie Nelson	[]	[2018]	1	1
1PzPnGOwKcuM7f4KIZ7Tfr	Sadon	[]	[2018]	1	0
3dRfiJ2650SZu6GbydcHNb	John Williams	['orchestral soundtrack', 'soundtrack']	[2018]	1	0
5DnjOSzLCfn4hDbLECq8pt	Yang Da Il	['korean pop']	[2018]	1	1
3IJnqDCRtHFFaMniWZD0lt	左顏	[]	[2018]	1	0
0pt7PX4Hftlg8mV1ySU84Q	CVBZ	['dark r&b']	[2017, 2018]	1	1
5eIbEEQnDM8yuDVB0bimSP	RL Grime	['brostep', 'edm', 'electro house', 'electronic trap']	[2018]	1	1
3ioFBUCP8iypMaKnLkhRbJ	又仁	[]	[2018]	1	0
4TEJudQY2pXxVHPE3gD2EU	BlocBoy JB	['memphis hip hop', 'rap', 'tennessee hip hop', 'trap']	[2018]	1	1
6RM1EKaGdBtkXywu4k5Kql	過又嘉	['mainland chinese pop']	[2017, 2018]	1	0
1xl4sy7NZQfzs3g1aRN6rt	棱镜	['chinese indie', 'southern china indie']	[2018]	1	0
0XGJ3GUPwslwFJ66yNbHeh	Trash Boat	['anthem emo', 'easycore', 'pop punk', 'uk pop punk']	[2018]	1	0
1c22GXH30ijlOfXhfLz9Df	Elvis Crespo	['latin pop', 'salsa', 'tropical']	[2018]	1	1
1bkpTEmumLC3xc7HgMsttU	INFINITE	['k-pop', 'k-pop boy group']	[2018]	1	0
6hhqsQZhtp9hfaZhSd0VSD	WJSN	['k-pop', 'k-pop girl group']	[2018]	1	0
4we5S2VLjgY9KzIzApL1KI	Ryan Tedder	[]	[2018]	1	1
3gWrqVNUebQF7alIH0bzZ8	Kaela Sinclair	[]	[2018]	1	1
2RDXcxQgmEyomb2g9SERuf	LöKii	[]	[2018]	1	1
3rIZMv9rysU7JkLzEaC5Jp	Snow Patrol	['irish rock', 'modern rock', 'neo mellow', 'permanent wave', 'pop rock']	[2018]	1	0
1uIyf5UCDHRw5UYJVGbIf8	Yico Tseng	['chinese indie', 'chinese singer-songwriter']	[2018]	1	0
3g34PW5oNmDBxMVUTzx2XK	Lovelyz	['k-pop', 'k-pop girl group']	[2018]	1	0
5DTtgGONBb7nQ44ACBprnp	劉虹翎	[]	[2018]	1	1
0YrtvWJMgSdVrk3SfNjTbx	Death Cab for Cutie	['alternative rock', 'chamber pop', 'indie rock', 'indietronica', 'modern rock', 'seattle indie', 'washington indie']	[2018]	1	0
6rLWD5vrN1ZaNU0peuEH7t	Tom Hangs	[]	[2018]	1	1
4Siyzg8kWayQfPQsPSl6JI	Shermanology	['dutch house']	[2018]	1	1
7uSnXddSw3Vrj8tM7tynMy	有感覺	['taiwan pop']	[2018]	1	0
3eqjTLE0HfPfh78zjh6TqT	Bruce Springsteen	['heartland rock', 'mellow gold', 'permanent wave', 'rock', 'singer-songwriter']	[2018]	1	0
6mD1yBbRRaHY6AFij0f7BV	M Shang Xue Yuan M 商学院	['chinese new year']	[2018]	1	0
6PHIK3kjWggLtVygsOtpqS	Suede	['britpop']	[2018]	1	0
0eBOZ74PcpQb3SisNPgaRQ	Jake Reese	['dutch pop']	[2018]	1	1
5QuBVnBPEzwYvFrgBbwpmU	Empress Of	['art pop', 'electropop', 'escape room', 'etherpop', 'shiver pop']	[2018]	1	1
7tfG648hl50GPOuyHNBBDc	Meisin Tan	[]	[2018]	1	0
0mXXLFHmd5bUHxkzaC9ujw	The Sam Willows	['singaporean pop']	[2018]	1	0
6C1ohJrd5VydigQtaGy5Wa	Joyner Lucas	['boston hip hop', 'hip hop', 'pop rap', 'rap']	[2018]	1	1
3uyDATzOGjbGCts7v2eszk	MISIA	['j-pop']	[2018]	1	0
04O00MEN0lHEKWTwRjb1nS	THRDL!FE	['uk dance']	[2018]	1	1
2DuJi13MWHjRHrqRUwk8vH	Knife Party	['australian dance', 'brostep', 'complextro', 'edm', 'electro house', 'moombahton', 'pop dance']	[2018]	1	1
0lLY20XpZ9yDobkbHI7u1y	Pegboard Nerds	['brostep', 'complextro', 'danish electronic', 'edm', 'electro house', 'glitch', 'speedrun']	[2018]	1	1
7o9Nl7K1Al6NNAHX6jn6iG	Travie McCoy	['pop rap']	[2018]	1	1
65vGP1LsuRkXkDejpfsvnn	Wu Jia Hui	['malaysian mandopop']	[2017, 2018]	1	0
0WOxhx4hikIsyF3CRPLC8W	Famous Dex	['chicago rap', 'drill', 'rap', 'trap']	[2018]	1	0
3A8Sb8zHKRoN7f0V5Av3WH	Julian Banks	[]	[2018]	1	1
4b8dLpJgJpNQYzu4AtXLt3	RØMANS	['uk pop']	[2018]	1	1
0uACZsEjhdBY6LIzObQ85X	缪如婷（1022）	[]	[2018]	1	0
6FBDaR13swtiWwGhX1WQsP	blink-182	['alternative metal', 'modern rock', 'pop punk', 'punk', 'rock', 'socal pop punk']	[2018]	1	1
0RMeG9M8QFzss9bAbq99KA	Maddix	['big room']	[2018]	1	1
2YYAp30sXeDAKiTLMfKGTT	The NGHBRS	['la pop']	[2018]	1	1
2fTfS7krIHHUCF6dRQmbkG	ORKID	[]	[2018]	1	0
6IhG3Yxm3UW98jhyBvrIut	Tekno	['afrobeats', 'afropop', 'azontobeats', 'nigerian hip hop', 'nigerian pop']	[2018]	1	1
7kMyDVBst44rpdogfXhUrk	Karlyn	['dutch pop']	[2018]	1	1
2mpeljBig2IXLXRAFO9AAs	Dido	['dance pop', 'europop', 'lilith', 'neo mellow', 'pop rock']	[2018]	1	0
3qBKjEOanahMxlRojwCzhI	Zacari	[]	[2017, 2018]	1	1
6auWB5YAlcKaHyrbTH66nd	No Rome	['indietronica']	[2018]	1	1
6HD2mo0Gz8wd8IbOXYwUfN	Daniel Merriweather	['australian pop']	[2018]	1	1
7iymigONRODGl6XJIprcuF	Jocelyn Alice	['canadian electropop']	[2018]	1	1
1qGohIp3a4kh1Euymx0pyL	Ocean Park Standoff	['la pop']	[2018]	1	1
49VtaZvoqBgZHQxSqlCUyp	SMTOWN	['k-pop']	[2018]	1	0
39oQK5CtIHrU6EuaWtJpnU	Ku De Ta	['deep groove house']	[2018]	1	1
4kwEd1P9j15ZqUVP5zK7Pv	Joe Stone	['deep groove house', 'house', 'pop edm']	[2018]	1	1
0tlyRkMBhTczE7WwefhApo	Sylvia Mwenze	[]	[2018]	1	1
6dC0rIJNLSFZwqckLgXJ8p	Timeflies	['indie pop rap']	[2018]	1	0
6wcoqJ63l11D2yV9ViqIZA	DJ SODA	['korean electronic']	[2018]	1	1
3yJLZoq3Ra2VmSW5teVgih	Walshy Fire	['instrumental funk']	[2018]	1	1
0bObTU9Si7hLZYO0tx32bb	Tracy Wang	[]	[2018]	1	0
5pDjmC5mRl7vDJhsjVwNfk	Freya Ridings	['uk pop']	[2018]	1	0
3HpY7uetNtkxJwZi72PVBZ	中國娃娃	[]	[2018]	1	0
2lolQgalUvZDfp5vvVtTYV	Tony Bennett	['adult standards', 'easy listening', 'lounge', 'vocal jazz']	[2018]	1	0
58zxP6GCS8BiqUSvGDGOCW	伊雪	[]	[2017, 2018]	1	0
58lV9VcRSjABbAbfWS6skp	Bon Jovi	['glam metal', 'rock']	[2018]	1	0
3Bcg8cxXx8mq3GpWYqsucH	SJIN	['taiwan hip hop']	[2018]	1	1
2nZ18B9RTjJH56v2NTnNAI	Leanne & Naara	['pinoy city pop', 'pinoy indie']	[2017, 2018]	1	0
50sSN9E5i4DJzYDclAXlSo	Anna Calvi	['art pop', 'chamber psych']	[2018]	1	0
29ibHHnJskS7wMkxHuI3f1	麻吉弟弟	['chinese hip hop']	[2018]	1	0
0GG2cWaonE4JPrjcCCQ1EG	SG Lewis	['indie soul', 'uk dance', 'vapor soul']	[2018]	1	1
6lErCMDS7E9Dv2oo8uVDnP	Feng Timo	['mainland chinese pop']	[2018]	1	1
0PjwjckyZwud4p7iAIcspa	Niko Sun	['mainland chinese pop']	[2018]	1	1
5gw5ANPCVcxU0maLiGRzzP	Billy Raffoul	['canadian pop']	[2017, 2018]	1	1
0tmwSHipWxN12fsoLcFU3B	Manuel Turizo	['colombian pop', 'reggaeton', 'reggaeton colombiano', 'trap latino', 'urbano latino']	[2018]	1	1
4bq18ACyIRmH97uzCqrAEx	歐得洋	[]	[2018]	1	1
2ojEZEmcQVC3vLNpcoo9rJ	Noah Neiman	['progressive uplifting trance', 'sky room']	[2018]	1	1
3LU5ho1MrktZxpRBGYPISK	Miranda Glory	[]	[2018]	1	1
4VNQWV2y1E97Eqo2D5UTjx	Gorgon City	['future garage', 'house', 'pop dance', 'uk dance']	[2018]	1	1
3ijd7T9kkzgvfx1az6Z3wj	Yungen	['afroswing', 'grime', 'london rap', 'uk hip hop']	[2018]	1	1
06pOiLQFpaN1PSNiLk1gf1	林瑪黛	['chinese electropop']	[2018]	1	0
3MbrazQE12UdSdFunXcft1	Loren Gray	['social media pop']	[2018]	1	0
2hPgGN4uhvXAxiXQBIXOmE	KIDS SEE GHOSTS	['rap']	[2018]	1	0
47HDctOOygEgsOmAoX08uq	孫雪寧	[]	[2018]	1	0
1xNeaOaf8khvhnxCU4TWcJ	LUX	[]	[2018]	1	1
6GvQJnPSXsAGPLRfoqfTfK	Gen Neo	['chinese electropop']	[2018]	1	0
18006kpQI473m1ICcpimQ9	22Bullets	['sky room', 'slap house']	[2018]	1	1
3qXWWITvZcTD1M2QmXszJK	Brandon Chase	['acoustic chill']	[2018]	1	1
2xDZ8qyyE2Ti4wL1Ob1T7V	Hanne Mjøen	['melodipop']	[2018]	1	0
7Ln80lUS6He07XvHI8qqHH	Arctic Monkeys	['garage rock', 'modern rock', 'permanent wave', 'rock', 'sheffield indie']	[2018]	1	0
5v8ZROs9c26k4yGMxUkebt	Jack Wins	['deep groove house', 'house', 'pop edm']	[2018]	1	1
1Bztk1lPSvwiBJCujObyxU	Caitlyn Scarlett	['alt z', 'vapor pop']	[2018]	1	1
5paQT78PtTz59108hibz4G	Omar Noir	['norwegian hip hop']	[2018]	1	1
3iN9k8uvm4WrgdlOigOH8D	Hook N Sling	['australian dance', 'progressive electro house']	[2018]	1	0
6UE7nl9mha6s8z0wFQFIZ2	Robyn	['dance pop', 'electropop', 'neo-synthpop', 'scandipop', 'swedish electropop', 'swedish pop']	[2018]	1	0
2Rimf9z3oYDBeszSXFACRR	Daniel Everidge	['show tunes']	[2017, 2018]	1	1
61ipISvUVa5LkJlKZnm3Oo	Alle Farben	['deep euro house', 'german dance']	[2018]	1	1
07FfkbljNIdl45Ijlh1aXS	RHODES	['indie anthem-folk', 'uk pop']	[2018]	1	1
2p1fiYHYiXz9qi0JJyxBzN	Skepta	['birmingham grime', 'grime', 'instrumental grime', 'uk hip hop']	[2018]	1	1
1zC5fndU0aEvINmBra2M3T	Shungudzo	['la pop']	[2018]	1	1
7BGR8y1VZAWK2oR4zD9COr	Protoje	['modern reggae', 'reggae']	[2018]	1	1
5QsqiLFA5Z2gmpKBbxQB2j	Hak Baker	['london indie']	[2018]	1	1
6jNwV0P142cXxXanOl9Ylo	APEK	['pop edm', 'sky room']	[2018]	1	1
5sp1KhgKd6NVt83alP5T7G	Meron Ryan	[]	[2018]	1	1
0ukgrNYk51TkMQr0f2Br4Q	Maverick Sabre	['irish hip hop']	[2018]	1	1
2n0GSIjJNATwgaBGC3GwpH	秦四風	['chinese jazz', 'chinese soundtrack']	[2018]	1	1
0vqJkZ0RpLZixt3lTmD8vP	Whethan	['electropop', 'hyperpop', 'rage rap']	[2018]	1	1
6NEekR0i3JC1r4BntSjskE	Call Me Loop	['alt z', 'uk pop']	[2018]	1	0
2o9hRZ3xI27UQpHT61A4Mm	Kojo Funds	['afroswing', 'grime', 'uk dancehall', 'uk hip hop']	[2018]	1	1
4iaTgZRy5aVnImDyRJn61n	James Newman	[]	[2018]	1	1
1X6cBGnXpEpN7CmflLKmLV	Kizz Daniel	['afrobeats', 'afropop', 'azontobeats', 'nigerian pop']	[2018]	1	1
10z1encznooAmUFZ5eJvTo	豬頭皮	['taiwan experimental']	[2018]	1	0
0YQmcNgfnoqxBMJ8dcw3Eh	Initial Talk	[]	[2018]	1	1
3n2H1XlCyS1WQ0vyVUFEma	YULTRON	['speed house']	[2018]	1	1
7yZC6AEhvCD5NFR8yDUxCG	Riley Clemmons	['ccm']	[2018]	1	1
6Y20PijIkUoCtuvtkz37dO	Austyn Johnson	['show tunes']	[2017, 2018]	1	1
0nFUCMGlkx1lMZnHL6ArVJ	Cameron Seely	['movie tunes']	[2017, 2018]	1	1
3NDd4Jte97ZCYqZBEQbs23	Theron Theron	[]	[2018]	1	1
3rjHIPFed2qITXAWvArRtp	Iselin	['norwegian pop']	[2018]	1	1
14rP13jdQNgQvuPA2AkBgm	Glades	['indie electropop', 'indie poptimism', 'metropopolis']	[2018]	1	0
5MouCg6ta7zAxsfMEbc1uh	OMI	['reggae fusion']	[2018]	1	1
5H9Gv8Ld3MwtWDm832KCAo	NÏKA	[]	[2018]	1	1
1B4oJCqebuhNtrTkh40TiW	蔡孟臻	['mandopop']	[2018]	1	0
1LPxNXrOt487OOQfO6aJtJ	Saddle Up	[]	[2018]	1	1
2NivA846rFNy5zmDNa5P3o	Soldiers	['long island punk']	[2018]	1	1
4r8aPgKaOI5q9Z89MUxceR	HauYun Lo	[]	[2018]	1	0
6Z4puj0KYgtcxJrVXKmvBX	Sharaya J	['jersey club', 'new jersey rap']	[2018]	1	1
2HFuviZiAYhouKgvRX0y45	Chantel Jeffries	['kentucky hip hop', 'la pop']	[2018]	1	1
0GeeIVcvGA8GSlWsoY1dkG	Vory	['kentucky hip hop', 'trap soul']	[2018]	1	1
5Uw3hCC51pNjdsD2MOs72K	Shiga Lin	['cantopop']	[2017, 2018]	1	0
5XjRRITmUnTJXsOYjfbOlD	Rén with the Mane	[]	[2018]	1	0
0j5DVkW6l0sm9e8V4NZlfE	Hanz 郭文翰	['malaysian mandopop']	[2017, 2018]	1	0
3QqfVzxuNbMhDVQnrQhsCC	茶凉粉	[]	[2018]	1	0
4KlJ4K0jn4ld9m4549DQvM	RØEY王若羽	[]	[2018]	1	1
1fSwGqFHviiojjXYgAQkeh	Nike Chen	[]	[2018]	1	1
08VvDNRmZUZ99QZb63qXgU	Vera Yen	['taiwan singer-songwriter']	[2018]	1	0
4BzCdhJTyTS3gumq9xmymb	ayokay	['electropop', 'indie electropop']	[2018]	1	1
3qDMrpZHtZEtVl5i1l7hP3	Nightly	['hopebeat']	[2018]	1	1
1g1yxsNVPhMUl9GrMjEb2o	Plain White T's	['modern rock', 'neo mellow', 'neon pop punk', 'pop punk', 'pop rock']	[2018]	1	0
3TOyRHj6rptXMN5F97Fpuq	Ghosted	['pop edm']	[2018]	1	1
6oSTtYd3B3OJubFU8mVhHQ	JHart	['uk pop']	[2018]	1	1
7bNqXqIrIfwJnipx7oGeU4	Sevenn	['brazilian edm']	[2018]	1	1
1frSJ3BwjRHE9jgMRQV5wC	Zookeepers	['bass trap']	[2018]	1	0
63tzlZxY9iaOeUnmGfwlyA	Sue	['chinese singer-songwriter', 'mainland chinese pop']	[2018]	1	0
5eeqklRzIiu6Dxnhff2VIX	Sweety	['mandopop', 'taiwan idol pop']	[2018]	1	0
1Ejjxuav6kpsSyb6QIhjHa	Selva	['brazilian edm']	[2018]	1	1
1kDqy7SpqyJ7aZi7cqSBis	Blood Cultures	['new jersey indie']	[2018]	1	1
0oeUdHJ3cy1oveb8WguJJt	OTR	['stutter house']	[2018]	1	1
0dpiMnuJcfuvZFlGWaQ7tR	TOR Saksit	['thai pop']	[2018]	1	1
719QNv2dpubOiMYaxydbVq	Outlander	['chinese hip hop', 'taiwan pop']	[2018]	1	1
0dtmYDbYpwcdHPBI1OJatT	Hugh Grant	['hollywood']	[2018]	1	1
74tNiaBNZ0L0B4bu0lF6r1	Haley Bennett	[]	[2018]	1	1
5n69lhq7BLWqnSjJgNPRh4	Quinn Lewis	['singer-songwriter pop']	[2018]	1	1
3Lz3vEN23Fw0hIelrYEzUD	EXO-CBX	['k-pop', 'k-pop boy group']	[2018]	1	0
1ClmHgLorY9RUCIvsTdT7A	BEKA	['uk pop']	[2018]	1	1
1AZC6jC2Y5aQPeMWfVAqon	Chris Yu	['classic mandopop', 'mandopop']	[2018]	1	0
5obQFNrkFoWB51hm1JTHMw	Jamie Principle	['chicago house', 'classic house']	[2018]	1	1
7IlaL1yIgTlQHkjjGk7nzR	理化兄弟 P.C.B.	[]	[2018]	1	1
6tNSJm7zWDLBmAh8dXXSzW	Years	[]	[2018]	1	1
02HxKYok5WEBGvjaQbmEgR	JohnnyBug Chen	['chinese soundtrack']	[2018]	1	0
3XlASyLS4HSUX3inS3tIc1	Jeremy Renner	['hollywood']	[2018]	1	1
28l9aQZN7Fgi4YbkxOV5oX	劉星冶	[]	[2018]	1	0
0Ek89uaJyo6NfWK22awFvI	VanJess	['alternative r&b']	[2018]	1	1
0eE9vdJzy60t44Vt6t4s47	罗文裕	[]	[2018]	1	0
6nBujjA6fus37LVZEqEULp	Cosmos & Creature	['la pop']	[2018]	1	0
6Ff53KvcvAj5U7Z1vojB5o	*NSYNC	['boy band', 'dance pop', 'pop']	[2018]	1	0
3QUOtWgmuxFyae4C0Q0thd	ABIR	[]	[2018]	1	1
22j9nZBNA3gf1Yo04D9oam	Shane Cao	['mainland chinese pop']	[2017, 2018]	1	0
1jhdZdzOd4TJLAHqQdkUND	Jamie Lawson	['devon indie', 'indie anthem-folk']	[2018]	1	0
1ackd5XprZEkH3McKbQD51	Juan Magán	['electro latino', 'spanish pop']	[2018]	1	1
6S3tOdgtc5qz16hwmMjEBN	LUCAS	[]	[2018]	1	1
7FOb8fwCcjHjKlIlEZk6go	LCAW	['deep tropical house']	[2018]	1	1
75fIuwXxhZ1atNzWLMrgF0	Tyler Bates	['orchestral soundtrack', 'soundtrack']	[2018]	1	0
3qs5OOuNyNxW1JGhfdgnUI	The Life Journey	['chinese indie', 'chinese indie pop', 'southern china indie']	[2018]	1	0
6VoRokuki5Bj7BEB2gZ3BF	Los Unidades	[]	[2018]	1	1
6Ja6zFB5d7XRihhfMo6KzY	Jozzy	[]	[2018]	1	1
0Aemly9h57T2sLKpkNq409	LOOPERS	['dutch house', 'electro house', 'progressive electro house', 'sky room']	[2018]	1	1
43ZHCT0cAZBISjO8DG9PnE	Elvis Presley	['rock-and-roll', 'rockabilly']	[2018]	1	0
3v6Ji4uoWtKRkhuDUaxi9n	Dynoro	['edm']	[2018]	1	1
1OAjDaKgg00KCUYqDe68un	Gigi D'Agostino	['eurodance', 'italo dance']	[2018]	1	1
6J3RPKUwZlKMzh3vWa9wPc	Skott	['indie electropop']	[2018]	1	1
5MEHQvTW53C0ccsuxdZobQ	Niniola	['afrobeats', 'afropop', 'nigerian pop']	[2018]	1	1
282CGVJs6pYcEgfGyIeYdG	Christy Dignam	[]	[2018]	1	1
3qm84nBOXUEQ2vnTfUTTFC	Guns N' Roses	['glam metal', 'hard rock', 'rock']	[2018]	1	0
7rIxYwxu4JtnhDJTF0yUs6	阿佐	[]	[2018]	1	0
3ZSbXArE6mxOleJnsumK4u	eAeon	['k-indie', 'korean electropop']	[2018]	1	1
5lAYp2nF7qQU1kAUoE8bKV	Spuds	[]	[2018]	1	1
3qnGvpP8Yth1AqSBMqON5x	Leon Bridges	['modern blues', 'neo soul', 'soul']	[2018]	1	0
30DhU7BDmF4PH0JVhu8ZRg	Sabrina Claudio	['r&b']	[2018]	1	0
6sBiS0iWcCyMMgiYrEOxbt	Supreme Boi	[]	[2018]	1	1
7z1VrrLktQYoS9C0cFbfnI	Tatiana Manaois	[]	[2017, 2018]	1	0
7f0OLhGgBMX9fUjm1dcPip	Alice Merton	[]	[2018]	1	0
2sG4zTOLvjKG1PSoOyf5Ej	Brandi Carlile	['acoustic pop', 'ectofolk', 'folk', 'indie folk', 'lilith', 'modern folk rock', 'new americana']	[2018]	1	1
33W1pnW9zScZtYTnAoWnOT	Mr. Probz	[]	[2018]	1	0
6A88diBaT1mNnlBHanU3Uo	Premium Studio	[]	[2018]	1	1
5Y5TRrQiqgUO4S36tzjIRZ	Timbaland	['dance pop', 'pop', 'pop rap']	[2018]	1	1
5INjqkS1o8h1imAzPqGZBb	Tame Impala	['australian psych', 'modern rock', 'neo-psychedelic', 'rock']	[2018]	1	1
6VSCooQeDo6An0mx1mhYyx	valentina cy	['gen z singer-songwriter']	[2018]	1	1
5vSQUyT33qxr1xAX2Tkf3A	Clams Casino	['cloud rap', 'experimental hip hop', 'instrumental hip hop', 'psychedelic hip hop', 'wonky']	[2018]	1	1
6ngF3kF5I0prOoapltjAps	René Miller	[]	[2018]	1	1
2JfoFQs5wPHgLz8wnJ4wL2	ZOHARA	[]	[2018]	1	1
6z6uBfaMCKFCDIuHNYhRra	Hurshel	['chinese electropop']	[2018]	1	0
6Wis87yBDzJkmiRxsqRNIL	REGN	[]	[2018]	1	1
6Jrxnp0JgqmeUX1veU591p	Santigold	['alternative dance', 'indietronica', 'neo-synthpop']	[2018]	1	1
3mPc8WGusz2XF3Tvs3AKCR	Carlie Hanson	['alt z']	[2018]	1	0
15Tj33aH11frN8GAqsujLQ	吳卓源, Bolly, Chillaxe, rgry	[]	[2018]	1	0
0lHsjYcb3lGjkJQQqC6HVt	Sebastien Drums	['progressive electro house']	[2018]	1	1
22RISwgVJyZu9lpqAcv1F5	Blossoms	['english indie rock', 'modern rock']	[2018]	1	0
5SbkVQYYzlw1kte75QIabH	Gnarls Barkley	['atl hip hop', 'neo soul']	[2018]	1	0
5rRcnWrevHgbuWjl7Lhft7	Merk & Kremont	['dutch house', 'electro house', 'progressive electro house', 'sky room']	[2018]	1	1
5v8jlSmAQfrkTjAlpUfWtu	Perry Como	['adult standards', 'easy listening']	[2018, 2021]	1	1
1Ml4OuStDoympbREURAM15	The Fontane Sisters	['deep adult standards', 'vocal harmony group']	[2018, 2021]	1	1
0HS96tPggl2nwiz3gNWWI5	Mitchell Ayres & His Orchestra	"[""man's orchestra""]"	[2018, 2021]	1	1
0u18Cq5stIQLUoIaULzDmA	DROELOE	['bass trap', 'future bass', 'pop edm', 'vapor twitch']	[2018]	1	1
3RTklnRcfHgkQJwFpgOq3t	Nevve	['pop edm']	[2018]	1	1
0QvtEuDIDAsKpfuOe2a237	Joe Killington	[]	[2018]	1	1
1kLqxXjyc7OwDJopftAH86	韓紅	['c-pop']	[2018]	1	1
3MHaV05u0io8fQbZ2XPtlC	Prince Royce	['bachata', 'latin hip hop', 'latin pop', 'urbano latino']	[2017, 2018]	1	1
2T1aUibqR2QC2sINIDQOAK	Mambo Kingz	['reggaeton', 'reggaeton flow', 'trap latino', 'urbano latino']	[2017, 2018]	1	1
64aJYyrXljOodnUG6jvhRD	DJ Luian	['reggaeton', 'reggaeton flow', 'trap latino', 'urbano latino']	[2017, 2018]	1	1
5QtpEXaYroRbwrYsAMVZNN	璽恩	[]	[2018]	1	0
7sAqpkrQBaOkddsv1Tz1XK	Mosimann	['french pop']	[2018]	1	1
6l4yCtCLaRTVuncmWDACtp	David Taylor	[]	[2018]	1	1
3PA9tXcZqiaBXwopM9GPZP	Holland	['k-pop']	[2018]	1	0
5WQeCtDdt5HnnwVR9eMRiB	李優URIKO	[]	[2018]	1	1
4qRXrzUmdy3p33lgvJEzdv	Paul Kim	['korean pop']	[2018]	1	0
4nWTnnYvLRayR3nwU2xbNx	TPA	[]	[2018]	1	1
466bAN87QCwMSTBCCRzZ1v	Al Rocco	['chinese hip hop']	[2018]	1	1
7DgcAqP1VQJvOJcXc7yPsx	Ivy	[]	[2018]	1	1
2YsItgZoi6NDBAvaYSAb9k	VaVa	['chinese hip hop']	[2018]	1	0
2qRV9YtZuf2FuKWj23cPL4	Ray 黃霆睿	[]	[2021]	1	0
1wzaq8XH8PIzUblSt2yXq5	WANMEI	[]	[2021]	1	1
26cMerAxjx9GedFt0lMDjm	Bella Poarch	['modern alternative pop']	[2021]	1	0
0L61ClriEEw74NE3HCTkAS	柯佳嬿	[]	[2021]	1	1
6TLwD7HPWuiOzvXEa3oCNe	Oliver Tree	['alternative hip hop']	[2021]	1	0
49AamveELdcA2auWjt0igG	閻韋伶	[]	[2021]	1	1
2JOut4m4isRiWaFzNCiWXs	泱泱	[]	[2021]	1	1
1ltKsoaLwfE3DJhrtKUWXJ	黃于恩 溫妮	[]	[2021]	1	1
7FNSvrE4X5hb2C6pYN0skP	尋人啟事The Wanted	[]	[2021]	1	0
0Ot0iFI0JTxh3XUS3vRo8Z	桑布伊	['taiwanese indigenous']	[2021]	1	0
2Ip3x4XtEEhlGg8qI146jL	Kang Seung Yoon	['korean pop']	[2021]	1	0
7nKA1c1Qn6nI0XA8yburf3	程響	['chinese viral pop', 'mainland chinese pop']	[2021]	1	0
0gWa2AiDlbvF24aqoLT2c1	LadBaby	[]	[2021]	1	1
5FVgvRVA9Eh8OQxbV5TQSc	劉耀文	['taiwan idol pop']	[2021]	1	0
4B3aifxHtpcKHuNi12lmSt	WATTS	[]	[2021]	1	1
5jewGMrZtMNJk5OsZ61Cpo	Edan 呂爵安	['cantopop', 'hk-pop']	[2021]	1	1
75udD9hen8NeHTe92rUNLa	Jason Zhang	['mainland chinese pop']	[2021]	1	0
44vREmJC0OlVZjZaGLqVEd	Morray	['pop rap']	[2021]	1	1
68KmkJeZGfwe1OUaivBa2L	ATEEZ	['k-pop', 'k-pop boy group']	[2021]	1	0
5o615XColiSVMPDWlslKSk	Wonstein	[]	[2021]	1	1
03d2mJXSMtuPI0nIvLnhoS	Zoe Wees	['german pop']	[2021]	1	1
4PfRTsKfRTOx4Q3kwVmJKA	邰智源	[]	[2021]	1	1
4Xj0peBt3EZHbdF20JmdWC	Lee Mujin	[]	[2021]	1	0
4tuJ0bMpJh08umKkEXKUI5	Gracie Abrams	['alt z']	[2021]	1	1
4uvymNV7TTy0q47wUKislL	影子計劃 Shadow Project	['taiwan hip hop']	[2021]	1	1
4AA474G2hRfrHyGrfyDseO	Mozzy	['cali rap', 'sacramento hip hop']	[2021]	1	1
5iRPbkcPmqAFFwDUj6ywVS	2PM	['k-pop', 'k-pop boy group']	[2021]	1	0
0yJlj2EYshHk9BWkEAR15k	ヴィヴィ(Vo.八木海莉)	['anime']	[2021]	1	0
4piQadI6uXO5CUcQ3FJuDt	琳誼 Ring	[]	[2021]	1	0
0tvpihdAsKiNnP6sWS3jUI	TroyBoi	['bass trap', 'electronic trap']	[2021]	1	1
4Euia7UzdRshy1DJOSMTcs	220 KID	['uk dance']	[2021]	1	1
3rHcBT06Vb1XGVUWhDALZt	WONWOO	[]	[2021]	1	1
5gUpo0BRmo6EOTbyU3z5Ay	MINGYU	[]	[2021]	1	1
0xu4jAQQv7ZAqvFGdc9HgP	Boy In Space	['alt z']	[2021]	1	1
6hj2VfFN3zuLIom9FvFaI1	八八男	['taiwan hip hop']	[2021]	1	1
6JTCN21ovvrR3iPViZTXz4	HyunA&DAWN	['k-pop']	[2021]	1	0
1Fe6FA7A57suR2KAaERpqH	¥ellow Bucks	['j-rap', 'japanese trap']	[2021]	1	1
6chQxucEh3n85Xil5GRhQe	ØZI	[]	[2021]	1	1
28gNT5KBp7IjEOQoevXf9N	Camilo	['colombian pop', 'latin pop', 'reggaeton colombiano']	[2021]	1	1
1kZ6lsnX0jUMZ9p8ew8uSx	曾博恩	[]	[2021]	1	1
0kL1KcSDxMjRrZ3fbi9ukA	希有樂團 SHI's Band	[]	[2021]	1	1
27xKlK1cP793WO35KPxM1d	潘麗麗	[]	[2021]	1	1
2t2aS6CYKM4pgQ1CEgqaDm	黃昺翔	[]	[2021]	1	1
5SHxzwjek1Pipl1Yk11UHv	Tom Grennan	['uk pop']	[2021]	1	1
048LktY5zMnakWq7PTtFrz	CKay	['afro r&b', 'afrobeats']	[2021]	1	0
2iE18Oxc8YSumAU232n4rW	The Jackson 5	['motown', 'soul']	[2017, 2021]	1	0
4uJKSLGvdvinobijrcfKw4	chilldspot	['japanese r&b', 'japanese soul']	[2021]	1	1
1cfpx67CNTohABdelcfXdL	許富凱	['hokkien pop']	[2021]	1	0
3klZnJvYGIbWritVwQD434	Duncan Laurence	['dutch pop']	[2021]	1	0
1U1el3k54VvEUzo3ybLPlM	Kali Uchis	['colombian pop']	[2021]	1	0
1NVRvV0KqaO7VtSaVQcm3V	KIMMUSEUM	[]	[2021]	1	0
5ZiGQAi97WtuH1SUyJi2RA	馬佳	[]	[2021]	1	1
6TvjXbopXg71XRM9OZWqUc	Arin Ray	['alternative r&b']	[2021]	1	1
1WxYe59SGsEY1e6fLII0hB	hirsk	['hong kong indie']	[2021]	1	1
6cE2k1b1Vz0jWil3gChUp2	Daniel Chu	['cantonese worship']	[2021]	1	1
38EXeubzC8lEsFFdvJGuJY	Blue Kwok	[]	[2021]	1	1
7uas0F5EhsZg6KDJ7yy7rW	DallasK	['complextro', 'dutch house', 'electro house', 'pop edm', 'progressive electro house', 'sky room']	[2021]	1	1
4rk0xYl7t3XftIQQedJjK4	傻子與白痴	['taiwan indie', 'taiwan pop']	[2021]	1	0
4TfiBmwTbweJlui16UmUec	張遠	['chinese drama ost']	[2021]	1	0
3I5ejA025f2DSnkD414Lny	王昱辰	[]	[2021]	1	1
5Z8L9VHo7V8p31Z0uSCWUO	小时	[]	[2021]	1	0
5kVplRVD7ap9f1dpWln6Mf	Vera Chai	[]	[2021]	1	1
5CxdR3VSEWjiAa5DabdLVd	不是花火呀	['chinese viral pop']	[2021]	1	0
1ZETPP9nrIMNM7luXA2u5p	Way Of Puzzle	['taiwan indie', 'taiwan punk']	[2021]	1	1
4EDHpcoKu1676lWKGGnDMN	Mc Mark	[]	[2021]	1	1
4kdET9UCAu5CJT6LOsbhqy	MC.DAGO	[]	[2021]	1	1
1gxMGcOkEdXmUSjmCPZYpZ	Ruth	['coldwave', 'french post-punk', 'minimal wave']	[2021]	1	1
2jGajbF57J3EZGtAjeH3Q0	Macdella	['taiwan hip hop']	[2021]	1	1
2VYfYBKv8RPlY3MhwI7mSR	Richard Sanderson	[]	[2021]	1	0
7oppHhvVWHX7WeGYjEOL6y	J.UNA	[]	[2021]	1	0
687cZJR45JO7jhk1LHIbgq	Tems	['afro r&b', 'afrobeats', 'alte', 'nigerian pop']	[2021]	1	1
46MWeeHNVMYRIIofQBEX98	BEAM	['trap soul']	[2021]	1	1
6qvVoPGEqNCyYSjYCgfV1v	Choi Yuree	['korean singer-songwriter']	[2021]	1	0
1Qe4VNycDbzI2unKKDtQ0x	wannasleep	['taiwan hip hop']	[2021]	1	0
0fyaEHmSmZs2YWMgbruITA	Masiwei	['chinese hip hop']	[2021]	1	1
2ODdwbUzyQ08UAbxhnjBXf	阿达娃	[]	[2021]	1	1
1HVwzNriKEjaeE06okqSpx	Carla Bruni	['chanson']	[2021]	1	1
72sxxI0pU2GRC8CNmpqZB2	Limi	['taiwan pop']	[2021]	1	1
3IjHX8KZKoeq3X4QgXxqbT	JAY B	[]	[2021]	1	1
6c4IBMTcnFDhsKHXNSBBvp	Sorry Youth	['taiwan indie', 'taiwan pop', 'taiwan punk', 'taiwanese indie']	[2021]	1	0
1h6Cn3P4NGzXbaXidqURXs	Swedish House Mafia	['edm', 'pop dance', 'progressive electro house']	[2021]	1	1
09QyyZF4pquXH58c52YUtp	郁心	[]	[2021]	1	1
1lIHC3tPoXBlSYQwSMoIYY	阿夫 Suhf	['chinese hip hop']	[2021]	1	1
1B3iAH9YqXMuW8CgnLEq8R	踢萬8IG8A8Y	['taiwan hip hop']	[2021]	1	1
4EZWkuxEGmujVRnCjVX1bf	緋村宗祐	['taiwan hip hop']	[2021]	1	1
4QHci6hVY85I6xSIu0W4k6	James Lee	[]	[2021]	1	1
1ZnuqrjIR4q8zhgriUYsSo	Shinsei Kamattechan	['japanese alternative rock']	[2021]	1	0
0EZ1dmFa27KXSwDwcZKT1O	程响	['chinese viral pop']	[2021]	1	0
5Qnl3RAtzne7J1dxRv1UBc	NCT 2021	[]	[2021]	1	0
7i9j813KFoSBMldGqlh2Z1	Riton	['house', 'pop dance', 'uk dance']	[2021]	1	1
1gALaWbNDnwS2ECV09sn2A	Nightcrawlers	['disco house', 'hip house', 'uk dance', 'vocal house']	[2021]	1	1
4L2dV3zY7RmkeiNO035Fi0	Mufasa & Hypeman	[]	[2021]	1	1
3Edve4VIATi0OZngclQlkN	Dopamine	[]	[2021]	1	1
0m2Wc2gfNUWaAuBK7URPIJ	Bono	['hollywood']	[2021]	1	1
1X8wFHJFucBUmBc7spQ4jP	The Edge	[]	[2021]	1	1
7arQA31aZVS8yS6zUveWzb	CJ	['nyc rap']	[2021]	1	0
2QeJBmgBdpH4i3uJns5Rdx	Sandeul	['korean pop']	[2021]	1	0
0GZ65zwBwkkwGNJ3zagtTZ	millennium parade	['japanese electropop']	[2021]	1	1
1m9ZvxLFfX9avls54a0y40	Belle	['anime']	[2021]	1	1
2bWTIIQP9zaVc55RaMGu7e	Seori	['korean r&b']	[2021]	1	1
7BigRJ5hTHHqFW6TbsR8xl	小蓝背心	['chinese viral pop']	[2021]	1	0
6Q6qP18xDxLbiw0um1t7pw	洋蔥	[]	[2021]	1	0
6fOqdhRNsMQqtwRwgo3NUv	Firdhaus	['malaysian mandopop']	[2021]	1	0
3cNu9TadMUtDkoVd5db2qB	林鴻宇	['chinese r&b']	[2021]	1	0
79Yhu3qWKYYxguxCTyd88K	黃祝賢儒	[]	[2021]	1	1
5u7KTyLmUDMqSdlENIxL0K	玖壹壹 洋蔥	[]	[2021]	1	1
3cy4mXZDfZgeuh2iFXkjv2	AJ 賴煜哲	['chinese melodic rap']	[2021]	1	0
7gXy60xRcwYujBFoYHnR2O	Big Red Machine	['eau claire indie', 'folktronica']	[2021]	1	1
5qUAtC3NwSLYme4JqjlGfQ	Youngjae	['korean ost']	[2021]	1	0
4qcKNkdxUidhvUByB2eQ6g	Warren Hue	['bedroom r&b']	[2021]	1	1
4EKSBwzbRW2YnMP5JXnXYr	sunkis	['chinese r&b']	[2021]	1	1
4F8O7axjzw3z0xVPRG8JFS	DJ Mitsu The Beats	['ambeat', 'japanese jazztronica']	[2021]	1	1
6DynsQ6PS8oP53xKra6a2l	Hosea	[]	[2021]	1	1
6L1XC7NrmgWRlwAeLJvVtA	Sam Fischer	['australian pop', 'singer-songwriter pop']	[2021]	1	1
2Q9c6ETFOkDDTy53U7DIgr	Maximillian	['gen z singer-songwriter']	[2021]	1	1
0rZRTXEmmPmx6gt92tBqIc	Moira Dela Torre	['opm']	[2021]	1	1
3VQDqjQ4wJyw8PzpGdlZpB	Colde	['korean r&b']	[2021]	1	1
1rAv1GhTQ2rmG94p9lU3rB	Julian Casablancas	['indie rock']	[2021]	1	1
4wXA1NI4L4kF95dOqUWV11	KID林柏昇	[]	[2021]	1	1
30lJaCS03ds40lQ2W9OKmv	阿部瑪利亞	[]	[2021]	1	1
51ebLrYm2zzhVTz56XR57C	Jason Wang	['hokkien pop']	[2021]	1	1
0sbcEwgYwffJrmDZK22f9a	Layton Wu	['chinese indie', 'chinese r&b']	[2021]	1	1
7kOrrFIBIBc8uCu2zbxbLv	yama	['j-pop', 'japanese teen pop']	[2021]	1	0
3eJTjQEMzEeoS4n6aJXhKM	逃跑计划	['chinese indie', 'chinese indie pop']	[2021]	1	0
15ZjD8Gus20Miqw3fdOaXX	Stunna Gambino	['nyc rap']	[2021]	1	1
0wi4yTYlGtEnbGo4ltZTib	Shakin' Stevens	['classic uk pop', 'rockabilly']	[2021]	1	0
1E7q6LhZfjJt9FO9xMrmrk	小花	[]	[2021]	1	1
5vV3bFXnN6D6N3Nj4xRvaV	JIN	['k-pop']	[2021]	1	0
7ieMQQDR0bdBPz572mtxwS	BOBBY	['k-pop']	[2021]	1	0
51ZbCFgOspWvhBjd1DUYEV	Candy Lo	['cantopop']	[2021]	1	1
3ohXmy1PGdB3XgzhPqQ0tY	YUGYEOM	[]	[2021]	1	1
7gAYvcQFmAruyvwGjxrSUr	Absofacto	['shimmer psych']	[2017]	1	1
3Yh833st2njStbTUcB2VOM	严艺丹	[]	[2017]	1	1
4vP40nusHM8o99QRhSrqE4	叶青	[]	[2017]	1	1
3HAT6rdPAleirzt8H9VsN9	五月天 阿信	[]	[2017]	1	1
4URNunA7cWoUw8G11zzjYE	何杰兒 Ger	[]	[2017]	1	0
5xkGo7aA8kqDm5tKGl1rIw	HEDIA	[]	[2017]	1	1
6iM7TLUhK5wKyqcNVA09MU	Kristen Marie	[]	[2017]	1	1
6KZDXtSj0SzGOV705nNeh3	Kid Ink	['pop rap', 'rap', 'southern hip hop', 'trap']	[2017]	1	1
5E94Yc9O9D4N3oTr4SzJLx	Chyi Yu	['c-pop', 'classic mandopop', 'fo jing']	[2017]	1	1
6hyMWrxGBsOx6sWcVj1DqP	Sebastian Ingrosso	['dutch house', 'edm', 'electro house', 'pop dance', 'progressive electro house', 'progressive house']	[2017]	1	1
3fkFO5lmipe654caBLBD6n	100%	['k-pop', 'k-pop boy group']	[2017]	1	0
2IAZ2xX1Ovh5jxhBWE7wda	Donavon Frankenreiter	[]	[2017]	1	0
7KNWtKtxfhAyv5jZsr9dpq	王欣	[]	[2017]	1	0
1Dn88PoQjnQgLTOaokePFz	Bright Sparks	[]	[2017]	1	1
6OCTWDUpzrtOkMOZ4vAn6D	Arizona Jones	[]	[2017]	1	0
0JqP06xsTN1rmZVgV7cEm8	Stupid Goldfish	['deep tropical house']	[2017]	1	1
0sbkGGlLYmgOzcxRqd257O	Emelie Cyréus	[]	[2017]	1	1
7JnvWbgErbuSrc52jJn5Rr	洪俐芩	[]	[2017]	1	1
6kJc05y9QQWGwKLLMSotwR	Vin	[]	[2017]	1	0
6roFdX1y5BYSbp60OTJWMd	Tim McGraw	['contemporary country', 'country', 'country road']	[2017]	1	1
25NQNriVT2YbSW80ILRWJa	Faith Hill	['contemporary country', 'country', 'country dawn', 'country road']	[2017]	1	1
31Eea8xaK1xAMyJy2iWE0z	Eden Prince	['dance pop', 'deep groove house', 'uk dance']	[2017]	1	1
0DCRUk25XIiRFiNtiuR8OR	Olivia Sebastianelli	[]	[2017]	1	1
0l6pyDkdaojMjTu5lAuJzE	Ashdown	[]	[2017]	1	1
71WExccCBN2mw0klSzfYzz	Gia Koka	[]	[2017]	1	1
5338fdSzGNOFD4cxAxDTeq	Aaron Carter	['post-teen pop']	[2017]	1	0
2fOvE1l01YyORhYzwoaLCM	Miraa May	['alternative r&b', 'uk contemporary r&b']	[2017]	1	1
2CIMQHirSU0MQqyYHq0eOx	deadmau5	['canadian electronic', 'complextro', 'edm', 'electro house', 'pop dance', 'progressive house']	[2017]	1	1
18dZlFgRtFmMUaMJGhqbde	魯向卉	[]	[2017]	1	0
5YqxDPzn1uN3M3N0Tfz5ns	Amber Kuo	[]	[2017]	1	1
0O670qAFTka9RLZ3DTQ1hR	宇珩 (Yu Heng Chow)	[]	[2017]	1	0
3i8emYvhsa8PmLH4zTAvjV	Ralph Felix	['dutch edm']	[2017]	1	1
7pKGtXz21XIhXz1MfzbxNS	SDJM	['pop edm']	[2017]	1	1
5M2y5A6d5QZjw9JeKClagC	Andrelli	['swedish pop']	[2017]	1	1
74cb3MG0x0BOnYNW1uXYnM	Hillsong UNITED	['ccm', 'christian music', 'world worship', 'worship']	[2017]	1	0
46CitWgnWrvF9t70C2p1Me	Daughter	['shimmer pop']	[2017]	1	0
5gcDZA9xXCOspWgQilUYIu	The Preatures	['australian indie', 'australian indie rock']	[2017]	1	0
5Tz4zMiRWqiQVAymWZz99a	Zebra Katz	['escape room', 'lgbtq+ hip hop', 'vogue']	[2017]	1	1
0CkbPVBpOwwz9NPPglFKyq	RAY BLK	['alternative r&b', 'electra', 'uk contemporary r&b']	[2017]	1	1
0K1q0nXQ8is36PzOKAMbNe	Spoon	['alternative rock', 'austindie', 'indie rock', 'modern rock']	[2017]	1	0
5NKGqVsjoayAzsh27iGGyB	林依晨	['mandopop']	[2017]	1	0
77fo98jSqXtqA8Rqk0DIas	小S	[]	[2017]	1	0
0AepkoQhYvkjEzzwIcGxdV	Jacob Banks	['uk contemporary r&b']	[2017]	1	1
3836OTICMPjhTMMcpPw4EC	Broiler	['nordic house', 'norwegian pop', 'russelater']	[2017]	1	1
57Ca9tJJh1tPawqgRh4nW5	胡一天	['mainland chinese pop']	[2017]	1	0
53wX78gBiTUU7faylydfyt	鄭淳元	[]	[2017]	1	0
4hf3caW9H8uFwwbv5pFjcg	Jake Bugg	['modern rock', 'nottingham indie']	[2017]	1	0
4UUzXTSUFkG4BIgP8Cx0S8	Jordan XL	[]	[2017]	1	1
7D5oTJSXSHf51auG0106CQ	Benjamin Francis Leftwich	['acoustic pop', 'indie anthem-folk', 'indie folk', 'stomp and holler', 'york indie']	[2017]	1	0
3XBxSfCwYIMBzWmJL7ZJ4U	Jason Walker	['viral pop']	[2017]	1	1
7o5gxy3lEGcP62TNIppa7w	LEFTI	['disco house']	[2017]	1	1
5046XUycPUzE2QB9gvwZlr	Won Jae Woo	[]	[2017]	1	0
5D3muNJhYYunbRkh3FKgX0	Chord Overstreet	['acoustic pop']	[2017]	1	1
1yiDnFMFWXLovGSw3tcFVg	Unnies	['k-pop girl group']	[2017]	1	0
7pww8JMPMj1SxUfJ8wN5Kt	HAERTS	['metropopolis']	[2017]	1	0
7qlh1IM1XMeQXA9ukp59au	Plan B	[]	[2017]	1	0
2xNpeMJT0QrDfs4CFHygYi	Sons of People	['k-pop reality show']	[2017]	1	0
5zkf2Na8DKKJmtWX5Xrx3m	SUHO	['k-pop']	[2017]	1	1
6JypiwI4or5iwyKQWW4zYw	REMI	[]	[2017]	1	1
2SFRlJIospp5rCo7jZC6MT	亦帆	['mandopop', 'taiwan pop']	[2017]	1	0
3tzGw9NqzYMoMld5N3EHnA	「四分衛」樂團主唱阿山	[]	[2017]	1	1
5IFEsPRHo4tAOpwQzj0CNQ	「董事長」樂團主唱阿吉	[]	[2017]	1	1
3wTjhltUppblPelRzvqVA3	罕病兒林易	[]	[2017]	1	1
0N8yH7k6689OfjLtvaAUA9	劉佳	['mainland chinese pop']	[2017]	1	0
2wzMOQwNT6ZvVB4amvhFAH	The Pogues	['celtic punk', 'celtic rock', 'folk punk', 'punk']	[2017]	1	1
6UlNIFEuWlBqb4TvlVCekq	Kirsty MacColl	['new wave pop']	[2017]	1	1
1XLjkBxFokuDTlHt0mQkRe	Thomas Gold	['big room', 'dutch house', 'edm', 'electro house', 'german techno', 'pop dance', 'progressive electro house', 'progressive house']	[2017]	1	1
6ctgu4FFlnNhMgrKiIzCxp	Jillian Edwards	['acoustic pop', 'indiecoustica']	[2017]	1	1
6OgklJh1e1Z9S1Q2IQsHgy	Imad Royal	[]	[2017]	1	1
56NKtypwi90dIOb5ZQZwHb	The Nuts	[]	[2017]	1	0
4ON1ruy5ijE7ZPQthbrkgI	Burak Yeter	['electro house']	[2017]	1	1
0UZ1nu3kcdNlCoiKRjmSSY	Peking Duk	['aussietronica', 'australian electropop', 'edm']	[2017]	1	1
6u0HfTUdyLh7XPHpx0L2Ul	Max Lin	[]	[2017]	1	0
4N3cNXg5phUzRzuJYYxQlV	Emma Watson	['movie tunes']	[2017]	1	1
0MO42HJhUFrv078qALxpPQ	Luke Evans	['movie tunes']	[2017]	1	1
530a0roPLtawMxdCfI2zrR	Ensemble - Beauty and the Beast	[]	[2017]	1	1
5Yh3qHDUeUiyQqn1jmNhT1	Talay Riley	[]	[2017]	1	1
5luyt0SUvGkDMY4ILP6Qhl	Descemer Bueno	['cubaton']	[2017]	1	1
2dIGGnfI63aDJNR6eL50AZ	Jike Junyi	['mainland chinese pop']	[2017]	1	0
7k9T7lZlHjRAM1bb0r9Rm3	Wiley	['grime', 'uk dancehall', 'uk hip hop']	[2017]	1	1
5uefF2o3y9SAAyyM9sT56w	Frisco	[]	[2017]	1	1
1KBzuqs6c8Es36k0Si1dDx	J2K	[]	[2017]	1	1
4IZLJdhHCqAvT4pjn8TLH5	Jme	['grime', 'instrumental grime', 'uk hip hop']	[2017]	1	1
37uLId6Z5ZXCx19vuruvv5	Hot Chip	['alternative dance', 'dance rock', 'electronica', 'indie rock', 'indietronica', 'neo-synthpop', 'new rave']	[2017]	1	1
6kxRvPZLlcR4TINDGwL2ig	大鵬	[]	[2017]	1	1
3EW0kQ1skZiK1NHg3Spt9J	Takeoff	['atl hip hop', 'rap', 'trap']	[2017]	1	1
1q4nX5hg8UEcevMCmcDdMo	木良真真	[]	[2017]	1	0
2CGAHwH44Ph1TMhS1UlcsF	Getdown	[]	[2017]	1	1
2xU6IU13MYie8RcM54Ovt0	Mugeez	['ghanaian pop']	[2017]	1	1
6mPZJXtFVaakznkRxdgWtC	Throttle	[]	[2017]	1	1
7FDlvgcodNfC0IBdWevl4u	James Vincent McMorrow	['chamber pop', 'indie folk', 'irish singer-songwriter', 'stomp and holler']	[2017]	1	1
5lXfVoQxVgC5fpjkVqvNYn	Isaiah Firebrace	['australian pop']	[2017]	1	0
5ZS223C6JyBfXasXxrRqOk	Jhené Aiko	['r&b']	[2017]	1	1
15NtJjjHRFybdNSMyM9smT	Nevada	[]	[2017]	1	1
6V3F8MZrOKdT9fU686ybE9	Mark Morrison	['british soul']	[2017]	1	1
6VAphrHp0Oc88qg9BDaH9D	PRISTIN	['k-pop', 'k-pop girl group']	[2017]	1	0
19ra5tSw0tWufvUp8GotLo	George Michael	['new wave pop']	[2017]	1	1
1ql28OzmgulHG2ldXFrbWp	MINZY	['k-pop']	[2017]	1	1
6eouuqqGggqDlYRV63cgPo	Secondhand Serenade	['neon pop punk', 'piano rock', 'pixie', 'pop punk']	[2017]	1	0
1HExVl6jUdYXFYmB6GoKDV	Robin Mckelle	['contemporary vocal jazz', 'jazz pop']	[2017]	1	0
0lzV2CiahHRiGd6qpADtPS	James Hersey	[]	[2017]	1	0
0rQ0WMIrOt6MzfiGaNWh3D	LOUDPVCK	['brostep', 'electronic trap']	[2017]	1	1
56coS2IZSVdhIlHyzR75mK	Botnek	['bass house', 'canadian electronic', 'electro house']	[2017]	1	1
0hhL0iOf9ebHlwxWQyeH2w	KOLAJ	['indie poptimism']	[2017]	1	0
5aSJ7lyKNRh4luVJU9gT6p	Ariela Jacobs	[]	[2017]	1	1
0XNvr6bnNywV946ZKaJtr0	Joakim Lundell	['swedish pop']	[2017]	1	1
6xAuCvQ56HHJazssRDSLy3	Sophie Elise	['norwegian pop']	[2017]	1	1
5gg6x1Scb3wZaxg3j6VEJZ	Liang Zi	[]	[2017]	1	0
5tcseQSjVYYE6CrHQaPdru	Moira & Nieman	['opm']	[2017]	1	0
5xKp3UyavIBUsGy3DQdXeF	A Great Big World	['neo mellow', 'piano rock', 'pop rock', 'viral pop']	[2017]	1	0
16oZKvXb6WkQlVAjwo2Wbg	The Lumineers	['folk-pop', 'modern rock', 'neo mellow', 'stomp and holler']	[2017]	1	0
4LFgxG38Y0l4Fo1gdQelay	The Dap-Kings Horns	[]	[2017]	1	1
541Xl7q3GZScxM9tmlSbri	Double	[]	[2017]	1	1
1tMBaN8Tm6dj9i67jayVUW	Computer Games	[]	[2017]	1	1
1qpR5mURxk3d8f6mww6uKT	Shura	['electropop']	[2017]	1	0
2HcwFjNelS49kFbfvMxQYw	Robbie Williams	['dance rock', 'europop']	[2017]	1	0
5vJ99tWco5ZnwxjfKJDRkM	紀儀羚	[]	[2017]	1	0
3anb4BMiWghyicokBR8lwm	Jane Huang	['mandopop']	[2017]	1	0
0T2sGLJKge2eaFmZJxX7sq	Wretch 32	['grime', 'uk hip hop']	[2017]	1	1
74eX4C98E4FCrAMl39qRsJ	Theory of a Deadman	['alternative metal', 'canadian metal', 'canadian rock', 'nu metal', 'post-grunge']	[2017]	1	0
2dhnFfsPxve8lzhwfXVFpS	JOONIL JUNG	['k-indie', 'korean ost', 'korean pop']	[2017]	1	0
38CetkfLP6BzE1Dxph7h31	江松霖	[]	[2017]	1	0
21UJ7PRWb3Etgsu99f8yo8	Stereophonics	['britpop', 'modern rock', 'welsh rock']	[2017]	1	0
5OIkr9ifb6Gi5ikc618hvq	Holly Winter	[]	[2017]	1	1
13Ozs8QLLD0fDn5jygPcCT	Q.luv、Evis Wy、Ki.Dastronaut	[]	[2017]	1	0
60QGyk5ToNbgI6fVGjZhHa	My Life As Ali Thomas	['thai folk', 'thai indie pop']	[2017]	1	0
17t5haQfcZoTTzN3btCMF0	Helena Legend	['electra']	[2017]	1	1
2PuvS2BroRdS81r09CCnPH	Sophie Hintze	[]	[2017]	1	1
6O9WquDfQTxGRZqZUXVEQx	RedOne	['moroccan pop']	[2017]	1	1
0BezPR1Hn38i8qShQKunSD	周深	['chinese talent show', 'mainland chinese pop']	[2017]	1	0
2TzJ8bPytoVvCvtXilaxYi	Mobin Master	['australian dance', 'melbourne bounce']	[2017]	1	1
3aANIxbg5GNj2aGxxpg4Mr	Kamatos	[]	[2017]	1	1
12Y0NK1xaWXqOzwXttHlD3	黃聖萊Lex	[]	[2017]	1	1
1pxebgZw9azDEmjITIPVvI	楊蒨時	[]	[2017]	1	1
369srECpIhSsoB3nK06Z7E	Nowhere Band	['taiwan indie']	[2017]	1	0
6C7G2EARju9kqj4X4pjIg4	Shino Lin	[]	[2017]	1	0
3GFO1X5LAHduvR314sXnqI	Sam Rui	['singaporean pop']	[2017]	1	0
3MyFDtqB80WZvbtCZRsekM	Bakermat	['minimal tech house', 'tropical house']	[2017]	1	1
7DE0EJjdyFYdE8gf5j58LH	施易男	[]	[2017]	1	0
1i95hg4y58zIyO7hpbUFes	Yu Heng 宇恒	[]	[2017]	1	1
7bFuEkk1929rDOdLywT3rn	Imani Williams	[]	[2017]	1	1
03FagtGSQn7UpUflscKmsX	Dada	['serbian hip hop']	[2017]	1	1
5NDMothbpdpq2xHqSjrrWn	Faith Evans	['contemporary r&b', 'hip pop', 'r&b', 'urban contemporary']	[2017]	1	1
5me0Irg2ANcsgc93uaYrpb	The Notorious B.I.G.	['east coast hip hop', 'gangster rap', 'hardcore hip hop', 'hip hop', 'rap']	[2017]	1	1
2Haai7WfooGVuXTciVMwC3	Renz	['london rap']	[2017]	1	0
0Jzbm3ifxDNLxxS8M4BS51	Massari	['canadian pop', 'lebanese pop']	[2017]	1	1
1Y8cdNmUJH7yBTd9yOvr5i	Destiny's Child	['dance pop', 'girl group', 'pop', 'r&b', 'urban contemporary']	[2017]	1	0
5kPhAZL6iV8iDywUmIPC3g	Chace	['chinese electronic']	[2017]	1	1
3KDQJz0A7NTuUVo2zn4t3E	生祥樂隊	['taiwan indie', 'taiwanese indigenous']	[2017]	1	1
5deoijipwIdBiA27rEj14E	Josh Cumbee	[]	[2017]	1	1
470WlqN9HSRDGNaMufeHHF	Imaginary Future	['folk-pop']	[2017]	1	1
7h4j9YTJJuAHzLCc3KCvYu	Kina Grannis	['acoustic pop', 'viral pop']	[2017]	1	1
69IPe8IdY8UuUkbTA47qUn	The Icarus Account	['alternative pop rock']	[2017]	1	0
2WzaAvm2bBCf4pEhyuDgCY	Ruth B.	['alt z', 'canadian contemporary r&b', 'canadian pop', 'pop']	[2017]	1	0
0QWyMXrcM0ykx7t6XxvZ25	Girls Next Door	['k-pop girl group']	[2017]	1	0
6Shas1ACrMl25XHgTrzxeo	Hedley	['canadian pop', 'canadian rock', 'pop quebecois']	[2017]	1	0
2runvEY2C6w2l1ZOwdJTfG	Ady Ann	[]	[2017]	1	0
5YFS41yoX0YuFY39fq21oN	Bob Sinclar	['disco house', 'filter house']	[2017]	1	1
6GkJh85o22LfD2vgL9DP6f	Dirty Heads	['reggae fusion', 'reggae rock']	[2017]	1	0
7crPfGd2k81ekOoSqQKWWz	Stevie Nicks	['heartland rock']	[2017]	1	1
2C0zkx0dx5HFwsd14pKdjL	Interestring Quartet	['chinese jazz']	[2017]	1	0
52KdThzM6QZasdGGgJbgel	紅花樂團	[]	[2017]	1	0
5VF0YkVLeVD4ytyiyVSIiF	Dirty Projectors	['art pop', 'brooklyn indie', 'experimental pop', 'indie rock', 'indietronica', 'noise pop']	[2017]	1	1
6pSsE5y0uJMwYj83KrPyf9	Dawn Richard	['afrofuturism', 'alternative r&b']	[2017]	1	1
34SBu2kvAUh84umN8Pi0iI	Hight	['uk dance']	[2017]	1	1
78QGXn7pi6whQbVeG7iVhU	何書宇	[]	[2017]	1	0
1A96iePIMNFBjLrjXEl718	Emma Louise	['australian indie', 'brisbane indie']	[2017]	1	1
5aP2E8K4LY86fUERVzZlnX	Garibay	[]	[2017]	1	1
7Fb4bPwUT0mrtDXt2qmJEp	Olaf Blackwood	[]	[2017]	1	1
5a2w2tgpLwv26BYJf2qYwu	SOPHIE	['art pop', 'bubblegum bass', 'deconstructed club', 'escape room', 'hyperpop', 'proto-hyperpop', 'transpop']	[2017]	1	1
2GB80HjPXBHPNH6DoUC0bq	JordanXL	[]	[2017]	1	1
38SWPOPO1YqxUPnT4AAoID	The Mayries	['acoustic cover', 'acoustic pop']	[2017]	1	0
2qSEpijpT3YSXgxcXac1ly	Chris Willis	[]	[2017]	1	1
1O7NwszhNmDfjWmBcR7t7W	黄渤	[]	[2017]	1	0
1TN7AQCRcEVXNqb9z1m7Zn	泰坦	['taiwan idol pop']	[2017]	1	0
6xdRb2GypJ7DqnWAI2mHGn	MUNA	['indie pop', 'indie poptimism', 'la pop', 'metropopolis']	[2017]	1	0
5WJOZ5N4iegy9XdltTo8os	EZ Kim	['korean pop']	[2017]	1	1
77jPcBy09ILQZ6cLpMDfub	Winnie Ho 何芸妮	[]	[2017]	1	0
14TIxEiMEpG51Ih6DKlMzd	顏力妃	[]	[2017]	1	0
4FH1qQ5KcTtomryu4O5pgX	Basenji	['australian electropop']	[2017]	1	1
1kMPdZQVdUhMDKDWOJM5iK	Tkay Maidza	['alternative r&b', 'australian hip hop']	[2017]	1	1
2iojnBLj0qIMiKPvVhLnsH	Trey Songz	['dance pop', 'r&b', 'southern hip hop', 'trap', 'urban contemporary']	[2017]	1	0
5WdqBAQhGFCrZvBKXiPIu7	The Him	['big room', 'deep tropical house', 'pop dance', 'pop edm']	[2017]	1	1
4njdEjTnLfcGImKZu1iSrz	AWOLNATION	['la indie', 'modern alternative rock', 'modern rock', 'rock', 'stomp pop']	[2017]	1	0
5uM1Et50auro2hTS6ZLcmT	SEOHYUN	['k-pop']	[2017]	1	0
43kKsfG1eZSFW785NtHDYs	DYGL	['japanese alternative rock', 'japanese punk rock']	[2017]	1	0
0ZrpamOxcZybMHGg1AYtHP	Robin Thicke	['dance pop', 'neo soul', 'pop rap', 'r&b', 'urban contemporary']	[2017]	1	1
1SDxIHIJ3wvYiG22xckLKL	Joe Perry	['modern hard rock']	[2017]	1	1
5sr2rN0KN3htxtKZCuxcEF	孫羽希	[]	[2017]	1	0
0UKfenbZb15sqhfPC6zbt3	DEVO	['alternative rock', 'art punk', 'dance rock', 'new romantic', 'new wave', 'new wave pop', 'post-punk', 'synth punk', 'synthpop', 'zolo']	[2017]	1	1
0VHI9QyGh5o1cEhWarnVf0	莫安琪	[]	[2017]	1	1
2Q0MyH5YMI5HPQjFjlq5g3	Nick Murphy	['australian electropop', 'downtempo', 'indietronica']	[2017]	1	1
75FnCoo4FBxH5K1Rrx0k5A	The Band Perry	['contemporary country', 'country', 'country dawn', 'country road']	[2017]	1	0
6eXZu6O7nAUA5z6vLV8NKI	Little Simz	['alternative r&b', 'escape room', 'trap queen']	[2017]	1	1
00FaHSRJeGv1dbHhnqhHqz	Teemu	[]	[2017]	1	1
1t65YxEAtU3iii6bCzSGF8	Emma Hewitt	['trance', 'vocal trance']	[2017]	1	0
7nPlwIGzSvU0yrIWdigH6B	INÉZ	[]	[2017]	1	0
2U2dUEVuwMzW2C2hPM39OI	江語晨	['taiwan pop']	[2017]	1	0
0V8tQXWkKPD5SxsB2moGew	The Gregory Brothers	['antiviral pop', 'pixel']	[2017]	1	1
5yVIDlvXAuqebphRIMLx6X	Takeo Ischi	['yodeling']	[2017]	1	1
6sN51vEARnAAdBw1IKZ8Q9	Liam Gallagher	['britpop', 'britpop revival', 'solo wave']	[2017]	1	0
5vWJrDpmd5vrDpdmgxqC5u	Alan Tam	['c-pop', 'classic cantopop']	[2017]	1	1
2vUCVkeZjzDcaoX4gagHdV	Julian Jordan	['dutch edm', 'dutch house', 'edm', 'electro house', 'pop dance', 'progressive electro house', 'progressive house']	[2017]	1	1
38dICdGB6bl9UKmQx3lt2R	TYMEN	[]	[2017]	1	1
7xUZ4069zcyBM4Bn10NQ1c	Ásgeir	['icelandic folk', 'icelandic indie', 'icelandic pop']	[2017]	1	0
7r8xR0LmnaAM623MmRDn1V	Max Frost	['austindie']	[2017]	1	1
2dd5mrQZvg6SmahdgVKDzh	PSY	['k-rap', 'korean old school hip hop']	[2017]	1	0
6WK3Qxj1lGo2lr8d7y2fZM	Jay Ocean	['singaporean electronic', 'singaporean pop']	[2017]	1	1
4I69gd5kCrEHi7DL6K2qwz	FYKE	[]	[2017]	1	0
6mctsJBrfcWvWH7S8h716D	Moelogo	['afrobeats', 'nigerian pop']	[2017]	1	1
4v5yEMJk1XZ5ACqCqH0IZT	林宗興	['taiwanese pop']	[2017]	1	0
1yKCQp9RVRzENoLUnsIQT5	Knock	['k-pop reality show']	[2017]	1	0
5g3uG8zZZANGT6YOssgjfC	Lenka	[]	[2017]	1	0
15iVAtD3s3FsQR4w1v6M0P	Chief Keef	['chicago bop', 'chicago drill', 'chicago rap', 'drill', 'hip hop', 'rap', 'trap']	[2017]	1	1
2JM2ksj6NnUXFG69WmYHBu	康康	['taiwan pop']	[2017]	1	0
4iu3NcU8ZoistQ19d8k9mS	The Hotpantz	['japanese dance pop']	[2017]	1	0
4Hx5ATrpldK2Hwcufqdtr3	Sharon Lee	['taiwan pop']	[2017]	1	0
3XIzFAj4W591ox1KrgRrVt	Alex	['mainland chinese pop']	[2017]	1	0
1l0mKo96Jh9HVYONcRl3Yp	2NE1	['dance pop', 'k-pop', 'k-pop girl group']	[2017]	1	0
2ht3wxeT69CzyKFChNnNAB	Big Boi	['atl hip hop', 'dirty south rap', 'hip hop', 'southern hip hop']	[2017]	1	1
04elqP5zbsAcXcHFTkHYMg	Scar	[]	[2017]	1	1
7Dnu2NmddNymEI2LMZVH5v	Sleepy Brown	['atl hip hop']	[2017]	1	1
08GQAI4eElDnROBrJRGE0X	Fleetwood Mac	['album rock', 'classic rock', 'rock', 'soft rock', 'yacht rock']	[2017]	1	0
11HvxopJHabh3PPzKOSomq	黃荻鈞	[]	[2017]	1	0
7J3UwMTN9ldjM4ALmCuba2	TzChien慈謙	['taiwan singer-songwriter', 'taiwanese indie']	[2017]	1	0
3PyWEKLWI0vHPmoNrIX0QE	Rakim	['east coast hip hop']	[2017]	1	1
0f5nVCcR06GX8Qikz0COtT	Omarion	['dance pop', 'hip pop', 'r&b', 'rap', 'southern hip hop', 'trap', 'urban contemporary']	[2017]	1	0
4qES065v5wAUcI8E76ZSgT	Crush	[]	[2017]	1	1
1dOMFM5wDNsENQQW0nl0K8	Urban Zakapa	['korean pop']	[2017]	1	0
3IdeceSgnnbrLl0D6qlglr	April Red 紅	['taiwan electronic']	[2017]	1	1
6bi8ggq5sfr4dZo2yCGzQQ	Olga Glazova	[]	[2017]	1	1
3Z02hBLubJxuFJfhacLSDc	Bryan Adams	['canadian pop', 'canadian singer-songwriter', 'classic canadian rock', 'heartland rock', 'mellow gold', 'soft rock']	[2017]	1	0
3jk39CGeaaSO3FPKNx1RUx	Syd	['alternative r&b', 'lgbtq+ hip hop']	[2017]	1	0
0JvtoI1m1MFbXukBpztHK8	ROOKIES	['deep tropical house']	[2017]	1	1
1FJcHHOvxrDQKVSEZMgQzC	鄧廣福	[]	[2017]	1	0
6meomXUCnPUYEWxITWNVZ0	Sherman Chung	['cantopop']	[2017]	1	0
0p5Gy5PDTsx68JTN5Hn9vK	Freakhouze	[]	[2017]	1	1
20YQnrpKipeCYfzvAzZk8i	Cien	[]	[2017]	1	1
3nALc9PyUfe6CO3EY9bNhH	Henry Fong	['dutch house', 'electro house', 'melbourne bounce', 'progressive electro house', 'sky room']	[2017]	1	1
6GUGvmk5XZesTWRQdkp69u	Energy	['mandopop']	[2017]	1	0
6wBoKKHhGDrxVtp6XMFpIP	Charlene Choi	['cantopop']	[2017]	1	1
4bvWFV51SAEocM22uiDOza	Pretty Sister	['la pop']	[2017]	1	1
5a2EaR3hamoenG9rDuVn8j	Prince	['funk', 'funk rock', 'minneapolis sound', 'rock', 'synth funk']	[2017]	1	0
3sz3zBDijQwZ1isnVqjB3j	AMiR	['slap house']	[2017]	1	0
3d2pb1dHTm8b61zAGVUVvO	Mick Jagger	['classic rock', 'dance rock']	[2017]	1	0
5rCBiTbzdrGRNkE2fUixP2	陳念澤	[]	[2017]	1	0
0Tob4H0FLtEONHU1MjpUEp	Tinie Tempah	['dance pop', 'grime', 'pop rap']	[2017]	1	1
5LKvIQZUXSWBlaGNXwpryB	倪安東	[]	[2017]	1	1
5WTl3mj1jXbpykXEB1d7cy	Danielle Deckard	[]	[2017]	1	0
5irASmDuDBknesWaHGCnTY	GAOFUNK	[]	[2017]	1	0
5lMNphVhMLvhFmTWiKiLA2	Zaeden	['hindi indie', 'indian edm']	[2017]	1	1
4PJCaRYDmLzu4kxHUeUAbq	Nina & Malika	[]	[2017]	1	1
3glG6M6Sm7Zgvms4dFZKbN	Casso	[]	[2017]	1	1
29JlvmcJaB2Iv1dQZ8Jd8F	TRXD	['norwegian pop']	[2017]	1	1
2t72CNJ7uXNS0Elu3QbB7s	Emilie Adams	[]	[2017]	1	1
7JcssBIynCwyhPTYplMF8H	This Diamond Life	[]	[2017]	1	1
1QOHbhVRpDoNtRkz79si6b	Karen Harding	['house', 'pop dance', 'uk dance']	[2017]	1	1
1aSwrSGBNGMLn9ymttfRkk	Lido	['norwegian pop', 'vapor twitch']	[2017]	1	1
13kKxNPnxPeeWQaAaZwvCP	Callie Hernandez	[]	[2017]	1	1
4FFGJ9ERSX06Sl8hD7GRVv	Sonoya Mizuno	[]	[2017]	1	1
21yiGQIpkiP8edfxDipQaW	Jessica Rothe	[]	[2017]	1	1
0TtVGvZ6bN7aQTTAixMFYU	Mavis Hee	['classic mandopop', 'mandopop', 'singaporean mandopop', 'singaporean pop']	[2017]	1	0
4aOOnr90lZUhyGcEgmtgcl	Rynn	['indie electropop']	[2017]	1	1
6hrOM3yfx3SEtARzDWMikb	DENM	['reggae rock']	[2017]	1	1
2P1Alo0MqCawJ3ZaJO7fEE	Christiana Berenguer	[]	[2017]	1	0
7xEFii6utZmQ61kX59HmLH	FRENSHIP	['electropop', 'indie poptimism', 'la pop']	[2017]	1	1
7B1LLuCQk13H4Mb6CFBftU	The Martinez Brothers	['deep disco house', 'house', 'minimal tech house', 'minimal techno']	[2017]	1	1
4QFHHdZkeqmneDQqKIjAN8	Donna Missal	['la pop']	[2017]	1	1
1A6WCseWiK22oxqodg7vcy	Lyn	['korean pop']	[2017]	1	0
36ykHfsCGYTPS0ptL0OGMF	AR	[]	[2017]	1	1
5BjdiLcnIkT6ugJFaHY8Tn	Sanctuary of The Lonely	[]	[2017]	1	1
0wrgMY7NqLOObBGEfcwO8f	鄭叡鴻	[]	[2017]	1	1
1i0afu70Em7qUMTxWMwAdi	罌粟	[]	[2017]	1	1
7uLr4vNSxWoxVKwOC9U4GX	王小宇	[]	[2017]	1	1
6T56xtTEllGW17snjAZLNP	Gia Woods	['alt z']	[2017]	1	1
4j4uI7KHpSIACHTKQPBsl0	TIA LEE 李毓芬	[]	[2017]	1	0
6q1zkUxHvfSlWEtl4lV3zR	Tom Jay Williams	[]	[2017]	1	0
5WzFz4sQSN1HgSZLmIgHBl	PBH & JACK	['future house']	[2017]	1	1
3d17HoQ4dPVUfrp6t3DU59	What Century	[]	[2017]	1	0
0syIRg9MPSpJIC0QCPUaHB	Beta Radio	['indie folk', 'modern indie folk', 'stomp and flutter', 'stomp and holler']	[2017]	1	0
4R60A85t9mTZzCqJlVswuo	Gain	['k-pop']	[2017]	1	0
5BkB3rXc0qIdUtuEnhbK0A	VIXX	['k-pop', 'k-pop boy group']	[2017]	1	0
1JV42BPeocUJ0EyQh8ug6V	smle	['future bass']	[2017]	1	1
2Kx7MNY7cI1ENniW7vT30N	Norah Jones	['contemporary vocal jazz', 'jazz pop', 'vocal jazz']	[2017]	1	0
2ntZsLcOfgq1xlnXi8A4mz	Rosie Yang	['chinese electropop']	[2017]	1	1
4DB8A7kej8l10ONCaxglDJ	余枫	['chinese electropop']	[2017]	1	1
6yJCxee7QumYr820xdIsjo	Zac Brown Band	['contemporary country', 'country', 'country road', 'modern country rock']	[2017]	1	0
0UN8vGMxWEBKNNu8NtyF96	Lush & Simon	['dutch house', 'electro house', 'progressive electro house', 'sky room']	[2017]	1	1
2w9zwq3AktTeYYMuhMjju8	INNA	['dance pop', 'romanian house', 'romanian pop']	[2017]	1	1
05o1zW8b6PV6rEquXr74sB	State of Sound	['swedish tropical house']	[2017]	1	0
7JBZN2pehWRUu3fX11lP2y	R.LUM.R	[]	[2017]	1	0
4tlEMWIEph0G9QsmLH6xKi	Dasu	[]	[2017]	1	1
5sK8BsvyDl4TFA6KaBf8or	Charly Black	['dancehall', 'jamaican dancehall']	[2017]	1	1
7MAmAdNJ8JLL7JCHzIJkoo	Big Fish	[]	[2017]	1	1
59zcMm9hGdTAuVjDKYNhRS	Mike Gomes	[]	[2017]	1	1
3OaBywrev35l4cHVf2BhoV	聖結石	[]	[2017]	1	0
41rVuRHYAiH7ltBTHVR9We	Slushii	['brostep', 'edm', 'future bass', 'pop dance']	[2017]	1	1
1XXIQyBIca67awl4geEWMN	许亚童	[]	[2017]	1	0
4vLqDTZh0b8EFyVnPpw3Bq	Tien Fu Chen	[]	[2017]	1	1
0BwMUrS55qLWdEyGbmBgkW	王蕾	[]	[2017]	1	1
2EUcb7pM6DKMebYlfSVbjk	馬雲	[]	[2017]	1	1
39YbP9PakVwqfXFtRdn5vI	E-Jun Lee	['classic mandopop', 'mandopop']	[2017]	1	0
5AtWO8IEnjhRLzaVVQxFUs	SoMo	['pop r&b', 'r&b', 'teen pop']	[2017]	1	0
5H0ov3ewmCAfgC8nR4zBa5	Anniedora	['taiwan indie']	[2017]	1	0
1q4zUzqEWKe8YvpI9OxKqL	Sidnie Tipton	[]	[2017]	1	1
3aD9K1zaLQ3G7yp9XV5E4D	Isac Elliot	['finnish pop']	[2017]	1	0
36jaGQtMj5UWD0eO1fCVdD	Joel Adams	['australian pop', 'pop soul', 'teen pop']	[2017]	1	0
5SIWtJB0dlWtIF2hmChoTG	Jay Karama	['melbourne bounce', 'sky room']	[2017]	1	1
6MWKObDGDrI3jN3Q3d9dpD	Jorge Blanco	['latin viral pop']	[2017]	1	1
6XGj8QCc5uKv4dt6pkdCKS	Jerry Williams	['portsmouth indie']	[2017]	1	0
5aWu1ONWQz2TynGhHDjTF3	Otto Blücker	[]	[2017]	1	1
5RYM4HFlhaYsS5OvH85Wnu	Michael Casado	[]	[2017]	1	1
6jpYYV9brLyyM3sFC5J25w	吳亦帆	[]	[2017]	1	0
2eam0iDomRHGBypaDQLwWI	Bleachers	['indie pop', 'modern rock', 'pov: indie']	[2017]	1	0
69Pm1OWlxk1tbYphlkcKHR	Laurell	['canadian pop']	[2017]	1	1
0TImkz4nPqjegtVSMZnMRq	TLC	['atl hip hop', 'contemporary r&b', 'dance pop', 'girl group', 'hip pop', 'r&b', 'urban contemporary']	[2017]	1	0
2iUbk5KhZYZt4CRvWbwb7S	LunchMoney Lewis	['miami hip hop']	[2017]	1	1
6ltzsmQQbmdoHHbLZ4ZN25	Lord Huron	['indie folk', 'modern rock', 'stomp and holler']	[2017]	1	0
2ORqivUmLd8CAIb3iO5LhA	SiaYeun Tay 郑夏韵	[]	[2017]	1	0
6JqoSH89xVdLNLq3Tngeb9	杨炅翰	[]	[2017]	1	0
4H1PNuHElBLVok0lnYMrRb	Dyo	['alte']	[2017]	1	1
0f5x4P8SybbRdpVr4idUwd	Da Mouth	['mandopop']	[2017]	1	0
3bCmhyXqTr9ZNGlHNYNTFA	Graham Colton	['acoustic pop', 'folk-pop', 'okc indie']	[2017]	1	0
0kXDB5aeESWj5BD9TCLkMu	Alextbh	['chill r&b']	[2017]	1	0
3vAaWhdBR38Q02ohXqaNHT	The All-American Rejects	['alternative metal', 'modern rock', 'neo mellow', 'neon pop punk', 'pop punk', 'pop rock', 'post-grunge']	[2017]	1	0
5t0Js3X9t4wpgXGlaiTFe6	XIUMIN	['k-pop']	[2017]	1	1
28xUSGD80Bh3CuLlg0GVqf	The Rescues	['deep acoustic pop']	[2017]	1	0
3XZeKcZ9rbZUQrLqE6HRTu	老鬼團	[]	[2017]	1	0
7mShFo2eYgVBQFZBCilhtl	Leah Dou	['chinese indie', 'chinese indie pop']	[2017]	1	0
0AJUYWKztkg5dnrHDIBv47	MiC LOWRY	[]	[2017]	1	0
3NdOtTPPaXrCyC7Lpmzyhv	Tablo	['k-pop', 'k-rap', 'korean r&b']	[2017]	1	1
2eNLNPGrTxWd6BEvCNFpP2	Nao Kawamura	['japanese r&b']	[2017]	1	1
2m1l9MLSslzup4vvokKgvQ	Villagers	['chamber pop', 'indie folk', 'irish rock']	[2017]	1	0
4mRHCOgJQT3Pe6zV89tfYC	Felon	['deep groove house']	[2017]	1	0
2QOz7x6vEQDK9sLY10ier9	Ponso	['chinese hip hop']	[2017]	1	1
3SK3CUWwVi1qOeo3vxhoOs	蕭小M	[]	[2017]	1	1
4Ww02MqPOCYw0CufxePGkC	Neev	['portuguese rock']	[2017]	1	1
2wcrc3fjebDRLVdtRUa3pu	Cal Scruby	['deep underground hip hop', 'indie pop rap', 'ohio hip hop']	[2017]	1	1
28Ec4QPpri43iouet8mDvl	Mitika	[]	[2017]	1	1
5ixB75BQR3ADoWQkcHQJTs	Gene Autry	['classic oklahoma country', 'cowboy western', 'traditional country', 'western swing', 'yodeling']	[2017]	1	0
2LaAcZ5zLovDri8lOKWvdJ	林正	['taiwan graduation song']	[2017]	1	0
5lLVsxABqSuosfqAoLQeXV	Dan Stevens	['movie tunes']	[2017]	1	0
49HPMFWsosCuRf810Ay1Vv	Kurt Nilsen	['classic norwegian pop', 'norwegian pop']	[2017]	1	1
17ggmeNujCFMkr3zgyXv02	The Norwegian Radio Orchestra	['nordic orchestra', 'orchestra', 'radio symphony']	[2017]	1	1
3Z0x2LtUxZGXwEEqvT33l4	黃維德	[]	[2017]	1	0
6RKnXXyprPjhBdCvL802Ku	I.O.I	['k-pop', 'k-pop girl group', 'k-pop reality show']	[2017]	1	0
3xST4IdzibYK6K3IAtcaVe	Hiro-a-key	[]	[2017]	1	1
2K1alGjkO1KfDPVm1OQagG	ladybees	['c-pop girl group']	[2017]	1	0
1cdGFmm7cm0yvD7mA40R8x	GABRIEL VITEL	['german house']	[2017]	1	0
5z1VAFwT35EVvCp1XlZZuL	Diana Krall	['contemporary vocal jazz', 'jazz pop', 'vocal jazz']	[2017]	1	0
1HQGhla3VNj1dBmKTtVT2t	Ookay	['brostep', 'dubstep', 'edm', 'electro house', 'electronic trap']	[2017]	1	1
6DpWtzfwV8fcwP6fXckDVu	Starrah	['hyperpop francais']	[2017]	1	1
0As48EfATspJdsce0p923Q	Stella Huang	['singaporean mandopop']	[2017]	1	0
6deZN1bslXzeGvOLaLMOIF	Nickelback	['alternative metal', 'canadian rock', 'post-grunge']	[2017]	1	0
6zI3oNvlxWBxXqBOs7sCCM	陳霓 SHINY CHEN NI	[]	[2017]	1	0
4RnezwRV7VBJUCI1S0AE5u	Block B	['k-pop', 'k-pop boy group', 'korean r&b']	[2017]	1	0
7rIGDigxVEPzkrurRYmROI	LoVe on the Beat	[]	[2017]	1	0
6PcCgi0ladfogWN4ZEAwn1	illion	['j-rock', 'japanese alternative rock']	[2017]	1	0
7HUHnZjKC0xbtjUUqYlAdc	林京燁	[]	[2017]	1	1
6e4aHkdDUcsaXPTQdF6Qhn	Life of Dillon	['uk pop']	[2017]	1	0
20vLqxWyyRuMaNpMsgZOI6	戴荃	[]	[2017]	1	1
7jlMwr0xUcRO1xS6WjkkUT	One Bit	['pop edm']	[2017]	1	1
2nUnKq3B9wDfhA9DHAKdja	杜忻恬	['hokkien pop']	[2017]	1	0
0CIwCGmQMqHqiblnZlFia1	Stephen Marley	['reggae', 'roots reggae']	[2017]	1	1
4CHiVarfTsFhkFOk5vHS77	Marc Scibilia	['indiecoustica']	[2017]	1	1
6RqG6OjPJVHi1RAcXTxglq	Stereotypes	[]	[2017]	1	1
3crnzLy8R4lVwaigKEOz7V	E-40	['cali rap', 'gangster rap', 'hyphy', 'oakland hip hop', 'west coast rap']	[2017]	1	1
2bxxlINUlcMQQb39K7IopR	Abraham Mateo	['latin arena pop', 'latin pop', 'latin viral pop', 'reggaeton', 'spanish pop']	[2017]	1	1
19SmlbABtI4bXz864MLqOS	Carl Cox	['house', 'schranz', 'uk tech house']	[2017]	1	0
3Xq2UDTRsQqQnfR3FIGoFG	DOLF	['dutch edm', 'pop edm', 'speed house']	[2017]	1	1
3SvCpwSeoWCcjfo8zjPZKB	Autoerotique	['brostep', 'canadian electronic', 'electro house']	[2017]	1	1
2ySHS7UojGu20XfUPaBlyu	Devin Dawson	['contemporary country', 'country road', 'modern country rock']	[2017]	1	0
7fyek34k6d1F6h1yYV5uKO	LilPan	[]	[2017]	1	1
2rqNUPgkBgbhcRabUQ5C9g	Elephant Gym	['instrumental math rock', 'math rock', 'southeast asian post-rock', 'taiwan indie', 'taiwan post-rock']	[2017]	1	0
6RJbFqgnnHvQcq8TGdCIn2	James Mercy	['pop edm']	[2017]	1	1
1rHE9GIzQio52kTCadXdyL	Ameria	[]	[2017]	1	1
1BAdSa5cdtCNLbvT7gWmtJ	Conro	['canadian electronic', 'pop edm']	[2017]	1	0
6Mn5HNY6bJSqK31cRa0uiv	JONES	['uk contemporary r&b']	[2017]	1	1
5W0u1pQ5BbnkLGZGMnxtp8	MAALA	['nz pop']	[2017]	1	0
2x0Fa6Dl3L2EPG9Ie3OQWZ	Flawes	['uk alternative pop']	[2017]	1	0
3CygdxquGHurS7f9LjNLkv	Little Big Town	['contemporary country', 'country', 'country dawn', 'country road']	[2017]	1	0
4ERtgeBbWRkFzIz6LaFCeY	Dashboard Confessional	['emo', 'neon pop punk', 'pop punk', 'pop rock']	[2017]	1	1
5x0R3zoC09GMiRJomoexLV	nimino	[]	[2017]	1	1
6P5NO5hzJbuOqSdyPB7SJM	Ashe	['alt z']	[2017]	1	1
2e4G04F77jxVuDYo44TCSm	Loco	['k-pop', 'k-rap', 'korean r&b']	[2017]	1	1
1FAuGXJeTzpP5PSynOdxc5	林逸欣	[]	[2017]	1	0
6gYn1myEM7sARWIoT2AVWG	Ffion	['singaporean pop']	[2017]	1	0
0fs8oBR1rx7JIXZi75h7Uu	Bahari	['alt z', 'la pop']	[2017]	1	1
08fiOzXWHTizuWGyS1dWu6	KEN	['korean pop']	[2017]	1	0
7KyaSSJ8uTv7Unev4z2Qc7	Kelly Chen	['c-pop', 'cantopop', 'classic cantopop']	[2017]	1	0
5N6AQAyOk8oicKCFvq5HPT	法蘭	[]	[2017]	1	1
7g6cUrhhvug4olzrfJtspC	陳李張王	[]	[2017]	1	0
4dRRQxDsUXpBkGqjS7vNcO	Savoi	[]	[2017]	1	1
6T70tWxqyIpdVbsFvPzqM3	La La Land Cast	[]	[2017]	1	0
5zeCSgiRyezbfLiGOpKAsR	Tyrone Wells	['acoustic pop', 'neo mellow']	[2017]	1	0
2OBOEWBJrEKpnB5efLPWcU	方宥心	[]	[2017]	1	0
6NFVRwNx10bluHMhHnIm1Q	Sandrine Pinna	[]	[2017]	1	1
7IhoiR1VotrcXWaviaSPNg	Nana Lee	['hokkien pop', 'mandopop']	[2017]	1	1
1cjmG8omsi6E3Bf7ccShMb	林慶台	[]	[2017]	1	1
4dKTKitRcY633ohw0WHXcp	趙詠華	['classic mandopop']	[2017]	1	1
4BpQufMVrZH7PXsFJOic1h	米非	[]	[2017]	1	1
2O1pvIekjMbGgOs70vmxWd	Wei Min Ying	[]	[2017]	1	1
3zrnizBbdRKjQmjtlzvKB0	Min Xiong Lee	[]	[2017]	1	1
3oKRxpszQKUjjaHz388fVA	Parcels	['aussietronica', 'indie soul']	[2017]	1	0
2X00J2jksYRh7XTvdNPVFk	江智民	['chinese audiophile']	[2017]	1	1
709kk7IKBVoyCtq04y865f	周虹	[]	[2017]	1	1
34MuJG3KuMOzEHLf4OY5fv	April George	[]	[2017]	1	1
2AcUPzkVWo81vumdzeLLRN	Rhye	['art pop', 'downtempo', 'indie soul', 'indietronica', 'shimmer pop']	[2017]	1	1
7pMqgUModTCyS7hpa5n2Lc	FRND	['pop edm']	[2017]	1	0
2kucQ9jQwuD8jWdtR9Ef38	Sam Hunt	['contemporary country', 'country', 'country pop']	[2017]	1	0
119nzI9cRHF4tfpnF2BjmY	DinPei	[]	[2017]	1	1
6MF9fzBmfXghAz953czmBC	Taio Cruz	['dance pop', 'pop', 'pop rap']	[2017]	1	1
3Bt49IQb73vYO4Ln3KfTX7	Pauls Paris	[]	[2017]	1	1
5avMgnZO8BSaIPKK60eD1y	NEW_ID	['progressive electro house', 'sky room']	[2017]	1	1
0Jx6sVBAZjbSlCC8HweZ1M	Moses York	[]	[2017]	1	1
2wTLheTmMcFCA4hdY8hZJP	SISTAR	['k-pop', 'k-pop girl group']	[2017]	1	0
1svaANJTE5KrG16fTGDqOs	The Puppini Sisters	['easy listening', 'swing', 'swing revival']	[2017]	1	1
2QvTBp47pzRC6878OIqMhj	It's	['k-pop reality show']	[2017]	1	0
14IGFI7gSDnmyIamd2bIfu	陳以桐	[]	[2017]	1	0
5IHqlcCbQkyhWl0KmIwgeq	Louisa Johnson	['talent show', 'uk pop']	[2017]	1	1
4m6VmvHDXWmVdIw6EJGQ86	Frances	['indie anthem-folk', 'neo-singer-songwriter']	[2017]	1	0
4ehBGotbRDOgqcrUomjJyd	Lasse Lindh	['swedish indie pop']	[2017]	1	0
00Z3UDoAQwzvGu13HoAM7J	Skizzy Mars	['indie pop rap']	[2017]	1	1
3ovcRgJKVKJumd6QKosCd1	柯智豪	['taiwan instrumental']	[2017]	1	1
1T9mSwUudkzKCUc5zPuk1x	巴奈•庫穗	[]	[2017]	1	1
36Hd8M3GV2FLpHUEDH6bCz	ONE	['k-rap']	[2017]	1	0
6lay1nwbE6hTx1jivysUAL	Princess Nokia	['alternative r&b', 'escape room', 'lgbtq+ hip hop', 'trap queen']	[2017]	1	0
6iO8XIJSAfUwu0qEPybbN7	張赫宣	[]	[2017]	1	0
6xDRh6bnmn1CQhRUntBka9	Shallow Levée	['taiwan indie', 'taiwanese pop']	[2017]	1	0
3oh2ZIGpgdEyhfggcVjrWE	BOY STORY	['chinese idol pop']	[2017]	1	0
3KOHpygRuo1ruQAbEneR3t	George FitzGerald	['electronica', 'future garage']	[2017]	1	0
293zczrfYafIItmnmM3coR	Chuck Berry	['blues', 'blues rock', 'classic rock', 'rock', 'rock-and-roll', 'rockabilly', 'soul']	[2017]	1	0
3TaUSUXn41GixL7zbvrIDt	A-Trak	['canadian electronic', 'edm', 'electro house', 'electronic trap', 'turntablism']	[2017]	1	1
3hGbDvLdwpAnUn32AsjU7W	Terrence Wildë	[]	[2017]	1	0
736HGQRGr9rjG4VmmSpkz8	Naaz	['dutch pop']	[2017]	1	0
6rVsNprWIZe3mnvd5m64q6	BOXING樂團	['taiwan indie', 'taiwanese indigenous']	[2017]	1	1
15mR9E7xTmVPmKeHcPByzD	Isadora	['pop nacional']	[2017]	1	1
6tAw5L4Q6eVxmvHBjgONLE	Ilid Kaolo	[]	[2017]	1	1
2XMxHczWkSzDDFhiC3zt8k	Marié Digby	['lilith']	[2017]	1	0
5Kmvlg4fSgle8RJU9LVbn4	Chaleeda	[]	[2017]	1	0
24icoQNJSEWNu3XvqKBR68	Jordan Rakei	['indie soul', 'neo r&b']	[2017]	1	0
3nVeK8gQChVtVCCjGreal2	Tim Halperin	['indiecoustica']	[2017]	1	0
3w4VAlllkAWI6m0AV0Gn6a	Hurts	['metropopolis', 'neo-synthpop']	[2017]	1	0
39rKElzF7q6K4O2flycSEc	Chlara	[]	[2017]	1	0
20alWRclFkX2gvrOpqvybz	何芝芸	[]	[2017]	1	0
0PxzGnCYBpSuaI49OR94cA	Big Wild	[]	[2017]	1	0
5JSXWmQO8csVUy6hSRu8TA	Maty Noyes	['alt z']	[2017]	1	1
6cXMpsP9x0SH4kFfMyVezF	Josh Groban	['operatic pop']	[2017]	1	0
7zAyW4IBReORwCaBXxQfNd	NEOSO	[]	[2017]	1	1
3amwMyDd1uxTBoUZlazZ9m	Brooke Candy	['escape room', 'lgbtq+ hip hop', 'pink noise', 'trap queen']	[2017]	1	1
6OO0PboZcIWUWL7j2IyeoL	Markus Schulz	['edm', 'pop dance', 'progressive house', 'progressive trance', 'trance']	[2017]	1	1
1thbOfXak53dM1Xabq3pmb	Delacey	['modern alternative pop']	[2017]	1	1
1b4DN8Vj0dnj5cceMFsRYN	Dante Klein	['deep tropical house', 'dutch house', 'pop edm']	[2017]	1	1
6OkqAt7MtIDPOadHr1gEkz	Matt Hartke	['pop folk']	[2017]	1	1
6NCA2AVIHGles0udtwuoqN	Maggie Peake	[]	[2017]	1	1
2JJVN83GZqG7xsfUC4G1yH	霍尊	['mainland chinese pop']	[2017]	1	1
1gR0gsQYfi6joyO1dlp76N	Justice	['alternative dance', 'dance-punk', 'electronica', 'filter house', 'indietronica', 'new rave']	[2017]	1	0
7ICw984KHxGz5WtEzfjxG3	鍾欣潼	[]	[2017]	1	0
5gIoOoGK5jxeB3piPAnENq	蔡詩蕓	['mandopop', 'taiwan pop']	[2017]	1	0
0cNL0rBLHK5qIViN1EYM6h	STORi	[]	[2017]	1	1
34jWF71xNdpSI3UnETaE02	CoCo Lee	[]	[2017]	1	0
6JvU33PZ8MtZyeFTESr09O	Kap G	['atl hip hop', 'chicano rap', 'melodic rap', 'trap']	[2017]	1	1
14zUHaJZo1mnYtn6IBRaRP	Justin Quiles	['reggaeton', 'trap latino', 'urbano latino']	[2017]	1	1
6veh5zbFpm31XsPdjBgPER	BIA	['rap latina', 'trap queen']	[2017]	1	1
5p5RVqOQb17xbA3o5VlXw2	Rima Zeidan	[]	[2017]	1	0
3dz0NnIZhtKKeXZxLOxCam	Porter Robinson	['complextro', 'edm', 'electro house', 'pop dance', 'progressive electro house']	[2017]	1	1
4pb4rqWSoGUgxm63xmJ8xc	Madeon	['complextro', 'edm', 'electro house', 'electropop', 'filter house', 'nantes indie', 'pop dance']	[2017]	1	1
3jyrPJm2LPWOH2Q6Wy2W4e	Cinco Cinco	[]	[2017]	1	0
0a1gHP0HAqALbEyxaD5Ngn	Rascal Flatts	['contemporary country', 'country', 'country road']	[2017]	1	0
7HiNpMQgsKRVqzQlN2PLRJ	Jeffrey Kung	['chinese hip hop']	[2017]	1	1
5BRxHBKp4AvLCJTLNpAP0s	滿舒克	['chinese hip hop']	[2017]	1	1
7keGfmQR4X5w0two1xKZ7d	Kungs	['edm', 'pop dance']	[2017]	1	1
2DzbXUAn0DiYqcgu2wDfaf	Coely	['belgian hip hop', 'belgian rock']	[2017]	1	1
5Qeyh2XKoITt1mlEVtzazC	Daoko	['j-pixie', 'japanese electropop']	[2017]	1	1
4NGiEU3Pkd8ASRyQR30jcA	Matt Nathanson	['acoustic pop', 'neo mellow']	[2017]	1	0
1TTFGsgsoR6cEwIZ2kN41a	JV 陳政文	[]	[2017]	1	1
4AHhe1KXVCCoOdHQNjH5Zu	REYNA	['milwaukee indie']	[2017]	1	0
3Uek3JcU07ujTuCW0goLtb	Jessica	[]	[2017]	1	0
3QJzdZJYIAcoET1GcfpNGi	Damian Marley	['reggae', 'reggae fusion']	[2017]	1	1
4hJq1LJCscaxZrVgwA0LY1	Menace Beach	['leeds indie']	[2017]	1	0
70tutLzvBrNYvlvuVanzI9	Daniel Liebt	[]	[2017]	1	0
7ymhGfvQPQLHU20RovzLMJ	Thundamentals	['australian hip hop']	[2017]	1	1
6JW55AQgf9M9SZgzZou2NQ	Mataya	[]	[2017]	1	1
3wZGTgXg2K2llAU1tdjGdx	Liu Xuan	['hong kong tv drama']	[2017]	1	0
0kkxsdcaWmWU2yWAqclDh4	Rixton	['pop', 'post-teen pop']	[2017]	1	0
7rnzdGq1qPizursGNI1P0V	Bok Nero	[]	[2017]	1	1
78CiW0UJbHspFaVuVexOK6	Charlie Cunningham	['british singer-songwriter', 'indie anthem-folk', 'indie folk']	[2017]	1	0
77Vg1RZI6CKddyaheTLYmb	李德筠	[]	[2017]	1	0
7LTShHcq1KdTrWeLvWoYed	Dumbfoundead	['asian american hip hop', 'battle rap', 'k-rap']	[2017]	1	1
0rW6fVd3yuW2CF2sLYWQtE	Dok2	['k-rap', 'korean old school hip hop']	[2017]	1	1
11S00dFcvNvJahis8MTGMD	Tiger JK	['k-rap']	[2017]	1	1
1DhebhCKHTpQ3Jx65HXsIU	張簡君偉	['taiwan singer-songwriter']	[2017]	1	0
1q5bqIr1FUGq2545aJSmlw	Nadia Gattas	['scandipop']	[2017]	1	1
4lDXfIznmGueBgTjI3qGUX	Møme	['new french touch', 'nice indie']	[2017]	1	1
2HGAZDmVV3GAH4XFAZdvSG	Isaac Delusion	['electro-pop francais', 'french indie pop', 'french indietronica', 'french psychedelic']	[2017]	1	1
6LCX99hubn8CejiUtMCyyk	YOONA	['k-pop', 'korean pop']	[2017]	1	0
5nkYRuiIHg2xXHFC8bfosJ	ItaloBrothers	['hands up', 'italo dance']	[2017]	1	0
1AwO9pWEBSBoWdEZu28XDC	Eartha Kitt	['torch song', 'vocal jazz']	[2017]	1	1
0oK8UXKZbQezeRhE0KeBAV	Henri René and His Orchestra	"[""man's orchestra""]"	[2017]	1	1
5plw5T9XNykcYu3a6ZWCAW	Bolly	['chinese r&b']	[2017]	1	1
3kwwlVDOMa91nzAzb5EaVq	Naur	[]	[2017]	1	1
3QLIkT4rD2FMusaqmkepbq	Rachel Platten	['post-teen pop', 'viral pop']	[2017]	1	0
6CWTBjOJK75cTE8Xv8u1kj	Feist	['art pop', 'canadian indie', 'canadian pop', 'chamber pop', 'indie pop', 'indie rock']	[2017]	1	0
0tRgaV7SqnhTUoVynjTYDI	李煒	[]	[2017]	1	0
7bcbShaqKdcyjnmv4Ix8j6	St. Vincent	['art pop', 'etherpop', 'indie rock', 'indietronica', 'metropopolis', 'neo-synthpop']	[2017]	1	0
5THMIxGuKpOEAdf61I4hgM	鄭興琦	['mainland chinese pop']	[2017]	1	0
3XxxEq6BREC57nCWXbQZ7o	Jamie Cullum	['contemporary vocal jazz', 'jazz pop', 'neo mellow']	[2017]	1	0
2qI1pO64eYqGUiv1XTw4cy	The Quiett	['k-rap', 'korean r&b', 'korean trap']	[2017]	1	1
65dGLGjkw3UbddUg2GKQoZ	BADBADNOTGOOD	['canadian modern jazz', 'indie soul']	[2017]	1	1
4I4ZRmxuOEADKSea0rNq3h	John Christian	['progressive electro house', 'sky room']	[2017]	1	1
5mM9eNte0aWttOiMhPb2dM	My Little Pony	['cartoon', 'otacore']	[2017]	1	1
2zmrsXMHxagFz6vI2cD7r6	Ella Vos	['alt z', 'electropop', 'indie electropop', 'indie poptimism', 'la pop']	[2017]	1	0
1kDGbuxWknIKx4FlgWxiSp	Nothing But Thieves	['alternative pop rock', 'modern alternative rock', 'modern rock']	[2017]	1	0
3QtnWynMDUqQ4s3wUt6ml6	Jacky Zhu	[]	[2017]	1	0
7LbuenKfQNLPKzvi1rKPBG	Madden	['norwegian pop']	[2017]	1	1
63Dir7MyAhpGcHU3rOh3uF	Chris Holsten	['norwegian pop']	[2017]	1	1
4ziZMP9NamaGg2rZx0G2IB	Tsunami	[]	[2017]	1	1
6prmLEyn4LfHlD9NnXWlf7	Adam Lambert	['dance pop', 'idol', 'pop', 'post-teen pop']	[2017]	1	0
5yMkHmsdRZA4OVeCylF4xU	Rhys	['swedish pop']	[2017]	1	0
6pWL05Wc94cpoX7eS8VhZB	POLINA	[]	[2017]	1	1
77DAFfvm3O9zT5dIoG0eIO	Kyla	['uk funky']	[2017]	1	1
1rxk3vAYWeiBD2Q6FCezcl	Miriam Yeung	['c-pop', 'cantopop']	[2017]	1	0
6tUJpYN2aYiXbzAcg0pIOo	Sinéad Harnett	['alternative r&b', 'gauze pop', 'uk contemporary r&b']	[2017]	1	1
3g90aBVbbdK0mfQbI3vK6r	Shavi	['deep tropical house']	[2017]	1	1
4R7ILGBgDWUiAT1kWNe90W	Beatrich	['lithuanian pop']	[2017]	1	1
352ckfDB4CDWNt7JEpaASc	廖竟淳	[]	[2017]	1	0
0fyEIMpeJ2vjGDFCL9ylir	四葉草	['malaysian mandopop']	[2017]	1	0
