artist_id	name	genres	num_hits	num_collab_hits
1vCWHaC5f2uS3yhpwWbIA6	Avicii	['edm', 'pop', 'pop dance']	42	16
3Nrfpe0tUJi4K4DXYWgMUX	BTS	['k-pop', 'k-pop boy group', 'pop']	41	6
69GGBxA162lTqCwzJG5jLp	The Chainsmokers	['electropop', 'pop']	40	23
3TVXtAsR1Inumwj472S9r4	Drake	['canadian hip hop', 'canadian pop', 'hip hop', 'rap', 'toronto rap']	35	12
66CXWjxzNUsdJxJ2JdwvnR	Ariana Grande	['pop']	31	13
1HY2Jd0NmPuamShAr6KMms	Lady Gaga	['art pop', 'dance pop', 'pop']	27	9
6VuMaDnrHyPL1p4EHjYLi7	Charlie Puth	['pop', 'viral pop']	27	11
7n2wHs1TKAczGzO7Dd2rGr	Shawn Mendes	['canadian pop', 'pop', 'viral pop']	26	5
7vk5e3vY1uw9plTHJAMwjN	Alan Walker	['electro house']	26	18
0du5cEVh5yTK9QJze8zA0C	Bruno Mars	['dance pop', 'pop']	26	8
6noxsCszBEEK04kCehugOp	A-Mei Chang	['mandopop']	26	5
3dI4Io8XE33J2o04ZwjR0Y	LaLa Hsu	['mandopop', 'taiwan singer-songwriter']	25	2
53XhwfbYqKCa1cC15pYq2q	Imagine Dragons	['modern rock', 'pop', 'rock']	24	3
2QcZxAgcs2I1q7CtCkl6MI	Eason Chan	['c-pop', 'cantopop', 'mandopop']	24	3
2elBjNSdBE2Y3f0j1mjrql	Jay Chou	['c-pop', 'mandopop', 'taiwan pop', 'zhongguo feng']	23	4
246dkjvS1zLTtiykXe5h60	Post Malone	['dfw rap', 'melodic rap', 'pop', 'rap']	22	13
0rTP0x4vRFSDbhtqcCqc8K	Ronghao Li	['chinese singer-songwriter', 'mainland chinese pop', 'mandopop']	21	0
1r9DuPTHiQ7hnRRZ99B8nL	Jolin Tsai	['mandopop']	21	1
6cEuCEZu7PAE9ZSzLLc2oQ	R3HAB	['dutch house', 'edm', 'electro house', 'pop dance', 'progressive electro house', 'slap house']	21	21
0hCNtLu0JehylgoiP8L4Gh	Nicki Minaj	['hip pop', 'pop', 'queens hip hop', 'rap']	20	18
4AJcTAMOLkRl3vf4syay8Q	Jam Hsiao	['mandopop']	19	3
1Cs0zKBU1kc0i8ypK3B9ai	David Guetta	['big room', 'dance pop', 'edm', 'pop', 'pop dance']	19	19
6LuN9FCkKOj5PcnpouEgny	Khalid	['pop', 'pop r&b']	19	14
16s0YTFcyjP4kgFwt7ktrY	Mayday	['mandopop', 'taiwan pop']	19	1
4VIvfOurcf0vuLRxLkGnIG	Bradley Cooper	['hollywood']	19	9
3WGpXCj9YhhfX11TToZcXP	Troye Sivan	['australian pop', 'pop', 'viral pop']	19	6
6jlz5QSUqbKE4vnzo2qfP1	Karen Mok	['mandopop']	19	0
04gDigrS5kc9YWfZHwBETP	Maroon 5	['pop']	19	10
7Dx7RhX0mFuXhCOUgB01uM	JJ Lin	['mandopop', 'singaporean mandopop', 'singaporean pop']	18	4
190bkHbFrRvEhcB7Zpuv3y	Waa Wei	['chinese indie', 'mandopop', 'taiwan indie', 'taiwan pop', 'taiwan singer-songwriter']	18	5
7n2Ycct7Beij7Dj7meI4X0	TWICE	['k-pop', 'k-pop girl group', 'pop']	18	0
4phGZZrJZRo4ElhRtViYdl	Jason Mraz	['acoustic pop', 'dance pop', 'neo mellow', 'pop']	18	3
28gf2piFx6cAKOMIwcky5a	A-Lin	['mandopop']	18	0
4nDoRrQiYLoBzwC5BhVJzF	Camila Cabello	['dance pop', 'pop']	18	6
7aRC4L63dBn3CiLDuWaLSI	G.E.M.	['mandopop']	17	2
15UsOTVnJzReFVN1VCnxy4	XXXTENTACION	['emo rap', 'miami hip hop']	17	6
6M2wZ9GZgrQXHCFfjv46we	Dua Lipa	['dance pop', 'pop', 'uk pop']	16	6
5JZ7CnR6gTvEMKX4g70Amv	Lauv	['pop']	15	3
376pcuw4IgWBMOUwCr8kIm	Tanya Chua	['mandopop', 'singaporean mandopop', 'singaporean pop', 'singaporean singer-songwriter', 'taiwan singer-songwriter']	15	0
2YZyLoL8N0Wb9xBt1NhZWg	Kendrick Lamar	['conscious hip hop', 'hip hop', 'rap', 'west coast rap']	14	11
5fMUXHkw8R8eOP2RNVYEZX	Diplo	['edm', 'electro house', 'moombahton', 'pop dance']	14	14
60d24wfXkVzDSfLS6hyCjZ	Martin Garrix	['dutch edm', 'edm', 'pop', 'pop dance', 'progressive house']	14	14
5ZsFI1h6hIdQRw2ti0hz81	ZAYN	['pop', 'uk pop']	14	5
6eUKZXaKkcviH0Ku9w2n3V	Ed Sheeran	['pop', 'singer-songwriter pop', 'uk pop']	14	4
1zNqDE7qDGCsyzJwohVaoX	Anne-Marie	['pop']	13	7
6eLpNMX3ZygSrUuxAlIWIx	Eve Ai	['mandopop', 'taiwan singer-songwriter']	13	2
4xRYI6VqpkE3UwrDrAZL8L	Logic	['conscious hip hop', 'hip hop', 'pop rap', 'rap']	13	7
5WUlDfRSoLAfcVSX1WnrxN	Sia	['australian dance', 'australian pop', 'pop']	13	9
77AiFEVeAVj2ORpC85QVJs	Steve Aoki	['edm', 'electro house', 'pop dance']	13	13
70paW48PtCtUjtndElrjrL	TIA RAY	['chinese jazz', 'mainland chinese pop']	13	6
1GPoTgvXd5OqZMF1akOsV2	Yoga Lin	['chinese r&b', 'mandopop']	12	2
64KEffDW9EtZ1y2vBYgq8T	Marshmello	['brostep', 'edm', 'pop', 'progressive electro house']	12	12
1zNqQNIdeOUZHb8zbZRFMX	Swae Lee	['melodic rap', 'rap', 'trap']	12	12
4kYSro6naA4h99UJvo89HB	Cardi B	['pop', 'rap']	12	10
64M6ah0SkkRsnPGtGiRAbb	Bebe Rexha	['dance pop', 'pop']	12	8
5CCwRZC6euC8Odo6y9X8jr	Rita Ora	['dance pop', 'pop', 'uk pop']	12	5
0SIXZXJCAhNU8sxK0qm7hn	Stefanie Sun	['mandopop', 'singaporean mandopop', 'singaporean pop', 'singaporean singer-songwriter']	12	0
6g641431O1Xkl7HAs2yFEg	EggPlantEgg	['mandopop', 'taiwan indie', 'taiwanese indie']	12	1
6MDME20pz9RveH9rEXvrOM	Clean Bandit	['pop', 'uk dance', 'uk funky']	11	11
7Icsejk4pdIhkq2KO5A0jD	ØZI	['mandopop', 'taiwan hip hop']	11	2
2wUjUUtkb5lvLKcGKsKqsR	Alessia Cara	['canadian contemporary r&b', 'canadian pop', 'pop']	11	3
6S2OmqARrzebs0tKUEyXyp	Demi Lovato	['pop', 'post-teen pop']	11	8
6JL8zeS1NmiOftqZTRgdTz	Meghan Trainor	['hip pop', 'pop']	11	6
7t0rwkOPGlDPEhaOcVtOt9	The Cranberries	['irish rock', 'pop rock', 'rock']	11	0
0iW8EYj3iP2gpO5eU2Pvta	Valen Hsu	['classic mandopop', 'mandopop']	11	0
70ht8hGTKjvbPJ37xVO9cW	Victor Wong	['malaysian mandopop', 'mandopop']	11	1
06HL4z0CvFAxyc27GXpf02	Taylor Swift	['pop']	11	5
7dGJo4pcD2V6oG8kP0tJRR	Eminem	['detroit hip hop', 'hip hop', 'rap']	11	4
3AroL2oDPiAnMpTmIQv3KP	Cyndi Wang	['mandopop']	10	2
5qUYuf6cIHU241KxPyDMBp	Jia Jia	['mandopop']	10	1
13y7CgLHjMVRMDqxdx0Xdo	Gucci Mane	['atl hip hop', 'dirty south rap', 'hip hop', 'pop rap', 'rap', 'southern hip hop', 'trap']	10	10
1YrtUPrWcPfgdl9BaD9nhd	Khalil Fong	['chinese r&b', 'mandopop']	10	2
2wY79sveU1sp5g7SokKOiI	Sam Smith	['pop', 'uk pop']	10	3
4iHNK0tOyZPYnBU7nGAgpQ	Mariah Carey	['dance pop', 'pop', 'urban contemporary']	10	1
41MozSoPIsD1dJM0CLPjZF	BLACKPINK	['k-pop', 'k-pop girl group', 'pop']	10	1
5XkrVVn0lQIVPkH55nbTgZ	R-chord	['mandopop', 'taiwan singer-songwriter']	10	6
7sEIHkZXRzGa3OBUCCxzU5	Evangeline Wong	['mandopop']	10	2
1vyhD5VmyZ7KMfW5gqLgo5	J Balvin	['reggaeton', 'reggaeton colombiano', 'trap latino', 'urbano latino']	10	10
1HBjj22wzbscIZ9sEb5dyf	Jonas Blue	['pop', 'pop dance', 'tropical house', 'uk dance']	10	10
7qBIgabdHdcr6NLujDxWAU	Fire EX.	['mandopop', 'taiwan indie', 'taiwan pop', 'taiwan punk']	10	0
7tYKF4w9nC0nq9CsPZTHyP	SZA	['pop', 'r&b', 'rap']	10	10
1Xyo4u8uXC1ZmMpatF05PJ	The Weeknd	['canadian contemporary r&b', 'canadian pop', 'pop']	9	5
23fqKkggKUBHNkbKtXEls4	Kygo	['edm', 'pop', 'pop dance', 'tropical house']	9	9
0C8ZW7ezQVs4URX5aX7Kqx	Selena Gomez	['pop', 'post-teen pop']	9	6
3iRqbMhzyOyoCkmmMRxLWR	Hu Xia	['mainland chinese pop', 'mandopop']	9	0
7c0XG5cIJTrrAgEC3ULPiq	Ty Dolla $ign	['hip hop', 'pop rap', 'r&b', 'southern hip hop', 'trap', 'trap soul']	9	9
1uNFoZAHBGtllmzznpCI3s	Justin Bieber	['canadian pop', 'pop']	9	7
3e7awlrlDSwF3iM0WBjGMp	Little Mix	['girl group', 'pop', 'talent show', 'uk pop']	9	5
4V8Sr092TqfHkfAA5fXXqG	Luis Fonsi	['latin pop', 'puerto rican pop']	9	9
5fEQLwq1BWWQNR8GzhOIvi	Eric Chou	['mandopop']	9	1
7pSH4sO2lXAxFKF6MkwORv	Julia Wu	['chinese electropop', 'mandopop']	9	2
6vXTefBL93Dj5IqAWq6OTv	French Montana	['hip hop', 'pop rap', 'rap', 'southern hip hop', 'trap']	9	9
2met7Idcy1Ze7hnoUtpPmX	Nicholas Teo	['malaysian mandopop', 'mandopop']	9	0
0ZED1XzwlLHW4ZaG4lOT6m	Julia Michaels	['pop']	9	6
4GvEc3ANtPPjt1ZJllr5Zl	Bazzi	['pop']	9	1
3mIj9lX2MWuHmhNCA7LSCW	The 1975	['modern alternative rock', 'modern rock', 'pop', 'pov: indie', 'rock']	9	1
1EUq1MC4vfYYxcVK9aJnXf	Della	['mandopop']	9	0
4m0xrEWYU0yCUFMaga015T	Cheer Chen	['mandopop', 'taiwan singer-songwriter']	9	1
5DuzBeOgFwViFcv00Q5PFb	WINNER	['k-pop', 'k-pop boy group']	8	0
7CajNmpbOovFoOoasH2HaY	Calvin Harris	['dance pop', 'edm', 'electro house', 'house', 'pop', 'progressive house', 'uk dance']	8	8
5AhK8gDgOZT7lE1UlbyF1c	Andrew Tan	['malaysian mandopop', 'mandopop']	8	0
4rdSHzO4enUlVxdQeHPGTp	Rachel Liang	['mandopop']	8	0
31TPClRtHm23RisEBtV3X7	Justin Timberlake	['dance pop', 'pop']	8	2
02Cz717BTulFiQXUuIXH6n	Jess Lee	['malaysian mandopop', 'mandopop']	8	0
2jnIB6XdLvnJUeNTy5A0J2	Why Don't We	['boy band', 'pop']	8	0
2JBUyLiFvpFPWdZGqIGYLD	Crowd Lu	['mandopop', 'taiwan indie', 'taiwan singer-songwriter']	8	1
3PpIzdLny8HwTnKp9joXdj	Tiger Hu	['mainland chinese pop', 'mandopop']	8	1
26VFTg2z8YR0cCuwLzESi2	Halsey	['electropop', 'etherpop', 'indie poptimism', 'pop']	8	6
3n16EAnJtz6SZGx2zJssrI	Amazing Show	['mandopop', 'taiwan indie', 'taiwan pop', 'taiwan punk']	8	0
1Hu58yHg2CXNfDhlPd7Tdd	Jacky Cheung	['c-pop', 'classic mandopop']	8	1
1URnnhqYAYcrqrcwql10ft	21 Savage	['atl hip hop', 'hip hop', 'rap', 'trap']	8	6
7DMveApC7UnC2NPfPvlHSU	Cheat Codes	['edm', 'pop', 'pop dance']	8	7
3qNVuliS40BLgXGxhdBdqu	TAEYEON	['k-pop']	8	2
5R56NYbLCC2HpOwlYBnmeN	Kelly Yu	['mainland chinese pop', 'mandopop']	8	0
738wLrAtLtCtFOLvQBXOXp	Major Lazer	['dance pop', 'edm', 'electro house', 'moombahton', 'pop', 'pop dance']	8	8
1BZg1ebq8ftAkalzJoGq7u	Maggie Chiang	['mandopop', 'taiwan pop']	8	0
5K4W6rqBFWDnAN6FQUkS6x	Kanye West	['chicago rap', 'hip hop', 'rap']	8	3
0VRj0yCOv2FXJNP47XQnx5	Quavo	['atl hip hop', 'melodic rap', 'rap', 'trap']	7	7
2auC28zjQyVTsiZKNgPRGs	RM	['k-rap']	7	2
0MEchSWR9pJvw1S5CV3Kuk	Rainie Yang	['mandopop']	7	0
5Rl15oVamLq7FbSb0NNBNy	5 Seconds of Summer	['boy band', 'pop']	7	1
4VP44ZwK51R0y7ZbjJLHJR	DJ Didilong	['taiwan hip hop', 'taiwan pop']	7	3
47z7ZrgFoBvVpCnElCE3Zh	Yellow Claw	['edm', 'electro house', 'pop dance']	7	7
4ScCswdRlyA23odg9thgIO	Jess Glynne	['pop', 'uk pop']	7	1
0b1sIQumIAsNbqAoIClSpy	j-hope	['k-pop', 'k-rap']	7	1
5r0Fhn5JfkbhPG8wXRu0iY	小球(莊鵑瑛)	['taiwan pop', 'taiwan singer-songwriter']	7	0
0bdfiayQAKewqEvaU6rXCv	MØ	['danish pop', 'electropop', 'pop', 'pop dance']	7	5
1cg0bYpP5e2DNG0RgK2CMN	Joker Xue	['mandopop']	7	0
49tQo2QULno7gxHutgccqF	LANY	['la pop']	7	0
1g5sjKXQTGiui8u0iK4SeV	Eli Hsieh	['mandopop', 'taiwan pop', 'taiwan singer-songwriter']	7	0
6qqNVTkY8uBg9cP3Jd7DAH	Billie Eilish	['art pop', 'electropop', 'pop']	7	1
6DuHQk8gJbyVlhajer8IuF	Nicky Lee	['mandopop']	7	1
25uiPmTg16RbhZWAqwLBy5	Charli XCX	['art pop', 'candy pop', 'metropopolis', 'pop', 'uk pop']	7	4
3HqSLMAZ3g3d5poNaI7GOU	IU	['k-pop', 'pop']	7	4
7fCFxj1GCRqwFZEP4iJRw0	Will Pan	['mandopop']	7	3
1l7ZsJRRS8wlW3WfJfPfNS	Christina Aguilera	['dance pop', 'pop']	7	4
1LGJHpsAhfP1QX26plFrFn	Rose Liu	['mandopop']	7	1
0Y5tJX1MQlPlqiwlOH1tJY	Travis Scott	['hip hop', 'rap', 'slap house']	7	4
5pUo3fmmHT8bhCyHE52hA6	Liam Payne	['pop']	7	7
1MgybycH8k36NX0Ifzlddb	Kenji Wu	['mandopop', 'taiwan singer-songwriter']	7	0
4pBZPaKdm0u7Joe6oAea6V	The Bellas	['movie tunes']	7	1
1z4g3DjTBBZKhvAroFlhOM	Red Velvet	['k-pop', 'k-pop girl group']	7	0
4DdkRBBYG6Yk9Ka8tdJ9BW	Offset	['atl hip hop', 'rap', 'trap']	7	7
3cjEqqelV9zb4BYE3qDQ4O	EXO	['k-pop', 'k-pop boy group']	7	0
24C7uNrWX2Iidb6X63vTGz	A-do	['mandopop', 'singaporean mandopop', 'singaporean pop']	7	0
0tNjyz75Px29Yuf1sjs25G	Cosmos People	['mandopop', 'taiwan pop']	6	1
17lzZA2AlOHwCwFALHttmp	2 Chainz	['atl hip hop', 'hip hop', 'pop rap', 'rap', 'southern hip hop', 'trap']	6	6
2F5W6Rsxwzg0plQ0w8dSyt	Leehom Wang	['mandopop', 'taiwan pop']	6	2
0qmPs7q4bykvrS8NMZk7ud	Penny Tai	['malaysian mandopop', 'mandopop', 'taiwan singer-songwriter']	6	0
74KM79TiuVKeVCqs8QtB0B	Sabrina Carpenter	['pop']	6	2
3aIDSTKS9yH745GUQBxDcS	Fish Leong	['malaysian mandopop', 'mandopop']	6	1
1IueXOQyABrMOprrzwQJWN	Sigala	['dance pop', 'edm', 'pop dance', 'uk dance', 'uk pop']	6	6
5ChF3i92IPZHduM7jN3dpg	Nicky Romero	['big room', 'dutch edm', 'dutch house', 'edm', 'electro house', 'pop dance', 'progressive electro house']	6	6
0Vw76uk7P8yVtTClWyOhac	HONNE	['uk pop']	6	4
6oMuImdp5ZcFhWP0ESe6mG	Migos	['atl hip hop', 'hip hop', 'rap', 'trap']	6	3
5Pwc4xIPtQLFEnJriah9YJ	OneRepublic	['piano rock', 'pop']	6	3
3Isy6kedDrgPYoTS1dazA9	Sean Paul	['dance pop', 'dancehall', 'pop', 'pop rap']	6	6
4IWBUUAFIplrNtaOHcJPRM	James Arthur	['pop', 'talent show', 'uk pop']	6	2
71l6Wfk7PaTVPAOH7ln56V	Princess Ai	['mandopop']	6	0
2Z7qQ1slMaPjLOCXBqshct	Fan Yi Chen	['mandopop']	6	1
0gadJ2b9A4SKsB1RFkBb66	Passenger	['folk-pop', 'neo mellow']	6	0
5CiGnKThu5ctn9pBxv7DGa	benny blanco	['pop']	6	6
0x1cerphBlEKCJL8Mqs6y3	Quarterback	['mandopop', 'taiwan indie', 'taiwan pop']	6	0
5p7f24Rk5HkUZsaS3BLG5F	Hailee Steinfeld	['pop']	6	5
2CvaqAMMsX576VBehaJ0Wx	Wanna One	['k-pop', 'k-pop boy group']	6	0
650ZvsETuttSbMAgAodNTv	吴亦凡	[]	6	0
540vIaP2JwjQb9dm3aArA4	DJ Snake	['edm', 'electronic trap', 'pop', 'pop dance']	6	5
5vBSrE1xujD2FXYRarbAXc	Years & Years	['gauze pop', 'pop', 'uk pop']	6	1
1oKdM70mJD8VvDOTKeS8t1	Emily Warren	['alt z', 'nyc pop']	6	6
4WN5naL3ofxrVBgFpguzKo	Rudimental	['pop dance', 'uk dance', 'uk funky']	6	6
137W8MRPWKqSmrBGDBFSop	Wiz Khalifa	['hip hop', 'pittsburgh rap', 'pop rap', 'rap', 'southern hip hop', 'trap']	6	5
7B4GBM2vQJvwyghdsvEV77	Julia Peng	['classic mandopop', 'mandopop']	6	1
5F1aoppMtU3OMiltO8ymJ2	Hugh Jackman	['hollywood', 'show tunes']	6	6
1dfeR4HaWDbWqFHLkxsg1d	Queen	['classic rock', 'glam rock', 'rock']	6	1
7k73EtZwoPs516ZxE72KsO	ONE OK ROCK	['j-pop', 'j-rock', 'japanese emo']	6	1
0QHgL1lAIqAw0HtD7YldmP	DJ Khaled	['hip hop', 'miami hip hop', 'pop rap', 'rap']	6	6
0cGUm45nv7Z6M6qdXYQGTX	Kehlani	['pop', 'r&b']	6	6
2ZRQcIgzPCVaT9XKhXZIzh	Gryffin	['edm', 'pop dance']	6	6
4EzkuveR9pLvDVFNx6foYD	James Bay	['neo mellow', 'pop', 'uk pop']	6	0
2qxJFvFYMEDqd7ui6kSAcq	Zedd	['complextro', 'edm', 'german techno', 'pop', 'pop dance']	5	5
7aMQdNM05rPkcHS1ethHUx	頑童Mj116	['mandopop', 'taiwan hip hop']	5	1
5oqLnVZzJJXE3YnzzZfRKu	F.I.R.	['mandopop']	5	3
7hJcb9fa4alzcOq3EaNPoG	Snoop Dogg	['g funk', 'gangster rap', 'hip hop', 'pop rap', 'rap', 'west coast rap']	5	5
55Aa2cqylxrFIXC767Z865	Lil Wayne	['hip hop', 'new orleans rap', 'pop rap', 'rap', 'trap']	5	5
07YZf4WDAMNwqr4jfgOZ8y	Jason Derulo	['dance pop', 'pop']	5	4
3KdU8KfkDy7xHmQS00B5wd	柯智棠	['taiwan indie', 'taiwan pop', 'taiwan singer-songwriter']	5	1
1r4hJ1h58CWwUQe3MxPuau	Maluma	['latin pop', 'reggaeton', 'reggaeton colombiano', 'urbano latino']	5	5
2lWShxOL8iTlI0pmtVKvEh	S.H.E	['c-pop girl group', 'mandopop', 'taiwan idol pop', 'taiwan pop']	5	0
1qCOBZplMcXhK9wxsg7QMY	潘裕文	['mandopop', 'taiwan pop']	5	0
5a5vu4RzsAHdKN0aYyblZ8	吳青峰	['mandopop', 'taiwan singer-songwriter']	5	2
2feDdbD5araYcm6JhFHHw7	Labrinth	['indie poptimism', 'pop']	5	5
6IZ4ctovY9dl7bgHClAvKJ	LSD	[]	5	5
4q3ewBCX7sLwd24euuV69X	Bad Bunny	['reggaeton', 'trap latino', 'urbano latino']	5	4
1bqxdqvUtPWZri43cKHac8	MAX	['viral pop']	5	4
6lB8vOoI4DRrrVxXwuV19c	Mike Perry	['pop dance', 'swedish tropical house']	5	5
5qRSs6mvI17zrkJpOHkCoM	iKON	['k-pop', 'k-pop boy group']	5	0
5zxmrXIwrLuSfIJM3Dz6y1	楊培安	['mandopop', 'taiwan pop']	5	1
4VMYDCV2IEDYJArk749S6m	Daddy Yankee	['latin hip hop', 'reggaeton', 'trap latino', 'urbano latino']	5	4
6vWDO969PvNqNYHIOW5v0m	Beyoncé	['pop', 'r&b']	5	3
71iI1RVOqjaZfqJYk2sEzb	肖懿航	['mainland chinese pop']	5	0
7gAppWoH7pcYmphCVTXkzs	The Vamps	['boy band', 'pop']	5	3
2CBuGdj5Nmgx1VfrgLnGoJ	Xian Zi	['mainland chinese pop', 'mandopop']	5	1
5sOVNhUf8T3jiPhvFA6T7L	Kit Chan	['c-pop', 'classic mandopop', 'singaporean mandopop', 'singaporean pop', 'xinyao']	5	0
4u5smJBskI6Adzv08PuiUP	Kiiara	['alt z', 'electropop']	5	3
46SHBwWsqBkxI7EeeBEQG7	Kodak Black	['florida drill', 'florida rap', 'melodic rap', 'miami hip hop', 'rap', 'trap', 'trap latino']	5	5
1GxkXlMwML1oSg5eLPiAz3	Michael Bublé	['adult standards', 'canadian pop', 'jazz pop', 'lounge']	5	0
2XnBwblw31dfGnspMIwgWz	Axwell /\ Ingrosso	['edm', 'pop dance', 'progressive electro house']	5	1
0E6oEhZZtQvj811iXQFLrB	Ricky Hsiao	['mandopop', 'taiwan singer-songwriter']	5	0
3b8QkneNDz4JHKKKlLgYZg	Florida Georgia Line	['contemporary country', 'country', 'country pop', 'country road', 'modern country rock']	5	4
6JQ21JTWuZpfT06VAQObFy	WONFU	['lo star', 'mandopop', 'taiwan pop', 'taiwanese indie']	5	0
2HYZy1ndUbE1sJw9zfOaEB	呂薔Amuyi	['chinese electropop', 'taiwan pop']	5	0
3iOvXCl6edW5Um0fXEBRXy	The xx	['downtempo', 'dream pop', 'indietronica']	5	0
5Xcbv83o11Ez2XPHa1n8Pf	AmPm	['japanese dance pop']	5	5
3wyVrVrFCkukjdVIdirGVY	Lil Pump	['emo rap', 'miami hip hop', 'pop rap', 'rap', 'trap']	5	4
6pWcSL9wSJZQ9ne0TnhdWr	K-391	['nordic house']	5	5
5Mx85GBWB3PbMOhZAVxXkR	HUSH	['taiwan indie', 'taiwan pop', 'taiwan singer-songwriter']	4	0
468BFRg8N0wGREo2L4TXZp	Wanfang	['classic mandopop', 'mandopop']	4	2
4gzpq5DPGxSnKTe4SA8HAU	Coldplay	['permanent wave', 'pop']	4	1
2RdwBSPQiwcmiDo9kixcl8	Pharrell Williams	['dance pop', 'pop']	4	4
6BrvowZBreEkXzJQMpL174	Hardwell	['big room', 'dutch house', 'edm', 'electro house', 'pop dance', 'progressive electro house', 'progressive house']	4	4
6mU8ucezzms5I2kNH6HNlu	Conor Maynard	['post-teen pop', 'uk pop', 'viral pop']	4	4
5iNrZmtVMtYev5M9yoWpEq	Seeb	['pop dance']	4	4
5JYo7gm2dkyLLlWHjxS7Dy	Sandro Cavazza	['swedish pop']	4	4
5IH6FPUwQTxPSXurCrcIov	Alec Benjamin	['alt z', 'pop', 'pov: indie']	4	0
4CrDEHL7ysNabeYvL3xjUX	Skytech	['big room']	4	4
4EefQ1H6Qg9W5Gv7eVLC9U	Jordan Chan	['cantopop', 'mandopop']	4	0
1l2ekx5skC4gJH8djERwh1	Don Diablo	['dutch house', 'edm', 'electro house', 'future house', 'pop dance', 'progressive electro house', 'progressive house']	4	4
0Ej4GfzIcW3dWP0rC5d4x1	蕭秉治	['mandopop']	4	0
7uMh23xWiuR7zsNkuNcm2G	MNEK	['house', 'pop dance', 'uk contemporary r&b', 'uk dance', 'uk pop']	4	2
2zzKlxMsKTPMsZacZCPRNA	Joey Yung	['cantopop']	4	1
55fhWPvDiMpLnE4ZzNXZyW	Noah Cyrus	['alt z', 'pop']	4	4
5fyDppLDl1juIu1BcUT5zh	Digital Farm Animals	['uk dance']	4	4
2aFNEQB9JnQ171stH9Ljh5	Grady Guan	['chinese singer-songwriter', 'mainland chinese pop', 'mandopop']	4	1
76yeOnINtQSXyoEHbkYmtY	Drew Love	[]	4	4
73jBynjsVtofjRpdpRAJGk	Dimitri Vegas & Like Mike	['belgian dance', 'belgian edm', 'big room', 'dutch house', 'edm', 'electro house', 'pop dance', 'progressive electro house']	4	4
7lbSsjYACZHn1MSDXPxNF2	Hikaru Utada	['anime', 'classic j-pop', 'j-pop', 'japanese singer-songwriter']	4	1
5y2Xq6xcjJb2jVM54GHK3t	John Legend	['neo soul', 'pop', 'pop soul', 'urban contemporary']	4	3
3YQKmKGau1PzlVlkL1iodx	Twenty One Pilots	['modern rock', 'pop', 'pov: indie', 'rock']	4	0
4D75GcNG95ebPtNvoNVXhz	AFROJACK	['big room', 'dance pop', 'dutch house', 'edm', 'electro house', 'pop dance', 'progressive electro house']	4	4
2kCcBybjl3SAtIcwdWpUe3	Lil Peep	['cloud rap', 'emo rap', 'lgbtq+ hip hop']	4	3
1vo8zHmO1KzkuU9Xxh6J7W	MOTi	['dutch house', 'edm', 'electro house', 'pop dance', 'progressive electro house', 'progressive house']	4	4
4DEItwf281SHmTnS8q3Mn9	J.Sheon	['mandopop', 'taiwan singer-songwriter']	4	2
4PjY2961rc0MHE9zHYWEnH	9m88	['chinese r&b', 'mandopop', 'taiwan pop']	4	4
0X2BH1fck6amBIoJhDVmmJ	Ellie Goulding	['indietronica', 'metropopolis', 'pop', 'uk pop']	4	3
0DxeaLnv6SyYk2DOqkLO8c	MAGIC!	['pop', 'reggae fusion']	4	1
7v9Il42LvvTeSfmf1bwfNx	Deserts Chang	['mandopop', 'taiwan indie', 'taiwan pop', 'taiwan singer-songwriter']	4	0
3MZsBdqDrRTJihTHQrO6Dq	Joji	['viral pop']	4	2
1okJ4NC308qbtY9LyHn6DO	BloodPop®	['electropop']	4	4
3AA28KZvwAUcZuOKwyblJQ	Gorillaz	['alternative hip hop', 'modern rock', 'rock']	4	2
3RqBeV12Tt7A8xH3zBDDUF	Kelsea Ballerini	['contemporary country', 'country']	4	4
20j1uz7iDOtIvIzCr5S8nx	SEUNGRI	['k-pop']	4	3
1SupJlEpv7RS2tPNRaHViT	Nicky Jam	['latin hip hop', 'reggaeton', 'trap latino', 'urbano latino']	4	4
6MoXcK2GyGg7FIyxPU5yW6	SUNMI	['k-pop']	4	0
3AQRLZ9PuTAozP28Skbq8V	The Script	['celtic rock', 'pop']	4	2
360IAlyVv4PCEVjgyMZrxK	Miguel	['r&b']	4	4
00FQb4jTyendYWaN8pK0wa	Lana Del Rey	['art pop', 'pop']	4	2
4MCBfE4596Uoi2O4DtmEMz	Juice WRLD	['chicago rap', 'melodic rap', 'rap']	4	2
20gsENnposVs2I4rQ5kvrf	Sam Feldt	['edm', 'pop dance', 'tropical house']	4	4
4LLpKhyESsyAXpc4laK94U	Mac Miller	['hip hop', 'pittsburgh rap', 'rap']	4	0
2Tg0aF5cbZktYFzgR1iAKv	Julie Bergan	['norwegian pop']	4	3
2Vl4kZKeQslEl4P0ATWuue	Naiwen Yang	['mandopop', 'taiwan pop', 'taiwan singer-songwriter']	4	0
0mVEQWHpQc30NdVqwtj8WJ	Enno Cheng	['taiwan indie', 'taiwan pop', 'taiwan singer-songwriter']	4	1
6ytn3LGlsoOgU3YGF9T42s	Ann Bai	['mandopop']	4	0
02kJSzxNuaWGqwubyUba0Z	G-Eazy	['indie pop rap', 'oakland hip hop', 'pop rap', 'rap']	4	4
521qvhdobR0GzhvU6TFw76	Tritonal	['edm', 'electro house', 'pop dance', 'pop edm', 'progressive electro house', 'progressive house', 'progressive trance']	4	4
12Chz98pHFMPJEknJQMWvI	Muse	['modern rock', 'permanent wave', 'rock']	4	0
35ig3ZjuqVyGeovLsj4xNm	那英	['classic mandopop', 'mainland chinese pop', 'mandopop']	4	0
5jAMCwdNHWr7JThxtMuEyy	NOTD	['electropop', 'pop dance', 'pop edm']	4	4
1INuLZXjjVbcJRyWvD1iSq	Jack & Jack	['pop', 'teen pop']	4	3
2DlGxzQSjYe5N6G9nkYghR	Jennifer Lopez	['dance pop', 'pop', 'urban contemporary']	4	2
4RVnAU35WRWra6OZ3CbbMA	Kylie Minogue	['australian dance', 'australian pop', 'dance pop', 'eurodance', 'new wave pop']	4	1
5LHRHt1k9lMyONurDHEdrp	Tyga	['hip hop', 'pop rap', 'rap', 'trap']	4	3
2AfmfGFbe0A0WsTYm0SDTx	(G)I-DLE	['k-pop', 'k-pop girl group']	4	1
73sIBHcqh3Z3NyqHKZ7FOL	Childish Gambino	['atl hip hop', 'hip hop', 'rap']	4	0
63nv0hWWDob56Rk8GlNpN8	The Greatest Showman Ensemble	['movie tunes']	4	4
25u4wHJWxCA9vO0CzxAbK7	Lukas Graham	['danish pop', 'scandipop']	4	0
3r5bFY2H54Y0YGIDzAo1xp	Janice Yan	['mandopop']	4	0
3sHU5vwszRfnJNhvcYNZdS	Abin Fang	['malaysian mandopop', 'mandopop']	4	1
4x5ldH1RO3ezKX4ZVd3CUo	Amber Kuo	['mandopop']	4	0
4bL2B6hmLlMWnUEZnorEtG	Felix Jaehn	['edm', 'german dance', 'pop dance', 'tropical house']	4	4
3hv9jJF3adDNsBSIQDqcjp	Mark Ronson	['pop soul']	4	4
1QAJqy2dA3ihHBFIHRphZj	Cigarettes After Sex	['ambient pop', 'dream pop', 'el paso indie', 'shoegaze']	3	0
48l8jtSyFSYXH3vYW7Tmog	Yvonne	['mandopop', 'taiwan pop']	3	0
6LqNN22kT3074XbTVUrhzX	Kesha	['dance pop', 'pop']	3	0
33ApZ6LzfimooQNIKqf4jo	Show Luo	['mandopop']	3	0
6t1gpxYbY8OlLA7D2RiikQ	Loud Luxury	['edm', 'pop dance']	3	3
3Xp3DA50zRP4TYOtNR7k1T	Soft Lipa	['mandopop', 'taiwan hip hop', 'taiwan pop', 'taiwan singer-songwriter']	3	1
3YZU8HQWGJEAlNIhTK6UKT	陶晶瑩	['classic mandopop', 'mandopop', 'taiwan pop']	3	0
5w6Yg2OtwEtizrNsLs6iFF	Shin	['mandopop', 'taiwan pop']	3	0
6jJ0s89eD6GaHleKKya26X	Katy Perry	['pop']	3	2
4A0TivfinfALCAMJqqjZIk	Funk Wav	[]	3	3
2hRQKC0gqlZGPrmUKbcchR	SHINee	['k-pop', 'k-pop boy group']	3	0
757epCpvbpqyBoMMzbIC3g	JC 陳詠桐	['cantopop', 'mandopop']	3	0
7gZfnEnfiaHzxARJ2LeXrf	6ix9ine	['emo rap']	3	3
5pKCCKE2ajJHZ9KAiaK11H	Rihanna	['barbadian pop', 'pop', 'urban contemporary']	3	2
4sTQVOfp9vEMCemLw50sbu	Galantis	['dance pop', 'edm', 'pop', 'pop dance']	3	2
4gvkdged3Xw3ImXFm3jiay	Juliander	['swedish pop']	3	3
5JMLG56F1X5mFmWNmS0iAp	Chelsea Cutler	['alt z']	3	0
67MNhiAICFY6Pwc2YxCO0K	Elley Duhé	['alt z']	3	2
46OJt1hMEeXtny1BebzNMF	劉惜君	['mainland chinese pop']	3	0
2ExGrw6XpbtUAJHTLtUXUD	Stefflon Don	['dancehall', 'dancehall queen', 'uk dancehall', 'uk hip hop']	3	3
6yhD1KjhLxIETFF7vIRf8B	Against The Current	['neon pop punk', 'pixie', 'pop punk']	3	0
2TXF68WgfTZlipUvLBsQre	Jonathan Lee	['classic mandopop', 'mandopop', 'taiwan singer-songwriter']	3	0
6xBZgSMsnKVmaAxzWEwMSD	Mike Shinoda	['alternative hip hop']	3	2
1xs6WFotNQSXweo0GXrS0O	EXID	['k-pop', 'k-pop girl group']	3	0
4txug0T3vYc9p20tuhfCUa	Angela Chang	['mandopop']	3	0
14bJhryXGk6H6qlGzwj3W5	Hebe Tien	['mandopop']	3	0
4bYPcJP5jwMhSivRcqie2n	Adam Levine	['deep talent show']	3	1
1kfWoWgCugPkyxQP8lkRlY	Jackson Wang	['k-pop']	3	2
3whuHq0yGx60atvA2RCVRW	Olly Murs	['dance pop', 'pop', 'talent show']	3	1
6Dd3NScHWwnW6obMFbl1BH	Daya	['pop']	3	1
5LMhxSaCGkm8ZuY0cRb19O	黃奕儒Ezu	['taiwan pop', 'taiwan singer-songwriter']	3	2
78IEFKJN8gQgJM1WOvt2Tl	TroutFresh	['mandopop', 'taiwan hip hop']	3	2
2MVfNjocvNrE03cQuxpsWK	Hins Cheung	['cantopop']	3	1
1kvvEkC7PQfgfqtCi9YQau	Gigi Leung	['mandopop']	3	0
6TIYQ3jFPwQSRmorSezPxX	Machine Gun Kelly	['ohio hip hop', 'pop rap']	3	2
6gzXCdfYfFe5XKhPKkYqxV	SUPER JUNIOR	['k-pop', 'k-pop boy group']	3	2
2UqJqFqLbXtMZKN5QAfing	Matzka	['chinese reggae', 'mandopop', 'taiwan pop', 'taiwanese indigenous']	3	1
6icQOAFXDZKsumw3YXyusw	Lil Yachty	['atl hip hop', 'melodic rap', 'rap', 'trap']	3	3
1gXHZj0trsTHSU9jIcKyzC	Under Lover	['chinese hip hop']	3	0
40tNK2YedBV2jRFAHxpifB	David Tao	['chinese r&b', 'mandopop', 'taiwan pop', 'taiwan singer-songwriter']	3	0
1Qneon4tYZ7srVOU91bTsO	Steve Chou	['classic mandopop', 'mandopop']	3	0
7lcIiKfgKb19JCpm16acIQ	C.T.O	['chinese idol pop']	3	0
4e4wVXnFUIJ5EbcW9GtL2n	Soo Wincci	['malaysian hip hop', 'malaysian mandopop', 'mandopop']	3	0
3HXSUfI76zVZk71UMAeVfp	No Party For Cao Dong	['mandopop', 'taiwan indie', 'taiwan punk']	3	0
1i8SpTcr7yvPOmcqrbnVXY	Ozuna	['puerto rican pop', 'reggaeton', 'trap latino', 'urbano latino']	3	3
3JXpwnHbLvXxY99EuXqFPX	Poo Bear	['pop r&b']	3	3
2FXC3k01G6Gw61bmprjgqS	Hozier	['irish singer-songwriter', 'modern rock', 'pop', 'pov: indie']	3	1
3zDRCqOhJXJfS2YWOEwGMC	Christopher	['danish pop']	3	0
5kORvL4jV50HCP83zPJvEf	唐一嘉	['chinese r&b']	3	0
6yTAPw3o7oDH7lhj34jvbH	Elva Hsiao	['mandopop']	3	0
26AHtbjWKiwYzsoGoUZq53	Pentatonix	['a cappella', 'viral pop']	3	0
3fMbdgg4jU18AjLCKBhRSm	Michael Jackson	['r&b', 'soul']	3	2
5f7VJjfbwm532GiveGC0ZK	Lil Baby	['atl hip hop', 'atl trap', 'rap', 'trap']	3	3
5yJoQpFGFAG9gGq5ncIZWe	陳珮茹	['taiwan singer-songwriter']	3	0
2X97ZAqRKRMYFIDqtvGgGc	Silk City	['edm']	3	3
5XenQ7XfcvQdfIbpLEFaKQ	GoldLink	['alternative r&b']	3	3
27WDr8Ky1j0LtgY82Ttk5S	Ivana Wong	['cantopop', 'chinese audiophile']	3	1
3nFkdlSjzX9mRTtwJOzDYB	JAY-Z	['east coast hip hop', 'gangster rap', 'hip hop', 'pop rap', 'rap']	3	3
2OrCYFzQYE1TmevdYARnU1	Yoyo Sham	['cantopop', 'hong kong indie']	3	0
3KedxarmBCyFBevnqQHy3P	Jessie Reyez	['canadian contemporary r&b', 'canadian pop']	3	3
25tMQOrIU4LlUo6Sv8v5SE	Gavin James	['irish pop']	3	1
4AVFqumd2ogHFlRbKIjp1t	Alesso	['dance pop', 'edm', 'electro house', 'pop', 'pop dance', 'progressive electro house']	3	2
1LOB7jTeEV14pHai6EXSzF	Cash Cash	['dance pop', 'edm', 'electro house', 'electropowerpop', 'pop dance']	3	3
1RyvyyTE3xzB2ZywiAwp0i	Future	['atl hip hop', 'hip hop', 'rap', 'southern hip hop', 'trap']	3	3
5H8TJITZE1sPjVR2ACzXNS	Wu Bai	['mandopop', 'taiwan singer-songwriter']	3	0
7In8YZ3XHuwSNUTEyIO0HA	Xiao Yu	['mainland chinese pop', 'mandopop', 'taiwan singer-songwriter']	3	1
6fOMl44jA4Sp5b9PpYCkzz	NF	['hip hop', 'pop rap']	3	0
6zCAdMK7SVxKyGMnAc26Cy	Power Station	['c-pop', 'mandopop']	3	1
5lKZWd6HiSCLfnDGrq9RAm	Leona Lewis	['british soul', 'dance pop', 'pop', 'talent show']	3	2
2hJxcuFTgP89GdmCVXfXyi	Kelly Pan	['mandopop', 'singaporean mandopop']	3	0
4O15NlyKLIASxsJ0PrXPfz	Lil Uzi Vert	['melodic rap', 'philly rap', 'rage rap', 'rap', 'trap']	3	1
4Q6nIcaBED8qUel8bBx6Cr	Jax Jones	['dance pop', 'edm', 'house', 'pop dance', 'uk dance', 'uk pop']	3	3
1apmSb6aeHZyr9zUsy1Z9q	VaVa	['chinese hip hop']	3	3
5yG7ZAZafVaAlMTeBybKAL	Iggy Azalea	['australian hip hop', 'dance pop', 'pop']	3	2
3PI2UCRk6X5prLnFr05QQK	Li Yugang	['mainland chinese pop', 'mandopop']	3	0
5RR0MLwcjc87wjSw2JYdwx	MOMOLAND	['k-pop', 'k-pop girl group']	3	0
0TnOYISbd1XYRBk9myaseg	Pitbull	['dance pop', 'miami hip hop', 'pop']	3	2
7gP3bB2nilZXLfPHJhMdvc	Foster The People	['indietronica', 'modern alternative rock', 'modern rock', 'rock']	3	1
2kRfqPViCqYdSGhYSM9R0Q	Madison Beer	['pop']	3	2
1qma7XhwZotCAucL7NHVLY	Mr.Children	['classic j-pop', 'j-pop', 'j-rock']	3	0
5wwneIFdawNgQ7GvKK29Z3	Lucas & Steve	['dutch house', 'edm', 'electro house', 'pop dance', 'progressive electro house']	3	2
2vRNbO0y4DgqQOEEhRSqdI	Bae Lin	['mandopop', 'taiwan pop']	3	1
5aO2E9iJy5nYJ0u1L58YNM	Dongye Song	['chinese indie', 'chinese minyao', 'taiwan pop']	3	0
7HV2RI2qNug4EcQqLbCAKS	Keala Settle	['broadway', 'hollywood', 'show tunes']	3	3
6U1dBXJhC8gXFjamvFTmHg	Zac Efron	['hollywood', 'movie tunes', 'post-teen pop']	3	3
6sCbFbEjbYepqswM1vWjjs	Zendaya	['pop', 'post-teen pop']	3	3
5dS7yN8gXQcQNxuuVOABIk	Ariel Tsai	['mandopop']	3	0
5X4LWwbUFNzPkEas04uU82	DVBBS	['canadian electronic', 'dutch house', 'edm', 'electro house', 'pop dance', 'progressive electro house', 'slap house']	3	3
2jku7tDXc6XoB6MO2hFuqg	Tory Lanez	['canadian hip hop', 'canadian trap', 'melodic rap', 'r&b', 'rap', 'toronto rap', 'trap']	3	3
1TcbdifqhtxLz77unBYJ7z	CORSAK	['chinese electropop']	3	3
5BBBDm18Y0TCRXZggaOnZG	Fabian Mazur	['bass trap', 'danish electronic', 'electronic trap', 'traprun']	3	3
0SfsnGyD8FpIN4U4WCkBZ5	Armin van Buuren	['dutch house', 'dutch trance', 'edm', 'pop dance', 'progressive house', 'trance']	3	3
0jNDKefhfSbLR9sFvcPLHo	San Holo	['brostep', 'edm', 'electro house', 'electronic trap', 'future bass', 'pop dance']	3	3
3C8yUWotyLh2Kjkood3xYN	Dadado Huang	['taiwan indie', 'taiwan pop', 'taiwan singer-songwriter']	3	0
6ydoSd3N2mwgwBHtF6K7eX	Calum Scott	['pop']	3	1
3iGNpRQH6ei188rHVvwytb	李千娜	[]	3	0
7aoSiqJj23B6at0hTVobbg	Joi Chua	['mandopop', 'singaporean mandopop', 'singaporean singer-songwriter']	3	1
5rG61ghWZ2R4TDvCO7d0jw	Z-Chen	['chinese r&b', 'malaysian mandopop', 'mandopop']	3	1
13ubrt8QOOCPljQ2FL1Kca	A$AP Rocky	['east coast hip hop', 'hip hop', 'rap', 'trap']	3	3
3yMtvgD2LCo6Ws4Z08fTFj	Landy Wen	['mandopop']	3	1
2NdeV5rLm47xAvogXrYhJX	Ciara	['dance pop', 'hip pop', 'pop', 'r&b', 'urban contemporary']	3	1
7y3HnWCFEvWj4KM9GFSkiX	WeiBird	['chinese r&b', 'mandopop', 'taiwan singer-songwriter']	3	0
2FLqlgckDKdmpBrvLAT5BM	Eric Nam	['k-pop']	3	0
0RqtSIYZmd4fiBKVFqyIqD	Thirty Seconds To Mars	['modern rock', 'post-grunge']	3	2
4NHQUGzhtTLFvgF5SZesLK	Tove Lo	['metropopolis', 'pop', 'swedish electropop', 'swedish pop', 'swedish synthpop']	3	3
7HkdQ0gt53LP4zmHsL0nap	Ella Mai	['r&b', 'rap', 'uk contemporary r&b']	3	0
4xnihxcoXWK3UqryOSnbw5	Sasha Alex Sloan	['alt z']	3	1
28y6CyJNkGNjJQKrlx4AmN	HRVY	['pop']	3	1
3tQx1LPXbsYjE9VwN1Peaa	Marc E. Bassy	['indie pop rap']	3	3
6T5tfhQCknKG4UnH90qGnz	DNCE	['dance pop', 'pop']	3	1
4qBgvVog0wzW75IQ48mU7v	KYLE	['deep underground hip hop', 'indie pop rap', 'pop rap', 'viral trap']	3	3
6x8oQWq0xiL4aIJTXCUx7u	Kuizz	['malaysian indie']	3	1
7bp2lSdh12wcA8LyB1srfJ	Sofia Carson	['pop']	3	3
5DdhWWd83hbrWLXIVx129X	Kumachan	['mandopop', 'taiwan hip hop']	3	3
1Xylc3o4UrD53lo9CvFvVg	Zara Larsson	['pop', 'scandipop', 'swedish electropop', 'swedish pop']	3	2
3YJXJABOwuadyp7MPN9wbi	龔詩嘉	['singaporean mandopop', 'singaporean pop']	2	0
3gIRvgZssIb9aiirIg0nI3	Jeremy Zucker	['alt z', 'electropop', 'pop']	2	0
4XKp9GFAQfsh2NflSRnHQi	Shi Shi	['mandopop', 'taiwan pop']	2	1
5IcR3N7QB1j6KBL8eImZ8m	ScHoolboy Q	['gangster rap', 'hip hop', 'pop rap', 'rap', 'southern hip hop', 'trap']	2	2
37Qsf5KCKljH7mL134xp4k	Saudi	['south african hip hop']	2	2
2GFsWXpTIn6G1kRjW3RAQX	Ty.	['chinese hip hop']	2	2
5uEeqYFuIChoWKy34jp8xE	Brando	['dance pop', 'pop dance']	2	2
6TQj5BFPooTa08A7pk8AQ1	Kaskade	['edm', 'electro house', 'pop dance', 'progressive electro house', 'progressive house', 'vocal house']	2	2
1HUW0M5URzPg6PrNZSzHXq	A-Sun	['taiwan singer-songwriter']	2	0
2o5jDhtHVPhrJdv3cEQ99Z	Tiësto	['big room', 'brostep', 'dutch edm', 'edm', 'house', 'pop dance', 'slap house', 'trance']	2	2
5vQfv3s2Z2SRdPZKr82ABw	Dzeko	['canadian electronic', 'dutch house', 'edm', 'electro house', 'pop dance', 'progressive electro house']	2	2
4fwuXg6XQHfdlOdmw36OHa	Paloma Faith	['british soul', 'talent show']	2	1
3BmGtnKgCSGYIUhmivXKWX	Kelly Clarkson	['dance pop', 'pop', 'talent show']	2	0
3EfnKIG9827OXkcQQT7HEI	SUPER JUNIOR-D&E	['k-pop', 'k-pop boy group']	2	0
2gWiiqMQFlfLjYp43IiQit	田亞霍	['mandopop', 'taiwan pop']	2	1
1dVbVQZjRGDjQmHD8oiS8k	Kimberley Chen	['mandopop']	2	0
17A2Gl9tJVquOhJWhpFJLW	Rae Xie	['chinese minyao']	2	0
0c173mlxpT3dSFRgMO8XPh	Big Sean	['detroit hip hop', 'hip hop', 'pop rap', 'r&b', 'rap', 'southern hip hop', 'trap']	2	2
5T8zbK3dic52T9bFu0aY8z	Sophia Somajo	['swedish electropop']	2	2
2GluLnUHh09d9sUXwpoMJu	Fang Wu	['mandopop', 'taiwan singer-songwriter']	2	0
7EQ0qTo7fWT7DPxmxtSYEc	Bastille	['metropopolis', 'modern rock', 'pop']	2	2
0HhDpqSgbrM6Nf6x596xYl	阿沁	[]	2	0
0hEurMDQu99nJRq8pTxO14	John Mayer	['neo mellow', 'singer-songwriter']	2	0
7xTcuBOIAAIGDOSvwYFPzk	Daniel Powter	['canadian pop', 'neo mellow', 'pop rock']	2	0
0rARfHZ4ZteUlzbAuxUwAs	Pei-Yu Hung	['chinese indie', 'mainland chinese pop', 'taiwan pop']	2	1
3hteYQFiMFbJY7wS0xDymP	Gesaffelstein	['dark clubbing']	2	2
4YLtscXsxbVgi031ovDDdh	Chris Stapleton	['contemporary country', 'outlaw country']	2	2
2R21vXR83lH98kGeO99Y66	Anuel AA	['reggaeton', 'reggaeton flow', 'trap boricua', 'trap latino', 'urbano latino']	2	2
6aZyMrc4doVtZyKNilOmwu	Colbie Caillat	['dance pop', 'neo mellow', 'pop']	2	1
4poL7YCSkG7kMnWjAdDU91	Era Istrefi	['albanian hip hop', 'albanian pop', 'kosovan pop']	2	2
3nwYsifpwrKmCIpw4i0HDW	Konshens	['dancehall', 'traphall']	2	2
78jxyYvMuOpbEmC3gvj0H4	BCW	['taiwan hip hop']	2	1
6VbRanWSU3pdDhJnhSfGmY	Harlem Yu	['classic mandopop', 'mandopop']	2	0
1YfpT6Dl8tJDmYQKWRoxjn	信樂團	['mandopop', 'taiwan pop']	2	0
3nMxdbExtqVcYG9HeZCThG	51(伍冠諺X易桀齊)	[]	2	0
7m3hJRouj4fFil1ksJDx0I	安溥	['chinese indie', 'taiwan pop', 'taiwan singer-songwriter']	2	0
4kI8Ie27vjvonwaB2ePh8T	Portugal. The Man	['indie rock', 'indietronica', 'modern alternative rock', 'modern rock']	2	0
4L4ArdVJzY6Uxbd82fJjqu	Gordon	['taiwan hip hop', 'taiwan pop']	2	0
2RDOrhPqAM4jzTRCEb19qX	Sheck Wes	['pop rap', 'rap', 'trap']	2	0
6oBm8HB0yfrIc9IHbxs6in	Lykke Li	['art pop', 'electropop', 'indietronica', 'neo-synthpop', 'swedish electropop', 'swedish indie pop', 'swedish pop']	2	1
7iZtZyCzp3LItcw1wtPI3D	Rae Sremmurd	['melodic rap', 'mississippi hip hop', 'rap', 'trap']	2	2
5gCRApTajqwbnHHPbr2Fpi	Juicy J	['crunk', 'memphis hip hop', 'pop rap', 'rap', 'southern hip hop', 'trap']	2	2
550OPGAeMz9GF9mkZRL6d3	Dawen Wang	['mandopop', 'taiwan pop']	2	0
6sShbaFnqvxmlnWOJsZoI9	Maggie Fu	['cantopop', 'mandopop']	2	0
3nXYWqIdGkR8EwdXBaU7MQ	婁藝瀟	['mainland chinese pop']	2	0
6ueGR6SWhUJfvEhqkvMsVs	Janelle Monáe	['afrofuturism', 'alternative r&b', 'atl hip hop', 'neo soul', 'r&b']	2	0
1ShZZUjkbXCjhwrb18BA8I	Bryce Vine	['indie pop rap']	2	1
2U3FuHYvL3vhkbDAXm24Ep	Dan Caplen	['neo soul', 'uk contemporary r&b']	2	2
31W5EY0aAly4Qieq6OFu6I	A Boogie Wit da Hoodie	['melodic rap', 'rap', 'trap']	2	1
4npEfmQ6YuiwW1GpUmaq3F	Ava Max	['pop']	2	1
1z7b1Pr1rSlvWRzsW3HOrS	Russ	['hawaiian hip hop']	2	0
18981CdiTmhOXgQ3h8mzZM	黃宇韶	[]	2	0
0jOw6SG2UKaDU3veuZsR1w	李崗霖	['mandopop', 'taiwan pop']	2	0
7kaq0LysuRSgBZSorlZ7Vj	Yida Huang	['mandopop', 'singaporean mandopop']	2	0
4STHEaNw4mPZ2tzheohgXB	Paul McCartney	['beatlesque', 'classic rock', 'rock']	2	0
0PdNEiQ3MsJGCEgE13Tz60	Silence Wang	['chinese singer-songwriter', 'mainland chinese pop', 'mandopop']	2	0
3EXdLajEO02ziZ90P90bSW	Lil Xan	['cloud rap']	2	1
7eCmccnRwPmRnWPw61x6jM	shy martin	['alt z', 'swedish electropop']	2	1
2deH7GtKAGqNAYCtsruIQ8	Zhao Chuan	['classic mandopop', 'mandopop', 'taiwan pop']	2	0
3VrQh6QZDpQxT4FjeSC6pK	Bo Wen	[]	2	0
4o7tWrzQOqarDtTMWD2HV9	LAY	['chinese electropop', 'chinese idol pop', 'k-pop']	2	1
29QbBR0oTzA7A0kiOzrbbr	Jamie Scott	['uk pop']	2	2
5gWzmnHTLNXz5CjOc0wAuK	Romy Dya	['dutch pop']	2	2
3hyEbRtp617pNCuuQjyOmc	Lost Kings	['pop dance', 'pop edm']	2	2
40LHVA5BTQp9RxHOQ9JPYj	Lauren Daigle	['ccm', 'christian alternative rock', 'christian music']	2	0
3ZlBKjbfPWDT0RUWTpWzwv	Anni Hung	['taiwan pop']	2	0
4uz19Fx4VF6BHhzmTuSCOR	Monica Karina	['indonesian pop', 'indonesian r&b']	2	2
0UtZ0DRiE8usRg9GyjCPCr	Dipha Barus	['indonesian pop']	2	2
1eMmoIprPDWeFdB1FxU6ZV	Au/Ra	['alt z', 'deep pop edm']	2	2
6064pL9Hu3Wx2bwJMeOx6o	Tomine Harket	[]	2	2
7MP4jhYmFEgb0AtiOkw55s	Play-N-Skillz	['chicano rap']	2	2
2frQ74368SuSVnXGJCCgqU	殷悅	['taiwan pop']	2	0
1foL9hLC9M6U94dINtOYfb	Girls' Generation-Oh!GG	['k-pop', 'k-pop girl group']	2	0
7H55rcKCfwqkyDFH9wpKM6	Christina Perri	['pop']	2	0
1AhjOkOLkbHUfcHDSErXQs	88rising	['asian american hip hop']	2	2
2IDLDx25HU1nQMKde4n61a	Rich Brian	['indonesian hip hop']	2	2
1vhgWOwfVcKVTGTsfHmoBx	HAOR	['taiwan pop']	2	0
4dpARuHxo51G3z768sgnrY	Adele	['british soul', 'pop', 'pop soul', 'uk pop']	2	0
3bnBRciC7Gz8urBu9gEQAw	Katncandix2	['mandopop', 'taiwan pop']	2	0
4TnGh5PKbSjpYqpIdlW5nz	MONSTA X	['k-pop', 'k-pop boy group']	2	0
7nwUJBm0HE4ZxD3f5cy5ok	Aretha Franklin	['classic soul', 'jazz blues', 'memphis soul', 'soul', 'southern soul', 'vocal jazz']	2	0
2QSPrJfYeRXaltEEiriXN9	Tove Styrke	['electropop', 'swedish electropop', 'swedish pop', 'swedish synthpop']	2	2
48Smhc0ISwYYRSad1uXSns	Nan Quan Mama	['mandopop']	2	0
1fHw35wWkpOw05sswFSl70	NICKTHEREAL	['mandopop', 'taiwan hip hop']	2	1
2wX6xSig4Rig5kZU6ePlWe	KSHMR	['big room', 'dutch house', 'edm', 'electro house', 'indian edm', 'pop dance', 'progressive electro house', 'slap house']	2	2
50co4Is1HCEo8bhOyUWKpn	Young Thug	['atl hip hop', 'atl trap', 'gangster rap', 'melodic rap', 'rap', 'trap']	2	2
2gsggkzM5R49q6jpPvazou	Jessie J	['dance pop', 'pop']	2	1
2PSJ6YriU7JsFucxACpU7Y	CHUNG HA	['k-pop']	2	1
0t3QQl52F463sxGXb1ckhB	Betty Who	['australian dance', 'dance pop', 'electropop', 'metropopolis']	2	0
5ITI6SEoUZMIXXkzCfr4oE	Aluna	['dance pop']	2	2
42l9R70OWvywz9JN9DCVOM	Ada Zhuang	['chinese singer-songwriter', 'mainland chinese pop', 'mandopop']	2	0
7brWAbUcLVhV9o1w1dLcsx	Z.TAO	['chinese electropop', 'chinese idol pop', 'k-pop', 'mandopop']	2	1
06KOetaeFEz0gabCnqvCxz	Miu Chu	['mandopop']	2	0
1Yepc7b6st3J0vy87qyJHk	熊仔 | BOWZ 豹子膽	[]	2	0
0XATRDCYuuGhk0oE7C0o5G	MAMAMOO	['k-pop', 'k-pop girl group']	2	0
6ioOEWNNGK40H8xrGj6XPW	XYLØ	['alt z', 'indie poptimism', 'la pop']	2	0
1cZQSpDsxgKIX2yW5OR9Ot	Lennon Stella	['alt z', 'canadian pop', 'uk pop']	2	2
1VBflYyxBhnDc9uVib98rw	Icona Pop	['candy pop', 'dance pop', 'electropop', 'metropopolis', 'swedish electropop', 'swedish synthpop']	2	2
7wg1qvie3KqDNQbAkTdbX0	Louis The Child	['edm', 'electropop']	2	2
4nJSlwFDAtGvoNW8cmvacD	Hsiao Hung-Jen	['mandopop', 'taiwan pop']	2	0
4muJrGMndyYWqZtfk8OWy4	BoA	['k-pop']	2	0
163tK9Wjr9P9DmM0AVK7lm	Lorde	['art pop', 'metropopolis', 'nz pop', 'pop']	2	0
6hplUv2g0ESNAP5riPM7Ti	陳嘉唯	['chinese hip hop', 'taiwan pop']	2	2
7f5Zgnp2spUuuzKplmRkt7	Lost Frequencies	['belgian edm', 'edm', 'pop dance', 'tropical house']	2	2
7KMqksf0UMdyA0UCf4R3ux	James Blunt	['neo mellow', 'pop rock']	2	1
45YS6WTdex4FqRvjWHhDho	同恩	['mandopop', 'taiwan pop']	2	0
0FL2d6iFFNAV3yBUbXjZ1U	Wafia	['australian pop', 'indie electropop']	2	1
2HPaUgqeutzr3jx5a9WyDV	PARTYNEXTDOOR	['r&b', 'rap', 'toronto rap', 'urban contemporary']	2	2
0A0FS04o6zMoto8OKPsDwY	YG	['cali rap', 'hip hop', 'pop rap', 'rap', 'southern hip hop', 'trap']	2	2
1yT2iH2SiZikkUAgTBwEIb	Seven Qi	['chinese minyao']	2	0
7pFeBzX627ff0VnN6bxPR4	Desiigner	['pop rap', 'rap', 'southern hip hop', 'trap', 'viral trap']	2	2
4TAoP0f9OuWZUesao43xUW	Mr Eazi	['afrobeats', 'afropop', 'azontobeats', 'ghanaian hip hop', 'nigerian pop', 'swedish dancehall']	2	2
2BXth1dnMzlCfJP9EiCLnv	MXM	['k-pop', 'k-pop boy group']	2	0
0pt4nJkyLo7QGErUoqSREx	脫拉庫	['taiwan pop']	2	0
3t5xRXzsuZmMDkQzgOX35S	Robin Schulz	['deep euro house', 'deep house', 'edm', 'german dance', 'pop dance', 'tropical house']	2	2
2LAqcqAQ8KPTsl1HBgBrqM	Michelle Williams	['hollywood']	2	1
3EA9hVIzKfFiQI0Kikz2wo	Andrea Bocelli	['classical tenor', 'italian tenor', 'operatic pop']	2	2
729dP9xMzcc7pmcBmPtZWC	eason and the duo band	['cantopop']	2	2
2vy0h2oTG1T57fpXDa4q3e	易桀齊	['malaysian mandopop']	2	0
3XCnp5UV5wnNw49Xuka9qH	Sammi Cheng	['c-pop', 'cantopop']	2	0
7C3Cbtr2PkH2l4tOGhtCsk	Shallou	['electropop', 'indie electropop']	2	1
2ROVqegXm2PNhexwBonDxw	LION	['mandopop', 'taiwan pop']	2	0
4olE3I5QU0dvSR7LIpqTXc	WATT	['modern alternative rock']	2	2
5rGgflnIpRNizTCozbYBuY	JONGHYUN	['k-pop']	2	1
5pivVtnHiM5CUInXsqKmfy	Jianqing Li	['mainland chinese pop']	2	0
3fzkQF4hAwDkHQhzp5G2uC	Ellen Loo	['cantopop', 'chinese indie', 'hong kong indie']	2	1
4obzFoKoKRHIphyHzJ35G3	Becky G	['latin pop', 'latin viral pop', 'rap latina', 'reggaeton', 'urbano latino']	2	2
5SIsztzgW9ErZcWRnp2hdS	Pika Chiu	['taiwan pop', 'taiwan singer-songwriter']	2	0
0haZhu4fFKt0Ag94kZDiz2	Sofía Reyes	['latin pop', 'latin viral pop', 'mexican pop', 'reggaeton']	2	2
3EiLUeyEcA6fbRPSHkG5kb	De La Ghetto	['reggaeton', 'reggaeton flow', 'trap latino', 'urbano latino']	2	2
66TrUkUZ3RM29dqeDQRgyA	Ella Eyre	['dance pop', 'talent show', 'uk dance', 'uk pop']	2	2
75CM5fojYdKYD0xYSFh22Z	Yisa Yu	['mainland chinese pop', 'mandopop']	2	0
2gmrjqnmYgLobcr15nJR3O	Eetu Kalavainen	[]	2	2
5QpiOYuxf2oqst8hILxnHM	Daniel Chan	['cantopop', 'classic cantopop', 'classic mandopop', 'mandopop']	2	0
78sJswwVn4P8aEhkF4K6fQ	HYOLYN	['k-pop', 'korean r&b']	2	1
4mHAu7NX2UNsnGXjviBD9e	Brooks	['dutch house', 'edm', 'electro house', 'future house', 'pop dance', 'pop edm', 'progressive electro house']	2	2
6H93wOohK6r1MwGh41Z4Nb	Ashin Chen	['taiwan pop']	2	1
0vn7UBvSQECKJm2817Yf1P	James Taylor	['classic rock', 'folk', 'folk rock', 'heartland rock', 'mellow gold', 'singer-songwriter', 'soft rock']	2	2
72nLe76yBFSlP6VBzME358	SHAUN	['k-pop']	2	1
5CieAewiroqzWWxdsWuoNu	Matluck	[]	2	2
1o2NpYGqHiCq7FoiYdyd1x	Bea Miller	['alt z', 'pop', 'talent show']	2	2
2dIgFjalVxs4ThymZ67YCE	Stray Kids	['k-pop', 'k-pop boy group', 'pop']	2	0
7q287jy77NJXRUq9w3ScgB	徐澔韋 (澔志)	[]	2	0
7hssUdpvtY5oiARaUDgFZ3	Ina Wroldsen	['norwegian pop']	2	2
38bswUJ000KFpX1vVL9MLU	二珂	['mainland chinese pop']	2	0
4VgfrD5wuAoN428fBZNSyW	Lara Liang	['mandopop']	2	1
6nfDaffa50mKtEOwR8g4df	GOT7	['k-pop', 'k-pop boy group']	2	0
2pZzvphS66rCxKBiJCrO9y	The Freshman	['singaporean mandopop']	2	0
1Ey5wjTe3m8vyGzA4NI0kf	陳欣斈	[]	2	0
6qMCbcnBinopCiiCrKQlF3	Diana Wang	['mandopop']	2	1
7guDJrEfX3qb6FEbdPA5qi	Stevie Wonder	['motown', 'soul']	2	1
6DWn9cu2UVLQ61pjyBHjuL	許慧欣	['mandopop']	2	0
6x54KUi323MNLZ0gbGL8UW	宋楚琳	['taiwan pop', 'taiwan singer-songwriter']	2	0
6jsjhAEteAlY0vCiLvMLBA	ROZES	['alt z', 'indie poptimism']	2	2
0jnsk9HBra6NMjO2oANoPY	Flo Rida	['dance pop', 'miami hip hop', 'pop', 'pop rap']	2	0
0CEK8AzyeD5ZUdUloB6yQV	CADE	['pop edm']	2	1
1lfMGY3PXMmj6qgwiPqp06	Sheryl Sheinafia	['indonesian pop', 'indonesian singer-songwriter']	2	1
2mV8aJphiSHYJf43DxL7Gt	Chromeo	['alternative dance', 'dance rock', 'filter house', 'indietronica', 'neo-synthpop', 'nu disco']	2	2
1pPmIToKXyGdsCF6LmqLmI	Rich The Kid	['atl hip hop', 'melodic rap', 'plugg', 'rap', 'trap']	2	0
2JyWXPbkqI5ZJa3gwqVa0c	Craig David	['british soul']	2	1
6CwfuxIqcltXDGjfZsMd9A	MARINA	['metropopolis', 'pop', 'pov: indie', 'uk alternative pop']	2	2
6Xgp2XMz1fhVYe7i6yNAax	Trippie Redd	['melodic rap', 'rap', 'trap']	2	2
7LImGq5KnzQobZciDJpeJb	Charlotte Lawrence	['alt z']	2	1
4jGPdu95icCKVF31CcFKbS	Gentle Bones	['singaporean pop']	2	1
7wlDjszaVnIH1DpZaJcJHX	Frandé	['taiwan indie', 'taiwan pop']	2	0
5P5FTygHyx2G57oszR3Wot	Daughtry	['alternative metal', 'neo mellow', 'pop rock', 'post-grunge']	2	0
2SOrfXWlb17EoCqupfGX4u	Aska Yang	['mandopop']	2	0
3df3XLKuqTQ6iOSmi0K3Wp	Faye Wong	['c-pop']	2	1
4M5nCE77Qaxayuhp3fVn4V	Iron & Wine	['acoustic pop', 'chamber pop', 'indie folk', 'indie rock', 'stomp and holler']	2	0
4YXycRbyyAE0wozTk7QMEq	Matoma	['pop dance', 'tropical house']	2	2
3Njp7uhQShnPMdKarS6Vsu	Tangerine Wong	['malaysian mandopop', 'mandopop']	2	0
4LcUpNlXFEleaLlelmkv2R	Kris Kross Amsterdam	['dutch house', 'dutch pop']	2	2
5KKpBU5eC2tJDzf0wmlRp2	RAYE	['uk contemporary r&b', 'uk pop']	2	2
4kYGAK2zu9EAomwj3hXkXy	JP Cooper	['uk pop']	2	2
2LZDXcxJWgsJfKXZv9a5eG	Cashmere Cat	['downtempo', 'electropop', 'shiver pop']	2	2
3WYT2b8pOLsLsqSaoWYr7U	Sodagreen	['mandopop']	2	1
1CqvjaECUkhe4BMeYz4Ihh	郭顶	['taiwan indie', 'taiwan singer-songwriter']	2	0
3zrUX1hQrUB9aXcOiyQLmN	Stanaj	[]	2	2
6Rv0ndBVPEQJ7KagPDtC5H	Tizzy Bac	['taiwan indie', 'taiwan pop']	2	0
54nb7VPvMgQEW6pC9Mz0an	Lourdiz	[]	2	2
7hJBfmab67blVoqZBIAx13	鄧福如 AFÜ	['mandopop', 'taiwan singer-songwriter']	2	0
2cBh5lVMg222FFuRU7EfDE	Sophie Ellis-Bextor	['dance pop', 'europop', 'new wave pop']	2	2
1anyVhU62p31KFi8MEzkbf	Chance the Rapper	['chicago rap', 'conscious hip hop', 'hip hop', 'pop rap', 'rap']	2	2
7DlOy5eGnazhGg7iDvCCCX	Shadya Lan	['mandopop', 'taiwan singer-songwriter']	2	0
3HaT9rfQpizr9UDea5vYCV	187INC	['taiwan hip hop']	2	0
2dw80Uni5l7wd9zZFn7Ltu	Jeff Chang	['classic mandopop', 'mandopop']	2	0
3iri9nBFs9e4wN7PLIetAw	gnash	['alt z', 'pop']	2	1
7nqOGRxlXj7N2JYbgNEjYH	SEVENTEEN	['k-pop', 'k-pop boy group']	2	0
6O74knDqdv3XaWtkII7Xjp	Boyz II Men	['boy band', 'contemporary r&b', 'new jack swing', 'r&b', 'urban contemporary']	2	2
2uWcrwgWmZcQc3IPBs3tfU	Apink	['k-pop', 'k-pop girl group']	2	0
4ccMWuTuYspEkm2gh7KrkO	黃立行	['mandopop', 'taiwan pop']	2	0
7gbmX8SsfjEjxDMzBi1ZOL	Joe Jonas	['pop', 'post-teen pop']	2	2
1CoZyIx7UvdxT5c8UkMzHd	Jorja Smith	['r&b', 'uk contemporary r&b']	2	1
2SrSdSvpminqmStGELCSNd	Stormzy	['grime', 'uk hip hop']	2	2
57WHJIHrjOE3iAxpihhMnp	Louis Tomlinson	['pop']	2	1
5R3Hr2cnCCjt220Jmt2xLf	Dillon Francis	['brostep', 'edm', 'electro house', 'moombahton', 'pop dance', 'progressive electro house', 'slap house']	2	2
6XXKPxRX2WWPPtfodzpc2v	KEY	['k-pop']	2	2
3sKeaby6GMSJWgYueZaSjE	Mokita	['chill pop', 'singer-songwriter pop']	2	1
3rRfC7TqmIAjmSxLcadqe1	Aaron Yan	['mandopop', 'taiwan idol pop', 'taiwan pop']	2	0
2cWZOOzeOm4WmBJRnD5R7I	Normani	['pop', 'r&b']	2	2
4njE1wi70wYuETLh4zTmp8	李德筠	[]	2	0
1Hsdzj7Dlq2I7tHP7501T4	Niall Horan	['pop']	2	0
6c0mTNAxJxlp9HpKTUZwA8	ALMA	[]	2	2
05PoS1s7QgQDp202WsZ8SP	邵雨薇	['taiwan pop']	2	0
4as3khXWaPjfkFdCA0JWMo	Jesse®	['modern alternative pop']	2	2
6WY7D3jk8zTrHtmkqqo5GI	Maren Morris	['classic texas country', 'contemporary country']	2	2
4lDBihdpMlOalxy1jkUbPl	Grey	[]	2	2
0p4nmQO2msCgU4IF37Wi3j	Avril Lavigne	['canadian pop', 'candy pop', 'pop']	2	0
2smK8q9AK6F6GcbeeCnPo3	任贤齐	[]	2	0
4N874uPqBka1QiCvnCVOtr	Phoebe Ryan	['alt z', 'indie poptimism']	2	2
3fS78kAWd9dVFyaPQ363YO	Lu Han	['chinese electropop', 'chinese idol pop', 'k-pop', 'mainland chinese pop', 'mandopop']	2	1
7ruJU7jtsDqbgA23BL3VFQ	Peggy Hsu	['mandopop', 'taiwan pop', 'taiwan singer-songwriter']	2	0
7hmSHY9HVVQKejpGbPbo16	詹雯婷	['taiwan singer-songwriter']	2	0
5rSXSAkZ67PYJSvpUpkOr7	Backstreet Boys	['boy band', 'dance pop', 'pop']	2	0
4UXqAaa6dQYAk18Lv7PEgX	Fall Out Boy	['emo', 'modern rock', 'pop', 'pop punk', 'rock']	2	0
1KCSPY1glIKqW2TotWuXOR	P!nk	['dance pop', 'pop']	2	0
3gk0OYeLFWYupGFRHqLSR7	Showtek	['classic hardstyle', 'dutch house', 'edm', 'electro house', 'euphoric hardstyle', 'pop dance', 'progressive electro house']	2	2
7aBzpmFXB4WWpPl2F7RjBe	Wyclef Jean	['rap kreyol']	2	2
0vZ1OdTf7bFwf6ptvksvtX	Evermoist	[]	2	1
3GtCKJA4SkOxN65MWjm82R	Hot Shade	[]	2	2
5Zn94mKQQYVZUvhiIXeXdP	Leo王	['mandopop', 'taiwan hip hop', 'taiwan pop', 'taiwan singer-songwriter']	2	1
20sxb77xiYeusSH8cVdatc	Meek Mill	['hip hop', 'philly rap', 'pop rap', 'rap', 'southern hip hop', 'trap']	2	2
6fs2or0cKLEM2xohWq8SoX	Lexie Liu	['chinese electropop']	2	1
4mbafvGlZ8jJzdc79D40x2	929	['taiwan indie', 'taiwan pop']	2	0
0LyOADBjj28cbvJWTXUEGA	Loren Allred	['deep talent show', 'hollywood', 'movie tunes']	2	0
60eKkymyDkai3QisAnsGIW	展翼(ZAYIN)	['taiwan pop']	2	0
2cFrymmkijnjDg9SS92EPM	blackbear	['pop']	2	2
3ZCIwlsAdItKVQk6V68Ho7	Jimmy Lin	[]	2	0
5zawO99pOdAzrwyJSSu5qE	鄭興	['mandopop', 'taiwan pop', 'taiwan singer-songwriter']	2	0
4TzVVyHE0QPx5f8e4AQfZ8	依錚依靜	['taiwan indie']	2	0
1rw8ZTLnDHd74TWDDukjVi	Conrad Sewell	['australian pop']	2	2
0hYxQe3AK5jBPCr5MumLHD	Sugarland	['contemporary country', 'country', 'country dawn', 'country road']	2	2
5gZhQ7HEtlkPQiWyE44tCA	Young Sparrow And DJ Dragon Nutz	[]	2	1
7qJmFr579WC8MMGj4PiWdu	Jane Zhang	['mainland chinese pop']	2	2
2h93pZq0e7k5yf4dywlkpM	Frank Ocean	['lgbtq+ hip hop', 'neo soul']	2	1
36a3BbcVBJMiBGeHzpAxHb	Michael Kaneko	['japanese r&b']	2	1
4BxCuXFJrSWGi1KHcVqaU4	Kodaline	['irish pop', 'modern rock']	2	0
0NGAZxHanS9e0iNHpR8f2W	Alok	['electro house', 'pop nacional', 'sertanejo universitario', 'slap house']	2	2
7bXgB6jMjp9ATFy66eO08Z	Chris Brown	['r&b', 'rap']	2	2
0gdWU9IX6LIiuPvXh95pas	NU'EST W	['k-pop', 'k-pop boy group']	2	0
10exVja0key0uqUkk6LJRT	Vance Joy	['folk-pop', 'modern rock']	2	0
2UeymAokvsL5OPl7bnIs7S	輕鬆玩樂團	['taiwan pop']	2	0
38CvLGTsjtoloDgv3OKQp8	Robinson	['alt z', 'nz pop']	2	0
4mncDFjVLUa3s025Tct3Ry	Claptone	['german house', 'german techno', 'progressive house']	2	2
6MfYv3Zkj5zwMNbUfbAifz	Ben Duffy	[]	2	2
3offPqpKAKmpQkIdWnjzkc	TEEN TOP	['k-pop', 'k-pop boy group']	2	0
7AzjETXRUKNRSJHMW9GIqd	Nina Nesbitt	['alt z', 'neo-singer-songwriter', 'uk pop']	2	2
1ZfTuv9XlWT2CaIsIZPm52	Cast	[]	2	0
4S9EykWXhStSc15wEx8QFK	Céline Dion	['canadian pop']	2	0
0wK3rMwogVowmeXArZN29T	金莎	['mainland chinese pop', 'mandopop']	2	0
7LkCRVcvQaZor2rIsWiVDA	Rudy Mancuso	[]	1	1
7yL7IexZsQ4uZy7YbX4wVN	Maia Mitchell	[]	1	1
2eRjqXdTsssjpimRlz1i41	H.I.N.P (Hot Issue of Ntl. Producers)	['k-pop reality show']	1	0
6VOX2zlsFiZDHICYEy3oRD	陳思函	['taiwan singer-songwriter']	1	0
6gM8oO67eM4jmE4mrEFVZa	黎安萊姆絲	[]	1	1
6JtFllJR7nhh8fa6oGefSj	Late Night Alumni	['disco house', 'downtempo']	1	1
6wMr4zKPrrR0UVz08WtUWc	Black Coffee	['south african house', 'south african pop', 'south african pop dance']	1	1
3WtrH1zNpzoPSz6XpwCh6y	Delilah Montagu	['british singer-songwriter']	1	1
6beUvFUlKliUYJdLOXNj9C	King Princess	['alt z', 'indie pop', 'nyc pop']	1	0
37MmapyTgG1yu06cqp4dLa	Donny Pangilinan	['opm']	1	0
1PbBg2aYjWLKRk84zJK15x	Echosmith	['electropop', 'indie poptimism', 'viral pop']	1	0
0bdJZl7TDeiymDYzMJnVh2	Preme	['canadian hip hop', 'canadian trap', 'toronto rap']	1	1
1p0bZvMtjOMVjwY6iIhVYg	Vic Teo	[]	1	0
0OAEZfwqeRjujNSal5utBS	洛客班	['mandopop']	1	0
2qwqnl8l8SIh0kyXMLlMwP	張與辰	['malaysian mandopop']	1	0
52WyK89jMCAFcNVLKjREFM	Ben Wu	['chinese electropop', 'taiwan pop']	1	0
39PhMWg1aAuuZcph0OXGu6	Deniz Koyu	['dutch house', 'edm', 'electro house', 'german techno', 'pop dance', 'progressive electro house', 'progressive house']	1	1
6jEiUoyyJNPHzSR0Nib6HX	Walk off the Earth	['canadian rock', 'pop rock']	1	1
7wjeXCtRND2ZdKfMJFu6JC	Louane	['french pop']	1	1
53M4Iv2RkzzxFFvW2B1jhC	Breathe Carolina	['electropowerpop', 'neon pop punk', 'trancecore']	1	1
37obY6KAyQrGu95SqzKJlu	Sunstars	['sky room']	1	1
4gwpcMTbLWtBUlOijbVpuu	Capital Cities	['metropopolis', 'modern rock']	1	0
1mSJCvDX0W7Dn7S9C6vmvI	Anna of the North	['electropop', 'vapor pop']	1	1
7J59BD03maCvbOJKBlryQK	謝金燕	['chinese electropop', 'mandopop', 'taiwan pop']	1	0
4RSyJzf7ef6Iu2rnLdabNq	Willy William	[]	1	1
0Gwk81mxP1xqDfRDNMUmQ3	元衛覺醒	['mandopop', 'taiwan pop']	1	0
4N9mUjAWoNCkLN0kCxzaL5	小男孩樂團	['mandopop', 'taiwan indie', 'taiwan pop']	1	0
5mqguTgtaoCMNMZD6txCh6	Phum Viphurit	['bedroom pop']	1	0
5TQOmpHMC3dNvHmibo3NPN	林子良	[]	1	0
55RKbZHb1yAXuvEHTIyaxJ	Rochelle	['dutch r&b']	1	1
1B0Rp4SWGnFgGCPU5Pju6E	Nego do Borel	['funk carioca', 'funk das antigas', 'funk ostentacao', 'funk pop', 'sertanejo universitario']	1	1
340tl79lbL3RqFssLtYj3B	周汤豪	['taiwan hip hop']	1	0
7iLc4hrjOjQPfg1E3cCHg1	Tim Berg	['edm', 'electro house', 'pop dance', 'progressive electro house']	1	1
1q7sCl0vg0EcaFdRz0XDGg	Christine Fan	['mandopop']	1	0
4IVAbR2w4JJNJDDRFP3E83	6LACK	['atl hip hop', 'melodic rap', 'r&b', 'rap', 'trap']	1	1
26SQFo2qNNGOxh2PUAsTeO	Michael Wong	['malaysian mandopop', 'mandopop']	1	0
7sfgqEdoeBTjd8lQsPT3Cy	Emeli Sandé	['r&b', 'talent show']	1	1
4xFUf1FHVy696Q1JQZMTRj	Carrie Underwood	['classic oklahoma country', 'contemporary country', 'country', 'country dawn', 'dance pop']	1	1
3ipn9JLAPI5GUEo4y4jcoi	Ludacris	['atl hip hop', 'dance pop', 'dirty south rap', 'hip hop', 'old school atlanta hip hop', 'pop rap', 'rap', 'southern hip hop', 'trap']	1	1
3SyC3U06X0DjdWd2Jf6V8Q	陳粒	['chinese minyao', 'chinese singer-songwriter']	1	1
78UcIEW1VFh2WOgNk0E7mm	Sweet John	['taiwan indie', 'taiwan pop']	1	0
7jXoGtR69J2iYCefc58MZX	Twins	['cantopop']	1	1
75EZuo5MHV2572NRpMWotC	Crystal Fighters	[]	1	0
2ysnwxxNtSgbb9t1m2Ur4j	George Ezra	['folk-pop', 'neo-singer-songwriter']	1	0
5oLxJrktO7kOEJANS6nkZB	Alex Lustig	['vapor twitch']	1	1
4D9a1UPPFCoOm1kBtJfni5	Akacia	[]	1	1
1oA59f4Muicrwf7QY5nDqV	Summer Lei	['chinese indie', 'taiwan pop', 'taiwan singer-songwriter']	1	0
24ALZ3PLX0Ty3E3NnhdsXO	冬夏雨晴	[]	1	0
5i09Vd9N18qRJl2RcXODOp	Cathrine Lassen	[]	1	1
5r1tUTxVSgvBHnoDuDODPH	IZ*ONE	['k-pop', 'k-pop girl group']	1	0
5KEG7G8LDYlHgFDqZyEEs2	Chris Rea	['soft rock', 'sophisti-pop']	1	0
7rYFaJIhVwCyjwKUNeAiSs	阿桑	['taiwan pop']	1	0
2P5sC9cVZDToPxyomzF1UH	Joey Bada$$	['conscious hip hop', 'hip hop', 'rap']	1	1
7EEiVZvj6RCEtVX2F2pyxu	Slim Jxmmi	['trap']	1	1
21E3waRsmPlU7jZsS13rcj	Ne-Yo	['dance pop', 'pop', 'r&b', 'urban contemporary']	1	1
4bLWxZKO7usMAXMUnJ5gr1	丘與樂	['taiwan indie']	1	0
6G94zxdItl2GgmKVfoAGI0	艾熱AIR	['chinese hip hop']	1	1
25vEZS7WfjbOJqb0AKMAzR	大隸	[]	1	1
4KXVmbCeWD1nQImsDAy1Cw	小小湯	[]	1	1
0L0nbo7HXVCPYFzgSgT0GU	館長	[]	1	1
0bzVqWAANIcEyvwoR78szB	許瑋甯	[]	1	1
2JLqTvFXmC87BksiCsBezV	Matt Terry	['talent show']	1	0
2Fc5cGXai8xzLhGyltp4tT	Suboi	['vietnamese hip hop', 'vietnamese melodic rap']	1	1
56YvXhxjnImPI8N5dvtjm7	EK	['k-rap']	1	1
68ZyOBf2Yr7oarlnaIzPJq	XZT	[]	1	1
4MRQK5pLyNbcOW493n55iT	老王樂隊	['mandopop', 'taiwan indie', 'taiwan pop']	1	0
5KnoVkIUGmK0PiDKMjz2LM	Feder	['new french touch']	1	1
1r0vOsQYMTyq1qkDv7p9QD	Starr Chen	['chinese electropop', 'taiwan hip hop']	1	1
4TvEx3QxTDbOBf5XgfNPiU	Moozlie	['south african hip hop', 'south african trap']	1	1
29zsVzEH33dD5QqxeL8dvy	Vini Vici	['progressive uplifting trance']	1	1
61LAVgfVbkRLgNHEDveOyh	Cherrymoon Trax	['belgian dance', 'hard trance', 'old school hard trance']	1	1
1QDrz3DMMaz3TB1cm0PGDu	Justin Jesso	['singer-songwriter pop']	1	1
3pbi8H08p95NUZ7m6ybxUV	Static Major	[]	1	1
0MHgLfmQdutffmvWe5XBTN	Burl Ives	['adult standards', 'american folk revival']	1	0
57okaLdCtv3nVBSn5otJkp	HYUKOH	['korean indie folk', 'korean r&b']	1	0
4oriboWHCltVVTzHHw5q6H	林樂偉	[]	1	0
5p0zkKpBuRguKebwRe0RI2	Pierce Fulton	['complextro', 'pop edm', 'progressive electro house']	1	1
2jpQ0ywffgVHhZFQNWaWYW	Tony Igy	['russian dance']	1	1
27gtK7m9vYwCyJ04zz0kIb	Lane 8	['gauze pop', 'progressive house']	1	1
1knBSeui5VhCJC1xHm47ya	J. F. July	[]	1	1
4mXtC1DkxCaq3A6gdUR662	陳奕雯	[]	1	1
5EoT9fTU737Wq6bmO4TlP8	龔淑均	[]	1	1
4zydtaHyuMOVjw507ePyxe	CYR	[]	1	1
64k5e9kV9MdukXjFrR5R37	Jessi	['k-pop']	1	0
76M2Ekj8bG8W7X2nbx2CpF	NGHTMRE	['brostep', 'edm', 'electro house']	1	1
50Zu2bK9y5UAtD0jcqk5VX	OOHYO	['k-indie', 'korean electropop']	1	0
513t0jZUP0K98C4h7KHtEb	NONONO	['shimmer pop', 'swedish alternative rock', 'swedish indie pop']	1	0
6Ur6METz02CC9zcJWDFicC	M.O	['afroswing', 'girl group']	1	1
0tJCNteqwm7LmRZ6KWr8GT	Chip	['grime', 'instrumental grime', 'london rap', 'uk hip hop']	1	1
0zkoIIaqJT7WP0rly4rOMk	Roisto	['finnish edm']	1	1
4ubjjmdSgfPMuDTSTeBH67	PowerDress	[]	1	1
6dn6x1XOng3LOAnfTjUn77	AJ Mitchell	['alt z', 'pop']	1	0
4xlAHgZnzzPHtoKnev0gwJ	Good Band	['mandopop']	1	0
5icAICPWHiBMzTJl7nUPMP	Nicholas Tse	['cantopop']	1	0
0svmVqwlzmbBfwofH6uGbk	Lovespeake	['norwegian pop']	1	1
4MGEh4IsSE7HGkznRKr5SL	張淦勛	[]	1	0
39c76ZyxQcRwms0MGWJcsc	張思琪	[]	1	0
3ao3jf5d70Tf4fPh2bnXVl	We The Kings	['neon pop punk', 'piano rock', 'pop punk']	1	0
386sPcqFWFmTu2aJJmDCuT	吳心緹	[]	1	1
3M208gr0Cbai9J2HyVCLMp	Goodito Frito	[]	1	1
7wzaSKTsjE9HnuDuZTX452	Arlissa	['uk pop']	1	1
4SoF1XBWjLKLBGe6j1hhBo	Trouze	['singaporean pop']	1	1
0xVahyOCatwKqHyKLfeXwN	Derrick Hoh	['mandopop', 'singaporean mandopop']	1	1
4ieCG6ylz8VnMkGMkiWpbd	Jin Wenqi	['chinese singer-songwriter', 'mainland chinese pop']	1	0
5fahUm8t5c0GIdeTq0ZaG8	Otto Knows	['dutch house', 'edm', 'electro house', 'pop dance', 'progressive electro house', 'progressive house']	1	1
1n9MS5jDsiVS3x3ArntcnW	Lin Hsin Yi	['mandopop']	1	0
2fsk4VlJdNF6G8cCMDrrzB	Norma Jean Martine	['nyc pop']	1	1
5jm3x1qIibWdKSEMw2G011	Moksi	['bass house', 'dutch edm', 'electro house', 'electronic trap']	1	1
2YkP9pfIZ6hJKeuppuz8qT	Yade Lauren	['dutch rap pop']	1	1
4KJ6jujcNPzOyhdNoiNftp	lovelytheband	['modern alternative rock', 'modern rock', 'pov: indie']	1	0
7tuWI2luTp61HHGmviWid8	羅大佑	['classic mandopop', 'taiwan campus folk', 'taiwan singer-songwriter']	1	0
5aIWqYAZHKywym00ilmWLH	陳妍元	[]	1	0
7EY3xvBhvVnAGIN4hyGIUk	Tabitha Nauser	['singaporean pop']	1	1
3NPpFNZtSTHheNBaWC82rB	X Ambassadors	['modern alternative rock', 'modern rock', 'stomp pop']	1	1
6BeO1KuAWBqFriL1mLHtNc	Leslie Grace	['bachata', 'latin viral pop']	1	1
3eCd0TZrBPm2n9cDG6yWfF	DEAN	['k-pop', 'korean r&b']	1	1
1OjcBoc71FwlzD5cJGx7xk	SULLI	['k-pop']	1	1
6UdKtISMXYKSR8jcgtFePo	Rad Museum	['korean r&b']	1	1
5y3G1B8cpCTaoq0uDgjwzH	Danny Avila	[]	1	1
3QSQFmccmX81fWCUSPTS7y	Dean Lewis	['australian pop', 'singer-songwriter pop']	1	0
0DWWSyvxMZsIyOTdcwHCPY	Y2j	['mandopop']	1	0
07ZhipyrvoyNoJejeyM0PQ	Higher Brothers	['chinese hip hop']	1	1
2iB8eFB6flwQculkUrRssi	AUGUST 08	['la pop', 'r&b']	1	1
5nLnIboxUroy6N5HBGRTMe	Huang Yali	[]	1	0
5UjifI1TYefXWn9GdqDOHl	Social House	[]	1	1
422RLznpwUa5FsQgnTlgUH	Great Good Fine Ok	['hopebeat', 'indie poptimism', 'metropopolis', 'neo-synthpop', 'nyc pop']	1	1
64NYWpxh4HgzMb1SwCCjMw	Before You Exit	['teen pop']	1	1
5AO5nzx14PfLNfVgYVd0rw	Crispy脆樂團	['taiwan indie', 'taiwan pop']	1	0
6RHKEd9dpzQ4c09x8Zdaxu	Clara Mae	['alt z', 'swedish pop']	1	0
77tT1kLj6mCWtFNqiOmP9H	Daryl Hall & John Oates	['album rock', 'classic rock', 'heartland rock', 'mellow gold', 'rock', 'singer-songwriter', 'soft rock', 'yacht rock']	1	0
6VJXRJvRRyLv99RZbXJ8RO	JBJ	['k-pop', 'k-pop boy group']	1	0
37awA8DFCAnCCL7aqYbDnD	Blasterjaxx	['big room', 'dutch house', 'edm', 'electro house', 'pop dance', 'progressive electro house', 'slap house']	1	1
4m5bANP6wwn3O6xmjYxhTm	Mitch Crown	[]	1	1
6ZjFtWeHP9XN7FeKSUe80S	Bing Crosby	['adult standards', 'easy listening', 'lounge']	1	1
69UfPJgUmFFAVT740qGVZi	Ken Darby Singers	[]	1	1
735L650pvygCZZlPMyHqsN	John Scott Trotter & His Orchestra	['light music']	1	1
1wKpMkucynaTfG8lyPprYV	PENTAGON	['k-pop', 'k-pop boy group']	1	0
2mmqhYDTD0weseyXUf1QJ5	7 Skies	['uplifting trance']	1	1
3QbUqBENhP3J4FaM3xlSGY	Junkilla	[]	1	1
5HdQpmNJARTfx4S4wCvboj	TONYB.	[]	1	1
2nuKjZLgc7II6FO4Rxjt5e	Blonde	['house', 'uk dance']	1	1
7mWMzxN6IAIQ1tfFFtAiQv	Bryn Christopher	['british soul']	1	1
3Bj81IbILbuj2uEwWXMdXI	Sosamann	['atl trap', 'houston rap', 'memphis hip hop']	1	1
0SbSDzM4X41hnlURed0fcV	Carter Burwell	['soundtrack']	1	0
1c4rxrxy8eDLvMVL1DTiBe	Andra Day	['r&b']	1	1
2GHclqNVjqGuiE5mA7BEoc	Common	['alternative hip hop', 'chicago rap', 'conscious hip hop', 'hardcore hip hop', 'hip hop', 'political hip hop']	1	1
2fVW2ix4ANKiofDZIsy1XR	Vargas & Lagola	['swedish pop']	1	1
7syGPkGXynEPQxGw0Cm2fE	黃乙真	[]	1	0
6CxdELIq62cyzYF3kGHP28	GONG	['chinese electropop']	1	1
4cPHsZM98sKzmV26wlwD2W	Brenda Lee	['adult standards', 'easy listening', 'lounge', 'rockabilly']	1	0
48eO052eSDcn8aTxiv6QaG	NCT	['k-pop', 'k-pop boy group']	1	1
7f4ignuCJhLXfZ9giKT7rH	NCT 127	['k-pop', 'k-pop boy group']	1	1
2QM5S4yO6xHgnNvF0nbZZq	SEULGI	['k-pop']	1	1
0tZl5OAXf9jYXFmfRGejs2	SinB	['korean ost']	1	1
6Xg22wJOAcnvPUfk5WvODH	JEON SOYEON	['k-pop']	1	1
33fgnFIjNPms9XyVAGwvkI	黃宥傑	[]	1	0
1klFdLh3pak3eOtJP0styY	Triple H	['k-pop']	1	0
4GaA53bqvMoSs2WzEFGiLe	Lia Marie Johnson	['teen pop']	1	1
4hEojNVUgNvXDE8Aem4P7h	Trilane	['sky room']	1	1
6Bb2R70eMBIIG6BFJhHv7f	Kokaholla	[]	1	1
4t47pMNIyXO3lDZfzi8ENS	Quarterback	[]	1	1
1no9ABTWrrjgqPVRadC6XA	新樂塵符-賀子玲	[]	1	0
5gznATMVO85ZcLTkE9ULU7	Lenny Kravitz	['permanent wave', 'rock']	1	1
5y5ci9MhupBHj8X5DpGEYC	柯文哲	['chinese hip hop']	1	1
20Ire8k6z7JX4iCFunLxxA	春艷	['chinese hip hop', 'taiwan pop']	1	1
5Mq7iqCWBzofK39FBqblNc	Jessie Ware	['british soul', 'electropop', 'neo soul', 'pop soul', 'uk pop']	1	0
3rse0xkCrTq4vDCYtOSGPU	The New Barden Bellas	[]	1	0
5cJtMOScK0sadiHY2XtIoS	Rain Lee	['chinese indie']	1	0
0afEdGty8N3VzTdFwtPydj	Alina Cheng	['mandopop', 'taiwan pop']	1	0
2xLeS5F1xogY0Y3DpvORCh	奇哥	['taiwan indie']	1	0
3jK9MiCrA42lLAdMGUZpwa	Anderson .Paak	['escape room', 'hip hop', 'indie soul', 'neo soul']	1	1
7MFJyevu6jq0shwDuVLymu	Justin Mylo	['dutch house', 'electro house', 'pop dance', 'pop edm', 'progressive electro house']	1	1
1E1W3to8HhGSkkIEUMwEjd	Dewain Whitmore	[]	1	1
4f9iBmdUOhQWeP7dcAn1pf	Rag'n'Bone Man	['neo soul']	1	0
78DWNk8gFHU30TGITAgbM7	CMC$	['pop edm', 'vapor twitch']	1	1
2xgAJkalFHfceCNGETOkyM	GRX	[]	1	1
1KP6TWI40m7p3QBTU6u2xo	BØRNS	['indie poptimism', 'indietronica', 'modern alternative rock', 'modern rock', 'pov: indie']	1	1
5zctI4wO9XSKS8XwcnqEHk	Lil Mosey	['melodic rap', 'rap conscient']	1	0
3Xt3RrJMFv5SZkCfUE8C1J	Kim Petras	['alt z', 'pop', 'transpop']	1	1
7pLntWGInZPQxc4kXxzzjB	Liz Gillies	[]	1	1
35S20clEkkSNUo23ViaslZ	Band Aid	['musical advocacy']	1	0
6eYFryfcEu3QSq59D62wZQ	Brendon Urie	[]	1	1
1moxjboGR7GNWYIMWsRjgG	Florence + The Machine	['baroque pop', 'modern rock', 'neo mellow', 'uk alternative pop']	1	0
6gvSKE72vF6N20LfBqrDmm	Mao Buyi	['chinese minyao', 'chinese singer-songwriter', 'mainland chinese pop']	1	1
2xbV452k0SC2JZJDtm7mqK	那吾克熱-NW	['chinese hip hop']	1	0
4S8NmgM7oJ188sKp1waZpy	MÖWE	['deep tropical house']	1	1
24CzPFC4y3bM4AkUnZfuAU	Karra	['la pop', 'pop edm']	1	1
4jC2S13tMZQ19PBlAJTmeY	Meeia Foo	['malaysian mandopop', 'mandopop', 'taiwan pop']	1	0
3w8fdvgPp2aKgy125EBgVg	玖壹壹	['mandopop', 'taiwan hip hop']	1	0
6NXVndo53WAgYiqCVxkKft	VAVA	['chinese hip hop']	1	1
752OG1hjdaVGpIftjzucUI	KOZAY	[]	1	1
0q4NrXqJnc367PieejuROJ	Vice	['chicano rap']	1	1
67LxHHngWAoyQylON1g39B	DJ Aku Ash	['malaysian hip hop']	1	1
4x2VUYOX7wMuZp7D9UcGje	Kilafairy	[]	1	1
6S0dmVVn4udvppDhZIWxCr	Sean Kingston	['dance pop', 'miami hip hop', 'pop']	1	1
6JsclVjagT70ARSEaKsrkP	張瑋琁	[]	1	1
2hlmm7s2ICUX0LVIhVFlZQ	Gunna	['atl hip hop', 'melodic rap', 'rap', 'trap']	1	1
6G1yTgvoYsuVb2Ja8cVVJ2	anders	['canadian contemporary r&b', 'canadian hip hop', 'toronto rap', 'trap soul']	1	1
0qlWcS66ohOIi0M8JZwPft	GFRIEND	['k-pop', 'k-pop girl group']	1	0
7L0rAORDvmbD3cORYb8Nyz	李振源	['mainland chinese pop']	1	0
5YMqwPmb7ViNXM63g1MUH5	BullySongs	[]	1	1
6dFAfLOS24nVuzvap8tnN0	林生祥	['hakkapop', 'taiwan indie', 'taiwan singer-songwriter', 'taiwanese indigenous']	1	0
4zTNiArZgV1SKWATSFshVI	PRISTIN V	['k-pop', 'k-pop girl group']	1	0
7hOGhpa8RMSuDOWntGIAJt	A R I Z O N A	['electropop', 'indie poptimism']	1	0
2JzhQYGos3RqV7MT5fWeek	Porches	['art pop', 'chillwave', 'experimental pop', 'shimmer psych']	1	0
2ZuweXv0TkfsidZOLZZoM2	HEDEGAARD	['danish electronic', 'scandipop']	1	1
1xrvnT8IPYpS6iOkAq8tLt	Hayley Warner	[]	1	1
0touaoSr4QOLYxBJ9lmGgK	Karencitta	['pinoy edm', 'pinoy r&b', 'pinoy trap']	1	1
4YHKzvqxptwrqZT9GyYHIg	Amaan Ali Bangash	['hindustani instrumental', 'indian classical', 'sarod']	1	1
7ljpuNfOEA1vCZv3SHeKdG	Ayaan Ali Bangash	['sarod']	1	1
3UaEtP4pJGDhyEzy47AMzl	Malte Ebert	['danish pop', 'scandipop']	1	0
43aTla1ZVfTG1AUNhhbqsv	繆以欣	['taiwan singer-songwriter']	1	0
6ZIPwLHJoMG10KPGt4hNWW	孟鵬	[]	1	0
0rZp7G3gIH6WkyeXbrZnGi	Novo Amor	['ambient folk', 'indie folk']	1	0
7nLakaHt1koh5mP4OIVM0F	Jang Yi-jeong	[]	1	1
4bw2Am3p9ji3mYsXNXtQcd	Piso 21	['colombian pop', 'latin pop', 'reggaeton', 'reggaeton colombiano', 'trap latino', 'urbano latino']	1	1
1XkoF8ryArs86LZvFOkbyr	Mary J. Blige	['dance pop', 'neo soul', 'r&b', 'urban contemporary']	1	0
2Bixmzp9TaAzXvQFTW5t3z	小s	[]	1	1
0Rsu8bbOYUkrZQAd1c2KSr	自然捲	['chinese indie', 'taiwan pop']	1	0
3kBTda7vNOOAA2Tu5uD13Y	Sj	['pop edm']	1	1
2cQr2KbzdRtIFlfbHGnNsL	Ziv Zaifman	['show tunes']	1	1
1hcdI2N1023RvSwLzTtdsp	Natalia Lafourcade	['latin alternative', 'latin pop', 'mexican pop', 'rock en espanol', 'veracruz indie']	1	1
3H4uKwNgNWoJwJgm4hJ9Ek	伍嘉成	[]	1	1
374sWpAJsbZckf98df2jJJ	Fuse ODG	['afrobeats', 'azonto']	1	1
3jHBxvZ9gbBkZ17wKUqVsO	Kent Jones	['miami hip hop', 'viral trap']	1	1
6DVipHzYsPlIoA0DW8Gmns	"Royce Da 5'9"""	['detroit hip hop', 'gangster rap', 'hardcore hip hop', 'hip hop']	1	1
5puur8AWnDOKudmjScQdjw	Jun Jin	[]	1	0
4uTHiWdOkO9h0fCktdDbrF	陳予新	[]	1	0
1Mxqyy3pSjf8kZZL4QVxS0	Frank Sinatra	['adult standards', 'easy listening', 'lounge']	1	1
0JXiS2FrAg3wQYJHcmZdrc	B. Swanson Quartet	[]	1	1
0PlwaM52QV4onKJ67RGRsL	aMEI	[]	1	1
0JOxt5QOwq0czoJxvSc5hS	GASHI	[]	1	1
5B1AaSUIE8FWo6ERw95rLP	羅美玲	[]	1	0
3XonXgjEAAXVl0WKLF1Z4g	Sidney Samson	['dutch house', 'electro house', 'melbourne bounce', 'progressive electro house']	1	1
5EvFsr3kj42KNv97ZEnqij	Shaggy	['dance pop', 'pop rap', 'reggae fusion']	1	1
21q5bZHKAuO3FXJfv7r5SO	Bobso Architect	[]	1	1
6PMr6l8zDjt7enAIND9wU7	Hosai	[]	1	1
0s1ec6aPpRZ4DCj15w1EFg	Dario Marianelli	['orchestral soundtrack', 'soundtrack']	1	1
0iqgjl0OG3z53PZVIB7ZyD	Víkingur Ólafsson	['classical piano', 'nordic classical piano']	1	1
2wIVse2owClT7go1WT98tk	Missy Elliott	['dance pop', 'hip hop', 'hip pop', 'neo soul', 'pop rap', 'r&b', 'rap', 'urban contemporary', 'virginia hip hop']	1	1
6NXk2pLFocS2OkNdT7ncBt	Trevor Guthrie	['canadian pop']	1	1
2a0uxJgbvvIRI4GX8pYfcr	J Hus	['afroswing', 'grime', 'uk hip hop']	1	0
49e4v89VmlDcFCMyDv9wQ9	Dean Martin	['adult standards', 'easy listening', 'lounge', 'vocal jazz']	1	0
2s6lxOYvvCvzpHtd3VyuMj	Uffie	['dance-punk', 'electro-pop francais', 'electroclash', 'electrofox', 'new rave']	1	1
5MGoZUcMHAwTKzcXKKofQ9	Riah	['indie electropop']	1	1
1km0aro5NJuoX5dE0Mub5C	Joanna Wang	['chinese audiophile', 'chinese jazz', 'mandopop', 'taiwan singer-songwriter']	1	0
7oBIFoqEP2zwnJa2HL6h0l	Dena	[]	1	0
4PQnqdTaKkIjsPTbIqNcub	Wang Jun Qi	['mainland chinese pop']	1	0
03xIQs0Wl4OXkiiunwpkf0	leegof	['chinese indie pop']	1	0
4Wjf8diP59VmPG7fi4y724	Cedric Gervais	['dutch house', 'edm', 'electro house', 'pop dance', 'progressive electro house', 'progressive house']	1	1
0Wkm45quqfx3NepJpXDvwE	Superorganism	['art pop']	1	1
4MXUO7sVCaFgFjoTI5ox5c	Sufjan Stevens	['art pop', 'baroque pop', 'chamber pop', 'indie pop', 'indie rock', 'singer-songwriter']	1	0
2urF8dgLVfDjunO0pcHUEe	Alvaro Soler	['latin pop']	1	0
5Tf4EH8tDvznnjULcFxkIl	Alex Clare	['modern alternative rock']	1	1
6KImCVD70vtIoJWnq6nGn3	Harry Styles	['pop']	1	0
5YyGLejM00snCF1RJKlocJ	Nikki Vianna	['nyc pop']	1	1
7ya3wFqG9X35S7L7XSrE2i	Sam Lee	['mandopop']	1	0
0vR2qb8m9WHeZ5ByCbimq2	Reik	['latin arena pop', 'latin pop', 'mexican pop', 'reggaeton']	1	1
38e3dRuXJNEIlJLo2ux8pA	Kevin Liao	[]	1	0
1GDbiv3spRmZ1XdM1jQbT7	NATTI NATASHA	['latin pop', 'rap latina', 'reggaeton', 'urbano latino']	1	1
6tt0iYnpHERj05WATWRiom	Bantu	['zimdancehall']	1	1
4fpTMHe34LC5t3h5ztK8qu	The Carters	['r&b']	1	0
6kxCoNfY6U1eP0Yc88phvk	B.A.P	['k-pop', 'k-pop boy group']	1	0
2vf4pRsEY6LpL5tKmqWb64	Elderbrook	[]	1	0
5eKqhPrKad0J9xGAtq3rW7	BURNS	['la pop', 'uk dance']	1	1
6FBHHds9fLvv41A3yxgvGM	是元介	[]	1	0
5IIP34JBy1d8kBYlAGnRaW	Linying	['singaporean pop', 'singaporean singer-songwriter']	1	0
24HNTbd7Y2qVOCyzIosYi9	Nana Rogues	['uk hip hop']	1	1
0TkqXdyWLsssJH7okthMPQ	Jay Electronica	['alternative hip hop', 'conscious hip hop', 'drumless hip hop', 'hip hop', 'psychedelic hip hop']	1	1
5WY88tCMFA6J6vqSN3MmDZ	NELL	['k-rock', 'korean pop']	1	1
4N8BwYTEC6XqykGvXXlmfv	George Benson	['jazz funk', 'jazz guitar', 'smooth jazz', 'soul jazz', 'yacht rock']	1	1
4FqPRilb0Ja0TKG3RS3y4s	Steve Angello	['dutch house', 'edm', 'electro house', 'house', 'pop dance', 'progressive electro house', 'progressive house']	1	1
66AE89GQTx88zLYhXn1wFK	Sam Martin	[]	1	1
0fers4ali7VDMgoLnUncip	金志遙	[]	1	0
30b9WulBM8sFuBo17nNq9c	G-DRAGON	['k-pop', 'k-rap']	1	1
1kgxTtyF91VaqLD3J6Krd5	Hellberg	['complextro', 'gaming edm']	1	1
2OC4lXfGEKZkbmRCcf2vTq	Wanting	['mandopop']	1	1
6yQkMw2cRF9RstGdKlva32	Napa Cabbage	['chinese electropop']	1	1
0DRf6JJDQnRnz0Yp209CmH	Stadiumx	['dutch house', 'edm', 'electro house', 'pop dance', 'progressive electro house', 'progressive house', 'sky room']	1	1
41qil2VaGbD194gaEcmmyx	Will Smith	['hip hop', 'pop rap']	1	1
63gbXCha1jpkrJJ9K5gGpR	ELI	['german pop']	1	0
4Kxlr1PRlDKEB0ekOCyHgX	BIGBANG	['k-pop', 'k-pop boy group']	1	0
0pghUohLPptZWBasy2wmUx	THEY.	['trap soul']	1	1
2QlwnS23KrBeshXFyK5U6M	LVNDSCAPE	['deep tropical house', 'pop dance', 'pop edm']	1	1
5fWn9g8ERHtGKWdkAuomBx	Tessa Odden	[]	1	1
7hxYyECW5s96Y5qgZm135o	王倩倩	[]	1	1
5TgQ66WuWkoQ2xYxaSTnVP	Netsky	['belgian edm', 'dancefloor dnb', 'drum and bass']	1	1
0iEtIxbK0KxaSlF7G42ZOp	Metro Boomin	['rap']	1	1
6VD4UEUPvtsemqD3mmTqCR	Deorro	['dutch house', 'edm', 'electro house', 'melbourne bounce', 'melbourne bounce international', 'pop dance', 'progressive electro house']	1	1
3PtCud9dIdOv4exrzdZZ1C	MAKJ	['dutch house', 'edm', 'electro house', 'melbourne bounce', 'pop dance', 'progressive electro house', 'sky room']	1	1
3NKKngINK1tP6BFy0WOyWk	Max Styler	['brostep', 'tech house']	1	1
4mpD7eRd38R1tUcheDWrxQ	劉瑞琦	['mainland chinese pop']	1	0
5ykR03rHnFJ4GLD6ilaWD6	Shel Bee	[]	1	1
2y8Jo9CKhJvtfeKOsYzRdT	Rod Stewart	['mellow gold', 'soft rock']	1	1
5RJ60X53PX6NgZCCsYZ91Z	Bridget Cady	[]	1	1
7BFhldZR0Gpl3o5GrdWbUg	黄旭 | 艾熱	[]	1	0
03qDXpYN8RyxRwdcYnGE6S	张希	[]	1	0
1PFc84GHTYPL0G12JHh9Mc	Dannic	['dutch edm', 'dutch house', 'edm', 'electro house', 'pop dance', 'progressive electro house', 'progressive house', 'sky room']	1	1
7DyGjIiaZiLrfyrdbIsDEP	Polina Griffith	['deep uplifting trance']	1	1
4bazJLWIv8CuqmgxJRiGqo	Just Kiddin	['house', 'uk dance']	1	0
2lkCfFklQDBPlQzS4tR3VP	Tiffany Young	['k-pop', 'korean r&b']	1	0
3ApUX1o6oSz321MMECyIYd	Quinn XCII	['indie pop rap']	1	1
44eNlYXYkIGob3NU82tgLq	Daniel Wilson	[]	1	1
5ORE0ElD7HiONogJZzhKrS	PRODUCE 48	['k-pop', 'k-pop girl group', 'k-pop reality show']	1	0
3K2hOAx9MPhduvDf2qguro	Sandy Lam	['c-pop', 'mandopop']	1	0
3IpvVrP3VLhruTmnququq7	Mike Williams	['big room', 'dutch house', 'edm', 'electro house', 'future house', 'pop dance', 'progressive electro house']	1	1
1ZfQ36mfcgCDLzgie1Rn4W	BASTIAN	[]	1	1
2FF2nZHzYDwU1zlFCe8Id7	Veronika	[]	1	1
5H1nN1SzW0qNeUEZvuXjAj	Danny Ocean	['pop venezolano', 'reggaeton', 'trap latino', 'urbano latino']	1	0
1q8BvOdpOtapWOIgO26sOn	Andy Hui	['c-pop', 'cantopop', 'classic cantopop']	1	0
3khg8RDB6nMuw34w1IHS6Y	Jónsi	['icelandic pop', 'post-rock']	1	1
6iSZjc4kOoKZKiBXK5HbwD	El Chombo	['panamanian pop']	1	1
790FomKkXshlbRYZFtlgla	KAROL G	['reggaeton', 'reggaeton colombiano', 'trap latino', 'urbano latino']	1	1
4qDGDPGMIJuIvPfUGe0Ngg	Cutty Ranks	['lovers rock', 'old school dancehall', 'roots reggae']	1	1
1LRA33KHWT1pTbIQ2AjQFl	姚晨	['mainland chinese pop']	1	0
3JhNCzhSMTxs9WLGJJxWOY	Macklemore	['pop rap', 'seattle hip hop']	1	1
0b793YV9vVxAW2fyNOn71e	Young Juvenile Youth	['japanese alternative pop']	1	0
28DdkLhrzQNizZ0ExQpyku	Rizky Febian	['indonesian pop']	1	1
0EGFBbtWSqsqtoQIv5wGC0	Chandra Liow	['indonesian hip hop']	1	1
1W3FSF1BLpY3hlVIgvenLz	The-Dream	['dirty south rap', 'hip pop', 'r&b', 'southern hip hop', 'trap', 'urban contemporary']	1	1
38EmEgXkgK51MT2tPY0EoC	Bobby Helms	[]	1	0
2x7EATekOPhFGRx3syMGEC	The Knocks	['alternative dance', 'indie poptimism', 'nu disco']	1	1
3ioHf138TiMxYRCWmC8yJX	CoCo Lee	['mandopop', 'taiwan pop']	1	0
0lCnaAXCVtMY2wizkUfr3F	林文荪	['malaysian mandopop']	1	0
64ywHynl1UIFcpwJP0f1yF	徐真真	['chinese hip hop']	1	1
6cq8xunBaX6pr0wJJrPFhn	廖人帥	[]	1	1
4gOc8TsQed9eqnqJct2c5v	K/DA	['k-pop girl group']	1	1
0tRFWXqKBBQcu5oFVOgVzX	Jaira Burns	['alt z']	1	1
47mIJdHORyRerp4os813jD	League of Legends	['speedrun', 'video game music']	1	1
7vXDAI8JwjW531ouMGbfcp	TINI	['latin pop', 'pop argentino']	1	1
07YUOmWljBTXwIseAUd9TW	Sebastian Yatra	['colombian pop', 'latin pop', 'reggaeton', 'reggaeton colombiano', 'urbano latino']	1	1
5JIZFQ7EMAp257CdzKemXO	魏嘉瑩 Arrow Wei	['taiwan pop', 'taiwan singer-songwriter']	1	0
22JbAaWA5Abf5esf6N4PHY	Nana Ou-Yang	['taiwan classical performance']	1	1
3Gm5F95VdRxW3mqCn8RPBJ	Aminé	['pop rap', 'portland hip hop', 'rap', 'underground hip hop']	1	1
3KmgWrnClkfe5dMOZL7Hnq	Luji 黃莉	[]	1	0
1mNalEbDGiL0rHTGwagfr1	Jean Castel	[]	1	0
0rG7yyjd15xAQ3Z9SK4FU3	Koala Liu	['mainland chinese pop', 'mandopop']	1	0
5TrkbV9x6OdTBlzWPJeBz5	Youngr	[]	1	0
43BxCL6t4c73BQnIJtry5v	James Hype	['deep groove house', 'pop dance', 'uk dance']	1	1
7rrL3cuBnPUQyGIMCfyzpD	高爾宣	[]	1	1
5PeVQEj4Yr0TB9CuG83dPB	W.M.L	['chinese hip hop']	1	1
36nWYFJVxfbpEenzbQRPZr	黃小楨	['chinese indie', 'taiwan pop', 'taiwan singer-songwriter']	1	0
5XphhGbDCcHKn3Pz7ZbmQP	988 DJs	['chinese new year']	1	0
4m4Sfpmql8ARd1fMQtaYD9	高慧君	[]	1	1
6hkP84fpANIA89Nv3T9JSm	Jocie Guo	['mandopop', 'singaporean mandopop']	1	0
60sVnCJWU7WHTMSzK0HzPW	Danko	['slap house']	1	1
1IdnRkPNhDMUx70WTftWUC	2Choice	[]	1	1
3CjlHNtplJyTf9npxaPl5w	CHVRCHES	['indietronica', 'metropopolis', 'neo-synthpop', 'shimmer pop']	1	0
0UH0bCsT31JLsbLjFbVAWe	Scene Writers	[]	1	1
726MxZBpkxnnoKl6aN7mmj	Cookin' On 3 Burners	['bboy', 'instrumental funk']	1	1
5tsyYxrAHH054OcrZm8Nwm	許鈞	['chinese singer-songwriter']	1	0
7FNnA9vBm6EKceENgCGRMb	Anitta	['funk pop', 'funk rj', 'pagode baiano', 'pop', 'pop nacional']	1	1
79QO0Xmn1dZhvaLicS2Yrs	The Night Game	['modern alternative rock']	1	1
5xkAtLTf309LAGZTbvULBn	Ruel	['alt z', 'australian alternative pop', 'pop']	1	0
0NQJm4Wlz3rrDJGlQ28L81	Sophie Francis	['dutch house']	1	0
5wPoxI5si3eJsYYwyXV4Wi	N.E.R.D	['hip hop', 'virginia hip hop']	1	1
0oSGxfWSnnOXhD2fKuz2Gy	David Bowie	['art rock', 'classic rock', 'glam rock', 'permanent wave', 'rock']	1	1
6t9tbRO9Lv6Oq6xtVwfdrn	Theresa Rex	['scandipop']	1	0
45eNHdiiabvmbp4erw26rg	ILLENIUM	['edm', 'melodic dubstep', 'pop dance']	1	0
0CxNT2689kPeISWh2eLMZO	孫楠	[]	1	0
54gWVQFHf8IIqbjxAoOarN	AOA	['k-pop', 'k-pop girl group']	1	0
62gL3RAdJAPUmjrYudnVjy	Holly Brook	[]	1	0
7GR7ORS6VzaG0i9ge3ZHSM	張涵真	[]	1	0
3CBAfv5IxPSyPNilBTX4tP	Teamheadkick	['antiviral pop']	1	0
68CDnBF8bbSvuDIhLy0Dgv	E-SO	[]	1	1
3RIgMUtdfRx98Lm5bXM3GD	Wowkie Da	['chinese manyao']	1	0
6HiaU2gO4L3ATUDpmhdh9H	Paige Su	['taiwan indie']	1	0
0zFBdI3ErhNDcIPAKiGoL0	蔡恩雨 Priscilla Abby	['malaysian mandopop']	1	1
41DKMtAnhVo7aDeluAHDJg	MYRNE	['future bass', 'gaming edm', 'melodic dubstep', 'pop edm', 'singaporean electronic', 'singaporean pop', 'vapor twitch']	1	1
1IELhvOMg5VQlU7syRm6CS	CAZZETTE	['complextro', 'edm', 'electro house', 'pop dance', 'progressive electro house', 'progressive house']	1	1
6XhtzO9007cwYPNcxd8Br2	Morgan Bosman	['nashville hip hop']	1	1
2Zpr5JP4tgCdDQyxLkpSEu	汪定中	['taiwan singer-songwriter']	1	0
4UffC3o3JiLSg7pa5DpQbp	Mike Yung	['pop soul']	1	1
0ziR2zN0NFcB4x1G3P8cW3	VICTON	['k-pop', 'k-pop boy group']	1	0
36we9Nvk05alC8v82ZP0Uf	Cecilia Kallin	[]	1	0
7qG3b048QCHVRO5Pv1T5lw	Enrique Iglesias	['dance pop', 'latin pop', 'mexican pop']	1	1
3LaBw0YCv8D35w9AvePFtF	Aspyer	['russian dance']	1	1
4QfOh8rJ0OddhhXHD5QyWs	The Boy Next Door	['basshall']	1	1
20twLKFb2Nhd8duUH0k2DJ	Jake Gosling	[]	1	1
6INLZbPHXGj6ERrjFGPYD6	Di Ma	['chinese indie', 'chinese minyao', 'chinese singer-songwriter', 'taiwan pop']	1	1
6sFIWsNpZYqfjUpaCgueju	Carly Rae Jepsen	['canadian pop', 'dance pop', 'pop']	1	0
7KX5TRDqUeACXTZ1l9qbnS	Waysons	['gaming edm', 'swiss techno']	1	1
5GTkwiuc6ayldeGjQVAN4n	Marcus Chang	['taiwan pop', 'taiwan singer-songwriter']	1	0
45Dc572GdbJ6Guc8X3UW24	Mali-Koa	[]	1	1
4ea7xNjyK7siVnz3jU5cN2	張紋嘉	['cantopop']	1	0
6aNXXIGCTxVP98Mp1lafGq	Moon Chew	['singaporean mandopop']	1	0
5vhTlqgCUj3Z8IjxZCGvNO	夏寧杉	['taiwan singer-songwriter']	1	0
6VI0p0xTjBKKxQN8i8vGpD	Zooey Wonder	['chinese electropop', 'chinese indie', 'taiwan indie', 'taiwan pop']	1	1
66sjzM9FxtKdvvSnofiNbz	Scott Damn	[]	1	1
61pvU6ZLOF3bl0IOtbmME7	Emelie Hollow	['norwegian pop']	1	1
3aKYNxHBFiIcw0yrv06R6W	Blewbird	['chill house']	1	1
31hAyy3vaJnrYBCkWJdwHK	SLEO	[]	1	1
16nw1SG2XbnRNjigfVcyfY	Nick Chung	['chinese new year']	1	1
3BrG5EjjAeVzpHt5vT5Wk8	Stella Chung	['malaysian mandopop']	1	1
5TEhoZNKgbQGWFiJUMAjSn	Chang Yong 常勇	[]	1	1
3pervtv5Xlum5p1noOZgeJ	Chang Le 常乐	[]	1	1
1dtB0f9ektQ8LqVtu5DK7A	Susan Wen 温舒森	[]	1	1
1C9HV2OPfDYQwGr3zRtPxV	Benny	[]	1	1
36e7UrIdURMIW9UyOXWEFh	Pei San 林佩姗	[]	1	1
3oSJ7TBVCWMDMiYjXNiCKE	Kane Brown	['black americana', 'contemporary country', 'country', 'country road']	1	1
0b59cVa1STVENq3i7wkcHV	End of the World	[]	1	1
5snNHNlYT2UrtZo5HCJkiw	Epik High	['k-pop', 'k-rap', 'korean old school hip hop']	1	1
58O8UPrTdl4u2buM0skj94	Harrison	[]	1	1
1KkuALrf8T61dUSezl80Y4	Bobby Chen	['classic mandopop', 'mandopop', 'taiwan singer-songwriter']	1	0
7bW8KSa6v5oBJAjSO2xsmf	马吟吟	[]	1	1
21451j1KhjAiaYKflxBjr1	Zion & Lennox	['reggaeton', 'urbano latino']	1	1
0EmeFodog0BfCgMzAIvKQp	Shakira	['colombian pop', 'dance pop', 'latin pop', 'pop']	1	1
0vrYME4FwiyjUglMw5bU9a	CMO樂團	['taiwanese indigenous']	1	0
2PbU3CmXZmV6dPfzLONLIA	巴奈	['taiwan pop', 'taiwan singer-songwriter', 'taiwanese indigenous']	1	0
2KU7pJgPoJC3uwJRZPYQ8G	BATE	['malaysian indie']	1	1
7wLyGTO9vUS7ndlq4BvBGe	Blake Rose	['australian electropop', 'singer-songwriter pop']	1	1
3W1715uFRerp7Qyl7tK49F	Radio 3000	[]	1	1
1PnnRNGfichOAfPOn5mVyx	Sorana	['romanian pop']	1	1
2NqfVX6wBXzWKtZ6kWW4rc	蕭賀碩	['taiwanese pop']	1	0
085pc2PYOi8bGKj0PNjekA	will.i.am	['dance pop', 'pop']	1	1
3epKmTu8QPqArqY6gEVfyS	Alfred Sim	['mandopop', 'singaporean mandopop']	1	0
2r7POU2f5jV6x3k4vsNwrM	Fiora	['vocal trance']	1	1
5WHKBKrvTBMPoQX3v3Bq8J	Leah Nobel	['nashville singer-songwriter']	1	0
0uGk2czvcpWQA383Im6ajf	Maggie Lindemann	['alt z', 'dark pop', 'pop']	1	1
6Paz0vXJJ9bCPf0fEm3qzg	Dagny	['norwegian pop']	1	1
50kceDjknh0CjwOko7kx7V	Jewelz & Sparks	['big room', 'dutch house', 'electro house', 'progressive electro house', 'sky room']	1	1
7slfeZO9LsJbWgpkIoXBUJ	Ricky Martin	['latin pop', 'mexican pop', 'puerto rican pop']	1	1
3E6xrwgnVfYCrCs0ePERDz	Wisin	['reggaeton', 'urbano latino']	1	1
0eHQ9o50hj6ZDNBt6Ys1sD	Yandel	['latin hip hop', 'reggaeton', 'trap latino', 'urbano latino']	1	1
4K9aclpXgCPNFGEqRlFPal	Peter Manos	[]	1	0
3CbYyyd8wH3RT6t0jwpdzC	Murda Beatz	['canadian hip hop', 'canadian trap']	1	1
3XFcu2NnGWceLNdxRCfYH3	Taska Black	['bass trap', 'future bass', 'pop edm', 'vapor twitch']	1	1
1Q9KyQkc3vODeRt9OfItxl	Katie Pearlman	['gen z singer-songwriter']	1	1
7vWBZm3sQ8yQvfV4nXxHXK	Cris Cab	['indie pop rap']	1	1
5ndkK3dpZLKtBklKjxNQwT	B.o.B	['atl hip hop', 'dance pop', 'pop rap', 'rap', 'southern hip hop']	1	1
3oozCQCYqVbPY5OFD1xS9q	范玮琪	[]	1	1
6udveWUgX4vu75FF0DTrXV	TAEYANG	['k-pop', 'korean r&b']	1	0
6G7OerKc3eBO9sVkRNopFC	Cat Power	['art pop', 'indie rock', 'melancholia', 'singer-songwriter', 'slowcore']	1	1
28ExwzUQsvgJooOI0X1mr3	Jay Rock	['conscious hip hop', 'hip hop', 'rap', 'southern hip hop', 'trap']	1	1
53KwLdlmrlCelAZMaLVZqU	James Blake	['art pop', 'indie soul', 'indietronica', 'neo soul', 'uk alternative pop']	1	1
0Qnx1MPnHYt3jJCYrRFVwX	Greyson Chance	['post-teen pop', 'viral pop']	1	0
3HqQXlVVvoBiSiYRmyi1qV	Willemijn May	[]	1	1
3FfbgiZhcCkoiI7IzOwXlI	Ben Abraham	['indie anthem-folk']	1	1
7v4imS0moSyGdXyLgVTIV7	Nat King Cole	['adult standards', 'lounge', 'soul', 'swing', 'vocal jazz']	1	0
7x9dgKNOqskk2exnmjOEKo	Hello Nico	['taiwan indie']	1	0
1G3vilfBolaJG5yQVwUYx0	許魏洲	['mainland chinese pop']	1	0
3PTsVPijj4pjIol9yML0rK	Astro Bunny	['chinese electropop', 'mandopop', 'taiwan indie', 'taiwan pop']	1	0
3WHsy1Rq4vPEdRyo9P3a48	Bibi Zhou	['mainland chinese pop']	1	0
5PokPZn11xzZXyXSfnvIM3	Lifehouse	['neo mellow', 'pop rock', 'post-grunge']	1	0
2VqYDDzXfAdXmkJBdnwLon	橙草	['taiwan pop', 'taiwan post-rock', 'taiwan rock']	1	0
4qsJVo9DrBRnCzp3itrjdg	Miss Ko	['taiwan hip hop', 'taiwan pop']	1	1
0S2dfczvN0sOxEw559snHT	Tiggs Da Author	['uk hip hop', 'uk pop']	1	1
1rSGNXhhYuWoq9BEz5DZGO	ARTY	['big room', 'edm', 'electro house', 'pop dance', 'progressive electro house', 'progressive house', 'russian edm']	1	0
5aMmmNxw4vgpc5XC6hK0zp	The Calling	['neo mellow', 'pop rock', 'post-grunge']	1	0
26dSoYclwsYLMAKD3tpOr4	Britney Spears	['dance pop', 'pop']	1	0
5OLP6DfmnIg5itBG2UDNjd	Tan Weiwei	['mainland chinese pop']	1	0
6xvpfMjWTougrRRtK7iikz	Mason Ramsey	['contemporary country', 'country']	1	0
2WuKU0SYZOQyY3MmE4vtez	New Hope Club	['boy band']	1	0
6jV25rzTKQ2zMgrqHha1V5	CHANYEOL	['k-pop']	1	1
2FgZrgTMX6Sk0VNcOsEPmm	Punch	[]	1	1
6xErgeZYatiaQ36SB5bvi8	告五人	['mandopop', 'taiwan indie']	1	0
1uiEZYehlNivdK3iQyAbye	Tom Misch	['indie soul', 'jazz pop']	1	1
1he19XnDUahODrmRwKlC8w	Pets Tseng	['mandopop']	1	0
24jrxG0tKcwgAzsLuPzyMi	Namewee	['malaysian mandopop', 'mandopop']	1	1
4AD3pq7Rxp3tKxr0yGp0DS	Ayden	['dutch r&b']	1	1
5Unr8JbXE0x6Ec8slgzSaG	永邦	['singaporean mandopop']	1	0
5vM5uXrXIJ7vEao4Zs6Dak	邱詩凌	['malaysian mandopop']	1	0
3mBFvlqINbTNsRB6htlJEY	CHTHONIC	['folk black metal', 'oriental metal', 'symphonic black metal', 'taiwan metal']	1	0
13vV0TKkK0YP3599W0JwE5	Stanly Hsu	[]	1	1
3uGFTJ7JMllvhgGpumieHF	AILEE	['k-pop']	1	0
1Z7VMoFxsMu5ZbPJBq5zO8	嚴藝丹	['mainland chinese pop']	1	0
7K78lVZ8XzkjfRSI7570FF	José Feliciano	['latin pop', 'puerto rican pop']	1	0
4DNH6uc7RVIaceQrINfore	何潔	['mainland chinese pop']	1	0
2KwZ9xnULczo0Z7Y7Bp57R	Zhao Lei	['chinese minyao']	1	0
00TKPo9MxwZ0j4ooveIxWZ	Loote	['alt z', 'nyc pop']	1	1
5ejbZdon0riCxa7GyJNEAx	OHMYMEITING	['singaporean mandopop', 'taiwan pop']	1	0
1bZDq4po4dMIpN74Zendm0	Janieck	['dutch pop']	1	1
7wU2WGCJ8HxkekHHE2QLul	Fuego	['electro latino', 'rap dominicano', 'trap latino']	1	1
7yJiVdKWCHfsNtT8i0oLxH	Midi Yang	['taiwan singer-songwriter']	1	0
7fqDRFkiuwzFDde1K0taVs	Shakka	[]	1	1
2VAnyOxzJuSAj7XIuEOT38	AlunaGeorge	['electropop', 'house', 'uk dance']	1	1
67nwj3Y5sZQLl72VNUHEYE	Wale	['pop rap', 'r&b', 'rap', 'southern hip hop', 'trap']	1	1
0KEExJc1NKwmzJxQHbbkts	Leah Culver	['pop edm']	1	1
1gPhS1zisyXr5dHTYZyiMe	Kevin Gates	['baton rouge rap', 'rap', 'trap']	1	1
6uxDuPWsZwqC5tLhmoaAFZ	Joanna Dong	['jazz pop', 'singaporean mandopop', 'singaporean pop']	1	0
3b4kLCI0ZJW47TFsNRqgCb	SOYOU	['k-pop']	1	1
7eotA2FjlKFkWO94ilJb8p	王寶強	[]	1	1
6MXhu8pFqA61HG3j0MNpmq	劉昊然	[]	1	1
3Et3pMSYx6EQqSwadO4t3j	肖央	[]	1	1
0SRVbtvWMvpkgmSMv9aFjP	潘粵明	[]	1	1
2q4RscS67IWO0OfT5RWtqf	小瀋陽	[]	1	1
2IR8B5cVmFPB4DeYTtjPbe	張子楓	[]	1	1
7oiYU5piZs5UFgTsz97N61	牛奶白	['taiwan singer-songwriter']	1	0
62FaS5AarFCrus8LxSVKKW	teddy<3	['la pop', 'transpop']	1	1
1xT5p0VBpnZDrvVSjX9sri	Dash Berlin	['big room', 'dutch trance', 'edm', 'pop dance', 'progressive house', 'trance', 'uplifting trance']	1	1
1Idp9q1i8l6kfJsTMPOqr7	Dbstf	['dutch house', 'progressive electro house', 'sky room']	1	1
4ifktQAJDCwDBsEOi83LpU	Josie Nelson	[]	1	1
1PzPnGOwKcuM7f4KIZ7Tfr	Sadon	[]	1	0
2n3uDrupL8UtFSeZhY38MS	Andy Lau	['c-pop', 'cantopop', 'classic mandopop']	1	0
3dRfiJ2650SZu6GbydcHNb	John Williams	['orchestral soundtrack', 'soundtrack']	1	0
6s22t5Y3prQHyaHWUN1R1C	AJR	['pov: indie']	1	1
1Qx9W9TY2vPox7BS9urTlK	Lulu Huang Lu Zi Yin	['mandopop', 'taiwan pop']	1	0
5DnjOSzLCfn4hDbLECq8pt	Yang Da Il	['korean pop']	1	1
0FRUZvZNPzM3YJMABJxf2K	WENDY	['k-pop', 'korean pop']	1	1
3IJnqDCRtHFFaMniWZD0lt	左顏	[]	1	0
6PXS4YHDkKvl1wkIl4V8DL	Fetty Wap	['new jersey rap', 'pop rap', 'rap', 'southern hip hop', 'trap']	1	1
0pt7PX4Hftlg8mV1ySU84Q	CVBZ	['dark r&b']	1	1
3tVQdUvClmAT7URs9V3rsp	Wizkid	['afrobeats', 'afropop', 'azonto', 'azontobeats', 'nigerian hip hop', 'nigerian pop']	1	1
4h50ekU1ax70sX6deaIli9	RPG	['hong kong hip hop', 'taiwan hip hop']	1	1
5eIbEEQnDM8yuDVB0bimSP	RL Grime	['brostep', 'edm', 'electro house', 'electronic trap']	1	1
4exLIFE8sISLr28sqG1qNX	Travis Barker	['rap rock']	1	1
134GdR5tUtxJrf8cpsfpyY	Elliphant	['electropop', 'swedish indie pop']	1	1
3ioFBUCP8iypMaKnLkhRbJ	又仁	[]	1	0
4TEJudQY2pXxVHPE3gD2EU	BlocBoy JB	['memphis hip hop', 'rap', 'tennessee hip hop', 'trap']	1	1
6RM1EKaGdBtkXywu4k5Kql	過又嘉	['mainland chinese pop']	1	0
1xl4sy7NZQfzs3g1aRN6rt	棱镜	['chinese indie', 'southern china indie']	1	0
1qskAseW7apRxJBpYAO9Yk	Felix Snow	[]	1	1
0XGJ3GUPwslwFJ66yNbHeh	Trash Boat	['anthem emo', 'easycore', 'pop punk', 'uk pop punk']	1	0
1c22GXH30ijlOfXhfLz9Df	Elvis Crespo	['latin pop', 'salsa', 'tropical']	1	1
1bkpTEmumLC3xc7HgMsttU	INFINITE	['k-pop', 'k-pop boy group']	1	0
6hhqsQZhtp9hfaZhSd0VSD	WJSN	['k-pop', 'k-pop girl group']	1	0
4we5S2VLjgY9KzIzApL1KI	Ryan Tedder	[]	1	1
5jSVLmsy6qY87JIaqWTGY0	张紫豪	['chinese viral pop', 'mainland chinese pop']	1	0
3gWrqVNUebQF7alIH0bzZ8	Kaela Sinclair	[]	1	1
2Hjj68yyUPiC0HKEOigcEp	Jesse McCartney	['dance pop', 'pop', 'post-teen pop']	1	0
3RWZ5FYjY00IPNftsmUJwu	K ONE	['taiwan idol pop', 'taiwan pop']	1	0
2RDXcxQgmEyomb2g9SERuf	LöKii	[]	1	1
1YmWActCNjKmuIz1TSgSRx	林凡	['mandopop']	1	0
3rIZMv9rysU7JkLzEaC5Jp	Snow Patrol	['irish rock', 'modern rock', 'neo mellow', 'permanent wave', 'pop rock']	1	0
1uIyf5UCDHRw5UYJVGbIf8	Yico Tseng	['chinese indie', 'chinese singer-songwriter']	1	0
4utLUGcTvOJFr6aqIJtYWV	Skylar Grey	['piano rock', 'viral pop']	1	0
6aLdhHUqgdKE86xbtNmY8g	Crush	['k-pop', 'korean r&b']	1	1
3g34PW5oNmDBxMVUTzx2XK	Lovelyz	['k-pop', 'k-pop girl group']	1	0
5DTtgGONBb7nQ44ACBprnp	劉虹翎	[]	1	1
0YrtvWJMgSdVrk3SfNjTbx	Death Cab for Cutie	['alternative rock', 'chamber pop', 'indie rock', 'indietronica', 'modern rock', 'seattle indie', 'washington indie']	1	0
6rLWD5vrN1ZaNU0peuEH7t	Tom Hangs	[]	1	1
4Siyzg8kWayQfPQsPSl6JI	Shermanology	['dutch house']	1	1
5lpH0xAS4fVfLkACg9DAuM	Wham!	['new romantic', 'new wave', 'new wave pop', 'soft rock']	1	0
7uSnXddSw3Vrj8tM7tynMy	有感覺	['taiwan pop']	1	0
13saZpZnCDWOI9D4IJhp1f	Lily Allen	['dance pop', 'electropop']	1	0
3eqjTLE0HfPfh78zjh6TqT	Bruce Springsteen	['heartland rock', 'mellow gold', 'permanent wave', 'rock', 'singer-songwriter']	1	0
0FOWNUFHPnMy0vOw1siGqi	Belly	['canadian hip hop', 'canadian trap']	1	1
6mD1yBbRRaHY6AFij0f7BV	M Shang Xue Yuan M 商学院	['chinese new year']	1	0
6PHIK3kjWggLtVygsOtpqS	Suede	['britpop']	1	0
0eBOZ74PcpQb3SisNPgaRQ	Jake Reese	['dutch pop']	1	1
5QuBVnBPEzwYvFrgBbwpmU	Empress Of	['art pop', 'electropop', 'escape room', 'etherpop', 'shiver pop']	1	1
7tfG648hl50GPOuyHNBBDc	Meisin Tan	[]	1	0
0mXXLFHmd5bUHxkzaC9ujw	The Sam Willows	['singaporean pop']	1	0
6C1ohJrd5VydigQtaGy5Wa	Joyner Lucas	['boston hip hop', 'hip hop', 'pop rap', 'rap']	1	1
3uyDATzOGjbGCts7v2eszk	MISIA	['j-pop']	1	0
6oYvpkS6pM9ts4nbXRaINg	Vinida Weng	['chinese hip hop']	1	0
04O00MEN0lHEKWTwRjb1nS	THRDL!FE	['uk dance']	1	1
188VINPQh5dyNfLUkevKqf	Olivia Holt	['alt z', 'post-teen pop']	1	1
2ARMyGCQMOW3cYhfdjefwX	管罄	[]	1	0
2DuJi13MWHjRHrqRUwk8vH	Knife Party	['australian dance', 'brostep', 'complextro', 'edm', 'electro house', 'moombahton', 'pop dance']	1	1
0lLY20XpZ9yDobkbHI7u1y	Pegboard Nerds	['brostep', 'complextro', 'danish electronic', 'edm', 'electro house', 'glitch', 'speedrun']	1	1
7o9Nl7K1Al6NNAHX6jn6iG	Travie McCoy	['pop rap']	1	1
65vGP1LsuRkXkDejpfsvnn	Wu Jia Hui	['malaysian mandopop']	1	0
0WOxhx4hikIsyF3CRPLC8W	Famous Dex	['chicago rap', 'drill', 'rap', 'trap']	1	0
3A8Sb8zHKRoN7f0V5Av3WH	Julian Banks	[]	1	1
6xQvQwZQQuq9R3TdPNbcR8	Bassjackers	['dutch house', 'edm', 'electro house', 'pop dance', 'progressive electro house']	1	1
4b8dLpJgJpNQYzu4AtXLt3	RØMANS	['uk pop']	1	1
0uACZsEjhdBY6LIzObQ85X	缪如婷（1022）	[]	1	0
7LOmc7gyMVMOWF8qwEdn2X	SF9	['k-pop', 'k-pop boy group']	1	0
6FBDaR13swtiWwGhX1WQsP	blink-182	['alternative metal', 'modern rock', 'pop punk', 'punk', 'rock', 'socal pop punk']	1	1
3lwPzq3sT3tucaO1F6sDw7	Haneri	['singaporean pop']	1	1
0RMeG9M8QFzss9bAbq99KA	Maddix	['big room']	1	1
757aE44tKEUQEqRuT6GnEB	Roddy Ricch	['melodic rap', 'rap', 'trap']	1	1
2YYAp30sXeDAKiTLMfKGTT	The NGHBRS	['la pop']	1	1
6741WxQXaxHj7uXDH7Y5IY	盧學叡	['mandopop', 'taiwan pop']	1	0
02A3cEvlLLCbIMVDrK2GHV	Starley	['aussietronica']	1	1
2fTfS7krIHHUCF6dRQmbkG	ORKID	[]	1	0
5v5S1It3qh2HHacQj24HO2	林宇中	['malaysian mandopop', 'mandopop']	1	0
6IhG3Yxm3UW98jhyBvrIut	Tekno	['afrobeats', 'afropop', 'azontobeats', 'nigerian hip hop', 'nigerian pop']	1	1
05oH07COxkXKIMt6mIPRee	Brandy	['contemporary r&b', 'dance pop', 'hip pop', 'r&b', 'urban contemporary']	1	1
7kMyDVBst44rpdogfXhUrk	Karlyn	['dutch pop']	1	1
2mpeljBig2IXLXRAFO9AAs	Dido	['dance pop', 'europop', 'lilith', 'neo mellow', 'pop rock']	1	0
1CO6e7WRJvSFenmQO8n64C	Zhavia	['post-teen pop']	1	1
7CyeXFnOrfC1N6z4naIpgo	The Ronettes	['brill building pop', 'classic girl group', 'motown', 'rock-and-roll']	1	0
3XC57xz74X3xUi1hv4mge1	Winona Oak	['swedish pop']	1	1
3qBKjEOanahMxlRojwCzhI	Zacari	[]	1	1
6auWB5YAlcKaHyrbTH66nd	No Rome	['indietronica']	1	1
6HD2mo0Gz8wd8IbOXYwUfN	Daniel Merriweather	['australian pop']	1	1
3UAk61T8PItbpgEi9u7ofY	Andrew Belle	['acoustic pop']	1	0
1nhSLEYdoBHG6cJ8NDwoF1	Fickle Friends	['gauze pop', 'indie poptimism', 'metropopolis']	1	0
1icD6XHYvJ381imDgXexLD	PiA	['taiwan pop']	1	0
7iymigONRODGl6XJIprcuF	Jocelyn Alice	['canadian electropop']	1	1
6M3rM8BCMy3eJvb9CwUdc0	呂莘	[]	1	0
01u3qI3xMGFvktXyRSMGRZ	Vicky Chen	['mandopop', 'taiwan singer-songwriter']	1	0
1qGohIp3a4kh1Euymx0pyL	Ocean Park Standoff	['la pop']	1	1
6OiFtK426XJWnOJ2HYlSbf	Claire Kuo	['mandopop']	1	0
49VtaZvoqBgZHQxSqlCUyp	SMTOWN	['k-pop']	1	0
39oQK5CtIHrU6EuaWtJpnU	Ku De Ta	['deep groove house']	1	1
4kwEd1P9j15ZqUVP5zK7Pv	Joe Stone	['deep groove house', 'house', 'pop edm']	1	1
0tlyRkMBhTczE7WwefhApo	Sylvia Mwenze	[]	1	1
6dC0rIJNLSFZwqckLgXJ8p	Timeflies	['indie pop rap']	1	0
6wcoqJ63l11D2yV9ViqIZA	DJ SODA	['korean electronic']	1	1
3yJLZoq3Ra2VmSW5teVgih	Walshy Fire	['instrumental funk']	1	1
0bObTU9Si7hLZYO0tx32bb	Tracy Wang	[]	1	0
5pDjmC5mRl7vDJhsjVwNfk	Freya Ridings	['uk pop']	1	0
3HpY7uetNtkxJwZi72PVBZ	中國娃娃	[]	1	0
4sj6D0zlMOl25nprDJBiU9	Andy Williams	['adult standards', 'easy listening']	1	0
2lolQgalUvZDfp5vvVtTYV	Tony Bennett	['adult standards', 'easy listening', 'lounge', 'vocal jazz']	1	0
7Io0XduXk7aOHFHA7sLru2	Bonn	['swedish pop']	1	1
58zxP6GCS8BiqUSvGDGOCW	伊雪	[]	1	0
5exS0bytCYdixgv02DaCm3	William Singe	[]	1	1
4x1nvY2FN8jxqAFA0DA02H	John Lennon	['beatlesque', 'classic rock', 'rock']	1	1
0vneleczrRRNPF1vj0x0vy	The Harlem Community Choir	[]	1	1
4m2kfAHEnK7Z7qLGxeWtro	The Plastic Ono Band	['beatlesque', 'experimental rock']	1	1
2s4tjL6W3qrblOe0raIzwJ	Yoko Ono	['experimental', 'experimental pop']	1	1
58lV9VcRSjABbAbfWS6skp	Bon Jovi	['glam metal', 'rock']	1	0
3Bcg8cxXx8mq3GpWYqsucH	SJIN	['taiwan hip hop']	1	1
2nZ18B9RTjJH56v2NTnNAI	Leanne & Naara	['pinoy city pop', 'pinoy indie']	1	0
50sSN9E5i4DJzYDclAXlSo	Anna Calvi	['art pop', 'chamber psych']	1	0
29ibHHnJskS7wMkxHuI3f1	麻吉弟弟	['chinese hip hop']	1	0
0GG2cWaonE4JPrjcCCQ1EG	SG Lewis	['indie soul', 'uk dance', 'vapor soul']	1	1
3l0CmX0FuQjFxr8SK7Vqag	Clairo	['bedroom pop', 'indie pop', 'pop', 'pov: indie']	1	1
6lErCMDS7E9Dv2oo8uVDnP	Feng Timo	['mainland chinese pop']	1	1
0PjwjckyZwud4p7iAIcspa	Niko Sun	['mainland chinese pop']	1	1
20JZFwl6HVl6yg8a4H3ZqK	Panic! At The Disco	['pop']	1	0
5ecXGNDkVKndKd0lvODR89	Daniel Lo	['classic mandopop']	1	0
5gw5ANPCVcxU0maLiGRzzP	Billy Raffoul	['canadian pop']	1	1
0tmwSHipWxN12fsoLcFU3B	Manuel Turizo	['colombian pop', 'reggaeton', 'reggaeton colombiano', 'trap latino', 'urbano latino']	1	1
4bq18ACyIRmH97uzCqrAEx	歐得洋	[]	1	1
7JM5mZKgSaGtDNvnJVuUc2	xumingming	['mainland chinese pop']	1	0
2ojEZEmcQVC3vLNpcoo9rJ	Noah Neiman	['progressive uplifting trance', 'sky room']	1	1
3LU5ho1MrktZxpRBGYPISK	Miranda Glory	[]	1	1
4VNQWV2y1E97Eqo2D5UTjx	Gorgon City	['future garage', 'house', 'pop dance', 'uk dance']	1	1
3ijd7T9kkzgvfx1az6Z3wj	Yungen	['afroswing', 'grime', 'london rap', 'uk hip hop']	1	1
29Ukw6Kx8IyOABZFklKpaX	Supper Moment	['cantopop']	1	0
06pOiLQFpaN1PSNiLk1gf1	林瑪黛	['chinese electropop']	1	0
3MbrazQE12UdSdFunXcft1	Loren Gray	['social media pop']	1	0
2hPgGN4uhvXAxiXQBIXOmE	KIDS SEE GHOSTS	['rap']	1	0
47HDctOOygEgsOmAoX08uq	孫雪寧	[]	1	0
20wkVLutqVOYrc0kxFs7rA	Daniel Caesar	['canadian contemporary r&b']	1	1
3Y7RZ31TRPVadSFVy1o8os	H.E.R.	['r&b', 'rap']	1	1
4j5KBTO4tk7up54ZirNGvK	NERVO	['australian dance', 'dutch house', 'edm', 'electra', 'electro house', 'house', 'pop dance', 'progressive electro house', 'progressive house']	1	1
1xNeaOaf8khvhnxCU4TWcJ	LUX	[]	1	1
6GvQJnPSXsAGPLRfoqfTfK	Gen Neo	['chinese electropop']	1	0
18006kpQI473m1ICcpimQ9	22Bullets	['sky room', 'slap house']	1	1
3qXWWITvZcTD1M2QmXszJK	Brandon Chase	['acoustic chill']	1	1
0cTSCsVx04SSht9V6cpKN0	Mavis Staples	['black americana', 'soul', 'southern soul', 'spirituals']	1	1
2xDZ8qyyE2Ti4wL1Ob1T7V	Hanne Mjøen	['melodipop']	1	0
59KQTERLpPa7M0F25fRH6V	Dinah Jane	['post-teen pop']	1	1
7Ln80lUS6He07XvHI8qqHH	Arctic Monkeys	['garage rock', 'modern rock', 'permanent wave', 'rock', 'sheffield indie']	1	0
5v8ZROs9c26k4yGMxUkebt	Jack Wins	['deep groove house', 'house', 'pop edm']	1	1
1Bztk1lPSvwiBJCujObyxU	Caitlyn Scarlett	['alt z', 'vapor pop']	1	1
2LGU3PxihjIK5SUeCVcdFl	ISÁK	['sami']	1	1
5paQT78PtTz59108hibz4G	Omar Noir	['norwegian hip hop']	1	1
1DNci4XjJlglg629j3yO5n	Ella Chen	['mandopop']	1	1
3iN9k8uvm4WrgdlOigOH8D	Hook N Sling	['australian dance', 'progressive electro house']	1	0
6UE7nl9mha6s8z0wFQFIZ2	Robyn	['dance pop', 'electropop', 'neo-synthpop', 'scandipop', 'swedish electropop', 'swedish pop']	1	0
4xgFgBZ7CRtgtHcziClOwQ	MOGUAI	['dutch house', 'edm', 'electro house', 'german techno', 'pop dance', 'progressive electro house', 'progressive house']	1	1
0bMKf3lIYR9GaNTdFKkTOr	Zonderling	['dutch house', 'electro house', 'progressive house']	1	1
3BJAJVcwKlhMY94sZ4HGTI	Jing Bo Ran	['taiwan pop']	1	0
2Rimf9z3oYDBeszSXFACRR	Daniel Everidge	['show tunes']	1	1
61ipISvUVa5LkJlKZnm3Oo	Alle Farben	['deep euro house', 'german dance']	1	1
07FfkbljNIdl45Ijlh1aXS	RHODES	['indie anthem-folk', 'uk pop']	1	1
2p1fiYHYiXz9qi0JJyxBzN	Skepta	['birmingham grime', 'grime', 'instrumental grime', 'uk hip hop']	1	1
1zC5fndU0aEvINmBra2M3T	Shungudzo	['la pop']	1	1
7BGR8y1VZAWK2oR4zD9COr	Protoje	['modern reggae', 'reggae']	1	1
5QsqiLFA5Z2gmpKBbxQB2j	Hak Baker	['london indie']	1	1
6jNwV0P142cXxXanOl9Ylo	APEK	['pop edm', 'sky room']	1	1
5sp1KhgKd6NVt83alP5T7G	Meron Ryan	[]	1	1
3EOEK57CV77D4ovYVcmiyt	Dennis Lloyd	['israeli pop']	1	0
1ooV8YZC1KbpEcrmI8WH0F	Yebba	['pop soul']	1	1
0ukgrNYk51TkMQr0f2Br4Q	Maverick Sabre	['irish hip hop']	1	1
2n0GSIjJNATwgaBGC3GwpH	秦四風	['chinese jazz', 'chinese soundtrack']	1	1
3ytV7vc4ZuwGgwaOuWvkk8	MINO	['k-pop']	1	0
2EMAnMvWE2eb56ToJVfCWs	Bryson Tiller	['kentucky hip hop', 'r&b', 'rap']	1	1
0vqJkZ0RpLZixt3lTmD8vP	Whethan	['electropop', 'hyperpop', 'rage rap']	1	1
4XpUIb8uuNlIWVKmgKZXC0	ZICO	['k-pop', 'korean r&b']	1	1
6NEekR0i3JC1r4BntSjskE	Call Me Loop	['alt z', 'uk pop']	1	0
1MIVXf74SZHmTIp4V4paH4	Mabel	['pop', 'uk pop']	1	1
2o9hRZ3xI27UQpHT61A4Mm	Kojo Funds	['afroswing', 'grime', 'uk dancehall', 'uk hip hop']	1	1
4iaTgZRy5aVnImDyRJn61n	James Newman	[]	1	1
1X6cBGnXpEpN7CmflLKmLV	Kizz Daniel	['afrobeats', 'afropop', 'azontobeats', 'nigerian pop']	1	1
1LKo6ZA3RNvKtLa6zDu32S	Kranium	['basshall', 'dancehall']	1	1
10z1encznooAmUFZ5eJvTo	豬頭皮	['taiwan experimental']	1	0
0YQmcNgfnoqxBMJ8dcw3Eh	Initial Talk	[]	1	1
3n2H1XlCyS1WQ0vyVUFEma	YULTRON	['speed house']	1	1
4XDi67ZENZcbfKnvMnTYsI	Jay Park	['k-pop', 'k-rap', 'korean r&b']	1	1
7yZC6AEhvCD5NFR8yDUxCG	Riley Clemmons	['ccm']	1	1
6Y20PijIkUoCtuvtkz37dO	Austyn Johnson	['show tunes']	1	1
0nFUCMGlkx1lMZnHL6ArVJ	Cameron Seely	['movie tunes']	1	1
3NDd4Jte97ZCYqZBEQbs23	Theron Theron	[]	1	1
3rjHIPFed2qITXAWvArRtp	Iselin	['norwegian pop']	1	1
14rP13jdQNgQvuPA2AkBgm	Glades	['indie electropop', 'indie poptimism', 'metropopolis']	1	0
4iFznCrxI2nlVer46cgvWG	Gary Yang	['taiwan pop']	1	1
5MouCg6ta7zAxsfMEbc1uh	OMI	['reggae fusion']	1	1
1lc8mnyGrCLtPhCoWjRxjM	Flight Facilities	['aussietronica', 'australian dance', 'australian indie', 'indietronica', 'nu disco']	1	1
5H9Gv8Ld3MwtWDm832KCAo	NÏKA	[]	1	1
1B4oJCqebuhNtrTkh40TiW	蔡孟臻	['mandopop']	1	0
1LPxNXrOt487OOQfO6aJtJ	Saddle Up	[]	1	1
2NivA846rFNy5zmDNa5P3o	Soldiers	['long island punk']	1	1
4r8aPgKaOI5q9Z89MUxceR	HauYun Lo	[]	1	0
6Z4puj0KYgtcxJrVXKmvBX	Sharaya J	['jersey club', 'new jersey rap']	1	1
5wtspqsX3OxPu1JTRQTqus	Yokez	['singaporean mandopop']	1	0
6ecCKgLAz7k8XXStl7QIet	深白色2人組	['taiwan pop']	1	0
2HFuviZiAYhouKgvRX0y45	Chantel Jeffries	['kentucky hip hop', 'la pop']	1	1
0GeeIVcvGA8GSlWsoY1dkG	Vory	['kentucky hip hop', 'trap soul']	1	1
5Uw3hCC51pNjdsD2MOs72K	Shiga Lin	['cantopop']	1	0
5XjRRITmUnTJXsOYjfbOlD	Rén with the Mane	[]	1	0
0daugAjUgbJSqdlyYNwIbT	Vicetone	['edm', 'electro house', 'pop dance', 'progressive electro house']	1	0
6FgvbauqkRDLhAB6Jv8HWK	齊晨	[]	1	0
0j5DVkW6l0sm9e8V4NZlfE	Hanz 郭文翰	['malaysian mandopop']	1	0
55WwHAHZZasWq8QM0LF5JR	好妹妹	['chinese minyao']	1	0
3vxULhUP4OkN0NBj3JTEU6	張玉華	['singaporean mandopop']	1	0
3vbKDsSS70ZX9D2OcvbZmS	Beck	['alternative rock', 'anti-folk', 'permanent wave', 'rock']	1	0
3QqfVzxuNbMhDVQnrQhsCC	茶凉粉	[]	1	0
2zzpznMuhKlKlqh1ma7Sms	Dakota	[]	1	0
4KlJ4K0jn4ld9m4549DQvM	RØEY王若羽	[]	1	1
1fSwGqFHviiojjXYgAQkeh	Nike Chen	[]	1	1
4TrraAsitQKl821DQY42cZ	Sigrid	['norwegian pop']	1	0
2QOj4jFuDei3DWSkDHfWTm	GBOYSWAG	['chinese electropop', 'taiwan pop']	1	0
2HkAI0YrEcgoR8QdaURqhO	Dimitri Vegas	['belgian edm']	1	1
08VvDNRmZUZ99QZb63qXgU	Vera Yen	['taiwan singer-songwriter']	1	0
4SXx5pMoj7uGi1WPcZhvXA	大支	['taiwan hip hop']	1	1
6G8I4rDBsRyYXqgvhvNZIt	Barry	[]	1	1
3WKrI3XoAOlmHlR9cl6M11	Sticky Rice	['taiwan indie', 'taiwan pop']	1	0
50DjkxUjr341CAWEf6mEXS	Sandee Chan	['chinese indie', 'mandopop', 'taiwan indie', 'taiwan pop', 'taiwan singer-songwriter']	1	1
4BzCdhJTyTS3gumq9xmymb	ayokay	['electropop', 'indie electropop']	1	1
3qDMrpZHtZEtVl5i1l7hP3	Nightly	['hopebeat']	1	1
4Rxn7Im3LGfyRkY2FlHhWi	Nick Jonas	['dance pop', 'pop']	1	1
1g1yxsNVPhMUl9GrMjEb2o	Plain White T's	['modern rock', 'neo mellow', 'neon pop punk', 'pop punk', 'pop rock']	1	0
5YGY8feqx7naU7z4HrwZM6	Miley Cyrus	['pop']	1	1
3TOyRHj6rptXMN5F97Fpuq	Ghosted	['pop edm']	1	1
6oSTtYd3B3OJubFU8mVhHQ	JHart	['uk pop']	1	1
0CjWKoS55T7DOt0HJuwF1H	Bipolar Sunshine	['gauze pop']	1	1
7bNqXqIrIfwJnipx7oGeU4	Sevenn	['brazilian edm']	1	1
1frSJ3BwjRHE9jgMRQV5wC	Zookeepers	['bass trap']	1	0
63tzlZxY9iaOeUnmGfwlyA	Sue	['chinese singer-songwriter', 'mainland chinese pop']	1	0
5eeqklRzIiu6Dxnhff2VIX	Sweety	['mandopop', 'taiwan idol pop']	1	0
6l3HvQ5sa6mXTsMTB19rO5	J. Cole	['conscious hip hop', 'hip hop', 'north carolina hip hop', 'rap']	1	0
1Ejjxuav6kpsSyb6QIhjHa	Selva	['brazilian edm']	1	1
1kDqy7SpqyJ7aZi7cqSBis	Blood Cultures	['new jersey indie']	1	1
0oeUdHJ3cy1oveb8WguJJt	OTR	['stutter house']	1	1
0dpiMnuJcfuvZFlGWaQ7tR	TOR Saksit	['thai pop']	1	1
4PVn1b2WnnXdq80C7uaZLZ	Nause	[]	1	1
04HqRx07Bv9gh7rsrMTqs7	Miss Li	['classic swedish pop', 'swedish pop']	1	1
1vWImodgVqIgTUkekGEfR9	Dave Audé	[]	1	1
6d47Z08T4snK50HgTEHo5Z	Sage The Gemini	['hyphy', 'pop rap', 'southern hip hop', 'trap']	1	1
1opXC6lrFxsiDks53X5d3Q	AGA	['cantopop']	1	0
719QNv2dpubOiMYaxydbVq	Outlander	['chinese hip hop', 'taiwan pop']	1	1
1hLOgXKqcCmHmN3GCfYFu8	Kelly 家蓁	['taiwan pop']	1	0
0dtmYDbYpwcdHPBI1OJatT	Hugh Grant	['hollywood']	1	1
74tNiaBNZ0L0B4bu0lF6r1	Haley Bennett	[]	1	1
6PWJWwEm8BSBFAIAUWlwe4	Boon Hui Lu	['mandopop', 'singaporean mandopop', 'singaporean pop', 'singaporean singer-songwriter']	1	0
5n69lhq7BLWqnSjJgNPRh4	Quinn Lewis	['singer-songwriter pop']	1	1
5Y8eJDj37KhaEeqbVO7Ag1	PRETTYMUCH	['boy band', 'pop']	1	0
3Lz3vEN23Fw0hIelrYEzUD	EXO-CBX	['k-pop', 'k-pop boy group']	1	0
1ClmHgLorY9RUCIvsTdT7A	BEKA	['uk pop']	1	1
4wFuWGEWjHjTmZOtBp8cnW	Tifa Chen	['mainland chinese pop']	1	0
1AZC6jC2Y5aQPeMWfVAqon	Chris Yu	['classic mandopop', 'mandopop']	1	0
5obQFNrkFoWB51hm1JTHMw	Jamie Principle	['chicago house', 'classic house']	1	1
7IlaL1yIgTlQHkjjGk7nzR	理化兄弟 P.C.B.	[]	1	1
6tNSJm7zWDLBmAh8dXXSzW	Years	[]	1	1
1snhtMLeb2DYoMOcVbb8iB	Kenshi Yonezu	['anime', 'j-pop']	1	0
7cVZApDoQZpS447nHTsNqu	LeeHi	['k-pop']	1	0
02HxKYok5WEBGvjaQbmEgR	JohnnyBug Chen	['chinese soundtrack']	1	0
0NIIxcxNHmOoyBx03SfTCD	Tinashe	['alternative r&b', 'dance pop', 'metropopolis', 'pop', 'r&b', 'urban contemporary']	1	0
3XlASyLS4HSUX3inS3tIc1	Jeremy Renner	['hollywood']	1	1
28l9aQZN7Fgi4YbkxOV5oX	劉星冶	[]	1	0
7wFDo161xYdeaiLz3KIHoM	Gallant	['alternative r&b']	1	1
5dHt1vcEm9qb8fCyLcB3HL	A$AP Ferg	['hip hop', 'pop rap', 'rap', 'southern hip hop', 'trap']	1	1
0Ek89uaJyo6NfWK22awFvI	VanJess	['alternative r&b']	1	1
0eE9vdJzy60t44Vt6t4s47	罗文裕	[]	1	0
6nBujjA6fus37LVZEqEULp	Cosmos & Creature	['la pop']	1	0
6Ff53KvcvAj5U7Z1vojB5o	*NSYNC	['boy band', 'dance pop', 'pop']	1	0
4HSNlnxUGI3Rev92Ja7Ol2	Jeric	['singaporean mandopop']	1	0
4NZvixzsSefsNiIqXn0NDe	Maggie Rogers	['indie pop']	1	0
3QUOtWgmuxFyae4C0Q0thd	ABIR	[]	1	1
22j9nZBNA3gf1Yo04D9oam	Shane Cao	['mainland chinese pop']	1	0
7jy3rLJdDQY21OgRLCZ9sD	Foo Fighters	['alternative metal', 'alternative rock', 'modern rock', 'permanent wave', 'post-grunge', 'rock']	1	0
1jhdZdzOd4TJLAHqQdkUND	Jamie Lawson	['devon indie', 'indie anthem-folk']	1	0
2JhAlkmukNvarUpGhTFXUQ	KARD	['k-pop']	1	0
2019zR22qK2RBvCqtudBaI	OH MY GIRL	['k-pop', 'k-pop girl group']	1	0
1ackd5XprZEkH3McKbQD51	Juan Magán	['electro latino', 'spanish pop']	1	1
6S3tOdgtc5qz16hwmMjEBN	LUCAS	[]	1	1
7FOb8fwCcjHjKlIlEZk6go	LCAW	['deep tropical house']	1	1
75fIuwXxhZ1atNzWLMrgF0	Tyler Bates	['orchestral soundtrack', 'soundtrack']	1	0
1mfzcypCggFwpCJ1gmi8BK	Gary Chaw	['malaysian mandopop', 'mandopop']	1	0
3qs5OOuNyNxW1JGhfdgnUI	The Life Journey	['chinese indie', 'chinese indie pop', 'southern china indie']	1	0
6VoRokuki5Bj7BEB2gZ3BF	Los Unidades	[]	1	1
6Ja6zFB5d7XRihhfMo6KzY	Jozzy	[]	1	1
0Aemly9h57T2sLKpkNq409	LOOPERS	['dutch house', 'electro house', 'progressive electro house', 'sky room']	1	1
6PefeNwACgFmAXbcQmVknr	Jony J	['chinese hip hop']	1	1
1ePKusBFWRSZ7ljw3e8P7S	安琥	['mainland chinese pop']	1	0
5TnQc2N1iKlFjYD7CPGvFc	DAY6	['k-pop', 'k-pop boy group']	1	0
76VXzM3ZwArGLOJhqWUDP4	Shio	['malaysian mandopop']	1	0
43ZHCT0cAZBISjO8DG9PnE	Elvis Presley	['rock-and-roll', 'rockabilly']	1	0
7z2avKuuiMAT4XZJFv8Rvh	Tom Walker	['indie anthem-folk', 'uk pop']	1	1
3v6Ji4uoWtKRkhuDUaxi9n	Dynoro	['edm']	1	1
1OAjDaKgg00KCUYqDe68un	Gigi D'Agostino	['eurodance', 'italo dance']	1	1
0zjNCSqeDIxn63crtDx7G2	Richie Jen	['classic mandopop', 'mandopop']	1	0
6gK1Uct5FEdaUWRWpU4Cl2	Petit Biscuit	['new french touch']	1	1
6J3RPKUwZlKMzh3vWa9wPc	Skott	['indie electropop']	1	1
3T0fMfxYBU3q9oAUAdPIsr	HIGHLIGHT	['k-pop', 'k-pop boy group']	1	0
5MEHQvTW53C0ccsuxdZobQ	Niniola	['afrobeats', 'afropop', 'nigerian pop']	1	1
7CPmN6xt4j0DrJrvLGhZpL	IPIS蟑螂	['taiwan pop']	1	0
282CGVJs6pYcEgfGyIeYdG	Christy Dignam	[]	1	1
3qm84nBOXUEQ2vnTfUTTFC	Guns N' Roses	['glam metal', 'hard rock', 'rock']	1	0
7CEGCiUDMO8Xr257mqIJl2	Tay Kewei	['singaporean mandopop', 'singaporean pop', 'singaporean singer-songwriter']	1	0
7oNtf1MwhHcyXRsYXE1WsG	Aazar	['electro house', 'electronic trap']	1	1
0Awqm7GXGiBp8fJNGvywra	理想混蛋	['mandopop', 'taiwan indie']	1	0
52zMTJCKluDlFwMQWmccY7	LOONA	['k-pop', 'k-pop girl group']	1	0
2Lcyl3luks1H4TDORlJIUW	Van Ness Wu	['taiwan idol pop', 'taiwan pop']	1	0
7rIxYwxu4JtnhDJTF0yUs6	阿佐	[]	1	0
3ZSbXArE6mxOleJnsumK4u	eAeon	['k-indie', 'korean electropop']	1	1
1AIrEsIWKWiJJ6lfkLmtWK	Bii	['mandopop']	1	0
4yiQZ8tQPux8cPriYMWUFP	Gwen Stefani	['dance pop', 'pop']	1	1
1UTPBmNbXNTittyMJrNkvw	Blake Shelton	['classic oklahoma country', 'contemporary country', 'country', 'country road']	1	1
5lAYp2nF7qQU1kAUoE8bKV	Spuds	[]	1	1
3qnGvpP8Yth1AqSBMqON5x	Leon Bridges	['modern blues', 'neo soul', 'soul']	1	0
30DhU7BDmF4PH0JVhu8ZRg	Sabrina Claudio	['r&b']	1	0
0B3N0ZINFWvizfa8bKiz4v	James TW	['british singer-songwriter']	1	0
6sBiS0iWcCyMMgiYrEOxbt	Supreme Boi	[]	1	1
7z1VrrLktQYoS9C0cFbfnI	Tatiana Manaois	[]	1	0
1tqhsYv8yBBdwANFNzHtcr	Lil Dicky	['comedy rap', 'indie pop rap', 'pop rap']	1	1
3bnpcWBcvlfq4hPFJjNPbz	SAFE	['canadian hip hop']	1	1
7f0OLhGgBMX9fUjm1dcPip	Alice Merton	[]	1	0
2sG4zTOLvjKG1PSoOyf5Ej	Brandi Carlile	['acoustic pop', 'ectofolk', 'folk', 'indie folk', 'lilith', 'modern folk rock', 'new americana']	1	1
33W1pnW9zScZtYTnAoWnOT	Mr. Probz	[]	1	0
3KZMUYrA5eIfgZdIFRmNe4	TRASH	['taiwan indie', 'taiwan pop', 'taiwan rock']	1	0
3mCdK5iQjk98thTdx2UAUN	王錚亮	['mainland chinese pop']	1	0
1XmumGa6Cu6YPXpPFkLNMm	Jerry Lin	[]	1	1
6A88diBaT1mNnlBHanU3Uo	Premium Studio	[]	1	1
3kPEBSt7qgVoRZSbIXMr7W	GRAY	['k-rap']	1	1
5Y5TRrQiqgUO4S36tzjIRZ	Timbaland	['dance pop', 'pop', 'pop rap']	1	1
28j8lBWDdDSHSSt5oPlsX2	ZHU	['edm', 'electro house']	1	1
5INjqkS1o8h1imAzPqGZBb	Tame Impala	['australian psych', 'modern rock', 'neo-psychedelic', 'rock']	1	1
6VSCooQeDo6An0mx1mhYyx	valentina cy	['gen z singer-songwriter']	1	1
5vSQUyT33qxr1xAX2Tkf3A	Clams Casino	['cloud rap', 'experimental hip hop', 'instrumental hip hop', 'psychedelic hip hop', 'wonky']	1	1
6ngF3kF5I0prOoapltjAps	René Miller	[]	1	1
2JfoFQs5wPHgLz8wnJ4wL2	ZOHARA	[]	1	1
6z6uBfaMCKFCDIuHNYhRra	Hurshel	['chinese electropop']	1	0
6roDXEmZ6AARdOUv6x5U2v	Felix Cartal	['canadian electronic', 'electro house', 'pop dance', 'pop edm']	1	1
6Wis87yBDzJkmiRxsqRNIL	REGN	[]	1	1
3wjsrpfO6odEphTZWx45RQ	Hearts & Colors	[]	1	0
6Jrxnp0JgqmeUX1veU591p	Santigold	['alternative dance', 'indietronica', 'neo-synthpop']	1	1
3mPc8WGusz2XF3Tvs3AKCR	Carlie Hanson	['alt z']	1	0
0t9JGWaRH72nt2UIWSE5CH	回音哥	['mainland chinese pop']	1	0
0qSX3s5pJnAlSsgsCne8Cz	Brett Eldredge	['contemporary country', 'country', 'country road', 'modern country rock']	1	1
15Tj33aH11frN8GAqsujLQ	吳卓源, Bolly, Chillaxe, rgry	[]	1	0
6wcIBaOvA9XNGgPujYZZ7L	Wakin Chau	['c-pop', 'classic mandopop', 'mandopop']	1	0
0lHsjYcb3lGjkJQQqC6HVt	Sebastien Drums	['progressive electro house']	1	1
22RISwgVJyZu9lpqAcv1F5	Blossoms	['english indie rock', 'modern rock']	1	0
5SbkVQYYzlw1kte75QIabH	Gnarls Barkley	['atl hip hop', 'neo soul']	1	0
5rRcnWrevHgbuWjl7Lhft7	Merk & Kremont	['dutch house', 'electro house', 'progressive electro house', 'sky room']	1	1
3KwmxIhSe9UTSEF37kwngR	SHAED	['electropop']	1	0
5v8jlSmAQfrkTjAlpUfWtu	Perry Como	['adult standards', 'easy listening']	1	1
1Ml4OuStDoympbREURAM15	The Fontane Sisters	['deep adult standards', 'vocal harmony group']	1	1
0HS96tPggl2nwiz3gNWWI5	Mitchell Ayres & His Orchestra	"[""man's orchestra""]"	1	1
0u18Cq5stIQLUoIaULzDmA	DROELOE	['bass trap', 'future bass', 'pop edm', 'vapor twitch']	1	1
3RTklnRcfHgkQJwFpgOq3t	Nevve	['pop edm']	1	1
0uGApGjjFXKwUOAqYBeX7B	Deepend	['deep house', 'deep tropical house', 'tropical house']	1	1
0QvtEuDIDAsKpfuOe2a237	Joe Killington	[]	1	1
1kLqxXjyc7OwDJopftAH86	韓紅	['c-pop']	1	1
70kkdajctXSbqSMJbQO424	Kacey Musgraves	['classic texas country', 'contemporary country', 'country dawn']	1	0
3MHaV05u0io8fQbZ2XPtlC	Prince Royce	['bachata', 'latin hip hop', 'latin pop', 'urbano latino']	1	1
2T1aUibqR2QC2sINIDQOAK	Mambo Kingz	['reggaeton', 'reggaeton flow', 'trap latino', 'urbano latino']	1	1
64aJYyrXljOodnUG6jvhRD	DJ Luian	['reggaeton', 'reggaeton flow', 'trap latino', 'urbano latino']	1	1
5FNhIfKlsVFMTU32VMgDbE	陳君豪	['taiwan electronic']	1	1
0rlKkLkpsCnJbZethGBfAk	Captain Cuts	['pop edm']	1	1
5mYakBbBzPMQTfkVMIgiDM	Georgia Ku	['uk pop']	1	1
1M9G5HbEeGkueCTaHNsGUN	Morrison 馬仕釗	[]	1	0
5QtpEXaYroRbwrYsAMVZNN	璽恩	[]	1	0
7sAqpkrQBaOkddsv1Tz1XK	Mosimann	['french pop']	1	1
6l4yCtCLaRTVuncmWDACtp	David Taylor	[]	1	1
3PA9tXcZqiaBXwopM9GPZP	Holland	['k-pop']	1	0
2hcsKca6hCfFMwwdbFvenJ	BTOB	['k-pop', 'k-pop boy group']	1	0
0E0uWMihe8T7CfDO37S3QU	慢慢說	['taiwan pop']	1	0
5WQeCtDdt5HnnwVR9eMRiB	李優URIKO	[]	1	1
25fqWEebq6PoiGQIHIrdtv	Baauer	['edm', 'electro house', 'electronic trap']	1	1
7licaqhcEBQUzz9FownRaJ	Miquela	['ai', 'la pop']	1	1
1TOyuUHtQJLEmkDQTJL42I	JS	['taiwan pop']	1	0
4qRXrzUmdy3p33lgvJEzdv	Paul Kim	['korean pop']	1	0
4nWTnnYvLRayR3nwU2xbNx	TPA	[]	1	1
466bAN87QCwMSTBCCRzZ1v	Al Rocco	['chinese hip hop']	1	1
7DgcAqP1VQJvOJcXc7yPsx	Ivy	[]	1	1
250b0Wlc5Vk0CoUsaCY84M	JENNIE	['k-pop']	1	0
2YsItgZoi6NDBAvaYSAb9k	VaVa	['chinese hip hop']	1	0
1yxSLGMDHlW21z4YXirZDS	Black Eyed Peas	['dance pop', 'pop', 'pop rap']	1	0
0h7XZWgoxlY49uSUj7MVRY	gugudan	['k-pop', 'k-pop girl group']	1	0
0Cd6nHYwecCNM1sVEXKlYr	Krewella	['edm', 'electra', 'electro house', 'pop dance', 'progressive electro house']	1	1
