artist_id	name	genres	years_on_charts	num_hits	num_collab_hits
3TVXtAsR1Inumwj472S9r4	Drake	['canadian hip hop', 'canadian pop', 'hip hop', 'rap', 'toronto rap']	[2017, 2018, 2019, 2020, 2021, 2022]	154	79
06HL4z0CvFAxyc27GXpf02	Taylor Swift	['pop']	[2017, 2018, 2019, 2020, 2021, 2022]	106	17
0Y5tJX1MQlPlqiwlOH1tJY	Travis Scott	['hip hop', 'rap', 'slap house']	[2017, 2018, 2019, 2020, 2021, 2022]	99	76
1Xyo4u8uXC1ZmMpatF05PJ	The Weeknd	['canadian contemporary r&b', 'canadian pop', 'pop']	[2017, 2018, 2019, 2020, 2021, 2022]	98	36
3Nrfpe0tUJi4K4DXYWgMUX	BTS	['k-pop', 'k-pop boy group', 'pop']	[2017, 2018, 2019, 2020, 2021, 2022]	92	17
66CXWjxzNUsdJxJ2JdwvnR	Ariana Grande	['pop']	[2017, 2018, 2019, 2020, 2021, 2022]	91	40
246dkjvS1zLTtiykXe5h60	Post Malone	['dfw rap', 'melodic rap', 'pop', 'rap']	[2017, 2018, 2019, 2020, 2021, 2022]	86	46
7dGJo4pcD2V6oG8kP0tJRR	Eminem	['detroit hip hop', 'hip hop', 'rap']	[2017, 2018, 2019, 2020, 2021, 2022]	81	40
6eUKZXaKkcviH0Ku9w2n3V	Ed Sheeran	['pop', 'singer-songwriter pop', 'uk pop']	[2017, 2018, 2019, 2020, 2021, 2022]	79	34
1uNFoZAHBGtllmzznpCI3s	Justin Bieber	['canadian pop', 'pop']	[2017, 2018, 2019, 2020, 2021, 2022]	79	51
4MCBfE4596Uoi2O4DtmEMz	Juice WRLD	['chicago rap', 'melodic rap', 'rap']	[2018, 2019, 2020, 2021, 2022]	75	29
1vyhD5VmyZ7KMfW5gqLgo5	J Balvin	['reggaeton', 'reggaeton colombiano', 'trap latino', 'urbano latino']	[2017, 2018, 2019, 2020, 2021, 2022]	72	61
53XhwfbYqKCa1cC15pYq2q	Imagine Dragons	['modern rock', 'pop', 'rock']	[2017, 2018, 2019, 2020, 2021, 2022]	66	8
7FNnA9vBm6EKceENgCGRMb	Anitta	['funk pop', 'funk rj', 'pagode baiano', 'pop', 'pop nacional']	[2017, 2018, 2019, 2020, 2021, 2022]	64	50
5K4W6rqBFWDnAN6FQUkS6x	Kanye West	['chicago rap', 'hip hop', 'rap']	[2017, 2018, 2019, 2020, 2021, 2022]	64	23
6LuN9FCkKOj5PcnpouEgny	Khalid	['pop', 'pop r&b']	[2017, 2018, 2019, 2020, 2021, 2022]	61	38
7n2wHs1TKAczGzO7Dd2rGr	Shawn Mendes	['canadian pop', 'pop', 'viral pop']	[2017, 2018, 2019, 2020, 2021, 2022]	61	14
00FQb4jTyendYWaN8pK0wa	Lana Del Rey	['art pop', 'pop']	[2017, 2018, 2019, 2020, 2021, 2022]	60	13
6qqNVTkY8uBg9cP3Jd7DAH	Billie Eilish	['art pop', 'electropop', 'pop']	[2018, 2019, 2020, 2021, 2022]	55	5
15UsOTVnJzReFVN1VCnxy4	XXXTENTACION	['emo rap', 'miami hip hop']	[2017, 2018, 2019, 2020, 2021, 2022]	55	15
6M2wZ9GZgrQXHCFfjv46we	Dua Lipa	['dance pop', 'pop', 'uk pop']	[2017, 2018, 2019, 2020, 2021, 2022]	51	25
1RyvyyTE3xzB2ZywiAwp0i	Future	['atl hip hop', 'hip hop', 'rap', 'southern hip hop', 'trap']	[2017, 2018, 2019, 2020, 2021, 2022]	49	43
1yR65psqiazQpeM79CcGh8	Marília Mendonça	['arrocha', 'sertanejo', 'sertanejo universitario']	[2018, 2019, 2020, 2021, 2022]	48	22
1i8SpTcr7yvPOmcqrbnVXY	Ozuna	['puerto rican pop', 'reggaeton', 'trap latino', 'urbano latino']	[2017, 2018, 2019, 2020, 2021]	47	35
1URnnhqYAYcrqrcwql10ft	21 Savage	['atl hip hop', 'hip hop', 'rap', 'trap']	[2017, 2018, 2019, 2020, 2021]	47	35
6l3HvQ5sa6mXTsMTB19rO5	J. Cole	['conscious hip hop', 'hip hop', 'north carolina hip hop', 'rap']	[2017, 2018, 2019, 2020, 2021, 2022]	46	16
4nDoRrQiYLoBzwC5BhVJzF	Camila Cabello	['dance pop', 'pop']	[2017, 2018, 2019, 2020, 2021, 2022]	46	24
7crp1tZcefnjT5RuL6WZQ0	Slow J	['hip hop tuga']	[2017, 2018, 2019, 2020, 2021, 2022]	46	13
5jfz7uWPwf03hdEewW8AI8	Wet Bed Gang	['hip hop tuga', 'trap tuga']	[2017, 2018, 2019, 2020, 2021, 2022]	45	6
0hCNtLu0JehylgoiP8L4Gh	Nicki Minaj	['hip pop', 'pop', 'queens hip hop', 'rap']	[2017, 2018, 2019, 2020, 2021, 2022]	44	40
0eDvMgVFoNV3TpwtrVCoTj	Pop Smoke	['brooklyn drill', 'rap']	[2019, 2020, 2021, 2022]	44	29
6XyY86QOPPrYVGvF9ch6wz	Linkin Park	['alternative metal', 'nu metal', 'post-grunge', 'rap metal', 'rock']	[2017, 2018, 2020, 2021, 2022]	43	5
0C8ZW7ezQVs4URX5aX7Kqx	Selena Gomez	['pop', 'post-teen pop']	[2017, 2018, 2019, 2020, 2021]	43	21
2wY79sveU1sp5g7SokKOiI	Sam Smith	['pop', 'uk pop']	[2017, 2018, 2019, 2020, 2021, 2022]	42	8
2YZyLoL8N0Wb9xBt1NhZWg	Kendrick Lamar	['conscious hip hop', 'hip hop', 'rap', 'west coast rap']	[2017, 2018, 2019, 2020, 2021]	42	27
4xRYI6VqpkE3UwrDrAZL8L	Logic	['conscious hip hop', 'hip hop', 'pop rap', 'rap']	[2017, 2018, 2019, 2020]	41	20
1HY2Jd0NmPuamShAr6KMms	Lady Gaga	['art pop', 'dance pop', 'pop']	[2017, 2018, 2019, 2020, 2021, 2022]	39	13
3DhsjXVgWmA6X26tUugAjP	ProfJam	['hip hop tuga', 'trap tuga']	[2017, 2018, 2019, 2020, 2021]	39	25
6oMuImdp5ZcFhWP0ESe6mG	Migos	['atl hip hop', 'hip hop', 'rap', 'trap']	[2017, 2018, 2019, 2020, 2021]	39	24
0VRj0yCOv2FXJNP47XQnx5	Quavo	['atl hip hop', 'melodic rap', 'rap', 'trap']	[2017, 2018, 2019, 2020, 2021]	38	35
39HJXjH5hKcCzaU0g6mv8G	Plutonio	['hip hop tuga']	[2017, 2018, 2019, 2020, 2021, 2022]	37	8
4kYSro6naA4h99UJvo89HB	Cardi B	['pop', 'rap']	[2017, 2018, 2019, 2020, 2021]	37	28
26VFTg2z8YR0cCuwLzESi2	Halsey	['electropop', 'etherpop', 'indie poptimism', 'pop']	[2017, 2018, 2019, 2020, 2021]	37	19
4q3ewBCX7sLwd24euuV69X	Bad Bunny	['reggaeton', 'trap latino', 'urbano latino']	[2017, 2018, 2019, 2020, 2021, 2022]	36	27
7BWNRZyZ9mhgp5t0m7Ny0n	Deejay Telio	['batida', 'funana', 'hip hop tuga', 'portuguese pop', 'rap angolano']	[2017, 2018, 2019, 2020, 2021, 2022]	36	24
1r4hJ1h58CWwUQe3MxPuau	Maluma	['latin pop', 'reggaeton', 'reggaeton colombiano', 'urbano latino']	[2017, 2018, 2019, 2020, 2021, 2022]	36	23
5iZ6jMDkRa7RKLQplJuQUC	Piruka	['hip hop tuga', 'rap criolo']	[2017, 2018, 2019, 2020, 2021, 2022]	36	9
69GGBxA162lTqCwzJG5jLp	The Chainsmokers	['electropop', 'pop']	[2017, 2018, 2019, 2020]	36	24
3tOS3iTJSHwowFPRdR4Wsf	Diogo Piçarra	['portuguese pop']	[2017, 2018, 2019, 2020, 2021, 2022]	35	17
4O15NlyKLIASxsJ0PrXPfz	Lil Uzi Vert	['melodic rap', 'philly rap', 'rage rap', 'rap', 'trap']	[2017, 2018, 2019, 2020, 2021]	35	18
50co4Is1HCEo8bhOyUWKpn	Young Thug	['atl hip hop', 'atl trap', 'gangster rap', 'melodic rap', 'rap', 'trap']	[2017, 2018, 2019, 2020, 2021, 2022]	34	34
7jVv8c5Fj3E9VhNjxT4snq	Lil Nas X	['lgbtq+ hip hop']	[2019, 2020, 2021, 2022]	34	14
4V8LLVI7PbaPR0K2TGSxFF	Tyler, The Creator	['hip hop', 'rap']	[2017, 2019, 2020, 2021, 2022]	32	13
1Cs0zKBU1kc0i8ypK3B9ai	David Guetta	['big room', 'dance pop', 'edm', 'pop', 'pop dance']	[2017, 2018, 2019, 2020, 2021]	32	29
5WUlDfRSoLAfcVSX1WnrxN	Sia	['australian dance', 'australian pop', 'pop']	[2017, 2018, 2019, 2020, 2021]	32	19
0du5cEVh5yTK9QJze8zA0C	Bruno Mars	['dance pop', 'pop']	[2017, 2018, 2019, 2020, 2021, 2022]	31	20
7kR1Yw4RqYhhDD3a8QRyG6	Julinho Ksd	['hip hop tuga', 'rap criolo']	[2019, 2020, 2021, 2022]	30	14
1mXAhKnZEdF6rotyyd4GBi	MC Kevinho	['arrocha', 'funk carioca', 'funk ostentacao', 'funk pop', 'sertanejo universitario']	[2017, 2018, 2019, 2020, 2021]	30	18
2swvbEAfN70ZFcQB4Y7MaS	Richie Campbell	['hip hop tuga', 'portuguese pop', 'reggae tuga']	[2017, 2018, 2019, 2020, 2021, 2022]	29	11
3LZCMaZWwvhYyQeEfWgVdY	Bispo	['hip hop tuga']	[2017, 2018, 2019, 2020, 2021, 2022]	29	14
6KImCVD70vtIoJWnq6nGn3	Harry Styles	['pop']	[2017, 2018, 2019, 2020, 2021, 2022]	29	0
7tYKF4w9nC0nq9CsPZTHyP	SZA	['pop', 'r&b', 'rap']	[2017, 2018, 2019, 2020, 2021, 2022]	29	27
6xolQjWFT24ykWke55u9fU	Carolina Deslandes	['portuguese pop']	[2017, 2018, 2019, 2020, 2021, 2022]	29	11
04gDigrS5kc9YWfZHwBETP	Maroon 5	['pop']	[2017, 2018, 2019, 2020, 2021, 2022]	29	22
0iEtIxbK0KxaSlF7G42ZOp	Metro Boomin	['rap']	[2017, 2018, 2019, 2020]	28	28
7c0XG5cIJTrrAgEC3ULPiq	Ty Dolla $ign	['hip hop', 'pop rap', 'r&b', 'southern hip hop', 'trap', 'trap soul']	[2017, 2018, 2019, 2020, 2021]	28	28
6S2OmqARrzebs0tKUEyXyp	Demi Lovato	['pop', 'post-teen pop']	[2017, 2018, 2019, 2020, 2021]	28	12
2hlmm7s2ICUX0LVIhVFlZQ	Gunna	['atl hip hop', 'melodic rap', 'rap', 'trap']	[2018, 2019, 2020, 2021, 2022]	27	24
1zNqQNIdeOUZHb8zbZRFMX	Swae Lee	['melodic rap', 'rap', 'trap']	[2017, 2018, 2019, 2020, 2021, 2022]	27	25
4dpARuHxo51G3z768sgnrY	Adele	['british soul', 'pop', 'pop soul', 'uk pop']	[2017, 2021, 2022]	27	0
5YGY8feqx7naU7z4HrwZM6	Miley Cyrus	['pop']	[2017, 2018, 2019, 2020, 2021]	27	11
13ubrt8QOOCPljQ2FL1Kca	A$AP Rocky	['east coast hip hop', 'hip hop', 'rap', 'trap']	[2017, 2018, 2019, 2020, 2021]	27	21
7CajNmpbOovFoOoasH2HaY	Calvin Harris	['dance pop', 'edm', 'electro house', 'house', 'pop', 'progressive house', 'uk dance']	[2017, 2018, 2019, 2020, 2021]	27	24
7xDYCf4fsGxHBp8Blo9D94	Chico da Tina	['rap portuense']	[2019, 2020, 2021, 2022]	26	5
4r63FhuTkUYltbVAg5TQnk	DaBaby	['hip hop', 'north carolina hip hop', 'rap', 'trap']	[2019, 2020, 2021, 2022]	26	18
1fV7Au7ymGP3uhDV1TfjSd	LON3R JOHNY	['hip hop tuga', 'trap tuga']	[2018, 2019, 2020, 2021, 2022]	26	9
5cj0lLjcoR7YOSnhnX0Po5	Doja Cat	['dance pop', 'pop']	[2019, 2020, 2021, 2022]	25	15
55Aa2cqylxrFIXC767Z865	Lil Wayne	['hip hop', 'new orleans rap', 'pop rap', 'rap', 'trap']	[2017, 2018, 2019, 2020, 2021, 2022]	25	22
6vWDO969PvNqNYHIOW5v0m	Beyoncé	['pop', 'r&b']	[2017, 2018, 2019, 2020]	25	15
3YQKmKGau1PzlVlkL1iodx	Twenty One Pilots	['modern rock', 'pop', 'pov: indie', 'rock']	[2017, 2018, 2019, 2020, 2021]	25	0
64KEffDW9EtZ1y2vBYgq8T	Marshmello	['brostep', 'edm', 'pop', 'progressive electro house']	[2017, 2018, 2019, 2020, 2021, 2022]	24	21
27zRRhF2K0ai7JQxgAOZMF	mishlawi	['hip hop tuga', 'trap tuga']	[2017, 2018, 2019, 2020]	24	4
6Xgp2XMz1fhVYe7i6yNAax	Trippie Redd	['melodic rap', 'rap', 'trap']	[2017, 2018, 2019, 2020, 2021]	24	16
3e7awlrlDSwF3iM0WBjGMp	Little Mix	['girl group', 'pop', 'talent show', 'uk pop']	[2017, 2018, 2019, 2020, 2021]	24	9
7Ln80lUS6He07XvHI8qqHH	Arctic Monkeys	['garage rock', 'modern rock', 'permanent wave', 'rock', 'sheffield indie']	[2017, 2018, 2019, 2020, 2021, 2022]	23	0
1Hsdzj7Dlq2I7tHP7501T4	Niall Horan	['pop']	[2017, 2018, 2019, 2020, 2021]	23	4
4VMYDCV2IEDYJArk749S6m	Daddy Yankee	['latin hip hop', 'reggaeton', 'trap latino', 'urbano latino']	[2017, 2018, 2019, 2020, 2021]	23	20
4gzpq5DPGxSnKTe4SA8HAU	Coldplay	['permanent wave', 'pop']	[2017, 2018, 2019, 2020, 2021, 2022]	22	6
5f7VJjfbwm532GiveGC0ZK	Lil Baby	['atl hip hop', 'atl trap', 'rap', 'trap']	[2018, 2019, 2020, 2021, 2022]	22	19
699OTQXzgjhIYAHMy9RyPD	Playboi Carti	['atl hip hop', 'plugg', 'pluggnb', 'rage rap', 'rap']	[2017, 2018, 2020, 2021, 2022]	22	12
5fMUXHkw8R8eOP2RNVYEZX	Diplo	['edm', 'electro house', 'moombahton', 'pop dance']	[2017, 2018, 2019, 2020]	22	22
0ZED1XzwlLHW4ZaG4lOT6m	Julia Michaels	['pop']	[2017, 2018, 2019, 2020, 2021]	22	13
163tK9Wjr9P9DmM0AVK7lm	Lorde	['art pop', 'metropopolis', 'nz pop', 'pop']	[2017, 2021]	22	3
1GxkXlMwML1oSg5eLPiAz3	Michael Bublé	['adult standards', 'canadian pop', 'jazz pop', 'lounge']	[2017, 2018, 2019, 2020, 2021]	21	7
2R21vXR83lH98kGeO99Y66	Anuel AA	['reggaeton', 'reggaeton flow', 'trap boricua', 'trap latino', 'urbano latino']	[2017, 2018, 2019, 2020, 2021]	21	20
23fqKkggKUBHNkbKtXEls4	Kygo	['edm', 'pop', 'pop dance', 'tropical house']	[2017, 2018, 2019, 2020]	21	21
1HBjj22wzbscIZ9sEb5dyf	Jonas Blue	['pop', 'pop dance', 'tropical house', 'uk dance']	[2017, 2018, 2019]	21	21
2HPaUgqeutzr3jx5a9WyDV	PARTYNEXTDOOR	['r&b', 'rap', 'toronto rap', 'urban contemporary']	[2017, 2018, 2019, 2020]	21	12
4IVAbR2w4JJNJDDRFP3E83	6LACK	['atl hip hop', 'melodic rap', 'r&b', 'rap', 'trap']	[2018, 2020, 2021, 2022]	20	11
7ltDVBr6mKbRvohxheJ9h1	ROSALÍA	['pop', 'r&b en espanol']	[2019, 2020, 2021, 2022]	20	11
1vCWHaC5f2uS3yhpwWbIA6	Avicii	['edm', 'pop', 'pop dance']	[2017, 2018, 2019, 2020, 2021, 2022]	20	10
7gZfnEnfiaHzxARJ2LeXrf	6ix9ine	['emo rap']	[2018, 2019, 2020]	20	15
738wLrAtLtCtFOLvQBXOXp	Major Lazer	['dance pop', 'edm', 'electro house', 'moombahton', 'pop', 'pop dance']	[2017, 2018, 2019, 2020]	20	20
5ZsFI1h6hIdQRw2ti0hz81	ZAYN	['pop', 'uk pop']	[2017, 2018, 2019, 2020, 2021]	20	8
7jy3rLJdDQY21OgRLCZ9sD	Foo Fighters	['alternative metal', 'alternative rock', 'modern rock', 'permanent wave', 'post-grunge', 'rock']	[2017, 2021]	20	0
3CDoRporvSjdzTrm99a3gi	LUDMILLA	['funk carioca', 'funk pop', 'funk rj', 'pagode baiano', 'pop nacional']	[2017, 2018, 2019, 2020, 2021, 2022]	19	15
4PzYKhC14sTJNEr0dzoo0d	Luísa Sonza	['pop nacional']	[2018, 2019, 2020, 2021, 2022]	19	13
3jK9MiCrA42lLAdMGUZpwa	Anderson .Paak	['escape room', 'hip hop', 'indie soul', 'neo soul']	[2018, 2019, 2020, 2021, 2022]	19	18
64M6ah0SkkRsnPGtGiRAbb	Bebe Rexha	['dance pop', 'pop']	[2017, 2018, 2019, 2020]	19	14
5Rl15oVamLq7FbSb0NNBNy	5 Seconds of Summer	['boy band', 'pop']	[2018, 2019, 2020]	19	4
0QHgL1lAIqAw0HtD7YldmP	DJ Khaled	['hip hop', 'miami hip hop', 'pop rap', 'rap']	[2017, 2018, 2019, 2020, 2021]	19	19
4LLpKhyESsyAXpc4laK94U	Mac Miller	['hip hop', 'pittsburgh rap', 'rap']	[2018, 2020]	19	0
3AA28KZvwAUcZuOKwyblJQ	Gorillaz	['alternative hip hop', 'modern rock', 'rock']	[2017, 2018]	19	16
6VuMaDnrHyPL1p4EHjYLi7	Charlie Puth	['pop', 'viral pop']	[2017, 2018, 2022]	18	8
6tzRZ39aZlNqlUzQlkuhDV	Pabllo Vittar	['dance pop', 'funk carioca', 'funk pop', 'pop lgbtq+ brasileira', 'pop nacional']	[2017, 2018, 2019, 2020, 2021, 2022]	18	11
0NGAZxHanS9e0iNHpR8f2W	Alok	['electro house', 'pop nacional', 'sertanejo universitario', 'slap house']	[2017, 2018, 2020, 2021, 2022]	18	18
5LHRHt1k9lMyONurDHEdrp	Tyga	['hip hop', 'pop rap', 'rap', 'trap']	[2017, 2018, 2019, 2020, 2021]	18	16
7bXgB6jMjp9ATFy66eO08Z	Chris Brown	['r&b', 'rap']	[2017, 2018, 2019, 2020, 2021]	18	13
5INjqkS1o8h1imAzPqGZBb	Tame Impala	['australian psych', 'modern rock', 'neo-psychedelic', 'rock']	[2017, 2018, 2019, 2020]	18	0
1z7b1Pr1rSlvWRzsW3HOrS	Russ	['hawaiian hip hop']	[2017, 2018, 2019, 2020]	18	1
6TIYQ3jFPwQSRmorSezPxX	Machine Gun Kelly	['ohio hip hop', 'pop rap']	[2017, 2018, 2019, 2020, 2021]	18	15
41MozSoPIsD1dJM0CLPjZF	BLACKPINK	['k-pop', 'k-pop girl group', 'pop']	[2018, 2019, 2020]	18	6
2XWfm5Ts8pvNzZMENVZ65I	benji price	['drill tuga', 'hip hop tuga']	[2019, 2020, 2021, 2022]	17	15
59jlthNnbmim5l9tmNA7se	Maiara & Maraisa	['sertanejo', 'sertanejo universitario']	[2020, 2021, 2022]	17	17
4Gso3d4CscCijv0lmajZWs	Don Toliver	['rap', 'trap']	[2019, 2020, 2021, 2022]	17	10
2feDdbD5araYcm6JhFHHw7	Labrinth	['indie poptimism', 'pop']	[2017, 2018, 2019, 2020, 2022]	17	14
5Pwc4xIPtQLFEnJriah9YJ	OneRepublic	['piano rock', 'pop']	[2017, 2018, 2019, 2020, 2021, 2022]	17	8
12Chz98pHFMPJEknJQMWvI	Muse	['modern rock', 'permanent wave', 'rock']	[2017, 2018, 2022]	17	0
3Cpjz5dY9HNR41QuMn3oYC	Fernando Daniel	['portuguese pop']	[2017, 2018, 2019, 2020, 2021, 2022]	17	6
1SupJlEpv7RS2tPNRaHViT	Nicky Jam	['latin hip hop', 'reggaeton', 'trap latino', 'urbano latino']	[2017, 2018, 2019, 2020]	17	15
4DdkRBBYG6Yk9Ka8tdJ9BW	Offset	['atl hip hop', 'rap', 'trap']	[2017, 2018, 2019, 2020]	17	15
13y7CgLHjMVRMDqxdx0Xdo	Gucci Mane	['atl hip hop', 'dirty south rap', 'hip hop', 'pop rap', 'rap', 'southern hip hop', 'trap']	[2017, 2018, 2019]	17	17
1l8Fu6IkuTP0U5QetQJ5Xt	Fifth Harmony	['girl group', 'pop', 'talent show']	[2017, 2018]	17	5
4yqP75Gm0jSMIS1gQ7s6lX	9 Miller	['hip hop tuga', 'trap tuga']	[2017, 2018, 2019, 2020, 2021, 2022]	16	10
1dfeR4HaWDbWqFHLkxsg1d	Queen	['classic rock', 'glam rock', 'rock']	[2017, 2018, 2019, 2020, 2021, 2022]	16	1
46uaNKR4GSjmDEK732EeVw	Lhast	['hip hop tuga', 'rap angolano']	[2017, 2018, 2019, 2020, 2021, 2022]	16	14
6vXTefBL93Dj5IqAWq6OTv	French Montana	['hip hop', 'pop rap', 'rap', 'southern hip hop', 'trap']	[2017, 2018, 2019]	16	15
5JZ7CnR6gTvEMKX4g70Amv	Lauv	['pop']	[2017, 2018, 2019, 2020]	16	8
6jJ0s89eD6GaHleKKya26X	Katy Perry	['pop']	[2017, 2018, 2019, 2020]	16	9
540vIaP2JwjQb9dm3aArA4	DJ Snake	['edm', 'electronic trap', 'pop', 'pop dance']	[2017, 2018, 2019, 2020, 2021]	16	16
4h5zTnUibCdGWia43hOo5y	D.A.M.A	['portuguese pop']	[2017, 2018, 2020]	16	7
1McMsnEElThX1knmY4oliG	Olivia Rodrigo	['pop']	[2021, 2022]	15	1
6QHREBOQktWsYBfrxW93rk	T-Rex	['hip hop tuga', 'trap tuga']	[2020, 2021, 2022]	15	8
15p1isN7VcGsjeSq8s9YeP	Dillaz	['hip hop tuga']	[2017, 2018, 2019, 2020, 2021, 2022]	15	4
4IWBUUAFIplrNtaOHcJPRM	James Arthur	['pop', 'talent show', 'uk pop']	[2017, 2018, 2019, 2020, 2021, 2022]	15	5
6AgTAQt8XS6jRWi4sX7w49	Polo G	['chicago rap', 'rap']	[2019, 2020, 2021, 2022]	15	12
6ngR2kHxjibH7bdDUBqL3z	Sippinpurpp	['hip hop tuga', 'trap tuga']	[2018, 2019, 2020, 2021, 2022]	15	3
2tIP7SsRs7vjIcLrU85W8J	The Kid LAROI	['australian hip hop']	[2020, 2021, 2022]	15	10
181bsRPaVXVlUKXrxwZfHK	Megan Thee Stallion	['houston rap', 'pop', 'rap', 'trap queen']	[2019, 2020, 2021, 2022]	15	12
1zNqDE7qDGCsyzJwohVaoX	Anne-Marie	['pop']	[2017, 2018, 2019, 2020, 2021]	15	9
5CCwRZC6euC8Odo6y9X8jr	Rita Ora	['dance pop', 'pop', 'uk pop']	[2017, 2018, 2019]	15	9
60d24wfXkVzDSfLS6hyCjZ	Martin Garrix	['dutch edm', 'edm', 'pop', 'pop dance', 'progressive house']	[2017, 2018, 2019, 2021]	15	15
0cGUm45nv7Z6M6qdXYQGTX	Kehlani	['pop', 'r&b']	[2017, 2018, 2019, 2020]	15	14
0fA0VVWsXO9YnASrzqfmYu	Kid Cudi	['hip hop', 'ohio hip hop', 'pop rap', 'rap']	[2018, 2020, 2021]	15	9
2RdwBSPQiwcmiDo9kixcl8	Pharrell Williams	['dance pop', 'pop']	[2017, 2018, 2020, 2021]	15	14
0GfYO21pue5u0sVEYk9HZO	Salvador Sobral	['portuguese pop']	[2017, 2018]	15	0
790FomKkXshlbRYZFtlgla	KAROL G	['reggaeton', 'reggaeton colombiano', 'trap latino', 'urbano latino']	[2018, 2019, 2020, 2021, 2022]	14	11
4V8Sr092TqfHkfAA5fXXqG	Luis Fonsi	['latin pop', 'puerto rican pop']	[2017, 2018, 2019, 2022]	14	14
6tIIe4TjUAUBgebA9j53ch	David Carreira	['portuguese pop']	[2018, 2019, 2020, 2021]	14	11
3uFX3kMxtOUFMDaJoFPJwo	Deedz B	['hip hop tuga']	[2017, 2018, 2019, 2020]	14	14
5pUo3fmmHT8bhCyHE52hA6	Liam Payne	['pop']	[2017, 2018, 2019, 2020, 2021]	14	11
02kJSzxNuaWGqwubyUba0Z	G-Eazy	['indie pop rap', 'oakland hip hop', 'pop rap', 'rap']	[2017, 2018, 2019]	14	14
4AK6F7OLvEQ5QYCBNiQWHq	One Direction	['boy band', 'pop', 'post-teen pop', 'talent show']	[2020]	14	0
3iOvXCl6edW5Um0fXEBRXy	The xx	['downtempo', 'dream pop', 'indietronica']	[2017]	14	0
0Odg6UKDVyJQruefzF19FU	Jimmy P	['hip hop tuga', 'portuguese pop', 'rap criolo']	[2017, 2018, 2019, 2020, 2021, 2022]	13	12
7JajP35zM35gnAvTZbwxDF	X-Tense	['hip hop tuga']	[2019, 2020, 2021, 2022]	13	5
53KwLdlmrlCelAZMaLVZqU	James Blake	['art pop', 'indie soul', 'indietronica', 'neo soul', 'uk alternative pop']	[2018, 2019]	13	8
0Mum6waR8P9WICLVTpSi1d	Papillon	['hip hop tuga']	[2017, 2018, 2019, 2020, 2021]	13	7
3MZsBdqDrRTJihTHQrO6Dq	Joji	['viral pop']	[2017, 2018, 2019, 2020]	13	1
6CDebPALpa0iwJyx0IgnaC	Agir	['portuguese pop']	[2017, 2018, 2019, 2020, 2021]	13	9
6extd4B6hl8VTmnlhpl2bY	Huncho Jack	['melodic rap', 'trap']	[2017]	13	13
5nP8x4uEFjAAmDzwOEc9b8	Matuê	['r&b brasileiro', 'rap cearense', 'trap brasileiro']	[2019, 2020, 2021, 2022]	12	3
6PvvGcCY2XtUcSRld1Wilr	Silk Sonic	['neo soul']	[2021, 2022]	12	12
1lQnDEcvFAWaUjbyZiHKih	Xutos & Pontapés	['portuguese rock', 'punk tuga']	[2017, 2022]	12	0
3wyVrVrFCkukjdVIdirGVY	Lil Pump	['emo rap', 'miami hip hop', 'pop rap', 'rap', 'trap']	[2017, 2018, 2019]	12	6
1Xylc3o4UrD53lo9CvFvVg	Zara Larsson	['pop', 'scandipop', 'swedish electropop', 'swedish pop']	[2017, 2018, 2019, 2020]	12	5
2DEfqyWjAMIfKYMXb1V8L1	Nenny	['hip hop tuga', 'trap tuga']	[2019, 2020, 2021]	12	0
46SHBwWsqBkxI7EeeBEQG7	Kodak Black	['florida drill', 'florida rap', 'melodic rap', 'miami hip hop', 'rap', 'trap', 'trap latino']	[2017, 2018, 2019, 2021]	12	9
5pKCCKE2ajJHZ9KAiaK11H	Rihanna	['barbadian pop', 'pop', 'urban contemporary']	[2017, 2018, 2020]	12	9
4pejUc4iciQfgdX6OKulQn	Queens of the Stone Age	['alternative metal', 'alternative rock', 'grunge', 'modern rock', 'nu metal', 'palm desert scene', 'rock', 'stoner metal', 'stoner rock']	[2017, 2018]	12	0
3kjuyTCjPG1WMFCiyc5IuB	Arcade Fire	['alternative rock', 'baroque pop', 'canadian indie', 'chamber pop', 'indie rock', 'indietronica', 'modern rock', 'permanent wave', 'quebec indie', 'rock']	[2017, 2018]	12	0
5wbf52LA6kcaboHSN6NEF1	PEDRO SAMPAIO	['funk carioca', 'funk rj']	[2019, 2020, 2021, 2022]	11	8
0lAWpj5szCSwM4rUMHYmrr	Måneskin	['indie rock italiano', 'italian pop', 'pop']	[2021, 2022]	11	0
7gOdHgIoIKoe4i9Tta6qdD	Jonas Brothers	['boy band', 'pop']	[2019, 2020, 2021, 2022]	11	4
4obzFoKoKRHIphyHzJ35G3	Becky G	['latin pop', 'latin viral pop', 'rap latina', 'reggaeton', 'urbano latino']	[2017, 2018, 2019, 2022]	11	10
3JhNCzhSMTxs9WLGJJxWOY	Macklemore	['pop rap', 'seattle hip hop']	[2017, 2018, 2019, 2020, 2021, 2022]	11	11
2kCcBybjl3SAtIcwdWpUe3	Lil Peep	['cloud rap', 'emo rap', 'lgbtq+ hip hop']	[2017, 2018, 2019, 2021, 2022]	11	3
07YUOmWljBTXwIseAUd9TW	Sebastian Yatra	['colombian pop', 'latin pop', 'reggaeton', 'reggaeton colombiano', 'urbano latino']	[2017, 2018, 2019, 2021, 2022]	11	8
2qxJFvFYMEDqd7ui6kSAcq	Zedd	['complextro', 'edm', 'german techno', 'pop', 'pop dance']	[2017, 2018, 2019]	11	11
05fG473iIaoy82BF1aGhL8	Slipknot	['alternative metal', 'nu metal', 'rap metal', 'rock']	[2018, 2019]	11	0
77ziqFxp5gaInVrF2lj4ht	Sech	['panamanian pop', 'reggaeton', 'trap latino', 'urbano latino']	[2019, 2020, 2021]	11	10
5CoXKGQeOWgWi8koTZh07b	Capitão Fausto	['portuguese indie', 'portuguese indie rock', 'portuguese rock']	[2018, 2019]	11	0
3WGpXCj9YhhfX11TToZcXP	Troye Sivan	['australian pop', 'pop', 'viral pop']	[2017, 2018, 2019]	11	6
4GvEc3ANtPPjt1ZJllr5Zl	Bazzi	['pop']	[2018, 2019]	11	2
2cCUtGK9sDU2EoElnk0GNB	The National	['chamber pop', 'indie folk', 'indie rock', 'indietronica', 'modern rock', 'stomp and holler']	[2017, 2019, 2020]	11	1
5CiGnKThu5ctn9pBxv7DGa	benny blanco	['pop']	[2018, 2019, 2020, 2021]	11	11
757aE44tKEUQEqRuT6GnEB	Roddy Ricch	['melodic rap', 'rap', 'trap']	[2018, 2019, 2020, 2021]	11	9
1CoZyIx7UvdxT5c8UkMzHd	Jorja Smith	['r&b', 'uk contemporary r&b']	[2017, 2018, 2019, 2020]	11	3
0EmeFodog0BfCgMzAIvKQp	Shakira	['colombian pop', 'dance pop', 'latin pop', 'pop']	[2017, 2018, 2020, 2021]	11	9
0c173mlxpT3dSFRgMO8XPh	Big Sean	['detroit hip hop', 'hip hop', 'pop rap', 'r&b', 'rap', 'southern hip hop', 'trap']	[2017, 2018, 2020, 2021]	11	9
77AiFEVeAVj2ORpC85QVJs	Steve Aoki	['edm', 'electro house', 'pop dance']	[2017, 2018]	11	11
5p7f24Rk5HkUZsaS3BLG5F	Hailee Steinfeld	['pop']	[2017, 2018]	11	10
6jGMq4yGs7aQzuGsMgVgZR	Lil Tjay	['brooklyn drill', 'melodic rap', 'nyc rap', 'rap']	[2019, 2020, 2021, 2022]	10	7
25XJqeReVV38w0tR04GGBd	Mainstreet	['trap carioca', 'trap funk']	[2021, 2022]	10	10
0L8ExT028jH3ddEcZwqJJ5	Red Hot Chili Peppers	['alternative rock', 'funk metal', 'funk rock', 'permanent wave', 'rock']	[2017, 2018, 2020, 2022]	10	0
6PIIKavZx20FlVKyIvb4Um	Calema	['musica santomense', 'portuguese pop']	[2017, 2018, 2020, 2021, 2022]	10	3
2h93pZq0e7k5yf4dywlkpM	Frank Ocean	['lgbtq+ hip hop', 'neo soul']	[2017, 2018, 2019, 2020, 2022]	10	3
3qvcCP2J0fWi0m0uQDUf6r	Luan Santana	['arrocha', 'sertanejo', 'sertanejo universitario']	[2017, 2018, 2019, 2020, 2021, 2022]	10	4
4Q6nIcaBED8qUel8bBx6Cr	Jax Jones	['dance pop', 'edm', 'house', 'pop dance', 'uk dance', 'uk pop']	[2017, 2018, 2019, 2021, 2022]	10	10
3Isy6kedDrgPYoTS1dazA9	Sean Paul	['dance pop', 'dancehall', 'pop', 'pop rap']	[2017, 2018, 2019, 2022]	10	10
2LIk90788K0zvyj2JJVwkJ	Jack Harlow	['deep underground hip hop', 'kentucky hip hop', 'pop rap', 'rap']	[2020, 2021, 2022]	10	5
47mIJdHORyRerp4os813jD	League of Legends	['speedrun', 'video game music']	[2018, 2019, 2020, 2021, 2022]	10	10
2e8RAcYXYt5IStoaaQWcG8	Greg Ferreira	[]	[2020, 2021, 2022]	10	1
1mcTU81TzQhprhouKaTkpq	Rauw Alejandro	['puerto rican pop', 'reggaeton', 'trap latino', 'urbano latino']	[2020, 2021, 2022]	10	7
0GM7qgcRCORpGnfcN2tCiB	Tainy	['pop reggaeton', 'reggaeton', 'trap latino', 'urbano latino']	[2019, 2020, 2021, 2022]	10	10
2UMj7NCbuqy1yUZmiSYGjJ	MC Kevin o Chris	['funk 150 bpm', 'funk carioca', 'funk rj']	[2018, 2019, 2020, 2021, 2022]	10	8
4Ga1P7PMIsmqEZqhYZQgDo	Lil Tecca	['melodic rap', 'pluggnb', 'rap']	[2019, 2020, 2021]	10	1
0hEurMDQu99nJRq8pTxO14	John Mayer	['neo mellow', 'singer-songwriter']	[2017, 2018, 2019, 2021]	10	1
1e41j69uuTxKyBri9WBtyT	WUANT	[]	[2019, 2020, 2021]	10	1
6ZjFtWeHP9XN7FeKSUe80S	Bing Crosby	['adult standards', 'easy listening', 'lounge']	[2017, 2018, 2019, 2020, 2021]	10	2
5L3JOH0e3PcOrHKVMXrFna	Phoenix Rdc	['hip hop tuga', 'trap tuga']	[2019, 2020, 2021]	10	8
2yEwvVSSSUkcLeSTNyHKh8	TOOL	['alternative metal', 'art rock', 'nu metal', 'progressive metal', 'progressive rock', 'rock']	[2019]	10	0
5veVxxPm1vzgi6pO2iVA8L	Bruno Martini	['pop nacional']	[2017, 2018, 2019]	10	9
4iHNK0tOyZPYnBU7nGAgpQ	Mariah Carey	['dance pop', 'pop', 'urban contemporary']	[2017, 2018, 2019, 2020, 2021]	10	4
2wUjUUtkb5lvLKcGKsKqsR	Alessia Cara	['canadian contemporary r&b', 'canadian pop', 'pop']	[2017, 2018, 2019, 2020, 2021]	10	4
0CHentDviLeOrlfyu96uVm	Waze	['hip hop tuga']	[2018, 2019, 2020, 2021]	10	4
1Mxqyy3pSjf8kZZL4QVxS0	Frank Sinatra	['adult standards', 'easy listening', 'lounge']	[2017, 2018, 2019, 2020, 2021]	10	4
1KCSPY1glIKqW2TotWuXOR	P!nk	['dance pop', 'pop']	[2017, 2018, 2019, 2021]	10	4
7iK8PXO48WeuP03g8YR51W	Myke Towers	['reggaeton', 'trap latino', 'urbano latino']	[2019, 2020, 2021]	10	10
5RmQ8k4l3HZ8JoPb4mNsML	Agust D	['k-rap']	[2020]	10	4
31TPClRtHm23RisEBtV3X7	Justin Timberlake	['dance pop', 'pop']	[2017, 2018, 2020, 2021]	10	3
3E6xrwgnVfYCrCs0ePERDz	Wisin	['reggaeton', 'urbano latino']	[2017, 2018, 2021]	10	9
5he5w2lnU9x7JFhnwcekXX	Skrillex	['brostep', 'complextro', 'edm', 'electro', 'pop dance']	[2017, 2018, 2019, 2020, 2021, 2022]	9	9
6XjHGcba7ZbaZ6nYtwhaCj	Gson	['hip hop tuga']	[2017, 2018, 2019, 2020, 2021, 2022]	9	8
0qe3I1MOY8oFj3DuoWNwbq	Virgul	['portuguese pop']	[2017, 2018, 2020, 2021, 2022]	9	1
4zhMand4AowXuUz4VpGiTJ	Bárbara Bandeira	['portuguese pop']	[2018, 2019, 2020, 2021, 2022]	9	6
10okQWuBo3LEA8HSZ1VUMT	Bárbara Tinoco	['portuguese pop']	[2019, 2020, 2021, 2022]	9	2
25uiPmTg16RbhZWAqwLBy5	Charli XCX	['art pop', 'candy pop', 'metropopolis', 'pop', 'uk pop']	[2017, 2018, 2019, 2021, 2022]	9	7
1yxSLGMDHlW21z4YXirZDS	Black Eyed Peas	['dance pop', 'pop', 'pop rap']	[2019, 2020, 2021, 2022]	9	8
3NEQ5t2FprBMLmDAP0EPcE	Sam The Kid	['hip hop tuga', 'rap tuga underground']	[2017, 2018, 2019, 2020, 2021, 2022]	9	6
21451j1KhjAiaYKflxBjr1	Zion & Lennox	['reggaeton', 'urbano latino']	[2017, 2018, 2021, 2022]	9	7
5y2Xq6xcjJb2jVM54GHK3t	John Legend	['neo soul', 'pop', 'pop soul', 'urban contemporary']	[2017, 2018, 2019, 2020, 2021, 2022]	9	2
3DOJU0CqEqSdfFIMGiykRv	Holly Hood	['hip hop tuga', 'trap tuga']	[2017, 2018, 2019, 2020, 2021]	9	1
6IZ4ctovY9dl7bgHClAvKJ	LSD	[]	[2018, 2019]	9	9
07YZf4WDAMNwqr4jfgOZ8y	Jason Derulo	['dance pop', 'pop']	[2017, 2018, 2019, 2020, 2021]	9	7
62huveC2Mmi9nfW0ySqNwo	Djodje	['kizomba', 'musica santomense', 'portuguese pop']	[2018, 2019, 2020, 2021]	9	5
17lzZA2AlOHwCwFALHttmp	2 Chainz	['atl hip hop', 'hip hop', 'pop rap', 'rap', 'southern hip hop', 'trap']	[2017, 2018, 2019, 2020]	9	9
4FGcERJWMg8ENOLixwF71U	Vitor Kley	[]	[2018, 2019, 2020, 2021]	9	4
5IcR3N7QB1j6KBL8eImZ8m	ScHoolboy Q	['gangster rap', 'hip hop', 'pop rap', 'rap', 'southern hip hop', 'trap']	[2017, 2018, 2019]	9	7
7me0S5Z40qVWj3gzyK8aC3	Mc Livinho	['funk carioca', 'funk paulista', 'funk rj', 'sertanejo universitario']	[2017, 2018, 2019, 2020, 2021]	9	6
1moxjboGR7GNWYIMWsRjgG	Florence + The Machine	['baroque pop', 'modern rock', 'neo mellow', 'uk alternative pop']	[2018, 2019]	9	0
0tmwSHipWxN12fsoLcFU3B	Manuel Turizo	['colombian pop', 'reggaeton', 'reggaeton colombiano', 'trap latino', 'urbano latino']	[2017, 2018, 2019, 2020, 2021]	9	8
2jku7tDXc6XoB6MO2hFuqg	Tory Lanez	['canadian hip hop', 'canadian trap', 'melodic rap', 'r&b', 'rap', 'toronto rap', 'trap']	[2017, 2018, 2019, 2020, 2021]	9	8
6MDME20pz9RveH9rEXvrOM	Clean Bandit	['pop', 'uk dance', 'uk funky']	[2017, 2018, 2019]	9	9
1anyVhU62p31KFi8MEzkbf	Chance the Rapper	['chicago rap', 'conscious hip hop', 'hip hop', 'pop rap', 'rap']	[2017, 2018, 2019, 2020, 2021]	9	8
0epOFNiUfyON9EYx7Tpr6V	The Strokes	['alternative rock', 'garage rock', 'modern rock', 'permanent wave', 'rock']	[2020]	9	0
7DMveApC7UnC2NPfPvlHSU	Cheat Codes	['edm', 'pop', 'pop dance']	[2017, 2018]	9	9
3PhoLpVuITZKcymswpck5b	Elton John	['glam rock', 'mellow gold', 'piano rock', 'rock']	[2017, 2018, 2019, 2020, 2021, 2022]	8	5
1pPbDeOdNUcLq32HTTLbZm	Ivandro	['hip hop tuga', 'trap tuga']	[2019, 2020, 2021, 2022]	8	6
7rkW85dBwwrJtlHRDkJDAC	NAV	['canadian hip hop', 'canadian trap', 'melodic rap', 'rap', 'toronto rap', 'trap']	[2017, 2018, 2020, 2021, 2022]	8	8
7Lmrb6KcIzfkmgbtokjsAL	Mc Don Juan	['arrocha', 'batidao romantico', 'funk carioca', 'funk paulista']	[2017, 2018, 2020, 2021, 2022]	8	7
4VIvfOurcf0vuLRxLkGnIG	Bradley Cooper	['hollywood']	[2018, 2019, 2020, 2021, 2022]	8	6
329e4yvIujISKGKz1BZZbO	Farruko	['reggaeton', 'trap latino', 'urbano latino']	[2017, 2018, 2019, 2020, 2021, 2022]	8	6
1AL2GKpmRrKXkYIcASuRFa	Wesley Safadão	['arrocha', 'forro', 'sertanejo universitario']	[2017, 2018, 2019, 2021, 2022]	8	6
0MInKJqZscEeNc5K3K0mkE	Simone & Simaria	['pop nacional', 'sertanejo', 'sertanejo universitario']	[2017, 2018, 2019, 2021, 2022]	8	6
137W8MRPWKqSmrBGDBFSop	Wiz Khalifa	['hip hop', 'pittsburgh rap', 'pop rap', 'rap', 'southern hip hop', 'trap']	[2017, 2018, 2020, 2021, 2022]	8	8
5KKpBU5eC2tJDzf0wmlRp2	RAYE	['uk contemporary r&b', 'uk pop']	[2017, 2018, 2019, 2020, 2021]	8	8
3zE5InDD74ETpPKj31203f	Valas	['hip hop tuga']	[2017, 2018, 2019]	8	4
1sBkRIssrMs1AbVkOJbc7a	Rick Ross	['dirty south rap', 'gangster rap', 'hip hop', 'rap', 'southern hip hop', 'trap']	[2017, 2019, 2020, 2021]	8	8
4AVFqumd2ogHFlRbKIjp1t	Alesso	['dance pop', 'edm', 'electro house', 'pop', 'pop dance', 'progressive electro house']	[2017, 2018, 2019]	8	6
7vk5e3vY1uw9plTHJAMwjN	Alan Walker	['electro house']	[2017, 2018, 2019]	8	6
31W5EY0aAly4Qieq6OFu6I	A Boogie Wit da Hoodie	['melodic rap', 'rap', 'trap']	[2018, 2019, 2020, 2021]	8	7
2cFrymmkijnjDg9SS92EPM	blackbear	['pop']	[2017, 2019, 2020]	8	4
7EQ0qTo7fWT7DPxmxtSYEc	Bastille	['metropopolis', 'modern rock', 'pop']	[2017, 2018, 2019, 2020]	8	2
1nzgtKYFckznkcVMR3Gg4z	KSI	['uk hip hop']	[2020, 2021]	8	5
4tZwfgrHOc3mvqYlEYSvVi	Daft Punk	['electro', 'filter house', 'rock']	[2017, 2018, 2020, 2021]	8	5
4A0TivfinfALCAMJqqjZIk	Funk Wav	[]	[2017, 2018]	8	8
0bdfiayQAKewqEvaU6rXCv	MØ	['danish pop', 'electropop', 'pop', 'pop dance']	[2017, 2018]	8	5
2snm3HmsnDUDxbIChdl2Oj	Justin Hurwitz	['hollywood', 'movie tunes', 'soundtrack']	[2017]	8	1
51Blml2LZPmy7TTiAg47vQ	U2	['irish rock', 'permanent wave', 'rock']	[2017]	8	3
7cmuxPnXRJxwuYDHfbD8Eu	Zé Felipe	['agronejo', 'arrocha', 'arrochadeira', 'sertanejo universitario']	[2020, 2021, 2022]	7	5
5Lv2GUVwqmQBPwrTrxucE5	Os Barões Da Pisadinha	['agronejo', 'arrocha', 'forro', 'piseiro', 'sertanejo universitario']	[2020, 2021, 2022]	7	6
5YwzDz4RJfTiMHS4tdR5Lf	Xamã	['brazilian hip hop', 'trap brasileiro']	[2019, 2020, 2021, 2022]	7	7
5coW9ioCpvEYGx4v1nvWec	Juliette	[]	[2021, 2022]	7	1
4npEfmQ6YuiwW1GpUmaq3F	Ava Max	['pop']	[2018, 2019, 2020, 2021, 2022]	7	1
3hv9jJF3adDNsBSIQDqcjp	Mark Ronson	['pop soul']	[2017, 2018, 2019]	7	7
0kWbj6PdoovMr1GXFcvJ5A	Blaya	['hip hop tuga', 'portuguese pop']	[2018, 2019, 2020]	7	3
4LEiUm1SRbFMgfqnQTwUbQ	Bon Iver	['chamber pop', 'eau claire indie', 'indie folk', 'melancholia', 'modern rock']	[2017, 2019, 2020]	7	2
6WY7D3jk8zTrHtmkqqo5GI	Maren Morris	['classic texas country', 'contemporary country']	[2017, 2018, 2019, 2021]	7	6
2kRfqPViCqYdSGhYSM9R0Q	Madison Beer	['pop']	[2018, 2019, 2020]	7	5
2MPXfFQ72KWgQGUDXrnCwO	Mike El Nite	['hip hop tuga', 'trap tuga']	[2018, 2019, 2021]	7	7
32rAgIN6jhUQYhyoKa8agj	Valete	['hip hop tuga']	[2017, 2018, 2019, 2020]	7	3
3wcj11K77LjEY1PkEazffa	Burna Boy	['afrobeats', 'dancehall', 'nigerian hip hop', 'nigerian pop']	[2019, 2020, 2021]	7	7
6xlRSRMLgZbsSNd0BMobwy	DENNIS	['funk carioca', 'funk das antigas', 'sertanejo universitario']	[2018, 2019, 2020, 2021]	7	7
3nFkdlSjzX9mRTtwJOzDYB	JAY-Z	['east coast hip hop', 'gangster rap', 'hip hop', 'pop rap', 'rap']	[2017, 2018, 2019, 2021]	7	7
6JL8zeS1NmiOftqZTRgdTz	Meghan Trainor	['hip pop', 'pop']	[2017, 2018, 2019, 2020, 2021]	7	2
487N2T9nIPEHrlTZLL3SQs	Zé Neto & Cristiano	['agronejo', 'arrocha', 'sertanejo', 'sertanejo universitario']	[2018, 2019, 2021]	7	0
3t5xRXzsuZmMDkQzgOX35S	Robin Schulz	['deep euro house', 'deep house', 'edm', 'german dance', 'pop dance', 'tropical house']	[2017, 2018, 2019]	7	7
55fhWPvDiMpLnE4ZzNXZyW	Noah Cyrus	['alt z', 'pop']	[2017, 2018, 2020]	7	3
6icQOAFXDZKsumw3YXyusw	Lil Yachty	['atl hip hop', 'melodic rap', 'rap', 'trap']	[2017, 2018, 2020]	7	7
2DlGxzQSjYe5N6G9nkYghR	Jennifer Lopez	['dance pop', 'pop', 'urban contemporary']	[2017, 2018, 2020]	7	4
0LyfQWJT6nXafLPZqxe9Of	Various Artists	[]	[2017, 2020, 2021]	7	0
2hPgGN4uhvXAxiXQBIXOmE	KIDS SEE GHOSTS	['rap']	[2018]	7	4
7iZtZyCzp3LItcw1wtPI3D	Rae Sremmurd	['melodic rap', 'mississippi hip hop', 'rap', 'trap']	[2017, 2018]	7	6
4u5smJBskI6Adzv08PuiUP	Kiiara	['alt z', 'electropop']	[2017, 2018]	7	6
4NHQUGzhtTLFvgF5SZesLK	Tove Lo	['metropopolis', 'pop', 'swedish electropop', 'swedish pop', 'swedish synthpop']	[2017, 2018]	7	4
6LqNN22kT3074XbTVUrhzX	Kesha	['dance pop', 'pop']	[2017]	7	3
6sCbFbEjbYepqswM1vWjjs	Zendaya	['pop', 'post-teen pop']	[2018, 2019, 2022]	6	6
0kjGPGtoyKwKVOZAKmv5K6	GIULIA BE	['pop nacional']	[2019, 2020, 2021, 2022]	6	2
5H4yInM5zmHqpKIoMNAx4r	Central Cee	['melodic drill']	[2021, 2022]	6	1
28ie4NNTa2VW2QV4Zray8M	Mc Poze do Rodo	['funk carioca']	[2021, 2022]	6	6
6Hdj9MS399KY29SP12gI0L	Soraia Ramos	['kizomba', 'portuguese pop']	[2019, 2020, 2021, 2022]	6	4
09U6hmCerKcIJrixubiBjm	Pineapple StormTv	['rap baiano', 'trap baiano']	[2020, 2021, 2022]	6	6
68YeXpLt3jB7JHQS5ZjMGo	Teto	['trap baiano', 'trap brasileiro']	[2021, 2022]	6	3
2o5jDhtHVPhrJdv3cEQ99Z	Tiësto	['big room', 'brostep', 'dutch edm', 'edm', 'house', 'pop dance', 'slap house', 'trance']	[2017, 2018, 2019, 2020, 2021, 2022]	6	5
1elUiq4X7pxej6FRlrEzjM	Jorge & Mateus	['agronejo', 'arrocha', 'sertanejo', 'sertanejo universitario']	[2018, 2021, 2022]	6	1
3fMbdgg4jU18AjLCKBhRSm	Michael Jackson	['r&b', 'soul']	[2017, 2018, 2019, 2020, 2021, 2022]	6	3
6U3ybJ9UHNKEdsH7ktGBZ7	JID	['hip hop', 'rap', 'underground hip hop']	[2019, 2021, 2022]	6	6
3p7PcrEHaaKLJnPUGOtRlT	Henrique & Juliano	['agronejo', 'arrocha', 'sertanejo', 'sertanejo universitario']	[2020, 2021, 2022]	6	1
2ZXnTEyYopSLCDiz5Z0XIf	MC Kekel	['funk carioca', 'funk consciente', 'funk ostentacao', 'funk paulista']	[2018, 2019, 2020]	6	6
2iE18Oxc8YSumAU232n4rW	The Jackson 5	['motown', 'soul']	[2017, 2018, 2019, 2020, 2021]	6	0
5zctI4wO9XSKS8XwcnqEHk	Lil Mosey	['melodic rap', 'rap conscient']	[2018, 2019, 2020, 2021]	6	2
1iNqsUDUraNWrj00bqssQG	Dreamville	['hip hop', 'pop rap', 'rap', 'underground hip hop']	[2019]	6	6
70gP6Ry4Uo0Yx6uzPIdaiJ	Bas	['queens hip hop', 'rap', 'sudanese hip hop', 'sudanese pop', 'underground hip hop']	[2019, 2021]	6	6
6yWyIM8jA96kl3jlCXpabB	Nelson Freitas	['kizomba', 'kizomba antigas', 'kizomba cabo-verdiana']	[2017, 2018, 2019, 2020, 2021]	6	3
0X2BH1fck6amBIoJhDVmmJ	Ellie Goulding	['indietronica', 'metropopolis', 'pop', 'uk pop']	[2017, 2018, 2019]	6	4
2cWZOOzeOm4WmBJRnD5R7I	Normani	['pop', 'r&b']	[2018, 2019, 2020]	6	5
4UXqAaa6dQYAk18Lv7PEgX	Fall Out Boy	['emo', 'modern rock', 'pop', 'pop punk', 'rock']	[2017, 2019]	6	2
4WN5naL3ofxrVBgFpguzKo	Rudimental	['pop dance', 'uk dance', 'uk funky']	[2017, 2018, 2019]	6	6
1GDbiv3spRmZ1XdM1jQbT7	NATTI NATASHA	['latin pop', 'rap latina', 'reggaeton', 'urbano latino']	[2017, 2018, 2019]	6	6
5eAWCfyUhZtHHtBdNk56l1	System Of A Down	['alternative metal', 'nu metal', 'rap metal', 'rock']	[2017, 2019, 2020]	6	0
4sTQVOfp9vEMCemLw50sbu	Galantis	['dance pop', 'edm', 'pop', 'pop dance']	[2017, 2019, 2021]	6	3
3J0BpFVUc9LeOIVeN5uNhU	Lauren Jauregui	['r&b']	[2017, 2018, 2019]	6	4
1B0Rp4SWGnFgGCPU5Pju6E	Nego do Borel	['funk carioca', 'funk das antigas', 'funk ostentacao', 'funk pop', 'sertanejo universitario']	[2017, 2018, 2019, 2020]	6	6
3zvbATHitSjEZ54l7QnJN0	Yuran	[]	[2019, 2020, 2021]	6	6
1hsrQJC4A7sVS6wOwTxRxw	Trista	['hip hop tuga']	[2019, 2020, 2021]	6	6
7guDJrEfX3qb6FEbdPA5qi	Stevie Wonder	['motown', 'soul']	[2017, 2018, 2019, 2020, 2021]	6	0
4utLUGcTvOJFr6aqIJtYWV	Skylar Grey	['piano rock', 'viral pop']	[2017, 2018, 2020, 2021]	6	6
1w5Kfo2jwwIPruYS2UWh56	Pearl Jam	['alternative metal', 'alternative rock', 'classic rock', 'grunge', 'permanent wave', 'rock']	[2017, 2018, 2020]	6	0
3hcs9uc56yIGFCSy9leWe7	Lil Durk	['chicago drill', 'chicago rap', 'drill', 'hip hop', 'rap', 'trap']	[2020, 2021]	6	6
0RqtSIYZmd4fiBKVFqyIqD	Thirty Seconds To Mars	['modern rock', 'post-grunge']	[2017, 2018]	6	1
0TnOYISbd1XYRBk9myaseg	Pitbull	['dance pop', 'miami hip hop', 'pop']	[2017, 2018]	6	6
1oKdM70mJD8VvDOTKeS8t1	Emily Warren	['alt z', 'nyc pop']	[2017, 2018]	6	6
0eecdvMrqBftK0M1VKhaF4	CNCO	['boy band', 'latin pop', 'reggaeton', 'urbano latino']	[2017, 2018]	6	4
2XnBwblw31dfGnspMIwgWz	Axwell /\ Ingrosso	['edm', 'pop dance', 'progressive electro house']	[2017, 2018]	6	1
2LZDXcxJWgsJfKXZv9a5eG	Cashmere Cat	['downtempo', 'electropop', 'shiver pop']	[2017, 2018]	6	6
7bMt24fjCeUulKxEUyLdL6	Nininho Vaz Maia	['portuguese pop']	[2021]	6	2
48HORs6F9P7IgdyKrk4MZC	Tarcísio do Acordeon	['arrocha']	[2021]	6	6
1jE8NLRTyT22UKfZ8AGRDm	Miguel Luz	['hip hop tuga']	[2017, 2021]	6	1
5xUf6j4upBrXZPg6AI4MRK	Soundgarden	['alternative metal', 'alternative rock', 'classic rock', 'grunge', 'hard rock', 'nu metal', 'rock']	[2017]	6	0
2ziB7fzrXBoh1HUPS6sVFn	Audioslave	['alternative metal', 'alternative rock', 'grunge', 'hard rock', 'nu metal', 'permanent wave', 'post-grunge', 'rock', 'supergroup']	[2017]	6	0
7MiDcPa6UiV3In7lIM71IN	Gusttavo Lima	['agronejo', 'arrocha', 'sertanejo', 'sertanejo universitario']	[2019, 2020, 2021, 2022]	5	1
6MPCFvOQv5cIGfw3jODMF0	Internet Money	['pop rap']	[2020, 2021, 2022]	5	5
048LktY5zMnakWq7PTtFrz	CKay	['afro r&b', 'afrobeats']	[2021, 2022]	5	3
3PZTvUS5fUUhV3EKAjqdZk	Mc Danny	['rave funk']	[2021, 2022]	5	5
4dnPDc045bVjibyATxVUOs	Marcynho Sensação	['arrocha']	[2021, 2022]	5	5
3Nipsl6GVwwGyeAk0J29C6	MC G15	['funk carioca', 'funk mtg', 'funk ostentacao', 'funk paulista', 'sertanejo universitario']	[2017, 2018, 2019, 2020, 2021, 2022]	5	3
1LvFNnGu8V8HBP8Qy2bhYv	Minguito 283	['drill tuga', 'hip hop tuga', 'rap criolo', 'trap tuga']	[2019, 2020, 2021, 2022]	5	1
7qb2GMJaX4HeXqqPPyYdlr	Dino d'Santiago	['hip hop tuga']	[2020, 2021, 2022]	5	3
4GNC7GD6oZMSxPGyXy4MNB	Lewis Capaldi	['pop', 'uk pop']	[2018, 2019, 2020, 2021, 2022]	5	0
6uYrXgVHctAJtIdSODcyLJ	Melim	['mpb', 'nova mpb', 'pop nacional']	[2018, 2019, 2020, 2021]	5	2
1ZJx1mKaG5qDGe1kvpbSMu	TAY	['hip hop tuga', 'portuguese pop', 'trap tuga']	[2019, 2020]	5	5
3BmGtnKgCSGYIUhmivXKWX	Kelly Clarkson	['dance pop', 'pop', 'talent show']	[2017, 2018, 2019, 2020, 2021]	5	2
1Bl6wpkWCQ4KVgnASpvzzA	BROCKHAMPTON	['boy band', 'rap']	[2018, 2019, 2020, 2021]	5	1
5GqnSMX8p2hxqsM6LqDty3	MC JottaPê	['agronejo', 'arrochadeira', 'funk carioca', 'funk paulista']	[2019, 2020, 2021]	5	5
5SVGhU7cTodC79weaAmjYy	Karetus	['hip hop tuga', 'portuguese pop']	[2017, 2018, 2019]	5	5
26dSoYclwsYLMAKD3tpOr4	Britney Spears	['dance pop', 'pop']	[2017, 2018, 2019, 2020, 2021]	5	0
0E0XPqa6BzxSkhmhvzA3k2	Matias Damásio	['musica angolana', 'portuguese pop', 'semba']	[2017, 2018, 2019, 2020, 2021]	5	3
7A8S43ryYdbWpJKeHRZRcq	JACKBOYS	['pop rap']	[2019, 2020, 2021]	5	4
1cZQSpDsxgKIX2yW5OR9Ot	Lennon Stella	['alt z', 'canadian pop', 'uk pop']	[2018, 2019]	5	5
7v4imS0moSyGdXyLgVTIV7	Nat King Cole	['adult standards', 'lounge', 'soul', 'swing', 'vocal jazz']	[2017, 2018, 2019, 2020, 2021]	5	0
74KM79TiuVKeVCqs8QtB0B	Sabrina Carpenter	['pop']	[2017, 2018, 2019, 2021]	5	2
76Xa625geVw0Q7BdyxNjA2	ZAAC	['funk carioca', 'funk ostentacao', 'funk pop']	[2017, 2018, 2019, 2020, 2021]	5	5
4oYolWgvQmCnjrvVNTymlf	CONAN OSIRIS	['deconstructed club', 'portuguese pop']	[2019, 2020]	5	1
4ScCswdRlyA23odg9thgIO	Jess Glynne	['pop', 'uk pop']	[2018, 2019]	5	2
4exLIFE8sISLr28sqG1qNX	Travis Barker	['rap rock']	[2018, 2019]	5	5
3KedxarmBCyFBevnqQHy3P	Jessie Reyez	['canadian contemporary r&b', 'canadian pop']	[2018, 2019]	5	5
2ExGrw6XpbtUAJHTLtUXUD	Stefflon Don	['dancehall', 'dancehall queen', 'uk dancehall', 'uk hip hop']	[2017, 2018, 2019]	5	5
1pPmIToKXyGdsCF6LmqLmI	Rich The Kid	['atl hip hop', 'melodic rap', 'plugg', 'rap', 'trap']	[2018, 2019]	5	3
2MREhFiavCOZXs0thPLuWu	Kappa Jotta	['hip hop tuga']	[2017, 2018, 2019, 2020, 2021]	5	0
0H39MdGGX6dbnnQPt6NQkZ	SAINt JHN	['melodic rap', 'slap house']	[2019, 2020, 2021]	5	5
3tVQdUvClmAT7URs9V3rsp	Wizkid	['afrobeats', 'afropop', 'azonto', 'azontobeats', 'nigerian hip hop', 'nigerian pop']	[2017, 2018, 2019, 2021]	5	5
25u4wHJWxCA9vO0CzxAbK7	Lukas Graham	['danish pop', 'scandipop']	[2017, 2018, 2019]	5	0
28gNT5KBp7IjEOQoevXf9N	Camilo	['colombian pop', 'latin pop', 'reggaeton colombiano']	[2019, 2020, 2021]	5	5
7IlRNXHjoOCgEAWN5qYksg	Aya Nakamura	['basshall', 'pop urbaine', 'r&b francais']	[2018, 2019, 2020, 2021]	5	2
2SrSdSvpminqmStGELCSNd	Stormzy	['grime', 'uk hip hop']	[2017, 2019, 2020]	5	5
7CyeXFnOrfC1N6z4naIpgo	The Ronettes	['brill building pop', 'classic girl group', 'motown', 'rock-and-roll']	[2017, 2018, 2019, 2020, 2021]	5	0
1sPg5EHuQXTMElpZ4iUgXe	ANAVITÓRIA	['folk brasileiro', 'nova mpb', 'pop lgbtq+ brasileira', 'pop nacional']	[2017, 2018, 2019, 2020]	5	4
7FaGlrXXBuq0XrlerWfI3n	Domi	['hip hop tuga']	[2018, 2019]	5	2
20JZFwl6HVl6yg8a4H3ZqK	Panic! At The Disco	['pop']	[2018, 2019]	5	2
6uVPyqbCsr2hcfDwGTmdl4	Aragão	['hip hop tuga']	[2019, 2020, 2021]	5	0
06lnOkY99sXVW44Y0M4BDP	Vitão	['pop nacional']	[2019, 2020, 2021]	5	5
1l7ZsJRRS8wlW3WfJfPfNS	Christina Aguilera	['dance pop', 'pop']	[2017, 2018, 2019, 2020, 2021]	5	3
7d3WFRME3vBY2cgoP38RDo	Lil Skies	['melodic rap']	[2018, 2019]	5	3
1cNDP5yjU5vjeR8qMf4grg	YNW Melly	['melodic rap', 'rap']	[2019, 2020]	5	3
5rSXSAkZ67PYJSvpUpkOr7	Backstreet Boys	['boy band', 'dance pop', 'pop']	[2018, 2019, 2020, 2021]	5	0
73sIBHcqh3Z3NyqHKZ7FOL	Childish Gambino	['atl hip hop', 'hip hop', 'rap']	[2017, 2018, 2019, 2020]	5	1
1Ffb6ejR6Fe5IamqA5oRUF	Bring Me The Horizon	['melodic metalcore', 'metalcore', 'modern rock', 'pop punk', 'rock', 'uk metalcore']	[2018, 2019, 2020]	5	0
4lDBihdpMlOalxy1jkUbPl	Grey	[]	[2017, 2018, 2019]	5	5
21WS9wngs9AqFckK7yYJPM	PnB Rock	['melodic rap', 'rap', 'trap']	[2017, 2018, 2019]	5	5
4Rxn7Im3LGfyRkY2FlHhWi	Nick Jonas	['dance pop', 'pop']	[2017, 2019]	5	4
2EMAnMvWE2eb56ToJVfCWs	Bryson Tiller	['kentucky hip hop', 'r&b', 'rap']	[2017, 2018, 2019, 2020]	5	3
6ifumpAV0R9kdjfy6pWzHc	Mota JR	['drill tuga', 'hip hop tuga', 'rap criolo']	[2017, 2018, 2020]	5	3
2AiLSd9HXwfFwO9g00s2hk	Boss AC	['hip hop tuga']	[2018, 2020]	5	3
1XLWox9w1Yvbodui0SRhUQ	StaySolidRocky	['melodic rap']	[2020, 2021]	5	2
4ZWBY6qCj0UzSZoEjdBnBH	Sara Carreira	['portuguese pop']	[2020, 2021]	5	3
7EEiVZvj6RCEtVX2F2pyxu	Slim Jxmmi	['trap']	[2018]	5	5
5gCRApTajqwbnHHPbr2Fpi	Juicy J	['crunk', 'memphis hip hop', 'pop rap', 'rap', 'southern hip hop', 'trap']	[2017, 2018]	5	5
4vhNDa5ycK0ST968ek7kRr	Carlos Vives	['colombian pop', 'latin pop', 'vallenato']	[2017, 2018]	5	5
7t0rwkOPGlDPEhaOcVtOt9	The Cranberries	['irish rock', 'pop rock', 'rock']	[2018]	5	0
7qG3b048QCHVRO5Pv1T5lw	Enrique Iglesias	['dance pop', 'latin pop', 'mexican pop']	[2017, 2018]	5	5
1okJ4NC308qbtY9LyHn6DO	BloodPop®	['electropop']	[2017, 2018]	5	5
7nwUJBm0HE4ZxD3f5cy5ok	Aretha Franklin	['classic soul', 'jazz blues', 'memphis soul', 'soul', 'southern soul', 'vocal jazz']	[2017, 2018]	5	0
5exS0bytCYdixgv02DaCm3	William Singe	[]	[2017, 2018]	5	5
7qPLO2XOUaRrRxkvLZ3AEK	Zeeba	[]	[2017, 2018]	5	4
3XHO7cRUPCLOr6jwp8vsx5	alt-J	['indie rock', 'indietronica', 'modern alternative rock', 'modern rock', 'rock']	[2017, 2018]	5	0
0ONHkAv9pCAFxb0zJwDNTy	Pusha T	['gangster rap', 'hip hop', 'rap', 'southern hip hop', 'trap', 'virginia hip hop']	[2017, 2018, 2021]	5	5
3b8QkneNDz4JHKKKlLgYZg	Florida Georgia Line	['contemporary country', 'country', 'country pop', 'country road', 'modern country rock']	[2017, 2018]	5	4
3qm84nBOXUEQ2vnTfUTTFC	Guns N' Roses	['glam metal', 'hard rock', 'rock']	[2017, 2018]	5	0
0RPzmE1iY76tx1eBBXFyYn	DJ Ivis	['arrocha', 'piseiro']	[2021]	5	5
1uU7g3DNSbsu0QjSEqZtEd	Masked Wolf	['australian hip hop']	[2021]	5	0
65pBw5z7QlvhAGZvlzjmWA	D'ay	[]	[2021]	5	5
68Uwx1d3EbjDJhYsLjqvIq	Emma Stone	['hollywood']	[2017]	5	4
4kYGAK2zu9EAomwj3hXkXy	JP Cooper	['uk pop']	[2017]	5	3
6USv9qhCn6zfxlBQIYJ9qs	Dominic Fike	['alternative pop rock', 'pov: indie']	[2019, 2021, 2022]	4	3
6cK3NBO6uP7hh0oyuVELFl	Saweetie	['cali rap', 'trap queen']	[2021, 2022]	4	4
0LcJLqbBmaGUft1e9Mm8HV	ABBA	['europop', 'swedish pop']	[2021, 2022]	4	0
6PERJZF7wohA034PAxDK0b	Neo Beats	['trap brasileiro']	[2021, 2022]	4	4
2zWqENF4cnsd1nLmraG9IE	DJ Lucas Beat	['agronejo']	[2020, 2021, 2022]	4	3
7zxFc10N9BP2lg73b8cwZ0	Salve Malak	['pop rap brasileiro']	[2020, 2021, 2022]	4	4
1WXbiUMl1AT9Inb619xPUg	BIN	['rap baixada fluminense', 'trap brasileiro', 'trap carioca']	[2021, 2022]	4	4
6ZiGAU6TJQEyidFQ22eIOS	Mc Rennan	['deboxe', 'funk mtg', 'rave funk']	[2020, 2021, 2022]	4	4
1cYhx7ZOhYoVmnDPb9KMwo	Mc Davi	['funk carioca', 'funk paulista']	[2018, 2020, 2021, 2022]	4	4
7rXMvXRnWHaSwnVvPeUUfw	Gloria Groove	['funk carioca', 'pop lgbtq+ brasileira']	[2019, 2021, 2022]	4	0
4fxd5Ee7UefO4CUXgwJ7IP	Giveon	['r&b']	[2020, 2021, 2022]	4	3
6HmLPYedWhpFhiF8BonrMG	Vado Más Ki Ás	['hip hop tuga', 'rap criolo']	[2019, 2020, 2021, 2022]	4	3
4az97MtWmBQ5Db3GfDh9j9	Morad	['drill espanol', 'urbano espanol']	[2021, 2022]	4	1
14CHVeJGrR5xgUGQFV5BVM	Fivio Foreign	['brooklyn drill', 'new york drill', 'trap']	[2020, 2021, 2022]	4	4
6ydoSd3N2mwgwBHtF6K7eX	Calum Scott	['pop']	[2017, 2018, 2021, 2022]	4	1
1U1el3k54VvEUzo3ybLPlM	Kali Uchis	['colombian pop']	[2017, 2021, 2022]	4	3
0JjPiLQNgAFaEkwoy56B1C	L7NNON	['funk rj', 'pop rap brasileiro', 'trap brasileiro']	[2020, 2021, 2022]	4	4
6nVcHLIgY5pE2YCl8ubca1	Jhayco	['reggaeton', 'trap latino', 'urbano latino']	[2019, 2020, 2021, 2022]	4	4
6fWVd57NKTalqvmjRd2t8Z	24kGoldn	['cali rap']	[2020, 2021, 2022]	4	3
0y7B2G0jNMGWyQJsOoRMUt	Ajaxx	['trap brasileiro']	[2021, 2022]	4	4
0xRXCcSX89eobfrshSVdyu	MEDUZA	['pop dance', 'pop house', 'uk dance']	[2019, 2020, 2021, 2022]	4	4
3hteYQFiMFbJY7wS0xDymP	Gesaffelstein	['dark clubbing']	[2018, 2019, 2021, 2022]	4	4
0qSX3s5pJnAlSsgsCne8Cz	Brett Eldredge	['contemporary country', 'country', 'country road', 'modern country rock']	[2018, 2019, 2020, 2021]	4	2
20sxb77xiYeusSH8cVdatc	Meek Mill	['hip hop', 'philly rap', 'pop rap', 'rap', 'southern hip hop', 'trap']	[2018, 2019]	4	4
4RSyJzf7ef6Iu2rnLdabNq	Willy William	[]	[2017, 2018, 2019]	4	4
1ooV8YZC1KbpEcrmI8WH0F	Yebba	['pop soul']	[2017, 2019, 2021]	4	4
4kMEocHCIwaO4u4J01U8Dw	Supa Squad	['hip hop tuga', 'moombahton', 'reggae tuga']	[2019, 2020]	4	4
1TtXnWcUs0FCkaZDPGYHdf	Darell	['latin hip hop', 'reggaeton', 'trap latino', 'urbano latino']	[2018, 2019]	4	4
5hdhHgpxyniooUiQVaPxQ0	Nio Garcia	['reggaeton', 'trap latino', 'urbano latino']	[2018, 2019, 2020, 2021]	4	4
7mnBLXK823vNxN3UWB7Gfz	The Black Keys	['alternative rock', 'blues rock', 'garage rock', 'indie rock', 'indietronica', 'modern blues rock', 'modern rock', 'punk blues', 'rock', 'roots rock']	[2017, 2019]	4	0
0A0FS04o6zMoto8OKPsDwY	YG	['cali rap', 'hip hop', 'pop rap', 'rap', 'southern hip hop', 'trap']	[2017, 2018, 2019]	4	4
3QSQFmccmX81fWCUSPTS7y	Dean Lewis	['australian pop', 'singer-songwriter pop']	[2018, 2019, 2020]	4	0
4ryoUS0W8qXokfMxrlJt6O	Skip Marley	['modern reggae']	[2017, 2019]	4	4
4STHEaNw4mPZ2tzheohgXB	Paul McCartney	['beatlesque', 'classic rock', 'rock']	[2017, 2018, 2019, 2020, 2021]	4	0
56oDRnqbIiwx4mymNEv7dS	Lizzo	['escape room', 'minnesota hip hop', 'pop', 'trap queen']	[2019, 2020, 2021]	4	2
6eYFryfcEu3QSq59D62wZQ	Brendon Urie	[]	[2018, 2019]	4	4
49e4v89VmlDcFCMyDv9wQ9	Dean Martin	['adult standards', 'easy listening', 'lounge', 'vocal jazz']	[2017, 2018, 2019, 2020, 2021]	4	0
6Dd3NScHWwnW6obMFbl1BH	Daya	['pop']	[2017, 2018, 2019]	4	1
6olE6TJLqED3rqDCT0FyPh	Nirvana	['grunge', 'permanent wave', 'rock']	[2017, 2018, 2019, 2021]	4	0
6Ad91Jof8Niiw0lGLLi3NW	YUNGBLUD	['british indie rock', 'modern rock', 'pov: indie', 'rock']	[2019, 2021]	4	4
7HkdQ0gt53LP4zmHsL0nap	Ella Mai	['r&b', 'rap', 'uk contemporary r&b']	[2018, 2019]	4	1
4YLtscXsxbVgi031ovDDdh	Chris Stapleton	['contemporary country', 'outlaw country']	[2018, 2019]	4	4
5V0MlUE1Bft0mbLlND7FJz	Ella Fitzgerald	['adult standards', 'jazz', 'jazz blues', 'soul', 'swing', 'vocal jazz']	[2018, 2019, 2020, 2021]	4	0
3KwmxIhSe9UTSEF37kwngR	SHAED	['electropop']	[2018, 2019, 2020]	4	3
6pyqBc7HaffcZJhyfjnceP	Regula	['hip hop tuga']	[2017, 2018, 2019, 2020, 2021]	4	2
60rpJ9SgigSd16DOAG7GSa	Billy Ray Cyrus	['country rock']	[2019, 2020]	4	4
0id62QV2SZZfvBn9xpmuCl	Aloe Blacc	['pop soul', 'r&b']	[2019]	4	4
6tbjWDEIzxoDsBA1FuhfPW	Madonna	['dance pop', 'pop']	[2019, 2020]	4	4
391oLRVmoTkumiN79HkTWu	Darlene Love	[]	[2017, 2018, 2019, 2020, 2021]	4	0
360IAlyVv4PCEVjgyMZrxK	Miguel	['r&b']	[2017, 2018, 2019]	4	4
2Cra8I2P4OnMkVguqZRVwi	Felipe Original	['arrochadeira', 'brega funk']	[2019, 2020, 2021]	4	4
7C7NNCiIFavKH6oDarjp0v	JS o Mão de Ouro	['arrocha', 'brega funk']	[2019, 2020, 2021]	4	4
2RDOrhPqAM4jzTRCEb19qX	Sheck Wes	['pop rap', 'rap', 'trap']	[2018, 2019, 2020]	4	2
1i3LAyYIXtdsYVUkIgIkjx	Murta	['hip hop tuga', 'portuguese pop']	[2018, 2019, 2020, 2021]	4	2
7wlFDEWiM5OoIAt8RSli8b	YoungBoy Never Broke Again	['baton rouge rap', 'rap']	[2019, 2020, 2021]	4	4
73jBynjsVtofjRpdpRAJGk	Dimitri Vegas & Like Mike	['belgian dance', 'belgian edm', 'big room', 'dutch house', 'edm', 'electro house', 'pop dance', 'progressive electro house']	[2017, 2019]	4	4
6C1ohJrd5VydigQtaGy5Wa	Joyner Lucas	['boston hip hop', 'hip hop', 'pop rap', 'rap']	[2018, 2019, 2021]	4	3
5H1nN1SzW0qNeUEZvuXjAj	Danny Ocean	['pop venezolano', 'reggaeton', 'trap latino', 'urbano latino']	[2017, 2018, 2019]	4	0
2LRoIwlKmHjgvigdNGBHNo	Feid	['colombian pop', 'pop reggaeton', 'reggaeton colombiano', 'trap latino', 'urbano latino']	[2019, 2020]	4	4
49tQo2QULno7gxHutgccqF	LANY	['la pop']	[2017, 2019, 2020]	4	2
2gsggkzM5R49q6jpPvazou	Jessie J	['dance pop', 'pop']	[2017, 2018, 2019, 2020, 2021]	4	1
6EoXtJUmzYqNzkMVH1o5gN	Deezy	['hip hop tuga', 'rap angolano']	[2018, 2019, 2020, 2021]	4	4
1rtrFjartQj3xws8TZ1dXu	GROGNation	['hip hop tuga']	[2018, 2019, 2020]	4	2
5JYo7gm2dkyLLlWHjxS7Dy	Sandro Cavazza	['swedish pop']	[2017, 2018, 2019, 2020]	4	4
2jnIB6XdLvnJUeNTy5A0J2	Why Don't We	['boy band', 'pop']	[2018, 2019]	4	1
4f9iBmdUOhQWeP7dcAn1pf	Rag'n'Bone Man	['neo soul']	[2017, 2018, 2019]	4	2
6fOMl44jA4Sp5b9PpYCkzz	NF	['hip hop', 'pop rap']	[2017, 2018, 2019]	4	0
5ZOMkfINXvTF4GqNwHPsfW	Badoxa	['kizomba', 'portuguese pop']	[2017, 2019]	4	1
64aJYyrXljOodnUG6jvhRD	DJ Luian	['reggaeton', 'reggaeton flow', 'trap latino', 'urbano latino']	[2017, 2018, 2019]	4	4
2T1aUibqR2QC2sINIDQOAK	Mambo Kingz	['reggaeton', 'reggaeton flow', 'trap latino', 'urbano latino']	[2017, 2018, 2019]	4	4
5jAMCwdNHWr7JThxtMuEyy	NOTD	['electropop', 'pop dance', 'pop edm']	[2017, 2018, 2019]	4	4
3MHaV05u0io8fQbZ2XPtlC	Prince Royce	['bachata', 'latin hip hop', 'latin pop', 'urbano latino']	[2017, 2018, 2019]	4	3
0XrDy5XUWRVcD4O8sSyzEV	Instinto 26	['hip hop tuga', 'trap tuga']	[2020, 2021]	4	4
09R2ZnVOtZJjYH5CkDkA0M	Kibow	[]	[2020, 2021]	4	4
46MWeeHNVMYRIIofQBEX98	BEAM	['trap soul']	[2020, 2021]	4	4
5rGrDvrLOV2VV8SCFVGWlj	Imanbek	['electro house', 'pop dance', 'slap house']	[2020, 2021]	4	4
1OB278sOZVSFx5vXqYha83	J. Rey Soul	[]	[2020, 2021]	4	4
14zUHaJZo1mnYtn6IBRaRP	Justin Quiles	['reggaeton', 'trap latino', 'urbano latino']	[2020, 2021]	4	4
4gOc8TsQed9eqnqJct2c5v	K/DA	['k-pop girl group']	[2018, 2020]	4	4
1o2NpYGqHiCq7FoiYdyd1x	Bea Miller	['alt z', 'pop', 'talent show']	[2018, 2020]	4	3
5XmuuM2C6t4HSPa3FSuU3h	WanMor	[]	[2020]	4	4
5EvFsr3kj42KNv97ZEnqij	Shaggy	['dance pop', 'pop rap', 'reggae fusion']	[2017, 2020]	4	4
6DVipHzYsPlIoA0DW8Gmns	"Royce Da 5'9"""	['detroit hip hop', 'gangster rap', 'hardcore hip hop', 'hip hop']	[2018, 2020]	4	4
2ayNSoKPCRAfjp6hQ76hRu	Nacho	['latin pop', 'pop venezolano', 'reggaeton', 'trap latino', 'urbano latino']	[2017, 2018]	4	3
4D75GcNG95ebPtNvoNVXhz	AFROJACK	['big room', 'dance pop', 'dutch house', 'edm', 'electro house', 'pop dance', 'progressive electro house']	[2017, 2018]	4	4
3NPpFNZtSTHheNBaWC82rB	X Ambassadors	['modern alternative rock', 'modern rock', 'stomp pop']	[2017, 2018]	4	4
3EW0kQ1skZiK1NHg3Spt9J	Takeoff	['atl hip hop', 'rap', 'trap']	[2017, 2018, 2021]	4	2
7gAppWoH7pcYmphCVTXkzs	The Vamps	['boy band', 'pop']	[2017, 2018]	4	4
5wPoxI5si3eJsYYwyXV4Wi	N.E.R.D	['hip hop', 'virginia hip hop']	[2017, 2018]	4	4
72G65J87dqMi39O00Du2Je	António Zambujo	['fado', 'portuguese rock']	[2018, 2021]	4	1
2P5sC9cVZDToPxyomzF1UH	Joey Bada$$	['conscious hip hop', 'hip hop', 'rap']	[2017, 2018]	4	2
7pFeBzX627ff0VnN6bxPR4	Desiigner	['pop rap', 'rap', 'southern hip hop', 'trap', 'viral trap']	[2017, 2018]	4	1
3Gm5F95VdRxW3mqCn8RPBJ	Aminé	['pop rap', 'portland hip hop', 'rap', 'underground hip hop']	[2017, 2018]	4	0
57WHJIHrjOE3iAxpihhMnp	Louis Tomlinson	['pop']	[2017, 2018]	4	2
5SXuuuRpukkTvsLuUknva1	Baby Keem	['hip hop', 'rap']	[2021]	4	4
4MSuDuj8bqu98lJxhW8u2y	Directivo Ultras XXI	[]	[2021]	4	0
736JbivCkAkdLP9xOA3jLs	Th CDM	['arrochadeira', 'brega funk']	[2021]	4	3
6T5tfhQCknKG4UnH90qGnz	DNCE	['dance pop', 'pop']	[2017]	4	2
4BxCuXFJrSWGi1KHcVqaU4	Kodaline	['irish pop', 'modern rock']	[2017]	4	0
0cmWgDlu9CwTgxPhf403hb	Bonobo	['downtempo', 'electronica', 'indietronica', 'instrumental hip hop', 'jazztronica', 'nu jazz', 'trip hop']	[2017]	4	1
74XFHRwlV6OrjEM0A2NCMF	Paramore	['candy pop', 'modern rock', 'pixie', 'pop', 'pop emo', 'pop punk', 'rock']	[2017]	4	0
4pHDBbJMWvniiMjrhi2rfE	Os Quatro e Meia	['portuguese folk']	[2020, 2021, 2022]	3	0
45dkTj5sMRSjrmBSBeiHym	Tate McRae	['alt z', 'pop']	[2020, 2021, 2022]	3	0
2sJi2UQrxTzhekQYGLxvT6	MC Josh	['funk bh', 'funk mtg']	[2021, 2022]	3	1
0Dx6HmR7Rhi8G1osUOxAew	Yuri NR5	['hip hop tuga', 'trap tuga']	[2020, 2021, 2022]	3	1
1WQBwwssN6r8DSjUlkyUGW	MC Cabelinho	['funk consciente', 'trap brasileiro', 'trap funk']	[2020, 2021, 2022]	3	3
5L1lO4eRHmJ7a0Q6csE5cT	LISA	['k-pop']	[2021, 2022]	3	1
1Bp5RHQ2K9k986YoxNvACB	Perera DJ	['funk carioca', 'funk mtg', 'funk paulista']	[2021, 2022]	3	3
67MNhiAICFY6Pwc2YxCO0K	Elley Duhé	['alt z']	[2018, 2019, 2022]	3	2
0lHB0Qc4pmD5RkTLlHeESo	MC L da Vinte	['funk bh', 'funk carioca', 'funk mtg', 'funk rj']	[2018, 2019, 2021, 2022]	3	3
7gJN8W0589FisSYJS17K54	Filipe Ret	['pop rap brasileiro']	[2020, 2021, 2022]	3	3
5xKesKsXI1jv2TorLOnbbm	Mc Frog	['agronejo', 'funk bh', 'funk mandelao', 'funk mtg', 'funk viral']	[2021, 2022]	3	3
0BHm7qbh3ENxvXzkQAG7MP	Mari Fernandez	['agronejo', 'arrocha', 'arrochadeira']	[2021, 2022]	3	1
5pBMkZNIlbGTH3hrsQJqAa	Mc Kevin	['funk carioca', 'funk ostentacao', 'funk paulista']	[2018, 2021, 2022]	3	3
0pcoadNMmvrUyab1RxWBoV	MC Hariel	['funk carioca', 'funk consciente', 'funk paulista']	[2020, 2021, 2022]	3	2
75i9GaW2MJUgt4BkdUnuUY	MC Ryan SP	['funk paulista']	[2020, 2021, 2022]	3	3
6DgP9otnZw5z6daOntINxp	Joel Corry	['dance pop', 'pop dance', 'uk dance']	[2020, 2021, 2022]	3	3
6ulkDr2Bnu7Qlbrs5iDOF1	MC Teteu	['funk mtg', 'rave funk']	[2021, 2022]	3	3
68PYmgkbRP1qZnEWOry7sB	Chefin	['funk carioca', 'trap brasileiro']	[2022]	3	3
1HHcnYrMqv4xpwHJAzUfqO	Rui Veloso	['portuguese rock']	[2018, 2022]	3	2
37mqXU98U5GmH5ZDtlHM1c	Matheus Fernandes	['arrocha']	[2021, 2022]	3	3
7hJcb9fa4alzcOq3EaNPoG	Snoop Dogg	['g funk', 'gangster rap', 'hip hop', 'pop rap', 'rap', 'west coast rap']	[2018, 2019, 2022]	3	3
3NP4jJcW3R6qO6rbtnH0wn	MARO	['musica portuguesa contemporanea']	[2018, 2022]	3	1
3DiDSECUqqY1AuBP8qtaIa	Alicia Keys	['neo soul', 'pop', 'r&b']	[2017, 2020, 2022]	3	3
7cYEt1pqMgXJdq00hAwVpT	Chase Atlantic	['alternative r&b']	[2021, 2022]	3	0
0KKUc4amZyvswV2YL6WTar	Mariah Angeliq	['rap latina', 'trap latino', 'urbano latino']	[2021, 2022]	3	3
77SW9BnxLY8rJ0RciFqkHh	The Neighbourhood	['modern alternative rock', 'modern rock', 'pop', 'pov: indie']	[2020, 2021, 2022]	3	0
523y9KSneKh6APd1hKxLuF	Master KG	['bolobedu house', 'south african house']	[2020, 2021, 2022]	3	3
4cfKtwkefMW3aiXtxfw8w6	Nomcebo Zikode	['afro soul', 'south african pop']	[2020, 2021, 2022]	3	3
3q7HBObVc0L8jNeTe5Gofh	50 Cent	['east coast hip hop', 'gangster rap', 'hip hop', 'pop rap', 'queens hip hop', 'rap']	[2019, 2020, 2021, 2022]	3	2
1OwYxVDNKP9JtSpp5E0uA4	MC Zaquin	['funk bh', 'funk mtg']	[2021, 2022]	3	2
6ASri4ePR7RlsvIQgWPJpS	iann dior	['melodic rap']	[2020, 2021, 2022]	3	3
2oWYReGFzdcjvgUC5aizxv	Quim Barreiros	['classic portuguese pop']	[2018, 2019, 2020, 2022]	3	0
5uYe4bcAXlMP7d4mrOYkML	Niack	['funk carioca', 'funk mtg']	[2020, 2021, 2022]	3	1
17CbKzT0I4256iVuPvrZXr	Dj Serpinha	['funk mandelao']	[2021, 2022]	3	3
47MpMsUfWtgyIIBEFOr4FE	Lunay	['reggaeton', 'reggaeton flow', 'trap latino', 'urbano latino']	[2019, 2022]	3	3
1pQWsZQehhS4wavwh7Fnxd	Lenny Tavárez	['reggaeton', 'trap argentino', 'trap latino', 'urbano latino']	[2019, 2022]	3	3
5JbQpbeFaKfuZVFzKwaawP	MC Rogerinho	['arrocha', 'batidao romantico']	[2020, 2021, 2022]	3	0
6EPlBSH2RSiettczlz7ihV	Sleepy Hallow	['brooklyn drill', 'nyc rap']	[2020, 2021, 2022]	3	2
1cNPXWhKfjI0fT5EMCnamR	Dj Guuga	['arrocha', 'arrochadeira', 'funk paulista', 'rave funk']	[2019, 2020, 2021, 2022]	3	3
5KNNVgR6LBIABRIomyCwKJ	Dermot Kennedy	['folk-pop', 'irish pop', 'uk pop']	[2019, 2020, 2021, 2022]	3	1
6t1gpxYbY8OlLA7D2RiikQ	Loud Luxury	['edm', 'pop dance']	[2018, 2019]	3	3
4spmzPX02Jg0rnuyIWFngi	Apollo G	['hip hop tuga', 'rap criolo']	[2018, 2019, 2020]	3	1
2nm38smINjms1LtczR0Cei	Goodboys	['pop dance', 'uk dance']	[2019, 2020, 2021]	3	3
3MSqfnvBVsuUasELt0gFOE	MC Zuka	['deep funk ostentacao']	[2018, 2019, 2020]	3	3
6nS5roXSAGhTGr34W6n7Et	Disclosure	['edm', 'house', 'indietronica', 'uk dance']	[2019, 2020]	3	3
38EmEgXkgK51MT2tPY0EoC	Bobby Helms	[]	[2017, 2018, 2019, 2020, 2021]	3	0
4yafH0N98ld6th7MqELRXa	Jvst Fly	['hip hop tuga', 'portuguese pop']	[2019, 2020]	3	0
3maUA3E2H0Yyugw8MsEeJi	Los Cavakitos	[]	[2019, 2020, 2021]	3	3
5MbNzCW3qokGyoo9giHA3V	EARTHGANG	['atl hip hop', 'hip hop', 'psychedelic hip hop', 'rap', 'underground hip hop']	[2019]	3	3
5yPzzu25VzEk8qrGTLIrE1	Young Nudy	['pluggnb', 'rap', 'trap']	[2019, 2020]	3	3
6PDLwWvgYNMfBRLqC1h5cJ	Buddy	['alternative r&b', 'cali rap']	[2018, 2019]	3	3
0MHgLfmQdutffmvWe5XBTN	Burl Ives	['adult standards', 'american folk revival']	[2017, 2018, 2019, 2020, 2021]	3	0
1MIVXf74SZHmTIp4V4paH4	Mabel	['pop', 'uk pop']	[2019, 2020]	3	0
0jTDeBJQr3unrK29LklnAv	Lexa	['funk carioca', 'funk pop', 'funk rj', 'pop nacional', 'sertanejo universitario']	[2019, 2020, 2021]	3	3
1g00QP1vSwdi3mnn0PmzPa	Rui Orlando	['kizomba', 'musica angolana', 'portuguese pop']	[2019, 2020]	3	1
16M8fuShcwX8uBDdmFZH9B	Israel B	['boom bap espanol', 'drill espanol', 'spanish hip hop', 'urbano espanol']	[2019, 2020]	3	3
7LHU5Uga349zOVMpDPf4ij	LOWLIGHT	['urbano espanol']	[2019, 2020]	3	3
4cPHsZM98sKzmV26wlwD2W	Brenda Lee	['adult standards', 'easy listening', 'lounge', 'rockabilly']	[2017, 2018, 2019, 2020, 2021]	3	0
11iQCRz636WFdHj42qxAF6	POCAH	['funk carioca', 'funk rj', 'pagode baiano']	[2019, 2020]	3	2
5bzWtCkjIAMgN93gLt56SO	Tropkillaz	['afrofuturismo brasileiro', 'bass trap', 'funk carioca', 'pop nacional']	[2017, 2018, 2019, 2020]	3	3
0iZz25uH5PLaShpqq84uYv	Papatinho	['brazilian hip hop', 'funk carioca']	[2019, 2020]	3	3
6wWVKhxIU2cEi0K81v7HvP	Rammstein	['german metal', 'industrial', 'industrial metal', 'industrial rock', 'neue deutsche harte']	[2019]	3	0
7z2avKuuiMAT4XZJFv8Rvh	Tom Walker	['indie anthem-folk', 'uk pop']	[2018, 2019]	3	0
7dwz1nJE4Twe22y0rnYg8u	Fínix MG	['drill tuga', 'hip hop tuga', 'trap tuga']	[2018, 2019, 2020]	3	3
4sj6D0zlMOl25nprDJBiU9	Andy Williams	['adult standards', 'easy listening']	[2017, 2018, 2019, 2020, 2021]	3	0
1tqhsYv8yBBdwANFNzHtcr	Lil Dicky	['comedy rap', 'indie pop rap', 'pop rap']	[2018, 2019, 2020]	3	2
57LYzLEk2LcFghVwuWbcuS	Summer Walker	['r&b']	[2019]	3	3
1INuLZXjjVbcJRyWvD1iSq	Jack & Jack	['pop', 'teen pop']	[2018, 2019]	3	3
4S9EykWXhStSc15wEx8QFK	Céline Dion	['canadian pop']	[2017, 2018, 2019, 2020, 2021]	3	0
4rTv3Ejc7hKMtmoBOK1B4T	Ali Gatie	['canadian hip hop']	[2019, 2020, 2021]	3	0
2IK559MuWjlwxUj6zuikU7	ÁTOA	['portuguese pop']	[2017, 2019]	3	0
0vRvGUQVUjytro0xpb26bs	Arizona Zervas	['pop rap', 'rhode island rap']	[2019, 2020, 2021]	3	0
7KVJCU4z5L4EUHILL8aMxR	Leo Santana	['arrocha', 'pagode baiano', 'pop nacional']	[2017, 2018, 2019, 2020, 2021]	3	3
3vQ0GE3mI0dAaxIMYe5g7z	Paulo Londra	['argentine hip hop', 'trap argentino', 'trap latino', 'urbano latino']	[2018, 2019]	3	2
6ZLTlhejhndI4Rh53vYhrY	Ozzy Osbourne	['album rock', 'alternative metal', 'birmingham metal', 'classic rock', 'glam metal', 'hard rock', 'metal', 'nu metal', 'rock']	[2019, 2020]	3	3
2DaxqgrOhkeH0fpeiQq2f4	Oasis	['beatlesque', 'britpop', 'madchester', 'permanent wave', 'rock']	[2017, 2018, 2019, 2020, 2021]	3	0
4ehtJnVumNf6xzSCDk8aLB	Martin Jensen	['danish electronic', 'edm', 'pop dance']	[2017, 2018, 2019]	3	2
4urt2xl0g8G7PMl5NXnGbu	Ornatos Violeta	['portuguese rock']	[2018, 2019, 2020]	3	1
3shPgAzHMyRwWOkXeoWKeB	MC Bruninho	['batidao romantico', 'brega funk', 'brega romantico', 'funk carioca', 'pop teen brasileiro']	[2018, 2019, 2020]	3	2
1CiMATzKSsvnOxKEXTf4t2	YUZI	['hip hop tuga', 'trap tuga']	[2018, 2019, 2020]	3	1
7uaIm6Pw7xplS8Dy06V6pT	Trevor Daniel	['melodic rap']	[2019, 2020, 2021]	3	1
77ZUbcdoU5KCPHNUl8bgQy	João Gilberto	['bossa nova', 'brazilian jazz', 'cool jazz', 'jazz guitar', 'samba', 'violao']	[2017, 2018, 2019]	3	0
4EzkuveR9pLvDVFNx6foYD	James Bay	['neo mellow', 'pop', 'uk pop']	[2017, 2019]	3	1
25tMQOrIU4LlUo6Sv8v5SE	Gavin James	['irish pop']	[2017, 2018, 2019]	3	2
2QjS2N6sORI7H4qbf6xitS	WC no Beat	['brazilian hip hop', 'funk carioca', 'no beat', 'trap funk']	[2019, 2020]	3	3
2p1fiYHYiXz9qi0JJyxBzN	Skepta	['birmingham grime', 'grime', 'instrumental grime', 'uk hip hop']	[2018, 2019, 2020, 2021]	3	3
43ZHCT0cAZBISjO8DG9PnE	Elvis Presley	['rock-and-roll', 'rockabilly']	[2017, 2018, 2019, 2020, 2021]	3	0
4Z8W4fKeB5YxbusRsdQVPb	Radiohead	['alternative rock', 'art rock', 'melancholia', 'oxford indie', 'permanent wave', 'rock']	[2017, 2018, 2019]	3	0
2NjfBq1NflQcKSeiDooVjY	Tones And I	['australian pop']	[2019, 2020, 2021]	3	0
26T3LtbuGT1Fu9m0eRq5X3	Cage The Elephant	['modern alternative rock', 'modern rock', 'pov: indie', 'punk blues', 'rock']	[2017, 2019]	3	0
0wi4yTYlGtEnbGo4ltZTib	Shakin' Stevens	['classic uk pop', 'rockabilly']	[2017, 2018, 2019, 2020, 2021]	3	0
1m00QT2CkW6rHi4dly8rVN	Mallu Magalhães	['mpb', 'nova mpb']	[2017, 2019]	3	1
5KEG7G8LDYlHgFDqZyEEs2	Chris Rea	['soft rock', 'sophisti-pop']	[2017, 2018, 2019, 2020, 2021]	3	0
3tkHlk2d0v43tTN0YCCgWB	tripsyhell	['trap tuga']	[2019, 2020, 2021]	3	3
24ln2MhGkr8aWPhqrgQ7LZ	Edgar Domingos	['kizomba']	[2020]	3	0
6trIghKwHRUyxwvm66HLHH	Fousheé	['indie r&b']	[2020]	3	2
6nB0iY1cjSY1KyhYyuIIKH	FKA twigs	['afrofuturism', 'alternative r&b', 'art pop', 'escape room', 'experimental r&b', 'trip hop']	[2018, 2020, 2021]	3	3
6vgClJhn4BAJ4pmLvsT8lt	Nuno Ribeiro	['portuguese pop']	[2020, 2021]	3	3
3rfM2cGqF6DB0kUyytMkXx	Orochi	['brazilian hip hop', 'trap brasileiro']	[2020]	3	3
5HjL8Wcg8TdKTABDci2mB7	Ana Moura	['fado', 'portuguese pop']	[2017, 2020, 2021]	3	2
5W4i9lwHlsuhSL6Mw4KvCQ	Joint One	['hip hop tuga']	[2020, 2021]	3	3
4byuw0pyzVNeEONKcPIpAA	Carlão	['hip hop tuga', 'portuguese pop']	[2017, 2020]	3	2
1bqxdqvUtPWZri43cKHac8	MAX	['viral pop']	[2017, 2018, 2020]	3	2
2AfmfGFbe0A0WsTYm0SDTx	(G)I-DLE	['k-pop', 'k-pop girl group']	[2018, 2020]	3	3
0IwWt2hhkBZeP8hpwjYrDZ	eddy0	[]	[2020, 2021]	3	3
6UCQYrcJ6wab6gnQ89OJFh	Headie One	['uk hip hop']	[2020]	3	3
0obu7Om4zu9ahul5DI4JtY	Chris MC	['brazilian hip hop', 'rap mineiro']	[2020, 2021]	3	3
0QoKkMC6uy7fUng96fab1I	Mizzy Miles	['hip hop tuga']	[2020, 2021]	3	3
2mpkPK6gJdBZWzUTMTOF2J	David Fonseca	['portuguese rock']	[2017, 2020]	3	2
45gHcnDnMC15sgx3VL7ROG	42 Dugg	['detroit trap', 'trap']	[2020, 2021]	3	3
0KuF7reCTOZwV7YJnHQqgr	The Neptunes	[]	[2020, 2021]	3	3
2W6kbe0nm96COrHzNmfLLd	MC Fioti	['funk carioca', 'funk ostentacao', 'funk paulista']	[2017, 2018]	3	1
3ECsaSd1fom8coUUkkFzqt	Jeon	['ritmo kombina']	[2018]	3	3
3pnuQEuaodUTHoX0AEsw1h	Mastiksoul	['portuguese pop']	[2017, 2018]	3	3
0jnsk9HBra6NMjO2oANoPY	Flo Rida	['dance pop', 'miami hip hop', 'pop', 'pop rap']	[2017, 2018]	3	2
0FTrIsp2Mg7Bkf8eXQrISa	PHresher	['nyc rap']	[2017, 2018]	3	3
3EXdLajEO02ziZ90P90bSW	Lil Xan	['cloud rap']	[2017, 2018]	3	0
68kEuyFKyqrdQQLLsmiatm	Vince Staples	['conscious hip hop', 'hip hop', 'rap', 'underground hip hop']	[2017, 2018]	3	3
4nT1hsAySSK78ycor1bVn0	Dengaz	['hip hop tuga', 'rap angolano']	[2017, 2018]	3	3
2OnKRchqP7tT0FzTvWIFI7	Wolfine	['colombian pop', 'reggaeton', 'urbano latino']	[2018]	3	1
3qBKjEOanahMxlRojwCzhI	Zacari	[]	[2017, 2018]	3	2
7hssUdpvtY5oiARaUDgFZ3	Ina Wroldsen	['norwegian pop']	[2018]	3	3
4bw2Am3p9ji3mYsXNXtQcd	Piso 21	['colombian pop', 'latin pop', 'reggaeton', 'reggaeton colombiano', 'trap latino', 'urbano latino']	[2017, 2018]	3	3
5F1aoppMtU3OMiltO8ymJ2	Hugh Jackman	['hollywood', 'show tunes']	[2018]	3	3
2oiBFya19iAwi0SCaltq1F	Isaura	['portuguese indie']	[2018]	3	1
4W6fwRbqEy1dfEoE6OCyZu	Mathieu Koss	['new french touch']	[2017, 2018]	3	3
3RqBeV12Tt7A8xH3zBDDUF	Kelsea Ballerini	['contemporary country', 'country']	[2018]	3	3
2Z0lRIqr997lIUiPtrpKCr	Matheus & Kauan	['agronejo', 'arrocha', 'pop nacional', 'sertanejo', 'sertanejo universitario']	[2017, 2018, 2021]	3	2
0C0XlULifJtAgn6ZNCW2eu	The Killers	['alternative rock', 'dance rock', 'modern rock', 'permanent wave', 'rock']	[2017, 2018, 2021]	3	0
6U1dBXJhC8gXFjamvFTmHg	Zac Efron	['hollywood', 'movie tunes', 'post-teen pop']	[2018]	3	3
51XrH5fQP2oIQynuKxSWcW	Sky Rompiendo	['urbano latino']	[2017, 2018]	3	3
5vBSrE1xujD2FXYRarbAXc	Years & Years	['gauze pop', 'pop', 'uk pop']	[2018]	3	0
1ackd5XprZEkH3McKbQD51	Juan Magán	['electro latino', 'spanish pop']	[2017, 2018]	3	3
4qBgvVog0wzW75IQ48mU7v	KYLE	['deep underground hip hop', 'indie pop rap', 'pop rap', 'viral trap']	[2017, 2018]	3	3
5yG7ZAZafVaAlMTeBybKAL	Iggy Azalea	['australian hip hop', 'dance pop', 'pop']	[2017, 2018]	3	2
6s22t5Y3prQHyaHWUN1R1C	AJR	['pov: indie']	[2017, 2018]	3	1
1xr2G8Hlx4QWmT9HaUbmoO	Young Stoner Life	['pop rap']	[2021]	3	3
3tlXnStJ1fFhdScmQeLpuG	Brent Faiyaz	['r&b', 'rap']	[2021]	3	3
4Ww83ftMVSTM4fdLka5lef	Blueyes	[]	[2021]	3	0
7gIeuq2qBfYhO1budb6TSQ	DG e Batidão Stronda	['arrocha', 'arrochadeira']	[2021]	3	3
5SSP8GEspuEnzFcvJGABPR	Carlos Do Carmo	['fado', 'musica de intervencao', 'portuguese rock']	[2021]	3	1
7vk4IxaxiFVk01yh1o8HBu	Juventude Leonina	[]	[2021]	3	0
4LOV7E9ZHPnxIDeFWtA6N9	David Bruno	['portuguese indie', 'portuguese rock', 'rap portuense']	[2021]	3	3
24mIohDRidUlfQGnmgY2lx	CRIPTA	[]	[2021]	3	3
4JNo6Q5KdcRf1vtSX9mB0S	João Gomes	['arrocha']	[2021]	3	0
2S5hlvw4CMtMGswFtfdK15	Royal Blood	['brighton indie', 'garage rock', 'modern alternative rock', 'modern blues rock', 'modern hard rock', 'modern rock', 'rock']	[2017]	3	0
066X20Nz7iquqkkCW6Jxy6	LCD Soundsystem	['alternative dance', 'alternative rock', 'art pop', 'dance rock', 'dance-punk', 'electronic rock', 'electronica', 'indie rock', 'indietronica', 'neo-synthpop', 'new rave']	[2017]	3	0
4laQz4PaKeh2Hu6QL6evVD	Tribalistas	['brazilian rock', 'mpb', 'nova mpb']	[2017]	3	0
50JJSqHUf2RQ9xsHs0KMHg	Jon Bellion	['indie pop rap']	[2017]	3	2
4TrraAsitQKl821DQY42cZ	Sigrid	['norwegian pop']	[2017]	3	0
0q4NrXqJnc367PieejuROJ	Vice	['chicano rap']	[2017]	3	3
6kXm2YCtdUOpRYNKeKhfue	Ryan Gosling	['hollywood']	[2017]	3	2
5iNrZmtVMtYev5M9yoWpEq	Seeb	['pop dance']	[2017]	3	3
5DUlefCLzVRzNWaNURTFpK	Cali Y El Dandee	['colombian pop', 'electro latino', 'latin pop', 'reggaeton', 'reggaeton colombiano', 'trap latino', 'urbano latino']	[2017]	3	3
0eHQ9o50hj6ZDNBt6Ys1sD	Yandel	['latin hip hop', 'reggaeton', 'trap latino', 'urbano latino']	[2017]	3	3
5M0lbkGluOPXLeFjApw8r8	DRAM	['pop rap', 'trap', 'underground hip hop', 'viral trap', 'virginia hip hop']	[2017]	3	3
6P6fVBXZjnqdgq2z2b8WlO	FTampa	['complextro']	[2017]	3	2
7Aqr06WngG4dj6rArzKgUG	Tiago Bettencourt	['fado', 'portuguese indie', 'portuguese rock']	[2017]	3	1
3KV3p5EY4AvKxOlhGHORLg	Jeremih	['chicago rap', 'pop rap', 'r&b', 'southern hip hop', 'trap', 'urban contemporary']	[2017]	3	3
6n28c9qs9hNGriNa72b26u	PNAU	['alternative dance', 'aussietronica', 'australian dance', 'australian electropop']	[2021, 2022]	2	2
6yZKPB8eRoJesHjtxPxSLs	MD Chefe	['trap brasileiro', 'trap carioca', 'trap pesado']	[2021, 2022]	2	2
7Kqcr4CkcQHjHiw3aPfFkC	Offlei Sounds	[]	[2021, 2022]	2	2
4p2ytjUztJseG5ujVkv5Po	FRANKIEONTHEGUITAR	['hip hop tuga']	[2020, 2021, 2022]	2	2
0u6GtibW46tFX7koQ6uNJZ	Topic	['german dance', 'pop dance', 'pop edm', 'uk dance']	[2020, 2021, 2022]	2	2
5Wg2b4Mp42gicxEeDNawf7	A7S	['pop dance', 'scandipop', 'uk dance']	[2020, 2021, 2022]	2	2
2vWGxqWbGgmgxVDZ5CBvBP	Bielzin	['trap brasileiro']	[2021, 2022]	2	2
1TYJOhNSxMOODWiDVhuyZb	Kawe	['brazilian hip hop', 'trap brasileiro']	[2021, 2022]	2	2
4maKTxhTIDEnWKra7wEIMR	MC Menor da VG	['funk carioca', 'funk mtg', 'funk paulista']	[2021, 2022]	2	2
1etNnR2SdlelBQAICa2Q5m	Mc Pedrinho	['funk carioca', 'funk mtg', 'funk paulista']	[2021, 2022]	2	2
7iTLGcddv1bOPirdYJjKVy	Dj Yo!	[]	[2021, 2022]	2	2
5fUXK5m3BNwoRgTyKq8tnz	AX'EL	[]	[2021, 2022]	2	2
0nFdWpwl7h6fp3ADRyG14L	Marina Sena	['pop lgbtq+ brasileira']	[2021, 2022]	2	1
0guw2RGoUqaWKpoCY5DzWY	MC Levin	['funk carioca', 'funk mtg']	[2021, 2022]	2	1
1Z25ZlGHqqlr3o1UGQOfNn	JNR CHOI	['gambian hip hop']	[2021, 2022]	2	1
0xj9MJx9r0wO2o4aqdergP	DJ TOPO	['funk mtg', 'rave funk']	[2021, 2022]	2	2
6bmZfABIjvLMAMYwujdjFy	Mc Topre	['deboxe', 'funk 150 bpm', 'funk mtg']	[2021, 2022]	2	2
6I1r8xKn6bCeionvZVdzdR	Carminho	['fado']	[2017, 2021, 2022]	2	2
04QHNiih9ZesPvals6II1h	MC Marks	['funk consciente', 'funk paulista']	[2020, 2021, 2022]	2	1
1Oa0bMld0A3u5OTYfMzp5h	Nate Dogg	['g funk', 'gangster rap', 'hardcore hip hop', 'hip hop', 'west coast rap']	[2017, 2018, 2022]	2	2
5urWzy2mamyT5sMTE5H00O	DreNaz	['hip hop tuga', 'rap criolo']	[2020, 2021, 2022]	2	1
20wkVLutqVOYrc0kxFs7rA	Daniel Caesar	['canadian contemporary r&b']	[2018, 2019, 2020, 2021, 2022]	2	2
1ts2oIXKCpWSRFnR78bulp	Anselmo Ralph	['kizomba', 'musica angolana', 'portuguese pop', 'semba']	[2019, 2022]	2	2
7uMh23xWiuR7zsNkuNcm2G	MNEK	['house', 'pop dance', 'uk contemporary r&b', 'uk dance', 'uk pop']	[2017, 2020, 2021, 2022]	2	2
1Cd373x8qzC7SNUg5IToqp	BoyWithUke	['sad rap']	[2021, 2022]	2	0
2o08sCWF5yyo2G4DCiT7T9	HVME	['slap house']	[2020, 2021, 2022]	2	1
5NGO30tJxFlKixkPSgXcFE	The Police	['album rock', 'classic rock', 'permanent wave', 'rock']	[2019, 2020, 2021, 2022]	2	0
3klZnJvYGIbWritVwQD434	Duncan Laurence	['dutch pop']	[2019, 2021, 2022]	2	0
4Uc8Dsxct0oMqx0P6i60ea	Conan Gray	['bedroom pop', 'pop', 'pov: indie']	[2020, 2021, 2022]	2	0
5H6xmHXjsq98NLbEjuE29f	NEIKED	['scandipop']	[2017, 2021, 2022]	2	2
10exVja0key0uqUkk6LJRT	Vance Joy	['folk-pop', 'modern rock']	[2020, 2021, 2022]	2	1
79AyR6ATpj2LTPxfb6FX50	Lauren Spencer Smith	['alt z', 'gen z singer-songwriter']	[2022]	2	0
0T49oz78JYl4FkVJPGlJiD	Gama WNTD	['hip hop tuga']	[2020, 2021, 2022]	2	0
0aMc96Z4utxfPMgOETIL3x	Mike11	['hip hop tuga']	[2020, 2022]	2	2
7BcPoZhXI08icbiq1mpxFx	Domingues	['hip hop tuga', 'portuguese pop']	[2020, 2021, 2022]	2	0
21UPYSRWFKwtqvSAnFnSvS	Amaarae	['afro r&b', 'afrobeats', 'alternative r&b', 'ghanaian alternative', 'ghanaian pop']	[2021, 2022]	2	2
2hVWBpjLW4Q7fboYz2pVYK	Moliy	['ghanaian alternative']	[2021, 2022]	2	2
54R6Y0I7jGUCveDTtI21nb	Boney M.	['europop']	[2017, 2021, 2022]	2	1
3FlCKtwOEYQQYyGVEbxG2Z	George Henrique & Rodrigo	['agronejo', 'arrocha', 'sertanejo', 'sertanejo pop', 'sertanejo universitario']	[2021, 2022]	2	2
6v4PBIzRAGaLp43LVureQc	MC Du Black	['funk carioca']	[2019, 2020, 2021, 2022]	2	2
27azwwkxutWL1BWMkgNIh0	Vulgo FK	['trap brasileiro']	[2021, 2022]	2	2
5BcAKTbp20cv7tC5VqPFoC	Macklemore & Ryan Lewis	['pop rap', 'seattle hip hop']	[2017, 2018, 2020, 2021, 2022]	2	2
4myTppRgh0rojLxx8RycOp	Ryan Lewis	['pop rap']	[2017, 2018, 2020, 2021, 2022]	2	2
4e0nWw2r4BoQSKPQ2zpU13	Ray Dalton	[]	[2017, 2018, 2020, 2021, 2022]	2	2
7htxZTR76qcXYJylEmkLiJ	MC Braz	['funk bh', 'funk mtg']	[2021, 2022]	2	2
3CIIaeZuFYrAD6PRVyuO4U	Felipe Amorim	['arrocha', 'arrochadeira']	[2021, 2022]	2	1
57nPqD7z62gDdq37US9XJR	Arcane	[]	[2021, 2022]	2	2
3kgQWNZNpp8d8JQZhuKbPP	Topo La Maskara	['dominican pop']	[2019, 2020, 2022]	2	2
0NbfKEOTQCcwd6o7wSDOHI	The Game	['gangster rap', 'hip hop', 'pop rap', 'rap', 'southern hip hop', 'trap']	[2020, 2022]	2	2
1LIuN7ov1IBQDdLsU83ojl	Hugo & Guilherme	['agronejo', 'arrocha', 'sertanejo universitario']	[2021, 2022]	2	1
5N3YDBGT2gUzXgLDTwPRi5	Álvaro De Luna	['spanish pop']	[2021, 2022]	2	0
1BrFcFtIp3ZqvuI5C0VcK3	MC Luan da BS	['funk bh', 'funk mtg']	[2021, 2022]	2	2
41QLxRXlc2NwfJZkHGHKid	Israel & Rodolffo	['agronejo', 'arrocha', 'sertanejo', 'sertanejo universitario']	[2021, 2022]	2	1
18jB1ZnaJSWmro1ExvqZo4	Bluay	['trap tuga']	[2019, 2020, 2021, 2022]	2	2
1mvpEXClANunyiHFtAXCxt	MC Rick	['funk bh', 'funk carioca', 'funk mtg']	[2020, 2021, 2022]	2	2
0DxsiYPUEWLY4HjaUDM8Lk	Rony Fuego	['hip hop tuga', 'rap criolo']	[2020, 2021, 2022]	2	1
5bv5RplEOwdCvhq0EILh9E	Lucenzo	['reggaeton']	[2017, 2018, 2020, 2021, 2022]	2	1
4NUePmzDvCYqilXBFa91Hg	Dilsinho	['pagode', 'pagode novo', 'sertanejo universitario']	[2021, 2022]	2	2
5uEeqYFuIChoWKy34jp8xE	Brando	['dance pop', 'pop dance']	[2018, 2019]	2	2
3EOEK57CV77D4ovYVcmiyt	Dennis Lloyd	['israeli pop']	[2018, 2019]	2	0
6FD0unjzGQhX3b6eMccMJe	Ghostface Killah	['east coast hip hop', 'hardcore hip hop']	[2018, 2019]	2	2
4lLLi3ao0ug3Rg9e4EAuXU	José Mário Branco	['fado', 'musica de intervencao', 'portuguese folk']	[2019, 2020]	2	0
1fctva4kpRbg2k3v7kwRuS	Rvssian	['reggaeton', 'trap latino', 'urbano latino']	[2019, 2021]	2	2
2ysnwxxNtSgbb9t1m2Ur4j	George Ezra	['folk-pop', 'neo-singer-songwriter']	[2018, 2019, 2020, 2021]	2	0
5Qu01cJnOW2RdSKH2bcaIG	Mundo Segundo	['hip hop tuga', 'rap portuense']	[2017, 2018, 2019]	2	2
0NcPKaSNIHAM2RfioH9vMT	Guapdad 4000	['cali rap', 'oakland hip hop', 'scam rap', 'underground hip hop']	[2019]	2	2
4QVBYiagIaa6ZGSPMbybpy	Pedro Capó	['latin pop', 'puerto rican pop']	[2018, 2019]	2	2
74V3dE1a51skRkdII8y2C6	André 3000	['atl hip hop', 'dirty south rap', 'hip hop', 'southern hip hop']	[2019, 2021]	2	2
0tvACMjTDrW7HCo4F2wiIb	DJ RD	[]	[2018, 2019, 2020]	2	2
3Fl1V19tmjt57oBdxXKAjJ	Blueface	['cali rap', 'rap']	[2019]	2	1
77tT1kLj6mCWtFNqiOmP9H	Daryl Hall & John Oates	['album rock', 'classic rock', 'heartland rock', 'mellow gold', 'rock', 'singer-songwriter', 'soft rock', 'yacht rock']	[2017, 2018, 2019, 2020, 2021]	2	0
3Y7RZ31TRPVadSFVy1o8os	H.E.R.	['r&b', 'rap']	[2018, 2019, 2020]	2	2
2auiVi8sUZo17dLy1HwrTU	Solange	['afrofuturism', 'alternative r&b', 'r&b', 'urban contemporary']	[2019, 2020]	2	1
5hPHLE5ssifxHX5bhK8iXR	FP do Trem Bala	['funk carioca', 'funk rj']	[2019, 2020]	2	2
35S20clEkkSNUo23ViaslZ	Band Aid	['musical advocacy']	[2017, 2018, 2019, 2020, 2021]	2	0
5IH6FPUwQTxPSXurCrcIov	Alec Benjamin	['alt z', 'pop', 'pov: indie']	[2018, 2019, 2020]	2	0
2U3FuHYvL3vhkbDAXm24Ep	Dan Caplen	['neo soul', 'uk contemporary r&b']	[2018, 2019]	2	2
1WsYCXdezMjn0KoIrLvMmC	Ed Sheeran & Justin Bieber	[]	[2019, 2020, 2021]	2	2
45eNHdiiabvmbp4erw26rg	ILLENIUM	['edm', 'melodic dubstep', 'pop dance']	[2019]	2	2
7Io0XduXk7aOHFHA7sLru2	Bonn	['swedish pop']	[2018, 2019]	2	2
1bj5GrcLom5gZFF5t949Xl	Martin Solveig	['disco house', 'edm', 'electro house', 'filter house', 'house', 'pop dance', 'vocal house']	[2019]	2	2
1CO6e7WRJvSFenmQO8n64C	Zhavia	['post-teen pop']	[2018, 2019]	2	2
6XpXnnKHIhCOUbOLOJGe6o	REASON	['indie hip hop', 'underground hip hop']	[2018, 2019]	2	2
6gK1Uct5FEdaUWRWpU4Cl2	Petit Biscuit	['new french touch']	[2017, 2019]	2	0
6XpaIBNiVzIetEPCWDvAFP	Whitney Houston	['dance pop']	[2019, 2020, 2021]	2	1
0YinUQ50QDB7ZxSCLyQ40k	Mustard	['cali rap', 'pop rap', 'rap', 'southern hip hop', 'trap']	[2019, 2020]	2	2
7ecRwFks8F2vYad383BkKf	Rennan da Penha	['funk 150 bpm', 'funk carioca', 'funk rj']	[2018, 2019, 2020]	2	2
20gsENnposVs2I4rQ5kvrf	Sam Feldt	['edm', 'pop dance', 'tropical house']	[2019]	2	2
3SYnDj7btg9gFY7ps8m5d5	RANI	['dutch pop']	[2019]	2	2
7z5WFjZAIYejWy0NI5lv4T	Dan + Shay	['contemporary country', 'country', 'country road']	[2019, 2020, 2021]	2	1
2ye2Wgw4gimLv2eAKyk1NB	Metallica	['hard rock', 'metal', 'old school thrash', 'rock', 'thrash metal']	[2018, 2019]	2	0
2xfH2Z6tvyOjRwDREViIDb	Laton	[]	[2017, 2019]	2	2
4ofCBoyEiGSePFAG500xev	Regard	['pop dance', 'pop edm', 'slap house', 'uk dance']	[2019, 2020, 2021]	2	1
36SRwzRkX5zW3ABjJrevqX	Dadá Boladão	['brega funk']	[2019, 2020]	2	2
3WQ1s2QFvL6crxBvrVhwzj	Gabriel Diniz	['forro', 'sertanejo', 'sertanejo pop', 'sertanejo universitario']	[2019]	2	0
5j31pBvRZsfaTYlbUTg55j	Valdo	[]	[2019]	2	2
07qgzS86XBNsyrY6MAVDAc	Sodré	['funk carioca']	[2019, 2020]	2	2
40LHVA5BTQp9RxHOQ9JPYj	Lauren Daigle	['ccm', 'christian alternative rock', 'christian music']	[2018, 2019]	2	0
2auC28zjQyVTsiZKNgPRGs	RM	['k-rap']	[2019, 2020]	2	2
2wkoKEfS6dXwThbyTnZWFU	Mau y Ricky	['latin pop', 'pop venezolano', 'reggaeton', 'urbano latino']	[2019]	2	2
028lPW2NdWHdSPCkRkcyhd	Ant Clemons	[]	[2019]	2	2
0KXnikJ0xyK7bm4zOd5bs3	Gang Mka	['rap criolo']	[2019, 2020]	2	2
0JXiS2FrAg3wQYJHcmZdrc	B. Swanson Quartet	[]	[2017, 2018, 2019, 2020, 2021]	2	2
5JNJDtyiFwY74t1uZx0N3Y	Batidão Stronda	[]	[2018, 2019, 2021]	2	2
6cEuCEZu7PAE9ZSzLLc2oQ	R3HAB	['dutch house', 'edm', 'electro house', 'pop dance', 'progressive electro house', 'slap house']	[2017, 2019]	2	2
7K78lVZ8XzkjfRSI7570FF	José Feliciano	['latin pop', 'puerto rican pop']	[2017, 2018, 2019, 2020, 2021]	2	0
0TPlgv7eySSCChc2vKRIml	Ken Lane Singers	[]	[2017, 2018, 2019, 2020]	2	2
2HkAI0YrEcgoR8QdaURqhO	Dimitri Vegas	['belgian edm']	[2017, 2019]	2	2
4Rgc3a6q9Sn9dwKEA2DKD8	Luís Severo	['musica portuguesa contemporanea', 'portuguese indie', 'portuguese rock']	[2019]	2	0
3XcCT5MPlQPWFTJyzXbfuX	Maejor	['detroit hip hop', 'pop r&b']	[2017, 2018, 2019]	2	2
5lpH0xAS4fVfLkACg9DAuM	Wham!	['new romantic', 'new wave', 'new wave pop', 'soft rock']	[2017, 2018, 2019, 2020, 2021]	2	0
6gLW5LlLEXdtWaS0EWfzaJ	Jorge	['sertanejo universitario']	[2018, 2019, 2021]	2	2
0KPX4Ucy9dk82uj4GpKesn	Dalex	['r&b en espanol', 'reggaeton', 'trap latino', 'urbano latino']	[2019]	2	2
11YLRSsZA3YVuQQtHXKTlz	Rafa Pabön	['reggaeton', 'reggaeton flow', 'urbano latino']	[2019]	2	2
4m6ubhNsdwF4psNf3R8kwR	KHEA	['argentine hip hop', 'trap argentino', 'trap latino', 'trap triste', 'urbano latino']	[2019]	2	2
6w3SkAHYPsQ1bxV7VDlG5y	Cazzu	['argentine hip hop', 'rap latina', 'reggaeton', 'trap argentino', 'trap latino', 'urbano latino']	[2019]	2	2
4jpsw9CQS439N0B7SecMgf	Ant Saunders	['chill r&b', 'viral rap']	[2019, 2020]	2	0
0haZhu4fFKt0Ag94kZDiz2	Sofía Reyes	['latin pop', 'latin viral pop', 'mexican pop', 'reggaeton']	[2018, 2019]	2	2
7pPSDxHXT3VGLhn9XArHzB	José Afonso	['musica de intervencao', 'portuguese folk']	[2019, 2020, 2021]	2	0
2lolQgalUvZDfp5vvVtTYV	Tony Bennett	['adult standards', 'easy listening', 'lounge', 'vocal jazz']	[2017, 2018, 2019, 2020, 2021]	2	0
7vXDAI8JwjW531ouMGbfcp	TINI	['latin pop', 'pop argentino']	[2018, 2019]	2	2
4x1nvY2FN8jxqAFA0DA02H	John Lennon	['beatlesque', 'classic rock', 'rock']	[2017, 2018, 2019, 2020, 2021]	2	2
2s4tjL6W3qrblOe0raIzwJ	Yoko Ono	['experimental', 'experimental pop']	[2017, 2018, 2019, 2020, 2021]	2	2
5lwmRuXgjX8xIwlnauTZIP	Romeo Santos	['bachata', 'latin hip hop', 'latin pop', 'urbano latino']	[2018, 2019]	2	2
0OROVBEZCocg0FcgJpyBse	Alex Sensation	['reggaeton']	[2017, 2019]	2	2
4FZ3j1oH43e7cukCALsCwf	Jack White	['alternative rock', 'blues rock', 'garage rock', 'garage rock revival', 'indie rock', 'modern blues rock', 'modern rock', 'punk blues', 'rock']	[2017, 2019]	2	1
5xYkM2vMrE23taj6tl7qkm	Pk	['funk carioca', 'trap funk']	[2019, 2020]	2	2
3fiRJ5MzLknGR1fF5sqJrV	João Sousa	[]	[2018, 2019]	2	1
1svaANJTE5KrG16fTGDqOs	The Puppini Sisters	['easy listening', 'swing', 'swing revival']	[2017, 2018, 2019, 2020, 2021]	2	2
1lEBJGJgdoevi1Clv9CqLT	Branko	['moombahton']	[2019, 2020]	2	2
14D0I0RYqvIorkPL2EWoQh	MC WM	['funk carioca']	[2017, 2018, 2019]	2	1
22JdJVovP3pV9XkGTih01c	Game of Thrones	[]	[2019]	2	2
0hItVPjwJLVZrFqOyIsxPf	Judy Garland	['adult standards', 'torch song', 'vocal jazz']	[2017, 2018, 2019, 2020, 2021]	2	0
5HunmMrkNBMTP3L2e5qQE0	Stereossauro	['hip hop tuga', 'portuguese rock']	[2018, 2019]	2	2
4mHAu7NX2UNsnGXjviBD9e	Brooks	['dutch house', 'edm', 'electro house', 'future house', 'pop dance', 'pop edm', 'progressive electro house']	[2018, 2019]	2	2
00TKPo9MxwZ0j4ooveIxWZ	Loote	['alt z', 'nyc pop']	[2017, 2019]	2	1
4yiQZ8tQPux8cPriYMWUFP	Gwen Stefani	['dance pop', 'pop']	[2017, 2018, 2019, 2020, 2021]	2	2
1UTPBmNbXNTittyMJrNkvw	Blake Shelton	['classic oklahoma country', 'contemporary country', 'country', 'country road']	[2017, 2018, 2019, 2020, 2021]	2	2
2jzc5TC5TVFLXQlBNiIUzE	a-ha	['new romantic', 'new wave', 'new wave pop', 'permanent wave', 'synthpop']	[2017, 2018, 2019, 2021]	2	0
6Ff53KvcvAj5U7Z1vojB5o	*NSYNC	['boy band', 'dance pop', 'pop']	[2017, 2018, 2019, 2020, 2021]	2	0
711MCceyCBcFnzjGY4Q7Un	AC/DC	['australian rock', 'hard rock', 'rock']	[2017, 2018, 2019, 2021]	2	0
5v8jlSmAQfrkTjAlpUfWtu	Perry Como	['adult standards', 'easy listening']	[2017, 2018, 2019, 2020, 2021]	2	2
1Ml4OuStDoympbREURAM15	The Fontane Sisters	['deep adult standards', 'vocal harmony group']	[2017, 2018, 2019, 2020, 2021]	2	2
0HS96tPggl2nwiz3gNWWI5	Mitchell Ayres & His Orchestra	"[""man's orchestra""]"	[2017, 2018, 2019, 2020, 2021]	2	2
4bL2B6hmLlMWnUEZnorEtG	Felix Jaehn	['edm', 'german dance', 'pop dance', 'tropical house']	[2019, 2020]	2	2
3FUY2gzHeIiaesXtOAdB7A	Train	['dance pop', 'neo mellow', 'pop', 'pop rock']	[2017, 2018, 2019, 2020, 2021]	2	0
4mb1xtQVGSK5dh8AbtwBiR	MC Lan	['funk carioca']	[2017, 2020]	2	1
4SsVbpTthjScTS7U2hmr1X	Arcángel	['latin hip hop', 'reggaeton', 'trap latino', 'urbano latino']	[2017, 2020]	2	2
3EiLUeyEcA6fbRPSHkG5kb	De La Ghetto	['reggaeton', 'reggaeton flow', 'trap latino', 'urbano latino']	[2018, 2020]	2	2
4oxFgud0qa3A1tE6JFpFVp	JayA Luuck	['trap baiano']	[2020, 2021]	2	2
6jVOHz5AjBoJImzesvZeGx	xtinto	['hip hop tuga']	[2020, 2021]	2	1
1MzXJ8AaHdidMAnjgcahS4	Delacruz	['pop nacional']	[2020]	2	2
1Dj0XMFbqqgrpf0PVwZcj7	Jakson D'alva	['musica santomense']	[2020]	2	2
7DaYWbVfmn3AtcUJua9yYF	Josslyn	['kizomba', 'kizomba cabo-verdiana']	[2020]	2	2
3vXjHYKVLQ1QUKGxr8tqrM	Mike 11	[]	[2020]	2	2
56mfhUDKa1vec6rSLZV5Eg	Jawsh 685	['nz pop']	[2020, 2021]	2	2
7HelyGdEBoc25C7inwIXVJ	Yung Juse	[]	[2020, 2021]	2	2
37M5pPGs6V1fchFJSgCguX	FINNEAS	['alt z', 'la indie', 'pop', 'pov: indie']	[2020, 2021]	2	0
6XsOyDRKR2HpSDEWYUsNJz	Yung SpaceGhost	['trap tuga']	[2020, 2021]	2	0
1GKIlPFdcewHtpDVCQ8zmJ	Brray	['reggaeton', 'reggaeton flow', 'trap latino', 'urbano latino']	[2020]	2	2
3Wb38LDP3N4tkobValgE9D	Juanka	['reggaeton', 'reggaeton flow', 'trap latino', 'urbano latino']	[2020]	2	2
32vWCbZh0xZ4o9gkz4PsEU	Dolly Parton	['classic country pop', 'country', 'country dawn']	[2020, 2021]	2	2
3PyJHH2wyfQK3WZrk9rpmP	Ashnikko	['alt z', 'escape room']	[2020, 2021]	2	0
4NEThNYJ3WyNcJWcmpjq88	Ir Sais	['basshall', 'ritmo kombina']	[2020]	2	1
7GaxyUddsPok8BuhxN6OUW	James Brown	['funk', 'soul']	[2020]	2	0
6i3DxIlAqnDkwELLw4aVrx	Lele Pons	['latin pop', 'latin viral pop', 'viral pop']	[2018, 2020]	2	1
55axQKUUXr8LoUcKagMp5x	SYRO	['portuguese pop']	[2020, 2021]	2	1
43DRDu6nLSeIedZ7T1A616	Xand Avião	['arrocha', 'forro de favela', 'funk carioca']	[2020, 2021]	2	2
59wfkuBoNyhDMQGCljbUbA	Diddy	['dance pop', 'east coast hip hop', 'hip hop', 'hip pop', 'pop rap', 'rap']	[2018, 2020]	2	2
2cADQgiLMjNhbsfeN52Bf3	Swizz Beatz	['battle rap', 'dirty south rap', 'southern hip hop', 'trap']	[2018, 2020]	2	2
6Ha4aES39QiVjR0L2lwuwq	Yo Gotti	['dirty south rap', 'gangster rap', 'memphis hip hop', 'rap', 'southern hip hop', 'tennessee hip hop', 'trap']	[2018, 2020]	2	2
0tRFWXqKBBQcu5oFVOgVzX	Jaira Burns	['alt z']	[2018, 2020]	2	2
6M6XXCcO5gI68XpIlrUL3Z	Young T & Bugsey	['afroswing', 'grime', 'nottingham hip hop', 'uk hip hop']	[2020]	2	2
6L1XC7NrmgWRlwAeLJvVtA	Sam Fischer	['australian pop', 'singer-songwriter pop']	[2020, 2021]	2	1
7arQA31aZVS8yS6zUveWzb	CJ	['nyc rap']	[2020, 2021]	2	0
2wIVse2owClT7go1WT98tk	Missy Elliott	['dance pop', 'hip hop', 'hip pop', 'neo soul', 'pop rap', 'r&b', 'rap', 'urban contemporary', 'virginia hip hop']	[2018, 2020]	2	2
3jLj1sAQaEpLpktyJmyGIh	Lourena	['brazilian hip hop', 'r&b brasileiro']	[2020, 2021]	2	2
7vWp4MLdsECG1Dmu5NDLRS	Carla Prata	['hip hop tuga', 'rap angolano']	[2018, 2020]	2	2
4Ui2kfOqGujY81UcPrb5KE	HAIM	['indietronica', 'metropopolis']	[2017, 2020]	2	1
37Qsf5KCKljH7mL134xp4k	Saudi	['south african hip hop']	[2018]	2	2
13saZpZnCDWOI9D4IJhp1f	Lily Allen	['dance pop', 'electropop']	[2018]	2	0
77DAFfvm3O9zT5dIoG0eIO	Kyla	['uk funky']	[2017, 2018]	2	2
5Y5TRrQiqgUO4S36tzjIRZ	Timbaland	['dance pop', 'pop', 'pop rap']	[2017, 2018]	2	2
0SCbttzoZTnLFebDYmAWCm	Glee Cast	['glee club', 'post-teen pop']	[2017, 2018]	2	1
5fyDppLDl1juIu1BcUT5zh	Digital Farm Animals	['uk dance']	[2017, 2018]	2	2
2Q4r4Epfaaho06ONTHx7OS	MC's Jhowzinho & Kadinho	['brega funk', 'funk carioca']	[2017, 2018]	2	0
0cRXFRbq7wk9jeMO47rVVH	April Ivy	['portuguese pop']	[2017, 2018]	2	1
0vR2qb8m9WHeZ5ByCbimq2	Reik	['latin arena pop', 'latin pop', 'mexican pop', 'reggaeton']	[2018]	2	2
39E15l8zeCDYpSZwFNX4G2	Eleni Foureira	['greek pop', 'laiko']	[2018]	2	0
2urF8dgLVfDjunO0pcHUEe	Alvaro Soler	['latin pop']	[2018]	2	1
6xBZgSMsnKVmaAxzWEwMSD	Mike Shinoda	['alternative hip hop']	[2018]	2	1
6ywXRaHY7m2DJ0dd7CsLAB	Ramz	['afroswing', 'london rap', 'uk hip hop']	[2018]	2	0
5JUYSPkis2Mk6HUbmMqk1m	Sean Ono Lennon	['beatlesque']	[2017, 2018]	2	2
4AA474G2hRfrHyGrfyDseO	Mozzy	['cali rap', 'sacramento hip hop']	[2018, 2021]	2	2
3kv1Edgn5HlEWCuEKr1Y9x	Yugen Blakrok	['south african hip hop', 'spiritual hip hop']	[2018]	2	2
6ltzsmQQbmdoHHbLZ4ZN25	Lord Huron	['indie folk', 'modern rock', 'stomp and holler']	[2017, 2018]	2	0
04ei5kNgmDuNAydFhhIHnD	Landon Cube	['pop rap']	[2018]	2	2
3OsRAKCvk37zwYcnzRf5XF	Moby	['downtempo', 'electronica']	[2018]	2	2
4SLEmV2rAQ71Ts0qyDGhE8	Cecilia Krull	['spanish pop']	[2018]	2	1
20qISvAhX20dpIbOOzGK3q	Nas	['conscious hip hop', 'east coast hip hop', 'gangster rap', 'hardcore hip hop', 'hip hop', 'queens hip hop', 'rap']	[2018]	2	2
1F1U8ssjF8uD2OjRoSssWO	"Interpreti dello spettacolo ""Bella Ciao"""	[]	[2018]	2	0
4TAoP0f9OuWZUesao43xUW	Mr Eazi	['afrobeats', 'afropop', 'azontobeats', 'ghanaian hip hop', 'nigerian pop', 'swedish dancehall']	[2018]	2	2
7IaezJ3t50nl6S1NISCgxj	Raquel Tavares	['fado']	[2018]	2	2
3JXpwnHbLvXxY99EuXqFPX	Poo Bear	['pop r&b']	[2017, 2018]	2	2
4N8BwYTEC6XqykGvXXlmfv	George Benson	['jazz funk', 'jazz guitar', 'smooth jazz', 'soul jazz', 'yacht rock']	[2018]	2	2
4poL7YCSkG7kMnWjAdDU91	Era Istrefi	['albanian hip hop', 'albanian pop', 'kosovan pop']	[2017, 2018]	2	2
5M9Bb4adKAgrOFOhc05Y50	Pablo Alborán	['latin arena pop', 'latin pop', 'spanish pop']	[2017, 2018]	2	0
0g9vAlRPK9Gt3FKCekk4TW	Ab-Soul	['conscious hip hop', 'hip hop', 'rap']	[2018]	2	2
7HV2RI2qNug4EcQqLbCAKS	Keala Settle	['broadway', 'hollywood', 'show tunes']	[2018]	2	2
63nv0hWWDob56Rk8GlNpN8	The Greatest Showman Ensemble	['movie tunes']	[2018]	2	2
4Z4afeDmHFxPmJorIwupbZ	Netta	['israeli pop']	[2018]	2	0
4LcUpNlXFEleaLlelmkv2R	Kris Kross Amsterdam	['dutch house', 'dutch pop']	[2017, 2018]	2	2
6mU8ucezzms5I2kNH6HNlu	Conor Maynard	['post-teen pop', 'uk pop', 'viral pop']	[2017, 2018]	2	2
0uGk2czvcpWQA383Im6ajf	Maggie Lindemann	['alt z', 'dark pop', 'pop']	[2017, 2018]	2	2
0CEK8AzyeD5ZUdUloB6yQV	CADE	['pop edm']	[2017, 2018]	2	2
3mIj9lX2MWuHmhNCA7LSCW	The 1975	['modern alternative rock', 'modern rock', 'pop', 'pov: indie', 'rock']	[2017, 2018]	2	0
3CbYyyd8wH3RT6t0jwpdzC	Murda Beatz	['canadian hip hop', 'canadian trap']	[2018]	2	2
4olE3I5QU0dvSR7LIpqTXc	WATT	['modern alternative rock']	[2017, 2018]	2	2
3ezEamDjhfQZi6dNzK9rWj	Inês Herédia	[]	[2018]	2	2
7kABWMhjA5GIl9PBEasBPt	Sunnery James & Ryan Marciano	['circuit', 'dutch house', 'electro house', 'progressive electro house']	[2018]	2	2
3XSWVsSggcTo6Bv8pcDqnt	Mayra	['pop nacional']	[2018]	2	2
1V3VTM7VspiQjcmRhC010n	Quintino	['dutch edm', 'dutch house', 'edm', 'electro house', 'pop dance', 'progressive electro house', 'slap house']	[2017, 2018]	2	2
4IMAo2UQchVFyPH24PAjUs	Jowell & Randy	['reggaeton', 'urbano latino']	[2017, 2018]	2	2
3EWxytcxaM0tksU6v3je2Q	kiLL edward	[]	[2018]	2	2
0WOxhx4hikIsyF3CRPLC8W	Famous Dex	['chicago rap', 'drill', 'rap', 'trap']	[2017, 2018]	2	1
0yb46jwm7gqbZXVXZQ8Z1e	Bishop Briggs	['modern alternative rock']	[2018]	2	0
1wZtkThiXbVNtj6hee6dz9	Wisin & Yandel	['electro latino', 'reggaeton', 'trap latino', 'urbano latino']	[2018, 2021]	2	2
7gP3bB2nilZXLfPHJhMdvc	Foster The People	['indietronica', 'modern alternative rock', 'modern rock', 'rock']	[2017, 2018]	2	0
0XNa1vTidXlvJ2gHSsRi4A	Franz Ferdinand	['alternative rock', 'dance rock', 'indie rock', 'modern rock', 'rock', 'scottish rock']	[2017, 2018]	2	0
0NyzfcGDZZ6GM25EBG9BYK	Ray Parker Jr.	[]	[2018, 2021]	2	0
5Y8eJDj37KhaEeqbVO7Ag1	PRETTYMUCH	['boy band', 'pop']	[2017, 2018]	2	0
5obQFNrkFoWB51hm1JTHMw	Jamie Principle	['chicago house', 'classic house']	[2017, 2018]	2	2
4FwY1BwlrABrU50B50Px08	Cristiano Maia	[]	[2021]	2	2
4VVEpEhC8NcR7AqNEds42U	Chimbala	['dembow', 'rap dominicano']	[2021]	2	2
687cZJR45JO7jhk1LHIbgq	Tems	['afro r&b', 'afrobeats', 'alte', 'nigerian pop']	[2021]	2	2
1DxLCyH42yaHKGK3cl5bvG	Maria Becerra	['pop argentino']	[2021]	2	2
7fKfVo62Yx50GtTdIgeBqk	Brisa Star	['arrocha']	[2021]	2	2
0cZ0hBu2JZFT99wDzEfS89	Thiago Jhonathan (TJ)	[]	[2021]	2	2
35R1B97CfrqKFFI3QBkTDx	RealestK	[]	[2021]	2	0
3eVa5w3URK5duf6eyVDbu9	ROSÉ	['k-pop']	[2021]	2	0
14jVHWj9dqpLhs8hHEMnyJ	MC 2jhow	['funk carioca', 'funk rj']	[2021]	2	2
4MgxRxXLgmdcrfWXjutvd9	Mc Branquinha	['funk mandelao', 'funk viral']	[2021]	2	0
7b79bQFziJFedJb75k6hFt	Tion Wayne	['london rap', 'uk hip hop']	[2021]	2	2
3FoFW2AoUGRHBacC6i4x4p	Russ Millions	['melodic drill', 'uk drill']	[2021]	2	2
0gAILSEru1PKMwP0tAqNLS	Willow Sage Hart	['show tunes']	[2021]	2	2
60df5JBRRPcnSpsIMxxwQm	Otis Redding	['classic soul', 'memphis soul', 'soul', 'soul blues', 'southern soul', 'vocal jazz']	[2017, 2021]	2	0
4LAFtDzlQM89xov636hMVv	Dallass	['trap brasileiro']	[2021]	2	2
4b19vuzlDcNdU4quI7L6sW	ElyOtto	['hyperpop', 'weirdcore']	[2021]	2	0
5dHt1vcEm9qb8fCyLcB3HL	A$AP Ferg	['hip hop', 'pop rap', 'rap', 'southern hip hop', 'trap']	[2017, 2021]	2	1
2FXC3k01G6Gw61bmprjgqS	Hozier	['irish singer-songwriter', 'modern rock', 'pop', 'pov: indie']	[2017, 2021]	2	0
6d47Z08T4snK50HgTEHo5Z	Sage The Gemini	['hyphy', 'pop rap', 'southern hip hop', 'trap']	[2017]	2	0
3WrFJ7ztbogyGnTHbHJFl2	The Beatles	['beatlesque', 'british invasion', 'classic rock', 'merseybeat', 'psychedelic rock', 'rock']	[2017]	2	0
5DK8eK7fjvRsziXzyr3sFA	Moon Taxi	['modern alternative rock']	[2017]	2	0
4LFgxG38Y0l4Fo1gdQelay	The Dap-Kings Horns	[]	[2017]	2	2
5Tz4zMiRWqiQVAymWZz99a	Zebra Katz	['escape room', 'lgbtq+ hip hop', 'vogue']	[2017]	2	2
1qskAseW7apRxJBpYAO9Yk	Felix Snow	[]	[2017]	2	2
74ASZWbe4lXaubB36ztrGX	Bob Dylan	['classic rock', 'country rock', 'folk', 'folk rock', 'rock', 'roots rock', 'singer-songwriter']	[2017]	2	0
0lM8pgLaP7dAfY5E4jLNuj	Deb’s Daughter	[]	[2017]	2	2
374sWpAJsbZckf98df2jJJ	Fuse ODG	['afrobeats', 'azonto']	[2017]	2	2
5lXfVoQxVgC5fpjkVqvNYn	Isaiah Firebrace	['australian pop']	[2017]	2	0
6PXS4YHDkKvl1wkIl4V8DL	Fetty Wap	['new jersey rap', 'pop rap', 'rap', 'southern hip hop', 'trap']	[2017]	2	2
4YXycRbyyAE0wozTk7QMEq	Matoma	['pop dance', 'tropical house']	[2017]	2	2
0XHiH53dHrvbwfjYM7en7I	Chris Cornell	['alternative metal', 'alternative rock', 'grunge', 'hard rock', 'nu metal', 'post-grunge', 'rock']	[2017]	2	0
787bCXOIvGeBw0Bc4kEjhD	Luke Christopher	['indie pop rap']	[2017]	2	0
6x2LnllRG5uGarZMsD4iO8	Thomas Rhett	['contemporary country', 'country', 'country road', 'modern country rock']	[2017]	2	1
3Bd1cgCjtCI32PYvDC3ynO	London Grammar	['metropopolis', 'nottingham indie']	[2017]	2	0
6veh5zbFpm31XsPdjBgPER	BIA	['rap latina', 'trap queen']	[2017]	2	2
79QO0Xmn1dZhvaLicS2Yrs	The Night Game	['modern alternative rock']	[2017]	2	2
762310PdDnwsDxAQxzQkfX	Depeche Mode	['dance rock', 'new romantic', 'new wave', 'permanent wave', 'rock', 'synthpop']	[2017]	2	1
2KsP6tYLJlTBvSUxnwlVWa	Mike Posner	['dance pop', 'pop', 'pop rap']	[2017]	2	2
5cIc3SBFuBLVxJz58W2tU9	Oh Wonder	['electropop', 'indie poptimism', 'pov: indie']	[2017]	2	2
02A3cEvlLLCbIMVDrK2GHV	Starley	['aussietronica']	[2017]	2	2
33JQK4UoS2aMPYBfdB5Ftt	Ryan Riback	['melbourne bounce']	[2017]	2	2
5sK8BsvyDl4TFA6KaBf8or	Charly Black	['dancehall', 'jamaican dancehall']	[2017]	2	1
3c55dzx6W0ZFs0frtEgIsm	Sunstroke Project	['moldovan pop']	[2017]	2	0
7blkMNJv8n9ceP9zlA4W2U	Shawn Hook	['canadian pop']	[2017]	2	2
6G9bygHlCyPgNGxK2l3YdE	Vanessa Hudgens	['dance pop', 'pop', 'post-teen pop']	[2017]	2	2
6lB8vOoI4DRrrVxXwuV19c	Mike Perry	['pop dance', 'swedish tropical house']	[2017]	2	2
3S0tlB4fE7ChxI2pWz8Xip	Giggs	['grime', 'london rap', 'uk hip hop']	[2017]	2	2
6J7biCazzYhU3gM9j1wfid	Jamiroquai	['dance pop']	[2017]	2	0
6yzNtbywm70v7PTGZSKqU2	Mia Rose	['portuguese pop']	[2017]	2	2
6VD4UEUPvtsemqD3mmTqCR	Deorro	['dutch house', 'edm', 'electro house', 'melbourne bounce', 'melbourne bounce international', 'pop dance', 'progressive electro house']	[2017]	2	1
5kSJMVPcTITrSZxTrHllVN	Vanesa Martín	['latin arena pop', 'pop flamenco', 'spanish pop', 'spanish pop rock']	[2017]	2	1
2cy1zPcrFcXAJTP0APWewL	Gente De Zona	['cubaton', 'electro latino', 'latin hip hop', 'latin pop']	[2017]	2	2
6TLwD7HPWuiOzvXEa3oCNe	Oliver Tree	['alternative hip hop']	[2021, 2022]	1	0
3l4fsEzoeabsET7ddv0lZW	Mc Delux	['funk mandelao', 'funk mtg', 'phonk brasileiro']	[2021, 2022]	1	1
5lomh7H0yuxEtZnvtSCHI1	DJ MT7	['funk mtg']	[2021, 2022]	1	1
5lal0BjsooQ7ON4t7B73bp	DJ Jeeh FDC	['funk mtg']	[2022]	1	1
3LqcLDGw41dRZKsM51H9GI	MC Meno Dani	['deboxe', 'funk mtg']	[2022]	1	1
4o2hAURyVlQ8suw1KDz6gi	DJ Cyclone	[]	[2022]	1	1
4PzPx1yc3kGVo4EgCiLqCQ	DomLaike	['trap brasileiro', 'trap carioca']	[2021, 2022]	1	1
2NfSBtmWe7oPw1EmetJVso	Boza	['panamanian pop', 'reggaeton', 'urbano latino']	[2020, 2021, 2022]	1	0
4ZHvs0BKDrydsroLfNUNvf	José Malhoa	['classic portuguese pop']	[2019, 2020, 2022]	1	0
6zACiTxKXpO8M50M065iDy	Rita Rocha	[]	[2022]	1	0
2VSHKHBTiXWplO8lxcnUC9	GAYLE	['modern alternative pop']	[2021, 2022]	1	0
1NRzxuPpdGushT8YmF5NAa	Edison Lighthouse	[]	[2022]	1	0
7jZM5w05mGhw6wTB1okhD9	ATB	['german dance', 'german techno', 'german trance', 'trance']	[2021, 2022]	1	1
6J6U2JAv7LUF0cSQ98gpjM	PL Quest	['trap brasileiro']	[2021, 2022]	1	1
71szvmFWd7TUa7b6XmXj9k	Emmy Meli	[]	[2021, 2022]	1	0
3fll16LLw6kdDxWzSpJPEQ	Malu	['arrocha']	[2021, 2022]	1	1
1mV9h1AwhRXSjBFcYpajgY	Mc Lele JP	['funk paulista']	[2021, 2022]	1	1
5ZTnWo7IY6rdIxm6aTSR84	Original Quality	[]	[2021, 2022]	1	1
7yQrcdkLdBAkV7yY9fF2Hw	Grupo Revelação	['pagode', 'pagode novo']	[2022]	1	0
6fOyYqdh6p0ZWLs9zUDoyt	MC Gury	['funk carioca', 'funk mtg', 'funk paulista']	[2018, 2019, 2022]	1	1
3ggsRmBGV01RYdNu8pRWJd	Toy	['classic portuguese pop']	[2018, 2019, 2020, 2021, 2022]	1	0
1QfpRUtH14JLoY6F6AYmwt	The Rare Occasions	['la indie']	[2022]	1	0
6QrQ7OrISRYIfS5mtacaw2	Jaymes Young	['indie poptimism']	[2021, 2022]	1	0
64H8UqGLbJFHwKtGxiV8OP	THE ANXIETY	['modern alternative pop']	[2021, 2022]	1	1
3rWZHrfrsPBxVy692yAIxF	WILLOW	['afrofuturism', 'pop', 'post-teen pop', 'pov: indie']	[2021, 2022]	1	1
1xoxekeb8jUVHKJB7m6bfg	Tyler Cole	['bedroom soul']	[2021, 2022]	1	1
0hWRVPGWjaXcEvg8l65Tx0	Luiz Lins	['brazilian hip hop', 'nova musica pernambucana', 'rap pernambucano']	[2022]	1	1
6jBww4kwlSrjaNYP7AQPtX	Borges	['trap brasileiro', 'trap carioca']	[2022]	1	1
08zSkHjCY3ypH4gdBVHWgO	Budah	['brazilian hip hop', 'musica capixaba', 'r&b brasileiro', 'rap capixaba']	[2022]	1	1
1a3fr7NdeBT4JlGj6YlbDL	Caio Luccas	['trap brasileiro']	[2022]	1	1
3Qyjq5eQNKo5tHVmXyhvtB	Netinho	['axe', 'pagode']	[2022]	1	0
2XGuDrQEuJXo3FfBQMeUn4	Kaio Viana	['speed up brasileiro']	[2021, 2022]	1	1
6JXRSEJa8jE6sxsjMFMozp	MC CJ	['funk bh', 'funk mtg']	[2021, 2022]	1	1
23buF7CmOZll8oQveAvsut	DJ Nikolas Alves Exclusive	[]	[2021, 2022]	1	1
1aQbanZ6xPrOtTYtsMdm3Q	DJ Kaioken	[]	[2021, 2022]	1	1
2BvV4u6AUwFCrAriUIo9Sm	DJ Gege	[]	[2021, 2022]	1	1
3VhkOgqrqw8bBm5PPJbHXA	Lupambo	[]	[2021, 2022]	1	0
3whgFbrRxsOmYVrq3t4hCY	Paulo Pires	['arrocha', 'arrochadeira', 'piseiro']	[2021, 2022]	1	1
0MkyYYm0OKY2rZohgy750o	Felipe Cardoso DJ	[]	[2021, 2022]	1	1
07BaHE7dzguDOawZRVWCsR	Mc Fopi	['deboxe']	[2021, 2022]	1	1
2MUXvv3lFulPYMUCtNrEBu	DJ Patrick Muniz	['deboxe', 'funk mandelao', 'funk mtg', 'funk viral']	[2021, 2022]	1	1
6akRUh5g0XiVQaZj6U23fd	Dj Olliver	[]	[2021, 2022]	1	1
6lpzj8HzoVgeA24NN1GnPV	Mc Phe Cachorrera	['deep funk ostentacao', 'funk carioca', 'funk ostentacao', 'funk paulista']	[2021, 2022]	1	1
2iK1rsbYstkSVn57M4s8ut	Gaab	['funk carioca', 'r&b brasileiro']	[2021, 2022]	1	1
2MKq3nQOfCRUwxtmmAOpqR	MC Kapela	['funk mtg', 'funk ostentacao', 'funk paulista']	[2021, 2022]	1	1
7Iojib0lifaGJnw2oip1pu	Veiga no Beat	['no beat']	[2021, 2022]	1	1
3THyxXDkvAVvmfZKP3Fq7G	Mc Pepeu	['funk bh', 'funk mtg']	[2021, 2022]	1	1
3JrsRa8z1Pngkkf4pDrokD	DJ Swat	['funk mtg']	[2021, 2022]	1	1
0c1Tiu4dJze8OTzxJ7Yowr	Maninho	['portuguese pop']	[2021, 2022]	1	0
7c53ZFyajVMTo08HmvoB6b	zzoilo	[]	[2021, 2022]	1	1
7eLcDZDYHXZCebtQmVFL25	Aitana	['latin talent show', 'spanish pop']	[2021, 2022]	1	1
1xglv0oUbyJaycWFhyec8U	JC NO BEAT	['deboxe', 'funk mtg', 'no beat', 'rave funk']	[2022]	1	1
1L5QOwu01wcDbozwIL1XXd	DJ F7	['funk mandelao']	[2022]	1	1
0gn6QcKMo0cMWKbiPGEeVy	Danni Gato	['kuduro']	[2021, 2022]	1	1
13GA8qxVLDZs0oh1zZ872C	GoldSkull	[]	[2021, 2022]	1	0
70cJFTHKCTRuBdNNn741Xh	Nivy	[]	[2021, 2022]	1	0
0vdcZzmneH0nK9CYFHQBjk	Dj Chris No Beat	['agronejo', 'no beat']	[2022]	1	1
5kVgcCdPbeUwxBqWxi2Ktl	Luan Pereira	['agronejo']	[2022]	1	1
1BEUkE2CSUgHTLSBMZdnFB	Mae Muller	['uk contemporary r&b', 'uk pop']	[2021, 2022]	1	1
2T1se5h5FRkw7ZfR7yxdlm	Tayrone	['arrocha']	[2022]	1	1
7pbDxGE6nQSZVfiFdq9lOL	Rex Orange County	['bedroom pop', 'pov: indie']	[2022]	1	1
7j6DKwmjbxvpQO8h914uEz	Ryan Castro	['reggaeton', 'trap colombiano', 'trap latino', 'urbano latino']	[2022]	1	0
2WzaAvm2bBCf4pEhyuDgCY	Ruth B.	['alt z', 'canadian contemporary r&b', 'canadian pop', 'pop']	[2021, 2022]	1	0
4KDxYlnGZEiS60pAnfZf4W	Avine Vinny	['arrocha']	[2021, 2022]	1	1
2txHhyCwHjUEpJjWrEyqyX	Tom Odell	['chill pop']	[2021, 2022]	1	0
1gl0S9pS0Zw0qfa14rDD3D	Surf Curse	['dreamo', 'indie surf', 'pov: indie', 'surf punk', 'vegas indie']	[2021, 2022]	1	0
6DPYiyq5kWVQS4RGwxzPC7	Dr. Dre	['g funk', 'gangster rap', 'hip hop', 'rap', 'west coast rap']	[2022]	1	1
61bQ4nwIioR8w6PGxzpyY3	Rondodasosa	['drill italiana', 'italian hip hop', 'trap italiana']	[2022]	1	1
76Pl0epAMXVXJspaSuz8im	Freeze corleone	['drill francais', 'french hip hop', 'melodic drill', 'pop urbaine', 'rap francais']	[2022]	1	1
3LvwPiJQJ0da0GurKMToV0	Baby Gang	['trap italiana']	[2022]	1	1
3TTq94wgOIj0skk2wT8bnb	A2 Anti	[]	[2022]	1	1
22dFwJoRBV51ue5TGnC7Dt	Beny Jr	['drill espanol']	[2022]	1	1
3tTvSeZiFDP3CY5EdPGcR4	ASHE 22	['drill francais', 'french hip hop', 'pop urbaine', 'rap francais', 'rap lyonnais']	[2022]	1	1
5yOvAmpIR7hVxiS6Ls5DPO	Omah Lay	['afrobeats', 'nigerian pop']	[2022]	1	1
5itNRAG8DPcD6Yrm1rFPLv	Distrito 23	['trap brasileiro']	[2022]	1	1
0BMccF4OSgl180EzdVFY9m	Raffé	['trap brasileiro']	[2022]	1	1
5l8uNQWdIozojTbL2tzBa7	Jhowzin	[]	[2022]	1	1
4yGgbQJMq9orWypwqtdzYT	Oruam	['trap brasileiro']	[2022]	1	1
0DjQFfVxBipTFTXRCwImMP	Mc Anjim	['funk bh', 'funk mtg', 'funk viral', 'rap mineiro']	[2021, 2022]	1	1
01CFmzv28eTtJAjhrvOsiW	Dj Lv Mdp	['funk bh', 'funk mtg']	[2021, 2022]	1	1
7Dq3oCz43MCuWBRgWTltZI	DJ PH DA SERRA	['funk bh', 'funk mtg']	[2021, 2022]	1	1
4pnp4w9g30yLfVIAFnZMRd	ACRAZE	['pop dance', 'tech house']	[2021, 2022]	1	1
1c70yCa8sRgIiQxl3HOEFo	Cherish	['atl hip hop', 'girl group', 'hip pop', 'r&b', 'southern hip hop', 'urban contemporary']	[2021, 2022]	1	1
7f5Zgnp2spUuuzKplmRkt7	Lost Frequencies	['belgian edm', 'edm', 'pop dance', 'tropical house']	[2021, 2022]	1	1
59FrDXDVJz0EKqYg39dnT2	Jão	['pop nacional']	[2022]	1	0
3ifiFpeJ4X5nYagCluflvg	DJ BRUNIN DA NT	[]	[2022]	1	1
6QMABvTzixnxzsLYyhqRxI	Majestic	['uk dance']	[2021, 2022]	1	1
2W8yFh0Ga6Yf3jiayVxwkE	Dove Cameron	['pop']	[2022]	1	0
7tjVFCxJdwT4NdrTmjyjQ6	Muni Long	['indie r&b']	[2022]	1	0
3tkq9ZnBaejLPLRpg8kGET	DJ 2F	['brega funk', 'funk consciente']	[2019, 2020, 2021, 2022]	1	1
48r1nXoaPXPSx1LoM0Rnzl	AMUSIK	['trap brasileiro']	[2022]	1	1
6nZ39vMOOOgXQ471Jy5jhR	WEY	['trap brasileiro']	[2022]	1	1
5wEgjH2s4SAiffRmzkBqHB	Wall Hein	['trap brasileiro']	[2022]	1	1
3t79G9FgRevO8CGsP9B6I8	MC Gabluca	['funk mtg']	[2022]	1	1
1h6Cn3P4NGzXbaXidqURXs	Swedish House Mafia	['edm', 'pop dance', 'progressive electro house']	[2021, 2022]	1	1
027TpXKGwdXP7iwbjUSpV8	The Walters	['chicago indie', 'pov: indie']	[2021, 2022]	1	0
6rygauyIMQJrXRC4e5rQJP	Davi Kneip	['agronejo', 'funk bh', 'funk consciente', 'funk mtg']	[2022]	1	1
6HJiLhKqnOh32p3LSNWsR3	Dj Gabriel do Borel	['funk carioca', 'funk rj']	[2022]	1	1
6Ovxg5WDcnSQc8iQXv0IvI	DJ 900	[]	[2021, 2022]	1	1
67lytN32YpUxiSeWlKfHJ3	Yung Lean	['cloud rap', 'psychedelic hip hop', 'underground hip hop']	[2022]	1	0
0mfeoleda752Uj4JbEZDIN	Dj Tk	['deboxe', 'funk mtg', 'funk viral']	[2022]	1	1
7dUNKhz7HdxExteqcREGLi	Mc Denny	[]	[2022]	1	1
1pmixngtBJleMrGUG5o8DE	Mr. Vegas	['azonto', 'dancehall', 'reggae fusion', 'soca']	[2022]	1	1
4yvcSjfu4PC0CYQyLy4wSq	Glass Animals	['gauze pop', 'indietronica', 'modern rock', 'pov: indie', 'shiver pop']	[2021, 2022]	1	0
0IhzJFf4QBEz0ifqLwScKV	Dj GBR	['rave funk']	[2021, 2022]	1	1
7i9j813KFoSBMldGqlh2Z1	Riton	['house', 'pop dance', 'uk dance']	[2021, 2022]	1	1
1gALaWbNDnwS2ECV09sn2A	Nightcrawlers	['disco house', 'hip house', 'uk dance', 'vocal house']	[2021, 2022]	1	1
4L2dV3zY7RmkeiNO035Fi0	Mufasa & Hypeman	[]	[2021, 2022]	1	1
3Edve4VIATi0OZngclQlkN	Dopamine	[]	[2021, 2022]	1	1
6HaGTQPmzraVmaVxvz6EUc	Jung Kook	['k-pop']	[2022]	1	0
34Gw52pP6ExWNrH6U6fpeO	Pérola	['kizomba', 'musica angolana', 'semba']	[2021, 2022]	1	1
4SQUUGQBAKH0w73RjAnozc	Manecas Costa	[]	[2021, 2022]	1	1
7q1aEytv83jXNECmyaMhgn	Costa Gold	['brazilian hip hop', 'trap brasileiro']	[2021, 2022]	1	1
5cc7XCY3YdVmFDYw9LklMq	André Nine	['trap brasileiro']	[2021, 2022]	1	1
7EyzyrMNgqiK8bMrbkOT9l	Sidoka	['rap mineiro']	[2021, 2022]	1	1
3uMHwSzAIRTT0pRMihvQJw	Intactoz Corp.	[]	[2021, 2022]	1	1
3Ns5FA1ANQOzsHLWspsrC6	Doode	['trap brasileiro']	[2021, 2022]	1	1
2hKfWlZLozDVOkReXCYJXq	Mc DB	['funk bh', 'funk mtg']	[2021, 2022]	1	1
5rgGEItdOwNLB079BDuHJt	MC Keven da VC	[]	[2021, 2022]	1	1
37230BxxYs9ksS7OkZw3IU	Chencho Corleone	['reggaeton flow', 'trap latino', 'urbano latino']	[2022]	1	1
4PFgfReja3r59JaekHpeuf	El Taiger	['cubaton']	[2021, 2022]	1	1
42ppAzaKW3DW3bYRmxd1Dw	DJ Conds	['cubaton']	[2021, 2022]	1	1
2Py0XQSu8EfmYYOzvbOco5	Ivo Lucas	['portuguese pop']	[2022]	1	1
57vWImR43h4CaDao012Ofp	Steve Lacy	['afrofuturism']	[2021, 2022]	1	0
04uu8U3I1h26Fp2NBkPTRZ	Sam Tompkins	['singer-songwriter pop']	[2022]	1	1
2TcGJdSOiOvITBzhvfX8XB	Shouse	['aussietronica']	[2021, 2022]	1	0
29PgYEggDV3cDP9QYTogwv	Carolina Gaitán - La Gaita	['movie tunes']	[2022]	1	1
36CUTsdtNgCwMq6zKD1l8I	Mauro Castillo	['modern salsa', 'movie tunes', 'salsa colombiana']	[2022]	1	1
72kqSqk124Vnl1wtT6q9Fh	Adassa	['movie tunes']	[2022]	1	1
2as15AH2BTrPk8v4gyElmr	Rhenzy Feliz	[]	[2022]	1	1
18MFcGBHtyW0mU3ufcm0X1	Diane Guerrero	['movie tunes']	[2022]	1	1
5PYToRCsrnvikZg3yl2JMr	Stephanie Beatriz	['hollywood', 'movie tunes']	[2022]	1	1
3xLU748QxpTmIVaiNXXg0P	Encanto - Cast	['movie tunes']	[2022]	1	1
1rIc4yTieeRq25NA3T8RQ5	DJ Matt D	['funk consciente']	[2021, 2022]	1	1
78Y1NpgD0yMKoBetaYlUzS	Menor MC	['funk paulista']	[2021, 2022]	1	1
5s27i7oqhNWIcE4HeoVdq0	MC GP	['funk consciente', 'funk paulista']	[2021, 2022]	1	1
4G8d2H1R7P1rlGptL7Uzla	Rafaell Dior	['trap tuga']	[2022]	1	1
0nzfP49X2nrzmmkwZf180L	Gustah	[]	[2021, 2022]	1	1
2450WxbFxHjnttFAv31zGk	Bagua Records	['pop rap brasileiro']	[2021, 2022]	1	1
3TJGVUkSJzk5ZPixMFczZX	Vitor Fernandes	['arrocha']	[2021, 2022]	1	1
33ScadVnbm2X8kkUqOkC6Z	Don Omar	['latin hip hop', 'puerto rican pop', 'reggaeton', 'trap latino', 'urbano latino']	[2017, 2018, 2020, 2021, 2022]	1	1
2JO85Q1YnQNGfLdgStvZPV	Akaio MC	[]	[2022]	1	1
3Z02hBLubJxuFJfhacLSDc	Bryan Adams	['canadian pop', 'canadian singer-songwriter', 'classic canadian rock', 'heartland rock', 'mellow gold', 'soft rock']	[2022]	1	0
561qBVd91ZPE9yCURXt7BB	Nena	['portuguese pop']	[2021, 2022]	1	0
7ySZCEP4HFGckYYPK5rqFI	Melody	['pop nacional', 'pop teen brasileiro']	[2022]	1	0
6E2st8OqIaS7PU5gj95FSE	1Kilo	['pop rap brasileiro']	[2018, 2019]	1	1
5vQfv3s2Z2SRdPZKr82ABw	Dzeko	['canadian electronic', 'dutch house', 'edm', 'electro house', 'pop dance', 'progressive electro house']	[2018, 2019]	1	1
0bdJZl7TDeiymDYzMJnVh2	Preme	['canadian hip hop', 'canadian trap', 'toronto rap']	[2018, 2019]	1	1
3iFgLN1aKaXsXUPcKfqR0w	CHARLIE BEATS	[]	[2017, 2018, 2019]	1	1
0C7wcNmhW2dfxrtMrrn0rs	Bigg Favz	[]	[2019]	1	1
5JMLG56F1X5mFmWNmS0iAp	Chelsea Cutler	['alt z']	[2019]	1	1
74WDLxBsm1TLxV6WVwD994	Kell Smith	[]	[2019]	1	1
3oSJ7TBVCWMDMiYjXNiCKE	Kane Brown	['black americana', 'contemporary country', 'country', 'country road']	[2019]	1	1
1oMiDFyAgmIzw9ZBQYHOJI	El Guincho	['deep latin alternative', 'musica canaria']	[2019, 2020]	1	1
6HhnhnxLsowYuuejvku0Bz	Lartiste	['french hip hop', 'pop urbaine']	[2018, 2019]	1	1
5zSv8ebxJp6esGCMu1pxaH	Caroliina	[]	[2018, 2019]	1	1
1fux65HMCBvfJHqlBc4Nno	Casper Magico	['reggaeton', 'reggaeton flow', 'trap latino', 'urbano latino']	[2018, 2019]	1	1
16dI2D8rAv2YTBktuKpOHa	Dylan	[]	[2019, 2020]	1	1
5vBrKGOjN10BMwB0cJADj4	bülow	['alt z', 'indietronica']	[2019]	1	1
6USMTwO0MNDnKte5a5h0xx	Y2K	['pop rap', 'viral rap']	[2019, 2020]	1	1
41X1TR6hrK8Q2ZCpp2EqCz	bbno$	['canadian hip hop', 'dark trap', 'meme rap']	[2019, 2020]	1	1
01cSS9Li4G0S7dH0h7Khfu	Dj Dadda	['hip hop tuga']	[2018, 2019, 2020]	1	1
2kMDiFDvjMOoLfcZbLgA6s	MC M10	['rave funk']	[2019, 2020]	1	1
2wzMOQwNT6ZvVB4amvhFAH	The Pogues	['celtic punk', 'celtic rock', 'folk punk', 'punk']	[2017, 2018, 2019, 2020, 2021]	1	1
6UlNIFEuWlBqb4TvlVCekq	Kirsty MacColl	['new wave pop']	[2017, 2018, 2019, 2020, 2021]	1	1
63XBtGSEZINSyXylZxEUbv	Victoria Monét	['alternative r&b']	[2019]	1	1
0G74PWccc2UbEEHNKVVaKB	Andreas Weise	['melodipop']	[2018, 2019, 2020, 2021]	1	0
50sftj2oW2iBviA6RkTzsz	Silva	['nova mpb', 'pop lgbtq+ brasileira']	[2018, 2019]	1	1
5MS6HieNmKxzkAM8amE8sr	Rebecca	['funk 150 bpm', 'funk carioca', 'pop lgbtq+ brasileira']	[2019, 2020, 2021]	1	1
69UfPJgUmFFAVT740qGVZi	Ken Darby Singers	[]	[2017, 2018, 2019, 2020, 2021]	1	1
735L650pvygCZZlPMyHqsN	John Scott Trotter & His Orchestra	['light music']	[2017, 2018, 2019, 2020, 2021]	1	1
5UjifI1TYefXWn9GdqDOHl	Social House	[]	[2019]	1	1
2ySHS7UojGu20XfUPaBlyu	Devin Dawson	['contemporary country', 'country road', 'modern country rock']	[2018, 2019, 2020]	1	0
5yES5e4EJpUB0tfmWi3eao	MC Rita	['funk carioca']	[2018, 2019]	1	1
7pLntWGInZPQxc4kXxzzjB	Liz Gillies	[]	[2018, 2019, 2020, 2021]	1	1
14scxEoUN7Dcx1m4EQ7oHe	Ashley O	[]	[2019]	1	0
55emZB6OJOvHmTpuqa6HZz	Anjos	['portuguese pop']	[2019, 2020, 2021]	1	0
6fsAIzQPt8QSvdsrOtMKBS	Khapo	[]	[2018, 2019]	1	1
2VN0LIP2wzvlIPbceoU9td	Putzgrilla	['basshall', 'hip hop tuga']	[2019]	1	1
1n07xtEZwz3p8l5o7X8xo5	Sacik Brow	['hip hop tuga']	[2019]	1	1
4rojTfP5nRkmYpdSbWQgV4	Death Stranding: Timefall	['video game music']	[2019]	1	1
63YmDLaZHbrYEf26oOS2JS	NERVE	['hip hop tuga']	[2017, 2019]	1	1
3CjlHNtplJyTf9npxaPl5w	CHVRCHES	['indietronica', 'metropopolis', 'neo-synthpop', 'shimmer pop']	[2019]	1	1
2c9O21YLFy4tFI9zCVhbFg	Sunday Service Choir	[]	[2019]	1	1
6Q9rYTvqZH6PDk2GCwk8AC	Dylan	[]	[2019, 2020]	1	1
3PkzH3nruSQEb164tyPPJT	Sodré	[]	[2019, 2020]	1	1
2NlKrNMdpYxGjt3Pvw87rC	Europa	['uk dance']	[2019]	1	1
6lBN3Tzt61u8i9AJoAhKzF	Mykola Dmytrovych Leontovych	['post-romantic era', 'ukrainian classical']	[2017, 2019, 2020]	1	1
3dRfiJ2650SZu6GbydcHNb	John Williams	['orchestral soundtrack', 'soundtrack']	[2017, 2019, 2020]	1	1
3lWesKnd7TQsvcI6MpHB6o	Kombat	['drill tuga', 'trap tuga']	[2019]	1	1
3a5ydeAaojKa3CHWe5PVWK	MC MM	['funk carioca', 'funk consciente', 'funk ostentacao', 'funk paulista']	[2018, 2019]	1	1
6jsjhAEteAlY0vCiLvMLBA	ROZES	['alt z', 'indie poptimism']	[2018, 2019, 2020, 2021]	1	0
1XTGADISSMRf8B4TcVGYUC	Ky-Mani Marley	['reggae', 'reggae fusion']	[2019]	1	1
2NUz5P42WqkxilbI8ocN76	Vybz Kartel	['dancehall', 'jamaican dancehall', 'reggae fusion']	[2019]	1	1
3bnpcWBcvlfq4hPFJjNPbz	SAFE	['canadian hip hop']	[2019]	1	1
1Y8cdNmUJH7yBTd9yOvr5i	Destiny's Child	['dance pop', 'girl group', 'pop', 'r&b', 'urban contemporary']	[2017, 2019]	1	0
5oFkj1qSlyBUmV5d6Edgtq	Cozz	['underground hip hop']	[2019]	1	1
4bMNzAopkqYTwkBLwMKsF1	Childish Major	['trap soul', 'underground hip hop']	[2019]	1	1
2WxjxdeF7GGdcCK276qViY	Natalie Taylor	[]	[2019, 2020, 2021]	1	0
65stAzefvkwLeulY8215Zo	Holly	['future bass']	[2019]	1	1
6tt0iYnpHERj05WATWRiom	Bantu	['zimdancehall']	[2018, 2019]	1	1
0GOx72r5AAEKRGQFn3xqXK	GIMS	['french hip hop', 'french pop', 'r&b francais', 'rap conscient']	[2019]	1	1
2a0uxJgbvvIRI4GX8pYfcr	J Hus	['afroswing', 'grime', 'uk hip hop']	[2019]	1	1
2gzWmhOZhDN6gXL49JW9qj	Nasty C	['south african hip hop', 'south african trap']	[2019]	1	1
2J257euzcjnDLipsyJH3F2	Clipse	['alternative hip hop', 'hardcore hip hop', 'hip hop', 'southern hip hop', 'virginia hip hop']	[2019]	1	1
6I3M904Y9IwgDjrQ9pANiB	Kenny G	['smooth jazz', 'smooth saxophone']	[2019]	1	1
6FQqZYVfTNQ1pCqfkwVFEa	Foals	['alternative dance', 'garage rock', 'indie rock', 'indietronica', 'modern alternative rock', 'modern rock', 'oxford indie', 'rock']	[2019]	1	0
748vvRoC07dm7YjIHil6EC	Coro de Santo Amaro de Oeiras	[]	[2019, 2020, 2021]	1	0
47uyFQHOD02S0lj9ptRpoB	Felipe Araújo	['arrocha', 'sertanejo', 'sertanejo universitario']	[2018, 2019]	1	1
5ZfBThYiIIhL7jHMG8gDB2	Ferrugem	['pagode', 'pagode novo', 'sertanejo universitario']	[2018, 2019]	1	1
6TV0LZ3BaEun0OQEh96elP	Jordan Smith	['deep talent show', 'idol']	[2018, 2019, 2020, 2021]	1	0
75WcpJKWXBV3o3cfluWapK	Lute	['indie hip hop', 'north carolina hip hop', 'underground hip hop']	[2019]	1	1
35dFX8XteNIxKbFW6VmdW3	No Maka	['portuguese pop']	[2019]	1	1
0e68cnJyUTJu1nEuxxMSLm	Tati Zaqui	['funk carioca']	[2019, 2020]	1	1
1B5n6jsxvFldc6Nq8Wx8VJ	OIK	[]	[2019, 2020]	1	1
21qFsnXy1iPJgE8AgVOaIB	Banda do Filme Variações	[]	[2019]	1	0
0oSGxfWSnnOXhD2fKuz2Gy	David Bowie	['art rock', 'classic rock', 'glam rock', 'permanent wave', 'rock']	[2018, 2019, 2020]	1	1
7xX15v6ahAkcT14kHfB9wB	True Damage	['k-rap']	[2019]	1	1
2YFBOR9KIxC6WqHclkj9Yq	Keke Palmer	['pop r&b', 'post-teen pop', 'r&b']	[2019]	1	1
6Xg22wJOAcnvPUfk5WvODH	JEON SOYEON	['k-pop']	[2019]	1	1
6I3MElirhT5t6Kf7p0hGk9	Duckwrth	['alternative r&b']	[2019]	1	1
1igl9M102nuD96lo3ZoW5d	Thutmose	[]	[2019]	1	1
6fxyWrfmjcbj5d12gXeiNV	Denzel Curry	['dark trap', 'drill', 'hip hop', 'miami hip hop', 'rap', 'trap', 'underground hip hop']	[2019]	1	0
5JbALDn35ZrLwVAle4xVqZ	Luca Hänni	['german pop']	[2019]	1	0
0HU0U9kdXEHZVxUNbuQe8S	Donny Hathaway	['chicago soul', 'classic soul', 'funk', 'neo soul', 'quiet storm', 'soul', 'southern soul']	[2018, 2019, 2020, 2021]	1	0
4tMm1dU6Gn04VAZ9ClHcIZ	Jacquees	['atl hip hop', 'pop r&b', 'r&b', 'rap', 'trap']	[2019]	1	0
5rvP5KtLM6n8xOUDqhmq4i	Sir Scratch	['hip hop tuga']	[2019]	1	0
3XV0lFzNs8BCTwhJTcMiBr	Blue Ivy	[]	[2019]	1	1
3OjrB9vdBG9jR6YpEJX8SS	TRACE NOVA	[]	[2019]	1	1
6Ip8FS7vWT1uKkJSweANQK	Dave	['uk hip hop']	[2019]	1	1
2oJ6siRRJ3jnON6LYskUe7	GSON	[]	[2019, 2020]	1	1
19HFRWmRCl27kTk6LeqAO8	MORTEN	['danish electronic', 'scandipop']	[2019]	1	1
3LQQa6ja1D44jxxZ3VYKjF	Loromance	[]	[2019]	1	1
6Nva7JhU0nL9SZ8ZvJni6O	Tom Enzy	['slap house']	[2019]	1	1
4K9aclpXgCPNFGEqRlFPal	Peter Manos	[]	[2018, 2019]	1	0
7AzjETXRUKNRSJHMW9GIqd	Nina Nesbitt	['alt z', 'neo-singer-songwriter', 'uk pop']	[2018, 2019, 2020, 2021]	1	0
5fgtcrHICBqlrkHtSWWu0F	António Variações	['portuguese indie', 'portuguese rock']	[2019]	1	0
62Hped8KMeSwPABlhpcqst	Vitinho Ferrari	['batidao romantico']	[2018, 2019]	1	1
1NdfaQNOGvEdXntHKo9a7R	Dj DG	[]	[2018, 2019]	1	1
5wTdspmxzb8V4ZjvDodpBo	A Touch Of Class	['europop']	[2019]	1	1
2Kx7MNY7cI1ENniW7vT30N	Norah Jones	['contemporary vocal jazz', 'jazz pop', 'vocal jazz']	[2018, 2019, 2020, 2021]	1	0
0h9smro0z3HqUbD94jotU8	Smokey Robinson	['classic soul', 'disco', 'funk', 'motown', 'quiet storm', 'soul']	[2019]	1	1
2oQX8QiMXOyuqbcZEFsZfm	El Alfa	['dembow', 'rap dominicano', 'reggaeton', 'trap latino', 'urbano latino']	[2019]	1	1
25IG9fa7cbdmCIy3OnuH57	The Chicks	['contemporary country', 'country', 'country dawn']	[2019]	1	1
3wtMPMvPtiFylbnNXF6CAj	Afro Bros	['basshall', 'dutch hip hop', 'dutch house']	[2019]	1	1
4pwXiI7Z5ZStkgKowZyoKi	Like Mike	['belgian edm']	[2019]	1	1
4TEJudQY2pXxVHPE3gD2EU	BlocBoy JB	['memphis hip hop', 'rap', 'tennessee hip hop', 'trap']	[2018, 2019]	1	1
1Jt3lGxY5pqiWrh3cyIgwy	Chris Marshall	[]	[2019]	1	1
1L8dHj74BnLILHGcwVWMVd	Huzz	['trap pesado']	[2019]	1	1
2bK0xpbbwTq3O7ylUEId9Q	Strychniness	['rap feminino nacional']	[2019]	1	1
2org0PubBAxTvjVvLo9PJ0	Cailin Russo	['la pop']	[2019]	1	1
2zmjYl582zO64LcLQtOEuv	Chrissy Costanza	[]	[2019]	1	1
0xA8Rmfl9di0sVaPl9AyR9	DJ Yuri Martins	['funk carioca']	[2017, 2018, 2019]	1	1
2HUwZ0kumzCSlhFcjFZfpp	Flipp Dinero	['melodic rap', 'trap']	[2018, 2019]	1	0
3eqjTLE0HfPfh78zjh6TqT	Bruce Springsteen	['heartland rock', 'mellow gold', 'permanent wave', 'rock', 'singer-songwriter']	[2017, 2018, 2019, 2020, 2021]	1	0
1f2ZqxfQsScl9g2RIsFHbp	Garry	[]	[2018, 2019]	1	1
5QuBVnBPEzwYvFrgBbwpmU	Empress Of	['art pop', 'electropop', 'escape room', 'etherpop', 'shiver pop']	[2018, 2019]	1	1
1LGh5vyaoQP9bgTwLSMTyW	Thiago Brava	['arrocha', 'sertanejo', 'sertanejo pop', 'sertanejo universitario']	[2018, 2019]	1	1
04yB9kBsaEQgT8hFfcsQik	Mustard	[]	[2019, 2020]	1	1
0VGybH10ziMPo99SYOwMoQ	Tamta	['greek pop', 'laiko']	[2019]	1	0
65CKKZilbcSKkAPC9a5Mvh	Oumou Sangaré	['afropop', 'malian blues', 'mande pop', 'wassoulou', 'world']	[2019]	1	1
3XC57xz74X3xUi1hv4mge1	Winona Oak	['swedish pop']	[2018, 2019]	1	1
0bg3fNpRQgZTCAg3Bseyly	Mc Th	['deboxe', 'funk carioca', 'funk mtg', 'funk ostentacao', 'funk rj']	[2019, 2020]	1	1
06zC1Z0YDLeWPBLIEAkswh	Medellin	['funk rj']	[2019, 2020]	1	1
2OKT3UlyCvDefb14iq4E71	Pep Starling	['chill baile']	[2019, 2020]	1	1
1BRkfP0amngMbqJ4aV3KKp	Dynho Alves	['brega funk', 'funk carioca']	[2019, 2020]	1	0
06nvjg4wBANK6DCHjqtPNd	Mahmood	['italian adult pop', 'italian pop']	[2019]	1	0
2ndyVAdV9UqF1XjyTJt484	Fred Hammond	['gospel']	[2019]	1	1
4RVnAU35WRWra6OZ3CbbMA	Kylie Minogue	['australian dance', 'australian pop', 'dance pop', 'eurodance', 'new wave pop']	[2017, 2018, 2019, 2020, 2021]	1	0
0vneleczrRRNPF1vj0x0vy	The Harlem Community Choir	[]	[2017, 2018, 2019]	1	1
4m2kfAHEnK7Z7qLGxeWtro	The Plastic Ono Band	['beatlesque', 'experimental rock']	[2017, 2018, 2019]	1	1
23zg3TcAtWQy7J6upgbUnj	Usher	['atl hip hop', 'contemporary r&b', 'dance pop', 'pop', 'r&b', 'rap', 'south carolina hip hop', 'urban contemporary']	[2018, 2019, 2020, 2021]	1	1
0Zsw8N0usCdHtEtFtwZKg5	Prodigio	['musica angolana', 'trap angolano']	[2019]	1	1
2iYOOz3pgXTanoJBjneFtr	G Son	[]	[2019]	1	1
2X97ZAqRKRMYFIDqtvGgGc	Silk City	['edm']	[2018, 2019]	1	1
1dbp04JzZ81JXlMGupCnJ8	Antonio José	['pop flamenco', 'spanish pop']	[2019]	1	1
0ceH34CATvfgphxnLRWFkm	9lokknine	['florida drill', 'florida rap']	[2019]	1	1
0B3N0ZINFWvizfa8bKiz4v	James TW	['british singer-songwriter']	[2018, 2019, 2020, 2021]	1	0
6gqBZ0kAjgVLsZQKkHcaB3	PK Delas	['funk 150 bpm', 'funk carioca']	[2019, 2020]	1	1
07V3atNq2TyPNDYmzp6Dyy	Reese LAFLARE	['atl trap']	[2019]	1	1
0vaKiuLwFJLVU664A8GTjE	Jace	['deep underground hip hop']	[2019]	1	1
30C5wgn4celhRP3Tytv7R6	Mez	['north carolina hip hop']	[2019]	1	1
21dooacK2WGBB5amYvKyfM	Smokepurpp	['melodic rap', 'miami hip hop', 'trap', 'underground hip hop']	[2019]	1	1
2rhFzFmezpnW82MNqEKVry	Ski Mask The Slump God	['hip hop', 'miami hip hop', 'pop rap', 'rap', 'trap', 'underground hip hop']	[2019]	1	1
0EeQBlQJFiAfJeVN2vT9s0	Nipsey Hussle	['conscious hip hop', 'gangster rap', 'hip hop', 'pop rap', 'rap', 'southern hip hop', 'trap']	[2019]	1	1
6q3p11nP1p80Ey6LrOOSed	Hit-Boy	['drumless hip hop']	[2019]	1	1
5W10uJRsbt9bROJDKoI1Wn	Moses Sumney	['alternative r&b', 'art pop', 'indie soul', 'la pop']	[2019]	1	1
4k1ELeJKT1ISyDv8JivPpB	The Prodigy	['big beat', 'breakbeat', 'dance rock', 'hardcore techno', 'rave']	[2019]	1	0
3OxZ4asD88P1lJJmLcXz4K	Márcia Fellipe	[]	[2018, 2019]	1	1
6OpOg5HVCc8xVf7OVrd5Fk	Jerry Smith	['brega funk', 'funk carioca']	[2018, 2019]	1	1
5bWUlnPx9OYKsLiUJrhCA1	Jon Z	['reggaeton', 'trap latino', 'urbano latino']	[2019]	1	1
5XnIjshjqYVE2eDVgSt9Ro	Mel & Kim	[]	[2018, 2019, 2020, 2021]	1	0
7HGNYPmbDrMkylWqeFCOIQ	Caetano Veloso	['bossa nova', 'mpb', 'samba de roda', 'tropicalia']	[2019]	1	1
5BvJzeQpmsdsFp4HGUYUEx	Vampire Weekend	['baroque pop', 'chamber pop', 'garage rock', 'indie rock', 'indietronica', 'modern rock', 'stomp and holler']	[2019]	1	0
6SsTlCsuCYleNza6xGwynu	Agnes	['swedish electropop', 'swedish idol pop', 'swedish pop']	[2019]	1	1
2fVW2ix4ANKiofDZIsy1XR	Vargas & Lagola	['swedish pop']	[2019]	1	1
4EPJlUEBy49EX1wuFOvtjK	Becky Hill	['pop dance', 'pop house', 'uk dance', 'uk pop']	[2019, 2020, 2021]	1	1
1cFrkBniD1fh6m5UHmmOBC	MC Doni	['funk consciente']	[2019]	1	0
00XhexlJEXQstHimpZN910	Brytiago	['reggaeton', 'trap latino', 'urbano latino']	[2019]	1	1
293zczrfYafIItmnmM3coR	Chuck Berry	['blues', 'blues rock', 'classic rock', 'rock', 'rock-and-roll', 'rockabilly', 'soul']	[2017, 2018, 2019, 2020, 2021]	1	0
4ZhFCxPekpmV12n2xMeF2z	Ink	[]	[2019]	1	1
0huGjMyP507tBCARyzSkrv	Cordae	['hip hop', 'pop rap', 'rap', 'trap', 'underground hip hop']	[2019]	1	1
6GX3y0u61X0EHZZogsQFbL	Mc Doguinha	[]	[2018, 2019]	1	1
0n9VWli2NkR8OqJS4dXTqw	MC Pupio	[]	[2018, 2019]	1	1
23CWN5Os3pnmN5c2oD5ocS	BIYA	['trap tuga']	[2019]	1	1
29Tpb9NIA4RIZ6knnYXGDR	A Banca Records, Lourena, Azzy, Mazin, Black	[]	[2019]	1	0
5IccCciXwIjKPROLcD1Qao	C4 Pedro	['kizomba', 'musica angolana', 'portuguese pop']	[2019]	1	1
5e4Dhzv426EvQe3aDb64jL	Shania Twain	['canadian country', 'canadian pop', 'contemporary country', 'country', 'country dawn']	[2017, 2018, 2019, 2020, 2021]	1	1
5qa31A9HySw3T7MKWI9bGg	FLETCHER	['alt z', 'pop']	[2019]	1	0
3v6Ji4uoWtKRkhuDUaxi9n	Dynoro	['edm']	[2018, 2019]	1	1
1OAjDaKgg00KCUYqDe68un	Gigi D'Agostino	['eurodance', 'italo dance']	[2018, 2019]	1	1
3uZFBSsMiooimnprFL9jD1	Snow	['canadian old school hip hop', 'reggae fusion']	[2019, 2020]	1	1
6t9tbRO9Lv6Oq6xtVwfdrn	Theresa Rex	['scandipop']	[2019]	1	1
57FU7zh1oXdQMT4XhjSsHL	MC Mirella	['funk carioca']	[2019]	1	1
2uTAuGMylwF0xQH1gJ1k1e	Owhana	[]	[2019]	1	1
5FxshnB3eJ2YDn8xN8zDKq	Hannah Kerr	['anthem worship', 'ccm']	[2018, 2019, 2020, 2021]	1	0
4qIVPF0s71ZYW3qzhu5GkF	Kina	['sad lo-fi']	[2019, 2020]	1	1
5fSVkkuijRIpxuvSqysYiP	Snøw	['sad lo-fi', 'sad rap']	[2019, 2020]	1	1
5lKZWd6HiSCLfnDGrq9RAm	Leona Lewis	['british soul', 'dance pop', 'pop', 'talent show']	[2017, 2018, 2019, 2020, 2021]	1	0
3yJLZoq3Ra2VmSW5teVgih	Walshy Fire	['instrumental funk']	[2019, 2020]	1	1
1AwO9pWEBSBoWdEZu28XDC	Eartha Kitt	['torch song', 'vocal jazz']	[2017, 2018, 2019, 2020, 2021]	1	1
0oK8UXKZbQezeRhE0KeBAV	Henri René and His Orchestra	"[""man's orchestra""]"	[2017, 2018, 2019, 2020, 2021]	1	1
0rlKkLkpsCnJbZethGBfAk	Captain Cuts	['pop edm']	[2019]	1	1
5mYakBbBzPMQTfkVMIgiDM	Georgia Ku	['uk pop']	[2019]	1	1
6eVWXmKBW7Iltub01D9R1c	Valerie Broussard	['bossbeat', 'modern alternative pop']	[2019]	1	1
6xvpfMjWTougrRRtK7iikz	Mason Ramsey	['contemporary country', 'country']	[2019]	1	1
250b0Wlc5Vk0CoUsaCY84M	JENNIE	['k-pop']	[2018, 2019]	1	0
57zZoaRDFEjqRwq6FlT0va	Sara Tavares	['morna', 'portuguese pop']	[2019, 2020]	1	1
0GByy3DcfbQwDvXGCWmzv9	Pretenders	['album rock', 'classic rock', 'mellow gold', 'new romantic', 'new wave', 'new wave pop', 'permanent wave', 'rock', 'soft rock']	[2020, 2021]	1	0
0ErzCpIMyLcjPiwT4elrtZ	NLE Choppa	['memphis hip hop', 'rap']	[2020]	1	1
4kI8Ie27vjvonwaB2ePh8T	Portugal. The Man	['indie rock', 'indietronica', 'modern alternative rock', 'modern rock']	[2017, 2018, 2020]	1	0
6k0wDCUqnYIW0YpLpQwAYT	Rogg	['trap tuga']	[2020]	1	1
08GQAI4eElDnROBrJRGE0X	Fleetwood Mac	['album rock', 'classic rock', 'rock', 'soft rock', 'yacht rock']	[2020]	1	0
0JdCnTEH50FSYNKnTNVfR2	Jogzz	[]	[2020, 2021]	1	1
7LvoDJUNGnOrPdGRzVtOJ9	Young M.A	['alternative r&b', 'lgbtq+ hip hop', 'nyc rap', 'rap', 'trap']	[2020]	1	1
5ymceTqcPxt1Wc2rcraut8	Betsy David	[]	[2020]	1	0
6LXRvV2OAtXF7685fzh3mj	Rowdy Rebel	['nyc rap']	[2020]	1	1
2UzbrOSDiSjcLFN8wZ4bz2	Black	['trap carioca']	[2020]	1	1
1YOVBTvznjiDvtAj4ExHeo	BK	['brazilian hip hop']	[2020]	1	1
1nIUhcKHnK6iyumRyoV68C	Ennio Morricone	['classic soundtrack', 'italian soundtrack', 'orchestral soundtrack', 'vintage italian soundtrack']	[2020]	1	0
7n2Ycct7Beij7Dj7meI4X0	TWICE	['k-pop', 'k-pop girl group', 'pop']	[2020]	1	0
1M2hWeiuj11hkYdfiZ2wFy	prettieboy johnson	['trap tuga']	[2020]	1	1
2UyyBkpzN5w3hzZBZGvRZb	Sosa Geek	['brooklyn drill']	[2020]	1	1
3O5HD95HTEPgoPFOjAb7yV	DripReport	['viral rap']	[2020]	1	0
0f2YkMXwFNJNSX7MymevKE	Kaash Paige	[]	[2020]	1	1
3QJUFtGBGL05vo0kCJZsmT	salem ilese	['alt z', 'modern indie pop']	[2020]	1	0
3wVXTWabe3viT0jF7DfjOL	Vedo	['pop r&b']	[2020]	1	0
5OeFObBovpx2Ib2yAwU3hO	Silver Francis	[]	[2020]	1	0
5dmOPgOqzAhlpOlGFUouNh	Elisa	['musica madeirense']	[2020]	1	0
5d9MILKTfILTEWOvOMN2Zl	Willy Gamble	[]	[2020]	1	0
1zuJe6b1roixEKMOtyrEak	Tina Turner	['soft rock']	[2020]	1	1
2JbE7jUIGtpXSzytnyMg6U	Curtis Waters	[]	[2020]	1	1
44rJuOJLavqhY6qGgpQW4U	Harm Franklin	['alberta hip hop']	[2020]	1	1
2cPqdH7XMvwaBJEVjheH8g	Jay Wheeler	['reggaeton', 'trap latino', 'urbano latino']	[2020]	1	1
2ydZrTy8U3kOMOzx20s3dg	DJ Nelson	['reggaeton', 'urbano latino']	[2020]	1	1
4aQY8buO08AQLaDOuLs6Yn	Jeremy McKinnon of A Day To Remember	[]	[2020]	1	1
1sjw4xq2pAWy5Vdgba5QAt	HENRY	['k-pop']	[2020]	1	1
4ETSs924pXMzjIeD6E9b4u	Surfaces	['bedroom soul']	[2020]	1	0
2cnMpRsOVqtPMfq7YiFE6K	Van Halen	['album rock', 'classic rock', 'hard rock', 'rock']	[2020]	1	0
27w1NoOLMX7tJMYqcetPyG	VIC MENSA	['canadian hip hop', 'chicago rap', 'conscious hip hop', 'rap', 'underground hip hop']	[2020]	1	0
03fLoIOO015incUitpfkad	Michele Morrone	[]	[2020]	1	0
7M83IzPXGA4ClZJ5reW2Ro	Douglas & Vinicius	['arrocha', 'sertanejo pop']	[2020]	1	1
7qd6KGoABHifvXKeFNe2Yb	Wolftyla	['trap queen']	[2020]	1	1
4EhzGWzAzBsDUnMK8Ydroc	French Plouc	[]	[2020]	1	0
6BIcxcpzRWS9ztO8f4W6su	Carol Fletcher	[]	[2020]	1	0
7bmYpVgQub656uNTu6qGNQ	Hwa Sa	['k-pop', 'korean talent show']	[2020]	1	1
1OY65G9NJJHsSt1lGLZU6q	NiiHWA	[]	[2020]	1	1
22jNvLBrXGKr4CcV2tw8Ag	Jonas Esticado	['arrocha']	[2020]	1	0
7uV0jUaCsqKvwLEboFxK6s	Carlo San Juan	[]	[2020]	1	0
6gGJH7joTDx9M3xREiAq9U	Petter Ferraz	[]	[2020, 2021]	1	1
0xTWPVQfXgaj6Je1inSRKw	Menor Nico	[]	[2020, 2021]	1	1
6P5NO5hzJbuOqSdyPB7SJM	Ashe	['alt z']	[2020]	1	0
0QJIPDAEDILuo8AIq3pMuU	M.I.A.	['escape room', 'indietronica', 'new rave']	[2020]	1	1
63yrD80RY3RNEM2YDpUpO8	Melanie Martinez	['alt z', 'electropop', 'pop']	[2020]	1	0
7p23ERQPaBJU2W0gguMNTi	Cristóvam	['musica acoriana']	[2020]	1	0
0BqURncJM5B1BBu7UM51eq	Guaynaa	['reggaeton', 'reggaeton flow', 'urbano latino']	[2020]	1	1
1qMTgrvxRRHO3rflIONsCP	Fumaxa	['hip hop tuga']	[2020, 2021]	1	1
71jSVPQ6yskfyvWeiwvT5s	S1mba	['afroswing']	[2020]	1	1
6kZWqUZqptyxb8Ki5DyBAg	DTG	['afroswing']	[2020]	1	1
09EYYUcfEDOvj3D5f45L99	MC Ingryd	['funk 150 bpm']	[2020]	1	1
6ac253D3NynjiNAjkkR2TJ	DJ Henrique da VK	['funk 150 bpm']	[2020]	1	1
4kPhFLTPr6FMuP8ZVxvD0n	sora9k	['trap tuga']	[2020]	1	1
6w7nHPNj2BIGTEbRrefVyu	Tony Carreira	['classic portuguese pop']	[2020]	1	1
1MXZ0hsGic96dWRDKwAwdr	Tyla Yaweh	['cali rap', 'melodic rap']	[2020]	1	1
3FwNjtXQCdxpDOXmgJQGnG	Emman	['opm', 'pinoy hip hop', 'tagalog rap']	[2020]	1	0
1359cXd992MwCyGCgbPDcS	Dj W-Beatz	['funk mtg', 'rave funk']	[2020]	1	1
0awYrHoDgY7bTDlAb3wGuF	Ventura	['rave funk']	[2020]	1	1
2Y3kRJYYun9lDcRMM7ulQg	MC Bruna Alves	['brega funk', 'funk carioca']	[2020]	1	1
1JYiyu6QtmtwjdFz3TEFTe	MC BN	['funk mandelao', 'funk mtg', 'phonk brasileiro', 'rave funk']	[2020]	1	1
35GL8Cu2GKTcHzKGi75xl5	Jennifer Hudson	['dance pop', 'r&b', 'urban contemporary']	[2020, 2021]	1	1
7lzordPuZEXxwt9aoVZYmG	Billy Idol	['album rock', 'classic rock', 'dance rock', 'hard rock', 'new romantic', 'new wave', 'new wave pop', 'rock', 'soft rock']	[2020]	1	1
6fzqFEdXOLpA7VzaKdcey6	Kasha	[]	[2020]	1	1
0o2CVefufFC0laiAQozokD	MOBBERS	['rap angolano', 'trap angolano']	[2020, 2021]	1	1
3QQcFHQIISsL3ahXEkYULw	FrankPal	[]	[2020]	1	1
70UV8lP1tnDl3kvDp5Eudm	Davisax	[]	[2020]	1	1
37G8DfNgO4mQ3PKh5droSo	"Osmani Garcia ""La Voz"""	['cubaton']	[2020]	1	1
32W3C6bE5nWdRdC22xZBNy	Noble	[]	[2020]	1	1
72lFLIDivXYM1nswyrHSrh	Zé Manel	[]	[2020]	1	1
5LboVrnt5SmCfdz5ba9COq	Meestre	[]	[2020]	1	1
6gOEb7F3fvyaAQGfJubvq2	Gabriela	['portuguese pop']	[2020]	1	1
41I5xI04kixwmonDBl0Sda	King Combs	['cali rap']	[2020]	1	1
73Np75Wv2tju61Eo9Zw4IR	Idina Menzel	['hollywood', 'movie tunes', 'show tunes']	[2017, 2020, 2021]	1	1
0CY58kSdTjT30hGuuFW9N6	Sammy Wellz	[]	[2020]	1	0
0YWxKQj2Go9CGHCp77UOyy	Fabolous	['gangster rap', 'hip hop', 'pop rap', 'rap', 'trap', 'urban contemporary']	[2020]	1	1
67nwj3Y5sZQLl72VNUHEYE	Wale	['pop rap', 'r&b', 'rap', 'southern hip hop', 'trap']	[2020]	1	1
6X8WdFjrNhXATMDSs26aCc	Curren$y	['dirty south rap', 'new orleans rap', 'rap', 'southern hip hop']	[2020]	1	1
0399oiMcmbOzzsYQDNYqxn	Problem	['hyphy', 'trap', 'west coast trap']	[2020]	1	1
34nVLWMJTjaMh2aSMOQHei	King Pharaoh	[]	[2020]	1	1
1lEXbUjKjHQ7uc9jFfEViJ	TGT	['pop r&b']	[2020]	1	1
7MPGCB854Qo4alYMOPkBka	Ritt Momney	['bedroom pop']	[2020, 2021]	1	0
3ipn9JLAPI5GUEo4y4jcoi	Ludacris	['atl hip hop', 'dance pop', 'dirty south rap', 'hip hop', 'old school atlanta hip hop', 'pop rap', 'rap', 'southern hip hop', 'trap']	[2020]	1	1
4q3N2WZiTq26rLMdpIGRgP	Markim WF	[]	[2020]	1	1
6bmlMHgSheBauioMgKv2tn	Powfu	['sad lo-fi', 'sad rap']	[2020, 2021]	1	1
35l9BRT7MXmM8bv2WDQiyB	beabadoobee	['bedroom pop', 'bubblegrunge', 'indie pop', 'pov: indie']	[2020, 2021]	1	1
6fs2or0cKLEM2xohWq8SoX	Lexie Liu	['chinese electropop']	[2020]	1	1
4TqlcgMFDryY96KWcvrhTv	Seraphine	[]	[2020]	1	1
7nqlScm2smydSRl13eaP8E	Nea	['scandipop']	[2020]	1	1
1QJNTcEVJfb5qVsMvtA5ch	DJ HYPE MYKE	[]	[2020]	1	1
7ksQJtsXSRSrI5306UwIgH	Kim Jong Wan of NELL	['korean ost', 'korean pop']	[2020]	1	1
1lmU3giNF3CSbkVSQmLpHQ	Surf Mesa	[]	[2020, 2021]	1	1
4ArPQ1Opcksbbf3CPwEjWE	Emilee	['social media pop']	[2020, 2021]	1	1
3l0CmX0FuQjFxr8SK7Vqag	Clairo	['bedroom pop', 'indie pop', 'pop', 'pov: indie']	[2020, 2021]	1	0
0ua7cgHh4uK9r1nbqlat8u	Titus Legend	[]	[2020]	1	0
5yy76ufVriyvidNSvXlRU1	Clever	['alabama rap']	[2020]	1	1
4qWnlmXWuGv2TtuxtIWlJX	BANNERS	['indie poptimism']	[2020, 2021]	1	0
2T1cjraXeFGf3neQE2MHmf	Dream Boyz	['kizomba', 'musica angolana']	[2020]	1	1
5jzapBMcVjDFRXFy4e2PgA	Arieth Feijó	['musica angolana']	[2020]	1	1
06KW64mW1lFahvaJVV0TRe	Mc Mayara	[]	[2020]	1	1
6XNIpaZ20z54hXfWy6l7uC	Angel Woodward	[]	[2020]	1	0
0jhNzTzC1CZaf2FFgBVCMT	Os Parazim	['sertanejo pop']	[2020]	1	0
4T47gOchMUCmHFoVBE28NH	Dj Juninho 22	['trap funk']	[2020]	1	1
2pGDMwn7Intxxu6tbrOGF8	Nega	[]	[2020]	1	1
0UcXjTpzt0DmIwPSNwlJfF	jetsonmade	[]	[2020]	1	1
7fpQ6NCdteN7GLIpdFXaKV	Ambush Buzzworl	['grime', 'uk hip hop']	[2020]	1	1
7nyTCGtVopkEszcmKc2oDV	KROA	[]	[2020]	1	1
3ZX3GNavFr3n4huFSye5yH	Gson	[]	[2020]	1	1
5WFFFHVqeVk5tLuYh2KjQy	Luccas Carlos	['brazilian hip hop', 'pop nacional', 'pop rap brasileiro', 'r&b brasileiro']	[2020]	1	1
2cBkZING16JqKkEN7KEDBC	Kroa	[]	[2020]	1	1
5Arftegd4g73yPkaSZQExk	Giovanni	[]	[2020]	1	1
5nlVs8rU4GxZczm2pk4EPX	Zara G	[]	[2020]	1	1
5yz46P4WSrZOmHHT4hXshK	Dorthy Terry	[]	[2020]	1	0
5nkzLizeD93QtabjeK4oyl	Djay W	['funk consciente', 'funk paulista']	[2020, 2021]	1	1
3zUcyANWSbo98ikca4ugrV	Salvador Da Rima	[]	[2020, 2021]	1	1
66W9LaWS0DPdL7Sz8iYGYe	JP Saxe	['alt z', 'canadian contemporary r&b', 'singer-songwriter pop']	[2020, 2021]	1	1
4TvhRzxIL1le2PWCeUqxQw	The Blessed Madonna	[]	[2020]	1	1
1XggRlhdW70SWvKflaZUEI	Didá Banda Feminina	['musica baiana', 'samba reggae']	[2020, 2021]	1	1
19JY4BpaJkAlSR4iDxB1MX	Cesar Mc	['musica capixaba', 'rap capixaba']	[2020]	1	1
204IwDdaHE4ymGk9Kya2pY	Djonga	['afrofuturismo brasileiro', 'brazilian hip hop', 'rap mineiro']	[2020]	1	1
3DKkhRCGOG4e8IUPYFPfWs	Dixie	['social media pop']	[2020, 2021]	1	1
0daugAjUgbJSqdlyYNwIbT	Vicetone	['edm', 'electro house', 'pop dance', 'progressive electro house']	[2020]	1	1
2jpQ0ywffgVHhZFQNWaWYW	Tony Igy	['russian dance']	[2020]	1	1
6Y64EaNqpqcZYTgs4c76gF	jxdn	['pop punk']	[2020]	1	0
7vPGzgDg3qGUY5bWtrO3K4	Conkarah	['jawaiian']	[2020]	1	1
2fZcYu4ltOFdwsnDmLQ9jl	DJ Fle	[]	[2020]	1	1
2N4EYkIlG1kv25g6Wv8LGI	Killer Mike	['alternative hip hop', 'atl hip hop', 'conscious hip hop', 'hip hop', 'old school atlanta hip hop', 'political hip hop', 'southern hip hop']	[2020]	1	0
3QVolfxko2UyCOtexhVTli	Angèle	['belgian pop', 'french pop', 'variete francaise']	[2020]	1	1
79KQgTCu4wV38ECYKn62DZ	White Gold	[]	[2020]	1	1
5g9XiEkkceEjmAGXfWHpt5	Vytinho NG	['brega funk']	[2020, 2021]	1	1
7Jb6GR4PIxHSkDJK8MWuVg	Bianca	['pop nacional']	[2020, 2021]	1	1
1ZwdS5xdxEREPySFridCfh	2Pac	['g funk', 'gangster rap', 'hip hop', 'rap', 'west coast rap']	[2020]	1	0
1ckFxxGdhukqgUX1tLOm15	Paulo Carvalho	[]	[2020, 2021]	1	0
6PRzGdn4WO9juMXyq2QRBw	Lójico	['rap angolano']	[2020]	1	1
1oXW86kOCopYzoAWOOc6gj	Irina Barros	['kizomba', 'musica angolana', 'portuguese pop']	[2020]	1	0
36dg2Tva96jpR96pb3fHp0	ARTIGAZZ	['trap peruano']	[2020]	1	1
0UVerhkfCX6dHTmOcvafbM	Sloowtrack	['peruvian hip hop', 'trap peruano']	[2020]	1	1
5hCD3ne9PkIC9mVzOJStwQ	Mad 283	['drill tuga', 'rap criolo', 'trap tuga']	[2020]	1	0
0Cp8WN4V8Tu4QJQwCN5Md4	BENEE	['alt z', 'nz pop']	[2020]	1	1
6sHCvZe1PHrOAuYlwTLNH4	Gus Dapperton	['bedroom pop', 'indie poptimism', 'pov: indie']	[2020]	1	1
4wngxtsP87ozrQh05D90dO	Trois Cafés Gourmands	['chanson', 'french pop']	[2020]	1	0
0gav0eK3c0etW2zs0V59Qc	Piri	['psicodelia brasileira']	[2020]	1	1
3oDbviiivRWhXwIE8hxkVV	The Beach Boys	['baroque pop', 'classic rock', 'folk rock', 'mellow gold', 'psychedelic rock', 'rock', 'sunshine pop']	[2017, 2020, 2021]	1	0
6DJEUXZm0e2rAohdoZ5Voo	Black Thought	['alternative hip hop', 'east coast hip hop']	[2020]	1	1
3ZotbHeyVQKxQCPDJuQ4SU	Q-Tip	['east coast hip hop', 'queens hip hop']	[2020]	1	1
1WjexdTcXHgvlVIPCE8D1Q	Denaun	[]	[2020]	1	1
5Nf5yishRW9Ye174sJISkg	London On Da Track	['atl hip hop']	[2020]	1	1
6JdeUWTrO9Ou3GD1b07Xgs	WiNDOH	['trap tuga']	[2020, 2021]	1	0
6qrqAYlS6lUj2BVXax7SZW	Mc Jacaré	['arrochadeira', 'deboxe', 'funk 150 bpm', 'funk mtg', 'funk rj', 'trap funk']	[2020, 2021]	1	0
62O7NiiZ4rAz8tLHxJApaH	Melisa Boone	[]	[2020]	1	0
1Fmb52lZ6Jv7FMWXXTPO3K	Joan Jett & the Blackhearts	['glam punk', 'rock']	[2020]	1	1
2TWBei99x2tV70bdYbWdAf	Dayvi	['circuit', 'guaracha']	[2020]	1	1
00CMSJdbf36zOzKB3z8JrR	Victor Cardenas	[]	[2020]	1	1
0cCNT5RyWndpS7Zx7ISEDw	Kelly Ruíz	['guaracha']	[2020]	1	1
0yApzRdrUqTGqX9MULdnmV	Thiaguinho MT	['brega funk', 'funk carioca']	[2020]	1	1
606eWexxNhc6Mj0RuCxMA9	Mila	['arrochadeira', 'brega funk']	[2020]	1	1
5zfEatKLDdRkgbw6sdLBAQ	Octavian	['afroswing', 'london rap', 'uk hip hop']	[2020, 2021]	1	1
15iVAtD3s3FsQR4w1v6M0P	Chief Keef	['chicago bop', 'chicago drill', 'chicago rap', 'drill', 'hip hop', 'rap', 'trap']	[2020]	1	1
1G9G7WwrXka3Z1r7aIDjI7	Outkast	['atl hip hop', 'dirty south rap', 'hip hop', 'old school atlanta hip hop', 'rap', 'southern hip hop']	[2017, 2018, 2020]	1	0
6Kk3DH8cxWFrTq9ajqck22	Nandx710	[]	[2020]	1	1
2gx1zKYcIAUboisufcHkjB	Choji	[]	[2020]	1	1
16hlg6k7mG0fnOOWxVBmuV	David Gomes	[]	[2020]	1	1
7zWJnEd2KQWNkFSCGrz8fb	Manuel Freire	['fado', 'musica de intervencao', 'portuguese folk']	[2020]	1	0
4ytkhMSAnrDP8XzRNlw9FS	Vince Guaraldi Trio	['jazz trio']	[2020]	1	0
3E6iMhi3fvbMBSwZk8aeeJ	Chris Tamayo	[]	[2020]	1	0
1YNkUZE5Qp5SVzBsQUoact	Alexa Duna	[]	[2020]	1	0
2PaZWGu5T5nHjY2xxAkFsT	THE SCOTTS	['viral rap']	[2020, 2021]	1	1
6fFfnKGVI6X3lkCr8Qw1g1	KXNG Crooked	['cali rap', 'detroit hip hop']	[2020]	1	1
1q13yHC6Syg5Y8iPLrRnCq	Joell Ortiz	['battle rap']	[2020]	1	1
2HPYUQ6GsPbZHvkyYe2jdm	Shawn James	['midwest americana']	[2020]	1	0
3Xt3RrJMFv5SZkCfUE8C1J	Kim Petras	['alt z', 'pop', 'transpop']	[2020]	1	1
3XxxEq6BREC57nCWXbQZ7o	Jamie Cullum	['contemporary vocal jazz', 'jazz pop', 'neo mellow']	[2020, 2021]	1	0
5lb0v04RV0FPS30vQ7g72p	NTS	['hip hop tuga']	[2018]	1	0
7AbKOHOvn27dK0FOiboAno	Black Atlass	['canadian contemporary r&b', 'dark r&b']	[2018]	1	1
6beUvFUlKliUYJdLOXNj9C	King Princess	['alt z', 'indie pop', 'nyc pop']	[2018]	1	0
6LjdKBMnP1Da8Oe6WhrN56	Aldair Playboy	['batidao romantico', 'brega funk', 'brega romantico', 'forro de favela', 'funk carioca']	[2018]	1	0
1qSJaftSab2kTTsj7fLxvM	DJ SpinKing	['slow game']	[2018]	1	1
4JrSPyzLVPKQlEHHpqt4c3	Johnny Franco	[]	[2017, 2018]	1	1
52lBOxCxbJg0ttXEW9CQpW	Louis Prima	['adult standards', 'jump blues', 'lounge', 'swing', 'tin pan alley']	[2018]	1	1
4gvkdged3Xw3ImXFm3jiay	Juliander	['swedish pop']	[2017, 2018]	1	1
7zkbhC05sM5YCGHLQunZcu	Rafa G	[]	[2018]	1	1
34Y0ldeyUv7jBvukWOGASO	Bobby Shmurda	['nyc rap', 'rap', 'trap']	[2018]	1	1
4dZrt8Ong5t7YYpvbfp0RU	Chet Atkins	['fingerstyle', 'nashville sound']	[2017, 2018]	1	0
76yeOnINtQSXyoEHbkYmtY	Drew Love	[]	[2018]	1	1
44r8u0xltFYkGdjqA3YVQe	Los Manitos	[]	[2018]	1	1
2JLqTvFXmC87BksiCsBezV	Matt Terry	['talent show']	[2018]	1	0
6WtWmLPWn1imbcisSfmBvy	The Ray Conniff Singers	['easy listening']	[2017, 2018]	1	0
1QDrz3DMMaz3TB1cm0PGDu	Justin Jesso	['singer-songwriter pop']	[2017, 2018]	1	1
3pbi8H08p95NUZ7m6ybxUV	Static Major	[]	[2018]	1	1
4RfTXjK9aiiIKDaKUHpL57	Busy Signal	['dancehall', 'jamaican dancehall', 'reggae fusion']	[2018]	1	1
5p0zkKpBuRguKebwRe0RI2	Pierce Fulton	['complextro', 'pop edm', 'progressive electro house']	[2018]	1	1
2vaRNo2C9WlMNgKN2LJOL4	Gordon Gano	[]	[2018]	1	1
76M2Ekj8bG8W7X2nbx2CpF	NGHTMRE	['brostep', 'edm', 'electro house']	[2018]	1	1
06cd30Cv9US973Ika84gDw	Lucas Lucco	['funk carioca', 'sertanejo', 'sertanejo pop', 'sertanejo universitario']	[2018]	1	1
3LLNDXrxL4uxXtnUJS5XWM	Alexander Rybak	[]	[2018]	1	0
7wzaSKTsjE9HnuDuZTX452	Arlissa	['uk pop']	[2018]	1	1
29QbBR0oTzA7A0kiOzrbbr	Jamie Scott	['uk pop']	[2017, 2018]	1	1
5gWzmnHTLNXz5CjOc0wAuK	Romy Dya	['dutch pop']	[2017, 2018]	1	1
4RfOLIFy2xEmlWzXEVmLJn	Sjava	['afro soul', 'south african pop']	[2018]	1	1
6Q7UV9Oa87GypGTKiuOh6f	Equinox	[]	[2018]	1	0
2F6B2QaWX7cz72kKtY8LRD	Rita Vian	[]	[2018]	1	1
3ocjm34azq21UtebolrtKj	Ananda	['funk carioca', 'pop nacional']	[2018]	1	1
7tsmrNpbLkT4xL1nzRLpCu	Joker Beats	[]	[2018]	1	1
5luyt0SUvGkDMY4ILP6Qhl	Descemer Bueno	['cubaton']	[2017, 2018]	1	1
3mLdH6xxrscTf2poCN9Kzy	Rio Santana	[]	[2018]	1	1
2V0DROfM2ieFSOcA3SHJLD	Judah	[]	[2018]	1	1
4DROs1Ye9DiLY3X8L7xvl8	Andrez Babii	['rap romantico']	[2018]	1	1
0SfsnGyD8FpIN4U4WCkBZ5	Armin van Buuren	['dutch house', 'dutch trance', 'edm', 'pop dance', 'progressive house', 'trance']	[2018]	1	0
2J6pigOrBmKQgqJUY5UM7r	Matt OX	['melodic rap', 'plugg', 'rage rap']	[2018]	1	1
3Bj81IbILbuj2uEwWXMdXI	Sosamann	['atl trap', 'houston rap', 'memphis hip hop']	[2018]	1	1
44RRgJcFWyW7kfeEkgFPGT	Palavra Cantada	['musica infantil']	[2017, 2018]	1	0
3U4YeD9p381pXkebifD865	Cesar Sampson	[]	[2018]	1	0
29bg2tYJCCyiuZdbsc9mFh	Jetlag Music	['brazilian edm']	[2018]	1	1
6CO3icJe86W5FK3U73zyyR	HOT-Q	['brazilian edm']	[2018]	1	1
1D8g0sSx3lKf9qZeFhYBku	WADD	[]	[2018]	1	1
7MFJyevu6jq0shwDuVLymu	Justin Mylo	['dutch house', 'electro house', 'pop dance', 'pop edm', 'progressive electro house']	[2018]	1	1
1E1W3to8HhGSkkIEUMwEjd	Dewain Whitmore	[]	[2018]	1	1
12Zk1DFhCbHY6v3xep2ZjI	070 Shake	['new jersey rap']	[2018]	1	1
1GLtl8uqKmnyCWxHmw9tL4	The Kooks	['brighton indie', 'garage rock', 'modern rock', 'rock']	[2018]	1	0
5f3peNznKH0RaAYeJtDWnf	Love Renaissance (LVRN)	[]	[2018]	1	1
6G1yTgvoYsuVb2Ja8cVVJ2	anders	['canadian contemporary r&b', 'canadian hip hop', 'toronto rap', 'trap soul']	[2018]	1	1
7wg1qvie3KqDNQbAkTdbX0	Louis The Child	['edm', 'electropop']	[2018]	1	1
0FL2d6iFFNAV3yBUbXjZ1U	Wafia	['australian pop', 'indie electropop']	[2018]	1	1
3jfVtv9mWfW0c5b3Fx440e	Babes Wodumo	['afro soul', 'gqom', 'south african pop']	[2018]	1	1
3TNpNnN7Y8QhtJJnQ08YeF	iRO	[]	[2018]	1	1
2cQr2KbzdRtIFlfbHGnNsL	Ziv Zaifman	['show tunes']	[2018]	1	1
2LAqcqAQ8KPTsl1HBgBrqM	Michelle Williams	['hollywood']	[2018]	1	1
1IueXOQyABrMOprrzwQJWN	Sigala	['dance pop', 'edm', 'pop dance', 'uk dance', 'uk pop']	[2018]	1	1
4mgrIhoYnm5QMXkDHhPaDJ	Cláudia Pascoal	['portuguese pop']	[2018]	1	1
0JOxt5QOwq0czoJxvSc5hS	GASHI	[]	[2018]	1	1
6bGwi8TG7T8Vcp415XooE5	Jojo Maronttinni	['funk carioca']	[2018]	1	0
5xxkw4ElO0WX3v4i1W5kAQ	Ryan O'Shaughnessy	['irish singer-songwriter']	[2018]	1	0
4OBJLual30L7gRl5UkeRcT	T.I.	['atl hip hop', 'dirty south rap', 'gangster rap', 'hip hop', 'pop rap', 'rap', 'southern hip hop', 'trap']	[2018]	1	1
3gd8FJtBJtkRxdfbTu19U2	Mumford & Sons	['modern folk rock', 'modern rock', 'neo mellow', 'stomp and holler', 'uk americana']	[2018]	1	0
4MXUO7sVCaFgFjoTI5ox5c	Sufjan Stevens	['art pop', 'baroque pop', 'chamber pop', 'indie pop', 'indie rock', 'singer-songwriter']	[2018]	1	0
6CfVRtBKm2zZRCN5HpN7Ea	Ellanor	['portuguese pop']	[2018]	1	0
4fpTMHe34LC5t3h5ztK8qu	The Carters	['r&b']	[2018]	1	0
0TkqXdyWLsssJH7okthMPQ	Jay Electronica	['alternative hip hop', 'conscious hip hop', 'drumless hip hop', 'hip hop', 'psychedelic hip hop']	[2018]	1	1
0AspLZGQkP38yddNoD0pLn	Mario Bautista	['latin viral pop', 'mexican pop', 'reggaeton mexicano']	[2018]	1	1
4YLQaW1UU3mrVetC8gNkg5	3LAU	['edm', 'electro house', 'mashup', 'pop dance', 'progressive electro house', 'progressive house']	[2017, 2018]	1	1
41qil2VaGbD194gaEcmmyx	Will Smith	['hip hop', 'pop rap']	[2018]	1	1
7slfeZO9LsJbWgpkIoXBUJ	Ricky Martin	['latin pop', 'mexican pop', 'puerto rican pop']	[2017, 2018]	1	1
45Hr5etuwmSx4gSyn5qSeW	MC Dede	['funk carioca', 'funk ostentacao', 'funk paulista']	[2018]	1	1
2ZRQcIgzPCVaT9XKhXZIzh	Gryffin	['edm', 'pop dance']	[2018]	1	1
6CwfuxIqcltXDGjfZsMd9A	MARINA	['metropopolis', 'pop', 'pov: indie', 'uk alternative pop']	[2018]	1	1
2yQf6b8hxahZaT5dHlWaB1	Raekwon	['east coast hip hop', 'hardcore hip hop']	[2018]	1	1
4iCwCMnqsNZ6atvRiADgtn	RZA	['east coast hip hop', 'hardcore hip hop']	[2018]	1	1
4VmEWwd8y9MCLwexFMdpwt	Method Man	['east coast hip hop', 'hardcore hip hop', 'hip hop']	[2018]	1	1
4OBbOrkD4geIjOLrICN3wO	Inspectah Deck	['east coast hip hop', 'hardcore hip hop']	[2018]	1	1
0dS5xeDefwoUNasLUHnCjR	Cappadonna	['east coast hip hop']	[2018]	1	1
09XH5qagU5qcWhYXcQYsjX	Jackpot Scotty Wotty	[]	[2018]	1	1
0G070wUUUBptmqGEKAAUVx	U-God	['hardcore hip hop', 'hip hop']	[2018]	1	1
0ME1RawvWt3qOJnYnxVqeh	Masta Killa	['east coast hip hop']	[2018]	1	1
6ns6XAOsw4B0nDUIovAOUO	GZA	['east coast hip hop', 'hardcore hip hop']	[2018]	1	1
4tWoA7JxH2OmNjkvhI7Z3t	Rasmussen	[]	[2018]	1	0
4UffC3o3JiLSg7pa5DpQbp	Mike Yung	['pop soul']	[2018]	1	1
6tdM5Njlln7nWkonCppW0u	MC Loma e As Gêmeas Lacração	['brega funk', 'funk carioca']	[2018]	1	0
13A9x5VINTOaVnYxK4rbNQ	Clau	['funk carioca', 'pop nacional', 'pop rap brasileiro']	[2018]	1	1
4DdazUhIad0cymOHGifQO6	Cortesia Da Casa	['brazilian hip hop']	[2018]	1	1
53iGNetIf91uZx4Jb54cgb	Haikaiss	['brazilian hip hop']	[2018]	1	1
4QfOh8rJ0OddhhXHD5QyWs	The Boy Next Door	['basshall']	[2018]	1	1
20twLKFb2Nhd8duUH0k2DJ	Jake Gosling	[]	[2018]	1	1
0BmLNz4nSLfoWYW1cYsElL	Alexandra Stan	['romanian pop']	[2018]	1	1
37GUqxafAvAKGMZbXCUnmr	Mohombi	[]	[2018]	1	1
2aCd85DFBmf2mpACyzOvIu	Marc Mysterio	['canadian electronic']	[2018]	1	1
1PnnRNGfichOAfPOn5mVyx	Sorana	['romanian pop']	[2018]	1	1
0XAzqhdQM4Oa2uzORPlqCt	Fox Blanco	['scandipop']	[2018]	1	0
6rFkZxhheU9l1nODgZm4SP	Junior Lord	['r&b brasileiro']	[2018]	1	1
7jEEE187pVG6InOxn03oA5	Benjamin Ingrosso	['swedish pop']	[2018]	1	0
65DioSSCLQ9vmedjsaA45y	Gerex	[]	[2018]	1	1
00lso8Pn9lzTFTVvjcFZeg	Miguel Alves	[]	[2018]	1	0
28ExwzUQsvgJooOI0X1mr3	Jay Rock	['conscious hip hop', 'hip hop', 'rap', 'southern hip hop', 'trap']	[2018]	1	1
1LZEQNv7sE11VDY3SdxQeN	Bee Gees	['disco', 'mellow gold', 'soft rock']	[2017, 2018]	1	0
1g0fXhQMHAxlRyIBkCbuE7	Matt Simons	['neo-singer-songwriter']	[2018]	1	0
6O74knDqdv3XaWtkII7Xjp	Boyz II Men	['boy band', 'contemporary r&b', 'new jack swing', 'r&b', 'urban contemporary']	[2018]	1	1
6yKOhlzXpohI1avc0AmATV	YUZI	[]	[2018]	1	1
3rIZMv9rysU7JkLzEaC5Jp	Snow Patrol	['irish rock', 'modern rock', 'neo mellow', 'permanent wave', 'pop rock']	[2018]	1	0
2NdeV5rLm47xAvogXrYhJX	Ciara	['dance pop', 'hip pop', 'pop', 'r&b', 'urban contemporary']	[2018]	1	0
1gPhS1zisyXr5dHTYZyiMe	Kevin Gates	['baton rouge rap', 'rap', 'trap']	[2018]	1	1
62FaS5AarFCrus8LxSVKKW	teddy<3	['la pop', 'transpop']	[2018]	1	1
3gGUMEwIX6XodWsYEvKSal	YBN Nahmir	['alabama rap', 'rap', 'trap']	[2018]	1	1
21aa4pj9BvbFB2iT8kRpnq	Michael Schulte	['german pop', 'talentschau']	[2018]	1	0
6r2niOTnexy9xss5g8GWXH	Yasiin Bey	[]	[2018]	1	1
4as3khXWaPjfkFdCA0JWMo	Jesse®	['modern alternative pop']	[2018]	1	1
4we5S2VLjgY9KzIzApL1KI	Ryan Tedder	[]	[2018]	1	1
0p4nmQO2msCgU4IF37Wi3j	Avril Lavigne	['canadian pop', 'candy pop', 'pop']	[2018]	1	0
1iBGuNBYRKnNdKxm0kKNM0	Young Sinatra	[]	[2018]	1	1
65nZq8l5VZRG4X445F5kmN	Mariza	['fado', 'portuguese pop']	[2018]	1	0
536BYVgOnRky0xjsPT96zl	Two Door Cinema Club	['indie rock', 'indietronica', 'irish rock', 'modern alternative rock', 'modern rock', 'northern irish indie']	[2017, 2018]	1	0
7mnAzEmgquhrVtGob81SmO	Big Shaq	['london rap']	[2017, 2018]	1	0
4CDXbURs9NxZWRLVZ2HHto	Sheffield	[]	[2018]	1	0
28y6CyJNkGNjJQKrlx4AmN	HRVY	['pop']	[2018]	1	0
26AHtbjWKiwYzsoGoUZq53	Pentatonix	['a cappella', 'viral pop']	[2017, 2018]	1	0
7gem2HsdUnIMlGuhZT22Sb	Zara G	['hip hop tuga', 'trap tuga']	[2017, 2018]	1	1
7sMiAzj6PJ8f5yBFoJZgb4	Giovanni	['hip hop tuga', 'rap angolano']	[2017, 2018]	1	1
0nmQIMXWTXfhgOBdNzhGOs	Avenged Sevenfold	['alternative metal', 'nu metal']	[2018]	1	0
3SAPMsjg12oFvgqeRrsmmX	Sea	['portuguese pop']	[2018]	1	0
0TSMy9QFSMnBR2si7qZ0VT	Mateus Carrilho	['brega funk', 'funk carioca', 'pop lgbtq+ brasileira']	[2017, 2018]	1	1
2PC0CLpUsoEQPNIZKg2ZX0	MC Bin Laden	['funk carioca', 'funk ostentacao']	[2018]	1	1
0Ye4nfYAA91T1X56gnlXAA	Mako	['pop edm']	[2018]	1	1
1CF8aEN939swnuIZGFI7Hk	The Word Alive	['melodic metalcore', 'metalcore', 'trancecore']	[2018]	1	1
3a9qv6NLHnsVxJUtKOMHvD	The Glitch Mob	['glitch', 'glitch hop', 'indietronica']	[2018]	1	1
6rHWAH6F4mr2AViSxMV673	Jessica Mauboy	['australian indigenous', 'australian pop', 'australian talent show']	[2018]	1	0
5T8zbK3dic52T9bFu0aY8z	Sophia Somajo	['swedish electropop']	[2018]	1	1
4pIfcuCDWeIYCy8Lmc8GTY	Zacky Man	[]	[2017, 2018]	1	1
0tIJlS9XsT8tByKMAEUp1w	XNDA	[]	[2018]	1	1
21LGsW7bziR4Ledx7WZ1Wf	Johnny Mathis	['adult standards', 'easy listening']	[2018]	1	1
24DQLSng7bKZD4GXLIaQbv	Percy Faith & His Orchestra	"['easy listening', ""man's orchestra""]"	[2018]	1	1
4phGZZrJZRo4ElhRtViYdl	Jason Mraz	['acoustic pop', 'dance pop', 'neo mellow', 'pop']	[2017, 2018]	1	0
4uPWsMsw8On22qvctV1NzV	Fínix MG	[]	[2018]	1	1
4nym9MDEPnWmPfuWwsyKeL	MÉLOVIN	['ukrainian pop']	[2018]	1	0
5gw5ANPCVcxU0maLiGRzzP	Billy Raffoul	['canadian pop']	[2018]	1	1
1eMmoIprPDWeFdB1FxU6ZV	Au/Ra	['alt z', 'deep pop edm']	[2018]	1	1
6064pL9Hu3Wx2bwJMeOx6o	Tomine Harket	[]	[2018]	1	1
0LJ84eGN5V4Av9rj4xzLSS	Ieva Zasimauskaitė	['lithuanian pop']	[2018]	1	0
7aBzpmFXB4WWpPl2F7RjBe	Wyclef Jean	['rap kreyol']	[2018]	1	1
0vqJkZ0RpLZixt3lTmD8vP	Whethan	['electropop', 'hyperpop', 'rage rap']	[2018]	1	1
5ChF3i92IPZHduM7jN3dpg	Nicky Romero	['big room', 'dutch edm', 'dutch house', 'edm', 'electro house', 'pop dance', 'progressive electro house']	[2018]	1	1
5xnMjuPp1eDXa8du0SKIHD	Barbatuques	['brazilian percussion', 'nova musica paulista']	[2018]	1	1
2hqaYLpZg89K0aKGqEMSZi	Foreign	['brazilian hip hop']	[2018]	1	1
3NDd4Jte97ZCYqZBEQbs23	Theron Theron	[]	[2018]	1	1
6Z4puj0KYgtcxJrVXKmvBX	Sharaya J	['jersey club', 'new jersey rap']	[2018]	1	1
3RGLhK1IP9jnYFH4BRFJBS	The Clash	['alternative rock', 'permanent wave', 'punk', 'rock']	[2017, 2018]	1	0
6Kz7MXIUFMtp5Ts91lagtR	Mikolas Josef	['czech pop']	[2018]	1	0
6bwVWdQfr6ttzrGLboVkjg	Paul Rosenberg	[]	[2018]	1	0
0SwO7SWeDHJijQ3XNS7xEE	MGMT	['alternative rock', 'indie rock', 'indietronica', 'modern rock', 'rock']	[2018]	1	0
1Ejjxuav6kpsSyb6QIhjHa	Selva	['brazilian edm']	[2018]	1	1
28EJsMMjCNnFL1LCvepJiL	J-K	['rap tuga underground']	[2018]	1	1
5dncUPiSXXFWgQNGciBY6W	Kazzio	[]	[2018]	1	0
15mR9E7xTmVPmKeHcPByzD	Isadora	['pop nacional']	[2017, 2018]	1	1
5Wx7IUS0jLE8UmNtIj3RlP	Ray Polanco	['merengue']	[2018]	1	0
0LyOADBjj28cbvJWTXUEGA	Loren Allred	['deep talent show', 'hollywood', 'movie tunes']	[2018]	1	0
6VoRokuki5Bj7BEB2gZ3BF	Los Unidades	[]	[2018]	1	1
6Ja6zFB5d7XRihhfMo6KzY	Jozzy	[]	[2018]	1	1
0xOeVMOz2fVg5BJY3N6akT	Jaden	['pop rap', 'rap']	[2018]	1	1
7oNtf1MwhHcyXRsYXE1WsG	Aazar	['electro house', 'electronic trap']	[2018]	1	1
4gHzU6X4vIGR06pt7mlX60	ANDREZO	['hip hop tuga']	[2017, 2018]	1	1
2OsS8RgsvMnTgDsbWVzzPn	Saara Aalto	['finnish idol pop']	[2018]	1	0
4F84IBURUo98rz4r61KF70	The White Stripes	['alternative rock', 'blues rock', 'detroit rock', 'garage rock', 'modern blues rock', 'permanent wave', 'punk blues', 'rock']	[2017, 2018]	1	0
3FNauFXOs09Shm47H71Nsg	Elina Nechayeva	[]	[2018]	1	0
1WLEfsQjvgtFSGkrHonzFX	Amaia	['latin talent show', 'tontipop']	[2018]	1	1
0CQgFG7XHyXRpSi24kl0cx	Alfred García	['latin talent show', 'spanish pop']	[2018]	1	1
0dNyaMJp0r9zBYG86JgRDI	MC Vinny	['funk carioca', 'funk consciente', 'funk paulista']	[2018]	1	1
0zx5FDnRrsrqWHLg1ytMzD	Héber Marques	[]	[2017, 2018]	1	1
4LAz9VRX8Nat9kvIzgkg2v	Rivers Cuomo	['alternative rock']	[2018]	1	1
2cFCoDyEaPrw8QVnrDlPKU	Stan Kenton	[]	[2018]	1	0
1ShZZUjkbXCjhwrb18BA8I	Bryce Vine	['indie pop rap']	[2018]	1	0
2TImI3DW7o5MdRXJs4D37h	SOB X RBE	['cali rap']	[2018]	1	0
4nsEPbfz1hPttOFeew8bvH	Pedronumb	[]	[2021]	1	1
6fCte1TGghzZzICfI93WqT	Catarina H	['trap tuga']	[2021]	1	1
3Hb64DQZIhDCgyHKrzBXOL	Daði Freyr	['icelandic pop', 'sunnlensk tonlist']	[2021]	1	0
5DwizTSMRuMOEM1ylVOUYP	DJ 2L da Rocinha	['funk rj']	[2021]	1	1
1CbQrKvCpEnekM3QMGJtXK	MC Meno K	['funk mtg', 'funk rj', 'funk viral']	[2021]	1	1
21jubjQ9J5zyNTcO9EzOWK	Lupambo Produções	[]	[2021]	1	0
26cMerAxjx9GedFt0lMDjm	Bella Poarch	['modern alternative pop']	[2021]	1	0
6vHBuUxrcpn1do5UaEJ7g6	Domo Genesis	['alternative hip hop', 'underground hip hop']	[2021]	1	1
3sDbKMebVH2VYcRSl7u1VC	for KING & COUNTRY	['ccm', 'christian alternative rock', 'christian indie', 'christian music', 'world worship']	[2021]	1	0
2nvKpWcP8etYTq4JrRiUiy	Cliff Richard	['adult standards', 'rock-and-roll']	[2021]	1	0
22wbnEMDvgVIAGdFeek6ET	Benson Boone	['singer-songwriter pop']	[2021]	1	0
7L8DLzR5RuMizLVu9Ww0cs	Achero	['hip hop tuga', 'trap tuga']	[2021]	1	0
3k68C6mNMJL6OaAdWeW2ZF	Diego & Victor Hugo	['arrocha', 'sertanejo', 'sertanejo universitario']	[2021]	1	1
5JXhkyafynxCvxtov7C1PV	Bruno & Marrone	['sertanejo', 'sertanejo universitario']	[2021]	1	1
2PGHvstK1cEjR9AX2ERq9l	Myles 6ix	['hip hop tuga', 'rap criolo']	[2021]	1	0
1D6ueetjwqW491iboMI3NT	Destiny	['maltese pop']	[2021]	1	0
1XvSXEEKAferr17TELYeHI	Juve Leo	[]	[2021]	1	0
3L58J6a7f0jyy2p6f3MSAs	Blind Channel	['oulu metal', 'trancecore']	[2021]	1	0
4yJHrytMK7mqtKsXVGaBNg	Fana Hues	['alternative r&b', 'indie r&b']	[2021]	1	1
3fCQnw6VSudXBTN5d2QP2z	Gary Lightbody	['british singer-songwriter']	[2021]	1	1
2WgfkM8S11vg4kxLgDY3F5	StarBoi3	['viral rap']	[2021]	1	1
2kWeFaiHBskk8oqky3KHcR	Nikki Lane	['alternative country', 'new americana', 'outlaw country']	[2021]	1	1
1uf8uSErmKc3JVtmjVBZ83	Azzy	['brazilian hip hop', 'funk rj']	[2021]	1	1
0QHGCPmM4UgeNvrNPntSlu	Cynthia Luz	['brazilian hip hop', 'r&b brasileiro', 'rap feminino nacional']	[2021]	1	1
5ENS85nZShljwNgg4wFD7D	Gabry Ponte	['eurodance', 'italo dance', 'slap house']	[2021]	1	1
0TKFPt9w0AAEnhB9bd0pLy	LUM!X	['melbourne bounce international', 'slap house']	[2021]	1	1
3iMzbvXlgNUpoFccD60bvr	Prezioso	['italo dance']	[2021]	1	1
4dM6NDYSfLcspt8GLoT5aE	Hippie Sabotage	['edm', 'electronic trap']	[2021]	1	0
4Q21EIq50Ist6oU4eEWL2o	Maria José Valério	[]	[2021]	1	0
4BFLElxtBEdsdwGA1kHTsx	ElGrandeToto	['arabic hip hop', 'rap maroc']	[2021]	1	1
44vREmJC0OlVZjZaGLqVEd	Morray	['pop rap']	[2021]	1	1
0n6sKrG0xKAf8xmdqeNGke	Los Legendarios	[]	[2021]	1	1
72Nhcx7prNk2ZCxhx0Y5es	Amy Grant	['christian music']	[2021]	1	0
4np9Zzw0SEYQLcGv28P51q	TRAVI	[]	[2021]	1	1
7A7wnJp6eGBNV5Foax2kYg	Teto Mc	[]	[2021]	1	1
6OviQMT0o5K1fzKYvUNbRS	Lucas Corleone	['rap paraense']	[2021]	1	1
4kvCU3MzggM2piZCqvxj0x	Go_A	['ukrainian viral pop']	[2021]	1	0
5lTjv8Ag00qHSGhvK4JbeF	Justin Wellington	['melanesian pop', 'pacific islands pop', 'png pop']	[2021]	1	1
6c8akjSeJQw2NYemV6qVT8	Small Jam	['solomon islands pop']	[2021]	1	1
1Rg9lThlSiYDl8b6z1bpg0	Nick Cruz	['musica capixaba']	[2021]	1	1
34G31kGbSQmemVlI0G784o	THE ROOP	['lithuanian rock']	[2021]	1	0
53rBi3LpNcMJUTSANS6uYT	DAISY WORLD	[]	[2021]	1	1
3Qsun4Xe5KRfqWUE3ct79x	Lutz	['hip hop tuga', 'trap tuga']	[2021]	1	1
3sBavlvSoGVpOX24MO8HiP	Lookalike	[]	[2021]	1	1
0ECwFtbIWEVNwjlrfc6xoL	Eagles	['album rock', 'classic rock', 'heartland rock', 'mellow gold', 'rock', 'soft rock', 'yacht rock']	[2021]	1	0
0fGcIStdT1OpFFhOC7Wp36	Teezo Touchdown	['chill abstract hip hop', 'indie hip hop']	[2021]	1	1
4bYPcJP5jwMhSivRcqie2n	Adam Levine	['deep talent show']	[2021]	1	1
5TYxZTjIPqKM8K8NuP9woO	C. Tangana	['urbano espanol']	[2021]	1	1
3VHAySZQPlfGlNLslzXYpN	NATHY PELUSO	['r&b en espanol', 'rap latina']	[2021]	1	1
4TgsxeFPNtkZ5lneq9AceU	Elena Tsagrinou	['greek pop']	[2021]	1	0
7823Dim2TzjiQQ9wRQxyi9	Wizzard	['glam rock']	[2021]	1	0
1oSgjdbgLYULVmEBojPRw8	Fernando & Sorocaba	['agronejo', 'arrocha', 'sertanejo', 'sertanejo pop', 'sertanejo universitario']	[2021]	1	1
1r1uxoy19fzMxunt3ONAkG	Phoebe Bridgers	['indie pop', 'la indie', 'pov: indie']	[2021]	1	1
5SHxzwjek1Pipl1Yk11UHv	Tom Grennan	['uk pop']	[2021]	1	1
5iyA3j1yVqGBgaKCeiUIzO	Timor YSF	['rap criolo', 'trap tuga']	[2021]	1	1
32Smk7Ovdr0xb5MbQtU16t	Diana Lima	['portuguese pop']	[2021]	1	1
3L4wiBOSDLkJ18OISXZDA8	Barbara Pravi	['french pop', 'nouvelle chanson francaise']	[2021]	1	0
0Q8NcsJwoCbZOHHW63su5S	Mora	['trap latino', 'urbano latino']	[2021]	1	1
6mKwmTMzDrye9elc8JWiw3	Mc Leozin	['funk bh', 'funk mtg']	[2021]	1	0
2QWIScpFDNxmS6ZEMIUvgm	Julieta Venegas	['latin alternative', 'latin pop', 'latin rock', 'rock en espanol']	[2021]	1	1
1W3FSF1BLpY3hlVIgvenLz	The-Dream	['dirty south rap', 'hip pop', 'r&b', 'southern hip hop', 'trap', 'urban contemporary']	[2021]	1	1
7m0BsF0t3K9WQFgKoPejfk	ArrDee	['uk hip hop']	[2021]	1	1
63ebc5zUpJ36aoTDQJHa9B	E1 (3x3)	[]	[2021]	1	1
2uIRmVaCVpHQjaVgph5clS	ZT (3x3)	[]	[2021]	1	1
4Dokdwa3WB7ilQ2c2qvIBL	Bugzy Malone	['grime', 'manchester hip hop', 'uk hip hop']	[2021]	1	1
5AiY4bxeXerLXx03JADdQv	Buni	['uk drill']	[2021]	1	1
4QSTyDpxsKmv3UfavVUImR	Darkoo	['afrobeats', 'afroswing', 'london rap', 'uk hip hop']	[2021]	1	1
4FcZfItjVIsfO9TynErl7X	Jubël	['swedish pop']	[2021]	1	1
71Dhj822M1LGpuryPIV2KO	NEIMY	['scandipop', 'tropical house']	[2021]	1	1
335TWGWGFan4vaacJzSiU8	A. G. Cook	['bubblegum bass', 'escape room', 'hyperpop', 'proto-hyperpop']	[2021]	1	1
3Oim8XBPbznAa8Jj8QzNc8	Cults	['experimental pop', 'indie surf']	[2021]	1	1
4vpGVGgxSDcCTmqYbsOnsn	Amber Coffman	['art pop']	[2021]	1	1
7FMscVRC6dsjpDpgt1r4Hn	Jeff Costa	['arrochadeira']	[2021]	1	1
1WmcR9CzK9NuKE0vB94PAY	MC Gontijo	['funk mandelao', 'funk viral']	[2021]	1	1
4QQEsGPD4wmoh9hIsKkQuN	Dj Sati Marconex	['funk mtg', 'funk viral']	[2021]	1	1
4LYmtYAAc4YltaOMawIWVG	NBC	['hip hop tuga']	[2021]	1	1
79ehGac6casNGvc5n8XL7J	ARON	['trap triste']	[2021]	1	1
0MlMFTEEEk0uSwI4hYSxrq	MC Fahah	['funk bh', 'funk mtg']	[2021]	1	1
0bzyhFojsIgDceZ4NQK9pY	Dj Nbeat	['funk bh', 'funk mtg']	[2021]	1	1
1FtBEIWAwvw5ymBen5GICR	Chlöe	[]	[2021]	1	0
2zjdf1M6DGPcBFnvEYmydy	John Amplificado	['arrocha']	[2021]	1	0
5oNgAs7j5XcBMzWv3HAnHG	DJ Drama	['dirty south rap', 'philly rap', 'southern hip hop', 'trap']	[2021]	1	1
7s3eCGNZMrwUQraXlocCBv	Bizzy Banks	['brooklyn drill', 'new york drill']	[2021]	1	1
7CWupD19NTsJvAiTjSVLEG	DJ Fifty	[]	[2021]	1	1
4YlvKlWWHJl1TuXvrk94OW	Preto Show	['hip hop tuga', 'kizomba', 'musica angolana', 'rap angolano']	[2021]	1	1
4FeLiFUPdxVfFo8oOfA4BH	Rah Swish	['brooklyn drill', 'new york drill', 'nyc rap']	[2021]	1	1
4NYa9HEvARX9LXU4LRoGny	Mc Vitin do LJ	['funk bh', 'funk mtg']	[2021]	1	1
0f6Q3bpuXN7TfNxeJJBd3m	MC Marley	['funk viral']	[2021]	1	1
46HzS7yz0c9udVwtbHk1sx	Cochise	['plugg', 'pluggnb', 'rage rap']	[2021]	1	0
3EUM35RpJZkmptksMgQyj6	Sneakbo	['afroswing', 'grime', 'london rap', 'uk hip hop']	[2021]	1	1
7yntSJ6uojO3z6GFUVwhAW	CORPSE	['pov: indie']	[2021]	1	1
4QQgXkCYTt3BlENzhyNETg	Earth, Wind & Fire	['disco', 'funk', 'jazz funk', 'soul']	[2021]	1	1
2huzXUiBGRUJ8iRFD4NHc7	The Black Mamba	['portuguese rock']	[2021]	1	0
3xvaSlT4xsyk6lY1ESOspO	Disney	"[""children's music"", 'movie tunes']"	[2021]	1	1
1NNT7LXreEsY7C0bHlCWDp	Daniel Caon	[]	[2021]	1	1
2SJhf6rTOU53g8yBdAjPby	SoFaygo	['glitchcore', 'plugg', 'rage rap']	[2021]	1	0
0PLUhcaPtfTkL6ckBw0btt	DJ Wesley Gonzaga	['funk bh', 'funk mtg']	[2021]	1	1
08Ld63UgKrJ0nZnCkzHtzc	Project Pat	['crunk', 'dirty south rap', 'gangster rap', 'memphis hip hop', 'trap']	[2021]	1	1
4wP1kxjUsc9IR4Iy2smL7o	Trinidad Cardona	['sped up']	[2021]	1	0
3MLPFTe4BrpEV2eOVG0gLK	Camane	['fado', 'portuguese rock']	[2021]	1	1
5am6JZ05n3QyqYMyD9CgSn	Dan Ventura	['arrocha']	[2021]	1	0
5sgcRRQA3HrL1AVk6oMUeg	VMZ	['musica triste brasileira', 'nerdcore brasileiro']	[2021]	1	0
0m2Wc2gfNUWaAuBK7URPIJ	Bono	['hollywood']	[2021]	1	1
1X8wFHJFucBUmBc7spQ4jP	The Edge	[]	[2021]	1	1
5BozIJTTNCufaZpjhy2der	DJ Dahi	[]	[2021]	1	1
34waUKLMZKUmfyRpWf4D38	DREYA	[]	[2021]	1	1
6Ka3TKKRqhWwbmuxjhrmo6	mc jhenny	['funk mandelao', 'funk rj']	[2021]	1	1
5cS7sjRxRrlA7v6uWpEoTb	DJ KOSTA 22	['funk rj']	[2021]	1	1
0f1IECbrVV952unZkzrsg2	Mc Gw	['funk carioca', 'funk mtg', 'funk paulista', 'funk rj']	[2021]	1	1
4Pv6qAkea25i2DlW1quQ8t	Linda Martini	['portuguese indie rock', 'portuguese rock']	[2021]	1	0
22uy6DyvpF9Vt2PMWSm5di	Cubita	['kizomba', 'musica angolana', 'portuguese pop']	[2021]	1	0
4frXpPxQQZwbCu3eTGnZEw	Thundercat	['afrofuturism', 'indie soul']	[2021]	1	1
5K0rbdBrs2tNXe5LeWMATT	Bootsy Collins	['funk', 'p funk', 'soul']	[2021]	1	1
1vSN1fsvrzpbttOYGsliDr	Tori Kelly	['pop', 'post-teen pop']	[2021]	1	1
3aVoqlJOYx31lH1gibGDt3	Babyface	['contemporary r&b', 'r&b', 'urban contemporary']	[2021]	1	1
4oe1qp9xGSFxMYH4X9AXtl	Efendi	[]	[2021]	1	0
2LmcxBak1alK1bf7d1beTr	Juhn	['reggaeton', 'reggaeton flow', 'trap latino', 'urbano latino']	[2021]	1	1
4Wog0FT0qUgfiCompPBEKC	Supporting	[]	[2021]	1	0
4qXC0i02bSFstECuXP2ZpL	Blxst	['pop rap', 'westcoast flow']	[2021]	1	1
6utdPEv71mR0DnGp74cJIz	Disney Characters	['movie tunes']	[2021]	1	0
1WgXqy2Dd70QQOU7Ay074N	AURORA	['art pop', 'norwegian pop']	[2021]	1	0
5icwIVKIEdJwzeHjQ6XYJG	DJ Braga Oficial	[]	[2021]	1	1
34ZgtjHC9aNCr5ZTUs7bzx	Mc Kaio	['funk bh', 'funk mtg', 'funk viral']	[2021]	1	1
1sUkDjXjPTILSBKDO7x2kW	MC Ks	['funk mandelao']	[2021]	1	1
7okSU80WTrn4LXlyXYbX3P	Clinton Kane	['alt z', 'gen z singer-songwriter']	[2021]	1	0
1rAv1GhTQ2rmG94p9lU3rB	Julian Casablancas	['indie rock']	[2021]	1	1
3xIDIb8awFTVp48OtoKEAW	Mc Cyclope	['funk viral']	[2021]	1	1
0Vxqvpm9tpZcz6d4egDtjX	MC PR	['brega funk', 'funk mtg', 'funk viral']	[2021]	1	1
4sbXXFzEWJY2zsZjelerjX	Dadju	['french hip hop', 'pop urbaine', 'r&b francais']	[2021]	1	1
0FOWNUFHPnMy0vOw1siGqi	Belly	['canadian hip hop', 'canadian trap']	[2021]	1	1
15ZjD8Gus20Miqw3fdOaXX	Stunna Gambino	['nyc rap']	[2021]	1	1
3ZS6P4TT29hji0nd1UM8pR	Piri_bxd	['rap criolo']	[2021]	1	1
3cqIsBnzV3BabbPWKz8Txf	Mud	['glam rock']	[2021]	1	0
0ebNdVaOfp6N0oZ1guIxM8	SUGA	['k-pop']	[2021]	1	1
0WvTL8PecsD3VxRGuHdSxj	Galdino	['trap brasileiro']	[2021]	1	1
3yDIp0kaq9EFKe07X1X2rz	Nile Rodgers	['disco']	[2021]	1	1
4eYnorQRhVHT2KBl2UyHHd	Vegedream	['french hip hop', 'pop urbaine', 'r&b francais']	[2021]	1	0
1qto4hHid1P71emI6Fd8xi	Aventura	['bachata', 'bachata dominicana', 'latin hip hop', 'latin pop', 'tropical', 'urbano latino']	[2021]	1	1
0RIwEP1SaALlxn9jOVqHfA	Gjon's Tears	[]	[2021]	1	0
0NiaKn55OzJswiYevvlKfz	Raí Saia Rodada	['arrocha', 'forro']	[2021]	1	0
3hPPNy5OBzCU1icQO7Nrok	99 Percent	[]	[2017]	1	1
0cTSCsVx04SSht9V6cpKN0	Mavis Staples	['black americana', 'soul', 'southern soul', 'spirituals']	[2017]	1	1
6KZDXtSj0SzGOV705nNeh3	Kid Ink	['pop rap', 'rap', 'southern hip hop', 'trap']	[2017]	1	1
1HxJeLhIuegM3KgvPn8sTa	Jack Ü	['edm', 'electro house', 'pop dance']	[2017]	1	1
0w7HLMvZOHatWVbAKee1zF	Redbone	['native american', 'native american contemporary']	[2017]	1	0
6kT18gnkVrCz8xJQcrib7L	Bhaskar	['brazilian bass', 'brazilian edm', 'brazilian house']	[2017]	1	1
1Dn88PoQjnQgLTOaokePFz	Bright Sparks	[]	[2017]	1	1
29WzbAQtDnBJF09es0uddn	Corinne Bailey Rae	['british soul', 'neo soul', 'pop soul', 'soul']	[2017]	1	0
5X4LWwbUFNzPkEas04uU82	DVBBS	['canadian electronic', 'dutch house', 'edm', 'electro house', 'pop dance', 'progressive electro house', 'slap house']	[2017]	1	1
78DWNk8gFHU30TGITAgbM7	CMC$	['pop edm', 'vapor twitch']	[2017]	1	1
71WExccCBN2mw0klSzfYzz	Gia Koka	[]	[2017]	1	1
6kACVPfCOnqzgfEF5ryl0x	Johnny Cash	['arkansas country', 'outlaw country', 'rock']	[2017]	1	0
5338fdSzGNOFD4cxAxDTeq	Aaron Carter	['post-teen pop']	[2017]	1	0
7licaqhcEBQUzz9FownRaJ	Miquela	['ai', 'la pop']	[2017]	1	0
5MX2l6ewjOaeWn1lYNhzlO	Bobby Vee	['adult standards', 'brill building pop', 'doo-wop', 'rock-and-roll', 'rockabilly']	[2017]	1	0
5NS0854TqZQVoRmJKSWtFZ	Chino & Nacho	['electro latino', 'latin hip hop', 'latin pop', 'urbano latino']	[2017]	1	1
3wjsrpfO6odEphTZWx45RQ	Hearts & Colors	[]	[2017]	1	1
5M2y5A6d5QZjw9JeKClagC	Andrelli	['swedish pop']	[2017]	1	1
1JjIKP5IOuEDXQVZsbUiB2	Kristian Kostov	[]	[2017]	1	0
0CkbPVBpOwwz9NPPglFKyq	RAY BLK	['alternative r&b', 'electra', 'uk contemporary r&b']	[2017]	1	1
3koiLjNrgRTNbOwViDipeA	Marvin Gaye	['classic soul', 'motown', 'neo soul', 'northern soul', 'quiet storm', 'soul']	[2017]	1	1
75jNCko3SnEMI5gwGqrbb8	Tammi Terrell	['classic soul', 'motown', 'soul', 'southern soul']	[2017]	1	1
7KMqksf0UMdyA0UCf4R3ux	James Blunt	['neo mellow', 'pop rock']	[2017]	1	1
4QTVePrFu1xuGM9K0kNXkk	Dexys Midnight Runners	['new romantic', 'new wave', 'new wave pop']	[2017]	1	0
67wCYxOq4A1ohAs7jWYaOJ	Rik Rok	['reggae fusion']	[2017]	1	1
2GviJIF5KQyHXXf9KNw47h	LIVIT	['brazilian edm']	[2017]	1	1
6OO30j1YnwwtJV1e6nu3e8	Kickstarts	[]	[2017]	1	1
752oCkLr3xnW9IVBnAhMMn	Aurea	['portuguese pop']	[2017]	1	1
4XqfpACObRB5AsBcUYjL8X	MC Eiht	['g funk', 'west coast rap']	[2017]	1	1
5psTfOBPmc8UquYcnS22KE	Pink	[]	[2017]	1	1
6nxWCVXbOlEVRexSbLsTer	Flume	['australian dance', 'australian electropop', 'australian indie', 'downtempo', 'edm', 'indietronica']	[2017]	1	1
7w29UYBi0qsHi5RTcv3lmA	Björk	['art pop', 'electronica', 'experimental pop', 'experimental vocal', 'icelandic experimental', 'icelandic pop', 'icelandic singer-songwriter', 'metropopolis', 'permanent wave', 'trip hop']	[2017]	1	1
4SQdUpG4f7UbkJG3cJ2Iyj	Arca	['ai', 'art pop', 'deconstructed club', 'escape room', 'experimental pop', 'fluxwork']	[2017]	1	1
1XLjkBxFokuDTlHt0mQkRe	Thomas Gold	['big room', 'dutch house', 'edm', 'electro house', 'german techno', 'pop dance', 'progressive electro house', 'progressive house']	[2017]	1	1
6ctgu4FFlnNhMgrKiIzCxp	Jillian Edwards	['acoustic pop', 'indiecoustica']	[2017]	1	1
1d5AhAf2sRmgHlKiahyzcb	Forro In The Dark	['forro', 'forro instrumental']	[2017]	1	0
2M3vnW1p5w4uPRkLYTbvdB	Rusted Root	['jam band', 'pittsburgh rock']	[2017]	1	0
7keGfmQR4X5w0two1xKZ7d	Kungs	['edm', 'pop dance']	[2017]	1	1
726MxZBpkxnnoKl6aN7mmj	Cookin' On 3 Burners	['bboy', 'instrumental funk']	[2017]	1	1
71SuRO9s3mJNnwAlw7TD7l	Da Weasel	['hip hop tuga', 'portuguese rock']	[2017]	1	0
2xU6IU13MYie8RcM54Ovt0	Mugeez	['ghanaian pop']	[2017]	1	1
0v2oB2xMS64U3lcU5DFuCY	Peven Everett	['broken beat', 'chicago house', 'deep house']	[2017]	1	1
15NtJjjHRFybdNSMyM9smT	Nevada	[]	[2017]	1	1
6V3F8MZrOKdT9fU686ybE9	Mark Morrison	['british soul']	[2017]	1	1
3Sz7ZnJQBIHsXLUSo0OQtM	Mac DeMarco	['edmonton indie', 'lo-fi indie', 'pov: indie']	[2017]	1	0
0lzV2CiahHRiGd6qpADtPS	James Hersey	[]	[2017]	1	0
4AKwRarlmsUlLjIwt38NLw	Ofenbach	['pop dance']	[2017]	1	0
4VZY0nxYMSNotbS7WjNVQy	Nyla	[]	[2017]	1	1
2FjkZT851ez950cyPjeYid	Bobby McFerrin	['a cappella']	[2017]	1	0
3vbKDsSS70ZX9D2OcvbZmS	Beck	['alternative rock', 'anti-folk', 'permanent wave', 'rock']	[2017]	1	0
0fgtHVpOPfXb07S8Jx443z	Player	['soft rock', 'yacht rock']	[2017]	1	1
0v2Y5jwtcv8LiWNTRls1KM	Ester Dean	[]	[2017]	1	1
64TmPY6gR7164wIueE4vo0	Os Cretinos	['funk carioca', 'funk ostentacao']	[2017]	1	1
1qAuetfG6mhtDgsVIffWQc	Susan Boyle	['operatic pop']	[2017]	1	0
7f35VZGDpomj11PXdNn5D9	Max B	[]	[2017]	1	1
0DxeaLnv6SyYk2DOqkLO8c	MAGIC!	['pop', 'reggae fusion']	[2017]	1	0
7aA592KWirLsnfb5ulGWvU	Danny Brown	['alternative hip hop', 'detroit hip hop', 'escape room', 'hip hop', 'underground hip hop']	[2017]	1	1
1U0sIzpRtDkvu1hXXzxh60	Kelela	['afrofuturism', 'alternative r&b', 'escape room', 'experimental r&b']	[2017]	1	1
0gadJ2b9A4SKsB1RFkBb66	Passenger	['folk-pop', 'neo mellow']	[2017]	1	0
17UkABEasVRlCcIFZ3wHb7	Steps	['diva house', 'europop', 'talent show']	[2017]	1	0
5y3G1B8cpCTaoq0uDgjwzH	Danny Avila	[]	[2017]	1	1
7crPfGd2k81ekOoSqQKWWz	Stevie Nicks	['heartland rock']	[2017]	1	1
0mQ2KL6r4mA1roPZRD7iQJ	Matay	[]	[2017]	1	1
2qk9voo8llSGYcZ6xrBzKx	Kings of Leon	['modern rock', 'rock']	[2017]	1	0
5PlfkPxwCpRRWQJBxCa0By	HUGEL	['deep house']	[2017]	1	1
4Wjf8diP59VmPG7fi4y724	Cedric Gervais	['dutch house', 'edm', 'electro house', 'pop dance', 'progressive electro house', 'progressive house']	[2017]	1	1
2qSEpijpT3YSXgxcXac1ly	Chris Willis	[]	[2017]	1	1
4ON1ruy5ijE7ZPQthbrkgI	Burak Yeter	['electro house']	[2017]	1	1
7Dz9goFmVZZqvJxZoKg7pF	Danelle Sandoval	['nyc pop']	[2017]	1	1
2BahPkDRVpwc3qQFDueqT5	internet	[]	[2017]	1	1
6r514fXAl2fe5cHF6HKOHW	JRY	[]	[2017]	1	1
31rVRoX5ZG9ZyRbHvlEwjA	RuthAnne	[]	[2017]	1	1
7b7fZRv3EYhFgWYJR3yjXn	Mark McCabe	['irish pop']	[2017]	1	1
2zzpznMuhKlKlqh1ma7Sms	Dakota	[]	[2017]	1	1
77u50Xwgm9in74FEVcYYro	Dihaj	['azeri traditional']	[2017]	1	0
2WOMBqEsllg2ICn7D2L8ta	Jehnny Beth	[]	[2017]	1	1
1LOB7jTeEV14pHai6EXSzF	Cash Cash	['dance pop', 'edm', 'electro house', 'electropowerpop', 'pop dance']	[2017]	1	1
5IHqlcCbQkyhWl0KmIwgeq	Louisa Johnson	['talent show', 'uk pop']	[2017]	1	0
23wEWD21D4TPYiJugoXmYb	Thalia	['latin pop', 'mexican pop']	[2017]	1	1
4zvLVP1siaenGVnUBDo2nt	Daniel Miller	[]	[2017]	1	1
7CXlqxbfckEDH2hQMjrGyZ	Phil Legg	[]	[2017]	1	1
3iri9nBFs9e4wN7PLIetAw	gnash	['alt z', 'pop']	[2017]	1	1
1QRj3hoop9Mv5VvHQkwPEp	Olivia O'Brien	['alt z', 'pop']	[2017]	1	1
5X1JzPIIonP3u9lA580pPT	Francesco Yates	['canadian pop']	[2017]	1	1
1xU878Z1QtBldR7ru9owdU	Phoenix	['alternative dance', 'indie rock', 'modern rock', 'new rave', 'rock independant francais']	[2017]	1	0
2QV9nKAvrkfPibulRt8Bov	Chris Tyson	[]	[2017]	1	1
0nk8VCkEQRQfvd6xoknxfo	Navé Monjo	[]	[2017]	1	1
6hfNZcbKvjpOnhhkFVKyt7	Mahmundi	['afrofuturismo brasileiro', 'nova mpb', 'nova musica carioca', 'pop lgbtq+ brasileira', 'pop nacional']	[2017]	1	0
3aANIxbg5GNj2aGxxpg4Mr	Kamatos	[]	[2017]	1	1
3nQ59hkeciYoR6RreQL4Rv	Darren Criss	['wrock']	[2017]	1	1
3d2pb1dHTm8b61zAGVUVvO	Mick Jagger	['classic rock', 'dance rock']	[2017]	1	0
48sLioddyaXkuhyHXSkpsB	Parson James	['pop soul']	[2017]	1	1
4JNfz6aO9ZFz0gp5GY88am	Hey Violet	['alt z', 'pixie']	[2017]	1	0
0BaPIW5hEbjk6vsKtV8Scx	Jalma	[]	[2017]	1	1
13kKxNPnxPeeWQaAaZwvCP	Callie Hernandez	[]	[2017]	1	1
4FFGJ9ERSX06Sl8hD7GRVv	Sonoya Mizuno	[]	[2017]	1	1
21yiGQIpkiP8edfxDipQaW	Jessica Rothe	[]	[2017]	1	1
20s0P9QLxGqKuCsGwFsp7w	Mario	['dance pop', 'r&b', 'southern hip hop', 'urban contemporary']	[2017]	1	0
6kEsKkXuE4olX7m3mNLZkS	Art Garfunkel	['folk', 'folk rock', 'mellow gold', 'soft rock']	[2017]	1	0
3eii93RK8M9F3wEJDe7YJG	Decco	[]	[2017]	1	1
7xEFii6utZmQ61kX59HmLH	FRENSHIP	['electropop', 'indie poptimism', 'la pop']	[2017]	1	1
4lxfqrEsLX6N1N4OCSkILp	Phil Collins	['rock drums', 'soft rock']	[2017]	1	0
49O0SPoCoTiK2Nn2tOaHyU	Knox Fortune	['chicago indie']	[2017]	1	1
2FwJwEswyIUAljqgjNSHgP	Snakehips	['electropop']	[2017]	1	1
6wMr4zKPrrR0UVz08WtUWc	Black Coffee	['south african house', 'south african pop', 'south african pop dance']	[2017]	1	1
37iUO7tCm3rs5D0cy5YfAZ	Anne Marie	[]	[2017]	1	1
7wFDo161xYdeaiLz3KIHoM	Gallant	['alternative r&b']	[2017]	1	0
3zrUX1hQrUB9aXcOiyQLmN	Stanaj	[]	[2017]	1	1
0ZRBa9pTfhhCsJW95F1ugg	Yall	[]	[2017]	1	0
6ioOEWNNGK40H8xrGj6XPW	XYLØ	['alt z', 'indie poptimism', 'la pop']	[2017]	1	1
38Nm4oWjJBIVCkD8u5BHdw	Westminster Cathedral Choir	['british choir', 'cathedral choir']	[2017]	1	0
3GtCKJA4SkOxN65MWjm82R	Hot Shade	[]	[2017]	1	1
7EK1bQADBoqbYXnT4Cqv9w	John Denver	['classic country pop', 'folk', 'folk rock', 'mellow gold', 'singer-songwriter', 'soft rock']	[2017]	1	0
3ATyg4fGC9F8trfb0GRWmX	Joey Montana	['latin pop', 'reggaeton', 'urbano latino']	[2017]	1	1
0pt7PX4Hftlg8mV1ySU84Q	CVBZ	['dark r&b']	[2017]	1	1
2A34a0y7xLXf20pXZpbjCY	DJ Marlboro	['axe', 'funk carioca', 'funk das antigas', 'funk melody']	[2017]	1	1
3qMyym6ov558YgVuOOscEm	Blanche	[]	[2017]	1	0
47z7ZrgFoBvVpCnElCE3Zh	Yellow Claw	['edm', 'electro house', 'pop dance']	[2017]	1	1
134GdR5tUtxJrf8cpsfpyY	Elliphant	['electropop', 'swedish indie pop']	[2017]	1	1
36jaGQtMj5UWD0eO1fCVdD	Joel Adams	['australian pop', 'pop soul', 'teen pop']	[2017]	1	0
7eCmccnRwPmRnWPw61x6jM	shy martin	['alt z', 'swedish electropop']	[2017]	1	1
7zHIrsSBL7A0gEJfzv1m7z	Benjamin Clementine	['art pop']	[2017]	1	0
3ESG6pj6a0LvUKklENalT6	Doris Day	['adult standards', 'easy listening', 'lounge', 'vocal jazz']	[2017]	1	0
5SU2d735invrVbZ7eWJp1M	Salvador Seixas	[]	[2017]	1	1
1h5qZuWsg19P9H8WVLG9ev	Bruno Ribeiro	[]	[2017]	1	1
2XWdNCuYeE5xapFLQPvEu4	Estrelas do Natal	[]	[2017]	1	0
7jdFEYD2LTYjfwxOdlVjmc	KALEO	['icelandic indie', 'icelandic rock', 'modern alternative rock']	[2017]	1	0
5pLUhlMUKfg5KDkYPkOBVi	Jahriki	['czsk reggae']	[2017]	1	1
4gBma3bNHBsbFeQw01SRVP	Laton Cordeiro	[]	[2017]	1	1
48IAawb6CCIP3cyEVVhfKw	The Shynerz	[]	[2017]	1	1
2JyWXPbkqI5ZJa3gwqVa0c	Craig David	['british soul']	[2017]	1	1
4H1PNuHElBLVok0lnYMrRb	Dyo	['alte']	[2017]	1	1
7hOGhpa8RMSuDOWntGIAJt	A R I Z O N A	['electropop', 'indie poptimism']	[2017]	1	0
0CjWKoS55T7DOt0HJuwF1H	Bipolar Sunshine	['gauze pop']	[2017]	1	1
0AJUYWKztkg5dnrHDIBv47	MiC LOWRY	[]	[2017]	1	0
16oZKvXb6WkQlVAjwo2Wbg	The Lumineers	['folk-pop', 'modern rock', 'neo mellow', 'stomp and holler']	[2017]	1	0
62DmErcU7dqZbJaDqwsqzR	Popcaan	['dancehall', 'jamaican hip hop', 'reggae fusion', 'traphall']	[2017]	1	1
6dC0rIJNLSFZwqckLgXJ8p	Timeflies	['indie pop rap']	[2017]	1	0
1Z8ODXyhEBi3WynYw0Rya6	De La Soul	['east coast hip hop', 'golden age hip hop', 'hip hop', 'jazz rap']	[2017]	1	1
0Qpk1IGiZeB6rRhfK4FVDT	Kelvin Mercer	[]	[2017]	1	1
7kT7skfOOZaxMm52OqW2Oe	MC Vigary	['funk carioca']	[2017]	1	1
6ModsWtBph2rE6zCTVxvZt	Maite Perroni	['latin pop', 'mexican pop']	[2017]	1	1
0CIwCGmQMqHqiblnZlFia1	Stephen Marley	['reggae', 'roots reggae']	[2017]	1	1
1c22GXH30ijlOfXhfLz9Df	Elvis Crespo	['latin pop', 'salsa', 'tropical']	[2017]	1	1
6sFIWsNpZYqfjUpaCgueju	Carly Rae Jepsen	['canadian pop', 'dance pop', 'pop']	[2017]	1	0
3AQRLZ9PuTAozP28Skbq8V	The Script	['celtic rock', 'pop']	[2017]	1	0
1E1m4bwOYgSMH4Q8o7DJYr	Yasmine	['kizomba', 'musica angolana', 'portuguese pop']	[2017]	1	1
1Fr6agZ6iSM5Ynn2k4C8sc	VÉRITÉ	['alt z', 'brooklyn indie', 'dark pop', 'electropop', 'indie poptimism', 'metropopolis', 'nyc pop', 'vapor pop']	[2017]	1	0
7nKeLE1toRtW4M279iS26h	Zay Hilfigerrr	['viral trap']	[2017]	1	1
5AsWcQXw4RJFRWBbwa0ti0	Zayion McCall	[]	[2017]	1	1
0fs8oBR1rx7JIXZi75h7Uu	Bahari	['alt z', 'la pop']	[2017]	1	1
7fGW0xHsS8qa4W9KeHOQqN	Steve Lillywhite	[]	[2017]	1	1
0J7U24vlOOIeMpuaO6Q85A	LP	"['la pop', ""women's music""]"	[2017]	1	0
7KUri7klyLaIFXLcuuOMCd	Stargate	['norwegian pop']	[2017]	1	1
0pCNk4D3E2xtszsm6hMsWr	K.Flay	['escape room', 'hip pop', 'modern alternative rock']	[2017]	1	1
3iN9k8uvm4WrgdlOigOH8D	Hook N Sling	['australian dance', 'progressive electro house']	[2017]	1	1
6T70tWxqyIpdVbsFvPzqM3	La La Land Cast	[]	[2017]	1	0
19ra5tSw0tWufvUp8GotLo	George Michael	['new wave pop']	[2017]	1	0
2UZMlIwnkgAEDBsw1Rejkn	Tom Petty	['album rock', 'classic rock', 'hard rock', 'heartland rock', 'mellow gold', 'rock', 'singer-songwriter', 'soft rock']	[2017]	1	0
2AcUPzkVWo81vumdzeLLRN	Rhye	['art pop', 'downtempo', 'indie soul', 'indietronica', 'shimmer pop']	[2017]	1	1
4RddZ3iHvSpGV4dvATac9X	Papa Roach	['alternative metal', 'nu metal', 'rap metal', 'rap rock', 'rock']	[2017]	1	0
0DdDnziut7wOo6cAYWVZC5	KREAM	['pop dance']	[2017]	1	1
6RHKEd9dpzQ4c09x8Zdaxu	Clara Mae	['alt z', 'swedish pop']	[2017]	1	1
64PgkSM1uDD9BJEg0UkMMM	Ilinca	[]	[2017]	1	1
7LCXh4MTN5bnfptYe17e66	Alex Florea	[]	[2017]	1	1
32WkQRZEVKSzVAAYqukAEA	Lady A	['contemporary country', 'country', 'country dawn', 'country pop', 'country road']	[2017]	1	0
2kucQ9jQwuD8jWdtR9Ef38	Sam Hunt	['contemporary country', 'country', 'country pop']	[2017]	1	0
188VINPQh5dyNfLUkevKqf	Olivia Holt	['alt z', 'post-teen pop']	[2017]	1	0
6O9WquDfQTxGRZqZUXVEQx	RedOne	['moroccan pop']	[2017]	1	1
4TH4BHy0LdBi3dpBW4P2UX	R. City	['reggae fusion', 'virgin islands reggae']	[2017]	1	1
3N3R2mEESjTYM3W6ye2bod	Serayah	['pop r&b']	[2017]	1	1
4wLXwxDeWQ8mtUIRPxGiD6	Marc Anthony	['latin pop', 'modern salsa', 'salsa', 'tropical']	[2017]	1	1
3GBPw9NK25X1Wt2OUvOwY3	Jack Johnson	['neo mellow']	[2017]	1	0
00Z3UDoAQwzvGu13HoAM7J	Skizzy Mars	['indie pop rap']	[2017]	1	1
2TL8gYTNgD6nXkyuUdDrMg	Jasmine Thompson	['viral pop']	[2017]	1	1
3gsrYVRiN4dyggP1zLXI0h	Ian Erix	[]	[2017]	1	1
2DzRMyWgjuMbYvt5BLbpCo	Anthony Hamilton	['contemporary r&b', 'neo soul', 'new jack swing', 'r&b', 'urban contemporary']	[2017]	1	1
586uxXMyD5ObPuzjtrzO1Q	Sofi Tukker	['edm']	[2017]	1	0
0i1s9WcIu0PrUvHzALgofo	Seu Jorge	['mpb', 'samba-rock']	[2017]	1	1
3YdT8QvV4QvY4DfVJhxdcZ	Grace VanderWaal	['post-teen pop']	[2017]	1	0
3TaUSUXn41GixL7zbvrIDt	A-Trak	['canadian electronic', 'edm', 'electro house', 'electronic trap', 'turntablism']	[2017]	1	1
0jNDKefhfSbLR9sFvcPLHo	San Holo	['brostep', 'edm', 'electro house', 'electronic trap', 'future bass', 'pop dance']	[2017]	1	0
7fmKtIgmxqNEKjATioVNsu	Pat Boone	['adult standards', 'easy listening', 'rock-and-roll', 'rockabilly']	[2017]	1	0
26GKAYYuyr424SdSkr8xlQ	Halloran & Kate	['channel pop']	[2017]	1	0
3rTRHzFfbTk5GL3LpYZGHR	Maria Mena	['candy pop', 'norwegian pop', 'norwegian singer-songwriter']	[2017]	1	0
0cSC1GvvgLumHovn2rgSHj	Sérgio Reis	['jovem guarda', 'sertanejo', 'sertanejo tradicional', 'sertanejo universitario']	[2017]	1	0
4zV7RMrLwCXYZyzLyGqDFC	HMB	['portuguese pop']	[2017]	1	1
3TOqt5oJwL9BE2NG9MEwDa	Disturbed	['alternative metal', 'nu metal', 'rap metal', 'rock']	[2017]	1	0
2WoVwexZuODvclzULjPQtm	Sampha	['alternative r&b', 'indie soul']	[2017]	1	1
1b4DN8Vj0dnj5cceMFsRYN	Dante Klein	['deep tropical house', 'dutch house', 'pop edm']	[2017]	1	1
3EA9hVIzKfFiQI0Kikz2wo	Andrea Bocelli	['classical tenor', 'italian tenor', 'operatic pop']	[2017]	1	1
3dz0NnIZhtKKeXZxLOxCam	Porter Robinson	['complextro', 'edm', 'electro house', 'pop dance', 'progressive electro house']	[2017]	1	1
4pb4rqWSoGUgxm63xmJ8xc	Madeon	['complextro', 'edm', 'electro house', 'electropop', 'filter house', 'nantes indie', 'pop dance']	[2017]	1	1
4N874uPqBka1QiCvnCVOtr	Phoebe Ryan	['alt z', 'indie poptimism']	[2017]	1	1
7H55rcKCfwqkyDFH9wpKM6	Christina Perri	['pop']	[2017]	1	0
2nGm3BYzGAxkIuptvhRD99	Messias Maricoa	['kizomba', 'portuguese pop']	[2017]	1	0
5lzqFxifzjxYHGJxuwQqtR	Francesco Gabbani	['italian adult pop', 'italian pop']	[2017]	1	0
3tQx1LPXbsYjE9VwN1Peaa	Marc E. Bassy	['indie pop rap']	[2017]	1	1
4X8QFzZ1HqwPfwDfyjtwXC	Mel Tormé	['adult standards', 'easy listening', 'lounge', 'swing', 'vocal jazz']	[2017]	1	0
3AVfmawzu83sp94QW7CEGm	Astrid S	['alt z', 'norwegian pop', 'pop', 'uk pop']	[2017]	1	0
0jFttW1VhqdiEElWjQiyIQ	Vate	[]	[2017]	1	1
6iE69q1TorGZPoJoa4CIZ7	Savage	[]	[2017]	1	1
1CQLPgGkfHrxNMqrXt5oWS	Robin Bengtsson	['swedish idol pop', 'swedish pop']	[2017]	1	0
57xRtfFlssbpntpRQOBodd	Diogo Nogueira	['mpb', 'pagode', 'samba', 'samba moderno']	[2017]	1	1
2NCGI6dLTxLdI9XHdv7QfM	The Andrews Sisters	['adult standards', 'swing', 'torch song', 'vocal harmony group']	[2017]	1	1
0awl5piYwO0CDTHEkCjUhn	Nico & Vinz	[]	[2017]	1	0
5HC7Qt5MiyPfoOTNK3uf5a	Wuant	[]	[2017]	1	0
4fgXfJCQnK6c44u4KzAtQP	Sundara Karma	['english indie rock', 'modern alternative rock', 'modern rock', 'reading indie']	[2017]	1	0
0qTZZWLzuD59Un5r1speHm	Chris Jedi	['reggaeton', 'trap latino', 'urbano latino']	[2017]	1	1
2f9ZiYA2ic1r1voObUimdd	Grace Jones	['art pop']	[2017]	1	1
3DnNQH13SfSOjZDsVEa0ht	Liu	['brazilian edm']	[2017]	1	1
3lQvg5w1PYUH7HzcbTBsLu	Stonefox	[]	[2017]	1	1
