artist_id	name	genres	years_on_charts	num_hits	num_collab_hits
3Nrfpe0tUJi4K4DXYWgMUX	BTS	['k-pop', 'k-pop boy group', 'pop']	[2017, 2018, 2019, 2020, 2021, 2022]	163	31
06HL4z0CvFAxyc27GXpf02	Taylor Swift	['pop']	[2017, 2018, 2019, 2020, 2021, 2022]	136	21
66CXWjxzNUsdJxJ2JdwvnR	Ariana Grande	['pop']	[2017, 2018, 2019, 2020, 2021, 2022]	78	33
7f4ignuCJhLXfZ9giKT7rH	NCT 127	['k-pop', 'k-pop boy group']	[2018, 2019, 2020, 2021, 2022]	67	2
41MozSoPIsD1dJM0CLPjZF	BLACKPINK	['k-pop', 'k-pop girl group', 'pop']	[2017, 2018, 2019, 2020, 2021, 2022]	66	7
6nfDaffa50mKtEOwR8g4df	GOT7	['k-pop', 'k-pop boy group']	[2018, 2019, 2020, 2021]	65	0
5JZ7CnR6gTvEMKX4g70Amv	Lauv	['pop']	[2017, 2018, 2019, 2020, 2021, 2022]	60	25
1Xyo4u8uXC1ZmMpatF05PJ	The Weeknd	['canadian contemporary r&b', 'canadian pop', 'pop']	[2017, 2018, 2019, 2020, 2021, 2022]	56	23
6eUKZXaKkcviH0Ku9w2n3V	Ed Sheeran	['pop', 'singer-songwriter pop', 'uk pop']	[2017, 2018, 2019, 2020, 2021, 2022]	55	25
0ghlgldX5Dd6720Q3qFyQB	TOMORROW X TOGETHER	['k-pop', 'k-pop boy group']	[2019, 2020, 2021, 2022]	54	2
6LuN9FCkKOj5PcnpouEgny	Khalid	['pop', 'pop r&b']	[2017, 2018, 2019, 2020, 2021]	51	33
7n2Ycct7Beij7Dj7meI4X0	TWICE	['k-pop', 'k-pop girl group', 'pop']	[2018, 2019, 2020, 2021, 2022]	50	1
1z4g3DjTBBZKhvAroFlhOM	Red Velvet	['k-pop', 'k-pop girl group']	[2017, 2018, 2019, 2020, 2021, 2022]	50	1
246dkjvS1zLTtiykXe5h60	Post Malone	['dfw rap', 'melodic rap', 'pop', 'rap']	[2017, 2018, 2019, 2020, 2021, 2022]	50	30
1uNFoZAHBGtllmzznpCI3s	Justin Bieber	['canadian pop', 'pop']	[2017, 2018, 2019, 2020, 2021, 2022]	48	35
3qNVuliS40BLgXGxhdBdqu	TAEYEON	['k-pop']	[2017, 2018, 2019, 2020, 2021, 2022]	47	4
2CvaqAMMsX576VBehaJ0Wx	Wanna One	['k-pop', 'k-pop boy group']	[2017, 2018, 2019]	47	0
49tQo2QULno7gxHutgccqF	LANY	['la pop']	[2017, 2018, 2019, 2020, 2021]	46	8
3cjEqqelV9zb4BYE3qDQ4O	EXO	['k-pop', 'k-pop boy group']	[2017, 2018, 2019, 2020, 2021]	45	0
3TVXtAsR1Inumwj472S9r4	Drake	['canadian hip hop', 'canadian pop', 'hip hop', 'rap', 'toronto rap']	[2017, 2018, 2019, 2020, 2021]	44	22
0AvGycOEDZTaBFLCaiGd9S	YOUNGOHM	['thai hip hop', 'thai pop', 'thai trap']	[2017, 2018, 2019, 2020, 2021, 2022]	44	28
04gDigrS5kc9YWfZHwBETP	Maroon 5	['pop']	[2017, 2018, 2019, 2020, 2021]	42	24
53XhwfbYqKCa1cC15pYq2q	Imagine Dragons	['modern rock', 'pop', 'rock']	[2017, 2018, 2019, 2021, 2022]	40	7
69GGBxA162lTqCwzJG5jLp	The Chainsmokers	['electropop', 'pop']	[2017, 2018, 2019, 2022]	39	25
1gBUSTR3TyDdTVFIaQnc02	NCT DREAM	['k-pop', 'k-pop boy group']	[2017, 2018, 2019, 2020, 2021]	37	3
7n2wHs1TKAczGzO7Dd2rGr	Shawn Mendes	['canadian pop', 'pop', 'viral pop']	[2017, 2018, 2019, 2020, 2021, 2022]	36	11
3WGpXCj9YhhfX11TToZcXP	Troye Sivan	['australian pop', 'pop', 'viral pop']	[2017, 2018, 2019, 2020, 2021, 2022]	35	14
3paGCCtX1Xr4Gx53mSeZuQ	NCT U	['k-pop', 'k-pop boy group']	[2018, 2019, 2020, 2021, 2022]	34	5
0Vw76uk7P8yVtTClWyOhac	HONNE	['uk pop']	[2018, 2019, 2020, 2021]	34	15
1WLKjYJX9YHSlwufclauhg	URBOYTJ	['thai hip hop', 'thai pop']	[2017, 2018, 2019, 2020, 2021, 2022]	33	17
2wY79sveU1sp5g7SokKOiI	Sam Smith	['pop', 'uk pop']	[2017, 2018, 2019, 2020, 2021]	32	5
4nDoRrQiYLoBzwC5BhVJzF	Camila Cabello	['dance pop', 'pop']	[2017, 2018, 2019, 2020, 2021, 2022]	32	17
5qRSs6mvI17zrkJpOHkCoM	iKON	['k-pop', 'k-pop boy group']	[2018, 2019, 2020, 2021]	32	0
3mIj9lX2MWuHmhNCA7LSCW	The 1975	['modern alternative rock', 'modern rock', 'pop', 'pov: indie', 'rock']	[2017, 2018, 2019, 2020]	31	1
0A7q0U0IEdNOHWnQpMRQdD	BNK48	['t-pop girl group']	[2017, 2018, 2019, 2020, 2021, 2022]	31	0
5pokGZ1K9Hr6etaKPDxSG8	THE TOYS	['thai pop']	[2017, 2018, 2019, 2020, 2021, 2022]	31	6
1qAOsY7jv9GFTv4HoVof5P	Three Man Down	['thai indie pop', 'thai pop']	[2019, 2020, 2021, 2022]	30	5
2MnMuRYL9qsGvWPsZGeDGQ	F.HERO	['thai hip hop', 'thai pop', 'thai trap']	[2017, 2018, 2019, 2020, 2021, 2022]	29	29
6M2wZ9GZgrQXHCFfjv46we	Dua Lipa	['dance pop', 'pop', 'uk pop']	[2017, 2018, 2019, 2020, 2021, 2022]	29	14
0du5cEVh5yTK9QJze8zA0C	Bruno Mars	['dance pop', 'pop']	[2017, 2018, 2019, 2021, 2022]	29	14
5r1tUTxVSgvBHnoDuDODPH	IZ*ONE	['k-pop', 'k-pop girl group']	[2018, 2019, 2020, 2021]	28	1
3KonOYiLsU53m4yT7gNotP	TREASURE	['k-pop', 'k-pop boy group']	[2020, 2021, 2022]	28	0
6qqNVTkY8uBg9cP3Jd7DAH	Billie Eilish	['art pop', 'electropop', 'pop']	[2018, 2019, 2020, 2021]	28	4
2a727ekkPaUHk0bMifk7fj	Billkin	['thai pop']	[2019, 2020, 2021, 2022]	27	14
1qBsABYUrxg9afpMtyoFKz	WayV	['chinese idol pop', 'k-pop']	[2019, 2020, 2021]	26	0
5TnQc2N1iKlFjYD7CPGvFc	DAY6	['k-pop', 'k-pop boy group']	[2018, 2019, 2020, 2021]	26	0
4kYSro6naA4h99UJvo89HB	Cardi B	['pop', 'rap']	[2017, 2018, 2019, 2020, 2021]	26	20
3HqSLMAZ3g3d5poNaI7GOU	IU	['k-pop', 'pop']	[2017, 2018, 2019, 2020, 2021, 2022]	26	7
0hCNtLu0JehylgoiP8L4Gh	Nicki Minaj	['hip pop', 'pop', 'queens hip hop', 'rap']	[2017, 2018, 2019, 2020]	26	23
0XkEUMM4lJHAzfTK9vR0cu	Violette Wautier	['thai indie pop', 'thai pop']	[2017, 2018, 2019, 2020, 2021, 2022]	25	7
3zSMaWnvUzyNlOW0Tj2s4N	SCRUBB	['thai indie pop', 'thai indie rock', 'thai pop']	[2017, 2018, 2019, 2020, 2021, 2022]	25	2
1HY2Jd0NmPuamShAr6KMms	Lady Gaga	['art pop', 'dance pop', 'pop']	[2017, 2018, 2019, 2020, 2021]	24	7
0Y5tJX1MQlPlqiwlOH1tJY	Travis Scott	['hip hop', 'rap', 'slap house']	[2017, 2018, 2019, 2020, 2021]	24	18
7tYKF4w9nC0nq9CsPZTHyP	SZA	['pop', 'r&b', 'rap']	[2017, 2018, 2019, 2020, 2021, 2022]	24	22
7nqOGRxlXj7N2JYbgNEjYH	SEVENTEEN	['k-pop', 'k-pop boy group']	[2017, 2018, 2019, 2020, 2021]	23	0
26VFTg2z8YR0cCuwLzESi2	Halsey	['electropop', 'etherpop', 'indie poptimism', 'pop']	[2017, 2018, 2019, 2020, 2021, 2022]	23	15
1vCWHaC5f2uS3yhpwWbIA6	Avicii	['edm', 'pop', 'pop dance']	[2017, 2018, 2019]	23	10
5cj0lLjcoR7YOSnhnX0Po5	Doja Cat	['dance pop', 'pop']	[2020, 2021, 2022]	22	14
5w5u1DluuMvsS9o02rqWO5	LAZYLOXY	['thai pop', 'thai trap']	[2018, 2019, 2020, 2021, 2022]	22	19
1Twi7NfmUzbXF7lEMaGCqF	Ink Waruntorn	['thai indie pop', 'thai pop']	[2017, 2018, 2019, 2020, 2021, 2022]	22	3
1zNqDE7qDGCsyzJwohVaoX	Anne-Marie	['pop']	[2017, 2018, 2019, 2020, 2021]	22	13
0C8ZW7ezQVs4URX5aX7Kqx	Selena Gomez	['pop', 'post-teen pop']	[2017, 2018, 2019, 2020, 2021]	22	12
5DuzBeOgFwViFcv00Q5PFb	WINNER	['k-pop', 'k-pop boy group']	[2017, 2018, 2019, 2020]	22	0
76VTagPgPgPlFE7hfjT0Zt	Bodyslam	['thai pop', 'thai rock']	[2017, 2018, 2019, 2020]	22	5
4ufh0WuMZh6y4Dmdnklvdl	BAEKHYUN	['k-pop']	[2018, 2019, 2020, 2021]	21	3
4e3QCzBNkr0t3GGqo86Ofl	Stamp	['thai pop']	[2017, 2018, 2019, 2020, 2021, 2022]	21	8
6S2OmqARrzebs0tKUEyXyp	Demi Lovato	['pop', 'post-teen pop']	[2017, 2018, 2019, 2020, 2021]	21	9
1k7MP2tMC43vM0b0wg8HHg	D Gerrard	['thai hip hop', 'thai pop']	[2017, 2018, 2019, 2020, 2021, 2022]	21	13
2iLCiSxdwUMDEfqyfkuLEw	atom chanakan	['thai pop']	[2017, 2018, 2019, 2020, 2021, 2022]	21	1
5Pwc4xIPtQLFEnJriah9YJ	OneRepublic	['piano rock', 'pop']	[2017, 2018, 2019, 2020, 2021]	21	7
23fqKkggKUBHNkbKtXEls4	Kygo	['edm', 'pop', 'pop dance', 'tropical house']	[2017, 2018, 2019, 2020, 2021]	20	20
6VuMaDnrHyPL1p4EHjYLi7	Charlie Puth	['pop', 'viral pop']	[2017, 2018, 2019, 2021, 2022]	20	8
4MCBfE4596Uoi2O4DtmEMz	Juice WRLD	['chicago rap', 'melodic rap', 'rap']	[2018, 2019, 2020, 2021, 2022]	19	12
18VUKXPiyznwK6LEULTUco	1MILL	['thai trap']	[2019, 2020, 2021]	19	12
4QLlbZcntdcWpm40NooC2M	Maiyarap	['thai hip hop', 'thai pop', 'thai trap']	[2018, 2019, 2020, 2021, 2022]	19	17
2DaMrZndfGgM3yd9ivadRC	Lipta	['thai pop']	[2017, 2018, 2019, 2020, 2021, 2022]	19	3
7dGJo4pcD2V6oG8kP0tJRR	Eminem	['detroit hip hop', 'hip hop', 'rap']	[2017, 2018, 2019, 2020]	19	12
2KC9Qb60EaY0kW4eH68vr3	ITZY	['k-pop', 'k-pop girl group']	[2019, 2020, 2021, 2022]	18	0
6f38IgFJNrepAhVQzVRSdh	Whal & Dolph	['thai indie pop', 'thai indie rock', 'thai pop']	[2017, 2018, 2019, 2020, 2021, 2022]	18	2
5pxvW2nJ0a77b9oX24Unwi	Tattoo Colour	['thai pop']	[2017, 2018, 2019, 2020, 2021, 2022]	18	4
5ZsFI1h6hIdQRw2ti0hz81	ZAYN	['pop', 'uk pop']	[2017, 2018, 2019, 2020, 2021]	18	7
64KEffDW9EtZ1y2vBYgq8T	Marshmello	['brostep', 'edm', 'pop', 'progressive electro house']	[2017, 2018, 2019, 2020, 2021]	18	16
7jVv8c5Fj3E9VhNjxT4snq	Lil Nas X	['lgbtq+ hip hop']	[2019, 2020, 2021, 2022]	18	8
3E2RbO6J3JSYa9VgP5iGMH	FIIXD	['thai hip hop', 'thai trap']	[2018, 2019, 2020, 2021]	17	17
64M6ah0SkkRsnPGtGiRAbb	Bebe Rexha	['dance pop', 'pop']	[2017, 2018, 2019, 2020, 2021]	17	11
5reN867iZWqzoNE7p78ShV	Earth Patravee	['thai indie pop', 'thai pop']	[2017, 2018, 2019, 2020, 2021, 2022]	17	2
1ssEwBiz4ZKrbgR6o8vOeg	Polycat	['greek house', 'thai indie pop', 'thai indie rock', 'thai pop']	[2017, 2018, 2019, 2020, 2021, 2022]	17	1
5bzFXP4FjQKAwuiHJTsNp9	Wonderframe	['thai hip hop', 'thai pop']	[2017, 2018, 2019, 2020, 2021]	17	15
6gYafDbRgLFc6zFKxKCP22	GAVIN:D	['thai hip hop', 'thai pop']	[2018, 2019, 2020, 2021, 2022]	17	16
0ZED1XzwlLHW4ZaG4lOT6m	Julia Michaels	['pop']	[2017, 2018, 2019]	17	14
5t5FqBwTcgKTaWmfEbwQY9	ENHYPEN	['anime', 'k-pop boy group']	[2020, 2021, 2022]	16	1
3MZsBdqDrRTJihTHQrO6Dq	Joji	['viral pop']	[2018, 2019, 2020]	16	5
2SWWw5uB9cO5m7zJQZqwmr	BOWKYLION	['thai indie pop', 'thai pop']	[2017, 2019, 2020, 2021, 2022]	16	1
4esoPgrgPKbWa6gwU8EGmH	Tilly Birds	['thai indie rock', 'thai pop']	[2020, 2021, 2022]	16	3
2AfmfGFbe0A0WsTYm0SDTx	(G)I-DLE	['k-pop', 'k-pop girl group']	[2018, 2019, 2020, 2021]	16	3
1DsSoeOUg0YS2hl2czNcbw	Safeplanet	['thai indie pop', 'thai pop']	[2018, 2019, 2020, 2021, 2022]	16	0
5fYMwzhko3iLCsqNhy07NG	MEAN Band	['thai pop']	[2017, 2018, 2019, 2020, 2021, 2022]	16	3
3gIRvgZssIb9aiirIg0nI3	Jeremy Zucker	['alt z', 'electropop', 'pop']	[2018, 2019, 2020, 2021, 2022]	15	6
1OXHqAK6r5mF0FV94nc0pD	OG-ANIC	['thai hip hop', 'thai pop']	[2018, 2019, 2020, 2022]	15	11
1BHYRsFqV0ON7RUFM9qF2Q	TELEx TELEXs	['thai indie pop']	[2017, 2018, 2020, 2021]	15	0
5fMUXHkw8R8eOP2RNVYEZX	Diplo	['edm', 'electro house', 'moombahton', 'pop dance']	[2017, 2018, 2019, 2020]	15	15
5WUlDfRSoLAfcVSX1WnrxN	Sia	['australian dance', 'australian pop', 'pop']	[2017, 2018, 2019, 2020, 2021]	15	10
3ytV7vc4ZuwGgwaOuWvkk8	MINO	['k-pop']	[2017, 2018, 2019, 2020]	15	4
6RQyog3L4JlA8t8Bf56otE	Potato	['thai pop', 'thai rock']	[2017, 2018, 2019, 2020, 2021]	15	4
15UsOTVnJzReFVN1VCnxy4	XXXTENTACION	['emo rap', 'miami hip hop']	[2017, 2018, 2019]	15	5
2YZyLoL8N0Wb9xBt1NhZWg	Kendrick Lamar	['conscious hip hop', 'hip hop', 'rap', 'west coast rap']	[2017, 2018, 2019]	15	12
3yLZtAIGm6Eq4WSfnimZad	WANYAi	['thai pop']	[2019, 2020, 2021, 2022]	14	4
181bsRPaVXVlUKXrxwZfHK	Megan Thee Stallion	['houston rap', 'pop', 'rap', 'trap queen']	[2019, 2020, 2021, 2022]	14	12
25vaRIUlu5PahDqAWeYdxR	The Parkinson	['thai pop']	[2017, 2018, 2019, 2020, 2021]	14	1
780z5aP7EUHfDT6Q5YERKL	Singto Numchok	['thai pop']	[2017, 2018, 2019, 2020, 2021, 2022]	14	3
1aEKvjRnbf1laB7DVXFqsG	fellow fellow	['thai pop']	[2018, 2019, 2020, 2021]	14	2
2dIgFjalVxs4ThymZ67YCE	Stray Kids	['k-pop', 'k-pop boy group', 'pop']	[2018, 2019, 2020, 2021, 2022]	14	0
4ElNwSJyLhUjurznOPLmRn	Twopee Southside	['thai hip hop', 'thai trap']	[2018, 2019, 2020]	14	10
1zNqQNIdeOUZHb8zbZRFMX	Swae Lee	['melodic rap', 'rap', 'trap']	[2017, 2018, 2019, 2020, 2021, 2022]	14	14
7c0XG5cIJTrrAgEC3ULPiq	Ty Dolla $ign	['hip hop', 'pop rap', 'r&b', 'southern hip hop', 'trap', 'trap soul']	[2017, 2018, 2019, 2020, 2021]	14	14
1xrRqVDsJaZPw0sXme5i2T	PP Krit	['thai pop']	[2020, 2021, 2022]	14	6
2p48L95TwEaYkSdn6R7LOr	BamBam	['k-pop']	[2019, 2020, 2021, 2022]	14	3
0dpiMnuJcfuvZFlGWaQ7tR	TOR Saksit	['thai pop']	[2017, 2018, 2019, 2020, 2021]	14	5
4gzpq5DPGxSnKTe4SA8HAU	Coldplay	['permanent wave', 'pop']	[2017, 2018, 2019, 2021, 2022]	14	8
6IjkVLH49YhlZiz4TOHJZv	Oat Pramote	['thai pop']	[2017, 2018, 2019, 2020, 2021]	13	6
3lHykUJhLCSYsiUaOQhIy4	Room 39	['thai pop']	[2017, 2018, 2019, 2020]	13	0
3CYmJROYywqfz2zXoUrcGB	Zom Marie	['thai pop']	[2018, 2019, 2020, 2021]	13	4
7vk5e3vY1uw9plTHJAMwjN	Alan Walker	['electro house']	[2017, 2018, 2019, 2020, 2022]	13	12
3pc0bOVB5whxmD50W79wwO	keshi	['chill r&b']	[2020, 2021, 2022]	13	0
32qeMmjXorbPWS9JOi8O2p	SERIOUS BACON	['thai pop']	[2020, 2021, 2022]	13	1
5YGY8feqx7naU7z4HrwZM6	Miley Cyrus	['pop']	[2017, 2018, 2019, 2020, 2021]	13	6
1W7FNibLa0O0b572tB2w7t	Pink Sweat$	['bedroom soul']	[2019, 2020, 2021, 2022]	13	2
5BHFSMEjfLVx1JwRWjAOsE	SuperM	['k-pop']	[2019, 2020]	13	0
1Cs0zKBU1kc0i8ypK3B9ai	David Guetta	['big room', 'dance pop', 'edm', 'pop', 'pop dance']	[2017, 2018, 2019]	13	13
60d24wfXkVzDSfLS6hyCjZ	Martin Garrix	['dutch edm', 'edm', 'pop', 'pop dance', 'progressive house']	[2017, 2018, 2019]	13	13
6pPa982maNkzxD8kjhwbYr	Illslick	['thai hip hop', 'thai pop']	[2018, 2019]	13	2
3yfUy4dhvq5DwrSMsEE6od	Palmy	['thai pop']	[2017, 2018, 2019, 2020, 2021]	12	3
5Rl15oVamLq7FbSb0NNBNy	5 Seconds of Summer	['boy band', 'pop']	[2018, 2019, 2020]	12	4
6741jcSlgsv0M3B4ruIPS5	EXO-SC	['k-pop', 'k-pop boy group']	[2019, 2020]	12	6
4GvEc3ANtPPjt1ZJllr5Zl	Bazzi	['pop']	[2018, 2019, 2020, 2021, 2022]	12	1
2auC28zjQyVTsiZKNgPRGs	RM	['k-rap']	[2017, 2018, 2019, 2020]	12	7
1UYjFeWiTTiOfDRYvUmJul	Bird Thongchai	['classic thai pop']	[2017, 2018, 2019]	12	0
5CCwRZC6euC8Odo6y9X8jr	Rita Ora	['dance pop', 'pop', 'uk pop']	[2017, 2018, 2019]	12	7
2jnIB6XdLvnJUeNTy5A0J2	Why Don't We	['boy band', 'pop']	[2018, 2019]	12	1
1McMsnEElThX1knmY4oliG	Olivia Rodrigo	['pop']	[2021, 2022]	12	1
6vFz8SAf3JBH0kdz8UMSOh	Getsunova	['thai pop', 'thai rock']	[2017, 2018, 2019, 2020, 2021]	11	3
1eVPKI2R4NlX6P5FIuMXis	MILLI	['thai hip hop', 'thai pop', 'thai trap']	[2020, 2021, 2022]	11	8
6p0woWDfWgd5EAX7HFzZ7d	DABOYWAY	['thai hip hop', 'thai trap']	[2017, 2018, 2019, 2020]	11	10
7cVZApDoQZpS447nHTsNqu	LeeHi	['k-pop']	[2017, 2019, 2020, 2021, 2022]	11	7
6JrR3zrG0NQiXb9N9XSyGb	Cocktail	['thai pop', 'thai rock']	[2017, 2018, 2019, 2020, 2021]	11	1
0cGfitvwmFr2sSywioWYNM	Whatcharawale	['thai pop']	[2017, 2018, 2019, 2020, 2021, 2022]	11	1
1URnnhqYAYcrqrcwql10ft	21 Savage	['atl hip hop', 'hip hop', 'rap', 'trap']	[2017, 2018, 2019]	11	8
4xRYI6VqpkE3UwrDrAZL8L	Logic	['conscious hip hop', 'hip hop', 'pop rap', 'rap']	[2017, 2018, 2019]	11	9
1HBjj22wzbscIZ9sEb5dyf	Jonas Blue	['pop', 'pop dance', 'tropical house', 'uk dance']	[2017, 2018, 2019]	11	11
7Ln80lUS6He07XvHI8qqHH	Arctic Monkeys	['garage rock', 'modern rock', 'permanent wave', 'rock', 'sheffield indie']	[2018]	11	0
4dpARuHxo51G3z768sgnrY	Adele	['british soul', 'pop', 'pop soul', 'uk pop']	[2018, 2019, 2021, 2022]	11	0
6vWDO969PvNqNYHIOW5v0m	Beyoncé	['pop', 'r&b']	[2017, 2018, 2019, 2020]	10	9
5RmQ8k4l3HZ8JoPb4mNsML	Agust D	['k-rap']	[2020]	10	4
2feGNLrcUrcsQNA1QJBaIe	TangBadVoice	['thai hip hop', 'thai indie rock', 'thai trap']	[2020, 2021, 2022]	10	4
0VRj0yCOv2FXJNP47XQnx5	Quavo	['atl hip hop', 'melodic rap', 'rap', 'trap']	[2017, 2018, 2020, 2021]	10	10
1vyhD5VmyZ7KMfW5gqLgo5	J Balvin	['reggaeton', 'reggaeton colombiano', 'trap latino', 'urbano latino']	[2017, 2018, 2019, 2020]	10	10
4G5OlxtrOm9ADmu3VZgFbG	MEYOU	['thai hip hop', 'thai indie pop', 'thai pop']	[2018, 2019, 2020, 2021, 2022]	10	3
47mIJdHORyRerp4os813jD	League of Legends	['speedrun', 'video game music']	[2018, 2019, 2020, 2021, 2022]	10	10
6YVMFz59CuY7ngCxTxjpxE	aespa	['k-pop', 'k-pop girl group']	[2020, 2021, 2022]	10	0
1HIn9vTbcrrS7x9qik78hr	Mindset	['thai hip hop', 'thai trap']	[2017, 2018, 2019, 2020]	10	9
7CajNmpbOovFoOoasH2HaY	Calvin Harris	['dance pop', 'edm', 'electro house', 'house', 'pop', 'progressive house', 'uk dance']	[2017, 2018, 2019, 2020]	10	10
1kUVa9zNj2ohZptBv4uK8c	Num KALA	[]	[2017, 2018, 2019, 2020, 2021]	10	1
6MoXcK2GyGg7FIyxPU5yW6	SUNMI	['k-pop']	[2017, 2018, 2019, 2020, 2021]	10	0
2fLbT474RKQfdWHLw8Bf0G	Mild	['thai indie rock', 'thai pop']	[2017, 2018, 2019, 2020, 2021, 2022]	10	3
6vXTefBL93Dj5IqAWq6OTv	French Montana	['hip hop', 'pop rap', 'rap', 'southern hip hop', 'trap']	[2017, 2018, 2019]	10	10
0hEurMDQu99nJRq8pTxO14	John Mayer	['neo mellow', 'singer-songwriter']	[2018, 2019, 2021]	10	1
5qRaZYOswQo7YMPgvdfU2f	25 hours	['thai pop', 'thai rock']	[2017, 2018, 2019, 2020]	9	0
2qxJFvFYMEDqd7ui6kSAcq	Zedd	['complextro', 'edm', 'german techno', 'pop', 'pop dance']	[2017, 2018, 2019, 2020]	9	9
0cGUm45nv7Z6M6qdXYQGTX	Kehlani	['pop', 'r&b']	[2018, 2019, 2020, 2021]	9	9
7IFeTLxFc5Qn00yznSbNO6	Ben Bizzy	['thai hip hop', 'thai trap']	[2019, 2020, 2021]	9	7
6Gymwy9eHYItH2v7MYPRjB	Lula	['thai pop']	[2017, 2018, 2019, 2020]	9	1
2DWxd6CkiJVMnTqSbtd56H	Season Five	['thai pop']	[2017, 2018, 2019, 2020]	9	2
7bXgB6jMjp9ATFy66eO08Z	Chris Brown	['r&b', 'rap']	[2017, 2018, 2019, 2020, 2021]	9	7
2PfxoKmrvMLvTAkn5azNZ6	KLEAR	['thai pop', 'thai rock']	[2017, 2018, 2019, 2020]	9	1
4r63FhuTkUYltbVAg5TQnk	DaBaby	['hip hop', 'north carolina hip hop', 'rap', 'trap']	[2019, 2020, 2021, 2022]	9	8
13y7CgLHjMVRMDqxdx0Xdo	Gucci Mane	['atl hip hop', 'dirty south rap', 'hip hop', 'pop rap', 'rap', 'southern hip hop', 'trap']	[2017, 2018, 2019, 2020]	9	9
5LHRHt1k9lMyONurDHEdrp	Tyga	['hip hop', 'pop rap', 'rap', 'trap']	[2018, 2019, 2020, 2022]	9	6
6chmC6o0wvACYVGTITw3Pz	NONT TANONT	['thai pop']	[2017, 2018, 2019, 2020, 2021, 2022]	9	1
5pUo3fmmHT8bhCyHE52hA6	Liam Payne	['pop']	[2017, 2018, 2020]	9	8
2wUjUUtkb5lvLKcGKsKqsR	Alessia Cara	['canadian contemporary r&b', 'canadian pop', 'pop']	[2017, 2018, 2020]	9	4
5CiGnKThu5ctn9pBxv7DGa	benny blanco	['pop']	[2018, 2019, 2020, 2021]	9	9
4IWBUUAFIplrNtaOHcJPRM	James Arthur	['pop', 'talent show', 'uk pop']	[2017, 2018, 2019]	9	3
1Hsdzj7Dlq2I7tHP7501T4	Niall Horan	['pop']	[2017, 2018, 2019, 2021]	9	3
1KCSPY1glIKqW2TotWuXOR	P!nk	['dance pop', 'pop']	[2017, 2019]	9	2
77AiFEVeAVj2ORpC85QVJs	Steve Aoki	['edm', 'electro house', 'pop dance']	[2017, 2018, 2019]	9	9
3jK9MiCrA42lLAdMGUZpwa	Anderson .Paak	['escape room', 'hip hop', 'indie soul', 'neo soul']	[2018, 2021, 2022]	9	9
7k73EtZwoPs516ZxE72KsO	ONE OK ROCK	['j-pop', 'j-rock', 'japanese emo']	[2018, 2019, 2021]	9	0
5JMLG56F1X5mFmWNmS0iAp	Chelsea Cutler	['alt z']	[2018, 2019, 2021]	9	6
2CQZr2RPZmrcvDnaod1ldC	D.O.	['k-pop']	[2019, 2021]	9	1
0UntV1Bw2hk3fbRrm9eMP6	B.I	['k-pop']	[2019, 2021]	9	4
6OwKE9Ez6ALxpTaKcT5ayv	AKMU	['k-pop']	[2019, 2021]	9	6
0ebNdVaOfp6N0oZ1guIxM8	SUGA	['k-pop']	[2019, 2020, 2021, 2022]	8	8
1pTiPuAABytFjsXsUwgsNE	Pause	['thai pop', 'thai rock']	[2017, 2018, 2019, 2020, 2021]	8	0
6y9nlaoynxSvoTGY09Vdcy	WOODZ	['k-pop', 'korean r&b']	[2020]	8	2
6dHHmu92q47xdwVxV6W7Fu	Better Weather	['thai pop']	[2017, 2018, 2019, 2020, 2021]	8	0
5UjfkANGRdbB6a6aLQHoz9	Chilling Sunday	['thai folk', 'thai pop']	[2018, 2019, 2020, 2021]	8	1
1AhjOkOLkbHUfcHDSErXQs	88rising	['asian american hip hop']	[2018, 2019, 2020, 2021, 2022]	8	8
07YZf4WDAMNwqr4jfgOZ8y	Jason Derulo	['dance pop', 'pop']	[2017, 2018, 2019, 2020, 2021]	8	6
6KImCVD70vtIoJWnq6nGn3	Harry Styles	['pop']	[2018, 2019, 2020, 2021]	8	0
3u45DFB1kjVXKwE14FKXCo	Blackbeans	['thai indie rock', 'thai pop']	[2020, 2021, 2022]	8	0
5vGoWnZO65NBgiZYBmi3iW	KANGDANIEL	['k-pop']	[2019, 2020, 2021]	8	1
7cDMujRxnEJ0wPd5XwP24G	P-Hot	['thai hip hop']	[2018, 2019, 2020, 2021]	8	8
50co4Is1HCEo8bhOyUWKpn	Young Thug	['atl hip hop', 'atl trap', 'gangster rap', 'melodic rap', 'rap', 'trap']	[2017, 2018, 2019, 2020, 2021]	8	8
7gOdHgIoIKoe4i9Tta6qdD	Jonas Brothers	['boy band', 'pop']	[2019, 2020, 2021]	8	2
6jJ0s89eD6GaHleKKya26X	Katy Perry	['pop']	[2017, 2018, 2019, 2020]	8	3
1RyvyyTE3xzB2ZywiAwp0i	Future	['atl hip hop', 'hip hop', 'rap', 'southern hip hop', 'trap']	[2017, 2018, 2019, 2020, 2021]	8	8
0QHgL1lAIqAw0HtD7YldmP	DJ Khaled	['hip hop', 'miami hip hop', 'pop rap', 'rap']	[2017, 2018, 2019, 2020, 2021]	8	8
6biI2KAsW3nrI8xzSwwxuo	Jaonaay	['thai pop']	[2017, 2018, 2019, 2020, 2021, 2022]	8	2
3AQRLZ9PuTAozP28Skbq8V	The Script	['celtic rock', 'pop']	[2017, 2018]	8	1
13ubrt8QOOCPljQ2FL1Kca	A$AP Rocky	['east coast hip hop', 'hip hop', 'rap', 'trap']	[2017, 2018]	8	8
6cEuCEZu7PAE9ZSzLLc2oQ	R3HAB	['dutch house', 'edm', 'electro house', 'pop dance', 'progressive electro house', 'slap house']	[2017, 2018]	8	8
6oMuImdp5ZcFhWP0ESe6mG	Migos	['atl hip hop', 'hip hop', 'rap', 'trap']	[2017, 2018]	8	6
0X2BH1fck6amBIoJhDVmmJ	Ellie Goulding	['indietronica', 'metropopolis', 'pop', 'uk pop']	[2017, 2018, 2019]	8	5
0b1sIQumIAsNbqAoIClSpy	j-hope	['k-pop', 'k-rap']	[2018, 2019]	8	2
48eO052eSDcn8aTxiv6QaG	NCT	['k-pop', 'k-pop boy group']	[2018, 2019]	8	8
2lkCfFklQDBPlQzS4tR3VP	Tiffany Young	['k-pop', 'korean r&b']	[2018, 2019]	8	2
5K4W6rqBFWDnAN6FQUkS6x	Kanye West	['chicago rap', 'hip hop', 'rap']	[2018, 2019, 2021]	8	2
4tM1FV7wm8Tp4bXhtWjBmX	YENTED	['thai indie pop', 'thai pop']	[2019, 2020, 2021]	7	1
4Uc8Dsxct0oMqx0P6i60ea	Conan Gray	['bedroom pop', 'pop', 'pov: indie']	[2020, 2021, 2022]	7	1
5mZD78snaOoIJGOOFEbXFA	O-Pavee	['thai pop']	[2018, 2019, 2020, 2021]	7	1
1C6qssOWal7Sii2guMg0mx	Pop Pongkool	['thai pop']	[2017, 2018, 2019, 2020, 2021]	7	2
0O6y1pr1YIKq65c6N3sI9c	DIAMOND MQT	['thai hip hop', 'thai trap']	[2018, 2019, 2020]	7	7
1Ffb6ejR6Fe5IamqA5oRUF	Bring Me The Horizon	['melodic metalcore', 'metalcore', 'modern rock', 'pop punk', 'rock', 'uk metalcore']	[2018, 2019, 2020, 2021]	7	1
31TPClRtHm23RisEBtV3X7	Justin Timberlake	['dance pop', 'pop']	[2018, 2020]	7	3
5rbWOWw5jmpe6zbIHCzMpm	Peck Palitchoke	['thai pop']	[2017, 2018, 2019, 2020]	7	0
4GFq5pPYRDYg5ZPrbNovMB	NAP A LEAN	['thai indie pop', 'thai pop']	[2018, 2019, 2020, 2021]	7	0
0sfCNfNJnqVgcPHcO9htcy	SPRITE	['thai pop rap']	[2020, 2021, 2022]	7	4
78u00MLyG46IkmM8HC6H0l	Mew Suppasit	['thai ost']	[2020, 2021, 2022]	7	2
0sYpJ0nCC8AlDrZFeAA7ub	JOY	['k-pop']	[2020, 2021]	7	2
4qGpqGXSbS97LnJl4ijbly	Chart Suchart	['thai folk']	[2017, 2018, 2020]	7	1
70iyLnJ4uH2zMmLLdGM9oM	TRINITY	['thai ost', 'thai pop']	[2019, 2020, 2021, 2022]	7	0
5xkAtLTf309LAGZTbvULBn	Ruel	['alt z', 'australian alternative pop', 'pop']	[2019, 2020, 2021]	7	0
3ubzA3oelaUG8pvmDqftyf	SIN	['thai pop']	[2017, 2018, 2019, 2020, 2021]	7	1
5zSQoNQ9o2dnT1LPTzDxg7	Mirrr	['thai indie pop', 'thai pop']	[2019, 2020, 2021, 2022]	7	1
7zYj9S9SdIunYCfSm7vzAR	JEON SOMI	['k-pop']	[2019, 2020, 2021]	7	0
6rKfQpiqG7GLIrWx88q4gK	MVL	[]	[2018, 2019, 2020]	7	7
25uiPmTg16RbhZWAqwLBy5	Charli XCX	['art pop', 'candy pop', 'metropopolis', 'pop', 'uk pop']	[2017, 2018, 2019]	7	5
02kJSzxNuaWGqwubyUba0Z	G-Eazy	['indie pop rap', 'oakland hip hop', 'pop rap', 'rap']	[2017, 2018]	7	7
5snNHNlYT2UrtZo5HCJkiw	Epik High	['k-pop', 'k-rap', 'korean old school hip hop']	[2017, 2019, 2021]	7	6
3JhNCzhSMTxs9WLGJJxWOY	Macklemore	['pop rap', 'seattle hip hop']	[2017, 2018, 2019]	7	7
2SQkJHpKzsOVtTsSjM1Bwv	Two Popetorn	['thai pop']	[2017, 2018, 2019, 2021]	7	3
7DMveApC7UnC2NPfPvlHSU	Cheat Codes	['edm', 'pop', 'pop dance']	[2017, 2018]	7	7
74KM79TiuVKeVCqs8QtB0B	Sabrina Carpenter	['pop']	[2017, 2018, 2019, 2021]	7	3
5p7f24Rk5HkUZsaS3BLG5F	Hailee Steinfeld	['pop']	[2017, 2018, 2019]	7	5
738wLrAtLtCtFOLvQBXOXp	Major Lazer	['dance pop', 'edm', 'electro house', 'moombahton', 'pop', 'pop dance']	[2017, 2018, 2019]	7	7
7z9oTDasH4sBISUE2Hxrki	Da Endorphine	['thai folk pop', 'thai pop', 'thai rock']	[2017, 2018, 2019, 2021]	7	4
7avbd4MMu89B9ueC3udvbf	The Yers	['thai indie', 'thai pop', 'thai rock']	[2017, 2018, 2021]	7	0
540vIaP2JwjQb9dm3aArA4	DJ Snake	['edm', 'electronic trap', 'pop', 'pop dance']	[2017, 2018, 2019, 2021, 2022]	7	5
0FRUZvZNPzM3YJMABJxf2K	WENDY	['k-pop', 'korean pop']	[2018, 2021]	7	2
6PvvGcCY2XtUcSRld1Wilr	Silk Sonic	['neo soul']	[2021, 2022]	7	7
2cFrymmkijnjDg9SS92EPM	blackbear	['pop']	[2017, 2018, 2019, 2020, 2021]	6	4
72eVco16BxQJe5nE1vY72F	JAYLERR	['thai ost', 'thai pop']	[2020, 2021]	6	6
6Ul5SIYwfYqiTgvSDqOe2n	Ice Paris	['thai ost', 'thai pop']	[2019, 2020, 2021]	6	6
6bwp9ObI8FWvMPCIWVBmhl	Red Velvet - IRENE & SEULGI	['k-pop']	[2020]	6	0
5nkD00FEf53rM9s4v33uFx	Max Jenmana	['thai indie pop', 'thai pop']	[2017, 2018, 2019, 2020, 2021, 2022]	6	2
5zkf2Na8DKKJmtWX5Xrx3m	SUHO	['k-pop']	[2020]	6	1
4TrJEtCSLvvnpuPO4uAesD	electric.neon.lamp	['thai indie', 'thai pop']	[2018, 2019, 2020]	6	1
6bgJVFxXoLzHewXZmpdpGs	Marctatc	['thai pop']	[2017, 2018, 2019, 2020]	6	1
6foXh1rnSNszTx2gIVOGTt	BRIGHT	['thai pop']	[2020, 2021, 2022]	6	2
1FoYKCI4RZTARNndlahQeD	Younggu	['thai hip hop', 'thai trap']	[2018, 2019, 2020, 2021]	6	6
0OjRa6r1EIPF5RZPy1SGz9	Musketeers	['deep german indie', 'thai pop']	[2017, 2018, 2019, 2020, 2021, 2022]	6	0
6C4irZ60X8G7UimMRQiCcg	X1	['k-pop']	[2019, 2020]	6	0
4DdkRBBYG6Yk9Ka8tdJ9BW	Offset	['atl hip hop', 'rap', 'trap']	[2017, 2018, 2019, 2020]	6	6
4gOc8TsQed9eqnqJct2c5v	K/DA	['k-pop girl group']	[2018, 2019, 2020]	6	6
73M9RjjrrKjXnf6Is6hNdg	Anatomy Rabbit	['thai folk', 'thai indie pop', 'thai pop']	[2019, 2020, 2021, 2022]	6	0
4IYocudwewhFDpAErwolWM	Wan Thanakrit	['thai pop']	[2018, 2019, 2020, 2021]	6	1
0qlWcS66ohOIi0M8JZwPft	GFRIEND	['k-pop', 'k-pop girl group']	[2018, 2019, 2020]	6	0
4S7sdsjS2srUTDPXAuOYw8	Morvasu	['thai indie rock', 'thai pop']	[2020, 2021, 2022]	6	2
73sIBHcqh3Z3NyqHKZ7FOL	Childish Gambino	['atl hip hop', 'hip hop', 'rap']	[2017, 2018, 2019, 2020]	6	2
5f7VJjfbwm532GiveGC0ZK	Lil Baby	['atl hip hop', 'atl trap', 'rap', 'trap']	[2018, 2019, 2020, 2021]	6	6
4iHNK0tOyZPYnBU7nGAgpQ	Mariah Carey	['dance pop', 'pop', 'urban contemporary']	[2017, 2018, 2019, 2020, 2021]	6	2
7kM2bHp9WgqwOE4VUKAlRv	AUTTA	['thai hip hop', 'thai pop']	[2019, 2020, 2021, 2022]	6	3
0BFJirAb0i0oxwxTNINooQ	NICECNX	['thai hip hop', 'thai trap']	[2018, 2019, 2020, 2021]	6	3
32bq0Oy4ygWPR5ItUM5J5M	Paradox	['thai pop', 'thai rock']	[2017, 2018, 2019, 2020]	6	0
4O15NlyKLIASxsJ0PrXPfz	Lil Uzi Vert	['melodic rap', 'philly rap', 'rage rap', 'rap', 'trap']	[2017, 2018, 2020]	6	3
1zVBNAJivxfj3HygJZOSw3	Dept	['thai indie rock', 'thai pop']	[2019, 2020, 2021, 2022]	6	0
1Xylc3o4UrD53lo9CvFvVg	Zara Larsson	['pop', 'scandipop', 'swedish electropop', 'swedish pop']	[2017, 2018, 2019, 2020]	6	3
1anyVhU62p31KFi8MEzkbf	Chance the Rapper	['chicago rap', 'conscious hip hop', 'hip hop', 'pop rap', 'rap']	[2017, 2018, 2019, 2020, 2021]	6	6
2PSJ6YriU7JsFucxACpU7Y	CHUNG HA	['k-pop']	[2018, 2019, 2020, 2021]	6	2
3wkt8lIJGhuZ1vl47UPkjb	Aof Pongsak	['thai pop']	[2017, 2018, 2019]	6	2
7gAppWoH7pcYmphCVTXkzs	The Vamps	['boy band', 'pop']	[2017, 2018]	6	5
6fOMl44jA4Sp5b9PpYCkzz	NF	['hip hop', 'pop rap']	[2017, 2018, 2019]	6	0
3e7awlrlDSwF3iM0WBjGMp	Little Mix	['girl group', 'pop', 'talent show', 'uk pop']	[2017, 2018, 2019]	6	4
6WY7D3jk8zTrHtmkqqo5GI	Maren Morris	['classic texas country', 'contemporary country']	[2017, 2018, 2019, 2021]	6	5
6MDME20pz9RveH9rEXvrOM	Clean Bandit	['pop', 'uk dance', 'uk funky']	[2017, 2018, 2019]	6	6
0TApm3i0QNERy939m3QhaZ	Room 39	['thai pop']	[2017, 2018, 2019]	6	4
7LiltnpnD4Q60750gWXrgB	Boyd Kosiyabong	['thai pop']	[2017, 2018, 2019, 2021]	6	5
4phGZZrJZRo4ElhRtViYdl	Jason Mraz	['acoustic pop', 'dance pop', 'neo mellow', 'pop']	[2017, 2018, 2019]	6	1
4Rxn7Im3LGfyRkY2FlHhWi	Nick Jonas	['dance pop', 'pop']	[2017, 2018, 2021]	6	1
55Aa2cqylxrFIXC767Z865	Lil Wayne	['hip hop', 'new orleans rap', 'pop rap', 'rap', 'trap']	[2017, 2018, 2019, 2022]	6	6
25u4wHJWxCA9vO0CzxAbK7	Lukas Graham	['danish pop', 'scandipop']	[2017, 2018, 2019, 2021]	6	1
2feDdbD5araYcm6JhFHHw7	Labrinth	['indie poptimism', 'pop']	[2018, 2019]	6	6
6IZ4ctovY9dl7bgHClAvKJ	LSD	[]	[2018, 2019]	6	6
3hv9jJF3adDNsBSIQDqcjp	Mark Ronson	['pop soul']	[2018, 2019]	6	6
6UbmqUEgjLA6jAcXwbM1Z9	BIBI	['k-pop', 'korean r&b']	[2021, 2022]	6	6
3IjHX8KZKoeq3X4QgXxqbT	JAY B	[]	[2021]	6	5
1qz5HLBHOge1yHlMVAZ9hO	ETC.	['thai indie rock', 'thai pop']	[2017, 2018, 2019, 2020]	5	0
4Y5GE3yA8Ek7541Y8vO7rv	Pongsit Kampee	['phleng phuea chiwit', 'thai folk', 'thai folk rock']	[2017, 2018, 2020]	5	3
5NTMa7YJCseQqw70zgF7b5	Bedroom Audio	['thai pop']	[2017, 2018, 2019, 2020]	5	0
4npEfmQ6YuiwW1GpUmaq3F	Ava Max	['pop']	[2018, 2019, 2020]	5	2
27OaUzPoSIktzF5MnYPEmX	Boy Peacemaker	['thai folk rock', 'thai pop']	[2018, 2019, 2020, 2021]	5	0
2cWZOOzeOm4WmBJRnD5R7I	Normani	['pop', 'r&b']	[2018, 2019, 2020]	5	4
0XATRDCYuuGhk0oE7C0o5G	MAMAMOO	['k-pop', 'k-pop girl group']	[2018, 2019, 2020]	5	0
1kfWoWgCugPkyxQP8lkRlY	Jackson Wang	['k-pop']	[2018, 2019, 2020, 2021]	5	3
5mqguTgtaoCMNMZD6txCh6	Phum Viphurit	['bedroom pop']	[2018, 2019, 2020, 2021]	5	2
6BLyvsGtcljOylKTFmhdIc	CYANIDE	['thai hip hop']	[2018, 2019, 2020, 2021]	5	4
2xjp1njSsecnNhjgKZ35Ok	Silly Fools	['thai indie rock', 'thai pop', 'thai rock']	[2018, 2019, 2020, 2021, 2022]	5	0
4mNN31oshOzZr3yx4aXI3n	Ammy The Bottom Blues	['thai pop']	[2017, 2018, 2019, 2020]	5	2
3ZZzT0naD25RhY2uZvIKkJ	EVERGLOW	['k-pop', 'k-pop girl group']	[2019, 2020, 2021]	5	0
3081y1bGPVy4mULL5Td9cJ	David Sarah UuI	[]	[2020]	5	0
3PhoLpVuITZKcymswpck5b	Elton John	['glam rock', 'mellow gold', 'piano rock', 'rock']	[2020, 2021, 2022]	5	4
4gjXKx2a7GaIYwSDCBveJx	Patrickananda	['thai pop']	[2020, 2021, 2022]	5	0
6aLdhHUqgdKE86xbtNmY8g	Crush	['k-pop', 'korean r&b']	[2018, 2019, 2020, 2021]	5	5
54vgrKEZrdX0ukLwMKDZMX	MaziteLo	[]	[2020]	5	0
2evGkOhBM2TYqcsdbfJmug	Bell Supol	['thai pop']	[2017, 2018, 2019, 2020]	5	1
6JL8zeS1NmiOftqZTRgdTz	Meghan Trainor	['hip pop', 'pop']	[2018, 2020, 2021]	5	4
5y2Xq6xcjJb2jVM54GHK3t	John Legend	['neo soul', 'pop', 'pop soul', 'urban contemporary']	[2017, 2018, 2020, 2021]	5	4
2RdwBSPQiwcmiDo9kixcl8	Pharrell Williams	['dance pop', 'pop']	[2017, 2018]	5	4
00TKPo9MxwZ0j4ooveIxWZ	Loote	['alt z', 'nyc pop']	[2017, 2018, 2019]	5	4
650v0b6TXS3YQdHpJLrh3E	Dutch Swing College Band	['dixieland', 'new orleans jazz']	[2017]	5	0
2Q6XC0dzJl7VbE678w82Vf	Boom Boom Cash	[]	[2017, 2018, 2019]	5	4
1xs6WFotNQSXweo0GXrS0O	EXID	['k-pop', 'k-pop girl group']	[2017, 2018, 2019]	5	0
4VMYDCV2IEDYJArk749S6m	Daddy Yankee	['latin hip hop', 'reggaeton', 'trap latino', 'urbano latino']	[2017, 2018, 2019]	5	4
6thrjKf05P1bBsrsjYSuMw	JETSET'ER	['thai pop']	[2017, 2018, 2021, 2022]	5	1
5DU5PyU8u0JZSRyJdMWgsl	Fymme Bongkot	['thai pop', 'thai teen pop']	[2017, 2018, 2019, 2021]	5	3
0id62QV2SZZfvBn9xpmuCl	Aloe Blacc	['pop soul', 'r&b']	[2017, 2019]	5	5
76yeOnINtQSXyoEHbkYmtY	Drew Love	[]	[2017, 2018]	5	5
4Kdx0GZbfcNRIku5iM2Ug8	THAITANIUM	['thai hip hop', 'thai indie']	[2017, 2018, 2019]	5	5
1okJ4NC308qbtY9LyHn6DO	BloodPop®	['electropop']	[2017, 2018]	5	5
6TNTFjkJA8PhP16Ds7CZnz	Slot Machine	['thai indie', 'thai pop', 'thai rock']	[2017, 2018, 2021]	5	0
4u5smJBskI6Adzv08PuiUP	Kiiara	['alt z', 'electropop']	[2017, 2018]	5	4
6Dd3NScHWwnW6obMFbl1BH	Daya	['pop']	[2017, 2018, 2019]	5	1
4TnGh5PKbSjpYqpIdlW5nz	MONSTA X	['k-pop', 'k-pop boy group']	[2017, 2018, 2019]	5	2
4YLtscXsxbVgi031ovDDdh	Chris Stapleton	['contemporary country', 'outlaw country']	[2018, 2019, 2021]	5	5
3RqBeV12Tt7A8xH3zBDDUF	Kelsea Ballerini	['contemporary country', 'country']	[2018, 2019, 2021]	5	5
46SHBwWsqBkxI7EeeBEQG7	Kodak Black	['florida drill', 'florida rap', 'melodic rap', 'miami hip hop', 'rap', 'trap', 'trap latino']	[2018, 2019]	5	5
4BxCuXFJrSWGi1KHcVqaU4	Kodaline	['irish pop', 'modern rock']	[2018, 2019]	5	0
53nEPak1KqKbrzl6DQnSAv	NINE BY NINE	['thai ost', 'thai pop', 'thai teen pop']	[2018, 2019]	5	0
4BBN286rBKyCWsSPq2cxYO	Sam Kim	['k-pop', 'korean r&b']	[2021, 2022]	5	3
4l1q0z9xeJcJw73Gxc6gCB	Mark Tuan	[]	[2021, 2022]	5	2
4UCR7MZYvPa4fdyKGI4itd	Copter	['thai pop']	[2020, 2021]	4	1
2JhAlkmukNvarUpGhTFXUQ	KARD	['k-pop']	[2017, 2018, 2019, 2020]	4	0
1Td3Fc1O4YfK9KxeZDAoOu	Blue Shade	['thai indie rock', 'thai pop']	[2017, 2018, 2020, 2021, 2022]	4	0
78iC6RJze2vabQuzhmAhHw	Somkiat	['thai pop']	[2018, 2019, 2020, 2021, 2022]	4	1
45dkTj5sMRSjrmBSBeiHym	Tate McRae	['alt z', 'pop']	[2020, 2021]	4	3
3wzGjN26jzqLY2Gc836sjC	ROOFTOP	['thai pop']	[2019, 2020, 2021, 2022]	4	1
2vVT4qoxWje0gVD2FiWZ4u	Jeff Bernat	['chill r&b', 'popping']	[2019, 2020, 2021]	4	1
56oDRnqbIiwx4mymNEv7dS	Lizzo	['escape room', 'minnesota hip hop', 'pop', 'trap queen']	[2019, 2020, 2021]	4	2
4dkCB7FJeRXK6OWpal7zpw	ALLY	['thai pop']	[2020, 2021]	4	2
7gZfnEnfiaHzxARJ2LeXrf	6ix9ine	['emo rap']	[2018, 2019, 2020]	4	3
1GxkXlMwML1oSg5eLPiAz3	Michael Bublé	['adult standards', 'canadian pop', 'jazz pop', 'lounge']	[2017, 2018, 2019, 2020, 2021]	4	0
6HBK5QQwMGT6CduG11q9QZ	VARINZ	['thai pop']	[2019, 2020, 2021]	4	4
4k5fFEYgkWYrYvtOK3zVBl	BOL4	['k-pop']	[2017, 2019, 2020, 2021]	4	1
1o2NpYGqHiCq7FoiYdyd1x	Bea Miller	['alt z', 'pop', 'talent show']	[2018, 2019, 2020]	4	4
4kGminzjw0Xj4vPyhyucrp	William Laura IiO	[]	[2020]	4	0
2HVtGhO88wYqktLxpDIUI3	Groove Riders	['thai indie', 'thai indie rock', 'thai pop']	[2017, 2018, 2020, 2021, 2022]	4	0
1bqxdqvUtPWZri43cKHac8	MAX	['viral pop']	[2018, 2020]	4	4
52zMTJCKluDlFwMQWmccY7	LOONA	['k-pop', 'k-pop girl group']	[2019, 2020, 2021]	4	0
4XpUIb8uuNlIWVKmgKZXC0	ZICO	['k-pop', 'korean r&b']	[2018, 2020, 2021]	4	3
4Ay4SXrEtSvyImMWgFeFZ3	Moving and Cut	['thai indie pop']	[2018, 2019, 2020, 2021]	4	1
4IVAbR2w4JJNJDDRFP3E83	6LACK	['atl hip hop', 'melodic rap', 'r&b', 'rap', 'trap']	[2018, 2020, 2021]	4	4
20wkVLutqVOYrc0kxFs7rA	Daniel Caesar	['canadian contemporary r&b']	[2018, 2019, 2020, 2021, 2022]	4	4
3Y7RZ31TRPVadSFVy1o8os	H.E.R.	['r&b', 'rap']	[2018, 2019, 2020, 2021, 2022]	4	3
54mrYYvOu2JG28JS1q6sS9	Blacksheep	['thai hip hop']	[2019, 2020, 2021]	4	3
5pKCCKE2ajJHZ9KAiaK11H	Rihanna	['barbadian pop', 'pop', 'urban contemporary']	[2017, 2018, 2020]	4	4
2kxP07DLgs4xlWz8YHlvfh	NIKI	['indonesian r&b']	[2019, 2020, 2021, 2022]	4	1
3YQKmKGau1PzlVlkL1iodx	Twenty One Pilots	['modern rock', 'pop', 'pov: indie', 'rock']	[2018, 2020]	4	0
3RnRECOTd7fAWTPgmwRYMc	Lomosonic	['thai indie', 'thai pop']	[2017, 2018, 2019, 2020, 2021]	4	0
0F2sO0QaLK1iakw7sR80xB	Kacha Nontanun	['thai bl ost']	[2017, 2018, 2020]	4	3
6jV25rzTKQ2zMgrqHha1V5	CHANYEOL	['k-pop']	[2017, 2018, 2019, 2020, 2021, 2022]	4	3
4UXqAaa6dQYAk18Lv7PEgX	Fall Out Boy	['emo', 'modern rock', 'pop', 'pop punk', 'rock']	[2017, 2019]	4	2
26q6NRMyHEwTky8yKeXSBF	Nat Yontararak	['thai instrumental']	[2017]	4	0
4ehtJnVumNf6xzSCDk8aLB	Martin Jensen	['danish electronic', 'edm', 'pop dance']	[2017, 2019]	4	4
20gsENnposVs2I4rQ5kvrf	Sam Feldt	['edm', 'pop dance', 'tropical house']	[2017, 2018, 2019]	4	4
3t4X0DC6dneyLQousLUySv	Ploychompoo	['thai pop', 'thai teen pop']	[2017, 2018, 2019]	4	2
5fyDppLDl1juIu1BcUT5zh	Digital Farm Animals	['uk dance']	[2017, 2018]	4	4
4D75GcNG95ebPtNvoNVXhz	AFROJACK	['big room', 'dance pop', 'dutch house', 'edm', 'electro house', 'pop dance', 'progressive electro house']	[2017, 2018]	4	4
25tMQOrIU4LlUo6Sv8v5SE	Gavin James	['irish pop']	[2017, 2018]	4	1
4V8Sr092TqfHkfAA5fXXqG	Luis Fonsi	['latin pop', 'puerto rican pop']	[2017, 2018]	4	4
73zuDd5WCgjjsF6TNbbBe1	Ae Jirakorn	['thai pop']	[2017, 2018, 2019]	4	1
2gsggkzM5R49q6jpPvazou	Jessie J	['dance pop', 'pop']	[2017, 2018]	4	1
2XnBwblw31dfGnspMIwgWz	Axwell /\ Ingrosso	['edm', 'pop dance', 'progressive electro house']	[2017, 2018]	4	0
4AVFqumd2ogHFlRbKIjp1t	Alesso	['dance pop', 'edm', 'electro house', 'pop', 'pop dance', 'progressive electro house']	[2017, 2018, 2019]	4	3
3b8QkneNDz4JHKKKlLgYZg	Florida Georgia Line	['contemporary country', 'country', 'country pop', 'country road', 'modern country rock']	[2017, 2018, 2019]	4	4
2o5jDhtHVPhrJdv3cEQ99Z	Tiësto	['big room', 'brostep', 'dutch edm', 'edm', 'house', 'pop dance', 'slap house', 'trance']	[2017, 2018, 2019]	4	4
1LOB7jTeEV14pHai6EXSzF	Cash Cash	['dance pop', 'edm', 'electro house', 'electropowerpop', 'pop dance']	[2017, 2018]	4	4
6mU8ucezzms5I2kNH6HNlu	Conor Maynard	['post-teen pop', 'uk pop', 'viral pop']	[2017, 2018, 2019]	4	4
4v6gn09DcZ5qwV7VLiyy9J	Keng Tachaya	['thai pop']	[2017, 2018, 2019]	4	2
2FgZrgTMX6Sk0VNcOsEPmm	Punch	[]	[2017, 2018, 2021]	4	4
3I5FVAZIBGWvoKJ4cnqzyX	Rose Sirintip	['thai folk pop', 'thai pop']	[2017, 2018, 2019]	4	2
2IDLDx25HU1nQMKde4n61a	Rich Brian	['indonesian hip hop']	[2017, 2018]	4	3
6ydoSd3N2mwgwBHtF6K7eX	Calum Scott	['pop']	[2017, 2018]	4	1
3wyVrVrFCkukjdVIdirGVY	Lil Pump	['emo rap', 'miami hip hop', 'pop rap', 'rap', 'trap']	[2017, 2018, 2019]	4	3
2o9KhjRqlfC7j0BYvNjpYe	BANKK CA$H	['thai pop']	[2017, 2018]	4	3
5ChF3i92IPZHduM7jN3dpg	Nicky Romero	['big room', 'dutch edm', 'dutch house', 'edm', 'electro house', 'pop dance', 'progressive electro house']	[2017, 2018]	4	4
2FLqlgckDKdmpBrvLAT5BM	Eric Nam	['k-pop']	[2017, 2018]	4	0
09k8JMXs059GsHmP4NT4z3	Ice Sarunyu	['thai pop']	[2018]	4	1
4ScCswdRlyA23odg9thgIO	Jess Glynne	['pop', 'uk pop']	[2018]	4	1
31W5EY0aAly4Qieq6OFu6I	A Boogie Wit da Hoodie	['melodic rap', 'rap', 'trap']	[2018, 2019]	4	3
7t0rwkOPGlDPEhaOcVtOt9	The Cranberries	['irish rock', 'pop rock', 'rock']	[2018]	4	0
2e4G04F77jxVuDYo44TCSm	Loco	['k-pop', 'k-rap', 'korean r&b']	[2018, 2021]	4	4
3iOvXCl6edW5Um0fXEBRXy	The xx	['downtempo', 'dream pop', 'indietronica']	[2018]	4	0
2xe3fpDD81re4J0NN3S8LV	GTK	['thai pop', 'thai pop rap']	[2018, 2019]	4	3
5RR0MLwcjc87wjSw2JYdwx	MOMOLAND	['k-pop', 'k-pop girl group']	[2018, 2019]	4	0
5M3yup4FuAOrnLhv3Ximg6	B5	[]	[2018]	4	0
20JZFwl6HVl6yg8a4H3ZqK	Panic! At The Disco	['pop']	[2018, 2019]	4	2
6843WLkSTOEOZekxe1MsYo	Mon Monik	[]	[2019, 2021]	4	1
0UEP2XBR9aC5NBKcAKnBIq	CHEN	['k-pop']	[2019]	4	0
60rpJ9SgigSd16DOAG7GSa	Billy Ray Cyrus	['country rock']	[2019]	4	4
4XDi67ZENZcbfKnvMnTYsI	Jay Park	['k-pop', 'k-rap', 'korean r&b']	[2019, 2021, 2022]	4	4
1U1el3k54VvEUzo3ybLPlM	Kali Uchis	['colombian pop']	[2019, 2021, 2022]	4	3
03Jpbs20X9dpAV475nGWgC	Zweed n' Roll	['thai pop']	[2019, 2021]	4	0
6hJoakJWJIDyWnYujjhhR6	LUSS	['thai indie pop', 'thai pop']	[2021, 2022]	4	0
3moR9d0X97NAtZRhHWOta5	Saran	['thai hip hop', 'thai trap']	[2021, 2022]	4	4
28ot3wh4oNmoFOdVajibBl	NMIXX	['k-pop', 'k-pop girl group']	[2022]	4	0
3aBwCcP4CB8M6S7YV8QkOg	4EVE	['t-pop girl group', 'thai pop']	[2021, 2022]	4	0
6GBIcdZ5aBhhsd7Y6c3O3g	SLAPKISS	['thai pop']	[2021, 2022]	4	1
2tIP7SsRs7vjIcLrU85W8J	The Kid LAROI	['australian hip hop']	[2021, 2022]	4	3
3ohXmy1PGdB3XgzhPqQ0tY	YUGYEOM	[]	[2021]	4	4
1r4hJ1h58CWwUQe3MxPuau	Maluma	['latin pop', 'reggaeton', 'reggaeton colombiano', 'urbano latino']	[2017, 2018, 2019, 2020]	3	2
48udRIz4C3xLjHZ6p5g8pt	เขียนไขและวานิช	['thai folk', 'thai indie rock', 'thai pop']	[2019, 2020, 2021]	3	0
0HS00NN7MAfF59aJnfcxSO	Stephanie Poetri	['indonesian pop']	[2019, 2020, 2021]	3	1
5S68VYXiXt6oq30pKqQAuV	Dane Amar	['asian american hip hop']	[2020, 2021, 2022]	3	3
6zn0ihyAApAYV51zpXxdEp	10cm	['korean pop']	[2020]	3	2
6f1tNwK04d6t8jFSOXGvrY	Zeal	[]	[2017, 2018, 2019, 2020]	3	0
56mfhUDKa1vec6rSLZV5Eg	Jawsh 685	['nz pop']	[2020, 2021]	3	3
5505l53fTUi5P0uWQbRT0w	Indigo	['thai pop']	[2018, 2019, 2020, 2021]	3	0
6fWVd57NKTalqvmjRd2t8Z	24kGoldn	['cali rap']	[2020, 2021]	3	3
6ASri4ePR7RlsvIQgWPJpS	iann dior	['melodic rap']	[2020, 2021]	3	3
5zctI4wO9XSKS8XwcnqEHk	Lil Mosey	['melodic rap', 'rap conscient']	[2018, 2020, 2021]	3	0
01APAUkFb3XB5exrmi8tkQ	ONG SEONG WU	[]	[2020]	3	0
4RnzpVhMevUeU16FlV4e3e	Valentina Ploy	[]	[2019, 2020, 2021]	3	0
4BDuirdIx3J7yihAlw7fCS	DIAMOND MQT	['thai trap']	[2020, 2021]	3	3
41877PhhqIZV5vhBKc73XP	Mona V	[]	[2018, 2019, 2020]	3	3
620yKKXiTGmnZg0MVqUGo8	RachYO	['thai pop rap', 'thai trap']	[2020]	3	3
3KwmxIhSe9UTSEF37kwngR	SHAED	['electropop']	[2019, 2020]	3	2
23YWwPEvaO5HLqEMgiUXJa	ปู่จ๋าน ลองไมค์	[]	[2018, 2019, 2020]	3	3
1XLWox9w1Yvbodui0SRhUQ	StaySolidRocky	['melodic rap']	[2020]	3	2
4STHEaNw4mPZ2tzheohgXB	Paul McCartney	['beatlesque', 'classic rock', 'rock']	[2017, 2018, 2019, 2020, 2021]	3	0
3eCd0TZrBPm2n9cDG6yWfF	DEAN	['k-pop', 'korean r&b']	[2017, 2018, 2020, 2021]	3	1
38EmEgXkgK51MT2tPY0EoC	Bobby Helms	[]	[2017, 2018, 2019, 2020, 2021]	3	0
2kRfqPViCqYdSGhYSM9R0Q	Madison Beer	['pop']	[2018, 2019, 2020]	3	3
7bmYpVgQub656uNTu6qGNQ	Hwa Sa	['k-pop', 'korean talent show']	[2019, 2020]	3	1
3dFcUOuySEWHdqOAJhsd3v	Z TRIP	['thai pop']	[2019, 2020, 2021]	3	3
3GsYUkkdxEno2sunDQcRHo	ACTART	['thai indie pop', 'thai pop']	[2018, 2019, 2020]	3	1
4q3ewBCX7sLwd24euuV69X	Bad Bunny	['reggaeton', 'trap latino', 'urbano latino']	[2018, 2019, 2020]	3	2
3JsHnjpbhX4SnySpvpa9DK	V	['j-division', 'korean ost']	[2020, 2021, 2022]	3	0
4rTv3Ejc7hKMtmoBOK1B4T	Ali Gatie	['canadian hip hop']	[2019, 2020]	3	0
6nS5roXSAGhTGr34W6n7Et	Disclosure	['edm', 'house', 'indietronica', 'uk dance']	[2019, 2020]	3	3
6Xg22wJOAcnvPUfk5WvODH	JEON SOYEON	['k-pop']	[2018, 2019, 2020]	3	3
64k5e9kV9MdukXjFrR5R37	Jessi	['k-pop']	[2018, 2020, 2021]	3	0
7EQ0qTo7fWT7DPxmxtSYEc	Bastille	['metropopolis', 'modern rock', 'pop']	[2017, 2018, 2019, 2020]	3	3
60QGyk5ToNbgI6fVGjZhHa	My Life As Ali Thomas	['thai folk', 'thai indie pop']	[2018, 2020, 2021]	3	0
4KjqrvqKO5fbI5yDR5yzny	First Anuwat	['thai pop']	[2020, 2021, 2022]	3	1
0YjEWrRKD9nBJfeF5eLdBd	Plastic Plastic	['thai indie pop']	[2018, 2020, 2021]	3	0
15D6XEjr6LVGGc6dNmS2yz	MILLI	[]	[2020, 2021, 2022]	3	3
0QScRPnsnAmEpN7w3p1Joo	ว่าน วันวาน	['thai teen pop']	[2017, 2020, 2021, 2022]	3	3
6TbBwWQ668tRh7E7xs0jYO	PORTRAIT	['thai indie pop', 'thai pop']	[2017, 2018, 2019, 2020]	3	1
2wOi2qbLUki1fdXM14aki4	Playground	['thai indie rock', 'thai pop', 'thai rock']	[2017, 2018, 2019, 2020]	3	0
7ltDVBr6mKbRvohxheJ9h1	ROSALÍA	['pop', 'r&b en espanol']	[2019, 2020, 2021]	3	3
1P3bwZsaq5vobeBAmrsAFk	QLER	['thai pop']	[2020, 2021, 2022]	3	0
3BmGtnKgCSGYIUhmivXKWX	Kelly Clarkson	['dance pop', 'pop', 'talent show']	[2017, 2018, 2019, 2020, 2021]	3	0
4GNC7GD6oZMSxPGyXy4MNB	Lewis Capaldi	['pop', 'uk pop']	[2019, 2020, 2021]	3	0
22i4rMtrvKnWENQSiD3xXU	NAMEMT	['thai trap']	[2019, 2020, 2021]	3	3
2HPaUgqeutzr3jx5a9WyDV	PARTYNEXTDOOR	['r&b', 'rap', 'toronto rap', 'urban contemporary']	[2018, 2020]	3	3
20KfeLWqWJT6aswggtWL1o	DTK BOY BAND	['thai hip hop']	[2019, 2020, 2021]	3	0
2019zR22qK2RBvCqtudBaI	OH MY GIRL	['k-pop', 'k-pop girl group']	[2020, 2021]	3	0
6Xgp2XMz1fhVYe7i6yNAax	Trippie Redd	['melodic rap', 'rap', 'trap']	[2017, 2018, 2020]	3	3
5KEG7G8LDYlHgFDqZyEEs2	Chris Rea	['soft rock', 'sophisti-pop']	[2017, 2018, 2020, 2021]	3	0
6QyO41KctzGc70mVaVnXQO	CLC	['k-pop', 'k-pop girl group', 'korean city pop']	[2019, 2020]	3	0
61EjhvdRfu6tCZQkqkw2vM	Namm Ronnadet	['thai pop']	[2017, 2018]	3	1
0uGk2czvcpWQA383Im6ajf	Maggie Lindemann	['alt z', 'dark pop', 'pop']	[2017]	3	2
0agcvI8NSqz4jBK3I5j6eX	The Mousses	['thai indie', 'thai pop']	[2017, 2018]	3	1
6TIYQ3jFPwQSRmorSezPxX	Machine Gun Kelly	['ohio hip hop', 'pop rap']	[2017, 2018, 2019]	3	3
5iNrZmtVMtYev5M9yoWpEq	Seeb	['pop dance']	[2017, 2018]	3	3
1l8Fu6IkuTP0U5QetQJ5Xt	Fifth Harmony	['girl group', 'pop', 'talent show']	[2017]	3	1
6LqNN22kT3074XbTVUrhzX	Kesha	['dance pop', 'pop']	[2017]	3	1
3OBLHdh35n5TrEeYQawkO0	Ruj Supharuj	['thai teen pop']	[2017, 2018, 2019, 2021]	3	3
6NqYduReZoJZDuPLNiqqGR	LOWFAT	[]	[2017, 2018, 2019, 2021]	3	3
51Blml2LZPmy7TTiAg47vQ	U2	['irish rock', 'permanent wave', 'rock']	[2017]	3	1
6gzXCdfYfFe5XKhPKkYqxV	SUPER JUNIOR	['k-pop', 'k-pop boy group']	[2017, 2018]	3	1
163tK9Wjr9P9DmM0AVK7lm	Lorde	['art pop', 'metropopolis', 'nz pop', 'pop']	[2017, 2021]	3	2
57WHJIHrjOE3iAxpihhMnp	Louis Tomlinson	['pop']	[2017, 2018]	3	1
6MyX5SUUgvZAeNkMZ8CAuX	La Ong Fong	['thai pop']	[2017, 2018]	3	0
7jyl0OsOio6yzfWZUSCbip	GENA DESOUZA	['thai hip hop']	[2017, 2018]	3	0
1oKdM70mJD8VvDOTKeS8t1	Emily Warren	['alt z', 'nyc pop']	[2017, 2018]	3	3
4utLUGcTvOJFr6aqIJtYWV	Skylar Grey	['piano rock', 'viral pop']	[2017, 2018, 2019]	3	2
4RSyJzf7ef6Iu2rnLdabNq	Willy William	[]	[2017, 2018]	3	3
3fMbdgg4jU18AjLCKBhRSm	Michael Jackson	['r&b', 'soul']	[2017, 2018]	3	2
7ieMQQDR0bdBPz572mtxwS	BOBBY	['k-pop']	[2017, 2018, 2021]	3	1
4lDBihdpMlOalxy1jkUbPl	Grey	[]	[2017, 2018, 2019]	3	3
2hRQKC0gqlZGPrmUKbcchR	SHINee	['k-pop', 'k-pop boy group']	[2017, 2018]	3	0
4tZwfgrHOc3mvqYlEYSvVi	Daft Punk	['electro', 'filter house', 'rock']	[2017, 2018]	3	3
3eh7klgsVF3iYytd1v62ol	Pun Basher	['thai pop']	[2017, 2018]	3	0
3CXZCvIZ9YjprJWs5qJbNK	Lydia	['thai pop', 'thai teen pop']	[2017, 2018]	3	1
7gbmX8SsfjEjxDMzBi1ZOL	Joe Jonas	['pop', 'post-teen pop']	[2017, 2018]	3	3
4e7aoOMNnIJCw4CEOlDVjU	Joey Boy	['thai hip hop', 'thai indie']	[2017, 2018, 2019]	3	3
6PzfeMetkoQYaQ5GgtInPO	Pang Nakarin	['thai folk rock', 'thai indie', 'thai rock']	[2017, 2018, 2019]	3	0
17lzZA2AlOHwCwFALHttmp	2 Chainz	['atl hip hop', 'hip hop', 'pop rap', 'rap', 'southern hip hop', 'trap']	[2018, 2019]	3	3
6t1gpxYbY8OlLA7D2RiikQ	Loud Luxury	['edm', 'pop dance']	[2018]	3	3
1IueXOQyABrMOprrzwQJWN	Sigala	['dance pop', 'edm', 'pop dance', 'uk dance', 'uk pop']	[2018]	3	3
3hteYQFiMFbJY7wS0xDymP	Gesaffelstein	['dark clubbing']	[2018, 2019]	3	3
2RKv2lORS7omWEHRWweLqp	Sirpoppa	['thai hip hop']	[2018, 2019]	3	2
1aVt6mMj51qleWROhksK8J	Stoondio	['thai folk', 'thai indie pop']	[2018, 2019]	3	0
7GLqyoZnu5jGVWvGBulrne	IRONBOY	['thai hip hop']	[2018, 2019]	3	2
3qBKjEOanahMxlRojwCzhI	Zacari	[]	[2018]	3	2
1foL9hLC9M6U94dINtOYfb	Girls' Generation-Oh!GG	['k-pop', 'k-pop girl group']	[2018, 2019, 2021]	3	0
0Iq3RjRCQz2wGKoPzmRdfq	Ohm Cocktail	[]	[2018, 2019]	3	3
1l7ZsJRRS8wlW3WfJfPfNS	Christina Aguilera	['dance pop', 'pop']	[2018]	3	2
1cZQSpDsxgKIX2yW5OR9Ot	Lennon Stella	['alt z', 'canadian pop', 'uk pop']	[2018, 2019]	3	3
00FQb4jTyendYWaN8pK0wa	Lana Del Rey	['art pop', 'pop']	[2018, 2019]	3	2
1i8SpTcr7yvPOmcqrbnVXY	Ozuna	['puerto rican pop', 'reggaeton', 'trap latino', 'urbano latino']	[2018, 2019, 2021, 2022]	3	3
4WN5naL3ofxrVBgFpguzKo	Rudimental	['pop dance', 'uk dance', 'uk funky']	[2018]	3	3
360IAlyVv4PCEVjgyMZrxK	Miguel	['r&b']	[2018, 2019]	3	3
1dfeR4HaWDbWqFHLkxsg1d	Queen	['classic rock', 'glam rock', 'rock']	[2018, 2019]	3	0
3nFkdlSjzX9mRTtwJOzDYB	JAY-Z	['east coast hip hop', 'gangster rap', 'hip hop', 'pop rap', 'rap']	[2018, 2019]	3	3
6tfcNsBe7ytqdKbiWCQpvv	OG-ANIC	['thai viral pop']	[2018, 2019]	3	2
5rlTTe8s66xwopzOKJrA4n	Clash	['thai folk rock', 'thai rock']	[2018, 2019]	3	0
72nLe76yBFSlP6VBzME358	SHAUN	['k-pop']	[2018, 2019]	3	1
5jAMCwdNHWr7JThxtMuEyy	NOTD	['electropop', 'pop dance', 'pop edm']	[2018]	3	3
3CjlHNtplJyTf9npxaPl5w	CHVRCHES	['indietronica', 'metropopolis', 'neo-synthpop', 'shimmer pop']	[2018, 2019]	3	1
3BJnzsdoO0qbpDS8QNE5wJ	Image Suthita	[]	[2018, 2021]	3	0
30QomnySAioA1rWq4ul2bO	60Miles	['thai indie', 'thai pop']	[2018]	3	0
4obzFoKoKRHIphyHzJ35G3	Becky G	['latin pop', 'latin viral pop', 'rap latina', 'reggaeton', 'urbano latino']	[2018, 2019]	3	3
4EzkuveR9pLvDVFNx6foYD	James Bay	['neo mellow', 'pop', 'uk pop']	[2018, 2019]	3	1
6XXKPxRX2WWPPtfodzpc2v	KEY	['k-pop']	[2018, 2021]	3	3
3eAfnFxBjEA1tpQF4U10Cm	THE RUBE	['thai pop']	[2018]	3	2
4qBgvVog0wzW75IQ48mU7v	KYLE	['deep underground hip hop', 'indie pop rap', 'pop rap', 'viral trap']	[2018]	3	3
1ooV8YZC1KbpEcrmI8WH0F	Yebba	['pop soul']	[2018, 2019]	3	3
15A3eJ05XZObM0QEh1zfTo	NANON	['thai ost', 'thai pop']	[2018, 2021, 2022]	3	0
7bp2lSdh12wcA8LyB1srfJ	Sofia Carson	['pop']	[2018]	3	3
6l3HvQ5sa6mXTsMTB19rO5	J. Cole	['conscious hip hop', 'hip hop', 'north carolina hip hop', 'rap']	[2018, 2019]	3	1
1EowJ1WwkMzkCkRomFhui7	RADWIMPS	['j-pop', 'j-rock', 'japanese emo', 'visual kei']	[2019]	3	1
2ohZgLU6lCv55yV3d05nMv	BOTCASH	[]	[2019, 2021]	3	3
1P2Sv08VUGCTbcxHwpUrdp	Mimigumo	['t-pop girl group']	[2019]	3	0
2Zi3RrdQqk63Xj0914STkS	Naomi Scott	['movie tunes', 'post-teen pop', 'vapor pop']	[2019]	3	1
3P3RdEfqD4cdcmenFZB1ok	PRODUCE X 101	['k-pop boy group', 'k-pop reality show']	[2019]	3	0
6eYFryfcEu3QSq59D62wZQ	Brendon Urie	[]	[2019]	3	3
7IrDIIq3j04exsiF3Z7CPg	Beenzino	['k-rap', 'korean r&b']	[2019, 2021, 2022]	3	3
4V8LLVI7PbaPR0K2TGSxFF	Tyler, The Creator	['hip hop', 'rap']	[2019, 2021, 2022]	3	2
5L1lO4eRHmJ7a0Q6csE5cT	LISA	['k-pop']	[2021, 2022]	3	1
01XYiBYaoMJcNhPokrg0l0	STAYC	['k-pop', 'k-pop girl group']	[2021, 2022]	3	0
6rkiZwshBMorgls8PbDzSY	BELL WARISARA	['thai pop']	[2021, 2022]	3	1
70NcAr4ZtA3FAqU16iQZSb	dhruv	['nyc pop']	[2021, 2022]	3	0
4k22J4XE3nfRlv4IH7D5Vt	LANDOKMAI	['thai indie pop', 'thai pop']	[2021, 2022]	3	2
5QJRejsVPjeqkRZkTMg6Pr	Pearwah	[]	[2019, 2020, 2021]	2	1
1TyKKmGTt9rrwaksqzKiOW	nextLVL	[]	[2020]	2	0
7K78lVZ8XzkjfRSI7570FF	José Feliciano	['latin pop', 'puerto rican pop']	[2018, 2019, 2020, 2021]	2	0
2RUEOKaoRDiqpuDu2PgE2Q	ARII Takahashi	[]	[2020]	2	0
0xcp2z2Khjarjqbtj0C1VO	COLORPiTCH	['thai viral pop']	[2020]	2	0
45iYm4bGYfT8nY4RxNBhlr	Jereena Montemayor	['bedroom soul']	[2020, 2021, 2022]	2	2
0Cp8WN4V8Tu4QJQwCN5Md4	BENEE	['alt z', 'nz pop']	[2020]	2	2
0H39MdGGX6dbnnQPt6NQkZ	SAINt JHN	['melodic rap', 'slap house']	[2020]	2	2
5rGrDvrLOV2VV8SCFVGWlj	Imanbek	['electro house', 'pop dance', 'slap house']	[2020]	2	2
6QUnooiFt7qW7GiCtcdqWg	Hers	['thai indie pop', 'thai pop']	[2017, 2018, 2020, 2021]	2	0
6dhfy4ByARPJdPtMyrUYJK	Yerin Baek	['korean pop']	[2019, 2020]	2	0
4LEiUm1SRbFMgfqnQTwUbQ	Bon Iver	['chamber pop', 'eau claire indie', 'indie folk', 'melancholia', 'modern rock']	[2020]	2	2
2uWcrwgWmZcQc3IPBs3tfU	Apink	['k-pop', 'k-pop girl group']	[2018, 2020]	2	0
6GwM5CHqhWXzG3l5kzRSAS	Younha	['korean pop']	[2020]	2	2
1yxSLGMDHlW21z4YXirZDS	Black Eyed Peas	['dance pop', 'pop', 'pop rap']	[2017, 2020]	2	1
2Zm4abMQXwcrsM9IWY3AoB	19HUNNID	['thai trap']	[2019, 2020]	2	2
6MPCFvOQv5cIGfw3jODMF0	Internet Money	['pop rap']	[2020, 2021]	2	2
4Gso3d4CscCijv0lmajZWs	Don Toliver	['rap', 'trap']	[2020, 2021]	2	2
0TS3m9e5r7Y8Q1jTxaPxcL	SOYBAD	['thai pop']	[2020, 2021]	2	0
4cPHsZM98sKzmV26wlwD2W	Brenda Lee	['adult standards', 'easy listening', 'lounge', 'rockabilly']	[2017, 2018, 2019, 2020, 2021]	2	0
2j6j8IacuvYF4zgiF7e6t8	Praw Kanitkul	['thai pop']	[2017, 2020]	2	0
7jZzFwB8FGHZVcQXrtliop	Gene Kasidit	['thai indie', 'thai indie pop', 'thai pop']	[2018, 2019, 2020, 2021]	2	0
1Ed5dkRMQIne62NwkCbI5R	LYRA	['t-pop girl group']	[2020]	2	0
35S20clEkkSNUo23ViaslZ	Band Aid	['musical advocacy']	[2017, 2018, 2019, 2020, 2021]	2	0
699OTQXzgjhIYAHMy9RyPD	Playboi Carti	['atl hip hop', 'plugg', 'pluggnb', 'rage rap', 'rap']	[2020]	2	1
57W9ikVc6O2wLDtmclSjvN	Simon Dominic	['k-pop', 'k-rap', 'korean r&b']	[2017, 2020]	2	2
3QJUFtGBGL05vo0kCJZsmT	salem ilese	['alt z', 'modern indie pop']	[2020, 2022]	2	1
0eDvMgVFoNV3TpwtrVCoTj	Pop Smoke	['brooklyn drill', 'rap']	[2020, 2021]	2	1
1WsYCXdezMjn0KoIrLvMmC	Ed Sheeran & Justin Bieber	[]	[2019, 2020]	2	2
6LDu2CLsVUJB23uTsx2MWo	MARINA	[]	[2019, 2020]	2	2
0KLp5ppsZerGbWrWnO7lXG	spsalola	[]	[2020, 2021]	2	1
051lp6s3ON69PxioINt2xE	Gun Napat	['thai ost', 'thai pop']	[2019, 2020, 2021]	2	1
2LjKtx6LpTxiMSJQeNNPZL	NINEW	['thai pop']	[2020, 2021, 2022]	2	0
7uaIm6Pw7xplS8Dy06V6pT	Trevor Daniel	['melodic rap']	[2019, 2020]	2	0
0tkHE1pQ5ZCgQb8WZ0ba79	Gaeko	['k-rap', 'korean r&b']	[2019, 2020]	2	2
2Z46qERPhL8sV85NMFTkaK	MAIYARAP	[]	[2018, 2020]	2	2
34pSpkZ0UQ8X0woG8FyOqj	NINO	['thai trap']	[2018, 2019, 2020, 2022]	2	2
1d5X4BZEZXLRMsel5eFsHV	YERM	['thai indie rock']	[2019, 2020, 2021, 2022]	2	0
757aE44tKEUQEqRuT6GnEB	Roddy Ricch	['melodic rap', 'rap', 'trap']	[2020]	2	1
4LLpKhyESsyAXpc4laK94U	Mac Miller	['hip hop', 'pittsburgh rap', 'rap']	[2020]	2	0
260LldmHBR0r2wtWtjzNxL	Bekuh Boom	[]	[2020]	2	2
33crDRqANd3NQHJagZkQ7O	slchld	['bedroom r&b', 'canadian contemporary r&b', 'chill r&b']	[2020, 2021, 2022]	2	0
4sj6D0zlMOl25nprDJBiU9	Andy Williams	['adult standards', 'easy listening']	[2017, 2018, 2019, 2020, 2021]	2	0
3ybZTNrlK0QhL4rBxfLHOc	Gaho	['k-pop']	[2020]	2	0
6uAlmplr9znkwaYj3ysgLd	DAY6 (Even of Day)	[]	[2020, 2021]	2	0
7qd6KGoABHifvXKeFNe2Yb	Wolftyla	['trap queen']	[2020]	2	2
6bguntfj9ZnX1lFvSYl72d	Numcha	['thai indie pop']	[2020, 2021, 2022]	2	1
7z5WFjZAIYejWy0NI5lv4T	Dan + Shay	['contemporary country', 'country', 'country road']	[2019, 2020, 2021, 2022]	2	2
0tRFWXqKBBQcu5oFVOgVzX	Jaira Burns	['alt z']	[2018, 2019, 2020]	2	2
485fNlpL5VqPMo55UsXmiQ	p n v .	['thai indie pop', 'thai indie rock', 'thai pop']	[2019, 2020]	2	0
4oy9B4klnjYQ4pJ1LQbaLz	Nonny9	[]	[2019, 2020, 2021]	2	2
0QGDb8TBWIT06W4BoyAggg	Finding Hope	['chill r&b']	[2020, 2021, 2022]	2	0
1Mxqyy3pSjf8kZZL4QVxS0	Frank Sinatra	['adult standards', 'easy listening', 'lounge']	[2017, 2018, 2019, 2020, 2021]	2	2
0JXiS2FrAg3wQYJHcmZdrc	B. Swanson Quartet	[]	[2017, 2018, 2019, 2020, 2021]	2	2
7v4imS0moSyGdXyLgVTIV7	Nat King Cole	['adult standards', 'lounge', 'soul', 'swing', 'vocal jazz']	[2017, 2018, 2020]	2	0
5ymrPYlQszvpBHwIVHGPcQ	Pramote Vilepana	['thai pop']	[2019, 2020, 2021]	2	0
3U7bOaJLuFkrmDQ1C1OqKl	HYO	['k-pop']	[2020, 2021]	2	2
3kPEBSt7qgVoRZSbIXMr7W	GRAY	['k-rap']	[2020, 2021]	2	2
2D4lHamKko8RZnGsn9vOpj	Buddha Bless	['thai hip hop', 'thai indie', 'thai pop']	[2017, 2018, 2019, 2020]	2	2
1utAuq47q83wSpz184rf5o	เกรียน Peace	[]	[2017, 2018, 2019, 2020]	2	2
4RVnAU35WRWra6OZ3CbbMA	Kylie Minogue	['australian dance', 'australian pop', 'dance pop', 'eurodance', 'new wave pop']	[2018, 2020]	2	0
6cSZFqw3uA0BoCchNwEXZd	PEE CLOCK	['thai hip hop', 'thai trap']	[2018, 2020, 2021]	2	2
5enwJ9yOnKlCP91ov4Dqhv	punchnello	['k-rap', 'korean r&b']	[2020, 2021]	2	2
205wJyIv1vglYP2l428PAJ	feat. ออม TELExTELEXs	[]	[2020, 2021, 2022]	2	2
0blbVefuxOGltDBa00dspv	LiSA	['anime', 'anime rock', 'j-pixie', 'j-pop']	[2020, 2021]	2	0
45pQix6T07syL9LwzOoRNg	Txrbo	['thai pop']	[2020, 2021, 2022]	2	2
6iVo62B0bdTknRcrktCmak	KAI	['k-pop']	[2020, 2021]	2	0
26dSoYclwsYLMAKD3tpOr4	Britney Spears	['dance pop', 'pop']	[2018, 2020, 2021]	2	0
1Do4bSzfUl0KWL9r1fITu0	Yoon Mirae	['k-pop', 'korean ost', 'korean pop', 'korean r&b']	[2020, 2021]	2	1
6TBVRWjGKSLCZwhqSQ03pK	Faye Fang Kaew	['thai pop', 'thai teen pop']	[2019, 2020]	2	1
3hvinNZRzTLoREmqFiKr1b	CHANGMO	['k-rap', 'korean r&b']	[2020, 2021, 2022]	2	2
7CyeXFnOrfC1N6z4naIpgo	The Ronettes	['brill building pop', 'classic girl group', 'motown', 'rock-and-roll']	[2018, 2020, 2021]	2	0
4rVLBFI2QUVzXq4h4jzUFj	feat. AUTTA	[]	[2020, 2021]	2	2
4YXNoMVTHRt01jYaKXTumJ	Raiden	['korean electronic']	[2019, 2020, 2021, 2022]	2	2
0fA0VVWsXO9YnASrzqfmYu	Kid Cudi	['hip hop', 'ohio hip hop', 'pop rap', 'rap']	[2020, 2021]	2	2
0vRvGUQVUjytro0xpb26bs	Arizona Zervas	['pop rap', 'rhode island rap']	[2019, 2020]	2	0
0c173mlxpT3dSFRgMO8XPh	Big Sean	['detroit hip hop', 'hip hop', 'pop rap', 'r&b', 'rap', 'southern hip hop', 'trap']	[2017, 2018]	2	2
4A0TivfinfALCAMJqqjZIk	Funk Wav	[]	[2017, 2018]	2	2
6rXuozdIQQOBBUf7AXVLz1	Soul After Six	['thai indie', 'thai pop']	[2017, 2018]	2	1
55fhWPvDiMpLnE4ZzNXZyW	Noah Cyrus	['alt z', 'pop']	[2017, 2018]	2	2
4gvkdged3Xw3ImXFm3jiay	Juliander	['swedish pop']	[2017, 2018]	2	2
4bYPcJP5jwMhSivRcqie2n	Adam Levine	['deep talent show']	[2017, 2018, 2021]	2	0
6sN51vEARnAAdBw1IKZ8Q9	Liam Gallagher	['britpop', 'britpop revival', 'solo wave']	[2017, 2018]	2	0
13rF01aOogvnkuQXOlgTW8	TAEMIN	['k-pop']	[2017, 2019]	2	0
3iri9nBFs9e4wN7PLIetAw	gnash	['alt z', 'pop']	[2017, 2018]	2	1
6ZjFtWeHP9XN7FeKSUe80S	Bing Crosby	['adult standards', 'easy listening', 'lounge']	[2017, 2018]	2	1
4sTQVOfp9vEMCemLw50sbu	Galantis	['dance pop', 'edm', 'pop', 'pop dance']	[2017, 2019]	2	2
6jsjhAEteAlY0vCiLvMLBA	ROZES	['alt z', 'indie poptimism']	[2017]	2	2
6gK1Uct5FEdaUWRWpU4Cl2	Petit Biscuit	['new french touch']	[2017]	2	2
0iEtIxbK0KxaSlF7G42ZOp	Metro Boomin	['rap']	[2017, 2018]	2	2
0orE70f1CAcYImIZfPx9dP	Jazz Spooknickpapiyongkookkook	['thai hip hop']	[2017, 2018]	2	0
4olE3I5QU0dvSR7LIpqTXc	WATT	['modern alternative rock']	[2017, 2018, 2019]	2	2
0bdfiayQAKewqEvaU6rXCv	MØ	['danish pop', 'electropop', 'pop', 'pop dance']	[2017, 2018]	2	2
7KUri7klyLaIFXLcuuOMCd	Stargate	['norwegian pop']	[2017]	2	2
7G0bt2MCFXxNlKmZA1sjsU	Clockwork Motionless	['thai indie', 'thai pop']	[2017, 2018]	2	0
79QO0Xmn1dZhvaLicS2Yrs	The Night Game	['modern alternative rock']	[2017]	2	2
1tqta6kLsADQEasXWXeJaM	S.D.F	[]	[2017, 2018]	2	0
3t5xRXzsuZmMDkQzgOX35S	Robin Schulz	['deep euro house', 'deep house', 'edm', 'german dance', 'pop dance', 'tropical house']	[2017, 2018]	2	2
5fWMZzHHJQmCVt3W2ejVbV	Yes'sir Days	['thai pop', 'thai rock']	[2017, 2018, 2019]	2	1
6zOWc1PkZQNr5mDOgWyc9x	TON THANASIT	['thai pop']	[2017, 2018]	2	0
0GiEONvF01I5uJJzctwnNx	Ben Chalatit	['thai indie', 'thai pop']	[2017, 2018]	2	0
7FNnA9vBm6EKceENgCGRMb	Anitta	['funk pop', 'funk rj', 'pagode baiano', 'pop', 'pop nacional']	[2017, 2019]	2	2
6NZ39j1ffvaj6q2G9SCDuF	ใหม่ ดาวิกา	[]	[2017, 2019]	2	0
2iE18Oxc8YSumAU232n4rW	The Jackson 5	['motown', 'soul']	[2017, 2021]	2	0
5FpKpwZocmoKktewz4vE8E	รุ่งโรจน์ อุปถัมภ์โพธิวัฒน์	[]	[2017, 2018]	2	2
0Sadg1vgvaPqGTOjxu0N6c	Girls' Generation	['k-pop', 'k-pop girl group']	[2017]	2	0
5he5w2lnU9x7JFhnwcekXX	Skrillex	['brostep', 'complextro', 'edm', 'electro', 'pop dance']	[2017, 2021]	2	2
3JXpwnHbLvXxY99EuXqFPX	Poo Bear	['pop r&b']	[2017, 2018]	2	2
0CEK8AzyeD5ZUdUloB6yQV	CADE	['pop edm']	[2017, 2018]	2	2
2ZRQcIgzPCVaT9XKhXZIzh	Gryffin	['edm', 'pop dance']	[2017, 2018]	2	2
5aSBbBUbArJfyNKDg4KS1I	Tyron Hapi	['melbourne bounce', 'sky room']	[2017, 2018]	2	2
0xM940CrwiH7wrqx3hedal	P.O.P	['thai indie']	[2017, 2018]	2	0
3zvofxq3cDVsJvmqHOReHm	New & Jiew	['thai folk pop', 'thai pop']	[2017, 2018]	2	0
7wg1qvie3KqDNQbAkTdbX0	Louis The Child	['edm', 'electropop']	[2017, 2018]	2	2
2BXth1dnMzlCfJP9EiCLnv	MXM	['k-pop', 'k-pop boy group']	[2017, 2018]	2	0
6i9sBErnq7pWBXPJay9OWP	Opor Praput	[]	[2017, 2018]	2	0
3UwlejyX2b458azZ7eCnHb	HyunA	['k-pop']	[2017, 2021]	2	0
31s5WlyPC6fwjO56yCwors	Matteo	['romanian pop']	[2017]	2	0
5JYo7gm2dkyLLlWHjxS7Dy	Sandro Cavazza	['swedish pop']	[2017, 2018]	2	2
2JyWXPbkqI5ZJa3gwqVa0c	Craig David	['british soul']	[2017]	2	1
5wPoxI5si3eJsYYwyXV4Wi	N.E.R.D	['hip hop', 'virginia hip hop']	[2017, 2018]	2	2
7eCmccnRwPmRnWPw61x6jM	shy martin	['alt z', 'swedish electropop']	[2017, 2018]	2	0
7gP3bB2nilZXLfPHJhMdvc	Foster The People	['indietronica', 'modern alternative rock', 'modern rock', 'rock']	[2017, 2018]	2	1
4x1nvY2FN8jxqAFA0DA02H	John Lennon	['beatlesque', 'classic rock', 'rock']	[2017, 2018, 2019, 2021]	2	2
2s4tjL6W3qrblOe0raIzwJ	Yoko Ono	['experimental', 'experimental pop']	[2017, 2018, 2019, 2021]	2	2
4Gp4NTIxYde91LNFWcvkSW	Gliss	['thai pop']	[2017, 2018, 2019]	2	0
4Kxlr1PRlDKEB0ekOCyHgX	BIGBANG	['k-pop', 'k-pop boy group']	[2017, 2018]	2	0
0gLhW7O2Pli8a8EPtSrAFO	ลำไย ไหทองคำ	['luk thung', 'thai folk pop']	[2017, 2019]	2	1
6c0mTNAxJxlp9HpKTUZwA8	ALMA	[]	[2017]	2	2
4NHQUGzhtTLFvgF5SZesLK	Tove Lo	['metropopolis', 'pop', 'swedish electropop', 'swedish pop', 'swedish synthpop']	[2017, 2018]	2	2
3whuHq0yGx60atvA2RCVRW	Olly Murs	['dance pop', 'pop', 'talent show']	[2017, 2018]	2	2
3FHFJFkAasyN5ROIQEZNXI	Songkarn Rangsant	['thai pop', 'thai rock']	[2017, 2018]	2	0
2h93pZq0e7k5yf4dywlkpM	Frank Ocean	['lgbtq+ hip hop', 'neo soul']	[2017, 2018]	2	1
47z7ZrgFoBvVpCnElCE3Zh	Yellow Claw	['edm', 'electro house', 'pop dance']	[2017, 2018, 2021]	2	2
3zDRCqOhJXJfS2YWOEwGMC	Christopher	['danish pop']	[2017, 2018]	2	0
5Qeyh2XKoITt1mlEVtzazC	Daoko	['j-pixie', 'japanese electropop']	[2017, 2018]	2	2
1snhtMLeb2DYoMOcVbb8iB	Kenshi Yonezu	['anime', 'j-pop']	[2017, 2018]	2	2
3tVQdUvClmAT7URs9V3rsp	Wizkid	['afrobeats', 'afropop', 'azonto', 'azontobeats', 'nigerian hip hop', 'nigerian pop']	[2017, 2018]	2	2
5uEeqYFuIChoWKy34jp8xE	Brando	['dance pop', 'pop dance']	[2018]	2	2
6beUvFUlKliUYJdLOXNj9C	King Princess	['alt z', 'indie pop', 'nyc pop']	[2018]	2	0
1mSJCvDX0W7Dn7S9C6vmvI	Anna of the North	['electropop', 'vapor pop']	[2018, 2019]	2	2
0rFWIp8ROPB3hLhJUNCGQq	ลำเพลิน วงศกร	['luk thung', 'thai folk rock']	[2018]	2	0
5Ikx0aFxVUT8wJDKvl824Z	DM	[]	[2018, 2019]	2	2
32vpj3OfAguCApf3kgX6Hi	VKL	['thai hip hop']	[2018]	2	1
4VIvfOurcf0vuLRxLkGnIG	Bradley Cooper	['hollywood']	[2018, 2019]	2	2
1Wzi43iloyEP5F1pAiCF8Y	Aeh Syndrome	[]	[2018]	2	1
7d4IM4PU9KfbfW2D5bgNz2	Ice Tamonwan	[]	[2018]	2	1
4CvZcMrlfnj6ktsPcsdWuj	พีธ พีระ	['thai pop']	[2018]	2	2
3QSQFmccmX81fWCUSPTS7y	Dean Lewis	['australian pop', 'singer-songwriter pop']	[2018, 2019]	2	0
07ZhipyrvoyNoJejeyM0PQ	Higher Brothers	['chinese hip hop']	[2018]	2	2
7C3Cbtr2PkH2l4tOGhtCsk	Shallou	['electropop', 'indie electropop']	[2018]	2	2
1ikID9RZZMvkuBGDWrqajq	Kasbo	['future bass', 'pop edm', 'swedish electropop', 'vapor twitch']	[2018]	2	2
7fWrZ2q4fGZAnuCPfgSU52	Cody Lovaas	['la pop']	[2018]	2	2
5lKZWd6HiSCLfnDGrq9RAm	Leona Lewis	['british soul', 'dance pop', 'pop', 'talent show']	[2018]	2	2
2QM5S4yO6xHgnNvF0nbZZq	SEULGI	['k-pop']	[2018, 2021, 2022]	2	2
1klFdLh3pak3eOtJP0styY	Triple H	['k-pop']	[2018]	2	0
2kCcBybjl3SAtIcwdWpUe3	Lil Peep	['cloud rap', 'emo rap', 'lgbtq+ hip hop']	[2018]	2	2
0oom0kozz7N9VdwmHGpNIB	PILLS	['thai indie pop']	[2018]	2	1
0JATr7jbSHqaRxS91x9dU7	Burin Boonvisut	['thai indie', 'thai pop']	[2018]	2	0
4f9iBmdUOhQWeP7dcAn1pf	Rag'n'Bone Man	['neo soul']	[2018, 2019]	2	1
2OV9xg89On3FAk7jiAK80L	Pinpin	[]	[2018, 2019]	2	1
4muJrGMndyYWqZtfk8OWy4	BoA	['k-pop']	[2018]	2	0
4zPopbZZriwgfpEnxjtcOc	KOB FLAT BOY	['thai viral pop']	[2018, 2019]	2	0
5RVZQD9o8UGJtkDdVy8BGQ	THE OLD ISE	['thai hip hop']	[2018, 2019]	2	0
0gadJ2b9A4SKsB1RFkBb66	Passenger	['folk-pop', 'neo mellow']	[2018]	2	0
0vqJkZ0RpLZixt3lTmD8vP	Whethan	['electropop', 'hyperpop', 'rage rap']	[2018]	2	2
78sJswwVn4P8aEhkF4K6fQ	HYOLYN	['k-pop', 'korean r&b']	[2018, 2021]	2	1
1SupJlEpv7RS2tPNRaHViT	Nicky Jam	['latin hip hop', 'reggaeton', 'trap latino', 'urbano latino']	[2018]	2	2
4Q6nIcaBED8qUel8bBx6Cr	Jax Jones	['dance pop', 'edm', 'house', 'pop dance', 'uk dance', 'uk pop']	[2018, 2019]	2	2
78ibGSyeMDxhlDU8cRh9GU	KH	['thai hip hop']	[2018]	2	1
5IH6FPUwQTxPSXurCrcIov	Alec Benjamin	['alt z', 'pop', 'pov: indie']	[2018, 2019]	2	0
5ORE0ElD7HiONogJZzhKrS	PRODUCE 48	['k-pop', 'k-pop girl group', 'k-pop reality show']	[2018]	2	0
53KwLdlmrlCelAZMaLVZqU	James Blake	['art pop', 'indie soul', 'indietronica', 'neo soul', 'uk alternative pop']	[2018]	2	2
1pPmIToKXyGdsCF6LmqLmI	Rich The Kid	['atl hip hop', 'melodic rap', 'plugg', 'rap', 'trap']	[2018]	2	0
67MNhiAICFY6Pwc2YxCO0K	Elley Duhé	['alt z']	[2018]	2	2
54gWVQFHf8IIqbjxAoOarN	AOA	['k-pop', 'k-pop girl group']	[2018, 2019]	2	0
7HV2RI2qNug4EcQqLbCAKS	Keala Settle	['broadway', 'hollywood', 'show tunes']	[2018]	2	2
6U1dBXJhC8gXFjamvFTmHg	Zac Efron	['hollywood', 'movie tunes', 'post-teen pop']	[2018]	2	2
6sCbFbEjbYepqswM1vWjjs	Zendaya	['pop', 'post-teen pop']	[2018]	2	2
63nv0hWWDob56Rk8GlNpN8	The Greatest Showman Ensemble	['movie tunes']	[2018]	2	2
52O8ovyvtivDfePoUUwcOa	Gam Wichayanee	['thai pop']	[2018, 2019]	2	1
7G4qd0NlBQf4AxC0klpuDY	Slur	['thai indie pop', 'thai indie rock', 'thai rock']	[2018]	2	0
2LZDXcxJWgsJfKXZv9a5eG	Cashmere Cat	['downtempo', 'electropop', 'shiver pop']	[2018]	2	2
2jku7tDXc6XoB6MO2hFuqg	Tory Lanez	['canadian hip hop', 'canadian trap', 'melodic rap', 'r&b', 'rap', 'toronto rap', 'trap']	[2018]	2	2
1uiEZYehlNivdK3iQyAbye	Tom Misch	['indie soul', 'jazz pop']	[2018, 2019]	2	2
2GvWvbiTSmIodycgCWYNPz	Khan Thaitanium	['thai hip hop']	[2018, 2019]	2	2
06knYh538h5SI7OAEF8ek3	Georgia	['uk alternative pop']	[2018, 2019]	2	2
13hszcn19LdXEXAxMmNOfT	Ruj Suparuj	[]	[2018, 2019]	2	0
3b4kLCI0ZJW47TFsNRqgCb	SOYOU	['k-pop']	[2018, 2021]	2	2
4as3khXWaPjfkFdCA0JWMo	Jesse®	['modern alternative pop']	[2018]	2	2
0RqtSIYZmd4fiBKVFqyIqD	Thirty Seconds To Mars	['modern rock', 'post-grunge']	[2018]	2	1
24nUVBIlCGi4twz4nYxJum	fromis_9	['k-pop', 'k-pop girl group']	[2018, 2022]	2	0
0p4nmQO2msCgU4IF37Wi3j	Avril Lavigne	['canadian pop', 'candy pop', 'pop']	[2018, 2019]	2	1
5rSXSAkZ67PYJSvpUpkOr7	Backstreet Boys	['boy band', 'dance pop', 'pop']	[2018, 2019]	2	0
0QStHUbJoIoaNtvHVaBMGK	Kong Huayrai	['thai folk pop']	[2018]	2	1
4xnihxcoXWK3UqryOSnbw5	Sasha Alex Sloan	['alt z']	[2018]	2	0
5QoXTNWQHPpw7yH7MDG0SK	Ornly You	[]	[2018]	2	1
1CO6e7WRJvSFenmQO8n64C	Zhavia	['post-teen pop']	[2018, 2019]	2	2
7Io0XduXk7aOHFHA7sLru2	Bonn	['swedish pop']	[2018, 2019]	2	2
3Q5Qep7ytrjVleNnMnntgQ	TEN	['k-pop']	[2018, 2021]	2	0
4mHAu7NX2UNsnGXjviBD9e	Brooks	['dutch house', 'edm', 'electro house', 'future house', 'pop dance', 'pop edm', 'progressive electro house']	[2018, 2019]	2	2
2th8yX1XEpww4rA2ycNSjt	Way-G	['thai hip hop']	[2018, 2019]	2	1
5yG7ZAZafVaAlMTeBybKAL	Iggy Azalea	['australian hip hop', 'dance pop', 'pop']	[2018]	2	2
2QSPrJfYeRXaltEEiriXN9	Tove Styrke	['electropop', 'swedish electropop', 'swedish pop', 'swedish synthpop']	[2018]	2	1
6pWcSL9wSJZQ9ne0TnhdWr	K-391	['nordic house']	[2018]	2	2
1TcbdifqhtxLz77unBYJ7z	CORSAK	['chinese electropop']	[2018]	2	2
5Y8eJDj37KhaEeqbVO7Ag1	PRETTYMUCH	['boy band', 'pop']	[2018, 2019]	2	1
1ClmHgLorY9RUCIvsTdT7A	BEKA	['uk pop']	[2018, 2019]	2	2
4ZidqjzzbUCLf9bY4o7CMM	Ninja	['thai viral pop']	[2018, 2019]	2	2
7uMh23xWiuR7zsNkuNcm2G	MNEK	['house', 'pop dance', 'uk contemporary r&b', 'uk dance', 'uk pop']	[2018]	2	2
5vBSrE1xujD2FXYRarbAXc	Years & Years	['gauze pop', 'pop', 'uk pop']	[2018]	2	0
1CwwdjmcxIETMQWdyJuWrn	เด็กเลี้ยงควาย	['thai folk rock']	[2018, 2019]	2	2
1tqhsYv8yBBdwANFNzHtcr	Lil Dicky	['comedy rap', 'indie pop rap', 'pop rap']	[2018, 2019]	2	1
0CbVYyHiRgN3jZV9eSVoOb	Sweat16!	['t-pop girl group']	[2018]	2	0
0UAiHanBWs5vRM1tSPf2RJ	No One Else	['thai pop']	[2018, 2021, 2022]	2	0
0CR1aLS3JQTlekHgHTga60	TaitosmitH	['thai indie rock']	[2018, 2021, 2022]	2	2
2SrSdSvpminqmStGELCSNd	Stormzy	['grime', 'uk hip hop']	[2018, 2019]	2	2
329e4yvIujISKGKz1BZZbO	Farruko	['reggaeton', 'trap latino', 'urbano latino']	[2019]	2	2
3aVoqlJOYx31lH1gibGDt3	Babyface	['contemporary r&b', 'r&b', 'urban contemporary']	[2019]	2	2
1MIVXf74SZHmTIp4V4paH4	Mabel	['pop', 'uk pop']	[2019]	2	0
0A0FS04o6zMoto8OKPsDwY	YG	['cali rap', 'hip hop', 'pop rap', 'rap', 'southern hip hop', 'trap']	[2019]	2	2
4y0wFJ5jmCUNRLZfsw1I7g	AB6IX	['k-pop', 'k-pop boy group']	[2019]	2	0
4Ga1P7PMIsmqEZqhYZQgDo	Lil Tecca	['melodic rap', 'pluggnb', 'rap']	[2019]	2	0
0tBYMeHDDJCzRuREuCTWi7	PARK JI HOON	['k-pop']	[2019]	2	1
4rojTfP5nRkmYpdSbWQgV4	Death Stranding: Timefall	['video game music']	[2019]	2	2
6Ad91Jof8Niiw0lGLLi3NW	YUNGBLUD	['british indie rock', 'modern rock', 'pov: indie', 'rock']	[2019]	2	2
4exLIFE8sISLr28sqG1qNX	Travis Barker	['rap rock']	[2019]	2	2
7HMuruYOBljjjsit1De1nm	Tom Isara	['thai ost']	[2019, 2021]	2	0
6SKusTjOAPsTZ6kareKQdm	TAEYONG	['k-pop']	[2019, 2021, 2022]	2	1
3Q5cXii30JEORzE2oSxnoT	เล็ก พงษธร	[]	[2019]	2	0
0tzSBCPJZmHTdOA3ZV2mN3	CL	['k-pop']	[2019, 2021]	2	1
0Fgl4IHmZqkO02s0aIAHuQ	อุ๋ย บุดดาเบลส	[]	[2019]	2	2
73Np75Wv2tju61Eo9Zw4IR	Idina Menzel	['hollywood', 'movie tunes', 'show tunes']	[2019]	2	2
1WgXqy2Dd70QQOU7Ay074N	AURORA	['art pop', 'norwegian pop']	[2019, 2021]	2	1
6xao9LKcYzwJIJ2u3pwzZA	Legendboy	['thai pop rap', 'thai viral pop']	[2019]	2	2
6ZLTlhejhndI4Rh53vYhrY	Ozzy Osbourne	['album rock', 'alternative metal', 'birmingham metal', 'classic rock', 'glam metal', 'hard rock', 'metal', 'nu metal', 'rock']	[2019]	2	2
0GM7qgcRCORpGnfcN2tCiB	Tainy	['pop reggaeton', 'reggaeton', 'trap latino', 'urbano latino']	[2019, 2021]	2	2
21WS9wngs9AqFckK7yYJPM	PnB Rock	['melodic rap', 'rap', 'trap']	[2019]	2	2
22JdJVovP3pV9XkGTih01c	Game of Thrones	[]	[2019]	2	2
2RMcYn32IFfN1FQdpUArrC	Waii	['thai pop', 'thai teen pop']	[2019, 2022]	2	2
39iFHReRQ9ZJnzbe3yhl4C	SAMBLACK	['thai pop', 'thai trap']	[2021, 2022]	2	0
6n28c9qs9hNGriNa72b26u	PNAU	['alternative dance', 'aussietronica', 'australian dance', 'australian electropop']	[2021, 2022]	2	2
4RjOaVWPUU41jp506ppjPW	WIN METAWIN	['thai bl ost']	[2021, 2022]	2	1
0MNyVf0lO8x0GeSPPjvoP8	ดิว จิรวรรตน์	['thai pop']	[2022]	2	1
2LkkwxA19J8C52wPQl5bG6	Jamie Miller	['pop soul', 'singer-songwriter pop']	[2021, 2022]	2	0
2BM933ADIluGGrPBOhPgIt	SiM	['japanese metalcore', 'japanese screamo']	[2022]	2	0
648qaETeMdDvSgFZjfjS5x	Juné	[]	[2021, 2022]	2	2
3DxqAGWVgEeW74mJLLwH2q	PUNYARB	['thai pop', 'thai pop rap']	[2021, 2022]	2	1
4fxd5Ee7UefO4CUXgwJ7IP	Giveon	['r&b']	[2021, 2022]	2	1
3eVa5w3URK5duf6eyVDbu9	ROSÉ	['k-pop']	[2021, 2022]	2	0
4yvcSjfu4PC0CYQyLy4wSq	Glass Animals	['gauze pop', 'indietronica', 'modern rock', 'pov: indie', 'shiver pop']	[2021, 2022]	2	0
2xsBUJ327d3iC1LvL5hYrQ	YEW	['thai indie rock', 'thai pop']	[2021, 2022]	2	1
5CgO7BuOZ6fOpsLSEvzDsj	GUYGEEGEE	[]	[2021, 2022]	2	2
70DFixYAFPv4Pf9kgSfR9O	MARK	[]	[2022]	2	0
4Wv4SEO2ZQAOBl4yJcjdxi	ZENTYARB	['thai pop']	[2021, 2022]	2	2
67IN4cLJ7798gUapyZlmac	Zack Tabudlo	['acoustic opm', 'opm', 'p-pop']	[2021, 2022]	2	1
027TpXKGwdXP7iwbjUSpV8	The Walters	['chicago indie', 'pov: indie']	[2021, 2022]	2	0
2XiaPu2j4nBMhF8pIlt6Bk	AYLA's	['thai pop']	[2021, 2022]	2	0
6U3ybJ9UHNKEdsH7ktGBZ7	JID	['hip hop', 'rap', 'underground hip hop']	[2021, 2022]	2	2
57nPqD7z62gDdq37US9XJR	Arcane	[]	[2021, 2022]	2	2
2ztuZ95DKP7O7DDAxCKYen	Newery	['thai pop']	[2021, 2022]	2	0
2LIk90788K0zvyj2JJVwkJ	Jack Harlow	['deep underground hip hop', 'kentucky hip hop', 'pop rap', 'rap']	[2021, 2022]	2	2
0WLEN3JwlwpYYmM8Hu0IUO	HYE	['thai pop', 'thai viral pop']	[2021, 2022]	2	2
4BI5Vr4SPJSKI0ofzhlsLV	loserpop	['thai indie pop']	[2021, 2022]	2	0
3UinDJmeOYHabAbh1SZadg	Kinkaworn	['thai pop']	[2021, 2022]	2	1
5vV3bFXnN6D6N3Nj4xRvaV	JIN	['k-pop']	[2021, 2022]	2	0
1pHMYguhayIoXmPjoOUyu3	HAECHAN	[]	[2021, 2022]	2	1
26cMerAxjx9GedFt0lMDjm	Bella Poarch	['modern alternative pop']	[2021]	2	1
5PS3ZZE5bBiZ3Ct9HiRG2B	DeVita	['korean r&b']	[2021]	2	2
0bc8YINhSnzAEHTbhK8hGR	2021 ราตรี (2021 Ratri)	['t-pop girl group']	[2021]	2	0
6cK3NBO6uP7hh0oyuVELFl	Saweetie	['cali rap', 'trap queen']	[2021]	2	2
3sSwsGMEcViUoDXzzcht3g	RIO	[]	[2021]	2	0
6jGMq4yGs7aQzuGsMgVgZR	Lil Tjay	['brooklyn drill', 'melodic rap', 'nyc rap', 'rap']	[2021]	2	2
7t5H3uQv0Zw6cQUnSTF5BB	Brave Girls	['k-pop', 'k-pop girl group']	[2021]	2	0
5RJFJWYgtgWktosLrUDzff	Griff	['uk pop']	[2021]	2	1
1uU7g3DNSbsu0QjSEqZtEd	Masked Wolf	['australian hip hop']	[2021]	2	0
3JP38d8r7r0trtBel5H7nu	Bean Napason	['thai pop']	[2021]	2	0
3Htj1ew5zqwv3nJNNFfXxP	Pearpilincys	['thai pop', 'thai viral pop']	[2021]	2	0
21UPYSRWFKwtqvSAnFnSvS	Amaarae	['afro r&b', 'afrobeats', 'alternative r&b', 'ghanaian alternative', 'ghanaian pop']	[2021]	2	2
2hVWBpjLW4Q7fboYz2pVYK	Moliy	['ghanaian alternative']	[2021]	2	2
1mcTU81TzQhprhouKaTkpq	Rauw Alejandro	['puerto rican pop', 'reggaeton', 'trap latino', 'urbano latino']	[2021]	2	0
6gezkje7GoJlQbHBgLXHuu	Destiny Rogers	[]	[2021]	2	1
3VQDqjQ4wJyw8PzpGdlZpB	Colde	['korean r&b']	[2020]	1	1
4ap7Rhuvo66nXJlnkymFAT	VANGOE	['thai hip hop']	[2020, 2021]	1	0
2eh6aBpW7umSFj4rFz1d0j	เอ๋ยเอ้ย	[]	[2020]	1	0
3IniCa6EijyZ3bsY0eTG3C	NCT 2020	['k-pop']	[2020]	1	0
5vp0Xrp0OxMrfiRyxgVpGV	Kai Takahashi	['kawaii future bass']	[2020]	1	1
0u6GtibW46tFX7koQ6uNJZ	Topic	['german dance', 'pop dance', 'pop edm', 'uk dance']	[2020]	1	1
5Wg2b4Mp42gicxEeDNawf7	A7S	['pop dance', 'scandipop', 'uk dance']	[2020]	1	1
4SOM0WF6gKvUyo73X2Z4uE	Three Man Down X Tilly Birds	[]	[2020, 2021]	1	0
0uJgWlhUQ8wH1VqwfIYWWX	ตุลานันท์ นรเศรษฐ์พิศาล	['thai bl ost', 'thai ost']	[2020]	1	0
0yL8fsbG0xFygR839riV0P	GULF	[]	[2020]	1	1
3jDWLrSLvyA7MpfA4DshiJ	War Wanarat	['thai bl ost']	[2020]	1	1
3uRcnQLGeyAEA3hXyy9gVH	PURE	['thai viral pop']	[2019, 2020]	1	0
2hlmm7s2ICUX0LVIhVFlZQ	Gunna	['atl hip hop', 'melodic rap', 'rap', 'trap']	[2020, 2021]	1	1
7rkW85dBwwrJtlHRDkJDAC	NAV	['canadian hip hop', 'canadian trap', 'melodic rap', 'rap', 'toronto rap', 'trap']	[2020, 2021]	1	1
5UjifI1TYefXWn9GdqDOHl	Social House	[]	[2019, 2020, 2021, 2022]	1	1
63vwPO1QheUOil1fkQsv0u	Labanoon	['thai folk rock', 'thai rock']	[2020]	1	0
4EPYWwU4c8eG2GzD7MenUA	Kim Feel	['korean pop']	[2020]	1	0
3BLNVaGlaxbmbw0v5mIzec	JE T’AIME	[]	[2020]	1	1
3eeIpvgHXISqsoa9vyrsDz	YinWar	[]	[2020, 2021]	1	1
3hB5x7E5sQzBHuG3xiqmUC	Logan Harris	[]	[2020]	1	0
3O5HD95HTEPgoPFOjAb7yV	DripReport	['viral rap']	[2020]	1	0
7pLntWGInZPQxc4kXxzzjB	Liz Gillies	[]	[2018, 2019, 2020, 2021]	1	1
5bylwTydpAs6zI8H3fpOzx	Pinof Riyet	[]	[2020]	1	0
2YXlVLKq3X3soXd2aXUtIT	JAMIE	['k-pop']	[2020]	1	1
7H5EC2qaylGun66YeRrVHg	So!YoON!	['korean indie rock']	[2020, 2021]	1	1
0WIyuN8tC1t82KD4wPP6z8	Natherine Dusita	['thai pop', 'thai viral pop']	[2020, 2021]	1	0
2rhP3Kd0NJEAVyZfj1gxkR	League of Legends: Wild Rift	['video game music']	[2020]	1	1
5EXYPAGnOxvyTstoykxKd3	Ha Hyun Woo	['korean ost']	[2020]	1	0
4t5ACbCuwCPCHwGytkvguS	Jay Phitiwat	['thai bl ost', 'thai ost']	[2020]	1	0
1slszTGbkp1uNnI6G5uD0X	BANG YE DAM	[]	[2020]	1	0
0BRKLnTK2MmWWQ2RXJAHQr	PONCHET	['thai pop rap']	[2020]	1	1
1OHFLaQWiPSWzt3pQcGeET	Geologic Of The Blue Scholars	[]	[2019, 2020, 2021]	1	1
49e4v89VmlDcFCMyDv9wQ9	Dean Martin	['adult standards', 'easy listening', 'lounge', 'vocal jazz']	[2018, 2019, 2020, 2021]	1	0
0LcRegIozyzPix1EmhaZhy	Jaokhun	[]	[2020]	1	1
7xPOpeIFijXldnx1fUobJW	Spidermei	[]	[2020]	1	1
0RhvmaDSSNFQFFk487CGcQ	Urworld	[]	[2020]	1	1
1mraCMo8RDtWyrs7ohd62R	Shortyo	[]	[2020]	1	1
0kErUwb6xgWfkdn0RyZWHZ	Annika Wells	['la pop']	[2020]	1	1
2joIhhX3Feq47H4QXVDOr3	RINI	['australian r&b', 'bedroom soul']	[2020, 2021]	1	0
0BMQhit4vJRkf4b1HO5qXv	ปรีชา ปัดภัย	['thai viral pop']	[2020]	1	0
4ETSs924pXMzjIeD6E9b4u	Surfaces	['bedroom soul']	[2020]	1	0
30b9WulBM8sFuBo17nNq9c	G-DRAGON	['k-pop', 'k-rap']	[2017, 2018, 2020, 2021]	1	1
6S1K1SGy5jEmI2i92uDTXS	NGAZ YB	[]	[2020]	1	1
6N258vJk5UbRsWj8cIAN73	Amp	[]	[2019, 2020]	1	1
4ht3vlne7Ph9NQ4t68Ijo4	1-Flow	['thai trap']	[2019, 2020]	1	1
4bNOdxc26omK0xR7FPucJn	Albert Posis	['hmong pop']	[2019, 2020, 2021]	1	0
790FomKkXshlbRYZFtlgla	KAROL G	['reggaeton', 'reggaeton colombiano', 'trap latino', 'urbano latino']	[2020]	1	1
4zCjHwJG5laCHeBaeLOaPs	ออม Telex Telexs	[]	[2019, 2020]	1	1
1OY65G9NJJHsSt1lGLZU6q	NiiHWA	[]	[2020]	1	1
6FEHHTX6MpGPVGF6HDhMvO	Toey Jarinporn	[]	[2020]	1	1
0imE3buPhAowREqCrr4CYe	Peach Tree Rascals	['pov: indie']	[2020, 2021]	1	0
771h5gMCKUxdSNRv2ERGzV	Nai Na	[]	[2019, 2020]	1	1
1bFXFF873z66YNIGGHFXQi	PUI	[]	[2019, 2020, 2021]	1	1
3NB1jr0tppoPiaJr2mtzwG	MITEENNN	[]	[2019, 2020, 2021]	1	1
0QJIPDAEDILuo8AIq3pMuU	M.I.A.	['escape room', 'indietronica', 'new rave']	[2020]	1	1
63yrD80RY3RNEM2YDpUpO8	Melanie Martinez	['alt z', 'electropop', 'pop']	[2020]	1	0
3hcs9uc56yIGFCSy9leWe7	Lil Durk	['chicago drill', 'chicago rap', 'drill', 'hip hop', 'rap', 'trap']	[2020]	1	1
2pQ12PjB3rUjsYzfXZQRD4	Mayar Jenisk	[]	[2020]	1	0
0BuexLKvWB7paK9LCWv1eF	Oda Kirkwood	[]	[2020]	1	0
1j0rVR6oQJN1A0BkVWkmbV	BANG YE DAM of TREASURE	[]	[2020]	1	0
4rzSAz6JWDtI4STGN9DqMv	Phai Phongsathon	['luk thung', 'thai folk pop', 'thai folk rock']	[2019, 2020]	1	1
3KnpO8dT2xgObEBmRsLv1u	Jannine Weigel	[]	[2020]	1	0
35GL8Cu2GKTcHzKGi75xl5	Jennifer Hudson	['dance pop', 'r&b', 'urban contemporary']	[2020]	1	1
2r8jdCpWBSRs0gbFlkrhCn	Blacksheep	[]	[2020, 2021]	1	1
6jIK3obS1fJqb3Vu74AYX3	H 3 F	['thai indie pop']	[2020, 2021, 2022]	1	0
3l9s67pOK4Stw9yW1wr0Bg	Loopy	['k-rap']	[2020]	1	1
7MPGCB854Qo4alYMOPkBka	Ritt Momney	['bedroom pop']	[2020]	1	0
1siJGCHqSxy7R5J5nVyH2y	FAIR GAME	['south african electronic']	[2020]	1	0
6bmlMHgSheBauioMgKv2tn	Powfu	['sad lo-fi', 'sad rap']	[2020, 2021]	1	1
35l9BRT7MXmM8bv2WDQiyB	beabadoobee	['bedroom pop', 'bubblegrunge', 'indie pop', 'pov: indie']	[2020, 2021]	1	1
5lpH0xAS4fVfLkACg9DAuM	Wham!	['new romantic', 'new wave', 'new wave pop', 'soft rock']	[2017, 2018, 2019, 2020, 2021]	1	0
6fs2or0cKLEM2xohWq8SoX	Lexie Liu	['chinese electropop']	[2020]	1	1
4TqlcgMFDryY96KWcvrhTv	Seraphine	[]	[2020]	1	1
7ksQJtsXSRSrI5306UwIgH	Kim Jong Wan of NELL	['korean ost', 'korean pop']	[2020]	1	1
5IYdZVUNoTLLdhWvGSeYb1	Ponchet	[]	[2019, 2020, 2021]	1	1
4MjHLMXBgahwR2ZkK0kLgk	Kanom	['thai viral pop']	[2019, 2020, 2021]	1	1
1lmU3giNF3CSbkVSQmLpHQ	Surf Mesa	[]	[2020]	1	1
4ArPQ1Opcksbbf3CPwEjWE	Emilee	['social media pop']	[2020]	1	1
6M0ZwgYn4xmhQIFffsIOOa	NaNa	[]	[2020, 2021]	1	0
5yy76ufVriyvidNSvXlRU1	Clever	['alabama rap']	[2020]	1	1
5VR2NQf3Y8Hmh8iHS6bXYx	Greasy Cafe'	['thai folk', 'thai indie', 'thai indie pop', 'thai pop']	[2020]	1	0
7IeMCKdvAkjYCayJMILk4b	มิน พีชญา X เบล สุพล	[]	[2020]	1	0
1Dk89Hzyvxz4G1g3GxA0lM	Pae Sax Mild	[]	[2020]	1	1
6aIZh5L7BlQ6ZNz6WSWwh7	ALREADY DEADD	['thai trap']	[2020]	1	1
4UQEw9Mz3MhICXNgkyfdbL	SUNNYBONE	['thai trap']	[2019, 2020]	1	1
3sHS70DMNgPxRqx2fUNrRA	QUIN	['indie r&b']	[2020]	1	1
5L4EafeXwZ0stGuPtGr5Tz	Rain	['classic k-pop']	[2020]	1	1
5ZXW1ZjN2GfoTBvG0hCpc6	Juan Antonio	['latin talent show']	[2020]	1	0
4z0Jy94U6vf49heOqnZZOp	อ๊อฟ ชัยนนท์	['thai bl ost']	[2020]	1	0
3DKkhRCGOG4e8IUPYFPfWs	Dixie	['social media pop']	[2020]	1	1
2cCUtGK9sDU2EoElnk0GNB	The National	['chamber pop', 'indie folk', 'indie rock', 'indietronica', 'modern rock', 'stomp and holler']	[2020]	1	1
3O22eV6QHIReAwEP6uCaEP	ONEONE	['thai pop']	[2020, 2021]	1	0
6k1ekEfg7DnWc0FbMDY67I	Instinct	['thai pop']	[2020]	1	0
36MQil20hjOpG5f52NQ4du	Moon Sujin	['korean r&b']	[2020]	1	1
28y6CyJNkGNjJQKrlx4AmN	HRVY	['pop']	[2019, 2020]	1	1
4z6yrDz5GfKXkeQZjOaZdq	DAVICHI	['k-pop', 'korean pop']	[2020]	1	0
47FfXpy7XLVK5guGnK8NTL	Pancake	['thai pop', 'thai rock']	[2019, 2020]	1	0
6VVxXCb3AzV8ms32QztoDj	Gx2	['lao pop', 'thai pop rap']	[2020]	1	0
5ITI6SEoUZMIXXkzCfr4oE	Aluna	['dance pop']	[2020]	1	1
2NjfBq1NflQcKSeiDooVjY	Tones And I	['australian pop']	[2019, 2020]	1	0
0nyv6v2jlXJqjhCcMXm3eb	CAPTAIN	['thai ost']	[2020]	1	0
2v4mVmlEllqFWjsP5pUiaf	Stamp Apiwat	[]	[2019, 2020]	1	1
3kPpPZGZRHxjVSTHQyhB4E	Fong Beer	[]	[2019, 2020]	1	1
6sHCvZe1PHrOAuYlwTLNH4	Gus Dapperton	['bedroom pop', 'indie poptimism', 'pov: indie']	[2020]	1	1
32uSrcfexWf9aT9Sz2fivr	GUNGUN	['thai pop', 'thai viral pop']	[2020, 2021]	1	0
0ZYv8jRFp5YAC29bfjaP9X	Finn Askew	[]	[2020, 2021, 2022]	1	0
1zyjaU1AgXhkEDxYPwaTfy	Emshahi	[]	[2020]	1	1
1Ep2aV10SZtEdAnZOb7aYv	Rainy Joy	[]	[2020]	1	1
3vseu5UmVnX8Gj3nar5561	โอมงกะลงปง แทนบ๋อย	[]	[2020, 2021]	1	1
2shnlw6aBILzO1dCploE2T	August Band	[]	[2020]	1	0
4Ui2kfOqGujY81UcPrb5KE	HAIM	['indietronica', 'metropopolis']	[2020]	1	1
4jpsw9CQS439N0B7SecMgf	Ant Saunders	['chill r&b', 'viral rap']	[2020]	1	0
18twEd2PtcY8Nz2v6oKyNP	POKMINDSET	['thai viral pop']	[2020]	1	1
1MAUqH0haKBYbjpknTfreY	PENOMECO	['k-rap', 'korean r&b']	[2020]	1	1
28aKJcgC67RZGq22tZjUEJ	YOUNGOHM & FYMME	[]	[2019, 2020]	1	1
24eFLbe9I5Cf7NdzhyDuYV	Jennifer Ormond	[]	[2020]	1	0
6icQOAFXDZKsumw3YXyusw	Lil Yachty	['atl hip hop', 'melodic rap', 'rap', 'trap']	[2020]	1	1
0qSX3s5pJnAlSsgsCne8Cz	Brett Eldredge	['contemporary country', 'country', 'country road', 'modern country rock']	[2018, 2020]	1	1
2PaZWGu5T5nHjY2xxAkFsT	THE SCOTTS	['viral rap']	[2020]	1	1
7xvmAvx8pU3yzeUi3Wab7I	Jxhmxn	[]	[2020]	1	1
1JWnc2GVuRh1jeSgl7kXo4	Ngaz	[]	[2020]	1	1
250b0Wlc5Vk0CoUsaCY84M	JENNIE	['k-pop']	[2018, 2019, 2020, 2021]	1	0
3Xt3RrJMFv5SZkCfUE8C1J	Kim Petras	['alt z', 'pop', 'transpop']	[2020]	1	1
5RDsR7OZJeeHJtjnnDsSph	Mint Pattarasaya	[]	[2017, 2020]	1	0
0ibjSWAhiiC286iuhYi3Un	PCHY	['thai bl ost', 'thai ost']	[2017]	1	0
0w7HLMvZOHatWVbAKee1zF	Redbone	['native american', 'native american contemporary']	[2017]	1	0
0DCRUk25XIiRFiNtiuR8OR	Olivia Sebastianelli	[]	[2017, 2018]	1	1
4kI8Ie27vjvonwaB2ePh8T	Portugal. The Man	['indie rock', 'indietronica', 'modern alternative rock', 'modern rock']	[2017, 2018]	1	0
3koiLjNrgRTNbOwViDipeA	Marvin Gaye	['classic soul', 'motown', 'neo soul', 'northern soul', 'quiet storm', 'soul']	[2017, 2018]	1	1
75jNCko3SnEMI5gwGqrbb8	Tammi Terrell	['classic soul', 'motown', 'soul', 'southern soul']	[2017, 2018]	1	1
1QDrz3DMMaz3TB1cm0PGDu	Justin Jesso	['singer-songwriter pop']	[2017, 2018]	1	1
0MHgLfmQdutffmvWe5XBTN	Burl Ives	['adult standards', 'american folk revival']	[2017, 2018]	1	0
1ecmeIPJ7SXi7D2S4lKk1B	รวมศิลปิน G19	[]	[2017]	1	0
2xNpeMJT0QrDfs4CFHygYi	Sons of People	['k-pop reality show']	[2017]	1	0
29QbBR0oTzA7A0kiOzrbbr	Jamie Scott	['uk pop']	[2017, 2018]	1	1
5gWzmnHTLNXz5CjOc0wAuK	Romy Dya	['dutch pop']	[2017, 2018]	1	1
2wzMOQwNT6ZvVB4amvhFAH	The Pogues	['celtic punk', 'celtic rock', 'folk punk', 'punk']	[2017]	1	1
6UlNIFEuWlBqb4TvlVCekq	Kirsty MacColl	['new wave pop']	[2017]	1	1
6OgklJh1e1Z9S1Q2IQsHgy	Imad Royal	[]	[2017]	1	1
3NPpFNZtSTHheNBaWC82rB	X Ambassadors	['modern alternative rock', 'modern rock', 'stomp pop']	[2017, 2018]	1	1
1cMGDiaQe6fOU2hzFsc0bP	EMMA	[]	[2017]	1	1
54dUh9o1FoX2xxwzBdlikv	PAM	['thai teen pop']	[2017]	1	1
1V3VTM7VspiQjcmRhC010n	Quintino	['dutch edm', 'dutch house', 'edm', 'electro house', 'pop dance', 'progressive electro house', 'slap house']	[2017, 2018]	1	1
1sVSMPPNMMSZ7cQNfbvMOe	Eddy Kim	['k-pop', 'korean pop', 'korean singer-songwriter']	[2017]	1	0
374sWpAJsbZckf98df2jJJ	Fuse ODG	['afrobeats', 'azonto']	[2017]	1	1
2xU6IU13MYie8RcM54Ovt0	Mugeez	['ghanaian pop']	[2017]	1	1
69UfPJgUmFFAVT740qGVZi	Ken Darby Singers	[]	[2017, 2018]	1	1
735L650pvygCZZlPMyHqsN	John Scott Trotter & His Orchestra	['light music']	[2017, 2018]	1	1
2HcwFjNelS49kFbfvMxQYw	Robbie Williams	['dance rock', 'europop']	[2017]	1	0
2SA48aCaiOpXDVgoLQNWX8	The 38 Years Ago	[]	[2017, 2018, 2019]	1	0
4kYGAK2zu9EAomwj3hXkXy	JP Cooper	['uk pop']	[2017]	1	0
79hrYiudVcFyyxyJW0ipTy	The Paper Kites	['acoustic pop', 'australian indie folk', 'indie folk', 'stomp and holler']	[2017]	1	0
3W9UldYu0xJcaOAw2SUTDI	Panama	['australian indie', 'indietronica', 'nu disco', 'shimmer pop']	[2017]	1	1
4DTbdShHu2RPYEEMUp2XWV	Anjulie	['canadian pop']	[2017]	1	1
3Zif00eSvBUECxu8grzURU	Oskar Flood	[]	[2017]	1	1
13saZpZnCDWOI9D4IJhp1f	Lily Allen	['dance pop', 'electropop']	[2017]	1	1
3S0tlB4fE7ChxI2pWz8Xip	Giggs	['grime', 'london rap', 'uk hip hop']	[2017]	1	1
1sjw4xq2pAWy5Vdgba5QAt	HENRY	['k-pop']	[2017]	1	0
1X61hf6E07GiLosxwa45WK	Captain Chonlatorn	[]	[2017]	1	1
2DlGxzQSjYe5N6G9nkYghR	Jennifer Lopez	['dance pop', 'pop', 'urban contemporary']	[2017]	1	1
3E6xrwgnVfYCrCs0ePERDz	Wisin	['reggaeton', 'urbano latino']	[2017]	1	1
3hyEbRtp617pNCuuQjyOmc	Lost Kings	['pop dance', 'pop edm']	[2017, 2018]	1	1
6RHKEd9dpzQ4c09x8Zdaxu	Clara Mae	['alt z', 'swedish pop']	[2017, 2018]	1	0
5PlfkPxwCpRRWQJBxCa0By	HUGEL	['deep house']	[2017]	1	1
0WM5Uq9dbqJ3aDiC1w5e2r	ส้มโอ (หาคู่ Duet)	[]	[2017]	1	1
6XyY86QOPPrYVGvF9ch6wz	Linkin Park	['alternative metal', 'nu metal', 'post-grunge', 'rap metal', 'rock']	[2017]	1	0
769AhT1iBEthtDb9yyB3jp	Johan Stengård	['smooth saxophone']	[2017]	1	0
34KIWZcsnxUg2BVBkUoybn	JUU 4 E	[]	[2017]	1	1
6mctsJBrfcWvWH7S8h716D	Moelogo	['afrobeats', 'nigerian pop']	[2017, 2018]	1	1
5vWJurEtxoZLhVxk7IyUzF	PETITE	['thai indie pop']	[2017]	1	1
2RoX2siXj60DXDRm363S2m	Thailand	[]	[2017]	1	1
3EBRANWwnViQuBrImN61Z1	Pixie Lott	['dance pop', 'post-teen pop', 'talent show']	[2017]	1	1
7qPISKHhhKDLZTmYcX7bWd	Stylo G	['dancehall', 'uk dancehall']	[2017]	1	1
5JNv90XDHF97kFsPYmJiOl	Sugar Eyes	['t-pop girl group', 'thai teen pop']	[2017]	1	0
2RVvqRBon9NgaGXKfywDSs	Maisie Peters	['alt z', 'uk pop']	[2017]	1	0
1aSwrSGBNGMLn9ymttfRkk	Lido	['norwegian pop', 'vapor twitch']	[2017]	1	1
1Q9KyQkc3vODeRt9OfItxl	Katie Pearlman	['gen z singer-songwriter']	[2017, 2018]	1	1
0eecdvMrqBftK0M1VKhaF4	CNCO	['boy band', 'latin pop', 'reggaeton', 'urbano latino']	[2017]	1	1
6udveWUgX4vu75FF0DTrXV	TAEYANG	['k-pop', 'korean r&b']	[2017]	1	0
22tB2wbnB3pexB04xtncrG	Mimoza	[]	[2017]	1	1
2Yd6uf3Em3hShLFlEJaG0c	Pijika	['thai pop', 'thai teen pop']	[2017, 2018]	1	1
0JWCunuoONu5hea71f2a2H	Caroline Ailin	[]	[2017, 2018]	1	1
6PXS4YHDkKvl1wkIl4V8DL	Fetty Wap	['new jersey rap', 'pop rap', 'rap', 'southern hip hop', 'trap']	[2017, 2018]	1	1
0pt7PX4Hftlg8mV1ySU84Q	CVBZ	['dark r&b']	[2017, 2018]	1	1
3QLIkT4rD2FMusaqmkepbq	Rachel Platten	['post-teen pop', 'viral pop']	[2017]	1	0
3AVfmawzu83sp94QW7CEGm	Astrid S	['alt z', 'norwegian pop', 'pop', 'uk pop']	[2017]	1	0
73jBynjsVtofjRpdpRAJGk	Dimitri Vegas & Like Mike	['belgian dance', 'belgian edm', 'big room', 'dutch house', 'edm', 'electro house', 'pop dance', 'progressive electro house']	[2017]	1	1
2HkAI0YrEcgoR8QdaURqhO	Dimitri Vegas	['belgian edm']	[2017]	1	1
7mnAzEmgquhrVtGob81SmO	Big Shaq	['london rap']	[2017, 2018]	1	0
4La1My37GLEhbo3f5CrKOu	Jessie Vard	[]	[2017]	1	1
2LYvp8dCfKuGJdAKRISFZ7	Ann Thitima	[]	[2017, 2018]	1	0
5OReTeTBZ578sj07hDS0x7	Alex Schulz	['deep house', 'deep tropical house', 'pop dance']	[2017]	1	1
3vkMC0WpnlhBnh5tFPuX8S	พรปวีณ์ ตันกิจจานนท์	['thai worship']	[2017, 2018]	1	1
5H1nN1SzW0qNeUEZvuXjAj	Danny Ocean	['pop venezolano', 'reggaeton', 'trap latino', 'urbano latino']	[2017]	1	0
5cIc3SBFuBLVxJz58W2tU9	Oh Wonder	['electropop', 'indie poptimism', 'pov: indie']	[2017]	1	1
7jy3rLJdDQY21OgRLCZ9sD	Foo Fighters	['alternative metal', 'alternative rock', 'modern rock', 'permanent wave', 'post-grunge', 'rock']	[2017]	1	0
2QMCcKIPHnjQaPPgoEst88	Matisse & Sadko	['dutch house', 'edm', 'electro house', 'pop dance', 'progressive electro house', 'progressive house', 'russian edm', 'sky room']	[2017]	1	1
5rGgflnIpRNizTCozbYBuY	JONGHYUN	['k-pop']	[2017, 2018]	1	1
7pFeBzX627ff0VnN6bxPR4	Desiigner	['pop rap', 'rap', 'southern hip hop', 'trap', 'viral trap']	[2017, 2018]	1	1
36QJpDe2go2KgaRleHCDTp	Led Zeppelin	['album rock', 'classic rock', 'hard rock', 'rock']	[2017]	1	0
6lB8vOoI4DRrrVxXwuV19c	Mike Perry	['pop dance', 'swedish tropical house']	[2017]	1	1
5fWn9g8ERHtGKWdkAuomBx	Tessa Odden	[]	[2017]	1	1
5BcAKTbp20cv7tC5VqPFoC	Macklemore & Ryan Lewis	['pop rap', 'seattle hip hop']	[2017]	1	1
4myTppRgh0rojLxx8RycOp	Ryan Lewis	['pop rap']	[2017]	1	1
4e0nWw2r4BoQSKPQ2zpU13	Ray Dalton	[]	[2017]	1	1
2lbUjuMzHkT4qIECvk2f3L	Kris Wu	['chinese hip hop', 'chinese idol pop']	[2017]	1	1
305cN6LJYHIrBiqesTYfFf	Jassie Vard	[]	[2017]	1	1
7HCRjt5R29pEOReKFeVk42	Kob The X Factor	[]	[2017, 2018, 2019]	1	1
0TnOYISbd1XYRBk9myaseg	Pitbull	['dance pop', 'miami hip hop', 'pop']	[2017]	1	1
6RqG6OjPJVHi1RAcXTxglq	Stereotypes	[]	[2017]	1	1
3crnzLy8R4lVwaigKEOz7V	E-40	['cali rap', 'gangster rap', 'hyphy', 'oakland hip hop', 'west coast rap']	[2017]	1	1
2bxxlINUlcMQQb39K7IopR	Abraham Mateo	['latin arena pop', 'latin pop', 'latin viral pop', 'reggaeton', 'spanish pop']	[2017]	1	1
5exS0bytCYdixgv02DaCm3	William Singe	[]	[2017, 2018]	1	1
0vneleczrRRNPF1vj0x0vy	The Harlem Community Choir	[]	[2017, 2018, 2019]	1	1
4m2kfAHEnK7Z7qLGxeWtro	The Plastic Ono Band	['beatlesque', 'experimental rock']	[2017, 2018, 2019]	1	1
5CPBh0hI3GOauRnzl1mFPc	Yb (Young Bong)	[]	[2017]	1	1
4ERtgeBbWRkFzIz6LaFCeY	Dashboard Confessional	['emo', 'neon pop punk', 'pop punk', 'pop rock']	[2017]	1	1
2de8om9GjyJuMclZbGQw9O	Sofa	['thai indie']	[2017]	1	0
35VICppuQqc1Pm99sSu79O	Kong Saharat	['classic thai pop']	[2017]	1	1
4ztgw56xBHUOm0yb7ubz7K	Earn Piyada	['thai pop']	[2017, 2018]	1	1
7zDPe8LiSqpv62a5sKBDa2	คริส หอวัง; อุ๋ย Buddha Bless	[]	[2017, 2018]	1	1
3J0BpFVUc9LeOIVeN5uNhU	Lauren Jauregui	['r&b']	[2017]	1	1
0Cd6nHYwecCNM1sVEXKlYr	Krewella	['edm', 'electra', 'electro house', 'pop dance', 'progressive electro house']	[2017, 2018]	1	1
4csQIMQm6vI2A2SCVDuM2z	Hayden James	['aussietronica', 'gauze pop', 'house']	[2017]	1	1
4nqqGSsclFchZXaiafOYyV	GRAACE	['australian alternative pop']	[2017]	1	1
2EMAnMvWE2eb56ToJVfCWs	Bryson Tiller	['kentucky hip hop', 'r&b', 'rap']	[2017, 2018]	1	1
6DIS6PRrLS3wbnZsf7vYic	WALK THE MOON	['dance rock', 'modern rock', 'pop']	[2017]	1	0
0kT3QxbKXNI7gJ77yXyN0G	เพชร-แตน	['thai folk pop', 'thai folk rock']	[2017]	1	1
1n2XJy9BJxwBhTqEQPTYA3	เอ มหาหิงค์	[]	[2017]	1	1
07QEuhtrNmmZ0zEcqE9SF6	Owl City	['indietronica', 'pop']	[2017]	1	0
2TSyWXSQwvQLPQJbR6ryZX	Palaphol	['thai folk rock', 'thai pop']	[2017]	1	0
6VxCmtR7S3yz4vnzsJqhSV	Sheppard	['australian indie', 'folk-pop']	[2017]	1	0
5IHqlcCbQkyhWl0KmIwgeq	Louisa Johnson	['talent show', 'uk pop']	[2017, 2018]	1	1
26vAx7abK5XW859Jd0d9nh	Oui	[]	[2017, 2018]	1	1
1CYPqOns66RhMv8T1Cbn2m	Na Polycat	[]	[2017, 2018]	1	1
5zSQQxDwEPGOXIcjdbuhWz	The Others	[]	[2017]	1	0
68TCVp5t1Dxi2TvNuYoYK0	OHHYUK	['korean pop']	[2017]	1	1
0cNL0rBLHK5qIViN1EYM6h	STORi	[]	[2017, 2018]	1	1
4YXycRbyyAE0wozTk7QMEq	Matoma	['pop dance', 'tropical house']	[2017]	1	1
3EA9hVIzKfFiQI0Kikz2wo	Andrea Bocelli	['classical tenor', 'italian tenor', 'operatic pop']	[2017]	1	1
43ZHCT0cAZBISjO8DG9PnE	Elvis Presley	['rock-and-roll', 'rockabilly']	[2017]	1	0
6jLm0BMPaQqUm0TyZqEvuP	Gypso Ariigantha	[]	[2017, 2018]	1	1
2euUozwJMuOJysK6bGkMch	พุฒ พุฒิชัย	[]	[2017, 2018]	1	1
1bT7m67vi78r2oqvxrP3X5	Naughty Boy	['uk contemporary r&b']	[2017]	1	1
4N874uPqBka1QiCvnCVOtr	Phoebe Ryan	['alt z', 'indie poptimism']	[2017]	1	1
5dHt1vcEm9qb8fCyLcB3HL	A$AP Ferg	['hip hop', 'pop rap', 'rap', 'southern hip hop', 'trap']	[2017]	1	0
6dEMTeazxjWVUzpFVMecou	Angkanag Koonchai	[]	[2017]	1	1
2Xcsu9Vtag58gmrel7okJI	แดน วรเวช	['thai teen pop']	[2017]	1	0
1AwO9pWEBSBoWdEZu28XDC	Eartha Kitt	['torch song', 'vocal jazz']	[2017]	1	1
0oK8UXKZbQezeRhE0KeBAV	Henri René and His Orchestra	"[""man's orchestra""]"	[2017]	1	1
5aiaFB4rhv39gS3KvwHgaF	Helmetheads	['thai indie rock', 'thai pop']	[2017]	1	0
2qI1pO64eYqGUiv1XTw4cy	The Quiett	['k-rap', 'korean r&b', 'korean trap']	[2017]	1	1
5mM9eNte0aWttOiMhPb2dM	My Little Pony	['cartoon', 'otacore']	[2017]	1	1
77DAFfvm3O9zT5dIoG0eIO	Kyla	['uk funky']	[2017, 2018]	1	1
77oZFGaZyBAJPi5RZoT304	Raft	[]	[2018]	1	1
5IcR3N7QB1j6KBL8eImZ8m	ScHoolboy Q	['gangster rap', 'hip hop', 'pop rap', 'rap', 'southern hip hop', 'trap']	[2018]	1	1
37Qsf5KCKljH7mL134xp4k	Saudi	['south african hip hop']	[2018]	1	1
2eRjqXdTsssjpimRlz1i41	H.I.N.P (Hot Issue of Ntl. Producers)	['k-pop reality show']	[2018]	1	0
1PbBg2aYjWLKRk84zJK15x	Echosmith	['electropop', 'indie poptimism', 'viral pop']	[2018]	1	0
5vQfv3s2Z2SRdPZKr82ABw	Dzeko	['canadian electronic', 'dutch house', 'edm', 'electro house', 'pop dance', 'progressive electro house']	[2018]	1	1
0bdJZl7TDeiymDYzMJnVh2	Preme	['canadian hip hop', 'canadian trap', 'toronto rap']	[2018]	1	1
4fwuXg6XQHfdlOdmw36OHa	Paloma Faith	['british soul', 'talent show']	[2018]	1	1
5t2GXuO0Z45Gb7pRZaA04y	Two Poprtorn	[]	[2018]	1	1
2VjhwYc0lXqVldcg3RJQhf	Wolfgang n Memphis	[]	[2018]	1	1
7iLc4hrjOjQPfg1E3cCHg1	Tim Berg	['edm', 'electro house', 'pop dance', 'progressive electro house']	[2018]	1	1
4uDWzwysZQXNVs4KXreb7l	Oat Pramote ft. Urboy TJ	['thai viral pop']	[2018, 2019]	1	0
4SwAujof9nbFILptRSbq7v	KS x CD GUNTEE	[]	[2018]	1	1
7z8D0XNq8lVCHH9a5Fp7ZY	Gift My Project	['thai pop']	[2018]	1	0
2ysnwxxNtSgbb9t1m2Ur4j	George Ezra	['folk-pop', 'neo-singer-songwriter']	[2018, 2019]	1	0
2P5sC9cVZDToPxyomzF1UH	Joey Bada$$	['conscious hip hop', 'hip hop', 'rap']	[2018]	1	1
7z61mo5OopwBqhKfI2VoQw	Wanna One - Lean On Me	['k-pop boy group']	[2018]	1	0
1CoZyIx7UvdxT5c8UkMzHd	Jorja Smith	['r&b', 'uk contemporary r&b']	[2018]	1	0
03PmA3VuwfyZVA0rel561k	Tai Orathai	['luk thung', 'thai folk pop']	[2018]	1	0
11gWrKZMBsGQWmobv3oNfW	Alison Wonderland	['aussietronica', 'edm', 'electra', 'electronic trap', 'escape room', 'indietronica']	[2018]	1	0
3W7bbiJirFfWdkBsyRaazK	Mahafather	['thai indie', 'thai pop']	[2018]	1	0
0gnaO9cpvv6uGYd4mjooF5	เบลล่า ราณี	[]	[2018]	1	0
5mwNzOtVqgy6reWGIjqB6s	Petz	[]	[2018]	1	1
6rMP8TQm95IveGypqYuj5Y	PAM (แปม ศิรภัสรา)	[]	[2018]	1	0
7JJFJc0AqAeSKo0MeAmEMe	Boy Sompob	['thai bl ost', 'thai ost']	[2018]	1	1
6TH08dkzhsBkJyuAmtsed0	แคชชี่	[]	[2018]	1	1
78VrhqgcXJKSiSd9DKrqre	Catherine	['thai viral pop']	[2018]	1	0
7jnwiujjhtB0bf6WirjPwW	Young Man and the Sea	['thai indie rock']	[2018]	1	0
5JUYSPkis2Mk6HUbmMqk1m	Sean Ono Lennon	['beatlesque']	[2018]	1	1
7wzaSKTsjE9HnuDuZTX452	Arlissa	['uk pop']	[2018]	1	1
4o7tWrzQOqarDtTMWD2HV9	LAY	['chinese electropop', 'chinese idol pop', 'k-pop']	[2018]	1	1
6hkIpu5GwVjcv7l3xnxG8u	Blackhead	['thai rock']	[2018]	1	0
6xBZgSMsnKVmaAxzWEwMSD	Mike Shinoda	['alternative hip hop']	[2018]	1	0
68kEuyFKyqrdQQLLsmiatm	Vince Staples	['conscious hip hop', 'hip hop', 'rap', 'underground hip hop']	[2018]	1	1
3kv1Edgn5HlEWCuEKr1Y9x	Yugen Blakrok	['south african hip hop', 'spiritual hip hop']	[2018]	1	1
0Ye4nfYAA91T1X56gnlXAA	Mako	['pop edm']	[2018]	1	1
3a9qv6NLHnsVxJUtKOMHvD	The Glitch Mob	['glitch', 'glitch hop', 'indietronica']	[2018]	1	1
1CF8aEN939swnuIZGFI7Hk	The Word Alive	['melodic metalcore', 'metalcore', 'trancecore']	[2018]	1	1
6BeO1KuAWBqFriL1mLHtNc	Leslie Grace	['bachata', 'latin viral pop']	[2018]	1	1
7MP4jhYmFEgb0AtiOkw55s	Play-N-Skillz	['chicano rap']	[2018]	1	1
5y3G1B8cpCTaoq0uDgjwzH	Danny Avila	[]	[2018]	1	1
2iB8eFB6flwQculkUrRssi	AUGUST 08	['la pop', 'r&b']	[2018]	1	1
4nS96DJNZBT0UuiiKRxX6L	Rap Against Dictatorship	['thai hip hop']	[2018]	1	0
77tT1kLj6mCWtFNqiOmP9H	Daryl Hall & John Oates	['album rock', 'classic rock', 'heartland rock', 'mellow gold', 'rock', 'singer-songwriter', 'soft rock', 'yacht rock']	[2018]	1	0
56VYoaesYqC4xtP316dSu3	Tik Shiro	['classic thai pop']	[2018]	1	0
4mf8J8P8mlAvgFmHLUP6U8	Maja	[]	[2018]	1	1
6bj9oxxIOmqL1rXhgtUzuY	ศรีจันทร์ วีสี	[]	[2018]	1	0
3Y1IqMgKZTXjsMyWOuxPPj	Flure	['thai indie', 'thai pop', 'thai rock']	[2018]	1	0
3Bj81IbILbuj2uEwWXMdXI	Sosamann	['atl trap', 'houston rap', 'memphis hip hop']	[2018]	1	1
20j1uz7iDOtIvIzCr5S8nx	SEUNGRI	['k-pop']	[2018]	1	0
3NSKTb4t386KNoI3bP9XVV	Shuta Sueyoshi	['japanese dance pop']	[2018]	1	1
55qUCocACeYAjC0FwPCYxT	ISSA	['mecha']	[2018]	1	1
6vWY69UjlDwdEsQssPCdQp	OG SMITH	[]	[2018]	1	1
0tZl5OAXf9jYXFmfRGejs2	SinB	['korean ost']	[2018]	1	1
63ZqtFXO8bPDsD8g8GnP6T	ไอซ์ ปรีชญา	['thai ost']	[2018]	1	0
4GaA53bqvMoSs2WzEFGiLe	Lia Marie Johnson	['teen pop']	[2018]	1	1
1eyX6digwJbbfcOWlvP1No	Tomahawk	[]	[2018]	1	1
7MFJyevu6jq0shwDuVLymu	Justin Mylo	['dutch house', 'electro house', 'pop dance', 'pop edm', 'progressive electro house']	[2018]	1	1
1E1W3to8HhGSkkIEUMwEjd	Dewain Whitmore	[]	[2018]	1	1
1KP6TWI40m7p3QBTU6u2xo	BØRNS	['indie poptimism', 'indietronica', 'modern alternative rock', 'modern rock', 'pov: indie']	[2018]	1	1
12WQ39HU6t5eDvwjK0GFzT	Armchair	['thai indie', 'thai indie rock', 'thai pop']	[2018]	1	0
1moxjboGR7GNWYIMWsRjgG	Florence + The Machine	['baroque pop', 'modern rock', 'neo mellow', 'uk alternative pop']	[2018]	1	0
3e9fZ7KYeCdQg3iEBFbFJN	Tony Phee	['thai pop']	[2018]	1	1
472P17xe0dqMM1Chu6N8fp	KOB FLAT BOY	[]	[2018]	1	1
2LtRwAUGdKUchrWDJppcO9	เต้ ดาวิชญ์ กรีพลฤกษ์	[]	[2018]	1	1
1XkYiJlUFqeIFvYdDMbdNk	ตี๋ ธนพล จารุจิตรานนท์	['thai bl ost']	[2018]	1	1
6G1yTgvoYsuVb2Ja8cVVJ2	anders	['canadian contemporary r&b', 'canadian hip hop', 'toronto rap', 'trap soul']	[2018]	1	1
6jV7gZLT8zL6M9ACGDm9VS	Sonofo	[]	[2018]	1	1
5tnaBrIKASli2W8rK6okGj	Young Bong	[]	[2018]	1	1
24HNTbd7Y2qVOCyzIosYi9	Nana Rogues	['uk hip hop']	[2018]	1	1
4zTNiArZgV1SKWATSFshVI	PRISTIN V	['k-pop', 'k-pop girl group']	[2018]	1	0
0ix3nZMUzchguPWz6MQVam	Apartment Khunpa	['thai indie', 'thai pop', 'thai rock']	[2018]	1	0
2ZuweXv0TkfsidZOLZZoM2	HEDEGAARD	['danish electronic', 'scandipop']	[2018]	1	1
1xrvnT8IPYpS6iOkAq8tLt	Hayley Warner	[]	[2018]	1	1
0FL2d6iFFNAV3yBUbXjZ1U	Wafia	['australian pop', 'indie electropop']	[2018]	1	1
6612UN0bquO4PTrCDC1nb1	M YOSS	[]	[2018]	1	0
5TibEcmmfW1nsvmVhRLAZ0	Vee Violette Wautier	[]	[2018]	1	1
4TAoP0f9OuWZUesao43xUW	Mr Eazi	['afrobeats', 'afropop', 'azontobeats', 'ghanaian hip hop', 'nigerian pop', 'swedish dancehall']	[2018]	1	1
78TMykAte8FKWQ3f6cQBol	Point	[]	[2018]	1	1
4CyN6pbQmI5kUdyhG6QZ0f	Art Marut	[]	[2018]	1	1
1hcdI2N1023RvSwLzTtdsp	Natalia Lafourcade	['latin alternative', 'latin pop', 'mexican pop', 'rock en espanol', 'veracruz indie']	[2018]	1	1
6DVipHzYsPlIoA0DW8Gmns	"Royce Da 5'9"""	['detroit hip hop', 'gangster rap', 'hardcore hip hop', 'hip hop']	[2018]	1	1
29Rsz1Av0OC7BjjQouQvrZ	โป๊ป ธนวรรธน์	[]	[2018]	1	0
2wIVse2owClT7go1WT98tk	Missy Elliott	['dance pop', 'hip hop', 'hip pop', 'neo soul', 'pop rap', 'r&b', 'rap', 'urban contemporary', 'virginia hip hop']	[2018]	1	1
3KedxarmBCyFBevnqQHy3P	Jessie Reyez	['canadian contemporary r&b', 'canadian pop']	[2018, 2019]	1	1
4K9OTkRXEFL6NDXFTqVmq9	Elina	['alt z']	[2018]	1	0
4MXUO7sVCaFgFjoTI5ox5c	Sufjan Stevens	['art pop', 'baroque pop', 'chamber pop', 'indie pop', 'indie rock', 'singer-songwriter']	[2018]	1	0
5YyGLejM00snCF1RJKlocJ	Nikki Vianna	['nyc pop']	[2018]	1	1
2R21vXR83lH98kGeO99Y66	Anuel AA	['reggaeton', 'reggaeton flow', 'trap boricua', 'trap latino', 'urbano latino']	[2018, 2019]	1	1
6tt0iYnpHERj05WATWRiom	Bantu	['zimdancehall']	[2018, 2019]	1	1
4fpTMHe34LC5t3h5ztK8qu	The Carters	['r&b']	[2018]	1	0
66TrUkUZ3RM29dqeDQRgyA	Ella Eyre	['dance pop', 'talent show', 'uk dance', 'uk pop']	[2018]	1	1
0TkqXdyWLsssJH7okthMPQ	Jay Electronica	['alternative hip hop', 'conscious hip hop', 'drumless hip hop', 'hip hop', 'psychedelic hip hop']	[2018]	1	1
5WY88tCMFA6J6vqSN3MmDZ	NELL	['k-rock', 'korean pop']	[2018]	1	1
0BBwlSQvHHtahgYpLj1wJE	Shaun Frank	['canadian electronic', 'electro house', 'pop edm']	[2018]	1	1
4GLJPBj5Cdr9AgLKvLWM4n	Dragonette	['canadian electropop', 'canadian pop', 'dance rock', 'electropop', 'metropopolis', 'neo-synthpop']	[2018]	1	1
0vn7UBvSQECKJm2817Yf1P	James Taylor	['classic rock', 'folk', 'folk rock', 'heartland rock', 'mellow gold', 'singer-songwriter', 'soft rock']	[2018]	1	1
0O8YjwBKKcesXN639OlKPt	Poppy ชัชชญา	['thai pop']	[2018]	1	0
41qil2VaGbD194gaEcmmyx	Will Smith	['hip hop', 'pop rap']	[2018]	1	1
4poL7YCSkG7kMnWjAdDU91	Era Istrefi	['albanian hip hop', 'albanian pop', 'kosovan pop']	[2018]	1	1
4pz4uzOMpJQyV8UTsDy4H8	ASTRO	['k-pop', 'k-pop boy group']	[2018]	1	0
63gbXCha1jpkrJJ9K5gGpR	ELI	['german pop']	[2018]	1	0
2rGLBQaH5FnBgyl5VOgRZY	Love Potion	[]	[2018]	1	0
7hssUdpvtY5oiARaUDgFZ3	Ina Wroldsen	['norwegian pop']	[2018]	1	1
3QIWhc8ymnggxUOHC8dSNV	Sunaree	[]	[2018]	1	1
0KZZD2YdkvaIsGpMEVVKVD	LEO	['korean talent show']	[2018]	1	0
5Kmvlg4fSgle8RJU9LVbn4	Chaleeda	[]	[2018]	1	0
3dkie6yywJJVPCTO4b5AP9	Liam Ferrari	['australian electropop']	[2018]	1	1
5BLIYnijbSVtwR5y6SIjIR	JOEYBOY	[]	[2018]	1	1
3IpvVrP3VLhruTmnququq7	Mike Williams	['big room', 'dutch house', 'edm', 'electro house', 'future house', 'pop dance', 'progressive electro house']	[2018]	1	1
2TqCaaZ0Yh9MtRVYnoZg8K	GIRLKIND	['k-pop girl group']	[2018]	1	0
3khg8RDB6nMuw34w1IHS6Y	Jónsi	['icelandic pop', 'post-rock']	[2018]	1	1
27CqBpsUVQsOsOJ2yDy810	Wanna One - No.1	['k-pop boy group']	[2018]	1	0
2U3FuHYvL3vhkbDAXm24Ep	Dan Caplen	['neo soul', 'uk contemporary r&b']	[2018]	1	1
6b5YOgXIliAozdo49vUCJQ	Izzy Bizu	['british soul']	[2018]	1	1
21z9ZwLFpPHjud8XF36lnT	The Drive	[]	[2018]	1	0
2x7EATekOPhFGRx3syMGEC	The Knocks	['alternative dance', 'indie poptimism', 'nu disco']	[2018]	1	1
0g9vAlRPK9Gt3FKCekk4TW	Ab-Soul	['conscious hip hop', 'hip hop', 'rap']	[2018]	1	1
2kSLh1XEqOx8xV9Thr6wwo	Oaker	['thai hip hop']	[2018]	1	0
2FwJwEswyIUAljqgjNSHgP	Snakehips	['electropop']	[2018]	1	1
3KV3p5EY4AvKxOlhGHORLg	Jeremih	['chicago rap', 'pop rap', 'r&b', 'southern hip hop', 'trap', 'urban contemporary']	[2018]	1	1
3Gm5F95VdRxW3mqCn8RPBJ	Aminé	['pop rap', 'portland hip hop', 'rap', 'underground hip hop']	[2018]	1	1
2XVvph7ZqdxJQ3W4fIYmvN	The Promise	[]	[2018]	1	0
6CwfuxIqcltXDGjfZsMd9A	MARINA	['metropopolis', 'pop', 'pov: indie', 'uk alternative pop']	[2018]	1	1
14PlDHxTAiV8E8LGnIoHa5	Matt-Tc	[]	[2018, 2019]	1	1
3vjSRlmTUkAFAtZbDb9Chb	เจ๋ง Big Ass	[]	[2018]	1	1
7DARn6v1aRjeyITUDKe2wx	คลื่นลูกใหม่สุนทราภรณ์	[]	[2018]	1	0
4UffC3o3JiLSg7pa5DpQbp	Mike Yung	['pop soul']	[2018]	1	1
2ExGrw6XpbtUAJHTLtUXUD	Stefflon Don	['dancehall', 'dancehall queen', 'uk dancehall', 'uk hip hop']	[2018]	1	1
5F1aoppMtU3OMiltO8ymJ2	Hugh Jackman	['hollywood', 'show tunes']	[2018]	1	1
4LcUpNlXFEleaLlelmkv2R	Kris Kross Amsterdam	['dutch house', 'dutch pop']	[2018]	1	1
4QfOh8rJ0OddhhXHD5QyWs	The Boy Next Door	['basshall']	[2018]	1	1
3jfVtv9mWfW0c5b3Fx440e	Babes Wodumo	['afro soul', 'gqom', 'south african pop']	[2018]	1	1
5OA0qsyEHP7k2OidHNCBUz	สิงห์น้อย	[]	[2018]	1	1
6w8JaNzi89WsoJ3hxjpmGx	Posneg	['thai hip hop']	[2018]	1	1
4gMOQnuS6lsYHtfm1bcElj	The Dai Dai	[]	[2018]	1	0
650ZvsETuttSbMAgAodNTv	吴亦凡	[]	[2018]	1	0
6Of3KaOij6U2NW8cNt6beN	ซันนี่ สุวรรณเมธานนท์ และนิชคุณ หรเวชกุล	[]	[2018]	1	1
2DaxqgrOhkeH0fpeiQq2f4	Oasis	['beatlesque', 'britpop', 'madchester', 'permanent wave', 'rock']	[2018]	1	0
7KMqksf0UMdyA0UCf4R3ux	James Blunt	['neo mellow', 'pop rock']	[2018]	1	0
2KU7pJgPoJC3uwJRZPYQ8G	BATE	['malaysian indie']	[2018]	1	1
7wLyGTO9vUS7ndlq4BvBGe	Blake Rose	['australian electropop', 'singer-songwriter pop']	[2018]	1	1
3W1715uFRerp7Qyl7tK49F	Radio 3000	[]	[2018]	1	1
1PnnRNGfichOAfPOn5mVyx	Sorana	['romanian pop']	[2018]	1	1
085pc2PYOi8bGKj0PNjekA	will.i.am	['dance pop', 'pop']	[2018]	1	1
6Paz0vXJJ9bCPf0fEm3qzg	Dagny	['norwegian pop']	[2018]	1	1
50kceDjknh0CjwOko7kx7V	Jewelz & Sparks	['big room', 'dutch house', 'electro house', 'progressive electro house', 'sky room']	[2018]	1	1
3CbYyyd8wH3RT6t0jwpdzC	Murda Beatz	['canadian hip hop', 'canadian trap']	[2018]	1	1
6X9aYHnQ75YI8o08aoa0iS	Boyzone	['boy band']	[2018]	1	0
28ExwzUQsvgJooOI0X1mr3	Jay Rock	['conscious hip hop', 'hip hop', 'rap', 'southern hip hop', 'trap']	[2018]	1	1
3Isy6kedDrgPYoTS1dazA9	Sean Paul	['dance pop', 'dancehall', 'pop', 'pop rap']	[2018]	1	1
6NIXNb4j9oxWUc1fIjwiGB	น้อย พรู	[]	[2018]	1	0
6O74knDqdv3XaWtkII7Xjp	Boyz II Men	['boy band', 'contemporary r&b', 'new jack swing', 'r&b', 'urban contemporary']	[2018]	1	1
3EfnKIG9827OXkcQQT7HEI	SUPER JUNIOR-D&E	['k-pop', 'k-pop boy group']	[2018]	1	0
5aMmmNxw4vgpc5XC6hK0zp	The Calling	['neo mellow', 'pop rock', 'post-grunge']	[2018]	1	0
6RzNQIdbl5H1crUsuaHNdg	KT Long Flowing	[]	[2018]	1	1
5VCgCZk7JzrIqramEBGeYM	Teee IAM	[]	[2018]	1	1
0w4StlpMrIJJmyfNSaS7y3	Plato	[]	[2018]	1	1
4NmmwPi8toLRYCXCrJbSsB	JU4E	[]	[2018, 2019]	1	1
2TdzLxTyMk773DHIfSlatQ	The Pisatband	[]	[2018]	1	0
3rIZMv9rysU7JkLzEaC5Jp	Snow Patrol	['irish rock', 'modern rock', 'neo mellow', 'permanent wave', 'pop rock']	[2018]	1	0
4BRtcPrNSMXsOdEjvd2GJf	Prem	['thai pop']	[2018]	1	0
5kKKAeGst0ZJGpliroaaEj	LOTTE Thakorn	['thai viral pop']	[2018]	1	1
0KEExJc1NKwmzJxQHbbkts	Leah Culver	['pop edm']	[2018]	1	1
6ezJvSbUlMw7HlNswYflIK	Image Suthita	[]	[2018]	1	0
4cruWKzyPIxPRyXBVroLWc	ลิเดีย	[]	[2018]	1	1
3cUj49yvNCOkOOdrnxbwBi	Sqweez Animal	['thai indie', 'thai indie pop', 'thai pop']	[2018]	1	1
6j07kvDB0KVWJGRBdOPJhh	เมธี น้อยจินดา	[]	[2018]	1	1
5DnjOSzLCfn4hDbLECq8pt	Yang Da Il	['korean pop']	[2018]	1	1
3LW3TOMoNLelResUQ8w4UR	T-BIGGEST	['thai hip hop', 'thai trap']	[2018]	1	1
58kY2IywsOUbPrUpjqnqid	8BOTSBOYZ	['thai hip hop']	[2018]	1	1
0mq6rBEDPGlctbO1wkosdb	AOFUFO	[]	[2018]	1	1
4KExKcpgW9T6p5aaiPEpjl	Stage-N'	[]	[2018]	1	1
4TEJudQY2pXxVHPE3gD2EU	BlocBoy JB	['memphis hip hop', 'rap', 'tennessee hip hop', 'trap']	[2018]	1	1
1bkpTEmumLC3xc7HgMsttU	INFINITE	['k-pop', 'k-pop boy group']	[2018]	1	0
1QAJqy2dA3ihHBFIHRphZj	Cigarettes After Sex	['ambient pop', 'dream pop', 'el paso indie', 'shoegaze']	[2018]	1	0
4we5S2VLjgY9KzIzApL1KI	Ryan Tedder	[]	[2018]	1	1
2TAbsoVD4vXP8WFty6tTx7	DarkFace	[]	[2018]	1	0
0eZ7xM3sRFJTBYdg34ELCd	JNP	['t-pop girl group', 'thai ost']	[2018]	1	0
3qzktAIByIWbxVB5XjxpqL	Midnight Fusic	['malaysian indie']	[2018]	1	0
6w7j5wQ5AI5OQYlcM15s2L	Extreme	['funk metal', 'glam metal', 'hard rock']	[2018]	1	0
0FOWNUFHPnMy0vOw1siGqi	Belly	['canadian hip hop', 'canadian trap']	[2018]	1	1
2btqr0FNpAfJEW9oSSpNDf	theBOYKOR	['thai indie', 'thai indie pop']	[2018, 2019]	1	1
0pIkY4JPxd9EdJg4HEmo29	Nop Ponchamni	['thai indie', 'thai pop']	[2018, 2019]	1	1
01wau5CL3Z1vfJJWkzBkqg	AKB48	['48g', 'j-idol', 'j-pop', 'j-pop girl group']	[2018]	1	0
2xPib32Evv9bGD0CBrpkqM	SummerWish	['k-pop reality show']	[2018]	1	0
5QuBVnBPEzwYvFrgBbwpmU	Empress Of	['art pop', 'electropop', 'escape room', 'etherpop', 'shiver pop']	[2018]	1	1
6C1ohJrd5VydigQtaGy5Wa	Joyner Lucas	['boston hip hop', 'hip hop', 'pop rap', 'rap']	[2018]	1	1
44bpIttZnohSzfXKoaw31l	KRIST	[]	[2018]	1	0
1afwHDlosvpDXWHLNB8bSh	Nan Vatiya	[]	[2018]	1	0
1AAkLbJ7D3CeGAqga0GbnL	Kindler Shah	[]	[2018]	1	0
0WOxhx4hikIsyF3CRPLC8W	Famous Dex	['chicago rap', 'drill', 'rap', 'trap']	[2018]	1	0
1RjchSmA0Mk5Jf9FNJyF5g	YOO BYUNG JAE	[]	[2018]	1	1
0N65vll3DuKXfpc8JYuKZx	Ble Patumrach R Siam	['luk thung']	[2018]	1	1
26AHtbjWKiwYzsoGoUZq53	Pentatonix	['a cappella', 'viral pop']	[2018]	1	0
0Uj6DEHwkPdbDPKkwWU3Qt	เทิดศักดิ์ จันทร์ปาน	[]	[2018]	1	0
3zrUX1hQrUB9aXcOiyQLmN	Stanaj	[]	[2018]	1	1
6T5tfhQCknKG4UnH90qGnz	DNCE	['dance pop', 'pop']	[2018]	1	0
7c1gShRDfvdV0zlflJDOdZ	NCT 2018	[]	[2018]	1	1
4vtjBb9oN3aEPgOVrRS0Rw	Ake Surachet	['thai folk', 'thai pop', 'thai teen pop']	[2018]	1	0
0rK0ZPLX4fKnFSbqs6gYfY	Blue.D	['korean r&b']	[2018]	1	1
2mpeljBig2IXLXRAFO9AAs	Dido	['dance pop', 'europop', 'lilith', 'neo mellow', 'pop rock']	[2018]	1	0
3XC57xz74X3xUi1hv4mge1	Winona Oak	['swedish pop']	[2018, 2019]	1	1
6auWB5YAlcKaHyrbTH66nd	No Rome	['indietronica']	[2018]	1	1
2eXx7dzze42O9nEKvMkohn	ตูน อาทิวราห์	[]	[2018]	1	0
3BLJxDH9iFk9LwN8onk4wk	Gunn Junhavat	[]	[2018]	1	0
7iymigONRODGl6XJIprcuF	Jocelyn Alice	['canadian electropop']	[2018]	1	1
6xfqXNx8P7J6kfCc0rsDOi	พี่เทอด	[]	[2018]	1	1
5T8zbK3dic52T9bFu0aY8z	Sophia Somajo	['swedish electropop']	[2018]	1	1
7idygermQ8ONhyrkfzaote	สมอารมณ์	[]	[2018, 2019]	1	0
4bL2B6hmLlMWnUEZnorEtG	Felix Jaehn	['edm', 'german dance', 'pop dance', 'tropical house']	[2018]	1	1
3tQx1LPXbsYjE9VwN1Peaa	Marc E. Bassy	['indie pop rap']	[2018]	1	1
3RQ9GRGmqhiGaNKAT4Xmq7	MuchMellow	[]	[2018, 2019]	1	0
6dC0rIJNLSFZwqckLgXJ8p	Timeflies	['indie pop rap']	[2018]	1	0
58nieOasZGIRwwXt2Jp7Pf	"KS"""	['thai pop rap']	[2018]	1	1
63WXulpO6XrHyU49lp3NLp	FOMEO	[]	[2018]	1	1
2R4ajVi6k2KbqyCrqKoqVZ	Panadda Ruangwut	[]	[2018]	1	1
2lolQgalUvZDfp5vvVtTYV	Tony Bennett	['adult standards', 'easy listening', 'lounge', 'vocal jazz']	[2018]	1	0
1Jqf3YWx1vEv7vJg6SUweK	ปาล์มมี่ อีฟ ปานเจริญ	[]	[2018, 2019]	1	1
2AmfMGi3WZMxqFDHissIAe	The Aces	['alt z', 'indie pop', 'uk pop']	[2018]	1	0
5gw5ANPCVcxU0maLiGRzzP	Billy Raffoul	['canadian pop']	[2018]	1	1
7H7jQxAxVm0E8zzP92riSI	Memory Fabricators	['k-pop reality show']	[2018]	1	0
0GsileCtd1UjaVh4OpW7Qv	Big Ass	['thai folk rock', 'thai rock']	[2018]	1	0
2X97ZAqRKRMYFIDqtvGgGc	Silk City	['edm']	[2018]	1	1
2ojEZEmcQVC3vLNpcoo9rJ	Noah Neiman	['progressive uplifting trance', 'sky room']	[2018]	1	1
3LU5ho1MrktZxpRBGYPISK	Miranda Glory	[]	[2018]	1	1
2hPgGN4uhvXAxiXQBIXOmE	KIDS SEE GHOSTS	['rap']	[2018]	1	0
2Hjj68yyUPiC0HKEOigcEp	Jesse McCartney	['dance pop', 'pop', 'post-teen pop']	[2018]	1	0
1eMmoIprPDWeFdB1FxU6ZV	Au/Ra	['alt z', 'deep pop edm']	[2018]	1	1
6064pL9Hu3Wx2bwJMeOx6o	Tomine Harket	[]	[2018]	1	1
2ZV5ZqxQ8ux9LPieCgP2tM	Mike Piromporn	['lao hip hop', 'luk thung', 'thai folk pop']	[2018]	1	0
5X4LWwbUFNzPkEas04uU82	DVBBS	['canadian electronic', 'dutch house', 'edm', 'electro house', 'pop dance', 'progressive electro house', 'slap house']	[2018]	1	1
2TMRvcwsmvVhvuEbKVEbZe	YURI	['k-pop', 'korean r&b']	[2018]	1	0
2RQXRUsr4IW1f3mKyKsy4B	Noah Kahan	['pov: indie', 'singer-songwriter pop']	[2018]	1	0
4OC7AGqxNeEgdRCSjtwwI1	UMA	[]	[2018]	1	1
4AiSuU5gTv0e66EqfwDRww	De Flamingo	['thai indie pop', 'thai indie rock']	[2018]	1	0
3EOEK57CV77D4ovYVcmiyt	Dennis Lloyd	['israeli pop']	[2018]	1	0
0ukgrNYk51TkMQr0f2Br4Q	Maverick Sabre	['irish hip hop']	[2018]	1	1
6x3vt0B7kEyA9XcAYdaSbk	Jennifer Kim	['classic thai pop', 'thai pop']	[2018]	1	1
7BjEwYS4mwbVRhQb9aFn4m	Atip	[]	[2018]	1	1
0hYxQe3AK5jBPCr5MumLHD	Sugarland	['contemporary country', 'country', 'country dawn', 'country road']	[2018]	1	1
2hcsKca6hCfFMwwdbFvenJ	BTOB	['k-pop', 'k-pop boy group']	[2018]	1	0
1gjXH48FzCKpE0nNyE4FHU	Roony	[]	[2018]	1	1
4TrraAsitQKl821DQY42cZ	Sigrid	['norwegian pop']	[2018]	1	0
5kAwJ6J0JlG9tKPttp7nfr	JA The Mousses	[]	[2018]	1	0
7HkdQ0gt53LP4zmHsL0nap	Ella Mai	['r&b', 'rap', 'uk contemporary r&b']	[2018]	1	0
0x6cwE90aYe5YXaImt5MQj	Basketband	['thai indie', 'thai pop']	[2018, 2019]	1	0
3idQlYHIpkPc7NjGqeCerH	Mr.Team	['classic thai pop', 'thai indie', 'thai pop']	[2018]	1	0
71EwDSB4cnornfIX5qJtnF	Supersub	['thai indie']	[2018]	1	0
6x8oQWq0xiL4aIJTXCUx7u	Kuizz	['malaysian indie']	[2018]	1	0
2nBtdpLfrfJvLsJl4uBGBm	Guioui	['thai hip hop']	[2018]	1	1
4wZBiNHbCi2TMXjSP86LJ6	Folly Rae	['uk pop']	[2018]	1	0
1frSJ3BwjRHE9jgMRQV5wC	Zookeepers	['bass trap']	[2018]	1	0
7EWLIBkgDn8yQGzjXcQGoT	Prim	[]	[2018]	1	0
4BnOjF03MC4Tcd5tGIO0ex	Mushroom Hunter	[]	[2018]	1	0
1wKpMkucynaTfG8lyPprYV	PENTAGON	['k-pop', 'k-pop boy group']	[2018, 2019]	1	0
5ILrArfIV0tMURcHJN8Q07	Vanessa Carlton	['lilith', 'neo mellow', 'piano rock', 'pop rock', 'post-teen pop']	[2018]	1	0
42kqrRBv5w8D9Z3Ci6zfqA	GunAchi Achirawich	['thai ost']	[2018]	1	0
6sFIWsNpZYqfjUpaCgueju	Carly Rae Jepsen	['canadian pop', 'dance pop', 'pop']	[2018]	1	0
0dtmYDbYpwcdHPBI1OJatT	Hugh Grant	['hollywood']	[2018]	1	1
74tNiaBNZ0L0B4bu0lF6r1	Haley Bennett	[]	[2018]	1	1
3Lz3vEN23Fw0hIelrYEzUD	EXO-CBX	['k-pop', 'k-pop boy group']	[2018]	1	0
1B96WL8omj1rxR2eJg1EqK	1AM	[]	[2018]	1	0
0hBfTqKSFD1oWYu1Y9T5xN	FYMME	[]	[2018, 2019]	1	1
7l14EcMy9N7H3y21GvtshL	FRVNKY	[]	[2018, 2019]	1	1
2sil8z5kiy4r76CRTXxBCA	The Goo Goo Dolls	['neo mellow', 'permanent wave', 'pop rock', 'post-grunge']	[2018]	1	0
0NIIxcxNHmOoyBx03SfTCD	Tinashe	['alternative r&b', 'dance pop', 'metropopolis', 'pop', 'r&b', 'urban contemporary']	[2018]	1	0
6BwPEMtVSTNdZJv6m4BhiQ	Wanna One - Triple Position	['k-pop boy group']	[2018]	1	0
6Ff53KvcvAj5U7Z1vojB5o	*NSYNC	['boy band', 'dance pop', 'pop']	[2018]	1	0
3QUOtWgmuxFyae4C0Q0thd	ABIR	[]	[2018]	1	1
79R17q4kiPsimHDtdOlN2L	SEHUN	[]	[2018]	1	1
6S3tOdgtc5qz16hwmMjEBN	LUCAS	[]	[2018]	1	1
1l85NuUaUCqaiAHTUMYBKQ	Nann	[]	[2018]	1	0
1eRj0jWLzZBVkOrIWKcdsZ	He Men Crown	['thai rock']	[2018]	1	0
0LyOADBjj28cbvJWTXUEGA	Loren Allred	['deep talent show', 'hollywood', 'movie tunes']	[2018]	1	0
6VoRokuki5Bj7BEB2gZ3BF	Los Unidades	[]	[2018]	1	1
6Ja6zFB5d7XRihhfMo6KzY	Jozzy	[]	[2018]	1	1
1INuLZXjjVbcJRyWvD1iSq	Jack & Jack	['pop', 'teen pop']	[2018]	1	1
4DjUSzKP28JRUYJKh2VwP0	วิน รัตนพล	[]	[2018]	1	1
51mYhceP14ncFhMzBMbeYQ	GT	['thai viral pop']	[2018]	1	1
62ghjNskQdvtOuLX1fXEMX	ภูมิจิต	['thai indie']	[2018]	1	0
3v6Ji4uoWtKRkhuDUaxi9n	Dynoro	['edm']	[2018]	1	1
1OAjDaKgg00KCUYqDe68un	Gigi D'Agostino	['eurodance', 'italo dance']	[2018]	1	1
5gCRApTajqwbnHHPbr2Fpi	Juicy J	['crunk', 'memphis hip hop', 'pop rap', 'rap', 'southern hip hop', 'trap']	[2018]	1	1
3T0fMfxYBU3q9oAUAdPIsr	HIGHLIGHT	['k-pop', 'k-pop boy group']	[2018]	1	0
1gUu1J8msjln20VCCqj4BA	Wanna One - The Heal	['k-pop boy group']	[2018]	1	0
3offPqpKAKmpQkIdWnjzkc	TEEN TOP	['k-pop', 'k-pop boy group']	[2018]	1	0
7H55rcKCfwqkyDFH9wpKM6	Christina Perri	['pop']	[2018]	1	0
0gdWU9IX6LIiuPvXh95pas	NU'EST W	['k-pop', 'k-pop boy group']	[2018]	1	0
20sxb77xiYeusSH8cVdatc	Meek Mill	['hip hop', 'philly rap', 'pop rap', 'rap', 'southern hip hop', 'trap']	[2018, 2019]	1	1
3ZSbXArE6mxOleJnsumK4u	eAeon	['k-indie', 'korean electropop']	[2018]	1	1
6sBiS0iWcCyMMgiYrEOxbt	Supreme Boi	[]	[2018]	1	1
2LPAKLcc8Nh0gYXsHFuhHK	Silly B	[]	[2018]	1	1
0IlDP8ANcg37y55Hy0RmHs	Kanomroo	[]	[2018]	1	1
7hJcb9fa4alzcOq3EaNPoG	Snoop Dogg	['g funk', 'gangster rap', 'hip hop', 'pop rap', 'rap', 'west coast rap']	[2018]	1	1
4EVFhcIKSAr2dtcOv6EzZa	โป่ง หินเหล็กไฟ	[]	[2018, 2019]	1	1
10exVja0key0uqUkk6LJRT	Vance Joy	['folk-pop', 'modern rock']	[2018]	1	0
33W1pnW9zScZtYTnAoWnOT	Mr. Probz	[]	[2018]	1	0
12Chz98pHFMPJEknJQMWvI	Muse	['modern rock', 'permanent wave', 'rock']	[2018]	1	0
5Y5TRrQiqgUO4S36tzjIRZ	Timbaland	['dance pop', 'pop', 'pop rap']	[2018]	1	1
6x8BY96jBQUnW5CtKB3xX4	Tong Phanturak	[]	[2018]	1	0
3prCfRRZqSzP38m7DCIMyV	มนฑล ดิลกชวนิศ	[]	[2018]	1	1
209sIim9nK6irs3h0E97Db	Radio3000	[]	[2018]	1	1
304MrFpDrRhpk6orU12jaN	Pete Pol	['thai instrumental']	[2018]	1	0
6ueGR6SWhUJfvEhqkvMsVs	Janelle Monáe	['afrofuturism', 'alternative r&b', 'atl hip hop', 'neo soul', 'r&b']	[2018]	1	0
5v8jlSmAQfrkTjAlpUfWtu	Perry Como	['adult standards', 'easy listening']	[2018]	1	1
1Ml4OuStDoympbREURAM15	The Fontane Sisters	['deep adult standards', 'vocal harmony group']	[2018]	1	1
0HS96tPggl2nwiz3gNWWI5	Mitchell Ayres & His Orchestra	"[""man's orchestra""]"	[2018]	1	1
4S9EykWXhStSc15wEx8QFK	Céline Dion	['canadian pop']	[2018]	1	0
38CvLGTsjtoloDgv3OKQp8	Robinson	['alt z', 'nz pop']	[2018]	1	0
0jnsk9HBra6NMjO2oANoPY	Flo Rida	['dance pop', 'miami hip hop', 'pop', 'pop rap']	[2018]	1	0
5w3tLJASF2cpq8axPJRz14	Vin Siriwong	[]	[2018]	1	1
0h7XZWgoxlY49uSUj7MVRY	gugudan	['k-pop', 'k-pop girl group']	[2018]	1	0
2TImI3DW7o5MdRXJs4D37h	SOB X RBE	['cali rap']	[2018]	1	0
7FlZAiq0BYynD7E42JlInh	ออฟ กัน	['thai bl ost', 'thai ost']	[2019]	1	0
4PJCz1DGdy2IFj3u2IWQrO	NANA	[]	[2019]	1	1
1Blwm160yzgucpZT3JpQP6	CD Guntee	[]	[2019]	1	1
1lHfzEkKmmvdVDDDLKkcsd	CIX	['k-pop']	[2019]	1	0
5dCvSnVduaFleCnyy98JMo	HEIZE	['k-pop', 'korean pop', 'korean r&b']	[2019]	1	1
2MtHuR0W2idZdF7x4wddqq	GIRIBOY	['k-rap', 'korean r&b']	[2019]	1	1
1fctva4kpRbg2k3v7kwRuS	Rvssian	['reggaeton', 'trap latino', 'urbano latino']	[2019]	1	1
3oSJ7TBVCWMDMiYjXNiCKE	Kane Brown	['black americana', 'contemporary country', 'country', 'country road']	[2019]	1	1
1NbmG1Fj64qykEcJt1d43a	JRM	[]	[2019]	1	1
4QVBYiagIaa6ZGSPMbybpy	Pedro Capó	['latin pop', 'puerto rican pop']	[2019]	1	1
5Y84b3jX9aGpTr4F1CMNnP	PAM ANSHISA	[]	[2019]	1	1
6UMebWSPa6dPqVyB2WwmCq	Lil Pipe	[]	[2019]	1	1
05oH07COxkXKIMt6mIPRee	Brandy	['contemporary r&b', 'dance pop', 'hip pop', 'r&b', 'urban contemporary']	[2019]	1	1
1ZIK7MnPM18iscik1FZ6Zc	Bae Jin Young	['k-pop']	[2019]	1	0
5vBrKGOjN10BMwB0cJADj4	bülow	['alt z', 'indietronica']	[2019]	1	1
6USMTwO0MNDnKte5a5h0xx	Y2K	['pop rap', 'viral rap']	[2019]	1	1
41X1TR6hrK8Q2ZCpp2EqCz	bbno$	['canadian hip hop', 'dark trap', 'meme rap']	[2019]	1	1
3uHb6dRazmcaT15bMexUtt	Park Bom	['k-pop']	[2019]	1	1
3LKVw6XQYcot0OZMFmf4IP	Sandara Park	[]	[2019]	1	1
1HJYJ10Xxqrwc7QdjK6mrN	M YOSS, PUNG TUNTEK, STAMP	[]	[2019]	1	0
63XBtGSEZINSyXylZxEUbv	Victoria Monét	['alternative r&b']	[2019]	1	1
4vRJ7PcK5rBxs9OjvMkNiN	Stickyrice Killah	[]	[2019]	1	1
3Fl1V19tmjt57oBdxXKAjJ	Blueface	['cali rap', 'rap']	[2019]	1	1
4XdY1chknvLYcIRqbSM8VT	Margie	[]	[2019]	1	1
1FCug8HMxqearaZB5qwWQj	IRENE	['k-pop']	[2019]	1	1
0lWFoio2Ak7YODAwIdJQq9	Pango	[]	[2019]	1	0
69BU1e5k9bwV11jZxA9gWa	Crayon	['k-pop reality show']	[2019]	1	0
3OBkZ9NG8F0Fn4oNpg0yuU	HA SUNG WOON	[]	[2019]	1	1
5aGsQZVQcUHWblvnjjtjWU	Gyeon	[]	[2019]	1	1
3xPleRDY3g1IOAMVXjdUiG	Cd Guntee	[]	[2019]	1	1
2Aviqzlb99NNABwh90uNaT	MINDSET	[]	[2019]	1	1
0Qnx1MPnHYt3jJCYrRFVwX	Greyson Chance	['post-teen pop', 'viral pop']	[2019]	1	0
3jmGFNBUyUSmPT6Wc2hyFx	ลิลลี่ ได้หมดถ้าสดชื่น	[]	[2019]	1	1
4oqBGocVfZFyysWvD8AbLS	เก้า เกริกพล	[]	[2019]	1	1
2auiVi8sUZo17dLy1HwrTU	Solange	['afrofuturism', 'alternative r&b', 'r&b', 'urban contemporary']	[2019]	1	0
33CuLP0pCjraIfIiz2XgSN	KLEAR X YAYA	[]	[2019]	1	0
14scxEoUN7Dcx1m4EQ7oHe	Ashley O	[]	[2019]	1	0
3LwjNpINUMhhzS5m27epY2	KANOM	[]	[2019]	1	1
7qxLQ0CByGfbd3HdL7ilR8	Frants	[]	[2019]	1	1
6ExUp8aETpf5h3zgfpdSSb	Khun OC	[]	[2019]	1	1
2oljNs5bDTxEktsudfoWl9	TOSSAKAN	[]	[2019]	1	1
46IRepALj2S8uMcJV6fcWf	Puplair	[]	[2019]	1	1
5y5uIxi74ZKx7GvuevA7CU	DJ ONO	[]	[2019, 2021, 2022]	1	1
4aK59Ov4CA7YAnuKHKsnSu	Pimtha	[]	[2019, 2021, 2022]	1	1
3bnpcWBcvlfq4hPFJjNPbz	SAFE	['canadian hip hop']	[2019]	1	1
5KOTrsUUc0VUVH3mR5StNC	SIXC (6 crazy)	['k-pop reality show']	[2019]	1	0
0pUAhoiJoQuuh9BH0bwRmQ	Daily Vitamin	['k-pop reality show']	[2019]	1	0
3vhZuZdMksbnJwoE3AwpXq	BUMKEY	['k-rap', 'korean pop']	[2019]	1	1
3DiDSECUqqY1AuBP8qtaIa	Alicia Keys	['neo soul', 'pop', 'r&b']	[2019]	1	0
6XpaIBNiVzIetEPCWDvAFP	Whitney Houston	['dance pop']	[2019]	1	1
0n6Dxt9W4fUDlCqLCRLwqt	SYPS	[]	[2019]	1	1
7CXZ0OQMeiiNbVH1FiqXjg	Jintara	[]	[2019]	1	1
7GZj0SKYnemtVCRrbDiQt3	FRIDAY NIGHT to SUNDAY	['thai viral pop']	[2019]	1	0
66RZat5hQzAFivj8CQF00M	นายนะ	['thai trap']	[2019]	1	1
3SYnDj7btg9gFY7ps8m5d5	RANI	['dutch pop']	[2019]	1	1
6KXWBTkyzrUkf3o4IQE1Tn	MamMam	['k-pop reality show']	[2019]	1	0
3Mg1Mn6ZnRsPxZZzmxXPjT	Pae Arak	['thai folk', 'thai indie pop']	[2019]	1	0
7xX15v6ahAkcT14kHfB9wB	True Damage	['k-rap']	[2019]	1	1
2YFBOR9KIxC6WqHclkj9Yq	Keke Palmer	['pop r&b', 'post-teen pop', 'r&b']	[2019]	1	1
6I3MElirhT5t6Kf7p0hGk9	Duckwrth	['alternative r&b']	[2019]	1	1
1igl9M102nuD96lo3ZoW5d	Thutmose	[]	[2019]	1	1
04J71zC8wyU7q9jBcJqQzW	Sweet Mullet	['thai rock']	[2019]	1	0
3qjwKsmDdxFAzkYzk34nGq	Sk Mtxf	[]	[2019]	1	1
3wcj11K77LjEY1PkEazffa	Burna Boy	['afrobeats', 'dancehall', 'nigerian hip hop', 'nigerian pop']	[2019]	1	1
1ex44chDhxwoJzmnp7z0Bs	PumPui	[]	[2019]	1	1
1pXX6uuufA0Zrk4Ksuh4nv	Jus2	['k-pop boy group']	[2019]	1	0
7hHnzHgKqAKRSfVoNcX9VT	Doper	['thai hip hop']	[2019]	1	0
6UOV42aOSJ5YrbYzLIfLwr	Sun Rai	[]	[2019]	1	0
077bjifqTw9yaiXJReRamH	P9D	[]	[2019]	1	1
0FVsUxcFSlxwIM7Qs31s6J	Billy Eichner	['movie tunes']	[2019]	1	1
7xX39IyguhWsTIg4eU2reH	Seth Rogen	['movie tunes']	[2019]	1	1
630wzNP2OL7fl4Xl0GnMWq	BABYMETAL	['idol rock', 'j-metal', 'kawaii metal']	[2019]	1	1
25IG9fa7cbdmCIy3OnuH57	The Chicks	['contemporary country', 'country', 'country dawn']	[2019]	1	1
1fJhNJQGKOzSerM2ICBqPI	CHITSWIFT	['thai hip hop']	[2019]	1	1
0u06YeydlBk3awnk5KgdBx	Chancellor	['korean r&b']	[2019]	1	1
1L6uMVECjyUCetSLLZhDJk	SantaZ	[]	[2019]	1	1
6LbLXtLErcsT15O3dEqPyM	BIZCUITBEER	[]	[2019]	1	0
3MyB0MyKec3Jq0AH2llk7v	Evan Rachel Wood	['hollywood', 'movie tunes']	[2019]	1	1
0haZhu4fFKt0Ag94kZDiz2	Sofía Reyes	['latin pop', 'latin viral pop', 'mexican pop', 'reggaeton']	[2019]	1	1
2eezT98XFTucTOFLeUryGu	Beat Boyz	[]	[2019]	1	0
65CKKZilbcSKkAPC9a5Mvh	Oumou Sangaré	['afropop', 'malian blues', 'mande pop', 'wassoulou', 'world']	[2019]	1	1
4hjAFpLZlqKZEJSCHhnWLc	OZEEOOS	[]	[2019]	1	1
0kS1oLtVdBidgH2aKloRKR	PARK WOO JIN	['k-pop']	[2019]	1	1
5j4ZfrjfKJhMBbDgTFxIwB	LEE DAE HWI	[]	[2019]	1	1
5nyjJRg5OdmKDdG2s9qljE	Toko Miura	['japanese electropop']	[2019]	1	1
7vXDAI8JwjW531ouMGbfcp	TINI	['latin pop', 'pop argentino']	[2019]	1	1
33Z5qBdIUWLMsdQuJZKPAx	Marina	[]	[2019]	1	1
5Z1CCuBsyhEHngq3U5IraY	Westlife	['boy band']	[2019]	1	0
1z4SlU7t66F9M1ZxXx1DhR	หนามเตย สะแบงบิน	[]	[2019]	1	0
1aWCmYdziqT4Q0KeToTLjg	ลําเพลิน วงศกร	[]	[2019]	1	1
1sBkRIssrMs1AbVkOJbc7a	Rick Ross	['dirty south rap', 'gangster rap', 'hip hop', 'rap', 'southern hip hop', 'trap']	[2019]	1	1
4HzKw8XcD0piJmDrrPRCYk	Majid Jordan	['canadian contemporary r&b']	[2019]	1	1
3CR3llAxCgUXA1hHBYXFQh	ต้าเหนิง กัญญาวีร์	[]	[2019]	1	0
1ymRpNPlxJRVT00kmJk8AZ	2T FLOW	['thai pop rap']	[2019]	1	1
0HVSM2BqVhQqxDa8L8in6t	SNOOPO	['thai pop rap']	[2019]	1	1
0iFwRo7pOWhCYtFjGglmfa	HANXPOND	['thai pop rap']	[2019]	1	1
7BwZlhJRHC1oVJr8lTxSLf	HWANG MIN HYUN	[]	[2019]	1	0
5UlQKGcjsXTA4tjSn6YrDx	WOOSEOK X KUANLIN	['k-pop boy group']	[2019]	1	0
1QvK8bFc2WREH4LDlJcJbi	Blackway	['nyc rap']	[2019]	1	1
1wqW0IQWC7V7jktcjVHID6	Black Caviar	[]	[2019]	1	1
0vINFNHTc7pMiPVKxiNN49	Day Thaitanium	[]	[2019]	1	1
54TzkdOft5knOLaplf1lCR	อาม ชุติมา	['luk thung', 'thai folk rock']	[2019]	1	1
6ElGTDX2vhXK2ln5PAKXSM	ซันนี่ สุวรรณเมธานนท์	[]	[2019]	1	1
6yrHywvT4cShzY7vMjxqXM	สกาย วงศ์รวี	[]	[2019]	1	1
4tb0rPrqZ2MJfUIXn7RxVn	บุรินทร์ Groove Riders	[]	[2019]	1	1
5bWUlnPx9OYKsLiUJrhCA1	Jon Z	['reggaeton', 'trap latino', 'urbano latino']	[2019]	1	1
7z2avKuuiMAT4XZJFv8Rvh	Tom Walker	['indie anthem-folk', 'uk pop']	[2019]	1	0
0fTav4sBLmYOAzKuJw0grL	Mac Ayres	['chill r&b']	[2019]	1	0
6SsTlCsuCYleNza6xGwynu	Agnes	['swedish electropop', 'swedish idol pop', 'swedish pop']	[2019]	1	1
2fVW2ix4ANKiofDZIsy1XR	Vargas & Lagola	['swedish pop']	[2019]	1	1
44rMpv1ky4OcuaRZHKdxf2	Bang Bang Bang	[]	[2019]	1	1
0TXVi8l52llc9WC3T8jvPG	Grace	['thai worship']	[2019]	1	1
08Jyhy51ChV9Hds10kNjMY	ฮันแนว	[]	[2019]	1	0
4drsi0sWppTpn2LFeZzUgq	OZH	[]	[2019]	1	1
3HO4QMpAs7tVHeBaGnmZKa	CHOI HYUN SUK of TREASURE	[]	[2019]	1	1
3h9jk1HhhpO7WZyfpiQGwF	โหด มัน หวาน	[]	[2019]	1	0
5A2yAPFOX4Vq443miE7y4B	นะ Polycat	[]	[2019]	1	1
0vF6ptBD4n9wYG9G9mHHP8	JAOKHUN	['thai trap']	[2019]	1	0
4nyxOLhH2B1dmYTyJg6x76	แก้ม วิชาญาณี	[]	[2019]	1	1
11zRmCqpCEOgqQCfrr1qu4	MikeSickFlow	['thai hip hop']	[2019]	1	1
10lR6OAc74wnyP1P8Gfsct	JINU	[]	[2019]	1	1
4ZhFCxPekpmV12n2xMeF2z	Ink	[]	[2019]	1	1
1jIVEaq8GmqMYb8nFNAZgb	Seezyn	['cincinnati rap']	[2019]	1	1
60W7VHx6e6QjC24jTh3sju	คุณพ่อดิเรก	[]	[2019]	1	1
1iQfn1B8V25iQoolQakyAZ	NU'EST	['k-pop', 'k-pop boy group']	[2019]	1	0
5qa31A9HySw3T7MKWI9bGg	FLETCHER	['alt z', 'pop']	[2019]	1	0
1RIh3aczBZD0MaLuhh5dMm	GOT U	['k-pop reality show']	[2019]	1	0
3uZFBSsMiooimnprFL9jD1	Snow	['canadian old school hip hop', 'reggae fusion']	[2019]	1	1
003aZdOERqXUCxNAS91ZZt	Image	[]	[2019]	1	0
0YUUBj9p8I3UbX6DxZ2IkW	ICEMAIDEN	[]	[2019]	1	0
6t9tbRO9Lv6Oq6xtVwfdrn	Theresa Rex	['scandipop']	[2019]	1	1
1Pr77yszl1ikj6k9sy4Cju	Kanto	['k-rap']	[2019]	1	1
0C8kbAJOGo7CHx8jDTyTfR	Mena Massoud	['movie tunes', 'show tunes']	[2019]	1	1
57LYzLEk2LcFghVwuWbcuS	Summer Walker	['r&b']	[2019]	1	1
2oaLilfXcREW8d2RKTXiwO	Namfon Indee	['thai ost']	[2019]	1	1
4iSU0hKfGnU2nscL5dLi9p	Claudia	['pinoy r&b']	[2019]	1	1
6jRD85dsXJYn5vv73rqSGi	Chi Pu	['v-pop']	[2019]	1	1
1MturlEnPcoybcsZbrdEPB	Meng Jia	['chinese electropop']	[2019]	1	1
1EQ1v4JR709tUKj3nilixC	Joyce Chu	['malaysian mandopop']	[2019]	1	1
6EM1NGTOebgOao22ktpF4w	Laura Mam	['cambodian pop', 'khmer', 'khmer hip hop']	[2019]	1	1
1pDbkUvhCRel6YwuYIG14S	Audrey Tapiheru and Cantika Abigail	[]	[2019]	1	1
0kSCao81B3BnbOOzixWWFW	Phyu Phyu Kyaw Thein	['burmese pop']	[2019]	1	1
5MGtbiKbqxxwse8CH3R1kA	Link Corner	[]	[2019]	1	0
1xv3g2RvQ6VMM7vlog6SOB	คิงส์ ชนาวิทย์	['thai viral pop']	[2019]	1	0
3q7HBObVc0L8jNeTe5Gofh	50 Cent	['east coast hip hop', 'gangster rap', 'hip hop', 'pop rap', 'queens hip hop', 'rap']	[2019]	1	1
137W8MRPWKqSmrBGDBFSop	Wiz Khalifa	['hip hop', 'pittsburgh rap', 'pop rap', 'rap', 'southern hip hop', 'trap']	[2019]	1	1
6cSjl7Ui0afCZqfhyGozLt	Dreamhigh	[]	[2019]	1	1
0fLesFHNsJpalRtqzSYxnd	G.Soul	[]	[2019]	1	1
0xOeVMOz2fVg5BJY3N6akT	Jaden	['pop rap', 'rap']	[2019]	1	0
6eVWXmKBW7Iltub01D9R1c	Valerie Broussard	['bossbeat', 'modern alternative pop']	[2019]	1	1
7LdZwtnhfB1GoC9SE9tvyb	KIM JAE HWAN	[]	[2019]	1	0
6xvpfMjWTougrRRtK7iikz	Mason Ramsey	['contemporary country', 'country']	[2019]	1	1
45eNHdiiabvmbp4erw26rg	ILLENIUM	['edm', 'melodic dubstep', 'pop dance']	[2019]	1	1
6USv9qhCn6zfxlBQIYJ9qs	Dominic Fike	['alternative pop rock', 'pov: indie']	[2019]	1	0
35CFI6iSFTyM0scQKBu8eE	Kim Kyung Hee	['korean ost']	[2022]	1	0
1FmcsU7I7tZG5RCH1RLS9D	BEARHOUSE	[]	[2021, 2022]	1	1
6wje46d51a0hZE1gqkKL3J	TAEW	[]	[2022]	1	1
2VSHKHBTiXWplO8lxcnUC9	GAYLE	['modern alternative pop']	[2021, 2022]	1	0
3DZrLuJOQFKqV2sjMsKb1V	JENO	[]	[2021, 2022]	1	1
5wrZ59w1ndSBlPeUj2f6Fs	HENDERY	[]	[2021, 2022]	1	1
5yyf4YDCKGaa71SC7KRw2L	YANGYANG	[]	[2021, 2022]	1	1
2P1id80CMwR5R5cwcyIIAi	GISELLE	[]	[2021, 2022]	1	1
52VcFYcq5kJEaRYgy58ouW	Paper Planes	['fake', 'thai pop', 'thai rock']	[2022]	1	1
0AEFDYdJjix0o8cZ1lnrNb	Moon	[]	[2022]	1	1
110eZEbQ6IIseuV3v842Hk	Thailand Philharmonic Orchestra	[]	[2022]	1	1
7fgL4SG4e92nmJ3GuTpz58	Def.	[]	[2022]	1	0
1P15t4uFsvUZCgkTvQqsaj	Proo Thunwa	['thai pop']	[2022]	1	0
6WxCCin0xiIGz6Rd4ZsQoA	นานิ หิรัญกฤษฎิ์	['thai pop']	[2022]	1	1
3IQnUNxVytImduQRIg84qJ	BAY6IX	['lao pop']	[2021, 2022]	1	1
031xscLHmwMfKVrhUCdGoq	LALA	[]	[2021, 2022]	1	1
0Qqu1es91949kEHLpLXLoR	แพรวา	[]	[2021, 2022]	1	1
6QrQ7OrISRYIfS5mtacaw2	Jaymes Young	['indie poptimism']	[2021, 2022]	1	0
5NUVwRESNqYBUTRbiATjy7	BE'O	['k-rap']	[2021, 2022]	1	1
5R7AMwDeroq6Ls0COQYpS4	Kep1er	['k-pop']	[2022]	1	0
2zByTMDKM5g76Kbz4huf0A	Only Monday	['thai pop']	[2021, 2022]	1	0
048LktY5zMnakWq7PTtFrz	CKay	['afro r&b', 'afrobeats']	[2021, 2022]	1	0
3xlC7Dw0uiwprXDHCU9SAu	PURPEECH	['thai pop']	[2021, 2022]	1	0
6uNxlIP5lzPFf0BHuELOuX	GOT the beat	['k-pop']	[2022]	1	0
39ubP7lCfglaB2EDRGjmta	Fongbeer	[]	[2021, 2022]	1	1
2WzaAvm2bBCf4pEhyuDgCY	Ruth B.	['alt z', 'canadian contemporary r&b', 'canadian pop', 'pop']	[2022]	1	0
6RHTUrRF63xao58xh9FXYJ	IVE	['k-pop girl group']	[2021, 2022]	1	0
6trEYfLSuAd9CS8bCy4sOH	demxntia	['bedroom r&b', 'emo rap']	[2022]	1	0
3FkXFqPqFF7nZgNTAYXBFU	GoyNattyDream	['t-pop girl group', 'thai pop']	[2022]	1	1
2W8yFh0Ga6Yf3jiayVxwkE	Dove Cameron	['pop']	[2022]	1	0
35R1B97CfrqKFFI3QBkTDx	RealestK	[]	[2022]	1	0
4mr4X9nJC8DPlNukWbgAaI	HYBS	[]	[2022]	1	0
2vF2uyBlYQtOStphoKri2q	Aheye 4EVE	[]	[2021, 2022]	1	1
0Uz2jjlCiSOpsxSD7qOEB0	Koen	['thai pop']	[2022]	1	1
0bBz5bRBkExaej2HxtVfCw	347aidan	['sad rap']	[2022]	1	1
4GxWcui9BlMJH9VOOK5wav	Higuchi Ai	['japanese alternative pop']	[2022]	1	0
4AK6F7OLvEQ5QYCBNiQWHq	One Direction	['boy band', 'pop', 'post-teen pop', 'talent show']	[2021, 2022]	1	0
5Qnl3RAtzne7J1dxRv1UBc	NCT 2021	[]	[2021, 2022]	1	0
6HaGTQPmzraVmaVxvz6EUc	Jung Kook	['k-pop']	[2022]	1	0
3cLtaVrRrrXiQ4P24I9y8S	FrenchW	[]	[2022]	1	0
42daDEQTdYaqtHG5sH5HMD	Celina Sharma	[]	[2021, 2022]	1	1
58LXBTOy629nyAjqX8iUTE	Harris J.	['nasheed']	[2021, 2022]	1	1
7DJh9nDNvYCoQnmhGaFJiH	Alyn Wee	['thai pop']	[2021, 2022]	1	0
5imDin9uo07y7ZuUiJgOU7	PRETZELLE	['t-pop girl group', 'thai pop']	[2021, 2022]	1	0
3NR7hAacOhmcztWvD7vJfS	Sickick	['bass trap']	[2021, 2022]	1	0
49muoiIu4uea4PO8vueUNN	YENA	[]	[2022]	1	1
7pEWOWPLD9S2HcpWEMDfOH	PAPER	[]	[2021, 2022]	1	0
6mehI8OceoNGRHfevtc4l0	mints	['thai indie pop']	[2022]	1	1
3Ld1g6LjfR2ILDB6SD8aJV	BlackHeart	['thai viral pop']	[2022]	1	1
5gPpLgNHI1brQiqNmgN5bd	2TFLOW	[]	[2022]	1	1
0qQI2kmsvSe2ex9k94T5vu	JAEHYUN	[]	[2022]	1	1
0WzStLpjrpXOXFeK4QE8ns	d.ear	[]	[2022]	1	1
29PgYEggDV3cDP9QYTogwv	Carolina Gaitán - La Gaita	['movie tunes']	[2022]	1	1
36CUTsdtNgCwMq6zKD1l8I	Mauro Castillo	['modern salsa', 'movie tunes', 'salsa colombiana']	[2022]	1	1
72kqSqk124Vnl1wtT6q9Fh	Adassa	['movie tunes']	[2022]	1	1
2as15AH2BTrPk8v4gyElmr	Rhenzy Feliz	[]	[2022]	1	1
18MFcGBHtyW0mU3ufcm0X1	Diane Guerrero	['movie tunes']	[2022]	1	1
5PYToRCsrnvikZg3yl2JMr	Stephanie Beatriz	['hollywood', 'movie tunes']	[2022]	1	1
3xLU748QxpTmIVaiNXXg0P	Encanto - Cast	['movie tunes']	[2022]	1	1
4l5kOTi1YvQy386sH7rldN	Urworld	['thai pop', 'thai pop rap']	[2021, 2022]	1	0
164Uj4eKjl6zTBKfJLFKKK	JVKE	['modern indie pop', 'pov: indie', 'singer-songwriter pop']	[2022]	1	0
5xq3BK55BJmutN0X7eTyQB	Jeff Satur	['thai pop']	[2021, 2022]	1	1
3lSyHNBfu514f8ugz5szx8	พัด Vorapat	['thai pop']	[2022]	1	1
1Qy8AVuvIVgC27FXE8Nvhl	Christopher Chu	[]	[2022]	1	1
3ZUdKB3VGo26BxRSmnv5n2	SPF	['thai pop']	[2022]	1	0
22Y0wVJzrL68AKJk61nZd6	CGM48	['t-pop girl group']	[2021]	1	0
2B1PXB3luu6LE7PR8YZ9Ip	TA The Parkinson	[]	[2021]	1	1
6TLwD7HPWuiOzvXEa3oCNe	Oliver Tree	['alternative hip hop']	[2021]	1	0
3xvaSlT4xsyk6lY1ESOspO	Disney	"[""children's music"", 'movie tunes']"	[2021]	1	1
0caswMNVJ7vPNC1Z7NOeCT	Sofía Valdés	['gen z singer-songwriter']	[2021]	1	1
5ippZkUHIqFZrMRxnQwNwf	Kannika Phio	[]	[2021]	1	0
4irZfSbExUscDw7VKxWAre	FANG	[]	[2021]	1	1
3d3g7HPFMX15civOSuEUra	URBOYTJ	[]	[2021]	1	1
4CuVt3p02OaWu4klQuJoDP	Z9	['thai trap', 'thai viral pop']	[2021]	1	1
3bXsI6S1KY40okyJwXLxRk	GLAR	[]	[2021]	1	1
7mKmqnXqn1WoEFljKyvAHR	2T FLOW	[]	[2021]	1	1
7clhNqbmk9enpeaBH9ACiZ	Highhot	['thai trap']	[2021]	1	0
6e8TDjcAEEGD0yhbhKocWE	The BESTS	['thai hip hop']	[2021]	1	1
47hZpY5XndrYKiXyOgKsga	พร จันทพร	['thai viral pop']	[2021]	1	1
3lfrOM39qcn24LDgNX0HGo	เนย ภัสวรรณ	[]	[2021]	1	1
4mo2KIBy0Wh0TFaXKqo3F2	Punch	['thai pop', 'thai teen pop']	[2021]	1	0
2WgfkM8S11vg4kxLgDY3F5	StarBoi3	['viral rap']	[2021]	1	1
6LesPuO1nhgJ2acJ4MjyBI	和ぬか	['japanese teen pop']	[2021]	1	0
4uaGojdWj4H6cTJydZUPWG	Christian Kuria	['chill r&b', 'indie r&b']	[2021]	1	0
4B3aifxHtpcKHuNi12lmSt	WATTS	[]	[2021]	1	1
0Ib2ZUmA8BXyCP18UZd8xP	Tseng Kuo Hung	['taiwan experimental']	[2021]	1	1
3plsvhYJrLQJrpwwwPWMkT	fluffypak	['thai indie rock']	[2021]	1	0
4xzwjGxzfKglU0cNW4q4l1	YERI	['k-pop']	[2021]	1	1
6mt12wGFaBAJPjK076GOJz	CHENLE	[]	[2021]	1	1
1rKOAlZ7iAHynESWTeSNwl	JISUNG	[]	[2021]	1	1
5t1uryofgueHrjrryqX8vM	NINGNING	[]	[2021]	1	1
6AgTAQt8XS6jRWi4sX7w49	Polo G	['chicago rap', 'rap']	[2021]	1	0
6rHUnRq5IiPNgP32J1BkpC	MASKETEER	['thai pop rap']	[2021]	1	1
3JfJqkCtvNJ3RsegBLbRTQ	Sleep Flowz	[]	[2021]	1	1
1a2N3LQjU7d73Q0JNDpCZG	JKR	['thai viral pop']	[2021]	1	1
1E64n2AfXqshQ3GR1RmTML	feat. พระมหาไพรวัลย์	[]	[2021]	1	1
6kFsPWm07SlcdCcHoPFdNf	VYRA	['t-pop girl group']	[2021]	1	1
07Qt0KlMf6vpPVXuY5Qrhj	Sunnee楊芸晴	[]	[2021]	1	1
2qaglRxo7TFuvYPEs9HInA	ID (BE IDENTITY)	[]	[2021]	1	0
5o615XColiSVMPDWlslKSk	Wonstein	[]	[2021]	1	1
3XSid6KaiKoMAVZs2ug3yw	Changbin of Stray Kids	[]	[2021]	1	1
5HenzRvMtSrgtvU16XAoby	Zion.T	['k-pop', 'k-rap', 'korean r&b']	[2021]	1	1
3wVXTWabe3viT0jF7DfjOL	Vedo	['pop r&b']	[2021]	1	0
0bAsR2unSRpn6BQPEnNlZm	Aimer	['anime', 'anime rock', 'j-pixie', 'j-pop', 'j-poprock']	[2021]	1	0
6zTIxEXFWjoNu2VXauDITb	Junggigo	['korean r&b']	[2021]	1	1
25wMXkplvEHJpJHX8A6Ved	lIlBOI	['k-rap']	[2021]	1	1
6qjhYs5KNSoSU6fNJqDGIo	Sanjoy	['desi pop']	[2021]	1	1
0dvFTsuG02c4cRbcSQ8zE6	Yak Gotti	['atl trap']	[2021]	1	1
0tvpihdAsKiNnP6sWS3jUI	TroyBoi	['bass trap', 'electronic trap']	[2021]	1	1
4Euia7UzdRshy1DJOSMTcs	220 KID	['uk dance']	[2021]	1	1
3rHcBT06Vb1XGVUWhDALZt	WONWOO	[]	[2021]	1	1
5gUpo0BRmo6EOTbyU3z5Ay	MINGYU	[]	[2021]	1	1
0B3N0ZINFWvizfa8bKiz4v	James TW	['british singer-songwriter']	[2021]	1	0
6JTCN21ovvrR3iPViZTXz4	HyunA&DAWN	['k-pop']	[2021]	1	0
1Cd373x8qzC7SNUg5IToqp	BoyWithUke	['sad rap']	[2021]	1	0
7wlFDEWiM5OoIAt8RSli8b	YoungBoy Never Broke Again	['baton rouge rap', 'rap']	[2021]	1	1
0lAWpj5szCSwM4rUMHYmrr	Måneskin	['indie rock italiano', 'italian pop', 'pop']	[2021]	1	0
04IK615NvPnSvRTmXUv80R	POP! CORN	['k-pop girl group']	[2021]	1	0
7z8ogkK79YxSjsssdusjdm	PimryPie	['thai viral pop']	[2021]	1	0
4ke9HXbejpYVMhbOjSa4le	Lil Gotit	['atl trap', 'trap']	[2021]	1	1
7c1HgFDe8ogy5NOZ1ANCJQ	Car, the garden	['k-indie', 'korean pop']	[2021]	1	0
3klZnJvYGIbWritVwQD434	Duncan Laurence	['dutch pop']	[2021]	1	0
4bZFk69BTd1y2IsxIjO35M	I HATE MONDAY	['thai indie pop']	[2021]	1	1
0efWjPyuQec9Rg32ArS48R	MANR	['thai pop rap']	[2021]	1	1
5Fa7oN67rqbrgxbRVux7F4	CHOI JUNG HOON of JANNABI	[]	[2021]	1	1
4qRXrzUmdy3p33lgvJEzdv	Paul Kim	['korean pop']	[2021]	1	1
09QpmkDaFqi8iqZYLUvGNt	Plastic Plastic	[]	[2021]	1	1
6xxFNpc17jiiVZzOCgdLyv	DASOM	[]	[2021]	1	1
6hgAxdLyAScworv2mZucqK	ØMI	['japanese dance pop']	[2021]	1	0
1NVRvV0KqaO7VtSaVQcm3V	KIMMUSEUM	[]	[2021]	1	0
13KBd3KKmex2NLwaTcMmUP	7 LOVE Minutes	[]	[2021]	1	0
6EPWmMZrmdbBZO97Oj5ko4	Mix Sahaphap	[]	[2021]	1	0
0lgENJQUkqkDbpsTYEayOr	JUNNY	['korean r&b']	[2021]	1	1
3J2OSq7G34UlfnNB6YuZCF	Nova	['hyperpop']	[2021]	1	0
4V2pR2iSd1g0RZCglrP3jn	PLVTINUM	['dark r&b']	[2021]	1	1
0SXgKLNtpIrH29F1vMRWzj	Tarro	[]	[2021]	1	1
0NuBvSQbbZW2NL9cwbnpER	PARKJIWOO	[]	[2021]	1	0
0CmvFWTX9zmMNCUi6fHtAx	THE BOYZ	['k-pop', 'k-pop boy group']	[2021]	1	0
7blXVKBSxdFZsIqlhdViKc	Valley	['indietronica', 'singer-songwriter pop']	[2021]	1	0
7vWT2XbMI7431LJvGyCq6v	วิเศษนิยม	[]	[2021]	1	1
4pnp4w9g30yLfVIAFnZMRd	ACRAZE	['pop dance', 'tech house']	[2021]	1	1
1c70yCa8sRgIiQxl3HOEFo	Cherish	['atl hip hop', 'girl group', 'hip pop', 'r&b', 'southern hip hop', 'urban contemporary']	[2021]	1	1
7gXb99Sf9nNmpNYeAgIQFG	Sub Urban	['modern indie pop']	[2021]	1	1
7oppHhvVWHX7WeGYjEOL6y	J.UNA	[]	[2021]	1	0
73B9bjqS2Z5KLXNGqXf64m	Weeekly	['k-pop']	[2021]	1	0
1g3Y2r05smLGWM4lShhOCN	feat. Stamp Apiwat	[]	[2021]	1	1
22aNKwafgEkMFibodyxoeb	Danupol Kaewkarn	['classic thai pop']	[2021]	1	0
6hzuCOHEv2eDQrxfQWFbp7	CDGuntee	['thai trap']	[2021]	1	1
7BB1IbWZExo6rs5VKd5Z0u	BANKSORN	[]	[2021]	1	1
1e7K8jD3wRuQfnwDAOeGqe	Fiji Blue	['chill pop']	[2021]	1	0
6qvVoPGEqNCyYSjYCgfV1v	Choi Yuree	['korean singer-songwriter']	[2021]	1	0
58oPVy7oihAEXE0Ott6JOf	Eve	['anime', 'anime rock']	[2021]	1	0
2YkP9pfIZ6hJKeuppuz8qT	Yade Lauren	['dutch rap pop']	[2021]	1	1
5RQZVhw9dwZYc10QQfNMf1	JOEY PHUWASIT	['thai pop']	[2021]	1	0
7dFDW362s5B1yBAwHmPlnq	Jigsaw	['thai hip hop']	[2021]	1	1
3z8kQKCYy5W82nZjl3ydEh	NICHKHUN	[]	[2021]	1	1
7mgE36v02l2UdJ6ukIL3av	มาริสา สุโกศล หนุนภักดี	[]	[2021]	1	1
1h6Cn3P4NGzXbaXidqURXs	Swedish House Mafia	['edm', 'pop dance', 'progressive electro house']	[2021]	1	1
4ygdhRUrQC8M210MBWHBQZ	Medusa	[]	[2021]	1	0
5OZXWMwDhlYBRvoOfcX0sk	Raisa	['indonesian pop', 'indonesian r&b', 'indonesian singer-songwriter']	[2021]	1	1
13rJ1RvOkiAEQnvbt9SlXR	Yonnyboii	['malay rap']	[2021]	1	1
1SrWbIDP84JcSDr0oTBAQw	Matthaios	['opm', 'pinoy hip hop']	[2021]	1	1
0p2HzEpJgKgFiuZMEa6yoQ	ToNy_gospel	[]	[2021]	1	1
6IHQ0DIbderstwPg9alKXP	HEARTROCKER	[]	[2021]	1	1
28tAQb3DUtC6BTdNXav6Vx	เต ตะวัน	['thai bl ost', 'thai ost']	[2021]	1	0
5vzCTzMec4uL6JCNkOFcZ2	Pondering	[]	[2021]	1	1
00DQn2x4PUykmPHF8EVpYy	WHALJAY	[]	[2021]	1	1
4MkjSVbVHB4IsCH37XhBH6	SLOWVXNZ	[]	[2021]	1	1
6wlk4iqaEgEvADMVG6QMd8	James Gillespie	['indie anthem-folk']	[2021]	1	1
2QeJBmgBdpH4i3uJns5Rdx	Sandeul	['korean pop']	[2021]	1	0
4tvbo17gXpYgSr8sTlkaby	Say Sue Me	['indie surf', 'korean dream pop', 'korean indie rock', 'korean shoegaze']	[2021]	1	0
1TcbgUzUz9pA3mN30ZXnHl	Unicorn	['k-pop reality show']	[2021]	1	0
2bWTIIQP9zaVc55RaMGu7e	Seori	['korean r&b']	[2021]	1	1
7jGn8qhLb48n7yMMNfAoHv	Awesome City Club	['city pop', 'j-pop', 'j-rock', 'japanese alternative rock']	[2021]	1	1
0MrJIVLnVbubveFG4zSy88	Night Off	['k-indie']	[2021]	1	0
1osj7IbtoqGC44LG6cBK8t	drg.	[]	[2021]	1	1
3lBxyv4EPpiE80Ji1Eyfiq	Mido and Falasol	['korean ost']	[2021]	1	0
4mbvd7ZJ2goftjy1L33LiB	John Park	['korean pop']	[2021]	1	0
3SHZIwDKgpVv86LfYJNGy2	JEEP	[]	[2021]	1	1
2Ff22VkmQhrsSaIe0Fksrs	g1nger	[]	[2021]	1	1
4tObzkvo2Bc9EoWszG8gY4	LAS	[]	[2021]	1	0
4ofCBoyEiGSePFAG500xev	Regard	['pop dance', 'pop edm', 'slap house', 'uk dance']	[2021]	1	1
7bWYN0sHvyH7yv1uefX07U	Jukjae	['korean pop']	[2021]	1	0
7gXy60xRcwYujBFoYHnR2O	Big Red Machine	['eau claire indie', 'folktronica']	[2021]	1	1
1AWAkSq3NZ5kMYT5wkksqV	แจนจัง	[]	[2021]	1	1
23LskvW8ErKu8v1teU7xFZ	sokodomo	['k-rap']	[2021]	1	1
7IlRNXHjoOCgEAWN5qYksg	Aya Nakamura	['basshall', 'pop urbaine', 'r&b francais']	[2021]	1	0
28RZOqPrbhLCi58CwiSY6x	Power Pat	[]	[2021]	1	0
5qUAtC3NwSLYme4JqjlGfQ	Youngjae	['korean ost']	[2021]	1	0
1MXZ0hsGic96dWRDKwAwdr	Tyla Yaweh	['cali rap', 'melodic rap']	[2021]	1	1
35Ion6GBXviFXe5AzHduxb	LOSTBOYS	[]	[2021]	1	0
1YrRRDTGWfy884oX9zGKyd	Minchang	[]	[2021]	1	1
1uPhQ6OgvoGB20gCzff4et	Gomen.	['lao hip hop', 'lao pop']	[2021]	1	1
3ZHU5AKrUmIPnCFfr82QER	1nonly	['aesthetic rap']	[2021]	1	0
5jC1DZRmodcLQvEd4WbAOX	Benjamin Varney	['thai pop rap']	[2021]	1	1
41AaTergNBssXX01nrBASq	Mintra A.	[]	[2021]	1	1
5IphjHq07j65nO3Pl2YOWe	SUNNY	[]	[2021]	1	1
26ECn7DzgrUo23kSC9KD7k	JUNGWOO	[]	[2021]	1	1
3w1F1NkM49AMSCmHWF1ixR	RENJUN	[]	[2021]	1	1
2v4Ft17lQrkbRUlw2oer4H	WWJ	[]	[2021]	1	0
7lhxw2OpjLMGTrlUobUN3F	Uncle Ben	['thai indie pop']	[2021]	1	0
7Dx7RhX0mFuXhCOUgB01uM	JJ Lin	['mandopop', 'singaporean mandopop', 'singaporean pop']	[2021]	1	1
47ni85HaUaSCCkDLkmJouA	LAZYHOLIC	['thai viral pop']	[2021]	1	0
6HlUN1Md7UT62mNJHOYRsK	PiXXiE	['t-pop girl group', 'thai pop']	[2021]	1	0
4yiQZ8tQPux8cPriYMWUFP	Gwen Stefani	['dance pop', 'pop']	[2021]	1	1
1UTPBmNbXNTittyMJrNkvw	Blake Shelton	['classic oklahoma country', 'contemporary country', 'country', 'country road']	[2021]	1	1
5B4kCOhcqTywB9YwXPfFtJ	Weird Genius	['indonesian edm']	[2021]	1	1
0wi4yTYlGtEnbGo4ltZTib	Shakin' Stevens	['classic uk pop', 'rockabilly']	[2021]	1	0
40JlNF1w2OiSOyj1nC4y0I	Joseph Vincent	['viral pop']	[2021]	1	0
5sL9SQbnub24DHQ2gITtEX	PLASUI PLASUI	['thai indie rock', 'thai shoegaze']	[2021]	1	0
0BqRGrwqndrtNkojXiqIzL	Whee In	['k-pop', 'korean ost']	[2021]	1	1
0cA67OQaC4zDkxvGmWqKu7	Jinyoung	[]	[2021]	1	0
2Mo2yHjmrDRZW7yRuJwR2w	YEONJUN	[]	[2021]	1	1
64tJ2EAv1R6UaZqc4iOCyj	YOASOBI	['j-pop', 'japanese teen pop']	[2021]	1	0
4wOAdZOMOVSwrZQxDYrUx3	WayV-TEN&YANGYANG	[]	[2021]	1	0
