artist_1	artist_2	count	song_ids
Dalex	Justin Quiles	14	['34ZngZgo8xicbt1EE8Ob8Z', '5Id5B3dxJZhPcV9GzgYZZe', '4GGwM2Krtlx9G9ii1RaEOx', '7anSoGdgtmJTAPZBzcPhO6', '1Xnn1TPyr5h0hpRAT4B4EA', '19VunfeIrl0bx984mJ810c', '7xJeg4TFZBwoK63G98YRaA', '4RjOEjzp0gCCgfCRbCNg5y', '0RDgqtvOHLwcI6yz9bjsZV', '7fODjB7BrQTGqh0hogW6XD', '3oCghu20Kto5Xcu8Pg0cit', '1ndyl3wJCFs872XZ3ztPk6', '2r5AwzCIgWw57ZYXuSIji6', '1qym5o53zYbVzQfi8Z64eO']
Dalex	Lenny Tavárez	14	['34ZngZgo8xicbt1EE8Ob8Z', '7g8YaUQABMal0zWe7a2ijz', '5Id5B3dxJZhPcV9GzgYZZe', '7anSoGdgtmJTAPZBzcPhO6', '4GGwM2Krtlx9G9ii1RaEOx', '01SMtfSbJlcxUdJvOofMOx', '1Xnn1TPyr5h0hpRAT4B4EA', '5stPVcRqb4qixbafP9e8lt', '4RjOEjzp0gCCgfCRbCNg5y', '50ZC4PM7hywH27RcCfViau', '0RDgqtvOHLwcI6yz9bjsZV', '7fODjB7BrQTGqh0hogW6XD', '3oCghu20Kto5Xcu8Pg0cit', '1ndyl3wJCFs872XZ3ztPk6']
TATOOL	Taiu	13	['6HVvoYxya254tV9ZeXKyTg', '4pXW6ZAHBz7ODXTRKklWrM', '3WLjt8WmbSYnoqzI9JLTQE', '7k1lxZqsXIVDnL1BFNaGKk', '6qvjLYh374hUwDg7bSsxog', '49rFA0vfmY9Eel2cInKmTk', '0TUW9faHNaBmi89wsYGp9y', '63M4JqRfjTp96CyUhNJUPC', '1KndT9AUpIaiFGMVkD8fMP', '5DnRyXSSthDLhRDuubZCVh', '7JS743HRDpx2NvoNQ39p4O', '51aMyZzlIOitdIA4vyF0JO', '5nHQCnYQIfzSc0Cai3KrXZ']
TATOOL	Trueno	13	['6HVvoYxya254tV9ZeXKyTg', '4pXW6ZAHBz7ODXTRKklWrM', '3WLjt8WmbSYnoqzI9JLTQE', '7k1lxZqsXIVDnL1BFNaGKk', '6qvjLYh374hUwDg7bSsxog', '49rFA0vfmY9Eel2cInKmTk', '0TUW9faHNaBmi89wsYGp9y', '63M4JqRfjTp96CyUhNJUPC', '1KndT9AUpIaiFGMVkD8fMP', '5DnRyXSSthDLhRDuubZCVh', '7JS743HRDpx2NvoNQ39p4O', '51aMyZzlIOitdIA4vyF0JO', '5nHQCnYQIfzSc0Cai3KrXZ']
Taiu	Trueno	13	['6HVvoYxya254tV9ZeXKyTg', '4pXW6ZAHBz7ODXTRKklWrM', '3WLjt8WmbSYnoqzI9JLTQE', '7k1lxZqsXIVDnL1BFNaGKk', '6qvjLYh374hUwDg7bSsxog', '49rFA0vfmY9Eel2cInKmTk', '0TUW9faHNaBmi89wsYGp9y', '63M4JqRfjTp96CyUhNJUPC', '1KndT9AUpIaiFGMVkD8fMP', '5DnRyXSSthDLhRDuubZCVh', '7JS743HRDpx2NvoNQ39p4O', '51aMyZzlIOitdIA4vyF0JO', '5nHQCnYQIfzSc0Cai3KrXZ']
Justin Quiles	Lenny Tavárez	13	['34ZngZgo8xicbt1EE8Ob8Z', '4RJz8NfIe09gpKMiRUWKhJ', '5Id5B3dxJZhPcV9GzgYZZe', '4GGwM2Krtlx9G9ii1RaEOx', '7anSoGdgtmJTAPZBzcPhO6', '1Xnn1TPyr5h0hpRAT4B4EA', '4RjOEjzp0gCCgfCRbCNg5y', '4MWb6mltydQn84NrTm7Gpl', '0RDgqtvOHLwcI6yz9bjsZV', '7fODjB7BrQTGqh0hogW6XD', '3oCghu20Kto5Xcu8Pg0cit', '1ndyl3wJCFs872XZ3ztPk6', '2w8SKQCnT2YQK1qCqKl2uW']
Dalex	Sech	12	['34ZngZgo8xicbt1EE8Ob8Z', '6C1jKbkCUgFws7M0M4oGCB', '7g8YaUQABMal0zWe7a2ijz', '5Id5B3dxJZhPcV9GzgYZZe', '1mF6sMUsRU9MisrdB9qWvg', '7anSoGdgtmJTAPZBzcPhO6', '19VunfeIrl0bx984mJ810c', '4RjOEjzp0gCCgfCRbCNg5y', '0RDgqtvOHLwcI6yz9bjsZV', '7fODjB7BrQTGqh0hogW6XD', '3oCghu20Kto5Xcu8Pg0cit', '2r5AwzCIgWw57ZYXuSIji6']
Arcángel	Myke Towers	12	['4xvTPuwHaXoDM3p0QcY7bH', '4yL2Z0APTcHIE9RJWVfTUt', '4oO8HV1rGgXIGklt8HYjJR', '1aUGxXCz9QimNkKeiJtzZ7', '5E97zd7EDczPvQ6GRNr6y2', '1QaCsLoKEWVujL3owyyei4', '3fhOpwaKobrELFjKLcXHgI', '2qtSblErXSxcloVCE1feG7', '4DAuAtmSJEYoCDR3xpeliX', '4jpzkaXeIglP7BfyhmtNW9', '5tx7TTJEcrV5642l0Sn2sD', '6K5BsR04ijf3FHNzjbaagD']
Justin Quiles	Sech	11	['34ZngZgo8xicbt1EE8Ob8Z', '5Id5B3dxJZhPcV9GzgYZZe', '7anSoGdgtmJTAPZBzcPhO6', '19VunfeIrl0bx984mJ810c', '3cg2Y9mIiYNdcPTLKaQgK3', '4RjOEjzp0gCCgfCRbCNg5y', '7lUdbnz7wsv3C9zzf4WHl9', '0RDgqtvOHLwcI6yz9bjsZV', '7fODjB7BrQTGqh0hogW6XD', '3oCghu20Kto5Xcu8Pg0cit', '2r5AwzCIgWw57ZYXuSIji6']
Nicky Jam	Sech	10	['3fOcw4ZP2bekIYuw6ymjYo', '4odViYSPthqtubEZHUvXUj', '7anSoGdgtmJTAPZBzcPhO6', '3dWpRjCmaHbroNahuSeX11', '5QXQy0f2q8wJNpPwJtjifx', '7lUdbnz7wsv3C9zzf4WHl9', '684EjRHwNsZQ9hCQxL4NYL', '26Qhn2T88XqVinXQpmSarj', '7fODjB7BrQTGqh0hogW6XD', '4bTZeO72FwMa6wKOiqoynL']
Farruko	Myke Towers	8	['4xvTPuwHaXoDM3p0QcY7bH', '0lCHRVlRZCEyLj3Gkc1nv1', '5KbBGUpIZd6gVFUU8tqYiQ', '1aUGxXCz9QimNkKeiJtzZ7', '4jMwPJMtMF977ciTvD5fwg', '70zg99pT51vB4wlMS7e4q7', '4gChz67rTHfVzKCZAHsifM', '6K5BsR04ijf3FHNzjbaagD']
Lenny Tavárez	Sech	8	['34ZngZgo8xicbt1EE8Ob8Z', '7g8YaUQABMal0zWe7a2ijz', '5Id5B3dxJZhPcV9GzgYZZe', '7anSoGdgtmJTAPZBzcPhO6', '4RjOEjzp0gCCgfCRbCNg5y', '0RDgqtvOHLwcI6yz9bjsZV', '7fODjB7BrQTGqh0hogW6XD', '3oCghu20Kto5Xcu8Pg0cit']
Farruko	Sech	8	['3dWpRjCmaHbroNahuSeX11', '4RjOEjzp0gCCgfCRbCNg5y', '35UUpTmrcFXNIVIN26ujXl', '684EjRHwNsZQ9hCQxL4NYL', '4gChz67rTHfVzKCZAHsifM', '7fODjB7BrQTGqh0hogW6XD', '3oCghu20Kto5Xcu8Pg0cit', '6K5BsR04ijf3FHNzjbaagD']
Feid	Justin Quiles	7	['34ZngZgo8xicbt1EE8Ob8Z', '5Id5B3dxJZhPcV9GzgYZZe', '7anSoGdgtmJTAPZBzcPhO6', '7lUdbnz7wsv3C9zzf4WHl9', '0RDgqtvOHLwcI6yz9bjsZV', '4TOmcZvw0gHa7GiXRbcYAW', '3iQOfefMGDVDwo8dZoco8T']
Anuel AA	Ozuna	7	['3jbT1Y5MoPwEIpZndDDwVq', '37zdqI4r1gswIzczSBkRon', '7mWFF4gPADjTQjC97CgFVt', '2f237byd0A2w0fLlnVDOV4', '2ksOAxtIxY8yElEWw8RhgK', '4bTZeO72FwMa6wKOiqoynL', '0KkIkfsLEJbrcIhYsCL7L5']
Myke Towers	Rauw Alejandro	7	['2B94bbI1a4LyBpK1439oP7', '2tGENA8xef0wABdHvyXwv9', '10u2iOS0r6plfb9GknD7g4', '7ndTONDDRFGiPnnhOzOXxq', '1dt2lHi5RCMPuxz4VxKYgi', '4jpzkaXeIglP7BfyhmtNW9', '7LE1K0lZyRFZjSlrnm7lfD']
J Balvin	Ozuna	7	['3fOcw4ZP2bekIYuw6ymjYo', '4odViYSPthqtubEZHUvXUj', '7mWFF4gPADjTQjC97CgFVt', '5QXQy0f2q8wJNpPwJtjifx', '5y7DaS3jAc9eZzcSOoUIwU', '2ksOAxtIxY8yElEWw8RhgK', '0KkIkfsLEJbrcIhYsCL7L5']
Nicky Jam	Ozuna	7	['3fOcw4ZP2bekIYuw6ymjYo', '29KkQi7wKF6IdOjwU8infb', '4odViYSPthqtubEZHUvXUj', '26NbqlL85qqnsZxJMT6IpZ', '5QXQy0f2q8wJNpPwJtjifx', '4PJ3umtW1aWdfh5EITHc6T', '4bTZeO72FwMa6wKOiqoynL']
Farruko	Justin Quiles	7	['0lCHRVlRZCEyLj3Gkc1nv1', '4GGwM2Krtlx9G9ii1RaEOx', '1Xnn1TPyr5h0hpRAT4B4EA', '4RjOEjzp0gCCgfCRbCNg5y', '7fODjB7BrQTGqh0hogW6XD', '3oCghu20Kto5Xcu8Pg0cit', '1ndyl3wJCFs872XZ3ztPk6']
Ozuna	Wisin	6	['1dFvzd0wivuzxU2BLcEynb', '5bDNU3Z4OOT2FeMxtbl8Kq', '3fhOpwaKobrELFjKLcXHgI', '4Vpwf76uBHswSRhhpg0llh', '4DAuAtmSJEYoCDR3xpeliX', '6qupqtadthQ2OtL376blXp']
Feid	Sech	6	['34ZngZgo8xicbt1EE8Ob8Z', '7g8YaUQABMal0zWe7a2ijz', '5Id5B3dxJZhPcV9GzgYZZe', '7anSoGdgtmJTAPZBzcPhO6', '7lUdbnz7wsv3C9zzf4WHl9', '0RDgqtvOHLwcI6yz9bjsZV']
Darell	Myke Towers	6	['4xvTPuwHaXoDM3p0QcY7bH', '5VImGHyEZhJz7hf0YTTi4t', '4yL2Z0APTcHIE9RJWVfTUt', '1aUGxXCz9QimNkKeiJtzZ7', '4o1DxRjMCHDwBiOKv88rOl', '1QaCsLoKEWVujL3owyyei4']
J Balvin	Sech	6	['3fOcw4ZP2bekIYuw6ymjYo', '4odViYSPthqtubEZHUvXUj', '5QXQy0f2q8wJNpPwJtjifx', '7lUdbnz7wsv3C9zzf4WHl9', '35UUpTmrcFXNIVIN26ujXl', '5zj8WNkBrEzlI5FKeYV4ol']
Darell	Nicky Jam	6	['3fOcw4ZP2bekIYuw6ymjYo', '4odViYSPthqtubEZHUvXUj', '5QXQy0f2q8wJNpPwJtjifx', '4lzxJ4jCuFDXXGkE1LmpKR', '23eecknvvR5iFTcuS9Dkfd', '4bTZeO72FwMa6wKOiqoynL']
Ozuna	Sech	6	['3fOcw4ZP2bekIYuw6ymjYo', '4odViYSPthqtubEZHUvXUj', '2aGN6PplBq0xigh2lmqLbw', '5QXQy0f2q8wJNpPwJtjifx', '6Y4PDQv4XjYjHLeLmvyOt0', '4bTZeO72FwMa6wKOiqoynL']
Dalex	Farruko	6	['4GGwM2Krtlx9G9ii1RaEOx', '1Xnn1TPyr5h0hpRAT4B4EA', '4RjOEjzp0gCCgfCRbCNg5y', '7fODjB7BrQTGqh0hogW6XD', '3oCghu20Kto5Xcu8Pg0cit', '1ndyl3wJCFs872XZ3ztPk6']
Farruko	Lenny Tavárez	6	['4GGwM2Krtlx9G9ii1RaEOx', '1Xnn1TPyr5h0hpRAT4B4EA', '4RjOEjzp0gCCgfCRbCNg5y', '7fODjB7BrQTGqh0hogW6XD', '3oCghu20Kto5Xcu8Pg0cit', '1ndyl3wJCFs872XZ3ztPk6']
Dalex	Dímelo Flow	6	['01SMtfSbJlcxUdJvOofMOx', '5stPVcRqb4qixbafP9e8lt', '4RjOEjzp0gCCgfCRbCNg5y', '50ZC4PM7hywH27RcCfViau', '3oCghu20Kto5Xcu8Pg0cit', '1qym5o53zYbVzQfi8Z64eO']
Bizarrap	Trueno	5	['0egDphqMcXZ9YeqvSBVRu3', '4pXW6ZAHBz7ODXTRKklWrM', '7ouulWlZPefmEIGYWNyiPH', '0TUW9faHNaBmi89wsYGp9y', '4jTKJOFxaqEcm558JYi4Dh']
Dalex	Feid	5	['34ZngZgo8xicbt1EE8Ob8Z', '7g8YaUQABMal0zWe7a2ijz', '5Id5B3dxJZhPcV9GzgYZZe', '7anSoGdgtmJTAPZBzcPhO6', '0RDgqtvOHLwcI6yz9bjsZV']
Feid	Lenny Tavárez	5	['34ZngZgo8xicbt1EE8Ob8Z', '7g8YaUQABMal0zWe7a2ijz', '5Id5B3dxJZhPcV9GzgYZZe', '7anSoGdgtmJTAPZBzcPhO6', '0RDgqtvOHLwcI6yz9bjsZV']
Darell	Sech	5	['3fOcw4ZP2bekIYuw6ymjYo', '4odViYSPthqtubEZHUvXUj', '1Ej96GIBCTvgH7tNX1r3qr', '5QXQy0f2q8wJNpPwJtjifx', '4bTZeO72FwMa6wKOiqoynL']
Arcángel	Sech	5	['1UHcnP31sAKOJFrEnyRNUz', '4Pu0a2TuHOYtI4CCE3HEXI', '3yoDVeVWIPSuH1IolXKA0X', '7sQKy5vlPQllr0k9IjYJv3', '6K5BsR04ijf3FHNzjbaagD']
Arcángel	De La Ghetto	5	['4yL2Z0APTcHIE9RJWVfTUt', '3pnpENd2PXAKuetjLIylEr', '4cno0k9jDEFpLAQyHNjqVx', '5E97zd7EDczPvQ6GRNr6y2', '4vjVdfdBHnUiaFCcUa3gfn']
Imanbek	SAINt JHN	5	['0zLCBJZSiELJf02ucPP9wb', '5f5tMrP3ZZbNtiLIHKOQLS', '24Yi9hE78yPEbZ4kxyoXAI', '2Wo6QQD1KMDWeFkkjLqwx5', '2zJ2jLVDrl1tfMZkR89j4k']
Myke Towers	Ozuna	5	['2tGENA8xef0wABdHvyXwv9', '67jvGGbJmOmVonlyX3mNkV', '3fhOpwaKobrELFjKLcXHgI', '2uu2aGqA2UblCg581Q7l1g', '4DAuAtmSJEYoCDR3xpeliX']
Farruko	NATTI NATASHA	5	['6nGM44ZP7vSo0istUW2MOq', '4GGwM2Krtlx9G9ii1RaEOx', '1Xnn1TPyr5h0hpRAT4B4EA', '0A37XY67wSdGqkGjtfW6aV', '1ndyl3wJCFs872XZ3ztPk6']
Arcángel	Darell	5	['4xvTPuwHaXoDM3p0QcY7bH', '4yL2Z0APTcHIE9RJWVfTUt', '1aUGxXCz9QimNkKeiJtzZ7', '1QaCsLoKEWVujL3owyyei4', '23eecknvvR5iFTcuS9Dkfd']
Chencho Corleone	Myke Towers	5	['2tGENA8xef0wABdHvyXwv9', '0lCHRVlRZCEyLj3Gkc1nv1', '1aUGxXCz9QimNkKeiJtzZ7', '2qtSblErXSxcloVCE1feG7', '5tx7TTJEcrV5642l0Sn2sD']
Anuel AA	Farruko	5	['5p3JJehpKHjr9pJT5eD2Lz', '7mWFF4gPADjTQjC97CgFVt', '0A37XY67wSdGqkGjtfW6aV', '4RjOEjzp0gCCgfCRbCNg5y', '3oCghu20Kto5Xcu8Pg0cit']
Anuel AA	Rauw Alejandro	5	['4loQgPwJHocL3dFwLfjb1J', '0A37XY67wSdGqkGjtfW6aV', '4RjOEjzp0gCCgfCRbCNg5y', '3oCghu20Kto5Xcu8Pg0cit', '7r9ZhitdQBONTFOiJW5mr8']
Dímelo Flow	Lenny Tavárez	5	['01SMtfSbJlcxUdJvOofMOx', '5stPVcRqb4qixbafP9e8lt', '4RjOEjzp0gCCgfCRbCNg5y', '50ZC4PM7hywH27RcCfViau', '3oCghu20Kto5Xcu8Pg0cit']
Bad Bunny	J Balvin	4	['25ZAibhr3bdlMCLmubZDVt', '0EhpEsp4L0oRGM0vmeaN5e', '0fea68AdmYNygeTGI4RC18', '4R8BJggjosTswLxtkw8V7P']
Daddy Yankee	Ozuna	4	['0wkr4KqObqC55h4U9wqwKn', '7mWFF4gPADjTQjC97CgFVt', '2ksOAxtIxY8yElEWw8RhgK', '0KkIkfsLEJbrcIhYsCL7L5']
Dalex	Rich Music LTD	4	['34ZngZgo8xicbt1EE8Ob8Z', '5Id5B3dxJZhPcV9GzgYZZe', '0RDgqtvOHLwcI6yz9bjsZV', '1qym5o53zYbVzQfi8Z64eO']
Justin Quiles	Rich Music LTD	4	['34ZngZgo8xicbt1EE8Ob8Z', '5Id5B3dxJZhPcV9GzgYZZe', '0RDgqtvOHLwcI6yz9bjsZV', '1qym5o53zYbVzQfi8Z64eO']
Omar Montes	Rvfv	4	['5SuAVjvO7r7n0v6ctuJ4L6', '6P2P7bd9VMY37tUbxf0PlW', '2HhmZirVUVPo4wWCgUU70P', '17VsiwLi1ovKYdVUqDieGC']
Dalex	Rauw Alejandro	4	['74j34STf8L6uADnTN69ohv', '4RjOEjzp0gCCgfCRbCNg5y', '50ZC4PM7hywH27RcCfViau', '3oCghu20Kto5Xcu8Pg0cit']
Dímelo Flow	Sech	4	['3oCghu20Kto5Xcu8Pg0cit', '4RjOEjzp0gCCgfCRbCNg5y', '7sQKy5vlPQllr0k9IjYJv3', '684EjRHwNsZQ9hCQxL4NYL']
Darell	NATTI NATASHA	4	['3fOcw4ZP2bekIYuw6ymjYo', '4odViYSPthqtubEZHUvXUj', '5VImGHyEZhJz7hf0YTTi4t', '5QXQy0f2q8wJNpPwJtjifx']
Anuel AA	Daddy Yankee	4	['7mWFF4gPADjTQjC97CgFVt', '2ksOAxtIxY8yElEWw8RhgK', '0KkIkfsLEJbrcIhYsCL7L5', '3kml9ZdpT7UYk1ugkjqOzt']
Black Eyed Peas	J. Rey Soul	4	['14wf185UxfNbSy8dwt4r4q', '04YutdH0j1INpsva3gOipt', '2g1ukx0VolwI31t8z5vprw', '24IgCW19L8lXKyFZwzFtD3']
Black Eyed Peas	Ozuna	4	['14wf185UxfNbSy8dwt4r4q', '04YutdH0j1INpsva3gOipt', '2g1ukx0VolwI31t8z5vprw', '24IgCW19L8lXKyFZwzFtD3']
J. Rey Soul	Ozuna	4	['14wf185UxfNbSy8dwt4r4q', '04YutdH0j1INpsva3gOipt', '2g1ukx0VolwI31t8z5vprw', '24IgCW19L8lXKyFZwzFtD3']
KAROL G	Ozuna	4	['2uu2aGqA2UblCg581Q7l1g', '2ksOAxtIxY8yElEWw8RhgK', '0KkIkfsLEJbrcIhYsCL7L5', '67jvGGbJmOmVonlyX3mNkV']
Farruko	Zion	4	['5p3JJehpKHjr9pJT5eD2Lz', '1ndyl3wJCFs872XZ3ztPk6', '6K5BsR04ijf3FHNzjbaagD', '684EjRHwNsZQ9hCQxL4NYL']
InnerCut	Juancho Marqués	4	['2U4upbdTGF37jCZyZjJjga', '05k3khLNk1GU3B6ebjNvPP', '0w9nGGC4dZnymAuoZBm6AI', '5BsmUIjgwobAwCh1WMvQip']
Daddy Yankee	J Balvin	4	['7mWFF4gPADjTQjC97CgFVt', '35UUpTmrcFXNIVIN26ujXl', '2ksOAxtIxY8yElEWw8RhgK', '0KkIkfsLEJbrcIhYsCL7L5']
NATTI NATASHA	Nicky Jam	4	['3fOcw4ZP2bekIYuw6ymjYo', '4odViYSPthqtubEZHUvXUj', '5QXQy0f2q8wJNpPwJtjifx', '203uubEQA07to1kbro35qQ']
DJ Snake	J Balvin	4	['3fOcw4ZP2bekIYuw6ymjYo', '4odViYSPthqtubEZHUvXUj', '6osaMSJh9NguagEDQcZaKx', '5QXQy0f2q8wJNpPwJtjifx']
DJ Snake	Ozuna	4	['3fOcw4ZP2bekIYuw6ymjYo', '4odViYSPthqtubEZHUvXUj', '5QXQy0f2q8wJNpPwJtjifx', '0KoiMHhqKLoL4xM54rcWYY']
Darell	Ozuna	4	['3fOcw4ZP2bekIYuw6ymjYo', '4odViYSPthqtubEZHUvXUj', '5QXQy0f2q8wJNpPwJtjifx', '4bTZeO72FwMa6wKOiqoynL']
J Balvin	Nicky Jam	4	['3fOcw4ZP2bekIYuw6ymjYo', '4odViYSPthqtubEZHUvXUj', '7lUdbnz7wsv3C9zzf4WHl9', '5QXQy0f2q8wJNpPwJtjifx']
Brray	Myke Towers	4	['5E97zd7EDczPvQ6GRNr6y2', '1QaCsLoKEWVujL3owyyei4', '6bvfJf4KjonPMuPfGfy3S2', '1mohfLaTJtB2RplHLQVM70']
Juanka	Myke Towers	4	['3fhOpwaKobrELFjKLcXHgI', '4DAuAtmSJEYoCDR3xpeliX', '6bvfJf4KjonPMuPfGfy3S2', '1mohfLaTJtB2RplHLQVM70']
DJ Nelson	Jay Wheeler	4	['4HYDUMY0xSpeBr0AMY9cUz', '1mrQYY0NATPCe7WOYcCKf1', '7LE1K0lZyRFZjSlrnm7lfD', '5E97zd7EDczPvQ6GRNr6y2']
Jay Wheeler	Myke Towers	4	['4HYDUMY0xSpeBr0AMY9cUz', '7LE1K0lZyRFZjSlrnm7lfD', '5E97zd7EDczPvQ6GRNr6y2', '4gChz67rTHfVzKCZAHsifM']
Lunay	Myke Towers	4	['0OoqRZXnSrgIUAha3iLKG1', '1QaCsLoKEWVujL3owyyei4', '7LE1K0lZyRFZjSlrnm7lfD', '2tGENA8xef0wABdHvyXwv9']
Anuel AA	J Balvin	4	['7mWFF4gPADjTQjC97CgFVt', '3qM0vBxIe4VUbK0Z0smuVP', '2ksOAxtIxY8yElEWw8RhgK', '0KkIkfsLEJbrcIhYsCL7L5']
Myke Towers	Sech	4	['047WmwIeerHyIUstFAEz5A', '4gChz67rTHfVzKCZAHsifM', '6K5BsR04ijf3FHNzjbaagD', '3RGg9W1OyEiRMwu1Qi45dW']
Justin Quiles	NATTI NATASHA	4	['1Xnn1TPyr5h0hpRAT4B4EA', '1ndyl3wJCFs872XZ3ztPk6', '7FhopXtl9z9YtD9NwUf9ss', '4GGwM2Krtlx9G9ii1RaEOx']
Lenny Tavárez	Rafa Pabön	4	['6t94PGXYAuo9GbJEnMpPcW', '57Ba26w9eoXx8BBUNgRNLV', '7g8YaUQABMal0zWe7a2ijz', '7anSoGdgtmJTAPZBzcPhO6']
Bad Bunny	Jhayco	4	['4R8BJggjosTswLxtkw8V7P', '4MzXwWMhyBbmu6hOcLVD49', '47EiUVwUp4C9fGccaPuUCS', '2tFwfmceQa1Y6nRPhYbEtC']
Farruko	Rauw Alejandro	4	['0A37XY67wSdGqkGjtfW6aV', '4RjOEjzp0gCCgfCRbCNg5y', '6mAN61JH0dzyZpWslS11jy', '3oCghu20Kto5Xcu8Pg0cit']
Lenny Tavárez	Rauw Alejandro	4	['3oCghu20Kto5Xcu8Pg0cit', '4RjOEjzp0gCCgfCRbCNg5y', '50ZC4PM7hywH27RcCfViau', '3dEtfTtCXWW7N8WQ9FD29z']
Myke Towers	Wisin	4	['3fhOpwaKobrELFjKLcXHgI', '4xvTPuwHaXoDM3p0QcY7bH', '2bgcUk2A3jjKbCJ7KPquTi', '4DAuAtmSJEYoCDR3xpeliX']
Anuel AA	KAROL G	4	['2w1rq80FIrbxeJy9WYURxw', '2ksOAxtIxY8yElEWw8RhgK', '0KkIkfsLEJbrcIhYsCL7L5', '5W83ErFkO3aKAIS1WMi6u0']
Rauw Alejandro	Sech	3	['2ISzmtY9Exy1IwmJj3Hc7P', '4RjOEjzp0gCCgfCRbCNg5y', '3oCghu20Kto5Xcu8Pg0cit']
Myke Towers	Zion & Lennox	3	['5E97zd7EDczPvQ6GRNr6y2', '4o1DxRjMCHDwBiOKv88rOl', '4YqeXl57vJDYuEdcOL1vRD']
Anuel AA	Myke Towers	3	['1kIWef5hc2uAqkNxOTakzP', '6bvfJf4KjonPMuPfGfy3S2', '1mohfLaTJtB2RplHLQVM70']
Myke Towers	NATTI NATASHA	3	['5VImGHyEZhJz7hf0YTTi4t', '1kIWef5hc2uAqkNxOTakzP', '203uubEQA07to1kbro35qQ']
Anuel AA	Bad Bunny	3	['4saHEjXw7O1NXJOzBkUKKG', '6NfC2FKfsfzuLIF4lThw0A', '06s3QtMJVXw1AJX3UfvZG1']
Jhayco	Lunay	3	['7LE1K0lZyRFZjSlrnm7lfD', '1QaCsLoKEWVujL3owyyei4', '3YLbntjcsRoButdoVta3rq']
Bizarrap	Nicki Nicole	3	['2mMZAd3ol9wGI2WJl4XJCF', '4pXW6ZAHBz7ODXTRKklWrM', '0TUW9faHNaBmi89wsYGp9y']
Feid	Rich Music LTD	3	['34ZngZgo8xicbt1EE8Ob8Z', '5Id5B3dxJZhPcV9GzgYZZe', '0RDgqtvOHLwcI6yz9bjsZV']
Lenny Tavárez	Rich Music LTD	3	['34ZngZgo8xicbt1EE8Ob8Z', '5Id5B3dxJZhPcV9GzgYZZe', '0RDgqtvOHLwcI6yz9bjsZV']
Rich Music LTD	Sech	3	['34ZngZgo8xicbt1EE8Ob8Z', '5Id5B3dxJZhPcV9GzgYZZe', '0RDgqtvOHLwcI6yz9bjsZV']
Bryant Myers	Lyanno	3	['74j34STf8L6uADnTN69ohv', '4PEfJZpVjdclfzZ9XO8uDw', '6mRO59X63upZzN5RVw5wNz']
Chencho Corleone	Rauw Alejandro	3	['74j34STf8L6uADnTN69ohv', '4SJHHpKhcuXwDsCsPqshXj', '2tGENA8xef0wABdHvyXwv9']
Lyanno	Rauw Alejandro	3	['74j34STf8L6uADnTN69ohv', '6mRO59X63upZzN5RVw5wNz', '3dEtfTtCXWW7N8WQ9FD29z']
Arcángel	Dímelo Flow	3	['5tx7TTJEcrV5642l0Sn2sD', '7sQKy5vlPQllr0k9IjYJv3', '2qtSblErXSxcloVCE1feG7']
Chimbala	Omar Montes	3	['2HhmZirVUVPo4wWCgUU70P', '3EWxpqOSP0KWgUmRiklqGy', '6djrkoJzbcRD041BQqJkBv']
Delaossa	KIDDO	3	['6OoLbehLxOLoa6c82xWjEG', '6gQoTxGvfaj1mrRw8ZmqhT', '5AQTFpm3oDPTenmw5Lmfoi']
Black Eyed Peas	J Balvin	3	['5NyS3oxTlos3Agl2YtZwrC', '6cy3ki60hLwimwIje7tALf', '4NCsrTzgVfsDo8nWyP8PPc']
Dímelo Flow	Farruko	3	['3oCghu20Kto5Xcu8Pg0cit', '4RjOEjzp0gCCgfCRbCNg5y', '684EjRHwNsZQ9hCQxL4NYL']
Farruko	Nicky Jam	3	['7fODjB7BrQTGqh0hogW6XD', '3dWpRjCmaHbroNahuSeX11', '684EjRHwNsZQ9hCQxL4NYL']
Sech	Zion	3	['5Id5B3dxJZhPcV9GzgYZZe', '6K5BsR04ijf3FHNzjbaagD', '684EjRHwNsZQ9hCQxL4NYL']
Manuel Turizo	Rauw Alejandro	3	['2SdwRMzLw1vKClRinPqtuU', '4s45VgkknMFkdiGoUcjxQU', '7ndTONDDRFGiPnnhOzOXxq']
Don Toliver	Gunna	3	['2DQNYMRjisN3KAPj1bEwOI', '4EZ1JcbxfbVwuQRDJFUrzK', '7hxHWCCAIIxFLCzvDgnQHX']
Don Toliver	Internet Money	3	['2DQNYMRjisN3KAPj1bEwOI', '4EZ1JcbxfbVwuQRDJFUrzK', '7hxHWCCAIIxFLCzvDgnQHX']
Don Toliver	NAV	3	['2DQNYMRjisN3KAPj1bEwOI', '4EZ1JcbxfbVwuQRDJFUrzK', '7hxHWCCAIIxFLCzvDgnQHX']
Gunna	Internet Money	3	['2DQNYMRjisN3KAPj1bEwOI', '4EZ1JcbxfbVwuQRDJFUrzK', '7hxHWCCAIIxFLCzvDgnQHX']
Gunna	NAV	3	['2DQNYMRjisN3KAPj1bEwOI', '4EZ1JcbxfbVwuQRDJFUrzK', '7hxHWCCAIIxFLCzvDgnQHX']
Internet Money	NAV	3	['2DQNYMRjisN3KAPj1bEwOI', '4EZ1JcbxfbVwuQRDJFUrzK', '7hxHWCCAIIxFLCzvDgnQHX']
Daddy Yankee	Sech	3	['5kbps8unnGH4raN5WduZuq', '35UUpTmrcFXNIVIN26ujXl', '113PlnpZbHd3WIqeYjhZWv']
Daviles de Novelda	Rvfv	3	['5SuAVjvO7r7n0v6ctuJ4L6', '3plOodIqdpJZhgk9ArnHtb', '17VsiwLi1ovKYdVUqDieGC']
Lalo Ebratt	Manuel Turizo	3	['3MR5Lnhd6uCIgLXSK7nmyX', '0LXk0yWcGfACtMKX0igobq', '2SdwRMzLw1vKClRinPqtuU']
DJ Luian	Mambo Kingz	3	['4xvTPuwHaXoDM3p0QcY7bH', '4lzxJ4jCuFDXXGkE1LmpKR', '203uubEQA07to1kbro35qQ']
DJ Snake	Darell	3	['3fOcw4ZP2bekIYuw6ymjYo', '4odViYSPthqtubEZHUvXUj', '5QXQy0f2q8wJNpPwJtjifx']
DJ Snake	NATTI NATASHA	3	['3fOcw4ZP2bekIYuw6ymjYo', '4odViYSPthqtubEZHUvXUj', '5QXQy0f2q8wJNpPwJtjifx']
DJ Snake	Nicky Jam	3	['3fOcw4ZP2bekIYuw6ymjYo', '4odViYSPthqtubEZHUvXUj', '5QXQy0f2q8wJNpPwJtjifx']
DJ Snake	Sech	3	['3fOcw4ZP2bekIYuw6ymjYo', '4odViYSPthqtubEZHUvXUj', '5QXQy0f2q8wJNpPwJtjifx']
Darell	J Balvin	3	['3fOcw4ZP2bekIYuw6ymjYo', '4odViYSPthqtubEZHUvXUj', '5QXQy0f2q8wJNpPwJtjifx']
J Balvin	NATTI NATASHA	3	['3fOcw4ZP2bekIYuw6ymjYo', '4odViYSPthqtubEZHUvXUj', '5QXQy0f2q8wJNpPwJtjifx']
NATTI NATASHA	Ozuna	3	['3fOcw4ZP2bekIYuw6ymjYo', '4odViYSPthqtubEZHUvXUj', '5QXQy0f2q8wJNpPwJtjifx']
NATTI NATASHA	Sech	3	['3fOcw4ZP2bekIYuw6ymjYo', '4odViYSPthqtubEZHUvXUj', '5QXQy0f2q8wJNpPwJtjifx']
Jhayco	Ozuna	3	['1NmQc6rwLv7g0UHL1AFOa9', '4CZtyjaSq1RilbT2b5oQrs', '0Cn8NxJZz7zUlsaA3rXoIU']
DJ Nelson	Myke Towers	3	['4HYDUMY0xSpeBr0AMY9cUz', '7LE1K0lZyRFZjSlrnm7lfD', '5E97zd7EDczPvQ6GRNr6y2']
Jhayco	Myke Towers	3	['4yL2Z0APTcHIE9RJWVfTUt', '7LE1K0lZyRFZjSlrnm7lfD', '1QaCsLoKEWVujL3owyyei4']
Lunay	Rauw Alejandro	3	['0A37XY67wSdGqkGjtfW6aV', '7LE1K0lZyRFZjSlrnm7lfD', '2tGENA8xef0wABdHvyXwv9']
Justin Quiles	Maluma	3	['7fODjB7BrQTGqh0hogW6XD', '4RJz8NfIe09gpKMiRUWKhJ', '7lUdbnz7wsv3C9zzf4WHl9']
Justin Quiles	Nicky Jam	3	['7fODjB7BrQTGqh0hogW6XD', '7lUdbnz7wsv3C9zzf4WHl9', '7anSoGdgtmJTAPZBzcPhO6']
Anuel AA	Nicky Jam	3	['4lzxJ4jCuFDXXGkE1LmpKR', '4bTZeO72FwMa6wKOiqoynL', '2pWOMNQJW3g2zmGjP0Vkb0']
Anuel AA	Sech	3	['3oCghu20Kto5Xcu8Pg0cit', '4RjOEjzp0gCCgfCRbCNg5y', '4bTZeO72FwMa6wKOiqoynL']
Arcángel	Farruko	3	['4xvTPuwHaXoDM3p0QcY7bH', '1aUGxXCz9QimNkKeiJtzZ7', '6K5BsR04ijf3FHNzjbaagD']
Sammy	Super Yei	3	['5DoLhdU27owX1NMrKLUbUl', '57Ba26w9eoXx8BBUNgRNLV', '6t94PGXYAuo9GbJEnMpPcW']
Dalex	NATTI NATASHA	3	['1Xnn1TPyr5h0hpRAT4B4EA', '1ndyl3wJCFs872XZ3ztPk6', '4GGwM2Krtlx9G9ii1RaEOx']
Lenny Tavárez	NATTI NATASHA	3	['1Xnn1TPyr5h0hpRAT4B4EA', '1ndyl3wJCFs872XZ3ztPk6', '4GGwM2Krtlx9G9ii1RaEOx']
Arcángel	Ñengo Flow	3	['4jpzkaXeIglP7BfyhmtNW9', '1aUGxXCz9QimNkKeiJtzZ7', '1QaCsLoKEWVujL3owyyei4']
Myke Towers	Ñengo Flow	3	['4jpzkaXeIglP7BfyhmtNW9', '1aUGxXCz9QimNkKeiJtzZ7', '1QaCsLoKEWVujL3owyyei4']
Brytiago	Darell	3	['1aUGxXCz9QimNkKeiJtzZ7', '4lzxJ4jCuFDXXGkE1LmpKR', '7q3NthaBqFI6s0WnAlnIvq']
Abraham Mateo	Sofía Reyes	3	['2zkVH2daHyjS51g7PRJFDn', '3MR5Lnhd6uCIgLXSK7nmyX', '5fxnoiUBJ5DMAQEYb2uFOr']
Arcángel	Chencho Corleone	3	['1aUGxXCz9QimNkKeiJtzZ7', '5tx7TTJEcrV5642l0Sn2sD', '2qtSblErXSxcloVCE1feG7']
Dímelo Flow	Justin Quiles	3	['3oCghu20Kto5Xcu8Pg0cit', '4RjOEjzp0gCCgfCRbCNg5y', '1qym5o53zYbVzQfi8Z64eO']
Dímelo Flow	Rauw Alejandro	3	['3oCghu20Kto5Xcu8Pg0cit', '4RjOEjzp0gCCgfCRbCNg5y', '50ZC4PM7hywH27RcCfViau']
Keen Levy	Rvfv	3	['1wuWd5tLOe1HogWSLuPVb7', '5SuAVjvO7r7n0v6ctuJ4L6', '4SPqRLaD6GI2ZdF8vyctsz']
Chencho Corleone	Dímelo Flow	3	['5stPVcRqb4qixbafP9e8lt', '5tx7TTJEcrV5642l0Sn2sD', '2qtSblErXSxcloVCE1feG7']
Arcángel	Ozuna	3	['3fhOpwaKobrELFjKLcXHgI', '29KkQi7wKF6IdOjwU8infb', '4DAuAtmSJEYoCDR3xpeliX']
Arcángel	Wisin	3	['3fhOpwaKobrELFjKLcXHgI', '4xvTPuwHaXoDM3p0QcY7bH', '4DAuAtmSJEYoCDR3xpeliX']
Dani Martín	Joaquín Sabina	3	['6b230QKlluW1wgkexEAjBa', '3qKzESguQJ7GpqWf6K2hOE', '21by4HhbV3w4uUNrotR02z']
Dalex	Zion	3	['1ndyl3wJCFs872XZ3ztPk6', '5Id5B3dxJZhPcV9GzgYZZe', '7xJeg4TFZBwoK63G98YRaA']
Justin Quiles	Zion	3	['1ndyl3wJCFs872XZ3ztPk6', '5Id5B3dxJZhPcV9GzgYZZe', '7xJeg4TFZBwoK63G98YRaA']
Arcángel	Bad Bunny	2	['4z6wo6PJG4Fve45OXK6D9m', '0fgsKar6uBO08vzHXkTjWi']
Aya Nakamura	Maluma	2	['6AzKhCHOms83jvNVLsz0Bt', '13vDU8nPsvTGEVTMB8Vw7g']
David Bisbal	India Martinez	2	['5Z3eEWd02O1RekV96ohDPx', '114xlNyBqwTIkOdrU8LajN']
David Bisbal	Manuel Carrasco	2	['5Z3eEWd02O1RekV96ohDPx', '114xlNyBqwTIkOdrU8LajN']
David Bisbal	Rozalén	2	['5Z3eEWd02O1RekV96ohDPx', '114xlNyBqwTIkOdrU8LajN']
David Bisbal	Vanesa Martín	2	['5Z3eEWd02O1RekV96ohDPx', '114xlNyBqwTIkOdrU8LajN']
India Martinez	Manuel Carrasco	2	['5Z3eEWd02O1RekV96ohDPx', '114xlNyBqwTIkOdrU8LajN']
India Martinez	Rozalén	2	['5Z3eEWd02O1RekV96ohDPx', '114xlNyBqwTIkOdrU8LajN']
India Martinez	Vanesa Martín	2	['5Z3eEWd02O1RekV96ohDPx', '114xlNyBqwTIkOdrU8LajN']
Manuel Carrasco	Rozalén	2	['5Z3eEWd02O1RekV96ohDPx', '114xlNyBqwTIkOdrU8LajN']
Manuel Carrasco	Vanesa Martín	2	['5Z3eEWd02O1RekV96ohDPx', '114xlNyBqwTIkOdrU8LajN']
Rozalén	Vanesa Martín	2	['5Z3eEWd02O1RekV96ohDPx', '114xlNyBqwTIkOdrU8LajN']
Anuel AA	NATTI NATASHA	2	['0A37XY67wSdGqkGjtfW6aV', '1kIWef5hc2uAqkNxOTakzP']
Llane	Manuel Turizo	2	['2DElz2QWtR8ME3VTXsOlWN', '2SdwRMzLw1vKClRinPqtuU']
Bizarrap	TATOOL	2	['4pXW6ZAHBz7ODXTRKklWrM', '0TUW9faHNaBmi89wsYGp9y']
Bizarrap	Taiu	2	['4pXW6ZAHBz7ODXTRKklWrM', '0TUW9faHNaBmi89wsYGp9y']
Nicki Nicole	TATOOL	2	['4pXW6ZAHBz7ODXTRKklWrM', '0TUW9faHNaBmi89wsYGp9y']
Nicki Nicole	Taiu	2	['4pXW6ZAHBz7ODXTRKklWrM', '0TUW9faHNaBmi89wsYGp9y']
Nicki Nicole	Trueno	2	['4pXW6ZAHBz7ODXTRKklWrM', '0TUW9faHNaBmi89wsYGp9y']
Los Legendarios	Ozuna	2	['7CkEK2UfXFs2862cmVwoYl', '1dFvzd0wivuzxU2BLcEynb']
Los Legendarios	Wisin	2	['2bgcUk2A3jjKbCJ7KPquTi', '1dFvzd0wivuzxU2BLcEynb']
Sinsinati	Álvaro De Luna	2	['1sPw28uimhBPPvxpwmfljV', '3u5GmyJP2MU3tEJgyiAG2T']
Bryant Myers	Rauw Alejandro	2	['74j34STf8L6uADnTN69ohv', '6mRO59X63upZzN5RVw5wNz']
Chencho Corleone	Dalex	2	['74j34STf8L6uADnTN69ohv', '5stPVcRqb4qixbafP9e8lt']
Chencho Corleone	KEVVO	2	['74j34STf8L6uADnTN69ohv', '1aUGxXCz9QimNkKeiJtzZ7']
Dalex	KEVVO	2	['74j34STf8L6uADnTN69ohv', '7xJeg4TFZBwoK63G98YRaA']
KEVVO	Rauw Alejandro	2	['74j34STf8L6uADnTN69ohv', '5Xe78U9cUwnWOuWbgYvAKZ']
Myke Towers	Yandel	2	['5VImGHyEZhJz7hf0YTTi4t', '1OW47kPsWJfvhcQ7V7XwhC']
Anuel AA	Kendo Kaponi	2	['0YbXuCsQwrsh5x0hgnED6z', '3kml9ZdpT7UYk1ugkjqOzt']
Aitana	Morat	2	['2V4hc5gplg7EXlrRUvD4rp', '00QBHaaP4KUcjlmxWriMbC']
David Bisbal	Juan Magán	2	['2qON8SpeBDBSoWCvDKuwbU', '7kcSKOl5rR4zGxFNYhkeRX']
Anuel AA	Tego Calderón	2	['2WzUy86kPLYRLRwLtinZ1x', '7KKh0ujp8agIiCrkiJhf81']
J Balvin	ROSALÍA	2	['35UUpTmrcFXNIVIN26ujXl', '2qG5sZ7Si6sdK74qLxedYM']
Morad	Rels B	2	['1uam9jorwMmFEeCM9CMsc9', '7LsEDRQJpwGYp5d3IfsQ5k']
Natos y Waor	Pablo Gareta	2	['0iLM2UXFnpMNh1I4mdiRmN', '50eA43Qqki1LhzdkQ5TvkK']
Bad Bunny	Eladio Carrion	2	['4jhHaLksdP8DJZzxYAjOSz', '38kLHBjtWJaPXcyFhwRVtI']
KAROL G	Myke Towers	2	['2uu2aGqA2UblCg581Q7l1g', '67jvGGbJmOmVonlyX3mNkV']
Justin Bieber	Quavo	2	['364dI1bYnvamSnBJ8JcNzN', '4umIPjkehX1r7uhmGvXiSV']
Delaossa	Gese Da O	2	['6OoLbehLxOLoa6c82xWjEG', '6gQoTxGvfaj1mrRw8ZmqhT']
Gese Da O	KIDDO	2	['6OoLbehLxOLoa6c82xWjEG', '6gQoTxGvfaj1mrRw8ZmqhT']
Dvicio	Taburete	2	['7chjOPhoxbpRYSrO1rvdnu', '0Y0T4EjRnR7sM2fTTygp2Y']
J Balvin	Mr Eazi	2	['5zzbORcD0GwLY0wQHP1Xs1', '2XghxCSGfhpGR2B3ahQXVr']
Pilar Moxó	Pole.	2	['3T1egHTtRtYoal4SPUJAAe', '5tzOL69W6lCp4gAomIXMnJ']
Farruko	Lunay	2	['0A37XY67wSdGqkGjtfW6aV', '684EjRHwNsZQ9hCQxL4NYL']
Manuel Turizo	Sebastian Yatra	2	['2SdwRMzLw1vKClRinPqtuU', '4s45VgkknMFkdiGoUcjxQU']
Rauw Alejandro	Sebastian Yatra	2	['2SdwRMzLw1vKClRinPqtuU', '4s45VgkknMFkdiGoUcjxQU']
Daddy Yankee	Farruko	2	['7mWFF4gPADjTQjC97CgFVt', '35UUpTmrcFXNIVIN26ujXl']
Farruko	J Balvin	2	['7mWFF4gPADjTQjC97CgFVt', '35UUpTmrcFXNIVIN26ujXl']
Bad Bunny	Tainy	2	['0EhpEsp4L0oRGM0vmeaN5e', '2TH65lNHgvLxCKXM3apjxI']
Axolotes Mexicanos	La La Love You	2	['70JnnNNAxPjvZGPwjJfX47', '5SeYlZyKVENMOxiSPQkKyw']
ONIRIA	TATOOL	2	['1KndT9AUpIaiFGMVkD8fMP', '49rFA0vfmY9Eel2cInKmTk']
ONIRIA	Taiu	2	['1KndT9AUpIaiFGMVkD8fMP', '49rFA0vfmY9Eel2cInKmTk']
ONIRIA	Trueno	2	['1KndT9AUpIaiFGMVkD8fMP', '49rFA0vfmY9Eel2cInKmTk']
BLACKPINK	Lady Gaga	2	['6R6ZoHTypt5lt68MWbzZXv', '1IWNylpZ477gIVUDpJL66u']
Noriel	Rauw Alejandro	2	['2B94bbI1a4LyBpK1439oP7', '5Xe78U9cUwnWOuWbgYvAKZ']
24kGoldn	iann dior	2	['3tjFYV6RSFtuktYl3ZtYcq', '6FuGJB290AQMAHTfjOYVaK']
Omar Montes	Robledo	2	['7pW8587r5IVPB4SgxNaPgI', '2N1YUkjeP4Zdbhhf0nKOoD']
Bad Bunny	Ñengo Flow	2	['53v2u51nq3CxiKUNphRzP1', '2DEZmgHKAvm41k4J3R2E9Y']
Daviles de Novelda	Omar Montes	2	['5SuAVjvO7r7n0v6ctuJ4L6', '17VsiwLi1ovKYdVUqDieGC']
Lalo Ebratt	Rauw Alejandro	2	['49QwoSLuV69Fd8bwTqdZvs', '2SdwRMzLw1vKClRinPqtuU']
Lalo Ebratt	Sebastian Yatra	2	['2SdwRMzLw1vKClRinPqtuU', '3mN2DtljBhnrIpc3Nu2pJ8']
Becky G	Farruko	2	['2y6EbYibgxMVQ0T5YjZYWN', '3dWpRjCmaHbroNahuSeX11']
Farruko	Guaynaa	2	['3dWpRjCmaHbroNahuSeX11', '4B2kFp1ulVz1FgwVYSShoj']
Alex Rose	Rafa Pabön	2	['5m3jpKkgkfoMcym1qjToFg', '1bRpSCFv6P2OUhciByeRYR']
BLACKPINK	Selena Gomez	2	['4JUPEh2DVSXFGExu4Uxevz', '2J4P46vCFm1rPkNkp9pZWX']
Bad Bunny	Sech	2	['38RIEav39FGi86jppxO0du', '3wYRLYuO1M88d8woWUIxct']
DJ Luian	Myke Towers	2	['4xvTPuwHaXoDM3p0QcY7bH', '203uubEQA07to1kbro35qQ']
DJ Luian	Nicky Jam	2	['4lzxJ4jCuFDXXGkE1LmpKR', '203uubEQA07to1kbro35qQ']
Mambo Kingz	Myke Towers	2	['4xvTPuwHaXoDM3p0QcY7bH', '203uubEQA07to1kbro35qQ']
Mambo Kingz	Nicky Jam	2	['4lzxJ4jCuFDXXGkE1LmpKR', '203uubEQA07to1kbro35qQ']
Manuel Turizo	Myke Towers	2	['203uubEQA07to1kbro35qQ', '7ndTONDDRFGiPnnhOzOXxq']
Manuel Turizo	NATTI NATASHA	2	['6nGM44ZP7vSo0istUW2MOq', '203uubEQA07to1kbro35qQ']
Myke Towers	Nicky Jam	2	['68mrW6gXHgupgSiDHgaDi5', '203uubEQA07to1kbro35qQ']
Funzo & Baby Loud	Pole.	2	['3yOmf3oK10XIVRc99bwSyO', '6vvSGoVQHk4fHVFpt4roGL']
Camin	JC Reyes	2	['4rEXT5xBIhARzf16JCh6ji', '6Vi8rWobVwobca5fR5WHVG']
Bad Bunny	Daddy Yankee	2	['69vlMrzHwATKzupwNcUPyK', '4t9a07PAghtQMRAIP9FQ7Z']
Kidd Keo	Yay	2	['22YVt0f3WR4XaK6l1TEgOr', '6UU24wuWgGwuSBAxDH866Z']
Anuel AA	Brray	2	['6bvfJf4KjonPMuPfGfy3S2', '1mohfLaTJtB2RplHLQVM70']
Anuel AA	Juanka	2	['6bvfJf4KjonPMuPfGfy3S2', '1mohfLaTJtB2RplHLQVM70']
Anuel AA	Nio Garcia	2	['6bvfJf4KjonPMuPfGfy3S2', '1mohfLaTJtB2RplHLQVM70']
Brray	Juanka	2	['6bvfJf4KjonPMuPfGfy3S2', '1mohfLaTJtB2RplHLQVM70']
Brray	Nio Garcia	2	['6bvfJf4KjonPMuPfGfy3S2', '1mohfLaTJtB2RplHLQVM70']
Juanka	Nio Garcia	2	['6bvfJf4KjonPMuPfGfy3S2', '1mohfLaTJtB2RplHLQVM70']
Myke Towers	Nio Garcia	2	['6bvfJf4KjonPMuPfGfy3S2', '1mohfLaTJtB2RplHLQVM70']
Becky G	Zion & Lennox	2	['5E97zd7EDczPvQ6GRNr6y2', '2y6EbYibgxMVQ0T5YjZYWN']
Ariana Grande	Lady Gaga	2	['24ySl2hOPGCDcxBxFIqWBu', '7ju97lgwC2rKQ6wwsf9no9']
Jay Wheeler	Rauw Alejandro	2	['7LE1K0lZyRFZjSlrnm7lfD', '5Xe78U9cUwnWOuWbgYvAKZ']
Brytiago	Rauw Alejandro	2	['5Xe78U9cUwnWOuWbgYvAKZ', '28MQqYBRGytyNKE263ASRM']
Arcángel	Eladio Carrion	2	['4vjVdfdBHnUiaFCcUa3gfn', '3pnpENd2PXAKuetjLIylEr']
Arcángel	Justin Quiles	2	['4vjVdfdBHnUiaFCcUa3gfn', '3pnpENd2PXAKuetjLIylEr']
De La Ghetto	Eladio Carrion	2	['4vjVdfdBHnUiaFCcUa3gfn', '3pnpENd2PXAKuetjLIylEr']
De La Ghetto	Justin Quiles	2	['4vjVdfdBHnUiaFCcUa3gfn', '3pnpENd2PXAKuetjLIylEr']
Eladio Carrion	Justin Quiles	2	['4vjVdfdBHnUiaFCcUa3gfn', '3pnpENd2PXAKuetjLIylEr']
Delaossa	Hard GZ	2	['7hvmbqGlRedq7M2nJPcOUa', '3n3TDn3kaH4Avp8NG7LVtq']
Delaossa	Lupita's Friends	2	['7hvmbqGlRedq7M2nJPcOUa', '3n3TDn3kaH4Avp8NG7LVtq']
Hard GZ	Lupita's Friends	2	['7hvmbqGlRedq7M2nJPcOUa', '3n3TDn3kaH4Avp8NG7LVtq']
Feid	Nicky Jam	2	['7lUdbnz7wsv3C9zzf4WHl9', '7anSoGdgtmJTAPZBzcPhO6']
J Balvin	Maluma	2	['5099x34vBakWpGkHourFxP', '7lUdbnz7wsv3C9zzf4WHl9']
Maluma	Nicky Jam	2	['7fODjB7BrQTGqh0hogW6XD', '7lUdbnz7wsv3C9zzf4WHl9']
Maluma	Sech	2	['7fODjB7BrQTGqh0hogW6XD', '7lUdbnz7wsv3C9zzf4WHl9']
Brytiago	Jay Wheeler	2	['15zGj634ctKvXflVumO5Qq', '5Xe78U9cUwnWOuWbgYvAKZ']
Brytiago	KEVVO	2	['1aUGxXCz9QimNkKeiJtzZ7', '5Xe78U9cUwnWOuWbgYvAKZ']
KEVVO	Noriel	2	['5Xe78U9cUwnWOuWbgYvAKZ', '7xJeg4TFZBwoK63G98YRaA']
Camilo	Pedro Capó	2	['1Ol5LmdNDNpFu1oNwfgkux', '1nocRtwyNPVtGcIJqfgdzZ']
Chris Viz	Young Vene	2	['1KfrcxnOLyDhd3p4hGrhVe', '0Hv33beQ6rSQPnRPlt83O8']
Alvaro Soler	Sofia Ellar	2	['5Z3eEWd02O1RekV96ohDPx', '6H2P5S8Aa3an5LNuhd1DqI']
(G)I-DLE	K/DA	2	['2V4Fx72svQRxrFvNT1eq5f', '6juLaduD4STCUDWT0AYun4']
(G)I-DLE	League of Legends	2	['2V4Fx72svQRxrFvNT1eq5f', '6juLaduD4STCUDWT0AYun4']
K/DA	League of Legends	2	['2V4Fx72svQRxrFvNT1eq5f', '6juLaduD4STCUDWT0AYun4']
Anuel AA	Darell	2	['4lzxJ4jCuFDXXGkE1LmpKR', '4bTZeO72FwMa6wKOiqoynL']
Juacko	Ptazeta	2	['2ZpP2JzjOHH002EA7ybQXc', '55C0glNSvxJDCfgHwiCZb1']
J Balvin	Jhayco	2	['4R8BJggjosTswLxtkw8V7P', '3qM0vBxIe4VUbK0Z0smuVP']
BRONQUIO	Natalia Lacunza	2	['2v7qpF9B6c8BZvO5RfOW1U', '4Le4zVBAZ7T5QsadFeXb01']
C. Tangana	Jambo	2	['5ZwWpXdfQSgT4393X4a49t', '7pyTOEKYoFAjUX7U4kARBf']
C. Tangana	Royce Rolo	2	['5ZwWpXdfQSgT4393X4a49t', '7pyTOEKYoFAjUX7U4kARBf']
C. Tangana	Sticky M.A.	2	['5ZwWpXdfQSgT4393X4a49t', '7pyTOEKYoFAjUX7U4kARBf']
Jambo	Royce Rolo	2	['5ZwWpXdfQSgT4393X4a49t', '7pyTOEKYoFAjUX7U4kARBf']
Jambo	Sticky M.A.	2	['5ZwWpXdfQSgT4393X4a49t', '7pyTOEKYoFAjUX7U4kARBf']
Royce Rolo	Sticky M.A.	2	['5ZwWpXdfQSgT4393X4a49t', '7pyTOEKYoFAjUX7U4kARBf']
Anuel AA	Lunay	2	['0A37XY67wSdGqkGjtfW6aV', '37zdqI4r1gswIzczSBkRon']
Lunay	Ozuna	2	['2tGENA8xef0wABdHvyXwv9', '37zdqI4r1gswIzczSBkRon']
J Balvin	Jowell & Randy	2	['0cRgJuB6TRtb5RZ2HkjSLh', '5iw28wvyHgj4ppOu5AdcEU']
Jone Quest	Sammy	2	['5DoLhdU27owX1NMrKLUbUl', '57Ba26w9eoXx8BBUNgRNLV']
Jone Quest	Super Yei	2	['5DoLhdU27owX1NMrKLUbUl', '57Ba26w9eoXx8BBUNgRNLV']
Lenny Tavárez	Myke Towers	2	['57Ba26w9eoXx8BBUNgRNLV', '6t94PGXYAuo9GbJEnMpPcW']
Lenny Tavárez	Sammy	2	['57Ba26w9eoXx8BBUNgRNLV', '6t94PGXYAuo9GbJEnMpPcW']
Lenny Tavárez	Super Yei	2	['57Ba26w9eoXx8BBUNgRNLV', '6t94PGXYAuo9GbJEnMpPcW']
Myke Towers	Rafa Pabön	2	['57Ba26w9eoXx8BBUNgRNLV', '6t94PGXYAuo9GbJEnMpPcW']
Myke Towers	Sammy	2	['57Ba26w9eoXx8BBUNgRNLV', '6t94PGXYAuo9GbJEnMpPcW']
Myke Towers	Super Yei	2	['57Ba26w9eoXx8BBUNgRNLV', '6t94PGXYAuo9GbJEnMpPcW']
Rafa Pabön	Sammy	2	['57Ba26w9eoXx8BBUNgRNLV', '6t94PGXYAuo9GbJEnMpPcW']
Rafa Pabön	Super Yei	2	['57Ba26w9eoXx8BBUNgRNLV', '6t94PGXYAuo9GbJEnMpPcW']
C. Tangana	Niño de Elche	2	['42C5Bbb4dHwS5OFMvtGkG2', '0XinBYhf1X3kdvKQHOX971']
ChocQuibTown	Dvicio	2	['0AJKRuWjsVn6B43gm5HfjV', '0cDumxvNKhydP1Cmon2S6E']
ChocQuibTown	Reik	2	['0AJKRuWjsVn6B43gm5HfjV', '0cDumxvNKhydP1Cmon2S6E']
Dvicio	Reik	2	['0AJKRuWjsVn6B43gm5HfjV', '0cDumxvNKhydP1Cmon2S6E']
Anitta	Dalex	2	['1Xnn1TPyr5h0hpRAT4B4EA', '4GGwM2Krtlx9G9ii1RaEOx']
Anitta	Farruko	2	['1Xnn1TPyr5h0hpRAT4B4EA', '4GGwM2Krtlx9G9ii1RaEOx']
Anitta	Justin Quiles	2	['1Xnn1TPyr5h0hpRAT4B4EA', '4GGwM2Krtlx9G9ii1RaEOx']
Anitta	Lenny Tavárez	2	['1Xnn1TPyr5h0hpRAT4B4EA', '4GGwM2Krtlx9G9ii1RaEOx']
Anitta	NATTI NATASHA	2	['1Xnn1TPyr5h0hpRAT4B4EA', '4GGwM2Krtlx9G9ii1RaEOx']
Arcángel	Rauw Alejandro	2	['4jpzkaXeIglP7BfyhmtNW9', '4bEwaORm2IBfu3omjEna7I']
Aitana	Sebastian Yatra	2	['4yWFdN9K3CgzPfMltDZ8Cj', '3OL6rKs4tpYCdPZ9SEx50p']
Dani Fernández	Nil Moliner	2	['1FATBmnU4iDkGOv5cw46QH', '4pZexFtInZMw1mf6S5l13M']
Chencho Corleone	Farruko	2	['1aUGxXCz9QimNkKeiJtzZ7', '0lCHRVlRZCEyLj3Gkc1nv1']
Darell	Farruko	2	['4xvTPuwHaXoDM3p0QcY7bH', '1aUGxXCz9QimNkKeiJtzZ7']
Darell	Ñengo Flow	2	['1aUGxXCz9QimNkKeiJtzZ7', '1QaCsLoKEWVujL3owyyei4']
Farruko	KEVVO	2	['1aUGxXCz9QimNkKeiJtzZ7', '4B2kFp1ulVz1FgwVYSShoj']
Blasfem	FERNANDOCOSTA	2	['2ukLSDzOij0FvcQkb61bda', '7BMdZsDXxPH6Db3Ug6A2q2']
Anuel AA	Dalex	2	['3oCghu20Kto5Xcu8Pg0cit', '4RjOEjzp0gCCgfCRbCNg5y']
Anuel AA	Dímelo Flow	2	['3oCghu20Kto5Xcu8Pg0cit', '4RjOEjzp0gCCgfCRbCNg5y']
Anuel AA	Justin Quiles	2	['3oCghu20Kto5Xcu8Pg0cit', '4RjOEjzp0gCCgfCRbCNg5y']
Anuel AA	Lenny Tavárez	2	['3oCghu20Kto5Xcu8Pg0cit', '4RjOEjzp0gCCgfCRbCNg5y']
Justin Quiles	Rauw Alejandro	2	['3oCghu20Kto5Xcu8Pg0cit', '4RjOEjzp0gCCgfCRbCNg5y']
Dalex	Nicky Jam	2	['7fODjB7BrQTGqh0hogW6XD', '7anSoGdgtmJTAPZBzcPhO6']
Dalex	Rafa Pabön	2	['7g8YaUQABMal0zWe7a2ijz', '7anSoGdgtmJTAPZBzcPhO6']
Feid	Rafa Pabön	2	['7g8YaUQABMal0zWe7a2ijz', '7anSoGdgtmJTAPZBzcPhO6']
Lenny Tavárez	Nicky Jam	2	['7fODjB7BrQTGqh0hogW6XD', '7anSoGdgtmJTAPZBzcPhO6']
Rafa Pabön	Sech	2	['7g8YaUQABMal0zWe7a2ijz', '7anSoGdgtmJTAPZBzcPhO6']
Lenny Tavárez	Maluma	2	['7fODjB7BrQTGqh0hogW6XD', '4RJz8NfIe09gpKMiRUWKhJ']
Bandaga	Maka	2	['56HoyK9U06YClpkvOqfWpM', '3ccfqBudQ4s6pECQLIpWvF']
DELLAFUENTE	Maka	2	['0Pa0bQeO45G4ZUHIqVM5y6', '4AsrtM9cxSYQJLp1978fm4']
Lérica	Omar Montes	2	['4punHldq7Jfx0Plu7SdjQ0', '5d0Xm7KIWwu4QPghrQl8G0']
Aitana	David Bisbal	2	['35qwAQ3oZeKAMhR3hCV9IM', '5agt9CgF8dTRXgNtn1zflm']
Farruko	Jay Wheeler	2	['2mM3gZ0BbPwPPMelbA8vgt', '4gChz67rTHfVzKCZAHsifM']
DaBaby	Dua Lipa	2	['5nujrmhLynf4yMoMtj8AQF', '6OqrJqDMu15AGJHJazg9Nr']
Dualy	Hard GZ	2	['6rwYZI7sVX2fIdTmc27flL', '6Z1tZjQzSgEVoLYc5FE7pw']
Chimbala	Juan Magán	2	['6BmheHl86eDXS2LT8WwMTs', '3EWxpqOSP0KWgUmRiklqGy']
Anuel AA	Casper Magico	2	['0stKSegkdrfLTDvm5sIO38', '46V4kseB66GjFGklCgynGX']
Maluma	Myke Towers	2	['70zg99pT51vB4wlMS7e4q7', '19OXtYzrJyCrQvTbfukt4H']
Cali Y El Dandee	Reik	2	['6CjbapUTRa0QabxJajf6pU', '4QtQgsK7DChmU4EM5NtqyK']
Dani Martín	Juanes	2	['4NwT8CQGZbV067Y2vstNVF', '6HboVMO4VF8gQUtR6ZQttz']
Dua Lipa	Miley Cyrus	2	['2Oycxb8QbPkpHTo8ZrmG0B', '5JqZ3oqF00jkT81foAFvqg']
Eladio Carrion	Lunay	2	['5IjOqh4XLyjHINuOGolmAt', '0lbhKycRyqkOMKZ6thzfU4']
Eladio Carrion	Wisin & Yandel	2	['5IjOqh4XLyjHINuOGolmAt', '0lbhKycRyqkOMKZ6thzfU4']
Eladio Carrion	Zion & Lennox	2	['5IjOqh4XLyjHINuOGolmAt', '0lbhKycRyqkOMKZ6thzfU4']
Lunay	Wisin & Yandel	2	['5IjOqh4XLyjHINuOGolmAt', '0lbhKycRyqkOMKZ6thzfU4']
Lunay	Zion & Lennox	2	['5IjOqh4XLyjHINuOGolmAt', '0lbhKycRyqkOMKZ6thzfU4']
Wisin & Yandel	Zion & Lennox	2	['5IjOqh4XLyjHINuOGolmAt', '0lbhKycRyqkOMKZ6thzfU4']
Jhayco	Ñengo Flow	2	['2omuboPrC7ivHRrtUgF2JM', '1QaCsLoKEWVujL3owyyei4']
Pablo Mas	Rvfv	2	['0VLIfeftkYpJgzqUvJc0BP', '43ic0un1f9Nak0ZCQgvKjY']
El Alfa	Justin Quiles	2	['0lCHRVlRZCEyLj3Gkc1nv1', '0eeKDrQxjqNl5bX5VCHDcn']
El Alfa	Myke Towers	2	['0lCHRVlRZCEyLj3Gkc1nv1', '047WmwIeerHyIUstFAEz5A']
Alex Martini	Robledo	2	['5mBWQ675Eb4j4fn6iuNnOe', '7pW8587r5IVPB4SgxNaPgI']
Justin Bieber	Shawn Mendes	2	['1HbA4N1MiOsPthALesGFR1', '2Z8yfpFX0ZMavHkcIeHiO1']
El Alfa	Lil Pump	2	['7FbKipScVxkjQxQXwTd0gL', '047WmwIeerHyIUstFAEz5A']
Farruko	Maluma	2	['7fODjB7BrQTGqh0hogW6XD', '70zg99pT51vB4wlMS7e4q7']
Aitana	Cali Y El Dandee	2	['1MXzojJav1N4cREWTFm1iZ', '5Cbo7oz78gqkzV3EAM63VA']
Arcángel	Wisin & Yandel	2	['5tx7TTJEcrV5642l0Sn2sD', '2qtSblErXSxcloVCE1feG7']
Chencho Corleone	Wisin & Yandel	2	['5tx7TTJEcrV5642l0Sn2sD', '2qtSblErXSxcloVCE1feG7']
Dímelo Flow	Myke Towers	2	['5tx7TTJEcrV5642l0Sn2sD', '2qtSblErXSxcloVCE1feG7']
Dímelo Flow	Wisin & Yandel	2	['5tx7TTJEcrV5642l0Sn2sD', '2qtSblErXSxcloVCE1feG7']
Myke Towers	Wisin & Yandel	2	['5tx7TTJEcrV5642l0Sn2sD', '2qtSblErXSxcloVCE1feG7']
Duki	Pablo Chill-E	2	['5widvMUA2hiilH1RpOl5aM', '1V8XneTrX6kKeoxYbk4x6h']
Jennifer Lopez	Maluma	2	['2wUgG5Fr9PQcIbKRfVJ76C', '4agLM5EfiWR2AKMq7gFwcM']
Arcángel	Cosculluela	2	['3fhOpwaKobrELFjKLcXHgI', '4DAuAtmSJEYoCDR3xpeliX']
Arcángel	Juanka	2	['3fhOpwaKobrELFjKLcXHgI', '4DAuAtmSJEYoCDR3xpeliX']
Cosculluela	Juanka	2	['3fhOpwaKobrELFjKLcXHgI', '4DAuAtmSJEYoCDR3xpeliX']
Cosculluela	Myke Towers	2	['3fhOpwaKobrELFjKLcXHgI', '4DAuAtmSJEYoCDR3xpeliX']
Cosculluela	Ozuna	2	['3fhOpwaKobrELFjKLcXHgI', '4DAuAtmSJEYoCDR3xpeliX']
Cosculluela	Wisin	2	['3fhOpwaKobrELFjKLcXHgI', '4DAuAtmSJEYoCDR3xpeliX']
Juanka	Ozuna	2	['3fhOpwaKobrELFjKLcXHgI', '4DAuAtmSJEYoCDR3xpeliX']
Juanka	Wisin	2	['3fhOpwaKobrELFjKLcXHgI', '4DAuAtmSJEYoCDR3xpeliX']
C. Tangana	ROSALÍA	2	['4Dl8bEzhAEGbcwkQawS1XG', '7aFBy1CBLGnZE1Iv6TvEZE']
Morad	SHB	2	['3bfUya6pPJwpv5D2xQvUye', '4twCtcHuR5RePZF5tHDJKc']
Lil Uzi Vert	StaySolidRocky	2	['1eIsyfDHoEbemSnQFsgyAv', '0XkmeG97T4mtYlWRJcrxec']
Juhn	Lenny Tavárez	2	['5stPVcRqb4qixbafP9e8lt', '6djrkoJzbcRD041BQqJkBv']
Anuel AA	Yandel	2	['09yuQ2v1mHGWZVrpQB1Oj4', '0YbXuCsQwrsh5x0hgnED6z']
Anuel AA	Ñengo Flow	2	['2uy5wXDZQcdd89PvDBSfyy', '0YbXuCsQwrsh5x0hgnED6z']
Alvaro Diaz	Tainy	2	['5Bc130ZswADfOY9bxk1y98', '3mr13zNWprAzYYY0RinBCp']
ROSALÍA	Travis Scott	2	['4w47S36wQGBhGg073q3nt7', '7h0d2h0fUmzbs7zeFigJPn']
Arcángel	El Alfa	2	['29KkQi7wKF6IdOjwU8infb', '23eecknvvR5iFTcuS9Dkfd']
Arcángel	Nicky Jam	2	['29KkQi7wKF6IdOjwU8infb', '23eecknvvR5iFTcuS9Dkfd']
El Alfa	Nicky Jam	2	['29KkQi7wKF6IdOjwU8infb', '23eecknvvR5iFTcuS9Dkfd']
Abraham Mateo	Manuel Turizo	2	['3MR5Lnhd6uCIgLXSK7nmyX', '5NJSLryp5WviTmppF33Peg']
Camila Cabello	Shawn Mendes	2	['6v3KW9xbzN5yKLt9YKDYA2', '66VenHDtrQAw7FCjyF2J56']
DJ Luian	Darell	2	['4xvTPuwHaXoDM3p0QcY7bH', '4lzxJ4jCuFDXXGkE1LmpKR']
Darell	Mambo Kingz	2	['4xvTPuwHaXoDM3p0QcY7bH', '4lzxJ4jCuFDXXGkE1LmpKR']
Black Eyed Peas	Maluma	2	['2nfFzgqp18tzFWrUCxFHpo', '0pGC7cwCOakpvCFYiawNhM']
Andrés Suárez	Rozalén	2	['5Z3eEWd02O1RekV96ohDPx', '3qKzESguQJ7GpqWf6K2hOE']
J Balvin	Tainy	2	['0EhpEsp4L0oRGM0vmeaN5e', '1pqnQ41XbfKjaFu6M0eGJp']
Camilo	Rauw Alejandro	2	['4G3PTss3mU33Tau7t4KbwE', '4ZRrLHqzhGRXYj2qcB4s5S']
Alejandro Sanz	TINI	2	['0KTwYI4vwidX9qip7ViAEQ', '5L3kJqFfHgE0JzLqBoyQlB']
Mr. Naisgai	Rauw Alejandro	2	['7IZn95vTYrhHRbFmZsdD2A', '4QSCkYRmv06vKZjXPoarXz']
Daddy Yankee	KAROL G	2	['2ksOAxtIxY8yElEWw8RhgK', '0KkIkfsLEJbrcIhYsCL7L5']
J Balvin	KAROL G	2	['2ksOAxtIxY8yElEWw8RhgK', '0KkIkfsLEJbrcIhYsCL7L5']
Chencho Corleone	Ozuna	2	['5y7DaS3jAc9eZzcSOoUIwU', '2tGENA8xef0wABdHvyXwv9']
Darell	El Alfa	2	['23eecknvvR5iFTcuS9Dkfd', '4xI3U4sDj1TPmO9Iz5TkYp']
Lenny Tavárez	Zion	2	['1ndyl3wJCFs872XZ3ztPk6', '5Id5B3dxJZhPcV9GzgYZZe']
KHEA	Lenny Santos	2	['6C6mUonH6MNdSg5pw7kOc9', '59nnGpAU3AiL2tD0o2It11']
Estopa	Rozalén	2	['7BHiGNHqbH89W8ftWrI3tc', '0n2lJjskWdFCvLI3ExAGha']
Aitana	Marmi	2	['1eWWdO6oIBdJT8SCXaYCYV', '4dEeGyC2qgWF6K8zTJ2kvP']
Arcángel	Jhayco	2	['4yL2Z0APTcHIE9RJWVfTUt', '1QaCsLoKEWVujL3owyyei4']
Darell	Jhayco	2	['4yL2Z0APTcHIE9RJWVfTUt', '1QaCsLoKEWVujL3owyyei4']
De La Ghetto	Myke Towers	2	['5E97zd7EDczPvQ6GRNr6y2', '4yL2Z0APTcHIE9RJWVfTUt']
De La Ghetto	Zion & Lennox	2	['3MR5Lnhd6uCIgLXSK7nmyX', '5E97zd7EDczPvQ6GRNr6y2']
Arcángel	Brray	2	['5E97zd7EDczPvQ6GRNr6y2', '1QaCsLoKEWVujL3owyyei4']
Becky G	Myke Towers	2	['5E97zd7EDczPvQ6GRNr6y2', '2uhMYJq2TODWBuZhHRrdWy']
Myke Towers	Sky Rompiendo	2	['10u2iOS0r6plfb9GknD7g4', '1dt2lHi5RCMPuxz4VxKYgi']
Rauw Alejandro	Sky Rompiendo	2	['10u2iOS0r6plfb9GknD7g4', '1dt2lHi5RCMPuxz4VxKYgi']
Bad Bunny	Yandel	1	['3pm4XtcsRIFFtH2UErk62R']
Reik	Sebastian Yatra	1	['2vrpcQNg6itmgVZWsNjWe0']
Arcángel	Kendo Kaponi	1	['0fgsKar6uBO08vzHXkTjWi']
Bad Bunny	Kendo Kaponi	1	['0fgsKar6uBO08vzHXkTjWi']
Juan Magán	Lennis Rodriguez	1	['0hAfLLkw3l8ZZ8jYsPqbls']
"Gotay ""El Autentiko"""	Ozuna	1	['6qupqtadthQ2OtL376blXp']
"Gotay ""El Autentiko"""	Wisin	1	['6qupqtadthQ2OtL376blXp']
NATHY PELUSO	Rels B	1	['7B5H39EGyskcG7OloPZi3I']
Anuel AA	Enrique Iglesias	1	['2hDe0Ls5mVqs1XJqv7sbcM']
Maluma	The Weeknd	1	['0GzuHFG4Ql6DoyxFRnIk3F']
Dvicio	Jesús Reik	1	['4txQPJDlvU72lC6EMhT7m9']
Dvicio	Mau y Ricky	1	['4txQPJDlvU72lC6EMhT7m9']
Jesús Reik	Mau y Ricky	1	['4txQPJDlvU72lC6EMhT7m9']
Camilo	Farruko	1	['56Ta1O7Jxxpjnc6cWdDKUo']
Camilo	Reik	1	['56Ta1O7Jxxpjnc6cWdDKUo']
Farruko	Reik	1	['56Ta1O7Jxxpjnc6cWdDKUo']
BLACKPINK	Cardi B	1	['7iAgNZdotu40NwtoIWJHFe']
Abel Pintos	Antonio Carmona	1	['114xlNyBqwTIkOdrU8LajN']
Abel Pintos	Antonio Orozco	1	['114xlNyBqwTIkOdrU8LajN']
Abel Pintos	David Bisbal	1	['114xlNyBqwTIkOdrU8LajN']
Abel Pintos	India Martinez	1	['114xlNyBqwTIkOdrU8LajN']
Abel Pintos	Jesse & Joy	1	['114xlNyBqwTIkOdrU8LajN']
Abel Pintos	Juanes	1	['114xlNyBqwTIkOdrU8LajN']
Abel Pintos	Laura Pausini	1	['114xlNyBqwTIkOdrU8LajN']
Abel Pintos	Malú	1	['114xlNyBqwTIkOdrU8LajN']
Abel Pintos	Manuel Carrasco	1	['114xlNyBqwTIkOdrU8LajN']
Abel Pintos	Niña Pastori	1	['114xlNyBqwTIkOdrU8LajN']
Abel Pintos	Pablo Alborán	1	['114xlNyBqwTIkOdrU8LajN']
Abel Pintos	Pablo López	1	['114xlNyBqwTIkOdrU8LajN']
Abel Pintos	Rozalén	1	['114xlNyBqwTIkOdrU8LajN']
Abel Pintos	Shakira	1	['114xlNyBqwTIkOdrU8LajN']
Abel Pintos	Tommy Torres	1	['114xlNyBqwTIkOdrU8LajN']
Abel Pintos	Vanesa Martín	1	['114xlNyBqwTIkOdrU8LajN']
Antonio Carmona	Antonio Orozco	1	['114xlNyBqwTIkOdrU8LajN']
Antonio Carmona	David Bisbal	1	['114xlNyBqwTIkOdrU8LajN']
Antonio Carmona	India Martinez	1	['114xlNyBqwTIkOdrU8LajN']
Antonio Carmona	Jesse & Joy	1	['114xlNyBqwTIkOdrU8LajN']
Antonio Carmona	Juanes	1	['114xlNyBqwTIkOdrU8LajN']
Antonio Carmona	Laura Pausini	1	['114xlNyBqwTIkOdrU8LajN']
Antonio Carmona	Malú	1	['114xlNyBqwTIkOdrU8LajN']
Antonio Carmona	Manuel Carrasco	1	['114xlNyBqwTIkOdrU8LajN']
Antonio Carmona	Niña Pastori	1	['114xlNyBqwTIkOdrU8LajN']
Antonio Carmona	Pablo Alborán	1	['114xlNyBqwTIkOdrU8LajN']
Antonio Carmona	Pablo López	1	['114xlNyBqwTIkOdrU8LajN']
Antonio Carmona	Rozalén	1	['114xlNyBqwTIkOdrU8LajN']
Antonio Carmona	Shakira	1	['114xlNyBqwTIkOdrU8LajN']
Antonio Carmona	Tommy Torres	1	['114xlNyBqwTIkOdrU8LajN']
Antonio Carmona	Vanesa Martín	1	['114xlNyBqwTIkOdrU8LajN']
Antonio Orozco	David Bisbal	1	['114xlNyBqwTIkOdrU8LajN']
Antonio Orozco	India Martinez	1	['114xlNyBqwTIkOdrU8LajN']
Antonio Orozco	Jesse & Joy	1	['114xlNyBqwTIkOdrU8LajN']
Antonio Orozco	Juanes	1	['114xlNyBqwTIkOdrU8LajN']
Antonio Orozco	Laura Pausini	1	['114xlNyBqwTIkOdrU8LajN']
Antonio Orozco	Malú	1	['114xlNyBqwTIkOdrU8LajN']
Antonio Orozco	Manuel Carrasco	1	['114xlNyBqwTIkOdrU8LajN']
Antonio Orozco	Niña Pastori	1	['114xlNyBqwTIkOdrU8LajN']
Antonio Orozco	Pablo Alborán	1	['114xlNyBqwTIkOdrU8LajN']
Antonio Orozco	Pablo López	1	['114xlNyBqwTIkOdrU8LajN']
Antonio Orozco	Rozalén	1	['114xlNyBqwTIkOdrU8LajN']
Antonio Orozco	Shakira	1	['114xlNyBqwTIkOdrU8LajN']
Antonio Orozco	Tommy Torres	1	['114xlNyBqwTIkOdrU8LajN']
Antonio Orozco	Vanesa Martín	1	['114xlNyBqwTIkOdrU8LajN']
David Bisbal	Jesse & Joy	1	['114xlNyBqwTIkOdrU8LajN']
David Bisbal	Juanes	1	['114xlNyBqwTIkOdrU8LajN']
David Bisbal	Laura Pausini	1	['114xlNyBqwTIkOdrU8LajN']
David Bisbal	Malú	1	['114xlNyBqwTIkOdrU8LajN']
David Bisbal	Niña Pastori	1	['114xlNyBqwTIkOdrU8LajN']
David Bisbal	Pablo Alborán	1	['114xlNyBqwTIkOdrU8LajN']
David Bisbal	Pablo López	1	['114xlNyBqwTIkOdrU8LajN']
David Bisbal	Shakira	1	['114xlNyBqwTIkOdrU8LajN']
David Bisbal	Tommy Torres	1	['114xlNyBqwTIkOdrU8LajN']
India Martinez	Jesse & Joy	1	['114xlNyBqwTIkOdrU8LajN']
India Martinez	Juanes	1	['114xlNyBqwTIkOdrU8LajN']
India Martinez	Laura Pausini	1	['114xlNyBqwTIkOdrU8LajN']
India Martinez	Malú	1	['114xlNyBqwTIkOdrU8LajN']
India Martinez	Niña Pastori	1	['114xlNyBqwTIkOdrU8LajN']
India Martinez	Pablo Alborán	1	['114xlNyBqwTIkOdrU8LajN']
India Martinez	Pablo López	1	['114xlNyBqwTIkOdrU8LajN']
India Martinez	Shakira	1	['114xlNyBqwTIkOdrU8LajN']
India Martinez	Tommy Torres	1	['114xlNyBqwTIkOdrU8LajN']
Jesse & Joy	Juanes	1	['114xlNyBqwTIkOdrU8LajN']
Jesse & Joy	Laura Pausini	1	['114xlNyBqwTIkOdrU8LajN']
Jesse & Joy	Malú	1	['114xlNyBqwTIkOdrU8LajN']
Jesse & Joy	Manuel Carrasco	1	['114xlNyBqwTIkOdrU8LajN']
Jesse & Joy	Niña Pastori	1	['114xlNyBqwTIkOdrU8LajN']
Jesse & Joy	Pablo Alborán	1	['114xlNyBqwTIkOdrU8LajN']
Jesse & Joy	Pablo López	1	['114xlNyBqwTIkOdrU8LajN']
Jesse & Joy	Rozalén	1	['114xlNyBqwTIkOdrU8LajN']
Jesse & Joy	Shakira	1	['114xlNyBqwTIkOdrU8LajN']
Jesse & Joy	Tommy Torres	1	['114xlNyBqwTIkOdrU8LajN']
Jesse & Joy	Vanesa Martín	1	['114xlNyBqwTIkOdrU8LajN']
Juanes	Laura Pausini	1	['114xlNyBqwTIkOdrU8LajN']
Juanes	Malú	1	['114xlNyBqwTIkOdrU8LajN']
Juanes	Manuel Carrasco	1	['114xlNyBqwTIkOdrU8LajN']
Juanes	Niña Pastori	1	['114xlNyBqwTIkOdrU8LajN']
Juanes	Pablo Alborán	1	['114xlNyBqwTIkOdrU8LajN']
Juanes	Pablo López	1	['114xlNyBqwTIkOdrU8LajN']
Juanes	Rozalén	1	['114xlNyBqwTIkOdrU8LajN']
Juanes	Shakira	1	['114xlNyBqwTIkOdrU8LajN']
Juanes	Tommy Torres	1	['114xlNyBqwTIkOdrU8LajN']
Juanes	Vanesa Martín	1	['114xlNyBqwTIkOdrU8LajN']
Laura Pausini	Malú	1	['114xlNyBqwTIkOdrU8LajN']
Laura Pausini	Manuel Carrasco	1	['114xlNyBqwTIkOdrU8LajN']
Laura Pausini	Niña Pastori	1	['114xlNyBqwTIkOdrU8LajN']
Laura Pausini	Pablo Alborán	1	['114xlNyBqwTIkOdrU8LajN']
Laura Pausini	Pablo López	1	['114xlNyBqwTIkOdrU8LajN']
Laura Pausini	Rozalén	1	['114xlNyBqwTIkOdrU8LajN']
Laura Pausini	Shakira	1	['114xlNyBqwTIkOdrU8LajN']
Laura Pausini	Tommy Torres	1	['114xlNyBqwTIkOdrU8LajN']
Laura Pausini	Vanesa Martín	1	['114xlNyBqwTIkOdrU8LajN']
Malú	Manuel Carrasco	1	['114xlNyBqwTIkOdrU8LajN']
Malú	Niña Pastori	1	['114xlNyBqwTIkOdrU8LajN']
Malú	Pablo Alborán	1	['114xlNyBqwTIkOdrU8LajN']
Malú	Pablo López	1	['114xlNyBqwTIkOdrU8LajN']
Malú	Rozalén	1	['114xlNyBqwTIkOdrU8LajN']
Malú	Shakira	1	['114xlNyBqwTIkOdrU8LajN']
Malú	Tommy Torres	1	['114xlNyBqwTIkOdrU8LajN']
Malú	Vanesa Martín	1	['114xlNyBqwTIkOdrU8LajN']
Manuel Carrasco	Niña Pastori	1	['114xlNyBqwTIkOdrU8LajN']
Manuel Carrasco	Pablo Alborán	1	['114xlNyBqwTIkOdrU8LajN']
Manuel Carrasco	Pablo López	1	['114xlNyBqwTIkOdrU8LajN']
Manuel Carrasco	Shakira	1	['114xlNyBqwTIkOdrU8LajN']
Manuel Carrasco	Tommy Torres	1	['114xlNyBqwTIkOdrU8LajN']
Niña Pastori	Pablo Alborán	1	['114xlNyBqwTIkOdrU8LajN']
Niña Pastori	Pablo López	1	['114xlNyBqwTIkOdrU8LajN']
Niña Pastori	Rozalén	1	['114xlNyBqwTIkOdrU8LajN']
Niña Pastori	Shakira	1	['114xlNyBqwTIkOdrU8LajN']
Niña Pastori	Tommy Torres	1	['114xlNyBqwTIkOdrU8LajN']
Niña Pastori	Vanesa Martín	1	['114xlNyBqwTIkOdrU8LajN']
Pablo Alborán	Pablo López	1	['114xlNyBqwTIkOdrU8LajN']
Pablo Alborán	Rozalén	1	['114xlNyBqwTIkOdrU8LajN']
Pablo Alborán	Shakira	1	['114xlNyBqwTIkOdrU8LajN']
Pablo Alborán	Tommy Torres	1	['114xlNyBqwTIkOdrU8LajN']
Pablo Alborán	Vanesa Martín	1	['114xlNyBqwTIkOdrU8LajN']
Pablo López	Rozalén	1	['114xlNyBqwTIkOdrU8LajN']
Pablo López	Shakira	1	['114xlNyBqwTIkOdrU8LajN']
Pablo López	Tommy Torres	1	['114xlNyBqwTIkOdrU8LajN']
Pablo López	Vanesa Martín	1	['114xlNyBqwTIkOdrU8LajN']
Rozalén	Shakira	1	['114xlNyBqwTIkOdrU8LajN']
Rozalén	Tommy Torres	1	['114xlNyBqwTIkOdrU8LajN']
Shakira	Tommy Torres	1	['114xlNyBqwTIkOdrU8LajN']
Shakira	Vanesa Martín	1	['114xlNyBqwTIkOdrU8LajN']
Tommy Torres	Vanesa Martín	1	['114xlNyBqwTIkOdrU8LajN']
Aitana	Beret	1	['2La58UY7zeXryNx0g6GIG2']
Delaossa	Recycled J	1	['6Iv4iF8MD4vMDI02SH4OPm']
Haze	Jhayco	1	['3YLbntjcsRoButdoVta3rq']
Haze	Lunay	1	['3YLbntjcsRoButdoVta3rq']
Ariana Grande	Doja Cat	1	['5GkQIP5mWPi4KZLLXeuFTT']
Los Legendarios	Miky Woodz	1	['1dFvzd0wivuzxU2BLcEynb']
Los Legendarios	Reik	1	['1dFvzd0wivuzxU2BLcEynb']
Miky Woodz	Ozuna	1	['1dFvzd0wivuzxU2BLcEynb']
Miky Woodz	Reik	1	['1dFvzd0wivuzxU2BLcEynb']
Miky Woodz	Wisin	1	['1dFvzd0wivuzxU2BLcEynb']
Ozuna	Reik	1	['1dFvzd0wivuzxU2BLcEynb']
Reik	Wisin	1	['1dFvzd0wivuzxU2BLcEynb']
Ava Max	Pablo Alborán	1	['471HeGJPKw07MObixON0Um']
Anitta	Don Patricio	1	['4r2IrqOOdh3dPUKyvRHaSE']
Anitta	Rauw Alejandro	1	['4r2IrqOOdh3dPUKyvRHaSE']
Don Patricio	Rauw Alejandro	1	['4r2IrqOOdh3dPUKyvRHaSE']
Farruko	Luis Fonsi	1	['6QM3YNDJWPdfHVfbZ2kHvq']
ARON	MYGAL	1	['0etsGe9x9YXcs6OrNOYcYo']
ARON	Moonkey	1	['0etsGe9x9YXcs6OrNOYcYo']
MYGAL	Moonkey	1	['0etsGe9x9YXcs6OrNOYcYo']
Ed Sheeran	Khalid	1	['70eFcWOvlMObDhURTqT4Fv']
Bad Bunny	Yaviah	1	['4j4w4CXm6BSr0s25wAWrrX']
Bryant Myers	Chencho Corleone	1	['74j34STf8L6uADnTN69ohv']
Bryant Myers	Dalex	1	['74j34STf8L6uADnTN69ohv']
Bryant Myers	KEVVO	1	['74j34STf8L6uADnTN69ohv']
Chencho Corleone	Lyanno	1	['74j34STf8L6uADnTN69ohv']
Dalex	Lyanno	1	['74j34STf8L6uADnTN69ohv']
KEVVO	Lyanno	1	['74j34STf8L6uADnTN69ohv']
La Nueva Escuela	Omar Montes	1	['7KKTnv81z6DmfPIGsZWjOW']
Anuel AA	Snoop Dogg	1	['2f237byd0A2w0fLlnVDOV4']
Ozuna	Snoop Dogg	1	['2f237byd0A2w0fLlnVDOV4']
Darell	Yandel	1	['5VImGHyEZhJz7hf0YTTi4t']
NATTI NATASHA	Yandel	1	['5VImGHyEZhJz7hf0YTTi4t']
Anuel AA	Mariah Angeliq	1	['5poUJOhLyalGkUedn3ggeX']
TATOOL	Yesan 雪山	1	['5nHQCnYQIfzSc0Cai3KrXZ']
Taiu	Yesan 雪山	1	['5nHQCnYQIfzSc0Cai3KrXZ']
Trueno	Yesan 雪山	1	['5nHQCnYQIfzSc0Cai3KrXZ']
Daddy Yankee	Kendo Kaponi	1	['3kml9ZdpT7UYk1ugkjqOzt']
Daddy Yankee	Play-N-Skillz	1	['3SDvcxPcU7BlV1dAne4dWM']
Daddy Yankee	Zion & Lennox	1	['3SDvcxPcU7BlV1dAne4dWM']
Play-N-Skillz	Zion & Lennox	1	['3SDvcxPcU7BlV1dAne4dWM']
Anitta	Arcángel	1	['4cno0k9jDEFpLAQyHNjqVx']
Anitta	De La Ghetto	1	['4cno0k9jDEFpLAQyHNjqVx']
Alizzz	C. Tangana	1	['3YURfhPPT7GipmI7pIj0m3']
Alejandro Sanz	Jarabe De Palo	1	['7g4rHuZ1CqfUqFjZMoVXoQ']
Rafa Romera	Samantha	1	['5yEZQFyWqlmC5oYpZogD7T']
Natos y Waor	Recycled J	1	['3rFbl0HsJkxOQFmPH30vbc']
Chris Andrew	Los Legendarios	1	['7CkEK2UfXFs2862cmVwoYl']
Chris Andrew	Ozuna	1	['7CkEK2UfXFs2862cmVwoYl']
Farruko	Pedro Capó	1	['5iwz1NiezX7WWjnCgY5TH4']
Alejandro Sanz	Camila Cabello	1	['1O4dGIPUXUanseRdv4fNzw']
Danna Paola	Sebastian Yatra	1	['1GNSWpe2SB30zYGbNTD96b']
El Guincho	J Balvin	1	['2qG5sZ7Si6sdK74qLxedYM']
El Guincho	ROSALÍA	1	['2qG5sZ7Si6sdK74qLxedYM']
Camin	El Jhota	1	['7gatSZfAOubg3wjlKXYpM9']
Bad Gyal	Busy Signal	1	['4R0sTxCaskwCPbzkfXHfWg']
Camilo	Pablo Alborán	1	['5EbtodsuLbxrFDH6j5avVS']
DELLAFUENTE	Ñejo	1	['7sowQGdYhMMlasrDu5vfIV']
Justin Quiles	Micro TDH	1	['4MWb6mltydQn84NrTm7Gpl']
Justin Quiles	Rels B	1	['4MWb6mltydQn84NrTm7Gpl']
Lenny Tavárez	Micro TDH	1	['4MWb6mltydQn84NrTm7Gpl']
Lenny Tavárez	Rels B	1	['4MWb6mltydQn84NrTm7Gpl']
Micro TDH	Rels B	1	['4MWb6mltydQn84NrTm7Gpl']
Justin Quiles	Maffio	1	['2egI1hFZDAYrkCgtepoore']
Justin Quiles	Nacho	1	['2egI1hFZDAYrkCgtepoore']
Justin Quiles	Shelow Shaq	1	['2egI1hFZDAYrkCgtepoore']
Maffio	Nacho	1	['2egI1hFZDAYrkCgtepoore']
Maffio	Shelow Shaq	1	['2egI1hFZDAYrkCgtepoore']
Nacho	Shelow Shaq	1	['2egI1hFZDAYrkCgtepoore']
A7S	Topic	1	['3H7ihDc1dqLriiWXwsc2po']
El Alfa	Tyga	1	['7d9ybTfliQ5iOJB0i364OS']
Y2K	bbno$	1	['51Fjme0JiitpyXKuyQiCDo']
Alice Wonder	Rayden	1	['2h5emEDptvBZZFeJ23a6G3']
Chimbala	Karetta el Gucci	1	['2HhmZirVUVPo4wWCgUU70P']
Chimbala	Rvfv	1	['2HhmZirVUVPo4wWCgUU70P']
Karetta el Gucci	Omar Montes	1	['2HhmZirVUVPo4wWCgUU70P']
Karetta el Gucci	Rvfv	1	['2HhmZirVUVPo4wWCgUU70P']
Bad Gyal	Soto Asa	1	['4EwlvJmJjG3FkOPUbhQ3wR']
Eminem	Juice WRLD	1	['7FIWs0pqAYbP91WWM0vlTQ']
Aitana	Danna Paola	1	['0x1YlWjy7Hsh7VIbu4PWGG']
Aitana	Luísa Sonza	1	['0x1YlWjy7Hsh7VIbu4PWGG']
Danna Paola	Luísa Sonza	1	['0x1YlWjy7Hsh7VIbu4PWGG']
Natalia Lacunza	mori	1	['5NliUthcviXaUsZ2YELGq1']
Cardi B	Megan Thee Stallion	1	['4Oun2ylbjFKMPTiaSbbCih']
Cali Y El Dandee	Sebastian Yatra	1	['5379uuUPHodsdVhy8pIAAr']
Dynoro	Fumaratto	1	['7sEwsJK7Ol0J6PFV9nioxu']
Alida	Robin Schulz	1	['61ZM92T2zaXIVsqncThQzC']
Dímelo Flow	Lunay	1	['684EjRHwNsZQ9hCQxL4NYL']
Dímelo Flow	Nicky Jam	1	['684EjRHwNsZQ9hCQxL4NYL']
Dímelo Flow	Zion	1	['684EjRHwNsZQ9hCQxL4NYL']
Lunay	Nicky Jam	1	['684EjRHwNsZQ9hCQxL4NYL']
Lunay	Sech	1	['684EjRHwNsZQ9hCQxL4NYL']
Lunay	Zion	1	['684EjRHwNsZQ9hCQxL4NYL']
Nicky Jam	Zion	1	['684EjRHwNsZQ9hCQxL4NYL']
Bizarrap	C.R.O	1	['0qPbQWcqNDVrReSSvMoJxk']
Aitana	Alvaro Diaz	1	['0Z2cPVHF1qwpfpAnSxOvnu']
Aitana	Pole.	1	['0Z2cPVHF1qwpfpAnSxOvnu']
Alvaro Diaz	Pole.	1	['0Z2cPVHF1qwpfpAnSxOvnu']
Junco	Lérica	1	['2TVnFqFnCki0TWhyzCYGtr']
Junco	Nyno Vargas	1	['2TVnFqFnCki0TWhyzCYGtr']
Lérica	Nyno Vargas	1	['2TVnFqFnCki0TWhyzCYGtr']
InnerCut	Natos y Waor	1	['0w9nGGC4dZnymAuoZBm6AI']
Juancho Marqués	Natos y Waor	1	['0w9nGGC4dZnymAuoZBm6AI']
Liderj	Rvfv	1	['47HHQSDj9RGV6NHHybilQ3']
Daddy Yankee	ROSALÍA	1	['35UUpTmrcFXNIVIN26ujXl']
Farruko	ROSALÍA	1	['35UUpTmrcFXNIVIN26ujXl']
ROSALÍA	Sech	1	['35UUpTmrcFXNIVIN26ujXl']
Omar Montes	Ñengo Flow	1	['4i0sSXYpBLMnhHc7jnI5v2']
Daddy Yankee	Marc Anthony	1	['7AUhck1sPy11OExQmDDx4P']
Feid	Manuel Turizo	1	['2Y1EBfErprYwOlgluV9neb']
El Dave	Natos y Waor	1	['03xfa8HnFbMQSMeTUeBJPA']
Delaossa	J.Moods	1	['5AQTFpm3oDPTenmw5Lmfoi']
J.Moods	KIDDO	1	['5AQTFpm3oDPTenmw5Lmfoi']
Bing Crosby	John Scott Trotter & His Orchestra	1	['4so0Wek9Ig1p6CRCHuINwW']
Bing Crosby	Ken Darby Singers	1	['4so0Wek9Ig1p6CRCHuINwW']
John Scott Trotter & His Orchestra	Ken Darby Singers	1	['4so0Wek9Ig1p6CRCHuINwW']
Fabbio	Omar Montes	1	['2rMUW5qsdh8XLbaAx6DCas']
Fabbio	Sasha	1	['2rMUW5qsdh8XLbaAx6DCas']
Omar Montes	Sasha	1	['2rMUW5qsdh8XLbaAx6DCas']
Almighty	Myke Towers	1	['2B94bbI1a4LyBpK1439oP7']
Almighty	Noriel	1	['2B94bbI1a4LyBpK1439oP7']
Almighty	Rauw Alejandro	1	['2B94bbI1a4LyBpK1439oP7']
Myke Towers	Noriel	1	['2B94bbI1a4LyBpK1439oP7']
Eva B	Nick Maylo	1	['3qT8cPNUJAEiJ5l9kgF0p5']
24kGoldn	J Balvin	1	['6FuGJB290AQMAHTfjOYVaK']
24kGoldn	Justin Bieber	1	['6FuGJB290AQMAHTfjOYVaK']
J Balvin	Justin Bieber	1	['6FuGJB290AQMAHTfjOYVaK']
J Balvin	iann dior	1	['6FuGJB290AQMAHTfjOYVaK']
Justin Bieber	iann dior	1	['6FuGJB290AQMAHTfjOYVaK']
Alba Reche	Cruz Cafuné	1	['0EGGa3h5zNpeLN3D5OSxxs']
Omar Montes	Quimico Ultra Mega	1	['2N1YUkjeP4Zdbhhf0nKOoD']
Quimico Ultra Mega	Robledo	1	['2N1YUkjeP4Zdbhhf0nKOoD']
Bad Bunny	Jowell & Randy	1	['2DEZmgHKAvm41k4J3R2E9Y']
Jowell & Randy	Ñengo Flow	1	['2DEZmgHKAvm41k4J3R2E9Y']
Fuel Fandango	Juancho Marqués	1	['4hklliK34BQpPNsoag1JmL']
Cosculluela	Dalmata	1	['2SdwRMzLw1vKClRinPqtuU']
Cosculluela	Lalo Ebratt	1	['2SdwRMzLw1vKClRinPqtuU']
Cosculluela	Llane	1	['2SdwRMzLw1vKClRinPqtuU']
Cosculluela	Manuel Turizo	1	['2SdwRMzLw1vKClRinPqtuU']
Cosculluela	Rauw Alejandro	1	['2SdwRMzLw1vKClRinPqtuU']
Cosculluela	Sebastian Yatra	1	['2SdwRMzLw1vKClRinPqtuU']
Dalmata	Lalo Ebratt	1	['2SdwRMzLw1vKClRinPqtuU']
Dalmata	Llane	1	['2SdwRMzLw1vKClRinPqtuU']
Dalmata	Manuel Turizo	1	['2SdwRMzLw1vKClRinPqtuU']
Dalmata	Rauw Alejandro	1	['2SdwRMzLw1vKClRinPqtuU']
Dalmata	Sebastian Yatra	1	['2SdwRMzLw1vKClRinPqtuU']
Lalo Ebratt	Llane	1	['2SdwRMzLw1vKClRinPqtuU']
Llane	Rauw Alejandro	1	['2SdwRMzLw1vKClRinPqtuU']
Llane	Sebastian Yatra	1	['2SdwRMzLw1vKClRinPqtuU']
Bad Gyal	Kafu Banton	1	['2635EEV2Oi6wg6GV2TPYVx']
Ariana Grande	Liz Gillies	1	['6YJdPrH3i2POzu7hdHIRrb']
Becky G	Guaynaa	1	['3dWpRjCmaHbroNahuSeX11']
Becky G	Nicky Jam	1	['3dWpRjCmaHbroNahuSeX11']
Becky G	Sech	1	['3dWpRjCmaHbroNahuSeX11']
Guaynaa	Nicky Jam	1	['3dWpRjCmaHbroNahuSeX11']
Guaynaa	Sech	1	['3dWpRjCmaHbroNahuSeX11']
Bon Iver	Taylor Swift	1	['4pvb0WLRcMtbPGmtejJJ6y']
Beret	Melendi	1	['3RfmZepJErldBC4JXut6L9']
Cruz Cafuné	WE$T DUBAI	1	['6MPGwPHEhVt4CwSP7gFCq9']
Aitana	Lola Indigo	1	['6Nqi1fWKYXrVXmF3RtQbSf']
Dvicio	Lali	1	['6cWKFEOVJvtQQ3B1tiT0tr']
DJ Luian	Manuel Turizo	1	['203uubEQA07to1kbro35qQ']
DJ Luian	NATTI NATASHA	1	['203uubEQA07to1kbro35qQ']
Mambo Kingz	Manuel Turizo	1	['203uubEQA07to1kbro35qQ']
Mambo Kingz	NATTI NATASHA	1	['203uubEQA07to1kbro35qQ']
Manuel Turizo	Nicky Jam	1	['203uubEQA07to1kbro35qQ']
Lacrim	Morad	1	['1CZMFyxYnAnIHD3nwLP95E']
Lacrim	SRNO	1	['1CZMFyxYnAnIHD3nwLP95E']
Lacrim	The Plug	1	['1CZMFyxYnAnIHD3nwLP95E']
Morad	SRNO	1	['1CZMFyxYnAnIHD3nwLP95E']
Morad	The Plug	1	['1CZMFyxYnAnIHD3nwLP95E']
SRNO	The Plug	1	['1CZMFyxYnAnIHD3nwLP95E']
Rauw Alejandro	Yandel	1	['0j1VxrPkMyFGvz0jZzxUoZ']
Drake	Playboi Carti	1	['6Kj17Afjo1OKJYpf5VzCeo']
Bizarrap	KHEA	1	['7bidsoy3nzCDNYzAzrV7NN']
Anuel AA	Travis Barker	1	['6VN85VvNB8w1QbJCXW8rTC']
Natos y Waor	ZARAMAY	1	['2yGN0LzE0AL7Ev9chjp9Nh']
DELLAFUENTE	Pepe : Vizio	1	['1g7XVrQWDFn6xckZmQ8whB']
Despistaos	Juancho Sidecars	1	['4EoL9ORsqIQOppIpQFuPDK']
Despistaos	Sidecars	1	['4EoL9ORsqIQOppIpQFuPDK']
Juancho Sidecars	Sidecars	1	['4EoL9ORsqIQOppIpQFuPDK']
Becky G	C. Tangana	1	['4W3FJapn5CD6Fnrlfj4HFe']
Cali Y El Dandee	Melendi	1	['3IsM8UQ2KrSVTZeCc9HzED']
Bizarrap	Cazzu	1	['1MZqHpFyB4j5tFCFNvURou']
Ed Sheeran & Justin Bieber	Justin Bieber	1	['0hVXuCcriWRGvwMV1r5Yn9']
Bad Gyal	Juanka	1	['5u5S7D8NaQzyKkdU4duHJR']
Ayax y Prok	Blasfem	1	['3Xqwx3tIl4aau5xODbbGn1']
Ayax y Prok	Daniela	1	['3Xqwx3tIl4aau5xODbbGn1']
Blasfem	Daniela	1	['3Xqwx3tIl4aau5xODbbGn1']
Jul	Morad	1	['2f1I5YmvtL2vFKWKH2HikM']
DJ Snake	Tyga	1	['6osaMSJh9NguagEDQcZaKx']
J Balvin	Tyga	1	['6osaMSJh9NguagEDQcZaKx']
Afro Bros	Camilo	1	['4yb5Z9dwnKhO9gC0AZQYDe']
Afro Bros	Dimitri Vegas & Like Mike	1	['4yb5Z9dwnKhO9gC0AZQYDe']
Afro Bros	Emilia	1	['4yb5Z9dwnKhO9gC0AZQYDe']
Afro Bros	Sebastian Yatra	1	['4yb5Z9dwnKhO9gC0AZQYDe']
Camilo	Dimitri Vegas & Like Mike	1	['4yb5Z9dwnKhO9gC0AZQYDe']
Camilo	Emilia	1	['4yb5Z9dwnKhO9gC0AZQYDe']
Camilo	Sebastian Yatra	1	['4yb5Z9dwnKhO9gC0AZQYDe']
Dimitri Vegas & Like Mike	Emilia	1	['4yb5Z9dwnKhO9gC0AZQYDe']
Dimitri Vegas & Like Mike	Sebastian Yatra	1	['4yb5Z9dwnKhO9gC0AZQYDe']
Emilia	Sebastian Yatra	1	['4yb5Z9dwnKhO9gC0AZQYDe']
Farruko	Zion & Lennox	1	['2y6EbYibgxMVQ0T5YjZYWN']
FERNANDOCOSTA	InnerCut	1	['5BsmUIjgwobAwCh1WMvQip']
FERNANDOCOSTA	Juancho Marqués	1	['5BsmUIjgwobAwCh1WMvQip']
Cruz Cafuné	Maikel Delacalle	1	['1MFPffey46xE0e2PQLSAup']
Belinda	Lérica	1	['4fsj5oMLYrCUlTDs4P9qw5']
Anuel AA	Black Jonas Point	1	['3DyiAk1BzIF8rq9rimypG4']
Anuel AA	Cardi B	1	['3DyiAk1BzIF8rq9rimypG4']
Anuel AA	Liro Shaq	1	['3DyiAk1BzIF8rq9rimypG4']
Anuel AA	"Secreto ""El Famoso Biberon"""	1	['3DyiAk1BzIF8rq9rimypG4']
Black Jonas Point	Cardi B	1	['3DyiAk1BzIF8rq9rimypG4']
Black Jonas Point	Liro Shaq	1	['3DyiAk1BzIF8rq9rimypG4']
Black Jonas Point	"Secreto ""El Famoso Biberon"""	1	['3DyiAk1BzIF8rq9rimypG4']
Cardi B	Liro Shaq	1	['3DyiAk1BzIF8rq9rimypG4']
Cardi B	"Secreto ""El Famoso Biberon"""	1	['3DyiAk1BzIF8rq9rimypG4']
Liro Shaq	"Secreto ""El Famoso Biberon"""	1	['3DyiAk1BzIF8rq9rimypG4']
Carlos Sadness	Manuel Medrano	1	['0qRE2t4scDRFsBgBXsQIH9']
Arnau Griso	La Pegatina	1	['6Fo9eLQCp9oLyz0sOni3s2']
DJ Nelson	Jhayco	1	['7LE1K0lZyRFZjSlrnm7lfD']
DJ Nelson	Kendo Kaponi	1	['7LE1K0lZyRFZjSlrnm7lfD']
DJ Nelson	Lunay	1	['7LE1K0lZyRFZjSlrnm7lfD']
DJ Nelson	Rauw Alejandro	1	['7LE1K0lZyRFZjSlrnm7lfD']
Jay Wheeler	Jhayco	1	['7LE1K0lZyRFZjSlrnm7lfD']
Jay Wheeler	Kendo Kaponi	1	['7LE1K0lZyRFZjSlrnm7lfD']
Jay Wheeler	Lunay	1	['7LE1K0lZyRFZjSlrnm7lfD']
Jhayco	Kendo Kaponi	1	['7LE1K0lZyRFZjSlrnm7lfD']
Jhayco	Rauw Alejandro	1	['7LE1K0lZyRFZjSlrnm7lfD']
Kendo Kaponi	Lunay	1	['7LE1K0lZyRFZjSlrnm7lfD']
Kendo Kaponi	Myke Towers	1	['7LE1K0lZyRFZjSlrnm7lfD']
Kendo Kaponi	Rauw Alejandro	1	['7LE1K0lZyRFZjSlrnm7lfD']
Mariah Angeliq	Omar Montes	1	['6HT0Nik8yq0Aiw814elnEu']
Daviles de Novelda	El Daddy	1	['3plOodIqdpJZhgk9ArnHtb']
El Daddy	Rvfv	1	['3plOodIqdpJZhgk9ArnHtb']
Bradley Cooper	Lady Gaga	1	['2VxeLyX666F8uXCJ0dZF8B']
Demi Lovato	Sam Smith	1	['1fipvP2zmef6vN2IwXfJhY']
Kaydy Cain	Rels B	1	['1xWt9MLG4KoN8JOzGQZSZL']
Anuel AA	Juice WRLD	1	['2AuWgceaQyfMoI3EGavwGb']
Anuel AA	Rvssian	1	['2AuWgceaQyfMoI3EGavwGb']
Juice WRLD	Rvssian	1	['2AuWgceaQyfMoI3EGavwGb']
Feid	J Balvin	1	['7lUdbnz7wsv3C9zzf4WHl9']
Feid	Maluma	1	['7lUdbnz7wsv3C9zzf4WHl9']
J Balvin	Justin Quiles	1	['7lUdbnz7wsv3C9zzf4WHl9']
Cali Y El Dandee	Danna Paola	1	['4K8cyoCDovlc4FvtUr2Hfx']
Alejandro Sanz	Carlos Vives	1	['6Qz1HVr1zD00dCdYvgaZEv']
Brytiago	Eix	1	['5Xe78U9cUwnWOuWbgYvAKZ']
Brytiago	Noriel	1	['5Xe78U9cUwnWOuWbgYvAKZ']
Eix	Jay Wheeler	1	['5Xe78U9cUwnWOuWbgYvAKZ']
Eix	KEVVO	1	['5Xe78U9cUwnWOuWbgYvAKZ']
Eix	Noriel	1	['5Xe78U9cUwnWOuWbgYvAKZ']
Eix	Rauw Alejandro	1	['5Xe78U9cUwnWOuWbgYvAKZ']
Jay Wheeler	KEVVO	1	['5Xe78U9cUwnWOuWbgYvAKZ']
Jay Wheeler	Noriel	1	['5Xe78U9cUwnWOuWbgYvAKZ']
Demarco Flamenco	Rasel	1	['0WA73uP8IO1rczj8FFJzRg']
Demarco Flamenco	Sergio Contreras	1	['0WA73uP8IO1rczj8FFJzRg']
Rasel	Sergio Contreras	1	['0WA73uP8IO1rczj8FFJzRg']
DELLAFUENTE	Los del Control	1	['5ly2dOakEFBpaqWrXHepyQ']
Alex Rose	Bryant Myers	1	['5NOHsDSfLIH45y3i9PfRyh']
Alex Rose	Casper Magico	1	['5NOHsDSfLIH45y3i9PfRyh']
Alex Rose	Juhn	1	['5NOHsDSfLIH45y3i9PfRyh']
Bryant Myers	Casper Magico	1	['5NOHsDSfLIH45y3i9PfRyh']
Bryant Myers	Juhn	1	['5NOHsDSfLIH45y3i9PfRyh']
Casper Magico	Juhn	1	['5NOHsDSfLIH45y3i9PfRyh']
Brytiago	Jhayco	1	['4CsCOUmdEG1CD5vgfBq2hv']
Joel Corry	MNEK	1	['6cx06DFPPHchuUAcTxznu9']
Eva B	Flavio	1	['40IWFXz1cOoeuURmOeOILC']
Dark Polo Gang	Kidd Keo	1	['5pjl42Dy5v88ZLbuV34xpQ']
Lalo Ebratt	Tainy	1	['4LsHHgYGH1UJgPCC0BnybJ']
Ariana Grande	Ty Dolla $ign	1	['14gkWVFMwdxBMyqBw1wmIg']
Guaynaa	Sebastian Yatra	1	['21N4Buj4xsyLb218lYle61']
Major Lazer	Paloma Mami	1	['1mqmmL4IxVBXqsjg4Er1gT']
Kidd Keo	Sick Luke	1	['7b9kVs2a1ljoTqZp6TRezW']
(G)I-DLE	Bea Miller	1	['2V4Fx72svQRxrFvNT1eq5f']
(G)I-DLE	Wolftyla	1	['2V4Fx72svQRxrFvNT1eq5f']
Bea Miller	K/DA	1	['2V4Fx72svQRxrFvNT1eq5f']
Bea Miller	League of Legends	1	['2V4Fx72svQRxrFvNT1eq5f']
Bea Miller	Wolftyla	1	['2V4Fx72svQRxrFvNT1eq5f']
K/DA	Wolftyla	1	['2V4Fx72svQRxrFvNT1eq5f']
League of Legends	Wolftyla	1	['2V4Fx72svQRxrFvNT1eq5f']
C. Tangana	MC Bin Laden	1	['2vEY3cNwXYxIG4fPAoN14q']
Israel B	LOWLIGHT	1	['2nsZFBDS9rruGr9dOmmYOU']
Rauw Alejandro	Tainy	1	['2wnhst8yHA4gKuojAgZedh']
Feid	Piso 21	1	['4VwbXijbE0bSA0HzTvsqzH']
Belinda	Juan Magán	1	['3DiE3kg9WyLw0s8Sa7aTPE']
Anuel AA	Jhayco	1	['3qM0vBxIe4VUbK0Z0smuVP']
Asan	Bizarrap	1	['5ZoYsrmeVPyJI4rhdBBJi1']
Arcángel	Zion	1	['6K5BsR04ijf3FHNzjbaagD']
Myke Towers	Zion	1	['6K5BsR04ijf3FHNzjbaagD']
Sech	Wisin & Yandel	1	['4kuQJb8ghj6268fBTtB3bX']
Anitta	Cardi B	1	['7e1VoRlNumuEkXlITMHKLE']
Anitta	Myke Towers	1	['7e1VoRlNumuEkXlITMHKLE']
Cardi B	Myke Towers	1	['7e1VoRlNumuEkXlITMHKLE']
Myke Towers	Prince Royce	1	['5kQre7o8ky5DXeEPcyaCR1']
Luis Fonsi	Nicky Jam	1	['5lwVd35Zg6DJ4qibVMq99H']
Luis Fonsi	Sebastian Yatra	1	['5lwVd35Zg6DJ4qibVMq99H']
Nicky Jam	Sebastian Yatra	1	['5lwVd35Zg6DJ4qibVMq99H']
Bad Bunny	Myke Towers	1	['5gCg2qMPzKkW4jS4dBKdDs']
Chael Produciendo	El Alfa	1	['4QfZYDhGZc0T2RDvGiI69E']
$kyhook	Morad	1	['7754vHc34U2wQMIJFWRhVK']
Justin Quiles	Miky Woodz	1	['7FhopXtl9z9YtD9NwUf9ss']
Miky Woodz	NATTI NATASHA	1	['7FhopXtl9z9YtD9NwUf9ss']
Dua Lipa	Hwa Sa	1	['23jEeXRyrjFbfs2Q8tBwdI']
KAROL G	Nicki Minaj	1	['7k4t7uLgtOxPwTpFmtJNTY']
Jone Quest	Lenny Tavárez	1	['57Ba26w9eoXx8BBUNgRNLV']
Jone Quest	Myke Towers	1	['57Ba26w9eoXx8BBUNgRNLV']
Jone Quest	Rafa Pabön	1	['57Ba26w9eoXx8BBUNgRNLV']
Bandaga	Camin	1	['4rEXT5xBIhARzf16JCh6ji']
Bandaga	El Daddy	1	['4rEXT5xBIhARzf16JCh6ji']
Bandaga	JC Reyes	1	['4rEXT5xBIhARzf16JCh6ji']
Bandaga	Love Yi	1	['4rEXT5xBIhARzf16JCh6ji']
Bandaga	Pedro Calderon	1	['4rEXT5xBIhARzf16JCh6ji']
Camin	El Daddy	1	['4rEXT5xBIhARzf16JCh6ji']
Camin	Love Yi	1	['4rEXT5xBIhARzf16JCh6ji']
Camin	Pedro Calderon	1	['4rEXT5xBIhARzf16JCh6ji']
El Daddy	JC Reyes	1	['4rEXT5xBIhARzf16JCh6ji']
El Daddy	Love Yi	1	['4rEXT5xBIhARzf16JCh6ji']
El Daddy	Pedro Calderon	1	['4rEXT5xBIhARzf16JCh6ji']
JC Reyes	Love Yi	1	['4rEXT5xBIhARzf16JCh6ji']
JC Reyes	Pedro Calderon	1	['4rEXT5xBIhARzf16JCh6ji']
Love Yi	Pedro Calderon	1	['4rEXT5xBIhARzf16JCh6ji']
Arcángel	Kenai	1	['4jpzkaXeIglP7BfyhmtNW9']
Arcángel	Miky Woodz	1	['4jpzkaXeIglP7BfyhmtNW9']
Arcángel	Ñejo	1	['4jpzkaXeIglP7BfyhmtNW9']
Kenai	Miky Woodz	1	['4jpzkaXeIglP7BfyhmtNW9']
Kenai	Myke Towers	1	['4jpzkaXeIglP7BfyhmtNW9']
Kenai	Rauw Alejandro	1	['4jpzkaXeIglP7BfyhmtNW9']
Kenai	Ñejo	1	['4jpzkaXeIglP7BfyhmtNW9']
Kenai	Ñengo Flow	1	['4jpzkaXeIglP7BfyhmtNW9']
Miky Woodz	Myke Towers	1	['4jpzkaXeIglP7BfyhmtNW9']
Miky Woodz	Rauw Alejandro	1	['4jpzkaXeIglP7BfyhmtNW9']
Miky Woodz	Ñejo	1	['4jpzkaXeIglP7BfyhmtNW9']
Miky Woodz	Ñengo Flow	1	['4jpzkaXeIglP7BfyhmtNW9']
Myke Towers	Ñejo	1	['4jpzkaXeIglP7BfyhmtNW9']
Rauw Alejandro	Ñejo	1	['4jpzkaXeIglP7BfyhmtNW9']
Rauw Alejandro	Ñengo Flow	1	['4jpzkaXeIglP7BfyhmtNW9']
Ñejo	Ñengo Flow	1	['4jpzkaXeIglP7BfyhmtNW9']
Michael Bublé	Thalia	1	['0kmrXYtFI8cgxsShrJpThx']
Denyerkin	Lennis Rodriguez	1	['0ofQFmf4hNoRoBaDjwDOZU']
Anne Lukin	Gèrard	1	['2yVus2azGhjAso2wjH0CKK']
Ozuna	Scott Storch	1	['2ZSHH750nQpUVHjoe3iu2U']
Ozuna	Tyga	1	['2ZSHH750nQpUVHjoe3iu2U']
Scott Storch	Tyga	1	['2ZSHH750nQpUVHjoe3iu2U']
Camila Cabello	Cardi B	1	['4vUmTMuQqjdnvlZmAH61Qk']
Camila Cabello	Ed Sheeran	1	['4vUmTMuQqjdnvlZmAH61Qk']
Cardi B	Ed Sheeran	1	['4vUmTMuQqjdnvlZmAH61Qk']
Anne Lukin	Bruno Alves	1	['2mIk2FQrEG1gtHnbrRSUKZ']
Anuel AA	Lil Wayne	1	['4mbb7hmfDR6M9cQaLdYSFd']
Nicky Jam	Tempo	1	['5vvBs55tKriAoArPaqoIhA']
Oques Grasses	Stay Homas	1	['4FT39hcPLSrP02YDBqOGLe']
Bad Bunny	Mora	1	['5J7teKIJGtqVypgYI6sqXj']
Arcángel	Brytiago	1	['1aUGxXCz9QimNkKeiJtzZ7']
Arcángel	KEVVO	1	['1aUGxXCz9QimNkKeiJtzZ7']
Brytiago	Chencho Corleone	1	['1aUGxXCz9QimNkKeiJtzZ7']
Brytiago	Farruko	1	['1aUGxXCz9QimNkKeiJtzZ7']
Brytiago	Myke Towers	1	['1aUGxXCz9QimNkKeiJtzZ7']
Brytiago	Ñengo Flow	1	['1aUGxXCz9QimNkKeiJtzZ7']
Chencho Corleone	Darell	1	['1aUGxXCz9QimNkKeiJtzZ7']
Chencho Corleone	Ñengo Flow	1	['1aUGxXCz9QimNkKeiJtzZ7']
Darell	KEVVO	1	['1aUGxXCz9QimNkKeiJtzZ7']
Farruko	Ñengo Flow	1	['1aUGxXCz9QimNkKeiJtzZ7']
KEVVO	Myke Towers	1	['1aUGxXCz9QimNkKeiJtzZ7']
KEVVO	Ñengo Flow	1	['1aUGxXCz9QimNkKeiJtzZ7']
Beny Jr	Morad	1	['25xAFC9q7qlD45zAOhY88J']
Eva B	Hugo Cobo	1	['0TpV8vvMhp3MKmBGaazJA7']
Camilo	El Alfa	1	['7D7EH7MGyNHWSkqrszerI1']
Hugo Cobo	Rafa Romera	1	['3PIJcvtf3l0rWEywZ7bDh2']
Elpatron970	Kidd Keo	1	['72gC51qe5TmbkrcCMThAHw']
Elpatron970	Yung Sarria	1	['72gC51qe5TmbkrcCMThAHw']
Kidd Keo	Yung Sarria	1	['72gC51qe5TmbkrcCMThAHw']
M.I.A.	Travis Scott	1	['4jVBIpuOiMj1crqd8LoCrJ']
M.I.A.	Young Thug	1	['4jVBIpuOiMj1crqd8LoCrJ']
Travis Scott	Young Thug	1	['4jVBIpuOiMj1crqd8LoCrJ']
Lola Indigo	Maria Becerra	1	['2HpbDdD3JLpAPMJFYCeC6o']
Lola Indigo	TINI	1	['2HpbDdD3JLpAPMJFYCeC6o']
Maria Becerra	TINI	1	['2HpbDdD3JLpAPMJFYCeC6o']
Blasfem	Dollar Selmouni	1	['7BMdZsDXxPH6Db3Ug6A2q2']
Dollar Selmouni	FERNANDOCOSTA	1	['7BMdZsDXxPH6Db3Ug6A2q2']
J Balvin	Sfera Ebbasta	1	['4L5ZhW0VJeQ6je2iqvqZ4X']
J Balvin	Lalo Ebratt	1	['59s0s39NFWScuHDbHytI14']
J Balvin	Reik	1	['59s0s39NFWScuHDbHytI14']
Lalo Ebratt	Reik	1	['59s0s39NFWScuHDbHytI14']
Bad Bunny	ROSALÍA	1	['2XIc1pqjXV3Cr2BQUGNBck']
Justin Quiles	Rafa Pabön	1	['7anSoGdgtmJTAPZBzcPhO6']
Nicky Jam	Rafa Pabön	1	['7anSoGdgtmJTAPZBzcPhO6']
Diego Smith	Kiddtetoon	1	['6fGyrAxqgdvhzcOKlMQq5s']
Diego Smith	Ozuna	1	['6fGyrAxqgdvhzcOKlMQq5s']
Kiddtetoon	Ozuna	1	['6fGyrAxqgdvhzcOKlMQq5s']
Anuel AA	Don Toliver	1	['4EZ1JcbxfbVwuQRDJFUrzK']
Anuel AA	Gunna	1	['4EZ1JcbxfbVwuQRDJFUrzK']
Anuel AA	Internet Money	1	['4EZ1JcbxfbVwuQRDJFUrzK']
Anuel AA	NAV	1	['4EZ1JcbxfbVwuQRDJFUrzK']
Drake	Lil Durk	1	['2SAqBLGA283SUiwJ3xOUVI']
Guaynaa	Lele Pons	1	['11EnQRgRMJwMAesfkB5pnu']
Cruz Cafuné	Don Patricio	1	['6uW0PIRcyZLvkoonm763xD']
Aleesha	Recycled J	1	['6Q4v5tWo0jiKFauigcvV7U']
J Balvin	Sean Paul	1	['37eGbhE1xVFSvcKkqGb6i1']
Ariana Grande	The Weeknd	1	['0K2UmT0JOcEaLssWda2703']
De La Ghetto	Nicky Jam	1	['2CIJusVSWZKH4XIXxipD0I']
Cardi B	DJ Snake	1	['0KoiMHhqKLoL4xM54rcWYY']
Cardi B	Ozuna	1	['0KoiMHhqKLoL4xM54rcWYY']
Cardi B	Selena Gomez	1	['0KoiMHhqKLoL4xM54rcWYY']
DJ Snake	Selena Gomez	1	['0KoiMHhqKLoL4xM54rcWYY']
Ozuna	Selena Gomez	1	['0KoiMHhqKLoL4xM54rcWYY']
Mala Rodríguez	Nyno Vargas	1	['1AjpWsiBBkUKuBwEhH7KqL']
Christian Nieves	Generacion Escogida	1	['0Biqb9UJEsimAKNSxTuJYM']
Christian Nieves	Ozuna	1	['0Biqb9UJEsimAKNSxTuJYM']
Generacion Escogida	Ozuna	1	['0Biqb9UJEsimAKNSxTuJYM']
Evlay	TATOOL	1	['51aMyZzlIOitdIA4vyF0JO']
Evlay	Taiu	1	['51aMyZzlIOitdIA4vyF0JO']
Evlay	Trueno	1	['51aMyZzlIOitdIA4vyF0JO']
Evlay	WOS	1	['51aMyZzlIOitdIA4vyF0JO']
TATOOL	WOS	1	['51aMyZzlIOitdIA4vyF0JO']
Taiu	WOS	1	['51aMyZzlIOitdIA4vyF0JO']
Trueno	WOS	1	['51aMyZzlIOitdIA4vyF0JO']
Cali Y El Dandee	Lérica	1	['5d0Xm7KIWwu4QPghrQl8G0']
Cali Y El Dandee	Omar Montes	1	['5d0Xm7KIWwu4QPghrQl8G0']
Piter-G	TheGrefg	1	['52GPuV0HChHY6GrcBgDBHH']
Piter-G	Zarcort	1	['52GPuV0HChHY6GrcBgDBHH']
TheGrefg	Zarcort	1	['52GPuV0HChHY6GrcBgDBHH']
Bad Bunny	Nicky Jam	1	['5bmSver2b3ZXyuyLKtgnFI']
Lunay	NATTI NATASHA	1	['0A37XY67wSdGqkGjtfW6aV']
NATTI NATASHA	Rauw Alejandro	1	['0A37XY67wSdGqkGjtfW6aV']
Farruko	Tempo	1	['4gChz67rTHfVzKCZAHsifM']
Jay Wheeler	Sech	1	['4gChz67rTHfVzKCZAHsifM']
Jay Wheeler	Tempo	1	['4gChz67rTHfVzKCZAHsifM']
Myke Towers	Tempo	1	['4gChz67rTHfVzKCZAHsifM']
Sech	Tempo	1	['4gChz67rTHfVzKCZAHsifM']
Bandaga	Rvfv	1	['6Aqeqb9rVNA1U6zuuxczQZ']
Omy de Oro	Rauw Alejandro	1	['7kJkDbS5UsKGlpBx64ooQA']
Dualy	Miranda	1	['6rwYZI7sVX2fIdTmc27flL']
Hard GZ	Miranda	1	['6rwYZI7sVX2fIdTmc27flL']
Chimbala	PV Aparataje	1	['3EWxpqOSP0KWgUmRiklqGy']
Juan Magán	Omar Montes	1	['3EWxpqOSP0KWgUmRiklqGy']
Juan Magán	PV Aparataje	1	['3EWxpqOSP0KWgUmRiklqGy']
Omar Montes	PV Aparataje	1	['3EWxpqOSP0KWgUmRiklqGy']
DaBaby	Lil Baby	1	['0PvFJmanyNQMseIFrU708S']
DaBaby	Pop Smoke	1	['0PvFJmanyNQMseIFrU708S']
Lil Baby	Pop Smoke	1	['0PvFJmanyNQMseIFrU708S']
B. Swanson Quartet	Frank Sinatra	1	['4kKdvXD0ez7jp1296JmAts']
India Martinez	Marc Anthony	1	['12oFSoib1tf0r2rd1Fgsfe']
Ariana Grande	Jennifer Hudson	1	['2VkuxjlbnbaBiWYpdBGVol']
Ariana Grande	Mariah Carey	1	['2VkuxjlbnbaBiWYpdBGVol']
Jennifer Hudson	Mariah Carey	1	['2VkuxjlbnbaBiWYpdBGVol']
Anuel AA	Tainy	1	['3jbT1Y5MoPwEIpZndDDwVq']
Ozuna	Tainy	1	['3jbT1Y5MoPwEIpZndDDwVq']
Ir Sais	Rauw Alejandro	1	['099tjv6oy2opbpCOA3nBwX']
Disclosure	Khalid	1	['0TrPqhAMoaKUFLR7iYDokf']
David Bisbal	Greeicy	1	['0Cr4tOaucO06eLJpXI3wXI']
Bizarrap	LIT killah	1	['0hwEhPxCBLKiqeBMZavGAv']
Halsey	Marshmello	1	['3Z8FwOEN59mRMxDCtb8N0A']
Billy Idol	Miley Cyrus	1	['4U34WsyOvppOMnRfq7DuOy']
Jason Derulo	Jawsh 685	1	['1xQ6trAsedVPCdbtDAmk0c']
Dalex	Darell	1	['1qym5o53zYbVzQfi8Z64eO']
Darell	Dímelo Flow	1	['1qym5o53zYbVzQfi8Z64eO']
Darell	Justin Quiles	1	['1qym5o53zYbVzQfi8Z64eO']
Darell	Rich Music LTD	1	['1qym5o53zYbVzQfi8Z64eO']
Dímelo Flow	Rich Music LTD	1	['1qym5o53zYbVzQfi8Z64eO']
Gèrard	Hugo Cobo	1	['1xNHX3NVN55SDa6ptBjTY1']
Bizarrap	Dani Ribba	1	['6TNuRFdNazLbbVQTRE8pZg']
Casper Magico	Flow La Movie	1	['2etJ67Egf7woMgOikVrlJM']
Casper Magico	Nio Garcia	1	['2etJ67Egf7woMgOikVrlJM']
Flow La Movie	Nio Garcia	1	['2etJ67Egf7woMgOikVrlJM']
Ariana Grande	Justin Bieber	1	['4HBZA5flZLE435QTztThqH']
Aitana	Reik	1	['5XUtUnUsJ1PAkLZIiCfUD5']
Daviles de Novelda	Keen Levy	1	['5SuAVjvO7r7n0v6ctuJ4L6']
Keen Levy	Omar Montes	1	['5SuAVjvO7r7n0v6ctuJ4L6']
Chencho Corleone	El Alfa	1	['0lCHRVlRZCEyLj3Gkc1nv1']
Chencho Corleone	Justin Quiles	1	['0lCHRVlRZCEyLj3Gkc1nv1']
El Alfa	Farruko	1	['0lCHRVlRZCEyLj3Gkc1nv1']
Justin Quiles	Myke Towers	1	['0lCHRVlRZCEyLj3Gkc1nv1']
Bizarrap	Seven Kayne	1	['5PmK5pRspJq5ki30zgyv7G']
Lalo Ebratt	Trapical Minds	1	['3mN2DtljBhnrIpc3Nu2pJ8']
Lalo Ebratt	Yera	1	['3mN2DtljBhnrIpc3Nu2pJ8']
Sebastian Yatra	Trapical Minds	1	['3mN2DtljBhnrIpc3Nu2pJ8']
Sebastian Yatra	Yera	1	['3mN2DtljBhnrIpc3Nu2pJ8']
Trapical Minds	Yera	1	['3mN2DtljBhnrIpc3Nu2pJ8']
Don Patricio	Lola Indigo	1	['7IzbHY75UhGztauT7U5eKb']
Diplo	El Alfa	1	['1G2CAJeP7rCwOZjlSJ0Zw3']
Diplo	J Balvin	1	['1G2CAJeP7rCwOZjlSJ0Zw3']
Diplo	Major Lazer	1	['1G2CAJeP7rCwOZjlSJ0Zw3']
El Alfa	J Balvin	1	['1G2CAJeP7rCwOZjlSJ0Zw3']
El Alfa	Major Lazer	1	['1G2CAJeP7rCwOZjlSJ0Zw3']
J Balvin	Major Lazer	1	['1G2CAJeP7rCwOZjlSJ0Zw3']
David Bisbal	Sebastian Yatra	1	['3Z7JMhKrVBiMvMd0xV1vyI']
Danny Romero	Juan Magán	1	['3CCPAxHcGuTL43u4U9euVo']
DELLAFUENTE	Rels B	1	['0gSNix8gxw7JhUTeC0RnAS']
Morat	Yera	1	['7tQ24skemknA6PPh6gwFi1']
Haze	Myke Towers	1	['0i9oiUkWOgvtnjkr0fa3XN']
Maluma	Steve Aoki	1	['35HXnvswjdVWjQRmqtXPJD']
Drake	Future	1	['5yY9lUy8nbvjM1Uyo1Uqoc']
Kygo	OneRepublic	1	['7xbWAw3LMgRMn4omR5yVn3']
Billy Ray Cyrus	Lil Nas X	1	['2YpeDb67231RjR0MgVLzsG']
Sebastian Yatra	TINI	1	['09nSCeCs6eYfAIJVfye1CE']
Duki	KHEA	1	['03a359wbiUsjN9h6yzXvmS']
Anuel AA	Bryant Myers	1	['27qRmG3zOWPvMYUkpPdQ1g']
Powfu	beabadoobee	1	['7eJMfftS33KTjuF7lTsMCx']
Flavio	Samantha	1	['0zeyf1EpNRWdVYiBJapd07']
Aissa	Cruz Cafuné	1	['2ILVmZozUjjaNrX0v3dC6D']
Beret	Sebastian Yatra	1	['3wGRfBDRNQb0nFDFrUPvq6']
Becky G	Gente De Zona	1	['2vI4SxtYqAQD5h1nSrqfKM']
Elton John	Lady Gaga	1	['0zzsyWc45eUcSjw4FNHxeN']
Alico	Migrantes	1	['3lCbsHaN1wCxyDzcNN2x4N']
Amaral	Estopa	1	['16P23VQVCU9uTjw3c4bHzp']
(G)I-DLE	Jaira Burns	1	['6juLaduD4STCUDWT0AYun4']
(G)I-DLE	Lexie Liu	1	['6juLaduD4STCUDWT0AYun4']
(G)I-DLE	Madison Beer	1	['6juLaduD4STCUDWT0AYun4']
(G)I-DLE	Seraphine	1	['6juLaduD4STCUDWT0AYun4']
Jaira Burns	K/DA	1	['6juLaduD4STCUDWT0AYun4']
Jaira Burns	League of Legends	1	['6juLaduD4STCUDWT0AYun4']
Jaira Burns	Lexie Liu	1	['6juLaduD4STCUDWT0AYun4']
Jaira Burns	Madison Beer	1	['6juLaduD4STCUDWT0AYun4']
Jaira Burns	Seraphine	1	['6juLaduD4STCUDWT0AYun4']
K/DA	Lexie Liu	1	['6juLaduD4STCUDWT0AYun4']
K/DA	Madison Beer	1	['6juLaduD4STCUDWT0AYun4']
K/DA	Seraphine	1	['6juLaduD4STCUDWT0AYun4']
League of Legends	Lexie Liu	1	['6juLaduD4STCUDWT0AYun4']
League of Legends	Madison Beer	1	['6juLaduD4STCUDWT0AYun4']
League of Legends	Seraphine	1	['6juLaduD4STCUDWT0AYun4']
Lexie Liu	Madison Beer	1	['6juLaduD4STCUDWT0AYun4']
Lexie Liu	Seraphine	1	['6juLaduD4STCUDWT0AYun4']
Madison Beer	Seraphine	1	['6juLaduD4STCUDWT0AYun4']
Anuel AA	Lil Pump	1	['0IGQvkMGwRuL0wWzVQw1Bc']
Beéle	Farruko	1	['6nGM44ZP7vSo0istUW2MOq']
Beéle	Manuel Turizo	1	['6nGM44ZP7vSo0istUW2MOq']
Beéle	NATTI NATASHA	1	['6nGM44ZP7vSo0istUW2MOq']
Farruko	Manuel Turizo	1	['6nGM44ZP7vSo0istUW2MOq']
Bruno Alves	NIA	1	['759nzNzO4OhBJzd7tTHzgJ']
El Alfa	Sech	1	['047WmwIeerHyIUstFAEz5A']
El Alfa	Vin Diesel	1	['047WmwIeerHyIUstFAEz5A']
Lil Pump	Myke Towers	1	['047WmwIeerHyIUstFAEz5A']
Lil Pump	Sech	1	['047WmwIeerHyIUstFAEz5A']
Lil Pump	Vin Diesel	1	['047WmwIeerHyIUstFAEz5A']
Myke Towers	Vin Diesel	1	['047WmwIeerHyIUstFAEz5A']
Sech	Vin Diesel	1	['047WmwIeerHyIUstFAEz5A']
Dalex	Maluma	1	['7fODjB7BrQTGqh0hogW6XD']
Emilee	Surf Mesa	1	['62aP9fBQKYKxi7PDXwcUAS']
Justin Bieber	Kehlani	1	['6zGPytJiZmFuyVq7RTNO9G']
Chimbala	El Completo Rd	1	['2maGaB3fNqQnyrG3FDiaW3']
Beret	FMK	1	['5dDxdj2MrqrYCGzqXfJycL']
Beret	Maria Becerra	1	['5dDxdj2MrqrYCGzqXfJycL']
FMK	Maria Becerra	1	['5dDxdj2MrqrYCGzqXfJycL']
Lola Indigo	Rvfv	1	['6KS9MjBx9PnEetb0XUqGv6']
Lérica	Maikel Delacalle	1	['6cmjIBF2murKG8moPpirs7']
J Balvin	Rauw Alejandro	1	['22Sh5dlwbERqJAq1fZk5b2']
Camilo	Dani Martín	1	['3NotbAoyN09CuKaqWQP48U']
C. Tangana	Lauren Jauregui	1	['1CrwI6m6zrG8AvOyvzpTHO']
C. Tangana	Tainy	1	['1CrwI6m6zrG8AvOyvzpTHO']
Lauren Jauregui	Tainy	1	['1CrwI6m6zrG8AvOyvzpTHO']
Maluma	Piso 21	1	['69Y5IZuBvGyzySFt5x7kCq']
Nil Moliner	Stay Homas	1	['2KDNePHNaahkf8okcATp51']
Bizarrap	Don Patricio	1	['3B30FE1ywQwRa5vcg2W1Zg']
Bely Basarte	Nil Moliner	1	['354ymk1mpXRLqXFnuzB9tT']
C. Tangana	Paloma Mami	1	['1KdwnsWOvhM53vezy5ROuf']
Asan	C.R.O	1	['5widvMUA2hiilH1RpOl5aM']
Asan	Capo Plaza	1	['5widvMUA2hiilH1RpOl5aM']
Asan	Duki	1	['5widvMUA2hiilH1RpOl5aM']
Asan	Pablo Chill-E	1	['5widvMUA2hiilH1RpOl5aM']
Asan	RONNY J	1	['5widvMUA2hiilH1RpOl5aM']
C.R.O	Capo Plaza	1	['5widvMUA2hiilH1RpOl5aM']
C.R.O	Duki	1	['5widvMUA2hiilH1RpOl5aM']
C.R.O	Pablo Chill-E	1	['5widvMUA2hiilH1RpOl5aM']
C.R.O	RONNY J	1	['5widvMUA2hiilH1RpOl5aM']
Capo Plaza	Duki	1	['5widvMUA2hiilH1RpOl5aM']
Capo Plaza	Pablo Chill-E	1	['5widvMUA2hiilH1RpOl5aM']
Capo Plaza	RONNY J	1	['5widvMUA2hiilH1RpOl5aM']
Duki	RONNY J	1	['5widvMUA2hiilH1RpOl5aM']
Pablo Chill-E	RONNY J	1	['5widvMUA2hiilH1RpOl5aM']
C. Tangana	rusowsky	1	['6HlWtggWotj9bUNcPGEeLS']
Juan Magán	Nyno Vargas	1	['1zv4Q2mgNdoqDtVAF7TQAA']
Cazzu	Dalex	1	['7g8YaUQABMal0zWe7a2ijz']
Cazzu	Feid	1	['7g8YaUQABMal0zWe7a2ijz']
Cazzu	KHEA	1	['7g8YaUQABMal0zWe7a2ijz']
Cazzu	Lenny Tavárez	1	['7g8YaUQABMal0zWe7a2ijz']
Cazzu	Rafa Pabön	1	['7g8YaUQABMal0zWe7a2ijz']
Cazzu	Sech	1	['7g8YaUQABMal0zWe7a2ijz']
Dalex	KHEA	1	['7g8YaUQABMal0zWe7a2ijz']
Feid	KHEA	1	['7g8YaUQABMal0zWe7a2ijz']
KHEA	Lenny Tavárez	1	['7g8YaUQABMal0zWe7a2ijz']
KHEA	Rafa Pabön	1	['7g8YaUQABMal0zWe7a2ijz']
KHEA	Sech	1	['7g8YaUQABMal0zWe7a2ijz']
Recycled J	Selecta	1	['4E0zuROzbEvsjL00UayEpJ']
Manuel Turizo	Reik	1	['23CsjGOYDQiJpX44BSn9TM']
Albany	La Zowi	1	['2lwrv8g1JbRlhhqYpPVnlE']
Albany	Pipo Beatz	1	['2lwrv8g1JbRlhhqYpPVnlE']
La Zowi	Pipo Beatz	1	['2lwrv8g1JbRlhhqYpPVnlE']
Anuel AA	Manuel Turizo	1	['4fj7e6Tc48Bmomwyz2Z2XC']
Clever	Justin Bieber	1	['2ZlCGeK30BLRNSPC832pNZ']
Clever	Post Malone	1	['2ZlCGeK30BLRNSPC832pNZ']
Justin Bieber	Post Malone	1	['2ZlCGeK30BLRNSPC832pNZ']
Arce	Omar Montes	1	['39JlamO6oYz8nRIYCfq8Bl']
Chimbala	Jay Wheeler	1	['6djrkoJzbcRD041BQqJkBv']
Chimbala	Juhn	1	['6djrkoJzbcRD041BQqJkBv']
Chimbala	Lenny Tavárez	1	['6djrkoJzbcRD041BQqJkBv']
Jay Wheeler	Juhn	1	['6djrkoJzbcRD041BQqJkBv']
Jay Wheeler	Lenny Tavárez	1	['6djrkoJzbcRD041BQqJkBv']
Jay Wheeler	Omar Montes	1	['6djrkoJzbcRD041BQqJkBv']
Juhn	Omar Montes	1	['6djrkoJzbcRD041BQqJkBv']
Lenny Tavárez	Omar Montes	1	['6djrkoJzbcRD041BQqJkBv']
Master KG	Nomcebo Zikode	1	['2MlOUXmcofMackX3bxfSwi']
Kendo Kaponi	Yandel	1	['0YbXuCsQwrsh5x0hgnED6z']
Kendo Kaponi	Ñengo Flow	1	['0YbXuCsQwrsh5x0hgnED6z']
Yandel	Ñengo Flow	1	['0YbXuCsQwrsh5x0hgnED6z']
Kidd Keo	Young M.A	1	['4RHrf1byiqcRCGwI6fHvKu']
Los Legendarios	Myke Towers	1	['2bgcUk2A3jjKbCJ7KPquTi']
Anne Lukin	Flavio	1	['2mrxL6EPWrFJhsWLcuLpYr']
Aleman	TATOOL	1	['7JS743HRDpx2NvoNQ39p4O']
Aleman	Taiu	1	['7JS743HRDpx2NvoNQ39p4O']
Aleman	Trueno	1	['7JS743HRDpx2NvoNQ39p4O']
Ariadna	NIA	1	['4CiTX0uVuC1UisedqHvPqv']
Jarabe De Palo	Lamari	1	['6BX3OWb6eAtKzUhLyMPpWD']
Bad Bunny	Zion & Lennox	1	['4EJHKSnHENfjOxXWryyNtL']
Calvin Harris	The Weeknd	1	['58AGoOGbwsQMhBbH0eFLRR']
Alvaro Diaz	Dalex	1	['3mr13zNWprAzYYY0RinBCp']
Dalex	Tainy	1	['3mr13zNWprAzYYY0RinBCp']
Kygo	Tyga	1	['3frUvGrmGcay91lvFbOgsN']
Kygo	Zara Larsson	1	['3frUvGrmGcay91lvFbOgsN']
Tyga	Zara Larsson	1	['3frUvGrmGcay91lvFbOgsN']
Alvaro Diaz	Feid	1	['5Bc130ZswADfOY9bxk1y98']
Feid	Tainy	1	['5Bc130ZswADfOY9bxk1y98']
Arcángel	"Secreto ""El Famoso Biberon"""	1	['29KkQi7wKF6IdOjwU8infb']
El Alfa	Ozuna	1	['29KkQi7wKF6IdOjwU8infb']
El Alfa	"Secreto ""El Famoso Biberon"""	1	['29KkQi7wKF6IdOjwU8infb']
Nicky Jam	"Secreto ""El Famoso Biberon"""	1	['29KkQi7wKF6IdOjwU8infb']
Ozuna	"Secreto ""El Famoso Biberon"""	1	['29KkQi7wKF6IdOjwU8infb']
Black Eyed Peas	Shakira	1	['2vBET2pmrQqafaS6zIaYta']
Aitana	Katy Perry	1	['4abn7Lc3illnEHFc9ki6x2']
Aitana	Tiësto	1	['4abn7Lc3illnEHFc9ki6x2']
Katy Perry	Tiësto	1	['4abn7Lc3illnEHFc9ki6x2']
Alex Martini	Lalo Ebratt	1	['7pW8587r5IVPB4SgxNaPgI']
Alex Martini	Omar Montes	1	['7pW8587r5IVPB4SgxNaPgI']
Alex Martini	Ovy On The Drums	1	['7pW8587r5IVPB4SgxNaPgI']
Lalo Ebratt	Omar Montes	1	['7pW8587r5IVPB4SgxNaPgI']
Lalo Ebratt	Ovy On The Drums	1	['7pW8587r5IVPB4SgxNaPgI']
Lalo Ebratt	Robledo	1	['7pW8587r5IVPB4SgxNaPgI']
Omar Montes	Ovy On The Drums	1	['7pW8587r5IVPB4SgxNaPgI']
Ovy On The Drums	Robledo	1	['7pW8587r5IVPB4SgxNaPgI']
Beret	Pablo Alborán	1	['71M1szVbVYZM5M6QlIm6aC']
Nyno Vargas	Omar Montes	1	['2EAwcFW9NeuhnZ0q5aYhFL']
Cariño	Natalia Lacunza	1	['5qZNL9BORsrXLEzysCGXEc']
Abraham Mateo	Lérica	1	['4punHldq7Jfx0Plu7SdjQ0']
Abraham Mateo	Omar Montes	1	['4punHldq7Jfx0Plu7SdjQ0']
Bhavi	John C	1	['2b6i9zx3ULzKrNWmyP0ePD']
Bhavi	Neo Pistea	1	['2b6i9zx3ULzKrNWmyP0ePD']
Bhavi	Trueno	1	['2b6i9zx3ULzKrNWmyP0ePD']
John C	Neo Pistea	1	['2b6i9zx3ULzKrNWmyP0ePD']
John C	Trueno	1	['2b6i9zx3ULzKrNWmyP0ePD']
Neo Pistea	Trueno	1	['2b6i9zx3ULzKrNWmyP0ePD']
Anuel AA	Romeo Santos	1	['3f5lA8nnc4YYF1qf78WpHw']
Beret	Lola Indigo	1	['3lf6mWt6LkbQ4OarnxrBGD']
Dalex	Nakary	1	['7xJeg4TFZBwoK63G98YRaA']
Dalex	Noriel	1	['7xJeg4TFZBwoK63G98YRaA']
Justin Quiles	KEVVO	1	['7xJeg4TFZBwoK63G98YRaA']
Justin Quiles	Nakary	1	['7xJeg4TFZBwoK63G98YRaA']
Justin Quiles	Noriel	1	['7xJeg4TFZBwoK63G98YRaA']
KEVVO	Nakary	1	['7xJeg4TFZBwoK63G98YRaA']
KEVVO	Zion	1	['7xJeg4TFZBwoK63G98YRaA']
Nakary	Noriel	1	['7xJeg4TFZBwoK63G98YRaA']
Nakary	Zion	1	['7xJeg4TFZBwoK63G98YRaA']
Noriel	Zion	1	['7xJeg4TFZBwoK63G98YRaA']
Arcángel	DJ Luian	1	['4xvTPuwHaXoDM3p0QcY7bH']
Arcángel	Mambo Kingz	1	['4xvTPuwHaXoDM3p0QcY7bH']
DJ Luian	Farruko	1	['4xvTPuwHaXoDM3p0QcY7bH']
DJ Luian	Wisin	1	['4xvTPuwHaXoDM3p0QcY7bH']
Darell	Wisin	1	['4xvTPuwHaXoDM3p0QcY7bH']
Farruko	Mambo Kingz	1	['4xvTPuwHaXoDM3p0QcY7bH']
Farruko	Wisin	1	['4xvTPuwHaXoDM3p0QcY7bH']
Mambo Kingz	Wisin	1	['4xvTPuwHaXoDM3p0QcY7bH']
Manuel Turizo	Ozuna	1	['48zFZh27QU5qsrBjn4C2FA']
Daddy Yankee	Nicky Jam	1	['4VgYtXCVJ7IbWAZ5ryfvEQ']
JP Saxe	Julia Michaels	1	['2kJwzbxV2ppxnQoYw4GLBZ']
Lenny Tavárez	Lyanno	1	['3dEtfTtCXWW7N8WQ9FD29z']
Lenny Tavárez	Maria Becerra	1	['3dEtfTtCXWW7N8WQ9FD29z']
Lyanno	Maria Becerra	1	['3dEtfTtCXWW7N8WQ9FD29z']
Maria Becerra	Rauw Alejandro	1	['3dEtfTtCXWW7N8WQ9FD29z']
Dua Lipa	Madonna	1	['0pk1hxhJLBSZZ5RKBhcwOa']
Dua Lipa	Missy Elliott	1	['0pk1hxhJLBSZZ5RKBhcwOa']
Dua Lipa	The Blessed Madonna	1	['0pk1hxhJLBSZZ5RKBhcwOa']
Madonna	Missy Elliott	1	['0pk1hxhJLBSZZ5RKBhcwOa']
Madonna	The Blessed Madonna	1	['0pk1hxhJLBSZZ5RKBhcwOa']
Missy Elliott	The Blessed Madonna	1	['0pk1hxhJLBSZZ5RKBhcwOa']
Ana Mena	Rocco Hunt	1	['7ql2RUmAmj36tkMUNWo7MT']
Bad Bunny	Gabriela	1	['2DhNdoHxavs7Qtf5MnhZD0']
Alex Ubago	Alvaro Soler	1	['5Z3eEWd02O1RekV96ohDPx']
Alex Ubago	Andrés Suárez	1	['5Z3eEWd02O1RekV96ohDPx']
Alex Ubago	Blas Cantó	1	['5Z3eEWd02O1RekV96ohDPx']
Alex Ubago	Carlos Baute	1	['5Z3eEWd02O1RekV96ohDPx']
Alex Ubago	Conchita	1	['5Z3eEWd02O1RekV96ohDPx']
Alex Ubago	David Bisbal	1	['5Z3eEWd02O1RekV96ohDPx']
Alex Ubago	David Otero	1	['5Z3eEWd02O1RekV96ohDPx']
Alex Ubago	David Summers	1	['5Z3eEWd02O1RekV96ohDPx']
Alex Ubago	Despistaos	1	['5Z3eEWd02O1RekV96ohDPx']
Alex Ubago	Diana Navarro	1	['5Z3eEWd02O1RekV96ohDPx']
Alex Ubago	Dvicio	1	['5Z3eEWd02O1RekV96ohDPx']
Alex Ubago	ELE	1	['5Z3eEWd02O1RekV96ohDPx']
Alex Ubago	Efecto Mariposa	1	['5Z3eEWd02O1RekV96ohDPx']
Alex Ubago	Efecto Pasillo	1	['5Z3eEWd02O1RekV96ohDPx']
Alex Ubago	Georgina	1	['5Z3eEWd02O1RekV96ohDPx']
Alex Ubago	India Martinez	1	['5Z3eEWd02O1RekV96ohDPx']
Alex Ubago	Jose Merce	1	['5Z3eEWd02O1RekV96ohDPx']
Alex Ubago	Josemi Carmona	1	['5Z3eEWd02O1RekV96ohDPx']
Alex Ubago	Manuel Carrasco	1	['5Z3eEWd02O1RekV96ohDPx']
Alex Ubago	Melendi	1	['5Z3eEWd02O1RekV96ohDPx']
Alex Ubago	Mikel Erentxun	1	['5Z3eEWd02O1RekV96ohDPx']
Alex Ubago	Nil Moliner	1	['5Z3eEWd02O1RekV96ohDPx']
Alex Ubago	Pastora Soler	1	['5Z3eEWd02O1RekV96ohDPx']
Alex Ubago	Pedro Guerra	1	['5Z3eEWd02O1RekV96ohDPx']
Alex Ubago	Pitingo	1	['5Z3eEWd02O1RekV96ohDPx']
Alex Ubago	Resistiré 2020	1	['5Z3eEWd02O1RekV96ohDPx']
Alex Ubago	Rosana	1	['5Z3eEWd02O1RekV96ohDPx']
Alex Ubago	Rozalén	1	['5Z3eEWd02O1RekV96ohDPx']
Alex Ubago	Rulo y la contrabanda	1	['5Z3eEWd02O1RekV96ohDPx']
Alex Ubago	Sofia Ellar	1	['5Z3eEWd02O1RekV96ohDPx']
Alex Ubago	Vanesa Martín	1	['5Z3eEWd02O1RekV96ohDPx']
Alvaro Soler	Andrés Suárez	1	['5Z3eEWd02O1RekV96ohDPx']
Alvaro Soler	Blas Cantó	1	['5Z3eEWd02O1RekV96ohDPx']
Alvaro Soler	Carlos Baute	1	['5Z3eEWd02O1RekV96ohDPx']
Alvaro Soler	Conchita	1	['5Z3eEWd02O1RekV96ohDPx']
Alvaro Soler	David Bisbal	1	['5Z3eEWd02O1RekV96ohDPx']
Alvaro Soler	David Otero	1	['5Z3eEWd02O1RekV96ohDPx']
Alvaro Soler	David Summers	1	['5Z3eEWd02O1RekV96ohDPx']
Alvaro Soler	Despistaos	1	['5Z3eEWd02O1RekV96ohDPx']
Alvaro Soler	Diana Navarro	1	['5Z3eEWd02O1RekV96ohDPx']
Alvaro Soler	Dvicio	1	['5Z3eEWd02O1RekV96ohDPx']
Alvaro Soler	ELE	1	['5Z3eEWd02O1RekV96ohDPx']
Alvaro Soler	Efecto Mariposa	1	['5Z3eEWd02O1RekV96ohDPx']
Alvaro Soler	Efecto Pasillo	1	['5Z3eEWd02O1RekV96ohDPx']
Alvaro Soler	Georgina	1	['5Z3eEWd02O1RekV96ohDPx']
Alvaro Soler	India Martinez	1	['5Z3eEWd02O1RekV96ohDPx']
Alvaro Soler	Jose Merce	1	['5Z3eEWd02O1RekV96ohDPx']
Alvaro Soler	Josemi Carmona	1	['5Z3eEWd02O1RekV96ohDPx']
Alvaro Soler	Manuel Carrasco	1	['5Z3eEWd02O1RekV96ohDPx']
Alvaro Soler	Melendi	1	['5Z3eEWd02O1RekV96ohDPx']
Alvaro Soler	Mikel Erentxun	1	['5Z3eEWd02O1RekV96ohDPx']
Alvaro Soler	Nil Moliner	1	['5Z3eEWd02O1RekV96ohDPx']
Alvaro Soler	Pastora Soler	1	['5Z3eEWd02O1RekV96ohDPx']
Alvaro Soler	Pedro Guerra	1	['5Z3eEWd02O1RekV96ohDPx']
Alvaro Soler	Pitingo	1	['5Z3eEWd02O1RekV96ohDPx']
Alvaro Soler	Resistiré 2020	1	['5Z3eEWd02O1RekV96ohDPx']
Alvaro Soler	Rosana	1	['5Z3eEWd02O1RekV96ohDPx']
Alvaro Soler	Rozalén	1	['5Z3eEWd02O1RekV96ohDPx']
Alvaro Soler	Rulo y la contrabanda	1	['5Z3eEWd02O1RekV96ohDPx']
Alvaro Soler	Vanesa Martín	1	['5Z3eEWd02O1RekV96ohDPx']
Andrés Suárez	Blas Cantó	1	['5Z3eEWd02O1RekV96ohDPx']
Andrés Suárez	Carlos Baute	1	['5Z3eEWd02O1RekV96ohDPx']
Andrés Suárez	Conchita	1	['5Z3eEWd02O1RekV96ohDPx']
Andrés Suárez	David Bisbal	1	['5Z3eEWd02O1RekV96ohDPx']
Andrés Suárez	David Otero	1	['5Z3eEWd02O1RekV96ohDPx']
Andrés Suárez	David Summers	1	['5Z3eEWd02O1RekV96ohDPx']
Andrés Suárez	Despistaos	1	['5Z3eEWd02O1RekV96ohDPx']
Andrés Suárez	Diana Navarro	1	['5Z3eEWd02O1RekV96ohDPx']
Andrés Suárez	Dvicio	1	['5Z3eEWd02O1RekV96ohDPx']
Andrés Suárez	ELE	1	['5Z3eEWd02O1RekV96ohDPx']
Andrés Suárez	Efecto Mariposa	1	['5Z3eEWd02O1RekV96ohDPx']
Andrés Suárez	Efecto Pasillo	1	['5Z3eEWd02O1RekV96ohDPx']
Andrés Suárez	Georgina	1	['5Z3eEWd02O1RekV96ohDPx']
Andrés Suárez	India Martinez	1	['5Z3eEWd02O1RekV96ohDPx']
Andrés Suárez	Jose Merce	1	['5Z3eEWd02O1RekV96ohDPx']
Andrés Suárez	Josemi Carmona	1	['5Z3eEWd02O1RekV96ohDPx']
Andrés Suárez	Manuel Carrasco	1	['5Z3eEWd02O1RekV96ohDPx']
Andrés Suárez	Melendi	1	['5Z3eEWd02O1RekV96ohDPx']
Andrés Suárez	Mikel Erentxun	1	['5Z3eEWd02O1RekV96ohDPx']
Andrés Suárez	Nil Moliner	1	['5Z3eEWd02O1RekV96ohDPx']
Andrés Suárez	Pastora Soler	1	['5Z3eEWd02O1RekV96ohDPx']
Andrés Suárez	Pedro Guerra	1	['5Z3eEWd02O1RekV96ohDPx']
Andrés Suárez	Pitingo	1	['5Z3eEWd02O1RekV96ohDPx']
Andrés Suárez	Resistiré 2020	1	['5Z3eEWd02O1RekV96ohDPx']
Andrés Suárez	Rosana	1	['5Z3eEWd02O1RekV96ohDPx']
Andrés Suárez	Rulo y la contrabanda	1	['5Z3eEWd02O1RekV96ohDPx']
Andrés Suárez	Sofia Ellar	1	['5Z3eEWd02O1RekV96ohDPx']
Andrés Suárez	Vanesa Martín	1	['5Z3eEWd02O1RekV96ohDPx']
Blas Cantó	Carlos Baute	1	['5Z3eEWd02O1RekV96ohDPx']
Blas Cantó	Conchita	1	['5Z3eEWd02O1RekV96ohDPx']
Blas Cantó	David Bisbal	1	['5Z3eEWd02O1RekV96ohDPx']
Blas Cantó	David Otero	1	['5Z3eEWd02O1RekV96ohDPx']
Blas Cantó	David Summers	1	['5Z3eEWd02O1RekV96ohDPx']
Blas Cantó	Despistaos	1	['5Z3eEWd02O1RekV96ohDPx']
Blas Cantó	Diana Navarro	1	['5Z3eEWd02O1RekV96ohDPx']
Blas Cantó	Dvicio	1	['5Z3eEWd02O1RekV96ohDPx']
Blas Cantó	ELE	1	['5Z3eEWd02O1RekV96ohDPx']
Blas Cantó	Efecto Mariposa	1	['5Z3eEWd02O1RekV96ohDPx']
Blas Cantó	Efecto Pasillo	1	['5Z3eEWd02O1RekV96ohDPx']
Blas Cantó	Georgina	1	['5Z3eEWd02O1RekV96ohDPx']
Blas Cantó	India Martinez	1	['5Z3eEWd02O1RekV96ohDPx']
Blas Cantó	Jose Merce	1	['5Z3eEWd02O1RekV96ohDPx']
Blas Cantó	Josemi Carmona	1	['5Z3eEWd02O1RekV96ohDPx']
Blas Cantó	Manuel Carrasco	1	['5Z3eEWd02O1RekV96ohDPx']
Blas Cantó	Melendi	1	['5Z3eEWd02O1RekV96ohDPx']
Blas Cantó	Mikel Erentxun	1	['5Z3eEWd02O1RekV96ohDPx']
Blas Cantó	Nil Moliner	1	['5Z3eEWd02O1RekV96ohDPx']
Blas Cantó	Pastora Soler	1	['5Z3eEWd02O1RekV96ohDPx']
Blas Cantó	Pedro Guerra	1	['5Z3eEWd02O1RekV96ohDPx']
Blas Cantó	Pitingo	1	['5Z3eEWd02O1RekV96ohDPx']
Blas Cantó	Resistiré 2020	1	['5Z3eEWd02O1RekV96ohDPx']
Blas Cantó	Rosana	1	['5Z3eEWd02O1RekV96ohDPx']
Blas Cantó	Rozalén	1	['5Z3eEWd02O1RekV96ohDPx']
Blas Cantó	Rulo y la contrabanda	1	['5Z3eEWd02O1RekV96ohDPx']
Blas Cantó	Sofia Ellar	1	['5Z3eEWd02O1RekV96ohDPx']
Blas Cantó	Vanesa Martín	1	['5Z3eEWd02O1RekV96ohDPx']
Carlos Baute	Conchita	1	['5Z3eEWd02O1RekV96ohDPx']
Carlos Baute	David Bisbal	1	['5Z3eEWd02O1RekV96ohDPx']
Carlos Baute	David Otero	1	['5Z3eEWd02O1RekV96ohDPx']
Carlos Baute	David Summers	1	['5Z3eEWd02O1RekV96ohDPx']
Carlos Baute	Despistaos	1	['5Z3eEWd02O1RekV96ohDPx']
Carlos Baute	Diana Navarro	1	['5Z3eEWd02O1RekV96ohDPx']
Carlos Baute	Dvicio	1	['5Z3eEWd02O1RekV96ohDPx']
Carlos Baute	ELE	1	['5Z3eEWd02O1RekV96ohDPx']
Carlos Baute	Efecto Mariposa	1	['5Z3eEWd02O1RekV96ohDPx']
Carlos Baute	Efecto Pasillo	1	['5Z3eEWd02O1RekV96ohDPx']
Carlos Baute	Georgina	1	['5Z3eEWd02O1RekV96ohDPx']
Carlos Baute	India Martinez	1	['5Z3eEWd02O1RekV96ohDPx']
Carlos Baute	Jose Merce	1	['5Z3eEWd02O1RekV96ohDPx']
Carlos Baute	Josemi Carmona	1	['5Z3eEWd02O1RekV96ohDPx']
Carlos Baute	Manuel Carrasco	1	['5Z3eEWd02O1RekV96ohDPx']
Carlos Baute	Melendi	1	['5Z3eEWd02O1RekV96ohDPx']
Carlos Baute	Mikel Erentxun	1	['5Z3eEWd02O1RekV96ohDPx']
Carlos Baute	Nil Moliner	1	['5Z3eEWd02O1RekV96ohDPx']
Carlos Baute	Pastora Soler	1	['5Z3eEWd02O1RekV96ohDPx']
Carlos Baute	Pedro Guerra	1	['5Z3eEWd02O1RekV96ohDPx']
Carlos Baute	Pitingo	1	['5Z3eEWd02O1RekV96ohDPx']
Carlos Baute	Resistiré 2020	1	['5Z3eEWd02O1RekV96ohDPx']
Carlos Baute	Rosana	1	['5Z3eEWd02O1RekV96ohDPx']
Carlos Baute	Rozalén	1	['5Z3eEWd02O1RekV96ohDPx']
Carlos Baute	Rulo y la contrabanda	1	['5Z3eEWd02O1RekV96ohDPx']
Carlos Baute	Sofia Ellar	1	['5Z3eEWd02O1RekV96ohDPx']
Carlos Baute	Vanesa Martín	1	['5Z3eEWd02O1RekV96ohDPx']
Conchita	David Bisbal	1	['5Z3eEWd02O1RekV96ohDPx']
Conchita	David Otero	1	['5Z3eEWd02O1RekV96ohDPx']
Conchita	David Summers	1	['5Z3eEWd02O1RekV96ohDPx']
Conchita	Despistaos	1	['5Z3eEWd02O1RekV96ohDPx']
Conchita	Diana Navarro	1	['5Z3eEWd02O1RekV96ohDPx']
Conchita	Dvicio	1	['5Z3eEWd02O1RekV96ohDPx']
Conchita	ELE	1	['5Z3eEWd02O1RekV96ohDPx']
Conchita	Efecto Mariposa	1	['5Z3eEWd02O1RekV96ohDPx']
Conchita	Efecto Pasillo	1	['5Z3eEWd02O1RekV96ohDPx']
Conchita	Georgina	1	['5Z3eEWd02O1RekV96ohDPx']
Conchita	India Martinez	1	['5Z3eEWd02O1RekV96ohDPx']
Conchita	Jose Merce	1	['5Z3eEWd02O1RekV96ohDPx']
Conchita	Josemi Carmona	1	['5Z3eEWd02O1RekV96ohDPx']
Conchita	Manuel Carrasco	1	['5Z3eEWd02O1RekV96ohDPx']
Conchita	Melendi	1	['5Z3eEWd02O1RekV96ohDPx']
Conchita	Mikel Erentxun	1	['5Z3eEWd02O1RekV96ohDPx']
Conchita	Nil Moliner	1	['5Z3eEWd02O1RekV96ohDPx']
Conchita	Pastora Soler	1	['5Z3eEWd02O1RekV96ohDPx']
Conchita	Pedro Guerra	1	['5Z3eEWd02O1RekV96ohDPx']
Conchita	Pitingo	1	['5Z3eEWd02O1RekV96ohDPx']
Conchita	Resistiré 2020	1	['5Z3eEWd02O1RekV96ohDPx']
Conchita	Rosana	1	['5Z3eEWd02O1RekV96ohDPx']
Conchita	Rozalén	1	['5Z3eEWd02O1RekV96ohDPx']
Conchita	Rulo y la contrabanda	1	['5Z3eEWd02O1RekV96ohDPx']
Conchita	Sofia Ellar	1	['5Z3eEWd02O1RekV96ohDPx']
Conchita	Vanesa Martín	1	['5Z3eEWd02O1RekV96ohDPx']
David Bisbal	David Otero	1	['5Z3eEWd02O1RekV96ohDPx']
David Bisbal	David Summers	1	['5Z3eEWd02O1RekV96ohDPx']
David Bisbal	Despistaos	1	['5Z3eEWd02O1RekV96ohDPx']
David Bisbal	Diana Navarro	1	['5Z3eEWd02O1RekV96ohDPx']
David Bisbal	Dvicio	1	['5Z3eEWd02O1RekV96ohDPx']
David Bisbal	ELE	1	['5Z3eEWd02O1RekV96ohDPx']
David Bisbal	Efecto Mariposa	1	['5Z3eEWd02O1RekV96ohDPx']
David Bisbal	Efecto Pasillo	1	['5Z3eEWd02O1RekV96ohDPx']
David Bisbal	Georgina	1	['5Z3eEWd02O1RekV96ohDPx']
David Bisbal	Jose Merce	1	['5Z3eEWd02O1RekV96ohDPx']
David Bisbal	Josemi Carmona	1	['5Z3eEWd02O1RekV96ohDPx']
David Bisbal	Melendi	1	['5Z3eEWd02O1RekV96ohDPx']
David Bisbal	Mikel Erentxun	1	['5Z3eEWd02O1RekV96ohDPx']
David Bisbal	Nil Moliner	1	['5Z3eEWd02O1RekV96ohDPx']
David Bisbal	Pastora Soler	1	['5Z3eEWd02O1RekV96ohDPx']
David Bisbal	Pedro Guerra	1	['5Z3eEWd02O1RekV96ohDPx']
David Bisbal	Pitingo	1	['5Z3eEWd02O1RekV96ohDPx']
David Bisbal	Resistiré 2020	1	['5Z3eEWd02O1RekV96ohDPx']
David Bisbal	Rosana	1	['5Z3eEWd02O1RekV96ohDPx']
David Bisbal	Rulo y la contrabanda	1	['5Z3eEWd02O1RekV96ohDPx']
David Bisbal	Sofia Ellar	1	['5Z3eEWd02O1RekV96ohDPx']
David Otero	David Summers	1	['5Z3eEWd02O1RekV96ohDPx']
David Otero	Despistaos	1	['5Z3eEWd02O1RekV96ohDPx']
David Otero	Diana Navarro	1	['5Z3eEWd02O1RekV96ohDPx']
David Otero	Dvicio	1	['5Z3eEWd02O1RekV96ohDPx']
David Otero	ELE	1	['5Z3eEWd02O1RekV96ohDPx']
David Otero	Efecto Mariposa	1	['5Z3eEWd02O1RekV96ohDPx']
David Otero	Efecto Pasillo	1	['5Z3eEWd02O1RekV96ohDPx']
David Otero	Georgina	1	['5Z3eEWd02O1RekV96ohDPx']
David Otero	India Martinez	1	['5Z3eEWd02O1RekV96ohDPx']
David Otero	Jose Merce	1	['5Z3eEWd02O1RekV96ohDPx']
David Otero	Josemi Carmona	1	['5Z3eEWd02O1RekV96ohDPx']
David Otero	Manuel Carrasco	1	['5Z3eEWd02O1RekV96ohDPx']
David Otero	Melendi	1	['5Z3eEWd02O1RekV96ohDPx']
David Otero	Mikel Erentxun	1	['5Z3eEWd02O1RekV96ohDPx']
David Otero	Nil Moliner	1	['5Z3eEWd02O1RekV96ohDPx']
David Otero	Pastora Soler	1	['5Z3eEWd02O1RekV96ohDPx']
David Otero	Pedro Guerra	1	['5Z3eEWd02O1RekV96ohDPx']
David Otero	Pitingo	1	['5Z3eEWd02O1RekV96ohDPx']
David Otero	Resistiré 2020	1	['5Z3eEWd02O1RekV96ohDPx']
David Otero	Rosana	1	['5Z3eEWd02O1RekV96ohDPx']
David Otero	Rozalén	1	['5Z3eEWd02O1RekV96ohDPx']
David Otero	Rulo y la contrabanda	1	['5Z3eEWd02O1RekV96ohDPx']
David Otero	Sofia Ellar	1	['5Z3eEWd02O1RekV96ohDPx']
David Otero	Vanesa Martín	1	['5Z3eEWd02O1RekV96ohDPx']
David Summers	Despistaos	1	['5Z3eEWd02O1RekV96ohDPx']
David Summers	Diana Navarro	1	['5Z3eEWd02O1RekV96ohDPx']
David Summers	Dvicio	1	['5Z3eEWd02O1RekV96ohDPx']
David Summers	ELE	1	['5Z3eEWd02O1RekV96ohDPx']
David Summers	Efecto Mariposa	1	['5Z3eEWd02O1RekV96ohDPx']
David Summers	Efecto Pasillo	1	['5Z3eEWd02O1RekV96ohDPx']
David Summers	Georgina	1	['5Z3eEWd02O1RekV96ohDPx']
David Summers	India Martinez	1	['5Z3eEWd02O1RekV96ohDPx']
David Summers	Jose Merce	1	['5Z3eEWd02O1RekV96ohDPx']
David Summers	Josemi Carmona	1	['5Z3eEWd02O1RekV96ohDPx']
David Summers	Manuel Carrasco	1	['5Z3eEWd02O1RekV96ohDPx']
David Summers	Melendi	1	['5Z3eEWd02O1RekV96ohDPx']
David Summers	Mikel Erentxun	1	['5Z3eEWd02O1RekV96ohDPx']
David Summers	Nil Moliner	1	['5Z3eEWd02O1RekV96ohDPx']
David Summers	Pastora Soler	1	['5Z3eEWd02O1RekV96ohDPx']
David Summers	Pedro Guerra	1	['5Z3eEWd02O1RekV96ohDPx']
David Summers	Pitingo	1	['5Z3eEWd02O1RekV96ohDPx']
David Summers	Resistiré 2020	1	['5Z3eEWd02O1RekV96ohDPx']
David Summers	Rosana	1	['5Z3eEWd02O1RekV96ohDPx']
David Summers	Rozalén	1	['5Z3eEWd02O1RekV96ohDPx']
David Summers	Rulo y la contrabanda	1	['5Z3eEWd02O1RekV96ohDPx']
David Summers	Sofia Ellar	1	['5Z3eEWd02O1RekV96ohDPx']
David Summers	Vanesa Martín	1	['5Z3eEWd02O1RekV96ohDPx']
Despistaos	Diana Navarro	1	['5Z3eEWd02O1RekV96ohDPx']
Despistaos	Dvicio	1	['5Z3eEWd02O1RekV96ohDPx']
Despistaos	ELE	1	['5Z3eEWd02O1RekV96ohDPx']
Despistaos	Efecto Mariposa	1	['5Z3eEWd02O1RekV96ohDPx']
Despistaos	Efecto Pasillo	1	['5Z3eEWd02O1RekV96ohDPx']
Despistaos	Georgina	1	['5Z3eEWd02O1RekV96ohDPx']
Despistaos	India Martinez	1	['5Z3eEWd02O1RekV96ohDPx']
Despistaos	Jose Merce	1	['5Z3eEWd02O1RekV96ohDPx']
Despistaos	Josemi Carmona	1	['5Z3eEWd02O1RekV96ohDPx']
Despistaos	Manuel Carrasco	1	['5Z3eEWd02O1RekV96ohDPx']
Despistaos	Melendi	1	['5Z3eEWd02O1RekV96ohDPx']
Despistaos	Mikel Erentxun	1	['5Z3eEWd02O1RekV96ohDPx']
Despistaos	Nil Moliner	1	['5Z3eEWd02O1RekV96ohDPx']
Despistaos	Pastora Soler	1	['5Z3eEWd02O1RekV96ohDPx']
Despistaos	Pedro Guerra	1	['5Z3eEWd02O1RekV96ohDPx']
Despistaos	Pitingo	1	['5Z3eEWd02O1RekV96ohDPx']
Despistaos	Resistiré 2020	1	['5Z3eEWd02O1RekV96ohDPx']
Despistaos	Rosana	1	['5Z3eEWd02O1RekV96ohDPx']
Despistaos	Rozalén	1	['5Z3eEWd02O1RekV96ohDPx']
Despistaos	Rulo y la contrabanda	1	['5Z3eEWd02O1RekV96ohDPx']
Despistaos	Sofia Ellar	1	['5Z3eEWd02O1RekV96ohDPx']
Despistaos	Vanesa Martín	1	['5Z3eEWd02O1RekV96ohDPx']
Diana Navarro	Dvicio	1	['5Z3eEWd02O1RekV96ohDPx']
Diana Navarro	ELE	1	['5Z3eEWd02O1RekV96ohDPx']
Diana Navarro	Efecto Mariposa	1	['5Z3eEWd02O1RekV96ohDPx']
Diana Navarro	Efecto Pasillo	1	['5Z3eEWd02O1RekV96ohDPx']
Diana Navarro	Georgina	1	['5Z3eEWd02O1RekV96ohDPx']
Diana Navarro	India Martinez	1	['5Z3eEWd02O1RekV96ohDPx']
Diana Navarro	Jose Merce	1	['5Z3eEWd02O1RekV96ohDPx']
Diana Navarro	Josemi Carmona	1	['5Z3eEWd02O1RekV96ohDPx']
Diana Navarro	Manuel Carrasco	1	['5Z3eEWd02O1RekV96ohDPx']
Diana Navarro	Melendi	1	['5Z3eEWd02O1RekV96ohDPx']
Diana Navarro	Mikel Erentxun	1	['5Z3eEWd02O1RekV96ohDPx']
Diana Navarro	Nil Moliner	1	['5Z3eEWd02O1RekV96ohDPx']
Diana Navarro	Pastora Soler	1	['5Z3eEWd02O1RekV96ohDPx']
Diana Navarro	Pedro Guerra	1	['5Z3eEWd02O1RekV96ohDPx']
Diana Navarro	Pitingo	1	['5Z3eEWd02O1RekV96ohDPx']
Diana Navarro	Resistiré 2020	1	['5Z3eEWd02O1RekV96ohDPx']
Diana Navarro	Rosana	1	['5Z3eEWd02O1RekV96ohDPx']
Diana Navarro	Rozalén	1	['5Z3eEWd02O1RekV96ohDPx']
Diana Navarro	Rulo y la contrabanda	1	['5Z3eEWd02O1RekV96ohDPx']
Diana Navarro	Sofia Ellar	1	['5Z3eEWd02O1RekV96ohDPx']
Diana Navarro	Vanesa Martín	1	['5Z3eEWd02O1RekV96ohDPx']
Dvicio	ELE	1	['5Z3eEWd02O1RekV96ohDPx']
Dvicio	Efecto Mariposa	1	['5Z3eEWd02O1RekV96ohDPx']
Dvicio	Efecto Pasillo	1	['5Z3eEWd02O1RekV96ohDPx']
Dvicio	Georgina	1	['5Z3eEWd02O1RekV96ohDPx']
Dvicio	India Martinez	1	['5Z3eEWd02O1RekV96ohDPx']
Dvicio	Jose Merce	1	['5Z3eEWd02O1RekV96ohDPx']
Dvicio	Josemi Carmona	1	['5Z3eEWd02O1RekV96ohDPx']
Dvicio	Manuel Carrasco	1	['5Z3eEWd02O1RekV96ohDPx']
Dvicio	Melendi	1	['5Z3eEWd02O1RekV96ohDPx']
Dvicio	Mikel Erentxun	1	['5Z3eEWd02O1RekV96ohDPx']
Dvicio	Nil Moliner	1	['5Z3eEWd02O1RekV96ohDPx']
Dvicio	Pastora Soler	1	['5Z3eEWd02O1RekV96ohDPx']
Dvicio	Pedro Guerra	1	['5Z3eEWd02O1RekV96ohDPx']
Dvicio	Pitingo	1	['5Z3eEWd02O1RekV96ohDPx']
Dvicio	Resistiré 2020	1	['5Z3eEWd02O1RekV96ohDPx']
Dvicio	Rosana	1	['5Z3eEWd02O1RekV96ohDPx']
Dvicio	Rozalén	1	['5Z3eEWd02O1RekV96ohDPx']
Dvicio	Rulo y la contrabanda	1	['5Z3eEWd02O1RekV96ohDPx']
Dvicio	Sofia Ellar	1	['5Z3eEWd02O1RekV96ohDPx']
Dvicio	Vanesa Martín	1	['5Z3eEWd02O1RekV96ohDPx']
ELE	Efecto Mariposa	1	['5Z3eEWd02O1RekV96ohDPx']
ELE	Efecto Pasillo	1	['5Z3eEWd02O1RekV96ohDPx']
ELE	Georgina	1	['5Z3eEWd02O1RekV96ohDPx']
ELE	India Martinez	1	['5Z3eEWd02O1RekV96ohDPx']
ELE	Jose Merce	1	['5Z3eEWd02O1RekV96ohDPx']
ELE	Josemi Carmona	1	['5Z3eEWd02O1RekV96ohDPx']
ELE	Manuel Carrasco	1	['5Z3eEWd02O1RekV96ohDPx']
ELE	Melendi	1	['5Z3eEWd02O1RekV96ohDPx']
ELE	Mikel Erentxun	1	['5Z3eEWd02O1RekV96ohDPx']
ELE	Nil Moliner	1	['5Z3eEWd02O1RekV96ohDPx']
ELE	Pastora Soler	1	['5Z3eEWd02O1RekV96ohDPx']
ELE	Pedro Guerra	1	['5Z3eEWd02O1RekV96ohDPx']
ELE	Pitingo	1	['5Z3eEWd02O1RekV96ohDPx']
ELE	Resistiré 2020	1	['5Z3eEWd02O1RekV96ohDPx']
ELE	Rosana	1	['5Z3eEWd02O1RekV96ohDPx']
ELE	Rozalén	1	['5Z3eEWd02O1RekV96ohDPx']
ELE	Rulo y la contrabanda	1	['5Z3eEWd02O1RekV96ohDPx']
ELE	Sofia Ellar	1	['5Z3eEWd02O1RekV96ohDPx']
ELE	Vanesa Martín	1	['5Z3eEWd02O1RekV96ohDPx']
Efecto Mariposa	Efecto Pasillo	1	['5Z3eEWd02O1RekV96ohDPx']
Efecto Mariposa	Georgina	1	['5Z3eEWd02O1RekV96ohDPx']
Efecto Mariposa	India Martinez	1	['5Z3eEWd02O1RekV96ohDPx']
Efecto Mariposa	Jose Merce	1	['5Z3eEWd02O1RekV96ohDPx']
Efecto Mariposa	Josemi Carmona	1	['5Z3eEWd02O1RekV96ohDPx']
Efecto Mariposa	Manuel Carrasco	1	['5Z3eEWd02O1RekV96ohDPx']
Efecto Mariposa	Melendi	1	['5Z3eEWd02O1RekV96ohDPx']
Efecto Mariposa	Mikel Erentxun	1	['5Z3eEWd02O1RekV96ohDPx']
Efecto Mariposa	Nil Moliner	1	['5Z3eEWd02O1RekV96ohDPx']
Efecto Mariposa	Pastora Soler	1	['5Z3eEWd02O1RekV96ohDPx']
Efecto Mariposa	Pedro Guerra	1	['5Z3eEWd02O1RekV96ohDPx']
Efecto Mariposa	Pitingo	1	['5Z3eEWd02O1RekV96ohDPx']
Efecto Mariposa	Resistiré 2020	1	['5Z3eEWd02O1RekV96ohDPx']
Efecto Mariposa	Rosana	1	['5Z3eEWd02O1RekV96ohDPx']
Efecto Mariposa	Rozalén	1	['5Z3eEWd02O1RekV96ohDPx']
Efecto Mariposa	Rulo y la contrabanda	1	['5Z3eEWd02O1RekV96ohDPx']
Efecto Mariposa	Sofia Ellar	1	['5Z3eEWd02O1RekV96ohDPx']
Efecto Mariposa	Vanesa Martín	1	['5Z3eEWd02O1RekV96ohDPx']
Efecto Pasillo	Georgina	1	['5Z3eEWd02O1RekV96ohDPx']
Efecto Pasillo	India Martinez	1	['5Z3eEWd02O1RekV96ohDPx']
Efecto Pasillo	Jose Merce	1	['5Z3eEWd02O1RekV96ohDPx']
Efecto Pasillo	Josemi Carmona	1	['5Z3eEWd02O1RekV96ohDPx']
Efecto Pasillo	Manuel Carrasco	1	['5Z3eEWd02O1RekV96ohDPx']
Efecto Pasillo	Melendi	1	['5Z3eEWd02O1RekV96ohDPx']
Efecto Pasillo	Mikel Erentxun	1	['5Z3eEWd02O1RekV96ohDPx']
Efecto Pasillo	Nil Moliner	1	['5Z3eEWd02O1RekV96ohDPx']
Efecto Pasillo	Pastora Soler	1	['5Z3eEWd02O1RekV96ohDPx']
Efecto Pasillo	Pedro Guerra	1	['5Z3eEWd02O1RekV96ohDPx']
Efecto Pasillo	Pitingo	1	['5Z3eEWd02O1RekV96ohDPx']
Efecto Pasillo	Resistiré 2020	1	['5Z3eEWd02O1RekV96ohDPx']
Efecto Pasillo	Rosana	1	['5Z3eEWd02O1RekV96ohDPx']
Efecto Pasillo	Rozalén	1	['5Z3eEWd02O1RekV96ohDPx']
Efecto Pasillo	Rulo y la contrabanda	1	['5Z3eEWd02O1RekV96ohDPx']
Efecto Pasillo	Sofia Ellar	1	['5Z3eEWd02O1RekV96ohDPx']
Efecto Pasillo	Vanesa Martín	1	['5Z3eEWd02O1RekV96ohDPx']
Georgina	India Martinez	1	['5Z3eEWd02O1RekV96ohDPx']
Georgina	Jose Merce	1	['5Z3eEWd02O1RekV96ohDPx']
Georgina	Josemi Carmona	1	['5Z3eEWd02O1RekV96ohDPx']
Georgina	Manuel Carrasco	1	['5Z3eEWd02O1RekV96ohDPx']
Georgina	Melendi	1	['5Z3eEWd02O1RekV96ohDPx']
Georgina	Mikel Erentxun	1	['5Z3eEWd02O1RekV96ohDPx']
Georgina	Nil Moliner	1	['5Z3eEWd02O1RekV96ohDPx']
Georgina	Pastora Soler	1	['5Z3eEWd02O1RekV96ohDPx']
Georgina	Pedro Guerra	1	['5Z3eEWd02O1RekV96ohDPx']
Georgina	Pitingo	1	['5Z3eEWd02O1RekV96ohDPx']
Georgina	Resistiré 2020	1	['5Z3eEWd02O1RekV96ohDPx']
Georgina	Rosana	1	['5Z3eEWd02O1RekV96ohDPx']
Georgina	Rozalén	1	['5Z3eEWd02O1RekV96ohDPx']
Georgina	Rulo y la contrabanda	1	['5Z3eEWd02O1RekV96ohDPx']
Georgina	Sofia Ellar	1	['5Z3eEWd02O1RekV96ohDPx']
Georgina	Vanesa Martín	1	['5Z3eEWd02O1RekV96ohDPx']
India Martinez	Jose Merce	1	['5Z3eEWd02O1RekV96ohDPx']
India Martinez	Josemi Carmona	1	['5Z3eEWd02O1RekV96ohDPx']
India Martinez	Melendi	1	['5Z3eEWd02O1RekV96ohDPx']
India Martinez	Mikel Erentxun	1	['5Z3eEWd02O1RekV96ohDPx']
India Martinez	Nil Moliner	1	['5Z3eEWd02O1RekV96ohDPx']
India Martinez	Pastora Soler	1	['5Z3eEWd02O1RekV96ohDPx']
India Martinez	Pedro Guerra	1	['5Z3eEWd02O1RekV96ohDPx']
India Martinez	Pitingo	1	['5Z3eEWd02O1RekV96ohDPx']
India Martinez	Resistiré 2020	1	['5Z3eEWd02O1RekV96ohDPx']
India Martinez	Rosana	1	['5Z3eEWd02O1RekV96ohDPx']
India Martinez	Rulo y la contrabanda	1	['5Z3eEWd02O1RekV96ohDPx']
India Martinez	Sofia Ellar	1	['5Z3eEWd02O1RekV96ohDPx']
Jose Merce	Josemi Carmona	1	['5Z3eEWd02O1RekV96ohDPx']
Jose Merce	Manuel Carrasco	1	['5Z3eEWd02O1RekV96ohDPx']
Jose Merce	Melendi	1	['5Z3eEWd02O1RekV96ohDPx']
Jose Merce	Mikel Erentxun	1	['5Z3eEWd02O1RekV96ohDPx']
Jose Merce	Nil Moliner	1	['5Z3eEWd02O1RekV96ohDPx']
Jose Merce	Pastora Soler	1	['5Z3eEWd02O1RekV96ohDPx']
Jose Merce	Pedro Guerra	1	['5Z3eEWd02O1RekV96ohDPx']
Jose Merce	Pitingo	1	['5Z3eEWd02O1RekV96ohDPx']
Jose Merce	Resistiré 2020	1	['5Z3eEWd02O1RekV96ohDPx']
Jose Merce	Rosana	1	['5Z3eEWd02O1RekV96ohDPx']
Jose Merce	Rozalén	1	['5Z3eEWd02O1RekV96ohDPx']
Jose Merce	Rulo y la contrabanda	1	['5Z3eEWd02O1RekV96ohDPx']
Jose Merce	Sofia Ellar	1	['5Z3eEWd02O1RekV96ohDPx']
Jose Merce	Vanesa Martín	1	['5Z3eEWd02O1RekV96ohDPx']
Josemi Carmona	Manuel Carrasco	1	['5Z3eEWd02O1RekV96ohDPx']
Josemi Carmona	Melendi	1	['5Z3eEWd02O1RekV96ohDPx']
Josemi Carmona	Mikel Erentxun	1	['5Z3eEWd02O1RekV96ohDPx']
Josemi Carmona	Nil Moliner	1	['5Z3eEWd02O1RekV96ohDPx']
Josemi Carmona	Pastora Soler	1	['5Z3eEWd02O1RekV96ohDPx']
Josemi Carmona	Pedro Guerra	1	['5Z3eEWd02O1RekV96ohDPx']
Josemi Carmona	Pitingo	1	['5Z3eEWd02O1RekV96ohDPx']
Josemi Carmona	Resistiré 2020	1	['5Z3eEWd02O1RekV96ohDPx']
Josemi Carmona	Rosana	1	['5Z3eEWd02O1RekV96ohDPx']
Josemi Carmona	Rozalén	1	['5Z3eEWd02O1RekV96ohDPx']
Josemi Carmona	Rulo y la contrabanda	1	['5Z3eEWd02O1RekV96ohDPx']
Josemi Carmona	Sofia Ellar	1	['5Z3eEWd02O1RekV96ohDPx']
Josemi Carmona	Vanesa Martín	1	['5Z3eEWd02O1RekV96ohDPx']
Manuel Carrasco	Melendi	1	['5Z3eEWd02O1RekV96ohDPx']
Manuel Carrasco	Mikel Erentxun	1	['5Z3eEWd02O1RekV96ohDPx']
Manuel Carrasco	Nil Moliner	1	['5Z3eEWd02O1RekV96ohDPx']
Manuel Carrasco	Pastora Soler	1	['5Z3eEWd02O1RekV96ohDPx']
Manuel Carrasco	Pedro Guerra	1	['5Z3eEWd02O1RekV96ohDPx']
Manuel Carrasco	Pitingo	1	['5Z3eEWd02O1RekV96ohDPx']
Manuel Carrasco	Resistiré 2020	1	['5Z3eEWd02O1RekV96ohDPx']
Manuel Carrasco	Rosana	1	['5Z3eEWd02O1RekV96ohDPx']
Manuel Carrasco	Rulo y la contrabanda	1	['5Z3eEWd02O1RekV96ohDPx']
Manuel Carrasco	Sofia Ellar	1	['5Z3eEWd02O1RekV96ohDPx']
Melendi	Mikel Erentxun	1	['5Z3eEWd02O1RekV96ohDPx']
Melendi	Nil Moliner	1	['5Z3eEWd02O1RekV96ohDPx']
Melendi	Pastora Soler	1	['5Z3eEWd02O1RekV96ohDPx']
Melendi	Pedro Guerra	1	['5Z3eEWd02O1RekV96ohDPx']
Melendi	Pitingo	1	['5Z3eEWd02O1RekV96ohDPx']
Melendi	Resistiré 2020	1	['5Z3eEWd02O1RekV96ohDPx']
Melendi	Rosana	1	['5Z3eEWd02O1RekV96ohDPx']
Melendi	Rozalén	1	['5Z3eEWd02O1RekV96ohDPx']
Melendi	Rulo y la contrabanda	1	['5Z3eEWd02O1RekV96ohDPx']
Melendi	Sofia Ellar	1	['5Z3eEWd02O1RekV96ohDPx']
Melendi	Vanesa Martín	1	['5Z3eEWd02O1RekV96ohDPx']
Mikel Erentxun	Nil Moliner	1	['5Z3eEWd02O1RekV96ohDPx']
Mikel Erentxun	Pastora Soler	1	['5Z3eEWd02O1RekV96ohDPx']
Mikel Erentxun	Pedro Guerra	1	['5Z3eEWd02O1RekV96ohDPx']
Mikel Erentxun	Pitingo	1	['5Z3eEWd02O1RekV96ohDPx']
Mikel Erentxun	Resistiré 2020	1	['5Z3eEWd02O1RekV96ohDPx']
Mikel Erentxun	Rosana	1	['5Z3eEWd02O1RekV96ohDPx']
Mikel Erentxun	Rozalén	1	['5Z3eEWd02O1RekV96ohDPx']
Mikel Erentxun	Rulo y la contrabanda	1	['5Z3eEWd02O1RekV96ohDPx']
Mikel Erentxun	Sofia Ellar	1	['5Z3eEWd02O1RekV96ohDPx']
Mikel Erentxun	Vanesa Martín	1	['5Z3eEWd02O1RekV96ohDPx']
Nil Moliner	Pastora Soler	1	['5Z3eEWd02O1RekV96ohDPx']
Nil Moliner	Pedro Guerra	1	['5Z3eEWd02O1RekV96ohDPx']
Nil Moliner	Pitingo	1	['5Z3eEWd02O1RekV96ohDPx']
Nil Moliner	Resistiré 2020	1	['5Z3eEWd02O1RekV96ohDPx']
Nil Moliner	Rosana	1	['5Z3eEWd02O1RekV96ohDPx']
Nil Moliner	Rozalén	1	['5Z3eEWd02O1RekV96ohDPx']
Nil Moliner	Rulo y la contrabanda	1	['5Z3eEWd02O1RekV96ohDPx']
Nil Moliner	Sofia Ellar	1	['5Z3eEWd02O1RekV96ohDPx']
Nil Moliner	Vanesa Martín	1	['5Z3eEWd02O1RekV96ohDPx']
Pastora Soler	Pedro Guerra	1	['5Z3eEWd02O1RekV96ohDPx']
Pastora Soler	Pitingo	1	['5Z3eEWd02O1RekV96ohDPx']
Pastora Soler	Resistiré 2020	1	['5Z3eEWd02O1RekV96ohDPx']
Pastora Soler	Rosana	1	['5Z3eEWd02O1RekV96ohDPx']
Pastora Soler	Rozalén	1	['5Z3eEWd02O1RekV96ohDPx']
Pastora Soler	Rulo y la contrabanda	1	['5Z3eEWd02O1RekV96ohDPx']
Pastora Soler	Sofia Ellar	1	['5Z3eEWd02O1RekV96ohDPx']
Pastora Soler	Vanesa Martín	1	['5Z3eEWd02O1RekV96ohDPx']
Pedro Guerra	Pitingo	1	['5Z3eEWd02O1RekV96ohDPx']
Pedro Guerra	Resistiré 2020	1	['5Z3eEWd02O1RekV96ohDPx']
Pedro Guerra	Rosana	1	['5Z3eEWd02O1RekV96ohDPx']
Pedro Guerra	Rozalén	1	['5Z3eEWd02O1RekV96ohDPx']
Pedro Guerra	Rulo y la contrabanda	1	['5Z3eEWd02O1RekV96ohDPx']
Pedro Guerra	Sofia Ellar	1	['5Z3eEWd02O1RekV96ohDPx']
Pedro Guerra	Vanesa Martín	1	['5Z3eEWd02O1RekV96ohDPx']
Pitingo	Resistiré 2020	1	['5Z3eEWd02O1RekV96ohDPx']
Pitingo	Rosana	1	['5Z3eEWd02O1RekV96ohDPx']
Pitingo	Rozalén	1	['5Z3eEWd02O1RekV96ohDPx']
Pitingo	Rulo y la contrabanda	1	['5Z3eEWd02O1RekV96ohDPx']
Pitingo	Sofia Ellar	1	['5Z3eEWd02O1RekV96ohDPx']
Pitingo	Vanesa Martín	1	['5Z3eEWd02O1RekV96ohDPx']
Resistiré 2020	Rosana	1	['5Z3eEWd02O1RekV96ohDPx']
Resistiré 2020	Rozalén	1	['5Z3eEWd02O1RekV96ohDPx']
Resistiré 2020	Rulo y la contrabanda	1	['5Z3eEWd02O1RekV96ohDPx']
Resistiré 2020	Sofia Ellar	1	['5Z3eEWd02O1RekV96ohDPx']
Resistiré 2020	Vanesa Martín	1	['5Z3eEWd02O1RekV96ohDPx']
Rosana	Rozalén	1	['5Z3eEWd02O1RekV96ohDPx']
Rosana	Rulo y la contrabanda	1	['5Z3eEWd02O1RekV96ohDPx']
Rosana	Sofia Ellar	1	['5Z3eEWd02O1RekV96ohDPx']
Rosana	Vanesa Martín	1	['5Z3eEWd02O1RekV96ohDPx']
Rozalén	Rulo y la contrabanda	1	['5Z3eEWd02O1RekV96ohDPx']
Rozalén	Sofia Ellar	1	['5Z3eEWd02O1RekV96ohDPx']
Rulo y la contrabanda	Sofia Ellar	1	['5Z3eEWd02O1RekV96ohDPx']
Rulo y la contrabanda	Vanesa Martín	1	['5Z3eEWd02O1RekV96ohDPx']
Sofia Ellar	Vanesa Martín	1	['5Z3eEWd02O1RekV96ohDPx']
Bad Bunny	Dua Lipa	1	['0EhpEsp4L0oRGM0vmeaN5e']
Dua Lipa	J Balvin	1	['0EhpEsp4L0oRGM0vmeaN5e']
Dua Lipa	Tainy	1	['0EhpEsp4L0oRGM0vmeaN5e']
Chencho Corleone	Juhn	1	['5stPVcRqb4qixbafP9e8lt']
Chencho Corleone	Lenny Tavárez	1	['5stPVcRqb4qixbafP9e8lt']
Dalex	Juhn	1	['5stPVcRqb4qixbafP9e8lt']
Dímelo Flow	Juhn	1	['5stPVcRqb4qixbafP9e8lt']
DaBaby	Roddy Ricch	1	['7ytR5pFWmSjzHJIeQkgog4']
ROSALÍA	The Weeknd	1	['7MXgrcOQAJ5VwSNUL0lDd3']
J Balvin	Sky Rompiendo	1	['3HTbI3yUJQw3fP0Po8qLcD']
Dalex	iZaak	1	['01SMtfSbJlcxUdJvOofMOx']
Dímelo Flow	iZaak	1	['01SMtfSbJlcxUdJvOofMOx']
Lenny Tavárez	iZaak	1	['01SMtfSbJlcxUdJvOofMOx']
Mr. Naisgai	Wisin & Yandel	1	['4QSCkYRmv06vKZjXPoarXz']
Rauw Alejandro	Wisin & Yandel	1	['4QSCkYRmv06vKZjXPoarXz']
Daddy Yankee	El Alfa	1	['0eeKDrQxjqNl5bX5VCHDcn']
Daddy Yankee	Justin Quiles	1	['0eeKDrQxjqNl5bX5VCHDcn']
Tony Igy	Vicetone	1	['665AK0ovB11McZRwfa852G']
Chance the Rapper	Justin Bieber	1	['5u1n1kITHCxxp8twBcZxWy']
Ana Mena	Fred De Palma	1	['3VPOZWtj8mM89IiRNygxgS']
Conkarah	DJ Fle	1	['0dZpw3h6KZhcHec61qwevZ']
Conkarah	Shaggy	1	['0dZpw3h6KZhcHec61qwevZ']
DJ Fle	Shaggy	1	['0dZpw3h6KZhcHec61qwevZ']
Alvaro Soler	Juan Magán	1	['1cYXPXbIR0FxurYVMGnwIN']
Alvaro Soler	Marielle Hazlo	1	['1cYXPXbIR0FxurYVMGnwIN']
Juan Magán	Marielle Hazlo	1	['1cYXPXbIR0FxurYVMGnwIN']
Anuel AA	Shakira	1	['5Xhqh4lwJPtMUTsdBztN1a']
PARTYNEXTDOOR	Rihanna	1	['4HDCLYli2SUdkq9OjmvhSD']
Angèle	Dua Lipa	1	['3F1P0QzdXtBz0MXy7KIO5w']
Amenazzy	Farruko	1	['2mM3gZ0BbPwPPMelbA8vgt']
Amenazzy	Jay Wheeler	1	['2mM3gZ0BbPwPPMelbA8vgt']
Amenazzy	Milly	1	['2mM3gZ0BbPwPPMelbA8vgt']
Amenazzy	Nio Garcia	1	['2mM3gZ0BbPwPPMelbA8vgt']
Farruko	Milly	1	['2mM3gZ0BbPwPPMelbA8vgt']
Farruko	Nio Garcia	1	['2mM3gZ0BbPwPPMelbA8vgt']
Jay Wheeler	Milly	1	['2mM3gZ0BbPwPPMelbA8vgt']
Jay Wheeler	Nio Garcia	1	['2mM3gZ0BbPwPPMelbA8vgt']
Milly	Nio Garcia	1	['2mM3gZ0BbPwPPMelbA8vgt']
Chencho Corleone	Lunay	1	['2tGENA8xef0wABdHvyXwv9']
Ozuna	Rauw Alejandro	1	['2tGENA8xef0wABdHvyXwv9']
Ana Mena	DELLAFUENTE	1	['4ztIiVzp0HH7x1cO0cVLDv']
Darell	Noriel	1	['4xI3U4sDj1TPmO9Iz5TkYp']
El Alfa	Noriel	1	['4xI3U4sDj1TPmO9Iz5TkYp']
DJ Khaled	Drake	1	['6EDO9iiTtwNv6waLwa1UUq']
Imanbek	J Balvin	1	['2zJ2jLVDrl1tfMZkR89j4k']
J Balvin	SAINt JHN	1	['2zJ2jLVDrl1tfMZkR89j4k']
Rauw Alejandro	Trippie Redd	1	['2Em9XZZw8yEgxjojjGxntN']
Morat	Reik	1	['0G0p7mc4wEaQTsUpzEmkEs']
Belén Aguilera	Lola Indigo	1	['2ack8D0tjC7mzdDOg7ikQ5']
Mr. Naisgai	The Martinez Brothers	1	['7IZn95vTYrhHRbFmZsdD2A']
Mr. Naisgai	Zion & Lennox	1	['7IZn95vTYrhHRbFmZsdD2A']
Rauw Alejandro	The Martinez Brothers	1	['7IZn95vTYrhHRbFmZsdD2A']
Rauw Alejandro	Zion & Lennox	1	['7IZn95vTYrhHRbFmZsdD2A']
The Martinez Brothers	Zion & Lennox	1	['7IZn95vTYrhHRbFmZsdD2A']
Bad Gyal	Omar Montes	1	['6RyuoOJXNzlVWpfC5xQyeI']
DJ Nelson	Yan Block	1	['1mrQYY0NATPCe7WOYcCKf1']
Jay Wheeler	Yan Block	1	['1mrQYY0NATPCe7WOYcCKf1']
Juice WRLD	Marshmello	1	['7y7w4tl4MaRC2UMEj1mPtr']
Bad Bunny	Don Omar	1	['5XqCz18k96K8tx6DAYM97i']
Danna Paola	Denise Rosenthal	1	['3VArTR8VPyOEiITj8SJMLv']
Danna Paola	Lola Indigo	1	['3VArTR8VPyOEiITj8SJMLv']
Denise Rosenthal	Lola Indigo	1	['3VArTR8VPyOEiITj8SJMLv']
Duki	Obie Wanshot	1	['6itjKRbqPMmx9fo4PDlLhm']
Big Soto	Bizarrap	1	['6nmgafVgxkF3ukzROfrsZO']
Avicii	Kygo	1	['3o1CUVeHIid49sabk6A6Nf']
Avicii	Sandro Cavazza	1	['3o1CUVeHIid49sabk6A6Nf']
Kygo	Sandro Cavazza	1	['3o1CUVeHIid49sabk6A6Nf']
Bad Bunny	Duki	1	['1V8XneTrX6kKeoxYbk4x6h']
Bad Bunny	Pablo Chill-E	1	['1V8XneTrX6kKeoxYbk4x6h']
Michael Bublé	The Puppini Sisters	1	['4qBejt9FeqLI9blHI1Nq1x']
Jonas Brothers	KAROL G	1	['77fvnWALKJR0ws1VUx09CY']
Chica Sobresalto	Maialen	1	['0KLQQqzwi5SULJDj8ugCap']
Dalex	Wisin	1	['5Id5B3dxJZhPcV9GzgYZZe']
Feid	Wisin	1	['5Id5B3dxJZhPcV9GzgYZZe']
Feid	Zion	1	['5Id5B3dxJZhPcV9GzgYZZe']
Justin Quiles	Wisin	1	['5Id5B3dxJZhPcV9GzgYZZe']
Lenny Tavárez	Wisin	1	['5Id5B3dxJZhPcV9GzgYZZe']
Rich Music LTD	Wisin	1	['5Id5B3dxJZhPcV9GzgYZZe']
Rich Music LTD	Zion	1	['5Id5B3dxJZhPcV9GzgYZZe']
Sech	Wisin	1	['5Id5B3dxJZhPcV9GzgYZZe']
Wisin	Zion	1	['5Id5B3dxJZhPcV9GzgYZZe']
Juhn	Myke Towers	1	['1xK1Gg9SxG8fy2Ya373oqb']
Lalo Ebratt	Lola Indigo	1	['49QwoSLuV69Fd8bwTqdZvs']
Lola Indigo	Rauw Alejandro	1	['49QwoSLuV69Fd8bwTqdZvs']
Lola Indigo	Mala Rodríguez	1	['2o2PFz6MLkKXVDYlzDAVH7']
Darell	Rvssian	1	['4o1DxRjMCHDwBiOKv88rOl']
Darell	Zion & Lennox	1	['4o1DxRjMCHDwBiOKv88rOl']
Myke Towers	Rvssian	1	['4o1DxRjMCHDwBiOKv88rOl']
Rvssian	Zion & Lennox	1	['4o1DxRjMCHDwBiOKv88rOl']
Juanes	Morat	1	['1mlGScrDQqHqmhdIqE8MmA']
Alizzz	Amaia	1	['0PbDj1Lh8uZJ2ZcTRSBvQf']
NATTI NATASHA	Zion & Lennox	1	['23MEeQTkSmsDS6NjL8k6I8']
Guitarricadelafuente	Natalia Lacunza	1	['721Lxh9pNJJhNERON4Zjmw']
Camela	Juan Magán	1	['4TD052UwarqucOo1fsTq6P']
Arcángel	Bryant Myers	1	['23eecknvvR5iFTcuS9Dkfd']
Bryant Myers	Darell	1	['23eecknvvR5iFTcuS9Dkfd']
Bryant Myers	El Alfa	1	['23eecknvvR5iFTcuS9Dkfd']
Bryant Myers	Nicky Jam	1	['23eecknvvR5iFTcuS9Dkfd']
Ozuna	ROSALÍA	1	['7BlBVFwvbWvcwNcUarQmjk']
Alice Wonder	Andrés Suárez	1	['3qKzESguQJ7GpqWf6K2hOE']
Alice Wonder	Carlotta Cosials	1	['3qKzESguQJ7GpqWf6K2hOE']
Alice Wonder	Christina Rosenvinge	1	['3qKzESguQJ7GpqWf6K2hOE']
Alice Wonder	Dani Martín	1	['3qKzESguQJ7GpqWf6K2hOE']
Alice Wonder	DePedro	1	['3qKzESguQJ7GpqWf6K2hOE']
Alice Wonder	Eva Amaral	1	['3qKzESguQJ7GpqWf6K2hOE']
Alice Wonder	Ismael Serrano	1	['3qKzESguQJ7GpqWf6K2hOE']
Alice Wonder	Ivan Ferreiro	1	['3qKzESguQJ7GpqWf6K2hOE']
Alice Wonder	Joaquín Sabina	1	['3qKzESguQJ7GpqWf6K2hOE']
Alice Wonder	Kase.O	1	['3qKzESguQJ7GpqWf6K2hOE']
Alice Wonder	Leiva	1	['3qKzESguQJ7GpqWf6K2hOE']
Alice Wonder	Luz Casal	1	['3qKzESguQJ7GpqWf6K2hOE']
Alice Wonder	Maika Makovski	1	['3qKzESguQJ7GpqWf6K2hOE']
Alice Wonder	Marwán	1	['3qKzESguQJ7GpqWf6K2hOE']
Alice Wonder	Nacho Vegas	1	['3qKzESguQJ7GpqWf6K2hOE']
Alice Wonder	Nina de Juan	1	['3qKzESguQJ7GpqWf6K2hOE']
Alice Wonder	Rozalén	1	['3qKzESguQJ7GpqWf6K2hOE']
Alice Wonder	Santi Balmes	1	['3qKzESguQJ7GpqWf6K2hOE']
Alice Wonder	Vetusta Morla	1	['3qKzESguQJ7GpqWf6K2hOE']
Alice Wonder	Xoel López	1	['3qKzESguQJ7GpqWf6K2hOE']
Andrés Suárez	Carlotta Cosials	1	['3qKzESguQJ7GpqWf6K2hOE']
Andrés Suárez	Christina Rosenvinge	1	['3qKzESguQJ7GpqWf6K2hOE']
Andrés Suárez	Dani Martín	1	['3qKzESguQJ7GpqWf6K2hOE']
Andrés Suárez	DePedro	1	['3qKzESguQJ7GpqWf6K2hOE']
Andrés Suárez	Eva Amaral	1	['3qKzESguQJ7GpqWf6K2hOE']
Andrés Suárez	Ismael Serrano	1	['3qKzESguQJ7GpqWf6K2hOE']
Andrés Suárez	Ivan Ferreiro	1	['3qKzESguQJ7GpqWf6K2hOE']
Andrés Suárez	Joaquín Sabina	1	['3qKzESguQJ7GpqWf6K2hOE']
Andrés Suárez	Kase.O	1	['3qKzESguQJ7GpqWf6K2hOE']
Andrés Suárez	Leiva	1	['3qKzESguQJ7GpqWf6K2hOE']
Andrés Suárez	Luz Casal	1	['3qKzESguQJ7GpqWf6K2hOE']
Andrés Suárez	Maika Makovski	1	['3qKzESguQJ7GpqWf6K2hOE']
Andrés Suárez	Marwán	1	['3qKzESguQJ7GpqWf6K2hOE']
Andrés Suárez	Nacho Vegas	1	['3qKzESguQJ7GpqWf6K2hOE']
Andrés Suárez	Nina de Juan	1	['3qKzESguQJ7GpqWf6K2hOE']
Andrés Suárez	Santi Balmes	1	['3qKzESguQJ7GpqWf6K2hOE']
Andrés Suárez	Vetusta Morla	1	['3qKzESguQJ7GpqWf6K2hOE']
Andrés Suárez	Xoel López	1	['3qKzESguQJ7GpqWf6K2hOE']
Carlotta Cosials	Christina Rosenvinge	1	['3qKzESguQJ7GpqWf6K2hOE']
Carlotta Cosials	Dani Martín	1	['3qKzESguQJ7GpqWf6K2hOE']
Carlotta Cosials	DePedro	1	['3qKzESguQJ7GpqWf6K2hOE']
Carlotta Cosials	Eva Amaral	1	['3qKzESguQJ7GpqWf6K2hOE']
Carlotta Cosials	Ismael Serrano	1	['3qKzESguQJ7GpqWf6K2hOE']
Carlotta Cosials	Ivan Ferreiro	1	['3qKzESguQJ7GpqWf6K2hOE']
Carlotta Cosials	Joaquín Sabina	1	['3qKzESguQJ7GpqWf6K2hOE']
Carlotta Cosials	Kase.O	1	['3qKzESguQJ7GpqWf6K2hOE']
Carlotta Cosials	Leiva	1	['3qKzESguQJ7GpqWf6K2hOE']
Carlotta Cosials	Luz Casal	1	['3qKzESguQJ7GpqWf6K2hOE']
Carlotta Cosials	Maika Makovski	1	['3qKzESguQJ7GpqWf6K2hOE']
Carlotta Cosials	Marwán	1	['3qKzESguQJ7GpqWf6K2hOE']
Carlotta Cosials	Nacho Vegas	1	['3qKzESguQJ7GpqWf6K2hOE']
Carlotta Cosials	Nina de Juan	1	['3qKzESguQJ7GpqWf6K2hOE']
Carlotta Cosials	Rozalén	1	['3qKzESguQJ7GpqWf6K2hOE']
Carlotta Cosials	Santi Balmes	1	['3qKzESguQJ7GpqWf6K2hOE']
Carlotta Cosials	Vetusta Morla	1	['3qKzESguQJ7GpqWf6K2hOE']
Carlotta Cosials	Xoel López	1	['3qKzESguQJ7GpqWf6K2hOE']
Christina Rosenvinge	Dani Martín	1	['3qKzESguQJ7GpqWf6K2hOE']
Christina Rosenvinge	DePedro	1	['3qKzESguQJ7GpqWf6K2hOE']
Christina Rosenvinge	Eva Amaral	1	['3qKzESguQJ7GpqWf6K2hOE']
Christina Rosenvinge	Ismael Serrano	1	['3qKzESguQJ7GpqWf6K2hOE']
Christina Rosenvinge	Ivan Ferreiro	1	['3qKzESguQJ7GpqWf6K2hOE']
Christina Rosenvinge	Joaquín Sabina	1	['3qKzESguQJ7GpqWf6K2hOE']
Christina Rosenvinge	Kase.O	1	['3qKzESguQJ7GpqWf6K2hOE']
Christina Rosenvinge	Leiva	1	['3qKzESguQJ7GpqWf6K2hOE']
Christina Rosenvinge	Luz Casal	1	['3qKzESguQJ7GpqWf6K2hOE']
Christina Rosenvinge	Maika Makovski	1	['3qKzESguQJ7GpqWf6K2hOE']
Christina Rosenvinge	Marwán	1	['3qKzESguQJ7GpqWf6K2hOE']
Christina Rosenvinge	Nacho Vegas	1	['3qKzESguQJ7GpqWf6K2hOE']
Christina Rosenvinge	Nina de Juan	1	['3qKzESguQJ7GpqWf6K2hOE']
Christina Rosenvinge	Rozalén	1	['3qKzESguQJ7GpqWf6K2hOE']
Christina Rosenvinge	Santi Balmes	1	['3qKzESguQJ7GpqWf6K2hOE']
Christina Rosenvinge	Vetusta Morla	1	['3qKzESguQJ7GpqWf6K2hOE']
Christina Rosenvinge	Xoel López	1	['3qKzESguQJ7GpqWf6K2hOE']
Dani Martín	DePedro	1	['3qKzESguQJ7GpqWf6K2hOE']
Dani Martín	Eva Amaral	1	['3qKzESguQJ7GpqWf6K2hOE']
Dani Martín	Ismael Serrano	1	['3qKzESguQJ7GpqWf6K2hOE']
Dani Martín	Ivan Ferreiro	1	['3qKzESguQJ7GpqWf6K2hOE']
Dani Martín	Kase.O	1	['3qKzESguQJ7GpqWf6K2hOE']
Dani Martín	Leiva	1	['3qKzESguQJ7GpqWf6K2hOE']
Dani Martín	Luz Casal	1	['3qKzESguQJ7GpqWf6K2hOE']
Dani Martín	Maika Makovski	1	['3qKzESguQJ7GpqWf6K2hOE']
Dani Martín	Marwán	1	['3qKzESguQJ7GpqWf6K2hOE']
Dani Martín	Nacho Vegas	1	['3qKzESguQJ7GpqWf6K2hOE']
Dani Martín	Nina de Juan	1	['3qKzESguQJ7GpqWf6K2hOE']
Dani Martín	Rozalén	1	['3qKzESguQJ7GpqWf6K2hOE']
Dani Martín	Santi Balmes	1	['3qKzESguQJ7GpqWf6K2hOE']
Dani Martín	Vetusta Morla	1	['3qKzESguQJ7GpqWf6K2hOE']
Dani Martín	Xoel López	1	['3qKzESguQJ7GpqWf6K2hOE']
DePedro	Eva Amaral	1	['3qKzESguQJ7GpqWf6K2hOE']
DePedro	Ismael Serrano	1	['3qKzESguQJ7GpqWf6K2hOE']
DePedro	Ivan Ferreiro	1	['3qKzESguQJ7GpqWf6K2hOE']
DePedro	Joaquín Sabina	1	['3qKzESguQJ7GpqWf6K2hOE']
DePedro	Kase.O	1	['3qKzESguQJ7GpqWf6K2hOE']
DePedro	Leiva	1	['3qKzESguQJ7GpqWf6K2hOE']
DePedro	Luz Casal	1	['3qKzESguQJ7GpqWf6K2hOE']
DePedro	Maika Makovski	1	['3qKzESguQJ7GpqWf6K2hOE']
DePedro	Marwán	1	['3qKzESguQJ7GpqWf6K2hOE']
DePedro	Nacho Vegas	1	['3qKzESguQJ7GpqWf6K2hOE']
DePedro	Nina de Juan	1	['3qKzESguQJ7GpqWf6K2hOE']
DePedro	Rozalén	1	['3qKzESguQJ7GpqWf6K2hOE']
DePedro	Santi Balmes	1	['3qKzESguQJ7GpqWf6K2hOE']
DePedro	Vetusta Morla	1	['3qKzESguQJ7GpqWf6K2hOE']
DePedro	Xoel López	1	['3qKzESguQJ7GpqWf6K2hOE']
Eva Amaral	Ismael Serrano	1	['3qKzESguQJ7GpqWf6K2hOE']
Eva Amaral	Ivan Ferreiro	1	['3qKzESguQJ7GpqWf6K2hOE']
Eva Amaral	Joaquín Sabina	1	['3qKzESguQJ7GpqWf6K2hOE']
Eva Amaral	Kase.O	1	['3qKzESguQJ7GpqWf6K2hOE']
Eva Amaral	Leiva	1	['3qKzESguQJ7GpqWf6K2hOE']
Eva Amaral	Luz Casal	1	['3qKzESguQJ7GpqWf6K2hOE']
Eva Amaral	Maika Makovski	1	['3qKzESguQJ7GpqWf6K2hOE']
Eva Amaral	Marwán	1	['3qKzESguQJ7GpqWf6K2hOE']
Eva Amaral	Nacho Vegas	1	['3qKzESguQJ7GpqWf6K2hOE']
Eva Amaral	Nina de Juan	1	['3qKzESguQJ7GpqWf6K2hOE']
Eva Amaral	Rozalén	1	['3qKzESguQJ7GpqWf6K2hOE']
Eva Amaral	Santi Balmes	1	['3qKzESguQJ7GpqWf6K2hOE']
Eva Amaral	Vetusta Morla	1	['3qKzESguQJ7GpqWf6K2hOE']
Eva Amaral	Xoel López	1	['3qKzESguQJ7GpqWf6K2hOE']
Ismael Serrano	Ivan Ferreiro	1	['3qKzESguQJ7GpqWf6K2hOE']
Ismael Serrano	Joaquín Sabina	1	['3qKzESguQJ7GpqWf6K2hOE']
Ismael Serrano	Kase.O	1	['3qKzESguQJ7GpqWf6K2hOE']
Ismael Serrano	Leiva	1	['3qKzESguQJ7GpqWf6K2hOE']
Ismael Serrano	Luz Casal	1	['3qKzESguQJ7GpqWf6K2hOE']
Ismael Serrano	Maika Makovski	1	['3qKzESguQJ7GpqWf6K2hOE']
Ismael Serrano	Marwán	1	['3qKzESguQJ7GpqWf6K2hOE']
Ismael Serrano	Nacho Vegas	1	['3qKzESguQJ7GpqWf6K2hOE']
Ismael Serrano	Nina de Juan	1	['3qKzESguQJ7GpqWf6K2hOE']
Ismael Serrano	Rozalén	1	['3qKzESguQJ7GpqWf6K2hOE']
Ismael Serrano	Santi Balmes	1	['3qKzESguQJ7GpqWf6K2hOE']
Ismael Serrano	Vetusta Morla	1	['3qKzESguQJ7GpqWf6K2hOE']
Ismael Serrano	Xoel López	1	['3qKzESguQJ7GpqWf6K2hOE']
Ivan Ferreiro	Joaquín Sabina	1	['3qKzESguQJ7GpqWf6K2hOE']
Ivan Ferreiro	Kase.O	1	['3qKzESguQJ7GpqWf6K2hOE']
Ivan Ferreiro	Leiva	1	['3qKzESguQJ7GpqWf6K2hOE']
Ivan Ferreiro	Luz Casal	1	['3qKzESguQJ7GpqWf6K2hOE']
Ivan Ferreiro	Maika Makovski	1	['3qKzESguQJ7GpqWf6K2hOE']
Ivan Ferreiro	Marwán	1	['3qKzESguQJ7GpqWf6K2hOE']
Ivan Ferreiro	Nacho Vegas	1	['3qKzESguQJ7GpqWf6K2hOE']
Ivan Ferreiro	Nina de Juan	1	['3qKzESguQJ7GpqWf6K2hOE']
Ivan Ferreiro	Rozalén	1	['3qKzESguQJ7GpqWf6K2hOE']
Ivan Ferreiro	Santi Balmes	1	['3qKzESguQJ7GpqWf6K2hOE']
Ivan Ferreiro	Vetusta Morla	1	['3qKzESguQJ7GpqWf6K2hOE']
Ivan Ferreiro	Xoel López	1	['3qKzESguQJ7GpqWf6K2hOE']
Joaquín Sabina	Kase.O	1	['3qKzESguQJ7GpqWf6K2hOE']
Joaquín Sabina	Leiva	1	['3qKzESguQJ7GpqWf6K2hOE']
Joaquín Sabina	Luz Casal	1	['3qKzESguQJ7GpqWf6K2hOE']
Joaquín Sabina	Maika Makovski	1	['3qKzESguQJ7GpqWf6K2hOE']
Joaquín Sabina	Marwán	1	['3qKzESguQJ7GpqWf6K2hOE']
Joaquín Sabina	Nacho Vegas	1	['3qKzESguQJ7GpqWf6K2hOE']
Joaquín Sabina	Nina de Juan	1	['3qKzESguQJ7GpqWf6K2hOE']
Joaquín Sabina	Rozalén	1	['3qKzESguQJ7GpqWf6K2hOE']
Joaquín Sabina	Santi Balmes	1	['3qKzESguQJ7GpqWf6K2hOE']
Joaquín Sabina	Vetusta Morla	1	['3qKzESguQJ7GpqWf6K2hOE']
Joaquín Sabina	Xoel López	1	['3qKzESguQJ7GpqWf6K2hOE']
Kase.O	Leiva	1	['3qKzESguQJ7GpqWf6K2hOE']
Kase.O	Luz Casal	1	['3qKzESguQJ7GpqWf6K2hOE']
Kase.O	Maika Makovski	1	['3qKzESguQJ7GpqWf6K2hOE']
Kase.O	Marwán	1	['3qKzESguQJ7GpqWf6K2hOE']
Kase.O	Nacho Vegas	1	['3qKzESguQJ7GpqWf6K2hOE']
Kase.O	Nina de Juan	1	['3qKzESguQJ7GpqWf6K2hOE']
Kase.O	Rozalén	1	['3qKzESguQJ7GpqWf6K2hOE']
Kase.O	Santi Balmes	1	['3qKzESguQJ7GpqWf6K2hOE']
Kase.O	Vetusta Morla	1	['3qKzESguQJ7GpqWf6K2hOE']
Kase.O	Xoel López	1	['3qKzESguQJ7GpqWf6K2hOE']
Leiva	Luz Casal	1	['3qKzESguQJ7GpqWf6K2hOE']
Leiva	Maika Makovski	1	['3qKzESguQJ7GpqWf6K2hOE']
Leiva	Marwán	1	['3qKzESguQJ7GpqWf6K2hOE']
Leiva	Nacho Vegas	1	['3qKzESguQJ7GpqWf6K2hOE']
Leiva	Nina de Juan	1	['3qKzESguQJ7GpqWf6K2hOE']
Leiva	Rozalén	1	['3qKzESguQJ7GpqWf6K2hOE']
Leiva	Santi Balmes	1	['3qKzESguQJ7GpqWf6K2hOE']
Leiva	Vetusta Morla	1	['3qKzESguQJ7GpqWf6K2hOE']
Leiva	Xoel López	1	['3qKzESguQJ7GpqWf6K2hOE']
Luz Casal	Maika Makovski	1	['3qKzESguQJ7GpqWf6K2hOE']
Luz Casal	Marwán	1	['3qKzESguQJ7GpqWf6K2hOE']
Luz Casal	Nacho Vegas	1	['3qKzESguQJ7GpqWf6K2hOE']
Luz Casal	Nina de Juan	1	['3qKzESguQJ7GpqWf6K2hOE']
Luz Casal	Rozalén	1	['3qKzESguQJ7GpqWf6K2hOE']
Luz Casal	Santi Balmes	1	['3qKzESguQJ7GpqWf6K2hOE']
Luz Casal	Vetusta Morla	1	['3qKzESguQJ7GpqWf6K2hOE']
Luz Casal	Xoel López	1	['3qKzESguQJ7GpqWf6K2hOE']
Maika Makovski	Marwán	1	['3qKzESguQJ7GpqWf6K2hOE']
Maika Makovski	Nacho Vegas	1	['3qKzESguQJ7GpqWf6K2hOE']
Maika Makovski	Nina de Juan	1	['3qKzESguQJ7GpqWf6K2hOE']
Maika Makovski	Rozalén	1	['3qKzESguQJ7GpqWf6K2hOE']
Maika Makovski	Santi Balmes	1	['3qKzESguQJ7GpqWf6K2hOE']
Maika Makovski	Vetusta Morla	1	['3qKzESguQJ7GpqWf6K2hOE']
Maika Makovski	Xoel López	1	['3qKzESguQJ7GpqWf6K2hOE']
Marwán	Nacho Vegas	1	['3qKzESguQJ7GpqWf6K2hOE']
Marwán	Nina de Juan	1	['3qKzESguQJ7GpqWf6K2hOE']
Marwán	Rozalén	1	['3qKzESguQJ7GpqWf6K2hOE']
Marwán	Santi Balmes	1	['3qKzESguQJ7GpqWf6K2hOE']
Marwán	Vetusta Morla	1	['3qKzESguQJ7GpqWf6K2hOE']
Marwán	Xoel López	1	['3qKzESguQJ7GpqWf6K2hOE']
Nacho Vegas	Nina de Juan	1	['3qKzESguQJ7GpqWf6K2hOE']
Nacho Vegas	Rozalén	1	['3qKzESguQJ7GpqWf6K2hOE']
Nacho Vegas	Santi Balmes	1	['3qKzESguQJ7GpqWf6K2hOE']
Nacho Vegas	Vetusta Morla	1	['3qKzESguQJ7GpqWf6K2hOE']
Nacho Vegas	Xoel López	1	['3qKzESguQJ7GpqWf6K2hOE']
Nina de Juan	Rozalén	1	['3qKzESguQJ7GpqWf6K2hOE']
Nina de Juan	Santi Balmes	1	['3qKzESguQJ7GpqWf6K2hOE']
Nina de Juan	Vetusta Morla	1	['3qKzESguQJ7GpqWf6K2hOE']
Nina de Juan	Xoel López	1	['3qKzESguQJ7GpqWf6K2hOE']
Rozalén	Santi Balmes	1	['3qKzESguQJ7GpqWf6K2hOE']
Rozalén	Vetusta Morla	1	['3qKzESguQJ7GpqWf6K2hOE']
Rozalén	Xoel López	1	['3qKzESguQJ7GpqWf6K2hOE']
Santi Balmes	Vetusta Morla	1	['3qKzESguQJ7GpqWf6K2hOE']
Santi Balmes	Xoel López	1	['3qKzESguQJ7GpqWf6K2hOE']
Vetusta Morla	Xoel López	1	['3qKzESguQJ7GpqWf6K2hOE']
Farruko	Ozuna	1	['7mWFF4gPADjTQjC97CgFVt']
Daniela Garsal	InnerCut	1	['05k3khLNk1GU3B6ebjNvPP']
Daniela Garsal	Juancho Marqués	1	['05k3khLNk1GU3B6ebjNvPP']
KHEA	NATTI NATASHA	1	['59nnGpAU3AiL2tD0o2It11']
KHEA	Prince Royce	1	['59nnGpAU3AiL2tD0o2It11']
Lenny Santos	NATTI NATASHA	1	['59nnGpAU3AiL2tD0o2It11']
Lenny Santos	Prince Royce	1	['59nnGpAU3AiL2tD0o2It11']
NATTI NATASHA	Prince Royce	1	['59nnGpAU3AiL2tD0o2It11']
Ayden Lau	NDG	1	['3lgflEXCoZVx3ZIO3GwVHp']
Ayden Lau	Omar Montes	1	['3lgflEXCoZVx3ZIO3GwVHp']
NDG	Omar Montes	1	['3lgflEXCoZVx3ZIO3GwVHp']
Aitana	Natalia Lacunza	1	['3vrslkAmBQ4mvqfOX1Xc6Q']
BENEE	Gus Dapperton	1	['4nK5YrxbMGZstTLbvj6Gxw']
Ana Guerra	Lérica	1	['6eQlzwUy3ZKzR9B4UkmPjc']
Aissa	Don Patricio	1	['36RSTxIzBjAj8l47ZLIhMw']
Aissa	Lucas Otero	1	['36RSTxIzBjAj8l47ZLIhMw']
Don Patricio	Lucas Otero	1	['36RSTxIzBjAj8l47ZLIhMw']
C. Tangana	La Húngara	1	['0XinBYhf1X3kdvKQHOX971']
La Húngara	Niño de Elche	1	['0XinBYhf1X3kdvKQHOX971']
Anaju	Gèrard	1	['5CefsHevDlensXo3X3E8vx']
Ana Mena	Omar Montes	1	['5FJ4xmp1XXTDyqPlF4lFPt']
Cruz Cafuné	InnerCut	1	['2U4upbdTGF37jCZyZjJjga']
Cruz Cafuné	Juancho Marqués	1	['2U4upbdTGF37jCZyZjJjga']
Becky Hill	Goodboys	1	['7CHi4DtfK4heMlQaudCuHK']
Becky Hill	MEDUZA	1	['7CHi4DtfK4heMlQaudCuHK']
Goodboys	MEDUZA	1	['7CHi4DtfK4heMlQaudCuHK']
Antonio Vega	Jarabe De Palo	1	['7981yPvY8IwJCpl9HSdDXI']
ABRA	Bad Bunny	1	['5jZ32WOU7sqzDYbzINwMUk']
David Otero	Taburete	1	['4BNqM0h2wukiQkAUKZjurV']
Anuel AA	Brytiago	1	['4lzxJ4jCuFDXXGkE1LmpKR']
Anuel AA	DJ Luian	1	['4lzxJ4jCuFDXXGkE1LmpKR']
Anuel AA	Mambo Kingz	1	['4lzxJ4jCuFDXXGkE1LmpKR']
Brytiago	DJ Luian	1	['4lzxJ4jCuFDXXGkE1LmpKR']
Brytiago	Mambo Kingz	1	['4lzxJ4jCuFDXXGkE1LmpKR']
Brytiago	Nicky Jam	1	['4lzxJ4jCuFDXXGkE1LmpKR']
D' La Crem	Pedro Calderon	1	['439bhfWUo0JI6wmfvm4Auq']
Don Patricio	Mozart La Para	1	['6DDb7XRNUzeHmSoTbw5nmm']
Gèrard	NIA	1	['37Aop7ynkNJWUE8J8jIav1']
C. Tangana	NATTI NATASHA	1	['1UozIJsPRJVXDRG08AgUQP']
Lil Tjay	Pop Smoke	1	['5rZlwNFl01HqLWBQGryKSm']
Piso 21	Zion & Lennox	1	['3UZ8b8lAZiaqqH6ggZqxCR']
Bizarrap	ZARAMAY	1	['2PKb7tFxkwMoS7Y6muOTAR']
Cazzu	Choclock	1	['2NUUKFF6RNPCMCy5pSIR04']
Cazzu	Rels B	1	['2NUUKFF6RNPCMCy5pSIR04']
Choclock	Rels B	1	['2NUUKFF6RNPCMCy5pSIR04']
Cepeda	David Otero	1	['3GyjKTLvnFracHkrjkh7gd']
Beéle	Lunay	1	['2BxzmBb2uqwnpyVuJqIIV9']
Javy Ramírez	Samantha	1	['3NBu2ZN8vPfBZcW4zBSbf3']
John Lennon	Yoko Ono	1	['27RYrbL6S02LNVhDWVl38b']
Omar Montes	Salcedo Leyry	1	['27L1OB0CsIPnznvKhT1cn9']
DELLAFUENTE	Morad	1	['4AsrtM9cxSYQJLp1978fm4']
Maka	Morad	1	['4AsrtM9cxSYQJLp1978fm4']
Funzo & Baby Loud	Hens	1	['3yOmf3oK10XIVRc99bwSyO']
Hens	Pole.	1	['3yOmf3oK10XIVRc99bwSyO']
Alejandro Sanz	Arkano	1	['2KK9N6iBAisA0booTu3bGd']
Alejandro Sanz	Melendi	1	['2KK9N6iBAisA0booTu3bGd']
Arkano	Melendi	1	['2KK9N6iBAisA0booTu3bGd']
Gigolo Y La Exce	Myke Towers	1	['5zT6JYm5IKgUVA7aAYsAhp']
Daddy Yankee	Jonas Brothers	1	['7BuSE9uTIw931wtZYzvZcQ']
Daddy Yankee	NATTI NATASHA	1	['7BuSE9uTIw931wtZYzvZcQ']
Daddy Yankee	Sebastian Yatra	1	['7BuSE9uTIw931wtZYzvZcQ']
Jonas Brothers	NATTI NATASHA	1	['7BuSE9uTIw931wtZYzvZcQ']
Jonas Brothers	Sebastian Yatra	1	['7BuSE9uTIw931wtZYzvZcQ']
NATTI NATASHA	Sebastian Yatra	1	['7BuSE9uTIw931wtZYzvZcQ']
HAIM	Taylor Swift	1	['6NriykdkRrjQMZo1sfVYUo']
Danny Ocean	KAROL G	1	['7MoZgM6AsQaZw14WnKopuy']
Danny Ocean	Ovy On The Drums	1	['7MoZgM6AsQaZw14WnKopuy']
KAROL G	Ovy On The Drums	1	['7MoZgM6AsQaZw14WnKopuy']
Michael Bublé	Shania Twain	1	['2gbCG4Rt9984UZ7Tc0dIFd']
C. Tangana	Chico Blanco	1	['6Tcc43gz0Dedl4fQJywsJC']
ACRU	Bizarrap	1	['0egDphqMcXZ9YeqvSBVRu3']
ACRU	Trueno	1	['0egDphqMcXZ9YeqvSBVRu3']
Alba Reche	Sebastián Cortés	1	['29bl4Sr23RrFR0o8mSvPJ2']
Alex Sensation	Arcángel	1	['4yL2Z0APTcHIE9RJWVfTUt']
Alex Sensation	Darell	1	['4yL2Z0APTcHIE9RJWVfTUt']
Alex Sensation	De La Ghetto	1	['4yL2Z0APTcHIE9RJWVfTUt']
Alex Sensation	Jhayco	1	['4yL2Z0APTcHIE9RJWVfTUt']
Alex Sensation	Myke Towers	1	['4yL2Z0APTcHIE9RJWVfTUt']
Darell	De La Ghetto	1	['4yL2Z0APTcHIE9RJWVfTUt']
De La Ghetto	Jhayco	1	['4yL2Z0APTcHIE9RJWVfTUt']
Daddy Yankee	Luis Fonsi	1	['6habFhsOp2NvshLv26DqMb']
Daddy Yankee	Snow	1	['5w9c2J52mkdntKOmRLeM2m']
Abraham Mateo	David Guetta	1	['3MR5Lnhd6uCIgLXSK7nmyX']
Abraham Mateo	De La Ghetto	1	['3MR5Lnhd6uCIgLXSK7nmyX']
Abraham Mateo	HUMAN(X)	1	['3MR5Lnhd6uCIgLXSK7nmyX']
Abraham Mateo	Lalo Ebratt	1	['3MR5Lnhd6uCIgLXSK7nmyX']
Abraham Mateo	Maejor	1	['3MR5Lnhd6uCIgLXSK7nmyX']
Abraham Mateo	Thalia	1	['3MR5Lnhd6uCIgLXSK7nmyX']
Abraham Mateo	Zion & Lennox	1	['3MR5Lnhd6uCIgLXSK7nmyX']
David Guetta	De La Ghetto	1	['3MR5Lnhd6uCIgLXSK7nmyX']
David Guetta	HUMAN(X)	1	['3MR5Lnhd6uCIgLXSK7nmyX']
David Guetta	Lalo Ebratt	1	['3MR5Lnhd6uCIgLXSK7nmyX']
David Guetta	Maejor	1	['3MR5Lnhd6uCIgLXSK7nmyX']
David Guetta	Manuel Turizo	1	['3MR5Lnhd6uCIgLXSK7nmyX']
David Guetta	Sofía Reyes	1	['3MR5Lnhd6uCIgLXSK7nmyX']
David Guetta	Thalia	1	['3MR5Lnhd6uCIgLXSK7nmyX']
David Guetta	Zion & Lennox	1	['3MR5Lnhd6uCIgLXSK7nmyX']
De La Ghetto	HUMAN(X)	1	['3MR5Lnhd6uCIgLXSK7nmyX']
De La Ghetto	Lalo Ebratt	1	['3MR5Lnhd6uCIgLXSK7nmyX']
De La Ghetto	Maejor	1	['3MR5Lnhd6uCIgLXSK7nmyX']
De La Ghetto	Manuel Turizo	1	['3MR5Lnhd6uCIgLXSK7nmyX']
De La Ghetto	Sofía Reyes	1	['3MR5Lnhd6uCIgLXSK7nmyX']
De La Ghetto	Thalia	1	['3MR5Lnhd6uCIgLXSK7nmyX']
HUMAN(X)	Lalo Ebratt	1	['3MR5Lnhd6uCIgLXSK7nmyX']
HUMAN(X)	Maejor	1	['3MR5Lnhd6uCIgLXSK7nmyX']
HUMAN(X)	Manuel Turizo	1	['3MR5Lnhd6uCIgLXSK7nmyX']
HUMAN(X)	Sofía Reyes	1	['3MR5Lnhd6uCIgLXSK7nmyX']
HUMAN(X)	Thalia	1	['3MR5Lnhd6uCIgLXSK7nmyX']
HUMAN(X)	Zion & Lennox	1	['3MR5Lnhd6uCIgLXSK7nmyX']
Lalo Ebratt	Maejor	1	['3MR5Lnhd6uCIgLXSK7nmyX']
Lalo Ebratt	Sofía Reyes	1	['3MR5Lnhd6uCIgLXSK7nmyX']
Lalo Ebratt	Thalia	1	['3MR5Lnhd6uCIgLXSK7nmyX']
Lalo Ebratt	Zion & Lennox	1	['3MR5Lnhd6uCIgLXSK7nmyX']
Maejor	Manuel Turizo	1	['3MR5Lnhd6uCIgLXSK7nmyX']
Maejor	Sofía Reyes	1	['3MR5Lnhd6uCIgLXSK7nmyX']
Maejor	Thalia	1	['3MR5Lnhd6uCIgLXSK7nmyX']
Maejor	Zion & Lennox	1	['3MR5Lnhd6uCIgLXSK7nmyX']
Manuel Turizo	Sofía Reyes	1	['3MR5Lnhd6uCIgLXSK7nmyX']
Manuel Turizo	Thalia	1	['3MR5Lnhd6uCIgLXSK7nmyX']
Manuel Turizo	Zion & Lennox	1	['3MR5Lnhd6uCIgLXSK7nmyX']
Sofía Reyes	Thalia	1	['3MR5Lnhd6uCIgLXSK7nmyX']
Sofía Reyes	Zion & Lennox	1	['3MR5Lnhd6uCIgLXSK7nmyX']
Thalia	Zion & Lennox	1	['3MR5Lnhd6uCIgLXSK7nmyX']
Despistaos	Miki Núñez	1	['4q4rM6kFIti6BvsEi4Qo2W']
Bizarrap	NATHY PELUSO	1	['78SeXVRJ7KCqVmOwTiFjnI']
Beéle	Ovy On The Drums	1	['0OTtnwUO8natNWSwdZvXVF']
Bizarrap	Dread Mar I	1	['2mMZAd3ol9wGI2WJl4XJCF']
Dread Mar I	Nicki Nicole	1	['2mMZAd3ol9wGI2WJl4XJCF']
Jey Blessing	Los Fantastikos	1	['6K7V47wFpfam2aeE893rbL']
Jey Blessing	Rauw Alejandro	1	['6K7V47wFpfam2aeE893rbL']
Los Fantastikos	Rauw Alejandro	1	['6K7V47wFpfam2aeE893rbL']
Lil Baby	ROSALÍA	1	['7h0d2h0fUmzbs7zeFigJPn']
Lil Baby	Travis Scott	1	['7h0d2h0fUmzbs7zeFigJPn']
Juan Magán	Lérica	1	['7bsqRe39lKOYX45FZpzP9o']
Camila Cabello	DaBaby	1	['3yOlyBJuViE2YSGn3nVE1K']
Arcángel	Becky G	1	['5E97zd7EDczPvQ6GRNr6y2']
Arcángel	DJ Nelson	1	['5E97zd7EDczPvQ6GRNr6y2']
Arcángel	Jay Wheeler	1	['5E97zd7EDczPvQ6GRNr6y2']
Arcángel	Zion & Lennox	1	['5E97zd7EDczPvQ6GRNr6y2']
Becky G	Brray	1	['5E97zd7EDczPvQ6GRNr6y2']
Becky G	DJ Nelson	1	['5E97zd7EDczPvQ6GRNr6y2']
Becky G	De La Ghetto	1	['5E97zd7EDczPvQ6GRNr6y2']
Becky G	Jay Wheeler	1	['5E97zd7EDczPvQ6GRNr6y2']
Brray	DJ Nelson	1	['5E97zd7EDczPvQ6GRNr6y2']
Brray	De La Ghetto	1	['5E97zd7EDczPvQ6GRNr6y2']
Brray	Jay Wheeler	1	['5E97zd7EDczPvQ6GRNr6y2']
Brray	Zion & Lennox	1	['5E97zd7EDczPvQ6GRNr6y2']
DJ Nelson	De La Ghetto	1	['5E97zd7EDczPvQ6GRNr6y2']
DJ Nelson	Zion & Lennox	1	['5E97zd7EDczPvQ6GRNr6y2']
De La Ghetto	Jay Wheeler	1	['5E97zd7EDczPvQ6GRNr6y2']
Jay Wheeler	Zion & Lennox	1	['5E97zd7EDczPvQ6GRNr6y2']
Juancho Marqués	Maka	1	['2MOLOFriBYS30s0lO052qe']
Morat	Sebastian Yatra	1	['7BEPdOI0neT6p7PnLViqmH']
Dayvi	Kelly Ruíz	1	['4Clmg1g8n2yBYG13Z1oSdG']
Dayvi	Victor Cardenas	1	['4Clmg1g8n2yBYG13Z1oSdG']
Kelly Ruíz	Victor Cardenas	1	['4Clmg1g8n2yBYG13Z1oSdG']
Dualy	Nikone	1	['6Z1tZjQzSgEVoLYc5FE7pw']
Hard GZ	Nikone	1	['6Z1tZjQzSgEVoLYc5FE7pw']
Jhayco	Mora	1	['7C2RvtNZvxPdol2JXAdxVK']
Love Yi	Naes Beats	1	['3FkmSUR7gcQHz1PhJW52Zy']
Love Yi	Recycled J	1	['3FkmSUR7gcQHz1PhJW52Zy']
Naes Beats	Recycled J	1	['3FkmSUR7gcQHz1PhJW52Zy']
Arcángel	Joyce Santana	1	['1QaCsLoKEWVujL3owyyei4']
Arcángel	Lunay	1	['1QaCsLoKEWVujL3owyyei4']
Arcángel	Young Martino	1	['1QaCsLoKEWVujL3owyyei4']
Brray	Darell	1	['1QaCsLoKEWVujL3owyyei4']
Brray	Jhayco	1	['1QaCsLoKEWVujL3owyyei4']
Brray	Joyce Santana	1	['1QaCsLoKEWVujL3owyyei4']
Brray	Lunay	1	['1QaCsLoKEWVujL3owyyei4']
Brray	Young Martino	1	['1QaCsLoKEWVujL3owyyei4']
Brray	Ñengo Flow	1	['1QaCsLoKEWVujL3owyyei4']
Darell	Joyce Santana	1	['1QaCsLoKEWVujL3owyyei4']
Darell	Lunay	1	['1QaCsLoKEWVujL3owyyei4']
Darell	Young Martino	1	['1QaCsLoKEWVujL3owyyei4']
Jhayco	Joyce Santana	1	['1QaCsLoKEWVujL3owyyei4']
Jhayco	Young Martino	1	['1QaCsLoKEWVujL3owyyei4']
Joyce Santana	Lunay	1	['1QaCsLoKEWVujL3owyyei4']
Joyce Santana	Myke Towers	1	['1QaCsLoKEWVujL3owyyei4']
Joyce Santana	Young Martino	1	['1QaCsLoKEWVujL3owyyei4']
Joyce Santana	Ñengo Flow	1	['1QaCsLoKEWVujL3owyyei4']
Lunay	Young Martino	1	['1QaCsLoKEWVujL3owyyei4']
Lunay	Ñengo Flow	1	['1QaCsLoKEWVujL3owyyei4']
Myke Towers	Young Martino	1	['1QaCsLoKEWVujL3owyyei4']
Young Martino	Ñengo Flow	1	['1QaCsLoKEWVujL3owyyei4']
Doja Cat	Ozuna	1	['5cpJFiNwYyWwFLH0V6B3N8']
Doja Cat	Sia	1	['5cpJFiNwYyWwFLH0V6B3N8']
Ozuna	Sia	1	['5cpJFiNwYyWwFLH0V6B3N8']
Justin Bieber	benny blanco	1	['4y4spB9m0Q6026KfkAvy9Q']
Ozuna	Zion & Lennox	1	['1bkHetU9vnb9Ctwm5gXGOn']
Arcángel	Randy	1	['4bEwaORm2IBfu3omjEna7I']
Randy	Rauw Alejandro	1	['4bEwaORm2IBfu3omjEna7I']
Anuel AA	Zion	1	['5p3JJehpKHjr9pJT5eD2Lz']
Beltito	Jone Quest	1	['5DoLhdU27owX1NMrKLUbUl']
Beltito	Osquel	1	['5DoLhdU27owX1NMrKLUbUl']
Beltito	Sammy	1	['5DoLhdU27owX1NMrKLUbUl']
Beltito	Sammy & Falsetto	1	['5DoLhdU27owX1NMrKLUbUl']
Beltito	Super Yei	1	['5DoLhdU27owX1NMrKLUbUl']
Beltito	Towy	1	['5DoLhdU27owX1NMrKLUbUl']
Jone Quest	Osquel	1	['5DoLhdU27owX1NMrKLUbUl']
Jone Quest	Sammy & Falsetto	1	['5DoLhdU27owX1NMrKLUbUl']
Jone Quest	Towy	1	['5DoLhdU27owX1NMrKLUbUl']
Osquel	Sammy	1	['5DoLhdU27owX1NMrKLUbUl']
Osquel	Sammy & Falsetto	1	['5DoLhdU27owX1NMrKLUbUl']
Osquel	Super Yei	1	['5DoLhdU27owX1NMrKLUbUl']
Osquel	Towy	1	['5DoLhdU27owX1NMrKLUbUl']
Sammy	Sammy & Falsetto	1	['5DoLhdU27owX1NMrKLUbUl']
Sammy	Towy	1	['5DoLhdU27owX1NMrKLUbUl']
Sammy & Falsetto	Super Yei	1	['5DoLhdU27owX1NMrKLUbUl']
Sammy & Falsetto	Towy	1	['5DoLhdU27owX1NMrKLUbUl']
Super Yei	Towy	1	['5DoLhdU27owX1NMrKLUbUl']
Feid	Sen Senra	1	['1RCTlsE4iiRwHHq1VE4XrG']
C. Tangana	Paula Cendejas	1	['1pJeLDLduCZS4hLuc1JByJ']
Natalia Lacunza	Pol Granch	1	['5itCPBTj94wIbL4p4rBCvD']
Arcángel	Romeo Santos	1	['4Pu0a2TuHOYtI4CCE3HEXI']
Romeo Santos	Sech	1	['4Pu0a2TuHOYtI4CCE3HEXI']
Jarabe De Palo	Txarango	1	['4BMItmcmxrSvrmBnhh3tpG']
Danny Romero	Lérica	1	['1IDFcb3cjkj2dhv3UaxX9b']
Eva B	Samantha	1	['1JsKNMvepTKSFDUrCGII1R']
Diplo	LSD	1	['4xigPf2sigSPmuFH3qCelB']
Diplo	Labrinth	1	['4xigPf2sigSPmuFH3qCelB']
Diplo	Sia	1	['4xigPf2sigSPmuFH3qCelB']
LSD	Labrinth	1	['4xigPf2sigSPmuFH3qCelB']
LSD	Sia	1	['4xigPf2sigSPmuFH3qCelB']
Labrinth	Sia	1	['4xigPf2sigSPmuFH3qCelB']
J Balvin	KEVVO	1	['7HmnJHfs0BkFzX4x8j0hkl']
Camilo	Evaluna Montaner	1	['0pgj4EzB1XRqgZemoMNG5D']
Aleman	Duki	1	['2xM9f6WuG5GF6GeTDtPuhs']
Aleman	Rels B	1	['2xM9f6WuG5GF6GeTDtPuhs']
Duki	Rels B	1	['2xM9f6WuG5GF6GeTDtPuhs']
Amenazzy	Myke Towers	1	['4rqZTNS29bCGNCDWNlMMwt']
Amenazzy	Wiz Khalifa	1	['4rqZTNS29bCGNCDWNlMMwt']
Myke Towers	Wiz Khalifa	1	['4rqZTNS29bCGNCDWNlMMwt']
Ankhal	Farruko	1	['4B2kFp1ulVz1FgwVYSShoj']
Ankhal	Guaynaa	1	['4B2kFp1ulVz1FgwVYSShoj']
Ankhal	KEVVO	1	['4B2kFp1ulVz1FgwVYSShoj']
Guaynaa	KEVVO	1	['4B2kFp1ulVz1FgwVYSShoj']
TATOOL	XOVOX	1	['7k1lxZqsXIVDnL1BFNaGKk']
Taiu	XOVOX	1	['7k1lxZqsXIVDnL1BFNaGKk']
Trueno	XOVOX	1	['7k1lxZqsXIVDnL1BFNaGKk']
Brett Eldredge	Meghan Trainor	1	['5Q2P43CJra0uRAogjHyJDK']
Mitchell Ayres & His Orchestra	Perry Como	1	['2pXpURmn6zC5ZYDMms6fwa']
Mitchell Ayres & His Orchestra	The Fontane Sisters	1	['2pXpURmn6zC5ZYDMms6fwa']
Perry Como	The Fontane Sisters	1	['2pXpURmn6zC5ZYDMms6fwa']
Alcover	Don Omar	1	['2hojbalRXKHKViXslmdsbM']
Alcover	Juan Magán	1	['2hojbalRXKHKViXslmdsbM']
Don Omar	Juan Magán	1	['2hojbalRXKHKViXslmdsbM']
Bryant Myers	Kevin Roldan	1	['4PEfJZpVjdclfzZ9XO8uDw']
Kevin Roldan	Lyanno	1	['4PEfJZpVjdclfzZ9XO8uDw']
Chema Rivas	Lérica	1	['5ndhxeC4EU0PAjAxyqtDUD']
NATTI NATASHA	Romeo Santos	1	['2dy3TKVDEbIeWxeIb8JWqZ']
Kid Cudi	THE SCOTTS	1	['39Yp9wwQiSRIDOvrVg7mbk']
Kid Cudi	Travis Scott	1	['39Yp9wwQiSRIDOvrVg7mbk']
THE SCOTTS	Travis Scott	1	['39Yp9wwQiSRIDOvrVg7mbk']
Chencho Corleone	J Balvin	1	['5y7DaS3jAc9eZzcSOoUIwU']
NATTI NATASHA	Zion	1	['1ndyl3wJCFs872XZ3ztPk6']
Bad Bunny	Lunay	1	['4t9a07PAghtQMRAIP9FQ7Z']
Daddy Yankee	Lunay	1	['4t9a07PAghtQMRAIP9FQ7Z']
Anuel AA	Haze	1	['1LiN0Z98FkR1t0m8KmLcAH']
Efecto Pasillo	Sinsinati	1	['74CBYERIN0oOdZ6x9h2L3R']
Becky G	NATTI NATASHA	1	['62vDrkBEyJYEOFj1ScBqM7']
Juanes	Sebastian Yatra	1	['3ewwb5s3WHYqEdkBnwKlTS']
Camilo	Ozuna	1	['0JAZWvvqttGFm4UMDsPQXC']
Indara	Sergio Contreras	1	['17nYNma8AncLFqOBk6tu6m']
Becky G	Ozuna	1	['5Jq958VQwRyQFujau4TMKD']
J Balvin	Yandel	1	['3nowY0ZuWMuAmmAu1plEBP']
