artist_id	name	genres	years_on_charts	num_hits	num_collab_hits
4q3ewBCX7sLwd24euuV69X	Bad Bunny	['reggaeton', 'trap latino', 'urbano latino']	[2017, 2018, 2019, 2020, 2021, 2022]	184	129
1i8SpTcr7yvPOmcqrbnVXY	Ozuna	['puerto rican pop', 'reggaeton', 'trap latino', 'urbano latino']	[2017, 2018, 2019, 2020, 2021, 2022]	152	121
2R21vXR83lH98kGeO99Y66	Anuel AA	['reggaeton', 'reggaeton flow', 'trap boricua', 'trap latino', 'urbano latino']	[2017, 2018, 2019, 2020, 2021, 2022]	135	100
1vyhD5VmyZ7KMfW5gqLgo5	J Balvin	['reggaeton', 'reggaeton colombiano', 'trap latino', 'urbano latino']	[2017, 2018, 2019, 2020, 2021, 2022]	132	111
1r4hJ1h58CWwUQe3MxPuau	Maluma	['latin pop', 'reggaeton', 'reggaeton colombiano', 'urbano latino']	[2017, 2018, 2019, 2020, 2021, 2022]	91	66
329e4yvIujISKGKz1BZZbO	Farruko	['reggaeton', 'trap latino', 'urbano latino']	[2017, 2018, 2019, 2020, 2021, 2022]	89	81
77ziqFxp5gaInVrF2lj4ht	Sech	['panamanian pop', 'reggaeton', 'trap latino', 'urbano latino']	[2018, 2019, 2020, 2021, 2022]	88	73
3Nrfpe0tUJi4K4DXYWgMUX	BTS	['k-pop', 'k-pop boy group', 'pop']	[2017, 2018, 2019, 2020, 2021, 2022]	88	16
7iK8PXO48WeuP03g8YR51W	Myke Towers	['reggaeton', 'trap latino', 'urbano latino']	[2018, 2019, 2020, 2021, 2022]	84	70
1mcTU81TzQhprhouKaTkpq	Rauw Alejandro	['puerto rican pop', 'reggaeton', 'trap latino', 'urbano latino']	[2018, 2019, 2020, 2021, 2022]	83	66
1SupJlEpv7RS2tPNRaHViT	Nicky Jam	['latin hip hop', 'reggaeton', 'trap latino', 'urbano latino']	[2017, 2018, 2019, 2020, 2021, 2022]	76	72
14zUHaJZo1mnYtn6IBRaRP	Justin Quiles	['reggaeton', 'trap latino', 'urbano latino']	[2017, 2018, 2019, 2020, 2021, 2022]	75	68
1bAftSH8umNcGZ0uyV7LMg	Duki	['argentine hip hop', 'trap argentino', 'trap latino', 'trap triste', 'urbano latino']	[2017, 2018, 2019, 2020, 2021, 2022]	75	53
1pQWsZQehhS4wavwh7Fnxd	Lenny Tavárez	['reggaeton', 'trap argentino', 'trap latino', 'urbano latino']	[2017, 2018, 2019, 2020, 2021, 2022]	68	65
07YUOmWljBTXwIseAUd9TW	Sebastian Yatra	['colombian pop', 'latin pop', 'reggaeton', 'reggaeton colombiano', 'urbano latino']	[2017, 2018, 2019, 2020, 2021, 2022]	65	47
4VMYDCV2IEDYJArk749S6m	Daddy Yankee	['latin hip hop', 'reggaeton', 'trap latino', 'urbano latino']	[2017, 2018, 2019, 2020, 2021, 2022]	60	49
4SsVbpTthjScTS7U2hmr1X	Arcángel	['latin hip hop', 'reggaeton', 'trap latino', 'urbano latino']	[2017, 2018, 2019, 2020, 2021, 2022]	56	54
0tmwSHipWxN12fsoLcFU3B	Manuel Turizo	['colombian pop', 'reggaeton', 'reggaeton colombiano', 'trap latino', 'urbano latino']	[2017, 2018, 2019, 2020, 2021, 2022]	55	43
3E6xrwgnVfYCrCs0ePERDz	Wisin	['reggaeton', 'urbano latino']	[2017, 2018, 2019, 2020, 2021, 2022]	55	53
790FomKkXshlbRYZFtlgla	KAROL G	['reggaeton', 'reggaeton colombiano', 'trap latino', 'urbano latino']	[2017, 2018, 2019, 2020, 2021, 2022]	53	37
21451j1KhjAiaYKflxBjr1	Zion & Lennox	['reggaeton', 'urbano latino']	[2017, 2018, 2019, 2020, 2021, 2022]	51	44
0eHQ9o50hj6ZDNBt6Ys1sD	Yandel	['latin hip hop', 'reggaeton', 'trap latino', 'urbano latino']	[2017, 2018, 2019, 2020, 2021, 2022]	49	44
33ScadVnbm2X8kkUqOkC6Z	Don Omar	['latin hip hop', 'puerto rican pop', 'reggaeton', 'trap latino', 'urbano latino']	[2017, 2018, 2019, 2020, 2021, 2022]	47	25
0KPX4Ucy9dk82uj4GpKesn	Dalex	['r&b en espanol', 'reggaeton', 'trap latino', 'urbano latino']	[2018, 2019, 2020, 2021, 2022]	46	43
53XhwfbYqKCa1cC15pYq2q	Imagine Dragons	['modern rock', 'pop', 'rock']	[2017, 2018, 2019, 2020, 2021, 2022]	45	6
06HL4z0CvFAxyc27GXpf02	Taylor Swift	['pop']	[2017, 2018, 2019, 2020, 2021]	43	6
1GDbiv3spRmZ1XdM1jQbT7	NATTI NATASHA	['latin pop', 'rap latina', 'reggaeton', 'urbano latino']	[2017, 2018, 2019, 2020, 2021]	43	37
716NhGYqD1jl2wI1Qkgq36	Bizarrap	['argentine hip hop', 'pop venezolano', 'trap argentino', 'trap latino', 'urbano latino']	[2019, 2020, 2021, 2022]	43	43
28gNT5KBp7IjEOQoevXf9N	Camilo	['colombian pop', 'latin pop', 'reggaeton colombiano']	[2018, 2019, 2020, 2021, 2022]	41	27
00XhexlJEXQstHimpZN910	Brytiago	['reggaeton', 'trap latino', 'urbano latino']	[2017, 2018, 2019, 2020, 2021, 2022]	40	39
1TtXnWcUs0FCkaZDPGYHdf	Darell	['latin hip hop', 'reggaeton', 'trap latino', 'urbano latino']	[2017, 2018, 2019, 2020, 2021, 2022]	39	37
3vQ0GE3mI0dAaxIMYe5g7z	Paulo Londra	['argentine hip hop', 'trap argentino', 'trap latino', 'urbano latino']	[2018, 2019, 2020, 2021, 2022]	39	12
2DspEsT7UXGKd2VaaedgG4	Alex Rose	['reggaeton', 'trap latino', 'urbano latino']	[2017, 2018, 2019, 2020, 2021, 2022]	38	32
1wZtkThiXbVNtj6hee6dz9	Wisin & Yandel	['electro latino', 'reggaeton', 'trap latino', 'urbano latino']	[2017, 2018, 2019, 2020, 2021, 2022]	37	22
3yHLsTJ9OZ19qwY1Q5BEQJ	Binomio de Oro de América	['vallenato']	[2017, 2018, 2019, 2020, 2021, 2022]	35	0
3TVXtAsR1Inumwj472S9r4	Drake	['canadian hip hop', 'canadian pop', 'hip hop', 'rap', 'toronto rap']	[2017, 2018, 2019, 2020, 2022]	34	11
4m6ubhNsdwF4psNf3R8kwR	KHEA	['argentine hip hop', 'trap argentino', 'trap latino', 'trap triste', 'urbano latino']	[2017, 2018, 2019, 2020, 2021, 2022]	34	27
47MpMsUfWtgyIIBEFOr4FE	Lunay	['reggaeton', 'reggaeton flow', 'trap latino', 'urbano latino']	[2018, 2019, 2020, 2021, 2022]	33	30
6M2wZ9GZgrQXHCFfjv46we	Dua Lipa	['dance pop', 'pop', 'uk pop']	[2017, 2018, 2019, 2020, 2021, 2022]	33	14
66CXWjxzNUsdJxJ2JdwvnR	Ariana Grande	['pop']	[2017, 2018, 2019, 2020, 2021]	32	9
4nDoRrQiYLoBzwC5BhVJzF	Camila Cabello	['dance pop', 'pop']	[2017, 2018, 2019, 2020, 2021]	31	18
6nVcHLIgY5pE2YCl8ubca1	Jhayco	['reggaeton', 'trap latino', 'urbano latino']	[2018, 2019, 2020, 2021, 2022]	30	26
4bw2Am3p9ji3mYsXNXtQcd	Piso 21	['colombian pop', 'latin pop', 'reggaeton', 'reggaeton colombiano', 'trap latino', 'urbano latino']	[2017, 2018, 2019, 2020, 2021]	30	21
7FNnA9vBm6EKceENgCGRMb	Anitta	['funk pop', 'funk rj', 'pagode baiano', 'pop', 'pop nacional']	[2017, 2018, 2019, 2020, 2021, 2022]	30	25
3EiLUeyEcA6fbRPSHkG5kb	De La Ghetto	['reggaeton', 'reggaeton flow', 'trap latino', 'urbano latino']	[2017, 2018, 2019, 2020, 2021, 2022]	29	29
2LRoIwlKmHjgvigdNGBHNo	Feid	['colombian pop', 'pop reggaeton', 'reggaeton colombiano', 'trap latino', 'urbano latino']	[2017, 2019, 2020, 2021, 2022]	28	27
1uNFoZAHBGtllmzznpCI3s	Justin Bieber	['canadian pop', 'pop']	[2017, 2018, 2019, 2020, 2021, 2022]	28	23
5C4PDR4LnhZTbVnKWXuDKD	Morat	['colombian pop']	[2017, 2018, 2019, 2020, 2021, 2022]	28	13
0C8ZW7ezQVs4URX5aX7Kqx	Selena Gomez	['pop', 'post-teen pop']	[2017, 2018, 2019, 2020, 2021, 2022]	28	14
246dkjvS1zLTtiykXe5h60	Post Malone	['dfw rap', 'melodic rap', 'pop', 'rap']	[2017, 2018, 2019, 2020]	28	16
6eUKZXaKkcviH0Ku9w2n3V	Ed Sheeran	['pop', 'singer-songwriter pop', 'uk pop']	[2017, 2018, 2019, 2020, 2021]	27	10
3RtNN1VnooWEn3KQk03DUL	Noriel	['reggaeton', 'trap latino', 'urbano latino']	[2017, 2018, 2019, 2020, 2021]	26	26
2x7PC78TmgqpEIjaGAZ0Oz	Trueno	['argentine hip hop', 'bases de freestyle', 'trap argentino', 'trap latino', 'urbano latino']	[2019, 2020, 2021, 2022]	25	22
6w9ToX5slZ4uIdmD17hJ3c	Bryant Myers	['reggaeton', 'reggaeton flow', 'trap latino', 'urbano latino']	[2017, 2018, 2019, 2020, 2021, 2022]	25	22
1vqR17Iv8VFdzure1TAXEq	LIT killah	['argentine hip hop', 'trap argentino', 'trap latino', 'trap triste', 'urbano latino']	[2018, 2019, 2020, 2021, 2022]	24	16
0eecdvMrqBftK0M1VKhaF4	CNCO	['boy band', 'latin pop', 'reggaeton', 'urbano latino']	[2017, 2018, 2019, 2020, 2021]	23	10
4obzFoKoKRHIphyHzJ35G3	Becky G	['latin pop', 'latin viral pop', 'rap latina', 'reggaeton', 'urbano latino']	[2017, 2018, 2019, 2020, 2021, 2022]	23	22
7vXDAI8JwjW531ouMGbfcp	TINI	['latin pop', 'pop argentino']	[2018, 2019, 2020, 2021, 2022]	23	22
1jSjfSgDjedJdi5MoyRu78	Lary Over	['reggaeton', 'trap latino', 'urbano latino']	[2017, 2018, 2019, 2020]	23	20
0vR2qb8m9WHeZ5ByCbimq2	Reik	['latin arena pop', 'latin pop', 'mexican pop', 'reggaeton']	[2017, 2018, 2019, 2020, 2021, 2022]	22	17
1Ts9of7VPZElwPQnqnDSfW	Lyanno	['reggaeton', 'trap boricua', 'trap latino', 'urbano latino']	[2018, 2019, 2020, 2021, 2022]	22	21
7Ln80lUS6He07XvHI8qqHH	Arctic Monkeys	['garage rock', 'modern rock', 'permanent wave', 'rock', 'sheffield indie']	[2018, 2019]	22	0
2cPqdH7XMvwaBJEVjheH8g	Jay Wheeler	['reggaeton', 'trap latino', 'urbano latino']	[2020, 2021, 2022]	21	18
1HY2Jd0NmPuamShAr6KMms	Lady Gaga	['art pop', 'dance pop', 'pop']	[2017, 2018, 2019, 2020]	21	6
2ayNSoKPCRAfjp6hQ76hRu	Nacho	['latin pop', 'pop venezolano', 'reggaeton', 'trap latino', 'urbano latino']	[2017, 2018, 2019, 2020]	21	18
1Xyo4u8uXC1ZmMpatF05PJ	The Weeknd	['canadian contemporary r&b', 'canadian pop', 'pop']	[2017, 2018, 2020, 2021, 2022]	20	10
4vPrmLDojtC3tm1jXb4XfM	Joshua Dietrich	['paraguayan indie', 'pop paraguayo', 'rap paraguayo']	[2019, 2020, 2021]	20	2
6bxlchoOipKgLaJKgoCzOZ	Kchiporros	['paraguayan rock', 'pop paraguayo']	[2017, 2018, 2019, 2020, 2021, 2022]	20	3
6w3SkAHYPsQ1bxV7VDlG5y	Cazzu	['argentine hip hop', 'rap latina', 'reggaeton', 'trap argentino', 'trap latino', 'urbano latino']	[2017, 2018, 2019, 2020, 2021, 2022]	20	19
1pgDilWYDWLoOgGjf1iHNu	Zion	['reggaeton', 'urbano latino']	[2017, 2018, 2019, 2020, 2021, 2022]	19	16
5hdhHgpxyniooUiQVaPxQ0	Nio Garcia	['reggaeton', 'trap latino', 'urbano latino']	[2018, 2019, 2020, 2021, 2022]	19	18
5lwmRuXgjX8xIwlnauTZIP	Romeo Santos	['bachata', 'latin hip hop', 'latin pop', 'urbano latino']	[2017, 2018, 2019, 2020, 2021]	19	13
1DxLCyH42yaHKGK3cl5bvG	Maria Becerra	['pop argentino']	[2020, 2021, 2022]	19	16
1pf0MPKfKdvS8J779mS1Ay	Miky Woodz	['reggaeton', 'trap latino', 'urbano latino']	[2018, 2019, 2020, 2021, 2022]	18	18
2LmcxBak1alK1bf7d1beTr	Juhn	['reggaeton', 'reggaeton flow', 'trap latino', 'urbano latino']	[2017, 2018, 2019, 2020, 2021, 2022]	18	17
6qqNVTkY8uBg9cP3Jd7DAH	Billie Eilish	['art pop', 'electropop', 'pop']	[2018, 2019, 2020, 2021]	18	4
00me4Ke1LsvMxt5kydlMyU	Cosculluela	['latin hip hop', 'reggaeton', 'trap latino', 'urbano latino']	[2017, 2018, 2019, 2020]	18	17
64aJYyrXljOodnUG6jvhRD	DJ Luian	['reggaeton', 'reggaeton flow', 'trap latino', 'urbano latino']	[2017, 2018, 2019, 2020, 2021, 2022]	18	18
1mXAhKnZEdF6rotyyd4GBi	MC Kevinho	['arrocha', 'funk carioca', 'funk ostentacao', 'funk pop', 'sertanejo universitario']	[2017, 2018, 2019]	18	9
15UsOTVnJzReFVN1VCnxy4	XXXTENTACION	['emo rap', 'miami hip hop']	[2017, 2018, 2019]	18	5
6XyY86QOPPrYVGvF9ch6wz	Linkin Park	['alternative metal', 'nu metal', 'post-grunge', 'rap metal', 'rock']	[2017]	18	3
41MozSoPIsD1dJM0CLPjZF	BLACKPINK	['k-pop', 'k-pop girl group', 'pop']	[2018, 2019, 2020]	17	6
37230BxxYs9ksS7OkZw3IU	Chencho Corleone	['reggaeton flow', 'trap latino', 'urbano latino']	[2018, 2019, 2020, 2021, 2022]	17	17
3fZk3Gm5dN5v5yfYMQ04Bx	Dímelo Flow	['reggaeton', 'reggaeton flow', 'urbano latino']	[2018, 2019, 2020, 2021, 2022]	17	17
2wkoKEfS6dXwThbyTnZWFU	Mau y Ricky	['latin pop', 'pop venezolano', 'reggaeton', 'urbano latino']	[2017, 2018, 2019, 2020, 2021, 2022]	17	15
5YCc6xS5Gpj3EkaYGdjyNK	WOS	['argentine indie', 'trap argentino']	[2019, 2020, 2021]	17	2
2T1aUibqR2QC2sINIDQOAK	Mambo Kingz	['reggaeton', 'reggaeton flow', 'trap latino', 'urbano latino']	[2017, 2018, 2019, 2020, 2021, 2022]	17	17
0VRj0yCOv2FXJNP47XQnx5	Quavo	['atl hip hop', 'melodic rap', 'rap', 'trap']	[2017, 2018, 2020]	16	16
0EmeFodog0BfCgMzAIvKQp	Shakira	['colombian pop', 'dance pop', 'latin pop', 'pop']	[2017, 2018, 2019, 2020, 2021]	16	14
7n2wHs1TKAczGzO7Dd2rGr	Shawn Mendes	['canadian pop', 'pop', 'viral pop']	[2017, 2018, 2019, 2020, 2021]	16	8
4kYSro6naA4h99UJvo89HB	Cardi B	['pop', 'rap']	[2017, 2018, 2019, 2020, 2021]	15	14
0mYFlsYXbyTD5gmNnw3pO4	Tierra Adentro	['cumbia paraguaya', 'folklore paraguayo', 'polca paraguaya']	[2018, 2019, 2020, 2021, 2022]	15	1
6LuN9FCkKOj5PcnpouEgny	Khalid	['pop', 'pop r&b']	[2017, 2018, 2019, 2020, 2021]	15	13
0hCNtLu0JehylgoiP8L4Gh	Nicki Minaj	['hip pop', 'pop', 'queens hip hop', 'rap']	[2017, 2018, 2019, 2020, 2021]	15	15
5Y3MV9DZ0d87NnVm56qSY1	Tiago PZK	['trap argentino', 'trap latino', 'urbano latino']	[2020, 2021, 2022]	15	14
1yR65psqiazQpeM79CcGh8	Marília Mendonça	['arrocha', 'sertanejo', 'sertanejo universitario']	[2018, 2019, 2021, 2022]	15	6
34zJjO7ns1qmMYJxJPF1wP	Los Chiches Vallenatos	['vallenato']	[2018, 2019, 2020, 2021, 2022]	14	7
5szJHKg5xeUlQ9pTqzdpic	Taiu	['trap argentino']	[2020, 2021]	14	14
0shHIQr8VamXbzM66kwGQo	TATOOL	[]	[2020, 2021]	14	14
5H1nN1SzW0qNeUEZvuXjAj	Danny Ocean	['pop venezolano', 'reggaeton', 'trap latino', 'urbano latino']	[2017, 2018, 2019, 2020, 2021, 2022]	14	4
5XJDexmWFLWOkjOEjOVX3e	Eladio Carrion	['trap boricua', 'trap latino', 'trap triste', 'urbano latino']	[2019, 2020, 2021, 2022]	14	14
12vb80Km0Ew53ABfJOepVz	Ñengo Flow	['reggaeton', 'trap latino', 'urbano latino']	[2017, 2018, 2019, 2020, 2021, 2022]	14	14
3MHaV05u0io8fQbZ2XPtlC	Prince Royce	['bachata', 'latin hip hop', 'latin pop', 'urbano latino']	[2017, 2018, 2019, 2020, 2021]	14	13
6ModsWtBph2rE6zCTVxvZt	Maite Perroni	['latin pop', 'mexican pop']	[2017, 2018, 2020]	13	13
4V8Sr092TqfHkfAA5fXXqG	Luis Fonsi	['latin pop', 'puerto rican pop']	[2017, 2018, 2019, 2020, 2021]	13	12
11YLRSsZA3YVuQQtHXKTlz	Rafa Pabön	['reggaeton', 'reggaeton flow', 'urbano latino']	[2018, 2019, 2020, 2021, 2022]	13	13
2oQX8QiMXOyuqbcZEFsZfm	El Alfa	['dembow', 'rap dominicano', 'reggaeton', 'trap latino', 'urbano latino']	[2018, 2019, 2020, 2021]	13	13
6kq4GHwUcUojGIu0ziSNXf	Amenazzy	['rap dominicano', 'reggaeton', 'trap latino', 'urbano latino']	[2017, 2018, 2019, 2020, 2021]	13	13
738wLrAtLtCtFOLvQBXOXp	Major Lazer	['dance pop', 'edm', 'electro house', 'moombahton', 'pop', 'pop dance']	[2017, 2019, 2020]	13	13
3YQKmKGau1PzlVlkL1iodx	Twenty One Pilots	['modern rock', 'pop', 'pov: indie', 'rock']	[2017, 2018, 2019, 2020]	13	0
1McMsnEElThX1knmY4oliG	Olivia Rodrigo	['pop']	[2021, 2022]	13	0
0C0XlULifJtAgn6ZNCW2eu	The Killers	['alternative rock', 'dance rock', 'modern rock', 'permanent wave', 'rock']	[2018]	13	0
2UZIAOlrnyZmyzt1nuXr9y	Nicki Nicole	['argentine hip hop', 'r&b argentino', 'trap argentino', 'trap latino', 'urbano latino']	[2019, 2020, 2021, 2022]	12	11
5DUlefCLzVRzNWaNURTFpK	Cali Y El Dandee	['colombian pop', 'electro latino', 'latin pop', 'reggaeton', 'reggaeton colombiano', 'trap latino', 'urbano latino']	[2017, 2018, 2019, 2020, 2021]	12	9
7ltDVBr6mKbRvohxheJ9h1	ROSALÍA	['pop', 'r&b en espanol']	[2019, 2020, 2021, 2022]	12	10
1cNPXWhKfjI0fT5EMCnamR	Dj Guuga	['arrocha', 'arrochadeira', 'funk paulista', 'rave funk']	[2019, 2020, 2021, 2022]	12	10
1fux65HMCBvfJHqlBc4Nno	Casper Magico	['reggaeton', 'reggaeton flow', 'trap latino', 'urbano latino']	[2017, 2018, 2019, 2020, 2021, 2022]	12	12
0GM7qgcRCORpGnfcN2tCiB	Tainy	['pop reggaeton', 'reggaeton', 'trap latino', 'urbano latino']	[2018, 2019, 2020, 2021, 2022]	12	12
7jVv8c5Fj3E9VhNjxT4snq	Lil Nas X	['lgbtq+ hip hop']	[2019, 2020, 2021, 2022]	12	6
0Y5tJX1MQlPlqiwlOH1tJY	Travis Scott	['hip hop', 'rap', 'slap house']	[2017, 2018, 2019, 2020]	12	9
1vCWHaC5f2uS3yhpwWbIA6	Avicii	['edm', 'pop', 'pop dance']	[2017, 2018, 2019, 2021]	12	4
7cjh6y0V9SsyCrWSXTzwOs	RBD	['latin pop']	[2020]	11	11
0TeVa4xdLB8vdzjsvKH6Ri	Anahí	['latin pop']	[2020]	11	11
6kaefrHSdAvxhhCVDFTCEL	Dulce María	['latin arena pop']	[2020]	11	11
0aMqt2uGLuHj4eI8oXgVzN	Christian Chávez	['mexican pop']	[2020]	11	11
5O8cudluftNZ6PCwRzvYxo	Christopher von Uckermann	['mexican pop']	[2020]	11	11
0veZkZPeWoJQ9gt6VAXlkN	Alfonso Herrera	[]	[2020]	11	11
487N2T9nIPEHrlTZLL3SQs	Zé Neto & Cristiano	['agronejo', 'arrocha', 'sertanejo', 'sertanejo universitario']	[2018, 2019, 2020, 2021]	11	1
04gDigrS5kc9YWfZHwBETP	Maroon 5	['pop']	[2017, 2018, 2019, 2020]	11	10
1RBzGO6Nm3uyhUSxP7EDWO	KEVIN ROLDAN	['reggaeton', 'reggaeton colombiano', 'trap latino', 'urbano latino']	[2017, 2018, 2019, 2020, 2021, 2022]	11	6
5cj0lLjcoR7YOSnhnX0Po5	Doja Cat	['dance pop', 'pop']	[2020, 2021, 2022]	11	4
7tYKF4w9nC0nq9CsPZTHyP	SZA	['pop', 'r&b', 'rap']	[2017, 2018, 2021, 2022]	11	11
7a0XAaPaK2aDSqa8p3QnC7	Beéle	['reggaeton colombiano', 'trap latino', 'urbano latino']	[2019, 2020, 2021, 2022]	10	9
1GAymyGBvB4gQy5Z5LZ1Wj	Lalo Ebratt	['colombian hip hop', 'reggaeton', 'reggaeton colombiano', 'trap latino', 'urbano latino']	[2018, 2019, 2020, 2021, 2022]	10	10
540vIaP2JwjQb9dm3aArA4	DJ Snake	['edm', 'electronic trap', 'pop', 'pop dance']	[2017, 2018, 2019, 2020, 2021]	10	10
6KImCVD70vtIoJWnq6nGn3	Harry Styles	['pop']	[2017, 2018, 2019, 2020, 2021]	10	0
1fctva4kpRbg2k3v7kwRuS	Rvssian	['reggaeton', 'trap latino', 'urbano latino']	[2017, 2018, 2019, 2020, 2021, 2022]	10	10
0fdpJLsenUo15X3dPPWJSR	Los Angeles De Charly	['musica mexicana', 'norteno', 'ranchera']	[2017, 2018, 2019, 2020, 2021, 2022]	10	0
1dfeR4HaWDbWqFHLkxsg1d	Queen	['classic rock', 'glam rock', 'rock']	[2018, 2019, 2020]	10	1
5WUlDfRSoLAfcVSX1WnrxN	Sia	['australian dance', 'australian pop', 'pop']	[2017, 2018, 2020, 2021]	10	7
0UWZUmn7sybxMCqrw9tGa7	Juanes	['colombian pop', 'latin pop', 'mexican pop', 'rock en espanol']	[2017, 2018, 2019, 2020]	10	5
1ackd5XprZEkH3McKbQD51	Juan Magán	['electro latino', 'spanish pop']	[2017, 2018, 2020]	10	10
5U5wYVqrbD6J8SK4kNhau4	Kaleb Di Masi	['cumbia 420', 'rkt']	[2021, 2022]	10	10
7tU1VKOuxiNZwBZC6RHidA	Alexis y Fido	['latin hip hop', 'reggaeton', 'trap latino', 'urbano latino']	[2017, 2018, 2019]	10	5
6jJ0s89eD6GaHleKKya26X	Katy Perry	['pop']	[2017, 2018, 2019]	10	9
3AA28KZvwAUcZuOKwyblJQ	Gorillaz	['alternative hip hop', 'modern rock', 'rock']	[2017, 2018]	10	5
0ZCO8oVkMj897cKgFH7fRW	Los Ángeles Azules	['gruperas inmortales', 'musica mexicana', 'nu-cumbia', 'ranchera', 'tropical']	[2019, 2020, 2021, 2022]	9	6
2kqUKsTuEj1lPbm6BSn1AU	Rich Music LTD	['urbano latino']	[2019, 2020, 2021]	9	9
0n6sKrG0xKAf8xmdqeNGke	Los Legendarios	[]	[2020, 2021, 2022]	9	9
1yxSLGMDHlW21z4YXirZDS	Black Eyed Peas	['dance pop', 'pop', 'pop rap']	[2019, 2020, 2021]	9	9
5RmQ8k4l3HZ8JoPb4mNsML	Agust D	['k-rap']	[2020, 2022]	9	3
1f6CQnTy4FKDgLGzp6G2Wd	Los Diablitos	['vallenato']	[2018, 2020, 2021, 2022]	9	0
6P6GTRTigHBp8ZesNtpCKH	Almighty	['reggaeton flow', 'trap latino', 'urbano latino']	[2017, 2018, 2019, 2020, 2022]	9	9
4IMAo2UQchVFyPH24PAjUs	Jowell & Randy	['reggaeton', 'urbano latino']	[2017, 2018, 2019, 2020, 2021, 2022]	9	9
1zNqQNIdeOUZHb8zbZRFMX	Swae Lee	['melodic rap', 'rap', 'trap']	[2017, 2018, 2019, 2020]	9	9
4YYxffPVDFe9XoqqbRW6Bq	L-Gante	['cumbia 420']	[2020, 2021, 2022]	9	9
26VFTg2z8YR0cCuwLzESi2	Halsey	['electropop', 'etherpop', 'indie poptimism', 'pop']	[2017, 2018, 2019, 2020, 2021]	9	6
0LyfQWJT6nXafLPZqxe9Of	Various Artists	[]	[2017, 2021, 2022]	9	1
2nszmSgqreHSdJA3zWPyrW	Luis Miguel	['bolero', 'latin pop']	[2017, 2018, 2019, 2021]	9	0
4vhNDa5ycK0ST968ek7kRr	Carlos Vives	['colombian pop', 'latin pop', 'vallenato']	[2017, 2018, 2019, 2021]	9	7
4okiIReqptfBJ5UULmWycZ	Barloe Team	[]	[2018, 2019]	9	9
69GGBxA162lTqCwzJG5jLp	The Chainsmokers	['electropop', 'pop']	[2017, 2018, 2019]	9	5
6S2OmqARrzebs0tKUEyXyp	Demi Lovato	['pop', 'post-teen pop']	[2017, 2018]	9	4
5dbaLmK5SHLLg8Z4CcTJpX	Greeicy	['colombian pop', 'latin pop', 'r&b en espanol', 'reggaeton', 'reggaeton colombiano', 'urbano latino']	[2018, 2019, 2020, 2021]	8	6
4QVBYiagIaa6ZGSPMbybpy	Pedro Capó	['latin pop', 'puerto rican pop']	[2018, 2019, 2020, 2021]	8	7
2jSGzJw0ebJLu7OLVSOcBP	Plan B	['reggaeton', 'trap latino', 'urbano latino']	[2017, 2018, 2019, 2020, 2021, 2022]	8	5
51XrH5fQP2oIQynuKxSWcW	Sky Rompiendo	['urbano latino']	[2017, 2018, 2019, 2020, 2021]	8	8
3Apb2lGmGJaBmr0TTBJvIZ	Rusherking	['trap argentino', 'trap triste']	[2020, 2021, 2022]	8	8
5Lv2GUVwqmQBPwrTrxucE5	Os Barões Da Pisadinha	['agronejo', 'arrocha', 'forro', 'piseiro', 'sertanejo universitario']	[2020, 2021, 2022]	8	5
3wyVrVrFCkukjdVIdirGVY	Lil Pump	['emo rap', 'miami hip hop', 'pop rap', 'rap', 'trap']	[2017, 2018, 2019, 2020]	8	5
4gzpq5DPGxSnKTe4SA8HAU	Coldplay	['permanent wave', 'pop']	[2017, 2018, 2019, 2020, 2021, 2022]	8	5
0dUyjgCyjfj5eMx6bX2TWf	FMK	['trap argentino', 'trap triste']	[2018, 2019, 2021, 2022]	8	7
0qTZZWLzuD59Un5r1speHm	Chris Jedi	['reggaeton', 'trap latino', 'urbano latino']	[2017, 2018, 2019, 2021]	8	8
7CajNmpbOovFoOoasH2HaY	Calvin Harris	['dance pop', 'edm', 'electro house', 'house', 'pop', 'progressive house', 'uk dance']	[2017, 2018, 2019]	8	7
6vXTefBL93Dj5IqAWq6OTv	French Montana	['hip hop', 'pop rap', 'rap', 'southern hip hop', 'trap']	[2017, 2018]	8	8
2YZyLoL8N0Wb9xBt1NhZWg	Kendrick Lamar	['conscious hip hop', 'hip hop', 'rap', 'west coast rap']	[2017, 2018]	8	7
607isqlxhVW67C1guzVjCi	Amin Martinez	['vallenato']	[2018, 2019, 2020, 2021, 2022]	7	7
0HTe9EZNu88PPSaDDOPpdq	Talento de Barrio	['cumbia paraguaya']	[2017, 2018, 2019, 2020, 2021, 2022]	7	1
01m2XZ7m7rAz6KY3scTdaV	Neo Pistea	['argentine hip hop', 'trap argentino']	[2018, 2019, 2020, 2021]	7	7
4MCBfE4596Uoi2O4DtmEMz	Juice WRLD	['chicago rap', 'melodic rap', 'rap']	[2018, 2019, 2020, 2021]	7	4
3YeBTR1Q1rUxKguz4jP6UV	Damas Gratis	['cumbia 420', 'cumbia villera']	[2018, 2019, 2020, 2021, 2022]	7	5
3p7PcrEHaaKLJnPUGOtRlT	Henrique & Juliano	['agronejo', 'arrocha', 'sertanejo', 'sertanejo universitario']	[2017, 2019, 2020, 2021]	7	0
0Q8NcsJwoCbZOHHW63su5S	Mora	['trap latino', 'urbano latino']	[2020, 2021, 2022]	7	7
5YGY8feqx7naU7z4HrwZM6	Miley Cyrus	['pop']	[2017, 2018, 2019, 2020, 2021]	7	4
64KEffDW9EtZ1y2vBYgq8T	Marshmello	['brostep', 'edm', 'pop', 'progressive electro house']	[2017, 2018, 2019, 2020]	7	6
2DlGxzQSjYe5N6G9nkYghR	Jennifer Lopez	['dance pop', 'pop', 'urban contemporary']	[2017, 2018, 2019, 2020]	7	6
2B8mbONjmLnXk4wpqF5UPQ	Los Mier	['grupera', 'gruperas inmortales', 'musica mexicana', 'norteno']	[2020, 2021, 2022]	7	0
5TYxZTjIPqKM8K8NuP9woO	C. Tangana	['urbano espanol']	[2017, 2018, 2019, 2020, 2021, 2022]	7	5
06Q5VlSAku57lFzyME3HrM	Ke Personajes	['cumbia pop']	[2021, 2022]	7	0
48HORs6F9P7IgdyKrk4MZC	Tarcísio do Acordeon	['arrocha']	[2021, 2022]	7	6
3PAwspMN27PDm81WwXDsMf	Reykon	['reggaeton', 'reggaeton colombiano', 'trap latino', 'urbano latino']	[2017, 2018, 2019]	7	4
6OpOg5HVCc8xVf7OVrd5Fk	Jerry Smith	['brega funk', 'funk carioca']	[2017, 2018, 2019]	7	5
3Isy6kedDrgPYoTS1dazA9	Sean Paul	['dance pop', 'dancehall', 'pop', 'pop rap']	[2017, 2018, 2019]	7	7
53A0W3U0s8diEn9RhXQhVz	Keane	['neo mellow', 'piano rock', 'pop rock']	[2019]	7	0
1Cs0zKBU1kc0i8ypK3B9ai	David Guetta	['big room', 'dance pop', 'edm', 'pop', 'pop dance']	[2017, 2018, 2019]	7	7
60d24wfXkVzDSfLS6hyCjZ	Martin Garrix	['dutch edm', 'edm', 'pop', 'pop dance', 'progressive house']	[2017, 2018]	7	7
1HBjj22wzbscIZ9sEb5dyf	Jonas Blue	['pop', 'pop dance', 'tropical house', 'uk dance']	[2017, 2018]	7	7
2wY79sveU1sp5g7SokKOiI	Sam Smith	['pop', 'uk pop']	[2017, 2018, 2019, 2020]	6	2
7qG3b048QCHVRO5Pv1T5lw	Enrique Iglesias	['dance pop', 'latin pop', 'mexican pop']	[2017, 2018, 2020, 2021]	6	5
5xSx2FM8mQnrfgM1QsHniB	Danna Paola	['latin pop', 'latin viral pop', 'mexican pop']	[2020, 2021]	6	5
14D0I0RYqvIorkPL2EWoQh	MC WM	['funk carioca']	[2017, 2018, 2019, 2020]	6	5
4AK6F7OLvEQ5QYCBNiQWHq	One Direction	['boy band', 'pop', 'post-teen pop', 'talent show']	[2020]	6	0
5M9Bb4adKAgrOFOhc05Y50	Pablo Alborán	['latin arena pop', 'latin pop', 'spanish pop']	[2017, 2018, 2019, 2020, 2021, 2022]	6	3
7dGJo4pcD2V6oG8kP0tJRR	Eminem	['detroit hip hop', 'hip hop', 'rap']	[2017, 2018, 2020, 2022]	6	3
14W5NzubXTLLLVF4XjtCU2	Cumbia Juan	['cumbia paraguaya']	[2019, 2020, 2021, 2022]	6	0
4puAp107dCehraE47QXVQX	C.R.O	['trap argentino', 'trap triste']	[2018, 2019, 2020, 2021, 2022]	6	6
7slfeZO9LsJbWgpkIoXBUJ	Ricky Martin	['latin pop', 'mexican pop', 'puerto rican pop']	[2017, 2018, 2019, 2020, 2021]	6	6
5GcWBUX00IPuWVGMIRK1sS	Residente	['venezuelan hip hop']	[2018, 2019, 2020, 2021, 2022]	6	4
7gZfnEnfiaHzxARJ2LeXrf	6ix9ine	['emo rap']	[2018, 2019, 2020]	6	5
5LHRHt1k9lMyONurDHEdrp	Tyga	['hip hop', 'pop rap', 'rap', 'trap']	[2018, 2019, 2020]	6	5
3Wb38LDP3N4tkobValgE9D	Juanka	['reggaeton', 'reggaeton flow', 'trap latino', 'urbano latino']	[2020, 2021, 2022]	6	6
2ydZrTy8U3kOMOzx20s3dg	DJ Nelson	['reggaeton', 'urbano latino']	[2017, 2018, 2019, 2020, 2021, 2022]	6	6
2bxxlINUlcMQQb39K7IopR	Abraham Mateo	['latin arena pop', 'latin pop', 'latin viral pop', 'reggaeton', 'spanish pop']	[2017, 2018, 2019, 2020]	6	5
0haZhu4fFKt0Ag94kZDiz2	Sofía Reyes	['latin pop', 'latin viral pop', 'mexican pop', 'reggaeton']	[2017, 2018, 2019, 2020, 2021, 2022]	6	6
1qto4hHid1P71emI6Fd8xi	Aventura	['bachata', 'bachata dominicana', 'latin hip hop', 'latin pop', 'tropical', 'urbano latino']	[2017, 2018, 2019, 2020, 2021, 2022]	6	2
5fMUXHkw8R8eOP2RNVYEZX	Diplo	['edm', 'electro house', 'moombahton', 'pop dance']	[2018, 2019, 2020]	6	6
1RyvyyTE3xzB2ZywiAwp0i	Future	['atl hip hop', 'hip hop', 'rap', 'southern hip hop', 'trap']	[2017, 2018, 2020]	6	5
1phfTBIocBW3UwqcYjaEN6	Mike Bahía	['colombian pop', 'latin pop', 'reggaeton', 'reggaeton colombiano', 'urbano latino']	[2017, 2018, 2019, 2020]	6	6
7fT2Me47PQ8T7954PKrcwR	Bhavi	['argentine hip hop', 'trap argentino', 'trap triste']	[2019, 2020, 2021]	6	6
0QHgL1lAIqAw0HtD7YldmP	DJ Khaled	['hip hop', 'miami hip hop', 'pop rap', 'rap']	[2017, 2018, 2020, 2021, 2022]	6	6
52qzWdNUp6ebjcNsvgZSiC	Evaluna Montaner	['latin viral pop', 'pop venezolano']	[2020, 2021, 2022]	6	6
0du5cEVh5yTK9QJze8zA0C	Bruno Mars	['dance pop', 'pop']	[2017, 2018, 2021]	6	2
2qWK8K2Jfh67UqtwY8tCW6	YSY A	['argentine hip hop', 'trap argentino']	[2018, 2019, 2021]	6	6
5bWUlnPx9OYKsLiUJrhCA1	Jon Z	['reggaeton', 'trap latino', 'urbano latino']	[2017, 2018, 2019, 2021]	6	5
2UMj7NCbuqy1yUZmiSYGjJ	MC Kevin o Chris	['funk 150 bpm', 'funk carioca', 'funk rj']	[2018, 2019, 2021]	6	3
1URnnhqYAYcrqrcwql10ft	21 Savage	['atl hip hop', 'hip hop', 'rap', 'trap']	[2017, 2018, 2019]	6	5
2cy1zPcrFcXAJTP0APWewL	Gente De Zona	['cubaton', 'electro latino', 'latin hip hop', 'latin pop']	[2017, 2018]	6	5
7c0XG5cIJTrrAgEC3ULPiq	Ty Dolla $ign	['hip hop', 'pop rap', 'r&b', 'southern hip hop', 'trap', 'trap soul']	[2017, 2018]	6	6
5pUo3fmmHT8bhCyHE52hA6	Liam Payne	['pop']	[2017, 2018]	6	6
1WMwuNKzEFtU6pPkdtryYS	Kendo Kaponi	[]	[2019, 2020, 2021]	5	5
4QrBoWLm2WNlPdbFhmlaUZ	KEVVO	['reggaeton', 'reggaeton flow', 'trap latino', 'urbano latino']	[2019, 2020, 2021]	5	5
2NfSBtmWe7oPw1EmetJVso	Boza	['panamanian pop', 'reggaeton', 'urbano latino']	[2020, 2021, 2022]	5	2
5yTrVUubgntK5Gxzrr3cz3	Los Verduleros	['cumbia paraguaya']	[2017, 2018, 2019, 2020, 2021, 2022]	5	0
3LKXWvXFWrkwUzJWxzwVpW	Tony Dize	['reggaeton', 'urbano latino']	[2018, 2019, 2020, 2021]	5	4
7rNbdH4pgrnwguvzxhA2Ek	Jorge Celedón	['vallenato', 'vallenato moderno']	[2020, 2021]	5	1
07YZf4WDAMNwqr4jfgOZ8y	Jason Derulo	['dance pop', 'pop']	[2017, 2018, 2019, 2020]	5	4
3jGlU8UMMo44I2xeLQ6FD3	Dalmata	['reggaeton', 'urbano latino']	[2017, 2018, 2020]	5	5
0BqURncJM5B1BBu7UM51eq	Guaynaa	['reggaeton', 'reggaeton flow', 'urbano latino']	[2019, 2020, 2021, 2022]	5	4
1GKIlPFdcewHtpDVCQ8zmJ	Brray	['reggaeton', 'reggaeton flow', 'trap latino', 'urbano latino']	[2019, 2020, 2021]	5	5
5LeiVcEnsZcwc133TUhJNW	Belinda	['latin arena pop', 'latin pop', 'mexican pop']	[2017, 2018, 2019, 2020, 2021, 2022]	5	5
66lf5bQo2BIEue1pxfgxQS	John C	['trap argentino']	[2019, 2020]	5	3
15RLdM61VHtknTIYIuNviR	Blunted Vato	['argentine hip hop', 'cumbia 420', 'trap argentino']	[2020, 2021, 2022]	5	5
2OHKEe204spO7G7NcbeO2o	Ñejo	['reggaeton', 'urbano latino']	[2017, 2018, 2019, 2020]	5	5
0RPzmE1iY76tx1eBBXFyYn	DJ Ivis	['arrocha', 'piseiro']	[2021, 2022]	5	5
5he5w2lnU9x7JFhnwcekXX	Skrillex	['brostep', 'complextro', 'edm', 'electro', 'pop dance']	[2017, 2021, 2022]	5	5
7cmuxPnXRJxwuYDHfbD8Eu	Zé Felipe	['agronejo', 'arrocha', 'arrochadeira', 'sertanejo universitario']	[2021, 2022]	5	4
4dnPDc045bVjibyATxVUOs	Marcynho Sensação	['arrocha']	[2021, 2022]	5	5
7wU2WGCJ8HxkekHHE2QLul	Fuego	['electro latino', 'rap dominicano', 'trap latino']	[2018, 2021, 2022]	5	2
4dpARuHxo51G3z768sgnrY	Adele	['british soul', 'pop', 'pop soul', 'uk pop']	[2017, 2021, 2022]	5	0
1AL2GKpmRrKXkYIcASuRFa	Wesley Safadão	['arrocha', 'forro', 'sertanejo universitario']	[2017, 2018, 2021, 2022]	5	5
5KQX0Ui06LVm6PApyicRFK	Rombai	['cumbia pop']	[2017, 2018, 2019, 2021]	5	2
5gznATMVO85ZcLTkE9ULU7	Lenny Kravitz	['permanent wave', 'rock']	[2019]	5	0
7lCRuW6BSXGAsxuQV9lR0i	Gigolo Y La Exce	['reggaeton', 'reggaeton flow', 'trap latino', 'urbano latino']	[2017, 2018, 2019]	5	5
2pQAUIesBqfT87PaM1ijtk	Trap Capos	['reggaeton', 'reggaeton flow', 'trap latino', 'urbano latino']	[2017, 2018]	5	5
2qxJFvFYMEDqd7ui6kSAcq	Zedd	['complextro', 'edm', 'german techno', 'pop', 'pop dance']	[2017, 2018]	5	5
6oMuImdp5ZcFhWP0ESe6mG	Migos	['atl hip hop', 'hip hop', 'rap', 'trap']	[2017]	5	5
77iZVjeYoYSl5P0K9mIiUE	Haze	['latin pop']	[2018, 2019, 2020]	4	4
5IaAggho4F1gWHE5REe1e8	Los Rehenes	['grupera', 'gruperas inmortales', 'musica mexicana', 'norteno']	[2019, 2020, 2021, 2022]	4	0
0H39MdGGX6dbnnQPt6NQkZ	SAINt JHN	['melodic rap', 'slap house']	[2020, 2021]	4	4
5rGrDvrLOV2VV8SCFVGWlj	Imanbek	['electro house', 'pop dance', 'slap house']	[2020, 2021]	4	4
1OB278sOZVSFx5vXqYha83	J. Rey Soul	[]	[2020]	4	4
4IG1SDlwgNKzqTmjBrvY3K	Rei	['trap argentino']	[2020, 2021, 2022]	4	4
5sUrlPAHlS9NEirDB8SEbF	Alejandro Sanz	['cantautor', 'latin arena pop', 'latin pop', 'mexican pop']	[2017, 2020]	4	4
1aWJsBQa67l72j1VT3D6Ow	Micro TDH	['trap latino', 'trap venezolano', 'urbano latino', 'venezuelan hip hop']	[2018, 2019, 2020, 2021]	4	4
2IMZYfNi21MGqxopj9fWx8	Rels B	['r&b en espanol', 'spanish hip hop', 'trap latino', 'urbano espanol', 'urbano latino']	[2020, 2021, 2022]	4	3
6Y1u9VzC9SOmr9pbUACwjg	Pipa Para Tabaco	['paraguayan rock', 'pop paraguayo']	[2017, 2018, 2019, 2020, 2021]	4	0
0XwVARXT135rw8lyw1EeWP	Christian Nodal	['mariachi', 'musica mexicana', 'nueva musica mexicana', 'ranchera']	[2019, 2020, 2021, 2022]	4	4
181bsRPaVXVlUKXrxwZfHK	Megan Thee Stallion	['houston rap', 'pop', 'rap', 'trap queen']	[2020, 2021]	4	3
7qYeIN2r4H1kBvr0Gm9Iav	Randy	['reggaeton', 'urbano latino']	[2020, 2021, 2022]	4	4
3shPgAzHMyRwWOkXeoWKeB	MC Bruninho	['batidao romantico', 'brega funk', 'brega romantico', 'funk carioca', 'pop teen brasileiro']	[2018, 2020, 2021, 2022]	4	3
6Nl4VXcX86fBMO4YE6oYfN	Asan	['trap triste']	[2020, 2021]	4	4
3yj43IXk2ADWZ9y6Q2oRMK	Japiaguar	['cumbia paraguaya', 'cumbia pop', 'paraguayan rock']	[2017, 2018, 2019, 2020, 2021, 2022]	4	1
6HqgxkTt9KGyt27zYrwVan	Super Yei	['reggaeton', 'reggaeton flow', 'urbano latino']	[2018, 2019, 2020, 2021, 2022]	4	4
7hIqJfRYGBWWT1Qxu6Cpd2	Andy Rivera	['reggaeton', 'reggaeton colombiano', 'trap latino', 'urbano latino']	[2017, 2019, 2020, 2021]	4	2
3NLDQVyI2LVtQFJt8JeAAx	Guardianes Del Amor	['grupera', 'gruperas inmortales', 'grupero romantico', 'musica mexicana', 'norteno']	[2019, 2020, 2021, 2022]	4	0
55Aa2cqylxrFIXC767Z865	Lil Wayne	['hip hop', 'new orleans rap', 'pop rap', 'rap', 'trap']	[2017, 2018, 2020]	4	4
4r63FhuTkUYltbVAg5TQnk	DaBaby	['hip hop', 'north carolina hip hop', 'rap', 'trap']	[2020, 2021]	4	4
76gTemiq6AzFV13xPA5HnW	Lees y Feer	[]	[2019, 2020]	4	4
3i8ZNeevB87dG77Df5GJZx	Lucas Cliff	[]	[2019, 2020]	4	4
3CmqbJaTL0hrMiYfY0ssiN	Los Byby's	['cumbia sonidera']	[2020, 2021, 2022]	4	0
76Xa625geVw0Q7BdyxNjA2	ZAAC	['funk carioca', 'funk ostentacao', 'funk pop']	[2017, 2018, 2019, 2020]	4	4
2biH2I1TvZlIIIc5W14oIJ	"Franco ""El Gorilla"""	['reggaeton']	[2017, 2018, 2019, 2020, 2021]	4	4
0ZED1XzwlLHW4ZaG4lOT6m	Julia Michaels	['pop']	[2017, 2020]	4	2
1anyVhU62p31KFi8MEzkbf	Chance the Rapper	['chicago rap', 'conscious hip hop', 'hip hop', 'pop rap', 'rap']	[2017, 2018, 2020]	4	4
6sq1yF0OZEWA4xoXVKW1L9	Alejandro Fernández	['latin arena pop', 'latin pop', 'mariachi', 'mexican pop', 'musica mexicana', 'ranchera']	[2017, 2018, 2019, 2020, 2021]	4	2
2Jb9jVnCpWkXtoGznFJ6bF	ECKO	['argentine hip hop', 'trap argentino']	[2020, 2021, 2022]	4	4
3m5qlPf2OkihLz3dRYnkPA	Ovy On The Drums	['colombian pop', 'reggaeton colombiano', 'urbano latino']	[2019, 2020, 2021]	4	4
7eLcDZDYHXZCebtQmVFL25	Aitana	['latin talent show', 'spanish pop']	[2018, 2019, 2021, 2022]	4	3
0AqlFI0tz2DsEoJlKSIiT9	Emilia	['pop argentino']	[2021, 2022]	4	4
6VOoiigTiLVgsMQPP1JOdC	Crissin	['reggaeton colombiano', 'urbano latino']	[2021, 2022]	4	4
5IYRfypwG9BDDh5ZRPI80z	Totoy El Frio	['reggaeton colombiano', 'urbano latino']	[2021, 2022]	4	4
5OBK3iQwjNQqElPmn4TgAE	Natan & Shander	['reggaeton colombiano', 'urbano latino']	[2021, 2022]	4	4
5Rj6rNR8zIlUUDCs1OyPmW	MYA	['pop argentino']	[2019, 2021, 2022]	4	4
77Q8RFg6cpavZLKvlmRsAy	Yung Caza	[]	[2021]	4	4
2wYOpkTJZGByNEOjEnSmoW	Revol	['reggaeton', 'reggaeton flow', 'trap latino', 'urbano latino']	[2017, 2018, 2021]	4	4
1mX1TWKpNxDSAH16LgDfiR	Jesse & Joy	['latin arena pop', 'latin pop', 'mexican pop']	[2017, 2018, 2019, 2021]	4	2
2ZXnTEyYopSLCDiz5Z0XIf	MC Kekel	['funk carioca', 'funk consciente', 'funk ostentacao', 'funk paulista']	[2017, 2018, 2019]	4	3
23wEWD21D4TPYiJugoXmYb	Thalia	['latin pop', 'mexican pop']	[2017, 2018, 2019]	4	4
4ZDoy7AWNgQVmX7T0u0B1j	No Te Va Gustar	['latin alternative', 'reggae uruguayo', 'rock en espanol', 'rock uruguayo']	[2017, 2018, 2019]	4	1
6XFITTl7cFTdopDY3lUdlY	J Alvarez	['reggaeton', 'urbano latino']	[2017, 2018, 2019]	4	2
4wLXwxDeWQ8mtUIRPxGiD6	Marc Anthony	['latin pop', 'modern salsa', 'salsa', 'tropical']	[2017, 2018, 2019]	4	4
6xlRSRMLgZbsSNd0BMobwy	DENNIS	['funk carioca', 'funk das antigas', 'sertanejo universitario']	[2017, 2018, 2019]	4	4
0TnOYISbd1XYRBk9myaseg	Pitbull	['dance pop', 'miami hip hop', 'pop']	[2017, 2018, 2019]	4	4
5CCwRZC6euC8Odo6y9X8jr	Rita Ora	['dance pop', 'pop', 'uk pop']	[2017, 2018, 2019]	4	4
0GgyFUpOyzWDRDqx8FCTDN	Baby Rasta	['reggaeton', 'trap latino', 'urbano latino']	[2017, 2018]	4	4
23fqKkggKUBHNkbKtXEls4	Kygo	['edm', 'pop', 'pop dance', 'tropical house']	[2017, 2018]	4	4
2RdwBSPQiwcmiDo9kixcl8	Pharrell Williams	['dance pop', 'pop']	[2017, 2018]	4	4
2W6kbe0nm96COrHzNmfLLd	MC Fioti	['funk carioca', 'funk ostentacao', 'funk paulista']	[2017, 2018]	4	2
64TmPY6gR7164wIueE4vo0	Os Cretinos	['funk carioca', 'funk ostentacao']	[2017, 2018]	4	2
2OnKRchqP7tT0FzTvWIFI7	Wolfine	['colombian pop', 'reggaeton', 'urbano latino']	[2017, 2018]	4	1
1l8Fu6IkuTP0U5QetQJ5Xt	Fifth Harmony	['girl group', 'pop', 'talent show']	[2017, 2018]	4	4
1o9x7ez0NvhDb7gBqrYnUj	B-Case	['pop edm']	[2017, 2018]	4	4
2oM7LqPaoCUcHHHnsTtgn1	Bonny Lovy	['cumbia boliviana', 'pop boliviano']	[2017, 2018]	4	2
77AiFEVeAVj2ORpC85QVJs	Steve Aoki	['edm', 'electro house', 'pop dance']	[2017, 2018]	4	4
3e7awlrlDSwF3iM0WBjGMp	Little Mix	['girl group', 'pop', 'talent show', 'uk pop']	[2017, 2018]	4	4
6MDME20pz9RveH9rEXvrOM	Clean Bandit	['pop', 'uk dance', 'uk funky']	[2017, 2018]	4	4
6VuMaDnrHyPL1p4EHjYLi7	Charlie Puth	['pop', 'viral pop']	[2017, 2018]	4	2
4GvEc3ANtPPjt1ZJllr5Zl	Bazzi	['pop']	[2018]	4	1
4fCRFHEQgjqakvFgQCliMp	Jacob Forever	['cubaton']	[2017, 2018]	4	3
7j4EDoy89FLUbaeJuV1gNY	Villagrán Bolaños	['paraguayan rock']	[2017]	4	2
1Hsdzj7Dlq2I7tHP7501T4	Niall Horan	['pop']	[2017]	4	0
4GAS1OgXh8D5pEA6s6eBNW	Valentino	['reggaeton']	[2017, 2018, 2019, 2020]	3	3
7IlRNXHjoOCgEAWN5qYksg	Aya Nakamura	['basshall', 'pop urbaine', 'r&b francais']	[2020, 2021]	3	2
0ebNdVaOfp6N0oZ1guIxM8	SUGA	['k-pop']	[2019, 2020, 2021]	3	3
48R2gYdPKtfnfKAzhSVPUx	Migrantes	['cumbia pop']	[2020, 2021, 2022]	3	3
7n3wAgh1j3RRbxYzfZTQDF	Alico	[]	[2020, 2021, 2022]	3	3
0KKUc4amZyvswV2YL6WTar	Mariah Angeliq	['rap latina', 'trap latino', 'urbano latino']	[2020, 2021, 2022]	3	3
3SUT1jjM5hzZj9TLfLZGIP	Tego Calderón	['latin hip hop', 'rap boricua', 'reggaeton', 'trap latino', 'urbano latino']	[2019, 2020]	3	3
4o81gV1CcJK6gge4ZhWd9r	Mc Pierre	['brega funk']	[2019, 2020, 2021]	3	3
3k7FDxixhDQYNuxOtiN7jl	Lalo Y Los Descalzos	[]	[2020, 2021, 2022]	3	0
3HH6yOn1yJNZo3RY5zEfy5	Javiielo	['reggaeton flow', 'urbano latino']	[2020, 2021]	3	1
2auC28zjQyVTsiZKNgPRGs	RM	['k-rap']	[2019, 2020, 2021]	3	3
1OBizG9nrnHJkrL9NjnWYN	Lucho SSJ	['trap argentino', 'trap chileno']	[2019, 2020, 2021]	3	3
6fWVd57NKTalqvmjRd2t8Z	24kGoldn	['cali rap']	[2020, 2021]	3	3
6ASri4ePR7RlsvIQgWPJpS	iann dior	['melodic rap']	[2020, 2021]	3	3
3hwgckfLtTHdnkf694c7HS	Kodigo	['argentine hip hop', 'bases de freestyle', 'trap argentino']	[2018, 2020]	3	3
384MqcXCGGFh9UcjI5Tpc5	Eix	['reggaeton flow', 'trap latino', 'urbano latino']	[2020, 2021, 2022]	3	3
44WCHvwXBOMz6nm7Mu2ReO	Grupo Bryndis	['banda', 'grupera', 'gruperas inmortales', 'grupero romantico', 'musica mexicana', 'norteno']	[2019, 2020, 2021, 2022]	3	0
6cC67GpmPCjQjOYLpmOGhN	Dani Ribba	['argentine hip hop', 'trap argentino']	[2019, 2020, 2021]	3	2
0NnUMWDCDi1snuMja6IdxH	Harry Nach	['trap chileno', 'urbano chileno']	[2020, 2021]	3	0
4cJD9t5QBFTUQcd3xfbOb2	Dillom	['trap argentino']	[2019, 2020, 2021]	3	2
7me0S5Z40qVWj3gzyK8aC3	Mc Livinho	['funk carioca', 'funk paulista', 'funk rj', 'sertanejo universitario']	[2017, 2018, 2019, 2020, 2021]	3	2
6wcKDqJRY3TzbcdRKo6EiE	Jone Quest	[]	[2020, 2021, 2022]	3	3
6i3DxIlAqnDkwELLw4aVrx	Lele Pons	['latin pop', 'latin viral pop', 'viral pop']	[2018, 2019, 2020, 2021]	3	2
0XK6kT7xcZAlcYrNjOgzJe	Carla Morrison	['mexican pop']	[2018, 2020]	3	2
2oT7xd9iTO2ejLsNGIMa5f	Flow La Movie	['reggaeton']	[2020, 2021, 2022]	3	3
60rpJ9SgigSd16DOAG7GSa	Billy Ray Cyrus	['country rock']	[2019, 2020]	3	3
3smfreCkyJt7bShaTYpG77	Carlos Baute	['latin pop', 'spanish pop']	[2017, 2018, 2020, 2021, 2022]	3	3
3PhoLpVuITZKcymswpck5b	Elton John	['glam rock', 'mellow gold', 'piano rock', 'rock']	[2020, 2021, 2022]	3	3
7yjRUA0Iz3VI4Kqa5oPJZK	Jd Pantoja	['latin viral pop', 'reggaeton mexicano', 'urbano mexicano']	[2019, 2020]	3	3
2XcZshqzPKm3iZcmt73R8D	Pablo Chill-E	['trap chileno', 'urbano chileno', 'urbano latino']	[2020, 2021]	3	3
506ODEgvTEnKMmAx6xqeDO	Olimpia Rey de Copas	[]	[2018, 2019, 2020, 2021]	3	0
7kXCcNRLEnblbTAppPraBp	Milly	['urbano latino']	[2019, 2020, 2021]	3	3
2BvV4u6AUwFCrAriUIo9Sm	DJ Gege	[]	[2019, 2020, 2021, 2022]	3	3
48vP5SxlTO6yOI7SLKIOQV	Obie Wanshot	['trap argentino']	[2019, 2020, 2021]	3	3
7gOdHgIoIKoe4i9Tta6qdD	Jonas Brothers	['boy band', 'pop']	[2019, 2020]	3	1
7ygNQCdpQWW7iSWAxDhvhI	DJ Alex	['cumbia 420']	[2019, 2020, 2021, 2022]	3	1
5CiGnKThu5ctn9pBxv7DGa	benny blanco	['pop']	[2018, 2019, 2020]	3	3
37BIBvfliXJpSgn10yQUJM	Mr. Naisgai	[]	[2021, 2022]	3	3
2zWqENF4cnsd1nLmraG9IE	DJ Lucas Beat	['agronejo']	[2021, 2022]	3	3
7MiDcPa6UiV3In7lIM71IN	Gusttavo Lima	['agronejo', 'arrocha', 'sertanejo', 'sertanejo universitario']	[2018, 2021, 2022]	3	0
7j6DKwmjbxvpQO8h914uEz	Ryan Castro	['reggaeton', 'trap colombiano', 'trap latino', 'urbano latino']	[2021, 2022]	3	1
59jlthNnbmim5l9tmNA7se	Maiara & Maraisa	['sertanejo', 'sertanejo universitario']	[2021, 2022]	3	3
5L1lO4eRHmJ7a0Q6csE5cT	LISA	['k-pop']	[2021, 2022]	3	1
1etNnR2SdlelBQAICa2Q5m	Mc Pedrinho	['funk carioca', 'funk mtg', 'funk paulista']	[2018, 2021, 2022]	3	3
3PZTvUS5fUUhV3EKAjqdZk	Mc Danny	['rave funk']	[2021, 2022]	3	3
6chaMXZHKjdCkKlWyi1KLB	Tropical Florida	[]	[2021, 2022]	3	1
5xIOUIBQhGFX7HIj8lhdyU	Omar Varela	['gaming dubstep']	[2017, 2018, 2019, 2022]	3	3
3YbOSxo85kla7RID8ugnW3	Los Temerarios	['grupera', 'musica mexicana', 'ranchera']	[2021, 2022]	3	0
42cc22xiuvWzjmFHSKwwwv	Locura Mix	['cumbia 420', 'previa', 'rkt']	[2021, 2022]	3	3
2o5jDhtHVPhrJdv3cEQ99Z	Tiësto	['big room', 'brostep', 'dutch edm', 'edm', 'house', 'pop dance', 'slap house', 'trance']	[2018, 2021, 2022]	3	2
1qoJTYkRvsRJMTOxnUnpNW	Papichamp	['cumbia pop']	[2021, 2022]	3	3
5XUp43SjeL84EDkWoCG3qR	Bruno LC	['cumbia 420', 'rkt']	[2021, 2022]	3	3
1LIuN7ov1IBQDdLsU83ojl	Hugo & Guilherme	['agronejo', 'arrocha', 'sertanejo universitario']	[2021, 2022]	3	1
1TA5sGRlKUJXBN4ZyJuDIX	Blessd	['reggaeton', 'urbano latino']	[2021, 2022]	3	3
1b7AEdUSudOQoZF5ebUxCL	Humbe	['monterrey indie', 'urbano mexicano']	[2021]	3	0
6KBhywwNM5dStjqjHeNndc	Jc La Nevula	['dominican pop', 'trap dominicano']	[2021]	3	2
1U1el3k54VvEUzo3ybLPlM	Kali Uchis	['colombian pop']	[2021]	3	2
7cYik4OyfBXYV5Z2TI7p90	Farina	['colombian pop', 'rap latina', 'reggaeton colombiano', 'trap latino', 'urbano latino']	[2021]	3	3
7Lmrb6KcIzfkmgbtokjsAL	Mc Don Juan	['arrocha', 'batidao romantico', 'funk carioca', 'funk paulista']	[2017, 2018, 2021]	3	2
0NGAZxHanS9e0iNHpR8f2W	Alok	['electro house', 'pop nacional', 'sertanejo universitario', 'slap house']	[2017, 2018, 2021]	3	3
4D2d63igYEdzhzFnxrSow7	Frijo	['argentine hip hop', 'trap argentino']	[2018, 2019]	3	3
3rIZMv9rysU7JkLzEaC5Jp	Snow Patrol	['irish rock', 'modern rock', 'neo mellow', 'permanent wave', 'pop rock']	[2018, 2019]	3	0
5fJsY7afrbsyzJj9wdzJMh	"Tito ""El Bambino"""	['latin hip hop', 'reggaeton', 'urbano latino']	[2017, 2018, 2019]	3	1
2Q4r4Epfaaho06ONTHx7OS	MC's Jhowzinho & Kadinho	['brega funk', 'funk carioca']	[2017, 2018, 2019]	3	1
4xRYI6VqpkE3UwrDrAZL8L	Logic	['conscious hip hop', 'hip hop', 'pop rap', 'rap']	[2017, 2018, 2019]	3	3
5lFhCi03HDneWzvCxGctrT	Jory Boy	['reggaeton', 'trap latino', 'urbano latino']	[2017, 2018, 2019]	3	3
7vk5e3vY1uw9plTHJAMwjN	Alan Walker	['electro house']	[2017, 2018, 2019]	3	1
7rOlQwf8OuFLFQp4aydjBt	Paloma Mami	['latin pop', 'reggaeton chileno', 'trap chileno']	[2019]	3	1
00FQb4jTyendYWaN8pK0wa	Lana Del Rey	['art pop', 'pop']	[2017, 2019]	3	2
50co4Is1HCEo8bhOyUWKpn	Young Thug	['atl hip hop', 'atl trap', 'gangster rap', 'melodic rap', 'rap', 'trap']	[2017, 2018, 2019]	3	3
64M6ah0SkkRsnPGtGiRAbb	Bebe Rexha	['dance pop', 'pop']	[2017, 2019]	3	3
0ZHPrnImGh4re3TbSNkoZl	Beret	['spanish hip hop', 'spanish pop']	[2018, 2019]	3	2
431Pb5EV8KsCBGTw96ZTQ4	Dj Kass	['chilean hardcore']	[2018]	3	0
6LjdKBMnP1Da8Oe6WhrN56	Aldair Playboy	['batidao romantico', 'brega funk', 'brega romantico', 'forro de favela', 'funk carioca']	[2017, 2018]	3	0
1B0Rp4SWGnFgGCPU5Pju6E	Nego do Borel	['funk carioca', 'funk das antigas', 'funk ostentacao', 'funk pop', 'sertanejo universitario']	[2017, 2018]	3	3
3ECsaSd1fom8coUUkkFzqt	Jeon	['ritmo kombina']	[2018]	3	3
3Nipsl6GVwwGyeAk0J29C6	MC G15	['funk carioca', 'funk mtg', 'funk ostentacao', 'funk paulista', 'sertanejo universitario']	[2017, 2018]	3	1
3fMbdgg4jU18AjLCKBhRSm	Michael Jackson	['r&b', 'soul']	[2018]	3	2
4DdkRBBYG6Yk9Ka8tdJ9BW	Offset	['atl hip hop', 'rap', 'trap']	[2018]	3	3
3HPOnbuwLP2qlwWQ7cgxYW	Xantos	['reggaeton']	[2017, 2018]	3	3
7oCLjINIMWifuknBBsg3CO	Dynell	[]	[2017, 2018]	3	3
6tdM5Njlln7nWkonCppW0u	MC Loma e As Gêmeas Lacração	['brega funk', 'funk carioca']	[2018]	3	2
3JhNCzhSMTxs9WLGJJxWOY	Macklemore	['pop rap', 'seattle hip hop']	[2017, 2018]	3	3
4O15NlyKLIASxsJ0PrXPfz	Lil Uzi Vert	['melodic rap', 'philly rap', 'rage rap', 'rap', 'trap']	[2017, 2018]	3	1
0OROVBEZCocg0FcgJpyBse	Alex Sensation	['reggaeton']	[2017, 2018]	3	3
4RSyJzf7ef6Iu2rnLdabNq	Willy William	[]	[2017, 2018]	3	3
5p7f24Rk5HkUZsaS3BLG5F	Hailee Steinfeld	['pop']	[2017, 2018]	3	3
1okJ4NC308qbtY9LyHn6DO	BloodPop®	['electropop']	[2017, 2018]	3	3
4lDBihdpMlOalxy1jkUbPl	Grey	[]	[2017, 2018]	3	3
5exS0bytCYdixgv02DaCm3	William Singe	[]	[2017]	3	3
4tZwfgrHOc3mvqYlEYSvVi	Daft Punk	['electro', 'filter house', 'rock']	[2017]	3	3
4ryoUS0W8qXokfMxrlJt6O	Skip Marley	['modern reggae']	[2017]	3	3
13y7CgLHjMVRMDqxdx0Xdo	Gucci Mane	['atl hip hop', 'dirty south rap', 'hip hop', 'pop rap', 'rap', 'southern hip hop', 'trap']	[2017]	3	3
2wUjUUtkb5lvLKcGKsKqsR	Alessia Cara	['canadian contemporary r&b', 'canadian pop', 'pop']	[2017]	3	2
5pKCCKE2ajJHZ9KAiaK11H	Rihanna	['barbadian pop', 'pop', 'urban contemporary']	[2017]	3	3
1hcdI2N1023RvSwLzTtdsp	Natalia Lafourcade	['latin alternative', 'latin pop', 'mexican pop', 'rock en espanol', 'veracruz indie']	[2019, 2020, 2021, 2022]	2	1
7K78lVZ8XzkjfRSI7570FF	José Feliciano	['latin pop', 'puerto rican pop']	[2017, 2018, 2019, 2020, 2021]	2	0
1Pvcsw46EYSQKIa5TRrfGj	Marcos Menchaca	['mexican pop']	[2019, 2020, 2021]	2	0
6ZiADXvihvsYB0hCyHPbg1	Néstor Ló y Los Caminantes	['folklore paraguayo', 'polca paraguaya']	[2018, 2019, 2020, 2021, 2022]	2	0
6ZtLRqHEkAXPWVw0eRbDac	Jeeiph	['trap latino', 'trap venezolano', 'urbano latino']	[2020, 2021]	2	0
235Vf4hkmwvxjVEMuCbRxm	Rodrigo	['argentine rock', 'cuarteto', 'cumbia villera']	[2018, 2019, 2020, 2021, 2022]	2	0
4Gso3d4CscCijv0lmajZWs	Don Toliver	['rap', 'trap']	[2020]	2	1
3291CCSyTY0umdaKwGbjdV	Bohemia Urbana	['cumbia paraguaya', 'paraguayan rock']	[2019, 2020, 2021, 2022]	2	0
56mfhUDKa1vec6rSLZV5Eg	Jawsh 685	['nz pop']	[2020]	2	2
6mkRgafSHF30Dr2wEch4YU	ONIRIA	['trap argentino']	[2020]	2	2
7edrtXagYn0nCFOwQp8AS1	Viru Kumbieron	['cumbia pop', 'cumbia villera']	[2018, 2019, 2020, 2021]	2	2
7A02nc5WKMBLqSKXxGZ4o8	Llane	['reggaeton colombiano']	[2020]	2	2
1i2sOJlmgkWrWx28rB17Bd	Los inquietos del vallenato	['vallenato']	[2020, 2021, 2022]	2	0
1ykothWH0xl8drRyJWuw7I	Ñejo & Dalmata	['reggaeton', 'urbano latino']	[2017, 2018, 2019, 2020, 2021, 2022]	2	0
1WsYCXdezMjn0KoIrLvMmC	Ed Sheeran & Justin Bieber	[]	[2019, 2020]	2	2
1QivQCLVipV61DiQiyV14A	Kim Loaiza	['latin viral pop', 'reggaeton mexicano', 'urbano mexicano']	[2020]	2	1
7uaIm6Pw7xplS8Dy06V6pT	Trevor Daniel	['melodic rap']	[2019, 2020]	2	0
757aE44tKEUQEqRuT6GnEB	Roddy Ricch	['melodic rap', 'rap', 'trap']	[2020]	2	1
7JUrzhlbrVUNBlCMhcMXHz	Danna Meza	['pop paraguayo']	[2017, 2020]	2	2
7arK8QUX7X61NIkChn9no2	Horacio Palencia	['banda', 'musica mexicana', 'norteno', 'nueva musica mexicana']	[2019, 2020, 2021, 2022]	2	2
4VsbQvC84B8Z3IsBY1HLQy	La Factoria	[]	[2020, 2021]	2	2
7gR53ad9JjCweCv4f9MWEX	Eddy Lover	['panamanian pop', 'reggaeton']	[2020, 2021]	2	2
2iI5KWXLjw1tqLQsdjuo0e	Chael Produciendo	['dembow dominicano']	[2020, 2021]	2	2
38EmEgXkgK51MT2tPY0EoC	Bobby Helms	[]	[2018, 2019, 2020, 2021]	2	0
2raERfjzsdnUUQeZSge5eZ	Sammy	[]	[2018, 2019, 2020, 2021, 2022]	2	2
2U4caDhaqjDdjVg9Uyp0bp	Escucha!	['cumbia villera']	[2020, 2021, 2022]	2	0
5wbf52LA6kcaboHSN6NEF1	PEDRO SAMPAIO	['funk carioca', 'funk rj']	[2020, 2022]	2	2
7C7NNCiIFavKH6oDarjp0v	JS o Mão de Ouro	['arrocha', 'brega funk']	[2020]	2	2
3bvfu2KAve4lPHrhEFDZna	Lola Indigo	['spanish pop']	[2020, 2021]	2	2
1YdO9GJZicIofAYHnFZSwv	Sergi	[]	[2020, 2021]	2	2
3MG0nEhYET2TCkegY1QBP6	KID FLEX	['peruvian hip hop']	[2020, 2021]	2	2
5f7VJjfbwm532GiveGC0ZK	Lil Baby	['atl hip hop', 'atl trap', 'rap', 'trap']	[2019, 2020]	2	2
5BwGhYFDQSAfXkSSFGAPkC	LaNuestra	['paraguayan rock', 'pop paraguayo']	[2017, 2018, 2020]	2	2
29VZg25BCCYGJklcaKs7h7	Chirola	[]	[2017, 2018, 2020]	2	2
6RtpeKo8M8Ma1sADlQgI3U	La De Roberto	['paraguayan rock', 'pop paraguayo']	[2017, 2018, 2019, 2020, 2021]	2	0
4C29ETLBPmYKYwtJUepbJz	Seven Kayne	['argentine hip hop', 'trap argentino', 'trap latino', 'trap triste']	[2020, 2021]	2	2
5GoQnKXa3FaHyMFUzLkNmf	Cerro Porteño	[]	[2020, 2021]	2	0
0AdjzZxHJ4MfbImx2rD0Df	Pj Sin Suela	['puerto rican rock', 'reggae en espanol']	[2018, 2019, 2020]	2	2
0odliLZMTk45CEVzF3Zocl	Mozart La Para	['dembow', 'rap dominicano']	[2018, 2020]	2	2
4TAoP0f9OuWZUesao43xUW	Mr Eazi	['afrobeats', 'afropop', 'azontobeats', 'ghanaian hip hop', 'nigerian pop', 'swedish dancehall']	[2019, 2020]	2	2
2QUvtLq6oQaX0LNsYY2fas	Cauty	['reggaeton', 'reggaeton flow', 'trap latino', 'urbano latino']	[2018, 2019, 2020, 2021]	2	2
4QFG9KrGWEbr6hNA58CAqE	Aleman	['mexican hip hop', 'trap mexicano']	[2019, 2020]	2	2
0yNSzH5nZmHzeE2xn6Xshb	Calle 13	['latin afrobeat', 'latin alternative', 'latin hip hop', 'puerto rican rock', 'rap conciencia', 'reggaeton', 'rock en espanol']	[2019, 2020]	2	0
1qBjaneNSXBteutRVWFsgG	Banda Santa Fe	['cumbia paraguaya']	[2020]	2	0
45CYEQIVD1Al0co9LLtklO	Tico El Imigrante	[]	[2017, 2018, 2019, 2020, 2021]	2	2
1Z7q2glJYLsPpPoPIgBjdE	Papu DJ	['cumbia 420', 'rkt']	[2020, 2021, 2022]	2	2
4GNC7GD6oZMSxPGyXy4MNB	Lewis Capaldi	['pop', 'uk pop']	[2020, 2021]	2	0
2TQ4CGgxxCWHqa9yYIGDoU	Big Soto	['trap latino', 'trap venezolano', 'urbano latino', 'venezuelan hip hop']	[2020, 2021]	2	2
6p2442ymrT9lZEuCZJdYcH	Ivy Queen	['latin hip hop', 'rap latina', 'reggaeton', 'trap latino', 'urbano latino']	[2020, 2021]	2	2
7bXgB6jMjp9ATFy66eO08Z	Chris Brown	['r&b', 'rap']	[2017, 2018, 2019, 2020, 2021, 2022]	2	2
6nte0u7VUdEGSNJHOOLtRm	Bronco	[]	[2019, 2020, 2021, 2022]	2	1
4bODqflR0Wo3i3fCwwCIPq	Lenny Santos	[]	[2020, 2021]	2	2
5IbUz6BcOu6IVY512oxavP	Niño de Elche	['spanish pop']	[2020, 2021]	2	2
7xtnpHS34mLlxGZDVUBHSU	La Húngara	['pop flamenco', 'rumba', 'spanish pop', 'spanish pop rock']	[2020, 2021]	2	2
3uZFBSsMiooimnprFL9jD1	Snow	['canadian old school hip hop', 'reggae fusion']	[2019, 2020]	2	2
00CMSJdbf36zOzKB3z8JrR	Victor Cardenas	[]	[2019, 2020, 2021, 2022]	2	2
3YXV0Ed1NtUyaR9WJF2JID	Chili Fernandez	[]	[2017, 2018, 2019, 2020, 2021, 2022]	2	0
29b16XDtyMXDrfo2hZ69wf	ADSO	['trap latino', 'trap venezolano', 'urbano latino', 'venezuelan hip hop']	[2020, 2021]	2	0
0vRvGUQVUjytro0xpb26bs	Arizona Zervas	['pop rap', 'rhode island rap']	[2019, 2020]	2	0
6n28c9qs9hNGriNa72b26u	PNAU	['alternative dance', 'aussietronica', 'australian dance', 'australian electropop']	[2021, 2022]	2	2
4VVEpEhC8NcR7AqNEds42U	Chimbala	['dembow', 'rap dominicano']	[2021, 2022]	2	2
2hejA1Dkf8v8R0koF44FvW	Gera MX	['mexican hip hop', 'rap conciencia']	[2021, 2022]	2	2
3JgxYKorIJ2z5QIRSCsfMw	Jorge Acosta	['folklore paraguayo']	[2021, 2022]	2	0
5CA5IqbsFr4hpNLdjgO0BU	DJ Tao	['cumbia 420']	[2021, 2022]	2	2
5kfMU816qY0ujqEt3xIHqR	DT.Bilardo	['cumbia 420']	[2021, 2022]	2	2
3WMlRpW5JWuDI95TcEWt3r	Salastkbron	['pop argentino']	[2021, 2022]	2	0
0BHm7qbh3ENxvXzkQAG7MP	Mari Fernandez	['agronejo', 'arrocha', 'arrochadeira']	[2021, 2022]	2	1
52iwsT98xCoGgiGntTiR7K	Quevedo	['rap canario', 'trap latino', 'urbano latino']	[2022]	2	2
62Hped8KMeSwPABlhpcqst	Vitinho Ferrari	['batidao romantico']	[2018, 2021, 2022]	2	2
1NdfaQNOGvEdXntHKo9a7R	Dj DG	[]	[2018, 2021, 2022]	2	2
5JNJDtyiFwY74t1uZx0N3Y	Batidão Stronda	[]	[2018, 2021, 2022]	2	2
0lAWpj5szCSwM4rUMHYmrr	Måneskin	['indie rock italiano', 'italian pop', 'pop']	[2021, 2022]	2	0
3qvcCP2J0fWi0m0uQDUf6r	Luan Santana	['arrocha', 'sertanejo', 'sertanejo universitario']	[2019, 2021, 2022]	2	1
2HPaUgqeutzr3jx5a9WyDV	PARTYNEXTDOOR	['r&b', 'rap', 'toronto rap', 'urban contemporary']	[2017, 2022]	2	2
3O7Jq6B3vnDo7piWU6gLUE	Lima	[]	[2022]	2	0
3FlCKtwOEYQQYyGVEbxG2Z	George Henrique & Rodrigo	['agronejo', 'arrocha', 'sertanejo', 'sertanejo pop', 'sertanejo universitario']	[2021, 2022]	2	2
6U3ybJ9UHNKEdsH7ktGBZ7	JID	['hip hop', 'rap', 'underground hip hop']	[2021, 2022]	2	2
57nPqD7z62gDdq37US9XJR	Arcane	[]	[2021, 2022]	2	2
47mIJdHORyRerp4os813jD	League of Legends	['speedrun', 'video game music']	[2021, 2022]	2	2
2LIk90788K0zvyj2JJVwkJ	Jack Harlow	['deep underground hip hop', 'kentucky hip hop', 'pop rap', 'rap']	[2021, 2022]	2	2
2tIP7SsRs7vjIcLrU85W8J	The Kid LAROI	['australian hip hop']	[2021, 2022]	2	2
6oMRQ5H3A2XA5I3RG3leni	Alan Gomez	['cumbia 420']	[2021, 2022]	2	2
6PERJZF7wohA034PAxDK0b	Neo Beats	['trap brasileiro']	[2021, 2022]	2	2
3TJGVUkSJzk5ZPixMFczZX	Vitor Fernandes	['arrocha']	[2021, 2022]	2	1
2dEjLtjgTsWfw5itGqF97f	Tropical Caribe	['cumbia paraguaya', 'grupera']	[2021, 2022]	2	0
38epWdyauFwdRkldqUMfWE	Chucky73	['trap dominicano', 'trap latino']	[2021]	2	2
048LktY5zMnakWq7PTtFrz	CKay	['afro r&b', 'afrobeats']	[2021]	2	1
1oSgjdbgLYULVmEBojPRw8	Fernando & Sorocaba	['agronejo', 'arrocha', 'sertanejo', 'sertanejo pop', 'sertanejo universitario']	[2021]	2	2
3Mh1fBv8JR5AhW6INfwiTl	Yamila Ruiz	[]	[2021]	2	1
1uU7g3DNSbsu0QjSEqZtEd	Masked Wolf	['australian hip hop']	[2021]	2	0
2IKdK6PbitvCiXt1t2bPU6	Mesita	['rap uruguayo']	[2021]	2	2
41QLxRXlc2NwfJZkHGHKid	Israel & Rodolffo	['agronejo', 'arrocha', 'sertanejo', 'sertanejo universitario']	[2021]	2	1
4fxd5Ee7UefO4CUXgwJ7IP	Giveon	['r&b']	[2021]	2	1
3eVa5w3URK5duf6eyVDbu9	ROSÉ	['k-pop']	[2021]	2	0
21UPYSRWFKwtqvSAnFnSvS	Amaarae	['afro r&b', 'afrobeats', 'alternative r&b', 'ghanaian alternative', 'ghanaian pop']	[2021]	2	2
2hVWBpjLW4Q7fboYz2pVYK	Moliy	['ghanaian alternative']	[2021]	2	2
43DRDu6nLSeIedZ7T1A616	Xand Avião	['arrocha', 'forro de favela', 'funk carioca']	[2021]	2	2
163tK9Wjr9P9DmM0AVK7lm	Lorde	['art pop', 'metropopolis', 'nz pop', 'pop']	[2017, 2021]	2	0
05i5DIXDf4Ai4NEPEi3uBZ	Atomic Otro Way	['dembow', 'rap dominicano']	[2021]	2	2
1cYhx7ZOhYoVmnDPb9KMwo	Mc Davi	['funk carioca', 'funk paulista']	[2018, 2021]	2	2
5UN0rzL594mWY2RbOtZqIN	Ptazeta	['rap canario']	[2021]	2	2
3CLzGEm4DCOh5ouaMm6mZs	El Villanord	[]	[2021]	2	2
4ncaw2cfA3Wlly1tBD2eWt	Yailin la Mas Viral	['dembow', 'dembow dominicano']	[2021]	2	2
5iDqEobZRSTiBSAk6jLp4A	Oscu	['trap argentino']	[2019, 2021]	2	2
1fXCGECRsxOUDi7tj3hifF	Hot Plug Beats	[]	[2019]	2	2
4z19QMyPVRwbd4Fs2LisBa	Darkiel	['reggaeton', 'reggaeton flow', 'trap latino', 'urbano latino']	[2017, 2018, 2019]	2	2
2TjgzYcbTdsZjbT9OItIeB	"Héctor ""El Father"""	['reggaeton', 'urbano latino']	[2018, 2019]	2	2
7waNCUQ1Ne7OoNHgqpgMZ7	Luis Figueroa	[]	[2018, 2019]	2	2
0FDJB5xf8i09jDjIg1qNED	Carlitos Rossy	['reggaeton', 'reggaeton flow', 'trap latino', 'urbano latino']	[2017, 2018, 2019]	2	1
3OhUwA1syjRoS0WdUL0ATz	Guayna	[]	[2019]	2	0
2cWZOOzeOm4WmBJRnD5R7I	Normani	['pop', 'r&b']	[2018, 2019]	2	2
4jthJGVVXY7PUVXUvI56Ny	DJ Cassula	[]	[2017, 2018, 2019]	2	2
0tvACMjTDrW7HCo4F2wiIb	DJ RD	[]	[2018, 2019]	2	2
3jFjgKOGfVLWfXX8q5wrsg	R.K.M & Ken-Y	['reggaeton']	[2018, 2019]	2	2
6SGvRyZuaSuWmP6IWUKpGf	Kenny Man	['panamanian pop']	[2018, 2019]	2	1
1Xylc3o4UrD53lo9CvFvVg	Zara Larsson	['pop', 'scandipop', 'swedish electropop', 'swedish pop']	[2017, 2019]	2	2
7okwEbXzyT2VffBmyQBWLz	Maná	['latin arena pop', 'latin pop', 'latin rock', 'mexican pop', 'mexican rock', 'rock en espanol']	[2017, 2019]	2	2
5bzWtCkjIAMgN93gLt56SO	Tropkillaz	['afrofuturismo brasileiro', 'bass trap', 'funk carioca', 'pop nacional']	[2017, 2018, 2019]	2	2
0MInKJqZscEeNc5K3K0mkE	Simone & Simaria	['pop nacional', 'sertanejo', 'sertanejo universitario']	[2018, 2019]	2	2
3WQ1s2QFvL6crxBvrVhwzj	Gabriel Diniz	['forro', 'sertanejo', 'sertanejo pop', 'sertanejo universitario']	[2019]	2	0
41qil2VaGbD194gaEcmmyx	Will Smith	['hip hop', 'pop rap']	[2018, 2019]	2	2
6OO01j5rLKCyPg4i3FuzIT	Árbol	['argentine rock']	[2017, 2018, 2019]	2	0
5gOJTI4TusSENizxhcG7jB	David Bisbal	['latin arena pop', 'latin pop', 'spanish pop', 'spanish pop rock']	[2018, 2019]	2	2
1vrahybrKylgwkjhbmOz94	Yera	['colombian pop', 'reggaeton colombiano']	[2019]	2	2
1AX2dEEjWXPvaI9l75XGcO	Alex R.	[]	[2019]	2	1
0AspLZGQkP38yddNoD0pLn	Mario Bautista	['latin viral pop', 'mexican pop', 'reggaeton mexicano']	[2017, 2018, 2019]	2	1
1akovilveREPmx1E535jJU	Trapical	[]	[2018, 2019]	2	2
6x87eYql5aUn7gBRe1KEKb	Chapa C	['folklore paraguayo']	[2017, 2018, 2019]	2	0
3hv9jJF3adDNsBSIQDqcjp	Mark Ronson	['pop soul']	[2018, 2019]	2	2
6eYFryfcEu3QSq59D62wZQ	Brendon Urie	[]	[2019]	2	2
3OxZ4asD88P1lJJmLcXz4K	Márcia Fellipe	[]	[2018, 2019]	2	2
1zNqDE7qDGCsyzJwohVaoX	Anne-Marie	['pop']	[2017, 2018, 2019]	2	2
5Rl15oVamLq7FbSb0NNBNy	5 Seconds of Summer	['boy band', 'pop']	[2018]	2	0
4A0TivfinfALCAMJqqjZIk	Funk Wav	[]	[2017, 2018]	2	2
3gTZHK9u10mTyoEoT9tJaE	Lean Trap	[]	[2018]	2	0
6BeO1KuAWBqFriL1mLHtNc	Leslie Grace	['bachata', 'latin viral pop']	[2018]	2	2
22P1OY4TRFRwhP0q29loQ8	Lali	['argentine telepop', 'pop argentino']	[2018]	2	2
5y2Xq6xcjJb2jVM54GHK3t	John Legend	['neo soul', 'pop', 'pop soul', 'urban contemporary']	[2017, 2018]	2	0
2urF8dgLVfDjunO0pcHUEe	Alvaro Soler	['latin pop']	[2018]	2	1
7K9rdoOJSiKXoVXPlSkGKT	Paty Cantú	['latin arena pop', 'latin pop', 'mexican pop']	[2017, 2018]	2	2
3ATyg4fGC9F8trfb0GRWmX	Joey Montana	['latin pop', 'reggaeton', 'urbano latino']	[2017, 2018]	2	2
79DSCFvlXAsjytJCUMZ4tb	Mueva Records	[]	[2018]	2	2
3OcvS8PzSGYMBvLdzY6g3e	Silvestre Dangond	['colombian pop', 'vallenato', 'vallenato moderno']	[2017, 2018]	2	2
2kCcBybjl3SAtIcwdWpUe3	Lil Peep	['cloud rap', 'emo rap', 'lgbtq+ hip hop']	[2018]	2	2
6vWDO969PvNqNYHIOW5v0m	Beyoncé	['pop', 'r&b']	[2017, 2018]	2	2
0IsDyC7yhWO36zl3qlFzGH	Don Khuma	[]	[2018]	2	0
5oOyEfGd8NxAKA41zGQhoj	Snova	[]	[2017, 2018]	2	2
00VnRQuhdfjkeaXeDu5dlW	Anuel	[]	[2018]	2	2
5ZsFI1h6hIdQRw2ti0hz81	ZAYN	['pop', 'uk pop']	[2017, 2018]	2	2
4SzD0wClEg9NKVJZbCRFqS	Ele A El Dominio	['reggaeton', 'reggaeton flow', 'trap boricua', 'trap latino', 'urbano latino']	[2018]	2	2
5sWHDYs0csV6RS48xBl0tH	Two Feet	['indie poptimism', 'modern rock']	[2018]	2	0
0zZJhc1T0zBurhnBwQ2fcu	Mark B.	['dembow', 'rap dominicano']	[2017, 2018]	2	2
2Z0lRIqr997lIUiPtrpKCr	Matheus & Kauan	['agronejo', 'arrocha', 'pop nacional', 'sertanejo', 'sertanejo universitario']	[2017, 2018]	2	2
7t0rwkOPGlDPEhaOcVtOt9	The Cranberries	['irish rock', 'pop rock', 'rock']	[2018]	2	0
2feDdbD5araYcm6JhFHHw7	Labrinth	['indie poptimism', 'pop']	[2018]	2	2
6IZ4ctovY9dl7bgHClAvKJ	LSD	[]	[2018]	2	2
4AVFqumd2ogHFlRbKIjp1t	Alesso	['dance pop', 'edm', 'electro house', 'pop', 'pop dance', 'progressive electro house']	[2017, 2018]	2	2
5R3Hr2cnCCjt220Jmt2xLf	Dillon Francis	['brostep', 'edm', 'electro house', 'moombahton', 'pop dance', 'progressive electro house', 'slap house']	[2018]	2	2
2ExGrw6XpbtUAJHTLtUXUD	Stefflon Don	['dancehall', 'dancehall queen', 'uk dancehall', 'uk hip hop']	[2017, 2018]	2	2
6WY7D3jk8zTrHtmkqqo5GI	Maren Morris	['classic texas country', 'contemporary country']	[2018]	2	2
7An4yvF7hDYDolN4m5zKBp	Soda Stereo	['argentine rock', 'latin alternative', 'latin rock', 'post-punk argentina', 'rock en espanol', 'ska argentino']	[2017, 2018]	2	0
4zTLrRqcBmj7ZDuLUrKBL1	Yashua	['r&b en espanol']	[2018]	2	0
02kJSzxNuaWGqwubyUba0Z	G-Eazy	['indie pop rap', 'oakland hip hop', 'pop rap', 'rap']	[2017, 2018]	2	2
3nFkdlSjzX9mRTtwJOzDYB	JAY-Z	['east coast hip hop', 'gangster rap', 'hip hop', 'pop rap', 'rap']	[2017, 2018]	2	2
5EvFsr3kj42KNv97ZEnqij	Shaggy	['dance pop', 'pop rap', 'reggae fusion']	[2017]	2	2
7DMveApC7UnC2NPfPvlHSU	Cheat Codes	['edm', 'pop', 'pop dance']	[2017]	2	2
2h93pZq0e7k5yf4dywlkpM	Frank Ocean	['lgbtq+ hip hop', 'neo soul']	[2017]	2	2
5iNrZmtVMtYev5M9yoWpEq	Seeb	['pop dance']	[2017]	2	2
6veh5zbFpm31XsPdjBgPER	BIA	['rap latina', 'trap queen']	[2017]	2	2
4kYGAK2zu9EAomwj3hXkXy	JP Cooper	['uk pop']	[2017]	2	2
2ziB7fzrXBoh1HUPS6sVFn	Audioslave	['alternative metal', 'alternative rock', 'grunge', 'hard rock', 'nu metal', 'permanent wave', 'post-grunge', 'rock', 'supergroup']	[2017]	2	0
4Esb8jfP35nF3O85C0jgKC	Gadiel	['reggaeton']	[2017]	2	2
2XnBwblw31dfGnspMIwgWz	Axwell /\ Ingrosso	['edm', 'pop dance', 'progressive electro house']	[2017]	2	0
4utLUGcTvOJFr6aqIJtYWV	Skylar Grey	['piano rock', 'viral pop']	[2017]	2	2
5sK8BsvyDl4TFA6KaBf8or	Charly Black	['dancehall', 'jamaican dancehall']	[2017]	2	1
5Y5TRrQiqgUO4S36tzjIRZ	Timbaland	['dance pop', 'pop', 'pop rap']	[2017]	2	2
7pFeBzX627ff0VnN6bxPR4	Desiigner	['pop rap', 'rap', 'southern hip hop', 'trap', 'viral trap']	[2017]	2	1
6tzRZ39aZlNqlUzQlkuhDV	Pabllo Vittar	['dance pop', 'funk carioca', 'funk pop', 'pop lgbtq+ brasileira', 'pop nacional']	[2017]	2	2
57WHJIHrjOE3iAxpihhMnp	Louis Tomlinson	['pop']	[2017]	2	2
3MTvJWmzEwclZX64GKpCJG	BIGPP	[]	[2020]	1	0
3HqSLMAZ3g3d5poNaI7GOU	IU	['k-pop', 'pop']	[2020]	1	1
1rnidq3lBwLWYzOUONW14p	MC LEO	['pop paraguayo', 'rap paraguayo']	[2020]	1	0
0Y30TbA4p8SAfCzy2AFBa8	Yaviah	['latin hip hop', 'reggaeton']	[2020, 2022]	1	1
7hJcb9fa4alzcOq3EaNPoG	Snoop Dogg	['g funk', 'gangster rap', 'hip hop', 'pop rap', 'rap', 'west coast rap']	[2019, 2020]	1	1
6pJPxDgaE0H343SrASnY9J	Yesan 雪山	[]	[2020]	1	1
7MP4jhYmFEgb0AtiOkw55s	Play-N-Skillz	['chicano rap']	[2020]	1	1
1oMiDFyAgmIzw9ZBQYHOJI	El Guincho	['deep latin alternative', 'musica canaria']	[2019, 2020]	1	1
48nIO59mzn0UWSrh73T43N	MANU OLIVA	[]	[2020]	1	1
00w9sdZ78mWArooTmiSTld	Umberto Tozzi	['classic italian pop', 'italian adult pop']	[2020]	1	0
6SgDJ5tNao1Wa1qWroxqz0	Nibal	['pop venezolano']	[2020]	1	1
0u6GtibW46tFX7koQ6uNJZ	Topic	['german dance', 'pop dance', 'pop edm', 'uk dance']	[2020]	1	1
5Wg2b4Mp42gicxEeDNawf7	A7S	['pop dance', 'scandipop', 'uk dance']	[2020]	1	1
4h6Eg0dBZ4Fr8vRcSn8r5r	Sharo Towers	[]	[2019, 2020]	1	1
6USMTwO0MNDnKte5a5h0xx	Y2K	['pop rap', 'viral rap']	[2019, 2020]	1	1
41X1TR6hrK8Q2ZCpp2EqCz	bbno$	['canadian hip hop', 'dark trap', 'meme rap']	[2019, 2020]	1	1
28NFZuZbEm7yzMpv1q1Rb7	Grupo Mojado	['banda', 'grupera', 'gruperas inmortales', 'musica mexicana', 'musica tamaulipeca', 'norteno']	[2019, 2020, 2021, 2022]	1	0
6MPCFvOQv5cIGfw3jODMF0	Internet Money	['pop rap']	[2020]	1	1
2hlmm7s2ICUX0LVIhVFlZQ	Gunna	['atl hip hop', 'melodic rap', 'rap', 'trap']	[2020]	1	1
7rkW85dBwwrJtlHRDkJDAC	NAV	['canadian hip hop', 'canadian trap', 'melodic rap', 'rap', 'toronto rap', 'trap']	[2020]	1	1
4fILEHnYOJmHI2Z1VhuWLZ	La Banda De Lechuga	['cumbia villera']	[2020, 2021]	1	1
4Fr8ee9ec47r9fC8SqiO8z	Kevo DJ	['cumbia 420', 'previa']	[2020, 2021]	1	1
6tkyhGe9hGI3Lcfo4gVh6Z	ChocQuibTown	['colombian hip hop', 'colombian pop', 'latin alternative', 'reggaeton colombiano', 'salsa choke']	[2019, 2020]	1	1
2Eo4Yaukt9d6dnZrY5hQKi	Ciro y los Persas	['argentine rock']	[2019, 2020]	1	0
3O5HD95HTEPgoPFOjAb7yV	DripReport	['viral rap']	[2020]	1	0
7gfKT4TWYXAFn9zxDqvbaX	Proceres De Mayo	[]	[2020, 2021]	1	0
4LEiUm1SRbFMgfqnQTwUbQ	Bon Iver	['chamber pop', 'eau claire indie', 'indie folk', 'melancholia', 'modern rock']	[2020]	1	1
7HSeegdmjLYRJpkOYIaZIW	El Reja	['cumbia pop', 'cumbia villera']	[2020, 2021]	1	1
1kyy6AW7C6Rr2jrYwz95Gi	Lira	['cumbia pop']	[2020, 2021]	1	1
4EAV5xJot3hs1RICAsxSHA	El Viejo Marquez	['cumbia villera']	[2019, 2020]	1	1
4exLIFE8sISLr28sqG1qNX	Travis Barker	['rap rock']	[2020]	1	1
7nCFUyJyEVRBo3ZXVdocyZ	Alex Manga	['vallenato moderno']	[2020, 2021]	1	0
5ImkeVBlU11axX5QwOWg12	Black Jonas Point	['dembow', 'rap dominicano', 'trap dominicano']	[2020]	1	1
37UACiDcdzEYii0iU0QpAf	"Secreto ""El Famoso Biberon"""	['dembow', 'rap dominicano']	[2020]	1	1
3oOJYwLB8FGSKYOQ5zx7Kk	Liro Shaq	['dembow', 'rap dominicano']	[2020]	1	1
3XGlCtII7O0K0SvCwAj0Wx	Qmbia Juan	['cumbia paraguaya']	[2020, 2021, 2022]	1	0
0jaakjO6cMB5cJLeoa5aV2	Los Fantastikos	[]	[2020]	1	1
1vVHevk2PD45epYnDi9CCc	Jack Stauber	['hypnagogic pop', 'pittsburgh indie', 'pov: indie']	[2019, 2020]	1	0
4ETSs924pXMzjIeD6E9b4u	Surfaces	['bedroom soul']	[2020]	1	0
7M83IzPXGA4ClZJ5reW2Ro	Douglas & Vinicius	['arrocha', 'sertanejo pop']	[2020, 2021]	1	1
0fFgT6tqYswF6TozhqaEJF	Lion Music	['raspe']	[2019, 2020]	1	0
7n20wi37wBgwQbqabzrMTB	El Monchi Papa	['cumbia paraguaya']	[2020, 2021, 2022]	1	0
5NGO30tJxFlKixkPSgXcFE	The Police	['album rock', 'classic rock', 'permanent wave', 'rock']	[2019, 2020, 2021]	1	0
7f02bxFbZIOVdSbYRNYvLT	Jerry Di	['cubaton', 'pop venezolano', 'trap latino', 'urbano latino']	[2020, 2021]	1	0
7IpAtAvam3PDKIKb2AHZMm	Evar	[]	[2020, 2021]	1	1
35LNTTL43rux1FShMlkT7W	Omar Varela	[]	[2020, 2021]	1	1
4yfN6I5gIxbvuSCWEgM3SW	Mama Santa	[]	[2019, 2020, 2021, 2022]	1	1
0UbJJayomun8CvZKCPH9j3	Luíza & Maurílio	['arrocha', 'sertanejo pop', 'sertanejo universitario']	[2020]	1	1
5xd2Tg7Zo8755eCy8Gxkp8	Ha*Ash	['latin arena pop', 'latin pop', 'mexican pop']	[2019, 2020]	1	1
7bmYpVgQub656uNTu6qGNQ	Hwa Sa	['k-pop', 'korean talent show']	[2020]	1	1
4ofCBoyEiGSePFAG500xev	Regard	['pop dance', 'pop edm', 'slap house', 'uk dance']	[2020]	1	0
1OY65G9NJJHsSt1lGLZU6q	NiiHWA	[]	[2020]	1	1
22jNvLBrXGKr4CcV2tw8Ag	Jonas Esticado	['arrocha']	[2020, 2021]	1	0
4Uc8Dsxct0oMqx0P6i60ea	Conan Gray	['bedroom pop', 'pop', 'pov: indie']	[2020, 2021]	1	0
77qukKzmdI5BeMBR7WGUrN	Aaron Smith	['chicago house']	[2018, 2019, 2020]	1	1
17TFSnqADESRM8BPSaM5aB	Krono	[]	[2018, 2019, 2020]	1	1
6dqohi36avY0M9urnyhITr	Luvli	[]	[2018, 2019, 2020]	1	1
16Juw2gfa9IxEL3Vu69cH7	Yaga & Mackie	['reggaeton']	[2020, 2021]	1	1
2Cra8I2P4OnMkVguqZRVwi	Felipe Original	['arrochadeira', 'brega funk']	[2020]	1	1
1mux8L6xg2Cmrc7k0wQczl	Bacilos	['colombian pop', 'latin alternative', 'latin pop', 'rock en espanol']	[2018, 2019, 2020, 2021]	1	0
2OhUNb01gLwygOizYvTm0e	Big One	['trap argentino']	[2020]	1	1
3d2n85YLj0M861ScqWEhmC	Mathew	['trap boricua']	[2020]	1	1
23TFHmajVfBtlRx5MXqgoz	Sfera Ebbasta	['italian hip hop', 'italian pop', 'trap italiana', 'trap latino']	[2020, 2021]	1	1
63yrD80RY3RNEM2YDpUpO8	Melanie Martinez	['alt z', 'electropop', 'pop']	[2020]	1	0
37zUz0gjTaNCWTOymnuWGG	Jambao	['cuarteto', 'cumbia villera']	[2020, 2021, 2022]	1	0
2to8xMgnoxHCXPF7eWJPvg	Nestor En Bloque	['cuarteto', 'cumbia 420', 'cumbia paraguaya', 'cumbia pop', 'cumbia villera']	[2020, 2021, 2022]	1	0
3hcs9uc56yIGFCSy9leWe7	Lil Durk	['chicago drill', 'chicago rap', 'drill', 'hip hop', 'rap', 'trap']	[2020]	1	1
1bqxdqvUtPWZri43cKHac8	MAX	['viral pop']	[2020]	1	1
2JsDK87cAxuUlz4L4izU7A	Evlay	[]	[2020]	1	1
73sIBHcqh3Z3NyqHKZ7FOL	Childish Gambino	['atl hip hop', 'hip hop', 'rap']	[2018, 2020]	1	0
76whng5pl9msPkkjFUtWYn	Tempo	['reggaeton', 'trap latino', 'urbano latino']	[2020, 2021]	1	1
0eDvMgVFoNV3TpwtrVCoTj	Pop Smoke	['brooklyn drill', 'rap']	[2020]	1	1
4NEThNYJ3WyNcJWcmpjq88	Ir Sais	['basshall', 'ritmo kombina']	[2020, 2021]	1	1
6WPObl7LHD8pWAPPi3yPoP	MC Luuh	[]	[2020, 2021]	1	1
6ONwLtT6vOzlO3pfZNAOMw	Paris Boy	[]	[2020]	1	0
1sLot73qJ4Vbh4nPuwzvj9	Salamandra	['paraguayan rock']	[2020, 2021]	1	0
3HrbmsYpKjWH1lzhad7alj	Los Auténticos Decadentes	['argentine rock', 'latin alternative', 'latin rock', 'rock en espanol', 'ska argentino']	[2019, 2020]	1	0
3uKiTiDNyvbeVE5zlM4Zlj	Jimmy Zambrano	[]	[2020]	1	1
7zY0DMisq1oYXvNNgGwHBY	Juanfran	['pop reggaeton', 'urbano espanol']	[2020]	1	0
6fBjnfeYEU3VFuQl8RPrp8	Samuray	['banda', 'grupera', 'gruperas inmortales', 'grupero romantico', 'musica mexicana', 'norteno']	[2019, 2020, 2021, 2022]	1	0
7EQ0qTo7fWT7DPxmxtSYEc	Bastille	['metropopolis', 'modern rock', 'pop']	[2018, 2019, 2020]	1	1
6bmlMHgSheBauioMgKv2tn	Powfu	['sad lo-fi', 'sad rap']	[2020]	1	1
35l9BRT7MXmM8bv2WDQiyB	beabadoobee	['bedroom pop', 'bubblegrunge', 'indie pop', 'pov: indie']	[2020]	1	1
368rTiMKMrz3b03az6B14w	Marta Sánchez	['latin pop', 'spanish pop']	[2020, 2021, 2022]	1	1
5TphiK6LsT4X5NOZxq3NJB	Trio Vegabajeño	['musica jibara', 'puerto rican folk']	[2020]	1	0
5lpH0xAS4fVfLkACg9DAuM	Wham!	['new romantic', 'new wave', 'new wave pop', 'soft rock']	[2017, 2018, 2019, 2020, 2021]	1	0
2Bof5crSbhfBwf2pHNjPlw	El Dipy	['cuarteto', 'cumbia pop', 'cumbia villera']	[2020, 2021]	1	0
2RON3ZWvFVAHpiJA74KNHj	La Exce	[]	[2019, 2020]	1	1
3dtkct6MUrKfxCUWLgnGAD	Vin Diesel	[]	[2020]	1	1
1lmU3giNF3CSbkVSQmLpHQ	Surf Mesa	[]	[2020]	1	1
4ArPQ1Opcksbbf3CPwEjWE	Emilee	['social media pop']	[2020]	1	1
6HWumjoLO58NYInUHk9565	El Vega	['pop reggaeton']	[2019, 2020]	1	0
6vPXtLmNd3mW0dd1Rb9eQ9	Don Patricio	['rap canario', 'urbano espanol']	[2020]	1	1
3TKCdsX8yNNoiC1gesn6or	RONNY J	['melodic rap', 'miami hip hop']	[2020]	1	1
5SulO4l40qDuV9zUGLZx7n	Capo Plaza	['italian hip hop', 'italian pop', 'trap italiana']	[2020]	1	1
3tAICgiSR5PfYY4B8qsoAU	Andrés Calamaro	['argentine rock', 'cantautor', 'latin alternative', 'latin rock', 'pop argentino', 'rock en espanol']	[2018, 2019, 2020, 2021, 2022]	1	0
0h1zs4CTlU9D2QtgPxptUD	Ricardo Arjona	['cantautor', 'latin arena pop', 'latin pop']	[2019, 2020, 2021, 2022]	1	1
0K9pSmFx0kWESA9jqx8aCW	Gaby Moreno	['guatemalan pop', 'latinx alternative', 'rock chapin']	[2019, 2020, 2021, 2022]	1	1
66W9LaWS0DPdL7Sz8iYGYe	JP Saxe	['alt z', 'canadian contemporary r&b', 'singer-songwriter pop']	[2020]	1	1
4iHNK0tOyZPYnBU7nGAgpQ	Mariah Carey	['dance pop', 'pop', 'urban contemporary']	[2017, 2018, 2019, 2020, 2021]	1	0
1A8aoDrchH5aefQYBCfpLv	Gabriela	[]	[2020]	1	1
5zctI4wO9XSKS8XwcnqEHk	Lil Mosey	['melodic rap', 'rap conscient']	[2020]	1	0
4s6Xg38sbqh4xpf4OqhVUK	iZaak	['reggaeton flow', 'trap latino', 'urbano latino']	[2020, 2021]	1	1
5AmJYBIvICxss43P05MkU8	La Ross Maria	['dominican pop']	[2020]	1	0
0daugAjUgbJSqdlyYNwIbT	Vicetone	['edm', 'electro house', 'pop dance', 'progressive electro house']	[2020]	1	1
2jpQ0ywffgVHhZFQNWaWYW	Tony Igy	['russian dance']	[2020]	1	1
1LMyTeRhjaitILs98h3MaF	Jósean Log	['mexican indie']	[2019, 2020]	1	0
2NjfBq1NflQcKSeiDooVjY	Tones And I	['australian pop']	[2019, 2020, 2021]	1	0
0f6U482Lbo91QNqNFH4Tat	Nesi	['trap latino', 'urbano latino']	[2020]	1	1
2yGXs7AlyNVetlMvwsFXGk	Muerejoven	['trap argentino']	[2020]	1	1
3aQeKQSyrW4qWr35idm0cy	T-Pain	['dance pop', 'gangster rap', 'hip hop', 'pop rap', 'r&b', 'rap', 'southern hip hop', 'trap', 'urban contemporary']	[2017, 2018, 2019, 2020, 2021, 2022]	1	1
4nHQ8aSEmbYpjIsgs7CmnB	Killatonez	['reggaeton flow']	[2020, 2021]	1	1
19ufHMEaPSvoM3iIVk8sTR	Omar Geles	['vallenato']	[2020]	1	0
0Cp8WN4V8Tu4QJQwCN5Md4	BENEE	['alt z', 'nz pop']	[2020]	1	1
6sHCvZe1PHrOAuYlwTLNH4	Gus Dapperton	['bedroom pop', 'indie poptimism', 'pov: indie']	[2020]	1	1
0xRXCcSX89eobfrshSVdyu	MEDUZA	['pop dance', 'pop house', 'uk dance']	[2020]	1	1
4EPJlUEBy49EX1wuFOvtjK	Becky Hill	['pop dance', 'pop house', 'uk dance', 'uk pop']	[2020]	1	1
2nm38smINjms1LtczR0Cei	Goodboys	['pop dance', 'uk dance']	[2020]	1	1
3ZJxEmjYZd5VOqZ8o3aXiL	ABRA	['alternative r&b']	[2020, 2021]	1	1
3wsYquQ9CiMlYG54BUR2ff	ZARAMAY	['argentine hip hop']	[2020]	1	1
1BL6GqNelzfXpMcZRI3jwW	Tropical Caribe De Los Hnos Loera	['pop paraguayo']	[2020, 2021]	1	0
16kOCiqZ1auY4sokSeZuKf	Los Bukis	['grupera', 'gruperas inmortales', 'musica mexicana']	[2018, 2019, 2020, 2021]	1	0
6H70hylNqfc86Omz8GoyDB	Tobi	['trap argentino', 'trap triste']	[2020, 2021]	1	1
4uoz4FUMvpeyGClFTTDBsD	Ricardo Montaner	['latin pop']	[2020]	1	1
2CZXBNQi0AcQUVeYVexnc7	Noa - Noa	['cumbia villera']	[2019, 2020, 2021]	1	0
3VHAySZQPlfGlNLslzXYpN	NATHY PELUSO	['r&b en espanol', 'rap latina']	[2020, 2021]	1	1
1aw0Cdl1DIrtUrUA6fGbAR	Dread Mar I	['argentine reggae', 'rock en espanol']	[2020, 2021]	1	1
4oZolC0sCwCAKqsNXfRlVS	The La Planta	['cumbia pop']	[2020, 2021]	1	1
3RBwlm5DeZ9ywEknLEqIzr	Nestor En Bloque	[]	[2020, 2021]	1	1
4SgKWjM7cJDCh2aY9H4HZf	Marka Akme	['cumbia pop', 'cumbia villera']	[2020, 2021]	1	1
6Oa7dtz85WbPv9pYDcRSDN	MOMO	[]	[2020, 2021]	1	1
1l6UgL5G16tId4qoYH8qJn	Pushi	[]	[2020, 2021]	1	1
2TWBei99x2tV70bdYbWdAf	Dayvi	['circuit', 'guaracha']	[2019, 2020]	1	1
0cCNT5RyWndpS7Zx7ISEDw	Kelly Ruíz	['guaracha']	[2019, 2020]	1	1
0yApzRdrUqTGqX9MULdnmV	Thiaguinho MT	['brega funk', 'funk carioca']	[2020]	1	1
606eWexxNhc6Mj0RuCxMA9	Mila	['arrochadeira', 'brega funk']	[2020]	1	1
4frBEXn8nhWzOVwfCSpuYB	Fer Palacio	['pop argentino', 'rkt']	[2020, 2021, 2022]	1	1
6cH6fFLynkDD94hGNqacHV	Santiago Saez	['pop argentino']	[2020, 2021, 2022]	1	1
5QzDzXfXC5lepOBeQXBiVO	Marciano Cantero	[]	[2019, 2020, 2021, 2022]	1	1
71FfEgML4GAokNHmW1GKPF	Sammy	[]	[2020, 2021]	1	1
7iXYHQPYLQSz3b3hbPJpk3	Towy	[]	[2020, 2021]	1	1
2pG0eQLB8CbmmWWmjJi4yd	Osquel	['reggaeton flow', 'trap latino']	[2020, 2021]	1	1
6TOKWuw816UU34AE4MCZqr	Beltito	[]	[2020, 2021]	1	1
6AT27ojKlBuZToFIGwQZDc	Sammy & Falsetto	['reggaeton', 'reggaeton flow', 'urbano latino']	[2020, 2021]	1	1
0WnP62TjkFfRrt52yE8zcX	Lucas Sugo	['canto popular uruguayo', 'cumbia pop', 'cumbia uruguaya']	[2019, 2020, 2021, 2022]	1	0
4qIVPF0s71ZYW3qzhu5GkF	Kina	['sad lo-fi']	[2019, 2020]	1	1
5fSVkkuijRIpxuvSqysYiP	Snøw	['sad lo-fi', 'sad rap']	[2019, 2020]	1	1
2mzbm2cwDrAgc9zxcXvfC1	XOVOX	[]	[2020]	1	1
2PaZWGu5T5nHjY2xxAkFsT	THE SCOTTS	['viral rap']	[2020]	1	1
0fA0VVWsXO9YnASrzqfmYu	Kid Cudi	['hip hop', 'ohio hip hop', 'pop rap', 'rap']	[2020]	1	1
03Yb3iBy9GCifXiATEFcit	Pepe Aguilar	['latin talent show', 'mariachi', 'musica mexicana', 'ranchera']	[2019, 2020, 2021, 2022]	1	1
5lODCkFdEtpPn3YxfmyLfT	Armando Manzanero	['bolero', 'cancion melodica', 'latin pop', 'musica yucateca', 'velha guarda']	[2020]	1	1
5FQ8tBUtIamA2hRtatrYUF	Marc Seguí	['spanish pop']	[2021, 2022]	1	1
1aMt4A5jrQHxDYyC7rXgV0	Pol Granch	['spanish pop']	[2021, 2022]	1	1
1poWksyUHxANlcdBLPhsV9	Los Charros	['cuarteto', 'cumbia villera']	[2022]	1	0
6TLwD7HPWuiOzvXEa3oCNe	Oliver Tree	['alternative hip hop']	[2021, 2022]	1	0
1FDT0PZnOcCFOEClMFLLsS	Paula Guilherme	['pop teen brasileiro']	[2022]	1	1
7mQa3XflwD72PWFe55CjWt	Los Roller's	['folklore paraguayo']	[2021, 2022]	1	0
4W9DRj47G1VNujHs8GqndY	Grupo Toppaz De Reynaldo Flores	['grupera', 'gruperas inmortales']	[2021, 2022]	1	0
0W2GTHZvmVrIbQReJ9L0EJ	Marita	[]	[2021, 2022]	1	1
2VSHKHBTiXWplO8lxcnUC9	GAYLE	['modern alternative pop']	[2021, 2022]	1	0
0rjms710nwQTdrQheXHJfz	Standly	['urbano chileno']	[2022]	1	1
5RnwLXlnWPF57yzdmUnnvP	El Barto	['reggaeton chileno', 'urbano chileno']	[2022]	1	1
7kaC28XGoTp1ViSZAA0iuX	Jossef	['reggaeton', 'urbano latino']	[2021, 2022]	1	1
128ftF9X7Kd7Di2fq3wYVs	Jamby El Favo	['reggaeton', 'trap latino', 'urbano latino']	[2021, 2022]	1	1
1M1s4ofh9rBEBWhyYsXAcn	El Mas Ladron	['cumbia 420']	[2021, 2022]	1	1
7CSpCpNGTK9589bTi44SzE	BANDIDO	['concurso de talentos argentino']	[2021, 2022]	1	1
6QrQ7OrISRYIfS5mtacaw2	Jaymes Young	['indie poptimism']	[2022]	1	0
0guw2RGoUqaWKpoCY5DzWY	MC Levin	['funk carioca', 'funk mtg']	[2021, 2022]	1	1
23buF7CmOZll8oQveAvsut	DJ Nikolas Alves Exclusive	[]	[2021, 2022]	1	1
1aQbanZ6xPrOtTYtsMdm3Q	DJ Kaioken	[]	[2021, 2022]	1	1
3whgFbrRxsOmYVrq3t4hCY	Paulo Pires	['arrocha', 'arrochadeira', 'piseiro']	[2021, 2022]	1	1
1SiLK8gdECx2iEm2SSj0Bl	Ak4:20	['urbano chileno', 'urbano latino']	[2021, 2022]	1	1
2MUXvv3lFulPYMUCtNrEBu	DJ Patrick Muniz	['deboxe', 'funk mandelao', 'funk mtg', 'funk viral']	[2021, 2022]	1	1
6akRUh5g0XiVQaZj6U23fd	Dj Olliver	[]	[2021, 2022]	1	1
6bmZfABIjvLMAMYwujdjFy	Mc Topre	['deboxe', 'funk 150 bpm', 'funk mtg']	[2021, 2022]	1	1
6ZiGAU6TJQEyidFQ22eIOS	Mc Rennan	['deboxe', 'funk mtg', 'rave funk']	[2021, 2022]	1	1
1sxekzjeHJaqkZbpaaGR9x	Los Acosta	['banda', 'grupera', 'musica mexicana', 'norteno']	[2022]	1	0
0IEzMvarfVycBJAXjjEZOL	La Pantera	['rap canario']	[2022]	1	1
5kgDdP7a4TsvkF08gpJGX0	Juseph	[]	[2022]	1	1
2D8UzkIVdg1bj0Iqz6gjk0	Abhir Hathi	['urbano espanol']	[2022]	1	1
0adJG3bdFTHCkTY28NkY4u	Bejo	['rap canario', 'spanish hip hop', 'urbano espanol']	[2022]	1	1
0jeYkqwckGJoHQhhXwgzk3	Cruz Cafuné	['rap canario', 'spanish hip hop', 'urbano espanol']	[2022]	1	1
00vsUIEaNHw6qoQnh8DQM2	EL IMA	[]	[2022]	1	1
7c53ZFyajVMTo08HmvoB6b	zzoilo	[]	[2021, 2022]	1	1
1Cd373x8qzC7SNUg5IToqp	BoyWithUke	['sad rap']	[2021, 2022]	1	0
2QWIScpFDNxmS6ZEMIUvgm	Julieta Venegas	['latin alternative', 'latin pop', 'latin rock', 'rock en espanol']	[2021, 2022]	1	1
6ZvYYrrfpb1Z7kICDyxWQE	DEKKO	['reggaeton colombiano', 'urbano latino']	[2022]	1	0
3JfbHWZ07sSBjbojTU2hAt	Dj Adoni	['dembow dominicano']	[2021, 2022]	1	1
1Uz4WPsI4VylKT6lhJiDO5	Paco Barrón y sus Norteños Clan	['norteno']	[2021, 2022]	1	0
4KDxYlnGZEiS60pAnfZf4W	Avine Vinny	['arrocha']	[2021, 2022]	1	1
37mqXU98U5GmH5ZDtlHM1c	Matheus Fernandes	['arrocha']	[2021, 2022]	1	1
4KPkl90SSF2y1VYNt7dmba	Mandingo	['grupera', 'gruperas inmortales']	[2021, 2022]	1	0
4pnp4w9g30yLfVIAFnZMRd	ACRAZE	['pop dance', 'tech house']	[2021, 2022]	1	1
1c70yCa8sRgIiQxl3HOEFo	Cherish	['atl hip hop', 'girl group', 'hip pop', 'r&b', 'southern hip hop', 'urban contemporary']	[2021, 2022]	1	1
6GRwwWAtmusrgAL5JF9Dfr	Callejero Fino	['rkt']	[2022]	1	1
2ZrxREKeIiJA6aQxa44ZzB	Pusho DJ	['cumbia 420']	[2022]	1	1
39TshGQ7RY8nYrhILYRT1S	Linton	[]	[2022]	1	1
1DniCdCPIT1pk1uot0paBR	Bronco El Gigante de America	['banda', 'grupera', 'musica mexicana', 'norteno']	[2021, 2022]	1	0
7z8b1bQhJLtJYr3xd9jTsK	Grupo Flash	['grupera', 'gruperas inmortales', 'musica coahuilense']	[2021, 2022]	1	0
3DcetUpTt4LDBcfK4kAU8h	Corazon Colombiano	['cumbia sonidera']	[2021, 2022]	1	0
77SW9BnxLY8rJ0RciFqkHh	The Neighbourhood	['modern alternative rock', 'modern rock', 'pop', 'pov: indie']	[2021, 2022]	1	0
1gJdf4Yybu4X5A2xYV3NMV	Eden Muñoz	['corrido', 'nueva musica mexicana', 'sierreno']	[2022]	1	0
67lytN32YpUxiSeWlKfHJ3	Yung Lean	['cloud rap', 'psychedelic hip hop', 'underground hip hop']	[2022]	1	0
4yvcSjfu4PC0CYQyLy4wSq	Glass Animals	['gauze pop', 'indietronica', 'modern rock', 'pov: indie', 'shiver pop']	[2021, 2022]	1	0
5am6JZ05n3QyqYMyD9CgSn	Dan Ventura	['arrocha']	[2021, 2022]	1	0
6HaGTQPmzraVmaVxvz6EUc	Jung Kook	['k-pop']	[2022]	1	0
3yJUTkFm88TiJPLhLHKumn	Rayito Colombiano	['cumbia sonidera', 'musica mexicana', 'norteno', 'ranchera', 'tropical']	[2021, 2022]	1	0
00YglmekVqqlHbv8N8erfv	Grupo Pegasso	['grupera', 'gruperas inmortales', 'norteno']	[2021, 2022]	1	0
1edseOzmoKjzS0PijF7b0G	MC Kaique da VP	['funk viral']	[2021, 2022]	1	1
2zxmK0IJ2irkaF1XnUFmc4	DJ SKYPE	['deboxe']	[2021, 2022]	1	1
4HJnsUVBubdKJ2aV0sr48u	Ape Drums	[]	[2021, 2022]	1	1
4P0LGc8P3PhXCH29S5bU5p	Purahei Soul	['folklore paraguayo', 'paraguayan indie', 'pop paraguayo']	[2021, 2022]	1	0
3JSSjGYcIkgsrz7892CelT	Ed Maverick	['chihuahua indie', 'indie triste', 'mexican indie']	[2021, 2022]	1	0
4I40qR0RmdYmHV9rDxCQla	Andy El Unico	['cumbia paraguaya', 'pop paraguayo']	[2021, 2022]	1	0
5J7rXWjtn5HzUkJ4Jet8Fr	Alvaro Diaz	['trap boricua', 'urbano latino']	[2022]	1	1
5YwzDz4RJfTiMHS4tdR5Lf	Xamã	['brazilian hip hop', 'trap brasileiro']	[2022]	1	1
0nzfP49X2nrzmmkwZf180L	Gustah	[]	[2022]	1	1
2450WxbFxHjnttFAv31zGk	Bagua Records	['pop rap brasileiro']	[2022]	1	1
4zsQwns4bhsKDSFe5mLuiU	Grupo Azteka	[]	[2021, 2022]	1	0
62YF0FglEltB3CnVIjoko8	Ingratax	['concurso de talentos argentino', 'urbano mexicano']	[2021, 2022]	1	0
1Yj5Xey7kTwvZla8sqdsdE	Cris Mj	['mambo chileno', 'urbano chileno']	[2022]	1	0
26cMerAxjx9GedFt0lMDjm	Bella Poarch	['modern alternative pop']	[2021]	1	0
2UGqLkLUByrbH1P7d9ThUo	Falke 912	['rap uruguayo']	[2021]	1	1
0hTIUVxnnD2s3AyWucXixv	Rodrigo & Ravel	['sertanejo pop']	[2021]	1	0
3k68C6mNMJL6OaAdWeW2ZF	Diego & Victor Hugo	['arrocha', 'sertanejo', 'sertanejo universitario']	[2021]	1	1
5JXhkyafynxCvxtov7C1PV	Bruno & Marrone	['sertanejo', 'sertanejo universitario']	[2021]	1	1
1OnaDJeU2PxDBZZFkzkvZl	Anderson & Vei da Pisadinha	['arrochadeira', 'piseiro']	[2021]	1	0
13WuVZguTRvJub257oaNyy	Los Albirrojos	[]	[2021]	1	0
2WgfkM8S11vg4kxLgDY3F5	StarBoi3	['viral rap']	[2021]	1	1
2p4aN0Uxkk3iT3HK0cJ2cJ	Tokischa	['rap latina', 'trap dominicano']	[2021]	1	1
4U7lXyKdSf1JbM1aXvsodC	La Oreja de Van Gogh	['latin arena pop', 'latin pop', 'mexican pop', 'spanish pop', 'spanish pop rock']	[2021]	1	0
3KW9unoBlpwKfzIWT8w2rJ	"Jeannpy ""La Voz Asesina"""	[]	[2021]	1	0
3fll16LLw6kdDxWzSpJPEQ	Malu	['arrocha']	[2021]	1	1
5wUO3A6DT4tO5UDz21kE2Y	Neutro Shorty	['trap latino', 'trap venezolano', 'urbano latino', 'venezuelan hip hop']	[2021]	1	1
2Xi0zO1N71Ff9KymMs93YX	LA YOUNG	[]	[2021]	1	0
1VPmR4DJC1PlOtd0IADAO0	$uicideboy$	['cloud rap', 'dark trap', 'new orleans rap', 'underground hip hop']	[2021]	1	0
7iTLGcddv1bOPirdYJjKVy	Dj Yo!	[]	[2021]	1	1
5fUXK5m3BNwoRgTyKq8tnz	AX'EL	[]	[2021]	1	1
6gLW5LlLEXdtWaS0EWfzaJ	Jorge	['sertanejo universitario']	[2021]	1	1
26ySWzeJU0Z7k3PIS1oMsB	Chencho	[]	[2021]	1	0
5eIRbSES1yeGSBuqZ4xvuD	Pekeño 77	['rap uruguayo']	[2021]	1	1
1iblTHYdU8q8t8nH4sHl8A	Franux BB	['rap uruguayo']	[2021]	1	1
6C5H5G8EN1hu9N1wtOF5Wb	44 Kid	['rap uruguayo']	[2021]	1	1
1ljNTY4uIBecRJmy69UNWt	Don Chezina	['reggaeton']	[2021]	1	1
20wkVLutqVOYrc0kxFs7rA	Daniel Caesar	['canadian contemporary r&b']	[2021]	1	1
218Wn80Mgd5qjWijhMlthf	La Comadre	[]	[2021]	1	1
4o0NtnL2m0lzZmEdRas1qv	Ovi	['corrido', 'corridos tumbados', 'sad sierreno', 'trap latino', 'urbano latino']	[2021]	1	1
6hJnrA58ELi64NP1TDyzQG	Nake	['urbano espanol']	[2021]	1	1
0ThxHJx0ElqLD8h2Compyq	WE$T DUBAI	['urbano espanol']	[2021]	1	1
3qiQUUvazYmo7tBgQeb2rf	Moonkey	['drill espanol', 'urbano espanol']	[2021]	1	1
4az97MtWmBQ5Db3GfDh9j9	Morad	['drill espanol', 'urbano espanol']	[2021]	1	1
37MCoi4pcUf9EKsPXeuCqU	Tan Bionica	['argentine rock', 'argentine telepop']	[2021]	1	0
7brp6tw46l8Xxbp9ETxRHj	Freddy Perez	[]	[2021]	1	0
4EcIU574ksr6mC1GMEOe0p	Midel	['argentine hip hop', 'trap argentino']	[2021]	1	1
2FmE1yzXXBWKlRiOl0AqD8	Zecca	[]	[2021]	1	1
4kEefVhH5DUp9bonM9Otid	Larissa Barriem	[]	[2021]	1	1
5KYMhdK3kpCRKwaTfZBP5M	Orzusv	['rap paraguayo']	[2021]	1	1
3klZnJvYGIbWritVwQD434	Duncan Laurence	['dutch pop']	[2021]	1	0
4TK1gDgb7QKoPFlzRrBRgR	Los Enanitos Verdes	['argentine rock', 'latin alternative', 'latin pop', 'latin rock', 'mexican pop', 'rock en espanol', 'ska argentino']	[2019, 2021]	1	0
4axKuDPr6WKcDCyh8vueTY	Luar La L	['trap latino', 'urbano latino']	[2021]	1	1
3ZSbXArE6mxOleJnsumK4u	eAeon	['k-indie', 'korean electropop']	[2021]	1	1
4riOEaOW5hCeqomFDBk0aP	Rochy RD	['dembow', 'rap dominicano', 'trap latino']	[2021]	1	1
5DToxytExaIM9wqMY5lG57	Milk Shake	['pop paraguayo']	[2021]	1	1
0ylR7zozSmeo4ZTIrgNWz9	Quemil Yambay	['folklore paraguayo']	[2021]	1	1
5FMuCyZpbgJwTmpJMlXlZx	Los Alfonsinos	['folklore paraguayo']	[2021]	1	1
3p3jPcp8b7WL9XYj4xlsWj	Snow Tha Product	['alternative r&b', 'rap latina', 'trap queen']	[2021]	1	1
6Itjwvv5YmsC8ZcI5N4Jux	Sael	['urbano latino']	[2021]	1	1
4IC2X34tZmHG3VfTbpzvwL	Julianno Sosa	['urbano chileno']	[2021]	1	1
0Yg29FX1M4ayqjXs0ttZFq	Young Cister	['trap chileno', 'urbano chileno']	[2021]	1	1
28ie4NNTa2VW2QV4Zray8M	Mc Poze do Rodo	['funk carioca']	[2021]	1	1
25XJqeReVV38w0tR04GGBd	Mainstreet	['trap carioca', 'trap funk']	[2021]	1	1
2zjdf1M6DGPcBFnvEYmydy	John Amplificado	['arrocha']	[2021]	1	0
4JNo6Q5KdcRf1vtSX9mB0S	João Gomes	['arrocha']	[2021]	1	0
6e7knXUrhWcp85TTN6za9z	Tomy DJ	['previa']	[2021]	1	1
4MlPk7Q5wc1b5KRKSCDNnh	DJ Pirata	['cumbia 420', 'previa', 'rkt']	[2021]	1	1
01SFMh5cJ87XZddBiLE72v	GON RMX	['rkt']	[2021]	1	1
3jK9MiCrA42lLAdMGUZpwa	Anderson .Paak	['escape room', 'hip hop', 'indie soul', 'neo soul']	[2021]	1	1
6PvvGcCY2XtUcSRld1Wilr	Silk Sonic	['neo soul']	[2021]	1	1
1f8KqVQNiSJ95tiWLjTevq	Grupo Ternura	['cumbia villera']	[2021]	1	0
2zfwez4uxbP8NcFy3kaNLF	Kiddtetoon	['trap chileno', 'urbano chileno']	[2021]	1	1
60d7XKY1qqY5cPnXOCVvo6	Diego Smith	['trap chileno']	[2021]	1	1
6ROb0Ey6Yn2iPvs6gM08j4	Miguel Quintana Bareiro y Su Tropical 5	[]	[2021]	1	0
2zPvDg6LI6NHPQVQIESjfW	Lara91k	['r&b argentino']	[2021]	1	1
7x7vfF89MqM94K8wvK3Omq	La Duraca	[]	[2021]	1	1
6Ovxg5WDcnSQc8iQXv0IvI	DJ 900	[]	[2021]	1	1
7arQA31aZVS8yS6zUveWzb	CJ	['nyc rap']	[2021]	1	1
1tfhFc2Y8iplDKCteuXjCY	El Cherry Scom	['dembow']	[2021]	1	1
6dO0RkhFhjMwLtLQqNgL8r	Issam Alnajjar	['indonesian viral pop']	[2021]	1	0
6OBGbSaBUvQtk9wpQfDbOE	Kevin Kaarl	['indie triste']	[2021]	1	0
0IhzJFf4QBEz0ifqLwScKV	Dj GBR	['rave funk']	[2021]	1	1
7l2wptrNdI4wEHxTlWa6SS	Fidel Nadal	['argentine reggae', 'argentine rock', 'latin alternative', 'mexican rock', 'rock en espanol']	[2021]	1	1
6TKygPpVT29oGUogu4J9Ec	Yan Block	['trap boricua', 'trap latino', 'urbano latino']	[2021]	1	1
41gFAk6ZyYdt7Q1Ir4cbH0	Mont	['latin viral pop', 'urbano mexicano']	[2021]	1	0
27Yc5RzJf27tJfqezJnHY1	Agapornis	['cumbia pop', 'cumbia villera']	[2021]	1	1
0uxYECT7XqHNccQAg5Uhe4	Nico Valdi	[]	[2021]	1	1
6PH3FLQAxtqYy46Zv08bpV	Ivan Cornejo	['sad sierreno']	[2021]	1	0
1WgXqy2Dd70QQOU7Ay074N	AURORA	['art pop', 'norwegian pop']	[2021]	1	0
0XeEobZplHxzM9QzFQWLiR	Eslabon Armado	['corrido', 'corridos tumbados', 'nueva musica mexicana', 'sad sierreno', 'sierreno']	[2021]	1	1
6ElqtIfQsAkEYypgfJIjeK	DannyLux	['sad sierreno', 'sierreno']	[2021]	1	1
2KQZ7yr0nr7NphqCy7QHRR	"Kallde ""El Rey Del Placer"""	[]	[2021]	1	1
5vV3bFXnN6D6N3Nj4xRvaV	JIN	['k-pop']	[2021]	1	0
5mgqYTU6dhKlEdi7DOy4uU	Alberto Stylee	['reggaeton']	[2021]	1	1
0LLnP7NEsEQ1pSCfsuYURr	Juacko	['rap canario']	[2021]	1	1
0NiaKn55OzJswiYevvlKfz	Raí Saia Rodada	['arrocha', 'forro']	[2021]	1	0
3rqKgkODmiyDdimpz5D3y1	Yannc	['reggaeton flow']	[2019]	1	1
0bYQe0JDIjxkSHQoXlfngl	ACRU	['argentine hip hop', 'bases de freestyle', 'rap underground espanol']	[2019]	1	0
13JJKrUewC1CJYmIDXQNoH	El Cuarteto De Nos	['argentine rock', 'rock en espanol', 'rock uruguayo']	[2018, 2019]	1	0
2qmA5QmaGZH3ky4qq25d1m	Agus Padilla	['cumbia pop']	[2018, 2019]	1	1
1aNVLXFIfADxi6ZUcsdVH3	Lenuel	[]	[2018, 2019]	1	1
5RzT7CM6Ot0sh0EHefMicV	Maffio	[]	[2019]	1	1
658X86qMyJpSRY87oPvExU	Shelow Shaq	['dembow', 'rap dominicano']	[2019]	1	1
6Uh8uJyN9g7oFjDK16nJgb	Juelz Santana	['gangster rap', 'harlem hip hop', 'nyc rap', 'pop rap', 'trap']	[2019]	1	1
3lX6w0gmtgVeijiFxNz5O7	Mc Nando Dk	['funk carioca', 'funk ostentacao']	[2017, 2018, 2019]	1	1
5fUaIEaRhzIad7C49MqTsy	Halpe	[]	[2019]	1	1
25uiPmTg16RbhZWAqwLBy5	Charli XCX	['art pop', 'candy pop', 'metropopolis', 'pop', 'uk pop']	[2019]	1	1
5GqnSMX8p2hxqsM6LqDty3	MC JottaPê	['agronejo', 'arrochadeira', 'funk carioca', 'funk paulista']	[2019]	1	1
2kMDiFDvjMOoLfcZbLgA6s	MC M10	['rave funk']	[2019]	1	1
1jsB2W4c9zTq9ilGXegrDM	Chris Wandell	['reggaeton flow', 'trap latino', 'urbano latino']	[2017, 2018, 2019]	1	1
3tZdknQnzsVIIdaGCTj4RX	Quimico Ultra Mega	['dembow', 'rap dominicano', 'trap dominicano']	[2017, 2018, 2019]	1	1
5UjifI1TYefXWn9GdqDOHl	Social House	[]	[2019]	1	1
1zEo6Fk1iaaOYFlFPBHCFn	Humberto & Ronaldo	['sertanejo', 'sertanejo pop', 'sertanejo universitario']	[2018, 2019]	1	1
0lHB0Qc4pmD5RkTLlHeESo	MC L da Vinte	['funk bh', 'funk carioca', 'funk mtg', 'funk rj']	[2018, 2019]	1	1
6fOyYqdh6p0ZWLs9zUDoyt	MC Gury	['funk carioca', 'funk mtg', 'funk paulista']	[2018, 2019]	1	1
0b1sIQumIAsNbqAoIClSpy	j-hope	['k-pop', 'k-rap']	[2019]	1	1
74KM79TiuVKeVCqs8QtB0B	Sabrina Carpenter	['pop']	[2019]	1	1
5yES5e4EJpUB0tfmWi3eao	MC Rita	['funk carioca']	[2018, 2019]	1	1
5hPHLE5ssifxHX5bhK8iXR	FP do Trem Bala	['funk carioca', 'funk rj']	[2019]	1	1
1WoYfDQf78hGBPBn9vA4zQ	Mambo Kings	['slovenian pop']	[2017, 2018, 2019]	1	1
3sDjufdk7xwwPnx7NNKE63	Los Solteroski	[]	[2019]	1	1
5z6MxAY9F3Mlgda8GJZHdT	Ariel Fortuna	[]	[2019]	1	1
3dG1x1W45XaKRHkIwQpZlW	Yeral	[]	[2019]	1	1
73Lhk4XucX7BDRL82Zngs5	Urba y Rome	['perreo', 'reggaeton flow', 'urbano latino']	[2019]	1	1
3PkzH3nruSQEb164tyPPJT	Sodré	[]	[2019]	1	1
0AXCBMdQUkq4ua7DojOlq6	Xander Llc Lihuel Doble	[]	[2019]	1	0
1Mj0XQhXbzIXfoWTN391N6	Kiddo Toto	['trap argentino']	[2019]	1	1
3KedxarmBCyFBevnqQHy3P	Jessie Reyez	['canadian contemporary r&b', 'canadian pop']	[2018, 2019]	1	1
4VIvfOurcf0vuLRxLkGnIG	Bradley Cooper	['hollywood']	[2018, 2019]	1	1
1nxAbuqCUcEgWzaHn8cttE	Flexo	[]	[2019]	1	1
7y5vacxuCM2lyUEEPnQcwd	RobGz	['trap latino']	[2019]	1	1
5bVQN1TENxjVjWXNHHpflG	Big Boy	['latin hip hop', 'reggaeton']	[2017, 2018, 2019]	1	1
0w57qOEVTcqs0bLyFJ7Q52	Angel Lopez	[]	[2017, 2018, 2019]	1	1
1Rpp9XZ2UUDmW81JvQP1at	MC Gustta	['funk carioca', 'funk ostentacao']	[2017, 2018, 2019]	1	1
7LFu0rTIuaK4oxkm80nZez	MC DG	[]	[2017, 2018, 2019]	1	1
4VgvR7eu3k2T20mo6mXhXF	Intoxicados	['argentine rock', 'ska argentino']	[2017, 2018, 2019]	1	0
6tt0iYnpHERj05WATWRiom	Bantu	['zimdancehall']	[2018, 2019]	1	1
1r3tpVQ08jFAA2P4xzV5o4	Gaby Music	['pop reggaeton']	[2019]	1	1
1EH6GM8n6ZTFUOvM58Oqpn	Juhn Allstar	[]	[2018, 2019]	1	1
47uyFQHOD02S0lj9ptRpoB	Felipe Araújo	['arrocha', 'sertanejo', 'sertanejo universitario']	[2018, 2019]	1	1
5ZfBThYiIIhL7jHMG8gDB2	Ferrugem	['pagode', 'pagode novo', 'sertanejo universitario']	[2018, 2019]	1	1
0LvzywQsf3X6Gt6aGAdlDq	Tali Goya	['dembow', 'drill dominicano', 'rap dominicano', 'trap dominicano']	[2019]	1	1
7ecRwFks8F2vYad383BkKf	Rennan da Penha	['funk 150 bpm', 'funk carioca', 'funk rj']	[2018, 2019]	1	1
0oSGxfWSnnOXhD2fKuz2Gy	David Bowie	['art rock', 'classic rock', 'glam rock', 'permanent wave', 'rock']	[2018, 2019]	1	1
43Hr2FjhVehkROIIEb7EfQ	Ms Nina	['neoperreo', 'rap latina']	[2019]	1	1
3KsfLbdoFjSnXT2QUK7ooR	Beauty Brain	['arab trap', 'bass trap', 'moombahton', 'neoperreo']	[2019]	1	1
6iYRN5eaz8LSxvwkhmwkRj	j mena	['pop argentino']	[2019]	1	0
6Ip8FS7vWT1uKkJSweANQK	Dave	['uk hip hop']	[2019]	1	1
5n9bMYfz9qss2VOW89EVs2	Bomba Estéreo	['cumbia', 'latin alternative', 'latin rock', 'pop electronico', 'tropical alternativo']	[2018, 2019]	1	1
2DaxqgrOhkeH0fpeiQq2f4	Oasis	['beatlesque', 'britpop', 'madchester', 'permanent wave', 'rock']	[2017, 2018, 2019]	1	0
3iKdkIEoOGT55KE72tSOgU	Luisa Fernanda W	['latin viral pop']	[2019]	1	0
6wcHZUQ0rNcvv35os6xUQA	Afaz Natural	['colombian hip hop']	[2019]	1	0
31W5EY0aAly4Qieq6OFu6I	A Boogie Wit da Hoodie	['melodic rap', 'rap', 'trap']	[2019]	1	1
2jE5NeCBZpgohvRLtQ6v0O	Ronald El Killa	['perreo', 'reggaeton flow']	[2019]	1	1
7lilUV0c5xjhnakgpbmpdi	Trapical Minds	[]	[2019]	1	1
093NmLSyPJkDS68uhtOU7X	Lenny T.	[]	[2019]	1	1
73jBynjsVtofjRpdpRAJGk	Dimitri Vegas & Like Mike	['belgian dance', 'belgian edm', 'big room', 'dutch house', 'edm', 'electro house', 'pop dance', 'progressive electro house']	[2019]	1	1
3wtMPMvPtiFylbnNXF6CAj	Afro Bros	['basshall', 'dutch hip hop', 'dutch house']	[2019]	1	1
2HkAI0YrEcgoR8QdaURqhO	Dimitri Vegas	['belgian edm']	[2019]	1	1
4pwXiI7Z5ZStkgKowZyoKi	Like Mike	['belgian edm']	[2019]	1	1
64J3ISAKbfg1CuP4CVCMlF	Nabález	['colombian pop']	[2018, 2019]	1	1
3mIj9lX2MWuHmhNCA7LSCW	The 1975	['modern alternative rock', 'modern rock', 'pop', 'pov: indie', 'rock']	[2019]	1	0
4orKyAY2jIfEYgjV7XYeG0	Alex Rouse	[]	[2019]	1	0
3wemMz7GGNX73FrArAgn1Z	miky wood	[]	[2019]	1	0
5CKb0P2vvpC9JD7wjB80gu	DJ Maff	[]	[2019]	1	1
2X97ZAqRKRMYFIDqtvGgGc	Silk City	['edm']	[2018, 2019]	1	1
4f9iBmdUOhQWeP7dcAn1pf	Rag'n'Bone Man	['neo soul']	[2019]	1	1
7ciBW1p3KBsYIkFk4UmwS8	The Rudeboyz	[]	[2019]	1	1
6Xdjhy4MawcCmBq5MYM5N8	Emiliano Brancciari	[]	[2017, 2018, 2019]	1	1
3lY9Fxceu60W1rbon7PkuF	Omar Montes	['flamenco urbano', 'urbano espanol']	[2019]	1	1
4F4pp8NUW08JuXwnoxglpN	Bad Gyal	['neoperreo', 'rap catala', 'rap latina', 'trap catala', 'urbano espanol']	[2019]	1	1
5xYkM2vMrE23taj6tl7qkm	Pk	['funk carioca', 'trap funk']	[2019]	1	1
6gqBZ0kAjgVLsZQKkHcaB3	PK Delas	['funk 150 bpm', 'funk carioca']	[2019]	1	1
6AvKcjNtR1AYU8wN72MvNK	Juan Casanova	['rock uruguayo']	[2019]	1	1
0id62QV2SZZfvBn9xpmuCl	Aloe Blacc	['pop soul', 'r&b']	[2019]	1	1
20JZFwl6HVl6yg8a4H3ZqK	Panic! At The Disco	['pop']	[2019]	1	1
3quqjQzHuyIZjk6au9AwSJ	FIESTA!	[]	[2019]	1	0
3v6Ji4uoWtKRkhuDUaxi9n	Dynoro	['edm']	[2018, 2019]	1	1
1OAjDaKgg00KCUYqDe68un	Gigi D'Agostino	['eurodance', 'italo dance']	[2018, 2019]	1	1
2t7vyRN71qtQT18frElAnV	Maikel Delacalle	['rap canario', 'trap latino', 'urbano espanol']	[2018, 2019]	1	0
34QsZMeyO5MhsKfB3lN1EG	CB Records Music	[]	[2019]	1	1
1UvUSpVxlY8KvfNMMNtxSR	J.Mastermix	[]	[2019]	1	1
5pughe5rcsOq3GF0utMOs5	DrefQuila	['reggaeton chileno', 'trap chileno', 'trap latino', 'urbano chileno']	[2018, 2019]	1	1
4StQh17zinsbJ4r5ekmPj7	Coqeéin Montana	['argentine hip hop', 'emo trap en espanol', 'trap argentino']	[2019]	1	1
0Hkx0YcHHxDRRbH9WsSW0I	Marcianos Crew	['argentine hip hop', 'trap argentino']	[2019]	1	1
6XvKTz2XRPwlry0UdjqoKq	Ghetto Kids	['mexican pop', 'perreo', 'reggaeton mexicano', 'urbano mexicano']	[2019]	1	1
6fzh7nbhTUmqHUlx7a6DFW	Mad Fuentes	['perreo']	[2019]	1	1
5bv5RplEOwdCvhq0EILh9E	Lucenzo	['reggaeton']	[2018, 2019]	1	1
40lro6xpFS9TxV2uC7yvs4	Leebrian	['trap latino', 'urbano latino']	[2019]	1	1
1Q7E1OPKkNyCjJ32yii9Kn	Raw Alejandro	[]	[2019]	1	1
2GzKA5uPf3Nef6JjkUNk4H	Lyan	['reggaeton flow']	[2017, 2018]	1	1
0tR60pwxQ5WKjPxQcKoCQ7	Messiah	['trap dominicano', 'trap latino']	[2017, 2018]	1	1
5vQfv3s2Z2SRdPZKr82ABw	Dzeko	['canadian electronic', 'dutch house', 'edm', 'electro house', 'pop dance', 'progressive electro house']	[2018]	1	1
0bdJZl7TDeiymDYzMJnVh2	Preme	['canadian hip hop', 'canadian trap', 'toronto rap']	[2018]	1	1
7hNo3SUYbUHGAdWmXyUPC6	Lary Overr	[]	[2018]	1	1
0c173mlxpT3dSFRgMO8XPh	Big Sean	['detroit hip hop', 'hip hop', 'pop rap', 'r&b', 'rap', 'southern hip hop', 'trap']	[2017, 2018]	1	1
67mFhErdTWmJ9slGMC6vOf	Trío Los Josefinos	[]	[2018]	1	0
2tYwhzzfvvDr29BbBFcHhB	Arthur Hanlon	[]	[2018]	1	1
26XxGE8hLV1t9IYa8872lQ	Gianluca Vacchi	[]	[2018]	1	1
17lzZA2AlOHwCwFALHttmp	2 Chainz	['atl hip hop', 'hip hop', 'pop rap', 'rap', 'southern hip hop', 'trap']	[2018]	1	1
06cd30Cv9US973Ika84gDw	Lucas Lucco	['funk carioca', 'sertanejo', 'sertanejo pop', 'sertanejo universitario']	[2017, 2018]	1	1
5m20sS6l4fu2FF75KRRnI3	Paulo	[]	[2018]	1	0
1QDrz3DMMaz3TB1cm0PGDu	Justin Jesso	['singer-songwriter pop']	[2017, 2018]	1	1
5xKp3UyavIBUsGy3DQdXeF	A Great Big World	['neo mellow', 'piano rock', 'pop rock', 'viral pop']	[2018]	1	1
1l7ZsJRRS8wlW3WfJfPfNS	Christina Aguilera	['dance pop', 'pop']	[2018]	1	1
5TmW0cFVEYEbypgTdSNNDn	Delano	['funk carioca', 'funk ostentacao']	[2017, 2018]	1	0
0jnsk9HBra6NMjO2oANoPY	Flo Rida	['dance pop', 'miami hip hop', 'pop', 'pop rap']	[2018]	1	1
29QbBR0oTzA7A0kiOzrbbr	Jamie Scott	['uk pop']	[2018]	1	1
5gWzmnHTLNXz5CjOc0wAuK	Romy Dya	['dutch pop']	[2018]	1	1
3ocjm34azq21UtebolrtKj	Ananda	['funk carioca', 'pop nacional']	[2018]	1	1
7tsmrNpbLkT4xL1nzRLpCu	Joker Beats	[]	[2018]	1	1
3QSQFmccmX81fWCUSPTS7y	Dean Lewis	['australian pop', 'singer-songwriter pop']	[2018]	1	0
0v2oB2xMS64U3lcU5DFuCY	Peven Everett	['broken beat', 'chicago house', 'deep house']	[2018]	1	1
5veVxxPm1vzgi6pO2iVA8L	Bruno Martini	['pop nacional']	[2017, 2018]	1	1
7qPLO2XOUaRrRxkvLZ3AEK	Zeeba	[]	[2017, 2018]	1	1
3q7HBObVc0L8jNeTe5Gofh	50 Cent	['east coast hip hop', 'gangster rap', 'hip hop', 'pop rap', 'queens hip hop', 'rap']	[2017, 2018]	1	1
04abdnqPQe2N4fjztDea6z	Austin Mahone	['pop', 'post-teen pop']	[2017, 2018]	1	1
4IWBUUAFIplrNtaOHcJPRM	James Arthur	['pop', 'talent show', 'uk pop']	[2017, 2018]	1	0
6GI3CJjT2bOnMfprCpjT1d	Bootie Brown	[]	[2018]	1	1
66UIukhrbr70OyzyeDQ2sO	Yuawi	[]	[2018]	1	1
6CsDr5zQs7nWbL3FV0dyWx	Tumpé	[]	[2018]	1	1
03Enzet8KLMkjdeQnbqbmn	Pacho El Antifeka	['reggaeton flow', 'trap latino', 'urbano latino']	[2018]	1	1
7B8bUnxkbByXXeCQIIUvIT	Arevi	[]	[2018]	1	1
1GxkXlMwML1oSg5eLPiAz3	Michael Bublé	['adult standards', 'canadian pop', 'jazz pop', 'lounge']	[2018]	1	0
0qPVLQlj3zDbejXh7Z3bQV	Japiaguar	[]	[2018]	1	1
5LqrLFYPWb0SjF6cpOooov	2humanlink	[]	[2018]	1	1
4yzQBq6z3Nm8xmiMjPswXt	Pablo Martin	['spanish folk rock']	[2018]	1	1
4nnYaLsgvFHL7cThBfZ3wB	Alex Express	[]	[2018]	1	1
3ywryajHqy4Ve5FraA5UMh	Kokeba	[]	[2018]	1	1
3J8pdA8hGN7lMw8ENo5fRv	Tropijazz	[]	[2018]	1	0
2UBLJyUgCq6XMiSVV7oGv8	Egbert Rosa aka Haze	[]	[2017, 2018]	1	1
3a5ydeAaojKa3CHWe5PVWK	MC MM	['funk carioca', 'funk consciente', 'funk ostentacao', 'funk paulista']	[2018]	1	1
6bGwi8TG7T8Vcp415XooE5	Jojo Maronttinni	['funk carioca']	[2018]	1	0
1elUiq4X7pxej6FRlrEzjM	Jorge & Mateus	['agronejo', 'arrocha', 'sertanejo', 'sertanejo universitario']	[2018]	1	0
4KLOMib6zqzNayKwLWTs2Q	Andrés Torres	[]	[2018]	1	1
7p3ipw2PvGG0X2x6zL1DLO	Mauricio Rengifo	[]	[2018]	1	1
2qbEtwBVyobgpNP5KcHE9J	Pusho	['reggaeton', 'reggaeton flow', 'trap latino', 'urbano latino']	[2017, 2018]	1	1
1ULibI3Ryg8DwK6fTgc2ZI	Wanakin	['argentine hip hop', 'trap argentino']	[2018]	1	0
0f1IECbrVV952unZkzrsg2	Mc Gw	['funk carioca', 'funk mtg', 'funk paulista', 'funk rj']	[2017, 2018]	1	0
7plUpXSFcSJUZSiZAoXqr1	Ximena Sariñana	['latin alternative', 'latin pop', 'mexican pop', 'mexican rock']	[2018]	1	0
7wcU07fE9tg1Ie4BH5FoRD	Guido Dos Santos	[]	[2018]	1	1
5fEB8ol3Eg9yEE9atyQK1x	O'neil	[]	[2018]	1	1
4poL7YCSkG7kMnWjAdDU91	Era Istrefi	['albanian hip hop', 'albanian pop', 'kosovan pop']	[2018]	1	1
4ON1ruy5ijE7ZPQthbrkgI	Burak Yeter	['electro house']	[2017, 2018]	1	1
7Dz9goFmVZZqvJxZoKg7pF	Danelle Sandoval	['nyc pop']	[2017, 2018]	1	1
6fOMl44jA4Sp5b9PpYCkzz	NF	['hip hop', 'pop rap']	[2017, 2018]	1	0
6tOv5UYDorjmsernjtaHO1	Kelmitt	['reggaeton flow', 'trap latino']	[2017, 2018]	1	1
5eJtlvB9Qga52zsu4GzDNA	Alex Gargola	[]	[2017, 2018]	1	1
20pVLDSueWpSOPCWnCWzIU	Matt Hunter	['latin pop']	[2018]	1	1
4WN5naL3ofxrVBgFpguzKo	Rudimental	['pop dance', 'uk dance', 'uk funky']	[2018]	1	1
4ScCswdRlyA23odg9thgIO	Jess Glynne	['pop', 'uk pop']	[2018]	1	1
2U3FuHYvL3vhkbDAXm24Ep	Dan Caplen	['neo soul', 'uk contemporary r&b']	[2018]	1	1
3RqBeV12Tt7A8xH3zBDDUF	Kelsea Ballerini	['contemporary country', 'country']	[2018]	1	1
45Hr5etuwmSx4gSyn5qSeW	MC Dede	['funk carioca', 'funk ostentacao', 'funk paulista']	[2018]	1	1
6Xgp2XMz1fhVYe7i6yNAax	Trippie Redd	['melodic rap', 'rap', 'trap']	[2018]	1	1
27Owkm4TGlMqb0BqaEt3PW	Molotov	['latin alternative', 'latin hip hop', 'latin rock', 'mexican hip hop', 'mexican rock', 'rock en espanol']	[2018]	1	0
4boI7bJtmB1L3b1cuL75Zr	Mon Laferte	['latin alternative', 'latin pop']	[2018]	1	0
6k8mwkKJKKjBILo7ypBspl	Ana Mena	['spanish pop']	[2018]	1	1
1Pk9sKrTxQ1lLfCg9b0PlF	Leby	['trap triste']	[2018]	1	1
6I0rcS4xTqrt9pwe8GBq3B	Trio Alma de America	[]	[2018]	1	0
5K4W6rqBFWDnAN6FQUkS6x	Kanye West	['chicago rap', 'hip hop', 'rap']	[2018]	1	1
46SHBwWsqBkxI7EeeBEQG7	Kodak Black	['florida drill', 'florida rap', 'melodic rap', 'miami hip hop', 'rap', 'trap', 'trap latino']	[2018]	1	1
1iPOay2JCcgNMPvBaPe9Ky	Street Rappers	[]	[2018]	1	0
7LXdYckhvHWU4ejXbkHa3N	Pepe Quintana	['reggaeton', 'reggaeton flow', 'trap latino', 'urbano latino']	[2017, 2018]	1	1
3CbYyyd8wH3RT6t0jwpdzC	Murda Beatz	['canadian hip hop', 'canadian trap']	[2018]	1	1
3b8QkneNDz4JHKKKlLgYZg	Florida Georgia Line	['contemporary country', 'country', 'country pop', 'country road', 'modern country rock']	[2017, 2018]	1	1
4olE3I5QU0dvSR7LIpqTXc	WATT	['modern alternative rock']	[2017, 2018]	1	1
0AglxiiP1X55pczgFkgdC4	Yulien Oviedo	['cubaton']	[2018]	1	1
137W8MRPWKqSmrBGDBFSop	Wiz Khalifa	['hip hop', 'pittsburgh rap', 'pop rap', 'rap', 'southern hip hop', 'trap']	[2017, 2018]	1	1
3NPpFNZtSTHheNBaWC82rB	X Ambassadors	['modern alternative rock', 'modern rock', 'stomp pop']	[2017, 2018]	1	1
4TEJudQY2pXxVHPE3gD2EU	BlocBoy JB	['memphis hip hop', 'rap', 'tennessee hip hop', 'trap']	[2018]	1	1
3XcCT5MPlQPWFTJyzXbfuX	Maejor	['detroit hip hop', 'pop r&b']	[2017, 2018]	1	1
0xA8Rmfl9di0sVaPl9AyR9	DJ Yuri Martins	['funk carioca']	[2017, 2018]	1	1
5JYo7gm2dkyLLlWHjxS7Dy	Sandro Cavazza	['swedish pop']	[2017, 2018]	1	1
6C1ohJrd5VydigQtaGy5Wa	Joyner Lucas	['boston hip hop', 'hip hop', 'pop rap', 'rap']	[2018]	1	1
5M0lbkGluOPXLeFjApw8r8	DRAM	['pop rap', 'trap', 'underground hip hop', 'viral trap', 'virginia hip hop']	[2018]	1	1
39yVoqm6sYFvvqF1RciUVf	Carlos Rivera	['latin arena pop', 'latin pop', 'mexican pop', 'musica tlaxcalteca']	[2018]	1	0
72R3RMGmSmzG57R7OUaDaN	Toby Love	['bachata', 'reggaeton']	[2018]	1	1
5DX6kBsol8H5sx5TYBjOsR	Audioiko	['pop paraguayo']	[2018]	1	0
62DmErcU7dqZbJaDqwsqzR	Popcaan	['dancehall', 'jamaican hip hop', 'reggae fusion', 'traphall']	[2018]	1	1
1CO6e7WRJvSFenmQO8n64C	Zhavia	['post-teen pop']	[2018]	1	1
3Ces1OJeGOVGcUB0wPaPXJ	Mala Rodríguez	['latin hip hop', 'rap latina']	[2018]	1	1
7kT7skfOOZaxMm52OqW2Oe	MC Vigary	['funk carioca']	[2017, 2018]	1	1
4phGZZrJZRo4ElhRtViYdl	Jason Mraz	['acoustic pop', 'dance pop', 'neo mellow', 'pop']	[2018]	1	0
7gP3bB2nilZXLfPHJhMdvc	Foster The People	['indietronica', 'modern alternative rock', 'modern rock', 'rock']	[2017, 2018]	1	0
5gw5ANPCVcxU0maLiGRzzP	Billy Raffoul	['canadian pop']	[2018]	1	1
4mHAu7NX2UNsnGXjviBD9e	Brooks	['dutch house', 'edm', 'electro house', 'future house', 'pop dance', 'pop edm', 'progressive electro house']	[2018]	1	1
1CztIa6fCQ0WmVPidXuwSs	iLe	['puerto rican pop']	[2018]	1	1
5xnMjuPp1eDXa8du0SKIHD	Barbatuques	['brazilian percussion', 'nova musica paulista']	[2018]	1	1
2hqaYLpZg89K0aKGqEMSZi	Foreign	['brazilian hip hop']	[2018]	1	1
5BbtxgCxQnqdGTZ50Z50JP	Dj Kelvinho	[]	[2018]	1	1
0B9wPB6XyIwCXZ3OUkJfCE	DICC	['trap catala', 'urbano espanol']	[2018]	1	1
14lvrkdaXxggonwjKZpePM	Chano	['argentine telepop', 'pop argentino']	[2017, 2018]	1	0
0b2GL7Y02vu50qieoQmw1w	IAmChino	['cubaton', 'reggaeton']	[2017, 2018]	1	1
1xFn1xod58AGaSZjrxdiXA	El Chacal	['cubaton']	[2017, 2018]	1	1
2litCmUiqAZtg8b8ik5Y4s	BB Nobre	['rap dominicano', 'trap dominicano']	[2018]	1	0
0z4gvV4rjIZ9wHck67ucSV	Akon	['dance pop']	[2018]	1	1
7KVJCU4z5L4EUHILL8aMxR	Leo Santana	['arrocha', 'pagode baiano', 'pop nacional']	[2017, 2018]	1	1
4EcY2W9Ve4PPpbSe1ILOdl	MC Alexandre	[]	[2018]	1	0
3CDoRporvSjdzTrm99a3gi	LUDMILLA	['funk carioca', 'funk pop', 'funk rj', 'pagode baiano', 'pop nacional']	[2018]	1	1
6GX3y0u61X0EHZZogsQFbL	Mc Doguinha	[]	[2018]	1	1
0n9VWli2NkR8OqJS4dXTqw	MC Pupio	[]	[2018]	1	1
01nUdqwuIHCHLZNP2TvYVF	Boy Wonder CF	['reggaeton flow']	[2017, 2018]	1	1
2663St0NB1IsbMnlF69AeW	Menor Menor	['pop catracho', 'raspe', 'reggaeton flow', 'trap latino', 'urbano latino']	[2018]	1	1
1INuLZXjjVbcJRyWvD1iSq	Jack & Jack	['pop', 'teen pop']	[2018]	1	1
1PruL3P8slDEQAjSuOjuPd	Spiff TV	[]	[2018]	1	1
0uaf3BjPybnxH2HgsePYOK	Bryant Mayers	[]	[2018]	1	0
5pBMkZNIlbGTH3hrsQJqAa	Mc Kevin	['funk carioca', 'funk ostentacao', 'funk paulista']	[2018]	1	1
1hzfo8twXdOegF3xireCYs	Milky Chance	['german pop', 'modern rock']	[2018]	1	0
7H55rcKCfwqkyDFH9wpKM6	Christina Perri	['pop']	[2017, 2018]	1	0
2DR7MOGAwxMZUA7U4N5X6t	Kosa	[]	[2017, 2018]	1	1
6FJw91aRR4QFL86JZMVXhW	Sky	[]	[2017, 2018]	1	1
5l8m4JBbc0cLCscjBXAS1b	Movimiento Ciudadano	[]	[2018]	1	0
0mhKeokuFyYIfJssdyl6Z3	Guido Dos Santos	[]	[2018]	1	1
4PMbgQll5shA7DBOc2ZWQU	Bad Bunny	[]	[2018]	1	1
4AJaEkUYt3y6qTrUqG0nKD	Anuel AA	[]	[2018]	1	1
6tpuzNNJUO7xfyLlrlA5kW	Reggaetones	[]	[2017, 2018]	1	0
2jku7tDXc6XoB6MO2hFuqg	Tory Lanez	['canadian hip hop', 'canadian trap', 'melodic rap', 'r&b', 'rap', 'toronto rap', 'trap']	[2018]	1	1
68kEuyFKyqrdQQLLsmiatm	Vince Staples	['conscious hip hop', 'hip hop', 'rap', 'underground hip hop']	[2018]	1	1
0XNa1vTidXlvJ2gHSsRi4A	Franz Ferdinand	['alternative rock', 'dance rock', 'indie rock', 'modern rock', 'rock', 'scottish rock']	[2018]	1	0
2fC8dVxeS2bsfIDvFj1M4V	Christian Daniel	['latin arena pop', 'puerto rican pop']	[2017, 2018]	1	1
3836OTICMPjhTMMcpPw4EC	Broiler	['nordic house', 'norwegian pop', 'russelater']	[2018]	1	1
7qga9VgjmVrAAawr8WwUAH	Mc Leléto	['funk carioca', 'funk ostentacao']	[2017, 2018]	1	1
3o3p6fGYftm6nJpS6YJ11Q	Mc Maromba	['deep funk ostentacao']	[2017, 2018]	1	1
7qUmZzfGAo66NPgOEx0MWa	MYKKA	[]	[2017, 2018]	1	1
3tVQdUvClmAT7URs9V3rsp	Wizkid	['afrobeats', 'afropop', 'azonto', 'azontobeats', 'nigerian hip hop', 'nigerian pop']	[2017, 2018]	1	1
77DAFfvm3O9zT5dIoG0eIO	Kyla	['uk funky']	[2017, 2018]	1	1
2osoVujXgV0PA8lhqDKYFw	Callejeros	['argentine rock']	[2018]	1	0
6Dd3NScHWwnW6obMFbl1BH	Daya	['pop']	[2017, 2018]	1	1
6s22t5Y3prQHyaHWUN1R1C	AJR	['pov: indie']	[2017]	1	0
2DP9xStkVVv753RBiEHXQB	Alkilados	['colombian pop', 'reggaeton', 'reggaeton colombiano', 'urbano latino']	[2017]	1	1
31TPClRtHm23RisEBtV3X7	Justin Timberlake	['dance pop', 'pop']	[2017]	1	0
50JJSqHUf2RQ9xsHs0KMHg	Jon Bellion	['indie pop rap']	[2017]	1	0
5NS0854TqZQVoRmJKSWtFZ	Chino & Nacho	['electro latino', 'latin hip hop', 'latin pop', 'urbano latino']	[2017]	1	1
5Pwc4xIPtQLFEnJriah9YJ	OneRepublic	['piano rock', 'pop']	[2017]	1	0
1GeMs8oYWyxJDR6T8MstO7	Sharlene Taule	[]	[2017]	1	1
5luyt0SUvGkDMY4ILP6Qhl	Descemer Bueno	['cubaton']	[2017]	1	1
7keGfmQR4X5w0two1xKZ7d	Kungs	['edm', 'pop dance']	[2017]	1	1
726MxZBpkxnnoKl6aN7mmj	Cookin' On 3 Burners	['bboy', 'instrumental funk']	[2017]	1	1
4u5smJBskI6Adzv08PuiUP	Kiiara	['alt z', 'electropop']	[2017]	1	1
4YBAOrBF9vBB9inOLtpRzp	Mano Arriba	['cumbia pop']	[2017]	1	0
05jAmSkLpGpWijgP66lAn7	Edu Martínez	[]	[2017]	1	1
4OY88SM0K08WkUnhUN1ht3	Fernando Santullo	[]	[2017]	1	1
6amQtdWtUWhrKTUGhTMI4o	Bruno Ferreiro	[]	[2017]	1	1
7gAppWoH7pcYmphCVTXkzs	The Vamps	['boy band', 'pop']	[2017]	1	1
4YXycRbyyAE0wozTk7QMEq	Matoma	['pop dance', 'tropical house']	[2017]	1	1
3nwYsifpwrKmCIpw4i0HDW	Konshens	['dancehall', 'traphall']	[2017]	1	1
4VZY0nxYMSNotbS7WjNVQy	Nyla	[]	[2017]	1	1
374sWpAJsbZckf98df2jJJ	Fuse ODG	['afrobeats', 'azonto']	[2017]	1	1
6TIYQ3jFPwQSRmorSezPxX	Machine Gun Kelly	['ohio hip hop', 'pop rap']	[2017]	1	1
4ugGMtXC28CVR5hlYJy9wV	Luciana	['dance pop']	[2017]	1	1
5JZ7CnR6gTvEMKX4g70Amv	Lauv	['pop']	[2017]	1	0
6O9WquDfQTxGRZqZUXVEQx	RedOne	['moroccan pop']	[2017]	1	1
59KQTERLpPa7M0F25fRH6V	Dinah Jane	['post-teen pop']	[2017]	1	1
3t5xRXzsuZmMDkQzgOX35S	Robin Schulz	['deep euro house', 'deep house', 'edm', 'german dance', 'pop dance', 'tropical house']	[2017]	1	1
6fXEqmGQEt6ONuqVmwrN46	Bag Raiders	['alternative dance', 'australian dance', 'indietronica']	[2017]	1	0
5RSYz1KaYXbHfKdlaxAI8O	DJ Jonathan	[]	[2017]	1	0
0bdfiayQAKewqEvaU6rXCv	MØ	['danish pop', 'electropop', 'pop', 'pop dance']	[2017]	1	1
6qFbBE8ubS4NxtxVPytxG5	Mc Pikachu	['funk carioca', 'funk ostentacao']	[2017]	1	1
0Je74SitssvJg1w4Ra2EK7	4 Non Blondes	['new wave pop', 'pop rock']	[2017]	1	0
6T5tfhQCknKG4UnH90qGnz	DNCE	['dance pop', 'pop']	[2017]	1	0
5KKpBU5eC2tJDzf0wmlRp2	RAYE	['uk contemporary r&b', 'uk pop']	[2017]	1	1
6dexNK5MjEL8UvmA5MjSgg	Felipe Peláez	['colombian pop', 'vallenato', 'vallenato moderno']	[2017]	1	1
4LyGCVZ22bGCY4BaW04Uyl	Mackie	['reggaeton flow']	[2017]	1	1
2KsP6tYLJlTBvSUxnwlVWa	Mike Posner	['dance pop', 'pop', 'pop rap']	[2017]	1	1
4ehtJnVumNf6xzSCDk8aLB	Martin Jensen	['danish electronic', 'edm', 'pop dance']	[2017]	1	0
77GVmrLGuxNEvj2ibvT62v	Luigi 21 Plus	['reggaeton', 'trap latino', 'urbano latino']	[2017]	1	1
4962T3pz7AkQQaDNVBbEXf	MC Nandinho	['deep funk ostentacao']	[2017]	1	1
2XxoyHwf1qOWsJIq8y83cw	Nego Bam	['deep funk ostentacao']	[2017]	1	1
3JXpwnHbLvXxY99EuXqFPX	Poo Bear	['pop r&b']	[2017]	1	1
4GepMkTgrIZECoCC55vqjW	Marama	['cumbia pop']	[2017]	1	1
02A3cEvlLLCbIMVDrK2GHV	Starley	['aussietronica']	[2017]	1	1
33JQK4UoS2aMPYBfdB5Ftt	Ryan Riback	['melbourne bounce']	[2017]	1	1
0lNg9YtW8USxeZZnEqz3RQ	Dasoul	['electro latino']	[2017]	1	1
1VrWc8r4AjrR8YfT0vlsc7	Chyno Miranda	['latin pop', 'reggaeton', 'urbano latino']	[2017]	1	1
6WblGc5J26o230eRVSNGV3	Mc's Zaac & Jerry Smith	['brega funk', 'funk carioca', 'funk ostentacao']	[2017]	1	0
17vZy9fIIt6woqdWfc7UCy	Sinfonico	['reggaeton flow', 'trap latino']	[2017]	1	1
7nuTWfojdN0o8d7NGDo71U	Lil Geniuz	['reggaeton flow', 'trap latino']	[2017]	1	1
6ltzsmQQbmdoHHbLZ4ZN25	Lord Huron	['indie folk', 'modern rock', 'stomp and holler']	[2017]	1	0
0ONHkAv9pCAFxb0zJwDNTy	Pusha T	['gangster rap', 'hip hop', 'rap', 'southern hip hop', 'trap', 'virginia hip hop']	[2017]	1	1
2SrSdSvpminqmStGELCSNd	Stormzy	['grime', 'uk hip hop']	[2017]	1	1
0CjWKoS55T7DOt0HJuwF1H	Bipolar Sunshine	['gauze pop']	[2017]	1	1
1KCSPY1glIKqW2TotWuXOR	P!nk	['dance pop', 'pop']	[2017]	1	0
1FQIQrgG9sgl9WK2WnNOS9	Em Rossi	[]	[2017]	1	0
1XTGADISSMRf8B4TcVGYUC	Ky-Mani Marley	['reggae', 'reggae fusion']	[2017]	1	1
2jBa39W2cucJozDpEBtCXu	Lennox	[]	[2017]	1	1
0X2BH1fck6amBIoJhDVmmJ	Ellie Goulding	['indietronica', 'metropopolis', 'pop', 'uk pop']	[2017]	1	1
3f4OfcNtgL9MLgiyOdIHC7	JENCARLOS	['latin pop', 'pop reggaeton']	[2017]	1	1
2EMAnMvWE2eb56ToJVfCWs	Bryson Tiller	['kentucky hip hop', 'r&b', 'rap']	[2017]	1	1
3EXdLajEO02ziZ90P90bSW	Lil Xan	['cloud rap']	[2017]	1	0
3mOd9j63D2DAPnOzQBJhQJ	CD9	['latin arena pop', 'latin viral pop', 'mexican pop']	[2017]	1	1
5fyDppLDl1juIu1BcUT5zh	Digital Farm Animals	['uk dance']	[2017]	1	1
7iZtZyCzp3LItcw1wtPI3D	Rae Sremmurd	['melodic rap', 'mississippi hip hop', 'rap', 'trap']	[2017]	1	1
4mb1xtQVGSK5dh8AbtwBiR	MC Lan	['funk carioca']	[2017]	1	0
6tYuW96NhiYI3sAxEDsqK4	Pasabordo	['colombian pop', 'reggaeton']	[2017]	1	1
3EA9hVIzKfFiQI0Kikz2wo	Andrea Bocelli	['classical tenor', 'italian tenor', 'operatic pop']	[2017]	1	1
1JbemQ1fPt2YmSLjAFhPBv	Chayanne	['latin pop', 'puerto rican pop']	[2017]	1	1
64BQ6x1jZCxSJ0GVwQzo2F	Bek Phillips	[]	[2017]	1	0
4N874uPqBka1QiCvnCVOtr	Phoebe Ryan	['alt z', 'indie poptimism']	[2017]	1	1
1YfzsbCUuWQHmo5TG4QqKy	Purple Peanuts	[]	[2017]	1	1
3X99p7B7g1mSgjDeQwb0dp	Rama Duke	[]	[2017]	1	1
3WGpXCj9YhhfX11TToZcXP	Troye Sivan	['australian pop', 'pop', 'viral pop']	[2017]	1	1
1QOmebWGB6FdFtW7Bo3F0W	Gustavo Cerati	['argentine rock', 'latin alternative', 'latin rock', 'rock en espanol']	[2017]	1	0
