artist_id	name	genres	years_on_charts	num_hits	num_collab_hits
3IW7ScrzXmPvZhB27hmfgy	Jul	['french hip hop', 'pop urbaine', 'rap marseille']	[2017, 2018, 2019, 2020, 2021, 2022]	430	151
6Te49r3A6f5BiIgBRxH7FH	Ninho	['french hip hop', 'pop urbaine']	[2017, 2018, 2019, 2020, 2021, 2022]	197	107
4sbXXFzEWJY2zsZjelerjX	Dadju	['french hip hop', 'pop urbaine', 'r&b francais']	[2017, 2018, 2019, 2020, 2021, 2022]	155	77
6W5uA6CNMf3hd2j4a2XWCx	Naps	['french hip hop', 'pop urbaine', 'rap marseille']	[2017, 2018, 2019, 2020, 2021, 2022]	150	68
2kXKa3aAFngGz2P4GjG5w2	SCH	['french hip hop', 'pop urbaine', 'rap francais', 'rap marseille']	[2017, 2018, 2019, 2020, 2021, 2022]	141	66
1ntQKIMIgESKpKoNXVBvQg	Kaaris	['drill francais', 'french hip hop', 'pop urbaine', 'rap francais', 'trap antillais']	[2017, 2018, 2019, 2020, 2021, 2022]	139	54
1q7T9rFQ2a2ukA1PU51fo3	Koba LaD	['french hip hop', 'pop urbaine', 'rap francais']	[2018, 2019, 2020, 2021, 2022]	134	66
6qFt3TjvxMt77YGsktWG8Z	Sofiane	['french hip hop', 'pop urbaine', 'rap conscient', 'rap francais']	[2017, 2018, 2019, 2020, 2021]	132	70
7DUTsWY3RBd64vh8UtgtYA	Lacrim	['arabic hip hop', 'french hip hop', 'pop urbaine', 'rap francais']	[2017, 2018, 2019, 2020, 2021, 2022]	132	65
3CnCGFxXbOA8bAK54jR8js	Vald	['french hip hop', 'pop urbaine', 'rap conscient']	[2017, 2018, 2019, 2020, 2021, 2022]	128	49
3TVXtAsR1Inumwj472S9r4	Drake	['canadian hip hop', 'canadian pop', 'hip hop', 'rap', 'toronto rap']	[2017, 2018, 2019, 2020, 2021]	126	58
5hREZP0zTQbTLkZ2M8RS4v	Djadja & Dinaz	['french hip hop', 'pop urbaine', 'rap conscient']	[2017, 2018, 2019, 2020, 2021, 2022]	125	5
2UwqpfQtNuhBwviIC0f2ie	Damso	['belgian hip hop', 'french hip hop', 'pop urbaine', 'r&b francais', 'rap belge', 'rap conscient']	[2017, 2018, 2019, 2020, 2021, 2022]	122	40
7CUFPNi1TU8RowpnFRSsZV	Niska	['french hip hop', 'pop urbaine', 'r&b francais']	[2017, 2018, 2019, 2020, 2021, 2022]	117	63
4LXBc13z5EWsc5N32bLxfH	Nekfeu	['french hip hop', 'pop urbaine', 'rap conscient']	[2017, 2018, 2019, 2020, 2021, 2022]	113	59
3DCWeG2J1fZeu0Oe6i5Q6m	PLK	['french hip hop', 'pop urbaine', 'rap conscient', 'rap francais']	[2018, 2019, 2020, 2021, 2022]	113	40
6HCBnyTBSLdb3TFn2ayulY	Leto	['french hip hop', 'pop urbaine', 'rap francais']	[2018, 2019, 2020, 2021, 2022]	112	62
2s7fZ34RK8RUJQ2ewsh6I5	RK	['french hip hop', 'pop urbaine', 'rap conscient', 'rap francais']	[2018, 2019, 2020, 2021, 2022]	112	35
0GOx72r5AAEKRGQFn3xqXK	GIMS	['french hip hop', 'french pop', 'r&b francais', 'rap conscient']	[2017, 2018, 2019, 2020, 2021, 2022]	109	63
1wAtSe79kItIb9nf5EhI2Q	Niro	['french hip hop', 'pop urbaine', 'rap francais']	[2017, 2018, 2019, 2020, 2021, 2022]	105	32
58wXmynHaAWI5hwlPZP3qL	Booba	['french hip hop', 'old school rap francais', 'pop urbaine', 'rap conscient']	[2017, 2018, 2019, 2020, 2021, 2022]	104	54
2z2TRvloJt4EfUNQp9rHAi	Alonzo	['french hip hop', 'pop urbaine', 'r&b francais', 'rap francais', 'rap marseille']	[2017, 2018, 2019, 2020, 2021, 2022]	100	65
1kwzW1IszUiq4Gs9BFesvW	Hornet La Frappe	['french hip hop', 'pop urbaine', 'rap francais']	[2017, 2018, 2019, 2020, 2021, 2022]	99	40
6L34dW6SKMSDaGIfYDU19j	Maes	['french hip hop', 'pop urbaine', 'rap francais']	[2018, 2019, 2020, 2021, 2022]	98	54
5gs4Sm2WQUkcGeikMcVHbh	Hamza	['belgian hip hop', 'cloud rap francais', 'french hip hop', 'pop urbaine', 'rap belge', 'rap francais']	[2017, 2018, 2019, 2020, 2021, 2022]	95	36
6ytOHdKh4xt4YvF7tz8Zcv	Kalash Criminel	['french hip hop', 'pop urbaine', 'rap francais']	[2017, 2018, 2019, 2020, 2021, 2022]	95	51
2ptKt4yP4mYRZmvi09JYyi	Timal	['french hip hop', 'pop urbaine', 'rap francais']	[2017, 2018, 2019, 2020, 2021, 2022]	92	25
7xNYY1Zkb1vks5m9ATlJok	Naza	['french hip hop', 'pop urbaine', 'r&b francais', 'rap francais']	[2017, 2018, 2019, 2020, 2021, 2022]	90	45
3xEJ7cDz5rdg6VM8E6Mqhf	DA Uzi	['french hip hop', 'pop urbaine', 'rap francais']	[2018, 2019, 2020, 2021, 2022]	87	35
63MCBZRiUdnqRsAOJwijiB	Sadek	['french hip hop', 'pop urbaine', 'rap francais']	[2017, 2018, 2019, 2020, 2021]	85	34
0GgY7hjMoGDsX8ZDe2mwds	Soolking	['french hip hop', 'pop urbaine', 'r&b francais', 'rap algerien']	[2018, 2019, 2020, 2021, 2022]	81	49
0Y5tJX1MQlPlqiwlOH1tJY	Travis Scott	['hip hop', 'rap', 'slap house']	[2017, 2018, 2019, 2020, 2021]	77	54
3YwqjMyrRfuixi2pbgTGCE	Heuss L'enfoiré	['french hip hop', 'pop urbaine', 'rap francais']	[2018, 2019, 2020, 2021, 2022]	73	56
66CXWjxzNUsdJxJ2JdwvnR	Ariana Grande	['pop']	[2017, 2018, 2019, 2020, 2021, 2022]	73	27
1Xyo4u8uXC1ZmMpatF05PJ	The Weeknd	['canadian contemporary r&b', 'canadian pop', 'pop']	[2017, 2018, 2019, 2020, 2021, 2022]	71	27
7dGJo4pcD2V6oG8kP0tJRR	Eminem	['detroit hip hop', 'hip hop', 'rap']	[2017, 2018, 2019, 2020, 2021, 2022]	65	33
25yJrwrn5I0EUdQEiTtNSO	Lefa	['french hip hop', 'pop urbaine', 'rap conscient', 'rap francais']	[2017, 2018, 2019, 2020, 2021, 2022]	63	28
2EFpb61Lpi0l5ldOiqbZkK	Landy	['french hip hop', 'pop urbaine', 'rap francais']	[2018, 2019, 2020, 2021, 2022]	62	30
7gU9VyFRN3JWPJ5oHOil60	Tayc	['pop urbaine', 'r&b francais']	[2019, 2020, 2021, 2022]	62	30
0LnhY2fzptb0QEs5Q5gM7S	Laylow	['cloud rap francais', 'french hip hop', 'pop urbaine']	[2017, 2019, 2020, 2021, 2022]	62	28
7IlRNXHjoOCgEAWN5qYksg	Aya Nakamura	['basshall', 'pop urbaine', 'r&b francais']	[2017, 2018, 2019, 2020, 2021, 2022]	61	21
1QPdp5duV6lV4XINCzjwQ2	Dinos	['french hip hop', 'pop urbaine', 'rap francais']	[2018, 2019, 2020, 2021, 2022]	61	23
4WnAHZz1pgl8hus8hidIRV	MHD	['french hip hop', 'pop urbaine', 'r&b francais']	[2017, 2018, 2019, 2021, 2022]	61	27
4FpJcNgOvIpSBeJgRg3OfN	Orelsan	['french hip hop', 'old school rap francais', 'rap conscient']	[2017, 2018, 2019, 2021, 2022]	59	23
7rTPCNINGzMp3Hc8Xqht5Z	13 Block	['french hip hop', 'pop urbaine', 'rap francais']	[2017, 2018, 2019, 2020, 2021]	58	11
6dbdXbyAWk2qx8Qttw0knR	Josman	['cloud rap francais', 'french hip hop', 'pop urbaine', 'rap conscient']	[2018, 2019, 2020, 2021, 2022]	58	10
246dkjvS1zLTtiykXe5h60	Post Malone	['dfw rap', 'melodic rap', 'pop', 'rap']	[2017, 2018, 2019, 2020, 2021, 2022]	57	31
76Pl0epAMXVXJspaSuz8im	Freeze corleone	['drill francais', 'french hip hop', 'melodic drill', 'pop urbaine', 'rap francais']	[2020, 2021, 2022]	57	46
2k8fAJK9HbH1FhqVpZL98P	YL	['french hip hop', 'pop urbaine', 'rap francais', 'rap marseille']	[2017, 2018, 2019, 2020, 2021, 2022]	55	24
62zLrboqOTPyozwi721CVy	Lorenzo	['french hip hop', 'pop urbaine', 'rap conscient']	[2017, 2018, 2019, 2020, 2021]	55	13
5K4W6rqBFWDnAN6FQUkS6x	Kanye West	['chicago rap', 'hip hop', 'rap']	[2017, 2018, 2019, 2020, 2021]	55	16
20pbz4TbpkBUr5JwYfGgPS	Kekra	['french hip hop', 'pop urbaine', 'rap francais']	[2018, 2019, 2020, 2021, 2022]	54	4
2pHk4wAmL7ofTAuvCIUWtv	Roméo Elvis	['belgian hip hop', 'french hip hop']	[2017, 2018, 2019, 2020, 2021]	53	29
0oeiA5U9u1U45Gos5cywUU	Soso Maness	['french hip hop', 'pop urbaine', 'rap francais', 'rap marseille']	[2020, 2021, 2022]	53	24
2LUi4eKMEFKFM4awgurcSs	4Keus	['french hip hop', 'pop urbaine', 'r&b francais', 'rap francais']	[2018, 2019, 2020]	52	25
54kCbQZaZWHnwwj9VP2hn4	Zola	['french hip hop', 'pop urbaine', 'r&b francais', 'rap francais']	[2018, 2019, 2020, 2021]	52	10
2yJ6lsLqG06r9bckSTQRt4	Zkr	['french hip hop', 'pop urbaine', 'rap francais']	[2020, 2021, 2022]	52	14
37ioGUZGhKk7VjWIocx8kM	DTF	['cloud rap francais', 'french hip hop', 'pop urbaine', 'rap conscient', 'rap francais']	[2017, 2018, 2019, 2020, 2021]	50	3
2eh8cEKZk4VeruUrGq748D	Rim'K	['arabic hip hop', 'french hip hop', 'pop urbaine', 'rap algerien', 'rap francais']	[2017, 2018, 2019, 2020, 2021, 2022]	50	27
4vtz0m60CCrcsQmqDunDIR	Moha La Squale	['french hip hop', 'pop urbaine', 'rap francais']	[2018, 2019, 2020]	50	0
7yeFMUrYTY5cAZx0GKXnti	Alpha Wann	['french hip hop', 'pop urbaine']	[2017, 2018, 2019, 2020, 2021, 2022]	50	28
5qisLjDrKoHMI9zOK2hfzs	Mister V	['french hip hop', 'pop urbaine', 'rap francais']	[2017, 2018, 2019, 2020, 2021]	49	19
6oMuImdp5ZcFhWP0ESe6mG	Migos	['atl hip hop', 'hip hop', 'rap', 'trap']	[2017, 2018, 2020, 2021]	49	25
05hirnMeVIzCrcUxbrysZU	Hatik	['french hip hop', 'pop urbaine', 'r&b francais']	[2020, 2021]	49	17
1uNFoZAHBGtllmzznpCI3s	Justin Bieber	['canadian pop', 'pop']	[2017, 2018, 2019, 2020, 2021, 2022]	48	33
5mmEMfYChd6MImBagU7zCs	Bigflo & Oli	['french pop', 'rap conscient']	[2017, 2018, 2019, 2020]	48	14
32UhRcgdXO6LdLhOpfIdxp	Rohff	['french hip hop', 'pop urbaine', 'rap conscient']	[2017, 2018, 2019, 2020, 2021]	48	14
3NH8t45zOTqzlZgBvZRjvB	PNL	['french hip hop', 'pop urbaine']	[2017, 2018, 2019, 2020, 2021, 2022]	47	0
6eUKZXaKkcviH0Ku9w2n3V	Ed Sheeran	['pop', 'singer-songwriter pop', 'uk pop']	[2017, 2018, 2019, 2020, 2021, 2022]	47	16
15UsOTVnJzReFVN1VCnxy4	XXXTENTACION	['emo rap', 'miami hip hop']	[2017, 2018, 2019, 2020, 2021]	47	12
1cA379ILgR07m7XQVXyP6Q	Sneazzy	['french hip hop', 'pop urbaine', 'rap francais']	[2017, 2018, 2019, 2020, 2021]	46	26
5olcgTzelGdyP1rHRLyWgs	S.Pri Noir	['french hip hop', 'pop urbaine', 'rap francais']	[2017, 2018, 2019, 2020, 2021]	46	28
0eDvMgVFoNV3TpwtrVCoTj	Pop Smoke	['brooklyn drill', 'rap']	[2019, 2020, 2021]	45	30
4MRRW42s9ymwa5zu4xTKJh	Kaza	['french hip hop', 'pop urbaine', 'r&b francais', 'rap francais']	[2019, 2020, 2021, 2022]	44	8
0YqeL4iGLLNiwRXZvew1TM	Larry	['french hip hop', 'pop urbaine', 'rap francais']	[2019, 2020, 2021]	44	8
5gqmbbfjcikQBzPB5Hv13I	Gazo	['drill francais', 'french hip hop', 'pop urbaine', 'r&b francais', 'rap francais']	[2020, 2021, 2022]	44	33
5AAzeysphag0NxJxLbbVla	Columbine	['french hip hop', 'rap conscient']	[2017, 2018, 2019, 2020]	42	2
3QVolfxko2UyCOtexhVTli	Angèle	['belgian pop', 'french pop', 'variete francaise']	[2018, 2019, 2020, 2021, 2022]	42	9
2kIs76sEGiulKeqetZq6ua	Jok'air	['french hip hop', 'pop urbaine', 'r&b francais']	[2017, 2018, 2019, 2020, 2021, 2022]	42	23
2HALYSe657tNJ1iKVXP2xA	Johnny Hallyday	['chanson', 'french pop', 'ye ye']	[2017, 2018, 2019, 2021]	42	1
53XhwfbYqKCa1cC15pYq2q	Imagine Dragons	['modern rock', 'pop', 'rock']	[2017, 2018, 2019, 2020, 2021, 2022]	42	5
5nH2klYTzn8CNvUv1GOGQO	Eva	['pop urbaine', 'r&b francais']	[2018, 2019, 2020, 2021, 2022]	41	11
3b5bg1k6N9u31OtzSfK2dP	Dosseh	['french hip hop', 'pop urbaine', 'rap francais']	[2017, 2018, 2019, 2020, 2021]	41	19
5WUlDfRSoLAfcVSX1WnrxN	Sia	['australian dance', 'australian pop', 'pop']	[2017, 2018, 2019, 2020, 2021, 2022]	41	25
1Cs0zKBU1kc0i8ypK3B9ai	David Guetta	['big room', 'dance pop', 'edm', 'pop', 'pop dance']	[2017, 2018, 2019, 2020, 2021, 2022]	40	36
4eYnorQRhVHT2KBl2UyHHd	Vegedream	['french hip hop', 'pop urbaine', 'r&b francais']	[2018, 2019, 2020, 2021, 2022]	39	18
1Yfe3ONJlioHys7jwHdfVm	Lomepal	['french hip hop', 'rap conscient']	[2017, 2018, 2019, 2020, 2021, 2022]	38	12
6qqNVTkY8uBg9cP3Jd7DAH	Billie Eilish	['art pop', 'electropop', 'pop']	[2018, 2019, 2020, 2021]	38	3
66Ok6bgC570sHkw08N20pZ	OBOY	['french hip hop', 'pop urbaine', 'rap francais']	[2019, 2020, 2021, 2022]	38	11
46wEUZyujVrFSrdCnTKQmV	Marwa Loud	['french hip hop', 'pop urbaine', 'r&b francais']	[2017, 2018, 2019, 2020, 2021]	38	14
1URnnhqYAYcrqrcwql10ft	21 Savage	['atl hip hop', 'hip hop', 'rap', 'trap']	[2017, 2018, 2019, 2020, 2021]	38	27
1mMUzAMrNqoTHgtxA0dZi6	Caballero & JeanJass	['belgian hip hop', 'french hip hop']	[2018, 2019, 2020]	37	21
3Nrfpe0tUJi4K4DXYWgMUX	BTS	['k-pop', 'k-pop boy group', 'pop']	[2017, 2018, 2019, 2020, 2021, 2022]	36	6
0LKAV3zJ8a8AIGnyc5OvfB	SDM	['french hip hop', 'pop urbaine', 'r&b francais', 'rap francais']	[2020, 2021, 2022]	36	17
2tcoLkA9Hexz70Kuc1NTUl	Gradur	['french hip hop', 'pop urbaine', 'r&b francais', 'rap francais']	[2017, 2018, 2019, 2020, 2021, 2022]	35	14
7x3eTVPlBiPjXHn3qotY86	KeBlack	['french hip hop', 'pop urbaine', 'r&b francais']	[2017, 2018, 2019, 2020, 2021, 2022]	34	21
7CW7QdOgRStOg7JktRuZ3E	Imen Es	['pop urbaine', 'r&b francais']	[2018, 2019, 2020, 2021, 2022]	34	19
4Ue6MAZqz18NlaOQomRXLU	1PLIKÉ140	['drill francais', 'french hip hop', 'pop urbaine', 'rap francais']	[2020, 2021, 2022]	34	1
1RyvyyTE3xzB2ZywiAwp0i	Future	['atl hip hop', 'hip hop', 'rap', 'southern hip hop', 'trap']	[2017, 2018, 2019, 2020, 2021, 2022]	33	26
6HhnhnxLsowYuuejvku0Bz	Lartiste	['french hip hop', 'pop urbaine']	[2017, 2018, 2019, 2020, 2021]	33	21
7kyIBL1EYouLqC8vw7IOui	L'Algérino	['french hip hop', 'pop urbaine', 'rap algerien', 'rap marseille']	[2017, 2018, 2019, 2020, 2021]	33	22
6M2wZ9GZgrQXHCFfjv46we	Dua Lipa	['dance pop', 'pop', 'uk pop']	[2017, 2018, 2019, 2020, 2021, 2022]	32	19
0VRj0yCOv2FXJNP47XQnx5	Quavo	['atl hip hop', 'melodic rap', 'rap', 'trap']	[2017, 2018, 2019, 2020, 2021]	32	31
07h4CCFmlXkwx0g4PL5Uuh	Guy2Bezbar	['french hip hop', 'pop urbaine', 'rap francais']	[2017, 2021, 2022]	32	16
7jVv8c5Fj3E9VhNjxT4snq	Lil Nas X	['lgbtq+ hip hop']	[2019, 2020, 2021, 2022]	31	12
1lB3I3SI30v2ZOpR4XQqzJ	Gambi	['french hip hop', 'pop urbaine', 'rap francais']	[2019, 2020, 2021]	31	7
2YZyLoL8N0Wb9xBt1NhZWg	Kendrick Lamar	['conscious hip hop', 'hip hop', 'rap', 'west coast rap']	[2017, 2018, 2020, 2021]	31	16
791x09Ix1mNc1hGhbD7IOW	Le classico organisé	[]	[2021, 2022]	31	31
6Mm2g25BTeJ6BICPFWGkPg	Bosh	['french hip hop', 'pop urbaine', 'r&b francais', 'rap francais']	[2020, 2021]	31	12
0cMsSWXCY2Wag16luxN6fL	Jazzy Bazz	['french hip hop']	[2017, 2018, 2022]	30	16
2ubn2zwyYaLdHOCKnTouU2	Ziak	['drill francais', 'french hip hop', 'pop urbaine']	[2021, 2022]	30	2
2RJBv9wXbW6m539q9NOfW1	Soprano	['french hip hop', 'french pop', 'rap marseille']	[2017, 2018, 2019, 2020, 2021]	29	18
4kYSro6naA4h99UJvo89HB	Cardi B	['pop', 'rap']	[2017, 2018, 2019, 2020, 2021]	28	23
5U05AU34EcZ8pfohg2dicI	UZI	['french hip hop', 'pop urbaine', 'rap francais']	[2020, 2021, 2022]	28	9
1SxuyHZnLUFyFHGzdGaxZk	Wejdene	['r&b francais']	[2020, 2021]	28	6
1vyhD5VmyZ7KMfW5gqLgo5	J Balvin	['reggaeton', 'reggaeton colombiano', 'trap latino', 'urbano latino']	[2017, 2018, 2019, 2020, 2021]	27	26
0hCNtLu0JehylgoiP8L4Gh	Nicki Minaj	['hip pop', 'pop', 'queens hip hop', 'rap']	[2017, 2018, 2019, 2020, 2021]	27	24
540vIaP2JwjQb9dm3aArA4	DJ Snake	['edm', 'electronic trap', 'pop', 'pop dance']	[2017, 2018, 2019, 2020, 2021, 2022]	27	22
4nDoRrQiYLoBzwC5BhVJzF	Camila Cabello	['dance pop', 'pop']	[2017, 2018, 2019, 2020, 2021, 2022]	27	15
74YbW6s8CZdaYLxJU9HeS7	Mister You	['french hip hop', 'pop urbaine']	[2017, 2019, 2020, 2021, 2022]	27	21
20amiDsCI5EwB6xy37h44k	MMZ	['cloud rap francais', 'french hip hop', 'pop urbaine', 'rap conscient', 'rap francais']	[2017, 2018, 2019]	27	2
0C8ZW7ezQVs4URX5aX7Kqx	Selena Gomez	['pop', 'post-teen pop']	[2017, 2018, 2019, 2020, 2021]	26	13
7gZfnEnfiaHzxARJ2LeXrf	6ix9ine	['emo rap']	[2018, 2019, 2020]	25	19
1vCWHaC5f2uS3yhpwWbIA6	Avicii	['edm', 'pop', 'pop dance']	[2017, 2018, 2019]	25	12
6LuN9FCkKOj5PcnpouEgny	Khalid	['pop', 'pop r&b']	[2017, 2018, 2019, 2020, 2021]	25	20
3J7r4VsNmuWixU0nXvyPd8	Kalash	['cloud rap francais', 'french hip hop', 'pop urbaine', 'rap antillais', 'trap antillais']	[2017, 2018, 2019, 2021, 2022]	25	17
3p4FNslxuuEYSEnMsx4YI1	Hooss	['french hip hop', 'pop urbaine', 'rap francais', 'rap marseille']	[2017, 2018, 2019]	25	5
3gz8sBWqcMQ0qsrZIoVphx	Hayce Lemsi	['french hip hop', 'pop urbaine', 'rap francais']	[2017, 2018, 2021]	25	8
5l8WyvJ50fdSghK2ySNq1y	Luv Resval	['french hip hop', 'pop urbaine', 'rap francais']	[2020, 2021, 2022]	25	11
50co4Is1HCEo8bhOyUWKpn	Young Thug	['atl hip hop', 'atl trap', 'gangster rap', 'melodic rap', 'rap', 'trap']	[2017, 2018, 2019, 2020, 2021, 2022]	24	24
1HY2Jd0NmPuamShAr6KMms	Lady Gaga	['art pop', 'dance pop', 'pop']	[2017, 2018, 2019, 2020, 2021, 2022]	24	8
3vUMXQ9kPnZAQkMkZZ7Hfh	Tiakola	['french hip hop', 'pop urbaine']	[2019, 2020, 2021, 2022]	24	21
4uJNQGa3L2frXDxwgouTIw	Franglish	['french hip hop', 'pop urbaine', 'r&b francais']	[2017, 2018, 2019, 2020, 2021, 2022]	24	20
0qO3t2MHM5NIEJ5fw9VndY	Benab	['french hip hop', 'pop urbaine', 'rap francais']	[2019, 2020, 2021, 2022]	24	13
0QcZD8V0Ug1KINWBSyG0dB	Alkpote	['french hip hop', 'pop urbaine', 'rap francais']	[2019, 2020, 2021]	23	15
1rT9J8vtPCzEKL7oGntxnr	Rémy	['french hip hop', 'pop urbaine', 'rap francais']	[2017, 2018, 2019, 2020, 2021, 2022]	23	11
5j4HeCoUlzhfWtjAfM1acR	Stromae	['belgian pop', 'g-house']	[2017, 2018, 2019, 2020, 2021, 2022]	23	1
3tTvSeZiFDP3CY5EdPGcR4	ASHE 22	['drill francais', 'french hip hop', 'pop urbaine', 'rap francais', 'rap lyonnais']	[2020, 2021, 2022]	23	21
0xECfhlRzRRIIe2Co5HX6n	Squeezie	['chanson virale']	[2019, 2020, 2021, 2022]	22	8
23fqKkggKUBHNkbKtXEls4	Kygo	['edm', 'pop', 'pop dance', 'tropical house']	[2017, 2018, 2019, 2020, 2021]	22	22
69GGBxA162lTqCwzJG5jLp	The Chainsmokers	['electropop', 'pop']	[2017, 2018, 2019]	22	13
5RaQ9nmVGoTye2SI76x3yw	Kofs	['french hip hop', 'pop urbaine', 'r&b francais', 'rap francais', 'rap marseille']	[2018, 2019, 2020, 2021, 2022]	22	21
6XyY86QOPPrYVGvF9ch6wz	Linkin Park	['alternative metal', 'nu metal', 'post-grunge', 'rap metal', 'rock']	[2017]	22	3
3MNnSV5hDd2UzZzgqD8xlU	Shay	['french hip hop', 'pop urbaine', 'r&b francais']	[2017, 2018, 2019]	21	3
7rFugkk9ZvVB1zXHg8h0rj	Eddy de Pretto	['french pop', 'french rock', 'pop quebecois']	[2018, 2019, 2021]	21	1
7CajNmpbOovFoOoasH2HaY	Calvin Harris	['dance pop', 'edm', 'electro house', 'house', 'pop', 'progressive house', 'uk dance']	[2017, 2018, 2019, 2020, 2021]	20	18
06HL4z0CvFAxyc27GXpf02	Taylor Swift	['pop']	[2017, 2019, 2020, 2021]	20	4
1E8w172gkuT5htpwaIEsEl	Népal	['french hip hop']	[2017, 2019, 2020, 2021]	20	7
5E62kscxqQ6HRcRRsxm1n1	Moubarak	['rap marseille']	[2017, 2018, 2019, 2020, 2021]	20	19
0fA0VVWsXO9YnASrzqfmYu	Kid Cudi	['hip hop', 'ohio hip hop', 'pop rap', 'rap']	[2017, 2018, 2019, 2020, 2021, 2022]	20	8
2hgP9Ap2tc10R5jrQaEpMT	Charles Aznavour	['chanson']	[2017, 2018, 2019, 2020]	20	1
4dpARuHxo51G3z768sgnrY	Adele	['british soul', 'pop', 'pop soul', 'uk pop']	[2017, 2021, 2022]	20	0
3dH7pcBScIJQboDyMzUzez	GLK	['french hip hop', 'pop urbaine', 'rap francais']	[2017, 2018, 2019, 2020, 2021]	19	13
26zgIfFyTCImkHAp5gwKW8	Joé Dwèt Filé	['r&b francais']	[2019, 2020, 2021, 2022]	19	7
7n2wHs1TKAczGzO7Dd2rGr	Shawn Mendes	['canadian pop', 'pop', 'viral pop']	[2017, 2018, 2019, 2020, 2021, 2022]	19	8
4wuKH89QtnyauwNpBMp5RP	Hugo TSR	['french hip hop', 'rap conscient']	[2017, 2021]	19	1
4tZwfgrHOc3mvqYlEYSvVi	Daft Punk	['electro', 'filter house', 'rock']	[2017, 2018, 2021]	19	9
4krMq8pXkLVTGplpYgHlnV	Ronisia	['r&b francais']	[2020, 2021, 2022]	19	6
3t5xRXzsuZmMDkQzgOX35S	Robin Schulz	['deep euro house', 'deep house', 'edm', 'german dance', 'pop dance', 'tropical house']	[2017, 2018, 2019, 2020, 2021, 2022]	18	17
04gDigrS5kc9YWfZHwBETP	Maroon 5	['pop']	[2017, 2018, 2019, 2020, 2021]	18	15
1LYOKaB67uPrzpNMIk10k9	Brulux	['french hip hop', 'pop urbaine', 'rap francais']	[2017, 2019, 2020, 2021]	18	10
7c0XG5cIJTrrAgEC3ULPiq	Ty Dolla $ign	['hip hop', 'pop rap', 'r&b', 'southern hip hop', 'trap', 'trap soul']	[2017, 2018, 2019, 2020, 2021]	18	18
738wLrAtLtCtFOLvQBXOXp	Major Lazer	['dance pop', 'edm', 'electro house', 'moombahton', 'pop', 'pop dance']	[2017, 2018, 2019, 2020, 2021]	18	18
5QuZ9HdvnXcX8kEG782Phv	Le Rat Luciano	['french hip hop', 'old school rap francais', 'rap marseille']	[2017, 2018, 2020, 2021, 2022]	18	18
78Die3Gb8yaElTmGCa7m7N	Kore	['french hip hop', 'pop urbaine', 'rap francais']	[2021, 2022]	18	18
19u3RGWKsjmbg9eI6zAiNp	13 Organisé	['french hip hop', 'pop urbaine']	[2020, 2021, 2022]	18	18
2wY79sveU1sp5g7SokKOiI	Sam Smith	['pop', 'uk pop']	[2017, 2018, 2019, 2020, 2021]	17	3
5fMUXHkw8R8eOP2RNVYEZX	Diplo	['edm', 'electro house', 'moombahton', 'pop dance']	[2017, 2018, 2019, 2020]	17	17
6pdcQa7by8IKuoVXvgknlI	Rilès	['french hip hop']	[2017, 2018, 2019, 2021]	17	0
0gGcw3tA1fZoF23qa8KFb7	Bolémvn	['french hip hop', 'pop urbaine', 'rap francais']	[2018, 2019, 2020, 2021, 2022]	17	15
1afjj7vSBkpIjkiJdSV6bV	Médine	['french hip hop', 'rap conscient']	[2017, 2018, 2019, 2020]	17	9
1i8SpTcr7yvPOmcqrbnVXY	Ozuna	['puerto rican pop', 'reggaeton', 'trap latino', 'urbano latino']	[2017, 2018, 2019, 2020, 2021, 2022]	17	15
04AIS3XqFcq2k8w3Tx4AmU	Siboy	['french hip hop', 'pop urbaine', 'rap francais']	[2017, 2018, 2019, 2020]	17	5
0mnNM5o7vtxo3ivC7Tmoah	Chily	['french hip hop', 'pop urbaine', 'rap congolais', 'rap francais']	[2019, 2020]	17	5
7tYKF4w9nC0nq9CsPZTHyP	SZA	['pop', 'r&b', 'rap']	[2017, 2018, 2019, 2021, 2022]	17	16
4IS4EyXNmiI2w5SRCjMtEF	Kendji Girac	['french pop']	[2017, 2018, 2019, 2020, 2021, 2022]	17	8
2OTfhbxhBO1u1bAuCy6ouu	Deen Burbigo	['french hip hop']	[2017, 2020, 2021]	17	9
4r63FhuTkUYltbVAg5TQnk	DaBaby	['hip hop', 'north carolina hip hop', 'rap', 'trap']	[2019, 2020, 2021]	16	12
1WDkNp8Duv9QhO246S4dDa	Bramsito	['french hip hop', 'pop urbaine', 'r&b francais', 'rap francais']	[2018, 2019, 2020, 2021]	16	12
2hlmm7s2ICUX0LVIhVFlZQ	Gunna	['atl hip hop', 'melodic rap', 'rap', 'trap']	[2018, 2019, 2020, 2021, 2022]	16	13
1zNqQNIdeOUZHb8zbZRFMX	Swae Lee	['melodic rap', 'rap', 'trap']	[2017, 2018, 2019, 2020, 2021]	16	16
26VFTg2z8YR0cCuwLzESi2	Halsey	['electropop', 'etherpop', 'indie poptimism', 'pop']	[2017, 2018, 2019, 2020]	16	9
55Aa2cqylxrFIXC767Z865	Lil Wayne	['hip hop', 'new orleans rap', 'pop rap', 'rap', 'trap']	[2017, 2018, 2019, 2020, 2021, 2022]	16	14
5pKCCKE2ajJHZ9KAiaK11H	Rihanna	['barbadian pop', 'pop', 'urban contemporary']	[2017, 2018, 2019, 2020, 2021, 2022]	16	11
6gK1Uct5FEdaUWRWpU4Cl2	Petit Biscuit	['new french touch']	[2017, 2018, 2019]	16	10
41MozSoPIsD1dJM0CLPjZF	BLACKPINK	['k-pop', 'k-pop girl group', 'pop']	[2018, 2019, 2020]	16	6
4MCBfE4596Uoi2O4DtmEMz	Juice WRLD	['chicago rap', 'melodic rap', 'rap']	[2018, 2019, 2020, 2021]	16	8
4LLrhUqUv2Mi1NhHz0pjXd	Le Motel	['belgian pop']	[2018, 2019]	16	16
4oVERQ0AxzzQ4zip1nMKlt	Gringe	['cloud rap francais', 'french hip hop', 'rap conscient']	[2018, 2021, 2022]	16	7
2feDdbD5araYcm6JhFHHw7	Labrinth	['indie poptimism', 'pop']	[2018, 2019, 2021, 2022]	15	14
4npEfmQ6YuiwW1GpUmaq3F	Ava Max	['pop']	[2018, 2019, 2020, 2021, 2022]	15	2
281AuR0rWkBECMeaAB0pSA	Ateyaba	['french hip hop', 'pop urbaine']	[2017, 2018, 2019, 2020, 2021]	15	1
5cj0lLjcoR7YOSnhnX0Po5	Doja Cat	['dance pop', 'pop']	[2020, 2021, 2022]	15	9
5Y5EJ20jDQkkB213zwuDXR	menace Santana	[]	[2021, 2022]	15	0
1HH5TlkjRt2FG8dpkWNm5j	ISK	['french hip hop', 'pop urbaine', 'rap francais']	[2020, 2021, 2022]	15	7
5y2Xq6xcjJb2jVM54GHK3t	John Legend	['neo soul', 'pop', 'pop soul', 'urban contemporary']	[2017, 2018, 2019, 2020, 2021]	14	9
0aXaZj4wB5jLF2E2d8WEVi	47ter	['rap conscient', 'variete francaise']	[2019, 2020, 2021]	14	0
6vWDO969PvNqNYHIOW5v0m	Beyoncé	['pop', 'r&b']	[2017, 2018, 2019, 2020, 2021]	14	11
1FhFAnXsMLYJhRVBKvcdHU	PRIME	['french hip hop', 'pop urbaine', 'rap francais']	[2017, 2018, 2019, 2020, 2021]	14	0
0QHgL1lAIqAw0HtD7YldmP	DJ Khaled	['hip hop', 'miami hip hop', 'pop rap', 'rap']	[2017, 2018, 2019, 2020, 2021]	14	14
0du5cEVh5yTK9QJze8zA0C	Bruno Mars	['dance pop', 'pop']	[2017, 2018, 2019, 2020, 2021, 2022]	14	9
0iEtIxbK0KxaSlF7G42ZOp	Metro Boomin	['rap']	[2017, 2018, 2020]	14	14
22HVxZPA6UhBp8wahxDA6I	France Gall	['chanson', 'ye ye']	[2018]	14	0
2RdwBSPQiwcmiDo9kixcl8	Pharrell Williams	['dance pop', 'pop']	[2017, 2018, 2019, 2020, 2021]	13	11
00FQb4jTyendYWaN8pK0wa	Lana Del Rey	['art pop', 'pop']	[2017, 2019]	13	6
4OV6uYSnHxSYkjDYuBVBUz	Slimane	['french pop']	[2017, 2018, 2019, 2020, 2021]	13	12
4Gso3d4CscCijv0lmajZWs	Don Toliver	['rap', 'trap']	[2019, 2020, 2021]	13	7
60d24wfXkVzDSfLS6hyCjZ	Martin Garrix	['dutch edm', 'edm', 'pop', 'pop dance', 'progressive house']	[2017, 2018, 2019, 2021, 2022]	13	12
4reog9Hn84AuUWvGX5a2Yq	Zed	['cloud rap francais', 'french hip hop', 'pop urbaine', 'rap francais']	[2018, 2019, 2020, 2021, 2022]	13	13
4gzpq5DPGxSnKTe4SA8HAU	Coldplay	['permanent wave', 'pop']	[2017, 2018, 2019, 2020, 2021, 2022]	13	6
5DW7NxqQ2875JtjuV7KMn4	Youssoupha	['french hip hop', 'pop urbaine', 'rap conscient']	[2017, 2018, 2019, 2021, 2022]	13	8
4Nrd0CtP8txoQhnnlRA6V6	Vianney	['chanson', 'french pop']	[2017, 2018, 2019, 2020, 2021, 2022]	13	5
13ubrt8QOOCPljQ2FL1Kca	A$AP Rocky	['east coast hip hop', 'hip hop', 'rap', 'trap']	[2017, 2018]	13	10
2sBKOwN0fSjx39VtL2WpjJ	La Fève	[]	[2021, 2022]	13	2
3p6dh3Zn4fVXJatMy3Xqzq	Osirus Jack	['french hip hop', 'rap francais']	[2020, 2021, 2022]	13	4
5LHRHt1k9lMyONurDHEdrp	Tyga	['hip hop', 'pop rap', 'rap', 'trap']	[2018, 2019, 2020]	12	10
6jJ0s89eD6GaHleKKya26X	Katy Perry	['pop']	[2017, 2018, 2019, 2020]	12	8
07YZf4WDAMNwqr4jfgOZ8y	Jason Derulo	['dance pop', 'pop']	[2017, 2018, 2019, 2020, 2021, 2022]	12	8
1HBjj22wzbscIZ9sEb5dyf	Jonas Blue	['pop', 'pop dance', 'tropical house', 'uk dance']	[2017, 2018, 2019]	12	12
5CCwRZC6euC8Odo6y9X8jr	Rita Ora	['dance pop', 'pop', 'uk pop']	[2017, 2018, 2019, 2021]	12	8
1GxkXlMwML1oSg5eLPiAz3	Michael Bublé	['adult standards', 'canadian pop', 'jazz pop', 'lounge']	[2017, 2018, 2019, 2020, 2021]	12	4
6QS84S3i4gwdEKqWoTtDLd	La Fouine	['arabic hip hop', 'french hip hop', 'pop urbaine']	[2017, 2018, 2019, 2020]	12	0
5vnUF9uAL0ly7qw25ERLuC	TK	['french hip hop', 'pop urbaine', 'rap francais', 'rap marseille']	[2018, 2019, 2020, 2021]	12	9
3RJNCnIkqvVwEicgGo2nqJ	Dinor rdt	['french hip hop', 'pop urbaine', 'rap francais']	[2019, 2020, 2021]	12	7
1KCSPY1glIKqW2TotWuXOR	P!nk	['dance pop', 'pop']	[2017, 2018, 2019, 2021, 2022]	12	5
1eTRyiHsWMoWKPD6s4Kiqt	Lujipeka	['french hip hop', 'rap calme']	[2018, 2019, 2020, 2021, 2022]	12	4
5Pwc4xIPtQLFEnJriah9YJ	OneRepublic	['piano rock', 'pop']	[2017, 2018, 2019, 2020, 2021, 2022]	12	5
5f7VJjfbwm532GiveGC0ZK	Lil Baby	['atl hip hop', 'atl trap', 'rap', 'trap']	[2018, 2019, 2020, 2021]	11	11
0Ntl0oWMPWfBOoi9Qcr9ht	Vitaa	['french pop', 'r&b francais']	[2018, 2019, 2020, 2021, 2022]	11	11
1yxSLGMDHlW21z4YXirZDS	Black Eyed Peas	['dance pop', 'pop', 'pop rap']	[2017, 2018, 2019, 2020, 2021, 2022]	11	8
1r4hJ1h58CWwUQe3MxPuau	Maluma	['latin pop', 'reggaeton', 'reggaeton colombiano', 'urbano latino']	[2017, 2018, 2019, 2020]	11	8
5YGY8feqx7naU7z4HrwZM6	Miley Cyrus	['pop']	[2017, 2018, 2019, 2020, 2021]	11	6
1CoZyIx7UvdxT5c8UkMzHd	Jorja Smith	['r&b', 'uk contemporary r&b']	[2017, 2018, 2019, 2020, 2021]	11	4
4V8LLVI7PbaPR0K2TGSxFF	Tyler, The Creator	['hip hop', 'rap']	[2019, 2021, 2022]	11	6
1dfeR4HaWDbWqFHLkxsg1d	Queen	['classic rock', 'glam rock', 'rock']	[2017, 2018, 2019, 2020, 2021, 2022]	11	1
53loJtHWjCG1TyKarW2mzk	Benash	['french hip hop', 'pop urbaine', 'rap francais']	[2017, 2018, 2019, 2021]	11	7
6S2OmqARrzebs0tKUEyXyp	Demi Lovato	['pop', 'post-teen pop']	[2017, 2018, 2019, 2020, 2021]	11	7
5P3mgWx3KvnURMhlVm5pMS	Youv Dee	['french hip hop', 'rap francais']	[2019, 2020, 2021]	11	2
6sYR8JTRUUUzSD9IydLhfG	Guizmo	['french hip hop', 'pop urbaine', 'rap francais']	[2017, 2018]	11	2
6Xc0KDqzw5u6EQLgdfeoKO	Georgio	['french hip hop']	[2018, 2020, 2021]	11	8
7bXgB6jMjp9ATFy66eO08Z	Chris Brown	['r&b', 'rap']	[2017, 2018, 2019, 2020, 2021, 2022]	10	7
6l3HvQ5sa6mXTsMTB19rO5	J. Cole	['conscious hip hop', 'hip hop', 'north carolina hip hop', 'rap']	[2018, 2019, 2021]	10	4
4AKwRarlmsUlLjIwt38NLw	Ofenbach	['pop dance']	[2017, 2018, 2019, 2020, 2021, 2022]	10	8
4Q6nIcaBED8qUel8bBx6Cr	Jax Jones	['dance pop', 'edm', 'house', 'pop dance', 'uk dance', 'uk pop']	[2017, 2018, 2019, 2021]	10	10
1bj5GrcLom5gZFF5t949Xl	Martin Solveig	['disco house', 'edm', 'electro house', 'filter house', 'house', 'pop dance', 'vocal house']	[2017, 2018, 2019]	10	9
4q3ewBCX7sLwd24euuV69X	Bad Bunny	['reggaeton', 'trap latino', 'urbano latino']	[2018, 2019, 2020, 2021]	10	9
64M6ah0SkkRsnPGtGiRAbb	Bebe Rexha	['dance pop', 'pop']	[2017, 2018, 2019, 2020, 2021]	10	7
5MynxBz4ZMqvUzpcxTZl4C	Therapie TAXI	['french indie pop', 'french pop', 'new french touch']	[2018, 2019, 2020, 2021, 2022]	10	2
1PTl9q5EaEZejVGts7MBLN	Mac Tyer	['french hip hop', 'pop urbaine', 'rap francais']	[2017, 2018, 2019, 2020, 2021]	10	10
3JhNCzhSMTxs9WLGJJxWOY	Macklemore	['pop rap', 'seattle hip hop']	[2017, 2018, 2019, 2020, 2021, 2022]	10	10
5f6nz3iqzrfiUfKOIKvLvd	Nemir	['french hip hop', 'rap calme']	[2017, 2018, 2019, 2020, 2021, 2022]	10	10
6KImCVD70vtIoJWnq6nGn3	Harry Styles	['pop']	[2017, 2018, 2019, 2020, 2021, 2022]	10	0
3Isy6kedDrgPYoTS1dazA9	Sean Paul	['dance pop', 'dancehall', 'pop', 'pop rap']	[2017, 2018, 2019, 2020, 2021, 2022]	10	10
4yLgYK2B5nZjZMBiaLyLyK	Doums	['french hip hop', 'rap francais']	[2017, 2018, 2019, 2020, 2021]	10	9
2HHmvvSQ44ePDH7IKVzgK0	Jain	['french pop']	[2017, 2018, 2019]	10	0
2GlEiSHYEKlq9cUYDa9oZb	Lynda	['r&b francais']	[2019, 2020, 2021, 2022]	10	7
6vXTefBL93Dj5IqAWq6OTv	French Montana	['hip hop', 'pop rap', 'rap', 'southern hip hop', 'trap']	[2017, 2018, 2019]	10	10
7wjeXCtRND2ZdKfMJFu6JC	Louane	['french pop']	[2017, 2018, 2019, 2020, 2021, 2022]	10	2
4O15NlyKLIASxsJ0PrXPfz	Lil Uzi Vert	['melodic rap', 'philly rap', 'rage rap', 'rap', 'trap']	[2017, 2018, 2020, 2021]	10	6
2IoSLl3tqYMq9DzR0d6NJN	Elams	['french hip hop', 'pop urbaine', 'rap francais', 'rap marseille']	[2018, 2020, 2021, 2022]	10	10
181bsRPaVXVlUKXrxwZfHK	Megan Thee Stallion	['houston rap', 'pop', 'rap', 'trap queen']	[2020, 2021, 2022]	10	9
6zrOXBaNn0DqJeXxgC2eyH	Houari	['pop urbaine']	[2020, 2021, 2022]	10	10
1nODcAdzs2eLjAp6AsrMzA	Michou	['chanson virale']	[2020]	10	1
6IZ4ctovY9dl7bgHClAvKJ	LSD	[]	[2018, 2019]	9	9
5KnoVkIUGmK0PiDKMjz2LM	Feder	['new french touch']	[2017, 2018, 2019, 2021]	9	7
2oVrruuEI0Dr2I4NvLtQS0	Clara Luciani	['chanson', 'french pop']	[2017, 2019, 2020, 2021, 2022]	9	2
6IflU2YrY5Cyw7YoBICosV	Fally Ipupa	['azontobeats', 'musique urbaine kinshasa', 'ndombolo', 'r&b francais', 'rumba congolaise']	[2017, 2018, 2019, 2020, 2021]	9	9
6Xgp2XMz1fhVYe7i6yNAax	Trippie Redd	['melodic rap', 'rap', 'trap']	[2017, 2018, 2019, 2021]	9	5
0VF7XcB73fBSIfX9hOTVij	Dabs	['french hip hop', 'pop urbaine', 'r&b francais', 'rap francais']	[2017, 2018, 2019, 2020, 2021]	9	7
3nFkdlSjzX9mRTtwJOzDYB	JAY-Z	['east coast hip hop', 'gangster rap', 'hip hop', 'pop rap', 'rap']	[2017, 2018, 2019, 2021]	9	9
5ZsFI1h6hIdQRw2ti0hz81	ZAYN	['pop', 'uk pop']	[2017, 2018, 2019, 2020]	9	7
6rl53MP8HSoiugpqzA50Zh	Amir	['french pop']	[2017, 2018, 2019, 2020, 2021, 2022]	9	2
4DdkRBBYG6Yk9Ka8tdJ9BW	Offset	['atl hip hop', 'rap', 'trap']	[2017, 2018, 2019]	9	9
3AGggQTwJaSofLcpDlYhV4	Still Fresh	['french hip hop', 'pop urbaine', 'r&b francais']	[2017, 2018, 2019, 2021]	9	5
1zNqDE7qDGCsyzJwohVaoX	Anne-Marie	['pop']	[2017, 2018, 2019]	9	5
3PhoLpVuITZKcymswpck5b	Elton John	['glam rock', 'mellow gold', 'piano rock', 'rock']	[2017, 2018, 2019, 2020, 2021, 2022]	9	6
31TPClRtHm23RisEBtV3X7	Justin Timberlake	['dance pop', 'pop']	[2017, 2018]	9	3
6extd4B6hl8VTmnlhpl2bY	Huncho Jack	['melodic rap', 'trap']	[2017]	9	9
60glra0QYcARAJr4OeJVNP	blondette	[]	[2021]	9	9
7cOjsQCBOubFpm77Wh7pan	sweet planet	[]	[2021]	9	9
4az97MtWmBQ5Db3GfDh9j9	Morad	['drill espanol', 'urbano espanol']	[2020, 2021, 2022]	9	9
7FXX45sHqoQoCwqtG0ZV8H	Solda	[]	[2020, 2021, 2022]	9	9
3x3gsBtmPOSQVqdBzO7N5E	Nahir	['cloud rap francais', 'french hip hop', 'rap francais']	[2020, 2021, 2022]	9	8
5KKpBU5eC2tJDzf0wmlRp2	RAYE	['uk contemporary r&b', 'uk pop']	[2017, 2018, 2019, 2020, 2021]	8	8
3wyVrVrFCkukjdVIdirGVY	Lil Pump	['emo rap', 'miami hip hop', 'pop rap', 'rap', 'trap']	[2017, 2018, 2019]	8	4
6ZjFtWeHP9XN7FeKSUe80S	Bing Crosby	['adult standards', 'easy listening', 'lounge']	[2017, 2018, 2019, 2020, 2021]	8	2
0JxUh8qDlG3xflSV9Of500	100 Blaze	['french hip hop', 'pop urbaine', 'rap francais', 'rap marseille']	[2019, 2020, 2021]	8	8
5rGrDvrLOV2VV8SCFVGWlj	Imanbek	['electro house', 'pop dance', 'slap house']	[2019, 2020, 2021]	8	8
7guDJrEfX3qb6FEbdPA5qi	Stevie Wonder	['motown', 'soul']	[2017, 2018, 2019, 2020, 2021]	8	1
64KEffDW9EtZ1y2vBYgq8T	Marshmello	['brostep', 'edm', 'pop', 'progressive electro house']	[2017, 2018, 2019, 2020]	8	7
3tNQ0aWtzDKGwyWz2oOAFG	Kamikaz	['french hip hop', 'pop urbaine', 'rap marseille']	[2019, 2020, 2021]	8	8
3fnfvu19t4JYyEkRldXsO5	Kodes	['french hip hop', 'pop urbaine', 'rap francais']	[2019, 2020, 2021]	8	3
7vk5e3vY1uw9plTHJAMwjN	Alan Walker	['electro house']	[2017, 2018, 2019, 2020, 2021]	8	6
1EtE0iSY6iFlN9L9c53ETy	Michel Legrand	['french jazz', 'french soundtrack']	[2017, 2018, 2019, 2020, 2021]	8	8
4VMYDCV2IEDYJArk749S6m	Daddy Yankee	['latin hip hop', 'reggaeton', 'trap latino', 'urbano latino']	[2017, 2018, 2019, 2020]	8	6
7keGfmQR4X5w0two1xKZ7d	Kungs	['edm', 'pop dance']	[2017, 2018, 2019, 2020, 2021, 2022]	8	5
13y7CgLHjMVRMDqxdx0Xdo	Gucci Mane	['atl hip hop', 'dirty south rap', 'hip hop', 'pop rap', 'rap', 'southern hip hop', 'trap']	[2017, 2018, 2019]	8	8
09E5z6upwkmwTKX8LGQgMo	Yaro	['french hip hop', 'pop urbaine', 'rap conscient', 'rap francais']	[2018, 2019, 2020, 2021]	8	8
3iOvXCl6edW5Um0fXEBRXy	The xx	['downtempo', 'dream pop', 'indietronica']	[2017]	8	0
0EmeFodog0BfCgMzAIvKQp	Shakira	['colombian pop', 'dance pop', 'latin pop', 'pop']	[2017, 2018, 2020, 2021, 2022]	8	6
1Xylc3o4UrD53lo9CvFvVg	Zara Larsson	['pop', 'scandipop', 'swedish electropop', 'swedish pop']	[2017, 2018, 2020]	8	5
5pUo3fmmHT8bhCyHE52hA6	Liam Payne	['pop']	[2017, 2018, 2020, 2021]	8	7
2HPaUgqeutzr3jx5a9WyDV	PARTYNEXTDOOR	['r&b', 'rap', 'toronto rap', 'urban contemporary']	[2017, 2018, 2020]	8	8
4S19VrKiaA2usxsnqr5kA8	Rimkus	[]	[2017, 2021]	8	8
7Ln80lUS6He07XvHI8qqHH	Arctic Monkeys	['garage rock', 'modern rock', 'permanent wave', 'rock', 'sheffield indie']	[2018]	8	0
1GQ4ihUi4W36nt5ZKmtMgh	DJ Kayz	['deep rai', 'french hip hop', 'pop urbaine', 'rif']	[2018, 2020, 2021, 2022]	8	8
3fREHN5zWLjSlRzicDxE3c	SEB	[]	[2021]	8	0
0zhMujl1yB8pkB023Qm4Y2	Green Montana	['belgian hip hop', 'cloud rap francais', 'french hip hop', 'pop urbaine', 'rap belge', 'rap francais']	[2020, 2021, 2022]	8	5
4A0TivfinfALCAMJqqjZIk	Funk Wav	[]	[2017, 2018, 2019]	7	7
6wWVKhxIU2cEi0K81v7HvP	Rammstein	['german metal', 'industrial', 'industrial metal', 'industrial rock', 'neue deutsche harte']	[2019]	7	0
7JDQ2kZsT80ht4tzgIaId4	4Keus Gang	['french hip hop', 'pop urbaine', 'rap francais']	[2017, 2018, 2019]	7	5
7hJcb9fa4alzcOq3EaNPoG	Snoop Dogg	['g funk', 'gangster rap', 'hip hop', 'pop rap', 'rap', 'west coast rap']	[2017, 2018, 2019, 2022]	7	7
7kFoHyLeI8IWSoKZ8uIeY1	Suikon Blaz AD	[]	[2017, 2018, 2019, 2020, 2022]	7	5
1sBkRIssrMs1AbVkOJbc7a	Rick Ross	['dirty south rap', 'gangster rap', 'hip hop', 'rap', 'southern hip hop', 'trap']	[2019, 2020, 2021]	7	7
52h6A1y99QgoEf5FzKEHs1	Diddi Trix	['drill francais', 'french hip hop', 'rap francais']	[2019, 2020]	7	3
2V5xArcB3BGAHmwsK46tyU	Vladimir Cauchemar	[]	[2018, 2019, 2020, 2021]	7	7
04vj3iPUiVh5melWr0w3xT	Christine and the Queens	['art pop', 'electro-pop francais', 'metropopolis', 'shimmer pop']	[2018, 2019, 2020, 2021]	7	7
1SupJlEpv7RS2tPNRaHViT	Nicky Jam	['latin hip hop', 'reggaeton', 'trap latino', 'urbano latino']	[2017, 2018, 2019, 2020]	7	6
1anyVhU62p31KFi8MEzkbf	Chance the Rapper	['chicago rap', 'conscious hip hop', 'hip hop', 'pop rap', 'rap']	[2017, 2018, 2019, 2020, 2021]	7	7
46SHBwWsqBkxI7EeeBEQG7	Kodak Black	['florida drill', 'florida rap', 'melodic rap', 'miami hip hop', 'rap', 'trap', 'trap latino']	[2017, 2018, 2019, 2021]	7	6
6fYEeLBc96CguiLq9FPBQU	Scridge	['french hip hop', 'pop urbaine', 'r&b francais']	[2017, 2018, 2019, 2020]	7	4
0cGUm45nv7Z6M6qdXYQGTX	Kehlani	['pop', 'r&b']	[2017, 2018]	7	7
6VuMaDnrHyPL1p4EHjYLi7	Charlie Puth	['pop', 'viral pop']	[2017, 2018]	7	4
7lMgpN1tEBQKpRoUMKB8iw	Black M	['french pop', 'pop urbaine', 'rap conscient']	[2017, 2018, 2021]	7	5
7rz6ZZErn5YFDteXKhyf3g	Disiz	['french hip hop', 'rap conscient']	[2017, 2018, 2022]	7	1
6jStlKLflTMUN6BajxrNlj	Julien Doré	['chanson', 'french pop', 'french rock']	[2017, 2018, 2020, 2021]	7	1
5gU8eqolA1bziWv6e3Wjp3	Django	['french hip hop', 'pop urbaine', 'rap francais']	[2017, 2020, 2021]	7	1
4LLpKhyESsyAXpc4laK94U	Mac Miller	['hip hop', 'pittsburgh rap', 'rap']	[2018, 2020]	7	0
5Wf0eeUkR6rRAre6L7H7jW	Gambino	['french hip hop', 'pop urbaine', 'rap marseille']	[2018, 2020, 2021, 2022]	7	1
3mKyKC4BjNrNJSSBSrNy0a	Mig	['french hip hop', 'pop urbaine', 'rap francais']	[2021]	7	3
6o5sl0TGublDPXyMHdMq1E	Moha K	['pop urbaine']	[2020, 2021]	7	3
6euPnGzBlDysAC5ecVguNZ	M. Pokora	['french pop', 'r&b francais', 'variete francaise']	[2019, 2020, 2021]	6	1
7ltDVBr6mKbRvohxheJ9h1	ROSALÍA	['pop', 'r&b en espanol']	[2019, 2020, 2021, 2022]	6	6
0SXZ0s0MoLOjw4Af6i3OGC	Tsew The Kid	['rap calme']	[2019, 2020, 2021]	6	4
6CSKMBCeQhddsPL63zvDhX	Dj Leska	['french hip hop', 'pop urbaine']	[2018, 2019, 2021]	6	6
4TGltjqP0MQxdGeSIrM4es	RIDSA	['french pop']	[2017, 2018, 2019, 2022]	6	1
26dSoYclwsYLMAKD3tpOr4	Britney Spears	['dance pop', 'pop']	[2017, 2018, 2019, 2020, 2021, 2022]	6	1
4xRYI6VqpkE3UwrDrAZL8L	Logic	['conscious hip hop', 'hip hop', 'pop rap', 'rap']	[2017, 2018, 2019]	6	6
7gOdHgIoIKoe4i9Tta6qdD	Jonas Brothers	['boy band', 'pop']	[2019, 2020, 2021]	6	0
5Rl15oVamLq7FbSb0NNBNy	5 Seconds of Summer	['boy band', 'pop']	[2018, 2019]	6	3
44bvfFf9VeGwVjK0QDqQ7O	Oxmo Puccino	['french hip hop', 'old school rap francais', 'rap conscient']	[2019, 2020, 2021]	6	6
59PFMyNd41PhFTlrSQjyZ1	Gips	[]	[2019, 2020, 2021]	6	6
0WzzOQ8n065ISKclSusFzY	AM La Scampia	['french hip hop', 'pop urbaine', 'rap marseille']	[2018, 2019, 2020, 2021]	6	6
2urF8dgLVfDjunO0pcHUEe	Alvaro Soler	['latin pop']	[2018, 2019]	6	0
6MDME20pz9RveH9rEXvrOM	Clean Bandit	['pop', 'uk dance', 'uk funky']	[2017, 2018, 2019, 2020, 2021]	6	6
7nwUJBm0HE4ZxD3f5cy5ok	Aretha Franklin	['classic soul', 'jazz blues', 'memphis soul', 'soul', 'southern soul', 'vocal jazz']	[2017, 2018, 2019]	6	0
2qxJFvFYMEDqd7ui6kSAcq	Zedd	['complextro', 'edm', 'german techno', 'pop', 'pop dance']	[2017, 2018, 2019]	6	6
4fn6Kez1kGOO74vNuKrvCU	Hös Copperfield	['french hip hop', 'pop urbaine', 'rap francais']	[2019, 2020, 2021]	6	6
7f5Zgnp2spUuuzKplmRkt7	Lost Frequencies	['belgian edm', 'edm', 'pop dance', 'tropical house']	[2018, 2019, 2021, 2022]	6	5
0bdfiayQAKewqEvaU6rXCv	MØ	['danish pop', 'electropop', 'pop', 'pop dance']	[2017, 2018, 2019, 2020]	6	5
7knmbOGe07k85GmK50vACB	Indochine	['chanson', 'french pop', 'french rock', 'french synthpop']	[2017, 2018, 2019, 2020, 2021, 2022]	6	2
7qiRNP9z0FhN63YcLmb8Ai	Stupeflip	['chanson humoristique', 'french rock', 'rap conscient']	[2017]	6	1
3YQKmKGau1PzlVlkL1iodx	Twenty One Pilots	['modern rock', 'pop', 'pov: indie', 'rock']	[2017, 2018, 2021]	6	0
02kJSzxNuaWGqwubyUba0Z	G-Eazy	['indie pop rap', 'oakland hip hop', 'pop rap', 'rap']	[2017, 2018]	6	6
3NPpFNZtSTHheNBaWC82rB	X Ambassadors	['modern alternative rock', 'modern rock', 'stomp pop']	[2017, 2018]	6	5
0ZED1XzwlLHW4ZaG4lOT6m	Julia Michaels	['pop']	[2017, 2018]	6	2
7BZ5xQ5f3seQRI2fTpgCIT	Nino B	[]	[2017, 2018, 2020]	6	5
15jZ8OLtnGATWHlQkltG7f	Amel Bent	['french pop']	[2017, 2020, 2021]	6	4
2ExGrw6XpbtUAJHTLtUXUD	Stefflon Don	['dancehall', 'dancehall queen', 'uk dancehall', 'uk hip hop']	[2017, 2018]	6	6
3jK9MiCrA42lLAdMGUZpwa	Anderson .Paak	['escape room', 'hip hop', 'indie soul', 'neo soul']	[2018, 2020, 2021]	6	6
3HphLd0XiELTvIPYf55dYC	Dance Fruits Music	['lo-fi product']	[2021]	6	6
0U3b0BjITtQHwjwBVtiGcO	DMNDS	[]	[2021]	6	6
1McMsnEElThX1knmY4oliG	Olivia Rodrigo	['pop']	[2021, 2022]	6	0
5H4yInM5zmHqpKIoMNAx4r	Central Cee	['melodic drill']	[2021, 2022]	6	1
6Rmg5JiRphFMlhkwGNl9Fu	Tom Gregory	['uk pop']	[2020, 2021]	6	1
4hpTPFhq6Ok3wGhFqa7pGy	Fahar	[]	[2020, 2021]	6	6
35B6bq5keTR1PYEahq1TAF	Sasso	['cloud rap francais', 'french hip hop', 'pop urbaine', 'rap francais', 'rap lyonnais']	[2020, 2021, 2022]	6	3
0Yj3N31EWXHc6e3eDyJPLP	Lyna Mahyem	['pop urbaine', 'r&b francais']	[2020, 2021, 2022]	6	5
6Pr9pssRV0tD0jdh2Z84td	SAF	['musique comorienne']	[2020, 2021, 2022]	6	6
3EOEK57CV77D4ovYVcmiyt	Dennis Lloyd	['israeli pop']	[2018, 2019, 2020, 2022]	5	2
2jku7tDXc6XoB6MO2hFuqg	Tory Lanez	['canadian hip hop', 'canadian trap', 'melodic rap', 'r&b', 'rap', 'toronto rap', 'trap']	[2018, 2019, 2020, 2021]	5	5
0c173mlxpT3dSFRgMO8XPh	Big Sean	['detroit hip hop', 'hip hop', 'pop rap', 'r&b', 'rap', 'southern hip hop', 'trap']	[2017, 2018, 2019]	5	4
5AqhBC5pt6b0WVpUAII1Ro	JOYCA	['chanson virale', 'rap francais']	[2019, 2020, 2021]	5	3
2o5jDhtHVPhrJdv3cEQ99Z	Tiësto	['big room', 'brostep', 'dutch edm', 'edm', 'house', 'pop dance', 'slap house', 'trance']	[2018, 2019, 2020, 2021, 2022]	5	4
5DE0by3fZT0nrlJSutY2D7	Caballero	['belgian hip hop', 'french hip hop']	[2017, 2019, 2021]	5	4
6aH4CaxRV988XUNLVSi1dZ	T2R	['pop urbaine']	[2019, 2020]	5	3
64XqdWjtYhfMJeQB7wtAwS	Hiro	['pop urbaine', 'r&b francais']	[2017, 2019, 2020, 2021]	5	5
0GM7qgcRCORpGnfcN2tCiB	Tainy	['pop reggaeton', 'reggaeton', 'trap latino', 'urbano latino']	[2019, 2020, 2021]	5	5
7A8S43ryYdbWpJKeHRZRcq	JACKBOYS	['pop rap']	[2019, 2020]	5	4
31W5EY0aAly4Qieq6OFu6I	A Boogie Wit da Hoodie	['melodic rap', 'rap', 'trap']	[2018, 2019, 2020, 2021]	5	4
5IcR3N7QB1j6KBL8eImZ8m	ScHoolboy Q	['gangster rap', 'hip hop', 'pop rap', 'rap', 'southern hip hop', 'trap']	[2017, 2018, 2019]	5	5
0id62QV2SZZfvBn9xpmuCl	Aloe Blacc	['pop soul', 'r&b']	[2017, 2019]	5	4
4LuLF5H9fe5ViyDQb9Zxmt	Key Largo	['drill francais', 'french hip hop', 'pop urbaine', 'rap francais']	[2019, 2020, 2021]	5	5
3wcj11K77LjEY1PkEazffa	Burna Boy	['afrobeats', 'dancehall', 'nigerian hip hop', 'nigerian pop']	[2019, 2020, 2021]	5	4
3HUXmgW0AIko5psVtQmqWE	Jimmy Sax	['saxophone house']	[2019, 2020]	5	5
45odAdGsuJSI2GSd3IwVlj	Gato	[]	[2017, 2018, 2019, 2021]	5	5
5PlfkPxwCpRRWQJBxCa0By	HUGEL	['deep house']	[2017, 2018, 2019]	5	5
790FomKkXshlbRYZFtlgla	KAROL G	['reggaeton', 'reggaeton colombiano', 'trap latino', 'urbano latino']	[2019, 2020, 2021, 2022]	5	5
1Mxqyy3pSjf8kZZL4QVxS0	Frank Sinatra	['adult standards', 'easy listening', 'lounge']	[2017, 2018, 2019, 2020, 2021]	5	3
7v4imS0moSyGdXyLgVTIV7	Nat King Cole	['adult standards', 'lounge', 'soul', 'swing', 'vocal jazz']	[2017, 2018, 2019, 2020, 2021]	5	0
3fMbdgg4jU18AjLCKBhRSm	Michael Jackson	['r&b', 'soul']	[2017, 2018, 2019, 2020, 2021]	5	2
2Ns3GuAU2LYllDr7z20d0e	No Limit	[]	[2019, 2020, 2021, 2022]	5	5
7CyeXFnOrfC1N6z4naIpgo	The Ronettes	['brill building pop', 'classic girl group', 'motown', 'rock-and-roll']	[2018, 2019, 2020, 2021]	5	0
3tVQdUvClmAT7URs9V3rsp	Wizkid	['afrobeats', 'afropop', 'azonto', 'azontobeats', 'nigerian hip hop', 'nigerian pop']	[2017, 2018, 2019]	5	5
4iHNK0tOyZPYnBU7nGAgpQ	Mariah Carey	['dance pop', 'pop', 'urban contemporary']	[2017, 2018, 2019, 2020, 2021]	5	1
5CiGnKThu5ctn9pBxv7DGa	benny blanco	['pop']	[2018, 2019, 2020, 2021]	5	5
4f9iBmdUOhQWeP7dcAn1pf	Rag'n'Bone Man	['neo soul']	[2017, 2018, 2019, 2020]	5	2
7mPT6wrOjVC4visft9qpYQ	Hoshi	['chanson', 'french pop', 'variete francaise']	[2018, 2019, 2020, 2021, 2022]	5	0
4utLUGcTvOJFr6aqIJtYWV	Skylar Grey	['piano rock', 'viral pop']	[2017, 2018, 2020, 2021]	5	5
163tK9Wjr9P9DmM0AVK7lm	Lorde	['art pop', 'metropopolis', 'nz pop', 'pop']	[2017, 2021]	5	0
3AA28KZvwAUcZuOKwyblJQ	Gorillaz	['alternative hip hop', 'modern rock', 'rock']	[2017, 2018]	5	5
0LyfQWJT6nXafLPZqxe9Of	Various Artists	[]	[2017]	5	0
7DMveApC7UnC2NPfPvlHSU	Cheat Codes	['edm', 'pop', 'pop dance']	[2017]	5	5
2wUjUUtkb5lvLKcGKsKqsR	Alessia Cara	['canadian contemporary r&b', 'canadian pop', 'pop']	[2017, 2018, 2020, 2021]	5	2
2XnBwblw31dfGnspMIwgWz	Axwell /\ Ingrosso	['edm', 'pop dance', 'progressive electro house']	[2017, 2018]	5	0
5V0MlUE1Bft0mbLlND7FJz	Ella Fitzgerald	['adult standards', 'jazz', 'jazz blues', 'soul', 'swing', 'vocal jazz']	[2017, 2018, 2020, 2021]	5	0
45yEuthJ9yq1rNXAOpBnqM	Polo & Pan	['dark disco', 'electro-pop francais', 'french indietronica']	[2017, 2021, 2022]	5	0
12Chz98pHFMPJEknJQMWvI	Muse	['modern rock', 'permanent wave', 'rock']	[2017, 2018, 2022]	5	0
2WBJQGf1bT1kxuoqziH5g4	Purple Disco Machine	['deep house', 'house']	[2017, 2018, 2020, 2021, 2022]	5	5
6AmKZ6kQdFR64iIiUsRMHT	Graya	['french hip hop', 'pop urbaine', 'rap francais', 'rap marseille']	[2017, 2020, 2021]	5	5
0vN920jukdAbErvjo2OJ2o	Zaho	['french pop', 'r&b francais']	[2017, 2020, 2021]	5	5
2hPgGN4uhvXAxiXQBIXOmE	KIDS SEE GHOSTS	['rap']	[2018]	5	3
7t0rwkOPGlDPEhaOcVtOt9	The Cranberries	['irish rock', 'pop rock', 'rock']	[2018]	5	0
61CPKXT0bcKj8MKTNTMOXa	Juliette Armanet	['chanson', 'electro-pop francais', 'french indie pop', 'french pop', 'nouvelle chanson francaise']	[2018, 2020, 2021, 2022]	5	1
5dacK0fiMwLoV93yBdUrZK	Sifax	['french hip hop', 'pop urbaine', 'rap francais']	[2018, 2020, 2021]	5	5
5I6WLC9Auo6aeTRHPQbdOv	Fallen Roses	['lo-fi latino']	[2021]	5	5
5QCGlnijOcNxsXXNzZkcWL	Lujavo	['mexican edm']	[2021]	5	5
7J0JxtOPMKWufOraoIqjiH	JSX	['cloud rap francais']	[2020, 2021, 2022]	5	5
3Yj8U7uaUERbJmdp9OPmV1	Or Noir	[]	[2021]	5	5
3PsyPWjsftbfeXGorZv4AM	Grand Corps Malade	['chanson', 'french pop']	[2020, 2021, 2022]	5	4
1OB278sOZVSFx5vXqYha83	J. Rey Soul	[]	[2020, 2021]	5	5
2tIP7SsRs7vjIcLrU85W8J	The Kid LAROI	['australian hip hop']	[2021, 2022]	5	4
048LktY5zMnakWq7PTtFrz	CKay	['afro r&b', 'afrobeats']	[2021, 2022]	5	3
3mvmdWXXKKpUrmYTvdALyS	Sam's	['french hip hop', 'pop urbaine', 'rap francais']	[2020, 2021]	5	5
2xdTZfuOFh2ylOnnTEs5sg	Gambino La MG	['rap francais']	[2021, 2022]	5	3
5CtPAGoxpJ4yLJLx6CSrO8	Zamdane	['cloud rap francais', 'french hip hop', 'rap conscient', 'rap francais']	[2021, 2022]	5	3
7r35uLFg5fJcsLe60AdWhK	As	[]	[2020, 2021]	5	5
6MmRTVIPIe35OsFqWgRKQJ	Christophe	['chanson', 'vintage french electronic']	[2020]	5	1
4S9EykWXhStSc15wEx8QFK	Céline Dion	['canadian pop']	[2017, 2018, 2019, 2020, 2021, 2022]	4	1
4RSyJzf7ef6Iu2rnLdabNq	Willy William	[]	[2017, 2018, 2019]	4	4
5VkemxUDiz46ZHPdvh0LX0	ICO	['belgian hip hop', 'french hip hop', 'rap belge', 'rap francais']	[2019, 2020, 2021]	4	1
2kRfqPViCqYdSGhYSM9R0Q	Madison Beer	['pop']	[2019, 2020]	4	4
329e4yvIujISKGKz1BZZbO	Farruko	['reggaeton', 'trap latino', 'urbano latino']	[2019, 2021, 2022]	4	2
7rjPaOQdQeTIQhmApviFqe	Zikxo	['french hip hop', 'pop urbaine', 'rap francais']	[2019, 2020, 2021]	4	4
0H39MdGGX6dbnnQPt6NQkZ	SAINt JHN	['melodic rap', 'slap house']	[2019, 2020, 2021]	4	4
3MyFDtqB80WZvbtCZRsekM	Bakermat	['minimal tech house', 'tropical house']	[2017, 2019, 2020, 2021, 2022]	4	1
56oDRnqbIiwx4mymNEv7dS	Lizzo	['escape room', 'minnesota hip hop', 'pop', 'trap queen']	[2019, 2020, 2021]	4	3
2kCcBybjl3SAtIcwdWpUe3	Lil Peep	['cloud rap', 'emo rap', 'lgbtq+ hip hop']	[2017, 2018, 2019]	4	2
6XpaIBNiVzIetEPCWDvAFP	Whitney Houston	['dance pop']	[2017, 2019, 2020, 2021]	4	1
5iNrZmtVMtYev5M9yoWpEq	Seeb	['pop dance']	[2017, 2019]	4	4
1eoyu9uAivE7Jwak40J1MW	Bilal Hassani	['french pop', 'variete francaise']	[2019]	4	1
5gf4BY4lsH1wyo0DFhMe21	A-Deal	[]	[2019, 2020, 2021]	4	4
7z2avKuuiMAT4XZJFv8Rvh	Tom Walker	['indie anthem-folk', 'uk pop']	[2017, 2018, 2019]	4	0
3KwmxIhSe9UTSEF37kwngR	SHAED	['electropop']	[2019, 2020]	4	3
44BwcqsS9V20HWSeql39ah	Inoxtag	['chanson virale']	[2019, 2020, 2021]	4	2
0xRXCcSX89eobfrshSVdyu	MEDUZA	['pop dance', 'pop house', 'uk dance']	[2019, 2020, 2021, 2022]	4	4
1QsdzIKkTT5gDFj8GB1cIX	Yseult	['french pop', 'nouvelle chanson francaise', 'r&b francais']	[2019, 2020, 2021, 2022]	4	2
0e6qzpphJHtObTSwD75mi0	The Avener	['deep euro house', 'new french touch']	[2017, 2019]	4	3
4D75GcNG95ebPtNvoNVXhz	AFROJACK	['big room', 'dance pop', 'dutch house', 'edm', 'electro house', 'pop dance', 'progressive electro house']	[2017, 2018, 2019, 2020, 2021]	4	4
1oXtLNYfNMQLxWsatCTCCn	Garou	['chanson', 'french pop']	[2017, 2018, 2019, 2020]	4	1
4lhtlpMg6j1absrQvXYlRK	Jérémy Frerot	['french pop', 'variete francaise']	[2018, 2019, 2021]	4	0
73sIBHcqh3Z3NyqHKZ7FOL	Childish Gambino	['atl hip hop', 'hip hop', 'rap']	[2017, 2018, 2019, 2020]	4	1
4e0nWw2r4BoQSKPQ2zpU13	Ray Dalton	[]	[2017, 2018, 2019, 2020, 2021, 2022]	4	3
2iE18Oxc8YSumAU232n4rW	The Jackson 5	['motown', 'soul']	[2017, 2018, 2019, 2020, 2021]	4	0
3hv9jJF3adDNsBSIQDqcjp	Mark Ronson	['pop soul']	[2017, 2018, 2019, 2020, 2021, 2022]	4	4
5KBbs98MK59UNMF1VTwMmz	Claudio Capéo	['chanson', 'french pop', 'variete francaise']	[2017, 2018, 2019, 2020]	4	3
6px2zTzjQAPLkuea5qQ2Gx	Boulevard des Airs	['chanson', 'french pop', 'french rock', 'variete francaise']	[2018, 2019, 2020]	4	2
6DPYiyq5kWVQS4RGwxzPC7	Dr. Dre	['g funk', 'gangster rap', 'hip hop', 'rap', 'west coast rap']	[2017, 2018, 2019, 2022]	4	4
25uiPmTg16RbhZWAqwLBy5	Charli XCX	['art pop', 'candy pop', 'metropopolis', 'pop', 'uk pop']	[2017, 2018, 2019, 2021]	4	4
4kYGAK2zu9EAomwj3hXkXy	JP Cooper	['uk pop']	[2017, 2019]	4	3
3DiDSECUqqY1AuBP8qtaIa	Alicia Keys	['neo soul', 'pop', 'r&b']	[2017]	4	2
2W6kbe0nm96COrHzNmfLLd	MC Fioti	['funk carioca', 'funk ostentacao', 'funk paulista']	[2017, 2018]	4	2
4EfDnNKz2dl0KND2oQB3Cc	Volts Face	['french hip hop', 'pop urbaine']	[2017]	4	4
4V8Sr092TqfHkfAA5fXXqG	Luis Fonsi	['latin pop', 'puerto rican pop']	[2017, 2018]	4	4
5p7f24Rk5HkUZsaS3BLG5F	Hailee Steinfeld	['pop']	[2017, 2018]	4	4
6icQOAFXDZKsumw3YXyusw	Lil Yachty	['atl hip hop', 'melodic rap', 'rap', 'trap']	[2017, 2020]	4	4
1Hsdzj7Dlq2I7tHP7501T4	Niall Horan	['pop']	[2017]	4	0
1okJ4NC308qbtY9LyHn6DO	BloodPop®	['electropop']	[2017, 2018]	4	4
699OTQXzgjhIYAHMy9RyPD	Playboi Carti	['atl hip hop', 'plugg', 'pluggnb', 'rage rap', 'rap']	[2017, 2020, 2021]	4	3
5y2Ny3eOPrhtb5uQFl30vq	Infinit'	['french hip hop']	[2017, 2018, 2020, 2021]	4	4
0ONHkAv9pCAFxb0zJwDNTy	Pusha T	['gangster rap', 'hip hop', 'rap', 'southern hip hop', 'trap', 'virginia hip hop']	[2017, 2018, 2021]	4	4
0TnOYISbd1XYRBk9myaseg	Pitbull	['dance pop', 'miami hip hop', 'pop']	[2017, 2018]	4	4
17lzZA2AlOHwCwFALHttmp	2 Chainz	['atl hip hop', 'hip hop', 'pop rap', 'rap', 'southern hip hop', 'trap']	[2017, 2018, 2020]	4	4
3BQ9mWlgFRfMr5EdNfc10a	Nej	['r&b francais']	[2017, 2021, 2022]	4	1
7hssUdpvtY5oiARaUDgFZ3	Ina Wroldsen	['norwegian pop']	[2017, 2018]	4	4
4bL2B6hmLlMWnUEZnorEtG	Felix Jaehn	['edm', 'german dance', 'pop dance', 'tropical house']	[2017, 2018, 2020, 2021]	4	4
3U0pUvFUMv6gJiTFnXiueY	KIK	['french hip hop']	[2018, 2022]	4	0
4GvEc3ANtPPjt1ZJllr5Zl	Bazzi	['pop']	[2018]	4	1
5h0VUGq3Pn45E3rcz9oe66	Dry	['french hip hop', 'pop urbaine']	[2018, 2021]	4	4
0zw74GbIgk0thLlMGeQV2H	Dadinho	['pop urbaine', 'rap francais']	[2020, 2021]	4	4
71XOKoFKWFjlV91e2Z5r21	Frenetik	['belgian hip hop', 'french hip hop', 'pop urbaine', 'rap belge', 'rap francais']	[2021]	4	3
4tjoob53d4b26AjGJ49kuF	Dj Quick	[]	[2021]	4	4
1r8lodN1CqZ2BXsJd51aGm	Carbozo	['french hip hop', 'rap francais']	[2020, 2021]	4	4
3BX2N7cc1OrBUJQiiei3On	L'Allemand	['french hip hop', 'pop urbaine', 'rap francais', 'rap lyonnais']	[2020, 2021]	4	3
1f1DjtYgH6yBzBSiGteBJl	Were-vana	['rap antillais', 'zouk riddim']	[2021]	4	0
0lAWpj5szCSwM4rUMHYmrr	Måneskin	['indie rock italiano', 'italian pop', 'pop']	[2021, 2022]	4	0
1ssrFpfMmM0vRx85eO2XKL	Fresh La Douille	['french hip hop', 'pop urbaine', 'rap francais']	[2021, 2022]	4	3
6kvvDgFMvd02LlVlGX55GN	Dala	[]	[2021]	4	4
6jGMq4yGs7aQzuGsMgVgZR	Lil Tjay	['brooklyn drill', 'melodic rap', 'nyc rap', 'rap']	[2020, 2021]	4	4
6AgTAQt8XS6jRWi4sX7w49	Polo G	['chicago rap', 'rap']	[2021]	4	2
2XyVj5qsjy87RPXk1O5if3	Alrima	['french hip hop', 'pop urbaine']	[2020, 2021]	4	2
6PvvGcCY2XtUcSRld1Wilr	Silk Sonic	['neo soul']	[2021]	4	4
4fxd5Ee7UefO4CUXgwJ7IP	Giveon	['r&b']	[2020, 2021]	4	3
757aE44tKEUQEqRuT6GnEB	Roddy Ricch	['melodic rap', 'rap', 'trap']	[2020, 2021]	4	3
7jUHzlUQxkrsszeYAIqHCY	Kanoé	['rap francais']	[2020, 2021]	4	1
6TMBV8J3Jq1Gr5A5bFmVqf	Laeti	[]	[2021, 2022]	4	2
6os4KQUfJoyJwjZ7y7Ec6Q	Camille Lellouche	['french pop']	[2020, 2021]	4	3
3mirzmIKVfvqcW0M5OKAzR	Yanns	['french pop']	[2021, 2022]	4	0
6UCQYrcJ6wab6gnQ89OJFh	Headie One	['uk hip hop']	[2020, 2021]	4	4
3c8I79WjXzJzWacsiZlAxT	Sat	['french hip hop', 'rap marseille']	[2020, 2021]	4	4
6CZr9MXuLgVw8tcZxrf29Z	joysad	['cloud rap francais', 'rap calme', 'rap francais']	[2020, 2021]	4	1
6iBhhfO297wskZQuZtWnpG	Veazy	[]	[2020, 2021]	4	4
2LIk90788K0zvyj2JJVwkJ	Jack Harlow	['deep underground hip hop', 'kentucky hip hop', 'pop rap', 'rap']	[2020, 2021, 2022]	4	3
47mIJdHORyRerp4os813jD	League of Legends	['speedrun', 'video game music']	[2020, 2021, 2022]	4	4
0Kwf0zcciIFGLCKiqNcO6Q	SRNO	['dutch rap pop']	[2020, 2021]	4	4
0PMtZ48ugLkoxg4cjggEVl	Stone Black	[]	[2020, 2021]	4	4
1XLWox9w1Yvbodui0SRhUQ	StaySolidRocky	['melodic rap']	[2020]	4	2
2EAzv92ciNtTm5DkGSYXH2	Aymane Serhani	['moroccan pop', 'rai', 'rif']	[2018, 2019, 2020]	3	3
1rBnd8KxDndiiiIyjOsFtw	Dika	['rap francais', 'rap marseille']	[2017, 2019, 2021]	3	3
7LSj1RlUMk5Mnj6jV2PTJd	Kalif	[]	[2017, 2018, 2019]	3	3
5bepW5vcdRzheNc0F8lHJ5	Esperanza Spalding	['electric bass', 'jazz', 'jazz pop', 'vocal jazz']	[2018, 2019, 2020, 2021]	3	3
2NjfBq1NflQcKSeiDooVjY	Tones And I	['australian pop']	[2019, 2020, 2021, 2022]	3	0
2NlKrNMdpYxGjt3Pvw87rC	Europa	['uk dance']	[2019]	3	3
4QVBYiagIaa6ZGSPMbybpy	Pedro Capó	['latin pop', 'puerto rican pop']	[2019, 2020]	3	2
5JZ7CnR6gTvEMKX4g70Amv	Lauv	['pop']	[2017, 2018, 2019]	3	2
3WGpXCj9YhhfX11TToZcXP	Troye Sivan	['australian pop', 'pop', 'viral pop']	[2017, 2018, 2019]	3	2
3yzQHdj9G34CVZ5rVUDrOM	Crystal Kay	['j-pop', 'japanese r&b']	[2017, 2019]	3	3
3QSQFmccmX81fWCUSPTS7y	Dean Lewis	['australian pop', 'singer-songwriter pop']	[2018, 2019, 2020]	3	0
4Ga1P7PMIsmqEZqhYZQgDo	Lil Tecca	['melodic rap', 'pluggnb', 'rap']	[2019, 2020]	3	0
61NKNrhSMTYg2q0f3vS46e	Philippe Katerine	['chanson', 'french indie pop', 'french rock', 'nouvelle chanson francaise']	[2018, 2019]	3	3
4cPHsZM98sKzmV26wlwD2W	Brenda Lee	['adult standards', 'easy listening', 'lounge', 'rockabilly']	[2017, 2018, 2019, 2020, 2021]	3	0
09agIJMxCD2k87ys9Al0f0	VIZE	['german dance', 'slap house']	[2019, 2020]	3	2
45eNHdiiabvmbp4erw26rg	ILLENIUM	['edm', 'melodic dubstep', 'pop dance']	[2017, 2019]	3	3
2muYmO0gurO8rH82MSA2Fs	Miklo	['rap conscient']	[2018, 2019, 2021]	3	3
3KedxarmBCyFBevnqQHy3P	Jessie Reyez	['canadian contemporary r&b', 'canadian pop']	[2018, 2019]	3	3
49e4v89VmlDcFCMyDv9wQ9	Dean Martin	['adult standards', 'easy listening', 'lounge', 'vocal jazz']	[2018, 2019, 2020, 2021]	3	0
4VIvfOurcf0vuLRxLkGnIG	Bradley Cooper	['hollywood']	[2018, 2019, 2020, 2021, 2022]	3	3
60rpJ9SgigSd16DOAG7GSa	Billy Ray Cyrus	['country rock']	[2019, 2020]	3	3
0SfsnGyD8FpIN4U4WCkBZ5	Armin van Buuren	['dutch house', 'dutch trance', 'edm', 'pop dance', 'progressive house', 'trance']	[2018, 2019]	3	0
19eLuQmk9aCobbVDHc6eek	Louis Armstrong	['adult standards', 'dixieland', 'harlem renaissance', 'jazz trumpet', 'new orleans jazz', 'soul', 'swing', 'vocal jazz']	[2017, 2018, 2019, 2020, 2021]	3	3
5dlCVmfRbWVGOJYHzGyk32	Benny Carter	['bebop', 'big band', 'cool jazz', 'jazz saxophone', 'library music']	[2017, 2018, 2019, 2020, 2021]	3	3
1INuLZXjjVbcJRyWvD1iSq	Jack & Jack	['pop', 'teen pop']	[2018, 2019]	3	3
6iRCChjWCj187y6iBQVwhd	DJ Mike One	['zouk riddim']	[2017, 2019, 2020]	3	3
626MEj1uIFt7eZMSroO01a	Shotas	['french hip hop', 'rap francais']	[2019, 2020, 2021]	3	3
2RDOrhPqAM4jzTRCEb19qX	Sheck Wes	['pop rap', 'rap', 'trap']	[2018, 2019, 2020]	3	2
4LcUpNlXFEleaLlelmkv2R	Kris Kross Amsterdam	['dutch house', 'dutch pop']	[2017, 2018, 2019]	3	3
6ZLTlhejhndI4Rh53vYhrY	Ozzy Osbourne	['album rock', 'alternative metal', 'birmingham metal', 'classic rock', 'glam metal', 'hard rock', 'metal', 'nu metal', 'rock']	[2019]	3	3
6soPpJHlCtN6SY8pWlfbC6	-M-	['chanson', 'french pop', 'french rock', 'nouvelle chanson francaise']	[2017, 2018, 2019]	3	2
7wlFDEWiM5OoIAt8RSli8b	YoungBoy Never Broke Again	['baton rouge rap', 'rap']	[2019, 2020, 2021]	3	3
0TKFPt9w0AAEnhB9bd0pLy	LUM!X	['melbourne bounce international', 'slap house']	[2019, 2020, 2021, 2022]	3	3
5ENS85nZShljwNgg4wFD7D	Gabry Ponte	['eurodance', 'italo dance', 'slap house']	[2019, 2020, 2021, 2022]	3	3
1ywkNtrO3WGuwaehqxyjAO	Chilla	['french pop', 'r&b francais']	[2019, 2020, 2021]	3	3
3UHc2YZGHYS6TEYMJeDf1D	YG Pablo	['rap belge', 'rap calme']	[2019, 2020, 2021]	3	1
0DrzKyq66BJLP9V5IjiE4d	DJ Babs	['pop urbaine']	[2017, 2018, 2019]	3	3
2lwjwKfYZCuPEJOo8t32CD	Bon Entendeur	['french indie pop', 'new french touch']	[2019, 2020]	3	3
6defgaFYnHND3Zy5CZf8Ix	Isabelle Pierre	[]	[2019, 2020]	3	3
12rqcxsx28NPNRwPOEBxYG	Kalif Hardcore	['rap marseille']	[2019, 2021]	3	3
5BcAKTbp20cv7tC5VqPFoC	Macklemore & Ryan Lewis	['pop rap', 'seattle hip hop']	[2017, 2018, 2019, 2020, 2021, 2022]	3	3
4x1nvY2FN8jxqAFA0DA02H	John Lennon	['beatlesque', 'classic rock', 'rock']	[2017, 2018, 2019, 2020, 2021]	3	2
3hteYQFiMFbJY7wS0xDymP	Gesaffelstein	['dark clubbing']	[2018, 2019]	3	3
3BmGtnKgCSGYIUhmivXKWX	Kelly Clarkson	['dance pop', 'pop', 'talent show']	[2018, 2019, 2020, 2021]	3	2
4GNC7GD6oZMSxPGyXy4MNB	Lewis Capaldi	['pop', 'uk pop']	[2019, 2020, 2021]	3	0
4ZP3CHz28XWVLGiaVVWuLj	Tryo	['chanson', 'chanson virale', 'french pop', 'french rock']	[2018, 2019, 2020]	3	3
2R21vXR83lH98kGeO99Y66	Anuel AA	['reggaeton', 'reggaeton flow', 'trap boricua', 'trap latino', 'urbano latino']	[2018, 2019]	3	3
0qip4dhB68FjSC0Y2S86RP	Vincenzo	[]	[2019, 2020, 2021]	3	3
21WS9wngs9AqFckK7yYJPM	PnB Rock	['melodic rap', 'rap', 'trap']	[2018, 2019]	3	3
0X2BH1fck6amBIoJhDVmmJ	Ellie Goulding	['indietronica', 'metropopolis', 'pop', 'uk pop']	[2017, 2018, 2019]	3	2
4wngxtsP87ozrQh05D90dO	Trois Cafés Gourmands	['chanson', 'french pop']	[2018, 2019, 2020, 2021, 2022]	3	0
1xAkr1syMoClC66pHMk2Eq	La Synesia	['french hip hop', 'pop urbaine']	[2018, 2019]	3	1
2q8BTMaWesmxIXCB817C9I	Aladin 135	['french hip hop', 'pop urbaine', 'rap calme', 'rap francais']	[2019, 2020, 2021]	3	3
5KEG7G8LDYlHgFDqZyEEs2	Chris Rea	['soft rock', 'sophisti-pop']	[2017, 2018, 2019, 2020, 2021]	3	0
58QnjLma2Ud9ykXpoeGWzM	N.O.S	[]	[2017, 2018, 2019, 2020]	3	3
2SrSdSvpminqmStGELCSNd	Stormzy	['grime', 'uk hip hop']	[2017, 2019, 2020, 2021]	3	3
3q7HBObVc0L8jNeTe5Gofh	50 Cent	['east coast hip hop', 'gangster rap', 'hip hop', 'pop rap', 'queens hip hop', 'rap']	[2017, 2019, 2020]	3	3
5exS0bytCYdixgv02DaCm3	William Singe	[]	[2017, 2018]	3	3
3dRfiJ2650SZu6GbydcHNb	John Williams	['orchestral soundtrack', 'soundtrack']	[2017, 2018]	3	3
5dBbi6DyGIg8TmWD3pSGJX	Bakyl	[]	[2017, 2018]	3	3
3koiLjNrgRTNbOwViDipeA	Marvin Gaye	['classic soul', 'motown', 'neo soul', 'northern soul', 'quiet storm', 'soul']	[2017, 2018]	3	1
2snm3HmsnDUDxbIChdl2Oj	Justin Hurwitz	['hollywood', 'movie tunes', 'soundtrack']	[2017]	3	0
2eRNMtoi82UZUuaL6naDjA	Cœur De Pirate	['french pop', 'nouvelle chanson francaise']	[2017, 2018, 2021]	3	3
2DlGxzQSjYe5N6G9nkYghR	Jennifer Lopez	['dance pop', 'pop', 'urban contemporary']	[2017, 2018, 2021]	3	2
3G3tWOXo2TKCDJvrD48B6p	Ohmondieusalva	['pop urbaine']	[2017, 2018]	3	3
3EW0kQ1skZiK1NHg3Spt9J	Takeoff	['atl hip hop', 'rap', 'trap']	[2017, 2021]	3	3
6wsiYpfvcLMXlA1l3TTd7x	Koro	[]	[2017, 2018]	3	3
7qG3b048QCHVRO5Pv1T5lw	Enrique Iglesias	['dance pop', 'latin pop', 'mexican pop']	[2017]	3	3
6kXm2YCtdUOpRYNKeKhfue	Ryan Gosling	['hollywood']	[2017]	3	2
68Uwx1d3EbjDJhYsLjqvIq	Emma Stone	['hollywood']	[2017]	3	3
4ryoUS0W8qXokfMxrlJt6O	Skip Marley	['modern reggae']	[2017]	3	3
4A1BIRTQQ1yNPwcg57Ubq7	Haristone	['french hip hop', 'pop urbaine', 'rap francais']	[2017, 2018]	3	3
4IWBUUAFIplrNtaOHcJPRM	James Arthur	['pop', 'talent show', 'uk pop']	[2017, 2018, 2020]	3	0
4lDBihdpMlOalxy1jkUbPl	Grey	[]	[2017, 2018]	3	3
0ShXtJGjzmboEPVOvIdbQA	Sidiki Diabaté	['azontobeats', 'desert blues', 'kora', 'mande pop']	[2017, 2018]	3	3
1l8Fu6IkuTP0U5QetQJ5Xt	Fifth Harmony	['girl group', 'pop', 'talent show']	[2017]	3	3
137W8MRPWKqSmrBGDBFSop	Wiz Khalifa	['hip hop', 'pittsburgh rap', 'pop rap', 'rap', 'southern hip hop', 'trap']	[2017, 2018]	3	3
4qBgvVog0wzW75IQ48mU7v	KYLE	['deep underground hip hop', 'indie pop rap', 'pop rap', 'viral trap']	[2017, 2018]	3	3
5M0lbkGluOPXLeFjApw8r8	DRAM	['pop rap', 'trap', 'underground hip hop', 'viral trap', 'virginia hip hop']	[2017]	3	3
4tvKz56Tr39bkhcQUTO0Xr	Angus & Julia Stone	['australian indie folk', 'indie folk']	[2017, 2018]	3	0
53ZDw5ZHldHJgaUjcJhdGc	Léa Castel	['french pop']	[2017, 2018, 2021]	3	3
4qJ1NPJIburUjxcucKOhvu	Gilbert Montagné	['chanson', 'chanson paillarde', 'classic french pop', 'french pop']	[2017, 2021, 2022]	3	0
4lDXfIznmGueBgTjI3qGUX	Møme	['new french touch', 'nice indie']	[2017]	3	3
5he5w2lnU9x7JFhnwcekXX	Skrillex	['brostep', 'complextro', 'edm', 'electro', 'pop dance']	[2017, 2021]	3	3
0nWJu3Xs0UhI9mqAYnuUB8	13ème Art	['rap marseille']	[2017]	3	3
6AsX53NZ0rVrVnlKLy1KvR	Arcadian	['french pop', 'variete francaise']	[2017, 2018]	3	0
2BAG03enVzZgv9Tb2hqImG	ALP	['rap francais']	[2017, 2021]	3	2
7gP3bB2nilZXLfPHJhMdvc	Foster The People	['indietronica', 'modern alternative rock', 'modern rock', 'rock']	[2017, 2018, 2021]	3	1
6olE6TJLqED3rqDCT0FyPh	Nirvana	['grunge', 'permanent wave', 'rock']	[2017, 2021, 2022]	3	0
1xmsowgnwe7rnkHwmMZCIR	Hankock	[]	[2017]	3	2
4OBJLual30L7gRl5UkeRcT	T.I.	['atl hip hop', 'dirty south rap', 'gangster rap', 'hip hop', 'pop rap', 'rap', 'southern hip hop', 'trap']	[2017, 2018]	3	3
5fyDppLDl1juIu1BcUT5zh	Digital Farm Animals	['uk dance']	[2017, 2018]	3	3
0L8ExT028jH3ddEcZwqJJ5	Red Hot Chili Peppers	['alternative rock', 'funk metal', 'funk rock', 'permanent wave', 'rock']	[2017, 2018, 2022]	3	0
5SZayIKDZvxXaJrxLfnIRN	Seth Gueko	['french hip hop', 'old school rap francais', 'pop urbaine']	[2017, 2020, 2021]	3	3
16vfg5F2MKku9FMIrFIqry	Q.E Favelas	['french hip hop', 'pop urbaine', 'rap francais']	[2018]	3	3
4IVAbR2w4JJNJDDRFP3E83	6LACK	['atl hip hop', 'melodic rap', 'r&b', 'rap', 'trap']	[2018, 2021]	3	3
5wH58LQ6x7glKH72cIVJtN	VYNK	[]	[2018]	3	3
4IAqcSIINRfPQC57mgYhW2	BRVMSOO	['french hip hop', 'pop urbaine', 'rap francais']	[2018]	3	1
1AEcpjnSCmm53IBZQo3g9z	DāM-FunK	['popping', 'synth funk', 'wonky']	[2018]	3	3
0fM4WhKpjJZc3a0eX947Tc	Sirius	[]	[2018, 2020]	3	1
4obzFoKoKRHIphyHzJ35G3	Becky G	['latin pop', 'latin viral pop', 'rap latina', 'reggaeton', 'urbano latino']	[2018]	3	3
6DVipHzYsPlIoA0DW8Gmns	"Royce Da 5'9"""	['detroit hip hop', 'gangster rap', 'hardcore hip hop', 'hip hop']	[2018, 2020]	3	3
13dBSkdYZEbzbB05r1ikHS	Bedjik	[]	[2018, 2021]	3	3
4yiQZ8tQPux8cPriYMWUFP	Gwen Stefani	['dance pop', 'pop']	[2018, 2021]	3	1
6sCbFbEjbYepqswM1vWjjs	Zendaya	['pop', 'post-teen pop']	[2018, 2022]	3	3
7a6TPrZH6MH6NFR0mlZLOg	Wassila	['r&b francais', 'rai']	[2018]	3	3
09FXva53dWku8Gu5N73rR8	Jahyanai	['dancehall', 'dancehall guyanaise', 'r&b francais', 'shatta', 'zouk riddim']	[2018, 2022]	3	2
4NYN8zAaPqtfM9MHFTmC0a	Mayo	['pop urbaine', 'rap francais']	[2018, 2021]	3	3
0qSX3s5pJnAlSsgsCne8Cz	Brett Eldredge	['contemporary country', 'country', 'country road', 'modern country rock']	[2018, 2021]	3	1
1xr2G8Hlx4QWmT9HaUbmoO	Young Stoner Life	['pop rap']	[2021]	3	3
1uU7g3DNSbsu0QjSEqZtEd	Masked Wolf	['australian hip hop']	[2021]	3	0
7wU2WGCJ8HxkekHHE2QLul	Fuego	['electro latino', 'rap dominicano', 'trap latino']	[2021]	3	0
6fWVd57NKTalqvmjRd2t8Z	24kGoldn	['cali rap']	[2020, 2021, 2022]	3	3
4V9vRZSqYVOgad1sDuDPHb	Mastu	[]	[2020, 2021]	3	2
5L1lO4eRHmJ7a0Q6csE5cT	LISA	['k-pop']	[2021, 2022]	3	1
79GiwayvvpyZVErpH6BLsY	Nito-Onna	['covertronica']	[2021]	3	3
3L774tiJRvPmAS90pOLB44	Rsko	['r&b francais']	[2021, 2022]	3	2
7aE6yMO362hvjGyzFFaKXY	Zbig	[]	[2020, 2021]	3	3
5DEZRgl7H5KUdzo5YGvyk7	Oby One	[]	[2020, 2021]	3	0
03d2mJXSMtuPI0nIvLnhoS	Zoe Wees	['german pop']	[2020, 2021]	3	1
4ME56PlDfT9QKf6sGcRgPm	Wit.	['french hip hop', 'rap calme', 'rap francais']	[2020, 2021]	3	3
2XkCa3HcntokIgOP5N3QO7	Camélia Jordana	['chanson', 'french indie folk', 'french pop', 'nouvelle chanson francaise']	[2020, 2021]	3	0
5bv5RplEOwdCvhq0EILh9E	Lucenzo	['reggaeton']	[2020, 2021, 2022]	3	1
1KPj6NdDCKtgDEil9kDZhs	DRIME	['rap marseille']	[2020, 2021]	3	3
6DgP9otnZw5z6daOntINxp	Joel Corry	['dance pop', 'pop dance', 'uk dance']	[2020, 2021]	3	3
1pQtc9O0CKJYhvaICw39z9	DENZO	['french hip hop', 'rap francais']	[2020, 2021]	3	3
40OywkN721WGbrgf7BCB13	Dina	[]	[2021]	3	2
1U1el3k54VvEUzo3ybLPlM	Kali Uchis	['colombian pop']	[2021]	3	2
2j93xBBtZnS9YJGJUcWHwg	Stavo	['rap francais']	[2020, 2021]	3	3
2NXFKDjgSuIyiUUH2PEVHG	91 All Stars	['rap francais']	[2020, 2021]	3	3
4hYxvgmTzS29XAXlo5adgM	L2B	['french hip hop', 'pop urbaine', 'r&b francais', 'rap francais']	[2021, 2022]	3	1
1mcTU81TzQhprhouKaTkpq	Rauw Alejandro	['puerto rican pop', 'reggaeton', 'trap latino', 'urbano latino']	[2021]	3	1
523y9KSneKh6APd1hKxLuF	Master KG	['bolobedu house', 'south african house']	[2020, 2021]	3	3
4cfKtwkefMW3aiXtxfw8w6	Nomcebo Zikode	['afro soul', 'south african pop']	[2020, 2021]	3	3
5Ea2kDQeQNQrIcI6tCthaQ	THABITI	['r&b francais', 'rap marseille']	[2020, 2021, 2022]	3	3
5xwkZR4IElUHC9y1Yu23mE	Sysa	[]	[2020, 2021]	3	3
1UPSZ2WuhDQc3Y6TBT8bFf	Roi Heenok	['rap montrealais']	[2020, 2022]	3	3
1ThoqLcyIYvZn7iWbj8fsj	Bill Withers	['funk', 'quiet storm', 'soul']	[2020]	3	1
3XcCT5MPlQPWFTJyzXbfuX	Maejor	['detroit hip hop', 'pop r&b']	[2020]	3	3
0eRtInepLNyuZsho3EonUS	KALY	[]	[2019, 2020]	2	2
0w7HLMvZOHatWVbAKee1zF	Redbone	['native american', 'native american contemporary']	[2018, 2019]	2	0
20sxb77xiYeusSH8cVdatc	Meek Mill	['hip hop', 'philly rap', 'pop rap', 'rap', 'southern hip hop', 'trap']	[2018, 2019]	2	2
6TLwD7HPWuiOzvXEa3oCNe	Oliver Tree	['alternative hip hop']	[2019, 2021]	2	1
64ajvIvaxJSmdwLGW0IJBo	N'seven7	['rap francais']	[2019, 2020]	2	0
5KNNVgR6LBIABRIomyCwKJ	Dermot Kennedy	['folk-pop', 'irish pop', 'uk pop']	[2019, 2020, 2021]	2	1
0oSGxfWSnnOXhD2fKuz2Gy	David Bowie	['art rock', 'classic rock', 'glam rock', 'permanent wave', 'rock']	[2018, 2019]	2	2
2sYOUJa6fNc4ke4Zo6EkZ4	Les Frangines	['french pop', 'variete francaise']	[2019, 2020]	2	0
2CD8tl357w6zYA3XYuOJPO	Elephanz	['french indie pop', 'nantes indie']	[2018, 2019]	2	1
6nS5roXSAGhTGr34W6n7Et	Disclosure	['edm', 'house', 'indietronica', 'uk dance']	[2019]	2	2
38EmEgXkgK51MT2tPY0EoC	Bobby Helms	[]	[2018, 2019, 2020, 2021]	2	0
2ysnwxxNtSgbb9t1m2Ur4j	George Ezra	['folk-pop', 'neo-singer-songwriter']	[2018, 2019, 2020, 2021]	2	0
4X8QFzZ1HqwPfwDfyjtwXC	Mel Tormé	['adult standards', 'easy listening', 'lounge', 'swing', 'vocal jazz']	[2017, 2018, 2019]	2	1
30UIjoCGuL3Fa5BOc3ayNW	Manu Dibango	['afrobeat', 'afropop', 'makossa', 'world']	[2019, 2020]	2	1
5N12NARVDJvkSSRye0G49M	Kidaki	['rap calme']	[2019, 2020, 2021]	2	1
7i9j813KFoSBMldGqlh2Z1	Riton	['house', 'pop dance', 'uk dance']	[2019, 2020, 2021, 2022]	2	2
2U3FuHYvL3vhkbDAXm24Ep	Dan Caplen	['neo soul', 'uk contemporary r&b']	[2018, 2019]	2	2
25tMQOrIU4LlUo6Sv8v5SE	Gavin James	['irish pop']	[2017, 2019]	2	2
66t9jFMMHlihDiM2urzKHs	Chich	[]	[2018, 2019]	2	2
5zSv8ebxJp6esGCMu1pxaH	Caroliina	[]	[2018, 2019, 2020]	2	2
0MHgLfmQdutffmvWe5XBTN	Burl Ives	['adult standards', 'american folk revival']	[2018, 2019, 2021]	2	0
2cWZOOzeOm4WmBJRnD5R7I	Normani	['pop', 'r&b']	[2018, 2019]	2	2
1MIVXf74SZHmTIp4V4paH4	Mabel	['pop', 'uk pop']	[2019, 2020, 2021]	2	1
5nzb4lFHogGWcsd9njLT0M	Barack Adama	['pop urbaine']	[2019, 2020, 2021]	2	2
4STHEaNw4mPZ2tzheohgXB	Paul McCartney	['beatlesque', 'classic rock', 'rock']	[2018, 2019, 2020, 2021]	2	0
6OQggpm01CmAB717TKtDCr	Dopebwoy	['dutch hip hop', 'dutch rap pop']	[2019, 2020]	2	2
6vZXamchcIOKzC1c3Elp4J	Cheb Mami	['rai', 'reggae maghreb']	[2019, 2020]	2	2
4KbmIh6ZR008MKManlHO6n	Freddy Gladieux	[]	[2019, 2020]	2	1
3ABLHSKKZzNcgpBuXvLB9W	Kpoint	['french hip hop', 'pop urbaine', 'rap conscient', 'rap francais']	[2018, 2019]	2	2
4410KJQAwvZ7K5LZrSo2Es	Marie Plassard	[]	[2019, 2021]	2	2
2h5IzYxNFBtXa3PsnV370c	Klem Schen	['rap calme']	[2019, 2020, 2021]	2	0
2KsP6tYLJlTBvSUxnwlVWa	Mike Posner	['dance pop', 'pop', 'pop rap']	[2017, 2019]	2	2
35S20clEkkSNUo23ViaslZ	Band Aid	['musical advocacy']	[2017, 2018, 2019, 2020]	2	0
4UXqAaa6dQYAk18Lv7PEgX	Fall Out Boy	['emo', 'modern rock', 'pop', 'pop punk', 'rock']	[2019]	2	2
1WsYCXdezMjn0KoIrLvMmC	Ed Sheeran & Justin Bieber	[]	[2019, 2020]	2	2
1cZQSpDsxgKIX2yW5OR9Ot	Lennon Stella	['alt z', 'canadian pop', 'uk pop']	[2019]	2	2
6xf1SJx82RDLL6wdSDDZXI	Noname	['rap francais']	[2019, 2020]	2	2
7FNnA9vBm6EKceENgCGRMb	Anitta	['funk pop', 'funk rj', 'pagode baiano', 'pop', 'pop nacional']	[2019, 2021, 2022]	2	2
4sj6D0zlMOl25nprDJBiU9	Andy Williams	['adult standards', 'easy listening']	[2017, 2018, 2019, 2020, 2021]	2	0
1tqhsYv8yBBdwANFNzHtcr	Lil Dicky	['comedy rap', 'indie pop rap', 'pop rap']	[2018, 2019]	2	1
2nm38smINjms1LtczR0Cei	Goodboys	['pop dance', 'uk dance']	[2019, 2020]	2	2
3ufGNaeuKGZU5myCHob2Ds	Nae	[]	[2019, 2020]	2	2
7jEEE187pVG6InOxn03oA5	Benjamin Ingrosso	['swedish pop']	[2018, 2019, 2020]	2	1
4CAsSAU842glNKJX71ndA9	Louise Attaque	['chanson', 'french pop', 'french rock']	[2018, 2019, 2020, 2021, 2022]	2	0
0eecdvMrqBftK0M1VKhaF4	CNCO	['boy band', 'latin pop', 'reggaeton', 'urbano latino']	[2019]	2	1
6JL8zeS1NmiOftqZTRgdTz	Meghan Trainor	['hip pop', 'pop']	[2018, 2019, 2021]	2	2
04aQfpx1U1WQEJkrvGs4ig	Dalida	['chanson']	[2017, 2018, 2019, 2020, 2021]	2	0
3qLpAs6VLppZrKlI0CXK6k	Kayna Samet	['old school rap francais', 'r&b francais']	[2019, 2021]	2	2
4ofCBoyEiGSePFAG500xev	Regard	['pop dance', 'pop edm', 'slap house', 'uk dance']	[2019, 2020, 2021]	2	1
2gTcdmBwgyh3EORKIXCzlw	El Profesor	['house']	[2018, 2019]	2	2
0vRvGUQVUjytro0xpb26bs	Arizona Zervas	['pop rap', 'rhode island rap']	[2019, 2020]	2	0
1FmxE030Xe2H8Bn9bdv6Pd	Vanessa Paradis	['chanson', 'french pop']	[2019, 2020, 2021]	2	2
1aQwKFn00nswXRDUDipm0K	Gaullin	['lithuanian edm', 'lithuanian electronic']	[2019, 2021]	2	1
6ew7qRw24oov125Oly8pFD	The Prince Karma	['house']	[2018, 2019, 2020]	2	0
2XtC6uU1zPKa4iNwXjD63L	Skaodi	['rap francais']	[2017, 2019]	2	2
3XQLSTYyBneA9vzOEP9OSH	Doks	['r&b francais']	[2018, 2019]	2	1
2DaxqgrOhkeH0fpeiQq2f4	Oasis	['beatlesque', 'britpop', 'madchester', 'permanent wave', 'rock']	[2017, 2018, 2019, 2021]	2	0
25u4wHJWxCA9vO0CzxAbK7	Lukas Graham	['danish pop', 'scandipop']	[2017, 2019]	2	0
028lPW2NdWHdSPCkRkcyhd	Ant Clemons	[]	[2019]	2	2
5ydAcIK2KdpBIbL0yGFJle	Kery James	['french hip hop', 'rap conscient']	[2018, 2019]	2	2
1h0vYLWMAElSWYCjm6RBpe	Ikaz Boi	['french hip hop', 'rap calme', 'rap francais']	[2019]	2	2
0Y3agQaa6g2r0YmHPOO9rh	Davido	['afrobeats', 'afropop', 'azontobeats', 'ghanaian hip hop', 'nigerian pop']	[2018, 2019]	2	2
0JXiS2FrAg3wQYJHcmZdrc	B. Swanson Quartet	[]	[2017, 2018, 2019, 2020, 2021]	2	2
6cEuCEZu7PAE9ZSzLLc2oQ	R3HAB	['dutch house', 'edm', 'electro house', 'pop dance', 'progressive electro house', 'slap house']	[2019, 2020]	2	2
51MxI9mWmRMPLK9eNlyQ7o	3robi	['dutch hip hop', 'rap belge']	[2018, 2019]	2	2
39l75cUNbVMpHgykQLyOUT	Diva Faune	[]	[2017, 2018, 2019]	2	1
7K78lVZ8XzkjfRSI7570FF	José Feliciano	['latin pop', 'puerto rican pop']	[2018, 2019, 2020, 2021]	2	0
1ooV8YZC1KbpEcrmI8WH0F	Yebba	['pop soul']	[2019, 2021]	2	2
7uaIm6Pw7xplS8Dy06V6pT	Trevor Daniel	['melodic rap']	[2019, 2020, 2021]	2	0
5OdVywqKqyCWwfE2fZb7IX	Chico Rose	['slap house']	[2019, 2020]	2	2
2oQX8QiMXOyuqbcZEFsZfm	El Alfa	['dembow', 'rap dominicano', 'reggaeton', 'trap latino', 'urbano latino']	[2019, 2020]	2	2
1GDbiv3spRmZ1XdM1jQbT7	NATTI NATASHA	['latin pop', 'rap latina', 'reggaeton', 'urbano latino']	[2018, 2019]	2	2
7EQ0qTo7fWT7DPxmxtSYEc	Bastille	['metropopolis', 'modern rock', 'pop']	[2017, 2018, 2019]	2	1
18PkzXDURSTyGZTg9w66qq	Patrick Fiori	['chanson', 'french pop']	[2019, 2021]	2	2
5lpH0xAS4fVfLkACg9DAuM	Wham!	['new romantic', 'new wave', 'new wave pop', 'soft rock']	[2017, 2018, 2019, 2020, 2021]	2	0
726MxZBpkxnnoKl6aN7mmj	Cookin' On 3 Burners	['bboy', 'instrumental funk']	[2017, 2018, 2019, 2020]	2	2
1eEfMU2AhEo7XnKgL7c304	Carpenters	['adult standards', 'mellow gold', 'soft rock']	[2018, 2019]	2	0
6KWcxMWVNVIYbdOQyJtsSy	The Platters	['adult standards', 'easy listening', 'rock-and-roll', 'rockabilly']	[2017, 2018, 2019, 2020, 2021]	2	0
1cNDP5yjU5vjeR8qMf4grg	YNW Melly	['melodic rap', 'rap']	[2019, 2020]	2	1
4myTppRgh0rojLxx8RycOp	Ryan Lewis	['pop rap']	[2017, 2018, 2019, 2020, 2021, 2022]	2	2
2s4tjL6W3qrblOe0raIzwJ	Yoko Ono	['experimental', 'experimental pop']	[2017, 2018, 2019, 2020, 2021]	2	2
67MNhiAICFY6Pwc2YxCO0K	Elley Duhé	['alt z']	[2018, 2019, 2022]	2	1
20JZFwl6HVl6yg8a4H3ZqK	Panic! At The Disco	['pop']	[2018, 2019, 2020, 2021]	2	1
6SsTlCsuCYleNza6xGwynu	Agnes	['swedish electropop', 'swedish idol pop', 'swedish pop']	[2019]	2	2
2fVW2ix4ANKiofDZIsy1XR	Vargas & Lagola	['swedish pop']	[2019]	2	2
5JYo7gm2dkyLLlWHjxS7Dy	Sandro Cavazza	['swedish pop']	[2017, 2018, 2019]	2	2
7nqlScm2smydSRl13eaP8E	Nea	['scandipop']	[2019, 2020, 2021]	2	1
392Bnlp5PrDQZgtr3OSG9T	FRAMAL	[]	[2017, 2019]	2	2
5NhgsV7qPWHZqYEMKzbYvo	Faouzia	['alt z', 'canadian pop']	[2019, 2020, 2021]	2	2
6eYFryfcEu3QSq59D62wZQ	Brendon Urie	[]	[2019]	2	2
43ZHCT0cAZBISjO8DG9PnE	Elvis Presley	['rock-and-roll', 'rockabilly']	[2017, 2018, 2019, 2020, 2021]	2	0
0A0FS04o6zMoto8OKPsDwY	YG	['cali rap', 'hip hop', 'pop rap', 'rap', 'southern hip hop', 'trap']	[2018, 2019]	2	2
4QQgXkCYTt3BlENzhyNETg	Earth, Wind & Fire	['disco', 'funk', 'jazz funk', 'soul']	[2017, 2018, 2019, 2020, 2021, 2022]	2	0
293zczrfYafIItmnmM3coR	Chuck Berry	['blues', 'blues rock', 'classic rock', 'rock', 'rock-and-roll', 'rockabilly', 'soul']	[2017, 2018, 2019, 2020, 2021]	2	0
3Dcckn2A8PXmu8zLpMuO3B	Cats On Trees	['french indie pop', 'french pop', 'french rock', 'nouvelle chanson francaise']	[2018, 2019]	2	1
6bTG3OP5laBeEb27xgfoqT	Gavin Moss	['coverchill', 'pop edm']	[2018, 2019, 2020]	2	2
3CbYyyd8wH3RT6t0jwpdzC	Murda Beatz	['canadian hip hop', 'canadian trap']	[2018, 2019]	2	2
3v6Ji4uoWtKRkhuDUaxi9n	Dynoro	['edm']	[2018, 2019, 2020]	2	2
4mHAu7NX2UNsnGXjviBD9e	Brooks	['dutch house', 'edm', 'electro house', 'future house', 'pop dance', 'pop edm', 'progressive electro house']	[2018, 2019]	2	2
2YYAp30sXeDAKiTLMfKGTT	The NGHBRS	['la pop']	[2018, 2019]	2	2
3klZnJvYGIbWritVwQD434	Duncan Laurence	['dutch pop']	[2019, 2021]	2	0
4VZY0nxYMSNotbS7WjNVQy	Nyla	[]	[2017, 2018, 2019]	2	2
374sWpAJsbZckf98df2jJJ	Fuse ODG	['afrobeats', 'azonto']	[2017, 2018, 2019]	2	2
7f0OLhGgBMX9fUjm1dcPip	Alice Merton	[]	[2017, 2018, 2019]	2	0
7Iw6TwPkS7bja1OrA3Neal	2zer	['french hip hop', 'rap calme']	[2017, 2019]	2	2
0CxxEat1WY9uCQQwSSztS4	Mekra	[]	[2017, 2019]	2	2
1HVwzNriKEjaeE06okqSpx	Carla Bruni	['chanson']	[2017, 2018, 2019, 2020, 2021]	2	2
7nXyULtoL8k7wP9l6kg8Ef	Madeleine Peyroux	['contemporary vocal jazz', 'jazz pop', 'vocal jazz']	[2018, 2019, 2020, 2021]	2	2
6t7U7sYlVCtlMWzbecJcHd	Dhurata Dora	['albanian hip hop', 'albanian pop', 'frauenrap']	[2019, 2021]	2	2
3wjsrpfO6odEphTZWx45RQ	Hearts & Colors	[]	[2017]	2	1
7CIcEIOiWaZcEH35cpsdZq	Boston Pops Orchestra	['easy listening', 'pops orchestra']	[2017, 2018]	2	2
6d47Z08T4snK50HgTEHo5Z	Sage The Gemini	['hyphy', 'pop rap', 'southern hip hop', 'trap']	[2017]	2	0
063ucVG5kmQ6FrnWV0WZHi	Bengous	['rap marseille']	[2017, 2018]	2	0
6MvRVq0CtpQQlwnIiszV8F	Magic System	['afropop', 'french pop', 'zouglou']	[2017, 2018]	2	1
6Paz0vXJJ9bCPf0fEm3qzg	Dagny	['norwegian pop']	[2017]	2	0
5M2y5A6d5QZjw9JeKClagC	Andrelli	['swedish pop']	[2017]	2	1
7KMqksf0UMdyA0UCf4R3ux	James Blunt	['neo mellow', 'pop rock']	[2017]	2	1
5EvFsr3kj42KNv97ZEnqij	Shaggy	['dance pop', 'pop rap', 'reggae fusion']	[2017, 2020]	2	2
1l7ZsJRRS8wlW3WfJfPfNS	Christina Aguilera	['dance pop', 'pop']	[2017, 2018]	2	1
4hHzZPvlU4rRbYnkXddpid	Marina Kaye	['french pop']	[2017]	2	1
0hEurMDQu99nJRq8pTxO14	John Mayer	['neo mellow', 'singer-songwriter']	[2017, 2018]	2	0
6mrK5l7yeX4E2h6SaTqIrN	Douma	[]	[2017, 2018]	2	2
0B3N0ZINFWvizfa8bKiz4v	James TW	['british singer-songwriter']	[2017, 2020, 2021]	2	0
6TIYQ3jFPwQSRmorSezPxX	Machine Gun Kelly	['ohio hip hop', 'pop rap']	[2017, 2018]	2	2
21451j1KhjAiaYKflxBjr1	Zion & Lennox	['reggaeton', 'urbano latino']	[2017, 2020]	2	2
4u5smJBskI6Adzv08PuiUP	Kiiara	['alt z', 'electropop']	[2017, 2018]	2	2
7sfl4Xt5KmfyDs2T3SVSMK	Lil Jon	['atl hip hop', 'crunk', 'dance pop', 'dirty south rap', 'old school atlanta hip hop', 'pop rap', 'southern hip hop', 'trap']	[2017]	2	2
2gsggkzM5R49q6jpPvazou	Jessie J	['dance pop', 'pop']	[2017, 2018]	2	0
6LqNN22kT3074XbTVUrhzX	Kesha	['dance pop', 'pop']	[2017, 2018]	2	2
4xTiWBThjZgo1uZn1WpZm3	DJ Hamida	['rif']	[2017]	2	2
3Bd1cgCjtCI32PYvDC3ynO	London Grammar	['metropopolis', 'nottingham indie']	[2017]	2	0
2dQXoFzwfoxlh8xKIzegdI	Ger	[]	[2017]	2	2
74eX4C98E4FCrAMl39qRsJ	Theory of a Deadman	['alternative metal', 'canadian metal', 'canadian rock', 'nu metal', 'post-grunge']	[2017]	2	0
3W9UldYu0xJcaOAw2SUTDI	Panama	['australian indie', 'indietronica', 'nu disco', 'shimmer pop']	[2017]	2	2
2D8swU349pR0GOIpwBg4hy	Norey Fz	[]	[2017]	2	2
2h93pZq0e7k5yf4dywlkpM	Frank Ocean	['lgbtq+ hip hop', 'neo soul']	[2017]	2	2
5H1nN1SzW0qNeUEZvuXjAj	Danny Ocean	['pop venezolano', 'reggaeton', 'trap latino', 'urbano latino']	[2017]	2	0
79QO0Xmn1dZhvaLicS2Yrs	The Night Game	['modern alternative rock']	[2017]	2	2
77xlFule9mFzOWT9Uk80xY	Roch Voisine	['chanson', 'comedie musicale', 'country quebecois', 'french pop', 'pop quebecois']	[2017]	2	0
3gk0OYeLFWYupGFRHqLSR7	Showtek	['classic hardstyle', 'dutch house', 'edm', 'electro house', 'euphoric hardstyle', 'pop dance', 'progressive electro house']	[2017, 2018]	2	2
4Wjf8diP59VmPG7fi4y724	Cedric Gervais	['dutch house', 'edm', 'electro house', 'pop dance', 'progressive electro house', 'progressive house']	[2017, 2018]	2	1
2qSEpijpT3YSXgxcXac1ly	Chris Willis	[]	[2017, 2020]	2	2
4ON1ruy5ijE7ZPQthbrkgI	Burak Yeter	['electro house']	[2017]	2	2
7Dz9goFmVZZqvJxZoKg7pF	Danelle Sandoval	['nyc pop']	[2017]	2	2
4XCcYzu2zRJvBp3QZct3Oj	Medi Meyz	[]	[2017, 2021]	2	2
5iZMWWLoDJH1u6Ru2rOEsd	Keen' V	['french pop', 'variete francaise']	[2017, 2020]	2	0
2PNcNJDYJyoeJqUjgHz9Xa	Boostee	['french pop']	[2017, 2018]	2	0
4sTQVOfp9vEMCemLw50sbu	Galantis	['dance pop', 'edm', 'pop', 'pop dance']	[2017, 2021]	2	1
2FXC3k01G6Gw61bmprjgqS	Hozier	['irish singer-songwriter', 'modern rock', 'pop', 'pov: indie']	[2017, 2022]	2	1
5GtMEZEeFFsuHY8ad4kOxv	Seal	['british soul']	[2017]	2	0
77AiFEVeAVj2ORpC85QVJs	Steve Aoki	['edm', 'electro house', 'pop dance']	[2017]	2	2
6RXNoNfqGTqlCIwAvzo4Xp	DJ Sem	['arabic hip hop']	[2017, 2018]	2	2
5r8cx09Wdz9YeIbDhzfnna	Tess	['reunion pop']	[2017]	2	0
3nU8TSIICYDbUqRpJISTRE	MC Solaar	['french hip hop', 'jazz rap', 'old school rap francais']	[2017]	2	0
2HGAZDmVV3GAH4XFAZdvSG	Isaac Delusion	['electro-pop francais', 'french indie pop', 'french indietronica', 'french psychedelic']	[2017]	2	2
02A3cEvlLLCbIMVDrK2GHV	Starley	['aussietronica']	[2017, 2018]	2	2
33JQK4UoS2aMPYBfdB5Ftt	Ryan Riback	['melbourne bounce']	[2017, 2018]	2	2
5H95sNW22U0VkC8v7qk9FI	Zesau	['french hip hop']	[2017, 2020]	2	2
0uGk2czvcpWQA383Im6ajf	Maggie Lindemann	['alt z', 'dark pop', 'pop']	[2017]	2	2
0CEK8AzyeD5ZUdUloB6yQV	CADE	['pop edm']	[2017]	2	2
0FTrIsp2Mg7Bkf8eXQrISa	PHresher	['nyc rap']	[2017]	2	2
1oKdM70mJD8VvDOTKeS8t1	Emily Warren	['alt z', 'nyc pop']	[2017, 2018]	2	2
632WMoQfBWk76kBz7vMXNg	Walking On Cars	['indie anthem-folk', 'irish rock']	[2017]	2	0
1LZEQNv7sE11VDY3SdxQeN	Bee Gees	['disco', 'mellow gold', 'soft rock']	[2017, 2018]	2	0
3coXUO5EiwR37nzX4xWjIV	Busy P	['filter house']	[2017]	2	2
4d53BMrRlQkrQMz5d59f2O	Mayer Hawthorne	['pop soul']	[2017]	2	2
6wMr4zKPrrR0UVz08WtUWc	Black Coffee	['south african house', 'south african pop', 'south african pop dance']	[2017, 2018]	2	2
5NGO30tJxFlKixkPSgXcFE	The Police	['album rock', 'classic rock', 'permanent wave', 'rock']	[2017, 2018]	2	0
4AVFqumd2ogHFlRbKIjp1t	Alesso	['dance pop', 'edm', 'electro house', 'pop', 'pop dance', 'progressive electro house']	[2017, 2018]	2	1
4s6YWKUwngB7oxE6CPWsW2	Clementine Duo	['acoustic cover']	[2017]	2	0
0ZRBa9pTfhhCsJW95F1ugg	Yall	[]	[2017, 2018]	2	2
2JLl6rSFWx9YuSPLcLhkAG	Julian Perretta	['uk pop']	[2017, 2021]	2	1
1ackd5XprZEkH3McKbQD51	Juan Magán	['electro latino', 'spanish pop']	[2017, 2018]	2	2
2WX2uTcsvV5OnS0inACecP	Birdy	['neo mellow', 'uk pop']	[2017, 2020]	2	1
1qKKI6tBqJZCZfAmXjYFjN	Nassi	[]	[2017, 2018]	2	1
1G0YV9WooUBjrwDq0Q7EFK	Charlotte Cardin	['canadian pop', 'indie quebecois']	[2017, 2018, 2021]	2	1
3S0tlB4fE7ChxI2pWz8Xip	Giggs	['grime', 'london rap', 'uk hip hop']	[2017]	2	2
4EzkuveR9pLvDVFNx6foYD	James Bay	['neo mellow', 'pop', 'uk pop']	[2017, 2018]	2	0
7hOGhpa8RMSuDOWntGIAJt	A R I Z O N A	['electropop', 'indie poptimism']	[2017]	2	0
771qBvjnXOH9Azr6lKy6FB	Michael Sembello	['hi-nrg']	[2017, 2018, 2021]	2	0
6J7biCazzYhU3gM9j1wfid	Jamiroquai	['dance pop']	[2017]	2	0
7bvcQXJHkFiN1ppIN3q4fi	Joss Stone	['british soul', 'neo soul']	[2017, 2018]	2	1
25b5cIThNFVHmLF2DQ814i	Awa Imani	[]	[2017, 2018, 2021]	2	2
18B188KE3gPEhXfx15XnhY	Lisandro Cuxi	['r&b francais']	[2017, 2018]	2	0
6c0mTNAxJxlp9HpKTUZwA8	ALMA	[]	[2017, 2018]	2	2
0Yb5TIkoemd0B5QzuoVndb	Hors Ligne	[]	[2017]	2	2
0ECwFtbIWEVNwjlrfc6xoL	Eagles	['album rock', 'classic rock', 'heartland rock', 'mellow gold', 'rock', 'soft rock', 'yacht rock']	[2017, 2018, 2021]	2	0
0ZrpamOxcZybMHGg1AYtHP	Robin Thicke	['dance pop', 'neo soul', 'pop rap', 'r&b', 'urban contemporary']	[2017, 2018]	2	2
7GaxyUddsPok8BuhxN6OUW	James Brown	['funk', 'soul']	[2017, 2020]	2	0
0QJIPDAEDILuo8AIq3pMuU	M.I.A.	['escape room', 'indietronica', 'new rave']	[2017, 2018, 2020]	2	1
7KUri7klyLaIFXLcuuOMCd	Stargate	['norwegian pop']	[2017, 2018]	2	2
6Dd3NScHWwnW6obMFbl1BH	Daya	['pop']	[2017]	2	2
0QvtEuDIDAsKpfuOe2a237	Joe Killington	[]	[2017, 2018]	2	2
6t8VAB5OTHKxi4p1I5aqn0	Duane Harden	[]	[2017, 2018]	2	2
57WHJIHrjOE3iAxpihhMnp	Louis Tomlinson	['pop']	[2017]	2	2
7iZtZyCzp3LItcw1wtPI3D	Rae Sremmurd	['melodic rap', 'mississippi hip hop', 'rap', 'trap']	[2017, 2018]	2	2
1xU878Z1QtBldR7ru9owdU	Phoenix	['alternative dance', 'indie rock', 'modern rock', 'new rave', 'rock independant francais']	[2017]	2	0
3E6xrwgnVfYCrCs0ePERDz	Wisin	['reggaeton', 'urbano latino']	[2017]	2	2
4eJsV1Gy3Aaq5k4e0TyCSW	Raisse	['rap marseille']	[2017, 2018]	2	2
2WoVwexZuODvclzULjPQtm	Sampha	['alternative r&b', 'indie soul']	[2017]	2	1
7oPgCQqMMXEXrNau5vxYZP	Tracy Chapman	"['folk', 'lilith', 'singer-songwriter', ""women's music""]"	[2017]	2	0
2jFnPm8VeSO19i6B8blXB5	Abou Debeing	['french hip hop', 'pop urbaine', 'r&b francais']	[2017, 2018]	2	2
3yDIp0kaq9EFKe07X1X2rz	Nile Rodgers	['disco']	[2017, 2018, 2021]	2	2
68kEuyFKyqrdQQLLsmiatm	Vince Staples	['conscious hip hop', 'hip hop', 'rap', 'underground hip hop']	[2017, 2018]	2	2
711MCceyCBcFnzjGY4Q7Un	AC/DC	['australian rock', 'hard rock', 'rock']	[2017, 2018, 2020, 2021]	2	0
2QaL4Mj0beDXYBJuer1TUe	Mac Kregor	['french hip hop']	[2018, 2021]	2	2
37Qsf5KCKljH7mL134xp4k	Saudi	['south african hip hop']	[2018]	2	2
6t1gpxYbY8OlLA7D2RiikQ	Loud Luxury	['edm', 'pop dance']	[2018]	2	2
5uEeqYFuIChoWKy34jp8xE	Brando	['dance pop', 'pop dance']	[2018]	2	2
63hFhXYW3r2q8uW2Rf3LUw	H Magnum	['pop urbaine', 'rap ivoire']	[2018]	2	2
4YLtscXsxbVgi031ovDDdh	Chris Stapleton	['contemporary country', 'outlaw country']	[2018]	2	2
55fhWPvDiMpLnE4ZzNXZyW	Noah Cyrus	['alt z', 'pop']	[2018]	2	2
4gvkdged3Xw3ImXFm3jiay	Juliander	['swedish pop']	[2018]	2	2
2ZMnWI3oIHyj7MyuZ99gvu	Super Sako	['armenian hip hop', 'armenian pop']	[2018]	2	2
1G6vOMAmvp8zog2GhG6avm	Hayko	['armenian pop']	[2018]	2	2
1wen3SqBTcqL22jnemgJtp	Kopp Johnson	[]	[2018]	2	0
3OsRAKCvk37zwYcnzRf5XF	Moby	['downtempo', 'electronica']	[2018]	2	2
5Y3HBYsky3RyPqIDMP2wvt	Seezy	[]	[2018, 2020]	2	0
0bMKf3lIYR9GaNTdFKkTOr	Zonderling	['dutch house', 'electro house', 'progressive house']	[2018]	2	2
2cGwlqi3k18jFpUyTrsR84	The Verve	['britpop', 'permanent wave', 'rock', 'shoegaze']	[2018, 2021]	2	0
5un78gf3HzGs8Kgeoflgna	DJ Erise	['pop urbaine']	[2018, 2020]	2	2
4WN5naL3ofxrVBgFpguzKo	Rudimental	['pop dance', 'uk dance', 'uk funky']	[2018]	2	2
4TAoP0f9OuWZUesao43xUW	Mr Eazi	['afrobeats', 'afropop', 'azontobeats', 'ghanaian hip hop', 'nigerian pop', 'swedish dancehall']	[2018]	2	2
2ht3wxeT69CzyKFChNnNAB	Big Boi	['atl hip hop', 'dirty south rap', 'hip hop', 'southern hip hop']	[2018]	2	0
5xMkiuMCSS13z5shShg7Mz	404Billy	['french hip hop', 'rap francais']	[2018, 2020]	2	1
58lWi9l7zeTHdUz6Glzm9p	Junior Bvndo	['french hip hop', 'rap francais']	[2018, 2021]	2	2
7fy5E9AjeDhMSbVKrOGk55	Mafia Spartiate	['french hip hop', 'rap francais']	[2018]	2	2
3OqTvcWgb0xaainosGVvuZ	Gala	['eurodance', 'italo dance']	[2018, 2020, 2021, 2022]	2	0
1pPmIToKXyGdsCF6LmqLmI	Rich The Kid	['atl hip hop', 'melodic rap', 'plugg', 'rap', 'trap']	[2018]	2	0
1fuooeJa0UywkC89lN5tl6	Bamby	['r&b francais', 'zouk riddim']	[2018]	2	2
62kXJEnulLlsnP64CLSy1z	Petit Papa Noël	['comptine', 'musique pour enfants']	[2018, 2021]	2	0
17jayca0vxI4ZMPhGjgt4J	Charles Vicomte	[]	[2018]	2	2
5mtaU1uKbVJpkeaBWK8JfQ	Fianso	[]	[2018, 2021]	2	2
6SLddo53tvP0cJdocEutfV	Hollysiz	['french indie pop', 'french rock']	[2018]	2	0
2cADQgiLMjNhbsfeN52Bf3	Swizz Beatz	['battle rap', 'dirty south rap', 'southern hip hop', 'trap']	[2018, 2020]	2	2
53KwLdlmrlCelAZMaLVZqU	James Blake	['art pop', 'indie soul', 'indietronica', 'neo soul', 'uk alternative pop']	[2018]	2	2
1g0fXhQMHAxlRyIBkCbuE7	Matt Simons	['neo-singer-songwriter']	[2018, 2020]	2	1
4exLIFE8sISLr28sqG1qNX	Travis Barker	['rap rock']	[2018]	2	2
6WY7D3jk8zTrHtmkqqo5GI	Maren Morris	['classic texas country', 'contemporary country']	[2018]	2	2
2txHhyCwHjUEpJjWrEyqyX	Tom Odell	['chill pop']	[2018, 2021, 2022]	2	0
2p1fiYHYiXz9qi0JJyxBzN	Skepta	['birmingham grime', 'grime', 'instrumental grime', 'uk hip hop']	[2018, 2020]	2	2
4NKumVnSozo1F50Wji9ddY	Alpha 5.20	['french hip hop']	[2018, 2020]	2	2
6BGRCwCR7pQWXqWNhBE2vf	Images	['chanson', 'classic french pop', 'french pop']	[2018, 2020, 2021, 2022]	2	0
3LRglKUv0v6CqKPgh3eriq	Shone	[]	[2018, 2020]	2	2
0g5iQz7W3rnBbGOdW8ZnNH	K.S.A	[]	[2018, 2020]	2	1
6XqX8hSumPdlITIh7EHnHt	Guirri Mafia	['pop urbaine', 'rap francais']	[2018, 2020]	2	2
5YFS41yoX0YuFY39fq21oN	Bob Sinclar	['disco house', 'filter house']	[2018, 2021]	2	1
2uFC1dAj5b0YU7vulKNZ0p	Banx & Ranx	['basshall']	[2018, 2021, 2022]	2	2
3lcaxkgcJetq348VioG0s6	S-Pion	['cloud rap francais', 'rap francais']	[2018, 2021]	2	2
0dSh0CIa0HPd9kJmJSmGQo	ISHA	['belgian hip hop', 'french hip hop', 'rap belge', 'rap francais']	[2018, 2020]	2	2
0J0DL0a9oP16Eu4AhEEsim	GOULAG	['rap francais']	[2018, 2020]	2	2
1YjaVTeHBlVRRxbk7H30HN	Lunis	[]	[2021]	2	2
6NxJhQxcEAxCdfxXt4ScMt	Unité	[]	[2020, 2021]	2	2
6ZFGk1kTOZMU0tEzoFJG9w	Manny	[]	[2021]	2	2
6n28c9qs9hNGriNa72b26u	PNAU	['alternative dance', 'aussietronica', 'australian dance', 'australian electropop']	[2021, 2022]	2	2
1uS3NoifQsUXbWBOF3xIPg	Nakry	['french hip hop', 'rap francais']	[2020, 2021]	2	0
6CpNuq0rsIj6Il313E6lKL	Kimberose	['french pop']	[2021, 2022]	2	1
4fDx6CTJ4KWhnAg6TvwmWe	Serge Ibaka	['musique urbaine kinshasa']	[2021]	2	2
5SXuuuRpukkTvsLuUknva1	Baby Keem	['hip hop', 'rap']	[2021]	2	2
0u6GtibW46tFX7koQ6uNJZ	Topic	['german dance', 'pop dance', 'pop edm', 'uk dance']	[2020, 2021]	2	2
5Wg2b4Mp42gicxEeDNawf7	A7S	['pop dance', 'scandipop', 'uk dance']	[2020, 2021]	2	2
3Rz9ULXMl7mfhCCFNnhd5N	ZeGuerre	['french hip hop', 'pop urbaine', 'rap francais', 'rap lyonnais']	[2020, 2021]	2	2
702m4PzRgo8ne4ignqoyD1	Victoire	[]	[2021]	2	2
6MPCFvOQv5cIGfw3jODMF0	Internet Money	['pop rap']	[2020, 2021]	2	2
7rkW85dBwwrJtlHRDkJDAC	NAV	['canadian hip hop', 'canadian trap', 'melodic rap', 'rap', 'toronto rap', 'trap']	[2020, 2021]	2	2
7yrJfjfaeYvEz3Iy57Ppzz	2Bang	[]	[2020, 2021]	2	2
3RruZ5EIChHVqnHm7VsOCJ	Ivory	[]	[2021]	2	2
0Q5EUbHvUWlYpSwmKKbUSF	Keny Arkana	['conscious hip hop', 'french reggae', 'rap conscient', 'rap marseille']	[2020, 2021]	2	2
5EmEZjq8eHEC6qFnT63Lza	Tinlicker	['progressive house']	[2021, 2022]	2	2
6dC41opH96WjFwWhhAxBsS	Helsloot	[]	[2021, 2022]	2	2
5eAv3bvAehIJEOMLtzAtaE	Lamatrix	['rap francais']	[2021, 2022]	2	2
0NkmvuSD5Pm8zucjwIpChS	La Zarra	['french pop']	[2021, 2022]	2	0
2quhaEEtVvUNS0HwL1EJNn	Benjamin Epps	[]	[2021]	2	2
4BFLElxtBEdsdwGA1kHTsx	ElGrandeToto	['arabic hip hop', 'rap maroc']	[2021]	2	2
6RM5eA0SSP7B8UV3qHbLa8	Lino	['french hip hop', 'rap conscient']	[2021]	2	2
0gnvHfvVVSQ7xcTVFC5TJk	R.E.D.K.	['french hip hop']	[2021]	2	2
0QODQ4TiVsOcGvWxk97Ylv	Calbo	[]	[2021]	2	2
71x0OO2toFjXrMRcufL9tv	Poupie	['french pop', 'variete francaise']	[2020, 2021]	2	2
3S8r9fkqybCCXJLhZGA3r1	Cinco	['french hip hop', 'rap francais']	[2020, 2021]	2	2
1i8gGjDzv2FNoy6dHcr25K	Negrito	['drill francais', 'french hip hop', 'pop urbaine', 'rap francais']	[2021]	2	1
0E4HZTP1Z1d4gOJmWrkZpe	Dawty Music	[]	[2021]	2	2
0KuF7reCTOZwV7YJnHQqgr	The Neptunes	[]	[2021, 2022]	2	2
1Z25ZlGHqqlr3o1UGQOfNn	JNR CHOI	['gambian hip hop']	[2021, 2022]	2	1
3hcs9uc56yIGFCSy9leWe7	Lil Durk	['chicago drill', 'chicago rap', 'drill', 'hip hop', 'rap', 'trap']	[2020, 2021]	2	2
42tkzCOCrVZGmUCcvXhVPi	Noodels	[]	[2021, 2022]	2	0
5OeY6e62St2Nubj9hbfuIb	Bilton	[]	[2021]	2	2
1APMveRvLxWAB5AI0j11DD	Trei Degete	[]	[2021, 2022]	2	2
3QFiymmbJlVBPpnrOatEAk	Myd	['filter house', 'french indie pop', 'french indietronica', 'new french touch']	[2021, 2022]	2	2
7B53Suqn5TsVu6S6gIgqeA	KronoMuzik	[]	[2021, 2022]	2	2
5R45oNcDnRCz29ZXOiKeMZ	Bilk	[]	[2020, 2021]	2	2
4RnYtxJzF4IX8OyB9PSVj2	Jazzy Jazz	[]	[2020, 2021]	2	2
2o08sCWF5yyo2G4DCiT7T9	HVME	['slap house']	[2020, 2021]	2	1
6ASri4ePR7RlsvIQgWPJpS	iann dior	['melodic rap']	[2020, 2021, 2022]	2	2
5SHxzwjek1Pipl1Yk11UHv	Tom Grennan	['uk pop']	[2021, 2022]	2	1
1KTf3AtEB3A96IfHv2kzPh	3010	['plugg francais']	[2020, 2021]	2	2
1G9HFDmxRyF78W1DyQBUfD	Oussagaza	[]	[2020, 2021]	2	2
2pWZdRMaLYOZtlzA8BtDpa	M.O Bourbier	[]	[2021]	2	2
3OBjXOhx80RvmHyUEMNs2F	Hache-P	['rap francais']	[2021]	2	2
14CHVeJGrR5xgUGQFV5BVM	Fivio Foreign	['brooklyn drill', 'new york drill', 'trap']	[2020, 2021]	2	2
0gAILSEru1PKMwP0tAqNLS	Willow Sage Hart	['show tunes']	[2021, 2022]	2	2
3Eo7op81WJVaakFAeskHS8	Moh	['rap marseille']	[2020, 2021]	2	2
7arQA31aZVS8yS6zUveWzb	CJ	['nyc rap']	[2020, 2021]	2	0
24KPNVdpY6Sx0JaApiLOsr	Marou Chenko	[]	[2021]	2	0
0FOWNUFHPnMy0vOw1siGqi	Belly	['canadian hip hop', 'canadian trap']	[2021]	2	2
2h6hAChW74hB9HvrNoK1RY	Quarterhead	['tech house']	[2020, 2021]	2	2
2fsk4VlJdNF6G8cCMDrrzB	Norma Jean Martine	['nyc pop']	[2020, 2021]	2	2
500IcTDu7sWtvgvEZSIiFE	Aketo	['french hip hop']	[2021]	2	2
3nRUvKHrGi4lrRF01yTzod	Don Choa	['french hip hop', 'old school rap francais']	[2020, 2021]	2	2
1gYD7XdktucQg51mjzGJJ2	Friz	[]	[2020, 2021]	2	2
3djhvY9mJIrkEoD1aksD9L	Banguiz	[]	[2020, 2021]	2	2
0UeKDbiaApyP7qKfcmGN03	Lesram	['french hip hop', 'rap conscient']	[2020, 2021]	2	2
54R6Y0I7jGUCveDTtI21nb	Boney M.	['europop']	[2021, 2022]	2	1
21UPYSRWFKwtqvSAnFnSvS	Amaarae	['afro r&b', 'afrobeats', 'alternative r&b', 'ghanaian alternative', 'ghanaian pop']	[2021]	2	2
2hVWBpjLW4Q7fboYz2pVYK	Moliy	['ghanaian alternative']	[2021]	2	2
6eZmUcps7ec36kCUw0LLWw	Savage Toddy	['rap francais']	[2021]	2	2
2BLqT1DuND6cAhJodiKmc2	Angelcy	['r&b francais']	[2021]	2	0
7rYojRyXBLPrX6UWfnAkaC	71 Digits	[]	[2020, 2021]	2	2
13fQpdj4xMKM4gbQUcB00T	Moha MMZ	['cloud rap francais', 'pop urbaine']	[2020, 2021]	2	1
5W9ShLREoRMuXqSSYMeHqk	Gianni	['cloud rap francais', 'french hip hop', 'rap francais']	[2021]	2	2
7nDsS0l5ZAzMedVRKPP8F1	Ella Henderson	['dance pop', 'talent show', 'uk pop']	[2021, 2022]	2	2
7M2ZGRhAsmh4On0JlVEyCX	Madrane	['pop urbaine']	[2020, 2021]	2	2
0ajjnGmVt2aVGD70lDbVl6	Sicario	[]	[2021, 2022]	2	2
6nVcHLIgY5pE2YCl8ubca1	Jhayco	['reggaeton', 'trap latino', 'urbano latino']	[2020, 2021]	2	2
0QnbAn4YLO3az9wPgCimsW	Menzo	[]	[2020, 2021]	2	2
6BbceEVcjow8mhQPYK3eBK	Skread	['rap conscient']	[2021, 2022]	2	2
3YBJLs7RqR0aPGBgU27nDh	Werenoi	['french hip hop', 'pop urbaine']	[2021]	2	2
1kiq2kUV0cbLUhJsr7cpW0	Alida	['norwegian pop']	[2020, 2021]	2	2
3y4po7tLaQ5p4ZDCcFvzft	Tonyno	[]	[2020, 2021]	2	2
1eFSXcXzpKSscyu56Xm3im	Sauzer	[]	[2020, 2021]	2	2
4ddqz1AzqYMRKYTslXO839	Doria	[]	[2020, 2021]	2	2
2HPiMwJktBXqakN0hnON2R	Lous and The Yakuza	['belgian pop']	[2020, 2021]	2	2
5x5hndwzUWwjYM2J1CrVWr	Djiha	[]	[2020, 2021]	2	2
1niEc2aOioJynkrT6phdSp	Jhonson	[]	[2020, 2021]	2	2
5ocH0jGbwm0TeLOlegUVUY	4.4.2	[]	[2021, 2022]	2	2
6trIghKwHRUyxwvm66HLHH	Fousheé	['indie r&b']	[2020, 2021, 2022]	2	1
0haZhu4fFKt0Ag94kZDiz2	Sofía Reyes	['latin pop', 'latin viral pop', 'mexican pop', 'reggaeton']	[2020, 2021]	2	2
15LZyW96TXq91lUBjMHQok	Squidji	['cloud rap francais', 'rap calme']	[2021, 2022]	2	1
4J3vhZNPel1Tyj2GHsXi6i	Moji x Sboy	['cloud rap francais', 'rap calme', 'rap liegeois']	[2020, 2021]	2	0
7eEKw9JAXKdWzbWtyus10c	Max M	[]	[2020, 2021]	2	1
6U3ybJ9UHNKEdsH7ktGBZ7	JID	['hip hop', 'rap', 'underground hip hop']	[2021, 2022]	2	2
57nPqD7z62gDdq37US9XJR	Arcane	[]	[2021, 2022]	2	2
0z4gvV4rjIZ9wHck67ucSV	Akon	['dance pop']	[2020, 2021]	2	2
45gHcnDnMC15sgx3VL7ROG	42 Dugg	['detroit trap', 'trap']	[2021]	2	2
2TcGJdSOiOvITBzhvfX8XB	Shouse	['aussietronica']	[2021, 2022]	2	1
5pXe6yFchq1oyYK3rq2A8i	KIDDO	['scandipop']	[2020, 2021]	2	2
1H8n1TwWuDJGP6BS5R3nsU	Zefor	[]	[2020, 2021]	2	2
0ZCX1rGywF2LATUUCq0nOg	EDGE	['french hip hop', 'rap calme']	[2022]	2	2
0K4D8NX2d2sMQlvWcfLhSL	Ocevne	['burundian pop', 'r&b francais']	[2020, 2022]	2	2
7xBhNR6BprH7PZO0Sqg1cA	Colorblast	[]	[2022]	2	0
6IYoNcihnYWgtCHRTLxk7H	Nessbeal	['french hip hop']	[2020, 2022]	2	2
0OQMxt6l70FM2YlLwYDiEn	Swing	['belgian hip hop', 'french hip hop', 'rap calme']	[2020]	2	2
6LXRvV2OAtXF7685fzh3mj	Rowdy Rebel	['nyc rap']	[2020]	2	2
1QHLcqY9m9aoKWcjBiQV0y	Di-Meh	['french hip hop', 'rap conscient', 'rap francais', 'swiss hip hop']	[2020]	2	2
3PyaGuMA7L7ipm3bYirgsC	X NILO VIRUS	[]	[2020]	2	2
0HdLXCWPtmK9wgd7CyNuj3	Le Motif	['rap calme']	[2020]	2	2
7MnyTrRRgDXYHI34Cwej3s	Heezy Lee	[]	[2020]	2	2
3O5HD95HTEPgoPFOjAb7yV	DripReport	['viral rap']	[2020]	2	0
5RmQ8k4l3HZ8JoPb4mNsML	Agust D	['k-rap']	[2020]	2	0
5RJFJWYgtgWktosLrUDzff	Griff	['uk pop']	[2020]	2	2
4ddg7PH5OuSossiSBWgueu	Akhenaton	['french hip hop', 'old school rap francais', 'rap conscient', 'rap marseille']	[2020]	2	2
1ZjPqYngrwDa5ZqwAPcj5o	Shurik'n	['french hip hop', 'old school rap francais', 'rap conscient', 'rap marseille']	[2020]	2	2
09zzc4SVFPUX3TiDEmueIj	Zak & Diego	[]	[2020]	2	2
4gOc8TsQed9eqnqJct2c5v	K/DA	['k-pop girl group']	[2020]	2	2
2AfmfGFbe0A0WsTYm0SDTx	(G)I-DLE	['k-pop', 'k-pop girl group']	[2020]	2	2
4FcZfItjVIsfO9TynErl7X	Jubël	['swedish pop']	[2020]	2	2
71Dhj822M1LGpuryPIV2KO	NEIMY	['scandipop', 'tropical house']	[2020]	2	2
22HwnF4wTRtOqq6eWw18BX	Grégory Lemarchal	['chanson', 'french pop']	[2020]	2	0
7grHO7fIKR0mfOLo5BEFBl	Minissia	['r&b francais']	[2020]	2	2
3gYoYSbWPhxA0zY9lZ4Ldv	twinsmatic	['french hip hop', 'pop urbaine', 'rap francais']	[2020]	2	2
1h9TsJVZdaubBn1BZHaAhk	Jnr Slice	['drill francais', 'rap francais']	[2020]	2	0
4I9Bw88d27fVn3ah6GRfY0	Yumeliko	[]	[2020]	2	0
6M6XXCcO5gI68XpIlrUL3Z	Young T & Bugsey	['afroswing', 'grime', 'nottingham hip hop', 'uk hip hop']	[2020]	2	2
3bRGJQd7b4lE3ZAEMfOXJp	Luidji	['cloud rap francais', 'french hip hop']	[2020]	2	0
5dbaLmK5SHLLg8Z4CcTJpX	Greeicy	['colombian pop', 'latin pop', 'r&b en espanol', 'reggaeton', 'reggaeton colombiano', 'urbano latino']	[2020]	2	2
4XFHYoa2KBjGAJCPgf0eZb	The Tesca Country Clan	[]	[2017, 2018, 2019, 2020, 2021]	1	0
2Cx19OTMqa6gpz2l60cGG2	Jean-Jacques Goldman	['chanson', 'french pop']	[2018, 2019, 2020, 2021, 2022]	1	1
0Ty63ceoRnnJKVEYP0VQpk	Sting	['permanent wave', 'soft rock', 'sophisti-pop']	[2019, 2020]	1	1
5yxyJsFanEAuwSM5kOuZKc	London Symphony Orchestra	['british orchestra', 'classical', 'orchestra']	[2019]	1	1
5JMLG56F1X5mFmWNmS0iAp	Chelsea Cutler	['alt z']	[2019]	1	1
5xLSa7l4IV1gsQfhAMvl0U	B.B. King	['blues', 'blues rock', 'classic rock', 'electric blues', 'jazz blues', 'soul blues', 'traditional blues']	[2017, 2019]	1	0
47aUSMdD5Sf0DpeOCyPL5K	Eugénie	[]	[2018, 2019]	1	1
4n5HR9kS4Dhl1t685XlDhW	Hugh Martin	[]	[2018, 2019]	1	1
4kI8Ie27vjvonwaB2ePh8T	Portugal. The Man	['indie rock', 'indietronica', 'modern alternative rock', 'modern rock']	[2017, 2018, 2019, 2020, 2021]	1	0
5nki7yRhxgM509M5ADlN1p	Oliver Heldens	['dutch house', 'edm', 'electro house', 'future house', 'house', 'pop dance', 'progressive electro house', 'progressive house']	[2019, 2020]	1	1
6YqhcZlSE8ugUcmoHLw9gz	Vula	[]	[2019, 2020]	1	1
1oMiDFyAgmIzw9ZBQYHOJI	El Guincho	['deep latin alternative', 'musica canaria']	[2019]	1	1
1ShZZUjkbXCjhwrb18BA8I	Bryce Vine	['indie pop rap']	[2018, 2019]	1	1
0ycHhPwPvoaO4VGzmMnXGq	Zomboy	['brostep', 'edm', 'glitch']	[2019]	1	1
0jm6JzrAGaSgKY02PI2k4E	Philippine	['french pop']	[2019]	1	1
41J6Z8WYUSGJFn8TLEFBAD	D.A.V	['belgian hip hop', 'rap belge', 'rap francais']	[2019]	1	1
3nP3v7nlUw5NaYDkX6Fl1f	R.O.C	[]	[2019]	1	1
1hCkSJcXREhrodeIHQdav8	Ramin Djawadi	['german soundtrack', 'orchestral soundtrack', 'scorecore', 'soundtrack']	[2019]	1	0
6USMTwO0MNDnKte5a5h0xx	Y2K	['pop rap', 'viral rap']	[2019, 2020]	1	1
41X1TR6hrK8Q2ZCpp2EqCz	bbno$	['canadian hip hop', 'dark trap', 'meme rap']	[2019, 2020]	1	1
0PNRMItQqhHEiKVLljiVBP	Eva Guess	[]	[2018, 2019]	1	1
63XBtGSEZINSyXylZxEUbv	Victoria Monét	['alternative r&b']	[2019]	1	1
5SulO4l40qDuV9zUGLZx7n	Capo Plaza	['italian hip hop', 'italian pop', 'trap italiana']	[2019]	1	1
4HzKw8XcD0piJmDrrPRCYk	Majid Jordan	['canadian contemporary r&b']	[2019]	1	1
0Xy42slaJyTJV1vfi9Hbey	Kezah	['chanson virale']	[2019]	1	1
77tT1kLj6mCWtFNqiOmP9H	Daryl Hall & John Oates	['album rock', 'classic rock', 'heartland rock', 'mellow gold', 'rock', 'singer-songwriter', 'soft rock', 'yacht rock']	[2018, 2019, 2021]	1	0
69UfPJgUmFFAVT740qGVZi	Ken Darby Singers	[]	[2018, 2019, 2020, 2021]	1	1
735L650pvygCZZlPMyHqsN	John Scott Trotter & His Orchestra	['light music']	[2018, 2019, 2020, 2021]	1	1
396eHybVCEUr0PcED4yFga	Young Adz	['uk hip hop']	[2019]	1	1
5UjifI1TYefXWn9GdqDOHl	Social House	[]	[2019]	1	1
5EgzuWPhhAurJc93qPTD3k	Nyanda	[]	[2019]	1	1
5jsIYrxcANUkZQPfCdfEWe	Partenaire Particulier	['chanson', 'classic french pop', 'french pop', 'french synthpop']	[2018, 2019, 2020, 2021, 2022]	1	0
44XzG6GoJZNtkIGW19hsUK	Tommy Cash	['estonian hip hop']	[2019]	1	1
6mGDevY95GYZiptV7rGZWt	Le Poto Rico	[]	[2019]	1	1
3Q1GZN8Q2eH1o9e7umyjL2	Laniia	[]	[2019]	1	1
257G4gJ7XVp8Ec8TrjGyMW	Témé Tan	['belgian pop']	[2019]	1	1
5IH6FPUwQTxPSXurCrcIov	Alec Benjamin	['alt z', 'pop', 'pov: indie']	[2019, 2020]	1	0
6S3KljEiIOWoLMUyZrkQUc	Marnik	['dutch house']	[2019]	1	1
5uJw4WCX5nYj4FHky9r1Ug	SMACK	['lithuanian edm']	[2019]	1	1
3CjlHNtplJyTf9npxaPl5w	CHVRCHES	['indietronica', 'metropopolis', 'neo-synthpop', 'shimmer pop']	[2019]	1	1
5xXfRvwpVttCnlyXXGtyYH	Tito	[]	[2019]	1	1
4W6fwRbqEy1dfEoE6OCyZu	Mathieu Koss	['new french touch']	[2019]	1	1
2c9O21YLFy4tFI9zCVhbFg	Sunday Service Choir	[]	[2019]	1	1
5V9hwHev8mPXMe66QmyKJp	Plastic Toy	[]	[2019]	1	1
2BTZIqw0ntH9MvilQ3ewNY	Cyndi Lauper	['dance pop', 'new wave pop', 'permanent wave', 'soft rock']	[2017, 2018, 2019, 2020, 2021]	1	0
2uX355EMy0ljcnoyW5fwLn	Houari GP	[]	[2019]	1	1
0dh7ycSoENUNWgNKZrBtmH	Le k	[]	[2019]	1	1
0V7uVrIYr4FwFvUN9S4kYr	Nick Waterhouse	['chicago indie', 'funk']	[2017, 2018, 2019, 2020]	1	1
2iHkY7NEHJSOF6O7rQaDww	Naar	['rap maroc', 'trap maroc']	[2019]	1	1
5Et8bRmkENeaA7SPwj1OxL	Shobee	['rap maroc', 'trap maroc']	[2019]	1	1
6DOmlxxscipUKFC3MwHsC7	Tino Rossi	['vintage chanson', 'ye ye']	[2017, 2018, 2019, 2020, 2021]	1	0
1KpCi9BOfviCVhmpI4G2sY	Tchami	['deep groove house', 'edm', 'electro house', 'future house', 'house', 'pop dance', 'progressive house']	[2019]	1	1
7w1eTNePApzDk8XtgykCPS	Malaa	['bass house', 'brostep', 'edm', 'electro house', 'electronic trap', 'house']	[2019]	1	1
7aSsnDTH11xS2yIn6cNtsF	Mercer	['bass house', 'dutch house', 'electro house']	[2019]	1	1
3kcJib2XrwGu6mi0vX9P0g	Frenetics	[]	[2018, 2019]	1	0
2Sm4rGKWBnOQhdqDy4JJh0	Zwangere Guy	['belgian hip hop']	[2019]	1	1
4YWaklpWrE7GOkmXuMKI6i	Megaski	['rap francais']	[2019]	1	1
1OHw2r7Diz2rc9JktaFV6N	Erika Sirola	['finnish pop']	[2019]	1	1
1svaANJTE5KrG16fTGDqOs	The Puppini Sisters	['easy listening', 'swing', 'swing revival']	[2019, 2020]	1	1
2J257euzcjnDLipsyJH3F2	Clipse	['alternative hip hop', 'hardcore hip hop', 'hip hop', 'southern hip hop', 'virginia hip hop']	[2019]	1	1
6I3M904Y9IwgDjrQ9pANiB	Kenny G	['smooth jazz', 'smooth saxophone']	[2019]	1	1
7p0bICJNx2HM4jS28qexvv	Jenifer	['chanson', 'french pop', 'variete francaise']	[2019]	1	1
6VsU92soWFLtVsSP65rkrN	The Faim	['australian alternative rock', 'modern alternative rock']	[2019, 2020]	1	0
7z5WFjZAIYejWy0NI5lv4T	Dan + Shay	['contemporary country', 'country', 'country road']	[2019]	1	1
5wD0owYApRtYmjPWavWKvb	Giant Rooks	[]	[2019]	1	0
2tsnxjntsRI6iFL9ZeC0ec	Souf	['pop urbaine']	[2019]	1	0
1RQ3ZwCNI7KniEKIN5kkio	MATTN	['belgian edm', 'sky room']	[2019]	1	1
25sJFKMqDENdsTF7zRXoif	Klaas	['german dance']	[2019]	1	1
4OGlp2UdUQGPJVbvJ82Cz5	Roland Clark	['garage house']	[2019]	1	1
391oLRVmoTkumiN79HkTWu	Darlene Love	[]	[2019]	1	0
5VHjaDvQcu3lCkOiXID16U	Icy Narco	['miami hip hop']	[2019]	1	1
2FUHt23aPFLisAYXN73JMT	Badjer	['french hip hop', 'pop urbaine', 'rap francais']	[2019]	1	1
1kkyLBJQmkXFkyreUtsPzq	Boumso	[]	[2019]	1	1
4QfOh8rJ0OddhhXHD5QyWs	The Boy Next Door	['basshall']	[2018, 2019]	1	1
6mU8ucezzms5I2kNH6HNlu	Conor Maynard	['post-teen pop', 'uk pop', 'viral pop']	[2018, 2019]	1	1
40LHVA5BTQp9RxHOQ9JPYj	Lauren Daigle	['ccm', 'christian alternative rock', 'christian music']	[2019]	1	0
2auC28zjQyVTsiZKNgPRGs	RM	['k-rap']	[2019]	1	1
375zxMmh2cSgUzFFnva0O7	Wynton Marsalis	['classical trumpet', 'contemporary post-bop', 'jazz', 'jazz trumpet', 'new orleans jazz', 'straight-ahead jazz']	[2018, 2019, 2020]	1	1
6KopaNRt4Yr6vQlp8TRacX	The Wynton Marsalis Quintet	[]	[2018, 2019, 2020]	1	1
2d5thy7UtdxmWayRXsymyb	Oni Marsalis	[]	[2018, 2019, 2020]	1	1
0zfnSBlLA4HJshaxPu2zPV	Mallaury	[]	[2019]	1	1
4Y5crYhYaEQKOzikPPIZDx	Kiddy Smile	['vogue']	[2019]	1	1
0NKDgy9j66h3DLnN8qu1bB	Eurythmics	['dance rock', 'new romantic', 'new wave', 'new wave pop', 'soft rock', 'sophisti-pop', 'synthpop']	[2017, 2018, 2019, 2020, 2021, 2022]	1	1
5MspMQqdVbdwP6ax3GXqum	Annie Lennox	['new romantic', 'new wave', 'new wave pop', 'singer-songwriter', 'soft rock', 'synthpop']	[2017, 2018, 2019, 2020, 2021, 2022]	1	1
7gcCQIlkkfbul5Mt0jBQkg	Dave Stewart	['new wave pop', 'rock keyboard']	[2017, 2018, 2019, 2020, 2021, 2022]	1	1
6OkX55UMCw4Hgc5HM4zr7K	Ayọ	['neo soul']	[2017, 2018, 2019, 2020]	1	1
3Ii7kCftek6SPKPEZx3GYE	La Famax	['french hip hop', 'pop urbaine', 'rap lyonnais']	[2019]	1	1
0CjWKoS55T7DOt0HJuwF1H	Bipolar Sunshine	['gauze pop']	[2019]	1	1
6TXM1kV4L8DsDAkAfbOPYk	Ally Brooke	['post-teen pop']	[2019]	1	1
0tR60pwxQ5WKjPxQcKoCQ7	Messiah	['trap dominicano', 'trap latino']	[2019]	1	1
5wTdspmxzb8V4ZjvDodpBo	A Touch Of Class	['europop']	[2019, 2020]	1	1
67ghKnycRX6VM1xfqJSMlH	YouNotUs	['german dance']	[2019, 2020]	1	1
1bZDq4po4dMIpN74Zendm0	Janieck	['dutch pop']	[2019, 2020]	1	1
2n0Qz7ZvKS6kwjPuj9sW4H	Senex	[]	[2019, 2020]	1	1
491U1PrV1EoQuhM0aUCn9r	M Huncho	['uk hip hop']	[2019]	1	1
5kBQbdunAcJ6pY5cOme4b7	Léa Paci	['french pop', 'nouvelle chanson francaise']	[2018, 2019]	1	1
11jTIrOwxFOLvhJIdb4FYo	JeanJass	['belgian hip hop', 'french hip hop']	[2018, 2019]	1	1
0uq5PttqEjj3IH1bzwcrXF	Spice Girls	['dance pop', 'girl group', 'pop']	[2017, 2018, 2019, 2020, 2021, 2022]	1	0
2yRhS7HafDp8QUAjiIsofx	Kodes	['turkish hip hop']	[2019]	1	1
2HcwFjNelS49kFbfvMxQYw	Robbie Williams	['dance rock', 'europop']	[2019, 2020, 2021]	1	1
7MzHPIXAqIOCnvK0sVY72W	Helene Fischer	['schlager']	[2019, 2020, 2021]	1	1
73jBynjsVtofjRpdpRAJGk	Dimitri Vegas & Like Mike	['belgian dance', 'belgian edm', 'big room', 'dutch house', 'edm', 'electro house', 'pop dance', 'progressive electro house']	[2019]	1	1
3wtMPMvPtiFylbnNXF6CAj	Afro Bros	['basshall', 'dutch hip hop', 'dutch house']	[2019]	1	1
2HkAI0YrEcgoR8QdaURqhO	Dimitri Vegas	['belgian edm']	[2019]	1	1
4pwXiI7Z5ZStkgKowZyoKi	Like Mike	['belgian edm']	[2019]	1	1
26AHtbjWKiwYzsoGoUZq53	Pentatonix	['a cappella', 'viral pop']	[2019, 2020, 2021]	1	0
2cFrymmkijnjDg9SS92EPM	blackbear	['pop']	[2019, 2020]	1	0
0T78Z9fFMf6PfPYMybM0ZF	Seizur	['rap calme']	[2019]	1	0
6S4WAihWktrOYeJdslsjcM	Daniel Lavoie	['auteur-compositeur-interprete quebecois', 'chanson']	[2019]	1	1
20gsENnposVs2I4rQ5kvrf	Sam Feldt	['edm', 'pop dance', 'tropical house']	[2019, 2020]	1	1
3SYnDj7btg9gFY7ps8m5d5	RANI	['dutch pop']	[2019, 2020]	1	1
6NFRBhq9SmNn1FAiRs9AEf	Amber Van Day	['uk pop']	[2019]	1	1
17KwxXJEwSHoQsgZjRYn9z	Amy	[]	[2019]	1	1
3IVrpJxHeUFoYP4H6bxg57	Kadebostany	['swiss rock']	[2019]	1	1
0pkwrPVI8UyXtPkavyJoZ4	A.CHAL	['canadian hip hop', 'trap soul']	[2019]	1	1
2TwepUY7feaTuipStcyzLZ	Asaf Avidan & the Mojos	['israeli pop']	[2019]	1	0
6zA8S3RcltVCtVpA08CuID	Suky	[]	[2019]	1	1
65CKKZilbcSKkAPC9a5Mvh	Oumou Sangaré	['afropop', 'malian blues', 'mande pop', 'wassoulou', 'world']	[2019]	1	1
6wT3Js2gWZfCLaldxoG5au	NJD	[]	[2019]	1	1
07d5etnpjriczFBB8pxmRe	BJ The Chicago Kid	['alternative r&b', 'chicago rap']	[2019]	1	1
3XC57xz74X3xUi1hv4mge1	Winona Oak	['swedish pop']	[2019]	1	1
06nvjg4wBANK6DCHjqtPNd	Mahmood	['italian adult pop', 'italian pop']	[2019]	1	0
2ndyVAdV9UqF1XjyTJt484	Fred Hammond	['gospel']	[2019]	1	1
6zEaCvF0CqEHs7kFyBkLHi	Mula B	['dutch hip hop']	[2019]	1	1
0O98jlCaPzvsoei6U5jfEL	Damon Albarn	['downtempo', 'solo wave']	[2019]	1	1
56Q6weEROZ1RsVrTak8Bm7	IAM	['french hip hop', 'old school rap francais', 'rap conscient', 'rap marseille']	[2018, 2019]	1	0
4RVnAU35WRWra6OZ3CbbMA	Kylie Minogue	['australian dance', 'australian pop', 'dance pop', 'eurodance', 'new wave pop']	[2017, 2018, 2019]	1	0
0vneleczrRRNPF1vj0x0vy	The Harlem Community Choir	[]	[2017, 2018, 2019]	1	1
4m2kfAHEnK7Z7qLGxeWtro	The Plastic Ono Band	['beatlesque', 'experimental rock']	[2017, 2018, 2019]	1	1
0oQ7sjQFCdDEqTvSUCNYai	Ouled El Bahdja	['rai']	[2019]	1	1
74tb4BL2gQ28BJicVAWsdb	LES ANTICIPATEURS	['hip hop quebecois']	[2019]	1	1
3lx6C79jX79Qzo6yoC5Pyk	Gauvain Sers	['chanson', 'french pop']	[2019, 2020]	1	1
7kKKMBmEtyQcPb9idicNr7	L.E.J	['french pop', 'variete francaise']	[2019, 2020]	1	1
1mbgj8ERPs8lWi7t5cYrdy	Zaz	['chanson', 'french jazz', 'nouvelle chanson francaise']	[2019, 2020]	1	1
7dgCfYEmAX7OxaYWgCGxAr	Carla	['french pop', 'variete francaise']	[2019, 2020]	1	0
1LOB7jTeEV14pHai6EXSzF	Cash Cash	['dance pop', 'edm', 'electro house', 'electropowerpop', 'pop dance']	[2019]	1	1
3nXQmlliJxvfXOm3naZf3B	Shy'm	['french pop', 'r&b francais']	[2019]	1	1
6oBm8HB0yfrIc9IHbxs6in	Lykke Li	['art pop', 'electropop', 'indietronica', 'neo-synthpop', 'swedish electropop', 'swedish indie pop', 'swedish pop']	[2017, 2018, 2019, 2020, 2021, 2022]	1	1
4WUGQykLBGFfsl0Qjl6TDM	The Magician	['belgian edm', 'house', 'nu disco']	[2017, 2018, 2019, 2020, 2021, 2022]	1	1
5bWUlnPx9OYKsLiUJrhCA1	Jon Z	['reggaeton', 'trap latino', 'urbano latino']	[2019]	1	1
2AD97sdXTycPyTc9rHN2s2	Abou Tall	[]	[2019]	1	0
49cKvpgrR0tAJFwUTdpqwV	Paul Anka et son orchestre	[]	[2017, 2018, 2019]	1	0
4EPJlUEBy49EX1wuFOvtjK	Becky Hill	['pop dance', 'pop house', 'uk dance', 'uk pop']	[2019, 2020]	1	1
22JdJVovP3pV9XkGTih01c	Game of Thrones	[]	[2019]	1	1
3g9yyIlJ0sIunQWJLmIYhn	Sound Of Legend	[]	[2019]	1	0
4ko6Ysxtvx9EY9GEFslrIz	Suprême NTM	['french hip hop', 'old school rap francais', 'rap conscient']	[2018, 2019]	1	1
31JFnMfmvwzZGdEnXaKGek	Herve Pagez	['musique guadeloupe']	[2019]	1	1
2zHuN04qyNnz890Y2R0Nkr	Tessa B	[]	[2019]	1	1
1OAjDaKgg00KCUYqDe68un	Gigi D'Agostino	['eurodance', 'italo dance']	[2018, 2019, 2020]	1	1
3uZFBSsMiooimnprFL9jD1	Snow	['canadian old school hip hop', 'reggae fusion']	[2019, 2020]	1	1
0EeQBlQJFiAfJeVN2vT9s0	Nipsey Hussle	['conscious hip hop', 'gangster rap', 'hip hop', 'pop rap', 'rap', 'southern hip hop', 'trap']	[2019]	1	1
55SWeOUhlJHrkcuih5J2pQ	Todiefor	['belgian hip hop', 'belgian pop']	[2019]	1	1
07UlX2vApmKGyxbPd8GEfW	SHOEBA	[]	[2019]	1	1
00TKPo9MxwZ0j4ooveIxWZ	Loote	['alt z', 'nyc pop']	[2019]	1	1
6t9tbRO9Lv6Oq6xtVwfdrn	Theresa Rex	['scandipop']	[2019]	1	1
2jzc5TC5TVFLXQlBNiIUzE	a-ha	['new romantic', 'new wave', 'new wave pop', 'permanent wave', 'synthpop']	[2019, 2020, 2021, 2022]	1	0
6iyadmF41vqU7NnBaVabfL	HARLOE	['la pop']	[2019]	1	1
1G9G7WwrXka3Z1r7aIDjI7	Outkast	['atl hip hop', 'dirty south rap', 'hip hop', 'old school atlanta hip hop', 'rap', 'southern hip hop']	[2017, 2018, 2019, 2020, 2021, 2022]	1	0
5SbkVQYYzlw1kte75QIabH	Gnarls Barkley	['atl hip hop', 'neo soul']	[2017, 2018, 2019, 2020]	1	0
5v8jlSmAQfrkTjAlpUfWtu	Perry Como	['adult standards', 'easy listening']	[2018, 2019, 2020, 2021]	1	1
1Ml4OuStDoympbREURAM15	The Fontane Sisters	['deep adult standards', 'vocal harmony group']	[2018, 2019, 2020, 2021]	1	1
0HS96tPggl2nwiz3gNWWI5	Mitchell Ayres & His Orchestra	"[""man's orchestra""]"	[2018, 2019, 2020, 2021]	1	1
55qCl9QiBKbLEbLRvRpRlK	NKD	[]	[2019]	1	0
2PfBzriIMRsCXPDtSy9vg8	Rufus Wainwright	['canadian pop', 'chamber pop', 'melancholia', 'piano rock', 'singer-songwriter']	[2018, 2019, 2020, 2021]	1	1
33EUXrFKGjpUSGacqEHhU4	Iggy Pop	['alternative rock', 'glam rock', 'permanent wave', 'protopunk', 'rock']	[2018, 2019, 2020, 2021]	1	1
6kLw7VpGwN4N0sBdmKhhfd	Emilie Simon	['electro-pop francais', 'nouvelle chanson francaise']	[2018, 2019, 2020, 2021]	1	1
6eVWXmKBW7Iltub01D9R1c	Valerie Broussard	['bossbeat', 'modern alternative pop']	[2019]	1	1
6USv9qhCn6zfxlBQIYJ9qs	Dominic Fike	['alternative pop rock', 'pov: indie']	[2019]	1	0
1Lfz8ISr2g1d33hirTmajR	Paigey Cakey	['london rap']	[2017]	1	1
2zTuJejwDNORTLRCkQPbHy	Dany Synthé	[]	[2017]	1	1
09M7zqUroSleD8V1Yifl4a	SoFLY & Nius	[]	[2017]	1	1
5xkGo7aA8kqDm5tKGl1rIw	HEDIA	[]	[2017]	1	1
6iM7TLUhK5wKyqcNVA09MU	Kristen Marie	[]	[2017]	1	1
3hBW7j4MAd33oB1Pe3eQ9g	Mark Asari	['gospel drill']	[2017]	1	1
6s22t5Y3prQHyaHWUN1R1C	AJR	['pov: indie']	[2017]	1	0
5EGOerlVYxwqxaTLEWumBR	Synapson	['french indie pop', 'french indietronica', 'french synthpop', 'new french touch']	[2017, 2020, 2021]	1	1
1FCJ4zmRfkGUOtY65Jettg	Victor Démé	['afropop', 'burkinabe pop', 'mande pop', 'world']	[2017, 2020, 2021]	1	1
3WrFJ7ztbogyGnTHbHJFl2	The Beatles	['beatlesque', 'british invasion', 'classic rock', 'merseybeat', 'psychedelic rock', 'rock']	[2017]	1	0
4Z8W4fKeB5YxbusRsdQVPb	Radiohead	['alternative rock', 'art rock', 'melancholia', 'oxford indie', 'permanent wave', 'rock']	[2017]	1	0
25eQCECJH4VTpBYV9jhpyE	Joyce Jonathan	['chanson', 'french pop']	[2017]	1	1
6qLB9SoM25z2JDFBcgvJ8G	Ødyssey	[]	[2017]	1	1
0Dhar5McHXlUdJYJhpJaI8	Amara Abonta	[]	[2017]	1	1
6kACVPfCOnqzgfEF5ryl0x	Johnny Cash	['arkansas country', 'outlaw country', 'rock']	[2017, 2018]	1	0
0xW1QQBD5O09HptO2fEaI4	Naive New Beaters	['electrofox', 'french indie pop', 'french indietronica', 'french rock']	[2017]	1	1
6T08mUIMB32dtqq5ryxQZ3	Izïa	['french indie pop', 'french pop', 'french rock', 'nouvelle chanson francaise']	[2017]	1	1
5338fdSzGNOFD4cxAxDTeq	Aaron Carter	['post-teen pop']	[2017]	1	0
68uK8Nx6KBp8QZQi3YMU6L	Samat	[]	[2017]	1	1
536BYVgOnRky0xjsPT96zl	Two Door Cinema Club	['indie rock', 'indietronica', 'irish rock', 'modern alternative rock', 'modern rock', 'northern irish indie']	[2017]	1	0
22bE4uQ6baNwSHPVcDxLCe	The Rolling Stones	['album rock', 'british invasion', 'classic rock', 'rock']	[2017]	1	0
46lnlnlU0dXTDpoAUmH6Qx	Lou Bega	['latin pop']	[2017]	1	0
3uEkgy8nv5S50z1IZvBC4Z	Jet	[]	[2017]	1	1
75jNCko3SnEMI5gwGqrbb8	Tammi Terrell	['classic soul', 'motown', 'soul', 'southern soul']	[2017]	1	1
6XaUaXu0cGAFK1AlQkl1b6	Saian Supa Crew	['french hip hop', 'old school rap francais']	[2017]	1	0
67wCYxOq4A1ohAs7jWYaOJ	Rik Rok	['reggae fusion']	[2017]	1	1
7jD2kuFguuwFISy4F5KfGX	Jacqueline François	['vintage chanson']	[2017]	1	0
4fTqtoSkTj4lcLHMANIs4C	Murkage Dave	['uk alternative hip hop']	[2017]	1	1
1QDrz3DMMaz3TB1cm0PGDu	Justin Jesso	['singer-songwriter pop']	[2017, 2018]	1	1
7cBzoLEsHKZdYi5I12tI0Y	King Ko$a	[]	[2017]	1	1
46CitWgnWrvF9t70C2p1Me	Daughter	['shimmer pop']	[2017]	1	0
5psTfOBPmc8UquYcnS22KE	Pink	[]	[2017]	1	1
2dXKh2aHr7RS2RVPlWJoUS	MHD	[]	[2017]	1	1
3eSiyfI9xykA5QtgcLS43b	Emmi	[]	[2017]	1	1
57bUPid8xztkieZfS7OlEV	The Supremes	['classic girl group', 'disco', 'motown', 'soul']	[2017]	1	0
40ELTAg7Kg6vbWnlyx2n9R	Lewis Watson	['indie anthem-folk', 'neo-singer-songwriter', 'oxford indie']	[2017]	1	0
1mSJCvDX0W7Dn7S9C6vmvI	Anna of the North	['electropop', 'vapor pop']	[2017]	1	0
684KBHFriV9wFm6d2W79ee	Samy Ceezy	[]	[2017]	1	1
29QbBR0oTzA7A0kiOzrbbr	Jamie Scott	['uk pop']	[2017, 2018]	1	1
5gWzmnHTLNXz5CjOc0wAuK	Romy Dya	['dutch pop']	[2017, 2018]	1	1
56xTxG4nQMAs1GW9kvn0uA	Wanz	[]	[2017, 2018, 2020]	1	1
1dWEYMPtNmvSVaDNLgB6NV	Saint Motel	['la indie', 'modern alternative rock', 'modern rock', 'pov: indie']	[2017]	1	0
5luyt0SUvGkDMY4ILP6Qhl	Descemer Bueno	['cubaton']	[2017]	1	1
0v2oB2xMS64U3lcU5DFuCY	Peven Everett	['broken beat', 'chicago house', 'deep house']	[2017]	1	1
4qCKUiCnxl18wGx7Bvk5fD	MAI LAN	['french indie folk']	[2017]	1	0
0NGAZxHanS9e0iNHpR8f2W	Alok	['electro house', 'pop nacional', 'sertanejo universitario', 'slap house']	[2017]	1	1
5veVxxPm1vzgi6pO2iVA8L	Bruno Martini	['pop nacional']	[2017]	1	1
7qPLO2XOUaRrRxkvLZ3AEK	Zeeba	[]	[2017]	1	1
5q3WViYe7mEvzU9CY6lixh	JoeyStarr	['old school rap francais']	[2017]	1	1
5ITI6SEoUZMIXXkzCfr4oE	Aluna	['dance pop']	[2017]	1	1
0lzV2CiahHRiGd6qpADtPS	James Hersey	[]	[2017]	1	0
7gAppWoH7pcYmphCVTXkzs	The Vamps	['boy band', 'pop']	[2017]	1	1
4YXycRbyyAE0wozTk7QMEq	Matoma	['pop dance', 'tropical house']	[2017]	1	1
6tCJN1fQNdFCEaOa8Da9Wf	JADED	['tech house', 'uk dance']	[2017]	1	0
0gusqTJKxtU1UTmNRMHZcv	Dizzee Rascal	['grime', 'instrumental grime']	[2017, 2018]	1	1
1HhXce8PpMmaKjBIWzAxWc	S-Crew	['french hip hop']	[2017]	1	0
2MYIJPSFNT6JYOPgvLEU1V	Saint Michel	['electrofox', 'french indie pop', 'french indietronica']	[2017]	1	0
5T0MSzX9RC5NA6gAI6irSn	Estelle	['neo soul', 'r&b']	[2017]	1	1
3Z02hBLubJxuFJfhacLSDc	Bryan Adams	['canadian pop', 'canadian singer-songwriter', 'classic canadian rock', 'heartland rock', 'mellow gold', 'soft rock']	[2017]	1	0
738OS3zrCO782uDiUN9pet	Lee Ann Womack	['contemporary country', 'country', 'country dawn', 'country road']	[2017]	1	0
6b5YOgXIliAozdo49vUCJQ	Izzy Bizu	['british soul']	[2017]	1	0
1U5zgr455OGyIkLNXvDdrf	Traditional	['christmas instrumental', 'gregorian chant', 'puirt-a-beul', 'sleep']	[2017, 2018]	1	1
5KPJMJR9PCfMWSfco8i4W4	Alex Aiono	['teen pop']	[2017]	1	1
66AE89GQTx88zLYhXn1wFK	Sam Martin	[]	[2017]	1	1
0Xk15jHKly4c3AhPr5vjoA	Alan Silvestri	['orchestral soundtrack', 'soundtrack']	[2017]	1	0
3uDjQUKw2WHSYtZcz2xjDo	Carmel	[]	[2017]	1	1
3ej3Lij1mpkDfbxxxBfaC9	Flasko	[]	[2017]	1	1
3famqI9bxiwLcAjRq3HuYl	Riverdale Cast	[]	[2017]	1	1
1KFcbdF1lM9FGM0pMzfoqF	KJ Apa	[]	[2017]	1	1
0fCpd1gWP1kObFnctwl9r6	Camila Mendes	[]	[2017]	1	1
3tIuDX97G6mxs19z9UjedI	Lili Reinhart	[]	[2017]	1	1
5Tf4EH8tDvznnjULcFxkIl	Alex Clare	['modern alternative rock']	[2017]	1	1
6O74knDqdv3XaWtkII7Xjp	Boyz II Men	['boy band', 'contemporary r&b', 'new jack swing', 'r&b', 'urban contemporary']	[2017]	1	0
6AyATGg7mDgBlZ4N5uNog0	SYML	['modern indie pop']	[2017]	1	1
0p0ksmwMDQlAM24TWKu4Ua	Lily Kershaw	['folk-pop']	[2017]	1	1
7H55rcKCfwqkyDFH9wpKM6	Christina Perri	['pop']	[2017]	1	0
7r65N4pfWPM7D0zKe86jgk	Gros Mo	['cloud rap francais', 'rap calme']	[2017]	1	1
6fXEqmGQEt6ONuqVmwrN46	Bag Raiders	['alternative dance', 'australian dance', 'indietronica']	[2017]	1	0
3bhu7P5PfngueRHiB9hjcx	Elle King	['modern blues rock']	[2017]	1	1
0q8J3Yj810t5cpAYEJ7gxt	Duck Sauce	['disco house']	[2017, 2018]	1	0
65EXuYHVoehCKqp0kOS6px	Parov Stelar	['balkan beats', 'downtempo', 'electro swing', 'nu jazz']	[2017]	1	0
1buzCmyYZE4kcdLRudsb8V	Mikky Ekko	['nashville indie']	[2017]	1	1
74eY8wbrhhVD7pACbBHwHw	Imany	['french indie pop']	[2017]	1	1
5NW2uPFatEKjZQ5gpWD8HO	Filatov & Karas	['russian dance', 'russian edm', 'russian pop']	[2017]	1	1
4Rxn7Im3LGfyRkY2FlHhWi	Nick Jonas	['dance pop', 'pop']	[2017]	1	1
4eFImh8D3F15dtZk0JQlpT	Fakear	['french indie pop', 'french indietronica', 'new french touch']	[2017]	1	1
67xyhWIvYQK5qr6b0gElst	Rae Morris	['art pop', 'gauze pop', 'neo-singer-songwriter']	[2017]	1	1
7FDlvgcodNfC0IBdWevl4u	James Vincent McMorrow	['chamber pop', 'indie folk', 'irish singer-songwriter', 'stomp and holler']	[2017]	1	0
49tQo2QULno7gxHutgccqF	LANY	['la pop']	[2017]	1	0
0ufJRYVC0zS2nLvhWKMESs	Glove	[]	[2017]	1	0
6fOMl44jA4Sp5b9PpYCkzz	NF	['hip hop', 'pop rap']	[2017, 2018]	1	0
2zzpznMuhKlKlqh1ma7Sms	Dakota	[]	[2017]	1	1
23zg3TcAtWQy7J6upgbUnj	Usher	['atl hip hop', 'contemporary r&b', 'dance pop', 'pop', 'r&b', 'rap', 'south carolina hip hop', 'urban contemporary']	[2017]	1	1
3ipn9JLAPI5GUEo4y4jcoi	Ludacris	['atl hip hop', 'dance pop', 'dirty south rap', 'hip hop', 'old school atlanta hip hop', 'pop rap', 'rap', 'southern hip hop', 'trap']	[2017]	1	1
1l2ekx5skC4gJH8djERwh1	Don Diablo	['dutch house', 'edm', 'electro house', 'future house', 'pop dance', 'progressive electro house', 'progressive house']	[2017]	1	0
3ayds6VIVBx3CU5NSNCDbq	Jacques Dutronc	['chanson', 'ye ye']	[2017]	1	0
7r8xR0LmnaAM623MmRDn1V	Max Frost	['austindie']	[2017]	1	1
5Q8NEHGX70m1kkojbtm8wa	Ibeyi	['cuban alternative', 'etherpop', 'world']	[2017, 2018, 2021]	1	1
73Xyd80Zdq5fZc0xyjkQtB	Sonia Ammar	[]	[2017]	1	1
7DgcAqP1VQJvOJcXc7yPsx	Ivy	[]	[2017]	1	1
2kreKea2n96dXjcyAU9j5N	The Pointer Sisters	['disco', 'girl group', 'hi-nrg', 'motown', 'new wave pop', 'soft rock']	[2017, 2018, 2020, 2021, 2022]	1	0
6T5tfhQCknKG4UnH90qGnz	DNCE	['dance pop', 'pop']	[2017]	1	0
6UUbraIaaBKQGCZoSOmn0S	Olga Chung	['acoustic chill', 'coverchill']	[2017]	1	0
3iri9nBFs9e4wN7PLIetAw	gnash	['alt z', 'pop']	[2017, 2018]	1	1
1QRj3hoop9Mv5VvHQkwPEp	Olivia O'Brien	['alt z', 'pop']	[2017, 2018]	1	1
5X1JzPIIonP3u9lA580pPT	Francesco Yates	['canadian pop']	[2017, 2018, 2020]	1	1
0SwO7SWeDHJijQ3XNS7xEE	MGMT	['alternative rock', 'indie rock', 'indietronica', 'modern rock', 'rock']	[2017]	1	1
57dN52uHvrHOxijzpIgu3E	Ratatat	['indietronica']	[2017]	1	1
36SJoVo2BnoeOHycp3ffIQ	Walid Sevran	['pop urbaine']	[2017]	1	0
10exVja0key0uqUkk6LJRT	Vance Joy	['folk-pop', 'modern rock']	[2017]	1	0
4ehtJnVumNf6xzSCDk8aLB	Martin Jensen	['danish electronic', 'edm', 'pop dance']	[2017]	1	0
5MmVJVhhYKQ86izuGHzJYA	MIKA	['pop rock']	[2017]	1	1
3JXpwnHbLvXxY99EuXqFPX	Poo Bear	['pop r&b']	[2017]	1	1
0xEVr5H3VEj3g11u1q6ifW	MZ	['french hip hop', 'pop urbaine']	[2017]	1	1
1aSwrSGBNGMLn9ymttfRkk	Lido	['norwegian pop', 'vapor twitch']	[2017, 2018]	1	1
13kKxNPnxPeeWQaAaZwvCP	Callie Hernandez	[]	[2017]	1	1
4FFGJ9ERSX06Sl8hD7GRVv	Sonoya Mizuno	[]	[2017]	1	1
21yiGQIpkiP8edfxDipQaW	Jessica Rothe	[]	[2017]	1	1
6UB2gLFLsQHjdKJneXvvEu	Adam Naas	['french indie pop']	[2017]	1	0
6AJmRCudRuw3WQ2MOOTSAE	Boozoo	[]	[2017]	1	1
20s0P9QLxGqKuCsGwFsp7w	Mario	['dance pop', 'r&b', 'southern hip hop', 'urban contemporary']	[2017]	1	0
0vmrFTWCwK3gFGDzeUzeMg	Patrick Bruel	['chanson', 'french pop', 'variete francaise']	[2017]	1	0
0uqVwW4EThbK961o5XO62n	VEERUS	['drill francais', 'french hip hop']	[2017]	1	1
7kaDDDN6AmQPKHY7dGIIZE	Makala	[]	[2017]	1	1
7xEFii6utZmQ61kX59HmLH	FRENSHIP	['electropop', 'indie poptimism', 'la pop']	[2017]	1	1
0X0MmqVfsXxjIUWfHXdIkS	Ray Charles & Friends	[]	[2017]	1	0
2FwJwEswyIUAljqgjNSHgP	Snakehips	['electropop']	[2017]	1	1
0ajB4yCH9z4cETf7Y2wlnT	Hös	[]	[2017]	1	1
1xHQO9GJIW9OXHxGBISYc5	Marian Hill	['electropop']	[2017]	1	0
0UF7XLthtbSF2Eur7559oV	Kavinsky	['filter house']	[2017]	1	0
3b8QkneNDz4JHKKKlLgYZg	Florida Georgia Line	['contemporary country', 'country', 'country pop', 'country road', 'modern country rock']	[2017, 2018]	1	1
4olE3I5QU0dvSR7LIpqTXc	WATT	['modern alternative rock']	[2017, 2018]	1	1
3NRFinRTEqUCfaTTZmk8ek	Savage Garden	['boy band', 'dance pop', 'pop rock']	[2017]	1	0
69YKwunlA0xl2yMS12cyMu	Gabriela Richardson	[]	[2017]	1	1
07FfkbljNIdl45Ijlh1aXS	RHODES	['indie anthem-folk', 'uk pop']	[2017]	1	1
6c4sUNBgdonFJz8Kx2VsGz	Madcon	['norwegian hip hop']	[2017]	1	1
39S7Y72G0tdDPy2INGFicV	Sara Farell	['acoustic cover']	[2017]	1	0
3YFFii5dmGvDQ316WVg3RY	Ben DJ	['deep uplifting trance']	[2017]	1	0
36jaGQtMj5UWD0eO1fCVdD	Joel Adams	['australian pop', 'pop soul', 'teen pop']	[2017]	1	0
6lB8vOoI4DRrrVxXwuV19c	Mike Perry	['pop dance', 'swedish tropical house']	[2017]	1	1
7eCmccnRwPmRnWPw61x6jM	shy martin	['alt z', 'swedish electropop']	[2017]	1	1
6M7RdR9ZP52h2mfNLmiHtU	Good Times Ahead	['brostep', 'edm', 'electro house', 'electronic trap', 'pop dance']	[2017]	1	1
34f8p9RqbrZirJRJ8BX5WN	Tortoz	['french hip hop', 'rap calme', 'rap francais', 'rap montrealais']	[2017]	1	1
6cXMpsP9x0SH4kFfMyVezF	Josh Groban	['operatic pop']	[2017]	1	0
4OOky5BVjOeOYs73FIyALB	Nyda	['pop urbaine', 'rap francais']	[2017]	1	1
6PwHyGcUfjwdjT9cdsaVWT	Merryn Jeann	[]	[2017]	1	1
0CY3kcceNHCysHMl8u7duy	Henri Dès	['musique pour enfants']	[2017]	1	0
6nxWCVXbOlEVRexSbLsTer	Flume	['australian dance', 'australian electropop', 'australian indie', 'downtempo', 'edm', 'indietronica']	[2017]	1	1
6xHUXzrfhFgnIv86EBR3Ml	kai	[]	[2017]	1	1
0eezS9KmhdjGN436RdTIXu	Mavado	['dancehall', 'jamaican dancehall', 'reggae fusion']	[2017]	1	1
7mnAzEmgquhrVtGob81SmO	Big Shaq	['london rap']	[2017, 2018]	1	0
7jdFEYD2LTYjfwxOdlVjmc	KALEO	['icelandic indie', 'icelandic rock', 'modern alternative rock']	[2017]	1	0
6ltzsmQQbmdoHHbLZ4ZN25	Lord Huron	['indie folk', 'modern rock', 'stomp and holler']	[2017, 2018]	1	0
6szSMqKKwkFqJoK3MxK3Hk	Thomas Daniel	['acoustic cover']	[2017]	1	0
51Blml2LZPmy7TTiAg47vQ	U2	['irish rock', 'permanent wave', 'rock']	[2017]	1	1
5H6xmHXjsq98NLbEjuE29f	NEIKED	['scandipop']	[2017]	1	1
4H1PNuHElBLVok0lnYMrRb	Dyo	['alte']	[2017]	1	1
6QuwwXcYV87m0bVvK0fLct	Juice	[]	[2017]	1	1
4YUcg2ee9TxMNdjhAxzZBF	Ashh	['french hip hop', 'rap calme']	[2017]	1	0
5JUYSPkis2Mk6HUbmMqk1m	Sean Ono Lennon	['beatlesque']	[2017]	1	1
4GLzX588I9R2vs0nTHhD6Z	Mt. Wolf	['chamber pop']	[2017]	1	1
1n3X60xWCyL1zytSiKeu4D	St. South	['vapor soul']	[2017]	1	1
1EnscKRqKyq19bQ2bl642c	Aslove	['deep tropical house']	[2017]	1	1
3pol9num4gn7ifeZrENp2E	Mia Wray	[]	[2017]	1	1
7pFeBzX627ff0VnN6bxPR4	Desiigner	['pop rap', 'rap', 'southern hip hop', 'trap', 'viral trap']	[2017]	1	0
16oZKvXb6WkQlVAjwo2Wbg	The Lumineers	['folk-pop', 'modern rock', 'neo mellow', 'stomp and holler']	[2017]	1	0
62DmErcU7dqZbJaDqwsqzR	Popcaan	['dancehall', 'jamaican hip hop', 'reggae fusion', 'traphall']	[2017]	1	1
4NblOMEOWHZuq59XaO8OOt	Greg June	[]	[2017]	1	1
4H4MTaIH3pYMgvSv3TcMXO	Esmeralda	[]	[2017]	1	1
3wrzELDiDtiHAlLlAG423O	Shayfeen	['arabic hip hop', 'rap maroc', 'trap maroc']	[2017]	1	1
3Ta6zTv2MJXiTBGpbPPZLZ	Madd	[]	[2017]	1	1
6p7iFdv6Wn9iaS7AwVLvod	Nana Mouskouri	[]	[2017]	1	0
5GdlCoChpXDd7bx07pR0eR	Line Renaud	['classic french pop', 'vintage chanson', 'ye ye']	[2017]	1	0
5wPoxI5si3eJsYYwyXV4Wi	N.E.R.D	['hip hop', 'virginia hip hop']	[2017]	1	1
2Lxf9JXIFwHtKmC7DCwyI3	Colette	[]	[2017]	1	1
3qBKjEOanahMxlRojwCzhI	Zacari	[]	[2017]	1	1
0krCd0zVANPv9ryri4T0TO	Michel Sardou	['chanson', 'french pop']	[2017, 2021, 2022]	1	0
4TYLelqEy8Fy7dJrNPOmN4	Gaspard Royant	[]	[2017]	1	0
085pc2PYOi8bGKj0PNjekA	will.i.am	['dance pop', 'pop']	[2017, 2018]	1	1
73ZPfpfg1LBVvDEArK4l5B	Des'ree	['europop', 'new wave pop']	[2017]	1	0
7AcV1lk8Zrgo1691PDWEle	Freshlyground	['african rock', 'afropop', 'south african jazz', 'south african pop', 'south african pop dance']	[2017, 2018, 2020]	1	1
4phGZZrJZRo4ElhRtViYdl	Jason Mraz	['acoustic pop', 'dance pop', 'neo mellow', 'pop']	[2017, 2018, 2020, 2021]	1	0
6sFIWsNpZYqfjUpaCgueju	Carly Rae Jepsen	['canadian pop', 'dance pop', 'pop']	[2017]	1	0
6VD4UEUPvtsemqD3mmTqCR	Deorro	['dutch house', 'edm', 'electro house', 'melbourne bounce', 'melbourne bounce international', 'pop dance', 'progressive electro house']	[2017]	1	1
1c22GXH30ijlOfXhfLz9Df	Elvis Crespo	['latin pop', 'salsa', 'tropical']	[2017]	1	1
1GZrKwVL73MyDEr4bR9sRk	Tore	[]	[2017]	1	0
3KV3p5EY4AvKxOlhGHORLg	Jeremih	['chicago rap', 'pop rap', 'r&b', 'southern hip hop', 'trap', 'urban contemporary']	[2017]	1	1
6ujr1NkqbZpYOhquczUUfl	The Strumbellas	['canadian indie', 'folk-pop', 'stomp and holler']	[2017]	1	0
5nAiCPenjjdpUJAmElxmuu	Loïc Nottet	[]	[2017]	1	0
7nKeLE1toRtW4M279iS26h	Zay Hilfigerrr	['viral trap']	[2017]	1	1
5AsWcQXw4RJFRWBbwa0ti0	Zayion McCall	[]	[2017]	1	1
31V9AwOdKY1QlfAcr11qvy	Youri	[]	[2017]	1	1
6UUoOFrzfmGZ50AP9SY97H	Alma	[]	[2017]	1	0
3egWSWp7Y4FyCKIyvXbw7L	Ghali	['italian hip hop', 'italian pop', 'milan indie']	[2017]	1	1
3iKatcdLBE1YxiAyvcow4w	Ephemerals	[]	[2017]	1	1
0J7U24vlOOIeMpuaO6Q85A	LP	"['la pop', ""women's music""]"	[2017, 2018, 2021]	1	0
6aq8T2RcspxVOGgMrTzjWc	Soft Cell	['new romantic', 'new wave', 'new wave pop', 'synthpop']	[2017, 2018, 2020, 2021]	1	0
2ZRQcIgzPCVaT9XKhXZIzh	Gryffin	['edm', 'pop dance']	[2017]	1	1
6T70tWxqyIpdVbsFvPzqM3	La La Land Cast	[]	[2017]	1	0
2EMAnMvWE2eb56ToJVfCWs	Bryson Tiller	['kentucky hip hop', 'r&b', 'rap']	[2017, 2018]	1	1
0NyzfcGDZZ6GM25EBG9BYK	Ray Parker Jr.	[]	[2017, 2018]	1	0
3oKRxpszQKUjjaHz388fVA	Parcels	['aussietronica', 'indie soul']	[2017]	1	0
0iui2Be5CP8EWxvHYsVspL	Breakbot	['filter house', 'nu disco']	[2017]	1	1
3nqQeOUvDPTu4vtYtPfBjX	Irfane	[]	[2017]	1	1
5eOvF1e48vc6MQ9wf1vHZj	Eff Gee	[]	[2017]	1	1
5FL1WHqulzl1esxtWWDjOx	Jehkyl	[]	[2017]	1	1
3RGLhK1IP9jnYFH4BRFJBS	The Clash	['alternative rock', 'permanent wave', 'punk', 'rock']	[2017]	1	0
1YfEcTuGvBQ8xSD1f53UnK	Busta Rhymes	['east coast hip hop', 'hardcore hip hop', 'hip hop', 'pop rap', 'rap']	[2017]	1	1
30qAUsTxBrNgIVfquL1qaH	AM	[]	[2017]	1	0
0BiXefHcyIG3vtH1Yzbo2Y	Derek Wise	['canadian hip hop', 'toronto rap']	[2017]	1	1
5ivCbtrcD5N4rD337xIb2z	MisterWives	['indie poptimism', 'modern rock', 'nyc pop']	[2017]	1	0
2WKdxPFRD7IqZvlIAvhMgY	Fugees	['east coast hip hop', 'hip hop', 'neo soul', 'new jersey rap']	[2017]	1	0
5uYbCz9kK5EStXHUNvJbFr	Riane	[]	[2017]	1	1
2ublgvX7DlTU8ShDDslYVC	The S	['rap francais']	[2017]	1	1
3NoeRIxHApi6qe4yan2Vnn	Eric Nally	[]	[2017]	1	1
4ACplpEqD6JIVgKrafauzs	The Everly Brothers	['adult standards', 'folk rock', 'mellow gold', 'rock-and-roll', 'rockabilly', 'sunshine pop']	[2017]	1	0
4R99LCucVrepg9xiys9p5G	SIYYU	['french indie pop']	[2017]	1	0
1IFAU4mznUcfPVP9z2c24N	Daecolm	[]	[2017]	1	1
3TaUSUXn41GixL7zbvrIDt	A-Trak	['canadian electronic', 'edm', 'electro house', 'electronic trap', 'turntablism']	[2017]	1	1
63MQldklfxkjYDoUE4Tppz	M83	['french shoegaze', 'french synthpop', 'indietronica', 'metropopolis', 'neo-synthpop']	[2017]	1	0
1Tdg7NIdyWx9icE2GNZzxk	SAINT PHNX	['rebel blues', 'scottish rock']	[2017]	1	0
6k0IBR0lU42s2GYpNX7kA9	Brian McKnight	['contemporary r&b', 'quiet storm', 'r&b', 'urban contemporary']	[2017]	1	0
73NSMaMkG5ZS7r7tcMo2Oa	Rom1	[]	[2017]	1	1
0wWVwbDdxAZmF648bI1FdT	Am1	[]	[2017]	1	1
3nbqr8l1DkCj1laBoUaA2W	KDR	[]	[2017]	1	1
26GKAYYuyr424SdSkr8xlQ	Halloran & Kate	['channel pop']	[2017, 2018]	1	0
1rF28IxSHAcZAG5ogiRJPd	BMYE	[]	[2017]	1	1
0v5TXXJsokDC2bYAUe8UAF	Jaymax	[]	[2017]	1	1
0cW5IzaY9L1jHl1AzjhbsW	DJ Myst	[]	[2017]	1	1
1gR0gsQYfi6joyO1dlp76N	Justice	['alternative dance', 'dance-punk', 'electronica', 'filter house', 'indietronica', 'new rave']	[2017]	1	0
7jmTilWYlKOuavFfmQAcu6	Barbra Streisand	['adult standards', 'operatic pop']	[2017]	1	0
3PigDt7TITrp06OgSglQi1	Notre père Fabian	[]	[2017]	1	1
5e4Dhzv426EvQe3aDb64jL	Shania Twain	['canadian country', 'canadian pop', 'contemporary country', 'country', 'country dawn']	[2017, 2018]	1	1
6J0Y4CoGMKL5RyeozHnVKl	FDVM	['deep tropical house']	[2017]	1	1
3JRrxifzOpGOalOfGHEJNB	Tyler Sjöström	[]	[2017]	1	1
4m90Zo0X5ACTTk27IZ9eMY	MRC	['french hip hop', 'pop urbaine', 'rap francais']	[2017]	1	0
1FqqOl9itIUpXr4jZPIVoT	The Drifters	['adult standards', 'doo-wop', 'rock-and-roll', 'rockabilly', 'soul']	[2017, 2018]	1	1
4WL6MC4jDW7w7K9hfc4MVS	Clyde McPhatter	['doo-wop', 'rhythm and blues']	[2017, 2018]	1	1
7nZLD9PxbyVBQ97XX5R2Vg	Bill Pinkney	['beach music']	[2017, 2018]	1	1
3FUY2gzHeIiaesXtOAdB7A	Train	['dance pop', 'neo mellow', 'pop', 'pop rock']	[2017]	1	0
3whuHq0yGx60atvA2RCVRW	Olly Murs	['dance pop', 'pop', 'talent show']	[2017]	1	1
2DzbXUAn0DiYqcgu2wDfaf	Coely	['belgian hip hop', 'belgian rock']	[2017]	1	1
4N874uPqBka1QiCvnCVOtr	Phoebe Ryan	['alt z', 'indie poptimism']	[2017]	1	1
22iqZKWq4isF3MqNMZgCvm	Eliza May	[]	[2017]	1	0
4F84IBURUo98rz4r61KF70	The White Stripes	['alternative rock', 'blues rock', 'detroit rock', 'garage rock', 'modern blues rock', 'permanent wave', 'punk blues', 'rock']	[2017, 2018]	1	0
4Q6zYbQ2MrKiEWTGB3yrPv	Jesper Jenset	['norwegian pop']	[2017]	1	0
3jJbG1PmQVyZvdbaSh1PgU	Dundas	[]	[2017]	1	0
4nx8ehrFiCOmWgebUKshDV	Broken Back	['new french touch']	[2017]	1	0
5YBSzuCs7WaFKNr7Bky0Uf	Olivia	[]	[2017]	1	1
2XpEZIV9uuJY6pdhKAbuBh	Missy & Blonde	['channel pop', 'viral pop']	[2017]	1	0
3sFTupo9UGgrujjN21BjwR	Gossip	['alternative dance', 'electroclash', 'olympia wa indie']	[2017]	1	0
39IxH83pJhyp1WfRdMwPeR	Section Pull Up	[]	[2017]	1	1
5MouCg6ta7zAxsfMEbc1uh	OMI	['reggae fusion']	[2017, 2018, 2020]	1	1
3iE3iLBiJ4SVgNqa6JASfY	Lino	[]	[2017]	1	1
5G0rORVxnBh7gFRzlwjeAv	Alivor	['pop urbaine']	[2017]	1	1
77DAFfvm3O9zT5dIoG0eIO	Kyla	['uk funky']	[2017, 2018]	1	1
3ahNJjvD07ZBQ0tiYCzEKE	Ayesha Chanel	[]	[2017]	1	1
2qk9voo8llSGYcZ6xrBzKx	Kings of Leon	['modern rock', 'rock']	[2017]	1	0
3WtrH1zNpzoPSz6XpwCh6y	Delilah Montagu	['british singer-songwriter']	[2018]	1	1
3Jiylug2WY0eeLsqFsQkfj	Lonely Band	[]	[2018]	1	1
5vQfv3s2Z2SRdPZKr82ABw	Dzeko	['canadian electronic', 'dutch house', 'edm', 'electro house', 'pop dance', 'progressive electro house']	[2018]	1	1
0bdJZl7TDeiymDYzMJnVh2	Preme	['canadian hip hop', 'canadian trap', 'toronto rap']	[2018]	1	1
1IueXOQyABrMOprrzwQJWN	Sigala	['dance pop', 'edm', 'pop dance', 'uk dance', 'uk pop']	[2018]	1	1
4fwuXg6XQHfdlOdmw36OHa	Paloma Faith	['british soul', 'talent show']	[2018]	1	1
2JwyRtuXf2l6sTnSnGVIa1	Farid Bang	['german hip hop']	[2018]	1	1
5y9wg9qkGBl0n9v9RzaPKu	Capo	['german hip hop']	[2018]	1	1
1qSJaftSab2kTTsj7fLxvM	DJ SpinKing	['slow game']	[2018]	1	1
7iLc4hrjOjQPfg1E3cCHg1	Tim Berg	['edm', 'electro house', 'pop dance', 'progressive electro house']	[2018]	1	1
1tQn5gWbo3ee6n2Z52ogY5	Madame Monsieur	['french pop']	[2018]	1	0
0VVnWF3KNaa5O7ESohKhAx	Salif Keita	['afropop', 'malian blues', 'mande pop', 'world']	[2018]	1	1
7fKO99ryLDo8VocdtVvwZW	Yemi Alade	['afrobeats', 'afropop', 'azontobeats', 'nigerian pop']	[2018]	1	1
52lBOxCxbJg0ttXEW9CQpW	Louis Prima	['adult standards', 'jump blues', 'lounge', 'swing', 'tin pan alley']	[2018]	1	1
2VXsRo1aTjdh4KydrrKtF2	Grems	['rap inde']	[2018]	1	1
3rQ41v2y1so8hI6leiz4Wc	Bakyl	[]	[2018]	1	1
34Y0ldeyUv7jBvukWOGASO	Bobby Shmurda	['nyc rap', 'rap', 'trap']	[2018]	1	1
3UP5WnnFrMhewKp7cGeqQx	Naestro	[]	[2018]	1	1
3NwVTaECP58CZdzeXMPYVc	Djena Della	['kompa gouyad']	[2018]	1	1
3XxxEq6BREC57nCWXbQZ7o	Jamie Cullum	['contemporary vocal jazz', 'jazz pop', 'neo mellow']	[2018]	1	1
76yeOnINtQSXyoEHbkYmtY	Drew Love	[]	[2018]	1	1
3pbi8H08p95NUZ7m6ybxUV	Static Major	[]	[2018]	1	1
5hdhHgpxyniooUiQVaPxQ0	Nio Garcia	['reggaeton', 'trap latino', 'urbano latino']	[2018]	1	1
1fux65HMCBvfJHqlBc4Nno	Casper Magico	['reggaeton', 'reggaeton flow', 'trap latino', 'urbano latino']	[2018]	1	1
1TtXnWcUs0FCkaZDPGYHdf	Darell	['latin hip hop', 'reggaeton', 'trap latino', 'urbano latino']	[2018]	1	1
3mLdH6xxrscTf2poCN9Kzy	Rio Santana	[]	[2018]	1	1
2V0DROfM2ieFSOcA3SHJLD	Judah	[]	[2018]	1	1
4DROs1Ye9DiLY3X8L7xvl8	Andrez Babii	['rap romantico']	[2018]	1	1
2J6pigOrBmKQgqJUY5UM7r	Matt OX	['melodic rap', 'plugg', 'rage rap']	[2018]	1	1
5Y5TRrQiqgUO4S36tzjIRZ	Timbaland	['dance pop', 'pop', 'pop rap']	[2018]	1	1
3iVGVVEvuNU0Nqe54OlfS2	Juicy P	['pop urbaine']	[2018]	1	1
2PC0CLpUsoEQPNIZKg2ZX0	MC Bin Laden	['funk carioca', 'funk ostentacao']	[2018]	1	1
7pLntWGInZPQxc4kXxzzjB	Liz Gillies	[]	[2018, 2020, 2021]	1	1
5ChF3i92IPZHduM7jN3dpg	Nicky Romero	['big room', 'dutch edm', 'dutch house', 'edm', 'electro house', 'pop dance', 'progressive electro house']	[2018]	1	1
6i3DxIlAqnDkwELLw4aVrx	Lele Pons	['latin pop', 'latin viral pop', 'viral pop']	[2018]	1	0
5Fb6yHQWGNgxx9V4Z7cdtC	L'Antidote LaFamille	[]	[2018]	1	1
5qHegXlxkoz4wNctWUWcKl	Mohamed Henni	[]	[2018]	1	1
6J434ZmyHxFcBjHXAZL9QY	Kacem Wapalek	['french hip hop', 'french reggae', 'rap lyonnais']	[2018]	1	1
2Gkz5N7rWiCE3jlCgsw1yp	Naâman	['french reggae']	[2018]	1	1
0e04xgVBPU6mE2QkSHlufD	Mylène Farmer	['chanson', 'french pop', 'french synthpop']	[2018]	1	0
28ztjHIXceRRntmTUfnmUX	Khaled	['classic arab pop', 'rai']	[2018]	1	1
6RqG6OjPJVHi1RAcXTxglq	Stereotypes	[]	[2018]	1	1
68FN0jXG0C1pExDFWtKZ5d	Laguardia	[]	[2018]	1	1
5d9It5vsYmHMcd1mABdXFm	DJ Pone	['french indietronica']	[2018]	1	1
1aSxMhuvixZ8h9dK9jIDwL	Kate Bush	['art pop', 'art rock', 'baroque pop', 'new wave pop', 'permanent wave', 'piano rock', 'singer-songwriter']	[2018]	1	0
4bw2Am3p9ji3mYsXNXtQcd	Piso 21	['colombian pop', 'latin pop', 'reggaeton', 'reggaeton colombiano', 'trap latino', 'urbano latino']	[2018]	1	1
64LCTpIu9Iji2EPaxxPpxF	Joe Dassin	['chanson', 'chanson paillarde']	[2018]	1	0
2wIVse2owClT7go1WT98tk	Missy Elliott	['dance pop', 'hip hop', 'hip pop', 'neo soul', 'pop rap', 'r&b', 'rap', 'urban contemporary', 'virginia hip hop']	[2018]	1	1
1TI3pJmtWgehlVMJzKJaJB	Sabrina Bellaouel	[]	[2018]	1	1
3HB9D7hdRBWUUnHWltSHlr	Esso Luxueux	[]	[2018]	1	1
5sqFLj2cvQ7ZaD1Kpl4nFH	Don Milli	[]	[2018]	1	1
5Igaoo9WzRGgvEV3pXNuZA	Melina	['r&b francais']	[2018]	1	1
6EFWFj8GbksweYxSkRkJFe	Leck	['pop urbaine']	[2018]	1	1
6BhoGzrwRr9eELLBJ55ldo	Eugy	['afrobeats', 'afropop', 'azontobeats', 'ghanaian hip hop', 'swedish dancehall', 'uk dancehall']	[2018]	1	1
2o9hRZ3xI27UQpHT61A4Mm	Kojo Funds	['afroswing', 'grime', 'uk dancehall', 'uk hip hop']	[2018]	1	1
6V6WCgi7waF55bJmylC4H5	Gloria Gaynor	['disco', 'soft rock']	[2018]	1	0
4Ahw76UVS2GoBsByIdRjQt	Pins & Dimeh	['french hip hop', 'pop urbaine', 'rap conscient', 'rap francais']	[2018]	1	0
4fpTMHe34LC5t3h5ztK8qu	The Carters	['r&b']	[2018]	1	0
2cnMpRsOVqtPMfq7YiFE6K	Van Halen	['album rock', 'classic rock', 'hard rock', 'rock']	[2018, 2020]	1	0
42aEG9QbcTyuQ07R4z1QJ1	Votourious	[]	[2018]	1	1
15h44RVabVa8fiD7V3ZIdJ	Ppros	[]	[2018]	1	1
4g5XNGc3pLqpvLcFluz15b	Biss	[]	[2018]	1	1
4SLEmV2rAQ71Ts0qyDGhE8	Cecilia Krull	['spanish pop']	[2018, 2020]	1	1
4N8BwYTEC6XqykGvXXlmfv	George Benson	['jazz funk', 'jazz guitar', 'smooth jazz', 'soul jazz', 'yacht rock']	[2018]	1	1
6yXri0y0q95UDiAyLzTM1y	Richard Galliano	['accordion', 'bandoneon', 'classical accordion', 'french jazz', 'italian contemporary jazz', 'jazz accordion']	[2018]	1	1
0Z7cUaHzuRp2moYQtVDBFp	Eddie Louiss	[]	[2018]	1	1
41qil2VaGbD194gaEcmmyx	Will Smith	['hip hop', 'pop rap']	[2018]	1	1
4poL7YCSkG7kMnWjAdDU91	Era Istrefi	['albanian hip hop', 'albanian pop', 'kosovan pop']	[2018]	1	1
2AsusXITU8P25dlRNhcAbG	Gotye	['australian pop']	[2018]	1	1
6hk7Yq1DU9QcCCrz9uc0Ti	Kimbra	['bergen indie', 'electropop', 'nz pop']	[2018]	1	1
0Jsk5iYMr5aNjHury7blm1	Boef	['dutch hip hop']	[2018]	1	1
4ScCswdRlyA23odg9thgIO	Jess Glynne	['pop', 'uk pop']	[2018]	1	1
4UqXejsLj7uwZmzQ9vkmg8	Les Gordon	['french indie pop', 'french indietronica', 'new french touch']	[2018]	1	0
4ASk9it8lXjK4KrkoFXPlN	Jahyanai King	['dancehall guyanaise', 'zouk riddim']	[2018]	1	1
4BxCuXFJrSWGi1KHcVqaU4	Kodaline	['irish pop', 'modern rock']	[2018]	1	0
3kv1Edgn5HlEWCuEKr1Y9x	Yugen Blakrok	['south african hip hop', 'spiritual hip hop']	[2018]	1	1
20twLKFb2Nhd8duUH0k2DJ	Jake Gosling	[]	[2018]	1	1
55IbeVYgoIy7kDXBbbqEAV	GS CLAN	[]	[2018]	1	1
0tRCsJGmx8qDyhNczGCsE9	Brvbus	[]	[2018]	1	1
2PlWtRtsOofohkow3Ht1Co	Kosi	['polish alternative rap', 'polish hip hop']	[2018]	1	1
5gCRApTajqwbnHHPbr2Fpi	Juicy J	['crunk', 'memphis hip hop', 'pop rap', 'rap', 'southern hip hop', 'trap']	[2018]	1	1
28ExwzUQsvgJooOI0X1mr3	Jay Rock	['conscious hip hop', 'hip hop', 'rap', 'southern hip hop', 'trap']	[2018]	1	1
3D54NYRxCO8nmKhYQZFpPs	Weei Soldat	['rap malien']	[2018]	1	1
3SBoy70Ct4CZBaWIo6AKqT	Messao	[]	[2018]	1	1
75QQAQ1DfmGW500AJZbM0i	Hermes House Band	['bubblegum dance', 'voetbal']	[2018]	1	0
79b2ipSR68Uf9EzA438KZt	Chawki	['moroccan pop']	[2018]	1	1
1GO0BdzMo0I4HNHfbaLbKZ	Maesic	['new french touch']	[2018]	1	1
0byRxHbgxjX6AG33hitWAV	Lucas Marx	[]	[2018]	1	1
73Np75Wv2tju61Eo9Zw4IR	Idina Menzel	['hollywood', 'movie tunes', 'show tunes']	[2018]	1	1
6JLwyyc3LBwRXEODjugQ4D	TAL	['french pop']	[2018]	1	0
2EfG2EoT8GFJrMiilbTVl2	Donna Lewis	['lilith', 'new wave pop']	[2018]	1	0
4TEJudQY2pXxVHPE3gD2EU	BlocBoy JB	['memphis hip hop', 'rap', 'tennessee hip hop', 'trap']	[2018]	1	1
0huGjMyP507tBCARyzSkrv	Cordae	['hip hop', 'pop rap', 'rap', 'trap', 'underground hip hop']	[2018]	1	1
2vIAYdLZKlpcBczHsettCl	Soprano	[]	[2018]	1	1
164kBkbAhKuGFqmzNn4xNL	Koys	[]	[2018]	1	1
7giUHu5pv6YTZgSkxxCcgh	Edward Sharpe & The Magnetic Zeros	['la indie', 'stomp and holler']	[2018]	1	0
6U1dBXJhC8gXFjamvFTmHg	Zac Efron	['hollywood', 'movie tunes', 'post-teen pop']	[2018]	1	1
7EEiVZvj6RCEtVX2F2pyxu	Slim Jxmmi	['trap']	[2018]	1	1
6C1ohJrd5VydigQtaGy5Wa	Joyner Lucas	['boston hip hop', 'hip hop', 'pop rap', 'rap']	[2018]	1	1
5lKZWd6HiSCLfnDGrq9RAm	Leona Lewis	['british soul', 'dance pop', 'pop', 'talent show']	[2018]	1	1
2P5sC9cVZDToPxyomzF1UH	Joey Bada$$	['conscious hip hop', 'hip hop', 'rap']	[2018]	1	1
1lSRXydgvLAIO9NlCW66Rq	RK	[]	[2018]	1	0
2OjoIDVPQKT9B7loZbPEfp	Claudia Leitte	['axe', 'pagode', 'pop nacional', 'sertanejo', 'sertanejo universitario']	[2018]	1	1
2WsjdLBMblY2Fzgs1yMRW6	Yannou JR	['rap calme']	[2018]	1	0
1J4Asc22pOyPxQEXu429DR	Worms-T	['pop urbaine']	[2018]	1	1
0fUBKEXCJYmCr9vrI66NEJ	Blasko	['australian r&b']	[2018]	1	1
3cWGilyM7pw2Q1bGbTXuBr	TrifeDrew	[]	[2018]	1	1
2UupW23n3XgabwKBMnA9NR	Solo Le Mythe	[]	[2018]	1	1
3n0ksbjVdPz83etmJcuaur	Chaps	[]	[2018]	1	1
2lolQgalUvZDfp5vvVtTYV	Tony Bennett	['adult standards', 'easy listening', 'lounge', 'vocal jazz']	[2018]	1	0
7w29UYBi0qsHi5RTcv3lmA	Björk	['art pop', 'electronica', 'experimental pop', 'experimental vocal', 'icelandic experimental', 'icelandic pop', 'icelandic singer-songwriter', 'metropopolis', 'permanent wave', 'trip hop']	[2018]	1	0
4dZzpakTDlQy33Iwvf3reB	SKG	['rap francais']	[2018]	1	0
7Io0XduXk7aOHFHA7sLru2	Bonn	['swedish pop']	[2018]	1	1
6wUAn24MOirNVNqQM47fda	Josh Golden	['la pop']	[2018]	1	1
5gw5ANPCVcxU0maLiGRzzP	Billy Raffoul	['canadian pop']	[2018]	1	1
2X97ZAqRKRMYFIDqtvGgGc	Silk City	['edm']	[2018]	1	1
3jZNt3nBw3tziwks9VSUES	Foda C	[]	[2018]	1	1
360IAlyVv4PCEVjgyMZrxK	Miguel	['r&b']	[2018]	1	1
4Z4afeDmHFxPmJorIwupbZ	Netta	['israeli pop']	[2018]	1	0
1F1U8ssjF8uD2OjRoSssWO	"Interpreti dello spettacolo ""Bella Ciao"""	[]	[2018]	1	0
1Dt1UKLtrJIW1xxRBejjos	The Blaze	['new french touch']	[2018]	1	0
5krZkab66mF2eexXFJv0A6	Bonnie Banane	['electro-pop francais', 'french indietronica']	[2018]	1	1
4lL9nnu7FX1Qp2oBbQZklz	Ixzo	['pop urbaine']	[2018]	1	1
6RwBaA9wZC0BPWZfmGeWMo	Krisy	['belgian hip hop', 'french hip hop', 'rap belge', 'rap conscient']	[2018]	1	1
4PLW5IBf0PSZuXcIPF6tOo	Maan On The Moon	[]	[2018]	1	1
2sAw6jGqa4He0kki8mXmU6	Marvin Brooks	[]	[2018]	1	1
595GhHLqghEl3ZN6VMmg5m	Haute	[]	[2018]	1	1
1eDFNPc0Y0eMbG03c89Dmw	Busta Flex	['french hip hop']	[2018]	1	1
7MDXSvabwm6zL7mUXKqH6L	Nakk Mendosa	['french hip hop']	[2018]	1	1
6bwVWdQfr6ttzrGLboVkjg	Paul Rosenberg	[]	[2018]	1	0
3tazCmngyOA10vZ0sNt0bY	Fianso	[]	[2018]	1	1
15h5B5quwDm2C1rhbtvUPD	Cocoon	['french indie pop', 'french rock', 'nouvelle chanson francaise']	[2018]	1	0
1AT8NKdQOU0EVPu6ehN4NA	Meryl	['rap antillais', 'rap ivoire', 'trap antillais']	[2018]	1	1
3rGcHaQwcCRU8Y1qu1Wmu4	Dj Mc Fly	[]	[2018]	1	1
7pGyQZx9thVa8GxMBeXscB	K'NAAN	['reggae fusion']	[2018]	1	0
2CDZVMcNl3SaXkoC4UMoQe	Diamond Deuklo	[]	[2018]	1	1
6xd89g6Ixvo4L6ZIfTiuHp	RH Las	[]	[2018]	1	1
2CzPCLry0VHxB4JNva2du6	Bellini	[]	[2018]	1	0
462yq5vpZnO172v3nK9ibv	Paluch	['polish hip hop', 'polish trap', 'rap motywacja']	[2018]	1	1
6jebZCZayuAOU2F4NcRDdv	Dj Spike Miller	[]	[2018]	1	1
66TrUkUZ3RM29dqeDQRgyA	Ella Eyre	['dance pop', 'talent show', 'uk dance', 'uk pop']	[2018]	1	1
5AbLpsnTQVNB3OEadYiVrK	Yxng Bane	['afroswing', 'grime', 'uk dancehall', 'uk hip hop']	[2018]	1	1
1kfVCpUQ55hMpU7w3BwvYW	Basada	[]	[2018]	1	1
5mNpMP01Co4vXZ3U0fWP3C	Camden Cox	['stutter house']	[2018]	1	1
3XHO7cRUPCLOr6jwp8vsx5	alt-J	['indie rock', 'indietronica', 'modern alternative rock', 'modern rock', 'rock']	[2018]	1	1
347ZYa3M1wIhZ3j8Awnd19	Jen Jis	['deep tropical house']	[2018]	1	1
1Dn88PoQjnQgLTOaokePFz	Bright Sparks	[]	[2018]	1	1
1bsGJW4NXgXaHzD2Lpk7if	Maurane	['chanson', 'french pop']	[2018]	1	0
6J3RPKUwZlKMzh3vWa9wPc	Skott	['indie electropop']	[2018]	1	1
2vVNxGBvKRQMWwI5c8KmYh	Tujamo	['dutch house', 'edm', 'electro house', 'pop dance', 'progressive electro house']	[2018]	1	1
3XonXgjEAAXVl0WKLF1Z4g	Sidney Samson	['dutch house', 'electro house', 'melbourne bounce', 'progressive electro house']	[2018]	1	1
7HV2RI2qNug4EcQqLbCAKS	Keala Settle	['broadway', 'hollywood', 'show tunes']	[2018]	1	1
63nv0hWWDob56Rk8GlNpN8	The Greatest Showman Ensemble	['movie tunes']	[2018]	1	1
6dh1Nko5w0D3hyUD7HvB2C	Zackmess	[]	[2018]	1	1
0Dr1nbwa1KW5wHYUCsrnAF	Metah	[]	[2018]	1	1
6Jfs1mfhjyhbO3J4X1ipuO	Oscar	[]	[2018]	1	1
6KyUat70qaniuiZq63HzFZ	Pink Martini	['lounge']	[2018]	1	0
0g9vAlRPK9Gt3FKCekk4TW	Ab-Soul	['conscious hip hop', 'hip hop', 'rap']	[2018]	1	1
1kec3UC9wp7KUwm3FEUMTp	Bakhaw	[]	[2018]	1	1
4ayuzWprbDhQRo8c60byyX	Mansly	[]	[2018]	1	1
4zN6lkMD3QlEvLyEcxH79p	Benzo	[]	[2018]	1	1
2Im8m4STDBosjfmb5hmP80	Loredana	['frauenrap', 'german hip hop', 'kosovan pop', 'romanian pop']	[2018]	1	1
2GJP8WUxtpkE7NolyW0BPr	Julimar Santos	[]	[2018]	1	1
6nB0iY1cjSY1KyhYyuIIKH	FKA twigs	['afrofuturism', 'alternative r&b', 'art pop', 'escape room', 'experimental r&b', 'trip hop']	[2018]	1	1
6vNY8rPaaoswwwlcPNXHP8	Samy Ceezy	[]	[2018]	1	1
2AcUPzkVWo81vumdzeLLRN	Rhye	['art pop', 'downtempo', 'indie soul', 'indietronica', 'shimmer pop']	[2018]	1	0
2TImI3DW7o5MdRXJs4D37h	SOB X RBE	['cali rap']	[2018]	1	0
6vclJnUiJ9D7IW0OP54MFT	Fredz	['hip hop quebecois']	[2021]	1	0
7e14Bh8oZXNRmZxjhhTARb	Koffi Olomide	['azontobeats', 'ndombolo', 'rumba congolaise', 'soukous', 'zilizopendwa']	[2021]	1	1
7ASs60349IqqTCyxRF4PSe	Al Patch	[]	[2021]	1	1
26cMerAxjx9GedFt0lMDjm	Bella Poarch	['modern alternative pop']	[2021]	1	0
6CBm5KPNnurK4hFutVDIpz	SLK	['rap francais']	[2021]	1	1
61O1t9W4rYDRcGF9DJUTJw	Zokush	['r&b francais', 'rap francais']	[2021]	1	0
01XANBozAj5ufiJTBOA3D9	Bebew	[]	[2021]	1	0
4oLeXFyACqeem2VImYeBFe	Fred again..	['edm', 'house', 'stutter house']	[2021]	1	1
4TvhRzxIL1le2PWCeUqxQw	The Blessed Madonna	[]	[2021]	1	1
44qTyRXwTktHVC0X1FGnJn	NORDO	['rap tunisien']	[2021]	1	1
7Ks0buMLnun2xYSEOaZpfU	Vinke Red	[]	[2021]	1	0
26Kq9bSJsElA93PflKEB1A	Benjamin Biolay	['chanson', 'french rock', 'nouvelle chanson francaise']	[2021]	1	0
3tXUeiWOSod3mSQ2lOautf	Wes	['cameroonian pop']	[2020, 2021]	1	1
2NfSBtmWe7oPw1EmetJVso	Boza	['panamanian pop', 'reggaeton', 'urbano latino']	[2021]	1	0
4mh3iy6yf2oZYSiy2fdccM	Molly Hammar	['swedish idol pop', 'swedish pop']	[2021]	1	1
3r1XkJ7vCs8kHBSzGvPLdP	slowthai	['uk alternative hip hop', 'uk hip hop']	[2021]	1	1
6yb7iR9KSHvoITAvoxz3ia	Stevie Mackey	[]	[2021]	1	1
59u9R3yNVw4PWC3Rg1JZhk	THE ELEVEN	[]	[2021]	1	1
4RB2EEsmLhQTOSVQQpDzNg	Sofiane Pamart	[]	[2021]	1	1
08GQAI4eElDnROBrJRGE0X	Fleetwood Mac	['album rock', 'classic rock', 'rock', 'soft rock', 'yacht rock']	[2020, 2021]	1	0
2VSHKHBTiXWplO8lxcnUC9	GAYLE	['modern alternative pop']	[2021, 2022]	1	0
61ipISvUVa5LkJlKZnm3Oo	Alle Farben	['deep euro house', 'german dance']	[2021]	1	1
4ogvuDRerGhZfSf7TtzHlr	Israel Kamakawiwo'ole	['hawaiian']	[2021]	1	1
7ACEUD7UsmmXrnj4OLt8f9	twocolors	['edm', 'pop edm']	[2020, 2021]	1	0
2bbQRkTmEgKA1INGHeH7oT	Cheu-B	['drill francais', 'french hip hop', 'pop urbaine', 'rap antillais', 'rap francais']	[2021]	1	1
1g6Hs3pSerBl61R9AKUeHr	Kepler	['rap francais']	[2021]	1	1
2AI8BISxDkP0CM66Lbww7h	JUL	[]	[2021]	1	1
1R84VlXnFFULOsWWV8IrCQ	Panda Bear	['art pop', 'chamber pop', 'chillwave', 'dream pop', 'experimental pop', 'indie rock', 'indietronica', 'noise pop']	[2021]	1	1
2oXnGr2sB2NHjmDKi6dxyu	Zino	[]	[2021]	1	1
1NKxtmaJSl8sNwCwAhNbdl	Lemon Haze	['rap francais']	[2021]	1	1
6v49fFaxffRIHoYwUnYGRL	Le RR	[]	[2021]	1	1
2WgfkM8S11vg4kxLgDY3F5	StarBoi3	['viral rap']	[2021]	1	1
45dkTj5sMRSjrmBSBeiHym	Tate McRae	['alt z', 'pop']	[2020, 2021]	1	0
4vnmifnGOeRXfNTRtgd4Tj	Sexion d'Assaut	['french hip hop', 'french pop', 'pop urbaine', 'rap conscient']	[2020, 2021, 2022]	1	0
7jZM5w05mGhw6wTB1okhD9	ATB	['german dance', 'german techno', 'german trance', 'trance']	[2021]	1	1
6UWiE4V9p2HK4C74A0CGKB	Skip the Use	['french indie pop', 'french rock', 'rock independant francais']	[2020, 2021]	1	0
0vR2qb8m9WHeZ5ByCbimq2	Reik	['latin arena pop', 'latin pop', 'mexican pop', 'reggaeton']	[2021, 2022]	1	1
0L1f9i3L3fkMNENljDOsjG	Rocco Hunt	['italian adult pop', 'italian hip hop', 'italian pop', 'pop virale italiano', 'rap napoletano']	[2021, 2022]	1	1
6k8mwkKJKKjBILo7ypBspl	Ana Mena	['spanish pop']	[2021, 2022]	1	1
6j7ucdkzdR5UxcAjpwZlmI	DJ Zboubinho	[]	[2021]	1	1
687cZJR45JO7jhk1LHIbgq	Tems	['afro r&b', 'afrobeats', 'alte', 'nigerian pop']	[2021]	1	1
7vcsHACKyahyVI85epvcnt	Dioscures	['rap francais nouvelle vague']	[2021]	1	1
1a2yfRvULXWkUSvxJbkw75	K.Maro	['chanson humoristique']	[2021, 2022]	1	0
7nNTZAvyK47Kx9g8LAPXeY	O.S.CAR.	[]	[2021]	1	1
51FDSAy8mu3Qh2isOLEGOS	El Kid	[]	[2021]	1	1
7vnEuM5aFDKZ0kiWIjMpD4	KLS	[]	[2021]	1	1
0dWWmt7dgdtJ3RunO4aPHg	Zak	[]	[2021]	1	1
055VzY1R9f871HvNBkeR0A	Diego	[]	[2021]	1	1
1uzx1lyRA2RIZlVSxOfBAi	Souffrance	['rap inde']	[2021]	1	1
3iMzbvXlgNUpoFccD60bvr	Prezioso	['italo dance']	[2021, 2022]	1	1
4dM6NDYSfLcspt8GLoT5aE	Hippie Sabotage	['edm', 'electronic trap']	[2021]	1	0
6a2V6IHS7jT9M1IvJ8V3yB	Zuukou mayzie	['cloud rap francais', 'drill francais', 'french hip hop', 'rap francais']	[2021]	1	1
2GIoAorOnT0Yp1jKyTzW7K	BU$HI	['rap lyonnais']	[2021]	1	0
0UbjU1bRojsIqLIcQYfUPb	Central Cee	[]	[2021]	1	1
44vREmJC0OlVZjZaGLqVEd	Morray	['pop rap']	[2021]	1	1
06nevPmNVfWUXyZkccahL8	Gregory Porter	['contemporary vocal jazz', 'jazz pop', 'vocal jazz']	[2021, 2022]	1	1
5JM4WCkJO9f1jZK3ZdxovQ	Troy Miller	[]	[2021, 2022]	1	1
35R1B97CfrqKFFI3QBkTDx	RealestK	[]	[2021]	1	0
6QrQ7OrISRYIfS5mtacaw2	Jaymes Young	['indie poptimism']	[2021, 2022]	1	0
7iTLGcddv1bOPirdYJjKVy	Dj Yo!	[]	[2021, 2022]	1	1
5fUXK5m3BNwoRgTyKq8tnz	AX'EL	[]	[2021, 2022]	1	1
72Nhcx7prNk2ZCxhx0Y5es	Amy Grant	['christian music']	[2021]	1	0
4FrXHrpbDLNyO3pbVv8RmF	Sophie and the Giants	['sheffield indie']	[2020, 2021]	1	1
58TmZgzK9ljSBIXbBUD0NC	Shivo	[]	[2021]	1	0
46MWeeHNVMYRIIofQBEX98	BEAM	['trap soul']	[2021]	1	1
4np9Zzw0SEYQLcGv28P51q	TRAVI	[]	[2021]	1	1
4AA474G2hRfrHyGrfyDseO	Mozzy	['cali rap', 'sacramento hip hop']	[2021]	1	1
0JHx4h8GAtjhmHMQ68iQiU	Konfuz	['russian dance']	[2021]	1	0
5lTjv8Ag00qHSGhvK4JbeF	Justin Wellington	['melanesian pop', 'pacific islands pop', 'png pop']	[2021]	1	1
6c8akjSeJQw2NYemV6qVT8	Small Jam	['solomon islands pop']	[2021]	1	1
2lJ6K4PTrrweXhRiqh1CZE	SUPER-Hi	[]	[2020, 2021]	1	1
1JPZHb1qziDJ05n0a1OvfW	NEEKA	[]	[2020, 2021]	1	1
5Iib8YFyekylXZIqcVT1Qk	KGS	[]	[2021]	1	1
6jsjhAEteAlY0vCiLvMLBA	ROZES	['alt z', 'indie poptimism']	[2021]	1	0
4bYPcJP5jwMhSivRcqie2n	Adam Levine	['deep talent show']	[2021]	1	1
2HF8HsgNAxZ86UL9hHxHXK	Zone 75	[]	[2021]	1	0
2y0rKdluY49WsqMwPeGUQJ	Ridfa	[]	[2021]	1	0
2n2jly4e9kmWEHSX8N0XUa	Ambiance Skandal	[]	[2021]	1	0
1Y8cdNmUJH7yBTd9yOvr5i	Destiny's Child	['dance pop', 'girl group', 'pop', 'r&b', 'urban contemporary']	[2020, 2021]	1	0
0BqLWGc4GaK6N0TmmuvNM3	Makiavel	[]	[2021]	1	1
7IdPj7aq5zPFCilGugEcFM	TAZZ	[]	[2021]	1	1
3uyW7Oy9MF5fQsIcZNdG3m	Kelle	['deep liquid bass', 'progressive breaks']	[2021]	1	1
20wkVLutqVOYrc0kxFs7rA	Daniel Caesar	['canadian contemporary r&b']	[2021]	1	1
3ZhghnUvI4RcRppIVrz3yX	Ali	[]	[2021]	1	1
7uMh23xWiuR7zsNkuNcm2G	MNEK	['house', 'pop dance', 'uk contemporary r&b', 'uk dance', 'uk pop']	[2020, 2021]	1	1
4X9woxeEYqORqwfbRFeJF1	DH	[]	[2021]	1	1
1gnUCka0P69qoZleGvz46F	BimBim	[]	[2021]	1	1
50OApTJurDusIo9dGTqSU4	Lilly Wood and The Prick	['french indie pop', 'french rock']	[2021]	1	1
0FEJqmeLRzsXj8hgcZaAyB	Indila	['french pop']	[2021]	1	1
2ktpq7bp4m1quizyEmp4r1	A2h	['french hip hop', 'rap calme', 'rap conscient']	[2021, 2022]	1	0
1bufaOa1xsdvxGxeqQJtzW	Kim	['r&b francais']	[2021, 2022]	1	1
1Cd373x8qzC7SNUg5IToqp	BoyWithUke	['sad rap']	[2021, 2022]	1	0
2orsIwfNhcubub42sK74uP	Agis ou Rêve	[]	[2021]	1	1
63Fv85hJeVbJ83vz7OxvL8	$ouley	[]	[2021]	1	1
39DAWghKRMpF6aKbD3yZqU	AP du 113	[]	[2021]	1	1
70ygaPJzebQpSKtzbW2u93	I.K (TLF)	['french hip hop']	[2021]	1	1
5EVE6z3ubFK9bBI5ScIh4m	Nic	[]	[2021]	1	1
2Rpjau0nKWylwl1yu7q7mn	S.Téban	['rap marseille']	[2021]	1	1
6cK3NBO6uP7hh0oyuVELFl	Saweetie	['cali rap', 'trap queen']	[2021]	1	1
3L4wiBOSDLkJ18OISXZDA8	Barbara Pravi	['french pop', 'nouvelle chanson francaise']	[2021]	1	0
6vYIofTPb6utQIovHOFyG3	LE RISQUE	['rap francais']	[2021]	1	0
6IxN9Jvo31OWIvYHJAeZlJ	Oldpee	['rap francais']	[2021]	1	1
6Mi73JugAPIs069hJzI0rI	Jeune Loup	[]	[2020, 2021]	1	1
6neEhK0FxJha78nD9giAjW	Mike Shabb	['canadian hip hop', 'hip hop quebecois', 'rap montrealais']	[2020, 2021]	1	1
13GA8qxVLDZs0oh1zZ872C	GoldSkull	[]	[2021, 2022]	1	0
1W3FSF1BLpY3hlVIgvenLz	The-Dream	['dirty south rap', 'hip pop', 'r&b', 'southern hip hop', 'trap', 'urban contemporary']	[2021]	1	1
4weh37Aa0czKwkStKSKwIJ	Jeune Rex	[]	[2021]	1	1
7aQHK4EJHJY8qPxCNFbjeF	Daks	['albanian hip hop']	[2021]	1	1
3PtLf2PHMVSpFuEYyUBmCF	BAMBI	[]	[2021]	1	1
05jPthzyvBE9uC3kdKOMbb	Lebeey	['rap marseille']	[2021]	1	1
7b79bQFziJFedJb75k6hFt	Tion Wayne	['london rap', 'uk hip hop']	[2021]	1	1
3FoFW2AoUGRHBacC6i4x4p	Russ Millions	['melodic drill', 'uk drill']	[2021]	1	1
7m0BsF0t3K9WQFgKoPejfk	ArrDee	['uk hip hop']	[2021]	1	1
63ebc5zUpJ36aoTDQJHa9B	E1 (3x3)	[]	[2021]	1	1
2uIRmVaCVpHQjaVgph5clS	ZT (3x3)	[]	[2021]	1	1
4Dokdwa3WB7ilQ2c2qvIBL	Bugzy Malone	['grime', 'manchester hip hop', 'uk hip hop']	[2021]	1	1
5AiY4bxeXerLXx03JADdQv	Buni	['uk drill']	[2021]	1	1
4QSTyDpxsKmv3UfavVUImR	Darkoo	['afrobeats', 'afroswing', 'london rap', 'uk hip hop']	[2021]	1	1
3eVa5w3URK5duf6eyVDbu9	ROSÉ	['k-pop']	[2021]	1	0
7tauqq4m9yTjOSAed9kHux	Waïv	['rap francais']	[2021]	1	0
45oFvHE9QZYC1vn5pVCDlu	Ya Levis	['r&b francais']	[2021]	1	1
3nul4CdUXaaA3QSHrduvtu	Esteban	['rap francais']	[2021]	1	0
1HwM5zlC5qNWhJtM00yXzG	DMX	['east coast hip hop', 'gangster rap', 'hardcore hip hop', 'hip hop', 'rap']	[2021]	1	0
3PlRvQnVE3XAbtHUNc4nic	GATTÜSO	['pop edm']	[2021]	1	1
09JJrjk6Mr5ZYwk1mk7aEb	Love Harder	[]	[2021]	1	1
31QkaxtrcSZdPAxHFjETBt	Darina Victry	[]	[2021]	1	0
3CJKkU0XuElRT1z8rEtIYg	Luciano	['german drill', 'german hip hop']	[2021]	1	1
12SPMb4VM4PyBD9no01jbH	Seven Binks	['rap francais']	[2021]	1	1
4cmRb0sfE6QnlINaOtn35M	Keusty	['rap francais']	[2021]	1	1
1NBrJG76XnhbuMEBxxXX7r	2zé	['rap francais']	[2021]	1	1
39gyweip0pXJpZM1AK18HO	Kaflo	['rap francais']	[2021]	1	1
22VOejB8RaATr9yhodu6U3	Chicaille Argenté	['rap francais']	[2021]	1	1
20qISvAhX20dpIbOOzGK3q	Nas	['conscious hip hop', 'east coast hip hop', 'gangster rap', 'hardcore hip hop', 'hip hop', 'queens hip hop', 'rap']	[2021]	1	1
0zOZ209J372r0c04wxh7Nc	Nene	[]	[2021]	1	1
6NelueKPe42FYoOFWkorw7	Ice 3x	[]	[2021]	1	1
35GL8Cu2GKTcHzKGi75xl5	Jennifer Hudson	['dance pop', 'r&b', 'urban contemporary']	[2020, 2021]	1	1
3iAhNz3e31lBuXYOsqGsf3	Unknown T	['uk hip hop']	[2021]	1	1
290nCNEce1y6rfoJiO2rK7	Pa Salieu	['afroswing', 'uk alternative hip hop', 'uk hip hop']	[2021]	1	1
4fb9YK111F75GD4zCDaSgU	Caesar	[]	[2021]	1	0
0ma6x71U7Js3MB2YXFucYE	GER	[]	[2021]	1	1
7C5LePLBOy25Ntthwm9mZg	Kilam Salman	[]	[2021]	1	1
6B535quc1yWnDhnBMCvosY	Mokobé	['afropop', 'coupe-decale']	[2021]	1	1
6XJmHR6Q8lIpjx2JukLaQo	Demon One	['french hip hop']	[2021]	1	1
2y8Jo9CKhJvtfeKOsYzRdT	Rod Stewart	['mellow gold', 'soft rock']	[2021]	1	1
56mfhUDKa1vec6rSLZV5Eg	Jawsh 685	['nz pop']	[2020, 2021]	1	1
6cNWiizYLCClZdnIvqU968	AriBeatz	[]	[2021]	1	1
4pnp4w9g30yLfVIAFnZMRd	ACRAZE	['pop dance', 'tech house']	[2021, 2022]	1	1
1c70yCa8sRgIiQxl3HOEFo	Cherish	['atl hip hop', 'girl group', 'hip pop', 'r&b', 'southern hip hop', 'urban contemporary']	[2021, 2022]	1	1
6ydoSd3N2mwgwBHtF6K7eX	Calum Scott	['pop']	[2021, 2022]	1	1
5ee4yhrWOxaxvL77BoVpVR	Lucky Luke	['lithuanian electronic']	[2020, 2021]	1	0
6QMABvTzixnxzsLYyhqRxI	Majestic	['uk dance']	[2021, 2022]	1	1
3f626JSVauIhTQgatsFcs4	Paul Williams	[]	[2021]	1	1
0TPlgv7eySSCChc2vKRIml	Ken Lane Singers	[]	[2020, 2021]	1	1
6N1W9mAlncCKbqBHgBR2bN	Hi_Tack	['slap house']	[2020, 2021]	1	1
7Bo6vpAmmhylCRWoHSBkcZ	Steff da Campo	['dutch house', 'electro house', 'pop edm']	[2020, 2021]	1	1
5oNgAs7j5XcBMzWv3HAnHG	DJ Drama	['dirty south rap', 'philly rap', 'southern hip hop', 'trap']	[2021]	1	1
7s3eCGNZMrwUQraXlocCBv	Bizzy Banks	['brooklyn drill', 'new york drill']	[2021]	1	1
6bmlMHgSheBauioMgKv2tn	Powfu	['sad lo-fi', 'sad rap']	[2020, 2021]	1	1
35l9BRT7MXmM8bv2WDQiyB	beabadoobee	['bedroom pop', 'bubblegrunge', 'indie pop', 'pov: indie']	[2020, 2021]	1	1
1r1Ugmy3z4r3lrsxurxBDx	Pidi	[]	[2021]	1	0
6jMwNySNrAokQ3Gv8opEP7	Tunisiano	['french hip hop', 'rap conscient']	[2021]	1	1
4UUv9SzL15YuB6epX0YGdy	Le 3ème Oeil	['french hip hop', 'old school rap francais', 'rap marseille']	[2021]	1	1
0qG2Tf6fJaCuWKGz1IitKa	Moriarty	['electro-pop francais', 'french indie folk', 'french indie pop', 'french rock', 'nouvelle chanson francaise', 'swiss rock']	[2021]	1	0
5VTWoYYizcOY3uIKnxeCGI	La Femme	['french indie pop', 'french indietronica', 'french psychedelic', 'french rock']	[2021, 2022]	1	0
6dn6x1XOng3LOAnfTjUn77	AJ Mitchell	['alt z', 'pop']	[2021]	1	1
27agYrHqpHeDP8mI0gtw7N	Pepito	['mexican electronic']	[2021]	1	1
4FeLiFUPdxVfFo8oOfA4BH	Rah Swish	['brooklyn drill', 'new york drill', 'nyc rap']	[2021]	1	1
57LYzLEk2LcFghVwuWbcuS	Summer Walker	['r&b']	[2021]	1	1
6VW5yoSvPzgjKcqgLkMBS9	Belek	[]	[2021]	1	1
3viiIGEp9jn0sKz4K0D6HT	DAVINHOR	[]	[2021]	1	1
468tlC6QAKEJ4u0jndX9o0	Vicky R	['gabonese pop', 'rap gabonais']	[2021]	1	1
67MIpliQaIhUN1WLSkYEqC	Le Juiice	['drill francais', 'trap antillais']	[2021]	1	1
1DcL22xdIWcdNa4ZHaXZjT	Bianca Costa	[]	[2021]	1	1
77YvCBWe0tTLygpgSJsdOH	Dhee	['filmi', 'tamil pop']	[2021]	1	1
7rVV9d6vc4FLT752uRuk71	Arivu	['desi hip hop', 'tamil pop']	[2021]	1	1
5FVBduYaeVBb6JIghza7v6	Santhosh Narayanan	['filmi', 'tamil pop']	[2021]	1	1
7r658wXpS8MsudskxZV70p	Tony La Famille	[]	[2021]	1	1
4XpY5A2DRpbeIK4UiRN8VJ	LIM	[]	[2021]	1	1
28YhgzqLjCrIQfKHgIQuBc	Hollis l'Infâme	[]	[2021]	1	1
0o0mqgQaUypSbHdemza1OZ	joker	[]	[2021]	1	1
5zy2rTFgI2cRiTaOg3gg7w	Carlito Brigante	[]	[2021]	1	1
2XpsF0ZQfBV08auUoRnNJE	Liim’s	['french hip hop', 'rap francais', 'rap ivoire']	[2021]	1	1
7GuUYiGZOzQwq4L6gAfy1T	SahBabii	['melodic rap', 'plugg']	[2021]	1	1
1PKErrAhYFdfrDymGHRQRo	Nathan Evans	[]	[2021]	1	1
4Euia7UzdRshy1DJOSMTcs	220 KID	['uk dance']	[2021]	1	1
76GOZCc1Fa0aXqh4edNsuw	Nina Rossell	[]	[2021]	1	0
2rxubOde1svVDYAVDy7PDS	Asdek	[]	[2021]	1	1
1h6Cn3P4NGzXbaXidqURXs	Swedish House Mafia	['edm', 'pop dance', 'progressive electro house']	[2021, 2022]	1	1
6BjpX5uBqh7LhDTzYqltSP	Tragik	[]	[2021]	1	1
3u4qXYRgHgU7YtjZt9sduX	Eyelar	['uk pop']	[2021, 2022]	1	1
40wOAwIIVBpAB6xPDsr3lk	Meryl	['pinoy city pop', 'pinoy rock']	[2021]	1	1
0lCzbSVa8RZoPsuDM9YBJS	Tiitof	['musique guadeloupe', 'rap antillais', 'rap francais', 'trap antillais']	[2021]	1	1
6amhIkFAweDp9aQ8FKQ606	Lossapardo	['bedroom soul']	[2021]	1	1
08Ld63UgKrJ0nZnCkzHtzc	Project Pat	['crunk', 'dirty south rap', 'gangster rap', 'memphis hip hop', 'trap']	[2021]	1	1
4wP1kxjUsc9IR4Iy2smL7o	Trinidad Cardona	['sped up']	[2021]	1	0
73BDzWqbf1grbgQ8xYn2ou	Ben Mazué	['french indie pop', 'french pop', 'nouvelle chanson francaise']	[2020, 2021]	1	0
7vIfh9cz4s4vKX8QWggX8a	Royce	['rap francais']	[2021]	1	0
4yvcSjfu4PC0CYQyLy4wSq	Glass Animals	['gauze pop', 'indietronica', 'modern rock', 'pov: indie', 'shiver pop']	[2021, 2022]	1	0
4mrBetqy378Jf1y6NLszlx	VINAI	['dutch house', 'edm', 'electro house', 'melbourne bounce international', 'pop dance', 'progressive electro house', 'slap house']	[2021]	1	1
2nwk9rtXu9sJ4sh8LLyDUE	Le Pedre	[]	[2021]	1	1
1gALaWbNDnwS2ECV09sn2A	Nightcrawlers	['disco house', 'hip house', 'uk dance', 'vocal house']	[2021, 2022]	1	1
4L2dV3zY7RmkeiNO035Fi0	Mufasa & Hypeman	[]	[2021, 2022]	1	1
3Edve4VIATi0OZngclQlkN	Dopamine	[]	[2021, 2022]	1	1
4s7lub6OTMblNwFn9wXClR	Maska	[]	[2021]	1	1
7CPznx8a1emLVLeCHGuJeN	Lord Esperanza	['french hip hop', 'rap calme']	[2021]	1	1
5EHFGV0DMEet7QHdx0M1D6	Jarod	['french hip hop', 'pop urbaine']	[2021]	1	1
7FY51cHgNXSQqeTBW9TTU4	Mazen	[]	[2021]	1	1
49CE2ffZ6Z3zeYSDauSKck	Tungevaag	['big room', 'nordic house']	[2021]	1	1
6KZDXtSj0SzGOV705nNeh3	Kid Ink	['pop rap', 'rap', 'southern hip hop', 'trap']	[2021]	1	1
0m2Wc2gfNUWaAuBK7URPIJ	Bono	['hollywood']	[2021]	1	1
1X8wFHJFucBUmBc7spQ4jP	The Edge	[]	[2021]	1	1
2vVtmqEXliBFxqCa3Juo5W	Niaks	[]	[2021]	1	1
2kVtWHg7vhLehbhWW0ZZhZ	Mino	['french hip hop']	[2021]	1	1
3e7awlrlDSwF3iM0WBjGMp	Little Mix	['girl group', 'pop', 'talent show', 'uk pop']	[2021]	1	1
3I2ayKNkuX0gqKPZDBnxNk	Dibson	['french hip hop', 'rap francais', 'rap marseille']	[2021]	1	1
4HewWf5SD3wXZnKiXHPXpE	DerK16	[]	[2021]	1	1
29OFoMngbkNzwla2kczgdu	Leila AD	['r&b francais']	[2021, 2022]	1	0
2u6jNcpusijFS6ZzuWRwMv	Moss Kena	['uk contemporary r&b']	[2021]	1	1
2x7EATekOPhFGRx3syMGEC	The Knocks	['alternative dance', 'indie poptimism', 'nu disco']	[2021]	1	1
716NhGYqD1jl2wI1Qkgq36	Bizarrap	['argentine hip hop', 'pop venezolano', 'trap argentino', 'trap latino', 'urbano latino']	[2021]	1	1
4to4YxynyuPI3QN6BFH9c3	Ziak	[]	[2021]	1	0
7lR8WBYvyK9iTHuv5HwUpe	Dr. Yaro & La Folie	[]	[2021]	1	1
1ER9LzsW1Innzy3TxS9rvj	Kenem	[]	[2021]	1	1
6PH3FLQAxtqYy46Zv08bpV	Ivan Cornejo	['sad sierreno']	[2021]	1	0
7GWvguZN6WpXDVaMDjg97v	pauldscrga	[]	[2021]	1	1
5OVwoZ9WDfQiyUkblkOGLe	Freeze Cee	[]	[2021]	1	1
6utdPEv71mR0DnGp74cJIz	Disney Characters	['movie tunes']	[2021]	1	0
1PbtWtrN7jZpd4toqxrjm2	Lagique	[]	[2021, 2022]	1	1
0g7hZVprd3orBpMrSLWeJ9	Florent Pagny	['chanson', 'french pop']	[2021]	1	1
5n7PIY3yS7npRtQuI5qgjF	KOYSINA	[]	[2021]	1	1
1Aa3gpwuQeWHXUkjCa6BrL	Fior 2 Bior	['rap ivoire']	[2021]	1	1
2HXioEvQuzCcNmRsImBTET	7 Jaws	['french hip hop', 'rap calme', 'rap francais']	[2021]	1	1
2eogQKWWoohI3BSnoG7E2U	Donna Summer	['adult standards', 'disco', 'hi-nrg', 'new wave pop', 'soft rock']	[2020, 2021]	1	1
49YbNTLaaAbZHLtDI2aPGL	Tesher	[]	[2021]	1	1
1WgXqy2Dd70QQOU7Ay074N	AURORA	['art pop', 'norwegian pop']	[2021]	1	0
6s9r9ym3OG9184srpEOLnE	YNS	[]	[2021]	1	1
0LkYHD7r1Vjp2rdjj8Iv0B	Dwen	['classic malaysian pop', 'rock kapak']	[2021]	1	1
2XnY6NZ6rENbLMYabjkRey	Toby Romeo	[]	[2021]	1	1
49T8i1paijMAK9rYtjO4lu	FAULHABER	[]	[2021]	1	1
1rAv1GhTQ2rmG94p9lU3rB	Julian Casablancas	['indie rock']	[2021]	1	1
19HFRWmRCl27kTk6LeqAO8	MORTEN	['danish electronic', 'scandipop']	[2020, 2021]	1	1
5lhCycgJCjQIMpWNk4DycY	Lanie Gardner	[]	[2020, 2021]	1	1
4FjcWWBsbgD3TAEf2jQuVv	667	[]	[2021]	1	1
43mlbNLGRuLXwqTE8G61JB	Lyonzon	['drill francais', 'rap francais', 'rap lyonnais']	[2021]	1	1
1XynjLPAyPi8SZAx8LHN0Z	Nuka	[]	[2020, 2021]	1	1
1KACqTzAfFkWFXYeooNglR	Sheïr	[]	[2021]	1	1
2xXRfyfJyIWe1IiDYJo82s	Kalash l'Afro	[]	[2021]	1	1
5DfaMudUwkoz6TAPYifqkJ	Naira Marley	['afrobeats', 'afroswing', 'nigerian pop']	[2021]	1	1
1UTPBmNbXNTittyMJrNkvw	Blake Shelton	['classic oklahoma country', 'contemporary country', 'country', 'country road']	[2021]	1	1
0wi4yTYlGtEnbGo4ltZTib	Shakin' Stevens	['classic uk pop', 'rockabilly']	[2021]	1	0
1qto4hHid1P71emI6Fd8xi	Aventura	['bachata', 'bachata dominicana', 'latin hip hop', 'latin pop', 'tropical', 'urbano latino']	[2021]	1	1
5FxshnB3eJ2YDn8xN8zDKq	Hannah Kerr	['anthem worship', 'ccm']	[2020, 2021]	1	0
2UhQHcRXyVTc6IO0bFIRh3	DJ Abdel	['rap marseille']	[2021]	1	1
0zz7GJ7SZyi4XV3TJsg3YN	BCBC	[]	[2021]	1	0
33ScadVnbm2X8kkUqOkC6Z	Don Omar	['latin hip hop', 'puerto rican pop', 'reggaeton', 'trap latino', 'urbano latino']	[2021, 2022]	1	1
4bDcCV0zjPsVs2GxtduYry	Roshi	['cloud rap francais', 'french hip hop', 'rap francais']	[2021]	1	1
1IwYT0LssMMf3aprn3pRzv	Rapi Sati	['rap francais']	[2021]	1	1
71Bgo1oXXjziCvBJ5PTSyN	Sanchez	[]	[2021]	1	1
6PhGYPTxb1mdr5dEUAEKtF	SD	[]	[2021]	1	1
2B9mZRXoSdtejJqlhlQ6dW	Jackmaboy	[]	[2021]	1	1
43JIL6KBYRdhGuLfZO8lYC	Sale Epoque	[]	[2021]	1	1
5KbznS5SUZOb7skpdIO9J6	Elia	['french pop']	[2021]	1	1
0UZC7t3vSDnEmy2g7yHT2M	Big Ben	[]	[2021]	1	1
0LcJLqbBmaGUft1e9Mm8HV	ABBA	['europop', 'swedish pop']	[2021, 2022]	1	0
2QMCcKIPHnjQaPPgoEst88	Matisse & Sadko	['dutch house', 'edm', 'electro house', 'pop dance', 'progressive electro house', 'progressive house', 'russian edm', 'sky room']	[2022]	1	1
2auikkNYqigWStoHWK1Grq	John Martin	['pop edm']	[2022]	1	1
7qiBanyVS8KeQKnlaensuX	Kaki Santana 667	[]	[2022]	1	1
4u3TXX9deH83yOdIGyuLvm	IVANN	['dancehall mauricien', 'rap ivoire']	[2022]	1	1
22wbnEMDvgVIAGdFeek6ET	Benson Boone	['singer-songwriter pop']	[2022]	1	0
4TWOviIGJMWH79dyovGkaX	Goya Menor	[]	[2022]	1	1
4n7aqhk0RIdeWKkBxvhN72	Nektunez	[]	[2022]	1	1
6I4Y1OpnBcs0srZPVBGAxO	Noémie	[]	[2022]	1	1
6tbjWDEIzxoDsBA1FuhfPW	Madonna	['dance pop', 'pop']	[2022]	1	1
3NR7hAacOhmcztWvD7vJfS	Sickick	['bass trap']	[2022]	1	1
37czgDRfGMvgRiUKHvnnhj	Öwnboss	['brazilian edm']	[2022]	1	1
0aOIluXr131XqrXFwFCFGT	Sevek	[]	[2022]	1	1
3mTLkUsH6xz7b0UjcNcVsN	Driks	['r&b francais']	[2022]	1	1
6k68jYvlUy3CXOwhG1NDBL	Manau	['rap conscient']	[2022]	1	0
3y24n3XhZ96wgwRXjvS17T	Coolio	['g funk', 'gangster rap', 'hip hop', 'west coast rap']	[2022]	1	1
2LhsePRtgCo4THVKULQBL7	L.V.	[]	[2022]	1	1
61bQ4nwIioR8w6PGxzpyY3	Rondodasosa	['drill italiana', 'italian hip hop', 'trap italiana']	[2022]	1	1
3LvwPiJQJ0da0GurKMToV0	Baby Gang	['trap italiana']	[2022]	1	1
3TTq94wgOIj0skk2wT8bnb	A2 Anti	[]	[2022]	1	1
22dFwJoRBV51ue5TGnC7Dt	Beny Jr	['drill espanol']	[2022]	1	1
6dlzQ6fiPna40trq1Ek6cb	1da Banton	['afrobeats', 'nigerian pop']	[2022]	1	0
0oXTS2yHUnuji1R7kc9J9a	Pascal Letoublon	[]	[2022]	1	1
2NpPlwwDVYR5dIj0F31EcC	Leony	[]	[2022]	1	1
2W8yFh0Ga6Yf3jiayVxwkE	Dove Cameron	['pop']	[2022]	1	0
0rBAjYzMBBP3u4LZLc1qwF	Afro S	['drill francais']	[2022]	1	1
67lytN32YpUxiSeWlKfHJ3	Yung Lean	['cloud rap', 'psychedelic hip hop', 'underground hip hop']	[2022]	1	0
6SWyMvHN1YLZ95qwbKf26N	Norsacce Berlusconi	['cloud rap francais', 'drill francais', 'french hip hop', 'rap francais']	[2022]	1	1
6HaGTQPmzraVmaVxvz6EUc	Jung Kook	['k-pop']	[2022]	1	0
6379rD5bSEwInazkKhZ9DM	Diam's	['french hip hop', 'french pop']	[2022]	1	0
2NRdZaTYZk1CexnDSlnxZU	MadeInParis	['cloud rap francais', 'r&b francais']	[2022]	1	0
2XPubAfAxgg0KglkTSUtqR	D0wzy	[]	[2022]	1	0
75VKfyoBlkmrJFDqo1o2VY	Fireboy DML	['afrobeats', 'nigerian pop']	[2022]	1	1
04uu8U3I1h26Fp2NBkPTRZ	Sam Tompkins	['singer-songwriter pop']	[2022]	1	1
3ZZZzt75IwYr287gQ161CA	Sirine Jne	[]	[2022]	1	0
0KoZYmcvOpzgV0xJHmBTsH	poofi.	['slowed and reverb']	[2022]	1	0
73Ifh3j4V2PI6R5JNkcIyz	robdbloc	[]	[2022]	1	1
77SW9BnxLY8rJ0RciFqkHh	The Neighbourhood	['modern alternative rock', 'modern rock', 'pop', 'pov: indie']	[2022]	1	0
7iXdTXVgCMV5v1c8DFAUoz	Siaka	[]	[2022]	1	0
2PVg2kfkw7jNNVfy6ouB3H	Kpri	['rap francais', 'rap lyonnais']	[2022]	1	1
1cYA2rnKwpVYe9iVH3Djjm	Yuzmv	['cloud rap francais', 'rap calme']	[2020]	1	0
3nmaO18tcMzfrrR7sdJHnH	Drenchill	['pop edm']	[2020]	1	1
6oHCxanXnGoT4ntOtXwsWX	Indiiana	[]	[2020]	1	1
6JWt9UA0Ir3CSdPbkBp3ni	Jaekers	[]	[2020]	1	1
3JudvZnY94AkCzfAVXzawN	Slimka	['french hip hop', 'rap calme', 'rap francais', 'swiss hip hop']	[2020]	1	1
7t51dSX8ZkKC7VoKRd0lME	Asaf Avidan	['israeli pop', 'israeli rock']	[2020]	1	1
5abaNg0SJPEF7EST0RjY9F	The Mojos	[]	[2020]	1	1
01e2lCvLZ4fLUIRy68nptH	Wankelmut	['deep euro house']	[2020]	1	1
3IeSFkhDr7xORkX3ZZDmLe	Sid les 3 Élements	[]	[2020]	1	1
5k7czLtvpvADY4FkRnTS4p	Joanna	['rennes indie']	[2020]	1	1
7LvoDJUNGnOrPdGRzVtOJ9	Young M.A	['alternative r&b', 'lgbtq+ hip hop', 'nyc rap', 'rap', 'trap']	[2020]	1	1
7m3gqqtxB5FGXBFmOkR8Sf	Ratu$	[]	[2020]	1	0
1OCpqnXexjxrakYtmur3rN	Les Enfoirés	['chanson', 'french pop', 'variete francaise']	[2020]	1	0
0Ywu6gzkvUaX4ytI5cMXQc	T Garcia	[]	[2020]	1	1
1PpMfsOyfZ3nmcSoiIohpC	DJ Assad	['sega mauricien']	[2020]	1	1
3iuDJzaIhy7gDPgmUW2ujw	Fumaratto	['guaracha']	[2020]	1	1
29sSh43yox3SqzghBzwn7x	Pirate	[]	[2020]	1	1
4cdyqaBREB68H77QKCrKP1	Dubdogz	['brazilian bass', 'brazilian edm']	[2020]	1	1
6kT18gnkVrCz8xJQcrib7L	Bhaskar	['brazilian bass', 'brazilian edm', 'brazilian house']	[2020]	1	1
2UyyBkpzN5w3hzZBZGvRZb	Sosa Geek	['brooklyn drill']	[2020]	1	1
23TFHmajVfBtlRx5MXqgoz	Sfera Ebbasta	['italian hip hop', 'italian pop', 'trap italiana', 'trap latino']	[2020]	1	1
3ZPf9DXqQj6oGWH4YzGQJs	McFly et Carlito	[]	[2020]	1	1
6162ZDzd0LT28Lxdj52jjK	Sheldon	['cloud rap francais', 'french hip hop', 'rap calme']	[2020]	1	1
31kG0JypoJkfxkNJAzVOEr	Despo Rutti	['french hip hop']	[2020]	1	1
5r3fI2q1YU3QyVP7oncOQ9	The Plug	['uk hip hop']	[2020]	1	1
0f2YkMXwFNJNSX7MymevKE	Kaash Paige	[]	[2020]	1	1
3lH3FnDy0T0LLWvSkoNuaW	Tifyala	[]	[2020]	1	1
5zCmBgFR64hthpLgfXCRKS	DJ Vielo	['kuduro antigo']	[2020]	1	1
6CGUfsC2BOVPfN5rgO8gqO	Maxtrips	[]	[2020]	1	1
1zuJe6b1roixEKMOtyrEak	Tina Turner	['soft rock']	[2020]	1	1
4imxqng3RrOBmykL2DhIJC	Ms Banks	['uk hip hop']	[2020]	1	1
58gEwrkV31Abu5PQvSPgh2	VEUST	[]	[2020]	1	1
0FsniWxk7B9Y5rOYxRrqiL	CRISPIE	[]	[2020]	1	1
6mzs66iVW15C5iLt0JLt41	ILIRA	['albanian pop']	[2020]	1	1
1UO1cbbuWgtO2j5rZz5dXi	Charles Bdl	[]	[2020]	1	0
5wyWp867LWGjFmYZXVSFnZ	MERO	['german hip hop']	[2020]	1	1
3qgMGg3EPBxUtdPOGAUKJF	MOH	[]	[2020]	1	1
5wQ8DuXAlRz7HtLTjWnUyY	Kazzey	[]	[2020]	1	1
72HNCRVjK93J4ZnCY8rb1q	D.T.E	[]	[2020]	1	1
3AXI2Qfty5IVrmtQzi8weo	MOKABY	[]	[2020]	1	1
4ETSs924pXMzjIeD6E9b4u	Surfaces	['bedroom soul']	[2020]	1	0
40fhusTxvAWqq7xKB2rlgf	Ghetto Phénomène	['french hip hop', 'pop urbaine', 'rap marseille']	[2020]	1	1
7qd6KGoABHifvXKeFNe2Yb	Wolftyla	['trap queen']	[2020]	1	1
1o2NpYGqHiCq7FoiYdyd1x	Bea Miller	['alt z', 'pop', 'talent show']	[2020]	1	1
6DKlRpgErYO933QVNX2kTZ	CDL	[]	[2020]	1	1
1KL3jbTGkubeygKwuztNTO	jaekers	[]	[2020]	1	1
7bmYpVgQub656uNTu6qGNQ	Hwa Sa	['k-pop', 'korean talent show']	[2020]	1	1
3dARbB5oGnzJMklK69pwxh	Lestin	['cloud rap francais']	[2020]	1	1
2TM7WyJwjfD5wKyX9OtIWJ	Zed Yun Pavarotti	['cloud rap francais', 'french hip hop']	[2020]	1	1
0Vkl3i0zR0rly81mFVN0WY	Kaki Santana	[]	[2020]	1	1
4Uc8Dsxct0oMqx0P6i60ea	Conan Gray	['bedroom pop', 'pop', 'pov: indie']	[2020]	1	0
2fAaFNSG0aQucjQigOtHZF	Tibz	['french pop', 'pop quebecois']	[2020]	1	0
6P5NO5hzJbuOqSdyPB7SJM	Ashe	['alt z']	[2020]	1	0
1igVsxmGxt1VTKPulM0EuA	Jungleboi	[]	[2020]	1	1
73LjFn4z6WTV7MevyPxrRc	Idir	['kabyle']	[2020]	1	0
63yrD80RY3RNEM2YDpUpO8	Melanie Martinez	['alt z', 'electropop', 'pop']	[2020]	1	0
3bYcjbVAN3rAuU3TMzw2mB	Marcus Mumford	['british singer-songwriter']	[2020]	1	1
5mFB6GbLqx5u0QuZPay1rQ	Toma	[]	[2020]	1	0
0QBTemwybcZtXq7ikoM0wR	Osen	[]	[2020]	1	1
0a3yBT4F09K3h2pjnkT5TY	Baha	[]	[2020]	1	1
71jSVPQ6yskfyvWeiwvT5s	S1mba	['afroswing']	[2020]	1	1
6kZWqUZqptyxb8Ki5DyBAg	DTG	['afroswing']	[2020]	1	1
3A08xhQd902eJmnI5U0bJe	Hugo Nogam	['variete francaise']	[2020]	1	1
0bTFRh9GhAq7FOQr3VVNFa	Tigers	[]	[2020]	1	1
2Kx7MNY7cI1ENniW7vT30N	Norah Jones	['contemporary vocal jazz', 'jazz pop', 'vocal jazz']	[2020]	1	0
5yPzzu25VzEk8qrGTLIrE1	Young Nudy	['pluggnb', 'rap', 'trap']	[2020]	1	1
41I5xI04kixwmonDBl0Sda	King Combs	['cali rap']	[2020]	1	1
7K80yOTC0Id95gRaOxDG5u	ANNA	['italian hip hop', 'italian pop']	[2020]	1	1
3MUcTGmdb4on8WHhIhPkzK	KOHH	['j-rap', 'japanese trap']	[2020]	1	1
3D0iSRzYCBw6FkAKrd5Itz	DJ Vens-T	[]	[2020]	1	1
0NbfKEOTQCcwd6o7wSDOHI	The Game	['gangster rap', 'hip hop', 'pop rap', 'rap', 'southern hip hop', 'trap']	[2020]	1	1
59wfkuBoNyhDMQGCljbUbA	Diddy	['dance pop', 'east coast hip hop', 'hip hop', 'hip pop', 'pop rap', 'rap']	[2020]	1	1
0YWxKQj2Go9CGHCp77UOyy	Fabolous	['gangster rap', 'hip hop', 'pop rap', 'rap', 'trap', 'urban contemporary']	[2020]	1	1
67nwj3Y5sZQLl72VNUHEYE	Wale	['pop rap', 'r&b', 'rap', 'southern hip hop', 'trap']	[2020]	1	1
6Ha4aES39QiVjR0L2lwuwq	Yo Gotti	['dirty south rap', 'gangster rap', 'memphis hip hop', 'rap', 'southern hip hop', 'tennessee hip hop', 'trap']	[2020]	1	1
6X8WdFjrNhXATMDSs26aCc	Curren$y	['dirty south rap', 'new orleans rap', 'rap', 'southern hip hop']	[2020]	1	1
0399oiMcmbOzzsYQDNYqxn	Problem	['hyphy', 'trap', 'west coast trap']	[2020]	1	1
34nVLWMJTjaMh2aSMOQHei	King Pharaoh	[]	[2020]	1	1
1lEXbUjKjHQ7uc9jFfEViJ	TGT	['pop r&b']	[2020]	1	1
7MPGCB854Qo4alYMOPkBka	Ritt Momney	['bedroom pop']	[2020]	1	0
5pDjmC5mRl7vDJhsjVwNfk	Freya Ridings	['uk pop']	[2020]	1	0
4BQ270TSFs3hT6z2VMFW0A	Kliffzivziv	[]	[2020]	1	1
2pCzfmIPJjOCcEfsOqSCFO	Et demain ? Le collectif	[]	[2020]	1	0
6fs2or0cKLEM2xohWq8SoX	Lexie Liu	['chinese electropop']	[2020]	1	1
0tRFWXqKBBQcu5oFVOgVzX	Jaira Burns	['alt z']	[2020]	1	1
4TqlcgMFDryY96KWcvrhTv	Seraphine	[]	[2020]	1	1
27v1dhzRj1eJfL9z9PJAF7	UZI	[]	[2020]	1	0
1lmU3giNF3CSbkVSQmLpHQ	Surf Mesa	[]	[2020]	1	1
4ArPQ1Opcksbbf3CPwEjWE	Emilee	['social media pop']	[2020]	1	1
2BLicRE8Fcc5L2qthULtMi	26keuss	['drill francais', 'rap francais']	[2020]	1	1
5st5oWYrwjzy2o2egPE4cD	Roi Heenok	[]	[2020]	1	1
5yy76ufVriyvidNSvXlRU1	Clever	['alabama rap']	[2020]	1	1
3El6ZDjytVLp8zNRcd5quU	Jevo	[]	[2020]	1	0
6pg4S5KTCPiEBp0rSWsaI6	HMZ	[]	[2020]	1	1
0UcXjTpzt0DmIwPSNwlJfF	jetsonmade	[]	[2020]	1	1
5rtvBFj4IeWDwKjf9cmeKv	GS	['rap francais', 'rap liegeois']	[2020]	1	0
6uz6yX6ZXG4XWprCf3ukx2	Smily	['rap francais']	[2020]	1	0
4N21eoQ3ZV0yJ7AXpCORxr	Many	[]	[2020]	1	1
4xcDVatLFh6qlcm41er3LV	Jerome	['german house']	[2020]	1	0
22I8wvU1Zw6EMiOt4W98BN	Arma Jackson	['rap calme']	[2020]	1	1
5zctI4wO9XSKS8XwcnqEHk	Lil Mosey	['melodic rap', 'rap conscient']	[2020]	1	0
2x75QYHxdSfn3aPchQkJGc	Lola Dubini	['french pop', 'nouvelle chanson francaise']	[2020]	1	1
0daugAjUgbJSqdlyYNwIbT	Vicetone	['edm', 'electro house', 'pop dance', 'progressive electro house']	[2020]	1	1
2jpQ0ywffgVHhZFQNWaWYW	Tony Igy	['russian dance']	[2020]	1	1
7vPGzgDg3qGUY5bWtrO3K4	Conkarah	['jawaiian']	[2020]	1	1
2fZcYu4ltOFdwsnDmLQ9jl	DJ Fle	[]	[2020]	1	1
79KQgTCu4wV38ECYKn62DZ	White Gold	[]	[2020]	1	1
0rq5wppHKGTFcdl8da5ODZ	Philip	['trap italiana']	[2020]	1	1
3i2AdhSP4YeSYY1m5JoUnK	Boumidjal X	[]	[2020]	1	1
5XmuuM2C6t4HSPa3FSuU3h	WanMor	[]	[2020]	1	1
0B16gtJEQOLORvSceEnCHw	Zoupouti	[]	[2020]	1	1
43iw2eN2eQhF9GaouZCn1Q	Laskiiz	['rap francais', 'trap antillais']	[2020]	1	1
0Cp8WN4V8Tu4QJQwCN5Md4	BENEE	['alt z', 'nz pop']	[2020]	1	1
6sHCvZe1PHrOAuYlwTLNH4	Gus Dapperton	['bedroom pop', 'indie poptimism', 'pov: indie']	[2020]	1	1
0EAVIRUT3nJud6xWp5G5P7	Gold Gee	[]	[2020]	1	0
2I1RlqUoxGwDGGe5WuyCPQ	Black Jack OBS	[]	[2020]	1	1
3ADyFy1orEwODaiHmRRMQp	Puri	['basshall']	[2020]	1	1
3aAX2y0amckZ7WcWoz2f2o	Jhorrmountain	['dutch hip hop']	[2020]	1	1
6DJEUXZm0e2rAohdoZ5Voo	Black Thought	['alternative hip hop', 'east coast hip hop']	[2020]	1	1
3ZotbHeyVQKxQCPDJuQ4SU	Q-Tip	['east coast hip hop', 'queens hip hop']	[2020]	1	1
1WjexdTcXHgvlVIPCE8D1Q	Denaun	[]	[2020]	1	1
56TcJqB76cq4s1VRKbv7zE	Turner & Mustang	[]	[2020]	1	1
34dSaKok3USBivMGTmIlXx	PSO THUG	['french hip hop', 'pop urbaine', 'rap francais']	[2020]	1	1
1FKTAIugYf3uk8WV3qrJfz	Aboudou	[]	[2020]	1	1
05YVYeV4HxYp5rrWalvuE1	Grover Washington, Jr.	[]	[2020]	1	1
4GX8GiNapWXpjX4e1oz4m6	Aociz	[]	[2020]	1	0
2dpE5iOVyp0bLTb7a15gkG	La F	['drill francais', 'rap francais']	[2020]	1	1
365Q4cNnnlsQErzPsUzyXY	HUMAN(X)	[]	[2020]	1	1
2bxxlINUlcMQQb39K7IopR	Abraham Mateo	['latin arena pop', 'latin pop', 'latin viral pop', 'reggaeton', 'spanish pop']	[2020]	1	1
3EiLUeyEcA6fbRPSHkG5kb	De La Ghetto	['reggaeton', 'reggaeton flow', 'trap latino', 'urbano latino']	[2020]	1	1
0tmwSHipWxN12fsoLcFU3B	Manuel Turizo	['colombian pop', 'reggaeton', 'reggaeton colombiano', 'trap latino', 'urbano latino']	[2020]	1	1
1GAymyGBvB4gQy5Z5LZ1Wj	Lalo Ebratt	['colombian hip hop', 'reggaeton', 'reggaeton colombiano', 'trap latino', 'urbano latino']	[2020]	1	1
23wEWD21D4TPYiJugoXmYb	Thalia	['latin pop', 'mexican pop']	[2020]	1	1
5JgXTMSdyip0gjM6PDAtCu	Simone & Jean-Marc	[]	[2020]	1	1
1nLQWXXs7ZauI4SC6rUFPV	Innoss'B	['azontobeats', 'musique urbaine kinshasa', 'ndombolo']	[2020]	1	1
2TWBei99x2tV70bdYbWdAf	Dayvi	['circuit', 'guaracha']	[2020]	1	1
00CMSJdbf36zOzKB3z8JrR	Victor Cardenas	[]	[2020]	1	1
0cCNT5RyWndpS7Zx7ISEDw	Kelly Ruíz	['guaracha']	[2020]	1	1
5SE2sfwTpxL2vXRdG6H5PM	Cerrone	['hi-nrg', 'vintage french electronic']	[2020]	1	1
5BFRb5VWKyqKdUkJgnJ0YJ	BES	[]	[2020]	1	0
4NHQUGzhtTLFvgF5SZesLK	Tove Lo	['metropopolis', 'pop', 'swedish electropop', 'swedish pop', 'swedish synthpop']	[2020]	1	1
1po2usUvDtjw2UVI2bnV1h	Rafal	[]	[2020]	1	0
2PaZWGu5T5nHjY2xxAkFsT	THE SCOTTS	['viral rap']	[2020]	1	1
5nhEjEsBxraFtoLAXlGmzd	Kliff	[]	[2020]	1	1
3BirXmy3kNcWZZkbpjeP2C	Kara	['polish hip hop']	[2020]	1	1
1hNaHKp2Za5YdOAG0WnRbc	Tiwa Savage	['afrobeats', 'afropop', 'azonto', 'azontobeats', 'nigerian pop']	[2020]	1	1
