artist_id	name	genres	years_on_charts	num_hits	num_collab_hits
06HL4z0CvFAxyc27GXpf02	Taylor Swift	['pop']	[2017, 2018, 2019, 2020, 2021, 2022]	140	24
3Nrfpe0tUJi4K4DXYWgMUX	BTS	['k-pop', 'k-pop boy group', 'pop']	[2017, 2018, 2019, 2020, 2021, 2022]	121	20
3TVXtAsR1Inumwj472S9r4	Drake	['canadian hip hop', 'canadian pop', 'hip hop', 'rap', 'toronto rap']	[2017, 2018, 2019, 2020, 2021]	102	50
66CXWjxzNUsdJxJ2JdwvnR	Ariana Grande	['pop']	[2017, 2018, 2019, 2020, 2021, 2022]	98	45
1uNFoZAHBGtllmzznpCI3s	Justin Bieber	['canadian pop', 'pop']	[2017, 2018, 2019, 2020, 2021, 2022]	84	55
6eUKZXaKkcviH0Ku9w2n3V	Ed Sheeran	['pop', 'singer-songwriter pop', 'uk pop']	[2017, 2018, 2019, 2020, 2021, 2022]	84	36
246dkjvS1zLTtiykXe5h60	Post Malone	['dfw rap', 'melodic rap', 'pop', 'rap']	[2017, 2018, 2019, 2020, 2021, 2022]	72	39
1Xyo4u8uXC1ZmMpatF05PJ	The Weeknd	['canadian contemporary r&b', 'canadian pop', 'pop']	[2017, 2018, 2019, 2020, 2021, 2022]	69	28
2QcZxAgcs2I1q7CtCkl6MI	Eason Chan	['c-pop', 'cantopop', 'mandopop']	[2017, 2018, 2019, 2020, 2021, 2022]	65	14
5JZ7CnR6gTvEMKX4g70Amv	Lauv	['pop']	[2017, 2018, 2019, 2020, 2021, 2022]	64	24
2MVfNjocvNrE03cQuxpsWK	Hins Cheung	['cantopop']	[2017, 2018, 2019, 2020, 2021, 2022]	62	2
69GGBxA162lTqCwzJG5jLp	The Chainsmokers	['electropop', 'pop']	[2017, 2018, 2019, 2020, 2021, 2022]	59	38
2g0QLUYku8AuPVK2udRV7i	Leslie Cheung	['c-pop', 'cantopop']	[2017, 2018, 2019, 2020, 2021, 2022]	54	3
6LuN9FCkKOj5PcnpouEgny	Khalid	['pop', 'pop r&b']	[2017, 2018, 2019, 2020, 2021]	54	36
0Y5tJX1MQlPlqiwlOH1tJY	Travis Scott	['hip hop', 'rap', 'slap house']	[2017, 2018, 2019, 2020, 2021]	51	34
2elBjNSdBE2Y3f0j1mjrql	Jay Chou	['c-pop', 'mandopop', 'taiwan pop', 'zhongguo feng']	[2017, 2018, 2019, 2020, 2021, 2022]	47	5
1HY2Jd0NmPuamShAr6KMms	Lady Gaga	['art pop', 'dance pop', 'pop']	[2017, 2018, 2019, 2020, 2021, 2022]	47	15
4MCBfE4596Uoi2O4DtmEMz	Juice WRLD	['chicago rap', 'melodic rap', 'rap']	[2018, 2019, 2020, 2021, 2022]	47	23
53XhwfbYqKCa1cC15pYq2q	Imagine Dragons	['modern rock', 'pop', 'rock']	[2017, 2018, 2019, 2021, 2022]	46	7
41MozSoPIsD1dJM0CLPjZF	BLACKPINK	['k-pop', 'k-pop girl group', 'pop']	[2017, 2018, 2019, 2020, 2021, 2022]	45	6
6qqNVTkY8uBg9cP3Jd7DAH	Billie Eilish	['art pop', 'electropop', 'pop']	[2018, 2019, 2020, 2021]	45	4
7n2wHs1TKAczGzO7Dd2rGr	Shawn Mendes	['canadian pop', 'pop', 'viral pop']	[2017, 2018, 2019, 2020, 2021, 2022]	44	11
4nDoRrQiYLoBzwC5BhVJzF	Camila Cabello	['dance pop', 'pop']	[2017, 2018, 2019, 2020, 2021, 2022]	44	20
3qNVuliS40BLgXGxhdBdqu	TAEYEON	['k-pop']	[2017, 2018, 2019, 2020, 2021, 2022]	44	1
2wY79sveU1sp5g7SokKOiI	Sam Smith	['pop', 'uk pop']	[2017, 2018, 2019, 2020, 2021]	43	7
6XyY86QOPPrYVGvF9ch6wz	Linkin Park	['alternative metal', 'nu metal', 'post-grunge', 'rap metal', 'rock']	[2017]	42	3
2zzKlxMsKTPMsZacZCPRNA	Joey Yung	['cantopop']	[2017, 2018, 2019, 2020, 2021]	41	3
1vCWHaC5f2uS3yhpwWbIA6	Avicii	['edm', 'pop', 'pop dance']	[2017, 2018, 2019, 2020]	40	23
04gDigrS5kc9YWfZHwBETP	Maroon 5	['pop']	[2017, 2018, 2019, 2020, 2021, 2022]	40	28
7n2Ycct7Beij7Dj7meI4X0	TWICE	['k-pop', 'k-pop girl group', 'pop']	[2017, 2018, 2019, 2020, 2021]	39	0
6M2wZ9GZgrQXHCFfjv46we	Dua Lipa	['dance pop', 'pop', 'uk pop']	[2017, 2018, 2019, 2020, 2021, 2022]	39	17
6VuMaDnrHyPL1p4EHjYLi7	Charlie Puth	['pop', 'viral pop']	[2017, 2018, 2019, 2020, 2021, 2022]	38	17
5K4W6rqBFWDnAN6FQUkS6x	Kanye West	['chicago rap', 'hip hop', 'rap']	[2017, 2018, 2019, 2020, 2021, 2022]	37	13
0hCNtLu0JehylgoiP8L4Gh	Nicki Minaj	['hip pop', 'pop', 'queens hip hop', 'rap']	[2017, 2018, 2019, 2020, 2022]	36	33
0du5cEVh5yTK9QJze8zA0C	Bruno Mars	['dance pop', 'pop']	[2017, 2018, 2019, 2020, 2021, 2022]	36	18
3HqSLMAZ3g3d5poNaI7GOU	IU	['k-pop', 'pop']	[2017, 2018, 2019, 2020, 2021, 2022]	36	7
64tJ2EAv1R6UaZqc4iOCyj	YOASOBI	['j-pop', 'japanese teen pop']	[2020, 2021, 2022]	36	3
7vk5e3vY1uw9plTHJAMwjN	Alan Walker	['electro house']	[2017, 2018, 2019, 2020, 2021, 2022]	35	28
1IDuSpntFl2Mutofvrrutc	Jason Chan	['cantopop']	[2017, 2018, 2019, 2020, 2021, 2022]	35	3
7dGJo4pcD2V6oG8kP0tJRR	Eminem	['detroit hip hop', 'hip hop', 'rap']	[2017, 2018, 2019, 2020, 2021]	35	21
6V1SwiosQqf5XvmoTMCGa9	Dear Jane	['cantopop']	[2017, 2018, 2019, 2020, 2021, 2022]	35	4
68gYAqni9tSrACmLCp4qoM	Janice Vidal	['cantopop']	[2017, 2018, 2019, 2020, 2021, 2022]	34	7
2YZyLoL8N0Wb9xBt1NhZWg	Kendrick Lamar	['conscious hip hop', 'hip hop', 'rap', 'west coast rap']	[2017, 2018, 2019, 2020, 2021]	32	19
0C8ZW7ezQVs4URX5aX7Kqx	Selena Gomez	['pop', 'post-teen pop']	[2017, 2018, 2019, 2020, 2021, 2022]	31	16
26VFTg2z8YR0cCuwLzESi2	Halsey	['electropop', 'etherpop', 'indie poptimism', 'pop']	[2017, 2018, 2019, 2020, 2021]	31	17
6YlGm6QDrC3TOknYcHjt62	Juno Mak	['cantopop']	[2017, 2018, 2019, 2020, 2021, 2022]	30	10
0UtXMxHMXhwQUI6G6TFDt1	Gin Lee	['cantopop', 'malaysian mandopop']	[2017, 2018, 2019, 2020, 2021, 2022]	30	4
0GCtLaB5rBjoUpQdXogZzj	Alfred Hui	['cantopop']	[2017, 2018, 2019, 2020, 2021, 2022]	29	3
1opXC6lrFxsiDks53X5d3Q	AGA	['cantopop']	[2017, 2018, 2019, 2020, 2021, 2022]	29	3
4kYSro6naA4h99UJvo89HB	Cardi B	['pop', 'rap']	[2017, 2018, 2019, 2020, 2021]	28	21
6XtWdWAC7rNqXwbs8hGqP9	Kay Tse	['cantopop']	[2017, 2018, 2019, 2020, 2021, 2022]	28	8
3WGpXCj9YhhfX11TToZcXP	Troye Sivan	['australian pop', 'pop', 'viral pop']	[2017, 2018, 2019, 2020, 2021]	28	12
7tYKF4w9nC0nq9CsPZTHyP	SZA	['pop', 'r&b', 'rap']	[2017, 2018, 2019, 2020, 2021, 2022]	28	26
0u3m5Sy2zsq4Gk0aduH9s7	Serrini	['cantopop', 'hk-pop', 'hong kong indie']	[2020, 2021, 2022]	28	5
7aRC4L63dBn3CiLDuWaLSI	G.E.M.	['mandopop']	[2017, 2018, 2019, 2020, 2021, 2022]	27	1
0ZED1XzwlLHW4ZaG4lOT6m	Julia Michaels	['pop']	[2017, 2018, 2019, 2020, 2021]	26	16
3tvtGR8HzMHDbkLeZrFiBI	Terence Lam	['cantopop']	[2019, 2020, 2021, 2022]	26	3
64M6ah0SkkRsnPGtGiRAbb	Bebe Rexha	['dance pop', 'pop']	[2017, 2018, 2019, 2020, 2021]	25	17
5WUlDfRSoLAfcVSX1WnrxN	Sia	['australian dance', 'australian pop', 'pop']	[2017, 2018, 2019, 2020, 2021]	25	11
4dpARuHxo51G3z768sgnrY	Adele	['british soul', 'pop', 'pop soul', 'uk pop']	[2017, 2018, 2019, 2021, 2022]	25	0
7Dx7RhX0mFuXhCOUgB01uM	JJ Lin	['mandopop', 'singaporean mandopop', 'singaporean pop']	[2017, 2018, 2019, 2020, 2021]	24	5
7CajNmpbOovFoOoasH2HaY	Calvin Harris	['dance pop', 'edm', 'electro house', 'house', 'pop', 'progressive house', 'uk dance']	[2017, 2018, 2019, 2020, 2021]	24	23
1zNqDE7qDGCsyzJwohVaoX	Anne-Marie	['pop']	[2017, 2018, 2019, 2020, 2021]	24	19
64KEffDW9EtZ1y2vBYgq8T	Marshmello	['brostep', 'edm', 'pop', 'progressive electro house']	[2017, 2018, 2019, 2020, 2021]	24	24
23fqKkggKUBHNkbKtXEls4	Kygo	['edm', 'pop', 'pop dance', 'tropical house']	[2017, 2018, 2019, 2020]	23	23
7uzBKhYbCKBs53kDrO4Suc	RubberBand	['hong kong rock']	[2017, 2018, 2019, 2020, 2021, 2022]	23	0
16s0YTFcyjP4kgFwt7ktrY	Mayday	['mandopop', 'taiwan pop']	[2017, 2018, 2019, 2020, 2021]	23	1
3eMchOXfWkF7H7z3z8dGrf	HANA	['cantopop']	[2017, 2018, 2019, 2020, 2021]	23	2
38t0Qk7AJg7YdrXmOC6TH1	Pakho Chau	['cantopop']	[2017, 2018, 2019, 2020, 2021]	22	5
5cj0lLjcoR7YOSnhnX0Po5	Doja Cat	['dance pop', 'pop']	[2020, 2021, 2022]	22	15
7jVv8c5Fj3E9VhNjxT4snq	Lil Nas X	['lgbtq+ hip hop']	[2019, 2020, 2021, 2022]	22	10
5YsDFZYpkNgiIxfDW6rXlu	JW	['cantopop']	[2017, 2018, 2019, 2020, 2021]	21	3
4gzpq5DPGxSnKTe4SA8HAU	Coldplay	['permanent wave', 'pop']	[2017, 2018, 2019, 2020, 2021, 2022]	21	7
60d24wfXkVzDSfLS6hyCjZ	Martin Garrix	['dutch edm', 'edm', 'pop', 'pop dance', 'progressive house']	[2017, 2018, 2019, 2020, 2021]	21	20
6S2OmqARrzebs0tKUEyXyp	Demi Lovato	['pop', 'post-teen pop']	[2017, 2018, 2019, 2020, 2021]	21	9
0OZ5IlVdYIK1Et3nW6aTO5	Hubert Wu	['cantopop']	[2017, 2018, 2019, 2020, 2021, 2022]	21	2
3yfDRplDZh03Y0fEeCd6B0	my little airport	['chinese indie', 'chinese indie rock', 'hong kong indie', 'hong kong rock', 'twee pop']	[2020, 2021]	21	0
1Cs0zKBU1kc0i8ypK3B9ai	David Guetta	['big room', 'dance pop', 'edm', 'pop', 'pop dance']	[2017, 2018, 2019, 2021]	20	19
1zNqQNIdeOUZHb8zbZRFMX	Swae Lee	['melodic rap', 'rap', 'trap']	[2017, 2018, 2019, 2020, 2021, 2022]	20	20
2pYLo2RugZpdhYRub5nKcV	Phil Lam	['cantopop']	[2017, 2018, 2019, 2020, 2021]	20	1
5ZsFI1h6hIdQRw2ti0hz81	ZAYN	['pop', 'uk pop']	[2017, 2018, 2019, 2020, 2021]	20	9
1RyvyyTE3xzB2ZywiAwp0i	Future	['atl hip hop', 'hip hop', 'rap', 'southern hip hop', 'trap']	[2017, 2018, 2019, 2020, 2021, 2022]	20	19
00FQb4jTyendYWaN8pK0wa	Lana Del Rey	['art pop', 'pop']	[2017, 2019, 2021]	20	10
5Rl15oVamLq7FbSb0NNBNy	5 Seconds of Summer	['boy band', 'pop']	[2018, 2019, 2020]	19	9
6jJ0s89eD6GaHleKKya26X	Katy Perry	['pop']	[2017, 2018, 2019, 2020, 2021, 2022]	19	10
7c0XG5cIJTrrAgEC3ULPiq	Ty Dolla $ign	['hip hop', 'pop rap', 'r&b', 'southern hip hop', 'trap', 'trap soul']	[2017, 2018, 2019, 2020, 2021]	19	19
1y4HuOPsPuo8bBIzk5CXsV	Joyce Cheng	['cantopop']	[2017, 2018, 2019, 2020, 2021, 2022]	19	4
15UsOTVnJzReFVN1VCnxy4	XXXTENTACION	['emo rap', 'miami hip hop']	[2017, 2018, 2019]	19	6
50co4Is1HCEo8bhOyUWKpn	Young Thug	['atl hip hop', 'atl trap', 'gangster rap', 'melodic rap', 'rap', 'trap']	[2017, 2018, 2019, 2020, 2021, 2022]	19	19
29Ukw6Kx8IyOABZFklKpaX	Supper Moment	['cantopop']	[2017, 2018, 2019, 2020, 2021]	18	1
1vyhD5VmyZ7KMfW5gqLgo5	J Balvin	['reggaeton', 'reggaeton colombiano', 'trap latino', 'urbano latino']	[2017, 2018, 2019, 2020]	18	18
4GvEc3ANtPPjt1ZJllr5Zl	Bazzi	['pop']	[2018, 2019, 2020]	18	2
7xinmBXv4DpvMvitZt2maL	Kayee Tam	['cantopop']	[2017, 2018, 2019, 2020, 2021]	18	3
5Pwc4xIPtQLFEnJriah9YJ	OneRepublic	['piano rock', 'pop']	[2017, 2018, 2019, 2020, 2021]	17	7
49tQo2QULno7gxHutgccqF	LANY	['la pop']	[2017, 2018, 2019, 2020, 2021]	17	5
1URnnhqYAYcrqrcwql10ft	21 Savage	['atl hip hop', 'hip hop', 'rap', 'trap']	[2017, 2018, 2019, 2020, 2021]	17	13
1HBjj22wzbscIZ9sEb5dyf	Jonas Blue	['pop', 'pop dance', 'tropical house', 'uk dance']	[2017, 2018, 2019]	17	17
2AfmfGFbe0A0WsTYm0SDTx	(G)I-DLE	['k-pop', 'k-pop girl group']	[2018, 2019, 2020, 2021]	17	3
4O15NlyKLIASxsJ0PrXPfz	Lil Uzi Vert	['melodic rap', 'philly rap', 'rage rap', 'rap', 'trap']	[2017, 2018, 2019, 2020, 2021]	17	9
757epCpvbpqyBoMMzbIC3g	JC 陳詠桐	['cantopop', 'mandopop']	[2017, 2018, 2019, 2020, 2021, 2022]	16	1
4VIvfOurcf0vuLRxLkGnIG	Bradley Cooper	['hollywood']	[2018, 2019, 2020, 2021, 2022]	16	9
6KImCVD70vtIoJWnq6nGn3	Harry Styles	['pop']	[2017, 2018, 2019, 2020, 2021]	16	0
6l3HvQ5sa6mXTsMTB19rO5	J. Cole	['conscious hip hop', 'hip hop', 'north carolina hip hop', 'rap']	[2018, 2019, 2020, 2021]	16	6
5r0xeBSRKRJ5Dm63XzTZhE	Endy Chow	['cantopop']	[2017, 2018, 2019, 2020, 2021, 2022]	15	4
4xRYI6VqpkE3UwrDrAZL8L	Logic	['conscious hip hop', 'hip hop', 'pop rap', 'rap']	[2017, 2018, 2019]	15	11
3XCnp5UV5wnNw49Xuka9qH	Sammi Cheng	['c-pop', 'cantopop']	[2018, 2019, 2020, 2021, 2022]	15	3
4Kxlr1PRlDKEB0ekOCyHgX	BIGBANG	['k-pop', 'k-pop boy group']	[2017, 2018]	15	0
1Hsdzj7Dlq2I7tHP7501T4	Niall Horan	['pop']	[2017, 2019, 2020, 2021]	15	3
2qxJFvFYMEDqd7ui6kSAcq	Zedd	['complextro', 'edm', 'german techno', 'pop', 'pop dance']	[2017, 2018, 2019, 2020]	14	14
6oMuImdp5ZcFhWP0ESe6mG	Migos	['atl hip hop', 'hip hop', 'rap', 'trap']	[2017, 2018, 2019, 2020]	14	10
55Aa2cqylxrFIXC767Z865	Lil Wayne	['hip hop', 'new orleans rap', 'pop rap', 'rap', 'trap']	[2017, 2018, 2020, 2021, 2022]	14	14
2fTmvcWWFIP66KlIvWlnlL	Mag Lam	['cantopop']	[2017, 2018, 2019, 2020, 2021, 2022]	14	1
729dP9xMzcc7pmcBmPtZWC	eason and the duo band	['cantopop']	[2018, 2019, 2020]	14	14
5YGY8feqx7naU7z4HrwZM6	Miley Cyrus	['pop']	[2017, 2018, 2019, 2020, 2021]	14	7
5p7f24Rk5HkUZsaS3BLG5F	Hailee Steinfeld	['pop']	[2017, 2018, 2019, 2020]	14	12
5pUo3fmmHT8bhCyHE52hA6	Liam Payne	['pop']	[2017, 2018, 2019, 2020]	14	11
3cjEqqelV9zb4BYE3qDQ4O	EXO	['k-pop', 'k-pop boy group']	[2017, 2018, 2019, 2021]	14	0
0QHgL1lAIqAw0HtD7YldmP	DJ Khaled	['hip hop', 'miami hip hop', 'pop rap', 'rap']	[2017, 2018, 2019, 2020, 2021]	14	14
5fEQLwq1BWWQNR8GzhOIvi	Eric Chou	['mandopop']	[2017, 2018, 2019, 2020, 2021, 2022]	14	0
1z4g3DjTBBZKhvAroFlhOM	Red Velvet	['k-pop', 'k-pop girl group']	[2017, 2018, 2019, 2020, 2021]	14	0
2cFrymmkijnjDg9SS92EPM	blackbear	['pop']	[2017, 2018, 2019, 2020, 2021, 2022]	14	10
66FF9LF0uO3W1zxEN0m8uN	Ronald Cheng	['cantopop']	[2017, 2018, 2019, 2020, 2021, 2022]	14	0
0ip5ivJzpy0v4DWVVKxc4D	C AllStar	['cantopop']	[2017, 2018, 2019, 2020, 2021, 2022]	14	0
4r63FhuTkUYltbVAg5TQnk	DaBaby	['hip hop', 'north carolina hip hop', 'rap', 'trap']	[2019, 2020, 2021, 2022]	14	11
1McMsnEElThX1knmY4oliG	Olivia Rodrigo	['pop']	[2021, 2022]	14	0
0VRj0yCOv2FXJNP47XQnx5	Quavo	['atl hip hop', 'melodic rap', 'rap', 'trap']	[2017, 2018, 2019, 2020, 2021]	13	13
5vJp6mhsvKyUPZI1bU0c07	Kwan Gor	['cantopop']	[2017, 2018, 2020, 2021]	13	1
5fMUXHkw8R8eOP2RNVYEZX	Diplo	['edm', 'electro house', 'moombahton', 'pop dance']	[2017, 2018, 2019, 2020]	13	13
6TIYQ3jFPwQSRmorSezPxX	Machine Gun Kelly	['ohio hip hop', 'pop rap']	[2017, 2018, 2019, 2020]	13	13
5f7VJjfbwm532GiveGC0ZK	Lil Baby	['atl hip hop', 'atl trap', 'rap', 'trap']	[2018, 2019, 2020, 2021, 2022]	13	13
6vWDO969PvNqNYHIOW5v0m	Beyoncé	['pop', 'r&b']	[2017, 2018, 2019, 2020]	13	10
540vIaP2JwjQb9dm3aArA4	DJ Snake	['edm', 'electronic trap', 'pop', 'pop dance']	[2017, 2018, 2019, 2021]	13	13
163tK9Wjr9P9DmM0AVK7lm	Lorde	['art pop', 'metropopolis', 'nz pop', 'pop']	[2017, 2018, 2021]	13	3
0ubIxkefJsoYY8JXc2HJoa	Leon Lai	['c-pop', 'cantopop', 'classic cantopop']	[2018, 2019, 2020, 2021, 2022]	13	3
1Xylc3o4UrD53lo9CvFvVg	Zara Larsson	['pop', 'scandipop', 'swedish electropop', 'swedish pop']	[2017, 2018, 2019, 2020]	13	5
2KC9Qb60EaY0kW4eH68vr3	ITZY	['k-pop', 'k-pop girl group']	[2019, 2020, 2021]	13	0
181bsRPaVXVlUKXrxwZfHK	Megan Thee Stallion	['houston rap', 'pop', 'rap', 'trap queen']	[2019, 2020, 2021, 2022]	13	12
4EXI1ieJe2VDbvNsKOaNQL	Jay Fung	['cantopop']	[2020, 2021, 2022]	13	3
5CCwRZC6euC8Odo6y9X8jr	Rita Ora	['dance pop', 'pop', 'uk pop']	[2017, 2018, 2019]	12	7
3lva01D3HtmlEKjuxAZ7bC	Justin Lo	['cantopop']	[2017, 2018, 2019, 2020, 2021, 2022]	12	1
5CiGnKThu5ctn9pBxv7DGa	benny blanco	['pop']	[2018, 2019, 2020, 2021]	12	12
3MZsBdqDrRTJihTHQrO6Dq	Joji	['viral pop']	[2018, 2019, 2020]	12	5
2CvaqAMMsX576VBehaJ0Wx	Wanna One	['k-pop', 'k-pop boy group']	[2017, 2018, 2022]	12	0
3jK9MiCrA42lLAdMGUZpwa	Anderson .Paak	['escape room', 'hip hop', 'indie soul', 'neo soul']	[2018, 2021, 2022]	12	11
1DgBVE3lCnC7Osg9zpAt6N	Charmaine Fong	['cantopop']	[2017, 2018, 2019, 2020, 2021, 2022]	12	0
738wLrAtLtCtFOLvQBXOXp	Major Lazer	['dance pop', 'edm', 'electro house', 'moombahton', 'pop', 'pop dance']	[2017, 2018, 2019]	12	12
03OP7wr6EAMFBmDiaRsdbf	Jinny Ng	['cantopop']	[2017, 2018, 2019, 2020, 2022]	12	1
3wYcmejLVtOoHIq9szUugh	Kaho Hung	['cantopop', 'hk-pop']	[2018, 2019, 2020, 2021, 2022]	12	2
0cGUm45nv7Z6M6qdXYQGTX	Kehlani	['pop', 'r&b']	[2017, 2018, 2019, 2020]	12	12
13ubrt8QOOCPljQ2FL1Kca	A$AP Rocky	['east coast hip hop', 'hip hop', 'rap', 'trap']	[2017, 2018, 2019]	12	12
2G4Ntbg3dYqkUAGrMUZ0U7	Anson Lo 盧瀚霆	['hk-pop']	[2020, 2021, 2022]	12	3
0DwdA5ZgTJcIQ2uIhc110D	Keung To	['cantopop', 'hk-pop']	[2021, 2022]	12	5
6B9YF4eOv99klogeZUzkYM	Mirror	['hk-pop']	[2021, 2022]	12	0
2auC28zjQyVTsiZKNgPRGs	RM	['k-rap']	[2017, 2018, 2019, 2020]	11	6
1rxk3vAYWeiBD2Q6FCezcl	Miriam Yeung	['c-pop', 'cantopop']	[2017, 2018, 2019, 2020, 2021]	11	1
0hEurMDQu99nJRq8pTxO14	John Mayer	['neo mellow', 'singer-songwriter']	[2017, 2018, 2019, 2021]	11	1
2jnIB6XdLvnJUeNTy5A0J2	Why Don't We	['boy band', 'pop']	[2018, 2019, 2020]	11	1
4phGZZrJZRo4ElhRtViYdl	Jason Mraz	['acoustic pop', 'dance pop', 'neo mellow', 'pop']	[2017, 2018, 2019, 2020, 2021]	11	2
2IDLDx25HU1nQMKde4n61a	Rich Brian	['indonesian hip hop']	[2017, 2018, 2019, 2021]	11	10
3e7awlrlDSwF3iM0WBjGMp	Little Mix	['girl group', 'pop', 'talent show', 'uk pop']	[2017, 2018, 2019, 2020, 2021]	11	7
13y7CgLHjMVRMDqxdx0Xdo	Gucci Mane	['atl hip hop', 'dirty south rap', 'hip hop', 'pop rap', 'rap', 'southern hip hop', 'trap']	[2017, 2018, 2019, 2020]	11	11
02kJSzxNuaWGqwubyUba0Z	G-Eazy	['indie pop rap', 'oakland hip hop', 'pop rap', 'rap']	[2017, 2018, 2021]	11	11
4MR8lE0GqFrysJi3s18woQ	per se	['cantopop', 'hong kong indie']	[2018, 2020, 2021]	11	2
5Uw3hCC51pNjdsD2MOs72K	Shiga Lin	['cantopop']	[2017, 2018, 2019, 2020, 2021, 2022]	11	0
5tRk0bqMQubKAVowp35XtC	MC 張天賦	['cantopop', 'hk-pop']	[2020, 2021, 2022]	11	5
4F0XzHNcfvvA2I0rGqIwAQ	Leo Ku	['cantopop']	[2017, 2018, 2019, 2020, 2021]	10	2
07YZf4WDAMNwqr4jfgOZ8y	Jason Derulo	['dance pop', 'pop']	[2017, 2018, 2020, 2021]	10	8
1GxkXlMwML1oSg5eLPiAz3	Michael Bublé	['adult standards', 'canadian pop', 'jazz pop', 'lounge']	[2017, 2018, 2019, 2020, 2021]	10	4
4IWBUUAFIplrNtaOHcJPRM	James Arthur	['pop', 'talent show', 'uk pop']	[2017, 2018, 2019, 2020, 2021]	10	3
6vXTefBL93Dj5IqAWq6OTv	French Montana	['hip hop', 'pop rap', 'rap', 'southern hip hop', 'trap']	[2017, 2018, 2019]	10	10
4npEfmQ6YuiwW1GpUmaq3F	Ava Max	['pop']	[2018, 2019, 2020, 2021, 2022]	10	2
1dfeR4HaWDbWqFHLkxsg1d	Queen	['classic rock', 'glam rock', 'rock']	[2018, 2019, 2020, 2021]	10	1
2hlmm7s2ICUX0LVIhVFlZQ	Gunna	['atl hip hop', 'melodic rap', 'rap', 'trap']	[2018, 2019, 2020, 2021, 2022]	10	10
0XATRDCYuuGhk0oE7C0o5G	MAMAMOO	['k-pop', 'k-pop girl group']	[2018, 2019, 2020, 2021]	10	0
2wUjUUtkb5lvLKcGKsKqsR	Alessia Cara	['canadian contemporary r&b', 'canadian pop', 'pop']	[2017, 2018, 2019, 2020, 2021]	10	4
7gAppWoH7pcYmphCVTXkzs	The Vamps	['boy band', 'pop']	[2017, 2018]	10	9
6MDME20pz9RveH9rEXvrOM	Clean Bandit	['pop', 'uk dance', 'uk funky']	[2017, 2018, 2019, 2020]	10	10
7jXoGtR69J2iYCefc58MZX	Twins	['cantopop']	[2017, 2018, 2019, 2020, 2021, 2022]	10	0
4RsRmCGtK9yJmtQulq4lBo	Jill Vidal	['cantopop']	[2017, 2018, 2019, 2020, 2021]	10	2
2tIP7SsRs7vjIcLrU85W8J	The Kid LAROI	['australian hip hop']	[2020, 2021, 2022]	10	8
5RmQ8k4l3HZ8JoPb4mNsML	Agust D	['k-rap']	[2020]	10	4
7gOdHgIoIKoe4i9Tta6qdD	Jonas Brothers	['boy band', 'pop']	[2019, 2020, 2021]	10	3
1qW9Pi35NXnu7Q8KWyVYe6	陳卓賢 Ian	['cantopop', 'hk-pop']	[2020, 2021, 2022]	10	1
6PvvGcCY2XtUcSRld1Wilr	Silk Sonic	['neo soul']	[2021, 2022]	10	10
3gIRvgZssIb9aiirIg0nI3	Jeremy Zucker	['alt z', 'electropop', 'pop']	[2018, 2019, 2020, 2021]	9	3
2RdwBSPQiwcmiDo9kixcl8	Pharrell Williams	['dance pop', 'pop']	[2017, 2018, 2020, 2021]	9	8
4A0TivfinfALCAMJqqjZIk	Funk Wav	[]	[2017, 2018]	9	9
0sQMt1Llvcuza8oLKB9bmi	Ken Hung	['cantopop']	[2017, 2018, 2020, 2021]	9	1
31TPClRtHm23RisEBtV3X7	Justin Timberlake	['dance pop', 'pop']	[2017, 2018, 2020]	9	3
4q3ewBCX7sLwd24euuV69X	Bad Bunny	['reggaeton', 'trap latino', 'urbano latino']	[2018, 2019, 2020, 2021]	9	7
5y2Xq6xcjJb2jVM54GHK3t	John Legend	['neo soul', 'pop', 'pop soul', 'urban contemporary']	[2017, 2018, 2019, 2020, 2021, 2022]	9	2
2feDdbD5araYcm6JhFHHw7	Labrinth	['indie poptimism', 'pop']	[2017, 2018, 2019, 2022]	9	9
01LAw9Av7Zcg01A8McfGYB	Tang Siu Hau	['cantopop']	[2017, 2018, 2020, 2021, 2022]	9	1
6MoXcK2GyGg7FIyxPU5yW6	SUNMI	['k-pop']	[2017, 2018, 2019, 2020, 2021]	9	0
7DMveApC7UnC2NPfPvlHSU	Cheat Codes	['edm', 'pop', 'pop dance']	[2017, 2018]	9	9
2OrCYFzQYE1TmevdYARnU1	Yoyo Sham	['cantopop', 'hong kong indie']	[2017, 2018, 2019, 2020, 2021, 2022]	9	2
0rTP0x4vRFSDbhtqcCqc8K	Ronghao Li	['chinese singer-songwriter', 'mainland chinese pop', 'mandopop']	[2017, 2018, 2019, 2020, 2021, 2022]	9	2
3JhNCzhSMTxs9WLGJJxWOY	Macklemore	['pop rap', 'seattle hip hop']	[2017, 2018, 2019]	9	9
5LHRHt1k9lMyONurDHEdrp	Tyga	['hip hop', 'pop rap', 'rap', 'trap']	[2018, 2019, 2020, 2022]	9	8
5pKCCKE2ajJHZ9KAiaK11H	Rihanna	['barbadian pop', 'pop', 'urban contemporary']	[2017, 2018, 2020]	9	8
1anyVhU62p31KFi8MEzkbf	Chance the Rapper	['chicago rap', 'conscious hip hop', 'hip hop', 'pop rap', 'rap']	[2017, 2018, 2019, 2020, 2021]	9	9
3SJsybXfmMSrXcwpK56YuU	Eman Lam	['cantopop']	[2017, 2018, 2019, 2020, 2021]	9	1
1KCSPY1glIKqW2TotWuXOR	P!nk	['dance pop', 'pop']	[2017, 2018, 2019]	9	3
757aE44tKEUQEqRuT6GnEB	Roddy Ricch	['melodic rap', 'rap', 'trap']	[2018, 2019, 2020, 2021]	9	8
5DuzBeOgFwViFcv00Q5PFb	WINNER	['k-pop', 'k-pop boy group']	[2017, 2018, 2019, 2020]	9	0
7bXgB6jMjp9ATFy66eO08Z	Chris Brown	['r&b', 'rap']	[2017, 2018, 2019, 2020]	9	6
74KM79TiuVKeVCqs8QtB0B	Sabrina Carpenter	['pop']	[2017, 2018, 2019, 2020, 2021]	9	5
6FH5vFm7hqDm3UzEAYuizY	Jer 柳應廷	['cantopop', 'hk-pop']	[2020, 2021, 2022]	9	2
3dayhmhJfL4I8w1PuL9MqQ	Tyson Yoshi	['hk-pop', 'hong kong hip hop']	[2021, 2022]	9	2
3jS58yKkLzOd8S8IHyCsEm	Panther Chan	['cantopop']	[2021, 2022]	9	0
7gZfnEnfiaHzxARJ2LeXrf	6ix9ine	['emo rap']	[2018, 2019, 2020]	8	7
1GPoTgvXd5OqZMF1akOsV2	Yoga Lin	['chinese r&b', 'mandopop']	[2017, 2018, 2019, 2020]	8	0
4tZwfgrHOc3mvqYlEYSvVi	Daft Punk	['electro', 'filter house', 'rock']	[2017, 2018, 2021]	8	5
0b1sIQumIAsNbqAoIClSpy	j-hope	['k-pop', 'k-rap']	[2018, 2019]	8	2
5r1tUTxVSgvBHnoDuDODPH	IZ*ONE	['k-pop', 'k-pop girl group']	[2018, 2019, 2020, 2021]	8	0
77AiFEVeAVj2ORpC85QVJs	Steve Aoki	['edm', 'electro house', 'pop dance']	[2017, 2018, 2019]	8	8
4VMYDCV2IEDYJArk749S6m	Daddy Yankee	['latin hip hop', 'reggaeton', 'trap latino', 'urbano latino']	[2017, 2018, 2019]	8	7
0X2BH1fck6amBIoJhDVmmJ	Ellie Goulding	['indietronica', 'metropopolis', 'pop', 'uk pop']	[2017, 2018, 2019, 2020]	8	5
1AhjOkOLkbHUfcHDSErXQs	88rising	['asian american hip hop']	[2018, 2019, 2021]	8	8
1i8SpTcr7yvPOmcqrbnVXY	Ozuna	['puerto rican pop', 'reggaeton', 'trap latino', 'urbano latino']	[2018, 2019, 2020, 2021]	8	8
6cEuCEZu7PAE9ZSzLLc2oQ	R3HAB	['dutch house', 'edm', 'electro house', 'pop dance', 'progressive electro house', 'slap house']	[2017, 2018, 2019, 2020]	8	8
0qlWcS66ohOIi0M8JZwPft	GFRIEND	['k-pop', 'k-pop girl group']	[2017, 2018, 2019, 2020, 2021]	8	0
2HPaUgqeutzr3jx5a9WyDV	PARTYNEXTDOOR	['r&b', 'rap', 'toronto rap', 'urban contemporary']	[2017, 2018, 2019, 2020]	8	8
4AVFqumd2ogHFlRbKIjp1t	Alesso	['dance pop', 'edm', 'electro house', 'pop', 'pop dance', 'progressive electro house']	[2017, 2018, 2019, 2020, 2021, 2022]	8	6
2kRfqPViCqYdSGhYSM9R0Q	Madison Beer	['pop']	[2018, 2019, 2020, 2021]	8	4
26dSoYclwsYLMAKD3tpOr4	Britney Spears	['dance pop', 'pop']	[2017, 2018, 2019, 2020, 2021]	8	1
1ehwpBADazgPy9ypV77FMx	Vincy Chan	['cantopop']	[2017, 2018, 2021, 2022]	8	1
0p4nmQO2msCgU4IF37Wi3j	Avril Lavigne	['canadian pop', 'candy pop', 'pop']	[2018, 2019, 2021, 2022]	8	2
0fs8Z11YQwRDEhdgRXoi4q	JUDE	['cantopop', 'hk-pop']	[2017, 2018, 2019, 2020, 2021]	8	2
3BmGtnKgCSGYIUhmivXKWX	Kelly Clarkson	['dance pop', 'pop', 'talent show']	[2017, 2018, 2019, 2020, 2021]	8	3
7nqOGRxlXj7N2JYbgNEjYH	SEVENTEEN	['k-pop', 'k-pop boy group']	[2017, 2019, 2020, 2021]	8	0
1SCaQu3jTbcKIjy8aC7KHa	Jace Chan	['cantopop', 'hk-pop', 'hong kong hip hop']	[2020, 2021, 2022]	8	2
0ghlgldX5Dd6720Q3qFyQB	TOMORROW X TOGETHER	['k-pop', 'k-pop boy group']	[2019, 2020, 2021, 2022]	8	2
2PSJ6YriU7JsFucxACpU7Y	CHUNG HA	['k-pop']	[2019, 2020, 2021]	8	3
6R57JlNKlnNrYaji0vw8xx	Gareth.T	['hk-pop', 'hong kong hip hop']	[2021, 2022]	8	3
4V8LLVI7PbaPR0K2TGSxFF	Tyler, The Creator	['hip hop', 'rap']	[2019, 2021, 2022]	8	3
2snm3HmsnDUDxbIChdl2Oj	Justin Hurwitz	['hollywood', 'movie tunes', 'soundtrack']	[2017]	8	1
3B9ZmIcte26paTCaI1PFKE	Kary Ng	['cantopop']	[2017, 2018, 2019, 2020, 2021, 2022]	7	1
21Ep61xfoCPTDMMPPy0i0z	At17	['cantopop', 'chinese indie', 'hong kong indie']	[2017, 2018]	7	0
1r4hJ1h58CWwUQe3MxPuau	Maluma	['latin pop', 'reggaeton', 'reggaeton colombiano', 'urbano latino']	[2017, 2018, 2019, 2020]	7	6
06RD8CxzApXzuhHx54BhQL	Anita Mui	['c-pop', 'cantopop', 'classic cantopop']	[2017, 2018, 2019, 2020, 2021, 2022]	7	2
0bdfiayQAKewqEvaU6rXCv	MØ	['danish pop', 'electropop', 'pop', 'pop dance']	[2017, 2018]	7	5
6JL8zeS1NmiOftqZTRgdTz	Meghan Trainor	['hip pop', 'pop']	[2017, 2018, 2019, 2020, 2021]	7	4
6jlz5QSUqbKE4vnzo2qfP1	Karen Mok	['mandopop']	[2018, 2019, 2020, 2021, 2022]	7	0
4V8Sr092TqfHkfAA5fXXqG	Luis Fonsi	['latin pop', 'puerto rican pop']	[2017, 2018]	7	7
3PV11RNUoGfX9tMN2wVljB	Hacken Lee	['c-pop', 'cantopop']	[2017, 2018, 2020, 2021]	7	2
1cZQSpDsxgKIX2yW5OR9Ot	Lennon Stella	['alt z', 'canadian pop', 'uk pop']	[2018, 2019, 2020]	7	6
27WDr8Ky1j0LtgY82Ttk5S	Ivana Wong	['cantopop', 'chinese audiophile']	[2017, 2018, 2021]	7	0
4iHNK0tOyZPYnBU7nGAgpQ	Mariah Carey	['dance pop', 'pop', 'urban contemporary']	[2017, 2018, 2019, 2020, 2021]	7	3
4DdkRBBYG6Yk9Ka8tdJ9BW	Offset	['atl hip hop', 'rap', 'trap']	[2017, 2018, 2019]	7	7
6nfDaffa50mKtEOwR8g4df	GOT7	['k-pop', 'k-pop boy group']	[2017, 2018, 2019, 2020, 2021]	7	0
5IH6FPUwQTxPSXurCrcIov	Alec Benjamin	['alt z', 'pop', 'pov: indie']	[2018, 2019, 2020, 2021]	7	1
1Ky2RP3PsLKQZ1rWp31DKW	Feanna Wong	['cantopop']	[2017, 2018, 2019]	7	1
2Kym4g2CjFyRO3Hx3phNEM	Cath Wong	['cantopop', 'hk-pop', 'hong kong indie']	[2018, 2020, 2021, 2022]	7	0
3oONGjPFxkb1rqTtFx8fl2	ToNick	['cantopop']	[2017, 2018, 2019, 2020, 2021, 2022]	7	1
3PhoLpVuITZKcymswpck5b	Elton John	['glam rock', 'mellow gold', 'piano rock', 'rock']	[2017, 2018, 2019, 2020, 2021, 2022]	7	4
4Uc8Dsxct0oMqx0P6i60ea	Conan Gray	['bedroom pop', 'pop', 'pov: indie']	[2020, 2021]	7	1
4Gso3d4CscCijv0lmajZWs	Don Toliver	['rap', 'trap']	[2019, 2020, 2021]	7	5
56oDRnqbIiwx4mymNEv7dS	Lizzo	['escape room', 'minnesota hip hop', 'pop', 'trap queen']	[2019, 2020, 2021]	7	2
0tqxh7MvZ301BVW4e0p3Sa	Fiona Sit	['cantopop']	[2017, 2020, 2021, 2022]	7	3
6AgTAQt8XS6jRWi4sX7w49	Polo G	['chicago rap', 'rap']	[2019, 2020, 2021]	7	5
6lhZDlPnfVWXxJUr9eVfEJ	Error	['cantopop']	[2020, 2021, 2022]	7	0
5jewGMrZtMNJk5OsZ61Cpo	Edan 呂爵安	['cantopop', 'hk-pop']	[2021, 2022]	7	4
1l8Fu6IkuTP0U5QetQJ5Xt	Fifth Harmony	['girl group', 'pop', 'talent show']	[2017]	7	3
0MEchSWR9pJvw1S5CV3Kuk	Rainie Yang	['mandopop']	[2017, 2018]	6	0
55fhWPvDiMpLnE4ZzNXZyW	Noah Cyrus	['alt z', 'pop']	[2017, 2018, 2019]	6	6
1bqxdqvUtPWZri43cKHac8	MAX	['viral pop']	[2017, 2018, 2019, 2020]	6	5
6ZjFtWeHP9XN7FeKSUe80S	Bing Crosby	['adult standards', 'easy listening', 'lounge']	[2017, 2018, 2019, 2020, 2021]	6	1
31W5EY0aAly4Qieq6OFu6I	A Boogie Wit da Hoodie	['melodic rap', 'rap', 'trap']	[2018, 2019]	6	5
25uiPmTg16RbhZWAqwLBy5	Charli XCX	['art pop', 'candy pop', 'metropopolis', 'pop', 'uk pop']	[2017, 2018, 2019]	6	5
3hv9jJF3adDNsBSIQDqcjp	Mark Ronson	['pop soul']	[2017, 2018, 2019]	6	6
6Dd3NScHWwnW6obMFbl1BH	Daya	['pop']	[2017, 2018, 2019]	6	2
1Hu58yHg2CXNfDhlPd7Tdd	Jacky Cheung	['c-pop', 'classic mandopop']	[2018, 2019, 2020, 2021, 2022]	6	2
4u5smJBskI6Adzv08PuiUP	Kiiara	['alt z', 'electropop']	[2017, 2018]	6	5
3YQKmKGau1PzlVlkL1iodx	Twenty One Pilots	['modern rock', 'pop', 'pov: indie', 'rock']	[2017, 2018, 2020]	6	0
1oKdM70mJD8VvDOTKeS8t1	Emily Warren	['alt z', 'nyc pop']	[2017, 2018]	6	6
5F1aoppMtU3OMiltO8ymJ2	Hugh Jackman	['hollywood', 'show tunes']	[2017, 2018]	6	6
2XnBwblw31dfGnspMIwgWz	Axwell /\ Ingrosso	['edm', 'pop dance', 'progressive electro house']	[2017, 2018]	6	1
3b8QkneNDz4JHKKKlLgYZg	Florida Georgia Line	['contemporary country', 'country', 'country pop', 'country road', 'modern country rock']	[2017, 2018, 2019]	6	5
4KCnzC71azFAYCKmD1bJOK	Raymond Lam	['cantopop']	[2018, 2020, 2021, 2022]	6	2
4Q6nIcaBED8qUel8bBx6Cr	Jax Jones	['dance pop', 'edm', 'house', 'pop dance', 'uk dance', 'uk pop']	[2017, 2018, 2019]	6	6
61JmerIHrcyWpHtih0adVh	Lil’ Ashes	['cantopop', 'hong kong indie']	[2017, 2018, 2020, 2021]	6	0
47mIJdHORyRerp4os813jD	League of Legends	['speedrun', 'video game music']	[2018, 2019, 2020, 2021, 2022]	6	6
73sIBHcqh3Z3NyqHKZ7FOL	Childish Gambino	['atl hip hop', 'hip hop', 'rap']	[2017, 2018, 2019, 2020]	6	2
6sCbFbEjbYepqswM1vWjjs	Zendaya	['pop', 'post-teen pop']	[2017, 2018, 2019, 2022]	6	6
25u4wHJWxCA9vO0CzxAbK7	Lukas Graham	['danish pop', 'scandipop']	[2017, 2018, 2019, 2021]	6	1
2uWcrwgWmZcQc3IPBs3tfU	Apink	['k-pop', 'k-pop girl group']	[2017, 2018, 2019, 2020, 2022]	6	0
2cWZOOzeOm4WmBJRnD5R7I	Normani	['pop', 'r&b']	[2018, 2019, 2020]	6	5
6WY7D3jk8zTrHtmkqqo5GI	Maren Morris	['classic texas country', 'contemporary country']	[2017, 2018, 2019, 2020, 2021]	6	5
4lDBihdpMlOalxy1jkUbPl	Grey	[]	[2017, 2018, 2019, 2020]	6	6
4utLUGcTvOJFr6aqIJtYWV	Skylar Grey	['piano rock', 'viral pop']	[2017, 2018, 2019, 2021]	6	4
6qAoh45c4dsSqxNhp845SQ	Stephanie Cheng	['cantopop']	[2018, 2019, 2020, 2021, 2022]	6	1
1snhtMLeb2DYoMOcVbb8iB	Kenshi Yonezu	['anime', 'j-pop']	[2017, 2018, 2019, 2020, 2021]	6	1
2SrSdSvpminqmStGELCSNd	Stormzy	['grime', 'uk hip hop']	[2017, 2018, 2019]	6	6
7wcHMGR7dRkkqgKPBD0Pxt	Kafani	['hyphy', 'oakland hip hop']	[2020]	6	6
2LIk90788K0zvyj2JJVwkJ	Jack Harlow	['deep underground hip hop', 'kentucky hip hop', 'pop rap', 'rap']	[2020, 2021, 2022]	6	3
4GNC7GD6oZMSxPGyXy4MNB	Lewis Capaldi	['pop', 'uk pop']	[2019, 2020, 2021, 2022]	6	0
0blbVefuxOGltDBa00dspv	LiSA	['anime', 'anime rock', 'j-pixie', 'j-pop']	[2020, 2021]	6	1
2Zi3RrdQqk63Xj0914STkS	Naomi Scott	['movie tunes', 'post-teen pop', 'vapor pop']	[2019, 2020]	6	1
56KP7DzAzkI8AlAKbt4N6t	Gigi Cheung	['cantopop', 'hk-pop', 'hong kong indie']	[2021, 2022]	6	2
7bkvIZ8KT4kxelaAmobX8D	Anson Kong 江𤒹生	['cantopop', 'hk-pop']	[2021, 2022]	6	3
5ElXLkDzZPQA9fBzBjA9TJ	David Ling Jr	[]	[2019, 2021, 2022]	6	6
4UXqAaa6dQYAk18Lv7PEgX	Fall Out Boy	['emo', 'modern rock', 'pop', 'pop punk', 'rock']	[2017, 2019]	6	4
4ehtJnVumNf6xzSCDk8aLB	Martin Jensen	['danish electronic', 'edm', 'pop dance']	[2017, 2019]	6	5
30b9WulBM8sFuBo17nNq9c	G-DRAGON	['k-pop', 'k-rap']	[2017]	6	1
17lzZA2AlOHwCwFALHttmp	2 Chainz	['atl hip hop', 'hip hop', 'pop rap', 'rap', 'southern hip hop', 'trap']	[2017, 2018, 2019]	5	5
2o5jDhtHVPhrJdv3cEQ99Z	Tiësto	['big room', 'brostep', 'dutch edm', 'edm', 'house', 'pop dance', 'slap house', 'trance']	[2017, 2018, 2019, 2021, 2022]	5	4
0qSX3s5pJnAlSsgsCne8Cz	Brett Eldredge	['contemporary country', 'country', 'country road', 'modern country rock']	[2017, 2018, 2019, 2020, 2021]	5	3
2jku7tDXc6XoB6MO2hFuqg	Tory Lanez	['canadian hip hop', 'canadian trap', 'melodic rap', 'r&b', 'rap', 'toronto rap', 'trap']	[2017, 2018, 2020]	5	5
0c173mlxpT3dSFRgMO8XPh	Big Sean	['detroit hip hop', 'hip hop', 'pop rap', 'r&b', 'rap', 'southern hip hop', 'trap']	[2017, 2018, 2020]	5	4
5iNrZmtVMtYev5M9yoWpEq	Seeb	['pop dance']	[2017, 2018, 2019]	5	5
4ScCswdRlyA23odg9thgIO	Jess Glynne	['pop', 'uk pop']	[2018]	5	1
3AemIC066y8n3TetXWkVoE	Terence Siufay	['cantopop']	[2017, 2018, 2019, 2020, 2021, 2022]	5	0
4YLtscXsxbVgi031ovDDdh	Chris Stapleton	['contemporary country', 'outlaw country']	[2018, 2019, 2021]	5	5
2iE18Oxc8YSumAU232n4rW	The Jackson 5	['motown', 'soul']	[2017, 2018, 2019, 2020, 2021]	5	0
4S9EykWXhStSc15wEx8QFK	Céline Dion	['canadian pop']	[2017, 2018, 2019, 2020]	5	0
5fyDppLDl1juIu1BcUT5zh	Digital Farm Animals	['uk dance']	[2017, 2018, 2019, 2021]	5	5
6IZ4ctovY9dl7bgHClAvKJ	LSD	[]	[2018, 2019]	5	5
3QSQFmccmX81fWCUSPTS7y	Dean Lewis	['australian pop', 'singer-songwriter pop']	[2018, 2019]	5	1
6icQOAFXDZKsumw3YXyusw	Lil Yachty	['atl hip hop', 'melodic rap', 'rap', 'trap']	[2017, 2018]	5	5
1okJ4NC308qbtY9LyHn6DO	BloodPop®	['electropop']	[2017, 2018]	5	5
3RqBeV12Tt7A8xH3zBDDUF	Kelsea Ballerini	['contemporary country', 'country']	[2018, 2019]	5	4
5V0MlUE1Bft0mbLlND7FJz	Ella Fitzgerald	['adult standards', 'jazz', 'jazz blues', 'soul', 'swing', 'vocal jazz']	[2017, 2018, 2019, 2020, 2021]	5	0
5zctI4wO9XSKS8XwcnqEHk	Lil Mosey	['melodic rap', 'rap conscient']	[2018, 2019, 2020]	5	2
46SHBwWsqBkxI7EeeBEQG7	Kodak Black	['florida drill', 'florida rap', 'melodic rap', 'miami hip hop', 'rap', 'trap', 'trap latino']	[2017, 2018, 2019]	5	5
6mU8ucezzms5I2kNH6HNlu	Conor Maynard	['post-teen pop', 'uk pop', 'viral pop']	[2017, 2018, 2019, 2021]	5	5
28ZDaobarpiyxFtfg11sS8	梁釗峰	['cantopop']	[2018, 2019, 2020, 2021]	5	1
2JBUyLiFvpFPWdZGqIGYLD	Crowd Lu	['mandopop', 'taiwan indie', 'taiwan singer-songwriter']	[2018, 2019, 2020, 2021, 2022]	5	0
4obzFoKoKRHIphyHzJ35G3	Becky G	['latin pop', 'latin viral pop', 'rap latina', 'reggaeton', 'urbano latino']	[2018, 2019, 2022]	5	5
6fOMl44jA4Sp5b9PpYCkzz	NF	['hip hop', 'pop rap']	[2017, 2018, 2019]	5	0
137W8MRPWKqSmrBGDBFSop	Wiz Khalifa	['hip hop', 'pittsburgh rap', 'pop rap', 'rap', 'southern hip hop', 'trap']	[2017, 2018, 2019, 2020]	5	5
6Xgp2XMz1fhVYe7i6yNAax	Trippie Redd	['melodic rap', 'rap', 'trap']	[2017, 2018, 2020, 2021]	5	5
6pWcSL9wSJZQ9ne0TnhdWr	K-391	['nordic house']	[2018, 2019, 2020]	5	5
2LZDXcxJWgsJfKXZv9a5eG	Cashmere Cat	['downtempo', 'electropop', 'shiver pop']	[2017, 2018]	5	5
1q8BvOdpOtapWOIgO26sOn	Andy Hui	['c-pop', 'cantopop', 'classic cantopop']	[2017, 2018, 2019]	5	2
5icAICPWHiBMzTJl7nUPMP	Nicholas Tse	['cantopop']	[2018, 2020]	5	0
7CyeXFnOrfC1N6z4naIpgo	The Ronettes	['brill building pop', 'classic girl group', 'motown', 'rock-and-roll']	[2017, 2018, 2019, 2020, 2021]	5	0
20JZFwl6HVl6yg8a4H3ZqK	Panic! At The Disco	['pop']	[2018, 2019, 2020]	5	2
57WHJIHrjOE3iAxpihhMnp	Louis Tomlinson	['pop']	[2017, 2018, 2019]	5	2
3nFkdlSjzX9mRTtwJOzDYB	JAY-Z	['east coast hip hop', 'gangster rap', 'hip hop', 'pop rap', 'rap']	[2017, 2018, 2019, 2021]	5	5
73Np75Wv2tju61Eo9Zw4IR	Idina Menzel	['hollywood', 'movie tunes', 'show tunes']	[2017, 2019, 2020, 2021]	5	4
57LYzLEk2LcFghVwuWbcuS	Summer Walker	['r&b']	[2019, 2020]	5	5
0ebNdVaOfp6N0oZ1guIxM8	SUGA	['k-pop']	[2019, 2020, 2021, 2022]	5	5
6f4srX54JFrLNK4aTJe2Sc	Ren Ran	['mainland chinese pop']	[2020, 2021, 2022]	5	0
1bGL5JZ5plXkc9IJINvMvA	Surgatuli	[]	[2020]	5	2
1yxSLGMDHlW21z4YXirZDS	Black Eyed Peas	['dance pop', 'pop', 'pop rap']	[2019, 2020]	5	5
45dkTj5sMRSjrmBSBeiHym	Tate McRae	['alt z', 'pop']	[2020, 2021, 2022]	5	3
4ufh0WuMZh6y4Dmdnklvdl	BAEKHYUN	['k-pop']	[2019, 2020, 2021]	5	1
33ciDO8FKA1Cvwz1hjvjGj	Angela Hui	['cantopop']	[2020, 2021]	5	1
3ZZzT0naD25RhY2uZvIKkJ	EVERGLOW	['k-pop', 'k-pop girl group']	[2019, 2020, 2021]	5	0
329e4yvIujISKGKz1BZZbO	Farruko	['reggaeton', 'trap latino', 'urbano latino']	[2019, 2020, 2021]	5	3
3081y1bGPVy4mULL5Td9cJ	David Sarah UuI	[]	[2020]	5	0
54vgrKEZrdX0ukLwMKDZMX	MaziteLo	[]	[2020]	5	0
7zYj9S9SdIunYCfSm7vzAR	JEON SOMI	['k-pop']	[2019, 2020, 2021]	5	0
33oY0RTyXAMYBM6QSImuo7	Mike 曾比特	['cantopop', 'hk-pop']	[2021, 2022]	5	1
4Ga1P7PMIsmqEZqhYZQgDo	Lil Tecca	['melodic rap', 'pluggnb', 'rap']	[2019]	5	1
4N3cNXg5phUzRzuJYYxQlV	Emma Watson	['movie tunes']	[2017]	5	3
68Uwx1d3EbjDJhYsLjqvIq	Emma Stone	['hollywood']	[2017]	5	4
0LyfQWJT6nXafLPZqxe9Of	Various Artists	[]	[2017]	5	0
7KyaSSJ8uTv7Unev4z2Qc7	Kelly Chen	['c-pop', 'cantopop', 'classic cantopop']	[2018, 2020, 2021]	4	0
2oK5cSlJAH5s2Kx5e1zcvh	William So	['c-pop', 'cantopop', 'classic cantopop', 'classic mandopop', 'mandopop']	[2017, 2018, 2019]	4	2
4IVAbR2w4JJNJDDRFP3E83	6LACK	['atl hip hop', 'melodic rap', 'r&b', 'rap', 'trap']	[2018, 2021]	4	4
5gCRApTajqwbnHHPbr2Fpi	Juicy J	['crunk', 'memphis hip hop', 'pop rap', 'rap', 'southern hip hop', 'trap']	[2018, 2020]	4	4
1uG0VVTJaytlzVxQAureES	Sammy Sum	['cantopop']	[2017, 2018, 2020]	4	2
7t0rwkOPGlDPEhaOcVtOt9	The Cranberries	['irish rock', 'pop rock', 'rock']	[2018]	4	0
3fzkQF4hAwDkHQhzp5G2uC	Ellen Loo	['cantopop', 'chinese indie', 'hong kong indie']	[2018, 2019]	4	0
6gzXCdfYfFe5XKhPKkYqxV	SUPER JUNIOR	['k-pop', 'k-pop boy group']	[2017, 2018, 2021]	4	1
1kfWoWgCugPkyxQP8lkRlY	Jackson Wang	['k-pop']	[2018, 2019, 2020]	4	4
2kCcBybjl3SAtIcwdWpUe3	Lil Peep	['cloud rap', 'emo rap', 'lgbtq+ hip hop']	[2018, 2019]	4	4
4ujntV2BGRi7X4UbCmTFX0	Stephy Tang	['cantopop']	[2017, 2018, 2020, 2021]	4	1
6eYFryfcEu3QSq59D62wZQ	Brendon Urie	[]	[2018, 2019, 2020]	4	4
3paGCCtX1Xr4Gx53mSeZuQ	NCT U	['k-pop', 'k-pop boy group']	[2018, 2020, 2021]	4	1
1Mxqyy3pSjf8kZZL4QVxS0	Frank Sinatra	['adult standards', 'easy listening', 'lounge']	[2017, 2018, 2019, 2020, 2021]	4	2
5qRSs6mvI17zrkJpOHkCoM	iKON	['k-pop', 'k-pop boy group']	[2018, 2019, 2021]	4	0
5jAMCwdNHWr7JThxtMuEyy	NOTD	['electropop', 'pop dance', 'pop edm']	[2017, 2018, 2019]	4	4
1o2NpYGqHiCq7FoiYdyd1x	Bea Miller	['alt z', 'pop', 'talent show']	[2018, 2019, 2020]	4	4
0iEtIxbK0KxaSlF7G42ZOp	Metro Boomin	['rap']	[2017, 2018, 2020]	4	4
0SIXZXJCAhNU8sxK0qm7hn	Stefanie Sun	['mandopop', 'singaporean mandopop', 'singaporean pop', 'singaporean singer-songwriter']	[2017, 2018, 2020, 2021]	4	1
5RR0MLwcjc87wjSw2JYdwx	MOMOLAND	['k-pop', 'k-pop girl group']	[2018, 2019]	4	0
7Ln80lUS6He07XvHI8qqHH	Arctic Monkeys	['garage rock', 'modern rock', 'permanent wave', 'rock', 'sheffield indie']	[2018]	4	0
0Owr9iQqSfXrzvaED51Ymz	Deep Ng	['cantopop']	[2017, 2018, 2021]	4	0
2dIgFjalVxs4ThymZ67YCE	Stray Kids	['k-pop', 'k-pop boy group', 'pop']	[2018, 2020, 2021]	4	0
63nv0hWWDob56Rk8GlNpN8	The Greatest Showman Ensemble	['movie tunes']	[2017, 2018]	4	4
3wyVrVrFCkukjdVIdirGVY	Lil Pump	['emo rap', 'miami hip hop', 'pop rap', 'rap', 'trap']	[2017, 2018, 2019]	4	3
0uGk2czvcpWQA383Im6ajf	Maggie Lindemann	['alt z', 'dark pop', 'pop']	[2017, 2018]	4	3
14bJhryXGk6H6qlGzwj3W5	Hebe Tien	['mandopop']	[2018, 2019, 2020, 2021]	4	0
6QyO41KctzGc70mVaVnXQO	CLC	['k-pop', 'k-pop girl group', 'korean city pop']	[2018, 2019, 2020]	4	0
24jrxG0tKcwgAzsLuPzyMi	Namewee	['malaysian mandopop', 'mandopop']	[2017, 2018, 2021, 2022]	4	4
5JMLG56F1X5mFmWNmS0iAp	Chelsea Cutler	['alt z']	[2018, 2019, 2021]	4	3
7fYTOkMd8M1Xwcl1fB4tjs	Kelvin Kwan	['cantopop']	[2017, 2018, 2019]	4	1
7HkdQ0gt53LP4zmHsL0nap	Ella Mai	['r&b', 'rap', 'uk contemporary r&b']	[2018, 2019]	4	1
5JYo7gm2dkyLLlWHjxS7Dy	Sandro Cavazza	['swedish pop']	[2017, 2018, 2019, 2020]	4	4
3dI4Io8XE33J2o04ZwjR0Y	LaLa Hsu	['mandopop', 'taiwan singer-songwriter']	[2017, 2018, 2019, 2020]	4	0
1xs6WFotNQSXweo0GXrS0O	EXID	['k-pop', 'k-pop girl group']	[2017, 2018, 2019]	4	0
4LLpKhyESsyAXpc4laK94U	Mac Miller	['hip hop', 'pittsburgh rap', 'rap']	[2018, 2020]	4	0
2zvpm9x2IQdzpTIPcxsBVO	Vincent Wong	['cantopop']	[2017, 2018, 2020]	4	2
7Io0XduXk7aOHFHA7sLru2	Bonn	['swedish pop']	[2018, 2019]	4	4
5exS0bytCYdixgv02DaCm3	William Singe	[]	[2017, 2018]	4	4
4XpUIb8uuNlIWVKmgKZXC0	ZICO	['k-pop', 'korean r&b']	[2018, 2020, 2021]	4	3
6LqNN22kT3074XbTVUrhzX	Kesha	['dance pop', 'pop']	[2017, 2018]	4	1
4Rxn7Im3LGfyRkY2FlHhWi	Nick Jonas	['dance pop', 'pop']	[2017, 2018]	4	3
3t5xRXzsuZmMDkQzgOX35S	Robin Schulz	['deep euro house', 'deep house', 'edm', 'german dance', 'pop dance', 'tropical house']	[2017, 2018]	4	4
20sxb77xiYeusSH8cVdatc	Meek Mill	['hip hop', 'philly rap', 'pop rap', 'rap', 'southern hip hop', 'trap']	[2018, 2019]	4	4
3KwmxIhSe9UTSEF37kwngR	SHAED	['electropop']	[2018, 2019, 2020]	4	3
4N4ZvLKU0zuASzDUew3uQ6	DON Kilam	[]	[2020]	4	0
4kFnO9EhFN74EK1a2UH5ZW	Kidsongs	['nursery']	[2020, 2021]	4	0
6doOtBgwBW0e3aaAsszPDu	Acezz	[]	[2020]	4	0
4fxd5Ee7UefO4CUXgwJ7IP	Giveon	['r&b']	[2020, 2021, 2022]	4	3
0H39MdGGX6dbnnQPt6NQkZ	SAINt JHN	['melodic rap', 'slap house']	[2019, 2020]	4	4
0eDvMgVFoNV3TpwtrVCoTj	Pop Smoke	['brooklyn drill', 'rap']	[2020, 2021]	4	3
1OB278sOZVSFx5vXqYha83	J. Rey Soul	[]	[2020]	4	4
1MIVXf74SZHmTIp4V4paH4	Mabel	['pop', 'uk pop']	[2019, 2020]	4	1
6fWVd57NKTalqvmjRd2t8Z	24kGoldn	['cali rap']	[2020, 2021]	4	4
56Ac1JJiopOrWDuRIb330x	Zpecial	['cantopop', 'hk-pop', 'hong kong indie']	[2020, 2021, 2022]	4	1
78CGeleRIUbrzD47TLlI8U	Shannon K	[]	[2020]	4	1
7rkW85dBwwrJtlHRDkJDAC	NAV	['canadian hip hop', 'canadian trap', 'melodic rap', 'rap', 'toronto rap', 'trap']	[2020, 2021]	4	4
5g1lCXhXTqGf2QNpyQXh9S	陳健安	['cantopop']	[2019, 2020, 2021, 2022]	4	1
0kIiOEO5XEmKylEJHmT46j	Srene	[]	[2020]	4	0
699OTQXzgjhIYAHMy9RyPD	Playboi Carti	['atl hip hop', 'plugg', 'pluggnb', 'rage rap', 'rap']	[2017, 2020, 2021]	4	3
4me3aAjTrjTDsSUnLcIXfZ	Domino Saints	['puerto rican pop']	[2020]	4	1
1XLWox9w1Yvbodui0SRhUQ	StaySolidRocky	['melodic rap']	[2020]	4	2
6bwp9ObI8FWvMPCIWVBmhl	Red Velvet - IRENE & SEULGI	['k-pop']	[2020]	4	0
6YVMFz59CuY7ngCxTxjpxE	aespa	['k-pop', 'k-pop girl group']	[2020, 2021, 2022]	4	0
4kGminzjw0Xj4vPyhyucrp	William Laura IiO	[]	[2020]	4	0
7bmYpVgQub656uNTu6qGNQ	Hwa Sa	['k-pop', 'korean talent show']	[2019, 2020, 2021]	4	1
790FomKkXshlbRYZFtlgla	KAROL G	['reggaeton', 'reggaeton colombiano', 'trap latino', 'urbano latino']	[2019, 2020, 2022]	4	4
60rpJ9SgigSd16DOAG7GSa	Billy Ray Cyrus	['country rock']	[2019, 2020]	4	4
1gBUSTR3TyDdTVFIaQnc02	NCT DREAM	['k-pop', 'k-pop boy group']	[2019, 2020, 2021]	4	0
3wcj11K77LjEY1PkEazffa	Burna Boy	['afrobeats', 'dancehall', 'nigerian hip hop', 'nigerian pop']	[2019, 2020, 2021]	4	4
45eNHdiiabvmbp4erw26rg	ILLENIUM	['edm', 'melodic dubstep', 'pop dance']	[2017, 2019, 2020]	4	4
0eXGbuvMWBpHQ5GE56OCq2	Stephanie Ho	['cantopop']	[2017, 2020, 2021]	4	0
0xRXCcSX89eobfrshSVdyu	MEDUZA	['pop dance', 'pop house', 'uk dance']	[2019, 2020, 2021]	4	4
6jGMq4yGs7aQzuGsMgVgZR	Lil Tjay	['brooklyn drill', 'melodic rap', 'nyc rap', 'rap']	[2019, 2020, 2021]	4	4
3uliDoM53tmgHUgFHLL5gG	湯瑪仕與眾香港人	['hong kong indie']	[2019, 2020]	4	0
0OzYRJJgttqlhZ63PHMndj	MC $oHo & KidNey	['cantopop', 'hk-pop', 'hong kong hip hop']	[2021, 2022]	4	0
1sBkRIssrMs1AbVkOJbc7a	Rick Ross	['dirty south rap', 'gangster rap', 'hip hop', 'rap', 'southern hip hop', 'trap']	[2019, 2021]	4	4
2n3uDrupL8UtFSeZhY38MS	Andy Lau	['c-pop', 'cantopop', 'classic mandopop']	[2019, 2021, 2022]	4	2
6USv9qhCn6zfxlBQIYJ9qs	Dominic Fike	['alternative pop rock', 'pov: indie']	[2019, 2021, 2022]	4	3
3pc0bOVB5whxmD50W79wwO	keshi	['chill r&b']	[2021, 2022]	4	0
41X1TR6hrK8Q2ZCpp2EqCz	bbno$	['canadian hip hop', 'dark trap', 'meme rap']	[2019, 2021]	4	4
1ooV8YZC1KbpEcrmI8WH0F	Yebba	['pop soul']	[2017, 2019, 2021]	4	4
1mcTU81TzQhprhouKaTkpq	Rauw Alejandro	['puerto rican pop', 'reggaeton', 'trap latino', 'urbano latino']	[2021]	4	2
5KKpBU5eC2tJDzf0wmlRp2	RAYE	['uk contemporary r&b', 'uk pop']	[2017, 2019]	4	4
41qil2VaGbD194gaEcmmyx	Will Smith	['hip hop', 'pop rap']	[2019]	4	1
2fVW2ix4ANKiofDZIsy1XR	Vargas & Lagola	['swedish pop']	[2017, 2019]	4	4
6Ad91Jof8Niiw0lGLLi3NW	YUNGBLUD	['british indie rock', 'modern rock', 'pov: indie', 'rock']	[2019]	4	4
00TKPo9MxwZ0j4ooveIxWZ	Loote	['alt z', 'nyc pop']	[2017, 2019]	4	3
50JJSqHUf2RQ9xsHs0KMHg	Jon Bellion	['indie pop rap']	[2017]	4	3
3J0BpFVUc9LeOIVeN5uNhU	Lauren Jauregui	['r&b']	[2017]	4	4
4tB1f1h4TQqDz4bNaibMpl	Emma Thompson	['movie tunes', 'show tunes']	[2017]	4	3
4YXycRbyyAE0wozTk7QMEq	Matoma	['pop dance', 'tropical house']	[2017]	4	4
6lB8vOoI4DRrrVxXwuV19c	Mike Perry	['pop dance', 'swedish tropical house']	[2017]	4	4
5IcR3N7QB1j6KBL8eImZ8m	ScHoolboy Q	['gangster rap', 'hip hop', 'pop rap', 'rap', 'southern hip hop', 'trap']	[2017, 2018]	3	3
6t1gpxYbY8OlLA7D2RiikQ	Loud Luxury	['edm', 'pop dance']	[2018]	3	3
4RSyJzf7ef6Iu2rnLdabNq	Willy William	[]	[2017, 2018]	3	3
3hteYQFiMFbJY7wS0xDymP	Gesaffelstein	['dark clubbing']	[2018, 2019]	3	3
2R21vXR83lH98kGeO99Y66	Anuel AA	['reggaeton', 'reggaeton flow', 'trap boricua', 'trap latino', 'urbano latino']	[2018, 2019]	3	3
6Vfc2kpU520XHaSRDRdNCG	Wilfred Lau	['cantopop']	[2017, 2018, 2020, 2021, 2022]	3	0
4gvkdged3Xw3ImXFm3jiay	Juliander	['swedish pop']	[2017, 2018, 2019]	3	3
2RDOrhPqAM4jzTRCEb19qX	Sheck Wes	['pop rap', 'rap', 'trap']	[2018, 2019]	3	1
5KEG7G8LDYlHgFDqZyEEs2	Chris Rea	['soft rock', 'sophisti-pop']	[2017, 2018, 2019, 2020, 2021]	3	0
7iZtZyCzp3LItcw1wtPI3D	Rae Sremmurd	['melodic rap', 'mississippi hip hop', 'rap', 'trap']	[2017, 2018]	3	3
1cg0bYpP5e2DNG0RgK2CMN	Joker Xue	['mandopop']	[2017, 2018, 2019, 2020]	3	0
4LEiUm1SRbFMgfqnQTwUbQ	Bon Iver	['chamber pop', 'eau claire indie', 'indie folk', 'melancholia', 'modern rock']	[2017, 2018, 2020]	3	2
4EefQ1H6Qg9W5Gv7eVLC9U	Jordan Chan	['cantopop', 'mandopop']	[2017, 2018, 2019, 2020]	3	0
7eCmccnRwPmRnWPw61x6jM	shy martin	['alt z', 'swedish electropop']	[2017, 2018]	3	1
3NPpFNZtSTHheNBaWC82rB	X Ambassadors	['modern alternative rock', 'modern rock', 'stomp pop']	[2017, 2018]	3	3
3NFZHFNSDK0Q8k3k38ysTp	Robynn & Kendy	['cantopop']	[2017, 2018, 2020]	3	0
4STHEaNw4mPZ2tzheohgXB	Paul McCartney	['beatlesque', 'classic rock', 'rock']	[2017, 2018, 2019, 2020, 2021]	3	0
07ZhipyrvoyNoJejeyM0PQ	Higher Brothers	['chinese hip hop']	[2018]	3	3
2iB8eFB6flwQculkUrRssi	AUGUST 08	['la pop', 'r&b']	[2018]	3	3
7nwUJBm0HE4ZxD3f5cy5ok	Aretha Franklin	['classic soul', 'jazz blues', 'memphis soul', 'soul', 'southern soul', 'vocal jazz']	[2018]	3	0
3mIj9lX2MWuHmhNCA7LSCW	The 1975	['modern alternative rock', 'modern rock', 'pop', 'pov: indie', 'rock']	[2018]	3	1
7v4imS0moSyGdXyLgVTIV7	Nat King Cole	['adult standards', 'lounge', 'soul', 'swing', 'vocal jazz']	[2017, 2018, 2019, 2020, 2021]	3	0
360IAlyVv4PCEVjgyMZrxK	Miguel	['r&b']	[2018]	3	3
5rSXSAkZ67PYJSvpUpkOr7	Backstreet Boys	['boy band', 'dance pop', 'pop']	[2018, 2019, 2020]	3	0
4IyiZtwIUAgoijPHAecLUp	Louis Koo	['cantopop', 'classic cantopop']	[2018, 2019, 2020]	3	2
5ChF3i92IPZHduM7jN3dpg	Nicky Romero	['big room', 'dutch edm', 'dutch house', 'edm', 'electro house', 'pop dance', 'progressive electro house']	[2017, 2018]	3	3
49e4v89VmlDcFCMyDv9wQ9	Dean Martin	['adult standards', 'easy listening', 'lounge', 'vocal jazz']	[2017, 2018, 2019, 2020, 2021]	3	0
3fMbdgg4jU18AjLCKBhRSm	Michael Jackson	['r&b', 'soul']	[2017, 2018]	3	2
6W2vV8PN9oogX3ZElQyIOU	曾樂彤	['cantopop']	[2018]	3	0
4WN5naL3ofxrVBgFpguzKo	Rudimental	['pop dance', 'uk dance', 'uk funky']	[2017, 2018]	3	3
1IueXOQyABrMOprrzwQJWN	Sigala	['dance pop', 'edm', 'pop dance', 'uk dance', 'uk pop']	[2017, 2018]	3	3
3KedxarmBCyFBevnqQHy3P	Jessie Reyez	['canadian contemporary r&b', 'canadian pop']	[2018, 2019]	3	3
66TrUkUZ3RM29dqeDQRgyA	Ella Eyre	['dance pop', 'talent show', 'uk dance', 'uk pop']	[2017, 2018]	3	3
20gsENnposVs2I4rQ5kvrf	Sam Feldt	['edm', 'pop dance', 'tropical house']	[2018, 2019]	3	3
6eUofOqC7jS5aPeTa1a71y	Fred Cheng	['cantopop']	[2017, 2018, 2021]	3	0
5JAvcp9qpuFY3hzaNbuC6m	戴祖儀	['cantopop']	[2018, 2020, 2021]	3	1
6wBoKKHhGDrxVtp6XMFpIP	Charlene Choi	['cantopop']	[2017, 2018]	3	3
3AdQ6LDXsMkJ83YXRZfhe3	Calvert Fu	['cantopop']	[2017, 2018]	3	0
5Hx1PRV6i7vQdc8gAGE8eq	SOPHY	['chinese electropop', 'chinese indie']	[2018, 2021]	3	2
38EmEgXkgK51MT2tPY0EoC	Bobby Helms	[]	[2017, 2018, 2019, 2020, 2021]	3	0
4gOc8TsQed9eqnqJct2c5v	K/DA	['k-pop girl group']	[2018, 2020]	3	3
1pPmIToKXyGdsCF6LmqLmI	Rich The Kid	['atl hip hop', 'melodic rap', 'plugg', 'rap', 'trap']	[2018]	3	1
48tRNx6mDy91ETezlPgihs	葉巧琳	['cantopop', 'hk-pop']	[2018, 2021, 2022]	3	1
7HV2RI2qNug4EcQqLbCAKS	Keala Settle	['broadway', 'hollywood', 'show tunes']	[2017, 2018]	3	3
6U1dBXJhC8gXFjamvFTmHg	Zac Efron	['hollywood', 'movie tunes', 'post-teen pop']	[2017, 2018, 2019]	3	3
0CEK8AzyeD5ZUdUloB6yQV	CADE	['pop edm']	[2017, 2018]	3	3
2F5W6Rsxwzg0plQ0w8dSyt	Leehom Wang	['mandopop', 'taiwan pop']	[2017, 2018, 2021]	3	1
6PXS4YHDkKvl1wkIl4V8DL	Fetty Wap	['new jersey rap', 'pop rap', 'rap', 'southern hip hop', 'trap']	[2017, 2018]	3	3
3tVQdUvClmAT7URs9V3rsp	Wizkid	['afrobeats', 'afropop', 'azonto', 'azontobeats', 'nigerian hip hop', 'nigerian pop']	[2017, 2018, 2019]	3	3
1l7ZsJRRS8wlW3WfJfPfNS	Christina Aguilera	['dance pop', 'pop']	[2017, 2018, 2019, 2020, 2021]	3	0
4xnihxcoXWK3UqryOSnbw5	Sasha Alex Sloan	['alt z']	[2018, 2020, 2021]	3	2
6T5tfhQCknKG4UnH90qGnz	DNCE	['dance pop', 'pop']	[2017, 2018]	3	1
4qBgvVog0wzW75IQ48mU7v	KYLE	['deep underground hip hop', 'indie pop rap', 'pop rap', 'viral trap']	[2017, 2018]	3	3
2lolQgalUvZDfp5vvVtTYV	Tony Bennett	['adult standards', 'easy listening', 'lounge', 'vocal jazz']	[2017, 2018, 2019, 2020, 2021]	3	1
391oLRVmoTkumiN79HkTWu	Darlene Love	[]	[2018, 2019, 2020, 2021]	3	0
43ZHCT0cAZBISjO8DG9PnE	Elvis Presley	['rock-and-roll', 'rockabilly']	[2017, 2018, 2019, 2020, 2021]	3	1
7bp2lSdh12wcA8LyB1srfJ	Sofia Carson	['pop']	[2018, 2019]	3	3
0wi4yTYlGtEnbGo4ltZTib	Shakin' Stevens	['classic uk pop', 'rockabilly']	[2018, 2019, 2020, 2021]	3	0
2h93pZq0e7k5yf4dywlkpM	Frank Ocean	['lgbtq+ hip hop', 'neo soul']	[2017, 2018]	3	2
4EzkuveR9pLvDVFNx6foYD	James Bay	['neo mellow', 'pop', 'uk pop']	[2018, 2019, 2021]	3	2
2JhAlkmukNvarUpGhTFXUQ	KARD	['k-pop']	[2017, 2018]	3	0
7uMh23xWiuR7zsNkuNcm2G	MNEK	['house', 'pop dance', 'uk contemporary r&b', 'uk dance', 'uk pop']	[2018, 2020, 2021]	3	3
1tqhsYv8yBBdwANFNzHtcr	Lil Dicky	['comedy rap', 'indie pop rap', 'pop rap']	[2018, 2019, 2020]	3	2
4NHQUGzhtTLFvgF5SZesLK	Tove Lo	['metropopolis', 'pop', 'swedish electropop', 'swedish pop', 'swedish synthpop']	[2017, 2018]	3	2
3df3XLKuqTQ6iOSmi0K3Wp	Faye Wong	['c-pop']	[2018, 2020, 2021]	3	0
7guDJrEfX3qb6FEbdPA5qi	Stevie Wonder	['motown', 'soul']	[2017, 2018, 2019, 2020, 2021]	3	0
1kvvEkC7PQfgfqtCi9YQau	Gigi Leung	['mandopop']	[2018, 2019, 2022]	3	1
6s22t5Y3prQHyaHWUN1R1C	AJR	['pov: indie']	[2017, 2018]	3	1
0A0FS04o6zMoto8OKPsDwY	YG	['cali rap', 'hip hop', 'pop rap', 'rap', 'southern hip hop', 'trap']	[2018, 2019]	3	3
7uaIm6Pw7xplS8Dy06V6pT	Trevor Daniel	['melodic rap']	[2019, 2020]	3	1
0FKCY0RpYu7s4NjJjZ5c9h	Lucifer	[]	[2020]	3	0
66W9LaWS0DPdL7Sz8iYGYe	JP Saxe	['alt z', 'canadian contemporary r&b', 'singer-songwriter pop']	[2019, 2020, 2021]	3	3
3JhJKzy3B7ZvOw2yMMJrYi	Saamoh	[]	[2020]	3	0
184p08MltU4ROf6KcE4EcY	Big Wade	[]	[2020]	3	0
3ZeztAMgHGcYuZoWHA9XAH	李靖筠	['cantopop', 'hk-pop']	[2020, 2021]	3	1
5rGrDvrLOV2VV8SCFVGWlj	Imanbek	['electro house', 'pop dance', 'slap house']	[2020]	3	3
5j2Rn3AXnIREkeZN1xvXnC	Trap Travolta	[]	[2020]	3	0
7pPpqGoziXMXhiX2sNVnaC	From Under Concrete Kings	[]	[2020]	3	0
4VjM3CWnw8V3gc0APhHuxs	Malik Vadheim	[]	[2020]	3	0
53LuqMfnq00vxVCCtwKLlq	Xo Muzik	[]	[2020]	3	0
6MPCFvOQv5cIGfw3jODMF0	Internet Money	['pop rap']	[2020, 2021]	3	3
2Cg6iCZ9MbuAnnaplGTdU6	TomFatKi	['hong kong hip hop']	[2020, 2021, 2022]	3	2
4EF9BbFD36NHW0OP6hegYE	Ali	[]	[2020]	3	3
6ASri4ePR7RlsvIQgWPJpS	iann dior	['melodic rap']	[2020, 2021]	3	3
175jl4E6s8nBYSEaQyEhS0	DNA	[]	[2020]	3	3
4F5TrtYYxsVM1PhbtISE5m	Beyond	['c-pop', 'cantopop', 'classic cantopop', 'hong kong rock']	[2019, 2020, 2021]	3	0
5e7WJRwth4l23zcCG9JaXE	Yoi Carrera	['reggaeton flow']	[2020]	3	1
3QJUFtGBGL05vo0kCJZsmT	salem ilese	['alt z', 'modern indie pop']	[2020, 2021, 2022]	3	2
6jPVueiSr0OHgVetuTuv5O	Idahams	['afroswing']	[2020]	3	1
6CCPTo8spdlKtdUOcK0rWi	Kenny Kwan	['cantopop']	[2020]	3	2
55VQ5zpeYDttAaBD9rAIh1	Phantom Caine	['ottawa rap']	[2020]	3	1
2Yt88vlNbTtl5SZQXLaLJg	Vaolight	[]	[2020]	3	0
4kVy1sDTGmCWzxmzY6soNZ	Alien Huang	['mandopop', 'taiwan pop']	[2020]	3	1
0TfSuWQ4dWP8Kay5nK17WW	Vivian Koo	['cantopop']	[2017, 2020, 2021, 2022]	3	0
7FNnA9vBm6EKceENgCGRMb	Anitta	['funk pop', 'funk rj', 'pagode baiano', 'pop', 'pop nacional']	[2017, 2019, 2020]	3	3
1sPpJhevOYz54gNgeh2LaV	Keak Da Sneak	['cali rap', 'hyphy', 'oakland hip hop', 'west coast rap']	[2020]	3	3
7z5WFjZAIYejWy0NI5lv4T	Dan + Shay	['contemporary country', 'country', 'country road']	[2019, 2020, 2021, 2022]	3	2
7cVZApDoQZpS447nHTsNqu	LeeHi	['k-pop']	[2017, 2019, 2020]	3	1
5BHFSMEjfLVx1JwRWjAOsE	SuperM	['k-pop']	[2019, 2020]	3	0
0Vw76uk7P8yVtTClWyOhac	HONNE	['uk pop']	[2019, 2020]	3	0
58oPVy7oihAEXE0Ott6JOf	Eve	['anime', 'anime rock']	[2020, 2021]	3	0
6meoVcVUhv4hwKvotSlGlY	Big Loso	[]	[2020]	3	0
2yWuZNN7Nu49CTcEE5komb	Taylor Cash	[]	[2020]	3	0
6ZIrC0TnBbZHZN3y2L1Ycx	RealDeal Berns	[]	[2020]	3	0
6aLdhHUqgdKE86xbtNmY8g	Crush	['k-pop', 'korean r&b']	[2017, 2019, 2020]	3	1
6nS5roXSAGhTGr34W6n7Et	Disclosure	['edm', 'house', 'indietronica', 'uk dance']	[2019, 2020]	3	3
6GC33IJFo0PDw5bsazEzpj	Pirate Snake	['brazilian edm']	[2020]	3	2
0Q8AehpRmiUQZDdzXTIg18	Elband	[]	[2020]	3	0
70kkdajctXSbqSMJbQO424	Kacey Musgraves	['classic texas country', 'contemporary country', 'country dawn']	[2019, 2020]	3	1
7ltDVBr6mKbRvohxheJ9h1	ROSALÍA	['pop', 'r&b en espanol']	[2019, 2020, 2021]	3	3
1W7FNibLa0O0b572tB2w7t	Pink Sweat$	['bedroom soul']	[2020, 2021, 2022]	3	0
0GM7qgcRCORpGnfcN2tCiB	Tainy	['pop reggaeton', 'reggaeton', 'trap latino', 'urbano latino']	[2019, 2020, 2021]	3	3
5yocZHV4puj9QHb4xAXAtL	Mr.	['cantopop']	[2017, 2020, 2021, 2022]	3	0
2019zR22qK2RBvCqtudBaI	OH MY GIRL	['k-pop', 'k-pop girl group']	[2020, 2021]	3	0
2nm38smINjms1LtczR0Cei	Goodboys	['pop dance', 'uk dance']	[2019, 2020]	3	3
0vRvGUQVUjytro0xpb26bs	Arizona Zervas	['pop rap', 'rhode island rap']	[2019, 2020]	3	0
3XDNaJG2TakPZ48n2GJ0NN	Chilam	['cantopop', 'classic cantopop']	[2017, 2019, 2020]	3	0
0fA0VVWsXO9YnASrzqfmYu	Kid Cudi	['hip hop', 'ohio hip hop', 'pop rap', 'rap']	[2020, 2021, 2022]	3	3
4rTv3Ejc7hKMtmoBOK1B4T	Ali Gatie	['canadian hip hop']	[2019, 2020]	3	0
5he5w2lnU9x7JFhnwcekXX	Skrillex	['brostep', 'complextro', 'edm', 'electro', 'pop dance']	[2017, 2019, 2021]	3	3
7f4ignuCJhLXfZ9giKT7rH	NCT 127	['k-pop', 'k-pop boy group']	[2021]	3	0
1nzgtKYFckznkcVMR3Gg4z	KSI	['uk hip hop']	[2021]	3	2
5mzNf31zfzrdyD8x9fzcd4	Jade Kwan	['cantopop']	[2021]	3	1
1a8TIH1iv3shLyozSMjaoX	mansonvibes	['hk-pop']	[2021]	3	1
4lYAh2AEuTUZsFPmuS2luG	193	['hk-pop']	[2021, 2022]	3	1
5L1lO4eRHmJ7a0Q6csE5cT	LISA	['k-pop']	[2021, 2022]	3	1
3y1b2eef2HLeYyqFJLtH4p	ミドリーズ	[]	[2021]	3	3
5snNHNlYT2UrtZo5HCJkiw	Epik High	['k-pop', 'k-rap', 'korean old school hip hop']	[2019, 2021]	3	3
5H6xmHXjsq98NLbEjuE29f	NEIKED	['scandipop']	[2017, 2021]	3	3
0yknwn0XnsbFLagS80AA0n	Byejack	['hk-pop']	[2021, 2022]	3	3
7hJcb9fa4alzcOq3EaNPoG	Snoop Dogg	['g funk', 'gangster rap', 'hip hop', 'pop rap', 'rap', 'west coast rap']	[2021, 2022]	3	3
4sTQVOfp9vEMCemLw50sbu	Galantis	['dance pop', 'edm', 'pop', 'pop dance']	[2017, 2019, 2021]	3	2
7vUVBbfIykXkc668JoZI5P	吳林峰	['cantopop', 'hk-pop', 'hong kong indie']	[2021, 2022]	3	1
5dCvSnVduaFleCnyy98JMo	HEIZE	['k-pop', 'korean pop', 'korean r&b']	[2017, 2019, 2021]	3	3
4exLIFE8sISLr28sqG1qNX	Travis Barker	['rap rock']	[2019]	3	3
0id62QV2SZZfvBn9xpmuCl	Aloe Blacc	['pop soul', 'r&b']	[2019]	3	3
6ZLTlhejhndI4Rh53vYhrY	Ozzy Osbourne	['album rock', 'alternative metal', 'birmingham metal', 'classic rock', 'glam metal', 'hard rock', 'metal', 'nu metal', 'rock']	[2019]	3	3
3AQRLZ9PuTAozP28Skbq8V	The Script	['celtic rock', 'pop']	[2017]	3	0
0q4NrXqJnc367PieejuROJ	Vice	['chicano rap']	[2017]	3	3
6kXm2YCtdUOpRYNKeKhfue	Ryan Gosling	['hollywood']	[2017]	3	2
4ryoUS0W8qXokfMxrlJt6O	Skip Marley	['modern reggae']	[2017]	3	3
105Paee9vmV5rfLSG652e1	Ewan McGregor	['hollywood', 'movie tunes']	[2017]	3	3
4poDCMNdZuW1XNK5deqmSj	Ian McKellen	[]	[2017]	3	3
0ZrekatCWFPF9GPKApg9EA	Gugu Mbatha-Raw	[]	[2017]	3	3
6udveWUgX4vu75FF0DTrXV	TAEYANG	['k-pop', 'korean r&b']	[2017]	3	0
2KsP6tYLJlTBvSUxnwlVWa	Mike Posner	['dance pop', 'pop', 'pop rap']	[2017]	3	3
6x2LnllRG5uGarZMsD4iO8	Thomas Rhett	['contemporary country', 'country', 'country road', 'modern country rock']	[2017]	3	1
4kYGAK2zu9EAomwj3hXkXy	JP Cooper	['uk pop']	[2017]	3	2
51Blml2LZPmy7TTiAg47vQ	U2	['irish rock', 'permanent wave', 'rock']	[2017]	3	2
3iOvXCl6edW5Um0fXEBRXy	The xx	['downtempo', 'dream pop', 'indietronica']	[2017]	3	0
37Qsf5KCKljH7mL134xp4k	Saudi	['south african hip hop']	[2018]	2	2
5uEeqYFuIChoWKy34jp8xE	Brando	['dance pop', 'pop dance']	[2018]	2	2
0bdJZl7TDeiymDYzMJnVh2	Preme	['canadian hip hop', 'canadian trap', 'toronto rap']	[2017, 2018]	2	1
1SglpJrPltamdJLLwInIL7	Sam Hui	['c-pop', 'classic cantopop', 'vintage cantonese pop']	[2017, 2018, 2019, 2020, 2021, 2022]	2	1
5T8zbK3dic52T9bFu0aY8z	Sophia Somajo	['swedish electropop']	[2018]	2	2
7EQ0qTo7fWT7DPxmxtSYEc	Bastille	['metropopolis', 'modern rock', 'pop']	[2018, 2019, 2020]	2	2
2ysnwxxNtSgbb9t1m2Ur4j	George Ezra	['folk-pop', 'neo-singer-songwriter']	[2017, 2018, 2019, 2020]	2	0
76yeOnINtQSXyoEHbkYmtY	Drew Love	[]	[2018]	2	2
7EEiVZvj6RCEtVX2F2pyxu	Slim Jxmmi	['trap']	[2018]	2	2
1CoZyIx7UvdxT5c8UkMzHd	Jorja Smith	['r&b', 'uk contemporary r&b']	[2017, 2018]	2	1
2JLqTvFXmC87BksiCsBezV	Matt Terry	['talent show']	[2017, 2018]	2	0
5hzXPEu0WeYHg3zQts4BGX	Dough-Boy	['hong kong hip hop']	[2018, 2019]	2	1
0MHgLfmQdutffmvWe5XBTN	Burl Ives	['adult standards', 'american folk revival']	[2017, 2018, 2019, 2020, 2021]	2	0
3EXdLajEO02ziZ90P90bSW	Lil Xan	['cloud rap']	[2017, 2018, 2020]	2	1
29QbBR0oTzA7A0kiOzrbbr	Jamie Scott	['uk pop']	[2017, 2018]	2	2
5gWzmnHTLNXz5CjOc0wAuK	Romy Dya	['dutch pop']	[2017, 2018]	2	2
1eMmoIprPDWeFdB1FxU6ZV	Au/Ra	['alt z', 'deep pop edm']	[2018, 2019]	2	2
6064pL9Hu3Wx2bwJMeOx6o	Tomine Harket	[]	[2018, 2019]	2	2
5UjifI1TYefXWn9GdqDOHl	Social House	[]	[2018, 2019, 2020]	2	2
7d3WFRME3vBY2cgoP38RDo	Lil Skies	['melodic rap']	[2018]	2	2
04ei5kNgmDuNAydFhhIHnD	Landon Cube	['pop rap']	[2018]	2	2
3hyEbRtp617pNCuuQjyOmc	Lost Kings	['pop dance', 'pop edm']	[2017, 2018]	2	2
1THfyLd3iyJYJ6X2U36K0y	Edmond Leung	['cantopop', 'classic cantopop']	[2017, 2018, 2020]	2	0
4cPHsZM98sKzmV26wlwD2W	Brenda Lee	['adult standards', 'easy listening', 'lounge', 'rockabilly']	[2017, 2018, 2019, 2020, 2021]	2	0
1SupJlEpv7RS2tPNRaHViT	Nicky Jam	['latin hip hop', 'reggaeton', 'trap latino', 'urbano latino']	[2018]	2	2
4f9iBmdUOhQWeP7dcAn1pf	Rag'n'Bone Man	['neo soul']	[2018, 2019]	2	1
35S20clEkkSNUo23ViaslZ	Band Aid	['musical advocacy']	[2017, 2018, 2019, 2020, 2021]	2	0
7gP3bB2nilZXLfPHJhMdvc	Foster The People	['indietronica', 'modern alternative rock', 'modern rock', 'rock']	[2017, 2018]	2	1
7qJmFr579WC8MMGj4PiWdu	Jane Zhang	['mainland chinese pop']	[2017, 2018]	2	1
2LAqcqAQ8KPTsl1HBgBrqM	Michelle Williams	['hollywood']	[2017, 2018]	2	1
0JXiS2FrAg3wQYJHcmZdrc	B. Swanson Quartet	[]	[2017, 2018, 2019, 2020, 2021]	2	2
2wIVse2owClT7go1WT98tk	Missy Elliott	['dance pop', 'hip hop', 'hip pop', 'neo soul', 'pop rap', 'r&b', 'rap', 'urban contemporary', 'virginia hip hop']	[2018, 2020]	2	2
4olE3I5QU0dvSR7LIpqTXc	WATT	['modern alternative rock']	[2017, 2018, 2019]	2	2
6R9hiQr5QgAp3qUEt8xthd	BOYZ	['cantopop']	[2018, 2019]	2	0
0gadJ2b9A4SKsB1RFkBb66	Passenger	['folk-pop', 'neo mellow']	[2017, 2018, 2020]	2	0
0haZhu4fFKt0Ag94kZDiz2	Sofía Reyes	['latin pop', 'latin viral pop', 'mexican pop', 'reggaeton']	[2018, 2019]	2	2
3JXpwnHbLvXxY99EuXqFPX	Poo Bear	['pop r&b']	[2017, 2018]	2	2
0vn7UBvSQECKJm2817Yf1P	James Taylor	['classic rock', 'folk', 'folk rock', 'heartland rock', 'mellow gold', 'singer-songwriter', 'soft rock']	[2018]	2	2
1INuLZXjjVbcJRyWvD1iSq	Jack & Jack	['pop', 'teen pop']	[2018, 2019]	2	2
6jsjhAEteAlY0vCiLvMLBA	ROZES	['alt z', 'indie poptimism']	[2017, 2018, 2020]	2	1
2S2Qdi3DLnHZhk8wb8N6Ni	Dusty Bottle	['hong kong indie', 'hong kong rock']	[2018, 2019]	2	1
0tRFWXqKBBQcu5oFVOgVzX	Jaira Burns	['alt z']	[2018, 2020]	2	2
2ZRQcIgzPCVaT9XKhXZIzh	Gryffin	['edm', 'pop dance']	[2017, 2018]	2	2
67MNhiAICFY6Pwc2YxCO0K	Elley Duhé	['alt z']	[2018, 2019]	2	2
3CjlHNtplJyTf9npxaPl5w	CHVRCHES	['indietronica', 'metropopolis', 'neo-synthpop', 'shimmer pop']	[2018, 2019]	2	1
6CwfuxIqcltXDGjfZsMd9A	MARINA	['metropopolis', 'pop', 'pov: indie', 'uk alternative pop']	[2018]	2	2
5wPoxI5si3eJsYYwyXV4Wi	N.E.R.D	['hip hop', 'virginia hip hop']	[2017, 2018]	2	2
54gWVQFHf8IIqbjxAoOarN	AOA	['k-pop', 'k-pop girl group']	[2017, 2018]	2	0
2ExGrw6XpbtUAJHTLtUXUD	Stefflon Don	['dancehall', 'dancehall queen', 'uk dancehall', 'uk hip hop']	[2017, 2018]	2	2
0EmeFodog0BfCgMzAIvKQp	Shakira	['colombian pop', 'dance pop', 'latin pop', 'pop']	[2017, 2018]	2	2
3WYT2b8pOLsLsqSaoWYr7U	Sodagreen	['mandopop']	[2017, 2018]	2	0
5A1WUbg78hijUUwrYTxuil	顏卓靈	['cantopop']	[2018, 2020]	2	1
7KMqksf0UMdyA0UCf4R3ux	James Blunt	['neo mellow', 'pop rock']	[2017, 2018]	2	1
3Isy6kedDrgPYoTS1dazA9	Sean Paul	['dance pop', 'dancehall', 'pop', 'pop rap']	[2017, 2018]	2	2
6O74knDqdv3XaWtkII7Xjp	Boyz II Men	['boy band', 'contemporary r&b', 'new jack swing', 'r&b', 'urban contemporary']	[2018]	2	2
1S16q32RGpHpFrcxnI6LM8	Yanki Din	['cantopop', 'hong kong hip hop']	[2017, 2018]	2	0
6xvpfMjWTougrRRtK7iikz	Mason Ramsey	['contemporary country', 'country']	[2018, 2019]	2	1
7K78lVZ8XzkjfRSI7570FF	José Feliciano	['latin pop', 'puerto rican pop']	[2017, 2018, 2019, 2020, 2021]	2	0
4yN0M1P08hXwuDi81G6O5U	Denise Ho	['cantopop', 'hong kong indie']	[2017, 2018, 2019, 2020]	2	0
4as3khXWaPjfkFdCA0JWMo	Jesse®	['modern alternative pop']	[2018]	2	2
5R56NYbLCC2HpOwlYBnmeN	Kelly Yu	['mainland chinese pop', 'mandopop']	[2018, 2019, 2020]	2	0
5lKZWd6HiSCLfnDGrq9RAm	Leona Lewis	['british soul', 'dance pop', 'pop', 'talent show']	[2017, 2018, 2019, 2020, 2021]	2	1
26AHtbjWKiwYzsoGoUZq53	Pentatonix	['a cappella', 'viral pop']	[2017, 2018, 2020]	2	0
2FXC3k01G6Gw61bmprjgqS	Hozier	['irish singer-songwriter', 'modern rock', 'pop', 'pov: indie']	[2017, 2018]	2	0
1CO6e7WRJvSFenmQO8n64C	Zhavia	['post-teen pop']	[2018, 2019]	2	2
2gsggkzM5R49q6jpPvazou	Jessie J	['dance pop', 'pop']	[2017, 2018, 2019, 2020, 2021]	2	1
4bL2B6hmLlMWnUEZnorEtG	Felix Jaehn	['edm', 'german dance', 'pop dance', 'tropical house']	[2018, 2019]	2	2
3tQx1LPXbsYjE9VwN1Peaa	Marc E. Bassy	['indie pop rap']	[2017, 2018]	2	2
4RVnAU35WRWra6OZ3CbbMA	Kylie Minogue	['australian dance', 'australian pop', 'dance pop', 'eurodance', 'new wave pop']	[2017, 2018, 2019, 2020, 2021]	2	0
4sj6D0zlMOl25nprDJBiU9	Andy Williams	['adult standards', 'easy listening']	[2017, 2018, 2019, 2020, 2021]	2	0
0LyOADBjj28cbvJWTXUEGA	Loren Allred	['deep talent show', 'hollywood', 'movie tunes']	[2017, 2018]	2	0
4x1nvY2FN8jxqAFA0DA02H	John Lennon	['beatlesque', 'classic rock', 'rock']	[2017, 2018, 2019, 2020, 2021]	2	2
2s4tjL6W3qrblOe0raIzwJ	Yoko Ono	['experimental', 'experimental pop']	[2017, 2018, 2019, 2020, 2021]	2	2
23zg3TcAtWQy7J6upgbUnj	Usher	['atl hip hop', 'contemporary r&b', 'dance pop', 'pop', 'r&b', 'rap', 'south carolina hip hop', 'urban contemporary']	[2018, 2019, 2020, 2021]	2	2
4mHAu7NX2UNsnGXjviBD9e	Brooks	['dutch house', 'edm', 'electro house', 'future house', 'pop dance', 'pop edm', 'progressive electro house']	[2018, 2019]	2	2
20wkVLutqVOYrc0kxFs7rA	Daniel Caesar	['canadian contemporary r&b']	[2018, 2019, 2021, 2022]	2	2
3Y7RZ31TRPVadSFVy1o8os	H.E.R.	['r&b', 'rap']	[2018, 2019]	2	2
5X4LWwbUFNzPkEas04uU82	DVBBS	['canadian electronic', 'dutch house', 'edm', 'electro house', 'pop dance', 'progressive electro house', 'slap house']	[2017, 2018]	2	2
3EOEK57CV77D4ovYVcmiyt	Dennis Lloyd	['israeli pop']	[2018, 2019]	2	0
3ytV7vc4ZuwGgwaOuWvkk8	MINO	['k-pop']	[2018, 2020]	2	0
1TcbdifqhtxLz77unBYJ7z	CORSAK	['chinese electropop']	[2018, 2019]	2	2
1XtqhbH2mw54S87c4d4v2v	J.Arie	['cantopop', 'hk-pop']	[2017, 2018]	2	0
1EUq1MC4vfYYxcVK9aJnXf	Della	['mandopop']	[2017, 2018, 2019]	2	0
5CEOjEr0WAtfiVGGmxOxB9	Yue Chun Giu	['hk-pop']	[2017, 2018]	2	1
51ZbCFgOspWvhBjd1DUYEV	Candy Lo	['cantopop']	[2017, 2018]	2	0
12R4xLffHpVEHp6ITRJeli	Adason Lo	['cantopop']	[2017, 2018]	2	0
6noxsCszBEEK04kCehugOp	A-Mei Chang	['mandopop']	[2017, 2018, 2019, 2020, 2021]	2	2
6Ff53KvcvAj5U7Z1vojB5o	*NSYNC	['boy band', 'dance pop', 'pop']	[2017, 2018, 2019, 2020, 2021]	2	0
1LOB7jTeEV14pHai6EXSzF	Cash Cash	['dance pop', 'edm', 'electro house', 'electropowerpop', 'pop dance']	[2017, 2018]	2	2
3iri9nBFs9e4wN7PLIetAw	gnash	['alt z', 'pop']	[2017, 2018]	2	1
4NtDRhFDqdfyTiahAuBbCt	Shine	['cantopop']	[2018]	2	0
14hV8HTKYMZ5nzeaLdLp63	Shirley Kwan	['c-pop', 'cantopop', 'classic cantopop']	[2018, 2022]	2	0
5vBSrE1xujD2FXYRarbAXc	Years & Years	['gauze pop', 'pop', 'uk pop']	[2018]	2	0
7H55rcKCfwqkyDFH9wpKM6	Christina Perri	['pop']	[2017, 2018, 2019, 2020, 2021, 2022]	2	0
4yiQZ8tQPux8cPriYMWUFP	Gwen Stefani	['dance pop', 'pop']	[2017, 2018, 2019, 2020, 2021]	2	2
1UTPBmNbXNTittyMJrNkvw	Blake Shelton	['classic oklahoma country', 'contemporary country', 'country', 'country road']	[2017, 2018, 2019, 2020, 2021]	2	2
6ydoSd3N2mwgwBHtF6K7eX	Calum Scott	['pop']	[2018, 2022]	2	1
28gf2piFx6cAKOMIwcky5a	A-Lin	['mandopop']	[2018, 2019, 2020, 2021]	2	0
5v8jlSmAQfrkTjAlpUfWtu	Perry Como	['adult standards', 'easy listening']	[2017, 2018, 2019, 2020, 2021]	2	2
1Ml4OuStDoympbREURAM15	The Fontane Sisters	['deep adult standards', 'vocal harmony group']	[2017, 2018, 2019, 2020, 2021]	2	2
0HS96tPggl2nwiz3gNWWI5	Mitchell Ayres & His Orchestra	"[""man's orchestra""]"	[2017, 2018, 2019, 2020, 2021]	2	2
2kHxkdiKCSnHMkhIgFBZaI	Kristen Bell	['movie tunes']	[2019, 2020]	2	1
4dSQICBjdUIp5iK6RRU2bY	Josh Gad	['movie tunes', 'show tunes']	[2019, 2020]	2	1
7KkqUt65v6LMtR369OQ6FB	Jonathan Groff	['broadway', 'hollywood', 'movie tunes', 'show tunes']	[2019, 2020]	2	1
0SD9SSTuZmhRUU9lN8N1rP	Jumabee	[]	[2020]	2	2
3cIGkoXGZEIoq02Y0rSBnb	Collins Isco	[]	[2020]	2	1
2NjfBq1NflQcKSeiDooVjY	Tones And I	['australian pop']	[2019, 2020, 2021]	2	0
34qiktauDIjXznVqNvYxuv	Mukaybin Mukayze	[]	[2020]	2	0
5PrgLbXCUsubrpDQyKBAzu	Eclectic Fuller	[]	[2020]	2	0
68TCVp5t1Dxi2TvNuYoYK0	OHHYUK	['korean pop']	[2017, 2020]	2	2
4VwnhvGEWCWIGfVZO59Erx	Jalen McMillan	[]	[2020]	2	2
3oMHsU87DDs58fT0BHY6y9	Dj Plae	[]	[2020]	2	2
6tWH6gszrNBJEORqz2zc4p	Ute	[]	[2020]	2	0
4gQD1qzla7RCzB74Ps3qLy	Curt Digg	[]	[2020]	2	1
3q7HBObVc0L8jNeTe5Gofh	50 Cent	['east coast hip hop', 'gangster rap', 'hip hop', 'pop rap', 'queens hip hop', 'rap']	[2019, 2020]	2	2
0ZM5R64u0bJ0TuCvnM72FN	Smurf Hicks	[]	[2020]	2	2
56mfhUDKa1vec6rSLZV5Eg	Jawsh 685	['nz pop']	[2020, 2021]	2	2
4wkgiEp9h5fYlAnPfdqhLe	Arian Romal	[]	[2020]	2	0
0KLoDGhaSkX3k59O9PzniB	Maxim Schunk	['covertronica']	[2020]	2	1
1WsYCXdezMjn0KoIrLvMmC	Ed Sheeran & Justin Bieber	[]	[2019, 2020, 2021]	2	2
0Atd8VjdznZIVpdbKV6bVS	Johnny Breeze	[]	[2020]	2	0
7FqDFQyKBIeuOHkcRpRgVH	Aquarius Jones	[]	[2020]	2	0
4k5fFEYgkWYrYvtOK3zVBl	BOL4	['k-pop']	[2019, 2020]	2	1
6H93wOohK6r1MwGh41Z4Nb	Ashin Chen	['taiwan pop']	[2019, 2020, 2021, 2022]	2	2
2DNe29u3NiB7u8k8RS5IuD	Ekin Cheng	['c-pop', 'cantopop', 'classic cantopop']	[2019, 2020]	2	0
54YXz4FYU4KpSOsg5UN82h	Linards Zarins	[]	[2020]	2	0
3TtgOeQcNkf9WVDA4xPBJM	831	['mandopop', 'taiwan idol pop']	[2020, 2021, 2022]	2	0
5dV5ckXSrDRtFhBCgAvHCy	Buunkin	[]	[2020]	2	1
0myGgJnjnuNPW5THHBOyEO	6ixclouttv	[]	[2020]	2	2
08Ld63UgKrJ0nZnCkzHtzc	Project Pat	['crunk', 'dirty south rap', 'gangster rap', 'memphis hip hop', 'trap']	[2020, 2021]	2	2
1cNDP5yjU5vjeR8qMf4grg	YNW Melly	['melodic rap', 'rap']	[2019, 2020]	2	0
7a03trl3DsjXSPmUCUMZl8	MM	[]	[2020]	2	2
4ofCBoyEiGSePFAG500xev	Regard	['pop dance', 'pop edm', 'slap house', 'uk dance']	[2019, 2020, 2021]	2	1
32zZKuwUNyOlweJgVMPkiO	Sossa	[]	[2020]	2	0
68WgL8A3ikCI2AKj3ny2Yg	Floating in Space - Project	[]	[2020]	2	0
7GaxyUddsPok8BuhxN6OUW	James Brown	['funk', 'soul']	[2020]	2	0
0KhXIlNwQOpfQm5VlGdKRS	Neya	[]	[2020]	2	1
3hcs9uc56yIGFCSy9leWe7	Lil Durk	['chicago drill', 'chicago rap', 'drill', 'hip hop', 'rap', 'trap']	[2020, 2021]	2	2
2J3qGaj5UzHvu0fjlLgb8k	Steven Halpern	['healing', 'meditation', 'sleep']	[2020]	2	1
48FogxD38C2iW0DYpfIJoC	Windy Guai	[]	[2020]	2	0
3JsHnjpbhX4SnySpvpa9DK	V	['j-division', 'korean ost']	[2020, 2021, 2022]	2	0
4cZsAmM0T5pkQ0zCRZYsyH	Shunji Itani	[]	[2020]	2	0
21E9b2MvHFItumvvD5YWma	The Notorious Rio	[]	[2020]	2	0
3lbgPpyP2yep0sqwWTgasT	Aaron Kwok	['c-pop', 'cantopop', 'classic cantopop']	[2020]	2	1
0uNMRBeGbxaCg1aFo8q4Lc	Rachel Mason	[]	[2020]	2	0
5pL7O28dW6WWjzuOvUbmBQ	uPsTa!Rs	[]	[2020]	2	0
3hRS09qjQtGoGcC0HfDPi7	Luca Natale	[]	[2020]	2	0
3MyB0MyKec3Jq0AH2llk7v	Evan Rachel Wood	['hollywood', 'movie tunes']	[2019, 2020]	2	1
75MdK53G9aDq2CNcvaefWV	SomeArabGuy	[]	[2020]	2	2
65pqRX6tlJDCqdpmh3kUNi	Trippjones	['phonk']	[2020]	2	0
6nVcHLIgY5pE2YCl8ubca1	Jhayco	['reggaeton', 'trap latino', 'urbano latino']	[2020, 2021]	2	2
65epDBv5elxypoA07rXg29	LMF	['cantopop', 'hong kong hip hop']	[2019, 2020, 2022]	2	0
4fbvNLpGvqBWKt7pVGzdV8	Shirley Chen	['mainland chinese pop']	[2019, 2020]	2	0
5L4EafeXwZ0stGuPtGr5Tz	Rain	['classic k-pop']	[2020, 2021]	2	1
4KbI0lAZIXTsbAEo0CtlpA	Harj Savage	[]	[2020]	2	0
7arQA31aZVS8yS6zUveWzb	CJ	['nyc rap']	[2020, 2021]	2	0
2TL8gYTNgD6nXkyuUdDrMg	Jasmine Thompson	['viral pop']	[2017, 2020]	2	2
6zn0ihyAApAYV51zpXxdEp	10cm	['korean pop']	[2017, 2020]	2	0
34vczd9WFRojvNu5O4aTi9	Olivier Decrouille	[]	[2020]	2	2
1vSN1fsvrzpbttOYGsliDr	Tori Kelly	['pop', 'post-teen pop']	[2020]	2	1
3oSJ7TBVCWMDMiYjXNiCKE	Kane Brown	['black americana', 'contemporary country', 'country', 'country road']	[2019, 2020]	2	2
4U6245OE6dlqMEOjDpWJzn	Jban$2Turnt	['atl trap']	[2020]	2	0
14S401X24Oc71lkwhjhxsS	John Daniels Band	[]	[2020]	2	0
4jpsw9CQS439N0B7SecMgf	Ant Saunders	['chill r&b', 'viral rap']	[2019, 2020]	2	0
1Do4bSzfUl0KWL9r1fITu0	Yoon Mirae	['k-pop', 'korean ost', 'korean pop', 'korean r&b']	[2017, 2020]	2	0
4ytkhMSAnrDP8XzRNlw9FS	Vince Guaraldi Trio	['jazz trio']	[2017, 2020]	2	0
0YinUQ50QDB7ZxSCLyQ40k	Mustard	['cali rap', 'pop rap', 'rap', 'southern hip hop', 'trap']	[2019, 2020]	2	2
42FjIZQ8ICjxyXedscgA2n	Sita Chan	['cantopop']	[2017, 2020]	2	0
3XxxEq6BREC57nCWXbQZ7o	Jamie Cullum	['contemporary vocal jazz', 'jazz pop', 'neo mellow']	[2017, 2020]	2	0
26cMerAxjx9GedFt0lMDjm	Bella Poarch	['modern alternative pop']	[2021]	2	1
01XYiBYaoMJcNhPokrg0l0	STAYC	['k-pop', 'k-pop girl group']	[2021, 2022]	2	0
14wCkmaUSQPkMjqo0MRhRv	Terence Siufay 小肥	[]	[2021, 2022]	2	1
07KI4ayN7XEoAVkYdRq6FA	Alan Po	['cantopop', 'hk-pop']	[2021, 2022]	2	0
6n28c9qs9hNGriNa72b26u	PNAU	['alternative dance', 'aussietronica', 'australian dance', 'australian electropop']	[2021, 2022]	2	2
1ke6AhABWt342nBwFBUiIT	吳君如	[]	[2021, 2022]	2	1
0Pe7Z6GVLPZy15Yo9gH1Qy	石山街	['hk-pop']	[2021]	2	0
6cK3NBO6uP7hh0oyuVELFl	Saweetie	['cali rap', 'trap queen']	[2021]	2	2
5t5FqBwTcgKTaWmfEbwQY9	ENHYPEN	['anime', 'k-pop boy group']	[2021, 2022]	2	0
7lbSsjYACZHn1MSDXPxNF2	Hikaru Utada	['anime', 'classic j-pop', 'j-pop', 'japanese singer-songwriter']	[2021]	2	0
7AIrMj0FrW9ouOsSfTjhd9	JNYBeatz	['hong kong hip hop']	[2021, 2022]	2	2
6OwKE9Ez6ALxpTaKcT5ayv	AKMU	['k-pop']	[2019, 2021]	2	1
6QYehwA9q6UQEMs1Vak0uy	Feng Ze	['singaporean mandopop', 'singaporean singer-songwriter', 'taiwan pop']	[2021, 2022]	2	2
0lAWpj5szCSwM4rUMHYmrr	Måneskin	['indie rock italiano', 'italian pop', 'pop']	[2021]	2	0
7t5H3uQv0Zw6cQUnSTF5BB	Brave Girls	['k-pop', 'k-pop girl group']	[2021]	2	0
1gpUtHqrKRAEy8w7ojs8l5	Kiri T	['chinese electropop']	[2021, 2022]	2	2
0bAsR2unSRpn6BQPEnNlZm	Aimer	['anime', 'anime rock', 'j-pixie', 'j-pop', 'j-poprock']	[2021, 2022]	2	1
6UbmqUEgjLA6jAcXwbM1Z9	BIBI	['k-pop', 'korean r&b']	[2021, 2022]	2	2
10exVja0key0uqUkk6LJRT	Vance Joy	['folk-pop', 'modern rock']	[2017, 2021]	2	1
1uU7g3DNSbsu0QjSEqZtEd	Masked Wolf	['australian hip hop']	[2021]	2	0
7McwvS0kWbED0fxl6orCjA	Gigi炎明熹	['hk-pop']	[2021]	2	1
15gjdkbTAdGepZQ6URumfU	Fatboy	['hk-pop']	[2021, 2022]	2	1
4BBN286rBKyCWsSPq2cxYO	Sam Kim	['k-pop', 'korean r&b']	[2017, 2021]	2	0
1SwnEZ4IUZF2CEsWOM0E2L	ANSONBEAN	['hk-pop']	[2021]	2	1
6G7bdG4rBz6OQgKudNjoGL	Pong Nan	['cantopop']	[2019, 2021]	2	0
3eVa5w3URK5duf6eyVDbu9	ROSÉ	['k-pop']	[2021]	2	0
2o08sCWF5yyo2G4DCiT7T9	HVME	['slap house']	[2021]	2	1
46MWeeHNVMYRIIofQBEX98	BEAM	['trap soul']	[2021]	2	2
7wlFDEWiM5OoIAt8RSli8b	YoungBoy Never Broke Again	['baton rouge rap', 'rap']	[2019, 2021]	2	2
6aZyMrc4doVtZyKNilOmwu	Colbie Caillat	['dance pop', 'neo mellow', 'pop']	[2019, 2021]	2	2
7y3HnWCFEvWj4KM9GFSkiX	WeiBird	['chinese r&b', 'mandopop', 'taiwan singer-songwriter']	[2021, 2022]	2	0
4MTGOJf14wiMGPB920iXNq	Midnight 海倫	[]	[2021, 2022]	2	2
7Bx0SBZoIX73eywmBcdqFb	Sally Yeh	['c-pop', 'cantopop', 'classic cantopop', 'classic mandopop']	[2019, 2021, 2022]	2	2
4Do8LbyzJkI0t6c4H4DNrP	Alex To	['classic mandopop', 'mandopop']	[2019, 2021, 2022]	2	2
0sYpJ0nCC8AlDrZFeAA7ub	JOY	['k-pop']	[2021]	2	0
51ZhiTtynrHq7tD4xfGZV7	moon tang	['hong kong indie']	[2021, 2022]	2	1
70gP6Ry4Uo0Yx6uzPIdaiJ	Bas	['queens hip hop', 'rap', 'sudanese hip hop', 'sudanese pop', 'underground hip hop']	[2021]	2	2
1ezK75lItwHkPdbIq7Z3Xn	Heyo	['cantopop', 'hong kong hip hop']	[2021]	2	2
64k5e9kV9MdukXjFrR5R37	Jessi	['k-pop']	[2021]	2	0
1dVbVQZjRGDjQmHD8oiS8k	Kimberley Chen	['mandopop']	[2021, 2022]	2	2
7rxRHujzUzobMEbtoE297s	George Lam	['c-pop', 'cantopop', 'classic cantopop']	[2019, 2021, 2022]	2	2
6CexlJ1wj79N50NMxRBfUa	David Lui	['c-pop', 'classic cantopop', 'classic mandopop']	[2019, 2021, 2022]	2	2
3de8fL3wVnfUEtOlGIoFy5	張衛健	[]	[2019, 2021, 2022]	2	2
7k73EtZwoPs516ZxE72KsO	ONE OK ROCK	['j-pop', 'j-rock', 'japanese emo']	[2021]	2	0
3UwlejyX2b458azZ7eCnHb	HyunA	['k-pop']	[2017, 2021]	2	0
6U3ybJ9UHNKEdsH7ktGBZ7	JID	['hip hop', 'rap', 'underground hip hop']	[2021, 2022]	2	2
57nPqD7z62gDdq37US9XJR	Arcane	[]	[2021, 2022]	2	2
1EowJ1WwkMzkCkRomFhui7	RADWIMPS	['j-pop', 'j-rock', 'japanese emo', 'visual kei']	[2019]	2	1
6USMTwO0MNDnKte5a5h0xx	Y2K	['pop rap', 'viral rap']	[2019]	2	2
3Fl1V19tmjt57oBdxXKAjJ	Blueface	['cali rap', 'rap']	[2019]	2	1
1bj5GrcLom5gZFF5t949Xl	Martin Solveig	['disco house', 'edm', 'electro house', 'filter house', 'house', 'pop dance', 'vocal house']	[2019]	2	2
1GlMjIezcLwV3OFlX0uXOv	Lea Salonga	['movie tunes', 'tagalog worship']	[2019]	2	2
3dAzSJ9lQnJSq5Z0OgDBep	Brad Kane	['movie tunes']	[2019]	2	2
3xvaSlT4xsyk6lY1ESOspO	Disney	"[""children's music"", 'movie tunes']"	[2019]	2	2
7J2VNNubOJGP4rjz6EBqpu	Nancy Wu	['cantopop', 'hong kong tv drama']	[2017, 2019]	2	2
6XpaIBNiVzIetEPCWDvAFP	Whitney Houston	['dance pop']	[2017, 2019]	2	2
7hOGhpa8RMSuDOWntGIAJt	A R I Z O N A	['electropop', 'indie poptimism']	[2017, 2019]	2	1
3SYnDj7btg9gFY7ps8m5d5	RANI	['dutch pop']	[2019]	2	2
7A8S43ryYdbWpJKeHRZRcq	JACKBOYS	['pop rap']	[2019]	2	2
028lPW2NdWHdSPCkRkcyhd	Ant Clemons	[]	[2019]	2	2
0C8kbAJOGo7CHx8jDTyTfR	Mena Massoud	['movie tunes', 'show tunes']	[2019]	2	1
74xQhibAjtFQ2SJyPeI7li	Alvin Ng	['cantopop', 'hong kong tv drama']	[2017, 2019]	2	1
6SsTlCsuCYleNza6xGwynu	Agnes	['swedish electropop', 'swedish idol pop', 'swedish pop']	[2019]	2	2
21WS9wngs9AqFckK7yYJPM	PnB Rock	['melodic rap', 'rap', 'trap']	[2019]	2	2
7z2avKuuiMAT4XZJFv8Rvh	Tom Walker	['indie anthem-folk', 'uk pop']	[2019]	2	0
22JdJVovP3pV9XkGTih01c	Game of Thrones	[]	[2019]	2	2
2EMAnMvWE2eb56ToJVfCWs	Bryson Tiller	['kentucky hip hop', 'r&b', 'rap']	[2017, 2019]	2	2
6d47Z08T4snK50HgTEHo5Z	Sage The Gemini	['hyphy', 'pop rap', 'southern hip hop', 'trap']	[2017]	2	0
5DK8eK7fjvRsziXzyr3sFA	Moon Taxi	['modern alternative rock']	[2017]	2	0
61tZPd3UsyMyQckgDGpqrt	Jeno Liu	['mainland chinese pop', 'mandopop', 'taiwan pop']	[2017]	2	0
5lLVsxABqSuosfqAoLQeXV	Dan Stevens	['movie tunes']	[2017]	2	1
4VZY0nxYMSNotbS7WjNVQy	Nyla	[]	[2017]	2	2
787bCXOIvGeBw0Bc4kEjhD	Luke Christopher	['indie pop rap']	[2017]	2	0
188VINPQh5dyNfLUkevKqf	Olivia Holt	['alt z', 'post-teen pop']	[2017]	2	0
5nCi3BB41mBaMH9gfr6Su0	fun.	['baroque pop', 'metropopolis']	[2017]	2	1
79QO0Xmn1dZhvaLicS2Yrs	The Night Game	['modern alternative rock']	[2017]	2	2
5M0lbkGluOPXLeFjApw8r8	DRAM	['pop rap', 'trap', 'underground hip hop', 'viral trap', 'virginia hip hop']	[2017]	2	2
6sFIWsNpZYqfjUpaCgueju	Carly Rae Jepsen	['canadian pop', 'dance pop', 'pop']	[2017]	2	0
0Sadg1vgvaPqGTOjxu0N6c	Girls' Generation	['k-pop', 'k-pop girl group']	[2017]	2	0
5cIc3SBFuBLVxJz58W2tU9	Oh Wonder	['electropop', 'indie poptimism', 'pov: indie']	[2017]	2	2
02A3cEvlLLCbIMVDrK2GHV	Starley	['aussietronica']	[2017]	2	2
33JQK4UoS2aMPYBfdB5Ftt	Ryan Riback	['melbourne bounce']	[2017]	2	2
4qlOKhVvPg90l50qCfrN33	2868	[]	[2017]	2	2
7blkMNJv8n9ceP9zlA4W2U	Shawn Hook	['canadian pop']	[2017]	2	2
6G9bygHlCyPgNGxK2l3YdE	Vanessa Hudgens	['dance pop', 'pop', 'post-teen pop']	[2017]	2	2
3S0tlB4fE7ChxI2pWz8Xip	Giggs	['grime', 'london rap', 'uk hip hop']	[2017]	2	2
3AVfmawzu83sp94QW7CEGm	Astrid S	['alt z', 'norwegian pop', 'pop', 'uk pop']	[2017]	2	0
3KV3p5EY4AvKxOlhGHORLg	Jeremih	['chicago rap', 'pop rap', 'r&b', 'southern hip hop', 'trap', 'urban contemporary']	[2017]	2	2
4vdAAzZBUKbsrvHi6UR7B7	Jessica Darrow	['movie tunes']	[2022]	2	0
6nZKe3xkbU2IBrVuJGkzCr	Young Hysan	['hong kong hip hop']	[2022]	2	2
6DPYiyq5kWVQS4RGwxzPC7	Dr. Dre	['g funk', 'gangster rap', 'hip hop', 'rap', 'west coast rap']	[2022]	2	2
28ot3wh4oNmoFOdVajibBl	NMIXX	['k-pop', 'k-pop girl group']	[2022]	2	0
1IlMpBkrZ4Na4S9fOcuN3f	COLLAR	['hk-pop']	[2022]	2	0
2eRjqXdTsssjpimRlz1i41	H.I.N.P (Hot Issue of Ntl. Producers)	['k-pop reality show']	[2018]	1	0
6beUvFUlKliUYJdLOXNj9C	King Princess	['alt z', 'indie pop', 'nyc pop']	[2018]	1	0
5vQfv3s2Z2SRdPZKr82ABw	Dzeko	['canadian electronic', 'dutch house', 'edm', 'electro house', 'pop dance', 'progressive electro house']	[2018]	1	1
2LJxr7Pt3JnP60eLxwbDOu	Mandy Moore	['dance pop', 'neo mellow', 'post-teen pop']	[2017, 2018]	1	0
0w7HLMvZOHatWVbAKee1zF	Redbone	['native american', 'native american contemporary']	[2018]	1	0
6LG9LEOSN2G0moyhpUtR3D	彭家麗	['cantopop', 'classic cantopop']	[2018]	1	1
7wjeXCtRND2ZdKfMJFu6JC	Louane	['french pop']	[2017, 2018]	1	1
1B0Rp4SWGnFgGCPU5Pju6E	Nego do Borel	['funk carioca', 'funk das antigas', 'funk ostentacao', 'funk pop', 'sertanejo universitario']	[2017, 2018]	1	1
7iLc4hrjOjQPfg1E3cCHg1	Tim Berg	['edm', 'electro house', 'pop dance', 'progressive electro house']	[2018]	1	1
0SCbttzoZTnLFebDYmAWCm	Glee Cast	['glee club', 'post-teen pop']	[2017, 2018]	1	0
4kI8Ie27vjvonwaB2ePh8T	Portugal. The Man	['indie rock', 'indietronica', 'modern alternative rock', 'modern rock']	[2017, 2018]	1	0
2P5sC9cVZDToPxyomzF1UH	Joey Bada$$	['conscious hip hop', 'hip hop', 'rap']	[2018]	1	1
3koiLjNrgRTNbOwViDipeA	Marvin Gaye	['classic soul', 'motown', 'neo soul', 'northern soul', 'quiet storm', 'soul']	[2017, 2018]	1	1
75jNCko3SnEMI5gwGqrbb8	Tammi Terrell	['classic soul', 'motown', 'soul', 'southern soul']	[2017, 2018]	1	1
1QDrz3DMMaz3TB1cm0PGDu	Justin Jesso	['singer-songwriter pop']	[2017, 2018]	1	1
3pbi8H08p95NUZ7m6ybxUV	Static Major	[]	[2018]	1	1
4D75GcNG95ebPtNvoNVXhz	AFROJACK	['big room', 'dance pop', 'dutch house', 'edm', 'electro house', 'pop dance', 'progressive electro house']	[2017, 2018]	1	1
5JUYSPkis2Mk6HUbmMqk1m	Sean Ono Lennon	['beatlesque']	[2018]	1	1
4o7tWrzQOqarDtTMWD2HV9	LAY	['chinese electropop', 'chinese idol pop', 'k-pop']	[2018]	1	1
2wzMOQwNT6ZvVB4amvhFAH	The Pogues	['celtic punk', 'celtic rock', 'folk punk', 'punk']	[2017, 2018, 2019, 2020, 2021]	1	1
6UlNIFEuWlBqb4TvlVCekq	Kirsty MacColl	['new wave pop']	[2017, 2018, 2019, 2020, 2021]	1	1
5fahUm8t5c0GIdeTq0ZaG8	Otto Knows	['dutch house', 'edm', 'electro house', 'pop dance', 'progressive electro house', 'progressive house']	[2018]	1	1
6BeO1KuAWBqFriL1mLHtNc	Leslie Grace	['bachata', 'latin viral pop']	[2018]	1	1
7MP4jhYmFEgb0AtiOkw55s	Play-N-Skillz	['chicano rap']	[2018]	1	1
77tT1kLj6mCWtFNqiOmP9H	Daryl Hall & John Oates	['album rock', 'classic rock', 'heartland rock', 'mellow gold', 'rock', 'singer-songwriter', 'soft rock', 'yacht rock']	[2018, 2019, 2020, 2021]	1	0
2QSPrJfYeRXaltEEiriXN9	Tove Styrke	['electropop', 'swedish electropop', 'swedish pop', 'swedish synthpop']	[2018]	1	1
69UfPJgUmFFAVT740qGVZi	Ken Darby Singers	[]	[2017, 2018, 2019, 2020, 2021]	1	1
735L650pvygCZZlPMyHqsN	John Scott Trotter & His Orchestra	['light music']	[2017, 2018, 2019, 2020, 2021]	1	1
3Bj81IbILbuj2uEwWXMdXI	Sosamann	['atl trap', 'houston rap', 'memphis hip hop']	[2018]	1	1
5ITI6SEoUZMIXXkzCfr4oE	Aluna	['dance pop']	[2017, 2018]	1	1
1gXOsBD1Yg4034yBFLuV43	陳詠謙	['cantopop', 'hk-pop']	[2018]	1	0
2ySHS7UojGu20XfUPaBlyu	Devin Dawson	['contemporary country', 'country road', 'modern country rock']	[2018]	1	0
1klFdLh3pak3eOtJP0styY	Triple H	['k-pop']	[2018]	1	0
7nqFxQyTig69xBWTpo2Zt6	Keeva Mak	['cantopop']	[2018]	1	0
4GaA53bqvMoSs2WzEFGiLe	Lia Marie Johnson	['teen pop']	[2018]	1	1
5gznATMVO85ZcLTkE9ULU7	Lenny Kravitz	['permanent wave', 'rock']	[2018]	1	1
0VNPPd8hYjpH0JdyaOnoqI	Ron Ng	['cantopop', 'classic cantopop']	[2018]	1	1
6RHB6890Um72Vm5MG5W4z8	黃宗澤	['cantopop', 'hong kong tv drama']	[2018]	1	1
7MFJyevu6jq0shwDuVLymu	Justin Mylo	['dutch house', 'electro house', 'pop dance', 'pop edm', 'progressive electro house']	[2018]	1	1
1E1W3to8HhGSkkIEUMwEjd	Dewain Whitmore	[]	[2018]	1	1
7pLntWGInZPQxc4kXxzzjB	Liz Gillies	[]	[2018, 2019, 2020, 2021]	1	1
4PXkEiZzvvdhHOcFATOPCD	屎萊姆	[]	[2018]	1	1
4muJrGMndyYWqZtfk8OWy4	BoA	['k-pop']	[2018]	1	0
6G1yTgvoYsuVb2Ja8cVVJ2	anders	['canadian contemporary r&b', 'canadian hip hop', 'toronto rap', 'trap soul']	[2018]	1	1
48eO052eSDcn8aTxiv6QaG	NCT	['k-pop', 'k-pop boy group']	[2018]	1	1
2ZuweXv0TkfsidZOLZZoM2	HEDEGAARD	['danish electronic', 'scandipop']	[2018]	1	1
1xrvnT8IPYpS6iOkAq8tLt	Hayley Warner	[]	[2018]	1	1
3Z02hBLubJxuFJfhacLSDc	Bryan Adams	['canadian pop', 'canadian singer-songwriter', 'classic canadian rock', 'heartland rock', 'mellow gold', 'soft rock']	[2017, 2018]	1	0
7wg1qvie3KqDNQbAkTdbX0	Louis The Child	['edm', 'electropop']	[2018]	1	1
0FL2d6iFFNAV3yBUbXjZ1U	Wafia	['australian pop', 'indie electropop']	[2018]	1	1
6RqG6OjPJVHi1RAcXTxglq	Stereotypes	[]	[2018]	1	1
4TAoP0f9OuWZUesao43xUW	Mr Eazi	['afrobeats', 'afropop', 'azontobeats', 'ghanaian hip hop', 'nigerian pop', 'swedish dancehall']	[2018]	1	1
2cQr2KbzdRtIFlfbHGnNsL	Ziv Zaifman	['show tunes']	[2017, 2018]	1	1
1hcdI2N1023RvSwLzTtdsp	Natalia Lafourcade	['latin alternative', 'latin pop', 'mexican pop', 'rock en espanol', 'veracruz indie']	[2018]	1	1
6DVipHzYsPlIoA0DW8Gmns	"Royce Da 5'9"""	['detroit hip hop', 'gangster rap', 'hardcore hip hop', 'hip hop']	[2018]	1	1
0JOxt5QOwq0czoJxvSc5hS	GASHI	[]	[2018]	1	1
7FqyeQtCiog8wAlnnSdM43	MISS JANNI	[]	[2018]	1	1
1c18L1dF6HDTrAqYt4qMlI	Vivian Lai	['c-pop', 'cantopop', 'classic cantopop']	[2018]	1	0
4PQnqdTaKkIjsPTbIqNcub	Wang Jun Qi	['mainland chinese pop']	[2017, 2018]	1	0
4MXUO7sVCaFgFjoTI5ox5c	Sufjan Stevens	['art pop', 'baroque pop', 'chamber pop', 'indie pop', 'indie rock', 'singer-songwriter']	[2018]	1	0
2urF8dgLVfDjunO0pcHUEe	Alvaro Soler	['latin pop']	[2018]	1	0
6t1LRAgmnIc4a1hnjhSDHU	陳輝陽 x 女聲合唱	['cantopop']	[2018]	1	0
1GDbiv3spRmZ1XdM1jQbT7	NATTI NATASHA	['latin pop', 'rap latina', 'reggaeton', 'urbano latino']	[2018]	1	1
6tt0iYnpHERj05WATWRiom	Bantu	['zimdancehall']	[2018, 2019]	1	1
4fpTMHe34LC5t3h5ztK8qu	The Carters	['r&b']	[2018]	1	0
3EiLUeyEcA6fbRPSHkG5kb	De La Ghetto	['reggaeton', 'reggaeton flow', 'trap latino', 'urbano latino']	[2018]	1	1
0TkqXdyWLsssJH7okthMPQ	Jay Electronica	['alternative hip hop', 'conscious hip hop', 'drumless hip hop', 'hip hop', 'psychedelic hip hop']	[2018]	1	1
5WY88tCMFA6J6vqSN3MmDZ	NELL	['k-rock', 'korean pop']	[2018]	1	1
1TwLg1dl8iHh2AZsH88whn	歐陽靖	['hong kong hip hop']	[2018]	1	1
72nLe76yBFSlP6VBzME358	SHAUN	['k-pop']	[2018, 2019]	1	1
7hssUdpvtY5oiARaUDgFZ3	Ina Wroldsen	['norwegian pop']	[2018]	1	1
1hWjXc98c1lHSbQTv3NIlr	黃子華	['hong kong tv drama']	[2018]	1	1
1foL9hLC9M6U94dINtOYfb	Girls' Generation-Oh!GG	['k-pop', 'k-pop girl group']	[2018]	1	0
0bUGPFnghZ5qwZDbyA49kI	Louis Cheung	['cantopop', 'hong kong tv drama']	[2018]	1	1
3IpvVrP3VLhruTmnququq7	Mike Williams	['big room', 'dutch house', 'edm', 'electro house', 'future house', 'pop dance', 'progressive electro house']	[2018]	1	1
2U3FuHYvL3vhkbDAXm24Ep	Dan Caplen	['neo soul', 'uk contemporary r&b']	[2018]	1	1
6TV0LZ3BaEun0OQEh96elP	Jordan Smith	['deep talent show', 'idol']	[2018, 2019, 2020]	1	0
2Tg0aF5cbZktYFzgR1iAKv	Julie Bergan	['norwegian pop']	[2018]	1	1
7Ey4PD4MYsKc5I2dolUwbH	Aerosmith	['album rock', 'classic rock', 'hard rock', 'rock']	[2018]	1	0
0oSGxfWSnnOXhD2fKuz2Gy	David Bowie	['art rock', 'classic rock', 'glam rock', 'permanent wave', 'rock']	[2018, 2019]	1	1
1seMMpBYb40PbKp1ssgX50	Elisa Chan	['classic cantopop']	[2017, 2018, 2019, 2020, 2021]	1	1
0HU0U9kdXEHZVxUNbuQe8S	Donny Hathaway	['chicago soul', 'classic soul', 'funk', 'neo soul', 'quiet storm', 'soul', 'southern soul']	[2018, 2019, 2020, 2021]	1	0
4UffC3o3JiLSg7pa5DpQbp	Mike Yung	['pop soul']	[2018]	1	1
4LcUpNlXFEleaLlelmkv2R	Kris Kross Amsterdam	['dutch house', 'dutch pop']	[2018]	1	1
4QfOh8rJ0OddhhXHD5QyWs	The Boy Next Door	['basshall']	[2018]	1	1
61pvU6ZLOF3bl0IOtbmME7	Emelie Hollow	['norwegian pop']	[2018, 2019]	1	1
650ZvsETuttSbMAgAodNTv	吴亦凡	[]	[2018]	1	0
1PnnRNGfichOAfPOn5mVyx	Sorana	['romanian pop']	[2018, 2019]	1	1
6Paz0vXJJ9bCPf0fEm3qzg	Dagny	['norwegian pop']	[2018]	1	1
4K9aclpXgCPNFGEqRlFPal	Peter Manos	[]	[2018, 2019]	1	0
3CbYyyd8wH3RT6t0jwpdzC	Murda Beatz	['canadian hip hop', 'canadian trap']	[2018]	1	1
7AzjETXRUKNRSJHMW9GIqd	Nina Nesbitt	['alt z', 'neo-singer-songwriter', 'uk pop']	[2018, 2019, 2020]	1	0
28ExwzUQsvgJooOI0X1mr3	Jay Rock	['conscious hip hop', 'hip hop', 'rap', 'southern hip hop', 'trap']	[2018]	1	1
53KwLdlmrlCelAZMaLVZqU	James Blake	['art pop', 'indie soul', 'indietronica', 'neo soul', 'uk alternative pop']	[2018]	1	1
5aMmmNxw4vgpc5XC6hK0zp	The Calling	['neo mellow', 'pop rock', 'post-grunge']	[2017, 2018]	1	0
2Kx7MNY7cI1ENniW7vT30N	Norah Jones	['contemporary vocal jazz', 'jazz pop', 'vocal jazz']	[2018, 2020]	1	0
4bzVQLX2gMBQVMINdAGElJ	Vivian Chow	['c-pop', 'cantopop', 'classic cantopop']	[2017, 2018]	1	0
67nwj3Y5sZQLl72VNUHEYE	Wale	['pop rap', 'r&b', 'rap', 'southern hip hop', 'trap']	[2017, 2018]	1	1
0pt7PX4Hftlg8mV1ySU84Q	CVBZ	['dark r&b']	[2017, 2018]	1	1
4TEJudQY2pXxVHPE3gD2EU	BlocBoy JB	['memphis hip hop', 'rap', 'tennessee hip hop', 'trap']	[2018]	1	1
4we5S2VLjgY9KzIzApL1KI	Ryan Tedder	[]	[2018]	1	1
709dAbhS0sezd0SUJImqg4	Alex Fong	['cantopop']	[2017, 2018]	1	1
5lpH0xAS4fVfLkACg9DAuM	Wham!	['new romantic', 'new wave', 'new wave pop', 'soft rock']	[2017, 2018, 2019, 2020, 2021]	1	0
3eqjTLE0HfPfh78zjh6TqT	Bruce Springsteen	['heartland rock', 'mellow gold', 'permanent wave', 'rock', 'singer-songwriter']	[2017, 2018, 2019, 2020, 2021]	1	0
7mnAzEmgquhrVtGob81SmO	Big Shaq	['london rap']	[2017, 2018]	1	0
5QuBVnBPEzwYvFrgBbwpmU	Empress Of	['art pop', 'electropop', 'escape room', 'etherpop', 'shiver pop']	[2018]	1	1
6C1ohJrd5VydigQtaGy5Wa	Joyner Lucas	['boston hip hop', 'hip hop', 'pop rap', 'rap']	[2018]	1	1
1AAkLbJ7D3CeGAqga0GbnL	Kindler Shah	[]	[2018]	1	0
0WOxhx4hikIsyF3CRPLC8W	Famous Dex	['chicago rap', 'drill', 'rap', 'trap']	[2018]	1	0
6IgzrIQitd30QiPFSrIaAN	Alex Lam	[]	[2018]	1	1
28y6CyJNkGNjJQKrlx4AmN	HRVY	['pop']	[2018]	1	0
1dZW5ioinfze6zU31EKDf6	莫凱謙	[]	[2018]	1	1
6qylOMoQQVUYoqvIOwADZ7	享樂團	[]	[2018]	1	1
4VgfrD5wuAoN428fBZNSyW	Lara Liang	['mandopop']	[2017, 2018, 2019, 2020]	1	1
7h4j9YTJJuAHzLCc3KCvYu	Kina Grannis	['acoustic pop', 'viral pop']	[2018]	1	0
71jzN72g8qWMCMkWC5p1Z0	Alexandre Desplat	['french soundtrack', 'orchestral soundtrack', 'soundtrack']	[2018]	1	0
3XC57xz74X3xUi1hv4mge1	Winona Oak	['swedish pop']	[2018, 2019]	1	1
3qBKjEOanahMxlRojwCzhI	Zacari	[]	[2017, 2018]	1	1
6auWB5YAlcKaHyrbTH66nd	No Rome	['indietronica']	[2018]	1	1
7pFeBzX627ff0VnN6bxPR4	Desiigner	['pop rap', 'rap', 'southern hip hop', 'trap', 'viral trap']	[2017, 2018]	1	1
7iymigONRODGl6XJIprcuF	Jocelyn Alice	['canadian electropop']	[2018]	1	1
5BcAKTbp20cv7tC5VqPFoC	Macklemore & Ryan Lewis	['pop rap', 'seattle hip hop']	[2017, 2018]	1	1
4myTppRgh0rojLxx8RycOp	Ryan Lewis	['pop rap']	[2017, 2018]	1	1
4e0nWw2r4BoQSKPQ2zpU13	Ray Dalton	[]	[2017, 2018]	1	1
4iK5uUh8x6GARs4E0mIyTd	Carrier	[]	[2018]	1	0
21LGsW7bziR4Ledx7WZ1Wf	Johnny Mathis	['adult standards', 'easy listening']	[2018]	1	1
24DQLSng7bKZD4GXLIaQbv	Percy Faith & His Orchestra	"['easy listening', ""man's orchestra""]"	[2018]	1	1
0vneleczrRRNPF1vj0x0vy	The Harlem Community Choir	[]	[2017, 2018, 2019]	1	1
4m2kfAHEnK7Z7qLGxeWtro	The Plastic Ono Band	['beatlesque', 'experimental rock']	[2017, 2018, 2019]	1	1
5gw5ANPCVcxU0maLiGRzzP	Billy Raffoul	['canadian pop']	[2017, 2018]	1	1
2X97ZAqRKRMYFIDqtvGgGc	Silk City	['edm']	[2018]	1	1
2hPgGN4uhvXAxiXQBIXOmE	KIDS SEE GHOSTS	['rap']	[2018]	1	0
7BcyMcADGhD6WB6XFAJFEa	Fama	['cantopop', 'hong kong hip hop']	[2018]	1	0
2Rimf9z3oYDBeszSXFACRR	Daniel Everidge	['show tunes']	[2017, 2018]	1	1
2p1fiYHYiXz9qi0JJyxBzN	Skepta	['birmingham grime', 'grime', 'instrumental grime', 'uk hip hop']	[2018]	1	1
0B3N0ZINFWvizfa8bKiz4v	James TW	['british singer-songwriter']	[2018, 2020, 2021]	1	0
6Y20PijIkUoCtuvtkz37dO	Austyn Johnson	['show tunes']	[2017, 2018]	1	1
0nFUCMGlkx1lMZnHL6ArVJ	Cameron Seely	['movie tunes']	[2017, 2018]	1	1
3K2hOAx9MPhduvDf2qguro	Sandy Lam	['c-pop', 'mandopop']	[2017, 2018]	1	0
14rP13jdQNgQvuPA2AkBgm	Glades	['indie electropop', 'indie poptimism', 'metropopolis']	[2018]	1	0
4iFznCrxI2nlVer46cgvWG	Gary Yang	['taiwan pop']	[2018, 2019, 2020, 2021]	1	1
2eFrgz0q5kbjm3PI5XsUVa	E-Kids	['cantopop']	[2017, 2018]	1	0
1r9DuPTHiQ7hnRRZ99B8nL	Jolin Tsai	['mandopop']	[2018]	1	0
1svaANJTE5KrG16fTGDqOs	The Puppini Sisters	['easy listening', 'swing', 'swing revival']	[2017, 2018, 2020]	1	1
45wkuaBzoCfuxtSiJBl2Dd	Cynthia Wong	['cantopop']	[2018]	1	0
6bwVWdQfr6ttzrGLboVkjg	Paul Rosenberg	[]	[2018]	1	0
5XnIjshjqYVE2eDVgSt9Ro	Mel & Kim	[]	[2018]	1	0
1f2My2k31iZSl8bGB2FWxN	PsycLover	[]	[2018]	1	0
7cfe5pWtcoaLUHzvUxG4tJ	Zhang Zhi Ming	[]	[2017, 2018]	1	1
3Lz3vEN23Fw0hIelrYEzUD	EXO-CBX	['k-pop', 'k-pop boy group']	[2018]	1	0
293zczrfYafIItmnmM3coR	Chuck Berry	['blues', 'blues rock', 'classic rock', 'rock', 'rock-and-roll', 'rockabilly', 'soul']	[2018, 2019, 2020, 2021]	1	0
2sil8z5kiy4r76CRTXxBCA	The Goo Goo Dolls	['neo mellow', 'permanent wave', 'pop rock', 'post-grunge']	[2017, 2018]	1	0
7zyObVag8rUjItn71SkIrh	Survive Said The Prophet	['j-poprock', 'japanese alternative rock']	[2018]	1	1
3QUOtWgmuxFyae4C0Q0thd	ABIR	[]	[2018]	1	1
2uFC1dAj5b0YU7vulKNZ0p	Banx & Ranx	['basshall']	[2018]	1	1
5AbLpsnTQVNB3OEadYiVrK	Yxng Bane	['afroswing', 'grime', 'uk dancehall', 'uk hip hop']	[2018]	1	1
5e4Dhzv426EvQe3aDb64jL	Shania Twain	['canadian country', 'canadian pop', 'contemporary country', 'country', 'country dawn']	[2017, 2018, 2019, 2020]	1	1
3v6Ji4uoWtKRkhuDUaxi9n	Dynoro	['edm']	[2018]	1	1
1OAjDaKgg00KCUYqDe68un	Gigi D'Agostino	['eurodance', 'italo dance']	[2018]	1	1
4N874uPqBka1QiCvnCVOtr	Phoebe Ryan	['alt z', 'indie poptimism']	[2017, 2018]	1	1
7gbmX8SsfjEjxDMzBi1ZOL	Joe Jonas	['pop', 'post-teen pop']	[2018]	1	1
3ZSbXArE6mxOleJnsumK4u	eAeon	['k-indie', 'korean electropop']	[2018]	1	1
6sBiS0iWcCyMMgiYrEOxbt	Supreme Boi	[]	[2018]	1	1
4dH9LSAJfj9mB1hXxUaMJx	Subyub Lee	['hong kong indie']	[2018]	1	1
40LHVA5BTQp9RxHOQ9JPYj	Lauren Daigle	['ccm', 'christian alternative rock', 'christian music']	[2018]	1	0
5Y5TRrQiqgUO4S36tzjIRZ	Timbaland	['dance pop', 'pop', 'pop rap']	[2018]	1	1
5FxshnB3eJ2YDn8xN8zDKq	Hannah Kerr	['anthem worship', 'ccm']	[2018, 2019, 2020, 2021]	1	0
1AwO9pWEBSBoWdEZu28XDC	Eartha Kitt	['torch song', 'vocal jazz']	[2017, 2018, 2020]	1	1
0oK8UXKZbQezeRhE0KeBAV	Henri René and His Orchestra	"[""man's orchestra""]"	[2017, 2018, 2020]	1	1
3mPc8WGusz2XF3Tvs3AKCR	Carlie Hanson	['alt z']	[2018]	1	0
3MHaV05u0io8fQbZ2XPtlC	Prince Royce	['bachata', 'latin hip hop', 'latin pop', 'urbano latino']	[2018]	1	1
2T1aUibqR2QC2sINIDQOAK	Mambo Kingz	['reggaeton', 'reggaeton flow', 'trap latino', 'urbano latino']	[2018]	1	1
64aJYyrXljOodnUG6jvhRD	DJ Luian	['reggaeton', 'reggaeton flow', 'trap latino', 'urbano latino']	[2018]	1	1
4LAz9VRX8Nat9kvIzgkg2v	Rivers Cuomo	['alternative rock']	[2018]	1	1
0rlKkLkpsCnJbZethGBfAk	Captain Cuts	['pop edm']	[2018, 2019]	1	1
5mYakBbBzPMQTfkVMIgiDM	Georgia Ku	['uk pop']	[2018, 2019]	1	1
38CvLGTsjtoloDgv3OKQp8	Robinson	['alt z', 'nz pop']	[2018]	1	0
3FUY2gzHeIiaesXtOAdB7A	Train	['dance pop', 'neo mellow', 'pop', 'pop rock']	[2018, 2019, 2020]	1	0
3dkbV4qihUeMsqN4vBGg93	Al Green	['classic soul', 'funk', 'memphis soul', 'soul', 'soul blues', 'southern soul']	[2018]	1	0
77DAFfvm3O9zT5dIoG0eIO	Kyla	['uk funky']	[2017, 2018]	1	1
250b0Wlc5Vk0CoUsaCY84M	JENNIE	['k-pop']	[2018, 2019, 2020, 2021]	1	0
1ShZZUjkbXCjhwrb18BA8I	Bryce Vine	['indie pop rap']	[2018]	1	0
0PYSU1xJn8ay3ckZYsumdH	Cast of Frozen 2	[]	[2019, 2020]	1	1
3ORI1Alr3ylZYYtYtD0anN	MayTrix	['melodic dubstep']	[2020]	1	1
0jyCthHjGBs9nAqwi5KSNt	Red Comet	[]	[2020]	1	1
7ryyMyneTs96ZwWnZN3Zvv	Dianna	[]	[2020]	1	1
0GByy3DcfbQwDvXGCWmzv9	Pretenders	['album rock', 'classic rock', 'mellow gold', 'new romantic', 'new wave', 'new wave pop', 'permanent wave', 'rock', 'soft rock']	[2017, 2020]	1	0
0RfRXqGn8IZUNfXKETfMIj	Ferit Aktemur	[]	[2020]	1	0
6qUQUpMOHw8u7ZL2eDbZHz	Big Hookz	[]	[2020]	1	1
253mZZhgkLOjbAuogZiNbc	Remo the Hitmaker	['slow game']	[2020]	1	1
5TnQc2N1iKlFjYD7CPGvFc	DAY6	['k-pop', 'k-pop boy group']	[2020]	1	0
0AJdNiFdUdmiU2TNg5fSzH	9ice	['afrobeats', 'afropop', 'nigerian hip hop', 'nigerian pop']	[2020]	1	1
2uwfa1z6lWNBa33vcPXN3i	No More Vips Allowed	[]	[2020]	1	0
1FC1eTUauFiZrcIawwc6rD	Alvin Whitte	[]	[2020]	1	0
2kgSgfk0hipPkB1QO9Os4H	Big Tony	[]	[2020]	1	1
5CZHkHhsAdErLJyBW56y4J	Elii	[]	[2020]	1	1
6URdorBrzB0bfKxr4crV7p	Clark Hill	[]	[2020]	1	0
4tususHNaR68xdgLstlGBA	Of Mice & Men	['alternative metal', 'melodic metalcore', 'metalcore', 'nu metal', 'pop punk', 'post-grunge']	[2020]	1	0
4Z4EqELFBcuJ5WUGDdHDei	Arkatech Beatz	[]	[2020]	1	1
2yQf6b8hxahZaT5dHlWaB1	Raekwon	['east coast hip hop', 'hardcore hip hop']	[2020]	1	1
20bQxDwYA6xBmv0QaRSOWR	lab spitta	[]	[2020]	1	0
3P151kxXz5p0m3YGviZRUi	Zoee8	[]	[2020]	1	0
0fLEsx6ryTi4FICtqB30Zv	Natalie Shugars	[]	[2020]	1	1
2q7flk6QXGBj9GWJaf8v8H	Gallo Locknez	[]	[2020]	1	1
0ErzCpIMyLcjPiwT4elrtZ	NLE Choppa	['memphis hip hop', 'rap']	[2020]	1	1
7BqRcZsHYYQeqMAOp7e532	落日飛車 Sunset Rollercoaster	['taiwan indie']	[2020]	1	1
2Yyb6KjK1OtbEZhtJfuQ6A	El Gordo Gonzales	[]	[2020]	1	0
0TBZNOKMncugSI36qT2i4L	IYKZ	[]	[2020]	1	0
5cYcI546S8Lf97m4mNdYLD	Solar	['k-pop']	[2020]	1	0
6RPalPy5qqMN2iHkKEVYFu	Matthew Tuck	[]	[2020]	1	1
5m168vDamAyLwphwWsmT4f	Sarah Cleary	[]	[2020]	1	1
5al77j1cfN6n1GfDzTu7LT	Enkay47	[]	[2020]	1	1
5qRUlUWHepRGITy52TgLLD	KOMAR	[]	[2020]	1	0
1KSXcJuwVNiGpyowxPfWp6	TG	[]	[2020]	1	1
3JulkplgHB7wH47e72hlzh	Young Invent	[]	[2020]	1	1
1QnjBTXaaYluJFrSoCpHuW	Sam Kneale	[]	[2020]	1	0
1Zo2btGsy6ath8BMc8gOe9	Fouad	[]	[2020]	1	0
7HErCBVlWOcsEp5kDGrDZe	Retroll Hip Hop 重操嘻哈	['hong kong hip hop']	[2020, 2021]	1	0
5D9NYfOaGxFKCalJIeia1N	Atlantic Holiday	[]	[2020]	1	1
3GDw9k8FzlOUxPzDUaUhlZ	Oxymorrons	[]	[2020]	1	0
3CDM5oNsT5FlfFLacj8VDe	Marcosus	[]	[2020]	1	0
79IKFJ6ShFClH1FIMDOkc6	Abena	[]	[2020]	1	0
1gDqL6k8b1jk2qiZBo1h66	陳家樂	[]	[2020]	1	1
3g9k1t0tUvufY15wv7ExSr	Y-Kay	[]	[2020]	1	0
42q3EQ2WzYIwb8ck6bf88g	Matt Luther	[]	[2020]	1	0
7cNNNhdJDrt3vgQjwSavNf	Memphis May Fire	['melodic metalcore', 'metalcore', 'pop punk']	[2020]	1	0
3SPMI8EnvXagAYPkOmMNfM	Andante	[]	[2020]	1	0
6dhfy4ByARPJdPtMyrUYJK	Yerin Baek	['korean pop']	[2020]	1	0
5Gbp0bbEG2k2ebvhUDc8QK	Alejandro King	[]	[2020]	1	0
7LdZwtnhfB1GoC9SE9tvyb	KIM JAE HWAN	[]	[2020]	1	0
0bS8LOt5bap705yDvpfEG3	Kreito	[]	[2020]	1	0
2AbfoPp1YkoPeBxaYcW2hA	Ghost Chili	[]	[2020]	1	0
5ERAO7xWBokbBeqrCBRiqE	CashLord Mess	['cali rap']	[2020]	1	1
1Yss4ClgrS9sIprNlq5O3l	Yhung T.O.	['cali rap']	[2020]	1	1
4P2n49979tST2XdOxYcM6h	Rarri	[]	[2020]	1	1
3Gxuywke6Is4llYyEwQIfB	Niki's Project	[]	[2020]	1	0
27a9M1ymYbhxwLrb46sE5R	Lia Kloud	['ottawa rap']	[2020]	1	0
2WkXWozvY8gwIiVYOrWjgY	Bachata Plus	[]	[2020]	1	0
7LvoDJUNGnOrPdGRzVtOJ9	Young M.A	['alternative r&b', 'lgbtq+ hip hop', 'nyc rap', 'rap', 'trap']	[2020]	1	1
4ykQDHQarNbuhmYt8YB3W0	Christian Nava	['corrido']	[2020]	1	1
7pkbJcC4tdrBehOaqGMQbx	Young Eiby	['peruvian hip hop', 'trap peruano']	[2020]	1	1
0u6GtibW46tFX7koQ6uNJZ	Topic	['german dance', 'pop dance', 'pop edm', 'uk dance']	[2020]	1	1
5Wg2b4Mp42gicxEeDNawf7	A7S	['pop dance', 'scandipop', 'uk dance']	[2020]	1	1
1Bl6wpkWCQ4KVgnASpvzzA	BROCKHAMPTON	['boy band', 'rap']	[2020]	1	0
439qoQvCrKzoNup9CrNxXu	Olkan Soycan	['turkish trap pop']	[2020]	1	1
7nIdbFsE6XImIXNvif9kDY	Jerry Key	[]	[2020]	1	1
06ArtUx6FeaW3dW0Un3jg2	Sirra	[]	[2020]	1	0
3Jxz3hRq1Ekh4GfoFntVA0	Molina Molina	['spanish modern rock']	[2020]	1	0
76q5rfzPNFzaUoSNH17slm	Annabel K	[]	[2020]	1	1
29Hjc5nLGKpM1XFXxu9HHV	L.A. Edwards	[]	[2020]	1	0
340MjUR5iRogyu6heFzhVp	DeAnna Stealth	[]	[2020]	1	0
33r8YVtrlSom7u96pANlVv	Deyvis Lozano	[]	[2020]	1	0
6GwM5CHqhWXzG3l5kzRSAS	Younha	['korean pop']	[2020]	1	1
7rsuh2l9uwUW2rqT1u5PWd	Blacksy	[]	[2020]	1	1
2ur81OwaZ3OwOLYlOJjzJV	Marucci	[]	[2020]	1	1
1kvkeVzBatDRPnICo7PxQz	Kylen	[]	[2020]	1	0
17iCEzXBnu9ZWE0IwAkNJw	Sharon West	[]	[2020]	1	0
7iKaa1hqYHYwiD5Zqasb7p	Alek Sandar	[]	[2020]	1	1
0nUiLF9JLfBrXexvcA17UU	D.Alexander	[]	[2020]	1	0
6KCh8HC9FIGKSdptvPGrJ9	Ryan Haynes	[]	[2020]	1	0
4EM5gxEMMoXFs2KYxq8Ppg	GEEZGOTGIRLSGOING	[]	[2020]	1	0
52P1K371tDkiA9rB4TxA1O	Kstone	[]	[2020]	1	0
0i0ajUNR6Z5erQT6qyjcMN	Big K. The Komik	[]	[2020]	1	0
5iIKuYKBnObOoKBIV78p0H	Illusions of Grandeur	[]	[2020]	1	0
6aXFaHu3hxeuZHyogSuead	Joshua Loing	[]	[2020]	1	1
0PVErdZmV063xHXIlGClrU	Daphne Haking	[]	[2020]	1	1
21UELQwbS9o9aEc38B2Rb4	SV Stallone	[]	[2020]	1	0
6JqaBkCoG9QcdwmHBV8C88	Ashley Puckett	[]	[2020]	1	0
1tHLv9kMiqAZhpMEGZ4rFw	Billy Choi	['hong kong hip hop']	[2020]	1	1
6gU7LTPVz5jahhFOv66wgR	Paul Carpenter	[]	[2020]	1	1
51xaqstb8nyMU7V2bcMNb9	Gimmy Weaver	[]	[2020]	1	1
4tnpxVkhbfYnD4UG2vbvNu	馮穎琪	[]	[2020]	1	0
5OKmLebAGFQrReDP0cS5GA	Bickram Ghosh	['hindustani classical', 'indian classical', 'indian fusion', 'indian percussion', 'tabla']	[2020]	1	1
7gjiYwM6O5sNuYBaCdpCXA	Iman Chakraborty	['rabindra sangeet', 'west bengali pop']	[2020]	1	1
3t8HiMyWzptykiGV2D7jNM	Shovan Ganguly	['west bengali pop']	[2020]	1	1
40hHMxI5E4rIoyysjqXfXI	Xenon	['spanish hip hop']	[2020]	1	0
1QoSa7hWbOqRrLqhwanbyA	Harris Breyfogle	[]	[2020]	1	0
7Jgg0isdbRzeMMHeq4ie8m	Santiago SaySo	[]	[2020]	1	1
7LetMSTKvkCC0DlEbz71BP	Kevin Hues	[]	[2020]	1	1
1hW7OVOpi85Y1TuC5GOa8K	COSMO.	[]	[2020]	1	0
4aN0j6BKgi1AQDLAzVnAXW	Charlie Luis	[]	[2020]	1	0
0cyvA914pv3UFxT0McmeGH	PBE PLUTO	[]	[2020]	1	0
0ksM1QGClS4LSTuHxMToLQ	Moniris	[]	[2020]	1	0
2vCAD2Z0t8kIHt7UwJ0bvu	徐天佑	[]	[2020]	1	0
3oCTdsDr0QlymfPv4uuYto	DOMINIC ARGIRO	[]	[2020]	1	0
2GW3CNj4N2IEfWa77W8Bvo	Caf & Creme	[]	[2020]	1	0
1kosyPMyZCMD3LyrcOf3FN	Alka Rankin'	[]	[2020]	1	0
7xAkSpNm34n6Brd9R95Way	Mote Dogg	[]	[2020]	1	1
2AAJru9SW5gUmki6NRHRED	Nob Wit Da Golds	[]	[2020]	1	1
70MKxL7yNU1MGQyQXlRWe7	J'tanae	[]	[2020]	1	0
64YajbnlaxCp4ZDtmGhEBA	Dj 4rain	[]	[2020]	1	0
5H8TJITZE1sPjVR2ACzXNS	Wu Bai	['mandopop', 'taiwan singer-songwriter']	[2020]	1	0
1v4Sv7chWGKDvcrrMmoZCp	Gabrielle Lynn	[]	[2020]	1	0
4Io0W7xMYxcxxIHcUIAS07	Leekthough	[]	[2020]	1	0
5LDjK17lUd55p2aHVYFhdX	Luis Anguel R	[]	[2020]	1	0
1DE1JKpTAldlCwMJpnF3lo	ShowtimeKwan	[]	[2020]	1	0
24xPYiHM5kxO4nAFvGbuZ2	YOTM	[]	[2020]	1	0
32WBRnWJ99dUvGqgBjim1s	SomeArabGuy	[]	[2020]	1	1
7MzHPIXAqIOCnvK0sVY72W	Helene Fischer	['schlager']	[2020]	1	0
1dIQV1b354HIcEL6if7PAc	Vanilla Muffins	['oi']	[2020]	1	0
1iPZsg143m76igZAkSUOqy	GC	[]	[2020]	1	0
4Sj4XCyNVTyqcLraXzZqEn	K Rider	[]	[2020]	1	0
09VzHuXNV9QUBqNIM1oVow	Luvmatt	[]	[2020]	1	1
4WSweIJDD3aAMDeHA5MK0j	JUMEX	['emo rap']	[2020]	1	1
6GzWGjiGoSxwE5Pvj9RPFB	Fantasy	[]	[2020]	1	0
3TfpKqyVMNMchzQoUsbV65	Carterboy Global	[]	[2020]	1	1
2WNLXG7A0a4dNOqqoz99tV	James Hinton	[]	[2020]	1	1
7mgc8XSH5QT4omHvBak6Wo	Quavel	[]	[2020]	1	0
0O66Klw6yipEKwCivvsGrv	Kores	[]	[2020]	1	1
40CNwOWCbjUf1aU0kl7ewJ	Moradzo	['basshall']	[2020]	1	1
6gXh8lhcLBx0E65gAvyiun	MW	[]	[2020]	1	1
6xk6F2Ixz6Ljlxnt1FlMLU	DeMozah	[]	[2020]	1	1
4EUhkiP7GREV2rIXE5SW0E	Leslie	[]	[2020]	1	1
67mqrSaRyhydHG88NIQn61	Def Rock	[]	[2020]	1	1
7F0A2rbHh3KOcLvVRyOwrv	Tarlan	[]	[2020]	1	1
32DsQsPiJZaDNE9O3PdPmG	The Greywolf	[]	[2020]	1	0
2yjYkfXjIELhAESRRo2Mqf	ismooh	[]	[2020]	1	0
6gbGGM0E8Q1hE511psqxL0	Ray J	['pop rap']	[2020]	1	1
6NyJIFHAePjHR1pFxwisqz	Kurupt	['g funk', 'gangster rap', 'west coast rap']	[2020]	1	1
2XZ2J8vmcobe4hGl1B2Efi	LA Buck	[]	[2020]	1	1
4ifWa8uYjvbxB4ouf9XbW5	Compton Av	['west coast trap']	[2020]	1	1
5O8whEDI19YoFzPPWd5On9	Freddy River	[]	[2020]	1	0
5UopXhshFFqRIMfeZrBclq	Ceky Viciny	['dembow', 'rap dominicano']	[2020]	1	1
1dKxm3otsQVTgC0922fkvq	Zackybass	[]	[2020]	1	1
1ATBYVuMMF2tqQMhHn64Xx	Goso	[]	[2020]	1	1
4G4VfM8QRyeAj2GRBnAn6b	MARTTIN	[]	[2020]	1	0
6HgEIsWCHekTTfnbOGJa3g	Fresco Trey	['memphis hip hop']	[2020]	1	0
0I7BILj8tTlmr1dbE0I9bv	Unwill	['rochester ny indie']	[2020]	1	0
4HheiY82pb0LHIkAPi89oC	J.R.Clark	[]	[2020]	1	0
6EnPd87KHWZvjVP7ih31vF	Sir Alixandir	[]	[2020]	1	0
7r62yfDguqL85exOiZBFU0	Keyzs-Sean Sparsfa	[]	[2020]	1	0
37M5pPGs6V1fchFJSgCguX	FINNEAS	['alt z', 'la indie', 'pop', 'pov: indie']	[2020]	1	0
7DQcxVvL0yQFj2uFBNMms6	Arva	[]	[2020]	1	1
66IJMXeVxjxvku3Gq36lnb	ViibesFromNetto	[]	[2020]	1	0
3z2brFWY7dOjDGsSJF7lZj	JSnake	[]	[2020]	1	1
5G5w4uQV48DX34xkuaLmu6	Nelis Joustra	[]	[2020]	1	1
2cKpNFu6Zze4SAn40HSsVS	Ray Bryan	[]	[2020]	1	1
7plkH4phbsHLumNEn4XiPP	Juke	[]	[2020]	1	0
6tZIB0k2xzSx5o7P1m7tvq	3NIGMA	[]	[2020]	1	0
4perXSdRWsStsfV5gRLlym	D.O.N.E RD	[]	[2020]	1	0
4sUMXGoB71qnOF7H691QGj	Peso Peso	['houston rap', 'texas latin rap']	[2020]	1	1
63GIj2yhFvX1Bzphb9JgVb	Fenix Flexin	['cali rap']	[2020]	1	1
2FrMVfA8hZQzNNd5LQOYNF	S1K	[]	[2020]	1	0
51vc4caNkNCMM2Xa7c6Z4G	Icy Sabbath	[]	[2020]	1	0
5Fo2gQI0bLjH3UgUgh1Mt8	Jeremiah Jams Band	[]	[2020]	1	0
0SypBeihxqQglJYAk4HFhy	ONSC	[]	[2020]	1	0
0TtVGvZ6bN7aQTTAixMFYU	Mavis Hee	['classic mandopop', 'mandopop', 'singaporean mandopop', 'singaporean pop']	[2020]	1	0
6TOn0xUD5NkLXGrdd4Exlt	YB D'nero	[]	[2020]	1	1
0LSryTY2wctxtfllCT5sz2	G-Wicked	[]	[2020]	1	1
26A902eZ6ZTiZmXC8r04Bu	No Nonsense	[]	[2020]	1	0
3v7SNp9W7ka6f4rUxjmTtO	Jennifer Denali	[]	[2020]	1	0
0VGT9VLEoUkGXjVPqNcR54	BeverleeBanx	[]	[2020]	1	1
3sTb16eOabCpOSUUnS3LTQ	HollyOnDemand	[]	[2020]	1	1
5Ii8XcgWdZ15LREHwldyQ4	YbGelo	[]	[2020]	1	0
4JWuW8sSjHNmVmscjQKOyY	Doctor Einstein	[]	[2020]	1	0
52lmnhvNJmDKZK3JPstrm5	Citi Boi Ced	[]	[2020]	1	0
0ECwFtbIWEVNwjlrfc6xoL	Eagles	['album rock', 'classic rock', 'heartland rock', 'mellow gold', 'rock', 'soft rock', 'yacht rock']	[2020, 2021]	1	0
7IWft7IjKH1YhyQpAUqA4f	PIERXE	[]	[2020]	1	0
3S6Y7UqHxtJq93VQUgK50e	Raymonee	[]	[2020]	1	0
2tK16ED2NdkPrAmuHkEZaw	Bonelang	[]	[2020]	1	0
2JbE7jUIGtpXSzytnyMg6U	Curtis Waters	[]	[2020]	1	1
44rJuOJLavqhY6qGgpQW4U	Harm Franklin	['alberta hip hop']	[2020]	1	1
4iMMoNbuQf5MiO8756V8Wn	M.I.C MAFIA!!!	[]	[2020]	1	1
3HOWvo6roxq67DwEhr7UwR	Bikerboi Scooter	[]	[2020]	1	1
5FtVBMUROtFwrsy5vkwrVK	SkTrama	[]	[2020]	1	1
7xbN2Jwh7Pyih3tjAHX8E6	Dj-Chris	[]	[2020]	1	0
3L5sqWmhlRhqcfZAAk4rFV	Thee JAE	[]	[2020]	1	0
7cJ2Uklhq7cgZMfWIMnN6h	J Ran	[]	[2020]	1	0
5Gt9EJqnB1HJYhycoIqkOE	Franco F.Y.E	[]	[2020]	1	0
3es4xxY5puhPyQlgXkQuyW	Fantastic Action	[]	[2020]	1	1
2CP7hP3YAxKRAIlix85ZTW	Lily Otten	[]	[2020]	1	1
3EYR18Aj1s7loLDXBxMs83	Okash	[]	[2020]	1	0
0qiGzOXXfAhARUCKK53seI	Realonyechi	[]	[2020]	1	0
5fc5LyZQ0PD2WQFfVdwPSX	Giuseppe St. Nicolas	[]	[2020]	1	0
4U08vpOjRKKfCtJE5KiCS8	Freddy	[]	[2020]	1	1
7FUOsLnUXwuexDpWOg1qH2	JKhalifa	[]	[2020]	1	1
0sgEoi78FvPJN8QrjOui9X	D Kirk (KV)	[]	[2020]	1	0
0p0KwawjbChNZh3O0L3z8i	寶石Gem	['chinese hip hop']	[2020]	1	0
5UNBszdCrAn5pZtfDIaxTF	Brose Royce	[]	[2020]	1	0
6O9gUrbBqAcdNhsdZNTqlN	Synbby	[]	[2020]	1	0
68dxTANlN2QOZmRJrcWaWZ	Qtdabutcha	[]	[2020]	1	0
2WxjxdeF7GGdcCK276qViY	Natalie Taylor	[]	[2020]	1	0
6S7Y18ZfQts36lhgOBDi0r	Mark$man	[]	[2020]	1	0
6ZBBDuE1QWck9Xp4SlW2J0	EA Travi	[]	[2020]	1	0
3ybZTNrlK0QhL4rBxfLHOc	Gaho	['k-pop']	[2020]	1	0
4ETSs924pXMzjIeD6E9b4u	Surfaces	['bedroom soul']	[2020]	1	0
5FNOQc2xeJ3tN8DR6S1gxF	D. Weathers	[]	[2020]	1	0
5S4EMsB7qHrJQ1Y7hq8jDw	JuggrxDee	[]	[2020]	1	0
1OpHMC7Qo3lY1sVYaTUQrG	Axel Thesleff	['bass trap', 'finnish edm']	[2020]	1	0
7823Dim2TzjiQQ9wRQxyi9	Wizzard	['glam rock']	[2020, 2021]	1	0
32vWCbZh0xZ4o9gkz4PsEU	Dolly Parton	['classic country pop', 'country', 'country dawn']	[2020]	1	1
6VJXxf5lfKNv8IfVsiif0H	J.Mafia	[]	[2020]	1	0
5MhDuYeMpdqjDOw53Mlv0r	Friday Santana	[]	[2020]	1	0
6DgP9otnZw5z6daOntINxp	Joel Corry	['dance pop', 'pop dance', 'uk dance']	[2020, 2021]	1	1
6Gk5hoM7eW8NSCYhICMDHw	Zak Abel	['uk contemporary r&b']	[2020]	1	1
5CaRvw2wFJSVakfNEGrGEc	ALLG	[]	[2020]	1	0
1qQLhymHXFPtP5U8KNKsm6	Apache 207	['german hip hop']	[2020]	1	0
0TjNFQhfFK5asPcnqcYZoG	Cade Eliason	[]	[2020]	1	0
5Faw0NDCg6Y2d320PUeLUQ	Young Da Gawd	[]	[2020]	1	0
4OJaV3Tou7tq4JWn33HP8e	3rd Eye	[]	[2020]	1	0
7qd6KGoABHifvXKeFNe2Yb	Wolftyla	['trap queen']	[2020]	1	1
3ILA9JgIgjpWJoRqsiX2zV	Irokaï	[]	[2020]	1	0
7Dt7OXVSQ1NIkwiNzMOzjg	Nate Billz	[]	[2020]	1	1
75pgRYzhX407VYE9juddtt	Cliff Boi	[]	[2020]	1	0
626KJQ9bodKgZe7Qa329VL	diGi	[]	[2020]	1	0
7iK8PXO48WeuP03g8YR51W	Myke Towers	['reggaeton', 'trap latino', 'urbano latino']	[2020]	1	1
1S3mQGmZqP6mIw9IF0lTCv	Keiroh Ohara	[]	[2020]	1	1
3eWHAguFwQK5EhoJdKY0qo	Kyohei Tomihira	[]	[2020]	1	1
3dsjMGBFNnHntBTa4rioCf	Gordon Bahary	[]	[2020]	1	0
3rRc7C2Bf4p9oyG3pMVjdN	Poko	[]	[2020]	1	0
2PqolYsUwgkR5jPPQ8iE0b	Eflyjah Mack	[]	[2020]	1	1
44d8nZvSESybJUtVYcaNNx	Madmanleek	[]	[2020]	1	1
4yfnUsvG0DhVNhvSGEb2c9	Shaun P	[]	[2020]	1	1
5sIpD4IMJlqyaNxA8qNTnJ	林嘉欣	['cantopop']	[2020]	1	1
33O0LdSANvbbly9A2Wmj1l	YRN Murk	['atl trap']	[2020]	1	1
6DBI9ca9PaSJfKDOwbRqhm	YRN Lingo	[]	[2020]	1	1
3B2bPSjnNcApWGIAsUFbM3	Da Vinci Fresh	[]	[2020]	1	1
7J1vWiNwuDejpbK41xiuSH	Arrow	[]	[2020]	1	1
43oajpxpndXy4ZG2mL4DCI	David Michigan	[]	[2020]	1	1
4UML6fEvIsRbPNjvPPmm9R	Levi Belle	[]	[2020]	1	1
74VF1uGcU5ascqrUk1s0kQ	Benji Buckz	[]	[2020]	1	1
3gBy9scXSLRimW2U7Dbn4N	Offeno	[]	[2020]	1	0
2lm3ISdfvGLIqhp9roRcdr	Levi Mitchell	[]	[2020]	1	0
5XosBvYK0DIipgXRjtG9AD	Musas	[]	[2020]	1	0
1ivdMszY5pONRVa24Sw1eP	T-Roy Aka Reezy	[]	[2020]	1	0
5v6LfBBTC4Pc8OLq6SWYhW	Paranormales	[]	[2020]	1	0
5qH9qkVe5GUt6Fcq0LsQOB	John Patiño	[]	[2020]	1	0
1WgXqy2Dd70QQOU7Ay074N	AURORA	['art pop', 'norwegian pop']	[2019, 2020]	1	1
2x8QwFVWgig0KGaWHtRxGh	OG	[]	[2020]	1	0
1xB1trXBV8vHuVvTMTUytX	Sacal	[]	[2020]	1	0
1OY65G9NJJHsSt1lGLZU6q	NiiHWA	[]	[2020]	1	1
2Gi0XyT5ibRO83vRFN9iw4	陳穎欣	['hk-pop']	[2020, 2021]	1	1
74CNcFnq2bYLlFXe7WE8ko	Death Vogue	[]	[2020]	1	0
4vRfI29tZIbAa5ySKLXZZi	Nuski Baby	[]	[2020]	1	1
743s1ViYn8Ss4sGNCtqDBk	glock savvy	[]	[2020]	1	1
3pjWy9AtQNmAub8xu9HNN1	Torito	[]	[2020]	1	0
7cRSMT9bPcpqdqI9qWcMpp	Lil Lee	[]	[2020]	1	1
7gQUvK4QLGNRBAFgUBb4Wu	Riiyoo	[]	[2020]	1	1
60df5JBRRPcnSpsIMxxwQm	Otis Redding	['classic soul', 'memphis soul', 'soul', 'soul blues', 'southern soul', 'vocal jazz']	[2020, 2021]	1	0
5Hi8pd6xcDtyb9uqTLt2dT	Hirotoshi Furuya	[]	[2020]	1	1
5JAa9e6UwxxYbZfyUBZcU3	antihoney	['japanese dream pop']	[2020]	1	1
12ZeQhs2U1YuirpNK5dRBu	Idem Colony	[]	[2020]	1	0
5VwIM1d7BnTWOqO6PjF0RF	Enrike Perro de Presa	[]	[2020]	1	1
0hsL8N84Tv9Uwbw3Wqr4fD	Nasta	['rap underground espanol']	[2020]	1	1
4BW5WkOQmoHK2bASv3FTnd	Marchelo Sound	[]	[2020]	1	1
3pF1pTKl9daYp3ymdQJZMu	Sensey Zhafir	['spanish reggae']	[2020]	1	1
4SiWXbwnfbEK00SQRdslv0	Sparksi	[]	[2020]	1	0
24J6k0rBJ99YKf0LJK4NfR	MILOU SKY	[]	[2020]	1	0
6P5NO5hzJbuOqSdyPB7SJM	Ashe	['alt z']	[2020]	1	0
1RPf7vxOzLa25HoxFc8Dzg	ED Wrd	[]	[2020]	1	0
0uPSEDQjYvqwJ7AKMbRuWL	Hanujay	[]	[2020]	1	0
4KUg2TUhWVbTiqFfY9U9Y3	Chico Dio	[]	[2020]	1	0
0QJIPDAEDILuo8AIq3pMuU	M.I.A.	['escape room', 'indietronica', 'new rave']	[2020]	1	1
1LpuB6QuKjvIKyClw9hzSN	P.S.A.	[]	[2020]	1	0
63yrD80RY3RNEM2YDpUpO8	Melanie Martinez	['alt z', 'electropop', 'pop']	[2020]	1	0
7d9YRqKuNPi5EZtUoyrdYk	Wiccid Lo	[]	[2020]	1	0
5nmFtgTO8wHhBUVD69pKQS	G Spittah	[]	[2020]	1	1
4WQM9gsqlWK9AgSiDQeuaD	Big Flock	['dmv rap']	[2020]	1	1
2MIzsJ2ZTEAbIo7SuISuTz	Roma Vander	[]	[2020]	1	0
4wGzeUnoL6y5KTaqdX815C	badass keema	[]	[2020]	1	1
3BeqnQZzKaqsromLrrvUsJ	FATBOY RHYMER	[]	[2020]	1	1
0dIKXNriGyVYvw6Cw2jko5	Fiokee	['afrobeats', 'nigerian pop']	[2020]	1	1
0Ze5esmwF7giFwKyRKdL8W	MASON	[]	[2020]	1	0
3UAit4q9lJ2Uca3jk6NTDH	Fabian Soul	[]	[2020]	1	0
3iRqbMhzyOyoCkmmMRxLWR	Hu Xia	['mainland chinese pop', 'mandopop']	[2020]	1	0
7A9hzSQeshTlnTrHosVcGT	Kristin Hoffmann	['paracana']	[2020]	1	1
2pQ12PjB3rUjsYzfXZQRD4	Mayar Jenisk	[]	[2020]	1	0
18OIVMwWOkrIW2aJkrWvFJ	Lipford	[]	[2020]	1	0
3ji6g5tHa0ZAf29CrbT502	Icebeatzz	[]	[2020]	1	1
0jrjdMpSiH3zBJnaxAApig	Bobbo	[]	[2020]	1	1
7HZv8BchGy7ZKnbWXpIAD5	Stakex	[]	[2020]	1	1
3u5Xu8UlVclFEXMJoBlbFy	Offended	[]	[2020]	1	0
5AuqWTyy68eJRfLs7Vm7EP	Ty Talaban	[]	[2020]	1	0
65xVgBM0vWOcVbqzqIfwOi	Ray Medixi	[]	[2020]	1	0
0BuexLKvWB7paK9LCWv1eF	Oda Kirkwood	[]	[2020]	1	0
3TCCmcLnuD626AkAnumqpW	Lucciveli	[]	[2020]	1	0
6IPxC5IyE8Kcnaf8iRTdBJ	Xtortion Tha Don	[]	[2020]	1	1
5vlW1zn9PS9H58BbcWz7Fv	Junior Pasare	[]	[2020]	1	1
6ghTvLIBOKqjzGUJCX69Hg	Dre' Madison	[]	[2020]	1	1
1VNRMdbOTGMIYhapMX1ruH	Bootsyano	[]	[2020]	1	1
0ziTQ3ZkpTN22jwpv56tcp	James Worthy	[]	[2020]	1	1
3xsipKZGmxYOaitFs52yJf	Sonna	[]	[2020]	1	1
3tTLJXZb4nzT0LB7UDOVuf	SWF K1nG	[]	[2020]	1	0
3sHOIOSGSxsS1qlAYmmyyr	Rick Van Regteren	[]	[2020]	1	0
4rgrFvNEiE81czvMjCTnCy	JFC	[]	[2020]	1	0
3eYWQTEcYsIrPuVtI1TfFB	Pesh mayweather	[]	[2020]	1	0
55OzuHxRarLnJR84UCnjdV	C.LACY	[]	[2020]	1	0
65oRUNi4Oss6MoxhoimAaq	Lai'jhon Hawkins	[]	[2020]	1	1
2Mumdj049Bt1TtGicOw9gc	BTK Villeion	[]	[2020]	1	1
52iCletvYkaxSwwwkdNBuC	Brandoshis	['kansas city hip hop']	[2020]	1	1
0w65tUIBrLqJ1froHxFQoa	Frank Briones	[]	[2020]	1	0
35GL8Cu2GKTcHzKGi75xl5	Jennifer Hudson	['dance pop', 'r&b', 'urban contemporary']	[2020, 2021]	1	1
0Gb0hOOL7Rr6uKaaFn4q92	Carlos Vindel	['pop catracho']	[2020]	1	0
51TnShMzTZrtA35AfB1CiZ	Agatha	[]	[2020]	1	1
6Tu9KiWKN5ENQ2VjGCVN18	Max Vangeli	['progressive electro house']	[2020]	1	1
2OTuoIi28WybVbVcykc237	Miss May I	['melodic deathcore', 'melodic metalcore', 'metalcore', 'screamo']	[2020]	1	0
0DTyvZXoxa0NDmCm1HWtUb	WRKINSILENCE	['dark r&b']	[2020]	1	0
30KyGECA11ZFIpu4k3hOm1	Minus	[]	[2020]	1	0
4AJcTAMOLkRl3vf4syay8Q	Jam Hsiao	['mandopop']	[2020]	1	1
6Gx0aqj0Ac4TiL9TFPEOaU	Boris Messing	[]	[2020]	1	0
7CgMLbkDNX2GegKzzekbXr	Prudence Liew	['c-pop', 'cantopop', 'classic cantopop']	[2020]	1	1
0Y96um7eTB5gvmgF0MYRza	YHWH	[]	[2020]	1	0
1sBCqmBIRFzk6RdVeSIhbl	Undecided Future	['oc indie']	[2020]	1	0
266Ck5BR7rBm1CrJhETGL0	YNW Jordan	[]	[2020]	1	1
5VDjK8aCkf2lBzHEolVdsd	Kolé	[]	[2020]	1	1
56HPSI2prmbBjPrqNgMHHN	Young Fay	[]	[2020]	1	1
2iRXWHhAMeymLOrFrrZ1vj	陳卓賢	[]	[2020]	1	0
7FTaKYmmXrFTUBpwDWAvHe	Said P.	[]	[2020]	1	0
1caBfBEapzw8z2Qz9q0OaQ	Asking Alexandria	['alternative metal', 'melodic metalcore', 'metalcore', 'pop punk', 'post-grunge', 'trancecore', 'uk metalcore']	[2020]	1	0
2KJTzKQAtcmNsaEaCuCRpl	K Chrys	[]	[2020]	1	0
1Gu6VWsKdiouXB1L2ClFqR	Nino Bags	[]	[2020]	1	1
220zeOdZkVQNzQGUUOKwUS	Legit barz	[]	[2020]	1	1
0WWYXYmzuRqvhnPPBMMyN6	Audrey	[]	[2020]	1	1
5xUqutWo7TMzu9CgR0moiw	Snowx	[]	[2020]	1	1
1iJSZhL4wGvUDXKsbNaCMI	SeeS	[]	[2020]	1	0
7De5J6BL0tAaT5dRWyDQ1j	Lil Navii	[]	[2020]	1	0
6Z5ZNPAZNeP9mRQMA7hweP	M-EZY	[]	[2020]	1	0
6pMtsEs9eai5XKpgyyXmnF	African Elvis	[]	[2020]	1	1
6F8EOCbWI8gHpzO2T3BZoR	Lyrick Litani	[]	[2020]	1	1
5wdSsV6cGzqQDnoKkHHVXk	Elii	[]	[2020]	1	0
2ei5jbUvW8SMcjkTFbZU42	Mak7teen	[]	[2020]	1	0
7vwASLGkTXSvZ66MxF7PpM	Joker y Mago	[]	[2020]	1	0
0Eut5QznLvyg3SARJKkp0Y	Preston Hudman TG	[]	[2020]	1	0
1sSNEFQnkgA3BSmmyQSIyZ	"@LMK ~ LoveMusic""Kindness"	[]	[2020]	1	0
4GnPrCMDMlVzYb4tof8m6z	Kouvaris The Universal Prince	[]	[2020]	1	0
3hlcs5qi5nAKimHdXnKQdu	Prince Bishop F	[]	[2020]	1	0
7MPGCB854Qo4alYMOPkBka	Ritt Momney	['bedroom pop']	[2020, 2021]	1	0
3JVupmsKaZvidsNb6Zn4zd	Lil Larceni	[]	[2020]	1	0
7duAWxN7O6z3dDlI4sGEiq	3 Miles High	[]	[2020]	1	0
6bmlMHgSheBauioMgKv2tn	Powfu	['sad lo-fi', 'sad rap']	[2020, 2021]	1	1
35l9BRT7MXmM8bv2WDQiyB	beabadoobee	['bedroom pop', 'bubblegrunge', 'indie pop', 'pov: indie']	[2020, 2021]	1	1
55iKp6QVdZPGScprQxbjFt	Bradley Mantha	[]	[2020]	1	0
1km564YyHWr7156Imwfbp9	Sirvan Khosravi	['persian pop', 'persian rock']	[2020]	1	0
0lWWyQ23xrr9y2K2s0vKb1	Kill Billy Da Goat	[]	[2020]	1	0
5obOh4nvXn5cQIGP009GDF	Loftdead	[]	[2020]	1	0
6Z9xJwiULfnWJOMFR9vZOJ	David Bosh	[]	[2020]	1	0
4dxp2iZCasMOmCDFztR22q	Belaganas	['phoenix indie']	[2020]	1	0
31d96XTKL3soxtdxzUVEP6	Periko & Jessi Leon	['pop reggaeton']	[2020]	1	0
6Si6fslrH2xSORoY5TclT5	RIKA	['uk pop']	[2020]	1	1
3KDhyMTFZlrfAO0zK18z4t	Mickey Singh	['desi pop']	[2020]	1	1
6fs2or0cKLEM2xohWq8SoX	Lexie Liu	['chinese electropop']	[2020]	1	1
4TqlcgMFDryY96KWcvrhTv	Seraphine	[]	[2020]	1	1
25AJnCby0VoEIl8TFHzrRk	Orphée La Fine	[]	[2020]	1	0
7ksQJtsXSRSrI5306UwIgH	Kim Jong Wan of NELL	['korean ost', 'korean pop']	[2020]	1	1
1lmU3giNF3CSbkVSQmLpHQ	Surf Mesa	[]	[2020]	1	1
4ArPQ1Opcksbbf3CPwEjWE	Emilee	['social media pop']	[2020]	1	1
7nDsS0l5ZAzMedVRKPP8F1	Ella Henderson	['dance pop', 'talent show', 'uk pop']	[2020]	1	1
6dn6x1XOng3LOAnfTjUn77	AJ Mitchell	['alt z', 'pop']	[2020]	1	1
4KUVapwQzaChopNKdoTkOP	Tee Lonzo	[]	[2020]	1	0
4WsmN4xA3vmmJ9SoJhLeZ6	Hyson Green	[]	[2020]	1	0
7zHkgmNbakU3qbOTVxYnYT	Kwabsmah	['ghanaian alternative']	[2020]	1	0
6XFITTl7cFTdopDY3lUdlY	J Alvarez	['reggaeton', 'urbano latino']	[2020]	1	1
2RZ5MBBHsQ3bHQUPxF3MpD	Jonna Torres	['r&b en espanol']	[2020]	1	1
5lFhCi03HDneWzvCxGctrT	Jory Boy	['reggaeton', 'trap latino', 'urbano latino']	[2020]	1	1
3jGlU8UMMo44I2xeLQ6FD3	Dalmata	['reggaeton', 'urbano latino']	[2020]	1	1
2OHKEe204spO7G7NcbeO2o	Ñejo	['reggaeton', 'urbano latino']	[2020]	1	1
0OtigLoCgLYvXnMxbE5qH5	Lost Boyz	['east coast hip hop', 'queens hip hop']	[2020]	1	0
3l0CmX0FuQjFxr8SK7Vqag	Clairo	['bedroom pop', 'indie pop', 'pop', 'pov: indie']	[2020]	1	0
2qXIxvxXxtVzZPcTL9nofb	FAO>dino	[]	[2020]	1	0
076R1uUUMKHir9BPok9K8l	Cassidy Rae Gaiter	[]	[2020]	1	0
3ERNQckrsSEdQxQ4FEph5K	NewFlo Brody	[]	[2020]	1	0
1QUICUv3zE2TZ9qNHjXBSN	bruno livesax	[]	[2020]	1	1
5ZjUQhxYaO6HEkyASUZKB1	Raccoon3eyes	[]	[2020]	1	1
6JpCRswJbJNJ9qwxlxuBVb	Los Necesarios	[]	[2020]	1	0
0Tu9y0rI03O99q45dR0lLC	John Dee	[]	[2020]	1	1
4f9s7oX2eS4ezxFOIRRjOo	Kayan	[]	[2020]	1	1
0e1NrokFEZ4TDY7sJVPsSj	Zeeno	[]	[2020]	1	0
5yy76ufVriyvidNSvXlRU1	Clever	['alabama rap']	[2020]	1	1
04yB9kBsaEQgT8hFfcsQik	Mustard	[]	[2020]	1	1
6UvimMgfi1ac1jMz6K454m	Portillo	[]	[2020]	1	0
0ZiLLA5qK2ZY68WgRM3wOe	Joseph Rose	[]	[2020]	1	0
0tLt9v7Kj31JK1oyx2E8TI	Grupo Okixem	[]	[2020]	1	0
5tJOBjBtoHgSp1x7iYWsPP	Thiago Carvalho	[]	[2020]	1	0
3KqOm9c2A9rJ66p1Pm8Oay	Major D-Star	[]	[2020]	1	0
3NKqpaZFHn7irkNo0mSkzQ	D Rose	[]	[2020]	1	1
17cQawMg0m4Z5VCzkIMI1i	Dee Gomes	['rhode island rap']	[2020]	1	1
4QQgXkCYTt3BlENzhyNETg	Earth, Wind & Fire	['disco', 'funk', 'jazz funk', 'soul']	[2020]	1	1
32xRwmSb9MndbqXHMkq6IC	B.	['native american hip hop']	[2020]	1	1
3e0kHwMP7iUbRnBdtT41K7	Bert Malcom	[]	[2020]	1	1
4aOP2NWfCnwVCydysCXn4i	Trucci	[]	[2020]	1	0
3C8o9pIbySSN7JgL7OcgZp	Juandisemo	[]	[2020]	1	0
1kLYnDPZarnvD6VTPtaddD	Atômico Mc	[]	[2020]	1	1
3hHVu45BPsXSMVATvIjjLk	Alf Bs	[]	[2020]	1	1
25hZFN1PKNmwmsDQwT2JRX	zelinen	[]	[2020]	1	0
17UySpAC6gdbgkzGKD4QGk	EL Mo3	[]	[2020]	1	0
5nJ3rNfKcrVrQUTTKifKF3	B. Devinchi	[]	[2020]	1	0
4wqeWr6cST27WXZJmccO64	Gino Caporale	['deep freestyle']	[2020]	1	1
7q4EZW2ZCXb18QNUoJv4hY	Angela Devine	[]	[2020]	1	1
1WybMQkeEskWKx4iwiLqb2	Maff Boothroyd	['deep groove house']	[2020]	1	1
3rPVKDcPToui646hg3LI4c	Cokah Mulan	[]	[2020]	1	1
5cixONT9JrW4mWUHeT41jX	Murda Mook	['battle rap', 'harlem hip hop']	[2020]	1	1
15GGbJKqC6w0VYyAJtjej6	Fatman Scoop	['nyc rap']	[2020]	1	1
33FtA7UKKIdGqvX0YnpxUX	T. McCrae	[]	[2020]	1	0
40da4RF6q5xWGzCdHEGclH	King Thateron	[]	[2020]	1	1
5XDUhifC8EH4u2SgC7gSAj	King Siniestro	[]	[2020]	1	1
5uGE53tmumWKdfREzM8OFP	P Tee Money	[]	[2020]	1	0
0chxndMxE0AhAeYED1Ay9d	Matstubs	['bass trap']	[2020]	1	1
78vP5fMglWA5Fc37oXDziO	Marli Space	[]	[2020]	1	0
7lIjeKLeIQs3oCc7kiHE1g	Lia Kloud	[]	[2020]	1	1
4w2hQgEe14Mv5rF5KNwgTZ	Slimmyonthebeat	[]	[2020]	1	1
4miLUQrRwJQRfx6Djz2oRu	Hector Andres	[]	[2020]	1	1
7Bx7iO9SOFX4oLr0KW8tKL	井谷俊二	[]	[2020]	1	0
5EoUq01vZF7cGf1YxKNuHu	Kram	[]	[2020]	1	0
5LHV7FW6srhPuxviHdR843	Jonel Tjay	[]	[2020]	1	1
21Z6edIELx6gQzhv24uIKt	Nasser black	[]	[2020]	1	1
4giSe7EV9l4lXjXH0s97QJ	Dennis Fernando	[]	[2020]	1	1
5gmFKzyDu2PZ3hESPT0tUm	Leonardo La Croix	['colombian indie']	[2020]	1	1
2yLeptGRMWP64GReoRj85U	Caitlin Quisenberry	['country pop']	[2020]	1	0
1F5gGPUdanMIWOfSVClGZI	KingNovAmen	[]	[2020]	1	0
0mB7jsqOr0rtgYmchFeB19	Clyde Kelly	[]	[2020]	1	0
2el9LgZHLeQnXHABBkgb7M	SSAK3	[]	[2020]	1	0
1D9f1goUlrbnQnQaRt6yIP	Sons Of Funk	['bounce']	[2020]	1	0
6tbjWDEIzxoDsBA1FuhfPW	Madonna	['dance pop', 'pop']	[2020]	1	1
4TvhRzxIL1le2PWCeUqxQw	The Blessed Madonna	[]	[2020]	1	1
3L8lfZuAQC5TbEMNpC5bqq	Preston Hudman	[]	[2020]	1	0
0G53cPBndVe4gCTwhV46Er	Yung Bryan	[]	[2020]	1	0
2LSPoJX1Dq6tl0Vbjw50HA	Damián V	[]	[2020]	1	0
2OC4lXfGEKZkbmRCcf2vTq	Wanting	['mandopop']	[2020]	1	0
7Hegq08ughZI2GkGvriNoC	Djmatko	[]	[2020]	1	0
0AcVMb0AROc9k7rbSY9ioF	Andy	[]	[2020]	1	0
1tsBMIE85d0LoGiLRHtigM	CHF	[]	[2020]	1	1
4P5NIrq7flK4SnQks4wAom	How To Loot Brazil	[]	[2020]	1	1
3DKkhRCGOG4e8IUPYFPfWs	Dixie	['social media pop']	[2020]	1	1
0VK3RAGU7sIgvs60bGgY1Y	Mike Plain	[]	[2020]	1	1
022hDFiSTA1SSbykVp8D09	Dominic Strike	[]	[2020]	1	1
665hhZLbBZKwCttvxRZ9NW	Kenny Wade	[]	[2020]	1	0
5yPeHqGaSwHFwMCOZAs5pj	Ranzel	[]	[2020]	1	0
2cCUtGK9sDU2EoElnk0GNB	The National	['chamber pop', 'indie folk', 'indie rock', 'indietronica', 'modern rock', 'stomp and holler']	[2020]	1	1
4kGC5N4p5afU77SrHaq44J	Denver Grey	[]	[2020]	1	0
2EUGkQxJXfpkTMTZ3xQplb	J. Brown	[]	[2020]	1	0
0daugAjUgbJSqdlyYNwIbT	Vicetone	['edm', 'electro house', 'pop dance', 'progressive electro house']	[2020]	1	1
2jpQ0ywffgVHhZFQNWaWYW	Tony Igy	['russian dance']	[2020]	1	1
5Vo1hnCRmCM6M4thZCInCj	OFFICIAL HIGE DANDISM	['anime', 'anime rock', 'j-pop']	[2020]	1	0
5UI5YivmqSABGCxa0umj2D	Landa Freak	['reggaeton colombiano']	[2020]	1	1
48gLgiEUb8t5cGfmHe7E27	J Spoolz	[]	[2020]	1	0
2flTkRWXExICi9z6DFL2nf	Ismo Z17	['rap francais']	[2020]	1	0
3QVolfxko2UyCOtexhVTli	Angèle	['belgian pop', 'french pop', 'variete francaise']	[2020]	1	1
57ITpWc60F6Asghn09mvPC	Mawat	[]	[2020]	1	0
2xqIFuMdUx1aCK1cHGJjp2	Beta Soul	[]	[2020]	1	1
1Ro1GMy0sBBh85Wly01aTv	Offended.biz	[]	[2020]	1	0
1BDsemW6UCzhKRDzLYggnF	Dario Puleo	[]	[2020]	1	0
485kXpZ6sG9ExDKMtRGmCr	LIL BLU£PRINT	[]	[2020]	1	1
0MrhxVn4gtuvYF8h8Ws1Py	Karasine	[]	[2020]	1	1
3mJzTRR6NlyNWYkZ946WgC	Austin Tolliver	['redneck']	[2020]	1	0
5WW1ErMJvuGaxJypZBfvy7	Juvy	[]	[2020]	1	0
7pC2KyohvtZOSHGbevncYj	Meltdown Yellow	[]	[2020]	1	0
5HINwH9FyjFUiKSOaqJ6JN	914	[]	[2020]	1	1
0h3nMeP4BNwVjBjUio0PBL	Mike The Menace	[]	[2020]	1	1
6OwpS0IEs3zlDPAtp2mXer	黒相茉里	[]	[2020]	1	1
7kd07RMX0EFSWMF1lMDLX6	Miguel Teran	[]	[2020]	1	0
5A5VsefXq9aSsLwdEqqAWU	Mez Mariye	[]	[2020]	1	0
7C2pvRxwjxaKEWx2WPL8Vt	MariKuroso	[]	[2020]	1	1
5Db3K394enddwMhkhUJQ3U	Kelly Cardenas	[]	[2020]	1	0
0x3PXj1WnuW7YsBxQK57xM	Ruben	['norwegian pop']	[2020]	1	1
7akKAMI2oLUJZUozpLGZU3	Oddworld	[]	[2020]	1	0
4z6yrDz5GfKXkeQZjOaZdq	DAVICHI	['k-pop', 'korean pop']	[2020]	1	0
3JRPDUF7KEo6lLdFWpUARJ	Aki Starr	[]	[2020]	1	1
5ci44Wo0qUntSsaEglnhXI	Willie Valentin	['deep freestyle', 'freestyle']	[2020]	1	1
4YN5ueunO7UDJaeClIEx6q	Krist Austin	[]	[2020]	1	0
3aVoqlJOYx31lH1gibGDt3	Babyface	['contemporary r&b', 'r&b', 'urban contemporary']	[2020]	1	1
480i0t8YiGc2aoOR6BeLAb	Nick Cannon	[]	[2020]	1	0
5XmuuM2C6t4HSPa3FSuU3h	WanMor	[]	[2020]	1	1
1diYc0tUASbEsjFyGoB9K9	Bùlù	[]	[2020]	1	1
4YBmI4afbXtei8RWInZ2Sc	Meloyah	[]	[2020]	1	1
3PnT7aGWBUwh3hJBF0Iqye	Duane Flames	[]	[2020]	1	1
4NjEoTgiTNf9YMFSDPA8EP	Anusha	[]	[2020]	1	1
0akynEaokqsOnuVeZGarSd	Bogart Bonales	[]	[2020]	1	0
4HDGkCj9IcnxufBuhyIFYY	Jt el Utility	[]	[2020]	1	0
2a1voZpIlJW78JlnjCEZvF	Tiahzzi Cherrelle	[]	[2020]	1	0
3qC6m0vCPCvzm6EHPF1K5A	Drew. H	[]	[2020]	1	1
3yrXKYECFWWXOh7LR3aCRC	Millez313	[]	[2020]	1	1
4C8NU43yZLezXPH7JnNKvl	YNG	[]	[2020]	1	1
3dEpLs7zWM2O7o84acER08	Jimmyjamez	[]	[2020]	1	1
6Yub4ITsFh0E2ltjshujrO	Raw Deal Da Don	[]	[2020]	1	1
20nuBArwys2CRJ2UQZGpmJ	Lauve	[]	[2020]	1	0
6lOgkpzWDnFzrMVnL9oP9N	Juzt Marquez	[]	[2020]	1	1
5A7PIpqC9ZvMVJt4lOqs10	Fiend	['dirty south rap', 'memphis hip hop', 'new orleans rap']	[2020]	1	1
4w87fG1Oe9VG4dRyrmmMtJ	Sammie Halliday	[]	[2020]	1	1
7dH9SU1SW1UkSViuGczfIk	Yxng Bt	[]	[2020]	1	1
2FqCLqPNdAtNNqVLmNCxs5	Shadow Mcloud	[]	[2020]	1	0
2oMmxU404gBA2SpkFML6vv	A$H.	[]	[2020]	1	0
77E86szHcviDnptD7VFk15	Profound Artist	[]	[2020]	1	1
6TZrWdMkYh1nIG0IveqdoT	Eric C.	[]	[2020]	1	1
68vGAl3NDEhI45hyrdiyIm	Cok Widhi	[]	[2020]	1	1
5WFcFOro1uMLu3XToA7IuX	XitLes	[]	[2020]	1	0
5NybypGZWF9IQ0tqQCFrRT	Michelle Cadreau	[]	[2020]	1	0
0PtwhP6m9XvX7fthbAFVS0	Shizzle Dizzle	[]	[2020]	1	0
0MT02voUsslNm3t2LxaVQW	Brian Haze	[]	[2020]	1	0
1gxZ5ILoqcFqQAop8lt5bt	Anzo Weiseil	[]	[2020]	1	0
5KQ3bv4ZmNAUYdYAo8TInq	Kamar Tachio	[]	[2020]	1	1
3ukrG1BmfEiuo0KDj8YTTS	Teni	['afrobeats', 'afropop', 'nigerian pop']	[2020]	1	1
0Cp8WN4V8Tu4QJQwCN5Md4	BENEE	['alt z', 'nz pop']	[2020]	1	1
6sHCvZe1PHrOAuYlwTLNH4	Gus Dapperton	['bedroom pop', 'indie poptimism', 'pov: indie']	[2020]	1	1
6DfozqimzCcs55dipsIcDj	The Shoos	[]	[2020]	1	0
29FktdbgHCCKvKLUySEh8S	Kiian	[]	[2020]	1	0
1xtaRlIJ0phsrjkimeMFul	DJ HK	[]	[2020]	1	1
13cY9QMWTl7toyyt08WfRb	Mc Marcelo Gaúcho	[]	[2020]	1	1
5Y3SbtJBLVFcajym2OqNqU	Avliss	[]	[2020]	1	1
4EPJlUEBy49EX1wuFOvtjK	Becky Hill	['pop dance', 'pop house', 'uk dance', 'uk pop']	[2019, 2020]	1	1
4pW7lEAcGKdR77rKW6cYPJ	Mink Slide	[]	[2020]	1	0
27Hp6SvUP5gkIihlXQREwM	Etcetera	[]	[2020]	1	1
5ztltNZOLHWKtL02bKB5ZU	Billionz	[]	[2020]	1	1
2ckXTV8X7eQanlJsHMVqmV	OzzeyDoesIt	[]	[2020]	1	0
2wRtAdAOCm2czdct77vWGj	G Units Kiddkidd	[]	[2020]	1	1
2vgNnUs9OVyhkEziYbvlwf	黄鸿升 (小鬼)	[]	[2020]	1	0
4TEnXYHvYwoMopWqxeAnTE	Admiral T	['french reggae', 'musique guadeloupe', 'rap antillais', 'zouk riddim']	[2020]	1	1
3YbMcItiVvlgN3n8LMH9zm	Lady Lova	['musique mahoraise']	[2020]	1	1
2o4gS9VpXUWAqYBIDDSw3r	KUILL	[]	[2020]	1	0
2V13AkToxc86LgKT5R3nHn	Pleight	[]	[2020]	1	1
7okSU80WTrn4LXlyXYbX3P	Clinton Kane	['alt z', 'gen z singer-songwriter']	[2020]	1	1
5rcAZtPUqmlYo0YtoJE8CT	Tina Shafer	[]	[2020]	1	0
3oDbviiivRWhXwIE8hxkVV	The Beach Boys	['baroque pop', 'classic rock', 'folk rock', 'mellow gold', 'psychedelic rock', 'rock', 'sunshine pop']	[2020]	1	0
3LyN3dzJjv35T1XcDysnZG	Alan Kuo	['mandopop', 'taiwan pop']	[2020]	1	1
0ovewqNmkiEZaXqDawcZPM	竇智孔	[]	[2020]	1	1
06dNoz08fcJOBSjpT0cHv0	The PopBrokers	[]	[2020]	1	0
56RxPQ07y0v9YL486gn0tb	Praveen Koval	[]	[2020]	1	1
3167b9rrSv1rI9b5VjJdAa	Chintan Chauhan	[]	[2020]	1	1
3JohY0Ur2mASWnvr1Q6x79	Alexandra Joy	[]	[2020]	1	1
4TcOznbEZBqev21LzAH4KE	高爾宣 OSN	['mandopop', 'taiwan hip hop', 'taiwan pop']	[2019, 2020, 2021]	1	0
5FmznMxOrK5VgliQReVTcD	King Gunna	[]	[2020]	1	0
6le80R1opKnTlP4o3KvA2k	Uru	['j-pop', 'japanese singer-songwriter']	[2020]	1	1
3xzm09zGUXD96eVSzTVNRj	Nick Nittoli	[]	[2020]	1	0
392I9I5QMSyoA0FmI5pVfx	Yung Tory	['canadian hip hop', 'canadian trap', 'melodic rap', 'toronto rap']	[2020]	1	1
3FfeeQuvoeef4F19qixt58	Abrina	[]	[2020]	1	0
3v4gwNYpxSjx2qOFlO2q0D	Starka	[]	[2020]	1	0
4mMPa61iWbpoySlqyjwn9Z	Lord D'Andre $mith	[]	[2020]	1	1
5UBKyBn8XuTGhJoCO5cive	Nassir Chahin	['pop catracho']	[2020]	1	1
06FuHz8yfqDORglf7cG468	Saint Vivo	[]	[2020]	1	1
6eama5XB9BngH2pUZyejhX	Nova	[]	[2020]	1	0
3zFs29PrKR0tZRKBmNz9Ww	Mike Mostert & The GoGo Tuner Family	[]	[2020]	1	1
5fynUzBolrxLhNkF6EvE8R	Ernie C	[]	[2020]	1	1
64g9DEZzMMFz9QDtkuzfFQ	Johnny Blade	[]	[2020]	1	1
16sDnRxivwZln0QWa7LNjm	Johnny Hiland	['modern blues rock']	[2020]	1	1
4wfQseg7hR3fNTuwo5f02D	Jordan Ziff	[]	[2020]	1	1
0nCctWQEmFH7wCjwADuNOY	Oskar Cartaya	['jazz puertorriqueno']	[2020]	1	1
4Ui2kfOqGujY81UcPrb5KE	HAIM	['indietronica', 'metropopolis']	[2020]	1	1
4eb4P9Oo3OCCKT3ItFzeCk	Lexz Pryde	[]	[2020]	1	0
5vWxYTD1vbmN6z9DrzgolW	KRL	['deep soul house']	[2020]	1	0
5p9CTsn5ueGU4oScNX1axu	August Burns Red	['christian metal', 'christian metalcore', 'melodic metalcore', 'metalcore']	[2020]	1	0
3caZxmZkahlga1xtnOtahu	陳昊森	[]	[2020]	1	0
4FSI08xG9cJKacRx8jQ68u	Menace Man	[]	[2020]	1	0
7EFEOX5ih1ROmKBN6EA13m	Tzvi Silberstein	['jewish pop']	[2020]	1	0
7sVxHJPlOQfRdfmdZHPqtw	ChrisTheGlove	[]	[2020]	1	1
1dI156czn4kdzDLfThBxWg	Keak Da Sneak	[]	[2020]	1	1
2TudiTJNbbM4mx41ZgNaT0	Blackkingkofi	[]	[2020]	1	0
2YDD0ZDypC5bvn6d9ktbU6	Hamah Music	[]	[2020]	1	0
282qczsRq0zgXtdnnrfrgX	DJ Edu	[]	[2020]	1	1
2DspEsT7UXGKd2VaaedgG4	Alex Rose	['reggaeton', 'trap latino', 'urbano latino']	[2020]	1	1
0KPX4Ucy9dk82uj4GpKesn	Dalex	['r&b en espanol', 'reggaeton', 'trap latino', 'urbano latino']	[2020]	1	1
12vb80Km0Ew53ABfJOepVz	Ñengo Flow	['reggaeton', 'trap latino', 'urbano latino']	[2020]	1	1
5Ixtr8SE2r9EByXe4SxW5w	Randy Nota Loka	[]	[2020]	1	1
7lyGstwt0C1NalfXXqlTHr	Jalayan	[]	[2020]	1	0
0XTVvpwLxR0PGIHe3aQHCG	KC Beck	[]	[2020]	1	0
6aVxq931VYsnx2vEWFjUqi	Alin Dragu	[]	[2020]	1	0
0ZLeaC0DRExoV8ZKjTDcLY	DMV LilShawn	[]	[2020]	1	0
1uNbOdP6sqHC83uF9AzCep	Melihcan	[]	[2020]	1	0
0a0NIUa4YWs2N66tjmdk4L	Teo B	[]	[2020]	1	0
3k2F8fcWJrEw0txZ8EcsjE	ED LIIT	[]	[2020]	1	0
13WPsSH6uLqhBIZPoNTV1s	Julz	[]	[2020]	1	0
7a8sdqTHlLJjhGewGl57Wq	Angee Wings	[]	[2020]	1	0
1lhKFDROacQuLwA5SteoOU	Candre	[]	[2020]	1	0
3kaKch6hjNnU8dRNaW1YT5	Boicheckz	[]	[2020]	1	0
5W0UECNhpJcpZItSvmTTps	Killa Ben	[]	[2020]	1	0
1PVZLIsZ4Cgvvokev3r4cS	Chryz Jay	[]	[2020]	1	0
3cqIsBnzV3BabbPWKz8Txf	Mud	['glam rock']	[2020, 2021]	1	0
6sShbaFnqvxmlnWOJsZoI9	Maggie Fu	['cantopop', 'mandopop']	[2020]	1	0
5IKr44tcdAVRCZ9O2SrJi8	K Beezy	[]	[2020]	1	0
3hvinNZRzTLoREmqFiKr1b	CHANGMO	['k-rap', 'korean r&b']	[2020]	1	1
4eqQaIbZGkTnXbu3UD7DbE	Summer Dennis	[]	[2020]	1	1
6OmWlgvpKMTknbbjyIZHQW	Rhymes	[]	[2020]	1	1
2q5sxmerr4iYvqvt1wRCwh	Jorge Velca	['musica urbana oaxaquena']	[2020]	1	0
5KNNVgR6LBIABRIomyCwKJ	Dermot Kennedy	['folk-pop', 'irish pop', 'uk pop']	[2020, 2021]	1	1
0PfHNpNJiLh0QtdfZPqZxa	Leah Capelle	[]	[2020]	1	0
7i3eGEz3HNFnPOCdc7mqoq	Akano	['otacore']	[2020]	1	0
2pNFPmaxHeRZFd2nNdGEl3	Jizzle	[]	[2020]	1	0
3t8q3X1Kry7PLOPvLQH2gY	Geek-TheHot	[]	[2020]	1	0
6VRo8AG3IwjnGMBC8RsQwp	Dj The Rapper	[]	[2020]	1	0
7nY3Wj6STjiDGtJMTCa8SJ	DJ L-Spade	[]	[2020]	1	0
3qvcCP2J0fWi0m0uQDUf6r	Luan Santana	['arrocha', 'sertanejo', 'sertanejo universitario']	[2020]	1	0
6iq5XYAbZfP4hCnjyZmIhU	Young O	[]	[2020]	1	0
2TImI3DW7o5MdRXJs4D37h	SOB X RBE	['cali rap']	[2020]	1	1
5QoPmqq8UfE0zsTWkM3CQD	Messy Marv	['cali rap', 'hyphy', 'oakland hip hop', 'west coast rap']	[2020]	1	1
2auikkNYqigWStoHWK1Grq	John Martin	['pop edm']	[2020]	1	1
0KuF7reCTOZwV7YJnHQqgr	The Neptunes	[]	[2020]	1	1
3CikOQsPzgra7HpuFI9QCo	Coach Wave	[]	[2020]	1	0
3vfHfEVTpvhiX5RDIMlVQB	J-King	[]	[2020]	1	1
6UBb8ZUUyarsyod6snflAR	J-King y Maximan	['reggaeton', 'reggaeton flow']	[2020]	1	1
1HjGZDVfYuH39sHdMxYWof	Maximan	[]	[2020]	1	1
28Nk9B0LudPoufVThERUDi	REFUND SISTERS	['k-pop girl group']	[2020]	1	0
3hhUgkTf3fFYGogFMbV5Wv	許光漢	[]	[2020]	1	0
6x3wgR49GaCatDlKbyInTV	G Unit	[]	[2020]	1	0
1OqKnYRQqbmEQZl9FVshA2	謝東閔	['hong kong tv drama']	[2020]	1	1
2c8n0uEGtZxolOWtE1dySR	Kyle Bent	['boston hip hop']	[2020]	1	0
6JXq9QR5HoqDUpI1K8hiRu	Fanduk	[]	[2020]	1	0
6zxi10TTb2VfZpGhShC8QK	Michael Hodges	[]	[2020]	1	0
1bvmzwGUg8BtagMUQLAkdw	Ada Reina	[]	[2020]	1	1
6B6g8RaNWDmBVgO2zEzgTB	Hjm	[]	[2020]	1	1
5Q7gZDVhzgaZzybDyUnYPT	陳仕燊	[]	[2020]	1	1
7t2C8WwLyKUKRe0LVh8zl9	blessthefall	['melodic metalcore', 'metalcore', 'pop punk', 'screamo']	[2020]	1	0
2hvoL0QZVzoOrTb7K926bA	Erik Moyer	[]	[2020]	1	0
0nJCEzx2Sc831XKWh8zkYC	SaINt	[]	[2020]	1	0
0oPeHAZ3BpdlD8EyeBLady	HÄWK	['stutter house', 'tech house']	[2020]	1	0
4JHdOyAsRnQJ6TVUTszdvN	Lil Trizzyverse	[]	[2020]	1	0
0ASlR4AUbGy2uml5NygXiD	Dsean	[]	[2020]	1	0
3eYH4GYsW2JBu4akepp4uP	JC the Don	[]	[2020]	1	0
5Mskrdkv07ZCbhc4WQMkd3	Ewin Imanuel	[]	[2020]	1	1
2iplSSGhAEDIsbMKe5CEhh	Killquan	[]	[2020]	1	0
2PaZWGu5T5nHjY2xxAkFsT	THE SCOTTS	['viral rap']	[2020]	1	1
5fMQaXMCqtuV5S6axR7jaA	Watzreal	[]	[2020]	1	1
5Ol4ibSVNXPuCJT46iSkbX	Gift Of Gab	['abstract hip hop', 'alternative hip hop']	[2020]	1	1
17yN24dkW6W66JJGCcOBEq	Love P Joie	[]	[2020]	1	1
6nEJuQD3q7r94l3AcLWx5w	GM Ology	[]	[2020]	1	0
2RgbZ59y64lXCT3t8sFSX4	Rowdy860	[]	[2020]	1	0
0kXCdaJ7C5MD27jXxzvHsa	Ahrix	['gaming edm']	[2020]	1	1
5D2LrsELIskidZNu8ipNKi	Stephanie Nash	[]	[2020]	1	0
723MswHLhRgCWuhBC7iFNG	FogClawz	[]	[2020]	1	0
1M42F0mZ6VCSizzqPHUXDX	Jhen F	[]	[2021]	1	1
22wbnEMDvgVIAGdFeek6ET	Benson Boone	['singer-songwriter pop']	[2021]	1	0
6TLwD7HPWuiOzvXEa3oCNe	Oliver Tree	['alternative hip hop']	[2021]	1	0
5ltDGYW0Lwwp4ZZoz4q3r8	Luna Is A Bep	['hong kong hip hop']	[2021]	1	0
1iAsEK4I2fgKm7uFOHk4dL	曾航生	['classic cantopop']	[2021, 2022]	1	1
6rKbBZz12u0bUo40xzQE4D	何婉盈	['classic cantopop']	[2021, 2022]	1	1
4E6JWetfCBLwSYDW8xbZa5	Bryan Choy	[]	[2021, 2022]	1	1
2VSHKHBTiXWplO8lxcnUC9	GAYLE	['modern alternative pop']	[2021, 2022]	1	0
6q3HB8G9cylvzhj2Pm9zul	CY 陳澤言	[]	[2021]	1	1
3fCQnw6VSudXBTN5d2QP2z	Gary Lightbody	['british singer-songwriter']	[2021]	1	1
687cZJR45JO7jhk1LHIbgq	Tems	['afro r&b', 'afrobeats', 'alte', 'nigerian pop']	[2021]	1	1
46RW1SRnlVw3OzyxN8ikGf	胡學軒	['hk-pop']	[2021]	1	0
3GwQM8FuFMkdHSPu4qvKli	ONE PROMISE	['cantopop', 'hk-pop', 'hong kong indie']	[2021]	1	1
376pcuw4IgWBMOUwCr8kIm	Tanya Chua	['mandopop', 'singaporean mandopop', 'singaporean pop', 'singaporean singer-songwriter', 'taiwan singer-songwriter']	[2021]	1	0
44vREmJC0OlVZjZaGLqVEd	Morray	['pop rap']	[2021]	1	1
6QrQ7OrISRYIfS5mtacaw2	Jaymes Young	['indie poptimism']	[2021, 2022]	1	0
72Nhcx7prNk2ZCxhx0Y5es	Amy Grant	['christian music']	[2021]	1	0
64H8UqGLbJFHwKtGxiV8OP	THE ANXIETY	['modern alternative pop']	[2021]	1	1
3rWZHrfrsPBxVy692yAIxF	WILLOW	['afrofuturism', 'pop', 'post-teen pop', 'pov: indie']	[2021]	1	1
1xoxekeb8jUVHKJB7m6bfg	Tyler Cole	['bedroom soul']	[2021]	1	1
20GdoyuHyDOzJe7T2EcFqI	香港兒童合唱團	[]	[2021, 2022]	1	1
4y5pMZgG1zSou5ZQ5GhxqK	余香凝	['hk-pop']	[2021]	1	0
4AA474G2hRfrHyGrfyDseO	Mozzy	['cali rap', 'sacramento hip hop']	[2021]	1	1
5VmGuBJEzLA21iVavDIZtm	Sukie S 石詠莉	['chinese audiophile']	[2021]	1	0
4bYPcJP5jwMhSivRcqie2n	Adam Levine	['deep talent show']	[2021]	1	1
0iDhHxkV18aQ1jWTx0xnFx	藍仔頭	[]	[2021, 2022]	1	1
5NUVwRESNqYBUTRbiATjy7	BE'O	['k-rap']	[2021]	1	1
7IrDIIq3j04exsiF3Z7CPg	Beenzino	['k-rap', 'korean r&b']	[2021]	1	1
0tzSBCPJZmHTdOA3ZV2mN3	CL	['k-pop']	[2021]	1	1
0tvpihdAsKiNnP6sWS3jUI	TroyBoi	['bass trap', 'electronic trap']	[2021]	1	1
4KInUUpPn9iBZgkSKTo4vv	Regen C.	['cantopop']	[2021]	1	1
0QzQRXZn7BGpDM1KieIxpm	Emerson Ware	[]	[2021]	1	1
3JPlJoha9EaNZpX408cb31	Tiguan Jones	[]	[2021]	1	1
6JTCN21ovvrR3iPViZTXz4	HyunA&DAWN	['k-pop']	[2021]	1	0
1r1uxoy19fzMxunt3ONAkG	Phoebe Bridgers	['indie pop', 'la indie', 'pov: indie']	[2021]	1	1
5SHxzwjek1Pipl1Yk11UHv	Tom Grennan	['uk pop']	[2021]	1	1
6LArUyIoMiHmDvvOAsE2cd	Dream	['pixel', 'pov: indie']	[2021]	1	1
2NJLAUSe3Ifk9MiHbddRAi	大籽	['chinese viral pop']	[2021]	1	0
048LktY5zMnakWq7PTtFrz	CKay	['afro r&b', 'afrobeats']	[2021, 2022]	1	0
5nE5dXf6BtMjH6YnnidrNZ	Kendy Suen	['hk-pop']	[2021]	1	0
3klZnJvYGIbWritVwQD434	Duncan Laurence	['dutch pop']	[2021]	1	0
7b79bQFziJFedJb75k6hFt	Tion Wayne	['london rap', 'uk hip hop']	[2021]	1	1
3FoFW2AoUGRHBacC6i4x4p	Russ Millions	['melodic drill', 'uk drill']	[2021]	1	1
7m0BsF0t3K9WQFgKoPejfk	ArrDee	['uk hip hop']	[2021]	1	1
63ebc5zUpJ36aoTDQJHa9B	E1 (3x3)	[]	[2021]	1	1
2uIRmVaCVpHQjaVgph5clS	ZT (3x3)	[]	[2021]	1	1
4Dokdwa3WB7ilQ2c2qvIBL	Bugzy Malone	['grime', 'manchester hip hop', 'uk hip hop']	[2021]	1	1
5AiY4bxeXerLXx03JADdQv	Buni	['uk drill']	[2021]	1	1
14CHVeJGrR5xgUGQFV5BVM	Fivio Foreign	['brooklyn drill', 'new york drill', 'trap']	[2021]	1	1
4QSTyDpxsKmv3UfavVUImR	Darkoo	['afrobeats', 'afroswing', 'london rap', 'uk hip hop']	[2021]	1	1
1BEUkE2CSUgHTLSBMZdnFB	Mae Muller	['uk contemporary r&b', 'uk pop']	[2021]	1	1
5a5vu4RzsAHdKN0aYyblZ8	吳青峰	['mandopop', 'taiwan singer-songwriter']	[2021]	1	0
0BqRGrwqndrtNkojXiqIzL	Whee In	['k-pop', 'korean ost']	[2021]	1	0
1U1el3k54VvEUzo3ybLPlM	Kali Uchis	['colombian pop']	[2021]	1	0
0vAqEPVSSBJm1aluwxP5zd	劉錫明	['classic cantopop']	[2021, 2022]	1	1
30c1FoG5gcOyOjsqxhnNJa	蔡安兒	[]	[2021, 2022]	1	1
5ucyj0fSEfb4e6kchrXfxp	Lokman Yeung 楊樂文	[]	[2021]	1	1
3vE6bgR80bMJ8ChXpFkzFj	何嘉莉	['cantopop', 'classic cantopop']	[2021]	1	0
6RHTUrRF63xao58xh9FXYJ	IVE	['k-pop girl group']	[2021, 2022]	1	0
7jEEE187pVG6InOxn03oA5	Benjamin Ingrosso	['swedish pop']	[2021]	1	1
1MlkzLE28NFMVQZpydkBsq	Chantel 姚焯菲	['hk-pop']	[2021, 2022]	1	0
4285Dv04KV2gVNx8hCG1Aw	Paula Tsui	['c-pop', 'classic cantopop']	[2021, 2022]	1	0
3ipn9JLAPI5GUEo4y4jcoi	Ludacris	['atl hip hop', 'dance pop', 'dirty south rap', 'hip hop', 'old school atlanta hip hop', 'pop rap', 'rap', 'southern hip hop', 'trap']	[2021]	1	1
1VSepPOw3REo0L6LFeii0Q	Yan Ting	['cantopop', 'hk-pop']	[2021]	1	0
4pnp4w9g30yLfVIAFnZMRd	ACRAZE	['pop dance', 'tech house']	[2021, 2022]	1	1
1c70yCa8sRgIiQxl3HOEFo	Cherish	['atl hip hop', 'girl group', 'hip pop', 'r&b', 'southern hip hop', 'urban contemporary']	[2021, 2022]	1	1
7gXb99Sf9nNmpNYeAgIQFG	Sub Urban	['modern indie pop']	[2021]	1	1
3F1zbOXrhYtJNaGOiN5DAI	SHIMICA	['hong kong hip hop']	[2021]	1	1
0s2AsEGVMp2h3Zbq9F7SrQ	MADBOII	['hong kong hip hop']	[2021, 2022]	1	1
42uvXrSYcxDx4zStor068I	Jan Lamb	['cantopop', 'hong kong hip hop']	[2021]	1	0
5sFnO2RFenl7kwYcxKEA7D	Jessica Chan	[]	[2021, 2022]	1	1
0yesFAyj7EpWGqrnDjoxQx	阿弗	[]	[2021]	1	1
3CXZCvIZ9YjprJWs5qJbNK	Lydia	['thai pop', 'thai teen pop']	[2021]	1	1
1DxU7yGnE1XPeLYzOHdKSy	Jan Curious	['hong kong indie']	[2021]	1	1
2hRQKC0gqlZGPrmUKbcchR	SHINee	['k-pop', 'k-pop boy group']	[2021]	1	0
45ft4DyTCEJfQwTBHXpdhM	milet	['j-pop']	[2021]	1	1
1qM11R4ylJyQiPJ0DffE9z	Lilas Ikuta	['j-pop', 'japanese teen pop']	[2021]	1	1
1h6Cn3P4NGzXbaXidqURXs	Swedish House Mafia	['edm', 'pop dance', 'progressive electro house']	[2021]	1	1
5SXuuuRpukkTvsLuUknva1	Baby Keem	['hip hop', 'rap']	[2021]	1	1
0SkORhzzdXwG4cIoEgiodt	kayan9896	['hk-pop']	[2021, 2022]	1	0
4yvcSjfu4PC0CYQyLy4wSq	Glass Animals	['gauze pop', 'indietronica', 'modern rock', 'pov: indie', 'shiver pop']	[2021, 2022]	1	0
1SnFcgaLa1l0bV8ZOEL3Cg	Kenny Bee	['c-pop', 'classic cantopop']	[2021, 2022]	1	1
4xyi7Ld8qxkIpRlh4dAnpu	Tai Chi	['cantopop', 'classic cantopop']	[2021, 2022]	1	1
7i9j813KFoSBMldGqlh2Z1	Riton	['house', 'pop dance', 'uk dance']	[2021]	1	1
1gALaWbNDnwS2ECV09sn2A	Nightcrawlers	['disco house', 'hip house', 'uk dance', 'vocal house']	[2021]	1	1
4L2dV3zY7RmkeiNO035Fi0	Mufasa & Hypeman	[]	[2021]	1	1
3Edve4VIATi0OZngclQlkN	Dopamine	[]	[2021]	1	1
379DE1UiXoMRLuqtnw7lS7	Yellow!	['hong kong indie', 'hong kong rock']	[2021]	1	0
3PutidTQajzWO1gTetJReW	张远	['chinese viral pop']	[2021]	1	0
2bWTIIQP9zaVc55RaMGu7e	Seori	['korean r&b']	[2021]	1	1
0FRUZvZNPzM3YJMABJxf2K	WENDY	['k-pop', 'korean pop']	[2021]	1	0
4frXpPxQQZwbCu3eTGnZEw	Thundercat	['afrofuturism', 'indie soul']	[2021]	1	1
5K0rbdBrs2tNXe5LeWMATT	Bootsy Collins	['funk', 'p funk', 'soul']	[2021]	1	1
13rF01aOogvnkuQXOlgTW8	TAEMIN	['k-pop']	[2021]	1	0
7gXy60xRcwYujBFoYHnR2O	Big Red Machine	['eau claire indie', 'folktronica']	[2021]	1	1
2LkkwxA19J8C52wPQl5bG6	Jamie Miller	['pop soul', 'singer-songwriter pop']	[2021]	1	1
2kxP07DLgs4xlWz8YHlvfh	NIKI	['indonesian r&b']	[2021]	1	1
4qcKNkdxUidhvUByB2eQ6g	Warren Hue	['bedroom r&b']	[2021]	1	1
6L1XC7NrmgWRlwAeLJvVtA	Sam Fischer	['australian pop', 'singer-songwriter pop']	[2021]	1	1
3eCd0TZrBPm2n9cDG6yWfF	DEAN	['k-pop', 'korean r&b']	[2021]	1	1
75VKfyoBlkmrJFDqo1o2VY	Fireboy DML	['afrobeats', 'nigerian pop']	[2021]	1	1
3HXSUfI76zVZk71UMAeVfp	No Party For Cao Dong	['mandopop', 'taiwan indie', 'taiwan punk']	[2021]	1	0
1rAv1GhTQ2rmG94p9lU3rB	Julian Casablancas	['indie rock']	[2021]	1	1
0DlQgBmj0XzrSsOknlxUHw	Room307	['hong kong indie']	[2021]	1	1
60glra0QYcARAJr4OeJVNP	blondette	[]	[2021]	1	1
7cOjsQCBOubFpm77Wh7pan	sweet planet	[]	[2021]	1	1
0FOWNUFHPnMy0vOw1siGqi	Belly	['canadian hip hop', 'canadian trap']	[2021]	1	1
15ZjD8Gus20Miqw3fdOaXX	Stunna Gambino	['nyc rap']	[2021]	1	1
70NcAr4ZtA3FAqU16iQZSb	dhruv	['nyc pop']	[2021]	1	0
3yDIp0kaq9EFKe07X1X2rz	Nile Rodgers	['disco']	[2021]	1	1
1E7q6LhZfjJt9FO9xMrmrk	小花	[]	[2021]	1	1
5vV3bFXnN6D6N3Nj4xRvaV	JIN	['k-pop']	[2021]	1	0
1rI91K9BppiBupu8oj9nZg	Tie Shu Lan	[]	[2019]	1	1
5XphhGbDCcHKn3Pz7ZbmQP	988 DJs	['chinese new year']	[2019]	1	0
2MtHuR0W2idZdF7x4wddqq	GIRIBOY	['k-rap', 'korean r&b']	[2019]	1	1
1fctva4kpRbg2k3v7kwRuS	Rvssian	['reggaeton', 'trap latino', 'urbano latino']	[2019]	1	1
1NbmG1Fj64qykEcJt1d43a	JRM	[]	[2019]	1	1
142TY556WknD1ZRV8XilJQ	Joe Janiak	[]	[2019]	1	1
3aGFCoR8xGN6DKwvdzeSja	ILOVEMAKONNEN	['atl hip hop', 'lgbtq+ hip hop', 'trap']	[2019]	1	1
4QVBYiagIaa6ZGSPMbybpy	Pedro Capó	['latin pop', 'puerto rican pop']	[2019]	1	1
5vBrKGOjN10BMwB0cJADj4	bülow	['alt z', 'indietronica']	[2019]	1	1
3uHb6dRazmcaT15bMexUtt	Park Bom	['k-pop']	[2019]	1	1
3LKVw6XQYcot0OZMFmf4IP	Sandara Park	[]	[2019]	1	1
6S0IvKlvPMX1RtAYtVpUV8	Drax Project	['nz pop']	[2019]	1	1
63XBtGSEZINSyXylZxEUbv	Victoria Monét	['alternative r&b']	[2019]	1	1
0MtnIthBQRDmzIzcqwB2Ck	樂瞳	['cantopop']	[2019, 2022]	1	1
2qoTSbeIlsvx28CEOTLkRb	Linda Chung	['cantopop']	[2019, 2022]	1	1
2WUsZT30YlGnhdWTEz8Oxq	Super Girls	['cantopop']	[2019, 2022]	1	1
2auiVi8sUZo17dLy1HwrTU	Solange	['afrofuturism', 'alternative r&b', 'r&b', 'urban contemporary']	[2019]	1	0
3yzRiNMZdTsSUgplcyYZ4i	Blanco Brown	['black americana', 'country rap']	[2019]	1	0
3PpIzdLny8HwTnKp9joXdj	Tiger Hu	['mainland chinese pop', 'mandopop']	[2019]	1	0
14scxEoUN7Dcx1m4EQ7oHe	Ashley O	[]	[2019]	1	0
0UntV1Bw2hk3fbRrm9eMP6	B.I	['k-pop']	[2019]	1	1
4rojTfP5nRkmYpdSbWQgV4	Death Stranding: Timefall	['video game music']	[2019]	1	1
2c9O21YLFy4tFI9zCVhbFg	Sunday Service Choir	[]	[2019]	1	1
2NlKrNMdpYxGjt3Pvw87rC	Europa	['uk dance']	[2019]	1	1
6C4irZ60X8G7UimMRQiCcg	X1	['k-pop']	[2019]	1	0
7jZMxhsB8djyIbYmoiJSTs	Kiana Ledé	['r&b']	[2019]	1	0
3bnpcWBcvlfq4hPFJjNPbz	SAFE	['canadian hip hop']	[2019]	1	1
2oX42qP5ineK3hrhBECLmj	Andy Grammer	['neo mellow', 'post-teen pop']	[2019]	1	0
2a0uxJgbvvIRI4GX8pYfcr	J Hus	['afroswing', 'grime', 'uk hip hop']	[2019]	1	1
2J257euzcjnDLipsyJH3F2	Clipse	['alternative hip hop', 'hardcore hip hop', 'hip hop', 'southern hip hop', 'virginia hip hop']	[2019]	1	1
6I3M904Y9IwgDjrQ9pANiB	Kenny G	['smooth jazz', 'smooth saxophone']	[2019]	1	1
7xX15v6ahAkcT14kHfB9wB	True Damage	['k-rap']	[2019]	1	1
2YFBOR9KIxC6WqHclkj9Yq	Keke Palmer	['pop r&b', 'post-teen pop', 'r&b']	[2019]	1	1
6Xg22wJOAcnvPUfk5WvODH	JEON SOYEON	['k-pop']	[2019]	1	1
6I3MElirhT5t6Kf7p0hGk9	Duckwrth	['alternative r&b']	[2019]	1	1
1igl9M102nuD96lo3ZoW5d	Thutmose	[]	[2019]	1	1
49CE2ffZ6Z3zeYSDauSKck	Tungevaag	['big room', 'nordic house']	[2019]	1	1
6ObeGN1qTsep95QRNOfNc3	Mangoo	['swedish eurodance']	[2019]	1	1
6gCTrbWJnCe9zoQyuDi4DL	癲佬 dlo	['hong kong rock']	[2019]	1	0
3XV0lFzNs8BCTwhJTcMiBr	Blue Ivy	[]	[2019]	1	1
3vQ0GE3mI0dAaxIMYe5g7z	Paulo Londra	['argentine hip hop', 'trap argentino', 'trap latino', 'urbano latino']	[2019]	1	1
6Ip8FS7vWT1uKkJSweANQK	Dave	['uk hip hop']	[2019]	1	1
7Gui07OSDQGktpwL3oH8yt	Kameron	[]	[2019]	1	1
0VtVQfAl4Gm6GCLmiDVHdc	香港人	['hong kong indie']	[2019]	1	0
1z7b1Pr1rSlvWRzsW3HOrS	Russ	['hawaiian hip hop']	[2019]	1	0
5wTdspmxzb8V4ZjvDodpBo	A Touch Of Class	['europop']	[2019]	1	1
1VBXPX6NAo736pqr4MQWp6	林師傑	['cantopop', 'hong kong tv drama']	[2019]	1	1
0FVsUxcFSlxwIM7Qs31s6J	Billy Eichner	['movie tunes']	[2019]	1	1
7xX39IyguhWsTIg4eU2reH	Seth Rogen	['movie tunes']	[2019]	1	1
5riEShQFcLy32Fy12tJhuw	車婉婉	[]	[2019]	1	1
25IG9fa7cbdmCIy3OnuH57	The Chicks	['contemporary country', 'country', 'country dawn']	[2019]	1	1
6OAQlHABRwPJYVTkaSmiJ9	黃齡	['mainland chinese pop']	[2019]	1	0
2HUwZ0kumzCSlhFcjFZfpp	Flipp Dinero	['melodic rap', 'trap']	[2019]	1	0
6duA9gLZneXgRkX9g4R7Y3	韋羅莎	[]	[2019]	1	1
65CKKZilbcSKkAPC9a5Mvh	Oumou Sangaré	['afropop', 'malian blues', 'mande pop', 'wassoulou', 'world']	[2019]	1	1
4iB0GWec0wyODZvOatQMM9	黎曉陽	['cantopop']	[2019]	1	0
2ndyVAdV9UqF1XjyTJt484	Fred Hammond	['gospel']	[2019]	1	1
4VWnuR2hpj6DZNfcpe4e3M	Bekon	['la pop']	[2019]	1	1
5nyjJRg5OdmKDdG2s9qljE	Toko Miura	['japanese electropop']	[2019]	1	1
7vXDAI8JwjW531ouMGbfcp	TINI	['latin pop', 'pop argentino']	[2019]	1	1
5Z1CCuBsyhEHngq3U5IraY	Westlife	['boy band']	[2019]	1	0
4NiJW4q9ichVqL1aUsgGAN	A Day To Remember	['alternative metal', 'metalcore', 'pop punk', 'screamo']	[2019]	1	1
0EeQBlQJFiAfJeVN2vT9s0	Nipsey Hussle	['conscious hip hop', 'gangster rap', 'hip hop', 'pop rap', 'rap', 'southern hip hop', 'trap']	[2019]	1	1
6q3p11nP1p80Ey6LrOOSed	Hit-Boy	['drumless hip hop']	[2019]	1	1
5bWUlnPx9OYKsLiUJrhCA1	Jon Z	['reggaeton', 'trap latino', 'urbano latino']	[2019]	1	1
2LGU3PxihjIK5SUeCVcdFl	ISÁK	['sami']	[2019]	1	1
2zXC8KJUXCefhFtsiNRiLZ	劉卓軒 Hinry Lau	['cantopop', 'hk-pop']	[2019]	1	0
4ZhFCxPekpmV12n2xMeF2z	Ink	[]	[2019]	1	1
1KkykfurUKoFucX7745ZNj	Thomas DGX YHL	[]	[2019]	1	0
5qa31A9HySw3T7MKWI9bGg	FLETCHER	['alt z', 'pop']	[2019]	1	0
3ApUX1o6oSz321MMECyIYd	Quinn XCII	['indie pop rap']	[2019]	1	1
3uZFBSsMiooimnprFL9jD1	Snow	['canadian old school hip hop', 'reggae fusion']	[2019]	1	1
0JloLTvvfBSJY5cW6ndZpZ	PSL	[]	[2019]	1	0
6t9tbRO9Lv6Oq6xtVwfdrn	Theresa Rex	['scandipop']	[2019]	1	1
68h2f0WXn4zEctSgNYozXx	Aaron Tveit	['broadway', 'hollywood', 'show tunes']	[2019]	1	1
4EJP6Qhk6l18LumCcpEfLw	Eddie Redmayne	['hollywood', 'show tunes']	[2019]	1	1
7oaoEBdRqHXfoiGYa55Atp	Students	[]	[2019]	1	1
71wy5iisVKXLZgoPxdFi8A	Les Misérables Cast	['hollywood', 'show tunes']	[2019]	1	1
4gi2ITQysrldLkeODBirEH	Cypher Sanctuary	['ai']	[2019]	1	0
5sy77gt4bfsLcSQ8GIe4ZZ	Alan Menken	['broadway', 'movie tunes', 'orchestral soundtrack']	[2019]	1	1
3KDpcZPHxvsaVk5PReoGqh	Tim Rice	[]	[2019]	1	1
6eVWXmKBW7Iltub01D9R1c	Valerie Broussard	['bossbeat', 'modern alternative pop']	[2019]	1	1
0jnsk9HBra6NMjO2oANoPY	Flo Rida	['dance pop', 'miami hip hop', 'pop', 'pop rap']	[2017]	1	1
3hPPNy5OBzCU1icQO7Nrok	99 Percent	[]	[2017]	1	1
6KZDXtSj0SzGOV705nNeh3	Kid Ink	['pop rap', 'rap', 'southern hip hop', 'trap']	[2017]	1	1
3zDRCqOhJXJfS2YWOEwGMC	Christopher	['danish pop']	[2017]	1	0
3WrFJ7ztbogyGnTHbHJFl2	The Beatles	['beatlesque', 'british invasion', 'classic rock', 'merseybeat', 'psychedelic rock', 'rock']	[2017]	1	0
1Dn88PoQjnQgLTOaokePFz	Bright Sparks	[]	[2017]	1	1
78DWNk8gFHU30TGITAgbM7	CMC$	['pop edm', 'vapor twitch']	[2017]	1	1
71WExccCBN2mw0klSzfYzz	Gia Koka	[]	[2017]	1	1
5338fdSzGNOFD4cxAxDTeq	Aaron Carter	['post-teen pop']	[2017]	1	0
7licaqhcEBQUzz9FownRaJ	Miquela	['ai', 'la pop']	[2017]	1	0
7jefIIksOi1EazgRTfW2Pk	Electric Light Orchestra	['album rock', 'art rock', 'beatlesque', 'classic rock', 'glam rock', 'mellow gold', 'rock', 'soft rock', 'symphonic rock']	[2017]	1	0
3wjsrpfO6odEphTZWx45RQ	Hearts & Colors	[]	[2017]	1	1
5M2y5A6d5QZjw9JeKClagC	Andrelli	['swedish pop']	[2017]	1	1
0WfaItAbs4vlgIA1cuqGtJ	Daniela Andrade	['canadian contemporary r&b', 'folk-pop']	[2017]	1	0
2kKFAbFu6uyh4tEm0Jj4Yu	Kandy Wong	['cantopop']	[2017]	1	0
1qskAseW7apRxJBpYAO9Yk	Felix Snow	[]	[2017]	1	1
3XBxSfCwYIMBzWmJL7ZJ4U	Jason Walker	['viral pop']	[2017]	1	1
1kRcar4FL0UT2jo48ihrfw	Dear John	[]	[2017]	1	0
2xNpeMJT0QrDfs4CFHygYi	Sons of People	['k-pop reality show']	[2017]	1	0
1XLjkBxFokuDTlHt0mQkRe	Thomas Gold	['big room', 'dutch house', 'edm', 'electro house', 'german techno', 'pop dance', 'progressive electro house', 'progressive house']	[2017]	1	1
6ctgu4FFlnNhMgrKiIzCxp	Jillian Edwards	['acoustic pop', 'indiecoustica']	[2017]	1	1
0MO42HJhUFrv078qALxpPQ	Luke Evans	['movie tunes']	[2017]	1	1
530a0roPLtawMxdCfI2zrR	Ensemble - Beauty and the Beast	[]	[2017]	1	1
1V3VTM7VspiQjcmRhC010n	Quintino	['dutch edm', 'dutch house', 'edm', 'electro house', 'pop dance', 'progressive electro house', 'slap house']	[2017]	1	1
3Gm5F95VdRxW3mqCn8RPBJ	Aminé	['pop rap', 'portland hip hop', 'rap', 'underground hip hop']	[2017]	1	0
5lXfVoQxVgC5fpjkVqvNYn	Isaiah Firebrace	['australian pop']	[2017]	1	0
0NGAZxHanS9e0iNHpR8f2W	Alok	['electro house', 'pop nacional', 'sertanejo universitario', 'slap house']	[2017]	1	1
5veVxxPm1vzgi6pO2iVA8L	Bruno Martini	['pop nacional']	[2017]	1	1
7qPLO2XOUaRrRxkvLZ3AEK	Zeeba	[]	[2017]	1	1
13tHisUuVf3mbhjTH5UJ8t	Nathan Mack	['movie tunes']	[2017]	1	1
5ZS223C6JyBfXasXxrRqOk	Jhené Aiko	['r&b']	[2017]	1	1
5schNIzWdI9gJ1QRK8SBnc	Ben Howard	['british singer-songwriter', 'folk-pop']	[2017]	1	0
15NtJjjHRFybdNSMyM9smT	Nevada	[]	[2017]	1	1
6V3F8MZrOKdT9fU686ybE9	Mark Morrison	['british soul']	[2017]	1	1
0lzV2CiahHRiGd6qpADtPS	James Hersey	[]	[2017]	1	0
35CFI6iSFTyM0scQKBu8eE	Kim Kyung Hee	['korean ost']	[2017]	1	0
374sWpAJsbZckf98df2jJJ	Fuse ODG	['afrobeats', 'azonto']	[2017]	1	1
3DiDSECUqqY1AuBP8qtaIa	Alicia Keys	['neo soul', 'pop', 'r&b']	[2017]	1	1
79hrYiudVcFyyxyJW0ipTy	The Paper Kites	['acoustic pop', 'australian indie folk', 'indie folk', 'stomp and holler']	[2017]	1	0
2DAQHVvVFzUSfFCy58QqgN	專家Dickson	[]	[2017]	1	0
2dhnFfsPxve8lzhwfXVFpS	JOONIL JUNG	['k-indie', 'korean ost', 'korean pop']	[2017]	1	0
3vCYwrUIHugvgZEPQoZ0Yl	Shawn Yue	['cantopop']	[2017]	1	0
63rJq5DaUMq2OhAnh3al79	DJ Envy	['jersey club']	[2017]	1	1
0t9dGS12PMZmiJiZa9vpyk	DJ Sliink	['bmore', 'electronic trap', 'jersey club', 'vogue']	[2017]	1	1
6lBN3Tzt61u8i9AJoAhKzF	Mykola Dmytrovych Leontovych	['post-romantic era', 'ukrainian classical']	[2017]	1	1
3dRfiJ2650SZu6GbydcHNb	John Williams	['orchestral soundtrack', 'soundtrack']	[2017]	1	1
7bFuEkk1929rDOdLywT3rn	Imani Williams	[]	[2017]	1	1
1Y8cdNmUJH7yBTd9yOvr5i	Destiny's Child	['dance pop', 'girl group', 'pop', 'r&b', 'urban contemporary']	[2017]	1	0
7crPfGd2k81ekOoSqQKWWz	Stevie Nicks	['heartland rock']	[2017]	1	1
4GCwfakdZdo3KkBNtzU5vn	MIMI	[]	[2017]	1	1
5PlfkPxwCpRRWQJBxCa0By	HUGEL	['deep house']	[2017]	1	1
3ErHVJMsxTq2lLSmnONBm9	Roy Kim	['k-pop', 'korean pop']	[2017]	1	1
5WJOZ5N4iegy9XdltTo8os	EZ Kim	['korean pop']	[2017]	1	1
13saZpZnCDWOI9D4IJhp1f	Lily Allen	['dance pop', 'electropop']	[2017]	1	1
3uGFTJ7JMllvhgGpumieHF	AILEE	['k-pop']	[2017]	1	0
5uM1Et50auro2hTS6ZLcmT	SEOHYUN	['k-pop']	[2017]	1	0
3P33qFNGBVXl86yQYWspFj	Martina McBride	['contemporary country', 'country', 'country dawn', 'country road']	[2017]	1	1
2zzpznMuhKlKlqh1ma7Sms	Dakota	[]	[2017]	1	1
3QKm0ZXXUBD9Gc3PUo2mor	Han Suji	[]	[2017]	1	1
5XMnJOQbE6OuOvcV8fn3Wg	Dave Wong	['c-pop', 'classic mandopop']	[2017]	1	0
7r8xR0LmnaAM623MmRDn1V	Max Frost	['austindie']	[2017]	1	1
2dd5mrQZvg6SmahdgVKDzh	PSY	['k-rap', 'korean old school hip hop']	[2017]	1	0
6mctsJBrfcWvWH7S8h716D	Moelogo	['afrobeats', 'nigerian pop']	[2017]	1	1
1yKCQp9RVRzENoLUnsIQT5	Knock	['k-pop reality show']	[2017]	1	0
1QRj3hoop9Mv5VvHQkwPEp	Olivia O'Brien	['alt z', 'pop']	[2017]	1	1
08GQAI4eElDnROBrJRGE0X	Fleetwood Mac	['album rock', 'classic rock', 'rock', 'soft rock', 'yacht rock']	[2017]	1	0
1dOMFM5wDNsENQQW0nl0K8	Urban Zakapa	['korean pop']	[2017]	1	0
6ueGR6SWhUJfvEhqkvMsVs	Janelle Monáe	['afrofuturism', 'alternative r&b', 'atl hip hop', 'neo soul', 'r&b']	[2017]	1	1
4PVn1b2WnnXdq80C7uaZLZ	Nause	[]	[2017]	1	1
4bvWFV51SAEocM22uiDOza	Pretty Sister	['la pop']	[2017]	1	1
13kKxNPnxPeeWQaAaZwvCP	Callie Hernandez	[]	[2017]	1	1
4FFGJ9ERSX06Sl8hD7GRVv	Sonoya Mizuno	[]	[2017]	1	1
21yiGQIpkiP8edfxDipQaW	Jessica Rothe	[]	[2017]	1	1
7xEFii6utZmQ61kX59HmLH	FRENSHIP	['electropop', 'indie poptimism', 'la pop']	[2017]	1	1
49O0SPoCoTiK2Nn2tOaHyU	Knox Fortune	['chicago indie']	[2017]	1	1
0eecdvMrqBftK0M1VKhaF4	CNCO	['boy band', 'latin pop', 'reggaeton', 'urbano latino']	[2017]	1	1
2FwJwEswyIUAljqgjNSHgP	Snakehips	['electropop']	[2017]	1	1
1xHQO9GJIW9OXHxGBISYc5	Marian Hill	['electropop']	[2017]	1	0
6wMr4zKPrrR0UVz08WtUWc	Black Coffee	['south african house', 'south african pop', 'south african pop dance']	[2017]	1	1
3zrUX1hQrUB9aXcOiyQLmN	Stanaj	[]	[2017]	1	1
6jV25rzTKQ2zMgrqHha1V5	CHANYEOL	['k-pop']	[2017]	1	1
2FgZrgTMX6Sk0VNcOsEPmm	Punch	[]	[2017]	1	1
0NIIxcxNHmOoyBx03SfTCD	Tinashe	['alternative r&b', 'dance pop', 'metropopolis', 'pop', 'r&b', 'urban contemporary']	[2017]	1	1
65Xlh9zIbcWIiZJ7p7aKce	英仁合唱團	[]	[2017]	1	1
05o1zW8b6PV6rEquXr74sB	State of Sound	['swedish tropical house']	[2017]	1	0
6ioOEWNNGK40H8xrGj6XPW	XYLØ	['alt z', 'indie poptimism', 'la pop']	[2017]	1	1
1sVSMPPNMMSZ7cQNfbvMOe	Eddy Kim	['k-pop', 'korean pop', 'korean singer-songwriter']	[2017]	1	0
1LKo6ZA3RNvKtLa6zDu32S	Kranium	['basshall', 'dancehall']	[2017]	1	1
0RqtSIYZmd4fiBKVFqyIqD	Thirty Seconds To Mars	['modern rock', 'post-grunge']	[2017]	1	0
5fuYwjBkiUEoS1kLjCF1SX	sp'ACE	[]	[2017]	1	0
6gK1Uct5FEdaUWRWpU4Cl2	Petit Biscuit	['new french touch']	[2017]	1	0
6nxWCVXbOlEVRexSbLsTer	Flume	['australian dance', 'australian electropop', 'australian indie', 'downtempo', 'edm', 'indietronica']	[2017]	1	1
6xHUXzrfhFgnIv86EBR3Ml	kai	[]	[2017]	1	1
74XFHRwlV6OrjEM0A2NCMF	Paramore	['candy pop', 'modern rock', 'pixie', 'pop', 'pop emo', 'pop punk', 'rock']	[2017]	1	0
73jBynjsVtofjRpdpRAJGk	Dimitri Vegas & Like Mike	['belgian dance', 'belgian edm', 'big room', 'dutch house', 'edm', 'electro house', 'pop dance', 'progressive electro house']	[2017]	1	1
2HkAI0YrEcgoR8QdaURqhO	Dimitri Vegas	['belgian edm']	[2017]	1	1
6ltzsmQQbmdoHHbLZ4ZN25	Lord Huron	['indie folk', 'modern rock', 'stomp and holler']	[2017]	1	0
6V03b3Y36lolYP2orXn8mV	98º	['boy band']	[2017]	1	0
0ONHkAv9pCAFxb0zJwDNTy	Pusha T	['gangster rap', 'hip hop', 'rap', 'southern hip hop', 'trap', 'virginia hip hop']	[2017]	1	1
4H1PNuHElBLVok0lnYMrRb	Dyo	['alte']	[2017]	1	1
34v5MVKeQnIo0CWYMbbrPf	John Newman	['dance pop']	[2017]	1	1
0CjWKoS55T7DOt0HJuwF1H	Bipolar Sunshine	['gauze pop']	[2017]	1	1
1XkoF8ryArs86LZvFOkbyr	Mary J. Blige	['dance pop', 'neo soul', 'r&b', 'urban contemporary']	[2017]	1	0
4NgNsOXSwIzXlUIJcpnNUp	Sarah McLachlan	['canadian pop', 'canadian singer-songwriter', 'ectofolk', 'lilith', 'permanent wave', 'pop rock']	[2017]	1	0
2QMCcKIPHnjQaPPgoEst88	Matisse & Sadko	['dutch house', 'edm', 'electro house', 'pop dance', 'progressive electro house', 'progressive house', 'russian edm', 'sky room']	[2017]	1	1
0AJUYWKztkg5dnrHDIBv47	MiC LOWRY	[]	[2017]	1	0
5rGgflnIpRNizTCozbYBuY	JONGHYUN	['k-pop']	[2017]	1	1
49HPMFWsosCuRf810Ay1Vv	Kurt Nilsen	['classic norwegian pop', 'norwegian pop']	[2017]	1	1
17ggmeNujCFMkr3zgyXv02	The Norwegian Radio Orchestra	['nordic orchestra', 'orchestra', 'radio symphony']	[2017]	1	1
14IGFI7gSDnmyIamd2bIfu	陳以桐	[]	[2017]	1	0
5fWn9g8ERHtGKWdkAuomBx	Tessa Odden	[]	[2017]	1	1
1HQGhla3VNj1dBmKTtVT2t	Ookay	['brostep', 'dubstep', 'edm', 'electro house', 'electronic trap']	[2017]	1	1
2lbUjuMzHkT4qIECvk2f3L	Kris Wu	['chinese hip hop', 'chinese idol pop']	[2017]	1	1
0PlNec0FUQF9KiSX1PiVRs	Ruco Chan	['cantopop']	[2017]	1	1
3zulmS3ovESkZVciAN6XXl	蔣嘉瑩	[]	[2017]	1	0
7zMVPOJPs5jgU8NorRxqJe	Michael Learns To Rock	['boy band', 'danish pop rock']	[2017]	1	0
1Fr6agZ6iSM5Ynn2k4C8sc	VÉRITÉ	['alt z', 'brooklyn indie', 'dark pop', 'electropop', 'indie poptimism', 'metropopolis', 'nyc pop', 'vapor pop']	[2017]	1	0
0fs8oBR1rx7JIXZi75h7Uu	Bahari	['alt z', 'la pop']	[2017]	1	1
7KUri7klyLaIFXLcuuOMCd	Stargate	['norwegian pop']	[2017]	1	1
6T70tWxqyIpdVbsFvPzqM3	La La Land Cast	[]	[2017]	1	0
5QpiOYuxf2oqst8hILxnHM	Daniel Chan	['cantopop', 'classic cantopop', 'classic mandopop', 'mandopop']	[2017]	1	0
0DdDnziut7wOo6cAYWVZC5	KREAM	['pop dance']	[2017]	1	1
6RHKEd9dpzQ4c09x8Zdaxu	Clara Mae	['alt z', 'swedish pop']	[2017]	1	1
2kucQ9jQwuD8jWdtR9Ef38	Sam Hunt	['contemporary country', 'country', 'country pop']	[2017]	1	0
6meomXUCnPUYEWxITWNVZ0	Sherman Chung	['cantopop']	[2017]	1	0
25tMQOrIU4LlUo6Sv8v5SE	Gavin James	['irish pop']	[2017]	1	1
6c0mTNAxJxlp9HpKTUZwA8	ALMA	[]	[2017]	1	1
2wTLheTmMcFCA4hdY8hZJP	SISTAR	['k-pop', 'k-pop girl group']	[2017]	1	0
2QvTBp47pzRC6878OIqMhj	It's	['k-pop reality show']	[2017]	1	0
4ehBGotbRDOgqcrUomjJyd	Lasse Lindh	['swedish indie pop']	[2017]	1	0
00Z3UDoAQwzvGu13HoAM7J	Skizzy Mars	['indie pop rap']	[2017]	1	1
5yG7ZAZafVaAlMTeBybKAL	Iggy Azalea	['australian hip hop', 'dance pop', 'pop']	[2017]	1	1
3TaUSUXn41GixL7zbvrIDt	A-Trak	['canadian electronic', 'edm', 'electro house', 'electronic trap', 'turntablism']	[2017]	1	1
0jNDKefhfSbLR9sFvcPLHo	San Holo	['brostep', 'edm', 'electro house', 'electronic trap', 'future bass', 'pop dance']	[2017]	1	0
2yTSi3mdA5WTvy90MwsNcb	Slate	['k-pop reality show']	[2017]	1	0
2WoVwexZuODvclzULjPQtm	Sampha	['alternative r&b', 'indie soul']	[2017]	1	1
3EA9hVIzKfFiQI0Kikz2wo	Andrea Bocelli	['classical tenor', 'italian tenor', 'operatic pop']	[2017]	1	1
74gp03xy4KPGvWU66bbCAl	蔡一傑	['cantopop']	[2017]	1	1
5Qeyh2XKoITt1mlEVtzazC	Daoko	['j-pixie', 'japanese electropop']	[2017]	1	1
3b4kLCI0ZJW47TFsNRqgCb	SOYOU	['k-pop']	[2017]	1	0
23sYU61n9f1CzYi8NJhAXS	Towkio	['chicago rap']	[2017]	1	1
5dHt1vcEm9qb8fCyLcB3HL	A$AP Ferg	['hip hop', 'pop rap', 'rap', 'southern hip hop', 'trap']	[2017]	1	0
5nkYRuiIHg2xXHFC8bfosJ	ItaloBrothers	['hands up', 'italo dance']	[2017]	1	0
0rlQeWIeJJdG7Z8RCNiwqs	Adam Mitchell	['movie tunes']	[2017]	1	1
3XZTEmxcwinCnuFcWluGai	Stanley Tucci	['movie tunes']	[2017]	1	1
7F6surn3OpdyOzupSawyli	Audra McDonald	['broadway', 'hollywood', 'show tunes']	[2017]	1	1
5EMfTDu7Ppuf5a3sN2ac1d	Clive Rowe	[]	[2017]	1	1
6CygVJXs3ziiuKWNA4TkF9	AF	[]	[2017]	1	1
1HwM5zlC5qNWhJtM00yXzG	DMX	['east coast hip hop', 'gangster rap', 'hardcore hip hop', 'hip hop', 'rap']	[2017]	1	1
27a4fLT1dhOT5esAfqQmBe	Divine Bars	[]	[2017]	1	1
7Lq3yAtwi0Z7zpxEwbQQNZ	VIVIZ	['k-pop']	[2022]	1	0
0EUSaBjG1G6lMFm9FFZfNj	R.O.O.T	['hong kong rock']	[2022]	1	1
4PjY2961rc0MHE9zHYWEnH	9m88	['chinese r&b', 'mandopop', 'taiwan pop']	[2022]	1	1
5R7AMwDeroq6Ls0COQYpS4	Kep1er	['k-pop']	[2022]	1	0
5EFPewjksQrnI87VOsvFHh	Sabrina Cheung 張蔓莎	['cantopop']	[2022]	1	0
6gpY6HHTGZp0sTLsxsSNqo	Torine	[]	[2022]	1	1
4XDi67ZENZcbfKnvMnTYsI	Jay Park	['k-pop', 'k-rap', 'korean r&b']	[2022]	1	1
0YyOn3pvKeT1LKWKowx1OG	趙展彤 VAL	['hk-pop']	[2022]	1	0
1LVOxgnKHc1CWaiNoMuQ8s	6膠	['hk-pop']	[2022]	1	0
3aNQDIayeN5QYwx42wk9VF	Jeremy Lee 李駿傑	['hk-pop']	[2022]	1	0
6uNxlIP5lzPFf0BHuELOuX	GOT the beat	['k-pop']	[2022]	1	0
2WzaAvm2bBCf4pEhyuDgCY	Ruth B.	['alt z', 'canadian contemporary r&b', 'canadian pop', 'pop']	[2022]	1	0
1wJ1hjR8MO4yvGO2ItLl4I	區子琳	['hk-pop']	[2022]	1	0
0H0gs7uK7qKjg2ors3zgyP	Ted Lo	[]	[2022]	1	1
5yOvAmpIR7hVxiS6Ls5DPO	Omah Lay	['afrobeats', 'nigerian pop']	[2022]	1	1
7o2ZQYM7nTsaVdkXY38UAA	Em Beihold	['alt z', 'gen z singer-songwriter']	[2022]	1	0
7f5Zgnp2spUuuzKplmRkt7	Lost Frequencies	['belgian edm', 'edm', 'pop dance', 'tropical house']	[2022]	1	1
11dkaOJSGGuwn9QsItqyzm	dy	[]	[2022]	1	1
2W8yFh0Ga6Yf3jiayVxwkE	Dove Cameron	['pop']	[2022]	1	0
70DFixYAFPv4Pf9kgSfR9O	MARK	[]	[2022]	1	0
0NbfKEOTQCcwd6o7wSDOHI	The Game	['gangster rap', 'hip hop', 'pop rap', 'rap', 'southern hip hop', 'trap']	[2022]	1	1
0Awqm7GXGiBp8fJNGvywra	理想混蛋	['mandopop', 'taiwan indie']	[2022]	1	0
6HaGTQPmzraVmaVxvz6EUc	Jung Kook	['k-pop']	[2022]	1	0
3KonOYiLsU53m4yT7gNotP	TREASURE	['k-pop', 'k-pop boy group']	[2022]	1	0
49muoiIu4uea4PO8vueUNN	YENA	[]	[2022]	1	1
75X1AosgRNJ3OkpcrDS8TP	謝芊彤	['hk-pop']	[2022]	1	1
0cuaC9Yla3eTu2miefuLdc	Alton Wong 王智德	['hk-pop']	[2022]	1	1
2JbEBRuLXBuU1Cm4SLYQJ0	Tiab	['hong kong hip hop']	[2022]	1	0
0KuA5bfZze5969QWLq1DJ3	黎耀祥	['hong kong tv drama']	[2022]	1	1
4IrsVOceNwLa1ztEz337rq	樊奕敏	[]	[2022]	1	1
1jfqUzFxJptqyFSAYgqiPS	單立文	[]	[2022]	1	1
11PqSvcGOsE728hdbhaUAM	何廣沛	[]	[2022]	1	1
0MQ8wSQNO41VvXeMa5WbGe	傅嘉莉	[]	[2022]	1	1
668nZs0XpEFx6CNj8y9JXf	薛家燕	['classic cantopop', 'vintage cantonese pop']	[2022]	1	0
29PgYEggDV3cDP9QYTogwv	Carolina Gaitán - La Gaita	['movie tunes']	[2022]	1	1
36CUTsdtNgCwMq6zKD1l8I	Mauro Castillo	['modern salsa', 'movie tunes', 'salsa colombiana']	[2022]	1	1
72kqSqk124Vnl1wtT6q9Fh	Adassa	['movie tunes']	[2022]	1	1
2as15AH2BTrPk8v4gyElmr	Rhenzy Feliz	[]	[2022]	1	1
18MFcGBHtyW0mU3ufcm0X1	Diane Guerrero	['movie tunes']	[2022]	1	1
5PYToRCsrnvikZg3yl2JMr	Stephanie Beatriz	['hollywood', 'movie tunes']	[2022]	1	1
3xLU748QxpTmIVaiNXXg0P	Encanto - Cast	['movie tunes']	[2022]	1	1
4hUF6g1RkePtMyyH9sf5Jr	JFFT	[]	[2022]	1	0
