artist_id	name	genres	years_on_charts	num_hits	num_collab_hits
4WZGDpNwrC0vNQyl9QzF7d	Capital Bra	['german hip hop']	[2017, 2018, 2019, 2020, 2021, 2022]	215	146
5pVRwX5ZQR7hfJ18w8ZYkl	Ufo361	['german cloud rap', 'german hip hop']	[2017, 2018, 2019, 2020, 2021, 2022]	173	91
3CJKkU0XuElRT1z8rEtIYg	Luciano	['german drill', 'german hip hop']	[2017, 2018, 2019, 2020, 2021, 2022]	171	79
0Dvx6p8JDyzeOPGmaCIH1L	RAF Camora	['german hip hop']	[2017, 2018, 2019, 2020, 2021, 2022]	168	106
1aS5tqEs9ci5P9KD9tZWa6	Bonez MC	['german hip hop', 'hamburg hip hop']	[2017, 2018, 2019, 2020, 2021, 2022]	158	131
3TVXtAsR1Inumwj472S9r4	Drake	['canadian hip hop', 'canadian pop', 'hip hop', 'rap', 'toronto rap']	[2017, 2018, 2019, 2020, 2021, 2022]	153	81
6Te49r3A6f5BiIgBRxH7FH	Ninho	['french hip hop', 'pop urbaine']	[2017, 2018, 2019, 2020, 2021, 2022]	145	69
6h1s4i4XKIYv4ErDelLDN0	Samra	['german hip hop']	[2018, 2019, 2020, 2021, 2022]	135	79
0Y5tJX1MQlPlqiwlOH1tJY	Travis Scott	['hip hop', 'rap', 'slap house']	[2017, 2018, 2019, 2020, 2021, 2022]	121	98
2JwyRtuXf2l6sTnSnGVIa1	Farid Bang	['german hip hop']	[2017, 2018, 2019, 2020, 2021, 2022]	113	77
5eioJDe26lOqkAMbuhzZYs	Gzuz	['deep german hip hop', 'german hip hop', 'hamburg hip hop']	[2017, 2018, 2019, 2020, 2021, 2022]	111	82
3drqpTL4sQOckmAfF9i1wg	Summer Cem	['german hip hop']	[2017, 2018, 2019, 2020, 2021]	107	88
6eUKZXaKkcviH0Ku9w2n3V	Ed Sheeran	['pop', 'singer-songwriter pop', 'uk pop']	[2017, 2018, 2019, 2020, 2021, 2022]	106	54
6gto7HVNhu4ARE3P3g8Y5Y	Kollegah	['german hip hop']	[2017, 2018, 2019, 2020, 2021, 2022]	101	56
1RyvyyTE3xzB2ZywiAwp0i	Future	['atl hip hop', 'hip hop', 'rap', 'southern hip hop', 'trap']	[2017, 2018, 2019, 2020, 2021, 2022]	95	69
1vyhD5VmyZ7KMfW5gqLgo5	J Balvin	['reggaeton', 'reggaeton colombiano', 'trap latino', 'urbano latino']	[2017, 2018, 2019, 2020, 2021, 2022]	94	75
39KEQQAG9JhIt71g9NEVhh	Azet	['albanian hip hop', 'german hip hop']	[2017, 2018, 2019, 2020, 2021]	94	67
3ZuBEj9ppJe8GSdKaMTfMN	Nimo	['german hip hop', 'swedish hip hop']	[2017, 2018, 2019, 2020, 2021, 2022]	92	77
1Xyo4u8uXC1ZmMpatF05PJ	The Weeknd	['canadian contemporary r&b', 'canadian pop', 'pop']	[2017, 2018, 2019, 2020, 2021, 2022]	91	41
2UwqpfQtNuhBwviIC0f2ie	Damso	['belgian hip hop', 'french hip hop', 'pop urbaine', 'r&b francais', 'rap belge', 'rap conscient']	[2017, 2018, 2019, 2020, 2021, 2022]	90	28
2kXKa3aAFngGz2P4GjG5w2	SCH	['french hip hop', 'pop urbaine', 'rap francais', 'rap marseille']	[2017, 2018, 2019, 2020, 2021, 2022]	89	31
7dGJo4pcD2V6oG8kP0tJRR	Eminem	['detroit hip hop', 'hip hop', 'rap']	[2017, 2018, 2019, 2020, 2021, 2022]	88	43
1uNFoZAHBGtllmzznpCI3s	Justin Bieber	['canadian pop', 'pop']	[2017, 2018, 2019, 2020, 2021, 2022]	85	56
66CXWjxzNUsdJxJ2JdwvnR	Ariana Grande	['pop']	[2017, 2018, 2019, 2020, 2021, 2022]	85	36
246dkjvS1zLTtiykXe5h60	Post Malone	['dfw rap', 'melodic rap', 'pop', 'rap']	[2017, 2018, 2019, 2020, 2021, 2022]	83	46
5p7mWeX4RlvqBCxylfiXdE	KC Rebell	['german drill', 'german hip hop']	[2017, 2018, 2019, 2020, 2021, 2022]	82	64
7CUFPNi1TU8RowpnFRSsZV	Niska	['french hip hop', 'pop urbaine', 'r&b francais']	[2017, 2018, 2019, 2020, 2021]	82	39
4MCBfE4596Uoi2O4DtmEMz	Juice WRLD	['chicago rap', 'melodic rap', 'rap']	[2018, 2019, 2020, 2021, 2022]	81	35
18ISxWwWjV6rPLoVCXf1dz	RIN	['german cloud rap', 'german hip hop']	[2017, 2018, 2019, 2020, 2021]	78	16
3c96G4d2lUOxhomM2mby5S	Bushido	['german hip hop']	[2017, 2018, 2019, 2020, 2021]	77	37
2hlmm7s2ICUX0LVIhVFlZQ	Gunna	['atl hip hop', 'melodic rap', 'rap', 'trap']	[2018, 2019, 2020, 2021, 2022]	75	57
3IW7ScrzXmPvZhB27hmfgy	Jul	['french hip hop', 'pop urbaine', 'rap marseille']	[2018, 2019, 2020, 2021, 2022]	75	41
3pjq2pDV9RR6VY55wBjVnp	Dardan	['albanian hip hop', 'german hip hop']	[2017, 2018, 2019, 2020, 2021, 2022]	74	42
6oMuImdp5ZcFhWP0ESe6mG	Migos	['atl hip hop', 'hip hop', 'rap', 'trap']	[2017, 2018, 2019, 2020, 2021]	73	36
10XY9PZCJKzUFzZOdtlQLU	LX	['german hip hop', 'hamburg hip hop']	[2017, 2018, 2019, 2020, 2021, 2022]	72	65
4Yttlv9ndGjCDCVLqM7ACq	Sido	['german hip hop', 'german pop']	[2017, 2018, 2019, 2020, 2021, 2022]	72	61
2Z9KL8Zmqx5Sg3cd7Fldhl	Olexesh	['german drill', 'german hip hop']	[2017, 2018, 2019, 2020, 2021, 2022]	71	46
1i8SpTcr7yvPOmcqrbnVXY	Ozuna	['puerto rican pop', 'reggaeton', 'trap latino', 'urbano latino']	[2017, 2018, 2019, 2020, 2021, 2022]	69	48
58wXmynHaAWI5hwlPZP3qL	Booba	['french hip hop', 'old school rap francais', 'pop urbaine', 'rap conscient']	[2017, 2018, 2019, 2020, 2021, 2022]	68	30
4lDiJcOJ2GLCK6p9q5BgfK	Kontra K	['christlicher rap', 'german hip hop']	[2017, 2018, 2019, 2020, 2021, 2022]	68	33
1URnnhqYAYcrqrcwql10ft	21 Savage	['atl hip hop', 'hip hop', 'rap', 'trap']	[2017, 2018, 2019, 2020, 2021, 2022]	67	50
3CnCGFxXbOA8bAK54jR8js	Vald	['french hip hop', 'pop urbaine', 'rap conscient']	[2018, 2019, 2020, 2022]	66	20
53XhwfbYqKCa1cC15pYq2q	Imagine Dragons	['modern rock', 'pop', 'rock']	[2017, 2018, 2019, 2020, 2021, 2022]	66	7
6L34dW6SKMSDaGIfYDU19j	Maes	['french hip hop', 'pop urbaine', 'rap francais']	[2018, 2019, 2020, 2021]	65	31
4LXBc13z5EWsc5N32bLxfH	Nekfeu	['french hip hop', 'pop urbaine', 'rap conscient']	[2017, 2018, 2019, 2020, 2021, 2022]	64	29
0VRj0yCOv2FXJNP47XQnx5	Quavo	['atl hip hop', 'melodic rap', 'rap', 'trap']	[2017, 2018, 2019, 2020, 2021]	64	58
50co4Is1HCEo8bhOyUWKpn	Young Thug	['atl hip hop', 'atl trap', 'gangster rap', 'melodic rap', 'rap', 'trap']	[2017, 2018, 2019, 2020, 2021, 2022]	63	63
4VuARVJiWGsH2msKTdsKdQ	Veysel	['albanian hip hop', 'german drill', 'german hip hop']	[2017, 2018, 2019, 2020, 2021]	62	35
75ctWsRuGXmxMxnFPkuEwA	Fler	['german hip hop', 'german trap']	[2017, 2018, 2019, 2020, 2021, 2022]	61	37
1Cs0zKBU1kc0i8ypK3B9ai	David Guetta	['big room', 'dance pop', 'edm', 'pop', 'pop dance']	[2017, 2018, 2019, 2020, 2021, 2022]	61	58
0b62itBWBdLgiecXjXCqKC	Maxwell	['german hip hop']	[2017, 2018, 2019, 2020, 2021, 2022]	60	60
1q7T9rFQ2a2ukA1PU51fo3	Koba LaD	['french hip hop', 'pop urbaine', 'rap francais']	[2018, 2019, 2020, 2021]	59	28
3DCWeG2J1fZeu0Oe6i5Q6m	PLK	['french hip hop', 'pop urbaine', 'rap conscient', 'rap francais']	[2018, 2019, 2020, 2021, 2022]	58	24
5K4W6rqBFWDnAN6FQUkS6x	Kanye West	['chicago rap', 'hip hop', 'rap']	[2017, 2018, 2019, 2020, 2021, 2022]	58	21
6LuN9FCkKOj5PcnpouEgny	Khalid	['pop', 'pop r&b']	[2017, 2018, 2019, 2020, 2021, 2022]	58	38
4sVieJlKgpZ2k9ESNS5IdN	Jamule	['german hip hop']	[2018, 2019, 2020, 2021, 2022]	58	33
7DUTsWY3RBd64vh8UtgtYA	Lacrim	['arabic hip hop', 'french hip hop', 'pop urbaine', 'rap francais']	[2017, 2018, 2019, 2020, 2021]	58	24
23TFHmajVfBtlRx5MXqgoz	Sfera Ebbasta	['italian hip hop', 'italian pop', 'trap italiana', 'trap latino']	[2017, 2018, 2019, 2020, 2021, 2022]	57	34
2otUckChxWf2cp6UP2cD6e	Zuna	['albanian hip hop', 'german hip hop']	[2017, 2018, 2019, 2020, 2021]	57	39
2Im8m4STDBosjfmb5hmP80	Loredana	['frauenrap', 'german hip hop', 'kosovan pop', 'romanian pop']	[2018, 2019, 2020, 2021]	57	36
1ntQKIMIgESKpKoNXVBvQg	Kaaris	['drill francais', 'french hip hop', 'pop urbaine', 'rap francais', 'trap antillais']	[2017, 2018, 2019, 2020, 2021, 2022]	56	20
0eDvMgVFoNV3TpwtrVCoTj	Pop Smoke	['brooklyn drill', 'rap']	[2019, 2020, 2021, 2022]	55	35
15UsOTVnJzReFVN1VCnxy4	XXXTENTACION	['emo rap', 'miami hip hop']	[2017, 2018, 2019, 2020, 2021, 2022]	55	14
3utZ2yeQk0Z3BCOBWP7Vlu	CRO	['german hip hop']	[2017, 2018, 2019, 2020, 2021, 2022]	54	21
6qqNVTkY8uBg9cP3Jd7DAH	Billie Eilish	['art pop', 'electropop', 'pop']	[2018, 2019, 2020, 2021, 2022]	53	5
4O15NlyKLIASxsJ0PrXPfz	Lil Uzi Vert	['melodic rap', 'philly rap', 'rage rap', 'rap', 'trap']	[2017, 2018, 2019, 2020, 2021]	53	27
06HL4z0CvFAxyc27GXpf02	Taylor Swift	['pop']	[2017, 2018, 2019, 2020, 2021, 2022]	51	10
69GGBxA162lTqCwzJG5jLp	The Chainsmokers	['electropop', 'pop']	[2017, 2018, 2019, 2020, 2022]	50	32
3GBBxBdoolb0B5YizZq9bF	Eno	['german drill', 'german hip hop']	[2017, 2018, 2019, 2020, 2021]	50	31
0hCNtLu0JehylgoiP8L4Gh	Nicki Minaj	['hip pop', 'pop', 'queens hip hop', 'rap']	[2017, 2018, 2019, 2020, 2021, 2022]	49	44
5WUlDfRSoLAfcVSX1WnrxN	Sia	['australian dance', 'australian pop', 'pop']	[2017, 2018, 2019, 2020, 2021, 2022]	49	31
4FpJcNgOvIpSBeJgRg3OfN	Orelsan	['french hip hop', 'old school rap francais', 'rap conscient']	[2017, 2018, 2019, 2021, 2022]	48	16
4q3ewBCX7sLwd24euuV69X	Bad Bunny	['reggaeton', 'trap latino', 'urbano latino']	[2017, 2018, 2019, 2020, 2021, 2022]	48	34
1qQLhymHXFPtP5U8KNKsm6	Apache 207	['german hip hop']	[2019, 2020, 2021, 2022]	48	3
1SUu1Bi7ev9HbOzyVC77qD	Kool Savas	['german hip hop', 'turkish hip hop']	[2017, 2018, 2019, 2020, 2021, 2022]	48	37
13ubrt8QOOCPljQ2FL1Kca	A$AP Rocky	['east coast hip hop', 'hip hop', 'rap', 'trap']	[2017, 2018, 2019, 2020, 2021, 2022]	47	34
2qMezKrAKRh2Z2uR3fCqHt	PA Sports	['german hip hop']	[2017, 2018, 2019, 2020, 2021, 2022]	46	32
5f7VJjfbwm532GiveGC0ZK	Lil Baby	['atl hip hop', 'atl trap', 'rap', 'trap']	[2018, 2019, 2020, 2021, 2022]	46	39
5wyWp867LWGjFmYZXVSFnZ	MERO	['german hip hop']	[2018, 2019, 2020, 2021, 2022]	46	16
1XKjtpH5P81gpOXDB91IEB	Miami Yacine	['albanian hip hop', 'german hip hop']	[2017, 2018, 2019, 2020, 2021]	46	20
0JBdTCGs111JKKYfLqOEBa	Shirin David	['frauenrap', 'german hip hop', 'german pop']	[2019, 2020, 2021]	45	13
7gZfnEnfiaHzxARJ2LeXrf	6ix9ine	['emo rap']	[2018, 2019, 2020]	45	31
7n2wHs1TKAczGzO7Dd2rGr	Shawn Mendes	['canadian pop', 'pop', 'viral pop']	[2017, 2018, 2019, 2020, 2021, 2022]	44	13
1pkDzgHvVqC17qYGKfLPpb	Mozzik	['albanian hip hop', 'albanian pop', 'german hip hop', 'kosovan pop']	[2018, 2019, 2020, 2021, 2022]	44	31
5gs4Sm2WQUkcGeikMcVHbh	Hamza	['belgian hip hop', 'cloud rap francais', 'french hip hop', 'pop urbaine', 'rap belge', 'rap francais']	[2017, 2019, 2020, 2021, 2022]	44	25
23fqKkggKUBHNkbKtXEls4	Kygo	['edm', 'pop', 'pop dance', 'tropical house']	[2017, 2018, 2019, 2020, 2021, 2022]	44	44
5y9wg9qkGBl0n9v9RzaPKu	Capo	['german hip hop']	[2017, 2018, 2019, 2020, 2021, 2022]	44	25
4sbXXFzEWJY2zsZjelerjX	Dadju	['french hip hop', 'pop urbaine', 'r&b francais']	[2017, 2018, 2019, 2020, 2021]	44	23
0iEtIxbK0KxaSlF7G42ZOp	Metro Boomin	['rap']	[2017, 2018, 2019, 2020]	44	44
5LHRHt1k9lMyONurDHEdrp	Tyga	['hip hop', 'pop rap', 'rap', 'trap']	[2017, 2018, 2019, 2020, 2021, 2022]	43	36
5oWFxbBrbk2Mw86PLUg3OZ	18 Karat	['german hip hop']	[2017, 2018, 2019, 2020, 2021, 2022]	43	23
1vCWHaC5f2uS3yhpwWbIA6	Avicii	['edm', 'pop', 'pop dance']	[2017, 2018, 2019, 2020, 2021, 2022]	43	27
13bDjug9N0pyv3ZUINjkDV	Bausa	['german hip hop']	[2017, 2018, 2019, 2020, 2021, 2022]	43	33
4kYSro6naA4h99UJvo89HB	Cardi B	['pop', 'rap']	[2017, 2018, 2019, 2020, 2021]	43	34
4nDoRrQiYLoBzwC5BhVJzF	Camila Cabello	['dance pop', 'pop']	[2017, 2018, 2019, 2020, 2021, 2022]	42	21
7c0XG5cIJTrrAgEC3ULPiq	Ty Dolla $ign	['hip hop', 'pop rap', 'r&b', 'southern hip hop', 'trap', 'trap soul']	[2017, 2018, 2019, 2020, 2021]	42	41
4VxxrJptDJKGOsKvb8jcVe	Lo & Leduc	['mundart', 'swiss reggae']	[2017, 2018, 2019, 2020, 2021, 2022]	41	3
2NJWI8byqTSqDaJRnqJY2z	KALIM	['german hip hop', 'hamburg hip hop']	[2017, 2018, 2019, 2020, 2021, 2022]	41	25
1yIifIA91WgmfzBcjbQB8i	Kurdo	['german hip hop', 'kurdish hip hop']	[2017, 2018, 2019, 2020, 2021, 2022]	41	10
6l3HvQ5sa6mXTsMTB19rO5	J. Cole	['conscious hip hop', 'hip hop', 'north carolina hip hop', 'rap']	[2017, 2018, 2019, 2020, 2021]	41	15
7IlRNXHjoOCgEAWN5qYksg	Aya Nakamura	['basshall', 'pop urbaine', 'r&b francais']	[2018, 2019, 2020, 2021, 2022]	40	11
1r4hJ1h58CWwUQe3MxPuau	Maluma	['latin pop', 'reggaeton', 'reggaeton colombiano', 'urbano latino']	[2017, 2018, 2019, 2020, 2021, 2022]	40	26
7vk5e3vY1uw9plTHJAMwjN	Alan Walker	['electro house']	[2017, 2018, 2019, 2020, 2021, 2022]	40	35
2j2rh3oQh4QEUnNTDKYSJD	187 Strassenbande	['german hip hop', 'hamburg hip hop']	[2017, 2018, 2021, 2022]	40	39
2YZyLoL8N0Wb9xBt1NhZWg	Kendrick Lamar	['conscious hip hop', 'hip hop', 'rap', 'west coast rap']	[2017, 2018, 2019, 2020, 2021]	40	25
5j21TGkrNEAJe3gG9VlS34	Shindy	['german hip hop']	[2017, 2019, 2020, 2021]	40	11
6M2wZ9GZgrQXHCFfjv46we	Dua Lipa	['dance pop', 'pop', 'uk pop']	[2017, 2018, 2019, 2020, 2021, 2022]	39	22
4r63FhuTkUYltbVAg5TQnk	DaBaby	['hip hop', 'north carolina hip hop', 'rap', 'trap']	[2019, 2020, 2021, 2022]	38	24
0C8ZW7ezQVs4URX5aX7Kqx	Selena Gomez	['pop', 'post-teen pop']	[2017, 2018, 2019, 2020, 2021]	38	20
4DdkRBBYG6Yk9Ka8tdJ9BW	Offset	['atl hip hop', 'rap', 'trap']	[2017, 2018, 2019, 2020, 2021]	38	34
54kCbQZaZWHnwwj9VP2hn4	Zola	['french hip hop', 'pop urbaine', 'r&b francais', 'rap francais']	[2018, 2019, 2020]	38	4
2wY79sveU1sp5g7SokKOiI	Sam Smith	['pop', 'uk pop']	[2017, 2018, 2019, 2020, 2021]	37	5
6ynopZPMBXcIGBI9M02Un5	Haftbefehl	['german hip hop']	[2018, 2019, 2020, 2021, 2022]	36	32
5qZLYtTL3ldN6Uw7OXHESR	Sa4	['german hip hop']	[2017, 2018, 2019, 2020, 2021, 2022]	36	36
3t5xRXzsuZmMDkQzgOX35S	Robin Schulz	['deep euro house', 'deep house', 'edm', 'german dance', 'pop dance', 'tropical house']	[2017, 2018, 2019, 2020, 2021, 2022]	36	35
6HCBnyTBSLdb3TFn2ayulY	Leto	['french hip hop', 'pop urbaine', 'rap francais']	[2019, 2020, 2021, 2022]	36	20
5hREZP0zTQbTLkZ2M8RS4v	Djadja & Dinaz	['french hip hop', 'pop urbaine', 'rap conscient']	[2018, 2019, 2020, 2021]	36	1
3Nrfpe0tUJi4K4DXYWgMUX	BTS	['k-pop', 'k-pop boy group', 'pop']	[2017, 2018, 2019, 2020, 2021, 2022]	35	12
6Xgp2XMz1fhVYe7i6yNAax	Trippie Redd	['melodic rap', 'rap', 'trap']	[2017, 2018, 2019, 2020, 2021]	35	24
02kJSzxNuaWGqwubyUba0Z	G-Eazy	['indie pop rap', 'oakland hip hop', 'pop rap', 'rap']	[2017, 2018, 2019, 2020, 2021]	34	28
4VMYDCV2IEDYJArk749S6m	Daddy Yankee	['latin hip hop', 'reggaeton', 'trap latino', 'urbano latino']	[2017, 2018, 2019, 2020, 2021]	34	29
4gzpq5DPGxSnKTe4SA8HAU	Coldplay	['permanent wave', 'pop']	[2017, 2018, 2019, 2020, 2021, 2022]	33	9
55Aa2cqylxrFIXC767Z865	Lil Wayne	['hip hop', 'new orleans rap', 'pop rap', 'rap', 'trap']	[2017, 2018, 2019, 2020, 2021, 2022]	33	31
3QVolfxko2UyCOtexhVTli	Angèle	['belgian pop', 'french pop', 'variete francaise']	[2018, 2019, 2020, 2021, 2022]	33	5
07SFzTMeYf5P8Rd32a9Zzw	AK AUSSERKONTROLLE	['german hip hop']	[2017, 2018, 2019, 2020, 2021, 2022]	33	21
3mmI5HKArDwgggj4j0aJyC	BHZ	['german alternative rap', 'german hip hop']	[2020, 2021, 2022]	33	33
6XyY86QOPPrYVGvF9ch6wz	Linkin Park	['alternative metal', 'nu metal', 'post-grunge', 'rap metal', 'rock']	[2017, 2018, 2020, 2021, 2022]	33	3
3IrUyDPQlQFcB5lMWhPml2	SSIO	['afghan rap', 'german hip hop', 'hamburg hip hop']	[2019, 2020, 2021]	33	8
1ul8iLt2WnFe2UIyovjg7q	reezy	['german hip hop', 'german r&b']	[2018, 2019, 2020, 2021, 2022]	32	25
7bXgB6jMjp9ATFy66eO08Z	Chris Brown	['r&b', 'rap']	[2017, 2018, 2019, 2020, 2021, 2022]	32	26
6qFt3TjvxMt77YGsktWG8Z	Sofiane	['french hip hop', 'pop urbaine', 'rap conscient', 'rap francais']	[2017, 2018, 2019, 2020]	32	23
5qisLjDrKoHMI9zOK2hfzs	Mister V	['french hip hop', 'pop urbaine', 'rap francais']	[2017, 2019, 2020]	32	8
0wwDZj4zgZORjTGhTujAKx	Mert	['deep german hip hop', 'german hip hop']	[2017, 2018, 2019, 2020, 2021]	32	12
2R21vXR83lH98kGeO99Y66	Anuel AA	['reggaeton', 'reggaeton flow', 'trap boricua', 'trap latino', 'urbano latino']	[2018, 2019, 2020, 2021]	32	30
76Pl0epAMXVXJspaSuz8im	Freeze corleone	['drill francais', 'french hip hop', 'melodic drill', 'pop urbaine', 'rap francais']	[2020, 2021, 2022]	31	22
4Cfx9c45o8GigUIYzDie9B	Patent Ochsner	['mundart', 'swiss rock']	[2018, 2019, 2020, 2021, 2022]	31	7
4dpARuHxo51G3z768sgnrY	Adele	['british soul', 'pop', 'pop soul', 'uk pop']	[2017, 2018, 2021, 2022]	31	0
0GOx72r5AAEKRGQFn3xqXK	GIMS	['french hip hop', 'french pop', 'r&b francais', 'rap conscient']	[2017, 2018, 2019, 2020, 2021, 2022]	31	28
1zNqQNIdeOUZHb8zbZRFMX	Swae Lee	['melodic rap', 'rap', 'trap']	[2017, 2018, 2019, 2020, 2021]	31	30
26VFTg2z8YR0cCuwLzESi2	Halsey	['electropop', 'etherpop', 'indie poptimism', 'pop']	[2017, 2018, 2019, 2020, 2021]	31	18
4WnAHZz1pgl8hus8hidIRV	MHD	['french hip hop', 'pop urbaine', 'r&b francais']	[2017, 2018, 2021]	31	13
2s7fZ34RK8RUJQ2ewsh6I5	RK	['french hip hop', 'pop urbaine', 'rap conscient', 'rap francais']	[2018, 2019, 2020]	31	7
7jVv8c5Fj3E9VhNjxT4snq	Lil Nas X	['lgbtq+ hip hop']	[2019, 2020, 2021, 2022]	30	14
7CajNmpbOovFoOoasH2HaY	Calvin Harris	['dance pop', 'edm', 'electro house', 'house', 'pop', 'progressive house', 'uk dance']	[2017, 2018, 2019, 2020, 2021, 2022]	30	26
60d24wfXkVzDSfLS6hyCjZ	Martin Garrix	['dutch edm', 'edm', 'pop', 'pop dance', 'progressive house']	[2017, 2018, 2019, 2020, 2021]	30	29
3NH8t45zOTqzlZgBvZRjvB	PNL	['french hip hop', 'pop urbaine']	[2017, 2018, 2019, 2020]	30	0
5Sjj30aHCmKcM9SdVX7PBK	GRiNGO	['german hip hop']	[2017, 2018, 2019, 2020, 2021]	30	29
60uPSVM3svOL8kZ3Wkb3Zw	Monet192	['german hip hop']	[2019, 2020, 2021, 2022]	29	13
5Pwc4xIPtQLFEnJriah9YJ	OneRepublic	['piano rock', 'pop']	[2017, 2018, 2019, 2020, 2021, 2022]	29	10
0pOruKWwgyqSLZhn4Xovs9	Ardian Bujupi	['albanian hip hop', 'albanian pop', 'german hip hop', 'kosovan pop', 'turbo folk']	[2018, 2019, 2020, 2021, 2022]	29	16
4bL2B6hmLlMWnUEZnorEtG	Felix Jaehn	['edm', 'german dance', 'pop dance', 'tropical house']	[2017, 2018, 2019, 2020, 2021, 2022]	29	29
0QHgL1lAIqAw0HtD7YldmP	DJ Khaled	['hip hop', 'miami hip hop', 'pop rap', 'rap']	[2017, 2018, 2019, 2020, 2021]	29	29
0t9IVyFGzH79wIFfhEXddQ	Kianush	['german hip hop']	[2019, 2020, 2021]	29	21
2pHk4wAmL7ofTAuvCIUWtv	Roméo Elvis	['belgian hip hop', 'french hip hop']	[2018, 2019, 2020]	29	8
4xRYI6VqpkE3UwrDrAZL8L	Logic	['conscious hip hop', 'hip hop', 'pop rap', 'rap']	[2017, 2018, 2019]	28	17
3nDNDLcZuSto4k9u4AbcLB	Marteria	['german hip hop', 'german pop']	[2017, 2018, 2020, 2021]	28	20
4PvnP3yCzrT289cX3wCdOx	Yung Hurn	['cloud rap', 'german cloud rap', 'german hip hop', 'phonk']	[2017, 2018, 2019, 2020, 2021]	28	10
00FQb4jTyendYWaN8pK0wa	Lana Del Rey	['art pop', 'pop']	[2017, 2018, 2019, 2020, 2021, 2022]	27	9
04gDigrS5kc9YWfZHwBETP	Maroon 5	['pop']	[2017, 2018, 2019, 2020, 2021, 2022]	27	18
1SupJlEpv7RS2tPNRaHViT	Nicky Jam	['latin hip hop', 'reggaeton', 'trap latino', 'urbano latino']	[2017, 2018, 2019, 2020, 2021, 2022]	27	23
3JhNCzhSMTxs9WLGJJxWOY	Macklemore	['pop rap', 'seattle hip hop']	[2017, 2018, 2019, 2020, 2021, 2022]	27	26
2jku7tDXc6XoB6MO2hFuqg	Tory Lanez	['canadian hip hop', 'canadian trap', 'melodic rap', 'r&b', 'rap', 'toronto rap', 'trap']	[2017, 2018, 2019, 2020, 2021]	27	20
62zLrboqOTPyozwi721CVy	Lorenzo	['french hip hop', 'pop urbaine', 'rap conscient']	[2018, 2019, 2020, 2021]	27	9
5tHiL8SKSaZGMBUPIiSmX4	KitschKrieg	['german hip hop', 'hamburg hip hop']	[2018, 2019, 2020, 2021]	27	27
7tYKF4w9nC0nq9CsPZTHyP	SZA	['pop', 'r&b', 'rap']	[2017, 2018, 2019, 2020, 2021, 2022]	26	24
4V8LLVI7PbaPR0K2TGSxFF	Tyler, The Creator	['hip hop', 'rap']	[2019, 2020, 2021, 2022]	26	11
1GxkXlMwML1oSg5eLPiAz3	Michael Bublé	['adult standards', 'canadian pop', 'jazz pop', 'lounge']	[2017, 2018, 2019, 2020, 2021]	26	8
6QzzeKV0VcnT2vJMYDPuL4	Trettmann	['german cloud rap', 'german hip hop', 'hamburg hip hop']	[2017, 2018, 2019, 2020]	26	26
64KEffDW9EtZ1y2vBYgq8T	Marshmello	['brostep', 'edm', 'pop', 'progressive electro house']	[2017, 2018, 2019, 2020, 2021]	25	24
0LyfQWJT6nXafLPZqxe9Of	Various Artists	[]	[2017, 2018]	25	0
738wLrAtLtCtFOLvQBXOXp	Major Lazer	['dance pop', 'edm', 'electro house', 'moombahton', 'pop', 'pop dance']	[2017, 2018, 2019, 2020, 2021]	25	25
0k70gnDBLPirCltbTzoxuM	Faber	['german indie', 'swiss indie']	[2019, 2020, 2021]	25	8
6AgTAQt8XS6jRWi4sX7w49	Polo G	['chicago rap', 'rap']	[2019, 2020, 2021, 2022]	24	17
5SulO4l40qDuV9zUGLZx7n	Capo Plaza	['italian hip hop', 'italian pop', 'trap italiana']	[2018, 2019, 2021, 2022]	24	16
1Yso012dk6JFCIGwvCxTBS	Xen	['swiss hip hop', 'swiss trap']	[2017, 2018, 2019, 2020, 2021]	24	11
13y7CgLHjMVRMDqxdx0Xdo	Gucci Mane	['atl hip hop', 'dirty south rap', 'hip hop', 'pop rap', 'rap', 'southern hip hop', 'trap']	[2017, 2018, 2019]	24	24
5JZ7CnR6gTvEMKX4g70Amv	Lauv	['pop']	[2017, 2018, 2019, 2020]	24	10
7iZ5x5fwRwROoX3iRWpVgN	Fard	['german hip hop']	[2018, 2019, 2020, 2021]	24	5
1Yfe3ONJlioHys7jwHdfVm	Lomepal	['french hip hop', 'rap conscient']	[2018, 2019]	24	6
1HY2Jd0NmPuamShAr6KMms	Lady Gaga	['art pop', 'dance pop', 'pop']	[2017, 2018, 2019, 2020, 2021, 2022]	23	9
3Hvx3BM0K4FHBs9J3k8G6V	NGEE	['german hip hop']	[2020, 2021, 2022]	23	13
0GgY7hjMoGDsX8ZDe2mwds	Soolking	['french hip hop', 'pop urbaine', 'r&b francais', 'rap algerien']	[2017, 2018, 2019, 2020, 2021, 2022]	23	20
0jEyGu5QKLxQ2tIZVnRbfE	Monk	['german hip hop', 'german trap']	[2020, 2021, 2022]	23	23
1KCSPY1glIKqW2TotWuXOR	P!nk	['dance pop', 'pop']	[2017, 2018, 2019, 2021, 2022]	23	7
5fMUXHkw8R8eOP2RNVYEZX	Diplo	['edm', 'electro house', 'moombahton', 'pop dance']	[2017, 2018, 2019, 2020, 2021]	23	23
0ZED1XzwlLHW4ZaG4lOT6m	Julia Michaels	['pop']	[2017, 2018, 2019, 2020, 2021]	23	13
6S2OmqARrzebs0tKUEyXyp	Demi Lovato	['pop', 'post-teen pop']	[2017, 2018, 2019, 2020, 2021]	23	13
6ytOHdKh4xt4YvF7tz8Zcv	Kalash Criminel	['french hip hop', 'pop urbaine', 'rap francais']	[2017, 2018, 2019, 2020, 2022]	22	18
5cj0lLjcoR7YOSnhnX0Po5	Doja Cat	['dance pop', 'pop']	[2019, 2020, 2021, 2022]	22	13
6cEuCEZu7PAE9ZSzLLc2oQ	R3HAB	['dutch house', 'edm', 'electro house', 'pop dance', 'progressive electro house', 'slap house']	[2017, 2019, 2020, 2021, 2022]	22	20
2ZT8zCu4xXbz7R1R0EzqWO	Pronto	['swiss hip hop', 'swiss trap']	[2017, 2018, 2019, 2020, 2021, 2022]	22	5
0du5cEVh5yTK9QJze8zA0C	Bruno Mars	['dance pop', 'pop']	[2017, 2018, 2019, 2020, 2021, 2022]	22	16
1SnSPHBs8l5iAvoWF0aO05	FOURTY	['german hip hop', 'german r&b', 'german trap']	[2020, 2021, 2022]	22	17
23xqmJEN3oVxwzqtNIyR5m	AnnenMayKantereit	['cologne indie', 'german singer-songwriter']	[2018, 2019, 2020]	22	1
6TIYQ3jFPwQSRmorSezPxX	Machine Gun Kelly	['ohio hip hop', 'pop rap']	[2017, 2018, 2019, 2020, 2021, 2022]	21	18
1a71mkqZC54WhePSbnq7RK	Majoe	['german drill', 'german hip hop']	[2017, 2018, 2019, 2020, 2022]	21	17
4IWBUUAFIplrNtaOHcJPRM	James Arthur	['pop', 'talent show', 'uk pop']	[2017, 2018, 2019, 2020, 2021, 2022]	21	6
0fA0VVWsXO9YnASrzqfmYu	Kid Cudi	['hip hop', 'ohio hip hop', 'pop rap', 'rap']	[2018, 2020, 2021, 2022]	21	10
0LnhY2fzptb0QEs5Q5gM7S	Laylow	['cloud rap francais', 'french hip hop', 'pop urbaine']	[2020, 2021, 2022]	21	7
4npEfmQ6YuiwW1GpUmaq3F	Ava Max	['pop']	[2018, 2019, 2020, 2021, 2022]	21	3
31W5EY0aAly4Qieq6OFu6I	A Boogie Wit da Hoodie	['melodic rap', 'rap', 'trap']	[2017, 2018, 2019, 2020, 2021]	21	19
0c173mlxpT3dSFRgMO8XPh	Big Sean	['detroit hip hop', 'hip hop', 'pop rap', 'r&b', 'rap', 'southern hip hop', 'trap']	[2017, 2018, 2019, 2020, 2021]	21	17
699OTQXzgjhIYAHMy9RyPD	Playboi Carti	['atl hip hop', 'plugg', 'pluggnb', 'rage rap', 'rap']	[2017, 2018, 2019, 2020, 2021]	21	15
64M6ah0SkkRsnPGtGiRAbb	Bebe Rexha	['dance pop', 'pop']	[2017, 2018, 2019, 2020, 2021]	21	17
6XFQvBHGEr3mRfOHcqPXv8	XATAR	['german hip hop', 'hamburg hip hop', 'kurdish hip hop']	[2017, 2018, 2019, 2020, 2021]	21	17
6icQOAFXDZKsumw3YXyusw	Lil Yachty	['atl hip hop', 'melodic rap', 'rap', 'trap']	[2017, 2018, 2020]	21	20
1pPmIToKXyGdsCF6LmqLmI	Rich The Kid	['atl hip hop', 'melodic rap', 'plugg', 'rap', 'trap']	[2017, 2018, 2019, 2020]	21	15
7oWrEQO1d3klp0Qrfh7a5h	badmómzjay	['frauenrap', 'german drill', 'german hip hop']	[2020, 2021, 2022]	20	7
4Gso3d4CscCijv0lmajZWs	Don Toliver	['rap', 'trap']	[2019, 2020, 2021, 2022]	20	12
2feDdbD5araYcm6JhFHHw7	Labrinth	['indie poptimism', 'pop']	[2017, 2018, 2019, 2020, 2021, 2022]	20	15
76dRoxKtDwYkgCQePok9cU	Miksu / Macloud	['german hip hop']	[2019, 2020, 2021, 2022]	20	20
790FomKkXshlbRYZFtlgla	KAROL G	['reggaeton', 'reggaeton colombiano', 'trap latino', 'urbano latino']	[2018, 2019, 2020, 2021, 2022]	20	14
6WdjEdbgAoHeeXLwDsSgMg	Albi	['german hip hop']	[2020, 2021, 2022]	20	19
1HBjj22wzbscIZ9sEb5dyf	Jonas Blue	['pop', 'pop dance', 'tropical house', 'uk dance']	[2017, 2018, 2019, 2020, 2021, 2022]	20	20
6UDhlW8uEVBBrqHS3RrKuv	Casper	['german alternative rap', 'german pop']	[2017, 2018, 2019, 2020, 2021, 2022]	20	17
3wyVrVrFCkukjdVIdirGVY	Lil Pump	['emo rap', 'miami hip hop', 'pop rap', 'rap', 'trap']	[2017, 2018, 2019]	20	10
6vXTefBL93Dj5IqAWq6OTv	French Montana	['hip hop', 'pop rap', 'rap', 'southern hip hop', 'trap']	[2017, 2018, 2019, 2020, 2021]	20	20
6extd4B6hl8VTmnlhpl2bY	Huncho Jack	['melodic rap', 'trap']	[2017, 2018]	20	20
77ziqFxp5gaInVrF2lj4ht	Sech	['panamanian pop', 'reggaeton', 'trap latino', 'urbano latino']	[2019, 2020, 2021]	20	19
3Isy6kedDrgPYoTS1dazA9	Sean Paul	['dance pop', 'dancehall', 'pop', 'pop rap']	[2017, 2018, 2019, 2021, 2022]	19	19
03Vz1qy4oauKKM9kJKy5DW	EAZ	['kosovan pop', 'schweizer rap', 'swiss hip hop', 'swiss trap']	[2017, 2018, 2019, 2020, 2021, 2022]	19	8
6jJ0s89eD6GaHleKKya26X	Katy Perry	['pop']	[2017, 2018, 2019, 2020, 2021, 2022]	19	11
5YGY8feqx7naU7z4HrwZM6	Miley Cyrus	['pop']	[2017, 2018, 2019, 2020, 2021]	19	8
540vIaP2JwjQb9dm3aArA4	DJ Snake	['edm', 'electronic trap', 'pop', 'pop dance']	[2017, 2018, 2019, 2020, 2021]	19	19
5Yo5iU2nf4H41waPl4ZnS1	LEA	['german pop']	[2017, 2018, 2019, 2020, 2021]	19	11
1zNqDE7qDGCsyzJwohVaoX	Anne-Marie	['pop']	[2017, 2018, 2019, 2020, 2021]	19	11
09agIJMxCD2k87ys9Al0f0	VIZE	['german dance', 'slap house']	[2019, 2020, 2021]	19	17
4Mt1ci7cKg2DpDS5kJ5mHS	Animus	['german hip hop']	[2019, 2021]	19	19
0n1kV1G3NQrfuLGJosIGxb	Longus Mongus	['german hip hop']	[2020, 2021, 2022]	18	18
6KImCVD70vtIoJWnq6nGn3	Harry Styles	['pop']	[2017, 2018, 2019, 2020, 2021, 2022]	18	0
5gqmbbfjcikQBzPB5Hv13I	Gazo	['drill francais', 'french hip hop', 'pop urbaine', 'r&b francais', 'rap francais']	[2020, 2021, 2022]	18	14
137W8MRPWKqSmrBGDBFSop	Wiz Khalifa	['hip hop', 'pittsburgh rap', 'pop rap', 'rap', 'southern hip hop', 'trap']	[2017, 2018, 2020, 2021, 2022]	18	16
6W5uA6CNMf3hd2j4a2XWCx	Naps	['french hip hop', 'pop urbaine', 'rap marseille']	[2020, 2021, 2022]	18	17
1QPdp5duV6lV4XINCzjwQ2	Dinos	['french hip hop', 'pop urbaine', 'rap francais']	[2020, 2021, 2022]	18	8
1Xylc3o4UrD53lo9CvFvVg	Zara Larsson	['pop', 'scandipop', 'swedish electropop', 'swedish pop']	[2017, 2018, 2019, 2020, 2021]	18	10
48Fq6GV3S6on56TxSBu5NO	Celo & Abdi	['german hip hop']	[2017, 2019, 2020, 2021]	18	16
4A7HeXSd4HtQuf6IR5XZ1b	Fero47	['german hip hop']	[2019, 2020, 2021]	18	5
78wZzI7u1cOjXKuYzqZI6l	Sonus030	[]	[2020]	18	18
5j4HeCoUlzhfWtjAfM1acR	Stromae	['belgian pop', 'g-house']	[2017, 2021, 2022]	17	1
66Ok6bgC570sHkw08N20pZ	OBOY	['french hip hop', 'pop urbaine', 'rap francais']	[2020, 2021, 2022]	17	5
1ZpLpz4tFdvUocboq1KX3M	Big Pat	[]	[2020, 2021, 2022]	17	17
711MCceyCBcFnzjGY4Q7Un	AC/DC	['australian rock', 'hard rock', 'rock']	[2017, 2018, 2019, 2020, 2021, 2022]	17	0
31TPClRtHm23RisEBtV3X7	Justin Timberlake	['dance pop', 'pop']	[2017, 2018, 2020]	17	4
4V8Sr092TqfHkfAA5fXXqG	Luis Fonsi	['latin pop', 'puerto rican pop']	[2017, 2018, 2019, 2021]	17	16
5CCwRZC6euC8Odo6y9X8jr	Rita Ora	['dance pop', 'pop', 'uk pop']	[2017, 2018, 2019, 2021]	17	10
5FK3qokBQYxr7ZLkr8GVFn	Stereo Luchs	['swiss hip hop', 'swiss reggae']	[2017, 2019, 2020, 2021]	17	9
3YwqjMyrRfuixi2pbgTGCE	Heuss L'enfoiré	['french hip hop', 'pop urbaine', 'rap francais']	[2018, 2019, 2020]	17	17
07YZf4WDAMNwqr4jfgOZ8y	Jason Derulo	['dance pop', 'pop']	[2017, 2018, 2019, 2020, 2021, 2022]	16	12
0LcJLqbBmaGUft1e9Mm8HV	ABBA	['europop', 'swedish pop']	[2018, 2019, 2020, 2021, 2022]	16	0
6wWVKhxIU2cEi0K81v7HvP	Rammstein	['german metal', 'industrial', 'industrial metal', 'industrial rock', 'neue deutsche harte']	[2019, 2022]	16	2
2ptKt4yP4mYRZmvi09JYyi	Timal	['french hip hop', 'pop urbaine', 'rap francais']	[2019, 2020, 2021, 2022]	16	8
3A9B6c1CrSPauiOblw7pWz	Nico Santos	['german pop']	[2017, 2018, 2019, 2020, 2021, 2022]	16	8
17lzZA2AlOHwCwFALHttmp	2 Chainz	['atl hip hop', 'hip hop', 'pop rap', 'rap', 'southern hip hop', 'trap']	[2017, 2018, 2019, 2020]	16	16
1OJvqVmekd5OPxlTeHmlBl	Ion Miles	['german cloud rap']	[2020, 2021]	16	16
6jGMq4yGs7aQzuGsMgVgZR	Lil Tjay	['brooklyn drill', 'melodic rap', 'nyc rap', 'rap']	[2019, 2020, 2021]	16	14
53EHeXzGs4HheTCTnwfPEr	SFR	[]	[2019, 2020, 2021]	16	16
41LLNWUptvfbQ9Q7oCefmg	Genetikk	['christlicher rap', 'german hip hop']	[2018, 2019, 2021]	16	3
4LLpKhyESsyAXpc4laK94U	Mac Miller	['hip hop', 'pittsburgh rap', 'rap']	[2018, 2019, 2020]	16	1
2ubn2zwyYaLdHOCKnTouU2	Ziak	['drill francais', 'french hip hop', 'pop urbaine']	[2021, 2022]	15	2
3Mn6d673ieRza7uw6zY2Zv	Hava	['frauenrap', 'german hip hop']	[2019, 2020, 2021, 2022]	15	7
4Q6nIcaBED8qUel8bBx6Cr	Jax Jones	['dance pop', 'edm', 'house', 'pop dance', 'uk dance', 'uk pop']	[2017, 2018, 2019, 2020, 2021, 2022]	15	15
7gU9VyFRN3JWPJ5oHOil60	Tayc	['pop urbaine', 'r&b francais']	[2020, 2021, 2022]	15	8
5y2Xq6xcjJb2jVM54GHK3t	John Legend	['neo soul', 'pop', 'pop soul', 'urban contemporary']	[2017, 2018, 2019, 2020, 2021, 2022]	15	7
387fj6TuPJ3y2H8ViAm6r0	Pietro Lombardi	['german pop']	[2017, 2018, 2019, 2020, 2021, 2022]	15	4
2RdwBSPQiwcmiDo9kixcl8	Pharrell Williams	['dance pop', 'pop']	[2017, 2018, 2020, 2021, 2022]	15	13
5C5hEZzr3BmvYcIPfWMnnC	Savas	[]	[2017]	15	15
3YQKmKGau1PzlVlkL1iodx	Twenty One Pilots	['modern rock', 'pop', 'pov: indie', 'rock']	[2017, 2018, 2019, 2020, 2021]	15	0
4R0FKprdEeUIbzAwhrYTv2	Elias	['german hip hop']	[2017, 2018, 2019, 2020, 2021]	15	5
5ZsFI1h6hIdQRw2ti0hz81	ZAYN	['pop', 'uk pop']	[2017, 2018, 2019, 2020, 2021]	15	8
0vbfrsbTQsxmBTrvtZTFB4	Dead Dawg	['german hip hop']	[2020, 2021]	15	15
7yeFMUrYTY5cAZx0GKXnti	Alpha Wann	['french hip hop', 'pop urbaine']	[2019, 2020, 2021]	15	11
1McMsnEElThX1knmY4oliG	Olivia Rodrigo	['pop']	[2021, 2022]	14	1
4WoSAKuoaPxrbwp3Y1PvKb	Bozza	['german hip hop', 'german underground rap']	[2018, 2020, 2021, 2022]	14	12
2o5jDhtHVPhrJdv3cEQ99Z	Tiësto	['big room', 'brostep', 'dutch edm', 'edm', 'house', 'pop dance', 'slap house', 'trance']	[2017, 2018, 2019, 2020, 2021, 2022]	14	13
46SHBwWsqBkxI7EeeBEQG7	Kodak Black	['florida drill', 'florida rap', 'melodic rap', 'miami hip hop', 'rap', 'trap', 'trap latino']	[2017, 2018, 2019, 2021, 2022]	14	12
181bsRPaVXVlUKXrxwZfHK	Megan Thee Stallion	['houston rap', 'pop', 'rap', 'trap queen']	[2019, 2020, 2021, 2022]	14	12
2tcoLkA9Hexz70Kuc1NTUl	Gradur	['french hip hop', 'pop urbaine', 'r&b francais', 'rap francais']	[2017, 2018, 2019, 2020]	14	9
5pUo3fmmHT8bhCyHE52hA6	Liam Payne	['pop']	[2017, 2018, 2019, 2020, 2021]	14	10
00UMLCX51uNiBzMhQKlwyQ	Loco Escrito	[]	[2018, 2019, 2020, 2021]	14	1
757aE44tKEUQEqRuT6GnEB	Roddy Ricch	['melodic rap', 'rap', 'trap']	[2019, 2020, 2021]	14	12
4sg4no0TXdsrM1s4SVUwNF	Juju	['frauenrap', 'german hip hop']	[2018, 2019, 2020, 2021]	14	9
3PhoLpVuITZKcymswpck5b	Elton John	['glam rock', 'mellow gold', 'piano rock', 'rock']	[2017, 2018, 2019, 2020, 2021, 2022]	13	7
2urF8dgLVfDjunO0pcHUEe	Alvaro Soler	['latin pop']	[2017, 2018, 2019, 2021, 2022]	13	4
7hJcb9fa4alzcOq3EaNPoG	Snoop Dogg	['g funk', 'gangster rap', 'hip hop', 'pop rap', 'rap', 'west coast rap']	[2017, 2018, 2019, 2020, 2021, 2022]	13	13
1yxSLGMDHlW21z4YXirZDS	Black Eyed Peas	['dance pop', 'pop', 'pop rap']	[2019, 2020, 2021, 2022]	13	11
2tIP7SsRs7vjIcLrU85W8J	The Kid LAROI	['australian hip hop']	[2020, 2021, 2022]	13	9
3e7awlrlDSwF3iM0WBjGMp	Little Mix	['girl group', 'pop', 'talent show', 'uk pop']	[2017, 2018, 2019, 2020, 2021, 2022]	13	9
5sRQkVexJlax2iISuqL8cV	Kalazh44	['german drill', 'german hip hop']	[2019, 2020, 2021, 2022]	13	11
0EmeFodog0BfCgMzAIvKQp	Shakira	['colombian pop', 'dance pop', 'latin pop', 'pop']	[2017, 2018, 2020, 2021, 2022]	13	11
0cGUm45nv7Z6M6qdXYQGTX	Kehlani	['pop', 'r&b']	[2017, 2018, 2019, 2020]	13	13
6ZjFtWeHP9XN7FeKSUe80S	Bing Crosby	['adult standards', 'easy listening', 'lounge']	[2017, 2018, 2019, 2020, 2021]	13	3
2kCcBybjl3SAtIcwdWpUe3	Lil Peep	['cloud rap', 'emo rap', 'lgbtq+ hip hop']	[2017, 2018, 2019, 2020, 2021]	13	3
163tK9Wjr9P9DmM0AVK7lm	Lorde	['art pop', 'metropopolis', 'nz pop', 'pop']	[2017, 2021]	13	3
7qXzy6c5RWT0XlVQcOBIDG	Mark Forster	['german pop']	[2017, 2018, 2020, 2021]	13	7
08ao8gzTHBtNf5Laf9jjwR	King Khalil	['german hip hop']	[2017, 2018, 2019, 2020, 2021]	13	13
5WesSfZwdtLI1iy05rJF0S	Hecht	['mundart']	[2017, 2018, 2019, 2020, 2021]	13	0
7iZtZyCzp3LItcw1wtPI3D	Rae Sremmurd	['melodic rap', 'mississippi hip hop', 'rap', 'trap']	[2017, 2018]	13	10
1Hsdzj7Dlq2I7tHP7501T4	Niall Horan	['pop']	[2017, 2018, 2019, 2020, 2021]	13	1
2SrSdSvpminqmStGELCSNd	Stormzy	['grime', 'uk hip hop']	[2017, 2019, 2020, 2021]	13	11
477D3WI5iTnEmCOe7QFU5G	Azzi Memo	['german hip hop']	[2017, 2018, 2019, 2020, 2021]	13	10
5AZuEF0feCXMkUCwQiQlW7	Marracash	['italian hip hop', 'italian pop', 'italian underground hip hop', 'rap napoletano']	[2019, 2020, 2021]	13	7
3vUMXQ9kPnZAQkMkZZ7Hfh	Tiakola	['french hip hop', 'pop urbaine']	[2020, 2021]	13	11
0bMt8SJlp0gFRUufzifS05	K.I.Z	['german hip hop']	[2020, 2021]	13	0
5Cj0xJrG2k8TPOJQ1vdAmZ	Tayna	['albanian pop']	[2019, 2020, 2021]	13	7
7iK8PXO48WeuP03g8YR51W	Myke Towers	['reggaeton', 'trap latino', 'urbano latino']	[2020, 2021]	13	13
3pMYJHAY5ErzmJQVWb8VX6	Lune	['frauenrap', 'german hip hop']	[2020, 2021, 2022]	12	5
0oxWjDXa2iXcVB11n8RY3U	BOJAN	['german hip hop']	[2020, 2021, 2022]	12	10
7ltDVBr6mKbRvohxheJ9h1	ROSALÍA	['pop', 'r&b en espanol']	[2019, 2020, 2021, 2022]	12	10
2SabhGDiBSyaM6QSuBUVqB	Noizy	['albanian hip hop', 'albanian pop', 'greek trap']	[2017, 2018, 2019, 2020, 2021, 2022]	12	11
4obzFoKoKRHIphyHzJ35G3	Becky G	['latin pop', 'latin viral pop', 'rap latina', 'reggaeton', 'urbano latino']	[2017, 2018, 2020, 2021, 2022]	12	11
1dfeR4HaWDbWqFHLkxsg1d	Queen	['classic rock', 'glam rock', 'rock']	[2017, 2018, 2019, 2020, 2021, 2022]	12	1
5pKCCKE2ajJHZ9KAiaK11H	Rihanna	['barbadian pop', 'pop', 'urban contemporary']	[2017, 2018, 2020, 2021, 2022]	12	10
6V6mxrGG67IyLFy2l4poNZ	Dafina Zeqiri	['albanian pop', 'kosovan pop']	[2019, 2020, 2021, 2022]	12	9
2LIk90788K0zvyj2JJVwkJ	Jack Harlow	['deep underground hip hop', 'kentucky hip hop', 'pop rap', 'rap']	[2020, 2021, 2022]	12	7
7f5Zgnp2spUuuzKplmRkt7	Lost Frequencies	['belgian edm', 'edm', 'pop dance', 'tropical house']	[2017, 2018, 2019, 2020, 2021, 2022]	12	10
4sTQVOfp9vEMCemLw50sbu	Galantis	['dance pop', 'edm', 'pop', 'pop dance']	[2017, 2018, 2019, 2021, 2022]	12	8
19u3RGWKsjmbg9eI6zAiNp	13 Organisé	['french hip hop', 'pop urbaine']	[2020, 2021, 2022]	12	12
2cFrymmkijnjDg9SS92EPM	blackbear	['pop']	[2017, 2019, 2020, 2022]	12	8
7DMveApC7UnC2NPfPvlHSU	Cheat Codes	['edm', 'pop', 'pop dance']	[2017, 2018, 2019]	12	12
2ExGrw6XpbtUAJHTLtUXUD	Stefflon Don	['dancehall', 'dancehall queen', 'uk dancehall', 'uk hip hop']	[2017, 2018, 2019, 2020]	12	12
6fOMl44jA4Sp5b9PpYCkzz	NF	['hip hop', 'pop rap']	[2017, 2018, 2019, 2021]	12	1
6MDME20pz9RveH9rEXvrOM	Clean Bandit	['pop', 'uk dance', 'uk funky']	[2017, 2018, 2019, 2020, 2021]	12	11
1kwzW1IszUiq4Gs9BFesvW	Hornet La Frappe	['french hip hop', 'pop urbaine', 'rap francais']	[2017, 2018, 2020, 2021]	12	8
2HPaUgqeutzr3jx5a9WyDV	PARTYNEXTDOOR	['r&b', 'rap', 'toronto rap', 'urban contemporary']	[2017, 2018, 2019, 2020]	12	11
5IcR3N7QB1j6KBL8eImZ8m	ScHoolboy Q	['gangster rap', 'hip hop', 'pop rap', 'rap', 'southern hip hop', 'trap']	[2017, 2018, 2019]	12	7
1sBkRIssrMs1AbVkOJbc7a	Rick Ross	['dirty south rap', 'gangster rap', 'hip hop', 'rap', 'southern hip hop', 'trap']	[2017, 2018, 2019, 2020, 2021]	12	12
4422XPmmt7lJGKjYbYSI6B	Asche	['german hip hop']	[2019, 2020, 2021]	12	11
1z7b1Pr1rSlvWRzsW3HOrS	Russ	['hawaiian hip hop']	[2018, 2019, 2020, 2021]	12	4
7ADRm1oT7VmhRRZrZqycV6	KASIMIR1441	['german alternative rap', 'german hip hop', 'tekk']	[2020, 2021]	12	11
5Rl15oVamLq7FbSb0NNBNy	5 Seconds of Summer	['boy band', 'pop']	[2018, 2019, 2020]	12	4
34LetYSjEuG2fBb4Z8PwPg	Pashanim	['german alternative rap', 'german drill', 'german hip hop']	[2020, 2021, 2022]	11	3
3tVQdUvClmAT7URs9V3rsp	Wizkid	['afrobeats', 'afropop', 'azonto', 'azontobeats', 'nigerian hip hop', 'nigerian pop']	[2017, 2018, 2021, 2022]	11	11
6VuMaDnrHyPL1p4EHjYLi7	Charlie Puth	['pop', 'viral pop']	[2017, 2018, 2022]	11	6
0u6GtibW46tFX7koQ6uNJZ	Topic	['german dance', 'pop dance', 'pop edm', 'uk dance']	[2018, 2020, 2021, 2022]	11	11
5rGrDvrLOV2VV8SCFVGWlj	Imanbek	['electro house', 'pop dance', 'slap house']	[2019, 2020, 2021, 2022]	11	11
21451j1KhjAiaYKflxBjr1	Zion & Lennox	['reggaeton', 'urbano latino']	[2017, 2018, 2020, 2021, 2022]	11	9
3jK9MiCrA42lLAdMGUZpwa	Anderson .Paak	['escape room', 'hip hop', 'indie soul', 'neo soul']	[2018, 2020, 2021, 2022]	11	11
5519qQ4H5p0qIIidEWUOB6	Ledri Vula	['albanian hip hop', 'albanian pop', 'kosovan pop']	[2018, 2019, 2020, 2021, 2022]	11	9
6dbdXbyAWk2qx8Qttw0knR	Josman	['cloud rap francais', 'french hip hop', 'pop urbaine', 'rap conscient']	[2021, 2022]	11	2
4ehtJnVumNf6xzSCDk8aLB	Martin Jensen	['danish electronic', 'edm', 'pop dance']	[2017, 2018, 2019, 2020]	11	9
6vWDO969PvNqNYHIOW5v0m	Beyoncé	['pop', 'r&b']	[2017, 2018, 2019, 2020, 2021]	11	10
5p7f24Rk5HkUZsaS3BLG5F	Hailee Steinfeld	['pop']	[2017, 2018]	11	10
2qxJFvFYMEDqd7ui6kSAcq	Zedd	['complextro', 'edm', 'german techno', 'pop', 'pop dance']	[2017, 2018, 2019, 2020]	11	11
17aoRCzkZM3IFEbFqVCuX5	Nash	['german hip hop']	[2017, 2018, 2019, 2020]	11	6
0tmwSHipWxN12fsoLcFU3B	Manuel Turizo	['colombian pop', 'reggaeton', 'reggaeton colombiano', 'trap latino', 'urbano latino']	[2017, 2018, 2019, 2020, 2021]	11	10
0X2BH1fck6amBIoJhDVmmJ	Ellie Goulding	['indietronica', 'metropopolis', 'pop', 'uk pop']	[2017, 2018, 2019, 2020]	11	6
7k403TjkSs0KANqh7pe9Vn	Bazzazian	[]	[2020, 2021]	11	11
5CiGnKThu5ctn9pBxv7DGa	benny blanco	['pop']	[2018, 2019, 2020, 2021]	11	11
3SxrBNpBsKhqOA4WX7HSV5	Haze	['german hip hop']	[2020, 2021]	11	1
2gtmbs0Uas9TBSMqkA4zjE	Data Luv	['german hip hop']	[2019, 2020, 2021]	11	9
7LQLsKs1Qulq0BxYdhRnBU	AZAD	['german drill', 'german hip hop', 'kurdish hip hop']	[2018, 2019, 2020, 2021]	11	8
3wcj11K77LjEY1PkEazffa	Burna Boy	['afrobeats', 'dancehall', 'nigerian hip hop', 'nigerian pop']	[2019, 2020, 2021]	11	11
325L7kby6bkG5qSXXAFEWM	Joker Bra	['german hip hop']	[2019, 2020, 2021]	11	7
5Azjcil94cSjssZgE0IKDe	Anonym	['german hip hop']	[2020, 2021, 2022]	10	8
61ipISvUVa5LkJlKZnm3Oo	Alle Farben	['deep euro house', 'german dance']	[2017, 2018, 2019, 2020, 2021, 2022]	10	9
6t7U7sYlVCtlMWzbecJcHd	Dhurata Dora	['albanian hip hop', 'albanian pop', 'frauenrap']	[2019, 2020, 2021, 2022]	10	6
3pVfscwg2QxhdHtk966inb	The Cratez	['german hip hop']	[2019, 2020, 2022]	10	10
19HFRWmRCl27kTk6LeqAO8	MORTEN	['danish electronic', 'scandipop']	[2019, 2020, 2021, 2022]	10	10
6LqNN22kT3074XbTVUrhzX	Kesha	['dance pop', 'pop']	[2017, 2018, 2020, 2021, 2022]	10	4
1mcTU81TzQhprhouKaTkpq	Rauw Alejandro	['puerto rican pop', 'reggaeton', 'trap latino', 'urbano latino']	[2020, 2021, 2022]	10	6
3nFkdlSjzX9mRTtwJOzDYB	JAY-Z	['east coast hip hop', 'gangster rap', 'hip hop', 'pop rap', 'rap']	[2017, 2018, 2019, 2020, 2021, 2022]	10	10
10exVja0key0uqUkk6LJRT	Vance Joy	['folk-pop', 'modern rock']	[2017, 2018, 2020, 2021, 2022]	10	1
6UCQYrcJ6wab6gnQ89OJFh	Headie One	['uk hip hop']	[2019, 2020, 2021, 2022]	10	10
12xme1fwd3iGEW7rF9b6tp	Wincent Weiss	['german pop']	[2017, 2018, 2019, 2021, 2022]	10	0
4GNC7GD6oZMSxPGyXy4MNB	Lewis Capaldi	['pop', 'uk pop']	[2017, 2018, 2019, 2020, 2021, 2022]	10	0
0rtILhtW5MNyUqkZzKDd3J	Kida	['albanian pop']	[2019, 2020, 2021, 2022]	10	6
3AA28KZvwAUcZuOKwyblJQ	Gorillaz	['alternative hip hop', 'modern rock', 'rock']	[2017, 2018]	10	10
2XnBwblw31dfGnspMIwgWz	Axwell /\ Ingrosso	['edm', 'pop dance', 'progressive electro house']	[2017, 2018, 2019]	10	3
3iOvXCl6edW5Um0fXEBRXy	The xx	['downtempo', 'dream pop', 'indietronica']	[2017]	10	0
7gAppWoH7pcYmphCVTXkzs	The Vamps	['boy band', 'pop']	[2017, 2018, 2019]	10	10
6pBDI6JuD02u2ZpynOYhRg	Jalil	['german hip hop']	[2017, 2018, 2020, 2021]	10	10
6VjbeCqoayiHYnefrisskv	Kay One	[]	[2017, 2018, 2019, 2020, 2021]	10	5
2z2TRvloJt4EfUNQp9rHAi	Alonzo	['french hip hop', 'pop urbaine', 'r&b francais', 'rap francais', 'rap marseille']	[2017, 2020, 2021]	10	10
7FNnA9vBm6EKceENgCGRMb	Anitta	['funk pop', 'funk rj', 'pagode baiano', 'pop', 'pop nacional']	[2017, 2018, 2019, 2020, 2021]	10	10
7F2utINZ6tSokSiZTQBE27	Guè	['italian hip hop', 'italian pop']	[2017, 2018, 2019, 2020, 2021]	10	10
1MIVXf74SZHmTIp4V4paH4	Mabel	['pop', 'uk pop']	[2018, 2019, 2020, 2021]	10	3
60glra0QYcARAJr4OeJVNP	blondette	[]	[2021]	10	10
7cOjsQCBOubFpm77Wh7pan	sweet planet	[]	[2021]	10	10
7gOdHgIoIKoe4i9Tta6qdD	Jonas Brothers	['boy band', 'pop']	[2019, 2020, 2021]	10	4
2NpPlwwDVYR5dIj0F31EcC	Leony	[]	[2020, 2021]	10	9
4Bg4oUbN39ECtRSb4xRSFw	Mimiks	['mundart', 'swiss hip hop']	[2019, 2020, 2021]	10	5
4GvEc3ANtPPjt1ZJllr5Zl	Bazzi	['pop']	[2018, 2019, 2020]	10	2
41MozSoPIsD1dJM0CLPjZF	BLACKPINK	['k-pop', 'k-pop girl group', 'pop']	[2018, 2019, 2020]	10	5
4MRRW42s9ymwa5zu4xTKJh	Kaza	['french hip hop', 'pop urbaine', 'r&b francais', 'rap francais']	[2019, 2020]	10	3
5H4yInM5zmHqpKIoMNAx4r	Central Cee	['melodic drill']	[2021, 2022]	9	1
3oo88ul6DPnYZwZG4CZBTY	Butrint Imeri	['albanian pop']	[2018, 2019, 2020, 2021, 2022]	9	4
6Cej574CUx7dHKuRHBPNp0	Elvana Gjata	['albanian pop']	[2019, 2021, 2022]	9	6
0lAWpj5szCSwM4rUMHYmrr	Måneskin	['indie rock italiano', 'italian pop', 'pop']	[2021, 2022]	9	0
3hcs9uc56yIGFCSy9leWe7	Lil Durk	['chicago drill', 'chicago rap', 'drill', 'hip hop', 'rap', 'trap']	[2020, 2021, 2022]	9	9
5dM0ApSI0k1TcOseiik0sY	Jugglerz	['jamaican dancehall']	[2018, 2019, 2020, 2021, 2022]	9	9
1hzfo8twXdOegF3xireCYs	Milky Chance	['german pop', 'modern rock']	[2017, 2019, 2020, 2021, 2022]	9	3
5RaQ9nmVGoTye2SI76x3yw	Kofs	['french hip hop', 'pop urbaine', 'r&b francais', 'rap francais', 'rap marseille']	[2020, 2021, 2022]	9	9
0oeiA5U9u1U45Gos5cywUU	Soso Maness	['french hip hop', 'pop urbaine', 'rap francais', 'rap marseille']	[2020, 2021, 2022]	9	9
6fWVd57NKTalqvmjRd2t8Z	24kGoldn	['cali rap']	[2019, 2020, 2021, 2022]	9	6
329e4yvIujISKGKz1BZZbO	Farruko	['reggaeton', 'trap latino', 'urbano latino']	[2018, 2019, 2020, 2021, 2022]	9	7
4A0TivfinfALCAMJqqjZIk	Funk Wav	[]	[2017, 2018]	9	9
1KbDYbNErlTGfWPENELJgM	Nemo (CH)	['mundart']	[2017, 2018, 2019]	9	0
0A0FS04o6zMoto8OKPsDwY	YG	['cali rap', 'hip hop', 'pop rap', 'rap', 'southern hip hop', 'trap']	[2017, 2018, 2019, 2020]	9	9
7qG3b048QCHVRO5Pv1T5lw	Enrique Iglesias	['dance pop', 'latin pop', 'mexican pop']	[2017, 2018, 2020, 2021]	9	9
3BmGtnKgCSGYIUhmivXKWX	Kelly Clarkson	['dance pop', 'pop', 'talent show']	[2017, 2018, 2019, 2020, 2021]	9	4
4kYGAK2zu9EAomwj3hXkXy	JP Cooper	['uk pop']	[2017, 2018, 2021]	9	3
5KKpBU5eC2tJDzf0wmlRp2	RAYE	['uk contemporary r&b', 'uk pop']	[2017, 2018, 2019, 2020, 2021]	9	9
2wUjUUtkb5lvLKcGKsKqsR	Alessia Cara	['canadian contemporary r&b', 'canadian pop', 'pop']	[2017, 2018, 2019, 2020, 2021]	9	5
0o0PoOOyXcmqcyVz8aSdYu	Moe Phoenix	['german hip hop']	[2017, 2018, 2019, 2020]	9	7
20gsENnposVs2I4rQ5kvrf	Sam Feldt	['edm', 'pop dance', 'tropical house']	[2017, 2019, 2020, 2021]	9	9
25u4wHJWxCA9vO0CzxAbK7	Lukas Graham	['danish pop', 'scandipop']	[2017, 2018, 2019, 2020, 2021]	9	3
65AzRSW0jKSs0WtttEXrOw	ELIF	['frauenrap', 'german hip hop', 'german pop', 'german singer-songwriter']	[2020, 2021]	9	9
4Ga1P7PMIsmqEZqhYZQgDo	Lil Tecca	['melodic rap', 'pluggnb', 'rap']	[2019, 2020, 2021]	9	3
4lR4w01uPOblBqpIAzuCzL	Noah	['german hip hop']	[2018, 2019, 2020, 2021]	9	4
4IVAbR2w4JJNJDDRFP3E83	6LACK	['atl hip hop', 'melodic rap', 'r&b', 'rap', 'trap']	[2018, 2020, 2021]	9	9
4reog9Hn84AuUWvGX5a2Yq	Zed	['cloud rap francais', 'french hip hop', 'pop urbaine', 'rap francais']	[2018, 2020, 2021]	9	9
3pgCLfNbw5ozIfoNsvDU7i	Fedez	['italian adult pop', 'italian pop']	[2018, 2019, 2020, 2021]	9	6
0GM7qgcRCORpGnfcN2tCiB	Tainy	['pop reggaeton', 'reggaeton', 'trap latino', 'urbano latino']	[2019, 2020, 2021]	9	9
7impXYp8gHr8curMVe60gR	Gallo Nero	['german hip hop']	[2019, 2020, 2021]	9	8
6YGhVeajpGcixgdaTfakUL	Capital T	['albanian hip hop', 'albanian pop', 'kosovan pop']	[2018, 2019, 2020, 2021]	9	7
4OtcoXGM3abQUnErfCczaj	Kidda	['albanian pop', 'basshall']	[2019, 2020, 2021]	9	2
5hNRMsMMDlMIvEwu4UvjQO	Sinan-G	['german hip hop']	[2019, 2020, 2021]	9	7
1SxuyHZnLUFyFHGzdGaxZk	Wejdene	['r&b francais']	[2020, 2021]	9	1
6LnJKrtFnTEGdbWQ2riWCL	Ezhel	['turkish hip hop', 'turkish trap']	[2019, 2020, 2021]	9	9
7EEiVZvj6RCEtVX2F2pyxu	Slim Jxmmi	['trap']	[2018]	9	9
16p58qwRDJuScHWUUtv7Tt	Belah	['german hip hop']	[2020, 2021, 2022]	8	2
3nOQJdlPEzFVhTEzxwcGax	Sophie Hunger	['swiss indie', 'swiss rock']	[2020, 2022]	8	8
7rkW85dBwwrJtlHRDkJDAC	NAV	['canadian hip hop', 'canadian trap', 'melodic rap', 'rap', 'toronto rap', 'trap']	[2017, 2018, 2020, 2021, 2022]	8	8
2NjfBq1NflQcKSeiDooVjY	Tones And I	['australian pop']	[2019, 2020, 2021, 2022]	8	0
7EQ0qTo7fWT7DPxmxtSYEc	Bastille	['metropopolis', 'modern rock', 'pop']	[2017, 2018, 2019, 2020, 2021, 2022]	8	2
3Z3aTg9PwJ37e8xeO0aUC9	01099	['german hip hop']	[2021, 2022]	8	8
6C1X5Uh3DPIkC2gaVq00BL	Jala Brat	['balkan hip hop', 'turbo folk']	[2017, 2018, 2019, 2021, 2022]	8	8
4AVFqumd2ogHFlRbKIjp1t	Alesso	['dance pop', 'edm', 'electro house', 'pop', 'pop dance', 'progressive electro house']	[2017, 2018, 2019, 2020, 2021, 2022]	8	6
3eSn9mqkLzdmxzHJ9KDPmC	Ramo	['german hip hop']	[2020, 2021, 2022]	8	7
14CHVeJGrR5xgUGQFV5BVM	Fivio Foreign	['brooklyn drill', 'new york drill', 'trap']	[2020, 2021, 2022]	8	8
6ydoSd3N2mwgwBHtF6K7eX	Calum Scott	['pop']	[2017, 2018, 2019, 2020, 2021, 2022]	8	3
3QSQFmccmX81fWCUSPTS7y	Dean Lewis	['australian pop', 'singer-songwriter pop']	[2017, 2018, 2019, 2020, 2021, 2022]	8	1
6PvvGcCY2XtUcSRld1Wilr	Silk Sonic	['neo soul']	[2021, 2022]	8	8
3TqfPVt0HX8GCzNOOjDcum	Sun Diego	['deep german hip hop', 'german hip hop']	[2018, 2019, 2020, 2021, 2022]	8	5
7J0LWYD28ay7XQBjlWL9jM	Brudi030	['german hip hop']	[2018, 2019, 2020, 2022]	8	8
5rSXSAkZ67PYJSvpUpkOr7	Backstreet Boys	['boy band', 'dance pop', 'pop']	[2017, 2018, 2019, 2020, 2021, 2022]	8	0
4tZwfgrHOc3mvqYlEYSvVi	Daft Punk	['electro', 'filter house', 'rock']	[2017, 2018, 2021, 2022]	8	5
07h4CCFmlXkwx0g4PL5Uuh	Guy2Bezbar	['french hip hop', 'pop urbaine', 'rap francais']	[2021, 2022]	8	8
7jy3rLJdDQY21OgRLCZ9sD	Foo Fighters	['alternative metal', 'alternative rock', 'modern rock', 'permanent wave', 'post-grunge', 'rock']	[2017, 2021]	8	0
6lB8vOoI4DRrrVxXwuV19c	Mike Perry	['pop dance', 'swedish tropical house']	[2017]	8	8
74KM79TiuVKeVCqs8QtB0B	Sabrina Carpenter	['pop']	[2017, 2019, 2021]	8	5
55fhWPvDiMpLnE4ZzNXZyW	Noah Cyrus	['alt z', 'pop']	[2017, 2018, 2019, 2020]	8	5
7guDJrEfX3qb6FEbdPA5qi	Stevie Wonder	['motown', 'soul']	[2017, 2018, 2019, 2020, 2021]	8	0
2DlGxzQSjYe5N6G9nkYghR	Jennifer Lopez	['dance pop', 'pop', 'urban contemporary']	[2017, 2018, 2020, 2021]	8	7
1GDbiv3spRmZ1XdM1jQbT7	NATTI NATASHA	['latin pop', 'rap latina', 'reggaeton', 'urbano latino']	[2017, 2018, 2019, 2020, 2021]	8	8
3NPpFNZtSTHheNBaWC82rB	X Ambassadors	['modern alternative rock', 'modern rock', 'stomp pop']	[2017, 2018, 2021]	8	5
3EW0kQ1skZiK1NHg3Spt9J	Takeoff	['atl hip hop', 'rap', 'trap']	[2017, 2018, 2021]	8	4
0id62QV2SZZfvBn9xpmuCl	Aloe Blacc	['pop soul', 'r&b']	[2017, 2018, 2019, 2020]	8	6
0bdfiayQAKewqEvaU6rXCv	MØ	['danish pop', 'electropop', 'pop', 'pop dance']	[2017, 2019]	8	6
1Mxqyy3pSjf8kZZL4QVxS0	Frank Sinatra	['adult standards', 'easy listening', 'lounge']	[2017, 2018, 2019, 2020, 2021]	8	2
3E6xrwgnVfYCrCs0ePERDz	Wisin	['reggaeton', 'urbano latino']	[2017, 2018, 2021]	8	7
1anyVhU62p31KFi8MEzkbf	Chance the Rapper	['chicago rap', 'conscious hip hop', 'hip hop', 'pop rap', 'rap']	[2017, 2018, 2019, 2020, 2021]	8	8
77AiFEVeAVj2ORpC85QVJs	Steve Aoki	['edm', 'electro house', 'pop dance']	[2017, 2018, 2020, 2021]	8	8
4iHNK0tOyZPYnBU7nGAgpQ	Mariah Carey	['dance pop', 'pop', 'urban contemporary']	[2017, 2018, 2019, 2020, 2021]	8	2
1xr2G8Hlx4QWmT9HaUbmoO	Young Stoner Life	['pop rap']	[2018, 2020, 2021]	8	8
6Rmg5JiRphFMlhkwGNl9Fu	Tom Gregory	['uk pop']	[2020, 2021]	8	1
6tekmZkCK5xHTIwWeqyr0i	Ra'is	['german hip hop']	[2020, 2021]	8	4
3aIp7H1YPzCy4rvdi5Q7ez	Hell Yes	[]	[2020, 2021]	8	8
5zctI4wO9XSKS8XwcnqEHk	Lil Mosey	['melodic rap', 'rap conscient']	[2018, 2019, 2020, 2021]	8	4
4ScCswdRlyA23odg9thgIO	Jess Glynne	['pop', 'uk pop']	[2018, 2019, 2021]	8	3
68LM3gnzfl4W5fkfLIxbQJ	Mois	['german hip hop']	[2019, 2020, 2021]	8	5
6YYPmBy5Ay3RO2w5vIn6Pr	LZ27	[]	[2020, 2021]	8	1
6IZ4ctovY9dl7bgHClAvKJ	LSD	[]	[2018, 2019]	8	8
2kRfqPViCqYdSGhYSM9R0Q	Madison Beer	['pop']	[2018, 2019, 2020]	8	6
3WVZUwlM5Xhdbm280BDxpP	Sadri	[]	[2020]	8	0
2ysnwxxNtSgbb9t1m2Ur4j	George Ezra	['folk-pop', 'neo-singer-songwriter']	[2017, 2018, 2019, 2020, 2021, 2022]	7	0
5H6xmHXjsq98NLbEjuE29f	NEIKED	['scandipop']	[2017, 2021, 2022]	7	7
5jYPpt8OQR5IRc2w4RFEJj	Bass Sultan Hengzt	['german hip hop']	[2019, 2020, 2021, 2022]	7	7
6DPYiyq5kWVQS4RGwxzPC7	Dr. Dre	['g funk', 'gangster rap', 'hip hop', 'rap', 'west coast rap']	[2017, 2018, 2020, 2021, 2022]	7	7
6MPCFvOQv5cIGfw3jODMF0	Internet Money	['pop rap']	[2020, 2021, 2022]	7	7
60pVmLS5zlt31OWk340O3U	MAJAN	['german hip hop']	[2019, 2020, 2021, 2022]	7	7
2WmxTCUVOyGsqn4GA7VxuC	Gustav	[]	[2021, 2022]	7	7
5ZY4M2aGiTaZQEP6HfqeJc	Montez	['german hip hop', 'german pop']	[2020, 2021, 2022]	7	6
3fMbdgg4jU18AjLCKBhRSm	Michael Jackson	['r&b', 'soul']	[2017, 2018, 2019, 2020, 2021, 2022]	7	2
3DiDSECUqqY1AuBP8qtaIa	Alicia Keys	['neo soul', 'pop', 'r&b']	[2017, 2018, 2020, 2022]	7	5
2iReGc3ItZlbaaSWymMJve	Manuellsen	['german drill', 'german hip hop']	[2019, 2020, 2021, 2022]	7	6
0lFLP59V4TY3XgnrkFIwxK	Katja Krasavice	['frauenrap', 'german pop', 'german viral rap']	[2017, 2018, 2020, 2021, 2022]	7	6
12Chz98pHFMPJEknJQMWvI	Muse	['modern rock', 'permanent wave', 'rock']	[2017, 2018, 2022]	7	0
2WBJQGf1bT1kxuoqziH5g4	Purple Disco Machine	['deep house', 'house']	[2017, 2020, 2021, 2022]	7	7
1VmIfQToGVtxmv2w3QtyVY	Symba	['german alternative rap', 'german hip hop']	[2020, 2021, 2022]	7	0
5KNNVgR6LBIABRIomyCwKJ	Dermot Kennedy	['folk-pop', 'irish pop', 'uk pop']	[2019, 2020, 2021, 2022]	7	1
14zUHaJZo1mnYtn6IBRaRP	Justin Quiles	['reggaeton', 'trap latino', 'urbano latino']	[2018, 2020, 2021, 2022]	7	7
4u5smJBskI6Adzv08PuiUP	Kiiara	['alt z', 'electropop']	[2017, 2018, 2021]	7	5
1okJ4NC308qbtY9LyHn6DO	BloodPop®	['electropop']	[2017, 2018]	7	7
03bmDyr8klGV17DKQnPZVA	Joshi Mizu	['german hip hop']	[2017, 2018, 2019, 2020]	7	7
5lwmRuXgjX8xIwlnauTZIP	Romeo Santos	['bachata', 'latin hip hop', 'latin pop', 'urbano latino']	[2017, 2018, 2019, 2021]	7	7
1CoZyIx7UvdxT5c8UkMzHd	Jorja Smith	['r&b', 'uk contemporary r&b']	[2017, 2018, 2019, 2020]	7	4
7hOGhpa8RMSuDOWntGIAJt	A R I Z O N A	['electropop', 'indie poptimism']	[2017, 2018, 2019]	7	4
2HdP7fpDiLWAvElYGg75gd	Hanybal	['german hip hop']	[2017, 2018, 2019, 2020]	7	6
3egWSWp7Y4FyCKIyvXbw7L	Ghali	['italian hip hop', 'italian pop', 'milan indie']	[2017, 2018, 2019, 2020]	7	5
2EMAnMvWE2eb56ToJVfCWs	Bryson Tiller	['kentucky hip hop', 'r&b', 'rap']	[2017, 2018, 2019, 2020]	7	4
5tlNJfV9UIpgnbWmvUEFu7	Gentleman	['cologne hip hop', 'german hip hop', 'german reggae', 'reggae fusion']	[2017, 2018, 2020, 2021]	7	7
3WGpXCj9YhhfX11TToZcXP	Troye Sivan	['australian pop', 'pop', 'viral pop']	[2017, 2018, 2019, 2020, 2021]	7	5
791x09Ix1mNc1hGhbD7IOW	Le classico organisé	[]	[2021]	7	7
10fua9lLREs5JISPcCyyJn	LCone	['swiss hip hop']	[2019, 2020, 2021]	7	3
7MzHPIXAqIOCnvK0sVY72W	Helene Fischer	['schlager']	[2020, 2021]	7	2
2eh8cEKZk4VeruUrGq748D	Rim'K	['arabic hip hop', 'french hip hop', 'pop urbaine', 'rap algerien', 'rap francais']	[2018, 2019, 2020, 2021]	7	7
7kyIBL1EYouLqC8vw7IOui	L'Algérino	['french hip hop', 'pop urbaine', 'rap algerien', 'rap marseille']	[2018, 2020, 2021]	7	6
2hH16roqnQFy0PdSmgZRSJ	Ali471	['german hip hop']	[2020, 2021]	7	2
4LwRgSkj7AJJTKLnEaHjMv	Lucio101	['german alternative rap', 'german drill', 'german hip hop']	[2021]	7	7
2GAs9c2EgdZRVUyokP1Nys	Gjiko	['albanian hip hop', 'albanian pop']	[2018, 2019, 2020, 2021]	7	7
6cNWiizYLCClZdnIvqU968	AriBeatz	[]	[2018, 2019, 2021]	7	7
6C1ohJrd5VydigQtaGy5Wa	Joyner Lucas	['boston hip hop', 'hip hop', 'pop rap', 'rap']	[2018, 2019, 2020, 2021]	7	5
69u5rPwWBKP7pJHpCGB9O5	MoTrip	['german alternative rap', 'german hip hop', 'german pop']	[2018, 2019, 2020, 2021]	7	5
20sxb77xiYeusSH8cVdatc	Meek Mill	['hip hop', 'philly rap', 'pop rap', 'rap', 'southern hip hop', 'trap']	[2018, 2019, 2020, 2021]	7	7
56oDRnqbIiwx4mymNEv7dS	Lizzo	['escape room', 'minnesota hip hop', 'pop', 'trap queen']	[2019, 2020, 2021]	7	3
2hPgGN4uhvXAxiXQBIXOmE	KIDS SEE GHOSTS	['rap']	[2018]	7	4
1q4LHoD7IzquqGQR4YZRQr	Bligg	['mundart', 'swiss hip hop']	[2018, 2020]	7	3
3b5bg1k6N9u31OtzSfK2dP	Dosseh	['french hip hop', 'pop urbaine', 'rap francais']	[2018, 2019, 2020]	7	4
6NG0bF3tpQuQOixbzFPLIv	Lil Lano	['german hip hop']	[2018, 2019, 2020]	7	4
1lB3I3SI30v2ZOpR4XQqzJ	Gambi	['french hip hop', 'pop urbaine', 'rap francais']	[2019, 2020]	7	2
6tLCNTqQll91cBwz6SSMYn	Dino Brandāo	['swiss indie']	[2020]	7	7
2CUPr4fCTAQnN4RrozB1CE	Dzhavat	[]	[2020]	7	0
5he5w2lnU9x7JFhnwcekXX	Skrillex	['brostep', 'complextro', 'edm', 'electro', 'pop dance']	[2017, 2018, 2019, 2020, 2021, 2022]	6	6
5iot8OPcosJN9nCl7I5SdK	Irama	['italian adult pop', 'italian pop']	[2019, 2020, 2021, 2022]	6	0
45dkTj5sMRSjrmBSBeiHym	Tate McRae	['alt z', 'pop']	[2020, 2021, 2022]	6	2
5QZJttrSLq4WJL9Vb1MgFq	O.G.	['german hip hop']	[2020, 2021, 2022]	6	3
19i93sA0D7yS9dYoVNBqAA	thasup	['italian hip hop', 'italian pop', 'trap italiana']	[2019, 2021, 2022]	6	2
3tTvSeZiFDP3CY5EdPGcR4	ASHE 22	['drill francais', 'french hip hop', 'pop urbaine', 'rap francais', 'rap lyonnais']	[2020, 2022]	6	6
6ASri4ePR7RlsvIQgWPJpS	iann dior	['melodic rap']	[2020, 2021, 2022]	6	6
26dSoYclwsYLMAKD3tpOr4	Britney Spears	['dance pop', 'pop']	[2017, 2018, 2019, 2020, 2021, 2022]	6	0
3q7HBObVc0L8jNeTe5Gofh	50 Cent	['east coast hip hop', 'gangster rap', 'hip hop', 'pop rap', 'queens hip hop', 'rap']	[2018, 2019, 2020, 2021, 2022]	6	5
1bpI6QDUqmfKmV0Tlhj0Jm	Pajel	['german hip hop']	[2021, 2022]	6	3
0jnsk9HBra6NMjO2oANoPY	Flo Rida	['dance pop', 'miami hip hop', 'pop', 'pop rap']	[2017, 2018, 2020, 2021, 2022]	6	5
048LktY5zMnakWq7PTtFrz	CKay	['afro r&b', 'afrobeats']	[2021, 2022]	6	4
1uU7g3DNSbsu0QjSEqZtEd	Masked Wolf	['australian hip hop']	[2020, 2021, 2022]	6	0
1l7ZsJRRS8wlW3WfJfPfNS	Christina Aguilera	['dance pop', 'pop']	[2017, 2018, 2019, 2020, 2021, 2022]	6	4
2h93pZq0e7k5yf4dywlkpM	Frank Ocean	['lgbtq+ hip hop', 'neo soul']	[2017, 2018, 2022]	6	3
6DgP9otnZw5z6daOntINxp	Joel Corry	['dance pop', 'pop dance', 'uk dance']	[2020, 2021, 2022]	6	5
4P3RXClUWZnQAO6BfrEQXb	ART	['german hip hop']	[2021, 2022]	6	2
0TnOYISbd1XYRBk9myaseg	Pitbull	['dance pop', 'miami hip hop', 'pop']	[2017, 2018, 2020, 2021, 2022]	6	6
3ekwV8Mt8DgZvmuK2futxG	Buba Corelli	['turbo folk']	[2017, 2018, 2019, 2021, 2022]	6	6
4Jd9XCHzRXTB7ZPPVzJoUm	Milano	['german hip hop']	[2020, 2021, 2022]	6	2
25uiPmTg16RbhZWAqwLBy5	Charli XCX	['art pop', 'candy pop', 'metropopolis', 'pop', 'uk pop']	[2017, 2018, 2021, 2022]	6	4
6cK3NBO6uP7hh0oyuVELFl	Saweetie	['cali rap', 'trap queen']	[2018, 2020, 2021, 2022]	6	6
7ja62ZARrm20k4Sowt0ab8	Silva	['german hip hop']	[2020, 2022]	6	6
0xRXCcSX89eobfrshSVdyu	MEDUZA	['pop dance', 'pop house', 'uk dance']	[2019, 2020, 2021, 2022]	6	6
72y6W9pGy97xTM44dwy3F6	BILLA JOE	[]	[2021, 2022]	6	6
0NGAZxHanS9e0iNHpR8f2W	Alok	['electro house', 'pop nacional', 'sertanejo universitario', 'slap house']	[2017, 2019, 2020, 2021, 2022]	6	6
1MRiIeZbc0cRuxOafDUCtH	BLANCO	['italian hip hop', 'italian pop']	[2021, 2022]	6	3
4D75GcNG95ebPtNvoNVXhz	AFROJACK	['big room', 'dance pop', 'dutch house', 'edm', 'electro house', 'pop dance', 'progressive electro house']	[2017, 2018, 2021, 2022]	6	6
2IoSLl3tqYMq9DzR0d6NJN	Elams	['french hip hop', 'pop urbaine', 'rap francais', 'rap marseille']	[2020, 2021, 2022]	6	6
7FXX45sHqoQoCwqtG0ZV8H	Solda	[]	[2020, 2021, 2022]	6	6
20qISvAhX20dpIbOOzGK3q	Nas	['conscious hip hop', 'east coast hip hop', 'gangster rap', 'hardcore hip hop', 'hip hop', 'queens hip hop', 'rap']	[2017, 2018, 2020, 2021]	6	6
2HALYSe657tNJ1iKVXP2xA	Johnny Hallyday	['chanson', 'french pop', 'ye ye']	[2017]	6	0
4f9iBmdUOhQWeP7dcAn1pf	Rag'n'Bone Man	['neo soul']	[2017, 2018, 2019, 2020, 2021]	6	4
5dHt1vcEm9qb8fCyLcB3HL	A$AP Ferg	['hip hop', 'pop rap', 'rap', 'southern hip hop', 'trap']	[2017, 2018, 2019, 2020]	6	4
4utLUGcTvOJFr6aqIJtYWV	Skylar Grey	['piano rock', 'viral pop']	[2017, 2018, 2020, 2021]	6	6
4NHQUGzhtTLFvgF5SZesLK	Tove Lo	['metropopolis', 'pop', 'swedish electropop', 'swedish pop', 'swedish synthpop']	[2017, 2018, 2021]	6	5
2fVW2ix4ANKiofDZIsy1XR	Vargas & Lagola	['swedish pop']	[2017, 2019]	6	6
6PXS4YHDkKvl1wkIl4V8DL	Fetty Wap	['new jersey rap', 'pop rap', 'rap', 'southern hip hop', 'trap']	[2017, 2018]	6	6
4YXycRbyyAE0wozTk7QMEq	Matoma	['pop dance', 'tropical house']	[2017, 2018]	6	6
7nwUJBm0HE4ZxD3f5cy5ok	Aretha Franklin	['classic soul', 'jazz blues', 'memphis soul', 'soul', 'southern soul', 'vocal jazz']	[2017, 2018, 2019]	6	0
391oLRVmoTkumiN79HkTWu	Darlene Love	[]	[2017, 2018, 2019, 2020, 2021]	6	0
3Vnl7pKDxagUgRJ3NMtEcE	Soufian	['german hip hop']	[2017, 2018, 2019, 2021]	6	6
21WS9wngs9AqFckK7yYJPM	PnB Rock	['melodic rap', 'rap', 'trap']	[2017, 2018, 2019]	6	6
2iE18Oxc8YSumAU232n4rW	The Jackson 5	['motown', 'soul']	[2017, 2018, 2019, 2020, 2021]	6	0
1IueXOQyABrMOprrzwQJWN	Sigala	['dance pop', 'edm', 'pop dance', 'uk dance', 'uk pop']	[2017, 2018, 2020, 2021]	6	6
0z4gvV4rjIZ9wHck67ucSV	Akon	['dance pop']	[2017, 2018, 2020, 2021]	6	6
6c0mTNAxJxlp9HpKTUZwA8	ALMA	[]	[2017, 2018]	6	5
6JL8zeS1NmiOftqZTRgdTz	Meghan Trainor	['hip pop', 'pop']	[2017, 2018, 2019, 2020, 2021]	6	2
4EzkuveR9pLvDVFNx6foYD	James Bay	['neo mellow', 'pop', 'uk pop']	[2017, 2018, 2019, 2021]	6	2
1bj5GrcLom5gZFF5t949Xl	Martin Solveig	['disco house', 'edm', 'electro house', 'filter house', 'house', 'pop dance', 'vocal house']	[2017, 2019]	6	6
3hv9jJF3adDNsBSIQDqcjp	Mark Ronson	['pop soul']	[2017, 2018, 2019]	6	6
4CD6drviDJ8wccEAZuc9y4	Scorpion Gang	[]	[2021]	6	6
5QuZ9HdvnXcX8kEG782Phv	Le Rat Luciano	['french hip hop', 'old school rap francais', 'rap marseille']	[2020, 2021]	6	6
1kiq2kUV0cbLUhJsr7cpW0	Alida	['norwegian pop']	[2020, 2021]	6	6
6mzs66iVW15C5iLt0JLt41	ILIRA	['albanian pop']	[2019, 2020, 2021]	6	6
2LRoIwlKmHjgvigdNGBHNo	Feid	['colombian pop', 'pop reggaeton', 'reggaeton colombiano', 'trap latino', 'urbano latino']	[2019, 2020, 2021]	6	6
4rTv3Ejc7hKMtmoBOK1B4T	Ali Gatie	['canadian hip hop']	[2019, 2020, 2021]	6	1
6012kczHExxqLw3N9xnEZ4	Alies	[]	[2020, 2021]	6	6
2mZtGqvo4nxumx0FYQR4mQ	Z	['german hip hop']	[2020, 2021]	6	6
6pWcSL9wSJZQ9ne0TnhdWr	K-391	['nordic house']	[2018, 2019, 2020, 2021]	6	6
0dK1wy5v9DDEnhndvlX8Il	HK	[]	[2019, 2020, 2021]	6	6
3hBQ4zniNdQf1cqqo6hzuW	Salmo	['italian hip hop', 'italian pop', 'italian underground hip hop', 'rap sardegna']	[2018, 2019, 2020, 2021]	6	5
5gCRApTajqwbnHHPbr2Fpi	Juicy J	['crunk', 'memphis hip hop', 'pop rap', 'rap', 'southern hip hop', 'trap']	[2018, 2019, 2021]	6	6
5ZYOlPpI9FZu2uIPkTB0UA	CÉLINE	['frauenrap', 'german hip hop', 'german pop']	[2020, 2021]	6	1
4hK7sEnm0se5bqoI3Yb5o1	SANTOS	[]	[2019, 2020, 2021]	6	6
7H3TyvM3dpW78cru0Oaui9	YONII	['german hip hop']	[2018, 2019, 2020]	6	4
6SGVQ8bD0Hab6BItkqWVuJ	JURI	['deep german hip hop', 'german drill', 'german hip hop']	[2018, 2020]	6	5
3vQ0GE3mI0dAaxIMYe5g7z	Paulo Londra	['argentine hip hop', 'trap argentino', 'trap latino', 'urbano latino']	[2018, 2019]	6	2
0JOxt5QOwq0czoJxvSc5hS	GASHI	[]	[2018, 2019, 2020]	6	6
7Ln80lUS6He07XvHI8qqHH	Arctic Monkeys	['garage rock', 'modern rock', 'permanent wave', 'rock', 'sheffield indie']	[2018]	6	0
6AZfDB8isLU2sHkSm3sRhX	Milonair	['german hip hop', 'hamburg hip hop']	[2019, 2020]	6	6
5D9gbPVm2Y7DcPbqG0ueS9	Sero El Mero	['german hip hop']	[2019, 2020]	6	0
0UTkv1GEUZSPIVZwMFGtf3	GENT	['german hip hop']	[2019, 2020]	6	5
0cbL6CYnRqpAxf1evwUVQD	Die Ärzte	['german alternative rock', 'german pop', 'german punk', 'german rock']	[2020]	6	0
5dxfmJmyEitPNHzkpf79sg	Bitten Of Pit	[]	[2020]	6	0
1G7TGDJ01So6i6XNirnVS7	Takt32	['german hip hop']	[2020, 2021, 2022]	5	5
4eYnorQRhVHT2KBl2UyHHd	Vegedream	['french hip hop', 'pop urbaine', 'r&b francais']	[2018, 2019, 2021, 2022]	5	3
4exLIFE8sISLr28sqG1qNX	Travis Barker	['rap rock']	[2018, 2019, 2022]	5	5
5pXe6yFchq1oyYK3rq2A8i	KIDDO	['scandipop']	[2020, 2021, 2022]	5	5
5ENS85nZShljwNgg4wFD7D	Gabry Ponte	['eurodance', 'italo dance', 'slap house']	[2019, 2020, 2021, 2022]	5	5
1fctva4kpRbg2k3v7kwRuS	Rvssian	['reggaeton', 'trap latino', 'urbano latino']	[2018, 2019, 2020, 2021, 2022]	5	5
0H39MdGGX6dbnnQPt6NQkZ	SAINt JHN	['melodic rap', 'slap house']	[2019, 2020, 2021, 2022]	5	5
1Ffb6ejR6Fe5IamqA5oRUF	Bring Me The Horizon	['melodic metalcore', 'metalcore', 'modern rock', 'pop punk', 'rock', 'uk metalcore']	[2020, 2021, 2022]	5	1
4AKwRarlmsUlLjIwt38NLw	Ofenbach	['pop dance']	[2017, 2018, 2020, 2021, 2022]	5	4
6nVcHLIgY5pE2YCl8ubca1	Jhayco	['reggaeton', 'trap latino', 'urbano latino']	[2019, 2020, 2021, 2022]	5	5
03d2mJXSMtuPI0nIvLnhoS	Zoe Wees	['german pop']	[2020, 2021, 2022]	5	2
0NbfKEOTQCcwd6o7wSDOHI	The Game	['gangster rap', 'hip hop', 'pop rap', 'rap', 'southern hip hop', 'trap']	[2018, 2019, 2020, 2022]	5	5
5SHxzwjek1Pipl1Yk11UHv	Tom Grennan	['uk pop']	[2018, 2021, 2022]	5	2
2jnIB6XdLvnJUeNTy5A0J2	Why Don't We	['boy band', 'pop']	[2018, 2019, 2020, 2022]	5	2
6zrOXBaNn0DqJeXxgC2eyH	Houari	['pop urbaine']	[2020, 2021, 2022]	5	5
1moxjboGR7GNWYIMWsRjgG	Florence + The Machine	['baroque pop', 'modern rock', 'neo mellow', 'uk alternative pop']	[2018, 2019, 2022]	5	0
6XpaIBNiVzIetEPCWDvAFP	Whitney Houston	['dance pop']	[2017, 2018, 2019, 2020, 2021, 2022]	5	2
5RgzUZORebl59TcvCRZsD2	Zachi	[]	[2021, 2022]	5	5
0ONHkAv9pCAFxb0zJwDNTy	Pusha T	['gangster rap', 'hip hop', 'rap', 'southern hip hop', 'trap', 'virginia hip hop']	[2017, 2018, 2021]	5	5
5JYo7gm2dkyLLlWHjxS7Dy	Sandro Cavazza	['swedish pop']	[2017, 2018, 2019, 2020]	5	5
4vhNDa5ycK0ST968ek7kRr	Carlos Vives	['colombian pop', 'latin pop', 'vallenato']	[2017]	5	5
1xKrH6GSh9CJh8nYwbqW7B	Welshly Arms	['modern alternative rock', 'modern hard rock']	[2017, 2018]	5	0
5fyDppLDl1juIu1BcUT5zh	Digital Farm Animals	['uk dance']	[2017, 2018, 2021]	5	5
25tMQOrIU4LlUo6Sv8v5SE	Gavin James	['irish pop']	[2017, 2018, 2019]	5	3
7yO4IdJjCEPz7YgZMe25iS	A$AP Mob	['hip hop', 'rap', 'southern hip hop', 'trap']	[2017]	5	5
07YUOmWljBTXwIseAUd9TW	Sebastian Yatra	['colombian pop', 'latin pop', 'reggaeton', 'reggaeton colombiano', 'urbano latino']	[2017, 2019, 2021]	5	5
73jBynjsVtofjRpdpRAJGk	Dimitri Vegas & Like Mike	['belgian dance', 'belgian edm', 'big room', 'dutch house', 'edm', 'electro house', 'pop dance', 'progressive electro house']	[2017, 2018, 2019, 2020, 2021]	5	5
7v4imS0moSyGdXyLgVTIV7	Nat King Cole	['adult standards', 'lounge', 'soul', 'swing', 'vocal jazz']	[2017, 2018, 2019, 2020, 2021]	5	0
2U3FuHYvL3vhkbDAXm24Ep	Dan Caplen	['neo soul', 'uk contemporary r&b']	[2017, 2018, 2019, 2020, 2021]	5	5
5iNrZmtVMtYev5M9yoWpEq	Seeb	['pop dance']	[2017, 2018]	5	5
45eNHdiiabvmbp4erw26rg	ILLENIUM	['edm', 'melodic dubstep', 'pop dance']	[2017, 2019, 2020]	5	5
4ryoUS0W8qXokfMxrlJt6O	Skip Marley	['modern reggae']	[2017, 2019]	5	4
2P5sC9cVZDToPxyomzF1UH	Joey Bada$$	['conscious hip hop', 'hip hop', 'rap']	[2017, 2018]	5	3
4WN5naL3ofxrVBgFpguzKo	Rudimental	['pop dance', 'uk dance', 'uk funky']	[2017, 2018, 2019, 2021]	5	5
7z2avKuuiMAT4XZJFv8Rvh	Tom Walker	['indie anthem-folk', 'uk pop']	[2017, 2018, 2019]	5	1
3b8QkneNDz4JHKKKlLgYZg	Florida Georgia Line	['contemporary country', 'country', 'country pop', 'country road', 'modern country rock']	[2017, 2018]	5	5
5PlfkPxwCpRRWQJBxCa0By	HUGEL	['deep house']	[2017, 2018, 2019]	5	5
0hEurMDQu99nJRq8pTxO14	John Mayer	['neo mellow', 'singer-songwriter']	[2017, 2018, 2019, 2021]	5	1
1oKdM70mJD8VvDOTKeS8t1	Emily Warren	['alt z', 'nyc pop']	[2017, 2018]	5	5
73sIBHcqh3Z3NyqHKZ7FOL	Childish Gambino	['atl hip hop', 'hip hop', 'rap']	[2017, 2018, 2019, 2020]	5	1
4RSyJzf7ef6Iu2rnLdabNq	Willy William	[]	[2017, 2018, 2019, 2021]	5	5
4xnihxcoXWK3UqryOSnbw5	Sasha Alex Sloan	['alt z']	[2017, 2018, 2020, 2021]	5	5
1LZEQNv7sE11VDY3SdxQeN	Bee Gees	['disco', 'mellow gold', 'soft rock']	[2017, 2018, 2019, 2020]	5	0
5V0MlUE1Bft0mbLlND7FJz	Ella Fitzgerald	['adult standards', 'jazz', 'jazz blues', 'soul', 'swing', 'vocal jazz']	[2017, 2018, 2019, 2020, 2021]	5	0
5jAMCwdNHWr7JThxtMuEyy	NOTD	['electropop', 'pop dance', 'pop edm']	[2017, 2018, 2019]	5	5
7CyeXFnOrfC1N6z4naIpgo	The Ronettes	['brill building pop', 'classic girl group', 'motown', 'rock-and-roll']	[2017, 2018, 2019, 2020, 2021]	5	0
3PP4drc6wQuyKstnJfXpu1	JAZN	['german hip hop']	[2017, 2018, 2019, 2020, 2021]	5	4
3HphLd0XiELTvIPYf55dYC	Dance Fruits Music	['lo-fi product']	[2020, 2021]	5	5
0qSX3s5pJnAlSsgsCne8Cz	Brett Eldredge	['contemporary country', 'country', 'country road', 'modern country rock']	[2018, 2019, 2020, 2021]	5	3
5Pmsa0FeoMFWsjhpo2bIAK	JIGGO	['german hip hop']	[2020, 2021]	5	4
1HwM5zlC5qNWhJtM00yXzG	DMX	['east coast hip hop', 'gangster rap', 'hardcore hip hop', 'hip hop', 'rap']	[2021]	5	0
70gP6Ry4Uo0Yx6uzPIdaiJ	Bas	['queens hip hop', 'rap', 'sudanese hip hop', 'sudanese pop', 'underground hip hop']	[2018, 2021]	5	5
4SZSRsSh4xJx9o5V1uDE1o	Ahmad Amin	[]	[2020, 2021]	5	4
2t1vHqFELDwweQWM6JYxHG	Kelvin Jones	['uk pop']	[2018, 2020, 2021]	5	5
5hdhHgpxyniooUiQVaPxQ0	Nio Garcia	['reggaeton', 'trap latino', 'urbano latino']	[2018, 2019, 2020, 2021]	5	5
2RJBv9wXbW6m539q9NOfW1	Soprano	['french hip hop', 'french pop', 'rap marseille']	[2018, 2020, 2021]	5	5
4Xz5sxFWivrXWQlDlO25is	Jumpa	[]	[2019, 2021]	5	5
3gkbRDj7pkIylWVBpRfrQf	Nura	['frauenrap', 'german hip hop']	[2018, 2019, 2021]	5	4
7wlFDEWiM5OoIAt8RSli8b	YoungBoy Never Broke Again	['baton rouge rap', 'rap']	[2019, 2020, 2021]	5	5
2p1fiYHYiXz9qi0JJyxBzN	Skepta	['birmingham grime', 'grime', 'instrumental grime', 'uk hip hop']	[2018, 2019, 2020, 2021]	5	5
56mfhUDKa1vec6rSLZV5Eg	Jawsh 685	['nz pop']	[2020, 2021]	5	3
57LYzLEk2LcFghVwuWbcuS	Summer Walker	['r&b']	[2019, 2020, 2021]	5	5
2kE8IGeVPqfCUkVoKyCotA	Nessi	['german pop']	[2019, 2020, 2021]	5	5
1TtXnWcUs0FCkaZDPGYHdf	Darell	['latin hip hop', 'reggaeton', 'trap latino', 'urbano latino']	[2018, 2019]	5	5
1cZQSpDsxgKIX2yW5OR9Ot	Lennon Stella	['alt z', 'canadian pop', 'uk pop']	[2018, 2019, 2020]	5	5
4TAoP0f9OuWZUesao43xUW	Mr Eazi	['afrobeats', 'afropop', 'azontobeats', 'ghanaian hip hop', 'nigerian pop', 'swedish dancehall']	[2018, 2019, 2020]	5	5
2cWZOOzeOm4WmBJRnD5R7I	Normani	['pop', 'r&b']	[2018, 2019]	5	4
7Io0XduXk7aOHFHA7sLru2	Bonn	['swedish pop']	[2018, 2019]	5	5
2rqzYXNGJX0xrRsdjP9Sgv	ExoDeep	[]	[2020]	5	0
1Q9oUe0kcToMGnBLqPIG8b	Kordz	[]	[2020]	5	0
36caCzfSrrL7a8Mvd1SuRr	Chapo102	['german hip hop']	[2020]	5	5
7A8S43ryYdbWpJKeHRZRcq	JACKBOYS	['pop rap']	[2019, 2020]	5	4
1cNDP5yjU5vjeR8qMf4grg	YNW Melly	['melodic rap', 'rap']	[2019, 2020]	5	3
3Fl1V19tmjt57oBdxXKAjJ	Blueface	['cali rap', 'rap']	[2019, 2020]	5	4
0Mh0QuhaJ6WIW0qrJwzMmt	BRADO	[]	[2019]	5	4
6nKWjBeNisMh5O1IHL8qcb	Frank White	['german alternative rap']	[2021, 2022]	4	4
0cMsSWXCY2Wag16luxN6fL	Jazzy Bazz	['french hip hop']	[2022]	4	4
5Wg2b4Mp42gicxEeDNawf7	A7S	['pop dance', 'scandipop', 'uk dance']	[2020, 2021, 2022]	4	4
7Dx5lvBjcVJqVVrzh12BaQ	Stiller Has	['mundart']	[2022]	4	0
3KV3p5EY4AvKxOlhGHORLg	Jeremih	['chicago rap', 'pop rap', 'r&b', 'southern hip hop', 'trap', 'urban contemporary']	[2017, 2022]	4	4
0L8ExT028jH3ddEcZwqJJ5	Red Hot Chili Peppers	['alternative rock', 'funk metal', 'funk rock', 'permanent wave', 'rock']	[2017, 2018, 2022]	4	0
2K5nCggbhSZ00YCYP5qkZS	Shiva	['italian hip hop', 'italian pop', 'trap italiana']	[2019, 2020, 2022]	4	3
7kFoHyLeI8IWSoKZ8uIeY1	Suikon Blaz AD	[]	[2018, 2019, 2022]	4	4
0xECfhlRzRRIIe2Co5HX6n	Squeezie	['chanson virale']	[2019, 2021, 2022]	4	4
4fxd5Ee7UefO4CUXgwJ7IP	Giveon	['r&b']	[2020, 2021, 2022]	4	3
3FoFW2AoUGRHBacC6i4x4p	Russ Millions	['melodic drill', 'uk drill']	[2021, 2022]	4	4
3Z02hBLubJxuFJfhacLSDc	Bryan Adams	['canadian pop', 'canadian singer-songwriter', 'classic canadian rock', 'heartland rock', 'mellow gold', 'soft rock']	[2017, 2018, 2019, 2020, 2021, 2022]	4	0
7m0BsF0t3K9WQFgKoPejfk	ArrDee	['uk hip hop']	[2021, 2022]	4	2
1Ld3ajH4r4DZd5Ey4zLk5X	Majk	['albanian hip hop', 'albanian pop']	[2018, 2021, 2022]	4	4
5lU3mLIonARnLpRtp5f77M	DJ Gimi-O	['albanian pop', 'tallava']	[2021, 2022]	4	4
2FXC3k01G6Gw61bmprjgqS	Hozier	['irish singer-songwriter', 'modern rock', 'pop', 'pov: indie']	[2017, 2018, 2021, 2022]	4	1
4az97MtWmBQ5Db3GfDh9j9	Morad	['drill espanol', 'urbano espanol']	[2021, 2022]	4	4
7oIvDwKGV2SuH4HJl0CKPp	Dante YN	['german hip hop']	[2021, 2022]	4	0
6sCbFbEjbYepqswM1vWjjs	Zendaya	['pop', 'post-teen pop']	[2018, 2022]	4	4
47mIJdHORyRerp4os813jD	League of Legends	['speedrun', 'video game music']	[2018, 2020, 2021, 2022]	4	4
0gadJ2b9A4SKsB1RFkBb66	Passenger	['folk-pop', 'neo mellow']	[2017, 2018, 2019, 2020, 2021, 2022]	4	0
38KSpOSYnwQX9zcOcVKdym	Frauenarzt	[]	[2021, 2022]	4	4
3EOEK57CV77D4ovYVcmiyt	Dennis Lloyd	['israeli pop']	[2018, 2019, 2020, 2021, 2022]	4	1
6Ql5ZUhTCAn62skkbRJWCq	DJ JEEZY	[]	[2021, 2022]	4	4
7keGfmQR4X5w0two1xKZ7d	Kungs	['edm', 'pop dance']	[2017, 2021, 2022]	4	3
5iJuniDT0LFzXnMoLI1YFV	Seyed	['deep german hip hop', 'german hip hop']	[2020, 2021, 2022]	4	4
23zg3TcAtWQy7J6upgbUnj	Usher	['atl hip hop', 'contemporary r&b', 'dance pop', 'pop', 'r&b', 'rap', 'south carolina hip hop', 'urban contemporary']	[2018, 2019, 2020, 2021, 2022]	4	4
5U05AU34EcZ8pfohg2dicI	UZI	['french hip hop', 'pop urbaine', 'rap francais']	[2020, 2021, 2022]	4	3
4QQgXkCYTt3BlENzhyNETg	Earth, Wind & Fire	['disco', 'funk', 'jazz funk', 'soul']	[2017, 2018, 2019, 2020, 2021, 2022]	4	1
5slpk6nu2IwwKx0EHe3GcL	Lena	['german pop', 'indie viet']	[2019, 2020, 2022]	4	3
06nvjg4wBANK6DCHjqtPNd	Mahmood	['italian adult pop', 'italian pop']	[2019, 2022]	4	2
3hteYQFiMFbJY7wS0xDymP	Gesaffelstein	['dark clubbing']	[2018, 2019, 2021, 2022]	4	4
6Ip8FS7vWT1uKkJSweANQK	Dave	['uk hip hop']	[2019, 2020, 2021, 2022]	4	3
4unaJKYfY4B51exXVQSilo	TOPIC42	[]	[2020, 2021, 2022]	4	4
6Ha4aES39QiVjR0L2lwuwq	Yo Gotti	['dirty south rap', 'gangster rap', 'memphis hip hop', 'rap', 'southern hip hop', 'tennessee hip hop', 'trap']	[2017, 2018, 2020]	4	4
00TKPo9MxwZ0j4ooveIxWZ	Loote	['alt z', 'nyc pop']	[2017, 2018, 2019]	4	3
0cmWgDlu9CwTgxPhf403hb	Bonobo	['downtempo', 'electronica', 'indietronica', 'instrumental hip hop', 'jazztronica', 'nu jazz', 'trip hop']	[2017]	4	2
7KMqksf0UMdyA0UCf4R3ux	James Blunt	['neo mellow', 'pop rock']	[2017, 2018]	4	3
1uLYUm2A6kpFYAECfAFoH1	A$AP NAST	['harlem hip hop']	[2017]	4	4
4Ui2kfOqGujY81UcPrb5KE	HAIM	['indietronica', 'metropopolis']	[2017, 2020]	4	3
3J0BpFVUc9LeOIVeN5uNhU	Lauren Jauregui	['r&b']	[2017]	4	4
4cPHsZM98sKzmV26wlwD2W	Brenda Lee	['adult standards', 'easy listening', 'lounge', 'rockabilly']	[2017, 2018, 2019, 2020, 2021]	4	0
5x0wy0trcqYLvwUG5PFmQL	Dodo	['mundart', 'swiss hip hop', 'swiss reggae']	[2017, 2018]	4	2
7pFeBzX627ff0VnN6bxPR4	Desiigner	['pop rap', 'rap', 'southern hip hop', 'trap', 'viral trap']	[2017, 2018]	4	1
66TrUkUZ3RM29dqeDQRgyA	Ella Eyre	['dance pop', 'talent show', 'uk dance', 'uk pop']	[2017, 2018]	4	3
7f0OLhGgBMX9fUjm1dcPip	Alice Merton	[]	[2017, 2018]	4	0
1ooV8YZC1KbpEcrmI8WH0F	Yebba	['pop soul']	[2017, 2019, 2021]	4	4
4lDBihdpMlOalxy1jkUbPl	Grey	[]	[2017, 2018, 2019]	4	4
4bw2Am3p9ji3mYsXNXtQcd	Piso 21	['colombian pop', 'latin pop', 'reggaeton', 'reggaeton colombiano', 'trap latino', 'urbano latino']	[2017, 2018, 2019]	4	4
1l8Fu6IkuTP0U5QetQJ5Xt	Fifth Harmony	['girl group', 'pop', 'talent show']	[2017]	4	3
0eecdvMrqBftK0M1VKhaF4	CNCO	['boy band', 'latin pop', 'reggaeton', 'urbano latino']	[2017, 2018]	4	3
3AVfmawzu83sp94QW7CEGm	Astrid S	['alt z', 'norwegian pop', 'pop', 'uk pop']	[2017, 2018, 2020]	4	1
63MCBZRiUdnqRsAOJwijiB	Sadek	['french hip hop', 'pop urbaine', 'rap francais']	[2017, 2018, 2021]	4	4
4Rxn7Im3LGfyRkY2FlHhWi	Nick Jonas	['dance pop', 'pop']	[2017, 2018]	4	3
5M0lbkGluOPXLeFjApw8r8	DRAM	['pop rap', 'trap', 'underground hip hop', 'viral trap', 'virginia hip hop']	[2017]	4	4
49tQo2QULno7gxHutgccqF	LANY	['la pop']	[2017, 2019, 2020]	4	2
2LZDXcxJWgsJfKXZv9a5eG	Cashmere Cat	['downtempo', 'electropop', 'shiver pop']	[2017, 2018]	4	4
33W1pnW9zScZtYTnAoWnOT	Mr. Probz	[]	[2017, 2018, 2019, 2021]	4	2
7e52Ytzjj1q71DUj2cSlch	Sarah Connor	['german pop']	[2017, 2018, 2019, 2020, 2021]	4	0
61fZH5SxVJDnFnocMMPwCF	Play69	['german hip hop']	[2017, 2018, 2019]	4	4
2T1aUibqR2QC2sINIDQOAK	Mambo Kingz	['reggaeton', 'reggaeton flow', 'trap latino', 'urbano latino']	[2017, 2018, 2019, 2020]	4	4
64aJYyrXljOodnUG6jvhRD	DJ Luian	['reggaeton', 'reggaeton flow', 'trap latino', 'urbano latino']	[2017, 2018, 2019, 2020]	4	4
0RqtSIYZmd4fiBKVFqyIqD	Thirty Seconds To Mars	['modern rock', 'post-grunge']	[2017, 2018]	4	1
3XcCT5MPlQPWFTJyzXbfuX	Maejor	['detroit hip hop', 'pop r&b']	[2017, 2020, 2021]	4	4
6IflU2YrY5Cyw7YoBICosV	Fally Ipupa	['azontobeats', 'musique urbaine kinshasa', 'ndombolo', 'r&b francais', 'rumba congolaise']	[2017, 2019, 2020, 2021]	4	4
3rZBkgoRHG8M9jQL0QPNMi	Adel Tawil	['german pop']	[2017, 2019, 2021]	4	3
7hssUdpvtY5oiARaUDgFZ3	Ina Wroldsen	['norwegian pop']	[2017, 2018]	4	4
0WOxhx4hikIsyF3CRPLC8W	Famous Dex	['chicago rap', 'drill', 'rap', 'trap']	[2017, 2018]	4	2
0p3fH8Uj2v6UcTXRU3GN9b	Nash	[]	[2017, 2018, 2019]	4	4
3J7r4VsNmuWixU0nXvyPd8	Kalash	['cloud rap francais', 'french hip hop', 'pop urbaine', 'rap antillais', 'trap antillais']	[2017, 2018, 2019]	4	4
0bMKf3lIYR9GaNTdFKkTOr	Zonderling	['dutch house', 'electro house', 'progressive house']	[2017, 2018, 2020]	4	4
7uxtLjuqkJ3cnjQQuW6Cul	Manillio	['mundart', 'swiss hip hop']	[2017, 2018, 2021]	4	2
43ZHCT0cAZBISjO8DG9PnE	Elvis Presley	['rock-and-roll', 'rockabilly']	[2017, 2018, 2019, 2020, 2021]	4	0
5JbALDn35ZrLwVAle4xVqZ	Luca Hänni	['german pop']	[2017, 2019, 2020]	4	0
6F9QTYrJgiLY80BZGzWIHO	Vega	['german hip hop']	[2020, 2021]	4	4
0U3b0BjITtQHwjwBVtiGcO	DMNDS	[]	[2021]	4	4
5I6WLC9Auo6aeTRHPQbdOv	Fallen Roses	['lo-fi latino']	[2021]	4	4
5QCGlnijOcNxsXXNzZkcWL	Lujavo	['mexican edm']	[2021]	4	4
5gfuF8sy6oqPt0162Z17Ru	Lyrical Son	['albanian hip hop', 'albanian pop', 'kosovan pop']	[2018, 2019, 2021]	4	4
5mYakBbBzPMQTfkVMIgiDM	Georgia Ku	['uk pop']	[2018, 2019, 2021]	4	4
0LKAV3zJ8a8AIGnyc5OvfB	SDM	['french hip hop', 'pop urbaine', 'r&b francais', 'rap francais']	[2021]	4	4
1OB278sOZVSFx5vXqYha83	J. Rey Soul	[]	[2020, 2021]	4	4
4EPJlUEBy49EX1wuFOvtjK	Becky Hill	['pop dance', 'pop house', 'uk dance', 'uk pop']	[2019, 2020, 2021]	4	4
18Zq5h68TQ6kurXzRNHJDo	Big Toe	['german alternative rap', 'german hip hop', 'german underground rap']	[2020, 2021]	4	4
6USv9qhCn6zfxlBQIYJ9qs	Dominic Fike	['alternative pop rock', 'pov: indie']	[2019, 2020, 2021]	4	2
1gm1katIowFM22Ldqcw6DK	Ricky Rich	['swedish hip hop', 'swedish trap pop']	[2021]	4	4
5IH6FPUwQTxPSXurCrcIov	Alec Benjamin	['alt z', 'pop', 'pov: indie']	[2018, 2019, 2020, 2021]	4	0
44yXVrsMTsKGUBHZsYFZNq	WILDBWOYS	[]	[2021]	4	4
41X1TR6hrK8Q2ZCpp2EqCz	bbno$	['canadian hip hop', 'dark trap', 'meme rap']	[2019, 2020, 2021]	4	4
4hXT6A14n901v8DU5Of337	KAYEF	['german pop', 'german r&b']	[2020, 2021]	4	1
0bmxU94V20pNJ2Vie9kFYv	Rea Garvey	['german pop']	[2018, 2019, 2020, 2021]	4	3
4EkoggilVZnddJLs4mbW1e	Saad	[]	[2021]	4	4
28gNT5KBp7IjEOQoevXf9N	Camilo	['colombian pop', 'latin pop', 'reggaeton colombiano']	[2019, 2020, 2021]	4	3
6i3DxIlAqnDkwELLw4aVrx	Lele Pons	['latin pop', 'latin viral pop', 'viral pop']	[2018, 2020, 2021]	4	3
3tJoFztHeIJkJWMrx0td2f	Moneybagg Yo	['memphis hip hop', 'rap', 'southern hip hop', 'tennessee hip hop', 'trap']	[2018, 2020, 2021]	4	4
7nqlScm2smydSRl13eaP8E	Nea	['scandipop']	[2020, 2021]	4	3
6k8mwkKJKKjBILo7ypBspl	Ana Mena	['spanish pop']	[2019, 2020, 2021]	4	4
7xNYY1Zkb1vks5m9ATlJok	Naza	['french hip hop', 'pop urbaine', 'r&b francais', 'rap francais']	[2019, 2020, 2021]	4	4
0t6A5IoqSxQzxmMoDkS9Cv	Hemso	['german hip hop']	[2019, 2020, 2021]	4	4
33Dtwad3snCG92mhmi17WM	Massiv	['german hip hop']	[2018, 2021]	4	4
20JZFwl6HVl6yg8a4H3ZqK	Panic! At The Disco	['pop']	[2018, 2019, 2020, 2021]	4	2
6trIghKwHRUyxwvm66HLHH	Fousheé	['indie r&b']	[2020, 2021]	4	3
1WDkNp8Duv9QhO246S4dDa	Bramsito	['french hip hop', 'pop urbaine', 'r&b francais', 'rap francais']	[2018, 2019, 2020, 2021]	4	4
0haZhu4fFKt0Ag94kZDiz2	Sofía Reyes	['latin pop', 'latin viral pop', 'mexican pop', 'reggaeton']	[2018, 2019, 2020, 2021]	4	4
67ghKnycRX6VM1xfqJSMlH	YouNotUs	['german dance']	[2018, 2019, 2020, 2021]	4	4
2nm38smINjms1LtczR0Cei	Goodboys	['pop dance', 'uk dance']	[2019, 2020, 2021]	4	3
3xEJ7cDz5rdg6VM8E6Mqhf	DA Uzi	['french hip hop', 'pop urbaine', 'rap francais']	[2020, 2021]	4	4
3M9EMaTryR42e52Pz2HiV2	Xhensila	['albanian pop']	[2018, 2019, 2020]	4	4
2RDOrhPqAM4jzTRCEb19qX	Sheck Wes	['pop rap', 'rap', 'trap']	[2018, 2019, 2020]	4	2
0vR2qb8m9WHeZ5ByCbimq2	Reik	['latin arena pop', 'latin pop', 'mexican pop', 'reggaeton']	[2018, 2019, 2020]	4	4
7t0rwkOPGlDPEhaOcVtOt9	The Cranberries	['irish rock', 'pop rock', 'rock']	[2018]	4	0
3RqBeV12Tt7A8xH3zBDDUF	Kelsea Ballerini	['contemporary country', 'country']	[2018, 2019]	4	4
2n2A2AZsgKIW5dDJC8xELY	Mosenu	['german cloud rap']	[2018, 2019]	4	4
6DVipHzYsPlIoA0DW8Gmns	"Royce Da 5'9"""	['detroit hip hop', 'gangster rap', 'hardcore hip hop', 'hip hop']	[2018, 2020]	4	4
2rhFzFmezpnW82MNqEKVry	Ski Mask The Slump God	['hip hop', 'miami hip hop', 'pop rap', 'rap', 'trap', 'underground hip hop']	[2018]	4	1
6jwzGu5VdkR5tsRROYuxso	DrefGold	['italian hip hop', 'italian pop', 'trap italiana']	[2018]	4	4
53KwLdlmrlCelAZMaLVZqU	James Blake	['art pop', 'indie soul', 'indietronica', 'neo soul', 'uk alternative pop']	[2018, 2019]	4	4
3KwmxIhSe9UTSEF37kwngR	SHAED	['electropop']	[2018, 2019, 2020]	4	3
2YIxQoGvBukvoC1CbJ7opS	Fynn Kliemann	['german pop']	[2020]	4	0
0ErzCpIMyLcjPiwT4elrtZ	NLE Choppa	['memphis hip hop', 'rap']	[2019, 2020]	4	2
78TTCmh2koperK5NBn7DgR	102 Boyz	['german alternative rap', 'german drill', 'german hip hop']	[2020]	4	4
6nS5roXSAGhTGr34W6n7Et	Disclosure	['edm', 'house', 'indietronica', 'uk dance']	[2019, 2020]	4	4
7rTPCNINGzMp3Hc8Xqht5Z	13 Block	['french hip hop', 'pop urbaine', 'rap francais']	[2019, 2020]	4	2
1XLWox9w1Yvbodui0SRhUQ	StaySolidRocky	['melodic rap']	[2020]	4	2
4QJvPRSyV0pSvdZM099iYx	Jemvo	[]	[2020]	4	0
6ZLTlhejhndI4Rh53vYhrY	Ozzy Osbourne	['album rock', 'alternative metal', 'birmingham metal', 'classic rock', 'glam metal', 'hard rock', 'metal', 'nu metal', 'rock']	[2019, 2020]	4	4
5XmuuM2C6t4HSPa3FSuU3h	WanMor	[]	[2020]	4	4
60rpJ9SgigSd16DOAG7GSa	Billy Ray Cyrus	['country rock']	[2019, 2020]	4	4
0UwDgULqasKVT9gjTZsmIn	EREN CAN	['german hip hop']	[2019, 2020]	4	3
37ioGUZGhKk7VjWIocx8kM	DTF	['cloud rap francais', 'french hip hop', 'pop urbaine', 'rap conscient', 'rap francais']	[2019]	4	1
6eYFryfcEu3QSq59D62wZQ	Brendon Urie	[]	[2019]	4	4
6Ad91Jof8Niiw0lGLLi3NW	YUNGBLUD	['british indie rock', 'modern rock', 'pov: indie', 'rock']	[2019]	4	4
2Diqn1jFkehRd9MVDGKGdq	Eddin	['german hip hop']	[2021, 2022]	3	1
3qi5fhSI6aUecvRN0XqIJ2	MistaJam	[]	[2021, 2022]	3	3
6GoNVmYCl0yUm4pEp80vn6	badchieff	['bayerischer rap', 'german hip hop']	[2020, 2021, 2022]	3	3
0PVPI2jOWDJtWpOxrXnT6F	Edo Saiya	['german hip hop']	[2020, 2021, 2022]	3	3
2DysK49GjODUdRupTMZrfb	Schmyt	['german hip hop']	[2021, 2022]	3	3
0TKFPt9w0AAEnhB9bd0pLy	LUM!X	['melbourne bounce international', 'slap house']	[2019, 2020, 2021, 2022]	3	3
2uFC1dAj5b0YU7vulKNZ0p	Banx & Ranx	['basshall']	[2018, 2021, 2022]	3	3
67MNhiAICFY6Pwc2YxCO0K	Elley Duhé	['alt z']	[2018, 2019, 2021, 2022]	3	2
0r0R5nIjDY04TfxRM10Bcb	Alligatoah	['german pop']	[2020, 2022]	3	1
0SfsnGyD8FpIN4U4WCkBZ5	Armin van Buuren	['dutch house', 'dutch trance', 'edm', 'pop dance', 'progressive house', 'trance']	[2018, 2019, 2020, 2022]	3	1
4VIvfOurcf0vuLRxLkGnIG	Bradley Cooper	['hollywood']	[2018, 2019, 2020, 2021, 2022]	3	3
4e0nWw2r4BoQSKPQ2zpU13	Ray Dalton	[]	[2017, 2018, 2019, 2020, 2021, 2022]	3	3
1Cd373x8qzC7SNUg5IToqp	BoyWithUke	['sad rap']	[2021, 2022]	3	0
2SRd7Kx7xWkZjoaFKgEreg	Paul	[]	[2021, 2022]	3	3
4ofCBoyEiGSePFAG500xev	Regard	['pop dance', 'pop edm', 'slap house', 'uk dance']	[2019, 2020, 2021, 2022]	3	2
6tbjWDEIzxoDsBA1FuhfPW	Madonna	['dance pop', 'pop']	[2018, 2020, 2022]	3	3
1EfwyuCzDQpCslZc8C9gkG	SDP	['german pop', 'german reggae']	[2019, 2020, 2022]	3	3
7aLbqaCIv1zAI6HCfPCMjI	BARDHI	['albanian pop']	[2021, 2022]	3	3
16oZKvXb6WkQlVAjwo2Wbg	The Lumineers	['folk-pop', 'modern rock', 'neo mellow', 'stomp and holler']	[2017, 2019, 2020, 2021, 2022]	3	0
6ltzsmQQbmdoHHbLZ4ZN25	Lord Huron	['indie folk', 'modern rock', 'stomp and holler']	[2017, 2018, 2021, 2022]	3	0
2f7f3AmL16mmiAmYnxmmfx	Provinz	['german indie folk', 'german pop']	[2021, 2022]	3	3
2txHhyCwHjUEpJjWrEyqyX	Tom Odell	['chill pop']	[2017, 2018, 2020, 2021, 2022]	3	0
2DaxqgrOhkeH0fpeiQq2f4	Oasis	['beatlesque', 'britpop', 'madchester', 'permanent wave', 'rock']	[2017, 2018, 2019, 2020, 2021, 2022]	3	0
3AQRLZ9PuTAozP28Skbq8V	The Script	['celtic rock', 'pop']	[2017, 2019, 2020, 2021, 2022]	3	1
75VKfyoBlkmrJFDqo1o2VY	Fireboy DML	['afrobeats', 'nigerian pop']	[2021, 2022]	3	3
3y24n3XhZ96wgwRXjvS17T	Coolio	['g funk', 'gangster rap', 'hip hop', 'west coast rap']	[2021, 2022]	3	3
2LhsePRtgCo4THVKULQBL7	L.V.	[]	[2021, 2022]	3	3
1U1el3k54VvEUzo3ybLPlM	Kali Uchis	['colombian pop']	[2021, 2022]	3	2
54R6Y0I7jGUCveDTtI21nb	Boney M.	['europop']	[2017, 2018, 2019, 2020, 2021, 2022]	3	1
7dL0nOHwnSAsNAwpkPSGWP	sangiovanni	['italian adult pop', 'italian pop']	[2021, 2022]	3	0
6QkidrPNY7AuI1V4xcKiqo	Mario Novembre	['german pop']	[2021, 2022]	3	0
2rEVnwCPBeGkWMv425KoG1	AYLIVA	['german pop']	[2021, 2022]	3	0
2SveKtmknwwMpYJtuFkYZj	Schubi AKpella	['german hip hop']	[2019, 2020, 2022]	3	2
0ECwFtbIWEVNwjlrfc6xoL	Eagles	['album rock', 'classic rock', 'heartland rock', 'mellow gold', 'rock', 'soft rock', 'yacht rock']	[2017, 2018, 2019, 2020, 2021, 2022]	3	0
7nDsS0l5ZAzMedVRKPP8F1	Ella Henderson	['dance pop', 'talent show', 'uk pop']	[2020, 2021, 2022]	3	3
20cmhoGvN0eyzhmsHJH1Mg	Luude	['aussietronica']	[2022]	3	3
5mxB08ktCukEhGMg2YZeEv	Colin Hay	['solo wave']	[2022]	3	3
0p4nmQO2msCgU4IF37Wi3j	Avril Lavigne	['canadian pop', 'candy pop', 'pop']	[2018, 2019, 2022]	3	2
3ipn9JLAPI5GUEo4y4jcoi	Ludacris	['atl hip hop', 'dance pop', 'dirty south rap', 'hip hop', 'old school atlanta hip hop', 'pop rap', 'rap', 'southern hip hop', 'trap']	[2020, 2021, 2022]	3	3
2TcGJdSOiOvITBzhvfX8XB	Shouse	['aussietronica']	[2021, 2022]	3	1
6EPlBSH2RSiettczlz7ihV	Sleepy Hallow	['brooklyn drill', 'nyc rap']	[2020, 2021, 2022]	3	2
1ZwdS5xdxEREPySFridCfh	2Pac	['g funk', 'gangster rap', 'hip hop', 'rap', 'west coast rap']	[2020, 2022]	3	2
3WUe8ADT5d65WeByR3ubl7	Vanessa Mai	['german pop', 'schlager']	[2018, 2021, 2022]	3	3
3r5Kc95Oz8lDc8BL9ChO7n	Mathea	['german pop']	[2021, 2022]	3	3
4OGiMt96TFUKkKWf7Imlno	Michael Patrick Kelly	['german pop']	[2020, 2021, 2022]	3	0
1pQWsZQehhS4wavwh7Fnxd	Lenny Tavárez	['reggaeton', 'trap argentino', 'trap latino', 'urbano latino']	[2019, 2022]	3	3
2z6t0UGq0WAM8X6zDeXKXj	Don Xhoni	['albanian hip hop', 'albanian pop']	[2021, 2022]	3	2
33ScadVnbm2X8kkUqOkC6Z	Don Omar	['latin hip hop', 'puerto rican pop', 'reggaeton', 'trap latino', 'urbano latino']	[2017, 2020, 2021, 2022]	3	3
1C5jQlkf0TrFu6rmHZp2X5	Senidah	['balkan hip hop', 'slovenian pop', 'turbo folk']	[2019, 2020, 2022]	3	2
5exS0bytCYdixgv02DaCm3	William Singe	[]	[2017, 2018]	3	3
6KZDXtSj0SzGOV705nNeh3	Kid Ink	['pop rap', 'rap', 'southern hip hop', 'trap']	[2017]	3	3
6s22t5Y3prQHyaHWUN1R1C	AJR	['pov: indie']	[2017, 2018]	3	1
21dooacK2WGBB5amYvKyfM	Smokepurpp	['melodic rap', 'miami hip hop', 'trap', 'underground hip hop']	[2017, 2019]	3	3
5DK8eK7fjvRsziXzyr3sFA	Moon Taxi	['modern alternative rock']	[2017, 2018]	3	0
2F8GvYuY0lfZNYu45dY6gJ	Die Toten Hosen	['german alternative rock', 'german pop', 'german punk', 'german rock']	[2017, 2018]	3	0
4S9EykWXhStSc15wEx8QFK	Céline Dion	['canadian pop']	[2017, 2018, 2019, 2020, 2021]	3	0
3MyFDtqB80WZvbtCZRsekM	Bakermat	['minimal tech house', 'tropical house']	[2017, 2018, 2020]	3	2
50JJSqHUf2RQ9xsHs0KMHg	Jon Bellion	['indie pop rap']	[2017]	3	2
4gvkdged3Xw3ImXFm3jiay	Juliander	['swedish pop']	[2017, 2018]	3	3
3wjsrpfO6odEphTZWx45RQ	Hearts & Colors	[]	[2017]	3	2
3koiLjNrgRTNbOwViDipeA	Marvin Gaye	['classic soul', 'motown', 'neo soul', 'northern soul', 'quiet storm', 'soul']	[2017, 2018, 2019, 2020]	3	3
75jNCko3SnEMI5gwGqrbb8	Tammi Terrell	['classic soul', 'motown', 'soul', 'southern soul']	[2017, 2018, 2019, 2020]	3	3
5EvFsr3kj42KNv97ZEnqij	Shaggy	['dance pop', 'pop rap', 'reggae fusion']	[2017, 2020]	3	3
4STHEaNw4mPZ2tzheohgXB	Paul McCartney	['beatlesque', 'classic rock', 'rock']	[2017, 2018, 2019, 2020, 2021]	3	0
1QDrz3DMMaz3TB1cm0PGDu	Justin Jesso	['singer-songwriter pop']	[2017, 2018, 2019, 2021]	3	3
2QsynagSdAqZj3U9HgDzjD	Bob Marley & The Wailers	['reggae', 'roots reggae']	[2017, 2020, 2021]	3	2
0MHgLfmQdutffmvWe5XBTN	Burl Ives	['adult standards', 'american folk revival']	[2017, 2018, 2019, 2020, 2021]	3	0
2QSPrJfYeRXaltEEiriXN9	Tove Styrke	['electropop', 'swedish electropop', 'swedish pop', 'swedish synthpop']	[2017, 2018]	3	1
6nxWCVXbOlEVRexSbLsTer	Flume	['australian dance', 'australian electropop', 'australian indie', 'downtempo', 'edm', 'indietronica']	[2017]	3	3
3FUY2gzHeIiaesXtOAdB7A	Train	['dance pop', 'neo mellow', 'pop', 'pop rock']	[2017, 2018, 2019, 2020, 2021]	3	0
3OYM3jjPVR60kOqmamRRgk	Prinz Pi	['german alternative rap']	[2017, 2019]	3	2
5KEG7G8LDYlHgFDqZyEEs2	Chris Rea	['soft rock', 'sophisti-pop']	[2017, 2018, 2019, 2020, 2021]	3	0
4ON1ruy5ijE7ZPQthbrkgI	Burak Yeter	['electro house']	[2017, 2018]	3	3
33JQK4UoS2aMPYBfdB5Ftt	Ryan Riback	['melbourne bounce']	[2017, 2018]	3	3
3Bd1cgCjtCI32PYvDC3ynO	London Grammar	['metropopolis', 'nottingham indie']	[2017]	3	0
0q4NrXqJnc367PieejuROJ	Vice	['chicano rap']	[2017]	3	3
3Gm5F95VdRxW3mqCn8RPBJ	Aminé	['pop rap', 'portland hip hop', 'rap', 'underground hip hop']	[2017]	3	0
77tT1kLj6mCWtFNqiOmP9H	Daryl Hall & John Oates	['album rock', 'classic rock', 'heartland rock', 'mellow gold', 'rock', 'singer-songwriter', 'soft rock', 'yacht rock']	[2017, 2018, 2019, 2020, 2021]	3	0
374sWpAJsbZckf98df2jJJ	Fuse ODG	['afrobeats', 'azonto']	[2017, 2018]	3	2
5Q81rlcTFh3k6DQJXPdsot	Mura Masa	['channel islands indie', 'hyperpop', 'indie soul', 'vapor soul']	[2017]	3	3
6jsjhAEteAlY0vCiLvMLBA	ROZES	['alt z', 'indie poptimism']	[2017, 2018, 2019, 2020, 2021]	3	2
4QfOh8rJ0OddhhXHD5QyWs	The Boy Next Door	['basshall']	[2017, 2018, 2019]	3	3
74YbW6s8CZdaYLxJU9HeS7	Mister You	['french hip hop', 'pop urbaine']	[2017, 2021]	3	3
2y8Jo9CKhJvtfeKOsYzRdT	Rod Stewart	['mellow gold', 'soft rock']	[2017, 2018, 2020, 2021]	3	1
5lKZWd6HiSCLfnDGrq9RAm	Leona Lewis	['british soul', 'dance pop', 'pop', 'talent show']	[2017, 2018, 2019, 2020, 2021]	3	1
787bCXOIvGeBw0Bc4kEjhD	Luke Christopher	['indie pop rap']	[2017]	3	0
4sW5R5XKTge9Vwv44p9p18	Sam Gray	['uk dance']	[2017, 2021]	3	3
3nohf4qILMr5aUSOsolwxB	Jona Lewie	['new wave pop']	[2017, 2018, 2020, 2021]	3	0
3S0tlB4fE7ChxI2pWz8Xip	Giggs	['grime', 'london rap', 'uk hip hop']	[2017]	3	3
7eCmccnRwPmRnWPw61x6jM	shy martin	['alt z', 'swedish electropop']	[2017, 2018]	3	2
49e4v89VmlDcFCMyDv9wQ9	Dean Martin	['adult standards', 'easy listening', 'lounge', 'vocal jazz']	[2017, 2018, 2019, 2020, 2021]	3	0
7KAGJwWQQui8b0uqwXRkSr	Gestört aber GeiL	['german dance', 'german pop']	[2017, 2020]	3	3
5DUlefCLzVRzNWaNURTFpK	Cali Y El Dandee	['colombian pop', 'electro latino', 'latin pop', 'reggaeton', 'reggaeton colombiano', 'trap latino', 'urbano latino']	[2017, 2021]	3	3
5H1nN1SzW0qNeUEZvuXjAj	Danny Ocean	['pop venezolano', 'reggaeton', 'trap latino', 'urbano latino']	[2017, 2018]	3	0
6veh5zbFpm31XsPdjBgPER	BIA	['rap latina', 'trap queen']	[2017, 2019]	3	3
7aaXYTOjKbeCwVxZRXAC24	Dabu Fantastic	['mundart', 'swiss hip hop']	[2017, 2018, 2019]	3	1
4olE3I5QU0dvSR7LIpqTXc	WATT	['modern alternative rock']	[2017, 2018, 2021]	3	3
6c4sUNBgdonFJz8Kx2VsGz	Madcon	['norwegian hip hop']	[2017, 2021]	3	0
4qBgvVog0wzW75IQ48mU7v	KYLE	['deep underground hip hop', 'indie pop rap', 'pop rap', 'viral trap']	[2017, 2018]	3	3
2W6kbe0nm96COrHzNmfLLd	MC Fioti	['funk carioca', 'funk ostentacao', 'funk paulista']	[2017, 2018]	3	2
7KUri7klyLaIFXLcuuOMCd	Stargate	['norwegian pop']	[2017, 2018]	3	3
38EmEgXkgK51MT2tPY0EoC	Bobby Helms	[]	[2017, 2018, 2019, 2020, 2021]	3	0
57WHJIHrjOE3iAxpihhMnp	Louis Tomlinson	['pop']	[2017]	3	2
34SBu2kvAUh84umN8Pi0iI	Hight	['uk dance']	[2017, 2018]	3	3
5KPJMJR9PCfMWSfco8i4W4	Alex Aiono	['teen pop']	[2017, 2018]	3	3
4GCwfakdZdo3KkBNtzU5vn	MIMI	[]	[2017]	3	3
3iN9k8uvm4WrgdlOigOH8D	Hook N Sling	['australian dance', 'progressive electro house']	[2017, 2018]	3	3
1g0fXhQMHAxlRyIBkCbuE7	Matt Simons	['neo-singer-songwriter']	[2017, 2018, 2019]	3	1
2POj5DK9ZiqcLkeTeTjH7b	Paramocro	['dutch hip hop']	[2017]	3	3
1LOB7jTeEV14pHai6EXSzF	Cash Cash	['dance pop', 'edm', 'electro house', 'electropowerpop', 'pop dance']	[2017, 2019, 2021]	3	3
6mU8ucezzms5I2kNH6HNlu	Conor Maynard	['post-teen pop', 'uk pop', 'viral pop']	[2017, 2018, 2019, 2021]	3	3
1cA379ILgR07m7XQVXyP6Q	Sneazzy	['french hip hop', 'pop urbaine', 'rap francais']	[2017, 2020]	3	3
5v8jlSmAQfrkTjAlpUfWtu	Perry Como	['adult standards', 'easy listening']	[2017, 2018, 2019, 2020, 2021]	3	2
06PAmgIjWsh7qNnmikUYl0	Stard Ova	[]	[2017, 2018]	3	3
3JXpwnHbLvXxY99EuXqFPX	Poo Bear	['pop r&b']	[2017, 2018]	3	3
1W3FSF1BLpY3hlVIgvenLz	The-Dream	['dirty south rap', 'hip pop', 'r&b', 'southern hip hop', 'trap', 'urban contemporary']	[2017, 2021]	3	3
0FTrIsp2Mg7Bkf8eXQrISa	PHresher	['nyc rap']	[2017, 2018]	3	3
3YdT8QvV4QvY4DfVJhxdcZ	Grace VanderWaal	['post-teen pop']	[2017, 2018, 2020, 2021]	3	1
4uJNQGa3L2frXDxwgouTIw	Franglish	['french hip hop', 'pop urbaine', 'r&b francais']	[2017, 2020, 2021]	3	3
4UXqAaa6dQYAk18Lv7PEgX	Fall Out Boy	['emo', 'modern rock', 'pop', 'pop punk', 'rock']	[2017, 2019, 2020]	3	2
2TL8gYTNgD6nXkyuUdDrMg	Jasmine Thompson	['viral pop']	[2017, 2020]	3	3
6gK1Uct5FEdaUWRWpU4Cl2	Petit Biscuit	['new french touch']	[2017, 2019, 2020]	3	1
6HhnhnxLsowYuuejvku0Bz	Lartiste	['french hip hop', 'pop urbaine']	[2017, 2018, 2019]	3	3
26AHtbjWKiwYzsoGoUZq53	Pentatonix	['a cappella', 'viral pop']	[2017, 2018, 2019, 2020, 2021]	3	0
3IpvVrP3VLhruTmnququq7	Mike Williams	['big room', 'dutch house', 'edm', 'electro house', 'future house', 'pop dance', 'progressive electro house']	[2017, 2018]	3	3
5wPoxI5si3eJsYYwyXV4Wi	N.E.R.D	['hip hop', 'virginia hip hop']	[2017, 2018]	3	3
3qBKjEOanahMxlRojwCzhI	Zacari	[]	[2017, 2018]	3	2
6Dd3NScHWwnW6obMFbl1BH	Daya	['pop']	[2017, 2018]	3	2
725KKhVCSCQbYkZBptBTfg	Baby K	['italian adult pop', 'italian pop']	[2017, 2018, 2020]	3	2
45odAdGsuJSI2GSd3IwVlj	Gato	[]	[2017, 2019, 2021]	3	3
3qm84nBOXUEQ2vnTfUTTFC	Guns N' Roses	['glam metal', 'hard rock', 'rock']	[2017]	3	0
0wi4yTYlGtEnbGo4ltZTib	Shakin' Stevens	['classic uk pop', 'rockabilly']	[2017, 2018, 2019, 2020, 2021]	3	0
293zczrfYafIItmnmM3coR	Chuck Berry	['blues', 'blues rock', 'classic rock', 'rock', 'rock-and-roll', 'rockabilly', 'soul']	[2017, 2018, 2019, 2020, 2021]	3	0
6YxtMx8c5tjVRRHsqjEERp	M.O.030	['german hip hop']	[2017, 2019]	3	3
360IAlyVv4PCEVjgyMZrxK	Miguel	['r&b']	[2017, 2018, 2019]	3	3
5ChF3i92IPZHduM7jN3dpg	Nicky Romero	['big room', 'dutch edm', 'dutch house', 'edm', 'electro house', 'pop dance', 'progressive electro house']	[2017, 2018, 2021]	3	3
3tQx1LPXbsYjE9VwN1Peaa	Marc E. Bassy	['indie pop rap']	[2017, 2018]	3	3
68kEuyFKyqrdQQLLsmiatm	Vince Staples	['conscious hip hop', 'hip hop', 'rap', 'underground hip hop']	[2017, 2018]	3	3
34v5MVKeQnIo0CWYMbbrPf	John Newman	['dance pop']	[2017, 2021]	3	3
5MouCg6ta7zAxsfMEbc1uh	OMI	['reggae fusion']	[2017, 2018, 2019, 2020]	3	3
4OV6uYSnHxSYkjDYuBVBUz	Slimane	['french pop']	[2018, 2020, 2021]	3	3
7J0JxtOPMKWufOraoIqjiH	JSX	['cloud rap francais']	[2021]	3	3
5SXuuuRpukkTvsLuUknva1	Baby Keem	['hip hop', 'rap']	[2021]	3	3
1wAtSe79kItIb9nf5EhI2Q	Niro	['french hip hop', 'pop urbaine', 'rap francais']	[2019, 2021]	3	3
3tlXnStJ1fFhdScmQeLpuG	Brent Faiyaz	['r&b', 'rap']	[2021]	3	3
0KuF7reCTOZwV7YJnHQqgr	The Neptunes	[]	[2021]	3	3
4iusgX5y3xsAn824nywHVI	SOTT	[]	[2019, 2021]	3	3
2u6jNcpusijFS6ZzuWRwMv	Moss Kena	['uk contemporary r&b']	[2021]	3	3
2x7EATekOPhFGRx3syMGEC	The Knocks	['alternative dance', 'indie poptimism', 'nu disco']	[2021]	3	3
687cZJR45JO7jhk1LHIbgq	Tems	['afro r&b', 'afrobeats', 'alte', 'nigerian pop']	[2020, 2021]	3	3
0Yb66lSgYL9MFYw6jUHCVD	Alexa Feser	['german pop']	[2021]	3	3
0Ntl0oWMPWfBOoi9Qcr9ht	Vitaa	['french pop', 'r&b francais']	[2018, 2020, 2021]	3	3
46MWeeHNVMYRIIofQBEX98	BEAM	['trap soul']	[2021]	3	3
7uaIm6Pw7xplS8Dy06V6pT	Trevor Daniel	['melodic rap']	[2019, 2020, 2021]	3	1
2lJ6K4PTrrweXhRiqh1CZE	SUPER-Hi	[]	[2021]	3	3
1JPZHb1qziDJ05n0a1OvfW	NEEKA	[]	[2021]	3	3
6LrvDsBK2WHWUERZHLbwvx	Hamzo 500	['german hip hop', 'german underground rap']	[2020, 2021]	3	3
4LyMWxYfZfeNcAl6vbEmQ3	ARAM Mafia	['swedish trap pop']	[2021]	3	3
5nH2klYTzn8CNvUv1GOGQO	Eva	['pop urbaine', 'r&b francais']	[2019, 2020, 2021]	3	2
1kwi1Q7X4jPTkHTgayxKhS	Alonestar	[]	[2020, 2021]	3	3
3OSeYeKlvOhNfcLVQNadmB	Omar101	[]	[2021]	3	3
7b79bQFziJFedJb75k6hFt	Tion Wayne	['london rap', 'uk hip hop']	[2021]	3	3
4ktBrNjagCGftyuBLJkATq	Wes Nelson	[]	[2021]	3	3
7H8EE2uf8SstFY9lUyid0T	Knossi	[]	[2020, 2021]	3	3
4EAaUVCNTVA5rvmdyxLCNz	Manny Marc	[]	[2020, 2021]	3	3
6votu3RSSkrG2DmTEBaT1L	Sascha Hellinger	[]	[2020, 2021]	3	3
7vWC03wqXwUqjPON8hc1tz	TELYKAST	[]	[2021]	3	3
0YWxKQj2Go9CGHCp77UOyy	Fabolous	['gangster rap', 'hip hop', 'pop rap', 'rap', 'trap', 'urban contemporary']	[2018, 2020, 2021]	3	3
7arQA31aZVS8yS6zUveWzb	CJ	['nyc rap']	[2020, 2021]	3	0
2y1VzMKAa5nmfXKtJL9jnj	Murda	['basshall', 'turkish hip hop', 'turkish trap']	[2020, 2021]	3	3
6nB0iY1cjSY1KyhYyuIIKH	FKA twigs	['afrofuturism', 'alternative r&b', 'art pop', 'escape room', 'experimental r&b', 'trip hop']	[2018, 2020, 2021]	3	3
5mPOOZTRDsRf0iIXixzfgn	Yung Kafa & Kücük Efendi	['german hip hop']	[2020, 2021]	3	2
0gGcw3tA1fZoF23qa8KFb7	Bolémvn	['french hip hop', 'pop urbaine', 'rap francais']	[2018, 2020, 2021]	3	3
6L1XC7NrmgWRlwAeLJvVtA	Sam Fischer	['australian pop', 'singer-songwriter pop']	[2020, 2021]	3	2
36qY2GiiA6O32e7iWGlrqF	Maestro	['german hip hop']	[2020, 2021]	3	3
6e9KLiBqbaqJoVfpT8OmY9	KAY AY	['german hip hop']	[2018, 2020, 2021]	3	3
2ZuJ3O0fOv3tkh6CFmyrf2	Nora Istrefi	['albanian pop', 'kosovan pop', 'tallava']	[2019, 2020, 2021]	3	3
0huGjMyP507tBCARyzSkrv	Cordae	['hip hop', 'pop rap', 'rap', 'trap', 'underground hip hop']	[2018, 2020, 2021]	3	3
3XC57xz74X3xUi1hv4mge1	Winona Oak	['swedish pop']	[2018, 2019, 2020, 2021]	3	3
6Pr9pssRV0tD0jdh2Z84td	SAF	['musique comorienne']	[2020, 2021]	3	3
32vWCbZh0xZ4o9gkz4PsEU	Dolly Parton	['classic country pop', 'country', 'country dawn']	[2019, 2020, 2021]	3	3
6LXRvV2OAtXF7685fzh3mj	Rowdy Rebel	['nyc rap']	[2020, 2021]	3	3
3g8GEfox7TneqzId98rNGi	AVO	[]	[2021]	3	3
2EFpb61Lpi0l5ldOiqbZkK	Landy	['french hip hop', 'pop urbaine', 'rap francais']	[2020, 2021]	3	2
1ThoqLcyIYvZn7iWbj8fsj	Bill Withers	['funk', 'quiet storm', 'soul']	[2020, 2021]	3	1
0k13RtTxun6lBDH665ZjbI	Lumi B	['albanian hip hop', 'albanian pop']	[2020, 2021]	3	3
6t1gpxYbY8OlLA7D2RiikQ	Loud Luxury	['edm', 'pop dance']	[2018, 2019, 2020]	3	3
4YLtscXsxbVgi031ovDDdh	Chris Stapleton	['contemporary country', 'outlaw country']	[2018, 2019]	3	3
6BXGjjGXaYHvpWTuKZfHiQ	Master HP	['basshall']	[2018, 2019]	3	3
6ywXRaHY7m2DJ0dd7CsLAB	Ramz	['afroswing', 'london rap', 'uk hip hop']	[2018, 2019]	3	0
2vf4pRsEY6LpL5tKmqWb64	Elderbrook	[]	[2018, 2020]	3	3
2OnKRchqP7tT0FzTvWIFI7	Wolfine	['colombian pop', 'reggaeton', 'urbano latino']	[2018]	3	1
5Nf5yishRW9Ye174sJISkg	London On Da Track	['atl hip hop']	[2018, 2020]	3	3
3gd8FJtBJtkRxdfbTu19U2	Mumford & Sons	['modern folk rock', 'modern rock', 'neo mellow', 'stomp and holler', 'uk americana']	[2018]	3	0
1PTl9q5EaEZejVGts7MBLN	Mac Tyer	['french hip hop', 'pop urbaine', 'rap francais']	[2018, 2019, 2020]	3	3
3KedxarmBCyFBevnqQHy3P	Jessie Reyez	['canadian contemporary r&b', 'canadian pop']	[2018, 2019]	3	3
5iBlCs0WwiMbr5zO6vPt5G	Ali As	['antideutsche', 'bayerischer rap', 'deep german hip hop', 'german cloud rap', 'german hip hop']	[2018, 2020]	3	3
4mHAu7NX2UNsnGXjviBD9e	Brooks	['dutch house', 'edm', 'electro house', 'future house', 'pop dance', 'pop edm', 'progressive electro house']	[2018, 2019]	3	3
1o2NpYGqHiCq7FoiYdyd1x	Bea Miller	['alt z', 'pop', 'talent show']	[2018, 2020]	3	2
1INuLZXjjVbcJRyWvD1iSq	Jack & Jack	['pop', 'teen pop']	[2018, 2019]	3	3
0iFq8SzyZaaQ2Fn6CLDxqW	Clueso	['german pop', 'german singer-songwriter']	[2018, 2020]	3	3
5AAzeysphag0NxJxLbbVla	Columbine	['french hip hop', 'rap conscient']	[2018, 2019]	3	0
7jkdo74SDT1PYu6Ksbusxa	Edin	['german hip hop']	[2018, 2020]	3	3
3syirl4cAvDZRaPleyMyS9	Jigzaw	['german hip hop']	[2018, 2019]	3	3
3CbYyyd8wH3RT6t0jwpdzC	Murda Beatz	['canadian hip hop', 'canadian trap']	[2018, 2019, 2020]	3	3
2HHmvvSQ44ePDH7IKVzgK0	Jain	['french pop']	[2018]	3	0
5vBSrE1xujD2FXYRarbAXc	Years & Years	['gauze pop', 'pop', 'uk pop']	[2018]	3	0
3c1lCOk4hSv5sUtD6OR3Zb	Getinjo	['albanian hip hop', 'albanian pop', 'kosovan pop']	[2018, 2019, 2020]	3	3
21aa4pj9BvbFB2iT8kRpnq	Michael Schulte	['german pop', 'talentschau']	[2018, 2019, 2020]	3	0
1wZtkThiXbVNtj6hee6dz9	Wisin & Yandel	['electro latino', 'reggaeton', 'trap latino', 'urbano latino']	[2018, 2019]	3	3
09E5z6upwkmwTKX8LGQgMo	Yaro	['french hip hop', 'pop urbaine', 'rap conscient', 'rap francais']	[2018, 2020]	3	3
7u710e44HW3K7A5eTnRqHC	Fabri Fibra	['italian hip hop', 'italian pop', 'rap napoletano']	[2018, 2019]	3	3
1tqhsYv8yBBdwANFNzHtcr	Lil Dicky	['comedy rap', 'indie pop rap', 'pop rap']	[2018, 2019, 2020]	3	2
4ov18B2VtACNu4draM7XCo	Krakatua31	[]	[2020]	3	0
7n5XQhqOwgpCWKo8r0VtiZ	Limit 29	['german underground rap']	[2020]	3	0
2NUz5P42WqkxilbI8ocN76	Vybz Kartel	['dancehall', 'jamaican dancehall', 'reggae fusion']	[2019, 2020]	3	3
5DOQnlRyPGwJ0OEfIujh24	Oflow	[]	[2020]	3	0
4mAsWDGLUIEdo6imU77WG6	Boomdabash	['italian adult pop', 'italian pop', 'italian reggae']	[2020]	3	3
2pjb5ffSoVTr5lRYQXlnPu	Alessandra Amoroso	['italian adult pop', 'italian pop']	[2020]	3	3
7r35uLFg5fJcsLe60AdWhK	As	[]	[2020]	3	3
4hpTPFhq6Ok3wGhFqa7pGy	Fahar	[]	[2020]	3	3
4qIVPF0s71ZYW3qzhu5GkF	Kina	['sad lo-fi']	[2019, 2020]	3	3
28ztjHIXceRRntmTUfnmUX	Khaled	['classic arab pop', 'rai']	[2019, 2020]	3	3
2XdBo4RIZs8GRblmKYUeJL	OFFTR3ND	[]	[2020]	3	2
1FEmiTv5KsgccqJVpC1bvR	Chekaa	['swiss hip hop']	[2019, 2020]	3	3
15N4o2rfEABILEVPXZIlo1	Mortel	['german drill', 'german hip hop']	[2019, 2020]	3	3
1E8w172gkuT5htpwaIEsEl	Népal	['french hip hop']	[2019, 2020]	3	1
61qEJugYCqQv1OiqJBKVeK	BATU	[]	[2019, 2020]	3	3
0vRvGUQVUjytro0xpb26bs	Arizona Zervas	['pop rap', 'rhode island rap']	[2019, 2020]	3	0
2NlKrNMdpYxGjt3Pvw87rC	Europa	['uk dance']	[2019]	3	3
47MpMsUfWtgyIIBEFOr4FE	Lunay	['reggaeton', 'reggaeton flow', 'trap latino', 'urbano latino']	[2019]	3	3
0EeQBlQJFiAfJeVN2vT9s0	Nipsey Hussle	['conscious hip hop', 'gangster rap', 'hip hop', 'pop rap', 'rap', 'southern hip hop', 'trap']	[2019]	3	3
6SsTlCsuCYleNza6xGwynu	Agnes	['swedish electropop', 'swedish idol pop', 'swedish pop']	[2019]	3	3
40fhusTxvAWqq7xKB2rlgf	Ghetto Phénomène	['french hip hop', 'pop urbaine', 'rap marseille']	[2019]	3	3
3rWZHrfrsPBxVy692yAIxF	WILLOW	['afrofuturism', 'pop', 'post-teen pop', 'pov: indie']	[2021, 2022]	2	2
6TLwD7HPWuiOzvXEa3oCNe	Oliver Tree	['alternative hip hop']	[2019, 2021, 2022]	2	1
1BEUkE2CSUgHTLSBMZdnFB	Mae Muller	['uk contemporary r&b', 'uk pop']	[2021, 2022]	2	2
6n28c9qs9hNGriNa72b26u	PNAU	['alternative dance', 'aussietronica', 'australian dance', 'australian electropop']	[2021, 2022]	2	2
77DAFfvm3O9zT5dIoG0eIO	Kyla	['uk funky']	[2017, 2018, 2022]	2	2
1G9G7WwrXka3Z1r7aIDjI7	Outkast	['atl hip hop', 'dirty south rap', 'hip hop', 'old school atlanta hip hop', 'rap', 'southern hip hop']	[2017, 2018, 2019, 2020, 2021, 2022]	2	0
0hk4xVujcyOr6USD95wcWb	Sick Luke	['italian hip hop', 'trap italiana']	[2022]	2	2
6Qc96byIWUrGk7BHxfvK4F	Coby	['balkan hip hop', 'balkan trap', 'turbo folk']	[2021, 2022]	2	1
1PKErrAhYFdfrDymGHRQRo	Nathan Evans	[]	[2021, 2022]	2	1
6WFDpw4u23uSpon4BHvFRn	Cat Burns	['uk pop']	[2022]	2	0
0lI3rF4hi4op6UxqlLHPzv	Achille Lauro	['italian adult pop', 'italian hip hop', 'italian pop']	[2021, 2022]	2	1
2VSHKHBTiXWplO8lxcnUC9	GAYLE	['modern alternative pop']	[2021, 2022]	2	0
4TWOviIGJMWH79dyovGkaX	Goya Menor	[]	[2021, 2022]	2	2
4n7aqhk0RIdeWKkBxvhN72	Nektunez	[]	[2021, 2022]	2	2
4Ue6MAZqz18NlaOQomRXLU	1PLIKÉ140	['drill francais', 'french hip hop', 'pop urbaine', 'rap francais']	[2021, 2022]	2	1
1PnnRNGfichOAfPOn5mVyx	Sorana	['romanian pop']	[2018, 2019, 2022]	2	2
1LRpAVWq5z6VZMG3tTdZKU	Mike Singer	['german pop']	[2018, 2022]	2	2
5L1lO4eRHmJ7a0Q6csE5cT	LISA	['k-pop']	[2021, 2022]	2	1
4fwuXg6XQHfdlOdmw36OHa	Paloma Faith	['british soul', 'talent show']	[2018, 2021, 2022]	2	1
4AQNXsZoonikabPFTWPnxF	Heidi Happy	['swiss indie folk', 'swiss rock']	[2022]	2	2
6QrQ7OrISRYIfS5mtacaw2	Jaymes Young	['indie poptimism']	[2020, 2021, 2022]	2	0
6MF9fzBmfXghAz953czmBC	Taio Cruz	['dance pop', 'pop', 'pop rap']	[2020, 2021, 2022]	2	1
7iTLGcddv1bOPirdYJjKVy	Dj Yo!	[]	[2021, 2022]	2	2
5fUXK5m3BNwoRgTyKq8tnz	AX'EL	[]	[2021, 2022]	2	2
1Z25ZlGHqqlr3o1UGQOfNn	JNR CHOI	['gambian hip hop']	[2021, 2022]	2	1
1AgAVqo74e2q4FVvg0xpT7	Tedua	['indie liguria', 'italian hip hop', 'italian pop', 'rap genovese', 'trap italiana']	[2019, 2022]	2	2
1Oa0bMld0A3u5OTYfMzp5h	Nate Dogg	['g funk', 'gangster rap', 'hardcore hip hop', 'hip hop', 'west coast rap']	[2017, 2018, 2019, 2020, 2021, 2022]	2	2
0YmQyGKpZgGSDxsC8iEGQU	La rappresentante di lista	['indie siciliano', 'italian alternative', 'italian indie pop', 'italian pop']	[2022]	2	0
1APMveRvLxWAB5AI0j11DD	Trei Degete	[]	[2021, 2022]	2	2
3QFiymmbJlVBPpnrOatEAk	Myd	['filter house', 'french indie pop', 'french indietronica', 'new french touch']	[2021, 2022]	2	2
7B53Suqn5TsVu6S6gIgqeA	KronoMuzik	[]	[2021, 2022]	2	2
0CbeG1224FS58EUx4tPevZ	Timmy Trumpet	['australian dance', 'big room', 'melbourne bounce', 'melbourne bounce international']	[2021, 2022]	2	2
41qfKbF6qreDxiWBmOX39N	Elai	['albanian hip hop', 'albanian pop']	[2021, 2022]	2	0
7uMh23xWiuR7zsNkuNcm2G	MNEK	['house', 'pop dance', 'uk contemporary r&b', 'uk dance', 'uk pop']	[2017, 2020, 2021, 2022]	2	2
5AiY4bxeXerLXx03JADdQv	Buni	['uk drill']	[2021, 2022]	2	2
3rZxAl7fnH4NDynhJm3MUm	Kolja Goldstein	['german hip hop']	[2022]	2	1
0vLsqW05dyLvjuKKftAEGA	Die drei ??? Kids	['hoerspiel']	[2020, 2021, 2022]	2	0
3klZnJvYGIbWritVwQD434	Duncan Laurence	['dutch pop']	[2019, 2020, 2021, 2022]	2	0
2WzaAvm2bBCf4pEhyuDgCY	Ruth B.	['alt z', 'canadian contemporary r&b', 'canadian pop', 'pop']	[2017, 2022]	2	0
79AyR6ATpj2LTPxfb6FX50	Lauren Spencer Smith	['alt z', 'gen z singer-songwriter']	[2022]	2	0
6T5tfhQCknKG4UnH90qGnz	DNCE	['dance pop', 'pop']	[2017, 2022]	2	1
6olE6TJLqED3rqDCT0FyPh	Nirvana	['grunge', 'permanent wave', 'rock']	[2021, 2022]	2	0
61bQ4nwIioR8w6PGxzpyY3	Rondodasosa	['drill italiana', 'italian hip hop', 'trap italiana']	[2021, 2022]	2	2
5MspMQqdVbdwP6ax3GXqum	Annie Lennox	['new romantic', 'new wave', 'new wave pop', 'singer-songwriter', 'soft rock', 'synthpop']	[2017, 2018, 2019, 2020, 2021, 2022]	2	1
1h6Cn3P4NGzXbaXidqURXs	Swedish House Mafia	['edm', 'pop dance', 'progressive electro house']	[2021, 2022]	2	2
1WO1hFAkFbeo9tV3uVX7Dy	A1 x J1	['chill drill', 'melodic drill']	[2021, 2022]	2	1
21UPYSRWFKwtqvSAnFnSvS	Amaarae	['afro r&b', 'afrobeats', 'alternative r&b', 'ghanaian alternative', 'ghanaian pop']	[2021, 2022]	2	2
2hVWBpjLW4Q7fboYz2pVYK	Moliy	['ghanaian alternative']	[2021, 2022]	2	2
1hJuGCUpefX24GFmss9bjH	Amy Macdonald	['scottish singer-songwriter']	[2017, 2021, 2022]	2	0
2kCO8LXN1usaOPL3iEE28I	Tai Verdes	['modern indie pop', 'singer-songwriter pop']	[2021, 2022]	2	0
5EmEZjq8eHEC6qFnT63Lza	Tinlicker	['progressive house']	[2021, 2022]	2	2
6dC41opH96WjFwWhhAxBsS	Helsloot	[]	[2021, 2022]	2	2
3tQzzidoPfVifoURnDfgmD	t-low	['german hip hop', 'german trap']	[2021, 2022]	2	1
77SW9BnxLY8rJ0RciFqkHh	The Neighbourhood	['modern alternative rock', 'modern rock', 'pop', 'pov: indie']	[2020, 2021, 2022]	2	0
5BcAKTbp20cv7tC5VqPFoC	Macklemore & Ryan Lewis	['pop rap', 'seattle hip hop']	[2017, 2018, 2019, 2020, 2021, 2022]	2	2
4myTppRgh0rojLxx8RycOp	Ryan Lewis	['pop rap']	[2017, 2018, 2019, 2020, 2021, 2022]	2	2
523y9KSneKh6APd1hKxLuF	Master KG	['bolobedu house', 'south african house']	[2020, 2021, 2022]	2	2
6U3ybJ9UHNKEdsH7ktGBZ7	JID	['hip hop', 'rap', 'underground hip hop']	[2021, 2022]	2	2
57nPqD7z62gDdq37US9XJR	Arcane	[]	[2021, 2022]	2	2
7i9j813KFoSBMldGqlh2Z1	Riton	['house', 'pop dance', 'uk dance']	[2019, 2020, 2021, 2022]	2	2
0hKUUP3J5Dc69cQur3U2nV	Selmon	['german alternative rap', 'german hip hop']	[2021, 2022]	2	2
3X72QJ8h5VDUhd8o3txpYb	Muma	['albanian pop']	[2021, 2022]	2	2
7aBzpmFXB4WWpPl2F7RjBe	Wyclef Jean	['rap kreyol']	[2017, 2020, 2021, 2022]	2	2
3aQeKQSyrW4qWr35idm0cy	T-Pain	['dance pop', 'gangster rap', 'hip hop', 'pop rap', 'r&b', 'rap', 'southern hip hop', 'trap', 'urban contemporary']	[2019, 2020, 2021, 2022]	2	2
5IbEL2xjRtKsunfmsahLuO	$NOT	['aesthetic rap', 'cloud rap', 'florida rap', 'underground hip hop']	[2022]	2	2
37230BxxYs9ksS7OkZw3IU	Chencho Corleone	['reggaeton flow', 'trap latino', 'urbano latino']	[2020, 2022]	2	2
2fPTKvCZ1fEiDiuGFGMh2w	kid kapri	['german trap']	[2021, 2022]	2	1
0gAILSEru1PKMwP0tAqNLS	Willow Sage Hart	['show tunes']	[2021, 2022]	2	2
7okSU80WTrn4LXlyXYbX3P	Clinton Kane	['alt z', 'gen z singer-songwriter']	[2020, 2021, 2022]	2	1
21H6paZGGR6dQpVmAqbdzV	1986zig	['german hip hop', 'german pop']	[2021, 2022]	2	1
33NVpKoXjItPwUJTMZIOiY	David Kushner	['gen z singer-songwriter']	[2022]	2	0
3GBPw9NK25X1Wt2OUvOwY3	Jack Johnson	['neo mellow']	[2017, 2020]	2	1
5me0Irg2ANcsgc93uaYrpb	The Notorious B.I.G.	['east coast hip hop', 'gangster rap', 'hardcore hip hop', 'hip hop', 'rap']	[2017]	2	1
5PC7uk8MpcC0x1Pf0U6cJV	Soni	['albanian pop']	[2017]	2	2
6d47Z08T4snK50HgTEHo5Z	Sage The Gemini	['hyphy', 'pop rap', 'southern hip hop', 'trap']	[2017]	2	0
1B0Rp4SWGnFgGCPU5Pju6E	Nego do Borel	['funk carioca', 'funk das antigas', 'funk ostentacao', 'funk pop', 'sertanejo universitario']	[2017, 2018]	2	2
04AIS3XqFcq2k8w3Tx4AmU	Siboy	['french hip hop', 'pop urbaine', 'rap francais']	[2017, 2018]	2	2
4kI8Ie27vjvonwaB2ePh8T	Portugal. The Man	['indie rock', 'indietronica', 'modern alternative rock', 'modern rock']	[2017, 2018, 2019, 2020]	2	1
5M2y5A6d5QZjw9JeKClagC	Andrelli	['swedish pop']	[2017]	2	1
0CkbPVBpOwwz9NPPglFKyq	RAY BLK	['alternative r&b', 'electra', 'uk contemporary r&b']	[2017, 2018, 2019]	2	1
4IMAo2UQchVFyPH24PAjUs	Jowell & Randy	['reggaeton', 'urbano latino']	[2017, 2020]	2	2
0tPjSrb43a58uznKru1k2P	A$AP Twelvyy	['underground hip hop']	[2017]	2	2
45m1IiS45uD1HcPlYkNWKj	A$AP ANT	['baltimore hip hop', 'drill', 'underground hip hop']	[2017]	2	2
1GarejqGHyKM1adTFnB4NN	The Gardener & The Tree	['swiss indie', 'swiss indie folk']	[2017]	2	0
2JLqTvFXmC87BksiCsBezV	Matt Terry	['talent show']	[2017, 2018]	2	1
2a0uxJgbvvIRI4GX8pYfcr	J Hus	['afroswing', 'grime', 'uk hip hop']	[2017, 2019]	2	2
1qskAseW7apRxJBpYAO9Yk	Felix Snow	[]	[2017]	2	2
3XBxSfCwYIMBzWmJL7ZJ4U	Jason Walker	['viral pop']	[2017]	2	2
7x3eTVPlBiPjXHn3qotY86	KeBlack	['french hip hop', 'pop urbaine', 'r&b francais']	[2017]	2	1
1yFie7615gesdLbvVVpYU5	Zoe Nash	['la pop']	[2017]	2	2
26GKAYYuyr424SdSkr8xlQ	Halloran & Kate	['channel pop']	[2017]	2	1
3EXdLajEO02ziZ90P90bSW	Lil Xan	['cloud rap']	[2017, 2018]	2	1
0B3N0ZINFWvizfa8bKiz4v	James TW	['british singer-songwriter']	[2017, 2018, 2019, 2020, 2021]	2	0
0lM8pgLaP7dAfY5E4jLNuj	Deb’s Daughter	[]	[2017]	2	2
29QbBR0oTzA7A0kiOzrbbr	Jamie Scott	['uk pop']	[2017, 2018]	2	2
5gWzmnHTLNXz5CjOc0wAuK	Romy Dya	['dutch pop']	[2017, 2018]	2	2
5luyt0SUvGkDMY4ILP6Qhl	Descemer Bueno	['cubaton']	[2017, 2018]	2	2
6kXm2YCtdUOpRYNKeKhfue	Ryan Gosling	['hollywood']	[2017]	2	1
5ZDBkifba6O2TRqyzxGuoq	LAAS	['oldschool deutschrap']	[2017, 2020]	2	2
2gsggkzM5R49q6jpPvazou	Jessie J	['dance pop', 'pop']	[2017, 2018, 2019, 2020, 2021]	2	0
5lXfVoQxVgC5fpjkVqvNYn	Isaiah Firebrace	['australian pop']	[2017, 2018]	2	0
5ZS223C6JyBfXasXxrRqOk	Jhené Aiko	['r&b']	[2017]	2	2
6V3F8MZrOKdT9fU686ybE9	Mark Morrison	['british soul']	[2017, 2021]	2	2
4VZY0nxYMSNotbS7WjNVQy	Nyla	[]	[2017, 2018]	2	2
6AiABQVLpWNCWDhBmYbRqG	Fresh Coast	[]	[2017]	2	2
7oKJmnPaABXLPkw3gT7rIa	Jody Bernal	[]	[2017]	2	2
3alW3LYQS8K29z8C8NSLIX	Barry Manilow	['adult standards', 'mellow gold', 'soft rock', 'yacht rock']	[2017, 2021]	2	1
10n5lhNDoSMUHWLlnST1yw	Slade	['glam rock']	[2017, 2018, 2019, 2020, 2021]	2	0
2kucQ9jQwuD8jWdtR9Ef38	Sam Hunt	['contemporary country', 'country', 'country pop']	[2017]	2	0
3WOOglGBDGvr6c2WBeMAWn	Urban Cone	['swedish indie pop']	[2017]	2	0
0xOeVMOz2fVg5BJY3N6akT	Jaden	['pop rap', 'rap']	[2017, 2018]	2	2
6dC0rIJNLSFZwqckLgXJ8p	Timeflies	['indie pop rap']	[2017]	2	1
0JXiS2FrAg3wQYJHcmZdrc	B. Swanson Quartet	[]	[2017, 2018, 2019, 2020, 2021]	2	2
51XrH5fQP2oIQynuKxSWcW	Sky Rompiendo	['urbano latino']	[2017]	2	2
0Tob4H0FLtEONHU1MjpUEp	Tinie Tempah	['dance pop', 'grime', 'pop rap']	[2017, 2018]	2	2
7H55rcKCfwqkyDFH9wpKM6	Christina Perri	['pop']	[2017, 2018]	2	0
2XtC6uU1zPKa4iNwXjD63L	Skaodi	['rap francais']	[2017, 2019]	2	2
15iVAtD3s3FsQR4w1v6M0P	Chief Keef	['chicago bop', 'chicago drill', 'chicago rap', 'drill', 'hip hop', 'rap', 'trap']	[2017, 2020]	2	2
2ayNSoKPCRAfjp6hQ76hRu	Nacho	['latin pop', 'pop venezolano', 'reggaeton', 'trap latino', 'urbano latino']	[2017, 2018]	2	1
79QO0Xmn1dZhvaLicS2Yrs	The Night Game	['modern alternative rock']	[2017]	2	2
48sLioddyaXkuhyHXSkpsB	Parson James	['pop soul']	[2017]	2	2
7Dz9goFmVZZqvJxZoKg7pF	Danelle Sandoval	['nyc pop']	[2017, 2018]	2	2
0uGApGjjFXKwUOAqYBeX7B	Deepend	['deep house', 'deep tropical house', 'tropical house']	[2017, 2018]	2	2
7jdFEYD2LTYjfwxOdlVjmc	KALEO	['icelandic indie', 'icelandic rock', 'modern alternative rock']	[2017, 2018]	2	0
76yeOnINtQSXyoEHbkYmtY	Drew Love	[]	[2017, 2018]	2	2
23wEWD21D4TPYiJugoXmYb	Thalia	['latin pop', 'mexican pop']	[2017, 2019, 2020]	2	2
60df5JBRRPcnSpsIMxxwQm	Otis Redding	['classic soul', 'memphis soul', 'soul', 'soul blues', 'southern soul', 'vocal jazz']	[2017, 2020, 2021]	2	0
1bqxdqvUtPWZri43cKHac8	MAX	['viral pop']	[2017, 2019]	2	1
2KsP6tYLJlTBvSUxnwlVWa	Mike Posner	['dance pop', 'pop', 'pop rap']	[2017]	2	2
5olcgTzelGdyP1rHRLyWgs	S.Pri Noir	['french hip hop', 'pop urbaine', 'rap francais']	[2017, 2020]	2	2
6CwfuxIqcltXDGjfZsMd9A	MARINA	['metropopolis', 'pop', 'pov: indie', 'uk alternative pop']	[2017, 2018]	2	2
5nkYRuiIHg2xXHFC8bfosJ	ItaloBrothers	['hands up', 'italo dance']	[2017, 2018]	2	0
1Ml4OuStDoympbREURAM15	The Fontane Sisters	['deep adult standards', 'vocal harmony group']	[2017, 2018, 2019, 2020, 2021]	2	2
0HS96tPggl2nwiz3gNWWI5	Mitchell Ayres & His Orchestra	"[""man's orchestra""]"	[2017, 2018, 2019, 2020, 2021]	2	2
0SdiiPkr02EUdekHZJkt58	Hanson	['boy band']	[2017]	2	0
02A3cEvlLLCbIMVDrK2GHV	Starley	['aussietronica']	[2017, 2018]	2	2
3GtCKJA4SkOxN65MWjm82R	Hot Shade	[]	[2017]	2	1
0uGk2czvcpWQA383Im6ajf	Maggie Lindemann	['alt z', 'dark pop', 'pop']	[2017, 2018]	2	2
0CEK8AzyeD5ZUdUloB6yQV	CADE	['pop edm']	[2017, 2018]	2	2
35S20clEkkSNUo23ViaslZ	Band Aid	['musical advocacy']	[2017, 2018, 2019, 2020, 2021]	2	0
4yiQZ8tQPux8cPriYMWUFP	Gwen Stefani	['dance pop', 'pop']	[2017, 2018, 2019, 2020, 2021]	2	2
1UTPBmNbXNTittyMJrNkvw	Blake Shelton	['classic oklahoma country', 'contemporary country', 'country', 'country road']	[2017, 2018, 2019, 2020, 2021]	2	2
3zrUX1hQrUB9aXcOiyQLmN	Stanaj	[]	[2017]	2	1
4NZvixzsSefsNiIqXn0NDe	Maggie Rogers	['indie pop']	[2017, 2018]	2	0
7K78lVZ8XzkjfRSI7570FF	José Feliciano	['latin pop', 'puerto rican pop']	[2017, 2018, 2019, 2020, 2021]	2	0
7blkMNJv8n9ceP9zlA4W2U	Shawn Hook	['canadian pop']	[2017]	2	2
6G9bygHlCyPgNGxK2l3YdE	Vanessa Hudgens	['dance pop', 'pop', 'post-teen pop']	[2017]	2	2
1ackd5XprZEkH3McKbQD51	Juan Magán	['electro latino', 'spanish pop']	[2017, 2018]	2	2
64NNRZT3lIEnaavebMacBw	Jasko	['german hip hop']	[2017, 2020]	2	2
4poL7YCSkG7kMnWjAdDU91	Era Istrefi	['albanian hip hop', 'albanian pop', 'kosovan pop']	[2017, 2018]	2	2
6aGmKxXoKrSdovRUn8MBhZ	Margaret	['polish pop']	[2017]	2	0
0eHQ9o50hj6ZDNBt6Ys1sD	Yandel	['latin hip hop', 'reggaeton', 'trap latino', 'urbano latino']	[2017, 2018]	2	2
6hanC5m590BGQMCsmJZJBN	Stepan Konicek	['detske pisnicky']	[2017, 2019, 2020, 2021]	2	2
4lDXfIznmGueBgTjI3qGUX	Møme	['new french touch', 'nice indie']	[2017]	2	2
76Xa625geVw0Q7BdyxNjA2	ZAAC	['funk carioca', 'funk ostentacao', 'funk pop']	[2017, 2019]	2	2
5bzWtCkjIAMgN93gLt56SO	Tropkillaz	['afrofuturismo brasileiro', 'bass trap', 'funk carioca', 'pop nacional']	[2017, 2019]	2	2
5lpH0xAS4fVfLkACg9DAuM	Wham!	['new romantic', 'new wave', 'new wave pop', 'soft rock']	[2017, 2018, 2019, 2020, 2021]	2	0
2HkAI0YrEcgoR8QdaURqhO	Dimitri Vegas	['belgian edm']	[2017, 2018, 2019, 2020]	2	2
1mZu3rO7qSD09GdDpePHhY	Frankie Goes To Hollywood	['dance rock', 'hi-nrg', 'new romantic', 'new wave', 'new wave pop', 'synthpop']	[2017, 2018, 2019, 2020, 2021]	2	0
51Blml2LZPmy7TTiAg47vQ	U2	['irish rock', 'permanent wave', 'rock']	[2017]	2	1
2JyWXPbkqI5ZJa3gwqVa0c	Craig David	['british soul']	[2017, 2018]	2	1
2QMCcKIPHnjQaPPgoEst88	Matisse & Sadko	['dutch house', 'edm', 'electro house', 'pop dance', 'progressive electro house', 'progressive house', 'russian edm', 'sky room']	[2017, 2019]	2	2
1bZDq4po4dMIpN74Zendm0	Janieck	['dutch pop']	[2017, 2019, 2020]	2	2
62DmErcU7dqZbJaDqwsqzR	Popcaan	['dancehall', 'jamaican hip hop', 'reggae fusion', 'traphall']	[2017, 2020]	2	2
0GByy3DcfbQwDvXGCWmzv9	Pretenders	['album rock', 'classic rock', 'mellow gold', 'new romantic', 'new wave', 'new wave pop', 'permanent wave', 'rock', 'soft rock']	[2017, 2020, 2021]	2	0
1HcAkAeL4xf02wzAnl7mIV	Michaël Brun	['raboday']	[2017, 2018]	2	2
1pgDilWYDWLoOgGjf1iHNu	Zion	['reggaeton', 'urbano latino']	[2017, 2019]	2	2
4sj6D0zlMOl25nprDJBiU9	Andy Williams	['adult standards', 'easy listening']	[2017, 2018, 2019, 2020, 2021]	2	0
2lolQgalUvZDfp5vvVtTYV	Tony Bennett	['adult standards', 'easy listening', 'lounge', 'vocal jazz']	[2017, 2018, 2019, 2020, 2021]	2	0
2bxxlINUlcMQQb39K7IopR	Abraham Mateo	['latin arena pop', 'latin pop', 'latin viral pop', 'reggaeton', 'spanish pop']	[2017, 2020]	2	2
4phGZZrJZRo4ElhRtViYdl	Jason Mraz	['acoustic pop', 'dance pop', 'neo mellow', 'pop']	[2017, 2018, 2019, 2020, 2021]	2	0
4x1nvY2FN8jxqAFA0DA02H	John Lennon	['beatlesque', 'classic rock', 'rock']	[2017, 2018, 2019, 2020, 2021]	2	2
2s4tjL6W3qrblOe0raIzwJ	Yoko Ono	['experimental', 'experimental pop']	[2017, 2018, 2019, 2020, 2021]	2	2
1Fr6agZ6iSM5Ynn2k4C8sc	VÉRITÉ	['alt z', 'brooklyn indie', 'dark pop', 'electropop', 'indie poptimism', 'metropopolis', 'nyc pop', 'vapor pop']	[2017]	2	1
2tMOCIpxj6jwM9e6pmwGiP	KEY!	['underground hip hop']	[2017]	2	2
3XHO7cRUPCLOr6jwp8vsx5	alt-J	['indie rock', 'indietronica', 'modern alternative rock', 'modern rock', 'rock']	[2017]	2	0
6hMNiBKUQFKpnZ7GTvLVZf	Ali Bumaye	['german hip hop']	[2017, 2019]	2	1
0QJIPDAEDILuo8AIq3pMuU	M.I.A.	['escape room', 'indietronica', 'new rave']	[2017, 2020]	2	1
1osZFzamKEXNoYk7HzWbDe	Sunrise Avenue	['finnish pop', 'german pop']	[2017]	2	0
0jNDKefhfSbLR9sFvcPLHo	San Holo	['brostep', 'edm', 'electro house', 'electronic trap', 'future bass', 'pop dance']	[2017]	2	0
2ZRQcIgzPCVaT9XKhXZIzh	Gryffin	['edm', 'pop dance']	[2017, 2018]	2	2
1svaANJTE5KrG16fTGDqOs	The Puppini Sisters	['easy listening', 'swing', 'swing revival']	[2017, 2018, 2019, 2020, 2021]	2	2
6rl53MP8HSoiugpqzA50Zh	Amir	['french pop']	[2017, 2018, 2021]	2	2
31oskUgmqCnxk6jfx8yqzR	Lakmann	['german boom bap', 'oldschool deutschrap']	[2017, 2020]	2	2
6KfzyefHYuqfWaI5taICaN	Band Aid 30	['musical advocacy']	[2017, 2018, 2019, 2020, 2021]	2	0
4tX2TplrkIP4v05BNC903e	Tom Petty and the Heartbreakers	['album rock', 'classic rock', 'hard rock', 'heartland rock', 'mellow gold', 'rock', 'singer-songwriter', 'soft rock']	[2017, 2018]	2	0
6Ff53KvcvAj5U7Z1vojB5o	*NSYNC	['boy band', 'dance pop', 'pop']	[2017, 2018, 2019, 2020, 2021]	2	0
1FqqOl9itIUpXr4jZPIVoT	The Drifters	['adult standards', 'doo-wop', 'rock-and-roll', 'rockabilly', 'soul']	[2017, 2018, 2021]	2	1
0C0XlULifJtAgn6ZNCW2eu	The Killers	['alternative rock', 'dance rock', 'modern rock', 'permanent wave', 'rock']	[2017, 2021]	2	0
2cy1zPcrFcXAJTP0APWewL	Gente De Zona	['cubaton', 'electro latino', 'latin hip hop', 'latin pop']	[2017]	2	2
2Q570lQPWiuP2dCOP69jO3	Remoe	['german hip hop', 'german r&b']	[2017, 2019]	2	2
3MHaV05u0io8fQbZ2XPtlC	Prince Royce	['bachata', 'latin hip hop', 'latin pop', 'urbano latino']	[2017, 2018]	2	1
67nwj3Y5sZQLl72VNUHEYE	Wale	['pop rap', 'r&b', 'rap', 'southern hip hop', 'trap']	[2017, 2020]	2	2
4LcUpNlXFEleaLlelmkv2R	Kris Kross Amsterdam	['dutch house', 'dutch pop']	[2017, 2018, 2019]	2	2
4SsVbpTthjScTS7U2hmr1X	Arcángel	['latin hip hop', 'reggaeton', 'trap latino', 'urbano latino']	[2017, 2020]	2	2
1YjaVTeHBlVRRxbk7H30HN	Lunis	[]	[2021]	2	2
4TvhRzxIL1le2PWCeUqxQw	The Blessed Madonna	[]	[2020, 2021]	2	2
7Gx2wDVHyW5HJh7dc2t5h7	Lil Zey	['turkce kadin rap', 'turkish hip hop', 'turkish trap']	[2021]	2	2
0GICHCgSgJrRnanaNRFIMX	Undacava	['german hip hop', 'german underground rap']	[2021]	2	2
4VVEpEhC8NcR7AqNEds42U	Chimbala	['dembow', 'rap dominicano']	[2021]	2	2
3tXUeiWOSod3mSQ2lOautf	Wes	['cameroonian pop']	[2020, 2021]	2	2
43BxCL6t4c73BQnIJtry5v	James Hype	['deep groove house', 'pop dance', 'uk dance']	[2018, 2021]	2	2
1FXdfOOisB3d3hfZOjhjID	Esther Graf	['frauenrap', 'german pop']	[2020, 2021]	2	2
3r1XkJ7vCs8kHBSzGvPLdP	slowthai	['uk alternative hip hop', 'uk hip hop']	[2021]	2	2
1nzgtKYFckznkcVMR3Gg4z	KSI	['uk hip hop']	[2021]	2	2
63FkGNSVb9VB4Is1V3Q9Nj	Lio	[]	[2021]	2	2
0PPCPsuv0iOAYKGR2SkFal	VOLO	['german hip hop', 'german underground rap']	[2021]	2	2
2NCGI6dLTxLdI9XHdv7QfM	The Andrews Sisters	['adult standards', 'swing', 'torch song', 'vocal harmony group']	[2018, 2019, 2020, 2021]	2	2
7w8dCZLUTuDRPlTrb4t4y1	BURAK	[]	[2021]	2	0
7xaDVu3YWJLnyoExZy9iWt	NKSN	['german r&b']	[2020, 2021]	2	2
2KX2VLr3Eu6sn6EtxzCtvf	Colapesce	['indie siciliano', 'italian adult pop', 'italian alternative', 'italian indie pop', 'italian pop']	[2021]	2	2
1k3zqz5SgrYCE0wpcfJX3g	Dimartino	['indie siciliano', 'italian alternative', 'italian indie pop']	[2021]	2	2
01oS5Y7hWFLIZMk1pmugdT	YY	[]	[2021]	2	2
1DxLCyH42yaHKGK3cl5bvG	Maria Becerra	['pop argentino']	[2021]	2	2
1kR99O4MgSTasyeJh8UFCg	DJ Koze	['electronica', 'german techno', 'hamburg electronic', 'microhouse', 'minimal techno']	[2021]	2	2
4BFLElxtBEdsdwGA1kHTsx	ElGrandeToto	['arabic hip hop', 'rap maroc']	[2018, 2021]	2	2
44bvfFf9VeGwVjK0QDqQ7O	Oxmo Puccino	['french hip hop', 'old school rap francais', 'rap conscient']	[2019, 2021]	2	2
0n6sKrG0xKAf8xmdqeNGke	Los Legendarios	[]	[2021]	2	2
4oVERQ0AxzzQ4zip1nMKlt	Gringe	['cloud rap francais', 'french hip hop', 'rap conscient']	[2018, 2021]	2	2
716NhGYqD1jl2wI1Qkgq36	Bizarrap	['argentine hip hop', 'pop venezolano', 'trap argentino', 'trap latino', 'urbano latino']	[2021]	2	2
78Die3Gb8yaElTmGCa7m7N	Kore	['french hip hop', 'pop urbaine', 'rap francais']	[2021]	2	2
4FrXHrpbDLNyO3pbVv8RmF	Sophie and the Giants	['sheffield indie']	[2020, 2021]	2	2
3PyJHH2wyfQK3WZrk9rpmP	Ashnikko	['alt z', 'escape room']	[2020, 2021]	2	1
0dvFTsuG02c4cRbcSQ8zE6	Yak Gotti	['atl trap']	[2020, 2021]	2	2
2oQX8QiMXOyuqbcZEFsZfm	El Alfa	['dembow', 'rap dominicano', 'reggaeton', 'trap latino', 'urbano latino']	[2019, 2020, 2021]	2	2
7MP4jhYmFEgb0AtiOkw55s	Play-N-Skillz	['chicano rap']	[2020, 2021]	2	2
4AA474G2hRfrHyGrfyDseO	Mozzy	['cali rap', 'sacramento hip hop']	[2018, 2021]	2	2
50wzqHjRYfCJ6vvSm0sVlL	FGUN $HAKI	[]	[2021]	2	2
1WsYCXdezMjn0KoIrLvMmC	Ed Sheeran & Justin Bieber	[]	[2019, 2020, 2021]	2	2
7aASXckUdNXJ5X338n8C1D	Voyage	['turbo folk']	[2021]	2	1
2IDLDx25HU1nQMKde4n61a	Rich Brian	['indonesian hip hop']	[2021]	2	2
76YIoWHp3Ri3q1ocOPtFzp	AREA21	[]	[2021]	2	2
6mEktZc9hTEYmOEBgG9fpw	Rua	['frauenrap', 'german hip hop']	[2021]	2	2
4bYPcJP5jwMhSivRcqie2n	Adam Levine	['deep talent show']	[2021]	2	2
3lM0nwY4ZsxbbIiGHFwceN	Cricket	['albanian pop']	[2020, 2021]	2	2
46wEUZyujVrFSrdCnTKQmV	Marwa Loud	['french hip hop', 'pop urbaine', 'r&b francais']	[2020, 2021]	2	1
3Y7RZ31TRPVadSFVy1o8os	H.E.R.	['r&b', 'rap']	[2019, 2021]	2	2
6TR6dUNDpqyitYzDvY7DI0	Koushino	['german drill', 'german hip hop', 'german underground rap']	[2021]	2	2
5SvTdw7YJCcrlILU5FMc1F	Camaeleon	['german drill', 'german hip hop', 'german underground rap']	[2021]	2	2
4CDXbURs9NxZWRLVZ2HHto	Sheffield	[]	[2018, 2019, 2020, 2021]	2	0
2Ns3GuAU2LYllDr7z20d0e	No Limit	[]	[2021]	2	2
2WxjxdeF7GGdcCK276qViY	Natalie Taylor	[]	[2018, 2019, 2020, 2021]	2	0
0nSloWzkGWXwj1v8nOI0Ma	Teesy	['german pop', 'german r&b']	[2021]	2	2
4jFlmD92WULLlaRS8Cj6QS	Francesca Michielin	['italian adult pop', 'italian pop']	[2021]	2	2
3onAIVX9X9UqpfI3EIOl8B	KOZIKOZA	[]	[2021]	2	2
697ZbUKLJSEWWhtayAGxBY	Faroon	['german hip hop']	[2021]	2	2
2o08sCWF5yyo2G4DCiT7T9	HVME	['slap house']	[2020, 2021]	2	1
79GiwayvvpyZVErpH6BLsY	Nito-Onna	['covertronica']	[2021]	2	2
2auikkNYqigWStoHWK1Grq	John Martin	['pop edm']	[2020, 2021]	2	2
1vgQksyJ0IVz8y9XerEOy3	Madame	['italian adult pop', 'italian hip hop', 'italian pop', 'trap italiana']	[2021]	2	1
4qMPc7lyf44akP8e1FMZ4a	Brasco	[]	[2021]	2	2
16T2NXQozERhuZW6g47OgC	Lent	['austrian hip hop']	[2020, 2021]	2	2
34cN1rMT4z4Wfbm8IS7YJm	DJ Carl Bangz	[]	[2020, 2021]	2	2
4Uc8Dsxct0oMqx0P6i60ea	Conan Gray	['bedroom pop', 'pop', 'pov: indie']	[2020, 2021]	2	1
2UZIAOlrnyZmyzt1nuXr9y	Nicki Nicole	['argentine hip hop', 'r&b argentino', 'trap argentino', 'trap latino', 'urbano latino']	[2021]	2	2
5AbLpsnTQVNB3OEadYiVrK	Yxng Bane	['afroswing', 'grime', 'uk dancehall', 'uk hip hop']	[2018, 2021]	2	2
6NQtXhodb5tNerCDXaX3sN	Stubete Gäng	['mundart']	[2020, 2021]	2	0
3qOQafP9GkJ95IZdeq80tt	Ermal Fejzullahu	['albanian pop', 'kosovan pop']	[2019, 2021]	2	2
474Q0FLKeKJZpGZgvo8QdD	CALO	['german hip hop']	[2019, 2021]	2	2
1gl0S9pS0Zw0qfa14rDD3D	Surf Curse	['dreamo', 'indie surf', 'pov: indie', 'surf punk', 'vegas indie']	[2021]	2	0
0I8Fhlo5rqJCj7iVrJGXC4	Phenomden	['german reggae', 'mundart', 'swiss hip hop', 'swiss reggae', 'swiss rock']	[2021]	2	2
7AzjETXRUKNRSJHMW9GIqd	Nina Nesbitt	['alt z', 'neo-singer-songwriter', 'uk pop']	[2018, 2019, 2020, 2021]	2	1
0FOWNUFHPnMy0vOw1siGqi	Belly	['canadian hip hop', 'canadian trap']	[2021]	2	2
6XzAV5lONpTgoSJDsF2Ubz	Baschi	['mundart', 'swiss rock']	[2018, 2021]	2	0
64rxQRJsLgZwHHyWKB8fiF	Eiffel 65	['eurodance', 'europop', 'italian adult pop', 'italo dance']	[2020, 2021]	2	2
2i6imPvoiQRrOnTTGx7pFD	Aaliyah	[]	[2021]	2	2
2YkKzgHa7xT6aW8QaSsQMd	Kitty Kat	['frauenrap']	[2021]	2	2
7MPGCB854Qo4alYMOPkBka	Ritt Momney	['bedroom pop']	[2020, 2021]	2	0
6wlk4iqaEgEvADMVG6QMd8	James Gillespie	['indie anthem-folk']	[2021]	2	2
2RrkjxcwXz281MxRs8Oqp7	LUNA	['german pop']	[2020, 2021]	2	1
5wD0owYApRtYmjPWavWKvb	Giant Rooks	[]	[2019, 2021]	2	1
6o5sl0TGublDPXyMHdMq1E	Moha K	['pop urbaine']	[2021]	2	0
4b19vuzlDcNdU4quI7L6sW	ElyOtto	['hyperpop', 'weirdcore']	[2021]	2	0
0L1f9i3L3fkMNENljDOsjG	Rocco Hunt	['italian adult pop', 'italian hip hop', 'italian pop', 'pop virale italiano', 'rap napoletano']	[2020, 2021]	2	2
0BqURncJM5B1BBu7UM51eq	Guaynaa	['reggaeton', 'reggaeton flow', 'urbano latino']	[2020, 2021]	2	2
0xgb3TcXgLOuMkZ0EnDwkw	Cr7z	['deep german hip hop']	[2019, 2021]	2	2
08Ld63UgKrJ0nZnCkzHtzc	Project Pat	['crunk', 'dirty south rap', 'gangster rap', 'memphis hip hop', 'trap']	[2021]	2	2
6kihpsUFibXNX1Wky3yvtI	AJÉ	['german hip hop', 'german underground rap']	[2020, 2021]	2	2
140rt2E4rTCFAA6R6cbyYb	Sarhad	['german hip hop']	[2020, 2021]	2	1
6BbceEVcjow8mhQPYK3eBK	Skread	['rap conscient']	[2021]	2	2
22bE4uQ6baNwSHPVcDxLCe	The Rolling Stones	['album rock', 'british invasion', 'classic rock', 'rock']	[2020, 2021]	2	0
0OZsbo7wbfOuKCmHUNBUHz	Melinda Ademi	['albanian pop']	[2020, 2021]	2	2
1o9x7ez0NvhDb7gBqrYnUj	B-Case	['pop edm']	[2021]	2	2
78cKpwHfvadTnUdLKeN7LP	Chakal	[]	[2020, 2021]	2	2
7z5WFjZAIYejWy0NI5lv4T	Dan + Shay	['contemporary country', 'country', 'country road']	[2019, 2020, 2021]	2	1
2HPiMwJktBXqakN0hnON2R	Lous and The Yakuza	['belgian pop']	[2020, 2021]	2	2
0h0Iypw4Zpe2pWEKIS9So3	OMAR	['german hip hop']	[2020, 2021]	2	2
2GlEiSHYEKlq9cUYDa9oZb	Lynda	['r&b francais']	[2020, 2021]	2	2
5Ea2kDQeQNQrIcI6tCthaQ	THABITI	['r&b francais', 'rap marseille']	[2020, 2021]	2	2
6FlJleUXbFb19c0U2BocbM	MEL	['frauenrap', 'german hip hop']	[2020, 2021]	2	2
7lMgpN1tEBQKpRoUMKB8iw	Black M	['french pop', 'pop urbaine', 'rap conscient']	[2018, 2021]	2	2
6DFLc5QqAw2mxhMEoLXIdj	BACI	['cologne hip hop']	[2020, 2021]	2	2
6hkKbkZGvAXuvle2FhCnxy	Shablo	['italian hip hop', 'italian pop']	[2020, 2021]	2	2
3Zd7nwSqwk9LruJLWwGaFQ	KEZ	['german cloud rap']	[2020, 2021]	2	2
4IJczjB0fJ04gs4uvP0Fli	Gym Class Heroes	['dance pop', 'pop rap']	[2021]	2	1
45gHcnDnMC15sgx3VL7ROG	42 Dugg	['detroit trap', 'trap']	[2021]	2	2
1XynjLPAyPi8SZAx8LHN0Z	Nuka	[]	[2020, 2021]	2	2
5TfpwNDNvEPPjWk65OrtmV	Sugar MMFK	['german hip hop']	[2019, 2021]	2	2
3v6Ji4uoWtKRkhuDUaxi9n	Dynoro	['edm']	[2018, 2019, 2020, 2021]	2	1
1OAjDaKgg00KCUYqDe68un	Gigi D'Agostino	['eurodance', 'italo dance']	[2018, 2019, 2020, 2021]	2	2
5nki7yRhxgM509M5ADlN1p	Oliver Heldens	['dutch house', 'edm', 'electro house', 'future house', 'house', 'pop dance', 'progressive electro house', 'progressive house']	[2019, 2020, 2021]	2	2
2gSIgsQWEHbWvOiFvhvx3g	OMG	['german hip hop']	[2020, 2021]	2	2
0RIwEP1SaALlxn9jOVqHfA	Gjon's Tears	[]	[2021]	2	0
37Qsf5KCKljH7mL134xp4k	Saudi	['south african hip hop']	[2018]	2	2
5uEeqYFuIChoWKy34jp8xE	Brando	['dance pop', 'pop dance']	[2018, 2019, 2020]	2	2
5T8zbK3dic52T9bFu0aY8z	Sophia Somajo	['swedish electropop']	[2018, 2019]	2	2
5czVIm17rZyNTdUdD6yY7w	Marc Sway	['swiss rock']	[2018, 2020]	2	2
4p8fvQcLMWToTpmezUb8T5	Finn	['uk house']	[2018]	2	0
2Pu1ZgpObhujxMXG3S8Myw	Musiye	['deep german hip hop']	[2018, 2019]	2	2
2ZMnWI3oIHyj7MyuZ99gvu	Super Sako	['armenian hip hop', 'armenian pop']	[2018]	2	2
1G6vOMAmvp8zog2GhG6avm	Hayko	['armenian pop']	[2018]	2	2
0HSc7yUdNSosxRb2UJnXlz	Namika	['german pop']	[2018]	2	2
4QVBYiagIaa6ZGSPMbybpy	Pedro Capó	['latin pop', 'puerto rican pop']	[2018, 2019, 2020]	2	2
7vXDAI8JwjW531ouMGbfcp	TINI	['latin pop', 'pop argentino']	[2018, 2020]	2	2
2zBfaKlnvbJ6RwumLQm4Uf	JONNY5	['german cloud rap', 'german trap']	[2018]	2	2
240wlM8vDrf6S4zCyzGj2W	CamelPhat	['deep tech house', 'house', 'progressive house']	[2018]	2	2
3kv1Edgn5HlEWCuEKr1Y9x	Yugen Blakrok	['south african hip hop', 'spiritual hip hop']	[2018]	2	2
1eMmoIprPDWeFdB1FxU6ZV	Au/Ra	['alt z', 'deep pop edm']	[2018, 2019]	2	2
6064pL9Hu3Wx2bwJMeOx6o	Tomine Harket	[]	[2018, 2019]	2	2
5UjifI1TYefXWn9GdqDOHl	Social House	[]	[2018, 2019]	2	2
3OsRAKCvk37zwYcnzRf5XF	Moby	['downtempo', 'electronica']	[2018]	2	2
7MFJyevu6jq0shwDuVLymu	Justin Mylo	['dutch house', 'electro house', 'pop dance', 'pop edm', 'progressive electro house']	[2018, 2020]	2	2
59wfkuBoNyhDMQGCljbUbA	Diddy	['dance pop', 'east coast hip hop', 'hip hop', 'hip pop', 'pop rap', 'rap']	[2018, 2020]	2	2
1KP6TWI40m7p3QBTU6u2xo	BØRNS	['indie poptimism', 'indietronica', 'modern alternative rock', 'modern rock', 'pov: indie']	[2018, 2020]	2	1
3ECsaSd1fom8coUUkkFzqt	Jeon	['ritmo kombina']	[2018]	2	2
3m785bWzNnoLuIJP88DUN1	SAMY	['german hip hop']	[2018, 2019]	2	2
2wIVse2owClT7go1WT98tk	Missy Elliott	['dance pop', 'hip hop', 'hip pop', 'neo soul', 'pop rap', 'r&b', 'rap', 'urban contemporary', 'virginia hip hop']	[2018, 2020]	2	2
3EiLUeyEcA6fbRPSHkG5kb	De La Ghetto	['reggaeton', 'reggaeton flow', 'trap latino', 'urbano latino']	[2018, 2020]	2	2
0TkqXdyWLsssJH7okthMPQ	Jay Electronica	['alternative hip hop', 'conscious hip hop', 'drumless hip hop', 'hip hop', 'psychedelic hip hop']	[2018]	2	2
22qcssYcY9HKu3mgcXXEGq	Rooz	[]	[2018, 2019]	2	2
4gOc8TsQed9eqnqJct2c5v	K/DA	['k-pop girl group']	[2018, 2020]	2	2
2AfmfGFbe0A0WsTYm0SDTx	(G)I-DLE	['k-pop', 'k-pop girl group']	[2018, 2020]	2	2
0tRFWXqKBBQcu5oFVOgVzX	Jaira Burns	['alt z']	[2018, 2020]	2	2
0g9vAlRPK9Gt3FKCekk4TW	Ab-Soul	['conscious hip hop', 'hip hop', 'rap']	[2018]	2	2
2Tg0aF5cbZktYFzgR1iAKv	Julie Bergan	['norwegian pop']	[2018]	2	2
4NMbgO5NL6aXzSmQzAAYPP	Leon Machère	['german pop', 'german viral rap']	[2018, 2019]	2	2
2gTcdmBwgyh3EORKIXCzlw	El Profesor	['house']	[2018, 2019]	2	2
2hgP9Ap2tc10R5jrQaEpMT	Charles Aznavour	['chanson']	[2018]	2	0
3JudvZnY94AkCzfAVXzawN	Slimka	['french hip hop', 'rap calme', 'rap francais', 'swiss hip hop']	[2018]	2	2
2cADQgiLMjNhbsfeN52Bf3	Swizz Beatz	['battle rap', 'dirty south rap', 'southern hip hop', 'trap']	[2018, 2020]	2	2
0hItVPjwJLVZrFqOyIsxPf	Judy Garland	['adult standards', 'torch song', 'vocal jazz']	[2018, 2020]	2	0
2V5xArcB3BGAHmwsK46tyU	Vladimir Cauchemar	[]	[2018, 2019]	2	2
76UCIJTB0jcJvBaL0CdIqx	Takagi & Ketra	['italian adult pop', 'italian pop']	[2018, 2019, 2020]	2	2
0dwEXtB6gceh7EO7tCsxhD	Giusy Ferreri	['italian adult pop', 'italian pop']	[2018, 2019, 2020]	2	2
3gGUMEwIX6XodWsYEvKSal	YBN Nahmir	['alabama rap', 'rap', 'trap']	[2018, 2020]	2	2
22HVxZPA6UhBp8wahxDA6I	France Gall	['chanson', 'ye ye']	[2018]	2	0
4TEJudQY2pXxVHPE3gD2EU	BlocBoy JB	['memphis hip hop', 'rap', 'tennessee hip hop', 'trap']	[2018]	2	2
6WY7D3jk8zTrHtmkqqo5GI	Maren Morris	['classic texas country', 'contemporary country']	[2018, 2019]	2	2
3EWxytcxaM0tksU6v3je2Q	kiLL edward	[]	[2018]	2	2
5mmEMfYChd6MImBagU7zCs	Bigflo & Oli	['french pop', 'rap conscient']	[2018, 2020]	2	2
2YYAp30sXeDAKiTLMfKGTT	The NGHBRS	['la pop']	[2018, 2019]	2	2
4TH4BHy0LdBi3dpBW4P2UX	R. City	['reggae fusion', 'virgin islands reggae']	[2018, 2019]	2	2
712InoSIIy6pB9rCV2R5id	Bori	[]	[2018, 2019]	2	2
1UCxzrM5WJh9ure5vCcsim	Charlie Charles	['italian hip hop', 'italian pop']	[2018, 2019]	2	2
00XhexlJEXQstHimpZN910	Brytiago	['reggaeton', 'trap latino', 'urbano latino']	[2018, 2019]	2	2
2iK8weavvfS2xJCmzNzNE5	J-AX	['italian adult pop', 'italian pop']	[2018, 2019]	2	1
4Nrd0CtP8txoQhnnlRA6V6	Vianney	['chanson', 'french pop']	[2018]	2	2
4CuMwzDzEdlUJMEna38VQ0	Dark Polo Gang	['italian hip hop', 'italian indie pop', 'italian pop', 'trap italiana']	[2018, 2019]	2	1
7HkdQ0gt53LP4zmHsL0nap	Ella Mai	['r&b', 'rap', 'uk contemporary r&b']	[2018, 2019]	2	1
7bp2lSdh12wcA8LyB1srfJ	Sofia Carson	['pop']	[2018]	2	2
1TcbdifqhtxLz77unBYJ7z	CORSAK	['chinese electropop']	[2018]	2	2
40LHVA5BTQp9RxHOQ9JPYj	Lauren Daigle	['ccm', 'christian alternative rock', 'christian music']	[2018, 2019, 2020]	2	0
2s0YBNTlWf61tFJwKderGS	Dú Maroc	['german hip hop', 'german underground rap']	[2020]	2	2
5y2Ny3eOPrhtb5uQFl30vq	Infinit'	['french hip hop']	[2020]	2	2
6Mm2g25BTeJ6BICPFWGkPg	Bosh	['french hip hop', 'pop urbaine', 'r&b francais', 'rap francais']	[2020]	2	1
5ePGdHwXrYiVXslyf1sYgF	Firat	[]	[2020]	2	1
4Y7P8O5PNR7k7IvoLWfYTY	Rina	['frauenrap']	[2019, 2020]	2	2
3fZk3Gm5dN5v5yfYMQ04Bx	Dímelo Flow	['reggaeton', 'reggaeton flow', 'urbano latino']	[2019, 2020]	2	2
6Gk5hoM7eW8NSCYhICMDHw	Zak Abel	['uk contemporary r&b']	[2020]	2	2
3ecGSMKgYGz0uud2MBK9sT	La Foca	[]	[2020]	2	0
7KHA7OOevgTDFhlym0oEyP	Adriana Proenza	['spanish indie pop']	[2019, 2020]	2	2
2xvIQifxGldymv8voBlNy9	Rapide	['schweizer rap', 'swiss hip hop']	[2020]	2	2
6m6dINGVlm9hpuxm8oiRLs	Alawi	['schweizer rap']	[2020]	2	2
6PRWRg7lVtqGm0YgzDlkbb	Qbano	[]	[2020]	2	2
6USMTwO0MNDnKte5a5h0xx	Y2K	['pop rap', 'viral rap']	[2019, 2020]	2	2
5RCWMaArEntbkeWYVxCiFW	Everybody Loves an Outlaw	['modern blues rock']	[2020]	2	0
4Xi6LSfFqv26XgP9NKN26U	AJ Tracey	['grime', 'uk hip hop', 'ukg revival']	[2020]	2	2
1vLew3o8JIJ9XTCRkOCCbb	Sipo	['german hip hop', 'german underground rap']	[2020]	2	2
3O5HD95HTEPgoPFOjAb7yV	DripReport	['viral rap']	[2020]	2	0
05hirnMeVIzCrcUxbrysZU	Hatik	['french hip hop', 'pop urbaine', 'r&b francais']	[2020]	2	1
6eVWXmKBW7Iltub01D9R1c	Valerie Broussard	['bossbeat', 'modern alternative pop']	[2019, 2020]	2	2
1GKIlPFdcewHtpDVCQ8zmJ	Brray	['reggaeton', 'reggaeton flow', 'trap latino', 'urbano latino']	[2020]	2	2
3Wb38LDP3N4tkobValgE9D	Juanka	['reggaeton', 'reggaeton flow', 'trap latino', 'urbano latino']	[2020]	2	2
0YqeL4iGLLNiwRXZvew1TM	Larry	['french hip hop', 'pop urbaine', 'rap francais']	[2019, 2020]	2	2
1cAU5q0s8zKdMTNAZ8CJht	Ivana Santacruz	['german r&b']	[2020]	2	0
0Kwf0zcciIFGLCKiqNcO6Q	SRNO	['dutch rap pop']	[2020]	2	2
0JxUh8qDlG3xflSV9Of500	100 Blaze	['french hip hop', 'pop urbaine', 'rap francais', 'rap marseille']	[2019, 2020]	2	2
03fLoIOO015incUitpfkad	Michele Morrone	[]	[2020]	2	0
6nHDuiu6PIpfWt6DswQHvL	Alpa Gun	['german hip hop']	[2020]	2	1
5PLCJ2Wlc2BV0d4gCYdRTc	Mikael	['german r&b']	[2019, 2020]	2	1
7GaxyUddsPok8BuhxN6OUW	James Brown	['funk', 'soul']	[2020]	2	0
6DtcjD25RaePDZCruOTzjU	Monchi	[]	[2019, 2020]	2	2
1MXZ0hsGic96dWRDKwAwdr	Tyla Yaweh	['cali rap', 'melodic rap']	[2020]	2	2
1hMzMy5THp7jWnMRC0rU36	Nazar	['austrian hip hop', 'german hip hop']	[2020]	2	2
2LUi4eKMEFKFM4awgurcSs	4Keus	['french hip hop', 'pop urbaine', 'r&b francais', 'rap francais']	[2019, 2020]	2	2
4DMzvwya65eu1LsYZ3BLV6	Estikay	['german cloud rap', 'german hip hop', 'german jazz rap', 'hamburg hip hop']	[2020]	2	2
0PMtZ48ugLkoxg4cjggEVl	Stone Black	[]	[2020]	2	2
6iBhhfO297wskZQuZtWnpG	Veazy	[]	[2020]	2	2
3SYnDj7btg9gFY7ps8m5d5	RANI	['dutch pop']	[2019, 2020]	2	2
6M6XXCcO5gI68XpIlrUL3Z	Young T & Bugsey	['afroswing', 'grime', 'nottingham hip hop', 'uk hip hop']	[2020]	2	2
70kkdajctXSbqSMJbQO424	Kacey Musgraves	['classic texas country', 'contemporary country', 'country dawn']	[2019, 2020]	2	2
2nftqfbLohpDYzY8VUlvbm	Benji & Fede	['italian adult pop', 'italian pop']	[2019, 2020]	2	0
3hN3iJMbbBmqBSAMx5veDa	Ultimo	['italian adult pop', 'italian pop']	[2019, 2020]	2	0
3oSJ7TBVCWMDMiYjXNiCKE	Kane Brown	['black americana', 'contemporary country', 'country', 'country road']	[2019, 2020]	2	2
4jpsw9CQS439N0B7SecMgf	Ant Saunders	['chill r&b', 'viral rap']	[2019, 2020]	2	0
3uZFBSsMiooimnprFL9jD1	Snow	['canadian old school hip hop', 'reggae fusion']	[2019, 2020]	2	2
1cH0i2n6YLrWFDDemqztay	Henning May	[]	[2019, 2020]	2	2
6HQ6vf4AloXyVNdyJhrX1J	GAMPER & DADONI	['deep tropical house', 'german dance', 'tropical house']	[2019, 2020]	2	1
0YinUQ50QDB7ZxSCLyQ40k	Mustard	['cali rap', 'pop rap', 'rap', 'southern hip hop', 'trap']	[2019, 2020]	2	2
62LemAG4wIcb6yOmxz0nIE	Luciano	[]	[2019]	2	2
142TY556WknD1ZRV8XilJQ	Joe Janiak	[]	[2019]	2	2
4I7D65YMlr6ZxVEGPb7q2K	Johannes Oerding	['german pop', 'german pop rock']	[2019]	2	2
3xDVmZmDpaF1uuez2N7mKl	Tim Bendzko	['german pop']	[2019]	2	1
7Do8se3ZoaVqUt3woqqSrD	MACHETE	['italian hip hop', 'italian pop', 'trap italiana']	[2019]	2	2
1El4YQA8oCXX7ynFSxRTFq	Massimo Pericolo	['italian hip hop', 'trap metal italiana']	[2019]	2	2
1igVsxmGxt1VTKPulM0EuA	Jungleboi	[]	[2019]	2	2
5f6nz3iqzrfiUfKOIKvLvd	Nemir	['french hip hop', 'rap calme']	[2019]	2	2
25yJrwrn5I0EUdQEiTtNSO	Lefa	['french hip hop', 'pop urbaine', 'rap conscient', 'rap francais']	[2019]	2	2
0QrUbsrL5imqntAfDl8i7q	Fred De Palma	['italian adult pop', 'italian pop']	[2019]	2	2
6q3p11nP1p80Ey6LrOOSed	Hit-Boy	['drumless hip hop']	[2019]	2	2
1FmxE030Xe2H8Bn9bdv6Pd	Vanessa Paradis	['chanson', 'french pop']	[2019]	2	2
2SHhfs4BiDxGQ3oxqf0UHY	Roxette	['europop', 'swedish pop', 'synthpop']	[2019]	2	0
4TjXA854eWs8P5EBgCbQmv	Jah Khalib	['central asian hip hop', 'kazakh hip hop', 'kazakh pop', 'russian gangster rap', 'russian hip hop', 'russian pop']	[2019]	2	2
028lPW2NdWHdSPCkRkcyhd	Ant Clemons	[]	[2019]	2	2
4yLgYK2B5nZjZMBiaLyLyK	Doums	['french hip hop', 'rap francais']	[2019]	2	2
0jdNdfi4vAuVi7a6cPDFBM	Lazza	['italian hip hop', 'italian pop', 'rap genovese', 'trap italiana']	[2019]	2	2
4ZhFCxPekpmV12n2xMeF2z	Ink	[]	[2019]	2	2
0KPX4Ucy9dk82uj4GpKesn	Dalex	['r&b en espanol', 'reggaeton', 'trap latino', 'urbano latino']	[2019]	2	2
11YLRSsZA3YVuQQtHXKTlz	Rafa Pabön	['reggaeton', 'reggaeton flow', 'urbano latino']	[2019]	2	2
4m6ubhNsdwF4psNf3R8kwR	KHEA	['argentine hip hop', 'trap argentino', 'trap latino', 'trap triste', 'urbano latino']	[2019]	2	2
6w3SkAHYPsQ1bxV7VDlG5y	Cazzu	['argentine hip hop', 'rap latina', 'reggaeton', 'trap argentino', 'trap latino', 'urbano latino']	[2019]	2	2
1f7QsihhMxdhr7kLkS8Q1x	BEKA	['german underground rap']	[2019]	2	2
5bWUlnPx9OYKsLiUJrhCA1	Jon Z	['reggaeton', 'trap latino', 'urbano latino']	[2019]	2	2
22JdJVovP3pV9XkGTih01c	Game of Thrones	[]	[2019]	2	2
1A96iePIMNFBjLrjXEl718	Emma Louise	['australian indie', 'brisbane indie']	[2022]	1	0
22wbnEMDvgVIAGdFeek6ET	Benson Boone	['singer-songwriter pop']	[2021, 2022]	1	0
2TiXt00aPsggbxZxL1RaG7	KUMMER	['german hip hop', 'german pop']	[2021, 2022]	1	1
4MYiI4xv9otdG9iB3d4Q25	Fred Rabe	[]	[2021, 2022]	1	1
5eAv3bvAehIJEOMLtzAtaE	Lamatrix	['rap francais']	[2022]	1	1
7bPs6jf983f0bjRAt1yxDM	Patrick Watson	['indie folk', 'indie quebecois']	[2021, 2022]	1	0
0FtsMKmZEq8fBWqdSOWtqp	03 Greedo	['cali rap', 'melodic rap']	[2022]	1	0
1NRzxuPpdGushT8YmF5NAa	Edison Lighthouse	[]	[2022]	1	0
7jZM5w05mGhw6wTB1okhD9	ATB	['german dance', 'german techno', 'german trance', 'trance']	[2021, 2022]	1	1
0hL2YMWhS1RHJxrPDyilMg	Bawer	[]	[2022]	1	1
3iMzbvXlgNUpoFccD60bvr	Prezioso	['italo dance']	[2021, 2022]	1	1
5RUIxQGzPzXUD19Rb3W4e9	Miss Lafamilia	['birmingham hip hop']	[2022]	1	1
71szvmFWd7TUa7b6XmXj9k	Emmy Meli	[]	[2021, 2022]	1	0
5wbf52LA6kcaboHSN6NEF1	PEDRO SAMPAIO	['funk carioca', 'funk rj']	[2022]	1	1
1etNnR2SdlelBQAICa2Q5m	Mc Pedrinho	['funk carioca', 'funk mtg', 'funk paulista']	[2022]	1	1
1QfpRUtH14JLoY6F6AYmwt	The Rare Occasions	['la indie']	[2022]	1	0
64H8UqGLbJFHwKtGxiV8OP	THE ANXIETY	['modern alternative pop']	[2021, 2022]	1	1
1xoxekeb8jUVHKJB7m6bfg	Tyler Cole	['bedroom soul']	[2021, 2022]	1	1
4krMq8pXkLVTGplpYgHlnV	Ronisia	['r&b francais']	[2022]	1	0
6TBAZHXDXBywvVgYyQ8aCQ	GINI	['german pop']	[2022]	1	1
7h1amg0X7Q5d0D5KfuyKTg	Dylan	['italian hip hop', 'trap italiana']	[2022]	1	1
5lTjv8Ag00qHSGhvK4JbeF	Justin Wellington	['melanesian pop', 'pacific islands pop', 'png pop']	[2021, 2022]	1	1
6c8akjSeJQw2NYemV6qVT8	Small Jam	['solomon islands pop']	[2021, 2022]	1	1
4vdAAzZBUKbsrvHi6UR7B7	Jessica Darrow	['movie tunes']	[2022]	1	0
1E8mXBWN7AXZCOPYbOky4J	Jazeek	['german hip hop']	[2021, 2022]	1	0
2yi9c8OXkt7PrwbBFOMgjP	Simon Ward	[]	[2022]	1	1
62C5P1caRIK12ndTkzNJjA	Noemi	['italian adult pop', 'italian pop']	[2022]	1	0
20wkVLutqVOYrc0kxFs7rA	Daniel Caesar	['canadian contemporary r&b']	[2021, 2022]	1	1
3KNIG74xSTc3dj0TRy7pGX	Yung Bleu	['alabama rap', 'trap']	[2022]	1	1
6gpY6HHTGZp0sTLsxsSNqo	Torine	[]	[2022]	1	1
7c53ZFyajVMTo08HmvoB6b	zzoilo	[]	[2022]	1	1
7eLcDZDYHXZCebtQmVFL25	Aitana	['latin talent show', 'spanish pop']	[2022]	1	1
1bufaOa1xsdvxGxeqQJtzW	Kim	['r&b francais']	[2022]	1	1
7E3BRXV9ZbCt5lQTCXMTia	Ólafur Arnalds	['bow pop', 'compositional ambient', 'icelandic classical', 'neoclassical darkwave']	[2022]	1	1
0JQ4vokBBqHxHzRb36fSWN	Devito	['balkan trap', 'turbo folk']	[2021, 2022]	1	1
3pOnFT5MHIqIe9kcFCznZ8	CIVO	['german hip hop']	[2022]	1	0
5NGO30tJxFlKixkPSgXcFE	The Police	['album rock', 'classic rock', 'permanent wave', 'rock']	[2021, 2022]	1	0
5Imsy0ZXNi7uWLJpP5dZ8b	Matteo Romano	['italian pop']	[2022]	1	0
6vRKWcwC6OphUNy3Ds5O0U	Ataypapi	[]	[2022]	1	1
4zCH9qm4R2DADamUHMCa6O	Anirudh Ravichander	['desi hip hop', 'filmi', 'tamil hip hop']	[2022]	1	1
00sCATpEvwH48ays7PlQFU	Jonita Gandhi	['desi pop', 'filmi', 'modern bollywood']	[2022]	1	1
0Cm90jv892OeEegB3ELmvN	Eldzhey	['russian hip hop', 'russian pop']	[2022]	1	1
5y838TiHyocv0TsLktWW0v	Olombelo Ricky	['malagasy folk', 'malagasy pop']	[2022]	1	1
5A7HNCq6t0xNDOjZIUZDRk	YV	[]	[2022]	1	1
3NR7hAacOhmcztWvD7vJfS	Sickick	['bass trap']	[2022]	1	1
13GA8qxVLDZs0oh1zZ872C	GoldSkull	[]	[2021, 2022]	1	0
1obwjMHQ4kZ2bXoBhLIaBT	Paulina Eisenberg	[]	[2022]	1	1
15FrhfFYJIx7Ijltkpjbsr	Gianni Morandi	['classic italian pop', 'italian adult pop']	[2022]	1	0
2PJEagPIxaBugeMjIyKVXF	Aitch	['manchester hip hop', 'uk hip hop']	[2022]	1	1
742hF8NzfLAfwg7pwSh1x9	Jamin	[]	[2022]	1	1
056KMTw6IztdQjBmFfVyO3	Rkomi	['italian hip hop', 'italian pop']	[2022]	1	0
7j6DKwmjbxvpQO8h914uEz	Ryan Castro	['reggaeton', 'trap colombiano', 'trap latino', 'urbano latino']	[2022]	1	0
7muPB2GhV0sEg2K1Fgj0Xm	Dargen D'Amico	['italian adult pop', 'italian hip hop', 'italian pop', 'milan indie', 'r&b italiano']	[2022]	1	0
7r1VJ53RGn5jqR98Sgpe9l	Elli Eli	[]	[2022]	1	0
37czgDRfGMvgRiUKHvnnhj	Öwnboss	['brazilian edm']	[2022]	1	1
0aOIluXr131XqrXFwFCFGT	Sevek	[]	[2022]	1	1
2kS9NyuATpYwjeB93h24H5	Nina Chuba	['german pop', 'hamburg hip hop']	[2022]	1	1
7JMwO9tyFPMsb2KnsJqZlp	B Young	['afroswing', 'london rap', 'uk hip hop']	[2022]	1	1
085pc2PYOi8bGKj0PNjekA	will.i.am	['dance pop', 'pop']	[2019, 2020, 2021, 2022]	1	1
0gzwXezN4IUHAwLufA6YcX	Emma	['italian adult pop', 'italian pop']	[2022]	1	0
7dnB1wSxbYa8CejeVg98hz	Meat Loaf	['album rock']	[2022]	1	0
2Q3eZMfDQgT8MhPowKFXYO	t.A.T.u.	['dance pop', 'europop', 'girl group']	[2022]	1	0
69Pm1OWlxk1tbYphlkcKHR	Laurell	['canadian pop']	[2021, 2022]	1	0
0PFtn5NtBbbUNbU9EAmIWF	TOTO	['album rock', 'classic rock', 'hard rock', 'mellow gold', 'rock', 'soft rock', 'yacht rock']	[2017, 2018, 2019, 2020, 2021, 2022]	1	0
3LvwPiJQJ0da0GurKMToV0	Baby Gang	['trap italiana']	[2022]	1	1
3TTq94wgOIj0skk2wT8bnb	A2 Anti	[]	[2022]	1	1
22dFwJoRBV51ue5TGnC7Dt	Beny Jr	['drill espanol']	[2022]	1	1
0NKDgy9j66h3DLnN8qu1bB	Eurythmics	['dance rock', 'new romantic', 'new wave', 'new wave pop', 'soft rock', 'sophisti-pop', 'synthpop']	[2017, 2018, 2019, 2020, 2021, 2022]	1	1
7gcCQIlkkfbul5Mt0jBQkg	Dave Stewart	['new wave pop', 'rock keyboard']	[2017, 2018, 2019, 2020, 2021, 2022]	1	1
5yOvAmpIR7hVxiS6Ls5DPO	Omah Lay	['afrobeats', 'nigerian pop']	[2022]	1	1
7GZJ2POiwPZoW7UVYjNj8i	Glockenbach	[]	[2022]	1	1
4NSzuIc0eGOftqr0tEOhJk	ClockClock	[]	[2022]	1	1
5QdEbQJ3ylBnc3gsIASAT5	G Herbo	['chicago drill', 'chicago rap', 'drill', 'rap', 'trap']	[2022]	1	1
2h6hAChW74hB9HvrNoK1RY	Quarterhead	['tech house']	[2020, 2021, 2022]	1	1
2fsk4VlJdNF6G8cCMDrrzB	Norma Jean Martine	['nyc pop']	[2020, 2021, 2022]	1	1
6Xz6ZnGZZ1KKct4jTyKKZv	SwitchOTR	['chill drill', 'melodic drill']	[2021, 2022]	1	1
6zaBIhIlkm4OFFNyOYPmdZ	Mimmo Locasciulli	"[""canzone d'autore""]"	[2022]	1	1
5oJvmyeWzyeahRtjup3Oys	AVAION	[]	[2022]	1	0
5iIl7sknJm4dw34xfsL667	skrilla	[]	[2021, 2022]	1	1
7o2ZQYM7nTsaVdkXY38UAA	Em Beihold	['alt z', 'gen z singer-songwriter']	[2022]	1	0
6dlzQ6fiPna40trq1Ek6cb	1da Banton	['afrobeats', 'nigerian pop']	[2022]	1	0
4pnp4w9g30yLfVIAFnZMRd	ACRAZE	['pop dance', 'tech house']	[2021, 2022]	1	1
1c70yCa8sRgIiQxl3HOEFo	Cherish	['atl hip hop', 'girl group', 'hip pop', 'r&b', 'southern hip hop', 'urban contemporary']	[2021, 2022]	1	1
6QMABvTzixnxzsLYyhqRxI	Majestic	['uk dance']	[2021, 2022]	1	1
7cYEt1pqMgXJdq00hAwVpT	Chase Atlantic	['alternative r&b']	[2022]	1	0
6ARKr2ZoLf9TDoQiZarJMt	makko	['german hip hop']	[2022]	1	0
0uq5PttqEjj3IH1bzwcrXF	Spice Girls	['dance pop', 'girl group', 'pop']	[2017, 2018, 2020, 2021, 2022]	1	0
2W8yFh0Ga6Yf3jiayVxwkE	Dove Cameron	['pop']	[2022]	1	0
7tjVFCxJdwT4NdrTmjyjQ6	Muni Long	['indie r&b']	[2022]	1	0
4hRijRWd1vh3JX68IyZpfH	Elgit Doda	['albanian pop']	[2022]	1	0
6vVztIuqdDHvYWxOEXCzjN	SALES	['indie pop', 'orlando indie']	[2021, 2022]	1	0
21E3waRsmPlU7jZsS13rcj	Ne-Yo	['dance pop', 'pop', 'r&b', 'urban contemporary']	[2021, 2022]	1	1
1ruutHJcECI7cos2n5TqpO	Nayer	['deep dance pop']	[2021, 2022]	1	1
4qWnlmXWuGv2TtuxtIWlJX	BANNERS	['indie poptimism']	[2020, 2021, 2022]	1	0
4Euia7UzdRshy1DJOSMTcs	220 KID	['uk dance']	[2021, 2022]	1	1
4cfKtwkefMW3aiXtxfw8w6	Nomcebo Zikode	['afro soul', 'south african pop']	[2020, 2021, 2022]	1	1
027TpXKGwdXP7iwbjUSpV8	The Walters	['chicago indie', 'pov: indie']	[2022]	1	0
2rAnv6brcXaglLZBB4XXEn	Nigo	[]	[2022]	1	1
3u4qXYRgHgU7YtjZt9sduX	Eyelar	['uk pop']	[2021, 2022]	1	1
0XzmYRFJxC3OdOY27QkYkH	MVNA	[]	[2022]	1	1
67lytN32YpUxiSeWlKfHJ3	Yung Lean	['cloud rap', 'psychedelic hip hop', 'underground hip hop']	[2022]	1	0
4yvcSjfu4PC0CYQyLy4wSq	Glass Animals	['gauze pop', 'indietronica', 'modern rock', 'pov: indie', 'shiver pop']	[2020, 2021, 2022]	1	0
3AFt30387waHIjjDL63XeI	OTP	['melodic drill']	[2021, 2022]	1	0
1gALaWbNDnwS2ECV09sn2A	Nightcrawlers	['disco house', 'hip house', 'uk dance', 'vocal house']	[2021, 2022]	1	1
4L2dV3zY7RmkeiNO035Fi0	Mufasa & Hypeman	[]	[2021, 2022]	1	1
3Edve4VIATi0OZngclQlkN	Dopamine	[]	[2021, 2022]	1	1
6HaGTQPmzraVmaVxvz6EUc	Jung Kook	['k-pop']	[2022]	1	0
2uFUBdaVGtyMqckSeCl0Qj	Ludovico Einaudi	['bow pop', 'compositional ambient', 'neo-classical']	[2021, 2022]	1	1
59r5UU2HOytn9V5uMZ5Vur	Daniel Hope	['violin']	[2021, 2022]	1	1
1k1AM2ESRQseVAj6rvBdtx	I Virtuosi Italiani	['chamber orchestra', 'classical performance', 'string orchestra']	[2021, 2022]	1	1
1GDJOWjfMlCoFSbFhqd3lE	Andreas Schaerer	['swiss jazz']	[2022]	1	1
2NRdZaTYZk1CexnDSlnxZU	MadeInParis	['cloud rap francais', 'r&b francais']	[2022]	1	0
6O890U7Xkm0uSLQ813NLgP	Coach Bennet	[]	[2022]	1	1
13wroZC00C9ix8fUR0JvaY	The Stickmen Project	[]	[2022]	1	1
20zaOtSYqh91KYxbT6wX10	Daniela Sarda	[]	[2022]	1	1
1CF7hrTuWgErEa6HBFJ8d3	Michele Bravi	['italian adult pop', 'italian pop']	[2022]	1	0
26bcq2nyj5GB7uRr558iQg	Survivor	['album rock', 'glam metal', 'hard rock', 'soft rock']	[2021, 2022]	1	0
2mpeljBig2IXLXRAFO9AAs	Dido	['dance pop', 'europop', 'lilith', 'neo mellow', 'pop rock']	[2022]	1	1
7wU1naftD3lNq7rNsiDvOR	Paul van Dyk	['german techno', 'trance', 'uplifting trance']	[2022]	1	1
1PbtWtrN7jZpd4toqxrjm2	Lagique	[]	[2021, 2022]	1	1
7sfl4Xt5KmfyDs2T3SVSMK	Lil Jon	['atl hip hop', 'crunk', 'dance pop', 'dirty south rap', 'old school atlanta hip hop', 'pop rap', 'southern hip hop', 'trap']	[2020, 2021, 2022]	1	1
2ARH58Hit3yC6ziGdhma23	Elisa	['italian adult pop', 'italian pop']	[2022]	1	0
05KDKIpxshxrB9BMewaCBW	Love Regenerator	[]	[2022]	1	1
1TRFAJu3Cw64APToZaGk9D	Riva Starr	['deep house', 'house', 'tech house']	[2022]	1	1
6RGxLsQUoGk5PLyMVwb3yE	Sananda Maitreya	['new romantic', 'new wave pop']	[2022]	1	1
04uu8U3I1h26Fp2NBkPTRZ	Sam Tompkins	['singer-songwriter pop']	[2022]	1	1
29PgYEggDV3cDP9QYTogwv	Carolina Gaitán - La Gaita	['movie tunes']	[2022]	1	1
36CUTsdtNgCwMq6zKD1l8I	Mauro Castillo	['modern salsa', 'movie tunes', 'salsa colombiana']	[2022]	1	1
72kqSqk124Vnl1wtT6q9Fh	Adassa	['movie tunes']	[2022]	1	1
2as15AH2BTrPk8v4gyElmr	Rhenzy Feliz	[]	[2022]	1	1
18MFcGBHtyW0mU3ufcm0X1	Diane Guerrero	['movie tunes']	[2022]	1	1
5PYToRCsrnvikZg3yl2JMr	Stephanie Beatriz	['hollywood', 'movie tunes']	[2022]	1	1
3xLU748QxpTmIVaiNXXg0P	Encanto - Cast	['movie tunes']	[2022]	1	1
3GMoVpWJy4smKuxFuFTwXC	Roger	['funk', 'new jack swing', 'p funk', 'post-disco', 'quiet storm']	[2022]	1	1
7HtzacrJpksCiS6qHypb8l	Ditonellapiaga	[]	[2022]	1	1
7eIqewR3PiwQDItf5G2SyV	Donatella Rettore	['classic italian pop']	[2022]	1	1
4gJT0OnBISFA5CPMNYBGIE	OG Keemo	['german alternative rap', 'german hip hop']	[2022]	1	0
0KoZYmcvOpzgV0xJHmBTsH	poofi.	['slowed and reverb']	[2022]	1	0
3yDIp0kaq9EFKe07X1X2rz	Nile Rodgers	['disco']	[2021, 2022]	1	1
2jzc5TC5TVFLXQlBNiIUzE	a-ha	['new romantic', 'new wave', 'new wave pop', 'permanent wave', 'synthpop']	[2017, 2018, 2019, 2020, 2021, 2022]	1	0
1FtBEIWAwvw5ymBen5GICR	Chlöe	[]	[2022]	1	1
0eAqhr1BfTzJEfOEn0Ad19	Quada	['dancehall', 'traphall']	[2022]	1	1
1TA5sGRlKUJXBN4ZyJuDIX	Blessd	['reggaeton', 'urbano latino']	[2022]	1	1
5bv5RplEOwdCvhq0EILh9E	Lucenzo	['reggaeton']	[2017, 2020, 2021, 2022]	1	1
0rvjqX7ttXeg3mTy8Xscbt	Journey	['album rock', 'classic rock', 'hard rock', 'heartland rock', 'mellow gold', 'rock', 'soft rock']	[2017, 2018, 2020, 2021, 2022]	1	0
0lQtBhjEJpoOroQS6fbWMc	Aka 7even	['italian pop']	[2022]	1	0
5YBSzuCs7WaFKNr7Bky0Uf	Olivia	[]	[2022]	1	1
2zTuJejwDNORTLRCkQPbHy	Dany Synthé	[]	[2017]	1	1
09M7zqUroSleD8V1Yifl4a	SoFLY & Nius	[]	[2017]	1	1
3hPPNy5OBzCU1icQO7Nrok	99 Percent	[]	[2017]	1	1
4Z8W4fKeB5YxbusRsdQVPb	Radiohead	['alternative rock', 'art rock', 'melancholia', 'oxford indie', 'permanent wave', 'rock']	[2017]	1	0
3y5BWIDbsZ0YLv6fq0VrbR	Nash	[]	[2017]	1	1
4fLpQdr6R7gqNGY7xpr7Jz	The Brinks	[]	[2017]	1	0
5xUf6j4upBrXZPg6AI4MRK	Soundgarden	['alternative metal', 'alternative rock', 'classic rock', 'grunge', 'hard rock', 'nu metal', 'rock']	[2017]	1	0
2zmrsXMHxagFz6vI2cD7r6	Ella Vos	['alt z', 'electropop', 'indie electropop', 'indie poptimism', 'la pop']	[2017]	1	1
0cTSCsVx04SSht9V6cpKN0	Mavis Staples	['black americana', 'soul', 'southern soul', 'spirituals']	[2017]	1	1
3gMaNLQm7D9MornNILzdSl	Lionel Richie	['soft rock']	[2017]	1	0
0w7HLMvZOHatWVbAKee1zF	Redbone	['native american', 'native american contemporary']	[2017]	1	0
6xrCU6zdcSTsG2hLrojpmI	José González	['chamber pop', 'gothenburg indie', 'indie folk', 'stomp and holler', 'swedish indie folk', 'swedish indie pop', 'swedish singer-songwriter']	[2017]	1	0
4BxCuXFJrSWGi1KHcVqaU4	Kodaline	['irish pop', 'modern rock']	[2017, 2018]	1	0
7wjeXCtRND2ZdKfMJFu6JC	Louane	['french pop']	[2017]	1	1
3WrFJ7ztbogyGnTHbHJFl2	The Beatles	['beatlesque', 'british invasion', 'classic rock', 'merseybeat', 'psychedelic rock', 'rock']	[2017]	1	0
1Dn88PoQjnQgLTOaokePFz	Bright Sparks	[]	[2017]	1	1
2nvKpWcP8etYTq4JrRiUiy	Cliff Richard	['adult standards', 'rock-and-roll']	[2017, 2018, 2019, 2020, 2021]	1	0
6hnWRPzGGKiapVX1UCdEAC	Sam Cooke	['classic soul', 'soul', 'vocal jazz']	[2017]	1	0
1GaZ8H1LmwzQSVztcJOwGH	King Draino	[]	[2017]	1	1
5X4LWwbUFNzPkEas04uU82	DVBBS	['canadian electronic', 'dutch house', 'edm', 'electro house', 'pop dance', 'progressive electro house', 'slap house']	[2017]	1	1
78DWNk8gFHU30TGITAgbM7	CMC$	['pop edm', 'vapor twitch']	[2017]	1	1
71WExccCBN2mw0klSzfYzz	Gia Koka	[]	[2017]	1	1
6kACVPfCOnqzgfEF5ryl0x	Johnny Cash	['arkansas country', 'outlaw country', 'rock']	[2017]	1	0
53loJtHWjCG1TyKarW2mzk	Benash	['french hip hop', 'pop urbaine', 'rap francais']	[2017, 2018]	1	1
5338fdSzGNOFD4cxAxDTeq	Aaron Carter	['post-teen pop']	[2017]	1	0
4zxvC7CRGvggq9EWXOpwAo	Kiesza	['electropop', 'pop edm']	[2017]	1	1
72luDUYRlE8N8lPSgyhiwo	John Gibbons	['uk dance']	[2017]	1	0
7licaqhcEBQUzz9FownRaJ	Miquela	['ai', 'la pop']	[2017]	1	0
7b7fZRv3EYhFgWYJR3yjXn	Mark McCabe	['irish pop']	[2017]	1	1
2Q0MyH5YMI5HPQjFjlq5g3	Nick Murphy	['australian electropop', 'downtempo', 'indietronica']	[2017]	1	1
1JjIKP5IOuEDXQVZsbUiB2	Kristian Kostov	[]	[2017]	1	0
5Tz4zMiRWqiQVAymWZz99a	Zebra Katz	['escape room', 'lgbtq+ hip hop', 'vogue']	[2017]	1	1
4QTVePrFu1xuGM9K0kNXkk	Dexys Midnight Runners	['new romantic', 'new wave', 'new wave pop']	[2017]	1	0
67wCYxOq4A1ohAs7jWYaOJ	Rik Rok	['reggae fusion']	[2017]	1	1
5CXvT1JutlWVLJN8YEOf1h	Nathan Goshen	['israeli pop']	[2017]	1	1
70s3IS6gQEe8f9l08yYdpJ	KVR	['dutch edm']	[2017]	1	1
7o95ZoZt5ZYn31e9z1Hc0a	Natasha Bedingfield	['dance pop', 'pop', 'post-teen pop']	[2017, 2018]	1	0
5psTfOBPmc8UquYcnS22KE	Pink	[]	[2017]	1	1
4ytkhMSAnrDP8XzRNlw9FS	Vince Guaraldi Trio	['jazz trio']	[2017]	1	0
30I99Rrr7vPR38I9Wx8oQ9	May Raya	['acoustic chill']	[2017]	1	1
5cBeFQv3kBVP8o15CmPTKb	Tez Cadey	['deep tropical house']	[2017]	1	0
684KBHFriV9wFm6d2W79ee	Samy Ceezy	[]	[2017]	1	1
2wzMOQwNT6ZvVB4amvhFAH	The Pogues	['celtic punk', 'celtic rock', 'folk punk', 'punk']	[2017, 2018, 2019, 2020, 2021]	1	1
6UlNIFEuWlBqb4TvlVCekq	Kirsty MacColl	['new wave pop']	[2017, 2018, 2019, 2020, 2021]	1	1
1XLjkBxFokuDTlHt0mQkRe	Thomas Gold	['big room', 'dutch house', 'edm', 'electro house', 'german techno', 'pop dance', 'progressive electro house', 'progressive house']	[2017]	1	1
6ctgu4FFlnNhMgrKiIzCxp	Jillian Edwards	['acoustic pop', 'indiecoustica']	[2017]	1	1
2wcrc3fjebDRLVdtRUa3pu	Cal Scruby	['deep underground hip hop', 'indie pop rap', 'ohio hip hop']	[2017]	1	0
01UbHi56W0paf624zfVtYa	Sad Eye	['scandipop']	[2017]	1	0
716ZwtZBmwROBXcFmCzfdM	Andrew McMahon in the Wilderness	['hopebeat', 'indie poptimism', 'piano rock']	[2017]	1	0
2M3vnW1p5w4uPRkLYTbvdB	Rusted Root	['jam band', 'pittsburgh rock']	[2017]	1	0
68Uwx1d3EbjDJhYsLjqvIq	Emma Stone	['hollywood']	[2017]	1	1
7AzihkjJH5ZRRHdrdkg1Nu	Lakman	[]	[2017]	1	1
1qhcP0Cfa1bJtE8JmbQ4Ea	Nickless	['swiss indie', 'swiss pop']	[2017]	1	0
726MxZBpkxnnoKl6aN7mmj	Cookin' On 3 Burners	['bboy', 'instrumental funk']	[2017]	1	1
4R0EwsTKt1LIFcdezmuezM	Grandtheft	['electro house', 'electronic trap']	[2017]	1	1
3fuxStOqQv8TiytHeuGiE8	Delaney Jane	['alt z', 'canadian electropop']	[2017]	1	1
2xU6IU13MYie8RcM54Ovt0	Mugeez	['ghanaian pop']	[2017]	1	1
0v2oB2xMS64U3lcU5DFuCY	Peven Everett	['broken beat', 'chicago house', 'deep house']	[2017]	1	1
69UfPJgUmFFAVT740qGVZi	Ken Darby Singers	[]	[2017, 2018, 2019, 2020, 2021]	1	1
735L650pvygCZZlPMyHqsN	John Scott Trotter & His Orchestra	['light music']	[2017, 2018, 2019, 2020, 2021]	1	1
586uxXMyD5ObPuzjtrzO1Q	Sofi Tukker	['edm']	[2017]	1	0
5veVxxPm1vzgi6pO2iVA8L	Bruno Martini	['pop nacional']	[2017]	1	1
7qPLO2XOUaRrRxkvLZ3AEK	Zeeba	[]	[2017]	1	1
15NtJjjHRFybdNSMyM9smT	Nevada	[]	[2017]	1	1
4tvKz56Tr39bkhcQUTO0Xr	Angus & Julia Stone	['australian indie folk', 'indie folk']	[2017]	1	0
71KlQX0q5wz5f9iytwPfou	Graham Candy	['nz pop']	[2017]	1	1
4hKkEHkaqCsyxNxXEsszVH	John Travolta	['hollywood']	[2017]	1	1
4BoRxUdrcgbbq1rxJvvhg9	Olivia Newton-John	['adult standards', 'australian dance', 'disco', 'mellow gold', 'soft rock']	[2017]	1	1
5ITI6SEoUZMIXXkzCfr4oE	Aluna	['dance pop']	[2017, 2018]	1	1
0lzV2CiahHRiGd6qpADtPS	James Hersey	[]	[2017]	1	0
4isewEHTP7Az2QheDdBQ6J	24hrs	['trap soul']	[2017]	1	1
3QqlKdJRY4IqUry390xfvJ	MICAR	['german dance']	[2017]	1	0
2FjkZT851ez950cyPjeYid	Bobby McFerrin	['a cappella']	[2017]	1	0
0MMNJf1JrxeSFE2pcpX50b	K.T. Oslin	['classic country pop', 'country', 'country rock']	[2017]	1	1
4LFgxG38Y0l4Fo1gdQelay	The Dap-Kings Horns	[]	[2017]	1	1
0gusqTJKxtU1UTmNRMHZcv	Dizzee Rascal	['grime', 'instrumental grime']	[2017]	1	1
6EzGm3fYBR8QcdIZ0xvHsl	Basic Tape	['new french touch']	[2017]	1	0
0ShXtJGjzmboEPVOvIdbQA	Sidiki Diabaté	['azontobeats', 'desert blues', 'kora', 'mande pop']	[2017]	1	1
02U68BQCUSYgr9eTBWRHLK	Fake Pictures	['german dance']	[2017]	1	0
20mCdWSz6PqFQof9gFFJ1r	Alvaro	['dutch house', 'edm', 'electro house', 'melbourne bounce', 'progressive electro house', 'sky room']	[2017]	1	1
6jPriOYMyUL9kNonBI1CNd	Faustix	['dakke dak', 'danish pop']	[2017]	1	1
6XZYAWJLL8UIbxAqjKj3cg	SOHN	['indietronica', 'shimmer pop']	[2017]	1	0
2P3cjUru4H3fhSXXNxE9kA	Blackstreet	['boy band', 'contemporary r&b', 'new jack swing', 'r&b', 'urban contemporary']	[2017]	1	1
7q6ozanpOpFUoe6jPQ0jVK	Kate Winslet	[]	[2017, 2018]	1	0
44NX2ffIYHr6D4n7RaZF7A	Van Morrison	['classic rock', 'folk', 'folk rock', 'heartland rock', 'mellow gold', 'rock', 'singer-songwriter', 'soft rock']	[2017]	1	0
13saZpZnCDWOI9D4IJhp1f	Lily Allen	['dance pop', 'electropop']	[2017]	1	1
7isTm27jVXz6QlAAt8WeXh	Neele Ternes	[]	[2017]	1	0
7f35VZGDpomj11PXdNn5D9	Max B	[]	[2017]	1	1
0V7uVrIYr4FwFvUN9S4kYr	Nick Waterhouse	['chicago indie', 'funk']	[2017, 2018]	1	1
3QUOtWgmuxFyae4C0Q0thd	ABIR	[]	[2017]	1	1
63rJq5DaUMq2OhAnh3al79	DJ Envy	['jersey club']	[2017]	1	1
0t9dGS12PMZmiJiZa9vpyk	DJ Sliink	['bmore', 'electronic trap', 'jersey club', 'vogue']	[2017]	1	1
6lBN3Tzt61u8i9AJoAhKzF	Mykola Dmytrovych Leontovych	['post-romantic era', 'ukrainian classical']	[2017, 2018, 2019, 2020, 2021]	1	1
3dRfiJ2650SZu6GbydcHNb	John Williams	['orchestral soundtrack', 'soundtrack']	[2017, 2018, 2019, 2020, 2021]	1	1
5nztAKyqbXsa6jTtmzkN2C	Stefanie Kloß	[]	[2017]	1	1
59OtXo2h1pS8zePQU7MUpn	Natel	[]	[2017]	1	1
1LYOKaB67uPrzpNMIk10k9	Brulux	['french hip hop', 'pop urbaine', 'rap francais']	[2017]	1	1
5Tf4EH8tDvznnjULcFxkIl	Alex Clare	['modern alternative rock']	[2017, 2018]	1	1
6ihLfpY3cmdGyWEnItn30w	257ers	['antideutsche']	[2017, 2018]	1	0
0MGJHTThvyAyqKuEAgPqDr	phem	['alt z']	[2017]	1	1
6AE7CSJUwDMnTXV4yKVLLv	Thomas Azier	['dutch indie']	[2017]	1	0
7bFuEkk1929rDOdLywT3rn	Imani Williams	[]	[2017]	1	1
5NDMothbpdpq2xHqSjrrWn	Faith Evans	['contemporary r&b', 'hip pop', 'r&b', 'urban contemporary']	[2017]	1	1
1Y8cdNmUJH7yBTd9yOvr5i	Destiny's Child	['dance pop', 'girl group', 'pop', 'r&b', 'urban contemporary']	[2017, 2019]	1	0
7aA592KWirLsnfb5ulGWvU	Danny Brown	['alternative hip hop', 'detroit hip hop', 'escape room', 'hip hop', 'underground hip hop']	[2017]	1	1
1U0sIzpRtDkvu1hXXzxh60	Kelela	['afrofuturism', 'alternative r&b', 'escape room', 'experimental r&b']	[2017]	1	1
5sWHDYs0csV6RS48xBl0tH	Two Feet	['indie poptimism', 'modern rock']	[2017]	1	0
6fXEqmGQEt6ONuqVmwrN46	Bag Raiders	['alternative dance', 'australian dance', 'indietronica']	[2017]	1	0
5HiW8Shh2vPcD16rE8MaBr	Timebelle	[]	[2017]	1	0
4QFHHdZkeqmneDQqKIjAN8	Donna Missal	['la pop']	[2017]	1	1
7823Dim2TzjiQQ9wRQxyi9	Wizzard	['glam rock']	[2017, 2018, 2020, 2021]	1	0
74eY8wbrhhVD7pACbBHwHw	Imany	['french indie pop']	[2017]	1	1
5NW2uPFatEKjZQ5gpWD8HO	Filatov & Karas	['russian dance', 'russian edm', 'russian pop']	[2017]	1	1
7AxoevMQzZ95aTA2v0vlKt	Liba	[]	[2017]	1	1
0t3QQl52F463sxGXb1ckhB	Betty Who	['australian dance', 'dance pop', 'electropop', 'metropopolis']	[2017]	1	1
0H4lEdOgBhMO4iLjh5eWRp	Falco Van Den Aker	[]	[2017]	1	1
0IaGKdJMLQv0vLHc1Bzz6u	Bob Van Ratingen	[]	[2017]	1	1
4Wjf8diP59VmPG7fi4y724	Cedric Gervais	['dutch house', 'edm', 'electro house', 'pop dance', 'progressive electro house', 'progressive house']	[2017]	1	1
2qSEpijpT3YSXgxcXac1ly	Chris Willis	[]	[2017]	1	1
2RkmcEisSOpC7f41BUXssE	Teutilla	[]	[2017]	1	1
3YqFSZLBUbSMeBM749iW7M	BACALL	['deep pop edm']	[2017]	1	0
27mFvqQj8KpjmdKIqcw1mG	Ayo & Teo	['trap', 'viral trap']	[2017]	1	0
21mKp7DqtSNHhCAU2ugvUw	ODESZA	['chillwave', 'edm', 'indietronica']	[2017]	1	1
7kdIgG6b9e3DZVmroWzu9w	Madelyn Grant	[]	[2017]	1	1
5Qw4JF4JAKGi7PDNwNtRRM	Dr Vades	['uk alternative hip hop']	[2017]	1	1
4L3GTE04bW5N7azA9QPhjA	Beenie Man	['dancehall', 'jamaican dancehall', 'reggae fusion', 'soca']	[2017]	1	1
1fYVmAFB7sC7eDoF3mJXla	Wande Coal	['afrobeats', 'afropop', 'nigerian hip hop', 'nigerian pop']	[2017]	1	1
78xOqjJTOsM2Y5XdtvjDq2	Saint Claire	[]	[2017]	1	1
3kjuyTCjPG1WMFCiyc5IuB	Arcade Fire	['alternative rock', 'baroque pop', 'canadian indie', 'chamber pop', 'indie rock', 'indietronica', 'modern rock', 'permanent wave', 'quebec indie', 'rock']	[2017]	1	0
7slfeZO9LsJbWgpkIoXBUJ	Ricky Martin	['latin pop', 'mexican pop', 'puerto rican pop']	[2017]	1	1
6FhF4CThrHldCUxYWbloJP	Brooks	[]	[2017]	1	1
2LuHL7im4aCEmfOlD4rxBC	Grace Carter	['uk contemporary r&b', 'uk pop']	[2017]	1	0
00FaHSRJeGv1dbHhnqhHqz	Teemu	[]	[2017]	1	1
2zzpznMuhKlKlqh1ma7Sms	Dakota	[]	[2017]	1	1
6roDXEmZ6AARdOUv6x5U2v	Felix Cartal	['canadian electronic', 'electro house', 'pop dance', 'pop edm']	[2017]	1	1
4hbnUamwrCHpv4wQTwvCIc	Sondr	['pop edm']	[2017]	1	1
2lLqHBjAnD1QyH24pOPoH6	Peg Parnevik	['swedish pop']	[2017]	1	1
6V4HZPgtKDGTLPJs6k3km7	Dylan Diamond	[]	[2017]	1	0
5Q8NEHGX70m1kkojbtm8wa	Ibeyi	['cuban alternative', 'etherpop', 'world']	[2017]	1	1
3t8WiyalpvnB9AObcMufiE	Mahmut Orhan	['turkish deep house', 'turkish edm']	[2017]	1	1
77xr1BNiH6bg7sV7ufnFhe	Eneli	['romanian pop']	[2017]	1	1
0DxeaLnv6SyYk2DOqkLO8c	MAGIC!	['pop', 'reggae fusion']	[2017]	1	1
6nXmnBpdFvzImqLQb3HBa9	Adam Trigger	[]	[2017]	1	1
1udruffum7CorOphFUMB9A	Kato	['danish electronic', 'danish pop']	[2017]	1	1
774uzes7MVqVcuU3r8IE1G	TYSM	[]	[2017]	1	0
1X6dfPmF8f5C5EW3WIGfvm	SJUR	['scandipop']	[2017, 2018]	1	1
4GrH6djlMelZDucxke8WAk	Chris Crone	[]	[2017, 2018]	1	1
3iri9nBFs9e4wN7PLIetAw	gnash	['alt z', 'pop']	[2017]	1	1
1QRj3hoop9Mv5VvHQkwPEp	Olivia O'Brien	['alt z', 'pop']	[2017]	1	1
5X1JzPIIonP3u9lA580pPT	Francesco Yates	['canadian pop']	[2017]	1	1
1xU878Z1QtBldR7ru9owdU	Phoenix	['alternative dance', 'indie rock', 'modern rock', 'new rave', 'rock independant francais']	[2017]	1	0
36SJoVo2BnoeOHycp3ffIQ	Walid Sevran	['pop urbaine']	[2017]	1	0
2QV9nKAvrkfPibulRt8Bov	Chris Tyson	[]	[2017]	1	1
0nk8VCkEQRQfvd6xoknxfo	Navé Monjo	[]	[2017]	1	1
66YGDwn22fjphzqGCSIbbK	Reignwolf	['modern alternative rock', 'modern blues rock', 'modern hard rock', 'saskatchewan indie']	[2017]	1	1
4bUqnkrDrb4f7rqmDR9yDu	Foy Vance	['british singer-songwriter', 'indie folk', 'irish singer-songwriter', 'uk americana']	[2017]	1	1
0mrnxWCuoCp6q8iSoWEijn	77 Bombay Street	['mundart', 'swiss alternative rock', 'swiss indie', 'swiss rock']	[2017]	1	0
4PVn1b2WnnXdq80C7uaZLZ	Nause	[]	[2017]	1	1
4bvWFV51SAEocM22uiDOza	Pretty Sister	['la pop']	[2017]	1	1
2RVvqRBon9NgaGXKfywDSs	Maisie Peters	['alt z', 'uk pop']	[2017]	1	0
3glG6M6Sm7Zgvms4dFZKbN	Casso	[]	[2017]	1	1
0vbEs3DgphJ2RGZqh4qFLT	Anita Kerr Singers	['easy listening']	[2017]	1	0
7xEFii6utZmQ61kX59HmLH	FRENSHIP	['electropop', 'indie poptimism', 'la pop']	[2017]	1	1
4lxfqrEsLX6N1N4OCSkILp	Phil Collins	['rock drums', 'soft rock']	[2017]	1	0
49O0SPoCoTiK2Nn2tOaHyU	Knox Fortune	['chicago indie']	[2017]	1	1
2FwJwEswyIUAljqgjNSHgP	Snakehips	['electropop']	[2017]	1	1
0ajB4yCH9z4cETf7Y2wlnT	Hös	[]	[2017]	1	1
1xHQO9GJIW9OXHxGBISYc5	Marian Hill	['electropop']	[2017]	1	0
6wMr4zKPrrR0UVz08WtUWc	Black Coffee	['south african house', 'south african pop', 'south african pop dance']	[2017]	1	1
6Tz0QRoe083BcOo2YbG9lV	Nena	['german pop', 'new wave pop']	[2017]	1	1
4wO0kHiOwf8l9VMJJN9HmG	Shoffy	['chill pop', 'la pop']	[2017]	1	1
3GxiyVFhM1CWoYBMfZ9hYG	Lincoln Jesser	[]	[2017]	1	1
72SkQdeqBKSXcmvrRBXpa1	LYSA	[]	[2017]	1	0
3c55dzx6W0ZFs0frtEgIsm	Sunstroke Project	['moldovan pop']	[2017]	1	0
7A2x4Urpc4VKF1pb7qnNqD	John Splithoff	['nyc pop']	[2017]	1	0
1l2ekx5skC4gJH8djERwh1	Don Diablo	['dutch house', 'edm', 'electro house', 'future house', 'pop dance', 'progressive electro house', 'progressive house']	[2017]	1	1
0UN8vGMxWEBKNNu8NtyF96	Lush & Simon	['dutch house', 'electro house', 'progressive electro house', 'sky room']	[2017]	1	1
2w9zwq3AktTeYYMuhMjju8	INNA	['dance pop', 'romanian house', 'romanian pop']	[2017]	1	1
05o1zW8b6PV6rEquXr74sB	State of Sound	['swedish tropical house']	[2017]	1	0
6ioOEWNNGK40H8xrGj6XPW	XYLØ	['alt z', 'indie poptimism', 'la pop']	[2017]	1	1
2WX2uTcsvV5OnS0inACecP	Birdy	['neo mellow', 'uk pop']	[2017]	1	0
1mXAhKnZEdF6rotyyd4GBi	MC Kevinho	['arrocha', 'funk carioca', 'funk ostentacao', 'funk pop', 'sertanejo universitario']	[2017]	1	0
64Agvz8sfVYGFmX7yCwj32	Ahzumjot	['german alternative rap', 'german cloud rap', 'german hip hop']	[2017]	1	1
0pt7PX4Hftlg8mV1ySU84Q	CVBZ	['dark r&b']	[2017, 2018]	1	1
73Np75Wv2tju61Eo9Zw4IR	Idina Menzel	['hollywood', 'movie tunes', 'show tunes']	[2017, 2019, 2020, 2021]	1	1
3qMyym6ov558YgVuOOscEm	Blanche	[]	[2017]	1	0
7ptddrxOpfsiwkwqb91Fuz	Nikky Santoro	['german underground rap']	[2017]	1	1
6x2LnllRG5uGarZMsD4iO8	Thomas Rhett	['contemporary country', 'country', 'country road', 'modern country rock']	[2017]	1	0
2o8lOQRjzsSC8UdbNN88HN	mansionz	['indie pop rap']	[2017]	1	1
28MAlskHukBSm7mnqXpL0A	Dennis Rodman	[]	[2017]	1	1
2BAG03enVzZgv9Tb2hqImG	ALP	['rap francais']	[2017]	1	0
36jaGQtMj5UWD0eO1fCVdD	Joel Adams	['australian pop', 'pop soul', 'teen pop']	[2017]	1	0
3C6wuu8asCGd2KaEzBSAEP	Otieno Terry	[]	[2017]	1	1
34f8p9RqbrZirJRJ8BX5WN	Tortoz	['french hip hop', 'rap calme', 'rap francais', 'rap montrealais']	[2017]	1	1
3iaVXonnnlGLW3BHz1BDER	Karel Svoboda	[]	[2017]	1	1
1pHWsOvhOqZn9zwP7v8VbA	František Pavlíček	[]	[2017]	1	1
1NsvDKaOjM0M0kxvZvVisU	Václav Vorlíček	[]	[2017]	1	1
7KzDocnBwkQXPEqIIDivkV	Film Symphony Orchestra	[]	[2017]	1	1
6PwHyGcUfjwdjT9cdsaVWT	Merryn Jeann	[]	[2017]	1	1
1LKo6ZA3RNvKtLa6zDu32S	Kranium	['basshall', 'dancehall']	[2017]	1	1
1Eie0tY91rpi7Y0jtIOXzI	Wingtip	['nyc pop']	[2017]	1	1
7jkqVQ6YQ3LvAhVG03ZP4G	Sophie Strauss	[]	[2017]	1	1
3jVMgT4X7YeuYE4aludcmE	Phil Spector	['brill building pop']	[2017]	1	0
0xA8Rmfl9di0sVaPl9AyR9	DJ Yuri Martins	['funk carioca']	[2017]	1	1
3eqjTLE0HfPfh78zjh6TqT	Bruce Springsteen	['heartland rock', 'mellow gold', 'permanent wave', 'rock', 'singer-songwriter']	[2017, 2018, 2019, 2020, 2021]	1	0
6xHUXzrfhFgnIv86EBR3Ml	kai	[]	[2017]	1	1
7mnAzEmgquhrVtGob81SmO	Big Shaq	['london rap']	[2017, 2018]	1	0
4H1PNuHElBLVok0lnYMrRb	Dyo	['alte']	[2017]	1	1
2CvCyf1gEVhI0mX6aFXmVI	Paul Simon	['classic rock', 'folk', 'folk rock', 'mellow gold', 'permanent wave', 'rock', 'singer-songwriter', 'soft rock']	[2017]	1	0
6QuwwXcYV87m0bVvK0fLct	Juice	[]	[2017]	1	1
25b5cIThNFVHmLF2DQ814i	Awa Imani	[]	[2017]	1	1
0CjWKoS55T7DOt0HJuwF1H	Bipolar Sunshine	['gauze pop']	[2017]	1	1
5cIc3SBFuBLVxJz58W2tU9	Oh Wonder	['electropop', 'indie poptimism', 'pov: indie']	[2017]	1	1
2hWs22BmQkK4czFtDLnar2	Rob $tone	['san diego rap', 'viral trap']	[2017]	1	1
1rs3y69kDwkIdGJcOYngQt	J. Davi$	[]	[2017]	1	1
36Tn5h23ysORlLKc42UXfe	J Spooks	[]	[2017]	1	1
224CDJhbm230iSo9ZomTWe	Max Giesinger	['german pop', 'german pop rock']	[2017]	1	0
2oZcMYiKpjaA2Et5mU3RPP	Chronixx	['dancehall', 'modern reggae']	[2017]	1	1
2NbYIb2nZ2Z8YORBCbugPq	Alex Christensen	['german pop']	[2017]	1	1
6cM5S5JAR9qY9GdYyLAuUY	The Berlin Orchestra	[]	[2017]	1	1
0AJUYWKztkg5dnrHDIBv47	MiC LOWRY	[]	[2017]	1	0
7vUJCRmF1if4uhMp2V3tRP	Arman Cekin	['bass trap']	[2017]	1	1
5FjiYgLczmrP2j1gijAGWp	Paul Rey	['swedish pop']	[2017]	1	1
5ixB75BQR3ADoWQkcHQJTs	Gene Autry	['classic oklahoma country', 'cowboy western', 'traditional country', 'western swing', 'yodeling']	[2017, 2018, 2019, 2020, 2021]	1	0
721T2PETMLaAkijbYu05VD	Junge Junge	['tropical house']	[2017]	1	0
2cCUtGK9sDU2EoElnk0GNB	The National	['chamber pop', 'indie folk', 'indie rock', 'indietronica', 'modern rock', 'stomp and holler']	[2017]	1	0
3gz8sBWqcMQ0qsrZIoVphx	Hayce Lemsi	['french hip hop', 'pop urbaine', 'rap francais']	[2017]	1	1
4EfDnNKz2dl0KND2oQB3Cc	Volts Face	['french hip hop', 'pop urbaine']	[2017]	1	1
1Z8ODXyhEBi3WynYw0Rya6	De La Soul	['east coast hip hop', 'golden age hip hop', 'hip hop', 'jazz rap']	[2017]	1	1
0Qpk1IGiZeB6rRhfK4FVDT	Kelvin Mercer	[]	[2017]	1	1
2qxcnbn5lwXDZBU4CBLsrg	Mat McHugh	['folk-pop']	[2017]	1	1
3iuucN99cGJN0RqyVAfEed	The YUM YUM's	[]	[2017]	1	1
2jBa39W2cucJozDpEBtCXu	Lennox	[]	[2017]	1	1
6e4aHkdDUcsaXPTQdF6Qhn	Life of Dillon	['uk pop']	[2017]	1	0
2snm3HmsnDUDxbIChdl2Oj	Justin Hurwitz	['hollywood', 'movie tunes', 'soundtrack']	[2017]	1	0
2ZWi2iA1WTeyDUTbOBHVwC	Andrés Dvicio	[]	[2017]	1	1
4RVnAU35WRWra6OZ3CbbMA	Kylie Minogue	['australian dance', 'australian pop', 'dance pop', 'eurodance', 'new wave pop']	[2017, 2018, 2019, 2020, 2021]	1	0
2iEvnFsWxR0Syqu2JNopAd	Smash Mouth	['pop rock', 'post-grunge']	[2017]	1	0
01CC0QaWv9hM4Eroe6ZKHw	Remady & Manu-L	[]	[2017]	1	0
2m0y0cDl1US03sYgxv9r6s	JOWST	['norwegian pop']	[2017]	1	0
4CHiVarfTsFhkFOk5vHS77	Marc Scibilia	['indiecoustica']	[2017, 2018]	1	1
6RqG6OjPJVHi1RAcXTxglq	Stereotypes	[]	[2017]	1	1
3crnzLy8R4lVwaigKEOz7V	E-40	['cali rap', 'gangster rap', 'hyphy', 'oakland hip hop', 'west coast rap']	[2017]	1	1
6O2zJ0tId7g07yzHtX0yap	Mobb Deep	['east coast hip hop', 'hardcore hip hop', 'hip hop', 'queens hip hop']	[2017]	1	0
7gP3bB2nilZXLfPHJhMdvc	Foster The People	['indietronica', 'modern alternative rock', 'modern rock', 'rock']	[2017, 2019, 2020]	1	0
0vneleczrRRNPF1vj0x0vy	The Harlem Community Choir	[]	[2017, 2018, 2019]	1	1
4m2kfAHEnK7Z7qLGxeWtro	The Plastic Ono Band	['beatlesque', 'experimental rock']	[2017, 2018, 2019]	1	1
6BrvowZBreEkXzJQMpL174	Hardwell	['big room', 'dutch house', 'edm', 'electro house', 'pop dance', 'progressive electro house', 'progressive house']	[2017]	1	1
04abdnqPQe2N4fjztDea6z	Austin Mahone	['pop', 'post-teen pop']	[2017]	1	1
5gw5ANPCVcxU0maLiGRzzP	Billy Raffoul	['canadian pop']	[2017, 2018]	1	1
53QzNeFpzAaXYnrDBbDrIp	The Isley Brothers	['classic soul', 'funk', 'motown', 'quiet storm', 'soul']	[2017]	1	0
2iojnBLj0qIMiKPvVhLnsH	Trey Songz	['dance pop', 'r&b', 'southern hip hop', 'trap', 'urban contemporary']	[2017]	1	1
0xZvYTiM5QT94j1abOm0nC	Davai	['norwegian pop']	[2017, 2018]	1	1
7bSq8V5IGFa89VPDIvzehw	CIRE	[]	[2017, 2018]	1	1
6ujr1NkqbZpYOhquczUUfl	The Strumbellas	['canadian indie', 'folk-pop', 'stomp and holler']	[2017]	1	0
3nlHsNqwCSvT988ZfSW1Yh	Ronan Keating	['europop']	[2017]	1	0
7nKeLE1toRtW4M279iS26h	Zay Hilfigerrr	['viral trap']	[2017]	1	1
5AsWcQXw4RJFRWBbwa0ti0	Zayion McCall	[]	[2017]	1	1
2FmzVitXZjIkFolH8HXd4j	Flosstradamus	['brostep', 'edm', 'electro house', 'electronic trap', 'mashup']	[2017]	1	1
53ixqKNKVTgtSx3m3DGMA2	FKi 1st	['atl trap']	[2017]	1	1
4E69riquObrTmBTVuF1b7B	graves	['bass trap', 'electronic trap', 'future bass', 'vapor twitch']	[2017]	1	1
2D3CXS70FRMw2FIkchBQdH	Casper & B.	[]	[2017]	1	1
31V9AwOdKY1QlfAcr11qvy	Youri	[]	[2017]	1	1
3a5gYWQUgFrIEXqnE1tgD4	Carnie And Wendy Wilson	[]	[2017]	1	0
0fs8oBR1rx7JIXZi75h7Uu	Bahari	['alt z', 'la pop']	[2017]	1	1
3iKatcdLBE1YxiAyvcow4w	Ephemerals	[]	[2017]	1	1
0J7U24vlOOIeMpuaO6Q85A	LP	"['la pop', ""women's music""]"	[2017]	1	0
2tLI4kPsmsxQQv6zr2jbgt	Mickey Valen	['dark r&b']	[2017]	1	1
23GMmLeVwj1yKMo1WGEwIj	Feli Ferraro	[]	[2017]	1	1
6FB9Zw1TSMrw3LIzIvlNGG	Nathaniel Alford	[]	[2017]	1	1
1WdM0BAEXN9RpUdPOzEZdx	Twice As Nice	[]	[2017]	1	1
6T70tWxqyIpdVbsFvPzqM3	La La Land Cast	[]	[2017]	1	0
5bfqwcEcRrMhtY9smw3IeJ	Dave B.	['seattle hip hop']	[2017]	1	1
6WZfEqqsYujHTUDuNd5Lbc	Travis Thompson	['seattle hip hop']	[2017]	1	1
2UZMlIwnkgAEDBsw1Rejkn	Tom Petty	['album rock', 'classic rock', 'hard rock', 'heartland rock', 'mellow gold', 'rock', 'singer-songwriter', 'soft rock']	[2017]	1	0
2AcUPzkVWo81vumdzeLLRN	Rhye	['art pop', 'downtempo', 'indie soul', 'indietronica', 'shimmer pop']	[2017]	1	1
0QvtEuDIDAsKpfuOe2a237	Joe Killington	[]	[2017]	1	1
6t8VAB5OTHKxi4p1I5aqn0	Duane Harden	[]	[2017]	1	1
1umTeYMbiCSj1nl2fqXVcZ	The Main Level	['scandipop']	[2017]	1	1
36SvDHIiV7VNyLLmChI1H6	Blvck O	['norwegian pop rap']	[2017]	1	1
4RddZ3iHvSpGV4dvATac9X	Papa Roach	['alternative metal', 'nu metal', 'rap metal', 'rap rock', 'rock']	[2017]	1	0
4ST7R4xWexBdeBD5u6OP2U	Damian Lynn	['swiss indie']	[2017]	1	0
2ZuweXv0TkfsidZOLZZoM2	HEDEGAARD	['danish electronic', 'scandipop']	[2017]	1	0
1mrrvBvbrm28iYaPlJ9mG5	Alex Adair	['house', 'tropical house']	[2017]	1	0
0GfYO21pue5u0sVEYk9HZO	Salvador Sobral	['portuguese pop']	[2017]	1	0
0DdDnziut7wOo6cAYWVZC5	KREAM	['pop dance']	[2017]	1	1
6RHKEd9dpzQ4c09x8Zdaxu	Clara Mae	['alt z', 'swedish pop']	[2017]	1	1
64PgkSM1uDD9BJEg0UkMMM	Ilinca	[]	[2017]	1	1
7LCXh4MTN5bnfptYe17e66	Alex Florea	[]	[2017]	1	1
3RGLhK1IP9jnYFH4BRFJBS	The Clash	['alternative rock', 'permanent wave', 'punk', 'rock']	[2017, 2018]	1	0
188VINPQh5dyNfLUkevKqf	Olivia Holt	['alt z', 'post-teen pop']	[2017]	1	0
00Z3UDoAQwzvGu13HoAM7J	Skizzy Mars	['indie pop rap']	[2017]	1	1
4X0v8sFoDZ6rIfkeOeVm2i	Seinabo Sey	['swedish electropop', 'swedish soul']	[2017]	1	1
1fBcQOi8yEfWN7fknMoqIE	Patrice	['german reggae']	[2017]	1	1
3vyUTiW9vClzOUXCHVNWsy	James Gruntz	['swiss indie', 'swiss rock']	[2017]	1	0
49cKvpgrR0tAJFwUTdpqwV	Paul Anka et son orchestre	[]	[2017]	1	0
3NoeRIxHApi6qe4yan2Vnn	Eric Nally	[]	[2017]	1	1
3TaUSUXn41GixL7zbvrIDt	A-Trak	['canadian electronic', 'edm', 'electro house', 'electronic trap', 'turntablism']	[2017]	1	1
3oDbviiivRWhXwIE8hxkVV	The Beach Boys	['baroque pop', 'classic rock', 'folk rock', 'mellow gold', 'psychedelic rock', 'rock', 'sunshine pop']	[2017, 2018, 2019, 2020, 2021]	1	0
6J7biCazzYhU3gM9j1wfid	Jamiroquai	['dance pop']	[2017]	1	0
5JSXWmQO8csVUy6hSRu8TA	Maty Noyes	['alt z']	[2017]	1	1
2zd9YxlsQvA5mkZ1NarYVQ	Miriam Bryant	['classic swedish pop', 'swedish idol pop', 'swedish pop', 'swedish pop rap']	[2017]	1	1
3TOqt5oJwL9BE2NG9MEwDa	Disturbed	['alternative metal', 'nu metal', 'rap metal', 'rock']	[2017]	1	0
4rp8rIXbwp93MnStnqDGQD	Andreas Gabalier	['schlager']	[2017]	1	0
2WoVwexZuODvclzULjPQtm	Sampha	['alternative r&b', 'indie soul']	[2017]	1	1
1b4DN8Vj0dnj5cceMFsRYN	Dante Klein	['deep tropical house', 'dutch house', 'pop edm']	[2017]	1	1
3pfQKkyELe3zxBQDgQP6Py	Tim Legend	[]	[2017]	1	1
5EBlHXi71tDXnFtroEh7Rg	Naomi Wild	['indie electropop']	[2017]	1	1
2apYMRrg5FxN4go0pfsCvf	Melanie Thornton	[]	[2017, 2018, 2019, 2020, 2021]	1	0
5e4Dhzv426EvQe3aDb64jL	Shania Twain	['canadian country', 'canadian pop', 'contemporary country', 'country', 'country dawn']	[2017, 2018, 2019, 2020, 2021]	1	1
0OROVBEZCocg0FcgJpyBse	Alex Sensation	['reggaeton']	[2017]	1	1
3EA9hVIzKfFiQI0Kikz2wo	Andrea Bocelli	['classical tenor', 'italian tenor', 'operatic pop']	[2017, 2018]	1	1
3SPEPveuGIJZQPCHmNg4wg	Bearson	['norwegian pop']	[2017]	1	1
6uNiUxDeo17yUnA472Zhni	Nat Dunn	[]	[2017]	1	1
3dz0NnIZhtKKeXZxLOxCam	Porter Robinson	['complextro', 'edm', 'electro house', 'pop dance', 'progressive electro house']	[2017]	1	1
4pb4rqWSoGUgxm63xmJ8xc	Madeon	['complextro', 'edm', 'electro house', 'electropop', 'filter house', 'nantes indie', 'pop dance']	[2017]	1	1
4WL6MC4jDW7w7K9hfc4MVS	Clyde McPhatter	['doo-wop', 'rhythm and blues']	[2017, 2018]	1	1
7nZLD9PxbyVBQ97XX5R2Vg	Bill Pinkney	['beach music']	[2017, 2018]	1	1
3whuHq0yGx60atvA2RCVRW	Olly Murs	['dance pop', 'pop', 'talent show']	[2017]	1	1
2DzbXUAn0DiYqcgu2wDfaf	Coely	['belgian hip hop', 'belgian rock']	[2017]	1	1
4N874uPqBka1QiCvnCVOtr	Phoebe Ryan	['alt z', 'indie poptimism']	[2017]	1	1
46lnlnlU0dXTDpoAUmH6Qx	Lou Bega	['latin pop']	[2017]	1	0
78CiW0UJbHspFaVuVexOK6	Charlie Cunningham	['british singer-songwriter', 'indie anthem-folk', 'indie folk']	[2017, 2018]	1	0
0mMqD2uqwvCjFvlzo6ayGi	DJ Maphorisa	['amapiano']	[2017]	1	1
2gzWmhOZhDN6gXL49JW9qj	Nasty C	['south african hip hop', 'south african trap']	[2017]	1	1
1sSt1DqqqFLkPwfrqafVyn	Ice Prince	['afrobeats', 'afropop', 'nigerian hip hop', 'nigerian pop']	[2017]	1	1
2hKQc001G7ggs3ZyxMdkGq	Patoranking	['afrobeats', 'afropop', 'azontobeats', 'nigerian pop']	[2017]	1	1
4TsHKU8l8Wq7n7OPVikirn	Jidenna	['ghanaian hip hop', 'viral trap']	[2017]	1	1
5lzqFxifzjxYHGJxuwQqtR	Francesco Gabbani	['italian adult pop', 'italian pop']	[2017]	1	0
69MEO1AADKg1IZrq2XLzo5	UB40	['reggae fusion', 'uk reggae']	[2017]	1	0
19eLuQmk9aCobbVDHc6eek	Louis Armstrong	['adult standards', 'dixieland', 'harlem renaissance', 'jazz trumpet', 'new orleans jazz', 'soul', 'swing', 'vocal jazz']	[2017]	1	1
5dlCVmfRbWVGOJYHzGyk32	Benny Carter	['bebop', 'big band', 'cool jazz', 'jazz saxophone', 'library music']	[2017]	1	1
0NIIxcxNHmOoyBx03SfTCD	Tinashe	['alternative r&b', 'dance pop', 'metropopolis', 'pop', 'r&b', 'urban contemporary']	[2017]	1	0
6sFIWsNpZYqfjUpaCgueju	Carly Rae Jepsen	['canadian pop', 'dance pop', 'pop']	[2017, 2021]	1	0
5IFCkqu9J6xdWeYMk5I889	Gloria Estefan	['new wave pop']	[2017]	1	0
2HGAZDmVV3GAH4XFAZdvSG	Isaac Delusion	['electro-pop francais', 'french indie pop', 'french indietronica', 'french psychedelic']	[2017]	1	1
7bcbShaqKdcyjnmv4Ix8j6	St. Vincent	['art pop', 'etherpop', 'indie rock', 'indietronica', 'metropopolis', 'neo-synthpop']	[2017]	1	0
2sRQFLs62KkM8UTW3DjDFM	Axel Ehnström	[]	[2017]	1	1
5DRdnyaEaD47Pfs7GWSy81	Bibi H.	['german viral rap']	[2017]	1	0
1CQLPgGkfHrxNMqrXt5oWS	Robin Bengtsson	['swedish idol pop', 'swedish pop']	[2017]	1	0
1AwO9pWEBSBoWdEZu28XDC	Eartha Kitt	['torch song', 'vocal jazz']	[2017, 2018, 2019, 2020, 2021]	1	1
0oK8UXKZbQezeRhE0KeBAV	Henri René and His Orchestra	"[""man's orchestra""]"	[2017, 2018, 2019, 2020, 2021]	1	1
5P4P6G0pubLi65R3zRnSCf	Kush Kush	['german dance']	[2017]	1	0
3QLIkT4rD2FMusaqmkepbq	Rachel Platten	['post-teen pop', 'viral pop']	[2017]	1	0
5SbkVQYYzlw1kte75QIabH	Gnarls Barkley	['atl hip hop', 'neo soul']	[2017]	1	0
2kvBsTdtEvwUGOaSDDiKZg	starRo	['vapor twitch']	[2017]	1	0
2mj4PDeOtegTfpBOmtprmu	JJ Hannon	[]	[2017]	1	0
3w4VAlllkAWI6m0AV0Gn6a	Hurts	['metropopolis', 'neo-synthpop']	[2017, 2018]	1	0
0nwid3SFCGyXxnllTHzHPd	Nicolas Haelg	['deep tropical house', 'swiss pop']	[2017, 2018]	1	1
3xwLNvmLpu3mDKzCoht2lp	Treetalk	[]	[2017, 2018]	1	1
0qTZZWLzuD59Un5r1speHm	Chris Jedi	['reggaeton', 'trap latino', 'urbano latino']	[2017]	1	1
2f9ZiYA2ic1r1voObUimdd	Grace Jones	['art pop']	[2017]	1	1
3JtuxOs4xRaE4r0S50WcSI	Olson	['german cloud rap']	[2021]	1	1
5qcItc7YNsjFopTrW9aICh	Temsa7	[]	[2021]	1	1
2hiq2iBnUik3mrOfEgRSpB	carolesdaughter	['alt z', 'pov: indie']	[2021]	1	0
3Hb64DQZIhDCgyHKrzBXOL	Daði Freyr	['icelandic pop', 'sunnlensk tonlist']	[2021]	1	0
3OqTvcWgb0xaainosGVvuZ	Gala	['eurodance', 'italo dance']	[2021]	1	0
4tjoob53d4b26AjGJ49kuF	Dj Quick	[]	[2021]	1	1
26cMerAxjx9GedFt0lMDjm	Bella Poarch	['modern alternative pop']	[2021]	1	0
2Waw2sSbqvAwK8NwACNjVo	Bo Burnham	['comic', 'pov: indie']	[2021]	1	0
6vHBuUxrcpn1do5UaEJ7g6	Domo Genesis	['alternative hip hop', 'underground hip hop']	[2021]	1	1
011bJBtG8SdkBqBiSpBllF	JEREMIAS	['german pop']	[2021]	1	1
4BdukbROt8qmkffXOpDW50	Finem	['albanian pop']	[2021]	1	1
0G9ibJ5qs4Zl6iupdrVAG1	Windser	[]	[2021]	1	1
4oLeXFyACqeem2VImYeBFe	Fred again..	['edm', 'house', 'stutter house']	[2021]	1	1
7AWtkwVftjGXkoCIEvI7fW	Edoardo Bennato	"[""canzone d'autore"", 'classic italian pop', 'italian adult pop']"	[2021]	1	1
0h0p7RkMjCUMdcf0nXmHjX	Gianna Nannini	['classic italian pop', 'italian adult pop', 'italian pop']	[2021]	1	1
63bviSUQDcZQDVQXgcGSF0	Marin	['albanian hip hop']	[2021]	1	0
10UAvp2UJa3NMRwdbZFHc7	Jason	['german underground rap']	[2021]	1	1
6gVNS2RoHMQgAXlAxX5o0D	Pablokk	['german hip hop', 'german underground rap']	[2021]	1	1
6o5FwtmyRmdaUqFnfmZ9l8	DELA	['german pop', 'german r&b']	[2021]	1	1
2rTo8KIkBTFjQS7VvaKYQ4	W&W	['big room', 'dutch house', 'dutch trance', 'edm', 'electro house', 'pop dance', 'progressive electro house', 'progressive house']	[2021]	1	1
1D6ueetjwqW491iboMI3NT	Destiny	['maltese pop']	[2021]	1	0
2NfSBtmWe7oPw1EmetJVso	Boza	['panamanian pop', 'reggaeton', 'urbano latino']	[2021]	1	0
4fDx6CTJ4KWhnAg6TvwmWe	Serge Ibaka	['musique urbaine kinshasa']	[2021]	1	1
5D3muNJhYYunbRkh3FKgX0	Chord Overstreet	['acoustic pop']	[2020, 2021]	1	0
3L58J6a7f0jyy2p6f3MSAs	Blind Channel	['oulu metal', 'trancecore']	[2021]	1	0
6yb7iR9KSHvoITAvoxz3ia	Stevie Mackey	[]	[2020, 2021]	1	1
59u9R3yNVw4PWC3Rg1JZhk	THE ELEVEN	[]	[2020, 2021]	1	1
08GQAI4eElDnROBrJRGE0X	Fleetwood Mac	['album rock', 'classic rock', 'rock', 'soft rock', 'yacht rock']	[2020, 2021]	1	0
7EWU4FhUJM1sZQgQKdENeT	Hopsin	['conscious hip hop']	[2021]	1	1
4ogvuDRerGhZfSf7TtzHlr	Israel Kamakawiwo'ole	['hawaiian']	[2021]	1	1
7ACEUD7UsmmXrnj4OLt8f9	twocolors	['edm', 'pop edm']	[2020, 2021]	1	0
2AsusXITU8P25dlRNhcAbG	Gotye	['australian pop']	[2021]	1	1
6hk7Yq1DU9QcCCrz9uc0Ti	Kimbra	['bergen indie', 'electropop', 'nz pop']	[2021]	1	1
6kvvDgFMvd02LlVlGX55GN	Dala	[]	[2021]	1	1
4yJHrytMK7mqtKsXVGaBNg	Fana Hues	['alternative r&b', 'indie r&b']	[2021]	1	1
6Cw4b0HJcYPaG1ik1tpdZa	Samo104	['german hip hop']	[2021]	1	0
4bXUaTjc7TQTvLqqCAlfYt	Jack Back	[]	[2021]	1	1
4Eoddnw0pOewmCHQYofuwh	Fancy Inc	['brazilian bass', 'brazilian edm']	[2021]	1	1
4OGlp2UdUQGPJVbvJ82Cz5	Roland Clark	['garage house']	[2021]	1	1
0gWa2AiDlbvF24aqoLT2c1	LadBaby	[]	[2021]	1	1
4MVyzYMgTwdP7Z49wAZHx0	Lynyrd Skynyrd	['album rock', 'classic rock', 'hard rock', 'rock', 'southern rock']	[2019, 2020, 2021]	1	0
2WgfkM8S11vg4kxLgDY3F5	StarBoi3	['viral rap']	[2021]	1	1
2Ue601Op6mLGMwrQYjAOSW	niteboi	['drift phonk']	[2021]	1	0
35pKZ36ma78w8aE467fRO9	Phil The Beat	['slap house']	[2021]	1	1
1X6cBGnXpEpN7CmflLKmLV	Kizz Daniel	['afrobeats', 'afropop', 'azontobeats', 'nigerian pop']	[2021]	1	1
4f2Osmfrp1z54Y2d7Nf8vf	Philkeyz	[]	[2021]	1	1
4B3aifxHtpcKHuNi12lmSt	WATTS	[]	[2021]	1	1
5Dl3HXZjG6ZOWT5cV375lk	Yo-Yo Ma	['chamber ensemble', 'classical cello', 'classical performance']	[2021]	1	1
3rROvEsUJJ9y55g1PLaA16	Robert Trujillo	[]	[2021]	1	1
4DW34vji6G9GgGY0k2mic7	Chad Smith	['rock drums']	[2021]	1	1
6j7ucdkzdR5UxcAjpwZlmI	DJ Zboubinho	[]	[2021]	1	1
0Suv0tRrNrUlRzAy8aXjma	Haddaway	['eurodance', 'europop']	[2021]	1	0
70K2T1XaPolANoZ2YjcoVW	UNTER OBSI	['german trap']	[2021]	1	1
7HOA5ZSnWgm6AmVrSpu2al	DIZZY	[]	[2021]	1	1
4dM6NDYSfLcspt8GLoT5aE	Hippie Sabotage	['edm', 'electronic trap']	[2019, 2021]	1	0
5tKXB9uuebKE34yowVaU3C	Iyaz	['dance pop', 'pop rap', 'post-teen pop']	[2021]	1	0
0lHB0Qc4pmD5RkTLlHeESo	MC L da Vinte	['funk bh', 'funk carioca', 'funk mtg', 'funk rj']	[2021]	1	1
6fOyYqdh6p0ZWLs9zUDoyt	MC Gury	['funk carioca', 'funk mtg', 'funk paulista']	[2021]	1	1
1syXQsjd4I488zMsbw7ecY	Rita	[]	[2021]	1	1
5Risxzny0TU6OTWobTpvWF	Fidan	[]	[2021]	1	1
44vREmJC0OlVZjZaGLqVEd	Morray	['pop rap']	[2021]	1	1
2oemnVL2uc5GiNj9NNH4pz	Ghetto Geasy	['albanian hip hop', 'albanian pop']	[2021]	1	1
4ughlAgPXTuaAMPRTnYhQv	XHENSILA	[]	[2021]	1	1
6RM5eA0SSP7B8UV3qHbLa8	Lino	['french hip hop', 'rap conscient']	[2021]	1	1
0gnvHfvVVSQ7xcTVFC5TJk	R.E.D.K.	['french hip hop']	[2021]	1	1
0QODQ4TiVsOcGvWxk97Ylv	Calbo	[]	[2021]	1	1
35R1B97CfrqKFFI3QBkTDx	RealestK	[]	[2021]	1	0
7J0hrNYCO5DgAx0XaRJqkh	Yung Kayo	['rage rap']	[2021]	1	1
7pLntWGInZPQxc4kXxzzjB	Liz Gillies	[]	[2018, 2019, 2020, 2021]	1	1
6CawoDDP1IZUSGl4wSJGC9	TIX	['norwegian pop', 'russelater']	[2021]	1	0
62TYO8MQIPGNVne59x3AqS	Ansu	['german drill', 'german hip hop', 'german trap', 'hamburg hip hop']	[2021]	1	1
72Nhcx7prNk2ZCxhx0Y5es	Amy Grant	['christian music']	[2021]	1	0
6lay1nwbE6hTx1jivysUAL	Princess Nokia	['alternative r&b', 'escape room', 'lgbtq+ hip hop', 'trap queen']	[2021]	1	1
5opdTjPNqjz4eHPyYbpoZ6	Soukey	['schweizer rap', 'swiss hip hop']	[2021]	1	1
4np9Zzw0SEYQLcGv28P51q	TRAVI	[]	[2021]	1	1
06Qf6vq8AVIpE9XIw8LAsY	Lil Duke	['atl trap']	[2021]	1	1
4kvCU3MzggM2piZCqvxj0x	Go_A	['ukrainian viral pop']	[2021]	1	0
2BTZIqw0ntH9MvilQ3ewNY	Cyndi Lauper	['dance pop', 'new wave pop', 'permanent wave', 'soft rock']	[2020, 2021]	1	0
34G31kGbSQmemVlI0G784o	THE ROOP	['lithuanian rock']	[2021]	1	0
4L5SLCIDWPPNGzrLraYCOS	Grupo Extra	['bachata', 'bachata dominicana', 'cubaton']	[2021]	1	1
2jXb8AWz82Sn3RRGOaia7a	Danger Dan	['antideutsche', 'german indie']	[2021]	1	0
3M9XAM57a4qFz3v6Lq27t2	Kellin Quinn	[]	[2021]	1	1
4cy8rq83cl4eKpRWRK9hyM	J Fado	['charva']	[2021]	1	1
0ru4hXR4RJY1mikvbQKgWa	Jon Lajoie	['comedy rap', 'comic', 'parody']	[2021]	1	0
1Unwe9Xco0JDlTTwpDVrcK	Jack Curley	['uk pop']	[2021]	1	0
5fISRashl2LHMXjwqNqedz	Jan-Marten Block	[]	[2021]	1	0
4B1emXLiBtbjjwGmLqVsHO	Meda	['albanian pop', 'kosovan pop']	[2021]	1	1
2zgFYHwSEYOc1KnldGsBXK	Oxia	['french tech house', 'minimal techno']	[2021]	1	1
6mwbPdrZXOd7foDkRT6QGT	Mashkal	[]	[2021]	1	1
0fGcIStdT1OpFFhOC7Wp36	Teezo Touchdown	['chill abstract hip hop', 'indie hip hop']	[2021]	1	1
2eGAHWide96MItPXtwxMr2	WIER	[]	[2021]	1	1
0kcGSitPHYyZ9B7bP7wJo8	Annett Louisan	['german pop', 'german singer-songwriter']	[2021]	1	1
3jDtqAKltRxJi64svLZGj7	Bibi Bourelly	[]	[2021]	1	1
5GnRHCbhnGp57tp4whNvOo	Christina Stürmer	['austrian pop', 'austropop', 'german pop']	[2021]	1	1
0hEeBhTVYUKs2B4PY2IdMB	Conor Byrne	[]	[2021]	1	1
2UFKXTZgKtOTHSqMSyAcLO	Glasperlenspiel	['german pop', 'metropopolis']	[2021]	1	1
0VUeSHZjbneQ8Ti7whkL9A	Joel Brandenstein	['german pop', 'german singer-songwriter']	[2021]	1	1
7BKePXVmQRgnkbGcrFX1G4	JORIS	['german pop', 'german pop rock', 'german singer-songwriter']	[2021]	1	1
3gqabzO7zvHVzAIT0Nxqa3	LOTTE	['german pop']	[2021]	1	1
6mo0UbyIvIePdXNyLwQlk5	Milow	['belgian pop', 'belgian rock', 'belgian singer-songwriter']	[2021]	1	1
7oaSITFPadI3fnIxbv7hTa	Philipp Dittberner	['german pop']	[2021]	1	1
091dY4SjI2cy4YHdvhCjg1	Sasha	[]	[2021]	1	1
0bm9qSmVJmT9CEukIhhZY5	Stefanie Heinzmann	['german pop', 'swiss pop']	[2021]	1	1
6GkJh85o22LfD2vgL9DP6f	Dirty Heads	['reggae fusion', 'reggae rock']	[2021]	1	0
5OeY6e62St2Nubj9hbfuIb	Bilton	[]	[2021]	1	1
1LtnBJnmEj8gmEQothcCVp	K.A.D	['charva']	[2021]	1	1
2n2jly4e9kmWEHSX8N0XUa	Ambiance Skandal	[]	[2021]	1	0
0tvpihdAsKiNnP6sWS3jUI	TroyBoi	['bass trap', 'electronic trap']	[2021]	1	1
2LGU3PxihjIK5SUeCVcdFl	ISÁK	['sami']	[2021]	1	1
5czbzNZZfWpyFgZyfT3Mkk	SIDEPIECE	['edm', 'tech house']	[2021]	1	1
1v73SfOVR7QnGw7FEnhe5Z	Isong	['london rap']	[2021]	1	1
6unlJzXiZHb2FEojHfe2mw	Laskah	['deep german hip hop']	[2021]	1	1
1gCOYbJNUa1LBVO5rlx0jB	Oxxxymiron	['russian grime', 'russian hip hop', 'russian trap']	[2021]	1	1
0KKUc4amZyvswV2YL6WTar	Mariah Angeliq	['rap latina', 'trap latino', 'urbano latino']	[2021]	1	1
1AgxgADPuRIW1wyaA4OKcB	Tom Rosenthal	['british singer-songwriter']	[2021]	1	0
20EGKg0XsxPJ0GRHxfb9LX	Kylie Cantrall	['movie tunes']	[2021]	1	1
2mU9RFNN2NhzpR7vXK5DDt	Dzharo & Khanza	['russian dance', 'russian hip hop']	[2021]	1	1
7p86QI1NsaOsdFPBMVyn0I	Paula Dalla Corte	['talentschau']	[2020, 2021]	1	1
7qDrKQxyFACWXaDskjPGCy	Samu Haber	[]	[2020, 2021]	1	1
32UhRcgdXO6LdLhOpfIdxp	Rohff	['french hip hop', 'pop urbaine', 'rap conscient']	[2021]	1	1
5P2rwRBgIN450RaJxdjYdA	Kardinal Offishall	['canadian old school hip hop', 'toronto rap']	[2021]	1	1
4TgsxeFPNtkZ5lneq9AceU	Elena Tsagrinou	['greek pop']	[2021]	1	0
4ETSs924pXMzjIeD6E9b4u	Surfaces	['bedroom soul']	[2020, 2021]	1	0
7h2ASUH51ZyxzneakGhtnV	Ina	[]	[2021]	1	1
0EWsAmk51sjDlGl7PsvqcH	Baze	['mundart', 'swiss hip hop']	[2021]	1	1
4ME56PlDfT9QKf6sGcRgPm	Wit.	['french hip hop', 'rap calme', 'rap francais']	[2021]	1	1
0xu4jAQQv7ZAqvFGdc9HgP	Boy In Space	['alt z']	[2021]	1	1
2AMeiDbfU2vonrTkpXDKUu	Kay Flock	['bronx drill', 'melodic drill', 'new york drill']	[2021]	1	1
0NyzfcGDZZ6GM25EBG9BYK	Ray Parker Jr.	[]	[2020, 2021]	1	0
1GXnXJCevXK2b7qDAwdU5u	Tua	['german alternative rap']	[2021]	1	1
2hWrmZhAfziW6WnBytCCUv	Dario Rodriguez	[]	[2021]	1	1
6cDxDe1MWGgUcNVVdxhCN2	TRIPLEGO	[]	[2021]	1	1
1Y53ZUhXBydAzILo4Qa0s1	Manizha	['russian alt pop', 'russian synthpop']	[2021]	1	0
2vm8GdHyrJh2O2MfbQFYG0	Ingrid Michaelson	['acoustic pop', 'ectofolk', 'lilith', 'neo mellow']	[2018, 2020, 2021]	1	1
6TV0LZ3BaEun0OQEh96elP	Jordan Smith	['deep talent show', 'idol']	[2018, 2019, 2020, 2021]	1	0
0dR988NNn8lrFhXTOxyJfZ	AWA	['swedish idol pop']	[2021]	1	1
3o7fC2O4nraaicpID6bBZW	Elettra Lamborghini	['italian pop']	[2021]	1	0
3L4wiBOSDLkJ18OISXZDA8	Barbara Pravi	['french pop', 'nouvelle chanson francaise']	[2021]	1	0
0Q8NcsJwoCbZOHHW63su5S	Mora	['trap latino', 'urbano latino']	[2021]	1	1
6fUcsPIL6XSD0kwI04ikc2	Lexi	['schweizer rap']	[2021]	1	0
2QWIScpFDNxmS6ZEMIUvgm	Julieta Venegas	['latin alternative', 'latin pop', 'latin rock', 'rock en espanol']	[2021]	1	1
15K8w0bfYieOr55vhSMgJN	Edith Whiskers	[]	[2021]	1	0
7G9dCn1mqomAa0ucJoBm6J	Rayvanny	['bongo flava', 'tanzanian hip hop', 'tanzanian pop']	[2021]	1	1
2kreKea2n96dXjcyAU9j5N	The Pointer Sisters	['disco', 'girl group', 'hi-nrg', 'motown', 'new wave pop', 'soft rock']	[2020, 2021]	1	0
0Y4kXI2iwx3v1SD4SBWr30	Samy-K	[]	[2021]	1	1
63ebc5zUpJ36aoTDQJHa9B	E1 (3x3)	[]	[2021]	1	1
2uIRmVaCVpHQjaVgph5clS	ZT (3x3)	[]	[2021]	1	1
4Dokdwa3WB7ilQ2c2qvIBL	Bugzy Malone	['grime', 'manchester hip hop', 'uk hip hop']	[2021]	1	1
4QSTyDpxsKmv3UfavVUImR	Darkoo	['afrobeats', 'afroswing', 'london rap', 'uk hip hop']	[2021]	1	1
0oSGxfWSnnOXhD2fKuz2Gy	David Bowie	['art rock', 'classic rock', 'glam rock', 'permanent wave', 'rock']	[2018, 2019, 2020, 2021]	1	1
3VHAySZQPlfGlNLslzXYpN	NATHY PELUSO	['r&b en espanol', 'rap latina']	[2021]	1	1
3eVa5w3URK5duf6eyVDbu9	ROSÉ	['k-pop']	[2021]	1	0
22hWz22JAmIhIEp0u1X01L	DUSTY LOCANE	['new york drill']	[2021]	1	0
7fNjr8ALzlbt9640bJKxTG	Jack Orsen	[]	[2021]	1	1
0HU0U9kdXEHZVxUNbuQe8S	Donny Hathaway	['chicago soul', 'classic soul', 'funk', 'neo soul', 'quiet storm', 'soul', 'southern soul']	[2018, 2019, 2020, 2021]	1	0
6DdbeAeBlrYj8bNToZv4TY	JESSIA	['alt z']	[2021]	1	0
3Oim8XBPbznAa8Jj8QzNc8	Cults	['experimental pop', 'indie surf']	[2021]	1	1
4vpGVGgxSDcCTmqYbsOnsn	Amber Coffman	['art pop']	[2021]	1	1
72WC8xxy0d9pz5L1O3BmJg	OGT	[]	[2021]	1	1
6QDLtviOBe5EaDc6XH948F	MoeWavy	[]	[2021]	1	1
3TmVOBZL0RYrAAF3f2QSGq	Kossisko	['cali rap']	[2021]	1	1
3KQylwDxYE7Vxli0BSuwaf	$OHO BANI	['german hip hop']	[2021]	1	1
4riOEaOW5hCeqomFDBk0aP	Rochy RD	['dembow', 'rap dominicano', 'trap latino']	[2021]	1	1
3ASrAFrD7EMO3yISaDjs78	Kpm National Anthems	['anthem']	[2020, 2021]	1	0
4SQdUpG4f7UbkJG3cJ2Iyj	Arca	['ai', 'art pop', 'deconstructed club', 'escape room', 'experimental pop', 'fluxwork']	[2021]	1	1
3E7T8t0FwjEVxg9jufWZQG	Eden Alene	[]	[2021]	1	0
3LLNDXrxL4uxXtnUJS5XWM	Alexander Rybak	[]	[2021]	1	0
7jEEE187pVG6InOxn03oA5	Benjamin Ingrosso	['swedish pop']	[2021]	1	1
3Vx6SzTg6SDWWbwXI3ky1L	Florida Juicy	[]	[2021]	1	1
7e10JUMF7MJmmwYpnTSMI5	Dave East	['harlem hip hop', 'nyc rap', 'trap']	[2021]	1	1
0tSYjbhaMRZOqrfm0DFNtF	Smokey	[]	[2021]	1	1
4SqTiwOEdYrNayaGMkc7ia	LÉON	['indie poptimism', 'metropopolis']	[2021]	1	1
7mZYTV6yPUvtbxZcH0OK3v	LaRose	['trap antillais', 'zouk riddim']	[2021]	1	1
7M6ItqYUMPQRQQ5q54tl7G	Megaloh	['german hip hop']	[2021]	1	1
51MUKy0KBcrnQitCfHAqNu	ASD	['hamburg hip hop', 'oldschool deutschrap']	[2021]	1	1
4oTeZx0IEjsUXd6j5HXlvZ	Amewu	['german alternative rap']	[2021]	1	1
1rrYX4LEdujuVhl43MTpZF	Ghanaian Stallion	[]	[2021]	1	1
35GL8Cu2GKTcHzKGi75xl5	Jennifer Hudson	['dance pop', 'r&b', 'urban contemporary']	[2020, 2021]	1	1
3NjbpG6MmFGVLXwbcPXH90	Haiyti	['frauenrap', 'german cloud rap', 'german drill', 'german hip hop', 'german hyperpop']	[2021]	1	1
1SwmXTElW9TlkK2Rydgb4D	PlayaPhonk	['drift phonk']	[2021]	1	0
2kS0jWMkkFBL0mrl0VotD0	Ben Fero	['turkce drill', 'turkish hip hop', 'turkish trap']	[2021]	1	1
0SKBaRlbuXiWn05KoDu4UU	Pzy	[]	[2021]	1	1
6ONwLtT6vOzlO3pfZNAOMw	Paris Boy	[]	[2021]	1	0
5wTdspmxzb8V4ZjvDodpBo	A Touch Of Class	['europop']	[2019, 2020, 2021]	1	1
2Kx7MNY7cI1ENniW7vT30N	Norah Jones	['contemporary vocal jazz', 'jazz pop', 'vocal jazz']	[2018, 2019, 2020, 2021]	1	0
0oXTS2yHUnuji1R7kc9J9a	Pascal Letoublon	[]	[2021]	1	1
438DEJaM9KJdqbBUPnVYB0	FILV	['russian dance']	[2021]	1	1
0YFbuIzBUfAK1FqcEvxnqQ	Edmofo	[]	[2021]	1	1
6lY6kOVMG0mR07JTzU33o5	Emma Peters	[]	[2021]	1	1
7MSwVATA5fRIxRA6Z0BmTe	Eunique	['frauenrap', 'german cloud rap', 'german hip hop']	[2021]	1	1
5ee4yhrWOxaxvL77BoVpVR	Lucky Luke	['lithuanian electronic']	[2020, 2021]	1	0
3GxKJzJK4LpsYGXQrw77wz	Mimi Webb	['alt z', 'gen z singer-songwriter', 'uk pop']	[2021]	1	0
2l35CQqtYRh3d8ZIiBep4v	MKTO	['pop', 'post-teen pop']	[2021]	1	0
17rKYsNYZ7aK9MlpmCJTAk	Sebastian Fitzek	['hoerspiel', 'lesen', 'writing']	[2021]	1	1
0jRqFvRKCDryHOgrgFqsKG	Fools Garden	['german pop rock']	[2021]	1	0
3xs0LEzcPXtgNfMNcHzLIP	Rockwell	[]	[2021]	1	0
6RDpAm5XMUZqVZlBJ1UYQw	Starian	[]	[2021]	1	0
2HcwFjNelS49kFbfvMxQYw	Robbie Williams	['dance rock', 'europop']	[2020, 2021]	1	1
5ggr9FUq9cjogKBxQmI2ZO	Aylo	['frauenrap', 'german hip hop']	[2021]	1	1
5oNgAs7j5XcBMzWv3HAnHG	DJ Drama	['dirty south rap', 'philly rap', 'southern hip hop', 'trap']	[2021]	1	1
6pdcQa7by8IKuoVXvgknlI	Rilès	['french hip hop']	[2021]	1	0
7Lk9V7E1u5gqSHmtcKlOqH	Sara Kays	['alt z', 'gen z singer-songwriter', 'modern indie pop']	[2021]	1	0
7s3eCGNZMrwUQraXlocCBv	Bizzy Banks	['brooklyn drill', 'new york drill']	[2021]	1	1
06TVTkMAOR935MhkjX0i2A	Anthony Santos	['bachata', 'bachata dominicana']	[2021]	1	1
2vUksNaSYwWudCDXabAwvB	Juh-Dee	[]	[2021]	1	1
6bmlMHgSheBauioMgKv2tn	Powfu	['sad lo-fi', 'sad rap']	[2020, 2021]	1	1
35l9BRT7MXmM8bv2WDQiyB	beabadoobee	['bedroom pop', 'bubblegrunge', 'indie pop', 'pov: indie']	[2020, 2021]	1	1
6wbgb7phg82I4tnO6GWMhr	Cassandra Steen	['german pop']	[2021]	1	1
6VOoiigTiLVgsMQPP1JOdC	Crissin	['reggaeton colombiano', 'urbano latino']	[2021]	1	1
5IYRfypwG9BDDh5ZRPI80z	Totoy El Frio	['reggaeton colombiano', 'urbano latino']	[2021]	1	1
5OBK3iQwjNQqElPmn4TgAE	Natan & Shander	['reggaeton colombiano', 'urbano latino']	[2021]	1	1
0EqkKYDK9EkKY5N7zU3FPv	Annalisa	['italian adult pop', 'italian pop']	[2021]	1	0
0mfLpC2Nx0T8J4NSMNL9wO	Almany	['german hip hop', 'german underground rap']	[2021]	1	1
2yJ6lsLqG06r9bckSTQRt4	Zkr	['french hip hop', 'pop urbaine', 'rap francais']	[2021]	1	1
20s0P9QLxGqKuCsGwFsp7w	Mario	['dance pop', 'r&b', 'southern hip hop', 'urban contemporary']	[2021]	1	1
1lmU3giNF3CSbkVSQmLpHQ	Surf Mesa	[]	[2020, 2021]	1	1
4ArPQ1Opcksbbf3CPwEjWE	Emilee	['social media pop']	[2020, 2021]	1	1
6dn6x1XOng3LOAnfTjUn77	AJ Mitchell	['alt z', 'pop']	[2020, 2021]	1	1
4FeLiFUPdxVfFo8oOfA4BH	Rah Swish	['brooklyn drill', 'new york drill', 'nyc rap']	[2021]	1	1
7yntSJ6uojO3z6GFUVwhAW	CORPSE	['pov: indie']	[2021]	1	1
6jeg7JBX9J9097esK752iR	Smiley	['canadian hip hop', 'toronto rap']	[2021]	1	1
3r82jUxl7ThSdOhB90Qn6u	1019	[]	[2021]	1	1
2IVvZIe3P9BMuCI6h48Bjg	Nizi19	[]	[2021]	1	1
3LtYMPncqtiugGwOuuLq3h	Baddiel, Skinner & Lightning Seeds	['football']	[2021]	1	0
6czEu4TMjmSvsU3FpCAgZW	geenaro	[]	[2021]	1	1
4iiEdRlpL7LDPxa1Wa0jkj	SHINSKY x DIMA	[]	[2021]	1	0
22680B8sUdq6bL6nQaJfwg	Siriusmo	['destroy techno', 'electrofox', 'filter house']	[2021]	1	1
3Lk9AWrpD4bminO5LwmBOw	YEИDRY	['dominican pop']	[2021]	1	1
7dnMXd8vKl0C2NUZvkyd69	Leland	[]	[2021]	1	1
2olISwRbw41r9bC9GKGbCe	DJ Desue	[]	[2021]	1	1
0HZUhj5PZHzHMWSI4s8rOQ	Stefania	['greek pop']	[2021]	1	0
3A42U9bXrM7V3LML29s0O3	Freshmaker	[]	[2021]	1	1
7MxHrlDFCGs7e1xeeSnUHv	DJ Eule	[]	[2021]	1	1
3xvaSlT4xsyk6lY1ESOspO	Disney	"[""children's music"", 'movie tunes']"	[2021]	1	1
6w6DStBcPNWDIfavmXaEh2	Die Sacknähte	[]	[2021]	1	1
2ctUnxn4qlNB9rYMyKJuMf	Ikke Hüftgold	['oktoberfest', 'partyschlager']	[2021]	1	1
3j0p8s4ghZuEazM5zyiHsD	Beatzarre & Djorkaeff	[]	[2021]	1	1
18DJyARHfP9RsBvIn0u34T	CESO	[]	[2021]	1	1
1l1FpYstfvIhcmB433va8d	ZINED	['german underground rap']	[2021]	1	1
4wP1kxjUsc9IR4Iy2smL7o	Trinidad Cardona	['sped up']	[2021]	1	0
6dO0RkhFhjMwLtLQqNgL8r	Issam Alnajjar	['indonesian viral pop']	[2021]	1	0
7hQmAXAzWI6D350VTgkKTG	Arash	['persian pop']	[2021]	1	1
7AcV1lk8Zrgo1691PDWEle	Freshlyground	['african rock', 'afropop', 'south african jazz', 'south african pop', 'south african pop dance']	[2021]	1	1
3AhRH2q3GOnk8r1ZPHBnRM	Baby E	[]	[2021]	1	1
0pSx3asj3usz5PRt8COo0E	Ketama126	['drill italiana', 'emo rap italiano', 'italian hip hop', 'trap italiana']	[2021]	1	1
1BwDWgdDJe3TJXLZkBkpsI	Tusse	['swedish pop']	[2021]	1	0
2cV70GHs4YKfI5OHSy1mJt	RIBELLU	[]	[2021]	1	1
3YVjSNOTyXBeEisqAJ2EAG	Deno419	['german hip hop']	[2021]	1	1
0m2Wc2gfNUWaAuBK7URPIJ	Bono	['hollywood']	[2021]	1	1
1X8wFHJFucBUmBc7spQ4jP	The Edge	[]	[2021]	1	1
2CCgb0KApjfQDuTppovpf8	Rvfv	['drill espanol', 'flamenco urbano', 'urbano espanol', 'urbano latino']	[2021]	1	1
2f6TzIGIIxEuwp6o7kEbhy	Pablo Mas	[]	[2021]	1	1
3SUT1jjM5hzZj9TLfLZGIP	Tego Calderón	['latin hip hop', 'rap boricua', 'reggaeton', 'trap latino', 'urbano latino']	[2021]	1	1
5BozIJTTNCufaZpjhy2der	DJ Dahi	[]	[2021]	1	1
66W9LaWS0DPdL7Sz8iYGYe	JP Saxe	['alt z', 'canadian contemporary r&b', 'singer-songwriter pop']	[2019, 2020, 2021]	1	1
2oT7xd9iTO2ejLsNGIMa5f	Flow La Movie	['reggaeton']	[2021]	1	1
0E9Cff6GTVY5SoIYxvy5Zg	FelixThe1st	[]	[2021]	1	1
03AVZyE7WnmLY4rTL1s0RP	Dréya Mac	[]	[2021]	1	1
5lup4fypQIoHxiE67ue1yi	Finch Fetti	[]	[2021]	1	1
491U1PrV1EoQuhM0aUCn9r	M Huncho	['uk hip hop']	[2021]	1	1
6W7O7oseXcbYLoiarQrpOw	Orietta Berti	['classic italian pop']	[2021]	1	1
2qn4hIXsvRUyFoboMi31XB	Rolf Zuckowski	['kindermusik']	[2019, 2020, 2021]	1	0
3DKkhRCGOG4e8IUPYFPfWs	Dixie	['social media pop']	[2020, 2021]	1	1
2aya6KuqjXEhHBqYKsTPLs	Rose Villain	['italian hip hop', 'italian pop', 'milan indie']	[2021]	1	1
3UHc2YZGHYS6TEYMJeDf1D	YG Pablo	['rap belge', 'rap calme']	[2021]	1	1
1DSJ4KleWwmC1dkkymIQqE	Alketa	['albanian pop']	[2021]	1	1
2jeqYJH4s0yEiqBpfer8s9	Wave Wave	['german dance']	[2021]	1	1
59E09Es8P8Kj2ANWsqS6h3	Marigo Bay	[]	[2021]	1	1
5vQXzZjy86ijQhMjMb1ke4	Josi	['german hip hop']	[2021]	1	1
4iaTgZRy5aVnImDyRJn61n	James Newman	[]	[2021]	1	0
04HqRx07Bv9gh7rsrMTqs7	Miss Li	['classic swedish pop', 'swedish pop']	[2019, 2020, 2021]	1	1
46aNfN89JrOQTCy97GoCHa	Tokio Hotel	['german pop rock']	[2021]	1	1
4mrBetqy378Jf1y6NLszlx	VINAI	['dutch house', 'edm', 'electro house', 'melbourne bounce international', 'pop dance', 'progressive electro house', 'slap house']	[2021]	1	1
74GrV01oFcjJdLHCF9MWhr	VAMERO	[]	[2021]	1	1
4oe1qp9xGSFxMYH4X9AXtl	Efendi	[]	[2021]	1	0
0YQgIcmKel8h48AYxofu4J	ZIAN	['swiss pop']	[2021]	1	0
2piHSX9fKmsCD8tbfX1cJg	Stress	['swiss hip hop', 'swiss indie']	[2021]	1	1
0umAOumGRDuZ2elvqjaK3i	Naomi Lareine	['zurich indie']	[2021]	1	1
4GJrFqexwHiTMZWjaPEkTy	LAYLA	['frauenrap', 'german hip hop', 'german r&b']	[2021]	1	1
2SkU1ixh8yKxOslFcuMmji	Xidir	['german hip hop']	[2021]	1	1
3YcL3bSWEjKaFlTpZtF7P7	Rina	['albanian pop', 'greek trap']	[2021]	1	0
5OdVywqKqyCWwfE2fZb7IX	Chico Rose	['slap house']	[2021]	1	1
2LmcxBak1alK1bf7d1beTr	Juhn	['reggaeton', 'reggaeton flow', 'trap latino', 'urbano latino']	[2021]	1	1
6PH3FLQAxtqYy46Zv08bpV	Ivan Cornejo	['sad sierreno']	[2021]	1	0
4qXC0i02bSFstECuXP2ZpL	Blxst	['pop rap', 'westcoast flow']	[2021]	1	1
3ZszLKl4Fc7cJrUjjNCMCP	Vicci Flame	[]	[2021]	1	0
7GWvguZN6WpXDVaMDjg97v	pauldscrga	[]	[2021]	1	1
5OVwoZ9WDfQiyUkblkOGLe	Freeze Cee	[]	[2021]	1	1
6utdPEv71mR0DnGp74cJIz	Disney Characters	['movie tunes']	[2021]	1	0
0BKx4UjPvXVGY15u0xFbbi	JAY1	['uk hip hop']	[2021]	1	1
2LkkwxA19J8C52wPQl5bG6	Jamie Miller	['pop soul', 'singer-songwriter pop']	[2021]	1	1
57vWImR43h4CaDao012Ofp	Steve Lacy	['afrofuturism']	[2021]	1	0
3QJUFtGBGL05vo0kCJZsmT	salem ilese	['alt z', 'modern indie pop']	[2021]	1	1
31HcDA4vZn7ZGHEQXDjeCv	All In	['german underground rap']	[2021]	1	1
7tfOc6EtdjR6FLGd8sdgyz	Q-seng	[]	[2021]	1	1
6kdeC7LVflD7zy0xeNHLuY	ZEK	[]	[2021]	1	1
0scAobwnF8W5ITPkQ7FHU0	Feys	['german drill']	[2021]	1	1
220xv2aB3dsGxaJI1gGs7l	Hotboii	['florida drill', 'florida rap']	[2021]	1	1
2BJ7KWb4OvC7Sv3bKSzdVI	lil magaluf	[]	[2021]	1	0
4KivBMgSnZ7hCDfPm46fKc	Jan Delay	['german pop', 'german reggae', 'hamburg hip hop']	[2021]	1	1
1FquXtV7ZjW6AnAxD3bWGq	Lil Shrimp	['german viral rap']	[2021]	1	1
49YbNTLaaAbZHLtDI2aPGL	Tesher	[]	[2021]	1	1
1WgXqy2Dd70QQOU7Ay074N	AURORA	['art pop', 'norwegian pop']	[2021]	1	0
2FyxcdLSH7XqsfJE6Iu0tJ	Musso	['german hip hop']	[2021]	1	0
0U7ti3mwGrBNlKNE4YlbfT	Sierra Kidd	['german cloud rap', 'german hip hop']	[2021]	1	1
3VV2TXkXYDYSUvtRRER3Wo	Kelvyn Colt	[]	[2021]	1	1
6s9r9ym3OG9184srpEOLnE	YNS	[]	[2021]	1	1
2TAqN8fwfaKauvviN4pOsv	JC Stewart	['uk pop']	[2021]	1	0
2kPJ3uWBBRjfh0dZNEW7ET	Nakkia Gold	[]	[2021]	1	1
2XnY6NZ6rENbLMYabjkRey	Toby Romeo	[]	[2021]	1	1
49T8i1paijMAK9rYtjO4lu	FAULHABER	[]	[2021]	1	1
1rAv1GhTQ2rmG94p9lU3rB	Julian Casablancas	['indie rock']	[2021]	1	1
5R3Hr2cnCCjt220Jmt2xLf	Dillon Francis	['brostep', 'edm', 'electro house', 'moombahton', 'pop dance', 'progressive electro house', 'slap house']	[2021]	1	1
05YVYeV4HxYp5rrWalvuE1	Grover Washington, Jr.	[]	[2020, 2021]	1	1
7uK2QScoOUkqq8tvtvBIL7	Endzone	['german trap']	[2021]	1	1
2yh2yg3b2viRskto7M1cx7	TM	['german drill', 'german hip hop']	[2021]	1	1
7Js6Lde8thlIHXggv2SCBz	Europe	['album rock', 'glam metal', 'hard rock', 'rock', 'swedish hard rock', 'swedish melodic rock']	[2020, 2021]	1	0
19JjP3cCprjLLvvA2Cdbn5	Akuma	[]	[2021]	1	0
0AN4ssMVXZhLvOn93MShAY	Subasa	['cologne hip hop', 'german underground rap']	[2021]	1	1
15ZjD8Gus20Miqw3fdOaXX	Stunna Gambino	['nyc rap']	[2021]	1	1
3WLgA2O4GUwSJu2QsXbnex	All That MTRS	[]	[2021]	1	1
5zfEatKLDdRkgbw6sdLBAQ	Octavian	['afroswing', 'london rap', 'uk hip hop']	[2020, 2021]	1	1
3cqIsBnzV3BabbPWKz8Txf	Mud	['glam rock']	[2020, 2021]	1	0
4vaE77ooZ6reoKW8b7YTeb	Joya Marleen	['swiss pop']	[2020, 2021]	1	0
0ebNdVaOfp6N0oZ1guIxM8	SUGA	['k-pop']	[2021]	1	1
2innBaSmptmpGvov5kUIqW	DILOMAN	['german alternative rap', 'german hip hop', 'german underground rap']	[2021]	1	1
4FogApwkGJLnc2tflGrhlG	Filmový symfonický orchestr	['symfonicky orchestr']	[2019, 2020, 2021]	1	1
5fmvGUlMVgmnCn45f1he7d	Andrew Gold	['underground power pop']	[2021]	1	0
1qto4hHid1P71emI6Fd8xi	Aventura	['bachata', 'bachata dominicana', 'latin hip hop', 'latin pop', 'tropical', 'urbano latino']	[2021]	1	1
5FxshnB3eJ2YDn8xN8zDKq	Hannah Kerr	['anthem worship', 'ccm']	[2018, 2019, 2020, 2021]	1	0
0bBz5bRBkExaej2HxtVfCw	347aidan	['sad rap']	[2021]	1	0
3dXC1YPbnQPsfHPVkm1ipj	Christopher Martin	['dancehall', 'reggae fusion']	[2021]	1	0
6zBax4hSAI1BJYgwF61EP5	Inéz	[]	[2021]	1	1
3tmjMu5zfLOTVJ8YX5FDpU	Yasha	[]	[2021]	1	1
5KbznS5SUZOb7skpdIO9J6	Elia	['french pop']	[2021]	1	1
3XxxEq6BREC57nCWXbQZ7o	Jamie Cullum	['contemporary vocal jazz', 'jazz pop', 'neo mellow']	[2020, 2021]	1	0
0MtvTMKUpY7AMNTJJcCCsf	Musiye	[]	[2018]	1	1
0hLd40hVpRDGENe4KGZLnW	Falco	['austropop', 'neue deutsche welle']	[2018]	1	1
6beUvFUlKliUYJdLOXNj9C	King Princess	['alt z', 'indie pop', 'nyc pop']	[2018]	1	0
4XWTdNlsP8jqo5BDn5hgmd	Ermal Meta	['italian adult pop']	[2018]	1	1
3ebOqZZsLCDAkLS6QdI8cc	Fabrizio Moro	['italian adult pop']	[2018]	1	1
5vQfv3s2Z2SRdPZKr82ABw	Dzeko	['canadian electronic', 'dutch house', 'edm', 'electro house', 'pop dance', 'progressive electro house']	[2018, 2019]	1	1
0bdJZl7TDeiymDYzMJnVh2	Preme	['canadian hip hop', 'canadian trap', 'toronto rap']	[2018, 2019]	1	1
67mFhErdTWmJ9slGMC6vOf	Trío Los Josefinos	[]	[2018]	1	0
1qSJaftSab2kTTsj7fLxvM	DJ SpinKing	['slow game']	[2018]	1	1
7iLc4hrjOjQPfg1E3cCHg1	Tim Berg	['edm', 'electro house', 'pop dance', 'progressive electro house']	[2018]	1	1
0VVnWF3KNaa5O7ESohKhAx	Salif Keita	['afropop', 'malian blues', 'mande pop', 'world']	[2018]	1	1
2d3VHzlOEwXvmBdS4pzOPL	LeAnn Rimes	['contemporary country', 'country', 'country dawn', 'country road']	[2018]	1	0
2tYwhzzfvvDr29BbBFcHhB	Arthur Hanlon	[]	[2018]	1	1
7fKO99ryLDo8VocdtVvwZW	Yemi Alade	['afrobeats', 'afropop', 'azontobeats', 'nigerian pop']	[2018]	1	1
0SCbttzoZTnLFebDYmAWCm	Glee Cast	['glee club', 'post-teen pop']	[2018, 2019]	1	0
52lBOxCxbJg0ttXEW9CQpW	Louis Prima	['adult standards', 'jump blues', 'lounge', 'swing', 'tin pan alley']	[2018]	1	1
25dl7AnPGblWzL4vmQ0qCt	Farhot	['hamburg hip hop']	[2018]	1	1
34Y0ldeyUv7jBvukWOGASO	Bobby Shmurda	['nyc rap', 'rap', 'trap']	[2018]	1	1
3OZZeMIZnTvQKjfQEEqx6C	The Kingdom Choir	[]	[2018]	1	1
2XkCa3HcntokIgOP5N3QO7	Camélia Jordana	['chanson', 'french indie folk', 'french pop', 'nouvelle chanson francaise']	[2018]	1	1
3UP5WnnFrMhewKp7cGeqQx	Naestro	[]	[2018]	1	1
1afjj7vSBkpIjkiJdSV6bV	Médine	['french hip hop', 'rap conscient']	[2018]	1	1
3gTZHK9u10mTyoEoT9tJaE	Lean Trap	[]	[2018]	1	0
3pbi8H08p95NUZ7m6ybxUV	Static Major	[]	[2018]	1	1
5zSv8ebxJp6esGCMu1pxaH	Caroliina	[]	[2018]	1	1
1fux65HMCBvfJHqlBc4Nno	Casper Magico	['reggaeton', 'reggaeton flow', 'trap latino', 'urbano latino']	[2018, 2019]	1	1
39E15l8zeCDYpSZwFNX4G2	Eleni Foureira	['greek pop', 'laiko']	[2018]	1	0
6zuB9C5kSTT9InMFFSibOI	Scenzah	['deep german hip hop']	[2018]	1	1
5JUYSPkis2Mk6HUbmMqk1m	Sean Ono Lennon	['beatlesque']	[2018]	1	1
7wzaSKTsjE9HnuDuZTX452	Arlissa	['uk pop']	[2018]	1	1
4RfOLIFy2xEmlWzXEVmLJn	Sjava	['afro soul', 'south african pop']	[2018]	1	1
6XpXnnKHIhCOUbOLOJGe6o	REASON	['indie hip hop', 'underground hip hop']	[2018]	1	1
0G74PWccc2UbEEHNKVVaKB	Andreas Weise	['melodipop']	[2018, 2019, 2020]	1	0
4UEzaAPL9aK66321ydqLuj	Sinan G	[]	[2018]	1	1
3mLdH6xxrscTf2poCN9Kzy	Rio Santana	[]	[2018]	1	1
2V0DROfM2ieFSOcA3SHJLD	Judah	[]	[2018]	1	1
4DROs1Ye9DiLY3X8L7xvl8	Andrez Babii	['rap romantico']	[2018]	1	1
49KrGmOPR5UXLRr6k4fqhZ	Stijco	[]	[2018]	1	1
2J6pigOrBmKQgqJUY5UM7r	Matt OX	['melodic rap', 'plugg', 'rage rap']	[2018]	1	1
3Bj81IbILbuj2uEwWXMdXI	Sosamann	['atl trap', 'houston rap', 'memphis hip hop']	[2018]	1	1
6AUl0ykLLpvTktob97x9hO	Tee Grizzley	['detroit hip hop', 'detroit trap', 'rap', 'southern hip hop', 'trap']	[2018]	1	1
2ySHS7UojGu20XfUPaBlyu	Devin Dawson	['contemporary country', 'country road', 'modern country rock']	[2018, 2019, 2020]	1	0
3U4YeD9p381pXkebifD865	Cesar Sampson	[]	[2018]	1	0
1ReCqmDLLcp6Z0bCh2JDCA	Capital T	['albanian pop']	[2018]	1	1
1E1W3to8HhGSkkIEUMwEjd	Dewain Whitmore	[]	[2018]	1	1
12Zk1DFhCbHY6v3xep2ZjI	070 Shake	['new jersey rap']	[2018]	1	1
0fM4WhKpjJZc3a0eX947Tc	Sirius	[]	[2018]	1	1
6UAyCjS0OPMd1Ham8bvs9g	JES	['trance', 'vocal trance']	[2018]	1	0
6G1yTgvoYsuVb2Ja8cVVJ2	anders	['canadian contemporary r&b', 'canadian hip hop', 'toronto rap', 'trap soul']	[2018]	1	1
7wg1qvie3KqDNQbAkTdbX0	Louis The Child	['edm', 'electropop']	[2018]	1	1
0FL2d6iFFNAV3yBUbXjZ1U	Wafia	['australian pop', 'indie electropop']	[2018]	1	1
3jfVtv9mWfW0c5b3Fx440e	Babes Wodumo	['afro soul', 'gqom', 'south african pop']	[2018]	1	1
3J8pdA8hGN7lMw8ENo5fRv	Tropijazz	[]	[2018]	1	0
7jDSMakHqXFe8kIaXfz8jD	Schwesta Ewa	['frauenrap', 'german hip hop']	[2018]	1	1
6PmrGMfZoTIEHchnfMVmQK	Celo	[]	[2018]	1	1
5bLgBb8gYjBHljdW8I8Cir	Abdi	[]	[2018]	1	1
3xFkHylXN9yHzwCQBypRFn	Nightcall	[]	[2018]	1	0
5xMkiuMCSS13z5shShg7Mz	404Billy	['french hip hop', 'rap francais']	[2018]	1	1
4OBJLual30L7gRl5UkeRcT	T.I.	['atl hip hop', 'dirty south rap', 'gangster rap', 'hip hop', 'pop rap', 'rap', 'southern hip hop', 'trap']	[2018]	1	1
2s6lxOYvvCvzpHtd3VyuMj	Uffie	['dance-punk', 'electro-pop francais', 'electroclash', 'electrofox', 'new rave']	[2018]	1	1
00me4Ke1LsvMxt5kydlMyU	Cosculluela	['latin hip hop', 'reggaeton', 'trap latino', 'urbano latino']	[2018]	1	1
1OHw2r7Diz2rc9JktaFV6N	Erika Sirola	['finnish pop']	[2018, 2019, 2020]	1	1
0m6f0nNS9GEq41eIJ288ff	Kelli-Leigh	['uk pop']	[2018]	1	1
6tt0iYnpHERj05WATWRiom	Bantu	['zimdancehall']	[2018, 2019]	1	1
4fpTMHe34LC5t3h5ztK8qu	The Carters	['r&b']	[2018]	1	0
41qil2VaGbD194gaEcmmyx	Will Smith	['hip hop', 'pop rap']	[2018]	1	1
63gbXCha1jpkrJJ9K5gGpR	ELI	['german pop']	[2018]	1	0
7fy5E9AjeDhMSbVKrOGk55	Mafia Spartiate	['french hip hop', 'rap francais']	[2018]	1	1
748dDObrUoBetes0pLj788	Die Fantastischen Vier	['german pop', 'german rock', 'oldschool deutschrap']	[2018]	1	1
20pVLDSueWpSOPCWnCWzIU	Matt Hunter	['latin pop']	[2018]	1	1
46f8bepbBC2Qm93RJXMqLT	DJ Arow	[]	[2018]	1	1
61NKNrhSMTYg2q0f3vS46e	Philippe Katerine	['chanson', 'french indie pop', 'french rock', 'nouvelle chanson francaise']	[2018]	1	1
0NWbwDZY1VkRqFafuQm6wk	Mike WiLL Made-It	['atl hip hop', 'rap', 'southern hip hop', 'trap']	[2018]	1	1
4dgLZMavMm3danubiJxbtw	KALUMA	[]	[2018]	1	1
7wy9Plp8SD5l3LDuJubTcv	Jimilian	['danish hip hop', 'danish pop']	[2018]	1	1
6TmHCol5w2iwL18tI45zo7	Beatgees	[]	[2018]	1	1
3ABLHSKKZzNcgpBuXvLB9W	Kpoint	['french hip hop', 'pop urbaine', 'rap conscient', 'rap francais']	[2018]	1	1
2RQXRUsr4IW1f3mKyKsy4B	Noah Kahan	['pov: indie', 'singer-songwriter pop']	[2018]	1	1
6OQggpm01CmAB717TKtDCr	Dopebwoy	['dutch hip hop', 'dutch rap pop']	[2018]	1	1
4UffC3o3JiLSg7pa5DpQbp	Mike Yung	['pop soul']	[2018]	1	1
48Z0MG7G6UQeWYibHpXgQe	Nano	['melodipop']	[2018]	1	0
1OF3cHBNgFWia91WnVrEfO	LIBA	[]	[2018]	1	1
0s81r9pYlmtO36WxfB6DH7	Yung Gold	[]	[2018]	1	1
3tLYpanVDomWAZqF82NPds	Vigiland	['deep pop edm', 'electronic trap']	[2018]	1	1
6kI0ZZ0yjJ3Bf5JjEgUJLC	Alexander Tidebrink	['scandipop', 'swedish pop']	[2018]	1	1
1QHLcqY9m9aoKWcjBiQV0y	Di-Meh	['french hip hop', 'rap conscient', 'rap francais', 'swiss hip hop']	[2018]	1	1
7CCjtD0hCK005Bvg2WG1a7	Carnage	['edm', 'electro house', 'electronic trap', 'viral trap']	[2018]	1	1
7d3WFRME3vBY2cgoP38RDo	Lil Skies	['melodic rap']	[2018]	1	1
6Paz0vXJJ9bCPf0fEm3qzg	Dagny	['norwegian pop']	[2018]	1	1
4K9aclpXgCPNFGEqRlFPal	Peter Manos	[]	[2018]	1	0
28ExwzUQsvgJooOI0X1mr3	Jay Rock	['conscious hip hop', 'hip hop', 'rap', 'southern hip hop', 'trap']	[2018]	1	1
1eSC1eBG7lH0plb0EYvHrZ	KMN Gang	[]	[2018]	1	1
6O74knDqdv3XaWtkII7Xjp	Boyz II Men	['boy band', 'contemporary r&b', 'new jack swing', 'r&b', 'urban contemporary']	[2018]	1	1
5aSBbBUbArJfyNKDg4KS1I	Tyron Hapi	['melbourne bounce', 'sky room']	[2018]	1	1
22tB2wbnB3pexB04xtncrG	Mimoza	[]	[2018]	1	1
2PzqiEyRzlQW0ZAVr1cuQM	Laruzo	[]	[2018]	1	1
2BBgFkNBBMln3m2G2Bm2bt	NSTASIA	[]	[2018]	1	1
6S0dmVVn4udvppDhZIWxCr	Sean Kingston	['dance pop', 'miami hip hop', 'pop']	[2018, 2019]	1	1
11jTIrOwxFOLvhJIdb4FYo	JeanJass	['belgian hip hop', 'french hip hop']	[2018]	1	1
3rbtPd0NcvhO2AzMfzx90z	Fredo	['grime', 'uk hip hop']	[2018]	1	1
5VPQZTf2iiPKyDJNKwuKg5	Cristian Margelia	[]	[2018]	1	0
6r2niOTnexy9xss5g8GWXH	Yasiin Bey	[]	[2018]	1	1
164kBkbAhKuGFqmzNn4xNL	Koys	[]	[2018]	1	1
4we5S2VLjgY9KzIzApL1KI	Ryan Tedder	[]	[2018]	1	1
6U1dBXJhC8gXFjamvFTmHg	Zac Efron	['hollywood', 'movie tunes', 'post-teen pop']	[2018]	1	1
1iBGuNBYRKnNdKxm0kKNM0	Young Sinatra	[]	[2018]	1	1
2HUwZ0kumzCSlhFcjFZfpp	Flipp Dinero	['melodic rap', 'trap']	[2018, 2019]	1	0
5QuBVnBPEzwYvFrgBbwpmU	Empress Of	['art pop', 'electropop', 'escape room', 'etherpop', 'shiver pop']	[2018, 2019]	1	1
2OIJq28O1lXrZ2x3NGSk8P	Pablo Nouvelle	['swiss indie']	[2018]	1	1
6SKEuFZYhaTytrhtJjgnO2	Andreya Triana	['british soul']	[2018]	1	1
6J0Y4CoGMKL5RyeozHnVKl	FDVM	['deep tropical house']	[2018]	1	1
3JRrxifzOpGOalOfGHEJNB	Tyler Sjöström	[]	[2018]	1	1
01e2lCvLZ4fLUIRy68nptH	Wankelmut	['deep euro house']	[2018]	1	1
4cmA2QDPdzh8W2ytpyUGes	Young Scooter	['atl trap', 'drill', 'trap']	[2018]	1	1
5bepW5vcdRzheNc0F8lHJ5	Esperanza Spalding	['electric bass', 'jazz', 'jazz pop', 'vocal jazz']	[2018]	1	1
0fUBKEXCJYmCr9vrI66NEJ	Blasko	['australian r&b']	[2018]	1	1
20j1uz7iDOtIvIzCr5S8nx	SEUNGRI	['k-pop']	[2018]	1	1
1CO6e7WRJvSFenmQO8n64C	Zhavia	['post-teen pop']	[2018]	1	1
4N8BwYTEC6XqykGvXXlmfv	George Benson	['jazz funk', 'jazz guitar', 'smooth jazz', 'soul jazz', 'yacht rock']	[2018]	1	1
4Ak1gPg75ICHa50NCmTIF6	PEaCH	[]	[2018]	1	0
3cWGilyM7pw2Q1bGbTXuBr	TrifeDrew	[]	[2018]	1	1
3kortApcf0ntRWexUkJE4H	Uncle Murda	['battle rap', 'nyc rap']	[2018]	1	1
6dXsR7VDJvXnF1LTZlwULx	Casanova	['brooklyn drill', 'nyc rap']	[2018]	1	1
21LGsW7bziR4Ledx7WZ1Wf	Johnny Mathis	['adult standards', 'easy listening']	[2018]	1	1
24DQLSng7bKZD4GXLIaQbv	Percy Faith & His Orchestra	"['easy listening', ""man's orchestra""]"	[2018]	1	1
0Wz7fR8K35NKtz7of2BdIU	Steff La Cheffe	['mundart', 'swiss hip hop']	[2018]	1	0
46WkN3HXolXQ0uLeZZ8Xym	Martin Gallop	[]	[2018]	1	1
2X97ZAqRKRMYFIDqtvGgGc	Silk City	['edm']	[2018]	1	1
1eTRyiHsWMoWKPD6s4Kiqt	Lujipeka	['french hip hop', 'rap calme']	[2018]	1	1
3jZNt3nBw3tziwks9VSUES	Foda C	[]	[2018]	1	1
4Z4afeDmHFxPmJorIwupbZ	Netta	['israeli pop']	[2018]	1	0
3gk0OYeLFWYupGFRHqLSR7	Showtek	['classic hardstyle', 'dutch house', 'edm', 'electro house', 'euphoric hardstyle', 'pop dance', 'progressive electro house']	[2018]	1	1
07FfkbljNIdl45Ijlh1aXS	RHODES	['indie anthem-folk', 'uk pop']	[2018]	1	1
42Qsw9TK6ddPmWjiRGmi2G	Jay Samuelz	['german viral rap']	[2018]	1	0
6Z4puj0KYgtcxJrVXKmvBX	Sharaya J	['jersey club', 'new jersey rap']	[2018]	1	1
6Kz7MXIUFMtp5Ts91lagtR	Mikolas Josef	['czech pop']	[2018]	1	0
17jayca0vxI4ZMPhGjgt4J	Charles Vicomte	[]	[2018]	1	1
6bwVWdQfr6ttzrGLboVkjg	Paul Rosenberg	[]	[2018]	1	0
5XnIjshjqYVE2eDVgSt9Ro	Mel & Kim	[]	[2018, 2019, 2020]	1	0
6yTYR09WCvsgdnurDW4WQo	DJ Antoine	['nordic house', 'pop house']	[2018]	1	1
6g92OHFkRlLlR7cZU6Thsm	Liba	['schweizer rap', 'swiss hip hop']	[2018]	1	1
7yDZVKJtEzScf7QjPrqETp	Trippy Adi	[]	[2018]	1	1
6vdr7WnqTfEEPjKJsNrlgY	Kat Frankie	['german indie']	[2018]	1	1
6TXM1kV4L8DsDAkAfbOPYk	Ally Brooke	['post-teen pop']	[2018]	1	1
6NtaAGerS1mblEJLOVyplc	Raschid Moussa	[]	[2018]	1	1
1eEfMU2AhEo7XnKgL7c304	Carpenters	['adult standards', 'mellow gold', 'soft rock']	[2018]	1	0
4ko6Ysxtvx9EY9GEFslrIz	Suprême NTM	['french hip hop', 'old school rap francais', 'rap conscient']	[2018]	1	1
7HV2RI2qNug4EcQqLbCAKS	Keala Settle	['broadway', 'hollywood', 'show tunes']	[2018]	1	1
63nv0hWWDob56Rk8GlNpN8	The Greatest Showman Ensemble	['movie tunes']	[2018]	1	1
3r7t38zbphQtpfAH12UbRd	Makala	['rap francais nouvelle vague']	[2018]	1	1
6388aDqfUD73rIX2ThecHI	ZID	['mundart']	[2018]	1	1
2TragyShjueec0Y3j095dK	David Alva	[]	[2018]	1	0
7dcsTtASWT3hrWnqYbQkw8	COBEE	['schweizer rap', 'swiss hip hop', 'swiss trap']	[2018]	1	1
3mPc8WGusz2XF3Tvs3AKCR	Carlie Hanson	['alt z']	[2018]	1	0
6ueGR6SWhUJfvEhqkvMsVs	Janelle Monáe	['afrofuturism', 'alternative r&b', 'atl hip hop', 'neo soul', 'r&b']	[2018]	1	0
4LAz9VRX8Nat9kvIzgkg2v	Rivers Cuomo	['alternative rock']	[2018]	1	1
0rlKkLkpsCnJbZethGBfAk	Captain Cuts	['pop edm']	[2018, 2019]	1	1
7LImGq5KnzQobZciDJpeJb	Charlotte Lawrence	['alt z']	[2018]	1	1
38CvLGTsjtoloDgv3OKQp8	Robinson	['alt z', 'nz pop']	[2018]	1	0
7trxpXo6hVUnoB22sbCkEd	K$upreme	['atl trap', 'trap']	[2018]	1	1
2cFCoDyEaPrw8QVnrDlPKU	Stan Kenton	[]	[2018]	1	0
2Iewf3yzcb82XJctIyAt01	Javada	[]	[2018]	1	1
3Fdm9TFJQCLmC3AWMuGExi	Ugly God	['rap', 'trap', 'underground hip hop']	[2018]	1	1
2TImI3DW7o5MdRXJs4D37h	SOB X RBE	['cali rap']	[2018]	1	0
0zhMujl1yB8pkB023Qm4Y2	Green Montana	['belgian hip hop', 'cloud rap francais', 'french hip hop', 'pop urbaine', 'rap belge', 'rap francais']	[2020]	1	1
3XINWZaloea97SIRiyTJxX	DubVision	['big room', 'dutch house', 'edm', 'electro house', 'pop dance', 'progressive electro house', 'progressive house']	[2020]	1	1
7aFk8z1XCcKt2y9Z5PC17s	Pontifexx	['brazilian edm']	[2020]	1	1
6sFHvCyqklnJpXC9Nh1aag	Alexander 23	['alt z', 'singer-songwriter pop']	[2020]	1	0
3sDbKMebVH2VYcRSl7u1VC	for KING & COUNTRY	['ccm', 'christian alternative rock', 'christian indie', 'christian music', 'world worship']	[2020]	1	0
6vZXamchcIOKzC1c3Elp4J	Cheb Mami	['rai', 'reggae maghreb']	[2020]	1	1
33JfM2NgTRFT9wMoQvcv6T	Talent	[]	[2020]	1	1
6yfgM1rkLSenhFIW3iV9hm	OZ	[]	[2020]	1	1
0mDyx7FDp6KB2FJj4oWNLZ	DJ FreezyBoy	[]	[2020]	1	1
1DgcMO7cdlGaX66NpVT62X	Nolo	[]	[2020]	1	1
1ubp9f6KV35qb9EPpoHWsH	Fue Go Blu	[]	[2020]	1	1
3dH7pcBScIJQboDyMzUzez	GLK	['french hip hop', 'pop urbaine', 'rap francais']	[2020]	1	1
1VJ0briNOlXRtJUAzoUJdt	FISHER	['australian house', 'house']	[2019, 2020]	1	0
28y6CyJNkGNjJQKrlx4AmN	HRVY	['pop']	[2020]	1	1
1r8lodN1CqZ2BXsJd51aGm	Carbozo	['french hip hop', 'rap francais']	[2020]	1	1
0Y3agQaa6g2r0YmHPOO9rh	Davido	['afrobeats', 'afropop', 'azontobeats', 'ghanaian hip hop', 'nigerian pop']	[2020]	1	1
1WMwuNKzEFtU6pPkdtryYS	Kendo Kaponi	[]	[2020]	1	1
1yqxFtPHKcGcv6SXZNdyT9	MK	['house', 'pop dance']	[2020]	1	1
5D9NYfOaGxFKCalJIeia1N	Atlantic Holiday	[]	[2020]	1	1
46LYOG1uT13ErylBBXUYkh	Young Latino	[]	[2020]	1	1
1mzhxfOtUZ9nNUqSEiZfTK	Joseph Yap	[]	[2020]	1	0
1Kjs5u8GQf6zCFdTj6SI9E	Malik Montana	['polish drill', 'polish hip hop', 'polish trap']	[2020]	1	1
5POPLEqoZcENY4ZNXQWZHB	MC Stojan	['turbo folk']	[2020]	1	1
1vhshb6p5AJSSgAj2LLnpA	Hurricane	['turbo folk']	[2020]	1	1
6YqhcZlSE8ugUcmoHLw9gz	Vula	[]	[2019, 2020]	1	1
4r5AOVt02EzwHpW3Iic7ug	Kakashy	[]	[2020]	1	0
1gYD7XdktucQg51mjzGJJ2	Friz	[]	[2020]	1	1
0qip4dhB68FjSC0Y2S86RP	Vincenzo	[]	[2020]	1	1
1KPj6NdDCKtgDEil9kDZhs	DRIME	['rap marseille']	[2020]	1	1
7LvoDJUNGnOrPdGRzVtOJ9	Young M.A	['alternative r&b', 'lgbtq+ hip hop', 'nyc rap', 'rap', 'trap']	[2020]	1	1
1Bl6wpkWCQ4KVgnASpvzzA	BROCKHAMPTON	['boy band', 'rap']	[2020]	1	0
7zeZEdhCrIrxsE1bmZ6K4W	SkennyBeatz	[]	[2020]	1	1
5f0HsWply2MEGxOX1Hm8bs	Collekt030	[]	[2020]	1	0
7avo0PmlW8O1YLEt9DnWQT	Studio Killers	[]	[2020]	1	0
2Ssd74fqRLnOnYxWxXXqxR	Rooq	[]	[2020]	1	1
7cd4D0fCP6K8YBXLMKStxt	Chinch 33	[]	[2020]	1	1
097u8n1F4JjTzmOR9VUVEK	Edward Artemyev	[]	[2020]	1	1
3PyaGuMA7L7ipm3bYirgsC	X NILO VIRUS	[]	[2020]	1	1
1ImONfzw8LUXK6mxn2BDT9	Caza	['dutch hip hop', 'dutch rap pop']	[2020]	1	1
1tnX93BHWyMdBSLhwAzo1j	Mudi	['german hip hop']	[2020]	1	1
2oX42qP5ineK3hrhBECLmj	Andy Grammer	['neo mellow', 'post-teen pop']	[2020]	1	1
7lfNjWr2bJNHPMA6SNfJRH	Rocio Alvarez	[]	[2020]	1	1
6Bt0LvFLkpYwuixcfYkv1b	Terry Lex	[]	[2020]	1	1
1mwbzhowyG1SDxFSWyLeKC	Bastian Baker	['swiss indie', 'swiss pop']	[2020]	1	0
06Fk5pMYFuS14rc10G7Ph1	Rob Dymez	[]	[2020]	1	0
7oEWmZ9dKlAVxTgmjUbYr4	J Boog	['kaneka']	[2020]	1	0
0HlxL5hisLf59ETEPM3cUA	Scooter	['eurodance', 'german techno', 'hamburg electronic', 'happy hardcore']	[2020]	1	1
1ZyqnbV7Brg5LgyS4EZCUD	FiNCH	['tekk']	[2020]	1	1
0RViEWnZO2VhmY4oI0PhF9	Mesto	['dutch edm', 'dutch house', 'future house', 'pop dance', 'pop edm', 'progressive electro house']	[2020]	1	1
2UyyBkpzN5w3hzZBZGvRZb	Sosa Geek	['brooklyn drill']	[2020]	1	1
4lPl9gqgox3JDiaJ1yklKh	Tierra Whack	['alternative r&b']	[2020]	1	1
7oPftvlwr6VrsViSDV7fJY	Green Day	['modern rock', 'permanent wave', 'punk', 'rock']	[2020]	1	0
12vb80Km0Ew53ABfJOepVz	Ñengo Flow	['reggaeton', 'trap latino', 'urbano latino']	[2020]	1	1
3Q1GZN8Q2eH1o9e7umyjL2	Laniia	[]	[2019, 2020]	1	1
31kG0JypoJkfxkNJAzVOEr	Despo Rutti	['french hip hop']	[2020]	1	1
4LEiUm1SRbFMgfqnQTwUbQ	Bon Iver	['chamber pop', 'eau claire indie', 'indie folk', 'melancholia', 'modern rock']	[2020]	1	1
378dH6EszOLFShpRzAQkVM	Lindsey Stirling	['bow pop', 'pop violin']	[2020]	1	1
1oBEBPFfVbFNENgKNukrxO	MIRA MARE	['swiss hip hop']	[2020]	1	1
7oypIsVGKg4FIyuZM1AmeA	DAWILL	['schweizer rap', 'swiss hip hop', 'swiss pop', 'swiss trap']	[2020]	1	1
2N5EUidcVv9pnicQFDeK5W	2LADE	[]	[2020]	1	1
0f2YkMXwFNJNSX7MymevKE	Kaash Paige	[]	[2020]	1	1
5RJFJWYgtgWktosLrUDzff	Griff	['uk pop']	[2020]	1	1
1YfEcTuGvBQ8xSD1f53UnK	Busta Rhymes	['east coast hip hop', 'hardcore hip hop', 'hip hop', 'pop rap', 'rap']	[2020]	1	1
12nEr6QOfSKkiTXjEp8tBB	MELON	['slap house']	[2020]	1	1
6lUWb46h9Y8H8cqpW3i0pc	Rymez	[]	[2020]	1	1
1zuJe6b1roixEKMOtyrEak	Tina Turner	['soft rock']	[2020]	1	1
0DO5d7KMv6Gn1mIbDhlyUf	Nechie	['atl trap']	[2020]	1	1
1thbOfXak53dM1Xabq3pmb	Delacey	['modern alternative pop']	[2020]	1	1
7mWMzxN6IAIQ1tfFFtAiQv	Bryn Christopher	['british soul']	[2020]	1	1
60DyqM3ZxtTK7M5kIFUDbz	Luqe	['german trap']	[2020]	1	1
4imxqng3RrOBmykL2DhIJC	Ms Banks	['uk hip hop']	[2020]	1	1
58gEwrkV31Abu5PQvSPgh2	VEUST	[]	[2020]	1	1
2JbE7jUIGtpXSzytnyMg6U	Curtis Waters	[]	[2020]	1	1
44rJuOJLavqhY6qGgpQW4U	Harm Franklin	['alberta hip hop']	[2020]	1	1
0FsniWxk7B9Y5rOYxRrqiL	CRISPIE	[]	[2020]	1	1
1R9tplJO3vGxyjQPbGXMuN	Seaside Resort	[]	[2020]	1	0
2cPqdH7XMvwaBJEVjheH8g	Jay Wheeler	['reggaeton', 'trap latino', 'urbano latino']	[2020]	1	1
2ydZrTy8U3kOMOzx20s3dg	DJ Nelson	['reggaeton', 'urbano latino']	[2020]	1	1
1Fg19vpUJpAAPFjnKaVYVW	Reynmen	['turkish hip hop', 'turkish pop']	[2020]	1	1
2cC4nzlUayXoYkMzlOaG3h	ALI	['swiss hip hop']	[2020]	1	1
5qTx6amAEpOiXxb6KQjquZ	Ytram	['dutch edm']	[2020]	1	1
4ddg7PH5OuSossiSBWgueu	Akhenaton	['french hip hop', 'old school rap francais', 'rap conscient', 'rap marseille']	[2020]	1	1
1ZjPqYngrwDa5ZqwAPcj5o	Shurik'n	['french hip hop', 'old school rap francais', 'rap conscient', 'rap marseille']	[2020]	1	1
3qgMGg3EPBxUtdPOGAUKJF	MOH	[]	[2020]	1	1
0zw74GbIgk0thLlMGeQV2H	Dadinho	['pop urbaine', 'rap francais']	[2020]	1	1
5gf4BY4lsH1wyo0DFhMe21	A-Deal	[]	[2020]	1	1
09zzc4SVFPUX3TiDEmueIj	Zak & Diego	[]	[2020]	1	1
72HNCRVjK93J4ZnCY8rb1q	D.T.E	[]	[2020]	1	1
3AXI2Qfty5IVrmtQzi8weo	MOKABY	[]	[2020]	1	1
2cnMpRsOVqtPMfq7YiFE6K	Van Halen	['album rock', 'classic rock', 'hard rock', 'rock']	[2020]	1	0
72FtdtNNnORpsMfPHdgXVg	Jasin Blanco	[]	[2020]	1	0
27w1NoOLMX7tJMYqcetPyG	VIC MENSA	['canadian hip hop', 'chicago rap', 'conscious hip hop', 'rap', 'underground hip hop']	[2020]	1	0
5SyGEPymt1G2uto47tVWvZ	MadeinTYO	['atl hip hop', 'melodic rap', 'trap']	[2020]	1	1
7rOlQwf8OuFLFQp4aydjBt	Paloma Mami	['latin pop', 'reggaeton chileno', 'trap chileno']	[2020]	1	1
4NTnk6KemqkYo7gTLwYeUv	Sokko167	[]	[2020]	1	1
6TqHWporEvKAPW4jtZXBCH	Albozz	['german hip hop']	[2020]	1	1
3Rx4PJ7SP6unkOk5elPUK7	Money Man	['memphis hip hop', 'trap']	[2020]	1	1
30SUIQhGDLj1pP0yg4fSMu	Miss Platnum	['german pop']	[2020]	1	1
5rkVyNGXEgeUqKkB5ccK83	Ashanti	['dance pop', 'hip pop', 'r&b', 'urban contemporary']	[2020]	1	1
1KTf3AtEB3A96IfHv2kzPh	3010	['plugg francais']	[2020]	1	1
6VuyrmclG2XOdkqz0AeGcs	Rick Live	[]	[2020]	1	1
0YC192cP3KPCRWx8zr8MfZ	Hans Zimmer	['german soundtrack', 'orchestral soundtrack', 'soundtrack']	[2020]	1	1
6F3vLfyutkUhpM50G84eMt	Endor	['deep groove house', 'house', 'scottish rock']	[2020]	1	0
7bmYpVgQub656uNTu6qGNQ	Hwa Sa	['k-pop', 'korean talent show']	[2020]	1	1
7cWPjBKhwO62deu9Lbk6rw	Cino	[]	[2020]	1	1
4W6fwRbqEy1dfEoE6OCyZu	Mathieu Koss	['new french touch']	[2020]	1	1
2tPR06hLUvH5aIY3JXNIxY	dutchavelli	['uk hip hop']	[2020]	1	1
1p021hA4lbo0I6O9kCnh87	Vithya	[]	[2020]	1	1
0Vkl3i0zR0rly81mFVN0WY	Kaki Santana	[]	[2020]	1	1
2Gzy8TYJ5xrEMDyUjZuDsK	Masicka	['dancehall', 'jamaican dancehall', 'traphall']	[2020]	1	1
4hadtPX6kKntrnA87Zdy01	Scott Storch	[]	[2020]	1	1
6rqlONGmPuP2wJVSfliLBI	Peter Fox	['german pop', 'german rock']	[2020]	1	1
4AYr3BvKmH1uDYEiHiS1eY	Angelo Kelly	[]	[2020]	1	0
6P5NO5hzJbuOqSdyPB7SJM	Ashe	['alt z']	[2020]	1	0
63yrD80RY3RNEM2YDpUpO8	Melanie Martinez	['alt z', 'electropop', 'pop']	[2020]	1	0
7e1qaOeopeICYAXL2UwzYd	Dj Iljano	[]	[2020]	1	0
4xcDVatLFh6qlcm41er3LV	Jerome	['german house']	[2020]	1	0
3bYcjbVAN3rAuU3TMzw2mB	Marcus Mumford	['british singer-songwriter']	[2020]	1	1
0rasA5Z5h1ITtHelCpfu9R	Paul Kalkbrenner	['electronica', 'german techno', 'leipzig electronic', 'minimal techno']	[2020]	1	0
6gphWGtUb7jnTCR6zhJBtm	NA!	[]	[2020]	1	1
2FEK0tbtRdguJGD3fDO14s	YA	['german underground rap']	[2020]	1	1
6cEgg5LusRPDempyGkrOBH	BTNG	['deep german hip hop']	[2020]	1	1
71jSVPQ6yskfyvWeiwvT5s	S1mba	['afroswing']	[2020]	1	1
6kZWqUZqptyxb8Ki5DyBAg	DTG	['afroswing']	[2020]	1	1
7oMRcCu0OYSCtCyS3P37iC	Afro B	['afrobeats', 'afroswing', 'dancehall', 'uk dancehall', 'uk hip hop']	[2020]	1	1
2OTfhbxhBO1u1bAuCy6ouu	Deen Burbigo	['french hip hop']	[2020]	1	1
4ZgQDCtRqZlhLswVS6MHN4	grandson	['modern alternative rock', 'modern rock', 'pov: indie', 'rock']	[2020]	1	0
5eAWCfyUhZtHHtBdNk56l1	System Of A Down	['alternative metal', 'nu metal', 'rap metal', 'rock']	[2020]	1	0
4LjZnzfcR7EgcLlpRWaFiw	Kontrabandz	[]	[2020]	1	1
7myabgfqP4KyeTazTyZ4vJ	DONDEGA	[]	[2020]	1	0
2PVHjhJWIKgb2yfBTmQerg	Delara	['norwegian pop']	[2020]	1	1
2evp47Sepsf0Do4MXGfsEf	Syko	[]	[2020]	1	0
4ddqz1AzqYMRKYTslXO839	Doria	[]	[2020]	1	1
7aE6yMO362hvjGyzFFaKXY	Zbig	[]	[2020]	1	1
0WzzOQ8n065ISKclSusFzY	AM La Scampia	['french hip hop', 'pop urbaine', 'rap marseille']	[2020]	1	1
7iK3kLye8FTBgYuqhg7v5P	Sarah Engels	['german pop']	[2020]	1	0
1UPSZ2WuhDQc3Y6TBT8bFf	Roi Heenok	['rap montrealais']	[2020]	1	1
3p6dh3Zn4fVXJatMy3Xqzq	Osirus Jack	['french hip hop', 'rap francais']	[2020]	1	1
2n0Qz7ZvKS6kwjPuj9sW4H	Senex	[]	[2019, 2020]	1	1
01q2iaIb6zwGAR4NbABRIg	CC Brown	[]	[2020]	1	0
5yPzzu25VzEk8qrGTLIrE1	Young Nudy	['pluggnb', 'rap', 'trap']	[2020]	1	1
37SWFu397lx1iDkFxUg7HH	Manjana	[]	[2020]	1	1
0273LWgX2nK0wZTlstKHys	Senna Gammour	['frauenrap']	[2020]	1	0
2UlXIWBLOjskz5esa7ec2j	FAANGS	[]	[2020]	1	1
164hs3x1Tsp3FgJWNHee1r	The Citizens of Halloween	['halloween']	[2020]	1	0
3GvqY7NofP2UIY2tij1Yh0	Coffee'n'chill	[]	[2020]	1	0
41I5xI04kixwmonDBl0Sda	King Combs	['cali rap']	[2020]	1	1
32xHy4VQTfTb7lzj6xbrJg	Cristobal	[]	[2020]	1	1
5PIdjtNMwJgYituTP77U3X	Nate57	['german drill', 'german hip hop', 'hamburg hip hop']	[2020]	1	1
6htMzIeVHLO2pKFENGWq5p	Rola	['frauenrap']	[2020]	1	1
7BSNHln0lSqyDHdQ3sv0Q5	Disarstar	['german alternative rap', 'german hip hop', 'hamburg hip hop']	[2020]	1	1
4CJp45Klt4pRH38vtPqSgX	Silla	['german hip hop']	[2020]	1	1
5AJYp0SgoORym4LHcMok99	Credibil	['german cloud rap']	[2020]	1	1
3c8I79WjXzJzWacsiZlAxT	Sat	['french hip hop', 'rap marseille']	[2020]	1	1
3tNQ0aWtzDKGwyWz2oOAFG	Kamikaz	['french hip hop', 'pop urbaine', 'rap marseille']	[2020]	1	1
67hb7towEyKvt5Z8Bx306c	Empire of the Sun	['australian dance', 'australian electropop', 'dance rock', 'indietronica', 'neo-synthpop']	[2020]	1	1
3wtMPMvPtiFylbnNXF6CAj	Afro Bros	['basshall', 'dutch hip hop', 'dutch house']	[2019, 2020]	1	1
4pwXiI7Z5ZStkgKowZyoKi	Like Mike	['belgian edm']	[2019, 2020]	1	1
6X8WdFjrNhXATMDSs26aCc	Curren$y	['dirty south rap', 'new orleans rap', 'rap', 'southern hip hop']	[2020]	1	1
0399oiMcmbOzzsYQDNYqxn	Problem	['hyphy', 'trap', 'west coast trap']	[2020]	1	1
34nVLWMJTjaMh2aSMOQHei	King Pharaoh	[]	[2020]	1	1
1lEXbUjKjHQ7uc9jFfEViJ	TGT	['pop r&b']	[2020]	1	1
5pDjmC5mRl7vDJhsjVwNfk	Freya Ridings	['uk pop']	[2019, 2020]	1	0
32AAxPlW6sOK0nopTJM7sv	Stacks102	['german cloud rap']	[2020]	1	1
2QWrpLRDeBD1NwWAsytBRi	Diodato	['italian adult pop', 'italian pop']	[2020]	1	0
6fs2or0cKLEM2xohWq8SoX	Lexie Liu	['chinese electropop']	[2020]	1	1
4TqlcgMFDryY96KWcvrhTv	Seraphine	[]	[2020]	1	1
2NXFKDjgSuIyiUUH2PEVHG	91 All Stars	['rap francais']	[2020]	1	1
0UeKDbiaApyP7qKfcmGN03	Lesram	['french hip hop', 'rap conscient']	[2020]	1	1
1mMUzAMrNqoTHgtxA0dZi6	Caballero & JeanJass	['belgian hip hop', 'french hip hop']	[2020]	1	0
6a3oGQA11oMCKPqYRcG7Nq	Kamran & Hooman	['afghan pop', 'persian pop']	[2020]	1	0
3l0CmX0FuQjFxr8SK7Vqag	Clairo	['bedroom pop', 'indie pop', 'pop', 'pov: indie']	[2020]	1	0
292jMVlKq180yzi8WRaVU6	7ari	['arabic hip hop', 'rap maroc']	[2020]	1	1
3p22sjFokQUthzPg63kqfP	Erabi	['german hip hop', 'german underground rap']	[2020]	1	1
5yy76ufVriyvidNSvXlRU1	Clever	['alabama rap']	[2020]	1	1
04yB9kBsaEQgT8hFfcsQik	Mustard	[]	[2020]	1	1
2j93xBBtZnS9YJGJUcWHwg	Stavo	['rap francais']	[2020]	1	1
5KYEMMz9O9iLIESifKAEOp	WhoHeem	['viral rap']	[2020]	1	0
2tHtwM1edk5g3zqMCPOfb6	Standart Skill	['german viral rap']	[2020]	1	1
5SsiJy8NJMzYowqe2sN58e	Mavie	[]	[2020]	1	1
5GzgzHxWQVTghtE4uHyles	Craypto	[]	[2020]	1	0
30hteLyFTmiRraerHJBoba	HerbertSkillz	[]	[2020]	1	1
0UcXjTpzt0DmIwPSNwlJfF	jetsonmade	[]	[2020]	1	1
5RmQ8k4l3HZ8JoPb4mNsML	Agust D	['k-rap']	[2020]	1	0
0MDfMKBf1cV65pnQ1ZRm9O	Iggy	[]	[2020]	1	1
12A83CWwFiyXy90ScLWPIe	LIZOT	['big room', 'german dance', 'slap house']	[2020]	1	1
0sbkGGlLYmgOzcxRqd257O	Emelie Cyréus	[]	[2020]	1	1
60TBzV2NPQKyWYBSRuHy15	Fighter Within	[]	[2020]	1	0
3Xe69Zmna6TRo8hr5tyoVS	Freschta Akbarzada	['talentschau']	[2019, 2020]	1	1
3Xt3RrJMFv5SZkCfUE8C1J	Kim Petras	['alt z', 'pop', 'transpop']	[2020]	1	1
4N21eoQ3ZV0yJ7AXpCORxr	Many	[]	[2020]	1	1
5E62kscxqQ6HRcRRsxm1n1	Moubarak	['rap marseille']	[2020]	1	1
1niEc2aOioJynkrT6phdSp	Jhonson	[]	[2020]	1	1
3PsyPWjsftbfeXGorZv4AM	Grand Corps Malade	['chanson', 'french pop']	[2020]	1	1
6os4KQUfJoyJwjZ7y7Ec6Q	Camille Lellouche	['french pop']	[2020]	1	1
5xwkZR4IElUHC9y1Yu23mE	Sysa	[]	[2020]	1	1
0QnbAn4YLO3az9wPgCimsW	Menzo	[]	[2020]	1	1
7IziQIyiq8TGse0Mc1laYi	K4mo	[]	[2020]	1	1
7K80yOTC0Id95gRaOxDG5u	ANNA	['italian hip hop', 'italian pop']	[2020]	1	1
0mnNM5o7vtxo3ivC7Tmoah	Chily	['french hip hop', 'pop urbaine', 'rap congolais', 'rap francais']	[2020]	1	1
0WK3H9OErSn5zKOkOV5egm	DDG	['pop rap']	[2020]	1	1
3MZsBdqDrRTJihTHQrO6Dq	Joji	['viral pop']	[2020]	1	0
4Yb284R1KgCHr3RH9Rvkgn	Johnny Roxx	[]	[2020]	1	0
0gmyQ8yVCO4u4QZgwTnw2P	Luuk	['swiss hip hop']	[2020]	1	1
7ufLkxlHrq3NRaS1fCHOgq	Nativ	['swiss hip hop', 'swiss trap']	[2020]	1	1
27LlKWxS3KXW7RRAxN5S8s	Geolier	['italian hip hop', 'italian pop', 'rap napoletano', 'trap italiana']	[2020]	1	1
0daugAjUgbJSqdlyYNwIbT	Vicetone	['edm', 'electro house', 'pop dance', 'progressive electro house']	[2020]	1	1
2jpQ0ywffgVHhZFQNWaWYW	Tony Igy	['russian dance']	[2020]	1	1
7vPGzgDg3qGUY5bWtrO3K4	Conkarah	['jawaiian']	[2020]	1	1
2fZcYu4ltOFdwsnDmLQ9jl	DJ Fle	[]	[2020]	1	1
2N4EYkIlG1kv25g6Wv8LGI	Killer Mike	['alternative hip hop', 'atl hip hop', 'conscious hip hop', 'hip hop', 'old school atlanta hip hop', 'political hip hop', 'southern hip hop']	[2020]	1	0
79KQgTCu4wV38ECYKn62DZ	White Gold	[]	[2020]	1	1
3M3YacInf0UubKD2n20Oib	2ara	['german hip hop', 'german underground rap']	[2020]	1	1
0Rt1pqbZ2uBlOEXl0izcxb	Chiara Ferragni	[]	[2020]	1	1
5TM9R6dNoJSMq23yZQD6Ee	Don Q	['nyc rap']	[2020]	1	1
0SNzlwOGBLhCMZPN2ZKzna	Trap Manny	['new york drill']	[2020]	1	1
6rcE30MaP92XafelMNZ2Sq	Frank Walker	[]	[2020]	1	1
0x3PXj1WnuW7YsBxQK57xM	Ruben	['norwegian pop']	[2020]	1	1
1vSN1fsvrzpbttOYGsliDr	Tori Kelly	['pop', 'post-teen pop']	[2020]	1	1
3aVoqlJOYx31lH1gibGDt3	Babyface	['contemporary r&b', 'r&b', 'urban contemporary']	[2020]	1	1
6IYoNcihnYWgtCHRTLxk7H	Nessbeal	['french hip hop']	[2020]	1	1
2auiVi8sUZo17dLy1HwrTU	Solange	['afrofuturism', 'alternative r&b', 'r&b', 'urban contemporary']	[2020]	1	1
5yNlFmp5vESd61p6Ob3Qzo	Lary	['german pop']	[2020]	1	1
7z56WnIZOTB7LcEt7tg9sx	Dieter Bohlen	['italian disco']	[2020]	1	1
7fObcBw9VM3x7ntWKCYl0z	Colby O'Donis	[]	[2020]	1	1
1pcKqVZ7T90mJ2rKo9XWYV	jahmiel	['dancehall', 'jamaican dancehall']	[2020]	1	1
0Cp8WN4V8Tu4QJQwCN5Md4	BENEE	['alt z', 'nz pop']	[2020]	1	1
6sHCvZe1PHrOAuYlwTLNH4	Gus Dapperton	['bedroom pop', 'indie poptimism', 'pov: indie']	[2020]	1	1
2I1RlqUoxGwDGGe5WuyCPQ	Black Jack OBS	[]	[2020]	1	1
2eogQKWWoohI3BSnoG7E2U	Donna Summer	['adult standards', 'disco', 'hi-nrg', 'new wave pop', 'soft rock']	[2020]	1	1
5INjqkS1o8h1imAzPqGZBb	Tame Impala	['australian psych', 'modern rock', 'neo-psychedelic', 'rock']	[2020]	1	0
3ADyFy1orEwODaiHmRRMQp	Puri	['basshall']	[2020]	1	1
3aAX2y0amckZ7WcWoz2f2o	Jhorrmountain	['dutch hip hop']	[2020]	1	1
6DJEUXZm0e2rAohdoZ5Voo	Black Thought	['alternative hip hop', 'east coast hip hop']	[2020]	1	1
3ZotbHeyVQKxQCPDJuQ4SU	Q-Tip	['east coast hip hop', 'queens hip hop']	[2020]	1	1
1WjexdTcXHgvlVIPCE8D1Q	Denaun	[]	[2020]	1	1
4fn6Kez1kGOO74vNuKrvCU	Hös Copperfield	['french hip hop', 'pop urbaine', 'rap francais']	[2020]	1	1
1G9HFDmxRyF78W1DyQBUfD	Oussagaza	[]	[2020]	1	1
3nRUvKHrGi4lrRF01yTzod	Don Choa	['french hip hop', 'old school rap francais']	[2020]	1	1
7yrJfjfaeYvEz3Iy57Ppzz	2Bang	[]	[2020]	1	1
2vVNxGBvKRQMWwI5c8KmYh	Tujamo	['dutch house', 'edm', 'electro house', 'pop dance', 'progressive electro house']	[2020]	1	1
3eDw5jLEmbOsdH8Z8BTdIt	DAHAB	['german hip hop', 'german underground rap']	[2020]	1	0
5IGzJRTfPMTEskvGPBqD3n	F4ilure	[]	[2020]	1	1
3S9z7D1SEU6LtugcUHdfcX	Tygo	[]	[2020]	1	1
3NW5v26vvoW5ycV37qM5ed	Cashmo	['german hip hop', 'german underground rap']	[2020]	1	1
5lhCycgJCjQIMpWNk4DycY	Lanie Gardner	[]	[2020]	1	1
3LPEGy5eAGPgKYJVrkRuSX	Kynda Gray	['german cloud rap', 'german hip hop', 'german trap']	[2020]	1	1
5QjpMO9VqsILYLa5fNKYbB	Gunboi	[]	[2020]	1	1
2dpE5iOVyp0bLTb7a15gkG	La F	['drill francais', 'rap francais']	[2020]	1	1
365Q4cNnnlsQErzPsUzyXY	HUMAN(X)	[]	[2020]	1	1
1GAymyGBvB4gQy5Z5LZ1Wj	Lalo Ebratt	['colombian hip hop', 'reggaeton', 'reggaeton colombiano', 'trap latino', 'urbano latino']	[2020]	1	1
7IENU7K9Qq8bd9U4pc5rbt	Casar	['german hip hop']	[2020]	1	0
0jyWp3IsW6cXOb42UG0fOA	Zwei Am Morge	[]	[2020]	1	1
7yLa6mu9Mh4R42waT1i5Xx	Bundesrat	[]	[2020]	1	1
1wLLRA70itxEltujaQlLiT	C ARMA	['german hip hop', 'german r&b']	[2019, 2020]	1	0
1H8n1TwWuDJGP6BS5R3nsU	Zefor	[]	[2020]	1	1
7rjPaOQdQeTIQhmApviFqe	Zikxo	['french hip hop', 'pop urbaine', 'rap francais']	[2020]	1	1
02qlwM8fpqep7vX8KKEFmK	LA Vision	[]	[2020]	1	1
6wlrqxLG1JW17nRqFM80Q5	Ishure!	[]	[2020]	1	0
6t9tbRO9Lv6Oq6xtVwfdrn	Theresa Rex	['scandipop']	[2019, 2020]	1	1
1ywkNtrO3WGuwaehqxyjAO	Chilla	['french pop', 'r&b francais']	[2020]	1	1
4NkLjsRsFnuPu9B4zqzBqq	Robbie Nevil	[]	[2020]	1	0
0c1JwhGqNvfBsmWNvRUKt1	Jamoo	['german viral rap']	[2020]	1	1
6iyadmF41vqU7NnBaVabfL	HARLOE	['la pop']	[2019, 2020]	1	1
4DMkrFIqGXLycc4YLYTn1i	Tiagz	['ottawa rap', 'viral rap']	[2020]	1	0
5fSVkkuijRIpxuvSqysYiP	Snøw	['sad lo-fi', 'sad rap']	[2019, 2020]	1	1
7zDl8xqVVU2BC7ZLkLowLt	Krime	['german drill', 'german hip hop', 'german underground rap']	[2020]	1	1
4NKumVnSozo1F50Wji9ddY	Alpha 5.20	['french hip hop']	[2020]	1	1
3LRglKUv0v6CqKPgh3eriq	Shone	[]	[2020]	1	1
6GpcBKNmZDIrRzYkPJu7Wd	flora cash	['indie pop', 'scandipop', 'swedish indie folk']	[2020]	1	0
5vP3nmsaGrondXXS5BvrSH	Joy Denalane	['german pop']	[2020]	1	0
3bmFPbLMiLxtR9tFrTcKcP	Matthew Wilder	['new wave pop']	[2020]	1	0
2PaZWGu5T5nHjY2xxAkFsT	THE SCOTTS	['viral rap']	[2020]	1	1
6fFfnKGVI6X3lkCr8Qw1g1	KXNG Crooked	['cali rap', 'detroit hip hop']	[2020]	1	1
1q13yHC6Syg5Y8iPLrRnCq	Joell Ortiz	['battle rap']	[2020]	1	1
0kXCdaJ7C5MD27jXxzvHsa	Ahrix	['gaming edm']	[2020]	1	1
2fUZ5QodNiQntWefUy6Jfh	Alli Neumann	['german indie', 'hamburg indie']	[2019]	1	1
2u4xMsh0M2B7R8Wb3pEWae	Anıl Piyancı	['turkce drill', 'turkish hip hop', 'turkish trap']	[2019]	1	1
3yiEJ9SByXZMXTwaKdVFN4	Luchè	['italian hip hop', 'italian pop', 'rap napoletano']	[2019]	1	1
7MnyTrRRgDXYHI34Cwej3s	Heezy Lee	[]	[2019]	1	1
1PpMfsOyfZ3nmcSoiIohpC	DJ Assad	['sega mauricien']	[2019]	1	1
64ajvIvaxJSmdwLGW0IJBo	N'seven7	['rap francais']	[2019]	1	0
5AqhBC5pt6b0WVpUAII1Ro	JOYCA	['chanson virale', 'rap francais']	[2019]	1	1
5JMLG56F1X5mFmWNmS0iAp	Chelsea Cutler	['alt z']	[2019]	1	1
0e0Zlt5iu0mxxlOKhAN6eq	Saucegod	[]	[2019]	1	1
5cMgGlA1xGyeAB2ctYlRdZ	Gang Starr	['alternative hip hop', 'conscious hip hop', 'east coast hip hop', 'hardcore hip hop', 'hip hop']	[2019]	1	1
0MsXN56oNCyqorqEPViWgQ	Carlos Santana	[]	[2019]	1	1
5DE0by3fZT0nrlJSutY2D7	Caballero	['belgian hip hop', 'french hip hop']	[2019]	1	1
1NbmG1Fj64qykEcJt1d43a	JRM	[]	[2019]	1	1
72uK8geg5BPRRzdGBmmtAF	KeKe	['austrian pop', 'frauenrap']	[2019]	1	1
1oMiDFyAgmIzw9ZBQYHOJI	El Guincho	['deep latin alternative', 'musica canaria']	[2019]	1	1
0chh7dlaUzEreDTulHiOlm	KEiiNO	['norwegian pop', 'sami']	[2019]	1	0
5vBrKGOjN10BMwB0cJADj4	bülow	['alt z', 'indietronica']	[2019]	1	1
7qzdcfeW7JUQV3RkD4gPfv	Slavik	[]	[2019]	1	0
3yzQHdj9G34CVZ5rVUDrOM	Crystal Kay	['j-pop', 'japanese r&b']	[2019]	1	1
4EEWia4jMIjBj1Y9VtliSF	Trippie Boi	['german hip hop', 'german trap']	[2019]	1	1
6DbgryIiQOG4aOWoli0QPG	Azzi Memo	[]	[2019]	1	1
7uaikZmOtxXTNe5kPWv5t6	Zack Ink	['dutch hip hop', 'dutch trap']	[2019]	1	1
2ErWLckuGFl84nGmg5fwyG	Bilderbuch	['austrian indie', 'austrian pop', 'austropop']	[2019]	1	1
63XBtGSEZINSyXylZxEUbv	Victoria Monét	['alternative r&b']	[2019]	1	1
3xUqeSgtn2cUtOf9MZrhud	Fux Ausserkontrolle	['german underground rap']	[2019]	1	1
0Xy42slaJyTJV1vfi9Hbey	Kezah	['chanson virale']	[2019]	1	1
4KbmIh6ZR008MKManlHO6n	Freddy Gladieux	[]	[2019]	1	1
3RBqLTttwN1orqQozYfmJo	Emily Roberts	['german pop']	[2019]	1	1
44XzG6GoJZNtkIGW19hsUK	Tommy Cash	['estonian hip hop']	[2019]	1	1
6mGDevY95GYZiptV7rGZWt	Le Poto Rico	[]	[2019]	1	1
2FtIWj0B2Z6Ywv2Df4wGuc	Rixon	['schweizer rap']	[2019]	1	0
47RPLpnGhBRTjQrRBOev9s	Xavier Naidoo	['german pop']	[2019]	1	1
257G4gJ7XVp8Ec8TrjGyMW	Témé Tan	['belgian pop']	[2019]	1	1
3yzRiNMZdTsSUgplcyYZ4i	Blanco Brown	['black americana', 'country rap']	[2019]	1	0
14scxEoUN7Dcx1m4EQ7oHe	Ashley O	[]	[2019]	1	0
0SiA0xtHw1lnSXRf1S7jjw	Michel Zitron	[]	[2019]	1	1
4rojTfP5nRkmYpdSbWQgV4	Death Stranding: Timefall	['video game music']	[2019]	1	1
3CjlHNtplJyTf9npxaPl5w	CHVRCHES	['indietronica', 'metropopolis', 'neo-synthpop', 'shimmer pop']	[2019]	1	1
24tgW981WbS01Lg41cvybf	S4MM	['albanian hip hop', 'albanian pop']	[2019]	1	0
5xXfRvwpVttCnlyXXGtyYH	Tito	[]	[2019]	1	1
2c9O21YLFy4tFI9zCVhbFg	Sunday Service Choir	[]	[2019]	1	1
3QTDHixorJelOLxoxcjqGx	SiR	['alternative r&b', 'la pop']	[2019]	1	1
04vj3iPUiVh5melWr0w3xT	Christine and the Queens	['art pop', 'electro-pop francais', 'metropopolis', 'shimmer pop']	[2019]	1	1
6xf1SJx82RDLL6wdSDDZXI	Noname	['rap francais']	[2019]	1	1
4LuLF5H9fe5ViyDQb9Zxmt	Key Largo	['drill francais', 'french hip hop', 'pop urbaine', 'rap francais']	[2019]	1	1
39uOfkRb9XnAEW9zs3JCbb	Big Rube	['atl hip hop']	[2019]	1	1
1XTGADISSMRf8B4TcVGYUC	Ky-Mani Marley	['reggae', 'reggae fusion']	[2019]	1	1
3bnpcWBcvlfq4hPFJjNPbz	SAFE	['canadian hip hop']	[2019]	1	1
4YViFbS6GmZClkbUMLx1EW	Puls	[]	[2019]	1	1
2Sm4rGKWBnOQhdqDy4JJh0	Zwangere Guy	['belgian hip hop']	[2019]	1	1
1vIuPjtFhqIPE2n9W2ePgO	Noonie Bao	['swedish indie pop']	[2019]	1	1
2J257euzcjnDLipsyJH3F2	Clipse	['alternative hip hop', 'hardcore hip hop', 'hip hop', 'southern hip hop', 'virginia hip hop']	[2019]	1	1
6I3M904Y9IwgDjrQ9pANiB	Kenny G	['smooth jazz', 'smooth saxophone']	[2019]	1	1
6V03b3Y36lolYP2orXn8mV	98º	['boy band']	[2019]	1	0
4ns3rE5eBRGnHebdQflfhP	EffE	['swiss hip hop']	[2019]	1	1
2ye2Wgw4gimLv2eAKyk1NB	Metallica	['hard rock', 'metal', 'old school thrash', 'rock', 'thrash metal']	[2019]	1	0
6zEaCvF0CqEHs7kFyBkLHi	Mula B	['dutch hip hop']	[2019]	1	1
52iro9cKM86Z46TVIoir8h	Olli Banjo	['christlicher rap']	[2019]	1	1
7dLSpmgLdQizd0IXuqD7SU	Boz	['german underground rap']	[2019]	1	1
5dYzNzS7pkr9JJSfpXCVAU	Daev Yung	[]	[2019]	1	1
3VDh3hIeQKMHrBKDG9oCwj	Infinit	['german alternative rap']	[2019]	1	1
6zVFRTB0Y1whWyH7ZNmywf	Tash Sultana	['australian reggae fusion']	[2019]	1	1
49CE2ffZ6Z3zeYSDauSKck	Tungevaag	['big room', 'nordic house']	[2019]	1	1
6ObeGN1qTsep95QRNOfNc3	Mangoo	['swedish eurodance']	[2019]	1	1
1aQwKFn00nswXRDUDipm0K	Gaullin	['lithuanian edm', 'lithuanian electronic']	[2019]	1	0
0fjavflVt6AlDL66EpbT1R	CHAYE	[]	[2019]	1	1
6sfUgwUTFjy1SNF2uWOcPp	Kate Miller-Heidke	['australian pop', 'australian singer-songwriter', 'lilith', 'piano rock']	[2019]	1	0
2e4uIDIIBXR0MmZe0AJGhR	Bosse	['german pop']	[2019]	1	1
2auC28zjQyVTsiZKNgPRGs	RM	['k-rap']	[2019]	1	1
58lV9VcRSjABbAbfWS6skp	Bon Jovi	['glam metal', 'rock']	[2019]	1	0
0A6OfD8GWLEGjoudKJqadn	Xiara	['frauenrap', 'german hip hop']	[2019]	1	1
4Y5crYhYaEQKOzikPPIZDx	Kiddy Smile	['vogue']	[2019]	1	1
1h0vYLWMAElSWYCjm6RBpe	Ikaz Boi	['french hip hop', 'rap calme', 'rap francais']	[2019]	1	1
6Ne58hx4NCnZHXhmirF384	Tokyo	[]	[2019]	1	1
0PhLCUFEU30lqntUbYZjSt	Mosh36	['german hip hop']	[2019]	1	1
3ufGNaeuKGZU5myCHob2Ds	Nae	[]	[2019]	1	1
2XNnJ28ZbeBn0pxJpm1lxN	Tilly	[]	[2019]	1	1
6NFRBhq9SmNn1FAiRs9AEf	Amber Van Day	['uk pop']	[2019]	1	1
3luxMgC0AnfwnJVljTM5SB	Kazad	[]	[2019]	1	1
0VGybH10ziMPo99SYOwMoQ	Tamta	['greek pop', 'laiko']	[2019]	1	0
65CKKZilbcSKkAPC9a5Mvh	Oumou Sangaré	['afropop', 'malian blues', 'mande pop', 'wassoulou', 'world']	[2019]	1	1
07d5etnpjriczFBB8pxmRe	BJ The Chicago Kid	['alternative r&b', 'chicago rap']	[2019]	1	1
3Fu4HcdXhfgaXrL1IEtvNE	RICHARD Z. KRUSPE	[]	[2019]	1	1
6wN4QyhoM6fN49kEB25rnl	SNIK	['greek hip hop', 'greek trap']	[2019]	1	1
1aWJsBQa67l72j1VT3D6Ow	Micro TDH	['trap latino', 'trap venezolano', 'urbano latino', 'venezuelan hip hop']	[2019]	1	1
7EWemnOZ5SxADQ1z8bf0r9	Adesse	['german pop']	[2019]	1	1
2ndyVAdV9UqF1XjyTJt484	Fred Hammond	['gospel']	[2019]	1	1
7fFfPSHnrplQpezV79CFYc	SosMula	['cloud rap', 'dark trap']	[2019]	1	1
1xoWYqTvsYArxO1Xge3TG4	Michela	['maltese pop']	[2019]	1	0
0O98jlCaPzvsoei6U5jfEL	Damon Albarn	['downtempo', 'solo wave']	[2019]	1	1
4UXTIkBW9t9Lcx3xtlaifs	Lake Malawi	['czech pop']	[2019]	1	0
3X2M3VS0P1ahTp2305HK1N	Patron	['german hip hop', 'german underground rap']	[2019]	1	1
52CkJDqRPUzzIePkvPcudU	Hamada	['german hip hop', 'german underground rap']	[2019]	1	1
1maq3Qhte9vVQ6gUDfFl1J	Brecho	['german underground rap']	[2019]	1	1
6soPpJHlCtN6SY8pWlfbC6	-M-	['chanson', 'french pop', 'french rock', 'nouvelle chanson francaise']	[2019]	1	1
0ceH34CATvfgphxnLRWFkm	9lokknine	['florida drill', 'florida rap']	[2019]	1	1
392Bnlp5PrDQZgtr3OSG9T	FRAMAL	[]	[2019]	1	1
5NhgsV7qPWHZqYEMKzbYvo	Faouzia	['alt z', 'canadian pop']	[2019]	1	1
74tb4BL2gQ28BJicVAWsdb	LES ANTICIPATEURS	['hip hop quebecois']	[2019]	1	1
6RedK3o51NbUJuJxXlT4kj	88-Keys	['alternative hip hop']	[2019]	1	1
5SpHQasdZkIx2RFJzvBBsD	Burry Soprano	['turkce drill', 'turkish hip hop', 'turkish trap']	[2019]	1	1
3TNpNnN7Y8QhtJJnQ08YeF	iRO	[]	[2019]	1	1
6wi2d3tk31DPhUagWLgR33	Chiara Castelli	[]	[2019]	1	0
2k8fAJK9HbH1FhqVpZL98P	YL	['french hip hop', 'pop urbaine', 'rap francais', 'rap marseille']	[2019]	1	1
11LbPHLi2sCqOVjknt0jmW	John Lundvik	['swedish pop']	[2019]	1	0
3nXQmlliJxvfXOm3naZf3B	Shy'm	['french pop', 'r&b francais']	[2019]	1	1
5ISjkNS17JpCwiFtW80lpV	Seeed	['german pop', 'german reggae']	[2019]	1	1
7zPS3i8YJBNeDcqXUHfCMr	AVA	['italian hip hop', 'trap italiana']	[2019]	1	1
1AAfkmCFRTSDg18GQ3itgl	DJ Katch	['basshall']	[2019]	1	1
3XoTY8az7uO60cs72LN1K6	Fergy53	['german trap']	[2019]	1	1
7Kk52c4QPzzgXzsrce4rSF	Fatal	['german underground rap']	[2019]	1	1
6HCUfgQJQ5AvjxX3coDJsT	Chingiz	[]	[2019]	1	0
3p8CvSlaqqbzFKZMUylHO6	Davin Herbrüggen	[]	[2019]	1	0
1eoyu9uAivE7Jwak40J1MW	Bilal Hassani	['french pop', 'variete francaise']	[2019]	1	0
4upwdFMlZBmQ68jP9jPzjK	Gemitaiz	['italian hip hop']	[2019]	1	1
3MkkSf3u5KU52Mb2iMrqeX	MadMan	['italian hip hop']	[2019]	1	1
6fZ3U139Fb4VfOv7g63XhB	Mc Kresha	['albanian hip hop', 'albanian pop', 'kosovan pop']	[2019]	1	1
4SQzMZRKRbUNdKcz3X3fGy	Jenny Marsala	[]	[2019]	1	1
2wkoKEfS6dXwThbyTnZWFU	Mau y Ricky	['latin pop', 'pop venezolano', 'reggaeton', 'urbano latino']	[2019]	1	1
2zHuN04qyNnz890Y2R0Nkr	Tessa B	[]	[2019]	1	1
5qa31A9HySw3T7MKWI9bGg	FLETCHER	['alt z', 'pop']	[2019]	1	0
3ApUX1o6oSz321MMECyIYd	Quinn XCII	['indie pop rap']	[2019]	1	1
4vtz0m60CCrcsQmqDunDIR	Moha La Squale	['french hip hop', 'pop urbaine', 'rap francais']	[2019]	1	0
5QzDzXfXC5lepOBeQXBiVO	Marciano Cantero	[]	[2019]	1	1
6fALm23BvnofrYZKuf6MUQ	PEACHY	[]	[2019]	1	1
5dXlc7MnpaTeUIsHLVe3n4	Coez	['italian adult pop', 'italian pop', 'rap napoletano', 'rome indie']	[2019]	1	1
58QnjLma2Ud9ykXpoeGWzM	N.O.S	[]	[2019]	1	1
6ew7qRw24oov125Oly8pFD	The Prince Karma	['house']	[2019]	1	0
7Iw6TwPkS7bja1OrA3Neal	2zer	['french hip hop', 'rap calme']	[2019]	1	1
0CxxEat1WY9uCQQwSSztS4	Mekra	[]	[2019]	1	1
6xvpfMjWTougrRRtK7iikz	Mason Ramsey	['contemporary country', 'country']	[2019]	1	1
77iZVjeYoYSl5P0K9mIiUE	Haze	['latin pop']	[2019]	1	1
3k3gbUT7bF0jYmFmAKBQtU	Dan Reynolds	[]	[2019]	1	1
