artist_id	name	genres	years_on_charts	num_hits	num_collab_hits
3TVXtAsR1Inumwj472S9r4	Drake	['canadian hip hop', 'canadian pop', 'hip hop', 'rap', 'toronto rap']	[2017, 2018, 2019, 2020, 2021, 2022]	146	73
4MCBfE4596Uoi2O4DtmEMz	Juice WRLD	['chicago rap', 'melodic rap', 'rap']	[2018, 2019, 2020, 2021, 2022]	105	48
24Lqq3mnesl7IljSVFEBEO	Hver gang vi møtes	['nordnorsk musikk', 'norwegian pop']	[2018, 2019, 2020, 2021, 2022]	105	105
1uNFoZAHBGtllmzznpCI3s	Justin Bieber	['canadian pop', 'pop']	[2017, 2018, 2019, 2020, 2021, 2022]	94	62
6eUKZXaKkcviH0Ku9w2n3V	Ed Sheeran	['pop', 'singer-songwriter pop', 'uk pop']	[2017, 2018, 2019, 2020, 2021, 2022]	94	52
246dkjvS1zLTtiykXe5h60	Post Malone	['dfw rap', 'melodic rap', 'pop', 'rap']	[2017, 2018, 2019, 2020, 2021, 2022]	93	48
1Xyo4u8uXC1ZmMpatF05PJ	The Weeknd	['canadian contemporary r&b', 'canadian pop', 'pop']	[2017, 2018, 2019, 2020, 2021, 2022]	91	41
0Y5tJX1MQlPlqiwlOH1tJY	Travis Scott	['hip hop', 'rap', 'slap house']	[2017, 2018, 2019, 2020, 2021]	89	66
23fqKkggKUBHNkbKtXEls4	Kygo	['edm', 'pop', 'pop dance', 'tropical house']	[2017, 2018, 2019, 2020, 2021, 2022]	88	88
7dGJo4pcD2V6oG8kP0tJRR	Eminem	['detroit hip hop', 'hip hop', 'rap']	[2017, 2018, 2019, 2020, 2021, 2022]	88	44
06HL4z0CvFAxyc27GXpf02	Taylor Swift	['pop']	[2017, 2018, 2019, 2020, 2021, 2022]	84	17
7vk5e3vY1uw9plTHJAMwjN	Alan Walker	['electro house']	[2017, 2018, 2019, 2020, 2021, 2022]	84	73
1Cs0zKBU1kc0i8ypK3B9ai	David Guetta	['big room', 'dance pop', 'edm', 'pop', 'pop dance']	[2017, 2018, 2019, 2020, 2021, 2022]	82	79
66CXWjxzNUsdJxJ2JdwvnR	Ariana Grande	['pop']	[2017, 2018, 2019, 2020, 2021, 2022]	80	35
6cEuCEZu7PAE9ZSzLLc2oQ	R3HAB	['dutch house', 'edm', 'electro house', 'pop dance', 'progressive electro house', 'slap house']	[2017, 2018, 2019, 2020, 2021, 2022]	72	69
5K4W6rqBFWDnAN6FQUkS6x	Kanye West	['chicago rap', 'hip hop', 'rap']	[2017, 2018, 2019, 2020, 2021, 2022]	71	24
3Fe3yv5ZGCwcaMnlBltuT2	Unge Ferrari	['norwegian hip hop', 'norwegian pop', 'norwegian pop rap', 'scandinavian r&b']	[2017, 2018, 2019, 2020, 2021, 2022]	70	54
6LuN9FCkKOj5PcnpouEgny	Khalid	['pop', 'pop r&b']	[2017, 2018, 2019, 2020, 2021, 2022]	68	43
5WUlDfRSoLAfcVSX1WnrxN	Sia	['australian dance', 'australian pop', 'pop']	[2017, 2018, 2019, 2020, 2021, 2022]	65	41
3AVfmawzu83sp94QW7CEGm	Astrid S	['alt z', 'norwegian pop', 'pop', 'uk pop']	[2017, 2018, 2019, 2020, 2021, 2022]	63	21
15UsOTVnJzReFVN1VCnxy4	XXXTENTACION	['emo rap', 'miami hip hop']	[2017, 2018, 2019, 2020, 2021, 2022]	62	19
6CawoDDP1IZUSGl4wSJGC9	TIX	['norwegian pop', 'russelater']	[2017, 2018, 2019, 2020, 2021, 2022]	59	36
69GGBxA162lTqCwzJG5jLp	The Chainsmokers	['electropop', 'pop']	[2017, 2018, 2019, 2020, 2021, 2022]	59	39
7c0XG5cIJTrrAgEC3ULPiq	Ty Dolla $ign	['hip hop', 'pop rap', 'r&b', 'southern hip hop', 'trap', 'trap soul']	[2017, 2018, 2019, 2020, 2021, 2022]	54	54
6qqNVTkY8uBg9cP3Jd7DAH	Billie Eilish	['art pop', 'electropop', 'pop']	[2018, 2019, 2020, 2021, 2022]	53	4
1RyvyyTE3xzB2ZywiAwp0i	Future	['atl hip hop', 'hip hop', 'rap', 'southern hip hop', 'trap']	[2017, 2018, 2019, 2020, 2021, 2022]	52	44
4TrraAsitQKl821DQY42cZ	Sigrid	['norwegian pop']	[2017, 2018, 2019, 2020, 2021, 2022]	52	2
0hCNtLu0JehylgoiP8L4Gh	Nicki Minaj	['hip pop', 'pop', 'queens hip hop', 'rap']	[2017, 2018, 2019, 2020, 2021, 2022]	51	47
1vCWHaC5f2uS3yhpwWbIA6	Avicii	['edm', 'pop', 'pop dance']	[2017, 2018, 2019, 2020, 2021, 2022]	51	32
0eDvMgVFoNV3TpwtrVCoTj	Pop Smoke	['brooklyn drill', 'rap']	[2019, 2020, 2021]	51	34
53XhwfbYqKCa1cC15pYq2q	Imagine Dragons	['modern rock', 'pop', 'rock']	[2017, 2018, 2019, 2020, 2021, 2022]	51	8
50co4Is1HCEo8bhOyUWKpn	Young Thug	['atl hip hop', 'atl trap', 'gangster rap', 'melodic rap', 'rap', 'trap']	[2017, 2018, 2019, 2020, 2021, 2022]	49	49
4O15NlyKLIASxsJ0PrXPfz	Lil Uzi Vert	['melodic rap', 'philly rap', 'rage rap', 'rap', 'trap']	[2017, 2018, 2019, 2020, 2021, 2022]	47	28
1URnnhqYAYcrqrcwql10ft	21 Savage	['atl hip hop', 'hip hop', 'rap', 'trap']	[2017, 2018, 2019, 2020, 2021, 2022]	47	41
6M2wZ9GZgrQXHCFfjv46we	Dua Lipa	['dance pop', 'pop', 'uk pop']	[2017, 2018, 2019, 2020, 2021, 2022]	46	26
2wY79sveU1sp5g7SokKOiI	Sam Smith	['pop', 'uk pop']	[2017, 2018, 2019, 2020, 2021, 2022]	44	8
6l3HvQ5sa6mXTsMTB19rO5	J. Cole	['conscious hip hop', 'hip hop', 'north carolina hip hop', 'rap']	[2017, 2018, 2019, 2020, 2021, 2022]	44	16
2hlmm7s2ICUX0LVIhVFlZQ	Gunna	['atl hip hop', 'melodic rap', 'rap', 'trap']	[2018, 2019, 2020, 2021, 2022]	44	39
5iNrZmtVMtYev5M9yoWpEq	Seeb	['pop dance']	[2017, 2018, 2019, 2020, 2021]	44	44
0ZED1XzwlLHW4ZaG4lOT6m	Julia Michaels	['pop']	[2017, 2018, 2019, 2020, 2021, 2022]	43	25
2o5jDhtHVPhrJdv3cEQ99Z	Tiësto	['big room', 'brostep', 'dutch edm', 'edm', 'house', 'pop dance', 'slap house', 'trance']	[2017, 2018, 2019, 2020, 2021, 2022]	42	39
2Tg0aF5cbZktYFzgR1iAKv	Julie Bergan	['norwegian pop']	[2017, 2018, 2019, 2020, 2021, 2022]	42	21
3X23gpg1vPacr0hBARyxtN	Karpe	['norwegian hip hop', 'norwegian pop']	[2017, 2018, 2019, 2020, 2021, 2022]	42	13
2YZyLoL8N0Wb9xBt1NhZWg	Kendrick Lamar	['conscious hip hop', 'hip hop', 'rap', 'west coast rap']	[2017, 2018, 2019, 2020, 2021]	41	26
4r63FhuTkUYltbVAg5TQnk	DaBaby	['hip hop', 'north carolina hip hop', 'rap', 'trap']	[2019, 2020, 2021, 2022]	41	25
46pSx5MtwhorubZuHbwM0Q	Arif Murakami	['norwegian pop rap']	[2017, 2018, 2019, 2020, 2021, 2022]	40	26
59WNMskn4tSvgnWKXHXj61	Kamelen	['norwegian hip hop', 'norwegian pop rap', 'norwegian trap']	[2017, 2018, 2019, 2020, 2021, 2022]	40	9
0C8ZW7ezQVs4URX5aX7Kqx	Selena Gomez	['pop', 'post-teen pop']	[2017, 2018, 2019, 2020, 2021, 2022]	39	22
6oMuImdp5ZcFhWP0ESe6mG	Migos	['atl hip hop', 'hip hop', 'rap', 'trap']	[2017, 2018, 2019, 2020, 2021]	39	24
7n2wHs1TKAczGzO7Dd2rGr	Shawn Mendes	['canadian pop', 'pop', 'viral pop']	[2017, 2018, 2019, 2020, 2021, 2022]	39	11
13ubrt8QOOCPljQ2FL1Kca	A$AP Rocky	['east coast hip hop', 'hip hop', 'rap', 'trap']	[2017, 2018, 2019, 2021, 2022]	39	30
4TNb6OInXahdseLnzAY1eL	Ringnes-Ronny	['fotbollslatar', 'russelater']	[2018, 2019, 2020, 2021, 2022]	38	14
6Xgp2XMz1fhVYe7i6yNAax	Trippie Redd	['melodic rap', 'rap', 'trap']	[2017, 2018, 2019, 2020, 2021]	38	27
4nDoRrQiYLoBzwC5BhVJzF	Camila Cabello	['dance pop', 'pop']	[2017, 2018, 2019, 2020, 2021, 2022]	38	19
5f7VJjfbwm532GiveGC0ZK	Lil Baby	['atl hip hop', 'atl trap', 'rap', 'trap']	[2018, 2019, 2020, 2021, 2022]	37	32
02kJSzxNuaWGqwubyUba0Z	G-Eazy	['indie pop rap', 'oakland hip hop', 'pop rap', 'rap']	[2017, 2018, 2019, 2020, 2021]	37	34
4kYSro6naA4h99UJvo89HB	Cardi B	['pop', 'rap']	[2017, 2018, 2019, 2020, 2021]	36	27
4gzpq5DPGxSnKTe4SA8HAU	Coldplay	['permanent wave', 'pop']	[2017, 2018, 2019, 2020, 2021, 2022]	36	10
1nzgtKYFckznkcVMR3Gg4z	KSI	['uk hip hop']	[2018, 2019, 2020, 2021]	36	24
49CE2ffZ6Z3zeYSDauSKck	Tungevaag	['big room', 'nordic house']	[2017, 2018, 2019, 2020, 2021, 2022]	36	31
64M6ah0SkkRsnPGtGiRAbb	Bebe Rexha	['dance pop', 'pop']	[2017, 2018, 2019, 2020, 2021]	36	25
5fMUXHkw8R8eOP2RNVYEZX	Diplo	['edm', 'electro house', 'moombahton', 'pop dance']	[2017, 2018, 2019, 2020, 2021, 2022]	36	36
60d24wfXkVzDSfLS6hyCjZ	Martin Garrix	['dutch edm', 'edm', 'pop', 'pop dance', 'progressive house']	[2017, 2018, 2019, 2020, 2021]	36	35
55Aa2cqylxrFIXC767Z865	Lil Wayne	['hip hop', 'new orleans rap', 'pop rap', 'rap', 'trap']	[2017, 2018, 2019, 2020, 2021, 2022]	36	32
4xRYI6VqpkE3UwrDrAZL8L	Logic	['conscious hip hop', 'hip hop', 'pop rap', 'rap']	[2017, 2018, 2019, 2020, 2021]	36	21
26VFTg2z8YR0cCuwLzESi2	Halsey	['electropop', 'etherpop', 'indie poptimism', 'pop']	[2017, 2018, 2019, 2020, 2021, 2022]	35	18
4YXycRbyyAE0wozTk7QMEq	Matoma	['pop dance', 'tropical house']	[2017, 2018, 2019, 2020, 2021]	35	34
4sTQVOfp9vEMCemLw50sbu	Galantis	['dance pop', 'edm', 'pop', 'pop dance']	[2017, 2018, 2019, 2020, 2021, 2022]	35	26
4ec09tknYr0531ivdBMNIg	Vidar Villa	['norwegian pop']	[2017, 2018, 2019, 2020, 2021]	35	5
3Nrfpe0tUJi4K4DXYWgMUX	BTS	['k-pop', 'k-pop boy group', 'pop']	[2017, 2018, 2019, 2020, 2021, 2022]	34	13
1Xylc3o4UrD53lo9CvFvVg	Zara Larsson	['pop', 'scandipop', 'swedish electropop', 'swedish pop']	[2017, 2018, 2019, 2020, 2021]	34	13
64KEffDW9EtZ1y2vBYgq8T	Marshmello	['brostep', 'edm', 'pop', 'progressive electro house']	[2017, 2018, 2019, 2020, 2021]	34	32
1WgXqy2Dd70QQOU7Ay074N	AURORA	['art pop', 'norwegian pop']	[2018, 2019, 2020, 2021, 2022]	33	5
46XcyK8FnyCJJlvYCUwVZH	Hkeem	['norwegian pop', 'norwegian pop rap', 'swedish reggae']	[2017, 2018, 2019, 2020, 2021, 2022]	33	22
0VRj0yCOv2FXJNP47XQnx5	Quavo	['atl hip hop', 'melodic rap', 'rap', 'trap']	[2017, 2018, 2019, 2020, 2021]	33	32
6AgTAQt8XS6jRWi4sX7w49	Polo G	['chicago rap', 'rap']	[2019, 2020, 2021, 2022]	33	21
5J10DHSs5nFktP4DNYncwj	Staysman	['russelater']	[2017, 2018, 2019, 2020, 2021, 2022]	33	31
7jVv8c5Fj3E9VhNjxT4snq	Lil Nas X	['lgbtq+ hip hop']	[2019, 2020, 2021, 2022]	33	15
5LHRHt1k9lMyONurDHEdrp	Tyga	['hip hop', 'pop rap', 'rap', 'trap']	[2017, 2018, 2019, 2020, 2021, 2022]	32	30
4npEfmQ6YuiwW1GpUmaq3F	Ava Max	['pop']	[2018, 2019, 2020, 2021, 2022]	32	10
5JZ7CnR6gTvEMKX4g70Amv	Lauv	['pop']	[2017, 2018, 2019, 2020, 2021, 2022]	32	13
1zNqQNIdeOUZHb8zbZRFMX	Swae Lee	['melodic rap', 'rap', 'trap']	[2017, 2018, 2019, 2020, 2021]	32	30
7CajNmpbOovFoOoasH2HaY	Calvin Harris	['dance pop', 'edm', 'electro house', 'house', 'pop', 'progressive house', 'uk dance']	[2017, 2018, 2019, 2020, 2021, 2022]	32	29
00FQb4jTyendYWaN8pK0wa	Lana Del Rey	['art pop', 'pop']	[2017, 2018, 2019, 2020, 2021, 2022]	32	10
6S2OmqARrzebs0tKUEyXyp	Demi Lovato	['pop', 'post-teen pop']	[2017, 2018, 2019, 2020, 2021]	31	16
5YGY8feqx7naU7z4HrwZM6	Miley Cyrus	['pop']	[2017, 2018, 2019, 2020, 2021, 2022]	31	11
0du5cEVh5yTK9QJze8zA0C	Bruno Mars	['dance pop', 'pop']	[2017, 2018, 2019, 2020, 2021, 2022]	31	22
4dpARuHxo51G3z768sgnrY	Adele	['british soul', 'pop', 'pop soul', 'uk pop']	[2017, 2018, 2021, 2022]	31	0
5awQWdBpLqN2KFVRN8w56T	Highasakite	['norwegian indie', 'norwegian pop']	[2017, 2018, 2019, 2020, 2021, 2022]	30	1
7gZfnEnfiaHzxARJ2LeXrf	6ix9ine	['emo rap']	[2018, 2019, 2020]	29	19
3N4FiTxpPQRsrihmTMN349	Marcus & Martinus	['mgpjr', 'norwegian pop']	[2017, 2018, 2019, 2020, 2021]	29	11
7tYKF4w9nC0nq9CsPZTHyP	SZA	['pop', 'r&b', 'rap']	[2017, 2018, 2019, 2020, 2021, 2022]	29	26
04gDigrS5kc9YWfZHwBETP	Maroon 5	['pop']	[2017, 2018, 2019, 2020, 2021]	29	23
5kZZsRShoba2QQpDAv9P0B	Isah	['norwegian pop', 'norwegian pop rap']	[2019, 2020, 2021, 2022]	28	14
2feDdbD5araYcm6JhFHHw7	Labrinth	['indie poptimism', 'pop']	[2017, 2018, 2019, 2020, 2021, 2022]	28	20
504cl42JQLRqlZddfZ3S4z	Cezinando	['norwegian hip hop', 'norwegian pop', 'norwegian pop rap']	[2017, 2018, 2019, 2020, 2021, 2022]	28	4
5cj0lLjcoR7YOSnhnX0Po5	Doja Cat	['dance pop', 'pop']	[2019, 2020, 2021, 2022]	27	16
6Paz0vXJJ9bCPf0fEm3qzg	Dagny	['norwegian pop']	[2017, 2018, 2019, 2020, 2021, 2022]	27	10
1HBjj22wzbscIZ9sEb5dyf	Jonas Blue	['pop', 'pop dance', 'tropical house', 'uk dance']	[2017, 2018, 2019, 2020, 2021, 2022]	27	27
4OovmAu23KrDlDQI2UbneL	Gabrielle	['norwegian pop']	[2017, 2018, 2019, 2020, 2021, 2022]	27	4
1HY2Jd0NmPuamShAr6KMms	Lady Gaga	['art pop', 'dance pop', 'pop']	[2017, 2018, 2019, 2020, 2021, 2022]	27	12
3EaDukxGx5viO0MTLW1a5X	Morgan Sulele	['norwegian pop', 'russelater']	[2017, 2018, 2019, 2020, 2021, 2022]	27	18
738wLrAtLtCtFOLvQBXOXp	Major Lazer	['dance pop', 'edm', 'electro house', 'moombahton', 'pop', 'pop dance']	[2017, 2018, 2019, 2020, 2021]	27	27
6vXTefBL93Dj5IqAWq6OTv	French Montana	['hip hop', 'pop rap', 'rap', 'southern hip hop', 'trap']	[2017, 2018, 2019, 2020, 2021]	27	27
7hssUdpvtY5oiARaUDgFZ3	Ina Wroldsen	['norwegian pop']	[2017, 2018, 2019, 2020, 2021]	26	11
6vWDO969PvNqNYHIOW5v0m	Beyoncé	['pop', 'r&b']	[2017, 2018, 2019, 2020, 2021]	26	14
0iEtIxbK0KxaSlF7G42ZOp	Metro Boomin	['rap']	[2017, 2018, 2019, 2020]	26	26
2tIP7SsRs7vjIcLrU85W8J	The Kid LAROI	['australian hip hop']	[2020, 2021, 2022]	26	16
4IWBUUAFIplrNtaOHcJPRM	James Arthur	['pop', 'talent show', 'uk pop']	[2017, 2018, 2019, 2020, 2021, 2022]	26	9
4cXE1g28uYrIaUisUx5cJt	Emilie Nicolas	['norwegian indie', 'norwegian pop', 'norwegian singer-songwriter']	[2017, 2018, 2019, 2020, 2021, 2022]	26	4
5Pwc4xIPtQLFEnJriah9YJ	OneRepublic	['piano rock', 'pop']	[2017, 2018, 2019, 2020, 2021, 2022]	26	11
7bXgB6jMjp9ATFy66eO08Z	Chris Brown	['r&b', 'rap']	[2017, 2018, 2019, 2020, 2021, 2022]	26	19
13y7CgLHjMVRMDqxdx0Xdo	Gucci Mane	['atl hip hop', 'dirty south rap', 'hip hop', 'pop rap', 'rap', 'southern hip hop', 'trap']	[2017, 2018, 2019]	26	26
2cFrymmkijnjDg9SS92EPM	blackbear	['pop']	[2017, 2019, 2020, 2021, 2022]	25	16
1vyhD5VmyZ7KMfW5gqLgo5	J Balvin	['reggaeton', 'reggaeton colombiano', 'trap latino', 'urbano latino']	[2017, 2018, 2019, 2020, 2021]	25	24
3t5xRXzsuZmMDkQzgOX35S	Robin Schulz	['deep euro house', 'deep house', 'edm', 'german dance', 'pop dance', 'tropical house']	[2017, 2018, 2019, 2020, 2021, 2022]	25	24
35j3Bv3gRKUHbiFSxVjjIf	Stig Brenner	['norwegian pop', 'norwegian pop rap']	[2020, 2021, 2022]	25	25
5ZsFI1h6hIdQRw2ti0hz81	ZAYN	['pop', 'uk pop']	[2017, 2018, 2019, 2020, 2021]	25	12
1zNqDE7qDGCsyzJwohVaoX	Anne-Marie	['pop']	[2017, 2018, 2019, 2020, 2021]	25	15
4ivFOCSoFSwxPXQawDqylT	Rotlaus	['norwegian country']	[2017, 2018, 2019, 2020, 2021, 2022]	24	1
3836OTICMPjhTMMcpPw4EC	Broiler	['nordic house', 'norwegian pop', 'russelater']	[2017, 2018, 2019, 2020, 2021, 2022]	24	16
07YZf4WDAMNwqr4jfgOZ8y	Jason Derulo	['dance pop', 'pop']	[2017, 2018, 2019, 2020, 2021, 2022]	24	18
63Dir7MyAhpGcHU3rOh3uF	Chris Holsten	['norwegian pop']	[2017, 2018, 2019, 2020, 2021, 2022]	24	5
6TIYQ3jFPwQSRmorSezPxX	Machine Gun Kelly	['ohio hip hop', 'pop rap']	[2017, 2018, 2019, 2020, 2021, 2022]	24	20
4V8LLVI7PbaPR0K2TGSxFF	Tyler, The Creator	['hip hop', 'rap']	[2019, 2021, 2022]	24	10
4DdkRBBYG6Yk9Ka8tdJ9BW	Offset	['atl hip hop', 'rap', 'trap']	[2017, 2018, 2019, 2020, 2021]	23	20
6jJ0s89eD6GaHleKKya26X	Katy Perry	['pop']	[2017, 2018, 2019, 2020, 2021, 2022]	23	10
4NHQUGzhtTLFvgF5SZesLK	Tove Lo	['metropopolis', 'pop', 'swedish electropop', 'swedish pop', 'swedish synthpop']	[2017, 2018, 2019, 2020, 2021, 2022]	23	13
1KCSPY1glIKqW2TotWuXOR	P!nk	['dance pop', 'pop']	[2017, 2018, 2019, 2020, 2021, 2022]	23	10
6lB8vOoI4DRrrVxXwuV19c	Mike Perry	['pop dance', 'swedish tropical house']	[2017, 2018, 2019, 2020, 2021]	23	20
13FLfwjYGlKjGG2bqiRxdU	Jonas Benyoub	['norwegian pop rap']	[2017, 2018, 2019, 2021, 2022]	23	13
31W5EY0aAly4Qieq6OFu6I	A Boogie Wit da Hoodie	['melodic rap', 'rap', 'trap']	[2018, 2019, 2020, 2021, 2022]	22	19
0x3PXj1WnuW7YsBxQK57xM	Ruben	['norwegian pop']	[2017, 2018, 2019, 2020, 2021, 2022]	22	5
0QHgL1lAIqAw0HtD7YldmP	DJ Khaled	['hip hop', 'miami hip hop', 'pop rap', 'rap']	[2017, 2018, 2019, 2020, 2021]	22	22
3YP7MBWoSfkTwq0pOMj651	Den BB	['russelater']	[2017, 2020, 2021, 2022]	21	5
5CCwRZC6euC8Odo6y9X8jr	Rita Ora	['dance pop', 'pop', 'uk pop']	[2017, 2018, 2019, 2020, 2021]	21	14
4Q6nIcaBED8qUel8bBx6Cr	Jax Jones	['dance pop', 'edm', 'house', 'pop dance', 'uk dance', 'uk pop']	[2017, 2018, 2019, 2020, 2021, 2022]	21	21
7LiVklVR1325BIOqD9kykr	CLMD	['norwegian pop']	[2017, 2018, 2019, 2020, 2021, 2022]	21	15
6KImCVD70vtIoJWnq6nGn3	Harry Styles	['pop']	[2017, 2018, 2019, 2020, 2021, 2022]	21	0
25u4wHJWxCA9vO0CzxAbK7	Lukas Graham	['danish pop', 'scandipop']	[2017, 2018, 2019, 2020, 2021]	21	5
3f8ujTspJT6Voq6HYEv3i2	Lars Vaular	['norwegian hip hop', 'norwegian pop', 'norwegian pop rap']	[2017, 2019, 2020, 2021]	21	14
25uiPmTg16RbhZWAqwLBy5	Charli XCX	['art pop', 'candy pop', 'metropopolis', 'pop', 'uk pop']	[2017, 2018, 2019, 2021, 2022]	21	18
7DMveApC7UnC2NPfPvlHSU	Cheat Codes	['edm', 'pop', 'pop dance']	[2017, 2018, 2019, 2021, 2022]	21	20
35kBMx0nauaGZIhWESWrc5	Norges Nye Megahit	[]	[2021, 2022]	21	21
5ktSHm2pKmqua1MTV1dkrg	Dutty Dior	['norwegian pop rap']	[2018, 2019, 2020, 2021, 2022]	20	9
3u2Sz4K3PFfalhDU0vSHT3	Eva Weel Skram	['norwegian pop']	[2017, 2018, 2019, 2020, 2021]	20	2
4wqjUmydj8rX3foHUjNOtB	Chris Abolade	['norwegian pop rap']	[2017, 2018, 2019, 2020, 2021]	20	8
3uwAm6vQy7kWPS2bciKWx9	girl in red	['alt z', 'bedroom pop', 'indie pop', 'norwegian indie', 'pop', 'pov: indie']	[2018, 2019, 2020, 2021]	20	0
0LcJLqbBmaGUft1e9Mm8HV	ABBA	['europop', 'swedish pop']	[2017, 2018, 2019, 2020, 2021, 2022]	20	0
3rTRHzFfbTk5GL3LpYZGHR	Maria Mena	['candy pop', 'norwegian pop', 'norwegian singer-songwriter']	[2017, 2018, 2019, 2020, 2021, 2022]	20	12
7A3fefmffBi6jDv2MxMcz3	Adrian Sellevoll	['norwegian pop rap']	[2018, 2019, 2020, 2021, 2022]	20	9
3jK9MiCrA42lLAdMGUZpwa	Anderson .Paak	['escape room', 'hip hop', 'indie soul', 'neo soul']	[2017, 2018, 2019, 2020, 2021, 2022]	20	19
3Isy6kedDrgPYoTS1dazA9	Sean Paul	['dance pop', 'dancehall', 'pop', 'pop rap']	[2017, 2018, 2019, 2020, 2021, 2022]	20	20
0bdfiayQAKewqEvaU6rXCv	MØ	['danish pop', 'electropop', 'pop', 'pop dance']	[2017, 2018, 2019, 2021, 2022]	20	10
137W8MRPWKqSmrBGDBFSop	Wiz Khalifa	['hip hop', 'pittsburgh rap', 'pop rap', 'rap', 'southern hip hop', 'trap']	[2017, 2018, 2019, 2020, 2021]	19	19
4ehtJnVumNf6xzSCDk8aLB	Martin Jensen	['danish electronic', 'edm', 'pop dance']	[2017, 2018, 2019, 2020, 2021, 2022]	19	17
6jGMq4yGs7aQzuGsMgVgZR	Lil Tjay	['brooklyn drill', 'melodic rap', 'nyc rap', 'rap']	[2019, 2020, 2021]	19	13
7EQ0qTo7fWT7DPxmxtSYEc	Bastille	['metropopolis', 'modern rock', 'pop']	[2017, 2018, 2019, 2020, 2021, 2022]	19	7
0NGAZxHanS9e0iNHpR8f2W	Alok	['electro house', 'pop nacional', 'sertanejo universitario', 'slap house']	[2017, 2018, 2019, 2020, 2021, 2022]	19	18
7gAppWoH7pcYmphCVTXkzs	The Vamps	['boy band', 'pop']	[2017, 2018, 2019, 2020, 2021]	19	15
4Q6zYbQ2MrKiEWTGB3yrPv	Jesper Jenset	['norwegian pop']	[2017, 2018, 2019, 2020, 2021]	19	9
4IVAbR2w4JJNJDDRFP3E83	6LACK	['atl hip hop', 'melodic rap', 'r&b', 'rap', 'trap']	[2018, 2019, 2020, 2021]	18	14
48XeauxB5rhLPXPtACuuUR	Katastrofe	['norwegian hip hop', 'norwegian pop', 'russelater']	[2017, 2018, 2019, 2020, 2021]	18	9
3RsYUwemRpPK8fXJigvmbp	Ezzari	['norwegian pop rap']	[2017, 2018, 2019, 2020, 2021]	18	6
3GIadM69XShFZNB3gP67Td	Emma Steinbakken	['norwegian pop', 'scandipop']	[2018, 2019, 2020, 2021, 2022]	18	3
20gsENnposVs2I4rQ5kvrf	Sam Feldt	['edm', 'pop dance', 'tropical house']	[2017, 2018, 2019, 2020, 2021]	18	18
61pvU6ZLOF3bl0IOtbmME7	Emelie Hollow	['norwegian pop']	[2017, 2018, 2019, 2020, 2021]	18	5
3JhNCzhSMTxs9WLGJJxWOY	Macklemore	['pop rap', 'seattle hip hop']	[2017, 2018, 2019, 2020, 2021, 2022]	18	18
3wyVrVrFCkukjdVIdirGVY	Lil Pump	['emo rap', 'miami hip hop', 'pop rap', 'rap', 'trap']	[2017, 2018, 2019, 2020]	18	8
49HPMFWsosCuRf810Ay1Vv	Kurt Nilsen	['classic norwegian pop', 'norwegian pop']	[2017, 2018, 2019, 2020, 2021]	18	16
03SBMfoHX3EUENFwFoLN5i	Soppgirobygget	['russelater']	[2018, 2019, 2020, 2021, 2022]	18	2
3BLtF1cfHaJ98drJiRefIG	Ylva	['norwegian pop']	[2017, 2018, 2019, 2020, 2021]	18	5
6VuMaDnrHyPL1p4EHjYLi7	Charlie Puth	['pop', 'viral pop']	[2017, 2018, 2019, 2020, 2021, 2022]	18	9
0SfsnGyD8FpIN4U4WCkBZ5	Armin van Buuren	['dutch house', 'dutch trance', 'edm', 'pop dance', 'progressive house', 'trance']	[2017, 2018, 2019, 2020, 2021, 2022]	18	14
7GUyb3aEJHskmBRrhckLa6	OnklP	['norwegian hip hop']	[2017, 2018, 2019, 2020, 2021]	18	13
2GN0eor58XbyUUfQxWTgYn	Philip Emilio	['norwegian pop rap']	[2017, 2018, 2019, 2020]	18	8
77AiFEVeAVj2ORpC85QVJs	Steve Aoki	['edm', 'electro house', 'pop dance']	[2017, 2018, 2019, 2020, 2021]	18	18
4Ga1P7PMIsmqEZqhYZQgDo	Lil Tecca	['melodic rap', 'pluggnb', 'rap']	[2019, 2020, 2021]	18	6
0TnOYISbd1XYRBk9myaseg	Pitbull	['dance pop', 'miami hip hop', 'pop']	[2017, 2018, 2019, 2020, 2021, 2022]	17	15
181bsRPaVXVlUKXrxwZfHK	Megan Thee Stallion	['houston rap', 'pop', 'rap', 'trap queen']	[2019, 2020, 2021, 2022]	17	14
1GxkXlMwML1oSg5eLPiAz3	Michael Bublé	['adult standards', 'canadian pop', 'jazz pop', 'lounge']	[2017, 2018, 2019, 2020, 2021]	17	4
5y2Xq6xcjJb2jVM54GHK3t	John Legend	['neo soul', 'pop', 'pop soul', 'urban contemporary']	[2017, 2018, 2019, 2020, 2021, 2022]	17	8
3e7awlrlDSwF3iM0WBjGMp	Little Mix	['girl group', 'pop', 'talent show', 'uk pop']	[2017, 2018, 2019, 2020, 2021, 2022]	17	8
5p7f24Rk5HkUZsaS3BLG5F	Hailee Steinfeld	['pop']	[2017, 2018, 2019, 2020]	17	12
4GvEc3ANtPPjt1ZJllr5Zl	Bazzi	['pop']	[2018, 2019, 2020, 2021]	17	2
6MDME20pz9RveH9rEXvrOM	Clean Bandit	['pop', 'uk dance', 'uk funky']	[2017, 2018, 2019, 2020, 2021, 2022]	17	17
6fWVd57NKTalqvmjRd2t8Z	24kGoldn	['cali rap']	[2019, 2020, 2021, 2022]	17	11
4Gso3d4CscCijv0lmajZWs	Don Toliver	['rap', 'trap']	[2019, 2020, 2021]	17	11
4bL2B6hmLlMWnUEZnorEtG	Felix Jaehn	['edm', 'german dance', 'pop dance', 'tropical house']	[2017, 2018, 2019, 2020, 2021]	17	17
5pKCCKE2ajJHZ9KAiaK11H	Rihanna	['barbadian pop', 'pop', 'urban contemporary']	[2017, 2018, 2020, 2021]	17	11
4kYGAK2zu9EAomwj3hXkXy	JP Cooper	['uk pop']	[2017, 2018, 2019, 2020, 2021, 2022]	17	8
1mSJCvDX0W7Dn7S9C6vmvI	Anna of the North	['electropop', 'vapor pop']	[2017, 2019, 2020, 2021, 2022]	17	8
3PhoLpVuITZKcymswpck5b	Elton John	['glam rock', 'mellow gold', 'piano rock', 'rock']	[2017, 2018, 2019, 2020, 2021, 2022]	17	11
657xkMQUyPIa9vA7fycV5j	Amara	['norwegian pop rap']	[2020, 2021, 2022]	16	9
4CTKqs11Zgsv8EZTVzx764	Lemaitre	['norwegian pop']	[2018, 2019, 2020, 2021]	16	9
757aE44tKEUQEqRuT6GnEB	Roddy Ricch	['melodic rap', 'rap', 'trap']	[2018, 2019, 2020, 2021]	16	14
0X2BH1fck6amBIoJhDVmmJ	Ellie Goulding	['indietronica', 'metropopolis', 'pop', 'uk pop']	[2017, 2018, 2019, 2020, 2021]	16	9
3nuhBdXXO0mnjugdrDxkmt	Carina Dahl	['metropopolis', 'norwegian pop', 'trondersk musikk']	[2017, 2018, 2020, 2021, 2022]	16	5
5rGrDvrLOV2VV8SCFVGWlj	Imanbek	['electro house', 'pop dance', 'slap house']	[2019, 2020, 2021, 2022]	16	16
5KKpBU5eC2tJDzf0wmlRp2	RAYE	['uk contemporary r&b', 'uk pop']	[2017, 2018, 2019, 2020, 2021]	16	14
6c0mTNAxJxlp9HpKTUZwA8	ALMA	[]	[2017, 2018, 2019, 2020]	16	11
54CixfaGAPcjkP7Dx5PjvV	El Papi	['russelater']	[2018, 2019, 2020, 2021, 2022]	16	3
4LLpKhyESsyAXpc4laK94U	Mac Miller	['hip hop', 'pittsburgh rap', 'rap']	[2018, 2019, 2020, 2021]	16	2
2PVHjhJWIKgb2yfBTmQerg	Delara	['norwegian pop']	[2017, 2018, 2020, 2021, 2022]	16	3
2jku7tDXc6XoB6MO2hFuqg	Tory Lanez	['canadian hip hop', 'canadian trap', 'melodic rap', 'r&b', 'rap', 'toronto rap', 'trap']	[2017, 2018, 2019, 2020]	16	12
0fA0VVWsXO9YnASrzqfmYu	Kid Cudi	['hip hop', 'ohio hip hop', 'pop rap', 'rap']	[2018, 2019, 2020, 2021, 2022]	16	12
1IueXOQyABrMOprrzwQJWN	Sigala	['dance pop', 'edm', 'pop dance', 'uk dance', 'uk pop']	[2017, 2018, 2019, 2020, 2021, 2022]	16	15
1McMsnEElThX1knmY4oliG	Olivia Rodrigo	['pop']	[2019, 2020, 2021, 2022]	16	2
5IcR3N7QB1j6KBL8eImZ8m	ScHoolboy Q	['gangster rap', 'hip hop', 'pop rap', 'rap', 'southern hip hop', 'trap']	[2017, 2018, 2019]	16	10
5Rl15oVamLq7FbSb0NNBNy	5 Seconds of Summer	['boy band', 'pop']	[2018, 2019, 2020]	15	6
1MIVXf74SZHmTIp4V4paH4	Mabel	['pop', 'uk pop']	[2017, 2018, 2019, 2020, 2021]	15	6
6L3XsdwSNcPAPxHq9KuyxT	The Pøssy Project	['russelater']	[2017, 2018, 2019, 2020, 2021]	15	15
6pWcSL9wSJZQ9ne0TnhdWr	K-391	['nordic house']	[2017, 2018, 2019, 2020, 2021]	15	15
2dViR9WphpDpMB3oUiDblq	Staysman & Lazz	['norwegian hip hop', 'norwegian pop', 'russelater']	[2017, 2018, 2019, 2020, 2021]	15	11
17ggmeNujCFMkr3zgyXv02	The Norwegian Radio Orchestra	['nordic orchestra', 'orchestra', 'radio symphony']	[2017, 2018, 2019, 2020, 2021]	15	14
7vjysb7HY9cLyDyHCMEtZu	Kevin Boine	['nordnorsk musikk', 'sami']	[2017, 2018, 2019, 2020, 2021]	15	2
19HFRWmRCl27kTk6LeqAO8	MORTEN	['danish electronic', 'scandipop']	[2017, 2019, 2020, 2021, 2022]	15	15
540vIaP2JwjQb9dm3aArA4	DJ Snake	['edm', 'electronic trap', 'pop', 'pop dance']	[2017, 2018, 2019, 2020, 2021]	15	14
1Hsdzj7Dlq2I7tHP7501T4	Niall Horan	['pop']	[2017, 2018, 2019, 2020, 2021, 2022]	15	2
2wUjUUtkb5lvLKcGKsKqsR	Alessia Cara	['canadian contemporary r&b', 'canadian pop', 'pop']	[2017, 2018, 2019, 2020, 2021]	15	8
5k1e5WmyFzUoOXLqXfF3ws	MGPjr	['mgpjr']	[2017, 2018, 2020, 2021]	15	15
2kCcBybjl3SAtIcwdWpUe3	Lil Peep	['cloud rap', 'emo rap', 'lgbtq+ hip hop']	[2017, 2018, 2019]	15	4
46SHBwWsqBkxI7EeeBEQG7	Kodak Black	['florida drill', 'florida rap', 'melodic rap', 'miami hip hop', 'rap', 'trap', 'trap latino']	[2017, 2018, 2019, 2021, 2022]	15	11
6wWVKhxIU2cEi0K81v7HvP	Rammstein	['german metal', 'industrial', 'industrial metal', 'industrial rock', 'neue deutsche harte']	[2019, 2022]	15	0
7jEEE187pVG6InOxn03oA5	Benjamin Ingrosso	['swedish pop']	[2018, 2019, 2020, 2021, 2022]	14	4
2RdwBSPQiwcmiDo9kixcl8	Pharrell Williams	['dance pop', 'pop']	[2017, 2018, 2020, 2021, 2022]	14	11
45dkTj5sMRSjrmBSBeiHym	Tate McRae	['alt z', 'pop']	[2020, 2021, 2022]	14	4
55fhWPvDiMpLnE4ZzNXZyW	Noah Cyrus	['alt z', 'pop']	[2017, 2018, 2019, 2020, 2021, 2022]	14	10
05XcYmdt6oIP0URKWYnyWk	Halva Priset	['norwegian pop']	[2020, 2021, 2022]	14	4
3a0gvZAydt98HKVbGb0V67	Sondre Justad	['nordnorsk musikk', 'norwegian pop', 'norwegian singer-songwriter', 'talentkonkurranse']	[2017, 2018, 2019, 2020, 2021, 2022]	14	1
0c173mlxpT3dSFRgMO8XPh	Big Sean	['detroit hip hop', 'hip hop', 'pop rap', 'r&b', 'rap', 'southern hip hop', 'trap']	[2017, 2018, 2019, 2020, 2021]	14	11
54KCNI7URCrG6yjQK3Ukow	Susanne Sundfør	['art pop', 'metropopolis', 'norwegian pop', 'norwegian singer-songwriter']	[2017, 2020]	14	3
6c4sUNBgdonFJz8Kx2VsGz	Madcon	['norwegian hip hop']	[2017, 2018, 2019, 2021]	14	9
2HAShHcL0dMLf1iNzmxTi3	Freddy Kalas	['norwegian pop']	[2017, 2018, 2019, 2020, 2021, 2022]	13	0
5nkYRuiIHg2xXHFC8bfosJ	ItaloBrothers	['hands up', 'italo dance']	[2017, 2018, 2019, 2020, 2021]	13	3
2NjfBq1NflQcKSeiDooVjY	Tones And I	['australian pop']	[2019, 2020, 2021, 2022]	13	1
3l4RyQwQ0kHZ9Q9cQbRNMr	Arif	['nordnorsk rap', 'norwegian hip hop', 'norwegian pop', 'norwegian pop rap', 'norwegian trap']	[2017, 2018, 2019, 2020, 2021, 2022]	13	13
5nIPWm5XA6Cy6zVYkjpCe2	Kuselofte	['russelater']	[2018, 2019, 2020, 2021, 2022]	13	6
2ZRQcIgzPCVaT9XKhXZIzh	Gryffin	['edm', 'pop dance']	[2017, 2018, 2019, 2020, 2021]	13	13
2tmt0z174LRgAeAi9MHA9C	Ingebjørg Bratland	['norske viser', 'norwegian pop']	[2017, 2018, 2019, 2020, 2021]	13	6
74KM79TiuVKeVCqs8QtB0B	Sabrina Carpenter	['pop']	[2017, 2018, 2019, 2020, 2021]	13	7
2kRfqPViCqYdSGhYSM9R0Q	Madison Beer	['pop']	[2018, 2019, 2020, 2021]	13	7
2qxJFvFYMEDqd7ui6kSAcq	Zedd	['complextro', 'edm', 'german techno', 'pop', 'pop dance']	[2017, 2018, 2019, 2020]	13	13
3tLYpanVDomWAZqF82NPds	Vigiland	['deep pop edm', 'electronic trap']	[2017, 2018, 2019, 2020]	13	8
6EokhXVfuwkt5542gzakJ9	Plumbo	['norwegian country', 'norwegian folk rock']	[2017, 2018, 2019, 2020, 2021, 2022]	13	5
0TW5M8RYADmgeCP1q523hf	Kjartan Lauritzen	['norwegian hip hop', 'norwegian pop', 'norwegian pop rap']	[2017, 2018, 2019, 2020, 2021, 2022]	13	3
5pUo3fmmHT8bhCyHE52hA6	Liam Payne	['pop']	[2017, 2018, 2019, 2020]	13	12
0hEurMDQu99nJRq8pTxO14	John Mayer	['neo mellow', 'singer-songwriter']	[2017, 2018, 2019, 2020, 2021]	13	2
3YQKmKGau1PzlVlkL1iodx	Twenty One Pilots	['modern rock', 'pop', 'pov: indie', 'rock']	[2017, 2018, 2020, 2021]	13	0
1Qp56T7n950O3EGMsSl81D	Ghost	['hard rock', 'metal']	[2018, 2021, 2022]	13	0
7iZtZyCzp3LItcw1wtPI3D	Rae Sremmurd	['melodic rap', 'mississippi hip hop', 'rap', 'trap']	[2017, 2018]	13	10
6UE7nl9mha6s8z0wFQFIZ2	Robyn	['dance pop', 'electropop', 'neo-synthpop', 'scandipop', 'swedish electropop', 'swedish pop']	[2017, 2018, 2021, 2022]	13	3
6PvvGcCY2XtUcSRld1Wilr	Silk Sonic	['neo soul']	[2021, 2022]	13	13
5CGn9wJhdFhjB3DoU7LHX0	Sebastian Zalo	['norwegian pop', 'norwegian pop rap']	[2020, 2021, 2022]	12	3
5JYo7gm2dkyLLlWHjxS7Dy	Sandro Cavazza	['swedish pop']	[2017, 2018, 2019, 2020, 2021]	12	12
1kiq2kUV0cbLUhJsr7cpW0	Alida	['norwegian pop']	[2017, 2018, 2019, 2020, 2021]	12	10
0cGUm45nv7Z6M6qdXYQGTX	Kehlani	['pop', 'r&b']	[2017, 2018, 2019, 2020]	12	12
64zdCzD7lOFBTIpQBSH8Uv	Odd Nordstoga	['norske viser', 'norwegian folk rock', 'norwegian rock']	[2017, 2018, 2019, 2020, 2021]	12	6
5CiGnKThu5ctn9pBxv7DGa	benny blanco	['pop']	[2018, 2019, 2020, 2021, 2022]	12	12
31TPClRtHm23RisEBtV3X7	Justin Timberlake	['dance pop', 'pop']	[2017, 2018, 2020, 2021]	12	5
4gDfRB8znZzXih7iQ3pGeW	Hagle	['norwegian pop rap']	[2020, 2021, 2022]	12	5
699OTQXzgjhIYAHMy9RyPD	Playboi Carti	['atl hip hop', 'plugg', 'pluggnb', 'rage rap', 'rap']	[2017, 2019, 2020, 2021]	12	7
75ZTlOo6olxm9thcXVh6Ta	Kristian Kristensen	['norske viser', 'norwegian pop', 'talentkonkurranse']	[2017, 2018, 2019, 2020, 2021, 2022]	12	1
2LIk90788K0zvyj2JJVwkJ	Jack Harlow	['deep underground hip hop', 'kentucky hip hop', 'pop rap', 'rap']	[2020, 2021, 2022]	12	7
4GNC7GD6oZMSxPGyXy4MNB	Lewis Capaldi	['pop', 'uk pop']	[2018, 2019, 2020, 2021, 2022]	12	0
7f5Zgnp2spUuuzKplmRkt7	Lost Frequencies	['belgian edm', 'edm', 'pop dance', 'tropical house']	[2017, 2018, 2019, 2020, 2021, 2022]	12	11
1pPmIToKXyGdsCF6LmqLmI	Rich The Kid	['atl hip hop', 'melodic rap', 'plugg', 'rap', 'trap']	[2018, 2019, 2020, 2021]	12	8
4AVFqumd2ogHFlRbKIjp1t	Alesso	['dance pop', 'edm', 'electro house', 'pop', 'pop dance', 'progressive electro house']	[2017, 2018, 2019, 2020, 2021, 2022]	12	9
6LqNN22kT3074XbTVUrhzX	Kesha	['dance pop', 'pop']	[2017, 2018, 2020, 2021, 2022]	12	5
4NwacAakrdNGNinNP54KTQ	SKAAR	['norwegian indie', 'norwegian pop', 'scandipop']	[2018, 2019, 2020, 2021]	12	3
0B3N0ZINFWvizfa8bKiz4v	James TW	['british singer-songwriter']	[2017, 2018, 2019, 2020, 2021]	12	0
2zHHEU3t9cutZFyG0fHdOR	Sonny Alven	['norwegian house', 'norwegian pop']	[2017, 2018, 2019, 2020, 2021]	12	10
2h93pZq0e7k5yf4dywlkpM	Frank Ocean	['lgbtq+ hip hop', 'neo soul']	[2017, 2018, 2019, 2020, 2022]	12	3
0L5fC7Ogm2YwgqVCRcF1bT	Volbeat	['danish metal', 'danish rock']	[2017, 2018, 2019, 2020, 2021]	12	4
5vBSrE1xujD2FXYRarbAXc	Years & Years	['gauze pop', 'pop', 'uk pop']	[2018, 2020, 2021, 2022]	12	3
2XnBwblw31dfGnspMIwgWz	Axwell /\ Ingrosso	['edm', 'pop dance', 'progressive electro house']	[2017, 2018]	12	5
4cSYNpczcvTUpnPMFDLsIc	Raaban	['deep pop edm', 'nordic house']	[2017, 2018, 2019]	12	12
7gyEHWG7bLlW2ZCPeIr1fE	Gardemusikken	[]	[2017, 2018, 2019, 2020, 2021]	11	10
3uVksNHrN6QwS2m0wzqkWY	Hanne Krogh	['barnemusikk', 'classic norwegian pop']	[2017, 2018, 2019, 2020, 2021]	11	5
6VSMAVF00xwG8Adoqnbqy6	Rat City	['scandipop']	[2017, 2019, 2020, 2021]	11	10
5zctI4wO9XSKS8XwcnqEHk	Lil Mosey	['melodic rap', 'rap conscient']	[2018, 2019, 2020, 2021]	11	4
4F7wGFfIXuQUBFoxiZ9WFp	Matilda	['norwegian pop']	[2017, 2018, 2019, 2020, 2021, 2022]	11	4
0chh7dlaUzEreDTulHiOlm	KEiiNO	['norwegian pop', 'sami']	[2019, 2020, 2021, 2022]	11	1
5fyDppLDl1juIu1BcUT5zh	Digital Farm Animals	['uk dance']	[2017, 2018, 2019, 2020, 2021]	11	11
2HPaUgqeutzr3jx5a9WyDV	PARTYNEXTDOOR	['r&b', 'rap', 'toronto rap', 'urban contemporary']	[2017, 2018, 2019, 2020]	11	11
3WGpXCj9YhhfX11TToZcXP	Troye Sivan	['australian pop', 'pop', 'viral pop']	[2017, 2018, 2019, 2020, 2021, 2022]	11	6
711MCceyCBcFnzjGY4Q7Un	AC/DC	['australian rock', 'hard rock', 'rock']	[2018, 2020, 2021]	11	0
3pEGp6I1uBPalwgcku2CS0	Sval	['mgpjr', 'norwegian pop']	[2018, 2019, 2020, 2021]	11	3
59ha4Qt5jtbrFQljKZrx8K	Victoria Nadine	['norwegian pop']	[2019, 2020, 2021, 2022]	11	2
4EPJlUEBy49EX1wuFOvtjK	Becky Hill	['pop dance', 'pop house', 'uk dance', 'uk pop']	[2017, 2018, 2019, 2020, 2021, 2022]	11	10
2SrSdSvpminqmStGELCSNd	Stormzy	['grime', 'uk hip hop']	[2017, 2019, 2020, 2021]	11	9
6ASri4ePR7RlsvIQgWPJpS	iann dior	['melodic rap']	[2020, 2021, 2022]	11	9
6OS2jyNVjuVsvA63jsw3Rf	Sandra Lyng	['norwegian pop']	[2017, 2018, 2019, 2020, 2021]	11	7
4tJ6n38cpgqKuzjSX24BJA	Stavangerkameratene	['rogaland musikk']	[2017, 2018, 2019, 2020, 2021, 2022]	11	0
45eNHdiiabvmbp4erw26rg	ILLENIUM	['edm', 'melodic dubstep', 'pop dance']	[2017, 2019, 2020, 2021]	11	11
3NPpFNZtSTHheNBaWC82rB	X Ambassadors	['modern alternative rock', 'modern rock', 'stomp pop']	[2017, 2018, 2019, 2020, 2021, 2022]	11	7
17lzZA2AlOHwCwFALHttmp	2 Chainz	['atl hip hop', 'hip hop', 'pop rap', 'rap', 'southern hip hop', 'trap']	[2017, 2018, 2020]	11	11
0GJpcPq3tHjeDUB8I05Wxc	KingSkurkOne	['norwegian hip hop', 'norwegian pop rap']	[2017, 2018, 2019, 2020, 2021]	11	8
6icQOAFXDZKsumw3YXyusw	Lil Yachty	['atl hip hop', 'melodic rap', 'rap', 'trap']	[2017, 2018, 2020]	11	11
2P87oRX5tCFl1PYQRbPCPD	Admiral P	['norwegian hip hop', 'norwegian pop']	[2017, 2018, 2020, 2021, 2022]	11	5
5jAMCwdNHWr7JThxtMuEyy	NOTD	['electropop', 'pop dance', 'pop edm']	[2017, 2018, 2019, 2020, 2021]	11	11
0svmVqwlzmbBfwofH6uGbk	Lovespeake	['norwegian pop']	[2017, 2018, 2019, 2020, 2021]	11	11
2FHOS0GkJv3EyT8a9BhP9E	Cir.Cuz	['norwegian pop', 'russelater']	[2017, 2018, 2019, 2020, 2021]	11	2
6IZ4ctovY9dl7bgHClAvKJ	LSD	[]	[2018, 2019]	11	11
2ExGrw6XpbtUAJHTLtUXUD	Stefflon Don	['dancehall', 'dancehall queen', 'uk dancehall', 'uk hip hop']	[2017, 2018, 2019]	11	11
4V8Sr092TqfHkfAA5fXXqG	Luis Fonsi	['latin pop', 'puerto rican pop']	[2017, 2018, 2019, 2021]	11	11
4exLIFE8sISLr28sqG1qNX	Travis Barker	['rap rock']	[2018, 2019, 2021, 2022]	11	11
7jy3rLJdDQY21OgRLCZ9sD	Foo Fighters	['alternative metal', 'alternative rock', 'modern rock', 'permanent wave', 'post-grunge', 'rock']	[2017, 2021]	11	0
7ozwKwvNxzQzlgsD1TNG65	Maria Petra	['talentkonkurranse']	[2021, 2022]	11	1
41MozSoPIsD1dJM0CLPjZF	BLACKPINK	['k-pop', 'k-pop girl group', 'pop']	[2018, 2019, 2020]	10	5
3nFkdlSjzX9mRTtwJOzDYB	JAY-Z	['east coast hip hop', 'gangster rap', 'hip hop', 'pop rap', 'rap']	[2017, 2018, 2019, 2020, 2021]	10	10
0u6GtibW46tFX7koQ6uNJZ	Topic	['german dance', 'pop dance', 'pop edm', 'uk dance']	[2020, 2021, 2022]	10	10
5Wg2b4Mp42gicxEeDNawf7	A7S	['pop dance', 'scandipop', 'uk dance']	[2018, 2019, 2020, 2021, 2022]	10	9
5nPOO9iTcrs9k6yFffPxjH	Röyksopp	['downtempo', 'electronica', 'indietronica', 'neo-synthpop', 'trip hop']	[2017, 2019, 2020, 2022]	10	7
0H39MdGGX6dbnnQPt6NQkZ	SAINt JHN	['melodic rap', 'slap house']	[2019, 2020, 2021, 2022]	10	9
5cXcR0GGNQaGae9lyQOh3W	Jahn Teigen	['classic norwegian pop']	[2019, 2020, 2021]	10	0
6MPCFvOQv5cIGfw3jODMF0	Internet Money	['pop rap']	[2020, 2021, 2022]	10	10
5h9tiTx6BP5l5ZCrI7cUYh	Ulrikke	['norwegian pop']	[2017, 2020, 2021, 2022]	10	5
1Vd2c4IrEtcO5mrIwbep6n	Trygve Skaug	['norske viser']	[2020, 2021]	10	10
1c9LVBvYq58ViD8qdLml7A	Daniel Kvammen	['norwegian indie', 'norwegian pop']	[2017, 2019, 2020, 2021, 2022]	10	5
4Q8IIlsZsXY1BgPzaz4DYq	Skinny Days	['pop edm']	[2017, 2018, 2020, 2021]	10	10
4EzkuveR9pLvDVFNx6foYD	James Bay	['neo mellow', 'pop', 'uk pop']	[2017, 2018, 2019, 2020, 2021]	10	4
3hcs9uc56yIGFCSy9leWe7	Lil Durk	['chicago drill', 'chicago rap', 'drill', 'hip hop', 'rap', 'trap']	[2020, 2021]	10	10
29JlvmcJaB2Iv1dQZ8Jd8F	TRXD	['norwegian pop']	[2017, 2019, 2020, 2021]	10	6
0DdDnziut7wOo6cAYWVZC5	KREAM	['pop dance']	[2017, 2018, 2019, 2020]	10	10
26dSoYclwsYLMAKD3tpOr4	Britney Spears	['dance pop', 'pop']	[2017, 2018, 2019, 2020, 2021]	10	1
6cK3NBO6uP7hh0oyuVELFl	Saweetie	['cali rap', 'trap queen']	[2020, 2021, 2022]	10	9
1dfeR4HaWDbWqFHLkxsg1d	Queen	['classic rock', 'glam rock', 'rock']	[2017, 2018, 2019, 2020, 2021, 2022]	10	1
3eqjTLE0HfPfh78zjh6TqT	Bruce Springsteen	['heartland rock', 'mellow gold', 'permanent wave', 'rock', 'singer-songwriter']	[2017, 2018, 2019, 2020, 2021]	10	1
0kKygNaCQjqVLrImIftRDJ	Einár	['swedish gangsta rap', 'swedish hip hop', 'swedish trap', 'swedish trap pop']	[2020, 2021, 2022]	10	6
4D75GcNG95ebPtNvoNVXhz	AFROJACK	['big room', 'dance pop', 'dutch house', 'edm', 'electro house', 'pop dance', 'progressive electro house']	[2017, 2018, 2019, 2020, 2021, 2022]	10	10
6fOMl44jA4Sp5b9PpYCkzz	NF	['hip hop', 'pop rap']	[2017, 2018, 2019, 2021]	10	1
1X6dfPmF8f5C5EW3WIGfvm	SJUR	['scandipop']	[2017, 2018, 2019, 2021]	10	9
4VMYDCV2IEDYJArk749S6m	Daddy Yankee	['latin hip hop', 'reggaeton', 'trap latino', 'urbano latino']	[2017, 2018, 2019]	10	9
7eCmccnRwPmRnWPw61x6jM	shy martin	['alt z', 'swedish electropop']	[2017, 2018, 2019, 2021]	10	5
2vPuwRAvVfadq3wlTgLOvt	Temur	['norwegian pop rap']	[2017, 2018, 2019, 2021]	10	8
4krYRNHjKcETSEY2Ghf9Mo	Bendik	['norwegian indie', 'norwegian pop']	[2018, 2019, 2021, 2022]	10	1
2xDZ8qyyE2Ti4wL1Ob1T7V	Hanne Mjøen	['melodipop']	[2017, 2018, 2019, 2021]	10	3
163tK9Wjr9P9DmM0AVK7lm	Lorde	['art pop', 'metropopolis', 'nz pop', 'pop']	[2017, 2021]	10	2
6JL8zeS1NmiOftqZTRgdTz	Meghan Trainor	['hip pop', 'pop']	[2017, 2018, 2019, 2020, 2021, 2022]	9	4
28y6CyJNkGNjJQKrlx4AmN	HRVY	['pop']	[2018, 2019, 2020]	9	8
5he5w2lnU9x7JFhnwcekXX	Skrillex	['brostep', 'complextro', 'edm', 'electro', 'pop dance']	[2017, 2018, 2019, 2020, 2021]	9	9
1yxSLGMDHlW21z4YXirZDS	Black Eyed Peas	['dance pop', 'pop', 'pop rap']	[2017, 2018, 2019, 2020, 2021, 2022]	9	7
7gOdHgIoIKoe4i9Tta6qdD	Jonas Brothers	['boy band', 'pop']	[2019, 2020, 2021]	9	3
56oDRnqbIiwx4mymNEv7dS	Lizzo	['escape room', 'minnesota hip hop', 'pop', 'trap queen']	[2019, 2020, 2021]	9	3
5IH6FPUwQTxPSXurCrcIov	Alec Benjamin	['alt z', 'pop', 'pov: indie']	[2018, 2019, 2020, 2021]	9	2
30wwNbASvE9GkBDsNVCsnn	Christel Alsos	['norwegian pop', 'norwegian singer-songwriter']	[2017, 2018, 2019, 2020, 2021]	9	5
56zJ6PZ3mNPBiBqglW2KxL	Peder Elias	['norwegian pop']	[2018, 2019, 2020, 2021, 2022]	9	5
1oG6SP2Hw5TfGeRY5923PW	Bølgen	[]	[2020, 2021]	9	1
2rCu8D8ST7i3lUILyB3yQR	Erik Og Kriss	['norwegian hip hop', 'norwegian pop']	[2017, 2018, 2020, 2021, 2022]	9	4
4FLA7MpTdP5nNUQfiaA3WM	ARY	['norwegian indie', 'norwegian pop']	[2017, 2020, 2021, 2022]	9	3
1vOh8jgNLFHFxMY8i0lEKr	Lil Halima	['norwegian pop']	[2018, 2019, 2020]	9	2
6Ad91Jof8Niiw0lGLLi3NW	YUNGBLUD	['british indie rock', 'modern rock', 'pov: indie', 'rock']	[2019, 2020, 2021, 2022]	9	8
11wkY41Tv6H5BbPopqUoCr	Mio	[]	[2017, 2019, 2020, 2021]	9	8
187i912U6kpq0F0Z9uOVXr	Amanda Tenfjord	['norwegian pop', 'trondheim indie']	[2018, 2019, 2020, 2021, 2022]	9	1
3DdqT0OIZY3arBWnZ3NJeb	Postgirobygget	['classic norwegian pop', 'norwegian pop', 'norwegian rock']	[2017, 2018, 2019, 2020, 2021]	9	2
0oIP2M7ZZYZVNouzOsfRKV	EMIR	['norwegian pop rap']	[2017, 2018, 2019, 2020]	9	3
1FVIussEvC43HZnVOY7Zjs	Tone Damli	['norwegian pop']	[2017, 2018, 2019, 2020, 2021]	9	2
7hOGhpa8RMSuDOWntGIAJt	A R I Z O N A	['electropop', 'indie poptimism']	[2017, 2018, 2019, 2020]	9	5
5wwneIFdawNgQ7GvKK29Z3	Lucas & Steve	['dutch house', 'edm', 'electro house', 'pop dance', 'progressive electro house']	[2017, 2018, 2019, 2020, 2021]	9	7
2jnIB6XdLvnJUeNTy5A0J2	Why Don't We	['boy band', 'pop']	[2017, 2018, 2019, 2020, 2022]	9	3
1MkGNTzngx2wG2S41E4LLQ	Turab	['norwegian pop rap']	[2017, 2019, 2020, 2021]	9	4
0A0FS04o6zMoto8OKPsDwY	YG	['cali rap', 'hip hop', 'pop rap', 'rap', 'southern hip hop', 'trap']	[2017, 2018, 2019, 2020]	9	9
4ScCswdRlyA23odg9thgIO	Jess Glynne	['pop', 'uk pop']	[2018, 2019]	9	3
0jnsk9HBra6NMjO2oANoPY	Flo Rida	['dance pop', 'miami hip hop', 'pop', 'pop rap']	[2017, 2018, 2021, 2022]	9	5
2LZDXcxJWgsJfKXZv9a5eG	Cashmere Cat	['downtempo', 'electropop', 'shiver pop']	[2017, 2018, 2019]	9	7
0iC8O5ABswVUFiYwM94bu3	Madrugada	['norwegian americana', 'norwegian rock']	[2021, 2022]	9	0
0lAWpj5szCSwM4rUMHYmrr	Måneskin	['indie rock italiano', 'italian pop', 'pop']	[2021, 2022]	9	0
1uU7g3DNSbsu0QjSEqZtEd	Masked Wolf	['australian hip hop']	[2021]	9	2
1anyVhU62p31KFi8MEzkbf	Chance the Rapper	['chicago rap', 'conscious hip hop', 'hip hop', 'pop rap', 'rap']	[2017, 2018, 2019, 2020, 2021]	8	8
6gpY6HHTGZp0sTLsxsSNqo	Torine	[]	[2020, 2021, 2022]	8	3
3QSQFmccmX81fWCUSPTS7y	Dean Lewis	['australian pop', 'singer-songwriter pop']	[2018, 2019, 2020, 2021, 2022]	8	1
7nqlScm2smydSRl13eaP8E	Nea	['scandipop']	[2019, 2020, 2021]	8	4
1i8SpTcr7yvPOmcqrbnVXY	Ozuna	['puerto rican pop', 'reggaeton', 'trap latino', 'urbano latino']	[2018, 2019, 2020, 2021]	8	8
1bj5GrcLom5gZFF5t949Xl	Martin Solveig	['disco house', 'edm', 'electro house', 'filter house', 'house', 'pop dance', 'vocal house']	[2017, 2019, 2020]	8	8
4q3ewBCX7sLwd24euuV69X	Bad Bunny	['reggaeton', 'trap latino', 'urbano latino']	[2018, 2019, 2020, 2021]	8	7
14CHVeJGrR5xgUGQFV5BVM	Fivio Foreign	['brooklyn drill', 'new york drill', 'trap']	[2020, 2021, 2022]	8	8
4DSDUs4nuqsHmS4LisPi9U	Forsvarets Stabsmusikkorps	[]	[2017, 2018, 2019, 2020, 2021]	8	8
2jaOpr7Go1avixlg1lfJOb	Sissel	['classic norwegian pop', 'operatic pop']	[2017, 2018, 2019, 2020, 2021]	8	3
1Q6fwxJ9j46RqSFY9EXBj9	Kapteinen	['norwegian pop rap', 'rogaland musikk']	[2019, 2020, 2021]	8	3
6RHKEd9dpzQ4c09x8Zdaxu	Clara Mae	['alt z', 'swedish pop']	[2017, 2018, 2020]	8	5
53KwLdlmrlCelAZMaLVZqU	James Blake	['art pop', 'indie soul', 'indietronica', 'neo soul', 'uk alternative pop']	[2017, 2018, 2019, 2020, 2021]	8	4
4iHNK0tOyZPYnBU7nGAgpQ	Mariah Carey	['dance pop', 'pop', 'urban contemporary']	[2017, 2018, 2019, 2020, 2021, 2022]	8	5
0xRXCcSX89eobfrshSVdyu	MEDUZA	['pop dance', 'pop house', 'uk dance']	[2019, 2020, 2021, 2022]	8	8
7LbuenKfQNLPKzvi1rKPBG	Madden	['norwegian pop']	[2017, 2019, 2020]	8	6
5nFFSwxKDNlZyHEYl48YTd	Nick Strand	[]	[2019, 2020, 2021]	8	8
0id62QV2SZZfvBn9xpmuCl	Aloe Blacc	['pop soul', 'r&b']	[2017, 2019, 2020, 2021]	8	7
2cWZOOzeOm4WmBJRnD5R7I	Normani	['pop', 'r&b']	[2018, 2019, 2020, 2021]	8	7
329e4yvIujISKGKz1BZZbO	Farruko	['reggaeton', 'trap latino', 'urbano latino']	[2019, 2020, 2021, 2022]	8	6
1Mxqyy3pSjf8kZZL4QVxS0	Frank Sinatra	['adult standards', 'easy listening', 'lounge']	[2017, 2018, 2019, 2020, 2021]	8	2
60Vo6QqGGmDzr6ZiwqNxxP	HAYES	[]	[2019, 2020, 2021]	8	7
1sBkRIssrMs1AbVkOJbc7a	Rick Ross	['dirty south rap', 'gangster rap', 'hip hop', 'rap', 'southern hip hop', 'trap']	[2019, 2020, 2021]	8	8
1cZQSpDsxgKIX2yW5OR9Ot	Lennon Stella	['alt z', 'canadian pop', 'uk pop']	[2018, 2019, 2020]	8	7
188VINPQh5dyNfLUkevKqf	Olivia Holt	['alt z', 'post-teen pop']	[2017, 2018, 2019, 2020]	8	6
6dKpd69v7biGUV6qlwnHm5	Myra	['norwegian indie', 'norwegian pop', 'norwegian pop rap']	[2017, 2020, 2021, 2022]	8	6
6ly2Z6h9dOerORbK1l2N8D	Coucheron	['nordic house']	[2017, 2018, 2019, 2020, 2021]	8	6
4WN5naL3ofxrVBgFpguzKo	Rudimental	['pop dance', 'uk dance', 'uk funky']	[2017, 2018, 2019, 2020]	8	8
3LhSVeO5t8j6GsAr58oWVH	LOKE	[]	[2017, 2018, 2019, 2020, 2021]	8	4
5yMkHmsdRZA4OVeCylF4xU	Rhys	['swedish pop']	[2017, 2018, 2019, 2020]	8	2
2LGU3PxihjIK5SUeCVcdFl	ISÁK	['sami']	[2018, 2019, 2020, 2021]	8	4
21WS9wngs9AqFckK7yYJPM	PnB Rock	['melodic rap', 'rap', 'trap']	[2017, 2018, 2019]	8	8
4A0TivfinfALCAMJqqjZIk	Funk Wav	[]	[2017, 2018, 2019]	8	8
3GtCKJA4SkOxN65MWjm82R	Hot Shade	[]	[2017, 2018, 2019]	8	8
2QSPrJfYeRXaltEEiriXN9	Tove Styrke	['electropop', 'swedish electropop', 'swedish pop', 'swedish synthpop']	[2017, 2018, 2021]	8	5
2FXC3k01G6Gw61bmprjgqS	Hozier	['irish singer-songwriter', 'modern rock', 'pop', 'pov: indie']	[2017, 2018, 2019, 2021, 2022]	8	3
2QlwnS23KrBeshXFyK5U6M	LVNDSCAPE	['deep tropical house', 'pop dance', 'pop edm']	[2017, 2018, 2019]	8	8
6mU8ucezzms5I2kNH6HNlu	Conor Maynard	['post-teen pop', 'uk pop', 'viral pop']	[2017, 2018, 2019, 2021]	8	6
0QZTQYBwBC1A951YedFq2c	Snow Boyz	['norwegian hip hop', 'norwegian pop rap', 'norwegian trap']	[2017, 2018, 2019, 2021]	8	6
3tVQdUvClmAT7URs9V3rsp	Wizkid	['afrobeats', 'afropop', 'azonto', 'azontobeats', 'nigerian hip hop', 'nigerian pop']	[2017, 2018, 2019, 2021]	8	8
73jBynjsVtofjRpdpRAJGk	Dimitri Vegas & Like Mike	['belgian dance', 'belgian edm', 'big room', 'dutch house', 'edm', 'electro house', 'pop dance', 'progressive electro house']	[2017, 2018, 2019, 2021, 2022]	8	8
6XyY86QOPPrYVGvF9ch6wz	Linkin Park	['alternative metal', 'nu metal', 'post-grunge', 'rap metal', 'rock']	[2017]	8	3
34v5MVKeQnIo0CWYMbbrPf	John Newman	['dance pop']	[2017, 2019, 2021, 2022]	8	6
0awl5piYwO0CDTHEkCjUhn	Nico & Vinz	[]	[2017, 2019, 2021]	8	2
5sSnMyOXFRHWNFcC2LgdT2	Vassendgutane	['norwegian country']	[2017, 2018, 2019, 2020, 2021]	7	0
4utLUGcTvOJFr6aqIJtYWV	Skylar Grey	['piano rock', 'viral pop']	[2017, 2018, 2020, 2021]	7	7
58u4YsJTsPL0qWmYsnRoLM	Natnael	['norwegian pop rap']	[2019, 2020, 2021, 2022]	7	3
2PkSHEopOB4qUF3gQqcJvQ	ERIK	[]	[2019, 2020, 2021]	7	4
1cNDP5yjU5vjeR8qMf4grg	YNW Melly	['melodic rap', 'rap']	[2019, 2020]	7	5
25tMQOrIU4LlUo6Sv8v5SE	Gavin James	['irish pop']	[2017, 2018, 2020]	7	4
20sxb77xiYeusSH8cVdatc	Meek Mill	['hip hop', 'philly rap', 'pop rap', 'rap', 'southern hip hop', 'trap']	[2018, 2019, 2020, 2021]	7	7
2M6dCv6FDYMum9nPnNB5Vy	FELIX SANDMAN	['swedish idol pop', 'swedish pop']	[2018, 2019, 2020, 2021]	7	4
2O7tfbCNrhxx94RG2An1q9	Herman Flesvig	['norwegian pop']	[2019, 2020, 2021, 2022]	7	1
5OkJ74jazRprW3kCTjfgOL	Yomi	['norwegian pop rap']	[2018, 2019, 2020]	7	2
7rkW85dBwwrJtlHRDkJDAC	NAV	['canadian hip hop', 'canadian trap', 'melodic rap', 'rap', 'toronto rap', 'trap']	[2017, 2019, 2020, 2021]	7	7
3MZsBdqDrRTJihTHQrO6Dq	Joji	['viral pop']	[2018, 2019, 2020]	7	2
3xYnbdPOwx0r5ett9Hhoq9	THE STAFF BAND OF THE NORWEGIAN ARMED FORCES	[]	[2017, 2018, 2019, 2020, 2021]	7	7
6ydoSd3N2mwgwBHtF6K7eX	Calum Scott	['pop']	[2017, 2018, 2019, 2020, 2021, 2022]	7	3
5RJFJWYgtgWktosLrUDzff	Griff	['uk pop']	[2020, 2021, 2022]	7	3
6P5E47LG2XlrXhGu5Ia17x	S1sco	['norwegian trap']	[2020, 2021]	7	4
6RJXSfbIkEMoCJ8GAg2dVO	Victor Leksell	['swedish idol pop', 'swedish pop']	[2020, 2021, 2022]	7	1
1l2ekx5skC4gJH8djERwh1	Don Diablo	['dutch house', 'edm', 'electro house', 'future house', 'pop dance', 'progressive electro house', 'progressive house']	[2017, 2019, 2020, 2021]	7	7
60kd97YittR2LFu7YLW1Ap	Stina Talling	['norwegian pop']	[2018, 2019, 2020, 2021, 2022]	7	2
7b79bQFziJFedJb75k6hFt	Tion Wayne	['london rap', 'uk hip hop']	[2020, 2021, 2022]	7	7
6DgP9otnZw5z6daOntINxp	Joel Corry	['dance pop', 'pop dance', 'uk dance']	[2020, 2021, 2022]	7	7
0VE0GTaTSeeGSzrQpLmeb9	Kvelertak	"[""black 'n' roll"", 'black thrash', 'norwegian metal', 'norwegian rock', 'rogaland musikk']"	[2019, 2020]	7	2
3wcj11K77LjEY1PkEazffa	Burna Boy	['afrobeats', 'dancehall', 'nigerian hip hop', 'nigerian pop']	[2019, 2020, 2021]	7	7
73sIBHcqh3Z3NyqHKZ7FOL	Childish Gambino	['atl hip hop', 'hip hop', 'rap']	[2017, 2018, 2019, 2020]	7	3
7H788ePZvqYPv7MxfLt3rj	B-Boy Myhre	['norwegian pop rap']	[2019, 2020, 2021]	7	3
3KRCoMtReqUVKI38p5aWHw	Mugisho	['scandinavian r&b']	[2017, 2018, 2019, 2020]	7	3
7wbkl3zgDZEoZer357mVIw	boy pablo	['bedroom pop', 'bergen indie', 'norwegian indie', 'pov: indie']	[2018, 2019, 2020, 2021]	7	1
0NRMzT05nsc8mTm4iUvuHY	Molly Sandén	['swedish idol pop', 'swedish pop']	[2019, 2020, 2021, 2022]	7	4
7AzjETXRUKNRSJHMW9GIqd	Nina Nesbitt	['alt z', 'neo-singer-songwriter', 'uk pop']	[2018, 2019, 2020, 2021]	7	3
4rTv3Ejc7hKMtmoBOK1B4T	Ali Gatie	['canadian hip hop']	[2019, 2020, 2021]	7	3
4QawfzCb5NbFRNn4BySXb1	Oral Bee	['norwegian hip hop']	[2017, 2018, 2020]	7	7
3Fl1V19tmjt57oBdxXKAjJ	Blueface	['cali rap', 'rap']	[2019, 2020]	7	6
5pXe6yFchq1oyYK3rq2A8i	KIDDO	['scandipop']	[2018, 2019, 2020, 2021, 2022]	7	7
2hPgGN4uhvXAxiXQBIXOmE	KIDS SEE GHOSTS	['rap']	[2018]	7	4
2OIWxN9xUhgUHkeUCWCaNs	Veronica Maggio	['swedish pop']	[2017, 2018, 2019, 2021, 2022]	7	0
7EEiVZvj6RCEtVX2F2pyxu	Slim Jxmmi	['trap']	[2018]	7	7
5gCRApTajqwbnHHPbr2Fpi	Juicy J	['crunk', 'memphis hip hop', 'pop rap', 'rap', 'southern hip hop', 'trap']	[2018, 2019, 2022]	7	7
4ryoUS0W8qXokfMxrlJt6O	Skip Marley	['modern reggae']	[2017, 2018, 2019]	7	7
1HFOFTPBhTc2hxFWJw1yzw	ZadeKing	[]	[2017, 2018, 2019]	7	6
7qG3b048QCHVRO5Pv1T5lw	Enrique Iglesias	['dance pop', 'latin pop', 'mexican pop']	[2017, 2018]	7	7
7KUri7klyLaIFXLcuuOMCd	Stargate	['norwegian pop']	[2017, 2018]	7	7
0NIIxcxNHmOoyBx03SfTCD	Tinashe	['alternative r&b', 'dance pop', 'metropopolis', 'pop', 'r&b', 'urban contemporary']	[2017, 2018]	7	7
4u5smJBskI6Adzv08PuiUP	Kiiara	['alt z', 'electropop']	[2017, 2018, 2021]	7	7
5ChF3i92IPZHduM7jN3dpg	Nicky Romero	['big room', 'dutch edm', 'dutch house', 'edm', 'electro house', 'pop dance', 'progressive electro house']	[2017, 2018, 2019, 2021]	7	7
1moxjboGR7GNWYIMWsRjgG	Florence + The Machine	['baroque pop', 'modern rock', 'neo mellow', 'uk alternative pop']	[2018, 2019, 2022]	7	0
7hJcb9fa4alzcOq3EaNPoG	Snoop Dogg	['g funk', 'gangster rap', 'hip hop', 'pop rap', 'rap', 'west coast rap']	[2017, 2018, 2019, 2021, 2022]	7	7
7z2avKuuiMAT4XZJFv8Rvh	Tom Walker	['indie anthem-folk', 'uk pop']	[2018, 2019, 2021]	7	3
3aD9K1zaLQ3G7yp9XV5E4D	Isac Elliot	['finnish pop']	[2017, 2018]	7	3
3hv9jJF3adDNsBSIQDqcjp	Mark Ronson	['pop soul']	[2018, 2019]	7	7
7lu3ibFfJWrm1X1eLLRz2P	Fay Wildhagen	['norwegian indie', 'norwegian pop']	[2018, 2019, 2021]	7	2
1LOB7jTeEV14pHai6EXSzF	Cash Cash	['dance pop', 'edm', 'electro house', 'electropowerpop', 'pop dance']	[2017, 2018, 2019, 2021]	7	7
3AQRLZ9PuTAozP28Skbq8V	The Script	['celtic rock', 'pop']	[2017, 2018, 2019]	7	1
4lDBihdpMlOalxy1jkUbPl	Grey	[]	[2017, 2018, 2019]	7	7
3tQx1LPXbsYjE9VwN1Peaa	Marc E. Bassy	['indie pop rap']	[2017, 2018, 2021]	7	7
5r6ViSL3nacDRVBtnXlixL	Ramón	['norwegian pop']	[2017, 2021, 2022]	7	2
0LyfQWJT6nXafLPZqxe9Of	Various Artists	[]	[2017]	7	0
2fVW2ix4ANKiofDZIsy1XR	Vargas & Lagola	['swedish pop']	[2017, 2019]	7	7
3GxKJzJK4LpsYGXQrw77wz	Mimi Webb	['alt z', 'gen z singer-songwriter', 'uk pop']	[2021, 2022]	7	0
7GgWpPrcNYH90st7I3nJtv	Ballinciaga	[]	[2021, 2022]	7	5
2PFYSInm0FBZJ2NQudUNHQ	Agnete Saba	['norwegian pop', 'sami']	[2021]	7	6
2yEwvVSSSUkcLeSTNyHKh8	TOOL	['alternative metal', 'art rock', 'nu metal', 'progressive metal', 'progressive rock', 'rock']	[2019]	7	0
7uaIm6Pw7xplS8Dy06V6pT	Trevor Daniel	['melodic rap']	[2019, 2020, 2021]	6	3
1r4hJ1h58CWwUQe3MxPuau	Maluma	['latin pop', 'reggaeton', 'reggaeton colombiano', 'urbano latino']	[2017, 2018, 2019, 2020]	6	6
7bp2lSdh12wcA8LyB1srfJ	Sofia Carson	['pop']	[2017, 2018, 2019, 2020]	6	6
6Ila4JCGkODSdI18ebTgCz	Atle Pettersen	['norwegian pop']	[2017, 2020, 2021]	6	2
790FomKkXshlbRYZFtlgla	KAROL G	['reggaeton', 'reggaeton colombiano', 'trap latino', 'urbano latino']	[2018, 2019, 2020, 2021]	6	6
09agIJMxCD2k87ys9Al0f0	VIZE	['german dance', 'slap house']	[2019, 2020, 2021]	6	6
71o1oWpLHVDNbfw7TwXKDg	jens	['scandipop']	[2018, 2019, 2020]	6	0
1LyYIhqdjG9R9VdIRSftBb	UNDERGRUNN	['norwegian pop rap', 'norwegian trap']	[2020, 2021, 2022]	6	2
3v6Ji4uoWtKRkhuDUaxi9n	Dynoro	['edm']	[2018, 2019, 2020, 2021]	6	6
1eMmoIprPDWeFdB1FxU6ZV	Au/Ra	['alt z', 'deep pop edm']	[2018, 2019, 2020, 2021, 2022]	6	6
6064pL9Hu3Wx2bwJMeOx6o	Tomine Harket	[]	[2017, 2018, 2019, 2020]	6	3
7kHhGP2Cm5z0YZsxuuoPo1	Schola Cantorum	['choral', 'icelandic choir', 'norwegian choir']	[2017, 2018, 2019, 2020, 2021]	6	6
5wgwZ42k45KFtRKHUgQhmI	Ingar Bergby	[]	[2017, 2018, 2019, 2020, 2021]	6	6
059bRJ2h0NY1NDMaT21fSU	Tone Bianca Sparre Dahl	[]	[2017, 2018, 2019, 2020, 2021]	6	6
6ZjFtWeHP9XN7FeKSUe80S	Bing Crosby	['adult standards', 'easy listening', 'lounge']	[2017, 2018, 2019, 2020, 2021]	6	1
6op6pbdwltqYGxSV8rl5q2	Britz	['norwegian trap']	[2019, 2020]	6	3
7wlFDEWiM5OoIAt8RSli8b	YoungBoy Never Broke Again	['baton rouge rap', 'rap']	[2019, 2020, 2021]	6	6
4S9EykWXhStSc15wEx8QFK	Céline Dion	['canadian pop']	[2017, 2018, 2019, 2020, 2021]	6	0
6Dd3NScHWwnW6obMFbl1BH	Daya	['pop']	[2017, 2019, 2020]	6	3
5SHxzwjek1Pipl1Yk11UHv	Tom Grennan	['uk pop']	[2020, 2021]	6	2
6eVWXmKBW7Iltub01D9R1c	Valerie Broussard	['bossbeat', 'modern alternative pop']	[2019, 2020, 2021]	6	6
4VIvfOurcf0vuLRxLkGnIG	Bradley Cooper	['hollywood']	[2018, 2019, 2020, 2021, 2022]	6	5
3mIj9lX2MWuHmhNCA7LSCW	The 1975	['modern alternative rock', 'modern rock', 'pop', 'pov: indie', 'rock']	[2018, 2020, 2021]	6	1
1QDrz3DMMaz3TB1cm0PGDu	Justin Jesso	['singer-songwriter pop']	[2017, 2018, 2019, 2020]	6	5
7uMh23xWiuR7zsNkuNcm2G	MNEK	['house', 'pop dance', 'uk contemporary r&b', 'uk dance', 'uk pop']	[2017, 2018, 2019, 2020, 2021, 2022]	6	6
2nm38smINjms1LtczR0Cei	Goodboys	['pop dance', 'uk dance']	[2019, 2020]	6	6
43ZHCT0cAZBISjO8DG9PnE	Elvis Presley	['rock-and-roll', 'rockabilly']	[2017, 2018, 2019, 2020, 2021]	6	3
6ZLTlhejhndI4Rh53vYhrY	Ozzy Osbourne	['album rock', 'alternative metal', 'birmingham metal', 'classic rock', 'glam metal', 'hard rock', 'metal', 'nu metal', 'rock']	[2019, 2020]	6	5
7Io0XduXk7aOHFHA7sLru2	Bonn	['swedish pop']	[2018, 2019, 2020]	6	6
3iN9k8uvm4WrgdlOigOH8D	Hook N Sling	['australian dance', 'progressive electro house']	[2017, 2020, 2021]	6	6
4Eqk6wvSaia7pwOzPaqEQv	Dumdum Boys	['norwegian pop', 'norwegian rock']	[2017, 2018, 2019, 2020, 2021]	6	0
2iE18Oxc8YSumAU232n4rW	The Jackson 5	['motown', 'soul']	[2017, 2018, 2019, 2020, 2021]	6	0
6C1ohJrd5VydigQtaGy5Wa	Joyner Lucas	['boston hip hop', 'hip hop', 'pop rap', 'rap']	[2018, 2019, 2020, 2021]	6	5
4CSD8L9KIPNIYFaUQPgENh	Klovner I Kamp	['norwegian hip hop', 'norwegian rock']	[2017, 2019, 2020, 2021]	6	2
4FcZfItjVIsfO9TynErl7X	Jubël	['swedish pop']	[2018, 2019, 2020, 2021]	6	3
0l8OJzLFIV1OqbU4OhcZLu	Moberg	['russelater']	[2017, 2018, 2019, 2020]	6	6
5bgVMXG2OsJuKvkD9VMpZ6	Musti	['norwegian indie', 'norwegian pop', 'norwegian pop rap']	[2019, 2020, 2021, 2022]	6	3
49tQo2QULno7gxHutgccqF	LANY	['la pop']	[2018, 2019, 2020, 2021]	6	4
7ltDVBr6mKbRvohxheJ9h1	ROSALÍA	['pop', 'r&b en espanol']	[2019, 2020, 2021]	6	5
2JyWXPbkqI5ZJa3gwqVa0c	Craig David	['british soul']	[2017, 2018, 2020]	6	4
6JQh39rF2lAj25dMHEXpoC	T Section	['norwegian trap']	[2020, 2021]	6	2
1VBflYyxBhnDc9uVib98rw	Icona Pop	['candy pop', 'dance pop', 'electropop', 'metropopolis', 'swedish electropop', 'swedish synthpop']	[2017, 2018, 2019, 2020]	6	4
6igLFRJLPsYcxcaV9PHRHO	Øystein Hegvik	['talentkonkurranse']	[2018, 2019, 2020]	6	0
12Chz98pHFMPJEknJQMWvI	Muse	['modern rock', 'permanent wave', 'rock']	[2017, 2018, 2022]	6	0
6t1gpxYbY8OlLA7D2RiikQ	Loud Luxury	['edm', 'pop dance']	[2017, 2018, 2019]	6	6
3xQ7Td9gKHIT3J7w7e2CeW	Larsiveli	['norwegian hip hop', 'norwegian pop rap']	[2018, 2019, 2021]	6	4
7KMqksf0UMdyA0UCf4R3ux	James Blunt	['neo mellow', 'pop rock']	[2017, 2018, 2019]	6	3
7gWjOPetXNCBqlVe6axl8K	Lily James	['hollywood', 'movie tunes']	[2018]	6	5
2ZuweXv0TkfsidZOLZZoM2	HEDEGAARD	['danish electronic', 'scandipop']	[2017, 2018]	6	4
6KZDXtSj0SzGOV705nNeh3	Kid Ink	['pop rap', 'rap', 'southern hip hop', 'trap']	[2017, 2018, 2021]	6	5
66TrUkUZ3RM29dqeDQRgyA	Ella Eyre	['dance pop', 'talent show', 'uk dance', 'uk pop']	[2017, 2018, 2019]	6	5
6sCbFbEjbYepqswM1vWjjs	Zendaya	['pop', 'post-teen pop']	[2018, 2019, 2022]	6	6
2KsP6tYLJlTBvSUxnwlVWa	Mike Posner	['dance pop', 'pop', 'pop rap']	[2017, 2018, 2019, 2021]	6	3
2ZQifdPOptKHxTaYTLh0BC	Kim Larsen	['danish pop rock']	[2018]	6	0
4X0v8sFoDZ6rIfkeOeVm2i	Seinabo Sey	['swedish electropop', 'swedish soul']	[2018]	6	2
0xZvYTiM5QT94j1abOm0nC	Davai	['norwegian pop']	[2017, 2018, 2019, 2021]	6	4
3b8QkneNDz4JHKKKlLgYZg	Florida Georgia Line	['contemporary country', 'country', 'country pop', 'country road', 'modern country rock']	[2017, 2018, 2019]	6	6
78nztsi4HAAFFJsaicsiZ5	MARS	['norwegian pop rap']	[2018, 2019]	6	6
5H6xmHXjsq98NLbEjuE29f	NEIKED	['scandipop']	[2017, 2018, 2021, 2022]	6	6
1LAHwG1lENAABT6oT8yYXh	Eddy & Zino	['norwegian pop rap']	[2018, 2019]	6	4
7bNqXqIrIfwJnipx7oGeU4	Sevenn	['brazilian edm']	[2017, 2018]	6	6
360IAlyVv4PCEVjgyMZrxK	Miguel	['r&b']	[2017, 2018, 2019, 2022]	6	5
7hJnLLfzUy0oDOtNZF8wUm	Bernhoft	['norwegian indie', 'norwegian jazz', 'norwegian pop']	[2017, 2021, 2022]	6	3
2qS6cYzM5ajhprcxQa1Ilc	Adelén	['norwegian pop', 'scandipop']	[2017, 2019, 2021]	6	2
7bD3cjwHYADj9rsonLyx7U	Omar Sheriff	[]	[2022]	6	6
7fKekOAFKfXmr0w427ZMku	Arne Hurlen	[]	[2021]	6	6
3DiDSECUqqY1AuBP8qtaIa	Alicia Keys	['neo soul', 'pop', 'r&b']	[2017, 2018, 2020, 2021, 2022]	5	4
0z4gvV4rjIZ9wHck67ucSV	Akon	['dance pop']	[2017, 2020, 2021]	5	5
0ErzCpIMyLcjPiwT4elrtZ	NLE Choppa	['memphis hip hop', 'rap']	[2019, 2020]	5	4
3KV3p5EY4AvKxOlhGHORLg	Jeremih	['chicago rap', 'pop rap', 'r&b', 'southern hip hop', 'trap', 'urban contemporary']	[2017, 2020]	5	5
6Gk5hoM7eW8NSCYhICMDHw	Zak Abel	['uk contemporary r&b']	[2017, 2020]	5	4
5uEeqYFuIChoWKy34jp8xE	Brando	['dance pop', 'pop dance']	[2017, 2018, 2019, 2020]	5	5
2auikkNYqigWStoHWK1Grq	John Martin	['pop edm']	[2020, 2021, 2022]	5	5
4fxd5Ee7UefO4CUXgwJ7IP	Giveon	['r&b']	[2020, 2021, 2022]	5	3
3SYnDj7btg9gFY7ps8m5d5	RANI	['dutch pop']	[2018, 2019, 2020]	5	5
4xnihxcoXWK3UqryOSnbw5	Sasha Alex Sloan	['alt z']	[2017, 2018, 2020, 2021]	5	5
3PlRvQnVE3XAbtHUNc4nic	GATTÜSO	['pop edm']	[2020]	5	5
1Bl6wpkWCQ4KVgnASpvzzA	BROCKHAMPTON	['boy band', 'rap']	[2019, 2020, 2021]	5	2
4e2YUhdd1EKare0kqDSP8j	Oslo Gospel Choir	['gospel singers', 'norsk lovsang']	[2017, 2018, 2019, 2020, 2021]	5	4
3yG1tOFLnoW8UVmkXOD4EZ	Benjamin Beats	['russelater']	[2017, 2018, 2020]	5	4
2oX42qP5ineK3hrhBECLmj	Andy Grammer	['neo mellow', 'post-teen pop']	[2017, 2020, 2021]	5	4
7A8S43ryYdbWpJKeHRZRcq	JACKBOYS	['pop rap']	[2019, 2020]	5	4
56mfhUDKa1vec6rSLZV5Eg	Jawsh 685	['nz pop']	[2020, 2021]	5	3
6USv9qhCn6zfxlBQIYJ9qs	Dominic Fike	['alternative pop rock', 'pov: indie']	[2019, 2020, 2021, 2022]	5	3
1DegXvs6WLntmyIMrPhaFr	AVGVSTVS	['norwegian pop rap']	[2019, 2020, 2021]	5	3
3IpvVrP3VLhruTmnququq7	Mike Williams	['big room', 'dutch house', 'edm', 'electro house', 'future house', 'pop dance', 'progressive electro house']	[2017, 2018, 2019, 2020, 2021]	5	5
6rcE30MaP92XafelMNZ2Sq	Frank Walker	[]	[2019, 2020]	5	5
2QMCcKIPHnjQaPPgoEst88	Matisse & Sadko	['dutch house', 'edm', 'electro house', 'pop dance', 'progressive electro house', 'progressive house', 'russian edm', 'sky room']	[2017, 2019, 2020, 2021]	5	5
3DKkhRCGOG4e8IUPYFPfWs	Dixie	['social media pop']	[2020, 2021]	5	2
0oXnxfuBoIz4DlUCbvxWxd	Oskar Westerlin	[]	[2020, 2021, 2022]	5	4
0PqNs9XCK5D16ihtRMuOoU	Hellbillies	['norwegian country', 'norwegian folk rock', 'norwegian rock']	[2017, 2018, 2019, 2020, 2021, 2022]	5	0
24YjyPpqFQi1Oh7PQSBT3J	No. 4	['norske viser', 'norwegian indie', 'norwegian pop']	[2018, 2019, 2020, 2021]	5	1
5dHt1vcEm9qb8fCyLcB3HL	A$AP Ferg	['hip hop', 'pop rap', 'rap', 'southern hip hop', 'trap']	[2017, 2018, 2019, 2020, 2021]	5	4
2lLqHBjAnD1QyH24pOPoH6	Peg Parnevik	['swedish pop']	[2017, 2018, 2019, 2020]	5	2
7FNnA9vBm6EKceENgCGRMb	Anitta	['funk pop', 'funk rj', 'pagode baiano', 'pop', 'pop nacional']	[2018, 2019, 2020]	5	5
3klZnJvYGIbWritVwQD434	Duncan Laurence	['dutch pop']	[2019, 2020, 2021, 2022]	5	2
3CbYyyd8wH3RT6t0jwpdzC	Murda Beatz	['canadian hip hop', 'canadian trap']	[2018, 2019, 2020]	5	5
3oSJ7TBVCWMDMiYjXNiCKE	Kane Brown	['black americana', 'contemporary country', 'country', 'country road']	[2019, 2020, 2021]	5	5
3XC57xz74X3xUi1hv4mge1	Winona Oak	['swedish pop']	[2018, 2019, 2020, 2021, 2022]	5	5
1aSwrSGBNGMLn9ymttfRkk	Lido	['norwegian pop', 'vapor twitch']	[2017, 2018, 2020, 2021]	5	4
2RQXRUsr4IW1f3mKyKsy4B	Noah Kahan	['pov: indie', 'singer-songwriter pop']	[2018, 2019, 2020]	5	4
5VD5GCCQ2hh0m7ufVlmcue	Nicolay Ramm	['barnemusikk', 'norwegian pop']	[2019, 2020, 2021, 2022]	5	0
1o2NpYGqHiCq7FoiYdyd1x	Bea Miller	['alt z', 'pop', 'talent show']	[2017, 2018, 2019, 2020]	5	3
5rSXSAkZ67PYJSvpUpkOr7	Backstreet Boys	['boy band', 'dance pop', 'pop']	[2018, 2019, 2020]	5	2
0CbeG1224FS58EUx4tPevZ	Timmy Trumpet	['australian dance', 'big room', 'melbourne bounce', 'melbourne bounce international']	[2020, 2021, 2022]	5	5
5INjqkS1o8h1imAzPqGZBb	Tame Impala	['australian psych', 'modern rock', 'neo-psychedelic', 'rock']	[2019, 2020, 2022]	5	0
1l2NYhptmHjo64MDOcej1x	LOVA	['swedish pop']	[2019, 2020, 2021]	5	2
3RqBeV12Tt7A8xH3zBDDUF	Kelsea Ballerini	['contemporary country', 'country']	[2018, 2019, 2020]	5	5
2lolQgalUvZDfp5vvVtTYV	Tony Bennett	['adult standards', 'easy listening', 'lounge', 'vocal jazz']	[2017, 2018, 2019, 2020, 2021]	5	2
6mRXYOEezrC6RPOtpmEi0X	Mr. Pimp-Lotion	['norwegian hip hop', 'norwegian pop rap']	[2017, 2018, 2020, 2021, 2022]	5	5
4TAoP0f9OuWZUesao43xUW	Mr Eazi	['afrobeats', 'afropop', 'azontobeats', 'ghanaian hip hop', 'nigerian pop', 'swedish dancehall']	[2018, 2019, 2020, 2021]	5	5
20JZFwl6HVl6yg8a4H3ZqK	Panic! At The Disco	['pop']	[2018, 2019, 2020]	5	2
3BmGtnKgCSGYIUhmivXKWX	Kelly Clarkson	['dance pop', 'pop', 'talent show']	[2017, 2018, 2019, 2020, 2021]	5	1
03d2mJXSMtuPI0nIvLnhoS	Zoe Wees	['german pop']	[2020, 2021, 2022]	5	2
3DzvldYcKG83XYhYC0wfLn	dePresno	['norwegian indie', 'norwegian pop']	[2017, 2019, 2020]	5	2
29f8h7eSlWQAUyfjkdOUGe	Ka2	['norwegian pop rap']	[2020, 2021, 2022]	5	3
3tlXnStJ1fFhdScmQeLpuG	Brent Faiyaz	['r&b', 'rap']	[2019, 2020, 2021]	5	3
3KedxarmBCyFBevnqQHy3P	Jessie Reyez	['canadian contemporary r&b', 'canadian pop']	[2018, 2019, 2020]	5	5
7CyeXFnOrfC1N6z4naIpgo	The Ronettes	['brill building pop', 'classic girl group', 'motown', 'rock-and-roll']	[2017, 2018, 2019, 2020, 2021]	5	0
61ipISvUVa5LkJlKZnm3Oo	Alle Farben	['deep euro house', 'german dance']	[2018, 2019, 2020, 2021]	5	5
5uP9fBIVGSwIQJoGVDBRqk	OnklP & De Fjerne Slektningene	['norwegian hip hop', 'norwegian rock']	[2018, 2021, 2022]	5	1
76yeOnINtQSXyoEHbkYmtY	Drew Love	[]	[2018]	5	5
3s0UVSOteSobqMb4YbXMIo	JCY	[]	[2017, 2018]	5	5
4NivXml482bxwjzaqeXGTi	Adrian Jørgensen	['norwegian pop']	[2018, 2019, 2021]	5	3
1okJ4NC308qbtY9LyHn6DO	BloodPop®	['electropop']	[2017, 2018]	5	5
6xAuCvQ56HHJazssRDSLy3	Sophie Elise	['norwegian pop']	[2017, 2018]	5	2
0XNvr6bnNywV946ZKaJtr0	Joakim Lundell	['swedish pop']	[2017, 2018]	5	4
4f9iBmdUOhQWeP7dcAn1pf	Rag'n'Bone Man	['neo soul']	[2017, 2018, 2019, 2021]	5	3
6cQVcprcYDxGM79YmyCkcQ	VAX	[]	[2017, 2018]	5	4
1bqxdqvUtPWZri43cKHac8	MAX	['viral pop']	[2017, 2018]	5	5
374sWpAJsbZckf98df2jJJ	Fuse ODG	['afrobeats', 'azonto']	[2017, 2018, 2019]	5	5
4SqTiwOEdYrNayaGMkc7ia	LÉON	['indie poptimism', 'metropopolis']	[2017, 2018, 2019, 2021]	5	2
1oKdM70mJD8VvDOTKeS8t1	Emily Warren	['alt z', 'nyc pop']	[2017, 2018]	5	5
4ON1ruy5ijE7ZPQthbrkgI	Burak Yeter	['electro house']	[2017, 2018]	5	4
6kI0ZZ0yjJ3Bf5JjEgUJLC	Alexander Tidebrink	['scandipop', 'swedish pop']	[2018, 2019]	5	5
3SPEPveuGIJZQPCHmNg4wg	Bearson	['norwegian pop']	[2017, 2018, 2019, 2021]	5	5
6T5tfhQCknKG4UnH90qGnz	DNCE	['dance pop', 'pop']	[2017, 2018, 2022]	5	3
57WHJIHrjOE3iAxpihhMnp	Louis Tomlinson	['pop']	[2017, 2018, 2019]	5	2
4tZwfgrHOc3mvqYlEYSvVi	Daft Punk	['electro', 'filter house', 'rock']	[2017, 2018, 2021, 2022]	5	5
4Rxn7Im3LGfyRkY2FlHhWi	Nick Jonas	['dance pop', 'pop']	[2017, 2018, 2021]	5	3
33W1pnW9zScZtYTnAoWnOT	Mr. Probz	[]	[2017, 2018, 2019, 2021]	5	3
5M2y5A6d5QZjw9JeKClagC	Andrelli	['swedish pop']	[2017]	5	4
33JQK4UoS2aMPYBfdB5Ftt	Ryan Riback	['melbourne bounce']	[2017]	5	5
5tSLi6cjbhBiEZzNZrOeMs	Piateed	[]	[2017, 2021]	5	5
5WDOXIkjKNjEzlXmLgZVz9	Synne Vo	['norwegian pop']	[2021, 2022]	5	0
5eVGdFYlPXJw7xjTCziQt5	Sofie Fjellvang	['talentkonkurranse']	[2021, 2022]	5	2
048LktY5zMnakWq7PTtFrz	CKay	['afro r&b', 'afrobeats']	[2021, 2022]	5	3
1h6Cn3P4NGzXbaXidqURXs	Swedish House Mafia	['edm', 'pop dance', 'progressive electro house']	[2021, 2022]	5	4
1Ffb6ejR6Fe5IamqA5oRUF	Bring Me The Horizon	['melodic metalcore', 'metalcore', 'modern rock', 'pop punk', 'rock', 'uk metalcore']	[2019, 2021, 2022]	5	1
6Ip8FS7vWT1uKkJSweANQK	Dave	['uk hip hop']	[2019, 2021, 2022]	5	4
5H4yInM5zmHqpKIoMNAx4r	Central Cee	['melodic drill']	[2021]	5	0
70gP6Ry4Uo0Yx6uzPIdaiJ	Bas	['queens hip hop', 'rap', 'sudanese hip hop', 'sudanese pop', 'underground hip hop']	[2019, 2021]	5	5
0ezi7SWTIobbpylx0aI68K	Erlend Gunstveit	['talentkonkurranse']	[2021]	5	1
6mdiAmATAx73kdxrNrnlao	Iron Maiden	['hard rock', 'metal', 'nwobhm', 'rock']	[2021]	5	0
06N2vXOkhKnI5kVb9Dks41	Natan Dagur	['talentkonkurranse']	[2021]	5	1
6nB0iY1cjSY1KyhYyuIIKH	FKA twigs	['afrofuturism', 'alternative r&b', 'art pop', 'escape room', 'experimental r&b', 'trip hop']	[2018, 2020, 2021, 2022]	4	4
6oBm8HB0yfrIc9IHbxs6in	Lykke Li	['art pop', 'electropop', 'indietronica', 'neo-synthpop', 'swedish electropop', 'swedish indie pop', 'swedish pop']	[2018, 2019, 2020]	4	1
1OB278sOZVSFx5vXqYha83	J. Rey Soul	[]	[2020]	4	4
4LEiUm1SRbFMgfqnQTwUbQ	Bon Iver	['chamber pop', 'eau claire indie', 'indie folk', 'melancholia', 'modern rock']	[2019, 2020]	4	2
1l7ZsJRRS8wlW3WfJfPfNS	Christina Aguilera	['dance pop', 'pop']	[2017, 2018, 2020]	4	3
4qIVPF0s71ZYW3qzhu5GkF	Kina	['sad lo-fi']	[2019, 2020, 2021]	4	4
2NlKrNMdpYxGjt3Pvw87rC	Europa	['uk dance']	[2019, 2020]	4	4
41X1TR6hrK8Q2ZCpp2EqCz	bbno$	['canadian hip hop', 'dark trap', 'meme rap']	[2019, 2020, 2021, 2022]	4	4
3KwmxIhSe9UTSEF37kwngR	SHAED	['electropop']	[2019, 2020]	4	3
57QhXfAsLsIRtgC1VfHu1F	Nils Bech	['oslo indie']	[2017, 2018, 2019, 2020, 2021, 2022]	4	2
2NpPlwwDVYR5dIj0F31EcC	Leony	[]	[2020, 2021]	4	3
5JMLG56F1X5mFmWNmS0iAp	Chelsea Cutler	['alt z']	[2019, 2020, 2021]	4	4
3xoBujDX2nT7UkO85fmzSb	Christoph Ernst Friedrich Weyse	['classical era', 'danish classical', 'early romantic era']	[2018, 2019, 2020, 2021]	4	4
4YaUbZmPC6MY6Rl1rBTDuR	Linni Meister	['norwegian pop']	[2018, 2019, 2020, 2021]	4	4
2EMAnMvWE2eb56ToJVfCWs	Bryson Tiller	['kentucky hip hop', 'r&b', 'rap']	[2017, 2018, 2020]	4	2
4UXqAaa6dQYAk18Lv7PEgX	Fall Out Boy	['emo', 'modern rock', 'pop', 'pop punk', 'rock']	[2017, 2019, 2020]	4	3
23zg3TcAtWQy7J6upgbUnj	Usher	['atl hip hop', 'contemporary r&b', 'dance pop', 'pop', 'r&b', 'rap', 'south carolina hip hop', 'urban contemporary']	[2017, 2020, 2021]	4	4
1XLWox9w1Yvbodui0SRhUQ	StaySolidRocky	['melodic rap']	[2020]	4	2
04HqRx07Bv9gh7rsrMTqs7	Miss Li	['classic swedish pop', 'swedish pop']	[2018, 2019, 2020, 2021]	4	2
6kUglM25Mvn6Uy7EDXsT1n	Thomas Dybdahl	['norwegian singer-songwriter']	[2017, 2020, 2021]	4	2
6XpaIBNiVzIetEPCWDvAFP	Whitney Houston	['dance pop']	[2019, 2020, 2021, 2022]	4	3
7J8OsnJjGfG1uHd348LZPI	Ole Hartz	['russelater']	[2020, 2021, 2022]	4	3
4ofCBoyEiGSePFAG500xev	Regard	['pop dance', 'pop edm', 'slap house', 'uk dance']	[2019, 2020, 2021, 2022]	4	3
2RDOrhPqAM4jzTRCEb19qX	Sheck Wes	['pop rap', 'rap', 'trap']	[2018, 2019, 2020]	4	2
5XmuuM2C6t4HSPa3FSuU3h	WanMor	[]	[2020]	4	4
0C0XlULifJtAgn6ZNCW2eu	The Killers	['alternative rock', 'dance rock', 'modern rock', 'permanent wave', 'rock']	[2017, 2020, 2021]	4	1
0JOxt5QOwq0czoJxvSc5hS	GASHI	[]	[2018, 2019, 2020]	4	4
0YinUQ50QDB7ZxSCLyQ40k	Mustard	['cali rap', 'pop rap', 'rap', 'southern hip hop', 'trap']	[2019, 2020, 2021]	4	4
4AKwRarlmsUlLjIwt38NLw	Ofenbach	['pop dance']	[2017, 2020, 2021]	4	3
6Lu4e8FvAWcp1S5BVoDLjJ	Aiba	['norwegian pop rap']	[2019, 2020, 2022]	4	1
41FMJPXoXfglCBwBRQ3Q9B	Juur	['russelater']	[2019, 2020]	4	0
7r2uG6BlFXKcwmh9ItqlII	Wrabel	['alt z']	[2017, 2020]	4	3
60rpJ9SgigSd16DOAG7GSa	Billy Ray Cyrus	['country rock']	[2019, 2020]	4	4
47mIJdHORyRerp4os813jD	League of Legends	['speedrun', 'video game music']	[2018, 2020, 2021, 2022]	4	4
0U3b0BjITtQHwjwBVtiGcO	DMNDS	[]	[2020, 2021]	4	4
3HphLd0XiELTvIPYf55dYC	Dance Fruits Music	['lo-fi product']	[2020, 2021]	4	4
7nDsS0l5ZAzMedVRKPP8F1	Ella Henderson	['dance pop', 'talent show', 'uk pop']	[2019, 2020, 2022]	4	3
6Y1uhV89wCmLERJCkdxutN	Johannes Magnussen	[]	[2020, 2021]	4	4
6QQCeD7ZErV1xQnlyjaFHF	Bodø Domkor	['norwegian choir']	[2018, 2019, 2020, 2021]	4	3
0szU6nYzkH7xDSRgfkRo4j	Store P	['norwegian hip hop', 'norwegian pop rap']	[2017, 2019, 2020]	4	3
5wOlRsRt9ggoBDjjmhaF7x	Albatraoz	['danspunk', 'swedish eurodance', 'swedish pop rap']	[2020, 2021, 2022]	4	4
0GM7qgcRCORpGnfcN2tCiB	Tainy	['pop reggaeton', 'reggaeton', 'trap latino', 'urbano latino']	[2019, 2020, 2021]	4	4
32vWCbZh0xZ4o9gkz4PsEU	Dolly Parton	['classic country pop', 'country', 'country dawn']	[2017, 2018, 2019, 2020]	4	4
5EvFsr3kj42KNv97ZEnqij	Shaggy	['dance pop', 'pop rap', 'reggae fusion']	[2017, 2020, 2021]	4	4
6DVipHzYsPlIoA0DW8Gmns	"Royce Da 5'9"""	['detroit hip hop', 'gangster rap', 'hardcore hip hop', 'hip hop']	[2018, 2020]	4	4
5qa31A9HySw3T7MKWI9bGg	FLETCHER	['alt z', 'pop']	[2019, 2020, 2021]	4	1
2U3FuHYvL3vhkbDAXm24Ep	Dan Caplen	['neo soul', 'uk contemporary r&b']	[2017, 2018, 2019, 2020]	4	4
2x1VxHvuFyCJDxASGljQhr	Per Asplin	['barnemusikk', 'classic norwegian pop']	[2017, 2018, 2019, 2020, 2021]	4	0
7okSU80WTrn4LXlyXYbX3P	Clinton Kane	['alt z', 'gen z singer-songwriter']	[2020, 2021, 2022]	4	1
6Ry0CvCsPRp7Z9qewvxYBK	Siyabång	['norwegian trap']	[2020, 2021]	4	3
5Nf5yishRW9Ye174sJISkg	London On Da Track	['atl hip hop']	[2017, 2018, 2020]	4	4
0vRvGUQVUjytro0xpb26bs	Arizona Zervas	['pop rap', 'rhode island rap']	[2019, 2020]	4	0
5X4LWwbUFNzPkEas04uU82	DVBBS	['canadian electronic', 'dutch house', 'edm', 'electro house', 'pop dance', 'progressive electro house', 'slap house']	[2017, 2018, 2020, 2022]	4	4
3gS0rQdigX9t4PJu1ay3BY	Tshawe Baqwa	[]	[2018, 2020, 2021, 2022]	4	4
3fMbdgg4jU18AjLCKBhRSm	Michael Jackson	['r&b', 'soul']	[2017, 2018, 2019, 2020, 2021]	4	2
43uURL7UXIZoVIsTTrLe7d	Alejandro Fuentes	['classic norwegian pop', 'norwegian pop']	[2020, 2021]	4	2
2R21vXR83lH98kGeO99Y66	Anuel AA	['reggaeton', 'reggaeton flow', 'trap boricua', 'trap latino', 'urbano latino']	[2018, 2019]	4	4
4RSyJzf7ef6Iu2rnLdabNq	Willy William	[]	[2017, 2018, 2019, 2021]	4	4
3hteYQFiMFbJY7wS0xDymP	Gesaffelstein	['dark clubbing']	[2018, 2019, 2021, 2022]	4	4
4YLtscXsxbVgi031ovDDdh	Chris Stapleton	['contemporary country', 'outlaw country']	[2018, 2019]	4	4
4gvkdged3Xw3ImXFm3jiay	Juliander	['swedish pop']	[2017, 2018, 2019]	4	4
21E3waRsmPlU7jZsS13rcj	Ne-Yo	['dance pop', 'pop', 'r&b', 'urban contemporary']	[2018, 2019, 2021, 2022]	4	4
3EXdLajEO02ziZ90P90bSW	Lil Xan	['cloud rap']	[2017, 2018]	4	1
3LLNDXrxL4uxXtnUJS5XWM	Alexander Rybak	[]	[2017, 2018, 2021]	4	1
3hyEbRtp617pNCuuQjyOmc	Lost Kings	['pop dance', 'pop edm']	[2017, 2018, 2019]	4	4
7siQyTnoluMrmQ3VluhSsH	Travelle	['scandipop']	[2017, 2018]	4	1
67MNhiAICFY6Pwc2YxCO0K	Elley Duhé	['alt z']	[2018, 2019, 2022]	4	2
4PVn1b2WnnXdq80C7uaZLZ	Nause	[]	[2017, 2018]	4	4
5RZjpmuD14JKXvB8Ry1G1u	Amanda Seyfried	['hollywood']	[2018]	4	4
3zDRCqOhJXJfS2YWOEwGMC	Christopher	['danish pop']	[2017, 2018, 2021]	4	2
6eYFryfcEu3QSq59D62wZQ	Brendon Urie	[]	[2018, 2019]	4	4
0q4NrXqJnc367PieejuROJ	Vice	['chicano rap']	[2017, 2018]	4	4
00TKPo9MxwZ0j4ooveIxWZ	Loote	['alt z', 'nyc pop']	[2017, 2018, 2019]	4	4
6jPriOYMyUL9kNonBI1CNd	Faustix	['dakke dak', 'danish pop']	[2017, 2018]	4	4
0BUqqTzhPGAUfeeb7owmFT	Dårlig Vane	['norwegian hip hop', 'norwegian pop rap', 'norwegian trap']	[2017, 2018, 2019]	4	0
4mHAu7NX2UNsnGXjviBD9e	Brooks	['dutch house', 'edm', 'electro house', 'future house', 'pop dance', 'pop edm', 'progressive electro house']	[2018, 2019]	4	4
3JXpwnHbLvXxY99EuXqFPX	Poo Bear	['pop r&b']	[2017, 2018]	4	4
4poL7YCSkG7kMnWjAdDU91	Era Istrefi	['albanian hip hop', 'albanian pop', 'kosovan pop']	[2017, 2018, 2019]	4	4
0UACE2nWl5uUyJRo1kIYQO	Donkeyboy	['norwegian pop']	[2017, 2018, 2019, 2021]	4	1
4TEJudQY2pXxVHPE3gD2EU	BlocBoy JB	['memphis hip hop', 'rap', 'tennessee hip hop', 'trap']	[2018]	4	4
0ONHkAv9pCAFxb0zJwDNTy	Pusha T	['gangster rap', 'hip hop', 'rap', 'southern hip hop', 'trap', 'virginia hip hop']	[2017, 2018, 2021]	4	4
26NWkJABz0kN5TPkzyXuxA	Elly Ekko	[]	[2017, 2018]	4	1
4LcUpNlXFEleaLlelmkv2R	Kris Kross Amsterdam	['dutch house', 'dutch pop']	[2017, 2018, 2019, 2021]	4	4
6sFIWsNpZYqfjUpaCgueju	Carly Rae Jepsen	['canadian pop', 'dance pop', 'pop']	[2017, 2018, 2019]	4	1
6PXS4YHDkKvl1wkIl4V8DL	Fetty Wap	['new jersey rap', 'pop rap', 'rap', 'southern hip hop', 'trap']	[2017, 2018]	4	4
0uGk2czvcpWQA383Im6ajf	Maggie Lindemann	['alt z', 'dark pop', 'pop']	[2017, 2018]	4	3
3iri9nBFs9e4wN7PLIetAw	gnash	['alt z', 'pop']	[2017, 2018]	4	2
0RqtSIYZmd4fiBKVFqyIqD	Thirty Seconds To Mars	['modern rock', 'post-grunge']	[2017, 2018, 2021]	4	2
6WY7D3jk8zTrHtmkqqo5GI	Maren Morris	['classic texas country', 'contemporary country']	[2018, 2019, 2021]	4	4
2pwsG2EHftKcMSzvUNYAdE	Linda Vidala	['norwegian hip hop', 'norwegian pop rap']	[2017, 2018, 2019]	4	3
2DlGxzQSjYe5N6G9nkYghR	Jennifer Lopez	['dance pop', 'pop', 'urban contemporary']	[2017, 2018, 2019]	4	3
5exS0bytCYdixgv02DaCm3	William Singe	[]	[2017, 2018]	4	4
2HkAI0YrEcgoR8QdaURqhO	Dimitri Vegas	['belgian edm']	[2017, 2018, 2019]	4	4
54R6Y0I7jGUCveDTtI21nb	Boney M.	['europop']	[2017, 2018, 2019, 2021, 2022]	4	1
5mYakBbBzPMQTfkVMIgiDM	Georgia Ku	['uk pop']	[2018, 2019, 2021]	4	4
3wjsrpfO6odEphTZWx45RQ	Hearts & Colors	[]	[2017]	4	2
50JJSqHUf2RQ9xsHs0KMHg	Jon Bellion	['indie pop rap']	[2017]	4	2
6extd4B6hl8VTmnlhpl2bY	Huncho Jack	['melodic rap', 'trap']	[2017]	4	4
6jsjhAEteAlY0vCiLvMLBA	ROZES	['alt z', 'indie poptimism']	[2017]	4	4
5hALxswu1Hh9HNjFqsfcO0	Emilie Adams	['norwegian pop']	[2017, 2021]	4	3
1ooV8YZC1KbpEcrmI8WH0F	Yebba	['pop soul']	[2017, 2019, 2021]	4	4
1l8Fu6IkuTP0U5QetQJ5Xt	Fifth Harmony	['girl group', 'pop', 'talent show']	[2017]	4	2
5Q81rlcTFh3k6DQJXPdsot	Mura Masa	['channel islands indie', 'hyperpop', 'indie soul', 'vapor soul']	[2017, 2022]	4	4
5M0lbkGluOPXLeFjApw8r8	DRAM	['pop rap', 'trap', 'underground hip hop', 'viral trap', 'virginia hip hop']	[2017]	4	4
4GCwfakdZdo3KkBNtzU5vn	MIMI	[]	[2017]	4	4
3qi5fhSI6aUecvRN0XqIJ2	MistaJam	[]	[2021, 2022]	4	4
5ENS85nZShljwNgg4wFD7D	Gabry Ponte	['eurodance', 'italo dance', 'slap house']	[2021, 2022]	4	4
74LbOioJUqae6mkQ9wDiDN	Helene Olafsen	[]	[2021, 2022]	4	4
3loTvAld5Tpk5aSNbboGpj	Rasmus Gozzi	['russelater', 'swedish eurodance']	[2021, 2022]	4	2
2rvUlmaAfN7eKSVAcaRj9t	vinni	['norwegian hip hop', 'norwegian pop']	[2021, 2022]	4	2
4QcudLddRQCbX8wrs6i2Gt	A36	['swedish hip hop', 'swedish trap pop']	[2021, 2022]	4	1
62InFTSRpk70tkIgzjLNTR	Snuskebazn	['russelater']	[2021, 2022]	4	0
3Y7RZ31TRPVadSFVy1o8os	H.E.R.	['r&b', 'rap']	[2019, 2021, 2022]	4	4
6opXrEDXFlq1p12v4NdbbY	IMERIKA	[]	[2021, 2022]	4	0
46MWeeHNVMYRIIofQBEX98	BEAM	['trap soul']	[2021]	4	4
6g0mn3tzAds6aVeUYRsryU	The War On Drugs	['chamber pop', 'indie rock', 'modern rock', 'philly indie']	[2021]	4	1
6SsTlCsuCYleNza6xGwynu	Agnes	['swedish electropop', 'swedish idol pop', 'swedish pop']	[2019]	4	4
22qynacaVX8ZxSwS2uTJkX	Gunslingers	['norwegian country']	[2020]	3	1
4zxvC7CRGvggq9EWXOpwAo	Kiesza	['electropop', 'pop edm']	[2019, 2020]	3	3
5mUjsoGKzooIWdZs77bJLy	Mads Hansen	[]	[2018, 2019, 2020, 2021]	3	0
3wuG1n9nWNz4szSzITG7wO	Linnea Dale	['norwegian pop']	[2018, 2019, 2020, 2021]	3	2
55Tmy123M7QHWa3653Oy6w	Stein Berge	[]	[2017, 2018, 2019, 2020, 2021]	3	0
6EPlBSH2RSiettczlz7ihV	Sleepy Hallow	['brooklyn drill', 'nyc rap']	[2020, 2021, 2022]	3	2
6trIghKwHRUyxwvm66HLHH	Fousheé	['indie r&b']	[2020]	3	2
3noOJBzljbPMoifF6wY12v	Isak Heim	[]	[2019, 2020, 2021]	3	3
38EmEgXkgK51MT2tPY0EoC	Bobby Helms	[]	[2017, 2018, 2019, 2020, 2021]	3	0
6WSfT3T82GHspYEzx64N9k	Allan Johanson	[]	[2020, 2021]	3	3
3q7HBObVc0L8jNeTe5Gofh	50 Cent	['east coast hip hop', 'gangster rap', 'hip hop', 'pop rap', 'queens hip hop', 'rap']	[2019, 2020, 2021, 2022]	3	2
4Uc8Dsxct0oMqx0P6i60ea	Conan Gray	['bedroom pop', 'pop', 'pov: indie']	[2020, 2021]	3	1
4Gej6q6wCKccBidZF9lB5B	Maria Haukaas Mittet	['classic norwegian pop', 'nordnorsk musikk', 'norwegian pop']	[2017, 2018, 2019, 2020, 2021]	3	3
0AU8XFChFl8AUPo5jExFlF	Alf Prøysen	['classic norwegian pop', 'norske viser']	[2017, 2018, 2019, 2020, 2021]	3	0
0fiWOxhsBsQQvFDtxUQWo0	Brett Young	['contemporary country', 'country', 'country road']	[2020]	3	3
3gIRvgZssIb9aiirIg0nI3	Jeremy Zucker	['alt z', 'electropop', 'pop']	[2019, 2020, 2021]	3	2
142TY556WknD1ZRV8XilJQ	Joe Janiak	[]	[2019, 2020]	3	3
6hYYR2iCoEzz16s5VwJICL	GoToGuy	[]	[2017, 2018, 2020]	3	2
4cPHsZM98sKzmV26wlwD2W	Brenda Lee	['adult standards', 'easy listening', 'lounge', 'rockabilly']	[2017, 2018, 2019, 2020, 2021]	3	0
6UCQYrcJ6wab6gnQ89OJFh	Headie One	['uk hip hop']	[2019, 2020]	3	3
7v4imS0moSyGdXyLgVTIV7	Nat King Cole	['adult standards', 'lounge', 'soul', 'swing', 'vocal jazz']	[2017, 2018, 2019, 2020, 2021]	3	0
27RxkAdGThrZ2VisW6a1mN	Elias Blix	[]	[2019, 2020, 2021]	3	3
49e4v89VmlDcFCMyDv9wQ9	Dean Martin	['adult standards', 'easy listening', 'lounge', 'vocal jazz']	[2017, 2018, 2019, 2020, 2021]	3	0
2HEAdsUVqQO9KqF1wKmHOO	Lothepus	['norwegian country']	[2017, 2018, 2020, 2021]	3	3
3QJUFtGBGL05vo0kCJZsmT	salem ilese	['alt z', 'modern indie pop']	[2020, 2021, 2022]	3	2
0SlejFsyHq7i1ZgWoRWdH2	Frida Ånnevik	['norske viser', 'norwegian singer-songwriter']	[2018, 2019, 2020, 2021, 2022]	3	3
05GSra7vTwr8o54Brzp2nA	Helion	['melbourne bounce international']	[2019, 2020]	3	3
7mWMzxN6IAIQ1tfFFtAiQv	Bryn Christopher	['british soul']	[2019, 2020, 2021]	3	3
0TKFPt9w0AAEnhB9bd0pLy	LUM!X	['melbourne bounce international', 'slap house']	[2020, 2021, 2022]	3	3
0huGjMyP507tBCARyzSkrv	Cordae	['hip hop', 'pop rap', 'rap', 'trap', 'underground hip hop']	[2019, 2020, 2021]	3	3
1W7FNibLa0O0b572tB2w7t	Pink Sweat$	['bedroom soul']	[2020, 2021]	3	2
6Kiq09dTSayFFqAVYUiS9o	Pudding-TV	['barnemusikk']	[2018, 2019, 2020, 2021]	3	0
5V0MlUE1Bft0mbLlND7FJz	Ella Fitzgerald	['adult standards', 'jazz', 'jazz blues', 'soul', 'swing', 'vocal jazz']	[2018, 2020, 2021]	3	0
1Oa0bMld0A3u5OTYfMzp5h	Nate Dogg	['g funk', 'gangster rap', 'hardcore hip hop', 'hip hop', 'west coast rap']	[2017, 2018, 2019, 2020, 2021, 2022]	3	3
2yPprAQlrIQWu60g09B9MZ	Swarmz	['uk hip hop']	[2020]	3	3
1mJCP4lGqdhBUuiHQIlbtr	HM Kongens Gardes Musikkorps	[]	[2018, 2019, 2020, 2021]	3	1
7iDeMFJKjI1ak40N3hoYOZ	Lil Xxel	['pop r&b', 'viral rap']	[2020, 2021]	3	1
6gK1Uct5FEdaUWRWpU4Cl2	Petit Biscuit	['new french touch']	[2017, 2020]	3	1
3X8viboyMAibq7WDRxqY4J	Anne Brændeland	['barnemusikk']	[2018, 2019, 2020, 2021]	3	1
05KDKIpxshxrB9BMewaCBW	Love Regenerator	[]	[2020, 2021, 2022]	3	3
3KJJk2RU4RbO0yoDUZzHwZ	Slopes	[]	[2020, 2021]	3	1
3G9sihtaNxkYD1zddHXRYS	Gaute Ormåsen	['classic norwegian pop', 'norwegian pop']	[2017, 2020]	3	2
09qHO1fFJ6iIeTuCjO7Bfa	Roc Boyz	[]	[2019, 2020, 2021, 2022]	3	0
1kwi1Q7X4jPTkHTgayxKhS	Alonestar	[]	[2020, 2021]	3	3
0bhbJosHyBjBOw4o5QUb0V	Marianne Borhaug	['barnemusikk']	[2018, 2019, 2020, 2021]	3	0
5kLXha9ScmLBu4DP2d3RXK	Silya	['norwegian pop']	[2018, 2020]	3	3
71Dhj822M1LGpuryPIV2KO	NEIMY	['scandipop', 'tropical house']	[2018, 2019, 2020, 2021]	3	3
10exVja0key0uqUkk6LJRT	Vance Joy	['folk-pop', 'modern rock']	[2017, 2018, 2020, 2021, 2022]	3	1
3EOEK57CV77D4ovYVcmiyt	Dennis Lloyd	['israeli pop']	[2018, 2019, 2020, 2021]	3	2
57LYzLEk2LcFghVwuWbcuS	Summer Walker	['r&b']	[2020, 2021]	3	3
6ltzsmQQbmdoHHbLZ4ZN25	Lord Huron	['indie folk', 'modern rock', 'stomp and holler']	[2017, 2018, 2019, 2020, 2021, 2022]	3	0
1MXZ0hsGic96dWRDKwAwdr	Tyla Yaweh	['cali rap', 'melodic rap']	[2020]	3	3
0rTmZkZxtp2Kzsh3yRjTZb	Daskeladden	[]	[2020, 2021]	3	2
0WOxhx4hikIsyF3CRPLC8W	Famous Dex	['chicago rap', 'drill', 'rap', 'trap']	[2018, 2020]	3	1
391oLRVmoTkumiN79HkTWu	Darlene Love	[]	[2018, 2019, 2020, 2021]	3	0
6nS5roXSAGhTGr34W6n7Et	Disclosure	['edm', 'house', 'indietronica', 'uk dance']	[2019, 2020]	3	3
71WExccCBN2mw0klSzfYzz	Gia Koka	[]	[2017, 2020, 2021]	3	3
58WNaQYHzXvOY23UGICpOb	Maybon	[]	[2017, 2018, 2020]	3	2
77SW9BnxLY8rJ0RciFqkHh	The Neighbourhood	['modern alternative rock', 'modern rock', 'pop', 'pov: indie']	[2020, 2021, 2022]	3	0
0F1ctf2KXhKhtcHzWdonJr	GABIFUEGO	[]	[2020, 2021]	3	3
1DNFG0VEHD2Vk5ESUEPuOM	RebMoe	[]	[2020, 2021]	3	2
5KNNVgR6LBIABRIomyCwKJ	Dermot Kennedy	['folk-pop', 'irish pop', 'uk pop']	[2020, 2021]	3	1
4o7tWrzQOqarDtTMWD2HV9	LAY	['chinese electropop', 'chinese idol pop', 'k-pop']	[2018, 2019, 2020]	3	3
2y8Jo9CKhJvtfeKOsYzRdT	Rod Stewart	['mellow gold', 'soft rock']	[2017, 2018, 2019, 2020]	3	3
0TssKMrMlrXSxIwNrghB1V	nan	[]	[2019, 2020, 2021]	3	3
1ZrBGJWLL8NiAjgNifCy90	Smith & Thell	['swedish pop']	[2018, 2019, 2020, 2021]	3	0
1tqhsYv8yBBdwANFNzHtcr	Lil Dicky	['comedy rap', 'indie pop rap', 'pop rap']	[2018, 2019, 2020]	3	2
6L1XC7NrmgWRlwAeLJvVtA	Sam Fischer	['australian pop', 'singer-songwriter pop']	[2020, 2021]	3	2
6mzs66iVW15C5iLt0JLt41	ILIRA	['albanian pop']	[2019, 2020, 2021]	3	3
1yLqKwEHGhhcjyKhRSo8wH	Alexandra Joner	['norwegian pop']	[2017, 2020, 2022]	3	0
3Xt3RrJMFv5SZkCfUE8C1J	Kim Petras	['alt z', 'pop', 'transpop']	[2017, 2018, 2020]	3	2
30DhU7BDmF4PH0JVhu8ZRg	Sabrina Claudio	['r&b']	[2018, 2019, 2020]	3	3
20qISvAhX20dpIbOOzGK3q	Nas	['conscious hip hop', 'east coast hip hop', 'gangster rap', 'hardcore hip hop', 'hip hop', 'queens hip hop', 'rap']	[2018, 2020, 2021]	3	3
7arQA31aZVS8yS6zUveWzb	CJ	['nyc rap']	[2020, 2021]	3	0
66W9LaWS0DPdL7Sz8iYGYe	JP Saxe	['alt z', 'canadian contemporary r&b', 'singer-songwriter pop']	[2019, 2020, 2021]	3	3
6tbjWDEIzxoDsBA1FuhfPW	Madonna	['dance pop', 'pop']	[2019, 2020, 2022]	3	3
2wIVse2owClT7go1WT98tk	Missy Elliott	['dance pop', 'hip hop', 'hip pop', 'neo soul', 'pop rap', 'r&b', 'rap', 'urban contemporary', 'virginia hip hop']	[2018, 2020, 2022]	3	3
1CoZyIx7UvdxT5c8UkMzHd	Jorja Smith	['r&b', 'uk contemporary r&b']	[2017, 2018, 2020]	3	2
2TL8gYTNgD6nXkyuUdDrMg	Jasmine Thompson	['viral pop']	[2017, 2020]	3	3
1NmbrZqVbinlAMscrnV3Jt	Ola Nordmann	[]	[2017, 2018, 2019, 2020, 2021]	3	3
6KSaWsYvSy4JV7pM6MWQEK	RykkinnFella	['russelater']	[2017, 2018, 2019, 2020, 2021]	3	3
1O4AnKY2Rp3ZNM5EmUqJrd	Jack Dee	['russelater']	[2017, 2018, 2019, 2020, 2021]	3	3
0EmeFodog0BfCgMzAIvKQp	Shakira	['colombian pop', 'dance pop', 'latin pop', 'pop']	[2017, 2018, 2020, 2021, 2022]	3	2
2wX6xSig4Rig5kZU6ePlWe	KSHMR	['big room', 'dutch house', 'edm', 'electro house', 'indian edm', 'pop dance', 'progressive electro house', 'slap house']	[2020, 2021, 2022]	3	3
45TgXXqMDdF8BkjA83OM7z	Rod Wave	['florida rap']	[2020, 2022]	3	1
2p1fiYHYiXz9qi0JJyxBzN	Skepta	['birmingham grime', 'grime', 'instrumental grime', 'uk hip hop']	[2018, 2019, 2020]	3	3
5zfEatKLDdRkgbw6sdLBAQ	Octavian	['afroswing', 'london rap', 'uk hip hop']	[2019, 2020]	3	3
3yzRiNMZdTsSUgplcyYZ4i	Blanco Brown	['black americana', 'country rap']	[2019, 2020]	3	1
1SfzFJK2BDGr7gQWUhmeJg	Hekla Stålstrenga	['nordnorsk musikk', 'norwegian folk rock']	[2017, 2018, 2019, 2020, 2021]	3	0
0JYmighF3zbuA81Di54CZN	S-X	['instrumental grime']	[2019, 2020, 2021]	3	3
32mTrXKr7W8Tg4hH4S2Do1	Anne Grete Preus	['classic norwegian pop', 'norske viser', 'norwegian singer-songwriter']	[2017, 2018, 2019, 2020, 2021]	3	0
6QrQ7OrISRYIfS5mtacaw2	Jaymes Young	['indie poptimism']	[2020, 2021, 2022]	3	0
0ZCDMdyeij85HAyx2ClM5Y	Sølvguttene	"[""children's choir"", 'classic norwegian pop', 'norwegian choir']"	[2019, 2020, 2021]	3	1
586uxXMyD5ObPuzjtrzO1Q	Sofi Tukker	['edm']	[2020, 2021]	3	1
3A9B6c1CrSPauiOblw7pWz	Nico Santos	['german pop']	[2017, 2020, 2022]	3	3
0haZhu4fFKt0Ag94kZDiz2	Sofía Reyes	['latin pop', 'latin viral pop', 'mexican pop', 'reggaeton']	[2018, 2019, 2020]	3	3
3XcCT5MPlQPWFTJyzXbfuX	Maejor	['detroit hip hop', 'pop r&b']	[2020, 2021]	3	3
5KEG7G8LDYlHgFDqZyEEs2	Chris Rea	['soft rock', 'sophisti-pop']	[2017, 2018, 2019, 2020, 2021]	3	0
0wi4yTYlGtEnbGo4ltZTib	Shakin' Stevens	['classic uk pop', 'rockabilly']	[2017, 2018, 2019, 2020, 2021]	3	0
6TXM1kV4L8DsDAkAfbOPYk	Ally Brooke	['post-teen pop']	[2019, 2020]	3	3
5Hm74YKDEm5BHiUawhhUw4	Ulrike Hansen Døvigsen	[]	[2017, 2018, 2019, 2020, 2021]	3	0
0KuF7reCTOZwV7YJnHQqgr	The Neptunes	[]	[2020, 2021]	3	3
7yntSJ6uojO3z6GFUVwhAW	CORPSE	['pov: indie']	[2020, 2021]	3	3
4fwuXg6XQHfdlOdmw36OHa	Paloma Faith	['british soul', 'talent show']	[2018, 2020, 2021, 2022]	3	2
6s22t5Y3prQHyaHWUN1R1C	AJR	['pov: indie']	[2017, 2018]	3	0
2ysnwxxNtSgbb9t1m2Ur4j	George Ezra	['folk-pop', 'neo-singer-songwriter']	[2018, 2019, 2022]	3	0
66AE89GQTx88zLYhXn1wFK	Sam Martin	[]	[2018]	3	3
7sfgqEdoeBTjd8lQsPT3Cy	Emeli Sandé	['r&b', 'talent show']	[2017, 2018]	3	0
76YIoWHp3Ri3q1ocOPtFzp	AREA21	[]	[2018, 2021]	3	2
58lCCoCMBRBl0xvcTaD4U4	OKEY	[]	[2018, 2019, 2021]	3	3
32WkQRZEVKSzVAAYqukAEA	Lady A	['contemporary country', 'country', 'country dawn', 'country pop', 'country road']	[2017, 2018, 2019]	3	0
3nwYsifpwrKmCIpw4i0HDW	Konshens	['dancehall', 'traphall']	[2018]	3	3
3EW0kQ1skZiK1NHg3Spt9J	Takeoff	['atl hip hop', 'rap', 'trap']	[2017, 2018, 2021]	3	2
652eUkxKIP934rtatRgJWq	Clairmont	[]	[2017, 2018]	3	3
7rsSau2x7MvUGB75W2fX8f	Sushi x Kobe	['norwegian hip hop', 'norwegian pop rap']	[2017, 2018]	3	0
12Zk1DFhCbHY6v3xep2ZjI	070 Shake	['new jersey rap']	[2017, 2018, 2021]	3	3
6G1yTgvoYsuVb2Ja8cVVJ2	anders	['canadian contemporary r&b', 'canadian hip hop', 'toronto rap', 'trap soul']	[2018, 2019]	3	3
3qBKjEOanahMxlRojwCzhI	Zacari	[]	[2017, 2018]	3	2
5i09Vd9N18qRJl2RcXODOp	Cathrine Lassen	[]	[2017, 2018]	3	3
4obzFoKoKRHIphyHzJ35G3	Becky G	['latin pop', 'latin viral pop', 'rap latina', 'reggaeton', 'urbano latino']	[2018]	3	3
0eecdvMrqBftK0M1VKhaF4	CNCO	['boy band', 'latin pop', 'reggaeton', 'urbano latino']	[2017, 2018]	3	2
2lEOFtf3cCyzomQcMHJGfZ	Ylvis	['comic']	[2018]	3	0
5F1aoppMtU3OMiltO8ymJ2	Hugh Jackman	['hollywood', 'show tunes']	[2018]	3	3
1QRj3hoop9Mv5VvHQkwPEp	Olivia O'Brien	['alt z', 'pop']	[2017, 2018, 2019]	3	2
3TVjdmhfFoYJLgBEkkZTBm	John De Sohn	['deep pop edm', 'pop dance', 'swedish tropical house']	[2017, 2018]	3	1
5FjiYgLczmrP2j1gijAGWp	Paul Rey	['swedish pop']	[2017, 2018, 2019]	3	0
16EmDsIYHYtxgSNfjEYPf8	Bjørnskov	['danish pop']	[2018, 2019]	3	3
4K9OTkRXEFL6NDXFTqVmq9	Elina	['alt z']	[2018, 2019]	3	0
2rhFzFmezpnW82MNqEKVry	Ski Mask The Slump God	['hip hop', 'miami hip hop', 'pop rap', 'rap', 'trap', 'underground hip hop']	[2018, 2019]	3	1
1GDbiv3spRmZ1XdM1jQbT7	NATTI NATASHA	['latin pop', 'rap latina', 'reggaeton', 'urbano latino']	[2018, 2019]	3	3
79QO0Xmn1dZhvaLicS2Yrs	The Night Game	['modern alternative rock']	[2017, 2018]	3	3
3AA28KZvwAUcZuOKwyblJQ	Gorillaz	['alternative hip hop', 'modern rock', 'rock']	[2017, 2018]	3	3
1SupJlEpv7RS2tPNRaHViT	Nicky Jam	['latin hip hop', 'reggaeton', 'trap latino', 'urbano latino']	[2018, 2019]	3	3
1INuLZXjjVbcJRyWvD1iSq	Jack & Jack	['pop', 'teen pop']	[2018, 2019]	3	2
5fWn9g8ERHtGKWdkAuomBx	Tessa Odden	[]	[2017, 2018, 2021]	3	2
2Vm2eQ8mUnWuGc54vvhUZQ	HALIE	['norwegian pop']	[2018]	3	0
11PpNNR6WoXGTEDLiTjdfe	Fakkboiz	['fotbollslatar']	[2018, 2019]	3	3
2ykUp1K8tRaOUFd8vvcwXl	B3nte	['melbourne bounce international']	[2018, 2019]	3	3
6DMW6nsE4jwbBxUxrvNi2X	Lex Press	[]	[2017, 2018]	3	3
3og6e24muubWOaYriWZsPc	MYXE	['scandipop']	[2017, 2018]	3	2
7HV2RI2qNug4EcQqLbCAKS	Keala Settle	['broadway', 'hollywood', 'show tunes']	[2018, 2019]	3	3
6U1dBXJhC8gXFjamvFTmHg	Zac Efron	['hollywood', 'movie tunes', 'post-teen pop']	[2018]	3	3
63nv0hWWDob56Rk8GlNpN8	The Greatest Showman Ensemble	['movie tunes']	[2018, 2019]	3	3
39S7Y72G0tdDPy2INGFicV	Sara Farell	['acoustic cover']	[2017, 2018]	3	1
1umTeYMbiCSj1nl2fqXVcZ	The Main Level	['scandipop']	[2017, 2018]	3	2
1PnnRNGfichOAfPOn5mVyx	Sorana	['romanian pop']	[2018, 2019, 2022]	3	3
0CEK8AzyeD5ZUdUloB6yQV	CADE	['pop edm']	[2017, 2018]	3	3
6I7pUQy8jUucWfc6xcT19A	Aksel & Hef	['russelater']	[2017, 2018]	3	2
4olE3I5QU0dvSR7LIpqTXc	WATT	['modern alternative rock']	[2017, 2018, 2019, 2021]	3	3
6xvpfMjWTougrRRtK7iikz	Mason Ramsey	['contemporary country', 'country']	[2018, 2019, 2022]	3	1
71le7jtjw9hq389Fnvi6XM	Soleima	['danish electropop', 'danish pop']	[2017, 2018]	3	1
3bhu7P5PfngueRHiB9hjcx	Elle King	['modern blues rock']	[2017, 2018]	3	0
6oSTtYd3B3OJubFU8mVhHQ	JHart	['uk pop']	[2017, 2018]	3	3
2P5sC9cVZDToPxyomzF1UH	Joey Bada$$	['conscious hip hop', 'hip hop', 'rap']	[2017, 2018]	3	3
7Ln80lUS6He07XvHI8qqHH	Arctic Monkeys	['garage rock', 'modern rock', 'permanent wave', 'rock', 'sheffield indie']	[2018, 2021]	3	0
5Jr4z5VLHYacMaWsqR2nlw	INAP	['russelater']	[2018, 2019]	3	2
3YdT8QvV4QvY4DfVJhxdcZ	Grace VanderWaal	['post-teen pop']	[2017, 2018]	3	0
3CjlHNtplJyTf9npxaPl5w	CHVRCHES	['indietronica', 'metropopolis', 'neo-synthpop', 'shimmer pop']	[2018, 2019, 2021]	3	1
4qBgvVog0wzW75IQ48mU7v	KYLE	['deep underground hip hop', 'indie pop rap', 'pop rap', 'viral trap']	[2017, 2018]	3	3
15k33gArN2NU6cEYyQC3xZ	Lisa Ajax	['melodipop', 'swedish idol pop', 'swedish pop']	[2017, 2018, 2019]	3	2
2gsggkzM5R49q6jpPvazou	Jessie J	['dance pop', 'pop']	[2017, 2018, 2019]	3	1
7keGfmQR4X5w0two1xKZ7d	Kungs	['edm', 'pop dance']	[2017, 2018]	3	3
5gw5ANPCVcxU0maLiGRzzP	Billy Raffoul	['canadian pop']	[2017, 2018]	3	3
5paQT78PtTz59108hibz4G	Omar Noir	['norwegian hip hop']	[2018, 2019, 2021, 2022]	3	3
0vqJkZ0RpLZixt3lTmD8vP	Whethan	['electropop', 'hyperpop', 'rage rap']	[2017, 2018, 2019]	3	3
5f8j6b7LRg4sRxNK0aLF77	Stian Thorbjørnsen	[]	[2018, 2021]	3	3
6dR0S3XklzzxSW4boUSRFk	Robin og Bugge	['norwegian hip hop', 'norwegian pop', 'russelater']	[2017, 2018]	3	2
1YwMnnHvnG64fJxYSVwmN6	Branco	['danish hip hop', 'danish pop']	[2018, 2021]	3	3
1TcbdifqhtxLz77unBYJ7z	CORSAK	['chinese electropop']	[2018, 2019, 2021]	3	3
4BxCuXFJrSWGi1KHcVqaU4	Kodaline	['irish pop', 'modern rock']	[2017, 2018]	3	1
5nCi3BB41mBaMH9gfr6Su0	fun.	['baroque pop', 'metropopolis']	[2017, 2018, 2019]	3	0
3qm84nBOXUEQ2vnTfUTTFC	Guns N' Roses	['glam metal', 'hard rock', 'rock']	[2018]	3	0
6TlWqqdj65mppNUHZVkjaq	Victor Crone	['melodipop', 'swedish pop']	[2017, 2018, 2019]	3	2
5rXanKVc707nhQmW1Is2pB	Jimi Somewhere	[]	[2018, 2019, 2021]	3	3
0KmBIwN1qmQbXpR4wtJX88	Fieh	['norwegian contemporary jazz', 'norwegian indie', 'norwegian pop', 'scandinavian r&b']	[2017, 2018, 2022]	3	0
0hlCFEyzGGcZdjQpQ0o6Em	Kajander	['nordnorsk musikk']	[2017, 2018]	3	0
2uFC1dAj5b0YU7vulKNZ0p	Banx & Ranx	['basshall']	[2018, 2021, 2022]	3	3
4VZY0nxYMSNotbS7WjNVQy	Nyla	[]	[2017, 2018]	3	3
7guDJrEfX3qb6FEbdPA5qi	Stevie Wonder	['motown', 'soul']	[2018, 2021]	3	1
2txHhyCwHjUEpJjWrEyqyX	Tom Odell	['chill pop']	[2018, 2021, 2022]	3	0
6dC0rIJNLSFZwqckLgXJ8p	Timeflies	['indie pop rap']	[2017]	3	1
7ypOZKaKGrCf3V6pOuaXiM	Alexander Oscar	['danish pop']	[2017, 2019, 2021]	3	3
6d47Z08T4snK50HgTEHo5Z	Sage The Gemini	['hyphy', 'pop rap', 'southern hip hop', 'trap']	[2017]	3	1
03oWHkoyY0FiH2IggqwhlW	BEK & Wallin	['melbourne bounce international', 'russelater']	[2017]	3	3
0uGApGjjFXKwUOAqYBeX7B	Deepend	['deep house', 'deep tropical house', 'tropical house']	[2017, 2019]	3	3
2gg6bYmZMZbhGfLBvqnhaP	Future Duper	[]	[2017]	3	2
1qskAseW7apRxJBpYAO9Yk	Felix Snow	[]	[2017]	3	3
3LzHaN3Y3gT35BudaFqVyy	Kamferdrops	['swedish pop']	[2017]	3	0
1V3VTM7VspiQjcmRhC010n	Quintino	['dutch edm', 'dutch house', 'edm', 'electro house', 'pop dance', 'progressive electro house', 'slap house']	[2017, 2019]	3	2
3aGFCoR8xGN6DKwvdzeSja	ILOVEMAKONNEN	['atl hip hop', 'lgbtq+ hip hop', 'trap']	[2017, 2019]	3	3
14mErTJ0ubFVjx2zBAwjkE	Brandyn Burnette	[]	[2017, 2019]	3	3
5fahUm8t5c0GIdeTq0ZaG8	Otto Knows	['dutch house', 'edm', 'electro house', 'pop dance', 'progressive electro house', 'progressive house']	[2017, 2019]	3	0
5MouCg6ta7zAxsfMEbc1uh	OMI	['reggae fusion']	[2017]	3	3
2UZMlIwnkgAEDBsw1Rejkn	Tom Petty	['album rock', 'classic rock', 'hard rock', 'heartland rock', 'mellow gold', 'rock', 'singer-songwriter', 'soft rock']	[2017]	3	0
6sge2FzdYxWSjWc5sBjmoy	Arrhult	['melodipop', 'scandipop']	[2017]	3	3
3iOvXCl6edW5Um0fXEBRXy	The xx	['downtempo', 'dream pop', 'indietronica']	[2017]	3	0
2FwJwEswyIUAljqgjNSHgP	Snakehips	['electropop']	[2017, 2019]	3	3
2HcwFjNelS49kFbfvMxQYw	Robbie Williams	['dance rock', 'europop']	[2017]	3	0
2w9zwq3AktTeYYMuhMjju8	INNA	['dance pop', 'romanian house', 'romanian pop']	[2017, 2021]	3	3
3CP896Rh0ogRHO8P6Ku4F2	Cal	[]	[2017]	3	1
1KKCcInu2MO0JR8m85Cfjr	Chris Haugan	['russelater']	[2017, 2019, 2021]	3	2
7EGsY3qX3O7bBC1glkQAGG	Kaveh Ali Mohammad	['norwegian hip hop', 'norwegian pop rap']	[2017, 2019, 2021]	3	1
3TNpNnN7Y8QhtJJnQ08YeF	iRO	[]	[2017, 2019]	3	3
5qQFXHDOeYjiZVrCUO56Pk	Maia Wright	['vocal trance']	[2017, 2019]	3	3
1WO1hFAkFbeo9tV3uVX7Dy	A1 x J1	['chill drill', 'melodic drill']	[2021, 2022]	3	2
69761NObDw2KwmmFgZmxzC	Lexi Jayde	['alt z']	[2022]	3	0
3rWZHrfrsPBxVy692yAIxF	WILLOW	['afrofuturism', 'pop', 'post-teen pop', 'pov: indie']	[2021, 2022]	3	3
2VSHKHBTiXWplO8lxcnUC9	GAYLE	['modern alternative pop']	[2021, 2022]	3	0
22viLaDXyY28fd1WvDraoZ	Martine Lunde	[]	[2019, 2021, 2022]	3	3
2GZeZUYvAiZYRRBRBpOjrG	Kris Winther	['russelater']	[2021, 2022]	3	3
1qN9U0yBn6fvVbz0GXSCsc	SuperJonny	[]	[2021, 2022]	3	3
3ghekvbJpcKDGyauENQfzT	Rapposaurus Rex	[]	[2021, 2022]	3	3
65RF0CIG7aJEWRcdHIbdLN	LamboLaz	[]	[2021, 2022]	3	3
4ihTfE4MtCrKerRYHU7e4p	Tommy Tee	['norwegian hip hop']	[2021, 2022]	3	3
1gPhS1zisyXr5dHTYZyiMe	Kevin Gates	['baton rouge rap', 'rap', 'trap']	[2021, 2022]	3	1
2yLzlEFtIS0Q9UkyBZdQA7	Jessie Murph	['alt z', 'singer-songwriter pop']	[2021, 2022]	3	0
1Cd373x8qzC7SNUg5IToqp	BoyWithUke	['sad rap']	[2021, 2022]	3	0
5tmpQH4ahxiqKtwqyUfR0d	Emma Schneider	[]	[2021, 2022]	3	1
3FoFW2AoUGRHBacC6i4x4p	Russ Millions	['melodic drill', 'uk drill']	[2021, 2022]	3	3
6DPYiyq5kWVQS4RGwxzPC7	Dr. Dre	['g funk', 'gangster rap', 'hip hop', 'rap', 'west coast rap']	[2022]	3	3
75VKfyoBlkmrJFDqo1o2VY	Fireboy DML	['afrobeats', 'nigerian pop']	[2021, 2022]	3	3
0MVtdQmPsEozKSPjeLUyn1	Kevin Lauren	[]	[2021, 2022]	3	3
2kCO8LXN1usaOPL3iEE28I	Tai Verdes	['modern indie pop', 'singer-songwriter pop']	[2021, 2022]	3	0
6U3ybJ9UHNKEdsH7ktGBZ7	JID	['hip hop', 'rap', 'underground hip hop']	[2019, 2021, 2022]	3	3
20cmhoGvN0eyzhmsHJH1Mg	Luude	['aussietronica']	[2022]	3	3
5mxB08ktCukEhGMg2YZeEv	Colin Hay	['solo wave']	[2022]	3	3
34yalNbmu76FgEtORg2yVp	Oscar Blesson	['norwegian pop rap']	[2021, 2022]	3	3
6hvYVDtoWdLHQKRSEyl7oq	VILDE	['norwegian pop']	[2019, 2021, 2022]	3	0
6rYEqmajzlhGVaayOJ2bpJ	Yasin	['swedish gangsta rap', 'swedish hip hop', 'swedish trap', 'swedish trap pop']	[2021, 2022]	3	0
1xr2G8Hlx4QWmT9HaUbmoO	Young Stoner Life	['pop rap']	[2021]	3	3
5SXuuuRpukkTvsLuUknva1	Baby Keem	['hip hop', 'rap']	[2021]	3	3
1HwM5zlC5qNWhJtM00yXzG	DMX	['east coast hip hop', 'gangster rap', 'hardcore hip hop', 'hip hop', 'rap']	[2021]	3	0
2SGPu2oXXdaqh4KQL8lCsT	Sverre Eide	['talentkonkurranse']	[2021]	3	0
5I6WLC9Auo6aeTRHPQbdOv	Fallen Roses	['lo-fi latino']	[2021]	3	3
5QCGlnijOcNxsXXNzZkcWL	Lujavo	['mexican edm']	[2021]	3	3
191rVxQbbZ05wcICUSvLkz	Turbonegro	"['glam punk', 'norwegian punk rock', 'norwegian rock', ""punk 'n' roll""]"	[2021]	3	0
7zLm9op6LgPqKL62d1FzhO	ADAAM	['swedish hip hop', 'swedish trap pop']	[2021]	3	2
0WDI0f4hXiPrIrS4TUJDX7	Mo Ayn	['norwegian pop rap']	[2021]	3	3
52iOjoWrTb6PywzCQjyKNl	Daniel Obede	['norwegian pop rap']	[2019, 2021]	3	2
52mPvOOfTMv7NJXKB9ZlqO	Abu	[]	[2021]	3	3
7m0BsF0t3K9WQFgKoPejfk	ArrDee	['uk hip hop']	[2021]	3	1
1U1el3k54VvEUzo3ybLPlM	Kali Uchis	['colombian pop']	[2021]	3	2
7vWC03wqXwUqjPON8hc1tz	TELYKAST	[]	[2021]	3	3
1mcTU81TzQhprhouKaTkpq	Rauw Alejandro	['puerto rican pop', 'reggaeton', 'trap latino', 'urbano latino']	[2021]	3	1
0EeQBlQJFiAfJeVN2vT9s0	Nipsey Hussle	['conscious hip hop', 'gangster rap', 'hip hop', 'pop rap', 'rap', 'southern hip hop', 'trap']	[2019, 2021]	3	3
5R3Hr2cnCCjt220Jmt2xLf	Dillon Francis	['brostep', 'edm', 'electro house', 'moombahton', 'pop dance', 'progressive electro house', 'slap house']	[2019, 2021]	3	3
3A9uzW3A0TSd7VNzjdEPcV	Mina Lund	['talentkonkurranse']	[2019]	3	1
3XINWZaloea97SIRiyTJxX	DubVision	['big room', 'dutch house', 'edm', 'electro house', 'pop dance', 'progressive electro house', 'progressive house']	[2020]	2	2
4bvWFV51SAEocM22uiDOza	Pretty Sister	['la pop']	[2017, 2020]	2	2
5T8zbK3dic52T9bFu0aY8z	Sophia Somajo	['swedish electropop']	[2018, 2019, 2020]	2	2
28ExwzUQsvgJooOI0X1mr3	Jay Rock	['conscious hip hop', 'hip hop', 'rap', 'southern hip hop', 'trap']	[2018, 2020]	2	2
5NhgsV7qPWHZqYEMKzbYvo	Faouzia	['alt z', 'canadian pop']	[2020]	2	2
7K78lVZ8XzkjfRSI7570FF	José Feliciano	['latin pop', 'puerto rican pop']	[2017, 2018, 2019, 2020, 2021]	2	0
4SR9oxWziAoPR4kTrekBi6	Samir & Viktor	['swedish pop']	[2020]	2	2
1UTPBmNbXNTittyMJrNkvw	Blake Shelton	['classic oklahoma country', 'contemporary country', 'country', 'country road']	[2018, 2019, 2020, 2021]	2	2
6Rmg5JiRphFMlhkwGNl9Fu	Tom Gregory	['uk pop']	[2020]	2	1
1yqxFtPHKcGcv6SXZNdyT9	MK	['house', 'pop dance']	[2018, 2020]	2	2
1hzfo8twXdOegF3xireCYs	Milky Chance	['german pop', 'modern rock']	[2017, 2020]	2	1
4zCBJOtUKo7uZiDfPLhujv	Raylee	['norwegian pop']	[2020, 2021]	2	0
4AK6F7OLvEQ5QYCBNiQWHq	One Direction	['boy band', 'pop', 'post-teen pop', 'talent show']	[2020]	2	0
6LXRvV2OAtXF7685fzh3mj	Rowdy Rebel	['nyc rap']	[2020]	2	2
7KHA7OOevgTDFhlym0oEyP	Adriana Proenza	['spanish indie pop']	[2019, 2020]	2	2
7MPGCB854Qo4alYMOPkBka	Ritt Momney	['bedroom pop']	[2020, 2021]	2	0
6USMTwO0MNDnKte5a5h0xx	Y2K	['pop rap', 'viral rap']	[2019, 2020]	2	2
0ceH34CATvfgphxnLRWFkm	9lokknine	['florida drill', 'florida rap']	[2019, 2020]	2	2
1lel1kMN3SUvXOtrO2tmfr	Meland x Hauken	['russelater']	[2017, 2020]	2	2
3btNpz9NEJ8ml352B8S7Qr	Harry Hudson	['pop r&b']	[2020]	2	2
0xJDUCdcDcqw5SpRXzZljC	Kung Vladimir	['russelater']	[2019, 2020]	2	0
4STHEaNw4mPZ2tzheohgXB	Paul McCartney	['beatlesque', 'classic rock', 'rock']	[2018, 2019, 2020, 2021]	2	0
5KYEMMz9O9iLIESifKAEOp	WhoHeem	['viral rap']	[2020]	2	0
1HIBjVzHAL7l9dOnKllH5J	Rikard Nordraak	['norwegian classical']	[2017, 2018, 2019, 2020, 2021]	2	2
11LPmaVCc0NqqKm7x4mDeb	Bjørnstjerne Bjørnson	['eventyr']	[2019, 2020, 2021]	2	2
77tT1kLj6mCWtFNqiOmP9H	Daryl Hall & John Oates	['album rock', 'classic rock', 'heartland rock', 'mellow gold', 'rock', 'singer-songwriter', 'soft rock', 'yacht rock']	[2017, 2018, 2019, 2020, 2021]	2	0
5RCWMaArEntbkeWYVxCiFW	Everybody Loves an Outlaw	['modern blues rock']	[2020]	2	0
7axZFTseO96HmG1u4ABDAI	RØRY	[]	[2020]	2	2
0RViEWnZO2VhmY4oI0PhF9	Mesto	['dutch edm', 'dutch house', 'future house', 'pop dance', 'pop edm', 'progressive electro house']	[2019, 2020]	2	2
7MFJyevu6jq0shwDuVLymu	Justin Mylo	['dutch house', 'electro house', 'pop dance', 'pop edm', 'progressive electro house']	[2018, 2020]	2	2
1b8ljnpfobgVCaVa58HdWO	Cristian Brennhovd	[]	[2020]	2	1
7oPftvlwr6VrsViSDV7fJY	Green Day	['modern rock', 'permanent wave', 'punk', 'rock']	[2020]	2	0
0Q6X1jqwOVQuclYp2P1bub	Sondre Lerche	['bergen indie', 'norske viser']	[2018, 2020]	2	1
6pe92iYUnYByNR6uMcfZ4V	emma	[]	[2017, 2018, 2019, 2020, 2021]	2	0
4tw2Lmn9tTPUv7Gy7mVPI4	Kenny Rogers	['classic country pop', 'country', 'nashville sound']	[2020]	2	1
4iFfQpzvTJDhqmSi28EhYu	Olivera	[]	[2017, 2020]	2	1
5qMHOzLlXeOEjOncWYtRfZ	Stevie Appleton	[]	[2019, 2020]	2	2
3O5HD95HTEPgoPFOjAb7yV	DripReport	['viral rap']	[2020]	2	0
35S20clEkkSNUo23ViaslZ	Band Aid	['musical advocacy']	[2017, 2018, 2019, 2020, 2021]	2	0
3Hb64DQZIhDCgyHKrzBXOL	Daði Freyr	['icelandic pop', 'sunnlensk tonlist']	[2020, 2021]	2	0
0V19xSmnxQAMW0AhjLeUSB	Victor Sotberg	['barnemusikk']	[2020, 2021, 2022]	2	0
1WsYCXdezMjn0KoIrLvMmC	Ed Sheeran & Justin Bieber	[]	[2019, 2020]	2	2
0Yr4BBpK2dkCp2UsrJ9LZN	Bankrol Hayden	['melodic rap']	[2020]	2	1
5cIc3SBFuBLVxJz58W2tU9	Oh Wonder	['electropop', 'indie poptimism', 'pov: indie']	[2017, 2020]	2	2
0ijmTKTGsjqOXfL5mWgUXC	Mike Emilio	['melbourne bounce international', 'russelater']	[2020]	2	2
7ecUintnJKHsDyZT1qOPYZ	SUD	['covertronica']	[2020]	2	2
21dooacK2WGBB5amYvKyfM	Smokepurpp	['melodic rap', 'miami hip hop', 'trap', 'underground hip hop']	[2020]	2	2
0NWbwDZY1VkRqFafuQm6wk	Mike WiLL Made-It	['atl hip hop', 'rap', 'southern hip hop', 'trap']	[2018, 2020]	2	2
3l0CmX0FuQjFxr8SK7Vqag	Clairo	['bedroom pop', 'indie pop', 'pop', 'pov: indie']	[2020]	2	1
3S42tRBTRdxmtBii6z0Lt1	Svingenkoret	[]	[2017, 2018, 2019, 2020, 2021]	2	0
09JJrjk6Mr5ZYwk1mk7aEb	Love Harder	[]	[2020]	2	2
0gadJ2b9A4SKsB1RFkBb66	Passenger	['folk-pop', 'neo mellow']	[2017, 2018, 2019, 2020, 2021, 2022]	2	0
2vf4pRsEY6LpL5tKmqWb64	Elderbrook	[]	[2020, 2021]	2	2
0xOeVMOz2fVg5BJY3N6akT	Jaden	['pop rap', 'rap']	[2018, 2020]	2	2
4sj6D0zlMOl25nprDJBiU9	Andy Williams	['adult standards', 'easy listening']	[2017, 2018, 2019, 2020, 2021]	2	0
35GL8Cu2GKTcHzKGi75xl5	Jennifer Hudson	['dance pop', 'r&b', 'urban contemporary']	[2020]	2	2
11kCkdHKt7MYt0nkyj8XjP	Jonathan Floyd	[]	[2020, 2021]	2	1
4ETSs924pXMzjIeD6E9b4u	Surfaces	['bedroom soul']	[2020, 2021]	2	0
5yIIaTNUpUuzW0eP4Rfjo3	Ina Svenningdal	[]	[2017, 2018, 2019, 2020, 2021]	2	2
0NyzfcGDZZ6GM25EBG9BYK	Ray Parker Jr.	[]	[2018, 2019, 2020, 2021]	2	0
7KXt61GtLmrIizwZkpZa5C	Maximus	['swedish pop rap']	[2020, 2021]	2	0
63XBtGSEZINSyXylZxEUbv	Victoria Monét	['alternative r&b']	[2019, 2020]	2	2
3PyJHH2wyfQK3WZrk9rpmP	Ashnikko	['alt z', 'escape room']	[2019, 2020]	2	1
2MT1u0GqGp2d8XLjY3F8ln	433	[]	[2020]	2	2
7e1BNCygl2Gf7CX8LrByPv	Ummet Ozcan	['big room', 'dutch house', 'edm', 'electro house', 'pop dance', 'progressive electro house']	[2018, 2020]	2	2
7iK8PXO48WeuP03g8YR51W	Myke Towers	['reggaeton', 'trap latino', 'urbano latino']	[2020, 2021]	2	2
2KKEHaytKaKmYqM7QTQtdC	DJ Fistmagnet	[]	[2019, 2020, 2021]	2	2
0XejwxfiEfCuurSobstrRW	brenn.	['norwegian alternative rock', 'norwegian indie']	[2020, 2022]	2	1
7CZOsaSdCjplFFUK3Eoaq1	Henrik	['mgpjr']	[2019, 2020, 2021]	2	2
0yFZiiyvYfWkIaPbkbb5ER	Alexandra	[]	[2019, 2020, 2021]	2	1
2pzYhY6YU6IaIYIIE8qzkt	Ida Celine	[]	[2020, 2021]	2	1
73Np75Wv2tju61Eo9Zw4IR	Idina Menzel	['hollywood', 'movie tunes', 'show tunes']	[2017, 2018, 2019, 2020, 2021]	2	2
4yhRrKbyZyoKNHY3jR7T7K	Sarpsborg Kammerkor	[]	[2018, 2020, 2021]	2	2
6x2LnllRG5uGarZMsD4iO8	Thomas Rhett	['contemporary country', 'country', 'country road', 'modern country rock']	[2020]	2	2
4W6fwRbqEy1dfEoE6OCyZu	Mathieu Koss	['new french touch']	[2020]	2	2
28uJnu5EsrGml2tBd7y8ts	Vintage Culture	['brazilian edm']	[2020]	2	2
58xkl87fmUiE7iA9jPcge8	FELA	['afrobeat', 'norwegian hip hop']	[2020]	2	2
6ObeGN1qTsep95QRNOfNc3	Mangoo	['swedish eurodance']	[2019, 2020]	2	2
1igVsxmGxt1VTKPulM0EuA	Jungleboi	[]	[2019, 2020]	2	2
3C3lXCQIV1vG5SHt8pB5lj	Rein Alexander	['classic norwegian pop']	[2020, 2021]	2	0
0bMKf3lIYR9GaNTdFKkTOr	Zonderling	['dutch house', 'electro house', 'progressive house']	[2017, 2020]	2	2
2t1vHqFELDwweQWM6JYxHG	Kelvin Jones	['uk pop']	[2020, 2021]	2	2
3pVuaUisHmRfVy53qWwmql	Daniel Schulz	['scandipop']	[2018, 2020]	2	1
5WdqBAQhGFCrZvBKXiPIu7	The Him	['big room', 'deep tropical house', 'pop dance', 'pop edm']	[2018, 2020]	2	2
0iQDOaYEA5i9RAF0Z73iXb	Angelina Jordan	['contemporary vocal jazz']	[2017, 2018, 2019, 2020]	2	1
0kXCdaJ7C5MD27jXxzvHsa	Ahrix	['gaming edm']	[2020, 2021]	2	2
4k4rM8rhou3XLx0x5UhDfW	Kutoppen	['barnemusikk']	[2020]	2	2
3tJoFztHeIJkJWMrx0td2f	Moneybagg Yo	['memphis hip hop', 'rap', 'southern hip hop', 'tennessee hip hop', 'trap']	[2020, 2021]	2	2
71jSVPQ6yskfyvWeiwvT5s	S1mba	['afroswing']	[2020]	2	2
6w3Rnp6LwJ0BdWgHBiMlqN	JONE	[]	[2020, 2021]	2	2
0QDZQHT2v9vicL3L5FKc0r	Nora Collective	['norwegian pop rap']	[2020]	2	2
1KP6TWI40m7p3QBTU6u2xo	BØRNS	['indie poptimism', 'indietronica', 'modern alternative rock', 'modern rock', 'pov: indie']	[2018, 2020]	2	1
3i94wxAKQqlJyiPLDmjNdH	St. Lundi	['uk pop']	[2020]	2	2
25sJFKMqDENdsTF7zRXoif	Klaas	['german dance']	[2020]	2	1
0JXiS2FrAg3wQYJHcmZdrc	B. Swanson Quartet	[]	[2017, 2018, 2019, 2020, 2021]	2	2
2jw70GZXlAI8QzWeY2bgRc	Nelly Furtado	['canadian latin', 'canadian pop', 'dance pop', 'pop']	[2020, 2021, 2022]	2	1
5Y5TRrQiqgUO4S36tzjIRZ	Timbaland	['dance pop', 'pop', 'pop rap']	[2018, 2020, 2021]	2	2
056J6t3Al26M9Y0IKvbvpo	Hans Rotmo	['trondersk musikk']	[2017, 2019, 2020, 2021]	2	0
0bpQng10brqSAJkmTE4M7s	Erik Follestad	[]	[2018, 2019, 2020, 2021]	2	2
4mh3iy6yf2oZYSiy2fdccM	Molly Hammar	['swedish idol pop', 'swedish pop']	[2018, 2020]	2	2
0dR988NNn8lrFhXTOxyJfZ	AWA	['swedish idol pop']	[2020, 2021]	2	2
5XSqkcbAbupm71wW5B2iEe	Eirik Lyng	['nordnorsk musikk']	[2019, 2020]	2	0
5yPzzu25VzEk8qrGTLIrE1	Young Nudy	['pluggnb', 'rap', 'trap']	[2019, 2020]	2	2
164hs3x1Tsp3FgJWNHee1r	The Citizens of Halloween	['halloween']	[2019, 2020]	2	0
2GcolZwQbCQCE4Nm37IiWL	Malin	['mgpjr']	[2019, 2020]	2	0
0NbfKEOTQCcwd6o7wSDOHI	The Game	['gangster rap', 'hip hop', 'pop rap', 'rap', 'southern hip hop', 'trap']	[2020, 2022]	2	2
59wfkuBoNyhDMQGCljbUbA	Diddy	['dance pop', 'east coast hip hop', 'hip hop', 'hip pop', 'pop rap', 'rap']	[2018, 2020]	2	2
67nwj3Y5sZQLl72VNUHEYE	Wale	['pop rap', 'r&b', 'rap', 'southern hip hop', 'trap']	[2017, 2020]	2	2
2cADQgiLMjNhbsfeN52Bf3	Swizz Beatz	['battle rap', 'dirty south rap', 'southern hip hop', 'trap']	[2018, 2020]	2	2
6Ha4aES39QiVjR0L2lwuwq	Yo Gotti	['dirty south rap', 'gangster rap', 'memphis hip hop', 'rap', 'southern hip hop', 'tennessee hip hop', 'trap']	[2018, 2020]	2	2
4gOc8TsQed9eqnqJct2c5v	K/DA	['k-pop girl group']	[2018, 2020]	2	2
2AfmfGFbe0A0WsTYm0SDTx	(G)I-DLE	['k-pop', 'k-pop girl group']	[2018, 2020]	2	2
0tRFWXqKBBQcu5oFVOgVzX	Jaira Burns	['alt z']	[2018, 2020]	2	2
30B2OY2t19A6zCXGFUNlGB	Petey Martin	[]	[2019, 2020]	2	2
5cu2Bm022xHLEMyDbFv7Td	Travellin' Strawberries	[]	[2017, 2018, 2019, 2020, 2021]	2	0
1lmU3giNF3CSbkVSQmLpHQ	Surf Mesa	[]	[2020, 2021]	2	2
1cGAI8rl33xtRQW12YsnTq	Petter Northug Jr	[]	[2020, 2021]	2	0
0hxW1uZPEjt4wuu9wNDF2y	Matt Nash	['progressive electro house', 'sky room']	[2020, 2021]	2	0
085pc2PYOi8bGKj0PNjekA	will.i.am	['dance pop', 'pop']	[2018, 2019, 2020]	2	2
5yy76ufVriyvidNSvXlRU1	Clever	['alabama rap']	[2020, 2021]	2	2
04yB9kBsaEQgT8hFfcsQik	Mustard	[]	[2019, 2020]	2	2
0Rr2EFrjG1MklON3zLBXOc	Aslag Haugen	[]	[2020, 2021]	2	2
1eEfMU2AhEo7XnKgL7c304	Carpenters	['adult standards', 'mellow gold', 'soft rock']	[2017, 2018, 2019, 2020]	2	0
5nLYd9ST4Cnwy6NHaCxbj8	CeeLo Green	['atl hip hop']	[2017, 2018, 2019, 2020]	2	2
37ZvFp654tY74Z1D2TLOGR	Trombone Shorty	['jazz trombone', 'new orleans funk']	[2017, 2018, 2019, 2020]	2	2
20j1uz7iDOtIvIzCr5S8nx	SEUNGRI	['k-pop']	[2018, 2019, 2020]	2	2
6nVcHLIgY5pE2YCl8ubca1	Jhayco	['reggaeton', 'trap latino', 'urbano latino']	[2020, 2021]	2	2
6K2UrKcl0B8oxLrZUl4DA4	Jaa9	['norwegian hip hop']	[2020]	2	2
3xvaSlT4xsyk6lY1ESOspO	Disney	"[""children's music"", 'movie tunes']"	[2019, 2020, 2021]	2	2
5BcAKTbp20cv7tC5VqPFoC	Macklemore & Ryan Lewis	['pop rap', 'seattle hip hop']	[2017, 2018, 2019, 2020, 2021, 2022]	2	2
4myTppRgh0rojLxx8RycOp	Ryan Lewis	['pop rap']	[2017, 2018, 2019, 2020, 2021, 2022]	2	2
4e0nWw2r4BoQSKPQ2zpU13	Ray Dalton	[]	[2017, 2018, 2019, 2020, 2021, 2022]	2	2
4nljnlPiswjFIoVpLGn8Wc	MishCatt	['indie tico', 'pop costarricense']	[2019, 2020]	2	1
12A83CWwFiyXy90ScLWPIe	LIZOT	['big room', 'german dance', 'slap house']	[2020, 2021]	2	2
4RVnAU35WRWra6OZ3CbbMA	Kylie Minogue	['australian dance', 'australian pop', 'dance pop', 'eurodance', 'new wave pop']	[2017, 2018, 2019, 2020, 2021]	2	1
16oZKvXb6WkQlVAjwo2Wbg	The Lumineers	['folk-pop', 'modern rock', 'neo mellow', 'stomp and holler']	[2019, 2020, 2021]	2	0
4yvcSjfu4PC0CYQyLy4wSq	Glass Animals	['gauze pop', 'indietronica', 'modern rock', 'pov: indie', 'shiver pop']	[2020, 2021, 2022]	2	0
4oUHIQIBe0LHzYfvXNW4QM	Morgan Wallen	['contemporary country']	[2019, 2020]	2	2
4Eoddnw0pOewmCHQYofuwh	Fancy Inc	['brazilian bass', 'brazilian edm']	[2020, 2021]	2	2
2XnY6NZ6rENbLMYabjkRey	Toby Romeo	[]	[2020, 2021]	2	2
1XynjLPAyPi8SZAx8LHN0Z	Nuka	[]	[2020, 2021]	2	2
7aBzpmFXB4WWpPl2F7RjBe	Wyclef Jean	['rap kreyol']	[2017, 2018, 2019, 2020, 2021, 2022]	2	2
7vPGzgDg3qGUY5bWtrO3K4	Conkarah	['jawaiian']	[2020]	2	2
2fZcYu4ltOFdwsnDmLQ9jl	DJ Fle	[]	[2020]	2	2
3uFum0NCM1PtmCO0MwsOAt	Carola	['classic swedish pop', 'swedish pop']	[2017, 2018, 2019, 2020]	2	0
2o08sCWF5yyo2G4DCiT7T9	HVME	['slap house']	[2020, 2021]	2	1
4vUotXh0gFb0JRo5w8QQQ3	Sol Heilo	['norwegian singer-songwriter']	[2019, 2020]	2	2
4RTCIP5yp2tL1AtBCq7ukj	Amba Shepherd	[]	[2020, 2021]	2	2
1svaANJTE5KrG16fTGDqOs	The Puppini Sisters	['easy listening', 'swing', 'swing revival']	[2017, 2018, 2019, 2020, 2021]	2	2
0Cp8WN4V8Tu4QJQwCN5Md4	BENEE	['alt z', 'nz pop']	[2020]	2	1
5deLgmgAEgy8UHOfJ9Dj8w	Ilkay Sencan	['turkish deep house', 'turkish edm']	[2019, 2020]	2	2
3nrfzIi6ogaBJOL6iyGsP0	Thomas Gregersen	[]	[2017, 2020, 2021]	2	2
4BThBqcTzRGFRvbddMykk7	Karma Child	[]	[2020, 2021]	2	2
1IxP1g9VrPzJqXFCsuyHKe	Måns Zelmerlöw	['swedish idol pop', 'swedish pop']	[2020, 2021]	2	1
0MHgLfmQdutffmvWe5XBTN	Burl Ives	['adult standards', 'american folk revival']	[2018, 2019, 2020, 2021]	2	0
4x1nvY2FN8jxqAFA0DA02H	John Lennon	['beatlesque', 'classic rock', 'rock']	[2017, 2018, 2019, 2020, 2021]	2	2
2s4tjL6W3qrblOe0raIzwJ	Yoko Ono	['experimental', 'experimental pop']	[2017, 2018, 2019, 2020, 2021]	2	2
3UmBeGyNwr4iDWi1vTxWi8	Gerry & The Pacemakers	['british invasion', 'merseybeat', 'rock-and-roll']	[2018, 2019, 2020]	2	0
4Ui2kfOqGujY81UcPrb5KE	HAIM	['indietronica', 'metropopolis']	[2017, 2020]	2	1
76M2Ekj8bG8W7X2nbx2CpF	NGHTMRE	['brostep', 'edm', 'electro house']	[2018, 2020]	2	2
3sX49HZvwvW0hzWb7Ee1Al	Izabell	['norwegian hip hop']	[2017, 2020]	2	1
4jpsw9CQS439N0B7SecMgf	Ant Saunders	['chill r&b', 'viral rap']	[2019, 2020]	2	0
2bxxlINUlcMQQb39K7IopR	Abraham Mateo	['latin arena pop', 'latin pop', 'latin viral pop', 'reggaeton', 'spanish pop']	[2017, 2020]	2	2
3EiLUeyEcA6fbRPSHkG5kb	De La Ghetto	['reggaeton', 'reggaeton flow', 'trap latino', 'urbano latino']	[2018, 2020]	2	2
21451j1KhjAiaYKflxBjr1	Zion & Lennox	['reggaeton', 'urbano latino']	[2017, 2018, 2020]	2	2
6MF9fzBmfXghAz953czmBC	Taio Cruz	['dance pop', 'pop', 'pop rap']	[2017, 2020, 2021, 2022]	2	1
1ofCqVykGobhrQ1Kj9vzSu	Henrik Wergeland	[]	[2020, 2021]	2	2
4jDfxoTKFP0mLHlQpkRtwf	Even Kvam	[]	[2020]	2	0
5wXRHaEx8AvtUv0gyZHGf6	Newkid	['swedish idol pop', 'swedish pop']	[2019, 2020]	2	2
4QQgXkCYTt3BlENzhyNETg	Earth, Wind & Fire	['disco', 'funk', 'jazz funk', 'soul']	[2018, 2020, 2021]	2	0
2L3kwZFd16zjHz9a5kEPAm	Ane Brun	['melancholia', 'norwegian singer-songwriter']	[2017, 2020]	2	1
5fmvGUlMVgmnCn45f1he7d	Andrew Gold	['underground power pop']	[2020, 2021]	2	0
41qil2VaGbD194gaEcmmyx	Will Smith	['hip hop', 'pop rap']	[2018, 2020]	2	2
4T2k9bgIoC8bbqjqiEl9vZ	Rhys Lewis	['uk pop']	[2019, 2020]	2	1
4za0lLxhPWR2RTvDVmlVy5	River	[]	[2020, 2021]	2	1
5v8jlSmAQfrkTjAlpUfWtu	Perry Como	['adult standards', 'easy listening']	[2017, 2018, 2019, 2020, 2021]	2	2
1Ml4OuStDoympbREURAM15	The Fontane Sisters	['deep adult standards', 'vocal harmony group']	[2017, 2018, 2019, 2020, 2021]	2	2
0HS96tPggl2nwiz3gNWWI5	Mitchell Ayres & His Orchestra	"[""man's orchestra""]"	[2017, 2018, 2019, 2020, 2021]	2	2
7vXDAI8JwjW531ouMGbfcp	TINI	['latin pop', 'pop argentino']	[2019, 2020]	2	2
3FUY2gzHeIiaesXtOAdB7A	Train	['dance pop', 'neo mellow', 'pop', 'pop rock']	[2017, 2018, 2019, 2020, 2021]	2	0
1ZDET5tZjBIjNBb7WIqGTw	Richard Smitt	[]	[2018, 2019, 2020]	2	2
37Qsf5KCKljH7mL134xp4k	Saudi	['south african hip hop']	[2018]	2	2
7jZMxhsB8djyIbYmoiJSTs	Kiana Ledé	['r&b']	[2018, 2019]	2	2
6beUvFUlKliUYJdLOXNj9C	King Princess	['alt z', 'indie pop', 'nyc pop']	[2018, 2022]	2	1
5vQfv3s2Z2SRdPZKr82ABw	Dzeko	['canadian electronic', 'dutch house', 'edm', 'electro house', 'pop dance', 'progressive electro house']	[2018, 2019]	2	2
0e7UgnX6ObqqX5EcMeuA0E	Gasolin'	[]	[2018]	2	0
2JLqTvFXmC87BksiCsBezV	Matt Terry	['talent show']	[2017, 2018]	2	1
46CitWgnWrvF9t70C2p1Me	Daughter	['shimmer pop']	[2017, 2018, 2021]	2	0
39E15l8zeCDYpSZwFNX4G2	Eleni Foureira	['greek pop', 'laiko']	[2018]	2	0
1xHOAt9wZzZkPqGEPxUSVV	Wolfgang Wee	['norwegian house']	[2018]	2	2
7sv89W9sP0NujFoaPcurVZ	Markus Neby	[]	[2018]	2	2
3MPjnETEr8lNQAEk05Pxg8	DJ Anton	[]	[2017, 2018, 2019]	2	2
3JS43Ai7WHUajLPtWxd8JW	Tor Endresen	['classic norwegian pop', 'danseband']	[2018]	2	2
78G38bSvPxoyNTM9AzgkIP	Frank Løke	[]	[2018]	2	1
6roDXEmZ6AARdOUv6x5U2v	Felix Cartal	['canadian electronic', 'electro house', 'pop dance', 'pop edm']	[2017, 2018]	2	2
3rjHIPFed2qITXAWvArRtp	Iselin	['norwegian pop']	[2018, 2019]	2	2
29QbBR0oTzA7A0kiOzrbbr	Jamie Scott	['uk pop']	[2017, 2018]	2	2
5gWzmnHTLNXz5CjOc0wAuK	Romy Dya	['dutch pop']	[2017, 2018]	2	2
4AA474G2hRfrHyGrfyDseO	Mozzy	['cali rap', 'sacramento hip hop']	[2018, 2021]	2	2
68kEuyFKyqrdQQLLsmiatm	Vince Staples	['conscious hip hop', 'hip hop', 'rap', 'underground hip hop']	[2018]	2	2
3kv1Edgn5HlEWCuEKr1Y9x	Yugen Blakrok	['south african hip hop', 'spiritual hip hop']	[2018]	2	2
13BXjgYUjBzIvo5KgVoDPb	Endre Nordvik	['norwegian pop', 'norwegian singer-songwriter']	[2018]	2	0
7DgIk8uWwFj3iCXWfol30a	Vin og Rap	['norwegian pop rap']	[2018, 2019]	2	2
7d3WFRME3vBY2cgoP38RDo	Lil Skies	['melodic rap']	[2018, 2019]	2	1
7nwUJBm0HE4ZxD3f5cy5ok	Aretha Franklin	['classic soul', 'jazz blues', 'memphis soul', 'soul', 'southern soul', 'vocal jazz']	[2018]	2	0
1QNQUlR0uLW0ovRuVRjYir	Josef Bamba	['scandipop']	[2018, 2019]	2	0
7c1rIwBQdZMoJD4VE9luoS	Saint clara	['danish pop']	[2017, 2018]	2	0
5lXfVoQxVgC5fpjkVqvNYn	Isaiah Firebrace	['australian pop']	[2017, 2018]	2	0
3OsRAKCvk37zwYcnzRf5XF	Moby	['downtempo', 'electronica']	[2018]	2	2
5lKZWd6HiSCLfnDGrq9RAm	Leona Lewis	['british soul', 'dance pop', 'pop', 'talent show']	[2018, 2019, 2021]	2	1
13eBZgrtCxy13v68lYjcMm	Aleksander Walmann	[]	[2017, 2018]	2	1
3WnmyxLdTHKN83h75tcb8P	Anis Don Demina	['fotbollslatar', 'swedish pop', 'swedish pop rap']	[2017, 2018]	2	1
7HkdQ0gt53LP4zmHsL0nap	Ella Mai	['r&b', 'rap', 'uk contemporary r&b']	[2018, 2019]	2	1
0t3QQl52F463sxGXb1ckhB	Betty Who	['australian dance', 'dance pop', 'electropop', 'metropopolis']	[2017, 2018]	2	2
3jHBxvZ9gbBkZ17wKUqVsO	Kent Jones	['miami hip hop', 'viral trap']	[2018]	2	1
26AHtbjWKiwYzsoGoUZq53	Pentatonix	['a cappella', 'viral pop']	[2017, 2018, 2019]	2	0
6NXk2pLFocS2OkNdT7ncBt	Trevor Guthrie	['canadian pop']	[2018, 2019]	2	2
46sPwUO4mwBrA1wnSK83tl	Hugh Skinner	['hollywood', 'movie tunes']	[2018]	2	2
5vViCpDnSSDRHtSmFhrKfY	Rune Rudberg	['classic norwegian pop', 'danseband']	[2018, 2021]	2	2
5me0Irg2ANcsgc93uaYrpb	The Notorious B.I.G.	['east coast hip hop', 'gangster rap', 'hardcore hip hop', 'hip hop', 'rap']	[2017, 2018]	2	2
7Gf3LSwa5hh8Cjo60WhVjC	India.Arie	['neo soul', 'r&b', 'urban contemporary']	[2017, 2018]	2	2
4H2b90USTVSstPktwUsDZE	Joe Sample	['jazz funk', 'jazz piano', 'smooth jazz']	[2017, 2018]	2	2
1vSN1fsvrzpbttOYGsliDr	Tori Kelly	['pop', 'post-teen pop']	[2017, 2018]	2	2
2urF8dgLVfDjunO0pcHUEe	Alvaro Soler	['latin pop']	[2018]	2	0
1L4nOFaQKejFy75REi9BKh	Christine Baranski	['hollywood']	[2018]	2	2
5Yi0y4bNdc04Oxk9l6nwXa	Julie Walters	['hollywood']	[2018]	2	2
2WzaAvm2bBCf4pEhyuDgCY	Ruth B.	['alt z', 'canadian contemporary r&b', 'canadian pop', 'pop']	[2017, 2018, 2021, 2022]	2	0
5eKqhPrKad0J9xGAtq3rW7	BURNS	['la pop', 'uk dance']	[2018, 2019]	2	2
2X97ZAqRKRMYFIDqtvGgGc	Silk City	['edm']	[2018]	2	2
6baWjwY7WiVPCZcW7pqqhz	Mapei	['swedish soul']	[2018, 2022]	2	2
5U2zidY0OdTB6P5axinwOZ	Jessica Keenan Wynn	[]	[2018]	2	2
30o4QIjXJukHg0IGC93AV1	Alexa Davies	['show tunes']	[2018]	2	2
0TkqXdyWLsssJH7okthMPQ	Jay Electronica	['alternative hip hop', 'conscious hip hop', 'drumless hip hop', 'hip hop', 'psychedelic hip hop']	[2018]	2	2
3gd8FJtBJtkRxdfbTu19U2	Mumford & Sons	['modern folk rock', 'modern rock', 'neo mellow', 'stomp and holler', 'uk americana']	[2018, 2019]	2	0
7Dz9goFmVZZqvJxZoKg7pF	Danelle Sandoval	['nyc pop']	[2017, 2018]	2	2
0pt7PX4Hftlg8mV1ySU84Q	CVBZ	['dark r&b']	[2017, 2018]	2	2
4isewEHTP7Az2QheDdBQ6J	24hrs	['trap soul']	[2017, 2018]	2	2
5wPoxI5si3eJsYYwyXV4Wi	N.E.R.D	['hip hop', 'virginia hip hop']	[2017, 2018]	2	2
4u5rOZ3ecm8hFzCskgOEw3	Innertier	['norwegian pop', 'russelater']	[2017, 2018]	2	2
6FD0unjzGQhX3b6eMccMJe	Ghostface Killah	['east coast hip hop', 'hardcore hip hop']	[2018, 2019]	2	2
1L9i6qZYIGQedgM9QLSyzb	Klingande	['deep house', 'pop dance', 'tropical house']	[2017, 2018]	2	1
4Z4afeDmHFxPmJorIwupbZ	Netta	['israeli pop']	[2018]	2	0
0T7reXiFs3nSJ5ARSVsCkR	FANNY	[]	[2017, 2018]	2	0
36SvDHIiV7VNyLLmChI1H6	Blvck O	['norwegian pop rap']	[2017, 2018]	2	2
48sLioddyaXkuhyHXSkpsB	Parson James	['pop soul']	[2017, 2018]	2	2
4phGZZrJZRo4ElhRtViYdl	Jason Mraz	['acoustic pop', 'dance pop', 'neo mellow', 'pop']	[2018]	2	0
3zrUX1hQrUB9aXcOiyQLmN	Stanaj	[]	[2017, 2018]	2	2
428AcTjeacj7BII9RwqqjN	Adrees	[]	[2017, 2018]	2	0
72luDUYRlE8N8lPSgyhiwo	John Gibbons	['uk dance']	[2017, 2018]	2	0
1TMa2M8BSbJP1rqX83wALz	Steerner	['deep pop edm', 'progressive electro house']	[2018]	2	0
1Xfv0o1xU7jH7M9QYod7rj	Chirag	['norwegian pop rap']	[2017, 2018, 2021]	2	2
1qGohIp3a4kh1Euymx0pyL	Ocean Park Standoff	['la pop']	[2018]	2	2
6D0UYqXOF2HFQOet85VDKd	Teddy Sky	[]	[2017, 2018]	2	2
4b8dLpJgJpNQYzu4AtXLt3	RØMANS	['uk pop']	[2018]	2	2
3EWxytcxaM0tksU6v3je2Q	kiLL edward	[]	[2018]	2	2
7Bcr2Bs6phLymt6kdqNNez	Greg Holden	['british singer-songwriter']	[2017, 2018]	2	2
7jdFEYD2LTYjfwxOdlVjmc	KALEO	['icelandic indie', 'icelandic rock', 'modern alternative rock']	[2017, 2018, 2021]	2	0
4wboOk2gce3HSH68NKRmHx	Arshad Maimouni	['norwegian pop rap']	[2017, 2018]	2	2
5ie2SvXgvXlTpyqkwLtSd7	Isak Danielson	['swedish singer-songwriter']	[2018, 2021]	2	1
2YYAp30sXeDAKiTLMfKGTT	The NGHBRS	['la pop']	[2018]	2	2
2t72CNJ7uXNS0Elu3QbB7s	Emilie Adams	[]	[2017, 2018]	2	1
3P33qFNGBVXl86yQYWspFj	Martina McBride	['contemporary country', 'country', 'country dawn', 'country road']	[2017, 2018]	2	2
5bepW5vcdRzheNc0F8lHJ5	Esperanza Spalding	['electric bass', 'jazz', 'jazz pop', 'vocal jazz']	[2018, 2019]	2	2
7kMyDVBst44rpdogfXhUrk	Karlyn	['dutch pop']	[2018, 2019]	2	2
1CO6e7WRJvSFenmQO8n64C	Zhavia	['post-teen pop']	[2018, 2019]	2	2
0yb46jwm7gqbZXVXZQ8Z1e	Bishop Briggs	['modern alternative rock']	[2018]	2	0
5vCOdeiQt9LyzdI87kt5Sh	AronChupa	['swedish pop']	[2017, 2018]	2	2
1KYt3TMGpa1LtVi0m2A0F9	Little Sis Nora	[]	[2017, 2018]	2	2
0ECwFtbIWEVNwjlrfc6xoL	Eagles	['album rock', 'classic rock', 'heartland rock', 'mellow gold', 'rock', 'soft rock', 'yacht rock']	[2017, 2018, 2019, 2021]	2	0
5jVrCdKOLz3htSyGqhqp8b	Martin Hazy	['norwegian hip hop', 'norwegian pop rap']	[2018, 2019]	2	2
1TBqlc2KwgI8pEkTdkTwGH	Farida	['scandinavian r&b']	[2018]	2	1
4xlA0Bz40SuaMYlEwGC0lM	Joakim Molitor	['swedish tropical house']	[2017, 2018]	2	1
17FU6Qmo3DRxs1xxyxbUOd	Unge Lama	['russelater']	[2018, 2019]	2	2
03WNJB1zKyqW8DimkHP4Bg	NODE	['danish hip hop', 'danish pop']	[2018]	2	1
4iaTgZRy5aVnImDyRJn61n	James Newman	[]	[2018, 2021]	2	1
5yG7ZAZafVaAlMTeBybKAL	Iggy Azalea	['australian hip hop', 'dance pop', 'pop']	[2017, 2018]	2	1
3QQwosodozp54DdCKrlAry	Lamix	['swedish hip hop', 'swedish trap pop']	[2018, 2021]	2	2
513t0jZUP0K98C4h7KHtEb	NONONO	['shimmer pop', 'swedish alternative rock', 'swedish indie pop']	[2017, 2018]	2	0
5y51EHpzGr7CwrhAnO74Gp	Tunge Ferrari	['russelater']	[2017, 2018]	2	2
1NbmG1Fj64qykEcJt1d43a	JRM	[]	[2018, 2019]	2	2
6ywXRaHY7m2DJ0dd7CsLAB	Ramz	['afroswing', 'london rap', 'uk hip hop']	[2018, 2019]	2	0
2WoVwexZuODvclzULjPQtm	Sampha	['alternative r&b', 'indie soul']	[2017, 2018]	2	1
59E9dYtwLTUAGuAppwFKAW	Cherrie	['scandinavian r&b', 'swedish dancehall', 'swedish drill', 'swedish hip hop', 'swedish pop', 'swedish trap pop']	[2017, 2018]	2	1
721T2PETMLaAkijbYu05VD	Junge Junge	['tropical house']	[2017, 2018]	2	1
1JOdUvDAzNy3L37rZ4Nigr	pewdiepie	['antiviral pop']	[2018, 2019]	2	2
7FY5V3XMwlNBPitEjXowHQ	Darius Rucker	['black americana', 'contemporary country', 'country', 'country road']	[2017, 2018, 2019]	2	0
7gbmX8SsfjEjxDMzBi1ZOL	Joe Jonas	['pop', 'post-teen pop']	[2017, 2018]	2	2
7oNtf1MwhHcyXRsYXE1WsG	Aazar	['electro house', 'electronic trap']	[2018, 2019]	2	2
7i9j813KFoSBMldGqlh2Z1	Riton	['house', 'pop dance', 'uk dance']	[2018, 2021, 2022]	2	2
2uCmngYSlTEELzZXl1z1dV	Chris Medina	[]	[2018, 2019]	2	0
2ZrN4KRe7Qw6boB8HN8L92	Kald Flamme	['norwegian pop rap']	[2018]	2	2
3whuHq0yGx60atvA2RCVRW	Olly Murs	['dance pop', 'pop', 'talent show']	[2017, 2018]	2	2
1XkoF8ryArs86LZvFOkbyr	Mary J. Blige	['dance pop', 'neo soul', 'r&b', 'urban contemporary']	[2017, 2018, 2019]	2	0
5PlfkPxwCpRRWQJBxCa0By	HUGEL	['deep house']	[2017, 2018]	2	2
7yNfjZY3QJpm4cUj1i0fWD	Kaptan	['hopebeat', 'indie poptimism']	[2017]	2	2
5xmfXwTbTxL1CAWPIO5owA	Nico D	['norwegian hip hop']	[2017, 2021]	2	2
19vvefoXzxLcivAk5dmLzq	Voli	['soul flow']	[2017]	2	2
7CCjtD0hCK005Bvg2WG1a7	Carnage	['edm', 'electro house', 'electronic trap', 'viral trap']	[2017, 2021]	2	2
5DK8eK7fjvRsziXzyr3sFA	Moon Taxi	['modern alternative rock']	[2017]	2	0
78DWNk8gFHU30TGITAgbM7	CMC$	['pop edm', 'vapor twitch']	[2017]	2	1
2G40GurTOQmjG9gAml6tTo	Maria Celin Strisland	['talentkonkurranse']	[2017]	2	1
3koiLjNrgRTNbOwViDipeA	Marvin Gaye	['classic soul', 'motown', 'neo soul', 'northern soul', 'quiet storm', 'soul']	[2017]	2	1
28mKGkzwIz2hGfyLygkmwP	August Dahl	['talentkonkurranse']	[2017]	2	1
3XBxSfCwYIMBzWmJL7ZJ4U	Jason Walker	['viral pop']	[2017]	2	2
5JSXWmQO8csVUy6hSRu8TA	Maty Noyes	['alt z']	[2017]	2	1
1F4NLUTwRsFlczHZ4TppzV	Skei & PT	['norwegian pop', 'trondersk musikk']	[2017]	2	1
0v2Y5jwtcv8LiWNTRls1KM	Ester Dean	[]	[2017]	2	2
1AAfkmCFRTSDg18GQ3itgl	DJ Katch	['basshall']	[2017]	2	2
1LKo6ZA3RNvKtLa6zDu32S	Kranium	['basshall', 'dancehall']	[2017]	2	2
5NicAFYgte9L3jKbAGuKhw	Samantha J	['jamaican dancehall']	[2017]	2	2
5veVxxPm1vzgi6pO2iVA8L	Bruno Martini	['pop nacional']	[2017, 2021]	2	2
4TH4BHy0LdBi3dpBW4P2UX	R. City	['reggae fusion', 'virgin islands reggae']	[2017]	2	2
6cJpWvPKsxobnfMLM6Nr60	Una Sand	['norwegian pop']	[2017]	2	0
6V3F8MZrOKdT9fU686ybE9	Mark Morrison	['british soul']	[2017, 2021]	2	2
2zzpznMuhKlKlqh1ma7Sms	Dakota	[]	[2017]	2	2
5ITI6SEoUZMIXXkzCfr4oE	Aluna	['dance pop']	[2017, 2022]	2	2
08p782h5VznNEQMM4wAEp9	Boehm	['deep tropical house']	[2017]	2	1
5ahYpnzCN3IMzBCFqwnKfr	JIM	[]	[2017]	2	0
4QAp87iZerUP9PKxtLhmW1	Oliver Nelson	['scandipop']	[2017]	2	2
7dtJROxWQe3fxxF5t7o67N	Bonnie McKee	['candy pop']	[2017]	2	2
5TgQ66WuWkoQ2xYxaSTnVP	Netsky	['belgian edm', 'dancefloor dnb', 'drum and bass']	[2017]	2	2
6EzGm3fYBR8QcdIZ0xvHsl	Basic Tape	['new french touch']	[2017]	2	1
787bCXOIvGeBw0Bc4kEjhD	Luke Christopher	['indie pop rap']	[2017]	2	0
6srwgWWqUoJY2gS8Gevfjr	Serlina	['norwegian pop']	[2017]	2	1
7n4yZSvg16XY22sxvZzKfw	Simon Samaeng	['acoustic chill']	[2017]	2	1
2EWsHDexsSInArfFkhA2i6	Jireel	['swedish drill', 'swedish hip hop', 'swedish reggae', 'swedish trap', 'swedish trap pop']	[2017, 2022]	2	1
5deoijipwIdBiA27rEj14E	Josh Cumbee	[]	[2017, 2019]	2	2
2TUtwEDqoXZOapCTgMrcvj	Gundelach	['danish electropop', 'norwegian indie']	[2017, 2021]	2	1
70s3IS6gQEe8f9l08yYdpJ	KVR	['dutch edm']	[2017]	2	2
1PqkzV8bXUf9ZBPC6OJo7o	Kongsted	['dakke dak', 'danish electronic', 'danish hip hop', 'danish pop']	[2017]	2	1
0F7mqxAaN5oiOuSSdi5rPD	Susanne Louise	[]	[2017]	2	2
51Blml2LZPmy7TTiAg47vQ	U2	['irish rock', 'permanent wave', 'rock']	[2017]	2	2
6uNiUxDeo17yUnA472Zhni	Nat Dunn	[]	[2017]	2	2
7p2aOXY5bfHyjujI3fCWTu	Brandon Beal	['danish pop']	[2017]	2	2
4w8PGLhS3yzYSzeV3x2hkA	ZL	['russelater']	[2017, 2019]	2	0
13YmWQJFwgZrd4bf5IjMY4	Brad Paisley	['contemporary country', 'country', 'country road']	[2017, 2021]	2	2
5J6L7N6B4nI1M5cwa29mQG	Alison Krauss	['bluegrass', 'folk', 'progressive bluegrass']	[2017, 2021]	2	2
2gzWmhOZhDN6gXL49JW9qj	Nasty C	['south african hip hop', 'south african trap']	[2017]	2	2
1sSt1DqqqFLkPwfrqafVyn	Ice Prince	['afrobeats', 'afropop', 'nigerian hip hop', 'nigerian pop']	[2017]	2	2
2hKQc001G7ggs3ZyxMdkGq	Patoranking	['afrobeats', 'afropop', 'azontobeats', 'nigerian pop']	[2017]	2	2
4TsHKU8l8Wq7n7OPVikirn	Jidenna	['ghanaian hip hop', 'viral trap']	[2017]	2	2
0mMqD2uqwvCjFvlzo6ayGi	DJ Maphorisa	['amapiano']	[2017]	2	2
4HDNQLqhooVfWXtIRMyqMY	Elsa & Emilie	[]	[2017]	2	0
7q7ESkyTOB2AJsJmL7kUE3	Mentum	[]	[2017, 2021]	2	2
0Tob4H0FLtEONHU1MjpUEp	Tinie Tempah	['dance pop', 'grime', 'pop rap']	[2017, 2021]	2	2
02A3cEvlLLCbIMVDrK2GHV	Starley	['aussietronica']	[2017]	2	2
2m0y0cDl1US03sYgxv9r6s	JOWST	['norwegian pop']	[2017]	2	1
762310PdDnwsDxAQxzQkfX	Depeche Mode	['dance rock', 'new romantic', 'new wave', 'permanent wave', 'rock', 'synthpop']	[2017]	2	0
3glG6M6Sm7Zgvms4dFZKbN	Casso	[]	[2017]	2	2
2o8lOQRjzsSC8UdbNN88HN	mansionz	['indie pop rap']	[2017]	2	2
0FTrIsp2Mg7Bkf8eXQrISa	PHresher	['nyc rap']	[2017]	2	2
0fD5BX3LMVhizfqa5K7znw	Rytmeklubben	['norwegian pop']	[2017]	2	0
6wMr4zKPrrR0UVz08WtUWc	Black Coffee	['south african house', 'south african pop', 'south african pop dance']	[2017, 2021]	2	2
3c55dzx6W0ZFs0frtEgIsm	Sunstroke Project	['moldovan pop']	[2017]	2	0
5hXPnS34O3Kq3O8dkaE9FM	Famba	['halifax indie']	[2017]	2	2
2EyVzQKEoNoGCAWJYfoJRg	D'Sound	['scandinavian r&b']	[2017, 2019]	2	0
3S0tlB4fE7ChxI2pWz8Xip	Giggs	['grime', 'london rap', 'uk hip hop']	[2017]	2	2
4lDXfIznmGueBgTjI3qGUX	Møme	['new french touch', 'nice indie']	[2017]	2	2
76ptJV8617638xrpeoUtzl	The Rasmus	['finnish alternative rock', 'funk metal']	[2017]	2	0
7pFeBzX627ff0VnN6bxPR4	Desiigner	['pop rap', 'rap', 'southern hip hop', 'trap', 'viral trap']	[2017]	2	1
5H1nN1SzW0qNeUEZvuXjAj	Danny Ocean	['pop venezolano', 'reggaeton', 'trap latino', 'urbano latino']	[2017, 2019]	2	1
1NyxTiCivDmzgFWYD1V01m	Justin Caruso	['pop edm']	[2017, 2019]	2	2
4Ww02MqPOCYw0CufxePGkC	Neev	['portuguese rock']	[2017]	2	2
1rQmmtMZFDzOadozdmep2k	Mad.S 	['russelater']	[2017, 2019]	2	2
6S3KljEiIOWoLMUyZrkQUc	Marnik	['dutch house']	[2017, 2021]	2	2
3vXCUcFuOPgSbDJiwUlf8D	Mileo	[]	[2017, 2019]	2	2
6BrvowZBreEkXzJQMpL174	Hardwell	['big room', 'dutch house', 'edm', 'electro house', 'pop dance', 'progressive electro house', 'progressive house']	[2017, 2019]	2	2
3J0BpFVUc9LeOIVeN5uNhU	Lauren Jauregui	['r&b']	[2017]	2	2
14Tg9FvbNismPR1PJHxRau	Sultan + Shepard	['canadian electronic', 'progressive house']	[2017]	2	2
1C60viSZv6BoYtrnkZ44g5	Nadia Ali	['vocal trance']	[2017]	2	2
2zd9YxlsQvA5mkZ1NarYVQ	Miriam Bryant	['classic swedish pop', 'swedish idol pop', 'swedish pop', 'swedish pop rap']	[2017, 2021]	2	1
4N874uPqBka1QiCvnCVOtr	Phoebe Ryan	['alt z', 'indie poptimism']	[2017]	2	1
6uD7fMzRa46LcvRCACEd2G	SAARA	[]	[2017]	2	1
1bT7m67vi78r2oqvxrP3X5	Naughty Boy	['uk contemporary r&b']	[2017, 2019]	2	2
3nlHsNqwCSvT988ZfSW1Yh	Ronan Keating	['europop']	[2017, 2019]	2	0
633Va8wlM3hrqQ4xjqRfOf	Subwoolfer	[]	[2022]	2	0
68fwnXPTQaiMV7rKvSkTYQ	Daniela Reyes	['norwegian contemporary jazz', 'norwegian indie', 'norwegian pop']	[2021, 2022]	2	2
22wbnEMDvgVIAGdFeek6ET	Benson Boone	['singer-songwriter pop']	[2021, 2022]	2	0
6n28c9qs9hNGriNa72b26u	PNAU	['alternative dance', 'aussietronica', 'australian dance', 'australian electropop']	[2021, 2022]	2	2
68dW5BU6sdVNf099EylxEt	Hov1	['fotbollslatar', 'swedish idol pop', 'swedish pop', 'swedish pop rap']	[2021, 2022]	2	2
6e3pZKXUxrPfnUPJ960Hd9	Pomme	['french pop']	[2022]	2	2
7jZM5w05mGhw6wTB1okhD9	ATB	['german dance', 'german techno', 'german trance', 'trance']	[2021, 2022]	2	2
3iMzbvXlgNUpoFccD60bvr	Prezioso	['italo dance']	[2021, 2022]	2	2
5L1lO4eRHmJ7a0Q6csE5cT	LISA	['k-pop']	[2021, 2022]	2	1
1Z25ZlGHqqlr3o1UGQOfNn	JNR CHOI	['gambian hip hop']	[2022]	2	1
78rUTD7y6Cy67W1RVzYs7t	PinkPantheress	['bedroom pop']	[2021, 2022]	2	1
4vdAAzZBUKbsrvHi6UR7B7	Jessica Darrow	['movie tunes']	[2021, 2022]	2	0
6w6TB0XMM0VZ3oDsy7tUYJ	Beathoven	[]	[2021, 2022]	2	2
6fQmO1Ho6EAGZpRBHnyp5m	DJ Black	['russelater']	[2021, 2022]	2	2
3FuQb8Yj6J8ZJSCTv7ZKAV	Jaannybravo	[]	[2021, 2022]	2	2
76oRj8bdYsniX36EQNLZ58	Solguden	['drikkelek', 'russelater']	[2021, 2022]	2	2
7lGq0g80TaLqM8uT9HLAni	David Mokel	[]	[2022]	2	2
7GgksazCOqOwZE9IoCpDLg	Greni	['norwegian indie']	[2022]	2	2
0UqvA1OW5CKTsp3xhhTSko	Axel Frønes	[]	[2022]	2	0
5AiY4bxeXerLXx03JADdQv	Buni	['uk drill']	[2021, 2022]	2	2
5f5mH9BDkeyXmDbzevu38d	Alfons	['melbourne bounce international']	[2019, 2022]	2	2
1M6QfhLQwfUFW6ceAXUa8Z	Emma Wik	['talentkonkurranse']	[2022]	2	1
79AyR6ATpj2LTPxfb6FX50	Lauren Spencer Smith	['alt z', 'gen z singer-songwriter']	[2022]	2	0
0dei79O9i0uYwCGYniYGzZ	Slæm Dønk	['drikkelek', 'russelater']	[2021, 2022]	2	2
3y24n3XhZ96wgwRXjvS17T	Coolio	['g funk', 'gangster rap', 'hip hop', 'west coast rap']	[2021, 2022]	2	2
2LhsePRtgCo4THVKULQBL7	L.V.	[]	[2021, 2022]	2	2
3sDbKMebVH2VYcRSl7u1VC	for KING & COUNTRY	['ccm', 'christian alternative rock', 'christian indie', 'christian music', 'world worship']	[2019, 2022]	2	2
1UiHzhfvDyILfUKDmKSdhx	NorthKid	['norwegian pop']	[2019, 2022]	2	0
4pnp4w9g30yLfVIAFnZMRd	ACRAZE	['pop dance', 'tech house']	[2021, 2022]	2	2
1c70yCa8sRgIiQxl3HOEFo	Cherish	['atl hip hop', 'girl group', 'hip pop', 'r&b', 'southern hip hop', 'urban contemporary']	[2021, 2022]	2	2
1PKErrAhYFdfrDymGHRQRo	Nathan Evans	[]	[2021, 2022]	2	1
4Euia7UzdRshy1DJOSMTcs	220 KID	['uk dance']	[2021, 2022]	2	2
57nPqD7z62gDdq37US9XJR	Arcane	[]	[2021, 2022]	2	2
6wlk4iqaEgEvADMVG6QMd8	James Gillespie	['indie anthem-folk']	[2021, 2022]	2	2
6TLwD7HPWuiOzvXEa3oCNe	Oliver Tree	['alternative hip hop']	[2021, 2022]	2	0
5IbEL2xjRtKsunfmsahLuO	$NOT	['aesthetic rap', 'cloud rap', 'florida rap', 'underground hip hop']	[2022]	2	2
0p4nmQO2msCgU4IF37Wi3j	Avril Lavigne	['canadian pop', 'candy pop', 'pop']	[2019, 2022]	2	2
0gAILSEru1PKMwP0tAqNLS	Willow Sage Hart	['show tunes']	[2021, 2022]	2	2
2mDX5SCZQKUZvvMCwqst3r	Kåren	['epa dunk']	[2021, 2022]	2	2
6t9tbRO9Lv6Oq6xtVwfdrn	Theresa Rex	['scandipop']	[2019, 2022]	2	2
2IDLDx25HU1nQMKde4n61a	Rich Brian	['indonesian hip hop']	[2021, 2022]	2	2
33NVpKoXjItPwUJTMZIOiY	David Kushner	['gen z singer-songwriter']	[2022]	2	0
2TcGJdSOiOvITBzhvfX8XB	Shouse	['aussietronica']	[2021, 2022]	2	1
2Waw2sSbqvAwK8NwACNjVo	Bo Burnham	['comic', 'pov: indie']	[2021]	2	0
4PcesEvU9iICf7dwNt5B3l	Justus Bennetts	['gen z singer-songwriter']	[2021]	2	0
6wMcOYgBlkGB7Vj888cNGr	Lars Erik Blokkhus	['norwegian folk rock']	[2021]	2	1
610EjgFatGvVPtib97jQ8G	NEEDTOBREATHE	['ccm', 'christian alternative rock', 'christian indie', 'christian music', 'folk-pop']	[2021]	2	2
4HzKw8XcD0piJmDrrPRCYk	Majid Jordan	['canadian contemporary r&b']	[2019, 2021]	2	2
4OGlp2UdUQGPJVbvJ82Cz5	Roland Clark	['garage house']	[2021]	2	2
6DdbeAeBlrYj8bNToZv4TY	JESSIA	['alt z']	[2021]	2	0
687cZJR45JO7jhk1LHIbgq	Tems	['afro r&b', 'afrobeats', 'alte', 'nigerian pop']	[2021]	2	2
20DZAfCuP1TKZl5KcY7z3Q	SLANDER	['brostep', 'dubstep']	[2021]	2	2
6d0ZjIp5L7Ygy2l02HskRX	Dylan Matthew	['singer-songwriter pop']	[2021]	2	2
3xegnQbXOPhxZbYZVdD3f5	Chester	[]	[2021]	2	2
2qk9voo8llSGYcZ6xrBzKx	Kings of Leon	['modern rock', 'rock']	[2021]	2	0
2Q9c6ETFOkDDTy53U7DIgr	Maximillian	['gen z singer-songwriter']	[2021]	2	1
4TgsxeFPNtkZ5lneq9AceU	Elena Tsagrinou	['greek pop']	[2021]	2	0
4xxh1jC9nVRlkhDdVOkBCt	Det skjønna du	[]	[2021]	2	2
41AbNVba2ccpmcc9QtOJE7	Kings of Convenience	['bergen indie', 'melancholia', 'norwegian indie']	[2021]	2	1
7iTLGcddv1bOPirdYJjKVy	Dj Yo!	[]	[2021]	2	2
5fUXK5m3BNwoRgTyKq8tnz	AX'EL	[]	[2021]	2	2
2vUCVkeZjzDcaoX4gagHdV	Julian Jordan	['dutch edm', 'dutch house', 'edm', 'electro house', 'pop dance', 'progressive electro house', 'progressive house']	[2021]	2	2
7ewAbX1zy9l54vpnjsDUPj	Kappa Laks	['russelater']	[2021]	2	2
2oQX8QiMXOyuqbcZEFsZfm	El Alfa	['dembow', 'rap dominicano', 'reggaeton', 'trap latino', 'urbano latino']	[2019, 2021]	2	2
07BGSPHXFOdX2Ln6McOd1z	TuVeia	['danseband']	[2021]	2	1
3247UPmV15Vnw82OG2ScHI	Cynthia	['talentkonkurranse']	[2021]	2	1
3ikJNR5DnwkRbHLRj5VNC4	Odd-Magnus Williamson	[]	[2021]	2	2
7gXb99Sf9nNmpNYeAgIQFG	Sub Urban	['modern indie pop']	[2019, 2021]	2	1
4VdV2qRAYBLINR6uU72V1J	Joshua Bassett	['singer-songwriter pop']	[2021]	2	1
0xu4jAQQv7ZAqvFGdc9HgP	Boy In Space	['alt z']	[2021]	2	2
2GBlvdFVbAmRuOz0ibDtZC	Yosef Wolde-Mariam	[]	[2021]	2	2
79GiwayvvpyZVErpH6BLsY	Nito-Onna	['covertronica']	[2021]	2	2
6LArUyIoMiHmDvvOAsE2cd	Dream	['pixel', 'pov: indie']	[2021]	2	1
4Dokdwa3WB7ilQ2c2qvIBL	Bugzy Malone	['grime', 'manchester hip hop', 'uk hip hop']	[2021]	2	2
5QcMPl2wzC4KqivjfcyBIU	VC Barre	['swedish hip hop', 'swedish trap pop']	[2021]	2	1
4rkgDx09bDtVCllN0MJR1J	hazel	[]	[2021]	2	2
4sW5R5XKTge9Vwv44p9p18	Sam Gray	['uk dance']	[2021]	2	2
0FOWNUFHPnMy0vOw1siGqi	Belly	['canadian hip hop', 'canadian trap']	[2021]	2	2
0m2Wc2gfNUWaAuBK7URPIJ	Bono	['hollywood']	[2021]	2	2
1X8wFHJFucBUmBc7spQ4jP	The Edge	[]	[2021]	2	2
21UPYSRWFKwtqvSAnFnSvS	Amaarae	['afro r&b', 'afrobeats', 'alternative r&b', 'ghanaian alternative', 'ghanaian pop']	[2021]	2	2
2hVWBpjLW4Q7fboYz2pVYK	Moliy	['ghanaian alternative']	[2021]	2	2
6pGgP4CDlYMumihpD3CAwm	Sofiloud	[]	[2021]	2	2
04vj3iPUiVh5melWr0w3xT	Christine and the Queens	['art pop', 'electro-pop francais', 'metropopolis', 'shimmer pop']	[2019, 2021]	2	2
4b19vuzlDcNdU4quI7L6sW	ElyOtto	['hyperpop', 'weirdcore']	[2021]	2	0
4duBKpkHeU1ON4hCQI9V6a	Alicya	[]	[2019, 2021]	2	2
2u7pjisWrThF8JErPVIPlJ	Moyka	['norwegian indie', 'norwegian pop']	[2021]	2	0
45gHcnDnMC15sgx3VL7ROG	42 Dugg	['detroit trap', 'trap']	[2021]	2	2
2MhO4JuaAkNwVAMRK0kq8e	Daniel Owen	['scandipop']	[2019, 2021]	2	1
4QVBYiagIaa6ZGSPMbybpy	Pedro Capó	['latin pop', 'puerto rican pop']	[2019]	2	2
5UjifI1TYefXWn9GdqDOHl	Social House	[]	[2019]	2	2
4rojTfP5nRkmYpdSbWQgV4	Death Stranding: Timefall	['video game music']	[2019]	2	2
6q3p11nP1p80Ey6LrOOSed	Hit-Boy	['drumless hip hop']	[2019]	2	2
2ye2Wgw4gimLv2eAKyk1NB	Metallica	['hard rock', 'metal', 'old school thrash', 'rock', 'thrash metal']	[2019]	2	0
6ew7qRw24oov125Oly8pFD	The Prince Karma	['house']	[2019]	2	0
7Gui07OSDQGktpwL3oH8yt	Kameron	[]	[2019]	2	2
58lV9VcRSjABbAbfWS6skp	Bon Jovi	['glam metal', 'rock']	[2019]	2	0
1KkTJhtaLirWCzc27XieOz	Tjuven	['russelater']	[2019]	2	2
1OFOShsIbhy1l5x73yuVyB	Shenseea	['dancehall', 'dancehall queen']	[2019]	2	2
028lPW2NdWHdSPCkRkcyhd	Ant Clemons	[]	[2019]	2	2
2dYrqQTd3MigfHvdutV584	Meso	[]	[2019]	2	0
4ZhFCxPekpmV12n2xMeF2z	Ink	[]	[2019]	2	2
6IJHJMuE3bhyCbI7b5uLNb	Henrix Borg	[]	[2019]	2	1
22JdJVovP3pV9XkGTih01c	Game of Thrones	[]	[2019]	2	2
5vZzmv0JkX7k4Cqwz5gdyQ	Henry Caery	[]	[2020, 2021]	1	1
7JNyuuD26v3VdReED15CnS	N. Fogtman	[]	[2020, 2021]	1	1
0xHa28taiElkcQf9o3z76g	Static & Ben El	['israeli pop', 'jewish pop']	[2020]	1	1
7aFk8z1XCcKt2y9Z5PC17s	Pontifexx	['brazilian edm']	[2020]	1	1
6sFHvCyqklnJpXC9Nh1aag	Alexander 23	['alt z', 'singer-songwriter pop']	[2020, 2021]	1	0
6tKJaNOY6oNVWcegnMMEtt	Zac Brown	[]	[2020]	1	1
5QdEbQJ3ylBnc3gsIASAT5	G Herbo	['chicago drill', 'chicago rap', 'drill', 'rap', 'trap']	[2020]	1	1
5WwVhFK3J7CWQn30hZ8GPb	Twelve	[]	[2020]	1	1
58jXqrbY8mAk006MNu3NCv	XOV	['swedish soul']	[2020]	1	1
2nvKpWcP8etYTq4JrRiUiy	Cliff Richard	['adult standards', 'rock-and-roll']	[2020]	1	0
1VJ0briNOlXRtJUAzoUJdt	FISHER	['australian house', 'house']	[2020]	1	0
0DyCLBI4KZ9ouXQRBFvHL2	Lisa Stokke	[]	[2020]	1	1
1SDxIHIJ3wvYiG22xckLKL	Joe Perry	['modern hard rock']	[2020]	1	1
3tXUeiWOSod3mSQ2lOautf	Wes	['cameroonian pop']	[2020]	1	1
4kI8Ie27vjvonwaB2ePh8T	Portugal. The Man	['indie rock', 'indietronica', 'modern alternative rock', 'modern rock']	[2017, 2018, 2019, 2020]	1	0
5MTbPbWnnllwgJBsahACzy	Ine Hoem	['norske viser', 'norwegian indie']	[2020]	1	0
50y1BeMwfz8MCB3YfH9qoj	Tobi & Manny	[]	[2020]	1	1
5Zc6IgP8wGQa5nzZJ1aiSX	Janellé	[]	[2020]	1	1
5D3muNJhYYunbRkh3FKgX0	Chord Overstreet	['acoustic pop']	[2020, 2021]	1	0
77Iz8eebrZR8EBiYzu1sv0	Åge Sten Nilsen	['norwegian folk rock']	[2020]	1	1
08GQAI4eElDnROBrJRGE0X	Fleetwood Mac	['album rock', 'classic rock', 'rock', 'soft rock', 'yacht rock']	[2020, 2021]	1	0
3GBPw9NK25X1Wt2OUvOwY3	Jack Johnson	['neo mellow']	[2020]	1	1
5xKp3UyavIBUsGy3DQdXeF	A Great Big World	['neo mellow', 'piano rock', 'pop rock', 'viral pop']	[2017, 2018, 2020]	1	1
65lCLhmmyUwnPBD2Bq7FQx	Jon Henrik Fjällgren	['sami', 'swedish pop']	[2019, 2020, 2021]	1	0
7LvoDJUNGnOrPdGRzVtOJ9	Young M.A	['alternative r&b', 'lgbtq+ hip hop', 'nyc rap', 'rap', 'trap']	[2020]	1	1
7ACEUD7UsmmXrnj4OLt8f9	twocolors	['edm', 'pop edm']	[2020]	1	0
7nlz6YVvJKOJVxDROACxcv	Levende Lys	['barnemusikk']	[2019, 2020, 2021]	1	0
68abRTdO4meYReMWHvBYb0	Chris Lane	['contemporary country', 'country', 'country road', 'modern country rock']	[2020]	1	1
2wzMOQwNT6ZvVB4amvhFAH	The Pogues	['celtic punk', 'celtic rock', 'folk punk', 'punk']	[2017, 2018, 2019, 2020, 2021]	1	1
6UlNIFEuWlBqb4TvlVCekq	Kirsty MacColl	['new wave pop']	[2017, 2018, 2019, 2020, 2021]	1	1
7avo0PmlW8O1YLEt9DnWQT	Studio Killers	[]	[2020, 2021]	1	0
3iuDJzaIhy7gDPgmUW2ujw	Fumaratto	['guaracha']	[2020]	1	1
3fyhhXHbGVLuSHFk2SYx4I	Popp Hunna	['philly rap', 'viral rap']	[2020]	1	0
1EpffIj09UqFpiBvtO2F31	Unge Beirut	['norwegian pop rap']	[2020]	1	1
097u8n1F4JjTzmOR9VUVEK	Edward Artemyev	[]	[2020]	1	1
4FNjPnaiiXYeG2qOhVtd8A	Jussi Björling	['classical tenor', 'komedi', 'opera']	[2018, 2019, 2020, 2021]	1	0
1BSN9DEw6oke4psFxIJXVj	Dreamlab	[]	[2020]	1	1
0CxtQc10Pwu5xOXYneZqXa	Mods	['norwegian rock', 'rogaland musikk']	[2017, 2018, 2019, 2020, 2021]	1	0
4Kix5W3o4CVGQGKdDI2b8k	Giovanni Smegliano	[]	[2019, 2020]	1	1
1GBXfWKWl8aPqXOtFurcDE	Geir Bøhren	[]	[2020, 2021]	1	1
5YFPJxmnf5gfM52pQOSRSD	Bent Åserud	[]	[2020, 2021]	1	1
08oQYxCOzhriMnDaq2BaVe	Suzanne Pålgaard	[]	[2020, 2021]	1	1
2rJ1AerBug0HNEj8gIHazF	Stereo Jane	[]	[2020]	1	1
718COspgdWOnwOFpJHRZHS	Luke Combs	['contemporary country', 'country']	[2020]	1	0
69UfPJgUmFFAVT740qGVZi	Ken Darby Singers	[]	[2017, 2018, 2019, 2020, 2021]	1	1
735L650pvygCZZlPMyHqsN	John Scott Trotter & His Orchestra	['light music']	[2017, 2018, 2019, 2020, 2021]	1	1
2TubhB02PsCWrwzQQJLIbG	Johanne Holmedahl	[]	[2020, 2021]	1	0
78gOgvMoKp4Zz3gnnEyLYT	Helene Bøksle	['barnemusikk', 'classic norwegian pop']	[2019, 2020, 2021]	1	0
2UyyBkpzN5w3hzZBZGvRZb	Sosa Geek	['brooklyn drill']	[2020]	1	1
6jfIAhLeHqUQCyFOs19iTK	Sandra Fjeldberg	[]	[2020]	1	1
7qm0LNllRXF6zYHC2wjd4e	DJ FITTE	['epa dunk', 'russelater']	[2019, 2020]	1	1
5gsErkGsLeCYCSK0Pxj01N	deLillos	['classic norwegian pop', 'norwegian pop', 'norwegian rock']	[2019, 2020, 2021]	1	0
11Vny8qHe4KR50ZIjhz7sz	Bjørn Eidsvåg	['classic norwegian pop', 'norske viser', 'norwegian singer-songwriter', 'rogaland musikk']	[2020]	1	0
6S0dmVVn4udvppDhZIWxCr	Sean Kingston	['dance pop', 'miami hip hop', 'pop']	[2020]	1	1
4Xi6LSfFqv26XgP9NKN26U	AJ Tracey	['grime', 'uk hip hop', 'ukg revival']	[2020]	1	1
6VXB0WH4MfmhZyongoEYZr	Crazy Cousinz	['uk funky']	[2020]	1	1
4RnBFZRiMLRyZy0AzzTg2C	Run The Jewels	['alternative hip hop', 'escape room', 'hip hop', 'political hip hop']	[2020]	1	1
57UnSUpae3SbRekxNa5Kgl	El-P	['abstract hip hop', 'alternative hip hop', 'east coast hip hop', 'experimental hip hop']	[2020]	1	1
2N4EYkIlG1kv25g6Wv8LGI	Killer Mike	['alternative hip hop', 'atl hip hop', 'conscious hip hop', 'hip hop', 'old school atlanta hip hop', 'political hip hop', 'southern hip hop']	[2020]	1	1
1jKpNUjiz4KXgaAZD5FI9S	Zack De La Rocha	['industrial hip hop', 'political hip hop']	[2020]	1	1
6YHEMoNPbcheiWS2haGzkn	Michael Bolton	['soft rock']	[2020, 2021]	1	1
7pLntWGInZPQxc4kXxzzjB	Liz Gillies	[]	[2018, 2019, 2020]	1	1
0vHnMy9PKDHnlt5tAZbvxw	Philipp Mueller	[]	[2020]	1	0
0SiA0xtHw1lnSXRf1S7jjw	Michel Zitron	[]	[2019, 2020]	1	1
0ksnusx0OEpak0OQZhrNzD	hekkan	[]	[2020, 2021]	1	1
0f2YkMXwFNJNSX7MymevKE	Kaash Paige	[]	[2020]	1	1
3wVXTWabe3viT0jF7DfjOL	Vedo	['pop r&b']	[2020]	1	0
1YfEcTuGvBQ8xSD1f53UnK	Busta Rhymes	['east coast hip hop', 'hardcore hip hop', 'hip hop', 'pop rap', 'rap']	[2020]	1	1
2eYytza3nHrkpYUhkoqJXC	Sosa	[]	[2020]	1	1
4H2LCOgpByIV4Xz92AQXJg	Kristin Husøy	['talentkonkurranse']	[2020]	1	0
1zuJe6b1roixEKMOtyrEak	Tina Turner	['soft rock']	[2020]	1	1
7lqnPqyrFL0XGLbtXEh8Xa	Moodshift	[]	[2020]	1	1
1thbOfXak53dM1Xabq3pmb	Delacey	['modern alternative pop']	[2020]	1	1
3LVYHgfHgCTy3QSRt5kKQg	Rasster	[]	[2020]	1	1
5vPqlDBYNZiF5SrHGS6Cyt	Erin Bloomer	['alt z']	[2020]	1	1
13HktESfatlvKPEcV7bXet	Traphouse	[]	[2020]	1	1
1bnxdcJP0Kn0EP2sBfd8Sn	Zikai	[]	[2020]	1	1
6lBN3Tzt61u8i9AJoAhKzF	Mykola Dmytrovych Leontovych	['post-romantic era', 'ukrainian classical']	[2018, 2019, 2020, 2021]	1	1
3dRfiJ2650SZu6GbydcHNb	John Williams	['orchestral soundtrack', 'soundtrack']	[2018, 2019, 2020, 2021]	1	1
2JbE7jUIGtpXSzytnyMg6U	Curtis Waters	[]	[2020]	1	1
44rJuOJLavqhY6qGgpQW4U	Harm Franklin	['alberta hip hop']	[2020]	1	1
44IvvHRk2XF243QLA2VOa8	Stunna 4 Vegas	['north carolina hip hop', 'trap']	[2020]	1	1
1ic0FHNGIjXZAWH6O6Reif	Ship Wrek	['stutter house']	[2020]	1	1
1rHOtdmGNr5vcYNw5v7QGC	Kenny Beats	['indie hip hop', 'trap', 'underground hip hop']	[2020]	1	1
2GMeHHCyFv54Di5rj8PrfP	Brannbamsen Bjørnis	['barnemusikk']	[2020, 2021, 2022]	1	0
0NIPkIjTV8mB795yEIiPYL	Wallows	['pov: indie']	[2020]	1	1
3kfUtTqeyTWZDEMhkmu8tm	The Second Level	['finnish edm']	[2020]	1	1
4o6dSaEQPjuz9CgVomOekK	MVRT	[]	[2020]	1	1
6SCqaiM5MQAvzfAwMpkjtr	The sPlayers	[]	[2018, 2019, 2020, 2021]	1	1
4XIT8TMwWiGRRnQiIWlu6m	Murdrocks	[]	[2018, 2019, 2020, 2021]	1	1
6ME1vGUQ2LK7MEXDeKccu2	Herman Dahl	[]	[2018, 2019, 2020, 2021]	1	1
0FWm7Q1M4M5rjI34zujNXr	Isabelle Eriksen	[]	[2018, 2019, 2020, 2021]	1	1
4Z33ceJ4xlhTuNBlPyzQ7O	Agnetesh	[]	[2018, 2019, 2020, 2021]	1	1
3NMqU6akXT4Ykg8mbvKJvx	Barokkanerne	[]	[2020]	1	1
6HYjkczJfUdGcwIGPOq5P2	Myra Granberg	['swedish idol pop', 'swedish pop']	[2020]	1	0
5qTx6amAEpOiXxb6KQjquZ	Ytram	['dutch edm']	[2020]	1	1
2y9j8qUwBMGPYPQJJxmYzD	Anna Clendening	['alt z']	[2020]	1	1
1t9QqpTt2ppeJ9mRKcf1oH	BliXMusic	['mgpjr']	[2020]	1	1
4jbdQmiJtVASswEgsSrj2N	Maiken	[]	[2020]	1	1
1ZwuShKjJItDJez0aDCsxN	SHELLS	['uk pop']	[2020]	1	1
1if1Ez9A9OrRjnD9ZT1Lss	Drikkeleken	['drikkelek']	[2020]	1	0
2cnMpRsOVqtPMfq7YiFE6K	Van Halen	['album rock', 'classic rock', 'hard rock', 'rock']	[2020]	1	0
1gsryyNLnqqOLl8MRe4eog	NAHOM	[]	[2020]	1	1
0u2FHSq3ln94y5Q57xazwf	Keith Urban	['australian country', 'australian pop', 'contemporary country', 'country', 'country road']	[2020]	1	1
6PUFh0Oa8MkLlpkfovzKnC	Hr. Troels	[]	[2020]	1	1
0YpW5IBgyiQVWG7VpiyI62	Manos	[]	[2020]	1	1
18KsILOMx3thJRzBYBnKHW	J-Dawg	['russelater']	[2018, 2019, 2020, 2021, 2022]	1	1
15saPvefLxxtw3nvTOCUg0	Lille Saus	['russelater']	[2018, 2019, 2020, 2021, 2022]	1	1
5SyGEPymt1G2uto47tVWvZ	MadeinTYO	['atl hip hop', 'melodic rap', 'trap']	[2020]	1	1
7rOlQwf8OuFLFQp4aydjBt	Paloma Mami	['latin pop', 'reggaeton chileno', 'trap chileno']	[2020]	1	1
70TsVY28EcEUYSGG5Yw7mp	Sam Tinnesz	['alt z', 'bossbeat', 'rebel blues']	[2020]	1	1
6HiAZ6dh4wLLZyMZCNszX5	Sunniva	['mgpjr']	[2020]	1	0
0GG2cWaonE4JPrjcCCQ1EG	SG Lewis	['indie soul', 'uk dance', 'vapor soul']	[2020]	1	1
3Rx4PJ7SP6unkOk5elPUK7	Money Man	['memphis hip hop', 'trap']	[2020]	1	1
5t28BP42x2axFnqOOMg3CM	Five Finger Death Punch	['alternative metal', 'groove metal', 'nu metal']	[2020]	1	0
1cwOthlzLBwN8Imbq7P71H	Dotan	['folk-pop']	[2020]	1	1
2hRvedA9zoAUee7DvkVZoQ	Greta Tuborg	['epa dunk']	[2020]	1	1
6LZ7H82LOojm5Yq6xA50jD	Jonas S	[]	[2020]	1	0
7Ky7z39i1sO85ZQCRBz16e	SALTI	[]	[2020]	1	0
4Ywiqc8KxAECFoOWWAYry4	Lil Adrei	[]	[2020]	1	0
7z5WFjZAIYejWy0NI5lv4T	Dan + Shay	['contemporary country', 'country', 'country road']	[2019, 2020]	1	1
6VuyrmclG2XOdkqz0AeGcs	Rick Live	[]	[2020]	1	1
0o6TVr97o7tssD1r5HJhAc	Jørgen	['mgpjr']	[2019, 2020, 2021]	1	1
0YC192cP3KPCRWx8zr8MfZ	Hans Zimmer	['german soundtrack', 'orchestral soundtrack', 'soundtrack']	[2020]	1	1
3rLcNyZbI0AoRKmP7fWtIR	Ludvig Mathias Lindeman	['norwegian classical']	[2020, 2021]	1	1
5afl1S86M0Cr8PWsdSS97W	Ivar Aasen	[]	[2020, 2021]	1	1
0bBz5bRBkExaej2HxtVfCw	347aidan	['sad rap']	[2020]	1	0
7bmYpVgQub656uNTu6qGNQ	Hwa Sa	['k-pop', 'korean talent show']	[2020]	1	1
7y1xlsuOWJdV9gg3HorntJ	One Man Boy Band	[]	[2020, 2021]	1	1
3KU2dsFsLmr4d9xhldlZlC	Rasmus & Loffen	[]	[2020, 2021]	1	1
0fDtOTAy1RsaVWhmObeBcS	Ben Adams	[]	[2020, 2021]	1	1
6w4HZyQqbjaUQSkstgweLg	Willy	[]	[2020]	1	1
5kocU0vlHHmjVMJ4lQiBK1	Johannes Hanssen	['norwegian classical']	[2020, 2021]	1	1
2IZXxSIGhFtkHJyMh6UTln	Aiyana-Lee	[]	[2020]	1	1
5iJ0fpOiGcc6SjSKPyoKVu	Christy McDonald	[]	[2020]	1	1
7oWGXJb3IEJW8tftK5ZTas	Kriss	[]	[2019, 2020]	1	1
7GaxyUddsPok8BuhxN6OUW	James Brown	['funk', 'soul']	[2020]	1	0
6P5NO5hzJbuOqSdyPB7SJM	Ashe	['alt z']	[2020]	1	0
1g9S6C1WRQYwddKiR3Kwcv	Oberg	['epa dunk']	[2020]	1	0
0QJIPDAEDILuo8AIq3pMuU	M.I.A.	['escape room', 'indietronica', 'new rave']	[2020]	1	1
63YOUxL2Y5BYvMOTIpKmNv	ShoBeatz	[]	[2020]	1	0
47Sot6yDML207980Ffonvs	Merone	[]	[2020]	1	1
63yrD80RY3RNEM2YDpUpO8	Melanie Martinez	['alt z', 'electropop', 'pop']	[2020]	1	0
3bYcjbVAN3rAuU3TMzw2mB	Marcus Mumford	['british singer-songwriter']	[2020]	1	1
4RYoBxyPaZ38vhthqblODo	Kim Wigaard	[]	[2020]	1	1
0d9lUpaO0F9TJH1mEJ3Ec5	Norwegian Chamber Orchestra	['chamber orchestra', 'nordic orchestra']	[2018, 2019, 2020]	1	1
4I2QW85rkIhCRRZt1kuBqS	GoldFord	[]	[2020]	1	1
6GUg2fRLklsnSJsG3PrTt0	Secret Garden	['bow pop', 'neoclassical darkwave', 'new age', 'operatic pop']	[2020]	1	1
1KGHj9TkWZYA5ZKXxgxvMU	Cathrine Iversen	[]	[2020]	1	1
2gm2VpK4LhYZrUsqRUIT3l	Camilla Trøen	['barnemusikk']	[2019, 2020, 2021]	1	1
62wUInCRsFOZWvMfvt1ryn	Thea Leora	[]	[2020, 2021]	1	1
7obnFbFD6nTFmqOH4vbX0J	Sara & Arash	['norwegian pop']	[2020]	1	0
2WxjxdeF7GGdcCK276qViY	Natalie Taylor	[]	[2020]	1	0
6kZWqUZqptyxb8Ki5DyBAg	DTG	['afroswing']	[2020]	1	1
7oMRcCu0OYSCtCyS3P37iC	Afro B	['afrobeats', 'afroswing', 'dancehall', 'uk dancehall', 'uk hip hop']	[2020]	1	1
4ZgQDCtRqZlhLswVS6MHN4	grandson	['modern alternative rock', 'modern rock', 'pov: indie', 'rock']	[2020]	1	0
5eAWCfyUhZtHHtBdNk56l1	System Of A Down	['alternative metal', 'nu metal', 'rap metal', 'rock']	[2020]	1	0
6DWVgFfHyhUISYq0lzYYu6	Richello	[]	[2020]	1	0
0PFtn5NtBbbUNbU9EAmIWF	TOTO	['album rock', 'classic rock', 'hard rock', 'mellow gold', 'rock', 'soft rock', 'yacht rock']	[2018, 2019, 2020]	1	0
2Im8m4STDBosjfmb5hmP80	Loredana	['frauenrap', 'german hip hop', 'kosovan pop', 'romanian pop']	[2020]	1	1
73Fn8jqdMFpFm7iD1I9Byp	The London Film Score Orchestra	[]	[2020]	1	0
3GmeMFpBRcVlf9OUwlsuo0	Jens Book-Jenssen	['vintage norwegian pop']	[2017, 2018, 2019, 2020, 2021]	1	0
3p1BYcJhXCb3WvHLriHIHS	Jan Thomas	[]	[2020]	1	0
3gbaHBYDy62irTs0ZsHNmi	Wiktoria	['melodipop', 'swedish pop']	[2020]	1	1
2sW1WL95MYACFMgqV7AIqZ	Milos	[]	[2020]	1	1
3xZA1iqapR7QdWz6gpu0Zn	Ima Sobé	[]	[2020]	1	1
2h6hAChW74hB9HvrNoK1RY	Quarterhead	['tech house']	[2020, 2021]	1	1
2fsk4VlJdNF6G8cCMDrrzB	Norma Jean Martine	['nyc pop']	[2020, 2021]	1	1
01pKrlgPJhm5dB4lneYAqS	Sigma	['dancefloor dnb', 'house', 'pop dance', 'uk dance']	[2020]	1	1
4jD640OUqQq8z5APlQkfx3	Hennika EH	['mgpjr']	[2020]	1	0
4FC10Nffya2LWWVBfrw0gr	Vazelina Bilopphøggers	['classic norwegian pop', 'danseband', 'norwegian country', 'norwegian rock']	[2017, 2018, 2019, 2020, 2021]	1	0
6lPJV4RlngIEnb6OzcwMDL	Elena Temnikova	['europop', 'russian pop']	[2020]	1	1
5wTdspmxzb8V4ZjvDodpBo	A Touch Of Class	['europop']	[2019, 2020]	1	1
7d3vMJRZUY5JtX9UElKBBN	Skylike	[]	[2020]	1	1
5sGFiE539k1ENjDB95oVLR	rainage	[]	[2020]	1	1
26fsavNxrXVdRK7wL3jZKb	Imanos	[]	[2020]	1	1
6yAM1PGDw9qo26YNtIHLjt	Marion Ravn	['candy pop', 'norwegian pop']	[2020]	1	1
5ee4yhrWOxaxvL77BoVpVR	Lucky Luke	['lithuanian electronic']	[2020]	1	0
41VbuWKdlHSsk8By8pA68h	Akuvi	[]	[2020]	1	0
4ZgibBbOyVOMtaVSaet4dA	NALO	['norwegian trap']	[2020]	1	1
2l35CQqtYRh3d8ZIiBep4v	MKTO	['pop', 'post-teen pop']	[2020, 2021, 2022]	1	0
41I5xI04kixwmonDBl0Sda	King Combs	['cali rap']	[2020]	1	1
1ifC4znYCvmMSJ0rght5JS	Haux	['indie anthem-folk', 'indie folk', 'modern indie folk']	[2020]	1	1
5ptYy8juurZJsWloxULC3V	mags	[]	[2020]	1	1
7xF6Psrf6yNOBkB9jpMRa0	Will Ferrell	[]	[2020]	1	1
26a4tbq9f4QZCHArsoQkWn	My Marianne	[]	[2020]	1	1
0YWxKQj2Go9CGHCp77UOyy	Fabolous	['gangster rap', 'hip hop', 'pop rap', 'rap', 'trap', 'urban contemporary']	[2020]	1	1
6X8WdFjrNhXATMDSs26aCc	Curren$y	['dirty south rap', 'new orleans rap', 'rap', 'southern hip hop']	[2020]	1	1
0399oiMcmbOzzsYQDNYqxn	Problem	['hyphy', 'trap', 'west coast trap']	[2020]	1	1
34nVLWMJTjaMh2aSMOQHei	King Pharaoh	[]	[2020]	1	1
1lEXbUjKjHQ7uc9jFfEViJ	TGT	['pop r&b']	[2020]	1	1
46wEUZyujVrFSrdCnTKQmV	Marwa Loud	['french hip hop', 'pop urbaine', 'r&b francais']	[2020, 2021]	1	0
2mmqhYDTD0weseyXUf1QJ5	7 Skies	['uplifting trance']	[2020]	1	1
6bmlMHgSheBauioMgKv2tn	Powfu	['sad lo-fi', 'sad rap']	[2020, 2021]	1	1
35l9BRT7MXmM8bv2WDQiyB	beabadoobee	['bedroom pop', 'bubblegrunge', 'indie pop', 'pov: indie']	[2020, 2021]	1	1
3OG8SN3zv2kDeL5lMzXhB3	Musikkaptein Ivar Andresen	[]	[2020, 2021]	1	1
5lpH0xAS4fVfLkACg9DAuM	Wham!	['new romantic', 'new wave', 'new wave pop', 'soft rock']	[2017, 2018, 2019, 2020, 2021]	1	0
61K9RHwScb8DWqpoRULOV5	Thomas Hellekås	[]	[2020]	1	1
7MzHPIXAqIOCnvK0sVY72W	Helene Fischer	['schlager']	[2020]	1	0
4id8s2TqKu7A8Tbfeh7XGf	Papito MIERDA	[]	[2020, 2021, 2022]	1	0
2FsZnS8gQ8jG1HGnPYNlm9	Jamie N Commons	['modern blues rock']	[2020]	1	1
4FEOZMbo7XIdGHVrrioAP6	Brother Leo	['scandipop']	[2020]	1	1
6fs2or0cKLEM2xohWq8SoX	Lexie Liu	['chinese electropop']	[2020]	1	1
4TqlcgMFDryY96KWcvrhTv	Seraphine	[]	[2020]	1	1
78Rk1F0jGdipWWfrhyWwt3	Patrick Droney	['nashville singer-songwriter']	[2020]	1	1
5LnNAR8Bhv2vJCJzBnCw9P	Alex Skrindo	['gaming edm']	[2020]	1	1
3It8IfrTebhF9YGjR3JpNu	KLARA	[]	[2020]	1	1
0XqFDQJjqW5PfhfBCb53LR	Sick Individuals	['big room', 'dutch house', 'edm', 'electro house', 'pop dance', 'progressive electro house']	[2020]	1	1
6y1eDna5tYFgcvKyGhLCy7	MARF	[]	[2020]	1	1
4ArPQ1Opcksbbf3CPwEjWE	Emilee	['social media pop']	[2020]	1	1
6vCIRD06VaQwwaZS0TqiCz	Foster	['sad lo-fi', 'sad rap']	[2020, 2021]	1	1
01y8iBZYk8aeNfPsuTVrAt	Sody	['alt z']	[2020, 2021]	1	1
1bq8rqNnfrojn0OSAfeNXJ	Sarcastic Sounds	['lo-fi chill', 'sad lo-fi']	[2020, 2021]	1	1
24D8gx0257CDd1HAuqNuHu	JVLA	['viral rap']	[2020]	1	0
12nEr6QOfSKkiTXjEp8tBB	MELON	['slap house']	[2020]	1	1
2WuKU0SYZOQyY3MmE4vtez	New Hope Club	['boy band']	[2020]	1	1
4qWnlmXWuGv2TtuxtIWlJX	BANNERS	['indie poptimism']	[2020, 2021]	1	0
54AKFsyvnohZgODDzDN4bM	Konen på torget	[]	[2017, 2018, 2019, 2020, 2021]	1	0
6Iz3eq2aQGFf7TbGT2iahL	Gabby Barrett	['contemporary country']	[2020, 2021]	1	0
16Nc36xAtNyQ7BMBcDsaLv	Likybo	['cali rap']	[2020]	1	0
6uAW8XH2d45w1f5ZK5jtpv	Liza Vassilieva	[]	[2020]	1	0
7yptUupX4aIIkXwXhggAgk	Macky	['swedish gangsta rap', 'swedish hip hop', 'swedish trap', 'swedish trap pop']	[2020, 2021]	1	1
3oJjZweJo9yqNFnKBTlgm0	Gee Dixon	['swedish gangsta rap', 'swedish hip hop', 'swedish trap pop']	[2020]	1	1
30hteLyFTmiRraerHJBoba	HerbertSkillz	[]	[2020]	1	1
5N9d9BMxodykFktDttHERD	Ari Bajgora	[]	[2020]	1	1
0UcXjTpzt0DmIwPSNwlJfF	jetsonmade	[]	[2020]	1	1
7DgpPXntG6DkNR4hCi4PjP	Chesca	['urbano latino']	[2020]	1	1
3CDKmzJu6uwEGnPLLZffpD	Frankie Valli	['adult standards', 'bubblegum pop', 'lounge', 'rock-and-roll']	[2020]	1	1
3xhyJwgAUGZSE162fJXRJY	Di Derre	['classic norwegian pop', 'norwegian rock']	[2018, 2019, 2020, 2021]	1	0
5pWUVnrc1y0FpWZ6VCy0Hg	kenzie	['social media pop']	[2020]	1	1
2hawR5SIPj1qZdlrE6PBf1	Oscar Borg	[]	[2020, 2021]	1	1
0sbkGGlLYmgOzcxRqd257O	Emelie Cyréus	[]	[2020]	1	1
4t975kkTMdq3XVgfkuKKgu	Music With Edgar	[]	[2020]	1	0
10hGPIDZi33LRaYRIq3Bh4	Dimitri Vangelis & Wyman	['dutch house', 'edm', 'electro house', 'pop dance', 'progressive electro house']	[2020]	1	1
5I6lrsd00ENDv69WLbK1hD	Kristusgutta	[]	[2020]	1	0
0LQoZQIV0mIs0y0XQb0Sw2	Chris Martin	[]	[2020]	1	1
0qpUea90ifRlk1spr5hFbY	Ture Brute	[]	[2020]	1	1
25TSiTUfHMhn5FFfDf0Msq	Nate Newton	[]	[2020]	1	1
7IziQIyiq8TGse0Mc1laYi	K4mo	[]	[2020]	1	1
3tuxyjTQrEDsF0pV0WbqyR	Hoaprox	['v-pop']	[2020]	1	1
19vSzy8s8Vc04MWTqExkLN	Ajay Stephens	[]	[2020]	1	0
2ZK0wMoGf3J25mleuKc4tY	Kaptein Sabeltann	['barnemusikk', 'eventyr']	[2019, 2020, 2021, 2022]	1	1
6kD825qRQoUKwYKDar95SP	Terje Formoe	['barnemusikk', 'norske viser']	[2019, 2020, 2021, 2022]	1	1
4TvhRzxIL1le2PWCeUqxQw	The Blessed Madonna	[]	[2020]	1	1
6csIEfEaZoZVklisbOX5E2	Tuva Syvertsen	[]	[2020]	1	1
2gduEC76ry33RVurAvT05p	Nathan Dawe	['pop dance', 'uk dance']	[2020]	1	1
6ujr1NkqbZpYOhquczUUfl	The Strumbellas	['canadian indie', 'folk-pop', 'stomp and holler']	[2020]	1	0
0WK3H9OErSn5zKOkOV5egm	DDG	['pop rap']	[2020]	1	1
62DmErcU7dqZbJaDqwsqzR	Popcaan	['dancehall', 'jamaican hip hop', 'reggae fusion', 'traphall']	[2020]	1	1
7MVZzlVkfT4hgk6huk8IA6	Den Norske Studentersangforening	['norwegian choir']	[2020, 2021]	1	1
1MgbE6bu4MzbVLfAesPRol	Caroline Romano	[]	[2020]	1	1
2xMBy2SwN1OMgSSCKmX3IG	Sivert Høyem	['norwegian rock']	[2020]	1	0
2cCUtGK9sDU2EoElnk0GNB	The National	['chamber pop', 'indie folk', 'indie rock', 'indietronica', 'modern rock', 'stomp and holler']	[2020]	1	1
0daugAjUgbJSqdlyYNwIbT	Vicetone	['edm', 'electro house', 'pop dance', 'progressive electro house']	[2020]	1	1
2jpQ0ywffgVHhZFQNWaWYW	Tony Igy	['russian dance']	[2020]	1	1
1hNaHKp2Za5YdOAG0WnRbc	Tiwa Savage	['afrobeats', 'afropop', 'azonto', 'azontobeats', 'nigerian pop']	[2020]	1	1
2jHp7gQArCQrlMvdrIVFCg	Anson Seabra	['alt z', 'gen z singer-songwriter']	[2020]	1	0
5AEjuplch66DgYDOtd66Yl	Didrik Solli-Tangen	['classic norwegian pop']	[2020]	1	1
1tetMlpcLNmnZ5mpbzKJhq	Emil Solli-Tangen	[]	[2020]	1	1
17aZjZK0Dqx0xGd05Ooo0R	bby ivy	[]	[2020]	1	1
7DTa7vcMeF67YbzhxTOcSL	Teddy	[]	[2020]	1	1
3QVolfxko2UyCOtexhVTli	Angèle	['belgian pop', 'french pop', 'variete francaise']	[2020]	1	1
5ZP2PxPlSCPKHFSFL1x9OJ	Yung Potato	[]	[2019, 2020, 2021]	1	0
5e1ekj5rPqXgSRF4gZw7cO	Karen	[]	[2020, 2021, 2022]	1	1
79KQgTCu4wV38ECYKn62DZ	White Gold	[]	[2020]	1	1
4cKqiDD0ah4Nom9yCQ6Cwo	Lisa Børud	['barnemusikk', 'norwegian gospel']	[2020]	1	0
61qMnYXa1GxSBoV3IiYKjZ	Yung Pinch	['melodic rap', 'oc rap']	[2020]	1	1
6OSc2FcjsXys8xGXBOP50p	Yasmine San Miguel	[]	[2020]	1	1
67kneXyC1PlsA2W3CMuRvH	Karl Fredrik Førli	[]	[2020]	1	1
3X2bWmlO8Oq7dIeEgAbTAB	MOLOW	[]	[2020]	1	1
72nLe76yBFSlP6VBzME358	SHAUN	['k-pop']	[2020]	1	1
3PQZ01Mrp3HaVVUJ976fMY	Advanced	[]	[2020]	1	1
0HlxL5hisLf59ETEPM3cUA	Scooter	['eurodance', 'german techno', 'hamburg electronic', 'happy hardcore']	[2020]	1	0
3qnGvpP8Yth1AqSBMqON5x	Leon Bridges	['modern blues', 'neo soul', 'soul']	[2020]	1	1
4HAfqyKr4Sqtab6ttHWXgE	MASN	['sad rap']	[2020]	1	0
5QySqc6yAFDx9m7fedFZmC	Brennan Heart	['classic hardstyle', 'euphoric hardstyle', 'rawstyle']	[2020]	1	1
5kW2ng5av985BfqrOMRpk0	Andreas Moe	['swedish indie pop', 'swedish singer-songwriter']	[2020]	1	1
7wPjckumX8BvSDLx7ay6hD	Sally	['nz pop']	[2020]	1	1
7nALC5pthw4Ls6jA6NSMQL	Isac Adolfsson	[]	[2020]	1	1
2CpLIMBoE2ZzyY3ZBCRZ7j	BUNT.	['stutter house']	[2020]	1	1
6dp9lFNgVOFhtteg8tln7J	Clarence Coffee Jr.	[]	[2020]	1	1
7fFoO8E3rLkTJBItdhAwCy	Lars-Erik Larsson	['early modern classical', 'swedish classical']	[2019, 2020, 2021]	1	1
751C9BQ0VdWdtVeC0bADSf	Arild Feldborg	[]	[2019, 2020, 2021]	1	1
4lkMhKErNMyZ9Sarx6n6O5	Finn Bø	[]	[2019, 2020, 2021]	1	1
5XnIjshjqYVE2eDVgSt9Ro	Mel & Kim	[]	[2018, 2020]	1	0
7JtaNiC35IAPBqTAHIjWTT	Kristin Folkvord Pedersen	['barnemusikk']	[2019, 2020, 2021]	1	1
5nYSwni7SuAYMlBlEH41kR	Lars Andernach Fredriksen	[]	[2019, 2020, 2021]	1	1
3iYvxketuV7AAPCJuWSDH2	Johan Olsen	[]	[2017, 2018, 2019, 2020, 2021]	1	1
1z7b1Pr1rSlvWRzsW3HOrS	Russ	['hawaiian hip hop']	[2020]	1	1
6sHCvZe1PHrOAuYlwTLNH4	Gus Dapperton	['bedroom pop', 'indie poptimism', 'pov: indie']	[2020]	1	1
4TCxJvDPZD9i1P1CLPK9BG	Svidden	[]	[2020]	1	1
48WvrUGoijadXXCsGocwM4	Byklubben	['nordic house', 'russelater']	[2020, 2021]	1	1
4pBa2QHgYRbULSkUFZIsJ8	Simon Kleiveland	[]	[2020]	1	1
2gW30IuVHyO5uNnIj0hk6u	Kent-Simon	[]	[2020]	1	1
4gqPenZXmxCQR1hGUNvvQE	Trad.	[]	[2020, 2021]	1	1
0l4uAnY3cxY8Isu71Ddunx	Tobine	['mgpjr']	[2020, 2021]	1	1
7iBY1RLWDV5zX9NDNQxurm	Tabitha	['dutch pop']	[2020]	1	1
7KytES5VSQ06hfISDoE680	Kars	['norwegian pop rap']	[2020]	1	1
2eogQKWWoohI3BSnoG7E2U	Donna Summer	['adult standards', 'disco', 'hi-nrg', 'new wave pop', 'soft rock']	[2020]	1	1
293zczrfYafIItmnmM3coR	Chuck Berry	['blues', 'blues rock', 'classic rock', 'rock', 'rock-and-roll', 'rockabilly', 'soul']	[2018, 2020, 2021]	1	0
3ADyFy1orEwODaiHmRRMQp	Puri	['basshall']	[2020]	1	1
3aAX2y0amckZ7WcWoz2f2o	Jhorrmountain	['dutch hip hop']	[2020]	1	1
6srxAZuUenELGYEGNhsKpH	Aron Blom	[]	[2020]	1	1
20Bh4yKL5m0TFTTVmGZ3Fy	129	['norwegian trap']	[2020]	1	1
79XWxalruIi96rUA4ecKyG	YEMZ	[]	[2020]	1	1
5eQLUZnp30Cq4ZxkMsnSil	redz	[]	[2020]	1	1
725xSOA47ZQ5WxUAPaT5kB	Money Mitch	[]	[2020]	1	1
6xeFne1rkxMhKSW3ipvkdV	Toploader	['british alternative rock']	[2020]	1	0
6DJEUXZm0e2rAohdoZ5Voo	Black Thought	['alternative hip hop', 'east coast hip hop']	[2020]	1	1
3ZotbHeyVQKxQCPDJuQ4SU	Q-Tip	['east coast hip hop', 'queens hip hop']	[2020]	1	1
1WjexdTcXHgvlVIPCE8D1Q	Denaun	[]	[2020]	1	1
3cR4rhS2hBWqI7rJEBacvN	Leslie Odom Jr.	['broadway', 'show tunes', 'vocal jazz']	[2020]	1	1
1Zfvu3KDmISwHwOuU8eXH5	Orange Villa	[]	[2020]	1	1
7csb5DNIneyYzQnoAW0e3M	Magnus Bokn	['talentkonkurranse']	[2020]	1	0
2xHFB5Nl4D6Il5tfP57sr1	Bendik Brænne	['norwegian americana']	[2020, 2021]	1	1
7gHscNMDI8FF8pcgrV8eIn	Matt Maeson	['pov: indie']	[2020]	1	1
75aiMKKxzFHGFRxyLwvL2d	Liam O'Donnell	[]	[2020]	1	1
5lhCycgJCjQIMpWNk4DycY	Lanie Gardner	[]	[2020]	1	1
5e4Dhzv426EvQe3aDb64jL	Shania Twain	['canadian country', 'canadian pop', 'contemporary country', 'country', 'country dawn']	[2017, 2018, 2019, 2020, 2021]	1	1
05YVYeV4HxYp5rrWalvuE1	Grover Washington, Jr.	[]	[2020, 2021]	1	1
1ThoqLcyIYvZn7iWbj8fsj	Bill Withers	['funk', 'quiet storm', 'soul']	[2020, 2021]	1	1
1OAjDaKgg00KCUYqDe68un	Gigi D'Agostino	['eurodance', 'italo dance']	[2018, 2019, 2020]	1	1
365Q4cNnnlsQErzPsUzyXY	HUMAN(X)	[]	[2020]	1	1
0tmwSHipWxN12fsoLcFU3B	Manuel Turizo	['colombian pop', 'reggaeton', 'reggaeton colombiano', 'trap latino', 'urbano latino']	[2020]	1	1
1GAymyGBvB4gQy5Z5LZ1Wj	Lalo Ebratt	['colombian hip hop', 'reggaeton', 'reggaeton colombiano', 'trap latino', 'urbano latino']	[2020]	1	1
23wEWD21D4TPYiJugoXmYb	Thalia	['latin pop', 'mexican pop']	[2020]	1	1
3J8Y63PNaJaNEiO9CmETAu	Emu & Abu	['mgpjr']	[2020]	1	0
4wWZBOrwM5pN96sDoiwBj1	For Norge Kjæmpers Fødeland	[]	[2020, 2021]	1	1
1OTaBuXugWLvNjcET47KP5	Marius Müller	['classic norwegian pop', 'norwegian rock']	[2020, 2021]	1	0
2BPe6Hv3IKO6Y3Y9Ddv1is	Martin Heier	[]	[2020]	1	0
4yiQZ8tQPux8cPriYMWUFP	Gwen Stefani	['dance pop', 'pop']	[2018, 2019, 2020, 2021]	1	1
0ZrvTPxViKETJGjnwxB3oa	Norsk Noteservice Wind Orchestra	[]	[2020, 2021]	1	1
0e8pD5ObiVq2TiIGpBp9hd	Ole Hvam	[]	[2020, 2021]	1	1
6QBUIuGCAJSAtefEY1EEdB	Mahalia Jackson	['gospel', 'spirituals']	[2017, 2018, 2019, 2020]	1	0
4NkLjsRsFnuPu9B4zqzBqq	Robbie Nevil	[]	[2020]	1	0
15iVAtD3s3FsQR4w1v6M0P	Chief Keef	['chicago bop', 'chicago drill', 'chicago rap', 'drill', 'hip hop', 'rap', 'trap']	[2020]	1	1
4lgiQEUzN7K9IsXDXpHkVB	Inge Bremnes	['nordnorsk musikk', 'norske viser', 'norwegian indie']	[2020]	1	0
0X84goIH2ygdYwT8IytsEE	Den Unge Fleksnes	[]	[2017, 2018, 2019, 2020, 2021]	1	0
4DMkrFIqGXLycc4YLYTn1i	Tiagz	['ottawa rap', 'viral rap']	[2020]	1	0
5fSVkkuijRIpxuvSqysYiP	Snøw	['sad lo-fi', 'sad rap']	[2019, 2020, 2021]	1	1
1G9G7WwrXka3Z1r7aIDjI7	Outkast	['atl hip hop', 'dirty south rap', 'hip hop', 'old school atlanta hip hop', 'rap', 'southern hip hop']	[2017, 2018, 2019, 2020, 2021]	1	0
1AwO9pWEBSBoWdEZu28XDC	Eartha Kitt	['torch song', 'vocal jazz']	[2017, 2018, 2019, 2020, 2021]	1	1
0oK8UXKZbQezeRhE0KeBAV	Henri René and His Orchestra	"[""man's orchestra""]"	[2017, 2018, 2019, 2020, 2021]	1	1
34OTRVwyaE8DkOrGMQa7Ah	LATENIGHTJIGGY	['r&b en espanol']	[2020]	1	1
6xp1pJrjxWYZ6kIWfWgTex	Troy Sanders	[]	[2020]	1	1
0x7qiZJaal6j8qS7yCydFk	Savage Ga$p	['aesthetic rap']	[2020, 2021]	1	1
6hA33Zcv5XlydUzUFEAgmi	Spelloppmaker	['norwegian country']	[2020]	1	1
0qSX3s5pJnAlSsgsCne8Cz	Brett Eldredge	['contemporary country', 'country', 'country road', 'modern country rock']	[2018, 2020, 2021]	1	1
5ItIH58Osk3cVIEblVgo88	Richard Nordraak	[]	[2020, 2021]	1	1
1nGRqM8VNcQOcFsOnhpInD	ATR Son Son	[]	[2020]	1	1
6GpcBKNmZDIrRzYkPJu7Wd	flora cash	['indie pop', 'scandipop', 'swedish indie folk']	[2020]	1	0
6y5amJcTjeDgLXIjtQLMst	SAYGRACE	['r&b']	[2020]	1	0
0pvXfGUIcaj4zKCAYFvU7T	Leona Griffin	['scandipop']	[2020]	1	1
3bmFPbLMiLxtR9tFrTcKcP	Matthew Wilder	['new wave pop']	[2020]	1	0
0vR2qb8m9WHeZ5ByCbimq2	Reik	['latin arena pop', 'latin pop', 'mexican pop', 'reggaeton']	[2020]	1	1
2PaZWGu5T5nHjY2xxAkFsT	THE SCOTTS	['viral rap']	[2020]	1	1
6fFfnKGVI6X3lkCr8Qw1g1	KXNG Crooked	['cali rap', 'detroit hip hop']	[2020]	1	1
1q13yHC6Syg5Y8iPLrRnCq	Joell Ortiz	['battle rap']	[2020]	1	1
6tE3YSDrBq015UZTxh9Zki	Haris	[]	[2019, 2020]	1	1
0GByy3DcfbQwDvXGCWmzv9	Pretenders	['album rock', 'classic rock', 'mellow gold', 'new romantic', 'new wave', 'new wave pop', 'permanent wave', 'rock', 'soft rock']	[2017, 2018]	1	0
5XdlnBpFPFPuvIAINOxOHv	Prince Charlez	[]	[2018]	1	1
0bdJZl7TDeiymDYzMJnVh2	Preme	['canadian hip hop', 'canadian trap', 'toronto rap']	[2018, 2019]	1	1
2oRTLExi1ct74cVtfAwfhV	Gromee	['polish pop']	[2018]	1	1
1rw8ZTLnDHd74TWDDukjVi	Conrad Sewell	['australian pop']	[2017, 2018]	1	1
1o9x7ez0NvhDb7gBqrYnUj	B-Case	['pop edm']	[2018]	1	1
0mVpmPb8A2f3SZzLwsfY2N	Ellee Duke	[]	[2018]	1	1
2Q1U8wHgyhAQV6g70PJ4dW	Vilde Skogen	['talentkonkurranse']	[2018]	1	0
6kveFlWW2CZY1bfiX51UnW	Lxandra	['indie electropop']	[2018]	1	0
5CVwY7MrkxGF1aM4f1u6Xk	Robert Falcon	['sky room']	[2018]	1	1
7p1qWf7CPWvW8EbrPHGYxY	Ghostess	[]	[2018]	1	1
1qSJaftSab2kTTsj7fLxvM	DJ SpinKing	['slow game']	[2018]	1	1
2u8P7EawurNYoIzRtr5Knk	Norlie & KKV	['swedish idol pop', 'swedish pop']	[2018]	1	1
2Osj5g9VkHReOlZgfoEQao	estraden	['swedish pop']	[2018]	1	1
7iLc4hrjOjQPfg1E3cCHg1	Tim Berg	['edm', 'electro house', 'pop dance', 'progressive electro house']	[2018]	1	1
1tQn5gWbo3ee6n2Z52ogY5	Madame Monsieur	['french pop']	[2018]	1	0
52lBOxCxbJg0ttXEW9CQpW	Louis Prima	['adult standards', 'jump blues', 'lounge', 'swing', 'tin pan alley']	[2018]	1	1
5Fd7uQWqAWTmcOidyOUhDo	K E M A L	[]	[2018, 2019]	1	0
34Y0ldeyUv7jBvukWOGASO	Bobby Shmurda	['nyc rap', 'rap', 'trap']	[2018]	1	1
0WfaItAbs4vlgIA1cuqGtJ	Daniela Andrade	['canadian contemporary r&b', 'folk-pop']	[2017, 2018, 2019]	1	0
75QQAQ1DfmGW500AJZbM0i	Hermes House Band	['bubblegum dance', 'voetbal']	[2018, 2019]	1	0
3pbi8H08p95NUZ7m6ybxUV	Static Major	[]	[2018]	1	1
2kHbs6arBtyzIgY5l86m3K	Nomi	[]	[2018]	1	1
2zJ8chFLjiBHRNchfevMRI	SNBRN	['edm', 'electro house', 'house', 'pop dance', 'pop edm']	[2017, 2018]	1	1
0e6qzpphJHtObTSwD75mi0	The Avener	['deep euro house', 'new french touch']	[2018]	1	1
318VpIRUWele6jD0k3ldkT	Phoebe Killdeer	[]	[2018]	1	1
3M208gr0Cbai9J2HyVCLMp	Goodito Frito	[]	[2018]	1	1
7wzaSKTsjE9HnuDuZTX452	Arlissa	['uk pop']	[2018]	1	1
05fG473iIaoy82BF1aGhL8	Slipknot	['alternative metal', 'nu metal', 'rap metal', 'rock']	[2018]	1	0
7rMi39MYgKE1TdRCTK3xqm	Liza Owen	['uk contemporary r&b']	[2017, 2018]	1	1
4RfOLIFy2xEmlWzXEVmLJn	Sjava	['afro soul', 'south african pop']	[2018]	1	1
6XpXnnKHIhCOUbOLOJGe6o	REASON	['indie hip hop', 'underground hip hop']	[2018]	1	1
1f8dh3sX7PFPegKjsnNXMh	Agera	['russelater']	[2018]	1	1
3jyYvrBJbExK2ff59wuiTF	Theo Lundestad Lawrence	[]	[2018]	1	1
6Q7UV9Oa87GypGTKiuOh6f	Equinox	[]	[2018]	1	0
5luyt0SUvGkDMY4ILP6Qhl	Descemer Bueno	['cubaton']	[2017, 2018]	1	1
5y3G1B8cpCTaoq0uDgjwzH	Danny Avila	[]	[2018]	1	1
3mLdH6xxrscTf2poCN9Kzy	Rio Santana	[]	[2018]	1	1
2V0DROfM2ieFSOcA3SHJLD	Judah	[]	[2018]	1	1
4DROs1Ye9DiLY3X8L7xvl8	Andrez Babii	['rap romantico']	[2018]	1	1
04ei5kNgmDuNAydFhhIHnD	Landon Cube	['pop rap']	[2018]	1	1
2J6pigOrBmKQgqJUY5UM7r	Matt OX	['melodic rap', 'plugg', 'rage rap']	[2018]	1	1
7IVoEUsdtoKVbab3dwvWpQ	Lea Sirk	['slovenian pop']	[2018]	1	0
3Bj81IbILbuj2uEwWXMdXI	Sosamann	['atl trap', 'houston rap', 'memphis hip hop']	[2018]	1	1
2g39307h3784RJ8PZfK4Zc	Culdesac	[]	[2018]	1	0
5SwsSD9zyWaWeVyK9qIW9l	Lord Siva	['danish hip hop', 'danish pop']	[2018]	1	1
2xc8zxTf2whTFbe3SI4vqm	Wonder The Boy	['norwegian pop rap']	[2018]	1	1
3U4YeD9p381pXkebifD865	Cesar Sampson	[]	[2018]	1	0
1KnHjTHixdc2LUAao2idXo	Mad Kings	[]	[2018]	1	1
0ypwPd6ZLWkYuNVRnRFor2	Stella Mwangi	['bossbeat', 'kenyan pop', 'norwegian hip hop']	[2018]	1	1
5LeUKbWRby5hGRHktQkXQV	Alexandra Rotan	['norwegian pop']	[2018]	1	1
1E1W3to8HhGSkkIEUMwEjd	Dewain Whitmore	[]	[2018]	1	1
0F6wZIBwxstvRk9eQtpvOo	Dominic Cooper	['movie tunes']	[2018]	1	1
7wg1qvie3KqDNQbAkTdbX0	Louis The Child	['edm', 'electropop']	[2018]	1	1
5Rgs4d94GBqUSeZC6QJxUc	Jeremy Irvine	['movie tunes']	[2018]	1	1
6wbpT3ouvjUUWqKWJ5iQ9z	Pierce Brosnan	['hollywood']	[2018]	1	1
7cTXfwpe9peK0UE1bZyIWZ	Pinkfong	"['cartoon', ""children's music"", 'dong-yo']"	[2018, 2019]	1	0
0Vw76uk7P8yVtTClWyOhac	HONNE	['uk pop']	[2018]	1	1
24HNTbd7Y2qVOCyzIosYi9	Nana Rogues	['uk hip hop']	[2018]	1	1
19y5MFBH7gohEdGwKM7QsP	Luther Vandross	['quiet storm', 'soul']	[2017, 2018]	1	0
3ECsaSd1fom8coUUkkFzqt	Jeon	['ritmo kombina']	[2018]	1	1
1xrvnT8IPYpS6iOkAq8tLt	Hayley Warner	[]	[2018]	1	1
157L8iTHgbdrKVxdQEXluh	Lost Sky	[]	[2018]	1	1
1HQ26IHQ1Nu0Tq7EE7DV6y	Sara Skinner	[]	[2018]	1	1
7a5Srm7U661DotL6VWRmYk	Indiana	[]	[2018]	1	1
3jfVtv9mWfW0c5b3Fx440e	Babes Wodumo	['afro soul', 'gqom', 'south african pop']	[2018]	1	1
3FcF2YWT0SiY0kCKrKzeb3	X Daniel	[]	[2018]	1	0
4bw2Am3p9ji3mYsXNXtQcd	Piso 21	['colombian pop', 'latin pop', 'reggaeton', 'reggaeton colombiano', 'trap latino', 'urbano latino']	[2018]	1	1
66jpZDjMcxF3SfDfwK7GXe	Reginae Carter	[]	[2018]	1	1
2cQr2KbzdRtIFlfbHGnNsL	Ziv Zaifman	['show tunes']	[2018]	1	1
2LAqcqAQ8KPTsl1HBgBrqM	Michelle Williams	['hollywood']	[2018]	1	1
29J9FnXTG86wYTKhcPh17T	Boblandslaget	[]	[2018]	1	1
23bX8QSsLjUPJrgqLYFbnP	Vegard Harm	[]	[2018]	1	1
7jA2pCDoqQEneXHwf1ezgf	Svein Østvik	['danseband']	[2018]	1	1
7MtkdJAdidlVD59UxU8G7Q	Emil Gukild	[]	[2018]	1	1
4bOG1sx3QHFbOUVLNmMpPe	Timbuktu	['classic swedish pop', 'skansk musik', 'swedish hip hop', 'swedish pop', 'swedish pop rap']	[2018]	1	1
3nFkvH82eVm8wLghoXuw0o	Dog Collective	[]	[2018]	1	1
6pIZVoyzbaWsH6e2PGqjeA	MPH	[]	[2018]	1	1
3xFkHylXN9yHzwCQBypRFn	Nightcall	[]	[2018]	1	0
69Pm1OWlxk1tbYphlkcKHR	Laurell	['canadian pop']	[2018]	1	1
5zpiyNX3wozQrDnNz49rsR	Jherek Bischoff	['post-minimalism']	[2018]	1	1
6fJIdgIr67mX3lLEBjIMac	Josh Dylan	['hollywood', 'movie tunes']	[2018]	1	1
5xxkw4ElO0WX3v4i1W5kAQ	Ryan O'Shaughnessy	['irish singer-songwriter']	[2018]	1	0
4OBJLual30L7gRl5UkeRcT	T.I.	['atl hip hop', 'dirty south rap', 'gangster rap', 'hip hop', 'pop rap', 'rap', 'southern hip hop', 'trap']	[2018]	1	1
2s6lxOYvvCvzpHtd3VyuMj	Uffie	['dance-punk', 'electro-pop francais', 'electroclash', 'electrofox', 'new rave']	[2018]	1	1
5z0BFaMpraylMMP6oGBxmO	Prins	['norwegian pop']	[2018]	1	1
5NDMothbpdpq2xHqSjrrWn	Faith Evans	['contemporary r&b', 'hip pop', 'r&b', 'urban contemporary']	[2017, 2018]	1	1
1Y8cdNmUJH7yBTd9yOvr5i	Destiny's Child	['dance pop', 'girl group', 'pop', 'r&b', 'urban contemporary']	[2017, 2018]	1	0
6rgEPiKjowlMKZC1DF6W75	Rebecca & Fiona	['swedish electropop']	[2018]	1	1
3GrBqSjQjzwavLDJkmAtxd	Marcy Chin	['dancehall queen']	[2018]	1	1
6P6fVBXZjnqdgq2z2b8WlO	FTampa	['complextro']	[2018]	1	0
1OHw2r7Diz2rc9JktaFV6N	Erika Sirola	['finnish pop']	[2018, 2019]	1	1
6tt0iYnpHERj05WATWRiom	Bantu	['zimdancehall']	[2018, 2019]	1	1
4fpTMHe34LC5t3h5ztK8qu	The Carters	['r&b']	[2018]	1	0
6R21HSNyo7HVac8pyqY3T2	Tommy Körberg	['classic swedish pop']	[2017, 2018, 2019]	1	1
0ueWjtogcQO8bHxAskyxDY	Celia Imrie	['movie tunes']	[2018]	1	1
4UEccZpG1DyAlxR4tQSHTi	T-Bone and Grandpa-E	[]	[2018]	1	0
4RfTXjK9aiiIKDaKUHpL57	Busy Signal	['dancehall', 'jamaican dancehall', 'reggae fusion']	[2018]	1	1
4N8BwYTEC6XqykGvXXlmfv	George Benson	['jazz funk', 'jazz guitar', 'smooth jazz', 'soul jazz', 'yacht rock']	[2018]	1	1
3uO7iKuyADVFuyHavGDcHu	Rebecca	[]	[2018]	1	0
4FqPRilb0Ja0TKG3RS3y4s	Steve Angello	['dutch house', 'edm', 'electro house', 'house', 'pop dance', 'progressive electro house', 'progressive house']	[2018]	1	1
6tUJpYN2aYiXbzAcg0pIOo	Sinéad Harnett	['alternative r&b', 'gauze pop', 'uk contemporary r&b']	[2018]	1	0
78D8GHzW7QisjfTwhk9PM2	Trap City	['bass trap']	[2018]	1	0
03UTtO2Zq2GKk4gQRY9zq6	Lou Elliotte	['scandipop']	[2018]	1	1
66PoNlsQYggJcJrCQAIvtU	Razika	['bergen indie', 'norwegian punk rock']	[2018]	1	0
561E5AG2FI0jbTbOrxp8qF	Charlie Skien	['norwegian pop rap']	[2018]	1	1
62NHTtSAx53zVd4ZFWDt41	Walmart Yodel Kid	[]	[2018]	1	0
6iSZjc4kOoKZKiBXK5HbwD	El Chombo	['panamanian pop']	[2018]	1	1
4qDGDPGMIJuIvPfUGe0Ngg	Cutty Ranks	['lovers rock', 'old school dancehall', 'roots reggae']	[2018]	1	1
0gWpQRbOQI94EAWpfYQd0X	BEK & Moberg	['russelater']	[2018, 2019]	1	1
5xUnuuRSiGSAhZmnVABy9T	Boujee	[]	[2018, 2019]	1	1
5XenQ7XfcvQdfIbpLEFaKQ	GoldLink	['alternative r&b']	[2018]	1	1
6PFcrRZezCL5p9A0nwb7ki	Anthony Russo	['chill pop', 'indie pop rap']	[2018]	1	1
7wy9Plp8SD5l3LDuJubTcv	Jimilian	['danish hip hop', 'danish pop']	[2018]	1	1
7hbH1qupmU6HxVBjWJItlq	Dave Barnes	['acoustic pop', 'neo mellow']	[2017, 2018]	1	0
6CwfuxIqcltXDGjfZsMd9A	MARINA	['metropopolis', 'pop', 'pov: indie', 'uk alternative pop']	[2018]	1	1
0oSGxfWSnnOXhD2fKuz2Gy	David Bowie	['art rock', 'classic rock', 'glam rock', 'permanent wave', 'rock']	[2018]	1	1
2Mp409M6EpFr3kGdQ1mwjS	Sabina Ddumba	['swedish idol pop', 'swedish pop']	[2018]	1	0
2yQf6b8hxahZaT5dHlWaB1	Raekwon	['east coast hip hop', 'hardcore hip hop']	[2018]	1	1
4iCwCMnqsNZ6atvRiADgtn	RZA	['east coast hip hop', 'hardcore hip hop']	[2018]	1	1
4VmEWwd8y9MCLwexFMdpwt	Method Man	['east coast hip hop', 'hardcore hip hop', 'hip hop']	[2018]	1	1
4OBbOrkD4geIjOLrICN3wO	Inspectah Deck	['east coast hip hop', 'hardcore hip hop']	[2018]	1	1
0dS5xeDefwoUNasLUHnCjR	Cappadonna	['east coast hip hop']	[2018]	1	1
09XH5qagU5qcWhYXcQYsjX	Jackpot Scotty Wotty	[]	[2018]	1	1
0G070wUUUBptmqGEKAAUVx	U-God	['hardcore hip hop', 'hip hop']	[2018]	1	1
0ME1RawvWt3qOJnYnxVqeh	Masta Killa	['east coast hip hop']	[2018]	1	1
6ns6XAOsw4B0nDUIovAOUO	GZA	['east coast hip hop', 'hardcore hip hop']	[2018]	1	1
4tWoA7JxH2OmNjkvhI7Z3t	Rasmussen	[]	[2018]	1	0
4UffC3o3JiLSg7pa5DpQbp	Mike Yung	['pop soul']	[2018]	1	1
4wj21jPL7mAMBlgV1r5kNG	Asap Landsforræder	[]	[2018]	1	0
5DuxmiiW5nk7RERQqIkxey	Boujee	['russelater']	[2018]	1	1
3XI6OhAAcPH7gHIoZIHcwn	Sunloverz	['pop house']	[2018]	1	0
7t0rwkOPGlDPEhaOcVtOt9	The Cranberries	['irish rock', 'pop rock', 'rock']	[2018]	1	0
4QfOh8rJ0OddhhXHD5QyWs	The Boy Next Door	['basshall']	[2018, 2019]	1	1
20twLKFb2Nhd8duUH0k2DJ	Jake Gosling	[]	[2018]	1	1
0tfppO8IAn7m3KMvjVzi3o	Snøfall	['barnemusikk']	[2017, 2018]	1	1
4NZvixzsSefsNiIqXn0NDe	Maggie Rogers	['indie pop']	[2018]	1	0
1ktRv5lOULehDAw5xhFIFz	Pant	['norwegian hip hop']	[2018]	1	1
2Oz9WXdk6nsT64jTEn9pVu	KDL	[]	[2018]	1	1
5Yx1tTzTDhvz0qDUJkVMTJ	Nolea	['mgpjr']	[2018]	1	1
2vI70V5Tc6jB3d2uzb2UEA	Zhala	['swedish indie pop']	[2018]	1	1
0XAzqhdQM4Oa2uzORPlqCt	Fox Blanco	['scandipop']	[2018]	1	0
02ihq8hgBvJdZuGCsRxjDH	Bad Geckos	[]	[2018]	1	0
7mStya8wCiZ65uBCqarraz	Kandy King	[]	[2018]	1	1
3HqQXlVVvoBiSiYRmyi1qV	Willemijn May	[]	[2018]	1	1
3aT2GOh9Iy2WJmDhE6PorP	Luana Kiara	[]	[2018]	1	1
3FfbgiZhcCkoiI7IzOwXlI	Ben Abraham	['indie anthem-folk']	[2018]	1	1
4bZ30evEi5vMG1A3xdW8U2	Fricky	['norrlandsk hip hop', 'swedish hip hop', 'swedish pop', 'swedish pop rap']	[2018]	1	1
0PMBZhlGn0dN6rLrr9w9rJ	Pernille Øiestad	[]	[2018]	1	1
1g0fXhQMHAxlRyIBkCbuE7	Matt Simons	['neo-singer-songwriter']	[2018]	1	0
5aSBbBUbArJfyNKDg4KS1I	Tyron Hapi	['melbourne bounce', 'sky room']	[2017, 2018]	1	1
22tB2wbnB3pexB04xtncrG	Mimoza	[]	[2017, 2018]	1	1
245PKF3hKjtxJKIG153kF0	Kailee Morgue	['alt z', 'dark pop']	[2018]	1	1
0S2dfczvN0sOxEw559snHT	Tiggs Da Author	['uk hip hop', 'uk pop']	[2018]	1	1
2TNijh48oKtoXSp0imx7t5	P3GI-13	[]	[2018]	1	1
6BlKaswFaIAH5mtOZj7bdN	A. Fuentes	[]	[2018]	1	0
0N0d3kjwdY2h7UVuTdJGfp	Cascada	['eurodance', 'europop', 'german techno', 'melbourne bounce international']	[2018, 2019]	1	0
3OpnoUqoRIHWbsFs4Nw0NQ	Nat King Cole Trio	['adult standards', 'lounge', 'swing', 'vocal jazz']	[2017, 2018]	1	0
5EkiSvbsd8tvpJHJsQDwzg	4everU	[]	[2018]	1	1
7blkMNJv8n9ceP9zlA4W2U	Shawn Hook	['canadian pop']	[2017, 2018]	1	1
6G9bygHlCyPgNGxK2l3YdE	Vanessa Hudgens	['dance pop', 'pop', 'post-teen pop']	[2017, 2018]	1	1
0KEExJc1NKwmzJxQHbbkts	Leah Culver	['pop edm']	[2018]	1	1
5mF9jb0at58HIWigwZCuQx	Cavego	['norwegian house', 'norwegian pop']	[2018]	1	1
3gGUMEwIX6XodWsYEvKSal	YBN Nahmir	['alabama rap', 'rap', 'trap']	[2018]	1	1
2d9T46pBEshFB7yXFjsvL9	Casper Kuhlmann	['talentkonkurranse']	[2018]	1	0
21aa4pj9BvbFB2iT8kRpnq	Michael Schulte	['german pop', 'talentschau']	[2018]	1	0
6r2niOTnexy9xss5g8GWXH	Yasiin Bey	[]	[2018]	1	1
56CuCfujMC5RQpOtQV9GrF	Carlisle	['talentkonkurranse']	[2018]	1	0
134GdR5tUtxJrf8cpsfpyY	Elliphant	['electropop', 'swedish indie pop']	[2018]	1	1
4as3khXWaPjfkFdCA0JWMo	Jesse®	['modern alternative pop']	[2018]	1	1
145Ld7BQguLlBwxkO2oMpz	Cess	[]	[2018]	1	1
2FqIoJ9XUWnjGSp9Ty90eo	Benjamin	[]	[2018]	1	1
3N1AuzwHj90wjZPjBebOZl	Henz	[]	[2018]	1	1
4SLEmV2rAQ71Ts0qyDGhE8	Cecilia Krull	['spanish pop']	[2018]	1	1
4we5S2VLjgY9KzIzApL1KI	Ryan Tedder	[]	[2018]	1	1
1iBGuNBYRKnNdKxm0kKNM0	Young Sinatra	[]	[2018]	1	1
43EvPY5EelfMkyqqJ9woOI	Janove	['norwegian indie', 'norwegian rock']	[2018]	1	1
2HUwZ0kumzCSlhFcjFZfpp	Flipp Dinero	['melodic rap', 'trap']	[2018, 2019]	1	0
1HUUKt5Ms3fG0VO6JJGicO	Krishane	[]	[2018]	1	1
72OaDtakiy6yFqkt4TsiFt	Cher	['dance pop', 'pop']	[2018]	1	1
5XaRUXHFbgs8LDoYzoPJ1R	Andy Garcia	[]	[2018]	1	1
7mnAzEmgquhrVtGob81SmO	Big Shaq	['london rap']	[2017, 2018]	1	0
4ufOssbJqddb9FzTewwXal	SuRie	[]	[2018]	1	0
296OMSDXY07ucbNzwkIolZ	Tydem	[]	[2018]	1	1
5iuXjsXsTXs8lwmqzsF6dZ	Waylon	['dutch americana', 'dutch pop', 'dutch rock']	[2018]	1	0
5QuBVnBPEzwYvFrgBbwpmU	Empress Of	['art pop', 'electropop', 'escape room', 'etherpop', 'shiver pop']	[2018]	1	1
5VVPBWNUL1N8JGrU4g2y65	Ola Nordmann, Rykkinnfella & Jack Dee	[]	[2017, 2018]	1	1
04O00MEN0lHEKWTwRjb1nS	THRDL!FE	['uk dance']	[2018]	1	1
4H1PNuHElBLVok0lnYMrRb	Dyo	['alte']	[2017, 2018]	1	1
2mrPe6LhdcULxtC10oBwFZ	Hans Petter Aaserud	[]	[2018]	1	1
77soHKyCS72fG4mKe1jLH2	Nor	[]	[2018]	1	1
60r4k4LiRa6wLr39Fc8Nrh	Morten Abel	['classic norwegian pop', 'norwegian pop', 'norwegian rock', 'norwegian singer-songwriter', 'rogaland musikk']	[2018]	1	0
4AzwQNUVob4dB2by2YVudm	UØ	[]	[2018]	1	1
2wFHMjgeV4g9an3QsriQIB	Henrik the Artist	['proto-hyperpop']	[2018]	1	1
3LtYMPncqtiugGwOuuLq3h	Baddiel, Skinner & Lightning Seeds	['football']	[2018, 2021]	1	0
2m1l9MLSslzup4vvokKgvQ	Villagers	['chamber pop', 'indie folk', 'irish rock']	[2018]	1	0
6J3RPKUwZlKMzh3vWa9wPc	Skott	['indie electropop']	[2018]	1	0
4cmA2QDPdzh8W2ytpyUGes	Young Scooter	['atl trap', 'drill', 'trap']	[2018]	1	1
1D953gELvYO8pd1hxk5swV	The Waked	['scandipop']	[2018]	1	0
1Fy4Vnoq3HspYLrgEs9VNc	XO Cupid	[]	[2018, 2019]	1	1
64msO0RZHKEtUsVvNtOrS4	Maya Avedis	[]	[2018, 2019]	1	1
6lvQ8A4F80Hn5t56isuxWr	HAVSUN	['norwegian pop']	[2018]	1	0
3cWGilyM7pw2Q1bGbTXuBr	TrifeDrew	[]	[2018]	1	1
7iymigONRODGl6XJIprcuF	Jocelyn Alice	['canadian electropop']	[2018]	1	1
0DRWDpqOfIbafVX1Go6UVD	Marius Samuelsen	['talentkonkurranse']	[2018]	1	0
6NEekR0i3JC1r4BntSjskE	Call Me Loop	['alt z', 'uk pop']	[2018, 2019]	1	1
6rHWAH6F4mr2AViSxMV673	Jessica Mauboy	['australian indigenous', 'australian pop', 'australian talent show']	[2018]	1	0
7wFofiXDoY1f4gMPAH1CAe	BAD HABITS	[]	[2017, 2018]	1	1
2KjAo6wVc9d2WcxdxSArpV	RY X	['indie folk']	[2017, 2018]	1	0
7BXomU2x3VZogFb0keMZHf	WNDR	['norwegian pop']	[2018]	1	1
3waIwIZyuxR1opNI3rLvsh	Elshay	[]	[2018]	1	1
0i0YkrLx5hNqx7FD5l1DyN	Melina Johnsen	[]	[2018]	1	0
41klVmDluQZmGGqoidNfbe	Blac Youngsta	['memphis hip hop', 'southern hip hop', 'trap']	[2018]	1	1
68I5jhdAlUhczqxyWRwoAZ	Soph	[]	[2018]	1	0
2VAb6J4eTOQ2ScgIvYugTI	Breveglieri	['norwegian pop rap']	[2018]	1	1
6wUAn24MOirNVNqQM47fda	Josh Golden	['la pop']	[2018]	1	1
0vneleczrRRNPF1vj0x0vy	The Harlem Community Choir	[]	[2017, 2018, 2019]	1	1
4m2kfAHEnK7Z7qLGxeWtro	The Plastic Ono Band	['beatlesque', 'experimental rock']	[2017, 2018, 2019]	1	1
4nym9MDEPnWmPfuWwsyKeL	MÉLOVIN	['ukrainian pop']	[2018]	1	0
7bSq8V5IGFa89VPDIvzehw	CIRE	[]	[2017, 2018]	1	1
4VNQWV2y1E97Eqo2D5UTjx	Gorgon City	['future garage', 'house', 'pop dance', 'uk dance']	[2018]	1	1
3ijd7T9kkzgvfx1az6Z3wj	Yungen	['afroswing', 'grime', 'london rap', 'uk hip hop']	[2018]	1	1
2KgFtUjEtayfuximKppSAq	Josie Dunne	['alt z', 'pop soul']	[2018]	1	1
0cTSCsVx04SSht9V6cpKN0	Mavis Staples	['black americana', 'soul', 'southern soul', 'spirituals']	[2018]	1	1
0LJ84eGN5V4Av9rj4xzLSS	Ieva Zasimauskaitė	['lithuanian pop']	[2018]	1	0
3gk0OYeLFWYupGFRHqLSR7	Showtek	['classic hardstyle', 'dutch house', 'edm', 'electro house', 'euphoric hardstyle', 'pop dance', 'progressive electro house']	[2018]	1	1
07FfkbljNIdl45Ijlh1aXS	RHODES	['indie anthem-folk', 'uk pop']	[2018]	1	1
7gQNLR8mykA1KjGClbPYHe	MNDR	['indietronica', 'metropopolis']	[2018]	1	1
0J7U24vlOOIeMpuaO6Q85A	LP	"['la pop', ""women's music""]"	[2018, 2021]	1	0
1oAZ2WMtMOgRGWt6X4vTec	Mannen	['russelater']	[2018]	1	1
3eii93RK8M9F3wEJDe7YJG	Decco	[]	[2018]	1	1
0AsThoR4KZSVktALiNcQwW	Chloe x Halle	['r&b']	[2018]	1	0
3NDd4Jte97ZCYqZBEQbs23	Theron Theron	[]	[2018]	1	1
3ij1FcXAaIkz7ulZ8Ud4kd	Ayme	[]	[2018]	1	1
1ZvQf6qxX37ilFbJcLqJJ2	Kingsley Anowi	[]	[2018]	1	1
6Kz7MXIUFMtp5Ts91lagtR	Mikolas Josef	['czech pop']	[2018]	1	0
2KbikmQKGiUPR2ARs1h0sq	Gilli	['danish hip hop', 'danish pop']	[2018]	1	1
7aFTOGFDEqDtJUCziLVsVC	Nao	['alternative r&b', 'uk contemporary r&b']	[2018]	1	1
1vu5vqo8KfwCUGVs7uX24r	Mika Zibanejad	['swedish pop']	[2018]	1	1
6bwVWdQfr6ttzrGLboVkjg	Paul Rosenberg	[]	[2018]	1	0
21egYD1eInY6bGFcniCRT1	First Aid Kit	['swedish americana', 'swedish country']	[2018]	1	0
1Ejjxuav6kpsSyb6QIhjHa	Selva	['brazilian edm']	[2018]	1	1
5ghnxpW47ojtLHHyTLdxdY	Witt Lowry	['indie pop rap']	[2018]	1	1
1Q9KyQkc3vODeRt9OfItxl	Katie Pearlman	['gen z singer-songwriter']	[2018]	1	1
1C5w8BJZv0qoTGCFiVlfyZ	Marthe Wang	['norske viser']	[2018]	1	0
3b2EtyaUc7tdthB9C8OLFK	Paradise Hotel, Norway	[]	[2018]	1	1
12YHJth8akn468ne6UmPEU	Kristian René & Charlotte	[]	[2018]	1	1
3ngKsDXZAssmljeXCvEgOe	Eagle-Eye Cherry	['pop rock']	[2018]	1	0
1Yss4ClgrS9sIprNlq5O3l	Yhung T.O.	['cali rap']	[2018]	1	1
3IYNUniWKkMmHKUHssC392	Palm Trees	['dutch pop']	[2018]	1	1
5eZRINUbzwWkqy5UYhPVZd	MdL	[]	[2018]	1	1
45XBPUL8jsl9sXvf44F9Ja	Abi F Jones	[]	[2018]	1	1
7wFDo161xYdeaiLz3KIHoM	Gallant	['alternative r&b']	[2018]	1	1
1qAuetfG6mhtDgsVIffWQc	Susan Boyle	['operatic pop']	[2017, 2018]	1	0
3zw2PGpf4w7YefHvDAdcyS	Alberto Ciccarini	[]	[2017, 2018]	1	1
4R7ILGBgDWUiAT1kWNe90W	Beatrich	['lithuanian pop']	[2017, 2018]	1	1
3XlASyLS4HSUX3inS3tIc1	Jeremy Renner	['hollywood']	[2018]	1	1
2Ee5ATMtBMDXnfN4ZtGBco	JRL	[]	[2018]	1	0
3TOqt5oJwL9BE2NG9MEwDa	Disturbed	['alternative metal', 'nu metal', 'rap metal', 'rock']	[2017, 2018, 2019]	1	0
3QUOtWgmuxFyae4C0Q0thd	ABIR	[]	[2018]	1	1
1LzWWI9v4UKdbBgz8fqi15	Tayla Parx	[]	[2018]	1	1
5AbLpsnTQVNB3OEadYiVrK	Yxng Bane	['afroswing', 'grime', 'uk dancehall', 'uk hip hop']	[2018]	1	1
1ackd5XprZEkH3McKbQD51	Juan Magán	['electro latino', 'spanish pop']	[2018]	1	1
0LyOADBjj28cbvJWTXUEGA	Loren Allred	['deep talent show', 'hollywood', 'movie tunes']	[2018]	1	0
7MGdiIKFdjEY56X1xpXroI	Valentine	[]	[2018]	1	1
7vGkwxpdjmp2UoWRIfqrVc	Party in Backyard	['social media pop']	[2018, 2019]	1	1
2jjjHpy5lxIRkTDrIHRH4v	Charlotte Qvale	[]	[2017, 2018]	1	1
1cOFg9afBh6ZUBmtSSozd6	Marte Wulff	['oslo indie']	[2017, 2018]	1	1
59iOp415oyqGlBHyAhu4z3	Kah-Lo	['nigerian pop']	[2018]	1	1
7H55rcKCfwqkyDFH9wpKM6	Christina Perri	['pop']	[2018, 2019]	1	0
2OsS8RgsvMnTgDsbWVzzPn	Saara Aalto	['finnish idol pop']	[2018]	1	0
4QKGlPUIuL7IzE4vsVwIu6	Ekko	[]	[2018]	1	1
40LHVA5BTQp9RxHOQ9JPYj	Lauren Daigle	['ccm', 'christian alternative rock', 'christian music']	[2018]	1	0
0g9vAlRPK9Gt3FKCekk4TW	Ab-Soul	['conscious hip hop', 'hip hop', 'rap']	[2018]	1	1
3yMtHuC00sHHIlbFtwgpkq	Bellhouse	[]	[2018]	1	0
6ngF3kF5I0prOoapltjAps	René Miller	[]	[2018]	1	1
2JfoFQs5wPHgLz8wnJ4wL2	ZOHARA	[]	[2018]	1	1
1AqQ7buD0q6SRbQtYQUnou	Alex Mattson	['finnish dance pop']	[2018]	1	1
0rOulsYQeYMeP38oG3ADag	RØRY	[]	[2018]	1	1
6Jrxnp0JgqmeUX1veU591p	Santigold	['alternative dance', 'indietronica', 'neo-synthpop']	[2018]	1	1
3mPc8WGusz2XF3Tvs3AKCR	Carlie Hanson	['alt z']	[2018]	1	0
5fMhi4Y5U4As85ARXFdMmF	Mallorca Cowboys	['discofox', 'partyschlager']	[2018]	1	0
6ueGR6SWhUJfvEhqkvMsVs	Janelle Monáe	['afrofuturism', 'alternative r&b', 'atl hip hop', 'neo soul', 'r&b']	[2018]	1	0
33ScadVnbm2X8kkUqOkC6Z	Don Omar	['latin hip hop', 'puerto rican pop', 'reggaeton', 'trap latino', 'urbano latino']	[2017, 2018, 2021, 2022]	1	1
5bv5RplEOwdCvhq0EILh9E	Lucenzo	['reggaeton']	[2017, 2018, 2021, 2022]	1	1
3WSK3JppX3N41XHVwQp7Gt	Steve Void	['pop edm', 'slap house']	[2018]	1	1
5FDIxEGRvg8QrMoNr9BoFl	Midsplit	['pop edm', 'slap house']	[2018]	1	1
2Ndq6RparrhEoceel7LC4Z	Anna Yvette	['gaming edm']	[2018]	1	1
0rvjqX7ttXeg3mTy8Xscbt	Journey	['album rock', 'classic rock', 'hard rock', 'heartland rock', 'mellow gold', 'rock', 'soft rock']	[2017, 2018, 2019, 2021, 2022]	1	0
0rlKkLkpsCnJbZethGBfAk	Captain Cuts	['pop edm']	[2018, 2019]	1	1
38CvLGTsjtoloDgv3OKQp8	Robinson	['alt z', 'nz pop']	[2018]	1	0
2cFCoDyEaPrw8QVnrDlPKU	Stan Kenton	[]	[2018]	1	0
77DAFfvm3O9zT5dIoG0eIO	Kyla	['uk funky']	[2017, 2018]	1	1
250b0Wlc5Vk0CoUsaCY84M	JENNIE	['k-pop']	[2018]	1	0
0pghUohLPptZWBasy2wmUx	THEY.	['trap soul']	[2018]	1	1
2TImI3DW7o5MdRXJs4D37h	SOB X RBE	['cali rap']	[2018]	1	0
3hPPNy5OBzCU1icQO7Nrok	99 Percent	[]	[2017]	1	1
1xYRrfmh7NjIUY6XuJhvVm	Pápai Joci	['hungarian pop']	[2017]	1	0
5xUf6j4upBrXZPg6AI4MRK	Soundgarden	['alternative metal', 'alternative rock', 'classic rock', 'grunge', 'hard rock', 'nu metal', 'rock']	[2017]	1	0
3r17AfJCCUqC9Lf0OAc73G	Fergie	['dance pop', 'pop']	[2017]	1	0
5pX1VwwQahCy32y5kxYfS4	Ella Lockert	['mgpjr']	[2017]	1	1
7wjeXCtRND2ZdKfMJFu6JC	Louane	['french pop']	[2017]	1	1
1Dn88PoQjnQgLTOaokePFz	Bright Sparks	[]	[2017]	1	1
78JRZ7S8obuhstD79Jmu8L	Off Bloom	['danish electropop']	[2017]	1	0
0Bm5cFUEv8FGx1wEekHj0D	Jeffrey James	[]	[2017]	1	1
29WzbAQtDnBJF09es0uddn	Corinne Bailey Rae	['british soul', 'neo soul', 'pop soul', 'soul']	[2017]	1	0
1jGOoP8c3KDLvGpuNGKVcV	Vilde og Anna	['mgpjr']	[2017]	1	1
7CGoviGsNXYmGOBkXk8dtW	Danko Jones	"[""punk 'n' roll""]"	[2017]	1	1
0MvSBMGRQJY3mRwIbJsqF1	Royal Philharmonic Orchestra	['british orchestra', 'orchestra']	[2017]	1	1
6kACVPfCOnqzgfEF5ryl0x	Johnny Cash	['arkansas country', 'outlaw country', 'rock']	[2017]	1	0
4s3qKWdgSHi6nDRhdq66hb	INDIIA	['swedish tropical house']	[2017]	1	1
3VE15Kf7ZUC9D6Sxcev3sR	Whitney Phillips	[]	[2017]	1	1
5338fdSzGNOFD4cxAxDTeq	Aaron Carter	['post-teen pop']	[2017]	1	0
0VvhSiR3ZVt1cA4xCfleUS	Emma Jensen	[]	[2017]	1	0
3TScZ6zJkavDy0tqoGqiCf	John Grant	['chamber pop', 'chamber psych']	[2017]	1	1
7b7fZRv3EYhFgWYJR3yjXn	Mark McCabe	['irish pop']	[2017]	1	1
22bukBZvUppuwQwmDz75Gz	Sander van Doorn	['dutch house', 'dutch trance', 'edm', 'electro house', 'pop dance', 'progressive electro house', 'progressive house']	[2017]	1	0
1JjIKP5IOuEDXQVZsbUiB2	Kristian Kostov	[]	[2017]	1	0
3vZCaRsU17XPFTQuFfRuLj	JÆGER	[]	[2017]	1	1
75jNCko3SnEMI5gwGqrbb8	Tammi Terrell	['classic soul', 'motown', 'soul', 'southern soul']	[2017]	1	1
7juKTDFlPesGeWQ1GmjmOv	Silentó	['chicago bop', 'pinoy hip hop']	[2017]	1	1
7unx1A1d7sRDyrwFyL2RuA	Abel Eitland	['talentkonkurranse']	[2017]	1	1
5RSplWKaHB1rliCI4CNSQO	Andrew Jackson	[]	[2017]	1	1
6qDAseNQcBQiKVv35eitem	Fancy Cars	['pop edm', 'progressive electro house']	[2017]	1	1
4zTLrRqcBmj7ZDuLUrKBL1	Yashua	['r&b en espanol']	[2017]	1	1
5psTfOBPmc8UquYcnS22KE	Pink	[]	[2017]	1	1
0ONN78qj6zuTEsmal4ZJKG	RAVVEL	[]	[2017]	1	1
0OdUWJ0sBjDrqHygGUXeCF	Band of Horses	['chamber pop', 'indie folk', 'indie rock', 'indietronica', 'modern rock', 'stomp and holler']	[2017]	1	0
6BUWDIxZED9ka2CRioDENa	Dunisco	[]	[2017]	1	0
3Gm5F95VdRxW3mqCn8RPBJ	Aminé	['pop rap', 'portland hip hop', 'rap', 'underground hip hop']	[2017]	1	0
726MxZBpkxnnoKl6aN7mmj	Cookin' On 3 Burners	['bboy', 'instrumental funk']	[2017]	1	1
6nxWCVXbOlEVRexSbLsTer	Flume	['australian dance', 'australian electropop', 'australian indie', 'downtempo', 'edm', 'indietronica']	[2017]	1	1
0l5oXjUIIGsSoADoEPjFsA	The Uniøn	[]	[2017]	1	1
1MaDeDnwR1a2OVzU2eoNH6	Marco Chili	['russelater']	[2017]	1	1
2xU6IU13MYie8RcM54Ovt0	Mugeez	['ghanaian pop']	[2017]	1	1
5DTFlUj0LBDnKf9bzWWFjk	Comet Kid	['norwegian indie']	[2017]	1	0
6mPZJXtFVaakznkRxdgWtC	Throttle	[]	[2017]	1	1
40NRiKuuhj1pgGYppptlBO	Not3s	['afroswing', 'grime', 'uk hip hop']	[2017]	1	1
1AzvhW9qrTUMJm3wjMnDxN	Anine Stang	[]	[2017]	1	0
7qPLO2XOUaRrRxkvLZ3AEK	Zeeba	[]	[2017]	1	1
5ZS223C6JyBfXasXxrRqOk	Jhené Aiko	['r&b']	[2017]	1	1
15NtJjjHRFybdNSMyM9smT	Nevada	[]	[2017]	1	1
0Ahhu6Pl3MroWHduzMpMTK	Gudinnen	[]	[2017]	1	1
3AHSrxsL95EsOq42TzZYiA	Martin Masarov	[]	[2017]	1	1
77TAWWVgQs8TvBxqlwqCm3	Nicoline	['melodipop']	[2017]	1	1
5pK858DFAWCmE2tM4jZxYC	Alex Ross	[]	[2017]	1	1
3aQeKQSyrW4qWr35idm0cy	T-Pain	['dance pop', 'gangster rap', 'hip hop', 'pop rap', 'r&b', 'rap', 'southern hip hop', 'trap', 'urban contemporary']	[2017]	1	1
08LLgBVJrgvnJ7EYaFupnw	Eirik	['mgpjr']	[2017]	1	1
6aZyMrc4doVtZyKNilOmwu	Colbie Caillat	['dance pop', 'neo mellow', 'pop']	[2017]	1	0
2WEClD172tRWxTvB81VfdA	Kaveh	[]	[2017]	1	0
7Hq6EHWg4kFI4BtsRx1MpO	David Whistle	[]	[2017]	1	1
4LFgxG38Y0l4Fo1gdQelay	The Dap-Kings Horns	[]	[2017]	1	1
7CqltXhCBv0seWSgUsJcPV	Jorgen Odegard	[]	[2017]	1	1
3IsULVZIf4iGp9ExB7yJVq	Linnea Henriksson	['classic swedish pop', 'swedish pop']	[2017]	1	0
20mCdWSz6PqFQof9gFFJ1r	Alvaro	['dutch house', 'edm', 'electro house', 'melbourne bounce', 'progressive electro house', 'sky room']	[2017]	1	1
3WOOglGBDGvr6c2WBeMAWn	Urban Cone	['swedish indie pop']	[2017]	1	0
7f35VZGDpomj11PXdNn5D9	Max B	[]	[2017]	1	1
0V7uVrIYr4FwFvUN9S4kYr	Nick Waterhouse	['chicago indie', 'funk']	[2017]	1	1
7CsSec3NzFx2UipwF1APhu	Galavant	['deep pop edm', 'progressive electro house']	[2017]	1	0
0gxyHStUsqpMadRV0Di1Qt	Rick Astley	['new romantic', 'new wave pop', 'soft rock', 'sophisti-pop', 'synthpop']	[2017]	1	0
4S8NmgM7oJ188sKp1waZpy	MÖWE	['deep tropical house']	[2017]	1	0
0MGJHTThvyAyqKuEAgPqDr	phem	['alt z']	[2017]	1	1
7bFuEkk1929rDOdLywT3rn	Imani Williams	[]	[2017]	1	1
7aA592KWirLsnfb5ulGWvU	Danny Brown	['alternative hip hop', 'detroit hip hop', 'escape room', 'hip hop', 'underground hip hop']	[2017]	1	1
1U0sIzpRtDkvu1hXXzxh60	Kelela	['afrofuturism', 'alternative r&b', 'escape room', 'experimental r&b']	[2017]	1	1
6fXEqmGQEt6ONuqVmwrN46	Bag Raiders	['alternative dance', 'australian dance', 'indietronica']	[2017]	1	0
5z1VAFwT35EVvCp1XlZZuL	Diana Krall	['contemporary vocal jazz', 'jazz pop', 'vocal jazz']	[2017]	1	0
1Zaa785WpHGFhn5VXOxBuQ	Simen Agdestein	[]	[2017]	1	1
7c7ZeiPKWHf2E1rsf1P4VF	Medina	['danish pop']	[2017]	1	1
4nhVPRChv24WG40x4H0eaG	Antonio D	['swedish reggae']	[2017]	1	1
02nqwOvmlIhYQtZ5kVqJZm	Cahill	[]	[2017]	1	1
74eY8wbrhhVD7pACbBHwHw	Imany	['french indie pop']	[2017]	1	1
5NW2uPFatEKjZQ5gpWD8HO	Filatov & Karas	['russian dance', 'russian edm', 'russian pop']	[2017]	1	1
34SBu2kvAUh84umN8Pi0iI	Hight	['uk dance']	[2017]	1	1
5KPJMJR9PCfMWSfco8i4W4	Alex Aiono	['teen pop']	[2017]	1	1
60UaxwR5eEqYt5tIutV85u	Kaíva	[]	[2017]	1	1
5aP2E8K4LY86fUERVzZlnX	Garibay	[]	[2017]	1	1
7Fb4bPwUT0mrtDXt2qmJEp	Olaf Blackwood	[]	[2017]	1	1
5a2w2tgpLwv26BYJf2qYwu	SOPHIE	['art pop', 'bubblegum bass', 'deconstructed club', 'escape room', 'hyperpop', 'proto-hyperpop', 'transpop']	[2017]	1	1
1WyfdPnJcL6JS5s0TAq7Fa	IDA KUDO	[]	[2017]	1	1
7GmgIztm5lnP5w3pefyYF1	Peaceful James	[]	[2017]	1	1
6kVaTeWC1mzu7IHvQqcSmE	AO	['slow game']	[2017]	1	1
6U4uEoS3ISgppqupG6GJoZ	Nathan Trent	[]	[2017]	1	0
3KO2BnAsUJjjAVyPH2F8uK	Anderson	[]	[2017]	1	1
4j5KBTO4tk7up54ZirNGvK	NERVO	['australian dance', 'dutch house', 'edm', 'electra', 'electro house', 'house', 'pop dance', 'progressive electro house', 'progressive house']	[2017]	1	0
5WWvJh6iJb84QEcJNUhkOO	Silja Sol	['bergen indie', 'norwegian indie']	[2017]	1	0
0lOuUEHGyflTIBITamaV74	Tore Pang	[]	[2017]	1	1
6r514fXAl2fe5cHF6HKOHW	JRY	[]	[2017]	1	1
31rVRoX5ZG9ZyRbHvlEwjA	RuthAnne	[]	[2017]	1	1
6FhF4CThrHldCUxYWbloJP	Brooks	[]	[2017]	1	1
7nPlwIGzSvU0yrIWdigH6B	INÉZ	[]	[2017]	1	0
2WFpP5JesWt9H0zqKesrCJ	Oselie	['mgpjr']	[2017]	1	1
1GZrKwVL73MyDEr4bR9sRk	Tore	[]	[2017]	1	0
2qGEnRrkASvF3bnz0Uvmhe	Ralphy River	[]	[2017]	1	1
5A9p1yLVyuXQM4W4k9WnYh	Hack & Tree	[]	[2017]	1	1
0Ye4nfYAA91T1X56gnlXAA	Mako	['pop edm']	[2017]	1	1
4hbnUamwrCHpv4wQTwvCIc	Sondr	['pop edm']	[2017]	1	1
6AkOKJrWF8gbAw87VJGphH	OMVR	['scandinavian r&b']	[2017]	1	1
5Hc7waS2SySI77gFj5z5gI	Mike Orlando	[]	[2017]	1	0
6mctsJBrfcWvWH7S8h716D	Moelogo	['afrobeats', 'nigerian pop']	[2017]	1	1
2kmbC8rYZQEOwK2YreEQR9	Thomas Løseth	['talentkonkurranse']	[2017]	1	1
7qeQ4BOLC2jbprUpK60oIz	Marion Sophia Dyrvik	[]	[2017]	1	1
0DxeaLnv6SyYk2DOqkLO8c	MAGIC!	['pop', 'reggae fusion']	[2017]	1	1
6nXmnBpdFvzImqLQb3HBa9	Adam Trigger	[]	[2017]	1	1
2ihAcaq0chwLggW9C6sJPm	Huemist	[]	[2017]	1	1
0jFY3q6zqa6wgnxQMZJqvF	Pelihagen	[]	[2017]	1	1
4GrH6djlMelZDucxke8WAk	Chris Crone	[]	[2017]	1	1
0OY0pe7cz8bQj9Ihrr2BpV	MGPjr Allstars 2017	['mgpjr']	[2017]	1	1
6cXMpsP9x0SH4kFfMyVezF	Josh Groban	['operatic pop']	[2017, 2019]	1	0
2tAOabOdb8uzkBH5Lu6Lxs	Luke Potter	['uk dance']	[2017]	1	1
4weeCf9AotK7ovljqidJnG	Milwin	['deep pop edm']	[2017]	1	1
5U5HXq66SPzbmcnrPl7vts	Sha	['turbo folk']	[2017]	1	1
1jhdZdzOd4TJLAHqQdkUND	Jamie Lawson	['devon indie', 'indie anthem-folk']	[2017]	1	0
2AQjGvtT0pFYfxR3neFcvz	Jordin Sparks	['dance pop', 'pop', 'post-teen pop']	[2017]	1	0
5FvynJ5rFQHiDodyvcdOSS	Dreamon	['norwegian hip hop']	[2017]	1	1
7fMaGYPt2Za9wzgOWhWYG4	Lila	[]	[2017]	1	1
2RVvqRBon9NgaGXKfywDSs	Maisie Peters	['alt z', 'uk pop']	[2017]	1	0
17vxx1fQLs6mQ865r9qaNB	Maria Arredondo	['classic norwegian pop']	[2017]	1	0
2hCU6EhDEmPjpqe8cAHAcm	Birgir	['icelandic indie']	[2017]	1	0
7nwrblOf59ulOiB6djwPVh	Dianne Reeves	['contemporary vocal jazz', 'vocal jazz']	[2017]	1	0
6JLwyyc3LBwRXEODjugQ4D	TAL	['french pop']	[2017]	1	0
0vbEs3DgphJ2RGZqh4qFLT	Anita Kerr Singers	['easy listening']	[2017]	1	0
4aOOnr90lZUhyGcEgmtgcl	Rynn	['indie electropop']	[2017]	1	1
58MLl9nC29IXbE4nEtuoP2	Alex & Sierra	['pop', 'post-teen pop']	[2017]	1	0
7xEFii6utZmQ61kX59HmLH	FRENSHIP	['electropop', 'indie poptimism', 'la pop']	[2017]	1	1
6T56xtTEllGW17snjAZLNP	Gia Woods	['alt z']	[2017]	1	1
12T5zPy82HcvYOOWAmkIS8	Pojkarna	[]	[2017]	1	0
6PZcf69xKlpNGpHuZGmy5e	Mo$$Berg	[]	[2017]	1	1
6VxCmtR7S3yz4vnzsJqhSV	Sheppard	['australian indie', 'folk-pop']	[2017]	1	0
2MyOUJGp9Ql0chdY25a1Ti	Pilgaard	[]	[2017]	1	1
5GK67YlcUoz0x2r0l1DHYI	Victoria Andersen	[]	[2017]	1	1
58HLYjCrUoNKPGD4IUqHhM	Toito	[]	[2017]	1	1
2SK2TwItyhpY8GJtXm2n0r	Karli	[]	[2017]	1	1
0UN8vGMxWEBKNNu8NtyF96	Lush & Simon	['dutch house', 'electro house', 'progressive electro house', 'sky room']	[2017]	1	1
05o1zW8b6PV6rEquXr74sB	State of Sound	['swedish tropical house']	[2017]	1	0
3qkxtGjDpWOoLkgkFyAiX1	Ruudboi	[]	[2017]	1	1
3wHs6vOUf3Urbt13DzLFNv	Erik Eliassen	[]	[2017]	1	0
4t9f5nGnic2KPYRnRRniry	Axxe	[]	[2017]	1	1
1yFie7615gesdLbvVVpYU5	Zoe Nash	['la pop']	[2017]	1	1
6aGmKxXoKrSdovRUn8MBhZ	Margaret	['polish pop']	[2017]	1	0
3qMyym6ov558YgVuOOscEm	Blanche	[]	[2017]	1	0
36jaGQtMj5UWD0eO1fCVdD	Joel Adams	['australian pop', 'pop soul', 'teen pop']	[2017]	1	0
7DXjp1eSv6Xf759gmCiApa	Panetoz	['swedish eurodance', 'swedish pop']	[2017]	1	0
73tITL3u5T35u309PLpN6K	Hotel Garuda	[]	[2017]	1	1
5LY4Rzduoz5b0qZdV3rHwK	Carl Louis	['norwegian house', 'norwegian indie']	[2017]	1	0
6PwHyGcUfjwdjT9cdsaVWT	Merryn Jeann	[]	[2017]	1	1
6qFrcxPy2n6NfXZniuEvEH	Hanne Sørvaag	['classic norwegian pop', 'norwegian pop', 'norwegian singer-songwriter']	[2017]	1	0
2woivlckW1wdml7zq1WW6e	Huntar	['uk pop']	[2017]	1	1
5fW1JQP4DfDyNqvYQ5m4Ju	Tunji Ige	['canadian hip hop', 'underground hip hop']	[2017]	1	1
3eSiyfI9xykA5QtgcLS43b	Emmi	[]	[2017]	1	1
74XFHRwlV6OrjEM0A2NCMF	Paramore	['candy pop', 'modern rock', 'pixie', 'pop', 'pop emo', 'pop punk', 'rock']	[2017]	1	0
6lxMgbHCSwSRL4LuoUkAJQ	The Endorphins	['swedish electropop']	[2017]	1	0
0lzV2CiahHRiGd6qpADtPS	James Hersey	[]	[2017]	1	0
4Rw52ObVEsmPEpw3QHhNHC	Marcus Dale	[]	[2017]	1	1
1WeMMduz4huN3pIgBiMZlf	Maria Aasen	[]	[2017]	1	1
5EehXjjMktLuJmbRsM7YfB	Disciples	['house', 'pop dance', 'uk dance']	[2017]	1	0
2hWs22BmQkK4czFtDLnar2	Rob $tone	['san diego rap', 'viral trap']	[2017]	1	1
1rs3y69kDwkIdGJcOYngQt	J. Davi$	[]	[2017]	1	1
36Tn5h23ysORlLKc42UXfe	J Spooks	[]	[2017]	1	1
3lPtB78D5puSWQ7ltAafQw	James Droll	[]	[2017]	1	1
0AepkoQhYvkjEzzwIcGxdV	Jacob Banks	['uk contemporary r&b']	[2017]	1	1
3YqFSZLBUbSMeBM749iW7M	BACALL	['deep pop edm']	[2017]	1	1
3Fv735VHm9CTIHUClsVIcR	Malo	[]	[2017]	1	1
74ZvOmqVvjNVb2U9boDcfE	Prince Osito	['spanish reggae']	[2017]	1	1
4pADjHPWyrlAF0FA7joK2H	Jay Sean	['dance pop', 'pop', 'pop rap']	[2017]	1	0
1dPJqaqlpuq6Ri0FXY9QBU	Magnus	['mgpjr']	[2017]	1	1
7wHitlNPH5K7GdAjbKugpc	Eben Jr.	[]	[2017]	1	1
5W02tXnCnuB2Hy5x1fNHsf	Niklas	['dakke dak', 'danish pop']	[2017]	1	0
5clpSPFnVCUghQIGEXgzcE	Louam	['norwegian pop', 'scandinavian r&b']	[2017]	1	1
4FSvbwuBUENBzHTKxbCeoj	Zimpzon	[]	[2017]	1	1
2XpEZIV9uuJY6pdhKAbuBh	Missy & Blonde	['channel pop', 'viral pop']	[2017]	1	1
6fOD5mThYrqHe1cyTrKcyu	Julia Ross	['acoustic chill']	[2017]	1	1
1FQIQrgG9sgl9WK2WnNOS9	Em Rossi	[]	[2017]	1	0
70zQbRqxcwsB6jJxNzd9Uv	Olav Haust	['russelater']	[2017]	1	0
3Bd1cgCjtCI32PYvDC3ynO	London Grammar	['metropopolis', 'nottingham indie']	[2017]	1	0
1J2VVASYAamtQ3Bt8wGgA6	Ja Rule	['dance pop', 'east coast hip hop', 'gangster rap', 'hip hop', 'hip pop', 'pop rap', 'queens hip hop', 'rap', 'urban contemporary']	[2017]	1	1
6MLDcHrNh4OqxDZAjMt5pt	Ralph Tresvant	['contemporary r&b', 'new jack swing']	[2017]	1	1
1HcAkAeL4xf02wzAnl7mIV	Michaël Brun	['raboday']	[2017]	1	1
0fLTCqslJayr6ZdsGU50Gq	Loveless	[]	[2017]	1	1
6e4aHkdDUcsaXPTQdF6Qhn	Life of Dillon	['uk pop']	[2017]	1	0
7uMSsrbX9MJzf161IcY7KU	Logan Paul	['social media pop']	[2017]	1	1
6x9QLdzo6eBZxJ1bHsDkjg	Sisqo	['contemporary r&b', 'dirty south rap', 'hip pop', 'r&b', 'urban contemporary']	[2017]	1	1
0CIwCGmQMqHqiblnZlFia1	Stephen Marley	['reggae', 'roots reggae']	[2017]	1	1
6VD4UEUPvtsemqD3mmTqCR	Deorro	['dutch house', 'edm', 'electro house', 'melbourne bounce', 'melbourne bounce international', 'pop dance', 'progressive electro house']	[2017]	1	1
1c22GXH30ijlOfXhfLz9Df	Elvis Crespo	['latin pop', 'salsa', 'tropical']	[2017]	1	1
4CHiVarfTsFhkFOk5vHS77	Marc Scibilia	['indiecoustica']	[2017]	1	1
3lMM4KsNnQvnq3RKExUB1Z	CASPR	['scandipop']	[2017]	1	0
6RqG6OjPJVHi1RAcXTxglq	Stereotypes	[]	[2017]	1	1
3crnzLy8R4lVwaigKEOz7V	E-40	['cali rap', 'gangster rap', 'hyphy', 'oakland hip hop', 'west coast rap']	[2017]	1	1
3ME6eoK8WEmk0OayeXjni3	K.Safo	['gaming edm']	[2017]	1	1
4ZHQPpXq2rDMEAkdiZ3iaz	Oliver	[]	[2017]	1	1
7gP3bB2nilZXLfPHJhMdvc	Foster The People	['indietronica', 'modern alternative rock', 'modern rock', 'rock']	[2017]	1	0
7muzHifhMdnfN1xncRLOqk	Flux Pavilion	['brostep', 'classic dubstep', 'complextro', 'edm', 'electro house']	[2017]	1	1
7LkNpfFX2XpGAO0Amhtfhl	Elle Winter	[]	[2017]	1	1
04abdnqPQe2N4fjztDea6z	Austin Mahone	['pop', 'post-teen pop']	[2017]	1	1
11MPN15lJXhcJlbH0bm3NE	Agnes Stock	['talentkonkurranse']	[2017]	1	0
1IELhvOMg5VQlU7syRm6CS	CAZZETTE	['complextro', 'edm', 'electro house', 'pop dance', 'progressive electro house', 'progressive house']	[2017]	1	1
6Mn5HNY6bJSqK31cRa0uiv	JONES	['uk contemporary r&b']	[2017]	1	1
2NGI2PU8qCRcMhy1vIfJmU	DVNNI	[]	[2017]	1	1
7pMqgUModTCyS7hpa5n2Lc	FRND	['pop edm']	[2017]	1	1
2OFEXARoSZyZLR6S0oV2R7	Tom Swoon	['dutch house', 'edm', 'electro house', 'pop dance', 'progressive electro house', 'progressive house', 'sky room']	[2017]	1	1
21j5J8Ew4RfqC184rcJTZx	Swedum	['swedish tropical house']	[2017]	1	0
7nKeLE1toRtW4M279iS26h	Zay Hilfigerrr	['viral trap']	[2017]	1	1
5AsWcQXw4RJFRWBbwa0ti0	Zayion McCall	[]	[2017]	1	1
3Hrm4nJtnnZLGjWITpxvle	Jonas V	['norwegian hip hop', 'norwegian pop rap']	[2017]	1	1
5zJS9TctS8sQ8XidpVpfCU	Chad Cooper	[]	[2017]	1	1
6W9GI0QPqUZkyhTxBMUAi5	Robaer	['german house']	[2017]	1	1
2OTBn9LN1AkDc7lFlLwlAX	KEPLER	[]	[2017]	1	1
0fs8oBR1rx7JIXZi75h7Uu	Bahari	['alt z', 'la pop']	[2017]	1	1
42tdviCwescCx3ZE8ihsJ3	Conor Darvid	[]	[2017]	1	1
4GLJPBj5Cdr9AgLKvLWM4n	Dragonette	['canadian electropop', 'canadian pop', 'dance rock', 'electropop', 'metropopolis', 'neo-synthpop']	[2017]	1	1
0Cd6nHYwecCNM1sVEXKlYr	Krewella	['edm', 'electra', 'electro house', 'pop dance', 'progressive electro house']	[2017]	1	1
0JTiv13tSwrz1f7q8MS264	Prebz Og Dennis	[]	[2017]	1	1
71KEXHy0faRvbwprCfuMeH	Penthox	['deep pop edm']	[2017]	1	1
2GJP8WUxtpkE7NolyW0BPr	Julimar Santos	[]	[2017]	1	1
4MXUO7sVCaFgFjoTI5ox5c	Sufjan Stevens	['art pop', 'baroque pop', 'chamber pop', 'indie pop', 'indie rock', 'singer-songwriter']	[2017]	1	0
0W1948pkUWUD4JT5M3HpzI	6150	[]	[2017]	1	1
07s3RoegjpfaPWvL7JrMnd	EPK	[]	[2017]	1	1
10nRSxUktKW346kbHFd2a2	Roshi	[]	[2017]	1	1
6DIS6PRrLS3wbnZsf7vYic	WALK THE MOON	['dance rock', 'modern rock', 'pop']	[2017]	1	0
5w39eY1aNDybnDGTNgVt3r	Midnight Kids	['pop edm']	[2017]	1	1
60df5JBRRPcnSpsIMxxwQm	Otis Redding	['classic soul', 'memphis soul', 'soul', 'soul blues', 'southern soul', 'vocal jazz']	[2017]	1	0
0SYkJEK9zrRVFVSZNDFd6S	Norah Benatia	['scandinavian r&b']	[2017]	1	0
0GfYO21pue5u0sVEYk9HZO	Salvador Sobral	['portuguese pop']	[2017]	1	0
42wlDfDuv6KZWWd0t7Qgj3	Nick Broadhurst	[]	[2017]	1	0
2nuKjZLgc7II6FO4Rxjt5e	Blonde	['house', 'uk dance']	[2017]	1	1
64PgkSM1uDD9BJEg0UkMMM	Ilinca	[]	[2017]	1	1
7LCXh4MTN5bnfptYe17e66	Alex Florea	[]	[2017]	1	1
0o8NoczMZj9htxom4VU0Jj	Temmpo	[]	[2017]	1	1
6P4CBsjZN4ZsBfMnBMYFCA	Joe Cleere	[]	[2017]	1	1
72twmO380DyQvrioHSeacz	Frank Pierce	[]	[2017]	1	1
3WPenKiDkTuV9fHEVYslj9	Emily Bonabon	[]	[2017]	1	1
2gBjLmx6zQnFGQJCAQpRgw	Nelly	['dance pop', 'gangster rap', 'hip hop', 'pop rap', 'rap', 'st louis rap', 'urban contemporary']	[2017]	1	1
0jUQSUOcM7lxVn5eVGTkzQ	Justine Skye	['pop r&b', 'r&b']	[2017]	1	1
3w4VAlllkAWI6m0AV0Gn6a	Hurts	['metropopolis', 'neo-synthpop']	[2017]	1	0
5tCPpDoXfTKy5yTongtDAT	TOOMANYLEFTHANDS	['danish electronic', 'scandipop']	[2017]	1	1
1SPo0Gb7MLOZRbrpnj4ybr	Oda Loves You	['scandipop']	[2017]	1	1
5dkmvak8Q82pjjnbIlil2k	Ammunition	['melodic hard rock']	[2017]	1	0
00Z3UDoAQwzvGu13HoAM7J	Skizzy Mars	['indie pop rap']	[2017]	1	1
1vnVsEhF4H1Bg40Anv7uDw	6AM	[]	[2017]	1	1
1PbBg2aYjWLKRk84zJK15x	Echosmith	['electropop', 'indie poptimism', 'viral pop']	[2017]	1	0
3QhtxfPStTElfD4Ns08xtt	Marte Bratberg	[]	[2017]	1	0
28AyklUmMECPwdfo8NEsV0	Jimmy Buffett	['trop rock']	[2017]	1	0
3NoeRIxHApi6qe4yan2Vnn	Eric Nally	[]	[2017]	1	1
47EbO9KG9g9bIa3ZXn0pwk	Hechmann	['pop edm']	[2017]	1	0
3TaUSUXn41GixL7zbvrIDt	A-Trak	['canadian electronic', 'edm', 'electro house', 'electronic trap', 'turntablism']	[2017]	1	1
0jNDKefhfSbLR9sFvcPLHo	San Holo	['brostep', 'edm', 'electro house', 'electronic trap', 'future bass', 'pop dance']	[2017]	1	0
0fLTK12xF2IMaNmKMSue6g	Khrebto	['russian edm']	[2017]	1	1
2Kx7MNY7cI1ENniW7vT30N	Norah Jones	['contemporary vocal jazz', 'jazz pop', 'vocal jazz']	[2017]	1	0
4yX6mpMyBGf9UfvBB8JJrc	Hayla	[]	[2017]	1	1
2MoxYOhy9ooC8KRcdgIFif	Leroy Styles	['dutch edm']	[2017]	1	1
4DTbdShHu2RPYEEMUp2XWV	Anjulie	['canadian pop']	[2017]	1	1
51ee5saYa2wHXhQ3cAMYDH	Trevis	[]	[2017]	1	0
1b4DN8Vj0dnj5cceMFsRYN	Dante Klein	['deep tropical house', 'dutch house', 'pop edm']	[2017]	1	1
7vkBnXHIvNilYcrqt9RJLD	Bergen Philharmonic Orchestra	['classical performance', 'nordic orchestra', 'orchestra']	[2017]	1	1
2quK1rzyuUq4XuyMlZOsKJ	Kristian Valen	['norwegian country', 'rogaland musikk']	[2017]	1	0
3EA9hVIzKfFiQI0Kikz2wo	Andrea Bocelli	['classical tenor', 'italian tenor', 'operatic pop']	[2017]	1	1
0JXPiLgbGX4n86jsocSkG6	Spark Master Tape	[]	[2017]	1	1
1521R3ksLyQyFeqdtaSZUZ	Hoodboi	['vapor twitch']	[2017]	1	1
1aCtu6ooZLKUUvqUJvzJzM	Solguden & Mannen	['russelater']	[2017]	1	0
7wrulS1dfanckBnoxxEuS6	Scarlet Pleasure	['danish pop']	[2017]	1	0
2DzbXUAn0DiYqcgu2wDfaf	Coely	['belgian hip hop', 'belgian rock']	[2017]	1	1
2KYlV0PM7k2AJdA6hVMoqj	Thosebricks	[]	[2017]	1	0
3QJzdZJYIAcoET1GcfpNGi	Damian Marley	['reggae', 'reggae fusion']	[2017]	1	1
3t6I4YrxnwewdkKxNb2FMF	6AM	[]	[2017]	1	1
5lzqFxifzjxYHGJxuwQqtR	Francesco Gabbani	['italian adult pop', 'italian pop']	[2017]	1	0
0r9XuUo5aHtAEZiWsOA0wT	Mr. J. Medeiros	[]	[2017]	1	1
5TrkbV9x6OdTBlzWPJeBz5	Youngr	[]	[2017]	1	0
2ZsE1ZljCagXVEny7QESmJ	Kende	[]	[2017]	1	0
2cy1zPcrFcXAJTP0APWewL	Gente De Zona	['cubaton', 'electro latino', 'latin hip hop', 'latin pop']	[2017]	1	1
6vW5qwWVSTErBV1HovumXm	Jillionaire	[]	[2017]	1	1
1CQLPgGkfHrxNMqrXt5oWS	Robin Bengtsson	['swedish idol pop', 'swedish pop']	[2017]	1	0
3QLIkT4rD2FMusaqmkepbq	Rachel Platten	['post-teen pop', 'viral pop']	[2017]	1	0
0fov7ClSP5KDEJUbE0D0VI	Boreal	[]	[2017]	1	0
5eQBXoAm3yRvTpSvEamDsq	SERVED	[]	[2017]	1	0
5mM9eNte0aWttOiMhPb2dM	My Little Pony	['cartoon', 'otacore']	[2017]	1	1
2X8u6XT2wm1TyhY3H8KDKT	GOLDENS	[]	[2017]	1	1
49gMgZNZkHOkwWkFHQDkgK	F5	['mgpjr']	[2017]	1	1
4ziZMP9NamaGg2rZx0G2IB	Tsunami	[]	[2017]	1	1
4HpFXZsVoerMLtLudMJJkb	Alina Devecerski	[]	[2017]	1	0
4JNaaEI1eZDROCcQwb6L59	some chick	[]	[2017]	1	1
3DnNQH13SfSOjZDsVEa0ht	Liu	['brazilian edm']	[2017]	1	1
3lQvg5w1PYUH7HzcbTBsLu	Stonefox	[]	[2017]	1	1
5zVEKXJri9Ef1x6vMam3jk	Vino	[]	[2021, 2022]	1	1
0Ua13XjQs98ElOboDoGzZH	Kasha Kawasaki	[]	[2021, 2022]	1	1
7bPs6jf983f0bjRAt1yxDM	Patrick Watson	['indie folk', 'indie quebecois']	[2021, 2022]	1	0
6WFDpw4u23uSpon4BHvFRn	Cat Burns	['uk pop']	[2022]	1	0
6UBA15slIuadJ8h2lPRPos	Tech N9ne	['kansas city hip hop']	[2021, 2022]	1	1
1A8NEJYo3VW9aIZ6l55Dgu	Joey Cool	['kansas city hip hop']	[2021, 2022]	1	1
7vTyZmNA6LC0WRDg7V6yle	King Iso	[]	[2021, 2022]	1	1
1T8S48bD91THNKBByWBDyn	Dwayne Johnson	['meme']	[2021, 2022]	1	1
1NRzxuPpdGushT8YmF5NAa	Edison Lighthouse	[]	[2021, 2022]	1	0
5uvOG0MwnD2ANrxNBUPtNr	1.Cuz	['swedish drill', 'swedish gangsta rap', 'swedish hip hop', 'swedish trap', 'swedish trap pop']	[2021, 2022]	1	1
0I0zS0aiq9JeGMBT45x6d8	Greekazo	['swedish gangsta rap', 'swedish hip hop', 'swedish trap pop']	[2021, 2022]	1	1
54tAGj0D5DRj7wKZdgALnq	Yei Gonzalez	['swedish hip hop', 'swedish trap pop']	[2021, 2022]	1	1
1A96iePIMNFBjLrjXEl718	Emma Louise	['australian indie', 'brisbane indie']	[2022]	1	0
5RUIxQGzPzXUD19Rb3W4e9	Miss Lafamilia	['birmingham hip hop']	[2022]	1	1
71szvmFWd7TUa7b6XmXj9k	Emmy Meli	[]	[2021, 2022]	1	0
0L8ExT028jH3ddEcZwqJJ5	Red Hot Chili Peppers	['alternative rock', 'funk metal', 'funk rock', 'permanent wave', 'rock']	[2022]	1	0
7BJ51hHlyCyxbkVuZ0Vvts	.Blomster	['norwegian pop rap']	[2022]	1	0
0WSZVhdjqDhQ9IrLn5yBNJ	Spårtsklubben	[]	[2021, 2022]	1	0
7G3I6lu8k5Ph7MN5v9yEug	REMO	[]	[2022]	1	0
1QfpRUtH14JLoY6F6AYmwt	The Rare Occasions	['la indie']	[2022]	1	0
4YpY98ig3QIOUX50xQ21GE	Elsie Bay	[]	[2022]	1	0
0a1gHP0HAqALbEyxaD5Ngn	Rascal Flatts	['contemporary country', 'country', 'country road']	[2021, 2022]	1	0
64H8UqGLbJFHwKtGxiV8OP	THE ANXIETY	['modern alternative pop']	[2021, 2022]	1	1
1xoxekeb8jUVHKJB7m6bfg	Tyler Cole	['bedroom soul']	[2021, 2022]	1	1
3T2TVhDGiaHoBpya3gCZud	Morten Ramm	[]	[2022]	1	1
08cPxKvL9dve5nkwbY69jz	Roy Harrytassen	[]	[2022]	1	1
4HnCaC2Dd4EOAkFm6WHsYe	DJ Dan	[]	[2022]	1	1
58voP90qUzcjVXlSQGizzf	P-Tee	[]	[2021, 2022]	1	1
5OTf8Z8pjXIONJHY9HKDih	1Flacko	[]	[2021, 2022]	1	1
3M3wTTCDwicRubwMyHyEDy	Shygirl	['alternative r&b', 'art pop', 'electra', 'escape room', 'grimewave', 'hyperpop']	[2022]	1	1
0rNsySWLw0GRzrj2Kh6jBs	Daniel Nunnelee	['nashville singer-songwriter', 'singer-songwriter pop']	[2022]	1	0
6Amx3XDj2wv09NhBECezh5	Leif & Kompisane	['norwegian country', 'rogaland musikk']	[2022]	1	1
2yi9c8OXkt7PrwbBFOMgjP	Simon Ward	[]	[2022]	1	1
5EzPaejJ1QA4wkTLV37e60	Wig Wam	['glam rock']	[2022]	1	0
0SwO7SWeDHJijQ3XNS7xEE	MGMT	['alternative rock', 'indie rock', 'indietronica', 'modern rock', 'rock']	[2021, 2022]	1	1
57dN52uHvrHOxijzpIgu3E	Ratatat	['indietronica']	[2021, 2022]	1	1
20wkVLutqVOYrc0kxFs7rA	Daniel Caesar	['canadian contemporary r&b']	[2021, 2022]	1	1
2S054G7qnCK45KY0XzpX30	Dylan Conrique	['alt z', 'singer-songwriter pop', 'social media pop']	[2022]	1	0
6Vleb9I1HQvEatxDZ5M7vl	Lil Holmie	[]	[2021, 2022]	1	1
1kNQXvepPjaPgUfeDAF2h6	You Me At Six	['modern alternative rock', 'modern rock', 'neon pop punk', 'pop emo', 'pop punk']	[2022]	1	1
1TUHJZ0mNtVimkplNEki48	Josh Franceschi	[]	[2022]	1	1
0tOdy7SqogILIjzGU2hSr5	Melissa Horn	['classic swedish pop', 'swedish pop']	[2022]	1	0
4FJvChnzwDxBkD1jzSjNPq	Fat Max Gsus	[]	[2022]	1	1
5A7HNCq6t0xNDOjZIUZDRk	YV	[]	[2022]	1	1
3NR7hAacOhmcztWvD7vJfS	Sickick	['bass trap']	[2022]	1	1
4z9AKehWvtxINEbu8aQGO6	Beki Mari	[]	[2022]	1	1
46pWGuE3dSwY3bMMXGBvVS	Rema	['afrobeats', 'nigerian pop']	[2022]	1	1
1BEUkE2CSUgHTLSBMZdnFB	Mae Muller	['uk contemporary r&b', 'uk pop']	[2021, 2022]	1	1
7pbDxGE6nQSZVfiFdq9lOL	Rex Orange County	['bedroom pop', 'pov: indie']	[2022]	1	1
0Ty63ceoRnnJKVEYP0VQpk	Sting	['permanent wave', 'soft rock', 'sophisti-pop']	[2022]	1	1
0Nn1YLqJpJVzJ5B21JWpLA	Tatli	['gym hardstyle']	[2022]	1	0
6hAwdJ5eKrRbnbsllZsfE8	Oda Gondrosen	[]	[2022]	1	0
0IlTS1A5ONhXYiAjBuBqRS	@AronErMat	[]	[2021, 2022]	1	1
2YMLbeMpWFmuLZ3hsoz03X	Maria Honningsvåg-Rørstad	['talentkonkurranse']	[2022]	1	0
7dnB1wSxbYa8CejeVg98hz	Meat Loaf	['album rock']	[2022]	1	0
5yOvAmpIR7hVxiS6Ls5DPO	Omah Lay	['afrobeats', 'nigerian pop']	[2022]	1	1
7GZJ2POiwPZoW7UVYjNj8i	Glockenbach	[]	[2022]	1	1
4NSzuIc0eGOftqr0tEOhJk	ClockClock	[]	[2022]	1	1
4rC8J4M4aOqsQSCP4yoyJI	Felix Da Housecat	['acid house', 'alternative dance', 'chicago house', 'electroclash', 'filter house', 'new rave']	[2022]	1	1
3QhNv79NoIvarU6N57GBzL	Miss Kittin	['alternative dance', 'electra', 'electroclash', 'electronica', 'french techno']	[2022]	1	1
6Xz6ZnGZZ1KKct4jTyKKZv	SwitchOTR	['chill drill', 'melodic drill']	[2021, 2022]	1	1
7cYZ8F0N2jby95FsxU9hh4	Cornelia Jakobs	['swedish pop']	[2022]	1	0
3o2dn2O0FCVsWDFSh8qxgG	Sabaton	['power metal', 'swedish metal', 'swedish power metal']	[2022]	1	0
7o2ZQYM7nTsaVdkXY38UAA	Em Beihold	['alt z', 'gen z singer-songwriter']	[2022]	1	0
1K2DlbrXphcDPE5SvqkC9Q	Truls Svendsen	[]	[2021, 2022]	1	1
1OWVRfp3VVMX126V8yZQfB	Charlotte Smith	[]	[2021, 2022]	1	1
31phpeAO0ulS2hhQFHhRuu	Sami Switch	[]	[2022]	1	0
1hJuGCUpefX24GFmss9bjH	Amy Macdonald	['scottish singer-songwriter']	[2022]	1	0
6QMABvTzixnxzsLYyhqRxI	Majestic	['uk dance']	[2021, 2022]	1	1
7cYEt1pqMgXJdq00hAwVpT	Chase Atlantic	['alternative r&b']	[2022]	1	0
2W8yFh0Ga6Yf3jiayVxwkE	Dove Cameron	['pop']	[2022]	1	0
60dCzUGMQpxcCyQwPiQSZP	Tina & Bettina	[]	[2022]	1	0
6vVztIuqdDHvYWxOEXCzjN	SALES	['indie pop', 'orlando indie']	[2021, 2022]	1	0
5q2b2XIdrnuvoT7hAZqWws	Yung Slippy	[]	[2022]	1	0
1BqIPGrEhdjdLFpUzce2dh	Durante	[]	[2022]	1	1
2VAnyOxzJuSAj7XIuEOT38	AlunaGeorge	['electropop', 'house', 'uk dance']	[2022]	1	1
4BnlJHNzEWC6kZzxX7oUL8	Fredrik Domaas	[]	[2022]	1	0
4Rdh0AevBwePcuPgt8fNeM	rOlfFa	['nordnorsk musikk', 'sami']	[2022]	1	1
1gm1katIowFM22Ldqcw6DK	Ricky Rich	['swedish hip hop', 'swedish trap pop']	[2021, 2022]	1	1
4LyMWxYfZfeNcAl6vbEmQ3	ARAM Mafia	['swedish trap pop']	[2021, 2022]	1	1
027TpXKGwdXP7iwbjUSpV8	The Walters	['chicago indie', 'pov: indie']	[2021, 2022]	1	0
2rAnv6brcXaglLZBB4XXEn	Nigo	[]	[2022]	1	1
2bIqrsdC6t8Ps4AcBp2rAP	Maj Britt Andersen	['barnemusikk', 'classic norwegian pop']	[2022]	1	1
72f5AR6hMeL3BwtcO7HqhS	Alison Goldfrapp	['bath indie']	[2022]	1	1
6veh5zbFpm31XsPdjBgPER	BIA	['rap latina', 'trap queen']	[2022]	1	1
4E2rKHVDssGJm2SCDOMMJB	Doechii	['alternative r&b']	[2022]	1	1
6olE6TJLqED3rqDCT0FyPh	Nirvana	['grunge', 'permanent wave', 'rock']	[2022]	1	0
1wmiQ6ytATiGnJs6uFluKO	Jay Som	['art pop', 'bay area indie', 'bubblegrunge', 'indie pop', 'oakland indie', 'small room']	[2022]	1	1
67lytN32YpUxiSeWlKfHJ3	Yung Lean	['cloud rap', 'psychedelic hip hop', 'underground hip hop']	[2021, 2022]	1	0
7fOtaGYi9Mrft9xjRXqRAA	Sportsalleen	['russelater']	[2021, 2022]	1	1
7CQi6Efv5Jjzi9KegiAGf4	gangCBang	['hjemmesnekk']	[2021, 2022]	1	1
6uwUkgJ6Hoc9W4OUeNhSpe	Alessandra Mele	['talentkonkurranse']	[2022]	1	0
0ghlgldX5Dd6720Q3qFyQB	TOMORROW X TOGETHER	['k-pop', 'k-pop boy group']	[2022]	1	1
1gALaWbNDnwS2ECV09sn2A	Nightcrawlers	['disco house', 'hip house', 'uk dance', 'vocal house']	[2021, 2022]	1	1
4L2dV3zY7RmkeiNO035Fi0	Mufasa & Hypeman	[]	[2021, 2022]	1	1
3Edve4VIATi0OZngclQlkN	Dopamine	[]	[2021, 2022]	1	1
6HaGTQPmzraVmaVxvz6EUc	Jung Kook	['k-pop']	[2022]	1	0
2KEqzdPS7M5YwGmiuPTdr5	Rina Sawayama	['art pop', 'electropop', 'indie pop']	[2022]	1	1
6c2tkx8waD1adPFT5P2BG4	Ulrikke Nilsen	['talentkonkurranse']	[2022]	1	0
7McugdqR82m7EMmzzJEBvo	Bjørn Johan Muri	[]	[2022]	1	0
4FmkyL0ggkDBUUoPzBlo80	Amanda Bergman	['swedish americana', 'swedish indie folk', 'swedish indie pop']	[2022]	1	1
3t2mi62L2FO64CmplSZddY	Money For Nothing	[]	[2021, 2022]	1	1
4mrBetqy378Jf1y6NLszlx	VINAI	['dutch house', 'edm', 'electro house', 'melbourne bounce international', 'pop dance', 'progressive electro house', 'slap house']	[2021, 2022]	1	1
74GrV01oFcjJdLHCF9MWhr	VAMERO	[]	[2021, 2022]	1	1
5qqPqjSLFK4OgfaK7PLIjj	Emilie Omland Grimstad	['talentkonkurranse']	[2022]	1	0
3ZaPFQ05J5qSM5I3Smbp44	Tevvez	['gym hardstyle']	[2022]	1	0
2uz5pGGHltzQNOmxOd95g7	Kudos	['russelater']	[2021, 2022]	1	1
08p7qYoAP6VPQPip740klh	Madcum	[]	[2021, 2022]	1	1
2mpeljBig2IXLXRAFO9AAs	Dido	['dance pop', 'europop', 'lilith', 'neo mellow', 'pop rock']	[2022]	1	1
7wU1naftD3lNq7rNsiDvOR	Paul van Dyk	['german techno', 'trance', 'uplifting trance']	[2022]	1	1
15QTc3ayMvGd8oCST7SOL6	Gus Polden	[]	[2022]	1	0
57vWImR43h4CaDao012Ofp	Steve Lacy	['afrofuturism']	[2021, 2022]	1	0
6eZaWLWqYN6A7ZABISgwLv	Dia	[]	[2022]	1	0
6wlhqnATSJIc0NQ64VxOVJ	Matt Hansen	['gen z singer-songwriter', 'singer-songwriter pop']	[2022]	1	0
0nnYdIpahs41QiZ9MWp5Wx	Holly Humberstone	['alt z', 'indie pop', 'modern alternative pop', 'uk pop']	[2022]	1	0
1TRFAJu3Cw64APToZaGk9D	Riva Starr	['deep house', 'house', 'tech house']	[2022]	1	1
6RGxLsQUoGk5PLyMVwb3yE	Sananda Maitreya	['new romantic', 'new wave pop']	[2022]	1	1
4gkZO2kbnE03K8xGmZ2DJu	Crooked Bangs	[]	[2022]	1	1
4tuT0fHrqnT2J5pNXWcjx6	Nathan Storm	[]	[2022]	1	1
04uu8U3I1h26Fp2NBkPTRZ	Sam Tompkins	['singer-songwriter pop']	[2022]	1	1
1ZwdS5xdxEREPySFridCfh	2Pac	['g funk', 'gangster rap', 'hip hop', 'rap', 'west coast rap']	[2022]	1	1
2jp3Fk52x0HbymU0lNYbSC	Outlawz	['detroit hip hop', 'gangster rap']	[2022]	1	1
0znpFLuaey34oJTE1jHSnT	Alexander Stewart	['singer-songwriter pop']	[2022]	1	0
29PgYEggDV3cDP9QYTogwv	Carolina Gaitán - La Gaita	['movie tunes']	[2021, 2022]	1	1
36CUTsdtNgCwMq6zKD1l8I	Mauro Castillo	['modern salsa', 'movie tunes', 'salsa colombiana']	[2021, 2022]	1	1
72kqSqk124Vnl1wtT6q9Fh	Adassa	['movie tunes']	[2021, 2022]	1	1
2as15AH2BTrPk8v4gyElmr	Rhenzy Feliz	[]	[2021, 2022]	1	1
18MFcGBHtyW0mU3ufcm0X1	Diane Guerrero	['movie tunes']	[2021, 2022]	1	1
5PYToRCsrnvikZg3yl2JMr	Stephanie Beatriz	['hollywood', 'movie tunes']	[2021, 2022]	1	1
3xLU748QxpTmIVaiNXXg0P	Encanto - Cast	['movie tunes']	[2021, 2022]	1	1
4kUfJdASJDMPLuo1t1N2zi	Sarettii	['swedish hip hop', 'swedish trap pop']	[2021, 2022]	1	0
4O5orcvZe8L5RbquVB6YMK	Bigbang	['norwegian rock']	[2022]	1	0
3JxCEqL9zjKnDJgUhRuRJD	Neneh Cherry	['new wave pop', 'urban contemporary']	[2022]	1	1
2roUxVggVLcXm66a2BhH4J	Audhild Høivik	['talentkonkurranse']	[2022]	1	1
2hscsIIlxYGIUYsfarFCG7	Paige	['nz pop']	[2022]	1	1
3yDIp0kaq9EFKe07X1X2rz	Nile Rodgers	['disco']	[2022]	1	1
00Ph35PnLLQYLvMnhbizSJ	Jørgen Dahl Moe	['deep talent show']	[2022]	1	0
6v5cxpqfCxNTVan5COXbLM	Harpreet Bansal	[]	[2022]	1	1
1rfSDoxOf0PEPe3yuYuPz8	10 LAPPER	[]	[2022]	1	1
79Xp2rRN7wdsaTJgttdX3K	Cody Simpson	['australian pop', 'pop', 'post-teen pop']	[2022]	1	1
2hiq2iBnUik3mrOfEgRSpB	carolesdaughter	['alt z', 'pov: indie']	[2021]	1	0
4C3ZoiafZ1vOv09kAKHLSf	Wenche Myhre	['barnemusikk', 'classic norwegian pop', 'norske viser']	[2021]	1	0
0UwOi0KeJilNp1M2MV99gF	KIIM	[]	[2021]	1	0
26cMerAxjx9GedFt0lMDjm	Bella Poarch	['modern alternative pop']	[2021]	1	0
0uDxCS9qmxWJTWCSLAK8Rr	Oslo Ess	['norwegian punk rock', 'norwegian rock']	[2021]	1	0
4vGcufU9sxRzvO7jUiBfvJ	Marianne Pentha	[]	[2021]	1	1
4jc4K2TAeE4ZklP3cMc9w0	Mikkel Gaup	['sami']	[2021]	1	1
6vHBuUxrcpn1do5UaEJ7g6	Domo Genesis	['alternative hip hop', 'underground hip hop']	[2021]	1	1
0G9ibJ5qs4Zl6iupdrVAG1	Windser	[]	[2021]	1	1
4mRg0h06uwCRYtZZ7sxsq5	The Sham Tape	[]	[2021]	1	0
5aWZNCWAnIYFrTEcsz58N1	JUNIOR PARIS	[]	[2021]	1	1
2TTKYzGkyoydHZs5KOviFH	Mamo	['norwegian trap']	[2021]	1	1
3EARhDypHgCoMRnowDSPva	Royane	[]	[2021]	1	1
2A9vYvDOaSdZIhUUadhAxh	Mads Sølsnes Gjetmundsen	['talentkonkurranse']	[2021]	1	1
4bORPnHzbJTx5sMwsQG4rs	Linn Kristin Mæland	['talentkonkurranse']	[2021]	1	1
2rTo8KIkBTFjQS7VvaKYQ4	W&W	['big room', 'dutch house', 'dutch trance', 'edm', 'electro house', 'pop dance', 'progressive electro house', 'progressive house']	[2021]	1	1
6dn6x1XOng3LOAnfTjUn77	AJ Mitchell	['alt z', 'pop']	[2021]	1	1
1D6ueetjwqW491iboMI3NT	Destiny	['maltese pop']	[2021]	1	0
2TWmcd1cbm625UHIPWVDLt	Lars Henriksen	['drikkelek']	[2021]	1	0
3L58J6a7f0jyy2p6f3MSAs	Blind Channel	['oulu metal', 'trancecore']	[2021]	1	0
7kXCcNRLEnblbTAppPraBp	Milly	['urbano latino']	[2021]	1	1
2cPqdH7XMvwaBJEVjheH8g	Jay Wheeler	['reggaeton', 'trap latino', 'urbano latino']	[2021]	1	1
5hdhHgpxyniooUiQVaPxQ0	Nio Garcia	['reggaeton', 'trap latino', 'urbano latino']	[2021]	1	1
6kq4GHwUcUojGIu0ziSNXf	Amenazzy	['rap dominicano', 'reggaeton', 'trap latino', 'urbano latino']	[2021]	1	1
5l8VQNuIg0turYE1VtM9zV	Leonard Cohen	['canadian singer-songwriter', 'melancholia', 'permanent wave', 'singer-songwriter']	[2019, 2021]	1	0
7FtCyCJCJaxabYO7Uyda5B	Cannons	[]	[2021]	1	1
7EWU4FhUJM1sZQgQKdENeT	Hopsin	['conscious hip hop']	[2021]	1	1
4CuipEvwcoQggmCV8jpKF9	Michael Calfan	['dutch house', 'edm', 'electro house', 'house', 'pop dance', 'progressive electro house', 'progressive house']	[2021]	1	1
4ogvuDRerGhZfSf7TtzHlr	Israel Kamakawiwo'ole	['hawaiian']	[2021]	1	1
2mGY9GWzeVhGxwHQAeut6d	Nils Mikael Hætta	[]	[2021]	1	1
2AsusXITU8P25dlRNhcAbG	Gotye	['australian pop']	[2021]	1	1
6hk7Yq1DU9QcCCrz9uc0Ti	Kimbra	['bergen indie', 'electropop', 'nz pop']	[2021]	1	1
3VhdRFPzyb8huDuJkxpLFa	Bianca Ingrosso	['swedish pop']	[2021]	1	0
5u6FQJXhvjReSqfrkDeCQr	Tusvik&Tønne	['drikkelek']	[2021]	1	0
4yJHrytMK7mqtKsXVGaBNg	Fana Hues	['alternative r&b', 'indie r&b']	[2021]	1	1
3DJVDo0kd19fZXpTabasOX	Zafrir	['big room', 'slap house']	[2021]	1	1
4xFUf1FHVy696Q1JQZMTRj	Carrie Underwood	['classic oklahoma country', 'contemporary country', 'country', 'country dawn', 'dance pop']	[2021]	1	1
4bXUaTjc7TQTvLqqCAlfYt	Jack Back	[]	[2021]	1	1
0gWa2AiDlbvF24aqoLT2c1	LadBaby	[]	[2021]	1	1
3M1eBsR4rSTcDAzYopumeG	Asme	['swedish gangsta rap', 'swedish hip hop', 'swedish trap', 'swedish trap pop']	[2021]	1	0
0WtqlLmTgvnRBiHTGTpc67	John Olav Nilsen	['norwegian alternative rock', 'norwegian indie', 'norwegian rock']	[2021]	1	1
3TDBJiPMYhdGXcek38HvcY	Nordsjøen	[]	[2021]	1	1
5uvwGfXbw7uUF9JI0KqKK5	Herborg Kråkevik	['classic norwegian pop', 'norske viser']	[2021]	1	1
1hjbx5UIlrNlckDKP4Nzv8	Kåre Conradi	['norwegian jazz']	[2021]	1	1
4B3aifxHtpcKHuNi12lmSt	WATTS	[]	[2021]	1	1
5Dl3HXZjG6ZOWT5cV375lk	Yo-Yo Ma	['chamber ensemble', 'classical cello', 'classical performance']	[2021]	1	1
3rROvEsUJJ9y55g1PLaA16	Robert Trujillo	[]	[2021]	1	1
4DW34vji6G9GgGY0k2mic7	Chad Smith	['rock drums']	[2021]	1	1
1vaQ6v3pOFxAIrFoPrAcom	Ari Lennox	['alternative r&b']	[2021]	1	1
1ybINI1qPiFbwDXamRtwxD	Smino	['alternative r&b']	[2021]	1	1
1YjaVTeHBlVRRxbk7H30HN	Lunis	[]	[2021]	1	1
1Vjz6xbcJhHF5niFrLWpuX	Hank von Hell	"['norwegian punk rock', ""punk 'n' roll""]"	[2021]	1	1
68UvCzlIOr87VYF5icJd2d	Synne	[]	[2021]	1	1
6zlR5ttMfMNmwf2lecU9Cc	Sam Fender	['modern rock', 'north east england indie']	[2021]	1	0
21rgoGGMOSvl9RD6zeuOnq	VICTORIA	[]	[2021]	1	0
4rrI3dKjmTOzRZvOwOWOlu	EMMY	[]	[2021]	1	0
5bgfj5zUoWpyeVatGDjn6H	K CAMP	['atl hip hop', 'melodic rap', 'southern hip hop', 'trap']	[2021]	1	1
0aF4uopelh675gJDvtpCnU	Tim North	['canadian hip hop', 'toronto rap']	[2021]	1	1
7gULlMYPd5zbqr7wpvAtsQ	Marty James	[]	[2021]	1	1
1oPEr1Ci8sWOYj8SSh2VPE	Siiickbrain	[]	[2021]	1	1
0hDjKSKjl1DC7ovYTDJHe8	Bruno Major	['singer-songwriter pop']	[2021]	1	0
4BFLElxtBEdsdwGA1kHTsx	ElGrandeToto	['arabic hip hop', 'rap maroc']	[2021]	1	1
3BxsweDMcgp9gNWmG40u6f	Huddy	[]	[2021]	1	0
44vREmJC0OlVZjZaGLqVEd	Morray	['pop rap']	[2021]	1	1
2qHlT3DfJoJNI4I8IzQmky	Marie Klåpbakken	[]	[2021]	1	1
2XIjSIUqsAXWJbMrVykTZ3	BLOODLINE	[]	[2021]	1	1
35R1B97CfrqKFFI3QBkTDx	RealestK	[]	[2021]	1	0
3SAEE3F7NtNj5VBUiXDYDS	Christopher Robin Omdahl	[]	[2021]	1	1
7dSqJvIy874MDPs0upKouQ	NRK FlippKlipp	[]	[2021]	1	1
1KQhOIQd6cWjVJHfSSLTRG	Qana	[]	[2021]	1	1
2vGA5qCDLZGW6exRQgKfLL	Sarah Reeves	['ccm', 'christian pop']	[2021]	1	1
5lVNSw2GPci8kebrAQpZqU	Eli Brown	['house', 'tech house', 'uk dance']	[2021]	1	1
7dRZclXkaEE73U3Tx1u9qV	Vikki Gilmore	[]	[2021]	1	1
6auWB5YAlcKaHyrbTH66nd	No Rome	['indietronica']	[2021]	1	1
4lK5AZrzeSJ6psd93pYzuo	Amalie Haugen Øvstedal	['talentkonkurranse']	[2021]	1	0
4np9Zzw0SEYQLcGv28P51q	TRAVI	[]	[2021]	1	1
23TFHmajVfBtlRx5MXqgoz	Sfera Ebbasta	['italian hip hop', 'italian pop', 'trap italiana', 'trap latino']	[2021]	1	1
7MP4jhYmFEgb0AtiOkw55s	Play-N-Skillz	['chicano rap']	[2021]	1	1
4kvCU3MzggM2piZCqvxj0x	Go_A	['ukrainian viral pop']	[2021]	1	0
28Yka7aPiP0TcDk7TYH14h	Robbz x Brookz	['swedish drill', 'swedish hip hop', 'swedish trap pop']	[2021]	1	1
5lTjv8Ag00qHSGhvK4JbeF	Justin Wellington	['melanesian pop', 'pacific islands pop', 'png pop']	[2021]	1	1
6c8akjSeJQw2NYemV6qVT8	Small Jam	['solomon islands pop']	[2021]	1	1
5p81CAjQueUKbj7MmIQZyK	Einar Nilsson	[]	[2021]	1	1
47SGfUcUpNggbIN9pfjDPX	BaseBoys	[]	[2021]	1	0
34G31kGbSQmemVlI0G784o	THE ROOP	['lithuanian rock']	[2021]	1	0
3M9XAM57a4qFz3v6Lq27t2	Kellin Quinn	[]	[2021]	1	1
13NpuESz6tlK819yBs0PuS	Azteck	[]	[2021]	1	1
3q5DAsSH8efMqNxjxbdpGx	Angemi	[]	[2021]	1	1
5oJvmyeWzyeahRtjup3Oys	AVAION	[]	[2021]	1	1
34YUZCxm89TPhp9LiRQMSH	Kristoffer Lo	[]	[2021]	1	1
2zgFYHwSEYOc1KnldGsBXK	Oxia	['french tech house', 'minimal techno']	[2021]	1	1
0fGcIStdT1OpFFhOC7Wp36	Teezo Touchdown	['chill abstract hip hop', 'indie hip hop']	[2021]	1	1
4bYPcJP5jwMhSivRcqie2n	Adam Levine	['deep talent show']	[2021]	1	1
133T1JvTvOIBI7GRnnJrdd	No Others	[]	[2021]	1	1
56ZpzAG62hbF97XLdQCy3t	Kidd Thorn	[]	[2021]	1	1
3adQekoFpx0XcMnUrRcxNT	Bolteløkka Jentekor	['balfolk']	[2021]	1	0
1LtnBJnmEj8gmEQothcCVp	K.A.D	['charva']	[2021]	1	1
6MJKlN8ya42Agsw3iQZs6e	French 79	['french indie pop', 'french indietronica']	[2021]	1	1
0Ig1YsHXd4GGVLWXXYqM2W	VER:WEST	[]	[2021]	1	1
58obmxGKVKCenZAkACSMgJ	Sarah Rebecca	[]	[2021]	1	1
0tvpihdAsKiNnP6sWS3jUI	TroyBoi	['bass trap', 'electronic trap']	[2021]	1	1
249X7nXjC7z2dC9y6jFOli	Mila Josef	[]	[2021]	1	1
164Uj4eKjl6zTBKfJLFKKK	JVKE	['modern indie pop', 'pov: indie', 'singer-songwriter pop']	[2021]	1	1
2Q94VIGMp0vhZetkOae27U	Natalia Gordienko	['moldovan pop']	[2021]	1	0
4m4SfDVbF5wxrwEjDKgi4k	Cher Lloyd	['dance pop', 'pop', 'post-teen pop', 'talent show']	[2021]	1	1
3vyx3OFjI1H0fOqpo7E9Rh	Benedicte Årving	['talentkonkurranse']	[2021]	1	1
7FZYnz68PWstfS1XddHsiM	Charlotte Sofie Eliassen	['talentkonkurranse']	[2021]	1	1
2YKWlLZSwShMn2jdGeKTCp	Ash & Thorns	['norwegian americana', 'talentkonkurranse']	[2021]	1	1
20EGKg0XsxPJ0GRHxfb9LX	Kylie Cantrall	['movie tunes']	[2021]	1	1
5P2rwRBgIN450RaJxdjYdA	Kardinal Offishall	['canadian old school hip hop', 'toronto rap']	[2021]	1	1
5c6FYc9ccwsKsm2KFeTraE	Mathilde Storm	[]	[2021]	1	0
2u9ZIMtCrLs7ya2HfIpLKZ	Jelassi	['swedish hip hop', 'swedish trap pop']	[2021]	1	1
5ybKqZVyGLP9aT0SUrdEoU	Gøran Stavang Skage	['talentkonkurranse']	[2021]	1	1
5LVTnnWUIactuITS9FBslJ	James Fox	['talentkonkurranse']	[2021]	1	1
2AMeiDbfU2vonrTkpXDKUu	Kay Flock	['bronx drill', 'melodic drill', 'new york drill']	[2021]	1	1
2eBqkaIfoNsOPCQCQEy5fD	Benny Jamz	['danish hip hop', 'danish pop']	[2021]	1	1
2hWrmZhAfziW6WnBytCCUv	Dario Rodriguez	[]	[2021]	1	1
5UmKC7zMZ7FW2s4EBVDr6N	Spooky Night	[]	[2021]	1	0
1r1uxoy19fzMxunt3ONAkG	Phoebe Bridgers	['indie pop', 'la indie', 'pov: indie']	[2021]	1	1
1Y53ZUhXBydAzILo4Qa0s1	Manizha	['russian alt pop', 'russian synthpop']	[2021]	1	0
7ds62gAVGJPWJikRAwAEKB	Hilde Selvikvåg	['norwegian pop', 'rogaland musikk']	[2021]	1	0
5k979N1TnPncUyqlXlaRSv	The Longest Johns	['shanty']	[2021]	1	0
6i3DxIlAqnDkwELLw4aVrx	Lele Pons	['latin pop', 'latin viral pop', 'viral pop']	[2021]	1	1
7vCtweS8UVAXTyau2j0rDT	Josh Turner	['contemporary country', 'country', 'country road']	[2021]	1	0
7wQmimE5XlaosL5GLSM4Yx	JeppsoN	['epa dunk']	[2021]	1	1
2eam0iDomRHGBypaDQLwWI	Bleachers	['indie pop', 'modern rock', 'pov: indie']	[2021]	1	1
3L4wiBOSDLkJ18OISXZDA8	Barbara Pravi	['french pop', 'nouvelle chanson francaise']	[2021]	1	0
6OG9fZ1LKXyL0hShRmmnq1	Davina Michelle	['dutch pop']	[2021]	1	1
3Z02hBLubJxuFJfhacLSDc	Bryan Adams	['canadian pop', 'canadian singer-songwriter', 'classic canadian rock', 'heartland rock', 'mellow gold', 'soft rock']	[2019, 2021]	1	0
1fhvwCr1HKEZgZYOrfsHyk	Ison & Fille	['swedish hip hop']	[2021]	1	1
7zJdWmVoGsqxaEl09XOvM5	ISON	[]	[2021]	1	1
5oWrOLZfLDGgpeD3crSRa3	Fille Danza	['swedish hip hop']	[2021]	1	1
5V4dYAavPYxUjwVjZm45RZ	Hoosam	['swedish hip hop', 'swedish underground rap']	[2021]	1	1
2efiY9RRTfchAvXGHkVzMv	Sabo	['moombahton']	[2021]	1	1
0zKX6nlK1A4ZmztnFPOKGs	Aleks	['swedish hip hop', 'swedish soul']	[2021]	1	1
1W3FSF1BLpY3hlVIgvenLz	The-Dream	['dirty south rap', 'hip pop', 'r&b', 'southern hip hop', 'trap', 'urban contemporary']	[2021]	1	1
63ebc5zUpJ36aoTDQJHa9B	E1 (3x3)	[]	[2021]	1	1
2uIRmVaCVpHQjaVgph5clS	ZT (3x3)	[]	[2021]	1	1
4QSTyDpxsKmv3UfavVUImR	Darkoo	['afrobeats', 'afroswing', 'london rap', 'uk hip hop']	[2021]	1	1
3ZAgwDEUIwIyQ7sG3SZ4BQ	Selim Salabim	[]	[2021]	1	1
0tdhoSLJPM9ZsECHNFxXAT	bünny	[]	[2021]	1	1
22hWz22JAmIhIEp0u1X01L	DUSTY LOCANE	['new york drill']	[2021]	1	0
4Z4AA4VE6yS9vOZdEXabS8	Elise Eriksen	[]	[2021]	1	0
0OzR8yVFsezkr01beN2ec0	Monica Heldal	['bergen indie', 'new americana', 'norwegian americana', 'norwegian singer-songwriter']	[2021]	1	0
1RQaTNChwekPJrzDttGzT2	Blåsemafian	[]	[2021]	1	1
5T4UKHhr4HGIC0VzdZQtAE	Faithless	['big beat', 'downtempo', 'electronica', 'trip hop']	[2021]	1	1
29CTrnvjIYocNxv66Umt5B	TwoWorldsApart	[]	[2021]	1	1
3Oim8XBPbznAa8Jj8QzNc8	Cults	['experimental pop', 'indie surf']	[2021]	1	1
4vpGVGgxSDcCTmqYbsOnsn	Amber Coffman	['art pop']	[2021]	1	1
1gl0S9pS0Zw0qfa14rDD3D	Surf Curse	['dreamo', 'indie surf', 'pov: indie', 'surf punk', 'vegas indie']	[2021]	1	0
32PuiyarMHhJbXuuP7I0KQ	Martha Knapp	[]	[2021]	1	1
0XEtNvXEfuuyUkvpdeG4cf	Labyrint NRK Super	['barnemusikk']	[2021]	1	0
4SQdUpG4f7UbkJG3cJ2Iyj	Arca	['ai', 'art pop', 'deconstructed club', 'escape room', 'experimental pop', 'fluxwork']	[2021]	1	1
1rNCdTrwmpWJZ7rQ1pIneo	MGPjr Allstars 2021	[]	[2021]	1	1
3E7T8t0FwjEVxg9jufWZQG	Eden Alene	[]	[2021]	1	0
7GiwJ6OwaZ8ZQbaoaR04xx	Julie Stokke	['mgpjr', 'talentkonkurranse']	[2021]	1	1
3XeJX1rBbGHvyNCdvqidoK	Mads Wighus	['talentkonkurranse']	[2021]	1	1
4mkjpWbFO45SyaHiM9GOVE	2KBABY	['kentucky hip hop']	[2021]	1	1
5DYAABs8rkY9VhwtENoQCz	Gavin DeGraw	['neo mellow', 'pop rock']	[2021]	1	1
0e86yPdC41PGRkLp2Q1Bph	Mother Mother	['pov: indie', 'vancouver indie']	[2021]	1	0
3ipn9JLAPI5GUEo4y4jcoi	Ludacris	['atl hip hop', 'dance pop', 'dirty south rap', 'hip hop', 'old school atlanta hip hop', 'pop rap', 'rap', 'southern hip hop', 'trap']	[2021]	1	1
7I82CsIAyE2RTFwtP6gcrP	Guy Arthur	[]	[2021]	1	1
523y9KSneKh6APd1hKxLuF	Master KG	['bolobedu house', 'south african house']	[2021]	1	1
7t6cXssTAtfc6F316tvLv7	Luke Elliot	[]	[2021]	1	1
3kft86DbqCNr7rjq3pEj0G	Sarah Cothran	['gen z singer-songwriter']	[2021]	1	0
5sWHDYs0csV6RS48xBl0tH	Two Feet	['indie poptimism', 'modern rock']	[2021]	1	1
1SwmXTElW9TlkK2Rydgb4D	PlayaPhonk	['drift phonk']	[2021]	1	0
1zxOrBQ8znO6qNSdVXNYJY	A-F-R-O	['jazz rap']	[2021]	1	1
3FQVWA8Owd6lje2nMg1qcl	Marco Polo	['flick hop']	[2021]	1	1
2sOp0ZUgtWj90ycvlcPirG	Shylow	[]	[2021]	1	1
3aHe9rMa5HFTjXHw8tEz0A	Jenna Raine	['alt z', 'singer-songwriter pop']	[2021]	1	0
3KKxb3BykQhR9HVdXsSlkO	JOP	[]	[2021]	1	1
0LVoxyIJAgBkH2TeUx7cAR	Josefine & Oskar	[]	[2021]	1	1
0eVD8YFz8ylVof7NE1HkGv	Resa Saffa Park	[]	[2021]	1	0
3xs0LEzcPXtgNfMNcHzLIP	Rockwell	[]	[2021]	1	0
49HlOY4gkHqsYG9GCuhkcc	Celeste	['british soul']	[2021]	1	0
78DrDxUjSUjOCfwL6VloPc	Alexa Valentina	['talentkonkurranse']	[2021]	1	1
5oNgAs7j5XcBMzWv3HAnHG	DJ Drama	['dirty south rap', 'philly rap', 'southern hip hop', 'trap']	[2021]	1	1
7Lk9V7E1u5gqSHmtcKlOqH	Sara Kays	['alt z', 'gen z singer-songwriter', 'modern indie pop']	[2021]	1	0
7s3eCGNZMrwUQraXlocCBv	Bizzy Banks	['brooklyn drill', 'new york drill']	[2021]	1	1
24gnQWn25ndZMSOoE1p0yL	Vanillaz	[]	[2021]	1	1
1qCOuZrrHQWQQpEBqLJhwN	Hartzon	[]	[2021]	1	1
4Ge8xMJNwt6EEXOzVXju9a	Caroline Polachek	['art pop', 'escape room', 'indie pop', 'indietronica']	[2021]	1	1
406in3LGVWqv8DRzDSkfnB	Mario S	[]	[2021]	1	1
4JqhXwQT5LAN09q6HaOAHL	B-laget	[]	[2021]	1	1
3w0FUCvc48JK1flIET73sd	Ultimate Horror Sounds	['halloween']	[2021]	1	0
4FeLiFUPdxVfFo8oOfA4BH	Rah Swish	['brooklyn drill', 'new york drill', 'nyc rap']	[2021]	1	1
0oM3SLbJ2k9V8G0RBJYtyj	Eile	[]	[2021]	1	1
58E6TLHwF0cHdkrLd5iNRh	Jendrik	[]	[2021]	1	0
5EP020iZcwBqHRnJftibXX	Hooverphonic	['downtempo', 'electronica', 'trip hop']	[2021]	1	0
757FXqX0Osk2pqtgv4E5v4	NURKO	['melodic dubstep', 'pop edm']	[2021]	1	1
6W8rk6H6C3Mcj0lALuLVg1	Robert Grace	['singer-songwriter pop']	[2021]	1	1
6jeg7JBX9J9097esK752iR	Smiley	['canadian hip hop', 'toronto rap']	[2021]	1	1
1ruutHJcECI7cos2n5TqpO	Nayer	['deep dance pop']	[2021]	1	1
1yDN7vHPBnAbYFpS25DTWV	Vlade Kay	[]	[2021]	1	1
461fWLhyGb1giJaTUEPpWt	Jonth	['speedrun']	[2021]	1	1
4CA8PTrbq1l5IgyvBA2JSV	Paul Woolford	['house', 'uk dance', 'uk house']	[2021]	1	1
0Fb9qTWnjsB90xH3zWr4oa	Kareen Lomax	[]	[2021]	1	1
1qAHgylFxv2gU6bXAQEM2P	Niilas	[]	[2021]	1	1
6qGkLCMQkNGOJ079iEcC5k	Ben Platt	['broadway', 'show tunes']	[2021]	1	1
0LTE9Msc6ZOPbGclKsL8cA	Dario Von Slutty	[]	[2021]	1	0
1rg7cCiRd1SEUz8zGwOnM2	Renao	[]	[2021]	1	0
2gOGSaVBCXdbw0gHxB5n8V	KVN	[]	[2021]	1	1
49m4s87wu9EmLiKXccDgaQ	Linnea Lotvedt	[]	[2021]	1	1
2huzXUiBGRUJ8iRFD4NHc7	The Black Mamba	['portuguese rock']	[2021]	1	0
0HZUhj5PZHzHMWSI4s8rOQ	Stefania	['greek pop']	[2021]	1	0
5SFa3yrwPjaooyqSWg03ff	Caroline Berg Eriksen	[]	[2021]	1	1
46UMQ0cW8ToR8egkBRwAxZ	Cynthia Erivo	['pop soul']	[2021]	1	0
1AgxgADPuRIW1wyaA4OKcB	Tom Rosenthal	['british singer-songwriter']	[2021]	1	0
1WrqUPWlHN5FXCRcQgrkas	Lucius	['indie folk', 'indie pop', 'new americana']	[2021]	1	1
7thL8vn5DPkBjjlO0tHWH1	ProllyNah	['norwegian pop rap']	[2021]	1	1
5kUcNb2wMcDP3fE51Q52Iv	Lokoy	['modern alternative pop']	[2021]	1	1
08Ld63UgKrJ0nZnCkzHtzc	Project Pat	['crunk', 'dirty south rap', 'gangster rap', 'memphis hip hop', 'trap']	[2021]	1	1
4wP1kxjUsc9IR4Iy2smL7o	Trinidad Cardona	['sped up']	[2021]	1	0
6dO0RkhFhjMwLtLQqNgL8r	Issam Alnajjar	['indonesian viral pop']	[2021]	1	0
0xdm6Qolge99Rs4OAdz0LB	Halloween Sound Effects	['halloween']	[2021]	1	0
0FL2d6iFFNAV3yBUbXjZ1U	Wafia	['australian pop', 'indie electropop']	[2021]	1	1
356FCJoyYWyzONni54Dgrv	Jerry Folk	['vapor soul', 'vapor twitch']	[2021]	1	1
2SFFqOzlRC7xCZkgozbVee	AERIN	[]	[2021]	1	1
1BwDWgdDJe3TJXLZkBkpsI	Tusse	['swedish pop']	[2021]	1	0
7kob2Jo9yuEEhQlnPx2KT7	Linko	[]	[2021]	1	1
2L57b4VMBhjK6c31GqtnUd	Leora	[]	[2021]	1	1
0fTSzq9jAh4c36UVb4V7CB	Alex Warren	['gen z singer-songwriter']	[2021]	1	0
78YqeIji3mgAS2K1Maca6x	Dylan Scott	['contemporary country', 'country', 'country road', 'modern country rock']	[2021]	1	1
0BKx4UjPvXVGY15u0xFbbi	JAY1	['uk hip hop']	[2021]	1	1
58ICshZ0AgBMNJiLHK3U8l	Deno	['uk hip hop']	[2021]	1	1
5MmVJVhhYKQ86izuGHzJYA	MIKA	['pop rock']	[2021]	1	0
0f2wVruYEq4oZVxSNYZEvk	Einar Christiansen	['talentkonkurranse']	[2021]	1	1
1fYAuwfyfJw1m4T0y0sDVT	Audun Haukvik	['talentkonkurranse']	[2021]	1	1
6rNvkbiuJQipnU9H3kLWSx	Sondre Bjelland	['talentkonkurranse']	[2021]	1	1
3CygdxquGHurS7f9LjNLkv	Little Big Town	['contemporary country', 'country', 'country dawn', 'country road']	[2021]	1	1
3p6my89rn8STAqtZohziRM	Matt Cooper	[]	[2021]	1	0
5kOdtYNbevIlgUOQkhASnk	Vamp	['classic norwegian pop', 'norske viser', 'norwegian country', 'norwegian folk rock', 'rogaland musikk']	[2021]	1	0
2vm8GdHyrJh2O2MfbQFYG0	Ingrid Michaelson	['acoustic pop', 'ectofolk', 'lilith', 'neo mellow']	[2021]	1	1
4ktBrNjagCGftyuBLJkATq	Wes Nelson	[]	[2021]	1	1
7e1ICztHM2Sc4JNLxeMXYl	dvsn	['canadian contemporary r&b', 'r&b']	[2021]	1	1
1OH3Hbbo6G6uBWunJnU148	Jonas Alaska	['norwegian alternative rock', 'norwegian indie', 'norwegian pop']	[2021]	1	0
5jOiYJPp5e84cnK2KO1aNz	iris	['bergen indie', 'indietronica', 'norwegian indie', 'norwegian pop']	[2021]	1	1
74V3dE1a51skRkdII8y2C6	André 3000	['atl hip hop', 'dirty south rap', 'hip hop', 'southern hip hop']	[2021]	1	1
2V6K3n3EMh9D9y3eoA1m6Z	Hengepupp	[]	[2021]	1	0
2y246nnP9pQT0E6v3ZMMOO	Night Lovell	['aesthetic rap', 'canadian hip hop', 'canadian trap', 'cloud rap', 'dark trap', 'ottawa rap']	[2021]	1	1
6CCTvLyIHqUhY6VQizt150	Jason Ross	['dubstep', 'melodic dubstep', 'progressive house', 'progressive trance']	[2021]	1	1
2QeNM65b7IWvK4Ofcqz8cm	Calle Lehmann	[]	[2021]	1	1
0Eq3akurjfHpZxo5FC6v2M	Steve Garrigan	[]	[2021]	1	1
6oX4tx055oEFYM3ahDTyOD	Noisettes	['british soul']	[2021]	1	0
6rl53MP8HSoiugpqzA50Zh	Amir	['french pop']	[2021]	1	1
4frXpPxQQZwbCu3eTGnZEw	Thundercat	['afrofuturism', 'indie soul']	[2021]	1	1
5K0rbdBrs2tNXe5LeWMATT	Bootsy Collins	['funk', 'p funk', 'soul']	[2021]	1	1
4oe1qp9xGSFxMYH4X9AXtl	Efendi	[]	[2021]	1	0
1QOHbhVRpDoNtRkz79si6b	Karen Harding	['house', 'pop dance', 'uk dance']	[2021]	1	1
4ckLjJztj53Ifid7WHweBn	Aleyna Tilki	['turkish pop']	[2021]	1	1
6yAKbgaSH283c7eAZVgk3P	LOAM	[]	[2021]	1	1
6bh228LGC3eAzbplPWV02r	Declan J Donovan	['uk pop']	[2021]	1	0
7gXy60xRcwYujBFoYHnR2O	Big Red Machine	['eau claire indie', 'folktronica']	[2021]	1	1
4qXC0i02bSFstECuXP2ZpL	Blxst	['pop rap', 'westcoast flow']	[2021]	1	1
7zkwepHPyac6tCYl0fL0co	ASTN	['bedroom soul']	[2021]	1	0
6utdPEv71mR0DnGp74cJIz	Disney Characters	['movie tunes']	[2021]	1	0
13wroZC00C9ix8fUR0JvaY	The Stickmen Project	[]	[2021]	1	1
2LkkwxA19J8C52wPQl5bG6	Jamie Miller	['pop soul', 'singer-songwriter pop']	[2021]	1	1
1PbtWtrN7jZpd4toqxrjm2	Lagique	[]	[2021]	1	1
7sKxqpSqbIzphAKAhrqvlf	Walker Hayes	['contemporary country', 'country', 'country road', 'modern country rock']	[2021]	1	0
17O1VjhaEnVdexRmRjYhMN	Paul Hers	[]	[2021]	1	0
3r1XkJ7vCs8kHBSzGvPLdP	slowthai	['uk alternative hip hop', 'uk hip hop']	[2021]	1	1
6CWTBjOJK75cTE8Xv8u1kj	Feist	['art pop', 'canadian indie', 'canadian pop', 'chamber pop', 'indie pop', 'indie rock']	[2021]	1	1
2CzpBz4VaRU3cqM1rJZN6M	Beharie	['norwegian indie', 'norwegian pop']	[2021]	1	1
4iDroUFo89Y7YBsdDTBmTD	Sueco	['cali rap']	[2021]	1	0
49YbNTLaaAbZHLtDI2aPGL	Tesher	[]	[2021]	1	1
2DspEsT7UXGKd2VaaedgG4	Alex Rose	['reggaeton', 'trap latino', 'urbano latino']	[2021]	1	1
36KsCCwgI0Dep97yVJWmkK	Monsieur Periné	['colombian pop', 'gypsy jazz', 'latin alternative']	[2021]	1	1
2Otnykd696YidQYfEGVmNq	Vicente Garcia	['bachata', 'dominican pop', 'reggae en espanol']	[2021]	1	1
6V0Hohamsv9EgCqBWGl8Gw	Sisi	[]	[2021]	1	1
57FMzmHiLpBnSANavRnfjQ	Maren Emilie	['talentkonkurranse']	[2021]	1	1
1GLtl8uqKmnyCWxHmw9tL4	The Kooks	['brighton indie', 'garage rock', 'modern rock', 'rock']	[2021]	1	1
7cnzqMa6jnavKcZLFB1uJe	Dripzz	[]	[2021]	1	1
03ypBQV7SA9AJSIFIp58Qa	Arab Money	[]	[2021]	1	1
1vHopQ5qWJVDXXPc2VxjUd	Kari Bremnes	['nordnorsk musikk', 'norske viser']	[2021]	1	0
5Nm4sZeWDNd1sOs5HcxAbl	Aaron Smith	[]	[2021]	1	1
6Z8vLeI1ZMj2kzTNWVOBXr	Jordan Shaw	[]	[2021]	1	1
49T8i1paijMAK9rYtjO4lu	FAULHABER	[]	[2021]	1	1
5ILMkt5lW4KAyTXMNYWaGF	Dani M	['swedish gangsta rap', 'swedish hip hop', 'swedish reggae', 'swedish trap pop']	[2021]	1	1
6NEj7qdWpQXSeiST36X7ES	Simon Superti	['swedish hip hop', 'swedish trap', 'swedish trap pop']	[2021]	1	1
3xc53C9KXeTa5wZ4yehexR	Kevin Haugan	[]	[2021]	1	0
5qr9oJEKhqbjVAFxyYIKKy	Örnen	['epa dunk']	[2021]	1	1
4ge6BVfvTr07o1jau9iNyt	Spesialstyrken	['epa dunk']	[2021]	1	1
6Dmi92a5cnv8DcFoUhK56Y	Spooky Halloween Sounds	['halloween']	[2021]	1	1
4PhTHcrcuHr6kihYKkYzxe	Horror Music Collection	[]	[2021]	1	1
4O0xbXyxcYvZIlY80MhEeo	LucTheGeek	[]	[2021]	1	1
0MBLQbpbPvJ4oXM0Cj4aKR	Trobi	['dutch edm', 'dutch hip hop', 'pop edm']	[2021]	1	1
0sMAHzxguan2KpnKFZPW2d	Sadie Jean	['alt z', 'singer-songwriter pop']	[2021]	1	0
3Il8nRZ80Wbjs2UGkysK5F	Dandy Lion	[]	[2021]	1	1
5mM1pN7Q1oid52X9eL5nmx	Rancid Eddie	['australian surf rock']	[2021]	1	0
15ZjD8Gus20Miqw3fdOaXX	Stunna Gambino	['nyc rap']	[2021]	1	1
1hV3gbtU77osxNgFEuKq9h	Anxhela Peristeri	['albanian pop']	[2021]	1	0
3WLgA2O4GUwSJu2QsXbnex	All That MTRS	[]	[2021]	1	1
5nki7yRhxgM509M5ADlN1p	Oliver Heldens	['dutch house', 'edm', 'electro house', 'future house', 'house', 'pop dance', 'progressive electro house', 'progressive house']	[2021]	1	1
5A4ovj9I91UgF79mLirtz6	Tønes	['norwegian country', 'norwegian rock', 'rogaland musikk']	[2021]	1	0
4gvjmrtzydbMpyJaXUtwvP	Addison Rae	[]	[2021]	1	0
0kgOnYSaZeTf3ZnErgwkGT	Senhit	[]	[2021]	1	1
3IJtdFn9IKbFvNvZqOJA46	Blas Cantó	['spanish pop']	[2021]	1	0
7gY7C1j40HhLvboFh7NmeY	Christian Stähler	[]	[2021]	1	1
4IJczjB0fJ04gs4uvP0Fli	Gym Class Heroes	['dance pop', 'pop rap']	[2021]	1	0
3CrFhzsHBPGK0wlAp7Z5d6	Thea Sofie	['mgpjr', 'talentkonkurranse']	[2021]	1	1
5PKWz17KCZrkwJxD6HS6xf	Elina Helmichsen	['talentkonkurranse']	[2021]	1	1
0ebNdVaOfp6N0oZ1guIxM8	SUGA	['k-pop']	[2021]	1	1
4eYnorQRhVHT2KBl2UyHHd	Vegedream	['french hip hop', 'pop urbaine', 'r&b francais']	[2021]	1	0
7hFMVWhMjNUn8Kb63JnacG	KRISTIN	['norske viser', 'norwegian pop']	[2021]	1	0
3t9HafA5eFHM992s4GZ0Gr	Jeangu Macrooy	['dutch indie', 'dutch pop']	[2021]	1	0
7Bwd40OTvJfGOijFJj23j1	Trine Rein	['classic norwegian pop']	[2021]	1	1
5SaDyTQkjAAdrsmhPzrmw2	Jorn	['hard rock', 'neo classical metal', 'power metal', 'progressive metal', 'speed metal']	[2021]	1	0
5KsRA81UaMVKvLNiwDySfp	Jonah Kagen	['singer-songwriter pop']	[2021]	1	1
6xQvQwZQQuq9R3TdPNbcR8	Bassjackers	['dutch house', 'edm', 'electro house', 'pop dance', 'progressive electro house']	[2021]	1	1
0RIwEP1SaALlxn9jOVqHfA	Gjon's Tears	[]	[2021]	1	0
4q4aWx2s5KS9s0FA8MTRn7	Landeveiens Helter	['danseband']	[2021]	1	1
65Sh6fBb85Hm3uLuETK3Ux	Dag Ingebrigtsen	['trondersk musikk']	[2021]	1	1
1jLOGxY81S3FNq29X3qvmj	Hex Hector	['tribal house', 'vocal house']	[2021]	1	1
1ZHk8dteZz6Vi2HFp4hGoM	Abra Cadabra	['uk drill', 'uk hip hop']	[2021]	1	0
50NHzjYnOTFJpyaWzZc19D	Julian Garcia Sandtorv	['talentkonkurranse']	[2021]	1	1
5SVHLhz1Vv5m4xmkT4Pk6D	Austin George	['dark r&b']	[2021]	1	0
4LWoeUqnRrGEulTsTZrFdd	Kaja Rode	[]	[2021]	1	0
0EqkKYDK9EkKY5N7zU3FPv	Annalisa	['italian adult pop', 'italian pop']	[2021]	1	1
1Bztk1lPSvwiBJCujObyxU	Caitlyn Scarlett	['alt z', 'vapor pop']	[2019]	1	1
5ksD5XT78Q3JpED82u9rNO	DJ Smaaland	['russelater']	[2019]	1	1
7eMHeRlwKda5vuLmrfGQNm	Håndballgutta	[]	[2019]	1	1
5TLldRzO16khcP3zwBsBB6	Gaten Matarazzo	[]	[2019]	1	1
7FZcgLmT7hkZWlODqmOFNo	Gabriella Pizzolo	[]	[2019]	1	1
20RYWcdxVryQ6rcjxnsEtc	Space Primates	[]	[2019]	1	1
0Y3agQaa6g2r0YmHPOO9rh	Davido	['afrobeats', 'afropop', 'azontobeats', 'ghanaian hip hop', 'nigerian pop']	[2019]	1	1
1fctva4kpRbg2k3v7kwRuS	Rvssian	['reggaeton', 'trap latino', 'urbano latino']	[2019]	1	1
695WzpAaXvqDObtBDuLUXC	Jon Eyden	[]	[2019]	1	1
0MsXN56oNCyqorqEPViWgQ	Carlos Santana	[]	[2019]	1	1
7f4ignuCJhLXfZ9giKT7rH	NCT 127	['k-pop', 'k-pop boy group']	[2019]	1	1
1iNqsUDUraNWrj00bqssQG	Dreamville	['hip hop', 'pop rap', 'rap', 'underground hip hop']	[2019]	1	1
5MbNzCW3qokGyoo9giHA3V	EARTHGANG	['atl hip hop', 'hip hop', 'psychedelic hip hop', 'rap', 'underground hip hop']	[2019]	1	1
1vo8zHmO1KzkuU9Xxh6J7W	MOTi	['dutch house', 'edm', 'electro house', 'pop dance', 'progressive electro house', 'progressive house']	[2019]	1	1
4Lj9IwyjADyWsk9eEtQUbY	AMWIN	[]	[2019]	1	1
4QdfVYfYe91qO72eHKmX6c	DJ NorgeJodel	[]	[2019]	1	1
1tHZTmjaF97XwebCKW3jpP	Lazz	[]	[2019]	1	1
0CkbPVBpOwwz9NPPglFKyq	RAY BLK	['alternative r&b', 'electra', 'uk contemporary r&b']	[2019]	1	1
5vBrKGOjN10BMwB0cJADj4	bülow	['alt z', 'indietronica']	[2019]	1	1
7J7YzKnvAyEmHCg7LGWW0G	Alex Aris	[]	[2019]	1	1
2hahtdJusGYC77DKod4qfB	Miki Núñez	['latin talent show', 'reggae catala']	[2019]	1	0
70paW48PtCtUjtndElrjrL	TIA RAY	['chinese jazz', 'mainland chinese pop']	[2019]	1	1
2auiVi8sUZo17dLy1HwrTU	Solange	['afrofuturism', 'alternative r&b', 'r&b', 'urban contemporary']	[2019]	1	0
2zmrsXMHxagFz6vI2cD7r6	Ella Vos	['alt z', 'electropop', 'indie electropop', 'indie poptimism', 'la pop']	[2019]	1	1
0cc6vw3VN8YlIcvr1v7tBL	Mötley Crüe	['album rock', 'alternative metal', 'glam metal', 'hard rock', 'metal', 'rock', 'sleaze rock']	[2019]	1	0
4MWAnJ0UPEmTr2i3AZvXjW	Triana Iglesias	[]	[2019]	1	1
37U4NsaBXvBlPKZFbntTYD	Tariq Pijning	[]	[2019]	1	1
0fipA58lCvlkdokbwpoZZi	Georgia Box	[]	[2019]	1	0
14scxEoUN7Dcx1m4EQ7oHe	Ashley O	[]	[2019]	1	0
2iojnBLj0qIMiKPvVhLnsH	Trey Songz	['dance pop', 'r&b', 'southern hip hop', 'trap', 'urban contemporary']	[2019]	1	1
37TkImYSoPGZ9LDo0Frf2J	Magdi	[]	[2019]	1	1
2c9O21YLFy4tFI9zCVhbFg	Sunday Service Choir	[]	[2019]	1	1
4rsCEjNqhX2FpQJvVL297X	Petter Pilgaard	[]	[2019]	1	1
5waIYqZSsMaTQqdL4QnqyR	Boye & Sigvardt	['danish electronic', 'pop edm']	[2019]	1	1
3QTDHixorJelOLxoxcjqGx	SiR	['alternative r&b', 'la pop']	[2019]	1	1
64WSFwX5M9uDkDhuFYrsAk	Kaptein Hook	[]	[2019]	1	1
6q9B3PlLcMRcp2XfM1z0TQ	Legendene	[]	[2019]	1	1
5yHx5IUWn7p8cOjFQTdknJ	Mørland	[]	[2019]	1	0
1ZUpQr4VSnnP86WbaRRMpd	Jay Pryor	['deep groove house', 'house']	[2019]	1	1
1cutd8e41XvxXnFPOFIxMD	ALLBLACK	['cali rap']	[2019]	1	1
1XTGADISSMRf8B4TcVGYUC	Ky-Mani Marley	['reggae', 'reggae fusion']	[2019]	1	1
2NUz5P42WqkxilbI8ocN76	Vybz Kartel	['dancehall', 'jamaican dancehall', 'reggae fusion']	[2019]	1	1
3bnpcWBcvlfq4hPFJjNPbz	SAFE	['canadian hip hop']	[2019]	1	1
1vIuPjtFhqIPE2n9W2ePgO	Noonie Bao	['swedish indie pop']	[2019]	1	1
5XdnIByVYumt0KnZY9zlc7	Suzanne Paalgard	['barnemusikk']	[2019]	1	0
62QZPjYQMoo5g56FP9Webq	Laleh	['swedish pop']	[2019]	1	0
2kLUMm1KApZfFb90K0R6d6	Bernt Hulsker	[]	[2019]	1	1
4KOIqm3HfmXTHdFaxzbg6V	Den nye Mads Hansen	[]	[2019]	1	1
6t9ucCmbp0yzfgKpSLl7XL	UNDRESSD	['orebro indie']	[2019]	1	1
4PoDl8ZLsbbdeNBrEC1eSH	Ellie May	[]	[2019]	1	1
2o6OtnKa7NG4f11tMcsq88	Cherie Mwangi	[]	[2019]	1	1
2a0uxJgbvvIRI4GX8pYfcr	J Hus	['afroswing', 'grime', 'uk hip hop']	[2019]	1	1
26DytDdxKgr9N0tdrBSLs2	Wilder Woods	[]	[2019]	1	1
4VeqYTFa6KhWxk86ei8IdJ	Oliver Mathisen	['talentkonkurranse']	[2019]	1	1
2J257euzcjnDLipsyJH3F2	Clipse	['alternative hip hop', 'hardcore hip hop', 'hip hop', 'southern hip hop', 'virginia hip hop']	[2019]	1	1
6I3M904Y9IwgDjrQ9pANiB	Kenny G	['smooth jazz', 'smooth saxophone']	[2019]	1	1
1PvBXGOTvO3zrbDtL5mKEB	Neil Fallon	[]	[2019]	1	1
3WfKNAdqV8gOfEpWj6QOdX	Anna-Lisa Kumoji	[]	[2019]	1	0
4XtfY4CBieEfqF3CSiPrRx	SVEA	['swedish pop']	[2019]	1	1
6MvVFJb6iebegaT6FLxEAF	Juice	[]	[2019]	1	1
4tc5xhcuEtiRizloAL4wZI	S.O.A.P.	['bubblegum dance']	[2019]	1	1
5huUF1XazRSvkFuuJxMjj4	Christina	[]	[2019]	1	1
28vrsWsuA3zulqCB8paIrN	Remee	[]	[2019]	1	1
4TnGh5PKbSjpYqpIdlW5nz	MONSTA X	['k-pop', 'k-pop boy group']	[2019]	1	1
3zgnrYIltMkgeejmvMCnes	IZA	['afrofuturismo brasileiro', 'pop nacional', 'r&b brasileiro']	[2019]	1	1
2NdeV5rLm47xAvogXrYhJX	Ciara	['dance pop', 'hip pop', 'pop', 'r&b', 'urban contemporary']	[2019]	1	1
2tR7HegI7dYaXaX9dDQ62e	Forsvarets Stabsmusikkorps og Sarpsborg Kammerkor	[]	[2019]	1	0
37mtx80nMDETlbsq2eFCzc	Fleur East	['talent show', 'uk pop']	[2019]	1	0
5JbALDn35ZrLwVAle4xVqZ	Luca Hänni	['german pop']	[2019]	1	0
0OJOCnwizapy3ojIxSBgKA	Viktoria Birkeli	['talentkonkurranse']	[2019]	1	0
3yX8kCojnUAJJ1eWGZT38j	Hatari	['icelandic electronic', 'icelandic post-punk', 'icelandic punk', 'icelandic rock']	[2019]	1	0
6Wp8wbTITUALiaIWUbfiob	Sputnik	['danseband', 'norwegian country']	[2019]	1	0
1aQwKFn00nswXRDUDipm0K	Gaullin	['lithuanian edm', 'lithuanian electronic']	[2019]	1	0
2gLZZdgHD8ZbSAB2qQkr3P	GLOWINTHEDARK	['dutch house', 'dutch rap pop']	[2019]	1	1
60bBAf1WFPnIwyBSfXj9xv	Chasner	[]	[2019]	1	1
3XV0lFzNs8BCTwhJTcMiBr	Blue Ivy	[]	[2019]	1	1
3vQ0GE3mI0dAaxIMYe5g7z	Paulo Londra	['argentine hip hop', 'trap argentino', 'trap latino', 'urbano latino']	[2019]	1	1
6sfUgwUTFjy1SNF2uWOcPp	Kate Miller-Heidke	['australian pop', 'australian singer-songwriter', 'lilith', 'piano rock']	[2019]	1	0
2auC28zjQyVTsiZKNgPRGs	RM	['k-rap']	[2019]	1	1
260LldmHBR0r2wtWtjzNxL	Bekuh Boom	[]	[2019]	1	1
4zWFlKgU4j7ryWg5nsOmU6	Lenier	['cubaton']	[2019]	1	1
0d7jzRhjOifL8X9hxNvbEn	El Micha	['cubaton']	[2019]	1	1
3nQ59hkeciYoR6RreQL4Rv	Darren Criss	['wrock']	[2019]	1	1
75EZuo5MHV2572NRpMWotC	Crystal Fighters	[]	[2019]	1	1
3ti6KzYwDK7GTraIlnLUdu	Roomie	['antiviral pop']	[2019]	1	1
7kfzadZaOgR90Tp8OYH5gM	Boyinaband	['antiviral pop', 'otacore', 'pixel']	[2019]	1	1
4K9aclpXgCPNFGEqRlFPal	Peter Manos	[]	[2019]	1	0
3UaEtP4pJGDhyEzy47AMzl	Malte Ebert	['danish pop', 'scandipop']	[2019]	1	1
7gxjQSXPaes3e2iOCvfsQw	NonStop Music	[]	[2019]	1	1
5zK6Y7XOLDFFg0sdThkVxr	LAUREN	['norwegian hip hop']	[2019]	1	0
0FVsUxcFSlxwIM7Qs31s6J	Billy Eichner	['movie tunes']	[2019]	1	1
7xX39IyguhWsTIg4eU2reH	Seth Rogen	['movie tunes']	[2019]	1	1
1AhjOkOLkbHUfcHDSErXQs	88rising	['asian american hip hop']	[2019]	1	1
1kfWoWgCugPkyxQP8lkRlY	Jackson Wang	['k-pop']	[2019]	1	1
7Gz6VlTVwlNtBNMYV4OI3w	Shotgun Willy	['meme rap']	[2019]	1	1
1V2sJvNlPQYSO4Kf6GC3if	Yung Craka	['meme rap']	[2019]	1	1
7i8fq2gFSVgPdWVXOlDEx7	Liv Dawson	['alt z', 'uk pop']	[2019]	1	1
5ugVdZNXtMIj6ECTzGsyqS	JAMIE WEBSTER	['football']	[2019]	1	0
6UOk7DmvqlzWmo6gjhZvn6	Da Tweekaz	['classic hardstyle', 'euphoric hardstyle']	[2019]	1	1
3wtMPMvPtiFylbnNXF6CAj	Afro Bros	['basshall', 'dutch hip hop', 'dutch house']	[2019]	1	1
4pwXiI7Z5ZStkgKowZyoKi	Like Mike	['belgian edm']	[2019]	1	1
5b2AhR0wGYsMRh4KrfS8jI	Snico	[]	[2019]	1	1
1YoUtqOPUUooZHCj6C4AHG	Katessa	[]	[2019]	1	1
2XRjIwgD0UiJXtx7Xzfy7w	Charlotte Haining	['uk dnb']	[2019]	1	1
2CIlhIahEhrqDVcvdMdJqc	Razmara	[]	[2019]	1	1
5YkuG9dezhs74fwVv9zNMT	Unge Balison	[]	[2019]	1	1
1FsZYh8RTfafSEVmoVxWeK	Erika Norwich	[]	[2019]	1	1
0eEFn7KBCGi7TTQL6JqeLQ	612	['norwegian pop rap', 'norwegian trap']	[2019]	1	1
6bYoBHWBHjChxQQye7zadn	Moggger	['norwegian pop rap']	[2019]	1	1
14lvJHZjw6Hx3WcG8Nh2aG	Lille Leon	[]	[2019]	1	1
53G5k4lFQmPv24exovPynD	T_boyofficial	['norwegian pop rap']	[2019]	1	1
5COfgHyIX1sSJv38S01Mz7	Zupermaria	['norwegian indie', 'norwegian pop']	[2019]	1	0
47z7ZrgFoBvVpCnElCE3Zh	Yellow Claw	['edm', 'electro house', 'pop dance']	[2019]	1	1
4a95izyFgvXS2JYqL8rANq	SHOTTY HORROH	['battle rap', 'irish hip hop', 'manchester hip hop']	[2019]	1	1
5s21IKPvmxRf9WxpO8H5UB	Hogland	['deep pop edm', 'swedish tropical house']	[2019]	1	1
0VGybH10ziMPo99SYOwMoQ	Tamta	['greek pop', 'laiko']	[2019]	1	0
65CKKZilbcSKkAPC9a5Mvh	Oumou Sangaré	['afropop', 'malian blues', 'mande pop', 'wassoulou', 'world']	[2019]	1	1
64qbbpTXBTfi21M1mo7eJ6	Sivert Tinius	[]	[2019]	1	1
5XUppvNwBTquPIpftAYRla	Mads Vathne Lervik	[]	[2019]	1	1
0m6wVDFmONBm6aqiO7fMmA	Bjarte Hoff Ludvigsen	[]	[2019]	1	1
0wUsRCb8MjCt70MhF4jL6r	Warit Salti	[]	[2019]	1	1
0HkcYmcjrBR3SCw9Ld5VZk	Calboy	['chicago rap', 'melodic rap']	[2019]	1	0
6kYViCeiqcUZXgPVdCIKBi	Flyboy Tarantino	[]	[2019]	1	1
57SA5Qv24Vydwd6bJnV8fI	Kid Trunks	['asian american hip hop', 'dark trap', 'underground hip hop']	[2019]	1	1
0O1cTzccAEKaEFShgzAK9V	Bass Santana	['miami hip hop', 'underground hip hop']	[2019]	1	1
6HhsbprrJmKeaH8SgSlGge	Kin$oul	[]	[2019]	1	1
4lu50np3LdTkRL09T7x8UP	Agoria	['electronica', 'microhouse', 'minimal techno']	[2019]	1	1
2P2SYsJmJGdH2xPZeLxzIb	Stone Heart	['mgpjr']	[2019]	1	0
06nvjg4wBANK6DCHjqtPNd	Mahmood	['italian adult pop', 'italian pop']	[2019]	1	0
2ndyVAdV9UqF1XjyTJt484	Fred Hammond	['gospel']	[2019]	1	1
1xoWYqTvsYArxO1Xge3TG4	Michela	['maltese pop']	[2019]	1	0
4yxeyorUKkW9fOOBeguEC9	Flynn	['irish pop']	[2019]	1	1
3IJ21966TwNZI24MwZHMu4	Baby Tate	['trap queen']	[2019]	1	1
0G2EwCf5v7DTrsjx6QPWAE	Maria	[]	[2019]	1	0
7lBuetx6JmB7FIvFqOkpJT	Gary Holt	[]	[2019]	1	1
4UXTIkBW9t9Lcx3xtlaifs	Lake Malawi	['czech pop']	[2019]	1	0
69GGH3fqk8waBkpDJ5C2mK	Sergey Lazarev	['russian pop']	[2019]	1	0
4YLQaW1UU3mrVetC8gNkg5	3LAU	['edm', 'electro house', 'mashup', 'pop dance', 'progressive electro house', 'progressive house']	[2019]	1	1
3Qj3nUfSYOKCaDqcvIdgYe	Tomgang	['norwegian country']	[2019]	1	0
7yYGXFTOQ9gBjxk5pwHKvq	Thea Gudmundsen	[]	[2019]	1	0
1zx2CHsytVBlblNok2Hpyc	Rusmumrikken	[]	[2019]	1	1
1z1NoVebO8aTxKa37rWx9t	Tigergutt	['russelater']	[2019]	1	1
1PlWf6idMAz65Luiq6aOY9	Stela Cole	['alt z']	[2019]	1	1
6RedK3o51NbUJuJxXlT4kj	88-Keys	['alternative hip hop']	[2019]	1	1
7pbay7w0V7OdIr3jzSRkHj	Daniel Blume	['irish pop']	[2019]	1	1
4FZ3j1oH43e7cukCALsCwf	Jack White	['alternative rock', 'blues rock', 'garage rock', 'garage rock revival', 'indie rock', 'modern blues rock', 'modern rock', 'punk blues', 'rock']	[2019]	1	1
11LbPHLi2sCqOVjknt0jmW	John Lundvik	['swedish pop']	[2019]	1	0
7aRJWh3GaIxKs43EQCAXtG	EBN	[]	[2019]	1	1
5EBlHXi71tDXnFtroEh7Rg	Naomi Wild	['indie electropop']	[2019]	1	1
4pgT4VCXp66MRcH1L6Ewi6	Sirkel Sag	['norwegian hip hop', 'norwegian pop rap']	[2019]	1	1
7MlrqHRXsNIKRC17Dv5a0v	EHI	[]	[2019]	1	1
5PjekOABtfU2Kwo0AHVmci	Guy Sebastian	['australian pop', 'australian talent show']	[2019]	1	1
5bWUlnPx9OYKsLiUJrhCA1	Jon Z	['reggaeton', 'trap latino', 'urbano latino']	[2019]	1	1
6HCUfgQJQ5AvjxX3coDJsT	Chingiz	[]	[2019]	1	0
1PU4kQGbRVMSyvawEYEjFp	Chris James	['singer-songwriter pop']	[2019]	1	1
1eoyu9uAivE7Jwak40J1MW	Bilal Hassani	['french pop', 'variete francaise']	[2019]	1	0
4dhKkIzf9LXogFL1NXfQc1	Kapla y Miky	['reggaeton colombiano', 'urbano latino']	[2019]	1	1
1R2q63hxPfTKNql9hD6nJs	Hedvig	['mgpjr']	[2019]	1	0
2j6hCCfA8HcD8BmcMxPSEj	Anna & Emma	['mgpjr']	[2019]	1	0
1UtBjqMZBAmqIPlDrKu7Tr	Andrew Rayel	['edm', 'moldovan pop', 'pop dance', 'progressive house', 'trance']	[2019]	1	1
5QclwTG2aoAwoeBBphkegt	Michael Rice	[]	[2019]	1	0
7k9T7lZlHjRAM1bb0r9Rm3	Wiley	['grime', 'uk dancehall', 'uk hip hop']	[2019]	1	1
0Dc2rdPzleezxhvQhQbXuS	Idris Elba	['uk tech house']	[2019]	1	1
5YyGLejM00snCF1RJKlocJ	Nikki Vianna	['nyc pop']	[2019]	1	1
31JFnMfmvwzZGdEnXaKGek	Herve Pagez	['musique guadeloupe']	[2019]	1	1
5a2rmpS8BFiPZHGMfqsYXm	Alfred	['mgpjr']	[2019]	1	0
2UhGKd84RljVb9Ya4e6ysz	Mathea Lødemel	['talentkonkurranse']	[2019]	1	1
0izKfMblL8LX6Bv2wG3Cy7	Lena Leon	[]	[2019]	1	1
3uZFBSsMiooimnprFL9jD1	Snow	['canadian old school hip hop', 'reggae fusion']	[2019]	1	1
37hAfseJWi0G3Scife12Il	City Girls	['scam rap', 'trap queen']	[2019]	1	1
4MvZ0qFh21x4rJ8lqMh5qZ	Kadiatou	['swedish pop']	[2019]	1	1
23xCxwjg6Bqwm7rh6n9Kjd	Olympis	['slap house']	[2019]	1	1
7oKBrJAYHGk7dib8rWGwCR	Ludwiig	['melbourne bounce international']	[2019]	1	1
0stEc1T1y9bWD4BKxyqd1C	Hallasen	['covertronica']	[2019]	1	1
4PLsMEk2DCRVlVL2a9aZAv	SOAK	['derry indie', 'irish singer-songwriter']	[2019]	1	1
6iyadmF41vqU7NnBaVabfL	HARLOE	['la pop']	[2019]	1	1
6lJgqdHpRFMsxeqyrSUYMR	Leonora	[]	[2019]	1	0
2pobDPwk9fuzujz5YKKAVB	Jada	['danish pop', 'scandipop']	[2019]	1	0
2MNi4YVpgRXiHG6BcuhWcQ	Wally	[]	[2019]	1	0
2bO8REnWbJ6WP4uBJciGag	Oskar Oiestad	['talentkonkurranse']	[2019]	1	1
31z3ePgyzKzya0Elj9Nirg	Maria Engås Halsne	['talentkonkurranse']	[2019]	1	1
31Eea8xaK1xAMyJy2iWE0z	Eden Prince	['dance pop', 'deep groove house', 'uk dance']	[2019]	1	1
5IHqlcCbQkyhWl0KmIwgeq	Louisa Johnson	['talent show', 'uk pop']	[2019]	1	1
3k3gbUT7bF0jYmFmAKBQtU	Dan Reynolds	[]	[2019]	1	1
