artist_id	name	genres	years_on_charts	num_hits	num_collab_hits
3TVXtAsR1Inumwj472S9r4	Drake	['canadian hip hop', 'canadian pop', 'hip hop', 'rap', 'toronto rap']	[2017, 2018, 2019, 2020, 2021, 2022]	196	96
06HL4z0CvFAxyc27GXpf02	Taylor Swift	['pop']	[2017, 2018, 2019, 2020, 2021, 2022]	180	25
5VadK1havLhK1OpKYsXv9y	D-Block Europe	['melodic drill', 'uk hip hop']	[2018, 2019, 2020, 2021, 2022]	120	50
4MCBfE4596Uoi2O4DtmEMz	Juice WRLD	['chicago rap', 'melodic rap', 'rap']	[2018, 2019, 2020, 2021, 2022]	112	46
66CXWjxzNUsdJxJ2JdwvnR	Ariana Grande	['pop']	[2017, 2018, 2019, 2020, 2021, 2022]	109	49
6eUKZXaKkcviH0Ku9w2n3V	Ed Sheeran	['pop', 'singer-songwriter pop', 'uk pop']	[2017, 2018, 2019, 2020, 2021, 2022]	105	50
7dGJo4pcD2V6oG8kP0tJRR	Eminem	['detroit hip hop', 'hip hop', 'rap']	[2017, 2018, 2019, 2020, 2021, 2022]	104	54
0Y5tJX1MQlPlqiwlOH1tJY	Travis Scott	['hip hop', 'rap', 'slap house']	[2017, 2018, 2019, 2020, 2021, 2022]	100	77
1Xyo4u8uXC1ZmMpatF05PJ	The Weeknd	['canadian contemporary r&b', 'canadian pop', 'pop']	[2017, 2018, 2019, 2020, 2021, 2022]	97	41
246dkjvS1zLTtiykXe5h60	Post Malone	['dfw rap', 'melodic rap', 'pop', 'rap']	[2017, 2018, 2019, 2020, 2021, 2022]	93	47
5K4W6rqBFWDnAN6FQUkS6x	Kanye West	['chicago rap', 'hip hop', 'rap']	[2017, 2018, 2019, 2020, 2021, 2022]	88	35
1uNFoZAHBGtllmzznpCI3s	Justin Bieber	['canadian pop', 'pop']	[2017, 2018, 2019, 2020, 2021, 2022]	84	54
3e7awlrlDSwF3iM0WBjGMp	Little Mix	['girl group', 'pop', 'talent show', 'uk pop']	[2017, 2018, 2019, 2020, 2021, 2022]	83	19
1RyvyyTE3xzB2ZywiAwp0i	Future	['atl hip hop', 'hip hop', 'rap', 'southern hip hop', 'trap']	[2017, 2018, 2019, 2020, 2021, 2022]	74	57
4Xi6LSfFqv26XgP9NKN26U	AJ Tracey	['grime', 'uk hip hop', 'ukg revival']	[2017, 2018, 2019, 2020, 2021, 2022]	74	38
3rbtPd0NcvhO2AzMfzx90z	Fredo	['grime', 'uk hip hop']	[2017, 2018, 2019, 2020, 2021, 2022]	73	27
6UCQYrcJ6wab6gnQ89OJFh	Headie One	['uk hip hop']	[2018, 2019, 2020, 2021, 2022]	71	50
2hlmm7s2ICUX0LVIhVFlZQ	Gunna	['atl hip hop', 'melodic rap', 'rap', 'trap']	[2018, 2019, 2020, 2021, 2022]	71	53
3mIj9lX2MWuHmhNCA7LSCW	The 1975	['modern alternative rock', 'modern rock', 'pop', 'pov: indie', 'rock']	[2017, 2018, 2019, 2020, 2021]	70	1
0hCNtLu0JehylgoiP8L4Gh	Nicki Minaj	['hip pop', 'pop', 'queens hip hop', 'rap']	[2017, 2018, 2019, 2020, 2021, 2022]	70	54
5f7VJjfbwm532GiveGC0ZK	Lil Baby	['atl hip hop', 'atl trap', 'rap', 'trap']	[2018, 2019, 2020, 2021, 2022]	69	56
6LuN9FCkKOj5PcnpouEgny	Khalid	['pop', 'pop r&b']	[2017, 2018, 2019, 2020, 2021, 2022]	68	38
2SrSdSvpminqmStGELCSNd	Stormzy	['grime', 'uk hip hop']	[2017, 2018, 2019, 2020, 2021, 2022]	67	38
2p1fiYHYiXz9qi0JJyxBzN	Skepta	['birmingham grime', 'grime', 'instrumental grime', 'uk hip hop']	[2017, 2018, 2019, 2020, 2021]	65	51
3Nrfpe0tUJi4K4DXYWgMUX	BTS	['k-pop', 'k-pop boy group', 'pop']	[2017, 2018, 2019, 2020, 2021, 2022]	64	16
50co4Is1HCEo8bhOyUWKpn	Young Thug	['atl hip hop', 'atl trap', 'gangster rap', 'melodic rap', 'rap', 'trap']	[2017, 2018, 2019, 2020, 2021, 2022]	63	62
4O15NlyKLIASxsJ0PrXPfz	Lil Uzi Vert	['melodic rap', 'philly rap', 'rage rap', 'rap', 'trap']	[2017, 2018, 2019, 2020, 2021, 2022]	62	33
6Ip8FS7vWT1uKkJSweANQK	Dave	['uk hip hop']	[2017, 2018, 2019, 2020, 2021, 2022]	61	29
1nzgtKYFckznkcVMR3Gg4z	KSI	['uk hip hop']	[2017, 2018, 2019, 2020, 2021, 2022]	61	42
15UsOTVnJzReFVN1VCnxy4	XXXTENTACION	['emo rap', 'miami hip hop']	[2017, 2018, 2019, 2020, 2021, 2022]	60	16
2jku7tDXc6XoB6MO2hFuqg	Tory Lanez	['canadian hip hop', 'canadian trap', 'melodic rap', 'r&b', 'rap', 'toronto rap', 'trap']	[2017, 2018, 2019, 2020]	58	34
00FQb4jTyendYWaN8pK0wa	Lana Del Rey	['art pop', 'pop']	[2017, 2018, 2019, 2020, 2021, 2022]	58	13
1URnnhqYAYcrqrcwql10ft	21 Savage	['atl hip hop', 'hip hop', 'rap', 'trap']	[2017, 2018, 2019, 2020, 2021, 2022]	56	44
491U1PrV1EoQuhM0aUCn9r	M Huncho	['uk hip hop']	[2018, 2019, 2020, 2021, 2022]	56	34
0eDvMgVFoNV3TpwtrVCoTj	Pop Smoke	['brooklyn drill', 'rap']	[2019, 2020, 2021, 2022]	56	37
6M2wZ9GZgrQXHCFfjv46we	Dua Lipa	['dance pop', 'pop', 'uk pop']	[2017, 2018, 2019, 2020, 2021, 2022]	55	26
2wY79sveU1sp5g7SokKOiI	Sam Smith	['pop', 'uk pop']	[2017, 2018, 2019, 2020, 2021]	54	12
6oMuImdp5ZcFhWP0ESe6mG	Migos	['atl hip hop', 'hip hop', 'rap', 'trap']	[2017, 2018, 2019, 2020, 2021]	53	31
6qqNVTkY8uBg9cP3Jd7DAH	Billie Eilish	['art pop', 'electropop', 'pop']	[2018, 2019, 2020, 2021, 2022]	53	4
6l3HvQ5sa6mXTsMTB19rO5	J. Cole	['conscious hip hop', 'hip hop', 'north carolina hip hop', 'rap']	[2017, 2018, 2019, 2020, 2021, 2022]	53	22
2a0uxJgbvvIRI4GX8pYfcr	J Hus	['afroswing', 'grime', 'uk hip hop']	[2017, 2018, 2019, 2020]	52	21
0tPKcpC8yXpfdWXFcN7Vwr	Nines	['grime', 'uk hip hop']	[2017, 2018, 2019, 2020, 2021]	51	31
2PJEagPIxaBugeMjIyKVXF	Aitch	['manchester hip hop', 'uk hip hop']	[2019, 2020, 2021, 2022]	51	33
6AgTAQt8XS6jRWi4sX7w49	Polo G	['chicago rap', 'rap']	[2019, 2020, 2021, 2022]	50	31
6vWDO969PvNqNYHIOW5v0m	Beyoncé	['pop', 'r&b']	[2017, 2018, 2019, 2020, 2021, 2022]	49	23
53XhwfbYqKCa1cC15pYq2q	Imagine Dragons	['modern rock', 'pop', 'rock']	[2017, 2018, 2019, 2020, 2021, 2022]	48	6
2YZyLoL8N0Wb9xBt1NhZWg	Kendrick Lamar	['conscious hip hop', 'hip hop', 'rap', 'west coast rap']	[2017, 2018, 2019, 2020, 2021]	45	30
4xRYI6VqpkE3UwrDrAZL8L	Logic	['conscious hip hop', 'hip hop', 'pop rap', 'rap']	[2017, 2018, 2019, 2020]	45	22
4kYSro6naA4h99UJvo89HB	Cardi B	['pop', 'rap']	[2017, 2018, 2019, 2020, 2021]	45	32
57LYzLEk2LcFghVwuWbcuS	Summer Walker	['r&b']	[2019, 2020, 2021, 2022]	45	24
3S0tlB4fE7ChxI2pWz8Xip	Giggs	['grime', 'london rap', 'uk hip hop']	[2017, 2018, 2019, 2020, 2021]	44	29
4V8LLVI7PbaPR0K2TGSxFF	Tyler, The Creator	['hip hop', 'rap']	[2017, 2019, 2020, 2021, 2022]	44	23
7CajNmpbOovFoOoasH2HaY	Calvin Harris	['dance pop', 'edm', 'electro house', 'house', 'pop', 'progressive house', 'uk dance']	[2017, 2018, 2019, 2020, 2021, 2022]	43	38
5H4yInM5zmHqpKIoMNAx4r	Central Cee	['melodic drill']	[2020, 2021, 2022]	43	7
57n1OF36WvtOeATY6WQ6iw	Digga D	['aussie drill', 'london rap', 'melodic drill', 'uk hip hop']	[2019, 2020, 2021, 2022]	43	18
69GGBxA162lTqCwzJG5jLp	The Chainsmokers	['electropop', 'pop']	[2017, 2018, 2019, 2020, 2022]	42	27
4gzpq5DPGxSnKTe4SA8HAU	Coldplay	['permanent wave', 'pop']	[2017, 2018, 2019, 2020, 2021, 2022]	42	8
4dpARuHxo51G3z768sgnrY	Adele	['british soul', 'pop', 'pop soul', 'uk pop']	[2017, 2018, 2019, 2020, 2021, 2022]	42	0
14H15rElxdGClICOZXEYHP	MoStack	['afrobeats', 'afroswing', 'grime', 'london rap', 'uk hip hop']	[2017, 2018, 2019, 2020, 2021, 2022]	41	24
55Aa2cqylxrFIXC767Z865	Lil Wayne	['hip hop', 'new orleans rap', 'pop rap', 'rap', 'trap']	[2017, 2018, 2019, 2020, 2021, 2022]	40	32
5YGY8feqx7naU7z4HrwZM6	Miley Cyrus	['pop']	[2017, 2018, 2019, 2020, 2021, 2022]	40	14
0VRj0yCOv2FXJNP47XQnx5	Quavo	['atl hip hop', 'melodic rap', 'rap', 'trap']	[2017, 2018, 2019, 2020, 2021]	39	37
7n2wHs1TKAczGzO7Dd2rGr	Shawn Mendes	['canadian pop', 'pop', 'viral pop']	[2017, 2018, 2019, 2020, 2021, 2022]	39	11
31lnFZEM6ysvjOx59VyxRE	Krept & Konan	['grime', 'uk hip hop']	[2017, 2018, 2019, 2020, 2021]	39	26
6Xgp2XMz1fhVYe7i6yNAax	Trippie Redd	['melodic rap', 'rap', 'trap']	[2017, 2018, 2019, 2020, 2021]	38	25
1CoZyIx7UvdxT5c8UkMzHd	Jorja Smith	['r&b', 'uk contemporary r&b']	[2017, 2018, 2019, 2020, 2021]	38	12
4Dokdwa3WB7ilQ2c2qvIBL	Bugzy Malone	['grime', 'manchester hip hop', 'uk hip hop']	[2017, 2018, 2019, 2020, 2021, 2022]	38	20
1HY2Jd0NmPuamShAr6KMms	Lady Gaga	['art pop', 'dance pop', 'pop']	[2017, 2018, 2019, 2020, 2021, 2022]	38	14
4nDoRrQiYLoBzwC5BhVJzF	Camila Cabello	['dance pop', 'pop']	[2017, 2018, 2019, 2020, 2021, 2022]	38	16
0QHgL1lAIqAw0HtD7YldmP	DJ Khaled	['hip hop', 'miami hip hop', 'pop rap', 'rap']	[2017, 2018, 2019, 2020, 2021]	38	38
13ubrt8QOOCPljQ2FL1Kca	A$AP Rocky	['east coast hip hop', 'hip hop', 'rap', 'trap']	[2017, 2018, 2019, 2021]	36	28
5pKCCKE2ajJHZ9KAiaK11H	Rihanna	['barbadian pop', 'pop', 'urban contemporary']	[2017, 2018, 2019, 2020, 2021, 2022]	36	25
40NRiKuuhj1pgGYppptlBO	Not3s	['afroswing', 'grime', 'uk hip hop']	[2017, 2018, 2019, 2020]	36	25
6sN51vEARnAAdBw1IKZ8Q9	Liam Gallagher	['britpop', 'britpop revival', 'solo wave']	[2017, 2018, 2019, 2020, 2022]	36	0
0C8ZW7ezQVs4URX5aX7Kqx	Selena Gomez	['pop', 'post-teen pop']	[2017, 2018, 2019, 2020, 2021]	35	16
3AA28KZvwAUcZuOKwyblJQ	Gorillaz	['alternative hip hop', 'modern rock', 'rock']	[2017, 2018, 2019, 2020, 2021]	35	28
3dKjmeRZcSUw617CoMzEA0	Nafe Smallz	['afroswing', 'uk hip hop']	[2018, 2019, 2020, 2021, 2022]	35	35
5cj0lLjcoR7YOSnhnX0Po5	Doja Cat	['dance pop', 'pop']	[2019, 2020, 2021, 2022]	35	18
4r63FhuTkUYltbVAg5TQnk	DaBaby	['hip hop', 'north carolina hip hop', 'rap', 'trap']	[2019, 2020, 2021, 2022]	35	24
0iEtIxbK0KxaSlF7G42ZOp	Metro Boomin	['rap']	[2017, 2018, 2019, 2020]	34	34
7c0XG5cIJTrrAgEC3ULPiq	Ty Dolla $ign	['hip hop', 'pop rap', 'r&b', 'southern hip hop', 'trap', 'trap soul']	[2017, 2018, 2019, 2020, 2021]	34	34
6XyY86QOPPrYVGvF9ch6wz	Linkin Park	['alternative metal', 'nu metal', 'post-grunge', 'rap metal', 'rock']	[2017, 2018, 2019]	34	3
7bXgB6jMjp9ATFy66eO08Z	Chris Brown	['r&b', 'rap']	[2017, 2018, 2019, 2020, 2021, 2022]	34	25
5WUlDfRSoLAfcVSX1WnrxN	Sia	['australian dance', 'australian pop', 'pop']	[2017, 2018, 2019, 2020, 2021]	34	19
7b79bQFziJFedJb75k6hFt	Tion Wayne	['london rap', 'uk hip hop']	[2018, 2019, 2020, 2021, 2022]	34	32
1zNqDE7qDGCsyzJwohVaoX	Anne-Marie	['pop']	[2017, 2018, 2019, 2020, 2021, 2022]	33	21
26VFTg2z8YR0cCuwLzESi2	Halsey	['electropop', 'etherpop', 'indie poptimism', 'pop']	[2017, 2018, 2019, 2020, 2021]	33	18
1Ffb6ejR6Fe5IamqA5oRUF	Bring Me The Horizon	['melodic metalcore', 'metalcore', 'modern rock', 'pop punk', 'rock', 'uk metalcore']	[2018, 2019, 2020, 2021, 2022]	33	11
7jVv8c5Fj3E9VhNjxT4snq	Lil Nas X	['lgbtq+ hip hop']	[2019, 2020, 2021, 2022]	33	13
6zlR5ttMfMNmwf2lecU9Cc	Sam Fender	['modern rock', 'north east england indie']	[2019, 2020, 2021, 2022]	33	0
1Cs0zKBU1kc0i8ypK3B9ai	David Guetta	['big room', 'dance pop', 'edm', 'pop', 'pop dance']	[2017, 2018, 2019, 2020, 2021, 2022]	32	30
31W5EY0aAly4Qieq6OFu6I	A Boogie Wit da Hoodie	['melodic rap', 'rap', 'trap']	[2017, 2018, 2019, 2020, 2021]	32	23
1vCWHaC5f2uS3yhpwWbIA6	Avicii	['edm', 'pop', 'pop dance']	[2017, 2018, 2019, 2020, 2021, 2022]	32	16
5AbLpsnTQVNB3OEadYiVrK	Yxng Bane	['afroswing', 'grime', 'uk dancehall', 'uk hip hop']	[2017, 2018, 2019, 2020, 2021]	32	23
3wcj11K77LjEY1PkEazffa	Burna Boy	['afrobeats', 'dancehall', 'nigerian hip hop', 'nigerian pop']	[2017, 2018, 2019, 2020, 2021, 2022]	31	23
0tJCNteqwm7LmRZ6KWr8GT	Chip	['grime', 'instrumental grime', 'london rap', 'uk hip hop']	[2017, 2018, 2019, 2020, 2021]	31	28
6TIYQ3jFPwQSRmorSezPxX	Machine Gun Kelly	['ohio hip hop', 'pop rap']	[2017, 2018, 2019, 2020, 2021, 2022]	31	19
1GxkXlMwML1oSg5eLPiAz3	Michael Bublé	['adult standards', 'canadian pop', 'jazz pop', 'lounge']	[2017, 2018, 2019, 2020, 2021]	30	10
6jJ0s89eD6GaHleKKya26X	Katy Perry	['pop']	[2017, 2018, 2019, 2020, 2021, 2022]	30	13
163tK9Wjr9P9DmM0AVK7lm	Lorde	['art pop', 'metropopolis', 'nz pop', 'pop']	[2017, 2018, 2021]	30	2
3hcs9uc56yIGFCSy9leWe7	Lil Durk	['chicago drill', 'chicago rap', 'drill', 'hip hop', 'rap', 'trap']	[2018, 2020, 2021, 2022]	30	24
23fqKkggKUBHNkbKtXEls4	Kygo	['edm', 'pop', 'pop dance', 'tropical house']	[2017, 2018, 2019, 2020, 2021]	29	29
04gDigrS5kc9YWfZHwBETP	Maroon 5	['pop']	[2017, 2018, 2019, 2020, 2021, 2022]	29	18
396eHybVCEUr0PcED4yFga	Young Adz	['uk hip hop']	[2018, 2019, 2020, 2021]	29	29
7tYKF4w9nC0nq9CsPZTHyP	SZA	['pop', 'r&b', 'rap']	[2017, 2018, 2019, 2020, 2021, 2022]	29	26
2HPaUgqeutzr3jx5a9WyDV	PARTYNEXTDOOR	['r&b', 'rap', 'toronto rap', 'urban contemporary']	[2017, 2018, 2019, 2020]	29	15
6KImCVD70vtIoJWnq6nGn3	Harry Styles	['pop']	[2017, 2018, 2019, 2020, 2021, 2022]	29	0
3YQKmKGau1PzlVlkL1iodx	Twenty One Pilots	['modern rock', 'pop', 'pov: indie', 'rock']	[2017, 2018, 2020, 2021]	28	0
64KEffDW9EtZ1y2vBYgq8T	Marshmello	['brostep', 'edm', 'pop', 'progressive electro house']	[2017, 2018, 2019, 2020, 2021]	28	27
0du5cEVh5yTK9QJze8zA0C	Bruno Mars	['dance pop', 'pop']	[2017, 2018, 2019, 2020, 2021, 2022]	28	20
4Q6nIcaBED8qUel8bBx6Cr	Jax Jones	['dance pop', 'edm', 'house', 'pop dance', 'uk dance', 'uk pop']	[2017, 2018, 2019, 2020, 2021, 2022]	28	27
2tIP7SsRs7vjIcLrU85W8J	The Kid LAROI	['australian hip hop']	[2020, 2021, 2022]	28	17
5Rl15oVamLq7FbSb0NNBNy	5 Seconds of Summer	['boy band', 'pop']	[2018, 2019, 2020]	27	4
757aE44tKEUQEqRuT6GnEB	Roddy Ricch	['melodic rap', 'rap', 'trap']	[2018, 2019, 2020, 2021, 2022]	27	22
7EQ0qTo7fWT7DPxmxtSYEc	Bastille	['metropopolis', 'modern rock', 'pop']	[2017, 2018, 2019, 2020, 2021, 2022]	27	7
1zNqQNIdeOUZHb8zbZRFMX	Swae Lee	['melodic rap', 'rap', 'trap']	[2017, 2018, 2019, 2020, 2021, 2022]	27	27
1KCSPY1glIKqW2TotWuXOR	P!nk	['dance pop', 'pop']	[2017, 2018, 2019, 2021]	27	9
5KKpBU5eC2tJDzf0wmlRp2	RAYE	['uk contemporary r&b', 'uk pop']	[2017, 2018, 2019, 2020, 2021, 2022]	27	23
7jy3rLJdDQY21OgRLCZ9sD	Foo Fighters	['alternative metal', 'alternative rock', 'modern rock', 'permanent wave', 'post-grunge', 'rock']	[2017, 2018, 2019, 2021]	27	0
6jGMq4yGs7aQzuGsMgVgZR	Lil Tjay	['brooklyn drill', 'melodic rap', 'nyc rap', 'rap']	[2019, 2020, 2021, 2022]	27	17
4UXqAaa6dQYAk18Lv7PEgX	Fall Out Boy	['emo', 'modern rock', 'pop', 'pop punk', 'rock']	[2017, 2018, 2019]	26	4
7gZfnEnfiaHzxARJ2LeXrf	6ix9ine	['emo rap']	[2018, 2019, 2020]	26	20
1MIVXf74SZHmTIp4V4paH4	Mabel	['pop', 'uk pop']	[2017, 2018, 2019, 2020, 2021, 2022]	26	13
5fMUXHkw8R8eOP2RNVYEZX	Diplo	['edm', 'electro house', 'moombahton', 'pop dance']	[2017, 2018, 2019, 2020, 2021]	25	25
5ZsFI1h6hIdQRw2ti0hz81	ZAYN	['pop', 'uk pop']	[2017, 2018, 2019, 2020, 2021]	25	10
0fA0VVWsXO9YnASrzqfmYu	Kid Cudi	['hip hop', 'ohio hip hop', 'pop rap', 'rap']	[2017, 2018, 2020, 2021]	25	12
3r1XkJ7vCs8kHBSzGvPLdP	slowthai	['uk alternative hip hop', 'uk hip hop']	[2019, 2020, 2021]	25	15
4ScCswdRlyA23odg9thgIO	Jess Glynne	['pop', 'uk pop']	[2017, 2018, 2019, 2020]	24	13
4AK6F7OLvEQ5QYCBNiQWHq	One Direction	['boy band', 'pop', 'post-teen pop', 'talent show']	[2017, 2018, 2019, 2020]	24	0
4GNC7GD6oZMSxPGyXy4MNB	Lewis Capaldi	['pop', 'uk pop']	[2017, 2018, 2019, 2020, 2021, 2022]	24	1
5vBSrE1xujD2FXYRarbAXc	Years & Years	['gauze pop', 'pop', 'uk pop']	[2017, 2018, 2019, 2020, 2021, 2022]	23	8
3gd8FJtBJtkRxdfbTu19U2	Mumford & Sons	['modern folk rock', 'modern rock', 'neo mellow', 'stomp and holler', 'uk americana']	[2017, 2018, 2019, 2022]	23	0
2S5hlvw4CMtMGswFtfdK15	Royal Blood	['brighton indie', 'garage rock', 'modern alternative rock', 'modern blues rock', 'modern hard rock', 'modern rock', 'rock']	[2017, 2020, 2021]	23	0
5CCwRZC6euC8Odo6y9X8jr	Rita Ora	['dance pop', 'pop', 'uk pop']	[2017, 2018, 2019, 2020, 2021]	22	11
3PhoLpVuITZKcymswpck5b	Elton John	['glam rock', 'mellow gold', 'piano rock', 'rock']	[2017, 2018, 2019, 2020, 2021, 2022]	22	11
6vXTefBL93Dj5IqAWq6OTv	French Montana	['hip hop', 'pop rap', 'rap', 'southern hip hop', 'trap']	[2017, 2018, 2019, 2020, 2021]	22	22
3nFkdlSjzX9mRTtwJOzDYB	JAY-Z	['east coast hip hop', 'gangster rap', 'hip hop', 'pop rap', 'rap']	[2017, 2018, 2019, 2020, 2021, 2022]	22	21
25uiPmTg16RbhZWAqwLBy5	Charli XCX	['art pop', 'candy pop', 'metropopolis', 'pop', 'uk pop']	[2017, 2018, 2019, 2020, 2021, 2022]	22	16
2feDdbD5araYcm6JhFHHw7	Labrinth	['indie poptimism', 'pop']	[2017, 2018, 2019, 2020, 2021, 2022]	22	15
1HBjj22wzbscIZ9sEb5dyf	Jonas Blue	['pop', 'pop dance', 'tropical house', 'uk dance']	[2017, 2018, 2019, 2020, 2021]	22	22
6S2OmqARrzebs0tKUEyXyp	Demi Lovato	['pop', 'post-teen pop']	[2017, 2018, 2019, 2020, 2021]	22	10
738wLrAtLtCtFOLvQBXOXp	Major Lazer	['dance pop', 'edm', 'electro house', 'moombahton', 'pop', 'pop dance']	[2017, 2018, 2019, 2020, 2021]	22	22
4EPJlUEBy49EX1wuFOvtjK	Becky Hill	['pop dance', 'pop house', 'uk dance', 'uk pop']	[2017, 2018, 2019, 2020, 2021, 2022]	22	17
63X1WKthLQidtqxxO2sgeq	MIST	['birmingham grime', 'birmingham hip hop', 'birmingham indie', 'grime', 'uk hip hop']	[2017, 2018, 2019, 2020, 2021]	22	16
20sxb77xiYeusSH8cVdatc	Meek Mill	['hip hop', 'philly rap', 'pop rap', 'rap', 'southern hip hop', 'trap']	[2018, 2019, 2020, 2021]	21	16
4IWBUUAFIplrNtaOHcJPRM	James Arthur	['pop', 'talent show', 'uk pop']	[2017, 2018, 2019, 2020, 2021, 2022]	21	7
31TPClRtHm23RisEBtV3X7	Justin Timberlake	['dance pop', 'pop']	[2017, 2018, 2019, 2020]	21	7
7Ln80lUS6He07XvHI8qqHH	Arctic Monkeys	['garage rock', 'modern rock', 'permanent wave', 'rock', 'sheffield indie']	[2017, 2018, 2019, 2020, 2021, 2022]	21	0
0cGUm45nv7Z6M6qdXYQGTX	Kehlani	['pop', 'r&b']	[2017, 2018, 2019, 2020, 2021]	21	19
5LHRHt1k9lMyONurDHEdrp	Tyga	['hip hop', 'pop rap', 'rap', 'trap']	[2017, 2018, 2019, 2020, 2021, 2022]	21	20
4DdkRBBYG6Yk9Ka8tdJ9BW	Offset	['atl hip hop', 'rap', 'trap']	[2017, 2018, 2019, 2020, 2021]	21	20
5JZ7CnR6gTvEMKX4g70Amv	Lauv	['pop']	[2017, 2018, 2019, 2020]	21	14
6FQqZYVfTNQ1pCqfkwVFEa	Foals	['alternative dance', 'garage rock', 'indie rock', 'indietronica', 'modern alternative rock', 'modern rock', 'oxford indie', 'rock']	[2017, 2018, 2019, 2020, 2021, 2022]	21	1
1IueXOQyABrMOprrzwQJWN	Sigala	['dance pop', 'edm', 'pop dance', 'uk dance', 'uk pop']	[2017, 2018, 2019, 2020, 2021, 2022]	20	18
3Isy6kedDrgPYoTS1dazA9	Sean Paul	['dance pop', 'dancehall', 'pop', 'pop rap']	[2017, 2018, 2019, 2020, 2021]	20	15
2ysnwxxNtSgbb9t1m2Ur4j	George Ezra	['folk-pop', 'neo-singer-songwriter']	[2017, 2018, 2019, 2020, 2021, 2022]	20	1
1moxjboGR7GNWYIMWsRjgG	Florence + The Machine	['baroque pop', 'modern rock', 'neo mellow', 'uk alternative pop']	[2017, 2018, 2019, 2020, 2021, 2022]	20	1
3iAhNz3e31lBuXYOsqGsf3	Unknown T	['uk hip hop']	[2018, 2019, 2020, 2021, 2022]	20	13
4LLpKhyESsyAXpc4laK94U	Mac Miller	['hip hop', 'pittsburgh rap', 'rap']	[2017, 2018, 2019, 2020]	20	2
1Hsdzj7Dlq2I7tHP7501T4	Niall Horan	['pop']	[2017, 2018, 2019, 2020, 2021]	20	4
3MZsBdqDrRTJihTHQrO6Dq	Joji	['viral pop']	[2018, 2019, 2020]	20	5
20JZFwl6HVl6yg8a4H3ZqK	Panic! At The Disco	['pop']	[2017, 2018, 2019, 2020]	19	2
2JyWXPbkqI5ZJa3gwqVa0c	Craig David	['british soul']	[2017, 2018, 2019, 2020, 2021]	19	10
3tVQdUvClmAT7URs9V3rsp	Wizkid	['afrobeats', 'afropop', 'azonto', 'azontobeats', 'nigerian hip hop', 'nigerian pop']	[2017, 2018, 2019, 2020, 2021, 2022]	19	19
2ExGrw6XpbtUAJHTLtUXUD	Stefflon Don	['dancehall', 'dancehall queen', 'uk dancehall', 'uk hip hop']	[2017, 2018, 2019, 2020]	19	18
1Bl6wpkWCQ4KVgnASpvzzA	BROCKHAMPTON	['boy band', 'rap']	[2018, 2019, 2020, 2021]	19	3
2kCcBybjl3SAtIcwdWpUe3	Lil Peep	['cloud rap', 'emo rap', 'lgbtq+ hip hop']	[2017, 2018, 2019, 2020, 2021]	19	4
2tPR06hLUvH5aIY3JXNIxY	dutchavelli	['uk hip hop']	[2020, 2021]	19	5
7cpCnhhBIU1gA7EhTFApN1	Gerry Cinnamon	['glasgow indie', 'scottish indie rock']	[2019, 2020, 2021]	19	0
5INjqkS1o8h1imAzPqGZBb	Tame Impala	['australian psych', 'modern rock', 'neo-psychedelic', 'rock']	[2017, 2019, 2020, 2021, 2022]	19	1
7pbDxGE6nQSZVfiFdq9lOL	Rex Orange County	['bedroom pop', 'pov: indie']	[2017, 2019, 2022]	19	4
07YZf4WDAMNwqr4jfgOZ8y	Jason Derulo	['dance pop', 'pop']	[2017, 2018, 2019, 2020, 2021]	18	12
2RdwBSPQiwcmiDo9kixcl8	Pharrell Williams	['dance pop', 'pop']	[2017, 2018, 2020, 2021]	18	17
5y2Xq6xcjJb2jVM54GHK3t	John Legend	['neo soul', 'pop', 'pop soul', 'urban contemporary']	[2017, 2018, 2019, 2020, 2021, 2022]	18	9
1vyhD5VmyZ7KMfW5gqLgo5	J Balvin	['reggaeton', 'reggaeton colombiano', 'trap latino', 'urbano latino']	[2017, 2018, 2019, 2020, 2021]	18	18
47rT8CoKTbr0S945AGgATQ	DigDat	['uk drill', 'uk hip hop']	[2018, 2019, 2020, 2021]	18	13
3jK9MiCrA42lLAdMGUZpwa	Anderson .Paak	['escape room', 'hip hop', 'indie soul', 'neo soul']	[2018, 2019, 2020, 2021, 2022]	18	18
6MDME20pz9RveH9rEXvrOM	Clean Bandit	['pop', 'uk dance', 'uk funky']	[2017, 2018, 2019, 2020, 2021, 2022]	18	17
0C0XlULifJtAgn6ZNCW2eu	The Killers	['alternative rock', 'dance rock', 'modern rock', 'permanent wave', 'rock']	[2017, 2018, 2019, 2020, 2021, 2022]	18	0
0LcJLqbBmaGUft1e9Mm8HV	ABBA	['europop', 'swedish pop']	[2017, 2018, 2019, 2020, 2021, 2022]	18	0
1Xylc3o4UrD53lo9CvFvVg	Zara Larsson	['pop', 'scandipop', 'swedish electropop', 'swedish pop']	[2017, 2018, 2019, 2020]	18	9
2EMAnMvWE2eb56ToJVfCWs	Bryson Tiller	['kentucky hip hop', 'r&b', 'rap']	[2017, 2018, 2019, 2020, 2021]	18	4
0BKx4UjPvXVGY15u0xFbbi	JAY1	['uk hip hop']	[2019, 2020, 2021]	18	10
7sjttK1WcZeyLPn3IsQ62L	Noel Gallagher's High Flying Birds	['britpop']	[2017, 2019]	18	0
6ZjFtWeHP9XN7FeKSUe80S	Bing Crosby	['adult standards', 'easy listening', 'lounge']	[2017, 2018, 2019, 2020, 2021]	17	6
64M6ah0SkkRsnPGtGiRAbb	Bebe Rexha	['dance pop', 'pop']	[2017, 2018, 2019, 2020, 2021]	17	12
0X2BH1fck6amBIoJhDVmmJ	Ellie Goulding	['indietronica', 'metropopolis', 'pop', 'uk pop']	[2017, 2018, 2019, 2020, 2021]	17	7
1dfeR4HaWDbWqFHLkxsg1d	Queen	['classic rock', 'glam rock', 'rock']	[2017, 2018, 2019, 2020, 2021, 2022]	17	1
6nS5roXSAGhTGr34W6n7Et	Disclosure	['edm', 'house', 'indietronica', 'uk dance']	[2017, 2018, 2019, 2020, 2021, 2022]	17	16
41MozSoPIsD1dJM0CLPjZF	BLACKPINK	['k-pop', 'k-pop girl group', 'pop']	[2018, 2019, 2020]	17	6
53KwLdlmrlCelAZMaLVZqU	James Blake	['art pop', 'indie soul', 'indietronica', 'neo soul', 'uk alternative pop']	[2018, 2019, 2020, 2021]	17	13
6M6XXCcO5gI68XpIlrUL3Z	Young T & Bugsey	['afroswing', 'grime', 'nottingham hip hop', 'uk hip hop']	[2018, 2019, 2020, 2021]	17	15
181bsRPaVXVlUKXrxwZfHK	Megan Thee Stallion	['houston rap', 'pop', 'rap', 'trap queen']	[2019, 2020, 2021, 2022]	17	13
6Ad91Jof8Niiw0lGLLi3NW	YUNGBLUD	['british indie rock', 'modern rock', 'pov: indie', 'rock']	[2019, 2020, 2021, 2022]	17	10
0c173mlxpT3dSFRgMO8XPh	Big Sean	['detroit hip hop', 'hip hop', 'pop rap', 'r&b', 'rap', 'southern hip hop', 'trap']	[2017, 2018, 2019, 2020]	16	12
5VNMclLseLzRnVhvkrqdpn	Loski	['uk drill', 'uk hip hop']	[2018, 2019, 2020, 2021]	16	10
13y7CgLHjMVRMDqxdx0Xdo	Gucci Mane	['atl hip hop', 'dirty south rap', 'hip hop', 'pop rap', 'rap', 'southern hip hop', 'trap']	[2017, 2018, 2019, 2020]	16	16
2yPprAQlrIQWu60g09B9MZ	Swarmz	['uk hip hop']	[2018, 2019, 2020, 2021]	16	13
0ZED1XzwlLHW4ZaG4lOT6m	Julia Michaels	['pop']	[2017, 2018, 2019, 2020, 2021]	16	10
7hJcb9fa4alzcOq3EaNPoG	Snoop Dogg	['g funk', 'gangster rap', 'hip hop', 'pop rap', 'rap', 'west coast rap']	[2017, 2018, 2019, 2022]	16	16
46SHBwWsqBkxI7EeeBEQG7	Kodak Black	['florida drill', 'florida rap', 'melodic rap', 'miami hip hop', 'rap', 'trap', 'trap latino']	[2017, 2018, 2019, 2021, 2022]	16	14
7gAppWoH7pcYmphCVTXkzs	The Vamps	['boy band', 'pop']	[2017, 2018, 2019, 2020]	16	10
2DaxqgrOhkeH0fpeiQq2f4	Oasis	['beatlesque', 'britpop', 'madchester', 'permanent wave', 'rock']	[2017, 2018, 2019, 2020, 2021, 2022]	16	0
74XFHRwlV6OrjEM0A2NCMF	Paramore	['candy pop', 'modern rock', 'pixie', 'pop', 'pop emo', 'pop punk', 'rock']	[2017, 2018, 2021]	16	0
7bZpYWk0ZZN7CkOeXbAY0Z	Potter Payper	['grime', 'uk hip hop']	[2020, 2021]	16	3
4Gso3d4CscCijv0lmajZWs	Don Toliver	['rap', 'trap']	[2019, 2020, 2021, 2022]	16	12
2xaAOVImG2O6lURwqperlD	Catfish and the Bottlemen	['modern alternative rock', 'modern rock', 'stomp pop', 'welsh rock']	[2019]	16	0
5Pwc4xIPtQLFEnJriah9YJ	OneRepublic	['piano rock', 'pop']	[2017, 2018, 2019, 2020, 2021, 2022]	15	8
5KNNVgR6LBIABRIomyCwKJ	Dermot Kennedy	['folk-pop', 'irish pop', 'uk pop']	[2018, 2019, 2020, 2021, 2022]	15	2
3WGpXCj9YhhfX11TToZcXP	Troye Sivan	['australian pop', 'pop', 'viral pop']	[2017, 2018, 2019, 2020, 2021]	15	7
1sBkRIssrMs1AbVkOJbc7a	Rick Ross	['dirty south rap', 'gangster rap', 'hip hop', 'rap', 'southern hip hop', 'trap']	[2017, 2018, 2019, 2020, 2021]	15	15
2o9hRZ3xI27UQpHT61A4Mm	Kojo Funds	['afroswing', 'grime', 'uk dancehall', 'uk hip hop']	[2017, 2018, 2019]	15	14
4WN5naL3ofxrVBgFpguzKo	Rudimental	['pop dance', 'uk dance', 'uk funky']	[2017, 2018, 2019, 2020, 2021]	15	15
1anyVhU62p31KFi8MEzkbf	Chance the Rapper	['chicago rap', 'conscious hip hop', 'hip hop', 'pop rap', 'rap']	[2017, 2018, 2019, 2020, 2021]	15	14
2h93pZq0e7k5yf4dywlkpM	Frank Ocean	['lgbtq+ hip hop', 'neo soul']	[2017, 2018, 2019, 2020, 2022]	15	7
4kYGAK2zu9EAomwj3hXkXy	JP Cooper	['uk pop']	[2017, 2018, 2019]	15	6
4Ui2kfOqGujY81UcPrb5KE	HAIM	['indietronica', 'metropopolis']	[2017, 2018, 2019, 2020, 2021]	15	3
1ZHk8dteZz6Vi2HFp4hGoM	Abra Cadabra	['uk drill', 'uk hip hop']	[2017, 2019, 2020, 2021]	15	8
1McMsnEElThX1knmY4oliG	Olivia Rodrigo	['pop']	[2020, 2021, 2022]	15	1
4Ga1P7PMIsmqEZqhYZQgDo	Lil Tecca	['melodic rap', 'pluggnb', 'rap']	[2019, 2020, 2021]	15	5
2Waw2sSbqvAwK8NwACNjVo	Bo Burnham	['comic', 'pov: indie']	[2021]	15	0
2qxJFvFYMEDqd7ui6kSAcq	Zedd	['complextro', 'edm', 'german techno', 'pop', 'pop dance']	[2017, 2018, 2019, 2022]	14	14
4f9iBmdUOhQWeP7dcAn1pf	Rag'n'Bone Man	['neo soul']	[2017, 2018, 2019, 2020, 2021]	14	7
3FoFW2AoUGRHBacC6i4x4p	Russ Millions	['melodic drill', 'uk drill']	[2018, 2019, 2020, 2021, 2022]	14	11
4oDjh8wNW5vDHyFRrDYC4k	Loyle Carner	['indie soul', 'london rap']	[2018, 2019, 2020]	14	7
3hv9jJF3adDNsBSIQDqcjp	Mark Ronson	['pop soul']	[2017, 2018, 2019, 2020, 2021]	14	14
5pUo3fmmHT8bhCyHE52hA6	Liam Payne	['pop']	[2017, 2018, 2019, 2020, 2021]	14	10
7z2avKuuiMAT4XZJFv8Rvh	Tom Walker	['indie anthem-folk', 'uk pop']	[2017, 2018, 2019, 2020, 2021]	14	3
0wY1K9SgxbaRfoFRmSR5x5	SL	['uk hip hop']	[2018, 2019, 2020, 2021, 2022]	14	9
73sIBHcqh3Z3NyqHKZ7FOL	Childish Gambino	['atl hip hop', 'hip hop', 'rap']	[2017, 2018, 2019, 2020, 2021, 2022]	14	4
4TrraAsitQKl821DQY42cZ	Sigrid	['norwegian pop']	[2017, 2018, 2019, 2021, 2022]	14	1
7rkW85dBwwrJtlHRDkJDAC	NAV	['canadian hip hop', 'canadian trap', 'melodic rap', 'rap', 'toronto rap', 'trap']	[2017, 2018, 2019, 2020, 2021, 2022]	14	14
56oDRnqbIiwx4mymNEv7dS	Lizzo	['escape room', 'minnesota hip hop', 'pop', 'trap queen']	[2019, 2020, 2021]	14	4
7dnB1wSxbYa8CejeVg98hz	Meat Loaf	['album rock']	[2022]	14	2
17lzZA2AlOHwCwFALHttmp	2 Chainz	['atl hip hop', 'hip hop', 'pop rap', 'rap', 'southern hip hop', 'trap']	[2017, 2018, 2019, 2020]	13	13
7FqkRutc4zWMrnEAUv3Xwd	Hardy Caprio	['afroswing', 'grime', 'uk hip hop']	[2017, 2018, 2019, 2020, 2021]	13	9
7uMh23xWiuR7zsNkuNcm2G	MNEK	['house', 'pop dance', 'uk contemporary r&b', 'uk dance', 'uk pop']	[2017, 2018, 2019, 2020, 2021, 2022]	13	9
7guDJrEfX3qb6FEbdPA5qi	Stevie Wonder	['motown', 'soul']	[2017, 2018, 2019, 2020, 2021, 2022]	13	0
0ONHkAv9pCAFxb0zJwDNTy	Pusha T	['gangster rap', 'hip hop', 'rap', 'southern hip hop', 'trap', 'virginia hip hop']	[2017, 2018, 2021, 2022]	13	7
60d24wfXkVzDSfLS6hyCjZ	Martin Garrix	['dutch edm', 'edm', 'pop', 'pop dance', 'progressive house']	[2017, 2018, 2019]	13	12
5CiGnKThu5ctn9pBxv7DGa	benny blanco	['pop']	[2018, 2019, 2020, 2021]	13	13
4TAoP0f9OuWZUesao43xUW	Mr Eazi	['afrobeats', 'afropop', 'azontobeats', 'ghanaian hip hop', 'nigerian pop', 'swedish dancehall']	[2017, 2018, 2019, 2020]	13	13
05fG473iIaoy82BF1aGhL8	Slipknot	['alternative metal', 'nu metal', 'rap metal', 'rock']	[2018, 2019, 2021]	13	0
0Tob4H0FLtEONHU1MjpUEp	Tinie Tempah	['dance pop', 'grime', 'pop rap']	[2017, 2018, 2020]	13	10
58ICshZ0AgBMNJiLHK3U8l	Deno	['uk hip hop']	[2018, 2019, 2020, 2021]	13	11
31Ua7zSTJxegjyd49ujbSA	NSG	['afrobeats', 'afroswing', 'uk dancehall', 'uk hip hop']	[2018, 2019, 2020, 2021]	13	8
6DPYiyq5kWVQS4RGwxzPC7	Dr. Dre	['g funk', 'gangster rap', 'hip hop', 'rap', 'west coast rap']	[2017, 2018, 2019, 2020, 2022]	13	13
3Bd1cgCjtCI32PYvDC3ynO	London Grammar	['metropopolis', 'nottingham indie']	[2017, 2018, 2019, 2020, 2021]	13	1
6VuMaDnrHyPL1p4EHjYLi7	Charlie Puth	['pop', 'viral pop']	[2017, 2018, 2020, 2022]	13	8
6LqNN22kT3074XbTVUrhzX	Kesha	['dance pop', 'pop']	[2017, 2018, 2019, 2020, 2022]	13	3
4q6hTJmeYXCwp0ivdtoSWA	Dappy	['grime', 'uk hip hop', 'uk melodic rap']	[2018, 2019, 2020]	13	12
4sTQVOfp9vEMCemLw50sbu	Galantis	['dance pop', 'edm', 'pop', 'pop dance']	[2017, 2019, 2021, 2022]	13	8
12Chz98pHFMPJEknJQMWvI	Muse	['modern rock', 'permanent wave', 'rock']	[2017, 2018, 2022]	12	0
6icQOAFXDZKsumw3YXyusw	Lil Yachty	['atl hip hop', 'melodic rap', 'rap', 'trap']	[2017, 2018, 2019, 2020]	12	12
5F1aoppMtU3OMiltO8ymJ2	Hugh Jackman	['hollywood', 'show tunes']	[2017, 2018, 2019, 2020]	12	12
3BmGtnKgCSGYIUhmivXKWX	Kelly Clarkson	['dance pop', 'pop', 'talent show']	[2017, 2018, 2019, 2020, 2021]	12	3
5p7f24Rk5HkUZsaS3BLG5F	Hailee Steinfeld	['pop']	[2017, 2018]	12	9
4PCeJ2EIn3YtzYYRsHHWyy	GRM Daily	['uk hip hop']	[2018, 2019, 2020, 2021, 2022]	12	12
699OTQXzgjhIYAHMy9RyPD	Playboi Carti	['atl hip hop', 'plugg', 'pluggnb', 'rage rap', 'rap']	[2017, 2018, 2019, 2020, 2021, 2022]	12	8
0CqfkYr7CBuSySa4wUBChE	Bandokay	['uk drill', 'uk hip hop']	[2019, 2020, 2021]	12	10
2cFrymmkijnjDg9SS92EPM	blackbear	['pop']	[2017, 2019, 2020, 2021, 2022]	12	7
5ZD4VhNTUEnEBTlWQPeyzq	M1llionz	['uk hip hop']	[2020, 2021, 2022]	12	9
78rUTD7y6Cy67W1RVzYs7t	PinkPantheress	['bedroom pop']	[2021, 2022]	12	1
6PvvGcCY2XtUcSRld1Wilr	Silk Sonic	['neo soul']	[2021, 2022]	12	12
33tFkBLsl6f8TjKkV0uF0C	Lovejoy	['pixel', 'pov: indie']	[2021]	12	0
6extd4B6hl8VTmnlhpl2bY	Huncho Jack	['melodic rap', 'trap']	[2017]	12	12
2hPgGN4uhvXAxiXQBIXOmE	KIDS SEE GHOSTS	['rap']	[2018]	11	5
3DiDSECUqqY1AuBP8qtaIa	Alicia Keys	['neo soul', 'pop', 'r&b']	[2017, 2018, 2020, 2021, 2022]	11	6
4A0TivfinfALCAMJqqjZIk	Funk Wav	[]	[2017, 2018]	11	11
0Ya43ZKWHTKkAbkoJJkwIB	The Wombats	['liverpool indie', 'modern alternative rock', 'modern rock']	[2017, 2018, 2019, 2021]	11	0
7JMwO9tyFPMsb2KnsJqZlp	B Young	['afroswing', 'london rap', 'uk hip hop']	[2017, 2018, 2019, 2020, 2021]	11	3
0T2sGLJKge2eaFmZJxX7sq	Wretch 32	['grime', 'uk hip hop']	[2017, 2018, 2019, 2020, 2021]	11	10
3ijd7T9kkzgvfx1az6Z3wj	Yungen	['afroswing', 'grime', 'london rap', 'uk hip hop']	[2017, 2018, 2019]	11	11
6Q192DXotxtaysaqNPy5yR	Amy Winehouse	['british soul', 'neo soul']	[2017, 2018, 2019, 2021]	11	2
2FXC3k01G6Gw61bmprjgqS	Hozier	['irish singer-songwriter', 'modern rock', 'pop', 'pov: indie']	[2017, 2018, 2019, 2020, 2021, 2022]	11	2
20qISvAhX20dpIbOOzGK3q	Nas	['conscious hip hop', 'east coast hip hop', 'gangster rap', 'hardcore hip hop', 'hip hop', 'queens hip hop', 'rap']	[2017, 2018, 2021]	11	9
540vIaP2JwjQb9dm3aArA4	DJ Snake	['edm', 'electronic trap', 'pop', 'pop dance']	[2017, 2018, 2019, 2020, 2021]	11	11
6fOMl44jA4Sp5b9PpYCkzz	NF	['hip hop', 'pop rap']	[2017, 2018, 2019, 2020, 2021]	11	1
23zg3TcAtWQy7J6upgbUnj	Usher	['atl hip hop', 'contemporary r&b', 'dance pop', 'pop', 'r&b', 'rap', 'south carolina hip hop', 'urban contemporary']	[2017, 2018, 2019, 2020, 2021]	11	7
7CyeXFnOrfC1N6z4naIpgo	The Ronettes	['brill building pop', 'classic girl group', 'motown', 'rock-and-roll']	[2017, 2018, 2019, 2020, 2021]	11	0
11wRdbnoYqRddKBrpHt4Ue	Kasabian	['britpop', 'garage rock', 'leicester indie', 'modern rock', 'rock']	[2017, 2018, 2021]	11	0
7gOdHgIoIKoe4i9Tta6qdD	Jonas Brothers	['boy band', 'pop']	[2019, 2020, 2021]	11	3
3iOvXCl6edW5Um0fXEBRXy	The xx	['downtempo', 'dream pop', 'indietronica']	[2017]	11	0
0gusqTJKxtU1UTmNRMHZcv	Dizzee Rascal	['grime', 'instrumental grime']	[2017, 2018, 2019, 2021, 2022]	10	7
5fyDppLDl1juIu1BcUT5zh	Digital Farm Animals	['uk dance']	[2017, 2018, 2020, 2021]	10	10
7gWjOPetXNCBqlVe6axl8K	Lily James	['hollywood', 'movie tunes']	[2018]	10	7
39XT9gMoNmMCOlvTTR273m	K-Trap	['uk drill', 'uk hip hop']	[2018, 2019, 2020]	10	9
5SHxzwjek1Pipl1Yk11UHv	Tom Grennan	['uk pop']	[2017, 2018, 2019, 2021, 2022]	10	5
22RISwgVJyZu9lpqAcv1F5	Blossoms	['english indie rock', 'modern rock']	[2017, 2018, 2019, 2020]	10	0
3AQRLZ9PuTAozP28Skbq8V	The Script	['celtic rock', 'pop']	[2017, 2018, 2019, 2020]	10	0
19ra5tSw0tWufvUp8GotLo	George Michael	['new wave pop']	[2017, 2018, 2019, 2020, 2021]	10	3
3fMbdgg4jU18AjLCKBhRSm	Michael Jackson	['r&b', 'soul']	[2017, 2018, 2019, 2020, 2021, 2022]	10	2
1yqxFtPHKcGcv6SXZNdyT9	MK	['house', 'pop dance']	[2017, 2018, 2019, 2020, 2021]	10	9
3wyVrVrFCkukjdVIdirGVY	Lil Pump	['emo rap', 'miami hip hop', 'pop rap', 'rap', 'trap']	[2017, 2018, 2019, 2020]	10	7
02kJSzxNuaWGqwubyUba0Z	G-Eazy	['indie pop rap', 'oakland hip hop', 'pop rap', 'rap']	[2017, 2018, 2019, 2021]	10	10
3btzEQD6sugImIHPMRgkwV	Wolf Alice	['indie rock', 'modern alternative rock', 'modern rock']	[2017, 2018, 2021]	10	0
1km0R7wy712AzLkA1WjKET	Biffy Clyro	['modern rock', 'scottish rock']	[2017, 2020]	10	0
6MPCFvOQv5cIGfw3jODMF0	Internet Money	['pop rap']	[2019, 2020, 2021, 2022]	10	10
14CHVeJGrR5xgUGQFV5BVM	Fivio Foreign	['brooklyn drill', 'new york drill', 'trap']	[2020, 2021, 2022]	10	10
73A3bLnfnz5BoQjb4gNCga	Bicep	['ambient house', 'electronica']	[2020, 2021]	10	3
16plk1BhihSieDutGFbLt8	One Acen	['afroswing', 'uk hip hop']	[2017, 2018, 2019, 2020]	9	9
4IVAbR2w4JJNJDDRFP3E83	6LACK	['atl hip hop', 'melodic rap', 'r&b', 'rap', 'trap']	[2018, 2019, 2020, 2021, 2022]	9	9
2iE18Oxc8YSumAU232n4rW	The Jackson 5	['motown', 'soul']	[2017, 2018, 2019, 2020, 2021]	9	0
2wUjUUtkb5lvLKcGKsKqsR	Alessia Cara	['canadian contemporary r&b', 'canadian pop', 'pop']	[2017, 2018, 2019, 2020, 2021]	9	5
6sCbFbEjbYepqswM1vWjjs	Zendaya	['pop', 'post-teen pop']	[2017, 2018, 2019, 2020, 2022]	9	9
08GQAI4eElDnROBrJRGE0X	Fleetwood Mac	['album rock', 'classic rock', 'rock', 'soft rock', 'yacht rock']	[2017, 2018, 2019, 2020, 2021, 2022]	9	0
66TrUkUZ3RM29dqeDQRgyA	Ella Eyre	['dance pop', 'talent show', 'uk dance', 'uk pop']	[2017, 2018, 2019]	9	7
6JL8zeS1NmiOftqZTRgdTz	Meghan Trainor	['hip pop', 'pop']	[2017, 2018, 2019, 2020, 2021]	9	5
0bdfiayQAKewqEvaU6rXCv	MØ	['danish pop', 'electropop', 'pop', 'pop dance']	[2017, 2018, 2020]	9	6
3JhNCzhSMTxs9WLGJJxWOY	Macklemore	['pop rap', 'seattle hip hop']	[2017, 2018, 2019, 2020, 2021, 2022]	9	9
6CwfuxIqcltXDGjfZsMd9A	MARINA	['metropopolis', 'pop', 'pov: indie', 'uk alternative pop']	[2018, 2019, 2020, 2021]	9	2
5Q81rlcTFh3k6DQJXPdsot	Mura Masa	['channel islands indie', 'hyperpop', 'indie soul', 'vapor soul']	[2017, 2018, 2019, 2022]	9	9
7DMveApC7UnC2NPfPvlHSU	Cheat Codes	['edm', 'pop', 'pop dance']	[2017, 2018, 2019, 2020]	9	9
4exLIFE8sISLr28sqG1qNX	Travis Barker	['rap rock']	[2018, 2019, 2021, 2022]	9	9
7zJL978NtANOysfGY21ty6	Ghetts	['grime', 'uk hip hop']	[2017, 2018, 2019, 2020, 2021]	9	8
0p4nmQO2msCgU4IF37Wi3j	Avril Lavigne	['canadian pop', 'candy pop', 'pop']	[2017, 2018, 2019, 2021, 2022]	9	3
7nDsS0l5ZAzMedVRKPP8F1	Ella Henderson	['dance pop', 'talent show', 'uk pop']	[2019, 2020, 2021]	9	7
2LIk90788K0zvyj2JJVwkJ	Jack Harlow	['deep underground hip hop', 'kentucky hip hop', 'pop rap', 'rap']	[2020, 2021, 2022]	9	4
3GxKJzJK4LpsYGXQrw77wz	Mimi Webb	['alt z', 'gen z singer-songwriter', 'uk pop']	[2021, 2022]	9	0
7m0BsF0t3K9WQFgKoPejfk	ArrDee	['uk hip hop']	[2021, 2022]	9	6
50nN8IFD4xA67fI4jYbLV4	Kano	['grime', 'uk hip hop']	[2019]	9	4
13saZpZnCDWOI9D4IJhp1f	Lily Allen	['dance pop', 'electropop']	[2017, 2018, 2019, 2020, 2021]	8	2
2o5jDhtHVPhrJdv3cEQ99Z	Tiësto	['big room', 'brostep', 'dutch edm', 'edm', 'house', 'pop dance', 'slap house', 'trance']	[2017, 2018, 2019, 2020, 2021, 2022]	8	7
4fwuXg6XQHfdlOdmw36OHa	Paloma Faith	['british soul', 'talent show']	[2017, 2018, 2019, 2020, 2021, 2022]	8	4
4tZwfgrHOc3mvqYlEYSvVi	Daft Punk	['electro', 'filter house', 'rock']	[2017, 2018, 2019, 2020, 2021]	8	5
55fhWPvDiMpLnE4ZzNXZyW	Noah Cyrus	['alt z', 'pop']	[2017, 2018, 2019, 2020, 2021]	8	5
7iZtZyCzp3LItcw1wtPI3D	Rae Sremmurd	['melodic rap', 'mississippi hip hop', 'rap', 'trap']	[2017, 2018]	8	7
26dSoYclwsYLMAKD3tpOr4	Britney Spears	['dance pop', 'pop']	[2017, 2018, 2019, 2020, 2021, 2022]	8	0
2QsynagSdAqZj3U9HgDzjD	Bob Marley & The Wailers	['reggae', 'roots reggae']	[2017, 2018, 2019, 2020, 2021]	8	2
4RVnAU35WRWra6OZ3CbbMA	Kylie Minogue	['australian dance', 'australian pop', 'dance pop', 'eurodance', 'new wave pop']	[2017, 2018, 2019, 2020, 2021]	8	1
4LEiUm1SRbFMgfqnQTwUbQ	Bon Iver	['chamber pop', 'eau claire indie', 'indie folk', 'melancholia', 'modern rock']	[2017, 2018, 2019, 2020, 2021]	8	2
4npEfmQ6YuiwW1GpUmaq3F	Ava Max	['pop']	[2018, 2019, 2020, 2021, 2022]	8	1
3whuHq0yGx60atvA2RCVRW	Olly Murs	['dance pop', 'pop', 'talent show']	[2017, 2018, 2019]	8	4
1l7ZsJRRS8wlW3WfJfPfNS	Christina Aguilera	['dance pop', 'pop']	[2017, 2018, 2019, 2020, 2021]	8	4
7nwUJBm0HE4ZxD3f5cy5ok	Aretha Franklin	['classic soul', 'jazz blues', 'memphis soul', 'soul', 'southern soul', 'vocal jazz']	[2017, 2018, 2019]	8	1
5zctI4wO9XSKS8XwcnqEHk	Lil Mosey	['melodic rap', 'rap conscient']	[2018, 2019, 2020, 2021]	8	4
1yxSLGMDHlW21z4YXirZDS	Black Eyed Peas	['dance pop', 'pop', 'pop rap']	[2017, 2018, 2019, 2020, 2021, 2022]	8	1
7HkdQ0gt53LP4zmHsL0nap	Ella Mai	['r&b', 'rap', 'uk contemporary r&b']	[2018, 2019]	8	5
7k9T7lZlHjRAM1bb0r9Rm3	Wiley	['grime', 'uk dancehall', 'uk hip hop']	[2017, 2018, 2019, 2020]	8	7
6XpaIBNiVzIetEPCWDvAFP	Whitney Houston	['dance pop']	[2017, 2018, 2019, 2020, 2021, 2022]	8	3
4EzkuveR9pLvDVFNx6foYD	James Bay	['neo mellow', 'pop', 'uk pop']	[2017, 2018, 2019, 2020, 2021]	8	2
4yiQZ8tQPux8cPriYMWUFP	Gwen Stefani	['dance pop', 'pop']	[2017, 2018, 2019, 2020, 2021]	8	7
1bj5GrcLom5gZFF5t949Xl	Martin Solveig	['disco house', 'edm', 'electro house', 'filter house', 'house', 'pop dance', 'vocal house']	[2017, 2018, 2019, 2020]	8	8
0koPE9U3b5XYArKa7R2TLm	OFB	['uk drill', 'uk hip hop']	[2019, 2020]	8	8
4Al9wqYpl2Yi1XfUrDrZmS	Double Lz	['uk drill', 'uk hip hop']	[2020, 2022]	8	8
62DmErcU7dqZbJaDqwsqzR	Popcaan	['dancehall', 'jamaican hip hop', 'reggae fusion', 'traphall']	[2017, 2019, 2020, 2021]	8	8
3k13k6CGv7MidIBUoqvUsN	Randolph	['game mood', 'uk hip hop']	[2019, 2020]	8	8
6m8itYST9ADjBIYevXSb1r	Wilkinson	['dancefloor dnb', 'drum and bass', 'uk dance']	[2017, 2019, 2021, 2022]	8	7
5IcR3N7QB1j6KBL8eImZ8m	ScHoolboy Q	['gangster rap', 'hip hop', 'pop rap', 'rap', 'southern hip hop', 'trap']	[2017, 2018, 2019, 2020]	7	6
63nv0hWWDob56Rk8GlNpN8	The Greatest Showman Ensemble	['movie tunes']	[2017, 2018, 2019, 2020]	7	7
391oLRVmoTkumiN79HkTWu	Darlene Love	[]	[2017, 2018, 2019, 2020, 2021]	7	0
5r3fI2q1YU3QyVP7oncOQ9	The Plug	['uk hip hop']	[2018, 2019, 2020]	7	7
1pPmIToKXyGdsCF6LmqLmI	Rich The Kid	['atl hip hop', 'melodic rap', 'plugg', 'rap', 'trap']	[2018, 2020]	7	5
4VIvfOurcf0vuLRxLkGnIG	Bradley Cooper	['hollywood']	[2018, 2019, 2020, 2021, 2022]	7	6
5RZjpmuD14JKXvB8Ry1G1u	Amanda Seyfried	['hollywood']	[2018]	7	7
240wlM8vDrf6S4zCyzGj2W	CamelPhat	['deep tech house', 'house', 'progressive house']	[2017, 2018, 2019, 2020]	7	7
7AzjETXRUKNRSJHMW9GIqd	Nina Nesbitt	['alt z', 'neo-singer-songwriter', 'uk pop']	[2018, 2019, 2020]	7	3
5H6xmHXjsq98NLbEjuE29f	NEIKED	['scandipop']	[2017, 2018, 2021, 2022]	7	7
4NHQUGzhtTLFvgF5SZesLK	Tove Lo	['metropopolis', 'pop', 'swedish electropop', 'swedish pop', 'swedish synthpop']	[2017, 2018, 2019, 2020]	7	6
7v4imS0moSyGdXyLgVTIV7	Nat King Cole	['adult standards', 'lounge', 'soul', 'swing', 'vocal jazz']	[2017, 2018, 2019, 2020, 2021]	7	0
5rSXSAkZ67PYJSvpUpkOr7	Backstreet Boys	['boy band', 'dance pop', 'pop']	[2017, 2018, 2019, 2020]	7	0
1Mxqyy3pSjf8kZZL4QVxS0	Frank Sinatra	['adult standards', 'easy listening', 'lounge']	[2017, 2018, 2019, 2020, 2021]	7	3
2wIVse2owClT7go1WT98tk	Missy Elliott	['dance pop', 'hip hop', 'hip pop', 'neo soul', 'pop rap', 'r&b', 'rap', 'urban contemporary', 'virginia hip hop']	[2017, 2018, 2020]	7	4
2qk9voo8llSGYcZ6xrBzKx	Kings of Leon	['modern rock', 'rock']	[2017, 2018, 2019, 2020, 2021, 2022]	7	0
6FBDaR13swtiWwGhX1WQsP	blink-182	['alternative metal', 'modern rock', 'pop punk', 'punk', 'rock', 'socal pop punk']	[2017, 2018, 2019]	7	0
2kRfqPViCqYdSGhYSM9R0Q	Madison Beer	['pop']	[2018, 2019, 2020]	7	5
1Gm0kKaDx4GH6pQF88rjSK	Cadet	['grime', 'uk hip hop']	[2018, 2019, 2020]	7	6
0epOFNiUfyON9EYx7Tpr6V	The Strokes	['alternative rock', 'garage rock', 'modern rock', 'permanent wave', 'rock']	[2017, 2018, 2020]	7	0
4V8Sr092TqfHkfAA5fXXqG	Luis Fonsi	['latin pop', 'puerto rican pop']	[2017, 2018, 2019, 2020]	7	7
6c0mTNAxJxlp9HpKTUZwA8	ALMA	[]	[2017, 2018]	7	6
4ehtJnVumNf6xzSCDk8aLB	Martin Jensen	['danish electronic', 'edm', 'pop dance']	[2017, 2018, 2019, 2020]	7	6
4GvEc3ANtPPjt1ZJllr5Zl	Bazzi	['pop']	[2018, 2019]	7	1
2cWZOOzeOm4WmBJRnD5R7I	Normani	['pop', 'r&b']	[2018, 2019, 2020, 2021]	7	6
16rCzZOMQX7P8Kmn5YKexI	Mahalia	['alternative r&b', 'indie anthem-folk', 'uk contemporary r&b']	[2018, 2019, 2020, 2021]	7	6
7sfgqEdoeBTjd8lQsPT3Cy	Emeli Sandé	['r&b', 'talent show']	[2017, 2018, 2019, 2021]	7	4
26XzvosH2cl8Re6KSo9m8Z	ZieZie	['uk hip hop']	[2018, 2019, 2020, 2022]	7	5
3q7HBObVc0L8jNeTe5Gofh	50 Cent	['east coast hip hop', 'gangster rap', 'hip hop', 'pop rap', 'queens hip hop', 'rap']	[2017, 2018, 2019, 2020, 2021, 2022]	7	5
22bE4uQ6baNwSHPVcDxLCe	The Rolling Stones	['album rock', 'british invasion', 'classic rock', 'rock']	[2017, 2018, 2019, 2020, 2021]	7	0
70gP6Ry4Uo0Yx6uzPIdaiJ	Bas	['queens hip hop', 'rap', 'sudanese hip hop', 'sudanese pop', 'underground hip hop']	[2018, 2019, 2021]	7	7
3UUJfRbrA2nTbcg4i0MOwu	Original Broadway Cast of Hamilton	['broadway', 'show tunes']	[2020]	7	7
2N4EYkIlG1kv25g6Wv8LGI	Killer Mike	['alternative hip hop', 'atl hip hop', 'conscious hip hop', 'hip hop', 'old school atlanta hip hop', 'political hip hop', 'southern hip hop']	[2020]	7	6
5rGrDvrLOV2VV8SCFVGWlj	Imanbek	['electro house', 'pop dance', 'slap house']	[2019, 2020, 2021]	7	7
1cNDP5yjU5vjeR8qMf4grg	YNW Melly	['melodic rap', 'rap']	[2019, 2020]	7	5
5ZS223C6JyBfXasXxrRqOk	Jhené Aiko	['r&b']	[2017, 2019, 2020]	7	7
3pTE9iaJTkWns3mxpNQlJV	Bombay Bicycle Club	['british indie rock', 'chamber pop', 'indie rock', 'indietronica', 'modern rock', 'shimmer pop', 'stomp and holler']	[2017, 2019, 2020]	7	0
6DgP9otnZw5z6daOntINxp	Joel Corry	['dance pop', 'pop dance', 'uk dance']	[2019, 2020, 2021, 2022]	7	5
0xRXCcSX89eobfrshSVdyu	MEDUZA	['pop dance', 'pop house', 'uk dance']	[2019, 2020, 2021]	7	7
1VeNLxolTVovUG1ROeumVp	Sav'o	['uk drill']	[2019, 2020, 2021, 2022]	7	7
1xr2G8Hlx4QWmT9HaUbmoO	Young Stoner Life	['pop rap']	[2021]	7	7
21WS9wngs9AqFckK7yYJPM	PnB Rock	['melodic rap', 'rap', 'trap']	[2018, 2019]	6	6
0qSX3s5pJnAlSsgsCne8Cz	Brett Eldredge	['contemporary country', 'country', 'country road', 'modern country rock']	[2018, 2019, 2020, 2021]	6	3
2R21vXR83lH98kGeO99Y66	Anuel AA	['reggaeton', 'reggaeton flow', 'trap boricua', 'trap latino', 'urbano latino']	[2018, 2019, 2020]	6	6
5schNIzWdI9gJ1QRK8SBnc	Ben Howard	['british singer-songwriter', 'folk-pop']	[2017, 2018]	6	0
6UE7nl9mha6s8z0wFQFIZ2	Robyn	['dance pop', 'electropop', 'neo-synthpop', 'scandipop', 'swedish electropop', 'swedish pop']	[2018, 2019]	6	0
5r1bdqzhgRoHC3YcCV6N5a	The Darkness	['glam metal', 'hard rock']	[2017, 2018, 2019, 2020, 2021]	6	0
5Y5TRrQiqgUO4S36tzjIRZ	Timbaland	['dance pop', 'pop', 'pop rap']	[2017, 2018, 2020, 2021, 2022]	6	6
7EEiVZvj6RCEtVX2F2pyxu	Slim Jxmmi	['trap']	[2018]	6	6
5gCRApTajqwbnHHPbr2Fpi	Juicy J	['crunk', 'memphis hip hop', 'pop rap', 'rap', 'southern hip hop', 'trap']	[2017, 2018, 2021]	6	6
7rZNSLWMjTbwdLNskFbzFf	Sugababes	['dance pop', 'europop', 'girl group', 'talent show']	[2017, 2018]	6	0
1ThoqLcyIYvZn7iWbj8fsj	Bill Withers	['funk', 'quiet storm', 'soul']	[2017, 2018, 2020, 2021]	6	1
5rkVyNGXEgeUqKkB5ccK83	Ashanti	['dance pop', 'hip pop', 'r&b', 'urban contemporary']	[2017, 2018, 2019, 2020, 2022]	6	5
6IZ4ctovY9dl7bgHClAvKJ	LSD	[]	[2018, 2019]	6	6
6Ur6METz02CC9zcJWDFicC	M.O	['afroswing', 'girl group']	[2017, 2018, 2019]	6	5
7t0rwkOPGlDPEhaOcVtOt9	The Cranberries	['irish rock', 'pop rock', 'rock']	[2018, 2019, 2020, 2021]	6	0
6TlhWcs3imNDmxFviZjpDX	Lotto Boyzz	['afroswing', 'birmingham hip hop', 'grime', 'uk hip hop']	[2017, 2018, 2020]	6	3
2gBjLmx6zQnFGQJCAQpRgw	Nelly	['dance pop', 'gangster rap', 'hip hop', 'pop rap', 'rap', 'st louis rap', 'urban contemporary']	[2017, 2018]	6	4
5rY5e6BPOIfWJI1LsR8DCl	Lil Pino	['uk hip hop']	[2018, 2019, 2020, 2021]	6	5
1okJ4NC308qbtY9LyHn6DO	BloodPop®	['electropop']	[2017, 2018]	6	6
5V0MlUE1Bft0mbLlND7FJz	Ella Fitzgerald	['adult standards', 'jazz', 'jazz blues', 'soul', 'swing', 'vocal jazz']	[2017, 2018, 2019, 2020, 2021]	6	2
3WrFJ7ztbogyGnTHbHJFl2	The Beatles	['beatlesque', 'british invasion', 'classic rock', 'merseybeat', 'psychedelic rock', 'rock']	[2017, 2018, 2019, 2020, 2021]	6	0
6k970rXaWAWVfWMjqWtFNI	Steel Banglez	['afroswing', 'birmingham grime', 'grime', 'london rap', 'uk hip hop']	[2017, 2018, 2019, 2020, 2021]	6	6
0EmeFodog0BfCgMzAIvKQp	Shakira	['colombian pop', 'dance pop', 'latin pop', 'pop']	[2017, 2018, 2019, 2020, 2021, 2022]	6	4
59wfkuBoNyhDMQGCljbUbA	Diddy	['dance pop', 'east coast hip hop', 'hip hop', 'hip pop', 'pop rap', 'rap']	[2017, 2018, 2020]	6	6
67R8l2OLqGwA9V4BKllYQY	Skrapz	['grime', 'uk hip hop']	[2018, 2020, 2021]	6	6
7HV2RI2qNug4EcQqLbCAKS	Keala Settle	['broadway', 'hollywood', 'show tunes']	[2017, 2018, 2019, 2020]	6	6
6U1dBXJhC8gXFjamvFTmHg	Zac Efron	['hollywood', 'movie tunes', 'post-teen pop']	[2017, 2018, 2019, 2020]	6	6
1Y8cdNmUJH7yBTd9yOvr5i	Destiny's Child	['dance pop', 'girl group', 'pop', 'r&b', 'urban contemporary']	[2017, 2018, 2019, 2020, 2021]	6	0
21TinSsF5ytwsfdyz5VSVS	dodie	['alt z', 'indie pop', 'pov: indie']	[2017, 2018, 2019]	6	1
4iHNK0tOyZPYnBU7nGAgpQ	Mariah Carey	['dance pop', 'pop', 'urban contemporary']	[2017, 2018, 2019, 2020, 2021]	6	1
5a2EaR3hamoenG9rDuVn8j	Prince	['funk', 'funk rock', 'minneapolis sound', 'rock', 'synth funk']	[2017, 2018]	6	0
2gsggkzM5R49q6jpPvazou	Jessie J	['dance pop', 'pop']	[2017, 2018, 2019, 2020, 2021]	6	2
4utLUGcTvOJFr6aqIJtYWV	Skylar Grey	['piano rock', 'viral pop']	[2017, 2018, 2020, 2021]	6	6
2NCGI6dLTxLdI9XHdv7QfM	The Andrews Sisters	['adult standards', 'swing', 'torch song', 'vocal harmony group']	[2017, 2018, 2019, 2020, 2021]	6	5
4AVFqumd2ogHFlRbKIjp1t	Alesso	['dance pop', 'edm', 'electro house', 'pop', 'pop dance', 'progressive electro house']	[2017, 2018, 2021, 2022]	6	4
3t5xRXzsuZmMDkQzgOX35S	Robin Schulz	['deep euro house', 'deep house', 'edm', 'german dance', 'pop dance', 'tropical house']	[2017, 2018, 2019, 2020, 2021]	6	6
6WY7D3jk8zTrHtmkqqo5GI	Maren Morris	['classic texas country', 'contemporary country']	[2017, 2018, 2019, 2021]	6	5
5pDjmC5mRl7vDJhsjVwNfk	Freya Ridings	['uk pop']	[2018, 2019, 2020]	6	0
6olE6TJLqED3rqDCT0FyPh	Nirvana	['grunge', 'permanent wave', 'rock']	[2017, 2018, 2019, 2020, 2021, 2022]	6	0
360IAlyVv4PCEVjgyMZrxK	Miguel	['r&b']	[2017, 2018, 2019, 2020]	6	5
3aQeKQSyrW4qWr35idm0cy	T-Pain	['dance pop', 'gangster rap', 'hip hop', 'pop rap', 'r&b', 'rap', 'southern hip hop', 'trap', 'urban contemporary']	[2017, 2018, 2019, 2020, 2021]	6	6
4VMYDCV2IEDYJArk749S6m	Daddy Yankee	['latin hip hop', 'reggaeton', 'trap latino', 'urbano latino']	[2017, 2018, 2019, 2020]	6	6
5vfmmb3UHpuQWJ55JP9slk	Geko	['manchester hip hop', 'uk hip hop']	[2018, 2019]	6	6
1HwM5zlC5qNWhJtM00yXzG	DMX	['east coast hip hop', 'gangster rap', 'hardcore hip hop', 'hip hop', 'rap']	[2017, 2018, 2021]	6	0
5Mq7iqCWBzofK39FBqblNc	Jessie Ware	['british soul', 'electropop', 'neo soul', 'pop soul', 'uk pop']	[2017, 2018, 2020]	6	1
3KV3p5EY4AvKxOlhGHORLg	Jeremih	['chicago rap', 'pop rap', 'r&b', 'southern hip hop', 'trap', 'urban contemporary']	[2017, 2019, 2020]	6	5
4RnBFZRiMLRyZy0AzzTg2C	Run The Jewels	['alternative hip hop', 'escape room', 'hip hop', 'political hip hop']	[2020]	6	6
57UnSUpae3SbRekxNa5Kgl	El-P	['abstract hip hop', 'alternative hip hop', 'east coast hip hop', 'experimental hip hop']	[2020]	6	6
2rJkmlVHePMo2gk0InTZRS	Vera Lynn	['music hall', 'tin pan alley']	[2020]	6	2
75mafsNqNE1WSEVxIKuY5C	IDLES	['bristol indie', 'crank wave', 'modern rock']	[2020]	6	1
4oLeXFyACqeem2VImYeBFe	Fred again..	['edm', 'house', 'stutter house']	[2020, 2021]	6	6
45dkTj5sMRSjrmBSBeiHym	Tate McRae	['alt z', 'pop']	[2020, 2021, 2022]	6	2
0ksX396B3t2Gt8kwr0BJZk	Fumez The Engineer	['melodic drill', 'uk drill', 'uk hip hop', 'uk melodic rap']	[2020, 2021]	6	6
3bn93QEHOITZ4ARuiZdfRA	Morrisson	['london rap', 'uk hip hop']	[2019, 2020, 2021]	6	6
6USv9qhCn6zfxlBQIYJ9qs	Dominic Fike	['alternative pop rock', 'pov: indie']	[2019, 2020, 2021, 2022]	6	4
6ASri4ePR7RlsvIQgWPJpS	iann dior	['melodic rap']	[2020, 2021, 2022]	6	6
6cK3NBO6uP7hh0oyuVELFl	Saweetie	['cali rap', 'trap queen']	[2020, 2021, 2022]	6	5
5zfEatKLDdRkgbw6sdLBAQ	Octavian	['afroswing', 'london rap', 'uk hip hop']	[2019, 2020, 2021]	6	6
1sLYZv95ZXwVfyGHan5w45	Jaykae	['birmingham grime', 'birmingham hip hop', 'grime', 'uk hip hop']	[2019, 2020, 2021, 2022]	6	6
3tlXnStJ1fFhdScmQeLpuG	Brent Faiyaz	['r&b', 'rap']	[2019, 2020, 2021]	6	4
4IZLJdhHCqAvT4pjn8TLH5	Jme	['grime', 'instrumental grime', 'uk hip hop']	[2017, 2019, 2020]	6	6
1U1el3k54VvEUzo3ybLPlM	Kali Uchis	['colombian pop']	[2017, 2021, 2022]	6	5
3XHO7cRUPCLOr6jwp8vsx5	alt-J	['indie rock', 'indietronica', 'modern alternative rock', 'modern rock', 'rock']	[2017, 2022]	6	0
1ooV8YZC1KbpEcrmI8WH0F	Yebba	['pop soul']	[2017, 2019, 2021]	6	6
4k1ELeJKT1ISyDv8JivPpB	The Prodigy	['big beat', 'breakbeat', 'dance rock', 'hardcore techno', 'rave']	[2019]	6	0
1l8Fu6IkuTP0U5QetQJ5Xt	Fifth Harmony	['girl group', 'pop', 'talent show']	[2017]	6	3
0LyfQWJT6nXafLPZqxe9Of	Various Artists	[]	[2017]	6	0
5iNrZmtVMtYev5M9yoWpEq	Seeb	['pop dance']	[2017, 2018, 2019, 2020, 2021]	5	5
1zuJe6b1roixEKMOtyrEak	Tina Turner	['soft rock']	[2017, 2018, 2020, 2021]	5	1
4YLtscXsxbVgi031ovDDdh	Chris Stapleton	['contemporary country', 'outlaw country']	[2018, 2019, 2021]	5	5
3koiLjNrgRTNbOwViDipeA	Marvin Gaye	['classic soul', 'motown', 'neo soul', 'northern soul', 'quiet storm', 'soul']	[2017, 2018, 2019, 2020, 2021]	5	3
7vk5e3vY1uw9plTHJAMwjN	Alan Walker	['electro house']	[2017, 2018, 2019]	5	3
0SwO7SWeDHJijQ3XNS7xEE	MGMT	['alternative rock', 'indie rock', 'indietronica', 'modern rock', 'rock']	[2017, 2018, 2019, 2021]	5	0
6tbjWDEIzxoDsBA1FuhfPW	Madonna	['dance pop', 'pop']	[2017, 2018, 2020]	5	1
6ywXRaHY7m2DJ0dd7CsLAB	Ramz	['afroswing', 'london rap', 'uk hip hop']	[2017, 2018, 2019]	5	1
0hEurMDQu99nJRq8pTxO14	John Mayer	['neo mellow', 'singer-songwriter']	[2017, 2018, 2019, 2021]	5	1
77AiFEVeAVj2ORpC85QVJs	Steve Aoki	['edm', 'electro house', 'pop dance']	[2017, 2018]	5	5
0IF46mUS8NXjgHabxk2MCM	Kelis	['dance pop', 'hip pop', 'neo soul', 'urban contemporary']	[2017, 2018, 2020, 2021]	5	3
3LxQ9uN2B3DAn7riENlpcQ	Dirtbike Lb	[]	[2018, 2019, 2020, 2021]	5	5
5IHqlcCbQkyhWl0KmIwgeq	Louisa Johnson	['talent show', 'uk pop']	[2017, 2018]	5	3
04vj3iPUiVh5melWr0w3xT	Christine and the Queens	['art pop', 'electro-pop francais', 'metropopolis', 'shimmer pop']	[2017, 2018, 2019, 2021]	5	3
2DlGxzQSjYe5N6G9nkYghR	Jennifer Lopez	['dance pop', 'pop', 'urban contemporary']	[2017, 2018, 2020]	5	3
1cZQSpDsxgKIX2yW5OR9Ot	Lennon Stella	['alt z', 'canadian pop', 'uk pop']	[2018, 2019, 2020]	5	5
039zhJoEkboZ8Ii6K40Fb6	Avelino	['grime', 'uk hip hop']	[2017, 2018, 2019, 2021]	5	5
7oPftvlwr6VrsViSDV7fJY	Green Day	['modern rock', 'permanent wave', 'punk', 'rock']	[2017, 2018, 2019, 2020]	5	0
1oKdM70mJD8VvDOTKeS8t1	Emily Warren	['alt z', 'nyc pop']	[2017, 2018]	5	5
3xcx9CcYTM4M1890B8o9Bp	Donae'o	['azonto', 'grime', 'old school bassline', 'uk funky', 'uk hip hop']	[2017, 2018]	5	5
7hssUdpvtY5oiARaUDgFZ3	Ina Wroldsen	['norwegian pop']	[2017, 2018]	5	5
3EUM35RpJZkmptksMgQyj6	Sneakbo	['afroswing', 'grime', 'london rap', 'uk hip hop']	[2017, 2018, 2019]	5	5
6ydoSd3N2mwgwBHtF6K7eX	Calum Scott	['pop']	[2017, 2018, 2019, 2020, 2021, 2022]	5	1
3KedxarmBCyFBevnqQHy3P	Jessie Reyez	['canadian contemporary r&b', 'canadian pop']	[2017, 2018, 2019, 2020]	5	5
4OBJLual30L7gRl5UkeRcT	T.I.	['atl hip hop', 'dirty south rap', 'gangster rap', 'hip hop', 'pop rap', 'rap', 'southern hip hop', 'trap']	[2017, 2018]	5	5
2jw70GZXlAI8QzWeY2bgRc	Nelly Furtado	['canadian latin', 'canadian pop', 'dance pop', 'pop']	[2017, 2018, 2019, 2020, 2021, 2022]	5	2
57WHJIHrjOE3iAxpihhMnp	Louis Tomlinson	['pop']	[2017, 2018, 2019]	5	2
3ipn9JLAPI5GUEo4y4jcoi	Ludacris	['atl hip hop', 'dance pop', 'dirty south rap', 'hip hop', 'old school atlanta hip hop', 'pop rap', 'rap', 'southern hip hop', 'trap']	[2017, 2018, 2019, 2020]	5	5
3Q8Ow3li2nXzZhRPHMwR7h	Da Beatfreakz	['afroswing', 'uk hip hop']	[2018, 2019, 2020, 2021, 2022]	5	5
0S2dfczvN0sOxEw559snHT	Tiggs Da Author	['uk hip hop', 'uk pop']	[2017, 2018, 2020]	5	5
0jnsk9HBra6NMjO2oANoPY	Flo Rida	['dance pop', 'miami hip hop', 'pop', 'pop rap']	[2017, 2018, 2019, 2020]	5	3
5wPoxI5si3eJsYYwyXV4Wi	N.E.R.D	['hip hop', 'virginia hip hop']	[2017, 2018]	5	4
1W3FSF1BLpY3hlVIgvenLz	The-Dream	['dirty south rap', 'hip pop', 'r&b', 'southern hip hop', 'trap', 'urban contemporary']	[2018, 2019, 2021]	5	5
1LZEQNv7sE11VDY3SdxQeN	Bee Gees	['disco', 'mellow gold', 'soft rock']	[2017, 2018, 2020, 2021]	5	0
1bT7m67vi78r2oqvxrP3X5	Naughty Boy	['uk contemporary r&b']	[2017, 2018]	5	5
3b8QkneNDz4JHKKKlLgYZg	Florida Georgia Line	['contemporary country', 'country', 'country pop', 'country road', 'modern country rock']	[2017, 2018]	5	5
73Np75Wv2tju61Eo9Zw4IR	Idina Menzel	['hollywood', 'movie tunes', 'show tunes']	[2017, 2018, 2019, 2020, 2021]	5	4
4QQgXkCYTt3BlENzhyNETg	Earth, Wind & Fire	['disco', 'funk', 'jazz funk', 'soul']	[2017, 2018, 2019, 2020, 2021, 2022]	5	2
01pKrlgPJhm5dB4lneYAqS	Sigma	['dancefloor dnb', 'house', 'pop dance', 'uk dance']	[2017, 2018]	5	4
43ZHCT0cAZBISjO8DG9PnE	Elvis Presley	['rock-and-roll', 'rockabilly']	[2017, 2018, 2019, 2020, 2021]	5	2
73Msd8rknjBghcGQiZ1mgh	Tom Zanetti	['charva', 'house', 'uk dance']	[2017, 2018, 2020, 2021]	5	3
7rewR1TVjhisjI6gauUamf	The Crystals	['classic girl group', 'doo-wop', 'rock-and-roll']	[2017, 2018, 2019, 2020, 2021]	5	0
3FUY2gzHeIiaesXtOAdB7A	Train	['dance pop', 'neo mellow', 'pop', 'pop rock']	[2017, 2018, 2019, 2020, 2021]	5	0
32vWCbZh0xZ4o9gkz4PsEU	Dolly Parton	['classic country pop', 'country', 'country dawn']	[2017, 2018, 2019, 2020, 2021]	5	3
6nB0iY1cjSY1KyhYyuIIKH	FKA twigs	['afrofuturism', 'alternative r&b', 'art pop', 'escape room', 'experimental r&b', 'trip hop']	[2018, 2019, 2020, 2021]	5	4
1h6Cn3P4NGzXbaXidqURXs	Swedish House Mafia	['edm', 'pop dance', 'progressive electro house']	[2017, 2018, 2019, 2021, 2022]	5	4
0z4gvV4rjIZ9wHck67ucSV	Akon	['dance pop']	[2017, 2020, 2021]	5	5
1ZwdS5xdxEREPySFridCfh	2Pac	['g funk', 'gangster rap', 'hip hop', 'rap', 'west coast rap']	[2017, 2020, 2022]	5	4
2NjfBq1NflQcKSeiDooVjY	Tones And I	['australian pop']	[2019, 2020, 2021, 2022]	5	0
4QSTyDpxsKmv3UfavVUImR	Darkoo	['afrobeats', 'afroswing', 'london rap', 'uk hip hop']	[2019, 2020, 2021, 2022]	5	5
5he5w2lnU9x7JFhnwcekXX	Skrillex	['brostep', 'complextro', 'edm', 'electro', 'pop dance']	[2017, 2019, 2020, 2021]	5	5
687cZJR45JO7jhk1LHIbgq	Tems	['afro r&b', 'afrobeats', 'alte', 'nigerian pop']	[2020, 2021, 2022]	5	5
0H39MdGGX6dbnnQPt6NQkZ	SAINt JHN	['melodic rap', 'slap house']	[2019, 2020, 2021]	5	5
6fWVd57NKTalqvmjRd2t8Z	24kGoldn	['cali rap']	[2020, 2021, 2022]	5	4
4tw2Lmn9tTPUv7Gy7mVPI4	Kenny Rogers	['classic country pop', 'country', 'nashville sound']	[2020]	5	2
3Y7RZ31TRPVadSFVy1o8os	H.E.R.	['r&b', 'rap']	[2019, 2020, 2021]	5	5
5XmuuM2C6t4HSPa3FSuU3h	WanMor	[]	[2020]	5	5
6bwkMlweHsBCpI2a0C5nnN	D Double E	['grime', 'uk hip hop']	[2017, 2019, 2020]	5	5
4ryoUS0W8qXokfMxrlJt6O	Skip Marley	['modern reggae']	[2017, 2019, 2020]	5	5
4VylF3B1rKCL5tdOJ8VL8o	Rv	['uk drill', 'uk hip hop']	[2019, 2020]	5	5
7A8S43ryYdbWpJKeHRZRcq	JACKBOYS	['pop rap']	[2019, 2020]	5	4
601bmA9VRZnMVclsxG7W6T	M24	['uk drill', 'uk hip hop']	[2020, 2021, 2022]	5	5
7wlFDEWiM5OoIAt8RSli8b	YoungBoy Never Broke Again	['baton rouge rap', 'rap']	[2019, 2020, 2021]	5	5
7ltDVBr6mKbRvohxheJ9h1	ROSALÍA	['pop', 'r&b en espanol']	[2019, 2020, 2021]	5	5
3rWZHrfrsPBxVy692yAIxF	WILLOW	['afrofuturism', 'pop', 'post-teen pop', 'pov: indie']	[2020, 2021, 2022]	5	4
1WO1hFAkFbeo9tV3uVX7Dy	A1 x J1	['chill drill', 'melodic drill']	[2021, 2022]	5	4
5PYToRCsrnvikZg3yl2JMr	Stephanie Beatriz	['hollywood', 'movie tunes']	[2021, 2022]	5	4
6U3ybJ9UHNKEdsH7ktGBZ7	JID	['hip hop', 'rap', 'underground hip hop']	[2019, 2021, 2022]	5	5
5RJFJWYgtgWktosLrUDzff	Griff	['uk pop']	[2021, 2022]	5	1
1QOHbhVRpDoNtRkz79si6b	Karen Harding	['house', 'pop dance', 'uk dance']	[2017, 2019, 2021]	5	5
2pAWfrd7WFF3XhVt9GooDL	MF DOOM	['alternative hip hop', 'east coast hip hop', 'hip hop', 'instrumental hip hop']	[2021]	5	5
51Blml2LZPmy7TTiAg47vQ	U2	['irish rock', 'permanent wave', 'rock']	[2017, 2021]	5	1
2snm3HmsnDUDxbIChdl2Oj	Justin Hurwitz	['hollywood', 'movie tunes', 'soundtrack']	[2017]	5	0
3kjuyTCjPG1WMFCiyc5IuB	Arcade Fire	['alternative rock', 'baroque pop', 'canadian indie', 'chamber pop', 'indie rock', 'indietronica', 'modern rock', 'permanent wave', 'quebec indie', 'rock']	[2017]	5	0
5lKZWd6HiSCLfnDGrq9RAm	Leona Lewis	['british soul', 'dance pop', 'pop', 'talent show']	[2017, 2018, 2019, 2020, 2021]	4	1
0uq5PttqEjj3IH1bzwcrXF	Spice Girls	['dance pop', 'girl group', 'pop']	[2017, 2018, 2019, 2021]	4	0
6PXS4YHDkKvl1wkIl4V8DL	Fetty Wap	['new jersey rap', 'pop rap', 'rap', 'southern hip hop', 'trap']	[2017, 2018]	4	4
3hteYQFiMFbJY7wS0xDymP	Gesaffelstein	['dark clubbing']	[2018, 2019, 2021, 2022]	4	4
0oSGxfWSnnOXhD2fKuz2Gy	David Bowie	['art rock', 'classic rock', 'glam rock', 'permanent wave', 'rock']	[2017, 2018, 2019, 2020, 2021]	4	1
72OaDtakiy6yFqkt4TsiFt	Cher	['dance pop', 'pop']	[2018, 2019, 2022]	4	3
1L4nOFaQKejFy75REi9BKh	Christine Baranski	['hollywood']	[2018]	4	4
5Yi0y4bNdc04Oxk9l6nwXa	Julie Walters	['hollywood']	[2018]	4	4
2JLqTvFXmC87BksiCsBezV	Matt Terry	['talent show']	[2017, 2018, 2019]	4	1
0MHgLfmQdutffmvWe5XBTN	Burl Ives	['adult standards', 'american folk revival']	[2017, 2018, 2019, 2020, 2021]	4	0
2lolQgalUvZDfp5vvVtTYV	Tony Bennett	['adult standards', 'easy listening', 'lounge', 'vocal jazz']	[2017, 2018, 2019, 2020, 2021]	4	2
1sbdvBsWSyPAFkq6LU83T8	Fundz	[]	[2018, 2020]	4	4
3NPpFNZtSTHheNBaWC82rB	X Ambassadors	['modern alternative rock', 'modern rock', 'stomp pop']	[2017, 2018]	4	4
4WFtYn5RyU8VGPpPyW9Pxw	M-22	['house', 'pop dance']	[2018, 2019]	4	2
3QSQFmccmX81fWCUSPTS7y	Dean Lewis	['australian pop', 'singer-songwriter pop']	[2018, 2019, 2020, 2021, 2022]	4	1
4STHEaNw4mPZ2tzheohgXB	Paul McCartney	['beatlesque', 'classic rock', 'rock']	[2017, 2018, 2019, 2020, 2021]	4	0
7d3WFRME3vBY2cgoP38RDo	Lil Skies	['melodic rap']	[2018, 2019]	4	3
4H1PNuHElBLVok0lnYMrRb	Dyo	['alte']	[2017, 2018, 2019]	4	4
374sWpAJsbZckf98df2jJJ	Fuse ODG	['afrobeats', 'azonto']	[2017, 2018]	4	4
4cPHsZM98sKzmV26wlwD2W	Brenda Lee	['adult standards', 'easy listening', 'lounge', 'rockabilly']	[2017, 2018, 2019, 2020, 2021]	4	0
49e4v89VmlDcFCMyDv9wQ9	Dean Martin	['adult standards', 'easy listening', 'lounge', 'vocal jazz']	[2017, 2018, 2019, 2020, 2021]	4	0
0TJB3EE2efClsYIDQ8V2Jk	Elbow	['britpop']	[2017, 2018]	4	0
34v5MVKeQnIo0CWYMbbrPf	John Newman	['dance pop']	[2017, 2018, 2021]	4	3
6eYFryfcEu3QSq59D62wZQ	Brendon Urie	[]	[2018, 2019, 2020]	4	4
5e4Dhzv426EvQe3aDb64jL	Shania Twain	['canadian country', 'canadian pop', 'contemporary country', 'country', 'country dawn']	[2017, 2018, 2019, 2020, 2021]	4	1
3qBKjEOanahMxlRojwCzhI	Zacari	[]	[2017, 2018]	4	3
2LAqcqAQ8KPTsl1HBgBrqM	Michelle Williams	['hollywood']	[2017, 2018, 2019]	4	2
6DVipHzYsPlIoA0DW8Gmns	"Royce Da 5'9"""	['detroit hip hop', 'gangster rap', 'hardcore hip hop', 'hip hop']	[2018, 2020]	4	4
5BvJzeQpmsdsFp4HGUYUEx	Vampire Weekend	['baroque pop', 'chamber pop', 'garage rock', 'indie rock', 'indietronica', 'modern rock', 'stomp and holler']	[2017, 2018, 2019]	4	0
5EehXjjMktLuJmbRsM7YfB	Disciples	['house', 'pop dance', 'uk dance']	[2017, 2018]	4	1
1uiEZYehlNivdK3iQyAbye	Tom Misch	['indie soul', 'jazz pop']	[2017, 2018, 2019, 2020]	4	3
2KsP6tYLJlTBvSUxnwlVWa	Mike Posner	['dance pop', 'pop', 'pop rap']	[2017, 2018, 2020, 2021]	4	4
10exVja0key0uqUkk6LJRT	Vance Joy	['folk-pop', 'modern rock']	[2017, 2018, 2019, 2020, 2021, 2022]	4	1
2XnBwblw31dfGnspMIwgWz	Axwell /\ Ingrosso	['edm', 'pop dance', 'progressive electro house']	[2017, 2018]	4	1
6sFIWsNpZYqfjUpaCgueju	Carly Rae Jepsen	['canadian pop', 'dance pop', 'pop']	[2017, 2018, 2019, 2020, 2021]	4	0
5nCi3BB41mBaMH9gfr6Su0	fun.	['baroque pop', 'metropopolis']	[2017, 2018, 2019]	4	1
2LZDXcxJWgsJfKXZv9a5eG	Cashmere Cat	['downtempo', 'electropop', 'shiver pop']	[2017, 2018]	4	4
25u4wHJWxCA9vO0CzxAbK7	Lukas Graham	['danish pop', 'scandipop']	[2017, 2018]	4	0
72luDUYRlE8N8lPSgyhiwo	John Gibbons	['uk dance']	[2017, 2018]	4	1
3XxxEq6BREC57nCWXbQZ7o	Jamie Cullum	['contemporary vocal jazz', 'jazz pop', 'neo mellow']	[2017, 2018, 2019, 2020]	4	0
1gALaWbNDnwS2ECV09sn2A	Nightcrawlers	['disco house', 'hip house', 'uk dance', 'vocal house']	[2017, 2018, 2021, 2022]	4	3
2wpJOPmf1TIOzrB9mzHifd	Scouting For Girls	['talent show']	[2017, 2018, 2019, 2020, 2021, 2022]	4	0
4I53vdZJP1OzinYf615C62	Koomz	['uk desi rap', 'uk hip hop']	[2018, 2019, 2021, 2022]	4	2
1r4hJ1h58CWwUQe3MxPuau	Maluma	['latin pop', 'reggaeton', 'reggaeton colombiano', 'urbano latino']	[2017, 2018, 2019, 2020, 2022]	4	4
4hKkEHkaqCsyxNxXEsszVH	John Travolta	['hollywood']	[2017, 2018, 2019]	4	4
4lDBihdpMlOalxy1jkUbPl	Grey	[]	[2017, 2018, 2019]	4	4
536BYVgOnRky0xjsPT96zl	Two Door Cinema Club	['indie rock', 'indietronica', 'irish rock', 'modern alternative rock', 'modern rock', 'northern irish indie']	[2017, 2018, 2019, 2020, 2021]	4	0
7qlh1IM1XMeQXA9ukp59au	Plan B	[]	[2017, 2018]	4	0
3oDbviiivRWhXwIE8hxkVV	The Beach Boys	['baroque pop', 'classic rock', 'folk rock', 'mellow gold', 'psychedelic rock', 'rock', 'sunshine pop']	[2017, 2018, 2019, 2020, 2021]	4	0
6C1ohJrd5VydigQtaGy5Wa	Joyner Lucas	['boston hip hop', 'hip hop', 'pop rap', 'rap']	[2018, 2019, 2020, 2021]	4	3
1IiTy72Esd2mIfGuvsvdQB	Ay Em	['london rap', 'uk hip hop']	[2018, 2019]	4	4
0TnOYISbd1XYRBk9myaseg	Pitbull	['dance pop', 'miami hip hop', 'pop']	[2017, 2018]	4	3
21E3waRsmPlU7jZsS13rcj	Ne-Yo	['dance pop', 'pop', 'r&b', 'urban contemporary']	[2017, 2018]	4	2
4qBgvVog0wzW75IQ48mU7v	KYLE	['deep underground hip hop', 'indie pop rap', 'pop rap', 'viral trap']	[2017, 2018, 2019]	4	4
2HcwFjNelS49kFbfvMxQYw	Robbie Williams	['dance rock', 'europop']	[2017, 2018]	4	0
4sj6D0zlMOl25nprDJBiU9	Andy Williams	['adult standards', 'easy listening']	[2017, 2018, 2019, 2020, 2021]	4	0
5exS0bytCYdixgv02DaCm3	William Singe	[]	[2017, 2018]	4	4
4VNQWV2y1E97Eqo2D5UTjx	Gorgon City	['future garage', 'house', 'pop dance', 'uk dance']	[2017, 2018, 2019]	4	4
7crPfGd2k81ekOoSqQKWWz	Stevie Nicks	['heartland rock']	[2017, 2018, 2020]	4	3
7pFeBzX627ff0VnN6bxPR4	Desiigner	['pop rap', 'rap', 'southern hip hop', 'trap', 'viral trap']	[2017, 2018]	4	3
1eEfMU2AhEo7XnKgL7c304	Carpenters	['adult standards', 'mellow gold', 'soft rock']	[2017, 2018, 2019, 2020, 2021]	4	0
137W8MRPWKqSmrBGDBFSop	Wiz Khalifa	['hip hop', 'pittsburgh rap', 'pop rap', 'rap', 'southern hip hop', 'trap']	[2017, 2018, 2020, 2021, 2022]	4	4
0qT79UgT5tY4yudH9VfsdT	Sum 41	['alternative metal', 'canadian pop punk', 'canadian punk', 'modern rock', 'nu metal', 'pop punk', 'post-grunge', 'punk', 'rock']	[2017, 2018, 2019]	4	0
0LbLWjaweRbO4FDKYlbfNt	Kaiser Chiefs	['modern rock', 'rock']	[2017, 2018, 2021]	4	0
0A0FS04o6zMoto8OKPsDwY	YG	['cali rap', 'hip hop', 'pop rap', 'rap', 'southern hip hop', 'trap']	[2018, 2019]	4	4
4bL2B6hmLlMWnUEZnorEtG	Felix Jaehn	['edm', 'german dance', 'pop dance', 'tropical house']	[2017, 2018, 2019, 2020, 2021]	4	4
3cR4rhS2hBWqI7rJEBacvN	Leslie Odom Jr.	['broadway', 'show tunes', 'vocal jazz']	[2020]	4	4
2NlKrNMdpYxGjt3Pvw87rC	Europa	['uk dance']	[2019, 2020]	4	4
4fxd5Ee7UefO4CUXgwJ7IP	Giveon	['r&b']	[2020, 2021, 2022]	4	3
0u6GtibW46tFX7koQ6uNJZ	Topic	['german dance', 'pop dance', 'pop edm', 'uk dance']	[2020, 2021, 2022]	4	4
5RmQ8k4l3HZ8JoPb4mNsML	Agust D	['k-rap']	[2020]	4	1
2cnMpRsOVqtPMfq7YiFE6K	Van Halen	['album rock', 'classic rock', 'hard rock', 'rock']	[2020]	4	0
1XLWox9w1Yvbodui0SRhUQ	StaySolidRocky	['melodic rap']	[2020, 2021]	4	2
2FwJwEswyIUAljqgjNSHgP	Snakehips	['electropop']	[2017, 2019, 2020]	4	4
0JYmighF3zbuA81Di54CZN	S-X	['instrumental grime']	[2019, 2020, 2021]	4	4
6ZLTlhejhndI4Rh53vYhrY	Ozzy Osbourne	['album rock', 'alternative metal', 'birmingham metal', 'classic rock', 'glam metal', 'hard rock', 'metal', 'nu metal', 'rock']	[2019, 2020]	4	4
4yvcSjfu4PC0CYQyLy4wSq	Glass Animals	['gauze pop', 'indietronica', 'modern rock', 'pov: indie', 'shiver pop']	[2020, 2021, 2022]	4	0
47mIJdHORyRerp4os813jD	League of Legends	['speedrun', 'video game music']	[2020, 2021, 2022]	4	4
3PyJHH2wyfQK3WZrk9rpmP	Ashnikko	['alt z', 'escape room']	[2020, 2021]	4	2
0id62QV2SZZfvBn9xpmuCl	Aloe Blacc	['pop soul', 'r&b']	[2017, 2019, 2020]	4	3
1gWjcmBsveEYMxOZ0VRi32	Koffee	['dancehall', 'dancehall queen', 'jamaican dancehall']	[2019, 2020]	4	3
3Fl1V19tmjt57oBdxXKAjJ	Blueface	['cali rap', 'rap']	[2019, 2020]	4	3
45gHcnDnMC15sgx3VL7ROG	42 Dugg	['detroit trap', 'trap']	[2020, 2021]	4	4
60rpJ9SgigSd16DOAG7GSa	Billy Ray Cyrus	['country rock']	[2019, 2020]	4	4
20gsENnposVs2I4rQ5kvrf	Sam Feldt	['edm', 'pop dance', 'tropical house']	[2017, 2019, 2020]	4	4
5xi3SZpllRPAkoPVbjB6nc	JLS	['boy band', 'talent show']	[2017, 2020, 2021]	4	0
2gduEC76ry33RVurAvT05p	Nathan Dawe	['pop dance', 'uk dance']	[2020, 2021]	4	4
4TvhRzxIL1le2PWCeUqxQw	The Blessed Madonna	[]	[2020, 2021]	4	4
45TgXXqMDdF8BkjA83OM7z	Rod Wave	['florida rap']	[2020, 2021]	4	3
0KuF7reCTOZwV7YJnHQqgr	The Neptunes	[]	[2020, 2021]	4	4
0lAWpj5szCSwM4rUMHYmrr	Måneskin	['indie rock italiano', 'italian pop', 'pop']	[2021, 2022]	4	0
2uYWxilOVlUdk4oV9DvwqK	Mitski	['brooklyn indie', 'pov: indie']	[2021, 2022]	4	0
5SRr4ZJMoygWecytkIwlaV	Bad Boy Chiller Crew	['charva', 'indie hip hop']	[2021, 2022]	4	1
2auiVi8sUZo17dLy1HwrTU	Solange	['afrofuturism', 'alternative r&b', 'r&b', 'urban contemporary']	[2019]	4	0
2yEwvVSSSUkcLeSTNyHKh8	TOOL	['alternative metal', 'art rock', 'nu metal', 'progressive metal', 'progressive rock', 'rock']	[2019]	4	0
21UJ7PRWb3Etgsu99f8yo8	Stereophonics	['britpop', 'modern rock', 'welsh rock']	[2017, 2019, 2021]	4	0
3AVfmawzu83sp94QW7CEGm	Astrid S	['alt z', 'norwegian pop', 'pop', 'uk pop']	[2017, 2019]	4	2
3J0BpFVUc9LeOIVeN5uNhU	Lauren Jauregui	['r&b']	[2017, 2019]	4	3
2WoVwexZuODvclzULjPQtm	Sampha	['alternative r&b', 'indie soul']	[2017, 2019]	4	2
5SXuuuRpukkTvsLuUknva1	Baby Keem	['hip hop', 'rap']	[2021]	4	4
17UkABEasVRlCcIFZ3wHb7	Steps	['diva house', 'europop', 'talent show']	[2017]	4	0
0cmWgDlu9CwTgxPhf403hb	Bonobo	['downtempo', 'electronica', 'indietronica', 'instrumental hip hop', 'jazztronica', 'nu jazz', 'trip hop']	[2017]	4	1
4pejUc4iciQfgdX6OKulQn	Queens of the Stone Age	['alternative metal', 'alternative rock', 'grunge', 'modern rock', 'nu metal', 'palm desert scene', 'rock', 'stoner metal', 'stoner rock']	[2017]	4	0
68Uwx1d3EbjDJhYsLjqvIq	Emma Stone	['hollywood']	[2017]	4	3
4YXycRbyyAE0wozTk7QMEq	Matoma	['pop dance', 'tropical house']	[2017]	4	4
4GCwfakdZdo3KkBNtzU5vn	MIMI	[]	[2017]	4	4
6t1gpxYbY8OlLA7D2RiikQ	Loud Luxury	['edm', 'pop dance']	[2018, 2019, 2020]	3	3
4Q5MS10mWfrDyiXVeAAzVd	T2	['bass house', 'old school bassline', 'uk garage']	[2017, 2018, 2019]	3	1
5TDVKqW9uhqGjwwwKGuma4	All Saints	['dance pop', 'europop', 'girl group', 'new wave pop']	[2017, 2018]	3	0
1mG23iQeR29Ojhq89D5gbh	DJ Jazzy Jeff & The Fresh Prince	['golden age hip hop', 'old school hip hop', 'philly rap']	[2017, 2018, 2019, 2020]	3	0
4RSyJzf7ef6Iu2rnLdabNq	Willy William	[]	[2017, 2018]	3	3
16oZKvXb6WkQlVAjwo2Wbg	The Lumineers	['folk-pop', 'modern rock', 'neo mellow', 'stomp and holler']	[2018, 2019, 2020, 2021, 2022]	3	0
77DAFfvm3O9zT5dIoG0eIO	Kyla	['uk funky']	[2017, 2018, 2019, 2020, 2021, 2022]	3	3
75jNCko3SnEMI5gwGqrbb8	Tammi Terrell	['classic soul', 'motown', 'soul', 'southern soul']	[2017, 2018, 2019, 2020, 2021]	3	3
4S9EykWXhStSc15wEx8QFK	Céline Dion	['canadian pop']	[2017, 2018, 2019, 2020, 2021]	3	0
4q3ewBCX7sLwd24euuV69X	Bad Bunny	['reggaeton', 'trap latino', 'urbano latino']	[2018, 2019, 2020]	3	3
2RDOrhPqAM4jzTRCEb19qX	Sheck Wes	['pop rap', 'rap', 'trap']	[2018, 2019, 2020]	3	1
5KEG7G8LDYlHgFDqZyEEs2	Chris Rea	['soft rock', 'sophisti-pop']	[2017, 2018, 2019, 2020, 2021]	3	0
520qA5VGL9iI0SbmEnTVNg	Maleek Berry	['afrobeats', 'afropop', 'azontobeats', 'nigerian pop', 'swedish dancehall', 'uk dancehall']	[2018]	3	3
711MCceyCBcFnzjGY4Q7Un	AC/DC	['australian rock', 'hard rock', 'rock']	[2017, 2018, 2019, 2020, 2021]	3	0
6wbpT3ouvjUUWqKWJ5iQ9z	Pierce Brosnan	['hollywood']	[2018]	3	3
5U2zidY0OdTB6P5axinwOZ	Jessica Keenan Wynn	[]	[2018]	3	3
30o4QIjXJukHg0IGC93AV1	Alexa Davies	['show tunes']	[2018]	3	3
46sPwUO4mwBrA1wnSK83tl	Hugh Skinner	['hollywood', 'movie tunes']	[2018]	3	3
5EvFsr3kj42KNv97ZEnqij	Shaggy	['dance pop', 'pop rap', 'reggae fusion']	[2017, 2018, 2019]	3	3
67wCYxOq4A1ohAs7jWYaOJ	Rik Rok	['reggae fusion']	[2017, 2018, 2019]	3	3
5Qw4JF4JAKGi7PDNwNtRRM	Dr Vades	['uk alternative hip hop']	[2017, 2018, 2019]	3	3
5lpH0xAS4fVfLkACg9DAuM	Wham!	['new romantic', 'new wave', 'new wave pop', 'soft rock']	[2017, 2018, 2019, 2020, 2021, 2022]	3	0
15qI5w4XJFLRMwOp2VrlD5	The Saturdays	['dance pop', 'girl group', 'post-teen pop', 'talent show']	[2017, 2018]	3	2
5T0MSzX9RC5NA6gAI6irSn	Estelle	['neo soul', 'r&b']	[2017, 2018, 2019, 2020, 2021, 2022]	3	3
4D75GcNG95ebPtNvoNVXhz	AFROJACK	['big room', 'dance pop', 'dutch house', 'edm', 'electro house', 'pop dance', 'progressive electro house']	[2017, 2018]	3	3
2vf4pRsEY6LpL5tKmqWb64	Elderbrook	[]	[2017, 2018, 2019]	3	2
58lV9VcRSjABbAbfWS6skp	Bon Jovi	['glam metal', 'rock']	[2017, 2018, 2021, 2022]	3	0
68kEuyFKyqrdQQLLsmiatm	Vince Staples	['conscious hip hop', 'hip hop', 'rap', 'underground hip hop']	[2017, 2018]	3	3
6ltzsmQQbmdoHHbLZ4ZN25	Lord Huron	['indie folk', 'modern rock', 'stomp and holler']	[2017, 2018, 2021, 2022]	3	0
77tT1kLj6mCWtFNqiOmP9H	Daryl Hall & John Oates	['album rock', 'classic rock', 'heartland rock', 'mellow gold', 'rock', 'singer-songwriter', 'soft rock', 'yacht rock']	[2017, 2018, 2019, 2020, 2021]	3	0
0M42FTSaBb8W0laID5CR0U	EO	['afroswing', 'uk hip hop']	[2018, 2019]	3	2
4VZY0nxYMSNotbS7WjNVQy	Nyla	[]	[2017, 2018]	3	3
2cGwlqi3k18jFpUyTrsR84	The Verve	['britpop', 'permanent wave', 'rock', 'shoegaze']	[2017, 2018, 2021]	3	0
0YWxKQj2Go9CGHCp77UOyy	Fabolous	['gangster rap', 'hip hop', 'pop rap', 'rap', 'trap', 'urban contemporary']	[2018, 2019, 2020]	3	3
1GLtl8uqKmnyCWxHmw9tL4	The Kooks	['brighton indie', 'garage rock', 'modern rock', 'rock']	[2017, 2018, 2019, 2020, 2021, 2022]	3	0
3Z02hBLubJxuFJfhacLSDc	Bryan Adams	['canadian pop', 'canadian singer-songwriter', 'classic canadian rock', 'heartland rock', 'mellow gold', 'soft rock']	[2017, 2018, 2019, 2020, 2021, 2022]	3	0
21LGsW7bziR4Ledx7WZ1Wf	Johnny Mathis	['adult standards', 'easy listening']	[2017, 2018, 2019, 2020, 2021]	3	2
3jHBxvZ9gbBkZ17wKUqVsO	Kent Jones	['miami hip hop', 'viral trap']	[2017, 2018]	3	2
0LyOADBjj28cbvJWTXUEGA	Loren Allred	['deep talent show', 'hollywood', 'movie tunes']	[2017, 2018, 2019, 2020]	3	0
3dRfiJ2650SZu6GbydcHNb	John Williams	['orchestral soundtrack', 'soundtrack']	[2017, 2018, 2019, 2020, 2021]	3	3
3y24n3XhZ96wgwRXjvS17T	Coolio	['g funk', 'gangster rap', 'hip hop', 'west coast rap']	[2017, 2018, 2021, 2022]	3	3
2LhsePRtgCo4THVKULQBL7	L.V.	[]	[2017, 2018, 2021, 2022]	3	3
4fUHIq4b5WARbnYXe2UH2x	AJ	['uk melodic rap']	[2018, 2019]	3	3
0gadJ2b9A4SKsB1RFkBb66	Passenger	['folk-pop', 'neo mellow']	[2017, 2018, 2019, 2020, 2021, 2022]	3	0
43BxCL6t4c73BQnIJtry5v	James Hype	['deep groove house', 'pop dance', 'uk dance']	[2017, 2018, 2021]	3	3
0m6f0nNS9GEq41eIJ288ff	Kelli-Leigh	['uk pop']	[2017, 2018]	3	3
4fpTMHe34LC5t3h5ztK8qu	The Carters	['r&b']	[2018]	3	0
28y6CyJNkGNjJQKrlx4AmN	HRVY	['pop']	[2018]	3	2
3OqTvcWgb0xaainosGVvuZ	Gala	['eurodance', 'italo dance']	[2017, 2018, 2021]	3	0
5jAMCwdNHWr7JThxtMuEyy	NOTD	['electropop', 'pop dance', 'pop edm']	[2018, 2019]	3	3
1o2NpYGqHiCq7FoiYdyd1x	Bea Miller	['alt z', 'pop', 'talent show']	[2018, 2020]	3	3
0CkbPVBpOwwz9NPPglFKyq	RAY BLK	['alternative r&b', 'electra', 'uk contemporary r&b']	[2017, 2018, 2019]	3	3
7qG3b048QCHVRO5Pv1T5lw	Enrique Iglesias	['dance pop', 'latin pop', 'mexican pop']	[2017, 2018]	3	2
3RwQ26hR2tJtA8F9p2n7jG	The Temptations	['memphis soul', 'motown', 'soul']	[2017, 2018, 2019, 2021, 2022]	3	0
3nohf4qILMr5aUSOsolwxB	Jona Lewie	['new wave pop']	[2017, 2018, 2019, 2020, 2021]	3	0
38EmEgXkgK51MT2tPY0EoC	Bobby Helms	[]	[2017, 2018, 2019, 2020, 2021]	3	0
3NRFinRTEqUCfaTTZmk8ek	Savage Garden	['boy band', 'dance pop', 'pop rock']	[2017, 2018]	3	0
67MNhiAICFY6Pwc2YxCO0K	Elley Duhé	['alt z']	[2018, 2022]	3	2
7Ey4PD4MYsKc5I2dolUwbH	Aerosmith	['album rock', 'classic rock', 'hard rock', 'rock']	[2017, 2018, 2021]	3	1
57AKOY1SF1062tuVzgAPv8	The Waitresses	['new wave pop']	[2017, 2018, 2019, 2020, 2021]	3	0
4LcUpNlXFEleaLlelmkv2R	Kris Kross Amsterdam	['dutch house', 'dutch pop']	[2017, 2018]	3	3
6mU8ucezzms5I2kNH6HNlu	Conor Maynard	['post-teen pop', 'uk pop', 'viral pop']	[2017, 2018]	3	3
2RpHsROrX075xfIwHn6B2U	Chris de Burgh	['new wave pop', 'soft rock']	[2017, 2018, 2019, 2020, 2021]	3	0
6ueGR6SWhUJfvEhqkvMsVs	Janelle Monáe	['afrofuturism', 'alternative r&b', 'atl hip hop', 'neo soul', 'r&b']	[2017, 2018, 2019]	3	2
0uGk2czvcpWQA383Im6ajf	Maggie Lindemann	['alt z', 'dark pop', 'pop']	[2017, 2018, 2020]	3	3
02A3cEvlLLCbIMVDrK2GHV	Starley	['aussietronica']	[2017, 2018]	3	2
20s0P9QLxGqKuCsGwFsp7w	Mario	['dance pop', 'r&b', 'southern hip hop', 'urban contemporary']	[2017, 2018, 2019, 2021]	3	1
4BoRxUdrcgbbq1rxJvvhg9	Olivia Newton-John	['adult standards', 'australian dance', 'disco', 'mellow gold', 'soft rock']	[2017, 2018, 2019]	3	3
3CjlHNtplJyTf9npxaPl5w	CHVRCHES	['indietronica', 'metropopolis', 'neo-synthpop', 'shimmer pop']	[2018, 2019]	3	1
6VXB0WH4MfmhZyongoEYZr	Crazy Cousinz	['uk funky']	[2017, 2018, 2019]	3	3
6lHL3ubAMgSasKjNqKb8HF	Mýa	['contemporary r&b', 'hip pop', 'r&b', 'urban contemporary']	[2017, 2018, 2019]	3	3
5JYo7gm2dkyLLlWHjxS7Dy	Sandro Cavazza	['swedish pop']	[2017, 2018, 2019, 2020]	3	3
6mQfAAqZGBzIfrmlZCeaYT	Chaka Khan	['disco', 'funk', 'neo soul', 'quiet storm', 'soul']	[2017, 2018]	3	2
2oZq6t5DkE2BdGbD6x8RXh	Stay Flee Get Lizzy	['nottingham hip hop', 'uk hip hop']	[2018, 2019, 2021]	3	3
12EtLdLfJ41vUOoVzPZIUy	Girls Aloud	['dance pop', 'europop', 'girl group', 'talent show']	[2017, 2018]	3	0
18SBju6wBZGpevPcsWMAM3	Rockwell	[]	[2017, 2018, 2019, 2020, 2021]	3	0
61lyPtntblHJvA7FMMhi7E	Duke Dumont	['edm', 'house', 'pop dance', 'progressive house', 'uk dance']	[2017, 2018]	3	3
4d3yvTptO48nOYTPBcPFZC	Eve	['contemporary r&b', 'dance pop', 'hip pop', 'philly rap', 'r&b', 'urban contemporary']	[2017, 2018]	3	2
0ECwFtbIWEVNwjlrfc6xoL	Eagles	['album rock', 'classic rock', 'heartland rock', 'mellow gold', 'rock', 'soft rock', 'yacht rock']	[2017, 2018, 2020, 2021]	3	0
4x1nvY2FN8jxqAFA0DA02H	John Lennon	['beatlesque', 'classic rock', 'rock']	[2017, 2018, 2019, 2020, 2021]	3	2
0L8ExT028jH3ddEcZwqJJ5	Red Hot Chili Peppers	['alternative rock', 'funk metal', 'funk rock', 'permanent wave', 'rock']	[2017, 2018, 2019, 2020, 2022]	3	0
164hs3x1Tsp3FgJWNHee1r	The Citizens of Halloween	['halloween']	[2017, 2018, 2019, 2020]	3	0
0QJIPDAEDILuo8AIq3pMuU	M.I.A.	['escape room', 'indietronica', 'new rave']	[2017, 2018, 2020]	3	1
0B3N0ZINFWvizfa8bKiz4v	James TW	['british singer-songwriter']	[2017, 2018, 2019, 2020]	3	0
1svaANJTE5KrG16fTGDqOs	The Puppini Sisters	['easy listening', 'swing', 'swing revival']	[2017, 2018, 2019, 2020, 2021]	3	3
2UZMlIwnkgAEDBsw1Rejkn	Tom Petty	['album rock', 'classic rock', 'hard rock', 'heartland rock', 'mellow gold', 'rock', 'singer-songwriter', 'soft rock']	[2017, 2018]	3	0
48Zl8yw6YhIsymNwvNMlnM	Haile	[]	[2018, 2020]	3	3
41qil2VaGbD194gaEcmmyx	Will Smith	['hip hop', 'pop rap']	[2017, 2018, 2019]	3	0
0wi4yTYlGtEnbGo4ltZTib	Shakin' Stevens	['classic uk pop', 'rockabilly']	[2017, 2018, 2019, 2020, 2021]	3	0
293zczrfYafIItmnmM3coR	Chuck Berry	['blues', 'blues rock', 'classic rock', 'rock', 'rock-and-roll', 'rockabilly', 'soul']	[2017, 2018, 2019, 2020, 2021]	3	0
6Ff53KvcvAj5U7Z1vojB5o	*NSYNC	['boy band', 'dance pop', 'pop']	[2017, 2018, 2019, 2020, 2021]	3	0
2txHhyCwHjUEpJjWrEyqyX	Tom Odell	['chill pop']	[2017, 2018, 2021, 2022]	3	0
0xOeVMOz2fVg5BJY3N6akT	Jaden	['pop rap', 'rap']	[2017, 2018]	3	2
26AHtbjWKiwYzsoGoUZq53	Pentatonix	['a cappella', 'viral pop']	[2018, 2019, 2020, 2021]	3	0
0oJM3iJjMdzgsd4z5VHQvw	Professor Green	['grime']	[2017, 2018, 2019]	3	3
1tqhsYv8yBBdwANFNzHtcr	Lil Dicky	['comedy rap', 'indie pop rap', 'pop rap']	[2018, 2019, 2020]	3	2
5Z1CCuBsyhEHngq3U5IraY	Westlife	['boy band']	[2017, 2018, 2019]	3	0
3yDIp0kaq9EFKe07X1X2rz	Nile Rodgers	['disco']	[2017, 2018, 2021]	3	3
550Zxz0BTZi3yd8gX9QINw	iLL BLU	['uk funky', 'uk hip hop']	[2018, 2020]	3	3
5v8jlSmAQfrkTjAlpUfWtu	Perry Como	['adult standards', 'easy listening']	[2017, 2018, 2019, 2020, 2021]	3	2
74KM79TiuVKeVCqs8QtB0B	Sabrina Carpenter	['pop']	[2018, 2019, 2021]	3	2
790FomKkXshlbRYZFtlgla	KAROL G	['reggaeton', 'reggaeton colombiano', 'trap latino', 'urbano latino']	[2019, 2020]	3	3
4G5ZJny3HvX6Il7eHVfnNC	Fatoumata Diawara	['afropop', 'desert blues', 'malian blues', 'mande pop', 'wassoulou', 'world']	[2020]	3	3
5xkFVS6IwwgHEAaRzXc9U3	Tay Keith	['memphis hip hop']	[2020, 2021]	3	3
1Pm6hTRjgSkT3B4FCQpW4g	Meekz	['manchester hip hop', 'uk hip hop']	[2020, 2021]	3	0
6EPlBSH2RSiettczlz7ihV	Sleepy Hallow	['brooklyn drill', 'nyc rap']	[2020, 2021, 2022]	3	2
6trIghKwHRUyxwvm66HLHH	Fousheé	['indie r&b']	[2020]	3	2
290nCNEce1y6rfoJiO2rK7	Pa Salieu	['afroswing', 'uk alternative hip hop', 'uk hip hop']	[2020, 2021]	3	3
0Y3agQaa6g2r0YmHPOO9rh	Davido	['afrobeats', 'afropop', 'azontobeats', 'ghanaian hip hop', 'nigerian pop']	[2020, 2021]	3	3
50y1BeMwfz8MCB3YfH9qoj	Tobi & Manny	[]	[2020, 2021]	3	2
6Gk5hoM7eW8NSCYhICMDHw	Zak Abel	['uk contemporary r&b']	[2017, 2020]	3	2
7i9j813KFoSBMldGqlh2Z1	Riton	['house', 'pop dance', 'uk dance']	[2019, 2020, 2021, 2022]	3	3
5nki7yRhxgM509M5ADlN1p	Oliver Heldens	['dutch house', 'edm', 'electro house', 'future house', 'house', 'pop dance', 'progressive electro house', 'progressive house']	[2017, 2019, 2020]	3	3
7LvoDJUNGnOrPdGRzVtOJ9	Young M.A	['alternative r&b', 'lgbtq+ hip hop', 'nyc rap', 'rap', 'trap']	[2020, 2021]	3	3
6LXRvV2OAtXF7685fzh3mj	Rowdy Rebel	['nyc rap']	[2020, 2021]	3	3
41X1TR6hrK8Q2ZCpp2EqCz	bbno$	['canadian hip hop', 'dark trap', 'meme rap']	[2019, 2020, 2022]	3	3
2jItxZsB8PA3vday7b0RLT	Poundz	['uk drill', 'uk hip hop']	[2019, 2020]	3	1
7Eu1txygG6nJttLHbZdQOh	Four Tet	['electronica', 'folktronica', 'indietronica', 'intelligent dance music', 'trip hop']	[2020]	3	0
3jk39CGeaaSO3FPKNx1RUx	Syd	['alternative r&b', 'lgbtq+ hip hop']	[2020, 2021]	3	3
1YfEcTuGvBQ8xSD1f53UnK	Busta Rhymes	['east coast hip hop', 'hardcore hip hop', 'hip hop', 'pop rap', 'rap']	[2017, 2019, 2020]	3	3
6eVWXmKBW7Iltub01D9R1c	Valerie Broussard	['bossbeat', 'modern alternative pop']	[2019, 2020]	3	3
21dooacK2WGBB5amYvKyfM	Smokepurpp	['melodic rap', 'miami hip hop', 'trap', 'underground hip hop']	[2020]	3	3
4E0mDf341TLViBbNefSrsK	Blade Brown	['grime', 'uk hip hop']	[2019, 2020]	3	3
6wPhSqRtPu1UhRCDX5yaDJ	The Pussycat Dolls	['dance pop', 'girl group', 'pop']	[2017, 2019, 2020]	3	2
3KNIG74xSTc3dj0TRy7pGX	Yung Bleu	['alabama rap', 'trap']	[2020, 2021, 2022]	3	3
2aAHdB5HweT3mFcRzm0swc	Glenn Miller	['adult standards', 'big band', 'dixieland', 'easy listening', 'jazz trombone', 'lounge', 'swing', 'vocal jazz']	[2020]	3	0
4Uc8Dsxct0oMqx0P6i60ea	Conan Gray	['bedroom pop', 'pop', 'pov: indie']	[2020, 2021]	3	0
2nm38smINjms1LtczR0Cei	Goodboys	['pop dance', 'uk dance']	[2019, 2020, 2021]	3	3
5dHt1vcEm9qb8fCyLcB3HL	A$AP Ferg	['hip hop', 'pop rap', 'rap', 'southern hip hop', 'trap']	[2017, 2020, 2021]	3	2
29WzbAQtDnBJF09es0uddn	Corinne Bailey Rae	['british soul', 'neo soul', 'pop soul', 'soul']	[2017, 2019, 2020, 2021]	3	0
0bzfPKdbXL5ezYW2z3UGQj	Michael Kiwanuka	['british soul', 'neo soul', 'psychedelic soul', 'soul']	[2017, 2019, 2020]	3	0
3Lpx3ZSrsLeaVD9zKtGPiG	Chunkz	[]	[2020, 2021]	3	3
3OEJ7D4RwbnNFuG9JczKEa	Yung Filly	['london rap', 'uk hip hop']	[2020, 2021]	3	2
4ofCBoyEiGSePFAG500xev	Regard	['pop dance', 'pop edm', 'slap house', 'uk dance']	[2019, 2020, 2021]	3	2
3qU8FknDwUosQnzmUZrrST	iceè tgm	[]	[2020]	3	3
2uaGbYYR6MVKSR371T3a7p	Frosty	['uk drill', 'uk hip hop']	[2020]	3	3
3tJoFztHeIJkJWMrx0td2f	Moneybagg Yo	['memphis hip hop', 'rap', 'southern hip hop', 'tennessee hip hop', 'trap']	[2020, 2021, 2022]	3	3
2OEGI2wrCVmvavKEOMlccy	Phillipa Soo	['broadway', 'show tunes']	[2020]	3	3
5yPzzu25VzEk8qrGTLIrE1	Young Nudy	['pluggnb', 'rap', 'trap']	[2019, 2020]	3	3
77SW9BnxLY8rJ0RciFqkHh	The Neighbourhood	['modern alternative rock', 'modern rock', 'pop', 'pov: indie']	[2020, 2021, 2022]	3	0
0NbfKEOTQCcwd6o7wSDOHI	The Game	['gangster rap', 'hip hop', 'pop rap', 'rap', 'southern hip hop', 'trap']	[2020, 2022]	3	3
7mEIug7XUlQHikrFxjTWes	Neil Diamond	['adult standards', 'brill building pop', 'folk rock', 'heartland rock', 'mellow gold', 'singer-songwriter', 'soft rock', 'yacht rock']	[2017, 2019, 2020, 2021, 2022]	3	0
49tQo2QULno7gxHutgccqF	LANY	['la pop']	[2017, 2019, 2020]	3	2
1rHOtdmGNr5vcYNw5v7QGC	Kenny Beats	['indie hip hop', 'trap', 'underground hip hop']	[2020]	3	3
7arQA31aZVS8yS6zUveWzb	CJ	['nyc rap']	[2020, 2021]	3	0
0GM7qgcRCORpGnfcN2tCiB	Tainy	['pop reggaeton', 'reggaeton', 'trap latino', 'urbano latino']	[2019, 2020, 2021]	3	3
4Euia7UzdRshy1DJOSMTcs	220 KID	['uk dance']	[2020, 2021]	3	3
7KkqUt65v6LMtR369OQ6FB	Jonathan Groff	['broadway', 'hollywood', 'movie tunes', 'show tunes']	[2019, 2020]	3	2
5Nf5yishRW9Ye174sJISkg	London On Da Track	['atl hip hop']	[2019, 2020]	3	3
4ZhFCxPekpmV12n2xMeF2z	Ink	[]	[2019, 2020]	3	3
0SCbttzoZTnLFebDYmAWCm	Glee Cast	['glee club', 'post-teen pop']	[2017, 2019, 2020]	3	1
4ktBrNjagCGftyuBLJkATq	Wes Nelson	[]	[2020, 2021, 2022]	3	3
4CA8PTrbq1l5IgyvBA2JSV	Paul Woolford	['house', 'uk dance', 'uk house']	[2020, 2021]	3	3
05KDKIpxshxrB9BMewaCBW	Love Regenerator	[]	[2020, 2021]	3	3
5lVNSw2GPci8kebrAQpZqU	Eli Brown	['house', 'tech house', 'uk dance']	[2019, 2020, 2021]	3	3
7yntSJ6uojO3z6GFUVwhAW	CORPSE	['pov: indie']	[2020, 2021]	3	3
4ytkhMSAnrDP8XzRNlw9FS	Vince Guaraldi Trio	['jazz trio']	[2017, 2020, 2021]	3	0
0YinUQ50QDB7ZxSCLyQ40k	Mustard	['cali rap', 'pop rap', 'rap', 'southern hip hop', 'trap']	[2019, 2020, 2021]	3	3
4rTv3Ejc7hKMtmoBOK1B4T	Ali Gatie	['canadian hip hop']	[2019, 2020]	3	0
3xLU748QxpTmIVaiNXXg0P	Encanto - Cast	['movie tunes']	[2021, 2022]	3	3
5me0Irg2ANcsgc93uaYrpb	The Notorious B.I.G.	['east coast hip hop', 'gangster rap', 'hardcore hip hop', 'hip hop', 'rap']	[2017, 2021, 2022]	3	1
7GDrXlpRrdG29o4n0pNR5D	Bru-C	['bassline', 'charva', 'nottingham hip hop']	[2021, 2022]	3	2
5AiY4bxeXerLXx03JADdQv	Buni	['uk drill']	[2021, 2022]	3	3
5QdEbQJ3ylBnc3gsIASAT5	G Herbo	['chicago drill', 'chicago rap', 'drill', 'rap', 'trap']	[2021, 2022]	3	3
20cmhoGvN0eyzhmsHJH1Mg	Luude	['aussietronica']	[2021, 2022]	3	3
5mxB08ktCukEhGMg2YZeEv	Colin Hay	['solo wave']	[2021, 2022]	3	3
57vWImR43h4CaDao012Ofp	Steve Lacy	['afrofuturism']	[2017, 2021, 2022]	3	2
1iNqsUDUraNWrj00bqssQG	Dreamville	['hip hop', 'pop rap', 'rap', 'underground hip hop']	[2019]	3	3
74V3dE1a51skRkdII8y2C6	André 3000	['atl hip hop', 'dirty south rap', 'hip hop', 'southern hip hop']	[2019, 2021]	3	3
0EeQBlQJFiAfJeVN2vT9s0	Nipsey Hussle	['conscious hip hop', 'gangster rap', 'hip hop', 'pop rap', 'rap', 'southern hip hop', 'trap']	[2019]	3	3
2fVW2ix4ANKiofDZIsy1XR	Vargas & Lagola	['swedish pop']	[2019]	3	3
3jNkaOXasoc7RsxdchvEVq	Chase & Status	['dancefloor dnb', 'drum and bass', 'uk dance']	[2017, 2019]	3	3
1uU7g3DNSbsu0QjSEqZtEd	Masked Wolf	['australian hip hop']	[2021]	3	0
2RVvqRBon9NgaGXKfywDSs	Maisie Peters	['alt z', 'uk pop']	[2017, 2021]	3	0
46MWeeHNVMYRIIofQBEX98	BEAM	['trap soul']	[2021]	3	3
3EW0kQ1skZiK1NHg3Spt9J	Takeoff	['atl hip hop', 'rap', 'trap']	[2017, 2021]	3	3
3NbqBIc16CNAe5nYSmHR3p	JAE5	['afrobeats']	[2017, 2021]	3	3
6LArUyIoMiHmDvvOAsE2cd	Dream	['pixel', 'pov: indie']	[2021]	3	2
6JMHws5haIO6V35YNYDnDw	Atomic Kitten	['candy pop', 'dance pop', 'europop', 'girl group']	[2017, 2021]	3	0
6V3F8MZrOKdT9fU686ybE9	Mark Morrison	['british soul']	[2017, 2021]	3	2
4kIwETcbpuFgRukE8o7Opx	Arlo Parks	['indie soul', 'uk contemporary r&b']	[2021]	3	0
1XgFuvRd7r5g0h844A5ZUQ	Take That	['boy band', 'europop', 'talent show']	[2017]	3	0
6d47Z08T4snK50HgTEHo5Z	Sage The Gemini	['hyphy', 'pop rap', 'southern hip hop', 'trap']	[2017]	3	1
5Tz4zMiRWqiQVAymWZz99a	Zebra Katz	['escape room', 'lgbtq+ hip hop', 'vogue']	[2017]	3	3
6kXm2YCtdUOpRYNKeKhfue	Ryan Gosling	['hollywood']	[2017]	3	2
3Gm5F95VdRxW3mqCn8RPBJ	Aminé	['pop rap', 'portland hip hop', 'rap', 'underground hip hop']	[2017]	3	0
0NIIxcxNHmOoyBx03SfTCD	Tinashe	['alternative r&b', 'dance pop', 'metropopolis', 'pop', 'r&b', 'urban contemporary']	[2017]	3	2
5M0lbkGluOPXLeFjApw8r8	DRAM	['pop rap', 'trap', 'underground hip hop', 'viral trap', 'virginia hip hop']	[2017]	3	3
6J7biCazzYhU3gM9j1wfid	Jamiroquai	['dance pop']	[2017]	3	0
1Oa0bMld0A3u5OTYfMzp5h	Nate Dogg	['g funk', 'gangster rap', 'hardcore hip hop', 'hip hop', 'west coast rap']	[2017, 2018, 2019, 2020, 2022]	2	2
37Qsf5KCKljH7mL134xp4k	Saudi	['south african hip hop']	[2018]	2	2
5uEeqYFuIChoWKy34jp8xE	Brando	['dance pop', 'pop dance']	[2018, 2019, 2020]	2	2
6wMr4zKPrrR0UVz08WtUWc	Black Coffee	['south african house', 'south african pop', 'south african pop dance']	[2017, 2018]	2	2
6beUvFUlKliUYJdLOXNj9C	King Princess	['alt z', 'indie pop', 'nyc pop']	[2018, 2019]	2	1
7LnaAXbDVIL75IVPnndf7w	Jamie Foxx	['contemporary r&b', 'hip pop', 'r&b', 'southern hip hop', 'trap', 'urban contemporary']	[2017, 2018, 2019, 2020, 2022]	2	2
7FBcuc1gsnv6Y1nwFtNRCb	My Chemical Romance	['emo', 'modern rock', 'pop punk', 'pov: indie', 'rock']	[2018, 2019, 2021]	2	0
2nvKpWcP8etYTq4JrRiUiy	Cliff Richard	['adult standards', 'rock-and-roll']	[2017, 2018, 2019, 2020, 2021]	2	0
1VJ0briNOlXRtJUAzoUJdt	FISHER	['australian house', 'house']	[2018, 2019]	2	0
1EWnP7piatUeXggTXofm5g	Belly Squad	['afroswing', 'uk hip hop']	[2018]	2	2
49HPMFWsosCuRf810Ay1Vv	Kurt Nilsen	['classic norwegian pop', 'norwegian pop']	[2017, 2018]	2	2
17ggmeNujCFMkr3zgyXv02	The Norwegian Radio Orchestra	['nordic orchestra', 'orchestra', 'radio symphony']	[2017, 2018]	2	2
0gAILSEru1PKMwP0tAqNLS	Willow Sage Hart	['show tunes']	[2018, 2021]	2	1
1G9G7WwrXka3Z1r7aIDjI7	Outkast	['atl hip hop', 'dirty south rap', 'hip hop', 'old school atlanta hip hop', 'rap', 'southern hip hop']	[2017, 2018, 2019, 2020, 2021, 2022]	2	0
2d3VHzlOEwXvmBdS4pzOPL	LeAnn Rimes	['contemporary country', 'country', 'country dawn', 'country road']	[2017, 2018]	2	0
2mxe0TnaNL039ysAj51xPQ	R. Kelly	[]	[2017, 2018]	2	0
4phGZZrJZRo4ElhRtViYdl	Jason Mraz	['acoustic pop', 'dance pop', 'neo mellow', 'pop']	[2017, 2018, 2019]	2	0
52lBOxCxbJg0ttXEW9CQpW	Louis Prima	['adult standards', 'jump blues', 'lounge', 'swing', 'tin pan alley']	[2018]	2	2
4gvkdged3Xw3ImXFm3jiay	Juliander	['swedish pop']	[2017, 2018]	2	2
5afDPnkidHjc6e43K9bSKn	Chrom3	[]	[2017, 2018, 2019, 2021, 2022]	2	2
4QTVePrFu1xuGM9K0kNXkk	Dexys Midnight Runners	['new romantic', 'new wave', 'new wave pop']	[2017, 2018, 2019, 2020, 2021]	2	0
2HB65P72dFRiOKvbLLcil2	Meryl Streep	['hollywood', 'show tunes']	[2018]	2	2
451XuvAUIJfZrPOQt2AReP	Colin Firth	['hollywood']	[2018]	2	2
0SzZQUkmQ2VPihJ7P64IGq	Stellan Skarsgård	['movie tunes']	[2018]	2	2
5XaRUXHFbgs8LDoYzoPJ1R	Andy Garcia	[]	[2018]	2	2
0F6wZIBwxstvRk9eQtpvOo	Dominic Cooper	['movie tunes']	[2018]	2	2
6fJIdgIr67mX3lLEBjIMac	Josh Dylan	['hollywood', 'movie tunes']	[2018]	2	2
5Rgs4d94GBqUSeZC6QJxUc	Jeremy Irvine	['movie tunes']	[2018]	2	2
5xuNBZoM7z1Vv8IQ6uM0p6	JoJo	['dance pop', 'pop', 'post-teen pop']	[2017, 2018]	2	0
2AQjGvtT0pFYfxR3neFcvz	Jordin Sparks	['dance pop', 'pop', 'post-teen pop']	[2017, 2018, 2019]	2	1
3pbi8H08p95NUZ7m6ybxUV	Static Major	[]	[2018]	2	2
0SD4eZCN4Kr0wQk56hCdh2	Bonnie Tyler	['europop', 'new wave pop', 'soft rock']	[2017, 2018, 2019]	2	0
3qnGvpP8Yth1AqSBMqON5x	Leon Bridges	['modern blues', 'neo soul', 'soul']	[2017, 2018]	2	0
4AA474G2hRfrHyGrfyDseO	Mozzy	['cali rap', 'sacramento hip hop']	[2018, 2021]	2	2
3kv1Edgn5HlEWCuEKr1Y9x	Yugen Blakrok	['south african hip hop', 'spiritual hip hop']	[2018]	2	2
7c7ZeiPKWHf2E1rsf1P4VF	Medina	['danish pop']	[2018]	2	2
33EUXrFKGjpUSGacqEHhU4	Iggy Pop	['alternative rock', 'glam rock', 'permanent wave', 'protopunk', 'rock']	[2017, 2018]	2	0
4MVyzYMgTwdP7Z49wAZHx0	Lynyrd Skynyrd	['album rock', 'classic rock', 'hard rock', 'rock', 'southern rock']	[2017, 2018, 2020]	2	0
04ei5kNgmDuNAydFhhIHnD	Landon Cube	['pop rap']	[2018]	2	2
3Y10boYzeuFCJ4Qgp53w6o	Scissor Sisters	['dance pop', 'dance rock']	[2017, 2018]	2	0
5pnbUBPifNnlusY8kTBivi	Jadakiss	['battle rap', 'east coast hip hop', 'hardcore hip hop', 'trap']	[2017, 2018, 2019]	2	2
3OsRAKCvk37zwYcnzRf5XF	Moby	['downtempo', 'electronica']	[2018]	2	2
24icoQNJSEWNu3XvqKBR68	Jordan Rakei	['indie soul', 'neo r&b']	[2018, 2019]	2	2
2nuKjZLgc7II6FO4Rxjt5e	Blonde	['house', 'uk dance']	[2017, 2018]	2	2
7oPgCQqMMXEXrNau5vxYZP	Tracy Chapman	"['folk', 'lilith', 'singer-songwriter', ""women's music""]"	[2017, 2018, 2020, 2021]	2	0
2qlAMLpUyBjZgnzuFXXZXI	Klaxons	['alternative dance', 'dance-punk', 'indie rock', 'modern rock', 'neo-synthpop', 'new rave']	[2017, 2018]	2	0
35S20clEkkSNUo23ViaslZ	Band Aid	['musical advocacy']	[2017, 2018, 2019, 2020, 2021]	2	0
10n5lhNDoSMUHWLlnST1yw	Slade	['glam rock']	[2017, 2018, 2019, 2020, 2021]	2	0
2Mu5NfyYm8n5iTomuKAEHl	Ms. Lauryn Hill	['alternative r&b', 'conscious hip hop', 'hip hop', 'neo soul', 'new jersey rap', 'r&b', 'soul']	[2017, 2018]	2	0
1bqxdqvUtPWZri43cKHac8	MAX	['viral pop']	[2017, 2018]	2	1
0HNGrIbq1ZNO2mTp3tMW4L	S Club	[]	[2017, 2018]	2	0
1NfJU4hy56Z4UM4iyIa1B2	Courteeners	['britpop', 'manchester indie']	[2017, 2018, 2019, 2020]	2	0
1i8SpTcr7yvPOmcqrbnVXY	Ozuna	['puerto rican pop', 'reggaeton', 'trap latino', 'urbano latino']	[2018, 2019]	2	2
2BTZIqw0ntH9MvilQ3ewNY	Cyndi Lauper	['dance pop', 'new wave pop', 'permanent wave', 'soft rock']	[2017, 2018, 2019, 2021]	2	0
5UyRaawCsdiVrro0WWgIVB	Rak-Su	['talent show', 'uk pop']	[2017, 2018]	2	1
3jfVtv9mWfW0c5b3Fx440e	Babes Wodumo	['afro soul', 'gqom', 'south african pop']	[2018]	2	2
0eecdvMrqBftK0M1VKhaF4	CNCO	['boy band', 'latin pop', 'reggaeton', 'urbano latino']	[2017, 2018]	2	2
4KWTAlx2RvbpseOGMEmROg	R.E.M.	['alternative rock', 'athens indie', 'permanent wave', 'rock']	[2017, 2018]	2	0
4HzKw8XcD0piJmDrrPRCYk	Majid Jordan	['canadian contemporary r&b']	[2018, 2019]	2	2
3Y3xIwWyq5wnNHPp5gPjOW	Kenny Loggins	['album rock', 'classic rock', 'heartland rock', 'mellow gold', 'new wave pop', 'singer-songwriter', 'soft rock', 'yacht rock']	[2017, 2018, 2019]	2	0
3K2zB87GZv1krx031en5VA	La Roux	['alternative dance', 'electropop', 'neo-synthpop']	[2018, 2019]	2	0
2cQr2KbzdRtIFlfbHGnNsL	Ziv Zaifman	['show tunes']	[2017, 2018, 2019]	2	2
0JXiS2FrAg3wQYJHcmZdrc	B. Swanson Quartet	[]	[2017, 2018, 2019, 2020, 2021]	2	2
6Vh6UDWfu9PUSXSzAaB3CW	Example	['hip house', 'uk dance']	[2017, 2018, 2019]	2	0
42MRYPhQfcEXqb18dl5ERX	"Bobby ""Boris"" Pickett"	['halloween', 'novelty']	[2017, 2018, 2019, 2020, 2021]	2	1
6jsjhAEteAlY0vCiLvMLBA	ROZES	['alt z', 'indie poptimism']	[2017, 2018, 2019, 2020]	2	1
4PdkNr48esgsR2BczZfCSc	Jahlani	[]	[2017, 2018]	2	2
2Sqr0DXoaYABbjBo9HaMkM	Sara Bareilles	['acoustic pop', 'lilith', 'neo mellow', 'pop rock', 'post-teen pop']	[2018]	2	0
2rhFzFmezpnW82MNqEKVry	Ski Mask The Slump God	['hip hop', 'miami hip hop', 'pop rap', 'rap', 'trap', 'underground hip hop']	[2018]	2	1
35GL8Cu2GKTcHzKGi75xl5	Jennifer Hudson	['dance pop', 'r&b', 'urban contemporary']	[2017, 2018, 2020, 2021]	2	1
6Uw88LgaxdanDItfR0JyJ8	Greg Lake	['progressive rock', 'symphonic rock']	[2017, 2018, 2019, 2020, 2021]	2	0
2WxjxdeF7GGdcCK276qViY	Natalie Taylor	[]	[2018, 2019, 2020]	2	0
5ILrArfIV0tMURcHJN8Q07	Vanessa Carlton	['lilith', 'neo mellow', 'piano rock', 'pop rock', 'post-teen pop']	[2017, 2018, 2019]	2	0
0haZhu4fFKt0Ag94kZDiz2	Sofía Reyes	['latin pop', 'latin viral pop', 'mexican pop', 'reggaeton']	[2018, 2019]	2	2
4N8BwYTEC6XqykGvXXlmfv	George Benson	['jazz funk', 'jazz guitar', 'smooth jazz', 'soul jazz', 'yacht rock']	[2018]	2	2
52Syw7gkGRePCAYvEY2X9D	N-Dubz	['grime', 'talent show']	[2017, 2018, 2019]	2	2
6V03b3Y36lolYP2orXn8mV	98º	['boy band']	[2017, 2018, 2019]	2	0
1INuLZXjjVbcJRyWvD1iSq	Jack & Jack	['pop', 'teen pop']	[2018, 2019]	2	2
2AsusXITU8P25dlRNhcAbG	Gotye	['australian pop']	[2017, 2018, 2019, 2020, 2021]	2	2
6hk7Yq1DU9QcCCrz9uc0Ti	Kimbra	['bergen indie', 'electropop', 'nz pop']	[2017, 2018, 2019, 2020, 2021]	2	2
0MlOPi3zIDMVrfA9R04Fe3	American Authors	['modern rock', 'pop rock']	[2017, 2018]	2	0
6ogn9necmbUdCppmNnGOdi	Alanis Morissette	['canadian pop', 'canadian singer-songwriter', 'lilith', 'neo mellow', 'pop rock', 'singer-songwriter']	[2018]	2	0
2KT0mSAPvd9PreXYCiVfVO	Just Jack	['uk alternative pop']	[2017, 2018, 2019]	2	0
2P3cjUru4H3fhSXXNxE9kA	Blackstreet	['boy band', 'contemporary r&b', 'new jack swing', 'r&b', 'urban contemporary']	[2017, 2018]	2	2
2U3FuHYvL3vhkbDAXm24Ep	Dan Caplen	['neo soul', 'uk contemporary r&b']	[2018, 2019]	2	2
3RqBeV12Tt7A8xH3zBDDUF	Kelsea Ballerini	['contemporary country', 'country']	[2018]	2	2
7sfl4Xt5KmfyDs2T3SVSMK	Lil Jon	['atl hip hop', 'crunk', 'dance pop', 'dirty south rap', 'old school atlanta hip hop', 'pop rap', 'southern hip hop', 'trap']	[2017, 2018, 2019, 2020]	2	2
2LuHL7im4aCEmfOlD4rxBC	Grace Carter	['uk contemporary r&b', 'uk pop']	[2018, 2019]	2	0
5XenQ7XfcvQdfIbpLEFaKQ	GoldLink	['alternative r&b']	[2018]	2	2
0g9vAlRPK9Gt3FKCekk4TW	Ab-Soul	['conscious hip hop', 'hip hop', 'rap']	[2018]	2	2
4BxCuXFJrSWGi1KHcVqaU4	Kodaline	['irish pop', 'modern rock']	[2017, 2018]	2	0
4GITZM5LCR2KcdlgEOrNLD	The Foundations	['bubblegum pop']	[2017, 2018, 2019]	2	0
6FD0unjzGQhX3b6eMccMJe	Ghostface Killah	['east coast hip hop', 'hardcore hip hop']	[2018, 2019]	2	2
60df5JBRRPcnSpsIMxxwQm	Otis Redding	['classic soul', 'memphis soul', 'soul', 'soul blues', 'southern soul', 'vocal jazz']	[2017, 2018, 2019, 2020, 2021]	2	0
5zzrJD2jXrE9dZ1AklRFcL	KT Tunstall	['lilith', 'neo mellow', 'pop rock', 'scottish singer-songwriter']	[2017, 2018, 2019]	2	0
769D3IwCDrdPospAd3Hlpi	Naturally 7	['a cappella']	[2017, 2018, 2019, 2020, 2021]	2	2
0Ak6DLKHtpR6TEEnmcorKA	The Vaccines	['british indie rock', 'garage rock', 'indie rock', 'modern rock', 'rock']	[2017, 2018]	2	0
3Z6IRCo7umuk8K2XQy0ZDj	Busted	['boy band', 'talent show']	[2017, 2018, 2019]	2	0
5MspMQqdVbdwP6ax3GXqum	Annie Lennox	['new romantic', 'new wave', 'new wave pop', 'singer-songwriter', 'soft rock', 'synthpop']	[2017, 2018, 2019, 2020, 2021]	2	1
0CEK8AzyeD5ZUdUloB6yQV	CADE	['pop edm']	[2017, 2018, 2020]	2	2
2Q3eZMfDQgT8MhPowKFXYO	t.A.T.u.	['dance pop', 'europop', 'girl group']	[2017, 2018]	2	0
33JQK4UoS2aMPYBfdB5Ftt	Ryan Riback	['melbourne bounce']	[2017, 2018]	2	2
07QEuhtrNmmZ0zEcqE9SF6	Owl City	['indietronica', 'pop']	[2017, 2018, 2019]	2	0
2cADQgiLMjNhbsfeN52Bf3	Swizz Beatz	['battle rap', 'dirty south rap', 'southern hip hop', 'trap']	[2018, 2020]	2	2
3CbYyyd8wH3RT6t0jwpdzC	Murda Beatz	['canadian hip hop', 'canadian trap']	[2018, 2019]	2	2
6DIS6PRrLS3wbnZsf7vYic	WALK THE MOON	['dance rock', 'modern rock', 'pop']	[2017, 2018, 2019, 2020, 2021, 2022]	2	0
3NyNPJaemMYsL14DK2tO01	Cheryl	['dance pop', 'post-teen pop', 'talent show']	[2018, 2019]	2	0
7fqDRFkiuwzFDde1K0taVs	Shakka	[]	[2018]	2	2
0hItVPjwJLVZrFqOyIsxPf	Judy Garland	['adult standards', 'torch song', 'vocal jazz']	[2017, 2018, 2019, 2020, 2021]	2	0
28ExwzUQsvgJooOI0X1mr3	Jay Rock	['conscious hip hop', 'hip hop', 'rap', 'southern hip hop', 'trap']	[2018, 2020]	2	2
4obzFoKoKRHIphyHzJ35G3	Becky G	['latin pop', 'latin viral pop', 'rap latina', 'reggaeton', 'urbano latino']	[2017, 2018]	2	2
7aBzpmFXB4WWpPl2F7RjBe	Wyclef Jean	['rap kreyol']	[2017, 2018, 2019, 2020, 2021, 2022]	2	2
4lxfqrEsLX6N1N4OCSkILp	Phil Collins	['rock drums', 'soft rock']	[2017, 2018]	2	0
3S34Unhn5yRcaH5K9aU5Et	Candi Staton	['southern soul']	[2017, 2018, 2021]	2	0
4olE3I5QU0dvSR7LIpqTXc	WATT	['modern alternative rock']	[2017, 2018]	2	2
6xvpfMjWTougrRRtK7iikz	Mason Ramsey	['contemporary country', 'country']	[2018, 2019]	2	1
0N0d3kjwdY2h7UVuTdJGfp	Cascada	['eurodance', 'europop', 'german techno', 'melbourne bounce international']	[2017, 2018]	2	0
0Wkm45quqfx3NepJpXDvwE	Superorganism	['art pop']	[2017, 2018]	2	0
7K78lVZ8XzkjfRSI7570FF	José Feliciano	['latin pop', 'puerto rican pop']	[2017, 2018, 2019, 2020, 2021]	2	0
2VAnyOxzJuSAj7XIuEOT38	AlunaGeorge	['electropop', 'house', 'uk dance']	[2017, 2018]	2	2
0yIMlboJ6DHovv1cKPVptn	T MULLA	['uk hip hop']	[2018, 2019]	2	1
33W1pnW9zScZtYTnAoWnOT	Mr. Probz	[]	[2017, 2018, 2019, 2020, 2021]	2	2
7vb7VLDqpLTlAy1ctTMR5d	Alex Gaudino	['disco house', 'vocal house']	[2017, 2018, 2019, 2021]	2	2
2sd9Q3r0Jhqpe3w9WVuG43	Crystal Waters	['diva house']	[2017, 2018, 2019, 2021]	2	2
7mnAzEmgquhrVtGob81SmO	Big Shaq	['london rap']	[2017, 2018]	2	0
36E7oYfz3LLRto6l2WmDcD	Pulp	['alternative rock', 'britpop', 'permanent wave', 'sheffield indie']	[2017, 2018]	2	0
5tth2a3v0sWwV1C7bApBdX	Lil' Kim	['dance pop', 'east coast hip hop', 'gangster rap', 'hip hop', 'hip pop', 'pop rap', 'r&b', 'rap', 'southern hip hop', 'trap queen', 'urban contemporary']	[2017, 2018]	2	2
3EWxytcxaM0tksU6v3je2Q	kiLL edward	[]	[2018]	2	2
1fa0cOhromAZdq2xRA4vv8	Simply Red	['british soul', 'new romantic', 'new wave pop', 'soft rock', 'sophisti-pop']	[2017, 2018]	2	0
4CDXbURs9NxZWRLVZ2HHto	Sheffield	[]	[2018, 2019]	2	0
2P5sC9cVZDToPxyomzF1UH	Joey Bada$$	['conscious hip hop', 'hip hop', 'rap']	[2017, 2018]	2	2
6hN9F0iuULZYWXppob22Aj	Simple Minds	['album rock', 'dance rock', 'new romantic', 'new wave', 'new wave pop', 'rock', 'scottish new wave', 'soft rock']	[2017, 2018, 2019, 2021]	2	0
4vjGlQWexbru6aOUCLTVir	Kiki Dee	['classic uk pop']	[2017, 2018, 2019]	2	2
2abTBfFq5PSoASI2PSysLV	Kenny Allstar	['grime', 'uk drill', 'uk hip hop']	[2018, 2019]	2	2
0JDkhL4rjiPNEp92jAgJnS	Roy Orbison	['adult standards', 'classic rock', 'folk rock', 'mellow gold', 'rock-and-roll', 'rockabilly', 'singer-songwriter']	[2017, 2018]	2	0
3LtYMPncqtiugGwOuuLq3h	Baddiel, Skinner & Lightning Seeds	['football']	[2018, 2021]	2	0
76qhZXwfMnhJPXacLwGcNK	Dani Filth	[]	[2018, 2019]	2	2
1GeaYVIXCzBwEbjAvv0NYn	Aled Jones	['operatic pop']	[2017, 2018, 2019, 2020, 2021]	2	0
23EA28263XvtIrXuySX6oI	Francis and the Lights	['art pop']	[2017, 2018]	2	1
3P33qFNGBVXl86yQYWspFj	Martina McBride	['contemporary country', 'country', 'country dawn', 'country road']	[2017, 2018]	2	2
2Rimf9z3oYDBeszSXFACRR	Daniel Everidge	['show tunes']	[2017, 2018, 2019]	2	2
5ixB75BQR3ADoWQkcHQJTs	Gene Autry	['classic oklahoma country', 'cowboy western', 'traditional country', 'western swing', 'yodeling']	[2017, 2018, 2019, 2020, 2021]	2	0
15iVAtD3s3FsQR4w1v6M0P	Chief Keef	['chicago bop', 'chicago drill', 'chicago rap', 'drill', 'hip hop', 'rap', 'trap']	[2018, 2020]	2	2
1CO6e7WRJvSFenmQO8n64C	Zhavia	['post-teen pop']	[2018, 2019]	2	2
5BcAKTbp20cv7tC5VqPFoC	Macklemore & Ryan Lewis	['pop rap', 'seattle hip hop']	[2017, 2018, 2019, 2020, 2021, 2022]	2	2
4myTppRgh0rojLxx8RycOp	Ryan Lewis	['pop rap']	[2017, 2018, 2019, 2020, 2021, 2022]	2	2
4e0nWw2r4BoQSKPQ2zpU13	Ray Dalton	[]	[2017, 2018, 2019, 2020, 2021, 2022]	2	2
7i8fq2gFSVgPdWVXOlDEx7	Liv Dawson	['alt z', 'uk pop']	[2017, 2018]	2	1
6csA2rxNLkQJXeEa7lyGXn	Mis-Teeq	['girl group', 'uk garage']	[2017, 2018]	2	0
01e2lCvLZ4fLUIRy68nptH	Wankelmut	['deep euro house']	[2017, 2018, 2019]	2	2
1A96iePIMNFBjLrjXEl718	Emma Louise	['australian indie', 'brisbane indie']	[2017, 2018, 2019]	2	2
2s4tjL6W3qrblOe0raIzwJ	Yoko Ono	['experimental', 'experimental pop']	[2017, 2018, 2019, 2020, 2021]	2	2
1eMmoIprPDWeFdB1FxU6ZV	Au/Ra	['alt z', 'deep pop edm']	[2018, 2020, 2021]	2	2
6OiHleP2bHM18dXq4aZQWt	The Coral	['britpop']	[2017, 2018, 2019]	2	0
57bUPid8xztkieZfS7OlEV	The Supremes	['classic girl group', 'disco', 'motown', 'soul']	[2018, 2019, 2021]	2	0
2X97ZAqRKRMYFIDqtvGgGc	Silk City	['edm']	[2018, 2019, 2021]	2	2
4mHAu7NX2UNsnGXjviBD9e	Brooks	['dutch house', 'edm', 'electro house', 'future house', 'pop dance', 'pop edm', 'progressive electro house']	[2018, 2019]	2	2
3MdG05syQeRYPPcClLaUGl	Diana Ross	['adult standards', 'disco', 'motown', 'quiet storm', 'soft rock', 'soul']	[2018, 2019, 2020, 2021]	2	0
0cTSCsVx04SSht9V6cpKN0	Mavis Staples	['black americana', 'soul', 'southern soul', 'spirituals']	[2017, 2018]	2	2
5vBKu1igxFo6g1sHADkIdg	Kate Nash	['anti-folk', 'piano rock']	[2017, 2018, 2019]	2	0
6zFYqv1mOsgBRQbae3JJ9e	Billy Joel	['album rock', 'classic rock', 'heartland rock', 'mellow gold', 'piano rock', 'rock', 'singer-songwriter', 'soft rock']	[2018, 2021]	2	0
0NyzfcGDZZ6GM25EBG9BYK	Ray Parker Jr.	[]	[2017, 2018, 2019, 2020, 2021]	2	0
6Y20PijIkUoCtuvtkz37dO	Austyn Johnson	['show tunes']	[2018, 2019]	2	2
0nFUCMGlkx1lMZnHL6ArVJ	Cameron Seely	['movie tunes']	[2018, 2019]	2	2
6S0dmVVn4udvppDhZIWxCr	Sean Kingston	['dance pop', 'miami hip hop', 'pop']	[2017, 2018, 2020]	2	1
3cqIsBnzV3BabbPWKz8Txf	Mud	['glam rock']	[2017, 2018, 2019, 2020, 2021]	2	0
4eQGLO5ExQniSLvj5NjW6m	LD	['uk drill', 'uk hip hop']	[2018, 2019]	2	2
0aeLcja6hKzb7Uz2ou7ulP	Noah And The Whale	['stomp and holler']	[2017, 2018, 2019]	2	0
2NdeV5rLm47xAvogXrYhJX	Ciara	['dance pop', 'hip pop', 'pop', 'r&b', 'urban contemporary']	[2018, 2021]	2	2
2WKdxPFRD7IqZvlIAvhMgY	Fugees	['east coast hip hop', 'hip hop', 'neo soul', 'new jersey rap']	[2017, 2018]	2	0
6lOC7lwSO1ql4Gc2Y3QObY	East 17	['boy band', 'europop']	[2017, 2018, 2019, 2020, 2021]	2	0
7MhMgCo0Bl0Kukl93PZbYS	Blur	['alternative rock', 'britpop', 'madchester', 'permanent wave', 'rock']	[2017, 2018, 2021]	2	0
5sm0jQ1mq0dusiLtDJ2b4R	Eric Prydz	['edm', 'electro house', 'house', 'pop dance', 'progressive electro house', 'progressive house']	[2017, 2018]	2	0
6deZN1bslXzeGvOLaLMOIF	Nickelback	['alternative metal', 'canadian rock', 'post-grunge']	[2017, 2018]	2	0
562Od3CffWedyz2BbeYWVn	Mike Oldfield	['progressive rock', 'symphonic rock']	[2017, 2018, 2019, 2020, 2021]	2	0
7rftfGIYEeZ79sLb58ZBDi	GABRIELLE	['british soul', 'europop', 'new wave pop']	[2017, 2018, 2019]	2	0
46lnlnlU0dXTDpoAUmH6Qx	Lou Bega	['latin pop']	[2017, 2018]	2	0
1UTPBmNbXNTittyMJrNkvw	Blake Shelton	['classic oklahoma country', 'contemporary country', 'country', 'country road']	[2017, 2018, 2019, 2020, 2021]	2	2
4F84IBURUo98rz4r61KF70	The White Stripes	['alternative rock', 'blues rock', 'detroit rock', 'garage rock', 'modern blues rock', 'permanent wave', 'punk blues', 'rock']	[2017, 2018, 2019, 2021, 2022]	2	0
7CIcEIOiWaZcEH35cpsdZq	Boston Pops Orchestra	['easy listening', 'pops orchestra']	[2017, 2018, 2019, 2020, 2021]	2	2
0lVH4ReyYkoPMxFDzCQSgO	Fekky	['grime', 'uk hip hop']	[2018, 2019]	2	1
1kNQXvepPjaPgUfeDAF2h6	You Me At Six	['modern alternative rock', 'modern rock', 'neon pop punk', 'pop emo', 'pop punk']	[2017, 2018]	2	0
2jzc5TC5TVFLXQlBNiIUzE	a-ha	['new romantic', 'new wave', 'new wave pop', 'permanent wave', 'synthpop']	[2017, 2018, 2019, 2020, 2021, 2022]	2	0
3r17AfJCCUqC9Lf0OAc73G	Fergie	['dance pop', 'pop']	[2017, 2018]	2	2
188VINPQh5dyNfLUkevKqf	Olivia Holt	['alt z', 'post-teen pop']	[2017, 2018, 2019, 2020]	2	0
0AkL5tzM3UsDlWak9E0OwH	Jem Cooke	['neo-singer-songwriter']	[2018, 2019, 2020]	2	2
53A0W3U0s8diEn9RhXQhVz	Keane	['neo mellow', 'piano rock', 'pop rock']	[2017, 2018]	2	0
0XNa1vTidXlvJ2gHSsRi4A	Franz Ferdinand	['alternative rock', 'dance rock', 'indie rock', 'modern rock', 'rock', 'scottish rock']	[2017, 2018, 2019, 2021, 2022]	2	0
5nSAh3wlH7VaqpnkiMjzDs	WSTRN	['afroswing', 'grime', 'uk hip hop']	[2017, 2018]	2	1
5SbkVQYYzlw1kte75QIabH	Gnarls Barkley	['atl hip hop', 'neo soul']	[2017, 2018, 2019]	2	0
3Ayl7mCk0nScecqOzvNp6s	Jimmy Eat World	['alternative metal', 'emo', 'modern power pop', 'modern rock', 'neon pop punk', 'pop punk', 'pop rock', 'post-grunge', 'punk', 'rock']	[2017, 2018, 2019]	2	0
1Ml4OuStDoympbREURAM15	The Fontane Sisters	['deep adult standards', 'vocal harmony group']	[2017, 2018, 2019, 2020, 2021]	2	2
0HS96tPggl2nwiz3gNWWI5	Mitchell Ayres & His Orchestra	"[""man's orchestra""]"	[2017, 2018, 2019, 2020, 2021]	2	2
54R6Y0I7jGUCveDTtI21nb	Boney M.	['europop']	[2017, 2018, 2019, 2020, 2021, 2022]	2	1
4xnihxcoXWK3UqryOSnbw5	Sasha Alex Sloan	['alt z']	[2018, 2020]	2	2
3dkbV4qihUeMsqN4vBGg93	Al Green	['classic soul', 'funk', 'memphis soul', 'soul', 'soul blues', 'southern soul']	[2017, 2018, 2021]	2	0
5obQFNrkFoWB51hm1JTHMw	Jamie Principle	['chicago house', 'classic house']	[2017, 2018]	2	2
2auikkNYqigWStoHWK1Grq	John Martin	['pop edm']	[2018, 2019]	2	2
6MF9fzBmfXghAz953czmBC	Taio Cruz	['dance pop', 'pop', 'pop rap']	[2017, 2018, 2019, 2020, 2021]	2	0
0ErzCpIMyLcjPiwT4elrtZ	NLE Choppa	['memphis hip hop', 'rap']	[2020]	2	2
13eBAN8IqzICKLq1BzGmqj	JB Scofield	['uk hip hop']	[2020]	2	2
0Cp8WN4V8Tu4QJQwCN5Md4	BENEE	['alt z', 'nz pop']	[2020]	2	2
5Zc6IgP8wGQa5nzZJ1aiSX	Janellé	[]	[2020]	2	2
3GViqleny7XZGug7Ym2Fjk	Niko B	[]	[2020]	2	0
0P1CKlruhcbhbq7yA5oh83	Kush	['uk drill']	[2020]	2	2
49HlOY4gkHqsYG9GCuhkcc	Celeste	['british soul']	[2020, 2021]	2	0
0FmzrEmiPcP9Vb3g0ApsPg	The Kunts	[]	[2020, 2021]	2	0
5Wg2b4Mp42gicxEeDNawf7	A7S	['pop dance', 'scandipop', 'uk dance']	[2020, 2021]	2	2
4aXXDj9aZnlshx7mzj3W1N	Lin-Manuel Miranda	['broadway', 'show tunes']	[2020]	2	2
3twuAojvYNrlWZpMkxLm3P	Daveed Diggs	['alternative hip hop', 'show tunes']	[2020]	2	2
6G3sPhnj4JBCsBVBGvZnkk	Okieriete Onaodowan	['show tunes']	[2020]	2	2
660YptcR0hNHJ8iEr1qcse	Anthony Ramos	['show tunes']	[2020]	2	2
7mDU6nMUJnOSY2Hkjz5oqM	Roy Woods	['canadian contemporary r&b', 'canadian hip hop', 'trap soul']	[2020]	2	2
7MPGCB854Qo4alYMOPkBka	Ritt Momney	['bedroom pop']	[2020, 2021]	2	0
6USMTwO0MNDnKte5a5h0xx	Y2K	['pop rap', 'viral rap']	[2019, 2020]	2	2
0ceH34CATvfgphxnLRWFkm	9lokknine	['florida drill', 'florida rap']	[2019, 2020]	2	2
31jvzuB4ikftPQZJwrYfCF	Enter Shikari	['british alternative rock', 'nintendocore', 'trancecore', 'uk metalcore', 'uk post-hardcore']	[2020]	2	0
2auC28zjQyVTsiZKNgPRGs	RM	['k-rap']	[2019, 2020]	2	2
5UjifI1TYefXWn9GdqDOHl	Social House	[]	[2019, 2020]	2	2
5KYEMMz9O9iLIESifKAEOp	WhoHeem	['viral rap']	[2020]	2	0
5VJN4jB6PqqEg4kJiAj6Eu	Renée Elise Goldsberry	['broadway', 'show tunes']	[2020]	2	2
2P560DaOMNDUACoH8ZhOCR	The Jam	['mod revival', 'new romantic', 'new wave', 'punk']	[2017, 2020, 2021, 2022]	2	0
56mfhUDKa1vec6rSLZV5Eg	Jawsh 685	['nz pop']	[2020, 2021]	2	2
5lu4uQhKP3VsRS3QzHK0SC	Bert Ambrose Orchestra	[]	[2020]	2	2
5kmRNFOl1XO1JHS76Zoe7j	NO1-NOAH	['trap soul']	[2020]	2	2
7MzHPIXAqIOCnvK0sVY72W	Helene Fischer	['schlager']	[2020]	2	0
3O5HD95HTEPgoPFOjAb7yV	DripReport	['viral rap']	[2020]	2	0
3Hb64DQZIhDCgyHKrzBXOL	Daði Freyr	['icelandic pop', 'sunnlensk tonlist']	[2020, 2021]	2	0
4Oj1cFCMX4LgHuNsgQJBr8	George Formby	['british comedy', 'music hall']	[2020]	2	0
0f2YkMXwFNJNSX7MymevKE	Kaash Paige	[]	[2020]	2	2
1WsYCXdezMjn0KoIrLvMmC	Ed Sheeran & Justin Bieber	[]	[2019, 2020, 2021]	2	2
4bthk9UfsYUYdcFyqxmSUU	Tears For Fears	['new romantic', 'new wave', 'new wave pop', 'permanent wave', 'rock', 'sophisti-pop', 'synthpop']	[2017, 2019, 2020, 2021, 2022]	2	0
0DO5d7KMv6Gn1mIbDhlyUf	Nechie	['atl trap']	[2020, 2022]	2	2
7uaIm6Pw7xplS8Dy06V6pT	Trevor Daniel	['melodic rap']	[2019, 2020, 2021]	2	0
4DMkrFIqGXLycc4YLYTn1i	Tiagz	['ottawa rap', 'viral rap']	[2020]	2	0
6qJxjpZgvj3NJGKMkFakpA	MizOrMac	['uk drill']	[2020]	2	1
3l0CmX0FuQjFxr8SK7Vqag	Clairo	['bedroom pop', 'indie pop', 'pop', 'pov: indie']	[2020, 2021]	2	1
3KwmxIhSe9UTSEF37kwngR	SHAED	['electropop']	[2019, 2020]	2	2
7cebmXLpLp4Rk2eFI00ppV	Mastermind	['manchester hip hop', 'uk hip hop', 'uk melodic rap']	[2019, 2020]	2	2
5SyGEPymt1G2uto47tVWvZ	MadeinTYO	['atl hip hop', 'melodic rap', 'trap']	[2019, 2020]	2	2
4gOc8TsQed9eqnqJct2c5v	K/DA	['k-pop girl group']	[2020]	2	2
2AfmfGFbe0A0WsTYm0SDTx	(G)I-DLE	['k-pop', 'k-pop girl group']	[2020]	2	2
7z5WFjZAIYejWy0NI5lv4T	Dan + Shay	['contemporary country', 'country', 'country road']	[2019, 2020, 2021]	2	1
1WgXqy2Dd70QQOU7Ay074N	AURORA	['art pop', 'norwegian pop']	[2019, 2020, 2021]	2	1
4S9LNSZusH3XflT3g32bqB	Carla Monroe	['uk dance']	[2020, 2022]	2	2
4FcZfItjVIsfO9TynErl7X	Jubël	['swedish pop']	[2020]	2	2
71Dhj822M1LGpuryPIV2KO	NEIMY	['scandipop', 'tropical house']	[2020]	2	2
4GvOygVQquMaPm8oAc0vXi	The Streets	['birmingham hip hop', 'uk garage']	[2020]	2	2
3dlippLcdVGBPKVFhnWXaF	Silky	['charva']	[2020, 2021, 2022]	2	1
71jSVPQ6yskfyvWeiwvT5s	S1mba	['afroswing']	[2020, 2021]	2	2
5eAWCfyUhZtHHtBdNk56l1	System Of A Down	['alternative metal', 'nu metal', 'rap metal', 'rock']	[2020]	2	0
0e86yPdC41PGRkLp2Q1Bph	Mother Mother	['pov: indie', 'vancouver indie']	[2020, 2021]	2	0
0ZUvK7zGdXLd78mQr3t1Tw	Ricky Montgomery	['la indie', 'pop', 'pov: indie']	[2020, 2021]	2	0
2EzNKTHTCUaHUkKaNFUH8d	NorthSideBenji	['canadian hip hop', 'toronto rap']	[2020]	2	2
2XzXLjXRSeFtsic4ieyLJy	Wilbur Soot	['pixel', 'pov: indie']	[2020, 2021]	2	0
67nwj3Y5sZQLl72VNUHEYE	Wale	['pop rap', 'r&b', 'rap', 'southern hip hop', 'trap']	[2017, 2020]	2	2
6Ha4aES39QiVjR0L2lwuwq	Yo Gotti	['dirty south rap', 'gangster rap', 'memphis hip hop', 'rap', 'southern hip hop', 'tennessee hip hop', 'trap']	[2017, 2020]	2	2
3SYnDj7btg9gFY7ps8m5d5	RANI	['dutch pop']	[2019, 2020]	2	2
1w67D3PakcxjYGt6xPnnke	Darius & Finlay	['hands up', 'pop house']	[2020]	2	1
5yy76ufVriyvidNSvXlRU1	Clever	['alabama rap']	[2020, 2021]	2	2
4qWnlmXWuGv2TtuxtIWlJX	BANNERS	['indie poptimism']	[2020, 2021, 2022]	2	0
39B7ChWwrWDs7zXlsu3MoP	Sonny Fodera	['house', 'tech house', 'uk dance']	[2019, 2020]	2	2
3xvaSlT4xsyk6lY1ESOspO	Disney	"[""children's music"", 'movie tunes']"	[2017, 2020, 2021]	2	2
6GEykX11lQqp92UVOQQCC7	DJ Premier	['east coast hip hop', 'instrumental hip hop', 'jazz boom bap', 'turntablism']	[2020]	2	2
1mZu3rO7qSD09GdDpePHhY	Frankie Goes To Hollywood	['dance rock', 'hi-nrg', 'new romantic', 'new wave', 'new wave pop', 'synthpop']	[2017, 2019, 2020, 2021]	2	0
1r1uxoy19fzMxunt3ONAkG	Phoebe Bridgers	['indie pop', 'la indie', 'pov: indie']	[2020, 2021]	2	2
3DKkhRCGOG4e8IUPYFPfWs	Dixie	['social media pop']	[2020, 2021]	2	1
2cCUtGK9sDU2EoElnk0GNB	The National	['chamber pop', 'indie folk', 'indie rock', 'indietronica', 'modern rock', 'stomp and holler']	[2017, 2020]	2	1
2o08sCWF5yyo2G4DCiT7T9	HVME	['slap house']	[2020, 2021]	2	1
79KQgTCu4wV38ECYKn62DZ	White Gold	[]	[2020]	2	2
1vSN1fsvrzpbttOYGsliDr	Tori Kelly	['pop', 'post-teen pop']	[2017, 2020]	2	2
3oSJ7TBVCWMDMiYjXNiCKE	Kane Brown	['black americana', 'contemporary country', 'country', 'country road']	[2019, 2020]	2	2
7nwUxFqqeyUzyYaS7D9lw8	Alz X 38	['uk melodic rap']	[2019, 2020]	2	0
7bZGP9ijvv55LOENT634Mj	PS1	['uk dance']	[2020, 2021]	2	2
5YCU9eHY4IYTyNa8XRFuw9	Alex Hosking	['stutter house']	[2020, 2021]	2	2
3NUtpWpGDoffm3RCGhSHtl	Mount Kimbie	['electra', 'electronica', 'future garage', 'indie soul', 'indietronica', 'intelligent dance music', 'wonky']	[2020, 2021]	2	2
0JnNzCUsHuDcUcBatOzuGP	Sonya Belousova	['soundtrack']	[2020]	2	2
2GGcFMw7PABKRpAS0lpYX6	Giona Ostinelli	[]	[2020]	2	2
3yhgVqRLh6DyzacZyQPNWc	Joey Batey	[]	[2020]	2	2
3UmBeGyNwr4iDWi1vTxWi8	Gerry & The Pacemakers	['british invasion', 'merseybeat', 'rock-and-roll']	[2019, 2020]	2	0
0nCiidE5GgDrc5kWN3NZgZ	Emerson, Lake & Palmer	['album rock', 'art rock', 'blues rock', 'british blues', 'classic rock', 'folk rock', 'hard rock', 'mellow gold', 'progressive rock', 'singer-songwriter', 'soft rock', 'symphonic rock', 'synth prog']	[2020, 2021]	2	0
4jpsw9CQS439N0B7SecMgf	Ant Saunders	['chill r&b', 'viral rap']	[2019, 2020]	2	0
0Fb9qTWnjsB90xH3zWr4oa	Kareen Lomax	[]	[2020, 2021]	2	2
3Ld1hAQ5LWFw46Pv8VS5tP	Gracie Fields	['british dance band', 'music hall']	[2020]	2	1
7xBGi7Eign0fX7jGQj5KlJ	GRACEY	['uk pop']	[2020, 2021]	2	2
4ygR3mAG9AsBRVKIlmFYP1	Clavish	['uk drill', 'uk hip hop']	[2020, 2021]	2	2
0vRvGUQVUjytro0xpb26bs	Arizona Zervas	['pop rap', 'rhode island rap']	[2019, 2020, 2021]	2	0
6n28c9qs9hNGriNa72b26u	PNAU	['alternative dance', 'aussietronica', 'australian dance', 'australian electropop']	[2021, 2022]	2	2
3DHtfeD4PsmR9YGhCP4VF7	Nemzzz	['manchester hip hop', 'melodic drill']	[2022]	2	0
2Go6wC0GsnkVeRoVwh8rqX	Olga Merediz	[]	[2021, 2022]	2	2
6WFDpw4u23uSpon4BHvFRn	Cat Burns	['uk pop']	[2022]	2	1
2VSHKHBTiXWplO8lxcnUC9	GAYLE	['modern alternative pop']	[2021, 2022]	2	0
6IJaUfq4P3Zjifp4YIJ8oG	HAZEY	['charva', 'scouse rap']	[2022]	2	1
1QfpRUtH14JLoY6F6AYmwt	The Rare Occasions	['la indie']	[2021, 2022]	2	0
5QrV5Vr4KdsyKtifvD6X1U	Issey Cross	[]	[2022]	2	2
1Z25ZlGHqqlr3o1UGQOfNn	JNR CHOI	['gambian hip hop']	[2021, 2022]	2	1
4vdAAzZBUKbsrvHi6UR7B7	Jessica Darrow	['movie tunes']	[2021, 2022]	2	0
18MFcGBHtyW0mU3ufcm0X1	Diane Guerrero	['movie tunes']	[2021, 2022]	2	2
369T15zvlCiF4zAzdZNhQL	Arz	['chill drill', 'melodic drill']	[2021, 2022]	2	0
63ebc5zUpJ36aoTDQJHa9B	E1 (3x3)	[]	[2021, 2022]	2	2
2uIRmVaCVpHQjaVgph5clS	ZT (3x3)	[]	[2021, 2022]	2	2
048LktY5zMnakWq7PTtFrz	CKay	['afro r&b', 'afrobeats']	[2021, 2022]	2	1
79AyR6ATpj2LTPxfb6FX50	Lauren Spencer Smith	['alt z', 'gen z singer-songwriter']	[2022]	2	0
1gl0S9pS0Zw0qfa14rDD3D	Surf Curse	['dreamo', 'indie surf', 'pov: indie', 'surf punk', 'vegas indie']	[2021, 2022]	2	0
3LYyk2fBTwdAw3aN6hrrY2	wewantwraiths	['chill drill', 'uk hip hop', 'uk melodic rap']	[2021, 2022]	2	1
7f5Zgnp2spUuuzKplmRkt7	Lost Frequencies	['belgian edm', 'edm', 'pop dance', 'tropical house']	[2017, 2021, 2022]	2	1
21UPYSRWFKwtqvSAnFnSvS	Amaarae	['afro r&b', 'afrobeats', 'alternative r&b', 'ghanaian alternative', 'ghanaian pop']	[2021, 2022]	2	2
2hVWBpjLW4Q7fboYz2pVYK	Moliy	['ghanaian alternative']	[2021, 2022]	2	2
1hJuGCUpefX24GFmss9bjH	Amy Macdonald	['scottish singer-songwriter']	[2019, 2022]	2	0
7cYEt1pqMgXJdq00hAwVpT	Chase Atlantic	['alternative r&b']	[2021, 2022]	2	0
6W4vm8P3JFQboO4cvHeqaa	Knucks	['melodic drill', 'uk alternative hip hop']	[2021, 2022]	2	0
027TpXKGwdXP7iwbjUSpV8	The Walters	['chicago indie', 'pov: indie']	[2021, 2022]	2	0
57nPqD7z62gDdq37US9XJR	Arcane	[]	[2021, 2022]	2	2
75VKfyoBlkmrJFDqo1o2VY	Fireboy DML	['afrobeats', 'nigerian pop']	[2021, 2022]	2	1
4d2NUjh9ZrzG1ZZdhpSDKH	Ewan McVicar	['scottish techno']	[2021, 2022]	2	0
0E9Cff6GTVY5SoIYxvy5Zg	FelixThe1st	[]	[2021, 2022]	2	2
03AVZyE7WnmLY4rTL1s0RP	Dréya Mac	[]	[2021, 2022]	2	2
5lup4fypQIoHxiE67ue1yi	Finch Fetti	[]	[2021, 2022]	2	2
1W4itxt3vwhmrgLEBuVHJ6	Vundabar	['boston indie', 'indie garage rock', 'pov: indie']	[2021, 2022]	2	0
7okSU80WTrn4LXlyXYbX3P	Clinton Kane	['alt z', 'gen z singer-songwriter']	[2021, 2022]	2	0
72kqSqk124Vnl1wtT6q9Fh	Adassa	['movie tunes']	[2021, 2022]	2	2
3GMoVpWJy4smKuxFuFTwXC	Roger	['funk', 'new jack swing', 'p funk', 'post-disco', 'quiet storm']	[2017, 2022]	2	2
1FtBEIWAwvw5ymBen5GICR	Chlöe	[]	[2021, 2022]	2	1
33NVpKoXjItPwUJTMZIOiY	David Kushner	['gen z singer-songwriter']	[2022]	2	0
3LIh5lV3zpZkgmO0K6R6bq	JBEE	['chill drill', 'melodic drill']	[2021, 2022]	2	0
2kHxkdiKCSnHMkhIgFBZaI	Kristen Bell	['movie tunes']	[2017, 2019]	2	2
0oO1IaDOBSeI96HbnCa5pZ	Solardo	['house', 'tech house', 'uk dance']	[2019, 2021]	2	2
1fctva4kpRbg2k3v7kwRuS	Rvssian	['reggaeton', 'trap latino', 'urbano latino']	[2019]	2	2
5MbNzCW3qokGyoo9giHA3V	EARTHGANG	['atl hip hop', 'hip hop', 'psychedelic hip hop', 'rap', 'underground hip hop']	[2019]	2	2
6oBm8HB0yfrIc9IHbxs6in	Lykke Li	['art pop', 'electropop', 'indietronica', 'neo-synthpop', 'swedish electropop', 'swedish indie pop', 'swedish pop']	[2019]	2	2
7jLSEPYCYQ5ssWU3BICqrW	Picture This	['irish pop']	[2019]	2	0
3CQIn7N5CuRDP8wEI7FiDA	Run–D.M.C.	['east coast hip hop', 'golden age hip hop', 'hip hop', 'old school hip hop', 'queens hip hop', 'rap']	[2017, 2019, 2021]	2	1
5IH6FPUwQTxPSXurCrcIov	Alec Benjamin	['alt z', 'pop', 'pov: indie']	[2019, 2021]	2	1
4rojTfP5nRkmYpdSbWQgV4	Death Stranding: Timefall	['video game music']	[2019]	2	2
45eNHdiiabvmbp4erw26rg	ILLENIUM	['edm', 'melodic dubstep', 'pop dance']	[2019]	2	2
3cQA9WH8liZfeja1DxcDYE	Armand Van Helden	['big beat', 'deep house', 'disco house', 'house', 'speed garage', 'uk dance', 'vocal house']	[2017, 2019]	2	1
1CDmkNCsL8VMJ5nhkGqvVN	Michael Phantom	[]	[2019]	2	2
5FxsPS1K61fHEVB3FNZw6Y	Blanco	['london rap', 'uk drill', 'uk hip hop']	[2019, 2021]	2	2
7hOGhpa8RMSuDOWntGIAJt	A R I Z O N A	['electropop', 'indie poptimism']	[2017, 2019]	2	1
5ooSG9S0glqP5ZrqqaHBvT	James Fauntleroy	[]	[2019, 2021]	2	2
37mtx80nMDETlbsq2eFCzc	Fleur East	['talent show', 'uk pop']	[2017, 2019]	2	0
1Uw2tN8RWQAKO3jtsqIJ8M	London Contemporary Orchestra	['british orchestra']	[2019]	2	2
028lPW2NdWHdSPCkRkcyhd	Ant Clemons	[]	[2019]	2	2
4hf3caW9H8uFwwbv5pFjcg	Jake Bugg	['modern rock', 'nottingham indie']	[2017, 2019]	2	2
1LKo6ZA3RNvKtLa6zDu32S	Kranium	['basshall', 'dancehall']	[2017, 2019]	2	2
0QaSiI5TLA4N7mcsdxShDO	Sub Focus	['dancefloor dnb', 'drum and bass', 'uk dance']	[2017, 2019]	2	2
4LAz9VRX8Nat9kvIzgkg2v	Rivers Cuomo	['alternative rock']	[2017, 2019]	2	2
7Aq8lpLMSt1Zxu56pe9bmp	Jagged Edge	['atl hip hop', 'contemporary r&b', 'r&b', 'urban contemporary']	[2017, 2019]	2	2
0FBRY66KVaAiddGVefikLB	WEISS	['house', 'tech house', 'uk dance', 'uk house']	[2019]	2	2
6SsTlCsuCYleNza6xGwynu	Agnes	['swedish electropop', 'swedish idol pop', 'swedish pop']	[2019]	2	2
22JdJVovP3pV9XkGTih01c	Game of Thrones	[]	[2019]	2	2
7EK1bQADBoqbYXnT4Cqv9w	John Denver	['classic country pop', 'folk', 'folk rock', 'mellow gold', 'singer-songwriter', 'soft rock']	[2017, 2019]	2	0
3klZnJvYGIbWritVwQD434	Duncan Laurence	['dutch pop']	[2019, 2021]	2	0
3u65Tx20y4WqxO7W7khEhj	Clara La San	[]	[2021]	2	2
5wl0tYW6IrhE0f7uj9S6C3	MENTIS	['charva']	[2021]	2	2
3GaPIF26mniFIX3T3Pv66l	Kate Wild	[]	[2021]	2	2
1PKErrAhYFdfrDymGHRQRo	Nathan Evans	[]	[2021]	2	1
2aoFQUeHD1U7pL098lRsDU	Madvillain	['abstract hip hop', 'alternative hip hop', 'hip hop', 'psychedelic hip hop']	[2021]	2	2
5LhTec3c7dcqBvpLRWbMcf	Madlib	['abstract hip hop', 'alternative hip hop', 'hip hop', 'instrumental hip hop', 'psychedelic hip hop']	[2021]	2	2
4NqH3V7GS0Igs1VyGMXEi8	Mooski	['alabama rap']	[2021]	2	1
5L1lO4eRHmJ7a0Q6csE5cT	LISA	['k-pop']	[2021]	2	0
0hDjKSKjl1DC7ovYTDJHe8	Bruno Major	['singer-songwriter pop']	[2017, 2021]	2	1
6YCM9JwkqdEFQSzztmh4Kb	Navos	['uk dance']	[2021]	2	0
06Qf6vq8AVIpE9XIw8LAsY	Lil Duke	['atl trap']	[2017, 2021]	2	2
4bYPcJP5jwMhSivRcqie2n	Adam Levine	['deep talent show']	[2017, 2021]	2	2
26T3LtbuGT1Fu9m0eRq5X3	Cage The Elephant	['modern alternative rock', 'modern rock', 'pov: indie', 'punk blues', 'rock']	[2017, 2021]	2	0
4Y7tXHSEejGu1vQ9bwDdXW	Fatboy Slim	['big beat', 'electronica']	[2017, 2021]	2	0
6fxyWrfmjcbj5d12gXeiNV	Denzel Curry	['dark trap', 'drill', 'hip hop', 'miami hip hop', 'rap', 'trap', 'underground hip hop']	[2017, 2021]	2	2
3eVa5w3URK5duf6eyVDbu9	ROSÉ	['k-pop']	[2021]	2	0
0FOWNUFHPnMy0vOw1siGqi	Belly	['canadian hip hop', 'canadian trap']	[2021]	2	2
3ScY9CQxNLQei8Umvpx5g6	Fat Joe	['bronx hip hop', 'dirty south rap', 'east coast hip hop', 'gangster rap', 'hardcore hip hop', 'hip hop', 'pop rap', 'rap', 'trap']	[2017, 2021]	2	2
6mHcziq4XT3ejLdrEM6xwk	Canking	['chill drill', 'melodic drill']	[2021]	2	2
3ZA5bjFosTjcP6FFD6NdBJ	Ess2Mad	['persian drill']	[2021]	2	2
3imlibJrwqYv8gqII7u4r0	Zac Samuel	['deep groove house', 'house', 'uk dance']	[2017, 2021]	2	2
39af15p0feaAOdL9DTRj3m	JT	[]	[2021]	2	2
37hAfseJWi0G3Scife12Il	City Girls	['scam rap', 'trap queen']	[2021]	2	2
4b19vuzlDcNdU4quI7L6sW	ElyOtto	['hyperpop', 'weirdcore']	[2021]	2	0
7aA592KWirLsnfb5ulGWvU	Danny Brown	['alternative hip hop', 'detroit hip hop', 'escape room', 'hip hop', 'underground hip hop']	[2017, 2021]	2	2
08Ld63UgKrJ0nZnCkzHtzc	Project Pat	['crunk', 'dirty south rap', 'gangster rap', 'memphis hip hop', 'trap']	[2021]	2	2
12j6dJrPXanCBwY599pZxf	Matt Maltese	['indie anthem-folk', 'indie pop', 'pov: indie']	[2021]	2	0
0iOVhN3tnSvgDbcg25JoJb	Etta James	['jazz blues', 'soul', 'soul blues', 'torch song', 'vocal jazz']	[2017, 2021]	2	0
1mcTU81TzQhprhouKaTkpq	Rauw Alejandro	['puerto rican pop', 'reggaeton', 'trap latino', 'urbano latino']	[2021]	2	1
46gyXjRIvN1NL1eCB8GBxo	All Time Low	['modern rock', 'neon pop punk', 'pop punk']	[2017, 2021]	2	0
4IJczjB0fJ04gs4uvP0Fli	Gym Class Heroes	['dance pop', 'pop rap']	[2017, 2021]	2	1
6T5tfhQCknKG4UnH90qGnz	DNCE	['dance pop', 'pop']	[2017]	2	1
6KZDXtSj0SzGOV705nNeh3	Kid Ink	['pop rap', 'rap', 'southern hip hop', 'trap']	[2017]	2	2
59hLmB5DrdihCYtNeFeW1U	Glen Campbell	['adult standards', 'arkansas country', 'classic country pop', 'folk rock', 'mellow gold', 'nashville sound', 'singer-songwriter', 'soft rock']	[2017]	2	0
6X9aYHnQ75YI8o08aoa0iS	Boyzone	['boy band']	[2017]	2	0
4YrKBkKSVeqDamzBPWVnSJ	Basement Jaxx	['alternative dance', 'big beat', 'electronica', 'trip hop']	[2017]	2	0
5DK8eK7fjvRsziXzyr3sFA	Moon Taxi	['modern alternative rock']	[2017]	2	0
0VOGPk9LCPMxzjkiX5JdZF	Joe Weller	[]	[2017]	2	1
0DwPrw4Zd15m2cdnpbwGKq	Hudson East	['trap soul']	[2017]	2	2
4zVfvSWs6FvSD6B5lQGs2S	Peter Andre	['europop', 'talent show']	[2017]	2	0
4u5smJBskI6Adzv08PuiUP	Kiiara	['alt z', 'electropop']	[2017]	2	2
1kM5rgJvkiDMOoKX56H6pX	S Club 7	['dance pop', 'europop', 'talent show']	[2017]	2	0
4L8MIM7AXmq6jb0tRix4JT	Artful Dodger	['2-step', 'uk funky', 'uk garage']	[2017]	2	1
7keGfmQR4X5w0two1xKZ7d	Kungs	['edm', 'pop dance']	[2017]	2	2
0v2oB2xMS64U3lcU5DFuCY	Peven Everett	['broken beat', 'chicago house', 'deep house']	[2017]	2	2
2WX2uTcsvV5OnS0inACecP	Birdy	['neo mellow', 'uk pop']	[2017]	2	1
2zzpznMuhKlKlqh1ma7Sms	Dakota	[]	[2017]	2	2
1XkoF8ryArs86LZvFOkbyr	Mary J. Blige	['dance pop', 'neo soul', 'r&b', 'urban contemporary']	[2017]	2	1
3AuMNF8rQAKOzjYppFNAoB	Kelly Rowland	['atl hip hop', 'dance pop', 'hip pop', 'r&b', 'urban contemporary']	[2017]	2	2
787bCXOIvGeBw0Bc4kEjhD	Luke Christopher	['indie pop rap']	[2017]	2	0
1LOB7jTeEV14pHai6EXSzF	Cash Cash	['dance pop', 'edm', 'electro house', 'electropowerpop', 'pop dance']	[2017]	2	2
0aAQxfnyKfbTRfkUfxSCIu	Megan McKenna	['british country']	[2017]	2	0
0ZwQMCRqfyh1OGQkBh9Cnj	Kideko	['deep groove house', 'house', 'uk dance']	[2017]	2	2
25tMQOrIU4LlUo6Sv8v5SE	Gavin James	['irish pop']	[2017]	2	0
79QO0Xmn1dZhvaLicS2Yrs	The Night Game	['modern alternative rock']	[2017]	2	2
0AJUYWKztkg5dnrHDIBv47	MiC LOWRY	[]	[2017]	2	0
47zz7sob9NUcODy0BTDvKx	Sade	['british soul', 'sophisti-pop']	[2017]	2	0
7KMqksf0UMdyA0UCf4R3ux	James Blunt	['neo mellow', 'pop rock']	[2017]	2	0
2ziB7fzrXBoh1HUPS6sVFn	Audioslave	['alternative metal', 'alternative rock', 'grunge', 'hard rock', 'nu metal', 'permanent wave', 'post-grunge', 'rock', 'supergroup']	[2017]	2	0
2E1NFr5AeEGUJkLUUsWCAO	OFFAIAH	['deep groove house', 'house', 'tech house']	[2017]	2	0
3iN9k8uvm4WrgdlOigOH8D	Hook N Sling	['australian dance', 'progressive electro house']	[2017]	2	2
0AuW7OCyKfFrsMbtHrYgIV	House Of Pain	['gangster rap', 'hip hop', 'rap rock', 'west coast rap']	[2017]	2	0
0FTrIsp2Mg7Bkf8eXQrISa	PHresher	['nyc rap']	[2017]	2	2
7r8RF1tN2A4CiGEplkp1oP	Ginuwine	['contemporary r&b', 'hip pop', 'r&b', 'urban contemporary']	[2017]	2	0
5yG7ZAZafVaAlMTeBybKAL	Iggy Azalea	['australian hip hop', 'dance pop', 'pop']	[2017]	2	1
2TL8gYTNgD6nXkyuUdDrMg	Jasmine Thompson	['viral pop']	[2017]	2	2
5cIc3SBFuBLVxJz58W2tU9	Oh Wonder	['electropop', 'indie poptimism', 'pov: indie']	[2017]	2	1
67tgMwUfnmqzYsNAtnP6YJ	Groove Armada	['big beat', 'electronica', 'nu skool breaks', 'trip hop']	[2017]	2	1
4MflsXABg2VC9Powgd7JCF	DJ Luck & MC Neat	['grime', 'uk garage']	[2017]	2	2
0GByy3DcfbQwDvXGCWmzv9	Pretenders	['album rock', 'classic rock', 'mellow gold', 'new romantic', 'new wave', 'new wave pop', 'permanent wave', 'rock', 'soft rock']	[2017, 2018, 2019, 2020, 2021]	1	0
7pDNT9t9TSWL2W9hGz9xpA	Josh Jips	[]	[2018]	1	0
3WtrH1zNpzoPSz6XpwCh6y	Delilah Montagu	['british singer-songwriter']	[2018]	1	1
5vQfv3s2Z2SRdPZKr82ABw	Dzeko	['canadian electronic', 'dutch house', 'edm', 'electro house', 'pop dance', 'progressive electro house']	[2018, 2019]	1	1
0bdJZl7TDeiymDYzMJnVh2	Preme	['canadian hip hop', 'canadian trap', 'toronto rap']	[2018, 2019]	1	1
6xrCU6zdcSTsG2hLrojpmI	José González	['chamber pop', 'gothenburg indie', 'indie folk', 'stomp and holler', 'swedish indie folk', 'swedish indie pop', 'swedish singer-songwriter']	[2017, 2018]	1	0
4eQJIXFEujzhTVVS1gIfu5	Deee-Lite	['hip house']	[2017, 2018]	1	0
5yECsdgmXEkHpn5B00ZNfY	J Styles	['uk drill', 'uk hip hop']	[2018]	1	1
1qSJaftSab2kTTsj7fLxvM	DJ SpinKing	['slow game']	[2018]	1	1
7iLc4hrjOjQPfg1E3cCHg1	Tim Berg	['edm', 'electro house', 'pop dance', 'progressive electro house']	[2018]	1	1
46n0cAhBmsRJZiX6GSFmbf	David Essex	['glam rock']	[2017, 2018, 2020, 2021]	1	0
4kI8Ie27vjvonwaB2ePh8T	Portugal. The Man	['indie rock', 'indietronica', 'modern alternative rock', 'modern rock']	[2017, 2018, 2019, 2020]	1	0
4W48hZAnAHVOC2c8WH8pcq	The Temper Trap	['indietronica', 'modern rock']	[2017, 2018, 2019]	1	0
7jefIIksOi1EazgRTfW2Pk	Electric Light Orchestra	['album rock', 'art rock', 'beatlesque', 'classic rock', 'glam rock', 'mellow gold', 'rock', 'soft rock', 'symphonic rock']	[2017, 2018, 2019, 2020, 2021, 2022]	1	0
34Y0ldeyUv7jBvukWOGASO	Bobby Shmurda	['nyc rap', 'rap', 'trap']	[2018]	1	1
5dbuFbrHa1SJlQhQX9OUJ2	Don Henley	['album rock', 'classic rock', 'heartland rock', 'mellow gold', 'singer-songwriter', 'soft rock', 'yacht rock']	[2018]	1	0
76yeOnINtQSXyoEHbkYmtY	Drew Love	[]	[2018]	1	1
3Kf7VEIRWquxrNIuyJZnfF	Cornershop	['britpop']	[2017, 2018]	1	0
6htUPs3clIStnkvg5jimKZ	Liberty X	['europop', 'girl group', 'talent show']	[2017, 2018]	1	0
1QDrz3DMMaz3TB1cm0PGDu	Justin Jesso	['singer-songwriter pop']	[2017, 2018]	1	1
5PN2aHIvLEM98XIorsPMhE	Kim Carnes	['new romantic', 'new wave pop', 'soft rock']	[2017, 2018]	1	0
1J2VVASYAamtQ3Bt8wGgA6	Ja Rule	['dance pop', 'east coast hip hop', 'gangster rap', 'hip hop', 'hip pop', 'pop rap', 'queens hip hop', 'rap', 'urban contemporary']	[2017, 2018, 2019]	1	1
39E15l8zeCDYpSZwFNX4G2	Eleni Foureira	['greek pop', 'laiko']	[2018]	1	0
18iCcFcI1cBJEq8wKk5zZm	Josh Kumra	[]	[2018]	1	1
3KOHpygRuo1ruQAbEneR3t	George FitzGerald	['electronica', 'future garage']	[2018]	1	0
4mYFgEjpQT4IKOrjOUKyXu	Wheatus	[]	[2017, 2018, 2019, 2021]	1	0
3vAaWhdBR38Q02ohXqaNHT	The All-American Rejects	['alternative metal', 'modern rock', 'neo mellow', 'neon pop punk', 'pop punk', 'pop rock', 'post-grunge']	[2018]	1	0
7bPU7cvfoD20ixGD9Qnqki	Stealers Wheel	['folk rock']	[2017, 2018]	1	0
3EXdLajEO02ziZ90P90bSW	Lil Xan	['cloud rap']	[2018]	1	0
7wzaSKTsjE9HnuDuZTX452	Arlissa	['uk pop']	[2018]	1	1
7iBY1RLWDV5zX9NDNQxurm	Tabitha	['dutch pop']	[2018]	1	1
29QbBR0oTzA7A0kiOzrbbr	Jamie Scott	['uk pop']	[2017, 2018]	1	1
5gWzmnHTLNXz5CjOc0wAuK	Romy Dya	['dutch pop']	[2017, 2018]	1	1
6biWAmrHyiMkX49LkycGqQ	Thin Lizzy	['album rock', 'blues rock', 'classic rock', 'glam metal', 'hard rock', 'irish rock', 'metal', 'rock']	[2018]	1	0
2wzMOQwNT6ZvVB4amvhFAH	The Pogues	['celtic punk', 'celtic rock', 'folk punk', 'punk']	[2017, 2018, 2019, 2020, 2021]	1	1
6UlNIFEuWlBqb4TvlVCekq	Kirsty MacColl	['new wave pop']	[2017, 2018, 2019, 2020, 2021]	1	1
3L2SIGZah4QZSvN4wC8rHl	City Spud	[]	[2017, 2018]	1	1
4RfOLIFy2xEmlWzXEVmLJn	Sjava	['afro soul', 'south african pop']	[2018]	1	1
6XpXnnKHIhCOUbOLOJGe6o	REASON	['indie hip hop', 'underground hip hop']	[2018]	1	1
7qShKycqNUP0GLEiTENDVZ	Womack & Womack	['disco']	[2018]	1	0
0G74PWccc2UbEEHNKVVaKB	Andreas Weise	['melodipop']	[2018, 2019]	1	0
03r4iKL2g2442PT9n2UKsx	Beastie Boys	['alternative rock', 'east coast hip hop', 'golden age hip hop', 'hip hop', 'old school hip hop', 'rap', 'rap rock', 'rock']	[2018]	1	0
3mLdH6xxrscTf2poCN9Kzy	Rio Santana	[]	[2018]	1	1
2V0DROfM2ieFSOcA3SHJLD	Judah	[]	[2018]	1	1
4DROs1Ye9DiLY3X8L7xvl8	Andrez Babii	['rap romantico']	[2018]	1	1
2xU6IU13MYie8RcM54Ovt0	Mugeez	['ghanaian pop']	[2017, 2018]	1	1
1VBflYyxBhnDc9uVib98rw	Icona Pop	['candy pop', 'dance pop', 'electropop', 'metropopolis', 'swedish electropop', 'swedish synthpop']	[2018]	1	1
2J6pigOrBmKQgqJUY5UM7r	Matt OX	['melodic rap', 'plugg', 'rage rap']	[2018]	1	1
62FPyLpIhmk27hBw6RHlhh	Louis Jordan & His Tympany Five	['jazz blues']	[2018, 2019, 2020, 2021]	1	1
69UfPJgUmFFAVT740qGVZi	Ken Darby Singers	[]	[2017, 2018, 2019, 2020, 2021]	1	1
735L650pvygCZZlPMyHqsN	John Scott Trotter & His Orchestra	['light music']	[2017, 2018, 2019, 2020, 2021]	1	1
1g1yxsNVPhMUl9GrMjEb2o	Plain White T's	['modern rock', 'neo mellow', 'neon pop punk', 'pop punk', 'pop rock']	[2017, 2018, 2019, 2020]	1	0
2iM28IgKg89v1o7BTQAVPo	Bruce Hornsby	['album rock', 'heartland rock', 'mellow gold', 'piano rock', 'singer-songwriter', 'soft rock']	[2018]	1	1
4374DY0rBAi0pCV6F9i00Y	The Range	['soft rock']	[2018]	1	1
11hIqBsGRPztdjBHCSLClX	Daniel Bedingfield	['europop', 'talent show']	[2017, 2018]	1	1
7cp62T0Av3mTgy0imKzat7	D'N'D Productions	[]	[2017, 2018]	1	1
2x8KDZdSONA3872CnhaAlX	Styles P	['battle rap', 'dirty south rap', 'east coast hip hop', 'hardcore hip hop']	[2017, 2018]	1	1
7mWMzxN6IAIQ1tfFFtAiQv	Bryn Christopher	['british soul']	[2018]	1	1
3Bj81IbILbuj2uEwWXMdXI	Sosamann	['atl trap', 'houston rap', 'memphis hip hop']	[2018]	1	1
6UTEBlaB3i0kM4r5S0G0Me	Tranell	['london rap']	[2018]	1	0
2ySHS7UojGu20XfUPaBlyu	Devin Dawson	['contemporary country', 'country road', 'modern country rock']	[2018, 2019, 2020]	1	0
4dwdTW1Lfiq0cM8nBAqIIz	Of Monsters and Men	['folk-pop', 'metropopolis', 'modern rock', 'stomp and holler']	[2017, 2018, 2021]	1	0
6TTVdg5UOUHsyiYPHgxLaq	The WRLDFMS Tony Williams	['psychedelic hip hop']	[2018]	1	1
7MFJyevu6jq0shwDuVLymu	Justin Mylo	['dutch house', 'electro house', 'pop dance', 'pop edm', 'progressive electro house']	[2018]	1	1
1E1W3to8HhGSkkIEUMwEjd	Dewain Whitmore	[]	[2018]	1	1
213WFYdlgojElnXhDyhwke	Little Nell	['novelty']	[2018, 2019, 2020, 2021]	1	1
7Akz0poR4eUgNM0ciCWqIs	Patricia Quinn	[]	[2018, 2019, 2020, 2021]	1	1
0aIOdrjH5s3hJqxmKoAEUg	Richard O'Brien	['hollywood']	[2018, 2019, 2020, 2021]	1	1
12Zk1DFhCbHY6v3xep2ZjI	070 Shake	['new jersey rap']	[2018]	1	1
7pLntWGInZPQxc4kXxzzjB	Liz Gillies	[]	[2018, 2019, 2020, 2021]	1	1
7zYGAXxAaq15C9eM29M8Fj	Eternal	['europop', 'girl group', 'new wave pop']	[2017, 2018]	1	1
6D9xBdOOyGHqOam9OShAWl	Bebe Winans	['gospel']	[2017, 2018]	1	1
6hl5k4gLl1p3sjhHcb57t2	Circa Waves	['britpop revival', 'english indie rock', 'indie surf', 'liverpool indie', 'modern alternative rock', 'modern rock']	[2018]	1	0
7uwp4AlJTMZFYQWvJiGXUO	Trapstar Toxic	['uk hip hop']	[2018]	1	1
5ChF3i92IPZHduM7jN3dpg	Nicky Romero	['big room', 'dutch edm', 'dutch house', 'edm', 'electro house', 'pop dance', 'progressive electro house']	[2018]	1	1
7b2TXxaphdghtTkfFQ36tT	442	['football']	[2018, 2021]	1	0
41rFkFsO5PXIsFpgNkB7Tz	ASCO	[]	[2018]	1	1
3plJVWt88EqjvtuB4ZDRV3	Ben E. King	['rock-and-roll', 'soul']	[2017, 2018, 2022]	1	0
5EUdiv20t58GCS09VMKk7M	Katy B	['hip house', 'uk funky', 'uk garage']	[2017, 2018]	1	0
6UAyCjS0OPMd1Ham8bvs9g	JES	['trance', 'vocal trance']	[2018]	1	0
7cTXfwpe9peK0UE1bZyIWZ	Pinkfong	"['cartoon', ""children's music"", 'dong-yo']"	[2018, 2019]	1	0
6G1yTgvoYsuVb2Ja8cVVJ2	anders	['canadian contemporary r&b', 'canadian hip hop', 'toronto rap', 'trap soul']	[2018]	1	1
0GGwQi1Nhgklz3kwJ1holE	Shout for England	['football']	[2018, 2021]	1	1
5E17eRqSfn08FsmvNCds0P	James Corden	['movie tunes']	[2018, 2021]	1	1
0UpuH5U4nZ3UGGUJi0Zfbp	Blue Swede	['classic swedish pop']	[2017, 2018]	1	1
1Ek3VdZ8EPmcvgRIqnHlrF	Björn Skifs	['classic swedish pop']	[2017, 2018]	1	1
3ngKsDXZAssmljeXCvEgOe	Eagle-Eye Cherry	['pop rock']	[2017, 2018]	1	0
7GBLSeDdlx3gl2cxHvYuOh	The Wannadies	['swedish alternative rock', 'swedish indie rock']	[2018]	1	0
44NX2ffIYHr6D4n7RaZF7A	Van Morrison	['classic rock', 'folk', 'folk rock', 'heartland rock', 'mellow gold', 'rock', 'singer-songwriter', 'soft rock']	[2017, 2018, 2019, 2020, 2021]	1	0
0dlOr0VIysztGWvU1dpjmP	Natalie Imbruglia	['dance pop', 'europop', 'lilith', 'new wave pop', 'pop rock']	[2017, 2018]	1	0
66jpZDjMcxF3SfDfwK7GXe	Reginae Carter	[]	[2018]	1	1
6lBN3Tzt61u8i9AJoAhKzF	Mykola Dmytrovych Leontovych	['post-romantic era', 'ukrainian classical']	[2017, 2018, 2019, 2020, 2021]	1	1
3bhu7P5PfngueRHiB9hjcx	Elle King	['modern blues rock']	[2018]	1	0
4frDtYgwXXKkbyQzjOmJG5	The Crypt-Kickers	[]	[2017, 2018, 2019, 2020, 2021]	1	1
3Mcii5XWf6E0lrY3Uky4cA	Ice Cube	['conscious hip hop', 'g funk', 'gangster rap', 'hip hop', 'rap', 'west coast rap']	[2018]	1	0
2VYQTNDsvvKN9wmU5W7xpj	Marilyn Manson	['alternative metal', 'hard rock', 'industrial', 'industrial metal', 'industrial rock', 'nu metal', 'post-grunge', 'rock']	[2018]	1	0
3LpLGlgRS1IKPPwElnpW35	James Morrison	['neo mellow']	[2017, 2018, 2019]	1	1
6RqXGNrD0Sob28HXBsjqTk	Tee Supreme	['gospel drill']	[2018]	1	1
24HNTbd7Y2qVOCyzIosYi9	Nana Rogues	['uk hip hop']	[2018]	1	1
2PSiyldxmJze7xiqbz658m	Spin Doctors	['alternative rock', 'pop rock', 'post-grunge']	[2018]	1	0
7bu3H8JO7d0UbMoVzbo70s	The Cure	['new wave', 'permanent wave', 'rock', 'uk post-punk']	[2017, 2018, 2019]	1	0
1yMYjh77WgOVafRkI50mim	Wilson Phillips	['girl group', 'mellow gold', 'new wave pop', 'soft rock']	[2018]	1	0
6u11Qbko2N2hP4lTBYjX86	Peter Bjorn and John	['alternative dance', 'baroque pop', 'dance-punk', 'indie rock', 'modern rock', 'new rave', 'swedish alternative rock', 'swedish indie pop']	[2018]	1	0
1GaBsp1ICIp1e6udgE7fba	Kevin Lyttle	['soca', 'vincy soca']	[2017, 2018]	1	0
6tt0iYnpHERj05WATWRiom	Bantu	['zimdancehall']	[2018, 2019]	1	1
085pc2PYOi8bGKj0PNjekA	will.i.am	['dance pop', 'pop']	[2018]	1	1
0yNLKJebCb8Aueb54LYya3	New Order	['dance rock', 'madchester', 'new romantic', 'new wave', 'permanent wave', 'post-punk', 'synthpop', 'uk post-punk']	[2018, 2021]	1	0
58GNHTqgNesANvRuoKzCwX	Malu Trevejo	[]	[2018]	1	1
1buzCmyYZE4kcdLRudsb8V	Mikky Ekko	['nashville indie']	[2017, 2018]	1	1
72eP0W3rIhkxd0NHGg4w4u	B*Witched	['europop', 'girl group']	[2017, 2018, 2019]	1	0
3EiLUeyEcA6fbRPSHkG5kb	De La Ghetto	['reggaeton', 'reggaeton flow', 'trap latino', 'urbano latino']	[2018]	1	1
7823Dim2TzjiQQ9wRQxyi9	Wizzard	['glam rock']	[2017, 2018, 2019, 2020, 2021]	1	0
0ueWjtogcQO8bHxAskyxDY	Celia Imrie	['movie tunes']	[2018]	1	1
0H0rBbf7vHXO3qh50Wap7y	Sam Sparro	['australian dance']	[2017, 2018]	1	0
7h2Y48bG543JDzEed383cx	Tinchy Stryder	['grime']	[2017, 2018, 2019]	1	1
47izDDvtOxxz3FzHYuUptd	McFly	['boy band', 'talent show']	[2017, 2018]	1	0
1IO0GVa1xjkFMXsg66FiE9	Lumidee	['hip pop']	[2018]	1	0
3o1cwVQfiDWafhYA02k13C	Crookers	['fidget house']	[2017, 2018]	1	1
0VbIlorLz3I5SEtIsc5vAr	Queen Pen	['contemporary r&b', 'hip pop', 'lgbtq+ hip hop']	[2017, 2018]	1	1
6TV0LZ3BaEun0OQEh96elP	Jordan Smith	['deep talent show', 'idol']	[2018, 2019, 2020]	1	0
7FIoB5PHdrMZVC3q2HE5MS	George Harrison	['album rock', 'beatlesque', 'classic rock', 'folk rock', 'mellow gold', 'rock', 'singer-songwriter', 'soft rock']	[2018]	1	0
31UNxhT1AIkN3sSSeSvFX4	Rube Claws	[]	[2018]	1	0
2ycnb8Er79LoH2AsR5ldjh	Pet Shop Boys	['dance rock', 'new romantic', 'new wave', 'new wave pop', 'permanent wave', 'synthpop']	[2018]	1	0
67ea9eGLXYMsO2eYQRui3w	The Who	['album rock', 'british invasion', 'classic rock', 'hard rock', 'rock']	[2018]	1	0
3M4ThdJR28z9eSMcQHAZ5G	The Fratellis	['garage rock', 'modern rock', 'scottish rock']	[2017, 2018, 2021]	1	0
0BmLNz4nSLfoWYW1cYsElL	Alexandra Stan	['romanian pop']	[2018]	1	0
2ZRQcIgzPCVaT9XKhXZIzh	Gryffin	['edm', 'pop dance']	[2018]	1	1
5ypxebeHEIXjMtJb17uJlI	Jet	['garage rock', 'modern rock', 'pop rock']	[2017, 2018, 2019]	1	0
23wEWD21D4TPYiJugoXmYb	Thalia	['latin pop', 'mexican pop']	[2017, 2018, 2019, 2020, 2021]	1	1
1h5mZb0u9bcFGeViohj87o	Yung Fume	['london rap', 'uk hip hop']	[2018]	1	1
2yQf6b8hxahZaT5dHlWaB1	Raekwon	['east coast hip hop', 'hardcore hip hop']	[2018]	1	1
4iCwCMnqsNZ6atvRiADgtn	RZA	['east coast hip hop', 'hardcore hip hop']	[2018]	1	1
4VmEWwd8y9MCLwexFMdpwt	Method Man	['east coast hip hop', 'hardcore hip hop', 'hip hop']	[2018]	1	1
4OBbOrkD4geIjOLrICN3wO	Inspectah Deck	['east coast hip hop', 'hardcore hip hop']	[2018]	1	1
0dS5xeDefwoUNasLUHnCjR	Cappadonna	['east coast hip hop']	[2018]	1	1
09XH5qagU5qcWhYXcQYsjX	Jackpot Scotty Wotty	[]	[2018]	1	1
0G070wUUUBptmqGEKAAUVx	U-God	['hardcore hip hop', 'hip hop']	[2018]	1	1
0ME1RawvWt3qOJnYnxVqeh	Masta Killa	['east coast hip hop']	[2018]	1	1
6ns6XAOsw4B0nDUIovAOUO	GZA	['east coast hip hop', 'hardcore hip hop']	[2018]	1	1
2ry5nwK1VNmh5zMZpmOAyc	Bob B. Soxx & The Blue Jeans	['brill building pop']	[2017, 2018, 2019, 2020, 2021]	1	0
59oA5WbbQvomJz2BuRG071	Jungle	['indie soul', 'indietronica', 'uk contemporary r&b']	[2018]	1	0
0HU0U9kdXEHZVxUNbuQe8S	Donny Hathaway	['chicago soul', 'classic soul', 'funk', 'neo soul', 'quiet storm', 'soul', 'southern soul']	[2018, 2019, 2020, 2021]	1	0
7aFTOGFDEqDtJUCziLVsVC	Nao	['alternative r&b', 'uk contemporary r&b']	[2018]	1	1
4QfOh8rJ0OddhhXHD5QyWs	The Boy Next Door	['basshall']	[2018]	1	1
4pADjHPWyrlAF0FA7joK2H	Jay Sean	['dance pop', 'pop', 'pop rap']	[2018]	1	1
20twLKFb2Nhd8duUH0k2DJ	Jake Gosling	[]	[2018]	1	1
75QQAQ1DfmGW500AJZbM0i	Hermes House Band	['bubblegum dance', 'voetbal']	[2018]	1	0
4WLGcWrkSExCqILxDk7ol6	Phats & Small	['classic house', 'disco house', 'hip house', 'vocal house']	[2018]	1	0
2AV6XDIs32ofIJhkkDevjm	Curtis Mayfield	['chicago soul', 'classic soul', 'funk', 'soul']	[2018]	1	0
7dOBabd5O4CvKrg4iriHTM	Kid Rock	['nu metal']	[2018]	1	0
3Yl4nkmEa8BSuGWbwhdLDq	G.R.L.	['girl group', 'post-teen pop', 'talent show']	[2018]	1	0
2ev9Efr1n87BI5ZqZJ8SlW	"H ""two"" O"	['uk garage']	[2018]	1	1
42Yg24I2eo5UhSxGMTP6zZ	Platnum	['uk garage']	[2018]	1	1
6rEzedK7cKWjeQWdAYvWVG	Five	['boy band']	[2017, 2018]	1	1
78E5Zx38dgv90Q7VN2AplD	Steve Mac	[]	[2017, 2018]	1	1
2mbvqMGpwLsakeH45p1Jrb	Mungo Jerry	['british blues', 'classic uk pop']	[2018]	1	0
0PFtn5NtBbbUNbU9EAmIWF	TOTO	['album rock', 'classic rock', 'hard rock', 'mellow gold', 'rock', 'soft rock', 'yacht rock']	[2017, 2018, 2019, 2020, 2021, 2022]	1	0
4K9aclpXgCPNFGEqRlFPal	Peter Manos	[]	[2018, 2019]	1	0
0pIk0qMYxCngTtC4Od3zV8	John Reid	[]	[2018]	1	1
4ITNzglfuGtfHgDu29GIMW	Big Narstie	['grime', 'uk hip hop']	[2018]	1	1
47Z8LEl3LnQkcpva0xSthT	The La's	['britpop']	[2017, 2018]	1	0
2JX4h8xm0hNxCB0aNBWzyi	Gyptian	['conscious hip hop', 'dancehall', 'reggae fusion']	[2018]	1	0
0NKDgy9j66h3DLnN8qu1bB	Eurythmics	['dance rock', 'new romantic', 'new wave', 'new wave pop', 'soft rock', 'sophisti-pop', 'synthpop']	[2017, 2018, 2019, 2020, 2021]	1	1
7gcCQIlkkfbul5Mt0jBQkg	Dave Stewart	['new wave pop', 'rock keyboard']	[2017, 2018, 2019, 2020, 2021]	1	1
1qUjOF5fzrpoNycD36b2jZ	Nate Ruess	['modern rock']	[2018]	1	1
21egYD1eInY6bGFcniCRT1	First Aid Kit	['swedish americana', 'swedish country']	[2018]	1	1
6O74knDqdv3XaWtkII7Xjp	Boyz II Men	['boy band', 'contemporary r&b', 'new jack swing', 'r&b', 'urban contemporary']	[2018]	1	1
5aSBbBUbArJfyNKDg4KS1I	Tyron Hapi	['melbourne bounce', 'sky room']	[2018]	1	1
22tB2wbnB3pexB04xtncrG	Mimoza	[]	[2018]	1	1
7w9jdhcgHNdiPeNPUoFSlx	Dropkick Murphys	['boston punk', 'boston rock', 'celtic punk', 'celtic rock', 'punk']	[2018]	1	0
0hxQtmgWiPtEsDPeIuKxXq	John Carpenter	['horror synth']	[2018]	1	0
5aMmmNxw4vgpc5XC6hK0zp	The Calling	['neo mellow', 'pop rock', 'post-grunge']	[2017, 2018]	1	0
2Kx7MNY7cI1ENniW7vT30N	Norah Jones	['contemporary vocal jazz', 'jazz pop', 'vocal jazz']	[2018, 2019, 2020, 2021]	1	0
3rIZMv9rysU7JkLzEaC5Jp	Snow Patrol	['irish rock', 'modern rock', 'neo mellow', 'permanent wave', 'pop rock']	[2017, 2018, 2019, 2020, 2021, 2022]	1	0
2l35CQqtYRh3d8ZIiBep4v	MKTO	['pop', 'post-teen pop']	[2018, 2019, 2020, 2021, 2022]	1	0
5ITI6SEoUZMIXXkzCfr4oE	Aluna	['dance pop']	[2018]	1	1
1Bo8Afb2Qbjs4x6kJHyjle	Gigamesh	['electrofox', 'filter house', 'nu disco']	[2017, 2018]	1	1
6r2niOTnexy9xss5g8GWXH	Yasiin Bey	[]	[2018]	1	1
0RqtSIYZmd4fiBKVFqyIqD	Thirty Seconds To Mars	['modern rock', 'post-grunge']	[2018]	1	1
4TEJudQY2pXxVHPE3gD2EU	BlocBoy JB	['memphis hip hop', 'rap', 'tennessee hip hop', 'trap']	[2018, 2019]	1	1
53cQZtWDwDJwVCNZlfJ6Qk	Laidback Luke	['big room', 'dutch edm', 'dutch house', 'edm', 'electro house', 'house', 'pop dance', 'progressive electro house', 'progressive house']	[2018]	1	1
4as3khXWaPjfkFdCA0JWMo	Jesse®	['modern alternative pop']	[2018]	1	1
2WvLeseDGPX1slhmxI59G3	Robin S	['diva house']	[2018]	1	0
3GBPw9NK25X1Wt2OUvOwY3	Jack Johnson	['neo mellow']	[2017, 2018, 2019, 2021]	1	0
4we5S2VLjgY9KzIzApL1KI	Ryan Tedder	[]	[2018]	1	1
1HMhQzj2QXxR40zGDdaK6y	Kojey Radical	['uk alternative hip hop']	[2018]	1	1
3Z5mKcfp5vSjpFCYVoR5iW	1 Hour Band	[]	[2018]	1	0
64CuUOOirKmdAYLQSfaOyr	The Emotions	['chicago soul', 'classic soul', 'disco', 'funk', 'girl group', 'motown', 'post-disco', 'quiet storm', 'soul']	[2018]	1	1
7giUHu5pv6YTZgSkxxCcgh	Edward Sharpe & The Magnetic Zeros	['la indie', 'stomp and holler']	[2018]	1	0
4cgzmqmPVe1mdy8oGrJRaX	Amelia Monét	[]	[2018]	1	1
1iBGuNBYRKnNdKxm0kKNM0	Young Sinatra	[]	[2018]	1	1
2HUwZ0kumzCSlhFcjFZfpp	Flipp Dinero	['melodic rap', 'trap']	[2018, 2019]	1	0
3eqjTLE0HfPfh78zjh6TqT	Bruce Springsteen	['heartland rock', 'mellow gold', 'permanent wave', 'rock', 'singer-songwriter']	[2017, 2018, 2019, 2020, 2021]	1	0
00tVTdpEhQQw1bqdu8RCx2	Blue Öyster Cult	['album rock', 'classic rock', 'glam metal', 'hard rock', 'progressive rock', 'rock']	[2017, 2018, 2019, 2020, 2021]	1	0
5QuBVnBPEzwYvFrgBbwpmU	Empress Of	['art pop', 'electropop', 'escape room', 'etherpop', 'shiver pop']	[2018, 2019]	1	1
2CvCyf1gEVhI0mX6aFXmVI	Paul Simon	['classic rock', 'folk', 'folk rock', 'mellow gold', 'permanent wave', 'rock', 'singer-songwriter', 'soft rock']	[2017, 2018, 2019, 2020, 2021]	1	0
3sFTupo9UGgrujjN21BjwR	Gossip	['alternative dance', 'electroclash', 'olympia wa indie']	[2018]	1	0
0WOxhx4hikIsyF3CRPLC8W	Famous Dex	['chicago rap', 'drill', 'rap', 'trap']	[2018]	1	0
4xNadaO5ZZLVJdqDIVVIua	Electric Six	['dance-punk', 'garage rock']	[2018]	1	0
3MCjwjfIor5FkK3h639qkW	Rufus	['classic soul', 'disco', 'funk', 'motown', 'p funk', 'post-disco', 'quiet storm', 'soul', 'southern soul']	[2017, 2018]	1	1
7KHHYdr41rIO5k4ENDbfNp	OSH	['london rap']	[2018]	1	0
78tb5IXVdgoNDphZXWMN0r	Asco	['london rap', 'uk hip hop']	[2018]	1	1
4BHU68IINW0fZNRIvSOir5	Fat Les	[]	[2018, 2021]	1	0
41K03x2QpJG4rJJ84LceST	Morgan Munroe	[]	[2018]	1	1
1ruutHJcECI7cos2n5TqpO	Nayer	['deep dance pop']	[2018]	1	1
2gmeFH5Iz8UEA7K0OHDePQ	Ant & Dec	['boy band']	[2018, 2021]	1	0
4XY7BEqVPyIqRve1CWHTqr	Louis III	['uk contemporary r&b']	[2018]	1	1
08rMCq2ek1YjdDBsCPVH2s	Amerie	['contemporary r&b', 'hip pop', 'neo soul', 'r&b', 'urban contemporary']	[2017, 2018]	1	0
4cmA2QDPdzh8W2ytpyUGes	Young Scooter	['atl trap', 'drill', 'trap']	[2018]	1	1
1AEcpjnSCmm53IBZQo3g9z	DāM-FunK	['popping', 'synth funk', 'wonky']	[2018]	1	1
5TGTpu4g8siFOIctZuQO7y	Sylvester	['disco', 'hi-nrg']	[2018]	1	0
6IRouO5mvvfcyxtPDKMYFN	Foreigner	['album rock', 'classic rock', 'glam metal', 'hard rock', 'heartland rock', 'mellow gold', 'rock', 'soft rock']	[2017, 2018]	1	0
3LmkRGuUav9Un8TDMjwKSg	Skengdo	['german drill', 'uk drill', 'uk hip hop']	[2018]	1	1
6qYIqnnJM4TkFtVKiqQgmm	AM	['uk drill', 'uk hip hop']	[2018]	1	1
5NGO30tJxFlKixkPSgXcFE	The Police	['album rock', 'classic rock', 'permanent wave', 'rock']	[2018]	1	0
3XC57xz74X3xUi1hv4mge1	Winona Oak	['swedish pop']	[2018, 2019]	1	1
5ksRONqssB7BR161NTtJAm	Ace of Base	['eurodance', 'europop', 'new wave pop']	[2018]	1	0
6IFXsrXBpwbIqtOUOiAa3p	Rick Springfield	['album rock', 'australian rock', 'classic rock', 'glam metal', 'hard rock', 'heartland rock', 'mellow gold', 'new romantic', 'new wave pop', 'soft rock', 'yacht rock']	[2017, 2018]	1	0
2wvUfjKGoXvcnDHq7GgMOa	The Ting Tings	['alternative dance', 'dance-punk', 'new rave']	[2018]	1	0
6r20qOqY7qDWI0PPTxVMlC	DJ Fresh	['dancefloor dnb', 'drum and bass', 'uk dance']	[2018]	1	1
3cWGilyM7pw2Q1bGbTXuBr	TrifeDrew	[]	[2018]	1	1
67hb7towEyKvt5Z8Bx306c	Empire of the Sun	['australian dance', 'australian electropop', 'dance rock', 'indietronica', 'neo-synthpop']	[2017, 2018]	1	0
0tMbQtD3YwrVFk9Lb6abmB	A*M*E	['uk pop']	[2018]	1	1
37NqXwtb6nIEqRt4EJSoIO	Duffy	['british soul']	[2017, 2018, 2019]	1	0
24DQLSng7bKZD4GXLIaQbv	Percy Faith & His Orchestra	"['easy listening', ""man's orchestra""]"	[2018]	1	1
1tqZaCwM57UFKjWoYwMLrw	The Cardigans	['lilith', 'new wave pop', 'permanent wave', 'pop rock', 'swedish pop']	[2018]	1	0
7jlMwr0xUcRO1xS6WjkkUT	One Bit	['pop edm']	[2018]	1	1
2iEvnFsWxR0Syqu2JNopAd	Smash Mouth	['pop rock', 'post-grunge']	[2017, 2018, 2019]	1	0
2qV7axHq9Jk7QqFcB3f05A	The Zutons	['british indie rock', 'english indie rock']	[2018]	1	0
3LjhVl7GzYsza1biQjTpaN	Hayley Kiyoko	['alt z', 'indie poptimism', 'pop']	[2018]	1	1
7AcV1lk8Zrgo1691PDWEle	Freshlyground	['african rock', 'afropop', 'south african jazz', 'south african pop', 'south african pop dance']	[2018, 2021]	1	1
1SupJlEpv7RS2tPNRaHViT	Nicky Jam	['latin hip hop', 'reggaeton', 'trap latino', 'urbano latino']	[2018]	1	1
7gP3bB2nilZXLfPHJhMdvc	Foster The People	['indietronica', 'modern alternative rock', 'modern rock', 'rock']	[2017, 2018, 2019, 2020, 2021]	1	0
0vneleczrRRNPF1vj0x0vy	The Harlem Community Choir	[]	[2017, 2018, 2019]	1	1
4m2kfAHEnK7Z7qLGxeWtro	The Plastic Ono Band	['beatlesque', 'experimental rock']	[2017, 2018, 2019]	1	1
4aYwWrMGk2aeN4Vy8ZMZ2X	Champs United	['oktoberfest']	[2018]	1	0
0WwSkZ7LtFUFjGjMZBMt6T	Dire Straits	['album rock', 'classic rock', 'mellow gold', 'rock']	[2018]	1	0
5gw5ANPCVcxU0maLiGRzzP	Billy Raffoul	['canadian pop']	[2018]	1	1
5MmVJVhhYKQ86izuGHzJYA	MIKA	['pop rock']	[2017, 2018]	1	0
1dIdBZaaHRW2bDTkHNfWln	The Veronicas	['australian pop', 'candy pop', 'dance pop', 'girl group', 'post-teen pop']	[2017, 2018]	1	0
6yJCxee7QumYr820xdIsjo	Zac Brown Band	['contemporary country', 'country', 'country road', 'modern country rock']	[2018]	1	0
1zV9UjTUevjp5VUddqIUUn	Mr Hudson	[]	[2018]	1	1
3lN1TG4RIoaJCff6Ck9KUR	The Farm	['dance rock', 'madchester']	[2018, 2021]	1	0
0lZoBs4Pzo7R89JM9lxwoT	Duran Duran	['album rock', 'dance rock', 'new romantic', 'new wave', 'new wave pop', 'rock', 'soft rock', 'synthpop']	[2018, 2019, 2020, 2021]	1	0
4Z4afeDmHFxPmJorIwupbZ	Netta	['israeli pop']	[2018]	1	0
1OP8dhKdvHHsYDa4Y84Hsa	Ebony Frainteso	['uk contemporary r&b']	[2018]	1	0
06Iyp8QTMuoS38jjgMYFx2	Ronnie Drew	['irish folk']	[2018]	1	0
71THa7IZ29vVj9shu4DeyC	Sadie Ama	[]	[2017, 2018]	1	1
4gpElxNt5pL515njzmZaZG	Roll Deep	['grime']	[2018]	1	1
2z8TUHYgpATw1YCb8WV6qv	Jodie Connor	[]	[2018]	1	1
6aq8T2RcspxVOGgMrTzjWc	Soft Cell	['new romantic', 'new wave', 'new wave pop', 'synthpop']	[2017, 2018, 2021, 2022]	1	0
3EOEK57CV77D4ovYVcmiyt	Dennis Lloyd	['israeli pop']	[2018, 2019]	1	0
1aX2dmV8XoHYCOQRxjPESG	The Human League	['new romantic', 'new wave', 'new wave pop', 'permanent wave', 'sophisti-pop', 'synthpop']	[2018, 2019, 2021]	1	0
6oX4tx055oEFYM3ahDTyOD	Noisettes	['british soul']	[2018]	1	0
0z5DFXmhT4ZNzWElsM7V89	Erasure	['new romantic', 'new wave', 'new wave pop', 'synthpop']	[2017, 2018]	1	0
6Z4puj0KYgtcxJrVXKmvBX	Sharaya J	['jersey club', 'new jersey rap']	[2018]	1	1
2HFuviZiAYhouKgvRX0y45	Chantel Jeffries	['kentucky hip hop', 'la pop']	[2018]	1	1
0GeeIVcvGA8GSlWsoY1dkG	Vory	['kentucky hip hop', 'trap soul']	[2018]	1	1
26bcq2nyj5GB7uRr558iQg	Survivor	['album rock', 'glam metal', 'hard rock', 'soft rock']	[2017, 2018, 2019]	1	0
6Kz7MXIUFMtp5Ts91lagtR	Mikolas Josef	['czech pop']	[2018]	1	0
0XSz7OqyhKBKRq4ZU8WpAo	KAMILLE	['uk contemporary r&b']	[2018]	1	1
6GI52t8N5F02MxU0g5U69P	Santana	['blues rock', 'classic rock', 'mexican classic rock']	[2018]	1	1
3aBkeBhwadnWMWoVJ2CxJC	Rob Thomas	['neo mellow', 'pop rock', 'post-grunge']	[2018]	1	1
0gDg7FEsF4Y1jWddJJgcn4	The Rembrandts	['pop rock']	[2017, 2018]	1	0
4VnomLtKTm9Ahe1tZfmZju	Jackie Wilson	['chicago soul', 'classic soul', 'rock-and-roll', 'soul']	[2018, 2019]	1	0
5wfMJ2PgaKgroRIcXB5Ck6	Swifta Beater	['grime', 'instrumental grime']	[2018]	1	1
6XwwFnewNgWp81MYMK8zLq	Edward Maya	['romanian house', 'romanian pop']	[2018]	1	1
34dZRjYum6vVBGslgYaBtB	Vika Jigulina	['moldovan pop']	[2018]	1	1
7fObcBw9VM3x7ntWKCYl0z	Colby O'Donis	[]	[2018, 2019]	1	1
6bwVWdQfr6ttzrGLboVkjg	Paul Rosenberg	[]	[2018]	1	0
2mpeljBig2IXLXRAFO9AAs	Dido	['dance pop', 'europop', 'lilith', 'neo mellow', 'pop rock']	[2018, 2022]	1	1
5XnIjshjqYVE2eDVgSt9Ro	Mel & Kim	[]	[2018, 2019, 2020, 2021]	1	0
5fahUm8t5c0GIdeTq0ZaG8	Otto Knows	['dutch house', 'edm', 'electro house', 'pop dance', 'progressive electro house', 'progressive house']	[2018]	1	0
2tbvDi9eXf9XXp06LupkED	Alice Deejay	['bouncy house', 'eurodance']	[2018]	1	0
7e10JUMF7MJmmwYpnTSMI5	Dave East	['harlem hip hop', 'nyc rap', 'trap']	[2018]	1	1
0zOcE3mg9nS6l3yxt1Y0bK	The Fray	['neo mellow', 'piano rock', 'pop', 'pop rock']	[2017, 2018, 2021, 2022]	1	0
63MQldklfxkjYDoUE4Tppz	M83	['french shoegaze', 'french synthpop', 'indietronica', 'metropopolis', 'neo-synthpop']	[2017, 2018, 2020]	1	0
7o95ZoZt5ZYn31e9z1Hc0a	Natasha Bedingfield	['dance pop', 'pop', 'post-teen pop']	[2017, 2018, 2019]	1	0
6xeFne1rkxMhKSW3ipvkdV	Toploader	['british alternative rock']	[2017, 2018, 2019, 2020, 2021, 2022]	1	0
2TzHIUhVpeeDxyJPpQfnV3	Katrina & The Waves	['new wave pop']	[2018, 2019, 2020, 2021]	1	0
2sil8z5kiy4r76CRTXxBCA	The Goo Goo Dolls	['neo mellow', 'permanent wave', 'pop rock', 'post-grunge']	[2017, 2018, 2019, 2020, 2021, 2022]	1	0
33jj0tW4yX7mnywIwPAtGV	Dalton Harris	[]	[2018]	1	1
2IQIEHvL14Tj7vOKHbIMMj	CLiQ	[]	[2017, 2018]	1	1
1U3n3wACHLjc8sS1obMEuf	Alika	[]	[2017, 2018]	1	1
4Wjf8diP59VmPG7fi4y724	Cedric Gervais	['dutch house', 'edm', 'electro house', 'pop dance', 'progressive electro house', 'progressive house']	[2017, 2018]	1	1
7fIvjotigTGWqjIz6EP1i4	Four Tops	['classic soul', 'disco', 'motown', 'quiet storm', 'soul']	[2018, 2019]	1	0
2uFC1dAj5b0YU7vulKNZ0p	Banx & Ranx	['basshall']	[2018]	1	1
0TImkz4nPqjegtVSMZnMRq	TLC	['atl hip hop', 'contemporary r&b', 'dance pop', 'girl group', 'hip pop', 'r&b', 'urban contemporary']	[2017, 2018, 2019, 2020]	1	0
3qm84nBOXUEQ2vnTfUTTFC	Guns N' Roses	['glam metal', 'hard rock', 'rock']	[2017, 2018]	1	0
3v6Ji4uoWtKRkhuDUaxi9n	Dynoro	['edm']	[2018, 2019]	1	1
1OAjDaKgg00KCUYqDe68un	Gigi D'Agostino	['eurodance', 'italo dance']	[2018, 2019]	1	1
1A92IAcd7A6npCA33oGM5i	The Proclaimers	['celtic rock', 'scottish rock']	[2017, 2018, 2021]	1	0
7xkAwz0bQTGDSbkofyQt3U	Belinda Carlisle	['new romantic', 'new wave pop', 'soft rock']	[2017, 2018]	1	0
7oNtf1MwhHcyXRsYXE1WsG	Aazar	['electro house', 'electronic trap']	[2018]	1	1
7H55rcKCfwqkyDFH9wpKM6	Christina Perri	['pop']	[2017, 2018, 2019, 2020, 2021, 2022]	1	0
1gR0gsQYfi6joyO1dlp76N	Justice	['alternative dance', 'dance-punk', 'electronica', 'filter house', 'indietronica', 'new rave']	[2017, 2018]	1	1
19rgRqYVP3LJf9tGmMWLjP	Simian	[]	[2017, 2018]	1	1
3cSTuOCq6sJ8Xhmw3rit7j	Leoni Jut	[]	[2018]	1	0
0kkxsdcaWmWU2yWAqclDh4	Rixton	['pop', 'post-teen pop']	[2018]	1	0
69MEO1AADKg1IZrq2XLzo5	UB40	['reggae fusion', 'uk reggae']	[2017, 2018, 2019, 2020]	1	0
4X8QFzZ1HqwPfwDfyjtwXC	Mel Tormé	['adult standards', 'easy listening', 'lounge', 'swing', 'vocal jazz']	[2017, 2018, 2019, 2020]	1	0
6vytZ677lz4LzCrUDcDokM	Blu Cantrell	['hip pop', 'urban contemporary']	[2017, 2018]	1	1
7f0OLhGgBMX9fUjm1dcPip	Alice Merton	[]	[2018]	1	0
0dEvJpkqhrcn64d3oI8v79	Barenaked Ladies	['canadian pop', 'canadian rock', 'pop rock', 'post-grunge']	[2018]	1	0
7xNPROyVfkH4mcIxxCxySm	Junior Senior	['danish pop']	[2017, 2018, 2019]	1	0
532SqCIYmJyXEdEiCJLgYG	Cristoph	['house', 'progressive house']	[2018, 2019]	1	1
2C8mKwk3z5DtqLcSwUdYJ9	Marc Cohn	['mellow gold']	[2018]	1	0
5FxshnB3eJ2YDn8xN8zDKq	Hannah Kerr	['anthem worship', 'ccm']	[2018, 2019, 2020, 2021]	1	0
6Jrxnp0JgqmeUX1veU591p	Santigold	['alternative dance', 'indietronica', 'neo-synthpop']	[2018]	1	1
09hVIj6vWgoCDtT03h8ZCa	A Tribe Called Quest	['conscious hip hop', 'east coast hip hop', 'golden age hip hop', 'hip hop', 'jazz rap', 'queens hip hop']	[2018]	1	0
1pgtr4nhBQjp9oCUBPyYWh	Fountains Of Wayne	['pop rock', 'power pop']	[2017, 2018, 2019, 2020]	1	0
1AwO9pWEBSBoWdEZu28XDC	Eartha Kitt	['torch song', 'vocal jazz']	[2017, 2018, 2019, 2020, 2021]	1	1
0oK8UXKZbQezeRhE0KeBAV	Henri René and His Orchestra	"[""man's orchestra""]"	[2017, 2018, 2019, 2020, 2021]	1	1
0vEsuISMWAKNctLlUAhSZC	Counting Crows	['neo mellow', 'pop rock', 'post-grunge', 'rock']	[2018]	1	0
596ByjVYnslGJIHxEBGjF8	Ultrabeat	['bouncy house', 'eurodance']	[2018]	1	0
0Xf8oDAJYd2D0k3NLI19OV	CHIC	['disco', 'funk', 'motown', 'soul']	[2017, 2018]	1	0
0lJlKQvuM2Sd9DPPyUXcHg	Sixpence None The Richer	['lilith', 'pop rock']	[2017, 2018]	1	0
0rvjqX7ttXeg3mTy8Xscbt	Journey	['album rock', 'classic rock', 'hard rock', 'heartland rock', 'mellow gold', 'rock', 'soft rock']	[2017, 2018, 2019, 2020, 2021, 2022]	1	0
5nGIFgo0shDenQYSE0Sn7c	Evanescence	['alternative metal']	[2018]	1	0
7LImGq5KnzQobZciDJpeJb	Charlotte Lawrence	['alt z']	[2018]	1	1
7x5rK9BClDQ8wmCkYAGsQp	Paolo Nutini	['british soul', 'neo mellow', 'scottish singer-songwriter']	[2017, 2018, 2019]	1	0
1aOt6LvXOV6I8dv1A5Diia	DON BROCO	['british alternative rock', 'modern alternative rock']	[2018]	1	0
2cFCoDyEaPrw8QVnrDlPKU	Stan Kenton	[]	[2018]	1	0
5Gejwv3xz2DpLcxVpMD6hL	Thurl Ravenscroft	['movie tunes']	[2017, 2018]	1	0
5MouCg6ta7zAxsfMEbc1uh	OMI	['reggae fusion']	[2017, 2018, 2019, 2020, 2021]	1	1
0Grjlu7ncIuCaSYvCs9fcd	New Radicals	['pop rock']	[2018]	1	0
205uUEmOunDUqqtmWWYXd5	Likkle T	[]	[2018]	1	1
4uK3dRV8eaBhEBZjNdUecM	Fatz	[]	[2018]	1	1
42CTAGssAbOtmEow2Q5saa	Storm	[]	[2018]	1	1
6Jy1gEI8kdt2aXQvwnqxtM	Streetz	[]	[2018]	1	1
2TImI3DW7o5MdRXJs4D37h	SOB X RBE	['cali rap']	[2018]	1	0
6sFHvCyqklnJpXC9Nh1aag	Alexander 23	['alt z', 'singer-songwriter pop']	[2020]	1	0
1DD3GR5qWWMYfr3FWPHTpC	DeeJayBigBener	[]	[2020]	1	0
3sDbKMebVH2VYcRSl7u1VC	for KING & COUNTRY	['ccm', 'christian alternative rock', 'christian indie', 'christian music', 'world worship']	[2020]	1	0
6r87cYE2fin8xe1B58CC21	Dorothy Carless	['british dance band']	[2020]	1	0
33JfM2NgTRFT9wMoQvcv6T	Talent	[]	[2020]	1	1
4Z8W4fKeB5YxbusRsdQVPb	Radiohead	['alternative rock', 'art rock', 'melancholia', 'oxford indie', 'permanent wave', 'rock']	[2017, 2020]	1	0
2x9SpqnPi8rlE9pjHBwmSC	Talking Heads	['alternative rock', 'art punk', 'dance rock', 'funk rock', 'new wave', 'permanent wave', 'post-punk', 'rock', 'zolo']	[2017, 2020, 2021]	1	0
5D9NYfOaGxFKCalJIeia1N	Atlantic Holiday	[]	[2020]	1	1
6YqhcZlSE8ugUcmoHLw9gz	Vula	[]	[2019, 2020]	1	1
6yb7iR9KSHvoITAvoxz3ia	Stevie Mackey	[]	[2020]	1	1
59u9R3yNVw4PWC3Rg1JZhk	THE ELEVEN	[]	[2020]	1	1
0fGVuq5ed21pM7iWwTcMyk	Amy Lee	['hel']	[2020]	1	1
7avo0PmlW8O1YLEt9DnWQT	Studio Killers	[]	[2020]	1	0
1vlBj1Zv2y6dCNdGeIBsNo	Future Utopia	[]	[2020]	1	1
2zBduxEdOsDLDT5Fk0wTut	Es Devlin	[]	[2020]	1	1
3YSNlDQ9yNDVrkvVFrC9Pm	Baby Mane	['melodic drill', 'uk melodic rap']	[2020, 2021]	1	1
5cJ9OiRVmXUPw9foJCoR0T	Louis Rei	[]	[2020]	1	1
7LzTBVNarOeaDXFdzOugAI	Sly Pyper	[]	[2020]	1	1
4Cnaew6nY21DjfeARQPhn7	Jordan	['charva', 'manchester hip hop']	[2020]	1	1
6jrVq7qYCGFGirqPS31MQ3	Swoosh God	[]	[2020]	1	1
4Q9z4se5pHimOE8PUijvkE	Sloan Evans	[]	[2020]	1	1
1dLcljpNfvtyvvN98a6XGD	Joe Loss And His Band	['british dance band']	[2020]	1	0
1gRNBaI4yn6wCCTvRhGWh8	Don McLean	['classic rock', 'folk', 'folk rock', 'heartland rock', 'mellow gold', 'singer-songwriter', 'soft rock']	[2020]	1	0
62ZiGUTPhgySJXKhGUpqhn	Flanagan & Allen	['music hall']	[2020]	1	0
2UyyBkpzN5w3hzZBZGvRZb	Sosa Geek	['brooklyn drill']	[2020]	1	1
5WWSL6rElJeUk3Uc1S2RyD	Dead Or Alive	['hi-nrg', 'new romantic', 'new wave pop', 'synthpop']	[2019, 2020]	1	0
64YajbnlaxCp4ZDtmGhEBA	Dj 4rain	[]	[2020]	1	0
5tKXB9uuebKE34yowVaU3C	Iyaz	['dance pop', 'pop rap', 'post-teen pop']	[2017, 2020]	1	0
1jKpNUjiz4KXgaAZD5FI9S	Zack De La Rocha	['industrial hip hop', 'political hip hop']	[2020]	1	1
0uqddFnkR5VFHepMk9NEz3	John McCormack	['irish ballad', 'vaudeville', 'vintage classical singing']	[2020]	1	0
0vHnMy9PKDHnlt5tAZbvxw	Philipp Mueller	[]	[2020]	1	0
3QJUFtGBGL05vo0kCJZsmT	salem ilese	['alt z', 'modern indie pop']	[2020]	1	0
6CFQDzNLNcuK5lVZ766Yxt	Yannis	[]	[2020]	1	1
3wVXTWabe3viT0jF7DfjOL	Vedo	['pop r&b']	[2020]	1	0
7MqnCTCAX6SsIYYdJCQj9B	Pendulum	['australian dance', 'dancefloor dnb', 'drum and bass']	[2020]	1	0
48vkbNxjesTOyOaiNz2Kxg	Beryl Davis	[]	[2020]	1	1
3INWbvDqORi6hPo4cQ9gDZ	The Geraldo Strings	[]	[2020]	1	1
59u6HvxEwrOg7jrPhqxFWF	Krept	[]	[2020]	1	1
19eLuQmk9aCobbVDHc6eek	Louis Armstrong	['adult standards', 'dixieland', 'harlem renaissance', 'jazz trumpet', 'new orleans jazz', 'soul', 'swing', 'vocal jazz']	[2020]	1	1
3VrWSWV74xyECVDt2zBy4T	The Commanders	[]	[2020]	1	1
2JbE7jUIGtpXSzytnyMg6U	Curtis Waters	[]	[2020]	1	1
44rJuOJLavqhY6qGgpQW4U	Harm Franklin	['alberta hip hop']	[2020]	1	1
0NIPkIjTV8mB795yEIiPYL	Wallows	['pov: indie']	[2020, 2021]	1	1
7A0awCXkE1FtSU8B0qwOJQ	Jamie xx	['electronica', 'future garage', 'indie soul', 'indietronica']	[2020]	1	0
7agFYyLYfOWgJ496sJHjY7	The Beverley Sisters	['vocal harmony group']	[2020]	1	0
1ZwuShKjJItDJez0aDCsxN	SHELLS	['uk pop']	[2020]	1	1
4ETSs924pXMzjIeD6E9b4u	Surfaces	['bedroom soul']	[2020]	1	0
6Rx1JKzBrSzoKQtmbVmBnM	Hayley Williams	['art pop']	[2020]	1	0
3WHQ0LeFg3B3aSWzuIRzoO	Belladogdj	[]	[2020]	1	0
7qd6KGoABHifvXKeFNe2Yb	Wolftyla	['trap queen']	[2020]	1	1
3xByNj8XW17oW0wsJhgzYL	SOFT PLAY	['english indie rock', 'kent indie', 'modern alternative rock']	[2020]	1	1
1kwi1Q7X4jPTkHTgayxKhS	Alonestar	[]	[2020]	1	1
6VuyrmclG2XOdkqz0AeGcs	Rick Live	[]	[2020]	1	1
3gBy9scXSLRimW2U7Dbn4N	Offeno	[]	[2020]	1	0
3OixquvLvKBdSUJlYDPbxU	Joe Loss & His Orchestra	"['british dance band', ""man's orchestra""]"	[2020]	1	0
6F3vLfyutkUhpM50G84eMt	Endor	['deep groove house', 'house', 'scottish rock']	[2019, 2020]	1	0
7bmYpVgQub656uNTu6qGNQ	Hwa Sa	['k-pop', 'korean talent show']	[2020]	1	1
2rspptKP0lPBdlJJAJHqht	Yussef Dayes	['british jazz', 'indie soul']	[2020]	1	1
0Y4inQK6OespitzD6ijMwb	Freddie Gibbs	['alternative hip hop', 'hip hop', 'indiana hip hop', 'rap', 'underground hip hop']	[2020]	1	1
2bdcBjvuI9worc472GbeU0	Samuel Kim	['anime lo-fi']	[2020]	1	1
4ET82ZtSfAK4utfjDauImD	Black Gryph0n	['otacore']	[2020]	1	1
24Ws1EeobHSyqDxQKfie7Q	Dezzie	['uk drill']	[2020]	1	1
3JShg3WRiDTNoQe9Soeay9	Lowkey OFB	['uk drill']	[2020]	1	1
3cz1YSCXv6hjifHO6bYLLH	Sidemen	[]	[2019, 2020]	1	0
2IZXxSIGhFtkHJyMh6UTln	Aiyana-Lee	[]	[2020]	1	1
1WIHbvNZTybCVHFMbzuGJo	Crypt	[]	[2020]	1	1
7hs75D38FalYWr7BDO1WPh	Eko Roosevelt	[]	[2020]	1	1
3Inrg8cs8oc4q8oPES4a6S	The Five Stairsteps	['chicago soul', 'classic soul', 'motown']	[2020]	1	0
7GaxyUddsPok8BuhxN6OUW	James Brown	['funk', 'soul']	[2020]	1	0
1FN3UEetBb2iNjcNAmrv4r	Live Lounge Allstars	['acoustic cover']	[2020]	1	0
6P5NO5hzJbuOqSdyPB7SJM	Ashe	['alt z']	[2020]	1	0
63yrD80RY3RNEM2YDpUpO8	Melanie Martinez	['alt z', 'electropop', 'pop']	[2020]	1	0
6cXMpsP9x0SH4kFfMyVezF	Josh Groban	['operatic pop']	[2020, 2021]	1	1
25NQNriVT2YbSW80ILRWJa	Faith Hill	['contemporary country', 'country', 'country dawn', 'country road']	[2020, 2021]	1	1
4MTNXrn0TAHwVwhYNeZjkF	Miniminter	['social media pop']	[2020]	1	1
1HUhsxeHNGgqtmlQGvYmiA	Randy	['game mood']	[2020]	1	1
3bYcjbVAN3rAuU3TMzw2mB	Marcus Mumford	['british singer-songwriter']	[2020]	1	1
5zmQ5BaAE6uriKd7SxbJjg	The Band Of Her Majesty's Royal Marines & Pipes & Drums Of The Argyll & Sutherland Highlanders	[]	[2020]	1	0
6l3iPTof4l2D75Wawq9w7R	Al Bowlly	['british dance band']	[2020]	1	0
7H2vhIrsFEQnkB7TDBuLXa	Marvelus Fame	['trap latino']	[2020]	1	0
7I95CM75shzCjHuTzrepjM	Nova Twins	['black punk', 'uk diy punk']	[2020]	1	1
3SXwqSqAoBz9WCI9PDQzY6	Fontaines D.C.	['crank wave', 'irish indie rock', 'irish post-punk']	[2020]	1	0
6kZWqUZqptyxb8Ki5DyBAg	DTG	['afroswing']	[2020, 2021]	1	1
0qsb6mnN5e7ut4axY4wofX	Noel Coward	['british dance band', 'music hall', 'operetta']	[2020]	1	0
4ZgQDCtRqZlhLswVS6MHN4	grandson	['modern alternative rock', 'modern rock', 'pov: indie', 'rock']	[2020]	1	0
1KP6TWI40m7p3QBTU6u2xo	BØRNS	['indie poptimism', 'indietronica', 'modern alternative rock', 'modern rock', 'pov: indie']	[2020, 2021]	1	0
4H3e5t5utgPvj6Nsuda5QF	Jasmine Cephas-Jones	['show tunes']	[2020]	1	1
3vbKDsSS70ZX9D2OcvbZmS	Beck	['alternative rock', 'anti-folk', 'permanent wave', 'rock']	[2020]	1	1
1MXZ0hsGic96dWRDKwAwdr	Tyla Yaweh	['cali rap', 'melodic rap']	[2020]	1	1
630wzNP2OL7fl4Xl0GnMWq	BABYMETAL	['idol rock', 'j-metal', 'kawaii metal']	[2020]	1	1
77zlytAFjPFjUKda8TNIDY	Youssou N'Dour	['afropop', 'mbalax', 'world']	[2020]	1	1
1Naqgo0HMRoumRP0e2MXD9	Tiana Major9	['alternative r&b', 'uk contemporary r&b']	[2019, 2020]	1	1
7lzordPuZEXxwt9aoVZYmG	Billy Idol	['album rock', 'classic rock', 'dance rock', 'hard rock', 'new romantic', 'new wave', 'new wave pop', 'rock', 'soft rock']	[2020]	1	1
4dn4KQgTE4P3jrwa3iIVzQ	Baccara	['italian disco']	[2020, 2021]	1	0
41I5xI04kixwmonDBl0Sda	King Combs	['cali rap']	[2020]	1	1
5wHn4S5C2d5fqXIPnJWe42	Vic Schoen & His Orchestra	[]	[2020]	1	1
7yE0pgnhHPnPk4GZVuEpZM	Peter Hook	['madchester']	[2020]	1	1
06knYh538h5SI7OAEF8ek3	Georgia	['uk alternative pop']	[2020]	1	1
7xF6Psrf6yNOBkB9jpMRa0	Will Ferrell	[]	[2020]	1	1
26a4tbq9f4QZCHArsoQkWn	My Marianne	[]	[2020]	1	1
6X8WdFjrNhXATMDSs26aCc	Curren$y	['dirty south rap', 'new orleans rap', 'rap', 'southern hip hop']	[2020]	1	1
0399oiMcmbOzzsYQDNYqxn	Problem	['hyphy', 'trap', 'west coast trap']	[2020]	1	1
34nVLWMJTjaMh2aSMOQHei	King Pharaoh	[]	[2020]	1	1
1lEXbUjKjHQ7uc9jFfEViJ	TGT	['pop r&b']	[2020]	1	1
7ueZp29tCNwjIj4yAMTEaC	Graham Coxon	['britpop', 'solo wave']	[2020]	1	1
3qoTlYFOahAlAh9ee3qnbs	HOSH	['deep disco house', 'hamburg electronic', 'minimal techno']	[2020]	1	1
0L4gqdrMNbRIbNKzgcBXG6	1979	[]	[2020]	1	1
2KgiNo5JQEyIQdGv2Wyh4R	Jalja	[]	[2020]	1	1
6bmlMHgSheBauioMgKv2tn	Powfu	['sad lo-fi', 'sad rap']	[2020, 2021]	1	1
35l9BRT7MXmM8bv2WDQiyB	beabadoobee	['bedroom pop', 'bubblegrunge', 'indie pop', 'pov: indie']	[2020, 2021]	1	1
5dcOK4stT4JDkP6Dqhbz5s	Sheena Easton	['mellow gold', 'minneapolis sound', 'new romantic', 'new wave pop', 'soft rock']	[2020]	1	1
3iNbmUx7BVyABcaTB4v2qQ	Arthur Askey	['music hall']	[2020]	1	0
6fs2or0cKLEM2xohWq8SoX	Lexie Liu	['chinese electropop']	[2020]	1	1
0tRFWXqKBBQcu5oFVOgVzX	Jaira Burns	['alt z']	[2020]	1	1
4TqlcgMFDryY96KWcvrhTv	Seraphine	[]	[2020]	1	1
7nqlScm2smydSRl13eaP8E	Nea	['scandipop']	[2020]	1	1
1lmU3giNF3CSbkVSQmLpHQ	Surf Mesa	[]	[2020]	1	1
4ArPQ1Opcksbbf3CPwEjWE	Emilee	['social media pop']	[2020]	1	1
6dn6x1XOng3LOAnfTjUn77	AJ Mitchell	['alt z', 'pop']	[2020]	1	1
0ewFcI4uSjCul2FIERjQeF	Maor Miller	[]	[2020]	1	1
4BtDAwCZhR6nPrJtbVgQNX	Fred Astaire	['adult standards', 'tin pan alley', 'vintage hollywood']	[2020]	1	0
3MyB0MyKec3Jq0AH2llk7v	Evan Rachel Wood	['hollywood', 'movie tunes']	[2019, 2020]	1	1
7ltW5jYRnGOE4O1vcgW2DI	MORGAN	[]	[2020, 2021]	1	1
6OiH2Ok0TqhVP2Ah65Bm8Y	TIKE	[]	[2020, 2021]	1	1
5RCWMaArEntbkeWYVxCiFW	Everybody Loves an Outlaw	['modern blues rock']	[2020]	1	0
70kkdajctXSbqSMJbQO424	Kacey Musgraves	['classic texas country', 'contemporary country', 'country dawn']	[2019, 2020]	1	1
04yB9kBsaEQgT8hFfcsQik	Mustard	[]	[2019, 2020]	1	1
16Nc36xAtNyQ7BMBcDsaLv	Likybo	['cali rap']	[2020]	1	0
1054JdBVMCPm9VpvkUcOYX	Sweet Female Attitude	['2-step', 'uk garage']	[2017, 2019, 2020]	1	0
6DXnx0ReU1wnf4RpMIIK3B	DJ Diddy	[]	[2020]	1	1
7iDeMFJKjI1ak40N3hoYOZ	Lil Xxel	['pop r&b', 'viral rap']	[2020]	1	1
3rJPS8fYBokXpYw1mS9wr0	Raphaella	['uk alternative pop', 'uk dance']	[2019, 2020]	1	1
4N7IToHBlPXqlrXiv1Nij6	rei brown	[]	[2020]	1	1
6HabM2PUM519iIxervGWSb	Prospa	['uk house']	[2020]	1	0
3Npfj44Zg8xoja6nYMxsEI	The Band Of The Royal Corps Of Signals	['marching band', 'military band']	[2020]	1	0
2BPwxhCvvcb8xDl8GWIjbh	Odeal	['uk contemporary r&b']	[2020]	1	1
0UcXjTpzt0DmIwPSNwlJfF	jetsonmade	[]	[2020]	1	1
6L1XC7NrmgWRlwAeLJvVtA	Sam Fischer	['australian pop', 'singer-songwriter pop']	[2020, 2021]	1	0
5zWJtrglcTFohMajO2qrgd	Ivorian Doll	['trap queen', 'uk drill']	[2020]	1	1
4oCDlRaa8yRpe4keBeoVjb	Malika	['uae indie', 'uk contemporary r&b']	[2020, 2021]	1	1
11QdxwAGVKkoLuarCX7L3N	Greg Nice	[]	[2020]	1	1
4ocdD0Bi1syVqLs1GiHqQ9	Mixtape Madness	['melodic drill', 'uk drill', 'uk hip hop']	[2020]	1	1
1UwKmyN6dKhzFNKSL3PgPG	(CGM) TY	['uk drill']	[2020]	1	1
0LQoZQIV0mIs0y0XQb0Sw2	Chris Martin	[]	[2020]	1	1
3Xt3RrJMFv5SZkCfUE8C1J	Kim Petras	['alt z', 'pop', 'transpop']	[2020]	1	1
7IziQIyiq8TGse0Mc1laYi	K4mo	[]	[2020]	1	1
5FxD8fkQZ6KcsSYupDVoSO	Omar Apollo	['bedroom pop', 'bedroom soul']	[2020]	1	1
66W9LaWS0DPdL7Sz8iYGYe	JP Saxe	['alt z', 'canadian contemporary r&b', 'singer-songwriter pop']	[2019, 2020, 2021]	1	1
44IvvHRk2XF243QLA2VOa8	Stunna 4 Vegas	['north carolina hip hop', 'trap']	[2020]	1	1
0NWbwDZY1VkRqFafuQm6wk	Mike WiLL Made-It	['atl hip hop', 'rap', 'southern hip hop', 'trap']	[2020]	1	1
2TAqN8fwfaKauvviN4pOsv	JC Stewart	['uk pop']	[2020, 2021]	1	1
0tXy5zpaiYS1HSe5K7W8oL	Tana	['birmingham grime']	[2020]	1	1
5TbLOwv8BNnik3f03NZJlt	TOKYO’S REVENGE	['meme rap', 'viral rap']	[2020]	1	0
6Y64EaNqpqcZYTgs4c76gF	jxdn	['pop punk']	[2020]	1	0
4cUkGQyhLFqKHBtL58HYVp	Channel Tres	['indie soul', 'la pop']	[2020]	1	1
3QVolfxko2UyCOtexhVTli	Angèle	['belgian pop', 'french pop', 'variete francaise']	[2020]	1	1
6xnvNmSzmeOE1bLKnYXKW3	The Specials	['britpop', 'new wave', 'punk', 'ska', 'ska revival']	[2020]	1	0
5tdTldHOWl0iRO4jtII6tv	Youngs Teflon	['grime', 'uk drill', 'uk hip hop']	[2020]	1	1
26OrZl5U3VNGHU9qUj8EcM	Shift K3Y	['house', 'uk dance']	[2020]	1	1
3aVoqlJOYx31lH1gibGDt3	Babyface	['contemporary r&b', 'r&b', 'urban contemporary']	[2020]	1	1
2s7Oijd4mFGgEkhYJtf3sJ	Shane Codd	['uk dance']	[2020, 2021]	1	0
3lajj3bO93QJEh2vlyUYJw	REID B2WN	[]	[2020]	1	1
3VBpsrUi2vV7Uj87ONHu7Z	Screamin' Jay Hawkins	[]	[2020, 2021]	1	0
2k6fdnEIyk7t8Mfg6SoRg1	MAJ	[]	[2020]	1	1
6sHCvZe1PHrOAuYlwTLNH4	Gus Dapperton	['bedroom pop', 'indie poptimism', 'pov: indie']	[2020]	1	1
1AKNroq6zJX4DlJaA0dcKw	Frisco	['grime', 'uk hip hop']	[2020]	1	1
4xgV1UcvsrLM4rQrjTjwNw	Jammer	['grime']	[2020]	1	1
4vAQghcnpz5V7zsPKy9Jpy	Shorty	['grime']	[2020]	1	1
5uWT1NONby2BqNCu42fdDc	A92	['irish drill']	[2020, 2021]	1	1
3z9G13I73VCCZgf2j7i8q2	Offica	['anime drill', 'irish drill', 'irish hip hop']	[2020, 2021]	1	1
2eogQKWWoohI3BSnoG7E2U	Donna Summer	['adult standards', 'disco', 'hi-nrg', 'new wave pop', 'soft rock']	[2020]	1	1
3ADyFy1orEwODaiHmRRMQp	Puri	['basshall']	[2020]	1	1
3aAX2y0amckZ7WcWoz2f2o	Jhorrmountain	['dutch hip hop']	[2020]	1	1
6DJEUXZm0e2rAohdoZ5Voo	Black Thought	['alternative hip hop', 'east coast hip hop']	[2020]	1	1
3ZotbHeyVQKxQCPDJuQ4SU	Q-Tip	['east coast hip hop', 'queens hip hop']	[2020]	1	1
1WjexdTcXHgvlVIPCE8D1Q	Denaun	[]	[2020]	1	1
2ZM3fwTSkYabNhvI8Q7fMX	The Band Of H.M. Royal Marines	['military band']	[2020]	1	0
19Fi1Rj7kk8kyiwxpXy3yM	August Alsina	['pop rap', 'r&b', 'southern hip hop', 'trap', 'urban contemporary']	[2020]	1	1
3QDyf579oAg5KrPjYPMzCV	Ivy Benson And Her Girls' Band	[]	[2020]	1	0
5czbzNZZfWpyFgZyfT3Mkk	SIDEPIECE	['edm', 'tech house']	[2020]	1	1
3g2kUQ6tHLLbmkV7T4GPtL	Fiona Apple	['art pop', 'chamber pop', 'dark pop', 'lilith', 'permanent wave', 'piano rock', 'singer-songwriter']	[2020]	1	0
0Dc2rdPzleezxhvQhQbXuS	Idris Elba	['uk tech house']	[2019, 2020]	1	1
6sqZoZxe9BQwk7Zxh6STfF	Kadhja Bonet	['alternative r&b', 'indie soul', 'psychedelic soul']	[2020]	1	1
1XynjLPAyPi8SZAx8LHN0Z	Nuka	[]	[2020, 2021]	1	1
05YVYeV4HxYp5rrWalvuE1	Grover Washington, Jr.	[]	[2017, 2020]	1	1
09OSlbN2DUUOG9cbRWdWuT	Mansa	[]	[2020]	1	1
2WuXRwEjXIjW5uVZOSxqYS	Robbie Doherty	[]	[2020]	1	1
5FzFuIi6RVngFoIwTdawDd	Keees.	[]	[2020]	1	1
5TD3Mad384osX9K8DLkx7L	Vaughn Monroe	['big band', 'british dance band', 'deep adult standards', 'swing', 'vaudeville']	[2020]	1	0
1Fmb52lZ6Jv7FMWXXTPO3K	Joan Jett & the Blackhearts	['glam punk', 'rock']	[2020]	1	1
6sLwRSXSUF5JTUnQaFenyj	Christopher Jackson	['broadway', 'movie tunes', 'show tunes']	[2020]	1	1
6t9tbRO9Lv6Oq6xtVwfdrn	Theresa Rex	['scandipop']	[2019, 2020]	1	1
3SUT1jjM5hzZj9TLfLZGIP	Tego Calderón	['latin hip hop', 'rap boricua', 'reggaeton', 'trap latino', 'urbano latino']	[2020]	1	1
1EfIDXXrGoFmziMXQr4obo	The Troops	[]	[2020]	1	1
59E9dYtwLTUAGuAppwFKAW	Cherrie	['scandinavian r&b', 'swedish dancehall', 'swedish drill', 'swedish hip hop', 'swedish pop', 'swedish trap pop']	[2020]	1	1
5fmvGUlMVgmnCn45f1he7d	Andrew Gold	['underground power pop']	[2020, 2021]	1	0
0x7qiZJaal6j8qS7yCydFk	Savage Ga$p	['aesthetic rap']	[2020, 2021]	1	1
1nGRqM8VNcQOcFsOnhpInD	ATR Son Son	[]	[2020]	1	1
6GpcBKNmZDIrRzYkPJu7Wd	flora cash	['indie pop', 'scandipop', 'swedish indie folk']	[2020]	1	0
4aEnNH9PuU1HF3TsZTru54	Caribou	['alternative dance', 'art pop', 'electronica', 'folktronica', 'indietronica', 'intelligent dance music', 'trip hop']	[2020]	1	0
3bmFPbLMiLxtR9tFrTcKcP	Matthew Wilder	['new wave pop']	[2020]	1	0
4Otx4bRLSfpah5kX8hdgDC	Naughty By Nature	['east coast hip hop', 'hip hop', 'new jersey rap']	[2020]	1	1
4nJDI5Dkd8D4hy04RoMhzy	Q2T	['uk drill', 'uk hip hop']	[2020]	1	1
2gozLT3p6rrDxVwAhi22Vh	Chappo CSB	[]	[2020]	1	1
2PaZWGu5T5nHjY2xxAkFsT	THE SCOTTS	['viral rap']	[2020]	1	1
6fFfnKGVI6X3lkCr8Qw1g1	KXNG Crooked	['cali rap', 'detroit hip hop']	[2020]	1	1
1q13yHC6Syg5Y8iPLrRnCq	Joell Ortiz	['battle rap']	[2020]	1	1
6TLwD7HPWuiOzvXEa3oCNe	Oliver Tree	['alternative hip hop']	[2021, 2022]	1	0
7bPs6jf983f0bjRAt1yxDM	Patrick Watson	['indie folk', 'indie quebecois']	[2021, 2022]	1	0
1NRzxuPpdGushT8YmF5NAa	Edison Lighthouse	[]	[2021, 2022]	1	0
71szvmFWd7TUa7b6XmXj9k	Emmy Meli	[]	[2021, 2022]	1	0
6L4nSgGW6OpNPqa83i2jDR	Marksman	['dancehall', 'jamaican dancehall', 'jamaican hip hop', 'traphall']	[2022]	1	0
4Ruq98a6s75FiLSMsRYwqL	Ajet 2F	['scouse rap']	[2022]	1	1
667lFGaTjGOeuAI3LOFC7n	DC3	[]	[2022]	1	1
2MGLxWCx59GO3pPhVYtoDH	Hzino	[]	[2022]	1	1
3tdAZsd6HMk1oeRE4hmFTj	Nerdz	[]	[2022]	1	1
1IIMC4tga6PiBaEqPq2FTb	BL@CKBOX	['uk hip hop']	[2022]	1	1
6QrQ7OrISRYIfS5mtacaw2	Jaymes Young	['indie poptimism']	[2021, 2022]	1	0
64H8UqGLbJFHwKtGxiV8OP	THE ANXIETY	['modern alternative pop']	[2021, 2022]	1	1
1xoxekeb8jUVHKJB7m6bfg	Tyler Cole	['bedroom soul']	[2021, 2022]	1	1
5Matrg5du62bXwer29cU5T	Benny The Butcher	['alternative hip hop', 'boom bap', 'buffalo hip hop', 'hip hop', 'upstate ny rap']	[2022]	1	1
3M3wTTCDwicRubwMyHyEDy	Shygirl	['alternative r&b', 'art pop', 'electra', 'escape room', 'grimewave', 'hyperpop']	[2022]	1	1
4k1cMkJjG3UCRptckbpAnC	French The Kid	['chill drill', 'melodic drill', 'uk hip hop']	[2022]	1	0
4vhNDa5ycK0ST968ek7kRr	Carlos Vives	['colombian pop', 'latin pop', 'vallenato']	[2022]	1	0
20wkVLutqVOYrc0kxFs7rA	Daniel Caesar	['canadian contemporary r&b']	[2021, 2022]	1	1
2yLzlEFtIS0Q9UkyBZdQA7	Jessie Murph	['alt z', 'singer-songwriter pop']	[2022]	1	0
5Jv1MsZBh0sqokFq7pU8Xg	Pheelz	['afrobeats', 'nigerian pop']	[2022]	1	1
3zaDigUwjHvjOkSn0NDf9x	Bnxn	['afrobeats', 'nigerian pop']	[2022]	1	1
6BmZMwPlspsjzleRVb8rTZ	Horrid1	['uk drill']	[2022]	1	1
79v8bTtrn8a0Idbv9WkddX	Still Brickin'	[]	[2022]	1	1
1Cd373x8qzC7SNUg5IToqp	BoyWithUke	['sad rap']	[2021, 2022]	1	0
5A7HNCq6t0xNDOjZIUZDRk	YV	[]	[2022]	1	1
13GA8qxVLDZs0oh1zZ872C	GoldSkull	[]	[2021, 2022]	1	0
1BEUkE2CSUgHTLSBMZdnFB	Mae Muller	['uk contemporary r&b', 'uk pop']	[2021, 2022]	1	1
2WzaAvm2bBCf4pEhyuDgCY	Ruth B.	['alt z', 'canadian contemporary r&b', 'canadian pop', 'pop']	[2021, 2022]	1	0
7u4ayw4QFEsolPxZgnPAMT	Jonasu	['dutch edm', 'uk dance']	[2021, 2022]	1	0
61bQ4nwIioR8w6PGxzpyY3	Rondodasosa	['drill italiana', 'italian hip hop', 'trap italiana']	[2022]	1	1
76Pl0epAMXVXJspaSuz8im	Freeze corleone	['drill francais', 'french hip hop', 'melodic drill', 'pop urbaine', 'rap francais']	[2022]	1	1
3LvwPiJQJ0da0GurKMToV0	Baby Gang	['trap italiana']	[2022]	1	1
3TTq94wgOIj0skk2wT8bnb	A2 Anti	[]	[2022]	1	1
4az97MtWmBQ5Db3GfDh9j9	Morad	['drill espanol', 'urbano espanol']	[2022]	1	1
22dFwJoRBV51ue5TGnC7Dt	Beny Jr	['drill espanol']	[2022]	1	1
3tTvSeZiFDP3CY5EdPGcR4	ASHE 22	['drill francais', 'french hip hop', 'pop urbaine', 'rap francais', 'rap lyonnais']	[2022]	1	1
5yOvAmpIR7hVxiS6Ls5DPO	Omah Lay	['afrobeats', 'nigerian pop']	[2022]	1	1
6Xz6ZnGZZ1KKct4jTyKKZv	SwitchOTR	['chill drill', 'melodic drill']	[2021, 2022]	1	1
7o2ZQYM7nTsaVdkXY38UAA	Em Beihold	['alt z', 'gen z singer-songwriter']	[2022]	1	0
4pnp4w9g30yLfVIAFnZMRd	ACRAZE	['pop dance', 'tech house']	[2021, 2022]	1	1
1c70yCa8sRgIiQxl3HOEFo	Cherish	['atl hip hop', 'girl group', 'hip pop', 'r&b', 'southern hip hop', 'urban contemporary']	[2021, 2022]	1	1
6QMABvTzixnxzsLYyhqRxI	Majestic	['uk dance']	[2021, 2022]	1	1
1H1sDUWSlytzifZTDpKgUA	Belters Only	['charva']	[2022]	1	1
7zAAwgV5Wqmvpb4GzvlRkP	Jazzy	[]	[2022]	1	1
2W8yFh0Ga6Yf3jiayVxwkE	Dove Cameron	['pop']	[2022]	1	0
35dxfY1wywqVRUEaVuMm13	Bou	['deep rai']	[2021, 2022]	1	1
4sIuoDOzSlBqeiNJl631zX	The 502s	[]	[2022]	1	0
7tjVFCxJdwT4NdrTmjyjQ6	Muni Long	['indie r&b']	[2022]	1	0
3yDDYheQFqfhKZXdjFQuuP	goddard.	[]	[2022]	1	1
3STknxZC62USH50MMlLxve	Lil Bro	[]	[2022]	1	1
0PfJ0SW9UpzczeHL5hgdwL	Liilz	['melodic drill']	[2022]	1	1
1lE6SEy8f84Zhjvp7r8yTD	Syleena Johnson	['contemporary r&b', 'neo soul', 'r&b', 'urban contemporary']	[2022]	1	1
67lytN32YpUxiSeWlKfHJ3	Yung Lean	['cloud rap', 'psychedelic hip hop', 'underground hip hop']	[2022]	1	0
4L2dV3zY7RmkeiNO035Fi0	Mufasa & Hypeman	[]	[2021, 2022]	1	1
3Edve4VIATi0OZngclQlkN	Dopamine	[]	[2021, 2022]	1	1
6HaGTQPmzraVmaVxvz6EUc	Jung Kook	['k-pop']	[2022]	1	0
0Cs47vvRsPgEfliBU9KDiB	D.O.D	['electro house', 'house', 'pop dance', 'uk dance']	[2022]	1	1
2KEqzdPS7M5YwGmiuPTdr5	Rina Sawayama	['art pop', 'electropop', 'indie pop']	[2022]	1	1
6eXZu6O7nAUA5z6vLV8NKI	Little Simz	['alternative r&b', 'escape room', 'trap queen']	[2022]	1	1
3ETLPQkcEd7z4k3IbZmXMq	Cleo Sol	['alternative r&b', 'uk contemporary r&b', 'uk funky']	[2022]	1	1
2garjIdgTW5i89s4Z3UT72	Andrew Garfield	[]	[2021, 2022]	1	1
2WHbNs4WT5ZN7rbjDqbyEE	Joshua Henry	['show tunes']	[2021, 2022]	1	1
6G9bygHlCyPgNGxK2l3YdE	Vanessa Hudgens	['dance pop', 'pop', 'post-teen pop']	[2021, 2022]	1	1
6mXcTwoata1hkaDMbkzw32	Robin de Jesus	['show tunes']	[2021, 2022]	1	1
6RKS67sIPOW16NcGWkgdzF	Alexandra Shipp	['show tunes']	[2021, 2022]	1	1
5jMxsWwmiQl6lRo01xHMmG	MJ Rodriguez	[]	[2021, 2022]	1	1
4ui3aaOc80IntYGOHqpVQT	Blair Muir	['charva']	[2022]	1	1
2cxn83GFC9Ye95Ot9Z9dEf	Private Zero	['chill drill', 'melodic drill']	[2022]	1	0
04uu8U3I1h26Fp2NBkPTRZ	Sam Tompkins	['singer-songwriter pop']	[2022]	1	1
2jp3Fk52x0HbymU0lNYbSC	Outlawz	['detroit hip hop', 'gangster rap']	[2022]	1	1
29PgYEggDV3cDP9QYTogwv	Carolina Gaitán - La Gaita	['movie tunes']	[2021, 2022]	1	1
36CUTsdtNgCwMq6zKD1l8I	Mauro Castillo	['modern salsa', 'movie tunes', 'salsa colombiana']	[2021, 2022]	1	1
2as15AH2BTrPk8v4gyElmr	Rhenzy Feliz	[]	[2021, 2022]	1	1
2IDLDx25HU1nQMKde4n61a	Rich Brian	['indonesian hip hop']	[2022]	1	1
6yAM1PGDw9qo26YNtIHLjt	Marion Ravn	['candy pop', 'norwegian pop']	[2022]	1	1
0sMAHzxguan2KpnKFZPW2d	Sadie Jean	['alt z', 'singer-songwriter pop']	[2021, 2022]	1	0
26nStRV6Waedt17W4Uhx6l	John Leguizamo	['latino comedy']	[2022]	1	1
3TTfMQ8A4tpY8rrN1ZID38	S Dog	['charva', 'uk desi rap']	[2021, 2022]	1	1
07YUOmWljBTXwIseAUd9TW	Sebastian Yatra	['colombian pop', 'latin pop', 'reggaeton', 'reggaeton colombiano', 'urbano latino']	[2022]	1	0
2NZN0JDhWXmMmhSXTbhm1h	SR	['uk drill']	[2021, 2022]	1	0
4dSQICBjdUIp5iK6RRU2bY	Josh Gad	['movie tunes', 'show tunes']	[2019]	1	1
0PYSU1xJn8ay3ckZYsumdH	Cast of Frozen 2	[]	[2019]	1	1
5T4UKHhr4HGIC0VzdZQtAE	Faithless	['big beat', 'downtempo', 'electronica', 'trip hop']	[2019]	1	0
6nxWCVXbOlEVRexSbLsTer	Flume	['australian dance', 'australian electropop', 'australian indie', 'downtempo', 'edm', 'indietronica']	[2019]	1	1
5JMLG56F1X5mFmWNmS0iAp	Chelsea Cutler	['alt z']	[2019]	1	1
3zz52ViyCBcplK0ftEVPSS	Quadeca	[]	[2019]	1	1
7meyrw7Or5DwteYxDJrkCM	YK Osiris	['melodic rap', 'trap']	[2019]	1	0
0MsXN56oNCyqorqEPViWgQ	Carlos Santana	[]	[2019]	1	1
6qgnBH6iDM91ipVXv28OMu	KAYTRANADA	['alternative r&b', 'escape room', 'indie soul', 'lgbtq+ hip hop']	[2019]	1	1
1FvjvACFvko2Z91IvDljrx	Mick Jenkins	['alternative hip hop', 'alternative r&b', 'chicago rap', 'conscious hip hop', 'drill', 'hip hop', 'underground hip hop']	[2019]	1	1
1T0wRBO0CK0vK8ouUMqEl5	Tom Jones	['adult standards', 'british invasion']	[2019]	1	0
142TY556WknD1ZRV8XilJQ	Joe Janiak	[]	[2019]	1	1
3aGFCoR8xGN6DKwvdzeSja	ILOVEMAKONNEN	['atl hip hop', 'lgbtq+ hip hop', 'trap']	[2019]	1	1
0chh7dlaUzEreDTulHiOlm	KEiiNO	['norwegian pop', 'sami']	[2019]	1	0
63XBtGSEZINSyXylZxEUbv	Victoria Monét	['alternative r&b']	[2019]	1	1
6WjX4pepHwXa85B9KMk0PY	P Money	['game mood', 'grime', 'uk hip hop']	[2019]	1	1
56640WPs3tL7gR6nkAdj2w	Jack Boy	[]	[2019]	1	1
6cEuCEZu7PAE9ZSzLLc2oQ	R3HAB	['dutch house', 'edm', 'electro house', 'pop dance', 'progressive electro house', 'slap house']	[2019]	1	1
1igVsxmGxt1VTKPulM0EuA	Jungleboi	[]	[2019]	1	1
4VhL8KLjVso4vLfOLVViTb	Bridgit Mendler	['pop', 'post-teen pop']	[2019]	1	0
329e4yvIujISKGKz1BZZbO	Farruko	['reggaeton', 'trap latino', 'urbano latino']	[2019]	1	1
3yzRiNMZdTsSUgplcyYZ4i	Blanco Brown	['black americana', 'country rap']	[2019]	1	0
14scxEoUN7Dcx1m4EQ7oHe	Ashley O	[]	[2019]	1	0
19HFRWmRCl27kTk6LeqAO8	MORTEN	['danish electronic', 'scandipop']	[2019]	1	1
2c9O21YLFy4tFI9zCVhbFg	Sunday Service Choir	[]	[2019]	1	1
3QTDHixorJelOLxoxcjqGx	SiR	['alternative r&b', 'la pop']	[2019]	1	1
7Io0XduXk7aOHFHA7sLru2	Bonn	['swedish pop']	[2019]	1	1
7vXwfZyDp3spzIVNXDaTPN	Metro Station	['electropowerpop', 'neon pop punk', 'pixie', 'pop punk']	[2019]	1	0
4imxqng3RrOBmykL2DhIJC	Ms Banks	['uk hip hop']	[2019]	1	1
4KGNjRvBeqS7wDrExXVN8a	Lethal Bizzle	['grime', 'uk hip hop']	[2019]	1	1
4I3R4hvQktono9Cu8gfSig	Taze	['uk drill']	[2019]	1	1
3bnpcWBcvlfq4hPFJjNPbz	SAFE	['canadian hip hop']	[2019]	1	1
0jQBPdOoCXzvMR1vKTEvKs	Dolapo	['uk contemporary r&b']	[2019]	1	1
5tIkXJTex4JY7cv9mmgAZx	Ruelle	['metropopolis']	[2019]	1	1
2J257euzcjnDLipsyJH3F2	Clipse	['alternative hip hop', 'hardcore hip hop', 'hip hop', 'southern hip hop', 'virginia hip hop']	[2019]	1	1
6I3M904Y9IwgDjrQ9pANiB	Kenny G	['smooth jazz', 'smooth saxophone']	[2019]	1	1
1HT9k1ZSUL9IczSstOAgWJ	Roger Sanchez	['disco house', 'diva house', 'tribal house', 'vocal house']	[2019]	1	0
75WcpJKWXBV3o3cfluWapK	Lute	['indie hip hop', 'north carolina hip hop', 'underground hip hop']	[2019]	1	1
42q0rYXtR561ypg1Fcw1PI	Shatta Wale	['afrobeats', 'ghanaian pop']	[2019]	1	1
2Zi3RrdQqk63Xj0914STkS	Naomi Scott	['movie tunes', 'post-teen pop', 'vapor pop']	[2019]	1	0
1iUTUix5kea176M0uJTsh4	DMA'S	['australian indie', 'australian surf rock']	[2019]	1	0
4PULA4EFzYTrxYvOVlwpiQ	Sidhu Moose Wala	['desi hip hop', 'desi pop', 'pakistani hip hop', 'punjabi hip hop']	[2019]	1	1
5JbALDn35ZrLwVAle4xVqZ	Luca Hänni	['german pop']	[2019]	1	0
4HpnjNnqIjwItltmZJliMy	Aystar	['charva', 'scouse rap', 'uk hip hop']	[2019]	1	1
3nQ59hkeciYoR6RreQL4Rv	Darren Criss	['wrock']	[2017, 2019]	1	1
3XV0lFzNs8BCTwhJTcMiBr	Blue Ivy	[]	[2019]	1	1
3vQ0GE3mI0dAaxIMYe5g7z	Paulo Londra	['argentine hip hop', 'trap argentino', 'trap latino', 'urbano latino']	[2019]	1	1
2tMOCIpxj6jwM9e6pmwGiP	KEY!	['underground hip hop']	[2019]	1	1
1GhPHrq36VKCY3ucVaZCfo	The Chemical Brothers	['alternative dance', 'big beat', 'breakbeat', 'electronica', 'filter house', 'rave', 'trip hop']	[2019]	1	0
6MwwUAN4kN0umzSH7w6y93	Alice Chater	['uk pop']	[2019]	1	1
4IZnj59pur7nfqpdGzuPF6	Rebel Kleff	['uk alternative hip hop']	[2019]	1	1
7yMruV2Y0a7ib9RLj9mLQQ	Kiko Bun	['british soul', 'uk reggae']	[2019]	1	1
3HRraxFeS8yla9w7IunUc4	Tyreezy	['afroswing', 'manchester hip hop']	[2019]	1	1
0FVsUxcFSlxwIM7Qs31s6J	Billy Eichner	['movie tunes']	[2019]	1	1
7xX39IyguhWsTIg4eU2reH	Seth Rogen	['movie tunes']	[2019]	1	1
2oQX8QiMXOyuqbcZEFsZfm	El Alfa	['dembow', 'rap dominicano', 'reggaeton', 'trap latino', 'urbano latino']	[2019]	1	1
5ugVdZNXtMIj6ECTzGsyqS	JAMIE WEBSTER	['football']	[2019]	1	0
25IG9fa7cbdmCIy3OnuH57	The Chicks	['contemporary country', 'country', 'country dawn']	[2019]	1	1
0wEvWMQRqaXcgnrZv6KtyL	Spice	['dancehall', 'dancehall queen', 'jamaican dancehall']	[2019]	1	1
6vunRaBya0Sx6CMJZAlHTZ	Rahzel	['beatboxing', 'east coast hip hop', 'turntablism']	[2019]	1	1
0WwgR6uZ2M3IhNA8fVbNOM	Lil Dotz	['uk drill']	[2019]	1	1
1QMgre3BHX161ZHtWMUu6S	Dimension	['dancefloor dnb', 'drum and bass', 'uk dnb']	[2019]	1	1
7FNnA9vBm6EKceENgCGRMb	Anitta	['funk pop', 'funk rj', 'pagode baiano', 'pop', 'pop nacional']	[2019]	1	1
1Xfmvd48oOhEWkscWyEbh9	Lloyd	['r&b', 'southern hip hop', 'trap', 'urban contemporary']	[2019]	1	1
4GxYGToQxKHKTl4HDNsOkE	Bowzer Boss	[]	[2019]	1	1
6nfYGe7IIuuP5bMY1jkJP6	Jermaine Dupri	['atl hip hop', 'contemporary r&b', 'dirty south rap', 'hip pop', 'r&b', 'southern hip hop', 'urban contemporary']	[2019]	1	1
0JOxt5QOwq0czoJxvSc5hS	GASHI	[]	[2019]	1	1
5dRGjTajHb5S33PwfxAaBj	Ling Hussle	['uk contemporary r&b']	[2019]	1	1
65CKKZilbcSKkAPC9a5Mvh	Oumou Sangaré	['afropop', 'malian blues', 'mande pop', 'wassoulou', 'world']	[2019]	1	1
0HkcYmcjrBR3SCw9Ld5VZk	Calboy	['chicago rap', 'melodic rap']	[2019]	1	0
7oNsk0nkBTccrd9DTdeiPc	The Cast of RuPaul's Drag Race UK	['strut']	[2019]	1	1
0bgDzuEKKYLcQrvb0XANf1	Frock Destroyers	['strut']	[2019]	1	1
06nvjg4wBANK6DCHjqtPNd	Mahmood	['italian adult pop', 'italian pop']	[2019]	1	0
2ndyVAdV9UqF1XjyTJt484	Fred Hammond	['gospel']	[2019]	1	1
64rxQRJsLgZwHHyWKB8fiF	Eiffel 65	['eurodance', 'europop', 'italian adult pop', 'italo dance']	[2019]	1	1
3WUpl1h7tTiPptljvav2ip	Mixed By A.Villella	[]	[2019]	1	1
1xoWYqTvsYArxO1Xge3TG4	Michela	['maltese pop']	[2019]	1	0
053q0ukIDRgzwTr4vNSwab	Grimes	['art pop', 'canadian electropop', 'grave wave', 'indietronica', 'metropopolis', 'neo-synthpop']	[2019]	1	1
4UXTIkBW9t9Lcx3xtlaifs	Lake Malawi	['czech pop']	[2019]	1	0
2Gzy8TYJ5xrEMDyUjZuDsK	Masicka	['dancehall', 'jamaican dancehall', 'traphall']	[2019]	1	1
1q4putin60VdRXfDSTl5f3	Ash	['birmingham hip hop']	[2019]	1	1
0ymTsFDelrwNrlxUnvU7bu	Ard Adz	['arabic hip hop', 'grime', 'uk hip hop']	[2019]	1	1
6Av6GMCOznZIlHuNcBWgf4	Jay Critch	['nyc rap', 'trap']	[2019]	1	1
6RedK3o51NbUJuJxXlT4kj	88-Keys	['alternative hip hop']	[2019]	1	1
7pbay7w0V7OdIr3jzSRkHj	Daniel Blume	['irish pop']	[2019]	1	1
4FZ3j1oH43e7cukCALsCwf	Jack White	['alternative rock', 'blues rock', 'garage rock', 'garage rock revival', 'indie rock', 'modern blues rock', 'modern rock', 'punk blues', 'rock']	[2019]	1	1
11LbPHLi2sCqOVjknt0jmW	John Lundvik	['swedish pop']	[2019]	1	0
2cBh5lVMg222FFuRU7EfDE	Sophie Ellis-Bextor	['dance pop', 'europop', 'new wave pop']	[2019, 2021]	1	0
6q3p11nP1p80Ey6LrOOSed	Hit-Boy	['drumless hip hop']	[2019]	1	1
5W10uJRsbt9bROJDKoI1Wn	Moses Sumney	['alternative r&b', 'art pop', 'indie soul', 'la pop']	[2019]	1	1
51xvY3ND0pMakkwfNJa3AN	Kay-O	['uk drill', 'uk hip hop']	[2019]	1	1
2LakckgvXEtJlKOYP6BO11	Lancey Foux	['rage rap']	[2019]	1	1
5bWUlnPx9OYKsLiUJrhCA1	Jon Z	['reggaeton', 'trap latino', 'urbano latino']	[2019]	1	1
3VPxstOu7nMAaOrD3hhUR1	Snap Capone	['london rap', 'uk drill', 'uk hip hop']	[2019]	1	1
0wjb0t7aYMuIwyuXnPOilh	Lay-Z	[]	[2019]	1	1
3s8alQfNnY0roAHaJh7Xxt	Dom Kennedy	['soul flow', 'underground hip hop']	[2019]	1	1
0huGjMyP507tBCARyzSkrv	Cordae	['hip hop', 'pop rap', 'rap', 'trap', 'underground hip hop']	[2019]	1	1
74ASZWbe4lXaubB36ztrGX	Bob Dylan	['classic rock', 'country rock', 'folk', 'folk rock', 'rock', 'roots rock', 'singer-songwriter']	[2019]	1	0
31JFnMfmvwzZGdEnXaKGek	Herve Pagez	['musique guadeloupe']	[2019]	1	1
5qa31A9HySw3T7MKWI9bGg	FLETCHER	['alt z', 'pop']	[2019]	1	0
3uZFBSsMiooimnprFL9jD1	Snow	['canadian old school hip hop', 'reggae fusion']	[2019]	1	1
16vsJyquMnS2V05J78aO45	Cheb Rabi	[]	[2019]	1	1
5Dyi0c3gAWXi520W10rX1U	B Live	[]	[2019]	1	1
5X31YqIWaUe9zFnDdYqYw7	Talia Mar	[]	[2019]	1	1
00TKPo9MxwZ0j4ooveIxWZ	Loote	['alt z', 'nyc pop']	[2019]	1	1
6IhG3Yxm3UW98jhyBvrIut	Tekno	['afrobeats', 'afropop', 'azontobeats', 'nigerian hip hop', 'nigerian pop']	[2019]	1	1
2MfKVXjjRUAUEeh4b4y8Sc	Lord Afrixana	[]	[2019]	1	1
7fKO99ryLDo8VocdtVvwZW	Yemi Alade	['afrobeats', 'afropop', 'azontobeats', 'nigerian pop']	[2019]	1	1
2oZcMYiKpjaA2Et5mU3RPP	Chronixx	['dancehall', 'modern reggae']	[2019]	1	1
4qIVPF0s71ZYW3qzhu5GkF	Kina	['sad lo-fi']	[2019]	1	1
5fSVkkuijRIpxuvSqysYiP	Snøw	['sad lo-fi', 'sad rap']	[2019]	1	1
180XcSBai6RDpuElMcKk2v	Boy Better Know	['grime', 'old school bassline']	[2019]	1	1
2iojnBLj0qIMiKPvVhLnsH	Trey Songz	['dance pop', 'r&b', 'southern hip hop', 'trap', 'urban contemporary']	[2019]	1	1
0rlKkLkpsCnJbZethGBfAk	Captain Cuts	['pop edm']	[2019]	1	1
5mYakBbBzPMQTfkVMIgiDM	Georgia Ku	['uk pop']	[2019]	1	1
3cOaTgpdP001bZdGIJ05Xg	Remedee	['uk hip hop']	[2019]	1	1
2SdOKxC1sSxEyv8JYERaNe	RuPaul	['diva house', 'strut']	[2019]	1	1
620OB54yrIruI9dcHX41zT	Sir Spyro	['grime', 'instrumental grime']	[2019]	1	1
4EMtGVFvfCSrEmWaGV0roE	Theophilus London	['alternative hip hop']	[2019]	1	1
5klp9VmF0Os0ytBwXBy8Tf	Lindiwe Mkhize	['movie tunes']	[2019]	1	1
0zp9qNDSeYi3QEodhcKAAA	Lebo M.	['movie tunes']	[2019]	1	1
3k3gbUT7bF0jYmFmAKBQtU	Dan Reynolds	[]	[2019]	1	1
1Qj4wPnd5DKW7TXALK7Xfj	Jethro Heston	['deep groove house']	[2021]	1	1
7ppllgzNRgrnOjYbsyDzO6	Max Marshall	[]	[2021]	1	1
2hiq2iBnUik3mrOfEgRSpB	carolesdaughter	['alt z', 'pov: indie']	[2021]	1	0
26cMerAxjx9GedFt0lMDjm	Bella Poarch	['modern alternative pop']	[2021]	1	0
6vHBuUxrcpn1do5UaEJ7g6	Domo Genesis	['alternative hip hop', 'underground hip hop']	[2021]	1	1
22wbnEMDvgVIAGdFeek6ET	Benson Boone	['singer-songwriter pop']	[2021]	1	0
3VNITwohbvU5Wuy5PC6dsI	Kool & The Gang	['disco', 'funk', 'motown', 'soul']	[2021]	1	0
1D6ueetjwqW491iboMI3NT	Destiny	['maltese pop']	[2021]	1	0
1tWZDk56cffZfgjmgHWuXD	Sus	['uk drill']	[2021]	1	1
3L58J6a7f0jyy2p6f3MSAs	Blind Channel	['oulu metal', 'trancecore']	[2021]	1	0
19y5MFBH7gohEdGwKM7QsP	Luther Vandross	['quiet storm', 'soul']	[2021]	1	0
5FkUhnHQ0KC63549LHHtst	Skillibeng	['dancehall', 'jamaican dancehall', 'traphall', 'trinibad']	[2021]	1	1
7EWU4FhUJM1sZQgQKdENeT	Hopsin	['conscious hip hop']	[2021]	1	1
2YJXo1ERQAO7r4hQtu2vFc	Julia Kent	['cello', 'compositional ambient', 'modern cello']	[2021]	1	1
4yJHrytMK7mqtKsXVGaBNg	Fana Hues	['alternative r&b', 'indie r&b']	[2021]	1	1
0gWa2AiDlbvF24aqoLT2c1	LadBaby	[]	[2021]	1	1
0oouuXi8tdasgUgk520Jy6	Will Paquin	['weirdcore']	[2021]	1	0
3fCQnw6VSudXBTN5d2QP2z	Gary Lightbody	['british singer-songwriter']	[2021]	1	1
2WgfkM8S11vg4kxLgDY3F5	StarBoi3	['viral rap']	[2021]	1	1
7jZM5w05mGhw6wTB1okhD9	ATB	['german dance', 'german techno', 'german trance', 'trance']	[2021]	1	1
2SJhf6rTOU53g8yBdAjPby	SoFaygo	['glitchcore', 'plugg', 'rage rap']	[2021]	1	1
2w7IutHv5g4e8LumrwtjWR	Stardust	['filter house']	[2021]	1	0
1vaQ6v3pOFxAIrFoPrAcom	Ari Lennox	['alternative r&b']	[2021]	1	1
2kWeFaiHBskk8oqky3KHcR	Nikki Lane	['alternative country', 'new americana', 'outlaw country']	[2021]	1	1
2ICR2m4hOBPhaYiZB3rnLW	Sonder	[]	[2021]	1	1
6c4sUNBgdonFJz8Kx2VsGz	Madcon	['norwegian hip hop']	[2021]	1	0
7pGyQZx9thVa8GxMBeXscB	K'NAAN	['reggae fusion']	[2021]	1	0
0tbeZu9lv8YEKSQ9tZSslu	Amber Mark	['alternative r&b', 'indie soul', 'nyc pop']	[2021]	1	1
7AQJ6lwVCcej6eKZXQZus4	Pebbles The Invisible Girl	[]	[2021]	1	1
44vREmJC0OlVZjZaGLqVEd	Morray	['pop rap']	[2021]	1	1
35R1B97CfrqKFFI3QBkTDx	RealestK	[]	[2021]	1	0
7J0hrNYCO5DgAx0XaRJqkh	Yung Kayo	['rage rap']	[2021]	1	1
6CawoDDP1IZUSGl4wSJGC9	TIX	['norwegian pop', 'russelater']	[2021]	1	0
2xtmoxSauQs0TQFUoHmbfy	Crawlers	['pov: indie', 'warrington indie']	[2021]	1	0
7iTLGcddv1bOPirdYJjKVy	Dj Yo!	[]	[2021]	1	1
5fUXK5m3BNwoRgTyKq8tnz	AX'EL	[]	[2021]	1	1
72Nhcx7prNk2ZCxhx0Y5es	Amy Grant	['christian music']	[2021]	1	0
6auWB5YAlcKaHyrbTH66nd	No Rome	['indietronica']	[2021]	1	1
03d2mJXSMtuPI0nIvLnhoS	Zoe Wees	['german pop']	[2021]	1	1
6lay1nwbE6hTx1jivysUAL	Princess Nokia	['alternative r&b', 'escape room', 'lgbtq+ hip hop', 'trap queen']	[2021]	1	1
7pwufEBGfggjoI8twqlsmQ	Nessa Barrett	['social media pop']	[2021]	1	0
4np9Zzw0SEYQLcGv28P51q	TRAVI	[]	[2021]	1	1
0dvFTsuG02c4cRbcSQ8zE6	Yak Gotti	['atl trap']	[2021]	1	1
46HzS7yz0c9udVwtbHk1sx	Cochise	['plugg', 'pluggnb', 'rage rap']	[2021]	1	1
5IbEL2xjRtKsunfmsahLuO	$NOT	['aesthetic rap', 'cloud rap', 'florida rap', 'underground hip hop']	[2021]	1	1
4kvCU3MzggM2piZCqvxj0x	Go_A	['ukrainian viral pop']	[2021]	1	0
34G31kGbSQmemVlI0G784o	THE ROOP	['lithuanian rock']	[2021]	1	0
53rBi3LpNcMJUTSANS6uYT	DAISY WORLD	[]	[2021]	1	1
3M9XAM57a4qFz3v6Lq27t2	Kellin Quinn	[]	[2021]	1	1
0X3nsc84A9qlFilmlWNwQb	Scorey	['upstate ny rap']	[2021]	1	1
0fGcIStdT1OpFFhOC7Wp36	Teezo Touchdown	['chill abstract hip hop', 'indie hip hop']	[2021]	1	1
46pWGuE3dSwY3bMMXGBvVS	Rema	['afrobeats', 'nigerian pop']	[2021]	1	1
4qYpTEJThZ8FC8KzyFrSWW	Boj	['afrobeats', 'alte', 'nigerian pop']	[2021]	1	1
0tvpihdAsKiNnP6sWS3jUI	TroyBoi	['bass trap', 'electronic trap']	[2021]	1	1
2OdSWlu6iOzT4YsRJuvC8I	Owen Westlake	[]	[2021]	1	1
6lxTDIi9n3y6DWmL2w4nUs	Lloyd Wade	[]	[2021]	1	1
243YAVpKIE6F0sdWAT3Ll2	JLS	[]	[2021]	1	0
4TgsxeFPNtkZ5lneq9AceU	Elena Tsagrinou	['greek pop']	[2021]	1	0
2AMeiDbfU2vonrTkpXDKUu	Kay Flock	['bronx drill', 'melodic drill', 'new york drill']	[2021]	1	1
59HbaJ5E8ud7FNLGqUN1KH	Capella Grey	['pop rap']	[2021]	1	0
55EarwWraRQY9diMo9Oeul	Deb Never	['modern indie pop']	[2021]	1	1
5k979N1TnPncUyqlXlaRSv	The Longest Johns	['shanty']	[2021]	1	0
0dR988NNn8lrFhXTOxyJfZ	AWA	['swedish idol pop']	[2021]	1	1
3L4wiBOSDLkJ18OISXZDA8	Barbara Pravi	['french pop', 'nouvelle chanson francaise']	[2021]	1	0
6aZyMrc4doVtZyKNilOmwu	Colbie Caillat	['dance pop', 'neo mellow', 'pop']	[2021]	1	1
3VRyybsQu0MDG0F2LBxnv7	Noizu	['bass house', 'house', 'tech house', 'uk dance']	[2021]	1	0
2MuFzH1J5I6gGFYo2qhZmX	Ryn Weaver	['electropop', 'indie poptimism']	[2021]	1	0
0xGKzZ3narAei6wzYhMp1Q	KURUPT FM	['grime', 'instrumental grime']	[2021]	1	1
6wwBv5Rq6Ev2USsDsIZO1o	DJ Cucumber Slice	[]	[2021]	1	1
3jeXY6LJU0ZiKhXoXa9rRw	PmBata	['indie hip hop', 'pixel']	[2021]	1	1
14qypx78D3Jd1mm7c2BqQb	T-Shyne	['atl trap']	[2021]	1	1
3Oim8XBPbznAa8Jj8QzNc8	Cults	['experimental pop', 'indie surf']	[2021]	1	1
4vpGVGgxSDcCTmqYbsOnsn	Amber Coffman	['art pop']	[2021]	1	1
0x8J72N9ilqcIZbWEKB8T2	Mychael Danna	['canadian soundtrack', 'soundtrack']	[2021]	1	1
4v7z4d0nyIY3mWGz1AXoK1	Jeff Danna	['canadian soundtrack', 'soundtrack']	[2021]	1	1
7cmvUpGGozT8si6UDR0YHf	Idi Akz	['chill drill', 'uk melodic rap']	[2021]	1	0
2gIHyzlzKxntjQWf8xAGaI	Kamal.	['modern indie pop']	[2021]	1	1
0oGo1uX2IixGBLb3fsiVnK	Alma Cogan	['classic uk pop']	[2021]	1	0
4SqTiwOEdYrNayaGMkc7ia	LÉON	['indie poptimism', 'metropopolis']	[2021]	1	1
762310PdDnwsDxAQxzQkfX	Depeche Mode	['dance rock', 'new romantic', 'new wave', 'permanent wave', 'rock', 'synthpop']	[2021]	1	0
2mvAbMVwkxiZWJXjorKpdK	Amorphous	[]	[2021]	1	1
3zpKjsMg2gw1St5WcWoUJN	EPMD	['east coast hip hop', 'golden age hip hop', 'hip hop', 'old school hip hop']	[2021]	1	1
1FqqOl9itIUpXr4jZPIVoT	The Drifters	['adult standards', 'doo-wop', 'rock-and-roll', 'rockabilly', 'soul']	[2021]	1	0
3xs0LEzcPXtgNfMNcHzLIP	Rockwell	[]	[2021]	1	0
0f5nVCcR06GX8Qikz0COtT	Omarion	['dance pop', 'hip pop', 'r&b', 'rap', 'southern hip hop', 'trap', 'urban contemporary']	[2021]	1	1
6qgNjbWXJ9mbqKwznBLj5B	Teezee	['alte', 'nigerian pop']	[2021]	1	1
5oNgAs7j5XcBMzWv3HAnHG	DJ Drama	['dirty south rap', 'philly rap', 'southern hip hop', 'trap']	[2021]	1	1
7s3eCGNZMrwUQraXlocCBv	Bizzy Banks	['brooklyn drill', 'new york drill']	[2021]	1	1
4Ge8xMJNwt6EEXOzVXju9a	Caroline Polachek	['art pop', 'escape room', 'indie pop', 'indietronica']	[2021]	1	1
3qi5fhSI6aUecvRN0XqIJ2	MistaJam	[]	[2021]	1	1
4B1kkhDbhSyiS3VDgbKV2T	Tubbo	['pixel', 'pov: indie']	[2021]	1	1
3YJDqtTSjydvUpTvU1fJ6O	CG5	['otacore', 'pixel', 'pov: indie', 'rhythm game']	[2021]	1	1
7zDPvKo7b0I7OPefCwqrsE	Mr Fantastik	[]	[2021]	1	1
6vVztIuqdDHvYWxOEXCzjN	SALES	['indie pop', 'orlando indie']	[2021]	1	0
2T8o1YNgbgsE41xb62AlRY	Rain Radio	[]	[2021]	1	1
0koQ34MqfcfCFCiMGEY400	DJ Craig Gorman	[]	[2021]	1	1
4FeLiFUPdxVfFo8oOfA4BH	Rah Swish	['brooklyn drill', 'new york drill', 'nyc rap']	[2021]	1	1
2kCO8LXN1usaOPL3iEE28I	Tai Verdes	['modern indie pop', 'singer-songwriter pop']	[2021]	1	0
3l1C23aRp4lfkBK3lLAp2m	Toddla T	['uk dancehall', 'uk funky']	[2021]	1	1
6jeg7JBX9J9097esK752iR	Smiley	['canadian hip hop', 'toronto rap']	[2021]	1	1
4HVErsBJ9jnwH2qKSP47By	Jordan Morris	[]	[2021]	1	1
7AXuWUXnSqeOfW4Wv29760	Tiny Boost	['uk hip hop']	[2021]	1	1
0ffTMgrO5iCwF9VG1ShFYa	(CGM) ZK	['uk drill']	[2021]	1	1
5B8MzBYbmhTUA47z1mJFMs	The Cast of RuPaul's Drag Race UK, Season 2	['strut']	[2021]	1	0
4VdV2qRAYBLINR6uU72V1J	Joshua Bassett	['singer-songwriter pop']	[2021]	1	0
2vnB6tuQMaQpORiRdvXF9H	Beach Bunny	['bubblegrunge', 'chicago indie', 'indie pop', 'pov: indie']	[2021]	1	0
4wP1kxjUsc9IR4Iy2smL7o	Trinidad Cardona	['sped up']	[2021]	1	0
25A5LqeSK0yH4ks5fGxbI2	Sava	[]	[2021]	1	1
3AFt30387waHIjjDL63XeI	OTP	['melodic drill']	[2021]	1	1
6xNUn9epduXbZmCgsxutSx	BM X MINI	['uk drill']	[2021]	1	1
1BwDWgdDJe3TJXLZkBkpsI	Tusse	['swedish pop']	[2021]	1	0
5eKqhPrKad0J9xGAtq3rW7	BURNS	['la pop', 'uk dance']	[2021]	1	0
5BozIJTTNCufaZpjhy2der	DJ Dahi	[]	[2021]	1	1
5nLYd9ST4Cnwy6NHaCxbj8	CeeLo Green	['atl hip hop']	[2021]	1	0
23ZyvVmfkt8ghjRYXKkIIH	England Supporters Club	['football']	[2021]	1	1
3Vh0Qn1kzq9GatRnHPpviw	The England Band	['football']	[2021]	1	1
1A9o3Ljt67pFZ89YtPPL5X	Snoh Aalegra	['alternative r&b', 'scandinavian r&b', 'swedish soul']	[2021]	1	1
5QdfW7A9eh0XjCyg9XAZpy	Shaybo	['london rap']	[2021]	1	1
2y246nnP9pQT0E6v3ZMMOO	Night Lovell	['aesthetic rap', 'canadian hip hop', 'canadian trap', 'cloud rap', 'dark trap', 'ottawa rap']	[2021]	1	1
4iaTgZRy5aVnImDyRJn61n	James Newman	[]	[2021]	1	0
1ilcpQQeF5mmvfO682aDgJ	House Gospel Choir	['cedm']	[2021]	1	1
4bazJLWIv8CuqmgxJRiGqo	Just Kiddin	['house', 'uk dance']	[2021]	1	1
0qLNsNKm8bQcMoRFkR8Hmh	James	['britpop', 'madchester', 'permanent wave', 'pop rock']	[2021]	1	0
73KwqWuob0R53I14Vs56p9	Jesy Nelson	[]	[2021]	1	1
4frXpPxQQZwbCu3eTGnZEw	Thundercat	['afrofuturism', 'indie soul']	[2021]	1	1
5K0rbdBrs2tNXe5LeWMATT	Bootsy Collins	['funk', 'p funk', 'soul']	[2021]	1	1
4oe1qp9xGSFxMYH4X9AXtl	Efendi	[]	[2021]	1	0
22LHFHHASPvdi72ZY9uWGP	S1lva	[]	[2021]	1	1
1zNParmMHxdwIuU2ueURwi	The Royal British Choir	[]	[2021]	1	0
7gXy60xRcwYujBFoYHnR2O	Big Red Machine	['eau claire indie', 'folktronica']	[2021]	1	1
4qXC0i02bSFstECuXP2ZpL	Blxst	['pop rap', 'westcoast flow']	[2021]	1	1
5PHYg0IcnpyZJ1y9euAx4i	YTB Trench	[]	[2021]	1	1
6utdPEv71mR0DnGp74cJIz	Disney Characters	['movie tunes']	[2021]	1	0
2Dqt6WjEca8WcZuGiUcYDd	Yaw Tog	['afro drill', 'asakaa']	[2021]	1	1
52iM1kP5BpnLypZ0VtrpyY	Kwesi Arthur	['afrobeats', 'ghanaian hip hop', 'ghanaian pop']	[2021]	1	1
0u2FHSq3ln94y5Q57xazwf	Keith Urban	['australian country', 'australian pop', 'contemporary country', 'country', 'country road']	[2021]	1	1
6eNlaSdxs8F7F0XlfDBhZy	HARLEE	['uk dance']	[2021]	1	1
0OO76E5lRfeyBI3fkA73Dr	siouxxie sixxsta	['glitchcore', 'hyperpop', 'sped up']	[2021]	1	0
37S0GFsBW73uqxGXNFeADJ	Ghost Killer Track	['cloud rap francais']	[2021]	1	1
66Ok6bgC570sHkw08N20pZ	OBOY	['french hip hop', 'pop urbaine', 'rap francais']	[2021]	1	1
4PcesEvU9iICf7dwNt5B3l	Justus Bennetts	['gen z singer-songwriter']	[2021]	1	0
5GtMEZEeFFsuHY8ad4kOxv	Seal	['british soul']	[2017, 2021]	1	0
5mM1pN7Q1oid52X9eL5nmx	Rancid Eddie	['australian surf rock']	[2021]	1	0
15ZjD8Gus20Miqw3fdOaXX	Stunna Gambino	['nyc rap']	[2021]	1	1
2UulPuuEMAeXRx2qJbYJPD	Holiday Players	[]	[2021]	1	0
6sizjS3o8Ph8LoA8WzpXGY	Collapsed Lung	[]	[2021]	1	0
0ebNdVaOfp6N0oZ1guIxM8	SUGA	['k-pop']	[2021]	1	1
4eYnorQRhVHT2KBl2UyHHd	Vegedream	['french hip hop', 'pop urbaine', 'r&b francais']	[2021]	1	0
3Eo78i1MPfle0XVjMvia8A	Dario G	['dream trance', 'eurodance']	[2021]	1	0
64mhFXh9LlsvDDQk7LkC2h	Together For England	[]	[2021]	1	0
2GEcMpeGIad5O23WxDRFMn	Rico Love	['pop r&b']	[2021]	1	1
2TcGJdSOiOvITBzhvfX8XB	Shouse	['aussietronica']	[2021]	1	1
0RIwEP1SaALlxn9jOVqHfA	Gjon's Tears	[]	[2021]	1	0
2eqoJbzUGDwys5ENUkbT3h	J.I the Prince of N.Y	['nyc rap']	[2021]	1	1
0FPWyyf6MD4QZTj3aypD3O	We Are KING	['neo r&b']	[2021]	1	1
0QWrMNukfcVOmgEU0FEDyD	Jacob Collier	['uk alternative pop']	[2021]	1	1
3hPPNy5OBzCU1icQO7Nrok	99 Percent	[]	[2017]	1	1
4tX2TplrkIP4v05BNC903e	Tom Petty and the Heartbreakers	['album rock', 'classic rock', 'hard rock', 'heartland rock', 'mellow gold', 'rock', 'singer-songwriter', 'soft rock']	[2017]	1	0
5xUf6j4upBrXZPg6AI4MRK	Soundgarden	['alternative metal', 'alternative rock', 'classic rock', 'grunge', 'hard rock', 'nu metal', 'rock']	[2017]	1	0
5Wri8vAevy1yYWqN8oGGpH	So Solid Crew	['grime', 'uk funky', 'uk garage']	[2017]	1	0
6s22t5Y3prQHyaHWUN1R1C	AJR	['pov: indie']	[2017]	1	0
2LJxr7Pt3JnP60eLxwbDOu	Mandy Moore	['dance pop', 'neo mellow', 'post-teen pop']	[2017]	1	0
7wjeXCtRND2ZdKfMJFu6JC	Louane	['french pop']	[2017]	1	1
5mnS9jJdKQQcRSqFu5YPVe	Auli'i Cravalho	['movie tunes']	[2017]	1	0
1Dn88PoQjnQgLTOaokePFz	Bright Sparks	[]	[2017]	1	1
7h7ahzbTkbAFsshWJ7fOrc	Anton Powers	['house', 'uk dance']	[2017]	1	1
3EBRANWwnViQuBrImN61Z1	Pixie Lott	['dance pop', 'post-teen pop', 'talent show']	[2017]	1	1
51l0uqRxGaczYr4271pVIC	The Bangles	['album rock', 'jangle pop', 'mellow gold', 'new romantic', 'new wave', 'new wave pop', 'paisley underground', 'soft rock']	[2017]	1	0
0Ttph0pOZiPNTD3y2wUUb6	Shanice	['contemporary r&b', 'new jack swing', 'urban contemporary']	[2017]	1	0
50JJSqHUf2RQ9xsHs0KMHg	Jon Bellion	['indie pop rap']	[2017]	1	0
3HheU1Ds7ooXNfQvllW7Ip	Ai	[]	[2017]	1	1
3i8emYvhsa8PmLH4zTAvjV	Ralph Felix	['dutch edm']	[2017]	1	1
7pKGtXz21XIhXz1MfzbxNS	SDJM	['pop edm']	[2017]	1	1
3wjsrpfO6odEphTZWx45RQ	Hearts & Colors	[]	[2017]	1	1
5M2y5A6d5QZjw9JeKClagC	Andrelli	['swedish pop']	[2017]	1	1
4oc6eCUAzc3EcutZmmAg5y	Mullally	['uk contemporary r&b']	[2017]	1	0
0WfaItAbs4vlgIA1cuqGtJ	Daniela Andrade	['canadian contemporary r&b', 'folk-pop']	[2017]	1	0
6kHu5ICQRBZdsAHjAjQlmp	Agatha Lee Monn	['movie tunes']	[2017]	1	1
5Kkhk21siwbW3BfZUwpykJ	Katie Lopez	['movie tunes']	[2017]	1	1
63yl9nDNrHpiAYGlNJxxjc	Frankie Knuckles	['acid house', 'chicago house', 'classic house', 'deep house', 'diva house']	[2017]	1	1
066X20Nz7iquqkkCW6Jxy6	LCD Soundsystem	['alternative dance', 'alternative rock', 'art pop', 'dance rock', 'dance-punk', 'electronic rock', 'electronica', 'indie rock', 'indietronica', 'neo-synthpop', 'new rave']	[2017]	1	0
79OSA519ScnPY0MVDpu8ZV	Avery Storm	[]	[2017]	1	1
5psTfOBPmc8UquYcnS22KE	Pink	[]	[2017]	1	1
1qskAseW7apRxJBpYAO9Yk	Felix Snow	[]	[2017]	1	1
6tsRo8ErXzpHk3tQeH6GBW	Black Box	['diva house', 'eurodance', 'hip house', 'italo house']	[2017]	1	0
15GGbJKqC6w0VYyAJtjej6	Fatman Scoop	['nyc rap']	[2017]	1	1
7ufMsXvXuBIy3HElo7cilX	Crooklyn Clan	[]	[2017]	1	1
3fWTpVNnrGmdo0jMbsRsRf	Nadine Coyle	['talent show']	[2017]	1	0
2bno8n7e57sY3zRQw03YoV	Ryan Blyth	['deep groove house', 'house', 'uk dance']	[2017]	1	1
0BktO8RTDc7yeRo9smkz5d	After 6	[]	[2017]	1	1
79id1T7fmhtFFooD8F4lZm	Malisha Bleau	[]	[2017]	1	1
7gRmesSjINzb4xXApfMV5E	Holly Valance	['australian pop', 'bubblegum dance', 'europop', 'talent show']	[2017]	1	0
42qLC3FgtazA9AvaIoiP62	Ms. Dynamite	['uk funky', 'uk garage']	[2017]	1	0
187xgSpsFH8mMbAcoCW0zE	Billy Paul	['classic soul', 'disco', 'motown', 'philly soul', 'quiet storm', 'soul']	[2017]	1	0
2M3vnW1p5w4uPRkLYTbvdB	Rusted Root	['jam band', 'pittsburgh rock']	[2017]	1	0
1dWEYMPtNmvSVaDNLgB6NV	Saint Motel	['la indie', 'modern alternative rock', 'modern rock', 'pov: indie']	[2017]	1	0
5luyt0SUvGkDMY4ILP6Qhl	Descemer Bueno	['cubaton']	[2017]	1	1
21451j1KhjAiaYKflxBjr1	Zion & Lennox	['reggaeton', 'urbano latino']	[2017]	1	1
4njdEjTnLfcGImKZu1iSrz	AWOLNATION	['la indie', 'modern alternative rock', 'modern rock', 'rock', 'stomp pop']	[2017]	1	0
49GY4uPAwdlk5lSGtfKWYl	MJ Cole	['bass house', 'speed garage', 'uk funky', 'uk garage']	[2017]	1	1
5uefF2o3y9SAAyyM9sT56w	Frisco	[]	[2017]	1	1
1KBzuqs6c8Es36k0Si1dDx	J2K	[]	[2017]	1	1
726MxZBpkxnnoKl6aN7mmj	Cookin' On 3 Burners	['bboy', 'instrumental funk']	[2017]	1	1
6edGSAX5dVpeJVwu1Q0NwJ	Lighthouse Family	['europop', 'new wave pop']	[2017]	1	0
1hzfo8twXdOegF3xireCYs	Milky Chance	['german pop', 'modern rock']	[2017]	1	0
7Defmv25Kj9knpobhHIghm	Alphabeat	['europop', 'metropopolis']	[2017]	1	0
0FrpdcVlJQqibaz5HfBUrL	Rick James	['disco', 'funk', 'motown', 'quiet storm', 'soul', 'synth funk']	[2017]	1	0
6XwcepfAsPhrvwziGxhwju	Pretty Ricky	['dirty south rap', 'hip pop', 'miami hip hop', 'r&b', 'southern hip hop', 'trap', 'urban contemporary']	[2017]	1	0
5lXfVoQxVgC5fpjkVqvNYn	Isaiah Firebrace	['australian pop']	[2017]	1	0
0NGAZxHanS9e0iNHpR8f2W	Alok	['electro house', 'pop nacional', 'sertanejo universitario', 'slap house']	[2017]	1	1
5veVxxPm1vzgi6pO2iVA8L	Bruno Martini	['pop nacional']	[2017]	1	1
7qPLO2XOUaRrRxkvLZ3AEK	Zeeba	[]	[2017]	1	1
5e1BZulIiYWPRm8yogwUYH	Tegan and Sara	['canadian indie', 'lilith', 'metropopolis', 'permanent wave']	[2017]	1	0
15NtJjjHRFybdNSMyM9smT	Nevada	[]	[2017]	1	1
5pK858DFAWCmE2tM4jZxYC	Alex Ross	[]	[2017]	1	1
0lzV2CiahHRiGd6qpADtPS	James Hersey	[]	[2017]	1	0
72VzFto8DYvKHocaHYNWSi	Hot Chocolate	['disco']	[2017]	1	0
53QzNeFpzAaXYnrDBbDrIp	The Isley Brothers	['classic soul', 'funk', 'motown', 'quiet storm', 'soul']	[2017]	1	0
3Rsr4Z96O6U3lToOiV3zBh	Jamie T	['british alternative rock', 'british indie rock']	[2017]	1	0
4LFgxG38Y0l4Fo1gdQelay	The Dap-Kings Horns	[]	[2017]	1	1
1Mo0pnWRAKd2oEH1IC6IgH	RA (Real Artillery)	['grime', 'uk hip hop']	[2017]	1	1
1wiBLzTI7z9RUwEpNPdFT6	Mase	['contemporary r&b', 'gangster rap', 'hardcore hip hop', 'harlem hip hop', 'hip hop', 'hip pop', 'r&b', 'southern hip hop', 'urban contemporary']	[2017]	1	1
1mFGfrveXbpolppPgO29Io	TCTS	['deep groove house', 'house', 'uk dance']	[2017]	1	1
1fy3AQc7grjf5LnCd7snSg	The View	['britpop', 'celtic rock', 'dundee indie', 'scottish indie rock', 'scottish rock']	[2017]	1	0
0TF2NxkJZPQoX1H53rEFM1	Gladys Knight & The Pips	['classic soul', 'disco', 'funk', 'motown', 'quiet storm', 'soul']	[2017]	1	1
3EK3opK9Hp93HJjBPupzfg	KDA	['house', 'uk house']	[2017]	1	1
7urq0VfqxEYEEiZUkebXT4	112	['atl hip hop', 'boy band', 'contemporary r&b', 'r&b', 'urban contemporary']	[2017]	1	1
5NDMothbpdpq2xHqSjrrWn	Faith Evans	['contemporary r&b', 'hip pop', 'r&b', 'urban contemporary']	[2017]	1	1
3WOOglGBDGvr6c2WBeMAWn	Urban Cone	['swedish indie pop']	[2017]	1	0
0iVrCROxeyon7MZUW3MfzT	Montell Jordan	['contemporary r&b', 'new jack swing', 'r&b', 'urban contemporary']	[2017]	1	0
32Z7rpzefCIn0GZ8XwzrwX	Footsie	['grime']	[2017]	1	1
0qWtta2AJnHQITmWvhcehs	Jae Millz	['battle rap', 'harlem hip hop']	[2017]	1	0
7f35VZGDpomj11PXdNn5D9	Max B	[]	[2017]	1	1
2yrbLiuBmc9j81lTX3XUuI	The Jacksons	['disco', 'motown']	[2017]	1	0
211p9eSLzwF6iuXzzP5xTl	67	['grime', 'uk drill', 'uk hip hop']	[2017]	1	1
0QHXPsTQVqvNPfK6edjInM	Tayá	['uk contemporary r&b']	[2017]	1	1
0hF0WsaELSXYD8oXJrUWqS	Mick Konstantin	['irish rebel song']	[2017]	1	0
1XpDYCrUJnvCo9Ez6yeMWh	Tenacious D	['alternative metal', 'comedy rock', 'comic', 'comic metal', 'parody']	[2017]	1	0
3MyFDtqB80WZvbtCZRsekM	Bakermat	['minimal tech house', 'tropical house']	[2017]	1	1
5Tf4EH8tDvznnjULcFxkIl	Alex Clare	['modern alternative rock']	[2017]	1	1
1U0sIzpRtDkvu1hXXzxh60	Kelela	['afrofuturism', 'alternative r&b', 'escape room', 'experimental r&b']	[2017]	1	1
6fXEqmGQEt6ONuqVmwrN46	Bag Raiders	['alternative dance', 'australian dance', 'indietronica']	[2017]	1	0
2QlwnS23KrBeshXFyK5U6M	LVNDSCAPE	['deep tropical house', 'pop dance', 'pop edm']	[2017]	1	1
65NscqgsoMPqBtoLbkP3jD	Bolier	['deep tropical house']	[2017]	1	1
6TcnmlCSxihzWOQJ8k0rNS	Third Eye Blind	['alternative metal', 'alternative rock', 'pop rock', 'post-grunge']	[2017]	1	0
73ZPfpfg1LBVvDEArK4l5B	Des'ree	['europop', 'new wave pop']	[2017]	1	0
4ly0VtIYiDYVA4q6ry0NUk	Redlight	['bass house', 'bristol electronic', 'house', 'uk dance', 'uk funky']	[2017]	1	1
3CIRif6ZAedT7kZSPvj2A4	She & Him	[]	[2017]	1	0
6xfqnpe2HnLVUaYXs2F8YS	Anna Kendrick	['hollywood']	[2017]	1	1
2nRbxpnBMMbtMBWH5QdqH2	Louis Jordan	['rhythm and blues', 'swing']	[2017]	1	1
0f3EsoviYnRKTkmayI3cux	Men At Work	['album rock', 'australian rock', 'classic rock', 'hard rock', 'heartland rock', 'mellow gold', 'new romantic', 'new wave', 'new wave pop', 'rock', 'soft rock']	[2017]	1	0
4ON1ruy5ijE7ZPQthbrkgI	Burak Yeter	['electro house']	[2017]	1	1
7Dz9goFmVZZqvJxZoKg7pF	Danelle Sandoval	['nyc pop']	[2017]	1	1
4fSPtBgFPZzygkY6MehwQ7	The Libertines	['britpop', 'garage rock', 'garage rock revival', 'modern rock']	[2017]	1	0
27mFvqQj8KpjmdKIqcw1mG	Ayo & Teo	['trap', 'viral trap']	[2017]	1	0
6twIAGnYuIT1pncMAsXnEm	Commodores	['adult standards', 'disco', 'funk', 'mellow gold', 'motown', 'quiet storm', 'soft rock', 'soul']	[2017]	1	0
4L3GTE04bW5N7azA9QPhjA	Beenie Man	['dancehall', 'jamaican dancehall', 'reggae fusion', 'soca']	[2017]	1	1
1fYVmAFB7sC7eDoF3mJXla	Wande Coal	['afrobeats', 'afropop', 'nigerian hip hop', 'nigerian pop']	[2017]	1	1
7LP4hiTAVkw3Rtc1hqtLi4	Rachel Stevens	['bubblegum dance', 'europop', 'talent show']	[2017]	1	0
51d3rUlLuMh7EW09aMe7yj	B2K	['boy band', 'contemporary r&b', 'hip pop', 'r&b', 'urban contemporary']	[2017]	1	1
2WOMBqEsllg2ICn7D2L8ta	Jehnny Beth	[]	[2017]	1	1
7vXDAI8JwjW531ouMGbfcp	TINI	['latin pop', 'pop argentino']	[2017]	1	1
2qdONMCoDngQk0eV4Avs1i	Natalie La Rose	['viral trap']	[2017]	1	1
3QLIkT4rD2FMusaqmkepbq	Rachel Platten	['post-teen pop', 'viral pop']	[2017]	1	0
0Je74SitssvJg1w4Ra2EK7	4 Non Blondes	['new wave pop', 'pop rock']	[2017]	1	0
5rIhaCHkbFVvLJpKHWwOJD	Charles & Eddie	['neo soul']	[2017]	1	0
7r8xR0LmnaAM623MmRDn1V	Max Frost	['austindie']	[2017]	1	1
6V6WCgi7waF55bJmylC4H5	Gloria Gaynor	['disco', 'soft rock']	[2017]	1	0
5nQybVOGIy5TZ1XK9CaDiS	Sarah Close	['isle of wight indie', 'uk pop']	[2017]	1	0
6mctsJBrfcWvWH7S8h716D	Moelogo	['afrobeats', 'nigerian pop']	[2017]	1	1
6eBYLQONaYZhZNAVK061t6	Nina Sky	['hip pop']	[2017]	1	1
6TL5LD7Gqmo99xssJEbQpA	Jabba	[]	[2017]	1	1
1udruffum7CorOphFUMB9A	Kato	['danish electronic', 'danish pop']	[2017]	1	1
0nyc9SZGLITSOJASmTZsnZ	LEN	['canadian rock']	[2017]	1	0
6GMYJwaziB4ekv1Y6wCDWS	Soulja Boy	['atl hip hop', 'chicago bop', 'dance pop', 'pop rap', 'rap', 'southern hip hop', 'trap']	[2017]	1	0
30ut8L4gmEz4vNr1zNhpbh	Ida Corr	['scandipop']	[2017]	1	1
7dc6hUwyuIhrZdh80eaCEE	Fedde Le Grand	['dutch house', 'edm', 'electro house', 'house', 'pop dance', 'progressive electro house', 'progressive house']	[2017]	1	1
3iri9nBFs9e4wN7PLIetAw	gnash	['alt z', 'pop']	[2017]	1	1
1QRj3hoop9Mv5VvHQkwPEp	Olivia O'Brien	['alt z', 'pop']	[2017]	1	1
5X1JzPIIonP3u9lA580pPT	Francesco Yates	['canadian pop']	[2017]	1	1
6LsSHppZVgx7eks7hAkTPN	Lily Mckenzie	[]	[2017]	1	1
3w6zswp5THsSKYLICUbDTZ	Gabrielle Aplin	['acoustic pop', 'neo-singer-songwriter', 'uk pop', 'viral pop']	[2017]	1	0
0hirZ8kPPdM9pzXpoagB4w	Marlena Shaw	[]	[2017]	1	0
4PVn1b2WnnXdq80C7uaZLZ	Nause	[]	[2017]	1	1
4bvWFV51SAEocM22uiDOza	Pretty Sister	['la pop']	[2017]	1	1
3JXpwnHbLvXxY99EuXqFPX	Poo Bear	['pop r&b']	[2017]	1	1
1D9XQXqh4YQfJwX7hyLWwr	Sleepy Tom	['canadian electronic', 'pop edm']	[2017]	1	1
58LTO4K7E3WUtztMK2BCkB	Akala	['conscious hip hop', 'grime', 'political hip hop', 'uk hip hop']	[2017]	1	1
13kKxNPnxPeeWQaAaZwvCP	Callie Hernandez	[]	[2017]	1	1
4FFGJ9ERSX06Sl8hD7GRVv	Sonoya Mizuno	[]	[2017]	1	1
21yiGQIpkiP8edfxDipQaW	Jessica Rothe	[]	[2017]	1	1
0vbEs3DgphJ2RGZqh4qFLT	Anita Kerr Singers	['easy listening']	[2017]	1	0
7B2edU3Q7btJoNsoHCNohM	Laura Marling	['british folk', 'british singer-songwriter', 'chamber pop', 'singer-songwriter']	[2017]	1	0
5ajWW0e3M7Jn33w9WxL47T	Jay Midge	[]	[2017]	1	1
5os0Ltvz8Q8BvXOPOd1frx	Inner Circle	['reggae', 'reggae fusion']	[2017]	1	0
49O0SPoCoTiK2Nn2tOaHyU	Knox Fortune	['chicago indie']	[2017]	1	1
2TM0qnbJH4QPhGMCdPt7fH	Neck Deep	['pop punk', 'uk pop punk']	[2017]	1	0
0DxeaLnv6SyYk2DOqkLO8c	MAGIC!	['pop', 'reggae fusion']	[2017]	1	0
29pQjcc1XsJa7Aeezho17b	George Kwali	['brighton indie']	[2017]	1	1
0Nc09HuPN9ELmbTCLyNKnO	Nadia Rose	[]	[2017]	1	1
0iUw5KL7NRlfKK3tZJNK9b	Sweetie Irie	[]	[2017]	1	1
5UoVLCWzOKMIJ9iioof9OD	CeCe Peniston	['diva house']	[2017]	1	0
3c55dzx6W0ZFs0frtEgIsm	Sunstroke Project	['moldovan pop']	[2017]	1	0
4NZvixzsSefsNiIqXn0NDe	Maggie Rogers	['indie pop']	[2017]	1	0
7siPLyFwRFYQkKgWKJ5Sod	The Dandy Warhols	['alternative rock', 'dance-punk']	[2017]	1	0
5OImcY3khBn9UFjzgaapob	Low Steppa	['bass house', 'house', 'tech house', 'uk dance']	[2017]	1	1
7KMddxPqjqv0fiucwg0c3D	DJ Pied Piper & The Masters Of Ceremonies	['uk garage']	[2017]	1	0
0IB0VjX9NSrGX6PjCXGVcq	Raleigh Ritchie	['uk contemporary r&b']	[2017]	1	1
6b5YOgXIliAozdo49vUCJQ	Izzy Bizu	['british soul']	[2017]	1	0
6ioOEWNNGK40H8xrGj6XPW	XYLØ	['alt z', 'indie poptimism', 'la pop']	[2017]	1	1
2lrtGWxNXWjd0JzDLKXubI	Berner	['cali rap', 'oakland hip hop']	[2017]	1	1
0pt7PX4Hftlg8mV1ySU84Q	CVBZ	['dark r&b']	[2017]	1	1
3qMyym6ov558YgVuOOscEm	Blanche	[]	[2017]	1	0
7J2lZBANizgPNfUzux31PV	David Gray	['neo mellow', 'permanent wave']	[2017]	1	0
7zHIrsSBL7A0gEJfzv1m7z	Benjamin Clementine	['art pop']	[2017]	1	1
3TNt4aUIxgfy9aoaft5Jj2	Yeah Yeah Yeahs	['alternative dance', 'alternative rock', 'art pop', 'dance-punk', 'garage rock', 'indie rock', 'modern rock', 'neo-synthpop', 'new rave']	[2017]	1	0
2RP4pPHTXlQpDnO9LvR7Yt	Lianne La Havas	['alternative r&b', 'british soul', 'indie soul', 'neo soul', 'pop soul', 'soul']	[2017]	1	0
6VD4UEUPvtsemqD3mmTqCR	Deorro	['dutch house', 'edm', 'electro house', 'melbourne bounce', 'melbourne bounce international', 'pop dance', 'progressive electro house']	[2017]	1	1
72T7x96EAqN2UWvAgobYfv	Sizzla	['dancehall', 'reggae', 'reggae fusion']	[2017]	1	1
3jVMgT4X7YeuYE4aludcmE	Phil Spector	['brill building pop']	[2017]	1	0
6w7j5wQ5AI5OQYlcM15s2L	Extreme	['funk metal', 'glam metal', 'hard rock']	[2017]	1	0
6Id8rcDNyBXPcgKQVfQ8rX	Samuel E. Wright	['movie tunes']	[2017]	1	1
1NRrKr08wLdYUdSOnNDs7M	Latin Fresh	['panamanian pop']	[2017]	1	1
3Zw2rErYf8ode9GREnq9r7	Prince Balboa	[]	[2017]	1	1
6gK1Uct5FEdaUWRWpU4Cl2	Petit Biscuit	['new french touch']	[2017]	1	0
0Suv0tRrNrUlRzAy8aXjma	Haddaway	['eurodance', 'europop']	[2017]	1	0
6H1RjVyNruCmrBEWRbD0VZ	Def Leppard	['album rock', 'classic rock', 'glam metal', 'hard rock', 'nwobhm', 'rock']	[2017]	1	0
0awl5piYwO0CDTHEkCjUhn	Nico & Vinz	[]	[2017]	1	0
0cwmNvclzPd8mQnoHuIksj	Vengaboys	['eurodance', 'europop']	[2017]	1	0
27FGXRNruFoOdf1vP8dqcH	Cassie	['dance pop', 'hip pop', 'pop rap', 'r&b', 'urban contemporary']	[2017]	1	0
7qRll6DYV06u2VuRPAVqug	Foxes	['electropop', 'metropopolis', 'uk pop']	[2017]	1	1
0kObWap02DEg9EAJ3PBxzf	Starship	['album rock', 'classic rock', 'mellow gold', 'new romantic', 'new wave pop', 'soft rock', 'synthpop']	[2017]	1	0
79DOwuMzV2h4es3em0t002	Eric Turner	[]	[2017]	1	1
0CjWKoS55T7DOt0HJuwF1H	Bipolar Sunshine	['gauze pop']	[2017]	1	1
6xdRb2GypJ7DqnWAI2mHGn	MUNA	['indie pop', 'indie poptimism', 'la pop', 'metropopolis']	[2017]	1	0
40giwFcTQtv9ezxW8yqxJU	Chiddy Bang	['indie pop rap', 'philly rap', 'pop rap']	[2017]	1	0
2Ve76xf8WEVRRfanpQHgLs	Sebastian Kole	[]	[2017]	1	1
5oO8FWVbfY83dqWrVrbM6J	Don-E	['british soul', 'smooth soul']	[2017]	1	1
55UOywvWbUD9c6C3NSGdft	Mike Dunn	['chicago house', 'classic house', 'deep house']	[2017]	1	1
4FtSnMlCVxCswABUmdhwpm	Carly Simon	['classic rock', 'folk', 'folk rock', 'heartland rock', 'mellow gold', 'singer-songwriter', 'soft rock']	[2017]	1	1
4qwGe91Bz9K2T8jXTZ815W	Janet Jackson	['dance pop', 'r&b', 'urban contemporary']	[2017]	1	0
63wjoROpeh5f11Qm93UiJ1	Keri Hilson	['dance pop', 'hip pop', 'r&b', 'urban contemporary']	[2017]	1	1
4TLCPR1sMYoNU1jA7O4uww	D.O.E.	[]	[2017]	1	1
4uq3HY9rto71MxVGVCZm8G	Architechs	['speed garage', 'uk garage']	[2017]	1	1
1xZtNiq2jiWsekkw2IpHVy	Nay Nay	[]	[2017]	1	1
5ubTLvtpORseymsgTVxk45	TIEKS	['deep groove house', 'house', 'uk dance']	[2017]	1	1
0ZZr6Y49NZWRJc0uCwqpMR	Feeder	['britpop', 'welsh rock']	[2017]	1	0
4rGrN4XDYhP6dUAZMvcuHr	Caesars	['swedish indie rock']	[2017]	1	0
1Z8ODXyhEBi3WynYw0Rya6	De La Soul	['east coast hip hop', 'golden age hip hop', 'hip hop', 'jazz rap']	[2017]	1	1
0Qpk1IGiZeB6rRhfK4FVDT	Kelvin Mercer	[]	[2017]	1	1
2jBa39W2cucJozDpEBtCXu	Lennox	[]	[2017]	1	1
1pgDilWYDWLoOgGjf1iHNu	Zion	['reggaeton', 'urbano latino']	[2017]	1	1
1kMfh3vEY0iWX9SDVjvdsd	Hear'Say	['bubblegum dance', 'europop', 'talent show']	[2017]	1	0
1mSJCvDX0W7Dn7S9C6vmvI	Anna of the North	['electropop', 'vapor pop']	[2017]	1	1
2ew9JvyyuOGkhahuwdovDq	Secondcity	['house', 'uk dance', 'uk house']	[2017]	1	0
5UdPkKWd8YNR5xGcmqH9QJ	Jason Weaver	['movie tunes']	[2017]	1	1
5U4QDnlOlmZx9MHV45EoDE	Rowan Atkinson	['british comedy']	[2017]	1	1
6wIj7GdxBjFtw6ySpzazwo	Laura Williams	['movie tunes']	[2017]	1	1
6O2zJ0tId7g07yzHtX0yap	Mobb Deep	['east coast hip hop', 'hardcore hip hop', 'hip hop', 'queens hip hop']	[2017]	1	0
7nKeLE1toRtW4M279iS26h	Zay Hilfigerrr	['viral trap']	[2017]	1	1
5AsWcQXw4RJFRWBbwa0ti0	Zayion McCall	[]	[2017]	1	1
5ndkK3dpZLKtBklKjxNQwT	B.o.B	['atl hip hop', 'dance pop', 'pop rap', 'rap', 'southern hip hop']	[2017]	1	1
5zaXYwewAXedKNCff45U5l	Dusty Springfield	['adult standards', 'british invasion', 'soul']	[2017]	1	0
3hozsZ9hqNq7CoBGYNlFTz	OK Go	['chicago indie', 'modern rock', 'permanent wave']	[2017]	1	0
32WkQRZEVKSzVAAYqukAEA	Lady A	['contemporary country', 'country', 'country dawn', 'country pop', 'country road']	[2017]	1	0
7KUri7klyLaIFXLcuuOMCd	Stargate	['norwegian pop']	[2017]	1	1
2hWr3AjjKOCVmWcwvuT4uM	Angie Stone	['contemporary r&b', 'neo soul', 'r&b', 'urban contemporary']	[2017]	1	0
1VbWUxZTRNY2gw3qZ1tg9W	The Corrs	['celtic rock', 'europop', 'pop rock']	[2017]	1	0
7Gf3LSwa5hh8Cjo60WhVjC	India.Arie	['neo soul', 'r&b', 'urban contemporary']	[2017]	1	1
4H2b90USTVSstPktwUsDZE	Joe Sample	['jazz funk', 'jazz piano', 'smooth jazz']	[2017]	1	1
2NhdGz9EDv2FeUw6udu2g1	The Wanted	['boy band', 'dance pop', 'pop', 'post-teen pop']	[2017]	1	0
6T70tWxqyIpdVbsFvPzqM3	La La Land Cast	[]	[2017]	1	0
3oKRxpszQKUjjaHz388fVA	Parcels	['aussietronica', 'indie soul']	[2017]	1	0
2YVF0Ou5zIc4mpgtLIlGN0	Robert Miles	['dream trance', 'eurodance', 'trance']	[2017]	1	0
2AcUPzkVWo81vumdzeLLRN	Rhye	['art pop', 'downtempo', 'indie soul', 'indietronica', 'shimmer pop']	[2017]	1	1
3x9IfYx4a2FPsxqrTV5FgP	5 After Midnight	['boy band', 'talent show']	[2017]	1	0
4grgK6n5E4Xf2hGzwTjUz6	iDubbbz	['meme rap']	[2017]	1	1
7kfzadZaOgR90Tp8OYH5gM	Boyinaband	['antiviral pop', 'otacore', 'pixel']	[2017]	1	1
2NUz5P42WqkxilbI8ocN76	Vybz Kartel	['dancehall', 'jamaican dancehall', 'reggae fusion']	[2017]	1	1
0GfYO21pue5u0sVEYk9HZO	Salvador Sobral	['portuguese pop']	[2017]	1	0
51cLPvmhBdl3qTsZCL32Yl	Nikki Blonsky	['hollywood']	[2017]	1	1
2rQM4vPGbkx25PHapwq61a	Amanda Bynes	['show tunes']	[2017]	1	1
0HnvwS4WOXhjvKwQRceHMe	Elijah Kelley	['hollywood', 'show tunes']	[2017]	1	1
5m7wCUhYhBh7A3A3YMxrbt	Queen Latifah	['conscious hip hop', 'east coast hip hop', 'golden age hip hop', 'hip hop', 'new jersey rap']	[2017]	1	1
7JMPwFdbHhPe46HDJXKhA5	Black Saint	['deep groove house', 'house', 'uk dance']	[2017]	1	0
3RGLhK1IP9jnYFH4BRFJBS	The Clash	['alternative rock', 'permanent wave', 'punk', 'rock']	[2017]	1	0
1eClJfHLoDI4rZe5HxzBFv	INXS	['australian rock', 'dance rock', 'funk rock', 'new romantic', 'new wave', 'rock']	[2017]	1	0
1T8S48bD91THNKBByWBDyn	Dwayne Johnson	['meme']	[2017]	1	0
6QNkSI0c63lCTNXpHDBiqP	Ace	['classic uk pop']	[2017]	1	0
6mpxgK8EZh8VDoe6trGF0f	NAATIONS	['la pop']	[2017]	1	1
0q4NrXqJnc367PieejuROJ	Vice	['chicano rap']	[2017]	1	1
00Z3UDoAQwzvGu13HoAM7J	Skizzy Mars	['indie pop rap']	[2017]	1	1
01QTIT5P1pFP3QnnFSdsJf	Lupe Fiasco	['chicago rap', 'conscious hip hop', 'hip hop', 'political hip hop', 'pop rap', 'rap', 'southern hip hop']	[2017]	1	1
2DzRMyWgjuMbYvt5BLbpCo	Anthony Hamilton	['contemporary r&b', 'neo soul', 'new jack swing', 'r&b', 'urban contemporary']	[2017]	1	1
2J84sVYLHiP0snY2dOlYhI	Rui Da Silva feat. Cassandra	[]	[2017]	1	0
0sHeX8oQ6o7xic3wMf4NBU	Supergrass	['alternative rock', 'britpop', 'oxford indie']	[2017]	1	0
1NUD5By34MFynmuUynCfSj	The Real Thing	['brit funk', 'disco']	[2017]	1	0
15s4hiy6X6wK8V6QuP6P31	ARLE	[]	[2017]	1	1
0nUF7iT0e6D5xEl743Jfu3	Icarus	['house', 'uk dance']	[2017]	1	1
3TaUSUXn41GixL7zbvrIDt	A-Trak	['canadian electronic', 'edm', 'electro house', 'electronic trap', 'turntablism']	[2017]	1	1
4LlDtNr8qFwhrT8eL2wzH4	The Hoosiers	[]	[2017]	1	0
7lsnwlX6puQ7lcpSEpJbZE	Kilo Kish	['alternative r&b', 'escape room']	[2017]	1	1
4Rxn7Im3LGfyRkY2FlHhWi	Nick Jonas	['dance pop', 'pop']	[2017]	1	1
450iujbtN6XgiA9pv6fVZz	Razorlight	['britpop']	[2017]	1	0
0ojBbzNVKsx1wFf7Ag3YIv	Dream Mclean	[]	[2017]	1	1
1b4DN8Vj0dnj5cceMFsRYN	Dante Klein	['deep tropical house', 'dutch house', 'pop edm']	[2017]	1	1
6FX5FKX939Ew7IflBzKfls	Artists for Grenfell	['musical advocacy', 'uk pop']	[2017]	1	0
2oX42qP5ineK3hrhBECLmj	Andy Grammer	['neo mellow', 'post-teen pop']	[2017]	1	0
3EA9hVIzKfFiQI0Kikz2wo	Andrea Bocelli	['classical tenor', 'italian tenor', 'operatic pop']	[2017]	1	1
3x8FbPjh2Qz55XMdE2Yalj	Nick Mulvey	['british singer-songwriter', 'cambridgeshire indie', 'indie folk']	[2017]	1	0
7gbmX8SsfjEjxDMzBi1ZOL	Joe Jonas	['pop', 'post-teen pop']	[2017]	1	1
2DzbXUAn0DiYqcgu2wDfaf	Coely	['belgian hip hop', 'belgian rock']	[2017]	1	1
7slfeZO9LsJbWgpkIoXBUJ	Ricky Martin	['latin pop', 'mexican pop', 'puerto rican pop']	[2017]	1	0
4N874uPqBka1QiCvnCVOtr	Phoebe Ryan	['alt z', 'indie poptimism']	[2017]	1	1
51WveHy70ZoLyFjZVgM9bn	Rukhsana Merrise	['indie anthem-folk']	[2017]	1	1
1yYBD4cVxCxXQXi4QGZfSo	Kav Verhouzer	['deep tropical house']	[2017]	1	1
5YMqwPmb7ViNXM63g1MUH5	BullySongs	[]	[2017]	1	1
6s25DYniFsLAKOQduZRpIS	Elliot Crawford	[]	[2017]	1	1
0SdiiPkr02EUdekHZJkt58	Hanson	['boy band']	[2017]	1	0
6x9QLdzo6eBZxJ1bHsDkjg	Sisqo	['contemporary r&b', 'dirty south rap', 'hip pop', 'r&b', 'urban contemporary']	[2017]	1	0
57ms6nMdMlFD6665yAVW3B	WHTKD	['deep groove house', 'house']	[2017]	1	0
6mE4CFfU3nDnK6krFTNmz4	Chris & Kem	[]	[2017]	1	0
1c4rxrxy8eDLvMVL1DTiBe	Andra Day	['r&b']	[2017]	1	0
5YBSzuCs7WaFKNr7Bky0Uf	Olivia	[]	[2017]	1	1
0LlPal5iJGcCWwZp8VefVs	City High	[]	[2017]	1	0
5RQqbE8uh2NwotXk6wvYa6	Ricegum	['social media pop']	[2017]	1	1
5fikk4h5qbEebqK2Fc6e48	En Vogue	['contemporary r&b', 'girl group', 'hip pop', 'new jack swing', 'r&b', 'urban contemporary']	[2017]	1	0
1XCorAp4vtEceWjPgyiiw6	Shola Ama	['uk garage']	[2017]	1	0
4iSKnRZAxkmqNok6tv10Se	Crazy Town	['alternative metal', 'funk metal', 'nu metal', 'post-grunge', 'rap rock']	[2017]	1	0
5qYCZ5FQuzZSjOnesvuYiD	Preditah	['bass house', 'birmingham grime', 'grime', 'instrumental grime', 'old school bassline', 'uk garage']	[2017]	1	1
2yEkZBBjhzKzt6LF5XMaFi	Blue	['boy band']	[2017]	1	0
0YQmcNgfnoqxBMJ8dcw3Eh	Initial Talk	[]	[2017]	1	1
26GHRG8x1F4AzbCKzUaIbw	Aquilo	['indie anthem-folk']	[2017]	1	0
6TZdvF1kFzwnQLgHQynzsO	Alien Ant Farm	['alternative metal', 'funk metal', 'nu metal', 'post-grunge']	[2017]	1	0
4fgXfJCQnK6c44u4KzAtQP	Sundara Karma	['english indie rock', 'modern alternative rock', 'modern rock', 'reading indie']	[2017]	1	0
6FITmSxIMsk6TfulFiCIIz	Ram Jam	['southern rock']	[2017]	1	0
6Dd3NScHWwnW6obMFbl1BH	Daya	['pop']	[2017]	1	1
09dzhikZDQAWGs8jyIylqj	Gramma Funk	[]	[2017]	1	1
2f9ZiYA2ic1r1voObUimdd	Grace Jones	['art pop']	[2017]	1	1
