artist_id	name	genres	years_on_charts	num_hits	num_collab_hits
06HL4z0CvFAxyc27GXpf02	Taylor Swift	['pop']	[2017, 2018, 2019, 2020, 2021, 2022]	171	24
3TVXtAsR1Inumwj472S9r4	Drake	['canadian hip hop', 'canadian pop', 'hip hop', 'rap', 'toronto rap']	[2017, 2018, 2019, 2020, 2021, 2022]	161	81
4MCBfE4596Uoi2O4DtmEMz	Juice WRLD	['chicago rap', 'melodic rap', 'rap']	[2018, 2019, 2020, 2021, 2022]	102	39
246dkjvS1zLTtiykXe5h60	Post Malone	['dfw rap', 'melodic rap', 'pop', 'rap']	[2017, 2018, 2019, 2020, 2021, 2022]	94	49
1uNFoZAHBGtllmzznpCI3s	Justin Bieber	['canadian pop', 'pop']	[2017, 2018, 2019, 2020, 2021, 2022]	94	60
66CXWjxzNUsdJxJ2JdwvnR	Ariana Grande	['pop']	[2017, 2018, 2019, 2020, 2021, 2022]	92	42
1Xyo4u8uXC1ZmMpatF05PJ	The Weeknd	['canadian contemporary r&b', 'canadian pop', 'pop']	[2017, 2018, 2019, 2020, 2021, 2022]	91	40
7dGJo4pcD2V6oG8kP0tJRR	Eminem	['detroit hip hop', 'hip hop', 'rap']	[2017, 2018, 2019, 2020, 2021, 2022]	85	45
6eUKZXaKkcviH0Ku9w2n3V	Ed Sheeran	['pop', 'singer-songwriter pop', 'uk pop']	[2017, 2018, 2019, 2020, 2021, 2022]	84	37
0Y5tJX1MQlPlqiwlOH1tJY	Travis Scott	['hip hop', 'rap', 'slap house']	[2017, 2018, 2019, 2020, 2021, 2022]	83	60
5K4W6rqBFWDnAN6FQUkS6x	Kanye West	['chicago rap', 'hip hop', 'rap']	[2017, 2018, 2019, 2020, 2021, 2022]	82	32
6LuN9FCkKOj5PcnpouEgny	Khalid	['pop', 'pop r&b']	[2017, 2018, 2019, 2020, 2021, 2022]	71	42
3Nrfpe0tUJi4K4DXYWgMUX	BTS	['k-pop', 'k-pop boy group', 'pop']	[2017, 2018, 2019, 2020, 2021, 2022]	65	15
15UsOTVnJzReFVN1VCnxy4	XXXTENTACION	['emo rap', 'miami hip hop']	[2017, 2018, 2019, 2020, 2021, 2022]	61	16
6qqNVTkY8uBg9cP3Jd7DAH	Billie Eilish	['art pop', 'electropop', 'pop']	[2017, 2018, 2019, 2020, 2021, 2022]	60	4
0hCNtLu0JehylgoiP8L4Gh	Nicki Minaj	['hip pop', 'pop', 'queens hip hop', 'rap']	[2017, 2018, 2019, 2020, 2021, 2022]	54	48
69GGBxA162lTqCwzJG5jLp	The Chainsmokers	['electropop', 'pop']	[2017, 2018, 2019, 2020, 2021, 2022]	51	34
2tIP7SsRs7vjIcLrU85W8J	The Kid LAROI	['australian hip hop']	[2020, 2021, 2022]	51	23
6l3HvQ5sa6mXTsMTB19rO5	J. Cole	['conscious hip hop', 'hip hop', 'north carolina hip hop', 'rap']	[2017, 2018, 2019, 2020, 2021, 2022]	49	18
2YZyLoL8N0Wb9xBt1NhZWg	Kendrick Lamar	['conscious hip hop', 'hip hop', 'rap', 'west coast rap']	[2017, 2018, 2019, 2020, 2021, 2022]	47	31
0eDvMgVFoNV3TpwtrVCoTj	Pop Smoke	['brooklyn drill', 'rap']	[2019, 2020, 2021, 2022]	47	30
2wY79sveU1sp5g7SokKOiI	Sam Smith	['pop', 'uk pop']	[2017, 2018, 2019, 2020, 2021, 2022]	45	8
7n2wHs1TKAczGzO7Dd2rGr	Shawn Mendes	['canadian pop', 'pop', 'viral pop']	[2017, 2018, 2019, 2020, 2021, 2022]	44	15
13ubrt8QOOCPljQ2FL1Kca	A$AP Rocky	['east coast hip hop', 'hip hop', 'rap', 'trap']	[2017, 2018, 2019, 2021, 2022]	43	32
4O15NlyKLIASxsJ0PrXPfz	Lil Uzi Vert	['melodic rap', 'philly rap', 'rage rap', 'rap', 'trap']	[2017, 2018, 2019, 2020, 2021]	43	21
4V8LLVI7PbaPR0K2TGSxFF	Tyler, The Creator	['hip hop', 'rap']	[2017, 2018, 2019, 2020, 2021, 2022]	42	21
6AgTAQt8XS6jRWi4sX7w49	Polo G	['chicago rap', 'rap']	[2019, 2020, 2021, 2022]	42	26
6M2wZ9GZgrQXHCFfjv46we	Dua Lipa	['dance pop', 'pop', 'uk pop']	[2017, 2018, 2019, 2020, 2021, 2022]	41	17
4kYSro6naA4h99UJvo89HB	Cardi B	['pop', 'rap']	[2017, 2018, 2019, 2020, 2021, 2022]	40	29
6nxWCVXbOlEVRexSbLsTer	Flume	['australian dance', 'australian electropop', 'australian indie', 'downtempo', 'edm', 'indietronica']	[2017, 2018, 2019, 2020, 2021, 2022]	39	25
5JZ7CnR6gTvEMKX4g70Amv	Lauv	['pop']	[2017, 2018, 2019, 2020, 2021]	39	21
26VFTg2z8YR0cCuwLzESi2	Halsey	['electropop', 'etherpop', 'indie poptimism', 'pop']	[2017, 2018, 2019, 2020, 2021, 2022]	38	18
4nDoRrQiYLoBzwC5BhVJzF	Camila Cabello	['dance pop', 'pop']	[2017, 2018, 2019, 2020, 2021, 2022]	38	17
1URnnhqYAYcrqrcwql10ft	21 Savage	['atl hip hop', 'hip hop', 'rap', 'trap']	[2017, 2018, 2019, 2020, 2021, 2022]	38	32
7bXgB6jMjp9ATFy66eO08Z	Chris Brown	['r&b', 'rap']	[2017, 2018, 2019, 2020, 2021, 2022]	37	27
1nzgtKYFckznkcVMR3Gg4z	KSI	['uk hip hop']	[2019, 2020, 2021]	37	26
50co4Is1HCEo8bhOyUWKpn	Young Thug	['atl hip hop', 'atl trap', 'gangster rap', 'melodic rap', 'rap', 'trap']	[2017, 2018, 2019, 2020, 2021, 2022]	36	36
5Rl15oVamLq7FbSb0NNBNy	5 Seconds of Summer	['boy band', 'pop']	[2018, 2019, 2020, 2021, 2022]	36	7
5cj0lLjcoR7YOSnhnX0Po5	Doja Cat	['dance pop', 'pop']	[2019, 2020, 2021, 2022]	36	20
163tK9Wjr9P9DmM0AVK7lm	Lorde	['art pop', 'metropopolis', 'nz pop', 'pop']	[2017, 2018, 2020, 2021]	35	3
1RyvyyTE3xzB2ZywiAwp0i	Future	['atl hip hop', 'hip hop', 'rap', 'southern hip hop', 'trap']	[2017, 2018, 2019, 2020, 2021, 2022]	35	32
4dpARuHxo51G3z768sgnrY	Adele	['british soul', 'pop', 'pop soul', 'uk pop']	[2017, 2018, 2019, 2020, 2021, 2022]	35	0
4r63FhuTkUYltbVAg5TQnk	DaBaby	['hip hop', 'north carolina hip hop', 'rap', 'trap']	[2019, 2020, 2021, 2022]	35	23
7jVv8c5Fj3E9VhNjxT4snq	Lil Nas X	['lgbtq+ hip hop']	[2019, 2020, 2021, 2022]	34	13
6XyY86QOPPrYVGvF9ch6wz	Linkin Park	['alternative metal', 'nu metal', 'post-grunge', 'rap metal', 'rock']	[2017]	33	3
1HY2Jd0NmPuamShAr6KMms	Lady Gaga	['art pop', 'dance pop', 'pop']	[2017, 2018, 2019, 2020, 2021, 2022]	33	12
7c0XG5cIJTrrAgEC3ULPiq	Ty Dolla $ign	['hip hop', 'pop rap', 'r&b', 'southern hip hop', 'trap', 'trap soul']	[2017, 2018, 2019, 2020, 2021]	33	33
0VRj0yCOv2FXJNP47XQnx5	Quavo	['atl hip hop', 'melodic rap', 'rap', 'trap']	[2017, 2018, 2019, 2020, 2021]	32	30
5LHRHt1k9lMyONurDHEdrp	Tyga	['hip hop', 'pop rap', 'rap', 'trap']	[2017, 2018, 2019, 2020, 2021, 2022]	32	28
55Aa2cqylxrFIXC767Z865	Lil Wayne	['hip hop', 'new orleans rap', 'pop rap', 'rap', 'trap']	[2017, 2018, 2019, 2020, 2021, 2022]	31	28
4xRYI6VqpkE3UwrDrAZL8L	Logic	['conscious hip hop', 'hip hop', 'pop rap', 'rap']	[2017, 2018, 2019, 2020]	31	15
6vWDO969PvNqNYHIOW5v0m	Beyoncé	['pop', 'r&b']	[2017, 2018, 2019, 2020, 2021]	30	16
7tYKF4w9nC0nq9CsPZTHyP	SZA	['pop', 'r&b', 'rap']	[2017, 2018, 2019, 2020, 2021, 2022]	30	28
1GxkXlMwML1oSg5eLPiAz3	Michael Bublé	['adult standards', 'canadian pop', 'jazz pop', 'lounge']	[2017, 2018, 2019, 2020, 2021]	29	10
7CajNmpbOovFoOoasH2HaY	Calvin Harris	['dance pop', 'edm', 'electro house', 'house', 'pop', 'progressive house', 'uk dance']	[2017, 2018, 2019, 2020, 2021]	29	27
5Pb27ujIyYb33zBqVysBkj	RÜFÜS DU SOL	['australian electropop', 'indietronica']	[2017, 2018, 2019, 2020, 2021, 2022]	29	2
6oMuImdp5ZcFhWP0ESe6mG	Migos	['atl hip hop', 'hip hop', 'rap', 'trap']	[2017, 2018, 2019, 2020, 2021]	29	22
1KCSPY1glIKqW2TotWuXOR	P!nk	['dance pop', 'pop']	[2017, 2018, 2019, 2020, 2021, 2022]	29	8
0ZED1XzwlLHW4ZaG4lOT6m	Julia Michaels	['pop']	[2017, 2018, 2019, 2020, 2021, 2022]	29	18
0C8ZW7ezQVs4URX5aX7Kqx	Selena Gomez	['pop', 'post-teen pop']	[2017, 2018, 2019, 2020, 2021]	28	13
53XhwfbYqKCa1cC15pYq2q	Imagine Dragons	['modern rock', 'pop', 'rock']	[2017, 2018, 2019, 2020, 2021, 2022]	28	5
6KImCVD70vtIoJWnq6nGn3	Harry Styles	['pop']	[2017, 2019, 2020, 2021, 2022]	28	0
1Bl6wpkWCQ4KVgnASpvzzA	BROCKHAMPTON	['boy band', 'rap']	[2018, 2019, 2020, 2021]	28	3
04gDigrS5kc9YWfZHwBETP	Maroon 5	['pop']	[2017, 2018, 2019, 2020, 2021, 2022]	27	19
1vCWHaC5f2uS3yhpwWbIA6	Avicii	['edm', 'pop', 'pop dance']	[2017, 2018, 2019, 2020, 2021, 2022]	27	11
3WGpXCj9YhhfX11TToZcXP	Troye Sivan	['australian pop', 'pop', 'viral pop']	[2017, 2018, 2019, 2020, 2021]	27	12
6Xgp2XMz1fhVYe7i6yNAax	Trippie Redd	['melodic rap', 'rap', 'trap']	[2017, 2018, 2019, 2020, 2021]	26	20
10exVja0key0uqUkk6LJRT	Vance Joy	['folk-pop', 'modern rock']	[2017, 2018, 2019, 2020, 2021, 2022]	25	2
0du5cEVh5yTK9QJze8zA0C	Bruno Mars	['dance pop', 'pop']	[2017, 2018, 2019, 2020, 2021, 2022]	25	19
5f7VJjfbwm532GiveGC0ZK	Lil Baby	['atl hip hop', 'atl trap', 'rap', 'trap']	[2018, 2019, 2020, 2021, 2022]	25	22
2hlmm7s2ICUX0LVIhVFlZQ	Gunna	['atl hip hop', 'melodic rap', 'rap', 'trap']	[2018, 2019, 2020, 2021, 2022]	25	25
23fqKkggKUBHNkbKtXEls4	Kygo	['edm', 'pop', 'pop dance', 'tropical house']	[2017, 2018, 2019, 2020, 2021]	24	24
5YGY8feqx7naU7z4HrwZM6	Miley Cyrus	['pop']	[2017, 2018, 2019, 2020, 2021, 2022]	24	10
64KEffDW9EtZ1y2vBYgq8T	Marshmello	['brostep', 'edm', 'pop', 'progressive electro house']	[2017, 2018, 2019, 2020, 2021, 2022]	24	23
1zNqDE7qDGCsyzJwohVaoX	Anne-Marie	['pop']	[2017, 2018, 2019, 2020, 2021, 2022]	24	18
6kQfGeicc9EiQMzAYX0f9U	ONEFOUR	['aussie drill', 'australian hip hop', 'australian trap']	[2019, 2020, 2021, 2022]	24	10
5WUlDfRSoLAfcVSX1WnrxN	Sia	['australian dance', 'australian pop', 'pop']	[2017, 2018, 2019, 2020, 2021]	23	10
1zNqQNIdeOUZHb8zbZRFMX	Swae Lee	['melodic rap', 'rap', 'trap']	[2017, 2018, 2019, 2020, 2021, 2022]	23	22
4LLpKhyESsyAXpc4laK94U	Mac Miller	['hip hop', 'pittsburgh rap', 'rap']	[2017, 2018, 2019, 2020, 2021, 2022]	23	3
5INjqkS1o8h1imAzPqGZBb	Tame Impala	['australian psych', 'modern rock', 'neo-psychedelic', 'rock']	[2017, 2019, 2020, 2021, 2022]	23	0
1Cs0zKBU1kc0i8ypK3B9ai	David Guetta	['big room', 'dance pop', 'edm', 'pop', 'pop dance']	[2017, 2018, 2019, 2020, 2021, 2022]	22	21
41MozSoPIsD1dJM0CLPjZF	BLACKPINK	['k-pop', 'k-pop girl group', 'pop']	[2017, 2018, 2019, 2020]	22	6
3MZsBdqDrRTJihTHQrO6Dq	Joji	['viral pop']	[2018, 2019, 2020]	22	4
5TUXXyB6ZKCdd0vQx6yR2J	Chillinit	['aussie drill', 'australian trap']	[2019, 2020, 2021]	22	5
0QHgL1lAIqAw0HtD7YldmP	DJ Khaled	['hip hop', 'miami hip hop', 'pop rap', 'rap']	[2017, 2018, 2019, 2020, 2021]	21	21
6jJ0s89eD6GaHleKKya26X	Katy Perry	['pop']	[2017, 2018, 2019, 2020, 2021, 2022]	20	10
00FQb4jTyendYWaN8pK0wa	Lana Del Rey	['art pop', 'pop']	[2017, 2018, 2019, 2021]	20	9
6TIYQ3jFPwQSRmorSezPxX	Machine Gun Kelly	['ohio hip hop', 'pop rap']	[2017, 2018, 2019, 2020, 2021, 2022]	20	16
64M6ah0SkkRsnPGtGiRAbb	Bebe Rexha	['dance pop', 'pop']	[2017, 2018, 2019, 2020, 2021]	20	17
5pKCCKE2ajJHZ9KAiaK11H	Rihanna	['barbadian pop', 'pop', 'urban contemporary']	[2017, 2018, 2019, 2020, 2021, 2022]	20	17
7dlqUnjoF2U2DkNDMhcgG4	Hilltop Hoods	['australian hip hop']	[2017, 2018, 2019, 2020, 2021, 2022]	20	8
7gZfnEnfiaHzxARJ2LeXrf	6ix9ine	['emo rap']	[2018, 2019, 2020]	20	15
2h93pZq0e7k5yf4dywlkpM	Frank Ocean	['lgbtq+ hip hop', 'neo soul']	[2017, 2018, 2019, 2020, 2022]	19	7
1Hsdzj7Dlq2I7tHP7501T4	Niall Horan	['pop']	[2017, 2018, 2019, 2020, 2021, 2022]	19	4
3jK9MiCrA42lLAdMGUZpwa	Anderson .Paak	['escape room', 'hip hop', 'indie soul', 'neo soul']	[2017, 2018, 2019, 2020, 2021, 2022]	19	19
2SrSdSvpminqmStGELCSNd	Stormzy	['grime', 'uk hip hop']	[2017, 2019, 2020, 2021]	19	14
6S2OmqARrzebs0tKUEyXyp	Demi Lovato	['pop', 'post-teen pop']	[2017, 2018, 2019, 2020, 2021]	18	10
5fMUXHkw8R8eOP2RNVYEZX	Diplo	['edm', 'electro house', 'moombahton', 'pop dance']	[2017, 2018, 2019, 2020, 2021, 2022]	18	18
2DORQjKJVYZMx9uu82UGtT	Amy Shark	['australian pop']	[2017, 2018, 2019, 2020, 2021]	18	5
1anyVhU62p31KFi8MEzkbf	Chance the Rapper	['chicago rap', 'conscious hip hop', 'hip hop', 'pop rap', 'rap']	[2017, 2018, 2019, 2020, 2021]	18	16
4DdkRBBYG6Yk9Ka8tdJ9BW	Offset	['atl hip hop', 'rap', 'trap']	[2017, 2018, 2019, 2020, 2021]	18	16
2NjfBq1NflQcKSeiDooVjY	Tones And I	['australian pop']	[2019, 2020, 2021, 2022]	18	0
0cGUm45nv7Z6M6qdXYQGTX	Kehlani	['pop', 'r&b']	[2017, 2018, 2019, 2020]	17	16
0iEtIxbK0KxaSlF7G42ZOp	Metro Boomin	['rap']	[2017, 2018, 2019, 2020]	17	17
3QSQFmccmX81fWCUSPTS7y	Dean Lewis	['australian pop', 'singer-songwriter pop']	[2017, 2018, 2019, 2020, 2021, 2022]	17	1
5p7f24Rk5HkUZsaS3BLG5F	Hailee Steinfeld	['pop']	[2017, 2018, 2019, 2020]	17	14
3ZGr7nQBXDU2WhyXgRVbt0	Sticky Fingers	['australian reggae fusion', 'australian surf rock', 'reggae fusion']	[2017, 2018, 2019, 2020, 2021]	17	0
5IcR3N7QB1j6KBL8eImZ8m	ScHoolboy Q	['gangster rap', 'hip hop', 'pop rap', 'rap', 'southern hip hop', 'trap']	[2017, 2018, 2019, 2021]	17	11
20JZFwl6HVl6yg8a4H3ZqK	Panic! At The Disco	['pop']	[2018, 2019, 2020, 2021]	17	2
4AK6F7OLvEQ5QYCBNiQWHq	One Direction	['boy band', 'pop', 'post-teen pop', 'talent show']	[2020, 2021]	17	0
1HBjj22wzbscIZ9sEb5dyf	Jonas Blue	['pop', 'pop dance', 'tropical house', 'uk dance']	[2017, 2018, 2019]	16	16
4gzpq5DPGxSnKTe4SA8HAU	Coldplay	['permanent wave', 'pop']	[2017, 2018, 2019, 2020, 2021, 2022]	16	6
13y7CgLHjMVRMDqxdx0Xdo	Gucci Mane	['atl hip hop', 'dirty south rap', 'hip hop', 'pop rap', 'rap', 'southern hip hop', 'trap']	[2017, 2018, 2019, 2020]	16	16
5ZsFI1h6hIdQRw2ti0hz81	ZAYN	['pop', 'uk pop']	[2017, 2018, 2019, 2020, 2021]	16	9
1dfeR4HaWDbWqFHLkxsg1d	Queen	['classic rock', 'glam rock', 'rock']	[2017, 2018, 2019, 2020, 2021, 2022]	16	1
73sIBHcqh3Z3NyqHKZ7FOL	Childish Gambino	['atl hip hop', 'hip hop', 'rap']	[2017, 2018, 2019, 2020, 2021, 2022]	16	4
1vyhD5VmyZ7KMfW5gqLgo5	J Balvin	['reggaeton', 'reggaeton colombiano', 'trap latino', 'urbano latino']	[2017, 2018, 2019, 2020]	16	16
1VXE1xqGNlT9HG6TcjpQ9I	Hooligan Hefs	['aussie drill', 'australian trap']	[2019, 2020, 2021, 2022]	16	11
3PhoLpVuITZKcymswpck5b	Elton John	['glam rock', 'mellow gold', 'piano rock', 'rock']	[2017, 2018, 2019, 2020, 2021, 2022]	15	6
5Pwc4xIPtQLFEnJriah9YJ	OneRepublic	['piano rock', 'pop']	[2017, 2018, 2019, 2020, 2021, 2022]	15	7
02kJSzxNuaWGqwubyUba0Z	G-Eazy	['indie pop rap', 'oakland hip hop', 'pop rap', 'rap']	[2017, 2018, 2019, 2020, 2021]	15	15
31W5EY0aAly4Qieq6OFu6I	A Boogie Wit da Hoodie	['melodic rap', 'rap', 'trap']	[2017, 2018, 2019, 2020, 2021]	15	13
5xkAtLTf309LAGZTbvULBn	Ruel	['alt z', 'australian alternative pop', 'pop']	[2017, 2018, 2019, 2020, 2021, 2022]	15	2
0fA0VVWsXO9YnASrzqfmYu	Kid Cudi	['hip hop', 'ohio hip hop', 'pop rap', 'rap']	[2017, 2018, 2019, 2020, 2021, 2022]	15	10
2feDdbD5araYcm6JhFHHw7	Labrinth	['indie poptimism', 'pop']	[2017, 2018, 2019, 2020, 2022]	15	8
4GvEc3ANtPPjt1ZJllr5Zl	Bazzi	['pop']	[2018, 2019, 2020]	15	2
1McMsnEElThX1knmY4oliG	Olivia Rodrigo	['pop']	[2020, 2021, 2022]	15	1
6Ip8FS7vWT1uKkJSweANQK	Dave	['uk hip hop']	[2019, 2021, 2022]	15	7
3JhNCzhSMTxs9WLGJJxWOY	Macklemore	['pop rap', 'seattle hip hop']	[2017, 2018, 2019, 2020, 2021, 2022]	14	14
699OTQXzgjhIYAHMy9RyPD	Playboi Carti	['atl hip hop', 'plugg', 'pluggnb', 'rage rap', 'rap']	[2017, 2019, 2020, 2021]	14	9
7Ln80lUS6He07XvHI8qqHH	Arctic Monkeys	['garage rock', 'modern rock', 'permanent wave', 'rock', 'sheffield indie']	[2018, 2020, 2021, 2022]	14	0
5CiGnKThu5ctn9pBxv7DGa	benny blanco	['pop']	[2018, 2019, 2020, 2021]	14	14
181bsRPaVXVlUKXrxwZfHK	Megan Thee Stallion	['houston rap', 'pop', 'rap', 'trap queen']	[2019, 2020, 2021, 2022]	14	11
2RdwBSPQiwcmiDo9kixcl8	Pharrell Williams	['dance pop', 'pop']	[2017, 2018, 2020, 2021]	13	12
0c173mlxpT3dSFRgMO8XPh	Big Sean	['detroit hip hop', 'hip hop', 'pop rap', 'r&b', 'rap', 'southern hip hop', 'trap']	[2017, 2018, 2019, 2020, 2021]	13	11
3YQKmKGau1PzlVlkL1iodx	Twenty One Pilots	['modern rock', 'pop', 'pov: indie', 'rock']	[2017, 2018, 2020, 2021]	13	0
2kCcBybjl3SAtIcwdWpUe3	Lil Peep	['cloud rap', 'emo rap', 'lgbtq+ hip hop']	[2017, 2018, 2019, 2020, 2021, 2022]	13	3
46SHBwWsqBkxI7EeeBEQG7	Kodak Black	['florida drill', 'florida rap', 'melodic rap', 'miami hip hop', 'rap', 'trap', 'trap latino']	[2017, 2018, 2019, 2021, 2022]	13	9
3e7awlrlDSwF3iM0WBjGMp	Little Mix	['girl group', 'pop', 'talent show', 'uk pop']	[2017, 2018, 2019, 2021, 2022]	13	7
2jku7tDXc6XoB6MO2hFuqg	Tory Lanez	['canadian hip hop', 'canadian trap', 'melodic rap', 'r&b', 'rap', 'toronto rap', 'trap']	[2017, 2018, 2019, 2020, 2021]	13	11
18lpwfiys4GtdHWNUu9qQr	Ocean Alley	['australian reggae fusion', 'australian surf rock']	[2018, 2019, 2020, 2021, 2022]	13	0
757aE44tKEUQEqRuT6GnEB	Roddy Ricch	['melodic rap', 'rap', 'trap']	[2019, 2020, 2021, 2022]	13	11
4Gso3d4CscCijv0lmajZWs	Don Toliver	['rap', 'trap']	[2019, 2020, 2021, 2022]	13	9
2LIk90788K0zvyj2JJVwkJ	Jack Harlow	['deep underground hip hop', 'kentucky hip hop', 'pop rap', 'rap']	[2020, 2021, 2022]	13	8
4Ga1P7PMIsmqEZqhYZQgDo	Lil Tecca	['melodic rap', 'pluggnb', 'rap']	[2019, 2020, 2021]	13	4
6jGMq4yGs7aQzuGsMgVgZR	Lil Tjay	['brooklyn drill', 'melodic rap', 'nyc rap', 'rap']	[2019, 2020, 2021]	13	12
4Q6nIcaBED8qUel8bBx6Cr	Jax Jones	['dance pop', 'edm', 'house', 'pop dance', 'uk dance', 'uk pop']	[2017, 2018, 2019, 2020, 2021, 2022]	12	12
6zVFRTB0Y1whWyH7ZNmywf	Tash Sultana	['australian reggae fusion']	[2017, 2018, 2019, 2020]	12	4
6vXTefBL93Dj5IqAWq6OTv	French Montana	['hip hop', 'pop rap', 'rap', 'southern hip hop', 'trap']	[2017, 2018, 2019]	12	12
3nFkdlSjzX9mRTtwJOzDYB	JAY-Z	['east coast hip hop', 'gangster rap', 'hip hop', 'pop rap', 'rap']	[2017, 2018, 2019, 2020, 2021, 2022]	12	12
5y2Xq6xcjJb2jVM54GHK3t	John Legend	['neo soul', 'pop', 'pop soul', 'urban contemporary']	[2017, 2018, 2019, 2020, 2021, 2022]	12	7
60d24wfXkVzDSfLS6hyCjZ	Martin Garrix	['dutch edm', 'edm', 'pop', 'pop dance', 'progressive house']	[2017, 2018, 2019, 2020]	12	12
6VuMaDnrHyPL1p4EHjYLi7	Charlie Puth	['pop', 'viral pop']	[2017, 2018, 2019, 2022]	12	5
4IWBUUAFIplrNtaOHcJPRM	James Arthur	['pop', 'talent show', 'uk pop']	[2017, 2018, 2019, 2020, 2021, 2022]	12	4
2cFrymmkijnjDg9SS92EPM	blackbear	['pop']	[2017, 2018, 2019, 2020, 2021]	12	6
5CCwRZC6euC8Odo6y9X8jr	Rita Ora	['dance pop', 'pop', 'uk pop']	[2017, 2018, 2019]	12	7
5ujrA1eZLDHR7yQ6FZa2qA	Vera Blue	['australian indie', 'australian pop']	[2017, 2018, 2019, 2020, 2021, 2022]	12	3
6icQOAFXDZKsumw3YXyusw	Lil Yachty	['atl hip hop', 'melodic rap', 'rap', 'trap']	[2017, 2018, 2019, 2020]	12	12
5pUo3fmmHT8bhCyHE52hA6	Liam Payne	['pop']	[2017, 2018, 2019, 2020, 2021]	12	9
1Ffb6ejR6Fe5IamqA5oRUF	Bring Me The Horizon	['melodic metalcore', 'metalcore', 'modern rock', 'pop punk', 'rock', 'uk metalcore']	[2018, 2019, 2020, 2022]	12	4
56oDRnqbIiwx4mymNEv7dS	Lizzo	['escape room', 'minnesota hip hop', 'pop', 'trap queen']	[2019, 2020, 2021]	12	3
36PxHmbx5QrRTpuCaw4FuV	Youngn Lipz	['aussie drill']	[2019, 2020, 2021, 2022]	12	2
6PvvGcCY2XtUcSRld1Wilr	Silk Sonic	['neo soul']	[2021, 2022]	12	12
3AA28KZvwAUcZuOKwyblJQ	Gorillaz	['alternative hip hop', 'modern rock', 'rock']	[2017, 2018]	11	10
25uiPmTg16RbhZWAqwLBy5	Charli XCX	['art pop', 'candy pop', 'metropopolis', 'pop', 'uk pop']	[2017, 2018, 2019, 2021, 2022]	11	8
2qxJFvFYMEDqd7ui6kSAcq	Zedd	['complextro', 'edm', 'german techno', 'pop', 'pop dance']	[2017, 2018, 2019, 2020, 2021, 2022]	11	11
738wLrAtLtCtFOLvQBXOXp	Major Lazer	['dance pop', 'edm', 'electro house', 'moombahton', 'pop', 'pop dance']	[2017, 2018, 2019, 2020]	11	11
2wUjUUtkb5lvLKcGKsKqsR	Alessia Cara	['canadian contemporary r&b', 'canadian pop', 'pop']	[2017, 2018, 2019, 2020, 2021]	11	4
4yvcSjfu4PC0CYQyLy4wSq	Glass Animals	['gauze pop', 'indietronica', 'modern rock', 'pov: indie', 'shiver pop']	[2017, 2020, 2021, 2022]	11	2
17lzZA2AlOHwCwFALHttmp	2 Chainz	['atl hip hop', 'hip hop', 'pop rap', 'rap', 'southern hip hop', 'trap']	[2017, 2018, 2019, 2020]	11	11
2EMAnMvWE2eb56ToJVfCWs	Bryson Tiller	['kentucky hip hop', 'r&b', 'rap']	[2017, 2018, 2019, 2020]	11	3
142YBUGmLWCJigFLzgguf8	Gang of Youths	['australian indie', 'modern rock']	[2017, 2018, 2019, 2020, 2021, 2022]	11	0
4csQIMQm6vI2A2SCVDuM2z	Hayden James	['aussietronica', 'gauze pop', 'house']	[2017, 2018, 2019, 2020]	11	11
7gOdHgIoIKoe4i9Tta6qdD	Jonas Brothers	['boy band', 'pop']	[2019, 2020, 2021, 2022]	11	3
6yrtCy4XJHXM6tczo4RlTs	Lime Cordiale	['australian surf rock']	[2019, 2020, 2021]	11	0
4A0TivfinfALCAMJqqjZIk	Funk Wav	[]	[2017, 2018, 2019]	10	10
31TPClRtHm23RisEBtV3X7	Justin Timberlake	['dance pop', 'pop']	[2017, 2018, 2019, 2020]	10	3
4OSArit7O2Jaj4mgf3YN7A	Mallrat	['aussietronica', 'brisbane indie']	[2017, 2018, 2019, 2020, 2021]	10	5
540vIaP2JwjQb9dm3aArA4	DJ Snake	['edm', 'electronic trap', 'pop', 'pop dance']	[2017, 2018, 2019]	10	10
4tvKz56Tr39bkhcQUTO0Xr	Angus & Julia Stone	['australian indie folk', 'indie folk']	[2017, 2018, 2019, 2020]	10	0
4ScCswdRlyA23odg9thgIO	Jess Glynne	['pop', 'uk pop']	[2017, 2018, 2019]	10	4
6fOMl44jA4Sp5b9PpYCkzz	NF	['hip hop', 'pop rap']	[2017, 2018, 2019, 2020, 2021, 2022]	10	0
7rkW85dBwwrJtlHRDkJDAC	NAV	['canadian hip hop', 'canadian trap', 'melodic rap', 'rap', 'toronto rap', 'trap']	[2017, 2018, 2019, 2020, 2021, 2022]	10	10
1sBkRIssrMs1AbVkOJbc7a	Rick Ross	['dirty south rap', 'gangster rap', 'hip hop', 'rap', 'southern hip hop', 'trap']	[2017, 2019, 2020, 2021]	10	10
0A0FS04o6zMoto8OKPsDwY	YG	['cali rap', 'hip hop', 'pop rap', 'rap', 'southern hip hop', 'trap']	[2017, 2018, 2019]	10	10
7pbDxGE6nQSZVfiFdq9lOL	Rex Orange County	['bedroom pop', 'pov: indie']	[2017, 2019, 2022]	10	5
07YZf4WDAMNwqr4jfgOZ8y	Jason Derulo	['dance pop', 'pop']	[2017, 2018, 2020, 2021, 2022]	10	7
4npEfmQ6YuiwW1GpUmaq3F	Ava Max	['pop']	[2018, 2019, 2020, 2021, 2022]	10	1
6C1ohJrd5VydigQtaGy5Wa	Joyner Lucas	['boston hip hop', 'hip hop', 'pop rap', 'rap']	[2018, 2019, 2020, 2021]	10	7
33tFkBLsl6f8TjKkV0uF0C	Lovejoy	['pixel', 'pov: indie']	[2021]	10	0
2yEwvVSSSUkcLeSTNyHKh8	TOOL	['alternative metal', 'art rock', 'nu metal', 'progressive metal', 'progressive rock', 'rock']	[2019]	10	0
5V0MlUE1Bft0mbLlND7FJz	Ella Fitzgerald	['adult standards', 'jazz', 'jazz blues', 'soul', 'swing', 'vocal jazz']	[2017, 2018, 2019, 2020, 2021]	9	1
0ONHkAv9pCAFxb0zJwDNTy	Pusha T	['gangster rap', 'hip hop', 'rap', 'southern hip hop', 'trap', 'virginia hip hop']	[2017, 2018, 2020, 2021]	9	8
3iOvXCl6edW5Um0fXEBRXy	The xx	['downtempo', 'dream pop', 'indietronica']	[2017]	9	0
6LqNN22kT3074XbTVUrhzX	Kesha	['dance pop', 'pop']	[2017, 2018, 2019, 2020, 2021]	9	2
0UZ1nu3kcdNlCoiKRjmSSY	Peking Duk	['aussietronica', 'australian electropop', 'edm']	[2017, 2018, 2019, 2022]	9	6
6DPYiyq5kWVQS4RGwxzPC7	Dr. Dre	['g funk', 'gangster rap', 'hip hop', 'rap', 'west coast rap']	[2017, 2018, 2019, 2022]	9	9
6ZjFtWeHP9XN7FeKSUe80S	Bing Crosby	['adult standards', 'easy listening', 'lounge']	[2017, 2018, 2019, 2020, 2021]	9	2
3hv9jJF3adDNsBSIQDqcjp	Mark Ronson	['pop soul']	[2017, 2018, 2019, 2020, 2021, 2022]	9	9
7DMveApC7UnC2NPfPvlHSU	Cheat Codes	['edm', 'pop', 'pop dance']	[2017, 2018]	9	9
1Xylc3o4UrD53lo9CvFvVg	Zara Larsson	['pop', 'scandipop', 'swedish electropop', 'swedish pop']	[2017, 2018, 2019, 2020]	9	3
4iHNK0tOyZPYnBU7nGAgpQ	Mariah Carey	['dance pop', 'pop', 'urban contemporary']	[2017, 2018, 2019, 2020, 2021]	9	3
2HPaUgqeutzr3jx5a9WyDV	PARTYNEXTDOOR	['r&b', 'rap', 'toronto rap', 'urban contemporary']	[2017, 2018, 2019, 2020]	9	9
3wyVrVrFCkukjdVIdirGVY	Lil Pump	['emo rap', 'miami hip hop', 'pop rap', 'rap', 'trap']	[2017, 2018, 2019, 2020]	9	5
6S0IvKlvPMX1RtAYtVpUV8	Drax Project	['nz pop']	[2018, 2019, 2020]	9	7
4exLIFE8sISLr28sqG1qNX	Travis Barker	['rap rock']	[2018, 2019, 2020, 2021, 2022]	9	9
0Cp8WN4V8Tu4QJQwCN5Md4	BENEE	['alt z', 'nz pop']	[2019, 2020, 2021]	9	3
5he5w2lnU9x7JFhnwcekXX	Skrillex	['brostep', 'complextro', 'edm', 'electro', 'pop dance']	[2017, 2018, 2019, 2020, 2021]	8	8
6n28c9qs9hNGriNa72b26u	PNAU	['alternative dance', 'aussietronica', 'australian dance', 'australian electropop']	[2017, 2018, 2019, 2020, 2021, 2022]	8	3
5PjekOABtfU2Kwo0AHVmci	Guy Sebastian	['australian pop', 'australian talent show']	[2017, 2018, 2019, 2020, 2021]	8	0
0bdfiayQAKewqEvaU6rXCv	MØ	['danish pop', 'electropop', 'pop', 'pop dance']	[2017, 2018, 2019]	8	6
6rHWAH6F4mr2AViSxMV673	Jessica Mauboy	['australian indigenous', 'australian pop', 'australian talent show']	[2017, 2018, 2019, 2021]	8	0
3fMbdgg4jU18AjLCKBhRSm	Michael Jackson	['r&b', 'soul']	[2017, 2018, 2019, 2020, 2021]	8	2
2hrWpLNoJcs1EnWSXvB6JI	The Rubens	['australian indie']	[2017, 2018, 2019, 2020, 2021]	8	1
1pPmIToKXyGdsCF6LmqLmI	Rich The Kid	['atl hip hop', 'melodic rap', 'plugg', 'rap', 'trap']	[2018, 2019]	8	3
4IVAbR2w4JJNJDDRFP3E83	6LACK	['atl hip hop', 'melodic rap', 'r&b', 'rap', 'trap']	[2018, 2019, 2021]	8	7
7nwUJBm0HE4ZxD3f5cy5ok	Aretha Franklin	['classic soul', 'jazz blues', 'memphis soul', 'soul', 'southern soul', 'vocal jazz']	[2018]	8	1
2kRfqPViCqYdSGhYSM9R0Q	Madison Beer	['pop']	[2018, 2019, 2020, 2021]	8	5
0JlQaGJZfrqYeZG1AQICxp	Hp Boyz	['aussie drill']	[2019, 2020]	8	1
6fxyWrfmjcbj5d12gXeiNV	Denzel Curry	['dark trap', 'drill', 'hip hop', 'miami hip hop', 'rap', 'trap', 'underground hip hop']	[2019, 2020]	8	3
14CHVeJGrR5xgUGQFV5BVM	Fivio Foreign	['brooklyn drill', 'new york drill', 'trap']	[2020, 2021, 2022]	8	8
3hcs9uc56yIGFCSy9leWe7	Lil Durk	['chicago drill', 'chicago rap', 'drill', 'hip hop', 'rap', 'trap']	[2020, 2021, 2022]	8	8
3BmGtnKgCSGYIUhmivXKWX	Kelly Clarkson	['dance pop', 'pop', 'talent show']	[2017, 2018, 2019, 2020, 2021]	7	4
4tZwfgrHOc3mvqYlEYSvVi	Daft Punk	['electro', 'filter house', 'rock']	[2017, 2018, 2019, 2020, 2021]	7	5
6NFyaN9PMCDZ3LKxGwHAXt	Illy	['australian hip hop', 'australian trap']	[2017, 2019, 2020]	7	6
55fhWPvDiMpLnE4ZzNXZyW	Noah Cyrus	['alt z', 'pop']	[2017, 2018, 2019, 2020, 2021]	7	4
49tQo2QULno7gxHutgccqF	LANY	['la pop']	[2017, 2019, 2020]	7	5
08GQAI4eElDnROBrJRGE0X	Fleetwood Mac	['album rock', 'classic rock', 'rock', 'soft rock', 'yacht rock']	[2017, 2018, 2019, 2020, 2021, 2022]	7	0
4VMYDCV2IEDYJArk749S6m	Daddy Yankee	['latin hip hop', 'reggaeton', 'trap latino', 'urbano latino']	[2017, 2018, 2019]	7	7
4RVnAU35WRWra6OZ3CbbMA	Kylie Minogue	['australian dance', 'australian pop', 'dance pop', 'eurodance', 'new wave pop']	[2017, 2018, 2019, 2020, 2021]	7	1
45eNHdiiabvmbp4erw26rg	ILLENIUM	['edm', 'melodic dubstep', 'pop dance']	[2017, 2019, 2020]	7	7
68kEuyFKyqrdQQLLsmiatm	Vince Staples	['conscious hip hop', 'hip hop', 'rap', 'underground hip hop']	[2017, 2018]	7	4
6ydoSd3N2mwgwBHtF6K7eX	Calum Scott	['pop']	[2017, 2018, 2019, 2020, 2021, 2022]	7	1
6MDME20pz9RveH9rEXvrOM	Clean Bandit	['pop', 'uk dance', 'uk funky']	[2017, 2018, 2019, 2020, 2021]	7	7
4AVFqumd2ogHFlRbKIjp1t	Alesso	['dance pop', 'edm', 'electro house', 'pop', 'pop dance', 'progressive electro house']	[2017, 2018, 2019, 2021, 2022]	7	5
7iZtZyCzp3LItcw1wtPI3D	Rae Sremmurd	['melodic rap', 'mississippi hip hop', 'rap', 'trap']	[2017, 2018]	7	4
2FXC3k01G6Gw61bmprjgqS	Hozier	['irish singer-songwriter', 'modern rock', 'pop', 'pov: indie']	[2017, 2018, 2019, 2020, 2021, 2022]	7	0
6sCbFbEjbYepqswM1vWjjs	Zendaya	['pop', 'post-teen pop']	[2017, 2018, 2019, 2022]	7	7
6Dd3NScHWwnW6obMFbl1BH	Daya	['pop']	[2017, 2018, 2019]	7	3
5jAMCwdNHWr7JThxtMuEyy	NOTD	['electropop', 'pop dance', 'pop edm']	[2017, 2018, 2019]	7	7
2jnIB6XdLvnJUeNTy5A0J2	Why Don't We	['boy band', 'pop']	[2017, 2018, 2019]	7	2
2hPgGN4uhvXAxiXQBIXOmE	KIDS SEE GHOSTS	['rap']	[2018]	7	4
7CIW23FQUXPc1zebnO1TDG	Matt Corby	['australian indie']	[2018, 2019, 2020]	7	3
3mIj9lX2MWuHmhNCA7LSCW	The 1975	['modern alternative rock', 'modern rock', 'pop', 'pov: indie', 'rock']	[2018, 2020]	7	0
20qISvAhX20dpIbOOzGK3q	Nas	['conscious hip hop', 'east coast hip hop', 'gangster rap', 'hardcore hip hop', 'hip hop', 'queens hip hop', 'rap']	[2018, 2021]	7	6
5zctI4wO9XSKS8XwcnqEHk	Lil Mosey	['melodic rap', 'rap conscient']	[2018, 2019, 2020, 2021]	7	3
4VIvfOurcf0vuLRxLkGnIG	Bradley Cooper	['hollywood']	[2018, 2019, 2020, 2021, 2022]	7	5
2cWZOOzeOm4WmBJRnD5R7I	Normani	['pop', 'r&b']	[2018, 2019, 2020, 2021]	7	6
2p1fiYHYiXz9qi0JJyxBzN	Skepta	['birmingham grime', 'grime', 'instrumental grime', 'uk hip hop']	[2018, 2019, 2020, 2021]	7	6
4Xi6LSfFqv26XgP9NKN26U	AJ Tracey	['grime', 'uk hip hop', 'ukg revival']	[2020, 2021]	7	6
1cNDP5yjU5vjeR8qMf4grg	YNW Melly	['melodic rap', 'rap']	[2019, 2020]	7	5
718COspgdWOnwOFpJHRZHS	Luke Combs	['contemporary country', 'country']	[2019, 2020, 2021]	7	1
6Ad91Jof8Niiw0lGLLi3NW	YUNGBLUD	['british indie rock', 'modern rock', 'pov: indie', 'rock']	[2019, 2020, 2021]	7	7
4GNC7GD6oZMSxPGyXy4MNB	Lewis Capaldi	['pop', 'uk pop']	[2019, 2020, 2021, 2022]	7	0
70gP6Ry4Uo0Yx6uzPIdaiJ	Bas	['queens hip hop', 'rap', 'sudanese hip hop', 'sudanese pop', 'underground hip hop']	[2019, 2021]	7	7
0SNWoGaDlrCompmg9rXeNq	Paul Kelly	['australian indigenous', 'australian rock']	[2017, 2018, 2019, 2020, 2021, 2022]	6	3
7vk5e3vY1uw9plTHJAMwjN	Alan Walker	['electro house']	[2017, 2018, 2019]	6	4
0hEurMDQu99nJRq8pTxO14	John Mayer	['neo mellow', 'singer-songwriter']	[2017, 2018, 2019, 2021]	6	1
4utLUGcTvOJFr6aqIJtYWV	Skylar Grey	['piano rock', 'viral pop']	[2017, 2018, 2019, 2020, 2021]	6	6
3FUY2gzHeIiaesXtOAdB7A	Train	['dance pop', 'neo mellow', 'pop', 'pop rock']	[2017, 2018, 2019, 2020, 2021, 2022]	6	0
1hzfo8twXdOegF3xireCYs	Milky Chance	['german pop', 'modern rock']	[2017, 2019, 2020]	6	2
7hJcb9fa4alzcOq3EaNPoG	Snoop Dogg	['g funk', 'gangster rap', 'hip hop', 'pop rap', 'rap', 'west coast rap']	[2017, 2018, 2022]	6	6
4sTQVOfp9vEMCemLw50sbu	Galantis	['dance pop', 'edm', 'pop', 'pop dance']	[2017, 2018, 2019, 2021, 2022]	6	4
0LyfQWJT6nXafLPZqxe9Of	Various Artists	[]	[2017, 2019]	6	0
5Q81rlcTFh3k6DQJXPdsot	Mura Masa	['channel islands indie', 'hyperpop', 'indie soul', 'vapor soul']	[2017, 2018]	6	6
7gAppWoH7pcYmphCVTXkzs	The Vamps	['boy band', 'pop']	[2017, 2018]	6	5
360IAlyVv4PCEVjgyMZrxK	Miguel	['r&b']	[2017, 2018, 2019, 2021]	6	5
7jy3rLJdDQY21OgRLCZ9sD	Foo Fighters	['alternative metal', 'alternative rock', 'modern rock', 'permanent wave', 'post-grunge', 'rock']	[2017, 2022]	6	0
5KKpBU5eC2tJDzf0wmlRp2	RAYE	['uk contemporary r&b', 'uk pop']	[2017, 2020, 2021, 2022]	6	6
0L8ExT028jH3ddEcZwqJJ5	Red Hot Chili Peppers	['alternative rock', 'funk metal', 'funk rock', 'permanent wave', 'rock']	[2017, 2018, 2019, 2020, 2021, 2022]	6	0
0C0XlULifJtAgn6ZNCW2eu	The Killers	['alternative rock', 'dance rock', 'modern rock', 'permanent wave', 'rock']	[2017, 2018, 2019, 2020, 2021, 2022]	6	0
5F1aoppMtU3OMiltO8ymJ2	Hugh Jackman	['hollywood', 'show tunes']	[2017, 2018]	6	6
1Mxqyy3pSjf8kZZL4QVxS0	Frank Sinatra	['adult standards', 'easy listening', 'lounge']	[2017, 2018, 2019, 2020, 2021]	6	3
74KM79TiuVKeVCqs8QtB0B	Sabrina Carpenter	['pop']	[2017, 2018, 2019, 2021]	6	2
2LZDXcxJWgsJfKXZv9a5eG	Cashmere Cat	['downtempo', 'electropop', 'shiver pop']	[2017, 2018]	6	6
2iE18Oxc8YSumAU232n4rW	The Jackson 5	['motown', 'soul']	[2017, 2018, 2019, 2020, 2021]	6	0
6LBCQo20ri3tsvbsWWLmr6	Powderfinger	['australian alternative rock', 'australian rock']	[2017, 2018, 2019, 2020, 2021, 2022]	6	0
6WY7D3jk8zTrHtmkqqo5GI	Maren Morris	['classic texas country', 'contemporary country']	[2017, 2018, 2019, 2020, 2021, 2022]	6	5
1LZEQNv7sE11VDY3SdxQeN	Bee Gees	['disco', 'mellow gold', 'soft rock']	[2017, 2018, 2020, 2021]	6	0
11gWrKZMBsGQWmobv3oNfW	Alison Wonderland	['aussietronica', 'edm', 'electra', 'electronic trap', 'escape room', 'indietronica']	[2017, 2018, 2019]	6	1
7CyeXFnOrfC1N6z4naIpgo	The Ronettes	['brill building pop', 'classic girl group', 'motown', 'rock-and-roll']	[2017, 2018, 2019, 2020, 2021]	6	0
5dHt1vcEm9qb8fCyLcB3HL	A$AP Ferg	['hip hop', 'pop rap', 'rap', 'southern hip hop', 'trap']	[2017, 2018, 2019, 2020, 2021]	6	5
3tVQdUvClmAT7URs9V3rsp	Wizkid	['afrobeats', 'afropop', 'azonto', 'azontobeats', 'nigerian hip hop', 'nigerian pop']	[2017, 2018, 2019, 2020, 2021, 2022]	6	6
7HkdQ0gt53LP4zmHsL0nap	Ella Mai	['r&b', 'rap', 'uk contemporary r&b']	[2018, 2019]	6	3
47mIJdHORyRerp4os813jD	League of Legends	['speedrun', 'video game music']	[2018, 2019, 2020, 2021, 2022]	6	6
0qSX3s5pJnAlSsgsCne8Cz	Brett Eldredge	['contemporary country', 'country', 'country road', 'modern country rock']	[2018, 2019, 2020, 2021]	6	3
6USv9qhCn6zfxlBQIYJ9qs	Dominic Fike	['alternative pop rock', 'pov: indie']	[2018, 2019, 2020, 2021, 2022]	6	4
6UCQYrcJ6wab6gnQ89OJFh	Headie One	['uk hip hop']	[2019, 2020, 2021]	6	6
6fWVd57NKTalqvmjRd2t8Z	24kGoldn	['cali rap']	[2019, 2020, 2021, 2022]	6	4
45dkTj5sMRSjrmBSBeiHym	Tate McRae	['alt z', 'pop']	[2020, 2021, 2022]	6	2
6MPCFvOQv5cIGfw3jODMF0	Internet Money	['pop rap']	[2020, 2021, 2022]	6	6
7b79bQFziJFedJb75k6hFt	Tion Wayne	['london rap', 'uk hip hop']	[2020, 2021]	6	6
6V70yeZQCoSR2M3fyW8qiA	Spacey Jane	['australian indie rock', 'australian surf rock', 'fremantle indie', 'perth indie']	[2020, 2021, 2022]	6	0
6cK3NBO6uP7hh0oyuVELFl	Saweetie	['cali rap', 'trap queen']	[2019, 2020, 2021, 2022]	6	4
3wcj11K77LjEY1PkEazffa	Burna Boy	['afrobeats', 'dancehall', 'nigerian hip hop', 'nigerian pop']	[2019, 2020, 2021]	6	6
6U3ybJ9UHNKEdsH7ktGBZ7	JID	['hip hop', 'rap', 'underground hip hop']	[2019, 2021, 2022]	6	6
6Ha4aES39QiVjR0L2lwuwq	Yo Gotti	['dirty south rap', 'gangster rap', 'memphis hip hop', 'rap', 'southern hip hop', 'tennessee hip hop', 'trap']	[2017, 2018, 2020]	5	5
3DiDSECUqqY1AuBP8qtaIa	Alicia Keys	['neo soul', 'pop', 'r&b']	[2017, 2020, 2022]	5	4
6s22t5Y3prQHyaHWUN1R1C	AJR	['pov: indie']	[2017, 2021]	5	0
4EzkuveR9pLvDVFNx6foYD	James Bay	['neo mellow', 'pop', 'uk pop']	[2017, 2018, 2019, 2021]	5	3
6JcD2YKEhgimweLpUI0NEw	KUČKA	['electra']	[2017, 2019]	5	5
5fyDppLDl1juIu1BcUT5zh	Digital Farm Animals	['uk dance']	[2017, 2018, 2020, 2021]	5	5
1eClJfHLoDI4rZe5HxzBFv	INXS	['australian rock', 'dance rock', 'funk rock', 'new romantic', 'new wave', 'rock']	[2017, 2018, 2019, 2020, 2021, 2022]	5	0
5BcAKTbp20cv7tC5VqPFoC	Macklemore & Ryan Lewis	['pop rap', 'seattle hip hop']	[2017, 2018, 2019, 2020, 2021, 2022]	5	5
4LEiUm1SRbFMgfqnQTwUbQ	Bon Iver	['chamber pop', 'eau claire indie', 'indie folk', 'melancholia', 'modern rock']	[2017, 2018, 2019, 2020, 2021]	5	2
4V8Sr092TqfHkfAA5fXXqG	Luis Fonsi	['latin pop', 'puerto rican pop']	[2017, 2018, 2019]	5	5
0X2BH1fck6amBIoJhDVmmJ	Ellie Goulding	['indietronica', 'metropopolis', 'pop', 'uk pop']	[2017, 2018, 2019, 2020]	5	3
1r4hJ1h58CWwUQe3MxPuau	Maluma	['latin pop', 'reggaeton', 'reggaeton colombiano', 'urbano latino']	[2017, 2018, 2019, 2020, 2022]	5	5
5iNrZmtVMtYev5M9yoWpEq	Seeb	['pop dance']	[2017, 2018, 2019]	5	5
6nS5roXSAGhTGr34W6n7Et	Disclosure	['edm', 'house', 'indietronica', 'uk dance']	[2017, 2019, 2020, 2021]	5	5
26dSoYclwsYLMAKD3tpOr4	Britney Spears	['dance pop', 'pop']	[2017, 2018, 2019, 2020, 2021]	5	0
4YXycRbyyAE0wozTk7QMEq	Matoma	['pop dance', 'tropical house']	[2017]	5	5
4lDBihdpMlOalxy1jkUbPl	Grey	[]	[2017, 2018, 2019, 2020, 2021, 2022]	5	5
391oLRVmoTkumiN79HkTWu	Darlene Love	[]	[2017, 2018, 2019, 2020, 2021]	5	0
4kYGAK2zu9EAomwj3hXkXy	JP Cooper	['uk pop']	[2017]	5	2
1VcbchGlIfo3Gylxc3F076	Cold Chisel	['australian rock']	[2017, 2018, 2019, 2020, 2021, 2022]	5	0
4WN5naL3ofxrVBgFpguzKo	Rudimental	['pop dance', 'uk dance', 'uk funky']	[2017, 2018, 2019]	5	5
49e4v89VmlDcFCMyDv9wQ9	Dean Martin	['adult standards', 'easy listening', 'lounge', 'vocal jazz']	[2017, 2018, 2019, 2020, 2021]	5	0
3b8QkneNDz4JHKKKlLgYZg	Florida Georgia Line	['contemporary country', 'country', 'country pop', 'country road', 'modern country rock']	[2017, 2018, 2019, 2020, 2021]	5	4
1yxSLGMDHlW21z4YXirZDS	Black Eyed Peas	['dance pop', 'pop', 'pop rap']	[2017, 2018, 2019, 2020, 2021, 2022]	5	1
21mKp7DqtSNHhCAU2ugvUw	ODESZA	['chillwave', 'edm', 'indietronica']	[2017, 2020]	5	5
23zg3TcAtWQy7J6upgbUnj	Usher	['atl hip hop', 'contemporary r&b', 'dance pop', 'pop', 'r&b', 'rap', 'south carolina hip hop', 'urban contemporary']	[2017, 2018, 2019, 2020, 2021, 2022]	5	4
6XpaIBNiVzIetEPCWDvAFP	Whitney Houston	['dance pop']	[2017, 2018, 2019, 2020, 2021, 2022]	5	2
1oKdM70mJD8VvDOTKeS8t1	Emily Warren	['alt z', 'nyc pop']	[2017, 2018]	5	5
6JL8zeS1NmiOftqZTRgdTz	Meghan Trainor	['hip pop', 'pop']	[2017, 2018, 2019, 2020, 2021]	5	1
1moxjboGR7GNWYIMWsRjgG	Florence + The Machine	['baroque pop', 'modern rock', 'neo mellow', 'uk alternative pop']	[2017, 2018, 2021]	5	0
1W3FSF1BLpY3hlVIgvenLz	The-Dream	['dirty south rap', 'hip pop', 'r&b', 'southern hip hop', 'trap', 'urban contemporary']	[2017, 2018, 2021]	5	5
4Ui2kfOqGujY81UcPrb5KE	HAIM	['indietronica', 'metropopolis']	[2017, 2020]	5	1
6FBDaR13swtiWwGhX1WQsP	blink-182	['alternative metal', 'modern rock', 'pop punk', 'punk', 'rock', 'socal pop punk']	[2017, 2019, 2021]	5	0
137W8MRPWKqSmrBGDBFSop	Wiz Khalifa	['hip hop', 'pittsburgh rap', 'pop rap', 'rap', 'southern hip hop', 'trap']	[2017, 2018, 2021, 2022]	5	5
2oX42qP5ineK3hrhBECLmj	Andy Grammer	['neo mellow', 'post-teen pop']	[2017, 2018, 2019]	5	0
4UXqAaa6dQYAk18Lv7PEgX	Fall Out Boy	['emo', 'modern rock', 'pop', 'pop punk', 'rock']	[2017, 2019]	5	3
7guDJrEfX3qb6FEbdPA5qi	Stevie Wonder	['motown', 'soul']	[2017, 2018, 2019, 2020, 2021]	5	0
51Blml2LZPmy7TTiAg47vQ	U2	['irish rock', 'permanent wave', 'rock']	[2017, 2018, 2019, 2020, 2021]	5	1
77AiFEVeAVj2ORpC85QVJs	Steve Aoki	['edm', 'electro house', 'pop dance']	[2017, 2018]	5	5
6olE6TJLqED3rqDCT0FyPh	Nirvana	['grunge', 'permanent wave', 'rock']	[2017, 2018, 2019, 2020, 2021, 2022]	5	0
1bj5GrcLom5gZFF5t949Xl	Martin Solveig	['disco house', 'edm', 'electro house', 'filter house', 'house', 'pop dance', 'vocal house']	[2017, 2019]	5	5
2SrWifjYv7b5tR8EzEmn1x	Golden Features	['industrial pop']	[2017, 2018, 2019, 2020]	5	3
4tX2TplrkIP4v05BNC903e	Tom Petty and the Heartbreakers	['album rock', 'classic rock', 'hard rock', 'heartland rock', 'mellow gold', 'rock', 'singer-songwriter', 'soft rock']	[2017, 2018, 2019, 2020, 2021]	5	0
6beUvFUlKliUYJdLOXNj9C	King Princess	['alt z', 'indie pop', 'nyc pop']	[2018, 2019]	5	1
1VJ0briNOlXRtJUAzoUJdt	FISHER	['australian house', 'house']	[2018, 2019, 2020, 2021]	5	0
3Y7RZ31TRPVadSFVy1o8os	H.E.R.	['r&b', 'rap']	[2018, 2019, 2021]	5	5
4YLtscXsxbVgi031ovDDdh	Chris Stapleton	['contemporary country', 'outlaw country']	[2018, 2019, 2021]	5	5
4q3ewBCX7sLwd24euuV69X	Bad Bunny	['reggaeton', 'trap latino', 'urbano latino']	[2018, 2019, 2020]	5	5
7t0rwkOPGlDPEhaOcVtOt9	The Cranberries	['irish rock', 'pop rock', 'rock']	[2018]	5	0
1cZQSpDsxgKIX2yW5OR9Ot	Lennon Stella	['alt z', 'canadian pop', 'uk pop']	[2018, 2019, 2020]	5	4
4SdIXLzfabqU61iK7SnKAU	G Flip	['australian alternative pop', 'australian pop']	[2018, 2019, 2020, 2021]	5	0
53KwLdlmrlCelAZMaLVZqU	James Blake	['art pop', 'indie soul', 'indietronica', 'neo soul', 'uk alternative pop']	[2018, 2019, 2021]	5	5
6wFwvxJkurQPU2UdeD4qVt	The Jungle Giants	['australian indie']	[2018, 2019, 2020, 2021, 2022]	5	0
0LcJLqbBmaGUft1e9Mm8HV	ABBA	['europop', 'swedish pop']	[2018, 2020, 2021, 2022]	5	0
0H39MdGGX6dbnnQPt6NQkZ	SAINt JHN	['melodic rap', 'slap house']	[2019, 2020, 2021, 2022]	5	5
5XmuuM2C6t4HSPa3FSuU3h	WanMor	[]	[2020]	5	5
6ASri4ePR7RlsvIQgWPJpS	iann dior	['melodic rap']	[2019, 2020, 2021, 2022]	5	5
0u2FHSq3ln94y5Q57xazwf	Keith Urban	['australian country', 'australian pop', 'contemporary country', 'country', 'country road']	[2020, 2021]	5	5
7A8S43ryYdbWpJKeHRZRcq	JACKBOYS	['pop rap']	[2019, 2020]	5	4
57LYzLEk2LcFghVwuWbcuS	Summer Walker	['r&b']	[2019, 2020, 2021]	5	5
3rWZHrfrsPBxVy692yAIxF	WILLOW	['afrofuturism', 'pop', 'post-teen pop', 'pov: indie']	[2020, 2021, 2022]	5	4
5PYToRCsrnvikZg3yl2JMr	Stephanie Beatriz	['hollywood', 'movie tunes']	[2021, 2022]	5	4
7dnB1wSxbYa8CejeVg98hz	Meat Loaf	['album rock']	[2022]	5	0
5H4yInM5zmHqpKIoMNAx4r	Central Cee	['melodic drill']	[2021, 2022]	5	0
1uU7g3DNSbsu0QjSEqZtEd	Masked Wolf	['australian hip hop']	[2021, 2022]	5	0
7m0BsF0t3K9WQFgKoPejfk	ArrDee	['uk hip hop']	[2021, 2022]	5	3
05fG473iIaoy82BF1aGhL8	Slipknot	['alternative metal', 'nu metal', 'rap metal', 'rock']	[2019]	5	0
2XnBwblw31dfGnspMIwgWz	Axwell /\ Ingrosso	['edm', 'pop dance', 'progressive electro house']	[2017, 2018]	4	1
1k5aZWIOUbUfKcnMxtEivJ	Jimmy Barnes	['australian rock']	[2017, 2018, 2019, 2020, 2021, 2022]	4	1
4ehtJnVumNf6xzSCDk8aLB	Martin Jensen	['danish electronic', 'edm', 'pop dance']	[2017, 2019]	4	3
4faUajx9k93O56nlmpkOuz	Meg Mac	['australian indie']	[2017]	4	0
1l8Fu6IkuTP0U5QetQJ5Xt	Fifth Harmony	['girl group', 'pop', 'talent show']	[2017]	4	3
4u5smJBskI6Adzv08PuiUP	Kiiara	['alt z', 'electropop']	[2017]	4	3
50JJSqHUf2RQ9xsHs0KMHg	Jon Bellion	['indie pop rap']	[2017, 2019]	4	3
711MCceyCBcFnzjGY4Q7Un	AC/DC	['australian rock', 'hard rock', 'rock']	[2017, 2018, 2019, 2020, 2021, 2022]	4	0
5EvFsr3kj42KNv97ZEnqij	Shaggy	['dance pop', 'pop rap', 'reggae fusion']	[2017, 2018, 2019]	4	4
67wCYxOq4A1ohAs7jWYaOJ	Rik Rok	['reggae fusion']	[2017, 2018, 2019]	4	4
4STHEaNw4mPZ2tzheohgXB	Paul McCartney	['beatlesque', 'classic rock', 'rock']	[2017, 2018, 2019, 2020, 2021]	4	1
4myTppRgh0rojLxx8RycOp	Ryan Lewis	['pop rap']	[2017, 2018, 2019, 2020, 2021, 2022]	4	4
4NHQUGzhtTLFvgF5SZesLK	Tove Lo	['metropopolis', 'pop', 'swedish electropop', 'swedish pop', 'swedish synthpop']	[2017]	4	2
1ZwdS5xdxEREPySFridCfh	2Pac	['g funk', 'gangster rap', 'hip hop', 'rap', 'west coast rap']	[2017, 2020, 2022]	4	4
2gBjLmx6zQnFGQJCAQpRgw	Nelly	['dance pop', 'gangster rap', 'hip hop', 'pop rap', 'rap', 'st louis rap', 'urban contemporary']	[2017]	4	3
58lV9VcRSjABbAbfWS6skp	Bon Jovi	['glam metal', 'rock']	[2017, 2018, 2019, 2020, 2021, 2022]	4	0
3NPpFNZtSTHheNBaWC82rB	X Ambassadors	['modern alternative rock', 'modern rock', 'stomp pop']	[2017, 2018]	4	4
6extd4B6hl8VTmnlhpl2bY	Huncho Jack	['melodic rap', 'trap']	[2017]	4	4
7v4imS0moSyGdXyLgVTIV7	Nat King Cole	['adult standards', 'lounge', 'soul', 'swing', 'vocal jazz']	[2017, 2018, 2019, 2020, 2021]	4	0
1l7ZsJRRS8wlW3WfJfPfNS	Christina Aguilera	['dance pop', 'pop']	[2017, 2018, 2019, 2021]	4	1
3Gm5F95VdRxW3mqCn8RPBJ	Aminé	['pop rap', 'portland hip hop', 'rap', 'underground hip hop']	[2017, 2018, 2019]	4	0
2P5sC9cVZDToPxyomzF1UH	Joey Bada$$	['conscious hip hop', 'hip hop', 'rap']	[2017, 2018]	4	3
1ooV8YZC1KbpEcrmI8WH0F	Yebba	['pop soul']	[2017, 2019, 2021]	4	4
1xSSjJrKTO2ZNPU81uLtmI	Bliss n Eso	['australian hip hop']	[2017, 2018]	4	4
59wfkuBoNyhDMQGCljbUbA	Diddy	['dance pop', 'east coast hip hop', 'hip hop', 'hip pop', 'pop rap', 'rap']	[2017, 2018, 2020]	4	4
7ymhGfvQPQLHU20RovzLMJ	Thundamentals	['australian hip hop']	[2017, 2018, 2019]	4	2
14rP13jdQNgQvuPA2AkBgm	Glades	['indie electropop', 'indie poptimism', 'metropopolis']	[2017, 2018]	4	0
1vSN1fsvrzpbttOYGsliDr	Tori Kelly	['pop', 'post-teen pop']	[2017, 2020]	4	3
1Y8cdNmUJH7yBTd9yOvr5i	Destiny's Child	['dance pop', 'girl group', 'pop', 'r&b', 'urban contemporary']	[2017, 2018, 2019, 2020, 2021]	4	0
4qBgvVog0wzW75IQ48mU7v	KYLE	['deep underground hip hop', 'indie pop rap', 'pop rap', 'viral trap']	[2017, 2018, 2019]	4	4
5M0lbkGluOPXLeFjApw8r8	DRAM	['pop rap', 'trap', 'underground hip hop', 'viral trap', 'virginia hip hop']	[2017]	4	4
57WHJIHrjOE3iAxpihhMnp	Louis Tomlinson	['pop']	[2017, 2018]	4	2
5H6xmHXjsq98NLbEjuE29f	NEIKED	['scandipop']	[2017, 2021, 2022]	4	4
1lc8mnyGrCLtPhCoWjRxjM	Flight Facilities	['aussietronica', 'australian dance', 'australian indie', 'indietronica', 'nu disco']	[2017, 2018, 2021]	4	4
0f3EsoviYnRKTkmayI3cux	Men At Work	['album rock', 'australian rock', 'classic rock', 'hard rock', 'heartland rock', 'mellow gold', 'new romantic', 'new wave', 'new wave pop', 'rock', 'soft rock']	[2017, 2018, 2019, 2020, 2021, 2022]	4	0
5Y5TRrQiqgUO4S36tzjIRZ	Timbaland	['dance pop', 'pop', 'pop rap']	[2017, 2018, 2020, 2021, 2022]	4	4
0CEK8AzyeD5ZUdUloB6yQV	CADE	['pop edm']	[2017, 2018]	4	4
1U1el3k54VvEUzo3ybLPlM	Kali Uchis	['colombian pop']	[2017, 2021, 2022]	4	3
3XHO7cRUPCLOr6jwp8vsx5	alt-J	['indie rock', 'indietronica', 'modern alternative rock', 'modern rock', 'rock']	[2017, 2020]	4	0
1IueXOQyABrMOprrzwQJWN	Sigala	['dance pop', 'edm', 'pop dance', 'uk dance', 'uk pop']	[2017, 2018, 2020, 2021]	4	4
63nv0hWWDob56Rk8GlNpN8	The Greatest Showman Ensemble	['movie tunes']	[2017, 2018, 2019]	4	4
72KyoXzp0NOQij6OcmZUxk	Midnight Oil	['australian rock']	[2017, 2018, 2019, 2020, 2021, 2022]	4	0
4EPJlUEBy49EX1wuFOvtjK	Becky Hill	['pop dance', 'pop house', 'uk dance', 'uk pop']	[2017, 2019, 2020, 2021]	4	4
1okJ4NC308qbtY9LyHn6DO	BloodPop®	['electropop']	[2017, 2018]	4	4
2Ltr0s15RyvsjqWzSmiSRs	Allday	['australian hip hop', 'australian trap']	[2017, 2018]	4	4
4yiQZ8tQPux8cPriYMWUFP	Gwen Stefani	['dance pop', 'pop']	[2017, 2018, 2019, 2020, 2021]	4	3
1CoZyIx7UvdxT5c8UkMzHd	Jorja Smith	['r&b', 'uk contemporary r&b']	[2017, 2018, 2019]	4	3
5aSBbBUbArJfyNKDg4KS1I	Tyron Hapi	['melbourne bounce', 'sky room']	[2017, 2018, 2019]	4	4
25u4wHJWxCA9vO0CzxAbK7	Lukas Graham	['danish pop', 'scandipop']	[2017, 2018, 2019]	4	0
26AHtbjWKiwYzsoGoUZq53	Pentatonix	['a cappella', 'viral pop']	[2017, 2018, 2019, 2020, 2021]	4	1
7ohlPA8dRBtCf92zaZCaaB	Crowded House	['australian rock', 'permanent wave']	[2017, 2018, 2019, 2020, 2021, 2022]	4	0
0FL2d6iFFNAV3yBUbXjZ1U	Wafia	['australian pop', 'indie electropop']	[2017, 2018, 2019]	4	1
0WOxhx4hikIsyF3CRPLC8W	Famous Dex	['chicago rap', 'drill', 'rap', 'trap']	[2017, 2018]	4	2
586uxXMyD5ObPuzjtrzO1Q	Sofi Tukker	['edm']	[2017, 2019, 2020]	4	0
5rSXSAkZ67PYJSvpUpkOr7	Backstreet Boys	['boy band', 'dance pop', 'pop']	[2017, 2018, 2019, 2020, 2021]	4	0
7udwYystFcvYziV36ZIwuh	Hunters & Collectors	['australian rock']	[2017, 2018, 2019, 2020, 2021, 2022]	4	0
6t1gpxYbY8OlLA7D2RiikQ	Loud Luxury	['edm', 'pop dance']	[2018, 2019, 2020]	4	4
2o5jDhtHVPhrJdv3cEQ99Z	Tiësto	['big room', 'brostep', 'dutch edm', 'edm', 'house', 'pop dance', 'slap house', 'trance']	[2018, 2019, 2020, 2021, 2022]	4	3
2R21vXR83lH98kGeO99Y66	Anuel AA	['reggaeton', 'reggaeton flow', 'trap boricua', 'trap latino', 'urbano latino']	[2018, 2019]	4	4
2g6fa86fL6oLcoDqanBbuR	Delta Goodrem	['australian pop', 'australian talent show']	[2018, 2020, 2021]	4	1
3hteYQFiMFbJY7wS0xDymP	Gesaffelstein	['dark clubbing']	[2018, 2019, 2021, 2022]	4	4
0Ya43ZKWHTKkAbkoJJkwIB	The Wombats	['liverpool indie', 'modern alternative rock', 'modern rock']	[2018, 2019]	4	0
5r5Va4lVQ1zjEfbJSrmCsS	BROODS	['auckland indie', 'etherpop', 'indietronica', 'metropopolis', 'nz pop']	[2018, 2019, 2021]	4	1
3RqBeV12Tt7A8xH3zBDDUF	Kelsea Ballerini	['contemporary country', 'country']	[2018, 2019]	4	4
6eYFryfcEu3QSq59D62wZQ	Brendon Urie	[]	[2018, 2019, 2020]	4	4
41fDGRDlzczk5Yo2wDo0H4	Australian Crawl	['australian rock']	[2018, 2019, 2020, 2021, 2022]	4	0
6DVipHzYsPlIoA0DW8Gmns	"Royce Da 5'9"""	['detroit hip hop', 'gangster rap', 'hardcore hip hop', 'hip hop']	[2018, 2020]	4	4
2rhFzFmezpnW82MNqEKVry	Ski Mask The Slump God	['hip hop', 'miami hip hop', 'pop rap', 'rap', 'trap', 'underground hip hop']	[2018, 2019]	4	2
1o2NpYGqHiCq7FoiYdyd1x	Bea Miller	['alt z', 'pop', 'talent show']	[2018, 2019, 2020]	4	3
6tuPdaFPIytg3l2f51L7Hw	Ziggy Alberts	['australian singer-songwriter', 'folk-pop', 'indie anthem-folk']	[2018, 2019, 2020]	4	0
38CvLGTsjtoloDgv3OKQp8	Robinson	['alt z', 'nz pop']	[2018, 2019]	4	1
21WS9wngs9AqFckK7yYJPM	PnB Rock	['melodic rap', 'rap', 'trap']	[2018, 2019]	4	4
20sxb77xiYeusSH8cVdatc	Meek Mill	['hip hop', 'philly rap', 'pop rap', 'rap', 'southern hip hop', 'trap']	[2018, 2019, 2020]	4	4
0ErzCpIMyLcjPiwT4elrtZ	NLE Choppa	['memphis hip hop', 'rap']	[2019, 2020]	4	3
1ThoqLcyIYvZn7iWbj8fsj	Bill Withers	['funk', 'quiet storm', 'soul']	[2020]	4	1
4fxd5Ee7UefO4CUXgwJ7IP	Giveon	['r&b']	[2020, 2021, 2022]	4	3
5rGrDvrLOV2VV8SCFVGWlj	Imanbek	['electro house', 'pop dance', 'slap house']	[2019, 2020, 2021, 2022]	4	4
1MIVXf74SZHmTIp4V4paH4	Mabel	['pop', 'uk pop']	[2019, 2020, 2021]	4	1
4Uc8Dsxct0oMqx0P6i60ea	Conan Gray	['bedroom pop', 'pop', 'pov: indie']	[2019, 2020, 2021]	4	1
41X1TR6hrK8Q2ZCpp2EqCz	bbno$	['canadian hip hop', 'dark trap', 'meme rap']	[2019, 2020, 2021, 2022]	4	4
3KwmxIhSe9UTSEF37kwngR	SHAED	['electropop']	[2019, 2020]	4	3
6E2hlUEGs0bO0ktdZKy1lh	Hooligan Skinny	['aussie drill']	[2019, 2020]	4	4
4tw2Lmn9tTPUv7Gy7mVPI4	Kenny Rogers	['classic country pop', 'country', 'nashville sound']	[2019, 2020, 2021, 2022]	4	2
71jSVPQ6yskfyvWeiwvT5s	S1mba	['afroswing']	[2020]	4	4
1XLWox9w1Yvbodui0SRhUQ	StaySolidRocky	['melodic rap']	[2020]	4	2
32vWCbZh0xZ4o9gkz4PsEU	Dolly Parton	['classic country pop', 'country', 'country dawn']	[2020, 2021]	4	3
6DgP9otnZw5z6daOntINxp	Joel Corry	['dance pop', 'pop dance', 'uk dance']	[2019, 2020, 2021, 2022]	4	3
1caoBfXJrbKCwIaTzGkyHn	SIX60	['nz pop', 'nz reggae']	[2019, 2020]	4	4
0xRXCcSX89eobfrshSVdyu	MEDUZA	['pop dance', 'pop house', 'uk dance']	[2019, 2020, 2021]	4	4
7wlFDEWiM5OoIAt8RSli8b	YoungBoy Never Broke Again	['baton rouge rap', 'rap']	[2019, 2020, 2021]	4	4
60rpJ9SgigSd16DOAG7GSa	Billy Ray Cyrus	['country rock']	[2019, 2020]	4	4
04yB9kBsaEQgT8hFfcsQik	Mustard	[]	[2019, 2020]	4	4
7n2Ycct7Beij7Dj7meI4X0	TWICE	['k-pop', 'k-pop girl group', 'pop']	[2019, 2020]	4	0
3tlXnStJ1fFhdScmQeLpuG	Brent Faiyaz	['r&b', 'rap']	[2020, 2021]	4	2
4oUHIQIBe0LHzYfvXNW4QM	Morgan Wallen	['contemporary country']	[2019, 2021, 2022]	4	2
3FoFW2AoUGRHBacC6i4x4p	Russ Millions	['melodic drill', 'uk drill']	[2021, 2022]	4	4
006j2rer9tZJCYniu7SaWS	Peach PRC	['alt z']	[2021, 2022]	4	0
5SXuuuRpukkTvsLuUknva1	Baby Keem	['hip hop', 'rap']	[2021, 2022]	4	4
1HwM5zlC5qNWhJtM00yXzG	DMX	['east coast hip hop', 'gangster rap', 'hardcore hip hop', 'hip hop', 'rap']	[2021]	4	0
1iNqsUDUraNWrj00bqssQG	Dreamville	['hip hop', 'pop rap', 'rap', 'underground hip hop']	[2019]	4	4
3Fl1V19tmjt57oBdxXKAjJ	Blueface	['cali rap', 'rap']	[2019]	4	3
7qhWa7UI1QNZNDnzYwAYZm	Vallis Alps	['australian indie', 'vapor soul']	[2017, 2018]	3	0
0jnsk9HBra6NMjO2oANoPY	Flo Rida	['dance pop', 'miami hip hop', 'pop', 'pop rap']	[2017, 2018, 2019, 2020, 2021, 2022]	3	2
5exS0bytCYdixgv02DaCm3	William Singe	[]	[2017, 2018]	3	3
5xUf6j4upBrXZPg6AI4MRK	Soundgarden	['alternative metal', 'alternative rock', 'classic rock', 'grunge', 'hard rock', 'nu metal', 'rock']	[2017]	3	0
2OC53Inn0G9QwWM7CM0G5Z	Touch Sensitive	['aussietronica', 'nu disco']	[2017, 2018]	3	0
6T5tfhQCknKG4UnH90qGnz	DNCE	['dance pop', 'pop']	[2017, 2021]	3	1
5me0Irg2ANcsgc93uaYrpb	The Notorious B.I.G.	['east coast hip hop', 'gangster rap', 'hardcore hip hop', 'hip hop', 'rap']	[2017, 2018, 2019, 2021, 2022]	3	1
4f9iBmdUOhQWeP7dcAn1pf	Rag'n'Bone Man	['neo soul']	[2017, 2019]	3	2
0MHgLfmQdutffmvWe5XBTN	Burl Ives	['adult standards', 'american folk revival']	[2017, 2018, 2019, 2020, 2021]	3	0
2FwJwEswyIUAljqgjNSHgP	Snakehips	['electropop']	[2017, 2018]	3	3
3J0BpFVUc9LeOIVeN5uNhU	Lauren Jauregui	['r&b']	[2017]	3	3
2lolQgalUvZDfp5vvVtTYV	Tony Bennett	['adult standards', 'easy listening', 'lounge', 'vocal jazz']	[2017, 2018, 2019, 2020, 2021]	3	1
5KEG7G8LDYlHgFDqZyEEs2	Chris Rea	['soft rock', 'sophisti-pop']	[2017, 2018, 2019, 2020, 2021]	3	0
0B3N0ZINFWvizfa8bKiz4v	James TW	['british singer-songwriter']	[2017, 2018, 2021]	3	0
3EW0kQ1skZiK1NHg3Spt9J	Takeoff	['atl hip hop', 'rap', 'trap']	[2017, 2021]	3	3
4cPHsZM98sKzmV26wlwD2W	Brenda Lee	['adult standards', 'easy listening', 'lounge', 'rockabilly']	[2017, 2018, 2019, 2020, 2021]	3	0
6cEuCEZu7PAE9ZSzLLc2oQ	R3HAB	['dutch house', 'edm', 'electro house', 'pop dance', 'progressive electro house', 'slap house']	[2017, 2018, 2019]	3	3
0q4NrXqJnc367PieejuROJ	Vice	['chicano rap']	[2017]	3	3
77DAFfvm3O9zT5dIoG0eIO	Kyla	['uk funky']	[2017, 2018, 2019, 2020, 2021, 2022]	3	3
1dIdBZaaHRW2bDTkHNfWln	The Veronicas	['australian pop', 'candy pop', 'dance pop', 'girl group', 'post-teen pop']	[2017, 2019]	3	0
4ryoUS0W8qXokfMxrlJt6O	Skip Marley	['modern reggae']	[2017]	3	3
6Q192DXotxtaysaqNPy5yR	Amy Winehouse	['british soul', 'neo soul']	[2017]	3	1
0gadJ2b9A4SKsB1RFkBb66	Passenger	['folk-pop', 'neo mellow']	[2017, 2018, 2019, 2020, 2021, 2022]	3	0
4pejUc4iciQfgdX6OKulQn	Queens of the Stone Age	['alternative metal', 'alternative rock', 'grunge', 'modern rock', 'nu metal', 'palm desert scene', 'rock', 'stoner metal', 'stoner rock']	[2017]	3	0
2cGwlqi3k18jFpUyTrsR84	The Verve	['britpop', 'permanent wave', 'rock', 'shoegaze']	[2017, 2018]	3	0
5H9Gv8Ld3MwtWDm832KCAo	NÏKA	[]	[2017, 2018]	3	3
3Bd1cgCjtCI32PYvDC3ynO	London Grammar	['metropopolis', 'nottingham indie']	[2017, 2019]	3	1
1LOB7jTeEV14pHai6EXSzF	Cash Cash	['dance pop', 'edm', 'electro house', 'electropowerpop', 'pop dance']	[2017, 2019]	3	3
3t5xRXzsuZmMDkQzgOX35S	Robin Schulz	['deep euro house', 'deep house', 'edm', 'german dance', 'pop dance', 'tropical house']	[2017, 2018, 2019]	3	3
57vWImR43h4CaDao012Ofp	Steve Lacy	['afrofuturism']	[2017, 2021, 2022]	3	2
2VAnyOxzJuSAj7XIuEOT38	AlunaGeorge	['electropop', 'house', 'uk dance']	[2017, 2018]	3	1
38EmEgXkgK51MT2tPY0EoC	Bobby Helms	[]	[2017, 2018, 2019, 2020, 2021]	3	0
4Rxn7Im3LGfyRkY2FlHhWi	Nick Jonas	['dance pop', 'pop']	[2017]	3	2
2UZMlIwnkgAEDBsw1Rejkn	Tom Petty	['album rock', 'classic rock', 'hard rock', 'heartland rock', 'mellow gold', 'rock', 'singer-songwriter', 'soft rock']	[2017, 2020, 2021]	3	0
4FH1qQ5KcTtomryu4O5pgX	Basenji	['australian electropop']	[2017, 2019]	3	3
43ZHCT0cAZBISjO8DG9PnE	Elvis Presley	['rock-and-roll', 'rockabilly']	[2017, 2018, 2019, 2020, 2021]	3	1
1ZcnsSFqWusWlRK01vKE6b	Montaigne	['australian indie', 'australian pop']	[2017, 2018, 2019, 2020, 2021, 2022]	3	2
2ziB7fzrXBoh1HUPS6sVFn	Audioslave	['alternative metal', 'alternative rock', 'grunge', 'hard rock', 'nu metal', 'permanent wave', 'post-grunge', 'rock', 'supergroup']	[2017]	3	0
0lYzZ91QzokaPrRK1vq6tW	Nicole Millar	['australian pop', 'gauze pop']	[2017, 2018]	3	2
3tQx1LPXbsYjE9VwN1Peaa	Marc E. Bassy	['indie pop rap']	[2017]	3	3
7HV2RI2qNug4EcQqLbCAKS	Keala Settle	['broadway', 'hollywood', 'show tunes']	[2017, 2018, 2019]	3	3
6U1dBXJhC8gXFjamvFTmHg	Zac Efron	['hollywood', 'movie tunes', 'post-teen pop']	[2017, 2018, 2019]	3	3
02A3cEvlLLCbIMVDrK2GHV	Starley	['aussietronica']	[2017, 2018]	3	2
4RSyJzf7ef6Iu2rnLdabNq	Willy William	[]	[2017, 2018]	3	3
21E3waRsmPlU7jZsS13rcj	Ne-Yo	['dance pop', 'pop', 'r&b', 'urban contemporary']	[2017, 2021]	3	2
2jw70GZXlAI8QzWeY2bgRc	Nelly Furtado	['canadian latin', 'canadian pop', 'dance pop', 'pop']	[2017, 2020, 2021, 2022]	3	1
4NZvixzsSefsNiIqXn0NDe	Maggie Rogers	['indie pop']	[2017, 2018, 2019]	3	0
1G9G7WwrXka3Z1r7aIDjI7	Outkast	['atl hip hop', 'dirty south rap', 'hip hop', 'old school atlanta hip hop', 'rap', 'southern hip hop']	[2017, 2018, 2019, 2020, 2021, 2022]	3	0
5JYo7gm2dkyLLlWHjxS7Dy	Sandro Cavazza	['swedish pop']	[2017, 2018, 2019, 2020]	3	3
6ltzsmQQbmdoHHbLZ4ZN25	Lord Huron	['indie folk', 'modern rock', 'stomp and holler']	[2017, 2018, 2021]	3	0
3KV3p5EY4AvKxOlhGHORLg	Jeremih	['chicago rap', 'pop rap', 'r&b', 'southern hip hop', 'trap', 'urban contemporary']	[2017, 2020]	3	3
4nqqGSsclFchZXaiafOYyV	GRAACE	['australian alternative pop']	[2017, 2018]	3	2
3y24n3XhZ96wgwRXjvS17T	Coolio	['g funk', 'gangster rap', 'hip hop', 'west coast rap']	[2017, 2018, 2019, 2021, 2022]	3	3
2LhsePRtgCo4THVKULQBL7	L.V.	[]	[2017, 2018, 2019, 2021, 2022]	3	3
5wPoxI5si3eJsYYwyXV4Wi	N.E.R.D	['hip hop', 'virginia hip hop']	[2017, 2018]	3	3
67hb7towEyKvt5Z8Bx306c	Empire of the Sun	['australian dance', 'australian electropop', 'dance rock', 'indietronica', 'neo-synthpop']	[2017, 2018, 2020, 2021, 2022]	3	1
0ECwFtbIWEVNwjlrfc6xoL	Eagles	['album rock', 'classic rock', 'heartland rock', 'mellow gold', 'rock', 'soft rock', 'yacht rock']	[2017, 2018, 2019, 2020, 2021, 2022]	3	0
3q7HBObVc0L8jNeTe5Gofh	50 Cent	['east coast hip hop', 'gangster rap', 'hip hop', 'pop rap', 'queens hip hop', 'rap']	[2017, 2018, 2019, 2020, 2021, 2022]	3	2
1svaANJTE5KrG16fTGDqOs	The Puppini Sisters	['easy listening', 'swing', 'swing revival']	[2017, 2018, 2019, 2020, 2021]	3	3
2QSPrJfYeRXaltEEiriXN9	Tove Styrke	['electropop', 'swedish electropop', 'swedish pop', 'swedish synthpop']	[2017, 2018]	3	1
4QQgXkCYTt3BlENzhyNETg	Earth, Wind & Fire	['disco', 'funk', 'jazz funk', 'soul']	[2017, 2018, 2019, 2020, 2021]	3	0
0wi4yTYlGtEnbGo4ltZTib	Shakin' Stevens	['classic uk pop', 'rockabilly']	[2017, 2018, 2019, 2020, 2021]	3	0
6tbjWDEIzxoDsBA1FuhfPW	Madonna	['dance pop', 'pop']	[2017, 2018, 2019]	3	1
4bL2B6hmLlMWnUEZnorEtG	Felix Jaehn	['edm', 'german dance', 'pop dance', 'tropical house']	[2017, 2018, 2019, 2020, 2021]	3	3
4VivsO1n4n2Mi2Btyb5gfL	Cosmo's Midnight	['australian dance', 'indie dream pop', 'indie soul']	[2017, 2018, 2020]	3	2
5uEeqYFuIChoWKy34jp8xE	Brando	['dance pop', 'pop dance']	[2018, 2019, 2020, 2021]	3	2
7EQ0qTo7fWT7DPxmxtSYEc	Bastille	['metropopolis', 'modern rock', 'pop']	[2018, 2019, 2020, 2021, 2022]	3	2
6kNKUYGn6VNGsRoXmyoDPK	The Amity Affliction	['australian metalcore', 'melodic metalcore', 'metalcore']	[2018, 2021]	3	0
4S9EykWXhStSc15wEx8QFK	Céline Dion	['canadian pop']	[2018, 2019, 2021]	3	0
2ysnwxxNtSgbb9t1m2Ur4j	George Ezra	['folk-pop', 'neo-singer-songwriter']	[2018, 2019, 2020, 2021, 2022]	3	0
2RDOrhPqAM4jzTRCEb19qX	Sheck Wes	['pop rap', 'rap', 'trap']	[2018, 2019, 2020]	3	1
1TulCA2zO3YxAjQ7ZsvtDq	KIAN	['australian pop']	[2018, 2019, 2020]	3	0
7EEiVZvj6RCEtVX2F2pyxu	Slim Jxmmi	['trap']	[2018]	3	3
5gCRApTajqwbnHHPbr2Fpi	Juicy J	['crunk', 'memphis hip hop', 'pop rap', 'rap', 'southern hip hop', 'trap']	[2018]	3	3
6IZ4ctovY9dl7bgHClAvKJ	LSD	[]	[2018]	3	3
0C6qzW0Am8OVyHSoT57fnC	Thelma Plum	['australian indie', 'australian indigenous']	[2018, 2019, 2020]	3	0
4MVyzYMgTwdP7Z49wAZHx0	Lynyrd Skynyrd	['album rock', 'classic rock', 'hard rock', 'rock', 'southern rock']	[2018, 2019, 2020, 2021, 2022]	3	0
7d3WFRME3vBY2cgoP38RDo	Lil Skies	['melodic rap']	[2018, 2019]	3	1
2jn9JOmdrR9BdiR1LTvYG4	Boy Matthews	['uk dance']	[2018, 2019, 2020]	3	3
3AQRLZ9PuTAozP28Skbq8V	The Script	['celtic rock', 'pop']	[2018, 2019, 2020, 2021]	3	0
2RQXRUsr4IW1f3mKyKsy4B	Noah Kahan	['pov: indie', 'singer-songwriter pop']	[2018]	3	3
7z2avKuuiMAT4XZJFv8Rvh	Tom Walker	['indie anthem-folk', 'uk pop']	[2018, 2019, 2020]	3	0
3KedxarmBCyFBevnqQHy3P	Jessie Reyez	['canadian contemporary r&b', 'canadian pop']	[2018, 2019]	3	3
1INuLZXjjVbcJRyWvD1iSq	Jack & Jack	['pop', 'teen pop']	[2018, 2019]	3	3
5IH6FPUwQTxPSXurCrcIov	Alec Benjamin	['alt z', 'pop', 'pov: indie']	[2018, 2019, 2021]	3	1
4gOc8TsQed9eqnqJct2c5v	K/DA	['k-pop girl group']	[2018, 2020]	3	3
2AfmfGFbe0A0WsTYm0SDTx	(G)I-DLE	['k-pop', 'k-pop girl group']	[2018, 2020]	3	3
67MNhiAICFY6Pwc2YxCO0K	Elley Duhé	['alt z']	[2018, 2019, 2022]	3	2
6M25WWmNO7wK1DnKmd3z6R	CXLOE	['alt z', 'australian alternative pop', 'australian electropop']	[2018, 2019]	3	0
6cBdXnLZZ80RDHOvNPVUcY	The Messengers	['muzica crestina']	[2018, 2019, 2020, 2021, 2022]	3	3
622HMYOaiqowUmcd5t3b7t	Dragon	['australian rock', 'kiwi rock']	[2018, 2019, 2020, 2021, 2022]	3	0
0SwO7SWeDHJijQ3XNS7xEE	MGMT	['alternative rock', 'indie rock', 'indietronica', 'modern rock', 'rock']	[2018, 2019, 2021, 2022]	3	1
1tqhsYv8yBBdwANFNzHtcr	Lil Dicky	['comedy rap', 'indie pop rap', 'pop rap']	[2018, 2019, 2020]	3	2
790FomKkXshlbRYZFtlgla	KAROL G	['reggaeton', 'reggaeton colombiano', 'trap latino', 'urbano latino']	[2019, 2020]	3	3
6EPlBSH2RSiettczlz7ihV	Sleepy Hallow	['brooklyn drill', 'nyc rap']	[2020, 2021, 2022]	3	2
6trIghKwHRUyxwvm66HLHH	Fousheé	['indie r&b']	[2020]	3	2
66W9LaWS0DPdL7Sz8iYGYe	JP Saxe	['alt z', 'canadian contemporary r&b', 'singer-songwriter pop']	[2019, 2020, 2021]	3	3
0u6GtibW46tFX7koQ6uNJZ	Topic	['german dance', 'pop dance', 'pop edm', 'uk dance']	[2020, 2021]	3	3
3gIRvgZssIb9aiirIg0nI3	Jeremy Zucker	['alt z', 'electropop', 'pop']	[2019, 2020]	3	2
5JMLG56F1X5mFmWNmS0iAp	Chelsea Cutler	['alt z']	[2019, 2020]	3	3
25ou7Y6W7L1fcMoCZMbf86	Birds Of Tokyo	['australian alternative rock', 'australian indie', 'australian pop', 'australian rock', 'perth indie']	[2019, 2020]	3	0
3ByS6WHuxmY7mMp7HsVn3u	Hooks	['aussie drill']	[2020]	3	3
21dooacK2WGBB5amYvKyfM	Smokepurpp	['melodic rap', 'miami hip hop', 'trap', 'underground hip hop']	[2019, 2020]	3	3
2JbE7jUIGtpXSzytnyMg6U	Curtis Waters	[]	[2020]	3	3
44rJuOJLavqhY6qGgpQW4U	Harm Franklin	['alberta hip hop']	[2020]	3	3
2PJEagPIxaBugeMjIyKVXF	Aitch	['manchester hip hop', 'uk hip hop']	[2020, 2022]	3	3
5xkFVS6IwwgHEAaRzXc9U3	Tay Keith	['memphis hip hop']	[2019, 2020]	3	3
2yPprAQlrIQWu60g09B9MZ	Swarmz	['uk hip hop']	[2020]	3	3
2nm38smINjms1LtczR0Cei	Goodboys	['pop dance', 'uk dance']	[2019, 2020, 2021]	3	3
3PyJHH2wyfQK3WZrk9rpmP	Ashnikko	['alt z', 'escape room']	[2020, 2021]	3	1
7z5WFjZAIYejWy0NI5lv4T	Dan + Shay	['contemporary country', 'country', 'country road']	[2019, 2020, 2021]	3	2
0id62QV2SZZfvBn9xpmuCl	Aloe Blacc	['pop soul', 'r&b']	[2019, 2020]	3	3
4ofCBoyEiGSePFAG500xev	Regard	['pop dance', 'pop edm', 'slap house', 'uk dance']	[2019, 2020, 2021]	3	2
4rTv3Ejc7hKMtmoBOK1B4T	Ali Gatie	['canadian hip hop']	[2019, 2020]	3	0
3cI6oSkDCirRNVAgBsGJyB	No Money Enterprise	['aussie drill', 'australian hip hop', 'brisbane hip hop']	[2019, 2020]	3	0
5yPzzu25VzEk8qrGTLIrE1	Young Nudy	['pluggnb', 'rap', 'trap']	[2019, 2020]	3	3
77SW9BnxLY8rJ0RciFqkHh	The Neighbourhood	['modern alternative rock', 'modern rock', 'pop', 'pov: indie']	[2020, 2021, 2022]	3	0
7ltDVBr6mKbRvohxheJ9h1	ROSALÍA	['pop', 'r&b en espanol']	[2019, 2020, 2021]	3	3
7arQA31aZVS8yS6zUveWzb	CJ	['nyc rap']	[2020, 2021]	3	0
0GM7qgcRCORpGnfcN2tCiB	Tainy	['pop reggaeton', 'reggaeton', 'trap latino', 'urbano latino']	[2019, 2020, 2021]	3	3
45TgXXqMDdF8BkjA83OM7z	Rod Wave	['florida rap']	[2020, 2021]	3	2
0JYmighF3zbuA81Di54CZN	S-X	['instrumental grime']	[2019, 2020, 2021]	3	3
0vRvGUQVUjytro0xpb26bs	Arizona Zervas	['pop rap', 'rhode island rap']	[2019, 2020, 2021]	3	0
4ZhFCxPekpmV12n2xMeF2z	Ink	[]	[2019, 2020]	3	3
0KuF7reCTOZwV7YJnHQqgr	The Neptunes	[]	[2020, 2021]	3	3
7yntSJ6uojO3z6GFUVwhAW	CORPSE	['pov: indie']	[2020, 2021]	3	3
0YinUQ50QDB7ZxSCLyQ40k	Mustard	['cali rap', 'pop rap', 'rap', 'southern hip hop', 'trap']	[2019, 2020, 2021]	3	3
3xLU748QxpTmIVaiNXXg0P	Encanto - Cast	['movie tunes']	[2021, 2022]	3	3
7sKxqpSqbIzphAKAhrqvlf	Walker Hayes	['contemporary country', 'country', 'country road', 'modern country rock']	[2021, 2022]	3	0
0lAWpj5szCSwM4rUMHYmrr	Måneskin	['indie rock italiano', 'italian pop', 'pop']	[2021, 2022]	3	0
5AiY4bxeXerLXx03JADdQv	Buni	['uk drill']	[2021, 2022]	3	3
20cmhoGvN0eyzhmsHJH1Mg	Luude	['aussietronica']	[2021, 2022]	3	3
5mxB08ktCukEhGMg2YZeEv	Colin Hay	['solo wave']	[2021, 2022]	3	3
5IbEL2xjRtKsunfmsahLuO	$NOT	['aesthetic rap', 'cloud rap', 'florida rap', 'underground hip hop']	[2021, 2022]	3	3
2Waw2sSbqvAwK8NwACNjVo	Bo Burnham	['comic', 'pov: indie']	[2021]	3	0
46MWeeHNVMYRIIofQBEX98	BEAM	['trap soul']	[2021]	3	3
4Dokdwa3WB7ilQ2c2qvIBL	Bugzy Malone	['grime', 'manchester hip hop', 'uk hip hop']	[2021]	3	3
3GxKJzJK4LpsYGXQrw77wz	Mimi Webb	['alt z', 'gen z singer-songwriter', 'uk pop']	[2021]	3	0
0EeQBlQJFiAfJeVN2vT9s0	Nipsey Hussle	['conscious hip hop', 'gangster rap', 'hip hop', 'pop rap', 'rap', 'southern hip hop', 'trap']	[2019]	3	3
6ZLTlhejhndI4Rh53vYhrY	Ozzy Osbourne	['album rock', 'alternative metal', 'birmingham metal', 'classic rock', 'glam metal', 'hard rock', 'metal', 'nu metal', 'rock']	[2019]	3	3
4k1ELeJKT1ISyDv8JivPpB	The Prodigy	['big beat', 'breakbeat', 'dance rock', 'hardcore techno', 'rave']	[2019]	3	0
1Oa0bMld0A3u5OTYfMzp5h	Nate Dogg	['g funk', 'gangster rap', 'hardcore hip hop', 'hip hop', 'west coast rap']	[2017, 2018, 2019, 2021, 2022]	2	2
2ExGrw6XpbtUAJHTLtUXUD	Stefflon Don	['dancehall', 'dancehall queen', 'uk dancehall', 'uk hip hop']	[2017]	2	2
6d47Z08T4snK50HgTEHo5Z	Sage The Gemini	['hyphy', 'pop rap', 'southern hip hop', 'trap']	[2017]	2	0
5DK8eK7fjvRsziXzyr3sFA	Moon Taxi	['modern alternative rock']	[2017]	2	0
5X4LWwbUFNzPkEas04uU82	DVBBS	['canadian electronic', 'dutch house', 'edm', 'electro house', 'pop dance', 'progressive electro house', 'slap house']	[2017, 2018]	2	2
6VxCmtR7S3yz4vnzsJqhSV	Sheppard	['australian indie', 'folk-pop']	[2017, 2018]	2	0
4D75GcNG95ebPtNvoNVXhz	AFROJACK	['big room', 'dance pop', 'dutch house', 'edm', 'electro house', 'pop dance', 'progressive electro house']	[2017, 2018, 2021]	2	2
4iudEcmuPlYNdbP3e1bdn1	Silverchair	['alternative metal', 'alternative rock', 'australian alternative rock', 'australian psych', 'australian rock', 'grunge', 'nu metal', 'post-grunge']	[2017, 2022]	2	0
61HS7DjYDQIkKSeGvpqmJh	Winston Surfshirt	['australian r&b']	[2017, 2018]	2	0
7FBcuc1gsnv6Y1nwFtNRCb	My Chemical Romance	['emo', 'modern rock', 'pop punk', 'pov: indie', 'rock']	[2017, 2021]	2	0
33JfM2NgTRFT9wMoQvcv6T	Talent	[]	[2017, 2020]	2	2
4vdt8TD56jjQfmxFCmhubX	OMC	['nz pop']	[2017, 2020]	2	0
0xOeVMOz2fVg5BJY3N6akT	Jaden	['pop rap', 'rap']	[2017, 2018]	2	1
3EXdLajEO02ziZ90P90bSW	Lil Xan	['cloud rap']	[2017, 2018]	2	0
0EmeFodog0BfCgMzAIvKQp	Shakira	['colombian pop', 'dance pop', 'latin pop', 'pop']	[2017, 2018, 2020, 2021]	2	2
1VBflYyxBhnDc9uVib98rw	Icona Pop	['candy pop', 'dance pop', 'electropop', 'metropopolis', 'swedish electropop', 'swedish synthpop']	[2017, 2018, 2020]	2	2
1V3VTM7VspiQjcmRhC010n	Quintino	['dutch edm', 'dutch house', 'edm', 'electro house', 'pop dance', 'progressive electro house', 'slap house']	[2017, 2018]	2	2
62DmErcU7dqZbJaDqwsqzR	Popcaan	['dancehall', 'jamaican hip hop', 'reggae fusion', 'traphall']	[2017]	2	2
77tT1kLj6mCWtFNqiOmP9H	Daryl Hall & John Oates	['album rock', 'classic rock', 'heartland rock', 'mellow gold', 'rock', 'singer-songwriter', 'soft rock', 'yacht rock']	[2017, 2018, 2019, 2020, 2021]	2	0
6vqMDhoigg5btfdPsPTVFt	Cub Sport	['australian indie', 'australian indie rock', 'brisbane indie']	[2017, 2019]	2	0
5ZS223C6JyBfXasXxrRqOk	Jhené Aiko	['r&b']	[2017]	2	2
6V3F8MZrOKdT9fU686ybE9	Mark Morrison	['british soul']	[2017, 2021]	2	2
6PXS4YHDkKvl1wkIl4V8DL	Fetty Wap	['new jersey rap', 'pop rap', 'rap', 'southern hip hop', 'trap']	[2017, 2018]	2	2
4bthk9UfsYUYdcFyqxmSUU	Tears For Fears	['new romantic', 'new wave', 'new wave pop', 'permanent wave', 'rock', 'sophisti-pop', 'synthpop']	[2017, 2018, 2021]	2	0
2RnDmyX1zzOkK5Cj9QPhMq	L D R U	['australian dance']	[2017]	2	1
787bCXOIvGeBw0Bc4kEjhD	Luke Christopher	['indie pop rap']	[2017]	2	0
1YfEcTuGvBQ8xSD1f53UnK	Busta Rhymes	['east coast hip hop', 'hardcore hip hop', 'hip hop', 'pop rap', 'rap']	[2017, 2020]	2	2
19ra5tSw0tWufvUp8GotLo	George Michael	['new wave pop']	[2017, 2018]	2	1
3ngKsDXZAssmljeXCvEgOe	Eagle-Eye Cherry	['pop rock']	[2017, 2018]	2	0
2P3cjUru4H3fhSXXNxE9kA	Blackstreet	['boy band', 'contemporary r&b', 'new jack swing', 'r&b', 'urban contemporary']	[2017, 2018, 2019]	2	2
0eecdvMrqBftK0M1VKhaF4	CNCO	['boy band', 'latin pop', 'reggaeton', 'urbano latino']	[2017]	2	2
3dRfiJ2650SZu6GbydcHNb	John Williams	['orchestral soundtrack', 'soundtrack']	[2017, 2018, 2019, 2020, 2021]	2	2
2LAqcqAQ8KPTsl1HBgBrqM	Michelle Williams	['hollywood']	[2017, 2018]	2	1
0z4gvV4rjIZ9wHck67ucSV	Akon	['dance pop']	[2017]	2	2
0JXiS2FrAg3wQYJHcmZdrc	B. Swanson Quartet	[]	[2017, 2018, 2019, 2020, 2021]	2	2
188VINPQh5dyNfLUkevKqf	Olivia Holt	['alt z', 'post-teen pop']	[2017]	2	0
7aA592KWirLsnfb5ulGWvU	Danny Brown	['alternative hip hop', 'detroit hip hop', 'escape room', 'hip hop', 'underground hip hop']	[2017, 2021]	2	2
4olE3I5QU0dvSR7LIpqTXc	WATT	['modern alternative rock']	[2017, 2018, 2019]	2	2
6fXEqmGQEt6ONuqVmwrN46	Bag Raiders	['alternative dance', 'australian dance', 'indietronica']	[2017, 2018]	2	0
4KWTAlx2RvbpseOGMEmROg	R.E.M.	['alternative rock', 'athens indie', 'permanent wave', 'rock']	[2017, 2018]	2	0
1y07gMlsfAdz2KOvZzyUTB	SAFIA	['australian indie']	[2017]	2	0
79QO0Xmn1dZhvaLicS2Yrs	The Night Game	['modern alternative rock']	[2017]	2	2
7crPfGd2k81ekOoSqQKWWz	Stevie Nicks	['heartland rock']	[2017, 2020]	2	2
4GCwfakdZdo3KkBNtzU5vn	MIMI	[]	[2017]	2	2
6gK1Uct5FEdaUWRWpU4Cl2	Petit Biscuit	['new french touch']	[2017, 2018, 2019]	2	0
2AsusXITU8P25dlRNhcAbG	Gotye	['australian pop']	[2017, 2019, 2020, 2021, 2022]	2	2
6hk7Yq1DU9QcCCrz9uc0Ti	Kimbra	['bergen indie', 'electropop', 'nz pop']	[2017, 2019, 2020, 2021, 2022]	2	2
3I3Fz1DeUY0icXFvOjbXm7	Methyl Ethel	['australian indie', 'australian indie rock']	[2017, 2018]	2	0
1kMPdZQVdUhMDKDWOJM5iK	Tkay Maidza	['alternative r&b', 'australian hip hop']	[2017, 2018]	2	2
2Q0MyH5YMI5HPQjFjlq5g3	Nick Murphy	['australian electropop', 'downtempo', 'indietronica']	[2017]	2	2
6qgnBH6iDM91ipVXv28OMu	KAYTRANADA	['alternative r&b', 'escape room', 'indie soul', 'lgbtq+ hip hop']	[2017]	2	2
41Sy5j6hSOXJ6Pl1yR296B	Tom Thum	['beatboxing']	[2017, 2018, 2019, 2020, 2021, 2022]	2	2
2zzpznMuhKlKlqh1ma7Sms	Dakota	[]	[2017]	2	2
7sfl4Xt5KmfyDs2T3SVSMK	Lil Jon	['atl hip hop', 'crunk', 'dance pop', 'dirty south rap', 'old school atlanta hip hop', 'pop rap', 'southern hip hop', 'trap']	[2017, 2018, 2019, 2020, 2021, 2022]	2	2
3ipn9JLAPI5GUEo4y4jcoi	Ludacris	['atl hip hop', 'dance pop', 'dirty south rap', 'hip hop', 'old school atlanta hip hop', 'pop rap', 'rap', 'southern hip hop', 'trap']	[2017, 2018, 2019, 2020, 2021, 2022]	2	2
3Y3xIwWyq5wnNHPp5gPjOW	Kenny Loggins	['album rock', 'classic rock', 'heartland rock', 'mellow gold', 'new wave pop', 'singer-songwriter', 'soft rock', 'yacht rock']	[2017, 2018]	2	0
6mU8ucezzms5I2kNH6HNlu	Conor Maynard	['post-teen pop', 'uk pop', 'viral pop']	[2017, 2018, 2019]	2	2
4AA8eXtzqh5ykxtafLaPOi	What So Not	['aussietronica', 'brostep', 'edm', 'electro house', 'electronic trap', 'escape room', 'vapor twitch']	[2017, 2018]	2	2
4qOzMSukiZoiSjPQw8Zs7s	Mansionair	['aussietronica', 'indietronica']	[2017, 2018]	2	1
1bqxdqvUtPWZri43cKHac8	MAX	['viral pop']	[2017, 2019]	2	1
5H1nN1SzW0qNeUEZvuXjAj	Danny Ocean	['pop venezolano', 'reggaeton', 'trap latino', 'urbano latino']	[2017]	2	0
2KsP6tYLJlTBvSUxnwlVWa	Mike Posner	['dance pop', 'pop', 'pop rap']	[2017]	2	2
5cIc3SBFuBLVxJz58W2tU9	Oh Wonder	['electropop', 'indie poptimism', 'pov: indie']	[2017, 2018]	2	2
769D3IwCDrdPospAd3Hlpi	Naturally 7	['a cappella']	[2017, 2018, 2019, 2020, 2021]	2	2
0SCbttzoZTnLFebDYmAWCm	Glee Cast	['glee club', 'post-teen pop']	[2017, 2018, 2019]	2	1
5v8jlSmAQfrkTjAlpUfWtu	Perry Como	['adult standards', 'easy listening']	[2017, 2018, 2019, 2020, 2021]	2	2
1Ml4OuStDoympbREURAM15	The Fontane Sisters	['deep adult standards', 'vocal harmony group']	[2017, 2018, 2019, 2020, 2021]	2	2
0HS96tPggl2nwiz3gNWWI5	Mitchell Ayres & His Orchestra	"[""man's orchestra""]"	[2017, 2018, 2019, 2020, 2021]	2	2
2DaxqgrOhkeH0fpeiQq2f4	Oasis	['beatlesque', 'britpop', 'madchester', 'permanent wave', 'rock']	[2017, 2018, 2019, 2020, 2021, 2022]	2	0
33JQK4UoS2aMPYBfdB5Ftt	Ryan Riback	['melbourne bounce']	[2017, 2018]	2	2
0uGk2czvcpWQA383Im6ajf	Maggie Lindemann	['alt z', 'dark pop', 'pop']	[2017, 2018]	2	2
0FTrIsp2Mg7Bkf8eXQrISa	PHresher	['nyc rap']	[2017]	2	2
0TnOYISbd1XYRBk9myaseg	Pitbull	['dance pop', 'miami hip hop', 'pop']	[2017, 2021]	2	2
0NWbwDZY1VkRqFafuQm6wk	Mike WiLL Made-It	['atl hip hop', 'rap', 'southern hip hop', 'trap']	[2017, 2020]	2	2
7r8RF1tN2A4CiGEplkp1oP	Ginuwine	['contemporary r&b', 'hip pop', 'r&b', 'urban contemporary']	[2017, 2018]	2	0
4xnihxcoXWK3UqryOSnbw5	Sasha Alex Sloan	['alt z']	[2017, 2020]	2	2
35S20clEkkSNUo23ViaslZ	Band Aid	['musical advocacy']	[2017, 2018, 2019, 2020, 2021]	2	0
1UTPBmNbXNTittyMJrNkvw	Blake Shelton	['classic oklahoma country', 'contemporary country', 'country', 'country road']	[2017, 2018, 2019, 2020, 2021]	2	2
7K78lVZ8XzkjfRSI7570FF	José Feliciano	['latin pop', 'puerto rican pop']	[2017, 2018, 2019, 2020, 2021]	2	0
6JW55AQgf9M9SZgzZou2NQ	Mataya	[]	[2017, 2018]	2	2
6lB8vOoI4DRrrVxXwuV19c	Mike Perry	['pop dance', 'swedish tropical house']	[2017]	2	2
3S0tlB4fE7ChxI2pWz8Xip	Giggs	['grime', 'london rap', 'uk hip hop']	[2017]	2	2
73Np75Wv2tju61Eo9Zw4IR	Idina Menzel	['hollywood', 'movie tunes', 'show tunes']	[2017, 2018, 2019, 2020, 2021]	2	2
5lpH0xAS4fVfLkACg9DAuM	Wham!	['new romantic', 'new wave', 'new wave pop', 'soft rock']	[2017, 2018, 2019, 2020, 2021]	2	0
3eqjTLE0HfPfh78zjh6TqT	Bruce Springsteen	['heartland rock', 'mellow gold', 'permanent wave', 'rock', 'singer-songwriter']	[2017, 2018, 2019, 2020, 2021]	2	0
6xHUXzrfhFgnIv86EBR3Ml	kai	[]	[2017, 2018, 2019, 2020]	2	2
74XFHRwlV6OrjEM0A2NCMF	Paramore	['candy pop', 'modern rock', 'pixie', 'pop', 'pop emo', 'pop punk', 'rock']	[2017]	2	0
6V03b3Y36lolYP2orXn8mV	98º	['boy band']	[2017, 2018]	2	0
5piMnm6faQpIVYaFfaZSKf	Teddy Cream	['melbourne bounce']	[2017, 2021, 2022]	2	2
7pFeBzX627ff0VnN6bxPR4	Desiigner	['pop rap', 'rap', 'southern hip hop', 'trap', 'viral trap']	[2017, 2018]	2	1
3qBKjEOanahMxlRojwCzhI	Zacari	[]	[2017, 2018]	2	2
4e0nWw2r4BoQSKPQ2zpU13	Ray Dalton	[]	[2017, 2018, 2019, 2020, 2021, 2022]	2	2
25tMQOrIU4LlUo6Sv8v5SE	Gavin James	['irish pop']	[2017, 2018]	2	2
4sj6D0zlMOl25nprDJBiU9	Andy Williams	['adult standards', 'easy listening']	[2017, 2018, 2019, 2020, 2021]	2	0
6Paz0vXJJ9bCPf0fEm3qzg	Dagny	['norwegian pop']	[2017, 2018]	2	2
4phGZZrJZRo4ElhRtViYdl	Jason Mraz	['acoustic pop', 'dance pop', 'neo mellow', 'pop']	[2017, 2018, 2019, 2020, 2021]	2	0
4x1nvY2FN8jxqAFA0DA02H	John Lennon	['beatlesque', 'classic rock', 'rock']	[2017, 2018, 2019, 2020, 2021]	2	2
2s4tjL6W3qrblOe0raIzwJ	Yoko Ono	['experimental', 'experimental pop']	[2017, 2018, 2019, 2020, 2021]	2	2
2jzc5TC5TVFLXQlBNiIUzE	a-ha	['new romantic', 'new wave', 'new wave pop', 'permanent wave', 'synthpop']	[2017, 2018, 2021]	2	0
7hssUdpvtY5oiARaUDgFZ3	Ina Wroldsen	['norwegian pop']	[2017, 2018]	2	2
1Fr6agZ6iSM5Ynn2k4C8sc	VÉRITÉ	['alt z', 'brooklyn indie', 'dark pop', 'electropop', 'indie poptimism', 'metropopolis', 'nyc pop', 'vapor pop']	[2017, 2020]	2	0
5bYfbDXaMVCxEt7hOAvEWc	Dave Dobbyn	['australian rock', 'classic nz pop', 'kiwi rock', 'nz singer-songwriter']	[2017, 2020, 2022]	2	1
6UcJxoeHWWWyT5HZP064om	Chet Faker	['art pop', 'indietronica']	[2017, 2020]	2	0
0jNDKefhfSbLR9sFvcPLHo	San Holo	['brostep', 'edm', 'electro house', 'electronic trap', 'future bass', 'pop dance']	[2017]	2	0
2ZRQcIgzPCVaT9XKhXZIzh	Gryffin	['edm', 'pop dance']	[2017, 2018]	2	2
4t52ndk0OkAxtb4vMDLPhe	Daryl Braithwaite	['australian pop', 'australian rock']	[2017, 2018, 2019, 2020, 2021, 2022]	2	0
6S0dmVVn4udvppDhZIWxCr	Sean Kingston	['dance pop', 'miami hip hop', 'pop']	[2017, 2020]	2	1
61lyPtntblHJvA7FMMhi7E	Duke Dumont	['edm', 'house', 'pop dance', 'progressive house', 'uk dance']	[2017, 2019, 2020]	2	1
6aZyMrc4doVtZyKNilOmwu	Colbie Caillat	['dance pop', 'neo mellow', 'pop']	[2017, 2021]	2	1
1T8S48bD91THNKBByWBDyn	Dwayne Johnson	['meme']	[2017, 2021]	2	1
41qil2VaGbD194gaEcmmyx	Will Smith	['hip hop', 'pop rap']	[2017, 2018, 2020]	2	1
2wIVse2owClT7go1WT98tk	Missy Elliott	['dance pop', 'hip hop', 'hip pop', 'neo soul', 'pop rap', 'r&b', 'rap', 'urban contemporary', 'virginia hip hop']	[2017, 2018]	2	1
3Isy6kedDrgPYoTS1dazA9	Sean Paul	['dance pop', 'dancehall', 'pop', 'pop rap']	[2017, 2018]	2	2
2WoVwexZuODvclzULjPQtm	Sampha	['alternative r&b', 'indie soul']	[2017]	2	1
6Ff53KvcvAj5U7Z1vojB5o	*NSYNC	['boy band', 'dance pop', 'pop']	[2017, 2018, 2019, 2020, 2021]	2	0
0LyOADBjj28cbvJWTXUEGA	Loren Allred	['deep talent show', 'hollywood', 'movie tunes']	[2017, 2018]	2	0
7LnaAXbDVIL75IVPnndf7w	Jamie Foxx	['contemporary r&b', 'hip pop', 'r&b', 'southern hip hop', 'trap', 'urban contemporary']	[2017, 2018, 2019, 2020, 2021, 2022]	2	2
2N2EFVDEbp2JB8ulEUVIxp	Violent Soho	['australian garage punk', 'australian indie', 'australian surf rock', 'brisbane indie']	[2017, 2020]	2	0
3WrFJ7ztbogyGnTHbHJFl2	The Beatles	['beatlesque', 'british invasion', 'classic rock', 'merseybeat', 'psychedelic rock', 'rock']	[2017, 2019, 2020, 2021]	2	0
6sFIWsNpZYqfjUpaCgueju	Carly Rae Jepsen	['canadian pop', 'dance pop', 'pop']	[2017, 2019, 2020, 2021, 2022]	2	0
1eEfMU2AhEo7XnKgL7c304	Carpenters	['adult standards', 'mellow gold', 'soft rock']	[2017, 2018, 2019, 2020]	2	0
5lKZWd6HiSCLfnDGrq9RAm	Leona Lewis	['british soul', 'dance pop', 'pop', 'talent show']	[2017, 2018, 2019, 2020, 2021]	2	0
54R6Y0I7jGUCveDTtI21nb	Boney M.	['europop']	[2017, 2018, 2019, 2020, 2021, 2022]	2	1
7pLntWGInZPQxc4kXxzzjB	Liz Gillies	[]	[2017, 2018, 2019, 2020, 2021]	2	2
4LcUpNlXFEleaLlelmkv2R	Kris Kross Amsterdam	['dutch house', 'dutch pop']	[2017, 2018, 2019]	2	2
37Qsf5KCKljH7mL134xp4k	Saudi	['south african hip hop']	[2018]	2	2
3XC57xz74X3xUi1hv4mge1	Winona Oak	['swedish pop']	[2018, 2019]	2	2
69Pm1OWlxk1tbYphlkcKHR	Laurell	['canadian pop']	[2018, 2019]	2	2
34Y0ldeyUv7jBvukWOGASO	Bobby Shmurda	['nyc rap', 'rap', 'trap']	[2018, 2021]	2	1
4QTVePrFu1xuGM9K0kNXkk	Dexys Midnight Runners	['new romantic', 'new wave', 'new wave pop']	[2018, 2019]	2	0
3pbi8H08p95NUZ7m6ybxUV	Static Major	[]	[2018]	2	2
4AA474G2hRfrHyGrfyDseO	Mozzy	['cali rap', 'sacramento hip hop']	[2018, 2021]	2	2
3kv1Edgn5HlEWCuEKr1Y9x	Yugen Blakrok	['south african hip hop', 'spiritual hip hop']	[2018]	2	2
3OsRAKCvk37zwYcnzRf5XF	Moby	['downtempo', 'electronica']	[2018]	2	2
3CDzOX9D1buMRHeTNFHXMm	GANGgajang	['australian rock']	[2018, 2019, 2020, 2021, 2022]	2	0
1i8SpTcr7yvPOmcqrbnVXY	Ozuna	['puerto rican pop', 'reggaeton', 'trap latino', 'urbano latino']	[2018, 2019]	2	2
6G1yTgvoYsuVb2Ja8cVVJ2	anders	['canadian contemporary r&b', 'canadian hip hop', 'toronto rap', 'trap soul']	[2018, 2019]	2	2
3vgQA38yGGMvn4DHjsVre5	The Screaming Jets	['australian rock']	[2018, 2019, 2020, 2021, 2022]	2	0
4HzKw8XcD0piJmDrrPRCYk	Majid Jordan	['canadian contemporary r&b']	[2018, 2019]	2	2
2cnMpRsOVqtPMfq7YiFE6K	Van Halen	['album rock', 'classic rock', 'hard rock', 'rock']	[2018, 2020]	2	0
2U3FuHYvL3vhkbDAXm24Ep	Dan Caplen	['neo soul', 'uk contemporary r&b']	[2018, 2019]	2	2
0tRFWXqKBBQcu5oFVOgVzX	Jaira Burns	['alt z']	[2018, 2020]	2	2
0g9vAlRPK9Gt3FKCekk4TW	Ab-Soul	['conscious hip hop', 'hip hop', 'rap']	[2018]	2	2
3GC3e3b4g7rHeLdLUsxJZV	Adrian Eagle	['australian hip hop']	[2018, 2019]	2	2
2cADQgiLMjNhbsfeN52Bf3	Swizz Beatz	['battle rap', 'dirty south rap', 'southern hip hop', 'trap']	[2018, 2020]	2	2
3CbYyyd8wH3RT6t0jwpdzC	Murda Beatz	['canadian hip hop', 'canadian trap']	[2018, 2019]	2	2
28ExwzUQsvgJooOI0X1mr3	Jay Rock	['conscious hip hop', 'hip hop', 'rap', 'southern hip hop', 'trap']	[2018, 2020]	2	2
4obzFoKoKRHIphyHzJ35G3	Becky G	['latin pop', 'latin viral pop', 'rap latina', 'reggaeton', 'urbano latino']	[2018, 2019]	2	2
6I3MElirhT5t6Kf7p0hGk9	Duckwrth	['alternative r&b']	[2018, 2019]	2	2
6xvpfMjWTougrRRtK7iikz	Mason Ramsey	['contemporary country', 'country']	[2018, 2019]	2	1
6PFydyUHMKD2jm5NXzRPiK	Mental As Anything	['australian rock']	[2018, 2019, 2020, 2021, 2022]	2	0
5eIbEEQnDM8yuDVB0bimSP	RL Grime	['brostep', 'edm', 'electro house', 'electronic trap']	[2018]	2	2
4TEJudQY2pXxVHPE3gD2EU	BlocBoy JB	['memphis hip hop', 'rap', 'tennessee hip hop', 'trap']	[2018, 2019]	2	2
4as3khXWaPjfkFdCA0JWMo	Jesse®	['modern alternative pop']	[2018]	2	2
3EWxytcxaM0tksU6v3je2Q	kiLL edward	[]	[2018]	2	2
1ououJVWgWsHWMYDLvT7sH	Ball Park Music	['australian indie', 'brisbane indie']	[2018, 2021]	2	0
6hN9F0iuULZYWXppob22Aj	Simple Minds	['album rock', 'dance rock', 'new romantic', 'new wave', 'new wave pop', 'rock', 'scottish new wave', 'soft rock']	[2018, 2019, 2020]	2	0
5NGO30tJxFlKixkPSgXcFE	The Police	['album rock', 'classic rock', 'permanent wave', 'rock']	[2018, 2021]	2	0
1CO6e7WRJvSFenmQO8n64C	Zhavia	['post-teen pop']	[2018, 2019]	2	2
3IUisqn0mluZR0LITs8Sqk	ICEHOUSE	['australian rock', 'new romantic', 'sophisti-pop', 'synthpop']	[2018, 2019, 2020, 2021, 2022]	2	0
7Io0XduXk7aOHFHA7sLru2	Bonn	['swedish pop']	[2018, 2019]	2	2
1eMmoIprPDWeFdB1FxU6ZV	Au/Ra	['alt z', 'deep pop edm']	[2018, 2020, 2021]	2	2
5bdwzvp6eirvqh0TwOwjgE	Running Touch	['aussietronica']	[2018, 2019]	2	2
3aQeKQSyrW4qWr35idm0cy	T-Pain	['dance pop', 'gangster rap', 'hip hop', 'pop rap', 'r&b', 'rap', 'southern hip hop', 'trap', 'urban contemporary']	[2018, 2019, 2020, 2021, 2022]	2	2
0NyzfcGDZZ6GM25EBG9BYK	Ray Parker Jr.	[]	[2018, 2020, 2021]	2	0
31h66YPpyZlmecPqCaeS4H	Carmouflage Rose	['australian hip hop', 'brisbane hip hop']	[2018]	2	0
5vBSrE1xujD2FXYRarbAXc	Years & Years	['gauze pop', 'pop', 'uk pop']	[2018, 2020]	2	0
6nB0iY1cjSY1KyhYyuIIKH	FKA twigs	['afrofuturism', 'alternative r&b', 'art pop', 'escape room', 'experimental r&b', 'trip hop']	[2018, 2020]	2	2
0PK0Dx3s9et0Uf4XbdFpiW	Sons Of Zion	['nz reggae']	[2018]	2	0
0ebNdVaOfp6N0oZ1guIxM8	SUGA	['k-pop']	[2020, 2021]	2	2
3oSJ7TBVCWMDMiYjXNiCKE	Kane Brown	['black americana', 'contemporary country', 'country', 'country road']	[2019, 2020]	2	2
0NhKCHTPG7Sz62S3zxV1Cf	Ecca Vandal	[]	[2019, 2020]	2	2
0huGjMyP507tBCARyzSkrv	Cordae	['hip hop', 'pop rap', 'rap', 'trap', 'underground hip hop']	[2019, 2020, 2021]	2	2
7i9j813KFoSBMldGqlh2Z1	Riton	['house', 'pop dance', 'uk dance']	[2019, 2020, 2021, 2022]	2	2
6LXRvV2OAtXF7685fzh3mj	Rowdy Rebel	['nyc rap']	[2020]	2	2
5Wg2b4Mp42gicxEeDNawf7	A7S	['pop dance', 'scandipop', 'uk dance']	[2020, 2021]	2	2
7MPGCB854Qo4alYMOPkBka	Ritt Momney	['bedroom pop']	[2020, 2021]	2	0
6USMTwO0MNDnKte5a5h0xx	Y2K	['pop rap', 'viral rap']	[2019, 2020]	2	2
0ceH34CATvfgphxnLRWFkm	9lokknine	['florida drill', 'florida rap']	[2019, 2020]	2	2
5UjifI1TYefXWn9GdqDOHl	Social House	[]	[2019, 2020]	2	2
5KYEMMz9O9iLIESifKAEOp	WhoHeem	['viral rap']	[2020]	2	0
56mfhUDKa1vec6rSLZV5Eg	Jawsh 685	['nz pop']	[2020, 2021]	2	2
3jk39CGeaaSO3FPKNx1RUx	Syd	['alternative r&b', 'lgbtq+ hip hop']	[2020]	2	2
3O5HD95HTEPgoPFOjAb7yV	DripReport	['viral rap']	[2020]	2	0
1WsYCXdezMjn0KoIrLvMmC	Ed Sheeran & Justin Bieber	[]	[2019, 2020, 2021]	2	2
7uaIm6Pw7xplS8Dy06V6pT	Trevor Daniel	['melodic rap']	[2019, 2020, 2021]	2	0
3l0CmX0FuQjFxr8SK7Vqag	Clairo	['bedroom pop', 'indie pop', 'pop', 'pov: indie']	[2020]	2	1
5SyGEPymt1G2uto47tVWvZ	MadeinTYO	['atl hip hop', 'melodic rap', 'trap']	[2019, 2020]	2	2
01Gj5Tpdz9igIh1uqH8bvu	Lisi	['aussie drill', 'brisbane hip hop']	[2020]	2	2
7lVylfM4gOIszKc9dr1EOc	Masi Rooc	['aussie drill']	[2020]	2	2
3yzRiNMZdTsSUgplcyYZ4i	Blanco Brown	['black americana', 'country rap']	[2019, 2020]	2	0
1WgXqy2Dd70QQOU7Ay074N	AURORA	['art pop', 'norwegian pop']	[2019, 2020, 2021]	2	1
7GaxyUddsPok8BuhxN6OUW	James Brown	['funk', 'soul']	[2020]	2	0
6DIS6PRrLS3wbnZsf7vYic	WALK THE MOON	['dance rock', 'modern rock', 'pop']	[2019, 2020, 2021, 2022]	2	0
3tJoFztHeIJkJWMrx0td2f	Moneybagg Yo	['memphis hip hop', 'rap', 'southern hip hop', 'tennessee hip hop', 'trap']	[2020, 2021]	2	2
6kZWqUZqptyxb8Ki5DyBAg	DTG	['afroswing']	[2020]	2	2
6sHCvZe1PHrOAuYlwTLNH4	Gus Dapperton	['bedroom pop', 'indie poptimism', 'pov: indie']	[2020, 2021]	2	2
10n5lhNDoSMUHWLlnST1yw	Slade	['glam rock']	[2019, 2020, 2021]	2	0
1VPmR4DJC1PlOtd0IADAO0	$uicideboy$	['cloud rap', 'dark trap', 'new orleans rap', 'underground hip hop']	[2020, 2021]	2	0
0NbfKEOTQCcwd6o7wSDOHI	The Game	['gangster rap', 'hip hop', 'pop rap', 'rap', 'southern hip hop', 'trap']	[2020, 2022]	2	2
20gsENnposVs2I4rQ5kvrf	Sam Feldt	['edm', 'pop dance', 'tropical house']	[2019, 2020, 2021]	2	2
3SYnDj7btg9gFY7ps8m5d5	RANI	['dutch pop']	[2019, 2020, 2021]	2	2
70kkdajctXSbqSMJbQO424	Kacey Musgraves	['classic texas country', 'contemporary country', 'country dawn']	[2019, 2020]	2	2
5yy76ufVriyvidNSvXlRU1	Clever	['alabama rap']	[2020, 2021]	2	2
6nVcHLIgY5pE2YCl8ubca1	Jhayco	['reggaeton', 'trap latino', 'urbano latino']	[2020]	2	2
5i84V8Zk7YqCN6xxb7SWgw	Samantha Jade	['australian pop', 'australian talent show']	[2019, 2020]	2	0
6L1XC7NrmgWRlwAeLJvVtA	Sam Fischer	['australian pop', 'singer-songwriter pop']	[2020, 2021]	2	1
08v1r0jqDyvSo2LtSqHxcy	Reo Cragun	['canadian hip hop', 'trap soul']	[2019, 2020]	2	2
2tPR06hLUvH5aIY3JXNIxY	dutchavelli	['uk hip hop']	[2020]	2	2
3DKkhRCGOG4e8IUPYFPfWs	Dixie	['social media pop']	[2020, 2021]	2	1
2o08sCWF5yyo2G4DCiT7T9	HVME	['slap house']	[2020, 2021, 2022]	2	1
0iFJbJ7jMv5QAmA6hWm6Ic	Day1	['aussie drill', 'brisbane hip hop']	[2020, 2021]	2	1
5Nf5yishRW9Ye174sJISkg	London On Da Track	['atl hip hop']	[2020]	2	2
4jpsw9CQS439N0B7SecMgf	Ant Saunders	['chill r&b', 'viral rap']	[2019, 2020]	2	0
4CA8PTrbq1l5IgyvBA2JSV	Paul Woolford	['house', 'uk dance', 'uk house']	[2020, 2021]	2	2
0Fb9qTWnjsB90xH3zWr4oa	Kareen Lomax	[]	[2020, 2021]	2	2
5KNNVgR6LBIABRIomyCwKJ	Dermot Kennedy	['folk-pop', 'irish pop', 'uk pop']	[2019, 2020, 2021]	2	1
2Go6wC0GsnkVeRoVwh8rqX	Olga Merediz	[]	[2022]	2	2
5L1lO4eRHmJ7a0Q6csE5cT	LISA	['k-pop']	[2021, 2022]	2	0
1QfpRUtH14JLoY6F6AYmwt	The Rare Occasions	['la indie']	[2021, 2022]	2	0
1Z25ZlGHqqlr3o1UGQOfNn	JNR CHOI	['gambian hip hop']	[2022]	2	1
4vdAAzZBUKbsrvHi6UR7B7	Jessica Darrow	['movie tunes']	[2021, 2022]	2	0
18MFcGBHtyW0mU3ufcm0X1	Diane Guerrero	['movie tunes']	[2021, 2022]	2	2
369T15zvlCiF4zAzdZNhQL	Arz	['chill drill', 'melodic drill']	[2021, 2022]	2	0
20wkVLutqVOYrc0kxFs7rA	Daniel Caesar	['canadian contemporary r&b']	[2019, 2021, 2022]	2	2
2yLzlEFtIS0Q9UkyBZdQA7	Jessie Murph	['alt z', 'singer-songwriter pop']	[2021, 2022]	2	0
048LktY5zMnakWq7PTtFrz	CKay	['afro r&b', 'afrobeats']	[2021, 2022]	2	1
79AyR6ATpj2LTPxfb6FX50	Lauren Spencer Smith	['alt z', 'gen z singer-songwriter']	[2022]	2	0
1gl0S9pS0Zw0qfa14rDD3D	Surf Curse	['dreamo', 'indie surf', 'pov: indie', 'surf punk', 'vegas indie']	[2021, 2022]	2	0
1WO1hFAkFbeo9tV3uVX7Dy	A1 x J1	['chill drill', 'melodic drill']	[2021, 2022]	2	1
21UPYSRWFKwtqvSAnFnSvS	Amaarae	['afro r&b', 'afrobeats', 'alternative r&b', 'ghanaian alternative', 'ghanaian pop']	[2021, 2022]	2	2
2hVWBpjLW4Q7fboYz2pVYK	Moliy	['ghanaian alternative']	[2021, 2022]	2	2
00Ja3YjvU4DYCHWt6cPs42	Jolyon Petch	['australian house', 'deep tropical house']	[2021, 2022]	2	1
027TpXKGwdXP7iwbjUSpV8	The Walters	['chicago indie', 'pov: indie']	[2021, 2022]	2	0
57nPqD7z62gDdq37US9XJR	Arcane	[]	[2021, 2022]	2	2
5SHxzwjek1Pipl1Yk11UHv	Tom Grennan	['uk pop']	[2021, 2022]	2	1
1W4itxt3vwhmrgLEBuVHJ6	Vundabar	['boston indie', 'indie garage rock', 'pov: indie']	[2021, 2022]	2	0
0gAILSEru1PKMwP0tAqNLS	Willow Sage Hart	['show tunes']	[2021, 2022]	2	2
7okSU80WTrn4LXlyXYbX3P	Clinton Kane	['alt z', 'gen z singer-songwriter']	[2021, 2022]	2	0
2TcGJdSOiOvITBzhvfX8XB	Shouse	['aussietronica']	[2021, 2022]	2	1
72kqSqk124Vnl1wtT6q9Fh	Adassa	['movie tunes']	[2021, 2022]	2	2
2IDLDx25HU1nQMKde4n61a	Rich Brian	['indonesian hip hop']	[2021, 2022]	2	2
33NVpKoXjItPwUJTMZIOiY	David Kushner	['gen z singer-songwriter']	[2022]	2	0
5ixB75BQR3ADoWQkcHQJTs	Gene Autry	['classic oklahoma country', 'cowboy western', 'traditional country', 'western swing', 'yodeling']	[2021]	2	0
0E9Cff6GTVY5SoIYxvy5Zg	FelixThe1st	[]	[2021]	2	2
03AVZyE7WnmLY4rTL1s0RP	Dréya Mac	[]	[2021]	2	2
5lup4fypQIoHxiE67ue1yi	Finch Fetti	[]	[2021]	2	2
1gPhS1zisyXr5dHTYZyiMe	Kevin Gates	['baton rouge rap', 'rap', 'trap']	[2021]	2	0
6DdbeAeBlrYj8bNToZv4TY	JESSIA	['alt z']	[2021]	2	0
1xr2G8Hlx4QWmT9HaUbmoO	Young Stoner Life	['pop rap']	[2021]	2	2
687cZJR45JO7jhk1LHIbgq	Tems	['afro r&b', 'afrobeats', 'alte', 'nigerian pop']	[2021]	2	2
3r1XkJ7vCs8kHBSzGvPLdP	slowthai	['uk alternative hip hop', 'uk hip hop']	[2019, 2021]	2	2
35R1B97CfrqKFFI3QBkTDx	RealestK	[]	[2021]	2	0
78rUTD7y6Cy67W1RVzYs7t	PinkPantheress	['bedroom pop']	[2021]	2	0
4bYPcJP5jwMhSivRcqie2n	Adam Levine	['deep talent show']	[2021]	2	2
63ebc5zUpJ36aoTDQJHa9B	E1 (3x3)	[]	[2021]	2	2
2uIRmVaCVpHQjaVgph5clS	ZT (3x3)	[]	[2021]	2	2
4QSTyDpxsKmv3UfavVUImR	Darkoo	['afrobeats', 'afroswing', 'london rap', 'uk hip hop']	[2021]	2	2
3eVa5w3URK5duf6eyVDbu9	ROSÉ	['k-pop']	[2021]	2	0
22bE4uQ6baNwSHPVcDxLCe	The Rolling Stones	['album rock', 'british invasion', 'classic rock', 'rock']	[2021]	2	0
5mM1pN7Q1oid52X9eL5nmx	Rancid Eddie	['australian surf rock']	[2021]	2	0
6LArUyIoMiHmDvvOAsE2cd	Dream	['pixel', 'pov: indie']	[2021]	2	1
1z7b1Pr1rSlvWRzsW3HOrS	Russ	['hawaiian hip hop']	[2019, 2021]	2	1
0FOWNUFHPnMy0vOw1siGqi	Belly	['canadian hip hop', 'canadian trap']	[2021]	2	2
0OO76E5lRfeyBI3fkA73Dr	siouxxie sixxsta	['glitchcore', 'hyperpop', 'sped up']	[2021]	2	0
4b19vuzlDcNdU4quI7L6sW	ElyOtto	['hyperpop', 'weirdcore']	[2021]	2	0
0ksX396B3t2Gt8kwr0BJZk	Fumez The Engineer	['melodic drill', 'uk drill', 'uk hip hop', 'uk melodic rap']	[2021]	2	2
329e4yvIujISKGKz1BZZbO	Farruko	['reggaeton', 'trap latino', 'urbano latino']	[2019, 2021]	2	1
4IJczjB0fJ04gs4uvP0Fli	Gym Class Heroes	['dance pop', 'pop rap']	[2021]	2	1
45gHcnDnMC15sgx3VL7ROG	42 Dugg	['detroit trap', 'trap']	[2021]	2	2
56OjNTX2bkrdGcB0staUOV	A-Wall	['bedroom pop']	[2021]	2	0
5QdEbQJ3ylBnc3gsIASAT5	G Herbo	['chicago drill', 'chicago rap', 'drill', 'rap', 'trap']	[2021]	2	2
7MbSdIkdgkwmVxObpCg87e	Eves Karydas	['australian pop', 'brisbane indie']	[2019, 2021]	2	0
686zrKch7tQIpoOpdSIpTo	Triple One	['australian hip hop', 'australian trap', 'australian underground hip hop', 'dark trap']	[2019]	2	1
3koiLjNrgRTNbOwViDipeA	Marvin Gaye	['classic soul', 'motown', 'neo soul', 'northern soul', 'quiet storm', 'soul']	[2019]	2	2
75jNCko3SnEMI5gwGqrbb8	Tammi Terrell	['classic soul', 'motown', 'soul', 'southern soul']	[2019]	2	2
5MbNzCW3qokGyoo9giHA3V	EARTHGANG	['atl hip hop', 'hip hop', 'psychedelic hip hop', 'rap', 'underground hip hop']	[2019]	2	2
2a0uxJgbvvIRI4GX8pYfcr	J Hus	['afroswing', 'grime', 'uk hip hop']	[2019]	2	2
2c2X6dr1PHctH24BxNOjHi	Eprom	['downtempo bass', 'experimental bass', 'glitch hop', 'wonky']	[2019]	2	2
2NlKrNMdpYxGjt3Pvw87rC	Europa	['uk dance']	[2019]	2	2
3bnpcWBcvlfq4hPFJjNPbz	SAFE	['canadian hip hop']	[2019]	2	2
5a2w2tgpLwv26BYJf2qYwu	SOPHIE	['art pop', 'bubblegum bass', 'deconstructed club', 'escape room', 'hyperpop', 'proto-hyperpop', 'transpop']	[2019]	2	2
6q3p11nP1p80Ey6LrOOSed	Hit-Boy	['drumless hip hop']	[2019]	2	2
6mpxgK8EZh8VDoe6trGF0f	NAATIONS	['la pop']	[2019]	2	2
028lPW2NdWHdSPCkRkcyhd	Ant Clemons	[]	[2019]	2	2
5bWUlnPx9OYKsLiUJrhCA1	Jon Z	['reggaeton', 'trap latino', 'urbano latino']	[2019]	2	2
0HkcYmcjrBR3SCw9Ld5VZk	Calboy	['chicago rap', 'melodic rap']	[2019]	2	0
6SsTlCsuCYleNza6xGwynu	Agnes	['swedish electropop', 'swedish idol pop', 'swedish pop']	[2019]	2	2
2fVW2ix4ANKiofDZIsy1XR	Vargas & Lagola	['swedish pop']	[2019]	2	2
22JdJVovP3pV9XkGTih01c	Game of Thrones	[]	[2019]	2	2
3hPPNy5OBzCU1icQO7Nrok	99 Percent	[]	[2017]	1	1
0GByy3DcfbQwDvXGCWmzv9	Pretenders	['album rock', 'classic rock', 'mellow gold', 'new romantic', 'new wave', 'new wave pop', 'permanent wave', 'rock', 'soft rock']	[2017, 2018, 2019, 2020, 2021]	1	0
0cTSCsVx04SSht9V6cpKN0	Mavis Staples	['black americana', 'soul', 'southern soul', 'spirituals']	[2017]	1	1
6KZDXtSj0SzGOV705nNeh3	Kid Ink	['pop rap', 'rap', 'southern hip hop', 'trap']	[2017]	1	1
1HxJeLhIuegM3KgvPn8sTa	Jack Ü	['edm', 'electro house', 'pop dance']	[2017]	1	1
7wjeXCtRND2ZdKfMJFu6JC	Louane	['french pop']	[2017]	1	1
4eQJIXFEujzhTVVS1gIfu5	Deee-Lite	['hip house']	[2017]	1	0
5mnS9jJdKQQcRSqFu5YPVe	Auli'i Cravalho	['movie tunes']	[2017]	1	0
4Z8W4fKeB5YxbusRsdQVPb	Radiohead	['alternative rock', 'art rock', 'melancholia', 'oxford indie', 'permanent wave', 'rock']	[2017]	1	0
00TKPo9MxwZ0j4ooveIxWZ	Loote	['alt z', 'nyc pop']	[2017]	1	1
78DWNk8gFHU30TGITAgbM7	CMC$	['pop edm', 'vapor twitch']	[2017]	1	1
71WExccCBN2mw0klSzfYzz	Gia Koka	[]	[2017]	1	1
6kACVPfCOnqzgfEF5ryl0x	Johnny Cash	['arkansas country', 'outlaw country', 'rock']	[2017, 2018, 2019, 2020, 2021]	1	0
5338fdSzGNOFD4cxAxDTeq	Aaron Carter	['post-teen pop']	[2017]	1	0
2mxe0TnaNL039ysAj51xPQ	R. Kelly	[]	[2017, 2018]	1	0
3IYUhFvPQItj6xySrBmZkd	Creedence Clearwater Revival	['classic rock', 'country rock', 'rock', 'southern rock', 'swamp rock']	[2017, 2018]	1	0
72luDUYRlE8N8lPSgyhiwo	John Gibbons	['uk dance']	[2017]	1	0
2GlLtFW2NFh16BFIxMvIYC	Jenna McDougall	[]	[2017]	1	1
4kI8Ie27vjvonwaB2ePh8T	Portugal. The Man	['indie rock', 'indietronica', 'modern alternative rock', 'modern rock']	[2017, 2018, 2019, 2020]	1	0
4gvkdged3Xw3ImXFm3jiay	Juliander	['swedish pop']	[2017, 2018]	1	1
4W48hZAnAHVOC2c8WH8pcq	The Temper Trap	['indietronica', 'modern rock']	[2017, 2018]	1	0
7jefIIksOi1EazgRTfW2Pk	Electric Light Orchestra	['album rock', 'art rock', 'beatlesque', 'classic rock', 'glam rock', 'mellow gold', 'rock', 'soft rock', 'symphonic rock']	[2017]	1	0
3wjsrpfO6odEphTZWx45RQ	Hearts & Colors	[]	[2017]	1	1
5M2y5A6d5QZjw9JeKClagC	Andrelli	['swedish pop']	[2017]	1	1
5Tz4zMiRWqiQVAymWZz99a	Zebra Katz	['escape room', 'lgbtq+ hip hop', 'vogue']	[2017]	1	1
0CkbPVBpOwwz9NPPglFKyq	RAY BLK	['alternative r&b', 'electra', 'uk contemporary r&b']	[2017]	1	1
4TrraAsitQKl821DQY42cZ	Sigrid	['norwegian pop']	[2017]	1	0
4XqfpACObRB5AsBcUYjL8X	MC Eiht	['g funk', 'west coast rap']	[2017]	1	1
1QDrz3DMMaz3TB1cm0PGDu	Justin Jesso	['singer-songwriter pop']	[2017, 2018]	1	1
0NIIxcxNHmOoyBx03SfTCD	Tinashe	['alternative r&b', 'dance pop', 'metropopolis', 'pop', 'r&b', 'urban contemporary']	[2017]	1	1
0FdM0AAFMH0vm7GyLGgYpn	Dave Glass Animals	[]	[2017]	1	1
5Z2NUZiY3FA00HKu5WTMhA	Mary Lambert	['neo mellow']	[2017]	1	1
5psTfOBPmc8UquYcnS22KE	Pink	[]	[2017]	1	1
1qskAseW7apRxJBpYAO9Yk	Felix Snow	[]	[2017]	1	1
0IF46mUS8NXjgHabxk2MCM	Kelis	['dance pop', 'hip pop', 'neo soul', 'urban contemporary']	[2017]	1	0
4mYFgEjpQT4IKOrjOUKyXu	Wheatus	[]	[2017, 2018]	1	0
240wlM8vDrf6S4zCyzGj2W	CamelPhat	['deep tech house', 'house', 'progressive house']	[2017, 2018]	1	1
2vf4pRsEY6LpL5tKmqWb64	Elderbrook	[]	[2017, 2018]	1	1
4l1cKWYW591xnwEGxpUg3J	Miike Snow	['alternative dance', 'electropop', 'indietronica', 'neo-synthpop', 'swedish electropop', 'swedish indie pop', 'swedish synthpop']	[2017]	1	0
29QbBR0oTzA7A0kiOzrbbr	Jamie Scott	['uk pop']	[2017, 2018]	1	1
5gWzmnHTLNXz5CjOc0wAuK	Romy Dya	['dutch pop']	[2017, 2018]	1	1
2wzMOQwNT6ZvVB4amvhFAH	The Pogues	['celtic punk', 'celtic rock', 'folk punk', 'punk']	[2017, 2018, 2019, 2020, 2021]	1	1
6UlNIFEuWlBqb4TvlVCekq	Kirsty MacColl	['new wave pop']	[2017, 2018, 2019, 2020, 2021]	1	1
1XLjkBxFokuDTlHt0mQkRe	Thomas Gold	['big room', 'dutch house', 'edm', 'electro house', 'german techno', 'pop dance', 'progressive electro house', 'progressive house']	[2017]	1	1
6ctgu4FFlnNhMgrKiIzCxp	Jillian Edwards	['acoustic pop', 'indiecoustica']	[2017]	1	1
3L2SIGZah4QZSvN4wC8rHl	City Spud	[]	[2017]	1	1
56xTxG4nQMAs1GW9kvn0uA	Wanz	[]	[2017]	1	1
1bT7m67vi78r2oqvxrP3X5	Naughty Boy	['uk contemporary r&b']	[2017]	1	1
7keGfmQR4X5w0two1xKZ7d	Kungs	['edm', 'pop dance']	[2017]	1	1
726MxZBpkxnnoKl6aN7mmj	Cookin' On 3 Burners	['bboy', 'instrumental funk']	[2017]	1	1
0v2oB2xMS64U3lcU5DFuCY	Peven Everett	['broken beat', 'chicago house', 'deep house']	[2017]	1	1
69UfPJgUmFFAVT740qGVZi	Ken Darby Singers	[]	[2017, 2018, 2019, 2020, 2021]	1	1
735L650pvygCZZlPMyHqsN	John Scott Trotter & His Orchestra	['light music']	[2017, 2018, 2019, 2020, 2021]	1	1
1g1yxsNVPhMUl9GrMjEb2o	Plain White T's	['modern rock', 'neo mellow', 'neon pop punk', 'pop punk', 'pop rock']	[2017]	1	0
6mPZJXtFVaakznkRxdgWtC	Throttle	[]	[2017, 2018]	1	1
5lXfVoQxVgC5fpjkVqvNYn	Isaiah Firebrace	['australian pop']	[2017, 2018]	1	0
0NGAZxHanS9e0iNHpR8f2W	Alok	['electro house', 'pop nacional', 'sertanejo universitario', 'slap house']	[2017]	1	1
5veVxxPm1vzgi6pO2iVA8L	Bruno Martini	['pop nacional']	[2017]	1	1
7qPLO2XOUaRrRxkvLZ3AEK	Zeeba	[]	[2017]	1	1
15NtJjjHRFybdNSMyM9smT	Nevada	[]	[2017]	1	1
7oPgCQqMMXEXrNau5vxYZP	Tracy Chapman	"['folk', 'lilith', 'singer-songwriter', ""women's music""]"	[2017, 2018, 2021, 2022]	1	0
4dRRQxDsUXpBkGqjS7vNcO	Savoi	[]	[2017]	1	1
2muzbxAWr7sgh1R2pWXsg3	No Way Back	['deep groove house']	[2017]	1	1
4VZY0nxYMSNotbS7WjNVQy	Nyla	[]	[2017]	1	1
374sWpAJsbZckf98df2jJJ	Fuse ODG	['afrobeats', 'azonto']	[2017]	1	1
2xaAOVImG2O6lURwqperlD	Catfish and the Bottlemen	['modern alternative rock', 'modern rock', 'stomp pop', 'welsh rock']	[2017]	1	0
1QxaPWG1POM8Ul6WwsHq4y	John Farnham	['australian pop', 'australian rock']	[2017, 2018, 2019, 2020, 2021, 2022]	1	0
3MAzDpqE01xyUmzNsc0Ee0	Lee Fields	['funk', 'southern soul']	[2017]	1	1
3AuMNF8rQAKOzjYppFNAoB	Kelly Rowland	['atl hip hop', 'dance pop', 'hip pop', 'r&b', 'urban contemporary']	[2017]	1	1
28yVvEvA2lT3K5RNIhV1Dj	BAYNK	['vapor soul']	[2017]	1	1
1GLtl8uqKmnyCWxHmw9tL4	The Kooks	['brighton indie', 'garage rock', 'modern rock', 'rock']	[2017]	1	0
3CQIn7N5CuRDP8wEI7FiDA	Run–D.M.C.	['east coast hip hop', 'golden age hip hop', 'hip hop', 'old school hip hop', 'queens hip hop', 'rap']	[2017, 2018, 2019, 2020, 2021]	1	0
2rblp9fJo16ZPTcKDtlmKW	MC Hammer	['hip hop', 'hip house']	[2017]	1	0
4LFgxG38Y0l4Fo1gdQelay	The Dap-Kings Horns	[]	[2017]	1	1
1wiBLzTI7z9RUwEpNPdFT6	Mase	['contemporary r&b', 'gangster rap', 'hardcore hip hop', 'harlem hip hop', 'hip hop', 'hip pop', 'r&b', 'southern hip hop', 'urban contemporary']	[2017, 2018]	1	1
5R3Hr2cnCCjt220Jmt2xLf	Dillon Francis	['brostep', 'edm', 'electro house', 'moombahton', 'pop dance', 'progressive electro house', 'slap house']	[2017]	1	1
39AZSw4A8hCFWunEg2k89Z	Will Heard	['uk contemporary r&b']	[2017]	1	1
6wPhSqRtPu1UhRCDX5yaDJ	The Pussycat Dolls	['dance pop', 'girl group', 'pop']	[2017]	1	1
2u6qHMpQaE48aowjWKJeCM	Choirboys	['australian rock']	[2017, 2018, 2019, 2020, 2021, 2022]	1	0
43PSAAcaNnIKsfvob4OkPO	Peta And The Wolves	['vapor pop']	[2017]	1	1
4d7b5lx2ofkLcmzDIfvAI5	Judah Kelly	['australian pop', 'australian talent show']	[2017]	1	0
44NX2ffIYHr6D4n7RaZF7A	Van Morrison	['classic rock', 'folk', 'folk rock', 'heartland rock', 'mellow gold', 'rock', 'singer-songwriter', 'soft rock']	[2017, 2018, 2019, 2020, 2021, 2022]	1	0
1U5zgr455OGyIkLNXvDdrf	Traditional	['christmas instrumental', 'gregorian chant', 'puirt-a-beul', 'sleep']	[2017, 2018, 2019, 2020, 2021]	1	1
28j8lBWDdDSHSSt5oPlsX2	ZHU	['edm', 'electro house']	[2017]	1	1
0pghUohLPptZWBasy2wmUx	THEY.	['trap soul']	[2017]	1	1
7f35VZGDpomj11PXdNn5D9	Max B	[]	[2017]	1	1
0dlOr0VIysztGWvU1dpjmP	Natalie Imbruglia	['dance pop', 'europop', 'lilith', 'new wave pop', 'pop rock']	[2017, 2018]	1	0
3CGuwWgoCYSO5Z72H5G2Ec	Kita Alexander	['aussietronica', 'australian indie', 'australian pop']	[2017, 2018]	1	0
2cQr2KbzdRtIFlfbHGnNsL	Ziv Zaifman	['show tunes']	[2017, 2018]	1	1
6lBN3Tzt61u8i9AJoAhKzF	Mykola Dmytrovych Leontovych	['post-romantic era', 'ukrainian classical']	[2017, 2019, 2020, 2021]	1	1
6u17YlWtW4oqFF5Hn9UU79	Harry Connick, Jr.	['adult standards', 'contemporary vocal jazz', 'lounge', 'vocal jazz']	[2017, 2018, 2019, 2020, 2021]	1	0
1U0sIzpRtDkvu1hXXzxh60	Kelela	['afrofuturism', 'alternative r&b', 'escape room', 'experimental r&b']	[2017]	1	1
7ASucWaI33cepJbo74Hlo0	E^ST	['australian indie', 'australian pop']	[2017, 2018]	1	0
6DpWtzfwV8fcwP6fXckDVu	Starrah	['hyperpop francais']	[2017]	1	1
5ITI6SEoUZMIXXkzCfr4oE	Aluna	['dance pop']	[2017, 2018]	1	1
5nCi3BB41mBaMH9gfr6Su0	fun.	['baroque pop', 'metropopolis']	[2017]	1	0
2QsynagSdAqZj3U9HgDzjD	Bob Marley & The Wailers	['reggae', 'roots reggae']	[2017]	1	1
2QlwnS23KrBeshXFyK5U6M	LVNDSCAPE	['deep tropical house', 'pop dance', 'pop edm']	[2017]	1	1
65NscqgsoMPqBtoLbkP3jD	Bolier	['deep tropical house']	[2017]	1	1
6TcnmlCSxihzWOQJ8k0rNS	Third Eye Blind	['alternative metal', 'alternative rock', 'pop rock', 'post-grunge']	[2017, 2018]	1	0
1A96iePIMNFBjLrjXEl718	Emma Louise	['australian indie', 'brisbane indie']	[2017]	1	1
2qk9voo8llSGYcZ6xrBzKx	Kings of Leon	['modern rock', 'rock']	[2017, 2018, 2020, 2021, 2022]	1	0
4Wjf8diP59VmPG7fi4y724	Cedric Gervais	['dutch house', 'edm', 'electro house', 'pop dance', 'progressive electro house', 'progressive house']	[2017]	1	1
2qSEpijpT3YSXgxcXac1ly	Chris Willis	[]	[2017]	1	1
4j5KBTO4tk7up54ZirNGvK	NERVO	['australian dance', 'dutch house', 'edm', 'electra', 'electro house', 'house', 'pop dance', 'progressive electro house', 'progressive house']	[2017]	1	0
7wqtxqI3eo7Gn1P7SpP6cQ	Salt-N-Pepa	['girl group', 'golden age hip hop', 'hip hop', 'hip pop', 'old school hip hop', 'queens hip hop']	[2017]	1	0
2rv8IrcIQiFKkdvQAgUTZj	Set Mo	['aussietronica']	[2017]	1	1
0lgc1ljuLwkY1VRtDkFSLK	Woodes	['australian pop']	[2017]	1	1
13saZpZnCDWOI9D4IJhp1f	Lily Allen	['dance pop', 'electropop']	[2017]	1	1
27mFvqQj8KpjmdKIqcw1mG	Ayo & Teo	['trap', 'viral trap']	[2017]	1	0
7kdIgG6b9e3DZVmroWzu9w	Madelyn Grant	[]	[2017]	1	1
5xO9868Xc1mjAzmaN1efoK	Paces	['australian dance']	[2017]	1	1
6UAsg7BxuQBh72q5RWkXem	NYNE	['australian alternative pop']	[2017]	1	1
6jsjhAEteAlY0vCiLvMLBA	ROZES	['alt z', 'indie poptimism']	[2017]	1	1
1wdU1J2NHzcDYarT7jEU2A	Dastic	['big room', 'pop edm']	[2017]	1	1
3P33qFNGBVXl86yQYWspFj	Martina McBride	['contemporary country', 'country', 'country dawn', 'country road']	[2017]	1	1
27w1NoOLMX7tJMYqcetPyG	VIC MENSA	['canadian hip hop', 'chicago rap', 'conscious hip hop', 'rap', 'underground hip hop']	[2017]	1	1
0VbIlorLz3I5SEtIsc5vAr	Queen Pen	['contemporary r&b', 'hip pop', 'lgbtq+ hip hop']	[2017, 2018, 2019]	1	1
5a2EaR3hamoenG9rDuVn8j	Prince	['funk', 'funk rock', 'minneapolis sound', 'rock', 'synth funk']	[2017]	1	0
3Z02hBLubJxuFJfhacLSDc	Bryan Adams	['canadian pop', 'canadian singer-songwriter', 'classic canadian rock', 'heartland rock', 'mellow gold', 'soft rock']	[2017, 2018, 2019, 2020, 2021, 2022]	1	0
0Je74SitssvJg1w4Ra2EK7	4 Non Blondes	['new wave pop', 'pop rock']	[2017]	1	0
5ypxebeHEIXjMtJb17uJlI	Jet	['garage rock', 'modern rock', 'pop rock']	[2017, 2018, 2019, 2020, 2021, 2022]	1	0
6mctsJBrfcWvWH7S8h716D	Moelogo	['afrobeats', 'nigerian pop']	[2017, 2018]	1	1
23wEWD21D4TPYiJugoXmYb	Thalia	['latin pop', 'mexican pop']	[2017, 2018, 2019, 2020, 2021]	1	1
0DxeaLnv6SyYk2DOqkLO8c	MAGIC!	['pop', 'reggae fusion']	[2017]	1	1
1udruffum7CorOphFUMB9A	Kato	['danish electronic', 'danish pop']	[2017]	1	1
6GMYJwaziB4ekv1Y6wCDWS	Soulja Boy	['atl hip hop', 'chicago bop', 'dance pop', 'pop rap', 'rap', 'southern hip hop', 'trap']	[2017]	1	0
1X6dfPmF8f5C5EW3WIGfvm	SJUR	['scandipop']	[2017]	1	1
4GrH6djlMelZDucxke8WAk	Chris Crone	[]	[2017]	1	1
60df5JBRRPcnSpsIMxxwQm	Otis Redding	['classic soul', 'memphis soul', 'soul', 'soul blues', 'southern soul', 'vocal jazz']	[2017, 2018, 2019, 2020, 2021]	1	0
3iri9nBFs9e4wN7PLIetAw	gnash	['alt z', 'pop']	[2017, 2018, 2019]	1	1
1QRj3hoop9Mv5VvHQkwPEp	Olivia O'Brien	['alt z', 'pop']	[2017, 2018, 2019]	1	1
33W1pnW9zScZtYTnAoWnOT	Mr. Probz	[]	[2017]	1	0
5X1JzPIIonP3u9lA580pPT	Francesco Yates	['canadian pop']	[2017]	1	1
7yO4IdJjCEPz7YgZMe25iS	A$AP Mob	['hip hop', 'rap', 'southern hip hop', 'trap']	[2017]	1	1
3nQ59hkeciYoR6RreQL4Rv	Darren Criss	['wrock']	[2017]	1	1
4PVn1b2WnnXdq80C7uaZLZ	Nause	[]	[2017]	1	1
4bvWFV51SAEocM22uiDOza	Pretty Sister	['la pop']	[2017]	1	1
5QatamYwvUTOmMHW6WA0AG	Terror Jr	['alt z', 'electropop', 'indie poptimism', 'metropopolis']	[2017]	1	0
4mLYW48jy9Pwv6KpT74Evf	Big Scary	['australian indie', 'indietronica']	[2017]	1	0
3JXpwnHbLvXxY99EuXqFPX	Poo Bear	['pop r&b']	[2017, 2018]	1	1
1D9XQXqh4YQfJwX7hyLWwr	Sleepy Tom	['canadian electronic', 'pop edm']	[2017]	1	1
0PFtn5NtBbbUNbU9EAmIWF	TOTO	['album rock', 'classic rock', 'hard rock', 'mellow gold', 'rock', 'soft rock', 'yacht rock']	[2017, 2018, 2019, 2020, 2021, 2022]	1	0
20s0P9QLxGqKuCsGwFsp7w	Mario	['dance pop', 'r&b', 'southern hip hop', 'urban contemporary']	[2017, 2018]	1	0
2xUsnfrcs3h2FzdRQvGmGM	Japanese Wallpaper	['indie dream pop']	[2017]	1	1
7xEFii6utZmQ61kX59HmLH	FRENSHIP	['electropop', 'indie poptimism', 'la pop']	[2017]	1	1
7oPftvlwr6VrsViSDV7fJY	Green Day	['modern rock', 'permanent wave', 'punk', 'rock']	[2017, 2018]	1	0
49O0SPoCoTiK2Nn2tOaHyU	Knox Fortune	['chicago indie']	[2017]	1	1
1xHQO9GJIW9OXHxGBISYc5	Marian Hill	['electropop']	[2017]	1	0
6wMr4zKPrrR0UVz08WtUWc	Black Coffee	['south african house', 'south african pop', 'south african pop dance']	[2017]	1	1
5YjEVrNMrIRw2xGbjTN6Ti	Mylo	['disco house', 'filter house']	[2017]	1	0
22tB2wbnB3pexB04xtncrG	Mimoza	[]	[2017, 2018]	1	1
6q1zkUxHvfSlWEtl4lV3zR	Tom Jay Williams	[]	[2017]	1	0
4B1CeNsCcLfOvRBJ34UUSX	M-Phazes	['australian underground hip hop']	[2017]	1	1
3zrUX1hQrUB9aXcOiyQLmN	Stanaj	[]	[2017]	1	1
3NRFinRTEqUCfaTTZmk8ek	Savage Garden	['boy band', 'dance pop', 'pop rock']	[2017]	1	0
3rIZMv9rysU7JkLzEaC5Jp	Snow Patrol	['irish rock', 'modern rock', 'neo mellow', 'permanent wave', 'pop rock']	[2017, 2018, 2019, 2020, 2021, 2022]	1	0
3fmMaLC5jjf2N4EC2kTx0u	Hermitude	['australian dance', 'australian indie', 'downtempo', 'escape room']	[2017]	1	1
0MH2SnPBynNlz9HRqC84ZK	Young Tapz	[]	[2017]	1	1
5TjlxSJvfrD5I2PWaEh4jZ	Client Liaison	['australian indie']	[2017]	1	0
6ioOEWNNGK40H8xrGj6XPW	XYLØ	['alt z', 'indie poptimism', 'la pop']	[2017]	1	1
7blkMNJv8n9ceP9zlA4W2U	Shawn Hook	['canadian pop']	[2017]	1	1
6G9bygHlCyPgNGxK2l3YdE	Vanessa Hudgens	['dance pop', 'pop', 'post-teen pop']	[2017]	1	1
3GtCKJA4SkOxN65MWjm82R	Hot Shade	[]	[2017]	1	1
2WX2uTcsvV5OnS0inACecP	Birdy	['neo mellow', 'uk pop']	[2017]	1	0
0uq5PttqEjj3IH1bzwcrXF	Spice Girls	['dance pop', 'girl group', 'pop']	[2017, 2018, 2021]	1	0
66TrUkUZ3RM29dqeDQRgyA	Ella Eyre	['dance pop', 'talent show', 'uk dance', 'uk pop']	[2017, 2018]	1	1
0pt7PX4Hftlg8mV1ySU84Q	CVBZ	['dark r&b']	[2017, 2018]	1	1
4899wIU2stpjOmoq2mgyeW	MUTO	['aussietronica']	[2017]	1	1
1isPOa73berLiXSErHiWt0	Emerson Leif	['australian alternative pop']	[2017]	1	1
2aM5jpQ0WTcQDeHsil8Ihz	Michael Gray	['disco house', 'vocal house']	[2017]	1	0
2NYOggWBPKbqdEYs7jUr1n	PON CHO	['australian dance']	[2017]	1	1
7FhrJLDe6bQ0Hqt9Wf7zXh	Paige IV	[]	[2017]	1	1
36jaGQtMj5UWD0eO1fCVdD	Joel Adams	['australian pop', 'pop soul', 'teen pop']	[2017]	1	0
7eCmccnRwPmRnWPw61x6jM	shy martin	['alt z', 'swedish electropop']	[2017]	1	1
3jVMgT4X7YeuYE4aludcmE	Phil Spector	['brill building pop']	[2017]	1	0
134GdR5tUtxJrf8cpsfpyY	Elliphant	['electropop', 'swedish indie pop']	[2017]	1	1
73jBynjsVtofjRpdpRAJGk	Dimitri Vegas & Like Mike	['belgian dance', 'belgian edm', 'big room', 'dutch house', 'edm', 'electro house', 'pop dance', 'progressive electro house']	[2017]	1	1
2HkAI0YrEcgoR8QdaURqhO	Dimitri Vegas	['belgian edm']	[2017]	1	1
7mnAzEmgquhrVtGob81SmO	Big Shaq	['london rap']	[2017, 2018]	1	0
7jdFEYD2LTYjfwxOdlVjmc	KALEO	['icelandic indie', 'icelandic rock', 'modern alternative rock']	[2017]	1	0
4H1PNuHElBLVok0lnYMrRb	Dyo	['alte']	[2017]	1	1
2CvCyf1gEVhI0mX6aFXmVI	Paul Simon	['classic rock', 'folk', 'folk rock', 'mellow gold', 'permanent wave', 'rock', 'singer-songwriter', 'soft rock']	[2017, 2018, 2019]	1	0
0AuW7OCyKfFrsMbtHrYgIV	House Of Pain	['gangster rap', 'hip hop', 'rap rock', 'west coast rap']	[2017]	1	0
7hOGhpa8RMSuDOWntGIAJt	A R I Z O N A	['electropop', 'indie poptimism']	[2017]	1	0
0CjWKoS55T7DOt0HJuwF1H	Bipolar Sunshine	['gauze pop']	[2017]	1	1
1Sfa6q3hJQmNsaLi9DozYi	Szabo	[]	[2017]	1	1
54QA4zjZDOyaLN8bVthBjP	Joe Moses	['cali rap', 'west coast trap']	[2017]	1	1
2hWs22BmQkK4czFtDLnar2	Rob $tone	['san diego rap', 'viral trap']	[2017]	1	1
1rs3y69kDwkIdGJcOYngQt	J. Davi$	[]	[2017]	1	1
36Tn5h23ysORlLKc42UXfe	J Spooks	[]	[2017]	1	1
0AJUYWKztkg5dnrHDIBv47	MiC LOWRY	[]	[2017]	1	0
0ZmJRBCKYicwq9n4FjZpho	Kim Churchill	['australian indie', 'australian singer-songwriter']	[2017, 2018]	1	0
49HPMFWsosCuRf810Ay1Vv	Kurt Nilsen	['classic norwegian pop', 'norwegian pop']	[2017]	1	1
17ggmeNujCFMkr3zgyXv02	The Norwegian Radio Orchestra	['nordic orchestra', 'orchestra', 'radio symphony']	[2017]	1	1
0cQbJU1aAzvbEmTuljWLlF	No Doubt	['dance pop', 'dance rock', 'permanent wave', 'pop rock', 'rock']	[2017]	1	0
1Z8ODXyhEBi3WynYw0Rya6	De La Soul	['east coast hip hop', 'golden age hip hop', 'hip hop', 'jazz rap']	[2017]	1	1
0Qpk1IGiZeB6rRhfK4FVDT	Kelvin Mercer	[]	[2017]	1	1
5W10uJRsbt9bROJDKoI1Wn	Moses Sumney	['alternative r&b', 'art pop', 'indie soul', 'la pop']	[2017]	1	1
1LrWZc2qPhRCHyr6XtpBxq	Dizzy Wright	['conscious hip hop', 'indie pop rap']	[2017]	1	1
2KNrpdPEKndErPWFHkpvj6	Rob Curly	['deep underground hip hop']	[2017]	1	1
7uMSsrbX9MJzf161IcY7KU	Logan Paul	['social media pop']	[2017]	1	1
2iEvnFsWxR0Syqu2JNopAd	Smash Mouth	['pop rock', 'post-grunge']	[2017, 2018, 2019]	1	0
1mSJCvDX0W7Dn7S9C6vmvI	Anna of the North	['electropop', 'vapor pop']	[2017]	1	1
2JLqTvFXmC87BksiCsBezV	Matt Terry	['talent show']	[2017]	1	0
6O2zJ0tId7g07yzHtX0yap	Mobb Deep	['east coast hip hop', 'hardcore hip hop', 'hip hop', 'queens hip hop']	[2017]	1	0
7gP3bB2nilZXLfPHJhMdvc	Foster The People	['indietronica', 'modern alternative rock', 'modern rock', 'rock']	[2017, 2018, 2019, 2020, 2021, 2022]	1	0
0vneleczrRRNPF1vj0x0vy	The Harlem Community Choir	[]	[2017, 2018, 2019]	1	1
4m2kfAHEnK7Z7qLGxeWtro	The Plastic Ono Band	['beatlesque', 'experimental rock']	[2017, 2018, 2019]	1	1
2iojnBLj0qIMiKPvVhLnsH	Trey Songz	['dance pop', 'r&b', 'southern hip hop', 'trap', 'urban contemporary']	[2017]	1	1
0iVrCROxeyon7MZUW3MfzT	Montell Jordan	['contemporary r&b', 'new jack swing', 'r&b', 'urban contemporary']	[2017, 2018]	1	1
2UEm3mXEPGyxeWQJYc8WSx	Wino	[]	[2017, 2018]	1	1
4Y7tXHSEejGu1vQ9bwDdXW	Fatboy Slim	['big beat', 'electronica']	[2017]	1	0
7nKeLE1toRtW4M279iS26h	Zay Hilfigerrr	['viral trap']	[2017]	1	1
5AsWcQXw4RJFRWBbwa0ti0	Zayion McCall	[]	[2017]	1	1
0fs8oBR1rx7JIXZi75h7Uu	Bahari	['alt z', 'la pop']	[2017]	1	1
6tVsUWjip0Tnp1EyCRX5XH	Cyrus Villanueva	['australian talent show']	[2017]	1	0
7KUri7klyLaIFXLcuuOMCd	Stargate	['norwegian pop']	[2017]	1	1
6FB9Zw1TSMrw3LIzIvlNGG	Nathaniel Alford	[]	[2017]	1	1
1WdM0BAEXN9RpUdPOzEZdx	Twice As Nice	[]	[2017]	1	1
3iN9k8uvm4WrgdlOigOH8D	Hook N Sling	['australian dance', 'progressive electro house']	[2017]	1	1
4gZRt9wlRx1IsxT9glJdrc	Julia Stone	['australian singer-songwriter']	[2017]	1	1
1aX2dmV8XoHYCOQRxjPESG	The Human League	['new romantic', 'new wave', 'new wave pop', 'permanent wave', 'sophisti-pop', 'synthpop']	[2017]	1	0
0cmWgDlu9CwTgxPhf403hb	Bonobo	['downtempo', 'electronica', 'indietronica', 'instrumental hip hop', 'jazztronica', 'nu jazz', 'trip hop']	[2017]	1	1
2AcUPzkVWo81vumdzeLLRN	Rhye	['art pop', 'downtempo', 'indie soul', 'indietronica', 'shimmer pop']	[2017]	1	1
12PSlydMSjEHzSCj9X5qv7	Baby Bash	['chicano rap', 'latin hip hop', 'pop rap', 'southern hip hop', 'texas latin rap', 'urban contemporary']	[2017]	1	1
3sMYEBy0CZFxedcnm9i9hf	Frankie J	['hip pop', 'pop rap', 'southern hip hop', 'urban contemporary']	[2017]	1	1
0AWhixY9hX7LEPyPMjh4O0	Grandmaster Melle Mel	['bronx hip hop', 'east coast hip hop', 'old school hip hop']	[2017]	1	1
6QeZTS8BrU3r2TYJdA68j9	Grandmaster Caz	['bronx hip hop', 'old school hip hop']	[2017]	1	1
2RE8NwNxsOyuNZDD0jRxHP	Kool Moe Dee	['east coast hip hop', 'harlem hip hop', 'new jack swing', 'old school hip hop']	[2017]	1	1
3NoeRIxHApi6qe4yan2Vnn	Eric Nally	[]	[2017]	1	1
3SwgftmsT5rVepCSSco3ZR	Motez	['aussietronica', 'australian house']	[2017, 2018]	1	1
14DGJVYmuwwsdHmW8a02eM	Antony & Cleopatra	['australian electropop']	[2017, 2018]	1	1
4grgK6n5E4Xf2hGzwTjUz6	iDubbbz	['meme rap']	[2017]	1	1
7kfzadZaOgR90Tp8OYH5gM	Boyinaband	['antiviral pop', 'otacore', 'pixel']	[2017]	1	1
3RTklnRcfHgkQJwFpgOq3t	Nevve	['pop edm']	[2017]	1	1
0DdDnziut7wOo6cAYWVZC5	KREAM	['pop dance']	[2017]	1	1
6RHKEd9dpzQ4c09x8Zdaxu	Clara Mae	['alt z', 'swedish pop']	[2017]	1	1
2kucQ9jQwuD8jWdtR9Ef38	Sam Hunt	['contemporary country', 'country', 'country pop']	[2017, 2018]	1	0
00Z3UDoAQwzvGu13HoAM7J	Skizzy Mars	['indie pop rap']	[2017]	1	1
2TL8gYTNgD6nXkyuUdDrMg	Jasmine Thompson	['viral pop']	[2017]	1	1
0KtaCKmTMIQZsxlOgyNa04	Dune Rats	['australian garage punk', 'australian indie', 'brisbane punk']	[2017]	1	0
6c0mTNAxJxlp9HpKTUZwA8	ALMA	[]	[2017]	1	1
7fObcBw9VM3x7ntWKCYl0z	Colby O'Donis	[]	[2017, 2020]	1	1
3Ngh2zDBRPEriyxQDAMKd1	Matchbox Twenty	['neo mellow', 'pop rock', 'post-grunge']	[2017]	1	0
7MtZPIh0gpnInKFnXGcYDS	WYNNE	['la pop']	[2017]	1	1
2WKdxPFRD7IqZvlIAvhMgY	Fugees	['east coast hip hop', 'hip hop', 'neo soul', 'new jersey rap']	[2017]	1	0
3TaUSUXn41GixL7zbvrIDt	A-Trak	['canadian electronic', 'edm', 'electro house', 'electronic trap', 'turntablism']	[2017]	1	1
0zOcE3mg9nS6l3yxt1Y0bK	The Fray	['neo mellow', 'piano rock', 'pop', 'pop rock']	[2017, 2018, 2020, 2021, 2022]	1	0
2cJyZ3relxSBT15LIGBjLL	Marko Penn	['cali rap']	[2017]	1	1
293zczrfYafIItmnmM3coR	Chuck Berry	['blues', 'blues rock', 'classic rock', 'rock', 'rock-and-roll', 'rockabilly', 'soul']	[2017, 2018, 2019, 2020, 2021]	1	0
3oDbviiivRWhXwIE8hxkVV	The Beach Boys	['baroque pop', 'classic rock', 'folk rock', 'mellow gold', 'psychedelic rock', 'rock', 'sunshine pop']	[2017, 2018, 2019, 2020, 2021]	1	0
6xeFne1rkxMhKSW3ipvkdV	Toploader	['british alternative rock']	[2017, 2018, 2019, 2020, 2021, 2022]	1	0
2sil8z5kiy4r76CRTXxBCA	The Goo Goo Dolls	['neo mellow', 'permanent wave', 'pop rock', 'post-grunge']	[2017, 2018, 2019, 2021, 2022]	1	0
55BFQS36sJYz2B0ClypIvS	SLUMBERJACK	['electronic trap', 'vapor twitch']	[2017]	1	1
3r17AfJCCUqC9Lf0OAc73G	Fergie	['dance pop', 'pop']	[2017]	1	0
1b4DN8Vj0dnj5cceMFsRYN	Dante Klein	['deep tropical house', 'dutch house', 'pop edm']	[2017]	1	1
74ASZWbe4lXaubB36ztrGX	Bob Dylan	['classic rock', 'country rock', 'folk', 'folk rock', 'rock', 'roots rock', 'singer-songwriter']	[2017, 2018, 2019, 2020]	1	0
5e4Dhzv426EvQe3aDb64jL	Shania Twain	['canadian country', 'canadian pop', 'contemporary country', 'country', 'country dawn']	[2017, 2018, 2019, 2020, 2021]	1	1
0TImkz4nPqjegtVSMZnMRq	TLC	['atl hip hop', 'contemporary r&b', 'dance pop', 'girl group', 'hip pop', 'r&b', 'urban contemporary']	[2017, 2018, 2019, 2020, 2021, 2022]	1	0
2I7tyuDZsBk6BD9Y8YfXtZ	Thief	[]	[2017]	1	1
3qm84nBOXUEQ2vnTfUTTFC	Guns N' Roses	['glam metal', 'hard rock', 'rock']	[2017, 2018, 2019, 2020, 2021]	1	0
3dz0NnIZhtKKeXZxLOxCam	Porter Robinson	['complextro', 'edm', 'electro house', 'pop dance', 'progressive electro house']	[2017]	1	1
4pb4rqWSoGUgxm63xmJ8xc	Madeon	['complextro', 'edm', 'electro house', 'electropop', 'filter house', 'nantes indie', 'pop dance']	[2017]	1	1
6kG0WKHsAOfWp5IsizmQxR	SACHI	['nz electronic', 'nz pop']	[2017]	1	1
5EBlHXi71tDXnFtroEh7Rg	Naomi Wild	['indie electropop']	[2017]	1	1
4N874uPqBka1QiCvnCVOtr	Phoebe Ryan	['alt z', 'indie poptimism']	[2017]	1	1
23sYU61n9f1CzYi8NJhAXS	Towkio	['chicago rap']	[2017]	1	1
7H55rcKCfwqkyDFH9wpKM6	Christina Perri	['pop']	[2017, 2018]	1	0
6x2LnllRG5uGarZMsD4iO8	Thomas Rhett	['contemporary country', 'country', 'country road', 'modern country rock']	[2017]	1	0
1SFz3S9eSUTc49ysstadiO	Boo Seeka	['aussietronica', 'australian indie']	[2017]	1	0
4F84IBURUo98rz4r61KF70	The White Stripes	['alternative rock', 'blues rock', 'detroit rock', 'garage rock', 'modern blues rock', 'permanent wave', 'punk blues', 'rock']	[2017, 2018]	1	0
3AVfmawzu83sp94QW7CEGm	Astrid S	['alt z', 'norwegian pop', 'pop', 'uk pop']	[2017]	1	0
7xNPROyVfkH4mcIxxCxySm	Junior Senior	['danish pop']	[2017]	1	0
1AwO9pWEBSBoWdEZu28XDC	Eartha Kitt	['torch song', 'vocal jazz']	[2017, 2018, 2019, 2020, 2021]	1	1
0oK8UXKZbQezeRhE0KeBAV	Henri René and His Orchestra	"[""man's orchestra""]"	[2017, 2018, 2019, 2020, 2021]	1	1
5SbkVQYYzlw1kte75QIabH	Gnarls Barkley	['atl hip hop', 'neo soul']	[2017, 2018]	1	0
3XxxEq6BREC57nCWXbQZ7o	Jamie Cullum	['contemporary vocal jazz', 'jazz pop', 'neo mellow']	[2017]	1	0
0rvjqX7ttXeg3mTy8Xscbt	Journey	['album rock', 'classic rock', 'hard rock', 'heartland rock', 'mellow gold', 'rock', 'soft rock']	[2017, 2018, 2019, 2020, 2021, 2022]	1	0
5MouCg6ta7zAxsfMEbc1uh	OMI	['reggae fusion']	[2017, 2019]	1	1
2f9ZiYA2ic1r1voObUimdd	Grace Jones	['art pop']	[2017]	1	1
5vQfv3s2Z2SRdPZKr82ABw	Dzeko	['canadian electronic', 'dutch house', 'edm', 'electro house', 'pop dance', 'progressive electro house']	[2018, 2019]	1	1
0bdJZl7TDeiymDYzMJnVh2	Preme	['canadian hip hop', 'canadian trap', 'toronto rap']	[2018, 2019]	1	1
1qSJaftSab2kTTsj7fLxvM	DJ SpinKing	['slow game']	[2018]	1	1
7iLc4hrjOjQPfg1E3cCHg1	Tim Berg	['edm', 'electro house', 'pop dance', 'progressive electro house']	[2018]	1	1
52lBOxCxbJg0ttXEW9CQpW	Louis Prima	['adult standards', 'jump blues', 'lounge', 'swing', 'tin pan alley']	[2018]	1	1
72OaDtakiy6yFqkt4TsiFt	Cher	['dance pop', 'pop']	[2018]	1	0
76yeOnINtQSXyoEHbkYmtY	Drew Love	[]	[2018]	1	1
2kTn692duPSkqN6czSilyk	The Triffids	['australian alternative rock', 'australian rock', 'melancholia', 'perth indie']	[2018]	1	0
6iQluOJNzmmaXVVCA0XgbY	Fergus James	['australian alternative pop']	[2018]	1	0
4kmYEa0DFPDv2Opcpjv5el	Goanna	['australian rock']	[2018, 2019, 2020, 2021, 2022]	1	0
5T0MSzX9RC5NA6gAI6irSn	Estelle	['neo soul', 'r&b']	[2018, 2020]	1	1
5JUYSPkis2Mk6HUbmMqk1m	Sean Ono Lennon	['beatlesque']	[2018]	1	1
4RfOLIFy2xEmlWzXEVmLJn	Sjava	['afro soul', 'south african pop']	[2018]	1	1
6XpXnnKHIhCOUbOLOJGe6o	REASON	['indie hip hop', 'underground hip hop']	[2018]	1	1
3mLdH6xxrscTf2poCN9Kzy	Rio Santana	[]	[2018]	1	1
2V0DROfM2ieFSOcA3SHJLD	Judah	[]	[2018]	1	1
4DROs1Ye9DiLY3X8L7xvl8	Andrez Babii	['rap romantico']	[2018]	1	1
04ei5kNgmDuNAydFhhIHnD	Landon Cube	['pop rap']	[2018]	1	1
2J6pigOrBmKQgqJUY5UM7r	Matt OX	['melodic rap', 'plugg', 'rage rap']	[2018]	1	1
3Bj81IbILbuj2uEwWXMdXI	Sosamann	['atl trap', 'houston rap', 'memphis hip hop']	[2018]	1	1
2ySHS7UojGu20XfUPaBlyu	Devin Dawson	['contemporary country', 'country road', 'modern country rock']	[2018]	1	0
2PeqTZKroEc2oDwTfmB2al	The Angels	['australian rock']	[2018, 2019, 2020, 2021, 2022]	1	0
2DaDoR6WXStRctDQDWWQpI	Baby Animals	['australian rock']	[2018]	1	0
6TTVdg5UOUHsyiYPHgxLaq	The WRLDFMS Tony Williams	['psychedelic hip hop']	[2018]	1	1
12Zk1DFhCbHY6v3xep2ZjI	070 Shake	['new jersey rap']	[2018]	1	1
3IJFGnsUboabVEbJz1UR91	Noiseworks	['australian rock']	[2018, 2019, 2020, 2021, 2022]	1	0
0z9hynUsIjf0ddI4uHqPWX	Dustin Tebbutt	['australian indie', 'indie anthem-folk', 'indie folk', 'modern indie folk']	[2018]	1	1
5ChF3i92IPZHduM7jN3dpg	Nicky Romero	['big room', 'dutch edm', 'dutch house', 'edm', 'electro house', 'pop dance', 'progressive electro house']	[2018]	1	1
1RNwrc6Yfn4mxT8RCnck0y	Weddings Parties Anything	['australian alternative rock', 'australian rock']	[2018]	1	0
7urq0VfqxEYEEiZUkebXT4	112	['atl hip hop', 'boy band', 'contemporary r&b', 'r&b', 'urban contemporary']	[2018]	1	1
5NDMothbpdpq2xHqSjrrWn	Faith Evans	['contemporary r&b', 'hip pop', 'r&b', 'urban contemporary']	[2018]	1	1
0UpuH5U4nZ3UGGUJi0Zfbp	Blue Swede	['classic swedish pop']	[2018]	1	1
1Ek3VdZ8EPmcvgRIqnHlrF	Björn Skifs	['classic swedish pop']	[2018]	1	1
7wg1qvie3KqDNQbAkTdbX0	Louis The Child	['edm', 'electropop']	[2018]	1	1
2BTZIqw0ntH9MvilQ3ewNY	Cyndi Lauper	['dance pop', 'new wave pop', 'permanent wave', 'soft rock']	[2018]	1	0
4TAoP0f9OuWZUesao43xUW	Mr Eazi	['afrobeats', 'afropop', 'azontobeats', 'ghanaian hip hop', 'nigerian pop', 'swedish dancehall']	[2018]	1	1
0JOxt5QOwq0czoJxvSc5hS	GASHI	[]	[2018]	1	1
4OBJLual30L7gRl5UkeRcT	T.I.	['atl hip hop', 'dirty south rap', 'gangster rap', 'hip hop', 'pop rap', 'rap', 'southern hip hop', 'trap']	[2018]	1	1
5ht2HGrvbN9eDWJarHsou6	Daddy Cool	['australian rock']	[2018, 2019, 2020, 2021, 2022]	1	0
4tyua0wKtVDZVBVlRwyBRl	Stevie Wright	['australian rock']	[2018, 2019, 2020, 2021, 2022]	1	0
1OHw2r7Diz2rc9JktaFV6N	Erika Sirola	['finnish pop']	[2018, 2019]	1	1
6tt0iYnpHERj05WATWRiom	Bantu	['zimdancehall']	[2018, 2019]	1	1
4fpTMHe34LC5t3h5ztK8qu	The Carters	['r&b']	[2018]	1	0
5ILrArfIV0tMURcHJN8Q07	Vanessa Carlton	['lilith', 'neo mellow', 'piano rock', 'pop rock', 'post-teen pop']	[2018]	1	0
6HhsbprrJmKeaH8SgSlGge	Kin$oul	[]	[2018]	1	1
0zPILh9oEH0fDagpkHTQQ8	Killstation	['cloud rap', 'dark trap']	[2018]	1	1
6KfzyefHYuqfWaI5taICaN	Band Aid 30	['musical advocacy']	[2018]	1	0
0f7ChwXkRvmj2ViLbEQwYK	Mondo Rock	['australian rock']	[2018, 2019]	1	0
3dkie6yywJJVPCTO4b5AP9	Liam Ferrari	['australian electropop']	[2018]	1	1
1TqQi97nqeiuOJrIFv5Sw0	Semisonic	['pop rock', 'post-grunge']	[2018]	1	0
0oSGxfWSnnOXhD2fKuz2Gy	David Bowie	['art rock', 'classic rock', 'glam rock', 'permanent wave', 'rock']	[2018, 2019, 2020, 2021]	1	1
0HU0U9kdXEHZVxUNbuQe8S	Donny Hathaway	['chicago soul', 'classic soul', 'funk', 'neo soul', 'quiet storm', 'soul', 'southern soul']	[2018, 2019, 2020, 2021]	1	0
6sAh1RUpXblYP320gZ91LC	Sunnyboys	['australian rock']	[2018]	1	0
4QfOh8rJ0OddhhXHD5QyWs	The Boy Next Door	['basshall']	[2018, 2019]	1	1
0afemm9P2Bb2LL99xHY32n	Bernard Fanning	['australian alternative rock', 'australian rock']	[2018, 2019, 2020, 2021, 2022]	1	0
3jfVtv9mWfW0c5b3Fx440e	Babes Wodumo	['afro soul', 'gqom', 'south african pop']	[2018]	1	1
4K9aclpXgCPNFGEqRlFPal	Peter Manos	[]	[2018]	1	0
5m5cTNJ2RxfxKpGULocV9T	The Cruel Sea	['australian alternative rock', 'australian rock']	[2018]	1	0
7AzjETXRUKNRSJHMW9GIqd	Nina Nesbitt	['alt z', 'neo-singer-songwriter', 'uk pop']	[2018]	1	0
0NKDgy9j66h3DLnN8qu1bB	Eurythmics	['dance rock', 'new romantic', 'new wave', 'new wave pop', 'soft rock', 'sophisti-pop', 'synthpop']	[2018]	1	1
5MspMQqdVbdwP6ax3GXqum	Annie Lennox	['new romantic', 'new wave', 'new wave pop', 'singer-songwriter', 'soft rock', 'synthpop']	[2018]	1	1
7gcCQIlkkfbul5Mt0jBQkg	Dave Stewart	['new wave pop', 'rock keyboard']	[2018]	1	1
3gGUMEwIX6XodWsYEvKSal	YBN Nahmir	['alabama rap', 'rap', 'trap']	[2018]	1	1
1vdU5KvV0nDAjPRfpRKjRL	Skyhooks	['australian rock', 'glam rock']	[2018]	1	0
6r2niOTnexy9xss5g8GWXH	Yasiin Bey	[]	[2018]	1	1
6fzQ81ouajOEFqCIB9VwrS	Morgan Evans	['australian country', 'contemporary country', 'country road', 'modern country rock']	[2018, 2019]	1	0
4we5S2VLjgY9KzIzApL1KI	Ryan Tedder	[]	[2018]	1	1
0p4nmQO2msCgU4IF37Wi3j	Avril Lavigne	['canadian pop', 'candy pop', 'pop']	[2018]	1	0
1iBGuNBYRKnNdKxm0kKNM0	Young Sinatra	[]	[2018]	1	1
2HUwZ0kumzCSlhFcjFZfpp	Flipp Dinero	['melodic rap', 'trap']	[2018, 2019]	1	0
5QuBVnBPEzwYvFrgBbwpmU	Empress Of	['art pop', 'electropop', 'escape room', 'etherpop', 'shiver pop']	[2018, 2019]	1	1
1pJEZXU2hJApJW3rM7LmMu	The Easybeats	['australian rock', 'british blues', 'freakbeat', 'protopunk', 'psychedelic rock']	[2018, 2019, 2020, 2021, 2022]	1	0
28y6CyJNkGNjJQKrlx4AmN	HRVY	['pop']	[2018]	1	0
28OHQv3VZ2gifjWzrqBv1v	Bene	['nz pop']	[2018, 2019]	1	0
4N8BwYTEC6XqykGvXXlmfv	George Benson	['jazz funk', 'jazz guitar', 'smooth jazz', 'soul jazz', 'yacht rock']	[2018]	1	1
6IFXsrXBpwbIqtOUOiAa3p	Rick Springfield	['album rock', 'australian rock', 'classic rock', 'glam metal', 'hard rock', 'heartland rock', 'mellow gold', 'new romantic', 'new wave pop', 'soft rock', 'yacht rock']	[2018, 2019, 2020, 2021, 2022]	1	0
3cWGilyM7pw2Q1bGbTXuBr	TrifeDrew	[]	[2018]	1	1
2gsggkzM5R49q6jpPvazou	Jessie J	['dance pop', 'pop']	[2018, 2019, 2020, 2021]	1	0
21LGsW7bziR4Ledx7WZ1Wf	Johnny Mathis	['adult standards', 'easy listening']	[2018]	1	1
24DQLSng7bKZD4GXLIaQbv	Percy Faith & His Orchestra	"['easy listening', ""man's orchestra""]"	[2018]	1	1
3LjhVl7GzYsza1biQjTpaN	Hayley Kiyoko	['alt z', 'indie poptimism', 'pop']	[2018]	1	1
1SupJlEpv7RS2tPNRaHViT	Nicky Jam	['latin hip hop', 'reggaeton', 'trap latino', 'urbano latino']	[2018]	1	1
2ZfogSsOWP4mVfEqfpLXCt	The Church	['australian rock', 'dream pop', 'new romantic', 'new wave']	[2018]	1	0
5gw5ANPCVcxU0maLiGRzzP	Billy Raffoul	['canadian pop']	[2018]	1	1
2X97ZAqRKRMYFIDqtvGgGc	Silk City	['edm']	[2018, 2019]	1	1
4mHAu7NX2UNsnGXjviBD9e	Brooks	['dutch house', 'edm', 'electro house', 'future house', 'pop dance', 'pop edm', 'progressive electro house']	[2018]	1	1
6064pL9Hu3Wx2bwJMeOx6o	Tomine Harket	[]	[2018]	1	1
2Rimf9z3oYDBeszSXFACRR	Daniel Everidge	['show tunes']	[2018]	1	1
7aBzpmFXB4WWpPl2F7RjBe	Wyclef Jean	['rap kreyol']	[2018, 2020, 2021]	1	1
3EOEK57CV77D4ovYVcmiyt	Dennis Lloyd	['israeli pop']	[2018, 2019]	1	0
1nL98XHH55na3zeMnrYMXh	Manu Crooks	['aussie drill', 'australian hip hop', 'australian trap']	[2018]	1	1
6QyD04sHvKf1AjxkXrNRk1	Anfa Rose	['trap soul']	[2018]	1	1
6Y20PijIkUoCtuvtkz37dO	Austyn Johnson	['show tunes']	[2018]	1	1
0nFUCMGlkx1lMZnHL6ArVJ	Cameron Seely	['movie tunes']	[2018]	1	1
2HFuviZiAYhouKgvRX0y45	Chantel Jeffries	['kentucky hip hop', 'la pop']	[2018]	1	1
0GeeIVcvGA8GSlWsoY1dkG	Vory	['kentucky hip hop', 'trap soul']	[2018]	1	1
6bwVWdQfr6ttzrGLboVkjg	Paul Rosenberg	[]	[2018]	1	0
0FOYGJujASE1pCw5WNHf0g	Mark Hoppus	[]	[2018]	1	1
2TzHIUhVpeeDxyJPpQfnV3	Katrina & The Waves	['new wave pop']	[2018, 2019]	1	0
65oocmSeB6z75kHwrZo1le	Mitch James	['nz pop']	[2018, 2019]	1	0
3v6Ji4uoWtKRkhuDUaxi9n	Dynoro	['edm']	[2018, 2019]	1	1
1OAjDaKgg00KCUYqDe68un	Gigi D'Agostino	['eurodance', 'italo dance']	[2018, 2019]	1	1
7xkAwz0bQTGDSbkofyQt3U	Belinda Carlisle	['new romantic', 'new wave pop', 'soft rock']	[2018]	1	0
4HCubdy7diarb4KZo8etrq	The Go-Betweens	['australian alternative rock', 'australian rock', 'c86', 'dunedin sound']	[2018]	1	0
46lnlnlU0dXTDpoAUmH6Qx	Lou Bega	['latin pop']	[2018]	1	0
7DuTB6wdzqFJGFLSH17k8e	Bhad Bhabie	['trap queen', 'viral rap']	[2018]	1	1
0Nlg1HCtb8dpeVpxQojDiq	Johnny Diesel & The Injectors	['australian rock']	[2018, 2019, 2022]	1	0
33Gx2JOUU4jrmRhjxwaOxb	Sarah	[]	[2018, 2019]	1	1
0lJlKQvuM2Sd9DPPyUXcHg	Sixpence None The Richer	['lilith', 'pop rock']	[2018]	1	0
3Ayl7mCk0nScecqOzvNp6s	Jimmy Eat World	['alternative metal', 'emo', 'modern power pop', 'modern rock', 'neon pop punk', 'pop punk', 'pop rock', 'post-grunge', 'punk', 'rock']	[2018]	1	0
1rw8ZTLnDHd74TWDDukjVi	Conrad Sewell	['australian pop']	[2018]	1	0
0rlKkLkpsCnJbZethGBfAk	Captain Cuts	['pop edm']	[2018, 2019]	1	1
5mYakBbBzPMQTfkVMIgiDM	Georgia Ku	['uk pop']	[2018, 2019]	1	1
0Grjlu7ncIuCaSYvCs9fcd	New Radicals	['pop rock']	[2018]	1	0
250b0Wlc5Vk0CoUsaCY84M	JENNIE	['k-pop']	[2018]	1	0
2TImI3DW7o5MdRXJs4D37h	SOB X RBE	['cali rap']	[2018]	1	0
6sFHvCyqklnJpXC9Nh1aag	Alexander 23	['alt z', 'singer-songwriter pop']	[2020]	1	0
3HqSLMAZ3g3d5poNaI7GOU	IU	['k-pop', 'pop']	[2020]	1	1
18OP6wzipvzWNOCMUE9mC5	Keziah Feterika	['nz pop']	[2020]	1	1
2nvKpWcP8etYTq4JrRiUiy	Cliff Richard	['adult standards', 'rock-and-roll']	[2020, 2021]	1	0
6ZsEe5CkoS7mm6uoRB0KAE	Elektriches Weihnachtfest	[]	[2020]	1	0
50y1BeMwfz8MCB3YfH9qoj	Tobi & Manny	[]	[2020]	1	1
5Zc6IgP8wGQa5nzZJ1aiSX	Janellé	[]	[2020]	1	1
5D9NYfOaGxFKCalJIeia1N	Atlantic Holiday	[]	[2020]	1	1
5D3muNJhYYunbRkh3FKgX0	Chord Overstreet	['acoustic pop']	[2020, 2021]	1	0
5nki7yRhxgM509M5ADlN1p	Oliver Heldens	['dutch house', 'edm', 'electro house', 'future house', 'house', 'pop dance', 'progressive electro house', 'progressive house']	[2019, 2020]	1	1
6YqhcZlSE8ugUcmoHLw9gz	Vula	[]	[2019, 2020]	1	1
64rxQRJsLgZwHHyWKB8fiF	Eiffel 65	['eurodance', 'europop', 'italian adult pop', 'italo dance']	[2020]	1	1
7LvoDJUNGnOrPdGRzVtOJ9	Young M.A	['alternative r&b', 'lgbtq+ hip hop', 'nyc rap', 'rap', 'trap']	[2020]	1	1
41a1QBVKSlXMy5qFPrcHVs	Ayzha Nyree	[]	[2020]	1	0
7avo0PmlW8O1YLEt9DnWQT	Studio Killers	[]	[2020]	1	0
0ndx5h8ixiRvi2YmWlfbxH	The 7 Dimensions	[]	[2020]	1	0
1gRNBaI4yn6wCCTvRhGWh8	Don McLean	['classic rock', 'folk', 'folk rock', 'heartland rock', 'mellow gold', 'singer-songwriter', 'soft rock']	[2020]	1	0
2UyyBkpzN5w3hzZBZGvRZb	Sosa Geek	['brooklyn drill']	[2020]	1	1
5tKXB9uuebKE34yowVaU3C	Iyaz	['dance pop', 'pop rap', 'post-teen pop']	[2020]	1	0
4dwdTW1Lfiq0cM8nBAqIIz	Of Monsters and Men	['folk-pop', 'metropopolis', 'modern rock', 'stomp and holler']	[2020, 2021]	1	0
2KC9Qb60EaY0kW4eH68vr3	ITZY	['k-pop', 'k-pop girl group']	[2020]	1	0
4rojTfP5nRkmYpdSbWQgV4	Death Stranding: Timefall	['video game music']	[2019, 2020]	1	1
3CjlHNtplJyTf9npxaPl5w	CHVRCHES	['indietronica', 'metropopolis', 'neo-synthpop', 'shimmer pop']	[2019, 2020]	1	1
3QJUFtGBGL05vo0kCJZsmT	salem ilese	['alt z', 'modern indie pop']	[2020]	1	0
3wVXTWabe3viT0jF7DfjOL	Vedo	['pop r&b']	[2020]	1	0
44IvvHRk2XF243QLA2VOa8	Stunna 4 Vegas	['north carolina hip hop', 'trap']	[2020]	1	1
54WEGLBrZDqfZgZaJgrxj2	Billymaree	['australian r&b']	[2020]	1	1
0NIPkIjTV8mB795yEIiPYL	Wallows	['pov: indie']	[2020]	1	1
4ETSs924pXMzjIeD6E9b4u	Surfaces	['bedroom soul']	[2020, 2021]	1	0
7823Dim2TzjiQQ9wRQxyi9	Wizzard	['glam rock']	[2020, 2021]	1	0
7uMh23xWiuR7zsNkuNcm2G	MNEK	['house', 'pop dance', 'uk contemporary r&b', 'uk dance', 'uk pop']	[2020, 2021, 2022]	1	1
49tPWZ7vQeE7VscuIHqrn6	Blueboy	['australian r&b']	[2020]	1	1
6Gk5hoM7eW8NSCYhICMDHw	Zak Abel	['uk contemporary r&b']	[2020]	1	1
3K40SMapVhc8PxyYFofHff	Corbin	['cloud rap']	[2020]	1	1
7qd6KGoABHifvXKeFNe2Yb	Wolftyla	['trap queen']	[2020]	1	1
6GIB5jeCf3U9JJUo2of2bA	Herbs	['classic nz pop', 'nz reggae']	[2020, 2022]	1	1
7iDeMFJKjI1ak40N3hoYOZ	Lil Xxel	['pop r&b', 'viral rap']	[2020]	1	0
5XJlnf7mD44GXWHmRGxt0I	Brothers	['aussie drill']	[2020]	1	0
4Ywiqc8KxAECFoOWWAYry4	Lil Adrei	[]	[2020]	1	0
6F3vLfyutkUhpM50G84eMt	Endor	['deep groove house', 'house', 'scottish rock']	[2019, 2020, 2021]	1	0
7bmYpVgQub656uNTu6qGNQ	Hwa Sa	['k-pop', 'korean talent show']	[2020]	1	1
2IZXxSIGhFtkHJyMh6UTln	Aiyana-Lee	[]	[2020]	1	1
4FcZfItjVIsfO9TynErl7X	Jubël	['swedish pop']	[2020, 2021]	1	1
71Dhj822M1LGpuryPIV2KO	NEIMY	['scandipop', 'tropical house']	[2020, 2021]	1	1
72BTmmAO3QfETWlFjwjfJ1	Human Nature	['australian pop', 'australian rock', 'boy band']	[2020, 2021]	1	0
6P5NO5hzJbuOqSdyPB7SJM	Ashe	['alt z']	[2020]	1	0
4AFUtRGh4gJb1mWNTtN0Ha	Kira Divine	[]	[2019, 2020]	1	1
5zrD2ZqM6SB5XRJJwTroAu	Marques Toliver	[]	[2019, 2020]	1	1
0QJIPDAEDILuo8AIq3pMuU	M.I.A.	['escape room', 'indietronica', 'new rave']	[2020]	1	1
63yrD80RY3RNEM2YDpUpO8	Melanie Martinez	['alt z', 'electropop', 'pop']	[2020]	1	0
2G3moO7hc1jXWYKkW5ZYw4	Dimzy	['uk drill', 'uk hip hop']	[2020]	1	1
2WxjxdeF7GGdcCK276qViY	Natalie Taylor	[]	[2020]	1	0
7I95CM75shzCjHuTzrepjM	Nova Twins	['black punk', 'uk diy punk']	[2020]	1	1
4ZgQDCtRqZlhLswVS6MHN4	grandson	['modern alternative rock', 'modern rock', 'pov: indie', 'rock']	[2020]	1	0
1KP6TWI40m7p3QBTU6u2xo	BØRNS	['indie poptimism', 'indietronica', 'modern alternative rock', 'modern rock', 'pov: indie']	[2020, 2021]	1	0
1MXZ0hsGic96dWRDKwAwdr	Tyla Yaweh	['cali rap', 'melodic rap']	[2020]	1	1
630wzNP2OL7fl4Xl0GnMWq	BABYMETAL	['idol rock', 'j-metal', 'kawaii metal']	[2020]	1	1
35GL8Cu2GKTcHzKGi75xl5	Jennifer Hudson	['dance pop', 'r&b', 'urban contemporary']	[2020, 2021]	1	1
4Zwtv7Mc3eHv465GJ6au6n	Billy Thorpe & The Aztecs	['australian rock']	[2019, 2020, 2021]	1	0
1x3QDn05zVHUgosjIpOU0f	David Nicholas	[]	[2020, 2021, 2022]	1	1
2l35CQqtYRh3d8ZIiBep4v	MKTO	['pop', 'post-teen pop']	[2019, 2020, 2021, 2022]	1	0
41I5xI04kixwmonDBl0Sda	King Combs	['cali rap']	[2020]	1	1
48WAcCSDuRH3TXvnIDOOsX	Lil Dijon	[]	[2020]	1	1
6O4EGCCb6DoIiR6B1QCQgp	Toro y Moi	['chillwave', 'hypnagogic pop', 'indie soul', 'indietronica']	[2020, 2021, 2022]	1	1
2XzXLjXRSeFtsic4ieyLJy	Wilbur Soot	['pixel', 'pov: indie']	[2020]	1	0
0YWxKQj2Go9CGHCp77UOyy	Fabolous	['gangster rap', 'hip hop', 'pop rap', 'rap', 'trap', 'urban contemporary']	[2020]	1	1
67nwj3Y5sZQLl72VNUHEYE	Wale	['pop rap', 'r&b', 'rap', 'southern hip hop', 'trap']	[2020]	1	1
6X8WdFjrNhXATMDSs26aCc	Curren$y	['dirty south rap', 'new orleans rap', 'rap', 'southern hip hop']	[2020]	1	1
0399oiMcmbOzzsYQDNYqxn	Problem	['hyphy', 'trap', 'west coast trap']	[2020]	1	1
34nVLWMJTjaMh2aSMOQHei	King Pharaoh	[]	[2020]	1	1
1lEXbUjKjHQ7uc9jFfEViJ	TGT	['pop r&b']	[2020]	1	1
5pDjmC5mRl7vDJhsjVwNfk	Freya Ridings	['uk pop']	[2019, 2020]	1	0
6bmlMHgSheBauioMgKv2tn	Powfu	['sad lo-fi', 'sad rap']	[2020, 2021]	1	1
35l9BRT7MXmM8bv2WDQiyB	beabadoobee	['bedroom pop', 'bubblegrunge', 'indie pop', 'pov: indie']	[2020, 2021]	1	1
60yfafz0P3gqaUaOUIddae	BRONSON	['vapor twitch']	[2020]	1	1
3uOdNUjwD6hhOh1z2dQEIn	lau.ra	[]	[2020]	1	1
3VNITwohbvU5Wuy5PC6dsI	Kool & The Gang	['disco', 'funk', 'motown', 'soul']	[2020]	1	0
5dcOK4stT4JDkP6Dqhbz5s	Sheena Easton	['mellow gold', 'minneapolis sound', 'new romantic', 'new wave pop', 'soft rock']	[2020]	1	1
6fs2or0cKLEM2xohWq8SoX	Lexie Liu	['chinese electropop']	[2020]	1	1
4TqlcgMFDryY96KWcvrhTv	Seraphine	[]	[2020]	1	1
7nqlScm2smydSRl13eaP8E	Nea	['scandipop']	[2020, 2021]	1	1
1lmU3giNF3CSbkVSQmLpHQ	Surf Mesa	[]	[2020, 2021]	1	1
4ArPQ1Opcksbbf3CPwEjWE	Emilee	['social media pop']	[2020, 2021]	1	1
7nDsS0l5ZAzMedVRKPP8F1	Ella Henderson	['dance pop', 'talent show', 'uk pop']	[2020]	1	1
6dn6x1XOng3LOAnfTjUn77	AJ Mitchell	['alt z', 'pop']	[2020]	1	1
4qWnlmXWuGv2TtuxtIWlJX	BANNERS	['indie poptimism']	[2020, 2021, 2022]	1	0
3El6ZDjytVLp8zNRcd5quU	Jevo	[]	[2020]	1	0
16Nc36xAtNyQ7BMBcDsaLv	Likybo	['cali rap']	[2020]	1	0
7mEIug7XUlQHikrFxjTWes	Neil Diamond	['adult standards', 'brill building pop', 'folk rock', 'heartland rock', 'mellow gold', 'singer-songwriter', 'soft rock', 'yacht rock']	[2020, 2021]	1	0
0UcXjTpzt0DmIwPSNwlJfF	jetsonmade	[]	[2020]	1	1
3xvaSlT4xsyk6lY1ESOspO	Disney	"[""children's music"", 'movie tunes']"	[2020, 2021]	1	1
5RmQ8k4l3HZ8JoPb4mNsML	Agust D	['k-rap']	[2020]	1	0
3P6duIn7oHeiBACZfYeNud	FIDLAR	['indie garage rock', 'noise pop']	[2020]	1	0
3kVUvbeRdcrqQ3oHk5hPdx	GROUPLOVE	['indie rock', 'la indie', 'modern alternative rock', 'modern rock', 'pov: indie']	[2020, 2021]	1	0
3Xt3RrJMFv5SZkCfUE8C1J	Kim Petras	['alt z', 'pop', 'transpop']	[2020]	1	1
5FxD8fkQZ6KcsSYupDVoSO	Omar Apollo	['bedroom pop', 'bedroom soul']	[2020]	1	1
2JyWXPbkqI5ZJa3gwqVa0c	Craig David	['british soul']	[2020]	1	1
4C825UjHAWCMvdZwbtpwDT	Stace Cadet	['australian house']	[2020, 2021]	1	1
3cWOwptrfEuGMJ2cM7ipc3	KLP	['australian dance']	[2020, 2021]	1	1
2gduEC76ry33RVurAvT05p	Nathan Dawe	['pop dance', 'uk dance']	[2020]	1	1
7CCjtD0hCK005Bvg2WG1a7	Carnage	['edm', 'electro house', 'electronic trap', 'viral trap']	[2020]	1	1
2cCUtGK9sDU2EoElnk0GNB	The National	['chamber pop', 'indie folk', 'indie rock', 'indietronica', 'modern rock', 'stomp and holler']	[2020]	1	1
5TbLOwv8BNnik3f03NZJlt	TOKYO’S REVENGE	['meme rap', 'viral rap']	[2019, 2020]	1	0
6Y64EaNqpqcZYTgs4c76gF	jxdn	['pop punk']	[2020]	1	0
7MmIC8lbUdmL6c05M63KF6	The Rossman Ensemble	[]	[2020]	1	0
79KQgTCu4wV38ECYKn62DZ	White Gold	[]	[2020]	1	1
3aVoqlJOYx31lH1gibGDt3	Babyface	['contemporary r&b', 'r&b', 'urban contemporary']	[2020]	1	1
5bgfj5zUoWpyeVatGDjn6H	K CAMP	['atl hip hop', 'melodic rap', 'southern hip hop', 'trap']	[2020]	1	0
205i7E8fNVfojowcQSfK9m	Dom Dolla	['australian house', 'deep groove house', 'house']	[2019, 2020]	1	0
63MQldklfxkjYDoUE4Tppz	M83	['french shoegaze', 'french synthpop', 'indietronica', 'metropopolis', 'neo-synthpop']	[2020]	1	0
0G5lZVxoMwoY8oV6zR8E7k	Mashd N Kutcher	[]	[2020, 2021]	1	1
5Ihz4MjauQk3NL6GOtovzp	Dan Andrews	[]	[2020, 2021]	1	1
66sNDEVTYhSIXtRx2jzrFQ	Band of the Royal Regiment of New Zealand Artillery	[]	[2020]	1	0
6DJEUXZm0e2rAohdoZ5Voo	Black Thought	['alternative hip hop', 'east coast hip hop']	[2020]	1	1
3ZotbHeyVQKxQCPDJuQ4SU	Q-Tip	['east coast hip hop', 'queens hip hop']	[2020]	1	1
1WjexdTcXHgvlVIPCE8D1Q	Denaun	[]	[2020]	1	1
19Fi1Rj7kk8kyiwxpXy3yM	August Alsina	['pop rap', 'r&b', 'southern hip hop', 'trap', 'urban contemporary']	[2020]	1	1
20pbz4TbpkBUr5JwYfGgPS	Kekra	['french hip hop', 'pop urbaine', 'rap francais']	[2020]	1	1
2SabhGDiBSyaM6QSuBUVqB	Noizy	['albanian hip hop', 'albanian pop', 'greek trap']	[2020]	1	1
4Ai0pGz6GhQavjzaRhPTvz	DIVINE	['desi hip hop', 'desi pop', 'desi trap', 'hindi hip hop']	[2020]	1	1
6sqZoZxe9BQwk7Zxh6STfF	Kadhja Bonet	['alternative r&b', 'indie soul', 'psychedelic soul']	[2020]	1	1
1XynjLPAyPi8SZAx8LHN0Z	Nuka	[]	[2020, 2021]	1	1
05YVYeV4HxYp5rrWalvuE1	Grover Washington, Jr.	[]	[2020]	1	1
6zFYqv1mOsgBRQbae3JJ9e	Billy Joel	['album rock', 'classic rock', 'heartland rock', 'mellow gold', 'piano rock', 'rock', 'singer-songwriter', 'soft rock']	[2019, 2020]	1	0
6MF9fzBmfXghAz953czmBC	Taio Cruz	['dance pop', 'pop', 'pop rap']	[2020, 2021, 2022]	1	0
6tUwA7Nt6EoMLy48nNVrgq	David Campbell	['australian pop']	[2020, 2021]	1	0
5zfEatKLDdRkgbw6sdLBAQ	Octavian	['afroswing', 'london rap', 'uk hip hop']	[2020]	1	1
3cqIsBnzV3BabbPWKz8Txf	Mud	['glam rock']	[2020, 2021]	1	0
2FBQIV8BJF5SrvXpziFE2M	Redgum	['australian rock']	[2020, 2021, 2022]	1	0
15iVAtD3s3FsQR4w1v6M0P	Chief Keef	['chicago bop', 'chicago drill', 'chicago rap', 'drill', 'hip hop', 'rap', 'trap']	[2020]	1	1
2xkB95KvNeniu5RTI7QopU	Vidwaan Boon	[]	[2020]	1	0
4qIVPF0s71ZYW3qzhu5GkF	Kina	['sad lo-fi']	[2019, 2020]	1	1
5fSVkkuijRIpxuvSqysYiP	Snøw	['sad lo-fi', 'sad rap']	[2019, 2020]	1	1
0x7qiZJaal6j8qS7yCydFk	Savage Ga$p	['aesthetic rap']	[2020]	1	1
1nGRqM8VNcQOcFsOnhpInD	ATR Son Son	[]	[2020]	1	1
6GpcBKNmZDIrRzYkPJu7Wd	flora cash	['indie pop', 'scandipop', 'swedish indie folk']	[2020]	1	0
6aeuDb3tA4S9lTin8TvHWu	Yung Anime	[]	[2020]	1	1
0EYtRAnAXxVITPKoEDf2OB	LILMozart	[]	[2020]	1	1
3bmFPbLMiLxtR9tFrTcKcP	Matthew Wilder	['new wave pop']	[2020]	1	0
2PaZWGu5T5nHjY2xxAkFsT	THE SCOTTS	['viral rap']	[2020]	1	1
6fFfnKGVI6X3lkCr8Qw1g1	KXNG Crooked	['cali rap', 'detroit hip hop']	[2020]	1	1
1q13yHC6Syg5Y8iPLrRnCq	Joell Ortiz	['battle rap']	[2020]	1	1
6GaWtlUT3oavD9SEzhZrA1	Shaun Ross	[]	[2019, 2020]	1	1
6TLwD7HPWuiOzvXEa3oCNe	Oliver Tree	['alternative hip hop']	[2021, 2022]	1	0
6WFDpw4u23uSpon4BHvFRn	Cat Burns	['uk pop']	[2022]	1	0
2VSHKHBTiXWplO8lxcnUC9	GAYLE	['modern alternative pop']	[2021, 2022]	1	0
63wjoROpeh5f11Qm93UiJ1	Keri Hilson	['dance pop', 'hip pop', 'r&b', 'urban contemporary']	[2022]	1	1
4TLCPR1sMYoNU1jA7O4uww	D.O.E.	[]	[2022]	1	1
7bPU7cvfoD20ixGD9Qnqki	Stealers Wheel	['folk rock']	[2021, 2022]	1	0
1NRzxuPpdGushT8YmF5NAa	Edison Lighthouse	[]	[2022]	1	0
6zlR5ttMfMNmwf2lecU9Cc	Sam Fender	['modern rock', 'north east england indie']	[2021, 2022]	1	0
71szvmFWd7TUa7b6XmXj9k	Emmy Meli	[]	[2021, 2022]	1	0
4fwuXg6XQHfdlOdmw36OHa	Paloma Faith	['british soul', 'talent show']	[2022]	1	0
23xqmJEN3oVxwzqtNIyR5m	AnnenMayKantereit	['cologne indie', 'german singer-songwriter']	[2022]	1	1
5wD0owYApRtYmjPWavWKvb	Giant Rooks	[]	[2022]	1	1
6QrQ7OrISRYIfS5mtacaw2	Jaymes Young	['indie poptimism']	[2021, 2022]	1	0
64H8UqGLbJFHwKtGxiV8OP	THE ANXIETY	['modern alternative pop']	[2021, 2022]	1	1
1xoxekeb8jUVHKJB7m6bfg	Tyler Cole	['bedroom soul']	[2021, 2022]	1	1
69UmThngo84p8zzyAAMkGB	YP	['aussie drill']	[2022]	1	1
3hA0yUEuLvjqvxtMlqznDb	King Stingray	['australian indie rock', 'australian indigenous']	[2022]	1	0
5Matrg5du62bXwer29cU5T	Benny The Butcher	['alternative hip hop', 'boom bap', 'buffalo hip hop', 'hip hop', 'upstate ny rap']	[2022]	1	1
7HZQqtnOYmjJl8XAB3Vg8y	Hoodoo Gurus	['australian rock', 'power pop']	[2019, 2021, 2022]	1	0
3Mcii5XWf6E0lrY3Uky4cA	Ice Cube	['conscious hip hop', 'g funk', 'gangster rap', 'hip hop', 'rap', 'west coast rap']	[2022]	1	0
57dN52uHvrHOxijzpIgu3E	Ratatat	['indietronica']	[2021, 2022]	1	1
1Cd373x8qzC7SNUg5IToqp	BoyWithUke	['sad rap']	[2021, 2022]	1	0
5A7HNCq6t0xNDOjZIUZDRk	YV	[]	[2022]	1	1
3OkbxDtag6zvVnAaa9YLLC	KAHUKX	['australian hip hop']	[2022]	1	0
13GA8qxVLDZs0oh1zZ872C	GoldSkull	[]	[2021, 2022]	1	0
1BEUkE2CSUgHTLSBMZdnFB	Mae Muller	['uk contemporary r&b', 'uk pop']	[2021, 2022]	1	1
2WzaAvm2bBCf4pEhyuDgCY	Ruth B.	['alt z', 'canadian contemporary r&b', 'canadian pop', 'pop']	[2022]	1	0
16oZKvXb6WkQlVAjwo2Wbg	The Lumineers	['folk-pop', 'modern rock', 'neo mellow', 'stomp and holler']	[2021, 2022]	1	0
1EVWYRr2obCRDoSoD6KSuM	Havana Brown	['australian dance', 'australian pop']	[2021, 2022]	1	1
3JsHnjpbhX4SnySpvpa9DK	V	['j-division', 'korean ost']	[2022]	1	0
2txHhyCwHjUEpJjWrEyqyX	Tom Odell	['chill pop']	[2021, 2022]	1	0
6Xz6ZnGZZ1KKct4jTyKKZv	SwitchOTR	['chill drill', 'melodic drill']	[2021, 2022]	1	1
7o2ZQYM7nTsaVdkXY38UAA	Em Beihold	['alt z', 'gen z singer-songwriter']	[2022]	1	0
4pnp4w9g30yLfVIAFnZMRd	ACRAZE	['pop dance', 'tech house']	[2021, 2022]	1	1
1c70yCa8sRgIiQxl3HOEFo	Cherish	['atl hip hop', 'girl group', 'hip pop', 'r&b', 'southern hip hop', 'urban contemporary']	[2021, 2022]	1	1
7f5Zgnp2spUuuzKplmRkt7	Lost Frequencies	['belgian edm', 'edm', 'pop dance', 'tropical house']	[2021, 2022]	1	1
6QMABvTzixnxzsLYyhqRxI	Majestic	['uk dance']	[2021, 2022]	1	1
7cYEt1pqMgXJdq00hAwVpT	Chase Atlantic	['alternative r&b']	[2022]	1	0
2W8yFh0Ga6Yf3jiayVxwkE	Dove Cameron	['pop']	[2022]	1	0
1r29dFdSenwksTQdkH7r6I	lil Shordie Scott	['meme']	[2022]	1	0
4RMdsc21y0aET1OCm32h1u	Ian Moss	['australian indigenous', 'australian rock']	[2021, 2022]	1	0
7tjVFCxJdwT4NdrTmjyjQ6	Muni Long	['indie r&b']	[2022]	1	0
6vVztIuqdDHvYWxOEXCzjN	SALES	['indie pop', 'orlando indie']	[2021, 2022]	1	0
2kCO8LXN1usaOPL3iEE28I	Tai Verdes	['modern indie pop', 'singer-songwriter pop']	[2021, 2022]	1	0
2JY5qzEozvTdogkDTkkOMf	The Wiggles	"[""australian children's music"", ""children's music""]"	[2022]	1	0
6AawJaQO4i99Be2A3w7BTW	Middle Kids	['australian indie', 'sydney indie']	[2022]	1	0
3EIJ8wiUHbgkRCt5cpRrQv	Damian Lazarus	['deep disco house', 'uk house']	[2022]	1	1
59oA5WbbQvomJz2BuRG071	Jungle	['indie soul', 'indietronica', 'uk contemporary r&b']	[2022]	1	1
1h6Cn3P4NGzXbaXidqURXs	Swedish House Mafia	['edm', 'pop dance', 'progressive electro house']	[2021, 2022]	1	1
2rAnv6brcXaglLZBB4XXEn	Nigo	[]	[2022]	1	1
08Ld63UgKrJ0nZnCkzHtzc	Project Pat	['crunk', 'dirty south rap', 'gangster rap', 'memphis hip hop', 'trap']	[2021, 2022]	1	1
67lytN32YpUxiSeWlKfHJ3	Yung Lean	['cloud rap', 'psychedelic hip hop', 'underground hip hop']	[2022]	1	0
1gALaWbNDnwS2ECV09sn2A	Nightcrawlers	['disco house', 'hip house', 'uk dance', 'vocal house']	[2021, 2022]	1	1
4L2dV3zY7RmkeiNO035Fi0	Mufasa & Hypeman	[]	[2021, 2022]	1	1
3Edve4VIATi0OZngclQlkN	Dopamine	[]	[2021, 2022]	1	1
2KEqzdPS7M5YwGmiuPTdr5	Rina Sawayama	['art pop', 'electropop', 'indie pop']	[2022]	1	1
5J8UACGRZtDb4WdOzo9YJN	MAY-A	['australian alternative pop']	[2022]	1	1
3MdXrJWsbVzdn6fe5JYkSQ	Latto	['trap queen']	[2022]	1	0
04qi4CymYf3E50Mt2na4QS	Grinspoon	['australian alternative rock', 'australian psych', 'australian rock']	[2022]	1	0
3gd8FJtBJtkRxdfbTu19U2	Mumford & Sons	['modern folk rock', 'modern rock', 'neo mellow', 'stomp and holler', 'uk americana']	[2022]	1	0
2mpeljBig2IXLXRAFO9AAs	Dido	['dance pop', 'europop', 'lilith', 'neo mellow', 'pop rock']	[2022]	1	1
4rCLXPaqaUjGa1aHDwkviR	Diesel	['australian rock']	[2021, 2022]	1	0
2RTUTCvo6onsAnheUk3aL9	3 Doors Down	['alternative metal', 'nu metal', 'post-grunge', 'rock']	[2022]	1	0
04uu8U3I1h26Fp2NBkPTRZ	Sam Tompkins	['singer-songwriter pop']	[2022]	1	1
2jp3Fk52x0HbymU0lNYbSC	Outlawz	['detroit hip hop', 'gangster rap']	[2022]	1	1
2lJ6K4PTrrweXhRiqh1CZE	SUPER-Hi	[]	[2022]	1	1
1JPZHb1qziDJ05n0a1OvfW	NEEKA	[]	[2022]	1	1
29PgYEggDV3cDP9QYTogwv	Carolina Gaitán - La Gaita	['movie tunes']	[2021, 2022]	1	1
36CUTsdtNgCwMq6zKD1l8I	Mauro Castillo	['modern salsa', 'movie tunes', 'salsa colombiana']	[2021, 2022]	1	1
2as15AH2BTrPk8v4gyElmr	Rhenzy Feliz	[]	[2021, 2022]	1	1
3GMoVpWJy4smKuxFuFTwXC	Roger	['funk', 'new jack swing', 'p funk', 'post-disco', 'quiet storm']	[2022]	1	1
0sMAHzxguan2KpnKFZPW2d	Sadie Jean	['alt z', 'singer-songwriter pop']	[2022]	1	0
26nStRV6Waedt17W4Uhx6l	John Leguizamo	['latino comedy']	[2022]	1	1
7oPxPZSk7y5q0fhzpmX5Gi	SEB	[]	[2021]	1	0
2hiq2iBnUik3mrOfEgRSpB	carolesdaughter	['alt z', 'pov: indie']	[2021]	1	0
26cMerAxjx9GedFt0lMDjm	Bella Poarch	['modern alternative pop']	[2021]	1	0
6vHBuUxrcpn1do5UaEJ7g6	Domo Genesis	['alternative hip hop', 'underground hip hop']	[2021]	1	1
22wbnEMDvgVIAGdFeek6ET	Benson Boone	['singer-songwriter pop']	[2021]	1	0
5r1bdqzhgRoHC3YcCV6N5a	The Darkness	['glam metal', 'hard rock']	[2021]	1	0
698hF4vcwHwPy8ltmXermq	Far East Movement	['asian american hip hop', 'dance pop', 'pop rap']	[2021]	1	1
7C64wNX3howEFZjAYRKsfP	The Cataracs	[]	[2021]	1	1
7Ip2u3e5Nv6fFb5xyIHxEE	DEV	[]	[2021]	1	1
6UBA15slIuadJ8h2lPRPos	Tech N9ne	['kansas city hip hop']	[2021]	1	1
1A8NEJYo3VW9aIZ6l55Dgu	Joey Cool	['kansas city hip hop']	[2021]	1	1
7vTyZmNA6LC0WRDg7V6yle	King Iso	[]	[2021]	1	1
4yJHrytMK7mqtKsXVGaBNg	Fana Hues	['alternative r&b', 'indie r&b']	[2021]	1	1
2NCGI6dLTxLdI9XHdv7QfM	The Andrews Sisters	['adult standards', 'swing', 'torch song', 'vocal harmony group']	[2021]	1	1
3fCQnw6VSudXBTN5d2QP2z	Gary Lightbody	['british singer-songwriter']	[2021]	1	1
2WgfkM8S11vg4kxLgDY3F5	StarBoi3	['viral rap']	[2021]	1	1
4B3aifxHtpcKHuNi12lmSt	WATTS	[]	[2021]	1	1
7jZM5w05mGhw6wTB1okhD9	ATB	['german dance', 'german techno', 'german trance', 'trance']	[2021]	1	1
4NqH3V7GS0Igs1VyGMXEi8	Mooski	['alabama rap']	[2021]	1	0
1LLc1LysYwIKPmcDVfrdMn	Reigan	['australian pop']	[2021]	1	1
44vREmJC0OlVZjZaGLqVEd	Morray	['pop rap']	[2021]	1	1
0RpddSzUHfncUWNJXKOsjy	Neon Trees	['modern rock', 'neo mellow', 'pop rock', 'pov: indie']	[2021]	1	0
7iTLGcddv1bOPirdYJjKVy	Dj Yo!	[]	[2021]	1	1
5fUXK5m3BNwoRgTyKq8tnz	AX'EL	[]	[2021]	1	1
72Nhcx7prNk2ZCxhx0Y5es	Amy Grant	['christian music']	[2021]	1	0
03d2mJXSMtuPI0nIvLnhoS	Zoe Wees	['german pop']	[2021]	1	1
6lay1nwbE6hTx1jivysUAL	Princess Nokia	['alternative r&b', 'escape room', 'lgbtq+ hip hop', 'trap queen']	[2021]	1	1
7pwufEBGfggjoI8twqlsmQ	Nessa Barrett	['social media pop']	[2021]	1	0
4np9Zzw0SEYQLcGv28P51q	TRAVI	[]	[2021]	1	1
46HzS7yz0c9udVwtbHk1sx	Cochise	['plugg', 'pluggnb', 'rage rap']	[2021]	1	1
7uXoqYYwYwTUMF2zSF9Fwl	Huskii	['aussie drill', 'australian trap', 'australian underground hip hop']	[2021]	1	1
53rBi3LpNcMJUTSANS6uYT	DAISY WORLD	[]	[2021]	1	1
7pqRrWbKf5yMxy79G3YdKc	Sydney Yungins	['aussie drill']	[2021]	1	0
3M9XAM57a4qFz3v6Lq27t2	Kellin Quinn	[]	[2021]	1	1
3BdNGqMrOUmUQRSh6u6GHo	Izzie Gibbs	['grime', 'uk hip hop']	[2021]	1	1
0X3nsc84A9qlFilmlWNwQb	Scorey	['upstate ny rap']	[2021]	1	1
0fGcIStdT1OpFFhOC7Wp36	Teezo Touchdown	['chill abstract hip hop', 'indie hip hop']	[2021]	1	1
4qYpTEJThZ8FC8KzyFrSWW	Boj	['afrobeats', 'alte', 'nigerian pop']	[2021]	1	1
0tvpihdAsKiNnP6sWS3jUI	TroyBoi	['bass trap', 'electronic trap']	[2021]	1	1
5kPsbSWuadXAb2wheoVRkf	John Williamson	"[""australian children's music"", 'australian country', 'australian rock', 'bush ballad']"	[2021]	1	0
4mLJ3XfOM5FPjSAWdQ2Jk7	Dr. Dog	['chamber pop', 'indie rock', 'modern folk rock', 'modern rock', 'philly indie', 'pov: indie', 'stomp and holler']	[2021]	1	0
1ViLuYdL1yATbOu4NDKedh	Kapulet	['australian r&b']	[2021]	1	1
0CUpzKPDfIVzYqMn47jiV3	Curtis Harding	['funk', 'psychedelic soul']	[2021]	1	1
2AMeiDbfU2vonrTkpXDKUu	Kay Flock	['bronx drill', 'melodic drill', 'new york drill']	[2021]	1	1
1r1uxoy19fzMxunt3ONAkG	Phoebe Bridgers	['indie pop', 'la indie', 'pov: indie']	[2021]	1	1
491U1PrV1EoQuhM0aUCn9r	M Huncho	['uk hip hop']	[2021]	1	1
2MuFzH1J5I6gGFYo2qhZmX	Ryn Weaver	['electropop', 'indie poptimism']	[2021]	1	0
3klZnJvYGIbWritVwQD434	Duncan Laurence	['dutch pop']	[2021]	1	0
1PNvaesh1mkKZucGhBuqgD	Danny L Harle	['escape room', 'hyperpop', 'proto-hyperpop']	[2021]	1	1
3ReRflPpQwIKOE9gsZ6vTC	DJ Danny	[]	[2021]	1	1
22hWz22JAmIhIEp0u1X01L	DUSTY LOCANE	['new york drill']	[2021]	1	0
6W32hq7OVgrNXNCEU4RgfD	Tamae	[]	[2021]	1	1
59HbaJ5E8ud7FNLGqUN1KH	Capella Grey	['pop rap']	[2021]	1	1
7emez5lGlXnCUAkL2qgt4z	CG	[]	[2021]	1	1
3Oim8XBPbznAa8Jj8QzNc8	Cults	['experimental pop', 'indie surf']	[2021]	1	1
4vpGVGgxSDcCTmqYbsOnsn	Amber Coffman	['art pop']	[2021]	1	1
0e86yPdC41PGRkLp2Q1Bph	Mother Mother	['pov: indie', 'vancouver indie']	[2021]	1	0
1FtBEIWAwvw5ymBen5GICR	Chlöe	[]	[2021]	1	0
1buzCmyYZE4kcdLRudsb8V	Mikky Ekko	['nashville indie']	[2021]	1	1
1FqqOl9itIUpXr4jZPIVoT	The Drifters	['adult standards', 'doo-wop', 'rock-and-roll', 'rockabilly', 'soul']	[2021]	1	0
41U5QueLMyYyJ3Hoe4kKX4	Gurrumul	['australian indigenous']	[2021]	1	1
49HlOY4gkHqsYG9GCuhkcc	Celeste	['british soul']	[2021]	1	0
5oNgAs7j5XcBMzWv3HAnHG	DJ Drama	['dirty south rap', 'philly rap', 'southern hip hop', 'trap']	[2021]	1	1
7Lk9V7E1u5gqSHmtcKlOqH	Sara Kays	['alt z', 'gen z singer-songwriter', 'modern indie pop']	[2021]	1	0
7s3eCGNZMrwUQraXlocCBv	Bizzy Banks	['brooklyn drill', 'new york drill']	[2021]	1	1
2ye2Wgw4gimLv2eAKyk1NB	Metallica	['hard rock', 'metal', 'old school thrash', 'rock', 'thrash metal']	[2021]	1	0
7xBGi7Eign0fX7jGQj5KlJ	GRACEY	['uk pop']	[2021]	1	1
4FeLiFUPdxVfFo8oOfA4BH	Rah Swish	['brooklyn drill', 'new york drill', 'nyc rap']	[2021]	1	1
2y8Jo9CKhJvtfeKOsYzRdT	Rod Stewart	['mellow gold', 'soft rock']	[2021]	1	1
3eFo5fMv53RYZBYlvT5Z6a	Chris Botti	['jazz trumpet', 'smooth jazz']	[2021]	1	1
6jeg7JBX9J9097esK752iR	Smiley	['canadian hip hop', 'toronto rap']	[2021]	1	1
1ruutHJcECI7cos2n5TqpO	Nayer	['deep dance pop']	[2021]	1	1
1PKErrAhYFdfrDymGHRQRo	Nathan Evans	[]	[2021]	1	1
4Euia7UzdRshy1DJOSMTcs	220 KID	['uk dance']	[2021]	1	1
2vnB6tuQMaQpORiRdvXF9H	Beach Bunny	['bubblegrunge', 'chicago indie', 'indie pop', 'pov: indie']	[2021]	1	0
4wP1kxjUsc9IR4Iy2smL7o	Trinidad Cardona	['sped up']	[2021]	1	0
25A5LqeSK0yH4ks5fGxbI2	Sava	[]	[2021]	1	1
3AFt30387waHIjjDL63XeI	OTP	['melodic drill']	[2021]	1	1
6xNUn9epduXbZmCgsxutSx	BM X MINI	['uk drill']	[2021]	1	1
3nohf4qILMr5aUSOsolwxB	Jona Lewie	['new wave pop']	[2021]	1	0
12j6dJrPXanCBwY599pZxf	Matt Maltese	['indie anthem-folk', 'indie pop', 'pov: indie']	[2021]	1	0
0BKx4UjPvXVGY15u0xFbbi	JAY1	['uk hip hop']	[2021]	1	1
58ICshZ0AgBMNJiLHK3U8l	Deno	['uk hip hop']	[2021]	1	1
6niasBrBbbzrUe7iWT6swJ	Open Till L8	['australian electropop']	[2021]	1	1
1A9o3Ljt67pFZ89YtPPL5X	Snoh Aalegra	['alternative r&b', 'scandinavian r&b', 'swedish soul']	[2021]	1	1
1mcTU81TzQhprhouKaTkpq	Rauw Alejandro	['puerto rican pop', 'reggaeton', 'trap latino', 'urbano latino']	[2021]	1	1
74V3dE1a51skRkdII8y2C6	André 3000	['atl hip hop', 'dirty south rap', 'hip hop', 'southern hip hop']	[2021]	1	1
2y246nnP9pQT0E6v3ZMMOO	Night Lovell	['aesthetic rap', 'canadian hip hop', 'canadian trap', 'cloud rap', 'dark trap', 'ottawa rap']	[2021]	1	1
4frXpPxQQZwbCu3eTGnZEw	Thundercat	['afrofuturism', 'indie soul']	[2021]	1	1
5K0rbdBrs2tNXe5LeWMATT	Bootsy Collins	['funk', 'p funk', 'soul']	[2021]	1	1
7gXy60xRcwYujBFoYHnR2O	Big Red Machine	['eau claire indie', 'folktronica']	[2021]	1	1
4qXC0i02bSFstECuXP2ZpL	Blxst	['pop rap', 'westcoast flow']	[2021]	1	1
6utdPEv71mR0DnGp74cJIz	Disney Characters	['movie tunes']	[2021]	1	0
0nCiidE5GgDrc5kWN3NZgZ	Emerson, Lake & Palmer	['album rock', 'art rock', 'blues rock', 'british blues', 'classic rock', 'folk rock', 'hard rock', 'mellow gold', 'progressive rock', 'singer-songwriter', 'soft rock', 'symphonic rock', 'synth prog']	[2021]	1	0
5uWT1NONby2BqNCu42fdDc	A92	['irish drill']	[2021]	1	1
3z9G13I73VCCZgf2j7i8q2	Offica	['anime drill', 'irish drill', 'irish hip hop']	[2021]	1	1
6mHcziq4XT3ejLdrEM6xwk	Canking	['chill drill', 'melodic drill']	[2021]	1	1
3ZA5bjFosTjcP6FFD6NdBJ	Ess2Mad	['persian drill']	[2021]	1	1
75VKfyoBlkmrJFDqo1o2VY	Fireboy DML	['afrobeats', 'nigerian pop']	[2021]	1	1
5F1aAS1duwlzExnPs3l2Xe	Pooh Shiesty	['memphis hip hop', 'tennessee hip hop', 'trap']	[2021]	1	1
4PcesEvU9iICf7dwNt5B3l	Justus Bennetts	['gen z singer-songwriter']	[2021]	1	0
15ZjD8Gus20Miqw3fdOaXX	Stunna Gambino	['nyc rap']	[2021]	1	1
70NcAr4ZtA3FAqU16iQZSb	dhruv	['nyc pop']	[2021]	1	0
3yDIp0kaq9EFKe07X1X2rz	Nile Rodgers	['disco']	[2021]	1	1
5fmvGUlMVgmnCn45f1he7d	Andrew Gold	['underground power pop']	[2021]	1	0
5FxshnB3eJ2YDn8xN8zDKq	Hannah Kerr	['anthem worship', 'ccm']	[2021]	1	0
2NZN0JDhWXmMmhSXTbhm1h	SR	['uk drill']	[2021]	1	0
1fctva4kpRbg2k3v7kwRuS	Rvssian	['reggaeton', 'trap latino', 'urbano latino']	[2019]	1	1
7meyrw7Or5DwteYxDJrkCM	YK Osiris	['melodic rap', 'trap']	[2019]	1	0
0MsXN56oNCyqorqEPViWgQ	Carlos Santana	[]	[2019]	1	1
3aGFCoR8xGN6DKwvdzeSja	ILOVEMAKONNEN	['atl hip hop', 'lgbtq+ hip hop', 'trap']	[2019]	1	1
5vBrKGOjN10BMwB0cJADj4	bülow	['alt z', 'indietronica']	[2019]	1	1
07QEuhtrNmmZ0zEcqE9SF6	Owl City	['indietronica', 'pop']	[2019]	1	0
63XBtGSEZINSyXylZxEUbv	Victoria Monét	['alternative r&b']	[2019]	1	1
2auiVi8sUZo17dLy1HwrTU	Solange	['afrofuturism', 'alternative r&b', 'r&b', 'urban contemporary']	[2019]	1	0
14scxEoUN7Dcx1m4EQ7oHe	Ashley O	[]	[2019]	1	0
2c9O21YLFy4tFI9zCVhbFg	Sunday Service Choir	[]	[2019]	1	1
04oDzmkwBweoG2NdgDRQ4W	Nyassa	[]	[2019]	1	1
2elBjNSdBE2Y3f0j1mjrql	Jay Chou	['c-pop', 'mandopop', 'taiwan pop', 'zhongguo feng']	[2019]	1	1
6H93wOohK6r1MwGh41Z4Nb	Ashin Chen	['taiwan pop']	[2019]	1	1
2J257euzcjnDLipsyJH3F2	Clipse	['alternative hip hop', 'hardcore hip hop', 'hip hop', 'southern hip hop', 'virginia hip hop']	[2019]	1	1
6I3M904Y9IwgDjrQ9pANiB	Kenny G	['smooth jazz', 'smooth saxophone']	[2019]	1	1
4xrDCETyApzUQ6xzcc6QtS	Jack River	['australian indie', 'australian pop']	[2019]	1	1
75WcpJKWXBV3o3cfluWapK	Lute	['indie hip hop', 'north carolina hip hop', 'underground hip hop']	[2019]	1	1
7xX15v6ahAkcT14kHfB9wB	True Damage	['k-rap']	[2019]	1	1
2YFBOR9KIxC6WqHclkj9Yq	Keke Palmer	['pop r&b', 'post-teen pop', 'r&b']	[2019]	1	1
6Xg22wJOAcnvPUfk5WvODH	JEON SOYEON	['k-pop']	[2019]	1	1
1igl9M102nuD96lo3ZoW5d	Thutmose	[]	[2019]	1	1
5t06MTkDD3yr5LVs3YFLQC	Divinyls	['australian rock', 'new wave pop']	[2019]	1	0
1rHOtdmGNr5vcYNw5v7QGC	Kenny Beats	['indie hip hop', 'trap', 'underground hip hop']	[2019]	1	1
3XV0lFzNs8BCTwhJTcMiBr	Blue Ivy	[]	[2019]	1	1
3vQ0GE3mI0dAaxIMYe5g7z	Paulo Londra	['argentine hip hop', 'trap argentino', 'trap latino', 'urbano latino']	[2019]	1	1
2auC28zjQyVTsiZKNgPRGs	RM	['k-rap']	[2019]	1	1
1zTAQ6zkGz2L2i6lfR30EX	The Presets	['alternative dance', 'australian dance', 'australian indie']	[2019]	1	1
6yJ6QQ3Y5l0s0tn7b0arrO	JPEGMAFIA	['alternative hip hop', 'experimental hip hop', 'industrial hip hop', 'underground hip hop']	[2019]	1	1
5wTdspmxzb8V4ZjvDodpBo	A Touch Of Class	['europop']	[2019]	1	1
0FVsUxcFSlxwIM7Qs31s6J	Billy Eichner	['movie tunes']	[2019]	1	1
7xX39IyguhWsTIg4eU2reH	Seth Rogen	['movie tunes']	[2019]	1	1
25IG9fa7cbdmCIy3OnuH57	The Chicks	['contemporary country', 'country', 'country dawn']	[2019]	1	1
1nwPEi1UZdJtCxBqATpsq3	Ruby Fields	['australian garage punk', 'australian indie', 'australian pop']	[2019]	1	0
0XKOBt59crntr7HQXXO8Yz	Brooks & Dunn	['contemporary country', 'country', 'country road']	[2019]	1	1
0f2YkMXwFNJNSX7MymevKE	Kaash Paige	[]	[2019]	1	0
0haZhu4fFKt0Ag94kZDiz2	Sofía Reyes	['latin pop', 'latin viral pop', 'mexican pop', 'reggaeton']	[2019]	1	1
7FNnA9vBm6EKceENgCGRMb	Anitta	['funk pop', 'funk rj', 'pagode baiano', 'pop', 'pop nacional']	[2019]	1	1
65CKKZilbcSKkAPC9a5Mvh	Oumou Sangaré	['afropop', 'malian blues', 'mande pop', 'wassoulou', 'world']	[2019]	1	1
2ndyVAdV9UqF1XjyTJt484	Fred Hammond	['gospel']	[2019]	1	1
0vEsuISMWAKNctLlUAhSZC	Counting Crows	['neo mellow', 'pop rock', 'post-grunge', 'rock']	[2019]	1	0
7vXDAI8JwjW531ouMGbfcp	TINI	['latin pop', 'pop argentino']	[2019]	1	1
5ywIxMaX80lDjSzzj7wqto	Kwame	['australian hip hop']	[2019]	1	1
4ODo634wVqDxqgVSlXE2LO	HWLS	['vapor twitch']	[2019]	1	1
1EOuZ9k42Xpo2pGtpv986O	Timberwolf	['adelaide indie']	[2019]	1	1
6RedK3o51NbUJuJxXlT4kj	88-Keys	['alternative hip hop']	[2019]	1	1
4vjGlQWexbru6aOUCLTVir	Kiki Dee	['classic uk pop']	[2019]	1	1
4FZ3j1oH43e7cukCALsCwf	Jack White	['alternative rock', 'blues rock', 'garage rock', 'garage rock revival', 'indie rock', 'modern blues rock', 'modern rock', 'punk blues', 'rock']	[2019]	1	1
0NcPKaSNIHAM2RfioH9vMT	Guapdad 4000	['cali rap', 'oakland hip hop', 'scam rap', 'underground hip hop']	[2019]	1	1
07V3atNq2TyPNDYmzp6Dyy	Reese LAFLARE	['atl trap']	[2019]	1	1
0vaKiuLwFJLVU664A8GTjE	Jace	['deep underground hip hop']	[2019]	1	1
30C5wgn4celhRP3Tytv7R6	Mez	['north carolina hip hop']	[2019]	1	1
6PDLwWvgYNMfBRLqC1h5cJ	Buddy	['alternative r&b', 'cali rap']	[2019]	1	1
6uNiUxDeo17yUnA472Zhni	Nat Dunn	[]	[2019]	1	1
4gHcu2JoaXJ0mV4aNPCd7N	Benny Sings	['dutch pop', 'indie soul']	[2019]	1	1
5qa31A9HySw3T7MKWI9bGg	FLETCHER	['alt z', 'pop']	[2019]	1	0
0YrtvWJMgSdVrk3SfNjTbx	Death Cab for Cutie	['alternative rock', 'chamber pop', 'indie rock', 'indietronica', 'modern rock', 'seattle indie', 'washington indie']	[2019]	1	1
3ApUX1o6oSz321MMECyIYd	Quinn XCII	['indie pop rap']	[2019]	1	1
3uZFBSsMiooimnprFL9jD1	Snow	['canadian old school hip hop', 'reggae fusion']	[2019]	1	1
3dKjmeRZcSUw617CoMzEA0	Nafe Smallz	['afroswing', 'uk hip hop']	[2019]	1	1
6t9tbRO9Lv6Oq6xtVwfdrn	Theresa Rex	['scandipop']	[2019]	1	1
3SGLeWc7J5Ve0CinAOrb3a	Skegss	['australian surf rock', 'indie surf']	[2019]	1	0
6eVWXmKBW7Iltub01D9R1c	Valerie Broussard	['bossbeat', 'modern alternative pop']	[2019]	1	1
