artist_id	name	genres	years_on_charts	num_hits	num_collab_hits
3TVXtAsR1Inumwj472S9r4	Drake	['canadian hip hop', 'canadian pop', 'hip hop', 'rap', 'toronto rap']	[2017, 2018, 2019, 2020, 2021, 2022]	153	77
0Y5tJX1MQlPlqiwlOH1tJY	Travis Scott	['hip hop', 'rap', 'slap house']	[2017, 2018, 2019, 2020, 2021]	110	87
66CXWjxzNUsdJxJ2JdwvnR	Ariana Grande	['pop']	[2017, 2018, 2019, 2020, 2021, 2022]	98	43
3Nrfpe0tUJi4K4DXYWgMUX	BTS	['k-pop', 'k-pop boy group', 'pop']	[2017, 2018, 2019, 2020, 2021]	97	20
7dGJo4pcD2V6oG8kP0tJRR	Eminem	['detroit hip hop', 'hip hop', 'rap']	[2017, 2018, 2019, 2020, 2021, 2022]	92	44
1Xyo4u8uXC1ZmMpatF05PJ	The Weeknd	['canadian contemporary r&b', 'canadian pop', 'pop']	[2017, 2018, 2019, 2020, 2021, 2022]	91	40
1UdbiTrv73Dp7F0s3OHmn2	Light	['greek hip hop', 'greek trap']	[2018, 2019, 2020, 2021, 2022]	89	57
3KcZf8BFeFBtnGyOZmUggd	Mad Clip	['greek hip hop', 'greek trap']	[2018, 2019, 2020, 2021, 2022]	86	63
4MCBfE4596Uoi2O4DtmEMz	Juice WRLD	['chicago rap', 'melodic rap', 'rap']	[2018, 2019, 2020, 2021, 2022]	85	38
246dkjvS1zLTtiykXe5h60	Post Malone	['dfw rap', 'melodic rap', 'pop', 'rap']	[2017, 2018, 2019, 2020, 2021, 2022]	81	45
1SZwJYkX5jEm8xqZXSGXjj	iLLEOo	['greek hip hop', 'greek trap']	[2018, 2019, 2020, 2021, 2022]	76	57
06HL4z0CvFAxyc27GXpf02	Taylor Swift	['pop']	[2017, 2018, 2019, 2020, 2021]	72	13
00FQb4jTyendYWaN8pK0wa	Lana Del Rey	['art pop', 'pop']	[2017, 2018, 2019, 2020, 2021, 2022]	70	19
5K4W6rqBFWDnAN6FQUkS6x	Kanye West	['chicago rap', 'hip hop', 'rap']	[2017, 2018, 2019, 2020, 2021, 2022]	68	24
1RyvyyTE3xzB2ZywiAwp0i	Future	['atl hip hop', 'hip hop', 'rap', 'southern hip hop', 'trap']	[2017, 2018, 2019, 2020, 2021, 2022]	68	54
0hCNtLu0JehylgoiP8L4Gh	Nicki Minaj	['hip pop', 'pop', 'queens hip hop', 'rap']	[2017, 2018, 2019, 2020, 2021, 2022]	68	57
6oMuImdp5ZcFhWP0ESe6mG	Migos	['atl hip hop', 'hip hop', 'rap', 'trap']	[2017, 2018, 2019, 2020, 2021]	66	36
1uNFoZAHBGtllmzznpCI3s	Justin Bieber	['canadian pop', 'pop']	[2017, 2018, 2019, 2020, 2021, 2022]	64	43
1URnnhqYAYcrqrcwql10ft	21 Savage	['atl hip hop', 'hip hop', 'rap', 'trap']	[2017, 2018, 2019, 2020, 2021, 2022]	64	46
15UsOTVnJzReFVN1VCnxy4	XXXTENTACION	['emo rap', 'miami hip hop']	[2017, 2018, 2019, 2020, 2021, 2022]	62	20
6WP5LSNdr1E55tl6USzhVB	Sin Boy	['greek hip hop', 'greek trap']	[2018, 2019, 2020, 2021, 2022]	60	18
0WxSlQlue0fq99fXfGBmxA	Fy	['greek trap']	[2018, 2019, 2020, 2021, 2022]	60	33
4O15NlyKLIASxsJ0PrXPfz	Lil Uzi Vert	['melodic rap', 'philly rap', 'rage rap', 'rap', 'trap']	[2017, 2018, 2019, 2020, 2021]	60	35
0VRj0yCOv2FXJNP47XQnx5	Quavo	['atl hip hop', 'melodic rap', 'rap', 'trap']	[2017, 2018, 2019, 2020, 2021]	60	53
6wN4QyhoM6fN49kEB25rnl	SNIK	['greek hip hop', 'greek trap']	[2018, 2019, 2020, 2021, 2022]	59	34
6qqNVTkY8uBg9cP3Jd7DAH	Billie Eilish	['art pop', 'electropop', 'pop']	[2018, 2019, 2020, 2021, 2022]	57	5
2CeSpJpSDU42CUgPdGfyo0	Thug Slime	['greek trap']	[2020, 2021, 2022]	57	26
50co4Is1HCEo8bhOyUWKpn	Young Thug	['atl hip hop', 'atl trap', 'gangster rap', 'melodic rap', 'rap', 'trap']	[2017, 2018, 2019, 2020, 2021, 2022]	55	55
0eDvMgVFoNV3TpwtrVCoTj	Pop Smoke	['brooklyn drill', 'rap']	[2019, 2020, 2021, 2022]	52	33
6eUKZXaKkcviH0Ku9w2n3V	Ed Sheeran	['pop', 'singer-songwriter pop', 'uk pop']	[2017, 2018, 2019, 2020, 2021, 2022]	52	25
2hlmm7s2ICUX0LVIhVFlZQ	Gunna	['atl hip hop', 'melodic rap', 'rap', 'trap']	[2018, 2019, 2020, 2021, 2022]	51	43
5f7VJjfbwm532GiveGC0ZK	Lil Baby	['atl hip hop', 'atl trap', 'rap', 'trap']	[2018, 2019, 2020, 2021, 2022]	49	41
4xRYI6VqpkE3UwrDrAZL8L	Logic	['conscious hip hop', 'hip hop', 'pop rap', 'rap']	[2017, 2018, 2019, 2020]	49	23
4r63FhuTkUYltbVAg5TQnk	DaBaby	['hip hop', 'north carolina hip hop', 'rap', 'trap']	[2019, 2020, 2021, 2022]	48	29
7siPnM6FjNP8KnXO5YDwAH	Mente Fuerte	['greek hip hop', 'greek trap']	[2018, 2019, 2020, 2021, 2022]	48	32
1LxWE4LOhnqeaAx2tVUK6p	Saske	['greek hip hop', 'greek trap']	[2018, 2019, 2020, 2021, 2022]	48	43
4kYSro6naA4h99UJvo89HB	Cardi B	['pop', 'rap']	[2017, 2018, 2019, 2020, 2021]	47	37
7bg4UOzqHiULOABzTycGyX	Immune	['greek drill']	[2020, 2021, 2022]	46	39
6LuN9FCkKOj5PcnpouEgny	Khalid	['pop', 'pop r&b']	[2017, 2018, 2019, 2020, 2021]	46	34
6l3HvQ5sa6mXTsMTB19rO5	J. Cole	['conscious hip hop', 'hip hop', 'north carolina hip hop', 'rap']	[2018, 2019, 2020, 2021]	43	18
6M2wZ9GZgrQXHCFfjv46we	Dua Lipa	['dance pop', 'pop', 'uk pop']	[2017, 2018, 2019, 2020, 2021, 2022]	42	19
0vUcZVCNG7i5OV0zb8Icfw	Hawk	['greek hip hop', 'greek trap']	[2018, 2019, 2020, 2021, 2022]	41	41
2ZXlAIBIejTdK0VlfsAqMV	Ypo	['greek hip hop', 'greek trap']	[2019, 2020, 2021, 2022]	41	30
7n2wHs1TKAczGzO7Dd2rGr	Shawn Mendes	['canadian pop', 'pop', 'viral pop']	[2017, 2018, 2019, 2020, 2021]	41	10
0C8ZW7ezQVs4URX5aX7Kqx	Selena Gomez	['pop', 'post-teen pop']	[2017, 2018, 2019, 2020, 2021]	41	20
0iEtIxbK0KxaSlF7G42ZOp	Metro Boomin	['rap']	[2017, 2018, 2019, 2020]	41	41
0fxvzvlu3VQV3wDIhAxBmn	DJ Stephan	['greek trap']	[2019, 2020, 2021, 2022]	40	40
2YZyLoL8N0Wb9xBt1NhZWg	Kendrick Lamar	['conscious hip hop', 'hip hop', 'rap', 'west coast rap']	[2017, 2018, 2019, 2020, 2021]	40	25
4nDoRrQiYLoBzwC5BhVJzF	Camila Cabello	['dance pop', 'pop']	[2017, 2018, 2019, 2020, 2021, 2022]	39	17
4DdkRBBYG6Yk9Ka8tdJ9BW	Offset	['atl hip hop', 'rap', 'trap']	[2017, 2018, 2019, 2020, 2021]	39	34
4YiKEuOS5GwMujJMkIPGFN	RICTA	['greek drill']	[2020, 2021, 2022]	38	38
7gZfnEnfiaHzxARJ2LeXrf	6ix9ine	['emo rap']	[2018, 2019, 2020, 2021]	38	25
4NKSnDH3KS823DGnHDDDsy	Bloody Hawk	['greek hip hop']	[2019, 2020, 2021, 2022]	36	8
55Aa2cqylxrFIXC767Z865	Lil Wayne	['hip hop', 'new orleans rap', 'pop rap', 'rap', 'trap']	[2017, 2018, 2019, 2020, 2021, 2022]	36	31
13ubrt8QOOCPljQ2FL1Kca	A$AP Rocky	['east coast hip hop', 'hip hop', 'rap', 'trap']	[2017, 2018, 2019, 2020, 2021]	36	26
48h12D3cJbqfn1ReVL9qbw	Strat	['greek drill']	[2020, 2021, 2022]	35	32
7jVv8c5Fj3E9VhNjxT4snq	Lil Nas X	['lgbtq+ hip hop']	[2019, 2020, 2021, 2022]	35	15
26VFTg2z8YR0cCuwLzESi2	Halsey	['electropop', 'etherpop', 'indie poptimism', 'pop']	[2017, 2018, 2019, 2020, 2021]	35	16
1tHNXjqv2f4qfAldD1hF5I	Fi Vita Sigma	['greek underground rap']	[2020, 2021, 2022]	34	34
69GGBxA162lTqCwzJG5jLp	The Chainsmokers	['electropop', 'pop']	[2017, 2018, 2019, 2020]	34	23
699OTQXzgjhIYAHMy9RyPD	Playboi Carti	['atl hip hop', 'plugg', 'pluggnb', 'rage rap', 'rap']	[2017, 2018, 2019, 2020, 2021, 2022]	33	15
53XhwfbYqKCa1cC15pYq2q	Imagine Dragons	['modern rock', 'pop', 'rock']	[2017, 2018, 2019, 2021, 2022]	33	4
7zYmrye7LvmpMkfHWrENu9	Mike G	['greek trap']	[2020, 2021, 2022]	32	32
1OJxI4NQfY6osMvhfRMMEX	Dof Twogee	['greek drill', 'greek hip hop']	[2019, 2020, 2021, 2022]	32	32
501ecrQlNfbAmZawdV0hzg	Lil Barty	['greek trap']	[2019, 2020, 2021, 2022]	31	20
4lpfvtAHLELZcezTOUHiQX	DJ.Silence	['dutch house']	[2019, 2020, 2021, 2022]	31	31
5LHRHt1k9lMyONurDHEdrp	Tyga	['hip hop', 'pop rap', 'rap', 'trap']	[2018, 2019, 2020, 2021]	31	28
4VMldqLa3majLarabWzuqk	Night Grind	['greek drill']	[2018, 2019, 2020, 2021, 2022]	30	30
1vyhD5VmyZ7KMfW5gqLgo5	J Balvin	['reggaeton', 'reggaeton colombiano', 'trap latino', 'urbano latino']	[2017, 2018, 2019, 2020, 2021]	30	27
6AgTAQt8XS6jRWi4sX7w49	Polo G	['chicago rap', 'rap']	[2019, 2020, 2021]	30	20
6YYOTK6Qyv6PuFipPxCCoe	RACK	['greek drill']	[2020, 2021, 2022]	30	29
7c0XG5cIJTrrAgEC3ULPiq	Ty Dolla $ign	['hip hop', 'pop rap', 'r&b', 'southern hip hop', 'trap', 'trap soul']	[2017, 2018, 2019, 2020, 2021]	30	30
1zNqQNIdeOUZHb8zbZRFMX	Swae Lee	['melodic rap', 'rap', 'trap']	[2017, 2018, 2019, 2020, 2021]	30	29
5qDpS8QhKjNRZ6aRrcpY1Z	BeTaf Beats	[]	[2020, 2021, 2022]	29	29
1Cs0zKBU1kc0i8ypK3B9ai	David Guetta	['big room', 'dance pop', 'edm', 'pop', 'pop dance']	[2017, 2018, 2019, 2021]	29	28
13y7CgLHjMVRMDqxdx0Xdo	Gucci Mane	['atl hip hop', 'dirty south rap', 'hip hop', 'pop rap', 'rap', 'southern hip hop', 'trap']	[2017, 2018, 2019]	29	29
6WzxopGY3sy97IeNFaDELc	Trannos	['greek drill', 'greek trap']	[2020, 2021, 2022]	28	21
0V0TEffOhc8TSKqNyC0sjr	City Center	[]	[2021, 2022]	28	28
6SWOdiks4Ac3lMM8NCqDm0	MG	['greek hip hop', 'greek trap']	[2019, 2020, 2021, 2022]	28	17
64Eb4jttIVIP6T2qVBP8wh	Slogan	['greek hip hop', 'greek trap']	[2018, 2019, 2020, 2021]	28	17
6KImCVD70vtIoJWnq6nGn3	Harry Styles	['pop']	[2017, 2019, 2020, 2021]	28	0
7fyyicH0HcrSE4GC6UmzEr	Smuggler	['greek trap']	[2018, 2019, 2020, 2021]	28	20
29Bl0nvClztM0dpgY2vvcc	Billy Sio	['greek hip hop', 'greek trap']	[2019, 2020, 2021]	27	23
3LcKlNE5nPPFpDtmc2wtdC	Moose	['greek trap']	[2019, 2020, 2021, 2022]	27	26
7AWAljMatr7bxddF4kWzXG	TOQUEL	['greek hip hop', 'greek trap']	[2018, 2019, 2020, 2021, 2022]	27	15
7tYKF4w9nC0nq9CsPZTHyP	SZA	['pop', 'r&b', 'rap']	[2017, 2018, 2019, 2020, 2021, 2022]	27	25
2t6NEGChLyMUnGnW1LupcS	Mani	['greek underground rap']	[2020, 2021, 2022]	26	26
2Iy8kK89T3l62dJcAkflqM	Bossikan	['greek drill', 'greek trap']	[2020, 2021, 2022]	26	26
4V8LLVI7PbaPR0K2TGSxFF	Tyler, The Creator	['hip hop', 'rap']	[2019, 2020, 2021, 2022]	26	10
5vcLO0kMM1sarGeTNRoQks	Styl Mo	['greek trap']	[2019, 2021]	26	18
5VzicjuhIv0IwMz15hEORa	VLOSPA	['greek trap']	[2019, 2020, 2021, 2022]	26	11
02kJSzxNuaWGqwubyUba0Z	G-Eazy	['indie pop rap', 'oakland hip hop', 'pop rap', 'rap']	[2017, 2018, 2019, 2020, 2021]	26	25
3e7awlrlDSwF3iM0WBjGMp	Little Mix	['girl group', 'pop', 'talent show', 'uk pop']	[2017, 2018, 2019, 2020, 2021]	26	9
7BXe1v4YJm7R5wg2ioeA1q	Dirty Harry	['greek trap']	[2020, 2021, 2022]	25	13
39E15l8zeCDYpSZwFNX4G2	Eleni Foureira	['greek pop', 'laiko']	[2017, 2018, 2019, 2020, 2021, 2022]	25	7
2wY79sveU1sp5g7SokKOiI	Sam Smith	['pop', 'uk pop']	[2017, 2018, 2019, 2020, 2021]	25	4
1HY2Jd0NmPuamShAr6KMms	Lady Gaga	['art pop', 'dance pop', 'pop']	[2017, 2018, 2019, 2020]	25	8
5YquORfLTx6nWMlBzJstx7	Konstantinos Argiros	['greek pop', 'laiko']	[2017, 2018, 2019, 2020, 2021, 2022]	24	3
1lqh5puCZTMsGJalV8Rjbe	Zoro&Buzz	['greek underground rap']	[2020, 2021]	24	24
5YGY8feqx7naU7z4HrwZM6	Miley Cyrus	['pop']	[2017, 2018, 2019, 2020, 2021]	24	12
1vCWHaC5f2uS3yhpwWbIA6	Avicii	['edm', 'pop', 'pop dance']	[2017, 2018, 2019, 2020]	24	11
3wyVrVrFCkukjdVIdirGVY	Lil Pump	['emo rap', 'miami hip hop', 'pop rap', 'rap', 'trap']	[2017, 2018, 2019, 2020]	24	13
5cj0lLjcoR7YOSnhnX0Po5	Doja Cat	['dance pop', 'pop']	[2019, 2020, 2021, 2022]	23	14
5EZmxPSk3RuSe9jda5RGxG	Long3	['greek hip hop', 'greek trap']	[2018, 2019, 2020, 2021, 2022]	23	21
6Xgp2XMz1fhVYe7i6yNAax	Trippie Redd	['melodic rap', 'rap', 'trap']	[2017, 2018, 2019, 2020, 2021]	23	17
2S6IpjPbMmKLJMhUJCIFMB	Tsaki	['greek hip hop', 'greek trap']	[2019, 2020, 2021, 2022]	23	22
64KEffDW9EtZ1y2vBYgq8T	Marshmello	['brostep', 'edm', 'pop', 'progressive electro house']	[2017, 2018, 2019, 2020, 2021]	23	21
0QHgL1lAIqAw0HtD7YldmP	DJ Khaled	['hip hop', 'miami hip hop', 'pop rap', 'rap']	[2017, 2018, 2019, 2020, 2021]	23	23
0cy6ZMOTeautXRNJsR6PiV	Ivan Greko	['greek drill', 'greek trap']	[2020, 2021, 2022]	22	15
0kw0RBxQ5PjqTePr8TrTI1	Negros Tou Moria	['greek hip hop']	[2019, 2020, 2021, 2022]	22	22
0JDrljGBQpzIKFIcZ4R1H4	Dani Gambino	['greek drill', 'greek hip hop']	[2020, 2021, 2022]	22	12
3YQKmKGau1PzlVlkL1iodx	Twenty One Pilots	['modern rock', 'pop', 'pov: indie', 'rock']	[2017, 2018, 2019, 2020, 2021]	22	0
5Rl15oVamLq7FbSb0NNBNy	5 Seconds of Summer	['boy band', 'pop']	[2018, 2019, 2020]	22	4
0lAWpj5szCSwM4rUMHYmrr	Måneskin	['indie rock italiano', 'italian pop', 'pop']	[2021, 2022]	21	0
1POlf5v8Q8ciCcWlAcxnEm	HGEMONA$	['greek drill']	[2020, 2021, 2022]	21	18
4dpARuHxo51G3z768sgnrY	Adele	['british soul', 'pop', 'pop soul', 'uk pop']	[2017, 2018, 2019, 2021, 2022]	21	0
31W5EY0aAly4Qieq6OFu6I	A Boogie Wit da Hoodie	['melodic rap', 'rap', 'trap']	[2018, 2019, 2020, 2021]	21	17
04gDigrS5kc9YWfZHwBETP	Maroon 5	['pop']	[2017, 2018, 2019, 2020, 2021]	21	18
5WUlDfRSoLAfcVSX1WnrxN	Sia	['australian dance', 'australian pop', 'pop']	[2017, 2018, 2019, 2020, 2021]	21	15
6S2OmqARrzebs0tKUEyXyp	Demi Lovato	['pop', 'post-teen pop']	[2017, 2018, 2019, 2020, 2021]	21	9
1zeAbUJAbLOWeYpgRVnYmu	FLY LO	['greek drill', 'greek trap']	[2020, 2021, 2022]	20	17
1nzgtKYFckznkcVMR3Gg4z	KSI	['uk hip hop']	[2019, 2020, 2021]	20	12
62tV1e6rfkhuGPewxuOsjD	Nume	['greek trap']	[2020, 2021, 2022]	20	20
7CajNmpbOovFoOoasH2HaY	Calvin Harris	['dance pop', 'edm', 'electro house', 'house', 'pop', 'progressive house', 'uk dance']	[2017, 2018, 2019, 2020]	20	19
5JZ7CnR6gTvEMKX4g70Amv	Lauv	['pop']	[2017, 2018, 2019, 2020]	20	8
5ZsFI1h6hIdQRw2ti0hz81	ZAYN	['pop', 'uk pop']	[2017, 2018, 2019, 2020, 2021]	19	9
757aE44tKEUQEqRuT6GnEB	Roddy Ricch	['melodic rap', 'rap', 'trap']	[2018, 2019, 2020, 2021]	19	17
2jku7tDXc6XoB6MO2hFuqg	Tory Lanez	['canadian hip hop', 'canadian trap', 'melodic rap', 'r&b', 'rap', 'toronto rap', 'trap']	[2017, 2018, 2019, 2020, 2021]	19	15
23fqKkggKUBHNkbKtXEls4	Kygo	['edm', 'pop', 'pop dance', 'tropical house']	[2017, 2018, 2019, 2020]	19	19
7Ln80lUS6He07XvHI8qqHH	Arctic Monkeys	['garage rock', 'modern rock', 'permanent wave', 'rock', 'sheffield indie']	[2018, 2019, 2020, 2021, 2022]	18	0
2ADDZ2HbeOUSVsbRslcZ3X	Above The Hood	['greek hip hop', 'greek trap', 'greek underground rap']	[2018, 2019, 2020, 2021]	18	18
0c173mlxpT3dSFRgMO8XPh	Big Sean	['detroit hip hop', 'hip hop', 'pop rap', 'r&b', 'rap', 'southern hip hop', 'trap']	[2017, 2018, 2019, 2020, 2021]	18	16
64M6ah0SkkRsnPGtGiRAbb	Bebe Rexha	['dance pop', 'pop']	[2017, 2018, 2019, 2020]	18	13
5fMUXHkw8R8eOP2RNVYEZX	Diplo	['edm', 'electro house', 'moombahton', 'pop dance']	[2017, 2018, 2019, 2020]	18	18
0A0FS04o6zMoto8OKPsDwY	YG	['cali rap', 'hip hop', 'pop rap', 'rap', 'southern hip hop', 'trap']	[2018, 2019]	18	16
1moxjboGR7GNWYIMWsRjgG	Florence + The Machine	['baroque pop', 'modern rock', 'neo mellow', 'uk alternative pop']	[2018, 2019, 2022]	18	0
41MozSoPIsD1dJM0CLPjZF	BLACKPINK	['k-pop', 'k-pop girl group', 'pop']	[2018, 2019, 2020]	18	6
71cZMt4XdCynLn983qeFow	Sigma	['greek hip hop']	[2019, 2020, 2021, 2022]	17	10
60d24wfXkVzDSfLS6hyCjZ	Martin Garrix	['dutch edm', 'edm', 'pop', 'pop dance', 'progressive house']	[2017, 2018, 2019, 2021]	17	17
46SHBwWsqBkxI7EeeBEQG7	Kodak Black	['florida drill', 'florida rap', 'melodic rap', 'miami hip hop', 'rap', 'trap', 'trap latino']	[2017, 2018, 2019, 2021]	17	11
4DCovF7ywxtJsviuldcV98	Pepe Frantik	['greek hip hop']	[2018, 2019, 2020, 2021]	17	17
5psOWQpFPYKVGbadI35wzB	Spine	['greek trap']	[2018, 2019, 2020, 2021]	17	17
6jJ0s89eD6GaHleKKya26X	Katy Perry	['pop']	[2017, 2019, 2020]	17	9
6vXTefBL93Dj5IqAWq6OTv	French Montana	['hip hop', 'pop rap', 'rap', 'southern hip hop', 'trap']	[2017, 2018, 2019, 2020]	17	17
6XyY86QOPPrYVGvF9ch6wz	Linkin Park	['alternative metal', 'nu metal', 'post-grunge', 'rap metal', 'rock']	[2017]	17	3
6extd4B6hl8VTmnlhpl2bY	Huncho Jack	['melodic rap', 'trap']	[2017, 2018]	17	17
0ZED1XzwlLHW4ZaG4lOT6m	Julia Michaels	['pop']	[2017, 2018, 2019, 2020]	17	11
1pPmIToKXyGdsCF6LmqLmI	Rich The Kid	['atl hip hop', 'melodic rap', 'plugg', 'rap', 'trap']	[2017, 2018, 2019]	17	10
2feDdbD5araYcm6JhFHHw7	Labrinth	['indie poptimism', 'pop']	[2017, 2018, 2019, 2020, 2022]	17	13
1uENJBsvFjDUv7OrH3DaKR	ATC Nico	['greek drill']	[2020, 2021, 2022]	16	13
6hyFvbMnKrLVujJZnovsWz	Marseaux	['greek fem rap', 'greek hip hop', 'greek pop']	[2020, 2021, 2022]	16	10
2PEGJAUmJGBWFxIMMyIvVl	Joker/Two-Face	['greek hip hop', 'greek underground rap']	[2019, 2021]	16	16
2y2N214hXiUO9Y1VyYl8tB	dwmnd	['greek hip hop']	[2019, 2021]	16	16
181bsRPaVXVlUKXrxwZfHK	Megan Thee Stallion	['houston rap', 'pop', 'rap', 'trap queen']	[2019, 2020, 2021, 2022]	16	13
6IDb1Sr6WglBeOZoqRT269	FANN	['greek drill']	[2020, 2021, 2022]	16	11
0qLu7eoKaRxK7MrwMCqFF1	Eisvoleas	['greek hip hop']	[2019, 2020, 2021]	16	3
6vWDO969PvNqNYHIOW5v0m	Beyoncé	['pop', 'r&b']	[2017, 2018, 2019, 2020]	16	10
5IcR3N7QB1j6KBL8eImZ8m	ScHoolboy Q	['gangster rap', 'hip hop', 'pop rap', 'rap', 'southern hip hop', 'trap']	[2017, 2018, 2019]	16	9
4Gso3d4CscCijv0lmajZWs	Don Toliver	['rap', 'trap']	[2019, 2020, 2021]	15	10
6jGMq4yGs7aQzuGsMgVgZR	Lil Tjay	['brooklyn drill', 'melodic rap', 'nyc rap', 'rap']	[2019, 2020, 2021]	15	12
0LuYYFDRJd3PNTh1k4nFRN	GAB	['greek drill', 'greek trap']	[2020, 2021, 2022]	15	13
6ZjFtWeHP9XN7FeKSUe80S	Bing Crosby	['adult standards', 'easy listening', 'lounge']	[2017, 2018, 2019, 2020, 2021]	15	3
3us9fVKGxelK4OfEMng997	Ethismos	['greek drill', 'greek underground rap']	[2020, 2021, 2022]	15	15
72psY0qma8uEbuSXL8LtT5	Buzz	['greek underground rap']	[2020, 2021]	15	15
5521NezFH11BqC62R1WCWW	Rio	['greek underground rap']	[2020, 2021, 2022]	15	15
1HBjj22wzbscIZ9sEb5dyf	Jonas Blue	['pop', 'pop dance', 'tropical house', 'uk dance']	[2017, 2018, 2019]	15	15
6VuMaDnrHyPL1p4EHjYLi7	Charlie Puth	['pop', 'viral pop']	[2017, 2018, 2019, 2022]	15	6
5CCwRZC6euC8Odo6y9X8jr	Rita Ora	['dance pop', 'pop', 'uk pop']	[2017, 2018, 2019]	15	9
17lzZA2AlOHwCwFALHttmp	2 Chainz	['atl hip hop', 'hip hop', 'pop rap', 'rap', 'southern hip hop', 'trap']	[2017, 2018, 2019, 2020]	15	15
2kCcBybjl3SAtIcwdWpUe3	Lil Peep	['cloud rap', 'emo rap', 'lgbtq+ hip hop']	[2018, 2019]	15	4
1MicVtcHS3vuNVCrd1un7s	Nikos Oikonomopoulos	['greek pop', 'laiko']	[2017, 2018, 2019, 2020, 2021, 2022]	14	0
0ydmHwy5hFIaJEoZWWcKxC	Sapranov	['greek trap']	[2018, 2019, 2020, 2021, 2022]	14	14
1McMsnEElThX1knmY4oliG	Olivia Rodrigo	['pop']	[2021, 2022]	14	0
0Xk68OyHT2f2wWdKfO3juX	Eversor	[]	[2020, 2021, 2022]	14	14
6fIBCdiEDMUziaNwDi2Awb	Kareem Kalokoh	['greek trap']	[2019, 2020, 2021, 2022]	14	13
1i8SpTcr7yvPOmcqrbnVXY	Ozuna	['puerto rican pop', 'reggaeton', 'trap latino', 'urbano latino']	[2017, 2018, 2019, 2020]	14	13
3N4FiTxpPQRsrihmTMN349	Marcus & Martinus	['mgpjr', 'norwegian pop']	[2017, 2018, 2019]	14	3
1zNqDE7qDGCsyzJwohVaoX	Anne-Marie	['pop']	[2017, 2018, 2019, 2020]	14	8
20sxb77xiYeusSH8cVdatc	Meek Mill	['hip hop', 'philly rap', 'pop rap', 'rap', 'southern hip hop', 'trap']	[2018, 2019, 2020]	14	14
7sqEbHUwpaJTFqLv8e0W0J	ATC Taff	['greek drill', 'greek underground rap']	[2020, 2021, 2022]	13	10
0du5cEVh5yTK9QJze8zA0C	Bruno Mars	['dance pop', 'pop']	[2017, 2018, 2019, 2021]	13	11
5svarA8QyRUWetgH9ZouQq	Sadam	['greek drill', 'greek trap', 'greek underground rap']	[2019, 2020, 2021]	13	13
4hjnUrxUPiNsPgFMWkBvIl	Zoro	[]	[2020, 2021]	13	13
39MSMcTSVkk9Wy5X1Dozwp	Hatemost	['greek trap', 'greek underground rap']	[2019, 2020, 2021]	13	13
3ObDUGvTK5W2QJqBQyIkm1	LEX	['greek trap']	[2019, 2020, 2021]	13	2
4Q6nIcaBED8qUel8bBx6Cr	Jax Jones	['dance pop', 'edm', 'house', 'pop dance', 'uk dance', 'uk pop']	[2017, 2018, 2019, 2021]	13	13
6p5qNRLXkVrmKVRPMaL6qP	Evan Spikes	['greek trap']	[2019, 2020, 2021]	13	13
0fA0VVWsXO9YnASrzqfmYu	Kid Cudi	['hip hop', 'ohio hip hop', 'pop rap', 'rap']	[2018, 2019, 2020, 2021]	13	9
0cGUm45nv7Z6M6qdXYQGTX	Kehlani	['pop', 'r&b']	[2017, 2018, 2019, 2020]	13	13
4Ga1P7PMIsmqEZqhYZQgDo	Lil Tecca	['melodic rap', 'pluggnb', 'rap']	[2019, 2020, 2021]	12	1
3G85NIbs2Vox1KYCguH62c	Dj Mode	[]	[2020, 2021]	12	12
1Hj13p1TFwirPlIxOdEgZx	Dimitris Koufoudakis	[]	[2020, 2021, 2022]	12	12
45FQfgBXKsdtElNqmKeJTC	Mef	['greek trap']	[2019, 2020, 2021, 2022]	12	5
4gzpq5DPGxSnKTe4SA8HAU	Coldplay	['permanent wave', 'pop']	[2017, 2018, 2019, 2020, 2021]	12	6
4t0acKz54CB6uUA1PeB5wq	ATC Coco	['greek trap']	[2020, 2021, 2022]	12	12
6ZGwdAmu91r8mpA6SXodzd	Giorgos Sabanis	['greek pop', 'laiko']	[2018, 2019, 2020, 2021, 2022]	12	1
1anyVhU62p31KFi8MEzkbf	Chance the Rapper	['chicago rap', 'conscious hip hop', 'hip hop', 'pop rap', 'rap']	[2017, 2018, 2019, 2020, 2021]	12	11
4Ng1hcOBgMAVLc6tF9oZF4	Lamanif	['greek drill']	[2020, 2021, 2022]	12	8
2LIk90788K0zvyj2JJVwkJ	Jack Harlow	['deep underground hip hop', 'kentucky hip hop', 'pop rap', 'rap']	[2020, 2021, 2022]	12	8
5Pwc4xIPtQLFEnJriah9YJ	OneRepublic	['piano rock', 'pop']	[2017, 2018, 2019, 2020, 2021]	12	7
00TgUofD51utqGzkMdAbWY	Chico Beatz	[]	[2021, 2022]	12	12
1s3DdqnSPErYk7xQkRFZ0s	Logos Timis	['greek hip hop', 'greek underground rap']	[2019, 2020, 2021, 2022]	12	12
1fAotS2jUxpI8bnIxd5cIR	Josephine	['greek pop', 'laiko']	[2019, 2020, 2021, 2022]	12	2
6TIYQ3jFPwQSRmorSezPxX	Machine Gun Kelly	['ohio hip hop', 'pop rap']	[2017, 2018, 2019, 2020, 2021]	12	10
4q3ewBCX7sLwd24euuV69X	Bad Bunny	['reggaeton', 'trap latino', 'urbano latino']	[2017, 2018, 2019, 2020, 2021]	12	10
7bXgB6jMjp9ATFy66eO08Z	Chris Brown	['r&b', 'rap']	[2017, 2018, 2019, 2020, 2021]	12	9
1r4hJ1h58CWwUQe3MxPuau	Maluma	['latin pop', 'reggaeton', 'reggaeton colombiano', 'urbano latino']	[2017, 2018, 2019, 2020]	12	9
4VMYDCV2IEDYJArk749S6m	Daddy Yankee	['latin hip hop', 'reggaeton', 'trap latino', 'urbano latino']	[2017, 2018, 2019, 2020]	12	10
5p7f24Rk5HkUZsaS3BLG5F	Hailee Steinfeld	['pop']	[2017, 2018, 2019]	12	10
05fG473iIaoy82BF1aGhL8	Slipknot	['alternative metal', 'nu metal', 'rap metal', 'rock']	[2018, 2019]	12	0
32YyBhznrvsMy7KtZRZxU5	Ν.Ο.Ε.	['greek hip hop', 'greek underground rap']	[2019, 2020]	12	8
4GvEc3ANtPPjt1ZJllr5Zl	Bazzi	['pop']	[2018, 2019]	12	2
5CiGnKThu5ctn9pBxv7DGa	benny blanco	['pop']	[2018, 2019, 2020, 2021]	11	11
5XABVWdxtyuupsE2YUGrma	Baghdad	['greek trap']	[2019, 2020, 2021, 2022]	11	11
6fOMl44jA4Sp5b9PpYCkzz	NF	['hip hop', 'pop rap']	[2017, 2018, 2019, 2021]	11	1
3ef2an5giEP6Hc60lKEVEy	Wang	['greek drill']	[2020, 2021, 2022]	11	11
0OFppp8Z3TaehuqGoC6BD1	Savv	[]	[2020, 2021, 2022]	11	11
2ra3quFhImLyv0c9XTnWFl	Melisses	['greek pop', 'greek trap', 'laiko']	[2017, 2018, 2019, 2020, 2021, 2022]	11	2
1dfeR4HaWDbWqFHLkxsg1d	Queen	['classic rock', 'glam rock', 'rock']	[2018, 2019, 2020, 2021]	11	1
163tK9Wjr9P9DmM0AVK7lm	Lorde	['art pop', 'metropopolis', 'nz pop', 'pop']	[2017, 2021]	11	3
540vIaP2JwjQb9dm3aArA4	DJ Snake	['edm', 'electronic trap', 'pop', 'pop dance']	[2017, 2018, 2019, 2020, 2021]	11	11
4IWBUUAFIplrNtaOHcJPRM	James Arthur	['pop', 'talent show', 'uk pop']	[2017, 2018, 2019, 2020, 2021]	11	4
152y903Cqyk9GVl6amOtuD	Giannis Ploutarhos	['greek pop', 'laiko']	[2017, 2022]	11	1
6icQOAFXDZKsumw3YXyusw	Lil Yachty	['atl hip hop', 'melodic rap', 'rap', 'trap']	[2017, 2018, 2019, 2020]	11	11
5pUo3fmmHT8bhCyHE52hA6	Liam Payne	['pop']	[2017, 2018, 2019]	11	10
12Chz98pHFMPJEknJQMWvI	Muse	['modern rock', 'permanent wave', 'rock']	[2017, 2018, 2022]	11	0
3WGpXCj9YhhfX11TToZcXP	Troye Sivan	['australian pop', 'pop', 'viral pop']	[2017, 2018, 2019]	11	5
5z7uDSNrMNmtg7eikmaaau	Lavrentis Machairitsas	['classic greek rock', 'entehno']	[2019]	11	7
06dkSTsCWI3Lk4OR3g9FPe	TSE	['greek trap']	[2020, 2021, 2022]	10	8
6nidPawoE1wPgAtFmeyXyR	Ortiz	[]	[2019, 2020, 2021, 2022]	10	10
7rkW85dBwwrJtlHRDkJDAC	NAV	['canadian hip hop', 'canadian trap', 'melodic rap', 'rap', 'toronto rap', 'trap']	[2017, 2018, 2019, 2020, 2021]	10	10
2tIP7SsRs7vjIcLrU85W8J	The Kid LAROI	['australian hip hop']	[2020, 2021, 2022]	10	9
4IVAbR2w4JJNJDDRFP3E83	6LACK	['atl hip hop', 'melodic rap', 'r&b', 'rap', 'trap']	[2018, 2019, 2020, 2021]	10	10
6YxjAAOm4MVd55JQM8ijbG	DJ PaCo	[]	[2019, 2020, 2021, 2022]	10	10
3YcL3bSWEjKaFlTpZtF7P7	Rina	['albanian pop', 'greek trap']	[2018, 2019, 2020, 2021]	10	9
1ES4Fgglz6Q2ySlPsCAcgZ	Eleuthero Pneuma	[]	[2019, 2020, 2021, 2022]	10	10
07YZf4WDAMNwqr4jfgOZ8y	Jason Derulo	['dance pop', 'pop']	[2017, 2018, 2020, 2021]	10	7
4npEfmQ6YuiwW1GpUmaq3F	Ava Max	['pop']	[2018, 2019, 2020, 2021, 2022]	10	3
118OwtHPdC5az020NjWgoV	Downtown	['greek drill', 'greek underground rap']	[2020, 2021]	10	10
1ssOY5fx4efqZ0RXZ4M3PJ	Kanon	['greek hip hop', 'greek underground rap']	[2020, 2021]	10	5
3JhNCzhSMTxs9WLGJJxWOY	Macklemore	['pop rap', 'seattle hip hop']	[2017, 2018, 2019]	10	10
5pKCCKE2ajJHZ9KAiaK11H	Rihanna	['barbadian pop', 'pop', 'urban contemporary']	[2017, 2018, 2020]	10	8
1Hsdzj7Dlq2I7tHP7501T4	Niall Horan	['pop']	[2017, 2019, 2020]	10	1
0bdfiayQAKewqEvaU6rXCv	MØ	['danish pop', 'electropop', 'pop', 'pop dance']	[2017, 2018]	10	6
738wLrAtLtCtFOLvQBXOXp	Major Lazer	['dance pop', 'edm', 'electro house', 'moombahton', 'pop', 'pop dance']	[2017, 2018, 2019]	10	10
1Xylc3o4UrD53lo9CvFvVg	Zara Larsson	['pop', 'scandipop', 'swedish electropop', 'swedish pop']	[2017, 2018, 2019, 2020]	10	5
2kRfqPViCqYdSGhYSM9R0Q	Madison Beer	['pop']	[2018, 2019, 2020]	10	6
2yEwvVSSSUkcLeSTNyHKh8	TOOL	['alternative metal', 'art rock', 'nu metal', 'progressive metal', 'progressive rock', 'rock']	[2019]	10	0
5RmQ8k4l3HZ8JoPb4mNsML	Agust D	['k-rap']	[2020]	10	4
3f3h06ii1hc3dmFiuLNAQq	Tzamal	['greek hip hop', 'greek underground rap']	[2020]	10	7
6tL1w9Zf5V0l3VBiYjxtZl	Trouf	['greek trap', 'greek underground rap']	[2020, 2021, 2022]	9	9
7D7k550IB6EszWmzVVCJSK	Helena Paparizou	['greek pop', 'laiko']	[2017, 2018, 2019, 2020, 2021]	9	5
2RdwBSPQiwcmiDo9kixcl8	Pharrell Williams	['dance pop', 'pop']	[2017, 2018, 2021]	9	9
0MyAm8pgx6zC6FGXUHHoUj	Dj The Boy	['greek hip hop']	[2019, 2020, 2021, 2022]	9	9
1gyBRbQACz4JJX2HRROigK	Giorgos Mazonakis	['greek pop', 'laiko']	[2018, 2019, 2020, 2021, 2022]	9	2
7jJIWDEEEQvarOBiEd6WQq	Lil Riico	[]	[2020, 2021, 2022]	9	9
21sZyR7G75dNav5foqjApa	Sophia	['greek drill']	[2020, 2021]	9	9
5NFeyNwaFGFHFycOg6zvs9	Oge	[]	[2019, 2020, 2021, 2022]	9	9
1GxkXlMwML1oSg5eLPiAz3	Michael Bublé	['adult standards', 'canadian pop', 'jazz pop', 'lounge']	[2017, 2018, 2019, 2020, 2021]	9	3
3swt0iznObwokupYHCnzUd	Ripen	['greek trap']	[2019, 2020, 2021, 2022]	9	9
25uiPmTg16RbhZWAqwLBy5	Charli XCX	['art pop', 'candy pop', 'metropopolis', 'pop', 'uk pop']	[2017, 2018, 2019, 2021]	9	8
3KNpAQtSKrxaoafYl6RRuV	Koraki	[]	[2019, 2020, 2021, 2022]	9	9
31TPClRtHm23RisEBtV3X7	Justin Timberlake	['dance pop', 'pop']	[2017, 2018, 2020]	9	3
2qxJFvFYMEDqd7ui6kSAcq	Zedd	['complextro', 'edm', 'german techno', 'pop', 'pop dance']	[2017, 2018, 2019]	9	9
2wUjUUtkb5lvLKcGKsKqsR	Alessia Cara	['canadian contemporary r&b', 'canadian pop', 'pop']	[2017, 2018, 2019, 2020]	9	3
7iZtZyCzp3LItcw1wtPI3D	Rae Sremmurd	['melodic rap', 'mississippi hip hop', 'rap', 'trap']	[2017, 2018]	9	6
2HPaUgqeutzr3jx5a9WyDV	PARTYNEXTDOOR	['r&b', 'rap', 'toronto rap', 'urban contemporary']	[2017, 2018, 2019, 2020]	9	9
77AiFEVeAVj2ORpC85QVJs	Steve Aoki	['edm', 'electro house', 'pop dance']	[2017, 2018]	9	9
2auC28zjQyVTsiZKNgPRGs	RM	['k-rap']	[2018, 2019, 2020]	9	4
5p5s48lCsujHviP7XFXth0	GoldenChild	[]	[2022]	9	9
1TjcF0VtjJ1K0V0qayNYOj	Makeleio	[]	[2020, 2022]	9	9
1WecczxZckrgoK3rJ3SkCI	Young Tulio$	[]	[2020]	9	0
4LLpKhyESsyAXpc4laK94U	Mac Miller	['hip hop', 'pittsburgh rap', 'rap']	[2018, 2020]	9	0
0Sh0w5zB1VEVANn4VO0GEp	Gio Melody	['greek trap']	[2020, 2021, 2022]	8	8
6Z53MNjWyTH16xE6hXwttS	Lil PoP	['greek hip hop']	[2020, 2021, 2022]	8	7
6DAImhimwKn8bCYuGyflgB	MUNEYLXRD	['greek drill']	[2020, 2021, 2022]	8	8
3hcs9uc56yIGFCSy9leWe7	Lil Durk	['chicago drill', 'chicago rap', 'drill', 'hip hop', 'rap', 'trap']	[2020, 2021]	8	8
3PhoLpVuITZKcymswpck5b	Elton John	['glam rock', 'mellow gold', 'piano rock', 'rock']	[2017, 2018, 2019, 2020, 2021, 2022]	8	5
46L0pH2TWTjzpnWeYhOfZn	Solid	[]	[2021, 2022]	8	8
14CHVeJGrR5xgUGQFV5BVM	Fivio Foreign	['brooklyn drill', 'new york drill', 'trap']	[2020, 2021, 2022]	8	8
7wt81sVjCe1BL2oOfR5rQW	Low P	[]	[2019, 2021]	8	8
5camwJVL0cDgdGU5qjt02a	Jeannon	[]	[2021]	8	2
3ll1Oo6EwG4s6xrAapzUVm	Th Mark	['greek fem rap']	[2020, 2021, 2022]	8	8
0RvMynE7qhIfAZdMHkA1Mq	Scar	['greek drill']	[2020, 2021, 2022]	8	8
4md2OwykkDpAVx2keVXBBV	Lil Koni	['greek trap']	[2019, 2020, 2021]	8	8
3EW0kQ1skZiK1NHg3Spt9J	Takeoff	['atl hip hop', 'rap', 'trap']	[2017, 2018, 2021]	8	3
7gOdHgIoIKoe4i9Tta6qdD	Jonas Brothers	['boy band', 'pop']	[2019, 2020, 2021]	8	2
1WNkrtDTdQ5izZf5L372i9	Mikros Kleftis	['greek hip hop', 'greek underground rap']	[2020, 2021, 2022]	8	6
7ltDVBr6mKbRvohxheJ9h1	ROSALÍA	['pop', 'r&b en espanol']	[2019, 2020, 2021]	8	8
20qISvAhX20dpIbOOzGK3q	Nas	['conscious hip hop', 'east coast hip hop', 'gangster rap', 'hardcore hip hop', 'hip hop', 'queens hip hop', 'rap']	[2018, 2020, 2021]	8	7
3Fl1V19tmjt57oBdxXKAjJ	Blueface	['cali rap', 'rap']	[2019, 2020, 2021]	8	7
47mIJdHORyRerp4os813jD	League of Legends	['speedrun', 'video game music']	[2018, 2019, 2020, 2021, 2022]	8	8
56oDRnqbIiwx4mymNEv7dS	Lizzo	['escape room', 'minnesota hip hop', 'pop', 'trap queen']	[2019, 2020, 2021]	8	2
7vk5e3vY1uw9plTHJAMwjN	Alan Walker	['electro house']	[2017, 2018, 2019, 2020]	8	7
3t5xRXzsuZmMDkQzgOX35S	Robin Schulz	['deep euro house', 'deep house', 'edm', 'german dance', 'pop dance', 'tropical house']	[2017, 2018, 2019, 2020]	8	8
2cFrymmkijnjDg9SS92EPM	blackbear	['pop']	[2017, 2019, 2020]	8	3
1KCSPY1glIKqW2TotWuXOR	P!nk	['dance pop', 'pop']	[2017, 2018, 2019]	8	2
6MDME20pz9RveH9rEXvrOM	Clean Bandit	['pop', 'uk dance', 'uk funky']	[2017, 2018, 2019, 2020]	8	8
6wWVKhxIU2cEi0K81v7HvP	Rammstein	['german metal', 'industrial', 'industrial metal', 'industrial rock', 'neue deutsche harte']	[2019]	8	0
0ErzCpIMyLcjPiwT4elrtZ	NLE Choppa	['memphis hip hop', 'rap']	[2019, 2020]	8	5
2FXC3k01G6Gw61bmprjgqS	Hozier	['irish singer-songwriter', 'modern rock', 'pop', 'pov: indie']	[2018, 2019]	8	1
6IZ4ctovY9dl7bgHClAvKJ	LSD	[]	[2018, 2019]	8	8
3EnulEGWy54CdYiKAeqCF5	GODSQUAD	['greek drill', 'greek hip hop']	[2019, 2020]	8	7
3MZsBdqDrRTJihTHQrO6Dq	Joji	['viral pop']	[2018, 2019, 2020]	8	0
3jK9MiCrA42lLAdMGUZpwa	Anderson .Paak	['escape room', 'hip hop', 'indie soul', 'neo soul']	[2018, 2020, 2021]	7	7
6zemZFfgLZtt2D4faOqIQR	Richi	['greek drill', 'greek trap']	[2020, 2021]	7	6
1xr2G8Hlx4QWmT9HaUbmoO	Young Stoner Life	['pop rap']	[2018, 2021]	7	7
3KMRPwBUMocndx02a5QPRx	EPITHE	['greek hip hop']	[2019, 2020, 2021]	7	3
10dv5bs8o8IOT8dtJwNKpR	Skam	['greek trap']	[2020, 2021, 2022]	7	2
1sBkRIssrMs1AbVkOJbc7a	Rick Ross	['dirty south rap', 'gangster rap', 'hip hop', 'rap', 'southern hip hop', 'trap']	[2019, 2020, 2021]	7	7
4Ke4cWvHCmm8sOlCcaeOlu	Grandbois	['greek trap']	[2020, 2021, 2022]	7	7
6mudVxRLmXKLg257GwNaIH	Afo	['greek trap']	[2021]	7	7
5KKpBU5eC2tJDzf0wmlRp2	RAYE	['uk contemporary r&b', 'uk pop']	[2017, 2019, 2020, 2021]	7	7
6fWVd57NKTalqvmjRd2t8Z	24kGoldn	['cali rap']	[2019, 2020, 2021]	7	4
7wlFDEWiM5OoIAt8RSli8b	YoungBoy Never Broke Again	['baton rouge rap', 'rap']	[2018, 2019, 2020, 2021]	7	7
6YZmV2xFddssAVfrSu1sfI	12os Pithikos	['greek hip hop', 'greek trap', 'greek underground rap']	[2020, 2021, 2022]	7	6
6G7KJu0Y4A5ovVrLXivMA2	Daree	[]	[2019, 2020, 2021, 2022]	7	7
2k3a4Z4pyDriJYozauuCYj	KG	['greek trap']	[2020, 2021, 2022]	7	6
733tGeoTlbTeRjKHm7HAvQ	Tokesick	[]	[2019, 2020, 2021, 2022]	7	7
4GNC7GD6oZMSxPGyXy4MNB	Lewis Capaldi	['pop', 'uk pop']	[2018, 2019, 2020, 2021]	7	0
4V8Sr092TqfHkfAA5fXXqG	Luis Fonsi	['latin pop', 'puerto rican pop']	[2017, 2018]	7	7
7hJcb9fa4alzcOq3EaNPoG	Snoop Dogg	['g funk', 'gangster rap', 'hip hop', 'pop rap', 'rap', 'west coast rap']	[2017, 2018, 2019, 2022]	7	7
4bL2B6hmLlMWnUEZnorEtG	Felix Jaehn	['edm', 'german dance', 'pop dance', 'tropical house']	[2017, 2018, 2019, 2020]	7	7
5y2Xq6xcjJb2jVM54GHK3t	John Legend	['neo soul', 'pop', 'pop soul', 'urban contemporary']	[2017, 2018, 2019]	7	3
0X2BH1fck6amBIoJhDVmmJ	Ellie Goulding	['indietronica', 'metropopolis', 'pop', 'uk pop']	[2017, 2018, 2019, 2020]	7	4
2cWZOOzeOm4WmBJRnD5R7I	Normani	['pop', 'r&b']	[2018, 2019, 2020]	7	6
4obzFoKoKRHIphyHzJ35G3	Becky G	['latin pop', 'latin viral pop', 'rap latina', 'reggaeton', 'urbano latino']	[2018, 2019]	7	6
2R21vXR83lH98kGeO99Y66	Anuel AA	['reggaeton', 'reggaeton flow', 'trap boricua', 'trap latino', 'urbano latino']	[2018, 2019]	7	7
2VL6eeL8TZVL3OPGnBoyFb	Xitskok	[]	[2020]	7	7
2hPgGN4uhvXAxiXQBIXOmE	KIDS SEE GHOSTS	['rap']	[2018]	7	4
5he5w2lnU9x7JFhnwcekXX	Skrillex	['brostep', 'complextro', 'edm', 'electro', 'pop dance']	[2017, 2018, 2020, 2021]	6	6
4tZwfgrHOc3mvqYlEYSvVi	Daft Punk	['electro', 'filter house', 'rock']	[2017, 2018, 2019, 2020, 2021]	6	5
09admC8JPSuizanrDUzWtd	GAMEBOY	['greek trap']	[2020, 2021, 2022]	6	4
1uU7g3DNSbsu0QjSEqZtEd	Masked Wolf	['australian hip hop']	[2021]	6	0
3wuLkQuhEoK7byB0cfCCWT	Mc Daddy	['greek trap']	[2020, 2021, 2022]	6	6
70gP6Ry4Uo0Yx6uzPIdaiJ	Bas	['queens hip hop', 'rap', 'sudanese hip hop', 'sudanese pop', 'underground hip hop']	[2019, 2021]	6	6
4hw4chBwI0fvJltPiQxPPD	Natasa Theodoridou	['entehno', 'greek pop', 'laiko']	[2018, 2020, 2021, 2022]	6	1
2WOOBiFlIFVqfzgr3zQhgd	ATC Toro	['greek trap']	[2020, 2021]	6	5
5q2IdmHx3SBYq1l5IixqTZ	Leaderbrain	['greek trap']	[2021, 2022]	6	6
7v4imS0moSyGdXyLgVTIV7	Nat King Cole	['adult standards', 'lounge', 'soul', 'swing', 'vocal jazz']	[2017, 2018, 2019, 2020, 2021]	6	0
3uBNVjDel3HFDLBmNt4ork	Greg	[]	[2020, 2021, 2022]	6	4
0ONHkAv9pCAFxb0zJwDNTy	Pusha T	['gangster rap', 'hip hop', 'rap', 'southern hip hop', 'trap', 'virginia hip hop']	[2017, 2018, 2021]	6	5
4utLUGcTvOJFr6aqIJtYWV	Skylar Grey	['piano rock', 'viral pop']	[2017, 2020, 2021]	6	6
3MOXMqbM9HGr0zQgUOoVL5	Petros Iakovidis	['greek pop', 'laiko']	[2019, 2020, 2021, 2022]	6	0
2o5jDhtHVPhrJdv3cEQ99Z	Tiësto	['big room', 'brostep', 'dutch edm', 'edm', 'house', 'pop dance', 'slap house', 'trance']	[2017, 2018, 2019, 2020, 2021, 2022]	6	5
2AWgf4OSoExCcIuwIbZClh	Musah	[]	[2020, 2021]	6	6
1xmg9v1H65Mxv8bprL3yMU	Ggreco	['greek drill']	[2021, 2022]	6	6
7KcIok6StqYSedgtjmtsqP	Beyond	[]	[2020, 2021, 2022]	6	6
6OBgaDVTONTa4rkGpE7sVE	Sin Laurent	['greek trap']	[2019, 2020, 2021, 2022]	6	6
1Mxqyy3pSjf8kZZL4QVxS0	Frank Sinatra	['adult standards', 'easy listening', 'lounge']	[2017, 2018, 2019, 2020, 2021]	6	2
6x6jVrxZYv8bB6fwPsg79E	Beats Pliz	[]	[2020, 2021, 2022]	6	6
0VGybH10ziMPo99SYOwMoQ	Tamta	['greek pop', 'laiko']	[2019, 2020, 2021, 2022]	6	4
4HpOfGQHOEZKjBq4D5xpbq	Taki Tsan	['greek hip hop', 'greek underground rap']	[2020, 2021]	6	6
790FomKkXshlbRYZFtlgla	KAROL G	['reggaeton', 'reggaeton colombiano', 'trap latino', 'urbano latino']	[2019, 2020, 2021]	6	6
1yxSLGMDHlW21z4YXirZDS	Black Eyed Peas	['dance pop', 'pop', 'pop rap']	[2019, 2020, 2021]	6	6
5zctI4wO9XSKS8XwcnqEHk	Lil Mosey	['melodic rap', 'rap conscient']	[2018, 2019, 2020, 2021]	6	2
1Ffb6ejR6Fe5IamqA5oRUF	Bring Me The Horizon	['melodic metalcore', 'metalcore', 'modern rock', 'pop punk', 'rock', 'uk metalcore']	[2018, 2019, 2020, 2021]	6	1
74KM79TiuVKeVCqs8QtB0B	Sabrina Carpenter	['pop']	[2017, 2018, 2019, 2021]	6	2
4A0TivfinfALCAMJqqjZIk	Funk Wav	[]	[2017, 2018]	6	6
55fhWPvDiMpLnE4ZzNXZyW	Noah Cyrus	['alt z', 'pop']	[2017, 2018, 2020]	6	4
4u5smJBskI6Adzv08PuiUP	Kiiara	['alt z', 'electropop']	[2017, 2018]	6	5
3J0BpFVUc9LeOIVeN5uNhU	Lauren Jauregui	['r&b']	[2017, 2018, 2019]	6	4
5iNrZmtVMtYev5M9yoWpEq	Seeb	['pop dance']	[2017, 2018, 2019]	6	6
1l8Fu6IkuTP0U5QetQJ5Xt	Fifth Harmony	['girl group', 'pop', 'talent show']	[2017]	6	3
7DMveApC7UnC2NPfPvlHSU	Cheat Codes	['edm', 'pop', 'pop dance']	[2017, 2018]	6	6
4WN5naL3ofxrVBgFpguzKo	Rudimental	['pop dance', 'uk dance', 'uk funky']	[2017, 2018, 2019]	6	6
4NHQUGzhtTLFvgF5SZesLK	Tove Lo	['metropopolis', 'pop', 'swedish electropop', 'swedish pop', 'swedish synthpop']	[2017, 2018, 2019]	6	4
5dHt1vcEm9qb8fCyLcB3HL	A$AP Ferg	['hip hop', 'pop rap', 'rap', 'southern hip hop', 'trap']	[2017, 2018, 2019, 2020]	6	3
3tVQdUvClmAT7URs9V3rsp	Wizkid	['afrobeats', 'afropop', 'azonto', 'azontobeats', 'nigerian hip hop', 'nigerian pop']	[2017, 2018, 2019]	6	6
3hv9jJF3adDNsBSIQDqcjp	Mark Ronson	['pop soul']	[2018, 2019]	6	6
2JQCG349xGvlhwEkK4qWoz	Thitis	['greek hip hop', 'greek underground rap']	[2019, 2020]	6	6
1cZQSpDsxgKIX2yW5OR9Ot	Lennon Stella	['alt z', 'canadian pop', 'uk pop']	[2018, 2019]	6	5
4ScCswdRlyA23odg9thgIO	Jess Glynne	['pop', 'uk pop']	[2018, 2019]	6	2
59HgkH4dmqGMfeU3gjchR2	Gosei	[]	[2019, 2020]	6	6
1cNDP5yjU5vjeR8qMf4grg	YNW Melly	['melodic rap', 'rap']	[2019, 2020]	6	4
25u4wHJWxCA9vO0CzxAbK7	Lukas Graham	['danish pop', 'scandipop']	[2018, 2019]	6	0
20JZFwl6HVl6yg8a4H3ZqK	Panic! At The Disco	['pop']	[2018, 2019]	6	2
21WS9wngs9AqFckK7yYJPM	PnB Rock	['melodic rap', 'rap', 'trap']	[2018, 2019]	6	5
6tbjWDEIzxoDsBA1FuhfPW	Madonna	['dance pop', 'pop']	[2018, 2019, 2020]	6	5
0RYpaL8zGWdO7ZPGAPoFCy	Azazel	[]	[2020]	6	6
1Qp56T7n950O3EGMsSl81D	Ghost	['hard rock', 'metal']	[2018]	6	0
5vBSrE1xujD2FXYRarbAXc	Years & Years	['gauze pop', 'pop', 'uk pop']	[2018]	6	1
6BOprAXvUTWZjImX2dFdEa	Nikos Vertis	['classic greek pop', 'greek pop', 'laiko']	[2020, 2021, 2022]	5	1
2YFvN3qj5M2AMSQZ3jP1pD	Raps On The Run	['greek drill']	[2021, 2022]	5	5
6cK3NBO6uP7hh0oyuVELFl	Saweetie	['cali rap', 'trap queen']	[2018, 2020, 2021]	5	4
7Gyn5HsTGiqVToI0d73uHU	HV$K	[]	[2020, 2021]	5	5
2SabhGDiBSyaM6QSuBUVqB	Noizy	['albanian hip hop', 'albanian pop', 'greek trap']	[2018, 2019, 2020, 2021]	5	5
0tkAO7XjyXcLahiHPTtfqW	Koas	[]	[2021, 2022]	5	5
6269Im2Jeu5eS4729GuGwx	Giannis Parios	['greek pop', 'laiko', 'nisiotika']	[2019, 2020, 2021]	5	0
6s26Q38Zqc4hY3xe7jrEBG	Antonis Remos	['greek pop', 'laiko']	[2020, 2021]	5	1
6MPCFvOQv5cIGfw3jODMF0	Internet Money	['pop rap']	[2020, 2021]	5	5
4TgsxeFPNtkZ5lneq9AceU	Elena Tsagrinou	['greek pop']	[2019, 2021, 2022]	5	2
48pDK4NOqLtJxn5AAKVUra	YT	[]	[2020, 2021, 2022]	5	4
3Or7sFYK0roAEy6IznZP5q	Phen	['greek trap']	[2019, 2020, 2021, 2022]	5	4
329e4yvIujISKGKz1BZZbO	Farruko	['reggaeton', 'trap latino', 'urbano latino']	[2018, 2019, 2021, 2022]	5	3
3nFkdlSjzX9mRTtwJOzDYB	JAY-Z	['east coast hip hop', 'gangster rap', 'hip hop', 'pop rap', 'rap']	[2017, 2018, 2019, 2021]	5	5
4664bpPyFIkTMQGUVnqeAo	Novel 729	['greek underground rap']	[2020, 2021, 2022]	5	5
6qauoV5X1im8m97xLsqZh5	Iratus	['greek hip hop', 'greek underground rap']	[2019, 2020, 2021]	5	3
4Dsd6cAcZNwLHc3Gjg59vO	Κako	['greek hip hop', 'greek underground rap']	[2020, 2021, 2022]	5	3
0H39MdGGX6dbnnQPt6NQkZ	SAINt JHN	['melodic rap', 'slap house']	[2019, 2020, 2021]	5	5
4uxKjHpF1AVuoZoDqp4whz	SALVA	['greek drill']	[2021, 2022]	5	4
7A8S43ryYdbWpJKeHRZRcq	JACKBOYS	['pop rap']	[2019, 2020, 2021]	5	4
6Ad91Jof8Niiw0lGLLi3NW	YUNGBLUD	['british indie rock', 'modern rock', 'pov: indie', 'rock']	[2019, 2021]	5	5
6iESQ2GxPIqtCGhZlG4JuL	DJ Benz	['greek trap']	[2019, 2020, 2021, 2022]	5	5
6U3ybJ9UHNKEdsH7ktGBZ7	JID	['hip hop', 'rap', 'underground hip hop']	[2019, 2021, 2022]	5	5
6CwfuxIqcltXDGjfZsMd9A	MARINA	['metropopolis', 'pop', 'pov: indie', 'uk alternative pop']	[2018, 2019, 2021]	5	1
26dSoYclwsYLMAKD3tpOr4	Britney Spears	['dance pop', 'pop']	[2017, 2018, 2019, 2020, 2021]	5	0
7CyeXFnOrfC1N6z4naIpgo	The Ronettes	['brill building pop', 'classic girl group', 'motown', 'rock-and-roll']	[2018, 2019, 2020, 2021]	5	0
4UXqAaa6dQYAk18Lv7PEgX	Fall Out Boy	['emo', 'modern rock', 'pop', 'pop punk', 'rock']	[2017, 2019]	5	3
1SupJlEpv7RS2tPNRaHViT	Nicky Jam	['latin hip hop', 'reggaeton', 'trap latino', 'urbano latino']	[2017, 2018, 2019]	5	5
6PXS4YHDkKvl1wkIl4V8DL	Fetty Wap	['new jersey rap', 'pop rap', 'rap', 'southern hip hop', 'trap']	[2017, 2018]	5	5
6LqNN22kT3074XbTVUrhzX	Kesha	['dance pop', 'pop']	[2017]	5	2
1TubjoUgPPYHfMoUrvJxP3	Pantelis Pantelidis	['greek pop', 'laiko']	[2017, 2018]	5	0
4lDBihdpMlOalxy1jkUbPl	Grey	[]	[2017, 2018, 2019]	5	5
2h93pZq0e7k5yf4dywlkpM	Frank Ocean	['lgbtq+ hip hop', 'neo soul']	[2017, 2018, 2019, 2022]	5	3
2XnBwblw31dfGnspMIwgWz	Axwell /\ Ingrosso	['edm', 'pop dance', 'progressive electro house']	[2017, 2018, 2019]	5	0
4qBgvVog0wzW75IQ48mU7v	KYLE	['deep underground hip hop', 'indie pop rap', 'pop rap', 'viral trap']	[2017, 2018, 2019]	5	5
2LZDXcxJWgsJfKXZv9a5eG	Cashmere Cat	['downtempo', 'electropop', 'shiver pop']	[2017, 2018]	5	5
7FNnA9vBm6EKceENgCGRMb	Anitta	['funk pop', 'funk rj', 'pagode baiano', 'pop', 'pop nacional']	[2017, 2018, 2019, 2020]	5	5
73sIBHcqh3Z3NyqHKZ7FOL	Childish Gambino	['atl hip hop', 'hip hop', 'rap']	[2017, 2018, 2019, 2020]	5	1
1bqxdqvUtPWZri43cKHac8	MAX	['viral pop']	[2017, 2018, 2019, 2020]	5	4
2SrSdSvpminqmStGELCSNd	Stormzy	['grime', 'uk hip hop']	[2017, 2019, 2020]	5	4
1bj5GrcLom5gZFF5t949Xl	Martin Solveig	['disco house', 'edm', 'electro house', 'filter house', 'house', 'pop dance', 'vocal house']	[2017, 2019]	5	5
3Isy6kedDrgPYoTS1dazA9	Sean Paul	['dance pop', 'dancehall', 'pop', 'pop rap']	[2017, 2018]	5	5
7MZsNmSIi6ZBSOUjDwRms0	Dj Scumvag	[]	[2019]	5	5
1iNqsUDUraNWrj00bqssQG	Dreamville	['hip hop', 'pop rap', 'rap', 'underground hip hop']	[2019]	5	5
1MIVXf74SZHmTIp4V4paH4	Mabel	['pop', 'uk pop']	[2018, 2019, 2020]	5	2
4exLIFE8sISLr28sqG1qNX	Travis Barker	['rap rock']	[2018, 2019]	5	5
2rhFzFmezpnW82MNqEKVry	Ski Mask The Slump God	['hip hop', 'miami hip hop', 'pop rap', 'rap', 'trap', 'underground hip hop']	[2018, 2019, 2020]	5	2
3mil6Fz5Ettkb6BZM45cU0	Esaw	[]	[2019]	5	5
0NWbwDZY1VkRqFafuQm6wk	Mike WiLL Made-It	['atl hip hop', 'rap', 'southern hip hop', 'trap']	[2018, 2019, 2020]	5	5
21dooacK2WGBB5amYvKyfM	Smokepurpp	['melodic rap', 'miami hip hop', 'trap', 'underground hip hop']	[2018, 2019, 2020]	5	5
5XmuuM2C6t4HSPa3FSuU3h	WanMor	[]	[2020]	5	5
7EEiVZvj6RCEtVX2F2pyxu	Slim Jxmmi	['trap']	[2018]	5	5
5gCRApTajqwbnHHPbr2Fpi	Juicy J	['crunk', 'memphis hip hop', 'pop rap', 'rap', 'southern hip hop', 'trap']	[2018]	5	5
3mIj9lX2MWuHmhNCA7LSCW	The 1975	['modern alternative rock', 'modern rock', 'pop', 'pov: indie', 'rock']	[2018]	5	0
7c1CwrwA6sF60lCa7OwP0F	Wicca	[]	[2021]	4	4
6PvvGcCY2XtUcSRld1Wilr	Silk Sonic	['neo soul']	[2021]	4	4
4aJpTCLUTPTeXfn3c9r9F0	Despina Vandi	['greek pop', 'laiko']	[2019, 2020, 2021]	4	2
1Kn0HYHz1lIn8tZQt8OSgC	X ORFEAS	[]	[2021]	4	4
77YRvt1TuxpCmW4Ydrx69A	Michalis Hatzigiannis	['cypriot pop', 'greek pop', 'laiko']	[2020, 2021]	4	0
3wz93gsh1Vj23McptGxzTm	dPans	[]	[2021, 2022]	4	4
5SXuuuRpukkTvsLuUknva1	Baby Keem	['hip hop', 'rap']	[2021]	4	4
3q7HBObVc0L8jNeTe5Gofh	50 Cent	['east coast hip hop', 'gangster rap', 'hip hop', 'pop rap', 'queens hip hop', 'rap']	[2017, 2018, 2019, 2020, 2021, 2022]	4	3
24Dj1piBfpK6bL3WwIFq48	Solmeister	['greek hip hop']	[2021, 2022]	4	3
12muvykhaMY3RlVrJQ2ApM	Demy	['greek pop', 'laiko']	[2017, 2021, 2022]	4	3
49e4v89VmlDcFCMyDv9wQ9	Dean Martin	['adult standards', 'easy listening', 'lounge', 'vocal jazz']	[2017, 2018, 2019, 2020, 2021]	4	0
08GTkgJXi9tedLqjbLDLCP	ObieDaz	[]	[2021, 2022]	4	4
4fxd5Ee7UefO4CUXgwJ7IP	Giveon	['r&b']	[2020, 2021]	4	3
5V0MlUE1Bft0mbLlND7FJz	Ella Fitzgerald	['adult standards', 'jazz', 'jazz blues', 'soul', 'swing', 'vocal jazz']	[2018, 2019, 2020, 2021]	4	0
3BmGtnKgCSGYIUhmivXKWX	Kelly Clarkson	['dance pop', 'pop', 'talent show']	[2017, 2018, 2019, 2020, 2021]	4	1
2iE18Oxc8YSumAU232n4rW	The Jackson 5	['motown', 'soul']	[2017, 2018, 2019, 2020, 2021]	4	0
5rGrDvrLOV2VV8SCFVGWlj	Imanbek	['electro house', 'pop dance', 'slap house']	[2019, 2020, 2021]	4	4
1HwM5zlC5qNWhJtM00yXzG	DMX	['east coast hip hop', 'gangster rap', 'hardcore hip hop', 'hip hop', 'rap']	[2017, 2021]	4	1
7wjYnJv8GkjAU4qxkGoLwG	Jessy Blue	[]	[2019, 2020, 2021]	4	4
0VqAapxk0FZ4ijMAZxf3hA	Lau Jr	['greek drill']	[2021, 2022]	4	3
391oLRVmoTkumiN79HkTWu	Darlene Love	[]	[2018, 2019, 2020, 2021]	4	0
6C1ohJrd5VydigQtaGy5Wa	Joyner Lucas	['boston hip hop', 'hip hop', 'pop rap', 'rap']	[2018, 2019, 2020, 2021]	4	3
1ooV8YZC1KbpEcrmI8WH0F	Yebba	['pop soul']	[2018, 2019, 2021]	4	4
3xmY7evutapMbhcZva0xkn	Jitano	['greek drill']	[2021, 2022]	4	2
2rcsCDLsJw6erBukvjEsrP	Claydee	[]	[2019, 2020, 2021, 2022]	4	3
6WY7D3jk8zTrHtmkqqo5GI	Maren Morris	['classic texas country', 'contemporary country']	[2018, 2019, 2021]	4	3
0EmeFodog0BfCgMzAIvKQp	Shakira	['colombian pop', 'dance pop', 'latin pop', 'pop']	[2017, 2018, 2021]	4	4
6xfmBXL6ndOsNpZPpxWz6w	Sativa	['greek underground rap']	[2019, 2020, 2021, 2022]	4	4
4sTQVOfp9vEMCemLw50sbu	Galantis	['dance pop', 'edm', 'pop', 'pop dance']	[2017, 2018, 2019, 2021]	4	3
7vJyO9rRyF3SYHzSl9g93G	Efta	['greek hip hop', 'greek trap']	[2019, 2020, 2021]	4	2
0MHgLfmQdutffmvWe5XBTN	Burl Ives	['adult standards', 'american folk revival']	[2017, 2018, 2019, 2020, 2021]	4	0
0xRXCcSX89eobfrshSVdyu	MEDUZA	['pop dance', 'pop house', 'uk dance']	[2019, 2020, 2021]	4	4
3hteYQFiMFbJY7wS0xDymP	Gesaffelstein	['dark clubbing']	[2018, 2019, 2021, 2022]	4	4
5v8jlSmAQfrkTjAlpUfWtu	Perry Como	['adult standards', 'easy listening']	[2017, 2018, 2019, 2020, 2021]	4	2
0LyfQWJT6nXafLPZqxe9Of	Various Artists	[]	[2017]	4	0
7EQ0qTo7fWT7DPxmxtSYEc	Bastille	['metropopolis', 'modern rock', 'pop']	[2017, 2018, 2019, 2020]	4	2
7gAppWoH7pcYmphCVTXkzs	The Vamps	['boy band', 'pop']	[2017, 2018]	4	4
4YXycRbyyAE0wozTk7QMEq	Matoma	['pop dance', 'tropical house']	[2017, 2018]	4	4
360IAlyVv4PCEVjgyMZrxK	Miguel	['r&b']	[2017, 2018]	4	4
1eEfMU2AhEo7XnKgL7c304	Carpenters	['adult standards', 'mellow gold', 'soft rock']	[2017, 2018, 2019, 2020]	4	0
4ehtJnVumNf6xzSCDk8aLB	Martin Jensen	['danish electronic', 'edm', 'pop dance']	[2017, 2019]	4	3
4AVFqumd2ogHFlRbKIjp1t	Alesso	['dance pop', 'edm', 'electro house', 'pop', 'pop dance', 'progressive electro house']	[2017, 2018, 2019]	4	3
3b8QkneNDz4JHKKKlLgYZg	Florida Georgia Line	['contemporary country', 'country', 'country pop', 'country road', 'modern country rock']	[2017, 2018, 2019]	4	4
0id62QV2SZZfvBn9xpmuCl	Aloe Blacc	['pop soul', 'r&b']	[2017, 2019]	4	4
57WHJIHrjOE3iAxpihhMnp	Louis Tomlinson	['pop']	[2017, 2019]	4	2
6JL8zeS1NmiOftqZTRgdTz	Meghan Trainor	['hip pop', 'pop']	[2017, 2018, 2019, 2020]	4	2
4RSyJzf7ef6Iu2rnLdabNq	Willy William	[]	[2017, 2018]	4	4
1okJ4NC308qbtY9LyHn6DO	BloodPop®	['electropop']	[2017, 2018]	4	4
5jAMCwdNHWr7JThxtMuEyy	NOTD	['electropop', 'pop dance', 'pop edm']	[2017, 2018, 2019]	4	4
1IueXOQyABrMOprrzwQJWN	Sigala	['dance pop', 'edm', 'pop dance', 'uk dance', 'uk pop']	[2017, 2018]	4	4
5JYo7gm2dkyLLlWHjxS7Dy	Sandro Cavazza	['swedish pop']	[2017, 2018, 2019, 2020]	4	4
3KV3p5EY4AvKxOlhGHORLg	Jeremih	['chicago rap', 'pop rap', 'r&b', 'southern hip hop', 'trap', 'urban contemporary']	[2017, 2018, 2020]	4	4
6Dd3NScHWwnW6obMFbl1BH	Daya	['pop']	[2017, 2019]	4	1
7hssUdpvtY5oiARaUDgFZ3	Ina Wroldsen	['norwegian pop']	[2017, 2018]	4	4
2EMAnMvWE2eb56ToJVfCWs	Bryson Tiller	['kentucky hip hop', 'r&b', 'rap']	[2017, 2018, 2019, 2020]	4	4
0WOxhx4hikIsyF3CRPLC8W	Famous Dex	['chicago rap', 'drill', 'rap', 'trap']	[2017, 2018]	4	2
2ExGrw6XpbtUAJHTLtUXUD	Stefflon Don	['dancehall', 'dancehall queen', 'uk dancehall', 'uk hip hop']	[2017, 2018, 2019]	4	4
6FojzL1FSEP6e5y8gln9H9	Sammy Velasquez	[]	[2019]	4	4
0EeQBlQJFiAfJeVN2vT9s0	Nipsey Hussle	['conscious hip hop', 'gangster rap', 'hip hop', 'pop rap', 'rap', 'southern hip hop', 'trap']	[2019]	4	4
5INjqkS1o8h1imAzPqGZBb	Tame Impala	['australian psych', 'modern rock', 'neo-psychedelic', 'rock']	[2019, 2020]	4	0
5yPzzu25VzEk8qrGTLIrE1	Young Nudy	['pluggnb', 'rap', 'trap']	[2019, 2020]	4	4
3QSQFmccmX81fWCUSPTS7y	Dean Lewis	['australian pop', 'singer-songwriter pop']	[2018, 2019]	4	0
3RqBeV12Tt7A8xH3zBDDUF	Kelsea Ballerini	['contemporary country', 'country']	[2018, 2019]	4	4
6eYFryfcEu3QSq59D62wZQ	Brendon Urie	[]	[2018, 2019]	4	4
5yG7ZAZafVaAlMTeBybKAL	Iggy Azalea	['australian hip hop', 'dance pop', 'pop']	[2018, 2019]	4	2
4YLtscXsxbVgi031ovDDdh	Chris Stapleton	['contemporary country', 'outlaw country']	[2018, 2019]	4	4
3KedxarmBCyFBevnqQHy3P	Jessie Reyez	['canadian contemporary r&b', 'canadian pop']	[2018, 2019]	4	4
3KwmxIhSe9UTSEF37kwngR	SHAED	['electropop']	[2018, 2019, 2020]	4	3
60rpJ9SgigSd16DOAG7GSa	Billy Ray Cyrus	['country rock']	[2019, 2020]	4	4
2RDOrhPqAM4jzTRCEb19qX	Sheck Wes	['pop rap', 'rap', 'trap']	[2018, 2019, 2020]	4	2
2nIUyFPGvJ6Wuj10rNowq5	Tus	[]	[2019, 2020]	4	2
4TEJudQY2pXxVHPE3gD2EU	BlocBoy JB	['memphis hip hop', 'rap', 'tennessee hip hop', 'trap']	[2018, 2019]	4	4
7d3WFRME3vBY2cgoP38RDo	Lil Skies	['melodic rap']	[2018, 2019]	4	3
2jnIB6XdLvnJUeNTy5A0J2	Why Don't We	['boy band', 'pop']	[2018, 2019]	4	1
1l7ZsJRRS8wlW3WfJfPfNS	Christina Aguilera	['dance pop', 'pop']	[2018, 2019]	4	2
3CbYyyd8wH3RT6t0jwpdzC	Murda Beatz	['canadian hip hop', 'canadian trap']	[2018, 2019, 2020]	4	4
6sCbFbEjbYepqswM1vWjjs	Zendaya	['pop', 'post-teen pop']	[2018, 2019, 2022]	4	4
5WOdGYPMv30vcyOjUjoV1B	A1Roth	[]	[2020]	4	4
1OB278sOZVSFx5vXqYha83	J. Rey Soul	[]	[2020]	4	4
29UQ4GkesjYSQw1mdD63HU	Dj Omonoia	[]	[2020]	4	4
1XLWox9w1Yvbodui0SRhUQ	StaySolidRocky	['melodic rap']	[2020]	4	2
1o2NpYGqHiCq7FoiYdyd1x	Bea Miller	['alt z', 'pop', 'talent show']	[2018, 2020]	4	3
0YWxKQj2Go9CGHCp77UOyy	Fabolous	['gangster rap', 'hip hop', 'pop rap', 'rap', 'trap', 'urban contemporary']	[2018, 2020]	4	4
6DVipHzYsPlIoA0DW8Gmns	"Royce Da 5'9"""	['detroit hip hop', 'gangster rap', 'hardcore hip hop', 'hip hop']	[2018, 2020]	4	4
3Z5vCSzpgufecPOJIXa08d	Jae Mansa	[]	[2018]	4	0
7nwUJBm0HE4ZxD3f5cy5ok	Aretha Franklin	['classic soul', 'jazz blues', 'memphis soul', 'soul', 'southern soul', 'vocal jazz']	[2018]	4	0
5SulO4l40qDuV9zUGLZx7n	Capo Plaza	['italian hip hop', 'italian pop', 'trap italiana']	[2019, 2020, 2021]	3	3
5V7e3uNDiA5GvsKX548w6M	Campeon	[]	[2021]	3	3
5H4yInM5zmHqpKIoMNAx4r	Central Cee	['melodic drill']	[2021, 2022]	3	0
5T1jkoAvwvd4ybx9f5VhVp	Nore Pierre	[]	[2020, 2021]	3	3
4QxPxixCG4JRe6P6Hr55Wo	ItsOnlySkillz	[]	[2021, 2022]	3	3
2XURl3PiYtmMgwhOcVuhoU	Sickside	[]	[2021, 2022]	3	3
5Wg2b4Mp42gicxEeDNawf7	A7S	['pop dance', 'scandipop', 'uk dance']	[2019, 2020, 2021]	3	3
2TcGJdSOiOvITBzhvfX8XB	Shouse	['aussietronica']	[2021]	3	1
7FCGLRP4m1BIMGGn4ej0Qi	Gojix	['greek trap']	[2020, 2021]	3	3
0w7PEZgZjDGjBh2ArgXFO5	Wak1	[]	[2021]	3	3
4bIKDIUQmRdbScZXFtAk75	Stanley	[]	[2020, 2021, 2022]	3	3
4cPHsZM98sKzmV26wlwD2W	Brenda Lee	['adult standards', 'easy listening', 'lounge', 'rockabilly']	[2017, 2018, 2019, 2020, 2021]	3	0
67MNhiAICFY6Pwc2YxCO0K	Elley Duhé	['alt z']	[2018, 2019, 2021, 2022]	3	2
4IcdTv3In6GxT24aAGKSSF	Anastasios Rammos	['greek pop', 'laiko']	[2017, 2020, 2021]	3	2
048LktY5zMnakWq7PTtFrz	CKay	['afro r&b', 'afrobeats']	[2021, 2022]	3	2
76K7CMtjKF2lH8UNXjYkN8	Raw	[]	[2020, 2021, 2022]	3	3
4lXKOXNDKm0C02LtNTOrtf	Electabaz	[]	[2020, 2021]	3	3
3PyJHH2wyfQK3WZrk9rpmP	Ashnikko	['alt z', 'escape room']	[2020, 2021]	3	1
3Twks7X3LY2Dzjv8s3f49l	Hrwas	['greek underground rap']	[2021]	3	3
3xqrfI4xL7FnBawAoiOTxe	Dimitris Mitropanos	['entehno', 'laiko']	[2020, 2021]	3	0
7uaIm6Pw7xplS8Dy06V6pT	Trevor Daniel	['melodic rap']	[2019, 2020, 2021]	3	1
6DgP9otnZw5z6daOntINxp	Joel Corry	['dance pop', 'pop dance', 'uk dance']	[2020, 2021]	3	3
4STHEaNw4mPZ2tzheohgXB	Paul McCartney	['beatlesque', 'classic rock', 'rock']	[2017, 2018, 2019, 2020, 2021]	3	0
4sj6D0zlMOl25nprDJBiU9	Andy Williams	['adult standards', 'easy listening']	[2017, 2018, 2019, 2020, 2021]	3	0
2W4apaxME2OLw8qqhZK7aJ	Marina Satti	['greek pop', 'greek swing']	[2017, 2021]	3	0
1rNn8vt3hmIxbDuqMVzXpA	George Theofanous	['greek pop']	[2020, 2021, 2022]	3	3
0bWNsLp2zKgUNInup4gU9F	Mpelafon	['greek underground rap']	[2019, 2020, 2021]	3	3
6ASri4ePR7RlsvIQgWPJpS	iann dior	['melodic rap']	[2020, 2021]	3	3
38EmEgXkgK51MT2tPY0EoC	Bobby Helms	[]	[2017, 2018, 2019, 2020, 2021]	3	0
7cYEt1pqMgXJdq00hAwVpT	Chase Atlantic	['alternative r&b']	[2021, 2022]	3	0
1W3FSF1BLpY3hlVIgvenLz	The-Dream	['dirty south rap', 'hip pop', 'r&b', 'southern hip hop', 'trap', 'urban contemporary']	[2018, 2021]	3	3
7b79bQFziJFedJb75k6hFt	Tion Wayne	['london rap', 'uk hip hop']	[2020, 2021]	3	3
7m0BsF0t3K9WQFgKoPejfk	ArrDee	['uk hip hop']	[2021, 2022]	3	2
6vmTc3lUmJaPI2CPPghlPk	Natasha Kay	[]	[2019, 2021]	3	3
1U1el3k54VvEUzo3ybLPlM	Kali Uchis	['colombian pop']	[2021, 2022]	3	2
1XlTr7C0vwBmlpnsN8OMhu	Christos Mastoras	['greek pop', 'laiko']	[2019, 2020, 2021, 2022]	3	1
7arQA31aZVS8yS6zUveWzb	CJ	['nyc rap']	[2020, 2021]	3	0
2h5alBjyxfubD2ci4vSc28	Display	['greek hip hop', 'greek trap']	[2019, 2020, 2021, 2022]	3	3
4iHNK0tOyZPYnBU7nGAgpQ	Mariah Carey	['dance pop', 'pop', 'urban contemporary']	[2017, 2018, 2019, 2020, 2021, 2022]	3	0
77SW9BnxLY8rJ0RciFqkHh	The Neighbourhood	['modern alternative rock', 'modern rock', 'pop', 'pov: indie']	[2020, 2021, 2022]	3	0
07u8NOOlwGmNmQjU9whua2	Stan	['greek pop', 'laiko']	[2019, 2021, 2022]	3	1
7x4X4E8agWghoTDdHrUfLV	Greco Beats	[]	[2021, 2022]	3	3
3peCLl6eMLh8lJyRUt4jc8	Anser	['greek trap', 'greek underground rap']	[2021]	3	3
1A9YIGEAYljm5zFUMBK8Ot	Nateballing	[]	[2021, 2022]	3	3
7yntSJ6uojO3z6GFUVwhAW	CORPSE	['pov: indie']	[2020, 2021]	3	3
2lxAO4k1GdoEMQRbdpboME	Ixodotis	['greek underground rap']	[2021]	3	3
75QGJWUR1GaWNKYNTxmciu	Reddy A	[]	[2021, 2022]	3	3
06nvjg4wBANK6DCHjqtPNd	Mahmood	['italian adult pop', 'italian pop']	[2019, 2021, 2022]	3	1
0GM7qgcRCORpGnfcN2tCiB	Tainy	['pop reggaeton', 'reggaeton', 'trap latino', 'urbano latino']	[2019, 2020, 2021]	3	3
6LXRvV2OAtXF7685fzh3mj	Rowdy Rebel	['nyc rap']	[2020, 2021]	3	3
2p1fiYHYiXz9qi0JJyxBzN	Skepta	['birmingham grime', 'grime', 'instrumental grime', 'uk hip hop']	[2018, 2019, 2020, 2021]	3	3
72zZ87G4L9Lfx0mstygJVE	Kings	['greek pop', 'laiko']	[2019, 2020, 2021]	3	3
45gHcnDnMC15sgx3VL7ROG	42 Dugg	['detroit trap', 'trap']	[2020, 2021]	3	3
0FP5F108WcX4euAwRyV1st	MR.CHI	['basshall']	[2020, 2021]	3	3
6EPlBSH2RSiettczlz7ihV	Sleepy Hallow	['brooklyn drill', 'nyc rap']	[2020, 2021]	3	2
5KEG7G8LDYlHgFDqZyEEs2	Chris Rea	['soft rock', 'sophisti-pop']	[2017, 2018, 2019, 2020, 2021]	3	0
0wi4yTYlGtEnbGo4ltZTib	Shakin' Stevens	['classic uk pop', 'rockabilly']	[2018, 2019, 2020, 2021]	3	0
0jnsk9HBra6NMjO2oANoPY	Flo Rida	['dance pop', 'miami hip hop', 'pop', 'pop rap']	[2017, 2018, 2021]	3	2
0ebNdVaOfp6N0oZ1guIxM8	SUGA	['k-pop']	[2019, 2020, 2021]	3	3
5KNNVgR6LBIABRIomyCwKJ	Dermot Kennedy	['folk-pop', 'irish pop', 'uk pop']	[2019, 2020, 2021]	3	1
5exS0bytCYdixgv02DaCm3	William Singe	[]	[2017, 2018]	3	3
50JJSqHUf2RQ9xsHs0KMHg	Jon Bellion	['indie pop rap']	[2017]	3	2
3NPpFNZtSTHheNBaWC82rB	X Ambassadors	['modern alternative rock', 'modern rock', 'stomp pop']	[2017, 2018]	3	3
6cEuCEZu7PAE9ZSzLLc2oQ	R3HAB	['dutch house', 'edm', 'electro house', 'pop dance', 'progressive electro house', 'slap house']	[2017, 2019]	3	3
0q4NrXqJnc367PieejuROJ	Vice	['chicano rap']	[2017]	3	3
21451j1KhjAiaYKflxBjr1	Zion & Lennox	['reggaeton', 'urbano latino']	[2017, 2018, 2022]	3	2
3DiDSECUqqY1AuBP8qtaIa	Alicia Keys	['neo soul', 'pop', 'r&b']	[2017, 2019, 2022]	3	2
4f9iBmdUOhQWeP7dcAn1pf	Rag'n'Bone Man	['neo soul']	[2017, 2019]	3	2
00TKPo9MxwZ0j4ooveIxWZ	Loote	['alt z', 'nyc pop']	[2017, 2019]	3	2
49tQo2QULno7gxHutgccqF	LANY	['la pop']	[2017, 2019, 2020]	3	2
20gsENnposVs2I4rQ5kvrf	Sam Feldt	['edm', 'pop dance', 'tropical house']	[2017, 2019]	3	3
0z4gvV4rjIZ9wHck67ucSV	Akon	['dance pop']	[2017, 2018, 2020]	3	3
3fMbdgg4jU18AjLCKBhRSm	Michael Jackson	['r&b', 'soul']	[2017, 2018, 2019]	3	2
1CoZyIx7UvdxT5c8UkMzHd	Jorja Smith	['r&b', 'uk contemporary r&b']	[2017, 2018, 2019]	3	2
66TrUkUZ3RM29dqeDQRgyA	Ella Eyre	['dance pop', 'talent show', 'uk dance', 'uk pop']	[2017, 2018]	3	3
73jBynjsVtofjRpdpRAJGk	Dimitri Vegas & Like Mike	['belgian dance', 'belgian edm', 'big room', 'dutch house', 'edm', 'electro house', 'pop dance', 'progressive electro house']	[2017, 2019]	3	3
2HkAI0YrEcgoR8QdaURqhO	Dimitri Vegas	['belgian edm']	[2017, 2019]	3	3
7pFeBzX627ff0VnN6bxPR4	Desiigner	['pop rap', 'rap', 'southern hip hop', 'trap', 'viral trap']	[2017, 2018]	3	1
4Rxn7Im3LGfyRkY2FlHhWi	Nick Jonas	['dance pop', 'pop']	[2017, 2018]	3	2
6c0mTNAxJxlp9HpKTUZwA8	ALMA	[]	[2017, 2018]	3	3
6t1gpxYbY8OlLA7D2RiikQ	Loud Luxury	['edm', 'pop dance']	[2018, 2019]	3	3
6i392l38cR3uBPF0DbNs7S	Quality Control	['melodic rap', 'trap']	[2019]	3	3
2nm38smINjms1LtczR0Cei	Goodboys	['pop dance', 'uk dance']	[2019, 2020]	3	3
2NlKrNMdpYxGjt3Pvw87rC	Europa	['uk dance']	[2019]	3	3
6nS5roXSAGhTGr34W6n7Et	Disclosure	['edm', 'house', 'indietronica', 'uk dance']	[2019, 2020]	3	3
53KwLdlmrlCelAZMaLVZqU	James Blake	['art pop', 'indie soul', 'indietronica', 'neo soul', 'uk alternative pop']	[2018, 2019]	3	3
3WXSYOHIjL49eprEEZiRee	Raffie Raff	[]	[2019, 2020]	3	3
7mnBLXK823vNxN3UWB7Gfz	The Black Keys	['alternative rock', 'blues rock', 'garage rock', 'indie rock', 'indietronica', 'modern blues rock', 'modern rock', 'punk blues', 'rock', 'roots rock']	[2019]	3	0
0hEurMDQu99nJRq8pTxO14	John Mayer	['neo mellow', 'singer-songwriter']	[2018, 2019]	3	1
63yrD80RY3RNEM2YDpUpO8	Melanie Martinez	['alt z', 'electropop', 'pop']	[2019, 2020]	3	0
04yB9kBsaEQgT8hFfcsQik	Mustard	[]	[2019, 2020]	3	3
5IH6FPUwQTxPSXurCrcIov	Alec Benjamin	['alt z', 'pop', 'pov: indie']	[2018, 2019, 2020]	3	0
137W8MRPWKqSmrBGDBFSop	Wiz Khalifa	['hip hop', 'pittsburgh rap', 'pop rap', 'rap', 'southern hip hop', 'trap']	[2018, 2019]	3	3
4VIvfOurcf0vuLRxLkGnIG	Bradley Cooper	['hollywood']	[2018, 2019, 2020]	3	3
52KgCdZCBgAse8sC2nscfi	Kaan	[]	[2019]	3	3
1tqhsYv8yBBdwANFNzHtcr	Lil Dicky	['comedy rap', 'indie pop rap', 'pop rap']	[2018, 2019, 2020]	3	2
57LYzLEk2LcFghVwuWbcuS	Summer Walker	['r&b']	[2019]	3	3
1INuLZXjjVbcJRyWvD1iSq	Jack & Jack	['pop', 'teen pop']	[2018, 2019]	3	2
3wcj11K77LjEY1PkEazffa	Burna Boy	['afrobeats', 'dancehall', 'nigerian hip hop', 'nigerian pop']	[2019, 2020]	3	3
0YinUQ50QDB7ZxSCLyQ40k	Mustard	['cali rap', 'pop rap', 'rap', 'southern hip hop', 'trap']	[2019, 2020]	3	3
3tLYpanVDomWAZqF82NPds	Vigiland	['deep pop edm', 'electronic trap']	[2018, 2019]	3	2
4rTv3Ejc7hKMtmoBOK1B4T	Ali Gatie	['canadian hip hop']	[2019, 2020]	3	0
0vRvGUQVUjytro0xpb26bs	Arizona Zervas	['pop rap', 'rhode island rap']	[2019, 2020]	3	0
6ZLTlhejhndI4Rh53vYhrY	Ozzy Osbourne	['album rock', 'alternative metal', 'birmingham metal', 'classic rock', 'glam metal', 'hard rock', 'metal', 'nu metal', 'rock']	[2019, 2020]	3	3
6Ha4aES39QiVjR0L2lwuwq	Yo Gotti	['dirty south rap', 'gangster rap', 'memphis hip hop', 'rap', 'southern hip hop', 'tennessee hip hop', 'trap']	[2018, 2019, 2020]	3	3
7z2avKuuiMAT4XZJFv8Rvh	Tom Walker	['indie anthem-folk', 'uk pop']	[2019]	3	1
4LEiUm1SRbFMgfqnQTwUbQ	Bon Iver	['chamber pop', 'eau claire indie', 'indie folk', 'melancholia', 'modern rock']	[2019, 2020]	3	2
4k1ELeJKT1ISyDv8JivPpB	The Prodigy	['big beat', 'breakbeat', 'dance rock', 'hardcore techno', 'rave']	[2019]	3	0
0p4nmQO2msCgU4IF37Wi3j	Avril Lavigne	['canadian pop', 'candy pop', 'pop']	[2018, 2019]	3	1
6xNParsSL0RbNdzbCRBkEJ	Sonqo Pura	['greek underground rap']	[2019, 2020]	3	3
1FhY0lBSZSzM8jcV0lqaLR	Kazal	[]	[2022]	3	3
6trIghKwHRUyxwvm66HLHH	Fousheé	['indie r&b']	[2020]	3	2
6Bw1EqCw7PUlJVy3CCAgCk	Asto Pasam	['greek underground rap']	[2020]	3	3
1EXpoSpKElvsvgaRR6J9rV	Hades	['greek drill']	[2020]	3	3
4gOc8TsQed9eqnqJct2c5v	K/DA	['k-pop girl group']	[2018, 2020]	3	3
2AfmfGFbe0A0WsTYm0SDTx	(G)I-DLE	['k-pop', 'k-pop girl group']	[2018, 2020]	3	3
3jbUSp8Ptzrydwbj5JDzdn	Tigre Sporakia	['greek hip hop']	[2020]	3	3
67nwj3Y5sZQLl72VNUHEYE	Wale	['pop rap', 'r&b', 'rap', 'southern hip hop', 'trap']	[2018, 2020]	3	3
2cADQgiLMjNhbsfeN52Bf3	Swizz Beatz	['battle rap', 'dirty south rap', 'southern hip hop', 'trap']	[2018, 2020]	3	3
1oKdM70mJD8VvDOTKeS8t1	Emily Warren	['alt z', 'nyc pop']	[2018]	3	3
0xOeVMOz2fVg5BJY3N6akT	Jaden	['pop rap', 'rap']	[2018]	3	3
7HkdQ0gt53LP4zmHsL0nap	Ella Mai	['r&b', 'rap', 'uk contemporary r&b']	[2018]	3	0
3TONCYkiEtfdBmIUP8BUgy	Mastigo	[]	[2020, 2021]	2	2
7guDJrEfX3qb6FEbdPA5qi	Stevie Wonder	['motown', 'soul']	[2018, 2019, 2020, 2021]	2	0
6n28c9qs9hNGriNa72b26u	PNAU	['alternative dance', 'aussietronica', 'australian dance', 'australian electropop']	[2021, 2022]	2	2
64smqaraIWYMqZabviiMM2	TRTL	[]	[2020, 2021]	2	2
0sTPMLGBv3QdhuZQw5ZMu6	Ilias Kampakakis	['greek pop', 'laiko']	[2018, 2021]	2	0
7K78lVZ8XzkjfRSI7570FF	José Feliciano	['latin pop', 'puerto rican pop']	[2017, 2018, 2019, 2020, 2021]	2	0
6LK9KusfU5S8J4S5E6rrxi	Ofili	['greek hip hop']	[2021]	2	2
6VSpS9nABDMDVGYQwl49t4	Geo RVSD	[]	[2021, 2022]	2	2
2rDf12GPPndtQlKnxfKj3m	Spave	['greek underground rap']	[2021, 2022]	2	2
66epqkJHwRWyRm86UNw33N	Btk	[]	[2021, 2022]	2	2
7F2utINZ6tSokSiZTQBE27	Guè	['italian hip hop', 'italian pop']	[2019, 2020, 2021]	2	2
0ksX396B3t2Gt8kwr0BJZk	Fumez The Engineer	['melodic drill', 'uk drill', 'uk hip hop', 'uk melodic rap']	[2021, 2022]	2	2
0u6GtibW46tFX7koQ6uNJZ	Topic	['german dance', 'pop dance', 'pop edm', 'uk dance']	[2020, 2021]	2	2
0IFfGEYUge1S0WGqCZmFrM	IAMSTRONG	[]	[2021]	2	2
45dkTj5sMRSjrmBSBeiHym	Tate McRae	['alt z', 'pop']	[2020, 2021]	2	0
4RoGp6FS0IfUsv7lrknp8U	Southearn	[]	[2020, 2021]	2	2
0JfrxGQOdnHYZWBAtzPezD	Echo	[]	[2021]	2	2
5L1lO4eRHmJ7a0Q6csE5cT	LISA	['k-pop']	[2021, 2022]	2	0
01GDS9NmGwhzHm2VjbZFcG	Stelios Rokkos	['greek pop', 'laiko']	[2021]	2	1
35S20clEkkSNUo23ViaslZ	Band Aid	['musical advocacy']	[2017, 2018, 2019, 2020, 2021]	2	0
5veM8G7TYoHuDYLPENhr8Q	Dann Ill	[]	[2021]	2	2
2ISiyx4DLCMAMBCvPesCoq	JONY	['russian dance', 'russian pop']	[2020, 2021]	2	0
1Vt08HlFmHOFcUO4PCqP44	Katerina Stikoudi	['greek pop', 'laiko']	[2020, 2021]	2	2
4V0ywNkd8Ca96rMNhAem0G	DJ Marvel	['scratch']	[2021]	2	2
6Av6GMCOznZIlHuNcBWgf4	Jay Critch	['nyc rap', 'trap']	[2019, 2021]	2	2
56CAZLbzUvyYZir1iwtfhQ	Dj Moya	['greek underground rap']	[2021]	2	2
1ovASyov70Kib3rNJ3EB5R	G-KAL	[]	[2021]	2	2
20wkVLutqVOYrc0kxFs7rA	Daniel Caesar	['canadian contemporary r&b']	[2019, 2021]	2	2
1lqmHcAVOtirfe6eSkYSfW	Young Bee	[]	[2020, 2021]	2	2
5k33Wwmqe50DI0c0tF7X9y	Khay Be	['greek trap']	[2021, 2022]	2	2
7uMh23xWiuR7zsNkuNcm2G	MNEK	['house', 'pop dance', 'uk contemporary r&b', 'uk dance', 'uk pop']	[2018, 2020, 2021]	2	2
2BvJxRn2Azg6z4K0BBlr1m	DJ Cutbrawl	['greek underground rap']	[2020, 2021]	2	2
3eVa5w3URK5duf6eyVDbu9	ROSÉ	['k-pop']	[2021]	2	0
2o08sCWF5yyo2G4DCiT7T9	HVME	['slap house']	[2020, 2021]	2	1
2arQ0lfcNGLrJOHoJksWOw	Ivi Adamou	['cypriot pop', 'greek pop', 'laiko']	[2020, 2021, 2022]	2	2
1zDXh0x75B4zPVsAHDuTnO	Skive	['greek hip hop', 'greek trap']	[2021, 2022]	2	2
4ofCBoyEiGSePFAG500xev	Regard	['pop dance', 'pop edm', 'slap house', 'uk dance']	[2019, 2020, 2021]	2	1
3klZnJvYGIbWritVwQD434	Duncan Laurence	['dutch pop']	[2019, 2021]	2	0
4Uc8Dsxct0oMqx0P6i60ea	Conan Gray	['bedroom pop', 'pop', 'pov: indie']	[2020, 2021]	2	0
3FoFW2AoUGRHBacC6i4x4p	Russ Millions	['melodic drill', 'uk drill']	[2021]	2	2
5AbLpsnTQVNB3OEadYiVrK	Yxng Bane	['afroswing', 'grime', 'uk dancehall', 'uk hip hop']	[2018, 2021]	2	2
0QJIPDAEDILuo8AIq3pMuU	M.I.A.	['escape room', 'indietronica', 'new rave']	[2020, 2021]	2	2
43LNzVQi3AUDm6NGSlg4BK	Stavento	['greek hip hop', 'greek pop', 'laiko']	[2021, 2022]	2	2
16NpduEB1MO70qblBBj3GH	Ellize	['greek fem rap']	[2021]	2	1
1gl0S9pS0Zw0qfa14rDD3D	Surf Curse	['dreamo', 'indie surf', 'pov: indie', 'surf punk', 'vegas indie']	[2021]	2	0
7dAqTVhpTTakq1rrJrzagN	Skliros	['greek drill']	[2020, 2021]	2	2
3LLNDXrxL4uxXtnUJS5XWM	Alexander Rybak	[]	[2018, 2021]	2	0
6C1X5Uh3DPIkC2gaVq00BL	Jala Brat	['balkan hip hop', 'turbo folk']	[2021, 2022]	2	2
7h1amg0X7Q5d0D5KfuyKTg	Dylan	['italian hip hop', 'trap italiana']	[2021, 2022]	2	2
3L4ffGkzeEsDSgLXUPaA0R	Dolos	[]	[2021]	2	2
2bI0N9ztQb3L6e9DIMdMuC	Lobo	['greek underground rap']	[2019, 2020, 2021]	2	2
0FOWNUFHPnMy0vOw1siGqi	Belly	['canadian hip hop', 'canadian trap']	[2021]	2	2
0JXiS2FrAg3wQYJHcmZdrc	B. Swanson Quartet	[]	[2017, 2018, 2019, 2020, 2021]	2	2
3qg78GGGWP04yTv0ZQMsXl	Anna Vissi	['classic greek pop', 'cypriot pop', 'greek pop', 'laiko']	[2019, 2021]	2	0
17qlQfDPyFAHsWvqblqdFa	DonBeatz	[]	[2021, 2022]	2	2
2bucjueNUx2aVTUA7zj6w7	APON	['greek trap']	[2021]	2	2
1tHXeeKi5dBepwzOvBh6ST	Gamecue	[]	[2019, 2020, 2021, 2022]	2	2
0EApsGQMdUG9H7HYgq7Dcy	Tony Raw	['greek trap']	[2021]	2	2
6pzakWBnROTxMfK2sLhkuO	IGNES	['greek fem rap']	[2020, 2021]	2	2
56mfhUDKa1vec6rSLZV5Eg	Jawsh 685	['nz pop']	[2020, 2021]	2	2
0vpzE9GXq41Yg1ixJUrwOG	Alecc	['greek trap']	[2021]	2	2
7f5Zgnp2spUuuzKplmRkt7	Lost Frequencies	['belgian edm', 'edm', 'pop dance', 'tropical house']	[2018, 2021, 2022]	2	2
21UPYSRWFKwtqvSAnFnSvS	Amaarae	['afro r&b', 'afrobeats', 'alternative r&b', 'ghanaian alternative', 'ghanaian pop']	[2021, 2022]	2	2
2hVWBpjLW4Q7fboYz2pVYK	Moliy	['ghanaian alternative']	[2021, 2022]	2	2
7naeVhwpAjzdKBoHrFha18	Yung Rocky	[]	[2021]	2	2
4ejxO6oyBCyKTKafvWIVZ3	SOKI	[]	[2021, 2022]	2	2
7cayVDvqoJgdZZtBELg0e3	Complex	['greek trap', 'greek underground rap']	[2019, 2021]	2	2
4GBoKOm5j9X7EzhzMcAJBP	Niko Tsan	[]	[2021, 2022]	2	2
4b19vuzlDcNdU4quI7L6sW	ElyOtto	['hyperpop', 'weirdcore']	[2021]	2	0
49YbNTLaaAbZHLtDI2aPGL	Tesher	[]	[2021]	2	1
6nVcHLIgY5pE2YCl8ubca1	Jhayco	['reggaeton', 'trap latino', 'urbano latino']	[2020, 2021]	2	2
6mdiAmATAx73kdxrNrnlao	Iron Maiden	['hard rock', 'metal', 'nwobhm', 'rock']	[2018, 2021]	2	0
49OXQoObhn6uR1vgOeNlku	Johnny King	['greek trap']	[2020, 2021]	2	2
0HZUhj5PZHzHMWSI4s8rOQ	Stefania	['greek pop']	[2020, 2021]	2	0
4on0ZKQawQbKtMn38c5aIS	JV	['greek drill']	[2021, 2022]	2	1
3tJoFztHeIJkJWMrx0td2f	Moneybagg Yo	['memphis hip hop', 'rap', 'southern hip hop', 'tennessee hip hop', 'trap']	[2020, 2021]	2	2
1mcTU81TzQhprhouKaTkpq	Rauw Alejandro	['puerto rican pop', 'reggaeton', 'trap latino', 'urbano latino']	[2021]	2	2
7aASXckUdNXJ5X338n8C1D	Voyage	['turbo folk']	[2021, 2022]	2	2
6zlmpdTPJuoUoZzasQ4cGb	Diablo	['greek trap']	[2021, 2022]	2	0
3tpV3p3cGqRpi4FECzJTki	Llenn	[]	[2021, 2022]	2	1
57nPqD7z62gDdq37US9XJR	Arcane	[]	[2021, 2022]	2	2
1WgXqy2Dd70QQOU7Ay074N	AURORA	['art pop', 'norwegian pop']	[2019, 2021]	2	0
4x1nvY2FN8jxqAFA0DA02H	John Lennon	['beatlesque', 'classic rock', 'rock']	[2017, 2018, 2019, 2020, 2021]	2	2
2s4tjL6W3qrblOe0raIzwJ	Yoko Ono	['experimental', 'experimental pop']	[2017, 2018, 2019, 2020, 2021]	2	2
5yD9OVO5dKEteEVps9qG3v	DJ Tune	['greek trap']	[2020, 2021]	2	2
4KObW3NId4zpKEEOskxiCH	Givi	['greek hip hop']	[2018, 2019, 2021]	2	2
43ZHCT0cAZBISjO8DG9PnE	Elvis Presley	['rock-and-roll', 'rockabilly']	[2017, 2018, 2019, 2020, 2021]	2	0
1Ml4OuStDoympbREURAM15	The Fontane Sisters	['deep adult standards', 'vocal harmony group']	[2017, 2018, 2019, 2020, 2021]	2	2
0HS96tPggl2nwiz3gNWWI5	Mitchell Ayres & His Orchestra	"[""man's orchestra""]"	[2017, 2018, 2019, 2020, 2021]	2	2
5ydHt0EMKASd7FJi3fyuXe	Wanton	[]	[2020, 2021]	2	2
1Oa0bMld0A3u5OTYfMzp5h	Nate Dogg	['g funk', 'gangster rap', 'hardcore hip hop', 'hip hop', 'west coast rap']	[2017, 2018, 2019, 2020]	2	2
6s22t5Y3prQHyaHWUN1R1C	AJR	['pov: indie']	[2017, 2018]	2	1
6d47Z08T4snK50HgTEHo5Z	Sage The Gemini	['hyphy', 'pop rap', 'southern hip hop', 'trap']	[2017]	2	0
5DK8eK7fjvRsziXzyr3sFA	Moon Taxi	['modern alternative rock']	[2017]	2	0
5X4LWwbUFNzPkEas04uU82	DVBBS	['canadian electronic', 'dutch house', 'edm', 'electro house', 'pop dance', 'progressive electro house', 'slap house']	[2017, 2019]	2	2
5fyDppLDl1juIu1BcUT5zh	Digital Farm Animals	['uk dance']	[2017, 2018]	2	2
4D75GcNG95ebPtNvoNVXhz	AFROJACK	['big room', 'dance pop', 'dutch house', 'edm', 'electro house', 'pop dance', 'progressive electro house']	[2017, 2018]	2	2
4ytkhMSAnrDP8XzRNlw9FS	Vince Guaraldi Trio	['jazz trio']	[2017, 2018, 2019, 2020]	2	0
2ysnwxxNtSgbb9t1m2Ur4j	George Ezra	['folk-pop', 'neo-singer-songwriter']	[2017, 2018]	2	0
7qG3b048QCHVRO5Pv1T5lw	Enrique Iglesias	['dance pop', 'latin pop', 'mexican pop']	[2017, 2018]	2	2
4ryoUS0W8qXokfMxrlJt6O	Skip Marley	['modern reggae']	[2017]	2	2
5lXfVoQxVgC5fpjkVqvNYn	Isaiah Firebrace	['australian pop']	[2017]	2	0
0eecdvMrqBftK0M1VKhaF4	CNCO	['boy band', 'latin pop', 'reggaeton', 'urbano latino']	[2017]	2	2
4olE3I5QU0dvSR7LIpqTXc	WATT	['modern alternative rock']	[2017, 2018, 2019]	2	2
79QO0Xmn1dZhvaLicS2Yrs	The Night Game	['modern alternative rock']	[2017]	2	2
5M0lbkGluOPXLeFjApw8r8	DRAM	['pop rap', 'trap', 'underground hip hop', 'viral trap', 'virginia hip hop']	[2017]	2	2
6TvjXbopXg71XRM9OZWqUc	Arin Ray	['alternative r&b']	[2017]	2	0
5PlfkPxwCpRRWQJBxCa0By	HUGEL	['deep house']	[2017, 2018]	2	2
0bdJZl7TDeiymDYzMJnVh2	Preme	['canadian hip hop', 'canadian trap', 'toronto rap']	[2017, 2018, 2019]	2	1
5MouCg6ta7zAxsfMEbc1uh	OMI	['reggae fusion']	[2017]	2	2
4ON1ruy5ijE7ZPQthbrkgI	Burak Yeter	['electro house']	[2017]	2	2
7Dz9goFmVZZqvJxZoKg7pF	Danelle Sandoval	['nyc pop']	[2017]	2	2
6mU8ucezzms5I2kNH6HNlu	Conor Maynard	['post-teen pop', 'uk pop', 'viral pop']	[2017, 2018]	2	2
76yeOnINtQSXyoEHbkYmtY	Drew Love	[]	[2017, 2018]	2	2
2KsP6tYLJlTBvSUxnwlVWa	Mike Posner	['dance pop', 'pop', 'pop rap']	[2017]	2	2
5cIc3SBFuBLVxJz58W2tU9	Oh Wonder	['electropop', 'indie poptimism', 'pov: indie']	[2017]	2	2
5nkYRuiIHg2xXHFC8bfosJ	ItaloBrothers	['hands up', 'italo dance']	[2017]	2	0
02A3cEvlLLCbIMVDrK2GHV	Starley	['aussietronica']	[2017]	2	2
33JQK4UoS2aMPYBfdB5Ftt	Ryan Riback	['melbourne bounce']	[2017]	2	2
3JXpwnHbLvXxY99EuXqFPX	Poo Bear	['pop r&b']	[2017, 2018]	2	2
0uGk2czvcpWQA383Im6ajf	Maggie Lindemann	['alt z', 'dark pop', 'pop']	[2017, 2018]	2	2
0CEK8AzyeD5ZUdUloB6yQV	CADE	['pop edm']	[2017, 2018]	2	2
3iOvXCl6edW5Um0fXEBRXy	The xx	['downtempo', 'dream pop', 'indietronica']	[2017]	2	0
0FTrIsp2Mg7Bkf8eXQrISa	PHresher	['nyc rap']	[2017]	2	2
0hItVPjwJLVZrFqOyIsxPf	Judy Garland	['adult standards', 'torch song', 'vocal jazz']	[2017, 2018, 2019, 2020]	2	0
2FwJwEswyIUAljqgjNSHgP	Snakehips	['electropop']	[2017, 2019]	2	2
6wMr4zKPrrR0UVz08WtUWc	Black Coffee	['south african house', 'south african pop', 'south african pop dance']	[2017, 2018]	2	2
3c55dzx6W0ZFs0frtEgIsm	Sunstroke Project	['moldovan pop']	[2017]	2	0
7blkMNJv8n9ceP9zlA4W2U	Shawn Hook	['canadian pop']	[2017]	2	2
6G9bygHlCyPgNGxK2l3YdE	Vanessa Hudgens	['dance pop', 'pop', 'post-teen pop']	[2017]	2	2
3S0tlB4fE7ChxI2pWz8Xip	Giggs	['grime', 'london rap', 'uk hip hop']	[2017]	2	2
0RqtSIYZmd4fiBKVFqyIqD	Thirty Seconds To Mars	['modern rock', 'post-grunge']	[2017, 2018]	2	0
7jdFEYD2LTYjfwxOdlVjmc	KALEO	['icelandic indie', 'icelandic rock', 'modern alternative rock']	[2017, 2020]	2	0
6ltzsmQQbmdoHHbLZ4ZN25	Lord Huron	['indie folk', 'modern rock', 'stomp and holler']	[2017, 2018, 2019]	2	0
34v5MVKeQnIo0CWYMbbrPf	John Newman	['dance pop']	[2017, 2018]	2	1
5wPoxI5si3eJsYYwyXV4Wi	N.E.R.D	['hip hop', 'virginia hip hop']	[2017, 2018]	2	2
2NCGI6dLTxLdI9XHdv7QfM	The Andrews Sisters	['adult standards', 'swing', 'torch song', 'vocal harmony group']	[2017, 2018, 2019]	2	2
2lolQgalUvZDfp5vvVtTYV	Tony Bennett	['adult standards', 'easy listening', 'lounge', 'vocal jazz']	[2017, 2018, 2019, 2020]	2	0
4TrraAsitQKl821DQY42cZ	Sigrid	['norwegian pop']	[2017, 2019]	2	0
4QfOh8rJ0OddhhXHD5QyWs	The Boy Next Door	['basshall']	[2017, 2018]	2	2
6Ff53KvcvAj5U7Z1vojB5o	*NSYNC	['boy band', 'dance pop', 'pop']	[2017, 2018, 2019]	2	0
3tQx1LPXbsYjE9VwN1Peaa	Marc E. Bassy	['indie pop rap']	[2017, 2018]	2	2
0qSX3s5pJnAlSsgsCne8Cz	Brett Eldredge	['contemporary country', 'country', 'country road', 'modern country rock']	[2017, 2018, 2019, 2020]	2	1
77DAFfvm3O9zT5dIoG0eIO	Kyla	['uk funky']	[2017, 2018]	2	2
5uEeqYFuIChoWKy34jp8xE	Brando	['dance pop', 'pop dance']	[2018, 2019]	2	2
3EOEK57CV77D4ovYVcmiyt	Dennis Lloyd	['israeli pop']	[2018, 2019]	2	0
6FD0unjzGQhX3b6eMccMJe	Ghostface Killah	['east coast hip hop', 'hardcore hip hop']	[2018, 2019]	2	2
18fODuAeoEuQ3tRo8vFPb0	Sin Boy	['greek trap']	[2019]	2	0
1TtXnWcUs0FCkaZDPGYHdf	Darell	['latin hip hop', 'reggaeton', 'trap latino', 'urbano latino']	[2018, 2019]	2	2
5MbNzCW3qokGyoo9giHA3V	EARTHGANG	['atl hip hop', 'hip hop', 'psychedelic hip hop', 'rap', 'underground hip hop']	[2019]	2	2
0VuyN0xzSqykiDB2MxihTe	Sakis Rouvas	['greek pop', 'laiko']	[2019, 2020]	2	1
6USMTwO0MNDnKte5a5h0xx	Y2K	['pop rap', 'viral rap']	[2019, 2020]	2	2
41X1TR6hrK8Q2ZCpp2EqCz	bbno$	['canadian hip hop', 'dark trap', 'meme rap']	[2019, 2020]	2	2
6oBm8HB0yfrIc9IHbxs6in	Lykke Li	['art pop', 'electropop', 'indietronica', 'neo-synthpop', 'swedish electropop', 'swedish indie pop', 'swedish pop']	[2018, 2019]	2	1
2auiVi8sUZo17dLy1HwrTU	Solange	['afrofuturism', 'alternative r&b', 'r&b', 'urban contemporary']	[2019]	2	0
63XBtGSEZINSyXylZxEUbv	Victoria Monét	['alternative r&b']	[2019]	2	2
5UjifI1TYefXWn9GdqDOHl	Social House	[]	[2018, 2019]	2	2
5oepsXDD0R9vmo2nijdIZd	Dionisis Tsaknis	['classic greek pop']	[2019]	2	2
6tnqzaOroG2OtBaSfVJbEw	KAZKA	['russian pop', 'ukrainian pop']	[2019]	2	0
66boGo8K2qr6afswGwmRaS	Slogan	[]	[2019]	2	1
3CjlHNtplJyTf9npxaPl5w	CHVRCHES	['indietronica', 'metropopolis', 'neo-synthpop', 'shimmer pop']	[2018, 2019]	2	1
2U3FuHYvL3vhkbDAXm24Ep	Dan Caplen	['neo soul', 'uk contemporary r&b']	[2018, 2019]	2	2
1WsYCXdezMjn0KoIrLvMmC	Ed Sheeran & Justin Bieber	[]	[2019, 2020]	2	2
0JPWNQ1HVajChYscG3eEho	Sele	['greek trap']	[2019, 2020]	2	2
45eNHdiiabvmbp4erw26rg	ILLENIUM	['edm', 'melodic dubstep', 'pop dance']	[2019]	2	2
7Io0XduXk7aOHFHA7sLru2	Bonn	['swedish pop']	[2018, 2019]	2	2
5SyGEPymt1G2uto47tVWvZ	MadeinTYO	['atl hip hop', 'melodic rap', 'trap']	[2019, 2020]	2	2
1CO6e7WRJvSFenmQO8n64C	Zhavia	['post-teen pop']	[2018, 2019]	2	2
6tt0iYnpHERj05WATWRiom	Bantu	['zimdancehall']	[2018, 2019]	2	2
3SYnDj7btg9gFY7ps8m5d5	RANI	['dutch pop']	[2019]	2	2
6q3p11nP1p80Ey6LrOOSed	Hit-Boy	['drumless hip hop']	[2019]	2	2
4S9EykWXhStSc15wEx8QFK	Céline Dion	['canadian pop']	[2018, 2019]	2	0
0ty37iExXFV38N3F8XAxPE	Young Montanas	['greek trap']	[2019, 2020]	2	2
1Bl6wpkWCQ4KVgnASpvzzA	BROCKHAMPTON	['boy band', 'rap']	[2019, 2020]	2	0
1ATDcv6wTF2U42HPB4qEFz	Nino Xypolitas	['greek pop', 'laiko']	[2019]	2	0
4q6hTJmeYXCwp0ivdtoSWA	Dappy	['grime', 'uk hip hop', 'uk melodic rap']	[2019, 2020]	2	1
028lPW2NdWHdSPCkRkcyhd	Ant Clemons	[]	[2019]	2	2
3uZFBSsMiooimnprFL9jD1	Snow	['canadian old school hip hop', 'reggae fusion']	[2019, 2020]	2	2
1z7b1Pr1rSlvWRzsW3HOrS	Russ	['hawaiian hip hop']	[2018, 2019]	2	0
1GDbiv3spRmZ1XdM1jQbT7	NATTI NATASHA	['latin pop', 'rap latina', 'reggaeton', 'urbano latino']	[2018, 2019]	2	2
2HUwZ0kumzCSlhFcjFZfpp	Flipp Dinero	['melodic rap', 'trap']	[2018, 2019]	2	0
4jpsw9CQS439N0B7SecMgf	Ant Saunders	['chill r&b', 'viral rap']	[2019, 2020]	2	0
0haZhu4fFKt0Ag94kZDiz2	Sofía Reyes	['latin pop', 'latin viral pop', 'mexican pop', 'reggaeton']	[2018, 2019]	2	2
4LAz9VRX8Nat9kvIzgkg2v	Rivers Cuomo	['alternative rock']	[2018, 2019]	2	2
5bWUlnPx9OYKsLiUJrhCA1	Jon Z	['reggaeton', 'trap latino', 'urbano latino']	[2019]	2	2
4poL7YCSkG7kMnWjAdDU91	Era Istrefi	['albanian hip hop', 'albanian pop', 'kosovan pop']	[2018, 2019]	2	2
3Y7RZ31TRPVadSFVy1o8os	H.E.R.	['r&b', 'rap']	[2018, 2019]	2	2
2NjfBq1NflQcKSeiDooVjY	Tones And I	['australian pop']	[2019, 2020]	2	0
22JdJVovP3pV9XkGTih01c	Game of Thrones	[]	[2019]	2	2
6eVWXmKBW7Iltub01D9R1c	Valerie Broussard	['bossbeat', 'modern alternative pop']	[2019]	2	2
37hAfseJWi0G3Scife12Il	City Girls	['scam rap', 'trap queen']	[2019]	2	2
3v6Ji4uoWtKRkhuDUaxi9n	Dynoro	['edm']	[2018, 2019, 2020]	2	2
4mHAu7NX2UNsnGXjviBD9e	Brooks	['dutch house', 'edm', 'electro house', 'future house', 'pop dance', 'pop edm', 'progressive electro house']	[2018, 2019]	2	2
4kRfa7RBzBu7mxeWo3FkOe	A!MS	['cypriot hip hop']	[2018, 2019, 2020]	2	2
0JOxt5QOwq0czoJxvSc5hS	GASHI	[]	[2018, 2019]	2	2
3ujPrFnLXVgRRelOhW1E2t	Natassa Bofiliou	['entehno']	[2020, 2022]	2	1
21OHFCWXiH6OOdoNv287on	Fiction	[]	[2022]	2	2
41Pv6UAIHbAoaWNKRTdENm	Yolte	['greek trap']	[2022]	2	1
5ef7ha77ippshsIdZzGnaN	BoyPanda	['traprun']	[2022]	2	2
5pVJy0HEoSMAUOppxBJXZd	Solven	[]	[2022]	2	0
3jPN2U65cMPzvozEBue5zp	SIDARTA	['greek trap']	[2022]	2	1
5PYdmvWY1gtKiCvmJ4tgYW	Fer de Lance	['greek underground rap']	[2022]	2	2
6DPYiyq5kWVQS4RGwxzPC7	Dr. Dre	['g funk', 'gangster rap', 'hip hop', 'rap', 'west coast rap']	[2020, 2022]	2	2
0NbfKEOTQCcwd6o7wSDOHI	The Game	['gangster rap', 'hip hop', 'pop rap', 'rap', 'southern hip hop', 'trap']	[2020, 2022]	2	2
4EbZQsxETERs6T4mhtQVdn	AIAS	['greek drill']	[2020, 2022]	2	2
5j0ZtqEfRWZeQUWyTrwDbj	DJ Cron	[]	[2020]	2	2
5QdEbQJ3ylBnc3gsIASAT5	G Herbo	['chicago drill', 'chicago rap', 'drill', 'rap', 'trap']	[2018, 2020]	2	2
6nB0iY1cjSY1KyhYyuIIKH	FKA twigs	['afrofuturism', 'alternative r&b', 'art pop', 'escape room', 'experimental r&b', 'trip hop']	[2018, 2020]	2	2
4h4xU8wWJX8JuecgDj4Im9	Koki	[]	[2020]	2	1
348zTbwyAHQi3LM8bau6cS	Liak	[]	[2020]	2	2
1epPxCYH4pXr1BYebq0VlI	Myriiio	[]	[2020]	2	2
180n8hUWz2NOMqEOfMGCod	Tase	[]	[2020]	2	2
3O5HD95HTEPgoPFOjAb7yV	DripReport	['viral rap']	[2020]	2	0
44IvvHRk2XF243QLA2VOa8	Stunna 4 Vegas	['north carolina hip hop', 'trap']	[2020]	2	2
3vGsbMrniFguZ0fCNvvTAS	Athliens	['greek trap']	[2020]	2	2
6VuPL5ClnBVIo5HLo7nBtz	Kid Young	[]	[2020]	2	2
73m0rYK60xAt1jxa37bCpH	Bipolar Jones	['greek trap']	[2020]	2	2
30bQ8c641ETu2iVczEdZSk	Dennis Green	['greek drill', 'greek trap']	[2020]	2	2
5eAWCfyUhZtHHtBdNk56l1	System Of A Down	['alternative metal', 'nu metal', 'rap metal', 'rock']	[2020]	2	0
6UCQYrcJ6wab6gnQ89OJFh	Headie One	['uk hip hop']	[2020]	2	2
59wfkuBoNyhDMQGCljbUbA	Diddy	['dance pop', 'east coast hip hop', 'hip hop', 'hip pop', 'pop rap', 'rap']	[2018, 2020]	2	2
0tRFWXqKBBQcu5oFVOgVzX	Jaira Burns	['alt z']	[2018, 2020]	2	2
2wIVse2owClT7go1WT98tk	Missy Elliott	['dance pop', 'hip hop', 'hip pop', 'neo soul', 'pop rap', 'r&b', 'rap', 'urban contemporary', 'virginia hip hop']	[2018, 2020]	2	2
79KQgTCu4wV38ECYKn62DZ	White Gold	[]	[2020]	2	2
5Nf5yishRW9Ye174sJISkg	London On Da Track	['atl hip hop']	[2020]	2	2
6jyr8jHac3RvXIltjYqVJi	Yianna Terzi	['greek pop']	[2018, 2020]	2	1
37Qsf5KCKljH7mL134xp4k	Saudi	['south african hip hop']	[2018]	2	2
34Y0ldeyUv7jBvukWOGASO	Bobby Shmurda	['nyc rap', 'rap', 'trap']	[2018]	2	2
68kEuyFKyqrdQQLLsmiatm	Vince Staples	['conscious hip hop', 'hip hop', 'rap', 'underground hip hop']	[2018]	2	2
3kv1Edgn5HlEWCuEKr1Y9x	Yugen Blakrok	['south african hip hop', 'spiritual hip hop']	[2018]	2	2
3OsRAKCvk37zwYcnzRf5XF	Moby	['downtempo', 'electronica']	[2018]	2	2
2gsggkzM5R49q6jpPvazou	Jessie J	['dance pop', 'pop']	[2018]	2	1
1VPmR4DJC1PlOtd0IADAO0	$uicideboy$	['cloud rap', 'dark trap', 'new orleans rap', 'underground hip hop']	[2018]	2	0
2W6kbe0nm96COrHzNmfLLd	MC Fioti	['funk carioca', 'funk ostentacao', 'funk paulista']	[2018]	2	2
1KP6TWI40m7p3QBTU6u2xo	BØRNS	['indie poptimism', 'indietronica', 'modern alternative rock', 'modern rock', 'pov: indie']	[2018]	2	2
5ChF3i92IPZHduM7jN3dpg	Nicky Romero	['big room', 'dutch edm', 'dutch house', 'edm', 'electro house', 'pop dance', 'progressive electro house']	[2018]	2	2
4we5S2VLjgY9KzIzApL1KI	Ryan Tedder	[]	[2018]	2	2
4FcZfItjVIsfO9TynErl7X	Jubël	['swedish pop']	[2018]	2	2
71Dhj822M1LGpuryPIV2KO	NEIMY	['scandipop', 'tropical house']	[2018]	2	2
4Z4afeDmHFxPmJorIwupbZ	Netta	['israeli pop']	[2018]	2	0
1ackd5XprZEkH3McKbQD51	Juan Magán	['electro latino', 'spanish pop']	[2018]	2	2
4as3khXWaPjfkFdCA0JWMo	Jesse®	['modern alternative pop']	[2018]	2	2
3EWxytcxaM0tksU6v3je2Q	kiLL edward	[]	[2018]	2	2
4TS6DhShVOlOoJqC1b0zAP	Will Finder	[]	[2018]	2	0
2DlGxzQSjYe5N6G9nkYghR	Jennifer Lopez	['dance pop', 'pop', 'urban contemporary']	[2018]	2	1
4TH4BHy0LdBi3dpBW4P2UX	R. City	['reggae fusion', 'virgin islands reggae']	[2018]	2	2
712InoSIIy6pB9rCV2R5id	Bori	[]	[2018]	2	2
6rl53MP8HSoiugpqzA50Zh	Amir	['french pop']	[2020, 2021]	1	1
16HMpbHn9nhzyjYYgiaoTt	Maverick	[]	[2021]	1	1
3Hb64DQZIhDCgyHKrzBXOL	Daði Freyr	['icelandic pop', 'sunnlensk tonlist']	[2021]	1	0
26cMerAxjx9GedFt0lMDjm	Bella Poarch	['modern alternative pop']	[2021]	1	0
62CllUTFrJ0qedBbjbms8N	Koy	[]	[2021]	1	1
47xoaIx5kSY8Cn607qXt4N	Stefano Cilio	[]	[2021]	1	0
2Waw2sSbqvAwK8NwACNjVo	Bo Burnham	['comic', 'pov: indie']	[2021]	1	0
6vHBuUxrcpn1do5UaEJ7g6	Domo Genesis	['alternative hip hop', 'underground hip hop']	[2021]	1	1
7lf0iNy9nyj4J55oHlW9Us	Vnssa	['greek fem rap']	[2021]	1	1
0GjmHecf3cA6aWnPalC7RK	skinny	[]	[2021]	1	1
6TLwD7HPWuiOzvXEa3oCNe	Oliver Tree	['alternative hip hop']	[2021]	1	0
6ndpXmPSD59LKHtwRwJhcB	Heitboss	[]	[2021]	1	1
1ZPhnqvMdnyj44yhtLMXzR	epimtx	['greek trap']	[2021]	1	1
3J7SI1JrZt43ZBlH24IqCK	Evangelia	[]	[2021, 2022]	1	1
7xcCzebc8y398BHJ5QdK1B	Asarkos	[]	[2021]	1	1
4cjIuhaor8Sz83VxLhGa1X	Just V	[]	[2021]	1	1
1D6ueetjwqW491iboMI3NT	Destiny	['maltese pop']	[2021]	1	0
5OWnaZCnlOXHxTBlDtUK0R	Kapapi	[]	[2021]	1	1
17QZ4o41BVkQdFFfOeU1p1	Cxld Blood	[]	[2021]	1	1
5pa4sqKy4SrkZJ9j0RVUXO	DEMBEL BEATS	[]	[2021]	1	1
3L58J6a7f0jyy2p6f3MSAs	Blind Channel	['oulu metal', 'trancecore']	[2021]	1	0
4iiGl6NwJLSG3UHNhgVCFy	Epel	[]	[2021, 2022]	1	1
6nZfBSXReZiHH1XOb7Pm4U	BOLD	[]	[2021, 2022]	1	1
1AHA4FjYMZRY0dR6T98D7Y	NPS	[]	[2021, 2022]	1	1
1uXZeCNXLcz5pOe1u79ygr	Panos Katsimichas	[]	[2020, 2021]	1	1
6PzQOqzSraLnWEmQhaGGar	Amon 525	['greek drill']	[2021]	1	1
3OM3UrWxHCrKWiJQzTavUY	Paragram	[]	[2021]	1	1
1e6h8QSnKioDJOAYXjUjPE	Stefanos Pitsiniagkas	['greek pop']	[2021, 2022]	1	0
2VSHKHBTiXWplO8lxcnUC9	GAYLE	['modern alternative pop']	[2021, 2022]	1	0
7EWU4FhUJM1sZQgQKdENeT	Hopsin	['conscious hip hop']	[2021]	1	1
0Q0XGRna813BCwvBxBbJgZ	ZedKay	[]	[2021, 2022]	1	1
3tlXnStJ1fFhdScmQeLpuG	Brent Faiyaz	['r&b', 'rap']	[2021]	1	1
4yJHrytMK7mqtKsXVGaBNg	Fana Hues	['alternative r&b', 'indie r&b']	[2021]	1	1
2dFtLleECB8O3QgW40cuuY	good job nicky	[]	[2020, 2021]	1	0
6lLBwuarTgj4GxTykLYCLo	Block 93	['greek drill']	[2021]	1	1
5CVuVQVJmj01iTnmnlnYbx	RealKofii	[]	[2021, 2022]	1	1
2WgfkM8S11vg4kxLgDY3F5	StarBoi3	['viral rap']	[2021]	1	1
6EdXBTjIDwu5aYv4U3K8TI	Katy Garbi	['greek pop', 'laiko']	[2020, 2021]	1	1
7jZM5w05mGhw6wTB1okhD9	ATB	['german dance', 'german techno', 'german trance', 'trance']	[2021]	1	1
687cZJR45JO7jhk1LHIbgq	Tems	['afro r&b', 'afrobeats', 'alte', 'nigerian pop']	[2021]	1	1
77tT1kLj6mCWtFNqiOmP9H	Daryl Hall & John Oates	['album rock', 'classic rock', 'heartland rock', 'mellow gold', 'rock', 'singer-songwriter', 'soft rock', 'yacht rock']	[2018, 2019, 2020, 2021]	1	0
2sgxIRHrh2Scxjzox1bOBo	LoveUBoyo	[]	[2021]	1	1
2kWeFaiHBskk8oqky3KHcR	Nikki Lane	['alternative country', 'new americana', 'outlaw country']	[2021]	1	1
69UfPJgUmFFAVT740qGVZi	Ken Darby Singers	[]	[2017, 2018, 2019, 2020, 2021]	1	1
735L650pvygCZZlPMyHqsN	John Scott Trotter & His Orchestra	['light music']	[2017, 2018, 2019, 2020, 2021]	1	1
7e7gAtFdWOC7JUorTkumlQ	Maxime	[]	[2021]	1	1
3KOn6feLHZ2UjBWtBAtAUU	Constantine The G	[]	[2021]	1	1
7tmlA3NL2Vxg8ki4w5b4mZ	Mr Storm	[]	[2021]	1	1
4BFLElxtBEdsdwGA1kHTsx	ElGrandeToto	['arabic hip hop', 'rap maroc']	[2021]	1	1
44vREmJC0OlVZjZaGLqVEd	Morray	['pop rap']	[2021]	1	1
7J0hrNYCO5DgAx0XaRJqkh	Yung Kayo	['rage rap']	[2021]	1	1
6QrQ7OrISRYIfS5mtacaw2	Jaymes Young	['indie poptimism']	[2021, 2022]	1	0
6CawoDDP1IZUSGl4wSJGC9	TIX	['norwegian pop', 'russelater']	[2021]	1	0
5EmSSYID5WjlrKDf5Sv0ck	Pindos Atletico	['greek drill', 'greek trap']	[2021]	1	1
7iTLGcddv1bOPirdYJjKVy	Dj Yo!	[]	[2021]	1	1
5fUXK5m3BNwoRgTyKq8tnz	AX'EL	[]	[2021]	1	1
72Nhcx7prNk2ZCxhx0Y5es	Amy Grant	['christian music']	[2021]	1	0
6ONMIIeGOgkflffHvKLe0M	Ayman	[]	[2021, 2022]	1	1
64H8UqGLbJFHwKtGxiV8OP	THE ANXIETY	['modern alternative pop']	[2021]	1	1
3rWZHrfrsPBxVy692yAIxF	WILLOW	['afrofuturism', 'pop', 'post-teen pop', 'pov: indie']	[2021]	1	1
1xoxekeb8jUVHKJB7m6bfg	Tyler Cole	['bedroom soul']	[2021]	1	1
6lay1nwbE6hTx1jivysUAL	Princess Nokia	['alternative r&b', 'escape room', 'lgbtq+ hip hop', 'trap queen']	[2021]	1	1
0KuF7reCTOZwV7YJnHQqgr	The Neptunes	[]	[2021]	1	1
46MWeeHNVMYRIIofQBEX98	BEAM	['trap soul']	[2021]	1	1
4np9Zzw0SEYQLcGv28P51q	TRAVI	[]	[2021]	1	1
06Qf6vq8AVIpE9XIw8LAsY	Lil Duke	['atl trap']	[2021]	1	1
0dvFTsuG02c4cRbcSQ8zE6	Yak Gotti	['atl trap']	[2021]	1	1
4AA474G2hRfrHyGrfyDseO	Mozzy	['cali rap', 'sacramento hip hop']	[2021]	1	1
0JHx4h8GAtjhmHMQ68iQiU	Konfuz	['russian dance']	[2021]	1	0
4kvCU3MzggM2piZCqvxj0x	Go_A	['ukrainian viral pop']	[2021]	1	0
4BdukbROt8qmkffXOpDW50	Finem	['albanian pop']	[2021, 2022]	1	1
34G31kGbSQmemVlI0G784o	THE ROOP	['lithuanian rock']	[2021]	1	0
2OJeL3ypFFDQfHb5oWiW6s	Daphne Lawrence	['greek pop']	[2021]	1	1
3PNijcYHdpSwu3up3IWR4U	Konstantinos Pantelidis	[]	[2021]	1	0
4uyuai6Pqgz3kSx1Jme2PJ	Giorgos Kakosaios	['greek pop', 'laiko']	[2021, 2022]	1	0
6lBN3Tzt61u8i9AJoAhKzF	Mykola Dmytrovych Leontovych	['post-romantic era', 'ukrainian classical']	[2017, 2018, 2019, 2020, 2021]	1	1
3dRfiJ2650SZu6GbydcHNb	John Williams	['orchestral soundtrack', 'soundtrack']	[2017, 2018, 2019, 2020, 2021]	1	1
0fGcIStdT1OpFFhOC7Wp36	Teezo Touchdown	['chill abstract hip hop', 'indie hip hop']	[2021]	1	1
5deZlACJxEnz0exqwEjOvW	BRINZ	['aggressive phonk']	[2021]	1	1
100sLnojEpcadRx4edEBA6	Zella Day	['alt z', 'electropop', 'gauze pop', 'indie poptimism']	[2021]	1	1
3Uqu1mEdkUJxPe7s31n1M9	Weyes Blood	['art pop', 'chamber pop', 'experimental folk', 'indie pop']	[2021]	1	1
7E0KKxRYvRABs86eWHhBdB	Vru	['greek trap']	[2021]	1	0
2Q94VIGMp0vhZetkOae27U	Natalia Gordienko	['moldovan pop']	[2021]	1	0
2Apfi4pZgMf6x5asqcOOKN	Zinon	[]	[2020, 2021, 2022]	1	1
4pd5zEQ99IhsUWyEceII6k	Kaishen	[]	[2020, 2021, 2022]	1	1
10gtLEEgzxgOYXTYjBpIZ9	Yanni Bravo	[]	[2021]	1	1
2AMeiDbfU2vonrTkpXDKUu	Kay Flock	['bronx drill', 'melodic drill', 'new york drill']	[2021]	1	1
1Cd373x8qzC7SNUg5IToqp	BoyWithUke	['sad rap']	[2021, 2022]	1	0
1Y53ZUhXBydAzILo4Qa0s1	Manizha	['russian alt pop', 'russian synthpop']	[2021]	1	0
4xnihxcoXWK3UqryOSnbw5	Sasha Alex Sloan	['alt z']	[2021]	1	1
3L4wiBOSDLkJ18OISXZDA8	Barbara Pravi	['french pop', 'nouvelle chanson francaise']	[2021]	1	0
5j21TGkrNEAJe3gG9VlS34	Shindy	['german hip hop']	[2021]	1	0
1mZFVxRgAeVl9xKES2z0vp	Tolis Voskopoulos	['classic greek pop', 'laiko', 'rebetiko']	[2021]	1	1
4u5yrM5jlC3iviSQQXcMCK	Marinella	['classic greek pop', 'entehno', 'laiko']	[2021]	1	1
2PC0CLpUsoEQPNIZKg2ZX0	MC Bin Laden	['funk carioca', 'funk ostentacao']	[2020, 2021, 2022]	1	1
5lA2r4eKHfFxY0mIXKtAlm	Mr.Emor	['greek hip hop']	[2021]	1	1
7t5B3Ig3nNVbfNDiW34ePP	Sadacore	[]	[2021]	1	1
6NVhcTR5xozTQXnmQDZGWz	6ARIA	['greek hip hop', 'greek underground rap']	[2021]	1	1
2uEHu9OoV63kVRHqHxIfMv	xMas	[]	[2021]	1	1
4L8CheDFALlOzgUygvWblJ	DJ Kas	[]	[2020, 2021, 2022]	1	1
63ebc5zUpJ36aoTDQJHa9B	E1 (3x3)	[]	[2021]	1	1
2uIRmVaCVpHQjaVgph5clS	ZT (3x3)	[]	[2021]	1	1
4Dokdwa3WB7ilQ2c2qvIBL	Bugzy Malone	['grime', 'manchester hip hop', 'uk hip hop']	[2021]	1	1
5AiY4bxeXerLXx03JADdQv	Buni	['uk drill']	[2021]	1	1
4QSTyDpxsKmv3UfavVUImR	Darkoo	['afrobeats', 'afroswing', 'london rap', 'uk hip hop']	[2021]	1	1
2AGocELhzAN6io1Eqt30ti	Yungnsad	[]	[2021]	1	0
4ktBrNjagCGftyuBLJkATq	Wes Nelson	[]	[2021]	1	1
22hWz22JAmIhIEp0u1X01L	DUSTY LOCANE	['new york drill']	[2021]	1	0
4G41cPMZAY0WYgHMeiE45z	Arrosto Pnevma	[]	[2021]	1	1
3IO1bbkavSEo4hKYotzvvE	Atai	[]	[2021]	1	1
2hEn0soDWq9eFh29PVmbOr	Peiratis	[]	[2021]	1	1
5yVfkKDDKgobqW2mkmVJ22	Karpouzis	[]	[2021]	1	1
14qypx78D3Jd1mm7c2BqQb	T-Shyne	['atl trap']	[2021]	1	1
4XJPVnaKHtfPw75SomdyQ5	Acejax	['sky room']	[2021]	1	1
6veh5zbFpm31XsPdjBgPER	BIA	['rap latina', 'trap queen']	[2021]	1	0
2txHhyCwHjUEpJjWrEyqyX	Tom Odell	['chill pop']	[2021, 2022]	1	0
3E7T8t0FwjEVxg9jufWZQG	Eden Alene	[]	[2021]	1	0
7d9PyOhLipsOeI1cov1cnz	GMBeaTz	[]	[2021, 2022]	1	1
0e86yPdC41PGRkLp2Q1Bph	Mother Mother	['pov: indie', 'vancouver indie']	[2021]	1	0
1faOQXZe4mdUk5TMuDJNAv	Filia Kanellopoulou	[]	[2021]	1	1
4jTd7YbjlzCQOq3f9EPpkP	DVMN BOI	[]	[2021]	1	1
2paECBjEu5OjvT6tr5KQiL	Βέβηλος	['greek underground rap']	[2021]	1	0
19bDSGUkjVFIs3T38CBYm8	Rios	[]	[2021]	1	1
11fgryy3efAf6uY7OOzGDV	For3al	[]	[2021]	1	1
4pnp4w9g30yLfVIAFnZMRd	ACRAZE	['pop dance', 'tech house']	[2021, 2022]	1	1
1c70yCa8sRgIiQxl3HOEFo	Cherish	['atl hip hop', 'girl group', 'hip pop', 'r&b', 'southern hip hop', 'urban contemporary']	[2021, 2022]	1	1
6ydoSd3N2mwgwBHtF6K7eX	Calum Scott	['pop']	[2021, 2022]	1	1
3lGQm71mSfPq4pSFpQg0ht	Nerom	['greek trap']	[2021]	1	1
6QMABvTzixnxzsLYyhqRxI	Majestic	['uk dance']	[2021]	1	1
54R6Y0I7jGUCveDTtI21nb	Boney M.	['europop']	[2021]	1	1
7v5615g0bsYcu6u2KEJIiF	Sumo Beats	['greek underground rap']	[2021]	1	1
2d5vpx18vH2N7BdUkUO4qH	ATC Dixblo	[]	[2021]	1	1
1NYvBbEqHQQDnq5m1U3MZ5	Triangle	[]	[2021]	1	1
6C1gaHzTgyiBQjVX1ia82B	Panosdent	[]	[2021]	1	1
6Syd7OCpnH6BHgjkZHXT5f	Konstantina	[]	[2021]	1	1
5oNgAs7j5XcBMzWv3HAnHG	DJ Drama	['dirty south rap', 'philly rap', 'southern hip hop', 'trap']	[2021]	1	1
7s3eCGNZMrwUQraXlocCBv	Bizzy Banks	['brooklyn drill', 'new york drill']	[2021]	1	1
5lpH0xAS4fVfLkACg9DAuM	Wham!	['new romantic', 'new wave', 'new wave pop', 'soft rock']	[2017, 2018, 2019, 2020, 2021]	1	0
3eqjTLE0HfPfh78zjh6TqT	Bruce Springsteen	['heartland rock', 'mellow gold', 'permanent wave', 'rock', 'singer-songwriter']	[2017, 2018, 2019, 2020, 2021]	1	0
4FeLiFUPdxVfFo8oOfA4BH	Rah Swish	['brooklyn drill', 'new york drill', 'nyc rap']	[2021]	1	1
27GVB6iRSOAcSejSw3BaPM	Alitiz	[]	[2021, 2022]	1	1
5EP020iZcwBqHRnJftibXX	Hooverphonic	['downtempo', 'electronica', 'trip hop']	[2021]	1	0
58EvYFzDGAQOmBpIOxujnj	Mikis Theodorakis	['bouzouki', 'classic greek pop', 'entehno', 'greek contemporary classical', 'greek guitar']	[2021]	1	0
6jeg7JBX9J9097esK752iR	Smiley	['canadian hip hop', 'toronto rap']	[2021]	1	1
0hHR6qA6GAYsBUSqRyVuQ2	Stillabeats	[]	[2021]	1	1
7CGJfKFMpij1fb9yT9Vgyb	The Cases	['greek underground rap']	[2021]	1	1
3SV2jrmhA3pDqHmPITbzD4	Masla.G	[]	[2021]	1	1
1h6Cn3P4NGzXbaXidqURXs	Swedish House Mafia	['edm', 'pop dance', 'progressive electro house']	[2021, 2022]	1	1
4tYl8PGY7ZVVjxqCc38dC3	Albawizzy	[]	[2021]	1	1
50Oix5K8xQQtgiXzBhNEzf	Vlasso	[]	[2021]	1	1
7xraD1dzuU2wt5Y7neYlsQ	Rugas	[]	[2021]	1	1
5WcPZui4gZQ2j7iBhAK3zE	DMT	[]	[2021]	1	1
08Ld63UgKrJ0nZnCkzHtzc	Project Pat	['crunk', 'dirty south rap', 'gangster rap', 'memphis hip hop', 'trap']	[2021]	1	1
4wP1kxjUsc9IR4Iy2smL7o	Trinidad Cardona	['sped up']	[2021]	1	0
4RVnAU35WRWra6OZ3CbbMA	Kylie Minogue	['australian dance', 'australian pop', 'dance pop', 'eurodance', 'new wave pop']	[2017, 2018, 2019, 2020, 2021]	1	0
4yvcSjfu4PC0CYQyLy4wSq	Glass Animals	['gauze pop', 'indietronica', 'modern rock', 'pov: indie', 'shiver pop']	[2021, 2022]	1	0
7e6Lf91MRmUaQgDdei0iPi	Grizzle	['greek underground rap']	[2021]	1	1
1ZGSpzi9akxlvt1ED3s6t9	Mindthegap	[]	[2021]	1	1
1BwDWgdDJe3TJXLZkBkpsI	Tusse	['swedish pop']	[2021]	1	0
7i9j813KFoSBMldGqlh2Z1	Riton	['house', 'pop dance', 'uk dance']	[2021]	1	1
1gALaWbNDnwS2ECV09sn2A	Nightcrawlers	['disco house', 'hip house', 'uk dance', 'vocal house']	[2021]	1	1
4L2dV3zY7RmkeiNO035Fi0	Mufasa & Hypeman	[]	[2021]	1	1
3Edve4VIATi0OZngclQlkN	Dopamine	[]	[2021]	1	1
7wasuXDWKXAOq7jQvxEK3E	Feisty	['greek trap']	[2021, 2022]	1	0
0BKx4UjPvXVGY15u0xFbbi	JAY1	['uk hip hop']	[2021]	1	1
58ICshZ0AgBMNJiLHK3U8l	Deno	['uk hip hop']	[2021]	1	1
69EosSfMcqIxCMw7VeVPVC	LILA	[]	[2021, 2022]	1	1
0WK3H9OErSn5zKOkOV5egm	DDG	['pop rap']	[2020, 2021]	1	1
6AaNjxYvjOLb6iLbhxVWbh	Haik22	[]	[2021]	1	1
1baJfj5CCxPO9VEzlGSBLm	Grigoris Bithikotsis	['classic greek pop', 'laiko', 'rebetiko']	[2021]	1	0
1a71mkqZC54WhePSbnq7RK	Majoe	['german drill', 'german hip hop']	[2021]	1	1
7ja62ZARrm20k4Sowt0ab8	Silva	['german hip hop']	[2021]	1	1
74V3dE1a51skRkdII8y2C6	André 3000	['atl hip hop', 'dirty south rap', 'hip hop', 'southern hip hop']	[2021]	1	1
3QVolfxko2UyCOtexhVTli	Angèle	['belgian pop', 'french pop', 'variete francaise']	[2020, 2021]	1	1
2y246nnP9pQT0E6v3ZMMOO	Night Lovell	['aesthetic rap', 'canadian hip hop', 'canadian trap', 'cloud rap', 'dark trap', 'ottawa rap']	[2021]	1	1
0bBYQsnSex82PNb1HkJZt1	Ilias Vrettos	['greek pop', 'laiko']	[2021, 2022]	1	0
3x9mGsQyJTszfiIVgqWDuT	Ortiz	[]	[2021]	1	1
0QsPqgVIFFtzXTUh3dPIVx	CJ	[]	[2021]	1	1
4iaTgZRy5aVnImDyRJn61n	James Newman	[]	[2021]	1	0
2LQRI30FJnLa5j9wApZ4JY	DON LEON	['greek trap']	[2021, 2022]	1	1
21DdJEcvxk3t2u53LWUQ0H	Triantafillos	['greek pop', 'laiko']	[2021]	1	0
4oe1qp9xGSFxMYH4X9AXtl	Efendi	[]	[2021]	1	0
119BqJ7qRURlIOb22caU5W	Sardos97	['trap beats']	[2021]	1	1
4x5GoGU0k0q1jOrb95scqZ	Manolaco	[]	[2021]	1	1
6PH3FLQAxtqYy46Zv08bpV	Ivan Cornejo	['sad sierreno']	[2021]	1	0
4AKwRarlmsUlLjIwt38NLw	Ofenbach	['pop dance']	[2021]	1	1
1PbtWtrN7jZpd4toqxrjm2	Lagique	[]	[2021]	1	1
57vWImR43h4CaDao012Ofp	Steve Lacy	['afrofuturism']	[2021, 2022]	1	0
6oJBQahTshngRYWtfye9OX	GIORGIO	[]	[2021]	1	1
1C6qFLllWO9MTwNH6lK9Cg	Bayman	['greek underground rap']	[2021]	1	1
293zczrfYafIItmnmM3coR	Chuck Berry	['blues', 'blues rock', 'classic rock', 'rock', 'rock-and-roll', 'rockabilly', 'soul']	[2017, 2018, 2019, 2020, 2021]	1	0
6IBG8o5kH0h0jWWlcUCAVQ	KoyDaNephew	['greek drill']	[2021]	1	1
3uwAm6vQy7kWPS2bciKWx9	girl in red	['alt z', 'bedroom pop', 'indie pop', 'norwegian indie', 'pop', 'pov: indie']	[2021]	1	0
1rAv1GhTQ2rmG94p9lU3rB	Julian Casablancas	['indie rock']	[2021]	1	1
2VfYbkzGC1ZiWYMOZG2nZs	MC Yinka	['greek hip hop']	[2021]	1	1
15ZjD8Gus20Miqw3fdOaXX	Stunna Gambino	['nyc rap']	[2021]	1	1
6vgi3CIDWWdGEGJ6NMgQdD	Katerina Lioliou	['greek pop', 'laiko']	[2021, 2022]	1	0
4yiQZ8tQPux8cPriYMWUFP	Gwen Stefani	['dance pop', 'pop']	[2018, 2019, 2021]	1	1
1UTPBmNbXNTittyMJrNkvw	Blake Shelton	['classic oklahoma country', 'contemporary country', 'country', 'country road']	[2018, 2019, 2021]	1	1
6L9N6LGuQ2eCqbOxibFj73	GOTTII 104	[]	[2021]	1	1
0kgOnYSaZeTf3ZnErgwkGT	Senhit	[]	[2021]	1	1
4IJczjB0fJ04gs4uvP0Fli	Gym Class Heroes	['dance pop', 'pop rap']	[2021]	1	0
3yDIp0kaq9EFKe07X1X2rz	Nile Rodgers	['disco']	[2021]	1	1
4eYnorQRhVHT2KBl2UyHHd	Vegedream	['french hip hop', 'pop urbaine', 'r&b francais']	[2021]	1	0
6ZwtE0JYNv8Ij0BwOCqOli	Dimitris Zervoudakis	['entehno']	[2021]	1	0
081tiewtqFki2X2zWMzQGR	BretBeats	[]	[2021, 2022]	1	1
1AwO9pWEBSBoWdEZu28XDC	Eartha Kitt	['torch song', 'vocal jazz']	[2017, 2018, 2019, 2020, 2021]	1	1
0oK8UXKZbQezeRhE0KeBAV	Henri René and His Orchestra	"[""man's orchestra""]"	[2017, 2018, 2019, 2020, 2021]	1	1
3oo88ul6DPnYZwZG4CZBTY	Butrint Imeri	['albanian pop']	[2021]	1	1
2z6t0UGq0WAM8X6zDeXKXj	Don Xhoni	['albanian hip hop', 'albanian pop']	[2021]	1	1
2NZN0JDhWXmMmhSXTbhm1h	SR	['uk drill']	[2021]	1	0
0RIwEP1SaALlxn9jOVqHfA	Gjon's Tears	[]	[2021]	1	0
2CSLXLUL9AuUVchPKZjQC7	Phyrosun	['greek hip hop']	[2021]	1	1
2PaZWGu5T5nHjY2xxAkFsT	THE SCOTTS	['viral rap']	[2020, 2021]	1	1
3hPPNy5OBzCU1icQO7Nrok	99 Percent	[]	[2017]	1	1
4Z8W4fKeB5YxbusRsdQVPb	Radiohead	['alternative rock', 'art rock', 'melancholia', 'oxford indie', 'permanent wave', 'rock']	[2017]	1	0
5xUf6j4upBrXZPg6AI4MRK	Soundgarden	['alternative metal', 'alternative rock', 'classic rock', 'grunge', 'hard rock', 'nu metal', 'rock']	[2017]	1	0
1B0Rp4SWGnFgGCPU5Pju6E	Nego do Borel	['funk carioca', 'funk das antigas', 'funk ostentacao', 'funk pop', 'sertanejo universitario']	[2017, 2018]	1	1
78DWNk8gFHU30TGITAgbM7	CMC$	['pop edm', 'vapor twitch']	[2017]	1	1
71WExccCBN2mw0klSzfYzz	Gia Koka	[]	[2017]	1	1
5338fdSzGNOFD4cxAxDTeq	Aaron Carter	['post-teen pop']	[2017]	1	0
7licaqhcEBQUzz9FownRaJ	Miquela	['ai', 'la pop']	[2017]	1	0
4kI8Ie27vjvonwaB2ePh8T	Portugal. The Man	['indie rock', 'indietronica', 'modern alternative rock', 'modern rock']	[2017, 2018, 2019]	1	0
4gvkdged3Xw3ImXFm3jiay	Juliander	['swedish pop']	[2017, 2018]	1	1
3wjsrpfO6odEphTZWx45RQ	Hearts & Colors	[]	[2017]	1	1
5M2y5A6d5QZjw9JeKClagC	Andrelli	['swedish pop']	[2017]	1	1
1JjIKP5IOuEDXQVZsbUiB2	Kristian Kostov	[]	[2017]	1	0
3koiLjNrgRTNbOwViDipeA	Marvin Gaye	['classic soul', 'motown', 'neo soul', 'northern soul', 'quiet storm', 'soul']	[2017]	1	1
75jNCko3SnEMI5gwGqrbb8	Tammi Terrell	['classic soul', 'motown', 'soul', 'southern soul']	[2017]	1	1
7KMqksf0UMdyA0UCf4R3ux	James Blunt	['neo mellow', 'pop rock']	[2017]	1	1
7juKTDFlPesGeWQ1GmjmOv	Silentó	['chicago bop', 'pinoy hip hop']	[2017]	1	1
7rpf45DdbpweG51Acze45i	Kay Starr	['torch song']	[2017, 2018]	1	0
2JLqTvFXmC87BksiCsBezV	Matt Terry	['talent show']	[2017, 2018]	1	0
1QDrz3DMMaz3TB1cm0PGDu	Justin Jesso	['singer-songwriter pop']	[2017, 2018]	1	1
5psTfOBPmc8UquYcnS22KE	Pink	[]	[2017]	1	1
1qskAseW7apRxJBpYAO9Yk	Felix Snow	[]	[2017]	1	1
1yFie7615gesdLbvVVpYU5	Zoe Nash	['la pop']	[2017]	1	1
3EXdLajEO02ziZ90P90bSW	Lil Xan	['cloud rap']	[2017, 2018]	1	0
29QbBR0oTzA7A0kiOzrbbr	Jamie Scott	['uk pop']	[2017, 2018]	1	1
5gWzmnHTLNXz5CjOc0wAuK	Romy Dya	['dutch pop']	[2017, 2018]	1	1
2wzMOQwNT6ZvVB4amvhFAH	The Pogues	['celtic punk', 'celtic rock', 'folk punk', 'punk']	[2017, 2018, 2019, 2020]	1	1
6UlNIFEuWlBqb4TvlVCekq	Kirsty MacColl	['new wave pop']	[2017, 2018, 2019, 2020]	1	1
1XLjkBxFokuDTlHt0mQkRe	Thomas Gold	['big room', 'dutch house', 'edm', 'electro house', 'german techno', 'pop dance', 'progressive electro house', 'progressive house']	[2017]	1	1
6ctgu4FFlnNhMgrKiIzCxp	Jillian Edwards	['acoustic pop', 'indiecoustica']	[2017]	1	1
2wcrc3fjebDRLVdtRUa3pu	Cal Scruby	['deep underground hip hop', 'indie pop rap', 'ohio hip hop']	[2017]	1	0
1V3VTM7VspiQjcmRhC010n	Quintino	['dutch edm', 'dutch house', 'edm', 'electro house', 'pop dance', 'progressive electro house', 'slap house']	[2017]	1	1
5luyt0SUvGkDMY4ILP6Qhl	Descemer Bueno	['cubaton']	[2017]	1	1
6kXm2YCtdUOpRYNKeKhfue	Ryan Gosling	['hollywood']	[2017]	1	1
68Uwx1d3EbjDJhYsLjqvIq	Emma Stone	['hollywood']	[2017]	1	1
0NGAZxHanS9e0iNHpR8f2W	Alok	['electro house', 'pop nacional', 'sertanejo universitario', 'slap house']	[2017]	1	1
5veVxxPm1vzgi6pO2iVA8L	Bruno Martini	['pop nacional']	[2017]	1	1
7qPLO2XOUaRrRxkvLZ3AEK	Zeeba	[]	[2017]	1	1
15NtJjjHRFybdNSMyM9smT	Nevada	[]	[2017]	1	1
6V3F8MZrOKdT9fU686ybE9	Mark Morrison	['british soul']	[2017]	1	1
4LFgxG38Y0l4Fo1gdQelay	The Dap-Kings Horns	[]	[2017]	1	1
2qD23DtpR2pu4ILN3Rmv7f	Madstreet	[]	[2017]	1	0
7f35VZGDpomj11PXdNn5D9	Max B	[]	[2017]	1	1
63rJq5DaUMq2OhAnh3al79	DJ Envy	['jersey club']	[2017]	1	1
0t9dGS12PMZmiJiZa9vpyk	DJ Sliink	['bmore', 'electronic trap', 'jersey club', 'vogue']	[2017]	1	1
3u579Gdap91lMptBSdXTpf	Kash Doll	['detroit hip hop', 'trap queen']	[2017]	1	1
5NDMothbpdpq2xHqSjrrWn	Faith Evans	['contemporary r&b', 'hip pop', 'r&b', 'urban contemporary']	[2017]	1	1
5me0Irg2ANcsgc93uaYrpb	The Notorious B.I.G.	['east coast hip hop', 'gangster rap', 'hardcore hip hop', 'hip hop', 'rap']	[2017]	1	1
1Y8cdNmUJH7yBTd9yOvr5i	Destiny's Child	['dance pop', 'girl group', 'pop', 'r&b', 'urban contemporary']	[2017]	1	0
7KUri7klyLaIFXLcuuOMCd	Stargate	['norwegian pop']	[2017]	1	1
7crPfGd2k81ekOoSqQKWWz	Stevie Nicks	['heartland rock']	[2017]	1	1
34SBu2kvAUh84umN8Pi0iI	Hight	['uk dance']	[2017]	1	1
5KPJMJR9PCfMWSfco8i4W4	Alex Aiono	['teen pop']	[2017]	1	1
5H6xmHXjsq98NLbEjuE29f	NEIKED	['scandipop']	[2017]	1	1
4GCwfakdZdo3KkBNtzU5vn	MIMI	[]	[2017]	1	1
5Ip2ecnyGpNyZvPuuYU8Ai	Dzeko & Torres	['dutch house', 'edm', 'electro house', 'melbourne bounce', 'pop dance', 'progressive electro house', 'progressive house', 'sky room']	[2017]	1	1
3fuxStOqQv8TiytHeuGiE8	Delaney Jane	['alt z', 'canadian electropop']	[2017]	1	1
6twIAGnYuIT1pncMAsXnEm	Commodores	['adult standards', 'disco', 'funk', 'mellow gold', 'motown', 'quiet storm', 'soft rock', 'soul']	[2017]	1	0
1xRQGg0aM0GeNZ5ThGLUep	Hovig	['cypriot pop']	[2017]	1	0
1tv0GoDAXe0eLXX6PsfcqJ	Cassow	['portland hip hop']	[2017]	1	0
6V4HZPgtKDGTLPJs6k3km7	Dylan Diamond	[]	[2017]	1	0
1LOB7jTeEV14pHai6EXSzF	Cash Cash	['dance pop', 'edm', 'electro house', 'electropowerpop', 'pop dance']	[2017]	1	1
0BmLNz4nSLfoWYW1cYsElL	Alexandra Stan	['romanian pop']	[2017]	1	0
6KWcxMWVNVIYbdOQyJtsSy	The Platters	['adult standards', 'easy listening', 'rock-and-roll', 'rockabilly']	[2017, 2018]	1	0
2QV9nKAvrkfPibulRt8Bov	Chris Tyson	[]	[2017]	1	1
0nk8VCkEQRQfvd6xoknxfo	Navé Monjo	[]	[2017]	1	1
0vbEs3DgphJ2RGZqh4qFLT	Anita Kerr Singers	['easy listening']	[2017]	1	0
3N8sYD5TZzxCuMqi2czGyA	Vangelis Kakouriotis	['greek pop']	[2017]	1	0
49O0SPoCoTiK2Nn2tOaHyU	Knox Fortune	['chicago indie']	[2017]	1	1
602DnpaSXJB4b9DZrvxbDc	Peggy Lee	['adult standards', 'torch song', 'vocal jazz']	[2017, 2018]	1	0
3zrUX1hQrUB9aXcOiyQLmN	Stanaj	[]	[2017]	1	1
3OpnoUqoRIHWbsFs4Nw0NQ	Nat King Cole Trio	['adult standards', 'lounge', 'swing', 'vocal jazz']	[2017, 2018]	1	0
6ioOEWNNGK40H8xrGj6XPW	XYLØ	['alt z', 'indie poptimism', 'la pop']	[2017]	1	1
0pt7PX4Hftlg8mV1ySU84Q	CVBZ	['dark r&b']	[2017]	1	1
73Np75Wv2tju61Eo9Zw4IR	Idina Menzel	['hollywood', 'movie tunes', 'show tunes']	[2017, 2018]	1	1
3qMyym6ov558YgVuOOscEm	Blanche	[]	[2017]	1	0
787bCXOIvGeBw0Bc4kEjhD	Luke Christopher	['indie pop rap']	[2017]	1	0
6gK1Uct5FEdaUWRWpU4Cl2	Petit Biscuit	['new french touch']	[2017]	1	0
7mnAzEmgquhrVtGob81SmO	Big Shaq	['london rap']	[2017, 2018]	1	0
6V03b3Y36lolYP2orXn8mV	98º	['boy band']	[2017]	1	0
51Blml2LZPmy7TTiAg47vQ	U2	['irish rock', 'permanent wave', 'rock']	[2017]	1	1
7hOGhpa8RMSuDOWntGIAJt	A R I Z O N A	['electropop', 'indie poptimism']	[2017]	1	0
5JUYSPkis2Mk6HUbmMqk1m	Sean Ono Lennon	['beatlesque']	[2017]	1	1
26AHtbjWKiwYzsoGoUZq53	Pentatonix	['a cappella', 'viral pop']	[2017]	1	0
7jy3rLJdDQY21OgRLCZ9sD	Foo Fighters	['alternative metal', 'alternative rock', 'modern rock', 'permanent wave', 'post-grunge', 'rock']	[2017]	1	0
2QMCcKIPHnjQaPPgoEst88	Matisse & Sadko	['dutch house', 'edm', 'electro house', 'pop dance', 'progressive electro house', 'progressive house', 'russian edm', 'sky room']	[2017]	1	1
3IpvVrP3VLhruTmnququq7	Mike Williams	['big room', 'dutch house', 'edm', 'electro house', 'future house', 'pop dance', 'progressive electro house']	[2017]	1	1
5ixB75BQR3ADoWQkcHQJTs	Gene Autry	['classic oklahoma country', 'cowboy western', 'traditional country', 'western swing', 'yodeling']	[2017, 2018, 2019, 2020]	1	0
3qBKjEOanahMxlRojwCzhI	Zacari	[]	[2017, 2018]	1	1
5BcAKTbp20cv7tC5VqPFoC	Macklemore & Ryan Lewis	['pop rap', 'seattle hip hop']	[2017, 2018]	1	1
4myTppRgh0rojLxx8RycOp	Ryan Lewis	['pop rap']	[2017, 2018]	1	1
4e0nWw2r4BoQSKPQ2zpU13	Ray Dalton	[]	[2017, 2018]	1	1
4kYGAK2zu9EAomwj3hXkXy	JP Cooper	['uk pop']	[2017]	1	0
2m0y0cDl1US03sYgxv9r6s	JOWST	['norwegian pop']	[2017]	1	0
3AQRLZ9PuTAozP28Skbq8V	The Script	['celtic rock', 'pop']	[2017]	1	0
0vneleczrRRNPF1vj0x0vy	The Harlem Community Choir	[]	[2017, 2018, 2019]	1	1
4m2kfAHEnK7Z7qLGxeWtro	The Plastic Ono Band	['beatlesque', 'experimental rock']	[2017, 2018, 2019]	1	1
6AiABQVLpWNCWDhBmYbRqG	Fresh Coast	[]	[2017]	1	1
7oKJmnPaABXLPkw3gT7rIa	Jody Bernal	[]	[2017]	1	1
0fs8oBR1rx7JIXZi75h7Uu	Bahari	['alt z', 'la pop']	[2017]	1	1
0GfYO21pue5u0sVEYk9HZO	Salvador Sobral	['portuguese pop']	[2017]	1	0
2kucQ9jQwuD8jWdtR9Ef38	Sam Hunt	['contemporary country', 'country', 'country pop']	[2017]	1	0
25tMQOrIU4LlUo6Sv8v5SE	Gavin James	['irish pop']	[2017]	1	1
1svaANJTE5KrG16fTGDqOs	The Puppini Sisters	['easy listening', 'swing', 'swing revival']	[2017]	1	1
188VINPQh5dyNfLUkevKqf	Olivia Holt	['alt z', 'post-teen pop']	[2017]	1	0
00Z3UDoAQwzvGu13HoAM7J	Skizzy Mars	['indie pop rap']	[2017]	1	1
2TL8gYTNgD6nXkyuUdDrMg	Jasmine Thompson	['viral pop']	[2017]	1	1
3gsrYVRiN4dyggP1zLXI0h	Ian Erix	[]	[2017]	1	1
37GUqxafAvAKGMZbXCUnmr	Mohombi	[]	[2017]	1	0
0jNDKefhfSbLR9sFvcPLHo	San Holo	['brostep', 'edm', 'electro house', 'electronic trap', 'future bass', 'pop dance']	[2017]	1	0
3oDbviiivRWhXwIE8hxkVV	The Beach Boys	['baroque pop', 'classic rock', 'folk rock', 'mellow gold', 'psychedelic rock', 'rock', 'sunshine pop']	[2017, 2018, 2019, 2020]	1	0
2WoVwexZuODvclzULjPQtm	Sampha	['alternative r&b', 'indie soul']	[2017]	1	1
3EA9hVIzKfFiQI0Kikz2wo	Andrea Bocelli	['classical tenor', 'italian tenor', 'operatic pop']	[2017]	1	1
4N874uPqBka1QiCvnCVOtr	Phoebe Ryan	['alt z', 'indie poptimism']	[2017]	1	1
5lzqFxifzjxYHGJxuwQqtR	Francesco Gabbani	['italian adult pop', 'italian pop']	[2017]	1	0
1CQLPgGkfHrxNMqrXt5oWS	Robin Bengtsson	['swedish idol pop', 'swedish pop']	[2017]	1	0
5lKZWd6HiSCLfnDGrq9RAm	Leona Lewis	['british soul', 'dance pop', 'pop', 'talent show']	[2017, 2018, 2019]	1	0
27a4fLT1dhOT5esAfqQmBe	Divine Bars	[]	[2017]	1	1
33ScadVnbm2X8kkUqOkC6Z	Don Omar	['latin hip hop', 'puerto rican pop', 'reggaeton', 'trap latino', 'urbano latino']	[2017, 2018]	1	1
5bv5RplEOwdCvhq0EILh9E	Lucenzo	['reggaeton']	[2017, 2018]	1	1
3XxxEq6BREC57nCWXbQZ7o	Jamie Cullum	['contemporary vocal jazz', 'jazz pop', 'neo mellow']	[2017]	1	0
3MHaV05u0io8fQbZ2XPtlC	Prince Royce	['bachata', 'latin hip hop', 'latin pop', 'urbano latino']	[2017, 2018]	1	1
2T1aUibqR2QC2sINIDQOAK	Mambo Kingz	['reggaeton', 'reggaeton flow', 'trap latino', 'urbano latino']	[2017, 2018]	1	1
64aJYyrXljOodnUG6jvhRD	DJ Luian	['reggaeton', 'reggaeton flow', 'trap latino', 'urbano latino']	[2017, 2018]	1	1
2mj4PDeOtegTfpBOmtprmu	JJ Hannon	[]	[2017]	1	0
5Gejwv3xz2DpLcxVpMD6hL	Thurl Ravenscroft	['movie tunes']	[2017, 2018, 2019, 2020]	1	0
6beUvFUlKliUYJdLOXNj9C	King Princess	['alt z', 'indie pop', 'nyc pop']	[2018, 2019]	1	0
5vQfv3s2Z2SRdPZKr82ABw	Dzeko	['canadian electronic', 'dutch house', 'edm', 'electro house', 'pop dance', 'progressive electro house']	[2018, 2019]	1	1
5JMLG56F1X5mFmWNmS0iAp	Chelsea Cutler	['alt z']	[2019]	1	1
1fctva4kpRbg2k3v7kwRuS	Rvssian	['reggaeton', 'trap latino', 'urbano latino']	[2019]	1	1
77ziqFxp5gaInVrF2lj4ht	Sech	['panamanian pop', 'reggaeton', 'trap latino', 'urbano latino']	[2019]	1	1
3oSJ7TBVCWMDMiYjXNiCKE	Kane Brown	['black americana', 'contemporary country', 'country', 'country road']	[2019]	1	1
3gIRvgZssIb9aiirIg0nI3	Jeremy Zucker	['alt z', 'electropop', 'pop']	[2019]	1	0
0MsXN56oNCyqorqEPViWgQ	Carlos Santana	[]	[2019]	1	1
3aGFCoR8xGN6DKwvdzeSja	ILOVEMAKONNEN	['atl hip hop', 'lgbtq+ hip hop', 'trap']	[2019]	1	1
4QVBYiagIaa6ZGSPMbybpy	Pedro Capó	['latin pop', 'puerto rican pop']	[2019]	1	1
1oMiDFyAgmIzw9ZBQYHOJI	El Guincho	['deep latin alternative', 'musica canaria']	[2019]	1	1
0chh7dlaUzEreDTulHiOlm	KEiiNO	['norwegian pop', 'sami']	[2019]	1	0
5hdhHgpxyniooUiQVaPxQ0	Nio Garcia	['reggaeton', 'trap latino', 'urbano latino']	[2018, 2019]	1	1
1fux65HMCBvfJHqlBc4Nno	Casper Magico	['reggaeton', 'reggaeton flow', 'trap latino', 'urbano latino']	[2018, 2019]	1	1
3DTalSHLti0CveytD1gTZ6	Barachi	[]	[2019]	1	0
5vBrKGOjN10BMwB0cJADj4	bülow	['alt z', 'indietronica']	[2019]	1	1
2hahtdJusGYC77DKod4qfB	Miki Núñez	['latin talent show', 'reggae catala']	[2019]	1	0
1hCkSJcXREhrodeIHQdav8	Ramin Djawadi	['german soundtrack', 'orchestral soundtrack', 'scorecore', 'soundtrack']	[2019]	1	0
6S0IvKlvPMX1RtAYtVpUV8	Drax Project	['nz pop']	[2019]	1	1
2OaHYHb2XcFPvqL3VsyPzU	Rico Nasty	['alternative r&b', 'trap queen']	[2019]	1	1
4Aob48cUaq6wvbf9EXKUBx	Ginger	[]	[2019]	1	0
370P5LHahZabxxt5zzSUZV	Tony	[]	[2019]	1	1
7J1cWYphAkbSFTZfMC2FSO	Eaze	[]	[2019]	1	1
3dQMGfODIABnUy8kNFXBim	Reggie Mills	['slowed and reverb']	[2019]	1	1
3WrFJ7ztbogyGnTHbHJFl2	The Beatles	['beatlesque', 'british invasion', 'classic rock', 'merseybeat', 'psychedelic rock', 'rock']	[2019]	1	0
0aFk1wZrmQnSHmbSMiZUes	Onirama	['greek pop', 'laiko']	[2019]	1	0
0dIpxI0tlFTMXe9f2rCzN2	Hiphopathis	[]	[2019, 2020]	1	1
11D1NIQWjrWk4vVF9Tud6S	A Flow Mobs	[]	[2019]	1	1
4rQ7jq02wF1tMpwN5XVkIO	Antonis Rigas	[]	[2019]	1	1
6uLPR6NFCDQG93R3CPRL7P	INK	[]	[2019]	1	1
0b1sIQumIAsNbqAoIClSpy	j-hope	['k-pop', 'k-rap']	[2019]	1	1
7pLntWGInZPQxc4kXxzzjB	Liz Gillies	[]	[2018, 2019, 2020]	1	1
3yzRiNMZdTsSUgplcyYZ4i	Blanco Brown	['black americana', 'country rap']	[2019]	1	0
14scxEoUN7Dcx1m4EQ7oHe	Ashley O	[]	[2019]	1	0
4rojTfP5nRkmYpdSbWQgV4	Death Stranding: Timefall	['video game music']	[2019]	1	1
2c9O21YLFy4tFI9zCVhbFg	Sunday Service Choir	[]	[2019]	1	1
1yMeFhow34xoUKZ7X97f9M	Skerdi	['albanian pop']	[2019, 2020]	1	1
47MpMsUfWtgyIIBEFOr4FE	Lunay	['reggaeton', 'reggaeton flow', 'trap latino', 'urbano latino']	[2019]	1	1
39uOfkRb9XnAEW9zs3JCbb	Big Rube	['atl hip hop']	[2019]	1	1
1cutd8e41XvxXnFPOFIxMD	ALLBLACK	['cali rap']	[2019]	1	1
1XTGADISSMRf8B4TcVGYUC	Ky-Mani Marley	['reggae', 'reggae fusion']	[2019]	1	1
2NUz5P42WqkxilbI8ocN76	Vybz Kartel	['dancehall', 'jamaican dancehall', 'reggae fusion']	[2019]	1	1
7jZMxhsB8djyIbYmoiJSTs	Kiana Ledé	['r&b']	[2019]	1	0
3bnpcWBcvlfq4hPFJjNPbz	SAFE	['canadian hip hop']	[2019]	1	1
0ghlgldX5Dd6720Q3qFyQB	TOMORROW X TOGETHER	['k-pop', 'k-pop boy group']	[2019]	1	0
77irFxLoxDu0DkBWf8mK0i	Babis Stokas	['entehno']	[2019]	1	1
1OHw2r7Diz2rc9JktaFV6N	Erika Sirola	['finnish pop']	[2018, 2019]	1	1
2oX42qP5ineK3hrhBECLmj	Andy Grammer	['neo mellow', 'post-teen pop']	[2019]	1	0
7qtySo1Dyd63Lx6pCdh3lE	Estilo	[]	[2019]	1	1
0GOx72r5AAEKRGQFn3xqXK	GIMS	['french hip hop', 'french pop', 'r&b francais', 'rap conscient']	[2019]	1	1
2dFfabIYQSL278Mr7Zs20B	Slogan	[]	[2019]	1	1
3lDfsS6EuLofMXRdKpypb2	Riskykidd	[]	[2019]	1	1
2a0uxJgbvvIRI4GX8pYfcr	J Hus	['afroswing', 'grime', 'uk hip hop']	[2019]	1	1
2J257euzcjnDLipsyJH3F2	Clipse	['alternative hip hop', 'hardcore hip hop', 'hip hop', 'southern hip hop', 'virginia hip hop']	[2019]	1	1
6I3M904Y9IwgDjrQ9pANiB	Kenny G	['smooth jazz', 'smooth saxophone']	[2019]	1	1
0JYmighF3zbuA81Di54CZN	S-X	['instrumental grime']	[2019]	1	1
6XpaIBNiVzIetEPCWDvAFP	Whitney Houston	['dance pop']	[2019]	1	1
0rdhLalfaliinagdNiFc1x	Tus	['greek hip hop']	[2019]	1	0
7z5WFjZAIYejWy0NI5lv4T	Dan + Shay	['contemporary country', 'country', 'country road']	[2019]	1	1
75WcpJKWXBV3o3cfluWapK	Lute	['indie hip hop', 'north carolina hip hop', 'underground hip hop']	[2019]	1	1
2JwyRtuXf2l6sTnSnGVIa1	Farid Bang	['german hip hop']	[2019, 2020]	1	1
28ztjHIXceRRntmTUfnmUX	Khaled	['classic arab pop', 'rai']	[2019, 2020]	1	1
0oSGxfWSnnOXhD2fKuz2Gy	David Bowie	['art rock', 'classic rock', 'glam rock', 'permanent wave', 'rock']	[2018, 2019]	1	1
7xX15v6ahAkcT14kHfB9wB	True Damage	['k-rap']	[2019]	1	1
2YFBOR9KIxC6WqHclkj9Yq	Keke Palmer	['pop r&b', 'post-teen pop', 'r&b']	[2019]	1	1
6Xg22wJOAcnvPUfk5WvODH	JEON SOYEON	['k-pop']	[2019]	1	1
6I3MElirhT5t6Kf7p0hGk9	Duckwrth	['alternative r&b']	[2019]	1	1
1igl9M102nuD96lo3ZoW5d	Thutmose	[]	[2019]	1	1
5JbALDn35ZrLwVAle4xVqZ	Luca Hänni	['german pop']	[2019]	1	0
0HU0U9kdXEHZVxUNbuQe8S	Donny Hathaway	['chicago soul', 'classic soul', 'funk', 'neo soul', 'quiet storm', 'soul', 'southern soul']	[2018, 2019, 2020]	1	0
3yX8kCojnUAJJ1eWGZT38j	Hatari	['icelandic electronic', 'icelandic post-punk', 'icelandic punk', 'icelandic rock']	[2019]	1	0
10exVja0key0uqUkk6LJRT	Vance Joy	['folk-pop', 'modern rock']	[2018, 2019]	1	0
1aQwKFn00nswXRDUDipm0K	Gaullin	['lithuanian edm', 'lithuanian electronic']	[2019]	1	0
3sDbKMebVH2VYcRSl7u1VC	for KING & COUNTRY	['ccm', 'christian alternative rock', 'christian indie', 'christian music', 'world worship']	[2019]	1	1
00xR0war7NRxsZB4AkiJ35	Pournaras	['greek trap']	[2019]	1	1
17uurwyyklPfs51bzyU8I5	Yze	[]	[2019]	1	1
3XV0lFzNs8BCTwhJTcMiBr	Blue Ivy	[]	[2019]	1	1
6sfUgwUTFjy1SNF2uWOcPp	Kate Miller-Heidke	['australian pop', 'australian singer-songwriter', 'lilith', 'piano rock']	[2019]	1	0
3KsiqBSJ0KWQ8dFNRmMUpA	Dimitris Basis	['entehno', 'laiko']	[2019, 2020]	1	1
5ziH2Z9Gl3M1FhcYvrLHpv	Mr. Bonzo	[]	[2019]	1	1
2DaxqgrOhkeH0fpeiQq2f4	Oasis	['beatlesque', 'britpop', 'madchester', 'permanent wave', 'rock']	[2019]	1	0
6TDGOKhXvRivQwwWIDWNfE	ZENA	[]	[2019]	1	0
7IlRNXHjoOCgEAWN5qYksg	Aya Nakamura	['basshall', 'pop urbaine', 'r&b francais']	[2019]	1	0
1JOdUvDAzNy3L37rZ4Nigr	pewdiepie	['antiviral pop']	[2019]	1	1
3ti6KzYwDK7GTraIlnLUdu	Roomie	['antiviral pop']	[2019]	1	1
7kfzadZaOgR90Tp8OYH5gM	Boyinaband	['antiviral pop', 'otacore', 'pixel']	[2019]	1	1
4K9aclpXgCPNFGEqRlFPal	Peter Manos	[]	[2018, 2019]	1	0
71veXJhPcLJ8A4SnYAuymi	Lil Kira	['greek trap']	[2019]	1	1
0YvFvwtv758gmIrkPoAnRO	zalagasper	[]	[2019]	1	0
1rylldluHh9z6RiCzLNUsC	Panos Kalidis	['greek pop', 'laiko']	[2019]	1	1
1QZ7r36PUiIEvT05v1kKt1	Dionysis Savvopoulos	['classic greek rock', 'entehno', 'neo kyma']	[2019]	1	1
5wTdspmxzb8V4ZjvDodpBo	A Touch Of Class	['europop']	[2019]	1	1
4EzkuveR9pLvDVFNx6foYD	James Bay	['neo mellow', 'pop', 'uk pop']	[2019]	1	1
5chFd3WPxdTlKsUhEPmArx	Alexandra	['classic schlager']	[2019]	1	1
1VTsa5QAJvlbP6dFUd4gpM	Tiny Jackal	['greek hip hop', 'greek underground rap']	[2019]	1	0
25IG9fa7cbdmCIy3OnuH57	The Chicks	['contemporary country', 'country', 'country dawn']	[2019]	1	1
3wtMPMvPtiFylbnNXF6CAj	Afro Bros	['basshall', 'dutch hip hop', 'dutch house']	[2019]	1	1
4pwXiI7Z5ZStkgKowZyoKi	Like Mike	['belgian edm']	[2019]	1	1
2org0PubBAxTvjVvLo9PJ0	Cailin Russo	['la pop']	[2019]	1	1
2zmjYl582zO64LcLQtOEuv	Chrissy Costanza	[]	[2019]	1	1
5QuBVnBPEzwYvFrgBbwpmU	Empress Of	['art pop', 'electropop', 'escape room', 'etherpop', 'shiver pop']	[2018, 2019]	1	1
7blmxmEFPmuvFrMQo87EHQ	Rc $pitta	['portland hip hop']	[2019]	1	0
65CKKZilbcSKkAPC9a5Mvh	Oumou Sangaré	['afropop', 'malian blues', 'mande pop', 'wassoulou', 'world']	[2019]	1	1
5NGO30tJxFlKixkPSgXcFE	The Police	['album rock', 'classic rock', 'permanent wave', 'rock']	[2019]	1	0
3XC57xz74X3xUi1hv4mge1	Winona Oak	['swedish pop']	[2018, 2019]	1	1
6kYViCeiqcUZXgPVdCIKBi	Flyboy Tarantino	[]	[2019]	1	1
57SA5Qv24Vydwd6bJnV8fI	Kid Trunks	['asian american hip hop', 'dark trap', 'underground hip hop']	[2019]	1	1
0O1cTzccAEKaEFShgzAK9V	Bass Santana	['miami hip hop', 'underground hip hop']	[2019]	1	1
6HhsbprrJmKeaH8SgSlGge	Kin$oul	[]	[2019]	1	1
1HfJjGC8yehGygj5MDj4P0	Skull	[]	[2019]	1	1
5GDjtVMjiS0RQvDf0c3bgp	Wolf	['greek hip hop', 'greek trap']	[2019]	1	1
2ndyVAdV9UqF1XjyTJt484	Fred Hammond	['gospel']	[2019]	1	1
1xoWYqTvsYArxO1Xge3TG4	Michela	['maltese pop']	[2019]	1	0
4phGZZrJZRo4ElhRtViYdl	Jason Mraz	['acoustic pop', 'dance pop', 'neo mellow', 'pop']	[2018, 2019]	1	0
7vXDAI8JwjW531ouMGbfcp	TINI	['latin pop', 'pop argentino']	[2019]	1	1
5kCtqFosYREWHgWcpsgeAr	Thanos Mikroutsikos	['entehno']	[2019]	1	0
053q0ukIDRgzwTr4vNSwab	Grimes	['art pop', 'canadian electropop', 'grave wave', 'indietronica', 'metropopolis', 'neo-synthpop']	[2019]	1	1
4UXTIkBW9t9Lcx3xtlaifs	Lake Malawi	['czech pop']	[2019]	1	0
0iOVhN3tnSvgDbcg25JoJb	Etta James	['jazz blues', 'soul', 'soul blues', 'torch song', 'vocal jazz']	[2019]	1	0
1f1rxFbyGZ77El3CNyxeV6	Manos	[]	[2019]	1	0
69GGH3fqk8waBkpDJ5C2mK	Sergey Lazarev	['russian pop']	[2019]	1	0
2X97ZAqRKRMYFIDqtvGgGc	Silk City	['edm']	[2018, 2019]	1	1
40tNdcLMkz7RoHcykLSNwB	Katerine Duska	['greek indie']	[2019]	1	0
66W9LaWS0DPdL7Sz8iYGYe	JP Saxe	['alt z', 'canadian contemporary r&b', 'singer-songwriter pop']	[2019, 2020]	1	1
4hGbUDCMNdHIAkMfS5mKcL	Boombamontana	[]	[2019]	1	1
2AljDSKmkpRxkhLgOOwTml	Tom Dzik	[]	[2019]	1	1
0ceH34CATvfgphxnLRWFkm	9lokknine	['florida drill', 'florida rap']	[2019]	1	1
3HiuzBlSW7pGDXlSFMhO2g	Young Dolph	['memphis hip hop', 'rap', 'southern hip hop', 'tennessee hip hop', 'trap']	[2019]	1	1
693gA7WnqX4W61LL9CzuTB	Troufone	[]	[2019]	1	1
3dkbV4qihUeMsqN4vBGg93	Al Green	['classic soul', 'funk', 'memphis soul', 'soul', 'soul blues', 'southern soul']	[2019]	1	0
2DhBsOUPbi4crK1Ea63XBI	Issjames	['greek trap']	[2019]	1	1
0UHy12S8f94Sa0jc4dd6Jz	Pix Lax	['classic greek rock', 'laiko']	[2019]	1	1
11LbPHLi2sCqOVjknt0jmW	John Lundvik	['swedish pop']	[2019]	1	0
0NcPKaSNIHAM2RfioH9vMT	Guapdad 4000	['cali rap', 'oakland hip hop', 'scam rap', 'underground hip hop']	[2019]	1	1
07V3atNq2TyPNDYmzp6Dyy	Reese LAFLARE	['atl trap']	[2019]	1	1
0vaKiuLwFJLVU664A8GTjE	Jace	['deep underground hip hop']	[2019]	1	1
30C5wgn4celhRP3Tytv7R6	Mez	['north carolina hip hop']	[2019]	1	1
6PDLwWvgYNMfBRLqC1h5cJ	Buddy	['alternative r&b', 'cali rap']	[2019]	1	1
1I4fjV0fwKI9vTa7kS4pLL	Ypoxthonios	[]	[2019]	1	1
13PjTXILnzzaVBB0cLQ6TB	El Stefanato	['greek underground rap']	[2019]	1	1
6HCUfgQJQ5AvjxX3coDJsT	Chingiz	[]	[2019]	1	0
1eoyu9uAivE7Jwak40J1MW	Bilal Hassani	['french pop', 'variete francaise']	[2019]	1	0
1SlHqav5I9du6Q5vbqwK1R	2J	[]	[2019]	1	1
6SsTlCsuCYleNza6xGwynu	Agnes	['swedish electropop', 'swedish idol pop', 'swedish pop']	[2019]	1	1
2fVW2ix4ANKiofDZIsy1XR	Vargas & Lagola	['swedish pop']	[2019]	1	1
4EPJlUEBy49EX1wuFOvtjK	Becky Hill	['pop dance', 'pop house', 'uk dance', 'uk pop']	[2019, 2020]	1	1
6aLoJJxz7MV2iZ423S8tJC	Doe Boy	['atl hip hop', 'atl trap', 'memphis hip hop', 'ohio hip hop']	[2019]	1	1
3vQ0GE3mI0dAaxIMYe5g7z	Paulo Londra	['argentine hip hop', 'trap argentino', 'trap latino', 'urbano latino']	[2018, 2019]	1	0
5Cy6BjgpzVTTP4FURizqmQ	Ray Chen	['taiwan classical performance', 'violin']	[2019]	1	1
7byYRTzcmi0J2EnoVgvNyt	Panos Mouzourakis	['entehno', 'greek swing']	[2018, 2019]	1	0
4ZhFCxPekpmV12n2xMeF2z	Ink	[]	[2019]	1	1
0huGjMyP507tBCARyzSkrv	Cordae	['hip hop', 'pop rap', 'rap', 'trap', 'underground hip hop']	[2019]	1	1
61YdCGmD6R5d9uujIUBVqQ	Midenistis	['greek hip hop', 'greek trap', 'greek underground rap']	[2019]	1	1
5MUcLx6sZwRFBCMDJ0M2AG	RAF	['greek hip hop']	[2019]	1	1
3qnGvpP8Yth1AqSBMqON5x	Leon Bridges	['modern blues', 'neo soul', 'soul']	[2019]	1	0
31JFnMfmvwzZGdEnXaKGek	Herve Pagez	['musique guadeloupe']	[2019]	1	1
5qa31A9HySw3T7MKWI9bGg	FLETCHER	['alt z', 'pop']	[2019]	1	0
3qm84nBOXUEQ2vnTfUTTFC	Guns N' Roses	['glam metal', 'hard rock', 'rock']	[2019]	1	0
1OAjDaKgg00KCUYqDe68un	Gigi D'Agostino	['eurodance', 'italo dance']	[2018, 2019]	1	1
3ApUX1o6oSz321MMECyIYd	Quinn XCII	['indie pop rap']	[2019]	1	1
05LTJdcIWfHyQXC1za07k8	BRIDGE	['trap soul']	[2019]	1	1
5nLYd9ST4Cnwy6NHaCxbj8	CeeLo Green	['atl hip hop']	[2019]	1	1
7H55rcKCfwqkyDFH9wpKM6	Christina Perri	['pop']	[2019]	1	0
6t9tbRO9Lv6Oq6xtVwfdrn	Theresa Rex	['scandipop']	[2019]	1	1
6TlWqqdj65mppNUHZVkjaq	Victor Crone	['melodipop', 'swedish pop']	[2019]	1	0
6lEhBhAv6HOopjXssi09cq	TisaKorean	['houston rap', 'viral rap']	[2019]	1	1
3LE41qCjcf1FeakeVX7OxB	Lena Zevgara	['greek pop', 'laiko']	[2019, 2020]	1	1
5dwadtCk3MY582FXpBAHwz	Michael Touratzidis	['greek pop']	[2019, 2020]	1	1
0vLoXqcGEpgOgmCYshRsKt	Eleonora Zouganeli	['entehno', 'laiko']	[2019]	1	1
4qIVPF0s71ZYW3qzhu5GkF	Kina	['sad lo-fi']	[2019]	1	1
5fSVkkuijRIpxuvSqysYiP	Snøw	['sad lo-fi', 'sad rap']	[2019]	1	1
4Q1mWI0bLluisHf6oh2ObF	Trtl	[]	[2019]	1	1
0XIKGBo9PnK1ApI5tZA60d	DaniLeigh	['r&b', 'rap latina']	[2019]	1	1
70kkdajctXSbqSMJbQO424	Kacey Musgraves	['classic texas country', 'contemporary country', 'country dawn']	[2019]	1	0
0rlKkLkpsCnJbZethGBfAk	Captain Cuts	['pop edm']	[2019]	1	1
5mYakBbBzPMQTfkVMIgiDM	Georgia Ku	['uk pop']	[2019]	1	1
2SdOKxC1sSxEyv8JYERaNe	RuPaul	['diva house', 'strut']	[2019]	1	1
3FUY2gzHeIiaesXtOAdB7A	Train	['dance pop', 'neo mellow', 'pop', 'pop rock']	[2018, 2019]	1	0
6xvpfMjWTougrRRtK7iikz	Mason Ramsey	['contemporary country', 'country']	[2019]	1	1
250b0Wlc5Vk0CoUsaCY84M	JENNIE	['k-pop']	[2018, 2019]	1	0
0eLU3EgFDZOFgd2Dwalfwo	George Dalaras	['entehno', 'greek guitar', 'laiko', 'rebetiko']	[2019]	1	1
6USv9qhCn6zfxlBQIYJ9qs	Dominic Fike	['alternative pop rock', 'pov: indie']	[2019]	1	0
5BXxM5HNwESu51puIXBVvv	CJ	[]	[2022]	1	1
6symUxu7p0bp1z4kkyFGk6	Issy Beats	[]	[2022]	1	1
1RqOmrtivmvKrfBO81j1ou	Kidd	['greek trap']	[2022]	1	1
2FTua3TeIGnmQQrN80DinP	Anastasia	['greek pop']	[2022]	1	0
7q4dxsrYuPcd0PgxBc1eQ4	BAKV	[]	[2022]	1	1
0L8ExT028jH3ddEcZwqJJ5	Red Hot Chili Peppers	['alternative rock', 'funk metal', 'funk rock', 'permanent wave', 'rock']	[2022]	1	0
3joZFtD641x3Iv1fJ74ybQ	ODYDOZE	[]	[2022]	1	1
6Vinynd0jVPcevXFAwXKPi	DJ Golden Feta	[]	[2022]	1	1
1E7vMmZyf3cGMV4oDXwYql	Polo	['greek trap']	[2022]	1	1
6QJurznF6SAsnGncRUAHAi	Gfc	[]	[2022]	1	1
2PJEagPIxaBugeMjIyKVXF	Aitch	['manchester hip hop', 'uk hip hop']	[2022]	1	1
7CkEq9a4CwfkweA1tRgxgh	Teo Tzimas	[]	[2022]	1	1
7j6DKwmjbxvpQO8h914uEz	Ryan Castro	['reggaeton', 'trap colombiano', 'trap latino', 'urbano latino']	[2022]	1	0
6waWR57xXsgtWztHX1v8TB	Yiannis Kotsiras	['classic greek pop', 'classic greek rock', 'entehno']	[2022]	1	1
2eHBk2XpfdzxdHytj6oK9j	Nicos Terzis	[]	[2022]	1	1
0zRqu5AKj0QfMk65VEnUOG	Lindo	['greek trap']	[2022]	1	1
2W8yFh0Ga6Yf3jiayVxwkE	Dove Cameron	['pop']	[2022]	1	0
187i912U6kpq0F0Z9uOVXr	Amanda Tenfjord	['norwegian pop', 'trondheim indie']	[2022]	1	0
0otJf0seHzZGe4RjhqZRko	Dj Timo	[]	[2022]	1	1
0acbdHDnC4vpcExMwmdtbd	Nassauce	[]	[2022]	1	1
027TpXKGwdXP7iwbjUSpV8	The Walters	['chicago indie', 'pov: indie']	[2022]	1	0
30hOy7zurWNDRS1Y1dvWGW	Early le Doc	[]	[2022]	1	0
6olE6TJLqED3rqDCT0FyPh	Nirvana	['grunge', 'permanent wave', 'rock']	[2022]	1	0
5ETZ4zl1tAJe8zCTDEaoGO	Nikos Makropoulos	['greek pop', 'laiko']	[2022]	1	0
79AyR6ATpj2LTPxfb6FX50	Lauren Spencer Smith	['alt z', 'gen z singer-songwriter']	[2022]	1	0
3AFt30387waHIjjDL63XeI	OTP	['melodic drill']	[2022]	1	0
6HaGTQPmzraVmaVxvz6EUc	Jung Kook	['k-pop']	[2022]	1	0
5i4MOrDrTRPo49cFCx3JYc	RILLA	[]	[2022]	1	1
5VyuxeMadrk0YwzaSplggN	Nuki	[]	[2022]	1	1
55N3GeGZvjQNpesIjCTZpq	Dimos Anastasiadis	['greek pop', 'laiko']	[2022]	1	0
3JcFxZ928S8hsqkaNZhbwZ	Stef Tony	[]	[2022]	1	1
1svhqU5A39QYEmwbswohYD	Grend Kid	[]	[2022]	1	0
0YlvHD6F64gPLGnYsrPT7E	JiMBo	[]	[2022]	1	1
1abOzCDBIXG889oTj0B2hH	Chris Karr	[]	[2022]	1	1
09E3lzgW2TIZZaDAB2y4nb	Retro	['greek drill']	[2022]	1	1
29PgYEggDV3cDP9QYTogwv	Carolina Gaitán - La Gaita	['movie tunes']	[2022]	1	1
36CUTsdtNgCwMq6zKD1l8I	Mauro Castillo	['modern salsa', 'movie tunes', 'salsa colombiana']	[2022]	1	1
72kqSqk124Vnl1wtT6q9Fh	Adassa	['movie tunes']	[2022]	1	1
2as15AH2BTrPk8v4gyElmr	Rhenzy Feliz	[]	[2022]	1	1
18MFcGBHtyW0mU3ufcm0X1	Diane Guerrero	['movie tunes']	[2022]	1	1
5PYToRCsrnvikZg3yl2JMr	Stephanie Beatriz	['hollywood', 'movie tunes']	[2022]	1	1
3xLU748QxpTmIVaiNXXg0P	Encanto - Cast	['movie tunes']	[2022]	1	1
1MRiIeZbc0cRuxOafDUCtH	BLANCO	['italian hip hop', 'italian pop']	[2022]	1	1
3D75dCWCZbdT6wK1V871Gn	Caneb	[]	[2022]	1	1
4YmXcY5FDRoG6AqbYr1niU	Katerina	['greek pop']	[2022]	1	1
0dn2Cwr75Rl4bh7yTwTorv	Andromache	[]	[2022]	1	0
3HqSLMAZ3g3d5poNaI7GOU	IU	['k-pop', 'pop']	[2020]	1	1
7DQcxVvL0yQFj2uFBNMms6	Arva	[]	[2020]	1	0
45TgXXqMDdF8BkjA83OM7z	Rod Wave	['florida rap']	[2020]	1	1
5PArTiK0qKBaKMtSZCam6Z	Vito Soprano	[]	[2020]	1	1
08GQAI4eElDnROBrJRGE0X	Fleetwood Mac	['album rock', 'classic rock', 'rock', 'soft rock', 'yacht rock']	[2020]	1	0
7LvoDJUNGnOrPdGRzVtOJ9	Young M.A	['alternative r&b', 'lgbtq+ hip hop', 'nyc rap', 'rap', 'trap']	[2020]	1	1
41a1QBVKSlXMy5qFPrcHVs	Ayzha Nyree	[]	[2020]	1	0
3iuDJzaIhy7gDPgmUW2ujw	Fumaratto	['guaracha']	[2020]	1	1
1kiq2kUV0cbLUhJsr7cpW0	Alida	['norwegian pop']	[2020]	1	1
1qpC5yTys58Ov9GfHqLui8	TZEN	['greek drill', 'greek trap']	[2020]	1	1
6E2ngVzz30BX0zzcuEPXOG	Sike	[]	[2020]	1	1
2ZRiDEplNEZDgPBziiFEmk	Stephane Legar	['israeli hip hop', 'israeli pop']	[2020]	1	1
7LzTBVNarOeaDXFdzOugAI	Sly Pyper	[]	[2020]	1	1
6IjwfB7X2lD3t5zjSnJI4l	Popayedi	['greek trap']	[2020]	1	1
2UyyBkpzN5w3hzZBZGvRZb	Sosa Geek	['brooklyn drill']	[2020]	1	1
4lPl9gqgox3JDiaJ1yklKh	Tierra Whack	['alternative r&b']	[2020]	1	1
3jk39CGeaaSO3FPKNx1RUx	Syd	['alternative r&b', 'lgbtq+ hip hop']	[2020]	1	1
5x6WJxZR6V38486LX5RScD	Dinamiss	[]	[2020]	1	1
0f2YkMXwFNJNSX7MymevKE	Kaash Paige	[]	[2020]	1	1
3QJUFtGBGL05vo0kCJZsmT	salem ilese	['alt z', 'modern indie pop']	[2020]	1	0
37M5pPGs6V1fchFJSgCguX	FINNEAS	['alt z', 'la indie', 'pop', 'pov: indie']	[2020]	1	0
2QV4Tj8KPC7KocfsUWjSlv	Kerr	[]	[2020]	1	1
19eLuQmk9aCobbVDHc6eek	Louis Armstrong	['adult standards', 'dixieland', 'harlem renaissance', 'jazz trumpet', 'new orleans jazz', 'soul', 'swing', 'vocal jazz']	[2020]	1	1
3VrWSWV74xyECVDt2zBy4T	The Commanders	[]	[2020]	1	1
2JbE7jUIGtpXSzytnyMg6U	Curtis Waters	[]	[2020]	1	1
44rJuOJLavqhY6qGgpQW4U	Harm Franklin	['alberta hip hop']	[2020]	1	1
33MAeAFSnN1nTw6VKaB2Z6	Dydo	[]	[2020]	1	1
7ja8qBfaRcHcHDZ6pRzu3x	Alfredo Grassi	[]	[2020]	1	1
6wPhSqRtPu1UhRCDX5yaDJ	The Pussycat Dolls	['dance pop', 'girl group', 'pop']	[2020]	1	0
4ETSs924pXMzjIeD6E9b4u	Surfaces	['bedroom soul']	[2020]	1	0
15t9HOTsjPlatmoKr8MMKq	Beast	[]	[2020]	1	1
0GfvPNhmQLzmbqHYZfoyos	Konnie Metaxa	['greek pop']	[2020]	1	1
5IbwTy4QHMsBTUqLGhXOjx	Tasos Xiarcho	[]	[2020]	1	1
1DpxkwzUjTaz5SWlwIFJV6	Crazie E	[]	[2020]	1	1
7qd6KGoABHifvXKeFNe2Yb	Wolftyla	['trap queen']	[2020]	1	1
3Rx4PJ7SP6unkOk5elPUK7	Money Man	['memphis hip hop', 'trap']	[2020]	1	1
7iK8PXO48WeuP03g8YR51W	Myke Towers	['reggaeton', 'trap latino', 'urbano latino']	[2020]	1	1
5rkVyNGXEgeUqKkB5ccK83	Ashanti	['dance pop', 'hip pop', 'r&b', 'urban contemporary']	[2020]	1	1
1cNPXWhKfjI0fT5EMCnamR	Dj Guuga	['arrocha', 'arrochadeira', 'funk paulista', 'rave funk']	[2020]	1	1
7me0S5Z40qVWj3gzyK8aC3	Mc Livinho	['funk carioca', 'funk paulista', 'funk rj', 'sertanejo universitario']	[2020]	1	1
7bmYpVgQub656uNTu6qGNQ	Hwa Sa	['k-pop', 'korean talent show']	[2020]	1	1
2DJKd7Qdz67g8eWIVqUQjo	Cb	[]	[2020]	1	1
5eioJDe26lOqkAMbuhzZYs	Gzuz	['deep german hip hop', 'german hip hop', 'hamburg hip hop']	[2020]	1	1
2tPR06hLUvH5aIY3JXNIxY	dutchavelli	['uk hip hop']	[2020]	1	1
1OY65G9NJJHsSt1lGLZU6q	NiiHWA	[]	[2020]	1	1
2IZXxSIGhFtkHJyMh6UTln	Aiyana-Lee	[]	[2020]	1	1
7GaxyUddsPok8BuhxN6OUW	James Brown	['funk', 'soul']	[2020]	1	0
0fo4hbtY8v9248tMgaR8i3	Mel	['greek drill']	[2020]	1	1
63uBoFE38NxqqRwin1slCC	Wild	[]	[2020]	1	1
6P5NO5hzJbuOqSdyPB7SJM	Ashe	['alt z']	[2020]	1	0
6YGhVeajpGcixgdaTfakUL	Capital T	['albanian hip hop', 'albanian pop', 'kosovan pop']	[2020]	1	1
4ZgQDCtRqZlhLswVS6MHN4	grandson	['modern alternative rock', 'modern rock', 'pov: indie', 'rock']	[2020]	1	0
2yPprAQlrIQWu60g09B9MZ	Swarmz	['uk hip hop']	[2020]	1	1
7Ix3NLwloXjo7EczfvxWAo	Gian	[]	[2020]	1	1
7lzordPuZEXxwt9aoVZYmG	Billy Idol	['album rock', 'classic rock', 'dance rock', 'hard rock', 'new romantic', 'new wave', 'new wave pop', 'rock', 'soft rock']	[2020]	1	1
7xluZE4Uq3pvKvmOumDsRv	Nick Pros	[]	[2020]	1	1
6yDyCo9NlpEQYcs7UCgtdz	Tase	[]	[2020]	1	1
41I5xI04kixwmonDBl0Sda	King Combs	['cali rap']	[2020]	1	1
58tJzsO9p7vFWu5vcLTHhs	Alcatrash	['greek pop']	[2020]	1	0
6X8WdFjrNhXATMDSs26aCc	Curren$y	['dirty south rap', 'new orleans rap', 'rap', 'southern hip hop']	[2020]	1	1
0399oiMcmbOzzsYQDNYqxn	Problem	['hyphy', 'trap', 'west coast trap']	[2020]	1	1
34nVLWMJTjaMh2aSMOQHei	King Pharaoh	[]	[2020]	1	1
1lEXbUjKjHQ7uc9jFfEViJ	TGT	['pop r&b']	[2020]	1	1
7MPGCB854Qo4alYMOPkBka	Ritt Momney	['bedroom pop']	[2020]	1	0
6bmlMHgSheBauioMgKv2tn	Powfu	['sad lo-fi', 'sad rap']	[2020]	1	1
35l9BRT7MXmM8bv2WDQiyB	beabadoobee	['bedroom pop', 'bubblegrunge', 'indie pop', 'pov: indie']	[2020]	1	1
6fs2or0cKLEM2xohWq8SoX	Lexie Liu	['chinese electropop']	[2020]	1	1
4TqlcgMFDryY96KWcvrhTv	Seraphine	[]	[2020]	1	1
0EIcylomMbDZeLPBCy1z3b	Themis Karamouratidis	[]	[2020]	1	1
3FOcz0CoQjXRhfnKLqrXQq	Gerasimos Evangelatos	['greek swing']	[2020]	1	1
7nqlScm2smydSRl13eaP8E	Nea	['scandipop']	[2020]	1	1
7ksQJtsXSRSrI5306UwIgH	Kim Jong Wan of NELL	['korean ost', 'korean pop']	[2020]	1	1
1lmU3giNF3CSbkVSQmLpHQ	Surf Mesa	[]	[2020]	1	1
4ArPQ1Opcksbbf3CPwEjWE	Emilee	['social media pop']	[2020]	1	1
5RCWMaArEntbkeWYVxCiFW	Everybody Loves an Outlaw	['modern blues rock']	[2020]	1	0
5yy76ufVriyvidNSvXlRU1	Clever	['alabama rap']	[2020]	1	1
42kECdJ0HW62k2rYy0C8Er	Rask	[]	[2020]	1	1
76Xa625geVw0Q7BdyxNjA2	ZAAC	['funk carioca', 'funk ostentacao', 'funk pop']	[2020]	1	1
3wbMgHuGVgSeYzXmjY0YYN	Z1x	[]	[2020]	1	1
0UcXjTpzt0DmIwPSNwlJfF	jetsonmade	[]	[2020]	1	1
0XnAl4GpHM5P6Vr261W9hd	Smokebros	['greek drill']	[2020]	1	1
4TvhRzxIL1le2PWCeUqxQw	The Blessed Madonna	[]	[2020]	1	1
6TyYNIeAzzs4CZAc4pyivx	Giannis Aggelakas	['classic greek rock']	[2020]	1	1
0OZAOlk0UNtiHJwAlkR4Iz	Oi Episkeptes	[]	[2020]	1	1
2cCUtGK9sDU2EoElnk0GNB	The National	['chamber pop', 'indie folk', 'indie rock', 'indietronica', 'modern rock', 'stomp and holler']	[2020]	1	1
5QZ2NBlO8aV7PHfPQJeZfH	Vercetti	[]	[2020]	1	1
28CejEIYxJt9Hp40LMhR2R	SonOfZeus	[]	[2020]	1	1
6Y64EaNqpqcZYTgs4c76gF	jxdn	['pop punk']	[2020]	1	0
4vGc8a2i3Bj4pZ1frHDheI	Wazzzay	[]	[2020]	1	0
4ONfSbgDnJ1fGfSRHKPbyz	Giorgos Papadopoulos	['cypriot pop', 'greek pop', 'laiko']	[2020]	1	0
5bgfj5zUoWpyeVatGDjn6H	K CAMP	['atl hip hop', 'melodic rap', 'southern hip hop', 'trap']	[2020]	1	0
2k6fdnEIyk7t8Mfg6SoRg1	MAJ	[]	[2020]	1	1
0Cp8WN4V8Tu4QJQwCN5Md4	BENEE	['alt z', 'nz pop']	[2020]	1	1
6sHCvZe1PHrOAuYlwTLNH4	Gus Dapperton	['bedroom pop', 'indie poptimism', 'pov: indie']	[2020]	1	1
6xiiCO8F9vnZFyb9gTiiEa	G0YARD	[]	[2020]	1	0
6DJEUXZm0e2rAohdoZ5Voo	Black Thought	['alternative hip hop', 'east coast hip hop']	[2020]	1	1
3ZotbHeyVQKxQCPDJuQ4SU	Q-Tip	['east coast hip hop', 'queens hip hop']	[2020]	1	1
1WjexdTcXHgvlVIPCE8D1Q	Denaun	[]	[2020]	1	1
6GEykX11lQqp92UVOQQCC7	DJ Premier	['east coast hip hop', 'instrumental hip hop', 'jazz boom bap', 'turntablism']	[2020]	1	1
6yP3ZB6Fy3U4IBlHjcLS4Q	DaHeala	[]	[2020]	1	1
4Ui2kfOqGujY81UcPrb5KE	HAIM	['indietronica', 'metropopolis']	[2020]	1	1
1va4ozW68yYx2bjxzk29gs	Pashalis Terzis	['greek pop', 'laiko']	[2020]	1	1
5zfEatKLDdRkgbw6sdLBAQ	Octavian	['afroswing', 'london rap', 'uk hip hop']	[2020]	1	1
62bEdTFZuAuBNcuDC2S0RV	Puelto	[]	[2020]	1	1
15iVAtD3s3FsQR4w1v6M0P	Chief Keef	['chicago bop', 'chicago drill', 'chicago rap', 'drill', 'hip hop', 'rap', 'trap']	[2020]	1	1
6QtgPSJPSzcnn7dPZ4VINp	King Von	['chicago rap']	[2020]	1	1
0x7qiZJaal6j8qS7yCydFk	Savage Ga$p	['aesthetic rap']	[2020]	1	1
6M6XXCcO5gI68XpIlrUL3Z	Young T & Bugsey	['afroswing', 'grime', 'nottingham hip hop', 'uk hip hop']	[2020]	1	1
6RrS30NZDP1XqAoIXoPXw8	ΔΠΘ	['greek underground rap']	[2020]	1	1
6fFfnKGVI6X3lkCr8Qw1g1	KXNG Crooked	['cali rap', 'detroit hip hop']	[2020]	1	1
1q13yHC6Syg5Y8iPLrRnCq	Joell Ortiz	['battle rap']	[2020]	1	1
7pDNT9t9TSWL2W9hGz9xpA	Josh Jips	[]	[2018]	1	0
3WtrH1zNpzoPSz6XpwCh6y	Delilah Montagu	['british singer-songwriter']	[2018]	1	1
1qSJaftSab2kTTsj7fLxvM	DJ SpinKing	['slow game']	[2018]	1	1
7iLc4hrjOjQPfg1E3cCHg1	Tim Berg	['edm', 'electro house', 'pop dance', 'progressive electro house']	[2018]	1	1
5xgkTVqKnMuNyJUajLQAMY	Veronica Verse	[]	[2018]	1	0
1l2ekx5skC4gJH8djERwh1	Don Diablo	['dutch house', 'edm', 'electro house', 'future house', 'pop dance', 'progressive electro house', 'progressive house']	[2018]	1	1
7sfgqEdoeBTjd8lQsPT3Cy	Emeli Sandé	['r&b', 'talent show']	[2018]	1	1
52lBOxCxbJg0ttXEW9CQpW	Louis Prima	['adult standards', 'jump blues', 'lounge', 'swing', 'tin pan alley']	[2018]	1	1
6AUl0ykLLpvTktob97x9hO	Tee Grizzley	['detroit hip hop', 'detroit trap', 'rap', 'southern hip hop', 'trap']	[2018]	1	1
5hish8lTU02FYpO6M1cwvU	Adam Jones	[]	[2018]	1	0
0E4Lk2rTI7SP9Mct9Nmyp2	Logie Boxer	[]	[2018]	1	0
47lllud9OpWqGluDwO21jo	Jackson Taps	[]	[2018]	1	0
1zC5fndU0aEvINmBra2M3T	Shungudzo	['la pop']	[2018]	1	1
26XzvosH2cl8Re6KSo9m8Z	ZieZie	['uk hip hop']	[2018]	1	1
1F0EUSWACct7Hua9cpXw36	Scot Rula	[]	[2018]	1	0
3pbi8H08p95NUZ7m6ybxUV	Static Major	[]	[2018]	1	1
3AVfmawzu83sp94QW7CEGm	Astrid S	['alt z', 'norwegian pop', 'pop', 'uk pop']	[2018]	1	0
5p0zkKpBuRguKebwRe0RI2	Pierce Fulton	['complextro', 'pop edm', 'progressive electro house']	[2018]	1	1
6xBZgSMsnKVmaAxzWEwMSD	Mike Shinoda	['alternative hip hop']	[2018]	1	1
0Od1WTUEMrqSW2F0H7KFFS	Afro Clint	[]	[2018]	1	0
240wlM8vDrf6S4zCyzGj2W	CamelPhat	['deep tech house', 'house', 'progressive house']	[2018]	1	1
2vf4pRsEY6LpL5tKmqWb64	Elderbrook	[]	[2018]	1	1
7wzaSKTsjE9HnuDuZTX452	Arlissa	['uk pop']	[2018]	1	1
6Q7UV9Oa87GypGTKiuOh6f	Equinox	[]	[2018]	1	0
5y3G1B8cpCTaoq0uDgjwzH	Danny Avila	[]	[2018]	1	1
3mLdH6xxrscTf2poCN9Kzy	Rio Santana	[]	[2018]	1	1
2V0DROfM2ieFSOcA3SHJLD	Judah	[]	[2018]	1	1
4DROs1Ye9DiLY3X8L7xvl8	Andrez Babii	['rap romantico']	[2018]	1	1
04ei5kNgmDuNAydFhhIHnD	Landon Cube	['pop rap']	[2018]	1	1
2J6pigOrBmKQgqJUY5UM7r	Matt OX	['melodic rap', 'plugg', 'rage rap']	[2018]	1	1
1QNQUlR0uLW0ovRuVRjYir	Josef Bamba	['scandipop']	[2018]	1	0
3Bj81IbILbuj2uEwWXMdXI	Sosamann	['atl trap', 'houston rap', 'memphis hip hop']	[2018]	1	1
2ySHS7UojGu20XfUPaBlyu	Devin Dawson	['contemporary country', 'country road', 'modern country rock']	[2018]	1	0
3U4YeD9p381pXkebifD865	Cesar Sampson	[]	[2018]	1	0
23TFHmajVfBtlRx5MXqgoz	Sfera Ebbasta	['italian hip hop', 'italian pop', 'trap italiana', 'trap latino']	[2018]	1	1
1bAftSH8umNcGZ0uyV7LMg	Duki	['argentine hip hop', 'trap argentino', 'trap latino', 'trap triste', 'urbano latino']	[2018]	1	1
3ECsaSd1fom8coUUkkFzqt	Jeon	['ritmo kombina']	[2018]	1	1
0HQt5IYfJtahRkU0l8r2e9	Joe Prulo	[]	[2018]	1	0
6TTVdg5UOUHsyiYPHgxLaq	The WRLDFMS Tony Williams	['psychedelic hip hop']	[2018]	1	1
5rSXSAkZ67PYJSvpUpkOr7	Backstreet Boys	['boy band', 'dance pop', 'pop']	[2018]	1	0
7MFJyevu6jq0shwDuVLymu	Justin Mylo	['dutch house', 'electro house', 'pop dance', 'pop edm', 'progressive electro house']	[2018]	1	1
1E1W3to8HhGSkkIEUMwEjd	Dewain Whitmore	[]	[2018]	1	1
12Zk1DFhCbHY6v3xep2ZjI	070 Shake	['new jersey rap']	[2018]	1	1
7kDWpAjhKQoFvnorOgs3XR	Jen Fokal	[]	[2018]	1	0
6i3DxIlAqnDkwELLw4aVrx	Lele Pons	['latin pop', 'latin viral pop', 'viral pop']	[2018]	1	0
6G1yTgvoYsuVb2Ja8cVVJ2	anders	['canadian contemporary r&b', 'canadian hip hop', 'toronto rap', 'trap soul']	[2018]	1	1
3RwQ26hR2tJtA8F9p2n7jG	The Temptations	['memphis soul', 'motown', 'soul']	[2018]	1	0
7wg1qvie3KqDNQbAkTdbX0	Louis The Child	['edm', 'electropop']	[2018]	1	1
0FL2d6iFFNAV3yBUbXjZ1U	Wafia	['australian pop', 'indie electropop']	[2018]	1	1
5EkVY5c0yiauY4EqW0XtgU	Ed Shuns	[]	[2018]	1	0
7cAlvWK5rgMmJ37j7woN8l	Christian Rich	[]	[2018]	1	1
4TAoP0f9OuWZUesao43xUW	Mr Eazi	['afrobeats', 'afropop', 'azontobeats', 'ghanaian hip hop', 'nigerian pop', 'swedish dancehall']	[2018]	1	1
4bw2Am3p9ji3mYsXNXtQcd	Piso 21	['colombian pop', 'latin pop', 'reggaeton', 'reggaeton colombiano', 'trap latino', 'urbano latino']	[2018]	1	1
66jpZDjMcxF3SfDfwK7GXe	Reginae Carter	[]	[2018]	1	1
374sWpAJsbZckf98df2jJJ	Fuse ODG	['afrobeats', 'azonto']	[2018]	1	1
3jHBxvZ9gbBkZ17wKUqVsO	Kent Jones	['miami hip hop', 'viral trap']	[2018]	1	1
1MHslxKWxauC559dXYEX1C	DJ Durel	[]	[2018]	1	1
7e1BNCygl2Gf7CX8LrByPv	Ummet Ozcan	['big room', 'dutch house', 'edm', 'electro house', 'pop dance', 'progressive electro house']	[2018]	1	1
69Pm1OWlxk1tbYphlkcKHR	Laurell	['canadian pop']	[2018]	1	1
4OBJLual30L7gRl5UkeRcT	T.I.	['atl hip hop', 'dirty south rap', 'gangster rap', 'hip hop', 'pop rap', 'rap', 'southern hip hop', 'trap']	[2018]	1	1
3gd8FJtBJtkRxdfbTu19U2	Mumford & Sons	['modern folk rock', 'modern rock', 'neo mellow', 'stomp and holler', 'uk americana']	[2018]	1	0
0Whf23jgTOh9SAIuGF8hwm	Pam Juned	[]	[2018]	1	0
2urF8dgLVfDjunO0pcHUEe	Alvaro Soler	['latin pop']	[2018]	1	0
4fpTMHe34LC5t3h5ztK8qu	The Carters	['r&b']	[2018]	1	0
3EiLUeyEcA6fbRPSHkG5kb	De La Ghetto	['reggaeton', 'reggaeton flow', 'trap latino', 'urbano latino']	[2018]	1	1
0TkqXdyWLsssJH7okthMPQ	Jay Electronica	['alternative hip hop', 'conscious hip hop', 'drumless hip hop', 'hip hop', 'psychedelic hip hop']	[2018]	1	1
5WY88tCMFA6J6vqSN3MmDZ	NELL	['k-rock', 'korean pop']	[2018]	1	1
3AA28KZvwAUcZuOKwyblJQ	Gorillaz	['alternative hip hop', 'modern rock', 'rock']	[2018]	1	1
4N8BwYTEC6XqykGvXXlmfv	George Benson	['jazz funk', 'jazz guitar', 'smooth jazz', 'soul jazz', 'yacht rock']	[2018]	1	1
41qil2VaGbD194gaEcmmyx	Will Smith	['hip hop', 'pop rap']	[2018]	1	1
3DiSC0nSNNWpPy5ZK3mcrz	Nef The Pharaoh	['cali rap']	[2018]	1	1
2QLM9IFaHBtB16b8ZDaA3A	P-Lo	['asian american hip hop', 'cali rap']	[2018]	1	1
0WfaItAbs4vlgIA1cuqGtJ	Daniela Andrade	['canadian contemporary r&b', 'folk-pop']	[2018]	1	0
6TV0LZ3BaEun0OQEh96elP	Jordan Smith	['deep talent show', 'idol']	[2018]	1	0
2vUCVkeZjzDcaoX4gagHdV	Julian Jordan	['dutch edm', 'dutch house', 'edm', 'electro house', 'pop dance', 'progressive electro house', 'progressive house']	[2018]	1	1
31UNxhT1AIkN3sSSeSvFX4	Rube Claws	[]	[2018]	1	0
3zFTtSGPA4ZAsfmigmRkbZ	Richard Farum	[]	[2018]	1	0
2ZRQcIgzPCVaT9XKhXZIzh	Gryffin	['edm', 'pop dance']	[2018]	1	1
2gTcdmBwgyh3EORKIXCzlw	El Profesor	['house']	[2018]	1	1
2Mp409M6EpFr3kGdQ1mwjS	Sabina Ddumba	['swedish idol pop', 'swedish pop']	[2018]	1	0
2yQf6b8hxahZaT5dHlWaB1	Raekwon	['east coast hip hop', 'hardcore hip hop']	[2018]	1	1
4iCwCMnqsNZ6atvRiADgtn	RZA	['east coast hip hop', 'hardcore hip hop']	[2018]	1	1
4VmEWwd8y9MCLwexFMdpwt	Method Man	['east coast hip hop', 'hardcore hip hop', 'hip hop']	[2018]	1	1
4OBbOrkD4geIjOLrICN3wO	Inspectah Deck	['east coast hip hop', 'hardcore hip hop']	[2018]	1	1
0dS5xeDefwoUNasLUHnCjR	Cappadonna	['east coast hip hop']	[2018]	1	1
09XH5qagU5qcWhYXcQYsjX	Jackpot Scotty Wotty	[]	[2018]	1	1
0G070wUUUBptmqGEKAAUVx	U-God	['hardcore hip hop', 'hip hop']	[2018]	1	1
0ME1RawvWt3qOJnYnxVqeh	Masta Killa	['east coast hip hop']	[2018]	1	1
6ns6XAOsw4B0nDUIovAOUO	GZA	['east coast hip hop', 'hardcore hip hop']	[2018]	1	1
2l2o6ibYa7h1w4HwaS1uZV	Jay 305	['west coast trap']	[2018]	1	1
4UffC3o3JiLSg7pa5DpQbp	Mike Yung	['pop soul']	[2018]	1	1
31ID15xoalmnSgwPhHJZrR	Notis Sfakianakis	['greek pop', 'laiko']	[2018]	1	0
2ZMnWI3oIHyj7MyuZ99gvu	Super Sako	['armenian hip hop', 'armenian pop']	[2018]	1	1
2EsTolBYIEICM1kx7MGluy	Panos Kiamos	['greek pop', 'laiko']	[2018]	1	1
4lAYuj2FX6djIqkxuDNvr1	Bo	['greek pop']	[2018]	1	1
7t0rwkOPGlDPEhaOcVtOt9	The Cranberries	['irish rock', 'pop rock', 'rock']	[2018]	1	0
4LcUpNlXFEleaLlelmkv2R	Kris Kross Amsterdam	['dutch house', 'dutch pop']	[2018]	1	1
6kI0ZZ0yjJ3Bf5JjEgUJLC	Alexander Tidebrink	['scandipop', 'swedish pop']	[2018]	1	1
26ZOyHlEWqMOiHGOFxYCgN	Bruce Pagata	[]	[2018]	1	0
1PnnRNGfichOAfPOn5mVyx	Sorana	['romanian pop']	[2018]	1	1
0I9bAc3QBe3iabtdzp0M0d	Luther Buttons	[]	[2018]	1	0
7CCjtD0hCK005Bvg2WG1a7	Carnage	['edm', 'electro house', 'electronic trap', 'viral trap']	[2018]	1	1
6Paz0vXJJ9bCPf0fEm3qzg	Dagny	['norwegian pop']	[2018]	1	1
0PFtn5NtBbbUNbU9EAmIWF	TOTO	['album rock', 'classic rock', 'hard rock', 'mellow gold', 'rock', 'soft rock', 'yacht rock']	[2018]	1	0
7jEEE187pVG6InOxn03oA5	Benjamin Ingrosso	['swedish pop']	[2018]	1	0
7AzjETXRUKNRSJHMW9GIqd	Nina Nesbitt	['alt z', 'neo-singer-songwriter', 'uk pop']	[2018]	1	0
28ExwzUQsvgJooOI0X1mr3	Jay Rock	['conscious hip hop', 'hip hop', 'rap', 'southern hip hop', 'trap']	[2018]	1	1
4iw0Pf0ZeTekpc6yqlGKYE	Xenia Ghali	['pop edm']	[2018]	1	0
3A9B6c1CrSPauiOblw7pWz	Nico Santos	['german pop']	[2018]	1	0
1N9n8MSxrr4Emhb566493b	Morgan Page	['edm', 'electro house', 'pop dance', 'progressive house']	[2018]	1	1
1gPhS1zisyXr5dHTYZyiMe	Kevin Gates	['baton rouge rap', 'rap', 'trap']	[2018]	1	1
3gGUMEwIX6XodWsYEvKSal	YBN Nahmir	['alabama rap', 'rap', 'trap']	[2018]	1	1
21aa4pj9BvbFB2iT8kRpnq	Michael Schulte	['german pop', 'talentschau']	[2018]	1	0
6r2niOTnexy9xss5g8GWXH	Yasiin Bey	[]	[2018]	1	1
1VBflYyxBhnDc9uVib98rw	Icona Pop	['candy pop', 'dance pop', 'electropop', 'metropopolis', 'swedish electropop', 'swedish synthpop']	[2018]	1	1
134GdR5tUtxJrf8cpsfpyY	Elliphant	['electropop', 'swedish indie pop']	[2018]	1	1
6U1dBXJhC8gXFjamvFTmHg	Zac Efron	['hollywood', 'movie tunes', 'post-teen pop']	[2018]	1	1
3uzhMEcBEboZmTo7dtVD5v	Jani John	[]	[2018]	1	0
76O9e63AtVR6pW1vJOgL8z	Ceke Daniel	[]	[2018]	1	0
2P5sC9cVZDToPxyomzF1UH	Joey Bada$$	['conscious hip hop', 'hip hop', 'rap']	[2018]	1	1
1AAkLbJ7D3CeGAqga0GbnL	Kindler Shah	[]	[2018]	1	0
28y6CyJNkGNjJQKrlx4AmN	HRVY	['pop']	[2018]	1	0
2YYAp30sXeDAKiTLMfKGTT	The NGHBRS	['la pop']	[2018]	1	1
6T5tfhQCknKG4UnH90qGnz	DNCE	['dance pop', 'pop']	[2018]	1	0
5bepW5vcdRzheNc0F8lHJ5	Esperanza Spalding	['electric bass', 'jazz', 'jazz pop', 'vocal jazz']	[2018]	1	1
3bn39FHZ0nfSI1xKLbDWMH	Agi Hendo	[]	[2018]	1	0
3Gm5F95VdRxW3mqCn8RPBJ	Aminé	['pop rap', 'portland hip hop', 'rap', 'underground hip hop']	[2018]	1	0
3cWGilyM7pw2Q1bGbTXuBr	TrifeDrew	[]	[2018]	1	1
3Z83Mtn0LWxNjBuLEFNNad	Sulman Sako	[]	[2018]	1	0
5T8zbK3dic52T9bFu0aY8z	Sophia Somajo	['swedish electropop']	[2018]	1	1
6TaQ65Yw4KA7mZ8vpdhMXZ	SAL Soloman	[]	[2018]	1	0
21LGsW7bziR4Ledx7WZ1Wf	Johnny Mathis	['adult standards', 'easy listening']	[2018]	1	1
24DQLSng7bKZD4GXLIaQbv	Percy Faith & His Orchestra	"['easy listening', ""man's orchestra""]"	[2018]	1	1
4RddZ3iHvSpGV4dvATac9X	Papa Roach	['alternative metal', 'nu metal', 'rap metal', 'rap rock', 'rock']	[2018]	1	0
41klVmDluQZmGGqoidNfbe	Blac Youngsta	['memphis hip hop', 'southern hip hop', 'trap']	[2018]	1	1
23zg3TcAtWQy7J6upgbUnj	Usher	['atl hip hop', 'contemporary r&b', 'dance pop', 'pop', 'r&b', 'rap', 'south carolina hip hop', 'urban contemporary']	[2018]	1	1
364zxg83vGTBQNH20dHOJZ	Sylvia Catz	[]	[2018]	1	0
5gw5ANPCVcxU0maLiGRzzP	Billy Raffoul	['canadian pop']	[2018]	1	1
0tmwSHipWxN12fsoLcFU3B	Manuel Turizo	['colombian pop', 'reggaeton', 'reggaeton colombiano', 'trap latino', 'urbano latino']	[2018]	1	1
3MbrazQE12UdSdFunXcft1	Loren Gray	['social media pop']	[2018]	1	0
23DYJsw4uSCguIqiTIDtcN	Southside	['atl hip hop', 'atl trap']	[2018]	1	1
1eMmoIprPDWeFdB1FxU6ZV	Au/Ra	['alt z', 'deep pop edm']	[2018]	1	1
6064pL9Hu3Wx2bwJMeOx6o	Tomine Harket	[]	[2018]	1	1
2ei3ToTz5SL3pVp17X0Vkd	John Lindahl	[]	[2018]	1	1
0cTSCsVx04SSht9V6cpKN0	Mavis Staples	['black americana', 'soul', 'southern soul', 'spirituals']	[2018]	1	1
3gk0OYeLFWYupGFRHqLSR7	Showtek	['classic hardstyle', 'dutch house', 'edm', 'electro house', 'euphoric hardstyle', 'pop dance', 'progressive electro house']	[2018]	1	1
6UE7nl9mha6s8z0wFQFIZ2	Robyn	['dance pop', 'electropop', 'neo-synthpop', 'scandipop', 'swedish electropop', 'swedish pop']	[2018]	1	0
61ipISvUVa5LkJlKZnm3Oo	Alle Farben	['deep euro house', 'german dance']	[2018]	1	1
07FfkbljNIdl45Ijlh1aXS	RHODES	['indie anthem-folk', 'uk pop']	[2018]	1	1
0TnOYISbd1XYRBk9myaseg	Pitbull	['dance pop', 'miami hip hop', 'pop']	[2018]	1	1
0ukgrNYk51TkMQr0f2Br4Q	Maverick Sabre	['irish hip hop']	[2018]	1	1
2uvY5pgdD9t1CZ5zMNw1rl	Lucy Rose	['ambient folk', 'british singer-songwriter']	[2018]	1	1
3Ll0OyHvpoQmGP9TMQAhKV	The RattPack	[]	[2018]	1	1
14rP13jdQNgQvuPA2AkBgm	Glades	['indie electropop', 'indie poptimism', 'metropopolis']	[2018]	1	0
6Z4puj0KYgtcxJrVXKmvBX	Sharaya J	['jersey club', 'new jersey rap']	[2018]	1	1
2HFuviZiAYhouKgvRX0y45	Chantel Jeffries	['kentucky hip hop', 'la pop']	[2018]	1	1
0GeeIVcvGA8GSlWsoY1dkG	Vory	['kentucky hip hop', 'trap soul']	[2018]	1	1
6Kz7MXIUFMtp5Ts91lagtR	Mikolas Josef	['czech pop']	[2018]	1	0
0XSz7OqyhKBKRq4ZU8WpAo	KAMILLE	['uk contemporary r&b']	[2018]	1	1
3t8WiyalpvnB9AObcMufiE	Mahmut Orhan	['turkish deep house', 'turkish edm']	[2018]	1	1
1tmpv57VTq9XG346FRsgqW	Colonel Bagshot	[]	[2018]	1	1
6bwVWdQfr6ttzrGLboVkjg	Paul Rosenberg	[]	[2018]	1	0
5CWAUR5x9ZhY0GllobtRFA	Lili Towny	[]	[2018]	1	0
5XnIjshjqYVE2eDVgSt9Ro	Mel & Kim	[]	[2018]	1	0
6yNUpMlyj2V6fwYFhKjVYE	Lamika Jones	[]	[2018]	1	0
0cWMKnga9a07df4DZa7O5s	Joe Kala	[]	[2018]	1	0
1wvlC6NwleHt1iRD6d5X2C	Foxy Brown	['contemporary r&b', 'east coast hip hop', 'hip pop', 'r&b']	[2018]	1	1
3P7q9NOSBBlSvBuK8DS0hG	Jimmy Assimi	[]	[2018]	1	0
2uFC1dAj5b0YU7vulKNZ0p	Banx & Ranx	['basshall']	[2018]	1	1
5e4Dhzv426EvQe3aDb64jL	Shania Twain	['canadian country', 'canadian pop', 'contemporary country', 'country', 'country dawn']	[2018]	1	1
4eU1y1C4Jxr7eFA56Aivwf	Trifecta	[]	[2018]	1	1
3NB7oCgOzcdYVtdvNIEDep	Jovi Rockwell	[]	[2018]	1	1
11GGtHr91an5mHlOJ4FQnB	Y$K	[]	[2018]	1	1
2slT9pntGW5SzrrV8UxOnw	JonFX	[]	[2018]	1	1
7HV2RI2qNug4EcQqLbCAKS	Keala Settle	['broadway', 'hollywood', 'show tunes']	[2018]	1	1
63nv0hWWDob56Rk8GlNpN8	The Greatest Showman Ensemble	['movie tunes']	[2018]	1	1
3cSTuOCq6sJ8Xhmw3rit7j	Leoni Jut	[]	[2018]	1	0
3ZSbXArE6mxOleJnsumK4u	eAeon	['k-indie', 'korean electropop']	[2018]	1	1
6mzs66iVW15C5iLt0JLt41	ILIRA	['albanian pop']	[2018]	1	0
2OsS8RgsvMnTgDsbWVzzPn	Saara Aalto	['finnish idol pop']	[2018]	1	0
3whuHq0yGx60atvA2RCVRW	Olly Murs	['dance pop', 'pop', 'talent show']	[2018]	1	1
0g9vAlRPK9Gt3FKCekk4TW	Ab-Soul	['conscious hip hop', 'hip hop', 'rap']	[2018]	1	1
5Y5TRrQiqgUO4S36tzjIRZ	Timbaland	['dance pop', 'pop', 'pop rap']	[2018]	1	1
6zI0SwTnwtUWVi3VzWNJHS	Luca Paro	[]	[2018]	1	0
4272d7qBLOM4G54o6a72DX	Tommy Ballisa	[]	[2018]	1	0
5FxshnB3eJ2YDn8xN8zDKq	Hannah Kerr	['anthem worship', 'ccm']	[2018]	1	0
6WkUZyqghQei2G809wMKuZ	Yung Bans	['cloud rap', 'plugg', 'trap', 'underground hip hop']	[2018]	1	1
6ew7qRw24oov125Oly8pFD	The Prince Karma	['house']	[2018]	1	0
3mPc8WGusz2XF3Tvs3AKCR	Carlie Hanson	['alt z']	[2018]	1	0
1eNCEd6e215nNAqkwJ67C1	Justin Jamada	[]	[2018]	1	0
3GtCKJA4SkOxN65MWjm82R	Hot Shade	[]	[2018]	1	1
6lB8vOoI4DRrrVxXwuV19c	Mike Perry	['pop dance', 'swedish tropical house']	[2018]	1	1
7kMyDVBst44rpdogfXhUrk	Karlyn	['dutch pop']	[2018]	1	1
6ueGR6SWhUJfvEhqkvMsVs	Janelle Monáe	['afrofuturism', 'alternative r&b', 'atl hip hop', 'neo soul', 'r&b']	[2018]	1	0
0rvjqX7ttXeg3mTy8Xscbt	Journey	['album rock', 'classic rock', 'hard rock', 'heartland rock', 'mellow gold', 'rock', 'soft rock']	[2018]	1	0
38CvLGTsjtoloDgv3OKQp8	Robinson	['alt z', 'nz pop']	[2018]	1	0
2cFCoDyEaPrw8QVnrDlPKU	Stan Kenton	[]	[2018]	1	0
1ShZZUjkbXCjhwrb18BA8I	Bryce Vine	['indie pop rap']	[2018]	1	0
2TImI3DW7o5MdRXJs4D37h	SOB X RBE	['cali rap']	[2018]	1	0
