artist_1	artist_2	count	song_ids
Dalex	Lenny Tavárez	21	['01SMtfSbJlcxUdJvOofMOx', '0WfoXzTTleO9bHtuQIn5EY', '1ndyl3wJCFs872XZ3ztPk6', '5Id5B3dxJZhPcV9GzgYZZe', '7anSoGdgtmJTAPZBzcPhO6', '1Xnn1TPyr5h0hpRAT4B4EA', '26AmEBn8oQwLpoblS2SBzC', '0RDgqtvOHLwcI6yz9bjsZV', '2qhcTAKmpFNXBEu1FYo69t', '3oCghu20Kto5Xcu8Pg0cit', '34ZngZgo8xicbt1EE8Ob8Z', '0wMs7DPFOnToNAoecvAFQc', '4GGwM2Krtlx9G9ii1RaEOx', '29ShXDWDedEwZkYc8Du08N', '1tpbAGsGpZee5jDHMcLrUJ', '4RjOEjzp0gCCgfCRbCNg5y', '50ZC4PM7hywH27RcCfViau', '7fODjB7BrQTGqh0hogW6XD', '7g8YaUQABMal0zWe7a2ijz', '5stPVcRqb4qixbafP9e8lt', '6KeweE0BlXx3AtjMKhBLaz']
Dalex	Justin Quiles	17	['34ZngZgo8xicbt1EE8Ob8Z', '0wMs7DPFOnToNAoecvAFQc', '5Id5B3dxJZhPcV9GzgYZZe', '4GGwM2Krtlx9G9ii1RaEOx', '7anSoGdgtmJTAPZBzcPhO6', '29ShXDWDedEwZkYc8Du08N', '1Xnn1TPyr5h0hpRAT4B4EA', '19VunfeIrl0bx984mJ810c', '4RjOEjzp0gCCgfCRbCNg5y', '6KeweE0BlXx3AtjMKhBLaz', '0RDgqtvOHLwcI6yz9bjsZV', '7fODjB7BrQTGqh0hogW6XD', '3oCghu20Kto5Xcu8Pg0cit', '0UfVfRSmy4xMyi67LKH5zZ', '1ndyl3wJCFs872XZ3ztPk6', '2r5AwzCIgWw57ZYXuSIji6', '1qym5o53zYbVzQfi8Z64eO']
Justin Quiles	Lenny Tavárez	17	['34ZngZgo8xicbt1EE8Ob8Z', '4RJz8NfIe09gpKMiRUWKhJ', '0wMs7DPFOnToNAoecvAFQc', '5Id5B3dxJZhPcV9GzgYZZe', '4GGwM2Krtlx9G9ii1RaEOx', '7anSoGdgtmJTAPZBzcPhO6', '29ShXDWDedEwZkYc8Du08N', '1Xnn1TPyr5h0hpRAT4B4EA', '4RjOEjzp0gCCgfCRbCNg5y', '6KeweE0BlXx3AtjMKhBLaz', '4RdtVn0XGoKUAtrgtSmild', '4MWb6mltydQn84NrTm7Gpl', '0RDgqtvOHLwcI6yz9bjsZV', '7fODjB7BrQTGqh0hogW6XD', '3oCghu20Kto5Xcu8Pg0cit', '1ndyl3wJCFs872XZ3ztPk6', '2w8SKQCnT2YQK1qCqKl2uW']
Dalex	Sech	16	['34ZngZgo8xicbt1EE8Ob8Z', '6C1jKbkCUgFws7M0M4oGCB', '7g8YaUQABMal0zWe7a2ijz', '0wMs7DPFOnToNAoecvAFQc', '5Id5B3dxJZhPcV9GzgYZZe', '1mF6sMUsRU9MisrdB9qWvg', '7anSoGdgtmJTAPZBzcPhO6', '29ShXDWDedEwZkYc8Du08N', '19VunfeIrl0bx984mJ810c', '4RjOEjzp0gCCgfCRbCNg5y', '6KeweE0BlXx3AtjMKhBLaz', '0RDgqtvOHLwcI6yz9bjsZV', '7fODjB7BrQTGqh0hogW6XD', '3oCghu20Kto5Xcu8Pg0cit', '2r5AwzCIgWw57ZYXuSIji6', '0UfVfRSmy4xMyi67LKH5zZ']
Justin Quiles	Sech	15	['34ZngZgo8xicbt1EE8Ob8Z', '0wMs7DPFOnToNAoecvAFQc', '5Id5B3dxJZhPcV9GzgYZZe', '7anSoGdgtmJTAPZBzcPhO6', '29ShXDWDedEwZkYc8Du08N', '19VunfeIrl0bx984mJ810c', '3cg2Y9mIiYNdcPTLKaQgK3', '4RjOEjzp0gCCgfCRbCNg5y', '7lUdbnz7wsv3C9zzf4WHl9', '6KeweE0BlXx3AtjMKhBLaz', '0RDgqtvOHLwcI6yz9bjsZV', '7fODjB7BrQTGqh0hogW6XD', '3oCghu20Kto5Xcu8Pg0cit', '2r5AwzCIgWw57ZYXuSIji6', '0UfVfRSmy4xMyi67LKH5zZ']
Lenny Tavárez	Sech	12	['34ZngZgo8xicbt1EE8Ob8Z', '0wMs7DPFOnToNAoecvAFQc', '7g8YaUQABMal0zWe7a2ijz', '5Id5B3dxJZhPcV9GzgYZZe', '3CgFFlhanq6n5yTlEoVesJ', '7anSoGdgtmJTAPZBzcPhO6', '29ShXDWDedEwZkYc8Du08N', '4RjOEjzp0gCCgfCRbCNg5y', '6KeweE0BlXx3AtjMKhBLaz', '0RDgqtvOHLwcI6yz9bjsZV', '7fODjB7BrQTGqh0hogW6XD', '3oCghu20Kto5Xcu8Pg0cit']
Arcángel	Myke Towers	12	['4xvTPuwHaXoDM3p0QcY7bH', '4yL2Z0APTcHIE9RJWVfTUt', '4oO8HV1rGgXIGklt8HYjJR', '1aUGxXCz9QimNkKeiJtzZ7', '5E97zd7EDczPvQ6GRNr6y2', '4DAuAtmSJEYoCDR3xpeliX', '64kNRze29YqCFzFEpQCaHQ', '3fhOpwaKobrELFjKLcXHgI', '1QaCsLoKEWVujL3owyyei4', '2LSrYn6Ou5DYNa8Gh8TN5e', '4jpzkaXeIglP7BfyhmtNW9', '6K5BsR04ijf3FHNzjbaagD']
Alfonso Herrera	Anahí	11	['3eo3Dw5OGSWCzJDVHLKE3v', '3hbTkJ0yFzHbawnKyhvTQj', '5sgvzXoYFCr5F5tUZdAA20', '3VlS9yWZ9WkzaePi8oobTj', '56tOMi4N980gmsdUoyaLb3', '7F7qwp7VZRVwZsNoddRRgX', '0bMVCO35RJiUhAfvFsLjIF', '1AO5MeGsWdPLejY47pnYYy', '2RJ1fg4qf2vgZKifTa4HgA', '64mK5Yd0rdGeXVkMFspEyt', '6fqpsCQ7jF7OgQolXgYovX']
Alfonso Herrera	Christian Chávez	11	['3eo3Dw5OGSWCzJDVHLKE3v', '3hbTkJ0yFzHbawnKyhvTQj', '5sgvzXoYFCr5F5tUZdAA20', '3VlS9yWZ9WkzaePi8oobTj', '56tOMi4N980gmsdUoyaLb3', '7F7qwp7VZRVwZsNoddRRgX', '0bMVCO35RJiUhAfvFsLjIF', '1AO5MeGsWdPLejY47pnYYy', '2RJ1fg4qf2vgZKifTa4HgA', '64mK5Yd0rdGeXVkMFspEyt', '6fqpsCQ7jF7OgQolXgYovX']
Alfonso Herrera	Christopher von Uckermann	11	['3eo3Dw5OGSWCzJDVHLKE3v', '3hbTkJ0yFzHbawnKyhvTQj', '5sgvzXoYFCr5F5tUZdAA20', '3VlS9yWZ9WkzaePi8oobTj', '56tOMi4N980gmsdUoyaLb3', '7F7qwp7VZRVwZsNoddRRgX', '0bMVCO35RJiUhAfvFsLjIF', '1AO5MeGsWdPLejY47pnYYy', '2RJ1fg4qf2vgZKifTa4HgA', '64mK5Yd0rdGeXVkMFspEyt', '6fqpsCQ7jF7OgQolXgYovX']
Alfonso Herrera	Dulce María	11	['3eo3Dw5OGSWCzJDVHLKE3v', '3hbTkJ0yFzHbawnKyhvTQj', '5sgvzXoYFCr5F5tUZdAA20', '3VlS9yWZ9WkzaePi8oobTj', '56tOMi4N980gmsdUoyaLb3', '7F7qwp7VZRVwZsNoddRRgX', '0bMVCO35RJiUhAfvFsLjIF', '1AO5MeGsWdPLejY47pnYYy', '2RJ1fg4qf2vgZKifTa4HgA', '64mK5Yd0rdGeXVkMFspEyt', '6fqpsCQ7jF7OgQolXgYovX']
Alfonso Herrera	Maite Perroni	11	['3eo3Dw5OGSWCzJDVHLKE3v', '3hbTkJ0yFzHbawnKyhvTQj', '5sgvzXoYFCr5F5tUZdAA20', '3VlS9yWZ9WkzaePi8oobTj', '56tOMi4N980gmsdUoyaLb3', '7F7qwp7VZRVwZsNoddRRgX', '0bMVCO35RJiUhAfvFsLjIF', '1AO5MeGsWdPLejY47pnYYy', '2RJ1fg4qf2vgZKifTa4HgA', '64mK5Yd0rdGeXVkMFspEyt', '6fqpsCQ7jF7OgQolXgYovX']
Alfonso Herrera	RBD	11	['3eo3Dw5OGSWCzJDVHLKE3v', '3hbTkJ0yFzHbawnKyhvTQj', '5sgvzXoYFCr5F5tUZdAA20', '3VlS9yWZ9WkzaePi8oobTj', '56tOMi4N980gmsdUoyaLb3', '7F7qwp7VZRVwZsNoddRRgX', '0bMVCO35RJiUhAfvFsLjIF', '1AO5MeGsWdPLejY47pnYYy', '2RJ1fg4qf2vgZKifTa4HgA', '64mK5Yd0rdGeXVkMFspEyt', '6fqpsCQ7jF7OgQolXgYovX']
Anahí	Christian Chávez	11	['3eo3Dw5OGSWCzJDVHLKE3v', '3hbTkJ0yFzHbawnKyhvTQj', '5sgvzXoYFCr5F5tUZdAA20', '3VlS9yWZ9WkzaePi8oobTj', '56tOMi4N980gmsdUoyaLb3', '7F7qwp7VZRVwZsNoddRRgX', '0bMVCO35RJiUhAfvFsLjIF', '1AO5MeGsWdPLejY47pnYYy', '2RJ1fg4qf2vgZKifTa4HgA', '64mK5Yd0rdGeXVkMFspEyt', '6fqpsCQ7jF7OgQolXgYovX']
Anahí	Christopher von Uckermann	11	['3eo3Dw5OGSWCzJDVHLKE3v', '3hbTkJ0yFzHbawnKyhvTQj', '5sgvzXoYFCr5F5tUZdAA20', '3VlS9yWZ9WkzaePi8oobTj', '56tOMi4N980gmsdUoyaLb3', '7F7qwp7VZRVwZsNoddRRgX', '0bMVCO35RJiUhAfvFsLjIF', '1AO5MeGsWdPLejY47pnYYy', '2RJ1fg4qf2vgZKifTa4HgA', '64mK5Yd0rdGeXVkMFspEyt', '6fqpsCQ7jF7OgQolXgYovX']
Anahí	Dulce María	11	['3eo3Dw5OGSWCzJDVHLKE3v', '3hbTkJ0yFzHbawnKyhvTQj', '5sgvzXoYFCr5F5tUZdAA20', '3VlS9yWZ9WkzaePi8oobTj', '56tOMi4N980gmsdUoyaLb3', '7F7qwp7VZRVwZsNoddRRgX', '0bMVCO35RJiUhAfvFsLjIF', '1AO5MeGsWdPLejY47pnYYy', '2RJ1fg4qf2vgZKifTa4HgA', '64mK5Yd0rdGeXVkMFspEyt', '6fqpsCQ7jF7OgQolXgYovX']
Anahí	Maite Perroni	11	['3eo3Dw5OGSWCzJDVHLKE3v', '3hbTkJ0yFzHbawnKyhvTQj', '5sgvzXoYFCr5F5tUZdAA20', '3VlS9yWZ9WkzaePi8oobTj', '56tOMi4N980gmsdUoyaLb3', '7F7qwp7VZRVwZsNoddRRgX', '0bMVCO35RJiUhAfvFsLjIF', '1AO5MeGsWdPLejY47pnYYy', '2RJ1fg4qf2vgZKifTa4HgA', '64mK5Yd0rdGeXVkMFspEyt', '6fqpsCQ7jF7OgQolXgYovX']
Anahí	RBD	11	['3eo3Dw5OGSWCzJDVHLKE3v', '3hbTkJ0yFzHbawnKyhvTQj', '5sgvzXoYFCr5F5tUZdAA20', '3VlS9yWZ9WkzaePi8oobTj', '56tOMi4N980gmsdUoyaLb3', '7F7qwp7VZRVwZsNoddRRgX', '0bMVCO35RJiUhAfvFsLjIF', '1AO5MeGsWdPLejY47pnYYy', '2RJ1fg4qf2vgZKifTa4HgA', '64mK5Yd0rdGeXVkMFspEyt', '6fqpsCQ7jF7OgQolXgYovX']
Christian Chávez	Christopher von Uckermann	11	['3eo3Dw5OGSWCzJDVHLKE3v', '3hbTkJ0yFzHbawnKyhvTQj', '5sgvzXoYFCr5F5tUZdAA20', '3VlS9yWZ9WkzaePi8oobTj', '56tOMi4N980gmsdUoyaLb3', '7F7qwp7VZRVwZsNoddRRgX', '0bMVCO35RJiUhAfvFsLjIF', '1AO5MeGsWdPLejY47pnYYy', '2RJ1fg4qf2vgZKifTa4HgA', '64mK5Yd0rdGeXVkMFspEyt', '6fqpsCQ7jF7OgQolXgYovX']
Christian Chávez	Dulce María	11	['3eo3Dw5OGSWCzJDVHLKE3v', '3hbTkJ0yFzHbawnKyhvTQj', '5sgvzXoYFCr5F5tUZdAA20', '3VlS9yWZ9WkzaePi8oobTj', '56tOMi4N980gmsdUoyaLb3', '7F7qwp7VZRVwZsNoddRRgX', '0bMVCO35RJiUhAfvFsLjIF', '1AO5MeGsWdPLejY47pnYYy', '2RJ1fg4qf2vgZKifTa4HgA', '64mK5Yd0rdGeXVkMFspEyt', '6fqpsCQ7jF7OgQolXgYovX']
Christian Chávez	Maite Perroni	11	['3eo3Dw5OGSWCzJDVHLKE3v', '3hbTkJ0yFzHbawnKyhvTQj', '5sgvzXoYFCr5F5tUZdAA20', '3VlS9yWZ9WkzaePi8oobTj', '56tOMi4N980gmsdUoyaLb3', '7F7qwp7VZRVwZsNoddRRgX', '0bMVCO35RJiUhAfvFsLjIF', '1AO5MeGsWdPLejY47pnYYy', '2RJ1fg4qf2vgZKifTa4HgA', '64mK5Yd0rdGeXVkMFspEyt', '6fqpsCQ7jF7OgQolXgYovX']
Christian Chávez	RBD	11	['3eo3Dw5OGSWCzJDVHLKE3v', '3hbTkJ0yFzHbawnKyhvTQj', '5sgvzXoYFCr5F5tUZdAA20', '3VlS9yWZ9WkzaePi8oobTj', '56tOMi4N980gmsdUoyaLb3', '7F7qwp7VZRVwZsNoddRRgX', '0bMVCO35RJiUhAfvFsLjIF', '1AO5MeGsWdPLejY47pnYYy', '2RJ1fg4qf2vgZKifTa4HgA', '64mK5Yd0rdGeXVkMFspEyt', '6fqpsCQ7jF7OgQolXgYovX']
Christopher von Uckermann	Dulce María	11	['3eo3Dw5OGSWCzJDVHLKE3v', '3hbTkJ0yFzHbawnKyhvTQj', '5sgvzXoYFCr5F5tUZdAA20', '3VlS9yWZ9WkzaePi8oobTj', '56tOMi4N980gmsdUoyaLb3', '7F7qwp7VZRVwZsNoddRRgX', '0bMVCO35RJiUhAfvFsLjIF', '1AO5MeGsWdPLejY47pnYYy', '2RJ1fg4qf2vgZKifTa4HgA', '64mK5Yd0rdGeXVkMFspEyt', '6fqpsCQ7jF7OgQolXgYovX']
Christopher von Uckermann	Maite Perroni	11	['3eo3Dw5OGSWCzJDVHLKE3v', '3hbTkJ0yFzHbawnKyhvTQj', '5sgvzXoYFCr5F5tUZdAA20', '3VlS9yWZ9WkzaePi8oobTj', '56tOMi4N980gmsdUoyaLb3', '7F7qwp7VZRVwZsNoddRRgX', '0bMVCO35RJiUhAfvFsLjIF', '1AO5MeGsWdPLejY47pnYYy', '2RJ1fg4qf2vgZKifTa4HgA', '64mK5Yd0rdGeXVkMFspEyt', '6fqpsCQ7jF7OgQolXgYovX']
Christopher von Uckermann	RBD	11	['3eo3Dw5OGSWCzJDVHLKE3v', '3hbTkJ0yFzHbawnKyhvTQj', '5sgvzXoYFCr5F5tUZdAA20', '3VlS9yWZ9WkzaePi8oobTj', '56tOMi4N980gmsdUoyaLb3', '7F7qwp7VZRVwZsNoddRRgX', '0bMVCO35RJiUhAfvFsLjIF', '1AO5MeGsWdPLejY47pnYYy', '2RJ1fg4qf2vgZKifTa4HgA', '64mK5Yd0rdGeXVkMFspEyt', '6fqpsCQ7jF7OgQolXgYovX']
Dulce María	Maite Perroni	11	['3eo3Dw5OGSWCzJDVHLKE3v', '3hbTkJ0yFzHbawnKyhvTQj', '5sgvzXoYFCr5F5tUZdAA20', '3VlS9yWZ9WkzaePi8oobTj', '56tOMi4N980gmsdUoyaLb3', '7F7qwp7VZRVwZsNoddRRgX', '0bMVCO35RJiUhAfvFsLjIF', '1AO5MeGsWdPLejY47pnYYy', '2RJ1fg4qf2vgZKifTa4HgA', '64mK5Yd0rdGeXVkMFspEyt', '6fqpsCQ7jF7OgQolXgYovX']
Dulce María	RBD	11	['3eo3Dw5OGSWCzJDVHLKE3v', '3hbTkJ0yFzHbawnKyhvTQj', '5sgvzXoYFCr5F5tUZdAA20', '3VlS9yWZ9WkzaePi8oobTj', '56tOMi4N980gmsdUoyaLb3', '7F7qwp7VZRVwZsNoddRRgX', '0bMVCO35RJiUhAfvFsLjIF', '1AO5MeGsWdPLejY47pnYYy', '2RJ1fg4qf2vgZKifTa4HgA', '64mK5Yd0rdGeXVkMFspEyt', '6fqpsCQ7jF7OgQolXgYovX']
Maite Perroni	RBD	11	['3eo3Dw5OGSWCzJDVHLKE3v', '3hbTkJ0yFzHbawnKyhvTQj', '5sgvzXoYFCr5F5tUZdAA20', '3VlS9yWZ9WkzaePi8oobTj', '56tOMi4N980gmsdUoyaLb3', '7F7qwp7VZRVwZsNoddRRgX', '0bMVCO35RJiUhAfvFsLjIF', '1AO5MeGsWdPLejY47pnYYy', '2RJ1fg4qf2vgZKifTa4HgA', '64mK5Yd0rdGeXVkMFspEyt', '6fqpsCQ7jF7OgQolXgYovX']
Farruko	Myke Towers	11	['4xvTPuwHaXoDM3p0QcY7bH', '0lCHRVlRZCEyLj3Gkc1nv1', '5KbBGUpIZd6gVFUU8tqYiQ', '2joDqfk2o1beVXlyaX2NoZ', '1aUGxXCz9QimNkKeiJtzZ7', '64kNRze29YqCFzFEpQCaHQ', '4jMwPJMtMF977ciTvD5fwg', '5qRhzFjGqvJN9RSQRFV2J2', '70zg99pT51vB4wlMS7e4q7', '4gChz67rTHfVzKCZAHsifM', '6K5BsR04ijf3FHNzjbaagD']
Feid	Justin Quiles	11	['34ZngZgo8xicbt1EE8Ob8Z', '0wMs7DPFOnToNAoecvAFQc', '5Id5B3dxJZhPcV9GzgYZZe', '7anSoGdgtmJTAPZBzcPhO6', '29ShXDWDedEwZkYc8Du08N', '7lUdbnz7wsv3C9zzf4WHl9', '6KeweE0BlXx3AtjMKhBLaz', '0RDgqtvOHLwcI6yz9bjsZV', '4TOmcZvw0gHa7GiXRbcYAW', '3iQOfefMGDVDwo8dZoco8T', '0UfVfRSmy4xMyi67LKH5zZ']
Chucky73	Fetti031	11	['176XuP4kJPY99EV0y0uLNJ', '18QaYqE6j5HWZX6FrKxPNZ', '1u4K8mJWopNW7HpfGk4bi7', '16bCWkhj7oMMEC2MISg5jw', '3n6NlZTbNbk2dL13F6Nw1p', '4JiityEdayvu6JUF7Zrz8n', '4APF0ZjCmwtx72WaXLQFWg', '5xGtnjJ6eaioRtV6hcHqY0', '5hJS58YhHMHkItokYnSh2q', '0juhyGIwq0o9v8nKfKO5Xh', '4p7uDinmLy8KdGUh8mqsYR']
Feid	Sech	10	['34ZngZgo8xicbt1EE8Ob8Z', '0wMs7DPFOnToNAoecvAFQc', '7g8YaUQABMal0zWe7a2ijz', '5Id5B3dxJZhPcV9GzgYZZe', '7anSoGdgtmJTAPZBzcPhO6', '29ShXDWDedEwZkYc8Du08N', '7lUdbnz7wsv3C9zzf4WHl9', '6KeweE0BlXx3AtjMKhBLaz', '0RDgqtvOHLwcI6yz9bjsZV', '0UfVfRSmy4xMyi67LKH5zZ']
Nicky Jam	Ozuna	10	['3fOcw4ZP2bekIYuw6ymjYo', '29KkQi7wKF6IdOjwU8infb', '4odViYSPthqtubEZHUvXUj', '3V8UKqhEK5zBkBb6d6ub8i', '26NbqlL85qqnsZxJMT6IpZ', '5QXQy0f2q8wJNpPwJtjifx', '3X5M53Xi5k1SijRtZMM3TA', '4PJ3umtW1aWdfh5EITHc6T', '2FK1agZzZzTyxV2CD7ixcP', '4bTZeO72FwMa6wKOiqoynL']
Farruko	Sech	10	['0tJCo71s7HT9Mu5Z4juuLw', '1FDtqX1XWBVkozyGOc07Ry', '4RjOEjzp0gCCgfCRbCNg5y', '35UUpTmrcFXNIVIN26ujXl', '684EjRHwNsZQ9hCQxL4NYL', '4gChz67rTHfVzKCZAHsifM', '7fODjB7BrQTGqh0hogW6XD', '3oCghu20Kto5Xcu8Pg0cit', '6pNjmMB8FTMEcqGSgs7Mji', '6K5BsR04ijf3FHNzjbaagD']
Dalex	Feid	9	['34ZngZgo8xicbt1EE8Ob8Z', '0wMs7DPFOnToNAoecvAFQc', '7g8YaUQABMal0zWe7a2ijz', '5Id5B3dxJZhPcV9GzgYZZe', '7anSoGdgtmJTAPZBzcPhO6', '29ShXDWDedEwZkYc8Du08N', '6KeweE0BlXx3AtjMKhBLaz', '0RDgqtvOHLwcI6yz9bjsZV', '0UfVfRSmy4xMyi67LKH5zZ']
Nicky Jam	Sech	9	['3fOcw4ZP2bekIYuw6ymjYo', '4odViYSPthqtubEZHUvXUj', '7anSoGdgtmJTAPZBzcPhO6', '5QXQy0f2q8wJNpPwJtjifx', '7lUdbnz7wsv3C9zzf4WHl9', '684EjRHwNsZQ9hCQxL4NYL', '26Qhn2T88XqVinXQpmSarj', '7fODjB7BrQTGqh0hogW6XD', '4bTZeO72FwMa6wKOiqoynL']
Darell	Myke Towers	9	['4xvTPuwHaXoDM3p0QcY7bH', '5VImGHyEZhJz7hf0YTTi4t', '4yL2Z0APTcHIE9RJWVfTUt', '2joDqfk2o1beVXlyaX2NoZ', '1aUGxXCz9QimNkKeiJtzZ7', '4o1DxRjMCHDwBiOKv88rOl', '1QaCsLoKEWVujL3owyyei4', '7meQTf97i7gyAzeHTLIytv', '53uKGbcMjEc2gIWbfmvpdS']
Myke Towers	Rauw Alejandro	9	['7meQTf97i7gyAzeHTLIytv', '2B94bbI1a4LyBpK1439oP7', '2tGENA8xef0wABdHvyXwv9', '10u2iOS0r6plfb9GknD7g4', '7ndTONDDRFGiPnnhOzOXxq', '1dt2lHi5RCMPuxz4VxKYgi', '4jpzkaXeIglP7BfyhmtNW9', '53uKGbcMjEc2gIWbfmvpdS', '7LE1K0lZyRFZjSlrnm7lfD']
Arcángel	De La Ghetto	8	['3fjGgq6FEwGcIZfWx9W6ez', '4yL2Z0APTcHIE9RJWVfTUt', '3pnpENd2PXAKuetjLIylEr', '4cno0k9jDEFpLAQyHNjqVx', '6y48CWvkPuR1krQ4mZiqZc', '5E97zd7EDczPvQ6GRNr6y2', '6qmi7bapPoaIr0riLzoo29', '4vjVdfdBHnUiaFCcUa3gfn']
Chael Produciendo	El Alfa	8	['4OiQdjeghmXFxALStZ7Bpc', '1VDSBoi7eGLGxh10nVHUfN', '2hwzXM3cG8re45lAF7DToP', '4QfZYDhGZc0T2RDvGiI69E', '5uAe6AXcN2SEOcOAy0Txkh', '2UWBxYXPZa5j90pazGkEL1', '7gPRIgwzddQ7jga1sBQtJ6', '7tZ3d59BG8yFc5P68R5XXk']
Feid	Lenny Tavárez	8	['34ZngZgo8xicbt1EE8Ob8Z', '0wMs7DPFOnToNAoecvAFQc', '7g8YaUQABMal0zWe7a2ijz', '5Id5B3dxJZhPcV9GzgYZZe', '29ShXDWDedEwZkYc8Du08N', '7anSoGdgtmJTAPZBzcPhO6', '6KeweE0BlXx3AtjMKhBLaz', '0RDgqtvOHLwcI6yz9bjsZV']
Anuel AA	Ozuna	8	['3jbT1Y5MoPwEIpZndDDwVq', '37zdqI4r1gswIzczSBkRon', '7mWFF4gPADjTQjC97CgFVt', '2f237byd0A2w0fLlnVDOV4', '3cg9A9GVyZAT2CPevqWr65', '2ksOAxtIxY8yElEWw8RhgK', '4bTZeO72FwMa6wKOiqoynL', '0KkIkfsLEJbrcIhYsCL7L5']
Darell	Nicky Jam	8	['3fOcw4ZP2bekIYuw6ymjYo', '4odViYSPthqtubEZHUvXUj', '3V8UKqhEK5zBkBb6d6ub8i', '5QXQy0f2q8wJNpPwJtjifx', '4lzxJ4jCuFDXXGkE1LmpKR', '23eecknvvR5iFTcuS9Dkfd', '3X5M53Xi5k1SijRtZMM3TA', '4bTZeO72FwMa6wKOiqoynL']
Ozuna	Sech	8	['3fOcw4ZP2bekIYuw6ymjYo', '4odViYSPthqtubEZHUvXUj', '2aGN6PplBq0xigh2lmqLbw', '5QXQy0f2q8wJNpPwJtjifx', '6Y4PDQv4XjYjHLeLmvyOt0', '2z1ACAitQVTvo1ynh7EtAd', '4bTZeO72FwMa6wKOiqoynL', '6pNjmMB8FTMEcqGSgs7Mji']
DJ Luian	Mambo Kingz	8	['6C1RD7YQVvt3YQj0CmuTeu', '4xvTPuwHaXoDM3p0QcY7bH', '4lzxJ4jCuFDXXGkE1LmpKR', '7dNwJbsT0sg1le5kVugGJb', '6NSMQFKgjpQb0KkjMDYIK0', '5J64qSSq0VZuh0CiI9o9Nq', '7rwX0O3RlxqqIjQM8evm5E', '203uubEQA07to1kbro35qQ']
Dalex	Rich Music LTD	7	['34ZngZgo8xicbt1EE8Ob8Z', '0wMs7DPFOnToNAoecvAFQc', '5Id5B3dxJZhPcV9GzgYZZe', '29ShXDWDedEwZkYc8Du08N', '6KeweE0BlXx3AtjMKhBLaz', '0RDgqtvOHLwcI6yz9bjsZV', '1qym5o53zYbVzQfi8Z64eO']
Justin Quiles	Rich Music LTD	7	['34ZngZgo8xicbt1EE8Ob8Z', '0wMs7DPFOnToNAoecvAFQc', '5Id5B3dxJZhPcV9GzgYZZe', '29ShXDWDedEwZkYc8Du08N', '6KeweE0BlXx3AtjMKhBLaz', '0RDgqtvOHLwcI6yz9bjsZV', '1qym5o53zYbVzQfi8Z64eO']
Arcángel	Sech	7	['1Adwhpmwhz1CSi7E7QTwIC', '1UHcnP31sAKOJFrEnyRNUz', '4Pu0a2TuHOYtI4CCE3HEXI', '3yoDVeVWIPSuH1IolXKA0X', '7sQKy5vlPQllr0k9IjYJv3', '5HokHzcT1yQtsy7lLagEiA', '6K5BsR04ijf3FHNzjbaagD']
Lenny Tavárez	Rauw Alejandro	7	['3oCghu20Kto5Xcu8Pg0cit', '4RjOEjzp0gCCgfCRbCNg5y', '50ZC4PM7hywH27RcCfViau', '7meQTf97i7gyAzeHTLIytv', '53uKGbcMjEc2gIWbfmvpdS', '47ZS1OjnJpJVfGN9yHXfMn', '3dEtfTtCXWW7N8WQ9FD29z']
J Balvin	Ozuna	7	['3fOcw4ZP2bekIYuw6ymjYo', '4odViYSPthqtubEZHUvXUj', '7mWFF4gPADjTQjC97CgFVt', '5QXQy0f2q8wJNpPwJtjifx', '5y7DaS3jAc9eZzcSOoUIwU', '2ksOAxtIxY8yElEWw8RhgK', '0KkIkfsLEJbrcIhYsCL7L5']
DJ Nelson	Jay Wheeler	7	['1mrQYY0NATPCe7WOYcCKf1', '6pLcaMkr9zB9nVMqe7sToa', '00nvL9u5K8jEJ6TSxGdtPK', '4HYDUMY0xSpeBr0AMY9cUz', '4gu6Akv9Q755ArkE1Vq4rG', '5E97zd7EDczPvQ6GRNr6y2', '7LE1K0lZyRFZjSlrnm7lfD']
Arcángel	Farruko	7	['6C1RD7YQVvt3YQj0CmuTeu', '4xvTPuwHaXoDM3p0QcY7bH', '1Z5OpewMdjSaSolEvlydqB', '1aUGxXCz9QimNkKeiJtzZ7', '64kNRze29YqCFzFEpQCaHQ', '50NSK5HiSoT4Lh2pyJ6Pd7', '6K5BsR04ijf3FHNzjbaagD']
El Alfa	Farruko	7	['0lCHRVlRZCEyLj3Gkc1nv1', '0NMfbBpDkMp4WnAOnRFoiw', '2joDqfk2o1beVXlyaX2NoZ', '7E5Auner2DXPjnIyJELlyJ', '64kNRze29YqCFzFEpQCaHQ', '5qRhzFjGqvJN9RSQRFV2J2', '5uKQXohrZ8PJgkApg1QYde']
Dalex	Farruko	7	['4njUNpwjkrcV4AirMBsLJx', '4GGwM2Krtlx9G9ii1RaEOx', '1Xnn1TPyr5h0hpRAT4B4EA', '4RjOEjzp0gCCgfCRbCNg5y', '7fODjB7BrQTGqh0hogW6XD', '3oCghu20Kto5Xcu8Pg0cit', '1ndyl3wJCFs872XZ3ztPk6']
Farruko	Justin Quiles	7	['0lCHRVlRZCEyLj3Gkc1nv1', '4GGwM2Krtlx9G9ii1RaEOx', '1Xnn1TPyr5h0hpRAT4B4EA', '4RjOEjzp0gCCgfCRbCNg5y', '7fODjB7BrQTGqh0hogW6XD', '3oCghu20Kto5Xcu8Pg0cit', '1ndyl3wJCFs872XZ3ztPk6']
Dalex	Dímelo Flow	7	['01SMtfSbJlcxUdJvOofMOx', '1qym5o53zYbVzQfi8Z64eO', '5stPVcRqb4qixbafP9e8lt', '4RjOEjzp0gCCgfCRbCNg5y', '50ZC4PM7hywH27RcCfViau', '3oCghu20Kto5Xcu8Pg0cit', '0UfVfRSmy4xMyi67LKH5zZ']
Bad Bunny	J Balvin	6	['25ZAibhr3bdlMCLmubZDVt', '0EhpEsp4L0oRGM0vmeaN5e', '0fea68AdmYNygeTGI4RC18', '7hynhxDoDpgMIV12JuVtNa', '4R8BJggjosTswLxtkw8V7P', '58q2HKrzhC3ozto2nDdN4z']
Feid	Rich Music LTD	6	['34ZngZgo8xicbt1EE8Ob8Z', '0wMs7DPFOnToNAoecvAFQc', '5Id5B3dxJZhPcV9GzgYZZe', '29ShXDWDedEwZkYc8Du08N', '6KeweE0BlXx3AtjMKhBLaz', '0RDgqtvOHLwcI6yz9bjsZV']
Lenny Tavárez	Rich Music LTD	6	['34ZngZgo8xicbt1EE8Ob8Z', '0wMs7DPFOnToNAoecvAFQc', '5Id5B3dxJZhPcV9GzgYZZe', '29ShXDWDedEwZkYc8Du08N', '6KeweE0BlXx3AtjMKhBLaz', '0RDgqtvOHLwcI6yz9bjsZV']
Rich Music LTD	Sech	6	['34ZngZgo8xicbt1EE8Ob8Z', '0wMs7DPFOnToNAoecvAFQc', '5Id5B3dxJZhPcV9GzgYZZe', '29ShXDWDedEwZkYc8Du08N', '6KeweE0BlXx3AtjMKhBLaz', '0RDgqtvOHLwcI6yz9bjsZV']
Casper Magico	Nio Garcia	6	['3V8UKqhEK5zBkBb6d6ub8i', '2hwzXM3cG8re45lAF7DToP', '3X5M53Xi5k1SijRtZMM3TA', '2etJ67Egf7woMgOikVrlJM', '7meQTf97i7gyAzeHTLIytv', '53uKGbcMjEc2gIWbfmvpdS']
Darell	Ozuna	6	['3fOcw4ZP2bekIYuw6ymjYo', '4odViYSPthqtubEZHUvXUj', '3V8UKqhEK5zBkBb6d6ub8i', '5QXQy0f2q8wJNpPwJtjifx', '3X5M53Xi5k1SijRtZMM3TA', '4bTZeO72FwMa6wKOiqoynL']
Myke Towers	Ozuna	6	['0yT1kAnaaxPG0gM2my3w32', '2tGENA8xef0wABdHvyXwv9', '67jvGGbJmOmVonlyX3mNkV', '3fhOpwaKobrELFjKLcXHgI', '2uu2aGqA2UblCg581Q7l1g', '4DAuAtmSJEYoCDR3xpeliX']
J Balvin	Sech	6	['3fOcw4ZP2bekIYuw6ymjYo', '4odViYSPthqtubEZHUvXUj', '5QXQy0f2q8wJNpPwJtjifx', '7lUdbnz7wsv3C9zzf4WHl9', '35UUpTmrcFXNIVIN26ujXl', '5zj8WNkBrEzlI5FKeYV4ol']
Arcángel	Darell	6	['4xvTPuwHaXoDM3p0QcY7bH', '4yL2Z0APTcHIE9RJWVfTUt', '7B7NxUQL8uX7l8WRzmcUFB', '1aUGxXCz9QimNkKeiJtzZ7', '23eecknvvR5iFTcuS9Dkfd', '1QaCsLoKEWVujL3owyyei4']
El Alfa	Myke Towers	6	['0lCHRVlRZCEyLj3Gkc1nv1', '2joDqfk2o1beVXlyaX2NoZ', '0BvhrGwe5MtFFf9gMIeWbp', '64kNRze29YqCFzFEpQCaHQ', '5qRhzFjGqvJN9RSQRFV2J2', '047WmwIeerHyIUstFAEz5A']
Farruko	Lenny Tavárez	6	['4GGwM2Krtlx9G9ii1RaEOx', '1Xnn1TPyr5h0hpRAT4B4EA', '4RjOEjzp0gCCgfCRbCNg5y', '7fODjB7BrQTGqh0hogW6XD', '3oCghu20Kto5Xcu8Pg0cit', '1ndyl3wJCFs872XZ3ztPk6']
Anuel AA	Farruko	6	['5p3JJehpKHjr9pJT5eD2Lz', '7mWFF4gPADjTQjC97CgFVt', '0A37XY67wSdGqkGjtfW6aV', '4RjOEjzp0gCCgfCRbCNg5y', '3TqLIW3qd4qFYkfYsBjVN6', '3oCghu20Kto5Xcu8Pg0cit']
Darell	Sech	5	['3fOcw4ZP2bekIYuw6ymjYo', '4odViYSPthqtubEZHUvXUj', '1Ej96GIBCTvgH7tNX1r3qr', '5QXQy0f2q8wJNpPwJtjifx', '4bTZeO72FwMa6wKOiqoynL']
Dímelo Flow	Sech	5	['4RjOEjzp0gCCgfCRbCNg5y', '7sQKy5vlPQllr0k9IjYJv3', '684EjRHwNsZQ9hCQxL4NYL', '3oCghu20Kto5Xcu8Pg0cit', '0UfVfRSmy4xMyi67LKH5zZ']
Anuel AA	Daddy Yankee	5	['7mWFF4gPADjTQjC97CgFVt', '3kml9ZdpT7UYk1ugkjqOzt', '6MJUCumnQsQEKbCy28tbCP', '2ksOAxtIxY8yElEWw8RhgK', '0KkIkfsLEJbrcIhYsCL7L5']
Ozuna	Wisin	5	['5bDNU3Z4OOT2FeMxtbl8Kq', '3fhOpwaKobrELFjKLcXHgI', '4Vpwf76uBHswSRhhpg0llh', '4DAuAtmSJEYoCDR3xpeliX', '7rwX0O3RlxqqIjQM8evm5E']
DJ Snake	Ozuna	5	['3fOcw4ZP2bekIYuw6ymjYo', '4odViYSPthqtubEZHUvXUj', '0iQmZXv7e8EHcmJmHpZX3o', '5QXQy0f2q8wJNpPwJtjifx', '0KoiMHhqKLoL4xM54rcWYY']
Anuel AA	KAROL G	5	['5W83ErFkO3aKAIS1WMi6u0', '2w1rq80FIrbxeJy9WYURxw', '5J64qSSq0VZuh0CiI9o9Nq', '2ksOAxtIxY8yElEWw8RhgK', '0KkIkfsLEJbrcIhYsCL7L5']
Brray	Myke Towers	5	['6bvfJf4KjonPMuPfGfy3S2', '1mohfLaTJtB2RplHLQVM70', '1QaCsLoKEWVujL3owyyei4', '5E97zd7EDczPvQ6GRNr6y2', '5TzNnusUqaXFS0rAhlkkUa']
Jhayco	Myke Towers	5	['2kvGoSGHWI0uvjJlooy1AQ', '4yL2Z0APTcHIE9RJWVfTUt', '4mKa1LcRNQILp6xSr9s1S0', '1QaCsLoKEWVujL3owyyei4', '7LE1K0lZyRFZjSlrnm7lfD']
Arcángel	Ozuna	5	['6C1RD7YQVvt3YQj0CmuTeu', '29KkQi7wKF6IdOjwU8infb', '3fhOpwaKobrELFjKLcXHgI', '4DAuAtmSJEYoCDR3xpeliX', '17DggX0uy1ocWbawGpop4J']
Arcángel	Ñengo Flow	5	['6C1RD7YQVvt3YQj0CmuTeu', '1aUGxXCz9QimNkKeiJtzZ7', '1QaCsLoKEWVujL3owyyei4', '1H5lWEFTSW6p5IgZ4ywn7t', '4jpzkaXeIglP7BfyhmtNW9']
Farruko	NATTI NATASHA	5	['6nGM44ZP7vSo0istUW2MOq', '4GGwM2Krtlx9G9ii1RaEOx', '1Xnn1TPyr5h0hpRAT4B4EA', '0A37XY67wSdGqkGjtfW6aV', '1ndyl3wJCFs872XZ3ztPk6']
Anuel AA	Rauw Alejandro	5	['4loQgPwJHocL3dFwLfjb1J', '0A37XY67wSdGqkGjtfW6aV', '4RjOEjzp0gCCgfCRbCNg5y', '3oCghu20Kto5Xcu8Pg0cit', '7r9ZhitdQBONTFOiJW5mr8']
Dímelo Flow	Lenny Tavárez	5	['01SMtfSbJlcxUdJvOofMOx', '5stPVcRqb4qixbafP9e8lt', '4RjOEjzp0gCCgfCRbCNg5y', '50ZC4PM7hywH27RcCfViau', '3oCghu20Kto5Xcu8Pg0cit']
Farruko	Rauw Alejandro	5	['6qqd7DGn2VXzxsR4k3Ycun', '0A37XY67wSdGqkGjtfW6aV', '4RjOEjzp0gCCgfCRbCNg5y', '3oCghu20Kto5Xcu8Pg0cit', '6mAN61JH0dzyZpWslS11jy']
Arcángel	Bad Bunny	4	['4z6wo6PJG4Fve45OXK6D9m', '0fgsKar6uBO08vzHXkTjWi', '6C1RD7YQVvt3YQj0CmuTeu', '6NSMQFKgjpQb0KkjMDYIK0']
Daddy Yankee	Ozuna	4	['0wkr4KqObqC55h4U9wqwKn', '7mWFF4gPADjTQjC97CgFVt', '2ksOAxtIxY8yElEWw8RhgK', '0KkIkfsLEJbrcIhYsCL7L5']
Drake	Future	4	['1K5KBOgreBi5fkEHvg5ap3', '5fHrHoJKfCgBd35zwIBmUK', '7eYAHC0RbBF9eaqWzT34Aq', '5yY9lUy8nbvjM1Uyo1Uqoc']
Dalex	Rauw Alejandro	4	['74j34STf8L6uADnTN69ohv', '4RjOEjzp0gCCgfCRbCNg5y', '50ZC4PM7hywH27RcCfViau', '3oCghu20Kto5Xcu8Pg0cit']
Lyanno	Rauw Alejandro	4	['74j34STf8L6uADnTN69ohv', '47ZS1OjnJpJVfGN9yHXfMn', '0LJxgVwQXjsdrxfyNmRuYg', '3dEtfTtCXWW7N8WQ9FD29z']
Darell	NATTI NATASHA	4	['3fOcw4ZP2bekIYuw6ymjYo', '4odViYSPthqtubEZHUvXUj', '5VImGHyEZhJz7hf0YTTi4t', '5QXQy0f2q8wJNpPwJtjifx']
El Alfa	Kiko el Crazy	4	['7E5Auner2DXPjnIyJELlyJ', '2fiNbfoUP150yrZom2xdgA', '6RZml1KyHkEaCSV7VaeQHY', '5uAe6AXcN2SEOcOAy0Txkh']
Black Eyed Peas	J. Rey Soul	4	['14wf185UxfNbSy8dwt4r4q', '04YutdH0j1INpsva3gOipt', '2g1ukx0VolwI31t8z5vprw', '24IgCW19L8lXKyFZwzFtD3']
Black Eyed Peas	Ozuna	4	['14wf185UxfNbSy8dwt4r4q', '04YutdH0j1INpsva3gOipt', '2g1ukx0VolwI31t8z5vprw', '24IgCW19L8lXKyFZwzFtD3']
J. Rey Soul	Ozuna	4	['14wf185UxfNbSy8dwt4r4q', '04YutdH0j1INpsva3gOipt', '2g1ukx0VolwI31t8z5vprw', '24IgCW19L8lXKyFZwzFtD3']
Bad Bunny	Ozuna	4	['6C1RD7YQVvt3YQj0CmuTeu', '3X5M53Xi5k1SijRtZMM3TA', '3V8UKqhEK5zBkBb6d6ub8i', '7rwX0O3RlxqqIjQM8evm5E']
Casper Magico	Darell	4	['7meQTf97i7gyAzeHTLIytv', '53uKGbcMjEc2gIWbfmvpdS', '3V8UKqhEK5zBkBb6d6ub8i', '3X5M53Xi5k1SijRtZMM3TA']
Darell	Nio Garcia	4	['7meQTf97i7gyAzeHTLIytv', '53uKGbcMjEc2gIWbfmvpdS', '3V8UKqhEK5zBkBb6d6ub8i', '3X5M53Xi5k1SijRtZMM3TA']
KAROL G	Ozuna	4	['2uu2aGqA2UblCg581Q7l1g', '2ksOAxtIxY8yElEWw8RhgK', '0KkIkfsLEJbrcIhYsCL7L5', '67jvGGbJmOmVonlyX3mNkV']
Lenny Tavárez	Myke Towers	4	['7meQTf97i7gyAzeHTLIytv', '53uKGbcMjEc2gIWbfmvpdS', '57Ba26w9eoXx8BBUNgRNLV', '6t94PGXYAuo9GbJEnMpPcW']
Myke Towers	Nio Garcia	4	['7meQTf97i7gyAzeHTLIytv', '53uKGbcMjEc2gIWbfmvpdS', '6bvfJf4KjonPMuPfGfy3S2', '1mohfLaTJtB2RplHLQVM70']
Black Eyed Peas	El Alfa	4	['1clKJlcPmm4BY9TkXKQxso', '6cqMhyqbRd5czXw2TfEVpB', '5ml2VU0XlKNwtxZP3kHKqt', '1s5WVRVWsjCkjNm5a865nx']
Farruko	Zion	4	['5p3JJehpKHjr9pJT5eD2Lz', '1ndyl3wJCFs872XZ3ztPk6', '6K5BsR04ijf3FHNzjbaagD', '684EjRHwNsZQ9hCQxL4NYL']
Sech	Zion	4	['5Id5B3dxJZhPcV9GzgYZZe', '6K5BsR04ijf3FHNzjbaagD', '684EjRHwNsZQ9hCQxL4NYL', '0UfVfRSmy4xMyi67LKH5zZ']
Arcángel	Eladio Carrion	4	['4vjVdfdBHnUiaFCcUa3gfn', '0aKzRWY1bFx55D7oSwzhCk', '3pnpENd2PXAKuetjLIylEr', '03Yyzbk18DAz4d4Jxwl1tm']
Daddy Yankee	J Balvin	4	['7mWFF4gPADjTQjC97CgFVt', '35UUpTmrcFXNIVIN26ujXl', '2ksOAxtIxY8yElEWw8RhgK', '0KkIkfsLEJbrcIhYsCL7L5']
NATTI NATASHA	Nicky Jam	4	['3fOcw4ZP2bekIYuw6ymjYo', '4odViYSPthqtubEZHUvXUj', '5QXQy0f2q8wJNpPwJtjifx', '203uubEQA07to1kbro35qQ']
DJ Snake	J Balvin	4	['3fOcw4ZP2bekIYuw6ymjYo', '4odViYSPthqtubEZHUvXUj', '6osaMSJh9NguagEDQcZaKx', '5QXQy0f2q8wJNpPwJtjifx']
J Balvin	Nicky Jam	4	['3fOcw4ZP2bekIYuw6ymjYo', '4odViYSPthqtubEZHUvXUj', '7lUdbnz7wsv3C9zzf4WHl9', '5QXQy0f2q8wJNpPwJtjifx']
Arcángel	DJ Luian	4	['5J64qSSq0VZuh0CiI9o9Nq', '4xvTPuwHaXoDM3p0QcY7bH', '6C1RD7YQVvt3YQj0CmuTeu', '6NSMQFKgjpQb0KkjMDYIK0']
Arcángel	Mambo Kingz	4	['5J64qSSq0VZuh0CiI9o9Nq', '4xvTPuwHaXoDM3p0QcY7bH', '6C1RD7YQVvt3YQj0CmuTeu', '6NSMQFKgjpQb0KkjMDYIK0']
Camilo	Mau y Ricky	4	['56f5qnyAlZdlz8wrUDA50h', '2EEmzqzM70CybVspgM7YRT', '7AjcJrynzHWlawo87kafY2', '0UQwlF2pRkr1lMN6kNNUj3']
Arcángel	Gigolo Y La Exce	4	['64kNRze29YqCFzFEpQCaHQ', '6OJMAvUma1leBbZwQirfZY', '1Adwhpmwhz1CSi7E7QTwIC', '25IPptA8jtbRxCaOnIj47I']
Juanka	Myke Towers	4	['3fhOpwaKobrELFjKLcXHgI', '4DAuAtmSJEYoCDR3xpeliX', '6bvfJf4KjonPMuPfGfy3S2', '1mohfLaTJtB2RplHLQVM70']
Jay Wheeler	Myke Towers	4	['4HYDUMY0xSpeBr0AMY9cUz', '7LE1K0lZyRFZjSlrnm7lfD', '5E97zd7EDczPvQ6GRNr6y2', '4gChz67rTHfVzKCZAHsifM']
Lunay	Myke Towers	4	['0OoqRZXnSrgIUAha3iLKG1', '1QaCsLoKEWVujL3owyyei4', '7LE1K0lZyRFZjSlrnm7lfD', '2tGENA8xef0wABdHvyXwv9']
Los Vecinos	Milly Quezada	4	['4D1SzLFMUgUkxbPZxSPmSB', '20js1xS9eDxHcHVoVQASPO', '5LFr8YUDSNdYHG3Bm6Wlp8', '5GvmR9ZqUhjyyCf0fdsUCm']
Bulin 47	Ceky Viciny	4	['68QTlXvLrJp3wtP57QSjfg', '1xnkJ7O4Sz7D6vxPyjZkQt', '01RS0CVZSmL5tZrESa3mJa', '5YnqNIcBAA8FvL3AUnmltp']
Arcángel	El Alfa	4	['64kNRze29YqCFzFEpQCaHQ', '29KkQi7wKF6IdOjwU8infb', '217RE2TUIVqJCB6pg3nIhx', '23eecknvvR5iFTcuS9Dkfd']
Anuel AA	J Balvin	4	['7mWFF4gPADjTQjC97CgFVt', '3qM0vBxIe4VUbK0Z0smuVP', '2ksOAxtIxY8yElEWw8RhgK', '0KkIkfsLEJbrcIhYsCL7L5']
Myke Towers	Sech	4	['047WmwIeerHyIUstFAEz5A', '4gChz67rTHfVzKCZAHsifM', '6K5BsR04ijf3FHNzjbaagD', '3RGg9W1OyEiRMwu1Qi45dW']
Justin Quiles	NATTI NATASHA	4	['1Xnn1TPyr5h0hpRAT4B4EA', '1ndyl3wJCFs872XZ3ztPk6', '7FhopXtl9z9YtD9NwUf9ss', '4GGwM2Krtlx9G9ii1RaEOx']
Myke Towers	Ñengo Flow	4	['4jpzkaXeIglP7BfyhmtNW9', '1aUGxXCz9QimNkKeiJtzZ7', '1QaCsLoKEWVujL3owyyei4', '5TzNnusUqaXFS0rAhlkkUa']
Lenny Tavárez	Rafa Pabön	4	['6t94PGXYAuo9GbJEnMpPcW', '57Ba26w9eoXx8BBUNgRNLV', '7g8YaUQABMal0zWe7a2ijz', '7anSoGdgtmJTAPZBzcPhO6']
Bad Bunny	Jhayco	4	['4R8BJggjosTswLxtkw8V7P', '4MzXwWMhyBbmu6hOcLVD49', '47EiUVwUp4C9fGccaPuUCS', '2tFwfmceQa1Y6nRPhYbEtC']
Dímelo Flow	Justin Quiles	4	['3oCghu20Kto5Xcu8Pg0cit', '4RjOEjzp0gCCgfCRbCNg5y', '0UfVfRSmy4xMyi67LKH5zZ', '1qym5o53zYbVzQfi8Z64eO']
Myke Towers	Wisin	4	['3fhOpwaKobrELFjKLcXHgI', '4xvTPuwHaXoDM3p0QcY7bH', '2bgcUk2A3jjKbCJ7KPquTi', '4DAuAtmSJEYoCDR3xpeliX']
La Perversa	Nino Freestyle	3	['7fUzV7e8DEZWlNGmT4NJi4', '3OOj8RSzHnZFtom9GtGYz6', '5hs4pAUNlnTTYxtgem6GLK']
Rauw Alejandro	Sech	3	['2ISzmtY9Exy1IwmJj3Hc7P', '4RjOEjzp0gCCgfCRbCNg5y', '3oCghu20Kto5Xcu8Pg0cit']
Myke Towers	Zion & Lennox	3	['5E97zd7EDczPvQ6GRNr6y2', '4o1DxRjMCHDwBiOKv88rOl', '4YqeXl57vJDYuEdcOL1vRD']
Bad Bunny	Drake	3	['6WGTfHSQtUcEx5vgpxTLCs', '116H0KvKr2Zl4RPuVBruDO', '6RbH4isVKIOg1OY1HvRqFc']
Ozuna	Romeo Santos	3	['7uYgVgRSgqluZclLS7wpp4', '1h9P5WJwyvK8OB7O2YiXgp', '1WbXIpiGBJkCiv3hn40iPB']
Anuel AA	Myke Towers	3	['1kIWef5hc2uAqkNxOTakzP', '6bvfJf4KjonPMuPfGfy3S2', '1mohfLaTJtB2RplHLQVM70']
Myke Towers	NATTI NATASHA	3	['5VImGHyEZhJz7hf0YTTi4t', '1kIWef5hc2uAqkNxOTakzP', '203uubEQA07to1kbro35qQ']
Anuel AA	Bad Bunny	3	['4saHEjXw7O1NXJOzBkUKKG', '6NfC2FKfsfzuLIF4lThw0A', '06s3QtMJVXw1AJX3UfvZG1']
Jhayco	Lunay	3	['7LE1K0lZyRFZjSlrnm7lfD', '1QaCsLoKEWVujL3owyyei4', '3YLbntjcsRoButdoVta3rq']
Chencho Corleone	Rauw Alejandro	3	['74j34STf8L6uADnTN69ohv', '4SJHHpKhcuXwDsCsPqshXj', '2tGENA8xef0wABdHvyXwv9']
Myke Towers	Yandel	3	['5VImGHyEZhJz7hf0YTTi4t', '1OW47kPsWJfvhcQ7V7XwhC', '0BvhrGwe5MtFFf9gMIeWbp']
Ceky Viciny	El Cherry Scom	3	['0ixOy4DRchDtQfM5HAfEdq', '2cmZYRTZDi1qyy93Nfl7sY', '1OgZJJNUjN3FFbdTrkG2WH']
Anuel AA	Kendo Kaponi	3	['0YbXuCsQwrsh5x0hgnED6z', '3TqLIW3qd4qFYkfYsBjVN6', '3kml9ZdpT7UYk1ugkjqOzt']
Black Jonas Point	"Secreto ""El Famoso Biberon"""	3	['0xsAtU9TemtJgyVnlDNWo3', '3DyiAk1BzIF8rq9rimypG4', '6jsivlh92jvLfF5EcQThXb']
Bad Bunny	Nicky Jam	3	['3X5M53Xi5k1SijRtZMM3TA', '3V8UKqhEK5zBkBb6d6ub8i', '5bmSver2b3ZXyuyLKtgnFI']
Farruko	Lunay	3	['0A37XY67wSdGqkGjtfW6aV', '6pNjmMB8FTMEcqGSgs7Mji', '684EjRHwNsZQ9hCQxL4NYL']
Farruko	Ozuna	3	['6C1RD7YQVvt3YQj0CmuTeu', '7mWFF4gPADjTQjC97CgFVt', '6pNjmMB8FTMEcqGSgs7Mji']
Lunay	Ozuna	3	['6pNjmMB8FTMEcqGSgs7Mji', '2tGENA8xef0wABdHvyXwv9', '37zdqI4r1gswIzczSBkRon']
Black Eyed Peas	J Balvin	3	['5NyS3oxTlos3Agl2YtZwrC', '6cy3ki60hLwimwIje7tALf', '4NCsrTzgVfsDo8nWyP8PPc']
Ceky Viciny	Rochy RD	3	['0ixOy4DRchDtQfM5HAfEdq', '5x7X7BSxoMM7ZGGkACw5Ag', '1OgZJJNUjN3FFbdTrkG2WH']
Dímelo Flow	Farruko	3	['3oCghu20Kto5Xcu8Pg0cit', '4RjOEjzp0gCCgfCRbCNg5y', '684EjRHwNsZQ9hCQxL4NYL']
Manuel Turizo	Rauw Alejandro	3	['2SdwRMzLw1vKClRinPqtuU', '4s45VgkknMFkdiGoUcjxQU', '7ndTONDDRFGiPnnhOzOXxq']
Don Toliver	Gunna	3	['2DQNYMRjisN3KAPj1bEwOI', '4EZ1JcbxfbVwuQRDJFUrzK', '7hxHWCCAIIxFLCzvDgnQHX']
Don Toliver	Internet Money	3	['2DQNYMRjisN3KAPj1bEwOI', '4EZ1JcbxfbVwuQRDJFUrzK', '7hxHWCCAIIxFLCzvDgnQHX']
Don Toliver	NAV	3	['2DQNYMRjisN3KAPj1bEwOI', '4EZ1JcbxfbVwuQRDJFUrzK', '7hxHWCCAIIxFLCzvDgnQHX']
Gunna	Internet Money	3	['2DQNYMRjisN3KAPj1bEwOI', '4EZ1JcbxfbVwuQRDJFUrzK', '7hxHWCCAIIxFLCzvDgnQHX']
Gunna	NAV	3	['2DQNYMRjisN3KAPj1bEwOI', '4EZ1JcbxfbVwuQRDJFUrzK', '7hxHWCCAIIxFLCzvDgnQHX']
Internet Money	NAV	3	['2DQNYMRjisN3KAPj1bEwOI', '4EZ1JcbxfbVwuQRDJFUrzK', '7hxHWCCAIIxFLCzvDgnQHX']
Daddy Yankee	Sech	3	['5kbps8unnGH4raN5WduZuq', '35UUpTmrcFXNIVIN26ujXl', '113PlnpZbHd3WIqeYjhZWv']
El Alfa	Lil Pump	3	['1Av4ChDuM109uDHVn4fuqS', '7FbKipScVxkjQxQXwTd0gL', '047WmwIeerHyIUstFAEz5A']
Arcángel	Jhayco	3	['4yL2Z0APTcHIE9RJWVfTUt', '1QaCsLoKEWVujL3owyyei4', '7B7NxUQL8uX7l8WRzmcUFB']
Darell	Jhayco	3	['4yL2Z0APTcHIE9RJWVfTUt', '1QaCsLoKEWVujL3owyyei4', '7B7NxUQL8uX7l8WRzmcUFB']
Bad Bunny	Ñengo Flow	3	['6C1RD7YQVvt3YQj0CmuTeu', '53v2u51nq3CxiKUNphRzP1', '2DEZmgHKAvm41k4J3R2E9Y']
Bad Bunny	DJ Luian	3	['6C1RD7YQVvt3YQj0CmuTeu', '7rwX0O3RlxqqIjQM8evm5E', '6NSMQFKgjpQb0KkjMDYIK0']
Bad Bunny	Mambo Kingz	3	['6C1RD7YQVvt3YQj0CmuTeu', '7rwX0O3RlxqqIjQM8evm5E', '6NSMQFKgjpQb0KkjMDYIK0']
Camilo	Pedro Capó	3	['1Ol5LmdNDNpFu1oNwfgkux', '1nocRtwyNPVtGcIJqfgdzZ', '727DZ6qsujnLdNNLooqqZT']
Black Jonas Point	Quimico Ultra Mega	3	['2qdXZJ8YN3xdeE0t5Vvtvy', '6jsivlh92jvLfF5EcQThXb', '4WY6Cg8hEky40v7Xwz07vB']
DJ Snake	Darell	3	['3fOcw4ZP2bekIYuw6ymjYo', '4odViYSPthqtubEZHUvXUj', '5QXQy0f2q8wJNpPwJtjifx']
DJ Snake	NATTI NATASHA	3	['3fOcw4ZP2bekIYuw6ymjYo', '4odViYSPthqtubEZHUvXUj', '5QXQy0f2q8wJNpPwJtjifx']
DJ Snake	Nicky Jam	3	['3fOcw4ZP2bekIYuw6ymjYo', '4odViYSPthqtubEZHUvXUj', '5QXQy0f2q8wJNpPwJtjifx']
DJ Snake	Sech	3	['3fOcw4ZP2bekIYuw6ymjYo', '4odViYSPthqtubEZHUvXUj', '5QXQy0f2q8wJNpPwJtjifx']
Darell	J Balvin	3	['3fOcw4ZP2bekIYuw6ymjYo', '4odViYSPthqtubEZHUvXUj', '5QXQy0f2q8wJNpPwJtjifx']
J Balvin	NATTI NATASHA	3	['3fOcw4ZP2bekIYuw6ymjYo', '4odViYSPthqtubEZHUvXUj', '5QXQy0f2q8wJNpPwJtjifx']
NATTI NATASHA	Ozuna	3	['3fOcw4ZP2bekIYuw6ymjYo', '4odViYSPthqtubEZHUvXUj', '5QXQy0f2q8wJNpPwJtjifx']
NATTI NATASHA	Sech	3	['3fOcw4ZP2bekIYuw6ymjYo', '4odViYSPthqtubEZHUvXUj', '5QXQy0f2q8wJNpPwJtjifx']
Anuel AA	DJ Luian	3	['5J64qSSq0VZuh0CiI9o9Nq', '7dNwJbsT0sg1le5kVugGJb', '4lzxJ4jCuFDXXGkE1LmpKR']
Anuel AA	Mambo Kingz	3	['5J64qSSq0VZuh0CiI9o9Nq', '7dNwJbsT0sg1le5kVugGJb', '4lzxJ4jCuFDXXGkE1LmpKR']
Brray	Juanka	3	['4RaWbMItxVbuUExNkFsITP', '6bvfJf4KjonPMuPfGfy3S2', '1mohfLaTJtB2RplHLQVM70']
Brray	Nio Garcia	3	['4RaWbMItxVbuUExNkFsITP', '6bvfJf4KjonPMuPfGfy3S2', '1mohfLaTJtB2RplHLQVM70']
Juanka	Nio Garcia	3	['4RaWbMItxVbuUExNkFsITP', '6bvfJf4KjonPMuPfGfy3S2', '1mohfLaTJtB2RplHLQVM70']
Jhayco	Ozuna	3	['1NmQc6rwLv7g0UHL1AFOa9', '4CZtyjaSq1RilbT2b5oQrs', '0Cn8NxJZz7zUlsaA3rXoIU']
DJ Nelson	Myke Towers	3	['4HYDUMY0xSpeBr0AMY9cUz', '7LE1K0lZyRFZjSlrnm7lfD', '5E97zd7EDczPvQ6GRNr6y2']
Lunay	Rauw Alejandro	3	['0A37XY67wSdGqkGjtfW6aV', '7LE1K0lZyRFZjSlrnm7lfD', '2tGENA8xef0wABdHvyXwv9']
De La Ghetto	Justin Quiles	3	['0wMs7DPFOnToNAoecvAFQc', '4vjVdfdBHnUiaFCcUa3gfn', '3pnpENd2PXAKuetjLIylEr']
Bulova	Ceky Viciny	3	['5x7X7BSxoMM7ZGGkACw5Ag', '01RS0CVZSmL5tZrESa3mJa', '5YnqNIcBAA8FvL3AUnmltp']
Ceky Viciny	El Bloonel	3	['6Af0ZwUZt9ghj5Nw99XroS', '01RS0CVZSmL5tZrESa3mJa', '5YnqNIcBAA8FvL3AUnmltp']
Ceky Viciny	Puri	3	['6Af0ZwUZt9ghj5Nw99XroS', '01RS0CVZSmL5tZrESa3mJa', '5YnqNIcBAA8FvL3AUnmltp']
El Bloonel	Puri	3	['6Af0ZwUZt9ghj5Nw99XroS', '01RS0CVZSmL5tZrESa3mJa', '5YnqNIcBAA8FvL3AUnmltp']
Justin Quiles	Maluma	3	['7fODjB7BrQTGqh0hogW6XD', '4RJz8NfIe09gpKMiRUWKhJ', '7lUdbnz7wsv3C9zzf4WHl9']
Justin Quiles	Nicky Jam	3	['7fODjB7BrQTGqh0hogW6XD', '7lUdbnz7wsv3C9zzf4WHl9', '7anSoGdgtmJTAPZBzcPhO6']
Gigolo Y La Exce	Myke Towers	3	['64kNRze29YqCFzFEpQCaHQ', '2gqKtg5iVvC7ycMVyPuLu9', '5zT6JYm5IKgUVA7aAYsAhp']
Brytiago	Jay Wheeler	3	['6pLcaMkr9zB9nVMqe7sToa', '15zGj634ctKvXflVumO5Qq', '5Xe78U9cUwnWOuWbgYvAKZ']
Arcángel	Brray	3	['5caqLyn9T06xoZNwvzKMkI', '5E97zd7EDczPvQ6GRNr6y2', '1QaCsLoKEWVujL3owyyei4']
Anuel AA	Nicky Jam	3	['4lzxJ4jCuFDXXGkE1LmpKR', '4bTZeO72FwMa6wKOiqoynL', '2pWOMNQJW3g2zmGjP0Vkb0']
Anuel AA	Sech	3	['3oCghu20Kto5Xcu8Pg0cit', '4RjOEjzp0gCCgfCRbCNg5y', '4bTZeO72FwMa6wKOiqoynL']
J Balvin	Jhayco	3	['4R8BJggjosTswLxtkw8V7P', '3qM0vBxIe4VUbK0Z0smuVP', '4mKa1LcRNQILp6xSr9s1S0']
Anuel AA	Lunay	3	['0A37XY67wSdGqkGjtfW6aV', '1fXEkSum1vbTa3w0yvYzYW', '37zdqI4r1gswIzczSBkRon']
Cazzu	Lenny Tavárez	3	['7g8YaUQABMal0zWe7a2ijz', '47ZS1OjnJpJVfGN9yHXfMn', '29ShXDWDedEwZkYc8Du08N']
Sammy	Super Yei	3	['5DoLhdU27owX1NMrKLUbUl', '57Ba26w9eoXx8BBUNgRNLV', '6t94PGXYAuo9GbJEnMpPcW']
Dalex	NATTI NATASHA	3	['1Xnn1TPyr5h0hpRAT4B4EA', '1ndyl3wJCFs872XZ3ztPk6', '4GGwM2Krtlx9G9ii1RaEOx']
Lenny Tavárez	NATTI NATASHA	3	['1Xnn1TPyr5h0hpRAT4B4EA', '1ndyl3wJCFs872XZ3ztPk6', '4GGwM2Krtlx9G9ii1RaEOx']
Arcángel	Rauw Alejandro	3	['4jpzkaXeIglP7BfyhmtNW9', '0O5PySgI1kSC4T7TZ2bAvc', '4bEwaORm2IBfu3omjEna7I']
Miky Woodz	Myke Towers	3	['4jpzkaXeIglP7BfyhmtNW9', '7JvqP6UoJgdd1NZa6WCkCl', '4mKa1LcRNQILp6xSr9s1S0']
Brytiago	Darell	3	['1aUGxXCz9QimNkKeiJtzZ7', '4lzxJ4jCuFDXXGkE1LmpKR', '7q3NthaBqFI6s0WnAlnIvq']
Chencho Corleone	Myke Towers	3	['1aUGxXCz9QimNkKeiJtzZ7', '2tGENA8xef0wABdHvyXwv9', '0lCHRVlRZCEyLj3Gkc1nv1']
Darell	Farruko	3	['4xvTPuwHaXoDM3p0QcY7bH', '1aUGxXCz9QimNkKeiJtzZ7', '2joDqfk2o1beVXlyaX2NoZ']
Dímelo Flow	Rauw Alejandro	3	['3oCghu20Kto5Xcu8Pg0cit', '4RjOEjzp0gCCgfCRbCNg5y', '50ZC4PM7hywH27RcCfViau']
El Mayor Clasico	Rochy RD	3	['7GLbpg83DPxhYWRh5DYylv', '4paqCBulJy7w1YKemyDxca', '5gcD6WgSnQqzRzgspwLOi8']
Dalex	Nicky Jam	3	['7fODjB7BrQTGqh0hogW6XD', '2FK1agZzZzTyxV2CD7ixcP', '7anSoGdgtmJTAPZBzcPhO6']
Bryant Myers	El Alfa	3	['23eecknvvR5iFTcuS9Dkfd', '5uKQXohrZ8PJgkApg1QYde', '4phvdPGXE8MGXsTBhqB5ht']
Sech	Zion & Lennox	3	['0wMs7DPFOnToNAoecvAFQc', '0tJCo71s7HT9Mu5Z4juuLw', '47wnhbyv8fwWkoGVLQfQ9z']
Dalex	Zion	3	['1ndyl3wJCFs872XZ3ztPk6', '5Id5B3dxJZhPcV9GzgYZZe', '0UfVfRSmy4xMyi67LKH5zZ']
Justin Quiles	Zion	3	['1ndyl3wJCFs872XZ3ztPk6', '5Id5B3dxJZhPcV9GzgYZZe', '0UfVfRSmy4xMyi67LKH5zZ']
Arcángel	Cosculluela	3	['3fhOpwaKobrELFjKLcXHgI', '4DAuAtmSJEYoCDR3xpeliX', '1H5lWEFTSW6p5IgZ4ywn7t']
Arcángel	Wisin	3	['3fhOpwaKobrELFjKLcXHgI', '4xvTPuwHaXoDM3p0QcY7bH', '4DAuAtmSJEYoCDR3xpeliX']
Juhn	Lenny Tavárez	3	['5stPVcRqb4qixbafP9e8lt', '6djrkoJzbcRD041BQqJkBv', '2qhcTAKmpFNXBEu1FYo69t']
Darell	El Alfa	3	['23eecknvvR5iFTcuS9Dkfd', '2joDqfk2o1beVXlyaX2NoZ', '4xI3U4sDj1TPmO9Iz5TkYp']
Camilo	Evaluna Montaner	3	['0gWbAFRcUyZKdfUxEOuOiD', '0pgj4EzB1XRqgZemoMNG5D', '7AjcJrynzHWlawo87kafY2']
De La Ghetto	Myke Towers	3	['5E97zd7EDczPvQ6GRNr6y2', '4yL2Z0APTcHIE9RJWVfTUt', '2XeoX6KM7jDKHOYN8f4Wr1']
La Insuperable	La Perversa	2	['7fUzV7e8DEZWlNGmT4NJi4', '5hs4pAUNlnTTYxtgem6GLK']
La Insuperable	Nino Freestyle	2	['7fUzV7e8DEZWlNGmT4NJi4', '5hs4pAUNlnTTYxtgem6GLK']
La Insuperable	"Secreto ""El Famoso Biberon"""	2	['7fUzV7e8DEZWlNGmT4NJi4', '5hs4pAUNlnTTYxtgem6GLK']
La Perversa	"Secreto ""El Famoso Biberon"""	2	['7fUzV7e8DEZWlNGmT4NJi4', '5hs4pAUNlnTTYxtgem6GLK']
Nino Freestyle	"Secreto ""El Famoso Biberon"""	2	['7fUzV7e8DEZWlNGmT4NJi4', '5hs4pAUNlnTTYxtgem6GLK']
Chosen RD	Gatillero 23	2	['6jgaBRHFVu2whkKrwdeHhe', '7JSkzPpQzBjhgCjscA1INp']
Chosen RD	Lapiz Conciente	2	['6jgaBRHFVu2whkKrwdeHhe', '7JSkzPpQzBjhgCjscA1INp']
Gatillero 23	Lapiz Conciente	2	['6jgaBRHFVu2whkKrwdeHhe', '7JSkzPpQzBjhgCjscA1INp']
Arcángel	Manuel Turizo	2	['3fjGgq6FEwGcIZfWx9W6ez', '2UeO0dSYG1t2BpESjdk24F']
Beéle	Manuel Turizo	2	['6nGM44ZP7vSo0istUW2MOq', '3fjGgq6FEwGcIZfWx9W6ez']
Dalex	De La Ghetto	2	['0wMs7DPFOnToNAoecvAFQc', '3fjGgq6FEwGcIZfWx9W6ez']
Bad Bunny	PARTYNEXTDOOR	2	['6WGTfHSQtUcEx5vgpxTLCs', '6RbH4isVKIOg1OY1HvRqFc']
Drake	PARTYNEXTDOOR	2	['6WGTfHSQtUcEx5vgpxTLCs', '6RbH4isVKIOg1OY1HvRqFc']
Aya Nakamura	Maluma	2	['6AzKhCHOms83jvNVLsz0Bt', '13vDU8nPsvTGEVTMB8Vw7g']
El Alfa	Yandel	2	['0UrEIDd8aMkkYa01cjdp6Y', '0BvhrGwe5MtFFf9gMIeWbp']
Anuel AA	NATTI NATASHA	2	['0A37XY67wSdGqkGjtfW6aV', '1kIWef5hc2uAqkNxOTakzP']
Jay Wheeler	Miky Woodz	2	['3F7qB0cVZ4msKvy4jbvLRx', '4gu6Akv9Q755ArkE1Vq4rG']
Manuel Turizo	Miky Woodz	2	['3F7qB0cVZ4msKvy4jbvLRx', '4RdtVn0XGoKUAtrgtSmild']
Amenazzy	Myke Towers	2	['6UGc9l0tpk1xSx9KV2fOVf', '4rqZTNS29bCGNCDWNlMMwt']
Bryant Myers	Lyanno	2	['74j34STf8L6uADnTN69ohv', '4PEfJZpVjdclfzZ9XO8uDw']
Bryant Myers	Rauw Alejandro	2	['74j34STf8L6uADnTN69ohv', '2sS5cCGcwXrSl7hQ8AL3Oc']
Chencho Corleone	Dalex	2	['74j34STf8L6uADnTN69ohv', '5stPVcRqb4qixbafP9e8lt']
Chencho Corleone	KEVVO	2	['74j34STf8L6uADnTN69ohv', '1aUGxXCz9QimNkKeiJtzZ7']
KEVVO	Rauw Alejandro	2	['74j34STf8L6uADnTN69ohv', '5Xe78U9cUwnWOuWbgYvAKZ']
El Fother	Kiko el Crazy	2	['6RZml1KyHkEaCSV7VaeQHY', '1QCDK46cTwxh4DXaoi6Has']
Farruko	Pedro Capó	2	['4U0JLGFHJpEnDS5w8F7ngE', '5iwz1NiezX7WWjnCgY5TH4']
Imanbek	SAINt JHN	2	['24Yi9hE78yPEbZ4kxyoXAI', '2Wo6QQD1KMDWeFkkjLqwx5']
Black Jonas Point	Liro Shaq	2	['0xsAtU9TemtJgyVnlDNWo3', '3DyiAk1BzIF8rq9rimypG4']
Liro Shaq	"Secreto ""El Famoso Biberon"""	2	['0xsAtU9TemtJgyVnlDNWo3', '3DyiAk1BzIF8rq9rimypG4']
Anuel AA	Tego Calderón	2	['2WzUy86kPLYRLRwLtinZ1x', '7KKh0ujp8agIiCrkiJhf81']
Justin Bieber	Kehlani	2	['5VwwpU7KsLhgfbMEecedhJ', '6zGPytJiZmFuyVq7RTNO9G']
J Balvin	ROSALÍA	2	['35UUpTmrcFXNIVIN26ujXl', '2qG5sZ7Si6sdK74qLxedYM']
Bad Bunny	Casper Magico	2	['3X5M53Xi5k1SijRtZMM3TA', '3V8UKqhEK5zBkBb6d6ub8i']
Bad Bunny	Darell	2	['3X5M53Xi5k1SijRtZMM3TA', '3V8UKqhEK5zBkBb6d6ub8i']
Bad Bunny	Nio Garcia	2	['3X5M53Xi5k1SijRtZMM3TA', '3V8UKqhEK5zBkBb6d6ub8i']
Casper Magico	Nicky Jam	2	['3X5M53Xi5k1SijRtZMM3TA', '3V8UKqhEK5zBkBb6d6ub8i']
Casper Magico	Ozuna	2	['3X5M53Xi5k1SijRtZMM3TA', '3V8UKqhEK5zBkBb6d6ub8i']
Nicky Jam	Nio Garcia	2	['3X5M53Xi5k1SijRtZMM3TA', '3V8UKqhEK5zBkBb6d6ub8i']
Nio Garcia	Ozuna	2	['3X5M53Xi5k1SijRtZMM3TA', '3V8UKqhEK5zBkBb6d6ub8i']
Lunay	Sech	2	['6pNjmMB8FTMEcqGSgs7Mji', '684EjRHwNsZQ9hCQxL4NYL']
Eladio Carrion	Zion	2	['4o4HQPKJQEsPq36BJqWWUr', '7ch7IMYm9DaujSfI1ToSzu']
Bad Bunny	Eladio Carrion	2	['4jhHaLksdP8DJZzxYAjOSz', '38kLHBjtWJaPXcyFhwRVtI']
KAROL G	Myke Towers	2	['2uu2aGqA2UblCg581Q7l1g', '67jvGGbJmOmVonlyX3mNkV']
Casper Magico	Lenny Tavárez	2	['7meQTf97i7gyAzeHTLIytv', '53uKGbcMjEc2gIWbfmvpdS']
Casper Magico	Myke Towers	2	['7meQTf97i7gyAzeHTLIytv', '53uKGbcMjEc2gIWbfmvpdS']
Casper Magico	Rauw Alejandro	2	['7meQTf97i7gyAzeHTLIytv', '53uKGbcMjEc2gIWbfmvpdS']
Darell	Lenny Tavárez	2	['7meQTf97i7gyAzeHTLIytv', '53uKGbcMjEc2gIWbfmvpdS']
Darell	Rauw Alejandro	2	['7meQTf97i7gyAzeHTLIytv', '53uKGbcMjEc2gIWbfmvpdS']
Lenny Tavárez	Nio Garcia	2	['7meQTf97i7gyAzeHTLIytv', '53uKGbcMjEc2gIWbfmvpdS']
Nio Garcia	Rauw Alejandro	2	['7meQTf97i7gyAzeHTLIytv', '53uKGbcMjEc2gIWbfmvpdS']
Musicologo The Libro	Quimico Ultra Mega	2	['5ElkKxTM1EbmC2vU81IdpM', '6jsivlh92jvLfF5EcQThXb']
Justin Bieber	Quavo	2	['364dI1bYnvamSnBJ8JcNzN', '4umIPjkehX1r7uhmGvXiSV']
Ceky Viciny	El Mega	2	['0ixOy4DRchDtQfM5HAfEdq', '1OgZJJNUjN3FFbdTrkG2WH']
El Cherry Scom	El Mega	2	['0ixOy4DRchDtQfM5HAfEdq', '1OgZJJNUjN3FFbdTrkG2WH']
El Cherry Scom	Rochy RD	2	['0ixOy4DRchDtQfM5HAfEdq', '1OgZJJNUjN3FFbdTrkG2WH']
El Mega	Rochy RD	2	['0ixOy4DRchDtQfM5HAfEdq', '1OgZJJNUjN3FFbdTrkG2WH']
Dímelo Flow	Zion	2	['684EjRHwNsZQ9hCQxL4NYL', '0UfVfRSmy4xMyi67LKH5zZ']
Farruko	Nicky Jam	2	['7fODjB7BrQTGqh0hogW6XD', '684EjRHwNsZQ9hCQxL4NYL']
Manuel Turizo	Sebastian Yatra	2	['2SdwRMzLw1vKClRinPqtuU', '4s45VgkknMFkdiGoUcjxQU']
Rauw Alejandro	Sebastian Yatra	2	['2SdwRMzLw1vKClRinPqtuU', '4s45VgkknMFkdiGoUcjxQU']
Daddy Yankee	Farruko	2	['7mWFF4gPADjTQjC97CgFVt', '35UUpTmrcFXNIVIN26ujXl']
Farruko	J Balvin	2	['7mWFF4gPADjTQjC97CgFVt', '35UUpTmrcFXNIVIN26ujXl']
Bad Bunny	Tainy	2	['0EhpEsp4L0oRGM0vmeaN5e', '2TH65lNHgvLxCKXM3apjxI']
Feid	Manuel Turizo	2	['2Y1EBfErprYwOlgluV9neb', '16uvds0iYqjEK8m5EGEdVd']
KEVVO	Ñengo Flow	2	['57xWRzNXuqDTH8TypfWtTB', '1aUGxXCz9QimNkKeiJtzZ7']
Yandel	Ñengo Flow	2	['57xWRzNXuqDTH8TypfWtTB', '0YbXuCsQwrsh5x0hgnED6z']
Miky Woodz	Tainy	2	['344Ichj4EZr5C84g1vvisk', '5j8UApTTxLHextupGIOC4u']
Miky Woodz	Wisin	2	['0RzUVcBnwTrGSAR2X6nn13', '4RdtVn0XGoKUAtrgtSmild']
Bad Bunny	Farruko	2	['6C1RD7YQVvt3YQj0CmuTeu', '1g2Z2lOrwayOzDqOc8EfbR']
Jason Derulo	Jawsh 685	2	['4TgxFMOn5yoESW6zCidCXL', '1xQ6trAsedVPCdbtDAmk0c']
Eladio Carrion	Jhayco	2	['24UGLsGfKHgQhGviBrbDdl', '0vGdK81Se6SK7dcIaU3Xyd']
BLACKPINK	Lady Gaga	2	['6R6ZoHTypt5lt68MWbzZXv', '1IWNylpZ477gIVUDpJL66u']
Noriel	Rauw Alejandro	2	['2B94bbI1a4LyBpK1439oP7', '5Xe78U9cUwnWOuWbgYvAKZ']
24kGoldn	iann dior	2	['3tjFYV6RSFtuktYl3ZtYcq', '6FuGJB290AQMAHTfjOYVaK']
DJ Luian	Ozuna	2	['6C1RD7YQVvt3YQj0CmuTeu', '7rwX0O3RlxqqIjQM8evm5E']
DJ Luian	Wisin	2	['4xvTPuwHaXoDM3p0QcY7bH', '7rwX0O3RlxqqIjQM8evm5E']
Mambo Kingz	Ozuna	2	['6C1RD7YQVvt3YQj0CmuTeu', '7rwX0O3RlxqqIjQM8evm5E']
Mambo Kingz	Wisin	2	['4xvTPuwHaXoDM3p0QcY7bH', '7rwX0O3RlxqqIjQM8evm5E']
Alex Rose	Rafa Pabön	2	['5m3jpKkgkfoMcym1qjToFg', '1bRpSCFv6P2OUhciByeRYR']
BLACKPINK	Selena Gomez	2	['4JUPEh2DVSXFGExu4Uxevz', '2J4P46vCFm1rPkNkp9pZWX']
Bad Bunny	Sech	2	['38RIEav39FGi86jppxO0du', '3wYRLYuO1M88d8woWUIxct']
DJ Luian	Myke Towers	2	['4xvTPuwHaXoDM3p0QcY7bH', '203uubEQA07to1kbro35qQ']
DJ Luian	Nicky Jam	2	['4lzxJ4jCuFDXXGkE1LmpKR', '203uubEQA07to1kbro35qQ']
Mambo Kingz	Myke Towers	2	['4xvTPuwHaXoDM3p0QcY7bH', '203uubEQA07to1kbro35qQ']
Mambo Kingz	Nicky Jam	2	['4lzxJ4jCuFDXXGkE1LmpKR', '203uubEQA07to1kbro35qQ']
Manuel Turizo	Myke Towers	2	['203uubEQA07to1kbro35qQ', '7ndTONDDRFGiPnnhOzOXxq']
Manuel Turizo	NATTI NATASHA	2	['6nGM44ZP7vSo0istUW2MOq', '203uubEQA07to1kbro35qQ']
Myke Towers	Nicky Jam	2	['68mrW6gXHgupgSiDHgaDi5', '203uubEQA07to1kbro35qQ']
Lapiz Conciente	Musicologo The Libro	2	['6jsivlh92jvLfF5EcQThXb', '1jbhB6ybv5LOmT2DlP357j']
Lapiz Conciente	Quimico Ultra Mega	2	['6jgaBRHFVu2whkKrwdeHhe', '6jsivlh92jvLfF5EcQThXb']
Lapiz Conciente	Shadow Blow	2	['5F28LxWk6Eu2FssCZDhAqa', '6jsivlh92jvLfF5EcQThXb']
Lapiz Conciente	Sujeto Oro 24	2	['6jsivlh92jvLfF5EcQThXb', '1jbhB6ybv5LOmT2DlP357j']
Musicologo The Libro	Sujeto Oro 24	2	['6jsivlh92jvLfF5EcQThXb', '1jbhB6ybv5LOmT2DlP357j']
Quimico Ultra Mega	Shadow Blow	2	['6jsivlh92jvLfF5EcQThXb', '0bFvoBZ8cmfD90QMdfBQPq']
Bad Bunny	Myke Towers	2	['5gCg2qMPzKkW4jS4dBKdDs', '0bCPJsVGDxPYwQMDZMi4NW']
Bad Bunny	Daddy Yankee	2	['69vlMrzHwATKzupwNcUPyK', '4t9a07PAghtQMRAIP9FQ7Z']
Anuel AA	Brray	2	['6bvfJf4KjonPMuPfGfy3S2', '1mohfLaTJtB2RplHLQVM70']
Anuel AA	Juanka	2	['6bvfJf4KjonPMuPfGfy3S2', '1mohfLaTJtB2RplHLQVM70']
Anuel AA	Nio Garcia	2	['6bvfJf4KjonPMuPfGfy3S2', '1mohfLaTJtB2RplHLQVM70']
Ariana Grande	Lady Gaga	2	['24ySl2hOPGCDcxBxFIqWBu', '7ju97lgwC2rKQ6wwsf9no9']
Alofoke Music	Ozuna	2	['4oMg6oZhBpcLkFjAv4hxmL', '16mjWUaQ4MjErG3LiD4jlD']
Rochy RD	Shelow Shaq	2	['7pYaHLkIw6u79mlqtthe3R', '4oMg6oZhBpcLkFjAv4hxmL']
Jhayco	Wisin & Yandel	2	['3dJWIbkKEnI0Jb9CK6kdcg', '56BAJvpaWgvr6C4wmc37iU']
Diplo	El Alfa	2	['1G2CAJeP7rCwOZjlSJ0Zw3', '72uidF4UCRyiL0rrilfEFd']
Jay Wheeler	Rauw Alejandro	2	['7LE1K0lZyRFZjSlrnm7lfD', '5Xe78U9cUwnWOuWbgYvAKZ']
DJ Luian	Farruko	2	['6C1RD7YQVvt3YQj0CmuTeu', '4xvTPuwHaXoDM3p0QcY7bH']
Farruko	Mambo Kingz	2	['6C1RD7YQVvt3YQj0CmuTeu', '4xvTPuwHaXoDM3p0QcY7bH']
Farruko	Ñengo Flow	2	['6C1RD7YQVvt3YQj0CmuTeu', '1aUGxXCz9QimNkKeiJtzZ7']
Brytiago	Rauw Alejandro	2	['5Xe78U9cUwnWOuWbgYvAKZ', '28MQqYBRGytyNKE263ASRM']
Arcángel	Justin Quiles	2	['4vjVdfdBHnUiaFCcUa3gfn', '3pnpENd2PXAKuetjLIylEr']
De La Ghetto	Eladio Carrion	2	['4vjVdfdBHnUiaFCcUa3gfn', '3pnpENd2PXAKuetjLIylEr']
Eladio Carrion	Justin Quiles	2	['4vjVdfdBHnUiaFCcUa3gfn', '3pnpENd2PXAKuetjLIylEr']
Arcángel	Brytiago	2	['1aUGxXCz9QimNkKeiJtzZ7', '25IPptA8jtbRxCaOnIj47I']
Anthony Santos	Romeo Santos	2	['1dZe54pxTPI1XsISVTR6ns', '5MSlG8Mg7OQkgJ0on0Qrhl']
Bulin 47	Bulova	2	['01RS0CVZSmL5tZrESa3mJa', '5YnqNIcBAA8FvL3AUnmltp']
Bulin 47	El Bloonel	2	['01RS0CVZSmL5tZrESa3mJa', '5YnqNIcBAA8FvL3AUnmltp']
Bulin 47	El Tonto	2	['01RS0CVZSmL5tZrESa3mJa', '5YnqNIcBAA8FvL3AUnmltp']
Bulin 47	Puri	2	['01RS0CVZSmL5tZrESa3mJa', '5YnqNIcBAA8FvL3AUnmltp']
Bulin 47	Quimico Ultra Mega	2	['01RS0CVZSmL5tZrESa3mJa', '5YnqNIcBAA8FvL3AUnmltp']
Bulova	El Bloonel	2	['01RS0CVZSmL5tZrESa3mJa', '5YnqNIcBAA8FvL3AUnmltp']
Bulova	El Tonto	2	['01RS0CVZSmL5tZrESa3mJa', '5YnqNIcBAA8FvL3AUnmltp']
Bulova	Puri	2	['01RS0CVZSmL5tZrESa3mJa', '5YnqNIcBAA8FvL3AUnmltp']
Bulova	Quimico Ultra Mega	2	['01RS0CVZSmL5tZrESa3mJa', '5YnqNIcBAA8FvL3AUnmltp']
Ceky Viciny	El Tonto	2	['01RS0CVZSmL5tZrESa3mJa', '5YnqNIcBAA8FvL3AUnmltp']
Ceky Viciny	Quimico Ultra Mega	2	['01RS0CVZSmL5tZrESa3mJa', '5YnqNIcBAA8FvL3AUnmltp']
El Bloonel	El Tonto	2	['01RS0CVZSmL5tZrESa3mJa', '5YnqNIcBAA8FvL3AUnmltp']
El Bloonel	Quimico Ultra Mega	2	['01RS0CVZSmL5tZrESa3mJa', '5YnqNIcBAA8FvL3AUnmltp']
El Tonto	Puri	2	['01RS0CVZSmL5tZrESa3mJa', '5YnqNIcBAA8FvL3AUnmltp']
El Tonto	Quimico Ultra Mega	2	['01RS0CVZSmL5tZrESa3mJa', '5YnqNIcBAA8FvL3AUnmltp']
Puri	Quimico Ultra Mega	2	['01RS0CVZSmL5tZrESa3mJa', '5YnqNIcBAA8FvL3AUnmltp']
Feid	Nicky Jam	2	['7lUdbnz7wsv3C9zzf4WHl9', '7anSoGdgtmJTAPZBzcPhO6']
J Balvin	Maluma	2	['5099x34vBakWpGkHourFxP', '7lUdbnz7wsv3C9zzf4WHl9']
Maluma	Nicky Jam	2	['7fODjB7BrQTGqh0hogW6XD', '7lUdbnz7wsv3C9zzf4WHl9']
Maluma	Sech	2	['7fODjB7BrQTGqh0hogW6XD', '7lUdbnz7wsv3C9zzf4WHl9']
Brytiago	KEVVO	2	['1aUGxXCz9QimNkKeiJtzZ7', '5Xe78U9cUwnWOuWbgYvAKZ']
Arcángel	Romeo Santos	2	['5HokHzcT1yQtsy7lLagEiA', '4Pu0a2TuHOYtI4CCE3HEXI']
Romeo Santos	Sech	2	['5HokHzcT1yQtsy7lLagEiA', '4Pu0a2TuHOYtI4CCE3HEXI']
El Alfa	Zion & Lennox	2	['3ds1VoDnWeSJ3XbkSamt94', '1oBbet1xcWpWgOw2Ddzsaj']
Luis Vargas	Romeo Santos	2	['6Y9P646HsmJtZEE2zmgHeF', '1dZe54pxTPI1XsISVTR6ns']
Anuel AA	Darell	2	['4lzxJ4jCuFDXXGkE1LmpKR', '4bTZeO72FwMa6wKOiqoynL']
El Alfa	Miky Woodz	2	['45gaT9AFGhvWHc53aC0qaM', '4phvdPGXE8MGXsTBhqB5ht']
Justin Quiles	Miky Woodz	2	['4RdtVn0XGoKUAtrgtSmild', '7FhopXtl9z9YtD9NwUf9ss']
J Balvin	Jowell & Randy	2	['0cRgJuB6TRtb5RZ2HkjSLh', '5iw28wvyHgj4ppOu5AdcEU']
Brray	Ñengo Flow	2	['1QaCsLoKEWVujL3owyyei4', '5TzNnusUqaXFS0rAhlkkUa']
Alex Rose	Lyanno	2	['1fXEkSum1vbTa3w0yvYzYW', '47ZS1OjnJpJVfGN9yHXfMn']
Lenny Tavárez	Lyanno	2	['47ZS1OjnJpJVfGN9yHXfMn', '3dEtfTtCXWW7N8WQ9FD29z']
Jone Quest	Sammy	2	['5DoLhdU27owX1NMrKLUbUl', '57Ba26w9eoXx8BBUNgRNLV']
Jone Quest	Super Yei	2	['5DoLhdU27owX1NMrKLUbUl', '57Ba26w9eoXx8BBUNgRNLV']
Lenny Tavárez	Sammy	2	['57Ba26w9eoXx8BBUNgRNLV', '6t94PGXYAuo9GbJEnMpPcW']
Lenny Tavárez	Super Yei	2	['57Ba26w9eoXx8BBUNgRNLV', '6t94PGXYAuo9GbJEnMpPcW']
Myke Towers	Rafa Pabön	2	['57Ba26w9eoXx8BBUNgRNLV', '6t94PGXYAuo9GbJEnMpPcW']
Myke Towers	Sammy	2	['57Ba26w9eoXx8BBUNgRNLV', '6t94PGXYAuo9GbJEnMpPcW']
Myke Towers	Super Yei	2	['57Ba26w9eoXx8BBUNgRNLV', '6t94PGXYAuo9GbJEnMpPcW']
Rafa Pabön	Sammy	2	['57Ba26w9eoXx8BBUNgRNLV', '6t94PGXYAuo9GbJEnMpPcW']
Rafa Pabön	Super Yei	2	['57Ba26w9eoXx8BBUNgRNLV', '6t94PGXYAuo9GbJEnMpPcW']
Anitta	Dalex	2	['1Xnn1TPyr5h0hpRAT4B4EA', '4GGwM2Krtlx9G9ii1RaEOx']
Anitta	Farruko	2	['1Xnn1TPyr5h0hpRAT4B4EA', '4GGwM2Krtlx9G9ii1RaEOx']
Anitta	Justin Quiles	2	['1Xnn1TPyr5h0hpRAT4B4EA', '4GGwM2Krtlx9G9ii1RaEOx']
Anitta	Lenny Tavárez	2	['1Xnn1TPyr5h0hpRAT4B4EA', '4GGwM2Krtlx9G9ii1RaEOx']
Anitta	NATTI NATASHA	2	['1Xnn1TPyr5h0hpRAT4B4EA', '4GGwM2Krtlx9G9ii1RaEOx']
Chris Brown	Drake	2	['6XHVuErjQ4XNm6nDPVCxVX', '3Q4gttWQ6hxqWOa3tHoTNi']
Raulin Rodriguez	Romeo Santos	2	['1dZe54pxTPI1XsISVTR6ns', '3zVibdZHsVH05p5Crux6xX']
Eladio Carrion	Noriel	2	['6n43lawNZSsPHiCostJj9N', '2VoXIVlMLnbMeg3C0ghm6T']
Jon Z	Noriel	2	['2VoXIVlMLnbMeg3C0ghm6T', '4phvdPGXE8MGXsTBhqB5ht']
Brytiago	Myke Towers	2	['1aUGxXCz9QimNkKeiJtzZ7', '2ohqtT8jp5VeSBAtBEpSqA']
Chencho Corleone	Farruko	2	['1aUGxXCz9QimNkKeiJtzZ7', '0lCHRVlRZCEyLj3Gkc1nv1']
Darell	Ñengo Flow	2	['1aUGxXCz9QimNkKeiJtzZ7', '1QaCsLoKEWVujL3owyyei4']
Arcángel	Randy	2	['0O5PySgI1kSC4T7TZ2bAvc', '4bEwaORm2IBfu3omjEna7I']
Randy	Rauw Alejandro	2	['0O5PySgI1kSC4T7TZ2bAvc', '4bEwaORm2IBfu3omjEna7I']
Anuel AA	Dalex	2	['3oCghu20Kto5Xcu8Pg0cit', '4RjOEjzp0gCCgfCRbCNg5y']
Anuel AA	Dímelo Flow	2	['3oCghu20Kto5Xcu8Pg0cit', '4RjOEjzp0gCCgfCRbCNg5y']
Anuel AA	Justin Quiles	2	['3oCghu20Kto5Xcu8Pg0cit', '4RjOEjzp0gCCgfCRbCNg5y']
Anuel AA	Lenny Tavárez	2	['3oCghu20Kto5Xcu8Pg0cit', '4RjOEjzp0gCCgfCRbCNg5y']
Justin Quiles	Rauw Alejandro	2	['3oCghu20Kto5Xcu8Pg0cit', '4RjOEjzp0gCCgfCRbCNg5y']
Dalex	Rafa Pabön	2	['7g8YaUQABMal0zWe7a2ijz', '7anSoGdgtmJTAPZBzcPhO6']
Feid	Rafa Pabön	2	['7g8YaUQABMal0zWe7a2ijz', '7anSoGdgtmJTAPZBzcPhO6']
Lenny Tavárez	Nicky Jam	2	['7fODjB7BrQTGqh0hogW6XD', '7anSoGdgtmJTAPZBzcPhO6']
Rafa Pabön	Sech	2	['7g8YaUQABMal0zWe7a2ijz', '7anSoGdgtmJTAPZBzcPhO6']
Jesús Adrián Romero	Marcela Gandara	2	['73sVU2NvFYSsuNVI69qQMi', '3HZCMyuazaSOLgXexcMASl']
Lenny Tavárez	Maluma	2	['7fODjB7BrQTGqh0hogW6XD', '4RJz8NfIe09gpKMiRUWKhJ']
Ariana Grande	The Weeknd	2	['7E1jVNoWuemqUryI4FxsVD', '0K2UmT0JOcEaLssWda2703']
Justin Quiles	Wisin	2	['4RdtVn0XGoKUAtrgtSmild', '5Id5B3dxJZhPcV9GzgYZZe']
Lenny Tavárez	Wisin	2	['4RdtVn0XGoKUAtrgtSmild', '5Id5B3dxJZhPcV9GzgYZZe']
El Alfa	Noriel	2	['4xI3U4sDj1TPmO9Iz5TkYp', '4phvdPGXE8MGXsTBhqB5ht']
Farruko	Jay Wheeler	2	['2mM3gZ0BbPwPPMelbA8vgt', '4gChz67rTHfVzKCZAHsifM']
Maluma	Myke Towers	2	['70zg99pT51vB4wlMS7e4q7', '19OXtYzrJyCrQvTbfukt4H']
El Alfa	Pitbull	2	['0XVH2UjkNeaXgh372YtzLe', '0a41S6Hf3njfUbQTZyxWDq']
Anuel AA	Brytiago	2	['4lzxJ4jCuFDXXGkE1LmpKR', '1fXEkSum1vbTa3w0yvYzYW']
Dua Lipa	Miley Cyrus	2	['2Oycxb8QbPkpHTo8ZrmG0B', '5JqZ3oqF00jkT81foAFvqg']
Eladio Carrion	Lunay	2	['5IjOqh4XLyjHINuOGolmAt', '0lbhKycRyqkOMKZ6thzfU4']
Eladio Carrion	Wisin & Yandel	2	['5IjOqh4XLyjHINuOGolmAt', '0lbhKycRyqkOMKZ6thzfU4']
Eladio Carrion	Zion & Lennox	2	['5IjOqh4XLyjHINuOGolmAt', '0lbhKycRyqkOMKZ6thzfU4']
Lunay	Wisin & Yandel	2	['5IjOqh4XLyjHINuOGolmAt', '0lbhKycRyqkOMKZ6thzfU4']
Lunay	Zion & Lennox	2	['5IjOqh4XLyjHINuOGolmAt', '0lbhKycRyqkOMKZ6thzfU4']
Wisin & Yandel	Zion & Lennox	2	['5IjOqh4XLyjHINuOGolmAt', '0lbhKycRyqkOMKZ6thzfU4']
Black Jonas Point	Luiyitox	2	['2qdXZJ8YN3xdeE0t5Vvtvy', '4WY6Cg8hEky40v7Xwz07vB']
Luiyitox	Quimico Ultra Mega	2	['2qdXZJ8YN3xdeE0t5Vvtvy', '4WY6Cg8hEky40v7Xwz07vB']
El Alfa	Justin Quiles	2	['0lCHRVlRZCEyLj3Gkc1nv1', '0eeKDrQxjqNl5bX5VCHDcn']
Justin Bieber	Shawn Mendes	2	['1HbA4N1MiOsPthALesGFR1', '2Z8yfpFX0ZMavHkcIeHiO1']
Feid	Zion	2	['5Id5B3dxJZhPcV9GzgYZZe', '0UfVfRSmy4xMyi67LKH5zZ']
Farruko	Maluma	2	['7fODjB7BrQTGqh0hogW6XD', '70zg99pT51vB4wlMS7e4q7']
Manuel Turizo	Ozuna	2	['0WpwK09agFbwEUaNrGnXoe', '48zFZh27QU5qsrBjn4C2FA']
DJ Khaled	Drake	2	['35RJhm1pEovTBwnNR0zWad', '6EDO9iiTtwNv6waLwa1UUq']
Jennifer Lopez	Maluma	2	['2wUgG5Fr9PQcIbKRfVJ76C', '4agLM5EfiWR2AKMq7gFwcM']
Arcángel	Juanka	2	['3fhOpwaKobrELFjKLcXHgI', '4DAuAtmSJEYoCDR3xpeliX']
Cosculluela	Juanka	2	['3fhOpwaKobrELFjKLcXHgI', '4DAuAtmSJEYoCDR3xpeliX']
Cosculluela	Myke Towers	2	['3fhOpwaKobrELFjKLcXHgI', '4DAuAtmSJEYoCDR3xpeliX']
Cosculluela	Ozuna	2	['3fhOpwaKobrELFjKLcXHgI', '4DAuAtmSJEYoCDR3xpeliX']
Cosculluela	Wisin	2	['3fhOpwaKobrELFjKLcXHgI', '4DAuAtmSJEYoCDR3xpeliX']
Juanka	Ozuna	2	['3fhOpwaKobrELFjKLcXHgI', '4DAuAtmSJEYoCDR3xpeliX']
Juanka	Wisin	2	['3fhOpwaKobrELFjKLcXHgI', '4DAuAtmSJEYoCDR3xpeliX']
Cazzu	Dalex	2	['7g8YaUQABMal0zWe7a2ijz', '29ShXDWDedEwZkYc8Du08N']
Cazzu	Feid	2	['7g8YaUQABMal0zWe7a2ijz', '29ShXDWDedEwZkYc8Du08N']
Cazzu	Sech	2	['7g8YaUQABMal0zWe7a2ijz', '29ShXDWDedEwZkYc8Du08N']
Camilo	Ozuna	2	['71cbRI2v81hE6TkKSQOwik', '0JAZWvvqttGFm4UMDsPQXC']
J Balvin	Miky Woodz	2	['7JvqP6UoJgdd1NZa6WCkCl', '4mKa1LcRNQILp6xSr9s1S0']
J Balvin	Myke Towers	2	['7JvqP6UoJgdd1NZa6WCkCl', '4mKa1LcRNQILp6xSr9s1S0']
Lil Uzi Vert	StaySolidRocky	2	['1eIsyfDHoEbemSnQFsgyAv', '0XkmeG97T4mtYlWRJcrxec']
Anuel AA	Yandel	2	['09yuQ2v1mHGWZVrpQB1Oj4', '0YbXuCsQwrsh5x0hgnED6z']
Anuel AA	Ñengo Flow	2	['2uy5wXDZQcdd89PvDBSfyy', '0YbXuCsQwrsh5x0hgnED6z']
ROSALÍA	Travis Scott	2	['4w47S36wQGBhGg073q3nt7', '7h0d2h0fUmzbs7zeFigJPn']
Arcángel	Nicky Jam	2	['29KkQi7wKF6IdOjwU8infb', '23eecknvvR5iFTcuS9Dkfd']
El Alfa	Nicky Jam	2	['29KkQi7wKF6IdOjwU8infb', '23eecknvvR5iFTcuS9Dkfd']
DJ Luian	Darell	2	['4xvTPuwHaXoDM3p0QcY7bH', '4lzxJ4jCuFDXXGkE1LmpKR']
Darell	Mambo Kingz	2	['4xvTPuwHaXoDM3p0QcY7bH', '4lzxJ4jCuFDXXGkE1LmpKR']
J Balvin	Tainy	2	['0EhpEsp4L0oRGM0vmeaN5e', '1pqnQ41XbfKjaFu6M0eGJp']
Dalex	Juhn	2	['5stPVcRqb4qixbafP9e8lt', '2qhcTAKmpFNXBEu1FYo69t']
Camilo	Rauw Alejandro	2	['4G3PTss3mU33Tau7t4KbwE', '4ZRrLHqzhGRXYj2qcB4s5S']
Mr. Naisgai	Rauw Alejandro	2	['7IZn95vTYrhHRbFmZsdD2A', '4QSCkYRmv06vKZjXPoarXz']
Daddy Yankee	KAROL G	2	['2ksOAxtIxY8yElEWw8RhgK', '0KkIkfsLEJbrcIhYsCL7L5']
J Balvin	KAROL G	2	['2ksOAxtIxY8yElEWw8RhgK', '0KkIkfsLEJbrcIhYsCL7L5']
Chencho Corleone	Ozuna	2	['5y7DaS3jAc9eZzcSOoUIwU', '2tGENA8xef0wABdHvyXwv9']
De La Ghetto	Zion & Lennox	2	['0wMs7DPFOnToNAoecvAFQc', '5E97zd7EDczPvQ6GRNr6y2']
Lenny Tavárez	Zion	2	['1ndyl3wJCFs872XZ3ztPk6', '5Id5B3dxJZhPcV9GzgYZZe']
KHEA	Lenny Santos	2	['6C6mUonH6MNdSg5pw7kOc9', '59nnGpAU3AiL2tD0o2It11']
Becky G	Myke Towers	2	['5E97zd7EDczPvQ6GRNr6y2', '2uhMYJq2TODWBuZhHRrdWy']
Myke Towers	Sky Rompiendo	2	['10u2iOS0r6plfb9GknD7g4', '1dt2lHi5RCMPuxz4VxKYgi']
Rauw Alejandro	Sky Rompiendo	2	['10u2iOS0r6plfb9GknD7g4', '1dt2lHi5RCMPuxz4VxKYgi']
Bad Bunny	Yandel	1	['3pm4XtcsRIFFtH2UErk62R']
Reik	Sebastian Yatra	1	['2vrpcQNg6itmgVZWsNjWe0']
Arcángel	Kendo Kaponi	1	['0fgsKar6uBO08vzHXkTjWi']
Bad Bunny	Kendo Kaponi	1	['0fgsKar6uBO08vzHXkTjWi']
6LACK	Selena Gomez	1	['2C0hTkdEoikhKzDCJl32QZ']
El Torito	"Héctor Acosta ""El Torito"""	1	['0efgwb66083LCAI2OQb1C6']
El Torito	Los Toros Band	1	['0efgwb66083LCAI2OQb1C6']
"Héctor Acosta ""El Torito"""	Los Toros Band	1	['0efgwb66083LCAI2OQb1C6']
Chosen RD	El Experimento	1	['7JSkzPpQzBjhgCjscA1INp']
El Experimento	Gatillero 23	1	['7JSkzPpQzBjhgCjscA1INp']
El Experimento	Lapiz Conciente	1	['7JSkzPpQzBjhgCjscA1INp']
Amenazzy	Randy	1	['4D1PkUDtVPkdoBFqO1l7uP']
Arcángel	Beéle	1	['3fjGgq6FEwGcIZfWx9W6ez']
Arcángel	Dalex	1	['3fjGgq6FEwGcIZfWx9W6ez']
Beéle	Dalex	1	['3fjGgq6FEwGcIZfWx9W6ez']
Beéle	De La Ghetto	1	['3fjGgq6FEwGcIZfWx9W6ez']
Dalex	Manuel Turizo	1	['3fjGgq6FEwGcIZfWx9W6ez']
De La Ghetto	Manuel Turizo	1	['3fjGgq6FEwGcIZfWx9W6ez']
Anuel AA	Enrique Iglesias	1	['2hDe0Ls5mVqs1XJqv7sbcM']
Maluma	The Weeknd	1	['0GzuHFG4Ql6DoyxFRnIk3F']
Goldy Boy	"Secreto ""El Famoso Biberon"""	1	['650mxbBHSjxc3iChCTEmgr']
Camilo	Farruko	1	['56Ta1O7Jxxpjnc6cWdDKUo']
Camilo	Reik	1	['56Ta1O7Jxxpjnc6cWdDKUo']
Farruko	Reik	1	['56Ta1O7Jxxpjnc6cWdDKUo']
BLACKPINK	Cardi B	1	['7iAgNZdotu40NwtoIWJHFe']
El Alfa	Rauw Alejandro	1	['6XlBkATW7Gamg4qJXzc6IF']
Eladio Carrion	Miky Woodz	1	['6MKxukLfTyhLpk94EgvHHv']
Don Omar	Jowell & Randy	1	['5L6d5GJvkU4SCTMdzJXXmi']
Beyoncé	Megan Thee Stallion	1	['5v4GgrXPMghOnBBLmveLac']
Jay Wheeler	Manuel Turizo	1	['3F7qB0cVZ4msKvy4jbvLRx']
Azteck	Dimitri Vegas	1	['6kLrO8KR0sx5nwyWL40d2u']
Azteck	Dimitri Vegas & Like Mike	1	['6kLrO8KR0sx5nwyWL40d2u']
Azteck	Kim Loaiza	1	['6kLrO8KR0sx5nwyWL40d2u']
Dimitri Vegas	Dimitri Vegas & Like Mike	1	['6kLrO8KR0sx5nwyWL40d2u']
Dimitri Vegas	Kim Loaiza	1	['6kLrO8KR0sx5nwyWL40d2u']
Dimitri Vegas & Like Mike	Kim Loaiza	1	['6kLrO8KR0sx5nwyWL40d2u']
Haze	Jhayco	1	['3YLbntjcsRoButdoVta3rq']
Haze	Lunay	1	['3YLbntjcsRoButdoVta3rq']
Ariana Grande	Doja Cat	1	['5GkQIP5mWPi4KZLLXeuFTT']
Bizarrap	Nicki Nicole	1	['4pXW6ZAHBz7ODXTRKklWrM']
Bizarrap	TATOOL	1	['4pXW6ZAHBz7ODXTRKklWrM']
Bizarrap	Taiu	1	['4pXW6ZAHBz7ODXTRKklWrM']
Bizarrap	Trueno	1	['4pXW6ZAHBz7ODXTRKklWrM']
Nicki Nicole	TATOOL	1	['4pXW6ZAHBz7ODXTRKklWrM']
Nicki Nicole	Taiu	1	['4pXW6ZAHBz7ODXTRKklWrM']
Nicki Nicole	Trueno	1	['4pXW6ZAHBz7ODXTRKklWrM']
TATOOL	Taiu	1	['4pXW6ZAHBz7ODXTRKklWrM']
TATOOL	Trueno	1	['4pXW6ZAHBz7ODXTRKklWrM']
Taiu	Trueno	1	['4pXW6ZAHBz7ODXTRKklWrM']
El Chaval de la Bachata	Romeo Santos	1	['4XEXrp37kZXpQTB2r5vWbS']
Bad Bunny	Yaviah	1	['4j4w4CXm6BSr0s25wAWrrX']
Don Miguelo	Maffio	1	['5bx7WTctZtLh8Rd7TaPrQu']
Bryant Myers	Chencho Corleone	1	['74j34STf8L6uADnTN69ohv']
Bryant Myers	Dalex	1	['74j34STf8L6uADnTN69ohv']
Bryant Myers	KEVVO	1	['74j34STf8L6uADnTN69ohv']
Chencho Corleone	Lyanno	1	['74j34STf8L6uADnTN69ohv']
Dalex	KEVVO	1	['74j34STf8L6uADnTN69ohv']
Dalex	Lyanno	1	['74j34STf8L6uADnTN69ohv']
KEVVO	Lyanno	1	['74j34STf8L6uADnTN69ohv']
Anuel AA	Snoop Dogg	1	['2f237byd0A2w0fLlnVDOV4']
Ozuna	Snoop Dogg	1	['2f237byd0A2w0fLlnVDOV4']
Arcángel	Dímelo Flow	1	['7sQKy5vlPQllr0k9IjYJv3']
Darell	Yandel	1	['5VImGHyEZhJz7hf0YTTi4t']
NATTI NATASHA	Yandel	1	['5VImGHyEZhJz7hf0YTTi4t']
Anuel AA	Mariah Angeliq	1	['5poUJOhLyalGkUedn3ggeX']
Daddy Yankee	Kendo Kaponi	1	['3kml9ZdpT7UYk1ugkjqOzt']
Daddy Yankee	Play-N-Skillz	1	['3SDvcxPcU7BlV1dAne4dWM']
Daddy Yankee	Zion & Lennox	1	['3SDvcxPcU7BlV1dAne4dWM']
Play-N-Skillz	Zion & Lennox	1	['3SDvcxPcU7BlV1dAne4dWM']
Bethoven Villaman	El Alfa	1	['6RZml1KyHkEaCSV7VaeQHY']
Bethoven Villaman	El Fother	1	['6RZml1KyHkEaCSV7VaeQHY']
Bethoven Villaman	Kiko el Crazy	1	['6RZml1KyHkEaCSV7VaeQHY']
El Alfa	El Fother	1	['6RZml1KyHkEaCSV7VaeQHY']
Chael Produciendo	Haraca Kiko	1	['2UWBxYXPZa5j90pazGkEL1']
El Alfa	Haraca Kiko	1	['2UWBxYXPZa5j90pazGkEL1']
21 Savage	Drake	1	['4Q34FP1AT7GEl9oLgNtiWj']
21 Savage	Metro Boomin	1	['4Q34FP1AT7GEl9oLgNtiWj']
Drake	Metro Boomin	1	['4Q34FP1AT7GEl9oLgNtiWj']
Aitana	Morat	1	['00QBHaaP4KUcjlmxWriMbC']
Anitta	Arcángel	1	['4cno0k9jDEFpLAQyHNjqVx']
Anitta	De La Ghetto	1	['4cno0k9jDEFpLAQyHNjqVx']
Bulova	El Fother	1	['5nv6XohPZR57rVfQQo8xQW']
Drake	Giveon	1	['4wVOKKEHUJxHCFFNUWDn0B']
Juice WRLD	The Weeknd	1	['6wQlQrTY5mVS8EGaFZVwVF']
Billie Eilish	Khalid	1	['0u2P5u6lvoDfwTYjAADbn4']
Alejandro Sanz	Camila Cabello	1	['1O4dGIPUXUanseRdv4fNzw']
Beéle	Lenny Tavárez	1	['2YpupWlGIpbkra73hHc8KW']
Danna Paola	Sebastian Yatra	1	['1GNSWpe2SB30zYGbNTD96b']
El Guincho	J Balvin	1	['2qG5sZ7Si6sdK74qLxedYM']
El Guincho	ROSALÍA	1	['2qG5sZ7Si6sdK74qLxedYM']
Camilo	Pablo Alborán	1	['5EbtodsuLbxrFDH6j5avVS']
Justin Quiles	Micro TDH	1	['4MWb6mltydQn84NrTm7Gpl']
Justin Quiles	Rels B	1	['4MWb6mltydQn84NrTm7Gpl']
Lenny Tavárez	Micro TDH	1	['4MWb6mltydQn84NrTm7Gpl']
Lenny Tavárez	Rels B	1	['4MWb6mltydQn84NrTm7Gpl']
Micro TDH	Rels B	1	['4MWb6mltydQn84NrTm7Gpl']
A7S	Topic	1	['3H7ihDc1dqLriiWXwsc2po']
Farruko	Sharo Towers	1	['6pNjmMB8FTMEcqGSgs7Mji']
Lunay	Sharo Towers	1	['6pNjmMB8FTMEcqGSgs7Mji']
Ozuna	Sharo Towers	1	['6pNjmMB8FTMEcqGSgs7Mji']
Sech	Sharo Towers	1	['6pNjmMB8FTMEcqGSgs7Mji']
Bad Bunny	Cardi B	1	['58q2HKrzhC3ozto2nDdN4z']
Cardi B	J Balvin	1	['58q2HKrzhC3ozto2nDdN4z']
Normani	Sam Smith	1	['6Qs4SXO9dwPj5GKvVOv8Ki']
El Alfa	Tyga	1	['7d9ybTfliQ5iOJB0i364OS']
Camilo	Christian Nodal	1	['63Zaf8Rci6eOUPqDQ4fUFx']
Kingz Daddy	La Perversa	1	['5ElkKxTM1EbmC2vU81IdpM']
Kingz Daddy	Musicologo The Libro	1	['5ElkKxTM1EbmC2vU81IdpM']
Kingz Daddy	Quimico Ultra Mega	1	['5ElkKxTM1EbmC2vU81IdpM']
Kingz Daddy	Tief El Bellaco	1	['5ElkKxTM1EbmC2vU81IdpM']
Kingz Daddy	Wilo D New	1	['5ElkKxTM1EbmC2vU81IdpM']
La Perversa	Musicologo The Libro	1	['5ElkKxTM1EbmC2vU81IdpM']
La Perversa	Quimico Ultra Mega	1	['5ElkKxTM1EbmC2vU81IdpM']
La Perversa	Tief El Bellaco	1	['5ElkKxTM1EbmC2vU81IdpM']
La Perversa	Wilo D New	1	['5ElkKxTM1EbmC2vU81IdpM']
Musicologo The Libro	Tief El Bellaco	1	['5ElkKxTM1EbmC2vU81IdpM']
Musicologo The Libro	Wilo D New	1	['5ElkKxTM1EbmC2vU81IdpM']
Quimico Ultra Mega	Tief El Bellaco	1	['5ElkKxTM1EbmC2vU81IdpM']
Quimico Ultra Mega	Wilo D New	1	['5ElkKxTM1EbmC2vU81IdpM']
Tief El Bellaco	Wilo D New	1	['5ElkKxTM1EbmC2vU81IdpM']
Y2K	bbno$	1	['51Fjme0JiitpyXKuyQiCDo']
La Ross Maria	Romeo Santos	1	['1eLiEFCEFRFsoHDL2bh8wy']
Eminem	Juice WRLD	1	['7FIWs0pqAYbP91WWM0vlTQ']
Cardi B	Megan Thee Stallion	1	['4Oun2ylbjFKMPTiaSbbCih']
Cali Y El Dandee	Sebastian Yatra	1	['5379uuUPHodsdVhy8pIAAr']
Arcángel	Maluma	1	['2namWBLTSw9YYJrkU1bT0s']
Maluma	Randy	1	['2pNfUdUipHAODmv11pZtNk']
Maluma	Zion	1	['2pNfUdUipHAODmv11pZtNk']
Randy	Zion	1	['2pNfUdUipHAODmv11pZtNk']
Ceky Viciny	Myke Towers	1	['0ixOy4DRchDtQfM5HAfEdq']
El Cherry Scom	Myke Towers	1	['0ixOy4DRchDtQfM5HAfEdq']
El Mega	Myke Towers	1	['0ixOy4DRchDtQfM5HAfEdq']
Myke Towers	Rochy RD	1	['0ixOy4DRchDtQfM5HAfEdq']
Dímelo Flow	Lunay	1	['684EjRHwNsZQ9hCQxL4NYL']
Dímelo Flow	Nicky Jam	1	['684EjRHwNsZQ9hCQxL4NYL']
Lunay	Nicky Jam	1	['684EjRHwNsZQ9hCQxL4NYL']
Lunay	Zion	1	['684EjRHwNsZQ9hCQxL4NYL']
Nicky Jam	Zion	1	['684EjRHwNsZQ9hCQxL4NYL']
Chael Produciendo	Kiko el Crazy	1	['5uAe6AXcN2SEOcOAy0Txkh']
Halsey	Juice WRLD	1	['4h5N4KyWZMtpeH9vhXSXjd']
Daddy Yankee	ROSALÍA	1	['35UUpTmrcFXNIVIN26ujXl']
Farruko	ROSALÍA	1	['35UUpTmrcFXNIVIN26ujXl']
ROSALÍA	Sech	1	['35UUpTmrcFXNIVIN26ujXl']
Ceky Viciny	Haraca Kiko	1	['7Gki9BLOqHoyqXUE627XWw']
Daddy Yankee	Marc Anthony	1	['7AUhck1sPy11OExQmDDx4P']
KEVVO	Yandel	1	['57xWRzNXuqDTH8TypfWtTB']
Drake	Fivio Foreign	1	['05aZ9sAU1YXndHv0FMi9iW']
Drake	Sosa Geek	1	['05aZ9sAU1YXndHv0FMi9iW']
Fivio Foreign	Sosa Geek	1	['05aZ9sAU1YXndHv0FMi9iW']
BTS	Jason Derulo	1	['4TgxFMOn5yoESW6zCidCXL']
BTS	Jawsh 685	1	['4TgxFMOn5yoESW6zCidCXL']
Eladio Carrion	Smokepurpp	1	['5HM8aaqHBRfU1ssRtY2uuO']
Almighty	Myke Towers	1	['2B94bbI1a4LyBpK1439oP7']
Almighty	Noriel	1	['2B94bbI1a4LyBpK1439oP7']
Almighty	Rauw Alejandro	1	['2B94bbI1a4LyBpK1439oP7']
Myke Towers	Noriel	1	['2B94bbI1a4LyBpK1439oP7']
24kGoldn	J Balvin	1	['6FuGJB290AQMAHTfjOYVaK']
24kGoldn	Justin Bieber	1	['6FuGJB290AQMAHTfjOYVaK']
J Balvin	Justin Bieber	1	['6FuGJB290AQMAHTfjOYVaK']
J Balvin	iann dior	1	['6FuGJB290AQMAHTfjOYVaK']
Justin Bieber	iann dior	1	['6FuGJB290AQMAHTfjOYVaK']
Alex Bueno	Romeo Santos	1	['197PCRC6OSRsJvYCurlsdz']
Bad Bunny	Jowell & Randy	1	['2DEZmgHKAvm41k4J3R2E9Y']
Jowell & Randy	Ñengo Flow	1	['2DEZmgHKAvm41k4J3R2E9Y']
Anuel AA	RobGz	1	['4FezOSdELgnYvg8x8CMkOR']
Almighty	Bad Bunny	1	['7rwX0O3RlxqqIjQM8evm5E']
Almighty	DJ Luian	1	['7rwX0O3RlxqqIjQM8evm5E']
Almighty	Mambo Kingz	1	['7rwX0O3RlxqqIjQM8evm5E']
Almighty	Ozuna	1	['7rwX0O3RlxqqIjQM8evm5E']
Almighty	Wisin	1	['7rwX0O3RlxqqIjQM8evm5E']
Bad Bunny	Wisin	1	['7rwX0O3RlxqqIjQM8evm5E']
Cosculluela	Dalmata	1	['2SdwRMzLw1vKClRinPqtuU']
Cosculluela	Lalo Ebratt	1	['2SdwRMzLw1vKClRinPqtuU']
Cosculluela	Llane	1	['2SdwRMzLw1vKClRinPqtuU']
Cosculluela	Manuel Turizo	1	['2SdwRMzLw1vKClRinPqtuU']
Cosculluela	Rauw Alejandro	1	['2SdwRMzLw1vKClRinPqtuU']
Cosculluela	Sebastian Yatra	1	['2SdwRMzLw1vKClRinPqtuU']
Dalmata	Lalo Ebratt	1	['2SdwRMzLw1vKClRinPqtuU']
Dalmata	Llane	1	['2SdwRMzLw1vKClRinPqtuU']
Dalmata	Manuel Turizo	1	['2SdwRMzLw1vKClRinPqtuU']
Dalmata	Rauw Alejandro	1	['2SdwRMzLw1vKClRinPqtuU']
Dalmata	Sebastian Yatra	1	['2SdwRMzLw1vKClRinPqtuU']
Lalo Ebratt	Llane	1	['2SdwRMzLw1vKClRinPqtuU']
Lalo Ebratt	Manuel Turizo	1	['2SdwRMzLw1vKClRinPqtuU']
Lalo Ebratt	Rauw Alejandro	1	['2SdwRMzLw1vKClRinPqtuU']
Lalo Ebratt	Sebastian Yatra	1	['2SdwRMzLw1vKClRinPqtuU']
Llane	Manuel Turizo	1	['2SdwRMzLw1vKClRinPqtuU']
Llane	Rauw Alejandro	1	['2SdwRMzLw1vKClRinPqtuU']
Llane	Sebastian Yatra	1	['2SdwRMzLw1vKClRinPqtuU']
Camilo	Shakira	1	['727DZ6qsujnLdNNLooqqZT']
Pedro Capó	Shakira	1	['727DZ6qsujnLdNNLooqqZT']
Bon Iver	Taylor Swift	1	['4pvb0WLRcMtbPGmtejJJ6y']
Bad Bunny	Residente	1	['1kMUGCt7XLDc5Q64Vl0H8S']
DJ Luian	Manuel Turizo	1	['203uubEQA07to1kbro35qQ']
DJ Luian	NATTI NATASHA	1	['203uubEQA07to1kbro35qQ']
Mambo Kingz	Manuel Turizo	1	['203uubEQA07to1kbro35qQ']
Mambo Kingz	NATTI NATASHA	1	['203uubEQA07to1kbro35qQ']
Manuel Turizo	Nicky Jam	1	['203uubEQA07to1kbro35qQ']
Black Jonas Point	Lapiz Conciente	1	['6jsivlh92jvLfF5EcQThXb']
Black Jonas Point	Musicologo The Libro	1	['6jsivlh92jvLfF5EcQThXb']
Black Jonas Point	Shadow Blow	1	['6jsivlh92jvLfF5EcQThXb']
Black Jonas Point	Sujeto Oro 24	1	['6jsivlh92jvLfF5EcQThXb']
Black Jonas Point	Toxic Crow	1	['6jsivlh92jvLfF5EcQThXb']
Lapiz Conciente	"Secreto ""El Famoso Biberon"""	1	['6jsivlh92jvLfF5EcQThXb']
Lapiz Conciente	Toxic Crow	1	['6jsivlh92jvLfF5EcQThXb']
Musicologo The Libro	"Secreto ""El Famoso Biberon"""	1	['6jsivlh92jvLfF5EcQThXb']
Musicologo The Libro	Shadow Blow	1	['6jsivlh92jvLfF5EcQThXb']
Musicologo The Libro	Toxic Crow	1	['6jsivlh92jvLfF5EcQThXb']
Quimico Ultra Mega	"Secreto ""El Famoso Biberon"""	1	['6jsivlh92jvLfF5EcQThXb']
Quimico Ultra Mega	Sujeto Oro 24	1	['6jsivlh92jvLfF5EcQThXb']
Quimico Ultra Mega	Toxic Crow	1	['6jsivlh92jvLfF5EcQThXb']
"Secreto ""El Famoso Biberon"""	Shadow Blow	1	['6jsivlh92jvLfF5EcQThXb']
"Secreto ""El Famoso Biberon"""	Sujeto Oro 24	1	['6jsivlh92jvLfF5EcQThXb']
"Secreto ""El Famoso Biberon"""	Toxic Crow	1	['6jsivlh92jvLfF5EcQThXb']
Shadow Blow	Sujeto Oro 24	1	['6jsivlh92jvLfF5EcQThXb']
Shadow Blow	Toxic Crow	1	['6jsivlh92jvLfF5EcQThXb']
Sujeto Oro 24	Toxic Crow	1	['6jsivlh92jvLfF5EcQThXb']
Rauw Alejandro	Yandel	1	['0j1VxrPkMyFGvz0jZzxUoZ']
Drake	Playboi Carti	1	['6Kj17Afjo1OKJYpf5VzCeo']
Anuel AA	Travis Barker	1	['6VN85VvNB8w1QbJCXW8rTC']
Anuel AA	Arcángel	1	['5J64qSSq0VZuh0CiI9o9Nq']
Arcángel	KAROL G	1	['5J64qSSq0VZuh0CiI9o9Nq']
DJ Luian	KAROL G	1	['5J64qSSq0VZuh0CiI9o9Nq']
KAROL G	Mambo Kingz	1	['5J64qSSq0VZuh0CiI9o9Nq']
Chimbala	Chucky73	1	['5xGtnjJ6eaioRtV6hcHqY0']
Chimbala	Fetti031	1	['5xGtnjJ6eaioRtV6hcHqY0']
Ed Sheeran & Justin Bieber	Justin Bieber	1	['0hVXuCcriWRGvwMV1r5Yn9']
DJ Snake	Diddy	1	['0iQmZXv7e8EHcmJmHpZX3o']
Diddy	Ozuna	1	['0iQmZXv7e8EHcmJmHpZX3o']
Ozuna	Tyga	1	['64RTHdDcAWhX47bhH8nA4u']
Post Malone	Swae Lee	1	['0RiRZpuVRbi7oqRdSMwhQY']
DJ Snake	Tyga	1	['6osaMSJh9NguagEDQcZaKx']
J Balvin	Tyga	1	['6osaMSJh9NguagEDQcZaKx']
Gigolo Y La Exce	Sech	1	['1Adwhpmwhz1CSi7E7QTwIC']
Akim	Shadow Blow	1	['29l6DFJpEgUekv3wkCXa2L']
Anuel AA	Black Jonas Point	1	['3DyiAk1BzIF8rq9rimypG4']
Anuel AA	Cardi B	1	['3DyiAk1BzIF8rq9rimypG4']
Anuel AA	Liro Shaq	1	['3DyiAk1BzIF8rq9rimypG4']
Anuel AA	"Secreto ""El Famoso Biberon"""	1	['3DyiAk1BzIF8rq9rimypG4']
Black Jonas Point	Cardi B	1	['3DyiAk1BzIF8rq9rimypG4']
Cardi B	Liro Shaq	1	['3DyiAk1BzIF8rq9rimypG4']
Cardi B	"Secreto ""El Famoso Biberon"""	1	['3DyiAk1BzIF8rq9rimypG4']
Alofoke Music	Light GM	1	['4oMg6oZhBpcLkFjAv4hxmL']
Alofoke Music	Musicologo	1	['4oMg6oZhBpcLkFjAv4hxmL']
Alofoke Music	Omega	1	['4oMg6oZhBpcLkFjAv4hxmL']
Alofoke Music	Rochy RD	1	['4oMg6oZhBpcLkFjAv4hxmL']
Alofoke Music	Shelow Shaq	1	['4oMg6oZhBpcLkFjAv4hxmL']
Alofoke Music	T.Y.S	1	['4oMg6oZhBpcLkFjAv4hxmL']
Alofoke Music	Wilmer Roberts	1	['4oMg6oZhBpcLkFjAv4hxmL']
Light GM	Musicologo	1	['4oMg6oZhBpcLkFjAv4hxmL']
Light GM	Omega	1	['4oMg6oZhBpcLkFjAv4hxmL']
Light GM	Ozuna	1	['4oMg6oZhBpcLkFjAv4hxmL']
Light GM	Rochy RD	1	['4oMg6oZhBpcLkFjAv4hxmL']
Light GM	Shelow Shaq	1	['4oMg6oZhBpcLkFjAv4hxmL']
Light GM	T.Y.S	1	['4oMg6oZhBpcLkFjAv4hxmL']
Light GM	Wilmer Roberts	1	['4oMg6oZhBpcLkFjAv4hxmL']
Musicologo	Omega	1	['4oMg6oZhBpcLkFjAv4hxmL']
Musicologo	Ozuna	1	['4oMg6oZhBpcLkFjAv4hxmL']
Musicologo	Rochy RD	1	['4oMg6oZhBpcLkFjAv4hxmL']
Musicologo	Shelow Shaq	1	['4oMg6oZhBpcLkFjAv4hxmL']
Musicologo	T.Y.S	1	['4oMg6oZhBpcLkFjAv4hxmL']
Musicologo	Wilmer Roberts	1	['4oMg6oZhBpcLkFjAv4hxmL']
Omega	Ozuna	1	['4oMg6oZhBpcLkFjAv4hxmL']
Omega	Rochy RD	1	['4oMg6oZhBpcLkFjAv4hxmL']
Omega	Shelow Shaq	1	['4oMg6oZhBpcLkFjAv4hxmL']
Omega	T.Y.S	1	['4oMg6oZhBpcLkFjAv4hxmL']
Omega	Wilmer Roberts	1	['4oMg6oZhBpcLkFjAv4hxmL']
Ozuna	Rochy RD	1	['4oMg6oZhBpcLkFjAv4hxmL']
Ozuna	Shelow Shaq	1	['4oMg6oZhBpcLkFjAv4hxmL']
Ozuna	T.Y.S	1	['4oMg6oZhBpcLkFjAv4hxmL']
Ozuna	Wilmer Roberts	1	['4oMg6oZhBpcLkFjAv4hxmL']
Rochy RD	T.Y.S	1	['4oMg6oZhBpcLkFjAv4hxmL']
Rochy RD	Wilmer Roberts	1	['4oMg6oZhBpcLkFjAv4hxmL']
Shelow Shaq	T.Y.S	1	['4oMg6oZhBpcLkFjAv4hxmL']
Shelow Shaq	Wilmer Roberts	1	['4oMg6oZhBpcLkFjAv4hxmL']
T.Y.S	Wilmer Roberts	1	['4oMg6oZhBpcLkFjAv4hxmL']
DJ Nelson	Jhayco	1	['7LE1K0lZyRFZjSlrnm7lfD']
DJ Nelson	Kendo Kaponi	1	['7LE1K0lZyRFZjSlrnm7lfD']
DJ Nelson	Lunay	1	['7LE1K0lZyRFZjSlrnm7lfD']
DJ Nelson	Rauw Alejandro	1	['7LE1K0lZyRFZjSlrnm7lfD']
Jay Wheeler	Jhayco	1	['7LE1K0lZyRFZjSlrnm7lfD']
Jay Wheeler	Kendo Kaponi	1	['7LE1K0lZyRFZjSlrnm7lfD']
Jay Wheeler	Lunay	1	['7LE1K0lZyRFZjSlrnm7lfD']
Jhayco	Kendo Kaponi	1	['7LE1K0lZyRFZjSlrnm7lfD']
Jhayco	Rauw Alejandro	1	['7LE1K0lZyRFZjSlrnm7lfD']
Kendo Kaponi	Lunay	1	['7LE1K0lZyRFZjSlrnm7lfD']
Kendo Kaponi	Myke Towers	1	['7LE1K0lZyRFZjSlrnm7lfD']
Kendo Kaponi	Rauw Alejandro	1	['7LE1K0lZyRFZjSlrnm7lfD']
DJ Luian	Ñengo Flow	1	['6C1RD7YQVvt3YQj0CmuTeu']
Mambo Kingz	Ñengo Flow	1	['6C1RD7YQVvt3YQj0CmuTeu']
Ozuna	Ñengo Flow	1	['6C1RD7YQVvt3YQj0CmuTeu']
Bulin 47	Don Miguelo	1	['5YXUq4sQa30oHvuxZl0P6T']
Jowell & Randy	Miky Woodz	1	['0Qb6O6yQvUZZSZTs2PVYsI']
Demi Lovato	Sam Smith	1	['1fipvP2zmef6vN2IwXfJhY']
Brytiago	Gigolo Y La Exce	1	['25IPptA8jtbRxCaOnIj47I']
Yandel	Zion & Lennox	1	['3xr2IyX1IDfBSxu25rHCcj']
Bad Bunny	Cosculluela	1	['0r9d60ZYPAlFHq8qnUtkXN']
Jay Wheeler	Yandel	1	['7L2gGJciod5bLHHNebQwCj']
Anuel AA	Juice WRLD	1	['2AuWgceaQyfMoI3EGavwGb']
Anuel AA	Rvssian	1	['2AuWgceaQyfMoI3EGavwGb']
Juice WRLD	Rvssian	1	['2AuWgceaQyfMoI3EGavwGb']
Feid	J Balvin	1	['7lUdbnz7wsv3C9zzf4WHl9']
Feid	Maluma	1	['7lUdbnz7wsv3C9zzf4WHl9']
J Balvin	Justin Quiles	1	['7lUdbnz7wsv3C9zzf4WHl9']
Frank Reyes	Romeo Santos	1	['1soECbw2IFdWt5W8Rb4uG7']
El Alfa	Gigolo Y La Exce	1	['64kNRze29YqCFzFEpQCaHQ']
Farruko	Gigolo Y La Exce	1	['64kNRze29YqCFzFEpQCaHQ']
Cali Y El Dandee	Danna Paola	1	['4K8cyoCDovlc4FvtUr2Hfx']
Brytiago	Eix	1	['5Xe78U9cUwnWOuWbgYvAKZ']
Brytiago	Noriel	1	['5Xe78U9cUwnWOuWbgYvAKZ']
Eix	Jay Wheeler	1	['5Xe78U9cUwnWOuWbgYvAKZ']
Eix	KEVVO	1	['5Xe78U9cUwnWOuWbgYvAKZ']
Eix	Noriel	1	['5Xe78U9cUwnWOuWbgYvAKZ']
Eix	Rauw Alejandro	1	['5Xe78U9cUwnWOuWbgYvAKZ']
Jay Wheeler	KEVVO	1	['5Xe78U9cUwnWOuWbgYvAKZ']
Jay Wheeler	Noriel	1	['5Xe78U9cUwnWOuWbgYvAKZ']
KEVVO	Noriel	1	['5Xe78U9cUwnWOuWbgYvAKZ']
Cazzu	Cosculluela	1	['3A4mcukwxLsaD5Q4J5Iixr']
Cazzu	Eladio Carrion	1	['3A4mcukwxLsaD5Q4J5Iixr']
Cosculluela	Eladio Carrion	1	['3A4mcukwxLsaD5Q4J5Iixr']
Arcángel	Cauty	1	['5caqLyn9T06xoZNwvzKMkI']
Brray	Cauty	1	['5caqLyn9T06xoZNwvzKMkI']
ELYSANIJ	Tempo	1	['45LusyQqH2VeWlVvic6Lp1']
Drake	Young Thug	1	['5fHrHoJKfCgBd35zwIBmUK']
Future	Young Thug	1	['5fHrHoJKfCgBd35zwIBmUK']
Ariana Grande	Ty Dolla $ign	1	['14gkWVFMwdxBMyqBw1wmIg']
Bulova	El Alfa	1	['3ds1VoDnWeSJ3XbkSamt94']
Bulova	Jowell & Randy	1	['3ds1VoDnWeSJ3XbkSamt94']
Bulova	Shadow Blow	1	['3ds1VoDnWeSJ3XbkSamt94']
Bulova	Yomel El Meloso	1	['3ds1VoDnWeSJ3XbkSamt94']
Bulova	Zion & Lennox	1	['3ds1VoDnWeSJ3XbkSamt94']
El Alfa	Jowell & Randy	1	['3ds1VoDnWeSJ3XbkSamt94']
El Alfa	Shadow Blow	1	['3ds1VoDnWeSJ3XbkSamt94']
El Alfa	Yomel El Meloso	1	['3ds1VoDnWeSJ3XbkSamt94']
Jowell & Randy	Shadow Blow	1	['3ds1VoDnWeSJ3XbkSamt94']
Jowell & Randy	Yomel El Meloso	1	['3ds1VoDnWeSJ3XbkSamt94']
Jowell & Randy	Zion & Lennox	1	['3ds1VoDnWeSJ3XbkSamt94']
Shadow Blow	Yomel El Meloso	1	['3ds1VoDnWeSJ3XbkSamt94']
Shadow Blow	Zion & Lennox	1	['3ds1VoDnWeSJ3XbkSamt94']
Yomel El Meloso	Zion & Lennox	1	['3ds1VoDnWeSJ3XbkSamt94']
Guaynaa	Sebastian Yatra	1	['21N4Buj4xsyLb218lYle61']
El Alfa	Nesi	1	['1iUfBsWrQejyW8cgS2zUDb']
El Alfa	Play-N-Skillz	1	['0NMfbBpDkMp4WnAOnRFoiw']
Farruko	Play-N-Skillz	1	['0NMfbBpDkMp4WnAOnRFoiw']
Distin Prada	Pablo Piddy	1	['2fSiIohbKFSvWTJXWwUIyR']
Distin Prada	Royel 27	1	['2fSiIohbKFSvWTJXWwUIyR']
Distin Prada	Yomel El Meloso	1	['2fSiIohbKFSvWTJXWwUIyR']
Pablo Piddy	Royel 27	1	['2fSiIohbKFSvWTJXWwUIyR']
Pablo Piddy	Yomel El Meloso	1	['2fSiIohbKFSvWTJXWwUIyR']
Royel 27	Yomel El Meloso	1	['2fSiIohbKFSvWTJXWwUIyR']
Rauw Alejandro	Tainy	1	['2wnhst8yHA4gKuojAgZedh']
Anuel AA	Jhayco	1	['3qM0vBxIe4VUbK0Z0smuVP']
Arcángel	Zion	1	['6K5BsR04ijf3FHNzjbaagD']
Myke Towers	Zion	1	['6K5BsR04ijf3FHNzjbaagD']
Sech	Wisin & Yandel	1	['4kuQJb8ghj6268fBTtB3bX']
Anitta	Cardi B	1	['7e1VoRlNumuEkXlITMHKLE']
Anitta	Myke Towers	1	['7e1VoRlNumuEkXlITMHKLE']
Cardi B	Myke Towers	1	['7e1VoRlNumuEkXlITMHKLE']
Myke Towers	Prince Royce	1	['5kQre7o8ky5DXeEPcyaCR1']
Bad Bunny	Diplo	1	['5jGUJXnELDaDTgiRjD9lsg']
Christian Nodal	Piso 21	1	['1cVlW9WQiGlFdWUXFdFZGh']
Elvis Martinez	Romeo Santos	1	['0pB0CN0dxKKmZghn4gpLhj']
Amenazzy	Don Omar	1	['4NLcgBskZkUYgpAVQF0sNI']
Miky Woodz	NATTI NATASHA	1	['7FhopXtl9z9YtD9NwUf9ss']
Bulin 47	Crazy Design	1	['68QTlXvLrJp3wtP57QSjfg']
Ceky Viciny	Crazy Design	1	['68QTlXvLrJp3wtP57QSjfg']
Johnny Ventura	Kinito Mendez	1	['04H7YguMEYSge2hWDq2mdo']
Daddy Yankee	Wisin & Yandel	1	['7MRU4vOkywuhZ9kbFiPuiu']
Brytiago	Eladio Carrion	1	['1F205Nl2feOSYSztLNOJAL']
Dalex	Jay Wheeler	1	['380s4xgCihI5PhbbvYt6cP']
Alex Rose	Cazzu	1	['47ZS1OjnJpJVfGN9yHXfMn']
Alex Rose	Lenny Tavárez	1	['47ZS1OjnJpJVfGN9yHXfMn']
Alex Rose	Rauw Alejandro	1	['47ZS1OjnJpJVfGN9yHXfMn']
Cazzu	Lyanno	1	['47ZS1OjnJpJVfGN9yHXfMn']
Cazzu	Rauw Alejandro	1	['47ZS1OjnJpJVfGN9yHXfMn']
Dua Lipa	Hwa Sa	1	['23jEeXRyrjFbfs2Q8tBwdI']
KAROL G	Nicki Minaj	1	['7k4t7uLgtOxPwTpFmtJNTY']
Nando Boom	Sech	1	['2TTE72e6fzVFFG5oMWsyjD']
Jone Quest	Lenny Tavárez	1	['57Ba26w9eoXx8BBUNgRNLV']
Jone Quest	Myke Towers	1	['57Ba26w9eoXx8BBUNgRNLV']
Jone Quest	Rafa Pabön	1	['57Ba26w9eoXx8BBUNgRNLV']
Arcángel	Kenai	1	['4jpzkaXeIglP7BfyhmtNW9']
Arcángel	Miky Woodz	1	['4jpzkaXeIglP7BfyhmtNW9']
Arcángel	Ñejo	1	['4jpzkaXeIglP7BfyhmtNW9']
Kenai	Miky Woodz	1	['4jpzkaXeIglP7BfyhmtNW9']
Kenai	Myke Towers	1	['4jpzkaXeIglP7BfyhmtNW9']
Kenai	Rauw Alejandro	1	['4jpzkaXeIglP7BfyhmtNW9']
Kenai	Ñejo	1	['4jpzkaXeIglP7BfyhmtNW9']
Kenai	Ñengo Flow	1	['4jpzkaXeIglP7BfyhmtNW9']
Miky Woodz	Rauw Alejandro	1	['4jpzkaXeIglP7BfyhmtNW9']
Miky Woodz	Ñejo	1	['4jpzkaXeIglP7BfyhmtNW9']
Miky Woodz	Ñengo Flow	1	['4jpzkaXeIglP7BfyhmtNW9']
Myke Towers	Ñejo	1	['4jpzkaXeIglP7BfyhmtNW9']
Rauw Alejandro	Ñejo	1	['4jpzkaXeIglP7BfyhmtNW9']
Rauw Alejandro	Ñengo Flow	1	['4jpzkaXeIglP7BfyhmtNW9']
Ñejo	Ñengo Flow	1	['4jpzkaXeIglP7BfyhmtNW9']
Romeo Santos	Teodoro Reyes	1	['2zHgz7X52WqdckhjMJj6mt']
Anthony Santos	Luis Vargas	1	['1dZe54pxTPI1XsISVTR6ns']
Anthony Santos	Raulin Rodriguez	1	['1dZe54pxTPI1XsISVTR6ns']
Luis Vargas	Raulin Rodriguez	1	['1dZe54pxTPI1XsISVTR6ns']
Amenazzy	Eladio Carrion	1	['0LJxgVwQXjsdrxfyNmRuYg']
Amenazzy	Lyanno	1	['0LJxgVwQXjsdrxfyNmRuYg']
Amenazzy	Rauw Alejandro	1	['0LJxgVwQXjsdrxfyNmRuYg']
Eladio Carrion	Lyanno	1	['0LJxgVwQXjsdrxfyNmRuYg']
Eladio Carrion	Rauw Alejandro	1	['0LJxgVwQXjsdrxfyNmRuYg']
Arcángel	Yaga & Mackie	1	['6qmi7bapPoaIr0riLzoo29']
De La Ghetto	Yaga & Mackie	1	['6qmi7bapPoaIr0riLzoo29']
Eladio Carrion	Jon Z	1	['2VoXIVlMLnbMeg3C0ghm6T']
Anuel AA	Lil Wayne	1	['4mbb7hmfDR6M9cQaLdYSFd']
Nicky Jam	Tempo	1	['5vvBs55tKriAoArPaqoIhA']
Bad Bunny	Mora	1	['5J7teKIJGtqVypgYI6sqXj']
Arcángel	Chencho Corleone	1	['1aUGxXCz9QimNkKeiJtzZ7']
Arcángel	KEVVO	1	['1aUGxXCz9QimNkKeiJtzZ7']
Brytiago	Chencho Corleone	1	['1aUGxXCz9QimNkKeiJtzZ7']
Brytiago	Farruko	1	['1aUGxXCz9QimNkKeiJtzZ7']
Brytiago	Ñengo Flow	1	['1aUGxXCz9QimNkKeiJtzZ7']
Chencho Corleone	Darell	1	['1aUGxXCz9QimNkKeiJtzZ7']
Chencho Corleone	Ñengo Flow	1	['1aUGxXCz9QimNkKeiJtzZ7']
Darell	KEVVO	1	['1aUGxXCz9QimNkKeiJtzZ7']
Farruko	KEVVO	1	['1aUGxXCz9QimNkKeiJtzZ7']
KEVVO	Myke Towers	1	['1aUGxXCz9QimNkKeiJtzZ7']
Camilo	El Alfa	1	['7D7EH7MGyNHWSkqrszerI1']
Brytiago	Dalex	1	['0WfoXzTTleO9bHtuQIn5EY']
Brytiago	Lenny Tavárez	1	['0WfoXzTTleO9bHtuQIn5EY']
M.I.A.	Travis Scott	1	['4jVBIpuOiMj1crqd8LoCrJ']
M.I.A.	Young Thug	1	['4jVBIpuOiMj1crqd8LoCrJ']
Travis Scott	Young Thug	1	['4jVBIpuOiMj1crqd8LoCrJ']
Pop Smoke	Quavo	1	['6O7fPYTsb2mY0PiFt2ymDB']
J Balvin	Lalo Ebratt	1	['59s0s39NFWScuHDbHytI14']
J Balvin	Reik	1	['59s0s39NFWScuHDbHytI14']
Lalo Ebratt	Reik	1	['59s0s39NFWScuHDbHytI14']
Bad Bunny	ROSALÍA	1	['2XIc1pqjXV3Cr2BQUGNBck']
Justin Quiles	Rafa Pabön	1	['7anSoGdgtmJTAPZBzcPhO6']
Nicky Jam	Rafa Pabön	1	['7anSoGdgtmJTAPZBzcPhO6']
Diego Smith	Kiddtetoon	1	['6fGyrAxqgdvhzcOKlMQq5s']
Diego Smith	Ozuna	1	['6fGyrAxqgdvhzcOKlMQq5s']
Kiddtetoon	Ozuna	1	['6fGyrAxqgdvhzcOKlMQq5s']
Anuel AA	Don Toliver	1	['4EZ1JcbxfbVwuQRDJFUrzK']
Anuel AA	Gunna	1	['4EZ1JcbxfbVwuQRDJFUrzK']
Anuel AA	Internet Money	1	['4EZ1JcbxfbVwuQRDJFUrzK']
Anuel AA	NAV	1	['4EZ1JcbxfbVwuQRDJFUrzK']
El Chuky	Rochy RD	1	['5CMYuOwdkbwCGz9QY1nII6']
Alofoke Music	El Cherry Scom	1	['16mjWUaQ4MjErG3LiD4jlD']
Alofoke Music	Kiko el Crazy	1	['16mjWUaQ4MjErG3LiD4jlD']
El Cherry Scom	Kiko el Crazy	1	['16mjWUaQ4MjErG3LiD4jlD']
El Cherry Scom	Ozuna	1	['16mjWUaQ4MjErG3LiD4jlD']
Kiko el Crazy	Ozuna	1	['16mjWUaQ4MjErG3LiD4jlD']
Justin Bieber	Travis Scott	1	['1PnAx788sAvcI3ZxTlEyX8']
Drake	Lil Durk	1	['2SAqBLGA283SUiwJ3xOUVI']
Bryant Myers	Chen	1	['5uKQXohrZ8PJgkApg1QYde']
Bryant Myers	Farruko	1	['5uKQXohrZ8PJgkApg1QYde']
Bryant Myers	Julito	1	['5uKQXohrZ8PJgkApg1QYde']
Bryant Myers	Omy de Oro	1	['5uKQXohrZ8PJgkApg1QYde']
Chen	El Alfa	1	['5uKQXohrZ8PJgkApg1QYde']
Chen	Farruko	1	['5uKQXohrZ8PJgkApg1QYde']
Chen	Julito	1	['5uKQXohrZ8PJgkApg1QYde']
Chen	Omy de Oro	1	['5uKQXohrZ8PJgkApg1QYde']
El Alfa	Julito	1	['5uKQXohrZ8PJgkApg1QYde']
El Alfa	Omy de Oro	1	['5uKQXohrZ8PJgkApg1QYde']
Farruko	Julito	1	['5uKQXohrZ8PJgkApg1QYde']
Farruko	Omy de Oro	1	['5uKQXohrZ8PJgkApg1QYde']
Julito	Omy de Oro	1	['5uKQXohrZ8PJgkApg1QYde']
Guaynaa	Lele Pons	1	['11EnQRgRMJwMAesfkB5pnu']
Dalex	Ozuna	1	['2FK1agZzZzTyxV2CD7ixcP']
Akon	Maffio	1	['1RKqrHsNqB9pECYucfOB61']
Akon	Nicky Jam	1	['1RKqrHsNqB9pECYucfOB61']
Maffio	Nicky Jam	1	['1RKqrHsNqB9pECYucfOB61']
Doble T & El Crok	El Alfa	1	['340lZ0e8ZjEXO95qLg44pY']
Eladio Carrion	J Balvin	1	['4W9Fo3bJgtLZrffi0611Kl']
Eladio Carrion	Ñengo Flow	1	['4W9Fo3bJgtLZrffi0611Kl']
J Balvin	Ñengo Flow	1	['4W9Fo3bJgtLZrffi0611Kl']
Camilo	Manuel Turizo	1	['56f5qnyAlZdlz8wrUDA50h']
Manuel Turizo	Mau y Ricky	1	['56f5qnyAlZdlz8wrUDA50h']
De La Ghetto	Nicky Jam	1	['2CIJusVSWZKH4XIXxipD0I']
Cardi B	DJ Snake	1	['0KoiMHhqKLoL4xM54rcWYY']
Cardi B	Ozuna	1	['0KoiMHhqKLoL4xM54rcWYY']
Cardi B	Selena Gomez	1	['0KoiMHhqKLoL4xM54rcWYY']
DJ Snake	Selena Gomez	1	['0KoiMHhqKLoL4xM54rcWYY']
Ozuna	Selena Gomez	1	['0KoiMHhqKLoL4xM54rcWYY']
Haraca Kiko	Yailin la Mas Viral	1	['612uacP0lqkcW20o02BdGT']
Justin Quiles	Manuel Turizo	1	['4RdtVn0XGoKUAtrgtSmild']
Lenny Tavárez	Manuel Turizo	1	['4RdtVn0XGoKUAtrgtSmild']
Lenny Tavárez	Miky Woodz	1	['4RdtVn0XGoKUAtrgtSmild']
Manuel Turizo	Wisin	1	['4RdtVn0XGoKUAtrgtSmild']
Monchy & Alexandra	Romeo Santos	1	['6hwmqR7uQhytLnJzt1RVPF']
Juan Luis Guerra 4.40	Luis Fonsi	1	['609SDGj0txmlAXRrpwee9Y']
Ozuna	Willy Rodríguez	1	['2sGcLL6UBHSRCm3kiKH9zI']
Aventura	Don Omar	1	['6G4U9avyBNEfP0fAIduev3']
Miky Woodz	Zion & Lennox	1	['1ix16JV8qSq3kq593CPh3w']
Bryant Myers	Jon Z	1	['4phvdPGXE8MGXsTBhqB5ht']
Bryant Myers	Miky Woodz	1	['4phvdPGXE8MGXsTBhqB5ht']
Bryant Myers	Noriel	1	['4phvdPGXE8MGXsTBhqB5ht']
Bryant Myers	Plan B	1	['4phvdPGXE8MGXsTBhqB5ht']
El Alfa	Jon Z	1	['4phvdPGXE8MGXsTBhqB5ht']
El Alfa	Plan B	1	['4phvdPGXE8MGXsTBhqB5ht']
Jon Z	Miky Woodz	1	['4phvdPGXE8MGXsTBhqB5ht']
Jon Z	Plan B	1	['4phvdPGXE8MGXsTBhqB5ht']
Miky Woodz	Noriel	1	['4phvdPGXE8MGXsTBhqB5ht']
Miky Woodz	Plan B	1	['4phvdPGXE8MGXsTBhqB5ht']
Noriel	Plan B	1	['4phvdPGXE8MGXsTBhqB5ht']
Lunay	NATTI NATASHA	1	['0A37XY67wSdGqkGjtfW6aV']
NATTI NATASHA	Rauw Alejandro	1	['0A37XY67wSdGqkGjtfW6aV']
Farruko	Tempo	1	['4gChz67rTHfVzKCZAHsifM']
Jay Wheeler	Sech	1	['4gChz67rTHfVzKCZAHsifM']
Jay Wheeler	Tempo	1	['4gChz67rTHfVzKCZAHsifM']
Myke Towers	Tempo	1	['4gChz67rTHfVzKCZAHsifM']
Sech	Tempo	1	['4gChz67rTHfVzKCZAHsifM']
DaBaby	Lil Baby	1	['0PvFJmanyNQMseIFrU708S']
DaBaby	Pop Smoke	1	['0PvFJmanyNQMseIFrU708S']
Lil Baby	Pop Smoke	1	['0PvFJmanyNQMseIFrU708S']
B. Swanson Quartet	Frank Sinatra	1	['4kKdvXD0ez7jp1296JmAts']
Anuel AA	Tainy	1	['3jbT1Y5MoPwEIpZndDDwVq']
Ozuna	Tainy	1	['3jbT1Y5MoPwEIpZndDDwVq']
Ir Sais	Rauw Alejandro	1	['099tjv6oy2opbpCOA3nBwX']
El Alfa	Wisin & Yandel	1	['0XVH2UjkNeaXgh372YtzLe']
Pitbull	Wisin & Yandel	1	['0XVH2UjkNeaXgh372YtzLe']
Alex Rose	Anuel AA	1	['1fXEkSum1vbTa3w0yvYzYW']
Alex Rose	Brytiago	1	['1fXEkSum1vbTa3w0yvYzYW']
Alex Rose	Lunay	1	['1fXEkSum1vbTa3w0yvYzYW']
Anuel AA	Lyanno	1	['1fXEkSum1vbTa3w0yvYzYW']
Brytiago	Lunay	1	['1fXEkSum1vbTa3w0yvYzYW']
Brytiago	Lyanno	1	['1fXEkSum1vbTa3w0yvYzYW']
Lunay	Lyanno	1	['1fXEkSum1vbTa3w0yvYzYW']
Arcángel	Yandel	1	['50NSK5HiSoT4Lh2pyJ6Pd7']
Farruko	Yandel	1	['50NSK5HiSoT4Lh2pyJ6Pd7']
Héctor Lavoe	Willie Colón	1	['0LdlVrH3R9PCfaVNNVANgl']
Héctor Lavoe	Yomo Toro	1	['0LdlVrH3R9PCfaVNNVANgl']
Willie Colón	Yomo Toro	1	['0LdlVrH3R9PCfaVNNVANgl']
Dalex	Darell	1	['1qym5o53zYbVzQfi8Z64eO']
Darell	Dímelo Flow	1	['1qym5o53zYbVzQfi8Z64eO']
Darell	Justin Quiles	1	['1qym5o53zYbVzQfi8Z64eO']
Darell	Rich Music LTD	1	['1qym5o53zYbVzQfi8Z64eO']
Dímelo Flow	Rich Music LTD	1	['1qym5o53zYbVzQfi8Z64eO']
Casper Magico	Flow La Movie	1	['2etJ67Egf7woMgOikVrlJM']
Flow La Movie	Nio Garcia	1	['2etJ67Egf7woMgOikVrlJM']
Black Jonas Point	El Experimento (Macgyver)	1	['4WY6Cg8hEky40v7Xwz07vB']
Black Jonas Point	Most Wanted La Familia	1	['4WY6Cg8hEky40v7Xwz07vB']
Black Jonas Point	Tokischa	1	['4WY6Cg8hEky40v7Xwz07vB']
El Experimento (Macgyver)	Luiyitox	1	['4WY6Cg8hEky40v7Xwz07vB']
El Experimento (Macgyver)	Most Wanted La Familia	1	['4WY6Cg8hEky40v7Xwz07vB']
El Experimento (Macgyver)	Quimico Ultra Mega	1	['4WY6Cg8hEky40v7Xwz07vB']
El Experimento (Macgyver)	Tokischa	1	['4WY6Cg8hEky40v7Xwz07vB']
Luiyitox	Most Wanted La Familia	1	['4WY6Cg8hEky40v7Xwz07vB']
Luiyitox	Tokischa	1	['4WY6Cg8hEky40v7Xwz07vB']
Most Wanted La Familia	Quimico Ultra Mega	1	['4WY6Cg8hEky40v7Xwz07vB']
Most Wanted La Familia	Tokischa	1	['4WY6Cg8hEky40v7Xwz07vB']
Quimico Ultra Mega	Tokischa	1	['4WY6Cg8hEky40v7Xwz07vB']
Camilo	Lunay	1	['2EEmzqzM70CybVspgM7YRT']
Lunay	Mau y Ricky	1	['2EEmzqzM70CybVspgM7YRT']
Ariana Grande	Justin Bieber	1	['4HBZA5flZLE435QTztThqH']
Lito Kirino	Shadow Blow	1	['7rHKeXEFcGEwbsz7lMhy39']
Joe Veras	Romeo Santos	1	['3cdTfwai1PtCGOd9DIBMNU']
Bulova	Rochy RD	1	['5x7X7BSxoMM7ZGGkACw5Ag']
Bulova	Young Gatillo	1	['5x7X7BSxoMM7ZGGkACw5Ag']
Ceky Viciny	Young Gatillo	1	['5x7X7BSxoMM7ZGGkACw5Ag']
Rochy RD	Young Gatillo	1	['5x7X7BSxoMM7ZGGkACw5Ag']
Chencho Corleone	El Alfa	1	['0lCHRVlRZCEyLj3Gkc1nv1']
Chencho Corleone	Justin Quiles	1	['0lCHRVlRZCEyLj3Gkc1nv1']
Justin Quiles	Myke Towers	1	['0lCHRVlRZCEyLj3Gkc1nv1']
Bulin 47	El Mayor Clasico	1	['1xnkJ7O4Sz7D6vxPyjZkQt']
Ceky Viciny	El Mayor Clasico	1	['1xnkJ7O4Sz7D6vxPyjZkQt']
Diplo	J Balvin	1	['1G2CAJeP7rCwOZjlSJ0Zw3']
Diplo	Major Lazer	1	['1G2CAJeP7rCwOZjlSJ0Zw3']
El Alfa	J Balvin	1	['1G2CAJeP7rCwOZjlSJ0Zw3']
El Alfa	Major Lazer	1	['1G2CAJeP7rCwOZjlSJ0Zw3']
J Balvin	Major Lazer	1	['1G2CAJeP7rCwOZjlSJ0Zw3']
Jhayco	Yandel	1	['2pPUUM4NPWT4KV7Jf0Mnmb']
Haze	Myke Towers	1	['0i9oiUkWOgvtnjkr0fa3XN']
Farruko	Kiko el Crazy	1	['7E5Auner2DXPjnIyJELlyJ']
Billy Ray Cyrus	Lil Nas X	1	['2YpeDb67231RjR0MgVLzsG']
Bastille	Marshmello	1	['2dpaYNEQHiRxtZbfNsse99']
Anuel AA	Bryant Myers	1	['27qRmG3zOWPvMYUkpPdQ1g']
Powfu	beabadoobee	1	['7eJMfftS33KTjuF7lTsMCx']
CNCO	NATTI NATASHA	1	['0P0UtGDZpUMWoFCuDTn78K']
Elton John	Lady Gaga	1	['0zzsyWc45eUcSjw4FNHxeN']
Anuel AA	Lil Pump	1	['0IGQvkMGwRuL0wWzVQw1Bc']
Farruko	Zion & Lennox	1	['0tJCo71s7HT9Mu5Z4juuLw']
Beéle	Farruko	1	['6nGM44ZP7vSo0istUW2MOq']
Beéle	NATTI NATASHA	1	['6nGM44ZP7vSo0istUW2MOq']
Farruko	Manuel Turizo	1	['6nGM44ZP7vSo0istUW2MOq']
J.I the Prince of N.Y	Myke Towers	1	['6GlNseuKrVgGyieWH5jUIn']
Dalex	La Exce	1	['0UfVfRSmy4xMyi67LKH5zZ']
Dímelo Flow	Feid	1	['0UfVfRSmy4xMyi67LKH5zZ']
Dímelo Flow	La Exce	1	['0UfVfRSmy4xMyi67LKH5zZ']
Feid	La Exce	1	['0UfVfRSmy4xMyi67LKH5zZ']
Justin Quiles	La Exce	1	['0UfVfRSmy4xMyi67LKH5zZ']
La Exce	Sech	1	['0UfVfRSmy4xMyi67LKH5zZ']
La Exce	Zion	1	['0UfVfRSmy4xMyi67LKH5zZ']
El Alfa	Sech	1	['047WmwIeerHyIUstFAEz5A']
El Alfa	Vin Diesel	1	['047WmwIeerHyIUstFAEz5A']
Lil Pump	Myke Towers	1	['047WmwIeerHyIUstFAEz5A']
Lil Pump	Sech	1	['047WmwIeerHyIUstFAEz5A']
Lil Pump	Vin Diesel	1	['047WmwIeerHyIUstFAEz5A']
Myke Towers	Vin Diesel	1	['047WmwIeerHyIUstFAEz5A']
Sech	Vin Diesel	1	['047WmwIeerHyIUstFAEz5A']
Dalex	Maluma	1	['7fODjB7BrQTGqh0hogW6XD']
Emilee	Surf Mesa	1	['62aP9fBQKYKxi7PDXwcUAS']
Brytiago	DJ Nelson	1	['6pLcaMkr9zB9nVMqe7sToa']
KAROL G	Maluma	1	['4EKZsrsCKyqr64FBHLc0DU']
J Balvin	Rauw Alejandro	1	['22Sh5dlwbERqJAq1fZk5b2']
Chimbala	El Mayor Clasico	1	['4paqCBulJy7w1YKemyDxca']
Chimbala	Mozart La Para	1	['4paqCBulJy7w1YKemyDxca']
Chimbala	Rochy RD	1	['4paqCBulJy7w1YKemyDxca']
El Mayor Clasico	Mozart La Para	1	['4paqCBulJy7w1YKemyDxca']
Mozart La Para	Rochy RD	1	['4paqCBulJy7w1YKemyDxca']
Maluma	Piso 21	1	['69Y5IZuBvGyzySFt5x7kCq']
Dalex	Yemil	1	['4njUNpwjkrcV4AirMBsLJx']
Farruko	Yemil	1	['4njUNpwjkrcV4AirMBsLJx']
EL POTE ESTILO CON FILO	Lapiz Conciente	1	['2jRh9SQ2Ii6z2Z7l93P7CF']
Jd Pantoja	Kim Loaiza	1	['5gc6e6b4ZLAxhLeVtgWe9c']
Cazzu	KHEA	1	['7g8YaUQABMal0zWe7a2ijz']
Cazzu	Rafa Pabön	1	['7g8YaUQABMal0zWe7a2ijz']
Dalex	KHEA	1	['7g8YaUQABMal0zWe7a2ijz']
Feid	KHEA	1	['7g8YaUQABMal0zWe7a2ijz']
KHEA	Lenny Tavárez	1	['7g8YaUQABMal0zWe7a2ijz']
KHEA	Rafa Pabön	1	['7g8YaUQABMal0zWe7a2ijz']
KHEA	Sech	1	['7g8YaUQABMal0zWe7a2ijz']
Anuel AA	Manuel Turizo	1	['4fj7e6Tc48Bmomwyz2Z2XC']
Nicky Jam	Yandel	1	['0tht5RtxdaXHKjTm9qoqWE']
Clever	Justin Bieber	1	['2ZlCGeK30BLRNSPC832pNZ']
Clever	Post Malone	1	['2ZlCGeK30BLRNSPC832pNZ']
Justin Bieber	Post Malone	1	['2ZlCGeK30BLRNSPC832pNZ']
Kiko Rodriguez	Romeo Santos	1	['2kcc5humLS6PKOI9rwvXex']
Chucky73	Mc73	1	['16bCWkhj7oMMEC2MISg5jw']
Fetti031	Mc73	1	['16bCWkhj7oMMEC2MISg5jw']
Dalex	Eladio Carrion	1	['0vGdK81Se6SK7dcIaU3Xyd']
Dalex	Jhayco	1	['0vGdK81Se6SK7dcIaU3Xyd']
J Balvin	Mr Eazi	1	['5zzbORcD0GwLY0wQHP1Xs1']
Jhayco	Miky Woodz	1	['4mKa1LcRNQILp6xSr9s1S0']
Alex Rose	Arcángel	1	['2u8OkSLXzovdpc4hVo2gr0']
Chimbala	Jay Wheeler	1	['6djrkoJzbcRD041BQqJkBv']
Chimbala	Juhn	1	['6djrkoJzbcRD041BQqJkBv']
Chimbala	Lenny Tavárez	1	['6djrkoJzbcRD041BQqJkBv']
Chimbala	Omar Montes	1	['6djrkoJzbcRD041BQqJkBv']
Jay Wheeler	Juhn	1	['6djrkoJzbcRD041BQqJkBv']
Jay Wheeler	Lenny Tavárez	1	['6djrkoJzbcRD041BQqJkBv']
Jay Wheeler	Omar Montes	1	['6djrkoJzbcRD041BQqJkBv']
Juhn	Omar Montes	1	['6djrkoJzbcRD041BQqJkBv']
Lenny Tavárez	Omar Montes	1	['6djrkoJzbcRD041BQqJkBv']
Chael Produciendo	Maceo El Perro Blanco	1	['4OiQdjeghmXFxALStZ7Bpc']
El Alfa	Maceo El Perro Blanco	1	['4OiQdjeghmXFxALStZ7Bpc']
Kendo Kaponi	Yandel	1	['0YbXuCsQwrsh5x0hgnED6z']
Kendo Kaponi	Ñengo Flow	1	['0YbXuCsQwrsh5x0hgnED6z']
Camilo	Kany García	1	['7F1oLjSguGBvqsJLal7Rad']
Los Legendarios	Myke Towers	1	['2bgcUk2A3jjKbCJ7KPquTi']
Los Legendarios	Wisin	1	['2bgcUk2A3jjKbCJ7KPquTi']
Justin Bieber	Lil Dicky	1	['75nKBP8jQu681pTNCtrEnn']
Gaby Moreno	Ricardo Arjona	1	['29csiYMOfBmLmGwxmISrMy']
Bad Bunny	Zion & Lennox	1	['4EJHKSnHENfjOxXWryyNtL']
Micro TDH	Piso 21	1	['059bcIhyc2SBwm6sw2AZzd']
Calvin Harris	The Weeknd	1	['58AGoOGbwsQMhBbH0eFLRR']
Bad Bunny	El Alfa	1	['1khmgu0pveJbkbpbkyvcQv']
Arcángel	"Secreto ""El Famoso Biberon"""	1	['29KkQi7wKF6IdOjwU8infb']
El Alfa	Ozuna	1	['29KkQi7wKF6IdOjwU8infb']
El Alfa	"Secreto ""El Famoso Biberon"""	1	['29KkQi7wKF6IdOjwU8infb']
Nicky Jam	"Secreto ""El Famoso Biberon"""	1	['29KkQi7wKF6IdOjwU8infb']
Ozuna	"Secreto ""El Famoso Biberon"""	1	['29KkQi7wKF6IdOjwU8infb']
Black Eyed Peas	Shakira	1	['2vBET2pmrQqafaS6zIaYta']
Jesse & Joy	Luis Fonsi	1	['0ZqhB08GsFc4xfV07AsXzE']
Eladio Carrion	Natanael Cano	1	['6n43lawNZSsPHiCostJj9N']
Eladio Carrion	Ovi	1	['6n43lawNZSsPHiCostJj9N']
Natanael Cano	Noriel	1	['6n43lawNZSsPHiCostJj9N']
Natanael Cano	Ovi	1	['6n43lawNZSsPHiCostJj9N']
Noriel	Ovi	1	['6n43lawNZSsPHiCostJj9N']
El Fecho RD	You R	1	['0oBE11LSGSaccEBtk4lJEe']
Leo RD	Tokischa	1	['2jm33owvUVJgwbjl0VkfAB']
Leo RD	Yomel El Meloso	1	['2jm33owvUVJgwbjl0VkfAB']
Tokischa	Yomel El Meloso	1	['2jm33owvUVJgwbjl0VkfAB']
Farruko	Kendo Kaponi	1	['3TqLIW3qd4qFYkfYsBjVN6']
Anuel AA	Romeo Santos	1	['3f5lA8nnc4YYF1qf78WpHw']
Darell	Wisin	1	['4xvTPuwHaXoDM3p0QcY7bH']
Farruko	Wisin	1	['4xvTPuwHaXoDM3p0QcY7bH']
Black Jonas Point	Jay Pikete	1	['2qdXZJ8YN3xdeE0t5Vvtvy']
Jay Pikete	Luiyitox	1	['2qdXZJ8YN3xdeE0t5Vvtvy']
Jay Pikete	Quimico Ultra Mega	1	['2qdXZJ8YN3xdeE0t5Vvtvy']
Daddy Yankee	Nicky Jam	1	['4VgYtXCVJ7IbWAZ5ryfvEQ']
JP Saxe	Julia Michaels	1	['2kJwzbxV2ppxnQoYw4GLBZ']
Lenny Tavárez	Maria Becerra	1	['3dEtfTtCXWW7N8WQ9FD29z']
Lyanno	Maria Becerra	1	['3dEtfTtCXWW7N8WQ9FD29z']
Maria Becerra	Rauw Alejandro	1	['3dEtfTtCXWW7N8WQ9FD29z']
Bad Bunny	Gabriela	1	['2DhNdoHxavs7Qtf5MnhZD0']
Dalex	Mariah Angeliq	1	['6KeweE0BlXx3AtjMKhBLaz']
Feid	Mariah Angeliq	1	['6KeweE0BlXx3AtjMKhBLaz']
Justin Quiles	Mariah Angeliq	1	['6KeweE0BlXx3AtjMKhBLaz']
Lenny Tavárez	Mariah Angeliq	1	['6KeweE0BlXx3AtjMKhBLaz']
Mariah Angeliq	Rich Music LTD	1	['6KeweE0BlXx3AtjMKhBLaz']
Mariah Angeliq	Sech	1	['6KeweE0BlXx3AtjMKhBLaz']
Cazzu	Justin Quiles	1	['29ShXDWDedEwZkYc8Du08N']
Cazzu	Rich Music LTD	1	['29ShXDWDedEwZkYc8Du08N']
Myke Towers	Piso 21	1	['7pxL0DzPpCjjcdfQccvnus']
Bad Bunny	Dua Lipa	1	['0EhpEsp4L0oRGM0vmeaN5e']
Dua Lipa	J Balvin	1	['0EhpEsp4L0oRGM0vmeaN5e']
Dua Lipa	Tainy	1	['0EhpEsp4L0oRGM0vmeaN5e']
Chencho Corleone	Dímelo Flow	1	['5stPVcRqb4qixbafP9e8lt']
Chencho Corleone	Juhn	1	['5stPVcRqb4qixbafP9e8lt']
Chencho Corleone	Lenny Tavárez	1	['5stPVcRqb4qixbafP9e8lt']
Dímelo Flow	Juhn	1	['5stPVcRqb4qixbafP9e8lt']
DaBaby	Roddy Ricch	1	['7ytR5pFWmSjzHJIeQkgog4']
ROSALÍA	The Weeknd	1	['7MXgrcOQAJ5VwSNUL0lDd3']
El Boke	El Dominio	1	['7pYaHLkIw6u79mlqtthe3R']
El Boke	Jon Z	1	['7pYaHLkIw6u79mlqtthe3R']
El Boke	Rochy RD	1	['7pYaHLkIw6u79mlqtthe3R']
El Boke	Shelow Shaq	1	['7pYaHLkIw6u79mlqtthe3R']
El Dominio	Jon Z	1	['7pYaHLkIw6u79mlqtthe3R']
El Dominio	Rochy RD	1	['7pYaHLkIw6u79mlqtthe3R']
El Dominio	Shelow Shaq	1	['7pYaHLkIw6u79mlqtthe3R']
Jon Z	Rochy RD	1	['7pYaHLkIw6u79mlqtthe3R']
Jon Z	Shelow Shaq	1	['7pYaHLkIw6u79mlqtthe3R']
Rochy RD	Tokischa	1	['40NEzaZf0YyrxCbD7PPeop']
J Balvin	Sky Rompiendo	1	['3HTbI3yUJQw3fP0Po8qLcD']
Alejandro Sanz	TINI	1	['0KTwYI4vwidX9qip7ViAEQ']
Dalex	iZaak	1	['01SMtfSbJlcxUdJvOofMOx']
Dímelo Flow	iZaak	1	['01SMtfSbJlcxUdJvOofMOx']
Lenny Tavárez	iZaak	1	['01SMtfSbJlcxUdJvOofMOx']
Cosculluela	Ñengo Flow	1	['1H5lWEFTSW6p5IgZ4ywn7t']
Mr. Naisgai	Wisin & Yandel	1	['4QSCkYRmv06vKZjXPoarXz']
Rauw Alejandro	Wisin & Yandel	1	['4QSCkYRmv06vKZjXPoarXz']
Daddy Yankee	El Alfa	1	['0eeKDrQxjqNl5bX5VCHDcn']
Daddy Yankee	Justin Quiles	1	['0eeKDrQxjqNl5bX5VCHDcn']
De La Ghetto	Jowell & Randy	1	['4NetPLl5EFSYO39cY9DGwA']
Arcángel	Wisin & Yandel	1	['4Q5oewKBqBAMMvCgON6QKk']
Tony Igy	Vicetone	1	['665AK0ovB11McZRwfa852G']
Chance the Rapper	Justin Bieber	1	['5u1n1kITHCxxp8twBcZxWy']
Anuel AA	Shakira	1	['5Xhqh4lwJPtMUTsdBztN1a']
PARTYNEXTDOOR	Rihanna	1	['4HDCLYli2SUdkq9OjmvhSD']
Amenazzy	Farruko	1	['2mM3gZ0BbPwPPMelbA8vgt']
Amenazzy	Jay Wheeler	1	['2mM3gZ0BbPwPPMelbA8vgt']
Amenazzy	Milly	1	['2mM3gZ0BbPwPPMelbA8vgt']
Amenazzy	Nio Garcia	1	['2mM3gZ0BbPwPPMelbA8vgt']
Farruko	Milly	1	['2mM3gZ0BbPwPPMelbA8vgt']
Farruko	Nio Garcia	1	['2mM3gZ0BbPwPPMelbA8vgt']
Jay Wheeler	Milly	1	['2mM3gZ0BbPwPPMelbA8vgt']
Jay Wheeler	Nio Garcia	1	['2mM3gZ0BbPwPPMelbA8vgt']
Milly	Nio Garcia	1	['2mM3gZ0BbPwPPMelbA8vgt']
Chucky73	Dj Scuff	1	['3n6NlZTbNbk2dL13F6Nw1p']
Dj Scuff	Fetti031	1	['3n6NlZTbNbk2dL13F6Nw1p']
Chencho Corleone	Lunay	1	['2tGENA8xef0wABdHvyXwv9']
Ozuna	Rauw Alejandro	1	['2tGENA8xef0wABdHvyXwv9']
Farruko	Ghetto	1	['2VCqHhpgat5QoYOB9chpt1']
Farruko	Nino Freestyle	1	['2VCqHhpgat5QoYOB9chpt1']
Ghetto	Nino Freestyle	1	['2VCqHhpgat5QoYOB9chpt1']
Darell	Noriel	1	['4xI3U4sDj1TPmO9Iz5TkYp']
Rauw Alejandro	Trippie Redd	1	['2Em9XZZw8yEgxjojjGxntN']
Morat	Reik	1	['0G0p7mc4wEaQTsUpzEmkEs']
Dalex	Zion & Lennox	1	['0wMs7DPFOnToNAoecvAFQc']
De La Ghetto	Feid	1	['0wMs7DPFOnToNAoecvAFQc']
De La Ghetto	Lenny Tavárez	1	['0wMs7DPFOnToNAoecvAFQc']
De La Ghetto	Rich Music LTD	1	['0wMs7DPFOnToNAoecvAFQc']
De La Ghetto	Sech	1	['0wMs7DPFOnToNAoecvAFQc']
Feid	Zion & Lennox	1	['0wMs7DPFOnToNAoecvAFQc']
Justin Quiles	Zion & Lennox	1	['0wMs7DPFOnToNAoecvAFQc']
Lenny Tavárez	Zion & Lennox	1	['0wMs7DPFOnToNAoecvAFQc']
Rich Music LTD	Zion & Lennox	1	['0wMs7DPFOnToNAoecvAFQc']
Mr. Naisgai	The Martinez Brothers	1	['7IZn95vTYrhHRbFmZsdD2A']
Mr. Naisgai	Zion & Lennox	1	['7IZn95vTYrhHRbFmZsdD2A']
Rauw Alejandro	The Martinez Brothers	1	['7IZn95vTYrhHRbFmZsdD2A']
Rauw Alejandro	Zion & Lennox	1	['7IZn95vTYrhHRbFmZsdD2A']
The Martinez Brothers	Zion & Lennox	1	['7IZn95vTYrhHRbFmZsdD2A']
El Jincho	El Mayor Clasico	1	['7GLbpg83DPxhYWRh5DYylv']
El Jincho	Quimico Ultra Mega	1	['7GLbpg83DPxhYWRh5DYylv']
El Jincho	Rochy RD	1	['7GLbpg83DPxhYWRh5DYylv']
El Jincho	Tivi Gunz	1	['7GLbpg83DPxhYWRh5DYylv']
El Mayor Clasico	Quimico Ultra Mega	1	['7GLbpg83DPxhYWRh5DYylv']
El Mayor Clasico	Tivi Gunz	1	['7GLbpg83DPxhYWRh5DYylv']
Quimico Ultra Mega	Rochy RD	1	['7GLbpg83DPxhYWRh5DYylv']
Quimico Ultra Mega	Tivi Gunz	1	['7GLbpg83DPxhYWRh5DYylv']
Rochy RD	Tivi Gunz	1	['7GLbpg83DPxhYWRh5DYylv']
DJ Nelson	Yan Block	1	['1mrQYY0NATPCe7WOYcCKf1']
Jay Wheeler	Yan Block	1	['1mrQYY0NATPCe7WOYcCKf1']
BCA	Sech	1	['2ct9MlcNGAnhH4VCV1A0WA']
Lunay	Yandel	1	['456NTGEm7RgEumnZuCYtJL']
Anuel AA	Casper Magico	1	['46V4kseB66GjFGklCgynGX']
Juice WRLD	Marshmello	1	['7y7w4tl4MaRC2UMEj1mPtr']
Bad Bunny	Don Omar	1	['5XqCz18k96K8tx6DAYM97i']
Anuel AA	Becky G	1	['7dNwJbsT0sg1le5kVugGJb']
Anuel AA	Prince Royce	1	['7dNwJbsT0sg1le5kVugGJb']
Becky G	DJ Luian	1	['7dNwJbsT0sg1le5kVugGJb']
Becky G	Mambo Kingz	1	['7dNwJbsT0sg1le5kVugGJb']
Becky G	Prince Royce	1	['7dNwJbsT0sg1le5kVugGJb']
DJ Luian	Prince Royce	1	['7dNwJbsT0sg1le5kVugGJb']
Mambo Kingz	Prince Royce	1	['7dNwJbsT0sg1le5kVugGJb']
Myke Towers	Yampi	1	['0yT1kAnaaxPG0gM2my3w32']
Ozuna	Yampi	1	['0yT1kAnaaxPG0gM2my3w32']
J Balvin	Jay Cortez	1	['7JvqP6UoJgdd1NZa6WCkCl']
Jay Cortez	Miky Woodz	1	['7JvqP6UoJgdd1NZa6WCkCl']
Jay Cortez	Myke Towers	1	['7JvqP6UoJgdd1NZa6WCkCl']
BTS	Sia	1	['3IB5qOeMayvpOdHxYCL5tZ']
Bad Bunny	Ivy Queen	1	['2cpteAYHcd4cjSxAeCkA52']
Bad Bunny	Nesi	1	['2cpteAYHcd4cjSxAeCkA52']
Ivy Queen	Nesi	1	['2cpteAYHcd4cjSxAeCkA52']
Bad Bunny	Duki	1	['1V8XneTrX6kKeoxYbk4x6h']
Bad Bunny	Pablo Chill-E	1	['1V8XneTrX6kKeoxYbk4x6h']
Duki	Pablo Chill-E	1	['1V8XneTrX6kKeoxYbk4x6h']
Michael Bublé	The Puppini Sisters	1	['4qBejt9FeqLI9blHI1Nq1x']
6ix9ine	Nicki Minaj	1	['3dVvWnj4D8JGkKvo6Hucso']
Dalex	Wisin	1	['5Id5B3dxJZhPcV9GzgYZZe']
Feid	Wisin	1	['5Id5B3dxJZhPcV9GzgYZZe']
Rich Music LTD	Wisin	1	['5Id5B3dxJZhPcV9GzgYZZe']
Rich Music LTD	Zion	1	['5Id5B3dxJZhPcV9GzgYZZe']
Sech	Wisin	1	['5Id5B3dxJZhPcV9GzgYZZe']
Wisin	Zion	1	['5Id5B3dxJZhPcV9GzgYZZe']
Juhn	Myke Towers	1	['1xK1Gg9SxG8fy2Ya373oqb']
Darell	Rvssian	1	['4o1DxRjMCHDwBiOKv88rOl']
Darell	Zion & Lennox	1	['4o1DxRjMCHDwBiOKv88rOl']
Myke Towers	Rvssian	1	['4o1DxRjMCHDwBiOKv88rOl']
Rvssian	Zion & Lennox	1	['4o1DxRjMCHDwBiOKv88rOl']
DaBaby	Dua Lipa	1	['5nujrmhLynf4yMoMtj8AQF']
Chucky73	Dglo73	1	['1u4K8mJWopNW7HpfGk4bi7']
Chucky73	Youngkilla73	1	['1u4K8mJWopNW7HpfGk4bi7']
Dglo73	Fetti031	1	['1u4K8mJWopNW7HpfGk4bi7']
Dglo73	Youngkilla73	1	['1u4K8mJWopNW7HpfGk4bi7']
Fetti031	Youngkilla73	1	['1u4K8mJWopNW7HpfGk4bi7']
Crazy Design	Kiko el Crazy	1	['0cRdPQhJwgKl2NEvtjUaz7']
NATTI NATASHA	Zion & Lennox	1	['23MEeQTkSmsDS6NjL8k6I8']
Arcángel	Bryant Myers	1	['23eecknvvR5iFTcuS9Dkfd']
Bryant Myers	Darell	1	['23eecknvvR5iFTcuS9Dkfd']
Bryant Myers	Nicky Jam	1	['23eecknvvR5iFTcuS9Dkfd']
Ozuna	ROSALÍA	1	['7BlBVFwvbWvcwNcUarQmjk']
KHEA	NATTI NATASHA	1	['59nnGpAU3AiL2tD0o2It11']
KHEA	Prince Royce	1	['59nnGpAU3AiL2tD0o2It11']
Lenny Santos	NATTI NATASHA	1	['59nnGpAU3AiL2tD0o2It11']
Lenny Santos	Prince Royce	1	['59nnGpAU3AiL2tD0o2It11']
NATTI NATASHA	Prince Royce	1	['59nnGpAU3AiL2tD0o2It11']
BENEE	Gus Dapperton	1	['4nK5YrxbMGZstTLbvj6Gxw']
Becky G	Dalex	1	['2qhcTAKmpFNXBEu1FYo69t']
Becky G	Juhn	1	['2qhcTAKmpFNXBEu1FYo69t']
Becky G	Lenny Tavárez	1	['2qhcTAKmpFNXBEu1FYo69t']
Onguito Wa	Rochy RD	1	['2vzxE7XT2xo3R3gxjtW2PL']
C. Tangana	La Húngara	1	['0XinBYhf1X3kdvKQHOX971']
C. Tangana	Niño de Elche	1	['0XinBYhf1X3kdvKQHOX971']
La Húngara	Niño de Elche	1	['0XinBYhf1X3kdvKQHOX971']
Maluma	Yandel	1	['4Pe8xNpIPm0Wx8M8QW5Nn7']
Becky Hill	Goodboys	1	['7CHi4DtfK4heMlQaudCuHK']
Becky Hill	MEDUZA	1	['7CHi4DtfK4heMlQaudCuHK']
Goodboys	MEDUZA	1	['7CHi4DtfK4heMlQaudCuHK']
ABRA	Bad Bunny	1	['5jZ32WOU7sqzDYbzINwMUk']
Brytiago	DJ Luian	1	['4lzxJ4jCuFDXXGkE1LmpKR']
Brytiago	Mambo Kingz	1	['4lzxJ4jCuFDXXGkE1LmpKR']
Brytiago	Nicky Jam	1	['4lzxJ4jCuFDXXGkE1LmpKR']
Mayimbaso	Rochy RD	1	['7azK5cwtA3F9YsNtHUITEf']
El Fother	Tripy 03	1	['1QCDK46cTwxh4DXaoi6Has']
Kiko el Crazy	Tripy 03	1	['1QCDK46cTwxh4DXaoi6Has']
Ozuna	Yandel	1	['3nQbhi743RyyBxAE5O9N0s']
Lil Tjay	Pop Smoke	1	['5rZlwNFl01HqLWBQGryKSm']
Bulin 47	Chimbala	1	['4qA7v5wFrYBgR83vYZdsqx']
Beéle	Lunay	1	['2BxzmBb2uqwnpyVuJqIIV9']
Barbie Rican	Jowell & Randy	1	['4O63lntcUct8tbgnCA52UX']
Camila Cabello	Shawn Mendes	1	['6v3KW9xbzN5yKLt9YKDYA2']
Camilo	Ricardo Montaner	1	['7AjcJrynzHWlawo87kafY2']
Evaluna Montaner	Mau y Ricky	1	['7AjcJrynzHWlawo87kafY2']
Evaluna Montaner	Ricardo Montaner	1	['7AjcJrynzHWlawo87kafY2']
Mau y Ricky	Ricardo Montaner	1	['7AjcJrynzHWlawo87kafY2']
Doja Cat	Nicki Minaj	1	['11VApNQCWLJdzxWrlmwzUa']
Big O	Darell	1	['2joDqfk2o1beVXlyaX2NoZ']
Big O	El Alfa	1	['2joDqfk2o1beVXlyaX2NoZ']
Big O	Farruko	1	['2joDqfk2o1beVXlyaX2NoZ']
Big O	Myke Towers	1	['2joDqfk2o1beVXlyaX2NoZ']
Alex Sensation	Arcángel	1	['4yL2Z0APTcHIE9RJWVfTUt']
Alex Sensation	Darell	1	['4yL2Z0APTcHIE9RJWVfTUt']
Alex Sensation	De La Ghetto	1	['4yL2Z0APTcHIE9RJWVfTUt']
Alex Sensation	Jhayco	1	['4yL2Z0APTcHIE9RJWVfTUt']
Alex Sensation	Myke Towers	1	['4yL2Z0APTcHIE9RJWVfTUt']
Darell	De La Ghetto	1	['4yL2Z0APTcHIE9RJWVfTUt']
De La Ghetto	Jhayco	1	['4yL2Z0APTcHIE9RJWVfTUt']
Chucky73	Myke Towers	1	['4p7uDinmLy8KdGUh8mqsYR']
Fetti031	Myke Towers	1	['4p7uDinmLy8KdGUh8mqsYR']
Daddy Yankee	Snow	1	['5w9c2J52mkdntKOmRLeM2m']
Feid	Sky Rompiendo	1	['0eI8yxgCGbguwbK26n22RQ']
Bizarrap	NATHY PELUSO	1	['78SeXVRJ7KCqVmOwTiFjnI']
Haraca Kiko	Tivi Gunz	1	['5STCo0NvLGRAAIgpV3bpaa']
Beéle	Ovy On The Drums	1	['0OTtnwUO8natNWSwdZvXVF']
Amenazzy	Rochy RD	1	['6K6ZB4E26lxCfic6J1uJFL']
Lil Baby	ROSALÍA	1	['7h0d2h0fUmzbs7zeFigJPn']
Lil Baby	Travis Scott	1	['7h0d2h0fUmzbs7zeFigJPn']
Camila Cabello	DaBaby	1	['3yOlyBJuViE2YSGn3nVE1K']
El Alfa	"Tito ""El Bambino"""	1	['0a41S6Hf3njfUbQTZyxWDq']
Pitbull	"Tito ""El Bambino"""	1	['0a41S6Hf3njfUbQTZyxWDq']
Arcángel	Becky G	1	['5E97zd7EDczPvQ6GRNr6y2']
Arcángel	DJ Nelson	1	['5E97zd7EDczPvQ6GRNr6y2']
Arcángel	Jay Wheeler	1	['5E97zd7EDczPvQ6GRNr6y2']
Arcángel	Zion & Lennox	1	['5E97zd7EDczPvQ6GRNr6y2']
Becky G	Brray	1	['5E97zd7EDczPvQ6GRNr6y2']
Becky G	DJ Nelson	1	['5E97zd7EDczPvQ6GRNr6y2']
Becky G	De La Ghetto	1	['5E97zd7EDczPvQ6GRNr6y2']
Becky G	Jay Wheeler	1	['5E97zd7EDczPvQ6GRNr6y2']
Becky G	Zion & Lennox	1	['5E97zd7EDczPvQ6GRNr6y2']
Brray	DJ Nelson	1	['5E97zd7EDczPvQ6GRNr6y2']
Brray	De La Ghetto	1	['5E97zd7EDczPvQ6GRNr6y2']
Brray	Jay Wheeler	1	['5E97zd7EDczPvQ6GRNr6y2']
Brray	Zion & Lennox	1	['5E97zd7EDczPvQ6GRNr6y2']
DJ Nelson	De La Ghetto	1	['5E97zd7EDczPvQ6GRNr6y2']
DJ Nelson	Zion & Lennox	1	['5E97zd7EDczPvQ6GRNr6y2']
De La Ghetto	Jay Wheeler	1	['5E97zd7EDczPvQ6GRNr6y2']
Jay Wheeler	Zion & Lennox	1	['5E97zd7EDczPvQ6GRNr6y2']
Morat	Sebastian Yatra	1	['7BEPdOI0neT6p7PnLViqmH']
Chosen RD	Julio Restituyo	1	['6jgaBRHFVu2whkKrwdeHhe']
Chosen RD	Quimico Ultra Mega	1	['6jgaBRHFVu2whkKrwdeHhe']
Gatillero 23	Julio Restituyo	1	['6jgaBRHFVu2whkKrwdeHhe']
Gatillero 23	Quimico Ultra Mega	1	['6jgaBRHFVu2whkKrwdeHhe']
Julio Restituyo	Lapiz Conciente	1	['6jgaBRHFVu2whkKrwdeHhe']
Julio Restituyo	Quimico Ultra Mega	1	['6jgaBRHFVu2whkKrwdeHhe']
Black Eyed Peas	Maluma	1	['2nfFzgqp18tzFWrUCxFHpo']
Jhayco	Mora	1	['7C2RvtNZvxPdol2JXAdxVK']
Arcángel	Joyce Santana	1	['1QaCsLoKEWVujL3owyyei4']
Arcángel	Lunay	1	['1QaCsLoKEWVujL3owyyei4']
Arcángel	Young Martino	1	['1QaCsLoKEWVujL3owyyei4']
Brray	Darell	1	['1QaCsLoKEWVujL3owyyei4']
Brray	Jhayco	1	['1QaCsLoKEWVujL3owyyei4']
Brray	Joyce Santana	1	['1QaCsLoKEWVujL3owyyei4']
Brray	Lunay	1	['1QaCsLoKEWVujL3owyyei4']
Brray	Young Martino	1	['1QaCsLoKEWVujL3owyyei4']
Darell	Joyce Santana	1	['1QaCsLoKEWVujL3owyyei4']
Darell	Lunay	1	['1QaCsLoKEWVujL3owyyei4']
Darell	Young Martino	1	['1QaCsLoKEWVujL3owyyei4']
Jhayco	Joyce Santana	1	['1QaCsLoKEWVujL3owyyei4']
Jhayco	Young Martino	1	['1QaCsLoKEWVujL3owyyei4']
Jhayco	Ñengo Flow	1	['1QaCsLoKEWVujL3owyyei4']
Joyce Santana	Lunay	1	['1QaCsLoKEWVujL3owyyei4']
Joyce Santana	Myke Towers	1	['1QaCsLoKEWVujL3owyyei4']
Joyce Santana	Young Martino	1	['1QaCsLoKEWVujL3owyyei4']
Joyce Santana	Ñengo Flow	1	['1QaCsLoKEWVujL3owyyei4']
Lunay	Young Martino	1	['1QaCsLoKEWVujL3owyyei4']
Lunay	Ñengo Flow	1	['1QaCsLoKEWVujL3owyyei4']
Myke Towers	Young Martino	1	['1QaCsLoKEWVujL3owyyei4']
Young Martino	Ñengo Flow	1	['1QaCsLoKEWVujL3owyyei4']
Doja Cat	Ozuna	1	['5cpJFiNwYyWwFLH0V6B3N8']
Doja Cat	Sia	1	['5cpJFiNwYyWwFLH0V6B3N8']
Ozuna	Sia	1	['5cpJFiNwYyWwFLH0V6B3N8']
Bad Bunny	Marciano Cantero	1	['7hynhxDoDpgMIV12JuVtNa']
J Balvin	Marciano Cantero	1	['7hynhxDoDpgMIV12JuVtNa']
Justin Bieber	benny blanco	1	['4y4spB9m0Q6026KfkAvy9Q']
Ozuna	Zion & Lennox	1	['1bkHetU9vnb9Ctwm5gXGOn']
Anuel AA	Zion	1	['5p3JJehpKHjr9pJT5eD2Lz']
Beltito	Jone Quest	1	['5DoLhdU27owX1NMrKLUbUl']
Beltito	Osquel	1	['5DoLhdU27owX1NMrKLUbUl']
Beltito	Sammy	1	['5DoLhdU27owX1NMrKLUbUl']
Beltito	Sammy & Falsetto	1	['5DoLhdU27owX1NMrKLUbUl']
Beltito	Super Yei	1	['5DoLhdU27owX1NMrKLUbUl']
Beltito	Towy	1	['5DoLhdU27owX1NMrKLUbUl']
Jone Quest	Osquel	1	['5DoLhdU27owX1NMrKLUbUl']
Jone Quest	Sammy & Falsetto	1	['5DoLhdU27owX1NMrKLUbUl']
Jone Quest	Towy	1	['5DoLhdU27owX1NMrKLUbUl']
Osquel	Sammy	1	['5DoLhdU27owX1NMrKLUbUl']
Osquel	Sammy & Falsetto	1	['5DoLhdU27owX1NMrKLUbUl']
Osquel	Super Yei	1	['5DoLhdU27owX1NMrKLUbUl']
Osquel	Towy	1	['5DoLhdU27owX1NMrKLUbUl']
Sammy	Sammy & Falsetto	1	['5DoLhdU27owX1NMrKLUbUl']
Sammy	Towy	1	['5DoLhdU27owX1NMrKLUbUl']
Sammy & Falsetto	Super Yei	1	['5DoLhdU27owX1NMrKLUbUl']
Sammy & Falsetto	Towy	1	['5DoLhdU27owX1NMrKLUbUl']
Super Yei	Towy	1	['5DoLhdU27owX1NMrKLUbUl']
DJ Nelson	Miky Woodz	1	['4gu6Akv9Q755ArkE1Vq4rG']
J Balvin	KEVVO	1	['7HmnJHfs0BkFzX4x8j0hkl']
Kina	Snøw	1	['4ZLzoOkj0MPWrTLvooIuaa']
El Mayor Clasico	NATTI NATASHA	1	['4BUzGwNWP8ZI1r7i1IWEpK']
Manuel Turizo	Yandel	1	['6wwiESCWRBUAUZv5Q8CNIT']
Martin Lora	Rochy RD	1	['7ik0ejkdRJECC3YMq7qtML']
Amenazzy	Wiz Khalifa	1	['4rqZTNS29bCGNCDWNlMMwt']
Myke Towers	Wiz Khalifa	1	['4rqZTNS29bCGNCDWNlMMwt']
Romeo Santos	Zacarias Ferreira	1	['301E9bwin8Gh2PCp0doIDz']
Romeo Santos	Wisin & Yandel	1	['7BuHdm4lQqcyG3qTwdkxus']
Ceky Viciny	La Perversa	1	['05lNOE0iWEcHRFD2lZuZZE']
Ceky Viciny	MelyMel	1	['05lNOE0iWEcHRFD2lZuZZE']
Ceky Viciny	Shadow Blow	1	['05lNOE0iWEcHRFD2lZuZZE']
Ceky Viciny	Yailin la Mas Viral	1	['05lNOE0iWEcHRFD2lZuZZE']
La Perversa	MelyMel	1	['05lNOE0iWEcHRFD2lZuZZE']
La Perversa	Shadow Blow	1	['05lNOE0iWEcHRFD2lZuZZE']
La Perversa	Yailin la Mas Viral	1	['05lNOE0iWEcHRFD2lZuZZE']
MelyMel	Shadow Blow	1	['05lNOE0iWEcHRFD2lZuZZE']
MelyMel	Yailin la Mas Viral	1	['05lNOE0iWEcHRFD2lZuZZE']
Shadow Blow	Yailin la Mas Viral	1	['05lNOE0iWEcHRFD2lZuZZE']
Rubén Blades	Snoop Dogg	1	['0Ez8lQvzUzilw1rotN7Unt']
Rubén Blades	Yandel	1	['0Ez8lQvzUzilw1rotN7Unt']
Snoop Dogg	Yandel	1	['0Ez8lQvzUzilw1rotN7Unt']
Amenazzy	Kiko el Crazy	1	['1BCt42HoYgQ7YXLpwjnm00']
Ceky Viciny el Mega Cherry Scom	Rochy RD	1	['2Keck5rNorPO6cvncqwfgW']
Mustard	Roddy Ricch	1	['07KXEDMj78x68D884wgVEm']
Bryant Myers	Kevin Roldan	1	['4PEfJZpVjdclfzZ9XO8uDw']
Kevin Roldan	Lyanno	1	['4PEfJZpVjdclfzZ9XO8uDw']
NATTI NATASHA	Romeo Santos	1	['2dy3TKVDEbIeWxeIb8JWqZ']
Armando Manzanero	Lisset	1	['28GAL9m1arpLdeleGfRwOw']
Kid Cudi	THE SCOTTS	1	['39Yp9wwQiSRIDOvrVg7mbk']
Kid Cudi	Travis Scott	1	['39Yp9wwQiSRIDOvrVg7mbk']
THE SCOTTS	Travis Scott	1	['39Yp9wwQiSRIDOvrVg7mbk']
Chencho Corleone	J Balvin	1	['5y7DaS3jAc9eZzcSOoUIwU']
Casper Magico	Chael Produciendo	1	['2hwzXM3cG8re45lAF7DToP']
Casper Magico	El Alfa	1	['2hwzXM3cG8re45lAF7DToP']
Casper Magico	Mark B.	1	['2hwzXM3cG8re45lAF7DToP']
Chael Produciendo	Mark B.	1	['2hwzXM3cG8re45lAF7DToP']
Chael Produciendo	Nio Garcia	1	['2hwzXM3cG8re45lAF7DToP']
El Alfa	Mark B.	1	['2hwzXM3cG8re45lAF7DToP']
El Alfa	Nio Garcia	1	['2hwzXM3cG8re45lAF7DToP']
Mark B.	Nio Garcia	1	['2hwzXM3cG8re45lAF7DToP']
NATTI NATASHA	Zion	1	['1ndyl3wJCFs872XZ3ztPk6']
Bad Bunny	Lunay	1	['4t9a07PAghtQMRAIP9FQ7Z']
Daddy Yankee	Lunay	1	['4t9a07PAghtQMRAIP9FQ7Z']
Anuel AA	Haze	1	['1LiN0Z98FkR1t0m8KmLcAH']
Eladio Carrion	Farruko	1	['3fD1eMp6iNEvYxMnjD8MlK']
Becky G	Ozuna	1	['5Jq958VQwRyQFujau4TMKD']
Jowell & Randy	Kiko el Crazy	1	['7kGDAuP9P8mT2epyDwbdDj']
J Balvin	Yandel	1	['3nowY0ZuWMuAmmAu1plEBP']
