artist_id	name	genres	years_on_charts	num_hits	num_collab_hits
3TVXtAsR1Inumwj472S9r4	Drake	['canadian hip hop', 'canadian pop', 'hip hop', 'rap', 'toronto rap']	[2017, 2018, 2019, 2020, 2021, 2022]	189	95
06HL4z0CvFAxyc27GXpf02	Taylor Swift	['pop']	[2017, 2018, 2019, 2020, 2021, 2022]	178	25
1RyvyyTE3xzB2ZywiAwp0i	Future	['atl hip hop', 'hip hop', 'rap', 'southern hip hop', 'trap']	[2017, 2018, 2019, 2020, 2021, 2022]	148	99
4MCBfE4596Uoi2O4DtmEMz	Juice WRLD	['chicago rap', 'melodic rap', 'rap']	[2018, 2019, 2020, 2021, 2022]	141	67
0Y5tJX1MQlPlqiwlOH1tJY	Travis Scott	['hip hop', 'rap', 'slap house']	[2017, 2018, 2019, 2020, 2021, 2022]	125	102
3Nrfpe0tUJi4K4DXYWgMUX	BTS	['k-pop', 'k-pop boy group', 'pop']	[2017, 2018, 2019, 2020, 2021, 2022]	111	22
4q3ewBCX7sLwd24euuV69X	Bad Bunny	['reggaeton', 'trap latino', 'urbano latino']	[2017, 2018, 2019, 2020, 2021, 2022]	107	68
1Xyo4u8uXC1ZmMpatF05PJ	The Weeknd	['canadian contemporary r&b', 'canadian pop', 'pop']	[2017, 2018, 2019, 2020, 2021, 2022]	105	46
66CXWjxzNUsdJxJ2JdwvnR	Ariana Grande	['pop']	[2017, 2018, 2019, 2020, 2021, 2022]	100	47
4O15NlyKLIASxsJ0PrXPfz	Lil Uzi Vert	['melodic rap', 'philly rap', 'rage rap', 'rap', 'trap']	[2017, 2018, 2019, 2020, 2021]	99	58
1vyhD5VmyZ7KMfW5gqLgo5	J Balvin	['reggaeton', 'reggaeton colombiano', 'trap latino', 'urbano latino']	[2017, 2018, 2019, 2020, 2021, 2022]	99	79
5f7VJjfbwm532GiveGC0ZK	Lil Baby	['atl hip hop', 'atl trap', 'rap', 'trap']	[2018, 2019, 2020, 2021, 2022]	98	79
246dkjvS1zLTtiykXe5h60	Post Malone	['dfw rap', 'melodic rap', 'pop', 'rap']	[2017, 2018, 2019, 2020, 2021, 2022]	97	52
7dGJo4pcD2V6oG8kP0tJRR	Eminem	['detroit hip hop', 'hip hop', 'rap']	[2017, 2018, 2019, 2020, 2021, 2022]	91	46
1uNFoZAHBGtllmzznpCI3s	Justin Bieber	['canadian pop', 'pop']	[2017, 2018, 2019, 2020, 2021, 2022]	90	60
50co4Is1HCEo8bhOyUWKpn	Young Thug	['atl hip hop', 'atl trap', 'gangster rap', 'melodic rap', 'rap', 'trap']	[2017, 2018, 2019, 2020, 2021, 2022]	89	86
2hlmm7s2ICUX0LVIhVFlZQ	Gunna	['atl hip hop', 'melodic rap', 'rap', 'trap']	[2018, 2019, 2020, 2021, 2022]	88	65
6eUKZXaKkcviH0Ku9w2n3V	Ed Sheeran	['pop', 'singer-songwriter pop', 'uk pop']	[2017, 2018, 2019, 2020, 2021, 2022]	87	42
1URnnhqYAYcrqrcwql10ft	21 Savage	['atl hip hop', 'hip hop', 'rap', 'trap']	[2017, 2018, 2019, 2020, 2021, 2022]	84	62
6Xgp2XMz1fhVYe7i6yNAax	Trippie Redd	['melodic rap', 'rap', 'trap']	[2017, 2018, 2019, 2020, 2021]	84	51
0hCNtLu0JehylgoiP8L4Gh	Nicki Minaj	['hip pop', 'pop', 'queens hip hop', 'rap']	[2017, 2018, 2019, 2020, 2021, 2022]	82	69
4xRYI6VqpkE3UwrDrAZL8L	Logic	['conscious hip hop', 'hip hop', 'pop rap', 'rap']	[2017, 2018, 2019, 2020, 2021]	82	39
6oMuImdp5ZcFhWP0ESe6mG	Migos	['atl hip hop', 'hip hop', 'rap', 'trap']	[2017, 2018, 2019, 2020, 2021]	80	42
1i8SpTcr7yvPOmcqrbnVXY	Ozuna	['puerto rican pop', 'reggaeton', 'trap latino', 'urbano latino']	[2017, 2018, 2019, 2020, 2021]	79	58
5K4W6rqBFWDnAN6FQUkS6x	Kanye West	['chicago rap', 'hip hop', 'rap']	[2017, 2018, 2019, 2020, 2021, 2022]	73	27
15UsOTVnJzReFVN1VCnxy4	XXXTENTACION	['emo rap', 'miami hip hop']	[2017, 2018, 2019, 2020, 2021, 2022]	72	25
6LuN9FCkKOj5PcnpouEgny	Khalid	['pop', 'pop r&b']	[2017, 2018, 2019, 2020, 2021, 2022]	70	41
0VRj0yCOv2FXJNP47XQnx5	Quavo	['atl hip hop', 'melodic rap', 'rap', 'trap']	[2017, 2018, 2019, 2020, 2021]	66	60
2R21vXR83lH98kGeO99Y66	Anuel AA	['reggaeton', 'reggaeton flow', 'trap boricua', 'trap latino', 'urbano latino']	[2017, 2018, 2019, 2020, 2021, 2022]	64	57
4r63FhuTkUYltbVAg5TQnk	DaBaby	['hip hop', 'north carolina hip hop', 'rap', 'trap']	[2019, 2020, 2021, 2022]	62	41
55Aa2cqylxrFIXC767Z865	Lil Wayne	['hip hop', 'new orleans rap', 'pop rap', 'rap', 'trap']	[2017, 2018, 2019, 2020, 2021, 2022]	58	42
7n2wHs1TKAczGzO7Dd2rGr	Shawn Mendes	['canadian pop', 'pop', 'viral pop']	[2017, 2018, 2019, 2020, 2021, 2022]	56	14
4kYSro6naA4h99UJvo89HB	Cardi B	['pop', 'rap']	[2017, 2018, 2019, 2020, 2021]	55	42
6qqNVTkY8uBg9cP3Jd7DAH	Billie Eilish	['art pop', 'electropop', 'pop']	[2018, 2019, 2020, 2021, 2022]	55	5
00FQb4jTyendYWaN8pK0wa	Lana Del Rey	['art pop', 'pop']	[2017, 2018, 2019, 2020, 2021, 2022]	54	13
6l3HvQ5sa6mXTsMTB19rO5	J. Cole	['conscious hip hop', 'hip hop', 'north carolina hip hop', 'rap']	[2017, 2018, 2019, 2020, 2021, 2022]	54	23
69GGBxA162lTqCwzJG5jLp	The Chainsmokers	['electropop', 'pop']	[2017, 2018, 2019, 2020, 2021, 2022]	53	34
53XhwfbYqKCa1cC15pYq2q	Imagine Dragons	['modern rock', 'pop', 'rock']	[2017, 2018, 2019, 2020, 2021, 2022]	53	7
0iEtIxbK0KxaSlF7G42ZOp	Metro Boomin	['rap']	[2017, 2018, 2019, 2020]	52	52
6AgTAQt8XS6jRWi4sX7w49	Polo G	['chicago rap', 'rap']	[2019, 2020, 2021, 2022]	51	33
26VFTg2z8YR0cCuwLzESi2	Halsey	['electropop', 'etherpop', 'indie poptimism', 'pop']	[2017, 2018, 2019, 2020, 2021, 2022]	50	21
2YZyLoL8N0Wb9xBt1NhZWg	Kendrick Lamar	['conscious hip hop', 'hip hop', 'rap', 'west coast rap']	[2017, 2018, 2019, 2020, 2021, 2022]	49	34
0eDvMgVFoNV3TpwtrVCoTj	Pop Smoke	['brooklyn drill', 'rap']	[2019, 2020, 2021]	49	33
1r4hJ1h58CWwUQe3MxPuau	Maluma	['latin pop', 'reggaeton', 'reggaeton colombiano', 'urbano latino']	[2017, 2018, 2019, 2020, 2021, 2022]	47	32
13ubrt8QOOCPljQ2FL1Kca	A$AP Rocky	['east coast hip hop', 'hip hop', 'rap', 'trap']	[2017, 2018, 2019, 2020, 2021, 2022]	47	35
4nDoRrQiYLoBzwC5BhVJzF	Camila Cabello	['dance pop', 'pop']	[2017, 2018, 2019, 2020, 2021, 2022]	47	23
0C8ZW7ezQVs4URX5aX7Kqx	Selena Gomez	['pop', 'post-teen pop']	[2017, 2018, 2019, 2020, 2021]	46	22
4V8LLVI7PbaPR0K2TGSxFF	Tyler, The Creator	['hip hop', 'rap']	[2017, 2018, 2019, 2020, 2021, 2022]	45	23
6M2wZ9GZgrQXHCFfjv46we	Dua Lipa	['dance pop', 'pop', 'uk pop']	[2017, 2018, 2019, 2020, 2021, 2022]	45	23
4WZGDpNwrC0vNQyl9QzF7d	Capital Bra	['german hip hop']	[2018, 2019, 2020, 2021]	44	33
1Cs0zKBU1kc0i8ypK3B9ai	David Guetta	['big room', 'dance pop', 'edm', 'pop', 'pop dance']	[2017, 2018, 2019, 2020, 2021]	43	41
2wY79sveU1sp5g7SokKOiI	Sam Smith	['pop', 'uk pop']	[2017, 2018, 2019, 2020, 2021]	42	7
0c173mlxpT3dSFRgMO8XPh	Big Sean	['detroit hip hop', 'hip hop', 'pop rap', 'r&b', 'rap', 'southern hip hop', 'trap']	[2017, 2018, 2019, 2020, 2021]	42	30
1vCWHaC5f2uS3yhpwWbIA6	Avicii	['edm', 'pop', 'pop dance']	[2017, 2018, 2019, 2020, 2021, 2022]	42	26
4DdkRBBYG6Yk9Ka8tdJ9BW	Offset	['atl hip hop', 'rap', 'trap']	[2017, 2018, 2019, 2020, 2021]	42	38
7c0XG5cIJTrrAgEC3ULPiq	Ty Dolla $ign	['hip hop', 'pop rap', 'r&b', 'southern hip hop', 'trap', 'trap soul']	[2017, 2018, 2019, 2020, 2021]	42	42
4VMYDCV2IEDYJArk749S6m	Daddy Yankee	['latin hip hop', 'reggaeton', 'trap latino', 'urbano latino']	[2017, 2018, 2019, 2020, 2021, 2022]	41	36
5JZ7CnR6gTvEMKX4g70Amv	Lauv	['pop']	[2017, 2018, 2019, 2020]	41	22
7jVv8c5Fj3E9VhNjxT4snq	Lil Nas X	['lgbtq+ hip hop']	[2019, 2020, 2021, 2022]	40	16
1mcTU81TzQhprhouKaTkpq	Rauw Alejandro	['puerto rican pop', 'reggaeton', 'trap latino', 'urbano latino']	[2018, 2019, 2020, 2021, 2022]	39	30
5WUlDfRSoLAfcVSX1WnrxN	Sia	['australian dance', 'australian pop', 'pop']	[2017, 2018, 2019, 2020, 2021, 2022]	38	24
0QHgL1lAIqAw0HtD7YldmP	DJ Khaled	['hip hop', 'miami hip hop', 'pop rap', 'rap']	[2017, 2018, 2019, 2020, 2021]	38	38
5YGY8feqx7naU7z4HrwZM6	Miley Cyrus	['pop']	[2017, 2018, 2019, 2020, 2021, 2022]	37	13
7gZfnEnfiaHzxARJ2LeXrf	6ix9ine	['emo rap']	[2017, 2018, 2019, 2020]	37	24
23TFHmajVfBtlRx5MXqgoz	Sfera Ebbasta	['italian hip hop', 'italian pop', 'trap italiana', 'trap latino']	[2018, 2019, 2020, 2021, 2022]	37	23
77ziqFxp5gaInVrF2lj4ht	Sech	['panamanian pop', 'reggaeton', 'trap latino', 'urbano latino']	[2019, 2020, 2021, 2022]	37	32
23fqKkggKUBHNkbKtXEls4	Kygo	['edm', 'pop', 'pop dance', 'tropical house']	[2017, 2018, 2019, 2020, 2021, 2022]	36	36
31W5EY0aAly4Qieq6OFu6I	A Boogie Wit da Hoodie	['melodic rap', 'rap', 'trap']	[2017, 2018, 2019, 2020, 2021]	36	28
1zNqQNIdeOUZHb8zbZRFMX	Swae Lee	['melodic rap', 'rap', 'trap']	[2017, 2018, 2019, 2020, 2021, 2022]	36	35
6vWDO969PvNqNYHIOW5v0m	Beyoncé	['pop', 'r&b']	[2017, 2018, 2019, 2020, 2021]	36	18
6TIYQ3jFPwQSRmorSezPxX	Machine Gun Kelly	['ohio hip hop', 'pop rap']	[2017, 2018, 2019, 2020, 2021, 2022]	36	26
5cj0lLjcoR7YOSnhnX0Po5	Doja Cat	['dance pop', 'pop']	[2019, 2020, 2021, 2022]	36	20
1aS5tqEs9ci5P9KD9tZWa6	Bonez MC	['german hip hop', 'hamburg hip hop']	[2017, 2018, 2019, 2020, 2021, 2022]	35	27
6XyY86QOPPrYVGvF9ch6wz	Linkin Park	['alternative metal', 'nu metal', 'post-grunge', 'rap metal', 'rock']	[2017, 2020, 2021, 2022]	35	3
3YQKmKGau1PzlVlkL1iodx	Twenty One Pilots	['modern rock', 'pop', 'pov: indie', 'rock']	[2017, 2018, 2019, 2020, 2021]	35	0
13y7CgLHjMVRMDqxdx0Xdo	Gucci Mane	['atl hip hop', 'dirty south rap', 'hip hop', 'pop rap', 'rap', 'southern hip hop', 'trap']	[2017, 2018, 2019, 2020]	34	34
699OTQXzgjhIYAHMy9RyPD	Playboi Carti	['atl hip hop', 'plugg', 'pluggnb', 'rage rap', 'rap']	[2017, 2018, 2019, 2020, 2021, 2022]	34	19
7FNnA9vBm6EKceENgCGRMb	Anitta	['funk pop', 'funk rj', 'pagode baiano', 'pop', 'pop nacional']	[2017, 2018, 2019, 2020, 2021, 2022]	34	27
1SupJlEpv7RS2tPNRaHViT	Nicky Jam	['latin hip hop', 'reggaeton', 'trap latino', 'urbano latino']	[2017, 2018, 2019, 2020, 2021]	33	31
4dpARuHxo51G3z768sgnrY	Adele	['british soul', 'pop', 'pop soul', 'uk pop']	[2017, 2018, 2019, 2020, 2021, 2022]	33	0
790FomKkXshlbRYZFtlgla	KAROL G	['reggaeton', 'reggaeton colombiano', 'trap latino', 'urbano latino']	[2017, 2018, 2019, 2020, 2021, 2022]	33	25
7iK8PXO48WeuP03g8YR51W	Myke Towers	['reggaeton', 'trap latino', 'urbano latino']	[2019, 2020, 2021, 2022]	33	28
0fA0VVWsXO9YnASrzqfmYu	Kid Cudi	['hip hop', 'ohio hip hop', 'pop rap', 'rap']	[2018, 2019, 2020, 2021]	33	15
1anyVhU62p31KFi8MEzkbf	Chance the Rapper	['chicago rap', 'conscious hip hop', 'hip hop', 'pop rap', 'rap']	[2017, 2018, 2019, 2020, 2021]	32	27
1HY2Jd0NmPuamShAr6KMms	Lady Gaga	['art pop', 'dance pop', 'pop']	[2017, 2018, 2019, 2020, 2021, 2022]	31	10
7tYKF4w9nC0nq9CsPZTHyP	SZA	['pop', 'r&b', 'rap']	[2017, 2018, 2019, 2020, 2021, 2022]	31	29
2UwqpfQtNuhBwviIC0f2ie	Damso	['belgian hip hop', 'french hip hop', 'pop urbaine', 'r&b francais', 'rap belge', 'rap conscient']	[2017, 2018, 2019, 2020, 2021]	31	9
5LHRHt1k9lMyONurDHEdrp	Tyga	['hip hop', 'pop rap', 'rap', 'trap']	[2017, 2018, 2019, 2020, 2021, 2022]	31	28
6h1s4i4XKIYv4ErDelLDN0	Samra	['german hip hop']	[2018, 2019, 2020, 2021]	31	20
46SHBwWsqBkxI7EeeBEQG7	Kodak Black	['florida drill', 'florida rap', 'melodic rap', 'miami hip hop', 'rap', 'trap', 'trap latino']	[2017, 2018, 2019, 2021, 2022]	30	21
163tK9Wjr9P9DmM0AVK7lm	Lorde	['art pop', 'metropopolis', 'nz pop', 'pop']	[2017, 2021]	30	3
04gDigrS5kc9YWfZHwBETP	Maroon 5	['pop']	[2017, 2018, 2019, 2020, 2021, 2022]	30	20
6icQOAFXDZKsumw3YXyusw	Lil Yachty	['atl hip hop', 'melodic rap', 'rap', 'trap']	[2017, 2018, 2019, 2020]	30	28
4LLpKhyESsyAXpc4laK94U	Mac Miller	['hip hop', 'pittsburgh rap', 'rap']	[2018, 2019, 2020, 2021]	30	5
6jJ0s89eD6GaHleKKya26X	Katy Perry	['pop']	[2017, 2018, 2019, 2020, 2021, 2022]	29	11
7CajNmpbOovFoOoasH2HaY	Calvin Harris	['dance pop', 'edm', 'electro house', 'house', 'pop', 'progressive house', 'uk dance']	[2017, 2018, 2019, 2020, 2021]	29	26
64KEffDW9EtZ1y2vBYgq8T	Marshmello	['brostep', 'edm', 'pop', 'progressive electro house']	[2017, 2018, 2019, 2020, 2021, 2022]	29	27
7rkW85dBwwrJtlHRDkJDAC	NAV	['canadian hip hop', 'canadian trap', 'melodic rap', 'rap', 'toronto rap', 'trap']	[2017, 2018, 2019, 2020, 2021, 2022]	29	25
329e4yvIujISKGKz1BZZbO	Farruko	['reggaeton', 'trap latino', 'urbano latino']	[2017, 2018, 2019, 2020, 2021, 2022]	29	26
2jku7tDXc6XoB6MO2hFuqg	Tory Lanez	['canadian hip hop', 'canadian trap', 'melodic rap', 'r&b', 'rap', 'toronto rap', 'trap']	[2017, 2018, 2019, 2020, 2021]	29	18
6S2OmqARrzebs0tKUEyXyp	Demi Lovato	['pop', 'post-teen pop']	[2017, 2018, 2019, 2020, 2021]	28	14
07YUOmWljBTXwIseAUd9TW	Sebastian Yatra	['colombian pop', 'latin pop', 'reggaeton', 'reggaeton colombiano', 'urbano latino']	[2017, 2018, 2019, 2020, 2021, 2022]	28	19
6KImCVD70vtIoJWnq6nGn3	Harry Styles	['pop']	[2017, 2018, 2019, 2020, 2021, 2022]	28	0
5fMUXHkw8R8eOP2RNVYEZX	Diplo	['edm', 'electro house', 'moombahton', 'pop dance']	[2017, 2018, 2019, 2020]	28	28
0du5cEVh5yTK9QJze8zA0C	Bruno Mars	['dance pop', 'pop']	[2017, 2018, 2019, 2020, 2021, 2022]	28	21
20sxb77xiYeusSH8cVdatc	Meek Mill	['hip hop', 'philly rap', 'pop rap', 'rap', 'southern hip hop', 'trap']	[2018, 2019, 2020, 2021]	28	24
757aE44tKEUQEqRuT6GnEB	Roddy Ricch	['melodic rap', 'rap', 'trap']	[2018, 2019, 2020, 2021]	28	24
3wyVrVrFCkukjdVIdirGVY	Lil Pump	['emo rap', 'miami hip hop', 'pop rap', 'rap', 'trap']	[2017, 2018, 2019]	27	12
2EMAnMvWE2eb56ToJVfCWs	Bryson Tiller	['kentucky hip hop', 'r&b', 'rap']	[2017, 2018, 2019, 2020, 2021]	27	5
17lzZA2AlOHwCwFALHttmp	2 Chainz	['atl hip hop', 'hip hop', 'pop rap', 'rap', 'southern hip hop', 'trap']	[2017, 2018, 2019, 2020]	26	26
02kJSzxNuaWGqwubyUba0Z	G-Eazy	['indie pop rap', 'oakland hip hop', 'pop rap', 'rap']	[2017, 2018, 2019, 2020, 2021]	26	25
5ZsFI1h6hIdQRw2ti0hz81	ZAYN	['pop', 'uk pop']	[2017, 2018, 2019, 2020, 2021]	26	11
181bsRPaVXVlUKXrxwZfHK	Megan Thee Stallion	['houston rap', 'pop', 'rap', 'trap queen']	[2019, 2020, 2021, 2022]	26	19
3MZsBdqDrRTJihTHQrO6Dq	Joji	['viral pop']	[2018, 2019, 2020, 2021]	26	6
7bXgB6jMjp9ATFy66eO08Z	Chris Brown	['r&b', 'rap']	[2017, 2018, 2019, 2020, 2021, 2022]	25	21
3hcs9uc56yIGFCSy9leWe7	Lil Durk	['chicago drill', 'chicago rap', 'drill', 'hip hop', 'rap', 'trap']	[2018, 2019, 2020, 2021, 2022]	25	24
4oUHIQIBe0LHzYfvXNW4QM	Morgan Wallen	['contemporary country']	[2019, 2020, 2021, 2022]	25	4
2tIP7SsRs7vjIcLrU85W8J	The Kid LAROI	['australian hip hop']	[2020, 2021, 2022]	25	16
5pVRwX5ZQR7hfJ18w8ZYkl	Ufo361	['german cloud rap', 'german hip hop']	[2018, 2019, 2020, 2021]	25	17
6ZjFtWeHP9XN7FeKSUe80S	Bing Crosby	['adult standards', 'easy listening', 'lounge']	[2017, 2018, 2019, 2020, 2021]	24	6
64M6ah0SkkRsnPGtGiRAbb	Bebe Rexha	['dance pop', 'pop']	[2017, 2018, 2019, 2020, 2021]	24	17
3hBQ4zniNdQf1cqqo6hzuW	Salmo	['italian hip hop', 'italian pop', 'italian underground hip hop', 'rap sardegna']	[2017, 2018, 2019, 2020, 2021]	24	16
7gOdHgIoIKoe4i9Tta6qdD	Jonas Brothers	['boy band', 'pop']	[2019, 2020, 2021, 2022]	24	4
41MozSoPIsD1dJM0CLPjZF	BLACKPINK	['k-pop', 'k-pop girl group', 'pop']	[2018, 2019, 2020, 2021]	24	6
5Rl15oVamLq7FbSb0NNBNy	5 Seconds of Summer	['boy band', 'pop']	[2018, 2019, 2020]	24	5
1qQLhymHXFPtP5U8KNKsm6	Apache 207	['german hip hop']	[2019, 2020, 2021]	24	3
28gNT5KBp7IjEOQoevXf9N	Camilo	['colombian pop', 'latin pop', 'reggaeton colombiano']	[2018, 2019, 2020, 2021]	24	18
4gzpq5DPGxSnKTe4SA8HAU	Coldplay	['permanent wave', 'pop']	[2017, 2018, 2019, 2020, 2021, 2022]	23	8
0cGUm45nv7Z6M6qdXYQGTX	Kehlani	['pop', 'r&b']	[2017, 2018, 2019, 2020]	23	17
738wLrAtLtCtFOLvQBXOXp	Major Lazer	['dance pop', 'edm', 'electro house', 'moombahton', 'pop', 'pop dance']	[2017, 2018, 2019, 2020, 2021]	23	23
14zUHaJZo1mnYtn6IBRaRP	Justin Quiles	['reggaeton', 'trap latino', 'urbano latino']	[2018, 2019, 2020, 2021, 2022]	23	21
4Ga1P7PMIsmqEZqhYZQgDo	Lil Tecca	['melodic rap', 'pluggnb', 'rap']	[2019, 2020, 2021]	23	11
6Te49r3A6f5BiIgBRxH7FH	Ninho	['french hip hop', 'pop urbaine']	[2019, 2020, 2021]	23	5
3CJKkU0XuElRT1z8rEtIYg	Luciano	['german drill', 'german hip hop']	[2018, 2019, 2020, 2021]	23	11
6vXTefBL93Dj5IqAWq6OTv	French Montana	['hip hop', 'pop rap', 'rap', 'southern hip hop', 'trap']	[2017, 2018, 2019, 2020]	22	22
60d24wfXkVzDSfLS6hyCjZ	Martin Garrix	['dutch edm', 'edm', 'pop', 'pop dance', 'progressive house']	[2017, 2018, 2019, 2020, 2021]	22	21
0ZED1XzwlLHW4ZaG4lOT6m	Julia Michaels	['pop']	[2017, 2018, 2019, 2020, 2021]	22	12
1zNqDE7qDGCsyzJwohVaoX	Anne-Marie	['pop']	[2017, 2018, 2019, 2020, 2021]	22	16
3WGpXCj9YhhfX11TToZcXP	Troye Sivan	['australian pop', 'pop', 'viral pop']	[2017, 2018, 2019, 2020, 2021]	22	12
4Gso3d4CscCijv0lmajZWs	Don Toliver	['rap', 'trap']	[2019, 2020, 2021, 2022]	22	13
6VuMaDnrHyPL1p4EHjYLi7	Charlie Puth	['pop', 'viral pop']	[2017, 2018, 2019, 2020, 2022]	21	9
0Dvx6p8JDyzeOPGmaCIH1L	RAF Camora	['german hip hop']	[2017, 2018, 2019, 2021]	21	16
3e7awlrlDSwF3iM0WBjGMp	Little Mix	['girl group', 'pop', 'talent show', 'uk pop']	[2017, 2018, 2019, 2020, 2021]	21	10
2feDdbD5araYcm6JhFHHw7	Labrinth	['indie poptimism', 'pop']	[2017, 2018, 2019, 2020, 2021, 2022]	21	15
3jK9MiCrA42lLAdMGUZpwa	Anderson .Paak	['escape room', 'hip hop', 'indie soul', 'neo soul']	[2018, 2019, 2020, 2021, 2022]	21	20
57LYzLEk2LcFghVwuWbcuS	Summer Walker	['r&b']	[2019, 2020, 2021]	21	14
3AA28KZvwAUcZuOKwyblJQ	Gorillaz	['alternative hip hop', 'modern rock', 'rock']	[2017, 2018, 2020]	20	16
6extd4B6hl8VTmnlhpl2bY	Huncho Jack	['melodic rap', 'trap']	[2017, 2018]	20	20
1Hsdzj7Dlq2I7tHP7501T4	Niall Horan	['pop']	[2017, 2018, 2019, 2020, 2021]	20	5
2cFrymmkijnjDg9SS92EPM	blackbear	['pop']	[2017, 2019, 2020, 2021, 2022]	20	12
0tmwSHipWxN12fsoLcFU3B	Manuel Turizo	['colombian pop', 'reggaeton', 'reggaeton colombiano', 'trap latino', 'urbano latino']	[2017, 2018, 2019, 2020, 2021]	20	15
1pQWsZQehhS4wavwh7Fnxd	Lenny Tavárez	['reggaeton', 'trap argentino', 'trap latino', 'urbano latino']	[2018, 2019, 2020, 2021, 2022]	20	20
4AK6F7OLvEQ5QYCBNiQWHq	One Direction	['boy band', 'pop', 'post-teen pop', 'talent show']	[2020]	20	0
1GxkXlMwML1oSg5eLPiAz3	Michael Bublé	['adult standards', 'canadian pop', 'jazz pop', 'lounge']	[2017, 2018, 2019, 2020, 2021]	19	5
2RdwBSPQiwcmiDo9kixcl8	Pharrell Williams	['dance pop', 'pop']	[2017, 2018, 2020, 2021]	19	18
2kCcBybjl3SAtIcwdWpUe3	Lil Peep	['cloud rap', 'emo rap', 'lgbtq+ hip hop']	[2017, 2018, 2019, 2020, 2021, 2022]	19	4
0A0FS04o6zMoto8OKPsDwY	YG	['cali rap', 'hip hop', 'pop rap', 'rap', 'southern hip hop', 'trap']	[2017, 2018, 2019, 2020]	19	16
1dfeR4HaWDbWqFHLkxsg1d	Queen	['classic rock', 'glam rock', 'rock']	[2017, 2018, 2019, 2020, 2021, 2022]	19	1
3NH8t45zOTqzlZgBvZRjvB	PNL	['french hip hop', 'pop urbaine']	[2018, 2019]	19	0
31TPClRtHm23RisEBtV3X7	Justin Timberlake	['dance pop', 'pop']	[2017, 2018, 2020]	18	5
3E6xrwgnVfYCrCs0ePERDz	Wisin	['reggaeton', 'urbano latino']	[2017, 2018, 2019, 2020, 2021]	18	17
5Pwc4xIPtQLFEnJriah9YJ	OneRepublic	['piano rock', 'pop']	[2017, 2018, 2019, 2020, 2021, 2022]	18	7
0hEurMDQu99nJRq8pTxO14	John Mayer	['neo mellow', 'singer-songwriter']	[2017, 2018, 2019, 2020, 2021]	18	3
1KCSPY1glIKqW2TotWuXOR	P!nk	['dance pop', 'pop']	[2017, 2018, 2019, 2020, 2021]	18	7
2HPaUgqeutzr3jx5a9WyDV	PARTYNEXTDOOR	['r&b', 'rap', 'toronto rap', 'urban contemporary']	[2017, 2018, 2019, 2020]	18	14
1pPmIToKXyGdsCF6LmqLmI	Rich The Kid	['atl hip hop', 'melodic rap', 'plugg', 'rap', 'trap']	[2017, 2018, 2019, 2020]	18	12
5AZuEF0feCXMkUCwQiQlW7	Marracash	['italian hip hop', 'italian pop', 'italian underground hip hop', 'rap napoletano']	[2019, 2020, 2021]	18	11
20JZFwl6HVl6yg8a4H3ZqK	Panic! At The Disco	['pop']	[2018, 2019, 2020]	18	2
1HBjj22wzbscIZ9sEb5dyf	Jonas Blue	['pop', 'pop dance', 'tropical house', 'uk dance']	[2017, 2018, 2019]	17	17
1Xylc3o4UrD53lo9CvFvVg	Zara Larsson	['pop', 'scandipop', 'swedish electropop', 'swedish pop']	[2017, 2018, 2019, 2020, 2021]	17	7
4obzFoKoKRHIphyHzJ35G3	Becky G	['latin pop', 'latin viral pop', 'rap latina', 'reggaeton', 'urbano latino']	[2017, 2018, 2019, 2020, 2021, 2022]	17	17
0KPX4Ucy9dk82uj4GpKesn	Dalex	['r&b en espanol', 'reggaeton', 'trap latino', 'urbano latino']	[2019, 2020, 2021, 2022]	17	16
5wyWp867LWGjFmYZXVSFnZ	MERO	['german hip hop']	[2018, 2019, 2020]	17	6
6jGMq4yGs7aQzuGsMgVgZR	Lil Tjay	['brooklyn drill', 'melodic rap', 'nyc rap', 'rap']	[2019, 2020, 2021]	17	13
540vIaP2JwjQb9dm3aArA4	DJ Snake	['edm', 'electronic trap', 'pop', 'pop dance']	[2017, 2018, 2019, 2020, 2021]	16	16
5IcR3N7QB1j6KBL8eImZ8m	ScHoolboy Q	['gangster rap', 'hip hop', 'pop rap', 'rap', 'southern hip hop', 'trap']	[2017, 2018, 2019]	16	10
7ltDVBr6mKbRvohxheJ9h1	ROSALÍA	['pop', 'r&b en espanol']	[2019, 2020, 2021, 2022]	16	11
3mIj9lX2MWuHmhNCA7LSCW	The 1975	['modern alternative rock', 'modern rock', 'pop', 'pov: indie', 'rock']	[2018, 2019, 2020]	16	0
1nzgtKYFckznkcVMR3Gg4z	KSI	['uk hip hop']	[2019, 2020, 2021]	16	13
5eioJDe26lOqkAMbuhzZYs	Gzuz	['deep german hip hop', 'german hip hop', 'hamburg hip hop']	[2017, 2018, 2019, 2020, 2021, 2022]	15	12
7vk5e3vY1uw9plTHJAMwjN	Alan Walker	['electro house']	[2017, 2018, 2019, 2020, 2021]	15	12
5y2Xq6xcjJb2jVM54GHK3t	John Legend	['neo soul', 'pop', 'pop soul', 'urban contemporary']	[2017, 2018, 2019, 2020, 2021, 2022]	15	8
2h93pZq0e7k5yf4dywlkpM	Frank Ocean	['lgbtq+ hip hop', 'neo soul']	[2017, 2018, 2019, 2020, 2022]	15	6
25uiPmTg16RbhZWAqwLBy5	Charli XCX	['art pop', 'candy pop', 'metropopolis', 'pop', 'uk pop']	[2017, 2018, 2019, 2021, 2022]	15	12
2SrSdSvpminqmStGELCSNd	Stormzy	['grime', 'uk hip hop']	[2017, 2019, 2020, 2021]	15	12
7iZtZyCzp3LItcw1wtPI3D	Rae Sremmurd	['melodic rap', 'mississippi hip hop', 'rap', 'trap']	[2017, 2018]	15	11
1sBkRIssrMs1AbVkOJbc7a	Rick Ross	['dirty south rap', 'gangster rap', 'hip hop', 'rap', 'southern hip hop', 'trap']	[2017, 2018, 2019, 2020, 2021]	15	15
1McMsnEElThX1knmY4oliG	Olivia Rodrigo	['pop']	[2020, 2021, 2022]	15	1
1yR65psqiazQpeM79CcGh8	Marília Mendonça	['arrocha', 'sertanejo', 'sertanejo universitario']	[2018, 2019, 2020, 2021, 2022]	15	9
2LIk90788K0zvyj2JJVwkJ	Jack Harlow	['deep underground hip hop', 'kentucky hip hop', 'pop rap', 'rap']	[2020, 2021, 2022]	15	10
0JBdTCGs111JKKYfLqOEBa	Shirin David	['frauenrap', 'german hip hop', 'german pop']	[2019, 2020, 2021]	15	7
0EmeFodog0BfCgMzAIvKQp	Shakira	['colombian pop', 'dance pop', 'latin pop', 'pop']	[2017, 2018, 2020, 2021]	14	12
137W8MRPWKqSmrBGDBFSop	Wiz Khalifa	['hip hop', 'pittsburgh rap', 'pop rap', 'rap', 'southern hip hop', 'trap']	[2017, 2018, 2019, 2020, 2021, 2022]	14	10
5p7f24Rk5HkUZsaS3BLG5F	Hailee Steinfeld	['pop']	[2017, 2018, 2019, 2020]	14	11
6fOMl44jA4Sp5b9PpYCkzz	NF	['hip hop', 'pop rap']	[2017, 2018, 2019, 2021]	14	1
5pUo3fmmHT8bhCyHE52hA6	Liam Payne	['pop']	[2017, 2018, 2019, 2020]	14	11
4IVAbR2w4JJNJDDRFP3E83	6LACK	['atl hip hop', 'melodic rap', 'r&b', 'rap', 'trap']	[2017, 2018, 2019, 2020, 2021]	14	11
19i93sA0D7yS9dYoVNBqAA	thasup	['italian hip hop', 'italian pop', 'trap italiana']	[2019, 2020, 2022]	14	9
716NhGYqD1jl2wI1Qkgq36	Bizarrap	['argentine hip hop', 'pop venezolano', 'trap argentino', 'trap latino', 'urbano latino']	[2019, 2020, 2021, 2022]	14	14
7Ln80lUS6He07XvHI8qqHH	Arctic Monkeys	['garage rock', 'modern rock', 'permanent wave', 'rock', 'sheffield indie']	[2018, 2020, 2021, 2022]	14	0
4npEfmQ6YuiwW1GpUmaq3F	Ava Max	['pop']	[2018, 2019, 2020, 2021, 2022]	14	2
5INjqkS1o8h1imAzPqGZBb	Tame Impala	['australian psych', 'modern rock', 'neo-psychedelic', 'rock']	[2019, 2020, 2021]	14	0
2Im8m4STDBosjfmb5hmP80	Loredana	['frauenrap', 'german hip hop', 'kosovan pop', 'romanian pop']	[2018, 2019, 2020, 2021]	14	11
3vQ0GE3mI0dAaxIMYe5g7z	Paulo Londra	['argentine hip hop', 'trap argentino', 'trap latino', 'urbano latino']	[2018, 2019]	14	6
4GvEc3ANtPPjt1ZJllr5Zl	Bazzi	['pop']	[2018, 2019, 2020]	14	2
7wlFDEWiM5OoIAt8RSli8b	YoungBoy Never Broke Again	['baton rouge rap', 'rap']	[2018, 2019, 2020, 2021]	14	12
4Q6nIcaBED8qUel8bBx6Cr	Jax Jones	['dance pop', 'edm', 'house', 'pop dance', 'uk dance', 'uk pop']	[2017, 2018, 2019, 2021, 2022]	13	13
3nFkdlSjzX9mRTtwJOzDYB	JAY-Z	['east coast hip hop', 'gangster rap', 'hip hop', 'pop rap', 'rap']	[2017, 2018, 2019, 2020, 2021]	13	13
1GDbiv3spRmZ1XdM1jQbT7	NATTI NATASHA	['latin pop', 'rap latina', 'reggaeton', 'urbano latino']	[2017, 2018, 2019, 2020, 2021]	13	13
21451j1KhjAiaYKflxBjr1	Zion & Lennox	['reggaeton', 'urbano latino']	[2017, 2018, 2019, 2020, 2021, 2022]	13	11
5pKCCKE2ajJHZ9KAiaK11H	Rihanna	['barbadian pop', 'pop', 'urban contemporary']	[2017, 2018, 2019, 2020, 2021]	13	10
5CCwRZC6euC8Odo6y9X8jr	Rita Ora	['dance pop', 'pop', 'uk pop']	[2017, 2018, 2019, 2021]	13	8
2wUjUUtkb5lvLKcGKsKqsR	Alessia Cara	['canadian contemporary r&b', 'canadian pop', 'pop']	[2017, 2018, 2019, 2020, 2021]	13	6
7n2Ycct7Beij7Dj7meI4X0	TWICE	['k-pop', 'k-pop girl group', 'pop']	[2019, 2020, 2021, 2022]	13	0
6nVcHLIgY5pE2YCl8ubca1	Jhayco	['reggaeton', 'trap latino', 'urbano latino']	[2019, 2020, 2021, 2022]	13	13
6PvvGcCY2XtUcSRld1Wilr	Silk Sonic	['neo soul']	[2021, 2022]	13	13
5j21TGkrNEAJe3gG9VlS34	Shindy	['german hip hop']	[2019, 2020, 2021]	13	5
2hPgGN4uhvXAxiXQBIXOmE	KIDS SEE GHOSTS	['rap']	[2018]	13	5
0ONHkAv9pCAFxb0zJwDNTy	Pusha T	['gangster rap', 'hip hop', 'rap', 'southern hip hop', 'trap', 'virginia hip hop']	[2017, 2018, 2021]	12	7
4V8Sr092TqfHkfAA5fXXqG	Luis Fonsi	['latin pop', 'puerto rican pop']	[2017, 2018, 2019, 2020]	12	12
3JhNCzhSMTxs9WLGJJxWOY	Macklemore	['pop rap', 'seattle hip hop']	[2017, 2018, 2019, 2020, 2021, 2022]	12	12
2qxJFvFYMEDqd7ui6kSAcq	Zedd	['complextro', 'edm', 'german techno', 'pop', 'pop dance']	[2017, 2018, 2019, 2020]	12	12
58wXmynHaAWI5hwlPZP3qL	Booba	['french hip hop', 'old school rap francais', 'pop urbaine', 'rap conscient']	[2017, 2020, 2021]	12	6
3PhoLpVuITZKcymswpck5b	Elton John	['glam rock', 'mellow gold', 'piano rock', 'rock']	[2017, 2018, 2019, 2020, 2021, 2022]	12	8
07YZf4WDAMNwqr4jfgOZ8y	Jason Derulo	['dance pop', 'pop']	[2017, 2018, 2020, 2021, 2022]	12	9
4SsVbpTthjScTS7U2hmr1X	Arcángel	['latin hip hop', 'reggaeton', 'trap latino', 'urbano latino']	[2017, 2018, 2019, 2020, 2021, 2022]	12	12
0LcJLqbBmaGUft1e9Mm8HV	ABBA	['europop', 'swedish pop']	[2020, 2021, 2022]	12	0
6wWVKhxIU2cEi0K81v7HvP	Rammstein	['german metal', 'industrial', 'industrial metal', 'industrial rock', 'neue deutsche harte']	[2019, 2022]	12	0
3drqpTL4sQOckmAfF9i1wg	Summer Cem	['german hip hop']	[2018, 2019, 2020]	12	12
5CiGnKThu5ctn9pBxv7DGa	benny blanco	['pop']	[2018, 2019, 2020, 2021]	12	12
1bAftSH8umNcGZ0uyV7LMg	Duki	['argentine hip hop', 'trap argentino', 'trap latino', 'trap triste', 'urbano latino']	[2018, 2019, 2020, 2021]	12	10
2rhFzFmezpnW82MNqEKVry	Ski Mask The Slump God	['hip hop', 'miami hip hop', 'pop rap', 'rap', 'trap', 'underground hip hop']	[2018, 2019, 2020, 2021]	12	7
0ErzCpIMyLcjPiwT4elrtZ	NLE Choppa	['memphis hip hop', 'rap']	[2019, 2020, 2021]	12	9
4A0TivfinfALCAMJqqjZIk	Funk Wav	[]	[2017, 2018]	11	11
6LqNN22kT3074XbTVUrhzX	Kesha	['dance pop', 'pop']	[2017, 2018, 2019]	11	5
3t5xRXzsuZmMDkQzgOX35S	Robin Schulz	['deep euro house', 'deep house', 'edm', 'german dance', 'pop dance', 'tropical house']	[2017, 2018, 2019, 2020, 2021]	11	11
4IWBUUAFIplrNtaOHcJPRM	James Arthur	['pop', 'talent show', 'uk pop']	[2017, 2018, 2019, 2020, 2021, 2022]	11	4
0eHQ9o50hj6ZDNBt6Ys1sD	Yandel	['latin hip hop', 'reggaeton', 'trap latino', 'urbano latino']	[2017, 2018, 2020]	11	11
47MpMsUfWtgyIIBEFOr4FE	Lunay	['reggaeton', 'reggaeton flow', 'trap latino', 'urbano latino']	[2019, 2020, 2021, 2022]	11	11
4exLIFE8sISLr28sqG1qNX	Travis Barker	['rap rock']	[2018, 2019, 2020, 2021, 2022]	11	11
6MPCFvOQv5cIGfw3jODMF0	Internet Money	['pop rap']	[2019, 2020, 2021, 2022]	11	11
5Lv2GUVwqmQBPwrTrxucE5	Os Barões Da Pisadinha	['agronejo', 'arrocha', 'forro', 'piseiro', 'sertanejo universitario']	[2020, 2021, 2022]	11	7
1Ffb6ejR6Fe5IamqA5oRUF	Bring Me The Horizon	['melodic metalcore', 'metalcore', 'modern rock', 'pop punk', 'rock', 'uk metalcore']	[2018, 2019, 2020, 2021, 2022]	11	3
0EeQBlQJFiAfJeVN2vT9s0	Nipsey Hussle	['conscious hip hop', 'gangster rap', 'hip hop', 'pop rap', 'rap', 'southern hip hop', 'trap']	[2019, 2020, 2021]	11	10
5zctI4wO9XSKS8XwcnqEHk	Lil Mosey	['melodic rap', 'rap conscient']	[2018, 2019, 2020, 2021]	11	6
56oDRnqbIiwx4mymNEv7dS	Lizzo	['escape room', 'minnesota hip hop', 'pop', 'trap queen']	[2019, 2020, 2021]	11	4
20qISvAhX20dpIbOOzGK3q	Nas	['conscious hip hop', 'east coast hip hop', 'gangster rap', 'hardcore hip hop', 'hip hop', 'queens hip hop', 'rap']	[2017, 2018, 2020, 2021]	10	9
4UXqAaa6dQYAk18Lv7PEgX	Fall Out Boy	['emo', 'modern rock', 'pop', 'pop punk', 'rock']	[2017, 2018, 2019]	10	3
3iOvXCl6edW5Um0fXEBRXy	The xx	['downtempo', 'dream pop', 'indietronica']	[2017]	10	0
4tZwfgrHOc3mvqYlEYSvVi	Daft Punk	['electro', 'filter house', 'rock']	[2017, 2018, 2019, 2020, 2021, 2022]	10	6
21WS9wngs9AqFckK7yYJPM	PnB Rock	['melodic rap', 'rap', 'trap']	[2017, 2018, 2019]	10	8
5lwmRuXgjX8xIwlnauTZIP	Romeo Santos	['bachata', 'latin hip hop', 'latin pop', 'urbano latino']	[2017, 2018, 2019, 2020, 2021]	10	8
0X2BH1fck6amBIoJhDVmmJ	Ellie Goulding	['indietronica', 'metropopolis', 'pop', 'uk pop']	[2017, 2018, 2019, 2020]	10	6
7v4imS0moSyGdXyLgVTIV7	Nat King Cole	['adult standards', 'lounge', 'soul', 'swing', 'vocal jazz']	[2017, 2018, 2019, 2020, 2021]	10	0
5KKpBU5eC2tJDzf0wmlRp2	RAYE	['uk contemporary r&b', 'uk pop']	[2017, 2018, 2019, 2020, 2021]	10	10
3Isy6kedDrgPYoTS1dazA9	Sean Paul	['dance pop', 'dancehall', 'pop', 'pop rap']	[2017, 2018, 2019, 2021, 2022]	10	10
73sIBHcqh3Z3NyqHKZ7FOL	Childish Gambino	['atl hip hop', 'hip hop', 'rap']	[2017, 2018, 2019, 2020]	10	4
6ModsWtBph2rE6zCTVxvZt	Maite Perroni	['latin pop', 'mexican pop']	[2017, 2020]	10	10
0GM7qgcRCORpGnfcN2tCiB	Tainy	['pop reggaeton', 'reggaeton', 'trap latino', 'urbano latino']	[2018, 2019, 2020, 2021, 2022]	10	10
1yxSLGMDHlW21z4YXirZDS	Black Eyed Peas	['dance pop', 'pop', 'pop rap']	[2019, 2020, 2021, 2022]	10	9
487N2T9nIPEHrlTZLL3SQs	Zé Neto & Cristiano	['agronejo', 'arrocha', 'sertanejo', 'sertanejo universitario']	[2018, 2019, 2020, 2021, 2022]	10	0
1TtXnWcUs0FCkaZDPGYHdf	Darell	['latin hip hop', 'reggaeton', 'trap latino', 'urbano latino']	[2018, 2019, 2020, 2021]	10	10
1Bl6wpkWCQ4KVgnASpvzzA	BROCKHAMPTON	['boy band', 'rap']	[2018, 2019, 2020, 2021]	10	2
5p7mWeX4RlvqBCxylfiXdE	KC Rebell	['german drill', 'german hip hop']	[2019, 2020]	10	9
7d3WFRME3vBY2cgoP38RDo	Lil Skies	['melodic rap']	[2018, 2019]	10	8
5RmQ8k4l3HZ8JoPb4mNsML	Agust D	['k-rap']	[2020]	10	4
4bw2Am3p9ji3mYsXNXtQcd	Piso 21	['colombian pop', 'latin pop', 'reggaeton', 'reggaeton colombiano', 'trap latino', 'urbano latino']	[2017, 2018, 2019, 2020, 2021]	9	7
3EW0kQ1skZiK1NHg3Spt9J	Takeoff	['atl hip hop', 'rap', 'trap']	[2017, 2018, 2021]	9	4
0LyfQWJT6nXafLPZqxe9Of	Various Artists	[]	[2017, 2021]	9	0
7DMveApC7UnC2NPfPvlHSU	Cheat Codes	['edm', 'pop', 'pop dance']	[2017, 2018]	9	9
4AVFqumd2ogHFlRbKIjp1t	Alesso	['dance pop', 'edm', 'electro house', 'pop', 'pop dance', 'progressive electro house']	[2017, 2018, 2019, 2020, 2021, 2022]	9	7
2FXC3k01G6Gw61bmprjgqS	Hozier	['irish singer-songwriter', 'modern rock', 'pop', 'pov: indie']	[2017, 2018, 2019, 2020, 2021, 2022]	9	2
6MDME20pz9RveH9rEXvrOM	Clean Bandit	['pop', 'uk dance', 'uk funky']	[2017, 2018, 2019, 2020, 2021]	9	9
3tVQdUvClmAT7URs9V3rsp	Wizkid	['afrobeats', 'afropop', 'azonto', 'azontobeats', 'nigerian hip hop', 'nigerian pop']	[2017, 2018, 2019, 2020, 2021, 2022]	9	9
6ASri4ePR7RlsvIQgWPJpS	iann dior	['melodic rap']	[2020, 2021, 2022]	9	9
6cK3NBO6uP7hh0oyuVELFl	Saweetie	['cali rap', 'trap queen']	[2018, 2019, 2020, 2021, 2022]	9	7
4GNC7GD6oZMSxPGyXy4MNB	Lewis Capaldi	['pop', 'uk pop']	[2019, 2020, 2021, 2022]	9	0
1moxjboGR7GNWYIMWsRjgG	Florence + The Machine	['baroque pop', 'modern rock', 'neo mellow', 'uk alternative pop']	[2018, 2019, 2022]	9	0
6IZ4ctovY9dl7bgHClAvKJ	LSD	[]	[2018, 2019]	9	9
2kRfqPViCqYdSGhYSM9R0Q	Madison Beer	['pop']	[2018, 2019, 2020, 2021]	9	6
1iNqsUDUraNWrj00bqssQG	Dreamville	['hip hop', 'pop rap', 'rap', 'underground hip hop']	[2019]	9	9
7Do8se3ZoaVqUt3woqqSrD	MACHETE	['italian hip hop', 'italian pop', 'trap italiana']	[2019]	9	9
4LXBc13z5EWsc5N32bLxfH	Nekfeu	['french hip hop', 'pop urbaine', 'rap conscient']	[2019]	9	3
2LRoIwlKmHjgvigdNGBHNo	Feid	['colombian pop', 'pop reggaeton', 'reggaeton colombiano', 'trap latino', 'urbano latino']	[2019, 2020]	9	9
1xr2G8Hlx4QWmT9HaUbmoO	Young Stoner Life	['pop rap']	[2018, 2021]	9	9
7cjh6y0V9SsyCrWSXTzwOs	RBD	['latin pop']	[2020]	9	9
0TeVa4xdLB8vdzjsvKH6Ri	Anahí	['latin pop']	[2020]	9	9
6kaefrHSdAvxhhCVDFTCEL	Dulce María	['latin arena pop']	[2020]	9	9
0aMqt2uGLuHj4eI8oXgVzN	Christian Chávez	['mexican pop']	[2020]	9	9
5O8cudluftNZ6PCwRzvYxo	Christopher von Uckermann	['mexican pop']	[2020]	9	9
0veZkZPeWoJQ9gt6VAXlkN	Alfonso Herrera	[]	[2020]	9	9
7EEiVZvj6RCEtVX2F2pyxu	Slim Jxmmi	['trap']	[2018]	9	9
3BmGtnKgCSGYIUhmivXKWX	Kelly Clarkson	['dance pop', 'pop', 'talent show']	[2017, 2018, 2019, 2020, 2021]	8	4
7jy3rLJdDQY21OgRLCZ9sD	Foo Fighters	['alternative metal', 'alternative rock', 'modern rock', 'permanent wave', 'post-grunge', 'rock']	[2017, 2021]	8	0
4sTQVOfp9vEMCemLw50sbu	Galantis	['dance pop', 'edm', 'pop', 'pop dance']	[2017, 2019, 2021]	8	5
1l8Fu6IkuTP0U5QetQJ5Xt	Fifth Harmony	['girl group', 'pop', 'talent show']	[2017]	8	4
1Mxqyy3pSjf8kZZL4QVxS0	Frank Sinatra	['adult standards', 'easy listening', 'lounge']	[2017, 2018, 2019, 2020, 2021]	8	2
6WY7D3jk8zTrHtmkqqo5GI	Maren Morris	['classic texas country', 'contemporary country']	[2017, 2018, 2019, 2020, 2021]	8	7
5gCRApTajqwbnHHPbr2Fpi	Juicy J	['crunk', 'memphis hip hop', 'pop rap', 'rap', 'southern hip hop', 'trap']	[2017, 2018, 2019, 2022]	8	8
0bdfiayQAKewqEvaU6rXCv	MØ	['danish pop', 'electropop', 'pop', 'pop dance']	[2017, 2018]	8	5
5he5w2lnU9x7JFhnwcekXX	Skrillex	['brostep', 'complextro', 'edm', 'electro', 'pop dance']	[2017, 2018, 2019, 2020, 2021, 2022]	8	8
1fctva4kpRbg2k3v7kwRuS	Rvssian	['reggaeton', 'trap latino', 'urbano latino']	[2017, 2018, 2019, 2020, 2021, 2022]	8	8
77AiFEVeAVj2ORpC85QVJs	Steve Aoki	['edm', 'electro house', 'pop dance']	[2017, 2018, 2020]	8	8
1elUiq4X7pxej6FRlrEzjM	Jorge & Mateus	['agronejo', 'arrocha', 'sertanejo', 'sertanejo universitario']	[2018, 2019, 2020, 2021, 2022]	8	0
4Uc8Dsxct0oMqx0P6i60ea	Conan Gray	['bedroom pop', 'pop', 'pov: indie']	[2019, 2020, 2021, 2022]	8	1
14CHVeJGrR5xgUGQFV5BVM	Fivio Foreign	['brooklyn drill', 'new york drill', 'trap']	[2020, 2021, 2022]	8	8
3p7PcrEHaaKLJnPUGOtRlT	Henrique & Juliano	['agronejo', 'arrocha', 'sertanejo', 'sertanejo universitario']	[2019, 2020, 2021, 2022]	8	1
48HORs6F9P7IgdyKrk4MZC	Tarcísio do Acordeon	['arrocha']	[2020, 2021, 2022]	8	7
6fWVd57NKTalqvmjRd2t8Z	24kGoldn	['cali rap']	[2019, 2020, 2021, 2022]	8	5
6Ip8FS7vWT1uKkJSweANQK	Dave	['uk hip hop']	[2019, 2021, 2022]	8	4
70gP6Ry4Uo0Yx6uzPIdaiJ	Bas	['queens hip hop', 'rap', 'sudanese hip hop', 'sudanese pop', 'underground hip hop']	[2018, 2019, 2021]	8	8
2cWZOOzeOm4WmBJRnD5R7I	Normani	['pop', 'r&b']	[2018, 2019, 2020, 2021]	8	7
2yEwvVSSSUkcLeSTNyHKh8	TOOL	['alternative metal', 'art rock', 'nu metal', 'progressive metal', 'progressive rock', 'rock']	[2019]	8	0
1cNDP5yjU5vjeR8qMf4grg	YNW Melly	['melodic rap', 'rap']	[2019, 2020]	8	5
6Ad91Jof8Niiw0lGLLi3NW	YUNGBLUD	['british indie rock', 'modern rock', 'pov: indie', 'rock']	[2019, 2020, 2021]	8	8
4tX2TplrkIP4v05BNC903e	Tom Petty and the Heartbreakers	['album rock', 'classic rock', 'hard rock', 'heartland rock', 'mellow gold', 'rock', 'singer-songwriter', 'soft rock']	[2017, 2018]	7	0
2XnBwblw31dfGnspMIwgWz	Axwell /\ Ingrosso	['edm', 'pop dance', 'progressive electro house']	[2017, 2018]	7	1
2o5jDhtHVPhrJdv3cEQ99Z	Tiësto	['big room', 'brostep', 'dutch edm', 'edm', 'house', 'pop dance', 'slap house', 'trance']	[2017, 2018, 2019, 2020, 2021, 2022]	7	6
4u5smJBskI6Adzv08PuiUP	Kiiara	['alt z', 'electropop']	[2017, 2018]	7	6
2UZMlIwnkgAEDBsw1Rejkn	Tom Petty	['album rock', 'classic rock', 'hard rock', 'heartland rock', 'mellow gold', 'rock', 'singer-songwriter', 'soft rock']	[2017]	7	0
4NHQUGzhtTLFvgF5SZesLK	Tove Lo	['metropopolis', 'pop', 'swedish electropop', 'swedish pop', 'swedish synthpop']	[2017, 2018, 2019, 2021]	7	4
6tzRZ39aZlNqlUzQlkuhDV	Pabllo Vittar	['dance pop', 'funk carioca', 'funk pop', 'pop lgbtq+ brasileira', 'pop nacional']	[2017, 2019, 2020, 2021]	7	5
7hJcb9fa4alzcOq3EaNPoG	Snoop Dogg	['g funk', 'gangster rap', 'hip hop', 'pop rap', 'rap', 'west coast rap']	[2017, 2018, 2019, 2020, 2022]	7	7
5ZS223C6JyBfXasXxrRqOk	Jhené Aiko	['r&b']	[2017, 2019, 2020]	7	7
7EQ0qTo7fWT7DPxmxtSYEc	Bastille	['metropopolis', 'modern rock', 'pop']	[2017, 2018, 2019, 2020, 2021]	7	3
360IAlyVv4PCEVjgyMZrxK	Miguel	['r&b']	[2017, 2018, 2019, 2020]	7	7
13bDjug9N0pyv3ZUINjkDV	Bausa	['german hip hop']	[2017, 2018, 2019, 2020, 2021]	7	6
3b8QkneNDz4JHKKKlLgYZg	Florida Georgia Line	['contemporary country', 'country', 'country pop', 'country road', 'modern country rock']	[2017, 2018, 2019]	7	5
74XFHRwlV6OrjEM0A2NCMF	Paramore	['candy pop', 'modern rock', 'pixie', 'pop', 'pop emo', 'pop punk', 'rock']	[2017]	7	0
49tQo2QULno7gxHutgccqF	LANY	['la pop']	[2017, 2018, 2019, 2020]	7	5
5TYxZTjIPqKM8K8NuP9woO	C. Tangana	['urbano espanol']	[2017, 2019, 2020, 2021, 2022]	7	5
6sCbFbEjbYepqswM1vWjjs	Zendaya	['pop', 'post-teen pop']	[2017, 2018, 2019, 2022]	7	7
1z7b1Pr1rSlvWRzsW3HOrS	Russ	['hawaiian hip hop']	[2017, 2018, 2019, 2020]	7	3
6JL8zeS1NmiOftqZTRgdTz	Meghan Trainor	['hip pop', 'pop']	[2017, 2018, 2019, 2020, 2021]	7	3
25u4wHJWxCA9vO0CzxAbK7	Lukas Graham	['danish pop', 'scandipop']	[2017, 2018, 2019, 2020]	7	1
2T1aUibqR2QC2sINIDQOAK	Mambo Kingz	['reggaeton', 'reggaeton flow', 'trap latino', 'urbano latino']	[2017, 2018, 2019, 2021]	7	7
64aJYyrXljOodnUG6jvhRD	DJ Luian	['reggaeton', 'reggaeton flow', 'trap latino', 'urbano latino']	[2017, 2018, 2019, 2021]	7	7
7guDJrEfX3qb6FEbdPA5qi	Stevie Wonder	['motown', 'soul']	[2017, 2018, 2019, 2020, 2021]	7	0
7CyeXFnOrfC1N6z4naIpgo	The Ronettes	['brill building pop', 'classic girl group', 'motown', 'rock-and-roll']	[2017, 2018, 2019, 2020, 2021]	7	0
3EiLUeyEcA6fbRPSHkG5kb	De La Ghetto	['reggaeton', 'reggaeton flow', 'trap latino', 'urbano latino']	[2017, 2018, 2019, 2020, 2021, 2022]	7	7
1DxLCyH42yaHKGK3cl5bvG	Maria Becerra	['pop argentino']	[2021, 2022]	7	6
5hdhHgpxyniooUiQVaPxQ0	Nio Garcia	['reggaeton', 'trap latino', 'urbano latino']	[2018, 2019, 2020, 2021, 2022]	7	7
5SulO4l40qDuV9zUGLZx7n	Capo Plaza	['italian hip hop', 'italian pop', 'trap italiana']	[2018, 2019, 2020, 2021, 2022]	7	6
5rGrDvrLOV2VV8SCFVGWlj	Imanbek	['electro house', 'pop dance', 'slap house']	[2019, 2020, 2021, 2022]	7	7
6U3ybJ9UHNKEdsH7ktGBZ7	JID	['hip hop', 'rap', 'underground hip hop']	[2019, 2021, 2022]	7	7
47mIJdHORyRerp4os813jD	League of Legends	['speedrun', 'video game music']	[2018, 2019, 2020, 2021, 2022]	7	7
37230BxxYs9ksS7OkZw3IU	Chencho Corleone	['reggaeton flow', 'trap latino', 'urbano latino']	[2019, 2020, 2021, 2022]	7	7
1AL2GKpmRrKXkYIcASuRFa	Wesley Safadão	['arrocha', 'forro', 'sertanejo universitario']	[2018, 2019, 2021, 2022]	7	4
3ZuBEj9ppJe8GSdKaMTfMN	Nimo	['german hip hop', 'swedish hip hop']	[2019, 2020, 2021]	7	6
1pgDilWYDWLoOgGjf1iHNu	Zion	['reggaeton', 'urbano latino']	[2018, 2019, 2020]	7	7
4ScCswdRlyA23odg9thgIO	Jess Glynne	['pop', 'uk pop']	[2018, 2019]	7	3
18ISxWwWjV6rPLoVCXf1dz	RIN	['german cloud rap', 'german hip hop']	[2019, 2020, 2021]	7	3
3wcj11K77LjEY1PkEazffa	Burna Boy	['afrobeats', 'dancehall', 'nigerian hip hop', 'nigerian pop']	[2019, 2020, 2021]	7	7
00XhexlJEXQstHimpZN910	Brytiago	['reggaeton', 'trap latino', 'urbano latino']	[2018, 2019]	7	7
45TgXXqMDdF8BkjA83OM7z	Rod Wave	['florida rap']	[2020, 2021]	7	4
4FpJcNgOvIpSBeJgRg3OfN	Orelsan	['french hip hop', 'old school rap francais', 'rap conscient']	[2018, 2021]	7	2
2kXKa3aAFngGz2P4GjG5w2	SCH	['french hip hop', 'pop urbaine', 'rap francais', 'rap marseille']	[2018, 2020, 2021]	7	4
6Ha4aES39QiVjR0L2lwuwq	Yo Gotti	['dirty south rap', 'gangster rap', 'memphis hip hop', 'rap', 'southern hip hop', 'tennessee hip hop', 'trap']	[2017, 2018, 2020]	6	6
2ExGrw6XpbtUAJHTLtUXUD	Stefflon Don	['dancehall', 'dancehall queen', 'uk dancehall', 'uk hip hop']	[2017, 2018, 2019]	6	6
2j2rh3oQh4QEUnNTDKYSJD	187 Strassenbande	['german hip hop', 'hamburg hip hop']	[2017, 2021]	6	6
6s22t5Y3prQHyaHWUN1R1C	AJR	['pov: indie']	[2017, 2018, 2021]	6	1
55fhWPvDiMpLnE4ZzNXZyW	Noah Cyrus	['alt z', 'pop']	[2017, 2018, 2019, 2020, 2021]	6	4
1okJ4NC308qbtY9LyHn6DO	BloodPop®	['electropop']	[2017, 2018]	6	6
4utLUGcTvOJFr6aqIJtYWV	Skylar Grey	['piano rock', 'viral pop']	[2017, 2018, 2020, 2021]	6	6
3J0BpFVUc9LeOIVeN5uNhU	Lauren Jauregui	['r&b']	[2017, 2018, 2019]	6	4
3NPpFNZtSTHheNBaWC82rB	X Ambassadors	['modern alternative rock', 'modern rock', 'stomp pop']	[2017, 2018, 2019, 2021]	6	6
2fVW2ix4ANKiofDZIsy1XR	Vargas & Lagola	['swedish pop']	[2017, 2019]	6	6
7nwUJBm0HE4ZxD3f5cy5ok	Aretha Franklin	['classic soul', 'jazz blues', 'memphis soul', 'soul', 'southern soul', 'vocal jazz']	[2017, 2018]	6	0
1eEfMU2AhEo7XnKgL7c304	Carpenters	['adult standards', 'mellow gold', 'soft rock']	[2017, 2018, 2019, 2020, 2021]	6	0
391oLRVmoTkumiN79HkTWu	Darlene Love	[]	[2017, 2018, 2019, 2020, 2021]	6	0
6x2LnllRG5uGarZMsD4iO8	Thomas Rhett	['contemporary country', 'country', 'country road', 'modern country rock']	[2017, 2018]	6	1
2LZDXcxJWgsJfKXZv9a5eG	Cashmere Cat	['downtempo', 'electropop', 'shiver pop']	[2017, 2018]	6	6
1U1el3k54VvEUzo3ybLPlM	Kali Uchis	['colombian pop']	[2017, 2021, 2022]	6	5
1oKdM70mJD8VvDOTKeS8t1	Emily Warren	['alt z', 'nyc pop']	[2017, 2018]	6	6
0C0XlULifJtAgn6ZNCW2eu	The Killers	['alternative rock', 'dance rock', 'modern rock', 'permanent wave', 'rock']	[2017, 2018, 2019, 2020, 2021, 2022]	6	0
5F1aoppMtU3OMiltO8ymJ2	Hugh Jackman	['hollywood', 'show tunes']	[2017, 2018]	6	6
3fMbdgg4jU18AjLCKBhRSm	Michael Jackson	['r&b', 'soul']	[2017, 2018, 2019, 2020, 2021, 2022]	6	2
1mXAhKnZEdF6rotyyd4GBi	MC Kevinho	['arrocha', 'funk carioca', 'funk ostentacao', 'funk pop', 'sertanejo universitario']	[2017, 2018, 2019]	6	5
5dHt1vcEm9qb8fCyLcB3HL	A$AP Ferg	['hip hop', 'pop rap', 'rap', 'southern hip hop', 'trap']	[2017, 2018, 2019, 2020, 2021]	6	4
3hv9jJF3adDNsBSIQDqcjp	Mark Ronson	['pop soul']	[2017, 2018, 2019, 2020, 2021]	6	6
74KM79TiuVKeVCqs8QtB0B	Sabrina Carpenter	['pop']	[2017, 2018, 2019, 2021]	6	3
26dSoYclwsYLMAKD3tpOr4	Britney Spears	['dance pop', 'pop']	[2017, 2018, 2019, 2020, 2021, 2022]	6	0
45dkTj5sMRSjrmBSBeiHym	Tate McRae	['alt z', 'pop']	[2020, 2021, 2022]	6	3
7MiDcPa6UiV3In7lIM71IN	Gusttavo Lima	['agronejo', 'arrocha', 'sertanejo', 'sertanejo universitario']	[2020, 2021, 2022]	6	0
0XwVARXT135rw8lyw1EeWP	Christian Nodal	['mariachi', 'musica mexicana', 'nueva musica mexicana', 'ranchera']	[2019, 2020, 2021, 2022]	6	4
6DPYiyq5kWVQS4RGwxzPC7	Dr. Dre	['g funk', 'gangster rap', 'hip hop', 'rap', 'west coast rap']	[2020, 2022]	6	6
5j4HeCoUlzhfWtjAfM1acR	Stromae	['belgian pop', 'g-house']	[2021, 2022]	6	0
5wbf52LA6kcaboHSN6NEF1	PEDRO SAMPAIO	['funk carioca', 'funk rj']	[2019, 2020, 2021, 2022]	6	4
59jlthNnbmim5l9tmNA7se	Maiara & Maraisa	['sertanejo', 'sertanejo universitario']	[2020, 2021, 2022]	6	6
7cmuxPnXRJxwuYDHfbD8Eu	Zé Felipe	['agronejo', 'arrocha', 'arrochadeira', 'sertanejo universitario']	[2021, 2022]	6	4
2NjfBq1NflQcKSeiDooVjY	Tones And I	['australian pop']	[2019, 2020, 2021, 2022]	6	0
0lAWpj5szCSwM4rUMHYmrr	Måneskin	['indie rock italiano', 'italian pop', 'pop']	[2021, 2022]	6	0
5Y3MV9DZ0d87NnVm56qSY1	Tiago PZK	['trap argentino', 'trap latino', 'urbano latino']	[2021, 2022]	6	6
3fZk3Gm5dN5v5yfYMQ04Bx	Dímelo Flow	['reggaeton', 'reggaeton flow', 'urbano latino']	[2019, 2020, 2021, 2022]	6	6
0H39MdGGX6dbnnQPt6NQkZ	SAINt JHN	['melodic rap', 'slap house']	[2019, 2020, 2021, 2022]	6	6
5SXuuuRpukkTvsLuUknva1	Baby Keem	['hip hop', 'rap']	[2021, 2022]	6	4
7vXDAI8JwjW531ouMGbfcp	TINI	['latin pop', 'pop argentino']	[2018, 2019, 2021, 2022]	6	6
2UZIAOlrnyZmyzt1nuXr9y	Nicki Nicole	['argentine hip hop', 'r&b argentino', 'trap argentino', 'trap latino', 'urbano latino']	[2019, 2020, 2021, 2022]	6	6
0vR2qb8m9WHeZ5ByCbimq2	Reik	['latin arena pop', 'latin pop', 'mexican pop', 'reggaeton']	[2018, 2019, 2020, 2021]	6	6
1MIVXf74SZHmTIp4V4paH4	Mabel	['pop', 'uk pop']	[2019, 2020, 2021]	6	2
3Fl1V19tmjt57oBdxXKAjJ	Blueface	['cali rap', 'rap']	[2019, 2020]	6	5
2UMj7NCbuqy1yUZmiSYGjJ	MC Kevin o Chris	['funk 150 bpm', 'funk carioca', 'funk rj']	[2019, 2020, 2021]	6	4
2wkoKEfS6dXwThbyTnZWFU	Mau y Ricky	['latin pop', 'pop venezolano', 'reggaeton', 'urbano latino']	[2018, 2019]	6	6
1cZQSpDsxgKIX2yW5OR9Ot	Lennon Stella	['alt z', 'canadian pop', 'uk pop']	[2018, 2019, 2020]	6	6
4YLtscXsxbVgi031ovDDdh	Chris Stapleton	['contemporary country', 'outlaw country']	[2018, 2019, 2021]	6	6
0ghlgldX5Dd6720Q3qFyQB	TOMORROW X TOGETHER	['k-pop', 'k-pop boy group']	[2019, 2021]	6	1
11YLRSsZA3YVuQQtHXKTlz	Rafa Pabön	['reggaeton', 'reggaeton flow', 'urbano latino']	[2019, 2020]	6	6
2oQX8QiMXOyuqbcZEFsZfm	El Alfa	['dembow', 'rap dominicano', 'reggaeton', 'trap latino', 'urbano latino']	[2019, 2020, 2021]	6	6
4m6ubhNsdwF4psNf3R8kwR	KHEA	['argentine hip hop', 'trap argentino', 'trap latino', 'trap triste', 'urbano latino']	[2018, 2019, 2020, 2021]	6	6
4sg4no0TXdsrM1s4SVUwNF	Juju	['frauenrap', 'german hip hop']	[2018, 2019, 2020, 2021]	6	6
2jnIB6XdLvnJUeNTy5A0J2	Why Don't We	['boy band', 'pop']	[2018, 2019]	6	1
718COspgdWOnwOFpJHRZHS	Luke Combs	['contemporary country', 'country']	[2019, 2020]	6	2
3pgCLfNbw5ozIfoNsvDU7i	Fedez	['italian adult pop', 'italian pop']	[2018, 2019, 2021]	6	5
5coW9ioCpvEYGx4v1nvWec	Juliette	[]	[2021]	6	0
2KC9Qb60EaY0kW4eH68vr3	ITZY	['k-pop', 'k-pop girl group']	[2020, 2021]	6	0
2cnMpRsOVqtPMfq7YiFE6K	Van Halen	['album rock', 'classic rock', 'hard rock', 'rock']	[2020]	6	0
5JYo7gm2dkyLLlWHjxS7Dy	Sandro Cavazza	['swedish pop']	[2017, 2018, 2019, 2020]	5	5
4vhNDa5ycK0ST968ek7kRr	Carlos Vives	['colombian pop', 'latin pop', 'vallenato']	[2017, 2018]	5	5
4IMAo2UQchVFyPH24PAjUs	Jowell & Randy	['reggaeton', 'urbano latino']	[2017, 2018, 2019, 2020, 2021]	5	5
0xOeVMOz2fVg5BJY3N6akT	Jaden	['pop rap', 'rap']	[2017, 2018, 2020]	5	4
00me4Ke1LsvMxt5kydlMyU	Cosculluela	['latin hip hop', 'reggaeton', 'trap latino', 'urbano latino']	[2017, 2018, 2019, 2020]	5	4
3KV3p5EY4AvKxOlhGHORLg	Jeremih	['chicago rap', 'pop rap', 'r&b', 'southern hip hop', 'trap', 'urban contemporary']	[2017, 2019, 2020]	5	5
7qG3b048QCHVRO5Pv1T5lw	Enrique Iglesias	['dance pop', 'latin pop', 'mexican pop']	[2017, 2018, 2020]	5	5
5iNrZmtVMtYev5M9yoWpEq	Seeb	['pop dance']	[2017, 2018, 2019]	5	5
3Gm5F95VdRxW3mqCn8RPBJ	Aminé	['pop rap', 'portland hip hop', 'rap', 'underground hip hop']	[2017, 2018, 2020]	5	0
0b62itBWBdLgiecXjXCqKC	Maxwell	['german hip hop']	[2017, 2018, 2019, 2020, 2021]	5	5
6PXS4YHDkKvl1wkIl4V8DL	Fetty Wap	['new jersey rap', 'pop rap', 'rap', 'southern hip hop', 'trap']	[2017, 2018]	5	5
4lDBihdpMlOalxy1jkUbPl	Grey	[]	[2017, 2018, 2019, 2020]	5	5
3DiDSECUqqY1AuBP8qtaIa	Alicia Keys	['neo soul', 'pop', 'r&b']	[2017, 2018, 2019, 2020, 2022]	5	4
1W3FSF1BLpY3hlVIgvenLz	The-Dream	['dirty south rap', 'hip pop', 'r&b', 'southern hip hop', 'trap', 'urban contemporary']	[2017, 2018, 2021]	5	5
4WN5naL3ofxrVBgFpguzKo	Rudimental	['pop dance', 'uk dance', 'uk funky']	[2017, 2018, 2019]	5	5
0eecdvMrqBftK0M1VKhaF4	CNCO	['boy band', 'latin pop', 'reggaeton', 'urbano latino']	[2017, 2018]	5	3
711MCceyCBcFnzjGY4Q7Un	AC/DC	['australian rock', 'hard rock', 'rock']	[2017, 2018, 2019, 2020, 2021]	5	0
4kYGAK2zu9EAomwj3hXkXy	JP Cooper	['uk pop']	[2017]	5	3
57WHJIHrjOE3iAxpihhMnp	Louis Tomlinson	['pop']	[2017, 2018, 2019]	5	2
5v8jlSmAQfrkTjAlpUfWtu	Perry Como	['adult standards', 'easy listening']	[2017, 2018, 2019, 2020, 2021]	5	2
2iE18Oxc8YSumAU232n4rW	The Jackson 5	['motown', 'soul']	[2017, 2018, 2019, 2020, 2021]	5	0
23zg3TcAtWQy7J6upgbUnj	Usher	['atl hip hop', 'contemporary r&b', 'dance pop', 'pop', 'r&b', 'rap', 'south carolina hip hop', 'urban contemporary']	[2017, 2018, 2019, 2020]	5	5
23wEWD21D4TPYiJugoXmYb	Thalia	['latin pop', 'mexican pop']	[2017, 2018, 2019, 2020]	5	5
3oSJ7TBVCWMDMiYjXNiCKE	Kane Brown	['black americana', 'contemporary country', 'country', 'country road']	[2017, 2018, 2019, 2020, 2021]	5	4
4EzkuveR9pLvDVFNx6foYD	James Bay	['neo mellow', 'pop', 'uk pop']	[2017, 2018, 2019, 2021]	5	2
3qBKjEOanahMxlRojwCzhI	Zacari	[]	[2017, 2018]	5	3
6Dd3NScHWwnW6obMFbl1BH	Daya	['pop']	[2017, 2018, 2019]	5	2
4sj6D0zlMOl25nprDJBiU9	Andy Williams	['adult standards', 'easy listening']	[2017, 2018, 2019, 2020, 2021]	5	0
1bj5GrcLom5gZFF5t949Xl	Martin Solveig	['disco house', 'edm', 'electro house', 'filter house', 'house', 'pop dance', 'vocal house']	[2017, 2019]	5	5
4iHNK0tOyZPYnBU7nGAgpQ	Mariah Carey	['dance pop', 'pop', 'urban contemporary']	[2017, 2018, 2019, 2020, 2021]	5	1
45eNHdiiabvmbp4erw26rg	ILLENIUM	['edm', 'melodic dubstep', 'pop dance']	[2017, 2019, 2020]	5	5
0TnOYISbd1XYRBk9myaseg	Pitbull	['dance pop', 'miami hip hop', 'pop']	[2017, 2018, 2021]	5	5
6w9ToX5slZ4uIdmD17hJ3c	Bryant Myers	['reggaeton', 'reggaeton flow', 'trap latino', 'urbano latino']	[2017, 2018, 2019, 2020, 2021]	5	4
2LmcxBak1alK1bf7d1beTr	Juhn	['reggaeton', 'reggaeton flow', 'trap latino', 'urbano latino']	[2017, 2019, 2020, 2021, 2022]	5	5
6USv9qhCn6zfxlBQIYJ9qs	Dominic Fike	['alternative pop rock', 'pov: indie']	[2019, 2020, 2021, 2022]	5	3
3rWZHrfrsPBxVy692yAIxF	WILLOW	['afrofuturism', 'pop', 'post-teen pop', 'pov: indie']	[2020, 2021, 2022]	5	4
2K5nCggbhSZ00YCYP5qkZS	Shiva	['italian hip hop', 'italian pop', 'trap italiana']	[2019, 2020, 2022]	5	4
2x7PC78TmgqpEIjaGAZ0Oz	Trueno	['argentine hip hop', 'bases de freestyle', 'trap argentino', 'trap latino', 'urbano latino']	[2020, 2021, 2022]	5	3
4dnPDc045bVjibyATxVUOs	Marcynho Sensação	['arrocha']	[2021, 2022]	5	5
1uU7g3DNSbsu0QjSEqZtEd	Masked Wolf	['australian hip hop']	[2021, 2022]	5	0
4fxd5Ee7UefO4CUXgwJ7IP	Giveon	['r&b']	[2020, 2021, 2022]	5	3
6DgP9otnZw5z6daOntINxp	Joel Corry	['dance pop', 'pop dance', 'uk dance']	[2020, 2021, 2022]	5	5
4JNo6Q5KdcRf1vtSX9mB0S	João Gomes	['arrocha']	[2021, 2022]	5	1
1MRiIeZbc0cRuxOafDUCtH	BLANCO	['italian hip hop', 'italian pop']	[2021, 2022]	5	3
0ebNdVaOfp6N0oZ1guIxM8	SUGA	['k-pop']	[2019, 2020, 2021, 2022]	5	5
0qSX3s5pJnAlSsgsCne8Cz	Brett Eldredge	['contemporary country', 'country', 'country road', 'modern country rock']	[2018, 2019, 2020, 2021]	5	3
5KNNVgR6LBIABRIomyCwKJ	Dermot Kennedy	['folk-pop', 'irish pop', 'uk pop']	[2019, 2020, 2021]	5	1
0xRXCcSX89eobfrshSVdyu	MEDUZA	['pop dance', 'pop house', 'uk dance']	[2019, 2020, 2021]	5	5
5yPzzu25VzEk8qrGTLIrE1	Young Nudy	['pluggnb', 'rap', 'trap']	[2019, 2020]	5	5
53KwLdlmrlCelAZMaLVZqU	James Blake	['art pop', 'indie soul', 'indietronica', 'neo soul', 'uk alternative pop']	[2018, 2019]	5	5
4TAoP0f9OuWZUesao43xUW	Mr Eazi	['afrobeats', 'afropop', 'azontobeats', 'ghanaian hip hop', 'nigerian pop', 'swedish dancehall']	[2018, 2019, 2020]	5	5
3QSQFmccmX81fWCUSPTS7y	Dean Lewis	['australian pop', 'singer-songwriter pop']	[2018, 2019, 2020, 2021]	5	1
3GBBxBdoolb0B5YizZq9bF	Eno	['german drill', 'german hip hop']	[2018, 2019, 2020]	5	4
7A8S43ryYdbWpJKeHRZRcq	JACKBOYS	['pop rap']	[2019, 2020]	5	4
7Io0XduXk7aOHFHA7sLru2	Bonn	['swedish pop']	[2018, 2019]	5	5
05fG473iIaoy82BF1aGhL8	Slipknot	['alternative metal', 'nu metal', 'rap metal', 'rock']	[2019]	5	0
6UCQYrcJ6wab6gnQ89OJFh	Headie One	['uk hip hop']	[2019, 2020]	5	5
7F2utINZ6tSokSiZTQBE27	Guè	['italian hip hop', 'italian pop']	[2018, 2019, 2020, 2021]	5	5
7t0rwkOPGlDPEhaOcVtOt9	The Cranberries	['irish rock', 'pop rock', 'rock']	[2018, 2019, 2020]	5	0
1wZtkThiXbVNtj6hee6dz9	Wisin & Yandel	['electro latino', 'reggaeton', 'trap latino', 'urbano latino']	[2018, 2019, 2021]	5	3
39KEQQAG9JhIt71g9NEVhh	Azet	['albanian hip hop', 'german hip hop']	[2018, 2019, 2020]	5	5
2otUckChxWf2cp6UP2cD6e	Zuna	['albanian hip hop', 'german hip hop']	[2018, 2019, 2020]	5	5
0NWbwDZY1VkRqFafuQm6wk	Mike WiLL Made-It	['atl hip hop', 'rap', 'southern hip hop', 'trap']	[2018, 2019, 2020]	5	5
6C1ohJrd5VydigQtaGy5Wa	Joyner Lucas	['boston hip hop', 'hip hop', 'pop rap', 'rap']	[2018, 2019, 2020, 2021]	5	4
3tlXnStJ1fFhdScmQeLpuG	Brent Faiyaz	['r&b', 'rap']	[2019, 2020, 2021]	5	4
0RPzmE1iY76tx1eBBXFyYn	DJ Ivis	['arrocha', 'piseiro']	[2021]	5	5
4sVieJlKgpZ2k9ESNS5IdN	Jamule	['german hip hop']	[2020, 2021]	5	5
5nP8x4uEFjAAmDzwOEc9b8	Matuê	['r&b brasileiro', 'rap cearense', 'trap brasileiro']	[2020, 2021]	5	1
0epOFNiUfyON9EYx7Tpr6V	The Strokes	['alternative rock', 'garage rock', 'modern rock', 'permanent wave', 'rock']	[2020]	5	0
5XmuuM2C6t4HSPa3FSuU3h	WanMor	[]	[2020]	5	5
0jnsk9HBra6NMjO2oANoPY	Flo Rida	['dance pop', 'miami hip hop', 'pop', 'pop rap']	[2017, 2018]	4	3
5exS0bytCYdixgv02DaCm3	William Singe	[]	[2017, 2018]	4	4
21dooacK2WGBB5amYvKyfM	Smokepurpp	['melodic rap', 'miami hip hop', 'trap', 'underground hip hop']	[2017, 2018, 2019]	4	4
2ayNSoKPCRAfjp6hQ76hRu	Nacho	['latin pop', 'pop venezolano', 'reggaeton', 'trap latino', 'urbano latino']	[2017, 2018]	4	2
5fyDppLDl1juIu1BcUT5zh	Digital Farm Animals	['uk dance']	[2017, 2018, 2021]	4	4
4f9iBmdUOhQWeP7dcAn1pf	Rag'n'Bone Man	['neo soul']	[2017, 2019]	4	2
7KMqksf0UMdyA0UCf4R3ux	James Blunt	['neo mellow', 'pop rock']	[2017]	4	2
2N4EYkIlG1kv25g6Wv8LGI	Killer Mike	['alternative hip hop', 'atl hip hop', 'conscious hip hop', 'hip hop', 'old school atlanta hip hop', 'political hip hop', 'southern hip hop']	[2017, 2020]	4	3
4Ui2kfOqGujY81UcPrb5KE	HAIM	['indietronica', 'metropopolis']	[2017, 2020, 2021]	4	3
0MHgLfmQdutffmvWe5XBTN	Burl Ives	['adult standards', 'american folk revival']	[2017, 2018, 2019, 2020, 2021]	4	0
4D75GcNG95ebPtNvoNVXhz	AFROJACK	['big room', 'dance pop', 'dutch house', 'edm', 'electro house', 'pop dance', 'progressive electro house']	[2017, 2018, 2021]	4	4
4LEiUm1SRbFMgfqnQTwUbQ	Bon Iver	['chamber pop', 'eau claire indie', 'indie folk', 'melancholia', 'modern rock']	[2017, 2019, 2020, 2021]	4	2
5DUlefCLzVRzNWaNURTFpK	Cali Y El Dandee	['colombian pop', 'electro latino', 'latin pop', 'reggaeton', 'reggaeton colombiano', 'trap latino', 'urbano latino']	[2017, 2020]	4	4
4cPHsZM98sKzmV26wlwD2W	Brenda Lee	['adult standards', 'easy listening', 'lounge', 'rockabilly']	[2017, 2018, 2019, 2020, 2021]	4	0
7pFeBzX627ff0VnN6bxPR4	Desiigner	['pop rap', 'rap', 'southern hip hop', 'trap', 'viral trap']	[2017, 2018]	4	1
3gGUMEwIX6XodWsYEvKSal	YBN Nahmir	['alabama rap', 'rap', 'trap']	[2017, 2018]	4	2
4ryoUS0W8qXokfMxrlJt6O	Skip Marley	['modern reggae']	[2017, 2019]	4	4
49e4v89VmlDcFCMyDv9wQ9	Dean Martin	['adult standards', 'easy listening', 'lounge', 'vocal jazz']	[2017, 2018, 2019, 2020, 2021]	4	0
7gAppWoH7pcYmphCVTXkzs	The Vamps	['boy band', 'pop']	[2017]	4	4
2P5sC9cVZDToPxyomzF1UH	Joey Bada$$	['conscious hip hop', 'hip hop', 'rap']	[2017, 2018]	4	3
1ooV8YZC1KbpEcrmI8WH0F	Yebba	['pop soul']	[2017, 2019, 2021]	4	4
4AKwRarlmsUlLjIwt38NLw	Ofenbach	['pop dance']	[2017, 2020, 2021]	4	3
2OnKRchqP7tT0FzTvWIFI7	Wolfine	['colombian pop', 'reggaeton', 'urbano latino']	[2017, 2018]	4	1
3MHaV05u0io8fQbZ2XPtlC	Prince Royce	['bachata', 'latin hip hop', 'latin pop', 'urbano latino']	[2017, 2018, 2019]	4	3
5H1nN1SzW0qNeUEZvuXjAj	Danny Ocean	['pop venezolano', 'reggaeton', 'trap latino', 'urbano latino']	[2017, 2018, 2019]	4	0
6veh5zbFpm31XsPdjBgPER	BIA	['rap latina', 'trap queen']	[2017, 2019, 2021]	4	4
4qBgvVog0wzW75IQ48mU7v	KYLE	['deep underground hip hop', 'indie pop rap', 'pop rap', 'viral trap']	[2017, 2018, 2019]	4	4
4Rxn7Im3LGfyRkY2FlHhWi	Nick Jonas	['dance pop', 'pop']	[2017, 2018]	4	3
4bL2B6hmLlMWnUEZnorEtG	Felix Jaehn	['edm', 'german dance', 'pop dance', 'tropical house']	[2017, 2018, 2019, 2020]	4	4
1bqxdqvUtPWZri43cKHac8	MAX	['viral pop']	[2017, 2019, 2020]	4	3
63nv0hWWDob56Rk8GlNpN8	The Greatest Showman Ensemble	['movie tunes']	[2017, 2018, 2019]	4	4
4RSyJzf7ef6Iu2rnLdabNq	Willy William	[]	[2017, 2018]	4	4
0Jsk5iYMr5aNjHury7blm1	Boef	['dutch hip hop']	[2017, 2018, 2020]	4	2
1CoZyIx7UvdxT5c8UkMzHd	Jorja Smith	['r&b', 'uk contemporary r&b']	[2017, 2018, 2019]	4	3
5jAMCwdNHWr7JThxtMuEyy	NOTD	['electropop', 'pop dance', 'pop edm']	[2017, 2018, 2019]	4	4
3cjEqqelV9zb4BYE3qDQ4O	EXO	['k-pop', 'k-pop boy group']	[2017, 2018, 2019, 2021]	4	0
7pbDxGE6nQSZVfiFdq9lOL	Rex Orange County	['bedroom pop', 'pov: indie']	[2017, 2019, 2022]	4	3
10XY9PZCJKzUFzZOdtlQLU	LX	['german hip hop', 'hamburg hip hop']	[2017, 2018, 2019, 2020, 2021]	4	4
2NCGI6dLTxLdI9XHdv7QfM	The Andrews Sisters	['adult standards', 'swing', 'torch song', 'vocal harmony group']	[2017, 2018, 2019, 2020, 2021]	4	4
12Chz98pHFMPJEknJQMWvI	Muse	['modern rock', 'permanent wave', 'rock']	[2017, 2018, 2022]	4	0
0WOxhx4hikIsyF3CRPLC8W	Famous Dex	['chicago rap', 'drill', 'rap', 'trap']	[2017, 2018]	4	2
3KedxarmBCyFBevnqQHy3P	Jessie Reyez	['canadian contemporary r&b', 'canadian pop']	[2017, 2018, 2019]	4	4
2DlGxzQSjYe5N6G9nkYghR	Jennifer Lopez	['dance pop', 'pop', 'urban contemporary']	[2017, 2018, 2020]	4	3
0qTZZWLzuD59Un5r1speHm	Chris Jedi	['reggaeton', 'trap latino', 'urbano latino']	[2017, 2018, 2019]	4	4
2NfSBtmWe7oPw1EmetJVso	Boza	['panamanian pop', 'reggaeton', 'urbano latino']	[2020, 2021, 2022]	4	2
5iot8OPcosJN9nCl7I5SdK	Irama	['italian adult pop', 'italian pop']	[2019, 2020, 2021, 2022]	4	0
5PYToRCsrnvikZg3yl2JMr	Stephanie Beatriz	['hollywood', 'movie tunes']	[2021, 2022]	4	3
1AgAVqo74e2q4FVvg0xpT7	Tedua	['indie liguria', 'italian hip hop', 'italian pop', 'rap genovese', 'trap italiana']	[2019, 2020, 2022]	4	4
3PZTvUS5fUUhV3EKAjqdZk	Mc Danny	['rave funk']	[2021, 2022]	4	4
20wkVLutqVOYrc0kxFs7rA	Daniel Caesar	['canadian contemporary r&b']	[2018, 2019, 2021, 2022]	4	4
6olE6TJLqED3rqDCT0FyPh	Nirvana	['grunge', 'permanent wave', 'rock']	[2020, 2021, 2022]	4	0
5QdEbQJ3ylBnc3gsIASAT5	G Herbo	['chicago drill', 'chicago rap', 'drill', 'rap', 'trap']	[2020, 2021, 2022]	4	4
76dRoxKtDwYkgCQePok9cU	Miksu / Macloud	['german hip hop']	[2020, 2021, 2022]	4	4
5t5FqBwTcgKTaWmfEbwQY9	ENHYPEN	['anime', 'k-pop boy group']	[2021, 2022]	4	0
0p4nmQO2msCgU4IF37Wi3j	Avril Lavigne	['canadian pop', 'candy pop', 'pop']	[2018, 2019, 2021, 2022]	4	2
41X1TR6hrK8Q2ZCpp2EqCz	bbno$	['canadian hip hop', 'dark trap', 'meme rap']	[2019, 2020, 2021, 2022]	4	4
06nvjg4wBANK6DCHjqtPNd	Mahmood	['italian adult pop', 'italian pop']	[2019, 2022]	4	2
3hteYQFiMFbJY7wS0xDymP	Gesaffelstein	['dark clubbing']	[2018, 2019, 2021, 2022]	4	4
6nS5roXSAGhTGr34W6n7Et	Disclosure	['edm', 'house', 'indietronica', 'uk dance']	[2019, 2020]	4	4
5MbNzCW3qokGyoo9giHA3V	EARTHGANG	['atl hip hop', 'hip hop', 'psychedelic hip hop', 'rap', 'underground hip hop']	[2019]	4	4
1Fg19vpUJpAAPFjnKaVYVW	Reynmen	['turkish hip hop', 'turkish pop']	[2019, 2020]	4	0
0huGjMyP507tBCARyzSkrv	Cordae	['hip hop', 'pop rap', 'rap', 'trap', 'underground hip hop']	[2019, 2020, 2021]	4	4
1pkDzgHvVqC17qYGKfLPpb	Mozzik	['albanian hip hop', 'albanian pop', 'german hip hop', 'kosovan pop']	[2018, 2019, 2021]	4	4
4PzYKhC14sTJNEr0dzoo0d	Luísa Sonza	['pop nacional']	[2019, 2020, 2021]	4	2
3Y7RZ31TRPVadSFVy1o8os	H.E.R.	['r&b', 'rap']	[2018, 2019, 2020, 2021]	4	4
3RqBeV12Tt7A8xH3zBDDUF	Kelsea Ballerini	['contemporary country', 'country']	[2018, 2019]	4	4
7u710e44HW3K7A5eTnRqHC	Fabri Fibra	['italian hip hop', 'italian pop', 'rap napoletano']	[2018, 2019]	4	4
0BqURncJM5B1BBu7UM51eq	Guaynaa	['reggaeton', 'reggaeton flow', 'urbano latino']	[2019, 2020, 2021]	4	3
5IH6FPUwQTxPSXurCrcIov	Alec Benjamin	['alt z', 'pop', 'pov: indie']	[2018, 2019, 2020, 2021]	4	1
6eYFryfcEu3QSq59D62wZQ	Brendon Urie	[]	[2018, 2019, 2020]	4	4
7HkdQ0gt53LP4zmHsL0nap	Ella Mai	['r&b', 'rap', 'uk contemporary r&b']	[2018, 2019]	4	1
5V0MlUE1Bft0mbLlND7FJz	Ella Fitzgerald	['adult standards', 'jazz', 'jazz blues', 'soul', 'swing', 'vocal jazz']	[2018, 2019, 2020, 2021]	4	0
3KwmxIhSe9UTSEF37kwngR	SHAED	['electropop']	[2019, 2020]	4	3
60rpJ9SgigSd16DOAG7GSa	Billy Ray Cyrus	['country rock']	[2019, 2020]	4	4
0YinUQ50QDB7ZxSCLyQ40k	Mustard	['cali rap', 'pop rap', 'rap', 'southern hip hop', 'trap']	[2019, 2020, 2021]	4	4
7z5WFjZAIYejWy0NI5lv4T	Dan + Shay	['contemporary country', 'country', 'country road']	[2018, 2019, 2020, 2021]	4	1
6tbjWDEIzxoDsBA1FuhfPW	Madonna	['dance pop', 'pop']	[2018, 2019, 2020]	4	4
6LnJKrtFnTEGdbWQ2riWCL	Ezhel	['turkish hip hop', 'turkish trap']	[2019, 2020]	4	3
2RDOrhPqAM4jzTRCEb19qX	Sheck Wes	['pop rap', 'rap', 'trap']	[2018, 2019, 2020]	4	2
6ZLTlhejhndI4Rh53vYhrY	Ozzy Osbourne	['album rock', 'alternative metal', 'birmingham metal', 'classic rock', 'glam metal', 'hard rock', 'metal', 'nu metal', 'rock']	[2019, 2020]	4	4
4lDiJcOJ2GLCK6p9q5BgfK	Kontra K	['christlicher rap', 'german hip hop']	[2019, 2020]	4	2
0jdNdfi4vAuVi7a6cPDFBM	Lazza	['italian hip hop', 'italian pop', 'rap genovese', 'trap italiana']	[2019, 2020]	4	4
1l7ZsJRRS8wlW3WfJfPfNS	Christina Aguilera	['dance pop', 'pop']	[2018, 2019, 2021]	4	2
6w3SkAHYPsQ1bxV7VDlG5y	Cazzu	['argentine hip hop', 'rap latina', 'reggaeton', 'trap argentino', 'trap latino', 'urbano latino']	[2018, 2019]	4	4
04ei5kNgmDuNAydFhhIHnD	Landon Cube	['pop rap']	[2018, 2019]	4	4
3IW7ScrzXmPvZhB27hmfgy	Jul	['french hip hop', 'pop urbaine', 'rap marseille']	[2019, 2020]	4	4
4upwdFMlZBmQ68jP9jPzjK	Gemitaiz	['italian hip hop']	[2019]	4	4
3CbYyyd8wH3RT6t0jwpdzC	Murda Beatz	['canadian hip hop', 'canadian trap']	[2018, 2019, 2020]	4	4
5Nf5yishRW9Ye174sJISkg	London On Da Track	['atl hip hop']	[2018, 2019, 2020]	4	4
1HwM5zlC5qNWhJtM00yXzG	DMX	['east coast hip hop', 'gangster rap', 'hardcore hip hop', 'hip hop', 'rap']	[2021]	4	0
46MWeeHNVMYRIIofQBEX98	BEAM	['trap soul']	[2020, 2021]	4	4
2dIgFjalVxs4ThymZ67YCE	Stray Kids	['k-pop', 'k-pop boy group', 'pop']	[2020, 2021]	4	0
52qzWdNUp6ebjcNsvgZSiC	Evaluna Montaner	['latin viral pop', 'pop venezolano']	[2020, 2021]	4	4
7b79bQFziJFedJb75k6hFt	Tion Wayne	['london rap', 'uk hip hop']	[2020, 2021]	4	4
1XLWox9w1Yvbodui0SRhUQ	StaySolidRocky	['melodic rap']	[2020, 2021]	4	2
6L34dW6SKMSDaGIfYDU19j	Maes	['french hip hop', 'pop urbaine', 'rap francais']	[2020, 2021]	4	4
45gHcnDnMC15sgx3VL7ROG	42 Dugg	['detroit trap', 'trap']	[2020, 2021]	4	4
2DspEsT7UXGKd2VaaedgG4	Alex Rose	['reggaeton', 'trap latino', 'urbano latino']	[2018, 2020, 2021]	4	4
07SFzTMeYf5P8Rd32a9Zzw	AK AUSSERKONTROLLE	['german hip hop']	[2018, 2020]	4	4
1OB278sOZVSFx5vXqYha83	J. Rey Soul	[]	[2020]	4	4
1o2NpYGqHiCq7FoiYdyd1x	Bea Miller	['alt z', 'pop', 'talent show']	[2018, 2020]	4	3
6DVipHzYsPlIoA0DW8Gmns	"Royce Da 5'9"""	['detroit hip hop', 'gangster rap', 'hardcore hip hop', 'hip hop']	[2018, 2020]	4	4
2urF8dgLVfDjunO0pcHUEe	Alvaro Soler	['latin pop']	[2018]	4	1
5vBSrE1xujD2FXYRarbAXc	Years & Years	['gauze pop', 'pop', 'uk pop']	[2018]	4	0
5xUf6j4upBrXZPg6AI4MRK	Soundgarden	['alternative metal', 'alternative rock', 'classic rock', 'grunge', 'hard rock', 'nu metal', 'rock']	[2017]	3	0
6T5tfhQCknKG4UnH90qGnz	DNCE	['dance pop', 'pop']	[2017, 2022]	3	2
50JJSqHUf2RQ9xsHs0KMHg	Jon Bellion	['indie pop rap']	[2017]	3	2
5C4PDR4LnhZTbVnKWXuDKD	Morat	['colombian pop']	[2017, 2018, 2020]	3	2
5EvFsr3kj42KNv97ZEnqij	Shaggy	['dance pop', 'pop rap', 'reggae fusion']	[2017, 2018, 2020]	3	3
7rpf45DdbpweG51Acze45i	Kay Starr	['torch song']	[2017, 2018, 2020, 2021]	3	0
4STHEaNw4mPZ2tzheohgXB	Paul McCartney	['beatlesque', 'classic rock', 'rock']	[2017, 2018, 2019, 2020, 2021]	3	0
43ZHCT0cAZBISjO8DG9PnE	Elvis Presley	['rock-and-roll', 'rockabilly']	[2017, 2018, 2019, 2020, 2021]	3	0
4ytkhMSAnrDP8XzRNlw9FS	Vince Guaraldi Trio	['jazz trio']	[2017, 2018, 2019, 2020, 2021]	3	0
6nxWCVXbOlEVRexSbLsTer	Flume	['australian dance', 'australian electropop', 'australian indie', 'downtempo', 'edm', 'indietronica']	[2017, 2019]	3	3
2ysnwxxNtSgbb9t1m2Ur4j	George Ezra	['folk-pop', 'neo-singer-songwriter']	[2017, 2018, 2019, 2020]	3	0
3EXdLajEO02ziZ90P90bSW	Lil Xan	['cloud rap']	[2017, 2018]	3	1
5KEG7G8LDYlHgFDqZyEEs2	Chris Rea	['soft rock', 'sophisti-pop']	[2017, 2018, 2019, 2020, 2021]	3	0
6cEuCEZu7PAE9ZSzLLc2oQ	R3HAB	['dutch house', 'edm', 'electro house', 'pop dance', 'progressive electro house', 'slap house']	[2017, 2019]	3	3
0q4NrXqJnc367PieejuROJ	Vice	['chicano rap']	[2017]	3	3
68Uwx1d3EbjDJhYsLjqvIq	Emma Stone	['hollywood']	[2017]	3	2
7keGfmQR4X5w0two1xKZ7d	Kungs	['edm', 'pop dance']	[2017, 2021]	3	2
0NGAZxHanS9e0iNHpR8f2W	Alok	['electro house', 'pop nacional', 'sertanejo universitario', 'slap house']	[2017, 2021]	3	3
4YXycRbyyAE0wozTk7QMEq	Matoma	['pop dance', 'tropical house']	[2017]	3	3
3nohf4qILMr5aUSOsolwxB	Jona Lewie	['new wave pop']	[2017, 2018, 2019, 2020, 2021]	3	0
6ydoSd3N2mwgwBHtF6K7eX	Calum Scott	['pop']	[2017, 2018, 2021, 2022]	3	1
2JwyRtuXf2l6sTnSnGVIa1	Farid Bang	['german hip hop']	[2017, 2018, 2019]	3	3
51XrH5fQP2oIQynuKxSWcW	Sky Rompiendo	['urbano latino']	[2017, 2020]	3	3
4olE3I5QU0dvSR7LIpqTXc	WATT	['modern alternative rock']	[2017, 2018, 2019, 2021]	3	3
57vWImR43h4CaDao012Ofp	Steve Lacy	['afrofuturism']	[2017, 2021, 2022]	3	2
38EmEgXkgK51MT2tPY0EoC	Bobby Helms	[]	[2017, 2018, 2019, 2020, 2021]	3	0
1ackd5XprZEkH3McKbQD51	Juan Magán	['electro latino', 'spanish pop']	[2017, 2018]	3	3
5M0lbkGluOPXLeFjApw8r8	DRAM	['pop rap', 'trap', 'underground hip hop', 'viral trap', 'virginia hip hop']	[2017]	3	3
5H6xmHXjsq98NLbEjuE29f	NEIKED	['scandipop']	[2017, 2021, 2022]	3	3
3Z02hBLubJxuFJfhacLSDc	Bryan Adams	['canadian pop', 'canadian singer-songwriter', 'classic canadian rock', 'heartland rock', 'mellow gold', 'soft rock']	[2017, 2018, 2019, 2020, 2021]	3	0
2cy1zPcrFcXAJTP0APWewL	Gente De Zona	['cubaton', 'electro latino', 'latin hip hop', 'latin pop']	[2017, 2018]	3	3
2ziB7fzrXBoh1HUPS6sVFn	Audioslave	['alternative metal', 'alternative rock', 'grunge', 'hard rock', 'nu metal', 'permanent wave', 'post-grunge', 'rock', 'supergroup']	[2017]	3	0
7HV2RI2qNug4EcQqLbCAKS	Keala Settle	['broadway', 'hollywood', 'show tunes']	[2017, 2018, 2019]	3	3
6U1dBXJhC8gXFjamvFTmHg	Zac Efron	['hollywood', 'movie tunes', 'post-teen pop']	[2017, 2018, 2019]	3	3
08GQAI4eElDnROBrJRGE0X	Fleetwood Mac	['album rock', 'classic rock', 'rock', 'soft rock', 'yacht rock']	[2017, 2020, 2021, 2022]	3	0
4ehtJnVumNf6xzSCDk8aLB	Martin Jensen	['danish electronic', 'edm', 'pop dance']	[2017, 2019]	3	2
10exVja0key0uqUkk6LJRT	Vance Joy	['folk-pop', 'modern rock']	[2017, 2018, 2020, 2021, 2022]	3	1
2DaxqgrOhkeH0fpeiQq2f4	Oasis	['beatlesque', 'britpop', 'madchester', 'permanent wave', 'rock']	[2017, 2018, 2019, 2020, 2021]	3	0
7CUFPNi1TU8RowpnFRSsZV	Niska	['french hip hop', 'pop urbaine', 'r&b francais']	[2017, 2019]	3	2
6i392l38cR3uBPF0DbNs7S	Quality Control	['melodic rap', 'trap']	[2017, 2019]	3	3
164hs3x1Tsp3FgJWNHee1r	The Citizens of Halloween	['halloween']	[2017, 2018, 2019, 2020]	3	0
1IueXOQyABrMOprrzwQJWN	Sigala	['dance pop', 'edm', 'pop dance', 'uk dance', 'uk pop']	[2017, 2018]	3	3
66TrUkUZ3RM29dqeDQRgyA	Ella Eyre	['dance pop', 'talent show', 'uk dance', 'uk pop']	[2017, 2018]	3	3
73Np75Wv2tju61Eo9Zw4IR	Idina Menzel	['hollywood', 'movie tunes', 'show tunes']	[2017, 2018, 2019, 2020, 2021]	3	3
33ScadVnbm2X8kkUqOkC6Z	Don Omar	['latin hip hop', 'puerto rican pop', 'reggaeton', 'trap latino', 'urbano latino']	[2017, 2020, 2021, 2022]	3	3
76Xa625geVw0Q7BdyxNjA2	ZAAC	['funk carioca', 'funk ostentacao', 'funk pop']	[2017, 2018, 2019, 2020]	3	3
6ltzsmQQbmdoHHbLZ4ZN25	Lord Huron	['indie folk', 'modern rock', 'stomp and holler']	[2017, 2018, 2019, 2021, 2022]	3	0
26AHtbjWKiwYzsoGoUZq53	Pentatonix	['a cappella', 'viral pop']	[2017, 2018, 2019, 2020, 2021]	3	0
5wPoxI5si3eJsYYwyXV4Wi	N.E.R.D	['hip hop', 'virginia hip hop']	[2017, 2018]	3	3
18SBju6wBZGpevPcsWMAM3	Rockwell	[]	[2017, 2019, 2020, 2021]	3	0
0ECwFtbIWEVNwjlrfc6xoL	Eagles	['album rock', 'classic rock', 'heartland rock', 'mellow gold', 'rock', 'soft rock', 'yacht rock']	[2017, 2018, 2019, 2020, 2021]	3	0
2lolQgalUvZDfp5vvVtTYV	Tony Bennett	['adult standards', 'easy listening', 'lounge', 'vocal jazz']	[2017, 2018, 2019, 2020, 2021]	3	0
2ZRQcIgzPCVaT9XKhXZIzh	Gryffin	['edm', 'pop dance']	[2017, 2018, 2019]	3	3
0wi4yTYlGtEnbGo4ltZTib	Shakin' Stevens	['classic uk pop', 'rockabilly']	[2017, 2018, 2019, 2020, 2021]	3	0
68kEuyFKyqrdQQLLsmiatm	Vince Staples	['conscious hip hop', 'hip hop', 'rap', 'underground hip hop']	[2017, 2018]	3	3
3RtNN1VnooWEn3KQk03DUL	Noriel	['reggaeton', 'trap latino', 'urbano latino']	[2017, 2018, 2019]	3	3
7a0XAaPaK2aDSqa8p3QnC7	Beéle	['reggaeton colombiano', 'trap latino', 'urbano latino']	[2021, 2022]	3	3
1dKdetem2xEmjgvyymzytS	Grupo Firme	['musica mexicana', 'norteno', 'nueva musica mexicana', 'sierreno']	[2021, 2022]	3	2
6QtgPSJPSzcnn7dPZ4VINp	King Von	['chicago rap']	[2020, 2022]	3	2
5L1lO4eRHmJ7a0Q6csE5cT	LISA	['k-pop']	[2021, 2022]	3	1
67MNhiAICFY6Pwc2YxCO0K	Elley Duhé	['alt z']	[2018, 2019, 2021, 2022]	3	2
7dnB1wSxbYa8CejeVg98hz	Meat Loaf	['album rock']	[2022]	3	0
048LktY5zMnakWq7PTtFrz	CKay	['afro r&b', 'afrobeats']	[2021, 2022]	3	2
1gPhS1zisyXr5dHTYZyiMe	Kevin Gates	['baton rouge rap', 'rap', 'trap']	[2019, 2021, 2022]	3	2
4VIvfOurcf0vuLRxLkGnIG	Bradley Cooper	['hollywood']	[2018, 2019, 2020, 2021, 2022]	3	3
7eLcDZDYHXZCebtQmVFL25	Aitana	['latin talent show', 'spanish pop']	[2018, 2021, 2022]	3	1
0Q8NcsJwoCbZOHHW63su5S	Mora	['trap latino', 'urbano latino']	[2020, 2021, 2022]	3	3
37mqXU98U5GmH5ZDtlHM1c	Matheus Fernandes	['arrocha']	[2021, 2022]	3	3
3y24n3XhZ96wgwRXjvS17T	Coolio	['g funk', 'gangster rap', 'hip hop', 'west coast rap']	[2021, 2022]	3	3
2LhsePRtgCo4THVKULQBL7	L.V.	[]	[2021, 2022]	3	3
3qvcCP2J0fWi0m0uQDUf6r	Luan Santana	['arrocha', 'sertanejo', 'sertanejo universitario']	[2019, 2021, 2022]	3	0
77SW9BnxLY8rJ0RciFqkHh	The Neighbourhood	['modern alternative rock', 'modern rock', 'pop', 'pov: indie']	[2020, 2021, 2022]	3	0
5GcWBUX00IPuWVGMIRK1sS	Residente	['venezuelan hip hop']	[2019, 2020, 2022]	3	2
1vqR17Iv8VFdzure1TAXEq	LIT killah	['argentine hip hop', 'trap argentino', 'trap latino', 'trap triste', 'urbano latino']	[2021, 2022]	3	3
57nPqD7z62gDdq37US9XJR	Arcane	[]	[2021, 2022]	3	3
4yvcSjfu4PC0CYQyLy4wSq	Glass Animals	['gauze pop', 'indietronica', 'modern rock', 'pov: indie', 'shiver pop']	[2020, 2021, 2022]	3	0
0NbfKEOTQCcwd6o7wSDOHI	The Game	['gangster rap', 'hip hop', 'pop rap', 'rap', 'southern hip hop', 'trap']	[2019, 2020, 2022]	3	3
20cmhoGvN0eyzhmsHJH1Mg	Luude	['aussietronica']	[2022]	3	3
5mxB08ktCukEhGMg2YZeEv	Colin Hay	['solo wave']	[2022]	3	3
3q7HBObVc0L8jNeTe5Gofh	50 Cent	['east coast hip hop', 'gangster rap', 'hip hop', 'pop rap', 'queens hip hop', 'rap']	[2019, 2020, 2021, 2022]	3	2
7Lmrb6KcIzfkmgbtokjsAL	Mc Don Juan	['arrocha', 'batidao romantico', 'funk carioca', 'funk paulista']	[2021, 2022]	3	3
1LIuN7ov1IBQDdLsU83ojl	Hugo & Guilherme	['agronejo', 'arrocha', 'sertanejo universitario']	[2021, 2022]	3	1
5IbEL2xjRtKsunfmsahLuO	$NOT	['aesthetic rap', 'cloud rap', 'florida rap', 'underground hip hop']	[2021, 2022]	3	3
6XpaIBNiVzIetEPCWDvAFP	Whitney Houston	['dance pop']	[2018, 2019, 2020, 2021, 2022]	3	2
2IDLDx25HU1nQMKde4n61a	Rich Brian	['indonesian hip hop']	[2018, 2021, 2022]	3	3
6EPlBSH2RSiettczlz7ihV	Sleepy Hallow	['brooklyn drill', 'nyc rap']	[2020, 2021, 2022]	3	2
4NUePmzDvCYqilXBFa91Hg	Dilsinho	['pagode', 'pagode novo', 'sertanejo universitario']	[2020, 2021, 2022]	3	3
63yrD80RY3RNEM2YDpUpO8	Melanie Martinez	['alt z', 'electropop', 'pop']	[2019, 2020]	3	0
6t1gpxYbY8OlLA7D2RiikQ	Loud Luxury	['edm', 'pop dance']	[2018, 2019]	3	3
2nm38smINjms1LtczR0Cei	Goodboys	['pop dance', 'uk dance']	[2019, 2020, 2021]	3	3
2NlKrNMdpYxGjt3Pvw87rC	Europa	['uk dance']	[2019]	3	3
4QVBYiagIaa6ZGSPMbybpy	Pedro Capó	['latin pop', 'puerto rican pop']	[2018, 2019, 2020]	3	3
1z4g3DjTBBZKhvAroFlhOM	Red Velvet	['k-pop', 'k-pop girl group']	[2018, 2019, 2020, 2021]	3	0
4qIVPF0s71ZYW3qzhu5GkF	Kina	['sad lo-fi']	[2019, 2020, 2021]	3	3
04yB9kBsaEQgT8hFfcsQik	Mustard	[]	[2019, 2020]	3	3
6jQZzWW3JlEtcRDSzFVKSP	Nitro	['italian hip hop']	[2018, 2019]	3	3
6SsTlCsuCYleNza6xGwynu	Agnes	['swedish electropop', 'swedish idol pop', 'swedish pop']	[2019]	3	3
44IvvHRk2XF243QLA2VOa8	Stunna 4 Vegas	['north carolina hip hop', 'trap']	[2019, 2020]	3	3
1tqhsYv8yBBdwANFNzHtcr	Lil Dicky	['comedy rap', 'indie pop rap', 'pop rap']	[2018, 2019, 2020]	3	2
4S9EykWXhStSc15wEx8QFK	Céline Dion	['canadian pop']	[2018, 2019, 2020, 2021]	3	0
7rOlQwf8OuFLFQp4aydjBt	Paloma Mami	['latin pop', 'reggaeton chileno', 'trap chileno']	[2019, 2020]	3	2
0id62QV2SZZfvBn9xpmuCl	Aloe Blacc	['pop soul', 'r&b']	[2019]	3	3
4ofCBoyEiGSePFAG500xev	Regard	['pop dance', 'pop edm', 'slap house', 'uk dance']	[2019, 2020, 2021]	3	2
4rTv3Ejc7hKMtmoBOK1B4T	Ali Gatie	['canadian hip hop']	[2019, 2020]	3	0
0vRvGUQVUjytro0xpb26bs	Arizona Zervas	['pop rap', 'rhode island rap']	[2019, 2020, 2021]	3	0
7C7NNCiIFavKH6oDarjp0v	JS o Mão de Ouro	['arrocha', 'brega funk']	[2019, 2020]	3	3
2auC28zjQyVTsiZKNgPRGs	RM	['k-rap']	[2018, 2019, 2020]	3	2
3pjq2pDV9RR6VY55wBjVnp	Dardan	['albanian hip hop', 'german hip hop']	[2019, 2020]	3	2
5yy76ufVriyvidNSvXlRU1	Clever	['alabama rap']	[2019, 2020, 2021]	3	3
3tJoFztHeIJkJWMrx0td2f	Moneybagg Yo	['memphis hip hop', 'rap', 'southern hip hop', 'tennessee hip hop', 'trap']	[2019, 2020, 2021]	3	3
7uaIm6Pw7xplS8Dy06V6pT	Trevor Daniel	['melodic rap']	[2019, 2020, 2021]	3	1
2kqUKsTuEj1lPbm6BSn1AU	Rich Music LTD	['urbano latino']	[2019, 2020]	3	3
4TEJudQY2pXxVHPE3gD2EU	BlocBoy JB	['memphis hip hop', 'rap', 'tennessee hip hop', 'trap']	[2018, 2019]	3	3
4ZhFCxPekpmV12n2xMeF2z	Ink	[]	[2019, 2020]	3	3
0haZhu4fFKt0Ag94kZDiz2	Sofía Reyes	['latin pop', 'latin viral pop', 'mexican pop', 'reggaeton']	[2018, 2019, 2020]	3	3
70kkdajctXSbqSMJbQO424	Kacey Musgraves	['classic texas country', 'contemporary country', 'country dawn']	[2019, 2020, 2021]	3	1
5rSXSAkZ67PYJSvpUpkOr7	Backstreet Boys	['boy band', 'dance pop', 'pop']	[2018, 2019, 2021]	3	0
0O1cTzccAEKaEFShgzAK9V	Bass Santana	['miami hip hop', 'underground hip hop']	[2019]	3	3
6HhsbprrJmKeaH8SgSlGge	Kin$oul	[]	[2018, 2019]	3	3
2p1fiYHYiXz9qi0JJyxBzN	Skepta	['birmingham grime', 'grime', 'instrumental grime', 'uk hip hop']	[2018, 2019, 2020]	3	3
3MkkSf3u5KU52Mb2iMrqeX	MadMan	['italian hip hop']	[2019]	3	3
5dXlc7MnpaTeUIsHLVe3n4	Coez	['italian adult pop', 'italian pop', 'rap napoletano', 'rome indie']	[2018, 2019]	3	2
4EPJlUEBy49EX1wuFOvtjK	Becky Hill	['pop dance', 'pop house', 'uk dance', 'uk pop']	[2019, 2020, 2021]	3	3
0FOWNUFHPnMy0vOw1siGqi	Belly	['canadian hip hop', 'canadian trap']	[2019, 2021]	3	3
4mHAu7NX2UNsnGXjviBD9e	Brooks	['dutch house', 'edm', 'electro house', 'future house', 'pop dance', 'pop edm', 'progressive electro house']	[2018, 2019]	3	3
5qZLYtTL3ldN6Uw7OXHESR	Sa4	['german hip hop']	[2018, 2019, 2021]	3	3
6eVWXmKBW7Iltub01D9R1c	Valerie Broussard	['bossbeat', 'modern alternative pop']	[2019, 2020]	3	3
4PPoI9LuYeFX8V674Z1R6l	Vicente Fernández	['mariachi', 'ranchera']	[2021]	3	0
2Waw2sSbqvAwK8NwACNjVo	Bo Burnham	['comic', 'pov: indie']	[2021]	3	0
0KuF7reCTOZwV7YJnHQqgr	The Neptunes	[]	[2020, 2021]	3	3
3utZ2yeQk0Z3BCOBWP7Vlu	CRO	['german hip hop']	[2020, 2021]	3	3
6VOoiigTiLVgsMQPP1JOdC	Crissin	['reggaeton colombiano', 'urbano latino']	[2021]	3	3
5IYRfypwG9BDDh5ZRPI80z	Totoy El Frio	['reggaeton colombiano', 'urbano latino']	[2021]	3	3
5OBK3iQwjNQqElPmn4TgAE	Natan & Shander	['reggaeton colombiano', 'urbano latino']	[2021]	3	3
12vb80Km0Ew53ABfJOepVz	Ñengo Flow	['reggaeton', 'trap latino', 'urbano latino']	[2020, 2021]	3	3
0n6sKrG0xKAf8xmdqeNGke	Los Legendarios	[]	[2020, 2021]	3	3
3CDoRporvSjdzTrm99a3gi	LUDMILLA	['funk carioca', 'funk pop', 'funk rj', 'pagode baiano', 'pop nacional']	[2018, 2020, 2021]	3	2
03d2mJXSMtuPI0nIvLnhoS	Zoe Wees	['german pop']	[2020, 2021]	3	1
3PyJHH2wyfQK3WZrk9rpmP	Ashnikko	['alt z', 'escape room']	[2020, 2021]	3	1
3Wb38LDP3N4tkobValgE9D	Juanka	['reggaeton', 'reggaeton flow', 'trap latino', 'urbano latino']	[2020, 2021]	3	3
1r1uxoy19fzMxunt3ONAkG	Phoebe Bridgers	['indie pop', 'la indie', 'pov: indie']	[2020, 2021]	3	3
4xnihxcoXWK3UqryOSnbw5	Sasha Alex Sloan	['alt z']	[2020, 2021]	3	3
0oeiA5U9u1U45Gos5cywUU	Soso Maness	['french hip hop', 'pop urbaine', 'rap francais', 'rap marseille']	[2020, 2021]	3	3
3jk39CGeaaSO3FPKNx1RUx	Syd	['alternative r&b', 'lgbtq+ hip hop']	[2020, 2021]	3	3
7arQA31aZVS8yS6zUveWzb	CJ	['nyc rap']	[2020, 2021]	3	0
7okSU80WTrn4LXlyXYbX3P	Clinton Kane	['alt z', 'gen z singer-songwriter']	[2020, 2021]	3	1
1W7FNibLa0O0b572tB2w7t	Pink Sweat$	['bedroom soul']	[2020, 2021]	3	0
56mfhUDKa1vec6rSLZV5Eg	Jawsh 685	['nz pop']	[2020, 2021]	3	3
43DRDu6nLSeIedZ7T1A616	Xand Avião	['arrocha', 'forro de favela', 'funk carioca']	[2020, 2021]	3	3
6nB0iY1cjSY1KyhYyuIIKH	FKA twigs	['afrofuturism', 'alternative r&b', 'art pop', 'escape room', 'experimental r&b', 'trip hop']	[2018, 2020, 2021]	3	3
7yntSJ6uojO3z6GFUVwhAW	CORPSE	['pov: indie']	[2020, 2021]	3	3
6trIghKwHRUyxwvm66HLHH	Fousheé	['indie r&b']	[2020, 2021]	3	2
6LXRvV2OAtXF7685fzh3mj	Rowdy Rebel	['nyc rap']	[2020, 2021]	3	3
5uYe4bcAXlMP7d4mrOYkML	Niack	['funk carioca', 'funk mtg']	[2020, 2021]	3	1
1WMwuNKzEFtU6pPkdtryYS	Kendo Kaponi	[]	[2020]	3	3
7IlRNXHjoOCgEAWN5qYksg	Aya Nakamura	['basshall', 'pop urbaine', 'r&b francais']	[2020]	3	2
1ThoqLcyIYvZn7iWbj8fsj	Bill Withers	['funk', 'quiet storm', 'soul']	[2020]	3	0
78wZzI7u1cOjXKuYzqZI6l	Sonus030	[]	[2020]	3	3
5tHiL8SKSaZGMBUPIiSmX4	KitschKrieg	['german hip hop', 'hamburg hip hop']	[2018, 2020]	3	3
2JbE7jUIGtpXSzytnyMg6U	Curtis Waters	[]	[2020]	3	3
44rJuOJLavqhY6qGgpQW4U	Harm Franklin	['alberta hip hop']	[2020]	3	3
0NnUMWDCDi1snuMja6IdxH	Harry Nach	['trap chileno', 'urbano chileno']	[2020]	3	0
4gOc8TsQed9eqnqJct2c5v	K/DA	['k-pop girl group']	[2018, 2020]	3	3
2AfmfGFbe0A0WsTYm0SDTx	(G)I-DLE	['k-pop', 'k-pop girl group']	[2018, 2020]	3	3
2cADQgiLMjNhbsfeN52Bf3	Swizz Beatz	['battle rap', 'dirty south rap', 'southern hip hop', 'trap']	[2018, 2020]	3	3
431Pb5EV8KsCBGTw96ZTQ4	Dj Kass	['chilean hardcore']	[2018]	3	0
3gd8FJtBJtkRxdfbTu19U2	Mumford & Sons	['modern folk rock', 'modern rock', 'neo mellow', 'stomp and holler', 'uk americana']	[2018]	3	0
6jwzGu5VdkR5tsRROYuxso	DrefGold	['italian hip hop', 'italian pop', 'trap italiana']	[2018]	3	3
1Oa0bMld0A3u5OTYfMzp5h	Nate Dogg	['g funk', 'gangster rap', 'hardcore hip hop', 'hip hop', 'west coast rap']	[2017, 2018, 2021, 2022]	2	2
0cTSCsVx04SSht9V6cpKN0	Mavis Staples	['black americana', 'soul', 'southern soul', 'spirituals']	[2017, 2018]	2	2
6d47Z08T4snK50HgTEHo5Z	Sage The Gemini	['hyphy', 'pop rap', 'southern hip hop', 'trap']	[2017]	2	0
5DK8eK7fjvRsziXzyr3sFA	Moon Taxi	['modern alternative rock']	[2017]	2	0
1B0Rp4SWGnFgGCPU5Pju6E	Nego do Borel	['funk carioca', 'funk das antigas', 'funk ostentacao', 'funk pop', 'sertanejo universitario']	[2017, 2018]	2	2
7me0S5Z40qVWj3gzyK8aC3	Mc Livinho	['funk carioca', 'funk paulista', 'funk rj', 'sertanejo universitario']	[2017, 2019]	2	1
4gvkdged3Xw3ImXFm3jiay	Juliander	['swedish pop']	[2017, 2018]	2	2
4LFgxG38Y0l4Fo1gdQelay	The Dap-Kings Horns	[]	[2017]	2	2
3koiLjNrgRTNbOwViDipeA	Marvin Gaye	['classic soul', 'motown', 'neo soul', 'northern soul', 'quiet storm', 'soul']	[2017, 2018]	2	2
75jNCko3SnEMI5gwGqrbb8	Tammi Terrell	['classic soul', 'motown', 'soul', 'southern soul']	[2017, 2018]	2	2
4TrraAsitQKl821DQY42cZ	Sigrid	['norwegian pop']	[2017]	2	0
5yG7ZAZafVaAlMTeBybKAL	Iggy Azalea	['australian hip hop', 'dance pop', 'pop']	[2017]	2	1
1yFie7615gesdLbvVVpYU5	Zoe Nash	['la pop']	[2017]	2	2
4MVyzYMgTwdP7Z49wAZHx0	Lynyrd Skynyrd	['album rock', 'classic rock', 'hard rock', 'rock', 'southern rock']	[2017, 2019, 2020, 2021]	2	0
6kXm2YCtdUOpRYNKeKhfue	Ryan Gosling	['hollywood']	[2017]	2	1
77tT1kLj6mCWtFNqiOmP9H	Daryl Hall & John Oates	['album rock', 'classic rock', 'heartland rock', 'mellow gold', 'rock', 'singer-songwriter', 'soft rock', 'yacht rock']	[2017, 2018, 2019, 2020, 2021]	2	0
5veVxxPm1vzgi6pO2iVA8L	Bruno Martini	['pop nacional']	[2017]	2	2
7qPLO2XOUaRrRxkvLZ3AEK	Zeeba	[]	[2017]	2	2
6V3F8MZrOKdT9fU686ybE9	Mark Morrison	['british soul']	[2017, 2021]	2	2
6DJEUXZm0e2rAohdoZ5Voo	Black Thought	['alternative hip hop', 'east coast hip hop']	[2017, 2020]	2	2
6jsjhAEteAlY0vCiLvMLBA	ROZES	['alt z', 'indie poptimism']	[2017]	2	2
4VZY0nxYMSNotbS7WjNVQy	Nyla	[]	[2017, 2018]	2	2
10n5lhNDoSMUHWLlnST1yw	Slade	['glam rock']	[2017, 2018, 2019, 2020, 2021]	2	0
787bCXOIvGeBw0Bc4kEjhD	Luke Christopher	['indie pop rap']	[2017]	2	0
0JXiS2FrAg3wQYJHcmZdrc	B. Swanson Quartet	[]	[2017, 2018, 2019, 2020, 2021]	2	2
5Q81rlcTFh3k6DQJXPdsot	Mura Masa	['channel islands indie', 'hyperpop', 'indie soul', 'vapor soul']	[2017]	2	2
2a0uxJgbvvIRI4GX8pYfcr	J Hus	['afroswing', 'grime', 'uk hip hop']	[2017, 2019]	2	1
4OBJLual30L7gRl5UkeRcT	T.I.	['atl hip hop', 'dirty south rap', 'gangster rap', 'hip hop', 'pop rap', 'rap', 'southern hip hop', 'trap']	[2017, 2018]	2	2
79QO0Xmn1dZhvaLicS2Yrs	The Night Game	['modern alternative rock']	[2017]	2	2
5PlfkPxwCpRRWQJBxCa0By	HUGEL	['deep house']	[2017, 2018]	2	2
4ON1ruy5ijE7ZPQthbrkgI	Burak Yeter	['electro house']	[2017]	2	2
7Dz9goFmVZZqvJxZoKg7pF	Danelle Sandoval	['nyc pop']	[2017]	2	2
7slfeZO9LsJbWgpkIoXBUJ	Ricky Martin	['latin pop', 'mexican pop', 'puerto rican pop']	[2017, 2018]	2	2
7LvoDJUNGnOrPdGRzVtOJ9	Young M.A	['alternative r&b', 'lgbtq+ hip hop', 'nyc rap', 'rap', 'trap']	[2017, 2020]	2	1
1LOB7jTeEV14pHai6EXSzF	Cash Cash	['dance pop', 'edm', 'electro house', 'electropowerpop', 'pop dance']	[2017, 2019]	2	2
6mU8ucezzms5I2kNH6HNlu	Conor Maynard	['post-teen pop', 'uk pop', 'viral pop']	[2017, 2018]	2	2
76yeOnINtQSXyoEHbkYmtY	Drew Love	[]	[2017, 2018]	2	2
3tQx1LPXbsYjE9VwN1Peaa	Marc E. Bassy	['indie pop rap']	[2017]	2	2
2KsP6tYLJlTBvSUxnwlVWa	Mike Posner	['dance pop', 'pop', 'pop rap']	[2017]	2	2
5cIc3SBFuBLVxJz58W2tU9	Oh Wonder	['electropop', 'indie poptimism', 'pov: indie']	[2017, 2018]	2	2
5nkYRuiIHg2xXHFC8bfosJ	ItaloBrothers	['hands up', 'italo dance']	[2017]	2	0
1Ml4OuStDoympbREURAM15	The Fontane Sisters	['deep adult standards', 'vocal harmony group']	[2017, 2018, 2019, 2020, 2021]	2	2
0HS96tPggl2nwiz3gNWWI5	Mitchell Ayres & His Orchestra	"[""man's orchestra""]"	[2017, 2018, 2019, 2020, 2021]	2	2
02A3cEvlLLCbIMVDrK2GHV	Starley	['aussietronica']	[2017]	2	2
33JQK4UoS2aMPYBfdB5Ftt	Ryan Riback	['melbourne bounce']	[2017]	2	2
3JXpwnHbLvXxY99EuXqFPX	Poo Bear	['pop r&b']	[2017, 2018]	2	2
0uGk2czvcpWQA383Im6ajf	Maggie Lindemann	['alt z', 'dark pop', 'pop']	[2017, 2018]	2	2
0CEK8AzyeD5ZUdUloB6yQV	CADE	['pop edm']	[2017, 2018]	2	2
0FTrIsp2Mg7Bkf8eXQrISa	PHresher	['nyc rap']	[2017]	2	2
0hItVPjwJLVZrFqOyIsxPf	Judy Garland	['adult standards', 'torch song', 'vocal jazz']	[2017, 2018, 2019, 2020, 2021]	2	0
1LZEQNv7sE11VDY3SdxQeN	Bee Gees	['disco', 'mellow gold', 'soft rock']	[2017, 2018, 2019]	2	0
2FwJwEswyIUAljqgjNSHgP	Snakehips	['electropop']	[2017]	2	2
35S20clEkkSNUo23ViaslZ	Band Aid	['musical advocacy']	[2017, 2018, 2019, 2020, 2021]	2	0
4yiQZ8tQPux8cPriYMWUFP	Gwen Stefani	['dance pop', 'pop']	[2017, 2018, 2019, 2020, 2021]	2	2
1UTPBmNbXNTittyMJrNkvw	Blake Shelton	['classic oklahoma country', 'contemporary country', 'country', 'country road']	[2017, 2018, 2019, 2020, 2021]	2	2
7K78lVZ8XzkjfRSI7570FF	José Feliciano	['latin pop', 'puerto rican pop']	[2017, 2018, 2019, 2020, 2021]	2	0
7blkMNJv8n9ceP9zlA4W2U	Shawn Hook	['canadian pop']	[2017]	2	2
6G9bygHlCyPgNGxK2l3YdE	Vanessa Hudgens	['dance pop', 'pop', 'post-teen pop']	[2017]	2	2
6lB8vOoI4DRrrVxXwuV19c	Mike Perry	['pop dance', 'swedish tropical house']	[2017]	2	2
3S0tlB4fE7ChxI2pWz8Xip	Giggs	['grime', 'london rap', 'uk hip hop']	[2017]	2	2
3AlRiyjMywTVNzTcHbf9QT	Lil Kleine	['dutch hip hop', 'dutch rap pop']	[2017, 2018]	2	2
3AVfmawzu83sp94QW7CEGm	Astrid S	['alt z', 'norwegian pop', 'pop', 'uk pop']	[2017]	2	0
0RqtSIYZmd4fiBKVFqyIqD	Thirty Seconds To Mars	['modern rock', 'post-grunge']	[2017, 2018]	2	1
3XcCT5MPlQPWFTJyzXbfuX	Maejor	['detroit hip hop', 'pop r&b']	[2017, 2018, 2020]	2	2
5bzWtCkjIAMgN93gLt56SO	Tropkillaz	['afrofuturismo brasileiro', 'bass trap', 'funk carioca', 'pop nacional']	[2017, 2018, 2019]	2	2
3eqjTLE0HfPfh78zjh6TqT	Bruce Springsteen	['heartland rock', 'mellow gold', 'permanent wave', 'rock', 'singer-songwriter']	[2017, 2018, 2019, 2020, 2021]	2	0
73jBynjsVtofjRpdpRAJGk	Dimitri Vegas & Like Mike	['belgian dance', 'belgian edm', 'big room', 'dutch house', 'edm', 'electro house', 'pop dance', 'progressive electro house']	[2017, 2019]	2	2
2HkAI0YrEcgoR8QdaURqhO	Dimitri Vegas	['belgian edm']	[2017, 2019]	2	2
51Blml2LZPmy7TTiAg47vQ	U2	['irish rock', 'permanent wave', 'rock']	[2017]	2	1
34v5MVKeQnIo0CWYMbbrPf	John Newman	['dance pop']	[2017, 2021]	2	2
7hOGhpa8RMSuDOWntGIAJt	A R I Z O N A	['electropop', 'indie poptimism']	[2017, 2019]	2	1
59mjRp0i1B8oWSSMmGWJlJ	Ansel Elgort	['post-teen pop', 'teen pop']	[2017]	2	2
3Bd1cgCjtCI32PYvDC3ynO	London Grammar	['metropopolis', 'nottingham indie']	[2017, 2019]	2	1
5BcAKTbp20cv7tC5VqPFoC	Macklemore & Ryan Lewis	['pop rap', 'seattle hip hop']	[2017, 2018, 2019, 2020, 2021, 2022]	2	2
4myTppRgh0rojLxx8RycOp	Ryan Lewis	['pop rap']	[2017, 2018, 2019, 2020, 2021, 2022]	2	2
4e0nWw2r4BoQSKPQ2zpU13	Ray Dalton	[]	[2017, 2018, 2019, 2020, 2021, 2022]	2	2
1XTGADISSMRf8B4TcVGYUC	Ky-Mani Marley	['reggae', 'reggae fusion']	[2017, 2019]	2	2
3Fdm9TFJQCLmC3AWMuGExi	Ugly God	['rap', 'trap', 'underground hip hop']	[2017, 2018]	2	1
3AQRLZ9PuTAozP28Skbq8V	The Script	['celtic rock', 'pop']	[2017]	2	0
4x1nvY2FN8jxqAFA0DA02H	John Lennon	['beatlesque', 'classic rock', 'rock']	[2017, 2018, 2019, 2020, 2021]	2	2
2s4tjL6W3qrblOe0raIzwJ	Yoko Ono	['experimental', 'experimental pop']	[2017, 2018, 2019, 2020, 2021]	2	2
7hssUdpvtY5oiARaUDgFZ3	Ina Wroldsen	['norwegian pop']	[2017, 2018]	2	2
6c0mTNAxJxlp9HpKTUZwA8	ALMA	[]	[2017]	2	2
0QJIPDAEDILuo8AIq3pMuU	M.I.A.	['escape room', 'indietronica', 'new rave']	[2017, 2020]	2	1
0NyzfcGDZZ6GM25EBG9BYK	Ray Parker Jr.	[]	[2017, 2018, 2019, 2020, 2021]	2	0
3cqIsBnzV3BabbPWKz8Txf	Mud	['glam rock']	[2017, 2020, 2021]	2	0
4wLXwxDeWQ8mtUIRPxGiD6	Marc Anthony	['latin pop', 'modern salsa', 'salsa', 'tropical']	[2017, 2018]	2	2
2TL8gYTNgD6nXkyuUdDrMg	Jasmine Thompson	['viral pop']	[2017, 2020]	2	2
4QQgXkCYTt3BlENzhyNETg	Earth, Wind & Fire	['disco', 'funk', 'jazz funk', 'soul']	[2017, 2018, 2019, 2020, 2021]	2	0
2uvY5pgdD9t1CZ5zMNw1rl	Lucy Rose	['ambient folk', 'british singer-songwriter']	[2017, 2018]	2	2
293zczrfYafIItmnmM3coR	Chuck Berry	['blues', 'blues rock', 'classic rock', 'rock', 'rock-and-roll', 'rockabilly', 'soul']	[2017, 2018, 2019, 2020, 2021]	2	0
2tMOCIpxj6jwM9e6pmwGiP	KEY!	['underground hip hop']	[2017, 2019]	2	2
6Ff53KvcvAj5U7Z1vojB5o	*NSYNC	['boy band', 'dance pop', 'pop']	[2017, 2018, 2019, 2020, 2021]	2	0
0L8ExT028jH3ddEcZwqJJ5	Red Hot Chili Peppers	['alternative rock', 'funk metal', 'funk rock', 'permanent wave', 'rock']	[2017, 2022]	2	0
2oX42qP5ineK3hrhBECLmj	Andy Grammer	['neo mellow', 'post-teen pop']	[2017, 2019]	2	0
7uMh23xWiuR7zsNkuNcm2G	MNEK	['house', 'pop dance', 'uk contemporary r&b', 'uk dance', 'uk pop']	[2017, 2020, 2021, 2022]	2	2
5lKZWd6HiSCLfnDGrq9RAm	Leona Lewis	['british soul', 'dance pop', 'pop', 'talent show']	[2017, 2018, 2019, 2020, 2021]	2	1
2bxxlINUlcMQQb39K7IopR	Abraham Mateo	['latin arena pop', 'latin pop', 'latin viral pop', 'reggaeton', 'spanish pop']	[2017, 2018, 2020]	2	2
54R6Y0I7jGUCveDTtI21nb	Boney M.	['europop']	[2017, 2018, 2019, 2020, 2021, 2022]	2	1
77DAFfvm3O9zT5dIoG0eIO	Kyla	['uk funky']	[2017, 2018, 2019, 2020, 2021, 2022]	2	2
4LcUpNlXFEleaLlelmkv2R	Kris Kross Amsterdam	['dutch house', 'dutch pop']	[2017, 2018]	2	2
6n28c9qs9hNGriNa72b26u	PNAU	['alternative dance', 'aussietronica', 'australian dance', 'australian electropop']	[2021, 2022]	2	2
0hk4xVujcyOr6USD95wcWb	Sick Luke	['italian hip hop', 'trap italiana']	[2022]	2	2
3xLU748QxpTmIVaiNXXg0P	Encanto - Cast	['movie tunes']	[2021, 2022]	2	2
2hejA1Dkf8v8R0koF44FvW	Gera MX	['mexican hip hop', 'rap conciencia']	[2021, 2022]	2	2
7j6DKwmjbxvpQO8h914uEz	Ryan Castro	['reggaeton', 'trap colombiano', 'trap latino', 'urbano latino']	[2022]	2	0
2VSHKHBTiXWplO8lxcnUC9	GAYLE	['modern alternative pop']	[2021, 2022]	2	0
1etNnR2SdlelBQAICa2Q5m	Mc Pedrinho	['funk carioca', 'funk mtg', 'funk paulista']	[2021, 2022]	2	2
1QfpRUtH14JLoY6F6AYmwt	The Rare Occasions	['la indie']	[2021, 2022]	2	0
1Z25ZlGHqqlr3o1UGQOfNn	JNR CHOI	['gambian hip hop']	[2022]	2	1
4vdAAzZBUKbsrvHi6UR7B7	Jessica Darrow	['movie tunes']	[2021, 2022]	2	0
0BHm7qbh3ENxvXzkQAG7MP	Mari Fernandez	['agronejo', 'arrocha', 'arrochadeira']	[2021, 2022]	2	1
18MFcGBHtyW0mU3ufcm0X1	Diane Guerrero	['movie tunes']	[2021, 2022]	2	2
0jeYkqwckGJoHQhhXwgzk3	Cruz Cafuné	['rap canario', 'spanish hip hop', 'urbano espanol']	[2019, 2022]	2	2
4jogXSSvlyMkODGSZ2wc2P	Calibre 50	['banda', 'corrido', 'musica mexicana', 'norteno', 'nueva musica mexicana', 'sierreno']	[2021, 2022]	2	0
1Cd373x8qzC7SNUg5IToqp	BoyWithUke	['sad rap']	[2021, 2022]	2	0
5NGO30tJxFlKixkPSgXcFE	The Police	['album rock', 'classic rock', 'permanent wave', 'rock']	[2019, 2020, 2021, 2022]	2	0
25XJqeReVV38w0tR04GGBd	Mainstreet	['trap carioca', 'trap funk']	[2021, 2022]	2	2
3klZnJvYGIbWritVwQD434	Duncan Laurence	['dutch pop']	[2019, 2021, 2022]	2	0
79AyR6ATpj2LTPxfb6FX50	Lauren Spencer Smith	['alt z', 'gen z singer-songwriter']	[2022]	2	0
1gl0S9pS0Zw0qfa14rDD3D	Surf Curse	['dreamo', 'indie surf', 'pov: indie', 'surf punk', 'vegas indie']	[2021, 2022]	2	0
7rXMvXRnWHaSwnVvPeUUfw	Gloria Groove	['funk carioca', 'pop lgbtq+ brasileira']	[2020, 2022]	2	1
21UPYSRWFKwtqvSAnFnSvS	Amaarae	['afro r&b', 'afrobeats', 'alternative r&b', 'ghanaian alternative', 'ghanaian pop']	[2021, 2022]	2	2
2hVWBpjLW4Q7fboYz2pVYK	Moliy	['ghanaian alternative']	[2021, 2022]	2	2
7dL0nOHwnSAsNAwpkPSGWP	sangiovanni	['italian adult pop', 'italian pop']	[2021, 2022]	2	0
7cYEt1pqMgXJdq00hAwVpT	Chase Atlantic	['alternative r&b']	[2021, 2022]	2	0
3FlCKtwOEYQQYyGVEbxG2Z	George Henrique & Rodrigo	['agronejo', 'arrocha', 'sertanejo', 'sertanejo pop', 'sertanejo universitario']	[2021, 2022]	2	2
027TpXKGwdXP7iwbjUSpV8	The Walters	['chicago indie', 'pov: indie']	[2021, 2022]	2	0
7i9j813KFoSBMldGqlh2Z1	Riton	['house', 'pop dance', 'uk dance']	[2019, 2020, 2021, 2022]	2	2
2Z0lRIqr997lIUiPtrpKCr	Matheus & Kauan	['agronejo', 'arrocha', 'pop nacional', 'sertanejo', 'sertanejo universitario']	[2018, 2021, 2022]	2	1
4YYxffPVDFe9XoqqbRW6Bq	L-Gante	['cumbia 420']	[2021, 2022]	2	2
1W4itxt3vwhmrgLEBuVHJ6	Vundabar	['boston indie', 'indie garage rock', 'pov: indie']	[2021, 2022]	2	0
2TcGJdSOiOvITBzhvfX8XB	Shouse	['aussietronica']	[2021, 2022]	2	1
5JbQpbeFaKfuZVFzKwaawP	MC Rogerinho	['arrocha', 'batidao romantico']	[2020, 2022]	2	0
0Kwf0zcciIFGLCKiqNcO6Q	SRNO	['dutch rap pop']	[2020, 2022]	2	2
1cNPXWhKfjI0fT5EMCnamR	Dj Guuga	['arrocha', 'arrochadeira', 'funk paulista', 'rave funk']	[2021, 2022]	2	2
1ZwdS5xdxEREPySFridCfh	2Pac	['g funk', 'gangster rap', 'hip hop', 'rap', 'west coast rap']	[2020, 2022]	2	1
6PERJZF7wohA034PAxDK0b	Neo Beats	['trap brasileiro']	[2021, 2022]	2	2
1FtBEIWAwvw5ymBen5GICR	Chlöe	[]	[2021, 2022]	2	1
1qto4hHid1P71emI6Fd8xi	Aventura	['bachata', 'bachata dominicana', 'latin hip hop', 'latin pop', 'tropical', 'urbano latino']	[2019, 2021, 2022]	2	1
5uEeqYFuIChoWKy34jp8xE	Brando	['dance pop', 'pop dance']	[2018, 2019]	2	2
3EOEK57CV77D4ovYVcmiyt	Dennis Lloyd	['israeli pop']	[2018, 2019]	2	0
3yiEJ9SByXZMXTwaKdVFN4	Luchè	['italian hip hop', 'italian pop', 'rap napoletano']	[2019]	2	2
6FD0unjzGQhX3b6eMccMJe	Ghostface Killah	['east coast hip hop', 'hardcore hip hop']	[2018, 2019]	2	2
142TY556WknD1ZRV8XilJQ	Joe Janiak	[]	[2019]	2	2
6PDLwWvgYNMfBRLqC1h5cJ	Buddy	['alternative r&b', 'cali rap']	[2019]	2	2
0NcPKaSNIHAM2RfioH9vMT	Guapdad 4000	['cali rap', 'oakland hip hop', 'scam rap', 'underground hip hop']	[2019]	2	2
4A7HeXSd4HtQuf6IR5XZ1b	Fero47	['german hip hop']	[2019]	2	0
1fux65HMCBvfJHqlBc4Nno	Casper Magico	['reggaeton', 'reggaeton flow', 'trap latino', 'urbano latino']	[2018, 2019, 2021]	2	2
7KHA7OOevgTDFhlym0oEyP	Adriana Proenza	['spanish indie pop']	[2019, 2020]	2	2
6USMTwO0MNDnKte5a5h0xx	Y2K	['pop rap', 'viral rap']	[2019, 2020]	2	2
0ceH34CATvfgphxnLRWFkm	9lokknine	['florida drill', 'florida rap']	[2019, 2020]	2	2
0Mh0QuhaJ6WIW0qrJwzMmt	BRADO	[]	[2019]	2	2
0tvACMjTDrW7HCo4F2wiIb	DJ RD	[]	[2018, 2019]	2	2
2auiVi8sUZo17dLy1HwrTU	Solange	['afrofuturism', 'alternative r&b', 'r&b', 'urban contemporary']	[2019]	2	0
0jTDeBJQr3unrK29LklnAv	Lexa	['funk carioca', 'funk pop', 'funk rj', 'pop nacional', 'sertanejo universitario']	[2019, 2020]	2	2
1vaQ6v3pOFxAIrFoPrAcom	Ari Lennox	['alternative r&b']	[2019, 2021]	2	2
5UjifI1TYefXWn9GdqDOHl	Social House	[]	[2018, 2019]	2	2
1El4YQA8oCXX7ynFSxRTFq	Massimo Pericolo	['italian hip hop', 'trap metal italiana']	[2019]	2	2
6OpOg5HVCc8xVf7OVrd5Fk	Jerry Smith	['brega funk', 'funk carioca']	[2018, 2019]	2	2
6P6GTRTigHBp8ZesNtpCKH	Almighty	['reggaeton flow', 'trap latino', 'urbano latino']	[2018, 2019]	2	2
0b1sIQumIAsNbqAoIClSpy	j-hope	['k-pop', 'k-rap']	[2018, 2019]	2	1
3yzRiNMZdTsSUgplcyYZ4i	Blanco Brown	['black americana', 'country rap']	[2019]	2	0
3CjlHNtplJyTf9npxaPl5w	CHVRCHES	['indietronica', 'metropopolis', 'neo-synthpop', 'shimmer pop']	[2018, 2019]	2	1
2U3FuHYvL3vhkbDAXm24Ep	Dan Caplen	['neo soul', 'uk contemporary r&b']	[2018, 2019]	2	2
1WsYCXdezMjn0KoIrLvMmC	Ed Sheeran & Justin Bieber	[]	[2019, 2020, 2021]	2	2
5SyGEPymt1G2uto47tVWvZ	MadeinTYO	['atl hip hop', 'melodic rap', 'trap']	[2019, 2020]	2	2
4okiIReqptfBJ5UULmWycZ	Barloe Team	[]	[2018, 2019]	2	2
1CO6e7WRJvSFenmQO8n64C	Zhavia	['post-teen pop']	[2018, 2019]	2	2
2NUz5P42WqkxilbI8ocN76	Vybz Kartel	['dancehall', 'jamaican dancehall', 'reggae fusion']	[2019, 2020]	2	2
6XpXnnKHIhCOUbOLOJGe6o	REASON	['indie hip hop', 'underground hip hop']	[2018, 2019]	2	2
1INuLZXjjVbcJRyWvD1iSq	Jack & Jack	['pop', 'teen pop']	[2018, 2019]	2	2
20gsENnposVs2I4rQ5kvrf	Sam Feldt	['edm', 'pop dance', 'tropical house']	[2019, 2020]	2	2
3SYnDj7btg9gFY7ps8m5d5	RANI	['dutch pop']	[2019, 2020]	2	2
6q3p11nP1p80Ey6LrOOSed	Hit-Boy	['drumless hip hop']	[2019]	2	2
3pVfscwg2QxhdHtk966inb	The Cratez	['german hip hop']	[2019]	2	2
1WgXqy2Dd70QQOU7Ay074N	AURORA	['art pop', 'norwegian pop']	[2019, 2020, 2021]	2	1
6kq4GHwUcUojGIu0ziSNXf	Amenazzy	['rap dominicano', 'reggaeton', 'trap latino', 'urbano latino']	[2019, 2021]	2	2
3YwqjMyrRfuixi2pbgTGCE	Heuss L'enfoiré	['french hip hop', 'pop urbaine', 'rap francais']	[2019, 2020]	2	2
5ooSG9S0glqP5ZrqqaHBvT	James Fauntleroy	[]	[2019, 2021]	2	2
6xlRSRMLgZbsSNd0BMobwy	DENNIS	['funk carioca', 'funk das antigas', 'sertanejo universitario']	[2018, 2019]	2	2
5Yo5iU2nf4H41waPl4ZnS1	LEA	['german pop']	[2019]	2	2
2Cra8I2P4OnMkVguqZRVwi	Felipe Original	['arrochadeira', 'brega funk']	[2019, 2020]	2	2
3WQ1s2QFvL6crxBvrVhwzj	Gabriel Diniz	['forro', 'sertanejo', 'sertanejo pop', 'sertanejo universitario']	[2019]	2	0
1GAymyGBvB4gQy5Z5LZ1Wj	Lalo Ebratt	['colombian hip hop', 'reggaeton', 'reggaeton colombiano', 'trap latino', 'urbano latino']	[2019, 2020]	2	2
06Qf6vq8AVIpE9XIw8LAsY	Lil Duke	['atl trap']	[2019, 2021]	2	2
1RBzGO6Nm3uyhUSxP7EDWO	KEVIN ROLDAN	['reggaeton', 'reggaeton colombiano', 'trap latino', 'urbano latino']	[2018, 2019, 2021]	2	1
028lPW2NdWHdSPCkRkcyhd	Ant Clemons	[]	[2019]	2	2
3aQeKQSyrW4qWr35idm0cy	T-Pain	['dance pop', 'gangster rap', 'hip hop', 'pop rap', 'r&b', 'rap', 'southern hip hop', 'trap', 'urban contemporary']	[2019]	2	2
3uZFBSsMiooimnprFL9jD1	Snow	['canadian old school hip hop', 'reggae fusion']	[2019, 2020]	2	2
1lB3I3SI30v2ZOpR4XQqzJ	Gambi	['french hip hop', 'pop urbaine', 'rap francais']	[2019, 2020]	2	1
3hN3iJMbbBmqBSAMx5veDa	Ultimo	['italian adult pop', 'italian pop']	[2019, 2020]	2	0
3c96G4d2lUOxhomM2mby5S	Bushido	['german hip hop']	[2018, 2019]	2	2
4jpsw9CQS439N0B7SecMgf	Ant Saunders	['chill r&b', 'viral rap']	[2019, 2020]	2	0
5bWUlnPx9OYKsLiUJrhCA1	Jon Z	['reggaeton', 'trap latino', 'urbano latino']	[2019]	2	2
5Sjj30aHCmKcM9SdVX7PBK	GRiNGO	['german hip hop']	[2018, 2019]	2	2
1cH0i2n6YLrWFDDemqztay	Henning May	[]	[2019]	2	2
0HkcYmcjrBR3SCw9Ld5VZk	Calboy	['chicago rap', 'melodic rap']	[2019]	2	0
1UCxzrM5WJh9ure5vCcsim	Charlie Charles	['italian hip hop', 'italian pop']	[2018, 2019]	2	2
07V3atNq2TyPNDYmzp6Dyy	Reese LAFLARE	['atl trap']	[2018, 2019]	2	2
5YCc6xS5Gpj3EkaYGdjyNK	WOS	['argentine indie', 'trap argentino']	[2019, 2020]	2	1
7z2avKuuiMAT4XZJFv8Rvh	Tom Walker	['indie anthem-folk', 'uk pop']	[2018, 2019]	2	0
22JdJVovP3pV9XkGTih01c	Game of Thrones	[]	[2019]	2	2
4Yttlv9ndGjCDCVLqM7ACq	Sido	['german hip hop', 'german pop']	[2019, 2021]	2	2
37hAfseJWi0G3Scife12Il	City Girls	['scam rap', 'trap queen']	[2019, 2021]	2	2
00CMSJdbf36zOzKB3z8JrR	Victor Cardenas	[]	[2019, 2020, 2021]	2	2
6sFIWsNpZYqfjUpaCgueju	Carly Rae Jepsen	['canadian pop', 'dance pop', 'pop']	[2018, 2019]	2	1
6xvpfMjWTougrRRtK7iikz	Mason Ramsey	['contemporary country', 'country']	[2018, 2019]	2	1
26cMerAxjx9GedFt0lMDjm	Bella Poarch	['modern alternative pop']	[2021]	2	1
34LetYSjEuG2fBb4Z8PwPg	Pashanim	['german alternative rap', 'german drill', 'german hip hop']	[2020, 2021]	2	0
6YVMFz59CuY7ngCxTxjpxE	aespa	['k-pop', 'k-pop girl group']	[2021]	2	0
4VVEpEhC8NcR7AqNEds42U	Chimbala	['dembow', 'rap dominicano']	[2021]	2	2
5IbUz6BcOu6IVY512oxavP	Niño de Elche	['spanish pop']	[2020, 2021]	2	2
7xtnpHS34mLlxGZDVUBHSU	La Húngara	['pop flamenco', 'rumba', 'spanish pop', 'spanish pop rock']	[2020, 2021]	2	2
1PKErrAhYFdfrDymGHRQRo	Nathan Evans	[]	[2021]	2	1
0u6GtibW46tFX7koQ6uNJZ	Topic	['german dance', 'pop dance', 'pop edm', 'uk dance']	[2020, 2021]	2	2
5Wg2b4Mp42gicxEeDNawf7	A7S	['pop dance', 'scandipop', 'uk dance']	[2020, 2021]	2	2
5F1aAS1duwlzExnPs3l2Xe	Pooh Shiesty	['memphis hip hop', 'tennessee hip hop', 'trap']	[2021]	2	2
687cZJR45JO7jhk1LHIbgq	Tems	['afro r&b', 'afrobeats', 'alte', 'nigerian pop']	[2021]	2	2
2zWqENF4cnsd1nLmraG9IE	DJ Lucas Beat	['agronejo']	[2021]	2	1
1TYJOhNSxMOODWiDVhuyZb	Kawe	['brazilian hip hop', 'trap brasileiro']	[2021]	2	2
7fKfVo62Yx50GtTdIgeBqk	Brisa Star	['arrocha']	[2021]	2	2
0cZ0hBu2JZFT99wDzEfS89	Thiago Jhonathan (TJ)	[]	[2021]	2	2
35R1B97CfrqKFFI3QBkTDx	RealestK	[]	[2021]	2	0
1oSgjdbgLYULVmEBojPRw8	Fernando & Sorocaba	['agronejo', 'arrocha', 'sertanejo', 'sertanejo pop', 'sertanejo universitario']	[2021]	2	2
4AA474G2hRfrHyGrfyDseO	Mozzy	['cali rap', 'sacramento hip hop']	[2018, 2021]	2	2
1GKIlPFdcewHtpDVCQ8zmJ	Brray	['reggaeton', 'reggaeton flow', 'trap latino', 'urbano latino']	[2020, 2021]	2	2
78rUTD7y6Cy67W1RVzYs7t	PinkPantheress	['bedroom pop']	[2021]	2	0
4bYPcJP5jwMhSivRcqie2n	Adam Levine	['deep talent show']	[2021]	2	2
3l0CmX0FuQjFxr8SK7Vqag	Clairo	['bedroom pop', 'indie pop', 'pop', 'pov: indie']	[2020, 2021]	2	1
3VHAySZQPlfGlNLslzXYpN	NATHY PELUSO	['r&b en espanol', 'rap latina']	[2020, 2021]	2	2
41QLxRXlc2NwfJZkHGHKid	Israel & Rodolffo	['agronejo', 'arrocha', 'sertanejo', 'sertanejo universitario']	[2021]	2	1
2cPqdH7XMvwaBJEVjheH8g	Jay Wheeler	['reggaeton', 'trap latino', 'urbano latino']	[2020, 2021]	2	2
4ETSs924pXMzjIeD6E9b4u	Surfaces	['bedroom soul']	[2020, 2021]	2	1
4jFlmD92WULLlaRS8Cj6QS	Francesca Michielin	['italian adult pop', 'italian pop']	[2021]	2	2
3shPgAzHMyRwWOkXeoWKeB	MC Bruninho	['batidao romantico', 'brega funk', 'brega romantico', 'funk carioca', 'pop teen brasileiro']	[2018, 2020, 2021]	2	1
37BIBvfliXJpSgn10yQUJM	Mr. Naisgai	[]	[2021]	2	2
3eVa5w3URK5duf6eyVDbu9	ROSÉ	['k-pop']	[2021]	2	0
2o08sCWF5yyo2G4DCiT7T9	HVME	['slap house']	[2020, 2021]	2	1
5SHxzwjek1Pipl1Yk11UHv	Tom Grennan	['uk pop']	[2021]	2	1
6LArUyIoMiHmDvvOAsE2cd	Dream	['pixel', 'pov: indie']	[2021]	2	1
3FoFW2AoUGRHBacC6i4x4p	Russ Millions	['melodic drill', 'uk drill']	[2021]	2	2
0gAILSEru1PKMwP0tAqNLS	Willow Sage Hart	['show tunes']	[2021]	2	2
6i3DxIlAqnDkwELLw4aVrx	Lele Pons	['latin pop', 'latin viral pop', 'viral pop']	[2018, 2020, 2021]	2	1
7jEEE187pVG6InOxn03oA5	Benjamin Ingrosso	['swedish pop']	[2018, 2021]	2	1
2SXhbucehn00OBVKhzxDyM	Erica Banks	['trap queen']	[2021]	2	0
3HqSLMAZ3g3d5poNaI7GOU	IU	['k-pop', 'pop']	[2020, 2021]	2	1
523y9KSneKh6APd1hKxLuF	Master KG	['bolobedu house', 'south african house']	[2020, 2021]	2	2
0z4gvV4rjIZ9wHck67ucSV	Akon	['dance pop']	[2020, 2021]	2	2
5Y5TRrQiqgUO4S36tzjIRZ	Timbaland	['dance pop', 'pop', 'pop rap']	[2018, 2020, 2021]	2	2
3kft86DbqCNr7rjq3pEj0G	Sarah Cothran	['gen z singer-songwriter']	[2021]	2	0
0OO76E5lRfeyBI3fkA73Dr	siouxxie sixxsta	['glitchcore', 'hyperpop', 'sped up']	[2021]	2	0
7gXb99Sf9nNmpNYeAgIQFG	Sub Urban	['modern indie pop']	[2020, 2021]	2	1
19eLuQmk9aCobbVDHc6eek	Louis Armstrong	['adult standards', 'dixieland', 'harlem renaissance', 'jazz trumpet', 'new orleans jazz', 'soul', 'swing', 'vocal jazz']	[2020, 2021]	2	2
3VrWSWV74xyECVDt2zBy4T	The Commanders	[]	[2020, 2021]	2	2
7MPGCB854Qo4alYMOPkBka	Ritt Momney	['bedroom pop']	[2020, 2021]	2	0
6m6e7D2TnV0aYMllFFwMxu	Guilherme & Benuto	['agronejo', 'arrocha', 'sertanejo universitario']	[2020, 2021]	2	0
2oT7xd9iTO2ejLsNGIMa5f	Flow La Movie	['reggaeton']	[2021]	2	2
7sKxqpSqbIzphAKAhrqvlf	Walker Hayes	['contemporary country', 'country', 'country road', 'modern country rock']	[2021]	2	0
76Pl0epAMXVXJspaSuz8im	Freeze corleone	['drill francais', 'french hip hop', 'melodic drill', 'pop urbaine', 'rap francais']	[2020, 2021]	2	1
4b19vuzlDcNdU4quI7L6sW	ElyOtto	['hyperpop', 'weirdcore']	[2021]	2	0
1ITjgqpqMDJlqZGAK3mlPQ	Sefo	['turkish trap']	[2021]	2	0
22bE4uQ6baNwSHPVcDxLCe	The Rolling Stones	['album rock', 'british invasion', 'classic rock', 'rock']	[2020, 2021]	2	0
3QVolfxko2UyCOtexhVTli	Angèle	['belgian pop', 'french pop', 'variete francaise']	[2020, 2021]	2	2
15iVAtD3s3FsQR4w1v6M0P	Chief Keef	['chicago bop', 'chicago drill', 'chicago rap', 'drill', 'hip hop', 'rap', 'trap']	[2020, 2021]	2	2
2C6i0I5RiGzDKN9IAF8reh	Banda MS de Sergio Lizárraga	['banda', 'musica mexicana', 'norteno']	[2020, 2021]	2	2
34Y0ldeyUv7jBvukWOGASO	Bobby Shmurda	['nyc rap', 'rap', 'trap']	[2018, 2021]	2	1
70NcAr4ZtA3FAqU16iQZSb	dhruv	['nyc pop']	[2021]	2	0
3QJUFtGBGL05vo0kCJZsmT	salem ilese	['alt z', 'modern indie pop']	[2020, 2021]	2	1
6L1XC7NrmgWRlwAeLJvVtA	Sam Fischer	['australian pop', 'singer-songwriter pop']	[2020, 2021]	2	1
4IJczjB0fJ04gs4uvP0Fli	Gym Class Heroes	['dance pop', 'pop rap']	[2021]	2	1
0u2FHSq3ln94y5Q57xazwf	Keith Urban	['australian country', 'australian pop', 'contemporary country', 'country', 'country road']	[2020, 2021]	2	2
56OjNTX2bkrdGcB0staUOV	A-Wall	['bedroom pop']	[2021]	2	0
3yDIp0kaq9EFKe07X1X2rz	Nile Rodgers	['disco']	[2021]	2	2
6CwfuxIqcltXDGjfZsMd9A	MARINA	['metropopolis', 'pop', 'pov: indie', 'uk alternative pop']	[2018, 2021]	2	1
1Ts9of7VPZElwPQnqnDSfW	Lyanno	['reggaeton', 'trap boricua', 'trap latino', 'urbano latino']	[2020, 2021]	2	2
5pXe6yFchq1oyYK3rq2A8i	KIDDO	['scandipop']	[2020, 2021]	2	2
5szJHKg5xeUlQ9pTqzdpic	Taiu	['trap argentino']	[2020]	2	2
0shHIQr8VamXbzM66kwGQo	TATOOL	[]	[2020]	2	2
28ExwzUQsvgJooOI0X1mr3	Jay Rock	['conscious hip hop', 'hip hop', 'rap', 'southern hip hop', 'trap']	[2018, 2020]	2	2
09agIJMxCD2k87ys9Al0f0	VIZE	['german dance', 'slap house']	[2020]	2	2
0Cp8WN4V8Tu4QJQwCN5Md4	BENEE	['alt z', 'nz pop']	[2020]	2	2
6Gk5hoM7eW8NSCYhICMDHw	Zak Abel	['uk contemporary r&b']	[2020]	2	2
5xSx2FM8mQnrfgM1QsHniB	Danna Paola	['latin pop', 'latin viral pop', 'mexican pop']	[2020]	2	2
5KYEMMz9O9iLIESifKAEOp	WhoHeem	['viral rap']	[2020]	2	0
4Xi6LSfFqv26XgP9NKN26U	AJ Tracey	['grime', 'uk hip hop', 'ukg revival']	[2020]	2	2
4tw2Lmn9tTPUv7Gy7mVPI4	Kenny Rogers	['classic country pop', 'country', 'nashville sound']	[2020]	2	1
5yN0nwLpUCaZ2gr67bndCN	Amanda Shires	['alternative country', 'folk', 'new americana']	[2020]	2	2
3O5HD95HTEPgoPFOjAb7yV	DripReport	['viral rap']	[2020]	2	0
6ynopZPMBXcIGBI9M02Un5	Haftbefehl	['german hip hop']	[2020]	2	2
32vWCbZh0xZ4o9gkz4PsEU	Dolly Parton	['classic country pop', 'country', 'country dawn']	[2020]	2	2
5rkVyNGXEgeUqKkB5ccK83	Ashanti	['dance pop', 'hip pop', 'r&b', 'urban contemporary']	[2018, 2020]	2	2
7bmYpVgQub656uNTu6qGNQ	Hwa Sa	['k-pop', 'korean talent show']	[2020]	2	1
7GaxyUddsPok8BuhxN6OUW	James Brown	['funk', 'soul']	[2020]	2	0
4CuMwzDzEdlUJMEna38VQ0	Dark Polo Gang	['italian hip hop', 'italian indie pop', 'italian pop', 'trap italiana']	[2018, 2020]	2	1
1MXZ0hsGic96dWRDKwAwdr	Tyla Yaweh	['cali rap', 'melodic rap']	[2020]	2	2
71jSVPQ6yskfyvWeiwvT5s	S1mba	['afroswing']	[2020]	2	2
5eAWCfyUhZtHHtBdNk56l1	System Of A Down	['alternative metal', 'nu metal', 'rap metal', 'rock']	[2020]	2	0
2yPprAQlrIQWu60g09B9MZ	Swarmz	['uk hip hop']	[2020]	2	2
4WoSAKuoaPxrbwp3Y1PvKb	Bozza	['german hip hop', 'german underground rap']	[2020]	2	2
59wfkuBoNyhDMQGCljbUbA	Diddy	['dance pop', 'east coast hip hop', 'hip hop', 'hip pop', 'pop rap', 'rap']	[2018, 2020]	2	2
0YWxKQj2Go9CGHCp77UOyy	Fabolous	['gangster rap', 'hip hop', 'pop rap', 'rap', 'trap', 'urban contemporary']	[2018, 2020]	2	2
67nwj3Y5sZQLl72VNUHEYE	Wale	['pop rap', 'r&b', 'rap', 'southern hip hop', 'trap']	[2018, 2020]	2	2
3ipn9JLAPI5GUEo4y4jcoi	Ludacris	['atl hip hop', 'dance pop', 'dirty south rap', 'hip hop', 'old school atlanta hip hop', 'pop rap', 'rap', 'southern hip hop', 'trap']	[2020]	2	2
5RaQ9nmVGoTye2SI76x3yw	Kofs	['french hip hop', 'pop urbaine', 'r&b francais', 'rap francais', 'rap marseille']	[2020]	2	2
2IoSLl3tqYMq9DzR0d6NJN	Elams	['french hip hop', 'pop urbaine', 'rap francais', 'rap marseille']	[2020]	2	2
6W5uA6CNMf3hd2j4a2XWCx	Naps	['french hip hop', 'pop urbaine', 'rap marseille']	[2020]	2	2
7FXX45sHqoQoCwqtG0ZV8H	Solda	[]	[2020]	2	2
6zrOXBaNn0DqJeXxgC2eyH	Houari	['pop urbaine']	[2020]	2	2
19u3RGWKsjmbg9eI6zAiNp	13 Organisé	['french hip hop', 'pop urbaine']	[2020]	2	2
0tRFWXqKBBQcu5oFVOgVzX	Jaira Burns	['alt z']	[2018, 2020]	2	2
2wIVse2owClT7go1WT98tk	Missy Elliott	['dance pop', 'hip hop', 'hip pop', 'neo soul', 'pop rap', 'r&b', 'rap', 'urban contemporary', 'virginia hip hop']	[2018, 2020]	2	2
3DKkhRCGOG4e8IUPYFPfWs	Dixie	['social media pop']	[2020]	2	1
2ZXnTEyYopSLCDiz5Z0XIf	MC Kekel	['funk carioca', 'funk consciente', 'funk ostentacao', 'funk paulista']	[2018]	2	2
37Qsf5KCKljH7mL134xp4k	Saudi	['south african hip hop']	[2018]	2	2
52lBOxCxbJg0ttXEW9CQpW	Louis Prima	['adult standards', 'jump blues', 'lounge', 'swing', 'tin pan alley']	[2018]	2	2
6AUl0ykLLpvTktob97x9hO	Tee Grizzley	['detroit hip hop', 'detroit trap', 'rap', 'southern hip hop', 'trap']	[2018]	2	2
3gTZHK9u10mTyoEoT9tJaE	Lean Trap	[]	[2018]	2	0
7waNCUQ1Ne7OoNHgqpgMZ7	Luis Figueroa	[]	[2018]	2	2
1jSjfSgDjedJdi5MoyRu78	Lary Over	['reggaeton', 'trap latino', 'urbano latino']	[2018]	2	2
6BeO1KuAWBqFriL1mLHtNc	Leslie Grace	['bachata', 'latin viral pop']	[2018]	2	2
3pbi8H08p95NUZ7m6ybxUV	Static Major	[]	[2018]	2	2
3kv1Edgn5HlEWCuEKr1Y9x	Yugen Blakrok	['south african hip hop', 'spiritual hip hop']	[2018]	2	2
3OsRAKCvk37zwYcnzRf5XF	Moby	['downtempo', 'electronica']	[2018]	2	2
5ChF3i92IPZHduM7jN3dpg	Nicky Romero	['big room', 'dutch edm', 'dutch house', 'edm', 'electro house', 'pop dance', 'progressive electro house']	[2018]	2	2
0MInKJqZscEeNc5K3K0mkE	Simone & Simaria	['pop nacional', 'sertanejo', 'sertanejo universitario']	[2018]	2	2
3ECsaSd1fom8coUUkkFzqt	Jeon	['ritmo kombina']	[2018]	2	2
3jfVtv9mWfW0c5b3Fx440e	Babes Wodumo	['afro soul', 'gqom', 'south african pop']	[2018]	2	2
2LAqcqAQ8KPTsl1HBgBrqM	Michelle Williams	['hollywood']	[2018]	2	1
4fpTMHe34LC5t3h5ztK8qu	The Carters	['r&b']	[2018]	2	0
4N8BwYTEC6XqykGvXXlmfv	George Benson	['jazz funk', 'jazz guitar', 'smooth jazz', 'soul jazz', 'yacht rock']	[2018]	2	2
41qil2VaGbD194gaEcmmyx	Will Smith	['hip hop', 'pop rap']	[2018]	2	2
0g9vAlRPK9Gt3FKCekk4TW	Ab-Soul	['conscious hip hop', 'hip hop', 'rap']	[2018]	2	2
4we5S2VLjgY9KzIzApL1KI	Ryan Tedder	[]	[2018]	2	2
3egWSWp7Y4FyCKIyvXbw7L	Ghali	['italian hip hop', 'italian pop', 'milan indie']	[2018]	2	1
3EWxytcxaM0tksU6v3je2Q	kiLL edward	[]	[2018]	2	2
3hPPNy5OBzCU1icQO7Nrok	99 Percent	[]	[2017]	1	1
0GByy3DcfbQwDvXGCWmzv9	Pretenders	['album rock', 'classic rock', 'mellow gold', 'new romantic', 'new wave', 'new wave pop', 'permanent wave', 'rock', 'soft rock']	[2017, 2018, 2019, 2020, 2021]	1	0
6KZDXtSj0SzGOV705nNeh3	Kid Ink	['pop rap', 'rap', 'southern hip hop', 'trap']	[2017]	1	1
7wjeXCtRND2ZdKfMJFu6JC	Louane	['french pop']	[2017]	1	1
3WrFJ7ztbogyGnTHbHJFl2	The Beatles	['beatlesque', 'british invasion', 'classic rock', 'merseybeat', 'psychedelic rock', 'rock']	[2017]	1	0
1Dn88PoQjnQgLTOaokePFz	Bright Sparks	[]	[2017]	1	1
2nvKpWcP8etYTq4JrRiUiy	Cliff Richard	['adult standards', 'rock-and-roll']	[2017, 2020, 2021]	1	0
5X4LWwbUFNzPkEas04uU82	DVBBS	['canadian electronic', 'dutch house', 'edm', 'electro house', 'pop dance', 'progressive electro house', 'slap house']	[2017]	1	1
78DWNk8gFHU30TGITAgbM7	CMC$	['pop edm', 'vapor twitch']	[2017]	1	1
71WExccCBN2mw0klSzfYzz	Gia Koka	[]	[2017]	1	1
5338fdSzGNOFD4cxAxDTeq	Aaron Carter	['post-teen pop']	[2017]	1	0
4kI8Ie27vjvonwaB2ePh8T	Portugal. The Man	['indie rock', 'indietronica', 'modern alternative rock', 'modern rock']	[2017, 2018, 2019, 2020]	1	0
5NS0854TqZQVoRmJKSWtFZ	Chino & Nacho	['electro latino', 'latin hip hop', 'latin pop', 'urbano latino']	[2017]	1	1
7jefIIksOi1EazgRTfW2Pk	Electric Light Orchestra	['album rock', 'art rock', 'beatlesque', 'classic rock', 'glam rock', 'mellow gold', 'rock', 'soft rock', 'symphonic rock']	[2017]	1	0
3wjsrpfO6odEphTZWx45RQ	Hearts & Colors	[]	[2017]	1	1
5M2y5A6d5QZjw9JeKClagC	Andrelli	['swedish pop']	[2017]	1	1
6sq1yF0OZEWA4xoXVKW1L9	Alejandro Fernández	['latin arena pop', 'latin pop', 'mariachi', 'mexican pop', 'musica mexicana', 'ranchera']	[2017]	1	1
5Tz4zMiRWqiQVAymWZz99a	Zebra Katz	['escape room', 'lgbtq+ hip hop', 'vogue']	[2017]	1	1
0CkbPVBpOwwz9NPPglFKyq	RAY BLK	['alternative r&b', 'electra', 'uk contemporary r&b']	[2017]	1	1
67wCYxOq4A1ohAs7jWYaOJ	Rik Rok	['reggae fusion']	[2017, 2018]	1	1
4XqfpACObRB5AsBcUYjL8X	MC Eiht	['g funk', 'west coast rap']	[2017]	1	1
1QDrz3DMMaz3TB1cm0PGDu	Justin Jesso	['singer-songwriter pop']	[2017, 2018]	1	1
5psTfOBPmc8UquYcnS22KE	Pink	[]	[2017]	1	1
1qskAseW7apRxJBpYAO9Yk	Felix Snow	[]	[2017]	1	1
09BrKhoBYOu5vHVkBZ5U5X	The Flint Chozen Choir	[]	[2017]	1	1
6DpWtzfwV8fcwP6fXckDVu	Starrah	['hyperpop francais']	[2017]	1	1
3LzHaN3Y3gT35BudaFqVyy	Kamferdrops	['swedish pop']	[2017]	1	0
2QSPrJfYeRXaltEEiriXN9	Tove Styrke	['electropop', 'swedish electropop', 'swedish pop', 'swedish synthpop']	[2017]	1	0
6g8AmloI8egfrr3dm3SnUL	TWENTY88	[]	[2017]	1	1
29QbBR0oTzA7A0kiOzrbbr	Jamie Scott	['uk pop']	[2017, 2018]	1	1
5gWzmnHTLNXz5CjOc0wAuK	Romy Dya	['dutch pop']	[2017, 2018]	1	1
2wzMOQwNT6ZvVB4amvhFAH	The Pogues	['celtic punk', 'celtic rock', 'folk punk', 'punk']	[2017, 2018, 2019, 2020, 2021]	1	1
6UlNIFEuWlBqb4TvlVCekq	Kirsty MacColl	['new wave pop']	[2017, 2018, 2019, 2020, 2021]	1	1
1XLjkBxFokuDTlHt0mQkRe	Thomas Gold	['big room', 'dutch house', 'edm', 'electro house', 'german techno', 'pop dance', 'progressive electro house', 'progressive house']	[2017]	1	1
6ctgu4FFlnNhMgrKiIzCxp	Jillian Edwards	['acoustic pop', 'indiecoustica']	[2017]	1	1
1V3VTM7VspiQjcmRhC010n	Quintino	['dutch edm', 'dutch house', 'edm', 'electro house', 'pop dance', 'progressive electro house', 'slap house']	[2017]	1	1
5luyt0SUvGkDMY4ILP6Qhl	Descemer Bueno	['cubaton']	[2017]	1	1
726MxZBpkxnnoKl6aN7mmj	Cookin' On 3 Burners	['bboy', 'instrumental funk']	[2017]	1	1
1hzfo8twXdOegF3xireCYs	Milky Chance	['german pop', 'modern rock']	[2017]	1	0
0v2oB2xMS64U3lcU5DFuCY	Peven Everett	['broken beat', 'chicago house', 'deep house']	[2017]	1	1
69UfPJgUmFFAVT740qGVZi	Ken Darby Singers	[]	[2017, 2018, 2019, 2020, 2021]	1	1
735L650pvygCZZlPMyHqsN	John Scott Trotter & His Orchestra	['light music']	[2017, 2018, 2019, 2020, 2021]	1	1
5lXfVoQxVgC5fpjkVqvNYn	Isaiah Firebrace	['australian pop']	[2017]	1	0
15NtJjjHRFybdNSMyM9smT	Nevada	[]	[2017]	1	1
1JfH8gevkDviqs50A5NO0L	Chuck D	['conscious hip hop', 'east coast hip hop', 'old school hip hop']	[2017]	1	1
5G1ozOoTwFiVTKjYMj1HAJ	Big Lenbo	[]	[2017]	1	1
4TNLCgKNImRbj2bb7g52wH	No ID	['golden age hip hop']	[2017]	1	1
5ITI6SEoUZMIXXkzCfr4oE	Aluna	['dance pop']	[2017]	1	1
0lzV2CiahHRiGd6qpADtPS	James Hersey	[]	[2017]	1	0
374sWpAJsbZckf98df2jJJ	Fuse ODG	['afrobeats', 'azonto']	[2017, 2018]	1	1
6e64nPdtxyICfh90RJukpg	Chicago Children's Choir	"['american choir', ""children's choir""]"	[2017]	1	1
48Z0MG7G6UQeWYibHpXgQe	Nano	['melodipop']	[2017]	1	0
2Q4r4Epfaaho06ONTHx7OS	MC's Jhowzinho & Kadinho	['brega funk', 'funk carioca']	[2017, 2018]	1	0
7f35VZGDpomj11PXdNn5D9	Max B	[]	[2017]	1	1
0V7uVrIYr4FwFvUN9S4kYr	Nick Waterhouse	['chicago indie', 'funk']	[2017]	1	1
6lBN3Tzt61u8i9AJoAhKzF	Mykola Dmytrovych Leontovych	['post-romantic era', 'ukrainian classical']	[2017, 2018, 2019, 2020, 2021]	1	1
3dRfiJ2650SZu6GbydcHNb	John Williams	['orchestral soundtrack', 'soundtrack']	[2017, 2018, 2019, 2020, 2021]	1	1
42MRYPhQfcEXqb18dl5ERX	"Bobby ""Boris"" Pickett"	['halloween', 'novelty']	[2017, 2018, 2019, 2020, 2021]	1	1
4frDtYgwXXKkbyQzjOmJG5	The Crypt-Kickers	[]	[2017, 2018, 2019, 2020, 2021]	1	1
3u579Gdap91lMptBSdXTpf	Kash Doll	['detroit hip hop', 'trap queen']	[2017]	1	1
6gto7HVNhu4ARE3P3g8Y5Y	Kollegah	['german hip hop']	[2017]	1	1
1Y8cdNmUJH7yBTd9yOvr5i	Destiny's Child	['dance pop', 'girl group', 'pop', 'r&b', 'urban contemporary']	[2017, 2018, 2019, 2020, 2021]	1	0
7aA592KWirLsnfb5ulGWvU	Danny Brown	['alternative hip hop', 'detroit hip hop', 'escape room', 'hip hop', 'underground hip hop']	[2017]	1	1
1U0sIzpRtDkvu1hXXzxh60	Kelela	['afrofuturism', 'alternative r&b', 'escape room', 'experimental r&b']	[2017]	1	1
6fXEqmGQEt6ONuqVmwrN46	Bag Raiders	['alternative dance', 'australian dance', 'indietronica']	[2017]	1	0
5RSYz1KaYXbHfKdlaxAI8O	DJ Jonathan	[]	[2017]	1	0
0gadJ2b9A4SKsB1RFkBb66	Passenger	['folk-pop', 'neo mellow']	[2017, 2018, 2020, 2021]	1	0
1buzCmyYZE4kcdLRudsb8V	Mikky Ekko	['nashville indie']	[2017]	1	1
7823Dim2TzjiQQ9wRQxyi9	Wizzard	['glam rock']	[2017, 2018, 2019, 2020, 2021]	1	0
5LeiVcEnsZcwc133TUhJNW	Belinda	['latin arena pop', 'latin pop', 'mexican pop']	[2017, 2018]	1	1
5oOyEfGd8NxAKA41zGQhoj	Snova	[]	[2017, 2018]	1	1
1o9x7ez0NvhDb7gBqrYnUj	B-Case	['pop edm']	[2017, 2018]	1	1
7crPfGd2k81ekOoSqQKWWz	Stevie Nicks	['heartland rock']	[2017]	1	1
34SBu2kvAUh84umN8Pi0iI	Hight	['uk dance']	[2017]	1	1
5KPJMJR9PCfMWSfco8i4W4	Alex Aiono	['teen pop']	[2017]	1	1
4GCwfakdZdo3KkBNtzU5vn	MIMI	[]	[2017]	1	1
4Wjf8diP59VmPG7fi4y724	Cedric Gervais	['dutch house', 'edm', 'electro house', 'pop dance', 'progressive electro house', 'progressive house']	[2017]	1	1
2qSEpijpT3YSXgxcXac1ly	Chris Willis	[]	[2017]	1	1
27mFvqQj8KpjmdKIqcw1mG	Ayo & Teo	['trap', 'viral trap']	[2017]	1	0
0XNvr6bnNywV946ZKaJtr0	Joakim Lundell	['swedish pop']	[2017]	1	1
6sge2FzdYxWSjWc5sBjmoy	Arrhult	['melodipop', 'scandipop']	[2017]	1	1
1mX1TWKpNxDSAH16LgDfiR	Jesse & Joy	['latin arena pop', 'latin pop', 'mexican pop']	[2017, 2018]	1	1
2zzpznMuhKlKlqh1ma7Sms	Dakota	[]	[2017]	1	1
2WOMBqEsllg2ICn7D2L8ta	Jehnny Beth	[]	[2017]	1	1
6mctsJBrfcWvWH7S8h716D	Moelogo	['afrobeats', 'nigerian pop']	[2017]	1	1
2ODbg2404zUzTi02qIPEjB	Tay-K	['cali rap', 'dfw rap', 'rap', 'trap']	[2017]	1	0
6KWcxMWVNVIYbdOQyJtsSy	The Platters	['adult standards', 'easy listening', 'rock-and-roll', 'rockabilly']	[2017]	1	0
0XHiH53dHrvbwfjYM7en7I	Chris Cornell	['alternative metal', 'alternative rock', 'grunge', 'hard rock', 'nu metal', 'post-grunge', 'rock']	[2017]	1	0
3iri9nBFs9e4wN7PLIetAw	gnash	['alt z', 'pop']	[2017]	1	1
1QRj3hoop9Mv5VvHQkwPEp	Olivia O'Brien	['alt z', 'pop']	[2017]	1	1
5X1JzPIIonP3u9lA580pPT	Francesco Yates	['canadian pop']	[2017]	1	1
1xU878Z1QtBldR7ru9owdU	Phoenix	['alternative dance', 'indie rock', 'modern rock', 'new rave', 'rock independant francais']	[2017]	1	0
1v3tdpIdBSW14rHUfiEVOv	Lauren Alaina	['contemporary country', 'country', 'country dawn', 'country road']	[2017]	1	1
5T0MSzX9RC5NA6gAI6irSn	Estelle	['neo soul', 'r&b']	[2017]	1	1
4PVn1b2WnnXdq80C7uaZLZ	Nause	[]	[2017]	1	1
4bvWFV51SAEocM22uiDOza	Pretty Sister	['la pop']	[2017]	1	1
13kKxNPnxPeeWQaAaZwvCP	Callie Hernandez	[]	[2017]	1	1
4FFGJ9ERSX06Sl8hD7GRVv	Sonoya Mizuno	[]	[2017]	1	1
21yiGQIpkiP8edfxDipQaW	Jessica Rothe	[]	[2017]	1	1
3jGlU8UMMo44I2xeLQ6FD3	Dalmata	['reggaeton', 'urbano latino']	[2017, 2018]	1	1
0PFtn5NtBbbUNbU9EAmIWF	TOTO	['album rock', 'classic rock', 'hard rock', 'mellow gold', 'rock', 'soft rock', 'yacht rock']	[2017, 2018, 2019, 2020]	1	0
0vbEs3DgphJ2RGZqh4qFLT	Anita Kerr Singers	['easy listening']	[2017]	1	0
0NKDgy9j66h3DLnN8qu1bB	Eurythmics	['dance rock', 'new romantic', 'new wave', 'new wave pop', 'soft rock', 'sophisti-pop', 'synthpop']	[2017, 2018, 2020, 2021]	1	1
5MspMQqdVbdwP6ax3GXqum	Annie Lennox	['new romantic', 'new wave', 'new wave pop', 'singer-songwriter', 'soft rock', 'synthpop']	[2017, 2018, 2020, 2021]	1	1
7gcCQIlkkfbul5Mt0jBQkg	Dave Stewart	['new wave pop', 'rock keyboard']	[2017, 2018, 2020, 2021]	1	1
7xEFii6utZmQ61kX59HmLH	FRENSHIP	['electropop', 'indie poptimism', 'la pop']	[2017]	1	1
49O0SPoCoTiK2Nn2tOaHyU	Knox Fortune	['chicago indie']	[2017]	1	1
602DnpaSXJB4b9DZrvxbDc	Peggy Lee	['adult standards', 'torch song', 'vocal jazz']	[2017]	1	0
1xHQO9GJIW9OXHxGBISYc5	Marian Hill	['electropop']	[2017]	1	0
5sK8BsvyDl4TFA6KaBf8or	Charly Black	['dancehall', 'jamaican dancehall']	[2017]	1	1
6wMr4zKPrrR0UVz08WtUWc	Black Coffee	['south african house', 'south african pop', 'south african pop dance']	[2017]	1	1
3zrUX1hQrUB9aXcOiyQLmN	Stanaj	[]	[2017]	1	1
3c55dzx6W0ZFs0frtEgIsm	Sunstroke Project	['moldovan pop']	[2017]	1	0
3rIZMv9rysU7JkLzEaC5Jp	Snow Patrol	['irish rock', 'modern rock', 'neo mellow', 'permanent wave', 'pop rock']	[2017]	1	0
3OpnoUqoRIHWbsFs4Nw0NQ	Nat King Cole Trio	['adult standards', 'lounge', 'swing', 'vocal jazz']	[2017, 2018, 2019, 2020]	1	0
05o1zW8b6PV6rEquXr74sB	State of Sound	['swedish tropical house']	[2017]	1	0
6ioOEWNNGK40H8xrGj6XPW	XYLØ	['alt z', 'indie poptimism', 'la pop']	[2017]	1	1
2W6kbe0nm96COrHzNmfLLd	MC Fioti	['funk carioca', 'funk ostentacao', 'funk paulista']	[2017, 2018]	1	1
3GtCKJA4SkOxN65MWjm82R	Hot Shade	[]	[2017]	1	1
3ATyg4fGC9F8trfb0GRWmX	Joey Montana	['latin pop', 'reggaeton', 'urbano latino']	[2017, 2018]	1	1
0pt7PX4Hftlg8mV1ySU84Q	CVBZ	['dark r&b']	[2017, 2018]	1	1
4L1YBxxAxQx0HG8lgPcFcJ	Damian Lemar Hudson	[]	[2017]	1	1
3qMyym6ov558YgVuOOscEm	Blanche	[]	[2017]	1	0
36jaGQtMj5UWD0eO1fCVdD	Joel Adams	['australian pop', 'pop soul', 'teen pop']	[2017]	1	0
3Nipsl6GVwwGyeAk0J29C6	MC G15	['funk carioca', 'funk mtg', 'funk ostentacao', 'funk paulista', 'sertanejo universitario']	[2017]	1	0
7eCmccnRwPmRnWPw61x6jM	shy martin	['alt z', 'swedish electropop']	[2017]	1	1
1LKo6ZA3RNvKtLa6zDu32S	Kranium	['basshall', 'dancehall']	[2017]	1	1
0xA8Rmfl9di0sVaPl9AyR9	DJ Yuri Martins	['funk carioca']	[2017, 2018]	1	1
5lpH0xAS4fVfLkACg9DAuM	Wham!	['new romantic', 'new wave', 'new wave pop', 'soft rock']	[2017, 2018, 2019, 2020, 2021]	1	0
6gK1Uct5FEdaUWRWpU4Cl2	Petit Biscuit	['new french touch']	[2017]	1	0
6xHUXzrfhFgnIv86EBR3Ml	kai	[]	[2017]	1	1
00tVTdpEhQQw1bqdu8RCx2	Blue Öyster Cult	['album rock', 'classic rock', 'glam metal', 'hard rock', 'progressive rock', 'rock']	[2017, 2018, 2020]	1	0
7mnAzEmgquhrVtGob81SmO	Big Shaq	['london rap']	[2017, 2018]	1	0
7jdFEYD2LTYjfwxOdlVjmc	KALEO	['icelandic indie', 'icelandic rock', 'modern alternative rock']	[2017]	1	0
2JyWXPbkqI5ZJa3gwqVa0c	Craig David	['british soul']	[2017]	1	1
4H1PNuHElBLVok0lnYMrRb	Dyo	['alte']	[2017]	1	1
0CjWKoS55T7DOt0HJuwF1H	Bipolar Sunshine	['gauze pop']	[2017]	1	1
2hWs22BmQkK4czFtDLnar2	Rob $tone	['san diego rap', 'viral trap']	[2017]	1	1
1rs3y69kDwkIdGJcOYngQt	J. Davi$	[]	[2017]	1	1
36Tn5h23ysORlLKc42UXfe	J Spooks	[]	[2017]	1	1
0AJUYWKztkg5dnrHDIBv47	MiC LOWRY	[]	[2017]	1	0
62DmErcU7dqZbJaDqwsqzR	Popcaan	['dancehall', 'jamaican hip hop', 'reggae fusion', 'traphall']	[2017]	1	1
5ixB75BQR3ADoWQkcHQJTs	Gene Autry	['classic oklahoma country', 'cowboy western', 'traditional country', 'western swing', 'yodeling']	[2017, 2018, 2019, 2020, 2021]	1	0
3gbaHBYDy62irTs0ZsHNmi	Wiktoria	['melodipop', 'swedish pop']	[2017]	1	0
1Z8ODXyhEBi3WynYw0Rya6	De La Soul	['east coast hip hop', 'golden age hip hop', 'hip hop', 'jazz rap']	[2017]	1	1
0Qpk1IGiZeB6rRhfK4FVDT	Kelvin Mercer	[]	[2017]	1	1
2snm3HmsnDUDxbIChdl2Oj	Justin Hurwitz	['hollywood', 'movie tunes', 'soundtrack']	[2017]	1	0
4RVnAU35WRWra6OZ3CbbMA	Kylie Minogue	['australian dance', 'australian pop', 'dance pop', 'eurodance', 'new wave pop']	[2017, 2018, 2019, 2020, 2021]	1	0
1mSJCvDX0W7Dn7S9C6vmvI	Anna of the North	['electropop', 'vapor pop']	[2017]	1	1
4phGZZrJZRo4ElhRtViYdl	Jason Mraz	['acoustic pop', 'dance pop', 'neo mellow', 'pop']	[2017, 2018, 2019, 2020]	1	0
6O2zJ0tId7g07yzHtX0yap	Mobb Deep	['east coast hip hop', 'hardcore hip hop', 'hip hop', 'queens hip hop']	[2017]	1	0
7gP3bB2nilZXLfPHJhMdvc	Foster The People	['indietronica', 'modern alternative rock', 'modern rock', 'rock']	[2017, 2018, 2019, 2020, 2021]	1	0
0vneleczrRRNPF1vj0x0vy	The Harlem Community Choir	[]	[2017, 2018, 2019]	1	1
4m2kfAHEnK7Z7qLGxeWtro	The Plastic Ono Band	['beatlesque', 'experimental rock']	[2017, 2018, 2019]	1	1
5gw5ANPCVcxU0maLiGRzzP	Billy Raffoul	['canadian pop']	[2017, 2018]	1	1
2iojnBLj0qIMiKPvVhLnsH	Trey Songz	['dance pop', 'r&b', 'southern hip hop', 'trap', 'urban contemporary']	[2017]	1	1
1Fr6agZ6iSM5Ynn2k4C8sc	VÉRITÉ	['alt z', 'brooklyn indie', 'dark pop', 'electropop', 'indie poptimism', 'metropopolis', 'nyc pop', 'vapor pop']	[2017]	1	0
7nKeLE1toRtW4M279iS26h	Zay Hilfigerrr	['viral trap']	[2017]	1	1
5AsWcQXw4RJFRWBbwa0ti0	Zayion McCall	[]	[2017]	1	1
0fs8oBR1rx7JIXZi75h7Uu	Bahari	['alt z', 'la pop']	[2017]	1	1
1v3r802Az10JtIzSPawWzw	Neil deGrasse Tyson	[]	[2017]	1	1
7aBzpmFXB4WWpPl2F7RjBe	Wyclef Jean	['rap kreyol']	[2017, 2018, 2020, 2021]	1	1
7KUri7klyLaIFXLcuuOMCd	Stargate	['norwegian pop']	[2017]	1	1
6FB9Zw1TSMrw3LIzIvlNGG	Nathaniel Alford	[]	[2017]	1	1
1WdM0BAEXN9RpUdPOzEZdx	Twice As Nice	[]	[2017]	1	1
3iN9k8uvm4WrgdlOigOH8D	Hook N Sling	['australian dance', 'progressive electro house']	[2017]	1	1
6T70tWxqyIpdVbsFvPzqM3	La La Land Cast	[]	[2017]	1	0
0GfYO21pue5u0sVEYk9HZO	Salvador Sobral	['portuguese pop']	[2017]	1	0
0DdDnziut7wOo6cAYWVZC5	KREAM	['pop dance']	[2017]	1	1
6RHKEd9dpzQ4c09x8Zdaxu	Clara Mae	['alt z', 'swedish pop']	[2017]	1	1
0SD4eZCN4Kr0wQk56hCdh2	Bonnie Tyler	['europop', 'new wave pop', 'soft rock']	[2017]	1	0
3RGLhK1IP9jnYFH4BRFJBS	The Clash	['alternative rock', 'permanent wave', 'punk', 'rock']	[2017, 2018]	1	0
2kucQ9jQwuD8jWdtR9Ef38	Sam Hunt	['contemporary country', 'country', 'country pop']	[2017, 2018]	1	0
25tMQOrIU4LlUo6Sv8v5SE	Gavin James	['irish pop']	[2017]	1	1
1svaANJTE5KrG16fTGDqOs	The Puppini Sisters	['easy listening', 'swing', 'swing revival']	[2017, 2018, 2019, 2020, 2021]	1	1
188VINPQh5dyNfLUkevKqf	Olivia Holt	['alt z', 'post-teen pop']	[2017]	1	0
00Z3UDoAQwzvGu13HoAM7J	Skizzy Mars	['indie pop rap']	[2017]	1	1
2DzRMyWgjuMbYvt5BLbpCo	Anthony Hamilton	['contemporary r&b', 'neo soul', 'new jack swing', 'r&b', 'urban contemporary']	[2017]	1	1
0b2GL7Y02vu50qieoQmw1w	IAmChino	['cubaton', 'reggaeton']	[2017]	1	1
1xFn1xod58AGaSZjrxdiXA	El Chacal	['cubaton']	[2017]	1	1
7dbKeVkihtOifdiu7f3rUg	Lou Monte	['novelty']	[2017]	1	1
2qkfMoOIz3BqLD91C1B09a	Joe Reisman's Orchestra and Chorus	[]	[2017]	1	1
7x8MuRMbm9XIldHSJOtoNo	22 Savage	['baton rouge rap']	[2017]	1	0
3TaUSUXn41GixL7zbvrIDt	A-Trak	['canadian electronic', 'edm', 'electro house', 'electronic trap', 'turntablism']	[2017]	1	1
0jNDKefhfSbLR9sFvcPLHo	San Holo	['brostep', 'edm', 'electro house', 'electronic trap', 'future bass', 'pop dance']	[2017]	1	0
3oDbviiivRWhXwIE8hxkVV	The Beach Boys	['baroque pop', 'classic rock', 'folk rock', 'mellow gold', 'psychedelic rock', 'rock', 'sunshine pop']	[2017, 2018, 2019, 2020, 2021]	1	0
2sil8z5kiy4r76CRTXxBCA	The Goo Goo Dolls	['neo mellow', 'permanent wave', 'pop rock', 'post-grunge']	[2017, 2018]	1	0
7yO4IdJjCEPz7YgZMe25iS	A$AP Mob	['hip hop', 'rap', 'southern hip hop', 'trap']	[2017]	1	1
5JSXWmQO8csVUy6hSRu8TA	Maty Noyes	['alt z']	[2017]	1	1
2WoVwexZuODvclzULjPQtm	Sampha	['alternative r&b', 'indie soul']	[2017]	1	1
1b4DN8Vj0dnj5cceMFsRYN	Dante Klein	['deep tropical house', 'dutch house', 'pop edm']	[2017]	1	1
2apYMRrg5FxN4go0pfsCvf	Melanie Thornton	[]	[2017, 2018, 2019, 2020, 2021]	1	0
5e4Dhzv426EvQe3aDb64jL	Shania Twain	['canadian country', 'canadian pop', 'contemporary country', 'country', 'country dawn']	[2017, 2018, 2019, 2020, 2021]	1	1
0OROVBEZCocg0FcgJpyBse	Alex Sensation	['reggaeton']	[2017, 2018]	1	1
3EA9hVIzKfFiQI0Kikz2wo	Andrea Bocelli	['classical tenor', 'italian tenor', 'operatic pop']	[2017]	1	1
3whuHq0yGx60atvA2RCVRW	Olly Murs	['dance pop', 'pop', 'talent show']	[2017]	1	1
2DzbXUAn0DiYqcgu2wDfaf	Coely	['belgian hip hop', 'belgian rock']	[2017]	1	1
4N874uPqBka1QiCvnCVOtr	Phoebe Ryan	['alt z', 'indie poptimism']	[2017]	1	1
23sYU61n9f1CzYi8NJhAXS	Towkio	['chicago rap']	[2017]	1	1
7H55rcKCfwqkyDFH9wpKM6	Christina Perri	['pop']	[2017, 2018, 2019, 2021]	1	0
1CQLPgGkfHrxNMqrXt5oWS	Robin Bengtsson	['swedish idol pop', 'swedish pop']	[2017]	1	0
1G9G7WwrXka3Z1r7aIDjI7	Outkast	['atl hip hop', 'dirty south rap', 'hip hop', 'old school atlanta hip hop', 'rap', 'southern hip hop']	[2017, 2018, 2019, 2020, 2021]	1	0
1AwO9pWEBSBoWdEZu28XDC	Eartha Kitt	['torch song', 'vocal jazz']	[2017, 2018, 2019, 2020, 2021]	1	1
0oK8UXKZbQezeRhE0KeBAV	Henri René and His Orchestra	"[""man's orchestra""]"	[2017, 2018, 2019, 2020, 2021]	1	1
2fC8dVxeS2bsfIDvFj1M4V	Christian Daniel	['latin arena pop', 'puerto rican pop']	[2017, 2018]	1	1
5bv5RplEOwdCvhq0EILh9E	Lucenzo	['reggaeton']	[2017, 2021, 2022]	1	1
0rvjqX7ttXeg3mTy8Xscbt	Journey	['album rock', 'classic rock', 'hard rock', 'heartland rock', 'mellow gold', 'rock', 'soft rock']	[2017, 2018, 2019, 2020, 2021, 2022]	1	0
2pQAUIesBqfT87PaM1ijtk	Trap Capos	['reggaeton', 'reggaeton flow', 'trap latino', 'urbano latino']	[2017]	1	1
3XHO7cRUPCLOr6jwp8vsx5	alt-J	['indie rock', 'indietronica', 'modern alternative rock', 'modern rock', 'rock']	[2017]	1	0
5Gejwv3xz2DpLcxVpMD6hL	Thurl Ravenscroft	['movie tunes']	[2017, 2018, 2019, 2020, 2021]	1	0
02uYdhMhCgdB49hZlYRm9o	Eagles Of Death Metal	['garage rock', 'garage rock revival', 'modern blues rock', 'palm desert scene']	[2017]	1	1
2f9ZiYA2ic1r1voObUimdd	Grace Jones	['art pop']	[2017]	1	1
5FQ8tBUtIamA2hRtatrYUF	Marc Seguí	['spanish pop']	[2021, 2022]	1	1
1aMt4A5jrQHxDYyC7rXgV0	Pol Granch	['spanish pop']	[2021, 2022]	1	1
22wbnEMDvgVIAGdFeek6ET	Benson Boone	['singer-songwriter pop']	[2021, 2022]	1	0
6TLwD7HPWuiOzvXEa3oCNe	Oliver Tree	['alternative hip hop']	[2021, 2022]	1	0
66ihevNkSYNzRAl44dx6jJ	Carin Leon	['banda', 'corrido', 'musica mexicana', 'nueva musica mexicana', 'sad sierreno', 'sierreno']	[2022]	1	1
2Go6wC0GsnkVeRoVwh8rqX	Olga Merediz	[]	[2022]	1	1
2AsusXITU8P25dlRNhcAbG	Gotye	['australian pop']	[2021, 2022]	1	1
6hk7Yq1DU9QcCCrz9uc0Ti	Kimbra	['bergen indie', 'electropop', 'nz pop']	[2021, 2022]	1	1
5sSzCxHtgL82pYDvx2QyEU	Devi Sri Prasad	['tollywood']	[2022]	1	1
7qjJw7ZM2ekDSahLXPjIlN	Sid Sriram	['filmi']	[2022]	1	1
3qiHUAX7zY4Qnjx8TNUzVx	Yeat	['pluggnb', 'rage rap']	[2022]	1	0
1NRzxuPpdGushT8YmF5NAa	Edison Lighthouse	[]	[2022]	1	0
5ENS85nZShljwNgg4wFD7D	Gabry Ponte	['eurodance', 'italo dance', 'slap house']	[2021, 2022]	1	1
0TKFPt9w0AAEnhB9bd0pLy	LUM!X	['melbourne bounce international', 'slap house']	[2021, 2022]	1	1
3iMzbvXlgNUpoFccD60bvr	Prezioso	['italo dance']	[2021, 2022]	1	1
71szvmFWd7TUa7b6XmXj9k	Emmy Meli	[]	[2021, 2022]	1	0
0hDjKSKjl1DC7ovYTDJHe8	Bruno Major	['singer-songwriter pop']	[2021, 2022]	1	0
2BM933ADIluGGrPBOhPgIt	SiM	['japanese metalcore', 'japanese screamo']	[2022]	1	0
6QrQ7OrISRYIfS5mtacaw2	Jaymes Young	['indie poptimism']	[2021, 2022]	1	0
7iTLGcddv1bOPirdYJjKVy	Dj Yo!	[]	[2021, 2022]	1	1
5fUXK5m3BNwoRgTyKq8tnz	AX'EL	[]	[2021, 2022]	1	1
64H8UqGLbJFHwKtGxiV8OP	THE ANXIETY	['modern alternative pop']	[2021, 2022]	1	1
1xoxekeb8jUVHKJB7m6bfg	Tyler Cole	['bedroom soul']	[2021, 2022]	1	1
0guw2RGoUqaWKpoCY5DzWY	MC Levin	['funk carioca', 'funk mtg']	[2021, 2022]	1	1
23buF7CmOZll8oQveAvsut	DJ Nikolas Alves Exclusive	[]	[2021, 2022]	1	1
1aQbanZ6xPrOtTYtsMdm3Q	DJ Kaioken	[]	[2021, 2022]	1	1
2BvV4u6AUwFCrAriUIo9Sm	DJ Gege	[]	[2021, 2022]	1	1
7h1amg0X7Q5d0D5KfuyKTg	Dylan	['italian hip hop', 'trap italiana']	[2022]	1	1
3whgFbrRxsOmYVrq3t4hCY	Paulo Pires	['arrocha', 'arrochadeira', 'piseiro']	[2021, 2022]	1	1
2MUXvv3lFulPYMUCtNrEBu	DJ Patrick Muniz	['deboxe', 'funk mandelao', 'funk mtg', 'funk viral']	[2021, 2022]	1	1
6akRUh5g0XiVQaZj6U23fd	Dj Olliver	[]	[2021, 2022]	1	1
6bmZfABIjvLMAMYwujdjFy	Mc Topre	['deboxe', 'funk 150 bpm', 'funk mtg']	[2021, 2022]	1	1
6ZiGAU6TJQEyidFQ22eIOS	Mc Rennan	['deboxe', 'funk mtg', 'rave funk']	[2021, 2022]	1	1
5R7AMwDeroq6Ls0COQYpS4	Kep1er	['k-pop']	[2022]	1	0
0IEzMvarfVycBJAXjjEZOL	La Pantera	['rap canario']	[2022]	1	1
52iwsT98xCoGgiGntTiR7K	Quevedo	['rap canario', 'trap latino', 'urbano latino']	[2022]	1	1
5kgDdP7a4TsvkF08gpJGX0	Juseph	[]	[2022]	1	1
2D8UzkIVdg1bj0Iqz6gjk0	Abhir Hathi	['urbano espanol']	[2022]	1	1
0adJG3bdFTHCkTY28NkY4u	Bejo	['rap canario', 'spanish hip hop', 'urbano espanol']	[2022]	1	1
00vsUIEaNHw6qoQnh8DQM2	EL IMA	[]	[2022]	1	1
0YmQyGKpZgGSDxsC8iEGQU	La rappresentante di lista	['indie siciliano', 'italian alternative', 'italian indie pop', 'italian pop']	[2022]	1	0
7c53ZFyajVMTo08HmvoB6b	zzoilo	[]	[2021, 2022]	1	1
4zCH9qm4R2DADamUHMCa6O	Anirudh Ravichander	['desi hip hop', 'filmi', 'tamil hip hop']	[2022]	1	1
00sCATpEvwH48ays7PlQFU	Jonita Gandhi	['desi pop', 'filmi', 'modern bollywood']	[2022]	1	1
2QWIScpFDNxmS6ZEMIUvgm	Julieta Venegas	['latin alternative', 'latin pop', 'latin rock', 'rock en espanol']	[2021, 2022]	1	1
13GA8qxVLDZs0oh1zZ872C	GoldSkull	[]	[2021, 2022]	1	0
68PYmgkbRP1qZnEWOry7sB	Chefin	['funk carioca', 'trap brasileiro']	[2022]	1	1
1BEUkE2CSUgHTLSBMZdnFB	Mae Muller	['uk contemporary r&b', 'uk pop']	[2021, 2022]	1	1
2T1se5h5FRkw7ZfR7yxdlm	Tayrone	['arrocha']	[2022]	1	1
056KMTw6IztdQjBmFfVyO3	Rkomi	['italian hip hop', 'italian pop']	[2022]	1	0
7muPB2GhV0sEg2K1Fgj0Xm	Dargen D'Amico	['italian adult pop', 'italian hip hop', 'italian pop', 'milan indie', 'r&b italiano']	[2022]	1	0
2WzaAvm2bBCf4pEhyuDgCY	Ruth B.	['alt z', 'canadian contemporary r&b', 'canadian pop', 'pop']	[2021, 2022]	1	0
3JsHnjpbhX4SnySpvpa9DK	V	['j-division', 'korean ost']	[2021, 2022]	1	0
4KDxYlnGZEiS60pAnfZf4W	Avine Vinny	['arrocha']	[2021, 2022]	1	1
2txHhyCwHjUEpJjWrEyqyX	Tom Odell	['chill pop']	[2021, 2022]	1	0
6RHTUrRF63xao58xh9FXYJ	IVE	['k-pop girl group']	[2021, 2022]	1	0
5yOvAmpIR7hVxiS6Ls5DPO	Omah Lay	['afrobeats', 'nigerian pop']	[2022]	1	1
7cYZ8F0N2jby95FsxU9hh4	Cornelia Jakobs	['swedish pop']	[2022]	1	0
7o2ZQYM7nTsaVdkXY38UAA	Em Beihold	['alt z', 'gen z singer-songwriter']	[2022]	1	0
4pnp4w9g30yLfVIAFnZMRd	ACRAZE	['pop dance', 'tech house']	[2021, 2022]	1	1
1c70yCa8sRgIiQxl3HOEFo	Cherish	['atl hip hop', 'girl group', 'hip pop', 'r&b', 'southern hip hop', 'urban contemporary']	[2021, 2022]	1	1
7f5Zgnp2spUuuzKplmRkt7	Lost Frequencies	['belgian edm', 'edm', 'pop dance', 'tropical house']	[2021, 2022]	1	1
56ZTgzPBDge0OvCGgMO3OY	Beach House	['art pop', 'baltimore indie', 'dream pop', 'dreamo', 'indie pop', 'indie rock', 'indietronica', 'modern dream pop', 'pov: indie']	[2022]	1	0
2yMN0IP20GOaN6q0p0zL5k	Tarkan	['turkish pop']	[2022]	1	0
6QMABvTzixnxzsLYyhqRxI	Majestic	['uk dance']	[2021, 2022]	1	1
2W8yFh0Ga6Yf3jiayVxwkE	Dove Cameron	['pop']	[2022]	1	0
6LEG9Ld1aLImEFEVHdWNSB	AP Dhillon	['desi hip hop', 'desi pop', 'punjabi hip hop', 'punjabi pop']	[2022]	1	1
5DHi2MeoRgAwPE0A0qwRMl	Gurinder Gill	['punjabi hip hop']	[2022]	1	1
0OS0NZnK7TGIAWx8MkWNFN	Intense	['punjabi pop']	[2022]	1	1
7tjVFCxJdwT4NdrTmjyjQ6	Muni Long	['indie r&b']	[2022]	1	0
6vVztIuqdDHvYWxOEXCzjN	SALES	['indie pop', 'orlando indie']	[2021, 2022]	1	0
16oZKvXb6WkQlVAjwo2Wbg	The Lumineers	['folk-pop', 'modern rock', 'neo mellow', 'stomp and holler']	[2022]	1	0
3tQzzidoPfVifoURnDfgmD	t-low	['german hip hop', 'german trap']	[2022]	1	1
1gJdf4Yybu4X5A2xYV3NMV	Eden Muñoz	['corrido', 'nueva musica mexicana', 'sierreno']	[2022]	1	0
1h6Cn3P4NGzXbaXidqURXs	Swedish House Mafia	['edm', 'pop dance', 'progressive electro house']	[2021, 2022]	1	1
3CIIaeZuFYrAD6PRVyuO4U	Felipe Amorim	['arrocha', 'arrochadeira']	[2021, 2022]	1	0
08Ld63UgKrJ0nZnCkzHtzc	Project Pat	['crunk', 'dirty south rap', 'gangster rap', 'memphis hip hop', 'trap']	[2021, 2022]	1	1
2iDVt6mFbtbDEZG5ax0dTi	Tulus	['indonesian jazz', 'indonesian pop', 'indonesian singer-songwriter']	[2022]	1	0
67lytN32YpUxiSeWlKfHJ3	Yung Lean	['cloud rap', 'psychedelic hip hop', 'underground hip hop']	[2022]	1	0
0TO6y1x0LQodwBnxGtQu9o	shadowraze	['russian drain', 'russian hip hop']	[2022]	1	0
1gALaWbNDnwS2ECV09sn2A	Nightcrawlers	['disco house', 'hip house', 'uk dance', 'vocal house']	[2021, 2022]	1	1
4L2dV3zY7RmkeiNO035Fi0	Mufasa & Hypeman	[]	[2021, 2022]	1	1
3Edve4VIATi0OZngclQlkN	Dopamine	[]	[2021, 2022]	1	1
6HaGTQPmzraVmaVxvz6EUc	Jung Kook	['k-pop']	[2022]	1	0
7gIeuq2qBfYhO1budb6TSQ	DG e Batidão Stronda	['arrocha', 'arrochadeira']	[2022]	1	1
2KEqzdPS7M5YwGmiuPTdr5	Rina Sawayama	['art pop', 'electropop', 'indie pop']	[2022]	1	1
3KonOYiLsU53m4yT7gNotP	TREASURE	['k-pop', 'k-pop boy group']	[2022]	1	0
2mpeljBig2IXLXRAFO9AAs	Dido	['dance pop', 'europop', 'lilith', 'neo mellow', 'pop rock']	[2022]	1	1
28ot3wh4oNmoFOdVajibBl	NMIXX	['k-pop', 'k-pop girl group']	[2022]	1	0
2ARH58Hit3yC6ziGdhma23	Elisa	['italian adult pop', 'italian pop']	[2022]	1	0
6ulkDr2Bnu7Qlbrs5iDOF1	MC Teteu	['funk mtg', 'rave funk']	[2022]	1	1
17CbKzT0I4256iVuPvrZXr	Dj Serpinha	['funk mandelao']	[2022]	1	1
3uwAm6vQy7kWPS2bciKWx9	girl in red	['alt z', 'bedroom pop', 'indie pop', 'norwegian indie', 'pop', 'pov: indie']	[2021, 2022]	1	0
5J7rXWjtn5HzUkJ4Jet8Fr	Alvaro Diaz	['trap boricua', 'urbano latino']	[2022]	1	1
75VKfyoBlkmrJFDqo1o2VY	Fireboy DML	['afrobeats', 'nigerian pop']	[2021, 2022]	1	1
04uu8U3I1h26Fp2NBkPTRZ	Sam Tompkins	['singer-songwriter pop']	[2022]	1	1
29PgYEggDV3cDP9QYTogwv	Carolina Gaitán - La Gaita	['movie tunes']	[2021, 2022]	1	1
36CUTsdtNgCwMq6zKD1l8I	Mauro Castillo	['modern salsa', 'movie tunes', 'salsa colombiana']	[2021, 2022]	1	1
72kqSqk124Vnl1wtT6q9Fh	Adassa	['movie tunes']	[2021, 2022]	1	1
2as15AH2BTrPk8v4gyElmr	Rhenzy Feliz	[]	[2021, 2022]	1	1
1rIc4yTieeRq25NA3T8RQ5	DJ Matt D	['funk consciente']	[2021, 2022]	1	1
78Y1NpgD0yMKoBetaYlUzS	Menor MC	['funk paulista']	[2021, 2022]	1	1
5s27i7oqhNWIcE4HeoVdq0	MC GP	['funk consciente', 'funk paulista']	[2021, 2022]	1	1
27azwwkxutWL1BWMkgNIh0	Vulgo FK	['trap brasileiro']	[2021, 2022]	1	1
1Kjs5u8GQf6zCFdTj6SI9E	Malik Montana	['polish drill', 'polish hip hop', 'polish trap']	[2022]	1	1
6nStjcAtMWhraEtrTrePkl	DaChoyce	[]	[2022]	1	1
5r3fI2q1YU3QyVP7oncOQ9	The Plug	['uk hip hop']	[2022]	1	1
164Uj4eKjl6zTBKfJLFKKK	JVKE	['modern indie pop', 'pov: indie', 'singer-songwriter pop']	[2022]	1	0
3GMoVpWJy4smKuxFuFTwXC	Roger	['funk', 'new jack swing', 'p funk', 'post-disco', 'quiet storm']	[2022]	1	1
2kxP07DLgs4xlWz8YHlvfh	NIKI	['indonesian r&b']	[2022]	1	0
5YwzDz4RJfTiMHS4tdR5Lf	Xamã	['brazilian hip hop', 'trap brasileiro']	[2021, 2022]	1	1
0nzfP49X2nrzmmkwZf180L	Gustah	[]	[2021, 2022]	1	1
2450WxbFxHjnttFAv31zGk	Bagua Records	['pop rap brasileiro']	[2021, 2022]	1	1
2jzc5TC5TVFLXQlBNiIUzE	a-ha	['new romantic', 'new wave', 'new wave pop', 'permanent wave', 'synthpop']	[2018, 2019, 2020, 2021, 2022]	1	0
1TA5sGRlKUJXBN4ZyJuDIX	Blessd	['reggaeton', 'urbano latino']	[2021, 2022]	1	1
33NVpKoXjItPwUJTMZIOiY	David Kushner	['gen z singer-songwriter']	[2022]	1	0
1Yj5Xey7kTwvZla8sqdsdE	Cris Mj	['mambo chileno', 'urbano chileno']	[2022]	1	0
5vQfv3s2Z2SRdPZKr82ABw	Dzeko	['canadian electronic', 'dutch house', 'edm', 'electro house', 'pop dance', 'progressive electro house']	[2018, 2019]	1	1
0bdJZl7TDeiymDYzMJnVh2	Preme	['canadian hip hop', 'canadian trap', 'toronto rap']	[2018, 2019]	1	1
5JMLG56F1X5mFmWNmS0iAp	Chelsea Cutler	['alt z']	[2019]	1	1
4NZvixzsSefsNiIqXn0NDe	Maggie Rogers	['indie pop']	[2019]	1	0
0MsXN56oNCyqorqEPViWgQ	Carlos Santana	[]	[2019]	1	1
3aGFCoR8xGN6DKwvdzeSja	ILOVEMAKONNEN	['atl hip hop', 'lgbtq+ hip hop', 'trap']	[2019]	1	1
05oH07COxkXKIMt6mIPRee	Brandy	['contemporary r&b', 'dance pop', 'hip pop', 'r&b', 'urban contemporary']	[2019]	1	1
5nki7yRhxgM509M5ADlN1p	Oliver Heldens	['dutch house', 'edm', 'electro house', 'future house', 'house', 'pop dance', 'progressive electro house', 'progressive house']	[2019, 2020]	1	1
6YqhcZlSE8ugUcmoHLw9gz	Vula	[]	[2019, 2020]	1	1
1oMiDFyAgmIzw9ZBQYHOJI	El Guincho	['deep latin alternative', 'musica canaria']	[2019, 2020]	1	1
0chh7dlaUzEreDTulHiOlm	KEiiNO	['norwegian pop', 'sami']	[2019]	1	0
3OhUwA1syjRoS0WdUL0ATz	Guayna	[]	[2019]	1	0
5vBrKGOjN10BMwB0cJADj4	bülow	['alt z', 'indietronica']	[2019]	1	1
7mnBLXK823vNxN3UWB7Gfz	The Black Keys	['alternative rock', 'blues rock', 'garage rock', 'indie rock', 'indietronica', 'modern blues rock', 'modern rock', 'punk blues', 'rock', 'roots rock']	[2019]	1	0
5GqnSMX8p2hxqsM6LqDty3	MC JottaPê	['agronejo', 'arrochadeira', 'funk carioca', 'funk paulista']	[2019]	1	1
2kMDiFDvjMOoLfcZbLgA6s	MC M10	['rave funk']	[2019]	1	1
1q7T9rFQ2a2ukA1PU51fo3	Koba LaD	['french hip hop', 'pop urbaine', 'rap francais']	[2019]	1	1
63XBtGSEZINSyXylZxEUbv	Victoria Monét	['alternative r&b']	[2019]	1	1
2OaHYHb2XcFPvqL3VsyPzU	Rico Nasty	['alternative r&b', 'trap queen']	[2019]	1	1
5MS6HieNmKxzkAM8amE8sr	Rebecca	['funk 150 bpm', 'funk carioca', 'pop lgbtq+ brasileira']	[2019, 2020]	1	1
5fikk4h5qbEebqK2Fc6e48	En Vogue	['contemporary r&b', 'girl group', 'hip pop', 'new jack swing', 'r&b', 'urban contemporary']	[2019]	1	1
4x3CdMQ3YjnPn4Evhyni5y	Kierra Sheard	['gospel', 'gospel r&b']	[2019]	1	1
6tkyhGe9hGI3Lcfo4gVh6Z	ChocQuibTown	['colombian hip hop', 'colombian pop', 'latin alternative', 'reggaeton colombiano', 'salsa choke']	[2019]	1	1
6SGvRyZuaSuWmP6IWUKpGf	Kenny Man	['panamanian pop']	[2019]	1	0
2gyv1akuIB9fQvXoGSPaJr	Big Freedia	['bounce', 'escape room', 'lgbtq+ hip hop', 'new orleans rap', 'trap queen']	[2019]	1	1
1ybINI1qPiFbwDXamRtwxD	Smino	['alternative r&b']	[2019]	1	1
04vj3iPUiVh5melWr0w3xT	Christine and the Queens	['art pop', 'electro-pop francais', 'metropopolis', 'shimmer pop']	[2019]	1	1
1igVsxmGxt1VTKPulM0EuA	Jungleboi	[]	[2019]	1	1
1zEo6Fk1iaaOYFlFPBHCFn	Humberto & Ronaldo	['sertanejo', 'sertanejo pop', 'sertanejo universitario']	[2018, 2019]	1	1
0lHB0Qc4pmD5RkTLlHeESo	MC L da Vinte	['funk bh', 'funk carioca', 'funk mtg', 'funk rj']	[2018, 2019]	1	1
6fOyYqdh6p0ZWLs9zUDoyt	MC Gury	['funk carioca', 'funk mtg', 'funk paulista']	[2018, 2019]	1	1
0GOx72r5AAEKRGQFn3xqXK	GIMS	['french hip hop', 'french pop', 'r&b francais', 'rap conscient']	[2019]	1	1
1XKjtpH5P81gpOXDB91IEB	Miami Yacine	['albanian hip hop', 'german hip hop']	[2019]	1	0
62LemAG4wIcb6yOmxz0nIE	Luciano	[]	[2019]	1	1
47RPLpnGhBRTjQrRBOev9s	Xavier Naidoo	['german pop']	[2019]	1	1
6xerOqBLmelL3xZNZkVbGl	João Gustavo e Murilo	['sertanejo', 'sertanejo pop', 'sertanejo universitario']	[2019]	1	1
4LTPxLxjiT5pzYd5WZAR3v	Analaga	[]	[2019]	1	1
5hPHLE5ssifxHX5bhK8iXR	FP do Trem Bala	['funk carioca', 'funk rj']	[2019]	1	1
7pLntWGInZPQxc4kXxzzjB	Liz Gillies	[]	[2018, 2019, 2020, 2021]	1	1
14scxEoUN7Dcx1m4EQ7oHe	Ashley O	[]	[2019]	1	0
4rojTfP5nRkmYpdSbWQgV4	Death Stranding: Timefall	['video game music']	[2019]	1	1
19HFRWmRCl27kTk6LeqAO8	MORTEN	['danish electronic', 'scandipop']	[2019]	1	1
2c9O21YLFy4tFI9zCVhbFg	Sunday Service Choir	[]	[2019]	1	1
3QTDHixorJelOLxoxcjqGx	SiR	['alternative r&b', 'la pop']	[2019]	1	1
3PkzH3nruSQEb164tyPPJT	Sodré	[]	[2019]	1	1
39uOfkRb9XnAEW9zs3JCbb	Big Rube	['atl hip hop']	[2019]	1	1
3bnpcWBcvlfq4hPFJjNPbz	SAFE	['canadian hip hop']	[2019]	1	1
5oFkj1qSlyBUmV5d6Edgtq	Cozz	['underground hip hop']	[2019]	1	1
4bMNzAopkqYTwkBLwMKsF1	Childish Major	['trap soul', 'underground hip hop']	[2019]	1	1
1vIuPjtFhqIPE2n9W2ePgO	Noonie Bao	['swedish indie pop']	[2019]	1	1
1OHw2r7Diz2rc9JktaFV6N	Erika Sirola	['finnish pop']	[2019]	1	1
6tt0iYnpHERj05WATWRiom	Bantu	['zimdancehall']	[2018, 2019]	1	1
1r3tpVQ08jFAA2P4xzV5o4	Gaby Music	['pop reggaeton']	[2019]	1	1
2J257euzcjnDLipsyJH3F2	Clipse	['alternative hip hop', 'hardcore hip hop', 'hip hop', 'southern hip hop', 'virginia hip hop']	[2019]	1	1
6I3M904Y9IwgDjrQ9pANiB	Kenny G	['smooth jazz', 'smooth saxophone']	[2019]	1	1
0JYmighF3zbuA81Di54CZN	S-X	['instrumental grime']	[2019]	1	1
47uyFQHOD02S0lj9ptRpoB	Felipe Araújo	['arrocha', 'sertanejo', 'sertanejo universitario']	[2018, 2019]	1	1
5ZfBThYiIIhL7jHMG8gDB2	Ferrugem	['pagode', 'pagode novo', 'sertanejo universitario']	[2018, 2019]	1	1
7ecRwFks8F2vYad383BkKf	Rennan da Penha	['funk 150 bpm', 'funk carioca', 'funk rj']	[2019]	1	1
3gIRvgZssIb9aiirIg0nI3	Jeremy Zucker	['alt z', 'electropop', 'pop']	[2019, 2020]	1	0
75WcpJKWXBV3o3cfluWapK	Lute	['indie hip hop', 'north carolina hip hop', 'underground hip hop']	[2019]	1	1
2Zi3RrdQqk63Xj0914STkS	Naomi Scott	['movie tunes', 'post-teen pop', 'vapor pop']	[2019]	1	0
2y1VzMKAa5nmfXKtJL9jnj	Murda	['basshall', 'turkish hip hop', 'turkish trap']	[2019]	1	1
36SRwzRkX5zW3ABjJrevqX	Dadá Boladão	['brega funk']	[2019, 2020]	1	1
0e68cnJyUTJu1nEuxxMSLm	Tati Zaqui	['funk carioca']	[2019, 2020]	1	1
1B5n6jsxvFldc6Nq8Wx8VJ	OIK	[]	[2019, 2020]	1	1
2tcoLkA9Hexz70Kuc1NTUl	Gradur	['french hip hop', 'pop urbaine', 'r&b francais', 'rap francais']	[2019, 2020]	1	1
0oSGxfWSnnOXhD2fKuz2Gy	David Bowie	['art rock', 'classic rock', 'glam rock', 'permanent wave', 'rock']	[2018, 2019, 2020, 2021]	1	1
7xX15v6ahAkcT14kHfB9wB	True Damage	['k-rap']	[2019]	1	1
2YFBOR9KIxC6WqHclkj9Yq	Keke Palmer	['pop r&b', 'post-teen pop', 'r&b']	[2019]	1	1
6Xg22wJOAcnvPUfk5WvODH	JEON SOYEON	['k-pop']	[2019]	1	1
6I3MElirhT5t6Kf7p0hGk9	Duckwrth	['alternative r&b']	[2019]	1	1
1igl9M102nuD96lo3ZoW5d	Thutmose	[]	[2019]	1	1
77qukKzmdI5BeMBR7WGUrN	Aaron Smith	['chicago house']	[2019]	1	1
17TFSnqADESRM8BPSaM5aB	Krono	[]	[2019]	1	1
6dqohi36avY0M9urnyhITr	Luvli	[]	[2019]	1	1
5JbALDn35ZrLwVAle4xVqZ	Luca Hänni	['german pop']	[2019]	1	0
0HU0U9kdXEHZVxUNbuQe8S	Donny Hathaway	['chicago soul', 'classic soul', 'funk', 'neo soul', 'quiet storm', 'soul', 'southern soul']	[2018, 2019, 2020, 2021]	1	0
1aQwKFn00nswXRDUDipm0K	Gaullin	['lithuanian edm', 'lithuanian electronic']	[2019]	1	0
7meyrw7Or5DwteYxDJrkCM	YK Osiris	['melodic rap', 'trap']	[2019]	1	1
07qgzS86XBNsyrY6MAVDAc	Sodré	['funk carioca']	[2019, 2020]	1	1
3XV0lFzNs8BCTwhJTcMiBr	Blue Ivy	[]	[2019]	1	1
5LUxu287CsPM7jy3yS3l86	Şanışer	['turkish hip hop']	[2019]	1	1
0JnDkp29FlLpGwsnub400t	Kamufle	['turkish hip hop']	[2019]	1	1
5YP7LI1ddSh4JFYe03h7ue	Mert Şenel	['turkish hip hop']	[2019]	1	1
7xoGvuN5XfZ3T4dZoJvMCr	Mirac	['turkish hip hop']	[2019]	1	1
3QKeYTHlgDrec7FDej6XiN	Aga B	['turkish hip hop']	[2019]	1	1
5piE2MZ1wGpBjpDud8kTOS	Defkhan	['turkish hip hop']	[2019]	1	1
2sjnyyL9NXijL3Fr2eLikf	Aspova	['turkish hip hop']	[2019]	1	1
08zaslX1yBxta9zqc2yoWJ	Yeis Sensura	['turkish hip hop']	[2019]	1	1
6P5Tw2kwv3BAa3iONsQe9x	Sehabe	['turkish hip hop']	[2019]	1	1
4TdvNk4wmn5DgBFiLDeCj0	Deniz Tekin	['turkish alt pop', 'turkish rock']	[2019]	1	1
4DG2pTwQBor7a6wtoEABau	Ozbi	['turkish hip hop', 'turkish rock']	[2019]	1	1
7ouCgJkxRBIJljUiQVJK65	Sokrat St	['turkish hip hop']	[2019]	1	1
7KNe21hAKV93GU7joDCs7e	Tahribad-ı İsyan	['turkish hip hop']	[2019]	1	1
6Qhj2IvvWhPa0OgHHruMRL	Beta	[]	[2019]	1	1
14obHIpcXd2SsTyR9VBsLL	Server Uraz	['turkish hip hop', 'turkish trap']	[2019]	1	1
6I65kFgfXDWx56jwnip3TU	Hayki	['turkish hip hop', 'turkish trap']	[2019]	1	1
4jtv7mIerRdHNQOkFtKyDW	Ados	['turkish hip hop']	[2019]	1	1
6tRmpYzDIjWoRHzbJO7Cpx	Fuat	['turkish hip hop']	[2019]	1	1
4K9aclpXgCPNFGEqRlFPal	Peter Manos	[]	[2018, 2019]	1	0
7AzjETXRUKNRSJHMW9GIqd	Nina Nesbitt	['alt z', 'neo-singer-songwriter', 'uk pop']	[2018, 2019]	1	0
5sRQkVexJlax2iISuqL8cV	Kalazh44	['german drill', 'german hip hop']	[2019]	1	1
1FmxE030Xe2H8Bn9bdv6Pd	Vanessa Paradis	['chanson', 'french pop']	[2019]	1	1
5wTdspmxzb8V4ZjvDodpBo	A Touch Of Class	['europop']	[2019]	1	1
03bmDyr8klGV17DKQnPZVA	Joshi Mizu	['german hip hop']	[2019]	1	1
5BvJzeQpmsdsFp4HGUYUEx	Vampire Weekend	['baroque pop', 'chamber pop', 'garage rock', 'indie rock', 'indietronica', 'modern rock', 'stomp and holler']	[2019]	1	0
0FVsUxcFSlxwIM7Qs31s6J	Billy Eichner	['movie tunes']	[2019]	1	1
7xX39IyguhWsTIg4eU2reH	Seth Rogen	['movie tunes']	[2019]	1	1
25IG9fa7cbdmCIy3OnuH57	The Chicks	['contemporary country', 'country', 'country dawn']	[2019]	1	1
3wtMPMvPtiFylbnNXF6CAj	Afro Bros	['basshall', 'dutch hip hop', 'dutch house']	[2019]	1	1
4pwXiI7Z5ZStkgKowZyoKi	Like Mike	['belgian edm']	[2019]	1	1
4Mt1ci7cKg2DpDS5kJ5mHS	Animus	['german hip hop']	[2019]	1	1
3S6gaE89XewFAvZqsMuJDJ	Norm Ender	['turkish hip hop', 'turkish trap']	[2019]	1	0
2HUwZ0kumzCSlhFcjFZfpp	Flipp Dinero	['melodic rap', 'trap']	[2018, 2019]	1	0
6v4PBIzRAGaLp43LVureQc	MC Du Black	['funk carioca']	[2019]	1	1
3tkq9ZnBaejLPLRpg8kGET	DJ 2F	['brega funk', 'funk consciente']	[2019]	1	1
6CqjoQyGZlnhnq5gAUz92c	Taylor Bennett	['chicago rap', 'drill', 'lgbtq+ hip hop']	[2019]	1	1
05fo024EFotg9songSENOZ	CocoRosie	['art pop', 'folktronica', 'freak folk', 'new weird america']	[2019]	1	1
3MyB0MyKec3Jq0AH2llk7v	Evan Rachel Wood	['hollywood', 'movie tunes']	[2019]	1	1
0zoMmzmyi8N8LwzhyXPvtk	Mara Sattei	['italian hip hop', 'italian pop']	[2019]	1	1
28ztjHIXceRRntmTUfnmUX	Khaled	['classic arab pop', 'rai']	[2019]	1	1
65CKKZilbcSKkAPC9a5Mvh	Oumou Sangaré	['afropop', 'malian blues', 'mande pop', 'wassoulou', 'world']	[2019]	1	1
3IrUyDPQlQFcB5lMWhPml2	SSIO	['afghan rap', 'german hip hop', 'hamburg hip hop']	[2019]	1	0
3XC57xz74X3xUi1hv4mge1	Winona Oak	['swedish pop']	[2018, 2019]	1	1
6kYViCeiqcUZXgPVdCIKBi	Flyboy Tarantino	[]	[2019]	1	1
57SA5Qv24Vydwd6bJnV8fI	Kid Trunks	['asian american hip hop', 'dark trap', 'underground hip hop']	[2019]	1	1
1aWJsBQa67l72j1VT3D6Ow	Micro TDH	['trap latino', 'trap venezolano', 'urbano latino', 'venezuelan hip hop']	[2019]	1	1
2ndyVAdV9UqF1XjyTJt484	Fred Hammond	['gospel']	[2019]	1	1
2gsggkzM5R49q6jpPvazou	Jessie J	['dance pop', 'pop']	[2018, 2019, 2020]	1	0
3Mn6d673ieRza7uw6zY2Zv	Hava	['frauenrap', 'german hip hop']	[2019]	1	1
4HzKw8XcD0piJmDrrPRCYk	Majid Jordan	['canadian contemporary r&b']	[2019]	1	1
2X97ZAqRKRMYFIDqtvGgGc	Silk City	['edm']	[2018, 2019]	1	1
66W9LaWS0DPdL7Sz8iYGYe	JP Saxe	['alt z', 'canadian contemporary r&b', 'singer-songwriter pop']	[2019, 2020, 2021]	1	1
2gtmbs0Uas9TBSMqkA4zjE	Data Luv	['german hip hop']	[2019]	1	1
6289Bbkkk3gaCbh1K7Rv8F	Izi	['indie liguria', 'italian hip hop', 'italian pop', 'rap genovese', 'trap italiana']	[2019]	1	1
7ciBW1p3KBsYIkFk4UmwS8	The Rudeboyz	[]	[2019]	1	1
2QUvtLq6oQaX0LNsYY2fas	Cauty	['reggaeton', 'reggaeton flow', 'trap latino', 'urbano latino']	[2019]	1	1
0vZAzVAFQL1gKLBPfnXMaS	Jack The Smoker	['italian hip hop', 'italian underground hip hop']	[2019]	1	1
6ZpOQK1OKdCybuOgMkdbUh	Beba	['italian hip hop', 'italian pop']	[2019]	1	1
71sg3tAkpnG5jjfNWFX8zo	Reddz	[]	[2019]	1	1
6RedK3o51NbUJuJxXlT4kj	88-Keys	['alternative hip hop']	[2019]	1	1
4FZ3j1oH43e7cukCALsCwf	Jack White	['alternative rock', 'blues rock', 'garage rock', 'garage rock revival', 'indie rock', 'modern blues rock', 'modern rock', 'punk blues', 'rock']	[2019]	1	1
11LbPHLi2sCqOVjknt0jmW	John Lundvik	['swedish pop']	[2019]	1	0
3lY9Fxceu60W1rbon7PkuF	Omar Montes	['flamenco urbano', 'urbano espanol']	[2019]	1	1
4F4pp8NUW08JuXwnoxglpN	Bad Gyal	['neoperreo', 'rap catala', 'rap latina', 'trap catala', 'urbano espanol']	[2019]	1	1
0ffKEtMDnROKWyJtXUnLbJ	Dani Faiv	['italian hip hop']	[2019]	1	1
0vaKiuLwFJLVU664A8GTjE	Jace	['deep underground hip hop']	[2019]	1	1
30C5wgn4celhRP3Tytv7R6	Mez	['north carolina hip hop']	[2019]	1	1
5BHFSMEjfLVx1JwRWjAOsE	SuperM	['k-pop']	[2019]	1	0
3OxZ4asD88P1lJJmLcXz4K	Márcia Fellipe	[]	[2018, 2019]	1	1
5XnIjshjqYVE2eDVgSt9Ro	Mel & Kim	[]	[2018, 2019]	1	0
0HS00NN7MAfF59aJnfcxSO	Stephanie Poetri	['indonesian pop']	[2019]	1	0
1jIVEaq8GmqMYb8nFNAZgb	Seezyn	['cincinnati rap']	[2019]	1	1
3OBsADexDJ29wg3OGVoAji	Zoink Gang	[]	[2019]	1	1
6xS5PpBWaVYraexEkEjjXv	Maxo Kream	['houston rap', 'melodic rap', 'trap', 'underground hip hop']	[2019]	1	1
31JFnMfmvwzZGdEnXaKGek	Herve Pagez	['musique guadeloupe']	[2019]	1	1
3s8alQfNnY0roAHaJh7Xxt	Dom Kennedy	['soul flow', 'underground hip hop']	[2019]	1	1
5qa31A9HySw3T7MKWI9bGg	FLETCHER	['alt z', 'pop']	[2019]	1	0
0YrtvWJMgSdVrk3SfNjTbx	Death Cab for Cutie	['alternative rock', 'chamber pop', 'indie rock', 'indietronica', 'modern rock', 'seattle indie', 'washington indie']	[2019]	1	1
3v6Ji4uoWtKRkhuDUaxi9n	Dynoro	['edm']	[2018, 2019, 2020]	1	1
1OAjDaKgg00KCUYqDe68un	Gigi D'Agostino	['eurodance', 'italo dance']	[2018, 2019, 2020]	1	1
3ApUX1o6oSz321MMECyIYd	Quinn XCII	['indie pop rap']	[2019]	1	1
6g5SF1Yz63eoPUnJgRHfrz	Hell Raton	['italian hip hop', 'rap sardegna']	[2019]	1	1
5f6nz3iqzrfiUfKOIKvLvd	Nemir	['french hip hop', 'rap calme']	[2019]	1	1
2TWBei99x2tV70bdYbWdAf	Dayvi	['circuit', 'guaracha']	[2019, 2020]	1	1
0cCNT5RyWndpS7Zx7ISEDw	Kelly Ruíz	['guaracha']	[2019, 2020]	1	1
00TKPo9MxwZ0j4ooveIxWZ	Loote	['alt z', 'nyc pop']	[2019]	1	1
6t9tbRO9Lv6Oq6xtVwfdrn	Theresa Rex	['scandipop']	[2019]	1	1
6FBDaR13swtiWwGhX1WQsP	blink-182	['alternative metal', 'modern rock', 'pop punk', 'punk', 'rock', 'socal pop punk']	[2019]	1	0
5QzDzXfXC5lepOBeQXBiVO	Marciano Cantero	[]	[2019]	1	1
6vPXtLmNd3mW0dd1Rb9eQ9	Don Patricio	['rap canario', 'urbano espanol']	[2019]	1	1
6lEhBhAv6HOopjXssi09cq	TisaKorean	['houston rap', 'viral rap']	[2019]	1	1
5FxshnB3eJ2YDn8xN8zDKq	Hannah Kerr	['anthem worship', 'ccm']	[2018, 2019]	1	0
5fSVkkuijRIpxuvSqysYiP	Snøw	['sad lo-fi', 'sad rap']	[2019, 2020, 2021]	1	1
4mN0qcMxWX8oToqfDPM5yV	José José	['bolero', 'cancion melodica', 'ranchera']	[2019]	1	0
5am174Lmun3hIziU9H2p7H	Chris King	[]	[2019]	1	1
2kuTXO1yl1horIqmc9JQnI	Quan'ta	[]	[2019]	1	1
0rlKkLkpsCnJbZethGBfAk	Captain Cuts	['pop edm']	[2019]	1	1
5mYakBbBzPMQTfkVMIgiDM	Georgia Ku	['uk pop']	[2019]	1	1
2SdOKxC1sSxEyv8JYERaNe	RuPaul	['diva house', 'strut']	[2019]	1	1
3FUY2gzHeIiaesXtOAdB7A	Train	['dance pop', 'neo mellow', 'pop', 'pop rock']	[2018, 2019, 2020, 2021]	1	0
77iZVjeYoYSl5P0K9mIiUE	Haze	['latin pop']	[2018, 2019]	1	1
250b0Wlc5Vk0CoUsaCY84M	JENNIE	['k-pop']	[2018, 2019]	1	0
3k3gbUT7bF0jYmFmAKBQtU	Dan Reynolds	[]	[2019]	1	1
2hiq2iBnUik3mrOfEgRSpB	carolesdaughter	['alt z', 'pov: indie']	[2021]	1	0
3Hb64DQZIhDCgyHKrzBXOL	Daði Freyr	['icelandic pop', 'sunnlensk tonlist']	[2021]	1	0
6vHBuUxrcpn1do5UaEJ7g6	Domo Genesis	['alternative hip hop', 'underground hip hop']	[2021]	1	1
7FBcuc1gsnv6Y1nwFtNRCb	My Chemical Romance	['emo', 'modern rock', 'pop punk', 'pov: indie', 'rock']	[2021]	1	0
3Apb2lGmGJaBmr0TTBJvIZ	Rusherking	['trap argentino', 'trap triste']	[2021]	1	1
7Gx2wDVHyW5HJh7dc2t5h7	Lil Zey	['turkce kadin rap', 'turkish hip hop', 'turkish trap']	[2021]	1	1
4FlG0V0jhLO4qGpayFOphj	EST Gee	['kentucky hip hop', 'memphis hip hop']	[2021]	1	1
3k68C6mNMJL6OaAdWeW2ZF	Diego & Victor Hugo	['arrocha', 'sertanejo', 'sertanejo universitario']	[2021]	1	1
5JXhkyafynxCvxtov7C1PV	Bruno & Marrone	['sertanejo', 'sertanejo universitario']	[2021]	1	1
1D6ueetjwqW491iboMI3NT	Destiny	['maltese pop']	[2021]	1	0
3L58J6a7f0jyy2p6f3MSAs	Blind Channel	['oulu metal', 'trancecore']	[2021]	1	0
0LKAV3zJ8a8AIGnyc5OvfB	SDM	['french hip hop', 'pop urbaine', 'r&b francais', 'rap francais']	[2021]	1	1
7nqOGRxlXj7N2JYbgNEjYH	SEVENTEEN	['k-pop', 'k-pop boy group']	[2021]	1	0
7EWU4FhUJM1sZQgQKdENeT	Hopsin	['conscious hip hop']	[2021]	1	1
6kvvDgFMvd02LlVlGX55GN	Dala	[]	[2021]	1	1
4yJHrytMK7mqtKsXVGaBNg	Fana Hues	['alternative r&b', 'indie r&b']	[2021]	1	1
3fCQnw6VSudXBTN5d2QP2z	Gary Lightbody	['british singer-songwriter']	[2021]	1	1
2WgfkM8S11vg4kxLgDY3F5	StarBoi3	['viral rap']	[2021]	1	1
4B3aifxHtpcKHuNi12lmSt	WATTS	[]	[2021]	1	1
7jZM5w05mGhw6wTB1okhD9	ATB	['german dance', 'german techno', 'german trance', 'trance']	[2021]	1	1
5Dl3HXZjG6ZOWT5cV375lk	Yo-Yo Ma	['chamber ensemble', 'classical cello', 'classical performance']	[2021]	1	1
3rROvEsUJJ9y55g1PLaA16	Robert Trujillo	[]	[2021]	1	1
4DW34vji6G9GgGY0k2mic7	Chad Smith	['rock drums']	[2021]	1	1
2SJhf6rTOU53g8yBdAjPby	SoFaygo	['glitchcore', 'plugg', 'rage rap']	[2021]	1	1
2p4aN0Uxkk3iT3HK0cJ2cJ	Tokischa	['rap latina', 'trap dominicano']	[2021]	1	1
2uYWxilOVlUdk4oV9DvwqK	Mitski	['brooklyn indie', 'pov: indie']	[2021]	1	0
2KX2VLr3Eu6sn6EtxzCtvf	Colapesce	['indie siciliano', 'italian adult pop', 'italian alternative', 'italian indie pop', 'italian pop']	[2021]	1	1
1k3zqz5SgrYCE0wpcfJX3g	Dimartino	['indie siciliano', 'italian alternative', 'italian indie pop']	[2021]	1	1
2LkkwxA19J8C52wPQl5bG6	Jamie Miller	['pop soul', 'singer-songwriter pop']	[2021]	1	0
4dM6NDYSfLcspt8GLoT5aE	Hippie Sabotage	['edm', 'electronic trap']	[2021]	1	0
3fll16LLw6kdDxWzSpJPEQ	Malu	['arrocha']	[2021]	1	1
7CSpCpNGTK9589bTi44SzE	BANDIDO	['concurso de talentos argentino']	[2021]	1	1
4IG1SDlwgNKzqTmjBrvY3K	Rei	['trap argentino']	[2021]	1	1
5H4yInM5zmHqpKIoMNAx4r	Central Cee	['melodic drill']	[2021]	1	0
1mV9h1AwhRXSjBFcYpajgY	Mc Lele JP	['funk paulista']	[2021]	1	1
5ZTnWo7IY6rdIxm6aTSR84	Original Quality	[]	[2021]	1	1
4BFLElxtBEdsdwGA1kHTsx	ElGrandeToto	['arabic hip hop', 'rap maroc']	[2021]	1	1
44vREmJC0OlVZjZaGLqVEd	Morray	['pop rap']	[2021]	1	1
213WFYdlgojElnXhDyhwke	Little Nell	['novelty']	[2021]	1	1
7Akz0poR4eUgNM0ciCWqIs	Patricia Quinn	[]	[2021]	1	1
0aIOdrjH5s3hJqxmKoAEUg	Richard O'Brien	['hollywood']	[2021]	1	1
1VPmR4DJC1PlOtd0IADAO0	$uicideboy$	['cloud rap', 'dark trap', 'new orleans rap', 'underground hip hop']	[2021]	1	0
4F84IBURUo98rz4r61KF70	The White Stripes	['alternative rock', 'blues rock', 'detroit rock', 'garage rock', 'modern blues rock', 'permanent wave', 'punk blues', 'rock']	[2021]	1	0
7J0hrNYCO5DgAx0XaRJqkh	Yung Kayo	['rage rap']	[2021]	1	1
72Nhcx7prNk2ZCxhx0Y5es	Amy Grant	['christian music']	[2021]	1	0
6lay1nwbE6hTx1jivysUAL	Princess Nokia	['alternative r&b', 'escape room', 'lgbtq+ hip hop', 'trap queen']	[2021]	1	1
7pwufEBGfggjoI8twqlsmQ	Nessa Barrett	['social media pop']	[2021]	1	0
4np9Zzw0SEYQLcGv28P51q	TRAVI	[]	[2021]	1	1
0dvFTsuG02c4cRbcSQ8zE6	Yak Gotti	['atl trap']	[2021]	1	1
46HzS7yz0c9udVwtbHk1sx	Cochise	['plugg', 'pluggnb', 'rage rap']	[2021]	1	1
4kvCU3MzggM2piZCqvxj0x	Go_A	['ukrainian viral pop']	[2021]	1	0
6gLW5LlLEXdtWaS0EWfzaJ	Jorge	['sertanejo universitario']	[2021]	1	1
5lTjv8Ag00qHSGhvK4JbeF	Justin Wellington	['melanesian pop', 'pacific islands pop', 'png pop']	[2021]	1	1
6c8akjSeJQw2NYemV6qVT8	Small Jam	['solomon islands pop']	[2021]	1	1
34G31kGbSQmemVlI0G784o	THE ROOP	['lithuanian rock']	[2021]	1	0
53rBi3LpNcMJUTSANS6uYT	DAISY WORLD	[]	[2021]	1	1
0MIG6gMcQTSvFbKvUwK0id	Mata	['polish hip hop', 'polish trap']	[2021]	1	1
2LI7lXaNJU420lffFWJUcT	Pedro	['polish hip hop']	[2021]	1	1
6HdxibJzoNkDUUDHagx3Ko	francis	['polish hip hop']	[2021]	1	1
3M9XAM57a4qFz3v6Lq27t2	Kellin Quinn	[]	[2021]	1	1
0X3nsc84A9qlFilmlWNwQb	Scorey	['upstate ny rap']	[2021]	1	1
0fGcIStdT1OpFFhOC7Wp36	Teezo Touchdown	['chill abstract hip hop', 'indie hip hop']	[2021]	1	1
2IMZYfNi21MGqxopj9fWx8	Rels B	['r&b en espanol', 'spanish hip hop', 'trap latino', 'urbano espanol', 'urbano latino']	[2021]	1	1
6aaMZ3fcfLv4tEbmY7bjRM	Isaiah Rashad	['hip hop', 'indie hip hop', 'rap', 'tennessee hip hop', 'underground hip hop']	[2021]	1	1
0NIPkIjTV8mB795yEIiPYL	Wallows	['pov: indie']	[2020, 2021]	1	1
0tvpihdAsKiNnP6sWS3jUI	TroyBoi	['bass trap', 'electronic trap']	[2021]	1	1
2ydZrTy8U3kOMOzx20s3dg	DJ Nelson	['reggaeton', 'urbano latino']	[2020, 2021]	1	1
0KKUc4amZyvswV2YL6WTar	Mariah Angeliq	['rap latina', 'trap latino', 'urbano latino']	[2021]	1	1
4f7KfxeHq9BiylGmyXepGt	Tanishk Bagchi	['desi pop', 'filmi', 'modern bollywood']	[2021]	1	1
1tqysapcCh1lWEAc9dIFpa	Jubin Nautiyal	['desi pop', 'filmi', 'hare krishna', 'modern bollywood']	[2021]	1	1
1sVmXkzX2ukc6QvasrDBES	Asees Kaur	['desi pop', 'filmi', 'modern bollywood']	[2021]	1	1
4TgsxeFPNtkZ5lneq9AceU	Elena Tsagrinou	['greek pop']	[2021]	1	0
4az97MtWmBQ5Db3GfDh9j9	Morad	['drill espanol', 'urbano espanol']	[2021]	1	1
2AMeiDbfU2vonrTkpXDKUu	Kay Flock	['bronx drill', 'melodic drill', 'new york drill']	[2021]	1	1
7M83IzPXGA4ClZJ5reW2Ro	Douglas & Vinicius	['arrocha', 'sertanejo pop']	[2020, 2021]	1	1
7pnTkKShdYS8BnmTHhcEaa	Ben Burgess	['texas country']	[2021]	1	1
19ra5tSw0tWufvUp8GotLo	George Michael	['new wave pop']	[2021]	1	0
7f02bxFbZIOVdSbYRNYvLT	Jerry Di	['cubaton', 'pop venezolano', 'trap latino', 'urbano latino']	[2020, 2021]	1	0
3L4wiBOSDLkJ18OISXZDA8	Barbara Pravi	['french pop', 'nouvelle chanson francaise']	[2021]	1	0
6aZyMrc4doVtZyKNilOmwu	Colbie Caillat	['dance pop', 'neo mellow', 'pop']	[2021]	1	1
3DCWeG2J1fZeu0Oe6i5Q6m	PLK	['french hip hop', 'pop urbaine', 'rap conscient', 'rap francais']	[2021]	1	1
0bBz5bRBkExaej2HxtVfCw	347aidan	['sad rap']	[2020, 2021]	1	0
3IYUhFvPQItj6xySrBmZkd	Creedence Clearwater Revival	['classic rock', 'country rock', 'rock', 'southern rock', 'swamp rock']	[2021]	1	0
22jNvLBrXGKr4CcV2tw8Ag	Jonas Esticado	['arrocha']	[2020, 2021]	1	0
3JfbHWZ07sSBjbojTU2hAt	Dj Adoni	['dembow dominicano']	[2021]	1	1
7m0BsF0t3K9WQFgKoPejfk	ArrDee	['uk hip hop']	[2021]	1	1
63ebc5zUpJ36aoTDQJHa9B	E1 (3x3)	[]	[2021]	1	1
2uIRmVaCVpHQjaVgph5clS	ZT (3x3)	[]	[2021]	1	1
4Dokdwa3WB7ilQ2c2qvIBL	Bugzy Malone	['grime', 'manchester hip hop', 'uk hip hop']	[2021]	1	1
5AiY4bxeXerLXx03JADdQv	Buni	['uk drill']	[2021]	1	1
4QSTyDpxsKmv3UfavVUImR	Darkoo	['afrobeats', 'afroswing', 'london rap', 'uk hip hop']	[2021]	1	1
60df5JBRRPcnSpsIMxxwQm	Otis Redding	['classic soul', 'memphis soul', 'soul', 'soul blues', 'southern soul', 'vocal jazz']	[2020, 2021]	1	0
22hWz22JAmIhIEp0u1X01L	DUSTY LOCANE	['new york drill']	[2021]	1	0
6gGJH7joTDx9M3xREiAq9U	Petter Ferraz	[]	[2020, 2021]	1	1
0xTWPVQfXgaj6Je1inSRKw	Menor Nico	[]	[2020, 2021]	1	1
7cVZApDoQZpS447nHTsNqu	LeeHi	['k-pop']	[2021]	1	0
3JSSjGYcIkgsrz7892CelT	Ed Maverick	['chihuahua indie', 'indie triste', 'mexican indie']	[2021]	1	1
6CPZWzcKiOKkHn4L2XI4i2	cakal	['turkce drill']	[2021]	1	0
14qypx78D3Jd1mm7c2BqQb	T-Shyne	['atl trap']	[2021]	1	1
335TWGWGFan4vaacJzSiU8	A. G. Cook	['bubblegum bass', 'escape room', 'hyperpop', 'proto-hyperpop']	[2021]	1	1
3Oim8XBPbznAa8Jj8QzNc8	Cults	['experimental pop', 'indie surf']	[2021]	1	1
4vpGVGgxSDcCTmqYbsOnsn	Amber Coffman	['art pop']	[2021]	1	1
1APMveRvLxWAB5AI0j11DD	Trei Degete	[]	[2021]	1	1
0xECfhlRzRRIIe2Co5HX6n	Squeezie	['chanson virale']	[2021]	1	1
3QFiymmbJlVBPpnrOatEAk	Myd	['filter house', 'french indie pop', 'french indietronica', 'new french touch']	[2021]	1	1
7B53Suqn5TsVu6S6gIgqeA	KronoMuzik	[]	[2021]	1	1
7FMscVRC6dsjpDpgt1r4Hn	Jeff Costa	['arrochadeira']	[2021]	1	1
38KSpOSYnwQX9zcOcVKdym	Frauenarzt	[]	[2021]	1	1
4axKuDPr6WKcDCyh8vueTY	Luar La L	['trap latino', 'urbano latino']	[2021]	1	1
4riOEaOW5hCeqomFDBk0aP	Rochy RD	['dembow', 'rap dominicano', 'trap latino']	[2021]	1	1
0Njy6yR9LykNKYg9yE23QN	Nardo Wick	['florida drill', 'florida rap']	[2021]	1	1
1KP6TWI40m7p3QBTU6u2xo	BØRNS	['indie poptimism', 'indietronica', 'modern alternative rock', 'modern rock', 'pov: indie']	[2020, 2021]	1	0
0e86yPdC41PGRkLp2Q1Bph	Mother Mother	['pov: indie', 'vancouver indie']	[2020, 2021]	1	0
2jw70GZXlAI8QzWeY2bgRc	Nelly Furtado	['canadian latin', 'canadian pop', 'dance pop', 'pop']	[2020, 2021]	1	1
35GL8Cu2GKTcHzKGi75xl5	Jennifer Hudson	['dance pop', 'r&b', 'urban contemporary']	[2020, 2021]	1	1
3p3jPcp8b7WL9XYj4xlsWj	Snow Tha Product	['alternative r&b', 'rap latina', 'trap queen']	[2021]	1	1
2h6hAChW74hB9HvrNoK1RY	Quarterhead	['tech house']	[2020, 2021]	1	1
2fsk4VlJdNF6G8cCMDrrzB	Norma Jean Martine	['nyc pop']	[2020, 2021]	1	1
0DjQFfVxBipTFTXRCwImMP	Mc Anjim	['funk bh', 'funk mtg', 'funk viral', 'rap mineiro']	[2021]	1	1
01CFmzv28eTtJAjhrvOsiW	Dj Lv Mdp	['funk bh', 'funk mtg']	[2021]	1	1
7Dq3oCz43MCuWBRgWTltZI	DJ PH DA SERRA	['funk bh', 'funk mtg']	[2021]	1	1
5Rj6rNR8zIlUUDCs1OyPmW	MYA	['pop argentino']	[2021]	1	1
7wU2WGCJ8HxkekHHE2QLul	Fuego	['electro latino', 'rap dominicano', 'trap latino']	[2021]	1	1
1vgQksyJ0IVz8y9XerEOy3	Madame	['italian adult pop', 'italian hip hop', 'italian pop', 'trap italiana']	[2021]	1	0
28ie4NNTa2VW2QV4Zray8M	Mc Poze do Rodo	['funk carioca']	[2021]	1	1
2zjdf1M6DGPcBFnvEYmydy	John Amplificado	['arrocha']	[2021]	1	0
3GxKJzJK4LpsYGXQrw77wz	Mimi Webb	['alt z', 'gen z singer-songwriter', 'uk pop']	[2021]	1	0
2l35CQqtYRh3d8ZIiBep4v	MKTO	['pop', 'post-teen pop']	[2021]	1	0
736JbivCkAkdLP9xOA3jLs	Th CDM	['arrochadeira', 'brega funk']	[2021]	1	0
2YkKzgHa7xT6aW8QaSsQMd	Kitty Kat	['frauenrap']	[2021]	1	1
3xs0LEzcPXtgNfMNcHzLIP	Rockwell	[]	[2021]	1	0
0uq5PttqEjj3IH1bzwcrXF	Spice Girls	['dance pop', 'girl group', 'pop']	[2021]	1	0
33tFkBLsl6f8TjKkV0uF0C	Lovejoy	['pixel', 'pov: indie']	[2021]	1	0
5oNgAs7j5XcBMzWv3HAnHG	DJ Drama	['dirty south rap', 'philly rap', 'southern hip hop', 'trap']	[2021]	1	1
7Lk9V7E1u5gqSHmtcKlOqH	Sara Kays	['alt z', 'gen z singer-songwriter', 'modern indie pop']	[2021]	1	0
7s3eCGNZMrwUQraXlocCBv	Bizzy Banks	['brooklyn drill', 'new york drill']	[2021]	1	1
6wlk4iqaEgEvADMVG6QMd8	James Gillespie	['indie anthem-folk']	[2021]	1	1
6bmlMHgSheBauioMgKv2tn	Powfu	['sad lo-fi', 'sad rap']	[2020, 2021]	1	1
35l9BRT7MXmM8bv2WDQiyB	beabadoobee	['bedroom pop', 'bubblegrunge', 'indie pop', 'pov: indie']	[2020, 2021]	1	1
3qi5fhSI6aUecvRN0XqIJ2	MistaJam	[]	[2021]	1	1
48R2gYdPKtfnfKAzhSVPUx	Migrantes	['cumbia pop']	[2020, 2021]	1	1
7n3wAgh1j3RRbxYzfZTQDF	Alico	[]	[2020, 2021]	1	1
0WjSAbrLXrBIpfWSrZIRi2	XoMusic	[]	[2021]	1	0
1lmU3giNF3CSbkVSQmLpHQ	Surf Mesa	[]	[2020, 2021]	1	1
4ArPQ1Opcksbbf3CPwEjWE	Emilee	['social media pop']	[2020, 2021]	1	1
39af15p0feaAOdL9DTRj3m	JT	[]	[2021]	1	1
4FeLiFUPdxVfFo8oOfA4BH	Rah Swish	['brooklyn drill', 'new york drill', 'nyc rap']	[2021]	1	1
2kCO8LXN1usaOPL3iEE28I	Tai Verdes	['modern indie pop', 'singer-songwriter pop']	[2021]	1	0
5XJDexmWFLWOkjOEjOVX3e	Eladio Carrion	['trap boricua', 'trap latino', 'trap triste', 'urbano latino']	[2021]	1	1
0urTpYCsixqZwgNTkPJOJ4	Aaliyah	['contemporary r&b', 'dance pop', 'hip pop', 'r&b', 'urban contemporary']	[2021]	1	1
6jeg7JBX9J9097esK752iR	Smiley	['canadian hip hop', 'toronto rap']	[2021]	1	1
4BHU68IINW0fZNRIvSOir5	Fat Les	[]	[2021]	1	0
21E3waRsmPlU7jZsS13rcj	Ne-Yo	['dance pop', 'pop', 'r&b', 'urban contemporary']	[2021]	1	1
1ruutHJcECI7cos2n5TqpO	Nayer	['deep dance pop']	[2021]	1	1
4qWnlmXWuGv2TtuxtIWlJX	BANNERS	['indie poptimism']	[2020, 2021]	1	0
3LtYMPncqtiugGwOuuLq3h	Baddiel, Skinner & Lightning Seeds	['football']	[2018, 2021]	1	0
4Euia7UzdRshy1DJOSMTcs	220 KID	['uk dance']	[2021]	1	1
4cfKtwkefMW3aiXtxfw8w6	Nomcebo Zikode	['afro soul', 'south african pop']	[2020, 2021]	1	1
7mEIug7XUlQHikrFxjTWes	Neil Diamond	['adult standards', 'brill building pop', 'folk rock', 'heartland rock', 'mellow gold', 'singer-songwriter', 'soft rock', 'yacht rock']	[2021]	1	0
7d86ERlvO5UG44j7Va0Y0C	Pamungkas	['indonesian pop', 'indonesian singer-songwriter']	[2021]	1	0
3xvaSlT4xsyk6lY1ESOspO	Disney	"[""children's music"", 'movie tunes']"	[2020, 2021]	1	1
4VdV2qRAYBLINR6uU72V1J	Joshua Bassett	['singer-songwriter pop']	[2021]	1	0
2vnB6tuQMaQpORiRdvXF9H	Beach Bunny	['bubblegrunge', 'chicago indie', 'indie pop', 'pov: indie']	[2021]	1	0
1cYhx7ZOhYoVmnDPb9KMwo	Mc Davi	['funk carioca', 'funk paulista']	[2021]	1	1
6Ovxg5WDcnSQc8iQXv0IvI	DJ 900	[]	[2021]	1	1
4wP1kxjUsc9IR4Iy2smL7o	Trinidad Cardona	['sped up']	[2021]	1	0
5K8Rmjmf4RZFffz94EmBRt	Zé Vaqueiro	['arrocha', 'forro de favela']	[2021]	1	0
3TJGVUkSJzk5ZPixMFczZX	Vitor Fernandes	['arrocha']	[2021]	1	1
1BwDWgdDJe3TJXLZkBkpsI	Tusse	['swedish pop']	[2021]	1	0
0IhzJFf4QBEz0ifqLwScKV	Dj GBR	['rave funk']	[2021]	1	1
12j6dJrPXanCBwY599pZxf	Matt Maltese	['indie anthem-folk', 'indie pop', 'pov: indie']	[2021]	1	0
6yJCxee7QumYr820xdIsjo	Zac Brown Band	['contemporary country', 'country', 'country road', 'modern country rock']	[2021]	1	0
0m2Wc2gfNUWaAuBK7URPIJ	Bono	['hollywood']	[2021]	1	1
1X8wFHJFucBUmBc7spQ4jP	The Edge	[]	[2021]	1	1
5BozIJTTNCufaZpjhy2der	DJ Dahi	[]	[2021]	1	1
0lI3rF4hi4op6UxqlLHPzv	Achille Lauro	['italian adult pop', 'italian hip hop', 'italian pop']	[2021]	1	1
6W7O7oseXcbYLoiarQrpOw	Orietta Berti	['classic italian pop']	[2021]	1	1
2bWTIIQP9zaVc55RaMGu7e	Seori	['korean r&b']	[2021]	1	1
7e1ICztHM2Sc4JNLxeMXYl	dvsn	['canadian contemporary r&b', 'r&b']	[2021]	1	1
582KhTHEVOONNQLmQ5612r	Calcutta 	['italian adult pop', 'italian indie pop', 'italian pop', 'rome indie']	[2021]	1	1
3UHc2YZGHYS6TEYMJeDf1D	YG Pablo	['rap belge', 'rap calme']	[2021]	1	1
74V3dE1a51skRkdII8y2C6	André 3000	['atl hip hop', 'dirty south rap', 'hip hop', 'southern hip hop']	[2021]	1	1
7q1aEytv83jXNECmyaMhgn	Costa Gold	['brazilian hip hop', 'trap brasileiro']	[2021]	1	1
5cc7XCY3YdVmFDYw9LklMq	André Nine	['trap brasileiro']	[2021]	1	1
6Ka3TKKRqhWwbmuxjhrmo6	mc jhenny	['funk mandelao', 'funk rj']	[2021]	1	1
5cS7sjRxRrlA7v6uWpEoTb	DJ KOSTA 22	['funk rj']	[2021]	1	1
0f1IECbrVV952unZkzrsg2	Mc Gw	['funk carioca', 'funk mtg', 'funk paulista', 'funk rj']	[2021]	1	1
7kXCcNRLEnblbTAppPraBp	Milly	['urbano latino']	[2021]	1	1
5UN0rzL594mWY2RbOtZqIN	Ptazeta	['rap canario']	[2021]	1	1
2y246nnP9pQT0E6v3ZMMOO	Night Lovell	['aesthetic rap', 'canadian hip hop', 'canadian trap', 'cloud rap', 'dark trap', 'ottawa rap']	[2021]	1	1
3Ns5FA1ANQOzsHLWspsrC6	Doode	['trap brasileiro']	[2021]	1	1
68YeXpLt3jB7JHQS5ZjMGo	Teto	['trap baiano', 'trap brasileiro']	[2021]	1	1
73KwqWuob0R53I14Vs56p9	Jesy Nelson	[]	[2021]	1	1
49UAapOfpOg1ZOU4xf2NgY	Noyz Narcos	['italian hip hop', 'italian underground hip hop']	[2021]	1	1
0Im4XjInyfMuA2lVkalOGK	Carol Richards	[]	[2021]	1	1
4frXpPxQQZwbCu3eTGnZEw	Thundercat	['afrofuturism', 'indie soul']	[2021]	1	1
5K0rbdBrs2tNXe5LeWMATT	Bootsy Collins	['funk', 'p funk', 'soul']	[2021]	1	1
2WInxWtfee6mRhUQUmIRAH	Strick	['atl trap']	[2021]	1	1
4oe1qp9xGSFxMYH4X9AXtl	Efendi	[]	[2021]	1	0
4FUMTycjZlEY6ZxMgqNjC8	Tierry	['arrocha']	[2021]	1	0
7qYeIN2r4H1kBvr0Gm9Iav	Randy	['reggaeton', 'urbano latino']	[2021]	1	1
4HJnsUVBubdKJ2aV0sr48u	Ape Drums	[]	[2021]	1	1
74OaRjmyh0XyRZsQQQ5l7c	Jasleen Royal	['desi pop', 'filmi', 'indian singer-songwriter', 'modern bollywood']	[2021]	1	1
56SjZARoEvag3RoKWIb16j	B Praak	['desi pop', 'filmi', 'punjabi pop']	[2021]	1	1
0bRPtPZQkWHeG7MGk9eWlh	Romy	['modern bollywood']	[2021]	1	1
4nJ0kto93jDLHQKmpGeYS8	Anvita Dutt	[]	[2021]	1	1
6PH3FLQAxtqYy46Zv08bpV	Ivan Cornejo	['sad sierreno']	[2021]	1	0
7gXy60xRcwYujBFoYHnR2O	Big Red Machine	['eau claire indie', 'folktronica']	[2021]	1	1
4qXC0i02bSFstECuXP2ZpL	Blxst	['pop rap', 'westcoast flow']	[2021]	1	1
5PHYg0IcnpyZJ1y9euAx4i	YTB Trench	[]	[2021]	1	1
6utdPEv71mR0DnGp74cJIz	Disney Characters	['movie tunes']	[2021]	1	0
1PbtWtrN7jZpd4toqxrjm2	Lagique	[]	[2021]	1	1
7J0JxtOPMKWufOraoIqjiH	JSX	['cloud rap francais']	[2021]	1	1
1gBUSTR3TyDdTVFIaQnc02	NCT DREAM	['k-pop', 'k-pop boy group']	[2021]	1	0
007FXgr0jLBJxhPJjacXQH	Eric Land	['forro']	[2021]	1	1
36KsCCwgI0Dep97yVJWmkK	Monsieur Periné	['colombian pop', 'gypsy jazz', 'latin alternative']	[2021]	1	1
2Otnykd696YidQYfEGVmNq	Vicente Garcia	['bachata', 'dominican pop', 'reggae en espanol']	[2021]	1	1
5ZY4M2aGiTaZQEP6HfqeJc	Montez	['german hip hop', 'german pop']	[2021]	1	0
0XeEobZplHxzM9QzFQWLiR	Eslabon Armado	['corrido', 'corridos tumbados', 'nueva musica mexicana', 'sad sierreno', 'sierreno']	[2021]	1	1
6ElqtIfQsAkEYypgfJIjeK	DannyLux	['sad sierreno', 'sierreno']	[2021]	1	1
1rAv1GhTQ2rmG94p9lU3rB	Julian Casablancas	['indie rock']	[2021]	1	1
1XynjLPAyPi8SZAx8LHN0Z	Nuka	[]	[2020, 2021]	1	1
1OwYxVDNKP9JtSpp5E0uA4	MC Zaquin	['funk bh', 'funk mtg']	[2021]	1	1
1mvpEXClANunyiHFtAXCxt	MC Rick	['funk bh', 'funk carioca', 'funk mtg']	[2021]	1	1
3Hvx3BM0K4FHBs9J3k8G6V	NGEE	['german hip hop']	[2021]	1	1
6KBhywwNM5dStjqjHeNndc	Jc La Nevula	['dominican pop', 'trap dominicano']	[2021]	1	1
05i5DIXDf4Ai4NEPEi3uBZ	Atomic Otro Way	['dembow', 'rap dominicano']	[2021]	1	1
15ZjD8Gus20Miqw3fdOaXX	Stunna Gambino	['nyc rap']	[2021]	1	1
51DevdOxIJin6DB1FXJpD1	UZI	['turkish trap']	[2021]	1	0
4eYnorQRhVHT2KBl2UyHHd	Vegedream	['french hip hop', 'pop urbaine', 'r&b francais']	[2021]	1	0
5fmvGUlMVgmnCn45f1he7d	Andrew Gold	['underground power pop']	[2021]	1	0
0x7qiZJaal6j8qS7yCydFk	Savage Ga$p	['aesthetic rap']	[2020, 2021]	1	1
62YF0FglEltB3CnVIjoko8	Ingratax	['concurso de talentos argentino', 'urbano mexicano']	[2021]	1	0
0AqlFI0tz2DsEoJlKSIiT9	Emilia	['pop argentino']	[2021]	1	1
5vV3bFXnN6D6N3Nj4xRvaV	JIN	['k-pop']	[2021]	1	0
4hK7sEnm0se5bqoI3Yb5o1	SANTOS	[]	[2021]	1	1
0RIwEP1SaALlxn9jOVqHfA	Gjon's Tears	[]	[2021]	1	0
2PaZWGu5T5nHjY2xxAkFsT	THE SCOTTS	['viral rap']	[2020, 2021]	1	1
7ADRm1oT7VmhRRZrZqycV6	KASIMIR1441	['german alternative rap', 'german hip hop', 'tekk']	[2021]	1	1
7oWrEQO1d3klp0Qrfh7a5h	badmómzjay	['frauenrap', 'german drill', 'german hip hop']	[2021]	1	1
44yXVrsMTsKGUBHZsYFZNq	WILDBWOYS	[]	[2021]	1	1
1TvpKRrUuwpyfFHRC3OJ6N	Grupo F1rmo	[]	[2021]	1	1
2FC37ksP8mB49ORkV2Rojp	Malumma	[]	[2021]	1	1
0NiaKn55OzJswiYevvlKfz	Raí Saia Rodada	['arrocha', 'forro']	[2021]	1	0
0ZCO8oVkMj897cKgFH7fRW	Los Ángeles Azules	['gruperas inmortales', 'musica mexicana', 'nu-cumbia', 'ranchera', 'tropical']	[2020]	1	1
1hcdI2N1023RvSwLzTtdsp	Natalia Lafourcade	['latin alternative', 'latin pop', 'mexican pop', 'rock en espanol', 'veracruz indie']	[2020]	1	1
0L1f9i3L3fkMNENljDOsjG	Rocco Hunt	['italian adult pop', 'italian hip hop', 'italian pop', 'pop virale italiano', 'rap napoletano']	[2020]	1	1
6k8mwkKJKKjBILo7ypBspl	Ana Mena	['spanish pop']	[2020]	1	1
6sFHvCyqklnJpXC9Nh1aag	Alexander 23	['alt z', 'singer-songwriter pop']	[2020]	1	0
4mb1xtQVGSK5dh8AbtwBiR	MC Lan	['funk carioca']	[2020]	1	1
5wV3FoaNbDB6X9INuQvs1K	Bilal Wahib	['dutch hip hop']	[2020]	1	0
6Rmg5JiRphFMlhkwGNl9Fu	Tom Gregory	['uk pop']	[2020]	1	1
0Y30TbA4p8SAfCzy2AFBa8	Yaviah	['latin hip hop', 'reggaeton']	[2020]	1	1
4QrBoWLm2WNlPdbFhmlaUZ	KEVVO	['reggaeton', 'reggaeton flow', 'trap latino', 'urbano latino']	[2020]	1	1
3tXUeiWOSod3mSQ2lOautf	Wes	['cameroonian pop']	[2020]	1	1
1yqxFtPHKcGcv6SXZNdyT9	MK	['house', 'pop dance']	[2020]	1	1
5D9NYfOaGxFKCalJIeia1N	Atlantic Holiday	[]	[2020]	1	1
3SUT1jjM5hzZj9TLfLZGIP	Tego Calderón	['latin hip hop', 'rap boricua', 'reggaeton', 'trap latino', 'urbano latino']	[2020]	1	1
7ACEUD7UsmmXrnj4OLt8f9	twocolors	['edm', 'pop edm']	[2020]	1	0
5M9Bb4adKAgrOFOhc05Y50	Pablo Alborán	['latin arena pop', 'latin pop', 'spanish pop']	[2020]	1	1
7avo0PmlW8O1YLEt9DnWQT	Studio Killers	[]	[2020]	1	0
1kiq2kUV0cbLUhJsr7cpW0	Alida	['norwegian pop']	[2020]	1	1
53EHeXzGs4HheTCTnwfPEr	SFR	[]	[2020]	1	1
5B6H1Dq77AV1LZWrbNsuH5	Jarabe De Palo	['latin alternative', 'latin rock', 'rock en espanol', 'spanish pop', 'spanish rock']	[2020]	1	0
0ffoIkovMbaG01Y6U2jyAS	Andrew Andraos	[]	[2020]	1	1
3tEWysDnxoUDsBi1rUruzj	Esprit Ange Andraos	[]	[2020]	1	1
7LzTBVNarOeaDXFdzOugAI	Sly Pyper	[]	[2020]	1	1
2UyyBkpzN5w3hzZBZGvRZb	Sosa Geek	['brooklyn drill']	[2020]	1	1
4lPl9gqgox3JDiaJ1yklKh	Tierra Whack	['alternative r&b']	[2020]	1	1
7oPftvlwr6VrsViSDV7fJY	Green Day	['modern rock', 'permanent wave', 'punk', 'rock']	[2020]	1	0
6S0dmVVn4udvppDhZIWxCr	Sean Kingston	['dance pop', 'miami hip hop', 'pop']	[2020]	1	1
4RnBFZRiMLRyZy0AzzTg2C	Run The Jewels	['alternative hip hop', 'escape room', 'hip hop', 'political hip hop']	[2020]	1	1
57UnSUpae3SbRekxNa5Kgl	El-P	['abstract hip hop', 'alternative hip hop', 'east coast hip hop', 'experimental hip hop']	[2020]	1	1
1jKpNUjiz4KXgaAZD5FI9S	Zack De La Rocha	['industrial hip hop', 'political hip hop']	[2020]	1	1
2WBJQGf1bT1kxuoqziH5g4	Purple Disco Machine	['deep house', 'house']	[2020]	1	1
4FrXHrpbDLNyO3pbVv8RmF	Sophie and the Giants	['sheffield indie']	[2020]	1	1
0f2YkMXwFNJNSX7MymevKE	Kaash Paige	[]	[2020]	1	1
3wVXTWabe3viT0jF7DfjOL	Vedo	['pop r&b']	[2020]	1	0
1YfEcTuGvBQ8xSD1f53UnK	Busta Rhymes	['east coast hip hop', 'hardcore hip hop', 'hip hop', 'pop rap', 'rap']	[2020]	1	1
6lUWb46h9Y8H8cqpW3i0pc	Rymez	[]	[2020]	1	1
1zuJe6b1roixEKMOtyrEak	Tina Turner	['soft rock']	[2020]	1	1
0DO5d7KMv6Gn1mIbDhlyUf	Nechie	['atl trap']	[2020]	1	1
6xF3XdxG7VHRmQmTJxRqX8	Manu Gavassi	['pop nacional']	[2020]	1	1
6bwp9ObI8FWvMPCIWVBmhl	Red Velvet - IRENE & SEULGI	['k-pop']	[2020]	1	0
27w1NoOLMX7tJMYqcetPyG	VIC MENSA	['canadian hip hop', 'chicago rap', 'conscious hip hop', 'rap', 'underground hip hop']	[2020]	1	0
6Rx1JKzBrSzoKQtmbVmBnM	Hayley Williams	['art pop']	[2020]	1	0
7qd6KGoABHifvXKeFNe2Yb	Wolftyla	['trap queen']	[2020]	1	1
65AzRSW0jKSs0WtttEXrOw	ELIF	['frauenrap', 'german hip hop', 'german pop', 'german singer-songwriter']	[2020]	1	1
3Rx4PJ7SP6unkOk5elPUK7	Money Man	['memphis hip hop', 'trap']	[2020]	1	1
2iI5KWXLjw1tqLQsdjuo0e	Chael Produciendo	['dembow dominicano']	[2020]	1	1
3r1XkJ7vCs8kHBSzGvPLdP	slowthai	['uk alternative hip hop', 'uk hip hop']	[2020]	1	1
3xByNj8XW17oW0wsJhgzYL	SOFT PLAY	['english indie rock', 'kent indie', 'modern alternative rock']	[2020]	1	1
1kwi1Q7X4jPTkHTgayxKhS	Alonestar	[]	[2020]	1	1
6VuyrmclG2XOdkqz0AeGcs	Rick Live	[]	[2020]	1	1
1OY65G9NJJHsSt1lGLZU6q	NiiHWA	[]	[2020]	1	1
2IZXxSIGhFtkHJyMh6UTln	Aiyana-Lee	[]	[2020]	1	1
0imE3buPhAowREqCrr4CYe	Peach Tree Rascals	['pov: indie']	[2020]	1	0
6P5NO5hzJbuOqSdyPB7SJM	Ashe	['alt z']	[2020]	1	0
3bYcjbVAN3rAuU3TMzw2mB	Marcus Mumford	['british singer-songwriter']	[2020]	1	1
5TM9R6dNoJSMq23yZQD6Ee	Don Q	['nyc rap']	[2020]	1	1
2WxjxdeF7GGdcCK276qViY	Natalie Taylor	[]	[2020]	1	0
7I95CM75shzCjHuTzrepjM	Nova Twins	['black punk', 'uk diy punk']	[2020]	1	1
3OMZaRPVE5OI1IkDbZFBFU	Numidia	[]	[2020]	1	1
6kZWqUZqptyxb8Ki5DyBAg	DTG	['afroswing']	[2020]	1	1
09EYYUcfEDOvj3D5f45L99	MC Ingryd	['funk 150 bpm']	[2020]	1	1
6ac253D3NynjiNAjkkR2TJ	DJ Henrique da VK	['funk 150 bpm']	[2020]	1	1
2JsDK87cAxuUlz4L4izU7A	Evlay	[]	[2020]	1	1
4ZgQDCtRqZlhLswVS6MHN4	grandson	['modern alternative rock', 'modern rock', 'pov: indie', 'rock']	[2020]	1	0
0VitAFMCI2apQxKzDjg1PU	BLOODY VINYL	['italian hip hop', 'trap italiana']	[2020]	1	1
2KXYAKQTxHuUHDtVgeGn6w	Slait	['italian hip hop']	[2020]	1	1
1gs79u8PKkWAW1yfymbkTt	MILES	['italian hip hop', 'trap italiana']	[2020]	1	1
5FkcU4BVzPptuB6AjobZIL	Taxi B	['italian hip hop', 'trap italiana']	[2020]	1	1
51ltJZ6rB893AdzgCxSOV3	Greg Willen	['italian hip hop', 'trap italiana']	[2020]	1	1
6IflU2YrY5Cyw7YoBICosV	Fally Ipupa	['azontobeats', 'musique urbaine kinshasa', 'ndombolo', 'r&b francais', 'rumba congolaise']	[2020]	1	1
4NEThNYJ3WyNcJWcmpjq88	Ir Sais	['basshall', 'ritmo kombina']	[2020]	1	1
0ZUvK7zGdXLd78mQr3t1Tw	Ricky Montgomery	['la indie', 'pop', 'pov: indie']	[2020]	1	0
7lzordPuZEXxwt9aoVZYmG	Billy Idol	['album rock', 'classic rock', 'dance rock', 'hard rock', 'new romantic', 'new wave', 'new wave pop', 'rock', 'soft rock']	[2020]	1	1
2Kx7MNY7cI1ENniW7vT30N	Norah Jones	['contemporary vocal jazz', 'jazz pop', 'vocal jazz']	[2020]	1	0
64rxQRJsLgZwHHyWKB8fiF	Eiffel 65	['eurodance', 'europop', 'italian adult pop', 'italo dance']	[2020]	1	1
41I5xI04kixwmonDBl0Sda	King Combs	['cali rap']	[2020]	1	1
4mAsWDGLUIEdo6imU77WG6	Boomdabash	['italian adult pop', 'italian pop', 'italian reggae']	[2020]	1	1
2pjb5ffSoVTr5lRYQXlnPu	Alessandra Amoroso	['italian adult pop', 'italian pop']	[2020]	1	1
4vxaQs6vK54nK89J1VtLex	PUBLIC	['indie rockism']	[2020]	1	0
7zY0DMisq1oYXvNNgGwHBY	Juanfran	['pop reggaeton', 'urbano espanol']	[2020]	1	0
2XzXLjXRSeFtsic4ieyLJy	Wilbur Soot	['pixel', 'pov: indie']	[2020]	1	0
6X8WdFjrNhXATMDSs26aCc	Curren$y	['dirty south rap', 'new orleans rap', 'rap', 'southern hip hop']	[2020]	1	1
0399oiMcmbOzzsYQDNYqxn	Problem	['hyphy', 'trap', 'west coast trap']	[2020]	1	1
34nVLWMJTjaMh2aSMOQHei	King Pharaoh	[]	[2020]	1	1
1lEXbUjKjHQ7uc9jFfEViJ	TGT	['pop r&b']	[2020]	1	1
4q3N2WZiTq26rLMdpIGRgP	Markim WF	[]	[2020]	1	1
5TphiK6LsT4X5NOZxq3NJB	Trio Vegabajeño	['musica jibara', 'puerto rican folk']	[2020]	1	0
7MzHPIXAqIOCnvK0sVY72W	Helene Fischer	['schlager']	[2020]	1	0
2QWrpLRDeBD1NwWAsytBRi	Diodato	['italian adult pop', 'italian pop']	[2020]	1	0
6fs2or0cKLEM2xohWq8SoX	Lexie Liu	['chinese electropop']	[2020]	1	1
4TqlcgMFDryY96KWcvrhTv	Seraphine	[]	[2020]	1	1
7nqlScm2smydSRl13eaP8E	Nea	['scandipop']	[2020]	1	1
7ksQJtsXSRSrI5306UwIgH	Kim Jong Wan of NELL	['korean ost', 'korean pop']	[2020]	1	1
7nDsS0l5ZAzMedVRKPP8F1	Ella Henderson	['dance pop', 'talent show', 'uk pop']	[2020]	1	1
6dn6x1XOng3LOAnfTjUn77	AJ Mitchell	['alt z', 'pop']	[2020]	1	1
1QivQCLVipV61DiQiyV14A	Kim Loaiza	['latin viral pop', 'reggaeton mexicano', 'urbano mexicano']	[2020]	1	1
7yjRUA0Iz3VI4Kqa5oPJZK	Jd Pantoja	['latin viral pop', 'reggaeton mexicano', 'urbano mexicano']	[2020]	1	1
5tlNJfV9UIpgnbWmvUEFu7	Gentleman	['cologne hip hop', 'german hip hop', 'german reggae', 'reggae fusion']	[2020]	1	1
292jMVlKq180yzi8WRaVU6	7ari	['arabic hip hop', 'rap maroc']	[2020]	1	1
16Nc36xAtNyQ7BMBcDsaLv	Likybo	['cali rap']	[2020]	1	0
5gs4Sm2WQUkcGeikMcVHbh	Hamza	['belgian hip hop', 'cloud rap francais', 'french hip hop', 'pop urbaine', 'rap belge', 'rap francais']	[2020]	1	1
4N7IToHBlPXqlrXiv1Nij6	rei brown	[]	[2020]	1	1
0UcXjTpzt0DmIwPSNwlJfF	jetsonmade	[]	[2020]	1	1
3Xt3RrJMFv5SZkCfUE8C1J	Kim Petras	['alt z', 'pop', 'transpop']	[2020]	1	1
7AcV1lk8Zrgo1691PDWEle	Freshlyground	['african rock', 'afropop', 'south african jazz', 'south african pop', 'south african pop dance']	[2020]	1	1
7IziQIyiq8TGse0Mc1laYi	K4mo	[]	[2020]	1	1
5FxD8fkQZ6KcsSYupDVoSO	Omar Apollo	['bedroom pop', 'bedroom soul']	[2020]	1	1
4TvhRzxIL1le2PWCeUqxQw	The Blessed Madonna	[]	[2020]	1	1
0WK3H9OErSn5zKOkOV5egm	DDG	['pop rap']	[2020]	1	1
1A8aoDrchH5aefQYBCfpLv	Gabriela	[]	[2020]	1	1
7k403TjkSs0KANqh7pe9Vn	Bazzazian	[]	[2020]	1	1
2HPiMwJktBXqakN0hnON2R	Lous and The Yakuza	['belgian pop']	[2020]	1	1
6hkKbkZGvAXuvle2FhCnxy	Shablo	['italian hip hop', 'italian pop']	[2020]	1	1
27LlKWxS3KXW7RRAxN5S8s	Geolier	['italian hip hop', 'italian pop', 'rap napoletano', 'trap italiana']	[2020]	1	1
4ohRzp7ZzPQi3PzCiBrDAm	Porky Slim	[]	[2020]	1	0
0B3N0ZINFWvizfa8bKiz4v	James TW	['british singer-songwriter']	[2020]	1	0
2cCUtGK9sDU2EoElnk0GNB	The National	['chamber pop', 'indie folk', 'indie rock', 'indietronica', 'modern rock', 'stomp and holler']	[2020]	1	1
0daugAjUgbJSqdlyYNwIbT	Vicetone	['edm', 'electro house', 'pop dance', 'progressive electro house']	[2020]	1	1
2jpQ0ywffgVHhZFQNWaWYW	Tony Igy	['russian dance']	[2020]	1	1
5TbLOwv8BNnik3f03NZJlt	TOKYO’S REVENGE	['meme rap', 'viral rap']	[2020]	1	0
6Y64EaNqpqcZYTgs4c76gF	jxdn	['pop punk']	[2020]	1	0
7vPGzgDg3qGUY5bWtrO3K4	Conkarah	['jawaiian']	[2020]	1	1
2fZcYu4ltOFdwsnDmLQ9jl	DJ Fle	[]	[2020]	1	1
1xsYReh7zhty26wD4tprKh	Chris Nolan	['italian hip hop']	[2020]	1	1
7zPS3i8YJBNeDcqXUHfCMr	AVA	['italian hip hop', 'trap italiana']	[2020]	1	1
79KQgTCu4wV38ECYKn62DZ	White Gold	[]	[2020]	1	1
6Mm2g25BTeJ6BICPFWGkPg	Bosh	['french hip hop', 'pop urbaine', 'r&b francais', 'rap francais']	[2020]	1	0
3qnGvpP8Yth1AqSBMqON5x	Leon Bridges	['modern blues', 'neo soul', 'soul']	[2020]	1	1
2XcZshqzPKm3iZcmt73R8D	Pablo Chill-E	['trap chileno', 'urbano chileno', 'urbano latino']	[2020]	1	1
5bgfj5zUoWpyeVatGDjn6H	K CAMP	['atl hip hop', 'melodic rap', 'southern hip hop', 'trap']	[2020]	1	0
3abT87tqQ4Q5PA5nw6CYyH	Ángela Aguilar	['mariachi', 'musica mexicana', 'nueva musica mexicana', 'ranchera']	[2020]	1	1
6RdcIWVKYYzNzjQRd3oyHS	Pinguini Tattici Nucleari	['bergamo indie', 'italian indie pop', 'italian pop', 'milan indie']	[2020]	1	0
60uPSVM3svOL8kZ3Wkb3Zw	Monet192	['german hip hop']	[2020]	1	1
5ZYOlPpI9FZu2uIPkTB0UA	CÉLINE	['frauenrap', 'german hip hop', 'german pop']	[2020]	1	1
6sHCvZe1PHrOAuYlwTLNH4	Gus Dapperton	['bedroom pop', 'indie poptimism', 'pov: indie']	[2020]	1	1
3ZJxEmjYZd5VOqZ8o3aXiL	ABRA	['alternative r&b']	[2020]	1	1
2eogQKWWoohI3BSnoG7E2U	Donna Summer	['adult standards', 'disco', 'hi-nrg', 'new wave pop', 'soft rock']	[2020]	1	1
7sfl4Xt5KmfyDs2T3SVSMK	Lil Jon	['atl hip hop', 'crunk', 'dance pop', 'dirty south rap', 'old school atlanta hip hop', 'pop rap', 'southern hip hop', 'trap']	[2020]	1	1
3ADyFy1orEwODaiHmRRMQp	Puri	['basshall']	[2020]	1	1
3aAX2y0amckZ7WcWoz2f2o	Jhorrmountain	['dutch hip hop']	[2020]	1	1
3ZotbHeyVQKxQCPDJuQ4SU	Q-Tip	['east coast hip hop', 'queens hip hop']	[2020]	1	1
1WjexdTcXHgvlVIPCE8D1Q	Denaun	[]	[2020]	1	1
0iFq8SzyZaaQ2Fn6CLDxqW	Clueso	['german pop', 'german singer-songwriter']	[2020]	1	1
2ipbBHbU59PKSeDXAgMpkd	Marvin Divine	['russelater']	[2020]	1	0
6GEykX11lQqp92UVOQQCC7	DJ Premier	['east coast hip hop', 'instrumental hip hop', 'jazz boom bap', 'turntablism']	[2020]	1	1
325L7kby6bkG5qSXXAFEWM	Joker Bra	['german hip hop']	[2020]	1	1
6sqZoZxe9BQwk7Zxh6STfF	Kadhja Bonet	['alternative r&b', 'indie soul', 'psychedelic soul']	[2020]	1	1
6qrqAYlS6lUj2BVXax7SZW	Mc Jacaré	['arrochadeira', 'deboxe', 'funk 150 bpm', 'funk mtg', 'funk rj', 'trap funk']	[2020]	1	0
365Q4cNnnlsQErzPsUzyXY	HUMAN(X)	[]	[2020]	1	1
7zYj9S9SdIunYCfSm7vzAR	JEON SOMI	['k-pop']	[2020]	1	0
09OSlbN2DUUOG9cbRWdWuT	Mansa	[]	[2020]	1	1
0yApzRdrUqTGqX9MULdnmV	Thiaguinho MT	['brega funk', 'funk carioca']	[2020]	1	1
606eWexxNhc6Mj0RuCxMA9	Mila	['arrochadeira', 'brega funk']	[2020]	1	1
5zfEatKLDdRkgbw6sdLBAQ	Octavian	['afroswing', 'london rap', 'uk hip hop']	[2020]	1	1
2NJWI8byqTSqDaJRnqJY2z	KALIM	['german hip hop', 'hamburg hip hop']	[2020]	1	1
6HqgxkTt9KGyt27zYrwVan	Super Yei	['reggaeton', 'reggaeton flow', 'urbano latino']	[2020]	1	1
71FfEgML4GAokNHmW1GKPF	Sammy	[]	[2020]	1	1
6wcKDqJRY3TzbcdRKo6EiE	Jone Quest	[]	[2020]	1	1
7iXYHQPYLQSz3b3hbPJpk3	Towy	[]	[2020]	1	1
2pG0eQLB8CbmmWWmjJi4yd	Osquel	['reggaeton flow', 'trap latino']	[2020]	1	1
6TOKWuw816UU34AE4MCZqr	Beltito	[]	[2020]	1	1
6AT27ojKlBuZToFIGwQZDc	Sammy & Falsetto	['reggaeton', 'reggaeton flow', 'urbano latino']	[2020]	1	1
2auikkNYqigWStoHWK1Grq	John Martin	['pop edm']	[2020]	1	1
3kgQWNZNpp8d8JQZhuKbPP	Topo La Maskara	['dominican pop']	[2020]	1	1
3yJLZoq3Ra2VmSW5teVgih	Walshy Fire	['instrumental funk']	[2020]	1	1
1nGRqM8VNcQOcFsOnhpInD	ATR Son Son	[]	[2020]	1	1
6M6XXCcO5gI68XpIlrUL3Z	Young T & Bugsey	['afroswing', 'grime', 'nottingham hip hop', 'uk hip hop']	[2020]	1	1
3bmFPbLMiLxtR9tFrTcKcP	Matthew Wilder	['new wave pop']	[2020]	1	0
6fFfnKGVI6X3lkCr8Qw1g1	KXNG Crooked	['cali rap', 'detroit hip hop']	[2020]	1	1
1q13yHC6Syg5Y8iPLrRnCq	Joell Ortiz	['battle rap']	[2020]	1	1
4bODqflR0Wo3i3fCwwCIPq	Lenny Santos	[]	[2020]	1	1
6beUvFUlKliUYJdLOXNj9C	King Princess	['alt z', 'indie pop', 'nyc pop']	[2018]	1	0
4fwuXg6XQHfdlOdmw36OHa	Paloma Faith	['british soul', 'talent show']	[2018]	1	1
67mFhErdTWmJ9slGMC6vOf	Trío Los Josefinos	[]	[2018]	1	0
5y9wg9qkGBl0n9v9RzaPKu	Capo	['german hip hop']	[2018]	1	1
6LjdKBMnP1Da8Oe6WhrN56	Aldair Playboy	['batidao romantico', 'brega funk', 'brega romantico', 'forro de favela', 'funk carioca']	[2018]	1	0
6QzzeKV0VcnT2vJMYDPuL4	Trettmann	['german cloud rap', 'german hip hop', 'hamburg hip hop']	[2018]	1	1
1qSJaftSab2kTTsj7fLxvM	DJ SpinKing	['slow game']	[2018]	1	1
7iLc4hrjOjQPfg1E3cCHg1	Tim Berg	['edm', 'electro house', 'pop dance', 'progressive electro house']	[2018]	1	1
2tYwhzzfvvDr29BbBFcHhB	Arthur Hanlon	[]	[2018]	1	1
22P1OY4TRFRwhP0q29loQ8	Lali	['argentine telepop', 'pop argentino']	[2018]	1	1
2JLqTvFXmC87BksiCsBezV	Matt Terry	['talent show']	[2018]	1	0
39E15l8zeCDYpSZwFNX4G2	Eleni Foureira	['greek pop', 'laiko']	[2018]	1	0
5JUYSPkis2Mk6HUbmMqk1m	Sean Ono Lennon	['beatlesque']	[2018]	1	1
3jFjgKOGfVLWfXX8q5wrsg	R.K.M & Ken-Y	['reggaeton']	[2018]	1	1
7JngWflkjFnNJSz07XLV2w	Emani 22	[]	[2018]	1	1
4RfOLIFy2xEmlWzXEVmLJn	Sjava	['afro soul', 'south african pop']	[2018]	1	1
3mLdH6xxrscTf2poCN9Kzy	Rio Santana	[]	[2018]	1	1
2V0DROfM2ieFSOcA3SHJLD	Judah	[]	[2018]	1	1
4DROs1Ye9DiLY3X8L7xvl8	Andrez Babii	['rap romantico']	[2018]	1	1
0SfsnGyD8FpIN4U4WCkBZ5	Armin van Buuren	['dutch house', 'dutch trance', 'edm', 'pop dance', 'progressive house', 'trance']	[2018]	1	0
2J6pigOrBmKQgqJUY5UM7r	Matt OX	['melodic rap', 'plugg', 'rage rap']	[2018]	1	1
3Bj81IbILbuj2uEwWXMdXI	Sosamann	['atl trap', 'houston rap', 'memphis hip hop']	[2018]	1	1
2ySHS7UojGu20XfUPaBlyu	Devin Dawson	['contemporary country', 'country road', 'modern country rock']	[2018]	1	0
6TTVdg5UOUHsyiYPHgxLaq	The WRLDFMS Tony Williams	['psychedelic hip hop']	[2018]	1	1
5yES5e4EJpUB0tfmWi3eao	MC Rita	['funk carioca']	[2018]	1	1
7MFJyevu6jq0shwDuVLymu	Justin Mylo	['dutch house', 'electro house', 'pop dance', 'pop edm', 'progressive electro house']	[2018]	1	1
1E1W3to8HhGSkkIEUMwEjd	Dewain Whitmore	[]	[2018]	1	1
12Zk1DFhCbHY6v3xep2ZjI	070 Shake	['new jersey rap']	[2018]	1	1
0IsDyC7yhWO36zl3qlFzGH	Don Khuma	[]	[2018]	1	0
7B8bUnxkbByXXeCQIIUvIT	Arevi	[]	[2018]	1	1
6G1yTgvoYsuVb2Ja8cVVJ2	anders	['canadian contemporary r&b', 'canadian hip hop', 'toronto rap', 'trap soul']	[2018]	1	1
7wg1qvie3KqDNQbAkTdbX0	Louis The Child	['edm', 'electropop']	[2018]	1	1
0FL2d6iFFNAV3yBUbXjZ1U	Wafia	['australian pop', 'indie electropop']	[2018]	1	1
15Dh5PvHQj909E0RgAe0aN	Nivea	['atl hip hop', 'contemporary r&b', 'hip pop', 'r&b', 'urban contemporary']	[2018]	1	1
3J8pdA8hGN7lMw8ENo5fRv	Tropijazz	[]	[2018]	1	0
6XFQvBHGEr3mRfOHcqPXv8	XATAR	['german hip hop', 'hamburg hip hop', 'kurdish hip hop']	[2018]	1	1
3m785bWzNnoLuIJP88DUN1	SAMY	['german hip hop']	[2018]	1	1
66jpZDjMcxF3SfDfwK7GXe	Reginae Carter	[]	[2018]	1	1
2cQr2KbzdRtIFlfbHGnNsL	Ziv Zaifman	['show tunes']	[2018]	1	1
1MHslxKWxauC559dXYEX1C	DJ Durel	[]	[2018]	1	1
0JOxt5QOwq0czoJxvSc5hS	GASHI	[]	[2018]	1	1
3a5ydeAaojKa3CHWe5PVWK	MC MM	['funk carioca', 'funk consciente', 'funk ostentacao', 'funk paulista']	[2018]	1	1
6bGwi8TG7T8Vcp415XooE5	Jojo Maronttinni	['funk carioca']	[2018]	1	0
2VYQTNDsvvKN9wmU5W7xpj	Marilyn Manson	['alternative metal', 'hard rock', 'industrial', 'industrial metal', 'industrial rock', 'nu metal', 'post-grunge', 'rock']	[2018]	1	0
0zPILh9oEH0fDagpkHTQQ8	Killstation	['cloud rap', 'dark trap']	[2018]	1	1
6KfzyefHYuqfWaI5taICaN	Band Aid 30	['musical advocacy']	[2018]	1	0
0TkqXdyWLsssJH7okthMPQ	Jay Electronica	['alternative hip hop', 'conscious hip hop', 'drumless hip hop', 'hip hop', 'psychedelic hip hop']	[2018]	1	1
4poL7YCSkG7kMnWjAdDU91	Era Istrefi	['albanian hip hop', 'albanian pop', 'kosovan pop']	[2018]	1	1
2gTcdmBwgyh3EORKIXCzlw	El Profesor	['house']	[2018]	1	1
5zLbjnuArhVlVklkT5GoQD	Nel-Denarro	[]	[2018]	1	1
2yQf6b8hxahZaT5dHlWaB1	Raekwon	['east coast hip hop', 'hardcore hip hop']	[2018]	1	1
4iCwCMnqsNZ6atvRiADgtn	RZA	['east coast hip hop', 'hardcore hip hop']	[2018]	1	1
4VmEWwd8y9MCLwexFMdpwt	Method Man	['east coast hip hop', 'hardcore hip hop', 'hip hop']	[2018]	1	1
4OBbOrkD4geIjOLrICN3wO	Inspectah Deck	['east coast hip hop', 'hardcore hip hop']	[2018]	1	1
0dS5xeDefwoUNasLUHnCjR	Cappadonna	['east coast hip hop']	[2018]	1	1
09XH5qagU5qcWhYXcQYsjX	Jackpot Scotty Wotty	[]	[2018]	1	1
0G070wUUUBptmqGEKAAUVx	U-God	['hardcore hip hop', 'hip hop']	[2018]	1	1
0ME1RawvWt3qOJnYnxVqeh	Masta Killa	['east coast hip hop']	[2018]	1	1
6ns6XAOsw4B0nDUIovAOUO	GZA	['east coast hip hop', 'hardcore hip hop']	[2018]	1	1
2nszmSgqreHSdJA3zWPyrW	Luis Miguel	['bolero', 'latin pop']	[2018]	1	0
2l2o6ibYa7h1w4HwaS1uZV	Jay 305	['west coast trap']	[2018]	1	1
4UffC3o3JiLSg7pa5DpQbp	Mike Yung	['pop soul']	[2018]	1	1
6tdM5Njlln7nWkonCppW0u	MC Loma e As Gêmeas Lacração	['brega funk', 'funk carioca']	[2018]	1	0
4QfOh8rJ0OddhhXHD5QyWs	The Boy Next Door	['basshall']	[2018]	1	1
20twLKFb2Nhd8duUH0k2DJ	Jake Gosling	[]	[2018]	1	1
18AOdS1Qw4XXnQSiPJQr1B	Mack Maine	[]	[2018]	1	1
2HdP7fpDiLWAvElYGg75gd	Hanybal	['german hip hop']	[2018]	1	1
5n9bMYfz9qss2VOW89EVs2	Bomba Estéreo	['cumbia', 'latin alternative', 'latin rock', 'pop electronico', 'tropical alternativo']	[2018]	1	1
7ao5uJZUsPeVpWlNkkjWyx	DJ A1	[]	[2018]	1	1
5vSQUyT33qxr1xAX2Tkf3A	Clams Casino	['cloud rap', 'experimental hip hop', 'instrumental hip hop', 'psychedelic hip hop', 'wonky']	[2018]	1	1
1iPOay2JCcgNMPvBaPe9Ky	Street Rappers	[]	[2018]	1	0
1PnnRNGfichOAfPOn5mVyx	Sorana	['romanian pop']	[2018]	1	1
7CCjtD0hCK005Bvg2WG1a7	Carnage	['edm', 'electro house', 'electronic trap', 'viral trap']	[2018]	1	1
6Paz0vXJJ9bCPf0fEm3qzg	Dagny	['norwegian pop']	[2018]	1	1
6O74knDqdv3XaWtkII7Xjp	Boyz II Men	['boy band', 'contemporary r&b', 'new jack swing', 'r&b', 'urban contemporary']	[2018]	1	1
2BBgFkNBBMln3m2G2Bm2bt	NSTASIA	[]	[2018]	1	1
62FaS5AarFCrus8LxSVKKW	teddy<3	['la pop', 'transpop']	[2018]	1	1
21aa4pj9BvbFB2iT8kRpnq	Michael Schulte	['german pop', 'talentschau']	[2018]	1	0
1CUeN4GnHAGUk9nAXPorF4	Kodie Shane	['atl hip hop', 'trap queen']	[2018]	1	1
6r2niOTnexy9xss5g8GWXH	Yasiin Bey	[]	[2018]	1	1
4as3khXWaPjfkFdCA0JWMo	Jesse®	['modern alternative pop']	[2018]	1	1
1iBGuNBYRKnNdKxm0kKNM0	Young Sinatra	[]	[2018]	1	1
5QuBVnBPEzwYvFrgBbwpmU	Empress Of	['art pop', 'electropop', 'escape room', 'etherpop', 'shiver pop']	[2018]	1	1
28y6CyJNkGNjJQKrlx4AmN	HRVY	['pop']	[2018]	1	0
6WkUZyqghQei2G809wMKuZ	Yung Bans	['cloud rap', 'plugg', 'trap', 'underground hip hop']	[2018]	1	1
4cmA2QDPdzh8W2ytpyUGes	Young Scooter	['atl trap', 'drill', 'trap']	[2018]	1	1
5bepW5vcdRzheNc0F8lHJ5	Esperanza Spalding	['electric bass', 'jazz', 'jazz pop', 'vocal jazz']	[2018]	1	1
61qMnYXa1GxSBoV3IiYKjZ	Yung Pinch	['melodic rap', 'oc rap']	[2018]	1	1
3cWGilyM7pw2Q1bGbTXuBr	TrifeDrew	[]	[2018]	1	1
3Ces1OJeGOVGcUB0wPaPXJ	Mala Rodríguez	['latin hip hop', 'rap latina']	[2018]	1	1
5T8zbK3dic52T9bFu0aY8z	Sophia Somajo	['swedish electropop']	[2018]	1	1
21LGsW7bziR4Ledx7WZ1Wf	Johnny Mathis	['adult standards', 'easy listening']	[2018]	1	1
24DQLSng7bKZD4GXLIaQbv	Percy Faith & His Orchestra	"['easy listening', ""man's orchestra""]"	[2018]	1	1
3LjhVl7GzYsza1biQjTpaN	Hayley Kiyoko	['alt z', 'indie poptimism', 'pop']	[2018]	1	1
41klVmDluQZmGGqoidNfbe	Blac Youngsta	['memphis hip hop', 'southern hip hop', 'trap']	[2018]	1	1
1eMmoIprPDWeFdB1FxU6ZV	Au/Ra	['alt z', 'deep pop edm']	[2018]	1	1
6064pL9Hu3Wx2bwJMeOx6o	Tomine Harket	[]	[2018]	1	1
2ei3ToTz5SL3pVp17X0Vkd	John Lindahl	[]	[2018]	1	1
4Z4afeDmHFxPmJorIwupbZ	Netta	['israeli pop']	[2018]	1	0
3gk0OYeLFWYupGFRHqLSR7	Showtek	['classic hardstyle', 'dutch house', 'edm', 'electro house', 'euphoric hardstyle', 'pop dance', 'progressive electro house']	[2018]	1	1
6UE7nl9mha6s8z0wFQFIZ2	Robyn	['dance pop', 'electropop', 'neo-synthpop', 'scandipop', 'swedish electropop', 'swedish pop']	[2018]	1	0
2Rimf9z3oYDBeszSXFACRR	Daniel Everidge	['show tunes']	[2018]	1	1
05kWC05qQmocVoC5Udgl6D	Supa Bwe	['pop rap', 'underground hip hop']	[2018]	1	1
0yWuhITiYSrjzBrgT4NKsb	Forever Band	[]	[2018]	1	1
3Ll0OyHvpoQmGP9TMQAhKV	The RattPack	[]	[2018]	1	1
6Y20PijIkUoCtuvtkz37dO	Austyn Johnson	['show tunes']	[2018]	1	1
0nFUCMGlkx1lMZnHL6ArVJ	Cameron Seely	['movie tunes']	[2018]	1	1
2iK8weavvfS2xJCmzNzNE5	J-AX	['italian adult pop', 'italian pop']	[2018]	1	1
0ECSmon1BUiFnB33X24eLI	Baby Goth	[]	[2018]	1	1
14rP13jdQNgQvuPA2AkBgm	Glades	['indie electropop', 'indie poptimism', 'metropopolis']	[2018]	1	0
6Z4puj0KYgtcxJrVXKmvBX	Sharaya J	['jersey club', 'new jersey rap']	[2018]	1	1
6Kz7MXIUFMtp5Ts91lagtR	Mikolas Josef	['czech pop']	[2018]	1	0
6bwVWdQfr6ttzrGLboVkjg	Paul Rosenberg	[]	[2018]	1	0
6m1LYS5NQonxjOcQFPQOb5	Frenna	['dutch hip hop', 'dutch rap pop']	[2018]	1	1
4VuARVJiWGsH2msKTdsKdQ	Veysel	['albanian hip hop', 'german drill', 'german hip hop']	[2018]	1	1
14D0I0RYqvIorkPL2EWoQh	MC WM	['funk carioca']	[2018]	1	0
1mG23iQeR29Ojhq89D5gbh	DJ Jazzy Jeff & The Fresh Prince	['golden age hip hop', 'old school hip hop', 'philly rap']	[2018]	1	0
6ywXRaHY7m2DJ0dd7CsLAB	Ramz	['afroswing', 'london rap', 'uk hip hop']	[2018]	1	0
6GX3y0u61X0EHZZogsQFbL	Mc Doguinha	[]	[2018]	1	1
0n9VWli2NkR8OqJS4dXTqw	MC Pupio	[]	[2018]	1	1
2uFC1dAj5b0YU7vulKNZ0p	Banx & Ranx	['basshall']	[2018]	1	1
5AbLpsnTQVNB3OEadYiVrK	Yxng Bane	['afroswing', 'grime', 'uk dancehall', 'uk hip hop']	[2018]	1	1
0LyOADBjj28cbvJWTXUEGA	Loren Allred	['deep talent show', 'hollywood', 'movie tunes']	[2018]	1	0
7oNtf1MwhHcyXRsYXE1WsG	Aazar	['electro house', 'electronic trap']	[2018]	1	1
08ao8gzTHBtNf5Laf9jjwR	King Khalil	['german hip hop']	[2018]	1	1
3x3jSlhyv5CiCZDZlaTq0M	Pi’erre Bourne	['melodic rap']	[2018]	1	1
40LHVA5BTQp9RxHOQ9JPYj	Lauren Daigle	['ccm', 'christian alternative rock', 'christian music']	[2018]	1	0
6Jrxnp0JgqmeUX1veU591p	Santigold	['alternative dance', 'indietronica', 'neo-synthpop']	[2018]	1	1
6ueGR6SWhUJfvEhqkvMsVs	Janelle Monáe	['afrofuturism', 'alternative r&b', 'atl hip hop', 'neo soul', 'r&b']	[2018]	1	0
4LAz9VRX8Nat9kvIzgkg2v	Rivers Cuomo	['alternative rock']	[2018]	1	1
7trxpXo6hVUnoB22sbCkEd	K$upreme	['atl trap', 'trap']	[2018]	1	1
2cFCoDyEaPrw8QVnrDlPKU	Stan Kenton	[]	[2018]	1	0
5MouCg6ta7zAxsfMEbc1uh	OMI	['reggae fusion']	[2018]	1	1
5obQFNrkFoWB51hm1JTHMw	Jamie Principle	['chicago house', 'classic house']	[2018]	1	1
1ShZZUjkbXCjhwrb18BA8I	Bryce Vine	['indie pop rap']	[2018]	1	0
2TImI3DW7o5MdRXJs4D37h	SOB X RBE	['cali rap']	[2018]	1	0
