artist_id	name	genres	years_on_charts	num_hits	num_collab_hits
06HL4z0CvFAxyc27GXpf02	Taylor Swift	['pop']	[2017, 2018, 2019, 2020, 2021, 2022]	203	28
3Nrfpe0tUJi4K4DXYWgMUX	BTS	['k-pop', 'k-pop boy group', 'pop']	[2017, 2018, 2019, 2020, 2021, 2022]	142	25
7n2Ycct7Beij7Dj7meI4X0	TWICE	['k-pop', 'k-pop girl group', 'pop']	[2018, 2019, 2020, 2021, 2022]	107	3
66CXWjxzNUsdJxJ2JdwvnR	Ariana Grande	['pop']	[2017, 2018, 2019, 2020, 2021, 2022]	92	41
49tQo2QULno7gxHutgccqF	LANY	['la pop']	[2017, 2018, 2019, 2020, 2021, 2022]	76	8
3TVXtAsR1Inumwj472S9r4	Drake	['canadian hip hop', 'canadian pop', 'hip hop', 'rap', 'toronto rap']	[2017, 2018, 2019, 2020, 2021]	69	33
6eUKZXaKkcviH0Ku9w2n3V	Ed Sheeran	['pop', 'singer-songwriter pop', 'uk pop']	[2017, 2018, 2019, 2020, 2021, 2022]	67	31
1uNFoZAHBGtllmzznpCI3s	Justin Bieber	['canadian pop', 'pop']	[2017, 2018, 2019, 2020, 2021, 2022]	65	46
5JZ7CnR6gTvEMKX4g70Amv	Lauv	['pop']	[2017, 2018, 2019, 2020, 2021, 2022]	62	23
1Xyo4u8uXC1ZmMpatF05PJ	The Weeknd	['canadian contemporary r&b', 'canadian pop', 'pop']	[2017, 2018, 2019, 2020, 2021, 2022]	55	23
4DAcJXcjX0zlQAZAPAx4Zb	Ben&Ben	['opm']	[2017, 2018, 2019, 2020, 2021, 2022]	50	14
69GGBxA162lTqCwzJG5jLp	The Chainsmokers	['electropop', 'pop']	[2017, 2018, 2019, 2020, 2021, 2022]	48	34
0rZRTXEmmPmx6gt92tBqIc	Moira Dela Torre	['opm']	[2017, 2018, 2019, 2020, 2021, 2022]	45	21
6LuN9FCkKOj5PcnpouEgny	Khalid	['pop', 'pop r&b']	[2017, 2018, 2019, 2020, 2021]	44	31
41MozSoPIsD1dJM0CLPjZF	BLACKPINK	['k-pop', 'k-pop girl group', 'pop']	[2017, 2018, 2019, 2020, 2021]	44	7
4nDoRrQiYLoBzwC5BhVJzF	Camila Cabello	['dance pop', 'pop']	[2017, 2018, 2019, 2020, 2021, 2022]	42	20
246dkjvS1zLTtiykXe5h60	Post Malone	['dfw rap', 'melodic rap', 'pop', 'rap']	[2017, 2018, 2019, 2020, 2021, 2022]	42	25
2wY79sveU1sp5g7SokKOiI	Sam Smith	['pop', 'uk pop']	[2017, 2018, 2019, 2020, 2021, 2022]	41	6
4gzpq5DPGxSnKTe4SA8HAU	Coldplay	['permanent wave', 'pop']	[2017, 2018, 2019, 2020, 2021, 2022]	40	9
04gDigrS5kc9YWfZHwBETP	Maroon 5	['pop']	[2017, 2018, 2019, 2020, 2021, 2022]	39	27
6M2wZ9GZgrQXHCFfjv46we	Dua Lipa	['dance pop', 'pop', 'uk pop']	[2017, 2018, 2019, 2020, 2021, 2022]	38	16
0ghlgldX5Dd6720Q3qFyQB	TOMORROW X TOGETHER	['k-pop', 'k-pop boy group']	[2019, 2020, 2021, 2022]	34	2
7n2wHs1TKAczGzO7Dd2rGr	Shawn Mendes	['canadian pop', 'pop', 'viral pop']	[2017, 2018, 2019, 2020, 2021, 2022]	33	11
6XyY86QOPPrYVGvF9ch6wz	Linkin Park	['alternative metal', 'nu metal', 'post-grunge', 'rap metal', 'rock']	[2017]	33	3
4dpARuHxo51G3z768sgnrY	Adele	['british soul', 'pop', 'pop soul', 'uk pop']	[2017, 2018, 2019, 2021, 2022]	31	0
6qqNVTkY8uBg9cP3Jd7DAH	Billie Eilish	['art pop', 'electropop', 'pop']	[2018, 2019, 2020, 2021, 2022]	29	4
7tYKF4w9nC0nq9CsPZTHyP	SZA	['pop', 'r&b', 'rap']	[2017, 2018, 2019, 2020, 2021, 2022]	27	25
0C8ZW7ezQVs4URX5aX7Kqx	Selena Gomez	['pop', 'post-teen pop']	[2017, 2018, 2019, 2020, 2021, 2022]	27	14
0du5cEVh5yTK9QJze8zA0C	Bruno Mars	['dance pop', 'pop']	[2017, 2018, 2019, 2020, 2021, 2022]	26	13
0hCNtLu0JehylgoiP8L4Gh	Nicki Minaj	['hip pop', 'pop', 'queens hip hop', 'rap']	[2017, 2018, 2019, 2020]	26	25
7nqOGRxlXj7N2JYbgNEjYH	SEVENTEEN	['k-pop', 'k-pop boy group']	[2020, 2021]	26	1
5t5FqBwTcgKTaWmfEbwQY9	ENHYPEN	['anime', 'k-pop boy group']	[2020, 2021, 2022]	24	1
26VFTg2z8YR0cCuwLzESi2	Halsey	['electropop', 'etherpop', 'indie poptimism', 'pop']	[2017, 2018, 2019, 2020, 2021, 2022]	24	14
2YZyLoL8N0Wb9xBt1NhZWg	Kendrick Lamar	['conscious hip hop', 'hip hop', 'rap', 'west coast rap']	[2017, 2018, 2020]	24	14
3WGpXCj9YhhfX11TToZcXP	Troye Sivan	['australian pop', 'pop', 'viral pop']	[2017, 2018, 2019, 2020, 2021, 2022]	23	12
6jJ0s89eD6GaHleKKya26X	Katy Perry	['pop']	[2017, 2018, 2019, 2020, 2021, 2022]	23	8
4kYSro6naA4h99UJvo89HB	Cardi B	['pop', 'rap']	[2017, 2018, 2019, 2020, 2021]	23	18
1HY2Jd0NmPuamShAr6KMms	Lady Gaga	['art pop', 'dance pop', 'pop']	[2017, 2018, 2019, 2020, 2021]	23	6
5cj0lLjcoR7YOSnhnX0Po5	Doja Cat	['dance pop', 'pop']	[2020, 2021, 2022]	22	14
6VuMaDnrHyPL1p4EHjYLi7	Charlie Puth	['pop', 'viral pop']	[2017, 2018, 2019, 2020, 2021, 2022]	22	10
5K4W6rqBFWDnAN6FQUkS6x	Kanye West	['chicago rap', 'hip hop', 'rap']	[2018, 2019, 2021]	22	7
64M6ah0SkkRsnPGtGiRAbb	Bebe Rexha	['dance pop', 'pop']	[2017, 2018, 2019, 2020]	21	15
0ZED1XzwlLHW4ZaG4lOT6m	Julia Michaels	['pop']	[2017, 2018, 2019, 2020, 2021]	21	15
1zNqDE7qDGCsyzJwohVaoX	Anne-Marie	['pop']	[2017, 2018, 2019, 2020, 2021, 2022]	20	14
3mIj9lX2MWuHmhNCA7LSCW	The 1975	['modern alternative rock', 'modern rock', 'pop', 'pov: indie', 'rock']	[2018, 2019, 2020, 2022]	20	1
3MZsBdqDrRTJihTHQrO6Dq	Joji	['viral pop']	[2018, 2019, 2020, 2021, 2022]	20	6
1HBjj22wzbscIZ9sEb5dyf	Jonas Blue	['pop', 'pop dance', 'tropical house', 'uk dance']	[2017, 2018, 2019]	20	20
0Y5tJX1MQlPlqiwlOH1tJY	Travis Scott	['hip hop', 'rap', 'slap house']	[2017, 2018, 2019, 2020, 2021]	20	15
7CajNmpbOovFoOoasH2HaY	Calvin Harris	['dance pop', 'edm', 'electro house', 'house', 'pop', 'progressive house', 'uk dance']	[2017, 2018, 2019, 2020, 2021]	20	18
163tK9Wjr9P9DmM0AVK7lm	Lorde	['art pop', 'metropopolis', 'nz pop', 'pop']	[2017, 2021]	20	3
3e7awlrlDSwF3iM0WBjGMp	Little Mix	['girl group', 'pop', 'talent show', 'uk pop']	[2017, 2018, 2019, 2020, 2021, 2022]	19	8
7jVv8c5Fj3E9VhNjxT4snq	Lil Nas X	['lgbtq+ hip hop']	[2019, 2020, 2021, 2022]	19	8
53XhwfbYqKCa1cC15pYq2q	Imagine Dragons	['modern rock', 'pop', 'rock']	[2017, 2018, 2019, 2021, 2022]	19	5
4AK6F7OLvEQ5QYCBNiQWHq	One Direction	['boy band', 'pop', 'post-teen pop', 'talent show']	[2017, 2020, 2021, 2022]	19	0
64KEffDW9EtZ1y2vBYgq8T	Marshmello	['brostep', 'edm', 'pop', 'progressive electro house']	[2017, 2018, 2019, 2020, 2021]	19	18
1vCWHaC5f2uS3yhpwWbIA6	Avicii	['edm', 'pop', 'pop dance']	[2017, 2018, 2019, 2020]	19	7
23fqKkggKUBHNkbKtXEls4	Kygo	['edm', 'pop', 'pop dance', 'tropical house']	[2017, 2018, 2019, 2020, 2021]	19	19
7c0XG5cIJTrrAgEC3ULPiq	Ty Dolla $ign	['hip hop', 'pop rap', 'r&b', 'southern hip hop', 'trap', 'trap soul']	[2017, 2018, 2019, 2020, 2021]	19	19
5ZsFI1h6hIdQRw2ti0hz81	ZAYN	['pop', 'uk pop']	[2017, 2018, 2019, 2020, 2021]	19	10
4GvEc3ANtPPjt1ZJllr5Zl	Bazzi	['pop']	[2018, 2019, 2020, 2021]	18	1
3cjEqqelV9zb4BYE3qDQ4O	EXO	['k-pop', 'k-pop boy group']	[2017, 2018, 2019, 2021]	18	0
7uDdl5V5AETSFY7K3muu22	Arthur Nery	['cdo indie', 'opm', 'p-pop']	[2020, 2021, 2022]	17	5
6KImCVD70vtIoJWnq6nGn3	Harry Styles	['pop']	[2017, 2019, 2020, 2021, 2022]	17	0
4k9wp4ipHdA1bu1T4x1ZTG	IV Of Spades	['opm', 'p-pop', 'pinoy trap']	[2018, 2019, 2020, 2021, 2022]	17	1
2KC9Qb60EaY0kW4eH68vr3	ITZY	['k-pop', 'k-pop girl group']	[2019, 2020, 2021, 2022]	17	0
1z4g3DjTBBZKhvAroFlhOM	Red Velvet	['k-pop', 'k-pop girl group']	[2017, 2018, 2019, 2020, 2021]	17	1
3g7vYcdDXnqnDKYFwqXBJP	SB19	['p-pop', 'pinoy idol pop']	[2019, 2020, 2021, 2022]	16	2
5Rl15oVamLq7FbSb0NNBNy	5 Seconds of Summer	['boy band', 'pop']	[2018, 2019, 2020]	16	4
7dGJo4pcD2V6oG8kP0tJRR	Eminem	['detroit hip hop', 'hip hop', 'rap']	[2017, 2018, 2019, 2020]	16	10
2iB7AJhJmkWkkehY9ccB0j	Ex Battalion	['opm', 'pinoy r&b']	[2017, 2018, 2019, 2020, 2021]	16	11
2kxP07DLgs4xlWz8YHlvfh	NIKI	['indonesian r&b']	[2020, 2021, 2022]	15	2
1McMsnEElThX1knmY4oliG	Olivia Rodrigo	['pop']	[2021, 2022]	15	1
67IN4cLJ7798gUapyZlmac	Zack Tabudlo	['acoustic opm', 'opm', 'p-pop']	[2021, 2022]	15	4
1RyvyyTE3xzB2ZywiAwp0i	Future	['atl hip hop', 'hip hop', 'rap', 'southern hip hop', 'trap']	[2017, 2018, 2020, 2021, 2022]	15	14
24fEOzlKhgSNLIcy9NdmwH	James Reid	['deep neofolk', 'opm', 'pinoy r&b']	[2017, 2019, 2022]	15	9
181bsRPaVXVlUKXrxwZfHK	Megan Thee Stallion	['houston rap', 'pop', 'rap', 'trap queen']	[2019, 2020, 2021, 2022]	15	13
7gAppWoH7pcYmphCVTXkzs	The Vamps	['boy band', 'pop']	[2017, 2018, 2019, 2022]	15	14
1Hsdzj7Dlq2I7tHP7501T4	Niall Horan	['pop']	[2017, 2018, 2019, 2020, 2021]	15	4
5p7f24Rk5HkUZsaS3BLG5F	Hailee Steinfeld	['pop']	[2017, 2018, 2019, 2020]	15	11
6vWDO969PvNqNYHIOW5v0m	Beyoncé	['pop', 'r&b']	[2017, 2018, 2019, 2020]	15	10
6S2OmqARrzebs0tKUEyXyp	Demi Lovato	['pop', 'post-teen pop']	[2017, 2018, 2019, 2020, 2021]	15	7
3HqSLMAZ3g3d5poNaI7GOU	IU	['k-pop', 'pop']	[2018, 2019, 2020, 2021]	15	2
1Cs0zKBU1kc0i8ypK3B9ai	David Guetta	['big room', 'dance pop', 'edm', 'pop', 'pop dance']	[2017, 2018, 2019, 2021]	15	14
1zNqQNIdeOUZHb8zbZRFMX	Swae Lee	['melodic rap', 'rap', 'trap']	[2017, 2018, 2019, 2020, 2021, 2022]	14	14
4qFxP3qN9GsnZDOkAE6x2m	December Avenue	['opm', 'pinoy pop punk']	[2018, 2019, 2020, 2021, 2022]	14	2
4MCBfE4596Uoi2O4DtmEMz	Juice WRLD	['chicago rap', 'melodic rap', 'rap']	[2018, 2019, 2020, 2021, 2022]	14	9
5pKCCKE2ajJHZ9KAiaK11H	Rihanna	['barbadian pop', 'pop', 'urban contemporary']	[2017, 2018, 2019, 2020, 2021]	14	11
0Vw76uk7P8yVtTClWyOhac	HONNE	['uk pop']	[2018, 2019, 2020, 2021]	14	3
5WUlDfRSoLAfcVSX1WnrxN	Sia	['australian dance', 'australian pop', 'pop']	[2017, 2018, 2019, 2020, 2021]	14	8
117XFtbZPnCI1EYKjYZWJc	Skusta Clee	['opm']	[2017, 2018, 2019, 2020, 2021, 2022]	13	10
5YGY8feqx7naU7z4HrwZM6	Miley Cyrus	['pop']	[2017, 2018, 2019, 2020, 2021, 2022]	13	6
1EHAbA1GMYOfkh9ds9eNfS	Jose Mari Chan	['classic opm', 'opm']	[2017, 2018, 2019, 2020, 2021]	13	1
5fMUXHkw8R8eOP2RNVYEZX	Diplo	['edm', 'electro house', 'moombahton', 'pop dance']	[2017, 2018, 2019, 2020]	13	13
6l3HvQ5sa6mXTsMTB19rO5	J. Cole	['conscious hip hop', 'hip hop', 'north carolina hip hop', 'rap']	[2018, 2019, 2021]	13	4
5pUo3fmmHT8bhCyHE52hA6	Liam Payne	['pop']	[2017, 2018, 2019, 2020]	13	10
4ufh0WuMZh6y4Dmdnklvdl	BAEKHYUN	['k-pop']	[2020, 2021]	13	0
2U5mF0PZqGu6glnz55yY0y	John Roa	['opm', 'p-pop']	[2017, 2018, 2019, 2020, 2021, 2022]	12	6
4nGp682WMiKS4X217kPw8C	Silent Sanctuary	['opm']	[2017, 2018, 2019, 2020, 2021, 2022]	12	1
50co4Is1HCEo8bhOyUWKpn	Young Thug	['atl hip hop', 'atl trap', 'gangster rap', 'melodic rap', 'rap', 'trap']	[2017, 2018, 2019, 2020, 2021, 2022]	12	12
3KonOYiLsU53m4yT7gNotP	TREASURE	['k-pop', 'k-pop boy group']	[2020, 2021, 2022]	12	0
2wUjUUtkb5lvLKcGKsKqsR	Alessia Cara	['canadian contemporary r&b', 'canadian pop', 'pop']	[2017, 2018, 2019, 2020, 2021, 2022]	12	5
2qxJFvFYMEDqd7ui6kSAcq	Zedd	['complextro', 'edm', 'german techno', 'pop', 'pop dance']	[2017, 2018, 2019, 2020, 2021]	12	12
5CCwRZC6euC8Odo6y9X8jr	Rita Ora	['dance pop', 'pop', 'uk pop']	[2017, 2018, 2019]	12	7
0WleeEe3UurwlNbDGhb5Yz	ALLMO$T	['opm', 'pinoy hip hop', 'pinoy r&b', 'tagalog rap']	[2018, 2019, 2020, 2021]	12	2
74KM79TiuVKeVCqs8QtB0B	Sabrina Carpenter	['pop']	[2017, 2018, 2019, 2021]	12	8
60d24wfXkVzDSfLS6hyCjZ	Martin Garrix	['dutch edm', 'edm', 'pop', 'pop dance', 'progressive house']	[2017, 2018, 2019]	12	12
5Pwc4xIPtQLFEnJriah9YJ	OneRepublic	['piano rock', 'pop']	[2017, 2018, 2019, 2020, 2021]	12	6
1dfeR4HaWDbWqFHLkxsg1d	Queen	['classic rock', 'glam rock', 'rock']	[2018, 2019, 2020]	12	1
1gBUSTR3TyDdTVFIaQnc02	NCT DREAM	['k-pop', 'k-pop boy group']	[2021]	12	0
7bXgB6jMjp9ATFy66eO08Z	Chris Brown	['r&b', 'rap']	[2017, 2018, 2019, 2020, 2021, 2022]	11	7
7vk5e3vY1uw9plTHJAMwjN	Alan Walker	['electro house']	[2017, 2018, 2019, 2020, 2022]	11	9
2H4bbbOohoe9zhqEsiRi7j	ABS-CBN Music All Star	[]	[2017, 2018, 2019, 2020, 2021]	11	0
1vyhD5VmyZ7KMfW5gqLgo5	J Balvin	['reggaeton', 'reggaeton colombiano', 'trap latino', 'urbano latino']	[2017, 2018, 2019, 2020, 2021]	11	11
6TIYQ3jFPwQSRmorSezPxX	Machine Gun Kelly	['ohio hip hop', 'pop rap']	[2017, 2018, 2019]	11	11
2jnIB6XdLvnJUeNTy5A0J2	Why Don't We	['boy band', 'pop']	[2017, 2018, 2019, 2020, 2021]	11	1
2auC28zjQyVTsiZKNgPRGs	RM	['k-rap']	[2017, 2018, 2019, 2020, 2021]	11	6
0VRj0yCOv2FXJNP47XQnx5	Quavo	['atl hip hop', 'melodic rap', 'rap', 'trap']	[2017, 2018, 2019, 2020, 2021]	11	11
30mZI7Hw2MhoarTVYxfyZM	Unique Salonga	['opm', 'pinoy city pop']	[2018, 2019, 2020, 2021, 2022]	10	0
3gIRvgZssIb9aiirIg0nI3	Jeremy Zucker	['alt z', 'electropop', 'pop']	[2018, 2019, 2020, 2021, 2022]	10	3
07YZf4WDAMNwqr4jfgOZ8y	Jason Derulo	['dance pop', 'pop']	[2017, 2018, 2019, 2020, 2021, 2022]	10	7
3PDFGpPl4ienSn5Vwisfrh	Flow G	['pinoy hip hop', 'pinoy r&b', 'tagalog rap']	[2017, 2018, 2019, 2020, 2021, 2022]	10	9
3AQRLZ9PuTAozP28Skbq8V	The Script	['celtic rock', 'pop']	[2017, 2018, 2019, 2020, 2021, 2022]	10	0
3JhNCzhSMTxs9WLGJJxWOY	Macklemore	['pop rap', 'seattle hip hop']	[2017, 2018, 2019, 2020]	10	10
1URnnhqYAYcrqrcwql10ft	21 Savage	['atl hip hop', 'hip hop', 'rap', 'trap']	[2017, 2018, 2019, 2021]	10	7
7DMveApC7UnC2NPfPvlHSU	Cheat Codes	['edm', 'pop', 'pop dance']	[2017, 2018, 2019]	10	10
1anyVhU62p31KFi8MEzkbf	Chance the Rapper	['chicago rap', 'conscious hip hop', 'hip hop', 'pop rap', 'rap']	[2017, 2018, 2019, 2020, 2021]	10	10
15UsOTVnJzReFVN1VCnxy4	XXXTENTACION	['emo rap', 'miami hip hop']	[2017, 2018, 2019]	10	3
5RmQ8k4l3HZ8JoPb4mNsML	Agust D	['k-rap']	[2020]	10	4
74XFHRwlV6OrjEM0A2NCMF	Paramore	['candy pop', 'modern rock', 'pixie', 'pop', 'pop emo', 'pop punk', 'rock']	[2017, 2018, 2021]	10	0
02kJSzxNuaWGqwubyUba0Z	G-Eazy	['indie pop rap', 'oakland hip hop', 'pop rap', 'rap']	[2017, 2018]	10	10
0DnjaQqb436AH1idffI6CQ	Yeng Constantino	['opm']	[2017, 2018, 2019, 2020, 2022]	9	4
6YVMFz59CuY7ngCxTxjpxE	aespa	['k-pop', 'k-pop girl group']	[2020, 2021, 2022]	9	0
6gcteR920pLEynlHzjSRYd	Kiyo	['opm']	[2019, 2020, 2021, 2022]	9	4
6ogIjp0fsbUxlqy9q2rvrT	Shanti Dope	['opm', 'pinoy hip hop', 'pinoy r&b', 'pinoy trap']	[2018, 2019, 2020, 2021, 2022]	9	4
4r63FhuTkUYltbVAg5TQnk	DaBaby	['hip hop', 'north carolina hip hop', 'rap', 'trap']	[2019, 2020, 2021, 2022]	9	8
7gOdHgIoIKoe4i9Tta6qdD	Jonas Brothers	['boy band', 'pop']	[2019, 2020, 2021]	9	2
1Xylc3o4UrD53lo9CvFvVg	Zara Larsson	['pop', 'scandipop', 'swedish electropop', 'swedish pop']	[2017, 2018, 2019, 2020]	9	5
0cGUm45nv7Z6M6qdXYQGTX	Kehlani	['pop', 'r&b']	[2017, 2018, 2019, 2020]	9	9
738wLrAtLtCtFOLvQBXOXp	Major Lazer	['dance pop', 'edm', 'electro house', 'moombahton', 'pop', 'pop dance']	[2017, 2018, 2019]	9	9
13y7CgLHjMVRMDqxdx0Xdo	Gucci Mane	['atl hip hop', 'dirty south rap', 'hip hop', 'pop rap', 'rap', 'southern hip hop', 'trap']	[2017, 2018, 2019, 2020]	9	9
1GxkXlMwML1oSg5eLPiAz3	Michael Bublé	['adult standards', 'canadian pop', 'jazz pop', 'lounge']	[2017, 2018, 2019, 2020, 2021]	9	2
1SrWbIDP84JcSDr0oTBAQw	Matthaios	['opm', 'pinoy hip hop']	[2019, 2020, 2021]	9	7
0QHgL1lAIqAw0HtD7YldmP	DJ Khaled	['hip hop', 'miami hip hop', 'pop rap', 'rap']	[2017, 2018, 2019, 2020, 2021]	9	9
6oMuImdp5ZcFhWP0ESe6mG	Migos	['atl hip hop', 'hip hop', 'rap', 'trap']	[2017, 2018]	9	7
4IWBUUAFIplrNtaOHcJPRM	James Arthur	['pop', 'talent show', 'uk pop']	[2017, 2018, 2019, 2020, 2021, 2022]	8	2
7374lH6kwx9uQATYQ9H3Cp	Eraserheads	['opm', 'pinoy reggae']	[2017, 2018, 2019, 2020, 2021, 2022]	8	0
5LHRHt1k9lMyONurDHEdrp	Tyga	['hip hop', 'pop rap', 'rap', 'trap']	[2018, 2019, 2020, 2021, 2022]	8	7
540vIaP2JwjQb9dm3aArA4	DJ Snake	['edm', 'electronic trap', 'pop', 'pop dance']	[2017, 2018, 2019, 2021, 2022]	8	7
47mIJdHORyRerp4os813jD	League of Legends	['speedrun', 'video game music']	[2018, 2019, 2020, 2021, 2022]	8	8
6aiCKnIN68hohzU3ZzNq48	Sarah Geronimo	['opm']	[2017, 2018, 2019, 2020]	8	3
5CiGnKThu5ctn9pBxv7DGa	benny blanco	['pop']	[2018, 2019, 2020, 2021]	8	8
4xRYI6VqpkE3UwrDrAZL8L	Logic	['conscious hip hop', 'hip hop', 'pop rap', 'rap']	[2017, 2018, 2019]	8	8
1z7b1Pr1rSlvWRzsW3HOrS	Russ	['hawaiian hip hop']	[2019, 2020]	8	1
5HIZU0JzM0AgfItVOm4E08	This Band	['opm', 'p-pop']	[2018, 2019, 2020, 2021]	8	1
4VMYDCV2IEDYJArk749S6m	Daddy Yankee	['latin hip hop', 'reggaeton', 'trap latino', 'urbano latino']	[2017, 2018, 2019]	8	6
5TnQc2N1iKlFjYD7CPGvFc	DAY6	['k-pop', 'k-pop boy group']	[2020, 2021]	8	0
31TPClRtHm23RisEBtV3X7	Justin Timberlake	['dance pop', 'pop']	[2017, 2018, 2020, 2021]	8	4
7f4ignuCJhLXfZ9giKT7rH	NCT 127	['k-pop', 'k-pop boy group']	[2020, 2021]	8	0
2CQZr2RPZmrcvDnaod1ldC	D.O.	['k-pop']	[2021]	8	1
1l8Fu6IkuTP0U5QetQJ5Xt	Fifth Harmony	['girl group', 'pop', 'talent show']	[2017, 2018]	8	5
55Aa2cqylxrFIXC767Z865	Lil Wayne	['hip hop', 'new orleans rap', 'pop rap', 'rap', 'trap']	[2017, 2018, 2020, 2022]	7	7
6JL8zeS1NmiOftqZTRgdTz	Meghan Trainor	['hip pop', 'pop']	[2017, 2018, 2019, 2020, 2021, 2022]	7	3
2G7VQ1kVhVfNagytlousgm	Al James	['opm', 'pinoy alternative rap', 'pinoy hip hop', 'pinoy r&b', 'pinoy trap']	[2017, 2018, 2019, 2020, 2021, 2022]	7	1
0n4a5imdLBN24fIrBWoqrv	Because	['opm', 'pinoy hip hop', 'pinoy r&b', 'pinoy trap']	[2018, 2019, 2020, 2021, 2022]	7	3
4phGZZrJZRo4ElhRtViYdl	Jason Mraz	['acoustic pop', 'dance pop', 'neo mellow', 'pop']	[2017, 2018, 2019, 2020, 2021, 2022]	7	3
6vXTefBL93Dj5IqAWq6OTv	French Montana	['hip hop', 'pop rap', 'rap', 'southern hip hop', 'trap']	[2017, 2018, 2019]	7	7
77AiFEVeAVj2ORpC85QVJs	Steve Aoki	['edm', 'electro house', 'pop dance']	[2017, 2018, 2019]	7	7
0b1sIQumIAsNbqAoIClSpy	j-hope	['k-pop', 'k-rap']	[2018, 2019]	7	2
5rSXSAkZ67PYJSvpUpkOr7	Backstreet Boys	['boy band', 'dance pop', 'pop']	[2017, 2018, 2019, 2020, 2021]	7	0
4iHNK0tOyZPYnBU7nGAgpQ	Mariah Carey	['dance pop', 'pop', 'urban contemporary']	[2017, 2018, 2019, 2020, 2021]	7	1
2dIgFjalVxs4ThymZ67YCE	Stray Kids	['k-pop', 'k-pop boy group', 'pop']	[2020, 2021]	7	0
4O15NlyKLIASxsJ0PrXPfz	Lil Uzi Vert	['melodic rap', 'philly rap', 'rage rap', 'rap', 'trap']	[2017, 2018, 2020]	7	4
4ehtJnVumNf6xzSCDk8aLB	Martin Jensen	['danish electronic', 'edm', 'pop dance']	[2017]	7	6
6lB8vOoI4DRrrVxXwuV19c	Mike Perry	['pop dance', 'swedish tropical house']	[2017, 2018]	7	7
6cEuCEZu7PAE9ZSzLLc2oQ	R3HAB	['dutch house', 'edm', 'electro house', 'pop dance', 'progressive electro house', 'slap house']	[2017, 2018]	7	7
6Dd3NScHWwnW6obMFbl1BH	Daya	['pop']	[2017, 2018]	7	1
5F1aoppMtU3OMiltO8ymJ2	Hugh Jackman	['hollywood', 'show tunes']	[2018]	7	7
7zYj9S9SdIunYCfSm7vzAR	JEON SOMI	['k-pop']	[2019, 2020, 2021, 2022]	6	0
20wkVLutqVOYrc0kxFs7rA	Daniel Caesar	['canadian contemporary r&b']	[2017, 2018, 2019, 2020, 2021, 2022]	6	5
21E3waRsmPlU7jZsS13rcj	Ne-Yo	['dance pop', 'pop', 'r&b', 'urban contemporary']	[2017, 2018, 2019, 2020, 2021, 2022]	6	2
1W7FNibLa0O0b572tB2w7t	Pink Sweat$	['bedroom soul']	[2020, 2021, 2022]	6	1
3jK9MiCrA42lLAdMGUZpwa	Anderson .Paak	['escape room', 'hip hop', 'indie soul', 'neo soul']	[2021, 2022]	6	6
6PvvGcCY2XtUcSRld1Wilr	Silk Sonic	['neo soul']	[2021, 2022]	6	6
0ebNdVaOfp6N0oZ1guIxM8	SUGA	['k-pop']	[2019, 2020, 2021, 2022]	6	6
5y2Xq6xcjJb2jVM54GHK3t	John Legend	['neo soul', 'pop', 'pop soul', 'urban contemporary']	[2017, 2018, 2019, 2020, 2021, 2022]	6	5
0a4r2EnsevvHCukoJ1xFwJ	juan karlos	['opm']	[2017, 2018, 2019, 2020, 2021, 2022]	6	3
2iE18Oxc8YSumAU232n4rW	The Jackson 5	['motown', 'soul']	[2017, 2018, 2019, 2020, 2021]	6	0
0X2BH1fck6amBIoJhDVmmJ	Ellie Goulding	['indietronica', 'metropopolis', 'pop', 'uk pop']	[2017, 2018, 2019]	6	4
2cWZOOzeOm4WmBJRnD5R7I	Normani	['pop', 'r&b']	[2018, 2019, 2020]	6	5
0hEurMDQu99nJRq8pTxO14	John Mayer	['neo mellow', 'singer-songwriter']	[2017, 2018, 2019]	6	1
6WY7D3jk8zTrHtmkqqo5GI	Maren Morris	['classic texas country', 'contemporary country']	[2017, 2018, 2019, 2020, 2021]	6	5
5yVM85m9yNcHO6o0vaaVxW	Daniel Padilla	['opm']	[2017, 2018, 2019, 2020]	6	4
1mcqfNCReSFxun2vIWvC28	KZ Tandingan	['opm']	[2017, 2018, 2019, 2020, 2021]	6	1
2cFrymmkijnjDg9SS92EPM	blackbear	['pop']	[2017, 2019, 2020]	6	2
5exS0bytCYdixgv02DaCm3	William Singe	[]	[2017, 2018, 2019]	6	6
5f7VJjfbwm532GiveGC0ZK	Lil Baby	['atl hip hop', 'atl trap', 'rap', 'trap']	[2018, 2019, 2020, 2021]	6	6
6nfDaffa50mKtEOwR8g4df	GOT7	['k-pop', 'k-pop boy group']	[2020, 2021]	6	0
4A0TivfinfALCAMJqqjZIk	Funk Wav	[]	[2017, 2018, 2020]	6	6
0LyfQWJT6nXafLPZqxe9Of	Various Artists	[]	[2017]	6	0
13ubrt8QOOCPljQ2FL1Kca	A$AP Rocky	['east coast hip hop', 'hip hop', 'rap', 'trap']	[2017, 2018]	6	6
0bdfiayQAKewqEvaU6rXCv	MØ	['danish pop', 'electropop', 'pop', 'pop dance']	[2017, 2018]	6	4
1DlYnIiliftt6R21Y5NOW2	Adie	['opm']	[2021, 2022]	5	0
3PhoLpVuITZKcymswpck5b	Elton John	['glam rock', 'mellow gold', 'piano rock', 'rock']	[2020, 2021, 2022]	5	4
6aZyMrc4doVtZyKNilOmwu	Colbie Caillat	['dance pop', 'neo mellow', 'pop']	[2017, 2018, 2019, 2020, 2021, 2022]	5	2
4S9EykWXhStSc15wEx8QFK	Céline Dion	['canadian pop']	[2017, 2019, 2020, 2021, 2022]	5	1
5PYToRCsrnvikZg3yl2JMr	Stephanie Beatriz	['hollywood', 'movie tunes']	[2021, 2022]	5	4
3RqBeV12Tt7A8xH3zBDDUF	Kelsea Ballerini	['contemporary country', 'country']	[2018, 2019, 2021, 2022]	5	5
09Xydf4dlkr29dH99DmsvQ	Janine Teñoso	['opm', 'pinoy singer-songwriter']	[2017, 2018, 2019, 2021, 2022]	5	2
4fxd5Ee7UefO4CUXgwJ7IP	Giveon	['r&b']	[2021, 2022]	5	2
4Uc8Dsxct0oMqx0P6i60ea	Conan Gray	['bedroom pop', 'pop', 'pov: indie']	[2020, 2021, 2022]	5	1
7LvDTuFCBv08xm6u1pOMK0	TJ Monterde	['cdo indie', 'opm', 'pinoy singer-songwriter']	[2017, 2018, 2019, 2020, 2021, 2022]	5	0
4NeCu267LZemnoq44lZYKy	Julie Anne San Jose	['opm']	[2017, 2018, 2019, 2020, 2021, 2022]	5	1
0AvtzKTYleNqdJXoZasQWG	Stephen Speaks	['opm']	[2017, 2018, 2019, 2020, 2021, 2022]	5	0
70NcAr4ZtA3FAqU16iQZSb	dhruv	['nyc pop']	[2021, 2022]	5	0
2Q9c6ETFOkDDTy53U7DIgr	Maximillian	['gen z singer-songwriter']	[2020, 2021, 2022]	5	1
3wbCeEPAW6po7J46netxMT	Up Dharma Down	['opm']	[2017, 2018, 2019, 2020, 2021, 2022]	5	0
2tIP7SsRs7vjIcLrU85W8J	The Kid LAROI	['australian hip hop']	[2020, 2021, 2022]	5	4
7tKpXx21KVUOR6vvDs6xtg	I Belong to the Zoo	['opm']	[2018, 2019, 2020, 2021, 2022]	5	3
3hv9jJF3adDNsBSIQDqcjp	Mark Ronson	['pop soul']	[2018, 2019]	5	5
2o5jDhtHVPhrJdv3cEQ99Z	Tiësto	['big room', 'brostep', 'dutch edm', 'edm', 'house', 'pop dance', 'slap house', 'trance']	[2017, 2018, 2019, 2021]	5	5
3lFMRWaEWZlfXdBig97kks	Nik Makino	['pinoy hip hop', 'pinoy trap']	[2019, 2020]	5	4
1o2NpYGqHiCq7FoiYdyd1x	Bea Miller	['alt z', 'pop', 'talent show']	[2018, 2019, 2020]	5	5
4npEfmQ6YuiwW1GpUmaq3F	Ava Max	['pop']	[2018, 2019, 2020, 2021]	5	2
25uiPmTg16RbhZWAqwLBy5	Charli XCX	['art pop', 'candy pop', 'metropopolis', 'pop', 'uk pop']	[2017, 2018, 2019]	5	4
26dSoYclwsYLMAKD3tpOr4	Britney Spears	['dance pop', 'pop']	[2017, 2018, 2019, 2020, 2021]	5	0
1okJ4NC308qbtY9LyHn6DO	BloodPop®	['electropop']	[2017, 2018, 2019]	5	5
4BNWanhw4AjSXjBm9L1Jzy	Juris	['opm']	[2017, 2018, 2019]	5	1
6ydoSd3N2mwgwBHtF6K7eX	Calum Scott	['pop']	[2017, 2018, 2019, 2020, 2021]	5	0
56oDRnqbIiwx4mymNEv7dS	Lizzo	['escape room', 'minnesota hip hop', 'pop', 'trap queen']	[2019, 2020, 2021]	5	3
0u4G1K1CSzcp5PZ6G6FIGu	Darren Espanto	['opm']	[2017, 2018, 2019]	5	3
4YLtscXsxbVgi031ovDDdh	Chris Stapleton	['contemporary country', 'outlaw country']	[2018, 2019, 2021]	5	5
4AVFqumd2ogHFlRbKIjp1t	Alesso	['dance pop', 'edm', 'electro house', 'pop', 'pop dance', 'progressive electro house']	[2017, 2018, 2019]	5	4
3b8QkneNDz4JHKKKlLgYZg	Florida Georgia Line	['contemporary country', 'country', 'country pop', 'country road', 'modern country rock']	[2017, 2018, 2019]	5	5
0jKQrxK2zHqxyOAyIMrUQt	SUD	['opm']	[2017, 2018, 2019, 2020]	5	0
4V8Sr092TqfHkfAA5fXXqG	Luis Fonsi	['latin pop', 'puerto rican pop']	[2017, 2018, 2019]	5	5
4ScCswdRlyA23odg9thgIO	Jess Glynne	['pop', 'uk pop']	[2018, 2019]	5	2
0id62QV2SZZfvBn9xpmuCl	Aloe Blacc	['pop soul', 'r&b']	[2017, 2019]	5	5
20JZFwl6HVl6yg8a4H3ZqK	Panic! At The Disco	['pop']	[2018, 2019, 2020, 2021]	5	2
25u4wHJWxCA9vO0CzxAbK7	Lukas Graham	['danish pop', 'scandipop']	[2017, 2018, 2019, 2020, 2021]	5	0
6MDME20pz9RveH9rEXvrOM	Clean Bandit	['pop', 'uk dance', 'uk funky']	[2017, 2018, 2019]	5	5
73sIBHcqh3Z3NyqHKZ7FOL	Childish Gambino	['atl hip hop', 'hip hop', 'rap']	[2017, 2018, 2019, 2020]	5	2
3BmGtnKgCSGYIUhmivXKWX	Kelly Clarkson	['dance pop', 'pop', 'talent show']	[2017, 2018, 2019, 2020, 2021]	5	2
4lDBihdpMlOalxy1jkUbPl	Grey	[]	[2017, 2018, 2019, 2020, 2021]	5	5
2feDdbD5araYcm6JhFHHw7	Labrinth	['indie poptimism', 'pop']	[2017, 2018, 2019]	5	5
00TKPo9MxwZ0j4ooveIxWZ	Loote	['alt z', 'nyc pop']	[2017, 2018, 2019]	5	3
6iVo62B0bdTknRcrktCmak	KAI	['k-pop']	[2020, 2021]	5	0
6bwp9ObI8FWvMPCIWVBmhl	Red Velvet - IRENE & SEULGI	['k-pop']	[2020]	5	0
3paGCCtX1Xr4Gx53mSeZuQ	NCT U	['k-pop', 'k-pop boy group']	[2020, 2021]	5	0
4gOc8TsQed9eqnqJct2c5v	K/DA	['k-pop girl group']	[2018, 2020]	5	5
2AfmfGFbe0A0WsTYm0SDTx	(G)I-DLE	['k-pop', 'k-pop girl group']	[2018, 2020, 2021]	5	3
1bqxdqvUtPWZri43cKHac8	MAX	['viral pop']	[2017, 2018, 2020, 2021]	5	4
17Do37U0HEbxu1tOrKH8dL	Nadine Lustre	['opm', 'p-pop', 'pinoy r&b']	[2017, 2018, 2020]	5	4
2HPaUgqeutzr3jx5a9WyDV	PARTYNEXTDOOR	['r&b', 'rap', 'toronto rap', 'urban contemporary']	[2017, 2018, 2020]	5	5
3YQKmKGau1PzlVlkL1iodx	Twenty One Pilots	['modern rock', 'pop', 'pov: indie', 'rock']	[2017, 2018, 2020]	5	0
6icQOAFXDZKsumw3YXyusw	Lil Yachty	['atl hip hop', 'melodic rap', 'rap', 'trap']	[2017, 2020]	5	5
0FRUZvZNPzM3YJMABJxf2K	WENDY	['k-pop', 'korean pop']	[2021]	5	0
2RdwBSPQiwcmiDo9kixcl8	Pharrell Williams	['dance pop', 'pop']	[2017, 2018]	5	5
4u5smJBskI6Adzv08PuiUP	Kiiara	['alt z', 'electropop']	[2017, 2018]	5	4
2LZDXcxJWgsJfKXZv9a5eG	Cashmere Cat	['downtempo', 'electropop', 'shiver pop']	[2017, 2018]	5	5
1oKdM70mJD8VvDOTKeS8t1	Emily Warren	['alt z', 'nyc pop']	[2017, 2018]	5	5
1KCSPY1glIKqW2TotWuXOR	P!nk	['dance pop', 'pop']	[2017, 2018]	5	0
0touaoSr4QOLYxBJ9lmGgK	Karencitta	['pinoy edm', 'pinoy r&b', 'pinoy trap']	[2018]	5	1
45dkTj5sMRSjrmBSBeiHym	Tate McRae	['alt z', 'pop']	[2020, 2021, 2022]	4	1
4HPuFCMUiNcV4f3ew0flbZ	Alisson Shore	['opm', 'pinoy r&b']	[2019, 2020, 2021, 2022]	4	3
5JMLG56F1X5mFmWNmS0iAp	Chelsea Cutler	['alt z']	[2018, 2019, 2021, 2022]	4	3
5xOvrnVpLjzfGi69GDlzQY	Yuridope	['pinoy hip hop', 'tagalog rap']	[2018, 2019, 2020, 2021, 2022]	4	4
67MNhiAICFY6Pwc2YxCO0K	Elley Duhé	['alt z']	[2018, 2019, 2021, 2022]	4	3
6Ww3OMFzCaO33ulKh1LBFN	Hale	['opm', 'pinoy reggae']	[2017, 2018, 2019, 2020, 2021, 2022]	4	0
5e4Dhzv426EvQe3aDb64jL	Shania Twain	['canadian country', 'canadian pop', 'contemporary country', 'country', 'country dawn']	[2018, 2019, 2020, 2021, 2022]	4	1
6sCbFbEjbYepqswM1vWjjs	Zendaya	['pop', 'post-teen pop']	[2018, 2019, 2020, 2021, 2022]	4	4
2XHTklRsNMOOQT56Zm3WS4	Parokya Ni Edgar	['opm', 'pinoy reggae']	[2017, 2018, 2019, 2020, 2021, 2022]	4	0
28ot3wh4oNmoFOdVajibBl	NMIXX	['k-pop', 'k-pop girl group']	[2022]	4	0
7HJDRQAfEcFiARVehhM6qD	Gloc 9	['opm', 'pinoy hip hop', 'pinoy trap']	[2017, 2018, 2019, 2021, 2022]	4	3
4GNC7GD6oZMSxPGyXy4MNB	Lewis Capaldi	['pop', 'uk pop']	[2019, 2020, 2021, 2022]	4	0
2kRfqPViCqYdSGhYSM9R0Q	Madison Beer	['pop']	[2018, 2020, 2021, 2022]	4	3
1r4hJ1h58CWwUQe3MxPuau	Maluma	['latin pop', 'reggaeton', 'reggaeton colombiano', 'urbano latino']	[2017, 2018, 2019, 2020, 2022]	4	4
73Np75Wv2tju61Eo9Zw4IR	Idina Menzel	['hollywood', 'movie tunes', 'show tunes']	[2019, 2020]	4	4
3DiDSECUqqY1AuBP8qtaIa	Alicia Keys	['neo soul', 'pop', 'r&b']	[2017, 2018, 2019, 2020, 2021]	4	1
4HOEnLufwAqJ2qoJPVnL01	Callalily	['opm']	[2017, 2018, 2019, 2020, 2021]	4	1
1ooV8YZC1KbpEcrmI8WH0F	Yebba	['pop soul']	[2017, 2019, 2021]	4	4
5elcNQkZ6FCZA3grSOMngY	MYMP	['opm']	[2017, 2018, 2019, 2020, 2021]	4	0
060TqET6tyyfAQLXDyIDD8	Raf Davis	['pinoy hip hop', 'pinoy trap']	[2019, 2020]	4	4
71hhKLR9oCOsHLdRIoQ5OU	King Badger	['pinoy hip hop', 'pinoy trap', 'tagalog rap']	[2018, 2019, 2020, 2021]	4	2
4q3ewBCX7sLwd24euuV69X	Bad Bunny	['reggaeton', 'trap latino', 'urbano latino']	[2018, 2019, 2020]	4	3
1yxSLGMDHlW21z4YXirZDS	Black Eyed Peas	['dance pop', 'pop', 'pop rap']	[2017, 2018, 2019, 2020, 2021]	4	1
3QSQFmccmX81fWCUSPTS7y	Dean Lewis	['australian pop', 'singer-songwriter pop']	[2018, 2019, 2020]	4	1
2UeuiDT17tm6ljs9D4bSMX	Agsunta	['opm', 'pinoy rock']	[2018, 2019, 2020, 2021]	4	3
1cZQSpDsxgKIX2yW5OR9Ot	Lennon Stella	['alt z', 'canadian pop', 'uk pop']	[2018, 2019]	4	4
7lIVjtsgz0y1oRQFBAVNzq	Mayonnaise	['opm']	[2017, 2018, 2019, 2020]	4	0
7HkdQ0gt53LP4zmHsL0nap	Ella Mai	['r&b', 'rap', 'uk contemporary r&b']	[2018, 2019]	4	1
3KwmxIhSe9UTSEF37kwngR	SHAED	['electropop']	[2018, 2019, 2020]	4	3
1YlibpAvhJBbMZMBwN1KGv	The Juans	['opm', 'p-pop']	[2017, 2018, 2019, 2020, 2021]	4	0
60rpJ9SgigSd16DOAG7GSa	Billy Ray Cyrus	['country rock']	[2019, 2020]	4	4
6mU8ucezzms5I2kNH6HNlu	Conor Maynard	['post-teen pop', 'uk pop', 'viral pop']	[2017, 2018, 2019]	4	4
20gsENnposVs2I4rQ5kvrf	Sam Feldt	['edm', 'pop dance', 'tropical house']	[2017, 2018, 2019]	4	4
5PokPZn11xzZXyXSfnvIM3	Lifehouse	['neo mellow', 'pop rock', 'post-grunge']	[2017, 2018, 2019, 2020, 2021]	4	0
0lslA51eKXwTUY0TSX9Emy	Marion Aunor	['opm']	[2017, 2018, 2019]	4	2
0uGk2czvcpWQA383Im6ajf	Maggie Lindemann	['alt z', 'dark pop', 'pop']	[2017, 2018, 2019]	4	3
0CEK8AzyeD5ZUdUloB6yQV	CADE	['pop edm']	[2017, 2018, 2019]	4	4
1t2caVgyabZrVDAlmMGraV	Michael Pangilinan	['opm']	[2017, 2018, 2019, 2020, 2021]	4	1
1Mxqyy3pSjf8kZZL4QVxS0	Frank Sinatra	['adult standards', 'easy listening', 'lounge']	[2017, 2018, 2019, 2020, 2021]	4	3
7v4imS0moSyGdXyLgVTIV7	Nat King Cole	['adult standards', 'lounge', 'soul', 'swing', 'vocal jazz']	[2017, 2018, 2019, 2020, 2021]	4	0
3wyVrVrFCkukjdVIdirGVY	Lil Pump	['emo rap', 'miami hip hop', 'pop rap', 'rap', 'trap']	[2017, 2018, 2019]	4	3
3nFkdlSjzX9mRTtwJOzDYB	JAY-Z	['east coast hip hop', 'gangster rap', 'hip hop', 'pop rap', 'rap']	[2017, 2018, 2019, 2021]	4	4
6Ff53KvcvAj5U7Z1vojB5o	*NSYNC	['boy band', 'dance pop', 'pop']	[2017, 2018, 2019, 2020, 2021]	4	0
6IZ4ctovY9dl7bgHClAvKJ	LSD	[]	[2018, 2019]	4	4
63nv0hWWDob56Rk8GlNpN8	The Greatest Showman Ensemble	['movie tunes']	[2018, 2019]	4	4
4Gso3d4CscCijv0lmajZWs	Don Toliver	['rap', 'trap']	[2020, 2021]	4	3
1XLWox9w1Yvbodui0SRhUQ	StaySolidRocky	['melodic rap']	[2020]	4	2
2IDLDx25HU1nQMKde4n61a	Rich Brian	['indonesian hip hop']	[2018, 2020, 2021]	4	3
2jku7tDXc6XoB6MO2hFuqg	Tory Lanez	['canadian hip hop', 'canadian trap', 'melodic rap', 'r&b', 'rap', 'toronto rap', 'trap']	[2017, 2018, 2020]	4	4
6LqNN22kT3074XbTVUrhzX	Kesha	['dance pop', 'pop']	[2017, 2021]	4	1
1LOB7jTeEV14pHai6EXSzF	Cash Cash	['dance pop', 'edm', 'electro house', 'electropowerpop', 'pop dance']	[2017, 2018, 2021]	4	4
6PXS4YHDkKvl1wkIl4V8DL	Fetty Wap	['new jersey rap', 'pop rap', 'rap', 'southern hip hop', 'trap']	[2017, 2018]	4	4
3J0BpFVUc9LeOIVeN5uNhU	Lauren Jauregui	['r&b']	[2017]	4	4
5iNrZmtVMtYev5M9yoWpEq	Seeb	['pop dance']	[2017, 2018]	4	4
4YXycRbyyAE0wozTk7QMEq	Matoma	['pop dance', 'tropical house']	[2017, 2018]	4	4
7eCmccnRwPmRnWPw61x6jM	shy martin	['alt z', 'swedish electropop']	[2017, 2018]	4	2
2XnBwblw31dfGnspMIwgWz	Axwell /\ Ingrosso	['edm', 'pop dance', 'progressive electro house']	[2017, 2018]	4	0
3t5xRXzsuZmMDkQzgOX35S	Robin Schulz	['deep euro house', 'deep house', 'edm', 'german dance', 'pop dance', 'tropical house']	[2017, 2018]	4	4
4kYGAK2zu9EAomwj3hXkXy	JP Cooper	['uk pop']	[2017, 2018]	4	3
4qBgvVog0wzW75IQ48mU7v	KYLE	['deep underground hip hop', 'indie pop rap', 'pop rap', 'viral trap']	[2017, 2018]	4	4
4Rxn7Im3LGfyRkY2FlHhWi	Nick Jonas	['dance pop', 'pop']	[2017, 2018]	4	3
57WHJIHrjOE3iAxpihhMnp	Louis Tomlinson	['pop']	[2017, 2018]	4	2
4RSyJzf7ef6Iu2rnLdabNq	Willy William	[]	[2017, 2018]	4	4
3uWiJPiieoALNDN6Ak3jtd	Emcee Rhenn	['pinoy hip hop', 'tagalog rap']	[2017, 2018]	4	4
76yeOnINtQSXyoEHbkYmtY	Drew Love	[]	[2018]	4	4
7t0rwkOPGlDPEhaOcVtOt9	The Cranberries	['irish rock', 'pop rock', 'rock']	[2018]	4	0
6wPhSqRtPu1UhRCDX5yaDJ	The Pussycat Dolls	['dance pop', 'girl group', 'pop']	[2017, 2018, 2019, 2020, 2021, 2022]	3	0
3xLU748QxpTmIVaiNXXg0P	Encanto - Cast	['movie tunes']	[2021, 2022]	3	3
4slXciON4jYY6mqE9LjSFx	Bandang Lapis	['opm', 'p-pop']	[2020, 2021, 2022]	3	0
4eK6vQqh6wpgldKVWm7560	Jason Marvin	['opm']	[2019, 2020, 2021, 2022]	3	3
1AhjOkOLkbHUfcHDSErXQs	88rising	['asian american hip hop']	[2018, 2019, 2020, 2021, 2022]	3	3
31fsDbpNPKe346urriO4ma	mrld	['opm']	[2021, 2022]	3	0
5L1lO4eRHmJ7a0Q6csE5cT	LISA	['k-pop']	[2021, 2022]	3	1
2hlmm7s2ICUX0LVIhVFlZQ	Gunna	['atl hip hop', 'melodic rap', 'rap', 'trap']	[2020, 2021, 2022]	3	3
7ygtjsCTrCQZAYYPOne9uE	Erik Santos	['opm']	[2017, 2018, 2019, 2020, 2021, 2022]	3	1
3KV3p5EY4AvKxOlhGHORLg	Jeremih	['chicago rap', 'pop rap', 'r&b', 'southern hip hop', 'trap', 'urban contemporary']	[2017, 2021, 2022]	3	2
7cVZApDoQZpS447nHTsNqu	LeeHi	['k-pop']	[2019, 2020, 2021, 2022]	3	2
3r0NbTTxtCBUyxcIR4prXr	Jr Crown	['pinoy hip hop', 'tagalog rap']	[2020, 2021, 2022]	3	3
404RA7nuwzYA8WskpMgUp1	Belle Mariano	['opm']	[2021, 2022]	3	0
1U1el3k54VvEUzo3ybLPlM	Kali Uchis	['colombian pop']	[2017, 2018, 2019, 2021, 2022]	3	2
5cYJYBMg1n71v7cvthr1SO	The Itchyworms	['opm']	[2018, 2019, 2022]	3	0
3xvaSlT4xsyk6lY1ESOspO	Disney	"[""children's music"", 'movie tunes']"	[2019, 2021, 2022]	3	3
4V8LLVI7PbaPR0K2TGSxFF	Tyler, The Creator	['hip hop', 'rap']	[2019, 2021, 2022]	3	2
2LIk90788K0zvyj2JJVwkJ	Jack Harlow	['deep underground hip hop', 'kentucky hip hop', 'pop rap', 'rap']	[2020, 2021, 2022]	3	3
6fWVd57NKTalqvmjRd2t8Z	24kGoldn	['cali rap']	[2020, 2021, 2022]	3	3
6ASri4ePR7RlsvIQgWPJpS	iann dior	['melodic rap']	[2020, 2021, 2022]	3	3
4GBFKKuwmZUnAJt6nBal7A	Kamikazee	['opm', 'pinoy pop punk']	[2017, 2018, 2019, 2020, 2021, 2022]	3	1
1i8SpTcr7yvPOmcqrbnVXY	Ozuna	['puerto rican pop', 'reggaeton', 'trap latino', 'urbano latino']	[2018, 2019, 2021, 2022]	3	3
0fA0VVWsXO9YnASrzqfmYu	Kid Cudi	['hip hop', 'ohio hip hop', 'pop rap', 'rap']	[2020, 2021, 2022]	3	3
4ZZiDxjlriIvH5WQtzFMVk	Ghetto Gecko	['pinoy hip hop', 'tagalog rap']	[2021, 2022]	3	2
6ZgBJRjJsK1iOJGKGZxEUv	South Border	['opm']	[2017, 2018, 2019, 2020, 2021, 2022]	3	1
137W8MRPWKqSmrBGDBFSop	Wiz Khalifa	['hip hop', 'pittsburgh rap', 'pop rap', 'rap', 'southern hip hop', 'trap']	[2020, 2021, 2022]	3	3
5lKZWd6HiSCLfnDGrq9RAm	Leona Lewis	['british soul', 'dance pop', 'pop', 'talent show']	[2017, 2018, 2019, 2020, 2021]	3	0
6nS5roXSAGhTGr34W6n7Et	Disclosure	['edm', 'house', 'indietronica', 'uk dance']	[2019, 2020]	3	3
38EmEgXkgK51MT2tPY0EoC	Bobby Helms	[]	[2017, 2018, 2019, 2020, 2021]	3	0
4qIVPF0s71ZYW3qzhu5GkF	Kina	['sad lo-fi']	[2019, 2020]	3	3
41X1TR6hrK8Q2ZCpp2EqCz	bbno$	['canadian hip hop', 'dark trap', 'meme rap']	[2019, 2021]	3	3
1tXFYQZSAswt4JLB42lpye	Sponge Cola	['opm', 'pinoy reggae']	[2017, 2018, 2019]	3	0
0jarApAsbmiCkYhz0590mE	Freestyle	['opm']	[2017, 2018, 2019, 2020, 2021]	3	0
4obzFoKoKRHIphyHzJ35G3	Becky G	['latin pop', 'latin viral pop', 'rap latina', 'reggaeton', 'urbano latino']	[2018, 2019]	3	3
7h4j9YTJJuAHzLCc3KCvYu	Kina Grannis	['acoustic pop', 'viral pop']	[2018, 2019]	3	0
3ZZzT0naD25RhY2uZvIKkJ	EVERGLOW	['k-pop', 'k-pop girl group']	[2019, 2020]	3	0
46SHBwWsqBkxI7EeeBEQG7	Kodak Black	['florida drill', 'florida rap', 'melodic rap', 'miami hip hop', 'rap', 'trap', 'trap latino']	[2018, 2019]	3	3
31W5EY0aAly4Qieq6OFu6I	A Boogie Wit da Hoodie	['melodic rap', 'rap', 'trap']	[2018, 2019]	3	2
6Ad91Jof8Niiw0lGLLi3NW	YUNGBLUD	['british indie rock', 'modern rock', 'pov: indie', 'rock']	[2019]	3	3
49e4v89VmlDcFCMyDv9wQ9	Dean Martin	['adult standards', 'easy listening', 'lounge', 'vocal jazz']	[2018, 2019, 2020, 2021]	3	0
757aE44tKEUQEqRuT6GnEB	Roddy Ricch	['melodic rap', 'rap', 'trap']	[2019, 2020, 2021]	3	2
43CiK1548VVp2DT95joswS	Billy Crawford	['opm', 'pinoy r&b']	[2019]	3	3
63mE8E2Q1P6J5ibuqE2Kau	Marcus Davis	[]	[2019]	3	3
1GlMjIezcLwV3OFlX0uXOv	Lea Salonga	['movie tunes', 'tagalog worship']	[2017, 2019]	3	2
5qRSs6mvI17zrkJpOHkCoM	iKON	['k-pop', 'k-pop boy group']	[2018, 2019, 2021]	3	0
6XpaIBNiVzIetEPCWDvAFP	Whitney Houston	['dance pop']	[2019, 2020, 2021]	3	2
0RHiqaoRCsFLPeEuj3OQz4	Gary Valenciano	['opm', 'papuri', 'pinoy praise']	[2017, 2018, 2019, 2020]	3	1
5RR0MLwcjc87wjSw2JYdwx	MOMOLAND	['k-pop', 'k-pop girl group']	[2018, 2019]	3	0
2U3FuHYvL3vhkbDAXm24Ep	Dan Caplen	['neo soul', 'uk contemporary r&b']	[2018, 2019]	3	3
2Zi3RrdQqk63Xj0914STkS	Naomi Scott	['movie tunes', 'post-teen pop', 'vapor pop']	[2019]	3	1
4rTv3Ejc7hKMtmoBOK1B4T	Ali Gatie	['canadian hip hop']	[2019, 2020, 2021]	3	0
00FQb4jTyendYWaN8pK0wa	Lana Del Rey	['art pop', 'pop']	[2017, 2019]	3	2
4sTQVOfp9vEMCemLw50sbu	Galantis	['dance pop', 'edm', 'pop', 'pop dance']	[2017, 2019, 2021]	3	3
2SrSdSvpminqmStGELCSNd	Stormzy	['grime', 'uk hip hop']	[2017, 2019]	3	3
7CyeXFnOrfC1N6z4naIpgo	The Ronettes	['brill building pop', 'classic girl group', 'motown', 'rock-and-roll']	[2018, 2019, 2020, 2021]	3	0
7uaIm6Pw7xplS8Dy06V6pT	Trevor Daniel	['melodic rap']	[2019, 2020]	3	1
6eYFryfcEu3QSq59D62wZQ	Brendon Urie	[]	[2019, 2020, 2021]	3	3
4utLUGcTvOJFr6aqIJtYWV	Skylar Grey	['piano rock', 'viral pop']	[2017, 2019]	3	2
6U1dBXJhC8gXFjamvFTmHg	Zac Efron	['hollywood', 'movie tunes', 'post-teen pop']	[2018, 2019, 2020, 2021]	3	3
4Q6nIcaBED8qUel8bBx6Cr	Jax Jones	['dance pop', 'edm', 'house', 'pop dance', 'uk dance', 'uk pop']	[2017, 2018, 2019]	3	3
3hteYQFiMFbJY7wS0xDymP	Gesaffelstein	['dark clubbing']	[2018, 2019]	3	3
4UXqAaa6dQYAk18Lv7PEgX	Fall Out Boy	['emo', 'modern rock', 'pop', 'pop punk', 'rock']	[2017, 2019]	3	2
6fOMl44jA4Sp5b9PpYCkzz	NF	['hip hop', 'pop rap']	[2017, 2018, 2019]	3	0
6O74knDqdv3XaWtkII7Xjp	Boyz II Men	['boy band', 'contemporary r&b', 'new jack swing', 'r&b', 'urban contemporary']	[2017, 2018, 2019]	3	1
0LyOADBjj28cbvJWTXUEGA	Loren Allred	['deep talent show', 'hollywood', 'movie tunes']	[2018, 2019]	3	0
2nZ18B9RTjJH56v2NTnNAI	Leanne & Naara	['pinoy city pop', 'pinoy indie']	[2017, 2018, 2019, 2020]	3	0
5he5w2lnU9x7JFhnwcekXX	Skrillex	['brostep', 'complextro', 'edm', 'electro', 'pop dance']	[2017, 2019, 2021]	3	3
7HV2RI2qNug4EcQqLbCAKS	Keala Settle	['broadway', 'hollywood', 'show tunes']	[2018, 2019]	3	3
6USv9qhCn6zfxlBQIYJ9qs	Dominic Fike	['alternative pop rock', 'pov: indie']	[2019, 2021]	3	2
0Cp8WN4V8Tu4QJQwCN5Md4	BENEE	['alt z', 'nz pop']	[2020]	3	3
0H39MdGGX6dbnnQPt6NQkZ	SAINt JHN	['melodic rap', 'slap house']	[2020]	3	3
5rGrDvrLOV2VV8SCFVGWlj	Imanbek	['electro house', 'pop dance', 'slap house']	[2020]	3	3
4tw2Lmn9tTPUv7Gy7mVPI4	Kenny Rogers	['classic country pop', 'country', 'nashville sound']	[2020]	3	1
6741jcSlgsv0M3B4ruIPS5	EXO-SC	['k-pop', 'k-pop boy group']	[2020]	3	3
0eDvMgVFoNV3TpwtrVCoTj	Pop Smoke	['brooklyn drill', 'rap']	[2020, 2021]	3	2
7uMh23xWiuR7zsNkuNcm2G	MNEK	['house', 'pop dance', 'uk contemporary r&b', 'uk dance', 'uk pop']	[2017, 2018, 2020]	3	3
3FwNjtXQCdxpDOXmgJQGnG	Emman	['opm', 'pinoy hip hop', 'tagalog rap']	[2020, 2021]	3	0
3NRFinRTEqUCfaTTZmk8ek	Savage Garden	['boy band', 'dance pop', 'pop rock']	[2018, 2020]	3	0
40JlNF1w2OiSOyj1nC4y0I	Joseph Vincent	['viral pop']	[2018, 2020, 2021]	3	1
2KsP6tYLJlTBvSUxnwlVWa	Mike Posner	['dance pop', 'pop', 'pop rap']	[2017, 2021]	3	2
2ZRQcIgzPCVaT9XKhXZIzh	Gryffin	['edm', 'pop dance']	[2017, 2018, 2021]	3	3
6T5tfhQCknKG4UnH90qGnz	DNCE	['dance pop', 'pop']	[2017]	3	1
0c173mlxpT3dSFRgMO8XPh	Big Sean	['detroit hip hop', 'hip hop', 'pop rap', 'r&b', 'rap', 'southern hip hop', 'trap']	[2017, 2018]	3	2
4tZwfgrHOc3mvqYlEYSvVi	Daft Punk	['electro', 'filter house', 'rock']	[2017]	3	3
50JJSqHUf2RQ9xsHs0KMHg	Jon Bellion	['indie pop rap']	[2017]	3	2
55fhWPvDiMpLnE4ZzNXZyW	Noah Cyrus	['alt z', 'pop']	[2017, 2018]	3	3
5fyDppLDl1juIu1BcUT5zh	Digital Farm Animals	['uk dance']	[2017, 2018]	3	3
4bYPcJP5jwMhSivRcqie2n	Adam Levine	['deep talent show']	[2017, 2018]	3	1
0q4NrXqJnc367PieejuROJ	Vice	['chicano rap']	[2017]	3	3
3Gm5F95VdRxW3mqCn8RPBJ	Aminé	['pop rap', 'portland hip hop', 'rap', 'underground hip hop']	[2017]	3	0
4tB1f1h4TQqDz4bNaibMpl	Emma Thompson	['movie tunes', 'show tunes']	[2017]	3	2
46GXASE9LHzyssNqKOInUu	Dawin	['nyc pop']	[2017]	3	1
4DdkRBBYG6Yk9Ka8tdJ9BW	Offset	['atl hip hop', 'rap', 'trap']	[2017, 2018]	3	3
3fMbdgg4jU18AjLCKBhRSm	Michael Jackson	['r&b', 'soul']	[2017, 2018]	3	2
26AHtbjWKiwYzsoGoUZq53	Pentatonix	['a cappella', 'viral pop']	[2017, 2018]	3	0
3xbpJdoJDLAfYn3ZeLlukg	Bosx1ne	['pinoy hip hop', 'pinoy r&b', 'tagalog rap']	[2017, 2018]	3	3
5jAMCwdNHWr7JThxtMuEyy	NOTD	['electropop', 'pop dance', 'pop edm']	[2017, 2018]	3	3
2oX42qP5ineK3hrhBECLmj	Andy Grammer	['neo mellow', 'post-teen pop']	[2017, 2018]	3	0
00xU4wfephkJrjwJPDvfkf	O.C. Dawgs	['opm', 'pinoy hip hop', 'pinoy r&b', 'tagalog rap']	[2017, 2018]	3	3
2gBjLmx6zQnFGQJCAQpRgw	Nelly	['dance pop', 'gangster rap', 'hip hop', 'pop rap', 'rap', 'st louis rap', 'urban contemporary']	[2018]	3	3
3AuMNF8rQAKOzjYppFNAoB	Kelly Rowland	['atl hip hop', 'dance pop', 'hip pop', 'r&b', 'urban contemporary']	[2018]	3	3
2LAqcqAQ8KPTsl1HBgBrqM	Michelle Williams	['hollywood']	[2018]	3	2
1LZEQNv7sE11VDY3SdxQeN	Bee Gees	['disco', 'mellow gold', 'soft rock']	[2020, 2021, 2022]	2	0
6n28c9qs9hNGriNa72b26u	PNAU	['alternative dance', 'aussietronica', 'australian dance', 'australian electropop']	[2021, 2022]	2	2
2Go6wC0GsnkVeRoVwh8rqX	Olga Merediz	[]	[2022]	2	2
7dxr6AabRWhsfYRyVJlErK	MC Einstein	['pinoy hip hop', 'tagalog rap']	[2020, 2021, 2022]	2	2
0hDjKSKjl1DC7ovYTDJHe8	Bruno Major	['singer-songwriter pop']	[2021, 2022]	2	0
4vdAAzZBUKbsrvHi6UR7B7	Jessica Darrow	['movie tunes']	[2022]	2	0
18MFcGBHtyW0mU3ufcm0X1	Diane Guerrero	['movie tunes']	[2021, 2022]	2	2
7z5WFjZAIYejWy0NI5lv4T	Dan + Shay	['contemporary country', 'country', 'country road']	[2019, 2020, 2021, 2022]	2	2
01XYiBYaoMJcNhPokrg0l0	STAYC	['k-pop', 'k-pop girl group']	[2021, 2022]	2	0
4BBN286rBKyCWsSPq2cxYO	Sam Kim	['k-pop', 'korean r&b']	[2020, 2021, 2022]	2	0
4xXCRXOfQKQ2gjWxNhNzYW	Air Supply	['soft rock']	[2020, 2021, 2022]	2	0
2Ev7vtPI38BE2kQvwmH4ce	Arthur Miguel	['opm']	[2021, 2022]	2	0
4ISAzgKYMuonWbDhueeoEq	Leslie	['pinoy hip hop', 'tagalog rap']	[2021, 2022]	2	2
4RA4PC3WHM9OHZLExirTcU	APO Hiking Society	['classic opm', 'opm']	[2021, 2022]	2	0
0lAWpj5szCSwM4rUMHYmrr	Måneskin	['indie rock italiano', 'italian pop', 'pop']	[2021, 2022]	2	0
5H6xmHXjsq98NLbEjuE29f	NEIKED	['scandipop']	[2017, 2021, 2022]	2	2
6AgTAQt8XS6jRWi4sX7w49	Polo G	['chicago rap', 'rap']	[2021, 2022]	2	1
2WzaAvm2bBCf4pEhyuDgCY	Ruth B.	['alt z', 'canadian contemporary r&b', 'canadian pop', 'pop']	[2017, 2021, 2022]	2	0
79AyR6ATpj2LTPxfb6FX50	Lauren Spencer Smith	['alt z', 'gen z singer-songwriter']	[2022]	2	0
3JsHnjpbhX4SnySpvpa9DK	V	['j-division', 'korean ost']	[2020, 2021, 2022]	2	0
7Hb2cm4pIeCUKwfzutKyjp	Jason Dhakal	['pinoy indie']	[2021, 2022]	2	2
0iqkVK6sTXi7DZWWOeKy8Q	PDL	['pinoy hip hop', 'pinoy r&b']	[2018, 2019, 2020, 2021, 2022]	2	2
0TlpoVBa03V0XNXBq7Gjrh	Thome	['pinoy hip hop', 'tagalog rap']	[2020, 2021, 2022]	2	2
6SuhlH2L1NB53bBscBqAdu	David Pomeranz	[]	[2022]	2	0
1ZTdxfZTeztyAgKUJVLxAI	Rivermaya	['opm']	[2017, 2019, 2020, 2021, 2022]	2	0
2P3aLwJ41aRYkyFFw2FRM7	Sam Concepcion	['opm']	[2017, 2022]	2	1
5GVk1KCKa1tdHRev4bMw7V	NOBITA	['opm']	[2021, 2022]	2	0
027TpXKGwdXP7iwbjUSpV8	The Walters	['chicago indie', 'pov: indie']	[2021, 2022]	2	0
6U3ybJ9UHNKEdsH7ktGBZ7	JID	['hip hop', 'rap', 'underground hip hop']	[2021, 2022]	2	2
57nPqD7z62gDdq37US9XJR	Arcane	[]	[2021, 2022]	2	2
3QJUFtGBGL05vo0kCJZsmT	salem ilese	['alt z', 'modern indie pop']	[2020, 2021, 2022]	2	1
2M1iyuNJojQoNdyfIMr54j	jikamarie	['pinoy r&b']	[2021, 2022]	2	0
3Y7RZ31TRPVadSFVy1o8os	H.E.R.	['r&b', 'rap']	[2017, 2018, 2019, 2020, 2021, 2022]	2	2
7dFzqx2qyelGPiBKmdSEOT	Rob Deniel	['opm', 'p-pop', 'pinoy singer-songwriter']	[2020, 2021, 2022]	2	0
3qNVuliS40BLgXGxhdBdqu	TAEYEON	['k-pop']	[2020, 2022]	2	0
329e4yvIujISKGKz1BZZbO	Farruko	['reggaeton', 'trap latino', 'urbano latino']	[2019, 2021, 2022]	2	1
7okSU80WTrn4LXlyXYbX3P	Clinton Kane	['alt z', 'gen z singer-songwriter']	[2021, 2022]	2	0
28B54RKpJrEmDoGSTjsfY6	Magnus Haven	['opm', 'p-pop']	[2019, 2020, 2021, 2022]	2	0
72kqSqk124Vnl1wtT6q9Fh	Adassa	['movie tunes']	[2021, 2022]	2	2
7H55rcKCfwqkyDFH9wpKM6	Christina Perri	['pop']	[2017, 2018, 2019, 2020, 2021, 2022]	2	1
2qnQOnL1oLKtH779qZ6iuR	Ylona Garcia	['opm']	[2017, 2022]	2	1
5GdspZ491zr64zzwVJJjJZ	Shehyee	['opm', 'pinoy hip hop']	[2021, 2022]	2	1
2kHxkdiKCSnHMkhIgFBZaI	Kristen Bell	['movie tunes']	[2019]	2	1
4dSQICBjdUIp5iK6RRU2bY	Josh Gad	['movie tunes', 'show tunes']	[2019]	2	1
7KkqUt65v6LMtR369OQ6FB	Jonathan Groff	['broadway', 'hollywood', 'movie tunes', 'show tunes']	[2019]	2	1
4IVAbR2w4JJNJDDRFP3E83	6LACK	['atl hip hop', 'melodic rap', 'r&b', 'rap', 'trap']	[2018, 2019, 2021]	2	2
3nZa8vRD64ueq3d0JNYTsl	6cyclemind	['opm']	[2017, 2018, 2019, 2020]	2	1
5r1tUTxVSgvBHnoDuDODPH	IZ*ONE	['k-pop', 'k-pop girl group']	[2018, 2019, 2020]	2	0
6ZdzYE3CEgY0Umgi3Dsgv8	Michael Dutchi Libranda	['opm']	[2019, 2020]	2	0
0MHgLfmQdutffmvWe5XBTN	Burl Ives	['adult standards', 'american folk revival']	[2018, 2019, 2020, 2021]	2	0
2tQbSWgZLIB8MXMnsXVRro	Nina	['opm']	[2017, 2018, 2019, 2020, 2021]	2	0
7KHA7OOevgTDFhlym0oEyP	Adriana Proenza	['spanish indie pop']	[2019, 2020]	2	2
1MIVXf74SZHmTIp4V4paH4	Mabel	['pop', 'uk pop']	[2019]	2	0
30DIeQNV9s1HEXyuCpGF4l	Khel Pangilinan	['opm']	[2018, 2019, 2020, 2021]	2	0
4STHEaNw4mPZ2tzheohgXB	Paul McCartney	['beatlesque', 'classic rock', 'rock']	[2018, 2019, 2020, 2021]	2	0
4Ga1P7PMIsmqEZqhYZQgDo	Lil Tecca	['melodic rap', 'pluggnb', 'rap']	[2019]	2	0
2OYCiru0FZMaAXWn6eL7MA	VVS Collective	['pinoy hip hop', 'pinoy trap', 'tagalog rap']	[2019, 2020]	2	2
7bMHwS8vf8VvdZ0n9HPfQV	Renzy	[]	[2019, 2020]	2	2
6ZjFtWeHP9XN7FeKSUe80S	Bing Crosby	['adult standards', 'easy listening', 'lounge']	[2017, 2018, 2019, 2020, 2021]	2	1
0uD1WQbTE0pNDiJe0iGEaU	Jnske	['pinoy hip hop', 'tagalog rap']	[2018, 2019, 2020, 2021]	2	2
5MfvrLwRcs98YwS3C9Uf1u	Bullet D	[]	[2018, 2019, 2020, 2021]	2	2
3XEHRbR9NMWfNzQ6TQMS9M	Caleb Santos	['acoustic opm', 'opm']	[2017, 2019, 2020, 2021]	2	0
4cPHsZM98sKzmV26wlwD2W	Brenda Lee	['adult standards', 'easy listening', 'lounge', 'rockabilly']	[2017, 2018, 2019, 2020, 2021]	2	0
35S20clEkkSNUo23ViaslZ	Band Aid	['musical advocacy']	[2017, 2018, 2019, 2020, 2021]	2	0
5IH6FPUwQTxPSXurCrcIov	Alec Benjamin	['alt z', 'pop', 'pov: indie']	[2018, 2019]	2	0
0UntV1Bw2hk3fbRrm9eMP6	B.I	['k-pop']	[2019, 2021]	2	2
3CjlHNtplJyTf9npxaPl5w	CHVRCHES	['indietronica', 'metropopolis', 'neo-synthpop', 'shimmer pop']	[2018, 2019]	2	1
1WsYCXdezMjn0KoIrLvMmC	Ed Sheeran & Justin Bieber	[]	[2019, 2020, 2021]	2	2
45eNHdiiabvmbp4erw26rg	ILLENIUM	['edm', 'melodic dubstep', 'pop dance']	[2019]	2	2
7Io0XduXk7aOHFHA7sLru2	Bonn	['swedish pop']	[2018, 2019]	2	2
4exLIFE8sISLr28sqG1qNX	Travis Barker	['rap rock']	[2019]	2	2
3KovZIDNYgQY8chiNZo2ZF	Just Hush	['opm', 'pinoy r&b', 'pinoy trap']	[2018, 2019, 2020]	2	0
11W91yRxIo7Mw75LClgrGx	Lyca Gairanod	['deep talent show', 'opm']	[2017, 2018, 2019]	2	2
5CE2RNG7WQCwCE63g39Lz7	Darlene Vibares	[]	[2017, 2018, 2019]	2	2
1CO6e7WRJvSFenmQO8n64C	Zhavia	['post-teen pop']	[2018, 2019, 2020]	2	2
3dAzSJ9lQnJSq5Z0OgDBep	Brad Kane	['movie tunes']	[2019]	2	2
4olE3I5QU0dvSR7LIpqTXc	WATT	['modern alternative rock']	[2017, 2018, 2019]	2	2
2kZThDGZcHl4klYYFk0v8n	Moonstar88	['opm']	[2017, 2018, 2019, 2020, 2021]	2	0
4sj6D0zlMOl25nprDJBiU9	Andy Williams	['adult standards', 'easy listening']	[2017, 2018, 2019, 2020, 2021]	2	0
5ILrArfIV0tMURcHJN8Q07	Vanessa Carlton	['lilith', 'neo mellow', 'piano rock', 'pop rock', 'post-teen pop']	[2017, 2018, 2019, 2020]	2	0
1tqhsYv8yBBdwANFNzHtcr	Lil Dicky	['comedy rap', 'indie pop rap', 'pop rap']	[2018, 2019]	2	1
1INuLZXjjVbcJRyWvD1iSq	Jack & Jack	['pop', 'teen pop']	[2018, 2019]	2	2
3SYnDj7btg9gFY7ps8m5d5	RANI	['dutch pop']	[2019]	2	2
5BAyYwbv8OSfqeXMjPgWX6	Toni Gonzaga	['opm', 'papuri']	[2017, 2018, 2019]	2	1
4WN5naL3ofxrVBgFpguzKo	Rudimental	['pop dance', 'uk dance', 'uk funky']	[2018, 2019]	2	2
1WgXqy2Dd70QQOU7Ay074N	AURORA	['art pop', 'norwegian pop']	[2019, 2020, 2021]	2	1
4ofCBoyEiGSePFAG500xev	Regard	['pop dance', 'pop edm', 'slap house', 'uk dance']	[2019, 2021]	2	1
391oLRVmoTkumiN79HkTWu	Darlene Love	[]	[2019, 2020, 2021]	2	0
62WbvkXqQGvXQvw74GU3kQ	Morissette	['opm']	[2017, 2018, 2019, 2020]	2	2
0vRvGUQVUjytro0xpb26bs	Arizona Zervas	['pop rap', 'rhode island rap']	[2019, 2020, 2021]	2	0
028lPW2NdWHdSPCkRkcyhd	Ant Clemons	[]	[2019]	2	2
6vCnF48qqPHgVMBEvcbgkU	CLR	['pinoy alternative rap', 'pinoy hip hop', 'pinoy r&b', 'pinoy trap', 'tagalog rap']	[2019]	2	1
23zg3TcAtWQy7J6upgbUnj	Usher	['atl hip hop', 'contemporary r&b', 'dance pop', 'pop', 'r&b', 'rap', 'south carolina hip hop', 'urban contemporary']	[2018, 2019, 2020, 2021]	2	2
3wcj11K77LjEY1PkEazffa	Burna Boy	['afrobeats', 'dancehall', 'nigerian hip hop', 'nigerian pop']	[2019, 2021]	2	2
0xNog7ZdcTq9sJFiIXJJTH	Kaye Cal	['opm']	[2017, 2018, 2019]	2	0
0JXiS2FrAg3wQYJHcmZdrc	B. Swanson Quartet	[]	[2018, 2019, 2020, 2021]	2	2
7K78lVZ8XzkjfRSI7570FF	José Feliciano	['latin pop', 'puerto rican pop']	[2018, 2019, 2020, 2021]	2	0
3WyQJx169swY8v3htgAqaK	Calvin De Leon	['pinoy hip hop', 'tagalog rap']	[2019, 2020, 2021]	2	2
0p4nmQO2msCgU4IF37Wi3j	Avril Lavigne	['canadian pop', 'candy pop', 'pop']	[2018, 2019]	2	1
3MyB0MyKec3Jq0AH2llk7v	Evan Rachel Wood	['hollywood', 'movie tunes']	[2019, 2020]	2	1
0GM7qgcRCORpGnfcN2tCiB	Tainy	['pop reggaeton', 'reggaeton', 'trap latino', 'urbano latino']	[2019, 2021]	2	2
4jpsw9CQS439N0B7SecMgf	Ant Saunders	['chill r&b', 'viral rap']	[2019, 2020]	2	0
7FNnA9vBm6EKceENgCGRMb	Anitta	['funk pop', 'funk rj', 'pagode baiano', 'pop', 'pop nacional']	[2017, 2019]	2	2
51Blml2LZPmy7TTiAg47vQ	U2	['irish rock', 'permanent wave', 'rock']	[2017, 2019]	2	1
6k0IBR0lU42s2GYpNX7kA9	Brian McKnight	['contemporary r&b', 'quiet storm', 'r&b', 'urban contemporary']	[2018, 2019, 2020]	2	0
6X9aYHnQ75YI8o08aoa0iS	Boyzone	['boy band']	[2017, 2018, 2019]	2	0
5Z1CCuBsyhEHngq3U5IraY	Westlife	['boy band']	[2018, 2019, 2020]	2	0
6auWB5YAlcKaHyrbTH66nd	No Rome	['indietronica']	[2018, 2019, 2020]	2	2
2lolQgalUvZDfp5vvVtTYV	Tony Bennett	['adult standards', 'easy listening', 'lounge', 'vocal jazz']	[2018, 2019, 2020, 2021]	2	0
11hIqBsGRPztdjBHCSLClX	Daniel Bedingfield	['europop', 'talent show']	[2017, 2018, 2019]	2	0
4x1nvY2FN8jxqAFA0DA02H	John Lennon	['beatlesque', 'classic rock', 'rock']	[2018, 2019, 2020, 2021]	2	2
2s4tjL6W3qrblOe0raIzwJ	Yoko Ono	['experimental', 'experimental pop']	[2018, 2019, 2020, 2021]	2	2
66W9LaWS0DPdL7Sz8iYGYe	JP Saxe	['alt z', 'canadian contemporary r&b', 'singer-songwriter pop']	[2019, 2020, 2021]	2	2
2JEIN1g27pZdm3hKB9EwE5	Mark Carpio	['opm']	[2017, 2018, 2019, 2020]	2	0
21WS9wngs9AqFckK7yYJPM	PnB Rock	['melodic rap', 'rap', 'trap']	[2019]	2	2
22JdJVovP3pV9XkGTih01c	Game of Thrones	[]	[2019]	2	2
7pbDxGE6nQSZVfiFdq9lOL	Rex Orange County	['bedroom pop', 'pov: indie']	[2019, 2020, 2021]	2	0
1dpv0XBdgUa5z4vzn7ahIz	Donnalyn	['opm']	[2019, 2021]	2	0
7ltDVBr6mKbRvohxheJ9h1	ROSALÍA	['pop', 'r&b en espanol']	[2019, 2020, 2021]	2	2
4mHAu7NX2UNsnGXjviBD9e	Brooks	['dutch house', 'edm', 'electro house', 'future house', 'pop dance', 'pop edm', 'progressive electro house']	[2018, 2019]	2	2
4yiQZ8tQPux8cPriYMWUFP	Gwen Stefani	['dance pop', 'pop']	[2017, 2018, 2019, 2020, 2021]	2	2
1UTPBmNbXNTittyMJrNkvw	Blake Shelton	['classic oklahoma country', 'contemporary country', 'country', 'country road']	[2017, 2018, 2019, 2020, 2021]	2	2
0YaTdozvKSQ2UkOTTONmSJ	Rachelle Ann Go	['opm']	[2017, 2018, 2019, 2020]	2	0
6feZH59Dj4tl1bQ8D2gukz	Donell Lewis	['nz hip hop', 'pacific islands pop']	[2020, 2021]	2	2
6sFHvCyqklnJpXC9Nh1aag	Alexander 23	['alt z', 'singer-songwriter pop']	[2020, 2021]	2	0
4LEiUm1SRbFMgfqnQTwUbQ	Bon Iver	['chamber pop', 'eau claire indie', 'indie folk', 'melancholia', 'modern rock']	[2020, 2021]	2	2
6zn0ihyAApAYV51zpXxdEp	10cm	['korean pop']	[2020]	2	2
6MPCFvOQv5cIGfw3jODMF0	Internet Money	['pop rap']	[2020, 2021]	2	2
7rkW85dBwwrJtlHRDkJDAC	NAV	['canadian hip hop', 'canadian trap', 'melodic rap', 'rap', 'toronto rap', 'trap']	[2020, 2021]	2	2
56mfhUDKa1vec6rSLZV5Eg	Jawsh 685	['nz pop']	[2020, 2021]	2	2
1bzHq5sIBbCERJKbzj3P3I	Reb Atadero	[]	[2020]	2	2
3NyLd7TMJzuOzLL19ZtbOJ	Topper Fabregas	[]	[2020]	2	2
4cdQigfvaU3fi3mj9I7iHI	Boo Gabunada	[]	[2020]	2	2
27CDb3SwK4OdTI0YrGR9vH	Tanya Manalang	[]	[2020]	2	2
2EGJbNf0Hva2C2N6hvhMXD	Soulstice	['pinoy hip hop', 'tagalog rap']	[2020, 2021]	2	0
3l0CmX0FuQjFxr8SK7Vqag	Clairo	['bedroom pop', 'indie pop', 'pop', 'pov: indie']	[2020, 2021]	2	1
4LLpKhyESsyAXpc4laK94U	Mac Miller	['hip hop', 'pittsburgh rap', 'rap']	[2020]	2	0
1IFBgp2dkXquUYSNEY6hK7	Soulthrll	['bisaya rap', 'cdo indie', 'pinoy hip hop', 'pinoy trap']	[2020, 2021]	2	2
3ybZTNrlK0QhL4rBxfLHOc	Gaho	['k-pop']	[2020, 2021]	2	0
50ifAXDdkDGG0RTON2If8K	Slapshock	['opm', 'pinoy metal', 'pinoy rock']	[2020]	2	0
7bmYpVgQub656uNTu6qGNQ	Hwa Sa	['k-pop', 'korean talent show']	[2020, 2021]	2	1
6sFIWsNpZYqfjUpaCgueju	Carly Rae Jepsen	['canadian pop', 'dance pop', 'pop']	[2017, 2020]	2	0
3hcs9uc56yIGFCSy9leWe7	Lil Durk	['chicago drill', 'chicago rap', 'drill', 'hip hop', 'rap', 'trap']	[2020, 2021]	2	2
6kyw9sh7ryjy1GQdPYH3Yd	Juan Caoile	['pinoy hip hop', 'tagalog rap']	[2020, 2021]	2	2
1EMaB1ZnRpeXWruJZMtaUa	Kyleswish	['tagalog rap']	[2020, 2021]	2	2
6sHCvZe1PHrOAuYlwTLNH4	Gus Dapperton	['bedroom pop', 'indie poptimism', 'pov: indie']	[2020]	2	2
35l9BRT7MXmM8bv2WDQiyB	beabadoobee	['bedroom pop', 'bubblegrunge', 'indie pop', 'pov: indie']	[2020, 2021]	2	2
0tRFWXqKBBQcu5oFVOgVzX	Jaira Burns	['alt z']	[2018, 2020]	2	2
6DIS6PRrLS3wbnZsf7vYic	WALK THE MOON	['dance rock', 'modern rock', 'pop']	[2017, 2020]	2	0
5zctI4wO9XSKS8XwcnqEHk	Lil Mosey	['melodic rap', 'rap conscient']	[2018, 2020]	2	0
6w7j5wQ5AI5OQYlcM15s2L	Extreme	['funk metal', 'glam metal', 'hard rock']	[2017, 2018, 2020]	2	0
6jGMq4yGs7aQzuGsMgVgZR	Lil Tjay	['brooklyn drill', 'melodic rap', 'nyc rap', 'rap']	[2020, 2021]	2	2
5V0MlUE1Bft0mbLlND7FJz	Ella Fitzgerald	['adult standards', 'jazz', 'jazz blues', 'soul', 'swing', 'vocal jazz']	[2017, 2020]	2	0
5KEG7G8LDYlHgFDqZyEEs2	Chris Rea	['soft rock', 'sophisti-pop']	[2018, 2020, 2021]	2	0
4QQgXkCYTt3BlENzhyNETg	Earth, Wind & Fire	['disco', 'funk', 'jazz funk', 'soul']	[2020, 2021]	2	0
6jV25rzTKQ2zMgrqHha1V5	CHANYEOL	['k-pop']	[2017, 2020]	2	2
26cMerAxjx9GedFt0lMDjm	Bella Poarch	['modern alternative pop']	[2021]	2	1
4VkqlQl3hGhxjchI34xp2V	Thyro	['opm']	[2017, 2021]	2	2
64k5e9kV9MdukXjFrR5R37	Jessi	['k-pop']	[2021]	2	1
6cK3NBO6uP7hh0oyuVELFl	Saweetie	['cali rap', 'trap queen']	[2021]	2	2
3aQeKQSyrW4qWr35idm0cy	T-Pain	['dance pop', 'gangster rap', 'hip hop', 'pop rap', 'r&b', 'rap', 'southern hip hop', 'trap', 'urban contemporary']	[2021]	2	2
1HkpK55jsORzgtOURbOeQH	1096 Gang	['pinoy hip hop', 'tagalog rap']	[2021]	2	2
1TiPIraQUT2F6712xJzKa4	Youngwise	['tagalog rap']	[2021]	2	2
54tGnrGjbD4MBrAnBlx2f3	Polo Pi	[]	[2021]	2	2
0HrduboguaavTbDgpOflee	Luci J	['pinoy hip hop', 'tagalog rap']	[2021]	2	2
3pc0bOVB5whxmD50W79wwO	keshi	['chill r&b']	[2021]	2	0
35R1B97CfrqKFFI3QBkTDx	RealestK	[]	[2021]	2	0
1uU7g3DNSbsu0QjSEqZtEd	Masked Wolf	['australian hip hop']	[2021]	2	0
4B65DA1kjKLdgTJydNNDHB	8 Ballin'	['pinoy hip hop', 'pinoy trap', 'tagalog rap']	[2021]	2	2
3LJfVlTp1Ji5n5A0nfv46A	R!S	[]	[2021]	2	2
5HYWUXJGLSD0ZbVBBZTH8o	Supboi K	[]	[2021]	2	2
6z0RqMOlBhJ1zgjcN5bw6d	EGO	[]	[2021]	2	2
6QgGskqE3hymA3nE8A8Lza	Ya'akov	[]	[2021]	2	2
5gCRApTajqwbnHHPbr2Fpi	Juicy J	['crunk', 'memphis hip hop', 'pop rap', 'rap', 'southern hip hop', 'trap']	[2018, 2021]	2	2
3eVa5w3URK5duf6eyVDbu9	ROSÉ	['k-pop']	[2021]	2	0
1IQ4CjwKkdARjL5KtYiMt4	Ez Mil	['pinoy trap']	[2021]	2	0
46MWeeHNVMYRIIofQBEX98	BEAM	['trap soul']	[2021]	2	2
043r4OwwUAYREkBLK5jAiV	FM Static	['canadian ccm', 'canadian pop punk', 'christian punk']	[2021]	2	0
3ZSbXArE6mxOleJnsumK4u	eAeon	['k-indie', 'korean electropop']	[2018, 2021]	2	2
4eKq7eArL96wSQjaaMg9Ic	Munimuni	['opm', 'pinoy indie']	[2021]	2	2
72VBk3SEsEFPF948CmkHT4	Chito Miranda	['pinoy rock']	[2018, 2021]	2	2
1mcTU81TzQhprhouKaTkpq	Rauw Alejandro	['puerto rican pop', 'reggaeton', 'trap latino', 'urbano latino']	[2021]	2	0
6gezkje7GoJlQbHBgLXHuu	Destiny Rogers	[]	[2021]	2	1
56OjNTX2bkrdGcB0staUOV	A-Wall	['bedroom pop']	[2021]	2	0
0wi4yTYlGtEnbGo4ltZTib	Shakin' Stevens	['classic uk pop', 'rockabilly']	[2018, 2021]	2	0
2MoxYOhy9ooC8KRcdgIFif	Leroy Styles	['dutch edm']	[2017]	2	2
7LVPSD4kabI5LiXIVPI8tn	Jona	['opm']	[2017, 2018]	2	0
6s22t5Y3prQHyaHWUN1R1C	AJR	['pov: indie']	[2017]	2	0
2LJxr7Pt3JnP60eLxwbDOu	Mandy Moore	['dance pop', 'neo mellow', 'post-teen pop']	[2017]	2	1
6d47Z08T4snK50HgTEHo5Z	Sage The Gemini	['hyphy', 'pop rap', 'southern hip hop', 'trap']	[2017]	2	0
5X4LWwbUFNzPkEas04uU82	DVBBS	['canadian electronic', 'dutch house', 'edm', 'electro house', 'pop dance', 'progressive electro house', 'slap house']	[2017]	2	2
0ekbDNE2eOq8QiaXM34wer	Howie Day	['acoustic pop', 'neo mellow', 'pop rock']	[2017, 2018]	2	0
4gvkdged3Xw3ImXFm3jiay	Juliander	['swedish pop']	[2017, 2018]	2	2
1DZGAZcaTA32eLJELEsjXY	Kiana V	['pinoy indie']	[2017]	2	2
2FwJwEswyIUAljqgjNSHgP	Snakehips	['electropop']	[2017]	2	2
4N3cNXg5phUzRzuJYYxQlV	Emma Watson	['movie tunes']	[2017]	2	2
4ryoUS0W8qXokfMxrlJt6O	Skip Marley	['modern reggae']	[2017]	2	2
5lLVsxABqSuosfqAoLQeXV	Dan Stevens	['movie tunes']	[2017]	2	1
105Paee9vmV5rfLSG652e1	Ewan McGregor	['hollywood', 'movie tunes']	[2017]	2	2
4poDCMNdZuW1XNK5deqmSj	Ian McKellen	[]	[2017]	2	2
0ZrekatCWFPF9GPKApg9EA	Gugu Mbatha-Raw	[]	[2017]	2	2
3HaL9ONkedXrAybTHYA3w1	Moophs	[]	[2017]	2	2
787bCXOIvGeBw0Bc4kEjhD	Luke Christopher	['indie pop rap']	[2017]	2	0
6gK1Uct5FEdaUWRWpU4Cl2	Petit Biscuit	['new french touch']	[2017]	2	1
4DTbdShHu2RPYEEMUp2XWV	Anjulie	['canadian pop']	[2017]	2	2
6dC0rIJNLSFZwqckLgXJ8p	Timeflies	['indie pop rap']	[2017]	2	1
6jtan6NPL80JFme8IkFiy7	Janice Javier	[]	[2017]	2	1
2h93pZq0e7k5yf4dywlkpM	Frank Ocean	['lgbtq+ hip hop', 'neo soul']	[2017]	2	2
4TH4BHy0LdBi3dpBW4P2UX	R. City	['reggae fusion', 'virgin islands reggae']	[2017]	2	2
3hyEbRtp617pNCuuQjyOmc	Lost Kings	['pop dance', 'pop edm']	[2017, 2018]	2	2
7KUri7klyLaIFXLcuuOMCd	Stargate	['norwegian pop']	[2017]	2	2
4am1I89OWXUzFh4ctRLkdd	Elliott Yamin	['idol']	[2017, 2018]	2	1
5oWOx0BBDSMoFB8JDrjQre	Katharine McPhee	['idol', 'post-teen pop']	[2017, 2018]	2	2
4ISvSAA85lr3lDwpMEBNgS	Jason Reeves	['acoustic pop', 'neo mellow']	[2017, 2018]	2	2
79QO0Xmn1dZhvaLicS2Yrs	The Night Game	['modern alternative rock']	[2017]	2	2
0dtmYDbYpwcdHPBI1OJatT	Hugh Grant	['hollywood']	[2017, 2018]	2	2
74tNiaBNZ0L0B4bu0lF6r1	Haley Bennett	[]	[2017, 2018]	2	2
5PlfkPxwCpRRWQJBxCa0By	HUGEL	['deep house']	[2017]	2	2
1vg8YXdgvLLPPeXZkM7g5W	Daryl Ong	['opm']	[2017, 2018]	2	0
4TrraAsitQKl821DQY42cZ	Sigrid	['norwegian pop']	[2017]	2	0
5mNum7eUoqWS6NBo91NYHP	Abra	[]	[2017]	2	2
1hS9iuisGQkabOUsiGW9Om	Chito Miranda of Parokya Ni Edgar	[]	[2017]	2	2
5KKpBU5eC2tJDzf0wmlRp2	RAYE	['uk contemporary r&b', 'uk pop']	[2017, 2018]	2	2
3iri9nBFs9e4wN7PLIetAw	gnash	['alt z', 'pop']	[2017, 2018]	2	1
7DW4ijH3n36QN0RlC0n649	Angeline Quinto	['opm']	[2017, 2018]	2	0
3tQx1LPXbsYjE9VwN1Peaa	Marc E. Bassy	['indie pop rap']	[2017]	2	2
719ZCUqy59oGckcB1MzVTx	The Company	[]	[2017, 2018]	2	0
02A3cEvlLLCbIMVDrK2GHV	Starley	['aussietronica']	[2017, 2018]	2	2
33JQK4UoS2aMPYBfdB5Ftt	Ryan Riback	['melbourne bounce']	[2017, 2018]	2	2
3JXpwnHbLvXxY99EuXqFPX	Poo Bear	['pop r&b']	[2017, 2018]	2	2
2Rf4X6m0oayCJhaJ5K63GQ	Nathan Sykes	['post-teen pop', 'talent show', 'teen pop']	[2017, 2018]	2	2
5HFNP1mrnemxa4WQHesFyt	Bullet-D	[]	[2017, 2018]	2	2
4e52OjekZlQYZn9GqKJASY	Kent Mnl	[]	[2017, 2018]	2	2
6ioOEWNNGK40H8xrGj6XPW	XYLØ	['alt z', 'indie poptimism', 'la pop']	[2017, 2018]	2	1
7blkMNJv8n9ceP9zlA4W2U	Shawn Hook	['canadian pop']	[2017]	2	2
6G9bygHlCyPgNGxK2l3YdE	Vanessa Hudgens	['dance pop', 'pop', 'post-teen pop']	[2017]	2	2
1IueXOQyABrMOprrzwQJWN	Sigala	['dance pop', 'edm', 'pop dance', 'uk dance', 'uk pop']	[2017, 2018]	2	2
4qzcg58jZdJ9ujEI6Cs3Ad	Krissy	['opm']	[2017]	2	0
5JYo7gm2dkyLLlWHjxS7Dy	Sandro Cavazza	['swedish pop']	[2017, 2018]	2	2
0XOSmu9Qn1agQULUVe0dAK	Inigo Pascual	['opm']	[2017, 2018]	2	1
17lzZA2AlOHwCwFALHttmp	2 Chainz	['atl hip hop', 'hip hop', 'pop rap', 'rap', 'southern hip hop', 'trap']	[2017, 2018]	2	2
25tMQOrIU4LlUo6Sv8v5SE	Gavin James	['irish pop']	[2017, 2018]	2	1
2TL8gYTNgD6nXkyuUdDrMg	Jasmine Thompson	['viral pop']	[2017]	2	2
3Isy6kedDrgPYoTS1dazA9	Sean Paul	['dance pop', 'dancehall', 'pop', 'pop rap']	[2017, 2018]	2	2
6Paz0vXJJ9bCPf0fEm3qzg	Dagny	['norwegian pop']	[2017, 2018]	2	2
360IAlyVv4PCEVjgyMZrxK	Miguel	['r&b']	[2017, 2018]	2	2
5ChF3i92IPZHduM7jN3dpg	Nicky Romero	['big room', 'dutch edm', 'dutch house', 'edm', 'electro house', 'pop dance', 'progressive electro house']	[2017, 2018]	2	2
0SCbttzoZTnLFebDYmAWCm	Glee Cast	['glee club', 'post-teen pop']	[2017, 2018]	2	0
3tVQdUvClmAT7URs9V3rsp	Wizkid	['afrobeats', 'afropop', 'azonto', 'azontobeats', 'nigerian hip hop', 'nigerian pop']	[2017, 2018]	2	2
6t1gpxYbY8OlLA7D2RiikQ	Loud Luxury	['edm', 'pop dance']	[2018]	2	2
5uEeqYFuIChoWKy34jp8xE	Brando	['dance pop', 'pop dance']	[2018]	2	2
1uuV1avDy9Eup5gYHXVG05	Amber Leigh Irish	['acoustic cover']	[2018]	2	0
2TwRMSibtKhC7ZGypSl1el	Drei Raña	['acoustic opm', 'opm']	[2018]	2	0
2cQr2KbzdRtIFlfbHGnNsL	Ziv Zaifman	['show tunes']	[2018]	2	2
1ySGjTzzgiL3khDY9awOGU	Andrea Babierra	['opm']	[2018]	2	2
5A3S65hDDjZ2J4t9LqOwtP	Jem Cubil	['opm', 'pinoy indie']	[2018]	2	2
1pPmIToKXyGdsCF6LmqLmI	Rich The Kid	['atl hip hop', 'melodic rap', 'plugg', 'rap', 'trap']	[2018]	2	0
6Xgp2XMz1fhVYe7i6yNAax	Trippie Redd	['melodic rap', 'rap', 'trap']	[2018]	2	2
7gZfnEnfiaHzxARJ2LeXrf	6ix9ine	['emo rap']	[2018]	2	2
3Hvxz2oZPYuo61ChHKcqQI	Autotelic	['opm', 'pinoy indie', 'pinoy rock']	[2018]	2	0
39rKElzF7q6K4O2flycSEc	Chlara	[]	[2018]	2	0
7CQwac16i1W5ej8YpuL3dv	Boyce Avenue	['acoustic cover', 'neo mellow', 'viral pop']	[2018]	2	1
5vBSrE1xujD2FXYRarbAXc	Years & Years	['gauze pop', 'pop', 'uk pop']	[2018]	2	0
35CFI6iSFTyM0scQKBu8eE	Kim Kyung Hee	['korean ost']	[2022]	1	0
2NzWRNaaLByHyI3wpuec8P	Jim Brickman	['new age', 'new age piano']	[2018, 2022]	1	1
3P33qFNGBVXl86yQYWspFj	Martina McBride	['contemporary country', 'country', 'country dawn', 'country road']	[2018, 2022]	1	1
6TLwD7HPWuiOzvXEa3oCNe	Oliver Tree	['alternative hip hop']	[2021, 2022]	1	0
51sob9QZyfLff9XqvYluN5	Sezairi	['singaporean pop', 'singaporean singer-songwriter']	[2021, 2022]	1	0
70ljCILl0aVXitf3K39YvT	Join The Club	['opm', 'pinoy rock']	[2019, 2020, 2021, 2022]	1	0
3rdJ1bFvwgZw2XZkimg5dW	Young Cocoa	[]	[2022]	1	0
2VSHKHBTiXWplO8lxcnUC9	GAYLE	['modern alternative pop']	[2021, 2022]	1	0
6SKusTjOAPsTZ6kareKQdm	TAEYONG	['k-pop']	[2022]	1	1
3DZrLuJOQFKqV2sjMsKb1V	JENO	[]	[2022]	1	1
5wrZ59w1ndSBlPeUj2f6Fs	HENDERY	[]	[2022]	1	1
5yyf4YDCKGaa71SC7KRw2L	YANGYANG	[]	[2022]	1	1
2P1id80CMwR5R5cwcyIIAi	GISELLE	[]	[2022]	1	1
7LzHjduJmIQZGQsh8luHkD	Zae	['pinoy trap']	[2022]	1	1
0Hd8r7OHPwGn4ao1e0PYAu	Paul N Ballin	['pinoy hip hop', 'tagalog rap']	[2022]	1	1
1NRzxuPpdGushT8YmF5NAa	Edison Lighthouse	[]	[2022]	1	0
2LkkwxA19J8C52wPQl5bG6	Jamie Miller	['pop soul', 'singer-songwriter pop']	[2021, 2022]	1	0
71szvmFWd7TUa7b6XmXj9k	Emmy Meli	[]	[2021, 2022]	1	0
7ypt5Qvb2h6rIahhfls05p	Jekkpot	[]	[2020, 2021, 2022]	1	1
6QrQ7OrISRYIfS5mtacaw2	Jaymes Young	['indie poptimism']	[2021, 2022]	1	0
64H8UqGLbJFHwKtGxiV8OP	THE ANXIETY	['modern alternative pop']	[2021, 2022]	1	1
3rWZHrfrsPBxVy692yAIxF	WILLOW	['afrofuturism', 'pop', 'post-teen pop', 'pov: indie']	[2021, 2022]	1	1
1xoxekeb8jUVHKJB7m6bfg	Tyler Cole	['bedroom soul']	[2021, 2022]	1	1
3wVXTWabe3viT0jF7DfjOL	Vedo	['pop r&b']	[2020, 2021, 2022]	1	0
5R7AMwDeroq6Ls0COQYpS4	Kep1er	['k-pop']	[2022]	1	0
1Cd373x8qzC7SNUg5IToqp	BoyWithUke	['sad rap']	[2021, 2022]	1	0
048LktY5zMnakWq7PTtFrz	CKay	['afro r&b', 'afrobeats']	[2021, 2022]	1	0
4t5uGGNiFjujYEEyVVDEwc	Alfie Castley	[]	[2022]	1	0
6uNxlIP5lzPFf0BHuELOuX	GOT the beat	['k-pop']	[2022]	1	0
1BEUkE2CSUgHTLSBMZdnFB	Mae Muller	['uk contemporary r&b', 'uk pop']	[2021, 2022]	1	1
52gTrzyF0DyfkFl1DQz9Oq	Music Hero	['opm', 'p-pop']	[2020, 2021, 2022]	1	0
6RHTUrRF63xao58xh9FXYJ	IVE	['k-pop girl group']	[2021, 2022]	1	0
73BLwSX6gsNeVzS7DgI4xe	grentperez	['bedroom r&b']	[2022]	1	0
4TdiASPlU3QdZvGQBothcQ	WOOZI	[]	[2022]	1	0
48vmXfV0QPy3ljXBp81Fwn	Coyote Theory	[]	[2022]	1	0
051S1Ka6cz3BQ5kobDhIvj	M Zhayt	['tagalog rap']	[2021, 2022]	1	1
2tJfy9qikHt1mB3mN5kaZT	Hans	[]	[2021, 2022]	1	1
7o2ZQYM7nTsaVdkXY38UAA	Em Beihold	['alt z', 'gen z singer-songwriter']	[2022]	1	0
2zgF783l4A3tMjr081z1wt	Nica del Rosario	[]	[2022]	1	1
6nPFY72thfLl97kQS2KuCs	Gab Pangilinan	[]	[2022]	1	1
4pnp4w9g30yLfVIAFnZMRd	ACRAZE	['pop dance', 'tech house']	[2021, 2022]	1	1
1c70yCa8sRgIiQxl3HOEFo	Cherish	['atl hip hop', 'girl group', 'hip pop', 'r&b', 'southern hip hop', 'urban contemporary']	[2021, 2022]	1	1
21UPYSRWFKwtqvSAnFnSvS	Amaarae	['afro r&b', 'afrobeats', 'alternative r&b', 'ghanaian alternative', 'ghanaian pop']	[2021, 2022]	1	1
2hVWBpjLW4Q7fboYz2pVYK	Moliy	['ghanaian alternative']	[2021, 2022]	1	1
1Hcbuz175YJT1vMX4DnS6E	Bugoy Na Koykoy	['pinoy alternative rap', 'pinoy hip hop', 'tagalog rap']	[2021, 2022]	1	1
2W8yFh0Ga6Yf3jiayVxwkE	Dove Cameron	['pop']	[2022]	1	0
70DFixYAFPv4Pf9kgSfR9O	MARK	[]	[2022]	1	0
7tjVFCxJdwT4NdrTmjyjQ6	Muni Long	['indie r&b']	[2022]	1	0
09wV1iFg4DBtreMGzepTaE	Gatton	['gen z singer-songwriter']	[2022]	1	1
0oFqrawlj2uVL2EPRLR08l	Brooke Young	[]	[2022]	1	1
6LCHWj94a1aMMGf3L3CVhx	Rjay Ty	['pinoy hip hop', 'pinoy trap', 'tagalog rap']	[2020, 2022]	1	1
4QF8kneXYqRCYtjt0Xcs5z	Lexus	[]	[2020, 2022]	1	1
7d86ERlvO5UG44j7Va0Y0C	Pamungkas	['indonesian pop', 'indonesian singer-songwriter']	[2021, 2022]	1	0
67lytN32YpUxiSeWlKfHJ3	Yung Lean	['cloud rap', 'psychedelic hip hop', 'underground hip hop']	[2021, 2022]	1	0
4yvcSjfu4PC0CYQyLy4wSq	Glass Animals	['gauze pop', 'indietronica', 'modern rock', 'pov: indie', 'shiver pop']	[2021, 2022]	1	0
6HaGTQPmzraVmaVxvz6EUc	Jung Kook	['k-pop']	[2022]	1	0
3OGOEwy4VOWKjSAcdiY8Gf	Lance Santdas	['tagalog rap']	[2021, 2022]	1	0
0ZUvK7zGdXLd78mQr3t1Tw	Ricky Montgomery	['la indie', 'pop', 'pov: indie']	[2021, 2022]	1	0
7zkwepHPyac6tCYl0fL0co	ASTN	['bedroom soul']	[2021, 2022]	1	0
6tbjWDEIzxoDsBA1FuhfPW	Madonna	['dance pop', 'pop']	[2022]	1	0
29PgYEggDV3cDP9QYTogwv	Carolina Gaitán - La Gaita	['movie tunes']	[2021, 2022]	1	1
36CUTsdtNgCwMq6zKD1l8I	Mauro Castillo	['modern salsa', 'movie tunes', 'salsa colombiana']	[2021, 2022]	1	1
2as15AH2BTrPk8v4gyElmr	Rhenzy Feliz	[]	[2021, 2022]	1	1
164Uj4eKjl6zTBKfJLFKKK	JVKE	['modern indie pop', 'pov: indie', 'singer-songwriter pop']	[2022]	1	0
26nStRV6Waedt17W4Uhx6l	John Leguizamo	['latino comedy']	[2022]	1	1
1dFRlDO2Z2gjAARxHlovAS	Lo ki	['pinoy alternative rap', 'pinoy hip hop', 'pinoy r&b', 'tagalog rap']	[2022]	1	0
07YUOmWljBTXwIseAUd9TW	Sebastian Yatra	['colombian pop', 'latin pop', 'reggaeton', 'reggaeton colombiano', 'urbano latino']	[2022]	1	0
2Mo2yHjmrDRZW7yRuJwR2w	YEONJUN	[]	[2021, 2022]	1	1
2wAySc3vvZHYYCbrmlpSAk	Sam Pinto	[]	[2022]	1	1
3b1iS74Wn1vc8DMDoxXu3s	J-King	[]	[2022]	1	0
0PYSU1xJn8ay3ckZYsumdH	Cast of Frozen 2	[]	[2019]	1	1
1fctva4kpRbg2k3v7kwRuS	Rvssian	['reggaeton', 'trap latino', 'urbano latino']	[2019]	1	1
1EUmQM6xgUQLUkJVcvSdey	Orange & Lemons	['opm']	[2018, 2019, 2020, 2021]	1	0
3oSJ7TBVCWMDMiYjXNiCKE	Kane Brown	['black americana', 'contemporary country', 'country', 'country road']	[2019]	1	1
5gGmKXhM6UfXzLY7momhGY	Star Magic Kapamilya All Star	[]	[2017, 2018, 2019, 2020]	1	1
0YrWkiT8pKvEu71t5Yllj7	Arvey	['pinoy hip hop', 'tagalog rap']	[2019, 2020]	1	0
05oH07COxkXKIMt6mIPRee	Brandy	['contemporary r&b', 'dance pop', 'hip pop', 'r&b', 'urban contemporary']	[2019]	1	1
5vBrKGOjN10BMwB0cJADj4	bülow	['alt z', 'indietronica']	[2019]	1	1
7FBcuc1gsnv6Y1nwFtNRCb	My Chemical Romance	['emo', 'modern rock', 'pop punk', 'pov: indie', 'rock']	[2019]	1	0
6USMTwO0MNDnKte5a5h0xx	Y2K	['pop rap', 'viral rap']	[2019]	1	1
042sjIstxjQz7xhDkEayIE	Lavaado	[]	[2018, 2019]	1	1
5oDubysiHhs8rspgUVeycc	Cub$kout	[]	[2018, 2019]	1	1
58DoiT68nhZoGfdiIZiiUw	L.A. GOON$	[]	[2019, 2020, 2021]	1	1
4mHU0bUvlVfiq0oarPYlAn	Peso Mercado	[]	[2019, 2020, 2021]	1	1
63XBtGSEZINSyXylZxEUbv	Victoria Monét	['alternative r&b']	[2019]	1	1
77tT1kLj6mCWtFNqiOmP9H	Daryl Hall & John Oates	['album rock', 'classic rock', 'heartland rock', 'mellow gold', 'rock', 'singer-songwriter', 'soft rock', 'yacht rock']	[2018, 2019, 2020, 2021]	1	0
1aX2KW8DGkWYfZlGiaLdbH	M$TRYO	['pinoy hip hop', 'pinoy trap']	[2019, 2020]	1	1
4QvYFzlTFZFg2904xx8gOu	Ariel Rivera	['classic opm', 'opm']	[2018, 2019, 2020, 2021]	1	0
69UfPJgUmFFAVT740qGVZi	Ken Darby Singers	[]	[2018, 2019, 2020, 2021]	1	1
735L650pvygCZZlPMyHqsN	John Scott Trotter & His Orchestra	['light music']	[2018, 2019, 2020, 2021]	1	1
7oEWmZ9dKlAVxTgmjUbYr4	J Boog	['kaneka']	[2019]	1	0
5UjifI1TYefXWn9GdqDOHl	Social House	[]	[2019]	1	1
0GnuCXvnvVtX5DShryuyp9	Aiza Seguerra	['opm']	[2017, 2018, 2019]	1	1
00RJAkLnjGx4kVWVJbOJx1	Carol Banawa	['opm']	[2017, 2018, 2019]	1	1
6MXu7TWZnmykwkXiRJeUMh	Imago	['opm', 'pinoy rock']	[2018, 2019]	1	0
6sEgMZsruguWlnwVdiz4IX	Midnight Meetings	['pinoy indie']	[2018, 2019]	1	0
7aerdWadzubpu06Oxysg6R	Paolo Sandejas	['opm', 'pinoy indie']	[2019]	1	0
7pLntWGInZPQxc4kXxzzjB	Liz Gillies	[]	[2018, 2019, 2020, 2021]	1	1
3yzRiNMZdTsSUgplcyYZ4i	Blanco Brown	['black americana', 'country rap']	[2019]	1	0
14scxEoUN7Dcx1m4EQ7oHe	Ashley O	[]	[2019]	1	0
4rojTfP5nRkmYpdSbWQgV4	Death Stranding: Timefall	['video game music']	[2019]	1	1
1vcXQE9gZOF9PCAtdtT51L	Geo Ong	['opm', 'pinoy alternative rap', 'pinoy hip hop', 'tagalog rap']	[2019]	1	0
2c9O21YLFy4tFI9zCVhbFg	Sunday Service Choir	[]	[2019]	1	1
2yEkZBBjhzKzt6LF5XMaFi	Blue	['boy band']	[2017, 2018, 2019, 2020]	1	0
6C4irZ60X8G7UimMRQiCcg	X1	['k-pop']	[2019]	1	0
4VIvfOurcf0vuLRxLkGnIG	Bradley Cooper	['hollywood']	[2018, 2019, 2020, 2021]	1	1
3bnpcWBcvlfq4hPFJjNPbz	SAFE	['canadian hip hop']	[2019]	1	1
1vVHevk2PD45epYnDi9CCc	Jack Stauber	['hypnagogic pop', 'pittsburgh indie', 'pov: indie']	[2019, 2020]	1	0
57RB9qdhVRreynzLJ5tPkD	Avery	[]	[2019]	1	0
72nLe76yBFSlP6VBzME358	SHAUN	['k-pop']	[2018, 2019]	1	1
2J257euzcjnDLipsyJH3F2	Clipse	['alternative hip hop', 'hardcore hip hop', 'hip hop', 'southern hip hop', 'virginia hip hop']	[2019]	1	1
6I3M904Y9IwgDjrQ9pANiB	Kenny G	['smooth jazz', 'smooth saxophone']	[2019]	1	1
4sEykiNSzZbkFkNXTb1bVd	Hotdog	['classic opm', 'manila sound']	[2019]	1	0
24CgJHK6T7C5OmUbiLLMjJ	Luh Kel	['pop r&b', 'st louis rap']	[2019]	1	0
790FomKkXshlbRYZFtlgla	KAROL G	['reggaeton', 'reggaeton colombiano', 'trap latino', 'urbano latino']	[2019, 2020]	1	1
7xX15v6ahAkcT14kHfB9wB	True Damage	['k-rap']	[2019]	1	1
2YFBOR9KIxC6WqHclkj9Yq	Keke Palmer	['pop r&b', 'post-teen pop', 'r&b']	[2019]	1	1
6Xg22wJOAcnvPUfk5WvODH	JEON SOYEON	['k-pop']	[2019]	1	1
6I3MElirhT5t6Kf7p0hGk9	Duckwrth	['alternative r&b']	[2019]	1	1
1igl9M102nuD96lo3ZoW5d	Thutmose	[]	[2019]	1	1
32pTJUDIqu5vvX5McsyU26	Kelly Badon	[]	[2017, 2018, 2019, 2020, 2021]	1	1
4DWdVW78tmeOIWHqN4D2Yk	Ashley Gosiengfiao	[]	[2017, 2018, 2019]	1	1
2uhjpR62cyl0U8HD38yFQ8	JM De Guzman	['opm']	[2019]	1	0
7KMqksf0UMdyA0UCf4R3ux	James Blunt	['neo mellow', 'pop rock']	[2017, 2018, 2019, 2020, 2021]	1	0
1d8sE3eKAsuUHShVmIwK6d	Psychedelic Boyz	['pinoy alternative rap', 'pinoy hip hop', 'pinoy trap', 'tagalog rap']	[2019]	1	0
58MLl9nC29IXbE4nEtuoP2	Alex & Sierra	['pop', 'post-teen pop']	[2017, 2018, 2019]	1	0
1juIpte4oHJ5ngVLPTUPuJ	Justin Vasquez	['opm', 'pinoy r&b']	[2019, 2020]	1	0
70kkdajctXSbqSMJbQO424	Kacey Musgraves	['classic texas country', 'contemporary country', 'country dawn']	[2019]	1	0
6ZLTlhejhndI4Rh53vYhrY	Ozzy Osbourne	['album rock', 'alternative metal', 'birmingham metal', 'classic rock', 'glam metal', 'hard rock', 'metal', 'nu metal', 'rock']	[2019]	1	1
3rIZMv9rysU7JkLzEaC5Jp	Snow Patrol	['irish rock', 'modern rock', 'neo mellow', 'permanent wave', 'pop rock']	[2017, 2018, 2019, 2020, 2021]	1	0
0FVsUxcFSlxwIM7Qs31s6J	Billy Eichner	['movie tunes']	[2019]	1	1
7xX39IyguhWsTIg4eU2reH	Seth Rogen	['movie tunes']	[2019]	1	1
1kfWoWgCugPkyxQP8lkRlY	Jackson Wang	['k-pop']	[2019]	1	1
7vwlQ7XElRyPMJQGUXBz4O	Tatak Pinoy All-Stars	[]	[2019, 2020, 2021]	1	1
7bT6URJrhJleZUfkrysELD	Armi Millare	['pinoy indie', 'pinoy singer-songwriter']	[2019]	1	0
25IG9fa7cbdmCIy3OnuH57	The Chicks	['contemporary country', 'country', 'country dawn']	[2019]	1	1
2Xr7M6vawpp6zwKOMU7iBU	Reneé Dominique	['pinoy indie']	[2019, 2020]	1	1
7EQ0qTo7fWT7DPxmxtSYEc	Bastille	['metropopolis', 'modern rock', 'pop']	[2018, 2019, 2020]	1	1
5CY0QKsbUBpQJIE2yycsYi	Lil Eddie	[]	[2018, 2019]	1	0
5lpH0xAS4fVfLkACg9DAuM	Wham!	['new romantic', 'new wave', 'new wave pop', 'soft rock']	[2017, 2018, 2019, 2020, 2021]	1	0
3eqjTLE0HfPfh78zjh6TqT	Bruce Springsteen	['heartland rock', 'mellow gold', 'permanent wave', 'rock', 'singer-songwriter']	[2018, 2019, 2020, 2021]	1	0
5DuzBeOgFwViFcv00Q5PFb	WINNER	['k-pop', 'k-pop boy group']	[2019]	1	0
30wdrkW0hVWYdLxmUaIYZp	HARV	[]	[2018, 2019]	1	1
0haZhu4fFKt0Ag94kZDiz2	Sofía Reyes	['latin pop', 'latin viral pop', 'mexican pop', 'reggaeton']	[2019]	1	1
65CKKZilbcSKkAPC9a5Mvh	Oumou Sangaré	['afropop', 'malian blues', 'mande pop', 'wassoulou', 'world']	[2019]	1	1
3XC57xz74X3xUi1hv4mge1	Winona Oak	['swedish pop']	[2018, 2019]	1	1
3C4t1usFGoKHCSRdujm2GN	Ryan Cabrera	['idol', 'neo mellow']	[2017, 2018, 2019, 2020]	1	0
7vXDAI8JwjW531ouMGbfcp	TINI	['latin pop', 'pop argentino']	[2019]	1	1
0vneleczrRRNPF1vj0x0vy	The Harlem Community Choir	[]	[2018, 2019]	1	1
4m2kfAHEnK7Z7qLGxeWtro	The Plastic Ono Band	['beatlesque', 'experimental rock']	[2018, 2019]	1	1
1sBkRIssrMs1AbVkOJbc7a	Rick Ross	['dirty south rap', 'gangster rap', 'hip hop', 'rap', 'southern hip hop', 'trap']	[2019]	1	1
2X97ZAqRKRMYFIDqtvGgGc	Silk City	['edm']	[2018, 2019]	1	1
4f9iBmdUOhQWeP7dcAn1pf	Rag'n'Bone Man	['neo soul']	[2019]	1	1
4SwV4H2atecTIdXKyLfSfR	Nieman	['chill r&b', 'la pop']	[2018, 2019]	1	1
3nlHsNqwCSvT988ZfSW1Yh	Ronan Keating	['europop']	[2019, 2020, 2021]	1	0
2NjfBq1NflQcKSeiDooVjY	Tones And I	['australian pop']	[2019, 2020, 2021]	1	0
5BHFSMEjfLVx1JwRWjAOsE	SuperM	['k-pop']	[2019]	1	0
0HS00NN7MAfF59aJnfcxSO	Stephanie Poetri	['indonesian pop']	[2019]	1	0
1UvsiRB2EarPibq6XRl9Sv	Pricetagg	['pinoy hip hop', 'pinoy trap', 'tagalog rap']	[2019]	1	1
2aiQfmxcWSx7RrqSVbhiFX	Maria Aragon	[]	[2017, 2018, 2019, 2021]	1	0
2sil8z5kiy4r76CRTXxBCA	The Goo Goo Dolls	['neo mellow', 'permanent wave', 'pop rock', 'post-grunge']	[2017, 2018, 2019, 2020, 2021]	1	0
6gbGGM0E8Q1hE511psqxL0	Ray J	['pop rap']	[2019, 2020]	1	0
4ZhFCxPekpmV12n2xMeF2z	Ink	[]	[2019]	1	1
6eouuqqGggqDlYRV63cgPo	Secondhand Serenade	['neon pop punk', 'piano rock', 'pixie', 'pop punk']	[2017, 2018, 2019, 2020]	1	0
2Hjj68yyUPiC0HKEOigcEp	Jesse McCartney	['dance pop', 'pop', 'post-teen pop']	[2017, 2018, 2019, 2020, 2021]	1	0
41qil2VaGbD194gaEcmmyx	Will Smith	['hip hop', 'pop rap']	[2019]	1	0
4U78sK2D3zASSB6oSR38GQ	Christian Bautista	['opm']	[2017, 2018, 2019, 2020, 2021]	1	0
5qa31A9HySw3T7MKWI9bGg	FLETCHER	['alt z', 'pop']	[2019]	1	0
3uZFBSsMiooimnprFL9jD1	Snow	['canadian old school hip hop', 'reggae fusion']	[2019]	1	1
20sxb77xiYeusSH8cVdatc	Meek Mill	['hip hop', 'philly rap', 'pop rap', 'rap', 'southern hip hop', 'trap']	[2018, 2019]	1	1
6t9tbRO9Lv6Oq6xtVwfdrn	Theresa Rex	['scandipop']	[2019]	1	1
0C8kbAJOGo7CHx8jDTyTfR	Mena Massoud	['movie tunes', 'show tunes']	[2019]	1	1
0XATRDCYuuGhk0oE7C0o5G	MAMAMOO	['k-pop', 'k-pop girl group']	[2019, 2020]	1	0
5fSVkkuijRIpxuvSqysYiP	Snøw	['sad lo-fi', 'sad rap']	[2019, 2020]	1	1
1AwO9pWEBSBoWdEZu28XDC	Eartha Kitt	['torch song', 'vocal jazz']	[2017, 2018, 2019]	1	1
0oK8UXKZbQezeRhE0KeBAV	Henri René and His Orchestra	"[""man's orchestra""]"	[2017, 2018, 2019]	1	1
6V03b3Y36lolYP2orXn8mV	98º	['boy band']	[2017, 2018, 2019, 2020]	1	0
5v8jlSmAQfrkTjAlpUfWtu	Perry Como	['adult standards', 'easy listening']	[2018, 2019, 2020, 2021]	1	1
1Ml4OuStDoympbREURAM15	The Fontane Sisters	['deep adult standards', 'vocal harmony group']	[2018, 2019, 2020, 2021]	1	1
0HS96tPggl2nwiz3gNWWI5	Mitchell Ayres & His Orchestra	"[""man's orchestra""]"	[2018, 2019, 2020, 2021]	1	1
3q7HBObVc0L8jNeTe5Gofh	50 Cent	['east coast hip hop', 'gangster rap', 'hip hop', 'pop rap', 'queens hip hop', 'rap']	[2019]	1	1
5sy77gt4bfsLcSQ8GIe4ZZ	Alan Menken	['broadway', 'movie tunes', 'orchestral soundtrack']	[2019]	1	1
3KDpcZPHxvsaVk5PReoGqh	Tim Rice	[]	[2019]	1	1
6eVWXmKBW7Iltub01D9R1c	Valerie Broussard	['bossbeat', 'modern alternative pop']	[2019]	1	1
6xvpfMjWTougrRRtK7iikz	Mason Ramsey	['contemporary country', 'country']	[2019]	1	1
250b0Wlc5Vk0CoUsaCY84M	JENNIE	['k-pop']	[2018, 2019, 2020, 2021]	1	0
2KblXasT9GWonq7ZQtnxsY	Mstryo	[]	[2019]	1	1
0ZVAv3drBuIRSc88ATH6UK	DJ Noiz	['dubsteppe', 'nz hip hop', 'pacific islands pop']	[2020]	1	1
3igAFhxWKhbkKOsPtJVzn5	Kennyon Brown	['slow game']	[2020]	1	1
1vlzHG4ajowI0nTwHk8vHM	Konecs	['pacific islands pop']	[2020]	1	1
3f0X043zSojego7Qn4Yi6U	Ace Banzuelo	['opm', 'p-pop', 'pinoy r&b']	[2020]	1	0
4kI8Ie27vjvonwaB2ePh8T	Portugal. The Man	['indie rock', 'indietronica', 'modern alternative rock', 'modern rock']	[2017, 2020]	1	0
6dhfy4ByARPJdPtMyrUYJK	Yerin Baek	['korean pop']	[2020]	1	0
74cb3MG0x0BOnYNW1uXYnM	Hillsong UNITED	['ccm', 'christian music', 'world worship', 'worship']	[2020, 2021]	1	1
3D04fb59z3ANxVaeHBfxtW	TAYA	['ccm', 'worship']	[2020, 2021]	1	1
2JyNzzFJh2wkkZo7ZjMSs2	JM Bales	[]	[2020, 2021]	1	1
0rx2UZbWDlT7ODEHARgi1L	KVN	[]	[2020, 2021]	1	1
6EJq8HkmiNvcbGyKGNs43M	Kath	['tagalog rap']	[2020, 2021]	1	1
6TCWjPAZ1z3MqRKETGvhk8	Cyclone	[]	[2020, 2021]	1	1
0lLCFkAncltHh96BcwLU0b	Young Weezy	[]	[2020, 2021]	1	1
0u6GtibW46tFX7koQ6uNJZ	Topic	['german dance', 'pop dance', 'pop edm', 'uk dance']	[2020]	1	1
5Wg2b4Mp42gicxEeDNawf7	A7S	['pop dance', 'scandipop', 'uk dance']	[2020]	1	1
1Bl6wpkWCQ4KVgnASpvzzA	BROCKHAMPTON	['boy band', 'rap']	[2020]	1	0
2vTbuBRo7ACOZ3JsCnaL7S	Kyla	['opm']	[2020]	1	1
6eJqAWJdd8JhAN1pQGie4r	Casting Crowns	['ccm', 'christian alternative rock', 'christian music']	[2020, 2021]	1	0
38KfCZGlEjHIJDKDwH132d	Curtis Roach	['lo-fi rap']	[2020]	1	1
76BiSFOr2qBMR7TtLxOG5o	Gian Magdangal	[]	[2020]	1	1
2upiPAdo6THtRqkDCvS0nO	OJ Mariano	[]	[2020]	1	1
7jZKwzpcDkktOdtOaP1M2W	Jon Santos	[]	[2020]	1	1
66ZITIUoSb77XabgRaNOvp	Sheila Francisco	[]	[2020]	1	1
7BHnMTmCwSJIVEUZ74mQxD	Martina Paz	[]	[2020]	1	1
7hz8pmORoxzGefcrAFQRfp	Menchu Lauchengco-Yulo	[]	[2020]	1	1
6zMAnfrMg3Wg0BcgoPUbG7	Ensemble	['german show tunes']	[2020]	1	1
3hB5x7E5sQzBHuG3xiqmUC	Logan Harris	[]	[2020]	1	0
3O5HD95HTEPgoPFOjAb7yV	DripReport	['viral rap']	[2020]	1	0
699OTQXzgjhIYAHMy9RyPD	Playboi Carti	['atl hip hop', 'plugg', 'pluggnb', 'rage rap', 'rap']	[2020]	1	1
1slszTGbkp1uNnI6G5uD0X	BANG YE DAM	[]	[2020]	1	0
2JbE7jUIGtpXSzytnyMg6U	Curtis Waters	[]	[2020]	1	1
44rJuOJLavqhY6qGgpQW4U	Harm Franklin	['alberta hip hop']	[2020]	1	1
36cIRruPdUPW82OmPWVUQ7	Michael Bars	[]	[2020]	1	1
722JCRLv7KTmkgwwCZVFpf	Michael Pacquiao	['pinoy hip hop', 'tagalog rap']	[2020]	1	1
0NIPkIjTV8mB795yEIiPYL	Wallows	['pov: indie']	[2020]	1	1
5GoU6Zkbt3w10nTYq6vBQh	Twenty-Nine Eleven	[]	[2020]	1	1
260LldmHBR0r2wtWtjzNxL	Bekuh Boom	[]	[2020]	1	1
0kErUwb6xgWfkdn0RyZWHZ	Annika Wells	['la pop']	[2020]	1	1
25KaeIB4BrH1WpOG5dIV0n	Yzkk	['pinoy hip hop', 'pinoy trap', 'tagalog rap']	[2020]	1	1
4ETSs924pXMzjIeD6E9b4u	Surfaces	['bedroom soul']	[2020, 2021]	1	0
6DgP9otnZw5z6daOntINxp	Joel Corry	['dance pop', 'pop dance', 'uk dance']	[2020]	1	1
6Rx1JKzBrSzoKQtmbVmBnM	Hayley Williams	['art pop']	[2020]	1	0
3JDG63cSaK3xgDnB2H55Xp	Audrey Mika	['modern indie pop']	[2020]	1	0
7qd6KGoABHifvXKeFNe2Yb	Wolftyla	['trap queen']	[2020]	1	1
3QLIkT4rD2FMusaqmkepbq	Rachel Platten	['post-teen pop', 'viral pop']	[2017, 2020]	1	0
0bBz5bRBkExaej2HxtVfCw	347aidan	['sad rap']	[2020, 2021]	1	0
1OY65G9NJJHsSt1lGLZU6q	NiiHWA	[]	[2020]	1	1
0imE3buPhAowREqCrr4CYe	Peach Tree Rascals	['pov: indie']	[2020, 2021]	1	0
6iWghHqk07KYuZWB21Ff4i	Jem Macatuno	['pinoy singer-songwriter']	[2020]	1	0
0QJIPDAEDILuo8AIq3pMuU	M.I.A.	['escape room', 'indietronica', 'new rave']	[2020]	1	1
63yrD80RY3RNEM2YDpUpO8	Melanie Martinez	['alt z', 'electropop', 'pop']	[2020]	1	0
2qm7ZmuzLVRcaQgeYxXZdT	Lonezo	[]	[2020, 2021]	1	1
5R4HkjoZdxW3ZoVGC0e0qD	Julian Sean	['opm']	[2020]	1	1
5kopqyYrpU0Hfvwj3GqCpl	Nelvic	[]	[2020]	1	1
1KP6TWI40m7p3QBTU6u2xo	BØRNS	['indie poptimism', 'indietronica', 'modern alternative rock', 'modern rock', 'pov: indie']	[2020]	1	0
0qlWcS66ohOIi0M8JZwPft	GFRIEND	['k-pop', 'k-pop girl group']	[2020]	1	0
20DZAfCuP1TKZl5KcY7z3Q	SLANDER	['brostep', 'dubstep']	[2020, 2021]	1	1
6d0ZjIp5L7Ygy2l02HskRX	Dylan Matthew	['singer-songwriter pop']	[2020, 2021]	1	1
35GL8Cu2GKTcHzKGi75xl5	Jennifer Hudson	['dance pop', 'r&b', 'urban contemporary']	[2020, 2021]	1	1
5aMmmNxw4vgpc5XC6hK0zp	The Calling	['neo mellow', 'pop rock', 'post-grunge']	[2017, 2018, 2020]	1	0
6ZPADYpgSS0VwqZPJeX54p	CARELESS	['pinoy r&b', 'pinoy trap']	[2020]	1	1
3V0ZQW0dNuVaFtbVYgSI24	Claire Rosinkranz	['alt z', 'modern indie pop']	[2020]	1	0
4vxaQs6vK54nK89J1VtLex	PUBLIC	['indie rockism']	[2020, 2021]	1	0
4zrB9WV6Z0iKKnGb1Pj0P2	AJ Rafael	['viral pop']	[2020]	1	0
4XpUIb8uuNlIWVKmgKZXC0	ZICO	['k-pop', 'korean r&b']	[2020]	1	0
7MPGCB854Qo4alYMOPkBka	Ritt Momney	['bedroom pop']	[2020, 2021]	1	0
7Dhd8nNMvFdye1R3Y8wE6C	Lil Vinceyy	['pinoy hip hop', 'tagalog rap']	[2020, 2021]	1	1
4CXLeb01RHMHdXyUQT84M8	Guel	[]	[2020, 2021]	1	1
6bmlMHgSheBauioMgKv2tn	Powfu	['sad lo-fi', 'sad rap']	[2020, 2021]	1	1
6DiAVYfSzZi8h1fGuTD6LI	Jimmy Bondoc	['opm']	[2020]	1	0
5dcOK4stT4JDkP6Dqhbz5s	Sheena Easton	['mellow gold', 'minneapolis sound', 'new romantic', 'new wave pop', 'soft rock']	[2020]	1	1
6fs2or0cKLEM2xohWq8SoX	Lexie Liu	['chinese electropop']	[2020]	1	1
4TqlcgMFDryY96KWcvrhTv	Seraphine	[]	[2020]	1	1
7ksQJtsXSRSrI5306UwIgH	Kim Jong Wan of NELL	['korean ost', 'korean pop']	[2020]	1	1
1lmU3giNF3CSbkVSQmLpHQ	Surf Mesa	[]	[2020]	1	1
4ArPQ1Opcksbbf3CPwEjWE	Emilee	['social media pop']	[2020]	1	1
5ENj57ble0bsG2s6C0vVkc	Alessandra De Rossi	[]	[2020]	1	1
3prQP1rZAd6Z0RokkyZ0zP	Paolo Contis	[]	[2020]	1	1
5yy76ufVriyvidNSvXlRU1	Clever	['alabama rap']	[2020]	1	1
6nVcHLIgY5pE2YCl8ubca1	Jhayco	['reggaeton', 'trap latino', 'urbano latino']	[2020]	1	1
4N7IToHBlPXqlrXiv1Nij6	rei brown	[]	[2020]	1	1
543f0NvGig5Moo9XROTUur	Ebe Dancel	['opm', 'pinoy rock']	[2020, 2021]	1	0
1wmiQ6ytATiGnJs6uFluKO	Jay Som	['art pop', 'bay area indie', 'bubblegrunge', 'indie pop', 'oakland indie', 'small room']	[2020]	1	1
2C9n4tQgNLhHPhSCmdsQnk	David Archuleta	['idol', 'lds youth', 'post-teen pop']	[2020]	1	0
5BcAKTbp20cv7tC5VqPFoC	Macklemore & Ryan Lewis	['pop rap', 'seattle hip hop']	[2017, 2020]	1	1
4myTppRgh0rojLxx8RycOp	Ryan Lewis	['pop rap']	[2017, 2020]	1	1
4e0nWw2r4BoQSKPQ2zpU13	Ray Dalton	[]	[2017, 2020]	1	1
6L1XC7NrmgWRlwAeLJvVtA	Sam Fischer	['australian pop', 'singer-songwriter pop']	[2020, 2021]	1	0
4RVnAU35WRWra6OZ3CbbMA	Kylie Minogue	['australian dance', 'australian pop', 'dance pop', 'eurodance', 'new wave pop']	[2018, 2020, 2021]	1	0
65pC7ySFWSOsEUPorwrAaK	M$tryo	[]	[2020]	1	1
4uTrcSQy4Mln47xoNTTaYh	Leslie	[]	[2020, 2021]	1	1
1AUXkzvFyZ10nzrpb9kDg4	Honcho	[]	[2020, 2021]	1	1
5p2PcSTLcpEYenYp1kDgv8	Flip-D	[]	[2020, 2021]	1	1
19vSzy8s8Vc04MWTqExkLN	Ajay Stephens	[]	[2020]	1	0
2M4mQMnLHQQXsFsRmTTqsR	Jana Garcia	['pinoy singer-songwriter']	[2020]	1	0
5hACxwOyI5SiMCONu6KS4L	Castro	['old school highlife']	[2020]	1	1
3DKkhRCGOG4e8IUPYFPfWs	Dixie	['social media pop']	[2020]	1	1
3gz6bSc7rsT9g4cB7r4xac	Young Vito	[]	[2020]	1	0
2cCUtGK9sDU2EoElnk0GNB	The National	['chamber pop', 'indie folk', 'indie rock', 'indietronica', 'modern rock', 'stomp and holler']	[2020]	1	1
7vPGzgDg3qGUY5bWtrO3K4	Conkarah	['jawaiian']	[2020]	1	1
5EvFsr3kj42KNv97ZEnqij	Shaggy	['dance pop', 'pop rap', 'reggae fusion']	[2020]	1	1
2fZcYu4ltOFdwsnDmLQ9jl	DJ Fle	[]	[2020]	1	1
7MmIC8lbUdmL6c05M63KF6	The Rossman Ensemble	[]	[2020]	1	0
19POcrtA9EM2Bvlgf19VPu	Brian Pepito	['bisaya rap', 'vispop']	[2020]	1	0
36MQil20hjOpG5f52NQ4du	Moon Sujin	['korean r&b']	[2020]	1	1
3ID2V4b0oGSEbwPENAsdbG	Gagong Rapper	[]	[2020]	1	1
1wdkbIM3oqP1nNLYEoPzG6	Mz. Kyla	[]	[2020]	1	1
7IlRNXHjoOCgEAWN5qYksg	Aya Nakamura	['basshall', 'pop urbaine', 'r&b francais']	[2020, 2021]	1	0
2TJHmhbmT7L3gw2NKyDTHh	Manu Pilas	[]	[2020]	1	0
0xRXCcSX89eobfrshSVdyu	MEDUZA	['pop dance', 'pop house', 'uk dance']	[2020]	1	1
4EPJlUEBy49EX1wuFOvtjK	Becky Hill	['pop dance', 'pop house', 'uk dance', 'uk pop']	[2020]	1	1
2nm38smINjms1LtczR0Cei	Goodboys	['pop dance', 'uk dance']	[2020]	1	1
293zczrfYafIItmnmM3coR	Chuck Berry	['blues', 'blues rock', 'classic rock', 'rock', 'rock-and-roll', 'rockabilly', 'soul']	[2018, 2020]	1	0
5IBvcnaqYrSaeyM0q6sHuf	Dudut	['tagalog rap']	[2020, 2021]	1	1
021sXp6RH5MQCCp2hmal6q	Jom	['pinoy r&b']	[2020]	1	1
4Ui2kfOqGujY81UcPrb5KE	HAIM	['indietronica', 'metropopolis']	[2020, 2021]	1	1
43ZHCT0cAZBISjO8DG9PnE	Elvis Presley	['rock-and-roll', 'rockabilly']	[2018, 2020]	1	0
59IohbmVWokN339BcxYt1S	Danzz	[]	[2020]	1	0
65kpH75MFCBJhLy7qvVl6A	Aegis	['classic opm', 'opm']	[2017, 2020]	1	0
1Do4bSzfUl0KWL9r1fITu0	Yoon Mirae	['k-pop', 'korean ost', 'korean pop', 'korean r&b']	[2020]	1	0
3dHrjVSiVsUczt01HaFSVi	AR$ON	[]	[2020]	1	1
0qSX3s5pJnAlSsgsCne8Cz	Brett Eldredge	['contemporary country', 'country', 'country road', 'modern country rock']	[2018, 2020, 2021]	1	1
1BRWy7wxFVAwIgkKSKv3mg	Chris Line	[]	[2020, 2021]	1	1
09DdQEMQaaq0f99vqqub3V	krissy & ericka	['acoustic opm', 'p-pop']	[2017, 2020, 2021]	1	0
3Q2ya2vGeOhQ9CaF9wWNP6	Shane Filan	['irish pop']	[2020, 2021]	1	0
4YXNoMVTHRt01jYaKXTumJ	Raiden	['korean electronic']	[2020]	1	1
3hvinNZRzTLoREmqFiKr1b	CHANGMO	['k-rap', 'korean r&b']	[2020]	1	1
7guDJrEfX3qb6FEbdPA5qi	Stevie Wonder	['motown', 'soul']	[2018, 2020]	1	0
2PaZWGu5T5nHjY2xxAkFsT	THE SCOTTS	['viral rap']	[2020]	1	1
3Xt3RrJMFv5SZkCfUE8C1J	Kim Petras	['alt z', 'pop', 'transpop']	[2020]	1	1
1bgvuzIjHq12cBsfXCoEBe	Nightbirde	[]	[2021]	1	0
22wbnEMDvgVIAGdFeek6ET	Benson Boone	['singer-songwriter pop']	[2021]	1	0
1O5apWv8xRb6YbHu7E0Tu6	Yumi	[]	[2021]	1	1
6MoXcK2GyGg7FIyxPU5yW6	SUNMI	['k-pop']	[2021]	1	1
1tM4ox3QsSpl3R2VwLjJ47	Larissa Lambert	['chill r&b']	[2021]	1	0
0z4gvV4rjIZ9wHck67ucSV	Akon	['dance pop']	[2021]	1	1
1mCY2mHctggfYiEqpCgcSz	Bonnie Bailey	[]	[2021]	1	0
4OLOVZJrO7dUqLrDyxoPOL	Guddhist Gunatita	['pinoy hip hop', 'tagalog rap']	[2021]	1	1
3fCQnw6VSudXBTN5d2QP2z	Gary Lightbody	['british singer-songwriter']	[2021]	1	1
2WgfkM8S11vg4kxLgDY3F5	StarBoi3	['viral rap']	[2021]	1	1
0B3N0ZINFWvizfa8bKiz4v	James TW	['british singer-songwriter']	[2021]	1	1
687cZJR45JO7jhk1LHIbgq	Tems	['afro r&b', 'afrobeats', 'alte', 'nigerian pop']	[2021]	1	1
3Dr5ezvDdYsycy1gfaZWSL	raven	[]	[2021]	1	0
44vREmJC0OlVZjZaGLqVEd	Morray	['pop rap']	[2021]	1	1
5o615XColiSVMPDWlslKSk	Wonstein	[]	[2021]	1	1
72Nhcx7prNk2ZCxhx0Y5es	Amy Grant	['christian music']	[2021]	1	0
1HvYwEbfOUhm2F4g9nH0vP	Joey Galaxy	[]	[2021]	1	1
0mMYT4FxNCb2apSQFsRvj6	Meeks	[]	[2021]	1	1
10exVja0key0uqUkk6LJRT	Vance Joy	['folk-pop', 'modern rock']	[2021]	1	1
4OBJLual30L7gRl5UkeRcT	T.I.	['atl hip hop', 'dirty south rap', 'gangster rap', 'hip hop', 'pop rap', 'rap', 'southern hip hop', 'trap']	[2021]	1	1
7hJcb9fa4alzcOq3EaNPoG	Snoop Dogg	['g funk', 'gangster rap', 'hip hop', 'pop rap', 'rap', 'west coast rap']	[2021]	1	1
34HmvZztvxqAo2mBSAieRe	Young K	[]	[2021]	1	1
0tvpihdAsKiNnP6sWS3jUI	TroyBoi	['bass trap', 'electronic trap']	[2021]	1	1
2joIhhX3Feq47H4QXVDOr3	RINI	['australian r&b', 'bedroom soul']	[2021]	1	0
2o08sCWF5yyo2G4DCiT7T9	HVME	['slap house']	[2021]	1	1
1r1uxoy19fzMxunt3ONAkG	Phoebe Bridgers	['indie pop', 'la indie', 'pov: indie']	[2021]	1	1
7yaaxrkMOWJZXpIYHkppDH	Angela Ken	['pinoy singer-songwriter']	[2021]	1	0
7wlFDEWiM5OoIAt8RSli8b	YoungBoy Never Broke Again	['baton rouge rap', 'rap']	[2021]	1	1
7c1HgFDe8ogy5NOZ1ANCJQ	Car, the garden	['k-indie', 'korean pop']	[2021]	1	0
3klZnJvYGIbWritVwQD434	Duncan Laurence	['dutch pop']	[2021]	1	0
4XDi67ZENZcbfKnvMnTYsI	Jay Park	['k-pop', 'k-rap', 'korean r&b']	[2021]	1	0
6ArTnRRlbEZrMwf24yBxux	Fortafy	['nz hip hop', 'slow game']	[2021]	1	1
3kft86DbqCNr7rjq3pEj0G	Sarah Cothran	['gen z singer-songwriter']	[2021]	1	0
1FtBEIWAwvw5ymBen5GICR	Chlöe	[]	[2021]	1	0
2aimBlrl5emsCZztoMvrFp	Gloc 9	[]	[2021]	1	1
7gXb99Sf9nNmpNYeAgIQFG	Sub Urban	['modern indie pop']	[2021]	1	1
2l35CQqtYRh3d8ZIiBep4v	MKTO	['pop', 'post-teen pop']	[2021]	1	0
5fR4xhDybxRY7SwyUwQy34	The Stereotypes	[]	[2021]	1	1
4NslYs4dIwJjyAmfak2Yc2	Lipip	['pinoy r&b', 'tagalog rap']	[2021]	1	1
4fhejfeRXmlwh5ozRvrltW	Asiong De Luna	['pinoy trap']	[2021]	1	1
4G6h14o5YEgdmiwd10cemr	esseca	['pinoy hip hop', 'pinoy r&b', 'tagalog rap']	[2021]	1	1
73B9bjqS2Z5KLXNGqXf64m	Weeekly	['k-pop']	[2021]	1	0
70gP6Ry4Uo0Yx6uzPIdaiJ	Bas	['queens hip hop', 'rap', 'sudanese hip hop', 'sudanese pop', 'underground hip hop']	[2021]	1	1
7BxbcnOfx5r4d53UQl2I1s	Zild	['opm']	[2021]	1	1
2kCO8LXN1usaOPL3iEE28I	Tai Verdes	['modern indie pop', 'singer-songwriter pop']	[2021]	1	0
6l880dxsvN2x5wiceaG6D0	Rico Blanco	['opm', 'pinoy rock']	[2021]	1	0
1h6Cn3P4NGzXbaXidqURXs	Swedish House Mafia	['edm', 'pop dance', 'progressive electro house']	[2021]	1	1
2vnB6tuQMaQpORiRdvXF9H	Beach Bunny	['bubblegrunge', 'chicago indie', 'indie pop', 'pov: indie']	[2021]	1	0
08Ld63UgKrJ0nZnCkzHtzc	Project Pat	['crunk', 'dirty south rap', 'gangster rap', 'memphis hip hop', 'trap']	[2021]	1	1
2Cm26ufVCzZu7XVrLH3P6O	Hey Its Je	['tagalog rap']	[2021]	1	0
4wP1kxjUsc9IR4Iy2smL7o	Trinidad Cardona	['sped up']	[2021]	1	0
47BEc2RoW53owMyxacXWdV	Yves V	['belgian edm', 'dutch house', 'edm', 'electro house', 'pop dance', 'progressive electro house', 'progressive house', 'slap house']	[2021]	1	1
0TnOYISbd1XYRBk9myaseg	Pitbull	['dance pop', 'miami hip hop', 'pop']	[2021]	1	1
0CIwCGmQMqHqiblnZlFia1	Stephen Marley	['reggae', 'roots reggae']	[2021]	1	1
5Qnl3RAtzne7J1dxRv1UBc	NCT 2021	[]	[2021]	1	0
7i9j813KFoSBMldGqlh2Z1	Riton	['house', 'pop dance', 'uk dance']	[2021]	1	1
1gALaWbNDnwS2ECV09sn2A	Nightcrawlers	['disco house', 'hip house', 'uk dance', 'vocal house']	[2021]	1	1
4L2dV3zY7RmkeiNO035Fi0	Mufasa & Hypeman	[]	[2021]	1	1
3Edve4VIATi0OZngclQlkN	Dopamine	[]	[2021]	1	1
2bWTIIQP9zaVc55RaMGu7e	Seori	['korean r&b']	[2021]	1	1
70ZTdbPEcEugBNay4MvxfL	Bread	['folk rock', 'mellow gold', 'singer-songwriter', 'soft rock']	[2021]	1	0
42daDEQTdYaqtHG5sH5HMD	Celina Sharma	[]	[2021]	1	1
58LXBTOy629nyAjqX8iUTE	Harris J.	['nasheed']	[2021]	1	1
52zMTJCKluDlFwMQWmccY7	LOONA	['k-pop', 'k-pop girl group']	[2021]	1	0
7gXy60xRcwYujBFoYHnR2O	Big Red Machine	['eau claire indie', 'folktronica']	[2021]	1	1
4qXC0i02bSFstECuXP2ZpL	Blxst	['pop rap', 'westcoast flow']	[2021]	1	1
5WHKBKrvTBMPoQX3v3Bq8J	Leah Nobel	['nashville singer-songwriter']	[2021]	1	0
1MXZ0hsGic96dWRDKwAwdr	Tyla Yaweh	['cali rap', 'melodic rap']	[2021]	1	1
3eCd0TZrBPm2n9cDG6yWfF	DEAN	['k-pop', 'korean r&b']	[2021]	1	1
0sYpJ0nCC8AlDrZFeAA7ub	JOY	['k-pop']	[2021]	1	0
3uwAm6vQy7kWPS2bciKWx9	girl in red	['alt z', 'bedroom pop', 'indie pop', 'norwegian indie', 'pop', 'pov: indie']	[2021]	1	0
0u2FHSq3ln94y5Q57xazwf	Keith Urban	['australian country', 'australian pop', 'contemporary country', 'country', 'country road']	[2021]	1	1
4pfy05cNNTacuOQ6SiSu4v	Lyn Lapid	['gen z singer-songwriter']	[2021]	1	0
05YVYeV4HxYp5rrWalvuE1	Grover Washington, Jr.	[]	[2021]	1	1
1ThoqLcyIYvZn7iWbj8fsj	Bill Withers	['funk', 'quiet storm', 'soul']	[2021]	1	1
2d3VHzlOEwXvmBdS4pzOPL	LeAnn Rimes	['contemporary country', 'country', 'country dawn', 'country road']	[2021]	1	0
60glra0QYcARAJr4OeJVNP	blondette	[]	[2021]	1	1
7cOjsQCBOubFpm77Wh7pan	sweet planet	[]	[2021]	1	1
4N874uPqBka1QiCvnCVOtr	Phoebe Ryan	['alt z', 'indie poptimism']	[2017, 2018, 2021]	1	1
1kBeFZ3qUQxTi2H3OuECQQ	Guddhist	[]	[2021]	1	1
5vV3bFXnN6D6N3Nj4xRvaV	JIN	['k-pop']	[2021]	1	0
3Z02hBLubJxuFJfhacLSDc	Bryan Adams	['canadian pop', 'canadian singer-songwriter', 'classic canadian rock', 'heartland rock', 'mellow gold', 'soft rock']	[2021]	1	0
0jnsk9HBra6NMjO2oANoPY	Flo Rida	['dance pop', 'miami hip hop', 'pop', 'pop rap']	[2017]	1	1
3hPPNy5OBzCU1icQO7Nrok	99 Percent	[]	[2017]	1	1
2URnDoxQb8QV2GlfMVDy99	Sydnee Carter	[]	[2017]	1	1
4KOFxteqSAveWCElBVijTy	Joshua Garcia	['opm']	[2017]	1	0
7wjeXCtRND2ZdKfMJFu6JC	Louane	['french pop']	[2017]	1	1
5mnS9jJdKQQcRSqFu5YPVe	Auli'i Cravalho	['movie tunes']	[2017]	1	0
3r3Rkuc4jmZHXgchgaXwnv	Suzi	[]	[2017]	1	1
78DWNk8gFHU30TGITAgbM7	CMC$	['pop edm', 'vapor twitch']	[2017]	1	1
71WExccCBN2mw0klSzfYzz	Gia Koka	[]	[2017]	1	1
7FgMLbnZVrEnir95O0YujA	Five For Fighting	['neo mellow', 'piano rock', 'pop rock']	[2017]	1	0
5338fdSzGNOFD4cxAxDTeq	Aaron Carter	['post-teen pop']	[2017]	1	0
2mxe0TnaNL039ysAj51xPQ	R. Kelly	[]	[2017, 2018]	1	0
3wjsrpfO6odEphTZWx45RQ	Hearts & Colors	[]	[2017]	1	1
5M2y5A6d5QZjw9JeKClagC	Andrelli	['swedish pop']	[2017]	1	1
3koiLjNrgRTNbOwViDipeA	Marvin Gaye	['classic soul', 'motown', 'neo soul', 'northern soul', 'quiet storm', 'soul']	[2017]	1	1
75jNCko3SnEMI5gwGqrbb8	Tammi Terrell	['classic soul', 'motown', 'soul', 'southern soul']	[2017]	1	1
2GqX0GnrKdi6Z2X2OReYOK	Piolo Pascual	['opm']	[2017, 2018]	1	1
1QDrz3DMMaz3TB1cm0PGDu	Justin Jesso	['singer-songwriter pop']	[2017, 2018]	1	1
6jH7RAA1CW3vVj1a312h3Z	Curtismith	['pinoy alternative rap', 'pinoy hip hop', 'pinoy indie', 'pinoy r&b']	[2017]	1	1
0NIIxcxNHmOoyBx03SfTCD	Tinashe	['alternative r&b', 'dance pop', 'metropopolis', 'pop', 'r&b', 'urban contemporary']	[2017]	1	1
4D75GcNG95ebPtNvoNVXhz	AFROJACK	['big room', 'dance pop', 'dutch house', 'edm', 'electro house', 'pop dance', 'progressive electro house']	[2017, 2018]	1	1
1qskAseW7apRxJBpYAO9Yk	Felix Snow	[]	[2017]	1	1
3EXdLajEO02ziZ90P90bSW	Lil Xan	['cloud rap']	[2017]	1	0
0TPlgv7eySSCChc2vKRIml	Ken Lane Singers	[]	[2017]	1	1
29QbBR0oTzA7A0kiOzrbbr	Jamie Scott	['uk pop']	[2017, 2018]	1	1
5gWzmnHTLNXz5CjOc0wAuK	Romy Dya	['dutch pop']	[2017, 2018]	1	1
1XLjkBxFokuDTlHt0mQkRe	Thomas Gold	['big room', 'dutch house', 'edm', 'electro house', 'german techno', 'pop dance', 'progressive electro house', 'progressive house']	[2017]	1	1
6ctgu4FFlnNhMgrKiIzCxp	Jillian Edwards	['acoustic pop', 'indiecoustica']	[2017]	1	1
0EmeFodog0BfCgMzAIvKQp	Shakira	['colombian pop', 'dance pop', 'latin pop', 'pop']	[2017]	1	1
3NPpFNZtSTHheNBaWC82rB	X Ambassadors	['modern alternative rock', 'modern rock', 'stomp pop']	[2017, 2018]	1	1
0MO42HJhUFrv078qALxpPQ	Luke Evans	['movie tunes']	[2017]	1	1
530a0roPLtawMxdCfI2zrR	Ensemble - Beauty and the Beast	[]	[2017]	1	1
1V3VTM7VspiQjcmRhC010n	Quintino	['dutch edm', 'dutch house', 'edm', 'electro house', 'pop dance', 'progressive electro house', 'slap house']	[2017, 2018]	1	1
6kXm2YCtdUOpRYNKeKhfue	Ryan Gosling	['hollywood']	[2017]	1	1
68Uwx1d3EbjDJhYsLjqvIq	Emma Stone	['hollywood']	[2017]	1	1
49iKbKGqgn8OESkW5WduX0	Peabo Bryson	['quiet storm']	[2017]	1	1
0L6Gwm0JDrgIQJfjarWSUR	Edwin McCain	['neo mellow', 'pop rock']	[2017]	1	0
5lXfVoQxVgC5fpjkVqvNYn	Isaiah Firebrace	['australian pop']	[2017, 2018]	1	0
0NGAZxHanS9e0iNHpR8f2W	Alok	['electro house', 'pop nacional', 'sertanejo universitario', 'slap house']	[2017]	1	1
5veVxxPm1vzgi6pO2iVA8L	Bruno Martini	['pop nacional']	[2017]	1	1
7qPLO2XOUaRrRxkvLZ3AEK	Zeeba	[]	[2017]	1	1
13tHisUuVf3mbhjTH5UJ8t	Nathan Mack	['movie tunes']	[2017]	1	1
5ZS223C6JyBfXasXxrRqOk	Jhené Aiko	['r&b']	[2017]	1	1
15NtJjjHRFybdNSMyM9smT	Nevada	[]	[2017]	1	1
6V3F8MZrOKdT9fU686ybE9	Mark Morrison	['british soul']	[2017]	1	1
0XNvr6bnNywV946ZKaJtr0	Joakim Lundell	['swedish pop']	[2017]	1	0
2TX325jFbZFpe2OGZNo4Lx	Markus	['pinoy singer-songwriter']	[2017]	1	1
0lzV2CiahHRiGd6qpADtPS	James Hersey	[]	[2017]	1	0
2MqhkhX4npxDZ62ObR5ELO	Hoobastank	['alternative metal', 'funk metal', 'nu metal', 'pop rock', 'post-grunge']	[2017]	1	0
7cTXfwpe9peK0UE1bZyIWZ	Pinkfong	"['cartoon', ""children's music"", 'dong-yo']"	[2017]	1	0
3Co9MbLi86tHHtN4f0wNpb	Sam Milby	['classic opm', 'opm']	[2017]	1	1
3W9UldYu0xJcaOAw2SUTDI	Panama	['australian indie', 'indietronica', 'nu disco', 'shimmer pop']	[2017]	1	1
4iSU0hKfGnU2nscL5dLi9p	Claudia	['pinoy r&b']	[2017]	1	0
19hdn3PlSxwATA0Cxp9d96	King WAW	[]	[2017]	1	1
3Zif00eSvBUECxu8grzURU	Oskar Flood	[]	[2017]	1	1
0FN33AHo2LCBsiWaqsMYDK	Yumi	[]	[2017]	1	1
1vSN1fsvrzpbttOYGsliDr	Tori Kelly	['pop', 'post-teen pop']	[2017]	1	1
7vjoSmk5jVvRXNiKIDMox1	Alisah Bonaobra	[]	[2017]	1	1
7cCLNZiVT563pnVcbrrFSs	Jessica Reynoso	[]	[2017]	1	1
4FaSJoz51PmRETRSye3zb5	Stan Perfecto	[]	[2017]	1	1
3MwMfMtrh8q9Whroa3Xqe6	Thor	[]	[2017]	1	1
62Jfwxon19ZOT9eSL6bvtY	Sweater Beats	['gauze pop', 'vapor twitch']	[2017]	1	1
3LjhVl7GzYsza1biQjTpaN	Hayley Kiyoko	['alt z', 'indie poptimism', 'pop']	[2017]	1	1
0TIGDhG2md2oyRrYK2bSPQ	Trifect	['kawaii future bass']	[2017]	1	1
7bFuEkk1929rDOdLywT3rn	Imani Williams	[]	[2017]	1	1
0AuZVHIr5WSEBbBLZwWwWc	Charice	[]	[2017, 2018]	1	0
0gadJ2b9A4SKsB1RFkBb66	Passenger	['folk-pop', 'neo mellow']	[2017, 2018]	1	0
4NagmapOfJiPOxJ9vQsrsf	Mikkel S. Eriksen	[]	[2017]	1	1
7BwWmXxaUFHTL8f8IeszOZ	Tor Erik Hermansen	[]	[2017]	1	1
3NYns27gQOaOTzKfxNQaIM	Taj Jackson	[]	[2017]	1	1
5M0lbkGluOPXLeFjApw8r8	DRAM	['pop rap', 'trap', 'underground hip hop', 'viral trap', 'virginia hip hop']	[2017]	1	1
2XMxHczWkSzDDFhiC3zt8k	Marié Digby	['lilith']	[2017]	1	0
6BLJql6geiZkdKrM4xnTWa	Jonathan Foreman	[]	[2017]	1	1
3RpJ6OyOnaXRFRXSirgQa6	Jericho Rosales	['opm']	[2017, 2018]	1	0
0iEtIxbK0KxaSlF7G42ZOp	Metro Boomin	['rap']	[2017]	1	1
6jsjhAEteAlY0vCiLvMLBA	ROZES	['alt z', 'indie poptimism']	[2017]	1	1
2zzpznMuhKlKlqh1ma7Sms	Dakota	[]	[2017]	1	1
5ebPSE9YI5aLeZ1Z2gkqjn	Clara Benin	['opm', 'pinoy indie', 'pinoy singer-songwriter']	[2017]	1	0
7AKHnZVqwXYuUwWJ8UGL5q	Girls' Generation-TTS	['k-pop', 'k-pop girl group']	[2017]	1	0
6mctsJBrfcWvWH7S8h716D	Moelogo	['afrobeats', 'nigerian pop']	[2017, 2018]	1	1
3FUY2gzHeIiaesXtOAdB7A	Train	['dance pop', 'neo mellow', 'pop', 'pop rock']	[2017]	1	0
3wNylAjJX1PiCpMKx8Lrfp	Regine Velasquez	['opm']	[2017]	1	0
1QRj3hoop9Mv5VvHQkwPEp	Olivia O'Brien	['alt z', 'pop']	[2017]	1	1
2AQjGvtT0pFYfxR3neFcvz	Jordin Sparks	['dance pop', 'pop', 'post-teen pop']	[2017]	1	0
4PVn1b2WnnXdq80C7uaZLZ	Nause	[]	[2017]	1	1
4bvWFV51SAEocM22uiDOza	Pretty Sister	['la pop']	[2017]	1	1
1Q9KyQkc3vODeRt9OfItxl	Katie Pearlman	['gen z singer-songwriter']	[2017, 2018]	1	1
7xEFii6utZmQ61kX59HmLH	FRENSHIP	['electropop', 'indie poptimism', 'la pop']	[2017]	1	1
0eecdvMrqBftK0M1VKhaF4	CNCO	['boy band', 'latin pop', 'reggaeton', 'urbano latino']	[2017]	1	1
1xHQO9GJIW9OXHxGBISYc5	Marian Hill	['electropop']	[2017]	1	0
6wMr4zKPrrR0UVz08WtUWc	Black Coffee	['south african house', 'south african pop', 'south african pop dance']	[2017]	1	1
1CoZyIx7UvdxT5c8UkMzHd	Jorja Smith	['r&b', 'uk contemporary r&b']	[2017]	1	1
3zrUX1hQrUB9aXcOiyQLmN	Stanaj	[]	[2017]	1	1
2FgZrgTMX6Sk0VNcOsEPmm	Punch	[]	[2017]	1	1
0UN8vGMxWEBKNNu8NtyF96	Lush & Simon	['dutch house', 'electro house', 'progressive electro house', 'sky room']	[2017]	1	1
2w9zwq3AktTeYYMuhMjju8	INNA	['dance pop', 'romanian house', 'romanian pop']	[2017]	1	1
05o1zW8b6PV6rEquXr74sB	State of Sound	['swedish tropical house']	[2017]	1	0
69ug07KFFRhcCZ7iZ1Mn1i	Bailey May	['opm']	[2017]	1	1
67nwj3Y5sZQLl72VNUHEYE	Wale	['pop rap', 'r&b', 'rap', 'southern hip hop', 'trap']	[2017]	1	1
66TrUkUZ3RM29dqeDQRgyA	Ella Eyre	['dance pop', 'talent show', 'uk dance', 'uk pop']	[2017]	1	1
0pt7PX4Hftlg8mV1ySU84Q	CVBZ	['dark r&b']	[2017, 2018]	1	1
4EzkuveR9pLvDVFNx6foYD	James Bay	['neo mellow', 'pop', 'uk pop']	[2017]	1	0
36jaGQtMj5UWD0eO1fCVdD	Joel Adams	['australian pop', 'pop soul', 'teen pop']	[2017]	1	0
3AVfmawzu83sp94QW7CEGm	Astrid S	['alt z', 'norwegian pop', 'pop', 'uk pop']	[2017]	1	0
4VZY0nxYMSNotbS7WjNVQy	Nyla	[]	[2017]	1	1
1LKo6ZA3RNvKtLa6zDu32S	Kranium	['basshall', 'dancehall']	[2017]	1	1
6nxWCVXbOlEVRexSbLsTer	Flume	['australian dance', 'australian electropop', 'australian indie', 'downtempo', 'edm', 'indietronica']	[2017]	1	1
6xHUXzrfhFgnIv86EBR3Ml	kai	[]	[2017]	1	1
73jBynjsVtofjRpdpRAJGk	Dimitri Vegas & Like Mike	['belgian dance', 'belgian edm', 'big room', 'dutch house', 'edm', 'electro house', 'pop dance', 'progressive electro house']	[2017]	1	1
2HkAI0YrEcgoR8QdaURqhO	Dimitri Vegas	['belgian edm']	[2017]	1	1
6ltzsmQQbmdoHHbLZ4ZN25	Lord Huron	['indie folk', 'modern rock', 'stomp and holler']	[2017]	1	0
0ONHkAv9pCAFxb0zJwDNTy	Pusha T	['gangster rap', 'hip hop', 'rap', 'southern hip hop', 'trap', 'virginia hip hop']	[2017]	1	1
4H1PNuHElBLVok0lnYMrRb	Dyo	['alte']	[2017]	1	1
3qZNpgS5OAdktfruSjjLeY	Benni Sparks	[]	[2017]	1	0
30WmJkQ2BeBNgb27jhf11u	Aikee	['pinoy hip hop']	[2017]	1	1
7hOGhpa8RMSuDOWntGIAJt	A R I Z O N A	['electropop', 'indie poptimism']	[2017]	1	0
0CjWKoS55T7DOt0HJuwF1H	Bipolar Sunshine	['gauze pop']	[2017, 2018]	1	1
5cIc3SBFuBLVxJz58W2tU9	Oh Wonder	['electropop', 'indie poptimism', 'pov: indie']	[2017]	1	1
6qaQDRYp95AylkA1FnEI3Q	Charlee	[]	[2017]	1	1
6xfqnpe2HnLVUaYXs2F8YS	Anna Kendrick	['hollywood']	[2017, 2018]	1	1
0AJUYWKztkg5dnrHDIBv47	MiC LOWRY	[]	[2017]	1	0
3z0IVhtuFvt9VYUZGT98PU	Jay R	['opm']	[2017]	1	0
3qBKjEOanahMxlRojwCzhI	Zacari	[]	[2017, 2018]	1	1
5Xcbv83o11Ez2XPHa1n8Pf	AmPm	['japanese dance pop']	[2017]	1	1
36a3BbcVBJMiBGeHzpAxHb	Michael Kaneko	['japanese r&b']	[2017]	1	1
7pFeBzX627ff0VnN6bxPR4	Desiigner	['pop rap', 'rap', 'southern hip hop', 'trap', 'viral trap']	[2017, 2018]	1	1
5fWn9g8ERHtGKWdkAuomBx	Tessa Odden	[]	[2017]	1	1
1Fr6agZ6iSM5Ynn2k4C8sc	VÉRITÉ	['alt z', 'brooklyn indie', 'dark pop', 'electropop', 'indie poptimism', 'metropopolis', 'nyc pop', 'vapor pop']	[2017]	1	0
7nKeLE1toRtW4M279iS26h	Zay Hilfigerrr	['viral trap']	[2017]	1	1
5AsWcQXw4RJFRWBbwa0ti0	Zayion McCall	[]	[2017]	1	1
4w9rFB4pUAUO3OloDQ6wn7	Jamie Rivera	['classic opm', 'opm', 'papuri', 'pinoy praise']	[2017]	1	1
7D1tnNaJ8Thiap21kBhCCo	Reine Mendoza	[]	[2017]	1	1
0fs8oBR1rx7JIXZi75h7Uu	Bahari	['alt z', 'la pop']	[2017]	1	1
3X6h5htUs8jKlqUa2xv96B	Kathryn Bernardo	['opm']	[2017]	1	1
7xTcuBOIAAIGDOSvwYFPzk	Daniel Powter	['canadian pop', 'neo mellow', 'pop rock']	[2017]	1	0
0Cd6nHYwecCNM1sVEXKlYr	Krewella	['edm', 'electra', 'electro house', 'pop dance', 'progressive electro house']	[2017, 2018]	1	1
2EMAnMvWE2eb56ToJVfCWs	Bryson Tiller	['kentucky hip hop', 'r&b', 'rap']	[2017, 2018]	1	1
3S0tlB4fE7ChxI2pWz8Xip	Giggs	['grime', 'london rap', 'uk hip hop']	[2017]	1	1
0SG7a26LiFGt8E0olaIOpx	Acapellago	[]	[2017]	1	0
0DdDnziut7wOo6cAYWVZC5	KREAM	['pop dance']	[2017]	1	1
6RHKEd9dpzQ4c09x8Zdaxu	Clara Mae	['alt z', 'swedish pop']	[2017]	1	1
2kucQ9jQwuD8jWdtR9Ef38	Sam Hunt	['contemporary country', 'country', 'country pop']	[2017]	1	0
6hIZBf6t4Yy8Lrqj7vPYTr	Jake Zyrus	['opm']	[2017]	1	0
188VINPQh5dyNfLUkevKqf	Olivia Holt	['alt z', 'post-teen pop']	[2017]	1	0
00Z3UDoAQwzvGu13HoAM7J	Skizzy Mars	['indie pop rap']	[2017]	1	1
1PbBg2aYjWLKRk84zJK15x	Echosmith	['electropop', 'indie poptimism', 'viral pop']	[2017]	1	0
1bj5GrcLom5gZFF5t949Xl	Martin Solveig	['disco house', 'edm', 'electro house', 'filter house', 'house', 'pop dance', 'vocal house']	[2017]	1	1
6c0mTNAxJxlp9HpKTUZwA8	ALMA	[]	[2017]	1	1
7iZtZyCzp3LItcw1wtPI3D	Rae Sremmurd	['melodic rap', 'mississippi hip hop', 'rap', 'trap']	[2017]	1	1
5DK8eK7fjvRsziXzyr3sFA	Moon Taxi	['modern alternative rock']	[2017]	1	0
0t7vWPRBcVv4xBEHPZHSWA	Sitti	[]	[2017, 2018]	1	0
0zOcE3mg9nS6l3yxt1Y0bK	The Fray	['neo mellow', 'piano rock', 'pop', 'pop rock']	[2017]	1	0
0jNDKefhfSbLR9sFvcPLHo	San Holo	['brostep', 'edm', 'electro house', 'electronic trap', 'future bass', 'pop dance']	[2017]	1	0
5EUahD2aecNM2phblhyVFi	Bamboo	[]	[2017]	1	0
47z7ZrgFoBvVpCnElCE3Zh	Yellow Claw	['edm', 'electro house', 'pop dance']	[2017]	1	1
0cNL0rBLHK5qIViN1EYM6h	STORi	[]	[2017]	1	1
6aLdhHUqgdKE86xbtNmY8g	Crush	['k-pop', 'korean r&b']	[2017]	1	0
23sYU61n9f1CzYi8NJhAXS	Towkio	['chicago rap']	[2017]	1	1
5dHt1vcEm9qb8fCyLcB3HL	A$AP Ferg	['hip hop', 'pop rap', 'rap', 'southern hip hop', 'trap']	[2017]	1	0
2JyWXPbkqI5ZJa3gwqVa0c	Craig David	['british soul']	[2017, 2018]	1	0
0lJlKQvuM2Sd9DPPyUXcHg	Sixpence None The Richer	['lilith', 'pop rock']	[2017, 2018]	1	0
77DAFfvm3O9zT5dIoG0eIO	Kyla	['uk funky']	[2017]	1	1
5IcR3N7QB1j6KBL8eImZ8m	ScHoolboy Q	['gangster rap', 'hip hop', 'pop rap', 'rap', 'southern hip hop', 'trap']	[2018]	1	1
37Qsf5KCKljH7mL134xp4k	Saudi	['south african hip hop']	[2018]	1	1
6beUvFUlKliUYJdLOXNj9C	King Princess	['alt z', 'indie pop', 'nyc pop']	[2018]	1	0
5vQfv3s2Z2SRdPZKr82ABw	Dzeko	['canadian electronic', 'dutch house', 'edm', 'electro house', 'pop dance', 'progressive electro house']	[2018]	1	1
0bdJZl7TDeiymDYzMJnVh2	Preme	['canadian hip hop', 'canadian trap', 'toronto rap']	[2018]	1	1
74yfTxb5doXjUcv0g1DaMi	Abaddon	['pinoy hip hop', 'tagalog rap']	[2018]	1	1
4p98lByTS8r4eAqsfRAJsc	JKris	[]	[2018]	1	1
1mSJCvDX0W7Dn7S9C6vmvI	Anna of the North	['electropop', 'vapor pop']	[2018]	1	1
65XA3lk0aG9XejO8y37jjD	the bird and the bee	['la indie']	[2018]	1	0
0OQAxQiQIz5pm9miYDQp8w	Muffin	[]	[2018]	1	1
2P5sC9cVZDToPxyomzF1UH	Joey Bada$$	['conscious hip hop', 'hip hop', 'rap']	[2018]	1	1
2JLqTvFXmC87BksiCsBezV	Matt Terry	['talent show']	[2018]	1	0
5KnoVkIUGmK0PiDKMjz2LM	Feder	['new french touch']	[2018]	1	1
1ShZZUjkbXCjhwrb18BA8I	Bryce Vine	['indie pop rap']	[2018]	1	1
5JUYSPkis2Mk6HUbmMqk1m	Sean Ono Lennon	['beatlesque']	[2018]	1	1
07ZhipyrvoyNoJejeyM0PQ	Higher Brothers	['chinese hip hop']	[2018]	1	1
2iB8eFB6flwQculkUrRssi	AUGUST 08	['la pop', 'r&b']	[2018]	1	1
2QSPrJfYeRXaltEEiriXN9	Tove Styrke	['electropop', 'swedish electropop', 'swedish pop', 'swedish synthpop']	[2018]	1	1
3Bj81IbILbuj2uEwWXMdXI	Sosamann	['atl trap', 'houston rap', 'memphis hip hop']	[2018]	1	1
7HXBbxW6YwU8lvgBew2p2A	Matt Johnson	['acoustic cover']	[2018]	1	0
1klFdLh3pak3eOtJP0styY	Triple H	['k-pop']	[2018]	1	0
3zDRCqOhJXJfS2YWOEwGMC	Christopher	['danish pop']	[2018]	1	0
2ZuweXv0TkfsidZOLZZoM2	HEDEGAARD	['danish electronic', 'scandipop']	[2018]	1	1
1xrvnT8IPYpS6iOkAq8tLt	Hayley Warner	[]	[2018]	1	1
6DVipHzYsPlIoA0DW8Gmns	"Royce Da 5'9"""	['detroit hip hop', 'gangster rap', 'hardcore hip hop', 'hip hop']	[2018]	1	1
2wIVse2owClT7go1WT98tk	Missy Elliott	['dance pop', 'hip hop', 'hip pop', 'neo soul', 'pop rap', 'r&b', 'rap', 'urban contemporary', 'virginia hip hop']	[2018]	1	1
3KedxarmBCyFBevnqQHy3P	Jessie Reyez	['canadian contemporary r&b', 'canadian pop']	[2018]	1	1
2R21vXR83lH98kGeO99Y66	Anuel AA	['reggaeton', 'reggaeton flow', 'trap boricua', 'trap latino', 'urbano latino']	[2018]	1	1
6tt0iYnpHERj05WATWRiom	Bantu	['zimdancehall']	[2018]	1	1
4fpTMHe34LC5t3h5ztK8qu	The Carters	['r&b']	[2018]	1	0
0TkqXdyWLsssJH7okthMPQ	Jay Electronica	['alternative hip hop', 'conscious hip hop', 'drumless hip hop', 'hip hop', 'psychedelic hip hop']	[2018]	1	1
5WY88tCMFA6J6vqSN3MmDZ	NELL	['k-rock', 'korean pop']	[2018]	1	1
0vn7UBvSQECKJm2817Yf1P	James Taylor	['classic rock', 'folk', 'folk rock', 'heartland rock', 'mellow gold', 'singer-songwriter', 'soft rock']	[2018]	1	1
63gbXCha1jpkrJJ9K5gGpR	ELI	['german pop']	[2018]	1	0
7hssUdpvtY5oiARaUDgFZ3	Ina Wroldsen	['norwegian pop']	[2018]	1	1
1foL9hLC9M6U94dINtOYfb	Girls' Generation-Oh!GG	['k-pop', 'k-pop girl group']	[2018]	1	0
1x9aBTOQP8VjLBgKVm81K6	Nef Medina	['opm']	[2018]	1	0
3IpvVrP3VLhruTmnququq7	Mike Williams	['big room', 'dutch house', 'edm', 'electro house', 'future house', 'pop dance', 'progressive electro house']	[2018]	1	1
5wPoxI5si3eJsYYwyXV4Wi	N.E.R.D	['hip hop', 'virginia hip hop']	[2018]	1	1
0oSGxfWSnnOXhD2fKuz2Gy	David Bowie	['art rock', 'classic rock', 'glam rock', 'permanent wave', 'rock']	[2018]	1	1
4LcUpNlXFEleaLlelmkv2R	Kris Kross Amsterdam	['dutch house', 'dutch pop']	[2018]	1	1
4QfOh8rJ0OddhhXHD5QyWs	The Boy Next Door	['basshall']	[2018]	1	1
4Uvf65YfuW9mbTvZRE87EL	Sachzna Laparan	[]	[2018]	1	1
2AJOnJc6BSB4XjfbF0PtvN	Chicser	[]	[2018]	1	1
2DaxqgrOhkeH0fpeiQq2f4	Oasis	['beatlesque', 'britpop', 'madchester', 'permanent wave', 'rock']	[2018]	1	0
2KU7pJgPoJC3uwJRZPYQ8G	BATE	['malaysian indie']	[2018]	1	1
7wLyGTO9vUS7ndlq4BvBGe	Blake Rose	['australian electropop', 'singer-songwriter pop']	[2018]	1	1
3W1715uFRerp7Qyl7tK49F	Radio 3000	[]	[2018]	1	1
0DxeaLnv6SyYk2DOqkLO8c	MAGIC!	['pop', 'reggae fusion']	[2018]	1	1
3CbYyyd8wH3RT6t0jwpdzC	Murda Beatz	['canadian hip hop', 'canadian trap']	[2018]	1	1
0hItVPjwJLVZrFqOyIsxPf	Judy Garland	['adult standards', 'torch song', 'vocal jazz']	[2018]	1	0
28ExwzUQsvgJooOI0X1mr3	Jay Rock	['conscious hip hop', 'hip hop', 'rap', 'southern hip hop', 'trap']	[2018]	1	1
53KwLdlmrlCelAZMaLVZqU	James Blake	['art pop', 'indie soul', 'indietronica', 'neo soul', 'uk alternative pop']	[2018]	1	1
2NdeV5rLm47xAvogXrYhJX	Ciara	['dance pop', 'hip pop', 'pop', 'r&b', 'urban contemporary']	[2018]	1	0
0KEExJc1NKwmzJxQHbbkts	Leah Culver	['pop edm']	[2018]	1	1
3bsQY9pFWVzUMxlSgGQuBn	Patch Quiwa	['opm']	[2018]	1	0
4TEJudQY2pXxVHPE3gD2EU	BlocBoy JB	['memphis hip hop', 'rap', 'tennessee hip hop', 'trap']	[2018]	1	1
4as3khXWaPjfkFdCA0JWMo	Jesse®	['modern alternative pop']	[2018]	1	1
4we5S2VLjgY9KzIzApL1KI	Ryan Tedder	[]	[2018]	1	1
5QuBVnBPEzwYvFrgBbwpmU	Empress Of	['art pop', 'electropop', 'escape room', 'etherpop', 'shiver pop']	[2018]	1	1
1l7ZsJRRS8wlW3WfJfPfNS	Christina Aguilera	['dance pop', 'pop']	[2018]	1	0
6C1ohJrd5VydigQtaGy5Wa	Joyner Lucas	['boston hip hop', 'hip hop', 'pop rap', 'rap']	[2018]	1	1
01pKrlgPJhm5dB4lneYAqS	Sigma	['dancefloor dnb', 'house', 'pop dance', 'uk dance']	[2018]	1	1
4XY7BEqVPyIqRve1CWHTqr	Louis III	['uk contemporary r&b']	[2018]	1	1
5T8zbK3dic52T9bFu0aY8z	Sophia Somajo	['swedish electropop']	[2018]	1	1
4RUeoFWpDZ3IxGR7LYPoYN	Angelina Cruz	['acoustic opm', 'opm']	[2018]	1	0
5gw5ANPCVcxU0maLiGRzzP	Billy Raffoul	['canadian pop']	[2018]	1	1
2ojEZEmcQVC3vLNpcoo9rJ	Noah Neiman	['progressive uplifting trance', 'sky room']	[2018]	1	1
3LU5ho1MrktZxpRBGYPISK	Miranda Glory	[]	[2018]	1	1
1eMmoIprPDWeFdB1FxU6ZV	Au/Ra	['alt z', 'deep pop edm']	[2018]	1	1
6064pL9Hu3Wx2bwJMeOx6o	Tomine Harket	[]	[2018]	1	1
7aD2Ni3fUu66gklUFlvJi5	Kyle Juliano	['opm']	[2018]	1	0
2Rimf9z3oYDBeszSXFACRR	Daniel Everidge	['show tunes']	[2018]	1	1
3pTaNQJ7TAU4yL7KEZp5sF	Nyoy Volante	['opm']	[2018]	1	0
5xuNBZoM7z1Vv8IQ6uM0p6	JoJo	['dance pop', 'pop', 'post-teen pop']	[2018]	1	0
3EOEK57CV77D4ovYVcmiyt	Dennis Lloyd	['israeli pop']	[2018]	1	0
2kCcBybjl3SAtIcwdWpUe3	Lil Peep	['cloud rap', 'emo rap', 'lgbtq+ hip hop']	[2018]	1	1
0vqJkZ0RpLZixt3lTmD8vP	Whethan	['electropop', 'hyperpop', 'rage rap']	[2018]	1	1
6Y20PijIkUoCtuvtkz37dO	Austyn Johnson	['show tunes']	[2018]	1	1
0nFUCMGlkx1lMZnHL6ArVJ	Cameron Seely	['movie tunes']	[2018]	1	1
7F9FobwEoTXZRdi1MAUFjX	Alex Gonzaga	['opm']	[2018]	1	0
4ivXbUYuZslF08Ca5EuJGc	Kithara	['opm']	[2018]	1	0
1frSJ3BwjRHE9jgMRQV5wC	Zookeepers	['bass trap']	[2018]	1	0
7bp2lSdh12wcA8LyB1srfJ	Sofia Carson	['pop']	[2018]	1	1
5Y8eJDj37KhaEeqbVO7Ag1	PRETTYMUCH	['boy band', 'pop']	[2018]	1	0
1ClmHgLorY9RUCIvsTdT7A	BEKA	['uk pop']	[2018]	1	1
3QUOtWgmuxFyae4C0Q0thd	ABIR	[]	[2018]	1	1
4mrrcDjpjUq27YEGwlisgs	Gracenote	['opm', 'pinoy rock']	[2018]	1	1
205CbtBaTjs0pxHmv232EC	Jules Aurora	[]	[2018]	1	1
2JI8ViuZDBybY6Xd9ujUrb	Reese Lansangan	['opm', 'pinoy indie']	[2018]	1	0
3v6Ji4uoWtKRkhuDUaxi9n	Dynoro	['edm']	[2018]	1	1
1OAjDaKgg00KCUYqDe68un	Gigi D'Agostino	['eurodance', 'italo dance']	[2018]	1	1
7gbmX8SsfjEjxDMzBi1ZOL	Joe Jonas	['pop', 'post-teen pop']	[2018]	1	1
7or90S16MNx8VogdeOqlKq	Cocoy Claravall	['pinoy singer-songwriter']	[2018]	1	0
6sBiS0iWcCyMMgiYrEOxbt	Supreme Boi	[]	[2018]	1	1
33W1pnW9zScZtYTnAoWnOT	Mr. Probz	[]	[2018]	1	0
5Y5TRrQiqgUO4S36tzjIRZ	Timbaland	['dance pop', 'pop', 'pop rap']	[2018]	1	1
4NHQUGzhtTLFvgF5SZesLK	Tove Lo	['metropopolis', 'pop', 'swedish electropop', 'swedish pop', 'swedish synthpop']	[2018]	1	1
3mPc8WGusz2XF3Tvs3AKCR	Carlie Hanson	['alt z']	[2018]	1	0
6ueGR6SWhUJfvEhqkvMsVs	Janelle Monáe	['afrofuturism', 'alternative r&b', 'atl hip hop', 'neo soul', 'r&b']	[2018]	1	0
38CvLGTsjtoloDgv3OKQp8	Robinson	['alt z', 'nz pop']	[2018]	1	0
3rXT3DX9OeNMfH8Thivxrk	Tres Hermanas	['acoustic opm']	[2018]	1	0
