artist_id	name	genres	years_on_charts	num_hits	num_collab_hits
06HL4z0CvFAxyc27GXpf02	Taylor Swift	['pop']	[2017, 2018, 2019, 2020, 2021, 2022]	162	24
3TVXtAsR1Inumwj472S9r4	Drake	['canadian hip hop', 'canadian pop', 'hip hop', 'rap', 'toronto rap']	[2017, 2018, 2019, 2020, 2021, 2022]	153	78
4MCBfE4596Uoi2O4DtmEMz	Juice WRLD	['chicago rap', 'melodic rap', 'rap']	[2018, 2019, 2020, 2021, 2022]	98	40
246dkjvS1zLTtiykXe5h60	Post Malone	['dfw rap', 'melodic rap', 'pop', 'rap']	[2017, 2018, 2019, 2020, 2021, 2022]	96	49
1uNFoZAHBGtllmzznpCI3s	Justin Bieber	['canadian pop', 'pop']	[2017, 2018, 2019, 2020, 2021, 2022]	96	63
6eUKZXaKkcviH0Ku9w2n3V	Ed Sheeran	['pop', 'singer-songwriter pop', 'uk pop']	[2017, 2018, 2019, 2020, 2021, 2022]	91	38
66CXWjxzNUsdJxJ2JdwvnR	Ariana Grande	['pop']	[2017, 2018, 2019, 2020, 2021, 2022]	90	40
0Y5tJX1MQlPlqiwlOH1tJY	Travis Scott	['hip hop', 'rap', 'slap house']	[2017, 2018, 2019, 2020, 2021]	87	64
7dGJo4pcD2V6oG8kP0tJRR	Eminem	['detroit hip hop', 'hip hop', 'rap']	[2017, 2018, 2019, 2020, 2021, 2022]	84	43
1Xyo4u8uXC1ZmMpatF05PJ	The Weeknd	['canadian contemporary r&b', 'canadian pop', 'pop']	[2017, 2018, 2019, 2020, 2021, 2022]	82	34
5K4W6rqBFWDnAN6FQUkS6x	Kanye West	['chicago rap', 'hip hop', 'rap']	[2017, 2018, 2019, 2020, 2021, 2022]	78	30
6LuN9FCkKOj5PcnpouEgny	Khalid	['pop', 'pop r&b']	[2017, 2018, 2019, 2020, 2021, 2022]	70	39
15UsOTVnJzReFVN1VCnxy4	XXXTENTACION	['emo rap', 'miami hip hop']	[2017, 2018, 2019, 2020, 2021, 2022]	64	18
6qqNVTkY8uBg9cP3Jd7DAH	Billie Eilish	['art pop', 'electropop', 'pop']	[2017, 2018, 2019, 2020, 2021, 2022]	60	4
1caoBfXJrbKCwIaTzGkyHn	SIX60	['nz pop', 'nz reggae']	[2017, 2018, 2019, 2020, 2021, 2022]	56	4
3Nrfpe0tUJi4K4DXYWgMUX	BTS	['k-pop', 'k-pop boy group', 'pop']	[2017, 2018, 2019, 2020, 2021, 2022]	56	15
6l3HvQ5sa6mXTsMTB19rO5	J. Cole	['conscious hip hop', 'hip hop', 'north carolina hip hop', 'rap']	[2017, 2018, 2019, 2020, 2021, 2022]	55	22
0hCNtLu0JehylgoiP8L4Gh	Nicki Minaj	['hip pop', 'pop', 'queens hip hop', 'rap']	[2017, 2018, 2019, 2020, 2021, 2022]	51	46
2YZyLoL8N0Wb9xBt1NhZWg	Kendrick Lamar	['conscious hip hop', 'hip hop', 'rap', 'west coast rap']	[2017, 2018, 2019, 2020, 2021, 2022]	50	32
7bXgB6jMjp9ATFy66eO08Z	Chris Brown	['r&b', 'rap']	[2017, 2018, 2019, 2020, 2021, 2022]	49	36
13ubrt8QOOCPljQ2FL1Kca	A$AP Rocky	['east coast hip hop', 'hip hop', 'rap', 'trap']	[2017, 2018, 2019, 2021, 2022]	48	36
163tK9Wjr9P9DmM0AVK7lm	Lorde	['art pop', 'metropopolis', 'nz pop', 'pop']	[2017, 2018, 2021]	44	4
4O15NlyKLIASxsJ0PrXPfz	Lil Uzi Vert	['melodic rap', 'philly rap', 'rage rap', 'rap', 'trap']	[2017, 2018, 2019, 2020, 2021]	44	22
4dpARuHxo51G3z768sgnrY	Adele	['british soul', 'pop', 'pop soul', 'uk pop']	[2017, 2018, 2021, 2022]	44	0
2wY79sveU1sp5g7SokKOiI	Sam Smith	['pop', 'uk pop']	[2017, 2018, 2019, 2020, 2021]	43	8
69GGBxA162lTqCwzJG5jLp	The Chainsmokers	['electropop', 'pop']	[2017, 2018, 2019, 2020]	43	28
4V8LLVI7PbaPR0K2TGSxFF	Tyler, The Creator	['hip hop', 'rap']	[2017, 2018, 2019, 2020, 2021, 2022]	42	21
4kYSro6naA4h99UJvo89HB	Cardi B	['pop', 'rap']	[2017, 2018, 2019, 2020, 2021]	41	30
4nDoRrQiYLoBzwC5BhVJzF	Camila Cabello	['dance pop', 'pop']	[2017, 2018, 2019, 2020, 2021, 2022]	40	20
0eDvMgVFoNV3TpwtrVCoTj	Pop Smoke	['brooklyn drill', 'rap']	[2019, 2020, 2021, 2022]	40	26
7n2wHs1TKAczGzO7Dd2rGr	Shawn Mendes	['canadian pop', 'pop', 'viral pop']	[2017, 2018, 2019, 2020, 2021, 2022]	39	11
50co4Is1HCEo8bhOyUWKpn	Young Thug	['atl hip hop', 'atl trap', 'gangster rap', 'melodic rap', 'rap', 'trap']	[2017, 2018, 2019, 2020, 2021, 2022]	39	39
6M2wZ9GZgrQXHCFfjv46we	Dua Lipa	['dance pop', 'pop', 'uk pop']	[2017, 2018, 2019, 2020, 2021, 2022]	39	17
1URnnhqYAYcrqrcwql10ft	21 Savage	['atl hip hop', 'hip hop', 'rap', 'trap']	[2017, 2018, 2019, 2020, 2021, 2022]	37	32
4xRYI6VqpkE3UwrDrAZL8L	Logic	['conscious hip hop', 'hip hop', 'pop rap', 'rap']	[2017, 2018, 2019, 2020]	37	19
7c0XG5cIJTrrAgEC3ULPiq	Ty Dolla $ign	['hip hop', 'pop rap', 'r&b', 'southern hip hop', 'trap', 'trap soul']	[2017, 2018, 2019, 2020, 2021, 2022]	37	37
4r63FhuTkUYltbVAg5TQnk	DaBaby	['hip hop', 'north carolina hip hop', 'rap', 'trap']	[2019, 2020, 2021, 2022]	37	25
5JZ7CnR6gTvEMKX4g70Amv	Lauv	['pop']	[2017, 2018, 2019, 2020, 2021]	36	20
1RyvyyTE3xzB2ZywiAwp0i	Future	['atl hip hop', 'hip hop', 'rap', 'southern hip hop', 'trap']	[2017, 2018, 2019, 2020, 2021, 2022]	36	33
5cj0lLjcoR7YOSnhnX0Po5	Doja Cat	['dance pop', 'pop']	[2019, 2020, 2021, 2022]	36	20
6Xgp2XMz1fhVYe7i6yNAax	Trippie Redd	['melodic rap', 'rap', 'trap']	[2017, 2018, 2019, 2020, 2021]	35	25
1HY2Jd0NmPuamShAr6KMms	Lady Gaga	['art pop', 'dance pop', 'pop']	[2017, 2018, 2019, 2020, 2021, 2022]	35	14
6AgTAQt8XS6jRWi4sX7w49	Polo G	['chicago rap', 'rap']	[2019, 2020, 2021, 2022]	35	22
26VFTg2z8YR0cCuwLzESi2	Halsey	['electropop', 'etherpop', 'indie poptimism', 'pop']	[2017, 2018, 2019, 2020, 2021]	34	19
2tIP7SsRs7vjIcLrU85W8J	The Kid LAROI	['australian hip hop']	[2020, 2021, 2022]	34	21
7jVv8c5Fj3E9VhNjxT4snq	Lil Nas X	['lgbtq+ hip hop']	[2019, 2020, 2021, 2022]	34	13
53XhwfbYqKCa1cC15pYq2q	Imagine Dragons	['modern rock', 'pop', 'rock']	[2017, 2018, 2019, 2020, 2021, 2022]	33	5
3eAOH2az3fQIfX2UAw0FfC	L.A.B.	['nz reggae']	[2019, 2020, 2021, 2022]	33	1
0VRj0yCOv2FXJNP47XQnx5	Quavo	['atl hip hop', 'melodic rap', 'rap', 'trap']	[2017, 2018, 2019, 2020, 2021]	32	30
6S0IvKlvPMX1RtAYtVpUV8	Drax Project	['nz pop']	[2017, 2018, 2019, 2020, 2021, 2022]	32	9
55Aa2cqylxrFIXC767Z865	Lil Wayne	['hip hop', 'new orleans rap', 'pop rap', 'rap', 'trap']	[2017, 2018, 2019, 2020, 2021, 2022]	31	28
7tYKF4w9nC0nq9CsPZTHyP	SZA	['pop', 'r&b', 'rap']	[2017, 2018, 2019, 2020, 2021, 2022]	31	28
0C8ZW7ezQVs4URX5aX7Kqx	Selena Gomez	['pop', 'post-teen pop']	[2017, 2018, 2019, 2020, 2021]	30	12
6oMuImdp5ZcFhWP0ESe6mG	Migos	['atl hip hop', 'hip hop', 'rap', 'trap']	[2017, 2018, 2019, 2020, 2021]	30	21
6vWDO969PvNqNYHIOW5v0m	Beyoncé	['pop', 'r&b']	[2017, 2018, 2019, 2020]	30	16
1GxkXlMwML1oSg5eLPiAz3	Michael Bublé	['adult standards', 'canadian pop', 'jazz pop', 'lounge']	[2017, 2018, 2019, 2020, 2021]	29	10
0du5cEVh5yTK9QJze8zA0C	Bruno Mars	['dance pop', 'pop']	[2017, 2018, 2019, 2020, 2021, 2022]	29	21
2hlmm7s2ICUX0LVIhVFlZQ	Gunna	['atl hip hop', 'melodic rap', 'rap', 'trap']	[2018, 2019, 2020, 2021, 2022]	28	28
6KImCVD70vtIoJWnq6nGn3	Harry Styles	['pop']	[2017, 2018, 2019, 2020, 2021, 2022]	28	0
1KCSPY1glIKqW2TotWuXOR	P!nk	['dance pop', 'pop']	[2017, 2018, 2019, 2020, 2021, 2022]	26	8
5LHRHt1k9lMyONurDHEdrp	Tyga	['hip hop', 'pop rap', 'rap', 'trap']	[2018, 2019, 2020, 2021, 2022]	26	24
1nzgtKYFckznkcVMR3Gg4z	KSI	['uk hip hop']	[2019, 2020, 2021]	26	18
5YGY8feqx7naU7z4HrwZM6	Miley Cyrus	['pop']	[2017, 2018, 2019, 2020, 2021, 2022]	25	9
7gZfnEnfiaHzxARJ2LeXrf	6ix9ine	['emo rap']	[2018, 2019, 2020]	25	17
7CajNmpbOovFoOoasH2HaY	Calvin Harris	['dance pop', 'edm', 'electro house', 'house', 'pop', 'progressive house', 'uk dance']	[2017, 2018, 2019, 2020]	25	23
04gDigrS5kc9YWfZHwBETP	Maroon 5	['pop']	[2017, 2018, 2019, 2020, 2021, 2022]	25	17
0ZED1XzwlLHW4ZaG4lOT6m	Julia Michaels	['pop']	[2017, 2018, 2019, 2020, 2021, 2022]	25	16
4LLpKhyESsyAXpc4laK94U	Mac Miller	['hip hop', 'pittsburgh rap', 'rap']	[2018, 2019, 2020, 2021, 2022]	25	3
1Bl6wpkWCQ4KVgnASpvzzA	BROCKHAMPTON	['boy band', 'rap']	[2018, 2019, 2020, 2021]	24	2
5f7VJjfbwm532GiveGC0ZK	Lil Baby	['atl hip hop', 'atl trap', 'rap', 'trap']	[2018, 2019, 2020, 2021, 2022]	24	22
6XyY86QOPPrYVGvF9ch6wz	Linkin Park	['alternative metal', 'nu metal', 'post-grunge', 'rap metal', 'rock']	[2017]	24	4
5Rl15oVamLq7FbSb0NNBNy	5 Seconds of Summer	['boy band', 'pop']	[2018, 2019, 2020, 2021]	23	5
64KEffDW9EtZ1y2vBYgq8T	Marshmello	['brostep', 'edm', 'pop', 'progressive electro house']	[2017, 2018, 2019, 2020, 2021, 2022]	23	22
5WUlDfRSoLAfcVSX1WnrxN	Sia	['australian dance', 'australian pop', 'pop']	[2017, 2018, 2019, 2020, 2021]	23	11
6TIYQ3jFPwQSRmorSezPxX	Machine Gun Kelly	['ohio hip hop', 'pop rap']	[2017, 2018, 2019, 2020, 2021, 2022]	23	20
0QHgL1lAIqAw0HtD7YldmP	DJ Khaled	['hip hop', 'miami hip hop', 'pop rap', 'rap']	[2017, 2018, 2019, 2020, 2021]	23	23
00FQb4jTyendYWaN8pK0wa	Lana Del Rey	['art pop', 'pop']	[2017, 2018, 2019, 2022]	23	12
5IcR3N7QB1j6KBL8eImZ8m	ScHoolboy Q	['gangster rap', 'hip hop', 'pop rap', 'rap', 'southern hip hop', 'trap']	[2017, 2018, 2019, 2021]	22	12
1zNqDE7qDGCsyzJwohVaoX	Anne-Marie	['pop']	[2017, 2018, 2019, 2020, 2021]	22	17
1zNqQNIdeOUZHb8zbZRFMX	Swae Lee	['melodic rap', 'rap', 'trap']	[2017, 2018, 2019, 2020, 2021, 2022]	22	22
0cGUm45nv7Z6M6qdXYQGTX	Kehlani	['pop', 'r&b']	[2017, 2018, 2019, 2020, 2021]	22	18
0Cp8WN4V8Tu4QJQwCN5Md4	BENEE	['alt z', 'nz pop']	[2019, 2020, 2021, 2022]	22	6
0iEtIxbK0KxaSlF7G42ZOp	Metro Boomin	['rap']	[2017, 2018, 2019, 2020]	21	21
3jK9MiCrA42lLAdMGUZpwa	Anderson .Paak	['escape room', 'hip hop', 'indie soul', 'neo soul']	[2018, 2019, 2020, 2021, 2022]	21	21
3YQKmKGau1PzlVlkL1iodx	Twenty One Pilots	['modern rock', 'pop', 'pov: indie', 'rock']	[2017, 2018, 2020, 2021]	20	0
3PhoLpVuITZKcymswpck5b	Elton John	['glam rock', 'mellow gold', 'piano rock', 'rock']	[2017, 2018, 2019, 2020, 2021, 2022]	20	7
3WGpXCj9YhhfX11TToZcXP	Troye Sivan	['australian pop', 'pop', 'viral pop']	[2017, 2018, 2019, 2020, 2021]	20	10
6S2OmqARrzebs0tKUEyXyp	Demi Lovato	['pop', 'post-teen pop']	[2017, 2018, 2019, 2020, 2021]	20	10
41MozSoPIsD1dJM0CLPjZF	BLACKPINK	['k-pop', 'k-pop girl group', 'pop']	[2018, 2019, 2020]	20	7
1Cs0zKBU1kc0i8ypK3B9ai	David Guetta	['big room', 'dance pop', 'edm', 'pop', 'pop dance']	[2017, 2018, 2019, 2021, 2022]	19	18
699OTQXzgjhIYAHMy9RyPD	Playboi Carti	['atl hip hop', 'plugg', 'pluggnb', 'rage rap', 'rap']	[2017, 2018, 2019, 2020, 2021]	19	14
23fqKkggKUBHNkbKtXEls4	Kygo	['edm', 'pop', 'pop dance', 'tropical house']	[2017, 2018, 2019, 2020, 2021]	18	18
64M6ah0SkkRsnPGtGiRAbb	Bebe Rexha	['dance pop', 'pop']	[2017, 2018, 2019, 2020, 2021]	18	14
6nxWCVXbOlEVRexSbLsTer	Flume	['australian dance', 'australian electropop', 'australian indie', 'downtempo', 'edm', 'indietronica']	[2017, 2018, 2019, 2020, 2022]	18	15
2yEwvVSSSUkcLeSTNyHKh8	TOOL	['alternative metal', 'art rock', 'nu metal', 'progressive metal', 'progressive rock', 'rock']	[2019]	18	0
1Hsdzj7Dlq2I7tHP7501T4	Niall Horan	['pop']	[2017, 2018, 2019, 2020, 2021, 2022]	17	3
4DdkRBBYG6Yk9Ka8tdJ9BW	Offset	['atl hip hop', 'rap', 'trap']	[2017, 2018, 2019, 2020]	17	15
1anyVhU62p31KFi8MEzkbf	Chance the Rapper	['chicago rap', 'conscious hip hop', 'hip hop', 'pop rap', 'rap']	[2017, 2018, 2019, 2020, 2021]	17	16
6jJ0s89eD6GaHleKKya26X	Katy Perry	['pop']	[2017, 2018, 2019, 2020]	16	9
31W5EY0aAly4Qieq6OFu6I	A Boogie Wit da Hoodie	['melodic rap', 'rap', 'trap']	[2017, 2018, 2019, 2020, 2021]	16	15
1vCWHaC5f2uS3yhpwWbIA6	Avicii	['edm', 'pop', 'pop dance']	[2017, 2018, 2019, 2020, 2021, 2022]	16	7
3ZGr7nQBXDU2WhyXgRVbt0	Sticky Fingers	['australian reggae fusion', 'australian surf rock', 'reggae fusion']	[2017, 2018, 2019, 2020, 2021, 2022]	16	0
2kCcBybjl3SAtIcwdWpUe3	Lil Peep	['cloud rap', 'emo rap', 'lgbtq+ hip hop']	[2017, 2018, 2019, 2020, 2021, 2022]	16	5
46SHBwWsqBkxI7EeeBEQG7	Kodak Black	['florida drill', 'florida rap', 'melodic rap', 'miami hip hop', 'rap', 'trap', 'trap latino']	[2017, 2018, 2019, 2021, 2022]	16	11
2h93pZq0e7k5yf4dywlkpM	Frank Ocean	['lgbtq+ hip hop', 'neo soul']	[2017, 2018, 2019, 2020, 2022]	16	7
181bsRPaVXVlUKXrxwZfHK	Megan Thee Stallion	['houston rap', 'pop', 'rap', 'trap queen']	[2019, 2020, 2021, 2022]	16	12
2SrSdSvpminqmStGELCSNd	Stormzy	['grime', 'uk hip hop']	[2017, 2019, 2020, 2021]	16	12
3MZsBdqDrRTJihTHQrO6Dq	Joji	['viral pop']	[2018, 2019, 2020]	15	2
3e7awlrlDSwF3iM0WBjGMp	Little Mix	['girl group', 'pop', 'talent show', 'uk pop']	[2017, 2018, 2019, 2020, 2021]	15	9
5fMUXHkw8R8eOP2RNVYEZX	Diplo	['edm', 'electro house', 'moombahton', 'pop dance']	[2017, 2018, 2019, 2020]	15	15
2feDdbD5araYcm6JhFHHw7	Labrinth	['indie poptimism', 'pop']	[2017, 2018, 2019, 2020, 2022]	15	9
5p7f24Rk5HkUZsaS3BLG5F	Hailee Steinfeld	['pop']	[2017, 2018, 2019, 2020]	15	13
3JhNCzhSMTxs9WLGJJxWOY	Macklemore	['pop rap', 'seattle hip hop']	[2017, 2018, 2019, 2020, 2021]	15	15
13y7CgLHjMVRMDqxdx0Xdo	Gucci Mane	['atl hip hop', 'dirty south rap', 'hip hop', 'pop rap', 'rap', 'southern hip hop', 'trap']	[2017, 2018, 2019, 2020]	15	15
6VuMaDnrHyPL1p4EHjYLi7	Charlie Puth	['pop', 'viral pop']	[2017, 2018, 2019, 2022]	15	7
02kJSzxNuaWGqwubyUba0Z	G-Eazy	['indie pop rap', 'oakland hip hop', 'pop rap', 'rap']	[2017, 2018, 2019, 2020, 2021]	15	15
0PK0Dx3s9et0Uf4XbdFpiW	Sons Of Zion	['nz reggae']	[2017, 2018, 2019, 2020, 2021, 2022]	15	8
6kQfGeicc9EiQMzAYX0f9U	ONEFOUR	['aussie drill', 'australian hip hop', 'australian trap']	[2019, 2020, 2021, 2022]	15	7
1McMsnEElThX1knmY4oliG	Olivia Rodrigo	['pop']	[2020, 2021, 2022]	15	1
4Ga1P7PMIsmqEZqhYZQgDo	Lil Tecca	['melodic rap', 'pluggnb', 'rap']	[2019, 2020, 2021]	15	6
7Ln80lUS6He07XvHI8qqHH	Arctic Monkeys	['garage rock', 'modern rock', 'permanent wave', 'rock', 'sheffield indie']	[2018, 2019, 2021, 2022]	14	0
5y2Xq6xcjJb2jVM54GHK3t	John Legend	['neo soul', 'pop', 'pop soul', 'urban contemporary']	[2017, 2018, 2019, 2020, 2021, 2022]	14	8
4gzpq5DPGxSnKTe4SA8HAU	Coldplay	['permanent wave', 'pop']	[2017, 2018, 2019, 2020, 2021, 2022]	14	6
5ZsFI1h6hIdQRw2ti0hz81	ZAYN	['pop', 'uk pop']	[2017, 2018, 2019, 2020, 2021]	14	9
4GvEc3ANtPPjt1ZJllr5Zl	Bazzi	['pop']	[2018, 2019, 2020]	14	2
0A0FS04o6zMoto8OKPsDwY	YG	['cali rap', 'hip hop', 'pop rap', 'rap', 'southern hip hop', 'trap']	[2017, 2018, 2019, 2022]	14	12
5pKCCKE2ajJHZ9KAiaK11H	Rihanna	['barbadian pop', 'pop', 'urban contemporary']	[2017, 2018, 2019, 2020]	14	12
7fRw4ouudxR1jHgyrTIKuY	Stan Walker	['australian talent show', 'nz christian', 'nz pop']	[2017, 2018, 2019, 2020, 2021, 2022]	14	6
0JlQaGJZfrqYeZG1AQICxp	Hp Boyz	['aussie drill']	[2019, 2020, 2021]	14	1
757aE44tKEUQEqRuT6GnEB	Roddy Ricch	['melodic rap', 'rap', 'trap']	[2019, 2020, 2021]	14	12
0c173mlxpT3dSFRgMO8XPh	Big Sean	['detroit hip hop', 'hip hop', 'pop rap', 'r&b', 'rap', 'southern hip hop', 'trap']	[2017, 2018, 2019, 2020, 2021]	13	11
5Pwc4xIPtQLFEnJriah9YJ	OneRepublic	['piano rock', 'pop']	[2017, 2018, 2019, 2020, 2021, 2022]	13	5
1vyhD5VmyZ7KMfW5gqLgo5	J Balvin	['reggaeton', 'reggaeton colombiano', 'trap latino', 'urbano latino']	[2017, 2018, 2019, 2020]	13	13
7jy3rLJdDQY21OgRLCZ9sD	Foo Fighters	['alternative metal', 'alternative rock', 'modern rock', 'permanent wave', 'post-grunge', 'rock']	[2017, 2018, 2020, 2021, 2022]	13	0
1dfeR4HaWDbWqFHLkxsg1d	Queen	['classic rock', 'glam rock', 'rock']	[2017, 2018, 2019, 2020, 2021, 2022]	13	1
1HBjj22wzbscIZ9sEb5dyf	Jonas Blue	['pop', 'pop dance', 'tropical house', 'uk dance']	[2017, 2018, 2019]	13	13
32GMj177nVLZPp3lqVrCXp	Kings	['nz hip hop']	[2017, 2018, 2019, 2020, 2021, 2022]	13	4
6m8itYST9ADjBIYevXSb1r	Wilkinson	['dancefloor dnb', 'drum and bass', 'uk dance']	[2019, 2020, 2021, 2022]	13	12
4Gso3d4CscCijv0lmajZWs	Don Toliver	['rap', 'trap']	[2019, 2020, 2021, 2022]	13	9
2LIk90788K0zvyj2JJVwkJ	Jack Harlow	['deep underground hip hop', 'kentucky hip hop', 'pop rap', 'rap']	[2020, 2021, 2022]	13	8
6PvvGcCY2XtUcSRld1Wilr	Silk Sonic	['neo soul']	[2021, 2022]	13	13
17lzZA2AlOHwCwFALHttmp	2 Chainz	['atl hip hop', 'hip hop', 'pop rap', 'rap', 'southern hip hop', 'trap']	[2017, 2018, 2019]	12	12
4VIvfOurcf0vuLRxLkGnIG	Bradley Cooper	['hollywood']	[2018, 2019, 2020, 2021, 2022]	12	8
20JZFwl6HVl6yg8a4H3ZqK	Panic! At The Disco	['pop']	[2017, 2018, 2019, 2020]	12	2
5CCwRZC6euC8Odo6y9X8jr	Rita Ora	['dance pop', 'pop', 'uk pop']	[2017, 2018, 2019]	12	7
5CiGnKThu5ctn9pBxv7DGa	benny blanco	['pop']	[2018, 2019, 2020, 2021]	12	12
0fA0VVWsXO9YnASrzqfmYu	Kid Cudi	['hip hop', 'ohio hip hop', 'pop rap', 'rap']	[2018, 2019, 2020, 2021, 2022]	12	8
56oDRnqbIiwx4mymNEv7dS	Lizzo	['escape room', 'minnesota hip hop', 'pop', 'trap queen']	[2019, 2020, 2021]	12	3
2qxJFvFYMEDqd7ui6kSAcq	Zedd	['complextro', 'edm', 'german techno', 'pop', 'pop dance']	[2017, 2018, 2019, 2020]	11	11
60d24wfXkVzDSfLS6hyCjZ	Martin Garrix	['dutch edm', 'edm', 'pop', 'pop dance', 'progressive house']	[2017, 2018, 2019]	11	11
6icQOAFXDZKsumw3YXyusw	Lil Yachty	['atl hip hop', 'melodic rap', 'rap', 'trap']	[2017, 2018, 2019, 2020]	11	11
6C1ohJrd5VydigQtaGy5Wa	Joyner Lucas	['boston hip hop', 'hip hop', 'pop rap', 'rap']	[2018, 2019, 2020, 2021]	11	7
2cFrymmkijnjDg9SS92EPM	blackbear	['pop']	[2017, 2019, 2020, 2021]	11	5
7gOdHgIoIKoe4i9Tta6qdD	Jonas Brothers	['boy band', 'pop']	[2019, 2020, 2021, 2022]	11	2
6jGMq4yGs7aQzuGsMgVgZR	Lil Tjay	['brooklyn drill', 'melodic rap', 'nyc rap', 'rap']	[2019, 2020, 2021]	11	10
2jku7tDXc6XoB6MO2hFuqg	Tory Lanez	['canadian hip hop', 'canadian trap', 'melodic rap', 'r&b', 'rap', 'toronto rap', 'trap']	[2017, 2018, 2019, 2020, 2021]	10	10
4A0TivfinfALCAMJqqjZIk	Funk Wav	[]	[2017, 2018, 2019]	10	10
1pPmIToKXyGdsCF6LmqLmI	Rich The Kid	['atl hip hop', 'melodic rap', 'plugg', 'rap', 'trap']	[2018, 2019]	10	5
4tX2TplrkIP4v05BNC903e	Tom Petty and the Heartbreakers	['album rock', 'classic rock', 'hard rock', 'heartland rock', 'mellow gold', 'rock', 'singer-songwriter', 'soft rock']	[2017, 2018, 2019, 2020, 2021]	10	0
6vXTefBL93Dj5IqAWq6OTv	French Montana	['hip hop', 'pop rap', 'rap', 'southern hip hop', 'trap']	[2017, 2018, 2019]	10	10
08GQAI4eElDnROBrJRGE0X	Fleetwood Mac	['album rock', 'classic rock', 'rock', 'soft rock', 'yacht rock']	[2017, 2018, 2019, 2020, 2021, 2022]	10	0
3QSQFmccmX81fWCUSPTS7y	Dean Lewis	['australian pop', 'singer-songwriter pop']	[2017, 2018, 2019, 2020, 2021]	10	1
7hJcb9fa4alzcOq3EaNPoG	Snoop Dogg	['g funk', 'gangster rap', 'hip hop', 'pop rap', 'rap', 'west coast rap']	[2017, 2018, 2021, 2022]	10	10
6DPYiyq5kWVQS4RGwxzPC7	Dr. Dre	['g funk', 'gangster rap', 'hip hop', 'rap', 'west coast rap']	[2017, 2018, 2022]	10	10
5pUo3fmmHT8bhCyHE52hA6	Liam Payne	['pop']	[2017, 2018, 2019, 2020]	10	7
3nFkdlSjzX9mRTtwJOzDYB	JAY-Z	['east coast hip hop', 'gangster rap', 'hip hop', 'pop rap', 'rap']	[2017, 2018, 2019, 2021, 2022]	10	10
1Xylc3o4UrD53lo9CvFvVg	Zara Larsson	['pop', 'scandipop', 'swedish electropop', 'swedish pop']	[2017, 2018, 2019, 2020]	10	4
33tFkBLsl6f8TjKkV0uF0C	Lovejoy	['pixel', 'pov: indie']	[2021]	10	0
2RdwBSPQiwcmiDo9kixcl8	Pharrell Williams	['dance pop', 'pop']	[2017, 2018, 2020, 2021]	9	9
07YZf4WDAMNwqr4jfgOZ8y	Jason Derulo	['dance pop', 'pop']	[2017, 2018, 2020, 2021, 2022]	9	6
31TPClRtHm23RisEBtV3X7	Justin Timberlake	['dance pop', 'pop']	[2017, 2018, 2019, 2020]	9	3
70gP6Ry4Uo0Yx6uzPIdaiJ	Bas	['queens hip hop', 'rap', 'sudanese hip hop', 'sudanese pop', 'underground hip hop']	[2018, 2019, 2021]	9	9
2wUjUUtkb5lvLKcGKsKqsR	Alessia Cara	['canadian contemporary r&b', 'canadian pop', 'pop']	[2017, 2018, 2019, 2020, 2021]	9	5
2HPaUgqeutzr3jx5a9WyDV	PARTYNEXTDOOR	['r&b', 'rap', 'toronto rap', 'urban contemporary']	[2017, 2018, 2019, 2020]	9	9
738wLrAtLtCtFOLvQBXOXp	Major Lazer	['dance pop', 'edm', 'electro house', 'moombahton', 'pop', 'pop dance']	[2017, 2018, 2019]	9	9
5xkAtLTf309LAGZTbvULBn	Ruel	['alt z', 'australian alternative pop', 'pop']	[2018, 2019, 2020]	9	0
73sIBHcqh3Z3NyqHKZ7FOL	Childish Gambino	['atl hip hop', 'hip hop', 'rap']	[2017, 2018, 2019, 2020, 2021, 2022]	9	2
3wyVrVrFCkukjdVIdirGVY	Lil Pump	['emo rap', 'miami hip hop', 'pop rap', 'rap', 'trap']	[2017, 2018, 2019, 2020]	9	4
2jnIB6XdLvnJUeNTy5A0J2	Why Don't We	['boy band', 'pop']	[2017, 2018, 2019, 2020, 2021]	9	3
51Blml2LZPmy7TTiAg47vQ	U2	['irish rock', 'permanent wave', 'rock']	[2017, 2018, 2019, 2020, 2021]	9	1
4IWBUUAFIplrNtaOHcJPRM	James Arthur	['pop', 'talent show', 'uk pop']	[2017, 2018, 2019, 2020, 2021, 2022]	8	3
4ScCswdRlyA23odg9thgIO	Jess Glynne	['pop', 'uk pop']	[2018, 2019]	8	2
6PXS4YHDkKvl1wkIl4V8DL	Fetty Wap	['new jersey rap', 'pop rap', 'rap', 'southern hip hop', 'trap']	[2017, 2018, 2020, 2021]	8	7
5zctI4wO9XSKS8XwcnqEHk	Lil Mosey	['melodic rap', 'rap conscient']	[2018, 2019, 2020, 2021]	8	3
4npEfmQ6YuiwW1GpUmaq3F	Ava Max	['pop']	[2018, 2019, 2020, 2021, 2022]	8	1
5V0MlUE1Bft0mbLlND7FJz	Ella Fitzgerald	['adult standards', 'jazz', 'jazz blues', 'soul', 'swing', 'vocal jazz']	[2017, 2018, 2019, 2020, 2021]	8	1
7nwUJBm0HE4ZxD3f5cy5ok	Aretha Franklin	['classic soul', 'jazz blues', 'memphis soul', 'soul', 'southern soul', 'vocal jazz']	[2018]	8	1
4tw2Lmn9tTPUv7Gy7mVPI4	Kenny Rogers	['classic country pop', 'country', 'nashville sound']	[2017, 2018, 2019, 2020, 2021, 2022]	8	2
7HkdQ0gt53LP4zmHsL0nap	Ella Mai	['r&b', 'rap', 'uk contemporary r&b']	[2018, 2019]	8	5
7DMveApC7UnC2NPfPvlHSU	Cheat Codes	['edm', 'pop', 'pop dance']	[2017, 2018]	8	8
4iHNK0tOyZPYnBU7nGAgpQ	Mariah Carey	['dance pop', 'pop', 'urban contemporary']	[2017, 2018, 2019, 2020, 2021]	8	3
4Q6nIcaBED8qUel8bBx6Cr	Jax Jones	['dance pop', 'edm', 'house', 'pop dance', 'uk dance', 'uk pop']	[2017, 2018, 2019]	8	8
137W8MRPWKqSmrBGDBFSop	Wiz Khalifa	['hip hop', 'pittsburgh rap', 'pop rap', 'rap', 'southern hip hop', 'trap']	[2017, 2018, 2020, 2021, 2022]	8	8
2kRfqPViCqYdSGhYSM9R0Q	Madison Beer	['pop']	[2018, 2019, 2020, 2021]	8	5
10exVja0key0uqUkk6LJRT	Vance Joy	['folk-pop', 'modern rock']	[2017, 2018, 2019, 2020, 2021, 2022]	8	1
3AA28KZvwAUcZuOKwyblJQ	Gorillaz	['alternative hip hop', 'modern rock', 'rock']	[2017, 2018]	8	7
32lo0J8u6KZJTwBOIBrdYS	Fat Freddy's Drop	['funk rock', 'nz reggae']	[2017, 2018, 2019, 2020, 2021, 2022]	8	0
4GNC7GD6oZMSxPGyXy4MNB	Lewis Capaldi	['pop', 'uk pop']	[2019, 2020, 2021, 2022]	8	0
1sBkRIssrMs1AbVkOJbc7a	Rick Ross	['dirty south rap', 'gangster rap', 'hip hop', 'rap', 'southern hip hop', 'trap']	[2017, 2019, 2020, 2021]	8	8
4ofg0wyo4TjuNtWQ5XxZhJ	TEEKS	['nz pop']	[2017, 2019, 2020, 2021]	8	0
2hPgGN4uhvXAxiXQBIXOmE	KIDS SEE GHOSTS	['rap']	[2018]	7	4
4IVAbR2w4JJNJDDRFP3E83	6LACK	['atl hip hop', 'melodic rap', 'r&b', 'rap', 'trap']	[2018, 2019, 2021]	7	6
6ZjFtWeHP9XN7FeKSUe80S	Bing Crosby	['adult standards', 'easy listening', 'lounge']	[2017, 2018, 2019, 2020, 2021]	7	1
3hv9jJF3adDNsBSIQDqcjp	Mark Ronson	['pop soul']	[2017, 2018, 2019, 2020, 2021]	7	7
540vIaP2JwjQb9dm3aArA4	DJ Snake	['edm', 'electronic trap', 'pop', 'pop dance']	[2017, 2018, 2019, 2021]	7	6
0UZ1nu3kcdNlCoiKRjmSSY	Peking Duk	['aussietronica', 'australian electropop', 'edm']	[2017, 2018, 2019]	7	5
360IAlyVv4PCEVjgyMZrxK	Miguel	['r&b']	[2017, 2018, 2019, 2020, 2021, 2022]	7	5
3fMbdgg4jU18AjLCKBhRSm	Michael Jackson	['r&b', 'soul']	[2017, 2018, 2019, 2020, 2021]	7	2
0L8ExT028jH3ddEcZwqJJ5	Red Hot Chili Peppers	['alternative rock', 'funk metal', 'funk rock', 'permanent wave', 'rock']	[2017, 2018, 2019, 2020, 2021, 2022]	7	0
6fOMl44jA4Sp5b9PpYCkzz	NF	['hip hop', 'pop rap']	[2017, 2018, 2019]	7	0
6sCbFbEjbYepqswM1vWjjs	Zendaya	['pop', 'post-teen pop']	[2018, 2019, 2022]	7	7
5he5w2lnU9x7JFhnwcekXX	Skrillex	['brostep', 'complextro', 'edm', 'electro', 'pop dance']	[2017, 2018, 2019, 2020, 2021]	7	7
6zVFRTB0Y1whWyH7ZNmywf	Tash Sultana	['australian reggae fusion']	[2017, 2018, 2019]	7	3
4exLIFE8sISLr28sqG1qNX	Travis Barker	['rap rock']	[2018, 2019, 2021]	7	7
2FXC3k01G6Gw61bmprjgqS	Hozier	['irish singer-songwriter', 'modern rock', 'pop', 'pov: indie']	[2017, 2018, 2019, 2020, 2021, 2022]	7	0
3Gm5F95VdRxW3mqCn8RPBJ	Aminé	['pop rap', 'portland hip hop', 'rap', 'underground hip hop']	[2017, 2018, 2019]	7	2
7gAppWoH7pcYmphCVTXkzs	The Vamps	['boy band', 'pop']	[2017, 2018, 2019]	7	4
4AK6F7OLvEQ5QYCBNiQWHq	One Direction	['boy band', 'pop', 'post-teen pop', 'talent show']	[2020]	7	0
1cNDP5yjU5vjeR8qMf4grg	YNW Melly	['melodic rap', 'rap']	[2019, 2020]	7	5
4EPJlUEBy49EX1wuFOvtjK	Becky Hill	['pop dance', 'pop house', 'uk dance', 'uk pop']	[2017, 2019, 2020, 2021, 2022]	7	7
14CHVeJGrR5xgUGQFV5BVM	Fivio Foreign	['brooklyn drill', 'new york drill', 'trap']	[2020, 2021, 2022]	7	7
5INjqkS1o8h1imAzPqGZBb	Tame Impala	['australian psych', 'modern rock', 'neo-psychedelic', 'rock']	[2019, 2020, 2021, 2022]	7	0
57LYzLEk2LcFghVwuWbcuS	Summer Walker	['r&b']	[2019, 2020, 2021]	7	7
1z7b1Pr1rSlvWRzsW3HOrS	Russ	['hawaiian hip hop']	[2017, 2019, 2020, 2021, 2022]	7	3
6U3ybJ9UHNKEdsH7ktGBZ7	JID	['hip hop', 'rap', 'underground hip hop']	[2019, 2021, 2022]	7	7
0LyfQWJT6nXafLPZqxe9Of	Various Artists	[]	[2017, 2019]	7	0
4YLtscXsxbVgi031ovDDdh	Chris Stapleton	['contemporary country', 'outlaw country']	[2017, 2018, 2019, 2020, 2021, 2022]	6	5
3tVQdUvClmAT7URs9V3rsp	Wizkid	['afrobeats', 'afropop', 'azonto', 'azontobeats', 'nigerian hip hop', 'nigerian pop']	[2017, 2018, 2019, 2021, 2022]	6	6
2iE18Oxc8YSumAU232n4rW	The Jackson 5	['motown', 'soul']	[2017, 2018, 2019, 2020, 2021]	6	0
7iZtZyCzp3LItcw1wtPI3D	Rae Sremmurd	['melodic rap', 'mississippi hip hop', 'rap', 'trap']	[2017, 2018]	6	4
25uiPmTg16RbhZWAqwLBy5	Charli XCX	['art pop', 'candy pop', 'metropopolis', 'pop', 'uk pop']	[2017, 2018, 2019]	6	5
65oocmSeB6z75kHwrZo1le	Mitch James	['nz pop']	[2017, 2018, 2019, 2020, 2021]	6	0
20qISvAhX20dpIbOOzGK3q	Nas	['conscious hip hop', 'east coast hip hop', 'gangster rap', 'hardcore hip hop', 'hip hop', 'queens hip hop', 'rap']	[2018, 2021]	6	5
5F1aoppMtU3OMiltO8ymJ2	Hugh Jackman	['hollywood', 'show tunes']	[2018]	6	6
1Mxqyy3pSjf8kZZL4QVxS0	Frank Sinatra	['adult standards', 'easy listening', 'lounge']	[2017, 2018, 2019, 2020, 2021]	6	3
0bdfiayQAKewqEvaU6rXCv	MØ	['danish pop', 'electropop', 'pop', 'pop dance']	[2017, 2018]	6	4
0ONHkAv9pCAFxb0zJwDNTy	Pusha T	['gangster rap', 'hip hop', 'rap', 'southern hip hop', 'trap', 'virginia hip hop']	[2017, 2018, 2021]	6	5
2cWZOOzeOm4WmBJRnD5R7I	Normani	['pop', 'r&b']	[2018, 2019, 2020, 2021]	6	5
2QsynagSdAqZj3U9HgDzjD	Bob Marley & The Wailers	['reggae', 'roots reggae']	[2017, 2018, 2019, 2020, 2021, 2022]	6	1
7CyeXFnOrfC1N6z4naIpgo	The Ronettes	['brill building pop', 'classic girl group', 'motown', 'rock-and-roll']	[2017, 2018, 2019, 2020, 2021]	6	0
3BmGtnKgCSGYIUhmivXKWX	Kelly Clarkson	['dance pop', 'pop', 'talent show']	[2017, 2018, 2019, 2020, 2021]	6	4
21WS9wngs9AqFckK7yYJPM	PnB Rock	['melodic rap', 'rap', 'trap']	[2018, 2019, 2020]	6	6
4VMYDCV2IEDYJArk749S6m	Daddy Yankee	['latin hip hop', 'reggaeton', 'trap latino', 'urbano latino']	[2017, 2018, 2019]	6	6
7rkW85dBwwrJtlHRDkJDAC	NAV	['canadian hip hop', 'canadian trap', 'melodic rap', 'rap', 'toronto rap', 'trap']	[2018, 2019, 2020, 2021, 2022]	6	6
3qm84nBOXUEQ2vnTfUTTFC	Guns N' Roses	['glam metal', 'hard rock', 'rock']	[2017, 2018, 2019, 2020, 2021, 2022]	6	0
20sxb77xiYeusSH8cVdatc	Meek Mill	['hip hop', 'philly rap', 'pop rap', 'rap', 'southern hip hop', 'trap']	[2017, 2018, 2019]	6	6
0qSX3s5pJnAlSsgsCne8Cz	Brett Eldredge	['contemporary country', 'country', 'country road', 'modern country rock']	[2018, 2019, 2020, 2021]	6	3
2NjfBq1NflQcKSeiDooVjY	Tones And I	['australian pop']	[2019, 2020, 2021, 2022]	6	0
0ErzCpIMyLcjPiwT4elrtZ	NLE Choppa	['memphis hip hop', 'rap']	[2019, 2020]	6	5
3KV3p5EY4AvKxOlhGHORLg	Jeremih	['chicago rap', 'pop rap', 'r&b', 'southern hip hop', 'trap', 'urban contemporary']	[2017, 2020]	6	6
6UCQYrcJ6wab6gnQ89OJFh	Headie One	['uk hip hop']	[2019, 2020]	6	6
6MPCFvOQv5cIGfw3jODMF0	Internet Money	['pop rap']	[2020, 2021, 2022]	6	6
6fWVd57NKTalqvmjRd2t8Z	24kGoldn	['cali rap']	[2019, 2020, 2021, 2022]	6	3
7b79bQFziJFedJb75k6hFt	Tion Wayne	['london rap', 'uk hip hop']	[2020, 2021]	6	6
3wcj11K77LjEY1PkEazffa	Burna Boy	['afrobeats', 'dancehall', 'nigerian hip hop', 'nigerian pop']	[2019, 2020, 2021]	6	6
5KKpBU5eC2tJDzf0wmlRp2	RAYE	['uk contemporary r&b', 'uk pop']	[2017, 2020, 2021]	6	6
0EeQBlQJFiAfJeVN2vT9s0	Nipsey Hussle	['conscious hip hop', 'gangster rap', 'hip hop', 'pop rap', 'rap', 'southern hip hop', 'trap']	[2019]	6	6
1iNqsUDUraNWrj00bqssQG	Dreamville	['hip hop', 'pop rap', 'rap', 'underground hip hop']	[2019]	6	6
4YXycRbyyAE0wozTk7QMEq	Matoma	['pop dance', 'tropical house']	[2017]	6	6
5me0Irg2ANcsgc93uaYrpb	The Notorious B.I.G.	['east coast hip hop', 'gangster rap', 'hardcore hip hop', 'hip hop', 'rap']	[2017, 2018, 2019, 2021, 2022]	5	2
0hEurMDQu99nJRq8pTxO14	John Mayer	['neo mellow', 'singer-songwriter']	[2017, 2018, 2019, 2021]	5	1
3Y7RZ31TRPVadSFVy1o8os	H.E.R.	['r&b', 'rap']	[2018, 2019, 2020, 2021]	5	5
1moxjboGR7GNWYIMWsRjgG	Florence + The Machine	['baroque pop', 'modern rock', 'neo mellow', 'uk alternative pop']	[2018, 2019, 2021]	5	0
5EvFsr3kj42KNv97ZEnqij	Shaggy	['dance pop', 'pop rap', 'reggae fusion']	[2017, 2018, 2019, 2020, 2021]	5	5
77AiFEVeAVj2ORpC85QVJs	Steve Aoki	['edm', 'electro house', 'pop dance']	[2017, 2018]	5	5
4RVnAU35WRWra6OZ3CbbMA	Kylie Minogue	['australian dance', 'australian pop', 'dance pop', 'eurodance', 'new wave pop']	[2017, 2018, 2019, 2020, 2021]	5	1
68kEuyFKyqrdQQLLsmiatm	Vince Staples	['conscious hip hop', 'hip hop', 'rap', 'underground hip hop']	[2017, 2018]	5	3
1VPmR4DJC1PlOtd0IADAO0	$uicideboy$	['cloud rap', 'dark trap', 'new orleans rap', 'underground hip hop']	[2018, 2020, 2021]	5	0
6LqNN22kT3074XbTVUrhzX	Kesha	['dance pop', 'pop']	[2017, 2018]	5	2
3mIj9lX2MWuHmhNCA7LSCW	The 1975	['modern alternative rock', 'modern rock', 'pop', 'pov: indie', 'rock']	[2018, 2020]	5	0
7gWjOPetXNCBqlVe6axl8K	Lily James	['hollywood', 'movie tunes']	[2018]	5	4
49e4v89VmlDcFCMyDv9wQ9	Dean Martin	['adult standards', 'easy listening', 'lounge', 'vocal jazz']	[2017, 2018, 2019, 2020, 2021]	5	0
4WN5naL3ofxrVBgFpguzKo	Rudimental	['pop dance', 'uk dance', 'uk funky']	[2017, 2018, 2019]	5	5
6ydoSd3N2mwgwBHtF6K7eX	Calum Scott	['pop']	[2017, 2018, 2019, 2020, 2021, 2022]	5	1
2rhFzFmezpnW82MNqEKVry	Ski Mask The Slump God	['hip hop', 'miami hip hop', 'pop rap', 'rap', 'trap', 'underground hip hop']	[2018, 2019, 2021]	5	3
3tlXnStJ1fFhdScmQeLpuG	Brent Faiyaz	['r&b', 'rap']	[2017, 2018, 2020, 2021]	5	3
6MDME20pz9RveH9rEXvrOM	Clean Bandit	['pop', 'uk dance', 'uk funky']	[2017, 2018, 2019]	5	5
1oKdM70mJD8VvDOTKeS8t1	Emily Warren	['alt z', 'nyc pop']	[2017, 2018]	5	5
391oLRVmoTkumiN79HkTWu	Darlene Love	[]	[2017, 2018, 2019, 2020, 2021]	5	0
6XpaIBNiVzIetEPCWDvAFP	Whitney Houston	['dance pop']	[2017, 2018, 2019, 2020, 2021, 2022]	5	2
47mIJdHORyRerp4os813jD	League of Legends	['speedrun', 'video game music']	[2018, 2020, 2021, 2022]	5	5
4utLUGcTvOJFr6aqIJtYWV	Skylar Grey	['piano rock', 'viral pop']	[2017, 2018, 2020, 2021]	5	5
2LZDXcxJWgsJfKXZv9a5eG	Cashmere Cat	['downtempo', 'electropop', 'shiver pop']	[2017, 2018]	5	5
6JL8zeS1NmiOftqZTRgdTz	Meghan Trainor	['hip pop', 'pop']	[2017, 2018, 2019, 2020, 2021]	5	2
1W3FSF1BLpY3hlVIgvenLz	The-Dream	['dirty south rap', 'hip pop', 'r&b', 'southern hip hop', 'trap', 'urban contemporary']	[2017, 2018, 2021]	5	5
7guDJrEfX3qb6FEbdPA5qi	Stevie Wonder	['motown', 'soul']	[2017, 2018, 2019, 2020, 2021]	5	0
26dSoYclwsYLMAKD3tpOr4	Britney Spears	['dance pop', 'pop']	[2017, 2018, 2019, 2020, 2021]	5	0
0LcJLqbBmaGUft1e9Mm8HV	ABBA	['europop', 'swedish pop']	[2018, 2019, 2020, 2021]	5	0
4V8Sr092TqfHkfAA5fXXqG	Luis Fonsi	['latin pop', 'puerto rican pop']	[2017, 2018, 2019]	5	5
6Ha4aES39QiVjR0L2lwuwq	Yo Gotti	['dirty south rap', 'gangster rap', 'memphis hip hop', 'rap', 'southern hip hop', 'tennessee hip hop', 'trap']	[2017, 2018]	5	5
6WY7D3jk8zTrHtmkqqo5GI	Maren Morris	['classic texas country', 'contemporary country']	[2018, 2019, 2020, 2021]	5	4
23zg3TcAtWQy7J6upgbUnj	Usher	['atl hip hop', 'contemporary r&b', 'dance pop', 'pop', 'r&b', 'rap', 'south carolina hip hop', 'urban contemporary']	[2017, 2018, 2020, 2021]	5	5
5dHt1vcEm9qb8fCyLcB3HL	A$AP Ferg	['hip hop', 'pop rap', 'rap', 'southern hip hop', 'trap']	[2017, 2018, 2020, 2021]	5	4
2UZMlIwnkgAEDBsw1Rejkn	Tom Petty	['album rock', 'classic rock', 'hard rock', 'heartland rock', 'mellow gold', 'rock', 'singer-songwriter', 'soft rock']	[2017, 2018, 2019, 2020, 2021, 2022]	5	0
0X2BH1fck6amBIoJhDVmmJ	Ellie Goulding	['indietronica', 'metropopolis', 'pop', 'uk pop']	[2017, 2018, 2019, 2020]	5	3
5Q81rlcTFh3k6DQJXPdsot	Mura Masa	['channel islands indie', 'hyperpop', 'indie soul', 'vapor soul']	[2017, 2018]	5	5
3FUY2gzHeIiaesXtOAdB7A	Train	['dance pop', 'neo mellow', 'pop', 'pop rock']	[2017, 2018, 2019, 2020, 2021, 2022]	5	0
2oX42qP5ineK3hrhBECLmj	Andy Grammer	['neo mellow', 'post-teen pop']	[2017, 2018, 2019]	5	0
4fxd5Ee7UefO4CUXgwJ7IP	Giveon	['r&b']	[2020, 2021, 2022]	5	3
0H39MdGGX6dbnnQPt6NQkZ	SAINt JHN	['melodic rap', 'slap house']	[2019, 2020, 2021, 2022]	5	5
45dkTj5sMRSjrmBSBeiHym	Tate McRae	['alt z', 'pop']	[2020, 2021, 2022]	5	1
4Xi6LSfFqv26XgP9NKN26U	AJ Tracey	['grime', 'uk hip hop', 'ukg revival']	[2020]	5	5
56mfhUDKa1vec6rSLZV5Eg	Jawsh 685	['nz pop']	[2020, 2021, 2022]	5	3
55fhWPvDiMpLnE4ZzNXZyW	Noah Cyrus	['alt z', 'pop']	[2017, 2019, 2020, 2021]	5	2
5XmuuM2C6t4HSPa3FSuU3h	WanMor	[]	[2020]	5	5
6USv9qhCn6zfxlBQIYJ9qs	Dominic Fike	['alternative pop rock', 'pov: indie']	[2019, 2020, 2021, 2022]	5	3
36PxHmbx5QrRTpuCaw4FuV	Youngn Lipz	['aussie drill']	[2019, 2020, 2021]	5	1
3hcs9uc56yIGFCSy9leWe7	Lil Durk	['chicago drill', 'chicago rap', 'drill', 'hip hop', 'rap', 'trap']	[2020, 2021]	5	5
6nS5roXSAGhTGr34W6n7Et	Disclosure	['edm', 'house', 'indietronica', 'uk dance']	[2017, 2019, 2020, 2021]	5	5
7A8S43ryYdbWpJKeHRZRcq	JACKBOYS	['pop rap']	[2019, 2020]	5	4
6cK3NBO6uP7hh0oyuVELFl	Saweetie	['cali rap', 'trap queen']	[2019, 2020, 2021]	5	3
49tQo2QULno7gxHutgccqF	LANY	['la pop']	[2017, 2019, 2020]	5	4
3rWZHrfrsPBxVy692yAIxF	WILLOW	['afrofuturism', 'pop', 'post-teen pop', 'pov: indie']	[2020, 2021, 2022]	5	4
3Fl1V19tmjt57oBdxXKAjJ	Blueface	['cali rap', 'rap']	[2019]	5	4
74KM79TiuVKeVCqs8QtB0B	Sabrina Carpenter	['pop']	[2017, 2019, 2021]	5	1
6Dd3NScHWwnW6obMFbl1BH	Daya	['pop']	[2017, 2019]	5	2
6Ad91Jof8Niiw0lGLLi3NW	YUNGBLUD	['british indie rock', 'modern rock', 'pov: indie', 'rock']	[2019, 2021]	5	5
4sTQVOfp9vEMCemLw50sbu	Galantis	['dance pop', 'edm', 'pop', 'pop dance']	[2017, 2019, 2021]	5	3
6Ip8FS7vWT1uKkJSweANQK	Dave	['uk hip hop']	[2019, 2021, 2022]	5	3
6s22t5Y3prQHyaHWUN1R1C	AJR	['pov: indie']	[2017, 2021]	5	0
4kYGAK2zu9EAomwj3hXkXy	JP Cooper	['uk pop']	[2017]	5	2
2ziB7fzrXBoh1HUPS6sVFn	Audioslave	['alternative metal', 'alternative rock', 'grunge', 'hard rock', 'nu metal', 'permanent wave', 'post-grunge', 'rock', 'supergroup']	[2017]	5	0
6olE6TJLqED3rqDCT0FyPh	Nirvana	['grunge', 'permanent wave', 'rock']	[2017, 2021, 2022]	5	0
1uU7g3DNSbsu0QjSEqZtEd	Masked Wolf	['australian hip hop']	[2021, 2022]	5	0
5SXuuuRpukkTvsLuUknva1	Baby Keem	['hip hop', 'rap']	[2021, 2022]	5	4
7dnB1wSxbYa8CejeVg98hz	Meat Loaf	['album rock']	[2022]	5	0
2o5jDhtHVPhrJdv3cEQ99Z	Tiësto	['big room', 'brostep', 'dutch edm', 'edm', 'house', 'pop dance', 'slap house', 'trance']	[2018, 2019, 2020, 2021, 2022]	4	3
5iNrZmtVMtYev5M9yoWpEq	Seeb	['pop dance']	[2017, 2018, 2019]	4	4
4tZwfgrHOc3mvqYlEYSvVi	Daft Punk	['electro', 'filter house', 'rock']	[2017, 2018, 2019, 2021]	4	3
0WOxhx4hikIsyF3CRPLC8W	Famous Dex	['chicago rap', 'drill', 'rap', 'trap']	[2017, 2018]	4	2
3hteYQFiMFbJY7wS0xDymP	Gesaffelstein	['dark clubbing']	[2018, 2019, 2021, 2022]	4	4
5gCRApTajqwbnHHPbr2Fpi	Juicy J	['crunk', 'memphis hip hop', 'pop rap', 'rap', 'southern hip hop', 'trap']	[2018, 2022]	4	4
1CoZyIx7UvdxT5c8UkMzHd	Jorja Smith	['r&b', 'uk contemporary r&b']	[2017, 2018, 2019]	4	3
67wCYxOq4A1ohAs7jWYaOJ	Rik Rok	['reggae fusion']	[2017, 2018, 2019, 2021]	4	4
6IZ4ctovY9dl7bgHClAvKJ	LSD	[]	[2018]	4	4
7t0rwkOPGlDPEhaOcVtOt9	The Cranberries	['irish rock', 'pop rock', 'rock']	[2018]	4	0
4MVyzYMgTwdP7Z49wAZHx0	Lynyrd Skynyrd	['album rock', 'classic rock', 'hard rock', 'rock', 'southern rock']	[2017, 2018, 2019, 2020, 2021, 2022]	4	0
58lV9VcRSjABbAbfWS6skp	Bon Jovi	['glam metal', 'rock']	[2017, 2018, 2019, 2020, 2021, 2022]	4	0
3NPpFNZtSTHheNBaWC82rB	X Ambassadors	['modern alternative rock', 'modern rock', 'stomp pop']	[2017, 2018]	4	4
4STHEaNw4mPZ2tzheohgXB	Paul McCartney	['beatlesque', 'classic rock', 'rock']	[2017, 2018, 2019, 2020, 2021]	4	1
1okJ4NC308qbtY9LyHn6DO	BloodPop®	['electropop']	[2017, 2018]	4	4
7d3WFRME3vBY2cgoP38RDo	Lil Skies	['melodic rap']	[2018, 2019]	4	2
3RqBeV12Tt7A8xH3zBDDUF	Kelsea Ballerini	['contemporary country', 'country']	[2018, 2019]	4	4
4csQIMQm6vI2A2SCVDuM2z	Hayden James	['aussietronica', 'gauze pop', 'house']	[2017, 2018]	4	4
7v4imS0moSyGdXyLgVTIV7	Nat King Cole	['adult standards', 'lounge', 'soul', 'swing', 'vocal jazz']	[2017, 2018, 2019, 2020, 2021]	4	0
6n28c9qs9hNGriNa72b26u	PNAU	['alternative dance', 'aussietronica', 'australian dance', 'australian electropop']	[2017, 2018, 2021, 2022]	4	2
6eYFryfcEu3QSq59D62wZQ	Brendon Urie	[]	[2018, 2019]	4	4
0Q35wRRhdsU8EbsJ1eouCY	The Black Seeds	['nz reggae', 'reggae fusion', 'ska jazz']	[2017, 2018, 2019, 2020, 2021, 2022]	4	0
6DVipHzYsPlIoA0DW8Gmns	"Royce Da 5'9"""	['detroit hip hop', 'gangster rap', 'hardcore hip hop', 'hip hop']	[2018, 2020]	4	4
26AHtbjWKiwYzsoGoUZq53	Pentatonix	['a cappella', 'viral pop']	[2017, 2018, 2019, 2020, 2021]	4	1
4AVFqumd2ogHFlRbKIjp1t	Alesso	['dance pop', 'edm', 'electro house', 'pop', 'pop dance', 'progressive electro house']	[2017, 2018, 2019]	4	2
3b8QkneNDz4JHKKKlLgYZg	Florida Georgia Line	['contemporary country', 'country', 'country pop', 'country road', 'modern country rock']	[2017, 2018, 2019, 2020]	4	4
5jAMCwdNHWr7JThxtMuEyy	NOTD	['electropop', 'pop dance', 'pop edm']	[2017, 2018, 2019]	4	4
1o2NpYGqHiCq7FoiYdyd1x	Bea Miller	['alt z', 'pop', 'talent show']	[2018, 2020]	4	3
786hGmAEXHUeCdKPAj3JIa	Katchafire	['nz hip hop', 'nz reggae']	[2018, 2019, 2020, 2021, 2022]	4	0
53KwLdlmrlCelAZMaLVZqU	James Blake	['art pop', 'indie soul', 'indietronica', 'neo soul', 'uk alternative pop']	[2018, 2019]	4	4
63nv0hWWDob56Rk8GlNpN8	The Greatest Showman Ensemble	['movie tunes']	[2017, 2018, 2019]	4	4
25u4wHJWxCA9vO0CzxAbK7	Lukas Graham	['danish pop', 'scandipop']	[2017, 2018, 2019]	4	0
4lDBihdpMlOalxy1jkUbPl	Grey	[]	[2017, 2018, 2019, 2020]	4	4
4EzkuveR9pLvDVFNx6foYD	James Bay	['neo mellow', 'pop', 'uk pop']	[2017, 2018, 2019]	4	2
1l7ZsJRRS8wlW3WfJfPfNS	Christina Aguilera	['dance pop', 'pop']	[2017, 2018, 2019, 2020, 2021]	4	1
4qBgvVog0wzW75IQ48mU7v	KYLE	['deep underground hip hop', 'indie pop rap', 'pop rap', 'viral trap']	[2017, 2018, 2019]	4	4
0ECwFtbIWEVNwjlrfc6xoL	Eagles	['album rock', 'classic rock', 'heartland rock', 'mellow gold', 'rock', 'soft rock', 'yacht rock']	[2017, 2018, 2019, 2020, 2021, 2022]	4	0
2iojnBLj0qIMiKPvVhLnsH	Trey Songz	['dance pop', 'r&b', 'southern hip hop', 'trap', 'urban contemporary']	[2017, 2018, 2019]	4	3
5ZS223C6JyBfXasXxrRqOk	Jhené Aiko	['r&b']	[2017, 2018]	4	4
2EMAnMvWE2eb56ToJVfCWs	Bryson Tiller	['kentucky hip hop', 'r&b', 'rap']	[2017, 2018, 2019, 2020]	4	3
1LZEQNv7sE11VDY3SdxQeN	Bee Gees	['disco', 'mellow gold', 'soft rock']	[2017, 2018, 2020, 2021]	4	0
5fyDppLDl1juIu1BcUT5zh	Digital Farm Animals	['uk dance']	[2017, 2018, 2020, 2021]	4	4
6fxyWrfmjcbj5d12gXeiNV	Denzel Curry	['dark trap', 'drill', 'hip hop', 'miami hip hop', 'rap', 'trap', 'underground hip hop']	[2018, 2019]	4	0
1ZwdS5xdxEREPySFridCfh	2Pac	['g funk', 'gangster rap', 'hip hop', 'rap', 'west coast rap']	[2020, 2022]	4	3
1ThoqLcyIYvZn7iWbj8fsj	Bill Withers	['funk', 'quiet storm', 'soul']	[2020, 2021]	4	1
5rGrDvrLOV2VV8SCFVGWlj	Imanbek	['electro house', 'pop dance', 'slap house']	[2019, 2020, 2021, 2022]	4	4
3q7HBObVc0L8jNeTe5Gofh	50 Cent	['east coast hip hop', 'gangster rap', 'hip hop', 'pop rap', 'queens hip hop', 'rap']	[2017, 2019, 2020, 2021, 2022]	4	3
4Uc8Dsxct0oMqx0P6i60ea	Conan Gray	['bedroom pop', 'pop', 'pov: indie']	[2020, 2021]	4	1
41X1TR6hrK8Q2ZCpp2EqCz	bbno$	['canadian hip hop', 'dark trap', 'meme rap']	[2019, 2020, 2021, 2022]	4	4
3KwmxIhSe9UTSEF37kwngR	SHAED	['electropop']	[2019, 2020]	4	3
1yxSLGMDHlW21z4YXirZDS	Black Eyed Peas	['dance pop', 'pop', 'pop rap']	[2017, 2019, 2020, 2021, 2022]	4	1
6ASri4ePR7RlsvIQgWPJpS	iann dior	['melodic rap']	[2019, 2020, 2021, 2022]	4	4
1XLWox9w1Yvbodui0SRhUQ	StaySolidRocky	['melodic rap']	[2020]	4	2
0xRXCcSX89eobfrshSVdyu	MEDUZA	['pop dance', 'pop house', 'uk dance']	[2019, 2020, 2021]	4	4
3PyJHH2wyfQK3WZrk9rpmP	Ashnikko	['alt z', 'escape room']	[2019, 2020, 2021]	4	2
7wlFDEWiM5OoIAt8RSli8b	YoungBoy Never Broke Again	['baton rouge rap', 'rap']	[2019, 2020, 2021]	4	4
60rpJ9SgigSd16DOAG7GSa	Billy Ray Cyrus	['country rock']	[2019, 2020]	4	4
0QaSiI5TLA4N7mcsdxShDO	Sub Focus	['dancefloor dnb', 'drum and bass', 'uk dance']	[2019, 2020, 2021, 2022]	4	3
1QMgre3BHX161ZHtWMUu6S	Dimension	['dancefloor dnb', 'drum and bass', 'uk dnb']	[2019, 2020, 2021, 2022]	4	3
4CeW2xghttvllIwy4AqNSg	Aaradhna	['nz pop', 'pacific islands pop']	[2017, 2020, 2021, 2022]	4	3
1ooV8YZC1KbpEcrmI8WH0F	Yebba	['pop soul']	[2017, 2019, 2021]	4	4
45eNHdiiabvmbp4erw26rg	ILLENIUM	['edm', 'melodic dubstep', 'pop dance']	[2017, 2019]	4	4
1bj5GrcLom5gZFF5t949Xl	Martin Solveig	['disco house', 'edm', 'electro house', 'filter house', 'house', 'pop dance', 'vocal house']	[2017, 2019]	4	4
4f9iBmdUOhQWeP7dcAn1pf	Rag'n'Bone Man	['neo soul']	[2017, 2019]	4	2
4u5smJBskI6Adzv08PuiUP	Kiiara	['alt z', 'electropop']	[2017]	4	3
6extd4B6hl8VTmnlhpl2bY	Huncho Jack	['melodic rap', 'trap']	[2017]	4	4
5M0lbkGluOPXLeFjApw8r8	DRAM	['pop rap', 'trap', 'underground hip hop', 'viral trap', 'virginia hip hop']	[2017]	4	4
3iOvXCl6edW5Um0fXEBRXy	The xx	['downtempo', 'dream pop', 'indietronica']	[2017]	4	0
1U1el3k54VvEUzo3ybLPlM	Kali Uchis	['colombian pop']	[2017, 2021]	4	3
7pbDxGE6nQSZVfiFdq9lOL	Rex Orange County	['bedroom pop', 'pov: indie']	[2017, 2022]	4	4
1HwM5zlC5qNWhJtM00yXzG	DMX	['east coast hip hop', 'gangster rap', 'hardcore hip hop', 'hip hop', 'rap']	[2021]	4	0
4da15R0o9ipD6vPVPqYz5D	King George	[]	[2021, 2022]	4	0
687cZJR45JO7jhk1LHIbgq	Tems	['afro r&b', 'afrobeats', 'alte', 'nigerian pop']	[2021]	4	4
3FoFW2AoUGRHBacC6i4x4p	Russ Millions	['melodic drill', 'uk drill']	[2021, 2022]	4	4
7m0BsF0t3K9WQFgKoPejfk	ArrDee	['uk hip hop']	[2021, 2022]	4	2
5PYToRCsrnvikZg3yl2JMr	Stephanie Beatriz	['hollywood', 'movie tunes']	[2021, 2022]	4	3
6t1gpxYbY8OlLA7D2RiikQ	Loud Luxury	['edm', 'pop dance']	[2018, 2019, 2020]	3	3
5uEeqYFuIChoWKy34jp8xE	Brando	['dance pop', 'pop dance']	[2018, 2019, 2020]	3	2
4RSyJzf7ef6Iu2rnLdabNq	Willy William	[]	[2017, 2018]	3	3
77DAFfvm3O9zT5dIoG0eIO	Kyla	['uk funky']	[2017, 2018, 2019, 2021, 2022]	3	3
4S9EykWXhStSc15wEx8QFK	Céline Dion	['canadian pop']	[2018, 2019, 2020, 2021]	3	0
2ysnwxxNtSgbb9t1m2Ur4j	George Ezra	['folk-pop', 'neo-singer-songwriter']	[2018, 2019, 2020, 2021, 2022]	3	0
2RDOrhPqAM4jzTRCEb19qX	Sheck Wes	['pop rap', 'rap', 'trap']	[2018, 2019]	3	1
5KEG7G8LDYlHgFDqZyEEs2	Chris Rea	['soft rock', 'sophisti-pop']	[2017, 2018, 2019, 2020, 2021]	3	0
7EEiVZvj6RCEtVX2F2pyxu	Slim Jxmmi	['trap']	[2018]	3	3
0MHgLfmQdutffmvWe5XBTN	Burl Ives	['adult standards', 'american folk revival']	[2017, 2018, 2019, 2020, 2021]	3	0
0xOeVMOz2fVg5BJY3N6akT	Jaden	['pop rap', 'rap']	[2017, 2018]	3	2
3EXdLajEO02ziZ90P90bSW	Lil Xan	['cloud rap']	[2017, 2018]	3	1
6ltzsmQQbmdoHHbLZ4ZN25	Lord Huron	['indie folk', 'modern rock', 'stomp and holler']	[2017, 2018, 2021]	3	0
3gGUMEwIX6XodWsYEvKSal	YBN Nahmir	['alabama rap', 'rap', 'trap']	[2018]	3	2
4cPHsZM98sKzmV26wlwD2W	Brenda Lee	['adult standards', 'easy listening', 'lounge', 'rockabilly']	[2017, 2018, 2019, 2020, 2021]	3	0
5rSXSAkZ67PYJSvpUpkOr7	Backstreet Boys	['boy band', 'dance pop', 'pop']	[2018, 2019]	3	0
5RZjpmuD14JKXvB8Ry1G1u	Amanda Seyfried	['hollywood']	[2018]	3	3
2DORQjKJVYZMx9uu82UGtT	Amy Shark	['australian pop']	[2017, 2018]	3	0
2RQXRUsr4IW1f3mKyKsy4B	Noah Kahan	['pov: indie', 'singer-songwriter pop']	[2018]	3	3
3KedxarmBCyFBevnqQHy3P	Jessie Reyez	['canadian contemporary r&b', 'canadian pop']	[2018, 2019]	3	3
3y24n3XhZ96wgwRXjvS17T	Coolio	['g funk', 'gangster rap', 'hip hop', 'west coast rap']	[2017, 2018, 2021, 2022]	3	3
2LhsePRtgCo4THVKULQBL7	L.V.	[]	[2017, 2018, 2021, 2022]	3	3
1Y8cdNmUJH7yBTd9yOvr5i	Destiny's Child	['dance pop', 'girl group', 'pop', 'r&b', 'urban contemporary']	[2017, 2018, 2019, 2020, 2021]	3	0
11gWrKZMBsGQWmobv3oNfW	Alison Wonderland	['aussietronica', 'edm', 'electra', 'electronic trap', 'escape room', 'indietronica']	[2018]	3	0
1INuLZXjjVbcJRyWvD1iSq	Jack & Jack	['pop', 'teen pop']	[2018, 2019]	3	3
38EmEgXkgK51MT2tPY0EoC	Bobby Helms	[]	[2017, 2018, 2019, 2020, 2021]	3	0
4gOc8TsQed9eqnqJct2c5v	K/DA	['k-pop girl group']	[2018, 2020]	3	3
2AfmfGFbe0A0WsTYm0SDTx	(G)I-DLE	['k-pop', 'k-pop girl group']	[2018, 2020]	3	3
67MNhiAICFY6Pwc2YxCO0K	Elley Duhé	['alt z']	[2018, 2019, 2022]	3	2
0C0XlULifJtAgn6ZNCW2eu	The Killers	['alternative rock', 'dance rock', 'modern rock', 'permanent wave', 'rock']	[2017, 2018, 2019, 2020, 2021, 2022]	3	0
5wPoxI5si3eJsYYwyXV4Wi	N.E.R.D	['hip hop', 'virginia hip hop']	[2017, 2018]	3	3
2ExGrw6XpbtUAJHTLtUXUD	Stefflon Don	['dancehall', 'dancehall queen', 'uk dancehall', 'uk hip hop']	[2017, 2018]	3	3
7HV2RI2qNug4EcQqLbCAKS	Keala Settle	['broadway', 'hollywood', 'show tunes']	[2017, 2018, 2019]	3	3
6U1dBXJhC8gXFjamvFTmHg	Zac Efron	['hollywood', 'movie tunes', 'post-teen pop']	[2018]	3	3
2XnBwblw31dfGnspMIwgWz	Axwell /\ Ingrosso	['edm', 'pop dance', 'progressive electro house']	[2017, 2018]	3	0
1r4hJ1h58CWwUQe3MxPuau	Maluma	['latin pop', 'reggaeton', 'reggaeton colombiano', 'urbano latino']	[2017, 2018, 2019, 2020]	3	3
38CvLGTsjtoloDgv3OKQp8	Robinson	['alt z', 'nz pop']	[2018]	3	0
3eqjTLE0HfPfh78zjh6TqT	Bruce Springsteen	['heartland rock', 'mellow gold', 'permanent wave', 'rock', 'singer-songwriter']	[2017, 2018, 2019, 2020, 2021, 2022]	3	0
2P5sC9cVZDToPxyomzF1UH	Joey Bada$$	['conscious hip hop', 'hip hop', 'rap']	[2017, 2018]	3	2
67hb7towEyKvt5Z8Bx306c	Empire of the Sun	['australian dance', 'australian electropop', 'dance rock', 'indietronica', 'neo-synthpop']	[2018, 2021, 2022]	3	1
2lolQgalUvZDfp5vvVtTYV	Tony Bennett	['adult standards', 'easy listening', 'lounge', 'vocal jazz']	[2017, 2018, 2019, 2020, 2021]	3	1
5exS0bytCYdixgv02DaCm3	William Singe	[]	[2017, 2018]	3	3
0WwSkZ7LtFUFjGjMZBMt6T	Dire Straits	['album rock', 'classic rock', 'mellow gold', 'rock']	[2017, 2018, 2019, 2020, 2021, 2022]	3	0
3tQx1LPXbsYjE9VwN1Peaa	Marc E. Bassy	['indie pop rap']	[2017, 2018, 2019]	3	3
2p1fiYHYiXz9qi0JJyxBzN	Skepta	['birmingham grime', 'grime', 'instrumental grime', 'uk hip hop']	[2018, 2019, 2020]	3	3
1svaANJTE5KrG16fTGDqOs	The Puppini Sisters	['easy listening', 'swing', 'swing revival']	[2017, 2018, 2019, 2020, 2021]	3	3
6zFYqv1mOsgBRQbae3JJ9e	Billy Joel	['album rock', 'classic rock', 'heartland rock', 'mellow gold', 'piano rock', 'rock', 'singer-songwriter', 'soft rock']	[2018, 2019, 2020, 2021, 2022]	3	0
4QQgXkCYTt3BlENzhyNETg	Earth, Wind & Fire	['disco', 'funk', 'jazz funk', 'soul']	[2017, 2018, 2019, 2020, 2021, 2022]	3	0
0wi4yTYlGtEnbGo4ltZTib	Shakin' Stevens	['classic uk pop', 'rockabilly']	[2017, 2018, 2019, 2020, 2021]	3	0
1UTPBmNbXNTittyMJrNkvw	Blake Shelton	['classic oklahoma country', 'contemporary country', 'country', 'country road']	[2017, 2018, 2019, 2020, 2021]	3	2
1tqhsYv8yBBdwANFNzHtcr	Lil Dicky	['comedy rap', 'indie pop rap', 'pop rap']	[2018, 2019, 2020]	3	2
711MCceyCBcFnzjGY4Q7Un	AC/DC	['australian rock', 'hard rock', 'rock']	[2018, 2020, 2021, 2022]	3	0
4bL2B6hmLlMWnUEZnorEtG	Felix Jaehn	['edm', 'german dance', 'pop dance', 'tropical house']	[2017, 2018, 2019, 2020]	3	3
6EPlBSH2RSiettczlz7ihV	Sleepy Hallow	['brooklyn drill', 'nyc rap']	[2020, 2021, 2022]	3	2
6trIghKwHRUyxwvm66HLHH	Fousheé	['indie r&b']	[2020]	3	2
0huGjMyP507tBCARyzSkrv	Cordae	['hip hop', 'pop rap', 'rap', 'trap', 'underground hip hop']	[2019, 2020, 2021]	3	3
4LEiUm1SRbFMgfqnQTwUbQ	Bon Iver	['chamber pop', 'eau claire indie', 'indie folk', 'melancholia', 'modern rock']	[2019, 2020]	3	2
71jSVPQ6yskfyvWeiwvT5s	S1mba	['afroswing']	[2020, 2021]	3	3
1VXE1xqGNlT9HG6TcjpQ9I	Hooligan Hefs	['aussie drill', 'australian trap']	[2020, 2021]	3	1
2yPprAQlrIQWu60g09B9MZ	Swarmz	['uk hip hop']	[2020]	3	3
32vWCbZh0xZ4o9gkz4PsEU	Dolly Parton	['classic country pop', 'country', 'country dawn']	[2019, 2020, 2021, 2022]	3	3
2nm38smINjms1LtczR0Cei	Goodboys	['pop dance', 'uk dance']	[2019, 2020]	3	3
4ofCBoyEiGSePFAG500xev	Regard	['pop dance', 'pop edm', 'slap house', 'uk dance']	[2019, 2020, 2021]	3	2
3tJoFztHeIJkJWMrx0td2f	Moneybagg Yo	['memphis hip hop', 'rap', 'southern hip hop', 'tennessee hip hop', 'trap']	[2020, 2021, 2022]	3	2
4rTv3Ejc7hKMtmoBOK1B4T	Ali Gatie	['canadian hip hop']	[2019, 2020]	3	0
3cI6oSkDCirRNVAgBsGJyB	No Money Enterprise	['aussie drill', 'australian hip hop', 'brisbane hip hop']	[2019, 2020]	3	0
5yPzzu25VzEk8qrGTLIrE1	Young Nudy	['pluggnb', 'rap', 'trap']	[2019, 2020]	3	3
04yB9kBsaEQgT8hFfcsQik	Mustard	[]	[2019, 2020]	3	3
0iWMmFScSBxj1z3IisnGkB	Niko Walters	['nz pop']	[2020, 2021, 2022]	3	1
2g6fa86fL6oLcoDqanBbuR	Delta Goodrem	['australian pop', 'australian talent show']	[2020, 2021]	3	1
7ltDVBr6mKbRvohxheJ9h1	ROSALÍA	['pop', 'r&b en espanol']	[2019, 2020, 2021]	3	3
7arQA31aZVS8yS6zUveWzb	CJ	['nyc rap']	[2020, 2021]	3	0
7n2Ycct7Beij7Dj7meI4X0	TWICE	['k-pop', 'k-pop girl group', 'pop']	[2019, 2020]	3	0
45TgXXqMDdF8BkjA83OM7z	Rod Wave	['florida rap']	[2020, 2021]	3	2
1vSN1fsvrzpbttOYGsliDr	Tori Kelly	['pop', 'post-teen pop']	[2017, 2019, 2020]	3	2
0vRvGUQVUjytro0xpb26bs	Arizona Zervas	['pop rap', 'rhode island rap']	[2019, 2020, 2021]	3	0
0KuF7reCTOZwV7YJnHQqgr	The Neptunes	[]	[2020, 2021]	3	3
7yntSJ6uojO3z6GFUVwhAW	CORPSE	['pov: indie']	[2020, 2021]	3	3
0YinUQ50QDB7ZxSCLyQ40k	Mustard	['cali rap', 'pop rap', 'rap', 'southern hip hop', 'trap']	[2019, 2020, 2021]	3	3
7CIW23FQUXPc1zebnO1TDG	Matt Corby	['australian indie']	[2019]	3	2
08F3Y3SctIlsOEmKd6dnH8	Yusuf / Cat Stevens	['british folk', 'classic rock', 'folk', 'folk rock', 'mellow gold', 'singer-songwriter']	[2019]	3	0
5MbNzCW3qokGyoo9giHA3V	EARTHGANG	['atl hip hop', 'hip hop', 'psychedelic hip hop', 'rap', 'underground hip hop']	[2019]	3	3
4UXqAaa6dQYAk18Lv7PEgX	Fall Out Boy	['emo', 'modern rock', 'pop', 'pop punk', 'rock']	[2019]	3	3
7vk5e3vY1uw9plTHJAMwjN	Alan Walker	['electro house']	[2017, 2019]	3	1
1cZQSpDsxgKIX2yW5OR9Ot	Lennon Stella	['alt z', 'canadian pop', 'uk pop']	[2019]	3	2
3t5xRXzsuZmMDkQzgOX35S	Robin Schulz	['deep euro house', 'deep house', 'edm', 'german dance', 'pop dance', 'tropical house']	[2017, 2019]	3	3
0id62QV2SZZfvBn9xpmuCl	Aloe Blacc	['pop soul', 'r&b']	[2019]	3	3
6ZLTlhejhndI4Rh53vYhrY	Ozzy Osbourne	['album rock', 'alternative metal', 'birmingham metal', 'classic rock', 'glam metal', 'hard rock', 'metal', 'nu metal', 'rock']	[2019]	3	3
3aQeKQSyrW4qWr35idm0cy	T-Pain	['dance pop', 'gangster rap', 'hip hop', 'pop rap', 'r&b', 'rap', 'southern hip hop', 'trap', 'urban contemporary']	[2019, 2021]	3	3
4k1ELeJKT1ISyDv8JivPpB	The Prodigy	['big beat', 'breakbeat', 'dance rock', 'hardcore techno', 'rave']	[2019]	3	0
0FOWNUFHPnMy0vOw1siGqi	Belly	['canadian hip hop', 'canadian trap']	[2019, 2021]	3	3
0jnsk9HBra6NMjO2oANoPY	Flo Rida	['dance pop', 'miami hip hop', 'pop', 'pop rap']	[2017, 2021]	3	2
5xUf6j4upBrXZPg6AI4MRK	Soundgarden	['alternative metal', 'alternative rock', 'classic rock', 'grunge', 'hard rock', 'nu metal', 'rock']	[2017]	3	0
5mnS9jJdKQQcRSqFu5YPVe	Auli'i Cravalho	['movie tunes']	[2017]	3	2
50JJSqHUf2RQ9xsHs0KMHg	Jon Bellion	['indie pop rap']	[2017]	3	2
4NHQUGzhtTLFvgF5SZesLK	Tove Lo	['metropopolis', 'pop', 'swedish electropop', 'swedish pop', 'swedish synthpop']	[2017]	3	2
3J0BpFVUc9LeOIVeN5uNhU	Lauren Jauregui	['r&b']	[2017]	3	3
4pejUc4iciQfgdX6OKulQn	Queens of the Stone Age	['alternative metal', 'alternative rock', 'grunge', 'modern rock', 'nu metal', 'palm desert scene', 'rock', 'stoner metal', 'stoner rock']	[2017]	3	0
3EW0kQ1skZiK1NHg3Spt9J	Takeoff	['atl hip hop', 'rap', 'trap']	[2017, 2021]	3	3
0q4NrXqJnc367PieejuROJ	Vice	['chicano rap']	[2017]	3	3
4ryoUS0W8qXokfMxrlJt6O	Skip Marley	['modern reggae']	[2017]	3	3
3DiDSECUqqY1AuBP8qtaIa	Alicia Keys	['neo soul', 'pop', 'r&b']	[2017, 2022]	3	3
1l8Fu6IkuTP0U5QetQJ5Xt	Fifth Harmony	['girl group', 'pop', 'talent show']	[2017]	3	3
2IDLDx25HU1nQMKde4n61a	Rich Brian	['indonesian hip hop']	[2017, 2021, 2022]	3	3
57vWImR43h4CaDao012Ofp	Steve Lacy	['afrofuturism']	[2017, 2021, 2022]	3	2
4Rxn7Im3LGfyRkY2FlHhWi	Nick Jonas	['dance pop', 'pop']	[2017]	3	2
2KsP6tYLJlTBvSUxnwlVWa	Mike Posner	['dance pop', 'pop', 'pop rap']	[2017, 2021]	3	2
74XFHRwlV6OrjEM0A2NCMF	Paramore	['candy pop', 'modern rock', 'pixie', 'pop', 'pop emo', 'pop punk', 'rock']	[2017, 2021]	3	0
78rUTD7y6Cy67W1RVzYs7t	PinkPantheress	['bedroom pop']	[2021]	3	0
2Waw2sSbqvAwK8NwACNjVo	Bo Burnham	['comic', 'pov: indie']	[2021]	3	0
5H4yInM5zmHqpKIoMNAx4r	Central Cee	['melodic drill']	[2021]	3	0
1gPhS1zisyXr5dHTYZyiMe	Kevin Gates	['baton rouge rap', 'rap', 'trap']	[2021, 2022]	3	1
5TgQ66WuWkoQ2xYxaSTnVP	Netsky	['belgian edm', 'dancefloor dnb', 'drum and bass']	[2021, 2022]	3	3
46MWeeHNVMYRIIofQBEX98	BEAM	['trap soul']	[2021]	3	3
5IbEL2xjRtKsunfmsahLuO	$NOT	['aesthetic rap', 'cloud rap', 'florida rap', 'underground hip hop']	[2021, 2022]	3	3
5AiY4bxeXerLXx03JADdQv	Buni	['uk drill']	[2021, 2022]	3	3
7sKxqpSqbIzphAKAhrqvlf	Walker Hayes	['contemporary country', 'country', 'country road', 'modern country rock']	[2021, 2022]	3	0
20cmhoGvN0eyzhmsHJH1Mg	Luude	['aussietronica']	[2021, 2022]	3	3
5mxB08ktCukEhGMg2YZeEv	Colin Hay	['solo wave']	[2021, 2022]	3	3
6beUvFUlKliUYJdLOXNj9C	King Princess	['alt z', 'indie pop', 'nyc pop']	[2018, 2019]	2	0
37Qsf5KCKljH7mL134xp4k	Saudi	['south african hip hop']	[2018]	2	2
0SNWoGaDlrCompmg9rXeNq	Paul Kelly	['australian indigenous', 'australian rock']	[2017, 2018, 2019, 2020, 2021]	2	0
7LnaAXbDVIL75IVPnndf7w	Jamie Foxx	['contemporary r&b', 'hip pop', 'r&b', 'southern hip hop', 'trap', 'urban contemporary']	[2017, 2018]	2	2
7EQ0qTo7fWT7DPxmxtSYEc	Bastille	['metropopolis', 'modern rock', 'pop']	[2018, 2019, 2020]	2	2
28ExwzUQsvgJooOI0X1mr3	Jay Rock	['conscious hip hop', 'hip hop', 'rap', 'southern hip hop', 'trap']	[2018, 2020, 2021, 2022]	2	2
3koiLjNrgRTNbOwViDipeA	Marvin Gaye	['classic soul', 'motown', 'neo soul', 'northern soul', 'quiet storm', 'soul']	[2018, 2019, 2020]	2	2
75jNCko3SnEMI5gwGqrbb8	Tammi Terrell	['classic soul', 'motown', 'soul', 'southern soul']	[2018, 2019, 2020]	2	2
2mxe0TnaNL039ysAj51xPQ	R. Kelly	[]	[2017, 2018]	2	1
4q3ewBCX7sLwd24euuV69X	Bad Bunny	['reggaeton', 'trap latino', 'urbano latino']	[2018, 2019]	2	2
0SCbttzoZTnLFebDYmAWCm	Glee Cast	['glee club', 'post-teen pop']	[2018, 2019]	2	1
3IYUhFvPQItj6xySrBmZkd	Creedence Clearwater Revival	['classic rock', 'country rock', 'rock', 'southern rock', 'swamp rock']	[2017, 2018, 2019, 2020, 2021, 2022]	2	0
1TulCA2zO3YxAjQ7ZsvtDq	KIAN	['australian pop']	[2018, 2019]	2	0
4QTVePrFu1xuGM9K0kNXkk	Dexys Midnight Runners	['new romantic', 'new wave', 'new wave pop']	[2017, 2018, 2019, 2020, 2021]	2	0
5r5Va4lVQ1zjEfbJSrmCsS	BROODS	['auckland indie', 'etherpop', 'indietronica', 'metropopolis', 'nz pop']	[2018, 2019]	2	0
4AA474G2hRfrHyGrfyDseO	Mozzy	['cali rap', 'sacramento hip hop']	[2018, 2021]	2	2
6XpXnnKHIhCOUbOLOJGe6o	REASON	['indie hip hop', 'underground hip hop']	[2018, 2019]	2	2
3kv1Edgn5HlEWCuEKr1Y9x	Yugen Blakrok	['south african hip hop', 'spiritual hip hop']	[2018]	2	2
5UjifI1TYefXWn9GdqDOHl	Social House	[]	[2018, 2019, 2020]	2	2
04ei5kNgmDuNAydFhhIHnD	Landon Cube	['pop rap']	[2018]	2	2
77tT1kLj6mCWtFNqiOmP9H	Daryl Hall & John Oates	['album rock', 'classic rock', 'heartland rock', 'mellow gold', 'rock', 'singer-songwriter', 'soft rock', 'yacht rock']	[2017, 2018, 2019, 2020, 2021]	2	0
3OsRAKCvk37zwYcnzRf5XF	Moby	['downtempo', 'electronica']	[2018]	2	2
2jn9JOmdrR9BdiR1LTvYG4	Boy Matthews	['uk dance']	[2018]	2	2
59wfkuBoNyhDMQGCljbUbA	Diddy	['dance pop', 'east coast hip hop', 'hip hop', 'hip pop', 'pop rap', 'rap']	[2017, 2018]	2	2
7pLntWGInZPQxc4kXxzzjB	Liz Gillies	[]	[2017, 2018, 2019, 2020, 2021]	2	2
7FY5V3XMwlNBPitEjXowHQ	Darius Rucker	['black americana', 'contemporary country', 'country', 'country road']	[2017, 2018, 2019, 2020, 2021, 2022]	2	0
35S20clEkkSNUo23ViaslZ	Band Aid	['musical advocacy']	[2017, 2018, 2019, 2020, 2021]	2	0
10n5lhNDoSMUHWLlnST1yw	Slade	['glam rock']	[2018, 2019, 2020, 2021]	2	0
0eecdvMrqBftK0M1VKhaF4	CNCO	['boy band', 'latin pop', 'reggaeton', 'urbano latino']	[2017, 2018]	2	2
3dRfiJ2650SZu6GbydcHNb	John Williams	['orchestral soundtrack', 'soundtrack']	[2017, 2018, 2019, 2020, 2021]	2	2
3Y3xIwWyq5wnNHPp5gPjOW	Kenny Loggins	['album rock', 'classic rock', 'heartland rock', 'mellow gold', 'new wave pop', 'singer-songwriter', 'soft rock', 'yacht rock']	[2017, 2018]	2	0
2LAqcqAQ8KPTsl1HBgBrqM	Michelle Williams	['hollywood']	[2018]	2	1
0JXiS2FrAg3wQYJHcmZdrc	B. Swanson Quartet	[]	[2017, 2018, 2019, 2020, 2021]	2	2
7z2avKuuiMAT4XZJFv8Rvh	Tom Walker	['indie anthem-folk', 'uk pop']	[2018, 2019]	2	0
46sPwUO4mwBrA1wnSK83tl	Hugh Skinner	['hollywood', 'movie tunes']	[2018]	2	2
1Oa0bMld0A3u5OTYfMzp5h	Nate Dogg	['g funk', 'gangster rap', 'hardcore hip hop', 'hip hop', 'west coast rap']	[2017, 2018, 2019, 2021, 2022]	2	2
7dlqUnjoF2U2DkNDMhcgG4	Hilltop Hoods	['australian hip hop']	[2018, 2019]	2	0
4olE3I5QU0dvSR7LIpqTXc	WATT	['modern alternative rock']	[2017, 2018, 2019]	2	2
1L4nOFaQKejFy75REi9BKh	Christine Baranski	['hollywood']	[2018]	2	2
5Yi0y4bNdc04Oxk9l6nwXa	Julie Walters	['hollywood']	[2018]	2	2
0gadJ2b9A4SKsB1RFkBb66	Passenger	['folk-pop', 'neo mellow']	[2017, 2018, 2019, 2020, 2021]	2	0
7mEIug7XUlQHikrFxjTWes	Neil Diamond	['adult standards', 'brill building pop', 'folk rock', 'heartland rock', 'mellow gold', 'singer-songwriter', 'soft rock', 'yacht rock']	[2018, 2019, 2020, 2021, 2022]	2	0
5U2zidY0OdTB6P5axinwOZ	Jessica Keenan Wynn	[]	[2018]	2	2
30o4QIjXJukHg0IGC93AV1	Alexa Davies	['show tunes']	[2018]	2	2
3JXpwnHbLvXxY99EuXqFPX	Poo Bear	['pop r&b']	[2017, 2018]	2	2
5QuBVnBPEzwYvFrgBbwpmU	Empress Of	['art pop', 'electropop', 'escape room', 'etherpop', 'shiver pop']	[2018, 2019]	2	2
6V03b3Y36lolYP2orXn8mV	98º	['boy band']	[2017, 2018, 2019]	2	0
0f3EsoviYnRKTkmayI3cux	Men At Work	['album rock', 'australian rock', 'classic rock', 'hard rock', 'heartland rock', 'mellow gold', 'new romantic', 'new wave', 'new wave pop', 'rock', 'soft rock']	[2017, 2018, 2021, 2022]	2	0
7hssUdpvtY5oiARaUDgFZ3	Ina Wroldsen	['norwegian pop']	[2017, 2018]	2	2
5aSBbBUbArJfyNKDg4KS1I	Tyron Hapi	['melbourne bounce', 'sky room']	[2017, 2018]	2	2
4tvKz56Tr39bkhcQUTO0Xr	Angus & Julia Stone	['australian indie folk', 'indie folk']	[2017, 2018]	2	0
2P3cjUru4H3fhSXXNxE9kA	Blackstreet	['boy band', 'contemporary r&b', 'new jack swing', 'r&b', 'urban contemporary']	[2017, 2018]	2	2
2U3FuHYvL3vhkbDAXm24Ep	Dan Caplen	['neo soul', 'uk contemporary r&b']	[2018, 2019]	2	2
0tRFWXqKBBQcu5oFVOgVzX	Jaira Burns	['alt z']	[2018, 2020]	2	2
0g9vAlRPK9Gt3FKCekk4TW	Ab-Soul	['conscious hip hop', 'hip hop', 'rap']	[2018]	2	2
2ZRQcIgzPCVaT9XKhXZIzh	Gryffin	['edm', 'pop dance']	[2017, 2018]	2	2
7FNnA9vBm6EKceENgCGRMb	Anitta	['funk pop', 'funk rj', 'pagode baiano', 'pop', 'pop nacional']	[2018, 2019]	2	2
769D3IwCDrdPospAd3Hlpi	Naturally 7	['a cappella']	[2017, 2018, 2019, 2020, 2021]	2	2
4LcUpNlXFEleaLlelmkv2R	Kris Kross Amsterdam	['dutch house', 'dutch pop']	[2017, 2018, 2019]	2	2
6mU8ucezzms5I2kNH6HNlu	Conor Maynard	['post-teen pop', 'uk pop', 'viral pop']	[2017, 2018, 2019]	2	2
3qBKjEOanahMxlRojwCzhI	Zacari	[]	[2017, 2018, 2019]	2	2
2DaxqgrOhkeH0fpeiQq2f4	Oasis	['beatlesque', 'britpop', 'madchester', 'permanent wave', 'rock']	[2017, 2018, 2019, 2020, 2021, 2022]	2	0
0uGk2czvcpWQA383Im6ajf	Maggie Lindemann	['alt z', 'dark pop', 'pop']	[2017, 2018]	2	2
0CEK8AzyeD5ZUdUloB6yQV	CADE	['pop edm']	[2017, 2018]	2	2
02A3cEvlLLCbIMVDrK2GHV	Starley	['aussietronica']	[2017, 2018]	2	2
33JQK4UoS2aMPYBfdB5Ftt	Ryan Riback	['melbourne bounce']	[2017, 2018]	2	2
3CbYyyd8wH3RT6t0jwpdzC	Murda Beatz	['canadian hip hop', 'canadian trap']	[2018, 2019]	2	2
20s0P9QLxGqKuCsGwFsp7w	Mario	['dance pop', 'r&b', 'southern hip hop', 'urban contemporary']	[2018, 2021]	2	1
3Isy6kedDrgPYoTS1dazA9	Sean Paul	['dance pop', 'dancehall', 'pop', 'pop rap']	[2017, 2018]	2	2
6xvpfMjWTougrRRtK7iikz	Mason Ramsey	['contemporary country', 'country']	[2018, 2019]	2	1
7K78lVZ8XzkjfRSI7570FF	José Feliciano	['latin pop', 'puerto rican pop']	[2017, 2018, 2019, 2020, 2021]	2	0
1IueXOQyABrMOprrzwQJWN	Sigala	['dance pop', 'edm', 'pop dance', 'uk dance', 'uk pop']	[2017, 2018, 2020, 2021]	2	2
73Np75Wv2tju61Eo9Zw4IR	Idina Menzel	['hollywood', 'movie tunes', 'show tunes']	[2017, 2018, 2019, 2020, 2021]	2	2
14rP13jdQNgQvuPA2AkBgm	Glades	['indie electropop', 'indie poptimism', 'metropopolis']	[2018]	2	0
4TEJudQY2pXxVHPE3gD2EU	BlocBoy JB	['memphis hip hop', 'rap', 'tennessee hip hop', 'trap']	[2018, 2019]	2	2
3EWxytcxaM0tksU6v3je2Q	kiLL edward	[]	[2018]	2	2
5JYo7gm2dkyLLlWHjxS7Dy	Sandro Cavazza	['swedish pop']	[2017, 2018, 2019]	2	2
5cIc3SBFuBLVxJz58W2tU9	Oh Wonder	['electropop', 'indie poptimism', 'pov: indie']	[2017, 2018]	2	2
4nqqGSsclFchZXaiafOYyV	GRAACE	['australian alternative pop']	[2017, 2018]	2	2
0EdvGhlC1FkGItLOWQzG4J	Sublime	['rap rock', 'reggae fusion', 'ska mexicano', 'ska punk']	[2017, 2018, 2019, 2020, 2021, 2022]	2	0
5NGO30tJxFlKixkPSgXcFE	The Police	['album rock', 'classic rock', 'permanent wave', 'rock']	[2018, 2021]	2	0
1CO6e7WRJvSFenmQO8n64C	Zhavia	['post-teen pop']	[2018, 2019]	2	2
7pFeBzX627ff0VnN6bxPR4	Desiigner	['pop rap', 'rap', 'southern hip hop', 'trap', 'viral trap']	[2017, 2018]	2	1
5BcAKTbp20cv7tC5VqPFoC	Macklemore & Ryan Lewis	['pop rap', 'seattle hip hop']	[2017, 2018, 2019, 2020, 2021]	2	2
4myTppRgh0rojLxx8RycOp	Ryan Lewis	['pop rap']	[2017, 2018, 2019, 2020, 2021]	2	2
4e0nWw2r4BoQSKPQ2zpU13	Ray Dalton	[]	[2017, 2018, 2019, 2020, 2021]	2	2
21LGsW7bziR4Ledx7WZ1Wf	Johnny Mathis	['adult standards', 'easy listening']	[2018, 2019, 2021]	2	1
4sj6D0zlMOl25nprDJBiU9	Andy Williams	['adult standards', 'easy listening']	[2017, 2018, 2019, 2020, 2021]	2	0
4phGZZrJZRo4ElhRtViYdl	Jason Mraz	['acoustic pop', 'dance pop', 'neo mellow', 'pop']	[2017, 2018, 2019, 2020, 2021]	2	0
4x1nvY2FN8jxqAFA0DA02H	John Lennon	['beatlesque', 'classic rock', 'rock']	[2017, 2018, 2019, 2020, 2021]	2	2
2s4tjL6W3qrblOe0raIzwJ	Yoko Ono	['experimental', 'experimental pop']	[2017, 2018, 2019, 2020, 2021]	2	2
20wkVLutqVOYrc0kxFs7rA	Daniel Caesar	['canadian contemporary r&b']	[2018, 2019, 2020, 2021, 2022]	2	2
5bYfbDXaMVCxEt7hOAvEWc	Dave Dobbyn	['australian rock', 'classic nz pop', 'kiwi rock', 'nz singer-songwriter']	[2017, 2018, 2019, 2020, 2021, 2022]	2	1
43ZHCT0cAZBISjO8DG9PnE	Elvis Presley	['rock-and-roll', 'rockabilly']	[2017, 2018, 2019, 2020, 2021]	2	0
57WHJIHrjOE3iAxpihhMnp	Louis Tomlinson	['pop']	[2017, 2018]	2	2
2ltpcCK86foogli20z9raq	The Royal Guardsmen	['bubblegum pop']	[2017, 2018, 2019, 2020, 2021]	2	0
6Ff53KvcvAj5U7Z1vojB5o	*NSYNC	['boy band', 'dance pop', 'pop']	[2017, 2018, 2019, 2020, 2021]	2	0
6tbjWDEIzxoDsBA1FuhfPW	Madonna	['dance pop', 'pop']	[2017, 2018, 2019]	2	0
5vBSrE1xujD2FXYRarbAXc	Years & Years	['gauze pop', 'pop', 'uk pop']	[2018, 2020]	2	0
4yiQZ8tQPux8cPriYMWUFP	Gwen Stefani	['dance pop', 'pop']	[2017, 2018, 2019, 2020, 2021]	2	2
69MEO1AADKg1IZrq2XLzo5	UB40	['reggae fusion', 'uk reggae']	[2017, 2018, 2019, 2020, 2021, 2022]	2	0
2jzc5TC5TVFLXQlBNiIUzE	a-ha	['new romantic', 'new wave', 'new wave pop', 'permanent wave', 'synthpop']	[2017, 2018, 2021]	2	0
5Y5TRrQiqgUO4S36tzjIRZ	Timbaland	['dance pop', 'pop', 'pop rap']	[2018, 2020, 2021, 2022]	2	2
1eEfMU2AhEo7XnKgL7c304	Carpenters	['adult standards', 'mellow gold', 'soft rock']	[2017, 2018, 2019, 2020]	2	0
1G9G7WwrXka3Z1r7aIDjI7	Outkast	['atl hip hop', 'dirty south rap', 'hip hop', 'old school atlanta hip hop', 'rap', 'southern hip hop']	[2017, 2018, 2019, 2020, 2021, 2022]	2	0
6nB0iY1cjSY1KyhYyuIIKH	FKA twigs	['afrofuturism', 'alternative r&b', 'art pop', 'escape room', 'experimental r&b', 'trip hop']	[2018, 2020]	2	2
5v8jlSmAQfrkTjAlpUfWtu	Perry Como	['adult standards', 'easy listening']	[2017, 2018, 2019, 2020, 2021]	2	2
1Ml4OuStDoympbREURAM15	The Fontane Sisters	['deep adult standards', 'vocal harmony group']	[2017, 2018, 2019, 2020, 2021]	2	2
0HS96tPggl2nwiz3gNWWI5	Mitchell Ayres & His Orchestra	"[""man's orchestra""]"	[2017, 2018, 2019, 2020, 2021]	2	2
54R6Y0I7jGUCveDTtI21nb	Boney M.	['europop']	[2017, 2018, 2019, 2020, 2021]	2	1
5ujrA1eZLDHR7yQ6FZa2qA	Vera Blue	['australian indie', 'australian pop']	[2017, 2019, 2020]	2	1
0ebNdVaOfp6N0oZ1guIxM8	SUGA	['k-pop']	[2020, 2021]	2	2
3oSJ7TBVCWMDMiYjXNiCKE	Kane Brown	['black americana', 'contemporary country', 'country', 'country road']	[2019, 2020]	2	2
3CWb3T9z9wX0NxsZ7jRogM	Ibanez Maeva	[]	[2020, 2021]	2	2
6LXRvV2OAtXF7685fzh3mj	Rowdy Rebel	['nyc rap']	[2020]	2	2
4qIVPF0s71ZYW3qzhu5GkF	Kina	['sad lo-fi']	[2019, 2020]	2	2
0u6GtibW46tFX7koQ6uNJZ	Topic	['german dance', 'pop dance', 'pop edm', 'uk dance']	[2020, 2021]	2	2
5Wg2b4Mp42gicxEeDNawf7	A7S	['pop dance', 'scandipop', 'uk dance']	[2020, 2021]	2	2
7MPGCB854Qo4alYMOPkBka	Ritt Momney	['bedroom pop']	[2020, 2021]	2	0
6USMTwO0MNDnKte5a5h0xx	Y2K	['pop rap', 'viral rap']	[2019, 2020]	2	2
0ceH34CATvfgphxnLRWFkm	9lokknine	['florida drill', 'florida rap']	[2019, 2020]	2	2
4vdt8TD56jjQfmxFCmhubX	OMC	['nz pop']	[2017, 2020, 2021]	2	0
5KYEMMz9O9iLIESifKAEOp	WhoHeem	['viral rap']	[2020]	2	0
13saZpZnCDWOI9D4IJhp1f	Lily Allen	['dance pop', 'electropop']	[2020]	2	2
08PvCOlef4xdOr20jFSTPd	Flo Milli	['viral rap']	[2020]	2	2
3O5HD95HTEPgoPFOjAb7yV	DripReport	['viral rap']	[2020]	2	0
1WsYCXdezMjn0KoIrLvMmC	Ed Sheeran & Justin Bieber	[]	[2019, 2020, 2021]	2	2
21dooacK2WGBB5amYvKyfM	Smokepurpp	['melodic rap', 'miami hip hop', 'trap', 'underground hip hop']	[2019, 2020]	2	2
7uaIm6Pw7xplS8Dy06V6pT	Trevor Daniel	['melodic rap']	[2019, 2020]	2	0
2JbE7jUIGtpXSzytnyMg6U	Curtis Waters	[]	[2020]	2	2
44rJuOJLavqhY6qGgpQW4U	Harm Franklin	['alberta hip hop']	[2020]	2	2
0NWbwDZY1VkRqFafuQm6wk	Mike WiLL Made-It	['atl hip hop', 'rap', 'southern hip hop', 'trap']	[2017, 2020]	2	2
3l0CmX0FuQjFxr8SK7Vqag	Clairo	['bedroom pop', 'indie pop', 'pop', 'pov: indie']	[2020]	2	1
2PJEagPIxaBugeMjIyKVXF	Aitch	['manchester hip hop', 'uk hip hop']	[2020]	2	2
5xkFVS6IwwgHEAaRzXc9U3	Tay Keith	['memphis hip hop']	[2020]	2	2
6DgP9otnZw5z6daOntINxp	Joel Corry	['dance pop', 'pop dance', 'uk dance']	[2020, 2021, 2022]	2	2
7uMh23xWiuR7zsNkuNcm2G	MNEK	['house', 'pop dance', 'uk contemporary r&b', 'uk dance', 'uk pop']	[2017, 2020, 2021, 2022]	2	2
0u2FHSq3ln94y5Q57xazwf	Keith Urban	['australian country', 'australian pop', 'contemporary country', 'country', 'country road']	[2020, 2021]	2	2
5SyGEPymt1G2uto47tVWvZ	MadeinTYO	['atl hip hop', 'melodic rap', 'trap']	[2019, 2020]	2	2
31ACkQCBFwLQGxN8MwfSrO	Tiki Taane	['nz reggae']	[2019, 2020, 2021, 2022]	2	0
3yzRiNMZdTsSUgplcyYZ4i	Blanco Brown	['black americana', 'country rap']	[2019, 2020]	2	0
1WgXqy2Dd70QQOU7Ay074N	AURORA	['art pop', 'norwegian pop']	[2019, 2020, 2021]	2	1
18lpwfiys4GtdHWNUu9qQr	Ocean Alley	['australian reggae fusion', 'australian surf rock']	[2019, 2020, 2021]	2	0
7GaxyUddsPok8BuhxN6OUW	James Brown	['funk', 'soul']	[2020]	2	0
2WxjxdeF7GGdcCK276qViY	Natalie Taylor	[]	[2020]	2	0
52OzOVn0br6av6uBcn0yJ9	Ria Hall	['waiata maori']	[2020, 2021]	2	2
5B3LZw3NTEg074irKeEAom	Troy Kingi	['classic nz pop', 'kiwi rock', 'nz indie', 'pacific islands pop']	[2020, 2021]	2	2
6YNeVWrhrAjUEkDWn9TRrl	Maisey Rika	['nz folk', 'waiata maori', 'waiata mo tamariki']	[2020, 2021]	2	2
6DIS6PRrLS3wbnZsf7vYic	WALK THE MOON	['dance rock', 'modern rock', 'pop']	[2019, 2020, 2021, 2022]	2	0
6kZWqUZqptyxb8Ki5DyBAg	DTG	['afroswing']	[2020, 2021]	2	2
1MXZ0hsGic96dWRDKwAwdr	Tyla Yaweh	['cali rap', 'melodic rap']	[2019, 2020]	2	1
2jw70GZXlAI8QzWeY2bgRc	Nelly Furtado	['canadian latin', 'canadian pop', 'dance pop', 'pop']	[2020, 2021, 2022]	2	1
6sHCvZe1PHrOAuYlwTLNH4	Gus Dapperton	['bedroom pop', 'indie poptimism', 'pov: indie']	[2019, 2020, 2021]	2	2
20gsENnposVs2I4rQ5kvrf	Sam Feldt	['edm', 'pop dance', 'tropical house']	[2019, 2020]	2	2
3SYnDj7btg9gFY7ps8m5d5	RANI	['dutch pop']	[2019, 2020]	2	2
77SW9BnxLY8rJ0RciFqkHh	The Neighbourhood	['modern alternative rock', 'modern rock', 'pop', 'pov: indie']	[2020, 2021, 2022]	2	0
5ixB75BQR3ADoWQkcHQJTs	Gene Autry	['classic oklahoma country', 'cowboy western', 'traditional country', 'western swing', 'yodeling']	[2019, 2020, 2021]	2	0
1GbrJTB56Xs4XQGlmVbaCf	Savage	['italian disco', 'nz hip hop']	[2020, 2021, 2022]	2	2
6L1XC7NrmgWRlwAeLJvVtA	Sam Fischer	['australian pop', 'singer-songwriter pop']	[2020, 2021]	2	1
66W9LaWS0DPdL7Sz8iYGYe	JP Saxe	['alt z', 'canadian contemporary r&b', 'singer-songwriter pop']	[2019, 2020, 2021]	2	2
6M6XXCcO5gI68XpIlrUL3Z	Young T & Bugsey	['afroswing', 'grime', 'nottingham hip hop', 'uk hip hop']	[2020]	2	2
3DKkhRCGOG4e8IUPYFPfWs	Dixie	['social media pop']	[2020]	2	1
0EmeFodog0BfCgMzAIvKQp	Shakira	['colombian pop', 'dance pop', 'latin pop', 'pop']	[2017, 2020]	2	2
3ipn9JLAPI5GUEo4y4jcoi	Ludacris	['atl hip hop', 'dance pop', 'dirty south rap', 'hip hop', 'old school atlanta hip hop', 'pop rap', 'rap', 'southern hip hop', 'trap']	[2020, 2021]	2	2
586uxXMyD5ObPuzjtrzO1Q	Sofi Tukker	['edm']	[2017, 2019, 2020]	2	0
37hAfseJWi0G3Scife12Il	City Girls	['scam rap', 'trap queen']	[2020, 2021]	2	2
19Fi1Rj7kk8kyiwxpXy3yM	August Alsina	['pop rap', 'r&b', 'southern hip hop', 'trap', 'urban contemporary']	[2017, 2020]	2	2
4Ui2kfOqGujY81UcPrb5KE	HAIM	['indietronica', 'metropopolis']	[2017, 2020]	2	1
4jpsw9CQS439N0B7SecMgf	Ant Saunders	['chill r&b', 'viral rap']	[2019, 2020]	2	0
3asBhUZPp0r1Hzw2DlT4My	AACACIA	['nz pop']	[2020, 2021]	2	2
4whp3jSWWaITn36r9D4ZLf	Shapeshifter	['nz dnb', 'nz electronic']	[2019, 2020]	2	0
5KNNVgR6LBIABRIomyCwKJ	Dermot Kennedy	['folk-pop', 'irish pop', 'uk pop']	[2019, 2020, 2021]	2	1
7FBcuc1gsnv6Y1nwFtNRCb	My Chemical Romance	['emo', 'modern rock', 'pop punk', 'pov: indie', 'rock']	[2019, 2021]	2	0
1VJ0briNOlXRtJUAzoUJdt	FISHER	['australian house', 'house']	[2019]	2	0
6PDLwWvgYNMfBRLqC1h5cJ	Buddy	['alternative r&b', 'cali rap']	[2019]	2	2
0NcPKaSNIHAM2RfioH9vMT	Guapdad 4000	['cali rap', 'oakland hip hop', 'scam rap', 'underground hip hop']	[2019]	2	2
1MIVXf74SZHmTIp4V4paH4	Mabel	['pop', 'uk pop']	[2019]	2	0
0f2YkMXwFNJNSX7MymevKE	Kaash Paige	[]	[2019]	2	0
5IH6FPUwQTxPSXurCrcIov	Alec Benjamin	['alt z', 'pop', 'pov: indie']	[2019, 2021]	2	1
2NlKrNMdpYxGjt3Pvw87rC	Europa	['uk dance']	[2019]	2	2
0XIKGBo9PnK1ApI5tZA60d	DaniLeigh	['r&b', 'rap latina']	[2019]	2	1
3bnpcWBcvlfq4hPFJjNPbz	SAFE	['canadian hip hop']	[2019]	2	2
6gK1Uct5FEdaUWRWpU4Cl2	Petit Biscuit	['new french touch']	[2017, 2019]	2	0
1hzfo8twXdOegF3xireCYs	Milky Chance	['german pop', 'modern rock']	[2017, 2019]	2	1
028lPW2NdWHdSPCkRkcyhd	Ant Clemons	[]	[2019]	2	2
0GM7qgcRCORpGnfcN2tCiB	Tainy	['pop reggaeton', 'reggaeton', 'trap latino', 'urbano latino']	[2019, 2021]	2	2
4ZhFCxPekpmV12n2xMeF2z	Ink	[]	[2019]	2	2
5bWUlnPx9OYKsLiUJrhCA1	Jon Z	['reggaeton', 'trap latino', 'urbano latino']	[2019]	2	2
0HkcYmcjrBR3SCw9Ld5VZk	Calboy	['chicago rap', 'melodic rap']	[2019]	2	0
08v1r0jqDyvSo2LtSqHxcy	Reo Cragun	['canadian hip hop', 'trap soul']	[2019]	2	2
16oZKvXb6WkQlVAjwo2Wbg	The Lumineers	['folk-pop', 'modern rock', 'neo mellow', 'stomp and holler']	[2019, 2021]	2	0
22JdJVovP3pV9XkGTih01c	Game of Thrones	[]	[2019]	2	2
6T5tfhQCknKG4UnH90qGnz	DNCE	['dance pop', 'pop']	[2017]	2	1
6d47Z08T4snK50HgTEHo5Z	Sage The Gemini	['hyphy', 'pop rap', 'southern hip hop', 'trap']	[2017]	2	0
0XHiH53dHrvbwfjYM7en7I	Chris Cornell	['alternative metal', 'alternative rock', 'grunge', 'hard rock', 'nu metal', 'post-grunge', 'rock']	[2017]	2	0
2FwJwEswyIUAljqgjNSHgP	Snakehips	['electropop']	[2017]	2	2
62DmErcU7dqZbJaDqwsqzR	Popcaan	['dancehall', 'jamaican hip hop', 'reggae fusion', 'traphall']	[2017]	2	2
6V3F8MZrOKdT9fU686ybE9	Mark Morrison	['british soul']	[2017, 2021]	2	2
787bCXOIvGeBw0Bc4kEjhD	Luke Christopher	['indie pop rap']	[2017]	2	0
1LOB7jTeEV14pHai6EXSzF	Cash Cash	['dance pop', 'edm', 'electro house', 'electropowerpop', 'pop dance']	[2017]	2	2
2gBjLmx6zQnFGQJCAQpRgw	Nelly	['dance pop', 'gangster rap', 'hip hop', 'pop rap', 'rap', 'st louis rap', 'urban contemporary']	[2017]	2	1
188VINPQh5dyNfLUkevKqf	Olivia Holt	['alt z', 'post-teen pop']	[2017]	2	0
6vbY3hOaCAhC7VjucswgdS	Twista	['chicago rap', 'dirty south rap', 'gangster rap', 'trap']	[2017]	2	2
1kB7GlXzdNWl28zLcOkQqU	Rachel House	['movie tunes', 'show tunes', 'waiata mo tamariki']	[2017]	2	2
6rHWAH6F4mr2AViSxMV673	Jessica Mauboy	['australian indigenous', 'australian pop', 'australian talent show']	[2017]	2	0
2zzpznMuhKlKlqh1ma7Sms	Dakota	[]	[2017]	2	2
4ehtJnVumNf6xzSCDk8aLB	Martin Jensen	['danish electronic', 'edm', 'pop dance']	[2017]	2	1
0FTrIsp2Mg7Bkf8eXQrISa	PHresher	['nyc rap']	[2017]	2	2
0TnOYISbd1XYRBk9myaseg	Pitbull	['dance pop', 'miami hip hop', 'pop']	[2017]	2	2
6lB8vOoI4DRrrVxXwuV19c	Mike Perry	['pop dance', 'swedish tropical house']	[2017]	2	2
3S0tlB4fE7ChxI2pWz8Xip	Giggs	['grime', 'london rap', 'uk hip hop']	[2017]	2	2
5H6xmHXjsq98NLbEjuE29f	NEIKED	['scandipop']	[2017, 2021, 2022]	2	2
0jNDKefhfSbLR9sFvcPLHo	San Holo	['brostep', 'edm', 'electro house', 'electronic trap', 'future bass', 'pop dance']	[2017]	2	0
1T8S48bD91THNKBByWBDyn	Dwayne Johnson	['meme']	[2017, 2021]	2	1
3AVfmawzu83sp94QW7CEGm	Astrid S	['alt z', 'norwegian pop', 'pop', 'uk pop']	[2017]	2	0
1QfpRUtH14JLoY6F6AYmwt	The Rare Occasions	['la indie']	[2021, 2022]	2	0
027TpXKGwdXP7iwbjUSpV8	The Walters	['chicago indie', 'pov: indie']	[2021, 2022]	2	0
0E9Cff6GTVY5SoIYxvy5Zg	FelixThe1st	[]	[2021]	2	2
03AVZyE7WnmLY4rTL1s0RP	Dréya Mac	[]	[2021]	2	2
5lup4fypQIoHxiE67ue1yi	Finch Fetti	[]	[2021]	2	2
2VSHKHBTiXWplO8lxcnUC9	GAYLE	['modern alternative pop']	[2021, 2022]	2	0
6NFRBhq9SmNn1FAiRs9AEf	Amber Van Day	['uk pop']	[2021, 2022]	2	2
1xr2G8Hlx4QWmT9HaUbmoO	Young Stoner Life	['pop rap']	[2021]	2	2
0lAWpj5szCSwM4rUMHYmrr	Måneskin	['indie rock italiano', 'italian pop', 'pop']	[2021, 2022]	2	0
5L1lO4eRHmJ7a0Q6csE5cT	LISA	['k-pop']	[2021, 2022]	2	0
00Ja3YjvU4DYCHWt6cPs42	Jolyon Petch	['australian house', 'deep tropical house']	[2021, 2022]	2	1
35R1B97CfrqKFFI3QBkTDx	RealestK	[]	[2021]	2	0
048LktY5zMnakWq7PTtFrz	CKay	['afro r&b', 'afrobeats']	[2021, 2022]	2	1
05lF0DUkLJqiW5o70SScyR	Hybrid Minds	['drum and bass', 'liquid funk']	[2021, 2022]	2	2
4vdAAzZBUKbsrvHi6UR7B7	Jessica Darrow	['movie tunes']	[2021, 2022]	2	0
369T15zvlCiF4zAzdZNhQL	Arz	['chill drill', 'melodic drill']	[2021]	2	0
63ebc5zUpJ36aoTDQJHa9B	E1 (3x3)	[]	[2021]	2	2
2uIRmVaCVpHQjaVgph5clS	ZT (3x3)	[]	[2021]	2	2
4Dokdwa3WB7ilQ2c2qvIBL	Bugzy Malone	['grime', 'manchester hip hop', 'uk hip hop']	[2021]	2	2
4QSTyDpxsKmv3UfavVUImR	Darkoo	['afrobeats', 'afroswing', 'london rap', 'uk hip hop']	[2021]	2	2
3Nvjwz6gDry7Uume9kjCBT	Muroki	['nz pop']	[2021, 2022]	2	0
3eVa5w3URK5duf6eyVDbu9	ROSÉ	['k-pop']	[2021]	2	0
22bE4uQ6baNwSHPVcDxLCe	The Rolling Stones	['album rock', 'british invasion', 'classic rock', 'rock']	[2021]	2	0
2o08sCWF5yyo2G4DCiT7T9	HVME	['slap house']	[2021]	2	1
5mM1pN7Q1oid52X9eL5nmx	Rancid Eddie	['australian surf rock']	[2021]	2	0
6LArUyIoMiHmDvvOAsE2cd	Dream	['pixel', 'pov: indie']	[2021]	2	1
0gAILSEru1PKMwP0tAqNLS	Willow Sage Hart	['show tunes']	[2021, 2022]	2	2
1W4itxt3vwhmrgLEBuVHJ6	Vundabar	['boston indie', 'indie garage rock', 'pov: indie']	[2021, 2022]	2	0
7okSU80WTrn4LXlyXYbX3P	Clinton Kane	['alt z', 'gen z singer-songwriter']	[2021, 2022]	2	0
0OO76E5lRfeyBI3fkA73Dr	siouxxie sixxsta	['glitchcore', 'hyperpop', 'sped up']	[2021]	2	0
5QrV5Vr4KdsyKtifvD6X1U	Issey Cross	[]	[2021, 2022]	2	2
21UPYSRWFKwtqvSAnFnSvS	Amaarae	['afro r&b', 'afrobeats', 'alternative r&b', 'ghanaian alternative', 'ghanaian pop']	[2021]	2	2
2hVWBpjLW4Q7fboYz2pVYK	Moliy	['ghanaian alternative']	[2021]	2	2
33jhdrAHX9sSFzdKpYd2ke	Jackson Owens	['nz pop']	[2021, 2022]	2	2
47MGg5VHBSS5yHRuMGt6b0	Montell2099	[]	[2021, 2022]	2	2
3GxKJzJK4LpsYGXQrw77wz	Mimi Webb	['alt z', 'gen z singer-songwriter', 'uk pop']	[2021]	2	0
2yLzlEFtIS0Q9UkyBZdQA7	Jessie Murph	['alt z', 'singer-songwriter pop']	[2021, 2022]	2	0
4b19vuzlDcNdU4quI7L6sW	ElyOtto	['hyperpop', 'weirdcore']	[2021]	2	0
57nPqD7z62gDdq37US9XJR	Arcane	[]	[2021, 2022]	2	2
45gHcnDnMC15sgx3VL7ROG	42 Dugg	['detroit trap', 'trap']	[2021]	2	2
56OjNTX2bkrdGcB0staUOV	A-Wall	['bedroom pop']	[2021]	2	0
18MFcGBHtyW0mU3ufcm0X1	Diane Guerrero	['movie tunes']	[2021, 2022]	2	2
3xLU748QxpTmIVaiNXXg0P	Encanto - Cast	['movie tunes']	[2021, 2022]	2	2
6WFDpw4u23uSpon4BHvFRn	Cat Burns	['uk pop']	[2022]	2	0
3YSLjtLPCULe41kgElVrWj	iiola	[]	[2022]	2	2
1Z25ZlGHqqlr3o1UGQOfNn	JNR CHOI	['gambian hip hop']	[2022]	2	1
79AyR6ATpj2LTPxfb6FX50	Lauren Spencer Smith	['alt z', 'gen z singer-songwriter']	[2022]	2	0
0152lAerTxFtfqXBnJi8TY	COTERIE	['australian pop']	[2022]	2	0
0NbfKEOTQCcwd6o7wSDOHI	The Game	['gangster rap', 'hip hop', 'pop rap', 'rap', 'southern hip hop', 'trap']	[2022]	2	2
33NVpKoXjItPwUJTMZIOiY	David Kushner	['gen z singer-songwriter']	[2022]	2	0
0GByy3DcfbQwDvXGCWmzv9	Pretenders	['album rock', 'classic rock', 'mellow gold', 'new romantic', 'new wave', 'new wave pop', 'permanent wave', 'rock', 'soft rock']	[2017, 2018, 2019, 2020, 2021]	1	0
5vQfv3s2Z2SRdPZKr82ABw	Dzeko	['canadian electronic', 'dutch house', 'edm', 'electro house', 'pop dance', 'progressive electro house']	[2018, 2019]	1	1
0bdJZl7TDeiymDYzMJnVh2	Preme	['canadian hip hop', 'canadian trap', 'toronto rap']	[2018, 2019]	1	1
2nvKpWcP8etYTq4JrRiUiy	Cliff Richard	['adult standards', 'rock-and-roll']	[2018, 2019, 2020, 2021]	1	0
1qSJaftSab2kTTsj7fLxvM	DJ SpinKing	['slow game']	[2018]	1	1
2R21vXR83lH98kGeO99Y66	Anuel AA	['reggaeton', 'reggaeton flow', 'trap boricua', 'trap latino', 'urbano latino']	[2018]	1	1
6kACVPfCOnqzgfEF5ryl0x	Johnny Cash	['arkansas country', 'outlaw country', 'rock']	[2017, 2018, 2019, 2020, 2021]	1	0
6Ckle4OdF1yxs4aXZ6xYWV	Jon Lemmon	['nz pop']	[2018]	1	0
52lBOxCxbJg0ttXEW9CQpW	Louis Prima	['adult standards', 'jump blues', 'lounge', 'swing', 'tin pan alley']	[2018]	1	1
4kI8Ie27vjvonwaB2ePh8T	Portugal. The Man	['indie rock', 'indietronica', 'modern alternative rock', 'modern rock']	[2017, 2018, 2019]	1	0
34Y0ldeyUv7jBvukWOGASO	Bobby Shmurda	['nyc rap', 'rap', 'trap']	[2018]	1	1
76yeOnINtQSXyoEHbkYmtY	Drew Love	[]	[2018]	1	1
4XqfpACObRB5AsBcUYjL8X	MC Eiht	['g funk', 'west coast rap']	[2017, 2018]	1	1
1QDrz3DMMaz3TB1cm0PGDu	Justin Jesso	['singer-songwriter pop']	[2017, 2018]	1	1
3pbi8H08p95NUZ7m6ybxUV	Static Major	[]	[2018]	1	1
4D75GcNG95ebPtNvoNVXhz	AFROJACK	['big room', 'dance pop', 'dutch house', 'edm', 'electro house', 'pop dance', 'progressive electro house']	[2017, 2018]	1	1
5JUYSPkis2Mk6HUbmMqk1m	Sean Ono Lennon	['beatlesque']	[2018]	1	1
240wlM8vDrf6S4zCyzGj2W	CamelPhat	['deep tech house', 'house', 'progressive house']	[2018]	1	1
2vf4pRsEY6LpL5tKmqWb64	Elderbrook	[]	[2018]	1	1
29QbBR0oTzA7A0kiOzrbbr	Jamie Scott	['uk pop']	[2017, 2018]	1	1
5gWzmnHTLNXz5CjOc0wAuK	Romy Dya	['dutch pop']	[2017, 2018]	1	1
2wzMOQwNT6ZvVB4amvhFAH	The Pogues	['celtic punk', 'celtic rock', 'folk punk', 'punk']	[2017, 2018, 2019, 2020, 2021]	1	1
6UlNIFEuWlBqb4TvlVCekq	Kirsty MacColl	['new wave pop']	[2017, 2018, 2019, 2020, 2021]	1	1
4KJ6jujcNPzOyhdNoiNftp	lovelytheband	['modern alternative rock', 'modern rock', 'pov: indie']	[2018, 2019]	1	0
1VBflYyxBhnDc9uVib98rw	Icona Pop	['candy pop', 'dance pop', 'electropop', 'metropopolis', 'swedish electropop', 'swedish synthpop']	[2017, 2018]	1	1
4RfOLIFy2xEmlWzXEVmLJn	Sjava	['afro soul', 'south african pop']	[2018]	1	1
6cEuCEZu7PAE9ZSzLLc2oQ	R3HAB	['dutch house', 'edm', 'electro house', 'pop dance', 'progressive electro house', 'slap house']	[2017, 2018]	1	1
1V3VTM7VspiQjcmRhC010n	Quintino	['dutch edm', 'dutch house', 'edm', 'electro house', 'pop dance', 'progressive electro house', 'slap house']	[2017, 2018]	1	1
3mLdH6xxrscTf2poCN9Kzy	Rio Santana	[]	[2018]	1	1
2V0DROfM2ieFSOcA3SHJLD	Judah	[]	[2018]	1	1
4DROs1Ye9DiLY3X8L7xvl8	Andrez Babii	['rap romantico']	[2018]	1	1
2J6pigOrBmKQgqJUY5UM7r	Matt OX	['melodic rap', 'plugg', 'rage rap']	[2018]	1	1
69UfPJgUmFFAVT740qGVZi	Ken Darby Singers	[]	[2017, 2018, 2019, 2020, 2021]	1	1
735L650pvygCZZlPMyHqsN	John Scott Trotter & His Orchestra	['light music']	[2017, 2018, 2019, 2020, 2021]	1	1
3Bj81IbILbuj2uEwWXMdXI	Sosamann	['atl trap', 'houston rap', 'memphis hip hop']	[2018]	1	1
6VxCmtR7S3yz4vnzsJqhSV	Sheppard	['australian indie', 'folk-pop']	[2018]	1	0
2ySHS7UojGu20XfUPaBlyu	Devin Dawson	['contemporary country', 'country road', 'modern country rock']	[2018]	1	0
7oPgCQqMMXEXrNau5vxYZP	Tracy Chapman	"['folk', 'lilith', 'singer-songwriter', ""women's music""]"	[2018, 2021, 2022]	1	0
12Zk1DFhCbHY6v3xep2ZjI	070 Shake	['new jersey rap']	[2018]	1	1
0F6wZIBwxstvRk9eQtpvOo	Dominic Cooper	['movie tunes']	[2018]	1	1
3CQIn7N5CuRDP8wEI7FiDA	Run–D.M.C.	['east coast hip hop', 'golden age hip hop', 'hip hop', 'old school hip hop', 'queens hip hop', 'rap']	[2017, 2018, 2019, 2020, 2021]	1	0
7cTXfwpe9peK0UE1bZyIWZ	Pinkfong	"['cartoon', ""children's music"", 'dong-yo']"	[2018]	1	0
1i8SpTcr7yvPOmcqrbnVXY	Ozuna	['puerto rican pop', 'reggaeton', 'trap latino', 'urbano latino']	[2018, 2019]	1	1
6G1yTgvoYsuVb2Ja8cVVJ2	anders	['canadian contemporary r&b', 'canadian hip hop', 'toronto rap', 'trap soul']	[2018]	1	1
7wg1qvie3KqDNQbAkTdbX0	Louis The Child	['edm', 'electropop']	[2018]	1	1
0FL2d6iFFNAV3yBUbXjZ1U	Wafia	['australian pop', 'indie electropop']	[2018]	1	1
4bthk9UfsYUYdcFyqxmSUU	Tears For Fears	['new romantic', 'new wave', 'new wave pop', 'permanent wave', 'rock', 'sophisti-pop', 'synthpop']	[2018, 2021]	1	0
44NX2ffIYHr6D4n7RaZF7A	Van Morrison	['classic rock', 'folk', 'folk rock', 'heartland rock', 'mellow gold', 'rock', 'singer-songwriter', 'soft rock']	[2017, 2018, 2019, 2020, 2021, 2022]	1	0
1U5zgr455OGyIkLNXvDdrf	Traditional	['christmas instrumental', 'gregorian chant', 'puirt-a-beul', 'sleep']	[2017, 2018, 2019, 2020, 2021]	1	1
4TAoP0f9OuWZUesao43xUW	Mr Eazi	['afrobeats', 'afropop', 'azontobeats', 'ghanaian hip hop', 'nigerian pop', 'swedish dancehall']	[2018]	1	1
3CGuwWgoCYSO5Z72H5G2Ec	Kita Alexander	['aussietronica', 'australian indie', 'australian pop']	[2017, 2018]	1	0
2cQr2KbzdRtIFlfbHGnNsL	Ziv Zaifman	['show tunes']	[2018]	1	1
6lBN3Tzt61u8i9AJoAhKzF	Mykola Dmytrovych Leontovych	['post-romantic era', 'ukrainian classical']	[2018, 2019, 2020, 2021]	1	1
2wIVse2owClT7go1WT98tk	Missy Elliott	['dance pop', 'hip hop', 'hip pop', 'neo soul', 'pop rap', 'r&b', 'rap', 'urban contemporary', 'virginia hip hop']	[2018]	1	1
6fJIdgIr67mX3lLEBjIMac	Josh Dylan	['hollywood', 'movie tunes']	[2018]	1	1
4OBJLual30L7gRl5UkeRcT	T.I.	['atl hip hop', 'dirty south rap', 'gangster rap', 'hip hop', 'pop rap', 'rap', 'southern hip hop', 'trap']	[2018]	1	1
6u17YlWtW4oqFF5Hn9UU79	Harry Connick, Jr.	['adult standards', 'contemporary vocal jazz', 'lounge', 'vocal jazz']	[2017, 2018, 2019, 2020, 2021]	1	0
4KWTAlx2RvbpseOGMEmROg	R.E.M.	['alternative rock', 'athens indie', 'permanent wave', 'rock']	[2017, 2018]	1	0
5XenQ7XfcvQdfIbpLEFaKQ	GoldLink	['alternative r&b']	[2017, 2018]	1	1
1DvtabXAjfrMihPP6JQdHs	Shy Glizzy	['drill', 'memphis hip hop', 'trap']	[2017, 2018]	1	1
4fpTMHe34LC5t3h5ztK8qu	The Carters	['r&b']	[2018]	1	0
6HhsbprrJmKeaH8SgSlGge	Kin$oul	[]	[2018]	1	1
0zPILh9oEH0fDagpkHTQQ8	Killstation	['cloud rap', 'dark trap']	[2018]	1	1
7823Dim2TzjiQQ9wRQxyi9	Wizzard	['glam rock']	[2017, 2018, 2019, 2020, 2021]	1	0
0ueWjtogcQO8bHxAskyxDY	Celia Imrie	['movie tunes']	[2018]	1	1
6KfzyefHYuqfWaI5taICaN	Band Aid 30	['musical advocacy']	[2018]	1	0
0TkqXdyWLsssJH7okthMPQ	Jay Electronica	['alternative hip hop', 'conscious hip hop', 'drumless hip hop', 'hip hop', 'psychedelic hip hop']	[2018]	1	1
3dkie6yywJJVPCTO4b5AP9	Liam Ferrari	['australian electropop']	[2018]	1	1
5Pb27ujIyYb33zBqVysBkj	RÜFÜS DU SOL	['australian electropop', 'indietronica']	[2018]	1	0
0VbIlorLz3I5SEtIsc5vAr	Queen Pen	['contemporary r&b', 'hip pop', 'lgbtq+ hip hop']	[2017, 2018]	1	1
3Z02hBLubJxuFJfhacLSDc	Bryan Adams	['canadian pop', 'canadian singer-songwriter', 'classic canadian rock', 'heartland rock', 'mellow gold', 'soft rock']	[2017, 2018, 2019, 2020, 2021, 2022]	1	0
23wEWD21D4TPYiJugoXmYb	Thalia	['latin pop', 'mexican pop']	[2017, 2018, 2019, 2020, 2021]	1	1
6M25WWmNO7wK1DnKmd3z6R	CXLOE	['alt z', 'australian alternative pop', 'australian electropop']	[2018]	1	0
0oSGxfWSnnOXhD2fKuz2Gy	David Bowie	['art rock', 'classic rock', 'glam rock', 'permanent wave', 'rock']	[2018, 2019, 2020, 2021, 2022]	1	1
60df5JBRRPcnSpsIMxxwQm	Otis Redding	['classic soul', 'memphis soul', 'soul', 'soul blues', 'southern soul', 'vocal jazz']	[2017, 2018, 2019, 2020, 2021]	1	0
5eAWCfyUhZtHHtBdNk56l1	System Of A Down	['alternative metal', 'nu metal', 'rap metal', 'rock']	[2018]	1	0
0HU0U9kdXEHZVxUNbuQe8S	Donny Hathaway	['chicago soul', 'classic soul', 'funk', 'neo soul', 'quiet storm', 'soul', 'southern soul']	[2018, 2020, 2021]	1	0
0rlS0SzVFk8BoiAW0fGBbN	Salaam Remi	['hip hop']	[2018]	1	1
4QfOh8rJ0OddhhXHD5QyWs	The Boy Next Door	['basshall']	[2018, 2019]	1	1
3jfVtv9mWfW0c5b3Fx440e	Babes Wodumo	['afro soul', 'gqom', 'south african pop']	[2018]	1	1
7ao5uJZUsPeVpWlNkkjWyx	DJ A1	[]	[2018]	1	1
0PFtn5NtBbbUNbU9EAmIWF	TOTO	['album rock', 'classic rock', 'hard rock', 'mellow gold', 'rock', 'soft rock', 'yacht rock']	[2017, 2018, 2019, 2020, 2021, 2022]	1	0
2cADQgiLMjNhbsfeN52Bf3	Swizz Beatz	['battle rap', 'dirty south rap', 'southern hip hop', 'trap']	[2018]	1	1
39T6qqI0jDtSWWioX8eGJz	The Doobie Brothers	['album rock', 'classic rock', 'country rock', 'folk rock', 'heartland rock', 'mellow gold', 'rock', 'singer-songwriter', 'soft rock', 'yacht rock']	[2017, 2018, 2019, 2020, 2021, 2022]	1	0
7AzjETXRUKNRSJHMW9GIqd	Nina Nesbitt	['alt z', 'neo-singer-songwriter', 'uk pop']	[2018]	1	0
4obzFoKoKRHIphyHzJ35G3	Becky G	['latin pop', 'latin viral pop', 'rap latina', 'reggaeton', 'urbano latino']	[2018]	1	1
1qUjOF5fzrpoNycD36b2jZ	Nate Ruess	['modern rock']	[2018]	1	1
22tB2wbnB3pexB04xtncrG	Mimoza	[]	[2017, 2018]	1	1
3rIZMv9rysU7JkLzEaC5Jp	Snow Patrol	['irish rock', 'modern rock', 'neo mellow', 'permanent wave', 'pop rock']	[2018]	1	0
2NdeV5rLm47xAvogXrYhJX	Ciara	['dance pop', 'hip pop', 'pop', 'r&b', 'urban contemporary']	[2018]	1	0
19ra5tSw0tWufvUp8GotLo	George Michael	['new wave pop']	[2018]	1	1
66TrUkUZ3RM29dqeDQRgyA	Ella Eyre	['dance pop', 'talent show', 'uk dance', 'uk pop']	[2017, 2018]	1	1
0pt7PX4Hftlg8mV1ySU84Q	CVBZ	['dark r&b']	[2017, 2018]	1	1
6r2niOTnexy9xss5g8GWXH	Yasiin Bey	[]	[2018]	1	1
4as3khXWaPjfkFdCA0JWMo	Jesse®	['modern alternative pop']	[2018]	1	1
451XuvAUIJfZrPOQt2AReP	Colin Firth	['hollywood']	[2018]	1	1
0SzZQUkmQ2VPihJ7P64IGq	Stellan Skarsgård	['movie tunes']	[2018]	1	1
6wbpT3ouvjUUWqKWJ5iQ9z	Pierce Brosnan	['hollywood']	[2018]	1	1
4we5S2VLjgY9KzIzApL1KI	Ryan Tedder	[]	[2018]	1	1
0RUqlEJMEe0g9g1tNOro7Z	Church & AP	['nz hip hop']	[2018, 2019]	1	0
1iBGuNBYRKnNdKxm0kKNM0	Young Sinatra	[]	[2018]	1	1
5lpH0xAS4fVfLkACg9DAuM	Wham!	['new romantic', 'new wave', 'new wave pop', 'soft rock']	[2017, 2018, 2019, 2020, 2021]	1	0
2HUwZ0kumzCSlhFcjFZfpp	Flipp Dinero	['melodic rap', 'trap']	[2018, 2019]	1	0
6xHUXzrfhFgnIv86EBR3Ml	kai	[]	[2017, 2018, 2019]	1	1
72OaDtakiy6yFqkt4TsiFt	Cher	['dance pop', 'pop']	[2018]	1	1
5XaRUXHFbgs8LDoYzoPJ1R	Andy Garcia	[]	[2018]	1	1
7mnAzEmgquhrVtGob81SmO	Big Shaq	['london rap']	[2017, 2018]	1	0
28OHQv3VZ2gifjWzrqBv1v	Bene	['nz pop']	[2018, 2019]	1	0
4N8BwYTEC6XqykGvXXlmfv	George Benson	['jazz funk', 'jazz guitar', 'smooth jazz', 'soul jazz', 'yacht rock']	[2018]	1	1
3XC57xz74X3xUi1hv4mge1	Winona Oak	['swedish pop']	[2018, 2019]	1	1
3cWGilyM7pw2Q1bGbTXuBr	TrifeDrew	[]	[2018]	1	1
1xSSjJrKTO2ZNPU81uLtmI	Bliss n Eso	['australian hip hop']	[2017, 2018]	1	1
25tMQOrIU4LlUo6Sv8v5SE	Gavin James	['irish pop']	[2017, 2018]	1	1
2gsggkzM5R49q6jpPvazou	Jessie J	['dance pop', 'pop']	[2018, 2020]	1	0
24DQLSng7bKZD4GXLIaQbv	Percy Faith & His Orchestra	"['easy listening', ""man's orchestra""]"	[2018]	1	1
2iEvnFsWxR0Syqu2JNopAd	Smash Mouth	['pop rock', 'post-grunge']	[2017, 2018, 2019]	1	0
3LjhVl7GzYsza1biQjTpaN	Hayley Kiyoko	['alt z', 'indie poptimism', 'pop']	[2018]	1	1
7Io0XduXk7aOHFHA7sLru2	Bonn	['swedish pop']	[2018]	1	1
1SupJlEpv7RS2tPNRaHViT	Nicky Jam	['latin hip hop', 'reggaeton', 'trap latino', 'urbano latino']	[2018]	1	1
7gP3bB2nilZXLfPHJhMdvc	Foster The People	['indietronica', 'modern alternative rock', 'modern rock', 'rock']	[2017, 2018, 2019, 2020, 2021, 2022]	1	0
0vneleczrRRNPF1vj0x0vy	The Harlem Community Choir	[]	[2017, 2018, 2019]	1	1
4m2kfAHEnK7Z7qLGxeWtro	The Plastic Ono Band	['beatlesque', 'experimental rock']	[2017, 2018, 2019]	1	1
5gw5ANPCVcxU0maLiGRzzP	Billy Raffoul	['canadian pop']	[2018]	1	1
2X97ZAqRKRMYFIDqtvGgGc	Silk City	['edm']	[2018, 2019]	1	1
4mHAu7NX2UNsnGXjviBD9e	Brooks	['dutch house', 'edm', 'electro house', 'future house', 'pop dance', 'pop edm', 'progressive electro house']	[2018]	1	1
59KQTERLpPa7M0F25fRH6V	Dinah Jane	['post-teen pop']	[2018, 2019]	1	1
2Rimf9z3oYDBeszSXFACRR	Daniel Everidge	['show tunes']	[2018]	1	1
3EOEK57CV77D4ovYVcmiyt	Dennis Lloyd	['israeli pop']	[2018, 2019]	1	0
0VQKssIfRKfSd7IfW3JIP1	Thomston	['etherpop', 'indie electropop']	[2018]	1	0
6Y20PijIkUoCtuvtkz37dO	Austyn Johnson	['show tunes']	[2018]	1	1
0nFUCMGlkx1lMZnHL6ArVJ	Cameron Seely	['movie tunes']	[2018]	1	1
6Z4puj0KYgtcxJrVXKmvBX	Sharaya J	['jersey club', 'new jersey rap']	[2018]	1	1
2kucQ9jQwuD8jWdtR9Ef38	Sam Hunt	['contemporary country', 'country', 'country pop']	[2017, 2018]	1	0
2HFuviZiAYhouKgvRX0y45	Chantel Jeffries	['kentucky hip hop', 'la pop']	[2018]	1	1
0GeeIVcvGA8GSlWsoY1dkG	Vory	['kentucky hip hop', 'trap soul']	[2018]	1	1
6bwVWdQfr6ttzrGLboVkjg	Paul Rosenberg	[]	[2018]	1	0
5XnIjshjqYVE2eDVgSt9Ro	Mel & Kim	[]	[2018]	1	0
293zczrfYafIItmnmM3coR	Chuck Berry	['blues', 'blues rock', 'classic rock', 'rock', 'rock-and-roll', 'rockabilly', 'soul']	[2017, 2018, 2019, 2020, 2021]	1	0
3oDbviiivRWhXwIE8hxkVV	The Beach Boys	['baroque pop', 'classic rock', 'folk rock', 'mellow gold', 'psychedelic rock', 'rock', 'sunshine pop']	[2017, 2018, 2019, 2020, 2021]	1	0
6xeFne1rkxMhKSW3ipvkdV	Toploader	['british alternative rock']	[2017, 2018, 2019, 2020, 2021, 2022]	1	0
2sil8z5kiy4r76CRTXxBCA	The Goo Goo Dolls	['neo mellow', 'permanent wave', 'pop rock', 'post-grunge']	[2017, 2018, 2021, 2022]	1	0
5EDztvTkyoKtK0ZdEdhOFx	Macky Gee	['bass house', 'tekk']	[2018, 2019]	1	0
74ASZWbe4lXaubB36ztrGX	Bob Dylan	['classic rock', 'country rock', 'folk', 'folk rock', 'rock', 'roots rock', 'singer-songwriter']	[2017, 2018, 2019, 2020]	1	0
0LyOADBjj28cbvJWTXUEGA	Loren Allred	['deep talent show', 'hollywood', 'movie tunes']	[2018]	1	0
3qnGvpP8Yth1AqSBMqON5x	Leon Bridges	['modern blues', 'neo soul', 'soul']	[2018]	1	0
5e4Dhzv426EvQe3aDb64jL	Shania Twain	['canadian country', 'canadian pop', 'contemporary country', 'country', 'country dawn']	[2017, 2018, 2019, 2020, 2021]	1	1
0TImkz4nPqjegtVSMZnMRq	TLC	['atl hip hop', 'contemporary r&b', 'dance pop', 'girl group', 'hip pop', 'r&b', 'urban contemporary']	[2017, 2018, 2019, 2020, 2021, 2022]	1	0
3v6Ji4uoWtKRkhuDUaxi9n	Dynoro	['edm']	[2018, 2019]	1	1
1OAjDaKgg00KCUYqDe68un	Gigi D'Agostino	['eurodance', 'italo dance']	[2018, 2019]	1	1
1A92IAcd7A6npCA33oGM5i	The Proclaimers	['celtic rock', 'scottish rock']	[2018, 2021]	1	0
31h66YPpyZlmecPqCaeS4H	Carmouflage Rose	['australian hip hop', 'brisbane hip hop']	[2018]	1	0
7DuTB6wdzqFJGFLSH17k8e	Bhad Bhabie	['trap queen', 'viral rap']	[2018]	1	1
2hrWpLNoJcs1EnWSXvB6JI	The Rubens	['australian indie']	[2018]	1	1
33Gx2JOUU4jrmRhjxwaOxb	Sarah	[]	[2018]	1	1
5lKZWd6HiSCLfnDGrq9RAm	Leona Lewis	['british soul', 'dance pop', 'pop', 'talent show']	[2017, 2018, 2019, 2020, 2021]	1	0
1AwO9pWEBSBoWdEZu28XDC	Eartha Kitt	['torch song', 'vocal jazz']	[2017, 2018, 2019, 2020, 2021]	1	1
0oK8UXKZbQezeRhE0KeBAV	Henri René and His Orchestra	"[""man's orchestra""]"	[2017, 2018, 2019, 2020, 2021]	1	1
5SbkVQYYzlw1kte75QIabH	Gnarls Barkley	['atl hip hop', 'neo soul']	[2017, 2018]	1	0
5yG7ZAZafVaAlMTeBybKAL	Iggy Azalea	['australian hip hop', 'dance pop', 'pop']	[2018]	1	1
3nViOFa3kZW8OMSNOzwr98	Queen Naija	['r&b']	[2018]	1	0
1rw8ZTLnDHd74TWDDukjVi	Conrad Sewell	['australian pop']	[2018]	1	0
0rvjqX7ttXeg3mTy8Xscbt	Journey	['album rock', 'classic rock', 'hard rock', 'heartland rock', 'mellow gold', 'rock', 'soft rock']	[2017, 2018, 2019, 2020, 2021, 2022]	1	0
0rlKkLkpsCnJbZethGBfAk	Captain Cuts	['pop edm']	[2018, 2019]	1	1
5mYakBbBzPMQTfkVMIgiDM	Georgia Ku	['uk pop']	[2018, 2019]	1	1
250b0Wlc5Vk0CoUsaCY84M	JENNIE	['k-pop']	[2018]	1	0
2TImI3DW7o5MdRXJs4D37h	SOB X RBE	['cali rap']	[2018]	1	0
7rT5vCRSip37zugzc8KN4i	Lee Kernaghan	['australian country', 'australian indigenous']	[2020]	1	0
6sFHvCyqklnJpXC9Nh1aag	Alexander 23	['alt z', 'singer-songwriter pop']	[2020]	1	0
3HqSLMAZ3g3d5poNaI7GOU	IU	['k-pop', 'pop']	[2020]	1	1
4YBWD4ZziOxY11hhcRwKuh	Mikey.Otx	[]	[2020]	1	0
18OP6wzipvzWNOCMUE9mC5	Keziah Feterika	['nz pop']	[2020]	1	1
5QdEbQJ3ylBnc3gsIASAT5	G Herbo	['chicago drill', 'chicago rap', 'drill', 'rap', 'trap']	[2020]	1	1
33JfM2NgTRFT9wMoQvcv6T	Talent	[]	[2020]	1	1
790FomKkXshlbRYZFtlgla	KAROL G	['reggaeton', 'reggaeton colombiano', 'trap latino', 'urbano latino']	[2020]	1	1
6ZsEe5CkoS7mm6uoRB0KAE	Elektriches Weihnachtfest	[]	[2020]	1	0
1rHOtdmGNr5vcYNw5v7QGC	Kenny Beats	['indie hip hop', 'trap', 'underground hip hop']	[2020]	1	1
3K2Srho6NCF3o9MswGR76H	Bakar	['uk alternative hip hop']	[2020]	1	1
5D9NYfOaGxFKCalJIeia1N	Atlantic Holiday	[]	[2020]	1	1
3lPQ2Fk5JOwGWAF3ORFCqH	John Mellencamp	['album rock', 'classic rock', 'country rock', 'folk rock', 'hard rock', 'heartland rock', 'mellow gold', 'rock', 'singer-songwriter', 'soft rock']	[2020]	1	0
3CUxThJ21i78mhH1FfH55u	Harper Finn	['nz pop']	[2020, 2021]	1	0
4xnihxcoXWK3UqryOSnbw5	Sasha Alex Sloan	['alt z']	[2020]	1	1
7LvoDJUNGnOrPdGRzVtOJ9	Young M.A	['alternative r&b', 'lgbtq+ hip hop', 'nyc rap', 'rap', 'trap']	[2020]	1	1
7KHA7OOevgTDFhlym0oEyP	Adriana Proenza	['spanish indie pop']	[2020]	1	1
41a1QBVKSlXMy5qFPrcHVs	Ayzha Nyree	[]	[2020]	1	0
7avo0PmlW8O1YLEt9DnWQT	Studio Killers	[]	[2020]	1	0
0ndx5h8ixiRvi2YmWlfbxH	The 7 Dimensions	[]	[2019, 2020]	1	0
718COspgdWOnwOFpJHRZHS	Luke Combs	['contemporary country', 'country']	[2020]	1	0
1gRNBaI4yn6wCCTvRhGWh8	Don McLean	['classic rock', 'folk', 'folk rock', 'heartland rock', 'mellow gold', 'singer-songwriter', 'soft rock']	[2019, 2020, 2021, 2022]	1	0
2UyyBkpzN5w3hzZBZGvRZb	Sosa Geek	['brooklyn drill']	[2020]	1	1
7cSbcJTJBBSXDjRNR2qD61	Sista Prod	['sad lo-fi']	[2020]	1	1
0NVy1xEsz4i8pX33Scv75n	Subvrbs	[]	[2020]	1	1
3jk39CGeaaSO3FPKNx1RUx	Syd	['alternative r&b', 'lgbtq+ hip hop']	[2020]	1	1
6S0dmVVn4udvppDhZIWxCr	Sean Kingston	['dance pop', 'miami hip hop', 'pop']	[2020]	1	1
3QJUFtGBGL05vo0kCJZsmT	salem ilese	['alt z', 'modern indie pop']	[2020]	1	0
3wVXTWabe3viT0jF7DfjOL	Vedo	['pop r&b']	[2020, 2021]	1	0
1YfEcTuGvBQ8xSD1f53UnK	Busta Rhymes	['east coast hip hop', 'hardcore hip hop', 'hip hop', 'pop rap', 'rap']	[2020]	1	1
3ByS6WHuxmY7mMp7HsVn3u	Hooks	['aussie drill']	[2020]	1	1
44IvvHRk2XF243QLA2VOa8	Stunna 4 Vegas	['north carolina hip hop', 'trap']	[2020]	1	1
0NIPkIjTV8mB795yEIiPYL	Wallows	['pov: indie']	[2020]	1	1
19FsxZm98evcrjWFFhHnC4	Lil Monet	[]	[2020]	1	0
4ETSs924pXMzjIeD6E9b4u	Surfaces	['bedroom soul']	[2020, 2021]	1	0
2cnMpRsOVqtPMfq7YiFE6K	Van Halen	['album rock', 'classic rock', 'hard rock', 'rock']	[2020]	1	0
6Gk5hoM7eW8NSCYhICMDHw	Zak Abel	['uk contemporary r&b']	[2020]	1	1
2qk9voo8llSGYcZ6xrBzKx	Kings of Leon	['modern rock', 'rock']	[2017, 2020, 2021, 2022]	1	0
0NyzfcGDZZ6GM25EBG9BYK	Ray Parker Jr.	[]	[2020]	1	0
7qd6KGoABHifvXKeFNe2Yb	Wolftyla	['trap queen']	[2020]	1	1
6GIB5jeCf3U9JJUo2of2bA	Herbs	['classic nz pop', 'nz reggae']	[2020, 2021, 2022]	1	1
7iDeMFJKjI1ak40N3hoYOZ	Lil Xxel	['pop r&b', 'viral rap']	[2020]	1	0
5rkVyNGXEgeUqKkB5ccK83	Ashanti	['dance pop', 'hip pop', 'r&b', 'urban contemporary']	[2020]	1	1
4Ywiqc8KxAECFoOWWAYry4	Lil Adrei	[]	[2020]	1	0
1AIFPaBYtvqWylIbQXjZv2	Hamo Dell	['waiata maori']	[2019, 2020]	1	1
7z5WFjZAIYejWy0NI5lv4T	Dan + Shay	['contemporary country', 'country', 'country road']	[2019, 2020, 2021]	1	1
0bBz5bRBkExaej2HxtVfCw	347aidan	['sad rap']	[2020]	1	0
6F3vLfyutkUhpM50G84eMt	Endor	['deep groove house', 'house', 'scottish rock']	[2020, 2021]	1	0
7bmYpVgQub656uNTu6qGNQ	Hwa Sa	['k-pop', 'korean talent show']	[2020]	1	1
6w3m0txFG5SMj98jxSBIuF	The Exponents	['classic nz pop', 'kiwi rock']	[2019, 2020, 2021, 2022]	1	0
4bXJYb8inT1EvC54wqCRtT	1814	['nz reggae', 'waiata maori']	[2019, 2020, 2021, 2022]	1	0
2IZXxSIGhFtkHJyMh6UTln	Aiyana-Lee	[]	[2020]	1	1
4FcZfItjVIsfO9TynErl7X	Jubël	['swedish pop']	[2020, 2021]	1	1
71Dhj822M1LGpuryPIV2KO	NEIMY	['scandipop', 'tropical house']	[2020, 2021]	1	1
72BTmmAO3QfETWlFjwjfJ1	Human Nature	['australian pop', 'australian rock', 'boy band']	[2020, 2021]	1	0
1xGTzTskpMWOWFZUjSm7Ch	Th' Dudes	['classic nz pop', 'kiwi rock']	[2019, 2020, 2021, 2022]	1	0
6P5NO5hzJbuOqSdyPB7SJM	Ashe	['alt z']	[2020]	1	0
0QJIPDAEDILuo8AIq3pMuU	M.I.A.	['escape room', 'indietronica', 'new rave']	[2020]	1	1
63yrD80RY3RNEM2YDpUpO8	Melanie Martinez	['alt z', 'electropop', 'pop']	[2020]	1	0
1KP6TWI40m7p3QBTU6u2xo	BØRNS	['indie poptimism', 'indietronica', 'modern alternative rock', 'modern rock', 'pov: indie']	[2020, 2021]	1	0
0WfTNGYweVmbAlM3j3WOCg	Hello Sailor	['classic nz pop', 'kiwi rock']	[2020, 2021]	1	0
35GL8Cu2GKTcHzKGi75xl5	Jennifer Hudson	['dance pop', 'r&b', 'urban contemporary']	[2020, 2021]	1	1
622HMYOaiqowUmcd5t3b7t	Dragon	['australian rock', 'kiwi rock']	[2019, 2020, 2021, 2022]	1	0
3V0ZQW0dNuVaFtbVYgSI24	Claire Rosinkranz	['alt z', 'modern indie pop']	[2020]	1	0
2l35CQqtYRh3d8ZIiBep4v	MKTO	['pop', 'post-teen pop']	[2020, 2021, 2022]	1	0
6O4EGCCb6DoIiR6B1QCQgp	Toro y Moi	['chillwave', 'hypnagogic pop', 'indie soul', 'indietronica']	[2020, 2022]	1	1
5wvzIoz1gWb5lAvI9nuRup	PT	['pacific islands pop']	[2020, 2021]	1	1
1xr92u8uPinpRXsjZbgGKw	Jah Maoli	['jawaiian']	[2020, 2021]	1	1
2XzXLjXRSeFtsic4ieyLJy	Wilbur Soot	['pixel', 'pov: indie']	[2020]	1	0
5pDjmC5mRl7vDJhsjVwNfk	Freya Ridings	['uk pop']	[2019, 2020]	1	0
6bmlMHgSheBauioMgKv2tn	Powfu	['sad lo-fi', 'sad rap']	[2020, 2021]	1	1
35l9BRT7MXmM8bv2WDQiyB	beabadoobee	['bedroom pop', 'bubblegrunge', 'indie pop', 'pov: indie']	[2020, 2021]	1	1
5dcOK4stT4JDkP6Dqhbz5s	Sheena Easton	['mellow gold', 'minneapolis sound', 'new romantic', 'new wave pop', 'soft rock']	[2020]	1	1
6fs2or0cKLEM2xohWq8SoX	Lexie Liu	['chinese electropop']	[2020]	1	1
4TqlcgMFDryY96KWcvrhTv	Seraphine	[]	[2020]	1	1
7nqlScm2smydSRl13eaP8E	Nea	['scandipop']	[2020]	1	1
1lmU3giNF3CSbkVSQmLpHQ	Surf Mesa	[]	[2020, 2021]	1	1
4ArPQ1Opcksbbf3CPwEjWE	Emilee	['social media pop']	[2020, 2021]	1	1
7nDsS0l5ZAzMedVRKPP8F1	Ella Henderson	['dance pop', 'talent show', 'uk pop']	[2020]	1	1
6dn6x1XOng3LOAnfTjUn77	AJ Mitchell	['alt z', 'pop']	[2020]	1	1
5yy76ufVriyvidNSvXlRU1	Clever	['alabama rap']	[2020]	1	1
16Nc36xAtNyQ7BMBcDsaLv	Likybo	['cali rap']	[2020]	1	0
0a2RyaJGZwNek1n0fpNPVp	Ché-Fu	['classic nz pop', 'pacific islands pop']	[2019, 2020, 2021, 2022]	1	0
6IFXsrXBpwbIqtOUOiAa3p	Rick Springfield	['album rock', 'australian rock', 'classic rock', 'glam metal', 'hard rock', 'heartland rock', 'mellow gold', 'new romantic', 'new wave pop', 'soft rock', 'yacht rock']	[2019, 2020]	1	0
5i84V8Zk7YqCN6xxb7SWgw	Samantha Jade	['australian pop', 'australian talent show']	[2020]	1	0
0Br4l2km0ic7BSsNh1E5h4	Trill Ryan	['viral rap']	[2020]	1	0
0UcXjTpzt0DmIwPSNwlJfF	jetsonmade	[]	[2020]	1	1
3xvaSlT4xsyk6lY1ESOspO	Disney	"[""children's music"", 'movie tunes']"	[2020, 2021]	1	1
5RmQ8k4l3HZ8JoPb4mNsML	Agust D	['k-rap']	[2020]	1	0
7ohlPA8dRBtCf92zaZCaaB	Crowded House	['australian rock', 'permanent wave']	[2017, 2019, 2020, 2021]	1	0
4yvcSjfu4PC0CYQyLy4wSq	Glass Animals	['gauze pop', 'indietronica', 'modern rock', 'pov: indie', 'shiver pop']	[2020, 2021, 2022]	1	0
2JyWXPbkqI5ZJa3gwqVa0c	Craig David	['british soul']	[2020]	1	1
2gduEC76ry33RVurAvT05p	Nathan Dawe	['pop dance', 'uk dance']	[2020]	1	1
2tPR06hLUvH5aIY3JXNIxY	dutchavelli	['uk hip hop']	[2020]	1	1
7CCjtD0hCK005Bvg2WG1a7	Carnage	['edm', 'electro house', 'electronic trap', 'viral trap']	[2020]	1	1
7aBzpmFXB4WWpPl2F7RjBe	Wyclef Jean	['rap kreyol']	[2020]	1	1
2cCUtGK9sDU2EoElnk0GNB	The National	['chamber pop', 'indie folk', 'indie rock', 'indietronica', 'modern rock', 'stomp and holler']	[2020]	1	1
5TbLOwv8BNnik3f03NZJlt	TOKYO’S REVENGE	['meme rap', 'viral rap']	[2020]	1	0
6Y64EaNqpqcZYTgs4c76gF	jxdn	['pop punk']	[2020]	1	0
7vPGzgDg3qGUY5bWtrO3K4	Conkarah	['jawaiian']	[2020]	1	1
2fZcYu4ltOFdwsnDmLQ9jl	DJ Fle	[]	[2020]	1	1
4vjGlQWexbru6aOUCLTVir	Kiki Dee	['classic uk pop']	[2019, 2020, 2021]	1	1
79KQgTCu4wV38ECYKn62DZ	White Gold	[]	[2020]	1	1
5bgfj5zUoWpyeVatGDjn6H	K CAMP	['atl hip hop', 'melodic rap', 'southern hip hop', 'trap']	[2020]	1	0
49tPWZ7vQeE7VscuIHqrn6	Blueboy	['australian r&b']	[2020]	1	0
0DAaoRtoM8z0DHIhIzP4mJ	Fiji	['cook islands pop', 'fijian pop', 'melanesian pop', 'pacific islands pop']	[2020, 2021, 2022]	1	0
7sfl4Xt5KmfyDs2T3SVSMK	Lil Jon	['atl hip hop', 'crunk', 'dance pop', 'dirty south rap', 'old school atlanta hip hop', 'pop rap', 'southern hip hop', 'trap']	[2020, 2021]	1	1
66sNDEVTYhSIXtRx2jzrFQ	Band of the Royal Regiment of New Zealand Artillery	[]	[2020]	1	0
6DJEUXZm0e2rAohdoZ5Voo	Black Thought	['alternative hip hop', 'east coast hip hop']	[2020]	1	1
3ZotbHeyVQKxQCPDJuQ4SU	Q-Tip	['east coast hip hop', 'queens hip hop']	[2020]	1	1
1WjexdTcXHgvlVIPCE8D1Q	Denaun	[]	[2020]	1	1
5Nf5yishRW9Ye174sJISkg	London On Da Track	['atl hip hop']	[2020]	1	1
6i392l38cR3uBPF0DbNs7S	Quality Control	['melodic rap', 'trap']	[2020]	1	1
02ZtVIjKL1PYLlMmP1sz0h	Layton Greene	['pop r&b']	[2020]	1	1
4sw5s8BqMsNkOSZtNgACKv	The Future Kingz	['viral rap']	[2020]	1	0
05YVYeV4HxYp5rrWalvuE1	Grover Washington, Jr.	[]	[2020, 2021]	1	1
3Ubvmshojm0HJHWWr4C6GF	Elmo & Patsy	['novelty']	[2020]	1	0
6tUwA7Nt6EoMLy48nNVrgq	David Campbell	['australian pop']	[2020, 2021]	1	0
5zfEatKLDdRkgbw6sdLBAQ	Octavian	['afroswing', 'london rap', 'uk hip hop']	[2020]	1	1
0AsThoR4KZSVktALiNcQwW	Chloe x Halle	['r&b']	[2020]	1	0
3cqIsBnzV3BabbPWKz8Txf	Mud	['glam rock']	[2020, 2021]	1	0
15iVAtD3s3FsQR4w1v6M0P	Chief Keef	['chicago bop', 'chicago drill', 'chicago rap', 'drill', 'hip hop', 'rap', 'trap']	[2020]	1	1
41qil2VaGbD194gaEcmmyx	Will Smith	['hip hop', 'pop rap']	[2020]	1	1
5fSVkkuijRIpxuvSqysYiP	Snøw	['sad lo-fi', 'sad rap']	[2019, 2020]	1	1
0x7qiZJaal6j8qS7yCydFk	Savage Ga$p	['aesthetic rap']	[2020]	1	1
1nGRqM8VNcQOcFsOnhpInD	ATR Son Son	[]	[2020]	1	1
6GpcBKNmZDIrRzYkPJu7Wd	flora cash	['indie pop', 'scandipop', 'swedish indie folk']	[2020]	1	0
6y5amJcTjeDgLXIjtQLMst	SAYGRACE	['r&b']	[2020]	1	0
6aeuDb3tA4S9lTin8TvHWu	Yung Anime	[]	[2020]	1	1
0EYtRAnAXxVITPKoEDf2OB	LILMozart	[]	[2020]	1	1
2PaZWGu5T5nHjY2xxAkFsT	THE SCOTTS	['viral rap']	[2020]	1	1
6fFfnKGVI6X3lkCr8Qw1g1	KXNG Crooked	['cali rap', 'detroit hip hop']	[2020]	1	1
1q13yHC6Syg5Y8iPLrRnCq	Joell Ortiz	['battle rap']	[2020]	1	1
6FD0unjzGQhX3b6eMccMJe	Ghostface Killah	['east coast hip hop', 'hardcore hip hop']	[2019]	1	1
3Bd1cgCjtCI32PYvDC3ynO	London Grammar	['metropopolis', 'nottingham indie']	[2019]	1	1
5JMLG56F1X5mFmWNmS0iAp	Chelsea Cutler	['alt z']	[2019]	1	1
1fctva4kpRbg2k3v7kwRuS	Rvssian	['reggaeton', 'trap latino', 'urbano latino']	[2019]	1	1
7meyrw7Or5DwteYxDJrkCM	YK Osiris	['melodic rap', 'trap']	[2019]	1	0
3aGFCoR8xGN6DKwvdzeSja	ILOVEMAKONNEN	['atl hip hop', 'lgbtq+ hip hop', 'trap']	[2019]	1	1
5vBrKGOjN10BMwB0cJADj4	bülow	['alt z', 'indietronica']	[2019]	1	1
63XBtGSEZINSyXylZxEUbv	Victoria Monét	['alternative r&b']	[2019]	1	1
6twIAGnYuIT1pncMAsXnEm	Commodores	['adult standards', 'disco', 'funk', 'mellow gold', 'motown', 'quiet storm', 'soft rock', 'soul']	[2019]	1	0
4dM6NDYSfLcspt8GLoT5aE	Hippie Sabotage	['edm', 'electronic trap']	[2019]	1	0
329e4yvIujISKGKz1BZZbO	Farruko	['reggaeton', 'trap latino', 'urbano latino']	[2019]	1	1
14scxEoUN7Dcx1m4EQ7oHe	Ashley O	[]	[2019]	1	0
4rojTfP5nRkmYpdSbWQgV4	Death Stranding: Timefall	['video game music']	[2019]	1	1
3CjlHNtplJyTf9npxaPl5w	CHVRCHES	['indietronica', 'metropopolis', 'neo-synthpop', 'shimmer pop']	[2019]	1	1
2c9O21YLFy4tFI9zCVhbFg	Sunday Service Choir	[]	[2019]	1	1
4lxfqrEsLX6N1N4OCSkILp	Phil Collins	['rock drums', 'soft rock']	[2019]	1	0
5oFkj1qSlyBUmV5d6Edgtq	Cozz	['underground hip hop']	[2019]	1	1
4bMNzAopkqYTwkBLwMKsF1	Childish Major	['trap soul', 'underground hip hop']	[2019]	1	1
1OHw2r7Diz2rc9JktaFV6N	Erika Sirola	['finnish pop']	[2019]	1	1
2a0uxJgbvvIRI4GX8pYfcr	J Hus	['afroswing', 'grime', 'uk hip hop']	[2019]	1	1
2J257euzcjnDLipsyJH3F2	Clipse	['alternative hip hop', 'hardcore hip hop', 'hip hop', 'southern hip hop', 'virginia hip hop']	[2019]	1	1
6I3M904Y9IwgDjrQ9pANiB	Kenny G	['smooth jazz', 'smooth saxophone']	[2019]	1	1
0JYmighF3zbuA81Di54CZN	S-X	['instrumental grime']	[2019]	1	1
4xrDCETyApzUQ6xzcc6QtS	Jack River	['australian indie', 'australian pop']	[2019]	1	1
14L5rpGTLVUz1pD8fUeJB1	Eliza Doolittle	['lilith']	[2019]	1	1
3gIRvgZssIb9aiirIg0nI3	Jeremy Zucker	['alt z', 'electropop', 'pop']	[2019]	1	0
75WcpJKWXBV3o3cfluWapK	Lute	['indie hip hop', 'north carolina hip hop', 'underground hip hop']	[2019]	1	1
3nQ59hkeciYoR6RreQL4Rv	Darren Criss	['wrock']	[2019]	1	1
3XV0lFzNs8BCTwhJTcMiBr	Blue Ivy	[]	[2019]	1	1
3vQ0GE3mI0dAaxIMYe5g7z	Paulo Londra	['argentine hip hop', 'trap argentino', 'trap latino', 'urbano latino']	[2019]	1	1
2auC28zjQyVTsiZKNgPRGs	RM	['k-rap']	[2019]	1	1
6yJ6QQ3Y5l0s0tn7b0arrO	JPEGMAFIA	['alternative hip hop', 'experimental hip hop', 'industrial hip hop', 'underground hip hop']	[2019]	1	1
3R8AurcQVHkialifehVKXV	Bic Runga	['classic nz pop', 'lilith', 'new wave pop', 'nz pop', 'nz singer-songwriter']	[2019]	1	0
0FVsUxcFSlxwIM7Qs31s6J	Billy Eichner	['movie tunes']	[2019]	1	1
7xX39IyguhWsTIg4eU2reH	Seth Rogen	['movie tunes']	[2019]	1	1
25IG9fa7cbdmCIy3OnuH57	The Chicks	['contemporary country', 'country', 'country dawn']	[2019]	1	1
1w5Kfo2jwwIPruYS2UWh56	Pearl Jam	['alternative metal', 'alternative rock', 'classic rock', 'grunge', 'permanent wave', 'rock']	[2019]	1	0
0haZhu4fFKt0Ag94kZDiz2	Sofía Reyes	['latin pop', 'latin viral pop', 'mexican pop', 'reggaeton']	[2019]	1	1
65CKKZilbcSKkAPC9a5Mvh	Oumou Sangaré	['afropop', 'malian blues', 'mande pop', 'wassoulou', 'world']	[2019]	1	1
70kkdajctXSbqSMJbQO424	Kacey Musgraves	['classic texas country', 'contemporary country', 'country dawn']	[2019]	1	1
2ndyVAdV9UqF1XjyTJt484	Fred Hammond	['gospel']	[2019]	1	1
3IJ21966TwNZI24MwZHMu4	Baby Tate	['trap queen']	[2019]	1	1
2JLqTvFXmC87BksiCsBezV	Matt Terry	['talent show']	[2017, 2019]	1	0
4ODo634wVqDxqgVSlXE2LO	HWLS	['vapor twitch']	[2019]	1	1
3r1XkJ7vCs8kHBSzGvPLdP	slowthai	['uk alternative hip hop', 'uk hip hop']	[2019]	1	1
6RedK3o51NbUJuJxXlT4kj	88-Keys	['alternative hip hop']	[2019]	1	1
4FZ3j1oH43e7cukCALsCwf	Jack White	['alternative rock', 'blues rock', 'garage rock', 'garage rock revival', 'indie rock', 'modern blues rock', 'modern rock', 'punk blues', 'rock']	[2019]	1	1
07V3atNq2TyPNDYmzp6Dyy	Reese LAFLARE	['atl trap']	[2019]	1	1
0vaKiuLwFJLVU664A8GTjE	Jace	['deep underground hip hop']	[2019]	1	1
30C5wgn4celhRP3Tytv7R6	Mez	['north carolina hip hop']	[2019]	1	1
6q3p11nP1p80Ey6LrOOSed	Hit-Boy	['drumless hip hop']	[2019]	1	1
2pxenjHc63XgnQwqFJGN5u	Yeezys Activist	[]	[2019]	1	0
2mpeljBig2IXLXRAFO9AAs	Dido	['dance pop', 'europop', 'lilith', 'neo mellow', 'pop rock']	[2019, 2022]	1	1
6SsTlCsuCYleNza6xGwynu	Agnes	['swedish electropop', 'swedish idol pop', 'swedish pop']	[2019]	1	1
2fVW2ix4ANKiofDZIsy1XR	Vargas & Lagola	['swedish pop']	[2019]	1	1
3s8alQfNnY0roAHaJh7Xxt	Dom Kennedy	['soul flow', 'underground hip hop']	[2019]	1	1
5qa31A9HySw3T7MKWI9bGg	FLETCHER	['alt z', 'pop']	[2019]	1	0
1bqxdqvUtPWZri43cKHac8	MAX	['viral pop']	[2019]	1	1
3ApUX1o6oSz321MMECyIYd	Quinn XCII	['indie pop rap']	[2019]	1	1
3uZFBSsMiooimnprFL9jD1	Snow	['canadian old school hip hop', 'reggae fusion']	[2019]	1	1
7EK1bQADBoqbYXnT4Cqv9w	John Denver	['classic country pop', 'folk', 'folk rock', 'mellow gold', 'singer-songwriter', 'soft rock']	[2019]	1	0
6t9tbRO9Lv6Oq6xtVwfdrn	Theresa Rex	['scandipop']	[2019]	1	1
6veh5zbFpm31XsPdjBgPER	BIA	['rap latina', 'trap queen']	[2019]	1	1
5a2w2tgpLwv26BYJf2qYwu	SOPHIE	['art pop', 'bubblegum bass', 'deconstructed club', 'escape room', 'hyperpop', 'proto-hyperpop', 'transpop']	[2019]	1	1
2c2X6dr1PHctH24BxNOjHi	Eprom	['downtempo bass', 'experimental bass', 'glitch hop', 'wonky']	[2019]	1	1
6eVWXmKBW7Iltub01D9R1c	Valerie Broussard	['bossbeat', 'modern alternative pop']	[2019]	1	1
5klp9VmF0Os0ytBwXBy8Tf	Lindiwe Mkhize	['movie tunes']	[2019]	1	1
0zp9qNDSeYi3QEodhcKAAA	Lebo M.	['movie tunes']	[2019]	1	1
3hPPNy5OBzCU1icQO7Nrok	99 Percent	[]	[2017]	1	1
1HxJeLhIuegM3KgvPn8sTa	Jack Ü	['edm', 'electro house', 'pop dance']	[2017]	1	1
7wjeXCtRND2ZdKfMJFu6JC	Louane	['french pop']	[2017]	1	1
5X4LWwbUFNzPkEas04uU82	DVBBS	['canadian electronic', 'dutch house', 'edm', 'electro house', 'pop dance', 'progressive electro house', 'slap house']	[2017]	1	1
78DWNk8gFHU30TGITAgbM7	CMC$	['pop edm', 'vapor twitch']	[2017]	1	1
71WExccCBN2mw0klSzfYzz	Gia Koka	[]	[2017]	1	1
5338fdSzGNOFD4cxAxDTeq	Aaron Carter	['post-teen pop']	[2017]	1	0
1VKWlHqcqwmU9CGKkJR09R	Nedarb	['cloud rap']	[2017]	1	1
3wjsrpfO6odEphTZWx45RQ	Hearts & Colors	[]	[2017]	1	1
5M2y5A6d5QZjw9JeKClagC	Andrelli	['swedish pop']	[2017]	1	1
5Tz4zMiRWqiQVAymWZz99a	Zebra Katz	['escape room', 'lgbtq+ hip hop', 'vogue']	[2017]	1	1
0CkbPVBpOwwz9NPPglFKyq	RAY BLK	['alternative r&b', 'electra', 'uk contemporary r&b']	[2017]	1	1
4TrraAsitQKl821DQY42cZ	Sigrid	['norwegian pop']	[2017]	1	0
0NIIxcxNHmOoyBx03SfTCD	Tinashe	['alternative r&b', 'dance pop', 'metropopolis', 'pop', 'r&b', 'urban contemporary']	[2017]	1	1
5psTfOBPmc8UquYcnS22KE	Pink	[]	[2017]	1	1
1qskAseW7apRxJBpYAO9Yk	Felix Snow	[]	[2017]	1	1
5JSXWmQO8csVUy6hSRu8TA	Maty Noyes	['alt z']	[2017]	1	0
1XLjkBxFokuDTlHt0mQkRe	Thomas Gold	['big room', 'dutch house', 'edm', 'electro house', 'german techno', 'pop dance', 'progressive electro house', 'progressive house']	[2017]	1	1
6ctgu4FFlnNhMgrKiIzCxp	Jillian Edwards	['acoustic pop', 'indiecoustica']	[2017]	1	1
1bT7m67vi78r2oqvxrP3X5	Naughty Boy	['uk contemporary r&b']	[2017]	1	1
7keGfmQR4X5w0two1xKZ7d	Kungs	['edm', 'pop dance']	[2017]	1	1
726MxZBpkxnnoKl6aN7mmj	Cookin' On 3 Burners	['bboy', 'instrumental funk']	[2017]	1	1
1dIdBZaaHRW2bDTkHNfWln	The Veronicas	['australian pop', 'candy pop', 'dance pop', 'girl group', 'post-teen pop']	[2017]	1	0
2d0hyoQ5ynDBnkvAbJKORj	Rage Against The Machine	['alternative metal', 'alternative rock', 'conscious hip hop', 'funk metal', 'hard rock', 'nu metal', 'political hip hop', 'post-grunge', 'rap metal', 'rap rock', 'rock']	[2017, 2021]	1	0
0v2oB2xMS64U3lcU5DFuCY	Peven Everett	['broken beat', 'chicago house', 'deep house']	[2017]	1	1
5lXfVoQxVgC5fpjkVqvNYn	Isaiah Firebrace	['australian pop']	[2017]	1	0
0NGAZxHanS9e0iNHpR8f2W	Alok	['electro house', 'pop nacional', 'sertanejo universitario', 'slap house']	[2017]	1	1
5veVxxPm1vzgi6pO2iVA8L	Bruno Martini	['pop nacional']	[2017]	1	1
7qPLO2XOUaRrRxkvLZ3AEK	Zeeba	[]	[2017]	1	1
15NtJjjHRFybdNSMyM9smT	Nevada	[]	[2017]	1	1
4VZY0nxYMSNotbS7WjNVQy	Nyla	[]	[2017]	1	1
374sWpAJsbZckf98df2jJJ	Fuse ODG	['afrobeats', 'azonto']	[2017]	1	1
1wiBLzTI7z9RUwEpNPdFT6	Mase	['contemporary r&b', 'gangster rap', 'hardcore hip hop', 'harlem hip hop', 'hip hop', 'hip pop', 'r&b', 'southern hip hop', 'urban contemporary']	[2017]	1	1
28j8lBWDdDSHSSt5oPlsX2	ZHU	['edm', 'electro house']	[2017]	1	1
0pghUohLPptZWBasy2wmUx	THEY.	['trap soul']	[2017]	1	1
7f35VZGDpomj11PXdNn5D9	Max B	[]	[2017]	1	1
6f9bmfkqiYbhCtdAZsv7KI	Keith Ape	['korean trap', 'underground hip hop']	[2017]	1	1
6JcD2YKEhgimweLpUI0NEw	KUČKA	['electra']	[2017]	1	1
6fXEqmGQEt6ONuqVmwrN46	Bag Raiders	['alternative dance', 'australian dance', 'indietronica']	[2017]	1	0
2VAnyOxzJuSAj7XIuEOT38	AlunaGeorge	['electropop', 'house', 'uk dance']	[2017]	1	1
5ITI6SEoUZMIXXkzCfr4oE	Aluna	['dance pop']	[2017]	1	1
5nCi3BB41mBaMH9gfr6Su0	fun.	['baroque pop', 'metropopolis']	[2017]	1	0
2QlwnS23KrBeshXFyK5U6M	LVNDSCAPE	['deep tropical house', 'pop dance', 'pop edm']	[2017]	1	1
65NscqgsoMPqBtoLbkP3jD	Bolier	['deep tropical house']	[2017]	1	1
7crPfGd2k81ekOoSqQKWWz	Stevie Nicks	['heartland rock']	[2017]	1	1
4Wjf8diP59VmPG7fi4y724	Cedric Gervais	['dutch house', 'edm', 'electro house', 'pop dance', 'progressive electro house', 'progressive house']	[2017]	1	1
2qSEpijpT3YSXgxcXac1ly	Chris Willis	[]	[2017]	1	1
4j5KBTO4tk7up54ZirNGvK	NERVO	['australian dance', 'dutch house', 'edm', 'electra', 'electro house', 'house', 'pop dance', 'progressive electro house', 'progressive house']	[2017]	1	0
27mFvqQj8KpjmdKIqcw1mG	Ayo & Teo	['trap', 'viral trap']	[2017]	1	0
21mKp7DqtSNHhCAU2ugvUw	ODESZA	['chillwave', 'edm', 'indietronica']	[2017]	1	1
7kdIgG6b9e3DZVmroWzu9w	Madelyn Grant	[]	[2017]	1	1
5xO9868Xc1mjAzmaN1efoK	Paces	['australian dance']	[2017]	1	1
6UAsg7BxuQBh72q5RWkXem	NYNE	['australian alternative pop']	[2017]	1	1
0qWNlZpLfAYDbEVEHAAllv	Three Houses Down	['nz reggae', 'pacific islands pop']	[2017]	1	1
4dnsfuI3oozEl16wEcsPc8	General Fiyah	['pacific islands pop']	[2017]	1	1
6jsjhAEteAlY0vCiLvMLBA	ROZES	['alt z', 'indie poptimism']	[2017]	1	1
0DxeaLnv6SyYk2DOqkLO8c	MAGIC!	['pop', 'reggae fusion']	[2017]	1	1
759h9uEwoHm8KKq1pGI9RH	Opetaia Foa'i	['movie tunes']	[2017]	1	1
4aXXDj9aZnlshx7mzj3W1N	Lin-Manuel Miranda	['broadway', 'show tunes']	[2017]	1	1
1X6dfPmF8f5C5EW3WIGfvm	SJUR	['scandipop']	[2017]	1	1
4GrH6djlMelZDucxke8WAk	Chris Crone	[]	[2017]	1	1
3iri9nBFs9e4wN7PLIetAw	gnash	['alt z', 'pop']	[2017]	1	1
1QRj3hoop9Mv5VvHQkwPEp	Olivia O'Brien	['alt z', 'pop']	[2017]	1	1
5X1JzPIIonP3u9lA580pPT	Francesco Yates	['canadian pop']	[2017]	1	1
0f5nVCcR06GX8Qikz0COtT	Omarion	['dance pop', 'hip pop', 'r&b', 'rap', 'southern hip hop', 'trap', 'urban contemporary']	[2017]	1	0
7yO4IdJjCEPz7YgZMe25iS	A$AP Mob	['hip hop', 'rap', 'southern hip hop', 'trap']	[2017]	1	1
6ENAap6kOirsqATazyWBEP	David Dallas	['nz hip hop', 'pacific islands pop', 'polynesian hip hop']	[2017]	1	0
1D9XQXqh4YQfJwX7hyLWwr	Sleepy Tom	['canadian electronic', 'pop edm']	[2017]	1	1
21E3waRsmPlU7jZsS13rcj	Ne-Yo	['dance pop', 'pop', 'r&b', 'urban contemporary']	[2017]	1	1
0NKDgy9j66h3DLnN8qu1bB	Eurythmics	['dance rock', 'new romantic', 'new wave', 'new wave pop', 'soft rock', 'sophisti-pop', 'synthpop']	[2017]	1	1
5MspMQqdVbdwP6ax3GXqum	Annie Lennox	['new romantic', 'new wave', 'new wave pop', 'singer-songwriter', 'soft rock', 'synthpop']	[2017]	1	1
7gcCQIlkkfbul5Mt0jBQkg	Dave Stewart	['new wave pop', 'rock keyboard']	[2017]	1	1
7xEFii6utZmQ61kX59HmLH	FRENSHIP	['electropop', 'indie poptimism', 'la pop']	[2017]	1	1
49O0SPoCoTiK2Nn2tOaHyU	Knox Fortune	['chicago indie']	[2017]	1	1
6NFyaN9PMCDZ3LKxGwHAXt	Illy	['australian hip hop', 'australian trap']	[2017]	1	1
1xHQO9GJIW9OXHxGBISYc5	Marian Hill	['electropop']	[2017]	1	0
6wMr4zKPrrR0UVz08WtUWc	Black Coffee	['south african house', 'south african pop', 'south african pop dance']	[2017]	1	1
3zrUX1hQrUB9aXcOiyQLmN	Stanaj	[]	[2017]	1	1
6ioOEWNNGK40H8xrGj6XPW	XYLØ	['alt z', 'indie poptimism', 'la pop']	[2017]	1	1
67nwj3Y5sZQLl72VNUHEYE	Wale	['pop rap', 'r&b', 'rap', 'southern hip hop', 'trap']	[2017]	1	1
3GtCKJA4SkOxN65MWjm82R	Hot Shade	[]	[2017]	1	1
2WX2uTcsvV5OnS0inACecP	Birdy	['neo mellow', 'uk pop']	[2017]	1	0
4L1YBxxAxQx0HG8lgPcFcJ	Damian Lemar Hudson	[]	[2017]	1	1
2NYOggWBPKbqdEYs7jUr1n	PON CHO	['australian dance']	[2017]	1	1
7FhrJLDe6bQ0Hqt9Wf7zXh	Paige IV	[]	[2017]	1	1
36jaGQtMj5UWD0eO1fCVdD	Joel Adams	['australian pop', 'pop soul', 'teen pop']	[2017]	1	0
7eCmccnRwPmRnWPw61x6jM	shy martin	['alt z', 'swedish electropop']	[2017]	1	1
3jVMgT4X7YeuYE4aludcmE	Phil Spector	['brill building pop']	[2017]	1	0
134GdR5tUtxJrf8cpsfpyY	Elliphant	['electropop', 'swedish indie pop']	[2017]	1	1
4H1PNuHElBLVok0lnYMrRb	Dyo	['alte']	[2017]	1	1
2CvCyf1gEVhI0mX6aFXmVI	Paul Simon	['classic rock', 'folk', 'folk rock', 'mellow gold', 'permanent wave', 'rock', 'singer-songwriter', 'soft rock']	[2017]	1	0
0AuW7OCyKfFrsMbtHrYgIV	House Of Pain	['gangster rap', 'hip hop', 'rap rock', 'west coast rap']	[2017]	1	0
7hOGhpa8RMSuDOWntGIAJt	A R I Z O N A	['electropop', 'indie poptimism']	[2017]	1	0
0CjWKoS55T7DOt0HJuwF1H	Bipolar Sunshine	['gauze pop']	[2017]	1	1
5H1nN1SzW0qNeUEZvuXjAj	Danny Ocean	['pop venezolano', 'reggaeton', 'trap latino', 'urbano latino']	[2017]	1	0
54QA4zjZDOyaLN8bVthBjP	Joe Moses	['cali rap', 'west coast trap']	[2017]	1	1
2hWs22BmQkK4czFtDLnar2	Rob $tone	['san diego rap', 'viral trap']	[2017]	1	1
1rs3y69kDwkIdGJcOYngQt	J. Davi$	[]	[2017]	1	1
36Tn5h23ysORlLKc42UXfe	J Spooks	[]	[2017]	1	1
0AJUYWKztkg5dnrHDIBv47	MiC LOWRY	[]	[2017]	1	0
49HPMFWsosCuRf810Ay1Vv	Kurt Nilsen	['classic norwegian pop', 'norwegian pop']	[2017]	1	1
17ggmeNujCFMkr3zgyXv02	The Norwegian Radio Orchestra	['nordic orchestra', 'orchestra', 'radio symphony']	[2017]	1	1
1Z8ODXyhEBi3WynYw0Rya6	De La Soul	['east coast hip hop', 'golden age hip hop', 'hip hop', 'jazz rap']	[2017]	1	1
0Qpk1IGiZeB6rRhfK4FVDT	Kelvin Mercer	[]	[2017]	1	1
1J2VVASYAamtQ3Bt8wGgA6	Ja Rule	['dance pop', 'east coast hip hop', 'gangster rap', 'hip hop', 'hip pop', 'pop rap', 'queens hip hop', 'rap', 'urban contemporary']	[2017]	1	1
6MLDcHrNh4OqxDZAjMt5pt	Ralph Tresvant	['contemporary r&b', 'new jack swing']	[2017]	1	1
5W10uJRsbt9bROJDKoI1Wn	Moses Sumney	['alternative r&b', 'art pop', 'indie soul', 'la pop']	[2017]	1	1
7uMSsrbX9MJzf161IcY7KU	Logan Paul	['social media pop']	[2017]	1	1
1mSJCvDX0W7Dn7S9C6vmvI	Anna of the North	['electropop', 'vapor pop']	[2017]	1	1
0CIwCGmQMqHqiblnZlFia1	Stephen Marley	['reggae', 'roots reggae']	[2017]	1	1
6O2zJ0tId7g07yzHtX0yap	Mobb Deep	['east coast hip hop', 'hardcore hip hop', 'hip hop', 'queens hip hop']	[2017]	1	0
5oXEAB4Ru2xbs5zEFNjJR6	Maimoa	['waiata maori']	[2017]	1	1
3MXqLOYybf5oOX5HRS64ka	Mereana Teka	[]	[2017]	1	1
2Dr6xwcJVecUXGnEMTwwZV	Makaira Berry	['waiata maori']	[2017]	1	1
6vwTRz07Qn8miHrg6SKvg5	Puawai Taiapa	[]	[2017]	1	1
1sh6Xy6V46uqMhw1xyTjcf	Awatea Wihongi	[]	[2017]	1	1
1B4SvnaFDB6msii4BHGy24	Tawaroa Kawana	['waiata maori', 'waiata mo tamariki']	[2017]	1	1
3eYZSC6TNZgruy3xcIh4Qj	Raniera Blake	[]	[2017]	1	1
2R0w74LhUJhz7UAgf0gQsv	Pere Wihongi	['waiata maori']	[2017]	1	1
6JXQPFlYgT0us3LZTxEq1i	Meto Tagivale Schmidt-Peke	[]	[2017]	1	1
7wisuy7hVJcdGymDkENN2a	Te Awhina Kaiwai-Wanikau	[]	[2017]	1	1
2OIAyX3ZHrFf1i5a4dvNnj	Hoeata Maxwell-Blake	[]	[2017]	1	1
1DW5nVrKSed7bIGohrw84A	Kia Kaaterama Pou	[]	[2017]	1	1
7iATNkLEQFrEDgVgAjFkBL	Nathaniel Howe	[]	[2017]	1	1
1Fr6agZ6iSM5Ynn2k4C8sc	VÉRITÉ	['alt z', 'brooklyn indie', 'dark pop', 'electropop', 'indie poptimism', 'metropopolis', 'nyc pop', 'vapor pop']	[2017]	1	0
7nKeLE1toRtW4M279iS26h	Zay Hilfigerrr	['viral trap']	[2017]	1	1
5AsWcQXw4RJFRWBbwa0ti0	Zayion McCall	[]	[2017]	1	1
6sLwRSXSUF5JTUnQaFenyj	Christopher Jackson	['broadway', 'movie tunes', 'show tunes']	[2017]	1	1
40xbWSB4JPdOkRyuTDy1oP	Nicole Scherzinger	['dance pop', 'pop', 'post-teen pop']	[2017]	1	1
6pItJ6ijL7bMCneuwqRreN	Louise Bush	['movie tunes']	[2017]	1	1
7KUri7klyLaIFXLcuuOMCd	Stargate	['norwegian pop']	[2017]	1	1
6FB9Zw1TSMrw3LIzIvlNGG	Nathaniel Alford	[]	[2017]	1	1
1WdM0BAEXN9RpUdPOzEZdx	Twice As Nice	[]	[2017]	1	1
3iN9k8uvm4WrgdlOigOH8D	Hook N Sling	['australian dance', 'progressive electro house']	[2017]	1	1
61lyPtntblHJvA7FMMhi7E	Duke Dumont	['edm', 'house', 'pop dance', 'progressive house', 'uk dance']	[2017]	1	0
32okPFmVcEJ9DiKLRqFVMr	Slip-On Stereo	['australian indigenous']	[2017]	1	1
0lYzZ91QzokaPrRK1vq6tW	Nicole Millar	['australian pop', 'gauze pop']	[2017]	1	1
00Z3UDoAQwzvGu13HoAM7J	Skizzy Mars	['indie pop rap']	[2017]	1	1
2TL8gYTNgD6nXkyuUdDrMg	Jasmine Thompson	['viral pop']	[2017]	1	1
3bvjyL1M2fvFBZjvuBstoi	William Waiirua	[]	[2017]	1	1
3sQWafIIB2nfCc9hR9Ng6M	Vince Harder	['nz pop', 'pacific islands pop']	[2017]	1	1
3NoeRIxHApi6qe4yan2Vnn	Eric Nally	[]	[2017]	1	1
5DK8eK7fjvRsziXzyr3sFA	Moon Taxi	['modern alternative rock']	[2017]	1	0
79QO0Xmn1dZhvaLicS2Yrs	The Night Game	['modern alternative rock']	[2017]	1	1
3TaUSUXn41GixL7zbvrIDt	A-Trak	['canadian electronic', 'edm', 'electro house', 'electronic trap', 'turntablism']	[2017]	1	1
0zOcE3mg9nS6l3yxt1Y0bK	The Fray	['neo mellow', 'piano rock', 'pop', 'pop rock']	[2017]	1	0
1Ymky4GOgYA1NI96FCY8yE	Jemaine Clement	[]	[2017]	1	0
3TOqt5oJwL9BE2NG9MEwDa	Disturbed	['alternative metal', 'nu metal', 'rap metal', 'rock']	[2017]	1	0
2WoVwexZuODvclzULjPQtm	Sampha	['alternative r&b', 'indie soul']	[2017]	1	1
1b4DN8Vj0dnj5cceMFsRYN	Dante Klein	['deep tropical house', 'dutch house', 'pop edm']	[2017]	1	1
7r8RF1tN2A4CiGEplkp1oP	Ginuwine	['contemporary r&b', 'hip pop', 'r&b', 'urban contemporary']	[2017]	1	0
6kG0WKHsAOfWp5IsizmQxR	SACHI	['nz electronic', 'nz pop']	[2017]	1	1
5H9Gv8Ld3MwtWDm832KCAo	NÏKA	[]	[2017]	1	1
4N874uPqBka1QiCvnCVOtr	Phoebe Ryan	['alt z', 'indie poptimism']	[2017]	1	1
23sYU61n9f1CzYi8NJhAXS	Towkio	['chicago rap']	[2017]	1	1
7H55rcKCfwqkyDFH9wpKM6	Christina Perri	['pop']	[2017]	1	0
4F84IBURUo98rz4r61KF70	The White Stripes	['alternative rock', 'blues rock', 'detroit rock', 'garage rock', 'modern blues rock', 'permanent wave', 'punk blues', 'rock']	[2017]	1	0
3XxxEq6BREC57nCWXbQZ7o	Jamie Cullum	['contemporary vocal jazz', 'jazz pop', 'neo mellow']	[2017]	1	0
5MouCg6ta7zAxsfMEbc1uh	OMI	['reggae fusion']	[2017]	1	1
4VivsO1n4n2Mi2Btyb5gfL	Cosmo's Midnight	['australian dance', 'indie dream pop', 'indie soul']	[2017]	1	0
2hiq2iBnUik3mrOfEgRSpB	carolesdaughter	['alt z', 'pov: indie']	[2021]	1	0
26cMerAxjx9GedFt0lMDjm	Bella Poarch	['modern alternative pop']	[2021]	1	0
6vHBuUxrcpn1do5UaEJ7g6	Domo Genesis	['alternative hip hop', 'underground hip hop']	[2021]	1	1
22wbnEMDvgVIAGdFeek6ET	Benson Boone	['singer-songwriter pop']	[2021, 2022]	1	0
6TLwD7HPWuiOzvXEa3oCNe	Oliver Tree	['alternative hip hop']	[2021, 2022]	1	0
5r1bdqzhgRoHC3YcCV6N5a	The Darkness	['glam metal', 'hard rock']	[2021]	1	0
01Gj5Tpdz9igIh1uqH8bvu	Lisi	['aussie drill', 'brisbane hip hop']	[2021, 2022]	1	1
3PGCyZIys0x2FPBa9BTkXx	EJ	[]	[2021, 2022]	1	1
0ZIsSbITkFUvYOwEMN9C0Z	NELZ	[]	[2021]	1	1
35cl5sAXud1Va52U0hyNWK	NOLA	[]	[2021]	1	1
57AKOY1SF1062tuVzgAPv8	The Waitresses	['new wave pop']	[2021]	1	0
6UBA15slIuadJ8h2lPRPos	Tech N9ne	['kansas city hip hop']	[2021]	1	1
1A8NEJYo3VW9aIZ6l55Dgu	Joey Cool	['kansas city hip hop']	[2021]	1	1
7vTyZmNA6LC0WRDg7V6yle	King Iso	[]	[2021]	1	1
2AsusXITU8P25dlRNhcAbG	Gotye	['australian pop']	[2021]	1	1
6hk7Yq1DU9QcCCrz9uc0Ti	Kimbra	['bergen indie', 'electropop', 'nz pop']	[2021]	1	1
1tM4ox3QsSpl3R2VwLjJ47	Larissa Lambert	['chill r&b']	[2021]	1	0
6uFHaKpvZU2vPGs4IqqdvV	Henny x Zinny	[]	[2021]	1	0
1n1LwioOKovaGd1aqATZ6S	Rob Ruha	['waiata maori']	[2021, 2022]	1	1
0vFwy0tIUteS697qK1YtGZ	Ka Hao	['waiata maori']	[2021, 2022]	1	1
4yJHrytMK7mqtKsXVGaBNg	Fana Hues	['alternative r&b', 'indie r&b']	[2021]	1	1
7bPU7cvfoD20ixGD9Qnqki	Stealers Wheel	['folk rock']	[2021, 2022]	1	0
3fCQnw6VSudXBTN5d2QP2z	Gary Lightbody	['british singer-songwriter']	[2021]	1	1
2WgfkM8S11vg4kxLgDY3F5	StarBoi3	['viral rap']	[2021]	1	1
7jZM5w05mGhw6wTB1okhD9	ATB	['german dance', 'german techno', 'german trance', 'trance']	[2021]	1	1
2SJhf6rTOU53g8yBdAjPby	SoFaygo	['glitchcore', 'plugg', 'rage rap']	[2021]	1	1
3WrFJ7ztbogyGnTHbHJFl2	The Beatles	['beatlesque', 'british invasion', 'classic rock', 'merseybeat', 'psychedelic rock', 'rock']	[2021]	1	0
6c4sUNBgdonFJz8Kx2VsGz	Madcon	['norwegian hip hop']	[2021]	1	0
6zlR5ttMfMNmwf2lecU9Cc	Sam Fender	['modern rock', 'north east england indie']	[2021]	1	0
4NqH3V7GS0Igs1VyGMXEi8	Mooski	['alabama rap']	[2021]	1	0
3iRQU5nfA9uLRPgmXXhbCy	Swiss	['nz reggae', 'pacific islands pop', 'samoan pop']	[2021, 2022]	1	1
6oF8gXhgD5ZTQ0biyaw4Cm	Etana	['dancehall', 'lovers rock', 'modern reggae', 'roots reggae']	[2021, 2022]	1	1
71szvmFWd7TUa7b6XmXj9k	Emmy Meli	[]	[2021, 2022]	1	0
1LLc1LysYwIKPmcDVfrdMn	Reigan	['australian pop']	[2021]	1	1
44vREmJC0OlVZjZaGLqVEd	Morray	['pop rap']	[2021]	1	1
6QrQ7OrISRYIfS5mtacaw2	Jaymes Young	['indie poptimism']	[2021, 2022]	1	0
7iTLGcddv1bOPirdYJjKVy	Dj Yo!	[]	[2021]	1	1
5fUXK5m3BNwoRgTyKq8tnz	AX'EL	[]	[2021]	1	1
72Nhcx7prNk2ZCxhx0Y5es	Amy Grant	['christian music']	[2021]	1	0
64H8UqGLbJFHwKtGxiV8OP	THE ANXIETY	['modern alternative pop']	[2021, 2022]	1	1
1xoxekeb8jUVHKJB7m6bfg	Tyler Cole	['bedroom soul']	[2021, 2022]	1	1
6lay1nwbE6hTx1jivysUAL	Princess Nokia	['alternative r&b', 'escape room', 'lgbtq+ hip hop', 'trap queen']	[2021]	1	1
6mcrZQmgzFGRWf7C0SObou	Frankie Valli & The Four Seasons	['adult standards', 'bubblegum pop', 'doo-wop', 'lounge', 'northern soul', 'rock-and-roll', 'rockabilly']	[2021]	1	0
7pwufEBGfggjoI8twqlsmQ	Nessa Barrett	['social media pop']	[2021]	1	0
4np9Zzw0SEYQLcGv28P51q	TRAVI	[]	[2021]	1	1
46HzS7yz0c9udVwtbHk1sx	Cochise	['plugg', 'pluggnb', 'rage rap']	[2021]	1	1
53rBi3LpNcMJUTSANS6uYT	DAISY WORLD	[]	[2021]	1	1
7pqRrWbKf5yMxy79G3YdKc	Sydney Yungins	['aussie drill']	[2021]	1	0
3M9XAM57a4qFz3v6Lq27t2	Kellin Quinn	[]	[2021]	1	1
0X3nsc84A9qlFilmlWNwQb	Scorey	['upstate ny rap']	[2021]	1	1
0fGcIStdT1OpFFhOC7Wp36	Teezo Touchdown	['chill abstract hip hop', 'indie hip hop']	[2021]	1	1
4STmXOXUF3UieHU46NWLVt	Poppy Baskcomb	['uk dance']	[2021]	1	1
29qTQ8hGGr8QxXbVRaC7WC	Nesian Mystik	['nz hip hop', 'nz reggae', 'pacific islands pop']	[2021, 2022]	1	0
0tvpihdAsKiNnP6sWS3jUI	TroyBoi	['bass trap', 'electronic trap']	[2021]	1	1
4mLJ3XfOM5FPjSAWdQ2Jk7	Dr. Dog	['chamber pop', 'indie rock', 'modern folk rock', 'modern rock', 'philly indie', 'pov: indie', 'stomp and holler']	[2021]	1	0
1ViLuYdL1yATbOu4NDKedh	Kapulet	['australian r&b']	[2021]	1	1
1Cd373x8qzC7SNUg5IToqp	BoyWithUke	['sad rap']	[2021, 2022]	1	0
1r1uxoy19fzMxunt3ONAkG	Phoebe Bridgers	['indie pop', 'la indie', 'pov: indie']	[2021]	1	1
6aZyMrc4doVtZyKNilOmwu	Colbie Caillat	['dance pop', 'neo mellow', 'pop']	[2021]	1	1
3klZnJvYGIbWritVwQD434	Duncan Laurence	['dutch pop']	[2021]	1	0
1BEUkE2CSUgHTLSBMZdnFB	Mae Muller	['uk contemporary r&b', 'uk pop']	[2021, 2022]	1	1
6W32hq7OVgrNXNCEU4RgfD	Tamae	[]	[2021, 2022]	1	1
59HbaJ5E8ud7FNLGqUN1KH	Capella Grey	['pop rap']	[2021, 2022]	1	1
3Oim8XBPbznAa8Jj8QzNc8	Cults	['experimental pop', 'indie surf']	[2021]	1	1
4vpGVGgxSDcCTmqYbsOnsn	Amber Coffman	['art pop']	[2021]	1	1
2txHhyCwHjUEpJjWrEyqyX	Tom Odell	['chill pop']	[2021, 2022]	1	0
1gl0S9pS0Zw0qfa14rDD3D	Surf Curse	['dreamo', 'indie surf', 'pov: indie', 'surf punk', 'vegas indie']	[2021]	1	0
5lc3ISF4CNThZEtJ2N4ZH6	Kora	['nz reggae']	[2021, 2022]	1	0
1W7FNibLa0O0b572tB2w7t	Pink Sweat$	['bedroom soul']	[2021]	1	1
3kft86DbqCNr7rjq3pEj0G	Sarah Cothran	['gen z singer-songwriter']	[2021]	1	0
6Xz6ZnGZZ1KKct4jTyKKZv	SwitchOTR	['chill drill', 'melodic drill']	[2021, 2022]	1	1
1WO1hFAkFbeo9tV3uVX7Dy	A1 x J1	['chill drill', 'melodic drill']	[2021, 2022]	1	1
1FtBEIWAwvw5ymBen5GICR	Chlöe	[]	[2021]	1	0
4pnp4w9g30yLfVIAFnZMRd	ACRAZE	['pop dance', 'tech house']	[2021, 2022]	1	1
1c70yCa8sRgIiQxl3HOEFo	Cherish	['atl hip hop', 'girl group', 'hip pop', 'r&b', 'southern hip hop', 'urban contemporary']	[2021, 2022]	1	1
7f5Zgnp2spUuuzKplmRkt7	Lost Frequencies	['belgian edm', 'edm', 'pop dance', 'tropical house']	[2021, 2022]	1	1
1FqqOl9itIUpXr4jZPIVoT	The Drifters	['adult standards', 'doo-wop', 'rock-and-roll', 'rockabilly', 'soul']	[2021]	1	0
6QMABvTzixnxzsLYyhqRxI	Majestic	['uk dance']	[2021]	1	1
41U5QueLMyYyJ3Hoe4kKX4	Gurrumul	['australian indigenous']	[2021]	1	1
49HlOY4gkHqsYG9GCuhkcc	Celeste	['british soul']	[2021]	1	0
5oNgAs7j5XcBMzWv3HAnHG	DJ Drama	['dirty south rap', 'philly rap', 'southern hip hop', 'trap']	[2021]	1	1
7Lk9V7E1u5gqSHmtcKlOqH	Sara Kays	['alt z', 'gen z singer-songwriter', 'modern indie pop']	[2021]	1	0
7s3eCGNZMrwUQraXlocCBv	Bizzy Banks	['brooklyn drill', 'new york drill']	[2021]	1	1
7Lij2ZLJJQOfGojVR3Wmqa	Anthony B	['dancehall', 'lovers rock', 'modern reggae', 'reggae', 'roots reggae']	[2021]	1	1
36fJ2Mx3ktclhSlBbsUbFY	Massive B	['jamaican dancehall']	[2021]	1	1
2ye2Wgw4gimLv2eAKyk1NB	Metallica	['hard rock', 'metal', 'old school thrash', 'rock', 'thrash metal']	[2021]	1	0
6vVztIuqdDHvYWxOEXCzjN	SALES	['indie pop', 'orlando indie']	[2021]	1	0
2rf0ufpy1NIUGmEHqq27GC	Lee Mvtthews	['nz dnb', 'nz pop']	[2021, 2022]	1	1
5V4k12TCud24oll7XIoOnt	NÜ	[]	[2021, 2022]	1	1
39af15p0feaAOdL9DTRj3m	JT	[]	[2021]	1	1
4FeLiFUPdxVfFo8oOfA4BH	Rah Swish	['brooklyn drill', 'new york drill', 'nyc rap']	[2021]	1	1
2kCO8LXN1usaOPL3iEE28I	Tai Verdes	['modern indie pop', 'singer-songwriter pop']	[2021, 2022]	1	0
0qmDXiQHxN2ErIEJ0ShYoD	PAUA	['pacific islands pop']	[2021]	1	0
2y8Jo9CKhJvtfeKOsYzRdT	Rod Stewart	['mellow gold', 'soft rock']	[2021]	1	1
3eFo5fMv53RYZBYlvT5Z6a	Chris Botti	['jazz trumpet', 'smooth jazz']	[2021]	1	1
6jeg7JBX9J9097esK752iR	Smiley	['canadian hip hop', 'toronto rap']	[2021]	1	1
4qWnlmXWuGv2TtuxtIWlJX	BANNERS	['indie poptimism']	[2021]	1	0
1h6Cn3P4NGzXbaXidqURXs	Swedish House Mafia	['edm', 'pop dance', 'progressive electro house']	[2021, 2022]	1	1
42daDEQTdYaqtHG5sH5HMD	Celina Sharma	[]	[2021, 2022]	1	1
2vnB6tuQMaQpORiRdvXF9H	Beach Bunny	['bubblegrunge', 'chicago indie', 'indie pop', 'pov: indie']	[2021]	1	0
08Ld63UgKrJ0nZnCkzHtzc	Project Pat	['crunk', 'dirty south rap', 'gangster rap', 'memphis hip hop', 'trap']	[2021, 2022]	1	1
4wP1kxjUsc9IR4Iy2smL7o	Trinidad Cardona	['sped up']	[2021]	1	0
0ksX396B3t2Gt8kwr0BJZk	Fumez The Engineer	['melodic drill', 'uk drill', 'uk hip hop', 'uk melodic rap']	[2021]	1	1
25A5LqeSK0yH4ks5fGxbI2	Sava	[]	[2021]	1	1
3AFt30387waHIjjDL63XeI	OTP	['melodic drill']	[2021]	1	1
6xNUn9epduXbZmCgsxutSx	BM X MINI	['uk drill']	[2021]	1	1
3nohf4qILMr5aUSOsolwxB	Jona Lewie	['new wave pop']	[2021]	1	0
7i9j813KFoSBMldGqlh2Z1	Riton	['house', 'pop dance', 'uk dance']	[2021, 2022]	1	1
1gALaWbNDnwS2ECV09sn2A	Nightcrawlers	['disco house', 'hip house', 'uk dance', 'vocal house']	[2021, 2022]	1	1
4L2dV3zY7RmkeiNO035Fi0	Mufasa & Hypeman	[]	[2021, 2022]	1	1
3Edve4VIATi0OZngclQlkN	Dopamine	[]	[2021, 2022]	1	1
12j6dJrPXanCBwY599pZxf	Matt Maltese	['indie anthem-folk', 'indie pop', 'pov: indie']	[2021]	1	0
0BKx4UjPvXVGY15u0xFbbi	JAY1	['uk hip hop']	[2021]	1	1
58ICshZ0AgBMNJiLHK3U8l	Deno	['uk hip hop']	[2021]	1	1
5nLYd9ST4Cnwy6NHaCxbj8	CeeLo Green	['atl hip hop']	[2021]	1	0
5SHxzwjek1Pipl1Yk11UHv	Tom Grennan	['uk pop']	[2021, 2022]	1	0
74V3dE1a51skRkdII8y2C6	André 3000	['atl hip hop', 'dirty south rap', 'hip hop', 'southern hip hop']	[2021]	1	1
2y246nnP9pQT0E6v3ZMMOO	Night Lovell	['aesthetic rap', 'canadian hip hop', 'canadian trap', 'cloud rap', 'dark trap', 'ottawa rap']	[2021]	1	1
4frXpPxQQZwbCu3eTGnZEw	Thundercat	['afrofuturism', 'indie soul']	[2021]	1	1
5K0rbdBrs2tNXe5LeWMATT	Bootsy Collins	['funk', 'p funk', 'soul']	[2021]	1	1
3MdXrJWsbVzdn6fe5JYkSQ	Latto	['trap queen']	[2021, 2022]	1	0
7gXy60xRcwYujBFoYHnR2O	Big Red Machine	['eau claire indie', 'folktronica']	[2021]	1	1
4qXC0i02bSFstECuXP2ZpL	Blxst	['pop rap', 'westcoast flow']	[2021, 2022]	1	1
0nCiidE5GgDrc5kWN3NZgZ	Emerson, Lake & Palmer	['album rock', 'art rock', 'blues rock', 'british blues', 'classic rock', 'folk rock', 'hard rock', 'mellow gold', 'progressive rock', 'singer-songwriter', 'soft rock', 'symphonic rock', 'synth prog']	[2021]	1	0
36KsCCwgI0Dep97yVJWmkK	Monsieur Periné	['colombian pop', 'gypsy jazz', 'latin alternative']	[2021]	1	1
2Otnykd696YidQYfEGVmNq	Vicente Garcia	['bachata', 'dominican pop', 'reggae en espanol']	[2021]	1	1
75VKfyoBlkmrJFDqo1o2VY	Fireboy DML	['afrobeats', 'nigerian pop']	[2021]	1	1
2TcGJdSOiOvITBzhvfX8XB	Shouse	['aussietronica']	[2021]	1	0
1XynjLPAyPi8SZAx8LHN0Z	Nuka	[]	[2021]	1	1
5F1aAS1duwlzExnPs3l2Xe	Pooh Shiesty	['memphis hip hop', 'tennessee hip hop', 'trap']	[2021]	1	1
29PgYEggDV3cDP9QYTogwv	Carolina Gaitán - La Gaita	['movie tunes']	[2021, 2022]	1	1
36CUTsdtNgCwMq6zKD1l8I	Mauro Castillo	['modern salsa', 'movie tunes', 'salsa colombiana']	[2021, 2022]	1	1
72kqSqk124Vnl1wtT6q9Fh	Adassa	['movie tunes']	[2021, 2022]	1	1
2as15AH2BTrPk8v4gyElmr	Rhenzy Feliz	[]	[2021, 2022]	1	1
1MW1wqNtF2hNgsPfGDhrHB	Catching Cairo	['uk contemporary r&b']	[2021]	1	1
4PcesEvU9iICf7dwNt5B3l	Justus Bennetts	['gen z singer-songwriter']	[2021]	1	0
0sMAHzxguan2KpnKFZPW2d	Sadie Jean	['alt z', 'singer-songwriter pop']	[2021]	1	0
15ZjD8Gus20Miqw3fdOaXX	Stunna Gambino	['nyc rap']	[2021]	1	1
2UulPuuEMAeXRx2qJbYJPD	Holiday Players	[]	[2021]	1	0
4IJczjB0fJ04gs4uvP0Fli	Gym Class Heroes	['dance pop', 'pop rap']	[2021]	1	0
7iByFcncYwzUOf7dPPF9JK	Bina Butta	['samoan pop']	[2021, 2022]	1	1
3igAFhxWKhbkKOsPtJVzn5	Kennyon Brown	['slow game']	[2021, 2022]	1	1
7jZMxhsB8djyIbYmoiJSTs	Kiana Ledé	['r&b']	[2021]	1	1
6FaLegXtqjGZBH5VFrOlwG	Ktlyn	[]	[2022]	1	1
2Go6wC0GsnkVeRoVwh8rqX	Olga Merediz	[]	[2022]	1	1
0FtsMKmZEq8fBWqdSOWtqp	03 Greedo	['cali rap', 'melodic rap']	[2022]	1	0
1NRzxuPpdGushT8YmF5NAa	Edison Lighthouse	[]	[2022]	1	0
6IJaUfq4P3Zjifp4YIJ8oG	HAZEY	['charva', 'scouse rap']	[2022]	1	0
23xqmJEN3oVxwzqtNIyR5m	AnnenMayKantereit	['cologne indie', 'german singer-songwriter']	[2022]	1	1
5wD0owYApRtYmjPWavWKvb	Giant Rooks	[]	[2022]	1	1
1KiNUGL3r0GgyLwqYCY1yV	Kanine	['bass house', 'uk dnb']	[2022]	1	1
4DWuml4Jf6K81b5rAPwMb6	Clementine Douglas	[]	[2022]	1	1
0oO1IaDOBSeI96HbnCa5pZ	Solardo	['house', 'tech house', 'uk dance']	[2022]	1	1
5lVNSw2GPci8kebrAQpZqU	Eli Brown	['house', 'tech house', 'uk dance']	[2022]	1	1
69UmThngo84p8zzyAAMkGB	YP	['aussie drill']	[2022]	1	1
5Matrg5du62bXwer29cU5T	Benny The Butcher	['alternative hip hop', 'boom bap', 'buffalo hip hop', 'hip hop', 'upstate ny rap']	[2022]	1	1
3Mcii5XWf6E0lrY3Uky4cA	Ice Cube	['conscious hip hop', 'g funk', 'gangster rap', 'hip hop', 'rap', 'west coast rap']	[2022]	1	0
0SwO7SWeDHJijQ3XNS7xEE	MGMT	['alternative rock', 'indie rock', 'indietronica', 'modern rock', 'rock']	[2022]	1	1
57dN52uHvrHOxijzpIgu3E	Ratatat	['indietronica']	[2022]	1	1
5A7HNCq6t0xNDOjZIUZDRk	YV	[]	[2022]	1	1
13GA8qxVLDZs0oh1zZ872C	GoldSkull	[]	[2022]	1	0
2WzaAvm2bBCf4pEhyuDgCY	Ruth B.	['alt z', 'canadian contemporary r&b', 'canadian pop', 'pop']	[2022]	1	0
006j2rer9tZJCYniu7SaWS	Peach PRC	['alt z']	[2022]	1	0
7tjbDPvrdvDshcpEMXKRVb	Gerry Rafferty	['art rock', 'classic rock', 'folk rock', 'mellow gold', 'soft rock']	[2022]	1	0
5qnTE25tEuKnqAII9NT38u	Uru Whetu	['waiata maori']	[2022]	1	1
1gx5zahCj1icCa5cySofzr	Torere	[]	[2022]	1	1
2YSZN5IfZh9KE6ADxYO3ED	Te Aroha	[]	[2022]	1	1
7o2ZQYM7nTsaVdkXY38UAA	Em Beihold	['alt z', 'gen z singer-songwriter']	[2022]	1	0
7cYEt1pqMgXJdq00hAwVpT	Chase Atlantic	['alternative r&b']	[2022]	1	0
2W8yFh0Ga6Yf3jiayVxwkE	Dove Cameron	['pop']	[2022]	1	0
7tjVFCxJdwT4NdrTmjyjQ6	Muni Long	['indie r&b']	[2022]	1	0
1lE6SEy8f84Zhjvp7r8yTD	Syleena Johnson	['contemporary r&b', 'neo soul', 'r&b', 'urban contemporary']	[2022]	1	1
2rAnv6brcXaglLZBB4XXEn	Nigo	[]	[2022]	1	1
67lytN32YpUxiSeWlKfHJ3	Yung Lean	['cloud rap', 'psychedelic hip hop', 'underground hip hop']	[2022]	1	0
5J8UACGRZtDb4WdOzo9YJN	MAY-A	['australian alternative pop']	[2022]	1	1
04uu8U3I1h26Fp2NBkPTRZ	Sam Tompkins	['singer-songwriter pop']	[2022]	1	1
2jp3Fk52x0HbymU0lNYbSC	Outlawz	['detroit hip hop', 'gangster rap']	[2022]	1	1
2lJ6K4PTrrweXhRiqh1CZE	SUPER-Hi	[]	[2022]	1	1
1JPZHb1qziDJ05n0a1OvfW	NEEKA	[]	[2022]	1	1
23qIXweNPJuk0LyepJSDbJ	SWIDT	['nz gangsta rap', 'nz hip hop', 'polynesian hip hop']	[2022]	1	1
6XBe77lygQAmgBFb6MGzpD	Lomez Brown	['pacific islands pop']	[2022]	1	1
3GMoVpWJy4smKuxFuFTwXC	Roger	['funk', 'new jack swing', 'p funk', 'post-disco', 'quiet storm']	[2022]	1	1
