artist_id	name	genres	years_on_charts	num_hits	num_collab_hits
1i8SpTcr7yvPOmcqrbnVXY	Ozuna	['puerto rican pop', 'reggaeton', 'trap latino', 'urbano latino']	[2017, 2018, 2019, 2020, 2021, 2022]	189	148
4q3ewBCX7sLwd24euuV69X	Bad Bunny	['reggaeton', 'trap latino', 'urbano latino']	[2017, 2018, 2019, 2020, 2021, 2022]	170	116
1vyhD5VmyZ7KMfW5gqLgo5	J Balvin	['reggaeton', 'reggaeton colombiano', 'trap latino', 'urbano latino']	[2017, 2018, 2019, 2020, 2021, 2022]	159	127
2R21vXR83lH98kGeO99Y66	Anuel AA	['reggaeton', 'reggaeton flow', 'trap boricua', 'trap latino', 'urbano latino']	[2017, 2018, 2019, 2020, 2021, 2022]	138	105
7iK8PXO48WeuP03g8YR51W	Myke Towers	['reggaeton', 'trap latino', 'urbano latino']	[2018, 2019, 2020, 2021, 2022]	132	94
1mcTU81TzQhprhouKaTkpq	Rauw Alejandro	['puerto rican pop', 'reggaeton', 'trap latino', 'urbano latino']	[2018, 2019, 2020, 2021, 2022]	118	87
5TYxZTjIPqKM8K8NuP9woO	C. Tangana	['urbano espanol']	[2017, 2018, 2019, 2020, 2021, 2022]	97	67
1r4hJ1h58CWwUQe3MxPuau	Maluma	['latin pop', 'reggaeton', 'reggaeton colombiano', 'urbano latino']	[2017, 2018, 2019, 2020, 2021, 2022]	88	69
7eLcDZDYHXZCebtQmVFL25	Aitana	['latin talent show', 'spanish pop']	[2017, 2018, 2019, 2020, 2021, 2022]	86	43
329e4yvIujISKGKz1BZZbO	Farruko	['reggaeton', 'trap latino', 'urbano latino']	[2017, 2018, 2019, 2020, 2021, 2022]	85	79
14zUHaJZo1mnYtn6IBRaRP	Justin Quiles	['reggaeton', 'trap latino', 'urbano latino']	[2017, 2018, 2019, 2020, 2021, 2022]	84	74
1SupJlEpv7RS2tPNRaHViT	Nicky Jam	['latin hip hop', 'reggaeton', 'trap latino', 'urbano latino']	[2017, 2018, 2019, 2020, 2021, 2022]	82	78
77ziqFxp5gaInVrF2lj4ht	Sech	['panamanian pop', 'reggaeton', 'trap latino', 'urbano latino']	[2017, 2019, 2020, 2021, 2022]	76	63
4VMYDCV2IEDYJArk749S6m	Daddy Yankee	['latin hip hop', 'reggaeton', 'trap latino', 'urbano latino']	[2017, 2018, 2019, 2020, 2021, 2022]	73	61
07YUOmWljBTXwIseAUd9TW	Sebastian Yatra	['colombian pop', 'latin pop', 'reggaeton', 'reggaeton colombiano', 'urbano latino']	[2017, 2018, 2019, 2020, 2021, 2022]	69	49
66CXWjxzNUsdJxJ2JdwvnR	Ariana Grande	['pop']	[2017, 2018, 2019, 2020, 2021]	65	22
3TVXtAsR1Inumwj472S9r4	Drake	['canadian hip hop', 'canadian pop', 'hip hop', 'rap', 'toronto rap']	[2017, 2018, 2019, 2020, 2021]	64	28
2IMZYfNi21MGqxopj9fWx8	Rels B	['r&b en espanol', 'spanish hip hop', 'trap latino', 'urbano espanol', 'urbano latino']	[2017, 2018, 2019, 2020, 2021, 2022]	62	20
1bAftSH8umNcGZ0uyV7LMg	Duki	['argentine hip hop', 'trap argentino', 'trap latino', 'trap triste', 'urbano latino']	[2017, 2018, 2019, 2020, 2021, 2022]	59	42
5M9Bb4adKAgrOFOhc05Y50	Pablo Alborán	['latin arena pop', 'latin pop', 'spanish pop']	[2017, 2018, 2019, 2020, 2021, 2022]	57	17
4SsVbpTthjScTS7U2hmr1X	Arcángel	['latin hip hop', 'reggaeton', 'trap latino', 'urbano latino']	[2017, 2018, 2019, 2020, 2021, 2022]	57	56
790FomKkXshlbRYZFtlgla	KAROL G	['reggaeton', 'reggaeton colombiano', 'trap latino', 'urbano latino']	[2017, 2018, 2019, 2020, 2021, 2022]	57	43
0ZHPrnImGh4re3TbSNkoZl	Beret	['spanish hip hop', 'spanish pop']	[2017, 2018, 2019, 2020, 2021, 2022]	55	16
4az97MtWmBQ5Db3GfDh9j9	Morad	['drill espanol', 'urbano espanol']	[2019, 2020, 2021, 2022]	53	21
3E6xrwgnVfYCrCs0ePERDz	Wisin	['reggaeton', 'urbano latino']	[2017, 2018, 2019, 2020, 2021, 2022]	53	51
1WLEfsQjvgtFSGkrHonzFX	Amaia	['latin talent show', 'tontipop']	[2017, 2018, 2019, 2020, 2021, 2022]	52	20
6eUKZXaKkcviH0Ku9w2n3V	Ed Sheeran	['pop', 'singer-songwriter pop', 'uk pop']	[2017, 2018, 2019, 2020, 2021, 2022]	51	19
5XJDexmWFLWOkjOEjOVX3e	Eladio Carrion	['trap boricua', 'trap latino', 'trap triste', 'urbano latino']	[2019, 2020, 2021, 2022]	51	33
1Xyo4u8uXC1ZmMpatF05PJ	The Weeknd	['canadian contemporary r&b', 'canadian pop', 'pop']	[2017, 2018, 2019, 2020, 2021, 2022]	50	20
06HL4z0CvFAxyc27GXpf02	Taylor Swift	['pop']	[2017, 2018, 2019, 2020, 2021, 2022]	50	7
1QJbbsxg2wqidJj51d3otw	Natos y Waor	['rap underground espanol', 'spanish hip hop', 'urbano espanol']	[2017, 2018, 2019, 2020, 2021, 2022]	49	34
0tmwSHipWxN12fsoLcFU3B	Manuel Turizo	['colombian pop', 'reggaeton', 'reggaeton colombiano', 'trap latino', 'urbano latino']	[2017, 2018, 2019, 2020, 2021, 2022]	49	41
6nVcHLIgY5pE2YCl8ubca1	Jhayco	['reggaeton', 'trap latino', 'urbano latino']	[2019, 2020, 2021, 2022]	49	37
1ackd5XprZEkH3McKbQD51	Juan Magán	['electro latino', 'spanish pop']	[2017, 2018, 2019, 2020, 2021]	48	44
1GDbiv3spRmZ1XdM1jQbT7	NATTI NATASHA	['latin pop', 'rap latina', 'reggaeton', 'urbano latino']	[2017, 2018, 2019, 2020, 2021, 2022]	46	39
0eHQ9o50hj6ZDNBt6Ys1sD	Yandel	['latin hip hop', 'reggaeton', 'trap latino', 'urbano latino']	[2017, 2018, 2019, 2020, 2021]	45	42
1EXjXQpDx2pROygh8zvHs4	Melendi	['spanish pop', 'spanish pop rock']	[2017, 2018, 2019, 2020, 2021, 2022]	43	16
716NhGYqD1jl2wI1Qkgq36	Bizarrap	['argentine hip hop', 'pop venezolano', 'trap argentino', 'trap latino', 'urbano latino']	[2019, 2020, 2021, 2022]	43	43
3bvfu2KAve4lPHrhEFDZna	Lola Indigo	['spanish pop']	[2018, 2019, 2020, 2021, 2022]	42	27
21451j1KhjAiaYKflxBjr1	Zion & Lennox	['reggaeton', 'urbano latino']	[2017, 2018, 2019, 2020, 2021, 2022]	42	38
4nDoRrQiYLoBzwC5BhVJzF	Camila Cabello	['dance pop', 'pop']	[2017, 2018, 2019, 2020, 2021, 2022]	42	23
7ltDVBr6mKbRvohxheJ9h1	ROSALÍA	['pop', 'r&b en espanol']	[2017, 2018, 2019, 2020, 2021, 2022]	42	17
1uNFoZAHBGtllmzznpCI3s	Justin Bieber	['canadian pop', 'pop']	[2017, 2018, 2019, 2020, 2021, 2022]	42	30
4obzFoKoKRHIphyHzJ35G3	Becky G	['latin pop', 'latin viral pop', 'rap latina', 'reggaeton', 'urbano latino']	[2017, 2018, 2019, 2020, 2021, 2022]	41	36
3Zs59sqZJ6fWQqWbRC8bOP	Natalia Lacunza	['latin talent show']	[2018, 2019, 2020, 2021, 2022]	41	18
5C4PDR4LnhZTbVnKWXuDKD	Morat	['colombian pop']	[2017, 2018, 2019, 2020, 2021, 2022]	41	21
1TtXnWcUs0FCkaZDPGYHdf	Darell	['latin hip hop', 'reggaeton', 'trap latino', 'urbano latino']	[2018, 2019, 2020, 2021, 2022]	40	39
0KPX4Ucy9dk82uj4GpKesn	Dalex	['r&b en espanol', 'reggaeton', 'trap latino', 'urbano latino']	[2019, 2020, 2021, 2022]	40	37
6M2wZ9GZgrQXHCFfjv46we	Dua Lipa	['dance pop', 'pop', 'uk pop']	[2017, 2018, 2019, 2020, 2021, 2022]	40	18
1pQWsZQehhS4wavwh7Fnxd	Lenny Tavárez	['reggaeton', 'trap argentino', 'trap latino', 'urbano latino']	[2018, 2019, 2020, 2021, 2022]	40	39
6qqNVTkY8uBg9cP3Jd7DAH	Billie Eilish	['art pop', 'electropop', 'pop']	[2018, 2019, 2020, 2021]	39	5
0VZrPa7mWAYXH4CwmYk8Km	Kidd Keo	['drill espanol', 'trap latino', 'trap triste', 'urbano espanol', 'urbano latino']	[2017, 2018, 2019, 2020, 2021, 2022]	38	13
4bWHA8fMNjzfGPQqnh5D6y	Recycled J	['spanish hip hop', 'urbano espanol']	[2017, 2018, 2019, 2020, 2021, 2022]	38	35
53XhwfbYqKCa1cC15pYq2q	Imagine Dragons	['modern rock', 'pop', 'rock']	[2017, 2018, 2019, 2020, 2021, 2022]	38	5
6w9ToX5slZ4uIdmD17hJ3c	Bryant Myers	['reggaeton', 'reggaeton flow', 'trap latino', 'urbano latino']	[2017, 2018, 2019, 2020, 2021, 2022]	37	28
47MpMsUfWtgyIIBEFOr4FE	Lunay	['reggaeton', 'reggaeton flow', 'trap latino', 'urbano latino']	[2018, 2019, 2020, 2021, 2022]	37	32
5Hsv8dUHHOdnn72q4XIVz7	Leiva	['cantautor', 'latin arena pop', 'spanish pop', 'spanish rock']	[2017, 2018, 2019, 2020, 2021, 2022]	36	12
4bJh7sMPcVRiqe5jlnsWQV	DELLAFUENTE	['flamenco urbano', 'urbano espanol']	[2017, 2018, 2019, 2020, 2021]	36	15
28gNT5KBp7IjEOQoevXf9N	Camilo	['colombian pop', 'latin pop', 'reggaeton colombiano']	[2018, 2019, 2020, 2021, 2022]	36	25
3lY9Fxceu60W1rbon7PkuF	Omar Montes	['flamenco urbano', 'urbano espanol']	[2019, 2020, 2021, 2022]	35	34
0CQgFG7XHyXRpSi24kl0cx	Alfred García	['latin talent show', 'spanish pop']	[2017, 2018, 2019]	35	14
3MRynBsyLGzv3IQ9Fip6hO	Ana Guerra	['latin pop', 'latin talent show', 'spanish pop']	[2017, 2018, 2019, 2020]	34	13
246dkjvS1zLTtiykXe5h60	Post Malone	['dfw rap', 'melodic rap', 'pop', 'rap']	[2017, 2018, 2019, 2020, 2021]	33	19
2CCgb0KApjfQDuTppovpf8	Rvfv	['drill espanol', 'flamenco urbano', 'urbano espanol', 'urbano latino']	[2019, 2020, 2021, 2022]	32	26
6LuN9FCkKOj5PcnpouEgny	Khalid	['pop', 'pop r&b']	[2017, 2018, 2019, 2020, 2021]	31	24
4mkCQKEe89EI0kn0Q7tMyK	Alba Reche	['latin talent show', 'latin viral pop']	[2018, 2019, 2020]	31	11
2hahtdJusGYC77DKod4qfB	Miki Núñez	['latin talent show', 'reggae catala']	[2018, 2019, 2020]	30	12
5Ypafuz95Xk09YDf4tgAvU	Ayax y Prok	['rap politico', 'spanish hip hop', 'urbano espanol']	[2018, 2019, 2020, 2021, 2022]	30	22
5AMBCoLbNgVCbA3XYMRlks	Cepeda	['latin talent show', 'spanish pop']	[2017, 2018, 2019, 2020, 2021]	29	6
3EiLUeyEcA6fbRPSHkG5kb	De La Ghetto	['reggaeton', 'reggaeton flow', 'trap latino', 'urbano latino']	[2017, 2018, 2019, 2020, 2021, 2022]	29	29
2LRoIwlKmHjgvigdNGBHNo	Feid	['colombian pop', 'pop reggaeton', 'reggaeton colombiano', 'trap latino', 'urbano latino']	[2017, 2019, 2020, 2021, 2022]	29	25
3Nrfpe0tUJi4K4DXYWgMUX	BTS	['k-pop', 'k-pop boy group', 'pop']	[2017, 2018, 2019, 2020, 2021, 2022]	28	6
4F4pp8NUW08JuXwnoxglpN	Bad Gyal	['neoperreo', 'rap catala', 'rap latina', 'trap catala', 'urbano espanol']	[2017, 2018, 2019, 2020, 2021, 2022]	28	17
7n2wHs1TKAczGzO7Dd2rGr	Shawn Mendes	['canadian pop', 'pop', 'viral pop']	[2017, 2018, 2019, 2020, 2021, 2022]	28	11
4V8Sr092TqfHkfAA5fXXqG	Luis Fonsi	['latin pop', 'puerto rican pop']	[2017, 2018, 2019, 2020, 2021, 2022]	28	25
0C8ZW7ezQVs4URX5aX7Kqx	Selena Gomez	['pop', 'post-teen pop']	[2017, 2018, 2019, 2020, 2021]	28	17
3E3qsTzCvTX13A1Zrw7Wnf	Miriam Rodríguez	['latin talent show']	[2017, 2018, 2019, 2021]	28	8
0UWZUmn7sybxMCqrw9tGa7	Juanes	['colombian pop', 'latin pop', 'mexican pop', 'rock en espanol']	[2017, 2018, 2019, 2020]	27	18
6X8uzem5Dbl4l2so4CeexD	Nil Moliner	['spanish pop']	[2019, 2020, 2021, 2022]	27	12
0Y5tJX1MQlPlqiwlOH1tJY	Travis Scott	['hip hop', 'rap', 'slap house']	[2017, 2018, 2019, 2020, 2021]	27	16
7FNnA9vBm6EKceENgCGRMb	Anitta	['funk pop', 'funk rj', 'pagode baiano', 'pop', 'pop nacional']	[2017, 2018, 2019, 2020, 2021, 2022]	27	22
5DUlefCLzVRzNWaNURTFpK	Cali Y El Dandee	['colombian pop', 'electro latino', 'latin pop', 'reggaeton', 'reggaeton colombiano', 'trap latino', 'urbano latino']	[2017, 2018, 2019, 2020, 2021]	27	23
1Cs0zKBU1kc0i8ypK3B9ai	David Guetta	['big room', 'dance pop', 'edm', 'pop', 'pop dance']	[2017, 2018, 2019, 2020, 2021]	26	23
3vQ0GE3mI0dAaxIMYe5g7z	Paulo Londra	['argentine hip hop', 'trap argentino', 'trap latino', 'urbano latino']	[2018, 2019, 2020]	26	8
5sUrlPAHlS9NEirDB8SEbF	Alejandro Sanz	['cantautor', 'latin arena pop', 'latin pop', 'mexican pop']	[2017, 2018, 2019, 2020, 2021]	26	14
0EmeFodog0BfCgMzAIvKQp	Shakira	['colombian pop', 'dance pop', 'latin pop', 'pop']	[2017, 2018, 2019, 2020, 2021]	26	22
40Ippe6JeofRURQ4nbF8DT	Taburete	['spanish pop', 'spanish rock']	[2017, 2018, 2019, 2020, 2021, 2022]	26	6
00XhexlJEXQstHimpZN910	Brytiago	['reggaeton', 'trap latino', 'urbano latino']	[2017, 2018, 2019, 2020, 2021]	26	25
2x7PC78TmgqpEIjaGAZ0Oz	Trueno	['argentine hip hop', 'bases de freestyle', 'trap argentino', 'trap latino', 'urbano latino']	[2019, 2020, 2021, 2022]	26	23
5B6H1Dq77AV1LZWrbNsuH5	Jarabe De Palo	['latin alternative', 'latin rock', 'rock en espanol', 'spanish pop', 'spanish rock']	[2017, 2018, 2020, 2021]	26	4
5gOJTI4TusSENizxhcG7jB	David Bisbal	['latin arena pop', 'latin pop', 'spanish pop', 'spanish pop rock']	[2017, 2018, 2019, 2020, 2021, 2022]	25	21
7qAoXV4U0qDxQAUqhszjAA	Manuel Carrasco	['carnaval cadiz', 'pop flamenco', 'spanish pop']	[2017, 2018, 2019, 2020, 2021, 2022]	25	8
2ayNSoKPCRAfjp6hQ76hRu	Nacho	['latin pop', 'pop venezolano', 'reggaeton', 'trap latino', 'urbano latino']	[2017, 2018, 2019, 2020, 2021]	25	22
2oQX8QiMXOyuqbcZEFsZfm	El Alfa	['dembow', 'rap dominicano', 'reggaeton', 'trap latino', 'urbano latino']	[2018, 2019, 2020, 2021, 2022]	25	25
22dFwJoRBV51ue5TGnC7Dt	Beny Jr	['drill espanol']	[2020, 2021, 2022]	25	16
5kSJMVPcTITrSZxTrHllVN	Vanesa Martín	['latin arena pop', 'pop flamenco', 'spanish pop', 'spanish pop rock']	[2017, 2018, 2019, 2020, 2021]	24	10
15UsOTVnJzReFVN1VCnxy4	XXXTENTACION	['emo rap', 'miami hip hop']	[2017, 2018, 2019]	24	6
4m6ubhNsdwF4psNf3R8kwR	KHEA	['argentine hip hop', 'trap argentino', 'trap latino', 'trap triste', 'urbano latino']	[2017, 2018, 2019, 2020, 2021, 2022]	24	23
0jeYkqwckGJoHQhhXwgzk3	Cruz Cafuné	['rap canario', 'spanish hip hop', 'urbano espanol']	[2017, 2018, 2019, 2020, 2021, 2022]	24	11
1vCWHaC5f2uS3yhpwWbIA6	Avicii	['edm', 'pop', 'pop dance']	[2017, 2018, 2019, 2020]	23	10
4kYSro6naA4h99UJvo89HB	Cardi B	['pop', 'rap']	[2017, 2018, 2019, 2020]	23	21
1dbp04JzZ81JXlMGupCnJ8	Antonio José	['pop flamenco', 'spanish pop']	[2017, 2018, 2019, 2020, 2021]	23	9
5WUlDfRSoLAfcVSX1WnrxN	Sia	['australian dance', 'australian pop', 'pop']	[2017, 2018, 2019, 2020, 2021]	23	14
0vR2qb8m9WHeZ5ByCbimq2	Reik	['latin arena pop', 'latin pop', 'mexican pop', 'reggaeton']	[2017, 2018, 2019, 2020, 2021]	22	21
4uyqaioPEdClDxU6zvYlAZ	Pablo López	['spanish pop']	[2017, 2018, 2019, 2020]	22	11
0hCNtLu0JehylgoiP8L4Gh	Nicki Minaj	['hip pop', 'pop', 'queens hip hop', 'rap']	[2017, 2018, 2019, 2020, 2021, 2022]	22	21
0GM7qgcRCORpGnfcN2tCiB	Tainy	['pop reggaeton', 'reggaeton', 'trap latino', 'urbano latino']	[2018, 2019, 2020, 2021, 2022]	22	22
2urF8dgLVfDjunO0pcHUEe	Alvaro Soler	['latin pop']	[2017, 2018, 2019, 2020, 2021, 2022]	22	9
1HY2Jd0NmPuamShAr6KMms	Lady Gaga	['art pop', 'dance pop', 'pop']	[2017, 2018, 2019, 2020, 2021]	22	7
2cPqdH7XMvwaBJEVjheH8g	Jay Wheeler	['reggaeton', 'trap latino', 'urbano latino']	[2020, 2021, 2022]	22	20
4bw2Am3p9ji3mYsXNXtQcd	Piso 21	['colombian pop', 'latin pop', 'reggaeton', 'reggaeton colombiano', 'trap latino', 'urbano latino']	[2017, 2018, 2019, 2020, 2021]	21	17
5hdhHgpxyniooUiQVaPxQ0	Nio Garcia	['reggaeton', 'trap latino', 'urbano latino']	[2018, 2019, 2020, 2021, 2022]	21	20
6vPXtLmNd3mW0dd1Rb9eQ9	Don Patricio	['rap canario', 'urbano espanol']	[2019, 2020, 2021]	21	12
04gDigrS5kc9YWfZHwBETP	Maroon 5	['pop']	[2017, 2018, 2019, 2020, 2021]	21	16
1DxLCyH42yaHKGK3cl5bvG	Maria Becerra	['pop argentino']	[2020, 2021, 2022]	21	18
4gzpq5DPGxSnKTe4SA8HAU	Coldplay	['permanent wave', 'pop']	[2017, 2018, 2019, 2020, 2021, 2022]	20	6
2UZIAOlrnyZmyzt1nuXr9y	Nicki Nicole	['argentine hip hop', 'r&b argentino', 'trap argentino', 'trap latino', 'urbano latino']	[2019, 2020, 2021, 2022]	20	16
4d3kmfoZBTuUPSUjgP45uo	Lérica	['spanish pop']	[2017, 2019, 2020, 2021, 2022]	20	19
2wkoKEfS6dXwThbyTnZWFU	Mau y Ricky	['latin pop', 'pop venezolano', 'reggaeton', 'urbano latino']	[2017, 2018, 2019, 2020, 2021, 2022]	19	19
5soMpG6E6oApEiCZgrWeVz	Rozalén	['cantautor', 'spanish pop']	[2017, 2018, 2019, 2020, 2022]	19	11
2W9Bqi3EV1GXFkCOvE3oSE	Julia Medina	['latin talent show']	[2018, 2019]	19	9
1wZtkThiXbVNtj6hee6dz9	Wisin & Yandel	['electro latino', 'reggaeton', 'trap latino', 'urbano latino']	[2017, 2018, 2019, 2020, 2021]	19	17
5YGY8feqx7naU7z4HrwZM6	Miley Cyrus	['pop']	[2017, 2018, 2019, 2020, 2021]	19	7
6S2OmqARrzebs0tKUEyXyp	Demi Lovato	['pop', 'post-teen pop']	[2017, 2018, 2019, 2020]	19	11
64aJYyrXljOodnUG6jvhRD	DJ Luian	['reggaeton', 'reggaeton flow', 'trap latino', 'urbano latino']	[2017, 2018, 2019, 2020, 2021, 2022]	19	19
2t7vyRN71qtQT18frElAnV	Maikel Delacalle	['rap canario', 'trap latino', 'urbano espanol']	[2017, 2018, 2019, 2020, 2021]	19	13
12vb80Km0Ew53ABfJOepVz	Ñengo Flow	['reggaeton', 'trap latino', 'urbano latino']	[2017, 2018, 2019, 2020, 2021, 2022]	19	19
6J6yx1t3nwIDyPXk5xa7O8	Vetusta Morla	['latin rock', 'rock alternativo espanol', 'spanish indie pop', 'spanish rock']	[2017, 2018, 2020, 2021]	19	1
1GAymyGBvB4gQy5Z5LZ1Wj	Lalo Ebratt	['colombian hip hop', 'reggaeton', 'reggaeton colombiano', 'trap latino', 'urbano latino']	[2018, 2019, 2020, 2021]	18	18
5ZqnEfVdEGmoPxtELhN7ai	Estopa	['pop flamenco', 'rumba', 'spanish pop']	[2017, 2018, 2019, 2020, 2021, 2022]	18	4
2T1aUibqR2QC2sINIDQOAK	Mambo Kingz	['reggaeton', 'reggaeton flow', 'trap latino', 'urbano latino']	[2017, 2018, 2019, 2020, 2021, 2022]	18	18
33ScadVnbm2X8kkUqOkC6Z	Don Omar	['latin hip hop', 'puerto rican pop', 'reggaeton', 'trap latino', 'urbano latino']	[2017, 2018, 2019, 2020, 2021, 2022]	18	15
738wLrAtLtCtFOLvQBXOXp	Major Lazer	['dance pop', 'edm', 'electro house', 'moombahton', 'pop', 'pop dance']	[2017, 2018, 2019, 2020]	18	18
69GGBxA162lTqCwzJG5jLp	The Chainsmokers	['electropop', 'pop']	[2017, 2018, 2019]	18	10
3AIPhNgeF9S1Kyg9Yy3UQW	Dani Martín	['spanish pop', 'spanish pop rock']	[2017, 2018, 2019, 2020, 2021]	18	7
2hazSY4Ef3aB9ATXW7F5w3	IZAL	['spanish indie pop', 'spanish rock']	[2018, 2019, 2020, 2021]	18	0
4dpARuHxo51G3z768sgnrY	Adele	['british soul', 'pop', 'pop soul', 'uk pop']	[2017, 2018, 2021, 2022]	18	0
6B0tiYh9aXjEkmNp6LhGjk	Raya Real	['pop flamenco', 'rumba', 'sevillanas']	[2017, 2018, 2019, 2020, 2021]	17	0
00me4Ke1LsvMxt5kydlMyU	Cosculluela	['latin hip hop', 'reggaeton', 'trap latino', 'urbano latino']	[2017, 2018, 2019, 2020]	17	16
26VFTg2z8YR0cCuwLzESi2	Halsey	['electropop', 'etherpop', 'indie poptimism', 'pop']	[2017, 2018, 2019, 2020]	17	9
1nwjHzOUQZsNYX8xoWiGVC	Funzo & Baby Loud	['rap espanol', 'trap triste']	[2019, 2020, 2021, 2022]	17	2
6k8mwkKJKKjBILo7ypBspl	Ana Mena	['spanish pop']	[2017, 2018, 2019, 2020, 2021, 2022]	17	15
3RtNN1VnooWEn3KQk03DUL	Noriel	['reggaeton', 'trap latino', 'urbano latino']	[2017, 2018, 2019, 2020, 2021]	17	16
6KImCVD70vtIoJWnq6nGn3	Harry Styles	['pop']	[2017, 2018, 2019, 2020, 2021]	17	0
7jVv8c5Fj3E9VhNjxT4snq	Lil Nas X	['lgbtq+ hip hop']	[2019, 2020, 2021, 2022]	17	8
0eecdvMrqBftK0M1VKhaF4	CNCO	['boy band', 'latin pop', 'reggaeton', 'urbano latino']	[2017, 2018, 2019]	17	10
0VRj0yCOv2FXJNP47XQnx5	Quavo	['atl hip hop', 'melodic rap', 'rap', 'trap']	[2017, 2018, 2019, 2020]	17	17
5lwmRuXgjX8xIwlnauTZIP	Romeo Santos	['bachata', 'latin hip hop', 'latin pop', 'urbano latino']	[2017, 2018, 2019, 2020, 2021, 2022]	16	10
3TLGNOdp1UWYMnV5XG9HkR	Malú	['latin arena pop', 'latin pop', 'spanish pop', 'spanish pop rock']	[2017, 2018, 2019, 2020]	16	8
23fqKkggKUBHNkbKtXEls4	Kygo	['edm', 'pop', 'pop dance', 'tropical house']	[2017, 2018, 2019, 2020]	16	16
55e3PARQefUOrTPIDTbURW	Roi Méndez	['latin talent show']	[2017, 2018, 2019, 2021]	16	5
1Ts9of7VPZElwPQnqnDSfW	Lyanno	['reggaeton', 'trap boricua', 'trap latino', 'urbano latino']	[2018, 2019, 2020, 2021]	16	16
7dGJo4pcD2V6oG8kP0tJRR	Eminem	['detroit hip hop', 'hip hop', 'rap']	[2017, 2018, 2019, 2020, 2022]	16	11
6w3SkAHYPsQ1bxV7VDlG5y	Cazzu	['argentine hip hop', 'rap latina', 'reggaeton', 'trap argentino', 'trap latino', 'urbano latino']	[2017, 2018, 2019, 2020, 2021]	16	15
3MHaV05u0io8fQbZ2XPtlC	Prince Royce	['bachata', 'latin hip hop', 'latin pop', 'urbano latino']	[2017, 2018, 2019, 2020, 2021, 2022]	16	14
2LmcxBak1alK1bf7d1beTr	Juhn	['reggaeton', 'reggaeton flow', 'trap latino', 'urbano latino']	[2017, 2018, 2019, 2020, 2021, 2022]	16	16
7qG3b048QCHVRO5Pv1T5lw	Enrique Iglesias	['dance pop', 'latin pop', 'mexican pop']	[2017, 2018, 2019, 2020, 2021]	16	15
2KxjMGXFgX1vt9grpbD3xI	Dvicio	['latin arena pop', 'spanish pop']	[2017, 2018, 2019, 2020, 2021]	15	9
1ADdpen72RPuafRcv0YRBf	Antonio Orozco	['pop flamenco', 'spanish pop']	[2017, 2018, 2019, 2020, 2021, 2022]	15	8
0fM3rWsshliRFUmJlBP6QZ	El Barrio	['pop flamenco', 'rock andaluz', 'rumba', 'spanish pop']	[2017, 2018, 2019]	15	0
37230BxxYs9ksS7OkZw3IU	Chencho Corleone	['reggaeton flow', 'trap latino', 'urbano latino']	[2018, 2019, 2020, 2021, 2022]	15	15
3fZk3Gm5dN5v5yfYMQ04Bx	Dímelo Flow	['reggaeton', 'reggaeton flow', 'urbano latino']	[2019, 2020, 2021, 2022]	15	15
4vhNDa5ycK0ST968ek7kRr	Carlos Vives	['colombian pop', 'latin pop', 'vallenato']	[2017, 2018, 2019, 2020, 2021, 2022]	15	13
6jJ0s89eD6GaHleKKya26X	Katy Perry	['pop']	[2017, 2018, 2019, 2020]	15	11
540vIaP2JwjQb9dm3aArA4	DJ Snake	['edm', 'electronic trap', 'pop', 'pop dance']	[2017, 2018, 2019, 2020, 2021]	15	15
1dfeR4HaWDbWqFHLkxsg1d	Queen	['classic rock', 'glam rock', 'rock']	[2017, 2018, 2019, 2020, 2021]	15	1
41MozSoPIsD1dJM0CLPjZF	BLACKPINK	['k-pop', 'k-pop girl group', 'pop']	[2018, 2019, 2020]	15	6
7vXDAI8JwjW531ouMGbfcp	TINI	['latin pop', 'pop argentino']	[2017, 2018, 2019, 2020, 2021, 2022]	15	15
4aeIWo5CMF1uRmqgJdwkZW	Joaquín Sabina	['cantautor', 'spanish pop', 'trova']	[2017, 2019, 2020]	15	4
2dkbKcHXhN7ooFBdqAV76G	Nyno Vargas	['flamenco urbano', 'pop flamenco', 'spanish hip hop']	[2018, 2019, 2020, 2021, 2022]	15	13
7tYKF4w9nC0nq9CsPZTHyP	SZA	['pop', 'r&b', 'rap']	[2017, 2018, 2021, 2022]	15	15
2YZyLoL8N0Wb9xBt1NhZWg	Kendrick Lamar	['conscious hip hop', 'hip hop', 'rap', 'west coast rap']	[2017, 2018, 2020]	15	9
2wY79sveU1sp5g7SokKOiI	Sam Smith	['pop', 'uk pop']	[2017, 2018, 2019, 2020, 2021]	14	3
5Uox3n7m4W2CoM9MmHPJwQ	Delaossa	['boom bap espanol', 'rap canario', 'spanish hip hop', 'urbano espanol']	[2019, 2020, 2021, 2022]	14	11
11YLRSsZA3YVuQQtHXKTlz	Rafa Pabön	['reggaeton', 'reggaeton flow', 'urbano latino']	[2018, 2019, 2020, 2021, 2022]	14	12
4lHAjTCvXGu8QIM3cEe93m	Maka	['flamenco urbano', 'urbano espanol']	[2018, 2019, 2020, 2021]	14	9
1pgDilWYDWLoOgGjf1iHNu	Zion	['reggaeton', 'urbano latino']	[2017, 2018, 2019, 2020, 2021]	14	14
7CajNmpbOovFoOoasH2HaY	Calvin Harris	['dance pop', 'edm', 'electro house', 'house', 'pop', 'progressive house', 'uk dance']	[2017, 2018, 2019, 2020]	14	13
2cy1zPcrFcXAJTP0APWewL	Gente De Zona	['cubaton', 'electro latino', 'latin hip hop', 'latin pop']	[2017, 2018, 2019, 2020, 2022]	14	12
1McMsnEElThX1knmY4oliG	Olivia Rodrigo	['pop']	[2021, 2022]	14	0
5szJHKg5xeUlQ9pTqzdpic	Taiu	['trap argentino']	[2020, 2021, 2022]	14	14
0shHIQr8VamXbzM66kwGQo	TATOOL	[]	[2020, 2021, 2022]	14	14
0WjgLcpQBKfPGI1vziiqnt	Operación Triunfo 2018	['latin talent show', 'latin viral pop']	[2018]	14	0
1HBjj22wzbscIZ9sEb5dyf	Jonas Blue	['pop', 'pop dance', 'tropical house', 'uk dance']	[2017, 2018, 2019]	13	13
1fux65HMCBvfJHqlBc4Nno	Casper Magico	['reggaeton', 'reggaeton flow', 'trap latino', 'urbano latino']	[2018, 2019, 2020, 2021, 2022]	13	13
7sRtI3bMrrgSFkNs2jFHrl	María Escarmiento	['latin talent show']	[2018, 2019]	13	8
60d24wfXkVzDSfLS6hyCjZ	Martin Garrix	['dutch edm', 'edm', 'pop', 'pop dance', 'progressive house']	[2017, 2018, 2019]	13	12
1m9WPOccw8sizsVYUhSVjZ	Selecta	['urbano espanol']	[2018, 2019, 2020, 2021]	13	13
0CVOcYvRcSvOXyuR4YGKaC	Dani Fernández	['spanish pop']	[2018, 2019, 2020, 2021, 2022]	13	2
2bxxlINUlcMQQb39K7IopR	Abraham Mateo	['latin arena pop', 'latin pop', 'latin viral pop', 'reggaeton', 'spanish pop']	[2017, 2018, 2019, 2020]	13	11
78fi6hiTjEQH8KQLzDqVRg	Sabela	['latin talent show']	[2018, 2019]	13	7
2DlGxzQSjYe5N6G9nkYghR	Jennifer Lopez	['dance pop', 'pop', 'urban contemporary']	[2017, 2018, 2019, 2020, 2021]	13	11
0WL3SAUxkhHXHI9Euz5Szs	Famous Oberogo	['latin talent show']	[2018, 2019]	13	7
6XyY86QOPPrYVGvF9ch6wz	Linkin Park	['alternative metal', 'nu metal', 'post-grunge', 'rap metal', 'rock']	[2017]	13	3
43C3LVD6x8GLvputT34r6T	Steve Lean	['urbano espanol']	[2017, 2018, 2021]	13	13
7KfgG2lUixN1kil22lI4AV	Operación Triunfo 2017	['latin talent show', 'latin viral pop']	[2017, 2018]	13	0
7yY9PFsH3XzlhDqVGPsp43	Carlos Right	['latin talent show', 'latin viral pop']	[2018, 2019]	12	8
6FOpWOxsjQxKEbLiJpU1xV	India Martinez	['latin arena pop', 'pop flamenco', 'spanish pop']	[2017, 2018, 2019, 2020, 2021]	12	9
23herDudxPBB3S81GB5uG3	Alizzz	['tontipop', 'vapor twitch']	[2018, 2019, 2020, 2021, 2022]	12	9
1pf0MPKfKdvS8J779mS1Ay	Miky Woodz	['reggaeton', 'trap latino', 'urbano latino']	[2019, 2020, 2021]	12	12
3Ces1OJeGOVGcUB0wPaPXJ	Mala Rodríguez	['latin hip hop', 'rap latina']	[2018, 2019, 2020, 2021, 2022]	12	11
64M6ah0SkkRsnPGtGiRAbb	Bebe Rexha	['dance pop', 'pop']	[2017, 2018, 2019]	12	8
4hFZibFsoIxictRvkZDjIc	Demarco Flamenco	['flamenco urbano', 'pop flamenco']	[2017, 2018, 2019, 2020, 2021]	12	10
1zNqDE7qDGCsyzJwohVaoX	Anne-Marie	['pop']	[2017, 2018, 2019]	12	7
3Isy6kedDrgPYoTS1dazA9	Sean Paul	['dance pop', 'dancehall', 'pop', 'pop rap']	[2017, 2018, 2019, 2020]	12	12
5H1nN1SzW0qNeUEZvuXjAj	Danny Ocean	['pop venezolano', 'reggaeton', 'trap latino', 'urbano latino']	[2017, 2018, 2019, 2020, 2021, 2022]	12	3
4FActBvkmDc8h3sI5vbMPZ	Blasfem	[]	[2018, 2019, 2020, 2021, 2022]	12	12
0TnOYISbd1XYRBk9myaseg	Pitbull	['dance pop', 'miami hip hop', 'pop']	[2017, 2018, 2019, 2021]	12	12
3VHAySZQPlfGlNLslzXYpN	NATHY PELUSO	['r&b en espanol', 'rap latina']	[2020, 2021, 2022]	12	6
0Q8NcsJwoCbZOHHW63su5S	Mora	['trap latino', 'urbano latino']	[2020, 2021, 2022]	12	12
6vXTefBL93Dj5IqAWq6OTv	French Montana	['hip hop', 'pop rap', 'rap', 'southern hip hop', 'trap']	[2017, 2018]	12	12
1mX1TWKpNxDSAH16LgDfiR	Jesse & Joy	['latin arena pop', 'latin pop', 'mexican pop']	[2017, 2018, 2019, 2020]	11	9
5LHRHt1k9lMyONurDHEdrp	Tyga	['hip hop', 'pop rap', 'rap', 'trap']	[2018, 2019, 2020, 2021]	11	10
07YZf4WDAMNwqr4jfgOZ8y	Jason Derulo	['dance pop', 'pop']	[2017, 2018, 2019, 2020, 2021]	11	8
5CCwRZC6euC8Odo6y9X8jr	Rita Ora	['dance pop', 'pop', 'uk pop']	[2017, 2018, 2019]	11	6
1yxSLGMDHlW21z4YXirZDS	Black Eyed Peas	['dance pop', 'pop', 'pop rap']	[2019, 2020, 2021]	11	11
1RBzGO6Nm3uyhUSxP7EDWO	KEVIN ROLDAN	['reggaeton', 'reggaeton colombiano', 'trap latino', 'urbano latino']	[2017, 2018, 2019, 2020, 2021, 2022]	11	7
6E94QKXZv8BbO6QQJxcxLI	Daviles de Novelda	['flamenco urbano', 'pop flamenco']	[2018, 2019, 2020, 2021, 2022]	11	10
64KEffDW9EtZ1y2vBYgq8T	Marshmello	['brostep', 'edm', 'pop', 'progressive electro house']	[2017, 2018, 2019, 2020]	11	10
0LyfQWJT6nXafLPZqxe9Of	Various Artists	[]	[2017, 2019, 2020, 2021]	11	0
5fMUXHkw8R8eOP2RNVYEZX	Diplo	['edm', 'electro house', 'moombahton', 'pop dance']	[2017, 2018, 2019, 2020]	11	11
5dC7EcwWdf9Qj4VvJab4rZ	FERNANDOCOSTA	['spanish hip hop']	[2018, 2019, 2020, 2021, 2022]	11	5
4VVEpEhC8NcR7AqNEds42U	Chimbala	['dembow', 'rap dominicano']	[2019, 2020, 2021, 2022]	11	8
1RyvyyTE3xzB2ZywiAwp0i	Future	['atl hip hop', 'hip hop', 'rap', 'southern hip hop', 'trap']	[2017, 2018, 2020, 2021, 2022]	11	10
5cj0lLjcoR7YOSnhnX0Po5	Doja Cat	['dance pop', 'pop']	[2020, 2021, 2022]	11	7
7c0XG5cIJTrrAgEC3ULPiq	Ty Dolla $ign	['hip hop', 'pop rap', 'r&b', 'southern hip hop', 'trap', 'trap soul']	[2017, 2018, 2020, 2021, 2022]	11	11
7Ln80lUS6He07XvHI8qqHH	Arctic Monkeys	['garage rock', 'modern rock', 'permanent wave', 'rock', 'sheffield indie']	[2018]	11	0
4rVronLhqEXcfu8CjCmLQv	Marta Sango	['latin talent show', 'latin viral pop']	[2018]	11	7
1YVEF2N8QHkkQ84LM51Xyo	Antonio Carmona	['flamenco', 'pop flamenco', 'rumba', 'spanish pop']	[2017, 2018, 2019, 2020, 2021, 2022]	10	10
1GxkXlMwML1oSg5eLPiAz3	Michael Bublé	['adult standards', 'canadian pop', 'jazz pop', 'lounge']	[2017, 2018, 2019, 2020, 2021]	10	3
1tZ99AnqyjgrmPwLfGU5eo	Fito y Fitipaldis	['cantautor', 'latin rock', 'spanish pop', 'spanish rock']	[2017, 2018, 2019, 2020, 2021, 2022]	10	1
2DspEsT7UXGKd2VaaedgG4	Alex Rose	['reggaeton', 'trap latino', 'urbano latino']	[2018, 2019, 2020, 2021, 2022]	10	9
7wU2WGCJ8HxkekHHE2QLul	Fuego	['electro latino', 'rap dominicano', 'trap latino']	[2017, 2018, 2019, 2021, 2022]	10	7
3bch3EeUoah5rDRni92X93	Marilia Monzón	['latin talent show']	[2018, 2019]	10	5
0haZhu4fFKt0Ag94kZDiz2	Sofía Reyes	['latin pop', 'latin viral pop', 'mexican pop', 'reggaeton']	[2017, 2018, 2019, 2020, 2021, 2022]	10	10
6kq4GHwUcUojGIu0ziSNXf	Amenazzy	['rap dominicano', 'reggaeton', 'trap latino', 'urbano latino']	[2017, 2018, 2019, 2020, 2021]	10	10
5N3YDBGT2gUzXgLDTwPRi5	Álvaro De Luna	['spanish pop']	[2019, 2020, 2021, 2022]	10	4
1zNqQNIdeOUZHb8zbZRFMX	Swae Lee	['melodic rap', 'rap', 'trap']	[2017, 2018, 2019]	10	10
4wLXwxDeWQ8mtUIRPxGiD6	Marc Anthony	['latin pop', 'modern salsa', 'salsa', 'tropical']	[2017, 2018, 2019, 2020, 2021, 2022]	10	9
0n6sKrG0xKAf8xmdqeNGke	Los Legendarios	[]	[2020, 2021, 2022]	10	10
1tMWkquIkQtVD6vaZlDbSQ	Chema Rivas	[]	[2020, 2021, 2022]	10	2
6VuMaDnrHyPL1p4EHjYLi7	Charlie Puth	['pop', 'viral pop']	[2017, 2018, 2022]	10	5
3iOvXCl6edW5Um0fXEBRXy	The xx	['downtempo', 'dream pop', 'indietronica']	[2017]	10	0
0ZED1XzwlLHW4ZaG4lOT6m	Julia Michaels	['pop']	[2017, 2018, 2020]	10	5
7gZfnEnfiaHzxARJ2LeXrf	6ix9ine	['emo rap']	[2018, 2019, 2020]	9	7
2e4nwiX8ZCU09LGLOpeqTH	Laura Pausini	['europop', 'italian adult pop', 'latin arena pop', 'mexican pop']	[2017, 2018, 2019, 2020]	9	7
4QrBoWLm2WNlPdbFhmlaUZ	KEVVO	['reggaeton', 'reggaeton flow', 'trap latino', 'urbano latino']	[2019, 2020, 2021]	9	9
3IJtdFn9IKbFvNvZqOJA46	Blas Cantó	['spanish pop']	[2017, 2018, 2019, 2020, 2021]	9	1
3PAwspMN27PDm81WwXDsMf	Reykon	['reggaeton', 'reggaeton colombiano', 'trap latino', 'urbano latino']	[2017, 2018, 2019]	9	5
7vk5e3vY1uw9plTHJAMwjN	Alan Walker	['electro house']	[2017, 2018, 2019]	9	7
0oBiYchunKTMDesVICwrvL	Guitarricadelafuente	['spanish pop']	[2019, 2020, 2021, 2022]	9	2
00FQb4jTyendYWaN8pK0wa	Lana Del Rey	['art pop', 'pop']	[2017, 2019, 2021]	9	3
4MU4rC7z6JpqxqbHDqtz7H	Keen Levy	['flamenco urbano', 'pop flamenco']	[2019, 2020, 2021]	9	8
51XrH5fQP2oIQynuKxSWcW	Sky Rompiendo	['urbano latino']	[2017, 2018, 2019, 2020, 2021]	9	9
5AD7l3PeHJObxG5BEg6KqL	Noelia Franco	['latin talent show']	[2018, 2019]	9	6
5JcO3FHEBbWTQMUHmWtU2g	Juancho Marqués	['spanish hip hop', 'urbano espanol']	[2018, 2019, 2020]	9	9
3smfreCkyJt7bShaTYpG77	Carlos Baute	['latin pop', 'spanish pop']	[2017, 2018, 2019, 2020]	9	7
1fctva4kpRbg2k3v7kwRuS	Rvssian	['reggaeton', 'trap latino', 'urbano latino']	[2017, 2018, 2019, 2020, 2021, 2022]	9	9
7a0XAaPaK2aDSqa8p3QnC7	Beéle	['reggaeton colombiano', 'trap latino', 'urbano latino']	[2019, 2020, 2021, 2022]	9	8
30HlKUFTsqlFQsPfyv2yuM	Danny Romero	['electro bailando', 'electro latino']	[2017, 2019, 2020, 2021]	9	8
5Pwc4xIPtQLFEnJriah9YJ	OneRepublic	['piano rock', 'pop']	[2017, 2018, 2019, 2020]	9	7
5Y3MV9DZ0d87NnVm56qSY1	Tiago PZK	['trap argentino', 'trap latino', 'urbano latino']	[2021, 2022]	9	9
1vqR17Iv8VFdzure1TAXEq	LIT killah	['argentine hip hop', 'trap argentino', 'trap latino', 'trap triste', 'urbano latino']	[2020, 2021, 2022]	9	8
4Q6nIcaBED8qUel8bBx6Cr	Jax Jones	['dance pop', 'edm', 'house', 'pop dance', 'uk dance', 'uk pop']	[2017, 2018]	9	9
2RdwBSPQiwcmiDo9kixcl8	Pharrell Williams	['dance pop', 'pop']	[2017, 2018]	9	7
1l8Fu6IkuTP0U5QetQJ5Xt	Fifth Harmony	['girl group', 'pop', 'talent show']	[2017, 2018]	9	6
6oMuImdp5ZcFhWP0ESe6mG	Migos	['atl hip hop', 'hip hop', 'rap', 'trap']	[2017, 2018]	9	8
6XYRpcgPIK9OejoVzA7PbC	Txarango	['indie catala', 'mestissatge', 'rock catala']	[2017, 2018, 2020]	9	1
5qPeAT4ikl6gJNUexAOEy0	Oques Grasses	['indie catala', 'musica catalana', 'reggae catala', 'rock catala']	[2020, 2021]	9	5
4QVBYiagIaa6ZGSPMbybpy	Pedro Capó	['latin pop', 'puerto rican pop']	[2018, 2019, 2020, 2021]	8	8
1aMt4A5jrQHxDYyC7rXgV0	Pol Granch	['spanish pop']	[2019, 2020, 2021, 2022]	8	4
2o5jDhtHVPhrJdv3cEQ99Z	Tiësto	['big room', 'brostep', 'dutch edm', 'edm', 'house', 'pop dance', 'slap house', 'trance']	[2017, 2018, 2019, 2020, 2021, 2022]	8	7
6CSa1r92LtHHdLG6kRabU3	Efecto Pasillo	['latin arena pop', 'musica canaria', 'rock en espanol', 'spanish pop']	[2017, 2018, 2019, 2020]	8	2
5bWUlnPx9OYKsLiUJrhCA1	Jon Z	['reggaeton', 'trap latino', 'urbano latino']	[2018, 2019, 2020, 2021]	8	7
2qxJFvFYMEDqd7ui6kSAcq	Zedd	['complextro', 'edm', 'german techno', 'pop', 'pop dance']	[2017, 2018, 2019]	8	8
0fdh6BhOBgk3vqVn2XKQ0F	Bandaga	['flamenco urbano']	[2019, 2020]	8	5
4xRYI6VqpkE3UwrDrAZL8L	Logic	['conscious hip hop', 'hip hop', 'pop rap', 'rap']	[2017, 2018, 2019]	8	8
7gOdHgIoIKoe4i9Tta6qdD	Jonas Brothers	['boy band', 'pop']	[2019, 2020, 2021]	8	2
5K4W6rqBFWDnAN6FQUkS6x	Kanye West	['chicago rap', 'hip hop', 'rap']	[2018, 2019, 2021]	8	4
50co4Is1HCEo8bhOyUWKpn	Young Thug	['atl hip hop', 'atl trap', 'gangster rap', 'melodic rap', 'rap', 'trap']	[2017, 2018, 2019, 2020, 2021]	8	8
3wyVrVrFCkukjdVIdirGVY	Lil Pump	['emo rap', 'miami hip hop', 'pop rap', 'rap', 'trap']	[2017, 2018, 2019, 2020]	8	5
0du5cEVh5yTK9QJze8zA0C	Bruno Mars	['dance pop', 'pop']	[2017, 2018, 2019, 2021]	8	6
4IMAo2UQchVFyPH24PAjUs	Jowell & Randy	['reggaeton', 'urbano latino']	[2017, 2018, 2019, 2020, 2021, 2022]	8	8
0QHgL1lAIqAw0HtD7YldmP	DJ Khaled	['hip hop', 'miami hip hop', 'pop rap', 'rap']	[2017, 2018, 2020, 2021, 2022]	8	8
0lAWpj5szCSwM4rUMHYmrr	Måneskin	['indie rock italiano', 'italian pop', 'pop']	[2021, 2022]	8	0
7D62OQfwvslnxJn9DkZm2F	Pole.	['spanish pop']	[2020, 2021, 2022]	8	6
2snm3HmsnDUDxbIChdl2Oj	Justin Hurwitz	['hollywood', 'movie tunes', 'soundtrack']	[2017]	8	1
2XnBwblw31dfGnspMIwgWz	Axwell /\ Ingrosso	['edm', 'pop dance', 'progressive electro house']	[2017, 2018]	8	2
5pKCCKE2ajJHZ9KAiaK11H	Rihanna	['barbadian pop', 'pop', 'urban contemporary']	[2017, 2018, 2020]	8	7
5ZsFI1h6hIdQRw2ti0hz81	ZAYN	['pop', 'uk pop']	[2017, 2018, 2020, 2021]	8	3
5pUo3fmmHT8bhCyHE52hA6	Liam Payne	['pop']	[2017, 2018]	8	8
7t0rwkOPGlDPEhaOcVtOt9	The Cranberries	['irish rock', 'pop rock', 'rock']	[2018]	8	0
3qndygm4Vx7bEW8tNyDKSY	Camin	['flamenco urbano']	[2020, 2021]	8	7
264nbMzGPSkDZqTY8nXwCG	Tommy Torres	['latin pop', 'puerto rican pop']	[2017, 2018, 2019, 2020]	7	7
4npEfmQ6YuiwW1GpUmaq3F	Ava Max	['pop']	[2018, 2019, 2020, 2022]	7	2
1oMiDFyAgmIzw9ZBQYHOJI	El Guincho	['deep latin alternative', 'musica canaria']	[2019, 2020, 2021, 2022]	7	7
16M8fuShcwX8uBDdmFZH9B	Israel B	['boom bap espanol', 'drill espanol', 'spanish hip hop', 'urbano espanol']	[2019, 2020, 2021]	7	6
6G43BFwUJvFWbev3knhgEa	Rayden	['rap conciencia', 'spanish hip hop']	[2018, 2019, 2020, 2021, 2022]	7	4
7LHU5Uga349zOVMpDPf4ij	LOWLIGHT	['urbano espanol']	[2018, 2019, 2020, 2021]	7	7
7slfeZO9LsJbWgpkIoXBUJ	Ricky Martin	['latin pop', 'mexican pop', 'puerto rican pop']	[2017, 2018, 2019, 2021, 2022]	7	7
0BqURncJM5B1BBu7UM51eq	Guaynaa	['reggaeton', 'reggaeton flow', 'urbano latino']	[2019, 2020, 2021]	7	6
5GcWBUX00IPuWVGMIRK1sS	Residente	['venezuelan hip hop']	[2018, 2019, 2020, 2021, 2022]	7	6
2ExGrw6XpbtUAJHTLtUXUD	Stefflon Don	['dancehall', 'dancehall queen', 'uk dancehall', 'uk hip hop']	[2017, 2018, 2019]	7	7
796OSRuB0E9Hq55uTFL9U8	Raphael	[]	[2017, 2018, 2019, 2020, 2021]	7	0
3t5xRXzsuZmMDkQzgOX35S	Robin Schulz	['deep euro house', 'deep house', 'edm', 'german dance', 'pop dance', 'tropical house']	[2017, 2018, 2019, 2020]	7	7
0qTZZWLzuD59Un5r1speHm	Chris Jedi	['reggaeton', 'trap latino', 'urbano latino']	[2017, 2018, 2019, 2021]	7	7
0GABUps2B17UMu6M8tkEDS	InnerCut	['tontipop']	[2019, 2020]	7	7
65GDNtLQdPv30IljvoE2KW	Maki	['flamenco urbano', 'pop flamenco', 'rock andaluz', 'spanish pop']	[2017, 2018, 2019]	7	7
1jSjfSgDjedJdi5MoyRu78	Lary Over	['reggaeton', 'trap latino', 'urbano latino']	[2017, 2018, 2019]	7	7
47mIJdHORyRerp4os813jD	League of Legends	['speedrun', 'video game music']	[2018, 2019, 2020, 2021, 2022]	7	7
4puAp107dCehraE47QXVQX	C.R.O	['trap argentino', 'trap triste']	[2019, 2020, 2021, 2022]	7	7
3ATyg4fGC9F8trfb0GRWmX	Joey Montana	['latin pop', 'reggaeton', 'urbano latino']	[2017, 2018, 2019]	7	5
2feDdbD5araYcm6JhFHHw7	Labrinth	['indie poptimism', 'pop']	[2018, 2019, 2020, 2022]	7	7
6MDME20pz9RveH9rEXvrOM	Clean Bandit	['pop', 'uk dance', 'uk funky']	[2017, 2018, 2019]	7	7
4MCBfE4596Uoi2O4DtmEMz	Juice WRLD	['chicago rap', 'melodic rap', 'rap']	[2018, 2019, 2020]	7	3
0OROVBEZCocg0FcgJpyBse	Alex Sensation	['reggaeton']	[2017, 2018, 2019, 2020]	7	7
77AiFEVeAVj2ORpC85QVJs	Steve Aoki	['edm', 'electro house', 'pop dance']	[2017, 2018, 2019, 2020]	7	7
1anyVhU62p31KFi8MEzkbf	Chance the Rapper	['chicago rap', 'conscious hip hop', 'hip hop', 'pop rap', 'rap']	[2017, 2018, 2019, 2020, 2021]	7	7
3heR1it0slFXjaa7E62zpw	Maldita Nerea	['latin arena pop', 'spanish pop', 'spanish pop rock']	[2017, 2018, 2019, 2020]	7	3
4QFG9KrGWEbr6hNA58CAqE	Aleman	['mexican hip hop', 'trap mexicano']	[2018, 2019, 2020, 2021]	7	7
6VCoG3MG7ZKRxDjaYOvtrF	Love of Lesbian	['cantautor', 'spanish indie pop']	[2017, 2018, 2019, 2020, 2021]	7	2
5FQ8tBUtIamA2hRtatrYUF	Marc Seguí	['spanish pop']	[2021, 2022]	7	5
7DOERbtkx9aTLvWzZSB0qx	Rigoberta Bandini	['spanish indie pop', 'spanish synthpop']	[2021, 2022]	7	1
5UN0rzL594mWY2RbOtZqIN	Ptazeta	['rap canario']	[2020, 2021, 2022]	7	7
31TPClRtHm23RisEBtV3X7	Justin Timberlake	['dance pop', 'pop']	[2017, 2018]	7	2
7tU1VKOuxiNZwBZC6RHidA	Alexis y Fido	['latin hip hop', 'reggaeton', 'trap latino', 'urbano latino']	[2017, 2018]	7	3
3YQKmKGau1PzlVlkL1iodx	Twenty One Pilots	['modern rock', 'pop', 'pov: indie', 'rock']	[2017, 2018, 2020, 2021]	7	0
1Hsdzj7Dlq2I7tHP7501T4	Niall Horan	['pop']	[2017]	7	0
0cGUm45nv7Z6M6qdXYQGTX	Kehlani	['pop', 'r&b']	[2017, 2018, 2020]	7	7
1URnnhqYAYcrqrcwql10ft	21 Savage	['atl hip hop', 'hip hop', 'rap', 'trap']	[2017, 2018]	7	5
3e7awlrlDSwF3iM0WBjGMp	Little Mix	['girl group', 'pop', 'talent show', 'uk pop']	[2017, 2018, 2021]	7	5
7hJTjbk6L2FtRVgEhjKoTc	Damion Frost	['latin talent show', 'latin viral pop']	[2018]	7	5
4jKvQ93sRiKroRRaAI6Fqk	Agoney	['latin talent show']	[2018]	7	2
2X11x8C63wCzAf1WwsIuLg	Kaze	['rap underground espanol', 'spanish hip hop', 'urbano espanol']	[2018, 2020, 2021]	7	2
7C6WKCefGMAg2hbx7BNCIq	Eva B	['latin talent show']	[2020]	7	4
5xSx2FM8mQnrfgM1QsHniB	Danna Paola	['latin pop', 'latin viral pop', 'mexican pop']	[2020, 2021]	7	7
3Wb38LDP3N4tkobValgE9D	Juanka	['reggaeton', 'reggaeton flow', 'trap latino', 'urbano latino']	[2020, 2021]	7	7
6UelqIK8qwhWFc2f6nSEh8	Niña Pastori	['flamenco', 'pop flamenco', 'rumba', 'spanish pop']	[2017, 2018, 2019, 2020]	6	6
6HTUcOExehqydqa7C3usAa	Abel Pintos	['argentine telepop', 'folklore argentino', 'pop argentino']	[2017, 2018, 2019, 2020]	6	6
0zuqz96cs1dQcxc2FpLPcR	Sofia Ellar	['spanish pop', 'spanish rock']	[2017, 2019, 2020]	6	3
23wEWD21D4TPYiJugoXmYb	Thalia	['latin pop', 'mexican pop']	[2017, 2018, 2019, 2020, 2021]	6	6
5dbaLmK5SHLLg8Z4CcTJpX	Greeicy	['colombian pop', 'latin pop', 'r&b en espanol', 'reggaeton', 'reggaeton colombiano', 'urbano latino']	[2018, 2019, 2020]	6	6
4Gso3d4CscCijv0lmajZWs	Don Toliver	['rap', 'trap']	[2019, 2020, 2021]	6	5
4r63FhuTkUYltbVAg5TQnk	DaBaby	['hip hop', 'north carolina hip hop', 'rap', 'trap']	[2019, 2020, 2021]	6	6
3JhNCzhSMTxs9WLGJJxWOY	Macklemore	['pop rap', 'seattle hip hop']	[2017, 2018, 2019]	6	6
5LeiVcEnsZcwc133TUhJNW	Belinda	['latin arena pop', 'latin pop', 'mexican pop']	[2017, 2018, 2019, 2020, 2021, 2022]	6	6
6IZ4ctovY9dl7bgHClAvKJ	LSD	[]	[2018, 2019, 2020]	6	6
2f6TzIGIIxEuwp6o7kEbhy	Pablo Mas	[]	[2019, 2020, 2021, 2022]	6	6
2kqUKsTuEj1lPbm6BSn1AU	Rich Music LTD	['urbano latino']	[2019, 2020]	6	6
2wUjUUtkb5lvLKcGKsKqsR	Alessia Cara	['canadian contemporary r&b', 'canadian pop', 'pop']	[2017, 2019]	6	4
7ciBW1p3KBsYIkFk4UmwS8	The Rudeboyz	[]	[2018, 2019]	6	6
1WMwuNKzEFtU6pPkdtryYS	Kendo Kaponi	[]	[2019, 2020, 2021]	6	6
2byU53ebtTxcAnIRE814Ts	Bebe	['spanish pop']	[2017, 2018, 2019]	6	3
3PhoLpVuITZKcymswpck5b	Elton John	['glam rock', 'mellow gold', 'piano rock', 'rock']	[2017, 2020, 2021, 2022]	6	4
5fmYDIdgEkSgLdL6esxgfp	Belén Aguilera	['spanish pop']	[2018, 2020, 2021, 2022]	6	2
4U7lXyKdSf1JbM1aXvsodC	La Oreja de Van Gogh	['latin arena pop', 'latin pop', 'mexican pop', 'spanish pop', 'spanish pop rock']	[2017, 2018, 2020, 2021, 2022]	6	0
60ZOYUFnCYEeKYsxgvPxOS	Cano	['flamenco urbano', 'rap espanol']	[2021, 2022]	6	5
52iwsT98xCoGgiGntTiR7K	Quevedo	['rap canario', 'trap latino', 'urbano latino']	[2022]	6	4
2ydZrTy8U3kOMOzx20s3dg	DJ Nelson	['reggaeton', 'urbano latino']	[2017, 2018, 2020, 2021, 2022]	6	6
3Apb2lGmGJaBmr0TTBJvIZ	Rusherking	['trap argentino', 'trap triste']	[2021, 2022]	6	6
04mTej6RpWzBxGwhfThpIi	Rojuu	['hyperpop en espanol', 'rap regio', 'urbano espanol']	[2021, 2022]	6	4
23cijmutocNvhM5xkcyyFF	Beatriz Luengo	['spanish pop', 'spanish pop rock']	[2017, 2018, 2021, 2022]	6	6
181bsRPaVXVlUKXrxwZfHK	Megan Thee Stallion	['houston rap', 'pop', 'rap', 'trap queen']	[2020, 2021, 2022]	6	5
4fCRFHEQgjqakvFgQCliMp	Jacob Forever	['cubaton']	[2017, 2018]	6	4
5y2Xq6xcjJb2jVM54GHK3t	John Legend	['neo soul', 'pop', 'pop soul', 'urban contemporary']	[2017, 2018]	6	2
1Xylc3o4UrD53lo9CvFvVg	Zara Larsson	['pop', 'scandipop', 'swedish electropop', 'swedish pop']	[2017, 2018, 2020]	6	3
0H39MdGGX6dbnnQPt6NQkZ	SAINt JHN	['melodic rap', 'slap house']	[2020, 2021]	6	6
7bvrxy6IPDgRjUveRwzolV	Hugo Cobo	['latin talent show']	[2020]	6	3
2PpQXJidwYjlmvUyyWqsxN	Flavio	['latin talent show']	[2020]	6	3
1GKIlPFdcewHtpDVCQ8zmJ	Brray	['reggaeton', 'reggaeton flow', 'trap latino', 'urbano latino']	[2020, 2021]	6	6
2oT7xd9iTO2ejLsNGIMa5f	Flow La Movie	['reggaeton']	[2020, 2021]	6	6
5KKpBU5eC2tJDzf0wmlRp2	RAYE	['uk contemporary r&b', 'uk pop']	[2017, 2019]	5	5
4cK5uxWRVJ3QOSfaBMX2Ex	Cupido	['urbano espanol']	[2019, 2020]	5	1
2QUvtLq6oQaX0LNsYY2fas	Cauty	['reggaeton', 'reggaeton flow', 'trap latino', 'urbano latino']	[2018, 2019, 2021]	5	5
1aWJsBQa67l72j1VT3D6Ow	Micro TDH	['trap latino', 'trap venezolano', 'urbano latino', 'venezuelan hip hop']	[2018, 2019, 2020, 2021]	5	5
5RzT7CM6Ot0sh0EHefMicV	Maffio	[]	[2019, 2020, 2021, 2022]	5	5
5gnF05YcUt010aB7EWk96U	Arnau Griso	[]	[2018, 2019, 2020]	5	2
6tkyhGe9hGI3Lcfo4gVh6Z	ChocQuibTown	['colombian hip hop', 'colombian pop', 'latin alternative', 'reggaeton colombiano', 'salsa choke']	[2017, 2019, 2020, 2021]	5	5
5CiGnKThu5ctn9pBxv7DGa	benny blanco	['pop']	[2018, 2019, 2020, 2021]	5	5
3hv9jJF3adDNsBSIQDqcjp	Mark Ronson	['pop soul']	[2017, 2018, 2019]	5	5
7fL1kRUb9Zv1xxgOmsuUPn	Moncho Chavea	['flamenco urbano', 'pop flamenco']	[2019, 2021, 2022]	5	5
5YCc6xS5Gpj3EkaYGdjyNK	WOS	['argentine indie', 'trap argentino']	[2019, 2020]	5	1
1OxGzd3ks0V8CVWtXT1VMj	Sidecars	['cantautor', 'spanish indie pop', 'spanish pop', 'spanish rock']	[2017, 2018, 2019, 2020]	5	1
6i3DxIlAqnDkwELLw4aVrx	Lele Pons	['latin pop', 'latin viral pop', 'viral pop']	[2018, 2019, 2020, 2021]	5	4
6xzqyY0a9uWCg3zwWa6sez	Dave Zulueta	['latin talent show']	[2018, 2019]	5	3
73jBynjsVtofjRpdpRAJGk	Dimitri Vegas & Like Mike	['belgian dance', 'belgian edm', 'big room', 'dutch house', 'edm', 'electro house', 'pop dance', 'progressive electro house']	[2017, 2019, 2020]	5	5
1o9x7ez0NvhDb7gBqrYnUj	B-Case	['pop edm']	[2017, 2018, 2019]	5	5
4okiIReqptfBJ5UULmWycZ	Barloe Team	[]	[2018, 2019]	5	5
7rOlQwf8OuFLFQp4aydjBt	Paloma Mami	['latin pop', 'reggaeton chileno', 'trap chileno']	[2019, 2020, 2021]	5	2
77iZVjeYoYSl5P0K9mIiUE	Haze	['latin pop']	[2018, 2019, 2020]	5	5
2544NCTfffschCn1NZVMSb	Dollar Selmouni	['spanish hip hop', 'urbano espanol']	[2019, 2020, 2021, 2022]	5	5
37UACiDcdzEYii0iU0QpAf	"Secreto ""El Famoso Biberon"""	['dembow', 'rap dominicano']	[2018, 2019, 2020, 2021]	5	5
0P9kGWWUX38kvwbqMePLBr	RAOUL	['latin talent show']	[2017, 2018, 2019]	5	2
5Rl15oVamLq7FbSb0NNBNy	5 Seconds of Summer	['boy band', 'pop']	[2018, 2019]	5	1
5f7VJjfbwm532GiveGC0ZK	Lil Baby	['atl hip hop', 'atl trap', 'rap', 'trap']	[2018, 2019, 2020, 2021]	5	5
2NfSBtmWe7oPw1EmetJVso	Boza	['panamanian pop', 'reggaeton', 'urbano latino']	[2020, 2021, 2022]	5	3
5he5w2lnU9x7JFhnwcekXX	Skrillex	['brostep', 'complextro', 'edm', 'electro', 'pop dance']	[2017, 2021, 2022]	5	5
37BIBvfliXJpSgn10yQUJM	Mr. Naisgai	[]	[2020, 2021, 2022]	5	5
55Aa2cqylxrFIXC767Z865	Lil Wayne	['hip hop', 'new orleans rap', 'pop rap', 'rap', 'trap']	[2017, 2020, 2022]	5	5
3lLDZNIMUmxMzIE6Vz9Agz	KIDDO	[]	[2020, 2021, 2022]	5	5
52qzWdNUp6ebjcNsvgZSiC	Evaluna Montaner	['latin viral pop', 'pop venezolano']	[2020, 2021, 2022]	5	5
3iY9PS7LxPnCVcCP7BjJOK	Hens	['rap espanol']	[2020, 2021, 2022]	5	4
4BwfloY1F2zHUPcYlYnDnz	Aiman JR	['drill espanol']	[2021, 2022]	5	2
3IzFiozYX6N0Qoz0drX8w8	Yotuel	[]	[2017, 2018, 2021, 2022]	5	5
5J7rXWjtn5HzUkJ4Jet8Fr	Alvaro Diaz	['trap boricua', 'urbano latino']	[2020, 2021, 2022]	5	5
49iliMsEPTb3WSr1ZjQPdq	Villancicos	[]	[2017, 2020]	5	0
4A0TivfinfALCAMJqqjZIk	Funk Wav	[]	[2017, 2018]	5	5
163tK9Wjr9P9DmM0AVK7lm	Lorde	['art pop', 'metropopolis', 'nz pop', 'pop']	[2017, 2021]	5	1
68Uwx1d3EbjDJhYsLjqvIq	Emma Stone	['hollywood']	[2017]	5	4
2jSGzJw0ebJLu7OLVSOcBP	Plan B	['reggaeton', 'trap latino', 'urbano latino']	[2017, 2018]	5	4
6vWDO969PvNqNYHIOW5v0m	Beyoncé	['pop', 'r&b']	[2017, 2018]	5	5
5p7f24Rk5HkUZsaS3BLG5F	Hailee Steinfeld	['pop']	[2017, 2018]	5	4
51Blml2LZPmy7TTiAg47vQ	U2	['irish rock', 'permanent wave', 'rock']	[2017, 2018]	5	1
13y7CgLHjMVRMDqxdx0Xdo	Gucci Mane	['atl hip hop', 'dirty south rap', 'hip hop', 'pop rap', 'rap', 'southern hip hop', 'trap']	[2017, 2018]	5	5
1U1el3k54VvEUzo3ybLPlM	Kali Uchis	['colombian pop']	[2017, 2021]	5	4
4O15NlyKLIASxsJ0PrXPfz	Lil Uzi Vert	['melodic rap', 'philly rap', 'rage rap', 'rap', 'trap']	[2017, 2018, 2020]	5	3
4sTQVOfp9vEMCemLw50sbu	Galantis	['dance pop', 'edm', 'pop', 'pop dance']	[2017, 2021]	5	2
1okJ4NC308qbtY9LyHn6DO	BloodPop®	['electropop']	[2017, 2018]	5	5
2HPaUgqeutzr3jx5a9WyDV	PARTYNEXTDOOR	['r&b', 'rap', 'toronto rap', 'urban contemporary']	[2017, 2018, 2020]	5	5
4cA5JN7tiNZ8afYeuSQj5h	David Otero	['latin arena pop', 'spanish pop']	[2017, 2020, 2021]	5	4
7uLePkJ2f0MwEcphODfkuu	Zahara	['cantautor', 'spanish indie pop', 'spanish rock']	[2017, 2018, 2021]	5	2
431Pb5EV8KsCBGTw96ZTQ4	Dj Kass	['chilean hardcore']	[2018]	5	1
7nwUJBm0HE4ZxD3f5cy5ok	Aretha Franklin	['classic soul', 'jazz blues', 'memphis soul', 'soul', 'southern soul', 'vocal jazz']	[2018]	5	0
7ExWkh4tY8Y0HYmTD3kz7Y	Samantha	['latin talent show']	[2020]	5	4
5rGrDvrLOV2VV8SCFVGWlj	Imanbek	['electro house', 'pop dance', 'slap house']	[2020, 2021]	5	5
6pWfZsh4oMfM4lRITDxtfw	NIA	[]	[2020]	5	3
4ckWVaYN8j0EZrNFRHmxZx	Marmi	[]	[2020, 2021]	5	3
7arQA31aZVS8yS6zUveWzb	CJ	['nyc rap']	[2021]	5	3
7q3hzOFspDedtkyBi1Azc8	J.Moods	['boom bap espanol']	[2019, 2020, 2021, 2022]	4	4
7bXgB6jMjp9ATFy66eO08Z	Chris Brown	['r&b', 'rap']	[2018, 2019, 2021, 2022]	4	4
4RSyJzf7ef6Iu2rnLdabNq	Willy William	[]	[2017, 2018, 2019]	4	4
2nszmSgqreHSdJA3zWPyrW	Luis Miguel	['bolero', 'latin pop']	[2017, 2018, 2019, 2020, 2021]	4	0
4TAoP0f9OuWZUesao43xUW	Mr Eazi	['afrobeats', 'afropop', 'azontobeats', 'ghanaian hip hop', 'nigerian pop', 'swedish dancehall']	[2018, 2019, 2020]	4	4
26dSoYclwsYLMAKD3tpOr4	Britney Spears	['dance pop', 'pop']	[2017, 2018, 2019, 2021]	4	0
4Ga1P7PMIsmqEZqhYZQgDo	Lil Tecca	['melodic rap', 'pluggnb', 'rap']	[2019]	4	0
6BeO1KuAWBqFriL1mLHtNc	Leslie Grace	['bachata', 'latin viral pop']	[2017, 2018, 2019]	4	4
7A8S43ryYdbWpJKeHRZRcq	JACKBOYS	['pop rap']	[2019]	4	3
2FHN0lFkoif5aZHW55PNKD	Villancicos de Navidad y Canciones de Navidad	['villancicos']	[2019, 2020]	4	0
6P6GTRTigHBp8ZesNtpCKH	Almighty	['reggaeton flow', 'trap latino', 'urbano latino']	[2017, 2018, 2019, 2020]	4	4
6brqJHDrdbE1W3JzTxOoea	MYGAL	[]	[2018, 2019, 2020, 2021]	4	4
6flBUmmOMLNhD4EJhGwgpG	Camela	['pop flamenco', 'rumba', 'spanish pop', 'spanish pop rock']	[2019, 2020, 2021]	4	4
7lCRuW6BSXGAsxuQV9lR0i	Gigolo Y La Exce	['reggaeton', 'reggaeton flow', 'trap latino', 'urbano latino']	[2017, 2018, 2019, 2020]	4	4
56n1NeXsTOOxjX3Z4lVMTJ	SFDK	['rap politico', 'rap underground espanol', 'spanish hip hop']	[2018, 2019, 2021]	4	3
5UopXhshFFqRIMfeZrBclq	Ceky Viciny	['dembow', 'rap dominicano']	[2019, 2020]	4	1
5IbUz6BcOu6IVY512oxavP	Niño de Elche	['spanish pop']	[2018, 2019, 2020, 2021, 2022]	4	4
5QYdUMRHeBxlpJioqpIL0k	Sergio Contreras	['flamenco urbano', 'pop flamenco', 'spanish pop']	[2018, 2019, 2020, 2021]	4	4
06nvjg4wBANK6DCHjqtPNd	Mahmood	['italian adult pop', 'italian pop']	[2019, 2022]	4	2
7GmXwGXJSsmWTkCyk5Twux	Kase.O	['rap politico', 'spanish hip hop']	[2019, 2020, 2021, 2022]	4	4
2iI5KWXLjw1tqLQsdjuo0e	Chael Produciendo	['dembow dominicano']	[2019, 2020, 2021]	4	4
25u4wHJWxCA9vO0CzxAbK7	Lukas Graham	['danish pop', 'scandipop']	[2017, 2019]	4	0
0odliLZMTk45CEVzF3Zocl	Mozart La Para	['dembow', 'rap dominicano']	[2017, 2018, 2019, 2020, 2021]	4	4
4GvEc3ANtPPjt1ZJllr5Zl	Bazzi	['pop']	[2018, 2019]	4	1
5fyDppLDl1juIu1BcUT5zh	Digital Farm Animals	['uk dance']	[2017, 2018, 2019]	4	4
4iHNK0tOyZPYnBU7nGAgpQ	Mariah Carey	['dance pop', 'pop', 'urban contemporary']	[2017, 2018, 2019, 2020, 2021, 2022]	4	1
1uvhwixGrZkuT2gpQQWgYb	Miss Caffeina	['spanish indie pop', 'spanish modern rock']	[2017, 2018, 2019]	4	1
4DdkRBBYG6Yk9Ka8tdJ9BW	Offset	['atl hip hop', 'rap', 'trap']	[2018, 2019]	4	4
2OnKRchqP7tT0FzTvWIFI7	Wolfine	['colombian pop', 'reggaeton', 'urbano latino']	[2017, 2018, 2019]	4	1
1c22GXH30ijlOfXhfLz9Df	Elvis Crespo	['latin pop', 'salsa', 'tropical']	[2017, 2018, 2019]	4	3
7zY0DMisq1oYXvNNgGwHBY	Juanfran	['pop reggaeton', 'urbano espanol']	[2019, 2020, 2021]	4	2
3qUrABCNqnkb5gc2YmPVzP	Ivan Ferreiro	['cantautor', 'spanish indie pop']	[2017, 2018, 2019, 2020]	4	4
1vBn5Puz4mdZopZEHq1QDq	La Maravillosa Orquesta del Alcohol	['spanish indie pop', 'spanish rock']	[2017, 2019, 2020, 2021]	4	0
2qWK8K2Jfh67UqtwY8tCW6	YSY A	['argentine hip hop', 'trap argentino']	[2019, 2021]	4	4
3mvje4iLJHQX3Wr757PSmf	KvndySwing	[]	[2019, 2020]	4	0
66BpLv7bc0OLbr50D1cnGS	Zetazen	['spanish hip hop', 'urbano espanol']	[2018, 2019, 2020, 2021]	4	2
1iHb53TMjvMaXZm0s4RWZi	Tanxugueiras	['galician folk']	[2021, 2022]	4	1
4YYxffPVDFe9XoqqbRW6Bq	L-Gante	['cumbia 420']	[2021, 2022]	4	4
0dUyjgCyjfj5eMx6bX2TWf	FMK	['trap argentino', 'trap triste']	[2020, 2021, 2022]	4	4
7c53ZFyajVMTo08HmvoB6b	zzoilo	[]	[2021, 2022]	4	2
6KBhywwNM5dStjqjHeNndc	Jc La Nevula	['dominican pop', 'trap dominicano']	[2021, 2022]	4	3
05i5DIXDf4Ai4NEPEi3uBZ	Atomic Otro Way	['dembow', 'rap dominicano']	[2018, 2021, 2022]	4	3
1rTUwYS38LkQTlT2fhikch	Yung Beef	['drill espanol', 'emo trap en espanol', 'neoperreo', 'spanish hip hop', 'urbano espanol']	[2018, 2021, 2022]	4	0
0KKUc4amZyvswV2YL6WTar	Mariah Angeliq	['rap latina', 'trap latino', 'urbano latino']	[2020, 2021, 2022]	4	4
6VOoiigTiLVgsMQPP1JOdC	Crissin	['reggaeton colombiano', 'urbano latino']	[2021, 2022]	4	4
5IYRfypwG9BDDh5ZRPI80z	Totoy El Frio	['reggaeton colombiano', 'urbano latino']	[2021, 2022]	4	4
5OBK3iQwjNQqElPmn4TgAE	Natan & Shander	['reggaeton colombiano', 'urbano latino']	[2021, 2022]	4	4
1FxsUemFullSXJpySUsT0J	JC el Diamante	['flamenco urbano']	[2021, 2022]	4	1
2tIP7SsRs7vjIcLrU85W8J	The Kid LAROI	['australian hip hop']	[2021, 2022]	4	3
2jku7tDXc6XoB6MO2hFuqg	Tory Lanez	['canadian hip hop', 'canadian trap', 'melodic rap', 'r&b', 'rap', 'toronto rap', 'trap']	[2018, 2021, 2022]	4	4
4Rzu63KnqMsThOdfkrJk1Z	Lennis Rodriguez	[]	[2020, 2021, 2022]	4	3
5exS0bytCYdixgv02DaCm3	William Singe	[]	[2017, 2018]	4	4
2W6kbe0nm96COrHzNmfLLd	MC Fioti	['funk carioca', 'funk ostentacao', 'funk paulista']	[2017, 2018]	4	2
5luyt0SUvGkDMY4ILP6Qhl	Descemer Bueno	['cubaton']	[2017, 2018]	4	4
6XFITTl7cFTdopDY3lUdlY	J Alvarez	['reggaeton', 'urbano latino']	[2017, 2018]	4	2
01irPp5AwGTBpRghY1ViQn	Los Cantaseries	[]	[2017, 2018]	4	0
3J0BpFVUc9LeOIVeN5uNhU	Lauren Jauregui	['r&b']	[2017, 2020]	4	4
02kJSzxNuaWGqwubyUba0Z	G-Eazy	['indie pop rap', 'oakland hip hop', 'pop rap', 'rap']	[2017, 2018]	4	4
2CbZTubQz6tdFmZ3TDUwp7	Xriz	['electro latino', 'reggaeton']	[2017]	4	4
3HPOnbuwLP2qlwWQ7cgxYW	Xantos	['reggaeton']	[2017]	4	4
7oCLjINIMWifuknBBsg3CO	Dynell	[]	[2017]	4	4
7DMveApC7UnC2NPfPvlHSU	Cheat Codes	['edm', 'pop', 'pop dance']	[2017]	4	4
4kYGAK2zu9EAomwj3hXkXy	JP Cooper	['uk pop']	[2017]	4	3
0bdfiayQAKewqEvaU6rXCv	MØ	['danish pop', 'electropop', 'pop', 'pop dance']	[2017]	4	3
0lNg9YtW8USxeZZnEqz3RQ	Dasoul	['electro latino']	[2017, 2018]	4	2
6JL8zeS1NmiOftqZTRgdTz	Meghan Trainor	['hip pop', 'pop']	[2017, 2018, 2020, 2021]	4	1
1KCSPY1glIKqW2TotWuXOR	P!nk	['dance pop', 'pop']	[2017, 2018]	4	2
4dwd5pUVuNVBvymNGls5dg	Nerea Rodríguez	['latin talent show']	[2017, 2018]	4	1
1moxjboGR7GNWYIMWsRjgG	Florence + The Machine	['baroque pop', 'modern rock', 'neo mellow', 'uk alternative pop']	[2017, 2018]	4	0
3fMbdgg4jU18AjLCKBhRSm	Michael Jackson	['r&b', 'soul']	[2017, 2018, 2020, 2021]	4	2
2LCcy9CZWwZ7Vvykt8IVVq	Carlos Sadness	['spanish indie pop']	[2017, 2018, 2020]	4	2
0zZJhc1T0zBurhnBwQ2fcu	Mark B.	['dembow', 'rap dominicano']	[2017, 2018]	4	4
70ZKqVQq6G7hFqty4aXEQ0	África	['latin talent show']	[2018]	4	3
0C9gVXUdCpRrYWKBxdLw4n	Joan Garrido	['latin talent show', 'latin viral pop']	[2018]	4	3
1ljLHkXWZES5X5cYefgzSO	Royce Rolo	[]	[2018, 2020]	4	4
5o7fmoqHl79fzoCzeApdxm	Sticky M.A.	['emo trap en espanol', 'urbano espanol']	[2018, 2020, 2021]	4	4
3tZdknQnzsVIIdaGCTj4RX	Quimico Ultra Mega	['dembow', 'rap dominicano', 'trap dominicano']	[2018, 2020, 2021]	4	4
2eZt452S4ObWNq3SM9ZdD1	Operación Triunfo 2020	['latin talent show']	[2020]	4	0
1OB278sOZVSFx5vXqYha83	J. Rey Soul	[]	[2020]	4	4
7fUEi9sgiLw8gwQ307T6IU	Stay Homas	['musica catalana']	[2020, 2021]	4	3
5VyXOfvTQljStUXx1coETY	Robledo	[]	[2020]	4	3
0FwnPHExlRRxEZPLAi5tmG	JC Reyes	['flamenco urbano']	[2020, 2021]	4	4
79N4S7UXdjo2fAh3OHJQuB	Hard GZ	['rap politico', 'rap underground espanol', 'spanish hip hop']	[2020, 2021]	4	4
0LLnP7NEsEQ1pSCfsuYURr	Juacko	['rap canario']	[2020, 2021]	4	4
5gFFncjKaCnI9IkEs2POwj	Anaju	['latin talent show']	[2020]	4	1
71Cp3TYbeCYy1KmkGlF10z	Gèrard	['latin talent show']	[2020]	4	4
2ZCMed7zvHPqwMcsYzYcGL	Anne Lukin	['latin talent show']	[2020]	4	3
2rPOaAdN74S2D0Kw3ImL5O	Elpatron970	['drill espanol']	[2020, 2021]	4	3
4o0NtnL2m0lzZmEdRas1qv	Ovi	['corrido', 'corridos tumbados', 'sad sierreno', 'trap latino', 'urbano latino']	[2021]	4	4
3WQRkINylwwkw1Ya07ToRK	Robe	['indie extremena']	[2021]	4	0
4oNsvVnFz4HQ0UPpPFSuJX	Easy-S	['spanish hip hop', 'urbano espanol']	[2019, 2021, 2022]	3	3
5Rj6rNR8zIlUUDCs1OyPmW	MYA	['pop argentino']	[2019, 2021]	3	3
38EmEgXkgK51MT2tPY0EoC	Bobby Helms	[]	[2017, 2018, 2019, 2020, 2021]	3	0
3WGpXCj9YhhfX11TToZcXP	Troye Sivan	['australian pop', 'pop', 'viral pop']	[2017, 2018, 2019]	3	2
6akDfyocmsREgR5eUXZt3I	Bely Basarte	['latin viral pop', 'spanish rock']	[2018, 2019, 2020]	3	2
1RTZXV2Txeij9hW1C88mfs	Marlon	['spanish pop', 'spanish rock']	[2018, 2019, 2020, 2021, 2022]	3	1
0QE9iXPzgSaBq34OqIZ4n2	Despistaos	['latin arena pop', 'spanish pop', 'spanish pop rock']	[2019, 2020]	3	3
4WN5naL3ofxrVBgFpguzKo	Rudimental	['pop dance', 'uk dance', 'uk funky']	[2018, 2019]	3	3
0AqlFI0tz2DsEoJlKSIiT9	Emilia	['pop argentino']	[2019, 2020, 2021, 2022]	3	3
5oOyEfGd8NxAKA41zGQhoj	Snova	[]	[2017, 2018, 2019]	3	3
01m2XZ7m7rAz6KY3scTdaV	Neo Pistea	['argentine hip hop', 'trap argentino']	[2019, 2020]	3	3
49e4v89VmlDcFCMyDv9wQ9	Dean Martin	['adult standards', 'easy listening', 'lounge', 'vocal jazz']	[2018, 2019, 2020, 2021]	3	0
60rpJ9SgigSd16DOAG7GSa	Billy Ray Cyrus	['country rock']	[2019, 2020]	3	3
0xRXCcSX89eobfrshSVdyu	MEDUZA	['pop dance', 'pop house', 'uk dance']	[2019, 2020, 2021]	3	3
4uqzzJg3ww5eH7IgGV7DMT	Bunbury	['latin alternative', 'latin rock', 'mexican rock', 'rock en espanol']	[2017, 2019]	3	1
7plUpXSFcSJUZSiZAoXqr1	Ximena Sariñana	['latin alternative', 'latin pop', 'mexican pop', 'mexican rock']	[2019, 2021, 2022]	3	3
5EBH204cwRkvAWknwTAjCQ	Marea	['punk urbano', 'spanish punk']	[2019]	3	0
0id62QV2SZZfvBn9xpmuCl	Aloe Blacc	['pop soul', 'r&b']	[2019]	3	3
65jIUih0ZeTUJhSTRuYxpi	Omy de Oro	['trap latino', 'urbano latino']	[2019, 2020, 2021]	3	3
2rGri7YZ2eiCS58zgvmlQb	Sinsinati	['spanish pop']	[2019, 2020, 2021]	3	3
0JoFdUO6q5ZRdnfRADpRiJ	La Cruz	['latin talent show']	[2018, 2019]	3	1
6cC67GpmPCjQjOYLpmOGhN	Dani Ribba	['argentine hip hop', 'trap argentino']	[2019, 2020]	3	2
7IlRNXHjoOCgEAWN5qYksg	Aya Nakamura	['basshall', 'pop urbaine', 'r&b francais']	[2019, 2020, 2021]	3	2
1Mxqyy3pSjf8kZZL4QVxS0	Frank Sinatra	['adult standards', 'easy listening', 'lounge']	[2017, 2018, 2019, 2020, 2021]	3	2
7CyeXFnOrfC1N6z4naIpgo	The Ronettes	['brill building pop', 'classic girl group', 'motown', 'rock-and-roll']	[2018, 2019, 2020, 2021]	3	0
55fhWPvDiMpLnE4ZzNXZyW	Noah Cyrus	['alt z', 'pop']	[2017, 2018, 2019]	3	3
4gvkdged3Xw3ImXFm3jiay	Juliander	['swedish pop']	[2017, 2018, 2019]	3	3
7K78lVZ8XzkjfRSI7570FF	José Feliciano	['latin pop', 'puerto rican pop']	[2017, 2018, 2019, 2020, 2021]	3	1
6eYFryfcEu3QSq59D62wZQ	Brendon Urie	[]	[2019]	3	3
20JZFwl6HVl6yg8a4H3ZqK	Panic! At The Disco	['pop']	[2019]	3	2
1vrahybrKylgwkjhbmOz94	Yera	['colombian pop', 'reggaeton colombiano']	[2018, 2019, 2020]	3	3
4SzD0wClEg9NKVJZbCRFqS	Ele A El Dominio	['reggaeton', 'reggaeton flow', 'trap boricua', 'trap latino', 'urbano latino']	[2018, 2019]	3	3
2iE18Oxc8YSumAU232n4rW	The Jackson 5	['motown', 'soul']	[2017, 2018, 2019, 2021]	3	0
3hteYQFiMFbJY7wS0xDymP	Gesaffelstein	['dark clubbing']	[2018, 2019]	3	3
5JYo7gm2dkyLLlWHjxS7Dy	Sandro Cavazza	['swedish pop']	[2017, 2018, 2019, 2020]	3	3
4GNC7GD6oZMSxPGyXy4MNB	Lewis Capaldi	['pop', 'uk pop']	[2019, 2020, 2021]	3	0
5BMgsAFg8rZQc3tqs5BB8G	Mecano	['cantautor', 'latin alternative', 'latin pop', 'rock en espanol', 'spanish pop', 'spanish pop rock']	[2017, 2018, 2019, 2020, 2021]	3	0
7MP4jhYmFEgb0AtiOkw55s	Play-N-Skillz	['chicano rap']	[2018, 2019, 2020]	3	3
6sq1yF0OZEWA4xoXVKW1L9	Alejandro Fernández	['latin arena pop', 'latin pop', 'mariachi', 'mexican pop', 'musica mexicana', 'ranchera']	[2017, 2019]	3	2
4sbKCRFKQ8sAUn1pWR5iKZ	Bombai	['spanish pop']	[2017, 2019, 2021]	3	1
0wi4yTYlGtEnbGo4ltZTib	Shakin' Stevens	['classic uk pop', 'rockabilly']	[2018, 2019, 2021]	3	0
0Zt1X6eSDuttQS3JHIyCvZ	Manolo Escobar	['copla', 'musica aragonesa', 'rumba']	[2018, 2019, 2020]	3	0
5KEG7G8LDYlHgFDqZyEEs2	Chris Rea	['soft rock', 'sophisti-pop']	[2017, 2018, 2019, 2020, 2021]	3	0
6HqgxkTt9KGyt27zYrwVan	Super Yei	['reggaeton', 'reggaeton flow', 'urbano latino']	[2018, 2019, 2020, 2021, 2022]	3	3
3FtVhV92rZyHa7ot2ioG5a	El Bobe	['drill espanol']	[2021, 2022]	3	3
2Xi0zO1N71Ff9KymMs93YX	LA YOUNG	[]	[2020, 2021, 2022]	3	0
0qKIWMnkTnpE06eoKG7Pf4	Fabbio	[]	[2020, 2021, 2022]	3	3
1l7ZsJRRS8wlW3WfJfPfNS	Christina Aguilera	['dance pop', 'pop']	[2018, 2021, 2022]	3	3
20taoPw3DvVajnkUySMckx	EZVIT 810	[]	[2021, 2022]	3	1
1hcdI2N1023RvSwLzTtdsp	Natalia Lafourcade	['latin alternative', 'latin pop', 'mexican pop', 'rock en espanol', 'veracruz indie']	[2017, 2021, 2022]	3	2
3Nbij6lwrwz0XB7HubxdN2	Los del Control	['flamenco urbano']	[2020, 2021, 2022]	3	3
4riOEaOW5hCeqomFDBk0aP	Rochy RD	['dembow', 'rap dominicano', 'trap latino']	[2021, 2022]	3	3
7qYeIN2r4H1kBvr0Gm9Iav	Randy	['reggaeton', 'urbano latino']	[2020, 2021, 2022]	3	3
4nXXIxTneJksvGXrlmX8oA	Kaydy Cain	['neoperreo', 'urbano espanol']	[2017, 2020, 2021, 2022]	3	3
7f5Zgnp2spUuuzKplmRkt7	Lost Frequencies	['belgian edm', 'edm', 'pop dance', 'tropical house']	[2017, 2022]	3	3
6sCbFbEjbYepqswM1vWjjs	Zendaya	['pop', 'post-teen pop']	[2018, 2022]	3	3
3KDXaImaYfNcLfhUKCrkBS	Original Elias	['flamenco urbano']	[2021, 2022]	3	3
2TzPi0fPdqVesjZ3Y2wY43	Orslok	['hyperpop en espanol']	[2021, 2022]	3	2
4PFgfReja3r59JaekHpeuf	El Taiger	['cubaton']	[2021, 2022]	3	3
42ppAzaKW3DW3bYRmxd1Dw	DJ Conds	['cubaton']	[2021, 2022]	3	3
0W8OiQzSH1G4o2rauWtZoE	Dj Keru	[]	[2018, 2022]	3	3
2iA56rE7fZUnD4GdsSUj3G	Galvan Real	['flamenco urbano', 'pop flamenco']	[2020, 2021, 2022]	3	1
1TA5sGRlKUJXBN4ZyJuDIX	Blessd	['reggaeton', 'urbano latino']	[2021, 2022]	3	3
0jnsk9HBra6NMjO2oANoPY	Flo Rida	['dance pop', 'miami hip hop', 'pop', 'pop rap']	[2017, 2018]	3	3
0N1TIXCk9Q9JbEPXQDclEL	Los Planetas	['granada indie', 'latin rock', 'rock andaluz', 'spanish indie pop', 'spanish modern rock', 'tontipop']	[2017]	3	1
6T5tfhQCknKG4UnH90qGnz	DNCE	['dance pop', 'pop']	[2017]	3	2
0c173mlxpT3dSFRgMO8XPh	Big Sean	['detroit hip hop', 'hip hop', 'pop rap', 'r&b', 'rap', 'southern hip hop', 'trap']	[2017, 2018]	3	2
4tZwfgrHOc3mvqYlEYSvVi	Daft Punk	['electro', 'filter house', 'rock']	[2017]	3	3
5ttV0N9HvMH3KLqNKcS2M0	Rosana	['cantautor', 'latin pop', 'mexican pop', 'musica canaria', 'spanish pop']	[2017, 2018, 2020, 2021]	3	1
2tY2GFdhH0Wa2VBvsxew5X	Alex Ubago	['latin arena pop', 'latin pop', 'spanish pop', 'spanish pop rock']	[2017, 2020]	3	1
5veVxxPm1vzgi6pO2iVA8L	Bruno Martini	['pop nacional']	[2017]	3	2
6J7biCazzYhU3gM9j1wfid	Jamiroquai	['dance pop']	[2017]	3	0
3nFkdlSjzX9mRTtwJOzDYB	JAY-Z	['east coast hip hop', 'gangster rap', 'hip hop', 'pop rap', 'rap']	[2017, 2018, 2021]	3	3
4D75GcNG95ebPtNvoNVXhz	AFROJACK	['big room', 'dance pop', 'dutch house', 'edm', 'electro house', 'pop dance', 'progressive electro house']	[2017, 2018]	3	3
5EvFsr3kj42KNv97ZEnqij	Shaggy	['dance pop', 'pop rap', 'reggae fusion']	[2017, 2018, 2020]	3	3
4u5smJBskI6Adzv08PuiUP	Kiiara	['alt z', 'electropop']	[2017]	3	3
0X2BH1fck6amBIoJhDVmmJ	Ellie Goulding	['indietronica', 'metropopolis', 'pop', 'uk pop']	[2017, 2018]	3	2
6kXm2YCtdUOpRYNKeKhfue	Ryan Gosling	['hollywood']	[2017]	3	2
5iNrZmtVMtYev5M9yoWpEq	Seeb	['pop dance']	[2017]	3	3
1d6dwipPrsFSJVmFTTdFSS	Paulina Rubio	['latin arena pop', 'latin pop', 'mexican pop']	[2017, 2018]	3	1
4ryoUS0W8qXokfMxrlJt6O	Skip Marley	['modern reggae']	[2017]	3	3
4IWBUUAFIplrNtaOHcJPRM	James Arthur	['pop', 'talent show', 'uk pop']	[2017, 2018]	3	0
4YXycRbyyAE0wozTk7QMEq	Matoma	['pop dance', 'tropical house']	[2017, 2018]	3	3
4lDBihdpMlOalxy1jkUbPl	Grey	[]	[2017, 2018]	3	3
5lFhCi03HDneWzvCxGctrT	Jory Boy	['reggaeton', 'trap latino', 'urbano latino']	[2017, 2018]	3	3
1uh9OOdPa89c5zPaOD6K2N	Rasel	['electro latino', 'flamenco urbano', 'pop flamenco']	[2017, 2020, 2021]	3	3
3AA28KZvwAUcZuOKwyblJQ	Gorillaz	['alternative hip hop', 'modern rock', 'rock']	[2017, 2018]	3	3
7hIqJfRYGBWWT1Qxu6Cpd2	Andy Rivera	['reggaeton', 'reggaeton colombiano', 'trap latino', 'urbano latino']	[2017]	3	2
4qBgvVog0wzW75IQ48mU7v	KYLE	['deep underground hip hop', 'indie pop rap', 'pop rap', 'viral trap']	[2017, 2018]	3	3
6icQOAFXDZKsumw3YXyusw	Lil Yachty	['atl hip hop', 'melodic rap', 'rap', 'trap']	[2017]	3	3
57WHJIHrjOE3iAxpihhMnp	Louis Tomlinson	['pop']	[2017]	3	2
73sIBHcqh3Z3NyqHKZ7FOL	Childish Gambino	['atl hip hop', 'hip hop', 'rap']	[2017, 2018, 2020]	3	0
3jGlU8UMMo44I2xeLQ6FD3	Dalmata	['reggaeton', 'urbano latino']	[2017, 2018, 2020]	3	3
4yiQZ8tQPux8cPriYMWUFP	Gwen Stefani	['dance pop', 'pop']	[2017, 2018, 2021]	3	3
5sK8BsvyDl4TFA6KaBf8or	Charly Black	['dancehall', 'jamaican dancehall']	[2017, 2018]	3	2
6LqNN22kT3074XbTVUrhzX	Kesha	['dance pop', 'pop']	[2017]	3	0
6kBzT6V8F4s0CnAx3Q6Ygk	Coral Cordobesa De Los Pedroches	['villancicos']	[2017]	3	0
6ModsWtBph2rE6zCTVxvZt	Maite Perroni	['latin pop', 'mexican pop']	[2017, 2018]	3	3
2wYOpkTJZGByNEOjEnSmoW	Revol	['reggaeton', 'reggaeton flow', 'trap latino', 'urbano latino']	[2017, 2018, 2021]	3	3
7hssUdpvtY5oiARaUDgFZ3	Ina Wroldsen	['norwegian pop']	[2017, 2018]	3	3
1AaN24tRzIpDKK54IRtdIe	Andrés Suárez	['cantautor', 'spanish rock']	[2017, 2020]	3	2
3ECsaSd1fom8coUUkkFzqt	Jeon	['ritmo kombina']	[2018]	3	3
5sqVBfJ96nXdHOG7jiWvKh	Josemi Carmona	['flamenco', 'flamenco guitar', 'nuevo flamenco']	[2018, 2020]	3	3
22P1OY4TRFRwhP0q29loQ8	Lali	['argentine telepop', 'pop argentino']	[2018, 2020, 2021]	3	3
5F1aoppMtU3OMiltO8ymJ2	Hugh Jackman	['hollywood', 'show tunes']	[2018]	3	3
28ZyhV1nImNAzePTCOnyR7	"Papa Noel ""Villancicos"""	['villancicos']	[2018, 2021]	3	0
4gOc8TsQed9eqnqJct2c5v	K/DA	['k-pop girl group']	[2018, 2020]	3	3
2AfmfGFbe0A0WsTYm0SDTx	(G)I-DLE	['k-pop', 'k-pop girl group']	[2018, 2020]	3	3
6Xgp2XMz1fhVYe7i6yNAax	Trippie Redd	['melodic rap', 'rap', 'trap']	[2018, 2020]	3	3
6U1dBXJhC8gXFjamvFTmHg	Zac Efron	['hollywood', 'movie tunes', 'post-teen pop']	[2018]	3	3
5ImkeVBlU11axX5QwOWg12	Black Jonas Point	['dembow', 'rap dominicano', 'trap dominicano']	[2018, 2020]	3	3
2OHKEe204spO7G7NcbeO2o	Ñejo	['reggaeton', 'urbano latino']	[2018, 2020]	3	3
4ygcJmgRCkZ0AoKkMt1xiZ	Karetta el Gucci	['dominican pop']	[2020, 2021]	3	1
6MPCFvOQv5cIGfw3jODMF0	Internet Money	['pop rap']	[2020, 2021]	3	3
2hlmm7s2ICUX0LVIhVFlZQ	Gunna	['atl hip hop', 'melodic rap', 'rap', 'trap']	[2020, 2021]	3	3
7rkW85dBwwrJtlHRDkJDAC	NAV	['canadian hip hop', 'canadian trap', 'melodic rap', 'rap', 'toronto rap', 'trap']	[2020, 2021]	3	3
6fWVd57NKTalqvmjRd2t8Z	24kGoldn	['cali rap']	[2020, 2021]	3	3
6ASri4ePR7RlsvIQgWPJpS	iann dior	['melodic rap']	[2020, 2021]	3	3
3wsYquQ9CiMlYG54BUR2ff	ZARAMAY	['argentine hip hop']	[2020, 2021]	3	3
0eDvMgVFoNV3TpwtrVCoTj	Pop Smoke	['brooklyn drill', 'rap']	[2020, 2021]	3	2
65UC5VKwU4vBSBSHckQd5l	Yay	[]	[2020, 2021]	3	3
6dvOnGc4bbTKOT12JJ2H6F	Maialen	['latin talent show']	[2020]	3	1
1XLWox9w1Yvbodui0SRhUQ	StaySolidRocky	['melodic rap']	[2020]	3	2
0NnUMWDCDi1snuMja6IdxH	Harry Nach	['trap chileno', 'urbano chileno']	[2020]	3	0
6ONwLtT6vOzlO3pfZNAOMw	Paris Boy	[]	[2020, 2021]	3	0
3m5qlPf2OkihLz3dRYnkPA	Ovy On The Drums	['colombian pop', 'reggaeton colombiano', 'urbano latino']	[2020, 2021]	3	3
1dC5z1xV5154vuTWXsmuVc	Lucas Otero	[]	[2020, 2021]	3	3
5lWasZeo8uWQk6GD8czJLq	Sen Senra	['urbano espanol']	[2020, 2021]	3	2
3v2sYzsuZVd0gAhMWgl9I7	Xavibo	['rap espanol', 'urbano espanol']	[2021]	3	3
4fxd5Ee7UefO4CUXgwJ7IP	Giveon	['r&b']	[2021]	3	2
4ssUf5gLb1GBLxi1BhPrVt	Jorge Drexler	['cantautor', 'latin afrobeat', 'latin alternative', 'latin rock', 'nueva cancion', 'trova']	[2021]	3	3
6tvDaHOPNWfkc9Q8IghqSR	Walls	['rap conciencia']	[2021]	3	3
0ZRBa9pTfhhCsJW95F1ugg	Yall	[]	[2017, 2019]	2	1
1ooV8YZC1KbpEcrmI8WH0F	Yebba	['pop soul']	[2019]	2	2
6nS5roXSAGhTGr34W6n7Et	Disclosure	['edm', 'house', 'indietronica', 'uk dance']	[2019, 2020]	2	2
6rRY793jdSneQ9aSy0RtMN	Marta Soto	['spanish pop']	[2019]	2	2
5JZ7CnR6gTvEMKX4g70Amv	Lauv	['pop']	[2017, 2019]	2	1
0MHgLfmQdutffmvWe5XBTN	Burl Ives	['adult standards', 'american folk revival']	[2018, 2019, 2020, 2021]	2	0
3OhUwA1syjRoS0WdUL0ATz	Guayna	[]	[2019]	2	0
4h6Eg0dBZ4Fr8vRcSn8r5r	Sharo Towers	[]	[2018, 2019]	2	2
2cWZOOzeOm4WmBJRnD5R7I	Normani	['pop', 'r&b']	[2018, 2019]	2	2
3QSQFmccmX81fWCUSPTS7y	Dean Lewis	['australian pop', 'singer-songwriter pop']	[2018, 2019]	2	0
4STHEaNw4mPZ2tzheohgXB	Paul McCartney	['beatlesque', 'classic rock', 'rock']	[2018, 2019, 2020, 2021]	2	0
4cPHsZM98sKzmV26wlwD2W	Brenda Lee	['adult standards', 'easy listening', 'lounge', 'rockabilly']	[2017, 2018, 2019, 2020, 2021]	2	0
43Hr2FjhVehkROIIEb7EfQ	Ms Nina	['neoperreo', 'rap latina']	[2017, 2019]	2	2
74KM79TiuVKeVCqs8QtB0B	Sabrina Carpenter	['pop']	[2019, 2021]	2	1
35S20clEkkSNUo23ViaslZ	Band Aid	['musical advocacy']	[2017, 2018, 2019, 2020, 2021]	2	0
7okwEbXzyT2VffBmyQBWLz	Maná	['latin arena pop', 'latin pop', 'latin rock', 'mexican pop', 'mexican rock', 'rock en espanol']	[2017, 2019]	2	2
5bzWtCkjIAMgN93gLt56SO	Tropkillaz	['afrofuturismo brasileiro', 'bass trap', 'funk carioca', 'pop nacional']	[2017, 2018, 2019]	2	2
76Xa625geVw0Q7BdyxNjA2	ZAAC	['funk carioca', 'funk ostentacao', 'funk pop']	[2017, 2018, 2019]	2	2
4ScCswdRlyA23odg9thgIO	Jess Glynne	['pop', 'uk pop']	[2018, 2019]	2	2
2U3FuHYvL3vhkbDAXm24Ep	Dan Caplen	['neo soul', 'uk contemporary r&b']	[2018, 2019]	2	2
1WsYCXdezMjn0KoIrLvMmC	Ed Sheeran & Justin Bieber	[]	[2019, 2020]	2	2
7Io0XduXk7aOHFHA7sLru2	Bonn	['swedish pop']	[2018, 2019]	2	2
3wtMPMvPtiFylbnNXF6CAj	Afro Bros	['basshall', 'dutch hip hop', 'dutch house']	[2019, 2020]	2	2
53KwLdlmrlCelAZMaLVZqU	James Blake	['art pop', 'indie soul', 'indietronica', 'neo soul', 'uk alternative pop']	[2019]	2	2
0YX8LuMQAh6ousnyhwXbkz	El Jhota	['flamenco urbano']	[2019, 2020, 2021]	2	1
4VIvfOurcf0vuLRxLkGnIG	Bradley Cooper	['hollywood']	[2018, 2019, 2020, 2021]	2	2
4sj6D0zlMOl25nprDJBiU9	Andy Williams	['adult standards', 'easy listening']	[2017, 2018, 2019, 2020, 2021]	2	0
3bgsNtcf5d5h9jbQbohfBK	Extremoduro	['indie extremena', 'spanish rock']	[2019]	2	0
5fJsY7afrbsyzJj9wdzJMh	"Tito ""El Bambino"""	['latin hip hop', 'reggaeton', 'urbano latino']	[2017, 2019]	2	1
2nm38smINjms1LtczR0Cei	Goodboys	['pop dance', 'uk dance']	[2019, 2020]	2	2
6J5DvhqOWQlM4RcdzePXEZ	Tutto Durán	['spanish pop']	[2017, 2019]	2	1
6gK1Uct5FEdaUWRWpU4Cl2	Petit Biscuit	['new french touch']	[2017, 2019]	2	0
1INuLZXjjVbcJRyWvD1iSq	Jack & Jack	['pop', 'teen pop']	[2018, 2019]	2	2
4ugGMtXC28CVR5hlYJy9wV	Luciana	['dance pop']	[2017, 2019]	2	2
3qiQUUvazYmo7tBgQeb2rf	Moonkey	['drill espanol', 'urbano espanol']	[2019, 2020]	2	2
1OBizG9nrnHJkrL9NjnWYN	Lucho SSJ	['trap argentino', 'trap chileno']	[2019]	2	2
1B0Rp4SWGnFgGCPU5Pju6E	Nego do Borel	['funk carioca', 'funk das antigas', 'funk ostentacao', 'funk pop', 'sertanejo universitario']	[2017, 2018, 2019]	2	2
5NGO30tJxFlKixkPSgXcFE	The Police	['album rock', 'classic rock', 'permanent wave', 'rock']	[2019, 2021]	2	0
0c2KfzRxChNVQBojuWKAb6	Parchis	['villancicos']	[2017, 2018, 2019, 2020, 2021]	2	0
40jZHpxIT7SOkZF9YrxGYq	Chris Viz	[]	[2019, 2020]	2	2
4xg5W9jELgt5ztW1CG3ErP	Young Vene	[]	[2019, 2020]	2	2
5yD3wtXDmbOloiFzO3km1M	LUNA KI	['hyperpop en espanol', 'urbano espanol']	[2019, 2021, 2022]	2	0
128ftF9X7Kd7Di2fq3wYVs	Jamby El Favo	['reggaeton', 'trap latino', 'urbano latino']	[2019, 2021]	2	2
391oLRVmoTkumiN79HkTWu	Darlene Love	[]	[2019, 2021]	2	0
0vRvGUQVUjytro0xpb26bs	Arizona Zervas	['pop rap', 'rhode island rap']	[2019, 2020]	2	0
1Vr7DTbtTpOp4tn4hAGOYo	Lirico En La Casa	['dembow', 'rap dominicano']	[2018, 2019]	2	2
0oSGxfWSnnOXhD2fKuz2Gy	David Bowie	['art rock', 'classic rock', 'glam rock', 'permanent wave', 'rock']	[2017, 2018, 2019]	2	1
4Wcscw7z9AAE6y7qWdIAin	Dylan Fuentes	['latin viral pop', 'reggaeton colombiano']	[2019]	2	2
41qil2VaGbD194gaEcmmyx	Will Smith	['hip hop', 'pop rap']	[2018, 2019]	2	2
1Aoj8qX6kPfLTagb7qbKg0	Kinder Malo	['urbano espanol']	[2017, 2019]	2	2
3uZFBSsMiooimnprFL9jD1	Snow	['canadian old school hip hop', 'reggae fusion']	[2019, 2020]	2	2
0JXiS2FrAg3wQYJHcmZdrc	B. Swanson Quartet	[]	[2017, 2018, 2019, 2020, 2021]	2	2
7uaIm6Pw7xplS8Dy06V6pT	Trevor Daniel	['melodic rap']	[2019, 2020]	2	0
2HkAI0YrEcgoR8QdaURqhO	Dimitri Vegas	['belgian edm']	[2017, 2019]	2	2
64J3ISAKbfg1CuP4CVCMlF	Nabález	['colombian pop']	[2018, 2019]	2	2
368rTiMKMrz3b03az6B14w	Marta Sánchez	['latin pop', 'spanish pop']	[2018, 2019]	2	2
1akovilveREPmx1E535jJU	Trapical	[]	[2018, 2019]	2	2
0fwnNjAay5ZHP5bAd63g8Y	Denom	['spanish hip hop', 'urbano espanol']	[2018, 2019]	2	2
6tbjWDEIzxoDsBA1FuhfPW	Madonna	['dance pop', 'pop']	[2019, 2020]	2	2
1phfTBIocBW3UwqcYjaEN6	Mike Bahía	['colombian pop', 'latin pop', 'reggaeton', 'reggaeton colombiano', 'urbano latino']	[2018, 2019]	2	2
4oVqMVHC03xnYJ7fyb1dh6	M-Clan	['cantautor', 'spanish new wave', 'spanish pop', 'spanish rock']	[2018, 2019, 2020]	2	0
66lf5bQo2BIEue1pxfgxQS	John C	['trap argentino']	[2019, 2020]	2	2
4x1nvY2FN8jxqAFA0DA02H	John Lennon	['beatlesque', 'classic rock', 'rock']	[2017, 2018, 2019, 2020, 2021]	2	2
2s4tjL6W3qrblOe0raIzwJ	Yoko Ono	['experimental', 'experimental pop']	[2017, 2018, 2019, 2020, 2021]	2	2
0pkwrPVI8UyXtPkavyJoZ4	A.CHAL	['canadian hip hop', 'trap soul']	[2018, 2019]	2	2
7rAjVJgwZhvmMIt5vfyNGn	Costa	['rap underground espanol', 'spanish hip hop', 'urbano espanol']	[2018, 2019]	2	2
4f9iBmdUOhQWeP7dcAn1pf	Rag'n'Bone Man	['neo soul']	[2017, 2019]	2	1
2NjfBq1NflQcKSeiDooVjY	Tones And I	['australian pop']	[2019, 2020, 2021]	2	0
39E15l8zeCDYpSZwFNX4G2	Eleni Foureira	['greek pop', 'laiko']	[2018, 2019]	2	0
21WS9wngs9AqFckK7yYJPM	PnB Rock	['melodic rap', 'rap', 'trap']	[2019]	2	2
4EiI7Vls0NB16jLuexzCHC	Paula Cendejas	['r&b en espanol']	[2019, 2020]	2	1
0yfhOzsYbBALSbWK4DjpCh	Pedro Calderon	['flamenco urbano']	[2019, 2020]	2	2
1qto4hHid1P71emI6Fd8xi	Aventura	['bachata', 'bachata dominicana', 'latin hip hop', 'latin pop', 'tropical', 'urbano latino']	[2019, 2021, 2022]	2	1
4JreHVYyb6GqE2BU03Kx96	Dayme y El High	['reggaeton', 'reggaeton flow', 'trap latino', 'urbano latino']	[2017, 2019]	2	2
3v6Ji4uoWtKRkhuDUaxi9n	Dynoro	['edm']	[2018, 2019, 2020]	2	2
00CMSJdbf36zOzKB3z8JrR	Victor Cardenas	[]	[2019, 2020, 2021, 2022]	2	2
3klZnJvYGIbWritVwQD434	Duncan Laurence	['dutch pop']	[2019, 2021]	2	0
2raERfjzsdnUUQeZSge5eZ	Sammy	[]	[2018, 2019, 2020, 2021, 2022]	2	2
48vP5SxlTO6yOI7SLKIOQV	Obie Wanshot	['trap argentino']	[2019, 2020]	2	2
3XOMOMdcShaVEZi9xtuMNu	Naes Beats	[]	[2019, 2020]	2	2
3q7HBObVc0L8jNeTe5Gofh	50 Cent	['east coast hip hop', 'gangster rap', 'hip hop', 'pop rap', 'queens hip hop', 'rap']	[2017, 2018, 2019]	2	2
1T7nUn5Rl3Rmu4HgyIckl7	Tensei One	[]	[2022]	2	2
6n28c9qs9hNGriNa72b26u	PNAU	['alternative dance', 'aussietronica', 'australian dance', 'australian electropop']	[2021, 2022]	2	2
7j6DKwmjbxvpQO8h914uEz	Ryan Castro	['reggaeton', 'trap colombiano', 'trap latino', 'urbano latino']	[2022]	2	0
7xtnpHS34mLlxGZDVUBHSU	La Húngara	['pop flamenco', 'rumba', 'spanish pop', 'spanish pop rock']	[2020, 2021, 2022]	2	2
38fj30EaPzIxhpEuhdPZ6q	alPeDue	[]	[2021, 2022]	2	2
3J1MhhyXLJRNRZVrx11Lbf	Cyril Kamer	['drill espanol']	[2021, 2022]	2	1
58ZTr51uERVdMQbfDbc5B3	Nena Daconte	['spanish pop']	[2021, 2022]	2	0
2p4aN0Uxkk3iT3HK0cJ2cJ	Tokischa	['rap latina', 'trap dominicano']	[2021, 2022]	2	2
4IG1SDlwgNKzqTmjBrvY3K	Rei	['trap argentino']	[2021, 2022]	2	2
5Q30fhTc0Sl0Q4C5dOjhhQ	La La Love You	['spanish indie pop', 'tontipop']	[2020, 2021, 2022]	2	2
31IVfzTQ5bAPL8XMrO6dVx	Axolotes Mexicanos	['tontipop']	[2020, 2021, 2022]	2	2
5RK6c1tyaKpwcDpbgCGNgj	El Canto Del Loco	['latin arena pop', 'spanish pop', 'spanish pop rock']	[2020, 2021, 2022]	2	0
048LktY5zMnakWq7PTtFrz	CKay	['afro r&b', 'afrobeats']	[2021, 2022]	2	1
1Z25ZlGHqqlr3o1UGQOfNn	JNR CHOI	['gambian hip hop']	[2022]	2	1
0IEzMvarfVycBJAXjjEZOL	La Pantera	['rap canario']	[2022]	2	2
0adJG3bdFTHCkTY28NkY4u	Bejo	['rap canario', 'spanish hip hop', 'urbano espanol']	[2021, 2022]	2	2
00vsUIEaNHw6qoQnh8DQM2	EL IMA	[]	[2022]	2	2
1Cd373x8qzC7SNUg5IToqp	BoyWithUke	['sad rap']	[2021, 2022]	2	0
6wcKDqJRY3TzbcdRKo6EiE	Jone Quest	[]	[2020, 2021, 2022]	2	2
6m735GSES3duQtLrgqoGUb	KG970	['drill espanol']	[2022]	2	1
2txHhyCwHjUEpJjWrEyqyX	Tom Odell	['chill pop']	[2020, 2022]	2	0
2SNfNJDsahTSVFwgxposF5	Soge Culebra	['rap conciencia', 'spanish hip hop']	[2018, 2022]	2	2
5TDssiSO1YPd3BINGZx3XP	Kiko Veneno	['cantautor', 'flamenco', 'flamenco fusion', 'rock andaluz', 'rumba', 'spanish new wave']	[2021, 2022]	2	2
6U3ybJ9UHNKEdsH7ktGBZ7	JID	['hip hop', 'rap', 'underground hip hop']	[2021, 2022]	2	2
57nPqD7z62gDdq37US9XJR	Arcane	[]	[2021, 2022]	2	2
1F2erLLqRHbaFvEYHeVIHJ	Foyone	['boom bap espanol', 'rap politico', 'spanish hip hop', 'urbano espanol']	[2021, 2022]	2	2
75CrPxuxEtojeIeFidQeMH	Sceno	[]	[2018, 2021, 2022]	2	2
224rbIjYbXaTI7lnP2ZMNJ	ToteKing	['boom bap espanol', 'rap underground espanol', 'spanish hip hop']	[2017, 2021, 2022]	2	2
0L1f9i3L3fkMNENljDOsjG	Rocco Hunt	['italian adult pop', 'italian hip hop', 'italian pop', 'pop virale italiano', 'rap napoletano']	[2020, 2021, 2022]	2	2
6gyhsZUy2fzzWZBRVPmOw4	Soto Asa	['urbano espanol']	[2020, 2021, 2022]	2	1
6NmMI7UnfmIpLRYoz8H9jm	Ankhal	['trap latino', 'urbano latino']	[2020, 2022]	2	2
2LIk90788K0zvyj2JJVwkJ	Jack Harlow	['deep underground hip hop', 'kentucky hip hop', 'pop rap', 'rap']	[2021, 2022]	2	2
5sK9Bieh35VgebRY9dm7jg	C de Cama	['flamenco urbano']	[2021, 2022]	2	2
6pJPxDgaE0H343SrASnY9J	Yesan 雪山	[]	[2020, 2022]	2	2
0Wn7tfH4rhaWTn8aMqSgh6	La Bien Querida	['spanish indie pop']	[2017]	2	2
6d47Z08T4snK50HgTEHo5Z	Sage The Gemini	['hyphy', 'pop rap', 'southern hip hop', 'trap']	[2017]	2	0
3OcvS8PzSGYMBvLdzY6g3e	Silvestre Dangond	['colombian pop', 'vallenato', 'vallenato moderno']	[2017]	2	2
5NS0854TqZQVoRmJKSWtFZ	Chino & Nacho	['electro latino', 'latin hip hop', 'latin pop', 'urbano latino']	[2017, 2018]	2	2
25tMQOrIU4LlUo6Sv8v5SE	Gavin James	['irish pop']	[2017]	2	2
1VrWc8r4AjrR8YfT0vlsc7	Chyno Miranda	['latin pop', 'reggaeton', 'urbano latino']	[2017]	2	2
1kUrqRqUOsCLLvBHStRYVB	Sanco	[]	[2017]	2	2
5yG7ZAZafVaAlMTeBybKAL	Iggy Azalea	['australian hip hop', 'dance pop', 'pop']	[2017]	2	1
25uiPmTg16RbhZWAqwLBy5	Charli XCX	['art pop', 'candy pop', 'metropopolis', 'pop', 'uk pop']	[2017, 2018]	2	2
7K9rdoOJSiKXoVXPlSkGKT	Paty Cantú	['latin arena pop', 'latin pop', 'mexican pop']	[2017, 2018]	2	2
5xd2Tg7Zo8755eCy8Gxkp8	Ha*Ash	['latin arena pop', 'latin pop', 'mexican pop']	[2017, 2018]	2	2
0lM8pgLaP7dAfY5E4jLNuj	Deb’s Daughter	[]	[2017]	2	2
0NGAZxHanS9e0iNHpR8f2W	Alok	['electro house', 'pop nacional', 'sertanejo universitario', 'slap house']	[2017, 2018]	2	2
7s02NaYKlhBogAMJ94W8CW	DCS	['dominican pop', 'electro bailando', 'electro latino']	[2017]	2	2
7gAppWoH7pcYmphCVTXkzs	The Vamps	['boy band', 'pop']	[2017]	2	2
4AKwRarlmsUlLjIwt38NLw	Ofenbach	['pop dance']	[2017, 2018]	2	1
1UjxAZqzphB1tsMb1aWBj0	Omega	['rap dominicano']	[2017, 2020]	2	1
13ubrt8QOOCPljQ2FL1Kca	A$AP Rocky	['east coast hip hop', 'hip hop', 'rap', 'trap']	[2017, 2018]	2	2
2h93pZq0e7k5yf4dywlkpM	Frank Ocean	['lgbtq+ hip hop', 'neo soul']	[2017]	2	2
6veh5zbFpm31XsPdjBgPER	BIA	['rap latina', 'trap queen']	[2017, 2018]	2	2
6fOMl44jA4Sp5b9PpYCkzz	NF	['hip hop', 'pop rap']	[2017, 2018]	2	0
0XK6kT7xcZAlcYrNjOgzJe	Carla Morrison	['mexican pop']	[2017, 2018]	2	2
79QO0Xmn1dZhvaLicS2Yrs	The Night Game	['modern alternative rock']	[2017]	2	2
5M0lbkGluOPXLeFjApw8r8	DRAM	['pop rap', 'trap', 'underground hip hop', 'viral trap', 'virginia hip hop']	[2017]	2	2
4GAS1OgXh8D5pEA6s6eBNW	Valentino	['reggaeton']	[2017, 2018]	2	2
0D48D7HFC7NtWKftvsDIXq	Sweet California	['latin viral pop']	[2017]	2	1
4ON1ruy5ijE7ZPQthbrkgI	Burak Yeter	['electro house']	[2017]	2	2
7Dz9goFmVZZqvJxZoKg7pF	Danelle Sandoval	['nyc pop']	[2017]	2	2
2LZDXcxJWgsJfKXZv9a5eG	Cashmere Cat	['downtempo', 'electropop', 'shiver pop']	[2017, 2018]	2	2
2JPHexLGEM1hT0Jli8rztQ	Manel Navarro	[]	[2017]	2	0
4Esb8jfP35nF3O85C0jgKC	Gadiel	['reggaeton']	[2017]	2	2
4utLUGcTvOJFr6aqIJtYWV	Skylar Grey	['piano rock', 'viral pop']	[2017]	2	2
2KsP6tYLJlTBvSUxnwlVWa	Mike Posner	['dance pop', 'pop', 'pop rap']	[2017]	2	2
02A3cEvlLLCbIMVDrK2GHV	Starley	['aussietronica']	[2017]	2	2
33JQK4UoS2aMPYBfdB5Ftt	Ryan Riback	['melbourne bounce']	[2017]	2	2
0GgyFUpOyzWDRDqx8FCTDN	Baby Rasta	['reggaeton', 'trap latino', 'urbano latino']	[2017]	2	2
0uGk2czvcpWQA383Im6ajf	Maggie Lindemann	['alt z', 'dark pop', 'pop']	[2017]	2	2
0CEK8AzyeD5ZUdUloB6yQV	CADE	['pop edm']	[2017]	2	2
4iskZiURUeGrFszONfpCCB	TheGrefg	['latin viral rap']	[2017, 2020]	2	2
1UTPBmNbXNTittyMJrNkvw	Blake Shelton	['classic oklahoma country', 'contemporary country', 'country', 'country road']	[2017, 2021]	2	2
4AVFqumd2ogHFlRbKIjp1t	Alesso	['dance pop', 'edm', 'electro house', 'pop', 'pop dance', 'progressive electro house']	[2017, 2018]	2	1
3b8QkneNDz4JHKKKlLgYZg	Florida Georgia Line	['contemporary country', 'country', 'country pop', 'country road', 'modern country rock']	[2017, 2018]	2	2
0B0esAjCSSwycZDx1bhpmD	Leire Martinez	[]	[2017, 2018]	2	2
5jAMCwdNHWr7JThxtMuEyy	NOTD	['electropop', 'pop dance', 'pop edm']	[2017, 2018]	2	2
3c55dzx6W0ZFs0frtEgIsm	Sunstroke Project	['moldovan pop']	[2017]	2	0
6AT27ojKlBuZToFIGwQZDc	Sammy & Falsetto	['reggaeton', 'reggaeton flow', 'urbano latino']	[2017, 2020, 2021]	2	2
1JbemQ1fPt2YmSLjAFhPBv	Chayanne	['latin pop', 'puerto rican pop']	[2017]	2	1
0SONU0t2JRj0vEdRIUnkir	Grupo Infantil Guarderia Pon	['musica para ninos']	[2017]	2	0
3XcCT5MPlQPWFTJyzXbfuX	Maejor	['detroit hip hop', 'pop r&b']	[2017, 2018, 2020]	2	2
2SrSdSvpminqmStGELCSNd	Stormzy	['grime', 'uk hip hop']	[2017]	2	2
3mOsjj1MhocRVwOejIZlTi	Lori Meyers	['granada indie', 'spanish indie pop']	[2017]	2	0
0i5iO6icb7kxg48thi9gBM	Manuel Medrano	['colombian pop']	[2017, 2020]	2	2
6VD4UEUPvtsemqD3mmTqCR	Deorro	['dutch house', 'edm', 'electro house', 'melbourne bounce', 'melbourne bounce international', 'pop dance', 'progressive electro house']	[2017, 2018]	2	2
12Chz98pHFMPJEknJQMWvI	Muse	['modern rock', 'permanent wave', 'rock']	[2017, 2018]	2	0
17lzZA2AlOHwCwFALHttmp	2 Chainz	['atl hip hop', 'hip hop', 'pop rap', 'rap', 'southern hip hop', 'trap']	[2017, 2018]	2	2
4Rxn7Im3LGfyRkY2FlHhWi	Nick Jonas	['dance pop', 'pop']	[2017]	2	1
4OkeTQCk0fvX6VBYpOOxDi	Amaral	['latin arena pop', 'musica aragonesa', 'spanish pop', 'spanish pop rock', 'spanish rock']	[2017, 2020]	2	1
0AspLZGQkP38yddNoD0pLn	Mario Bautista	['latin viral pop', 'mexican pop', 'reggaeton mexicano']	[2017, 2018]	2	1
0b2GL7Y02vu50qieoQmw1w	IAmChino	['cubaton', 'reggaeton']	[2017, 2018, 2021]	2	2
360IAlyVv4PCEVjgyMZrxK	Miguel	['r&b']	[2017, 2018]	2	2
6DmtHRJCb22vH4IYQkwCRZ	Mireya Bravo	['latin talent show']	[2017, 2018]	2	1
2Ynst7DZrEJnlaMM41ZCxd	La Casa Azul	['spanish indie pop', 'tontipop']	[2017, 2020]	2	0
47sfJLBodmgIFXtpY3fork	JEDET	['draga']	[2017]	2	2
293zczrfYafIItmnmM3coR	Chuck Berry	['blues', 'blues rock', 'classic rock', 'rock', 'rock-and-roll', 'rockabilly', 'soul']	[2017, 2020]	2	0
3StB6ddX8vfwCGVD9HlNUw	Take A Daytrip	[]	[2018]	2	2
6t1gpxYbY8OlLA7D2RiikQ	Loud Luxury	['edm', 'pop dance']	[2018]	2	2
5uEeqYFuIChoWKy34jp8xE	Brando	['dance pop', 'pop dance']	[2018]	2	2
4YLtscXsxbVgi031ovDDdh	Chris Stapleton	['contemporary country', 'outlaw country']	[2018]	2	2
4IVAbR2w4JJNJDDRFP3E83	6LACK	['atl hip hop', 'melodic rap', 'r&b', 'rap', 'trap']	[2018, 2021]	2	2
3gTZHK9u10mTyoEoT9tJaE	Lean Trap	[]	[2018]	2	0
7waNCUQ1Ne7OoNHgqpgMZ7	Luis Figueroa	[]	[2018]	2	2
1zBY2uQAr60siJjrsWkbsn	Danni Ble	['urbano espanol']	[2018]	2	2
3jFjgKOGfVLWfXX8q5wrsg	R.K.M & Ken-Y	['reggaeton']	[2018]	2	2
2kCcBybjl3SAtIcwdWpUe3	Lil Peep	['cloud rap', 'emo rap', 'lgbtq+ hip hop']	[2018]	2	2
0IsDyC7yhWO36zl3qlFzGH	Don Khuma	[]	[2018]	2	0
4ZvaqTTKRSOdPsuNBU9kSO	Santi Balmes	[]	[2018, 2020]	2	2
4xvB67czbtvemGVXGa81oK	La Pegatina	['rumba catalana', 'spanish rock']	[2018, 2020]	2	2
2wIVse2owClT7go1WT98tk	Missy Elliott	['dance pop', 'hip hop', 'hip pop', 'neo soul', 'pop rap', 'r&b', 'rap', 'urban contemporary', 'virginia hip hop']	[2018, 2020]	2	2
2kRfqPViCqYdSGhYSM9R0Q	Madison Beer	['pop']	[2018, 2020]	2	2
0tRFWXqKBBQcu5oFVOgVzX	Jaira Burns	['alt z']	[2018, 2020]	2	2
1pPmIToKXyGdsCF6LmqLmI	Rich The Kid	['atl hip hop', 'melodic rap', 'plugg', 'rap', 'trap']	[2018]	2	1
7HV2RI2qNug4EcQqLbCAKS	Keala Settle	['broadway', 'hollywood', 'show tunes']	[2018]	2	2
63nv0hWWDob56Rk8GlNpN8	The Greatest Showman Ensemble	['movie tunes']	[2018]	2	2
4Z4afeDmHFxPmJorIwupbZ	Netta	['israeli pop']	[2018]	2	0
0z4gvV4rjIZ9wHck67ucSV	Akon	['dance pop']	[2018]	2	2
4LbuSjHhhAddvN44qXpRJo	Amaia Montero	['latin arena pop', 'latin pop', 'spanish pop', 'spanish pop rock']	[2018]	2	0
46SHBwWsqBkxI7EeeBEQG7	Kodak Black	['florida drill', 'florida rap', 'melodic rap', 'miami hip hop', 'rap', 'trap', 'trap latino']	[2018]	2	2
5R3Hr2cnCCjt220Jmt2xLf	Dillon Francis	['brostep', 'edm', 'electro house', 'moombahton', 'pop dance', 'progressive electro house', 'slap house']	[2018]	2	2
4exLIFE8sISLr28sqG1qNX	Travis Barker	['rap rock']	[2018, 2020]	2	2
6WY7D3jk8zTrHtmkqqo5GI	Maren Morris	['classic texas country', 'contemporary country']	[2018]	2	2
39yVoqm6sYFvvqF1RciUVf	Carlos Rivera	['latin arena pop', 'latin pop', 'mexican pop', 'musica tlaxcalteca']	[2018, 2021]	2	1
1o2NpYGqHiCq7FoiYdyd1x	Bea Miller	['alt z', 'pop', 'talent show']	[2018, 2020]	2	2
5ZXW1ZjN2GfoTBvG0hCpc6	Juan Antonio	['latin talent show']	[2018]	2	0
4zTLrRqcBmj7ZDuLUrKBL1	Yashua	['r&b en espanol']	[2018]	2	0
3VCrybIJKH7UurbDcZbMmn	Cami	['latin pop', 'pop chileno']	[2018, 2021]	2	2
2w1wJcGdJQ4Lw08oKBnDsw	El Jincho	['bases de freestyle', 'urbano espanol']	[2020, 2021]	2	1
7A02nc5WKMBLqSKXxGZ4o8	Llane	['reggaeton colombiano']	[2020]	2	2
79ehGac6casNGvc5n8XL7J	ARON	['trap triste']	[2020, 2021]	2	2
3OQumEuDR7ZpOYpYoXrT14	Skechi	[]	[2020, 2021]	2	1
5L6WDyrviuO7HkNgMdDeCa	Rafa Romera	['latin talent show']	[2020]	2	2
3SUT1jjM5hzZj9TLfLZGIP	Tego Calderón	['latin hip hop', 'rap boricua', 'reggaeton', 'trap latino', 'urbano latino']	[2020]	2	2
0s0OxZHyqDHEwPDOQuUxws	Pablo Gareta	[]	[2020]	2	2
0u6GtibW46tFX7koQ6uNJZ	Topic	['german dance', 'pop dance', 'pop edm', 'uk dance']	[2020, 2021]	2	2
5Wg2b4Mp42gicxEeDNawf7	A7S	['pop dance', 'scandipop', 'uk dance']	[2020, 2021]	2	2
6ZtLRqHEkAXPWVw0eRbDac	Jeeiph	['trap latino', 'trap venezolano', 'urbano latino']	[2020, 2021]	2	0
0SquRSkIJbzPqCUxG2EZMi	Alice Wonder	['spanish indie pop']	[2020]	2	2
5m5mdpE5ZDrHVKjvdc0AZQ	Gese Da O	['boom bap espanol']	[2020]	2	2
4gnG14mIS3ejJyqqyJHhsN	Pilar Moxó	[]	[2020, 2021]	2	2
3HH6yOn1yJNZo3RY5zEfy5	Javiielo	['reggaeton flow', 'urbano latino']	[2020, 2021]	2	1
5hkhk70G8Pu9UCcfR7OKED	Javy Ramírez	[]	[2020]	2	1
6mkRgafSHF30Dr2wEch4YU	ONIRIA	['trap argentino']	[2020]	2	2
0ndVqPlOidgsJ4yB3Fc5ec	Adexe & Nau	['latin viral pop']	[2020]	2	0
0ZiG3Fe4yVcYjUCZHmAzVQ	El Daddy	['flamenco urbano']	[2020]	2	2
757aE44tKEUQEqRuT6GnEB	Roddy Ricch	['melodic rap', 'rap', 'trap']	[2020, 2021]	2	1
7gGKjAXKRyDUhSUhFDIaAW	Lupita's Friends	['rap espanol']	[2020]	2	2
384MqcXCGGFh9UcjI5Tpc5	Eix	['reggaeton flow', 'trap latino', 'urbano latino']	[2020, 2021]	2	2
6Nl4VXcX86fBMO4YE6oYfN	Asan	['trap triste']	[2020]	2	2
5ChiL2aAGunqF9P4m3giP1	BRONQUIO	['spanish electronic']	[2020]	2	2
1x3sK4jfmo0k4DsOnbgFRO	Jambo	[]	[2020]	2	2
6qyklgt2wzPT7KRdu15ZFL	Love Yi	['urbano espanol']	[2020]	2	2
2CRUMWHxN6hr9Ju8YBtDCr	Bruno Alves	['latin talent show']	[2020]	2	2
76whng5pl9msPkkjFUtWYn	Tempo	['reggaeton', 'trap latino', 'urbano latino']	[2020]	2	2
3hcs9uc56yIGFCSy9leWe7	Lil Durk	['chicago drill', 'chicago rap', 'drill', 'hip hop', 'rap', 'trap']	[2020, 2021]	2	2
0XwYf0nSP6fpUCMRjnfiwo	Dualy	['rap espanol']	[2020, 2021]	2	2
5H18IK2f3v053mJ4t5at8w	Alex Martini	[]	[2020]	2	2
6RWMnZmXs8Ob715qLr4374	Aissa	['urbano espanol']	[2020]	2	2
2XcZshqzPKm3iZcmt73R8D	Pablo Chill-E	['trap chileno', 'urbano chileno', 'urbano latino']	[2020]	2	2
5SulO4l40qDuV9zUGLZx7n	Capo Plaza	['italian hip hop', 'italian pop', 'trap italiana']	[2020, 2021]	2	2
4uiEeT7dw0guTJ5CPMsX83	SHB	[]	[2020]	2	2
0W7oBn4W3biry1eehAk8wu	Albany	['urbano espanol']	[2020, 2021]	2	2
4YlhuV7FMCEIc8DPz99Mn5	Ariadna	['latin talent show']	[2020]	2	1
4s6Xg38sbqh4xpf4OqhVUK	iZaak	['reggaeton flow', 'trap latino', 'urbano latino']	[2020, 2021]	2	2
7kXCcNRLEnblbTAppPraBp	Milly	['urbano latino']	[2020, 2021]	2	2
4tRIJ4uToKp0kihbqnZJML	Chica Sobresalto	['tontipop']	[2020]	2	1
2TQ4CGgxxCWHqa9yYIGDoU	Big Soto	['trap latino', 'trap venezolano', 'urbano latino', 'venezuelan hip hop']	[2020, 2021]	2	2
4bODqflR0Wo3i3fCwwCIPq	Lenny Santos	[]	[2020, 2021]	2	2
6jGMq4yGs7aQzuGsMgVgZR	Lil Tjay	['brooklyn drill', 'melodic rap', 'nyc rap', 'rap']	[2020, 2021]	2	2
7E4MR6ZE2UbRDkycj6bQFo	Salcedo Leyry	['flamenco urbano']	[2020, 2021]	2	2
137W8MRPWKqSmrBGDBFSop	Wiz Khalifa	['hip hop', 'pittsburgh rap', 'pop rap', 'rap', 'southern hip hop', 'trap']	[2020, 2021]	2	2
1fURW117sgaPpgIoz8YLXW	Fresquito	['rap espanol', 'tontipop']	[2021]	2	2
1hus2QLWtdEpTUSgopRRZq	Mango	['tontipop']	[2021]	2	2
3tAICgiSR5PfYY4B8qsoAU	Andrés Calamaro	['argentine rock', 'cantautor', 'latin alternative', 'latin rock', 'pop argentino', 'rock en espanol']	[2021]	2	2
2xIWjLEjEkPdclYsGGMTpK	B10	['drill espanol']	[2021]	2	0
2hejA1Dkf8v8R0koF44FvW	Gera MX	['mexican hip hop', 'rap conciencia']	[2021]	2	2
5nKGeITSNCVP76muyOlszy	Elsa y Elmar	['colombian indie', 'colombian pop', 'r&b en espanol']	[2021]	2	2
11usEAQkFE6UJwsyAKkchi	Caleb Calloway	[]	[2021]	2	2
5L1lO4eRHmJ7a0Q6csE5cT	LISA	['k-pop']	[2021]	2	1
1uU7g3DNSbsu0QjSEqZtEd	Masked Wolf	['australian hip hop']	[2021]	2	0
0LcJLqbBmaGUft1e9Mm8HV	ABBA	['europop', 'swedish pop']	[2021]	2	0
2o08sCWF5yyo2G4DCiT7T9	HVME	['slap house']	[2021]	2	1
09ryxLeU3mzmubZtcyDGdA	David Marley	[]	[2021]	2	2
438nTuoZFCZCyBl33jE9dU	Ashafar	['dutch hip hop']	[2021]	2	2
6ddcxDK0BEkhe5LCdoA5Ki	Nickzzy	['drill espanol']	[2021]	2	0
7rPqFVgJYARiFsLDlN6W6y	Toquinho	['bossa nova', 'mpb', 'samba', 'violao']	[2021]	2	2
4axKuDPr6WKcDCyh8vueTY	Luar La L	['trap latino', 'urbano latino']	[2021]	2	2
4lianjyuR1tqf6oUX8kjrZ	Franco Battiato	['classic italian pop', 'experimental', 'italian adult pop']	[2021]	2	0
6cNWiizYLCClZdnIvqU968	AriBeatz	[]	[2021]	2	2
0GgY7hjMoGDsX8ZDe2mwds	Soolking	['french hip hop', 'pop urbaine', 'r&b francais', 'rap algerien']	[2021]	2	2
21UPYSRWFKwtqvSAnFnSvS	Amaarae	['afro r&b', 'afrobeats', 'alternative r&b', 'ghanaian alternative', 'ghanaian pop']	[2021]	2	2
2hVWBpjLW4Q7fboYz2pVYK	Moliy	['ghanaian alternative']	[2021]	2	2
54R6Y0I7jGUCveDTtI21nb	Boney M.	['europop']	[2021]	2	1
3jK9MiCrA42lLAdMGUZpwa	Anderson .Paak	['escape room', 'hip hop', 'indie soul', 'neo soul']	[2021]	2	2
6PvvGcCY2XtUcSRld1Wilr	Silk Sonic	['neo soul']	[2021]	2	2
7cYik4OyfBXYV5Z2TI7p90	Farina	['colombian pop', 'rap latina', 'reggaeton colombiano', 'trap latino', 'urbano latino']	[2021]	2	2
3CLzGEm4DCOh5ouaMm6mZs	El Villanord	[]	[2021]	2	2
4ncaw2cfA3Wlly1tBD2eWt	Yailin la Mas Viral	['dembow', 'dembow dominicano']	[2021]	2	2
5W9RX9DoA3MSvQGnoIgs7X	Jesús Reik	[]	[2018, 2019, 2020]	1	1
1ImywUogV5mfqWMyXEvkgE	Judit Neddermann	['cantautor catala', 'indie catala']	[2019]	1	1
2KaaIknCVW5SstugreNkha	Alberto Gambino	['spanish hip hop']	[2019]	1	0
1sSjBN7wUrQBTgcjSNEnI5	Royale Avenue	[]	[2019]	1	1
1YjaVTeHBlVRRxbk7H30HN	Lunis	[]	[2019]	1	1
5JMLG56F1X5mFmWNmS0iAp	Chelsea Cutler	['alt z']	[2019]	1	1
7mcJN2bWqCv7jvykgHp4KN	La Nueva Escuela	['dembow']	[2019, 2020]	1	1
7hJcb9fa4alzcOq3EaNPoG	Snoop Dogg	['g funk', 'gangster rap', 'hip hop', 'pop rap', 'rap', 'west coast rap']	[2019, 2020]	1	1
2ysnwxxNtSgbb9t1m2Ur4j	George Ezra	['folk-pop', 'neo-singer-songwriter']	[2018, 2019]	1	0
3aO2Q4cXKGxsh87bX4Oavo	KILATE TESLA	[]	[2019]	1	1
3ADyFy1orEwODaiHmRRMQp	Puri	['basshall']	[2019]	1	1
0chh7dlaUzEreDTulHiOlm	KEiiNO	['norwegian pop', 'sami']	[2019]	1	0
4RfTXjK9aiiIKDaKUHpL57	Busy Signal	['dancehall', 'jamaican dancehall', 'reggae fusion']	[2019, 2020]	1	1
658X86qMyJpSRY87oPvExU	Shelow Shaq	['dembow', 'rap dominicano']	[2019, 2020]	1	1
3K9mA5caqvridbPbKHwMFl	natos	[]	[2019]	1	0
1c7dIKNsUH2LZ998pvirXH	Adrià Salas	['musica catalana']	[2019]	1	1
6USMTwO0MNDnKte5a5h0xx	Y2K	['pop rap', 'viral rap']	[2019, 2020]	1	1
41X1TR6hrK8Q2ZCpp2EqCz	bbno$	['canadian hip hop', 'dark trap', 'meme rap']	[2019, 2020]	1	1
1MIVXf74SZHmTIp4V4paH4	Mabel	['pop', 'uk pop']	[2019]	1	0
63XBtGSEZINSyXylZxEUbv	Victoria Monét	['alternative r&b']	[2019]	1	1
77tT1kLj6mCWtFNqiOmP9H	Daryl Hall & John Oates	['album rock', 'classic rock', 'heartland rock', 'mellow gold', 'rock', 'singer-songwriter', 'soft rock', 'yacht rock']	[2018, 2019, 2020, 2021]	1	0
6ZjFtWeHP9XN7FeKSUe80S	Bing Crosby	['adult standards', 'easy listening', 'lounge']	[2017, 2018, 2019, 2020, 2021]	1	1
69UfPJgUmFFAVT740qGVZi	Ken Darby Singers	[]	[2017, 2018, 2019, 2020, 2021]	1	1
735L650pvygCZZlPMyHqsN	John Scott Trotter & His Orchestra	['light music']	[2017, 2018, 2019, 2020, 2021]	1	1
3Y7RZ31TRPVadSFVy1o8os	H.E.R.	['r&b', 'rap']	[2019]	1	1
5UjifI1TYefXWn9GdqDOHl	Social House	[]	[2019]	1	1
6SGvRyZuaSuWmP6IWUKpGf	Kenny Man	['panamanian pop']	[2018, 2019]	1	0
1K8oe4USPhb5ps7UU8gcuJ	Maria Escarmiento	[]	[2019]	1	1
7pLntWGInZPQxc4kXxzzjB	Liz Gillies	[]	[2018, 2019, 2020]	1	1
5IH6FPUwQTxPSXurCrcIov	Alec Benjamin	['alt z', 'pop', 'pov: indie']	[2019]	1	0
3CjlHNtplJyTf9npxaPl5w	CHVRCHES	['indietronica', 'metropopolis', 'neo-synthpop', 'shimmer pop']	[2019]	1	1
0SbrR0n1dENC05Dg3Wt5wH	Juancho Sidecars	[]	[2019, 2020]	1	1
59wfkuBoNyhDMQGCljbUbA	Diddy	['dance pop', 'east coast hip hop', 'hip hop', 'hip pop', 'pop rap', 'rap']	[2019]	1	1
40tHhop0T30DwienQBmTxb	Manel	['indie catala', 'rock catala', 'spanish folk']	[2019]	1	0
7z2avKuuiMAT4XZJFv8Rvh	Tom Walker	['indie anthem-folk', 'uk pop']	[2018, 2019]	1	0
3KedxarmBCyFBevnqQHy3P	Jessie Reyez	['canadian contemporary r&b', 'canadian pop']	[2018, 2019]	1	1
768O5GliF0bqscyghggrbE	Polimá Westcoast	['trap chileno', 'trap triste', 'urbano chileno', 'urbano latino']	[2019]	1	1
7y5vacxuCM2lyUEEPnQcwd	RobGz	['trap latino']	[2019]	1	1
5XWOrDTPg6tk4kou8w5Tgi	Young Blade	[]	[2019]	1	1
2mDlFcPtgXtLF1gEshEInh	Alaska Y Dinarama	['spanish new wave', 'spanish pop', 'spanish synthpop']	[2019]	1	0
1OHw2r7Diz2rc9JktaFV6N	Erika Sirola	['finnish pop']	[2019]	1	1
6tt0iYnpHERj05WATWRiom	Bantu	['zimdancehall']	[2018, 2019]	1	1
1r3tpVQ08jFAA2P4xzV5o4	Gaby Music	['pop reggaeton']	[2019]	1	1
0GOx72r5AAEKRGQFn3xqXK	GIMS	['french hip hop', 'french pop', 'r&b francais', 'rap conscient']	[2019]	1	1
7Jgen4mkCFqCo4xzlDrMJO	Locoplaya	['rap canario', 'spanish hip hop', 'urbano espanol']	[2019]	1	1
6XpaIBNiVzIetEPCWDvAFP	Whitney Houston	['dance pop']	[2019]	1	1
0fFgT6tqYswF6TozhqaEJF	Lion Music	['raspe']	[2019, 2020]	1	0
2PC0CLpUsoEQPNIZKg2ZX0	MC Bin Laden	['funk carioca', 'funk ostentacao']	[2019, 2020]	1	1
6alFyA4PruPsPkMVpXgKdO	Victor Magan	['electro latino']	[2019]	1	1
7z5WFjZAIYejWy0NI5lv4T	Dan + Shay	['contemporary country', 'country', 'country road']	[2019]	1	1
0lxgPYvUjEApUKpZmr61IE	$kyhook	['urbano espanol']	[2019, 2020]	1	1
4ofCBoyEiGSePFAG500xev	Regard	['pop dance', 'pop edm', 'slap house', 'uk dance']	[2019, 2020]	1	0
16ZQZS3ZH1cXixotWa5LwC	Eklectico	['dembow dominicano', 'trap dominicano']	[2019]	1	1
4rS7DPifKHq31RV7VGeDfI	NeonG	[]	[2019]	1	1
7kJEoJXXCcAcziKADYgS0c	Felo Blonck	[]	[2019]	1	1
3e3y36WvzuMeXpTf282KKW	Galindo Again	['reggaeton flow']	[2019]	1	1
4rTv3Ejc7hKMtmoBOK1B4T	Ali Gatie	['canadian hip hop']	[2019]	1	0
67JGZrW4LItDGaceFnro97	Manuel Delgado	[]	[2018, 2019]	1	1
7xX15v6ahAkcT14kHfB9wB	True Damage	['k-rap']	[2019]	1	1
2YFBOR9KIxC6WqHclkj9Yq	Keke Palmer	['pop r&b', 'post-teen pop', 'r&b']	[2019]	1	1
6Xg22wJOAcnvPUfk5WvODH	JEON SOYEON	['k-pop']	[2019]	1	1
6I3MElirhT5t6Kf7p0hGk9	Duckwrth	['alternative r&b']	[2019]	1	1
1igl9M102nuD96lo3ZoW5d	Thutmose	[]	[2019]	1	1
2e5kXDvESsDPMyuQZ0qouH	Shootter Ledo	[]	[2019]	1	1
5JbALDn35ZrLwVAle4xVqZ	Luca Hänni	['german pop']	[2019]	1	0
2RDOrhPqAM4jzTRCEb19qX	Sheck Wes	['pop rap', 'rap', 'trap']	[2019]	1	1
1EpK5uMCE7aUAyCQ7l1505	Alejandro Deese	[]	[2019]	1	1
0Xo4VFS3v07L0GwIVkZLfg	Homer El Mero Mero	['argentine hip hop']	[2019]	1	1
5Q2fyL2TcdUY9IqKTkGk5G	Bardero$	['argentine hip hop']	[2019]	1	1
7HhsUsekYDNFOeqiq54VbW	El Momo	['rap underground espanol', 'spanish hip hop']	[2019]	1	1
4j0Oi9KU6tQB5SV80mQNHO	Andy Clay	[]	[2019]	1	1
6Ip8FS7vWT1uKkJSweANQK	Dave	['uk hip hop']	[2019]	1	1
6sfUgwUTFjy1SNF2uWOcPp	Kate Miller-Heidke	['australian pop', 'australian singer-songwriter', 'lilith', 'piano rock']	[2019]	1	0
2auC28zjQyVTsiZKNgPRGs	RM	['k-rap']	[2019]	1	1
5n9bMYfz9qss2VOW89EVs2	Bomba Estéreo	['cumbia', 'latin alternative', 'latin rock', 'pop electronico', 'tropical alternativo']	[2018, 2019]	1	1
6TDGOKhXvRivQwwWIDWNfE	ZENA	[]	[2019]	1	0
3zdXxojrGhIyEgKvHABKim	Generacion Escogida	[]	[2018, 2019, 2020, 2021]	1	1
6WRxocw99UTRWQyHgLhVuJ	Christian Nieves	['cuatro puertorriqueno', 'musica jibara']	[2018, 2019, 2020, 2021]	1	1
7v4imS0moSyGdXyLgVTIV7	Nat King Cole	['adult standards', 'lounge', 'soul', 'swing', 'vocal jazz']	[2018, 2019, 2020, 2021]	1	0
31W5EY0aAly4Qieq6OFu6I	A Boogie Wit da Hoodie	['melodic rap', 'rap', 'trap']	[2019]	1	1
6l3HvQ5sa6mXTsMTB19rO5	J. Cole	['conscious hip hop', 'hip hop', 'north carolina hip hop', 'rap']	[2019]	1	0
2CQHyfluB4mliyv193Qn2L	David Rees	[]	[2019]	1	0
3eAw8vSPkVqu0VfSZxv79h	Kobi Cantillo	['pop reggaeton']	[2019]	1	0
6mfK6Q2tzLMEchAr0e9Uzu	Pereza	['spanish indie pop', 'spanish pop', 'spanish pop rock', 'spanish rock']	[2017, 2018, 2019, 2020, 2021, 2022]	1	0
7lilUV0c5xjhnakgpbmpdi	Trapical Minds	[]	[2019, 2020]	1	1
4pwXiI7Z5ZStkgKowZyoKi	Like Mike	['belgian edm']	[2019]	1	1
2cFrymmkijnjDg9SS92EPM	blackbear	['pop']	[2019]	1	0
7EQ0qTo7fWT7DPxmxtSYEc	Bastille	['metropopolis', 'modern rock', 'pop']	[2018, 2019]	1	1
2org0PubBAxTvjVvLo9PJ0	Cailin Russo	['la pop']	[2019]	1	1
2zmjYl582zO64LcLQtOEuv	Chrissy Costanza	[]	[2019]	1	1
5lpH0xAS4fVfLkACg9DAuM	Wham!	['new romantic', 'new wave', 'new wave pop', 'soft rock']	[2017, 2018, 2019, 2020, 2021]	1	0
3eqjTLE0HfPfh78zjh6TqT	Bruce Springsteen	['heartland rock', 'mellow gold', 'permanent wave', 'rock', 'singer-songwriter']	[2018, 2019, 2021]	1	0
6ZatFGJqmD3JS6Ro5EafJ2	Coro Juvenil de Campanileros Raya Real	[]	[2019]	1	0
0OzDyhPnwvUVGRNWrVILlg	Miguel Campello	['pop flamenco', 'rock andaluz']	[2019]	1	1
77GVmrLGuxNEvj2ibvT62v	Luigi 21 Plus	['reggaeton', 'trap latino', 'urbano latino']	[2019]	1	1
2RON3ZWvFVAHpiJA74KNHj	La Exce	[]	[2019]	1	1
3bAPo06XsUX6fo8iHYUqH7	Leslie Shaw	['pop peruano']	[2019]	1	1
2Fzkri1PNqc9DsXUbRrNa0	Marem Ladson	['galician indie']	[2019]	1	1
0VGybH10ziMPo99SYOwMoQ	Tamta	['greek pop', 'laiko']	[2019]	1	0
3XC57xz74X3xUi1hv4mge1	Winona Oak	['swedish pop']	[2019]	1	1
2vNfZ6uqRZwbyLsrBQgLIt	Young Wolf Beatz	[]	[2019]	1	1
5nLYd9ST4Cnwy6NHaCxbj8	CeeLo Green	['atl hip hop']	[2019]	1	1
04MeeMJxMaBiAabJjqtCXR	André Truth	[]	[2019]	1	1
1xoWYqTvsYArxO1Xge3TG4	Michela	['maltese pop']	[2019]	1	0
4RVnAU35WRWra6OZ3CbbMA	Kylie Minogue	['australian dance', 'australian pop', 'dance pop', 'eurodance', 'new wave pop']	[2017, 2018, 2019, 2020, 2021]	1	0
2lolQgalUvZDfp5vvVtTYV	Tony Bennett	['adult standards', 'easy listening', 'lounge', 'vocal jazz']	[2018, 2019]	1	0
7fT2Me47PQ8T7954PKrcwR	Bhavi	['argentine hip hop', 'trap argentino', 'trap triste']	[2019, 2020]	1	1
4UXTIkBW9t9Lcx3xtlaifs	Lake Malawi	['czech pop']	[2019]	1	0
0vneleczrRRNPF1vj0x0vy	The Harlem Community Choir	[]	[2017, 2018, 2019]	1	1
4m2kfAHEnK7Z7qLGxeWtro	The Plastic Ono Band	['beatlesque', 'experimental rock']	[2017, 2018, 2019]	1	1
1sBkRIssrMs1AbVkOJbc7a	Rick Ross	['dirty south rap', 'gangster rap', 'hip hop', 'rap', 'southern hip hop', 'trap']	[2019]	1	1
67MNhiAICFY6Pwc2YxCO0K	Elley Duhé	['alt z']	[2018, 2019]	1	1
5CKb0P2vvpC9JD7wjB80gu	DJ Maff	[]	[2019]	1	1
2X97ZAqRKRMYFIDqtvGgGc	Silk City	['edm']	[2018, 2019]	1	1
3BmGtnKgCSGYIUhmivXKWX	Kelly Clarkson	['dance pop', 'pop', 'talent show']	[2018, 2019, 2020, 2021]	1	0
0QrUbsrL5imqntAfDl8i7q	Fred De Palma	['italian adult pop', 'italian pop']	[2019, 2020, 2021]	1	1
3ovAAwiwmfP9a5eH9GqOyV	Marielle Hazlo	[]	[2019, 2020]	1	1
2Q2fYVYxFSmodq53BFyD6p	Cecilio G.	['urbano espanol']	[2019]	1	0
11LbPHLi2sCqOVjknt0jmW	John Lundvik	['swedish pop']	[2019]	1	0
5SyGEPymt1G2uto47tVWvZ	MadeinTYO	['atl hip hop', 'melodic rap', 'trap']	[2019]	1	1
4UXqAaa6dQYAk18Lv7PEgX	Fall Out Boy	['emo', 'modern rock', 'pop', 'pop punk', 'rock']	[2019]	1	1
2mjC7Pmu2NA6dZ1ZIYoLLu	Los Chikos del Maiz	['rap politico', 'spanish hip hop', 'spanish punk']	[2019]	1	0
0SSbTivuMrvdqgCt7ln6jD	ICON	['reggaeton colombiano', 'urbano latino']	[2019]	1	1
1svaANJTE5KrG16fTGDqOs	The Puppini Sisters	['easy listening', 'swing', 'swing revival']	[2017, 2018, 2019, 2020, 2021]	1	1
3QJzdZJYIAcoET1GcfpNGi	Damian Marley	['reggae', 'reggae fusion']	[2019]	1	1
5GDuUaYx3PW3Wa64KxAAAO	Lao Ra	['colombian indie']	[2019]	1	1
0A0FS04o6zMoto8OKPsDwY	YG	['cali rap', 'hip hop', 'pop rap', 'rap', 'southern hip hop', 'trap']	[2019]	1	1
6HCUfgQJQ5AvjxX3coDJsT	Chingiz	[]	[2019]	1	0
1eoyu9uAivE7Jwak40J1MW	Bilal Hassani	['french pop', 'variete francaise']	[2019]	1	0
2fe5YD0v1HzDeACkHSPAXG	El Greco	['flamenco urbano']	[2019, 2020]	1	0
6SsTlCsuCYleNza6xGwynu	Agnes	['swedish electropop', 'swedish idol pop', 'swedish pop']	[2019]	1	1
2fVW2ix4ANKiofDZIsy1XR	Vargas & Lagola	['swedish pop']	[2019]	1	1
3VvNUTRCcLvm3mU1gIw9Jm	D' La Crem	['flamenco urbano']	[2019, 2020]	1	1
5ACyfaynUH9FpBaR8uZprQ	Arkano	['rap conciencia']	[2018, 2019, 2020]	1	1
4Orj5NmOg4wuREX0dzsyjR	Las Chuches	['pop flamenco', 'rumba', 'spanish pop rock']	[2019]	1	1
5e4Dhzv426EvQe3aDb64jL	Shania Twain	['canadian country', 'canadian pop', 'contemporary country', 'country', 'country dawn']	[2017, 2018, 2019, 2020, 2021]	1	1
1OAjDaKgg00KCUYqDe68un	Gigi D'Agostino	['eurodance', 'italo dance']	[2018, 2019]	1	1
1MVP5iQH6wMKZuOn41UHOB	Jey Blessing	['rap boricua']	[2019, 2020, 2021]	1	1
0jaakjO6cMB5cJLeoa5aV2	Los Fantastikos	[]	[2019, 2020, 2021]	1	1
2TWBei99x2tV70bdYbWdAf	Dayvi	['circuit', 'guaracha']	[2019, 2020]	1	1
0cCNT5RyWndpS7Zx7ISEDw	Kelly Ruíz	['guaracha']	[2019, 2020]	1	1
4P9xDIEyrtAeXRI6xOl2TS	Pol 3.14	['spanish pop', 'spanish rock']	[2019]	1	0
6TlWqqdj65mppNUHZVkjaq	Victor Crone	['melodipop', 'swedish pop']	[2019]	1	0
5QzDzXfXC5lepOBeQXBiVO	Marciano Cantero	[]	[2019]	1	1
5pughe5rcsOq3GF0utMOs5	DrefQuila	['reggaeton chileno', 'trap chileno', 'trap latino', 'urbano chileno']	[2018, 2019]	1	1
4StQh17zinsbJ4r5ekmPj7	Coqeéin Montana	['argentine hip hop', 'emo trap en espanol', 'trap argentino']	[2019]	1	1
0Hkx0YcHHxDRRbH9WsSW0I	Marcianos Crew	['argentine hip hop', 'trap argentino']	[2019]	1	1
2BVE7Pqd8kxv9xEsuvoJoE	Carolina Durante	['spanish indie pop', 'spanish modern rock', 'tontipop']	[2018, 2019]	1	1
4qIVPF0s71ZYW3qzhu5GkF	Kina	['sad lo-fi']	[2019]	1	1
5fSVkkuijRIpxuvSqysYiP	Snøw	['sad lo-fi', 'sad rap']	[2019]	1	1
5v8jlSmAQfrkTjAlpUfWtu	Perry Como	['adult standards', 'easy listening']	[2018, 2019, 2020, 2021]	1	1
1Ml4OuStDoympbREURAM15	The Fontane Sisters	['deep adult standards', 'vocal harmony group']	[2018, 2019, 2020, 2021]	1	1
0HS96tPggl2nwiz3gNWWI5	Mitchell Ayres & His Orchestra	"[""man's orchestra""]"	[2018, 2019, 2020, 2021]	1	1
40lro6xpFS9TxV2uC7yvs4	Leebrian	['trap latino', 'urbano latino']	[2019]	1	1
6eVWXmKBW7Iltub01D9R1c	Valerie Broussard	['bossbeat', 'modern alternative pop']	[2019]	1	1
41HE2dQNySxOJNb2TorVBr	Indara	['flamenco urbano', 'pop flamenco']	[2019, 2020]	1	1
2Cy7KBSkqu7otJfuMTWT7Y	Camilo Sesto	['bolero', 'latin pop', 'ranchera']	[2019]	1	0
3jc496ljiyrS3ECrD7QiqL	Gipsy Kings	['flamenco', 'rumba', 'world']	[2021, 2022]	1	1
6bXIjeV8nUh5pFxgzgny9P	Nicolás Reyes	[]	[2021, 2022]	1	1
3pUWmkSef9vJOPDViYGZ5L	Tonino Baliardo	['flamenco guitar']	[2021, 2022]	1	1
6pztqmUqWADMZQKrrmGWGx	Pablo Lescano	[]	[2022]	1	1
5DeX42pr2TilrnsUgjG8D1	Chanel	[]	[2022]	1	0
2qbEtwBVyobgpNP5KcHE9J	Pusho	['reggaeton', 'reggaeton flow', 'trap latino', 'urbano latino']	[2021, 2022]	1	1
2VSHKHBTiXWplO8lxcnUC9	GAYLE	['modern alternative pop']	[2021, 2022]	1	0
0rjms710nwQTdrQheXHJfz	Standly	['urbano chileno']	[2022]	1	1
5RnwLXlnWPF57yzdmUnnvP	El Barto	['reggaeton chileno', 'urbano chileno']	[2022]	1	1
38epWdyauFwdRkldqUMfWE	Chucky73	['trap dominicano', 'trap latino']	[2021, 2022]	1	1
6kkQkBRrPcQGUN8g2grxwb	Varry Brava	['murcia indie', 'spanish indie pop']	[2022]	1	0
7CSpCpNGTK9589bTi44SzE	BANDIDO	['concurso de talentos argentino']	[2021, 2022]	1	1
0L8ExT028jH3ddEcZwqJJ5	Red Hot Chili Peppers	['alternative rock', 'funk metal', 'funk rock', 'permanent wave', 'rock']	[2022]	1	0
6QrQ7OrISRYIfS5mtacaw2	Jaymes Young	['indie poptimism']	[2021, 2022]	1	0
5ZCfjramRRGj3D72drnyxK	PMP	[]	[2022]	1	1
5k63RPpkbbyVuufLXS2GTe	Delarue	['drill espanol']	[2022]	1	1
0MBLQbpbPvJ4oXM0Cj4aKR	Trobi	['dutch edm', 'dutch hip hop', 'pop edm']	[2021, 2022]	1	1
7iTLGcddv1bOPirdYJjKVy	Dj Yo!	[]	[2021, 2022]	1	1
5fUXK5m3BNwoRgTyKq8tnz	AX'EL	[]	[2021, 2022]	1	1
5kgDdP7a4TsvkF08gpJGX0	Juseph	[]	[2022]	1	1
2D8UzkIVdg1bj0Iqz6gjk0	Abhir Hathi	['urbano espanol']	[2022]	1	1
1h4iSQAKdvAAm07l6FX6dy	Omara Portuondo	['bolero', 'bolero cubano', 'musica tradicional cubana']	[2022]	1	1
1IAwO3v7hVP9ryTQtlzc9y	MARLENA	['spanish pop']	[2021, 2022]	1	0
2QWIScpFDNxmS6ZEMIUvgm	Julieta Venegas	['latin alternative', 'latin pop', 'latin rock', 'rock en espanol']	[2021, 2022]	1	1
2V10Oq2sAheIVDSeW9QyFN	Delgao	['rap espanol']	[2021, 2022]	1	1
4ZzvEX0pWkDHtvEtMj0f4N	XEINN	[]	[2022]	1	0
3JfbHWZ07sSBjbojTU2hAt	Dj Adoni	['dembow dominicano']	[2021, 2022]	1	1
630EGaAhpoclULwDw8Qf2P	Kilvertz	[]	[2022]	1	1
6JaOGIlSvYswVLPmGUheOO	GARABATTO	[]	[2022]	1	1
7rNbdH4pgrnwguvzxhA2Ek	Jorge Celedón	['vallenato', 'vallenato moderno']	[2022]	1	1
05xSLrRgGwm2nCH2SmnNMW	Rosario	['cantautor', 'spanish pop']	[2022]	1	1
5H4yInM5zmHqpKIoMNAx4r	Central Cee	['melodic drill']	[2022]	1	1
61bQ4nwIioR8w6PGxzpyY3	Rondodasosa	['drill italiana', 'italian hip hop', 'trap italiana']	[2022]	1	1
76Pl0epAMXVXJspaSuz8im	Freeze corleone	['drill francais', 'french hip hop', 'melodic drill', 'pop urbaine', 'rap francais']	[2022]	1	1
3LvwPiJQJ0da0GurKMToV0	Baby Gang	['trap italiana']	[2022]	1	1
3TTq94wgOIj0skk2wT8bnb	A2 Anti	[]	[2022]	1	1
3tTvSeZiFDP3CY5EdPGcR4	ASHE 22	['drill francais', 'french hip hop', 'pop urbaine', 'rap francais', 'rap lyonnais']	[2022]	1	1
4pnp4w9g30yLfVIAFnZMRd	ACRAZE	['pop dance', 'tech house']	[2021, 2022]	1	1
1c70yCa8sRgIiQxl3HOEFo	Cherish	['atl hip hop', 'girl group', 'hip pop', 'r&b', 'southern hip hop', 'urban contemporary']	[2021, 2022]	1	1
6ydoSd3N2mwgwBHtF6K7eX	Calum Scott	['pop']	[2022]	1	1
1OFOShsIbhy1l5x73yuVyB	Shenseea	['dancehall', 'dancehall queen']	[2022]	1	1
2W8yFh0Ga6Yf3jiayVxwkE	Dove Cameron	['pop']	[2022]	1	0
39TshGQ7RY8nYrhILYRT1S	Linton	[]	[2022]	1	1
7xHM0B5EaZECFfClTngHl4	Jaime Lorente	[]	[2022]	1	1
1h6Cn3P4NGzXbaXidqURXs	Swedish House Mafia	['edm', 'pop dance', 'progressive electro house']	[2021, 2022]	1	1
4yvcSjfu4PC0CYQyLy4wSq	Glass Animals	['gauze pop', 'indietronica', 'modern rock', 'pov: indie', 'shiver pop']	[2021, 2022]	1	0
7i9j813KFoSBMldGqlh2Z1	Riton	['house', 'pop dance', 'uk dance']	[2021, 2022]	1	1
1gALaWbNDnwS2ECV09sn2A	Nightcrawlers	['disco house', 'hip house', 'uk dance', 'vocal house']	[2021, 2022]	1	1
4L2dV3zY7RmkeiNO035Fi0	Mufasa & Hypeman	[]	[2021, 2022]	1	1
3Edve4VIATi0OZngclQlkN	Dopamine	[]	[2021, 2022]	1	1
4V8LLVI7PbaPR0K2TGSxFF	Tyler, The Creator	['hip hop', 'rap']	[2022]	1	1
28JPPibeSKPFLL11tDvM5n	Spok Sponha	[]	[2021, 2022]	1	1
3iaWOU36p7W4oqHLDoBQmr	Elio Toffana	['boom bap espanol', 'detroit trap en espanol', 'urbano espanol']	[2021, 2022]	1	1
05aVtfDzBvg9eVu9MAZPGD	Cráneo	[]	[2021, 2022]	1	1
6K6iokRdBoOaZiItaX6bYJ	Moneo	[]	[2021, 2022]	1	1
3Iv34TRi6TpQqxSctG7PKh	Las Ninyas del Corro	['rap latina', 'spanish hip hop']	[2021, 2022]	1	1
7oOAUwR8fKK27pEAKdt0mm	Sofía Gabanna	['rap underground espanol']	[2021, 2022]	1	1
7mXfsy3lF4kU0f2KTNKSr8	Corina Smith	['pop reggaeton', 'pop venezolano', 'trap latino', 'urbano latino']	[2022]	1	1
2sfOYs479VgaVHNPJKyG4n	BlueFire	[]	[2022]	1	1
4HJnsUVBubdKJ2aV0sr48u	Ape Drums	[]	[2021, 2022]	1	1
3xgpQ8RHWeHY9ARr9xkOpp	Luis Segura	['bachata', 'bachata dominicana']	[2022]	1	1
12lHTAdc9T204lw5qPtasv	Foreign Teck	['trap latino']	[2021, 2022]	1	1
7HIHZP9kQCofu07j5Xj590	Chus Santana	[]	[2021, 2022]	1	1
29PgYEggDV3cDP9QYTogwv	Carolina Gaitán - La Gaita	['movie tunes']	[2022]	1	1
36CUTsdtNgCwMq6zKD1l8I	Mauro Castillo	['modern salsa', 'movie tunes', 'salsa colombiana']	[2022]	1	1
3nwgQnJvhaRxrpJ9o84t4f	Daniela Sierra	[]	[2022]	1	1
2tZy2DfvQ3d8AkmNUZbxoK	Juanse Diez	[]	[2022]	1	1
4xkkYZnuGYyxRIvkLz5LfY	Isabel Garcés	[]	[2022]	1	1
1xtEM6Ynrm8jO1o7rXzP22	Olga Lucía Vives	[]	[2022]	1	1
52l7jN5e0g2n3IVOHulkA6	Encanto - Elenco	[]	[2022]	1	1
04uu8U3I1h26Fp2NBkPTRZ	Sam Tompkins	['singer-songwriter pop']	[2022]	1	1
10eONQKnUPe6K1pLnCUpqT	Raul Camacho	['flamenco urbano', 'pop flamenco']	[2021, 2022]	1	1
1pmixngtBJleMrGUG5o8DE	Mr. Vegas	['azonto', 'dancehall', 'reggae fusion', 'soca']	[2022]	1	1
15GGbJKqC6w0VYyAJtjej6	Fatman Scoop	['nyc rap']	[2022]	1	1
2zPvDg6LI6NHPQVQIESjfW	Lara91k	['r&b argentino']	[2022]	1	1
3Yo0r3OCG4QOTtRl8gThfd	Percii	['r&b en espanol']	[2022]	1	1
7g9K2QjuqVLUniCCCHyF7j	Canelita	['flamenco urbano', 'pop flamenco', 'rumba']	[2022]	1	1
1MRiIeZbc0cRuxOafDUCtH	BLANCO	['italian hip hop', 'italian pop']	[2022]	1	1
62YF0FglEltB3CnVIjoko8	Ingratax	['concurso de talentos argentino', 'urbano mexicano']	[2021, 2022]	1	0
5bv5RplEOwdCvhq0EILh9E	Lucenzo	['reggaeton']	[2017, 2018, 2021, 2022]	1	1
1Yj5Xey7kTwvZla8sqdsdE	Cris Mj	['mambo chileno', 'urbano chileno']	[2022]	1	0
5pZE9tgrhmIGWAsJZ7YxNK	Luny Tunes	['reggaeton', 'urbano latino']	[2017]	1	1
3hPPNy5OBzCU1icQO7Nrok	99 Percent	[]	[2017]	1	1
0HXAyVdQVNTCNHgbBAPxfA	Rangel	[]	[2017]	1	1
5xUf6j4upBrXZPg6AI4MRK	Soundgarden	['alternative metal', 'alternative rock', 'classic rock', 'grunge', 'hard rock', 'nu metal', 'rock']	[2017]	1	0
6KZDXtSj0SzGOV705nNeh3	Kid Ink	['pop rap', 'rap', 'southern hip hop', 'trap']	[2017]	1	1
6s22t5Y3prQHyaHWUN1R1C	AJR	['pov: indie']	[2017]	1	0
1Dn88PoQjnQgLTOaokePFz	Bright Sparks	[]	[2017]	1	1
2DP9xStkVVv753RBiEHXQB	Alkilados	['colombian pop', 'reggaeton', 'reggaeton colombiano', 'urbano latino']	[2017]	1	1
7mUBMaZW1MXGswaneb0JTT	Macaco	['latin alternative', 'spanish rock']	[2017]	1	1
1v7iZcyrm4fHfsEBiseomy	Green Valley	['reggae catala', 'spanish hip hop', 'spanish reggae']	[2017]	1	1
0ydDa6afIYote2AtmgSycS	Aziza Brahim	['arab alternative', 'western saharan folk']	[2017]	1	1
5338fdSzGNOFD4cxAxDTeq	Aaron Carter	['post-teen pop']	[2017]	1	0
50JJSqHUf2RQ9xsHs0KMHg	Jon Bellion	['indie pop rap']	[2017]	1	0
4kI8Ie27vjvonwaB2ePh8T	Portugal. The Man	['indie rock', 'indietronica', 'modern alternative rock', 'modern rock']	[2017, 2018]	1	0
7b7fZRv3EYhFgWYJR3yjXn	Mark McCabe	['irish pop']	[2017]	1	1
3wjsrpfO6odEphTZWx45RQ	Hearts & Colors	[]	[2017]	1	1
5M2y5A6d5QZjw9JeKClagC	Andrelli	['swedish pop']	[2017]	1	1
1JjIKP5IOuEDXQVZsbUiB2	Kristian Kostov	[]	[2017]	1	0
3koiLjNrgRTNbOwViDipeA	Marvin Gaye	['classic soul', 'motown', 'neo soul', 'northern soul', 'quiet storm', 'soul']	[2017]	1	1
75jNCko3SnEMI5gwGqrbb8	Tammi Terrell	['classic soul', 'motown', 'soul', 'southern soul']	[2017]	1	1
7KMqksf0UMdyA0UCf4R3ux	James Blunt	['neo mellow', 'pop rock']	[2017, 2018]	1	1
50OApTJurDusIo9dGTqSU4	Lilly Wood and The Prick	['french indie pop', 'french rock']	[2017]	1	1
1QDrz3DMMaz3TB1cm0PGDu	Justin Jesso	['singer-songwriter pop']	[2017, 2018]	1	1
1GeMs8oYWyxJDR6T8MstO7	Sharlene Taule	[]	[2017]	1	1
1qskAseW7apRxJBpYAO9Yk	Felix Snow	[]	[2017]	1	1
0yNSzH5nZmHzeE2xn6Xshb	Calle 13	['latin afrobeat', 'latin alternative', 'latin hip hop', 'puerto rican rock', 'rap conciencia', 'reggaeton', 'rock en espanol']	[2017, 2018]	1	0
00sazWvoTLOqg5MFwC68Um	Yann Tiersen	['bow pop', 'compositional ambient', 'french soundtrack']	[2017]	1	0
08zuWo2uo2p0zOQHVwXbhh	DJ Tetraguy	['rap dominicano']	[2017]	1	0
29QbBR0oTzA7A0kiOzrbbr	Jamie Scott	['uk pop']	[2017, 2018]	1	1
5gWzmnHTLNXz5CjOc0wAuK	Romy Dya	['dutch pop']	[2017, 2018]	1	1
2wzMOQwNT6ZvVB4amvhFAH	The Pogues	['celtic punk', 'celtic rock', 'folk punk', 'punk']	[2017]	1	1
6UlNIFEuWlBqb4TvlVCekq	Kirsty MacColl	['new wave pop']	[2017]	1	1
3YcBF2ttyueytpXtEzn1Za	Incubus	['alternative metal', 'alternative rock', 'funk metal', 'funk rock', 'nu metal', 'post-grunge', 'rock']	[2017]	1	0
75EZuo5MHV2572NRpMWotC	Crystal Fighters	[]	[2017]	1	0
3TNt4aUIxgfy9aoaft5Jj2	Yeah Yeah Yeahs	['alternative dance', 'alternative rock', 'art pop', 'dance-punk', 'garage rock', 'indie rock', 'modern rock', 'neo-synthpop', 'new rave']	[2017]	1	0
3Gm5F95VdRxW3mqCn8RPBJ	Aminé	['pop rap', 'portland hip hop', 'rap', 'underground hip hop']	[2017]	1	0
7keGfmQR4X5w0two1xKZ7d	Kungs	['edm', 'pop dance']	[2017]	1	1
726MxZBpkxnnoKl6aN7mmj	Cookin' On 3 Burners	['bboy', 'instrumental funk']	[2017]	1	1
1ldFRYgmjxDrX27bIe3dWx	Los Macorinos	[]	[2017]	1	1
3UZFWMkyLElpRsLPdButSC	Pimp Flaco	['urbano espanol']	[2017]	1	1
7qPLO2XOUaRrRxkvLZ3AEK	Zeeba	[]	[2017]	1	1
5lXfVoQxVgC5fpjkVqvNYn	Isaiah Firebrace	['australian pop']	[2017]	1	0
04abdnqPQe2N4fjztDea6z	Austin Mahone	['pop', 'post-teen pop']	[2017, 2018]	1	1
15NtJjjHRFybdNSMyM9smT	Nevada	[]	[2017]	1	1
6V3F8MZrOKdT9fU686ybE9	Mark Morrison	['british soul']	[2017]	1	1
6PXS4YHDkKvl1wkIl4V8DL	Fetty Wap	['new jersey rap', 'pop rap', 'rap', 'southern hip hop', 'trap']	[2017]	1	1
5FVyQoHfSojIRpThj7vpR1	Coral Voces Blancas	['villancicos']	[2017]	1	0
4VZY0nxYMSNotbS7WjNVQy	Nyla	[]	[2017]	1	1
374sWpAJsbZckf98df2jJJ	Fuse ODG	['afrobeats', 'azonto']	[2017]	1	1
1WoYfDQf78hGBPBn9vA4zQ	Mambo Kings	['slovenian pop']	[2017, 2018]	1	1
6TIYQ3jFPwQSRmorSezPxX	Machine Gun Kelly	['ohio hip hop', 'pop rap']	[2017]	1	1
1U5zgr455OGyIkLNXvDdrf	Traditional	['christmas instrumental', 'gregorian chant', 'puirt-a-beul', 'sleep']	[2017]	1	1
4pU3BpenOZFEBzORx2YBJW	Plácido Domingo	['classical tenor', 'opera', 'operatic pop']	[2017]	1	1
13FXauAHQNzbB4nqWKmtzu	Helmuth Froschauer	[]	[2017]	1	1
1hCkSJcXREhrodeIHQdav8	Ramin Djawadi	['german soundtrack', 'orchestral soundtrack', 'scorecore', 'soundtrack']	[2017]	1	0
3g6ZrmRGXI26nDKUeajM2y	Nic	[]	[2017]	1	1
0V7uVrIYr4FwFvUN9S4kYr	Nick Waterhouse	['chicago indie', 'funk']	[2017, 2018]	1	1
2UBLJyUgCq6XMiSVV7oGv8	Egbert Rosa aka Haze	[]	[2017]	1	1
6O9WquDfQTxGRZqZUXVEQx	RedOne	['moroccan pop']	[2017, 2018]	1	1
59KQTERLpPa7M0F25fRH6V	Dinah Jane	['post-teen pop']	[2017, 2018]	1	1
1Y8cdNmUJH7yBTd9yOvr5i	Destiny's Child	['dance pop', 'girl group', 'pop', 'r&b', 'urban contemporary']	[2017]	1	0
7aA592KWirLsnfb5ulGWvU	Danny Brown	['alternative hip hop', 'detroit hip hop', 'escape room', 'hip hop', 'underground hip hop']	[2017]	1	1
1U0sIzpRtDkvu1hXXzxh60	Kelela	['afrofuturism', 'alternative r&b', 'escape room', 'experimental r&b']	[2017]	1	1
5RSYz1KaYXbHfKdlaxAI8O	DJ Jonathan	[]	[2017]	1	0
2JLqTvFXmC87BksiCsBezV	Matt Terry	['talent show']	[2017]	1	1
2WrKqjMRKr5MitNYaNgvl3	Azucar Moreno	['spanish pop', 'spanish pop rock']	[2017]	1	0
74eY8wbrhhVD7pACbBHwHw	Imany	['french indie pop']	[2017]	1	1
5NW2uPFatEKjZQ5gpWD8HO	Filatov & Karas	['russian dance', 'russian edm', 'russian pop']	[2017]	1	1
7crPfGd2k81ekOoSqQKWWz	Stevie Nicks	['heartland rock']	[2017]	1	1
4bL2B6hmLlMWnUEZnorEtG	Felix Jaehn	['edm', 'german dance', 'pop dance', 'tropical house']	[2017]	1	1
34SBu2kvAUh84umN8Pi0iI	Hight	['uk dance']	[2017]	1	1
5KPJMJR9PCfMWSfco8i4W4	Alex Aiono	['teen pop']	[2017]	1	1
5PlfkPxwCpRRWQJBxCa0By	HUGEL	['deep house']	[2017]	1	1
1g0fXhQMHAxlRyIBkCbuE7	Matt Simons	['neo-singer-songwriter']	[2017]	1	1
0H4lEdOgBhMO4iLjh5eWRp	Falco Van Den Aker	[]	[2017]	1	1
0IaGKdJMLQv0vLHc1Bzz6u	Bob Van Ratingen	[]	[2017]	1	1
4Wjf8diP59VmPG7fi4y724	Cedric Gervais	['dutch house', 'edm', 'electro house', 'pop dance', 'progressive electro house', 'progressive house']	[2017]	1	1
2qSEpijpT3YSXgxcXac1ly	Chris Willis	[]	[2017]	1	1
7zsin6IgVsR1rqSRCNYDwq	Family of the Year	['stomp and holler']	[2017]	1	0
0nAXeAU3kt8ML5sMmDkCcj	Boni & Kelly	['cubaton']	[2017, 2018]	1	1
4HsWGs7hJKcbM1aiRnUDWj	Soraya	['spanish pop']	[2017]	1	1
2j2HnZRmkQAdbcG9kdHDhh	Mister Mimon	[]	[2017]	1	1
4pejUc4iciQfgdX6OKulQn	Queens of the Stone Age	['alternative metal', 'alternative rock', 'grunge', 'modern rock', 'nu metal', 'palm desert scene', 'rock', 'stoner metal', 'stoner rock']	[2017]	1	0
2zzpznMuhKlKlqh1ma7Sms	Dakota	[]	[2017]	1	1
6g4qVHTx9FSc3tOihenuN3	Bouchra	[]	[2017]	1	1
6cEuCEZu7PAE9ZSzLLc2oQ	R3HAB	['dutch house', 'edm', 'electro house', 'pop dance', 'progressive electro house', 'slap house']	[2017]	1	1
6roDXEmZ6AARdOUv6x5U2v	Felix Cartal	['canadian electronic', 'electro house', 'pop dance', 'pop edm']	[2017]	1	1
2Kx7MNY7cI1ENniW7vT30N	Norah Jones	['contemporary vocal jazz', 'jazz pop', 'vocal jazz']	[2017]	1	0
7Ey4PD4MYsKc5I2dolUwbH	Aerosmith	['album rock', 'classic rock', 'hard rock', 'rock']	[2017, 2018]	1	0
7CJiKj8TrQSms0WSCKbHm4	Fangoria	['latin arena pop', 'mexican pop', 'spanish new wave', 'spanish pop', 'spanish synthpop']	[2017]	1	0
3iri9nBFs9e4wN7PLIetAw	gnash	['alt z', 'pop']	[2017]	1	1
1QRj3hoop9Mv5VvHQkwPEp	Olivia O'Brien	['alt z', 'pop']	[2017]	1	1
6dexNK5MjEL8UvmA5MjSgg	Felipe Peláez	['colombian pop', 'vallenato', 'vallenato moderno']	[2017]	1	1
33W1pnW9zScZtYTnAoWnOT	Mr. Probz	[]	[2017]	1	0
4LyGCVZ22bGCY4BaW04Uyl	Mackie	['reggaeton flow']	[2017]	1	1
6vCUVamGXt80cbXeh62VTr	DJDURAN	[]	[2017]	1	1
254LWuNHtK2D4Sjt0sUrGR	Katty S.	[]	[2017]	1	1
177dG4gTPSBg2F2KXZdPMW	Jesús Navarro	[]	[2017]	1	1
4ehtJnVumNf6xzSCDk8aLB	Martin Jensen	['danish electronic', 'edm', 'pop dance']	[2017]	1	0
6wBGoSXRW9KedGG0UC7cGl	Angeles	[]	[2017]	1	1
1IgR6Vxo74Qdpr1MSJSn8O	El Dany	[]	[2017]	1	1
0U0oUxOfhtjkfoJ3ZNWEfU	Yomil	['cubaton']	[2017]	1	1
4PVn1b2WnnXdq80C7uaZLZ	Nause	[]	[2017]	1	1
4bvWFV51SAEocM22uiDOza	Pretty Sister	['la pop']	[2017]	1	1
4M84umUNRbZy1mJleyyRM9	Vitalic	['electroclash', 'electrofox', 'electronica', 'filter house', 'french techno']	[2017]	1	1
5TgQ66WuWkoQ2xYxaSTnVP	Netsky	['belgian edm', 'dancefloor dnb', 'drum and bass']	[2017]	1	1
762310PdDnwsDxAQxzQkfX	Depeche Mode	['dance rock', 'new romantic', 'new wave', 'permanent wave', 'rock', 'synthpop']	[2017]	1	0
3JXpwnHbLvXxY99EuXqFPX	Poo Bear	['pop r&b']	[2017]	1	1
13kKxNPnxPeeWQaAaZwvCP	Callie Hernandez	[]	[2017]	1	1
4FFGJ9ERSX06Sl8hD7GRVv	Sonoya Mizuno	[]	[2017]	1	1
21yiGQIpkiP8edfxDipQaW	Jessica Rothe	[]	[2017]	1	1
2t3phHsi32Cr2jlaMQo5w9	Martin ElMele	[]	[2017]	1	1
2FwJwEswyIUAljqgjNSHgP	Snakehips	['electropop']	[2017]	1	1
6wMr4zKPrrR0UVz08WtUWc	Black Coffee	['south african house', 'south african pop', 'south african pop dance']	[2017]	1	1
1CoZyIx7UvdxT5c8UkMzHd	Jorja Smith	['r&b', 'uk contemporary r&b']	[2017]	1	1
4olE3I5QU0dvSR7LIpqTXc	WATT	['modern alternative rock']	[2017, 2018]	1	1
3zrUX1hQrUB9aXcOiyQLmN	Stanaj	[]	[2017]	1	1
6oub1Q2hC7ZILcOWWn3Eo9	Gaviria	['reggaeton flow', 'trap colombiano']	[2017]	1	1
3rIZMv9rysU7JkLzEaC5Jp	Snow Patrol	['irish rock', 'modern rock', 'neo mellow', 'permanent wave', 'pop rock']	[2017, 2018]	1	0
5Y5TRrQiqgUO4S36tzjIRZ	Timbaland	['dance pop', 'pop', 'pop rap']	[2017]	1	1
67nwj3Y5sZQLl72VNUHEYE	Wale	['pop rap', 'r&b', 'rap', 'southern hip hop', 'trap']	[2017]	1	1
2WX2uTcsvV5OnS0inACecP	Birdy	['neo mellow', 'uk pop']	[2017]	1	0
7bu3H8JO7d0UbMoVzbo70s	The Cure	['new wave', 'permanent wave', 'rock', 'uk post-punk']	[2017]	1	0
3qMyym6ov558YgVuOOscEm	Blanche	[]	[2017]	1	0
787bCXOIvGeBw0Bc4kEjhD	Luke Christopher	['indie pop rap']	[2017]	1	0
6lB8vOoI4DRrrVxXwuV19c	Mike Perry	['pop dance', 'swedish tropical house']	[2017]	1	1
7eCmccnRwPmRnWPw61x6jM	shy martin	['alt z', 'swedish electropop']	[2017]	1	1
0RqtSIYZmd4fiBKVFqyIqD	Thirty Seconds To Mars	['modern rock', 'post-grunge']	[2017]	1	0
0xA8Rmfl9di0sVaPl9AyR9	DJ Yuri Martins	['funk carioca']	[2017, 2018]	1	1
74XFHRwlV6OrjEM0A2NCMF	Paramore	['candy pop', 'modern rock', 'pixie', 'pop', 'pop emo', 'pop punk', 'rock']	[2017]	1	0
7mnAzEmgquhrVtGob81SmO	Big Shaq	['london rap']	[2017, 2018]	1	0
7jdFEYD2LTYjfwxOdlVjmc	KALEO	['icelandic indie', 'icelandic rock', 'modern alternative rock']	[2017]	1	0
6ltzsmQQbmdoHHbLZ4ZN25	Lord Huron	['indie folk', 'modern rock', 'stomp and holler']	[2017]	1	0
4FMqE1IWlhufYw1x2zlKG6	La Materialista	['dembow', 'rap dominicano', 'rap latina']	[2017]	1	1
2ECP3nWC88LaFz4oQzTo3Z	Café Quijano	['cantautor', 'spanish pop']	[2017]	1	1
3XC7vn6odSKiwiRDloI9Vs	Legarda	['latin viral pop']	[2017]	1	1
0ONHkAv9pCAFxb0zJwDNTy	Pusha T	['gangster rap', 'hip hop', 'rap', 'southern hip hop', 'trap', 'virginia hip hop']	[2017]	1	1
5H6xmHXjsq98NLbEjuE29f	NEIKED	['scandipop']	[2017]	1	1
4H1PNuHElBLVok0lnYMrRb	Dyo	['alte']	[2017]	1	1
7hOGhpa8RMSuDOWntGIAJt	A R I Z O N A	['electropop', 'indie poptimism']	[2017]	1	0
62lbdm09j0QUbWB7SqCJvt	Anonimus	['reggaeton', 'reggaeton flow', 'trap latino', 'urbano latino']	[2017]	1	1
4me3aAjTrjTDsSUnLcIXfZ	Domino Saints	['puerto rican pop']	[2017]	1	0
7jy3rLJdDQY21OgRLCZ9sD	Foo Fighters	['alternative metal', 'alternative rock', 'modern rock', 'permanent wave', 'post-grunge', 'rock']	[2017]	1	0
2QMCcKIPHnjQaPPgoEst88	Matisse & Sadko	['dutch house', 'edm', 'electro house', 'pop dance', 'progressive electro house', 'progressive house', 'russian edm', 'sky room']	[2017]	1	1
7pFeBzX627ff0VnN6bxPR4	Desiigner	['pop rap', 'rap', 'southern hip hop', 'trap', 'viral trap']	[2017]	1	0
52tiVHeB0x2XvFAyajG1BZ	Real Madrid	['football']	[2017, 2018]	1	1
26quetZGT3Ru0s5nJNSbCB	Red'One	[]	[2017, 2018]	1	1
3InfS9TeNQro4bp9EWtuyP	Gabriel Pagan	['dominican pop']	[2017]	1	1
5BcAKTbp20cv7tC5VqPFoC	Macklemore & Ryan Lewis	['pop rap', 'seattle hip hop']	[2017]	1	1
4myTppRgh0rojLxx8RycOp	Ryan Lewis	['pop rap']	[2017]	1	1
4e0nWw2r4BoQSKPQ2zpU13	Ray Dalton	[]	[2017]	1	1
0u2TFlIJZJiir8Oi7YkbwV	Eva Ruiz	[]	[2017]	1	0
1XTGADISSMRf8B4TcVGYUC	Ky-Mani Marley	['reggae', 'reggae fusion']	[2017]	1	1
2jBa39W2cucJozDpEBtCXu	Lennox	[]	[2017]	1	1
0CIwCGmQMqHqiblnZlFia1	Stephen Marley	['reggae', 'roots reggae']	[2017]	1	1
2m0y0cDl1US03sYgxv9r6s	JOWST	['norwegian pop']	[2017]	1	0
6RqG6OjPJVHi1RAcXTxglq	Stereotypes	[]	[2017]	1	1
3crnzLy8R4lVwaigKEOz7V	E-40	['cali rap', 'gangster rap', 'hyphy', 'oakland hip hop', 'west coast rap']	[2017]	1	1
4phGZZrJZRo4ElhRtViYdl	Jason Mraz	['acoustic pop', 'dance pop', 'neo mellow', 'pop']	[2017, 2018]	1	0
5gw5ANPCVcxU0maLiGRzzP	Billy Raffoul	['canadian pop']	[2017, 2018]	1	1
2ap4aQTG8zcKmzRjqlVmMd	Lafame	['modern salsa']	[2017]	1	1
3f4OfcNtgL9MLgiyOdIHC7	JENCARLOS	['latin pop', 'pop reggaeton']	[2017]	1	1
7fGW0xHsS8qa4W9KeHOQqN	Steve Lillywhite	[]	[2017]	1	1
0J7U24vlOOIeMpuaO6Q85A	LP	"['la pop', ""women's music""]"	[2017, 2018]	1	0
7KUri7klyLaIFXLcuuOMCd	Stargate	['norwegian pop']	[2017]	1	1
3iN9k8uvm4WrgdlOigOH8D	Hook N Sling	['australian dance', 'progressive electro house']	[2017]	1	1
6T70tWxqyIpdVbsFvPzqM3	La La Land Cast	[]	[2017]	1	0
2EMAnMvWE2eb56ToJVfCWs	Bryson Tiller	['kentucky hip hop', 'r&b', 'rap']	[2017, 2018]	1	1
3S0tlB4fE7ChxI2pWz8Xip	Giggs	['grime', 'london rap', 'uk hip hop']	[2017]	1	1
3oKRxpszQKUjjaHz388fVA	Parcels	['aussietronica', 'indie soul']	[2017]	1	0
0svViMOghOmkNJQAvf1iRe	Imix Children's Choir	['villancicos']	[2017]	1	0
2UZMlIwnkgAEDBsw1Rejkn	Tom Petty	['album rock', 'classic rock', 'hard rock', 'heartland rock', 'mellow gold', 'rock', 'singer-songwriter', 'soft rock']	[2017]	1	0
6I1r8xKn6bCeionvZVdzdR	Carminho	['fado']	[2017]	1	1
3mOd9j63D2DAPnOzQBJhQJ	CD9	['latin arena pop', 'latin viral pop', 'mexican pop']	[2017]	1	1
0GfYO21pue5u0sVEYk9HZO	Salvador Sobral	['portuguese pop']	[2017]	1	0
64PgkSM1uDD9BJEg0UkMMM	Ilinca	[]	[2017]	1	1
7LCXh4MTN5bnfptYe17e66	Alex Florea	[]	[2017]	1	1
3WaTkjZxpbGDryRuQTtj1g	Celia Cruz y La Sonora Matancera	[]	[2017]	1	0
7iZtZyCzp3LItcw1wtPI3D	Rae Sremmurd	['melodic rap', 'mississippi hip hop', 'rap', 'trap']	[2017]	1	1
4pADjHPWyrlAF0FA7joK2H	Jay Sean	['dance pop', 'pop', 'pop rap']	[2017]	1	1
68w2t0wbrGnxSIUHzWs5bt	Lito Kirino	['reggaeton flow', 'trap dominicano', 'trap latino']	[2017]	1	1
1xFn1xod58AGaSZjrxdiXA	El Chacal	['cubaton']	[2017, 2018]	1	1
1qXtiQoBqjS4RnDbMZOq0w	Trio Nueva Generaciion	[]	[2017]	1	0
2HHmvvSQ44ePDH7IKVzgK0	Jain	['french pop']	[2017]	1	0
1NY3EjKkYjyKooBOXWsubP	Coros Las Escuelas Ave Marianas	['musica para ninos']	[2017]	1	0
15mR9E7xTmVPmKeHcPByzD	Isadora	['pop nacional']	[2017]	1	1
6tYuW96NhiYI3sAxEDsqK4	Pasabordo	['colombian pop', 'reggaeton']	[2017]	1	1
6Ff53KvcvAj5U7Z1vojB5o	*NSYNC	['boy band', 'dance pop', 'pop']	[2017]	1	0
2WoVwexZuODvclzULjPQtm	Sampha	['alternative r&b', 'indie soul']	[2017]	1	1
5INjqkS1o8h1imAzPqGZBb	Tame Impala	['australian psych', 'modern rock', 'neo-psychedelic', 'rock']	[2017]	1	0
43ZHCT0cAZBISjO8DG9PnE	Elvis Presley	['rock-and-roll', 'rockabilly']	[2017, 2018, 2020]	1	0
4gwpcMTbLWtBUlOijbVpuu	Capital Cities	['metropopolis', 'modern rock']	[2017]	1	0
4N874uPqBka1QiCvnCVOtr	Phoebe Ryan	['alt z', 'indie poptimism']	[2017]	1	1
2DR7MOGAwxMZUA7U4N5X6t	Kosa	[]	[2017]	1	1
6FJw91aRR4QFL86JZMVXhW	Sky	[]	[2017, 2018]	1	1
5lzqFxifzjxYHGJxuwQqtR	Francesco Gabbani	['italian adult pop', 'italian pop']	[2017]	1	0
0C0XlULifJtAgn6ZNCW2eu	The Killers	['alternative rock', 'dance rock', 'modern rock', 'permanent wave', 'rock']	[2017]	1	0
08iTfBYGAG8Llyx6SkrY6F	The Harmony Group	[]	[2017]	1	0
2sRQFLs62KkM8UTW3DjDFM	Axel Ehnström	[]	[2017]	1	1
1CQLPgGkfHrxNMqrXt5oWS	Robin Bengtsson	['swedish idol pop', 'swedish pop']	[2017]	1	0
5lnsY88L4HEVxNUMCefego	La Favi	['neoperreo', 'rap latina']	[2017]	1	1
5lKZWd6HiSCLfnDGrq9RAm	Leona Lewis	['british soul', 'dance pop', 'pop', 'talent show']	[2017]	1	0
2fC8dVxeS2bsfIDvFj1M4V	Christian Daniel	['latin arena pop', 'puerto rican pop']	[2017, 2018]	1	1
3UjWu4XVz5QJs2KgqM3Eor	La Rondallita	[]	[2017]	1	0
2pQAUIesBqfT87PaM1ijtk	Trap Capos	['reggaeton', 'reggaeton flow', 'trap latino', 'urbano latino']	[2017]	1	1
5xIOUIBQhGFX7HIj8lhdyU	Omar Varela	['gaming dubstep']	[2017, 2018]	1	1
7qUmZzfGAo66NPgOEx0MWa	MYKKA	[]	[2017, 2018]	1	1
37G8DfNgO4mQ3PKh5droSo	"Osmani Garcia ""La Voz"""	['cubaton']	[2017]	1	1
3tVQdUvClmAT7URs9V3rsp	Wizkid	['afrobeats', 'afropop', 'azonto', 'azontobeats', 'nigerian hip hop', 'nigerian pop']	[2017, 2018]	1	1
77DAFfvm3O9zT5dIoG0eIO	Kyla	['uk funky']	[2017, 2018]	1	1
41AbNVba2ccpmcc9QtOJE7	Kings of Convenience	['bergen indie', 'melancholia', 'norwegian indie']	[2017]	1	0
6Dd3NScHWwnW6obMFbl1BH	Daya	['pop']	[2017]	1	1
2cHdytz9MoYGg1SReBPTWY	La Vida Moderna	[]	[2018]	1	1
2edfgxx46lHNjXjmzfNZfL	feat. Pirata & Lobo	[]	[2018]	1	1
2bbQRkTmEgKA1INGHeH7oT	Cheu-B	['drill francais', 'french hip hop', 'pop urbaine', 'rap antillais', 'rap francais']	[2018]	1	1
6beUvFUlKliUYJdLOXNj9C	King Princess	['alt z', 'indie pop', 'nyc pop']	[2018]	1	0
5vQfv3s2Z2SRdPZKr82ABw	Dzeko	['canadian electronic', 'dutch house', 'edm', 'electro house', 'pop dance', 'progressive electro house']	[2018]	1	1
0bdJZl7TDeiymDYzMJnVh2	Preme	['canadian hip hop', 'canadian trap', 'toronto rap']	[2018]	1	1
67mFhErdTWmJ9slGMC6vOf	Trío Los Josefinos	[]	[2018]	1	0
2tYwhzzfvvDr29BbBFcHhB	Arthur Hanlon	[]	[2018]	1	1
1mXAhKnZEdF6rotyyd4GBi	MC Kevinho	['arrocha', 'funk carioca', 'funk ostentacao', 'funk pop', 'sertanejo universitario']	[2018]	1	1
76yeOnINtQSXyoEHbkYmtY	Drew Love	[]	[2018]	1	1
0oiy4htgCUDm2GsFk14EZS	Prok	[]	[2018]	1	1
0hEurMDQu99nJRq8pTxO14	John Mayer	['neo mellow', 'singer-songwriter']	[2018]	1	0
3lPMSu7ymoUCKH8LGgcd5P	Lost Twin	['abstract beats', 'psychedelic hip hop']	[2018]	1	1
60uh2KYYSCqAgJNxcU4DA0	Hombres G	['latin alternative', 'latin pop', 'mexican pop', 'rock en espanol', 'spanish rock']	[2018]	1	0
3LLNDXrxL4uxXtnUJS5XWM	Alexander Rybak	[]	[2018]	1	0
5Xi3NfsVBIEbaWVUfBTy39	Govana	['dancehall', 'jamaican dancehall', 'traphall']	[2018]	1	1
3a2dlVcm5z0ha2j9ihlQmP	Dj Papis	[]	[2018]	1	1
4irQCuA0Tlt4vyXvfcuz2p	DJ Cobra Monterrey	['mexican edm', 'perreo']	[2018]	1	0
6Q7UV9Oa87GypGTKiuOh6f	Equinox	[]	[2018]	1	0
3o7fC2O4nraaicpID6bBZW	Elettra Lamborghini	['italian pop']	[2018]	1	0
79DSCFvlXAsjytJCUMZ4tb	Mueva Records	[]	[2018]	1	1
2pSxft78wxISNLTbjFThTk	Cadenza	[]	[2018]	1	1
6VyWLGXsjUekjMDWZ1jcwU	Pavvla	['indie catala', 'spanish indie folk']	[2018]	1	1
66UIukhrbr70OyzyeDQ2sO	Yuawi	[]	[2018]	1	1
6CsDr5zQs7nWbL3FV0dyWx	Tumpé	[]	[2018]	1	1
03Enzet8KLMkjdeQnbqbmn	Pacho El Antifeka	['reggaeton flow', 'trap latino', 'urbano latino']	[2018]	1	1
0eIRTHiorCLmVl5hf3BFdp	Burbujitas	[]	[2018]	1	0
3U4YeD9p381pXkebifD865	Cesar Sampson	[]	[2018]	1	0
7MFJyevu6jq0shwDuVLymu	Justin Mylo	['dutch house', 'electro house', 'pop dance', 'pop edm', 'progressive electro house']	[2018]	1	1
1E1W3to8HhGSkkIEUMwEjd	Dewain Whitmore	[]	[2018]	1	1
1cZQSpDsxgKIX2yW5OR9Ot	Lennon Stella	['alt z', 'canadian pop', 'uk pop']	[2018]	1	1
5ChF3i92IPZHduM7jN3dpg	Nicky Romero	['big room', 'dutch edm', 'dutch house', 'edm', 'electro house', 'pop dance', 'progressive electro house']	[2018]	1	1
7B8bUnxkbByXXeCQIIUvIT	Arevi	[]	[2018]	1	1
1GDip5phlxYzeZ36vnf9kJ	Delaporte	['spanish indie pop']	[2018]	1	0
7qPISKHhhKDLZTmYcX7bWd	Stylo G	['dancehall', 'uk dancehall']	[2018]	1	1
3J8pdA8hGN7lMw8ENo5fRv	Tropijazz	[]	[2018]	1	0
1lLeb5u496xZu2ELd7SdKA	Sua Cara	[]	[2018]	1	1
6S0dmVVn4udvppDhZIWxCr	Sean Kingston	['dance pop', 'miami hip hop', 'pop']	[2018]	1	1
2cQr2KbzdRtIFlfbHGnNsL	Ziv Zaifman	['show tunes']	[2018]	1	1
2LAqcqAQ8KPTsl1HBgBrqM	Michelle Williams	['hollywood']	[2018]	1	1
4rriNpL1lxpoysDDctWgl3	Jesse Baez	['guatemalan pop', 'r&b en espanol']	[2018]	1	1
4mgrIhoYnm5QMXkDHhPaDJ	Cláudia Pascoal	['portuguese pop']	[2018]	1	1
2oiBFya19iAwi0SCaltq1F	Isaura	['portuguese indie']	[2018]	1	1
00VnRQuhdfjkeaXeDu5dlW	Anuel	[]	[2018]	1	1
3W50twtHMESiHoOf2wHgfw	Gemeliers	['latin arena pop', 'latin pop']	[2018]	1	1
1gIUNwemvV0ieFYpL6jbEB	Sharlene	['dominican pop']	[2018]	1	1
5xxkw4ElO0WX3v4i1W5kAQ	Ryan O'Shaughnessy	['irish singer-songwriter']	[2018]	1	0
1asECxd7DPIjTLu8NTc3ZA	REYKO	[]	[2018]	1	0
4jEa9eTpzzkuDQ9JMr0LT3	Jam City	['deconstructed club', 'footwork', 'grimewave', 'minimal dubstep', 'vogue']	[2018]	1	1
08k2TtlE1pYESgljfijLaI	Dubbel Dutch	['vogue']	[2018]	1	1
6Ls7jvEOGiaPP5smBdptcF	Patrick Williams Orchestra	[]	[2018]	1	1
73nFLjE3BcdgywGYVtvXdL	Charlie Hijos Bastardos	['spanish hip hop', 'urbano espanol']	[2018]	1	1
4KLOMib6zqzNayKwLWTs2Q	Andrés Torres	[]	[2018]	1	1
7p3ipw2PvGG0X2x6zL1DLO	Mauricio Rengifo	[]	[2018]	1	1
0gadJ2b9A4SKsB1RFkBb66	Passenger	['folk-pop', 'neo mellow']	[2018]	1	0
4p362NN14lMGC5NOnFR0lk	Hazhe	['spanish hip hop']	[2018]	1	1
0gTcmxmHfvIQL25muniysn	"Coro Infantil ""Los Campanilleros"""	['villancicos']	[2018]	1	0
4fpTMHe34LC5t3h5ztK8qu	The Carters	['r&b']	[2018]	1	0
0WK3tWlmU4jfmQYqXZb8BH	Saox	['urbano espanol']	[2018]	1	1
05trgdoIUvlwqNLEPHTdoI	Enry-K	['urbano espanol']	[2018]	1	1
41sqYvXOn3ATsAQ65G1zx6	María Parrado	['spanish pop']	[2018]	1	0
4N8BwYTEC6XqykGvXXlmfv	George Benson	['jazz funk', 'jazz guitar', 'smooth jazz', 'soul jazz', 'yacht rock']	[2018]	1	1
52la6ts4higk3sqyFC3aTg	Novedades Carminha	['galego', 'galician rock', 'latin rock', 'punk galego', 'spanish indie pop', 'tontipop']	[2018]	1	1
06s35sbFfZJUEwFjAaZfiW	Cookin Soul	['boom bap espanol']	[2018]	1	1
7ijAWZVVd0I5xkVOnGGhEP	Ayax	[]	[2018]	1	1
4poL7YCSkG7kMnWjAdDU91	Era Istrefi	['albanian hip hop', 'albanian pop', 'kosovan pop']	[2018]	1	1
7LH7u8KmQYRcm1pmsFMMnB	Dominion	[]	[2018]	1	0
2a0uxJgbvvIRI4GX8pYfcr	J Hus	['afroswing', 'grime', 'uk hip hop']	[2018]	1	1
5eJtlvB9Qga52zsu4GzDNA	Alex Gargola	[]	[2018]	1	1
20pVLDSueWpSOPCWnCWzIU	Matt Hunter	['latin pop']	[2018]	1	1
3RqBeV12Tt7A8xH3zBDDUF	Kelsea Ballerini	['contemporary country', 'country']	[2018]	1	1
5DjOFRgriIqkevnxGp0X82	"Mr. David ""The Gnomo"" And His Friends"	[]	[2018]	1	0
6CwfuxIqcltXDGjfZsMd9A	MARINA	['metropopolis', 'pop', 'pov: indie', 'uk alternative pop']	[2018]	1	1
4boI7bJtmB1L3b1cuL75Zr	Mon Laferte	['latin alternative', 'latin pop']	[2018]	1	1
4tWoA7JxH2OmNjkvhI7Z3t	Rasmussen	[]	[2018]	1	0
2TjgzYcbTdsZjbT9OItIeB	"Héctor ""El Father"""	['reggaeton', 'urbano latino']	[2018]	1	1
6I0rcS4xTqrt9pwe8GBq3B	Trio Alma de America	[]	[2018]	1	0
7LXdYckhvHWU4ejXbkHa3N	Pepe Quintana	['reggaeton', 'reggaeton flow', 'trap latino', 'urbano latino']	[2018]	1	1
26XxGE8hLV1t9IYa8872lQ	Gianluca Vacchi	[]	[2018]	1	1
3nwYsifpwrKmCIpw4i0HDW	Konshens	['dancehall', 'traphall']	[2018]	1	1
7yI6f6KLTIotYOuspbjPMP	Shabu	['spanish hip hop', 'spanish reggae']	[2018]	1	1
1iPOay2JCcgNMPvBaPe9Ky	Street Rappers	[]	[2018]	1	0
36KsCCwgI0Dep97yVJWmkK	Monsieur Periné	['colombian pop', 'gypsy jazz', 'latin alternative']	[2018]	1	0
3CbYyyd8wH3RT6t0jwpdzC	Murda Beatz	['canadian hip hop', 'canadian trap']	[2018]	1	1
7jEEE187pVG6InOxn03oA5	Benjamin Ingrosso	['swedish pop']	[2018]	1	0
53KTldaJ8tHSkYU3nigfwP	Fonseca	['colombian pop', 'latin pop']	[2018]	1	0
0AglxiiP1X55pczgFkgdC4	Yulien Oviedo	['cubaton']	[2018]	1	1
0d7jzRhjOifL8X9hxNvbEn	El Micha	['cubaton']	[2018]	1	1
18IljLvyzZzrZHfyLBFJoi	Torrebruno	[]	[2018]	1	0
6apmlIDDsK3iSxCtZF6Sc9	Coro Navidad Blanca	['villancicos']	[2018]	1	0
03wpsS9DNvNHlat7djei8W	Small Lonely	[]	[2018]	1	0
21aa4pj9BvbFB2iT8kRpnq	Michael Schulte	['german pop', 'talentschau']	[2018]	1	0
4TEJudQY2pXxVHPE3gD2EU	BlocBoy JB	['memphis hip hop', 'rap', 'tennessee hip hop', 'trap']	[2018]	1	1
4XWTdNlsP8jqo5BDn5hgmd	Ermal Meta	['italian adult pop']	[2018]	1	1
3ebOqZZsLCDAkLS6QdI8cc	Fabrizio Moro	['italian adult pop']	[2018]	1	1
5fC6b91PeVmbBay5YNNpZo	Gran Coro de Villancicos	[]	[2018]	1	0
4ufOssbJqddb9FzTewwXal	SuRie	[]	[2018]	1	0
3PtCud9dIdOv4exrzdZZ1C	MAKJ	['dutch house', 'edm', 'electro house', 'melbourne bounce', 'pop dance', 'progressive electro house', 'sky room']	[2018]	1	1
5Berubt6ysOy2LCMyqhmXP	YFN Lucci	['arkansas hip hop', 'atl hip hop', 'melodic rap', 'southern hip hop', 'trap']	[2018]	1	1
5iuXjsXsTXs8lwmqzsF6dZ	Waylon	['dutch americana', 'dutch pop', 'dutch rock']	[2018]	1	0
5QuBVnBPEzwYvFrgBbwpmU	Empress Of	['art pop', 'electropop', 'escape room', 'etherpop', 'shiver pop']	[2018]	1	1
6C1ohJrd5VydigQtaGy5Wa	Joyner Lucas	['boston hip hop', 'hip hop', 'pop rap', 'rap']	[2018]	1	1
0WOxhx4hikIsyF3CRPLC8W	Famous Dex	['chicago rap', 'drill', 'rap', 'trap']	[2018]	1	0
5rSXSAkZ67PYJSvpUpkOr7	Backstreet Boys	['boy band', 'dance pop', 'pop']	[2018]	1	0
1tQn5gWbo3ee6n2Z52ogY5	Madame Monsieur	['french pop']	[2018]	1	0
7C7z1OMQ7TOtFBkwzK0zX9	Vanessa y Los Punto Com	['musica para ninos']	[2018]	1	0
3rDYAiKm3c9RgztxGEUfto	Cromo X	['dembow']	[2018]	1	1
2pg3wL9rxgUzpJDYCBTlt1	Nicolas Mayorca	['colombian pop']	[2018]	1	1
6eEIKJrWo4bAMfcwT1wuQy	Jrliske	[]	[2018]	1	1
2JpxbX8qRCC9v1aGzW32z0	Marina Jade	[]	[2018]	1	0
6rHWAH6F4mr2AViSxMV673	Jessica Mauboy	['australian indigenous', 'australian pop', 'australian talent show']	[2018]	1	0
5T8zbK3dic52T9bFu0aY8z	Sophia Somajo	['swedish electropop']	[2018]	1	1
4nym9MDEPnWmPfuWwsyKeL	MÉLOVIN	['ukrainian pop']	[2018]	1	0
4mHAu7NX2UNsnGXjviBD9e	Brooks	['dutch house', 'edm', 'electro house', 'future house', 'pop dance', 'pop edm', 'progressive electro house']	[2018]	1	1
1eMmoIprPDWeFdB1FxU6ZV	Au/Ra	['alt z', 'deep pop edm']	[2018]	1	1
6064pL9Hu3Wx2bwJMeOx6o	Tomine Harket	[]	[2018]	1	1
1CztIa6fCQ0WmVPidXuwSs	iLe	['puerto rican pop']	[2018]	1	1
0LJ84eGN5V4Av9rj4xzLSS	Ieva Zasimauskaitė	['lithuanian pop']	[2018]	1	0
0XiryHqfy6xZ3QrCutUAY2	Ana Fernandez	[]	[2018]	1	1
3gk0OYeLFWYupGFRHqLSR7	Showtek	['classic hardstyle', 'dutch house', 'edm', 'electro house', 'euphoric hardstyle', 'pop dance', 'progressive electro house']	[2018]	1	1
1oKdM70mJD8VvDOTKeS8t1	Emily Warren	['alt z', 'nyc pop']	[2018]	1	1
3EOEK57CV77D4ovYVcmiyt	Dennis Lloyd	['israeli pop']	[2018]	1	0
0NyzfcGDZZ6GM25EBG9BYK	Ray Parker Jr.	[]	[2018]	1	0
5xnMjuPp1eDXa8du0SKIHD	Barbatuques	['brazilian percussion', 'nova musica paulista']	[2018]	1	1
2hqaYLpZg89K0aKGqEMSZi	Foreign	['brazilian hip hop']	[2018]	1	1
6Ocjln6CF4WJ5z1GTmGzUH	FlowZeta	['flamenco urbano']	[2018]	1	1
1DXddwyl1hvp7FR3EYkPSF	RJ Word	[]	[2018]	1	1
3I4C4dBnoFefYSSoAvV1R8	Magnifico	[]	[2018]	1	1
6PzpW5qw7ffNheQYjggsEj	DL Blando	['urbano espanol']	[2018]	1	1
6Kz7MXIUFMtp5Ts91lagtR	Mikolas Josef	['czech pop']	[2018]	1	0
51QfFc2TehRhikVlb2GYQO	Dj Figu	[]	[2018]	1	1
5dnToFbLQQ7ZIJGaesqGoh	Secreto	['rap dominicano']	[2018]	1	1
1nbrjOvQRh3w167UZjjMv4	Sergio Ramos	[]	[2018]	1	1
7bNqXqIrIfwJnipx7oGeU4	Sevenn	['brazilian edm']	[2018]	1	1
3WkNzdzs4a3TCGUc58VMXl	Jirafa Rey	[]	[2018]	1	1
6DGDSgyS9gS5UNpYrOeqWq	La Pili	[]	[2018]	1	1
2fiiGUBgPsIKDCE0bTthnl	Ska-P	['ska', 'spanish rock']	[2018]	1	0
26nND4GxrScoR4TkJBOmR1	Coro de Niños	[]	[2018]	1	0
49Z1AvGeUaBSanPaOmplK6	Andrés Cepeda	['colombian pop']	[2018]	1	1
0AdjzZxHJ4MfbImx2rD0Df	Pj Sin Suela	['puerto rican rock', 'reggae en espanol']	[2018]	1	1
0LyOADBjj28cbvJWTXUEGA	Loren Allred	['deep talent show', 'hollywood', 'movie tunes']	[2018]	1	0
6VoRokuki5Bj7BEB2gZ3BF	Los Unidades	[]	[2018]	1	1
6Ja6zFB5d7XRihhfMo6KzY	Jozzy	[]	[2018]	1	1
1O77s4Fe4GrRPBlUKRUcEw	J Dose	['spanish hip hop', 'urbano espanol']	[2018]	1	1
0BHo5QBLAjH32hoe4xHGYq	Elilluminari	['dembow dominicano']	[2018]	1	0
1hzfo8twXdOegF3xireCYs	Milky Chance	['german pop', 'modern rock']	[2018]	1	0
5vBSrE1xujD2FXYRarbAXc	Years & Years	['gauze pop', 'pop', 'uk pop']	[2018]	1	0
2OsS8RgsvMnTgDsbWVzzPn	Saara Aalto	['finnish idol pop']	[2018]	1	0
1tqhsYv8yBBdwANFNzHtcr	Lil Dicky	['comedy rap', 'indie pop rap', 'pop rap']	[2018]	1	1
3FNauFXOs09Shm47H71Nsg	Elina Nechayeva	[]	[2018]	1	0
0qSX3s5pJnAlSsgsCne8Cz	Brett Eldredge	['contemporary country', 'country', 'country road', 'modern country rock']	[2018, 2020]	1	1
51JC5pgVHZRFXibWxkBgNi	Coro Navideño	['villancicos']	[2018]	1	0
711MCceyCBcFnzjGY4Q7Un	AC/DC	['australian rock', 'hard rock', 'rock']	[2018]	1	0
7guDJrEfX3qb6FEbdPA5qi	Stevie Wonder	['motown', 'soul']	[2018]	1	0
5qJtG9Liqo5VSYs1hjcX5a	Paula Gonu	['latin viral pop']	[2018]	1	1
1YG8mAMbcBWgB96gyk0vLO	Pulse	[]	[2018]	1	1
4NHQUGzhtTLFvgF5SZesLK	Tove Lo	['metropopolis', 'pop', 'swedish electropop', 'swedish pop', 'swedish synthpop']	[2018]	1	1
6nHw1okbrm186FyeZyEbWI	Ausonix	[]	[2018]	1	0
6ieK9Ddas29reReO60on3o	"Gotay ""El Autentiko"""	['reggaeton', 'reggaeton flow', 'urbano latino']	[2020]	1	1
6rjirR85KSJwjW3RN6bPB3	Emanuel A	[]	[2020]	1	0
1OTnb625gMBm5NsLYAdUEm	Los Ronaldos	['spanish new wave', 'spanish pop']	[2020, 2021]	1	0
0Y30TbA4p8SAfCzy2AFBa8	Yaviah	['latin hip hop', 'reggaeton']	[2020]	1	1
7vnithGAUscrk9Imtyr6Sd	Chris Andrew	['urbano latino']	[2020]	1	1
4AK6F7OLvEQ5QYCBNiQWHq	One Direction	['boy band', 'pop', 'post-teen pop', 'talent show']	[2020]	1	0
235Vf4hkmwvxjVEMuCbRxm	Rodrigo	['argentine rock', 'cuarteto', 'cumbia villera']	[2020]	1	0
4PzYKhC14sTJNEr0dzoo0d	Luísa Sonza	['pop nacional']	[2020]	1	1
473Xxv1N3YJJdKxYH0XaiX	mori	[]	[2020]	1	1
5KtT4N5jkrPVRAIcJ8GmnV	Morgan	['cantautor', 'spanish indie pop']	[2020]	1	0
3iuDJzaIhy7gDPgmUW2ujw	Fumaratto	['guaracha']	[2020]	1	1
45dkTj5sMRSjrmBSBeiHym	Tate McRae	['alt z', 'pop']	[2020, 2021]	1	0
1kiq2kUV0cbLUhJsr7cpW0	Alida	['norwegian pop']	[2020]	1	1
19WQtApO8bp44xVTR4D138	Junco	['pop flamenco', 'rumba']	[2020, 2021]	1	1
4oFwW8GNt4Seyt1dK3ij2S	Liderj	['flamenco urbano']	[2020]	1	1
53iazAdOCTBFQRijBpyPsH	El Dave	['rap underground espanol']	[2020]	1	1
3Thdzj2jrPSysZhhINbWfG	Sasha	[]	[2020]	1	1
7x3FuEYlR1NZaz0DLoBfiy	Nick Maylo	['latin talent show']	[2020]	1	1
1MbqzxZvHtdClX1cBKU2OG	Fuel Fandango	['pop electronico', 'spanish indie pop']	[2020]	1	1
3O5HD95HTEPgoPFOjAb7yV	DripReport	['viral rap']	[2020]	1	0
5RLb16s3zfrdWdRF0l7xij	Kafu Banton	['panamanian pop']	[2020]	1	1
4LEiUm1SRbFMgfqnQTwUbQ	Bon Iver	['chamber pop', 'eau claire indie', 'indie folk', 'melancholia', 'modern rock']	[2020]	1	1
0ThxHJx0ElqLD8h2Compyq	WE$T DUBAI	['urbano espanol']	[2020]	1	1
5r3fI2q1YU3QyVP7oncOQ9	The Plug	['uk hip hop']	[2020]	1	1
7DUTsWY3RBd64vh8UtgtYA	Lacrim	['arabic hip hop', 'french hip hop', 'pop urbaine', 'rap francais']	[2020]	1	1
0Kwf0zcciIFGLCKiqNcO6Q	SRNO	['dutch rap pop']	[2020]	1	1
699OTQXzgjhIYAHMy9RyPD	Playboi Carti	['atl hip hop', 'plugg', 'pluggnb', 'rage rap', 'rap']	[2020]	1	1
4rvJ0Ktz2X2Erea9XUHxfu	Pepe : Vizio	['urbano espanol']	[2020, 2021]	1	1
4lly7Y0BBZEntE9vx61Kv2	Daniela	[]	[2020]	1	1
3IW7ScrzXmPvZhB27hmfgy	Jul	['french hip hop', 'pop urbaine', 'rap marseille']	[2020]	1	1
3oOJYwLB8FGSKYOQ5zx7Kk	Liro Shaq	['dembow', 'rap dominicano']	[2020]	1	1
4LLpKhyESsyAXpc4laK94U	Mac Miller	['hip hop', 'pittsburgh rap', 'rap']	[2020]	1	0
2GM4toz8PLIIzgPPSLN8gM	Coro Infantil Monte Mijedo	['villancicos']	[2020]	1	0
4ETSs924pXMzjIeD6E9b4u	Surfaces	['bedroom soul']	[2020]	1	0
6DgP9otnZw5z6daOntINxp	Joel Corry	['dance pop', 'pop dance', 'uk dance']	[2020, 2021]	1	1
7uMh23xWiuR7zsNkuNcm2G	MNEK	['house', 'pop dance', 'uk contemporary r&b', 'uk dance', 'uk pop']	[2020, 2021]	1	1
5NzCASNJVvcPW4uGwMRlPl	Al Safir	['rap espanol', 'urbano espanol']	[2020]	1	0
4CuMwzDzEdlUJMEna38VQ0	Dark Polo Gang	['italian hip hop', 'italian indie pop', 'italian pop', 'trap italiana']	[2020]	1	1
0hk4xVujcyOr6USD95wcWb	Sick Luke	['italian hip hop', 'trap italiana']	[2020]	1	1
7qd6KGoABHifvXKeFNe2Yb	Wolftyla	['trap queen']	[2020]	1	1
2KEDbpUlz9nwtGywHT4gyf	Los Secretos	['cantautor', 'latin arena pop', 'spanish new wave', 'spanish pop', 'spanish pop rock']	[2020]	1	0
7f02bxFbZIOVdSbYRNYvLT	Jerry Di	['cubaton', 'pop venezolano', 'trap latino', 'urbano latino']	[2020, 2021]	1	0
7bmYpVgQub656uNTu6qGNQ	Hwa Sa	['k-pop', 'korean talent show']	[2020]	1	1
6lca9phTiMCNjObnwuCFi1	Kenai	['reggaeton flow']	[2020]	1	1
6CeuGv4HZFxwZB1LyCBUjn	Denyerkin	['urbano espanol']	[2020]	1	1
4Uc8Dsxct0oMqx0P6i60ea	Conan Gray	['bedroom pop', 'pop', 'pov: indie']	[2020, 2021]	1	0
4hadtPX6kKntrnA87Zdy01	Scott Storch	[]	[2020]	1	1
7GaxyUddsPok8BuhxN6OUW	James Brown	['funk', 'soul']	[2020]	1	0
3vxYNXtM9uOMdRAXTXgtmf	Yung Sarria	['drill espanol', 'trap colombiano', 'trap mexicano', 'urbano espanol']	[2020, 2021]	1	1
0QJIPDAEDILuo8AIq3pMuU	M.I.A.	['escape room', 'indietronica', 'new rave']	[2020]	1	1
23TFHmajVfBtlRx5MXqgoz	Sfera Ebbasta	['italian hip hop', 'italian pop', 'trap italiana', 'trap latino']	[2020]	1	1
2zfwez4uxbP8NcFy3kaNLF	Kiddtetoon	['trap chileno', 'urbano chileno']	[2020]	1	1
60d7XKY1qqY5cPnXOCVvo6	Diego Smith	['trap chileno']	[2020]	1	1
3hIPQBm8PBt8B5aahP6cVP	Celtas Cortos	['cantautor', 'celtic rock', 'latin alternative', 'musica pitiusa', 'spanish new wave', 'spanish pop']	[2020, 2021]	1	0
18qC8mrcJ9ZjChRDPvpadi	Aleesha	['urbano espanol']	[2020]	1	1
2JsDK87cAxuUlz4L4izU7A	Evlay	[]	[2020]	1	1
1TiGxAkU8w0xBCVFOP6Ttl	Duo Dinamico	['cancion melodica', 'pop romantico']	[2020]	1	0
3ljuRRLVJKgXJKO0xNqzi6	Zarcort	['latin viral rap', 'rap anime']	[2020]	1	1
5OG2g2M1W8LoS47pvptMQP	Piter-G	['rap conciencia']	[2020]	1	1
1H5opKXoXApJyUrNpqfvBO	Anuel Doble A	[]	[2020]	1	0
3qWEtbIUxVj8Ve6OnMpVA6	Real Hasta La Muerte - Club De Fans De Anuel	[]	[2020]	1	0
0DjGDEVSQsodFbL1bMVPRs	Miranda	['rap espanol', 'spanish hip hop', 'urbano espanol']	[2020]	1	1
1PrPa8zf5xW14VSJRgrCE4	PV Aparataje	['dembow dominicano']	[2020]	1	1
35GL8Cu2GKTcHzKGi75xl5	Jennifer Hudson	['dance pop', 'r&b', 'urban contemporary']	[2020, 2021]	1	1
4NEThNYJ3WyNcJWcmpjq88	Ir Sais	['basshall', 'ritmo kombina']	[2020]	1	1
7lzordPuZEXxwt9aoVZYmG	Billy Idol	['album rock', 'classic rock', 'dance rock', 'hard rock', 'new romantic', 'new wave', 'new wave pop', 'rock', 'soft rock']	[2020]	1	1
56mfhUDKa1vec6rSLZV5Eg	Jawsh 685	['nz pop']	[2020, 2021]	1	1
4C29ETLBPmYKYwtJUepbJz	Seven Kayne	['argentine hip hop', 'trap argentino', 'trap latino', 'trap triste']	[2020]	1	1
6bmlMHgSheBauioMgKv2tn	Powfu	['sad lo-fi', 'sad rap']	[2020]	1	1
35l9BRT7MXmM8bv2WDQiyB	beabadoobee	['bedroom pop', 'bubblegrunge', 'indie pop', 'pov: indie']	[2020]	1	1
5TphiK6LsT4X5NOZxq3NJB	Trio Vegabajeño	['musica jibara', 'puerto rican folk']	[2020]	1	0
48R2gYdPKtfnfKAzhSVPUx	Migrantes	['cumbia pop']	[2020, 2021]	1	1
7n3wAgh1j3RRbxYzfZTQDF	Alico	[]	[2020, 2021]	1	1
6fs2or0cKLEM2xohWq8SoX	Lexie Liu	['chinese electropop']	[2020]	1	1
4TqlcgMFDryY96KWcvrhTv	Seraphine	[]	[2020]	1	1
3dtkct6MUrKfxCUWLgnGAD	Vin Diesel	[]	[2020]	1	1
1lmU3giNF3CSbkVSQmLpHQ	Surf Mesa	[]	[2020]	1	1
4ArPQ1Opcksbbf3CPwEjWE	Emilee	['social media pop']	[2020]	1	1
6pvz7OwdRHemko3hrQygJb	El Completo Rd	['dembow dominicano']	[2020]	1	1
3TKCdsX8yNNoiC1gesn6or	RONNY J	['melodic rap', 'miami hip hop']	[2020]	1	1
1XEVu7gdRFfzEFqsPrancH	rusowsky	[]	[2020]	1	1
1jB62pOe5WpGiHOBDtKBBG	La Zowi	['rap latina', 'urbano espanol']	[2020]	1	1
5zDVnUun4YSqFlbGk0W1kZ	Pipo Beatz	['urbano chileno']	[2020]	1	1
5yy76ufVriyvidNSvXlRU1	Clever	['alabama rap']	[2020]	1	1
7eH1UUCyxL8Wf9PztvvPJ6	Arce	['spanish hip hop', 'urbano espanol']	[2020]	1	1
523y9KSneKh6APd1hKxLuF	Master KG	['bolobedu house', 'south african house']	[2020, 2021]	1	1
4cfKtwkefMW3aiXtxfw8w6	Nomcebo Zikode	['afro soul', 'south african pop']	[2020, 2021]	1	1
7LvoDJUNGnOrPdGRzVtOJ9	Young M.A	['alternative r&b', 'lgbtq+ hip hop', 'nyc rap', 'rap', 'trap']	[2020]	1	1
1Rv4Ogfu7pg6QMo09XWtWK	Lamari	[]	[2020]	1	1
7fWD0BSDlixbj6YNQyHTLh	Cariño	['tontipop']	[2020]	1	1
3pPvxpifWmiueGdmBeUvZW	Nakary	[]	[2020]	1	1
66W9LaWS0DPdL7Sz8iYGYe	JP Saxe	['alt z', 'canadian contemporary r&b', 'singer-songwriter pop']	[2020]	1	1
4TvhRzxIL1le2PWCeUqxQw	The Blessed Madonna	[]	[2020]	1	1
1A8aoDrchH5aefQYBCfpLv	Gabriela	[]	[2020]	1	1
6mBHjsMML6XGuqjaDH1iqW	Resistiré 2020	['musical advocacy']	[2020]	1	1
2UPK6yJypnotLzHuUBiVa2	Diana Navarro	['copla', 'rumba', 'spanish pop']	[2020]	1	1
71cjWNRukkIF8Ulh006x3b	Georgina	['latin arena pop']	[2020]	1	1
7thnnayFyJnVOAJrpe5wMC	Mikel Erentxun	['cantautor', 'spanish new wave', 'spanish pop']	[2020]	1	1
0ewtf5KcA50GVkF6FBXOcs	Rulo y la contrabanda	['latin arena pop', 'spanish pop', 'spanish rock']	[2020]	1	1
0TPv1jIhKn4d0boGDxy4LI	Conchita	['spanish pop']	[2020]	1	1
38DCnAQ5QAcMW9TSnsgYGt	David Summers	[]	[2020]	1	1
2fFrIDTV1Tk8MwAv4OJiY5	Efecto Mariposa	['spanish pop', 'spanish pop rock']	[2020]	1	1
2kTb8aNeiYJt6qAOG4JsrF	ELE	[]	[2020]	1	1
7p5J8SfKU9Rulp7tcA53G8	Jose Merce	['cante flamenco', 'flamenco', 'rumba']	[2020]	1	1
2GrNjfw23jqL1NTopPlc6c	Pedro Guerra	['cantautor', 'musica canaria', 'nueva cancion', 'trova']	[2020]	1	1
4ByxGModIR7nXk4ZaVFdfO	Pitingo	['pop flamenco', 'rumba', 'spanish pop']	[2020]	1	1
6nh96lsvDLuCVpgpfjeYnM	Pastora Soler	['latin arena pop', 'pop flamenco', 'spanish pop', 'spanish pop rock']	[2020]	1	1
5zctI4wO9XSKS8XwcnqEHk	Lil Mosey	['melodic rap', 'rap conscient']	[2020]	1	0
3NpG6SsHaQETkdQVZH6V1E	Kiko el Crazy	['dembow dominicano']	[2020]	1	0
67h1eGw2OFs89l8EnaOdoS	Luis Eduardo Aute	['cantautor', 'nueva cancion', 'trova']	[2020]	1	0
7nqlScm2smydSRl13eaP8E	Nea	['scandipop']	[2020]	1	0
5AmJYBIvICxss43P05MkU8	La Ross Maria	['dominican pop']	[2020, 2021]	1	0
0daugAjUgbJSqdlyYNwIbT	Vicetone	['edm', 'electro house', 'pop dance', 'progressive electro house']	[2020]	1	1
2jpQ0ywffgVHhZFQNWaWYW	Tony Igy	['russian dance']	[2020]	1	1
7vPGzgDg3qGUY5bWtrO3K4	Conkarah	['jawaiian']	[2020]	1	1
2fZcYu4ltOFdwsnDmLQ9jl	DJ Fle	[]	[2020]	1	1
3QVolfxko2UyCOtexhVTli	Angèle	['belgian pop', 'french pop', 'variete francaise']	[2020]	1	1
7B1LLuCQk13H4Mb6CFBftU	The Martinez Brothers	['deep disco house', 'house', 'minimal tech house', 'minimal techno']	[2020]	1	1
6TKygPpVT29oGUogu4J9Ec	Yan Block	['trap boricua', 'trap latino', 'urbano latino']	[2020, 2021]	1	1
73SBwOgH6mrS09OyFHdR62	Denise Rosenthal	['pop chileno']	[2020, 2021]	1	1
1etnyde2WY88gYflxPABE2	Yago Roche	[]	[2020]	1	0
3npNxahICTnLgXUWuw2ZAC	Carlotta Cosials	[]	[2020]	1	1
7MignPwWd7ZxlPi54KtLpp	Christina Rosenvinge	['spanish indie pop']	[2020]	1	1
3wpNKcE7grYUIRKCMpmBOb	DePedro	['cantautor', 'spanish indie pop']	[2020]	1	1
3ODEQfAKdOPjs39qLlDCP9	Eva Amaral	['musica aragonesa']	[2020]	1	1
4eyF2eDCunzeFykH90Ej34	Ismael Serrano	['cantautor', 'nueva cancion', 'trova']	[2020]	1	1
1HUbv0v2f9HNE6qIbB35El	Luz Casal	['cantautor', 'spanish new wave', 'spanish pop']	[2020]	1	1
23qto2LKAJoFxdffbvVvKC	Maika Makovski	['spanish indie folk', 'spanish indie pop']	[2020]	1	1
6mR7YwqzUTv6hnbySnXIEO	Marwán	['cantautor']	[2020]	1	1
14CMndDKSsMSvZYXFLZRfn	Nacho Vegas	['cantautor', 'spanish folk rock', 'spanish indie pop']	[2020]	1	1
4c21TuhwIqBZLEpwVRWrgZ	Nina de Juan	[]	[2020]	1	1
59bV1Zv97BwGJYy6O2SvUx	Xoel López	['cantautor', 'spanish indie pop']	[2020]	1	1
5UA1oMfQ2oISh5SaZiVjXe	Daniela Garsal	[]	[2020]	1	1
6VSx5Yd2AO0fhm0h6xxeGi	NDG	['italian hip hop', 'pop virale italiano']	[2020]	1	1
3o7aFoRens3q0PemGHwM6X	Ayden Lau	[]	[2020]	1	1
0Cp8WN4V8Tu4QJQwCN5Md4	BENEE	['alt z', 'nz pop']	[2020]	1	1
6sHCvZe1PHrOAuYlwTLNH4	Gus Dapperton	['bedroom pop', 'indie poptimism', 'pov: indie']	[2020]	1	1
4EPJlUEBy49EX1wuFOvtjK	Becky Hill	['pop dance', 'pop house', 'uk dance', 'uk pop']	[2020]	1	1
4SRLwfQv9SPJaWZ1wllD7n	Musica-Musica	[]	[2020]	1	0
0r4YtlmJPQk1xhiVKHuPeF	Antonio Vega	['cantautor', 'spanish new wave', 'spanish pop']	[2020]	1	1
3ZJxEmjYZd5VOqZ8o3aXiL	ABRA	['alternative r&b']	[2020, 2021]	1	1
1Ixof0imwzqpuV21Ug9pKn	Choclock	['r&b en espanol', 'urbano espanol']	[2020]	1	1
4Ui2kfOqGujY81UcPrb5KE	HAIM	['indietronica', 'metropopolis']	[2020]	1	1
7xLtt3vnhKGANQKpsaIMVa	Chico Blanco	['urbano espanol']	[2020]	1	1
0bYQe0JDIjxkSHQoXlfngl	ACRU	['argentine hip hop', 'bases de freestyle', 'rap underground espanol']	[2020]	1	1
3BCFlhrVzBKHbzBnWr13d9	Sebastián Cortés	['tontipop']	[2020]	1	1
5V0MlUE1Bft0mbLlND7FJz	Ella Fitzgerald	['adult standards', 'jazz', 'jazz blues', 'soul', 'swing', 'vocal jazz']	[2020]	1	0
365Q4cNnnlsQErzPsUzyXY	HUMAN(X)	[]	[2020]	1	1
1aw0Cdl1DIrtUrUA6fGbAR	Dread Mar I	['argentine reggae', 'rock en espanol']	[2020]	1	1
4DFbrpjopAzVHpxcQ1peA2	dFlow	[]	[2020]	1	0
105iYV1T7lf8Rysxo0KzfD	Nikone	['spanish hip hop', 'urbano espanol']	[2020, 2021]	1	1
5RwfJb8wxN1fuodcPORVxP	José Luis Perales	['cancion melodica', 'latin pop', 'ranchera']	[2020]	1	0
7Kh6SBEGtFtqjYo5bN0ACG	Young Martino	['reggaeton flow', 'trap latino', 'urbano latino']	[2020, 2021]	1	1
4zOhMWD0LoBe2nP7s9cHhX	Joyce Santana	['reggaeton flow', 'trap boricua', 'trap latino', 'urbano latino']	[2020, 2021]	1	1
71FfEgML4GAokNHmW1GKPF	Sammy	[]	[2020, 2021]	1	1
7iXYHQPYLQSz3b3hbPJpk3	Towy	[]	[2020, 2021]	1	1
2pG0eQLB8CbmmWWmjJi4yd	Osquel	['reggaeton flow', 'trap latino']	[2020, 2021]	1	1
6TOKWuw816UU34AE4MCZqr	Beltito	[]	[2020, 2021]	1	1
6gam0JQstq7HY1zVVNzduE	MilloGang	[]	[2020]	1	0
2mzbm2cwDrAgc9zxcXvfC1	XOVOX	[]	[2020]	1	1
2PctE0f82UrDM9CR3SXXGo	Alcover	[]	[2020]	1	1
2PaZWGu5T5nHjY2xxAkFsT	THE SCOTTS	['viral rap']	[2020]	1	1
0fA0VVWsXO9YnASrzqfmYu	Kid Cudi	['hip hop', 'ohio hip hop', 'pop rap', 'rap']	[2020]	1	1
3XxxEq6BREC57nCWXbQZ7o	Jamie Cullum	['contemporary vocal jazz', 'jazz pop', 'neo mellow']	[2020]	1	0
5ZQervTJXJJ69aosfpzpk3	Naim Darrechi	['latin viral pop']	[2020]	1	0
3Hb64DQZIhDCgyHKrzBXOL	Daði Freyr	['icelandic pop', 'sunnlensk tonlist']	[2021]	1	0
26cMerAxjx9GedFt0lMDjm	Bella Poarch	['modern alternative pop']	[2021]	1	0
6bxjoq64Y0HTfMc4GIbpyJ	vf7	['rap romantico', 'urbano latino']	[2021]	1	1
6TLwD7HPWuiOzvXEa3oCNe	Oliver Tree	['alternative hip hop']	[2021]	1	0
0cPeG9Ug0vsr6GJGgVFZWr	Maximus	[]	[2021]	1	1
4POeB6Dr0EsRigViBnsTgU	Fabianni	[]	[2021]	1	1
4mPVIQNhAAWQ00jvzMv9E0	I-Ace	[]	[2021]	1	1
6asFFldfwacpWS6tsmPODw	Tekilas	[]	[2021]	1	1
08ZqXO40nMrhBoGma4kls2	SyKo	['glitchcore', 'slowed and reverb', 'sped up']	[2021]	1	1
1D6ueetjwqW491iboMI3NT	Destiny	['maltese pop']	[2021]	1	0
0XwVARXT135rw8lyw1EeWP	Christian Nodal	['mariachi', 'musica mexicana', 'nueva musica mexicana', 'ranchera']	[2021]	1	1
3L58J6a7f0jyy2p6f3MSAs	Blind Channel	['oulu metal', 'trancecore']	[2021]	1	0
3SBsCnbQ5q8bOW0uBcwG54	Lin Cortés	['flamenco', 'nuevo flamenco', 'pop flamenco']	[2021]	1	1
4lcKL2Iqv1h7KzEt0lUISA	Doble	['rap underground espanol']	[2021]	1	1
0tR60pwxQ5WKjPxQcKoCQ7	Messiah	['trap dominicano', 'trap latino']	[2021]	1	1
7kaC28XGoTp1ViSZAA0iuX	Jossef	['reggaeton', 'urbano latino']	[2021]	1	1
7jZM5w05mGhw6wTB1okhD9	ATB	['german dance', 'german techno', 'german trance', 'trance']	[2021]	1	1
3K3u27hhXRoHojEeDHXLAe	Shoda Monkas	['rap espanol', 'spanish hip hop', 'urbano espanol']	[2021]	1	1
0AwuLd2vqMtaO2HOJkRuVo	Luis Armando	[]	[2021]	1	1
4FhC69hLxEcpLUaC08ityW	Skinny Flex	['drill espanol']	[2021]	1	1
5wUO3A6DT4tO5UDz21kE2Y	Neutro Shorty	['trap latino', 'trap venezolano', 'urbano latino', 'venezuelan hip hop']	[2021]	1	1
2OOZH1GBHPHCZ66cVLgBnl	Pepe	[]	[2021]	1	0
72Nhcx7prNk2ZCxhx0Y5es	Amy Grant	['christian music']	[2021]	1	0
4kvCU3MzggM2piZCqvxj0x	Go_A	['ukrainian viral pop']	[2021]	1	0
5lTjv8Ag00qHSGhvK4JbeF	Justin Wellington	['melanesian pop', 'pacific islands pop', 'png pop']	[2021]	1	1
6c8akjSeJQw2NYemV6qVT8	Small Jam	['solomon islands pop']	[2021]	1	1
34G31kGbSQmemVlI0G784o	THE ROOP	['lithuanian rock']	[2021]	1	0
3ou0JTD6UMkXvymmMrzBOJ	Brawler	['rap underground espanol']	[2021]	1	1
2sA17fdEW3AIUbETkwrsKY	Nerso	[]	[2021]	1	1
5FxD8fkQZ6KcsSYupDVoSO	Omar Apollo	['bedroom pop', 'bedroom soul']	[2021]	1	1
1SiLK8gdECx2iEm2SSj0Bl	Ak4:20	['urbano chileno', 'urbano latino']	[2021]	1	1
1ZvtTaNp6MzFp0a69FB2xZ	DukeeMdz	['rap espanol']	[2021]	1	0
1XSmez9xyCCPpOZp0uImwM	Rita Payés	['jazz catala']	[2021]	1	1
4bYPcJP5jwMhSivRcqie2n	Adam Levine	['deep talent show']	[2021]	1	1
1ljNTY4uIBecRJmy69UNWt	Don Chezina	['reggaeton']	[2021]	1	1
20wkVLutqVOYrc0kxFs7rA	Daniel Caesar	['canadian contemporary r&b']	[2021]	1	1
4TgsxeFPNtkZ5lneq9AceU	Elena Tsagrinou	['greek pop']	[2021]	1	0
29b16XDtyMXDrfo2hZ69wf	ADSO	['trap latino', 'trap venezolano', 'urbano latino', 'venezuelan hip hop']	[2021]	1	1
45VGByxe5GLUyX1XQlcC8I	Sofi de la Torre	[]	[2021]	1	1
0vMv24BXeZOK8l3S5SMLri	CashMoneyAp	[]	[2021]	1	1
77Q8RFg6cpavZLKvlmRsAy	Yung Caza	[]	[2021]	1	1
3L4wiBOSDLkJ18OISXZDA8	Barbara Pravi	['french pop', 'nouvelle chanson francaise']	[2021]	1	0
7G9dCn1mqomAa0ucJoBm6J	Rayvanny	['bongo flava', 'tanzanian hip hop', 'tanzanian pop']	[2021]	1	1
7b79bQFziJFedJb75k6hFt	Tion Wayne	['london rap', 'uk hip hop']	[2021]	1	1
3FoFW2AoUGRHBacC6i4x4p	Russ Millions	['melodic drill', 'uk drill']	[2021]	1	1
7m0BsF0t3K9WQFgKoPejfk	ArrDee	['uk hip hop']	[2021]	1	1
63ebc5zUpJ36aoTDQJHa9B	E1 (3x3)	[]	[2021]	1	1
2uIRmVaCVpHQjaVgph5clS	ZT (3x3)	[]	[2021]	1	1
4Dokdwa3WB7ilQ2c2qvIBL	Bugzy Malone	['grime', 'manchester hip hop', 'uk hip hop']	[2021]	1	1
5AiY4bxeXerLXx03JADdQv	Buni	['uk drill']	[2021]	1	1
14CHVeJGrR5xgUGQFV5BVM	Fivio Foreign	['brooklyn drill', 'new york drill', 'trap']	[2021]	1	1
4QSTyDpxsKmv3UfavVUImR	Darkoo	['afrobeats', 'afroswing', 'london rap', 'uk hip hop']	[2021]	1	1
2T3D6kBjXg7ofm7GXBaDQU	Dudi	['rap espanol']	[2021]	1	0
3JSSjGYcIkgsrz7892CelT	Ed Maverick	['chihuahua indie', 'indie triste', 'mexican indie']	[2021]	1	1
1CdLG4i1rTEOsex2UE0jCH	Nacha Pop	['cantautor', 'latin alternative', 'mexican rock', 'rock en espanol', 'spanish new wave', 'spanish pop']	[2021]	1	0
3p3jPcp8b7WL9XYj4xlsWj	Snow Tha Product	['alternative r&b', 'rap latina', 'trap queen']	[2021]	1	1
4Wet5T2s97MSAVKTwn95ec	Trabuko102	[]	[2021]	1	1
6d3QYmv20KCYYelWMN0jUQ	LosMDLR	[]	[2021]	1	1
1zl3p4VBfqqHGikw3Ad46R	Fer Casillas	['mexican indie', 'monterrey indie', 'r&b en espanol']	[2021]	1	1
7cTOvRJbaxb76AiHplxkoA	Pepe Blanco	['copla']	[2021]	1	1
6QMABvTzixnxzsLYyhqRxI	Majestic	['uk dance']	[2021]	1	1
7a3ryRcO3alwbqaX4RagzM	ZOO	['mestissatge', 'rap catala', 'rap politico', 'rock catala']	[2021]	1	0
34Y0ldeyUv7jBvukWOGASO	Bobby Shmurda	['nyc rap', 'rap', 'trap']	[2021]	1	1
06TVTkMAOR935MhkjX0i2A	Anthony Santos	['bachata', 'bachata dominicana']	[2021]	1	1
46pWGuE3dSwY3bMMXGBvVS	Rema	['afrobeats', 'nigerian pop']	[2021]	1	1
3E12tRURRvPfHz0hAMCFYc	Omar Courtz	['trap boricua', 'trap latino', 'urbano latino']	[2021]	1	1
0dqT9B1Xej71qvAo8uE4Uh	Sahir	['trap boricua', 'trap latino', 'urbano latino']	[2021]	1	1
0xpeO4zfSgXtpZi7NdId69	MULTIPLICA	[]	[2021]	1	1
0zcP8lCmLxqRRIZJPSq8i7	Papi Sousa	['trap boricua', 'urbano latino']	[2021]	1	1
77SW9BnxLY8rJ0RciFqkHh	The Neighbourhood	['modern alternative rock', 'modern rock', 'pop', 'pov: indie']	[2021]	1	0
4yxglAiH5h8Db7TmN0MUr5	Ghetto	['rap dominicano']	[2021]	1	1
1AACxWCwNIa3ecOBQJnXRV	Nino Freestyle	['dembow dominicano', 'trap dominicano']	[2021]	1	1
5CEmVm4SbLawlq7evC42i0	Onguito	[]	[2021]	1	1
3Lk9AWrpD4bminO5LwmBOw	YEИDRY	['dominican pop']	[2021]	1	1
7x7vfF89MqM94K8wvK3Omq	La Duraca	[]	[2021]	1	1
2y0XUKKpAeeGyQ5ND7dTY3	Akim	['panamanian pop']	[2021]	1	1
1tfhFc2Y8iplDKCteuXjCY	El Cherry Scom	['dembow']	[2021]	1	1
6Gc7QYqGBo1f1KtZJtJHda	MELER	[]	[2021]	1	1
4wP1kxjUsc9IR4Iy2smL7o	Trinidad Cardona	['sped up']	[2021]	1	0
34Y7klgDHuaH1qWA9TJkul	Yomel El Meloso	['dembow', 'dembow dominicano', 'rap dominicano']	[2021]	1	1
37mZ4cgN6fWVx09bygp000	Bryant Grety	[]	[2021]	1	1
0ONR46lrwGhhgJKf7epqOu	Tief El Bellaco	[]	[2021]	1	1
1BwDWgdDJe3TJXLZkBkpsI	Tusse	['swedish pop']	[2021]	1	0
0hXHTWhBUEpkyHJ0GnghEH	Eliades Ochoa	['musica tradicional cubana', 'son cubano']	[2021]	1	1
0UkT6v5uBVrNrDr5TdETq9	La Cebolla	['flamenco urbano', 'pop flamenco']	[2021]	1	1
51U0VfysnTpUUDwXgDjdfi	Flowtiago	['flamenco urbano']	[2021]	1	1
4WqBa75xzszcBesftUse6w	Jose Nogales	[]	[2021]	1	0
6RGXMZ5gUtYKHpG3RQ9fM4	Ergo Pro	['boom bap espanol', 'drill espanol', 'rap underground espanol']	[2021]	1	1
7awyvLSthqOcL5A3hnR1pf	Alex Gargolas	['reggaeton', 'reggaeton flow', 'urbano latino']	[2021]	1	1
2ye2Wgw4gimLv2eAKyk1NB	Metallica	['hard rock', 'metal', 'old school thrash', 'rock', 'thrash metal']	[2021]	1	1
4WnAHZz1pgl8hus8hidIRV	MHD	['french hip hop', 'pop urbaine', 'r&b francais']	[2021]	1	1
1rImXrfuko9dNDofZp3BG3	8Yi	[]	[2021]	1	1
4fJie9zmEW6VmFoQKrx4Lh	John Pollõn	['urbano espanol']	[2021]	1	1
0PajLDK4vA1VnOVyYYO7Ae	Mucho Muchacho	['rap underground espanol', 'spanish hip hop']	[2021]	1	1
5RVuxgqu3esPo4LIrf4HUs	Jay Menez	['reggaeton flow', 'trap latino', 'urbano latino']	[2021]	1	1
68RF5OHUlOjlXcBZ7pxZQk	Kingz Daddy	[]	[2021]	1	1
4oe1qp9xGSFxMYH4X9AXtl	Efendi	[]	[2021]	1	0
4qXC0i02bSFstECuXP2ZpL	Blxst	['pop rap', 'westcoast flow']	[2021]	1	1
6utdPEv71mR0DnGp74cJIz	Disney Characters	['movie tunes']	[2021]	1	0
3tzSE7ZaI9Z8ZziPb5FrUa	The Yabo	['cubaton']	[2021]	1	1
75vabMROpVyiTX4wv3iHFH	Santa Salut	['rap politico', 'trap catala']	[2021]	1	1
1WgXqy2Dd70QQOU7Ay074N	AURORA	['art pop', 'norwegian pop']	[2021]	1	0
1noWnd8QFQD9VLxWEeo4Zf	Don Miguelo	['dembow', 'latin hip hop', 'rap dominicano']	[2021]	1	1
66ihevNkSYNzRAl44dx6jJ	Carin Leon	['banda', 'corrido', 'musica mexicana', 'nueva musica mexicana', 'sad sierreno', 'sierreno']	[2021]	1	1
0PrhwIWbqYFYyY2ZrkIWgI	Adriel Favela	['banda', 'corrido', 'corridos alternativos', 'corridos tumbados', 'musica mexicana', 'norteno', 'nueva musica mexicana', 'sad sierreno', 'sierreno']	[2021]	1	1
2TcGJdSOiOvITBzhvfX8XB	Shouse	['aussietronica']	[2021]	1	0
74LXFsgo40nbOJaO74QTAm	Lu Decker	[]	[2021]	1	1
0VD8vX2wvCYYD0SMFCZeRR	Calero LDN	['rap politico', 'spanish hip hop']	[2021]	1	1
2JCTGC05daU0leldfrJg0d	Ivan Armesto	['techengue']	[2021]	1	1
3i7yBAT4mjWA8Vih7a9Xig	Nico Servidio DJ	['cumbia 420', 'previa']	[2021]	1	1
6P35LT8nIulvmnEBqMW1bB	Tomas Dobarro	[]	[2021]	1	1
2KQZ7yr0nr7NphqCy7QHRR	"Kallde ""El Rey Del Placer"""	[]	[2021]	1	1
5KNNVgR6LBIABRIomyCwKJ	Dermot Kennedy	['folk-pop', 'irish pop', 'uk pop']	[2021]	1	1
4eYnorQRhVHT2KBl2UyHHd	Vegedream	['french hip hop', 'pop urbaine', 'r&b francais']	[2021]	1	0
0RIwEP1SaALlxn9jOVqHfA	Gjon's Tears	[]	[2021]	1	0
